Category Name,Category URL,Service Name,Service URL,Offer Name,Offer URL,Offer Stars,Offer Raters,Offer Response Time,Offer Buyers,Pending,Price,Duration,Reviews,Available Additions,Additions Price,Owner Name,Owner URL,Owner Verified,Owner Level,Owner Stars,Owner Raters,Owner Completion Rate,Owner Services,Owner Customers,Owner Response Time
أسلوب حياة,https://khamsat.com/lifestyle,سياحة وسفر,https://khamsat.com/lifestyle/travel-advice,سأقوم بإنشاء خطة سفر إلى أي مكان في العالم Pdf بإحترافية,https://khamsat.com/lifestyle/travel-advice/2879055-%D8%B3%D8%A3%D9%82%D9%88%D9%85-%D8%A8%D8%A5%D9%86%D8%B4%D8%A7%D8%A1-%D8%AE%D8%B7%D8%A9-%D8%B3%D9%81%D8%B1-%D8%A5%D9%84%D9%89-%D8%A3%D9%8A-%D9%85%D9%83%D8%A7%D9%86-%D9%81%D9%8A-%D8%A7%D9%84%D8%B9%D8%A7%D9%84%D9%85-pdf-%D8%A8%D8%A5%D8%AD%D8%AA%D8%B1%D8%A7%D9%81%D9%8A%D8%A9,5.0,5,ساعتين,7,0,$5.00,يوم واحد,5,2,30.0,.Nabil K,https://khamsat.com/user/nabilkhadraoui,True,بائع مميز,5.0,9,100.0%,9,9,ساعة
أسلوب حياة,https://khamsat.com/lifestyle,سياحة وسفر,https://khamsat.com/lifestyle/travel-advice,خطة سفر إلى أي بلد في العالم Pdf بالغة الإنجليزية بإحترافية,https://khamsat.com/lifestyle/travel-advice/2897629-%D8%AE%D8%B7%D8%A9-%D8%B3%D9%81%D8%B1-%D8%A5%D9%84%D9%89-%D8%A3%D9%8A-%D8%A8%D9%84%D8%AF-%D9%81%D9%8A-%D8%A7%D9%84%D8%B9%D8%A7%D9%84%D9%85-pdf-%D8%A8%D8%A7%D9%84%D8%BA%D8%A9-%D8%A7%D9%84%D8%A5%D9%86%D8%AC%D9%84%D9%8A%D8%B2%D9%8A%D8%A9-%D8%A8%D8%A5%D8%AD%D8%AA%D8%B1%D8%A7%D9%81%D9%8A%D8%A9,5.0,1,3 ساعات,1,0,$5.00,يوم واحد,1,2,20.0,.Nabil K,https://khamsat.com/user/nabilkhadraoui,True,بائع مميز,5.0,9,100.0%,9,9,ساعة
أسلوب حياة,https://khamsat.com/lifestyle,سياحة وسفر,https://khamsat.com/lifestyle/travel-advice,استشارة وعمل سيناري في اسئله السفارة الأمريكية لفيزة السياحة,https://khamsat.com/lifestyle/travel-advice/2992045-%D8%A7%D8%B3%D8%AA%D8%B4%D8%A7%D8%B1%D8%A9-%D9%88%D8%B9%D9%85%D9%84-%D8%B3%D9%8A%D9%86%D8%A7%D8%B1%D9%8A-%D9%81%D9%8A-%D8%A7%D8%B3%D8%A6%D9%84%D9%87-%D8%A7%D9%84%D8%B3%D9%81%D8%A7%D8%B1%D8%A9-%D8%A7%D9%84%D8%A3%D9%85%D8%B1%D9%8A%D9%83%D9%8A%D8%A9-%D9%84%D9%81%D9%8A%D8%B2%D8%A9-%D8%A7%D9%84%D8%B3%D9%8A%D8%A7%D8%AD%D8%A9,5.0,1,ساعة,1,0,$10.00,يومين,1,1,10.0,الامير ف.,https://khamsat.com/user/amir_farag2025,True,بائع جديد,5.0,3,100.0%,3,4,5 ساعات
أسلوب حياة,https://khamsat.com/lifestyle,سياحة وسفر,https://khamsat.com/lifestyle/travel-advice,خطة السفر من البداية للنهاية برنامج شامل كل متطلبات السفر,https://khamsat.com/lifestyle/travel-advice/2858078-%D8%AE%D8%B7%D8%A9-%D8%A7%D9%84%D8%B3%D9%81%D8%B1-%D9%85%D9%86-%D8%A7%D9%84%D8%A8%D8%AF%D8%A7%D9%8A%D8%A9-%D9%84%D9%84%D9%86%D9%87%D8%A7%D9%8A%D8%A9-%D8%A8%D8%B1%D9%86%D8%A7%D9%85%D8%AC-%D8%B4%D8%A7%D9%85%D9%84-%D9%83%D9%84-%D9%85%D8%AA%D8%B7%D9%84%D8%A8%D8%A7%D8%AA-%D8%A7%D9%84%D8%B3%D9%81%D8%B1,5.0,2,ساعة,2,0,$5.00,يوم واحد,2,5,55.0,.Shady G,https://khamsat.com/user/shady_ghaly4,True,بائع جديد,5.0,2,100.0%,3,2,ساعة
أسلوب حياة,https://khamsat.com/lifestyle,سياحة وسفر,https://khamsat.com/lifestyle/travel-advice,دليلك في تركيا,https://khamsat.com/lifestyle/travel-advice/1320033-%D8%AF%D9%84%D9%8A%D9%84%D9%83-%D9%81%D9%8A-%D8%AA%D8%B1%D9%83%D9%8A%D8%A7,5.0,5,ساعتين,5,0,$5.00,يومين,5,2,30.0,.Ali A,https://khamsat.com/user/alikko,True,بائع مميز,5.0,32,87.78%,4,30,ساعة
أسلوب حياة,https://khamsat.com/lifestyle,سياحة وسفر,https://khamsat.com/lifestyle/travel-advice,استشارة في كتابة طلب الفيرة السياحة الي امريكا,https://khamsat.com/lifestyle/travel-advice/2972521-%D8%A7%D8%B3%D8%AA%D8%B4%D8%A7%D8%B1%D8%A9-%D9%81%D9%8A-%D9%83%D8%AA%D8%A7%D8%A8%D8%A9-%D8%B7%D9%84%D8%A8-%D8%A7%D9%84%D9%81%D9%8A%D8%B1%D8%A9-%D8%A7%D9%84%D8%B3%D9%8A%D8%A7%D8%AD%D8%A9-%D8%A7%D9%84%D9%8A-%D8%A7%D9%85%D8%B1%D9%8A%D9%83%D8%A7,5.0,1,3 ساعات,1,0,$10.00,يومين,1,1,10.0,الامير ف.,https://khamsat.com/user/amir_farag2025,True,بائع جديد,5.0,3,100.0%,3,4,5 ساعات
أسلوب حياة,https://khamsat.com/lifestyle,سياحة وسفر,https://khamsat.com/lifestyle/travel-advice,استشارة في تقديم علي الهجرة العشوائية الي امريكا,https://khamsat.com/lifestyle/travel-advice/2991022-%D8%A7%D8%B3%D8%AA%D8%B4%D8%A7%D8%B1%D8%A9-%D9%81%D9%8A-%D8%AA%D9%82%D8%AF%D9%8A%D9%85-%D8%B9%D9%84%D9%8A-%D8%A7%D9%84%D9%87%D8%AC%D8%B1%D8%A9-%D8%A7%D9%84%D8%B9%D8%B4%D9%88%D8%A7%D8%A6%D9%8A%D8%A9-%D8%A7%D9%84%D9%8A-%D8%A7%D9%85%D8%B1%D9%8A%D9%83%D8%A7,5.0,1,12 ساعة,2,0,$5.00,يوم واحد,1,5,55.0,الامير ف.,https://khamsat.com/user/amir_farag2025,True,بائع جديد,5.0,3,100.0%,3,4,5 ساعات
أسلوب حياة,https://khamsat.com/lifestyle,سياحة وسفر,https://khamsat.com/lifestyle/travel-advice,كيف تسافر حول العالم بأقل تكلفة مادية,https://khamsat.com/lifestyle/travel-advice/578228-%D9%83%D9%8A%D9%81-%D8%AA%D8%B3%D8%A7%D9%81%D8%B1-%D8%AD%D9%88%D9%84-%D8%A7%D9%84%D8%B9%D8%A7%D9%84%D9%85-%D8%A8%D8%A3%D9%82%D9%84-%D8%AA%D9%83%D9%84%D9%81%D8%A9-%D9%85%D8%A7%D8%AF%D9%8A%D8%A9,5.0,14,ساعتين,24,0,$5.00,يوم واحد,14,1,5.0,.Hisham A,https://khamsat.com/user/hisham-kadhim,True,مشتري مميز,5.0,31,85.51%,1,46,14 ساعة
أسلوب حياة,https://khamsat.com/lifestyle,سياحة وسفر,https://khamsat.com/lifestyle/travel-advice,اجابتك على كل ما يتعلق بألمانيا عمل دراسة فيزا،زواج وغيره,https://khamsat.com/lifestyle/travel-advice/2884826-%D8%A7%D8%AC%D8%A7%D8%A8%D8%AA%D9%83-%D8%B9%D9%84%D9%89-%D9%83%D9%84-%D9%85%D8%A7-%D9%8A%D8%AA%D8%B9%D9%84%D9%82-%D8%A8%D8%A3%D9%84%D9%85%D8%A7%D9%86%D9%8A%D8%A7-%D8%B9%D9%85%D9%84-%D8%AF%D8%B1%D8%A7%D8%B3%D8%A9-%D9%81%D9%8A%D8%B2%D8%A7%D8%B2%D9%88%D8%A7%D8%AC-%D9%88%D8%BA%D9%8A%D8%B1%D9%87,5.0,1,يومين,1,0,$5.00,يوم واحد,1,1,20.0,.Akram K,https://khamsat.com/user/ranakadri,True,بائع جديد,5.0,1,100.0%,1,1,يومين
أسلوب حياة,https://khamsat.com/lifestyle,سياحة وسفر,https://khamsat.com/lifestyle/travel-advice,خطة سفر الى اي بلد في العالم,https://khamsat.com/lifestyle/travel-advice/3049126-%D8%AE%D8%B7%D8%A9-%D8%B3%D9%81%D8%B1-%D8%A7%D9%84%D9%89-%D8%A7%D9%8A-%D8%A8%D9%84%D8%AF-%D9%81%D9%8A-%D8%A7%D9%84%D8%B9%D8%A7%D9%84%D9%85,0.0,0,لم يحسب,0,0,$5.00,يومين,0,2,15.0,.Amr A,https://khamsat.com/user/amr22_abdelaziz,True,بائع جديد,0.0,0,لم يحسب بعد,1,0,لم يحسب
أسلوب حياة,https://khamsat.com/lifestyle,سياحة وسفر,https://khamsat.com/lifestyle/travel-advice,دليلك للسياحة في أندونيسيا,https://khamsat.com/lifestyle/travel-advice/221843-%D8%AF%D9%84%D9%8A%D9%84%D9%83-%D9%84%D9%84%D8%B3%D9%8A%D8%A7%D8%AD%D8%A9-%D9%81%D9%8A-%D8%A3%D9%86%D8%AF%D9%88%D9%86%D9%8A%D8%B3%D9%8A%D8%A7,5.0,6,9 ساعات,5,0,$5.00,يوم واحد,6,2,15.0,.Alla M,https://khamsat.com/user/alaa-madhi,True,بائع موثوق,5.0,239,94.12%,2,288,ساعتين
أسلوب حياة,https://khamsat.com/lifestyle,سياحة وسفر,https://khamsat.com/lifestyle/travel-advice,تخطيط رحلات السفر بشكل متكامل,https://khamsat.com/lifestyle/travel-advice/3036425-%D8%AA%D8%AE%D8%B7%D9%8A%D8%B7-%D8%B1%D8%AD%D9%84%D8%A7%D8%AA-%D8%A7%D9%84%D8%B3%D9%81%D8%B1-%D8%A8%D8%B4%D9%83%D9%84-%D9%85%D8%AA%D9%83%D8%A7%D9%85%D9%84,0.0,0,لم يحسب,0,0,$5.00,يوم واحد,0,2,25.0,زينب ع.,https://khamsat.com/user/%D8%B2%D9%8A%D9%86%D8%A8-%D8%B9%D8%A8%D8%AF-%D8%A7%D9%84%D9%85%D8%AC%D9%8A%D8%AF,True,بائع جديد,5.0,1,100.0%,3,1,3 ساعات
أسلوب حياة,https://khamsat.com/lifestyle,سياحة وسفر,https://khamsat.com/lifestyle/travel-advice,كل ما تحتاجهُ حول السياحة في الأردن,https://khamsat.com/lifestyle/travel-advice/2949568-%D9%83%D9%84-%D9%85%D8%A7-%D8%AA%D8%AD%D8%AA%D8%A7%D8%AC%D9%87-%D8%AD%D9%88%D9%84-%D8%A7%D9%84%D8%B3%D9%8A%D8%A7%D8%AD%D8%A9-%D9%81%D9%8A-%D8%A7%D9%84%D8%A3%D8%B1%D8%AF%D9%86,0.0,0,لم يحسب,0,0,$5.00,يوم واحد,0,1,5.0,.Ruba A,https://khamsat.com/user/ruba_19,True,بائع جديد,0.0,0,100.0%,3,1,8 دقائق
أسلوب حياة,https://khamsat.com/lifestyle,سياحة وسفر,https://khamsat.com/lifestyle/travel-advice,استشارات خاصةبشروط الاقامةالبرتغال الاوروبيه,https://khamsat.com/lifestyle/travel-advice/3007486-%D8%A7%D8%B3%D8%AA%D8%B4%D8%A7%D8%B1%D8%A7%D8%AA-%D8%AE%D8%A7%D8%B5%D8%A9%D8%A8%D8%B4%D8%B1%D9%88%D8%B7-%D8%A7%D9%84%D8%A7%D9%82%D8%A7%D9%85%D8%A9%D8%A7%D9%84%D8%A8%D8%B1%D8%AA%D8%BA%D8%A7%D9%84-%D8%A7%D9%84%D8%A7%D9%88%D8%B1%D9%88%D8%A8%D9%8A%D9%87,0.0,0,لم يحسب,0,0,$5.00,يوم واحد,0,0,0.0,ساره ج.,https://khamsat.com/user/smsma22190,False,بائع جديد,0.0,0,لم يحسب بعد,3,0,لم يحسب
أسلوب حياة,https://khamsat.com/lifestyle,سياحة وسفر,https://khamsat.com/lifestyle/travel-advice,حجوزات طيران وفنادق بأرخص الاسعار,https://khamsat.com/lifestyle/travel-advice/2865098-%D8%AD%D8%AC%D9%88%D8%B2%D8%A7%D8%AA-%D8%B7%D9%8A%D8%B1%D8%A7%D9%86-%D9%88%D9%81%D9%86%D8%A7%D8%AF%D9%82-%D8%A8%D8%A3%D8%B1%D8%AE%D8%B5-%D8%A7%D9%84%D8%A7%D8%B3%D8%B9%D8%A7%D8%B1,0.0,0,لم يحسب,0,0,$5.00,يومين,0,3,50.0,.Lubna B,https://khamsat.com/user/lubnabah91,True,بائع جديد,5.0,1,100.0%,4,1,لم يحسب
أسلوب حياة,https://khamsat.com/lifestyle,سياحة وسفر,https://khamsat.com/lifestyle/travel-advice,خطة سفر الى المغرب الجميل,https://khamsat.com/lifestyle/travel-advice/3038003-%D8%AE%D8%B7%D8%A9-%D8%B3%D9%81%D8%B1-%D8%A7%D9%84%D9%89-%D8%A7%D9%84%D9%85%D8%BA%D8%B1%D8%A8-%D8%A7%D9%84%D8%AC%D9%85%D9%8A%D9%84,0.0,0,لم يحسب,0,0,$5.00,يوم واحد,0,1,5.0,فاطمة ا.,https://khamsat.com/user/fati_ma_99,False,بائع جديد,0.0,0,لم يحسب بعد,1,0,لم يحسب
أسلوب حياة,https://khamsat.com/lifestyle,سياحة وسفر,https://khamsat.com/lifestyle/travel-advice,بحث متطور وسريع لكل المجالات - خطط لرحلتك القادمة حول العالم,https://khamsat.com/lifestyle/travel-advice/1496571-%D8%A8%D8%AD%D8%AB-%D9%85%D8%AA%D8%B7%D9%88%D8%B1-%D9%88%D8%B3%D8%B1%D9%8A%D8%B9-%D9%84%D9%83%D9%84-%D8%A7%D9%84%D9%85%D8%AC%D8%A7%D9%84%D8%A7%D8%AA-%D8%AE%D8%B7%D8%B7-%D9%84%D8%B1%D8%AD%D9%84%D8%AA%D9%83-%D8%A7%D9%84%D9%82%D8%A7%D8%AF%D9%85%D8%A9-%D8%AD%D9%88%D9%84-%D8%A7%D9%84%D8%B9%D8%A7%D9%84%D9%85,5.0,3,10 ساعات,3,0,$5.00,يومين,3,4,155.0,.Lobna E,https://khamsat.com/user/drlobna,True,بائع نشيط,5.0,9,87.5%,4,9,15 ساعة
أسلوب حياة,https://khamsat.com/lifestyle,سياحة وسفر,https://khamsat.com/lifestyle/travel-advice,سأجيب على اسئله تخص السياحه في تركيا,https://khamsat.com/lifestyle/travel-advice/2335850-%D8%B3%D8%A3%D8%AC%D9%8A%D8%A8-%D8%B9%D9%84%D9%89-%D8%A7%D8%B3%D8%A6%D9%84%D9%87-%D8%AA%D8%AE%D8%B5-%D8%A7%D9%84%D8%B3%D9%8A%D8%A7%D8%AD%D9%87-%D9%81%D9%8A-%D8%AA%D8%B1%D9%83%D9%8A%D8%A7,0.0,0,لم يحسب,0,0,$5.00,يوم واحد,0,0,0.0,.Yaman E,https://khamsat.com/user/yaman06,False,بائع جديد,0.0,0,لم يحسب بعد,3,0,لم يحسب
أسلوب حياة,https://khamsat.com/lifestyle,سياحة وسفر,https://khamsat.com/lifestyle/travel-advice,كل ماتحتاجه من معلومات سياحية وخدمية حول المغرب,https://khamsat.com/lifestyle/travel-advice/2775158-%D9%83%D9%84-%D9%85%D8%A7%D8%AA%D8%AD%D8%AA%D8%A7%D8%AC%D9%87-%D9%85%D9%86-%D9%85%D8%B9%D9%84%D9%88%D9%85%D8%A7%D8%AA-%D8%B3%D9%8A%D8%A7%D8%AD%D9%8A%D8%A9-%D9%88%D8%AE%D8%AF%D9%85%D9%8A%D8%A9-%D8%AD%D9%88%D9%84-%D8%A7%D9%84%D9%85%D8%BA%D8%B1%D8%A8,0.0,0,لم يحسب,0,0,$5.00,يوم واحد,0,0,0.0,.Ghilane R,https://khamsat.com/user/ghizlane903,False,بائع جديد,0.0,0,لم يحسب بعد,2,0,لم يحسب
أسلوب حياة,https://khamsat.com/lifestyle,سياحة وسفر,https://khamsat.com/lifestyle/travel-advice,إستفسار بخصوص قرية او مدينة مغربية,https://khamsat.com/lifestyle/travel-advice/2052931-%D8%A5%D8%B3%D8%AA%D9%81%D8%B3%D8%A7%D8%B1-%D8%A8%D8%AE%D8%B5%D9%88%D8%B5-%D9%82%D8%B1%D9%8A%D8%A9-%D8%A7%D9%88-%D9%85%D8%AF%D9%8A%D9%86%D8%A9-%D9%85%D8%BA%D8%B1%D8%A8%D9%8A%D8%A9,0.0,0,دقيقتين,0,0,$5.00,يوم واحد,0,0,0.0,.Diverse D,https://khamsat.com/user/halle5050,False,بائع جديد,0.0,0,لم يحسب بعد,5,0,9 أيام
أسلوب حياة,https://khamsat.com/lifestyle,سياحة وسفر,https://khamsat.com/lifestyle/travel-advice,أفضل الأماكن السياحية بالجزائر العاصمة، حجز فندق بأقل سعر...,https://khamsat.com/lifestyle/travel-advice/586163-%D8%A3%D9%81%D8%B6%D9%84-%D8%A7%D9%84%D8%A3%D9%85%D8%A7%D9%83%D9%86-%D8%A7%D9%84%D8%B3%D9%8A%D8%A7%D8%AD%D9%8A%D8%A9-%D8%A8%D8%A7%D9%84%D8%AC%D8%B2%D8%A7%D8%A6%D8%B1-%D8%A7%D9%84%D8%B9%D8%A7%D8%B5%D9%85%D8%A9-%D8%AD%D8%AC%D8%B2-%D9%81%D9%86%D8%AF%D9%82-%D8%A8%D8%A3%D9%82%D9%84-%D8%B3%D8%B9%D8%B1,0.0,0,يوم,0,0,$5.00,يوم واحد,0,0,0.0,.Mohamed Yassine A,https://khamsat.com/user/yac-le-vto,True,بائع مميز,5.0,21,89.66%,9,32,11 ساعة
أسلوب حياة,https://khamsat.com/lifestyle,سياحة وسفر,https://khamsat.com/lifestyle/travel-advice,أقوم باعداد برامج سياحية ومقترحات الى اي مكان في العالم,https://khamsat.com/lifestyle/travel-advice/2998503-%D8%A3%D9%82%D9%88%D9%85-%D8%A8%D8%A7%D8%B9%D8%AF%D8%A7%D8%AF-%D8%A8%D8%B1%D8%A7%D9%85%D8%AC-%D8%B3%D9%8A%D8%A7%D8%AD%D9%8A%D8%A9-%D9%88%D9%85%D9%82%D8%AA%D8%B1%D8%AD%D8%A7%D8%AA-%D8%A7%D9%84%D9%89-%D8%A7%D9%8A-%D9%85%D9%83%D8%A7%D9%86-%D9%81%D9%8A-%D8%A7%D9%84%D8%B9%D8%A7%D9%84%D9%85,0.0,0,لم يحسب,0,0,$10.00,يومين,0,5,35.0,.Mohamed R,https://khamsat.com/user/mohdrasas,True,بائع جديد,0.0,0,لم يحسب بعد,1,0,لم يحسب
أسلوب حياة,https://khamsat.com/lifestyle,سياحة وسفر,https://khamsat.com/lifestyle/travel-advice,مساعدة في التقديم للهجرة العشوائية لأمريكا 2024 لوتري 2026,https://khamsat.com/lifestyle/travel-advice/2737824-%D9%85%D8%B3%D8%A7%D8%B9%D8%AF%D8%A9-%D9%81%D9%8A-%D8%A7%D9%84%D8%AA%D9%82%D8%AF%D9%8A%D9%85-%D9%84%D9%84%D9%87%D8%AC%D8%B1%D8%A9-%D8%A7%D9%84%D8%B9%D8%B4%D9%88%D8%A7%D8%A6%D9%8A%D8%A9-%D9%84%D8%A3%D9%85%D8%B1%D9%8A%D9%83%D8%A7-2024-%D9%84%D9%88%D8%AA%D8%B1%D9%8A-2026,0.0,0,لم يحسب,0,0,$5.00,يوم واحد,0,5,25.0,محمود ش.,https://khamsat.com/user/mahmoudshawky80,True,بائع جديد,0.0,0,لم يحسب بعد,5,0,لم يحسب
أسلوب حياة,https://khamsat.com/lifestyle,سياحة وسفر,https://khamsat.com/lifestyle/travel-advice,كل ما تحتاجه من معلومات عن السياحة في تركيا,https://khamsat.com/lifestyle/travel-advice/593671-%D9%83%D9%84-%D9%85%D8%A7-%D8%AA%D8%AD%D8%AA%D8%A7%D8%AC%D9%87-%D9%85%D9%86-%D9%85%D8%B9%D9%84%D9%88%D9%85%D8%A7%D8%AA-%D8%B9%D9%86-%D8%A7%D9%84%D8%B3%D9%8A%D8%A7%D8%AD%D8%A9-%D9%81%D9%8A-%D8%AA%D8%B1%D9%83%D9%8A%D8%A7,5.0,1,ساعة,2,0,$5.00,يوم واحد,1,0,0.0,.Ahmad A,https://khamsat.com/user/ahmed.alolaiwi,True,بائع نشيط,5.0,10,88.46%,3,13,يوم
أسلوب حياة,https://khamsat.com/lifestyle,سياحة وسفر,https://khamsat.com/lifestyle/travel-advice,نعمل على تخطيط لك سفرك من الذهاب الى الوصول,https://khamsat.com/lifestyle/travel-advice/2665500-%D9%86%D8%B9%D9%85%D9%84-%D8%B9%D9%84%D9%89-%D8%AA%D8%AE%D8%B7%D9%8A%D8%B7-%D9%84%D9%83-%D8%B3%D9%81%D8%B1%D9%83-%D9%85%D9%86-%D8%A7%D9%84%D8%B0%D9%87%D8%A7%D8%A8-%D8%A7%D9%84%D9%89-%D8%A7%D9%84%D9%88%D8%B5%D9%88%D9%84,5.0,1,يوم,1,0,$10.00,ثلاثة أيام,1,0,0.0,.Suleiman A,https://khamsat.com/user/suleimanabdullah,True,بائع جديد,5.0,1,100.0%,4,1,يوم
أسلوب حياة,https://khamsat.com/lifestyle,سياحة وسفر,https://khamsat.com/lifestyle/travel-advice,أجيبك عن أي استفسار بخصوص السفر و العمل في البرازيل 5 أسئلة,https://khamsat.com/lifestyle/travel-advice/808900-%D8%A3%D8%AC%D9%8A%D8%A8%D9%83-%D8%B9%D9%86-%D8%A3%D9%8A-%D8%A7%D8%B3%D8%AA%D9%81%D8%B3%D8%A7%D8%B1-%D8%A8%D8%AE%D8%B5%D9%88%D8%B5-%D8%A7%D9%84%D8%B3%D9%81%D8%B1-%D9%88-%D8%A7%D9%84%D8%B9%D9%85%D9%84-%D9%81%D9%8A-%D8%A7%D9%84%D8%A8%D8%B1%D8%A7%D8%B2%D9%8A%D9%84-5-%D8%A3%D8%B3%D8%A6%D9%84%D8%A9,5.0,2,ساعتين,2,0,$5.00,يوم واحد,2,2,20.0,عبد اللطيف ف.,https://khamsat.com/user/%D9%86%D8%AC%D9%8A%D8%A8-%D9%83%D8%A7%D8%B2%D8%A7,True,بائع نشيط,4.5,23,93.62%,6,32,17 ساعة
أسلوب حياة,https://khamsat.com/lifestyle,سياحة وسفر,https://khamsat.com/lifestyle/travel-advice,استشارات خاصةبشروط الاقامةالبرتغال الخاصه بالاستثمار,https://khamsat.com/lifestyle/travel-advice/3008338-%D8%A7%D8%B3%D8%AA%D8%B4%D8%A7%D8%B1%D8%A7%D8%AA-%D8%AE%D8%A7%D8%B5%D8%A9%D8%A8%D8%B4%D8%B1%D9%88%D8%B7-%D8%A7%D9%84%D8%A7%D9%82%D8%A7%D9%85%D8%A9%D8%A7%D9%84%D8%A8%D8%B1%D8%AA%D8%BA%D8%A7%D9%84-%D8%A7%D9%84%D8%AE%D8%A7%D8%B5%D9%87-%D8%A8%D8%A7%D9%84%D8%A7%D8%B3%D8%AA%D8%AB%D9%85%D8%A7%D8%B1,0.0,0,لم يحسب,0,0,$5.00,يوم واحد,0,0,0.0,ساره ج.,https://khamsat.com/user/smsma22190,False,بائع جديد,0.0,0,لم يحسب بعد,3,0,لم يحسب
أسلوب حياة,https://khamsat.com/lifestyle,سياحة وسفر,https://khamsat.com/lifestyle/travel-advice,استشارات عن السفر للخارج حجز طيران وفنادق وايجار سيارات وفيزا,https://khamsat.com/lifestyle/travel-advice/2948096-%D8%A7%D8%B3%D8%AA%D8%B4%D8%A7%D8%B1%D8%A7%D8%AA-%D8%B9%D9%86-%D8%A7%D9%84%D8%B3%D9%81%D8%B1-%D9%84%D9%84%D8%AE%D8%A7%D8%B1%D8%AC-%D8%AD%D8%AC%D8%B2-%D8%B7%D9%8A%D8%B1%D8%A7%D9%86-%D9%88%D9%81%D9%86%D8%A7%D8%AF%D9%82-%D9%88%D8%A7%D9%8A%D8%AC%D8%A7%D8%B1-%D8%B3%D9%8A%D8%A7%D8%B1%D8%A7%D8%AA-%D9%88%D9%81%D9%8A%D8%B2%D8%A7,0.0,0,لم يحسب,0,0,$5.00,يومين,0,0,0.0,.Hassan M,https://khamsat.com/user/hassan_eid88,False,بائع جديد,0.0,0,لم يحسب بعد,3,0,لم يحسب
أسلوب حياة,https://khamsat.com/lifestyle,سياحة وسفر,https://khamsat.com/lifestyle/travel-advice,أجيبك عن أي استفسار بخصوص السفر و العمل والمنح الدراسية,https://khamsat.com/lifestyle/travel-advice/2447613-%D8%A3%D8%AC%D9%8A%D8%A8%D9%83-%D8%B9%D9%86-%D8%A3%D9%8A-%D8%A7%D8%B3%D8%AA%D9%81%D8%B3%D8%A7%D8%B1-%D8%A8%D8%AE%D8%B5%D9%88%D8%B5-%D8%A7%D9%84%D8%B3%D9%81%D8%B1-%D9%88-%D8%A7%D9%84%D8%B9%D9%85%D9%84-%D9%88%D8%A7%D9%84%D9%85%D9%86%D8%AD-%D8%A7%D9%84%D8%AF%D8%B1%D8%A7%D8%B3%D9%8A%D8%A9,0.0,0,لم يحسب,0,0,$5.00,يوم واحد,0,0,0.0,.Mohamad Q,https://khamsat.com/user/qutait,True,بائع نشيط,5.0,19,90.74%,10,31,5 ساعات
أسلوب حياة,https://khamsat.com/lifestyle,سياحة وسفر,https://khamsat.com/lifestyle/travel-advice,خطه سفر شيقه ومنظمة بطريقه إحترافية,https://khamsat.com/lifestyle/travel-advice/2949066-%D8%AE%D8%B7%D9%87-%D8%B3%D9%81%D8%B1-%D8%B4%D9%8A%D9%82%D9%87-%D9%88%D9%85%D9%86%D8%B8%D9%85%D8%A9-%D8%A8%D8%B7%D8%B1%D9%8A%D9%82%D9%87-%D8%A5%D8%AD%D8%AA%D8%B1%D8%A7%D9%81%D9%8A%D8%A9,0.0,0,لم يحسب,0,0,$5.00,يومين,0,2,30.0,.Bossi H,https://khamsat.com/user/baahmed,False,بائع جديد,0.0,0,لم يحسب بعد,2,0,لم يحسب
أسلوب حياة,https://khamsat.com/lifestyle,تعليم الطبخ,https://khamsat.com/lifestyle/cooking-lessons,كتابة وصفات غذائية للقطط في لقاء افتراضي (اون لاين),https://khamsat.com/lifestyle/cooking-lessons/2438338-%D9%83%D8%AA%D8%A7%D8%A8%D8%A9-%D9%88%D8%B5%D9%81%D8%A7%D8%AA-%D8%BA%D8%B0%D8%A7%D8%A6%D9%8A%D8%A9-%D9%84%D9%84%D9%82%D8%B7%D8%B7-%D9%81%D9%8A-%D9%84%D9%82%D8%A7%D8%A1-%D8%A7%D9%81%D8%AA%D8%B1%D8%A7%D8%B6%D9%8A-%D8%A7%D9%88%D9%86-%D9%84%D8%A7%D9%8A%D9%86,5.0,6,11 ساعة,19,0,$10.00,أسبوع,6,1,5.0,.Bushra A,https://khamsat.com/user/beesh_lon,True,بائع مميز,5.0,21,98.51%,2,55,6 ساعات
أسلوب حياة,https://khamsat.com/lifestyle,تعليم الطبخ,https://khamsat.com/lifestyle/cooking-lessons,تعلم تحضير العجائن الأساسية في البيستري,https://khamsat.com/lifestyle/cooking-lessons/2943914-%D8%AA%D8%B9%D9%84%D9%85-%D8%AA%D8%AD%D8%B6%D9%8A%D8%B1-%D8%A7%D9%84%D8%B9%D8%AC%D8%A7%D8%A6%D9%86-%D8%A7%D9%84%D8%A3%D8%B3%D8%A7%D8%B3%D9%8A%D8%A9-%D9%81%D9%8A-%D8%A7%D9%84%D8%A8%D9%8A%D8%B3%D8%AA%D8%B1%D9%8A,0.0,0,لم يحسب,0,0,$5.00,يوم واحد,0,1,15.0,.Btissam M,https://khamsat.com/user/btissama,False,بائع جديد,0.0,0,لم يحسب بعد,3,0,لم يحسب
أسلوب حياة,https://khamsat.com/lifestyle,تعليم الطبخ,https://khamsat.com/lifestyle/cooking-lessons,كتابي الإلكتروني الشيف الذهبي,https://khamsat.com/lifestyle/cooking-lessons/2347952-%D9%83%D8%AA%D8%A7%D8%A8%D9%8A-%D8%A7%D9%84%D8%A5%D9%84%D9%83%D8%AA%D8%B1%D9%88%D9%86%D9%8A-%D8%A7%D9%84%D8%B4%D9%8A%D9%81-%D8%A7%D9%84%D8%B0%D9%87%D8%A8%D9%8A,0.0,0,8 ساعات,1,0,$5.00,يومين,0,0,0.0,ياسمين م.,https://khamsat.com/user/soohassan,False,بائع جديد,0.0,0,100.0%,4,1,11 ساعة
أسلوب حياة,https://khamsat.com/lifestyle,تعليم الطبخ,https://khamsat.com/lifestyle/cooking-lessons,تعلم وصفتين رائعتين للبراونيز,https://khamsat.com/lifestyle/cooking-lessons/2943945-%D8%AA%D8%B9%D9%84%D9%85-%D9%88%D8%B5%D9%81%D8%AA%D9%8A%D9%86-%D8%B1%D8%A7%D8%A6%D8%B9%D8%AA%D9%8A%D9%86-%D9%84%D9%84%D8%A8%D8%B1%D8%A7%D9%88%D9%86%D9%8A%D8%B2,0.0,0,لم يحسب,0,0,$5.00,يوم واحد,0,0,0.0,.Btissam M,https://khamsat.com/user/btissama,False,بائع جديد,0.0,0,لم يحسب بعد,3,0,لم يحسب
أسلوب حياة,https://khamsat.com/lifestyle,تعليم الطبخ,https://khamsat.com/lifestyle/cooking-lessons,أقدم لك أفضل خلطة دجاج مقلي سرية لبروست أو مسحب في العالم,https://khamsat.com/lifestyle/cooking-lessons/2821255-%D8%A3%D9%82%D8%AF%D9%85-%D9%84%D9%83-%D8%A3%D9%81%D8%B6%D9%84-%D8%AE%D9%84%D8%B7%D8%A9-%D8%AF%D8%AC%D8%A7%D8%AC-%D9%85%D9%82%D9%84%D9%8A-%D8%B3%D8%B1%D9%8A%D8%A9-%D9%84%D8%A8%D8%B1%D9%88%D8%B3%D8%AA-%D8%A3%D9%88-%D9%85%D8%B3%D8%AD%D8%A8-%D9%81%D9%8A-%D8%A7%D9%84%D8%B9%D8%A7%D9%84%D9%85,5.0,1,5 ساعات,1,0,$10.00,يوم واحد,1,4,60.0,باتل س.,https://khamsat.com/user/zfc,True,بائع جديد,5.0,1,100.0%,1,1,5 ساعات
أسلوب حياة,https://khamsat.com/lifestyle,تعليم الطبخ,https://khamsat.com/lifestyle/cooking-lessons,دورة تحضير المملحات، احصلوا على 24 فيديو تعليمي حصري ومميز,https://khamsat.com/lifestyle/cooking-lessons/2848795-%D8%AF%D9%88%D8%B1%D8%A9-%D8%AA%D8%AD%D8%B6%D9%8A%D8%B1-%D8%A7%D9%84%D9%85%D9%85%D9%84%D8%AD%D8%A7%D8%AA-%D8%A7%D8%AD%D8%B5%D9%84%D9%88%D8%A7-%D8%B9%D9%84%D9%89-24-%D9%81%D9%8A%D8%AF%D9%8A%D9%88-%D8%AA%D8%B9%D9%84%D9%8A%D9%85%D9%8A-%D8%AD%D8%B5%D8%B1%D9%8A-%D9%88%D9%85%D9%85%D9%8A%D8%B2,0.0,0,لم يحسب,0,0,$10.00,يوم واحد,0,1,5.0,.Khaoula A,https://khamsat.com/user/khaoulaamer,False,بائع جديد,0.0,0,لم يحسب بعد,1,0,لم يحسب
أسلوب حياة,https://khamsat.com/lifestyle,تعليم الطبخ,https://khamsat.com/lifestyle/cooking-lessons,نصائح للحصول على بيتزا مميزة,https://khamsat.com/lifestyle/cooking-lessons/2833592-%D9%86%D8%B5%D8%A7%D8%A6%D8%AD-%D9%84%D9%84%D8%AD%D8%B5%D9%88%D9%84-%D8%B9%D9%84%D9%89-%D8%A8%D9%8A%D8%AA%D8%B2%D8%A7-%D9%85%D9%85%D9%8A%D8%B2%D8%A9,0.0,0,لم يحسب,0,0,$5.00,يوم واحد,0,0,0.0,.Mohamad H,https://khamsat.com/user/mohammed35101,True,بائع جديد,0.0,0,لم يحسب بعد,2,0,لم يحسب
أسلوب حياة,https://khamsat.com/lifestyle,تعليم الطبخ,https://khamsat.com/lifestyle/cooking-lessons,تعلم تحضير أشكال لذيذة من التارت بنكهات مختلفة وجميلة,https://khamsat.com/lifestyle/cooking-lessons/2925559-%D8%AA%D8%B9%D9%84%D9%85-%D8%AA%D8%AD%D8%B6%D9%8A%D8%B1-%D8%A3%D8%B4%D9%83%D8%A7%D9%84-%D9%84%D8%B0%D9%8A%D8%B0%D8%A9-%D9%85%D9%86-%D8%A7%D9%84%D8%AA%D8%A7%D8%B1%D8%AA-%D8%A8%D9%86%D9%83%D9%87%D8%A7%D8%AA-%D9%85%D8%AE%D8%AA%D9%84%D9%81%D8%A9-%D9%88%D8%AC%D9%85%D9%8A%D9%84%D8%A9,0.0,0,لم يحسب,0,0,$5.00,يوم واحد,0,0,0.0,.Btissam M,https://khamsat.com/user/btissama,False,بائع جديد,0.0,0,لم يحسب بعد,3,0,لم يحسب
أسلوب حياة,https://khamsat.com/lifestyle,تعليم الطبخ,https://khamsat.com/lifestyle/cooking-lessons,فنون الطبخ والحلويات والوصفات,https://khamsat.com/lifestyle/cooking-lessons/2740407-%D9%81%D9%86%D9%88%D9%86-%D8%A7%D9%84%D8%B7%D8%A8%D8%AE-%D9%88%D8%A7%D9%84%D8%AD%D9%84%D9%88%D9%8A%D8%A7%D8%AA-%D9%88%D8%A7%D9%84%D9%88%D8%B5%D9%81%D8%A7%D8%AA,0.0,0,لم يحسب,0,0,$5.00,يوم واحد,0,0,0.0,.Sally M,https://khamsat.com/user/h_m4725,False,بائع جديد,0.0,0,لم يحسب بعد,2,0,لم يحسب
أسلوب حياة,https://khamsat.com/lifestyle,تعليم الطبخ,https://khamsat.com/lifestyle/cooking-lessons,وصفات متنوعة من المطبخ المغربي العريق,https://khamsat.com/lifestyle/cooking-lessons/2923100-%D9%88%D8%B5%D9%81%D8%A7%D8%AA-%D9%85%D8%AA%D9%86%D9%88%D8%B9%D8%A9-%D9%85%D9%86-%D8%A7%D9%84%D9%85%D8%B7%D8%A8%D8%AE-%D8%A7%D9%84%D9%85%D8%BA%D8%B1%D8%A8%D9%8A-%D8%A7%D9%84%D8%B9%D8%B1%D9%8A%D9%82,0.0,0,لم يحسب,0,0,$5.00,يوم واحد,0,2,15.0,.Khadija A,https://khamsat.com/user/khadija20aouam07,True,بائع جديد,5.0,3,100.0%,4,3,29 دقيقة
أسلوب حياة,https://khamsat.com/lifestyle,تعليم الطبخ,https://khamsat.com/lifestyle/cooking-lessons,تعليم طريقة تحضير الكبة الدمشقية للمبتدئين و بأبسط الطرق,https://khamsat.com/lifestyle/cooking-lessons/3018169-%D8%AA%D8%B9%D9%84%D9%8A%D9%85-%D8%B7%D8%B1%D9%8A%D9%82%D8%A9-%D8%AA%D8%AD%D8%B6%D9%8A%D8%B1-%D8%A7%D9%84%D9%83%D8%A8%D8%A9-%D8%A7%D9%84%D8%AF%D9%85%D8%B4%D9%82%D9%8A%D8%A9-%D9%84%D9%84%D9%85%D8%A8%D8%AA%D8%AF%D8%A6%D9%8A%D9%86-%D9%88-%D8%A8%D8%A3%D8%A8%D8%B3%D8%B7-%D8%A7%D9%84%D8%B7%D8%B1%D9%82,0.0,0,لم يحسب,0,0,$5.00,ثلاثة أيام,0,0,0.0,.Farah Lamis H,https://khamsat.com/user/lamiss_h,False,بائع جديد,0.0,0,لم يحسب بعد,1,0,لم يحسب
أسلوب حياة,https://khamsat.com/lifestyle,تعليم الطبخ,https://khamsat.com/lifestyle/cooking-lessons,احترافيه الطبخ ومهارات المطبخ,https://khamsat.com/lifestyle/cooking-lessons/3007879-%D8%A7%D8%AD%D8%AA%D8%B1%D8%A7%D9%81%D9%8A%D9%87-%D8%A7%D9%84%D8%B7%D8%A8%D8%AE-%D9%88%D9%85%D9%87%D8%A7%D8%B1%D8%A7%D8%AA-%D8%A7%D9%84%D9%85%D8%B7%D8%A8%D8%AE,0.0,0,لم يحسب,0,0,$10.00,يوم واحد,0,0,0.0,فاطمه بدران ب.,https://khamsat.com/user/fatma12_345,False,بائع جديد,0.0,0,لم يحسب بعد,1,0,لم يحسب
أسلوب حياة,https://khamsat.com/lifestyle,تعليم الطبخ,https://khamsat.com/lifestyle/cooking-lessons,تعليم وصفات كيك للمبتدئين في المطبخ ومعرفة أسرار عمل الكيك,https://khamsat.com/lifestyle/cooking-lessons/2839655-%D8%AA%D8%B9%D9%84%D9%8A%D9%85-%D9%88%D8%B5%D9%81%D8%A7%D8%AA-%D9%83%D9%8A%D9%83-%D9%84%D9%84%D9%85%D8%A8%D8%AA%D8%AF%D8%A6%D9%8A%D9%86-%D9%81%D9%8A-%D8%A7%D9%84%D9%85%D8%B7%D8%A8%D8%AE-%D9%88%D9%85%D8%B9%D8%B1%D9%81%D8%A9-%D8%A3%D8%B3%D8%B1%D8%A7%D8%B1-%D8%B9%D9%85%D9%84-%D8%A7%D9%84%D9%83%D9%8A%D9%83,0.0,0,لم يحسب,0,0,$5.00,يومين,0,0,0.0,ياسمين م.,https://khamsat.com/user/soohassan,False,بائع جديد,0.0,0,100.0%,4,1,11 ساعة
أسلوب حياة,https://khamsat.com/lifestyle,تعليم الطبخ,https://khamsat.com/lifestyle/cooking-lessons,طبخ حلويات جزائرية تقليدية وعصرية,https://khamsat.com/lifestyle/cooking-lessons/2915170-%D8%B7%D8%A8%D8%AE-%D8%AD%D9%84%D9%88%D9%8A%D8%A7%D8%AA-%D8%AC%D8%B2%D8%A7%D8%A6%D8%B1%D9%8A%D8%A9-%D8%AA%D9%82%D9%84%D9%8A%D8%AF%D9%8A%D8%A9-%D9%88%D8%B9%D8%B5%D8%B1%D9%8A%D8%A9,0.0,0,لم يحسب,0,0,$5.00,يوم واحد,0,0,0.0,الزهرة ب.,https://khamsat.com/user/zohra_zozo96,True,بائع جديد,0.0,0,100.0%,3,1,ساعتين
أسلوب حياة,https://khamsat.com/lifestyle,تعليم الطبخ,https://khamsat.com/lifestyle/cooking-lessons,وصفة خبز فرنسي رطب مع خطوات تحضير لسندويشات والبرغر,https://khamsat.com/lifestyle/cooking-lessons/2848840-%D9%88%D8%B5%D9%81%D8%A9-%D8%AE%D8%A8%D8%B2-%D9%81%D8%B1%D9%86%D8%B3%D9%8A-%D8%B1%D8%B7%D8%A8-%D9%85%D8%B9-%D8%AE%D8%B7%D9%88%D8%A7%D8%AA-%D8%AA%D8%AD%D8%B6%D9%8A%D8%B1-%D9%84%D8%B3%D9%86%D8%AF%D9%88%D9%8A%D8%B4%D8%A7%D8%AA-%D9%88%D8%A7%D9%84%D8%A8%D8%B1%D8%BA%D8%B1,0.0,0,لم يحسب,0,0,$5.00,يومين,0,0,0.0,محمد ت.,https://khamsat.com/user/bilalbih,True,بائع جديد,0.0,0,لم يحسب بعد,1,0,لم يحسب
أسلوب حياة,https://khamsat.com/lifestyle,تعليم الطبخ,https://khamsat.com/lifestyle/cooking-lessons,تعلم وصفة لأكلة كل يوم,https://khamsat.com/lifestyle/cooking-lessons/324520-%D8%AA%D8%B9%D9%84%D9%85-%D9%88%D8%B5%D9%81%D8%A9-%D9%84%D8%A3%D9%83%D9%84%D8%A9-%D9%83%D9%84-%D9%8A%D9%88%D9%85,0.0,0,12 ساعة,2,0,$5.00,يومين,0,1,45.0,.Tarek S,https://khamsat.com/user/eng-tms,True,بائع نشيط,0.0,8,88.89%,2,18,18 ساعة
أسلوب حياة,https://khamsat.com/lifestyle,تعليم الطبخ,https://khamsat.com/lifestyle/cooking-lessons,طريقتي الحصرية في عمل حلا التمرية,https://khamsat.com/lifestyle/cooking-lessons/2895874-%D8%B7%D8%B1%D9%8A%D9%82%D8%AA%D9%8A-%D8%A7%D9%84%D8%AD%D8%B5%D8%B1%D9%8A%D8%A9-%D9%81%D9%8A-%D8%B9%D9%85%D9%84-%D8%AD%D9%84%D8%A7-%D8%A7%D9%84%D8%AA%D9%85%D8%B1%D9%8A%D8%A9,0.0,0,لم يحسب,0,0,$10.00,يومين,0,3,15.0,زهرة ر.,https://khamsat.com/user/talid_313,True,بائع جديد,0.0,0,لم يحسب بعد,4,0,لم يحسب
أسلوب حياة,https://khamsat.com/lifestyle,تعليم الطبخ,https://khamsat.com/lifestyle/cooking-lessons,أكلات مصريه شعبية أصيله طريقه عمل الكشري المصريه بكل تكاتو,https://khamsat.com/lifestyle/cooking-lessons/3003170-%D8%A3%D9%83%D9%84%D8%A7%D8%AA-%D9%85%D8%B5%D8%B1%D9%8A%D9%87-%D8%B4%D8%B9%D8%A8%D9%8A%D8%A9-%D8%A3%D8%B5%D9%8A%D9%84%D9%87-%D8%B7%D8%B1%D9%8A%D9%82%D9%87-%D8%B9%D9%85%D9%84-%D8%A7%D9%84%D9%83%D8%B4%D8%B1%D9%8A-%D8%A7%D9%84%D9%85%D8%B5%D8%B1%D9%8A%D9%87-%D8%A8%D9%83%D9%84-%D8%AA%D9%83%D8%A7%D8%AA%D9%88,0.0,0,لم يحسب,0,0,$5.00,يوم واحد,0,0,0.0,شيماء ن.,https://khamsat.com/user/doooooodooooo,False,بائع جديد,0.0,0,لم يحسب بعد,1,0,لم يحسب
أسلوب حياة,https://khamsat.com/lifestyle,تعليم الطبخ,https://khamsat.com/lifestyle/cooking-lessons,تعليم فن الطبخ واصول المهنه ودرجات حراره حفظ الغذاء,https://khamsat.com/lifestyle/cooking-lessons/2979944-%D8%AA%D8%B9%D9%84%D9%8A%D9%85-%D9%81%D9%86-%D8%A7%D9%84%D8%B7%D8%A8%D8%AE-%D9%88%D8%A7%D8%B5%D9%88%D9%84-%D8%A7%D9%84%D9%85%D9%87%D9%86%D9%87-%D9%88%D8%AF%D8%B1%D8%AC%D8%A7%D8%AA-%D8%AD%D8%B1%D8%A7%D8%B1%D9%87-%D8%AD%D9%81%D8%B8-%D8%A7%D9%84%D8%BA%D8%B0%D8%A7%D8%A1,0.0,0,لم يحسب,0,0,$5.00,يوم واحد,0,0,0.0,.Ahmed Z,https://khamsat.com/user/syndbad,False,بائع جديد,0.0,0,لم يحسب بعد,1,0,لم يحسب
أسلوب حياة,https://khamsat.com/lifestyle,تعليم الطبخ,https://khamsat.com/lifestyle/cooking-lessons,وصفه معكرونه بصلصه البندورة سهلة وسريعه وبتنفع للعائلة,https://khamsat.com/lifestyle/cooking-lessons/3011629-%D9%88%D8%B5%D9%81%D9%87-%D9%85%D8%B9%D9%83%D8%B1%D9%88%D9%86%D9%87-%D8%A8%D8%B5%D9%84%D8%B5%D9%87-%D8%A7%D9%84%D8%A8%D9%86%D8%AF%D9%88%D8%B1%D8%A9-%D8%B3%D9%87%D9%84%D8%A9-%D9%88%D8%B3%D8%B1%D9%8A%D8%B9%D9%87-%D9%88%D8%A8%D8%AA%D9%86%D9%81%D8%B9-%D9%84%D9%84%D8%B9%D8%A7%D8%A6%D9%84%D8%A9,0.0,0,لم يحسب,0,0,$5.00,يوم واحد,0,0,0.0,.Selen S,https://khamsat.com/user/skafi_selen24,False,بائع جديد,0.0,0,لم يحسب بعد,2,0,لم يحسب
أسلوب حياة,https://khamsat.com/lifestyle,تعليم الطبخ,https://khamsat.com/lifestyle/cooking-lessons,تقديم طرق عمل الطعام وطريقة تقديمه,https://khamsat.com/lifestyle/cooking-lessons/2937929-%D8%AA%D9%82%D8%AF%D9%8A%D9%85-%D8%B7%D8%B1%D9%82-%D8%B9%D9%85%D9%84-%D8%A7%D9%84%D8%B7%D8%B9%D8%A7%D9%85-%D9%88%D8%B7%D8%B1%D9%8A%D9%82%D8%A9-%D8%AA%D9%82%D8%AF%D9%8A%D9%85%D9%87,0.0,0,لم يحسب,0,0,$5.00,يوم واحد,0,0,0.0,يمنى ص.,https://khamsat.com/user/yomna_89,True,بائع جديد,0.0,0,لم يحسب بعد,1,0,لم يحسب
أسلوب حياة,https://khamsat.com/lifestyle,تعليم الطبخ,https://khamsat.com/lifestyle/cooking-lessons,تقديم وصفات لكافة أنواع الحلويات الغربية,https://khamsat.com/lifestyle/cooking-lessons/2916451-%D8%AA%D9%82%D8%AF%D9%8A%D9%85-%D9%88%D8%B5%D9%81%D8%A7%D8%AA-%D9%84%D9%83%D8%A7%D9%81%D8%A9-%D8%A3%D9%86%D9%88%D8%A7%D8%B9-%D8%A7%D9%84%D8%AD%D9%84%D9%88%D9%8A%D8%A7%D8%AA-%D8%A7%D9%84%D8%BA%D8%B1%D8%A8%D9%8A%D8%A9,0.0,0,لم يحسب,0,0,$5.00,يوم واحد,0,2,20.0,منار س.,https://khamsat.com/user/manarsaoudiasdf,False,بائع جديد,0.0,0,لم يحسب بعد,1,0,لم يحسب
أسلوب حياة,https://khamsat.com/lifestyle,تعليم الطبخ,https://khamsat.com/lifestyle/cooking-lessons,كوكيز فاخر يستخدم في المقاهي ومحل الحلويات,https://khamsat.com/lifestyle/cooking-lessons/2982460-%D9%83%D9%88%D9%83%D9%8A%D8%B2-%D9%81%D8%A7%D8%AE%D8%B1-%D9%8A%D8%B3%D8%AA%D8%AE%D8%AF%D9%85-%D9%81%D9%8A-%D8%A7%D9%84%D9%85%D9%82%D8%A7%D9%87%D9%8A-%D9%88%D9%85%D8%AD%D9%84-%D8%A7%D9%84%D8%AD%D9%84%D9%88%D9%8A%D8%A7%D8%AA,0.0,0,لم يحسب,0,0,$5.00,يوم واحد,0,0,0.0,وسن ش.,https://khamsat.com/user/shawlland,False,بائع جديد,0.0,0,لم يحسب بعد,1,0,لم يحسب
أسلوب حياة,https://khamsat.com/lifestyle,تعليم الطبخ,https://khamsat.com/lifestyle/cooking-lessons,تعليم اكلات شعبية مصرية الشهيرة,https://khamsat.com/lifestyle/cooking-lessons/2923144-%D8%AA%D8%B9%D9%84%D9%8A%D9%85-%D8%A7%D9%83%D9%84%D8%A7%D8%AA-%D8%B4%D8%B9%D8%A8%D9%8A%D8%A9-%D9%85%D8%B5%D8%B1%D9%8A%D8%A9-%D8%A7%D9%84%D8%B4%D9%87%D9%8A%D8%B1%D8%A9,0.0,0,لم يحسب,0,0,$5.00,يومين,0,0,0.0,فاتن ح.,https://khamsat.com/user/fatenhemdan,False,بائع جديد,0.0,0,لم يحسب بعد,3,0,لم يحسب
أسلوب حياة,https://khamsat.com/lifestyle,تعليم الطبخ,https://khamsat.com/lifestyle/cooking-lessons,طريقة تحضير الكشرى الصيني الفراخ المقرمشة بصوص الحامض,https://khamsat.com/lifestyle/cooking-lessons/2697573-%D8%B7%D8%B1%D9%8A%D9%82%D8%A9-%D8%AA%D8%AD%D8%B6%D9%8A%D8%B1-%D8%A7%D9%84%D9%83%D8%B4%D8%B1%D9%89-%D8%A7%D9%84%D8%B5%D9%8A%D9%86%D9%8A-%D8%A7%D9%84%D9%81%D8%B1%D8%A7%D8%AE-%D8%A7%D9%84%D9%85%D9%82%D8%B1%D9%85%D8%B4%D8%A9-%D8%A8%D8%B5%D9%88%D8%B5-%D8%A7%D9%84%D8%AD%D8%A7%D9%85%D8%B6,0.0,0,لم يحسب,0,0,$10.00,يوم واحد,0,0,0.0,.Ahmed A,https://khamsat.com/user/ahmedaglaan,True,بائع جديد,0.0,0,لم يحسب بعد,5,0,لم يحسب
أسلوب حياة,https://khamsat.com/lifestyle,تعليم الطبخ,https://khamsat.com/lifestyle/cooking-lessons,طريقة عمل تبولة الفراولة بالجبنة العربية والمكسرات,https://khamsat.com/lifestyle/cooking-lessons/2697560-%D8%B7%D8%B1%D9%8A%D9%82%D8%A9-%D8%B9%D9%85%D9%84-%D8%AA%D8%A8%D9%88%D9%84%D8%A9-%D8%A7%D9%84%D9%81%D8%B1%D8%A7%D9%88%D9%84%D8%A9-%D8%A8%D8%A7%D9%84%D8%AC%D8%A8%D9%86%D8%A9-%D8%A7%D9%84%D8%B9%D8%B1%D8%A8%D9%8A%D8%A9-%D9%88%D8%A7%D9%84%D9%85%D9%83%D8%B3%D8%B1%D8%A7%D8%AA,0.0,0,لم يحسب,0,0,$10.00,يوم واحد,0,0,0.0,.Ahmed A,https://khamsat.com/user/ahmedaglaan,True,بائع جديد,0.0,0,لم يحسب بعد,5,0,لم يحسب
أسلوب حياة,https://khamsat.com/lifestyle,تعليم الطبخ,https://khamsat.com/lifestyle/cooking-lessons,طريقة عمل البامية الصينى بشكل مبهر وبوصفه سحريه فريده,https://khamsat.com/lifestyle/cooking-lessons/2697331-%D8%B7%D8%B1%D9%8A%D9%82%D8%A9-%D8%B9%D9%85%D9%84-%D8%A7%D9%84%D8%A8%D8%A7%D9%85%D9%8A%D8%A9-%D8%A7%D9%84%D8%B5%D9%8A%D9%86%D9%89-%D8%A8%D8%B4%D9%83%D9%84-%D9%85%D8%A8%D9%87%D8%B1-%D9%88%D8%A8%D9%88%D8%B5%D9%81%D9%87-%D8%B3%D8%AD%D8%B1%D9%8A%D9%87-%D9%81%D8%B1%D9%8A%D8%AF%D9%87,0.0,0,لم يحسب,0,0,$10.00,يوم واحد,0,1,75.0,.Ahmed A,https://khamsat.com/user/ahmedaglaan,True,بائع جديد,0.0,0,لم يحسب بعد,5,0,لم يحسب
أسلوب حياة,https://khamsat.com/lifestyle,تعليم الطبخ,https://khamsat.com/lifestyle/cooking-lessons,تعلم أسرار المطبخ الشامي بطريقة بسيطة ونتيجة رائعة,https://khamsat.com/lifestyle/cooking-lessons/2700246-%D8%AA%D8%B9%D9%84%D9%85-%D8%A3%D8%B3%D8%B1%D8%A7%D8%B1-%D8%A7%D9%84%D9%85%D8%B7%D8%A8%D8%AE-%D8%A7%D9%84%D8%B4%D8%A7%D9%85%D9%8A-%D8%A8%D8%B7%D8%B1%D9%8A%D9%82%D8%A9-%D8%A8%D8%B3%D9%8A%D8%B7%D8%A9-%D9%88%D9%86%D8%AA%D9%8A%D8%AC%D8%A9-%D8%B1%D8%A7%D8%A6%D8%B9%D8%A9,0.0,0,لم يحسب,0,0,$5.00,يوم واحد,0,1,5.0,.Alaa A,https://khamsat.com/user/alaahm90,True,بائع جديد,0.0,0,لم يحسب بعد,4,0,لم يحسب
أسلوب حياة,https://khamsat.com/lifestyle,تعليم الطبخ,https://khamsat.com/lifestyle/cooking-lessons,طريقة عمل الكشرى المصرى الاصيل,https://khamsat.com/lifestyle/cooking-lessons/2697565-%D8%B7%D8%B1%D9%8A%D9%82%D8%A9-%D8%B9%D9%85%D9%84-%D8%A7%D9%84%D9%83%D8%B4%D8%B1%D9%89-%D8%A7%D9%84%D9%85%D8%B5%D8%B1%D9%89-%D8%A7%D9%84%D8%A7%D8%B5%D9%8A%D9%84,0.0,0,لم يحسب,0,0,$10.00,يوم واحد,0,0,0.0,.Ahmed A,https://khamsat.com/user/ahmedaglaan,True,بائع جديد,0.0,0,لم يحسب بعد,5,0,لم يحسب
أسلوب حياة,https://khamsat.com/lifestyle,تعليم الطبخ,https://khamsat.com/lifestyle/cooking-lessons,أقدم لك وصفات أطباق وحلويات جزائرية,https://khamsat.com/lifestyle/cooking-lessons/2269710-%D8%A3%D9%82%D8%AF%D9%85-%D9%84%D9%83-%D9%88%D8%B5%D9%81%D8%A7%D8%AA-%D8%A3%D8%B7%D8%A8%D8%A7%D9%82-%D9%88%D8%AD%D9%84%D9%88%D9%8A%D8%A7%D8%AA-%D8%AC%D8%B2%D8%A7%D8%A6%D8%B1%D9%8A%D8%A9,0.0,0,11 دقيقة,0,0,$5.00,يوم واحد,0,1,10.0,.Amina A,https://khamsat.com/user/mira369_77,True,بائع مميز,4.5,41,95.73%,8,66,44 دقيقة
أسلوب حياة,https://khamsat.com/lifestyle,فنون وحرف,https://khamsat.com/lifestyle/craft-lessons,نقدم لك خلاصة موسوعة تعليم العطور فى 30 صفحة,https://khamsat.com/lifestyle/craft-lessons/1099915-%D9%86%D9%82%D8%AF%D9%85-%D9%84%D9%83-%D8%AE%D9%84%D8%A7%D8%B5%D8%A9-%D9%85%D9%88%D8%B3%D9%88%D8%B9%D8%A9-%D8%AA%D8%B9%D9%84%D9%8A%D9%85-%D8%A7%D9%84%D8%B9%D8%B7%D9%88%D8%B1-%D9%81%D9%89-30-%D8%B5%D9%81%D8%AD%D8%A9,5.0,11,12 ساعة,15,0,$5.00,يوم واحد,11,5,75.0,منصور ع.,https://khamsat.com/user/mansoor-ali,True,بائع مميز,4.5,83,94.44%,14,120,12 ساعة
أسلوب حياة,https://khamsat.com/lifestyle,فنون وحرف,https://khamsat.com/lifestyle/craft-lessons,أعلمك فنون تركيب وصناعة العطور بطرق سهله وعالميه (10 دروس),https://khamsat.com/lifestyle/craft-lessons/813523-%D8%A3%D8%B9%D9%84%D9%85%D9%83-%D9%81%D9%86%D9%88%D9%86-%D8%AA%D8%B1%D9%83%D9%8A%D8%A8-%D9%88%D8%B5%D9%86%D8%A7%D8%B9%D8%A9-%D8%A7%D9%84%D8%B9%D8%B7%D9%88%D8%B1-%D8%A8%D8%B7%D8%B1%D9%82-%D8%B3%D9%87%D9%84%D9%87-%D9%88%D8%B9%D8%A7%D9%84%D9%85%D9%8A%D9%87-10-%D8%AF%D8%B1%D9%88%D8%B3,4.5,33,7 ساعات,58,0,$5.00,يوم واحد,25,5,70.0,منصور ع.,https://khamsat.com/user/mansoor-ali,True,بائع مميز,4.5,83,94.44%,14,120,12 ساعة
أسلوب حياة,https://khamsat.com/lifestyle,فنون وحرف,https://khamsat.com/lifestyle/craft-lessons,دورة صناعة العطور اون لاين,https://khamsat.com/lifestyle/craft-lessons/1217881-%D8%AF%D9%88%D8%B1%D8%A9-%D8%B5%D9%86%D8%A7%D8%B9%D8%A9-%D8%A7%D9%84%D8%B9%D8%B7%D9%88%D8%B1-%D8%A7%D9%88%D9%86-%D9%84%D8%A7%D9%8A%D9%86,4.5,15,33 دقيقة,61,0,$5.00,يومين,15,1,20.0,محمد ن.,https://khamsat.com/user/mohamed-nazeeh,True,بائع مميز,4.5,17,91.43%,8,63,5 ساعات
أسلوب حياة,https://khamsat.com/lifestyle,فنون وحرف,https://khamsat.com/lifestyle/craft-lessons,تعلم العزف علي الجيتار من البداية الي الاحتراف,https://khamsat.com/lifestyle/craft-lessons/2554415-%D8%AA%D8%B9%D9%84%D9%85-%D8%A7%D9%84%D8%B9%D8%B2%D9%81-%D8%B9%D9%84%D9%8A-%D8%A7%D9%84%D8%AC%D9%8A%D8%AA%D8%A7%D8%B1-%D9%85%D9%86-%D8%A7%D9%84%D8%A8%D8%AF%D8%A7%D9%8A%D8%A9-%D8%A7%D9%84%D9%8A-%D8%A7%D9%84%D8%A7%D8%AD%D8%AA%D8%B1%D8%A7%D9%81,5.0,1,يوم,1,0,$10.00,أربعة أيام,1,1,5.0,.Hesham H,https://khamsat.com/user/mretsh2017,True,بائع نشيط,5.0,3,100.0%,2,3,18 ساعة
أسلوب حياة,https://khamsat.com/lifestyle,فنون وحرف,https://khamsat.com/lifestyle/craft-lessons,تعلم أصول الإنشاد الديني والمقامات الموسيقة السبعة والإيقاع,https://khamsat.com/lifestyle/craft-lessons/1675531-%D8%AA%D8%B9%D9%84%D9%85-%D8%A3%D8%B5%D9%88%D9%84-%D8%A7%D9%84%D8%A5%D9%86%D8%B4%D8%A7%D8%AF-%D8%A7%D9%84%D8%AF%D9%8A%D9%86%D9%8A-%D9%88%D8%A7%D9%84%D9%85%D9%82%D8%A7%D9%85%D8%A7%D8%AA-%D8%A7%D9%84%D9%85%D9%88%D8%B3%D9%8A%D9%82%D8%A9-%D8%A7%D9%84%D8%B3%D8%A8%D8%B9%D8%A9-%D9%88%D8%A7%D9%84%D8%A5%D9%8A%D9%82%D8%A7%D8%B9,5.0,3,ساعتين,3,0,$10.00,يوم واحد,3,5,45.0,عبد اللطيف م.,https://khamsat.com/user/abdul_latif96,True,بائع جديد,5.0,9,90.0%,2,8,ساعة
أسلوب حياة,https://khamsat.com/lifestyle,فنون وحرف,https://khamsat.com/lifestyle/craft-lessons,30 نصيحة عن العطور والبخور والمسك العود,https://khamsat.com/lifestyle/craft-lessons/1769174-30-%D9%86%D8%B5%D9%8A%D8%AD%D8%A9-%D8%B9%D9%86-%D8%A7%D9%84%D8%B9%D8%B7%D9%88%D8%B1-%D9%88%D8%A7%D9%84%D8%A8%D8%AE%D9%88%D8%B1-%D9%88%D8%A7%D9%84%D9%85%D8%B3%D9%83-%D8%A7%D9%84%D8%B9%D9%88%D8%AF,4.5,3,يوم,5,0,$5.00,يوم واحد,3,0,0.0,منصور ع.,https://khamsat.com/user/mansoor-ali,True,بائع مميز,4.5,83,94.44%,14,120,12 ساعة
أسلوب حياة,https://khamsat.com/lifestyle,فنون وحرف,https://khamsat.com/lifestyle/craft-lessons,طرق لتنمية أبتكاراتك فى تعلم أحتراف فنون خلط العطور والربح,https://khamsat.com/lifestyle/craft-lessons/1444831-%D8%B7%D8%B1%D9%82-%D9%84%D8%AA%D9%86%D9%85%D9%8A%D8%A9-%D8%A3%D8%A8%D8%AA%D9%83%D8%A7%D8%B1%D8%A7%D8%AA%D9%83-%D9%81%D9%89-%D8%AA%D8%B9%D9%84%D9%85-%D8%A3%D8%AD%D8%AA%D8%B1%D8%A7%D9%81-%D9%81%D9%86%D9%88%D9%86-%D8%AE%D9%84%D8%B7-%D8%A7%D9%84%D8%B9%D8%B7%D9%88%D8%B1-%D9%88%D8%A7%D9%84%D8%B1%D8%A8%D8%AD,5.0,1,4 ساعات,2,0,$5.00,يوم واحد,1,5,70.0,منصور ع.,https://khamsat.com/user/mansoor-ali,True,بائع مميز,4.5,83,94.44%,14,120,12 ساعة
أسلوب حياة,https://khamsat.com/lifestyle,فنون وحرف,https://khamsat.com/lifestyle/craft-lessons,الدليل المجمع لتربية الدواجن من البداية الي الاحتراف,https://khamsat.com/lifestyle/craft-lessons/1898680-%D8%A7%D9%84%D8%AF%D9%84%D9%8A%D9%84-%D8%A7%D9%84%D9%85%D8%AC%D9%85%D8%B9-%D9%84%D8%AA%D8%B1%D8%A8%D9%8A%D8%A9-%D8%A7%D9%84%D8%AF%D9%88%D8%A7%D8%AC%D9%86-%D9%85%D9%86-%D8%A7%D9%84%D8%A8%D8%AF%D8%A7%D9%8A%D8%A9-%D8%A7%D9%84%D9%8A-%D8%A7%D9%84%D8%A7%D8%AD%D8%AA%D8%B1%D8%A7%D9%81,4.5,11,4 ساعات,13,0,$5.00,يوم واحد,11,0,0.0,لمياء ا.,https://khamsat.com/user/lamia66,True,بائع مميز,4.5,112,93.75%,5,154,4 ساعات
أسلوب حياة,https://khamsat.com/lifestyle,فنون وحرف,https://khamsat.com/lifestyle/craft-lessons,أعلمك قواعد تذهيب الخط العربي,https://khamsat.com/lifestyle/craft-lessons/1597828-%D8%A3%D8%B9%D9%84%D9%85%D9%83-%D9%82%D9%88%D8%A7%D8%B9%D8%AF-%D8%AA%D8%B0%D9%87%D9%8A%D8%A8-%D8%A7%D9%84%D8%AE%D8%B7-%D8%A7%D9%84%D8%B9%D8%B1%D8%A8%D9%8A,5.0,1,3 ساعات,3,0,$5.00,يوم واحد,1,0,0.0,منصور ع.,https://khamsat.com/user/mansoor-ali,True,بائع مميز,4.5,83,94.44%,14,120,12 ساعة
أسلوب حياة,https://khamsat.com/lifestyle,فنون وحرف,https://khamsat.com/lifestyle/craft-lessons,اعلمك اسرار العطور وأقدم لك كل ما تريد معرفتة عن العطور .,https://khamsat.com/lifestyle/craft-lessons/1291509-%D8%A7%D8%B9%D9%84%D9%85%D9%83-%D8%A7%D8%B3%D8%B1%D8%A7%D8%B1-%D8%A7%D9%84%D8%B9%D8%B7%D9%88%D8%B1-%D9%88%D8%A3%D9%82%D8%AF%D9%85-%D9%84%D9%83-%D9%83%D9%84-%D9%85%D8%A7-%D8%AA%D8%B1%D9%8A%D8%AF-%D9%85%D8%B9%D8%B1%D9%81%D8%AA%D8%A9-%D8%B9%D9%86-%D8%A7%D9%84%D8%B9%D8%B7%D9%88%D8%B1-,5.0,3,23 دقيقة,7,0,$5.00,يوم واحد,3,5,70.0,منصور ع.,https://khamsat.com/user/mansoor-ali,True,بائع مميز,4.5,83,94.44%,14,120,12 ساعة
أسلوب حياة,https://khamsat.com/lifestyle,فنون وحرف,https://khamsat.com/lifestyle/craft-lessons,استشارات زراعيه خاصه بالتسميد ومكافحة الافات الزراعيه,https://khamsat.com/lifestyle/craft-lessons/3030511-%D8%A7%D8%B3%D8%AA%D8%B4%D8%A7%D8%B1%D8%A7%D8%AA-%D8%B2%D8%B1%D8%A7%D8%B9%D9%8A%D9%87-%D8%AE%D8%A7%D8%B5%D9%87-%D8%A8%D8%A7%D9%84%D8%AA%D8%B3%D9%85%D9%8A%D8%AF-%D9%88%D9%85%D9%83%D8%A7%D9%81%D8%AD%D8%A9-%D8%A7%D9%84%D8%A7%D9%81%D8%A7%D8%AA-%D8%A7%D9%84%D8%B2%D8%B1%D8%A7%D8%B9%D9%8A%D9%87,0.0,0,لم يحسب,0,0,$5.00,يوم واحد,0,0,0.0,.Ahmed Y,https://khamsat.com/user/ahmedyaser981,True,بائع جديد,0.0,0,لم يحسب بعد,2,0,لم يحسب
أسلوب حياة,https://khamsat.com/lifestyle,فنون وحرف,https://khamsat.com/lifestyle/craft-lessons,كورسات تعلم البيانو لجميع المستويات Piano online courses,https://khamsat.com/lifestyle/craft-lessons/2742335-%D9%83%D9%88%D8%B1%D8%B3%D8%A7%D8%AA-%D8%AA%D8%B9%D9%84%D9%85-%D8%A7%D9%84%D8%A8%D9%8A%D8%A7%D9%86%D9%88-%D9%84%D8%AC%D9%85%D9%8A%D8%B9-%D8%A7%D9%84%D9%85%D8%B3%D8%AA%D9%88%D9%8A%D8%A7%D8%AA-piano-online-courses,0.0,0,لم يحسب,0,0,$5.00,يوم واحد,0,0,0.0,جوزيف ف.,https://khamsat.com/user/jozef_i_fouad,False,بائع جديد,0.0,0,لم يحسب بعد,3,0,لم يحسب
أسلوب حياة,https://khamsat.com/lifestyle,فنون وحرف,https://khamsat.com/lifestyle/craft-lessons,سأقدم لك استشارات فى مجال السباكة والدهانات والنجارة,https://khamsat.com/lifestyle/craft-lessons/2862262-%D8%B3%D8%A3%D9%82%D8%AF%D9%85-%D9%84%D9%83-%D8%A7%D8%B3%D8%AA%D8%B4%D8%A7%D8%B1%D8%A7%D8%AA-%D9%81%D9%89-%D9%85%D8%AC%D8%A7%D9%84-%D8%A7%D9%84%D8%B3%D8%A8%D8%A7%D9%83%D8%A9-%D9%88%D8%A7%D9%84%D8%AF%D9%87%D8%A7%D9%86%D8%A7%D8%AA-%D9%88%D8%A7%D9%84%D9%86%D8%AC%D8%A7%D8%B1%D8%A9,0.0,0,لم يحسب,0,0,$5.00,يومين,0,0,0.0,الاكسلا ن.,https://khamsat.com/user/ali_nape,False,بائع جديد,0.0,0,لم يحسب بعد,1,0,لم يحسب
أسلوب حياة,https://khamsat.com/lifestyle,فنون وحرف,https://khamsat.com/lifestyle/craft-lessons,اساعدك تعلم صيانة الكهرباء والطواريء الضرورية للحياة اليومية,https://khamsat.com/lifestyle/craft-lessons/2848694-%D8%A7%D8%B3%D8%A7%D8%B9%D8%AF%D9%83-%D8%AA%D8%B9%D9%84%D9%85-%D8%B5%D9%8A%D8%A7%D9%86%D8%A9-%D8%A7%D9%84%D9%83%D9%87%D8%B1%D8%A8%D8%A7%D8%A1-%D9%88%D8%A7%D9%84%D8%B7%D9%88%D8%A7%D8%B1%D9%8A%D8%A1-%D8%A7%D9%84%D8%B6%D8%B1%D9%88%D8%B1%D9%8A%D8%A9-%D9%84%D9%84%D8%AD%D9%8A%D8%A7%D8%A9-%D8%A7%D9%84%D9%8A%D9%88%D9%85%D9%8A%D8%A9,0.0,0,لم يحسب,0,0,$5.00,يوم واحد,0,0,0.0,اسامة ل.,https://khamsat.com/user/osamamos3d,True,بائع جديد,0.0,0,لم يحسب بعد,1,0,لم يحسب
أسلوب حياة,https://khamsat.com/lifestyle,فنون وحرف,https://khamsat.com/lifestyle/craft-lessons,أساسيات زراعة الخضروات والفواكه,https://khamsat.com/lifestyle/craft-lessons/2061796-%D8%A3%D8%B3%D8%A7%D8%B3%D9%8A%D8%A7%D8%AA-%D8%B2%D8%B1%D8%A7%D8%B9%D8%A9-%D8%A7%D9%84%D8%AE%D8%B6%D8%B1%D9%88%D8%A7%D8%AA-%D9%88%D8%A7%D9%84%D9%81%D9%88%D8%A7%D9%83%D9%87,0.0,0,18 يوم,0,0,$5.00,يوم واحد,0,0,0.0,.Diverse D,https://khamsat.com/user/halle5050,False,بائع جديد,0.0,0,لم يحسب بعد,5,0,9 أيام
أسلوب حياة,https://khamsat.com/lifestyle,فنون وحرف,https://khamsat.com/lifestyle/craft-lessons,سأقدم لكم استشارة في مجال الكهرباء المنزلية واصلاحاتها 3 أسئلة أو استفسارات مقابل 5$,https://khamsat.com/lifestyle/craft-lessons/955855-%D8%B3%D8%A3%D9%82%D8%AF%D9%85-%D9%84%D9%83%D9%85-%D8%A7%D8%B3%D8%AA%D8%B4%D8%A7%D8%B1%D8%A9-%D9%81%D9%8A-%D9%85%D8%AC%D8%A7%D9%84-%D8%A7%D9%84%D9%83%D9%87%D8%B1%D8%A8%D8%A7%D8%A1-%D8%A7%D9%84%D9%85%D9%86%D8%B2%D9%84%D9%8A%D8%A9-%D9%88%D8%A7%D8%B5%D9%84%D8%A7%D8%AD%D8%A7%D8%AA%D9%87%D8%A7-3-%D8%A3%D8%B3%D8%A6%D9%84%D8%A9-%D8%A3%D9%88-%D8%A7%D8%B3%D8%AA%D9%81%D8%B3%D8%A7%D8%B1%D8%A7%D8%AA-%D9%85%D9%82%D8%A7%D8%A8%D9%84-5,0.0,0,5 ساعات,0,0,$5.00,أسبوع,0,0,0.0,ضياء ا.,https://khamsat.com/user/diaa_altahan,True,بائع مميز,4.5,24,92.5%,6,51,19 ساعة
أسلوب حياة,https://khamsat.com/lifestyle,فنون وحرف,https://khamsat.com/lifestyle/craft-lessons,خبير فني و تقني في تجميع اجهزة الكومبيوتر لاب-بي سي,https://khamsat.com/lifestyle/craft-lessons/2914675-%D8%AE%D8%A8%D9%8A%D8%B1-%D9%81%D9%86%D9%8A-%D9%88-%D8%AA%D9%82%D9%86%D9%8A-%D9%81%D9%8A-%D8%AA%D8%AC%D9%85%D9%8A%D8%B9-%D8%A7%D8%AC%D9%87%D8%B2%D8%A9-%D8%A7%D9%84%D9%83%D9%88%D9%85%D8%A8%D9%8A%D9%88%D8%AA%D8%B1-%D9%84%D8%A7%D8%A8-%D8%A8%D9%8A-%D8%B3%D9%8A,0.0,0,لم يحسب,0,0,$5.00,يوم واحد,0,1,10.0,يوسف م.,https://khamsat.com/user/yussef129,True,بائع جديد,0.0,0,لم يحسب بعد,4,0,لم يحسب
أسلوب حياة,https://khamsat.com/lifestyle,فنون وحرف,https://khamsat.com/lifestyle/craft-lessons,رسم لوحات فنية يدوية بالفحم و الرصاص,https://khamsat.com/lifestyle/craft-lessons/3032608-%D8%B1%D8%B3%D9%85-%D9%84%D9%88%D8%AD%D8%A7%D8%AA-%D9%81%D9%86%D9%8A%D8%A9-%D9%8A%D8%AF%D9%88%D9%8A%D8%A9-%D8%A8%D8%A7%D9%84%D9%81%D8%AD%D9%85-%D9%88-%D8%A7%D9%84%D8%B1%D8%B5%D8%A7%D8%B5,0.0,0,لم يحسب,0,0,$10.00,شهر,0,0,0.0,.Lody H,https://khamsat.com/user/lody_hussein,True,بائع جديد,0.0,0,لم يحسب بعد,2,0,لم يحسب
أسلوب حياة,https://khamsat.com/lifestyle,فنون وحرف,https://khamsat.com/lifestyle/craft-lessons,أقدم نصائح و تعليمات لتحسين الرسم و التلوين مقابل خدمة,https://khamsat.com/lifestyle/craft-lessons/1796315-%D8%A3%D9%82%D8%AF%D9%85-%D9%86%D8%B5%D8%A7%D8%A6%D8%AD-%D9%88-%D8%AA%D8%B9%D9%84%D9%8A%D9%85%D8%A7%D8%AA-%D9%84%D8%AA%D8%AD%D8%B3%D9%8A%D9%86-%D8%A7%D9%84%D8%B1%D8%B3%D9%85-%D9%88-%D8%A7%D9%84%D8%AA%D9%84%D9%88%D9%8A%D9%86-%D9%85%D9%82%D8%A7%D8%A8%D9%84-%D8%AE%D8%AF%D9%85%D8%A9,5.0,2,يوم,2,0,$5.00,يوم واحد,2,0,0.0,نعمة ا.,https://khamsat.com/user/niemah,True,بائع جديد,5.0,2,66.67%,3,2,يوم
أسلوب حياة,https://khamsat.com/lifestyle,فنون وحرف,https://khamsat.com/lifestyle/craft-lessons,ورشة لتعليم الرسم للاطفال اونلاين,https://khamsat.com/lifestyle/craft-lessons/2550262-%D9%88%D8%B1%D8%B4%D8%A9-%D9%84%D8%AA%D8%B9%D9%84%D9%8A%D9%85-%D8%A7%D9%84%D8%B1%D8%B3%D9%85-%D9%84%D9%84%D8%A7%D8%B7%D9%81%D8%A7%D9%84-%D8%A7%D9%88%D9%86%D9%84%D8%A7%D9%8A%D9%86,0.0,0,لم يحسب,0,0,$10.00,يوم واحد,0,3,70.0,هبه بدر ا.,https://khamsat.com/user/boky_badr,True,بائع نشيط,5.0,7,100.0%,8,7,يوم
أسلوب حياة,https://khamsat.com/lifestyle,فنون وحرف,https://khamsat.com/lifestyle/craft-lessons,فنون وحرف واعمال يدوية واضاءات واعمال ديكور,https://khamsat.com/lifestyle/craft-lessons/2476868-%D9%81%D9%86%D9%88%D9%86-%D9%88%D8%AD%D8%B1%D9%81-%D9%88%D8%A7%D8%B9%D9%85%D8%A7%D9%84-%D9%8A%D8%AF%D9%88%D9%8A%D8%A9-%D9%88%D8%A7%D8%B6%D8%A7%D8%A1%D8%A7%D8%AA-%D9%88%D8%A7%D8%B9%D9%85%D8%A7%D9%84-%D8%AF%D9%8A%D9%83%D9%88%D8%B1,0.0,0,12 دقيقة,0,0,$10.00,يوم واحد,0,2,40.0,.Rateb N,https://khamsat.com/user/ratebnaje,True,بائع مميز,5.0,29,91.34%,8,35,49 دقيقة
أسلوب حياة,https://khamsat.com/lifestyle,فنون وحرف,https://khamsat.com/lifestyle/craft-lessons,تعليم مقامات الإنشاد والقران,https://khamsat.com/lifestyle/craft-lessons/1851018-%D8%AA%D8%B9%D9%84%D9%8A%D9%85-%D9%85%D9%82%D8%A7%D9%85%D8%A7%D8%AA-%D8%A7%D9%84%D8%A5%D9%86%D8%B4%D8%A7%D8%AF-%D9%88%D8%A7%D9%84%D9%82%D8%B1%D8%A7%D9%86,5.0,13,58 دقيقة,13,0,$5.00,يوم واحد,13,3,80.0,.Mahmod H,https://khamsat.com/user/mahmood_hallak1998,True,بائع مميز,5.0,55,97.87%,3,55,ساعتين
أسلوب حياة,https://khamsat.com/lifestyle,فنون وحرف,https://khamsat.com/lifestyle/craft-lessons,صيانة أجهزة كهربائية عن بعد,https://khamsat.com/lifestyle/craft-lessons/3003500-%D8%B5%D9%8A%D8%A7%D9%86%D8%A9-%D8%A3%D8%AC%D9%87%D8%B2%D8%A9-%D9%83%D9%87%D8%B1%D8%A8%D8%A7%D8%A6%D9%8A%D8%A9-%D8%B9%D9%86-%D8%A8%D8%B9%D8%AF,0.0,0,لم يحسب,0,0,$10.00,يوم واحد,0,0,0.0,منيب ا.,https://khamsat.com/user/moneebhalaby,True,بائع جديد,0.0,0,لم يحسب بعد,1,0,لم يحسب
أسلوب حياة,https://khamsat.com/lifestyle,فنون وحرف,https://khamsat.com/lifestyle/craft-lessons,كتاب الرسم والتلوين لاطفال فرط الحركة وتشتت الانتباه,https://khamsat.com/lifestyle/craft-lessons/2999800-%D9%83%D8%AA%D8%A7%D8%A8-%D8%A7%D9%84%D8%B1%D8%B3%D9%85-%D9%88%D8%A7%D9%84%D8%AA%D9%84%D9%88%D9%8A%D9%86-%D9%84%D8%A7%D8%B7%D9%81%D8%A7%D9%84-%D9%81%D8%B1%D8%B7-%D8%A7%D9%84%D8%AD%D8%B1%D9%83%D8%A9-%D9%88%D8%AA%D8%B4%D8%AA%D8%AA-%D8%A7%D9%84%D8%A7%D9%86%D8%AA%D8%A8%D8%A7%D9%87,0.0,0,لم يحسب,0,0,$5.00,يوم واحد,0,0,0.0,.Fatima A,https://khamsat.com/user/fatima_altegani2,False,بائع جديد,0.0,0,لم يحسب بعد,1,0,لم يحسب
أسلوب حياة,https://khamsat.com/lifestyle,فنون وحرف,https://khamsat.com/lifestyle/craft-lessons,كيف تفرق بين العطر الأصلي و المغشوش,https://khamsat.com/lifestyle/craft-lessons/2935442-%D9%83%D9%8A%D9%81-%D8%AA%D9%81%D8%B1%D9%82-%D8%A8%D9%8A%D9%86-%D8%A7%D9%84%D8%B9%D8%B7%D8%B1-%D8%A7%D9%84%D8%A3%D8%B5%D9%84%D9%8A-%D9%88-%D8%A7%D9%84%D9%85%D8%BA%D8%B4%D9%88%D8%B4,0.0,0,لم يحسب,0,0,$10.00,يوم واحد,0,0,0.0,محمد طريف ف.,https://khamsat.com/user/tareeffaron_ff,True,بائع جديد,5.0,1,100.0%,5,1,يومين
أسلوب حياة,https://khamsat.com/lifestyle,فنون وحرف,https://khamsat.com/lifestyle/craft-lessons,دروس لآلات الإيقاع الشرقية,https://khamsat.com/lifestyle/craft-lessons/2778138-%D8%AF%D8%B1%D9%88%D8%B3-%D9%84%D8%A2%D9%84%D8%A7%D8%AA-%D8%A7%D9%84%D8%A5%D9%8A%D9%82%D8%A7%D8%B9-%D8%A7%D9%84%D8%B4%D8%B1%D9%82%D9%8A%D8%A9,0.0,0,لم يحسب,0,0,$10.00,يوم واحد,0,0,0.0,.Mhamad H,https://khamsat.com/user/mhamad_hattab1,False,بائع جديد,0.0,0,لم يحسب بعد,1,0,لم يحسب
أسلوب حياة,https://khamsat.com/lifestyle,فنون وحرف,https://khamsat.com/lifestyle/craft-lessons,إستشارات زراعية لتقديم الدعم الفنى الزراعى,https://khamsat.com/lifestyle/craft-lessons/2911610-%D8%A5%D8%B3%D8%AA%D8%B4%D8%A7%D8%B1%D8%A7%D8%AA-%D8%B2%D8%B1%D8%A7%D8%B9%D9%8A%D8%A9-%D9%84%D8%AA%D9%82%D8%AF%D9%8A%D9%85-%D8%A7%D9%84%D8%AF%D8%B9%D9%85-%D8%A7%D9%84%D9%81%D9%86%D9%89-%D8%A7%D9%84%D8%B2%D8%B1%D8%A7%D8%B9%D9%89,0.0,0,لم يحسب,0,0,$5.00,يومين,0,1,5.0,وحيد ف.,https://khamsat.com/user/wahid_fahim,True,بائع جديد,0.0,0,لم يحسب بعد,1,0,لم يحسب
أسلوب حياة,https://khamsat.com/lifestyle,فنون وحرف,https://khamsat.com/lifestyle/craft-lessons,استشارة عن الكتابة، لك أيها الكاتب,https://khamsat.com/lifestyle/craft-lessons/2853724-%D8%A7%D8%B3%D8%AA%D8%B4%D8%A7%D8%B1%D8%A9-%D8%B9%D9%86-%D8%A7%D9%84%D9%83%D8%AA%D8%A7%D8%A8%D8%A9-%D9%84%D9%83-%D8%A3%D9%8A%D9%87%D8%A7-%D8%A7%D9%84%D9%83%D8%A7%D8%AA%D8%A8,0.0,0,لم يحسب,0,0,$5.00,يوم واحد,0,1,10.0,فاطمة آ.,https://khamsat.com/user/f2_writer,False,بائع جديد,0.0,0,لم يحسب بعد,2,0,لم يحسب
أسلوب حياة,https://khamsat.com/lifestyle,فنون وحرف,https://khamsat.com/lifestyle/craft-lessons,تعلم العزف عل اله البيانو,https://khamsat.com/lifestyle/craft-lessons/2664899-%D8%AA%D8%B9%D9%84%D9%85-%D8%A7%D9%84%D8%B9%D8%B2%D9%81-%D8%B9%D9%84-%D8%A7%D9%84%D9%87-%D8%A7%D9%84%D8%A8%D9%8A%D8%A7%D9%86%D9%88,0.0,0,لم يحسب,0,0,$10.00,يوم واحد,0,0,0.0,.Dr Nermeen H,https://khamsat.com/user/nermeen_hamdy,False,بائع جديد,0.0,0,لم يحسب بعد,4,0,لم يحسب
أسلوب حياة,https://khamsat.com/lifestyle,فنون وحرف,https://khamsat.com/lifestyle/craft-lessons,تعليم مبادئ الكتابة الموسيقية على برنامج سبيلويس المتخصص,https://khamsat.com/lifestyle/craft-lessons/2464181-%D8%AA%D8%B9%D9%84%D9%8A%D9%85-%D9%85%D8%A8%D8%A7%D8%AF%D8%A6-%D8%A7%D9%84%D9%83%D8%AA%D8%A7%D8%A8%D8%A9-%D8%A7%D9%84%D9%85%D9%88%D8%B3%D9%8A%D9%82%D9%8A%D8%A9-%D8%B9%D9%84%D9%89-%D8%A8%D8%B1%D9%86%D8%A7%D9%85%D8%AC-%D8%B3%D8%A8%D9%8A%D9%84%D9%88%D9%8A%D8%B3-%D8%A7%D9%84%D9%85%D8%AA%D8%AE%D8%B5%D8%B5,0.0,0,لم يحسب,0,0,$5.00,يوم واحد,0,2,25.0,نانسي ف.,https://khamsat.com/user/dr_nancy_farouk88,True,بائع جديد,4.5,1,100.0%,2,1,29 دقيقة
أسلوب حياة,https://khamsat.com/lifestyle,ألعاب,https://khamsat.com/lifestyle/game-coaching,لعبة حماسية لكشف جنس الجنين,https://khamsat.com/lifestyle/game-coaching/3041528-%D9%84%D8%B9%D8%A8%D8%A9-%D8%AD%D9%85%D8%A7%D8%B3%D9%8A%D8%A9-%D9%84%D9%83%D8%B4%D9%81-%D8%AC%D9%86%D8%B3-%D8%A7%D9%84%D8%AC%D9%86%D9%8A%D9%86,0.0,0,لم يحسب,2,0,$10.00,يوم واحد,0,0,0.0,.متجر S,https://khamsat.com/user/rzan900,False,بائع جديد,0.0,0,100.0%,5,2,لم يحسب
أسلوب حياة,https://khamsat.com/lifestyle,ألعاب,https://khamsat.com/lifestyle/game-coaching,تعلم العاب الخفة,https://khamsat.com/lifestyle/game-coaching/2064868-%D8%AA%D8%B9%D9%84%D9%85-%D8%A7%D9%84%D8%B9%D8%A7%D8%A8-%D8%A7%D9%84%D8%AE%D9%81%D8%A9,5.0,5,ساعتين,5,0,$5.00,يوم واحد,5,1,10.0,موسى م.,https://khamsat.com/user/%D9%85%D9%88%D8%B3%D9%89-%D9%85%D8%B9%D9%88%D8%B4%D9%8A,True,بائع مميز,4.5,86,93.35%,3,97,ساعة
أسلوب حياة,https://khamsat.com/lifestyle,ألعاب,https://khamsat.com/lifestyle/game-coaching,تدريب شطرنج أونلاين لكل الفئات العمرية,https://khamsat.com/lifestyle/game-coaching/2742436-%D8%AA%D8%AF%D8%B1%D9%8A%D8%A8-%D8%B4%D8%B7%D8%B1%D9%86%D8%AC-%D8%A3%D9%88%D9%86%D9%84%D8%A7%D9%8A%D9%86-%D9%84%D9%83%D9%84-%D8%A7%D9%84%D9%81%D8%A6%D8%A7%D8%AA-%D8%A7%D9%84%D8%B9%D9%85%D8%B1%D9%8A%D8%A9,0.0,0,لم يحسب,0,0,$5.00,يوم واحد,0,1,10.0,.Mina A,https://khamsat.com/user/minaadly23,True,بائع جديد,0.0,0,0.0%,5,0,لم يحسب
أسلوب حياة,https://khamsat.com/lifestyle,ألعاب,https://khamsat.com/lifestyle/game-coaching,تعليم شطرنج من سن 6 سنوات,https://khamsat.com/lifestyle/game-coaching/2786932-%D8%AA%D8%B9%D9%84%D9%8A%D9%85-%D8%B4%D8%B7%D8%B1%D9%86%D8%AC-%D9%85%D9%86-%D8%B3%D9%86-6-%D8%B3%D9%86%D9%88%D8%A7%D8%AA,5.0,1,16 دقيقة,1,0,$5.00,يوم واحد,1,0,0.0,.Eslam S,https://khamsat.com/user/%D8%A7%D8%B3%D9%84%D8%A7%D9%85-%D8%B5%D8%A7%D9%84%D8%AD-2,True,بائع نشيط,5.0,9,86.36%,5,16,47 دقيقة
أسلوب حياة,https://khamsat.com/lifestyle,ألعاب,https://khamsat.com/lifestyle/game-coaching,سوف العب معك اي لعبه تريدها من الاونلاين,https://khamsat.com/lifestyle/game-coaching/3038926-%D8%B3%D9%88%D9%81-%D8%A7%D9%84%D8%B9%D8%A8-%D9%85%D8%B9%D9%83-%D8%A7%D9%8A-%D9%84%D8%B9%D8%A8%D9%87-%D8%AA%D8%B1%D9%8A%D8%AF%D9%87%D8%A7-%D9%85%D9%86-%D8%A7%D9%84%D8%A7%D9%88%D9%86%D9%84%D8%A7%D9%8A%D9%86,0.0,0,لم يحسب,0,0,$5.00,يوم واحد,0,1,5.0,.Mina S,https://khamsat.com/user/minashady11,False,بائع جديد,0.0,0,لم يحسب بعد,1,0,لم يحسب
أسلوب حياة,https://khamsat.com/lifestyle,ألعاب,https://khamsat.com/lifestyle/game-coaching,احترف الشطرنج من هاوي إلى لاعب مصنف!,https://khamsat.com/lifestyle/game-coaching/2576312-%D8%A7%D8%AD%D8%AA%D8%B1%D9%81-%D8%A7%D9%84%D8%B4%D8%B7%D8%B1%D9%86%D8%AC-%D9%85%D9%86-%D9%87%D8%A7%D9%88%D9%8A-%D8%A5%D9%84%D9%89-%D9%84%D8%A7%D8%B9%D8%A8-%D9%85%D8%B5%D9%86%D9%81,0.0,0,55 دقيقة,0,0,$5.00,يوم واحد,0,0,0.0,مجد ع.,https://khamsat.com/user/majdeid98,True,بائع جديد,0.0,0,لم يحسب بعد,5,0,41 دقيقة
أسلوب حياة,https://khamsat.com/lifestyle,ألعاب,https://khamsat.com/lifestyle/game-coaching,مدرب شطرنج أونلاين,https://khamsat.com/lifestyle/game-coaching/2971655-%D9%85%D8%AF%D8%B1%D8%A8-%D8%B4%D8%B7%D8%B1%D9%86%D8%AC-%D8%A3%D9%88%D9%86%D9%84%D8%A7%D9%8A%D9%86,0.0,0,لم يحسب,0,0,$5.00,خمسة أيام,0,0,0.0,يوسف ش.,https://khamsat.com/user/yousefsh963,True,بائع جديد,0.0,0,لم يحسب بعد,1,0,لم يحسب
أسلوب حياة,https://khamsat.com/lifestyle,ألعاب,https://khamsat.com/lifestyle/game-coaching,"اختبار جهازك في تشغيل المحاكيات ps3,xbox360,swish",https://khamsat.com/lifestyle/game-coaching/2817755-%D8%A7%D8%AE%D8%AA%D8%A8%D8%A7%D8%B1-%D8%AC%D9%87%D8%A7%D8%B2%D9%83-%D9%81%D9%8A-%D8%AA%D8%B4%D8%BA%D9%8A%D9%84-%D8%A7%D9%84%D9%85%D8%AD%D8%A7%D9%83%D9%8A%D8%A7%D8%AA-ps3xbox360swish,0.0,0,لم يحسب,0,0,$5.00,يوم واحد,0,2,15.0,قاسم ح.,https://khamsat.com/user/%D9%82%D8%A7%D8%B3%D9%85-%D8%AD%D9%83%D9%85%D9%8A,False,مشتري مميز,0.0,0,لم يحسب بعد,1,0,لم يحسب
أسلوب حياة,https://khamsat.com/lifestyle,ألعاب,https://khamsat.com/lifestyle/game-coaching,دعم كامل في لعبة كلاش اوف كلانز clash of clans,https://khamsat.com/lifestyle/game-coaching/2807748-%D8%AF%D8%B9%D9%85-%D9%83%D8%A7%D9%85%D9%84-%D9%81%D9%8A-%D9%84%D8%B9%D8%A8%D8%A9-%D9%83%D9%84%D8%A7%D8%B4-%D8%A7%D9%88%D9%81-%D9%83%D9%84%D8%A7%D9%86%D8%B2-clash-of-clans,0.0,0,لم يحسب,0,0,$5.00,خمسة أيام,0,0,0.0,محمد بكر أ.,https://khamsat.com/user/bak_0,True,بائع جديد,0.0,0,لم يحسب بعد,3,0,لم يحسب
أسلوب حياة,https://khamsat.com/lifestyle,ألعاب,https://khamsat.com/lifestyle/game-coaching,لعبة (إزالة/ تحريك/إضافة) أعواد الكبريت بعدة مستويات,https://khamsat.com/lifestyle/game-coaching/2920752-%D9%84%D8%B9%D8%A8%D8%A9-%D8%A5%D8%B2%D8%A7%D9%84%D8%A9-%D8%AA%D8%AD%D8%B1%D9%8A%D9%83%D8%A5%D8%B6%D8%A7%D9%81%D8%A9-%D8%A3%D8%B9%D9%88%D8%A7%D8%AF-%D8%A7%D9%84%D9%83%D8%A8%D8%B1%D9%8A%D8%AA-%D8%A8%D8%B9%D8%AF%D8%A9-%D9%85%D8%B3%D8%AA%D9%88%D9%8A%D8%A7%D8%AA,0.0,0,لم يحسب,0,0,$5.00,يوم واحد,0,5,120.0,.Raouf A,https://khamsat.com/user/raouf-raf,True,بائع نشيط,0.0,21,66.0%,2,24,يوم
أسلوب حياة,https://khamsat.com/lifestyle,ألعاب,https://khamsat.com/lifestyle/game-coaching,تركيب واضافة مودات خاصة الى لعبة GTA V,https://khamsat.com/lifestyle/game-coaching/2017740-%D8%AA%D8%B1%D9%83%D9%8A%D8%A8-%D9%88%D8%A7%D8%B6%D8%A7%D9%81%D8%A9-%D9%85%D9%88%D8%AF%D8%A7%D8%AA-%D8%AE%D8%A7%D8%B5%D8%A9-%D8%A7%D9%84%D9%89-%D9%84%D8%B9%D8%A8%D8%A9-gta-v,0.0,0,8 ساعات,0,1,$5.00,يوم واحد,0,0,0.0,محمد فراس ا.,https://khamsat.com/user/hasanest,True,بائع مميز,4.5,20,98.61%,8,26,4 ساعات
أسلوب حياة,https://khamsat.com/lifestyle,ألعاب,https://khamsat.com/lifestyle/game-coaching,كتابي استراتيجيات ذكية لاحتراف الشطرنج,https://khamsat.com/lifestyle/game-coaching/1462756-%D9%83%D8%AA%D8%A7%D8%A8%D9%8A-%D8%A7%D8%B3%D8%AA%D8%B1%D8%A7%D8%AA%D9%8A%D8%AC%D9%8A%D8%A7%D8%AA-%D8%B0%D9%83%D9%8A%D8%A9-%D9%84%D8%A7%D8%AD%D8%AA%D8%B1%D8%A7%D9%81-%D8%A7%D9%84%D8%B4%D8%B7%D8%B1%D9%86%D8%AC,5.0,6,دقيقة,8,0,$15.00,يوم واحد,6,0,0.0,نبراس ا.,https://khamsat.com/user/nibras-alhadidi,True,بائع موثوق,5.0,210,99.58%,7,147,ساعة
أسلوب حياة,https://khamsat.com/lifestyle,ألعاب,https://khamsat.com/lifestyle/game-coaching,مدرب للعبه روكيت ليق للمساعدة في الوصول للأحتراف,https://khamsat.com/lifestyle/game-coaching/2954773-%D9%85%D8%AF%D8%B1%D8%A8-%D9%84%D9%84%D8%B9%D8%A8%D9%87-%D8%B1%D9%88%D9%83%D9%8A%D8%AA-%D9%84%D9%8A%D9%82-%D9%84%D9%84%D9%85%D8%B3%D8%A7%D8%B9%D8%AF%D8%A9-%D9%81%D9%8A-%D8%A7%D9%84%D9%88%D8%B5%D9%88%D9%84-%D9%84%D9%84%D8%A3%D8%AD%D8%AA%D8%B1%D8%A7%D9%81,0.0,0,لم يحسب,0,1,$5.00,يوم واحد,0,5,260.0,فارس ع.,https://khamsat.com/user/faris_655,True,بائع جديد,0.0,0,0.0%,1,0,لم يحسب
أسلوب حياة,https://khamsat.com/lifestyle,توجيه وإرشاد مهني,https://khamsat.com/lifestyle/career-counseling,بناء بروفايل احترافي على منصة لينكدان LinkedIn,https://khamsat.com/lifestyle/career-counseling/2405742-%D8%A8%D9%86%D8%A7%D8%A1-%D8%A8%D8%B1%D9%88%D9%81%D8%A7%D9%8A%D9%84-%D8%A7%D8%AD%D8%AA%D8%B1%D8%A7%D9%81%D9%8A-%D8%B9%D9%84%D9%89-%D9%85%D9%86%D8%B5%D8%A9-%D9%84%D9%8A%D9%86%D9%83%D8%AF%D8%A7%D9%86-linkedin,4.5,97,42 دقيقة,109,2,$40.00,ثلاثة أيام,25,5,105.0,.Adnan M,https://khamsat.com/user/adnan_masry,True,بائع مميز,4.5,141,98.88%,6,138,29 دقيقة
أسلوب حياة,https://khamsat.com/lifestyle,توجيه وإرشاد مهني,https://khamsat.com/lifestyle/career-counseling,إعداد حساب لينكدان يؤهلك لعمل مقابلات في شركات عالمية مثلي,https://khamsat.com/lifestyle/career-counseling/3022103-%D8%A5%D8%B9%D8%AF%D8%A7%D8%AF-%D8%AD%D8%B3%D8%A7%D8%A8-%D9%84%D9%8A%D9%86%D9%83%D8%AF%D8%A7%D9%86-%D9%8A%D8%A4%D9%87%D9%84%D9%83-%D9%84%D8%B9%D9%85%D9%84-%D9%85%D9%82%D8%A7%D8%A8%D9%84%D8%A7%D8%AA-%D9%81%D9%8A-%D8%B4%D8%B1%D9%83%D8%A7%D8%AA-%D8%B9%D8%A7%D9%84%D9%85%D9%8A%D8%A9-%D9%85%D8%AB%D9%84%D9%8A,5.0,2,8 دقائق,2,0,$10.00,يومين,2,3,40.0,.Abram A,https://khamsat.com/user/abramadham,True,بائع جديد,5.0,2,100.0%,2,2,6 ساعات
أسلوب حياة,https://khamsat.com/lifestyle,توجيه وإرشاد مهني,https://khamsat.com/lifestyle/career-counseling,تقديم استشارة لحسابك على موقع اللينكدان LinkedIn,https://khamsat.com/lifestyle/career-counseling/2047844-%D8%AA%D9%82%D8%AF%D9%8A%D9%85-%D8%A7%D8%B3%D8%AA%D8%B4%D8%A7%D8%B1%D8%A9-%D9%84%D8%AD%D8%B3%D8%A7%D8%A8%D9%83-%D8%B9%D9%84%D9%89-%D9%85%D9%88%D9%82%D8%B9-%D8%A7%D9%84%D9%84%D9%8A%D9%86%D9%83%D8%AF%D8%A7%D9%86-linkedin,5.0,23,30 دقيقة,34,0,$10.00,يومين,23,2,35.0,رهام ع.,https://khamsat.com/user/reham90,True,بائع مميز,4.5,125,98.16%,8,136,ساعتين
أسلوب حياة,https://khamsat.com/lifestyle,توجيه وإرشاد مهني,https://khamsat.com/lifestyle/career-counseling,مساعدة في بناء حساب من الصفر على منصة LinkedIn,https://khamsat.com/lifestyle/career-counseling/2997578-%D9%85%D8%B3%D8%A7%D8%B9%D8%AF%D8%A9-%D9%81%D9%8A-%D8%A8%D9%86%D8%A7%D8%A1-%D8%AD%D8%B3%D8%A7%D8%A8-%D9%85%D9%86-%D8%A7%D9%84%D8%B5%D9%81%D8%B1-%D8%B9%D9%84%D9%89-%D9%85%D9%86%D8%B5%D8%A9-linkedin,5.0,1,3 دقائق,1,1,$10.00,يومين,1,0,0.0,محمد أسامة ا.,https://khamsat.com/user/elhazina,True,بائع نشيط,5.0,8,100.0%,2,8,53 دقيقة
أسلوب حياة,https://khamsat.com/lifestyle,توجيه وإرشاد مهني,https://khamsat.com/lifestyle/career-counseling,كتابة بروفايل إحترافي في موقع LinkedIn من محترف,https://khamsat.com/lifestyle/career-counseling/2448691-%D9%83%D8%AA%D8%A7%D8%A8%D8%A9-%D8%A8%D8%B1%D9%88%D9%81%D8%A7%D9%8A%D9%84-%D8%A5%D8%AD%D8%AA%D8%B1%D8%A7%D9%81%D9%8A-%D9%81%D9%8A-%D9%85%D9%88%D9%82%D8%B9-linkedin-%D9%85%D9%86-%D9%85%D8%AD%D8%AA%D8%B1%D9%81,5.0,24,5 ساعات,30,0,$10.00,يومين,24,4,145.0,.Mohamed A,https://khamsat.com/user/mo_hameed83,True,بائع نشيط,5.0,24,97.3%,3,30,5 ساعات
أسلوب حياة,https://khamsat.com/lifestyle,توجيه وإرشاد مهني,https://khamsat.com/lifestyle/career-counseling,إحتراف موقع LinkedIn وعمل بروفايل إحترافي لتواصل الشركات,https://khamsat.com/lifestyle/career-counseling/2831556-%D8%A5%D8%AD%D8%AA%D8%B1%D8%A7%D9%81-%D9%85%D9%88%D9%82%D8%B9-linkedin-%D9%88%D8%B9%D9%85%D9%84-%D8%A8%D8%B1%D9%88%D9%81%D8%A7%D9%8A%D9%84-%D8%A5%D8%AD%D8%AA%D8%B1%D8%A7%D9%81%D9%8A-%D9%84%D8%AA%D9%88%D8%A7%D8%B5%D9%84-%D8%A7%D9%84%D8%B4%D8%B1%D9%83%D8%A7%D8%AA,5.0,10,34 دقيقة,10,0,$25.00,يوم واحد,10,1,25.0,.Bishoy F,https://khamsat.com/user/bishoyfarag,True,بائع نشيط,5.0,18,96.3%,2,17,ساعة
أسلوب حياة,https://khamsat.com/lifestyle,توجيه وإرشاد مهني,https://khamsat.com/lifestyle/career-counseling,أساعدك لتحسين حساب لينكدإن الخاص بك,https://khamsat.com/lifestyle/career-counseling/2338740-%D8%A3%D8%B3%D8%A7%D8%B9%D8%AF%D9%83-%D9%84%D8%AA%D8%AD%D8%B3%D9%8A%D9%86-%D8%AD%D8%B3%D8%A7%D8%A8-%D9%84%D9%8A%D9%86%D9%83%D8%AF%D8%A5%D9%86-%D8%A7%D9%84%D8%AE%D8%A7%D8%B5-%D8%A8%D9%83,5.0,2,17 دقيقة,4,0,$10.00,يوم واحد,2,4,220.0,أحمد ج.,https://khamsat.com/user/%D8%A3%D8%AD%D9%85%D8%AF_%D8%B1%D9%81%D8%A7%D8%B9%D9%8A,True,بائع جديد,5.0,2,100.0%,2,5,25 دقيقة
أسلوب حياة,https://khamsat.com/lifestyle,توجيه وإرشاد مهني,https://khamsat.com/lifestyle/career-counseling,كيف اتقدم الى مقابلة العمل,https://khamsat.com/lifestyle/career-counseling/2853063-%D9%83%D9%8A%D9%81-%D8%A7%D8%AA%D9%82%D8%AF%D9%85-%D8%A7%D9%84%D9%89-%D9%85%D9%82%D8%A7%D8%A8%D9%84%D8%A9-%D8%A7%D9%84%D8%B9%D9%85%D9%84,5.0,6,دقيقة,6,0,$25.00,يوم واحد,6,0,0.0,.Mostafa T,https://khamsat.com/user/mostafa_tattan,True,بائع مميز,5.0,35,93.75%,7,39,21 دقيقة
أسلوب حياة,https://khamsat.com/lifestyle,توجيه وإرشاد مهني,https://khamsat.com/lifestyle/career-counseling,استشارة شخصية وتطوير الذات,https://khamsat.com/lifestyle/career-counseling/2772140-%D8%A7%D8%B3%D8%AA%D8%B4%D8%A7%D8%B1%D8%A9-%D8%B4%D8%AE%D8%B5%D9%8A%D8%A9-%D9%88%D8%AA%D8%B7%D9%88%D9%8A%D8%B1-%D8%A7%D9%84%D8%B0%D8%A7%D8%AA,5.0,1,لم يحسب,2,0,$5.00,يومين,1,1,45.0,.Alkasem O,https://khamsat.com/user/kasem80,True,بائع نشيط,5.0,1,100.0%,1,2,لم يحسب
أسلوب حياة,https://khamsat.com/lifestyle,توجيه وإرشاد مهني,https://khamsat.com/lifestyle/career-counseling,كتابة بروفايل احترافي على منصة لينكدان Linkedin,https://khamsat.com/lifestyle/career-counseling/2854628-%D9%83%D8%AA%D8%A7%D8%A8%D8%A9-%D8%A8%D8%B1%D9%88%D9%81%D8%A7%D9%8A%D9%84-%D8%A7%D8%AD%D8%AA%D8%B1%D8%A7%D9%81%D9%8A-%D8%B9%D9%84%D9%89-%D9%85%D9%86%D8%B5%D8%A9-%D9%84%D9%8A%D9%86%D9%83%D8%AF%D8%A7%D9%86-linkedin,5.0,14,3 ساعات,19,1,$20.00,يومين,14,2,30.0,.Ali K,https://khamsat.com/user/ali_kassir33,True,بائع نشيط,5.0,27,89.13%,3,31,7 ساعات
أسلوب حياة,https://khamsat.com/lifestyle,توجيه وإرشاد مهني,https://khamsat.com/lifestyle/career-counseling,تحسين حساب لينكد إن LinkedIn وتطويره وجعله ملفت للأنظار,https://khamsat.com/lifestyle/career-counseling/2769504-%D8%AA%D8%AD%D8%B3%D9%8A%D9%86-%D8%AD%D8%B3%D8%A7%D8%A8-%D9%84%D9%8A%D9%86%D9%83%D8%AF-%D8%A5%D9%86-linkedin-%D9%88%D8%AA%D8%B7%D9%88%D9%8A%D8%B1%D9%87-%D9%88%D8%AC%D8%B9%D9%84%D9%87-%D9%85%D9%84%D9%81%D8%AA-%D9%84%D9%84%D8%A3%D9%86%D8%B8%D8%A7%D8%B1,5.0,3,دقيقتين,5,0,$10.00,يومين,3,4,30.0,محمد براء أ.,https://khamsat.com/user/%D8%A8%D8%B1%D8%A7%D8%A1-%D8%A3%D8%A8%D9%88%D8%A8%D9%83%D8%B1,True,بائع مميز,4.5,182,94.25%,14,248,47 دقيقة
أسلوب حياة,https://khamsat.com/lifestyle,توجيه وإرشاد مهني,https://khamsat.com/lifestyle/career-counseling,بناء وتطوير بروفايل أحترافي على منصة لينكد ان LinkedIn,https://khamsat.com/lifestyle/career-counseling/2844113-%D8%A8%D9%86%D8%A7%D8%A1-%D9%88%D8%AA%D8%B7%D9%88%D9%8A%D8%B1-%D8%A8%D8%B1%D9%88%D9%81%D8%A7%D9%8A%D9%84-%D8%A3%D8%AD%D8%AA%D8%B1%D8%A7%D9%81%D9%8A-%D8%B9%D9%84%D9%89-%D9%85%D9%86%D8%B5%D8%A9-%D9%84%D9%8A%D9%86%D9%83%D8%AF-%D8%A7%D9%86-linkedin,4.5,11,14 ساعة,15,0,$20.00,ثلاثة أيام,11,4,75.0,.Youssef M,https://khamsat.com/user/youssef_ramdan_11,True,بائع نشيط,4.5,11,100.0%,1,15,14 ساعة
أسلوب حياة,https://khamsat.com/lifestyle,توجيه وإرشاد مهني,https://khamsat.com/lifestyle/career-counseling,تحسين و تطوير صفحتك الشخصية على لينكدإن LinkedIn Profile,https://khamsat.com/lifestyle/career-counseling/2865362-%D8%AA%D8%AD%D8%B3%D9%8A%D9%86-%D9%88-%D8%AA%D8%B7%D9%88%D9%8A%D8%B1-%D8%B5%D9%81%D8%AD%D8%AA%D9%83-%D8%A7%D9%84%D8%B4%D8%AE%D8%B5%D9%8A%D8%A9-%D8%B9%D9%84%D9%89-%D9%84%D9%8A%D9%86%D9%83%D8%AF%D8%A5%D9%86-linkedin-profile,4.5,5,6 دقائق,5,0,$5.00,يوم واحد,5,0,0.0,.Ahmed M,https://khamsat.com/user/ahmed7mamoon,True,بائع نشيط,5.0,8,100.0%,2,8,4 ساعات
أسلوب حياة,https://khamsat.com/lifestyle,توجيه وإرشاد مهني,https://khamsat.com/lifestyle/career-counseling,كيف تنجح في مقابلات العمل,https://khamsat.com/lifestyle/career-counseling/1665008-%D9%83%D9%8A%D9%81-%D8%AA%D9%86%D8%AC%D8%AD-%D9%81%D9%8A-%D9%85%D9%82%D8%A7%D8%A8%D9%84%D8%A7%D8%AA-%D8%A7%D9%84%D8%B9%D9%85%D9%84,5.0,4,9 ساعات,7,0,$10.00,يوم واحد,4,1,25.0,محمد ع.,https://khamsat.com/user/mhdfamo2020,True,بائع مميز,4.5,66,85.88%,6,92,16 ساعة
أسلوب حياة,https://khamsat.com/lifestyle,توجيه وإرشاد مهني,https://khamsat.com/lifestyle/career-counseling,بناء وتطوير بروفايل LinkedIn بشكل احترافي,https://khamsat.com/lifestyle/career-counseling/2852077-%D8%A8%D9%86%D8%A7%D8%A1-%D9%88%D8%AA%D8%B7%D9%88%D9%8A%D8%B1-%D8%A8%D8%B1%D9%88%D9%81%D8%A7%D9%8A%D9%84-linkedin-%D8%A8%D8%B4%D9%83%D9%84-%D8%A7%D8%AD%D8%AA%D8%B1%D8%A7%D9%81%D9%8A,5.0,10,6 دقائق,11,0,$20.00,يومين,10,2,35.0,.Yaser B,https://khamsat.com/user/binhumaidahy45,True,بائع نشيط,4.5,19,93.1%,3,18,23 دقيقة
أسلوب حياة,https://khamsat.com/lifestyle,توجيه وإرشاد مهني,https://khamsat.com/lifestyle/career-counseling,التدريب الشخصي لطلاب الدكتوراه - PhD Coach,https://khamsat.com/lifestyle/career-counseling/3004085-%D8%A7%D9%84%D8%AA%D8%AF%D8%B1%D9%8A%D8%A8-%D8%A7%D9%84%D8%B4%D8%AE%D8%B5%D9%8A-%D9%84%D8%B7%D9%84%D8%A7%D8%A8-%D8%A7%D9%84%D8%AF%D9%83%D8%AA%D9%88%D8%B1%D8%A7%D9%87-phd-coach,5.0,1,7 دقائق,1,0,$5.00,يوم واحد,1,5,275.0,هشام ا.,https://khamsat.com/user/hisham_alshareef2016,True,بائع جديد,5.0,1,100.0%,1,1,7 دقائق
أسلوب حياة,https://khamsat.com/lifestyle,توجيه وإرشاد مهني,https://khamsat.com/lifestyle/career-counseling,تجهيز صفحتك المهنية على لينكدان,https://khamsat.com/lifestyle/career-counseling/1491440-%D8%AA%D8%AC%D9%87%D9%8A%D8%B2-%D8%B5%D9%81%D8%AD%D8%AA%D9%83-%D8%A7%D9%84%D9%85%D9%87%D9%86%D9%8A%D8%A9-%D8%B9%D9%84%D9%89-%D9%84%D9%8A%D9%86%D9%83%D8%AF%D8%A7%D9%86,4.5,13,21 ساعة,19,0,$15.00,ثلاثة أيام,13,3,40.0,.Amr A,https://khamsat.com/user/amr-awwad,True,بائع نشيط,4.5,18,75.68%,2,23,8 ساعات
أسلوب حياة,https://khamsat.com/lifestyle,توجيه وإرشاد مهني,https://khamsat.com/lifestyle/career-counseling,جلسات تدريب مهني Life & Career Coaching,https://khamsat.com/lifestyle/career-counseling/2902178-%D8%AC%D9%84%D8%B3%D8%A7%D8%AA-%D8%AA%D8%AF%D8%B1%D9%8A%D8%A8-%D9%85%D9%87%D9%86%D9%8A-life-career-coaching,5.0,5,9 ساعات,5,1,$10.00,يوم واحد,5,2,60.0,.Hamsa T,https://khamsat.com/user/hamsa_talaat_ibrahim,True,بائع جديد,5.0,5,100.0%,1,5,9 ساعات
أسلوب حياة,https://khamsat.com/lifestyle,توجيه وإرشاد مهني,https://khamsat.com/lifestyle/career-counseling,جلسة تدريبية على اجتياز المقابلات الوظيفية باحترافية,https://khamsat.com/lifestyle/career-counseling/2791274-%D8%AC%D9%84%D8%B3%D8%A9-%D8%AA%D8%AF%D8%B1%D9%8A%D8%A8%D9%8A%D8%A9-%D8%B9%D9%84%D9%89-%D8%A7%D8%AC%D8%AA%D9%8A%D8%A7%D8%B2-%D8%A7%D9%84%D9%85%D9%82%D8%A7%D8%A8%D9%84%D8%A7%D8%AA-%D8%A7%D9%84%D9%88%D8%B8%D9%8A%D9%81%D9%8A%D8%A9-%D8%A8%D8%A7%D8%AD%D8%AA%D8%B1%D8%A7%D9%81%D9%8A%D8%A9,5.0,3,دقيقتين,4,0,$10.00,يوم واحد,3,1,20.0,.Ahmed M,https://khamsat.com/user/elproff_ahmedsalah,True,بائع نشيط,4.5,11,100.0%,3,11,3 ساعات
أسلوب حياة,https://khamsat.com/lifestyle,توجيه وإرشاد مهني,https://khamsat.com/lifestyle/career-counseling,بناء صفحه للشركات او المؤسسات علي موقع لينكدان Linkedin,https://khamsat.com/lifestyle/career-counseling/2363660-%D8%A8%D9%86%D8%A7%D8%A1-%D8%B5%D9%81%D8%AD%D9%87-%D9%84%D9%84%D8%B4%D8%B1%D9%83%D8%A7%D8%AA-%D8%A7%D9%88-%D8%A7%D9%84%D9%85%D8%A4%D8%B3%D8%B3%D8%A7%D8%AA-%D8%B9%D9%84%D9%8A-%D9%85%D9%88%D9%82%D8%B9-%D9%84%D9%8A%D9%86%D9%83%D8%AF%D8%A7%D9%86-linkedin,4.5,13,ساعتين,19,0,$25.00,يومين,13,3,60.0,احمد ح.,https://khamsat.com/user/ahmed_hassan33,True,بائع نشيط,4.5,18,91.67%,3,27,10 ساعات
أسلوب حياة,https://khamsat.com/lifestyle,توجيه وإرشاد مهني,https://khamsat.com/lifestyle/career-counseling,تطوير تحسي بناء بروفايل لينكدان احترافي LinkedIn Optimizi,https://khamsat.com/lifestyle/career-counseling/2787014-%D8%AA%D8%B7%D9%88%D9%8A%D8%B1-%D8%AA%D8%AD%D8%B3%D9%8A-%D8%A8%D9%86%D8%A7%D8%A1-%D8%A8%D8%B1%D9%88%D9%81%D8%A7%D9%8A%D9%84-%D9%84%D9%8A%D9%86%D9%83%D8%AF%D8%A7%D9%86-%D8%A7%D8%AD%D8%AA%D8%B1%D8%A7%D9%81%D9%8A-linkedin-optimizi,4.5,33,45 دقيقة,47,2,$10.00,ثلاثة أيام,25,0,0.0,أحمد ص.,https://khamsat.com/user/asellithy,True,بائع مميز,5.0,80,99.37%,4,96,4 ساعات
أسلوب حياة,https://khamsat.com/lifestyle,توجيه وإرشاد مهني,https://khamsat.com/lifestyle/career-counseling,إنشاء بروفايل احترافي على منصة لينكدان Linkedin,https://khamsat.com/lifestyle/career-counseling/2680375-%D8%A5%D9%86%D8%B4%D8%A7%D8%A1-%D8%A8%D8%B1%D9%88%D9%81%D8%A7%D9%8A%D9%84-%D8%A7%D8%AD%D8%AA%D8%B1%D8%A7%D9%81%D9%8A-%D8%B9%D9%84%D9%89-%D9%85%D9%86%D8%B5%D8%A9-%D9%84%D9%8A%D9%86%D9%83%D8%AF%D8%A7%D9%86-linkedin,5.0,8,ساعة,8,0,$25.00,أربعة أيام,8,2,35.0,اسلام ا.,https://khamsat.com/user/islam_hessi96,True,بائع نشيط,4.5,30,83.93%,3,23,3 ساعات
أسلوب حياة,https://khamsat.com/lifestyle,توجيه وإرشاد مهني,https://khamsat.com/lifestyle/career-counseling,أقوم بإعداد بروفايل احترافي على منصة LinkedIn,https://khamsat.com/lifestyle/career-counseling/2549133-%D8%A3%D9%82%D9%88%D9%85-%D8%A8%D8%A5%D8%B9%D8%AF%D8%A7%D8%AF-%D8%A8%D8%B1%D9%88%D9%81%D8%A7%D9%8A%D9%84-%D8%A7%D8%AD%D8%AA%D8%B1%D8%A7%D9%81%D9%8A-%D8%B9%D9%84%D9%89-%D9%85%D9%86%D8%B5%D8%A9-linkedin,5.0,18,ساعتين,27,1,$25.00,يوم واحد,18,2,20.0,.Basma S,https://khamsat.com/user/unique_bas_242,True,بائع نشيط,5.0,23,82.22%,3,35,ساعة
أسلوب حياة,https://khamsat.com/lifestyle,توجيه وإرشاد مهني,https://khamsat.com/lifestyle/career-counseling,كتابة النبذة الشخصية علي موقع لينكدان باللغة الانجليزية,https://khamsat.com/lifestyle/career-counseling/2233261-%D9%83%D8%AA%D8%A7%D8%A8%D8%A9-%D8%A7%D9%84%D9%86%D8%A8%D8%B0%D8%A9-%D8%A7%D9%84%D8%B4%D8%AE%D8%B5%D9%8A%D8%A9-%D8%B9%D9%84%D9%8A-%D9%85%D9%88%D9%82%D8%B9-%D9%84%D9%8A%D9%86%D9%83%D8%AF%D8%A7%D9%86-%D8%A8%D8%A7%D9%84%D9%84%D8%BA%D8%A9-%D8%A7%D9%84%D8%A7%D9%86%D8%AC%D9%84%D9%8A%D8%B2%D9%8A%D8%A9,4.5,18,9 ساعات,20,0,$5.00,يومين,18,5,40.0,أحمد د.,https://khamsat.com/user/ahm_dawood,True,بائع مميز,4.5,87,97.53%,4,112,6 ساعات
أسلوب حياة,https://khamsat.com/lifestyle,توجيه وإرشاد مهني,https://khamsat.com/lifestyle/career-counseling,دليلك للتوظيف في دول الخليج العربي - الامارات وقطر والسعودية - معلومات 10000 شركة,https://khamsat.com/lifestyle/career-counseling/686525-%D8%AF%D9%84%D9%8A%D9%84%D9%83-%D9%84%D9%84%D8%AA%D9%88%D8%B8%D9%8A%D9%81-%D9%81%D9%8A-%D8%AF%D9%88%D9%84-%D8%A7%D9%84%D8%AE%D9%84%D9%8A%D8%AC-%D8%A7%D9%84%D8%B9%D8%B1%D8%A8%D9%8A-%D8%A7%D9%84%D8%A7%D9%85%D8%A7%D8%B1%D8%A7%D8%AA-%D9%88%D9%82%D8%B7%D8%B1-%D9%88%D8%A7%D9%84%D8%B3%D8%B9%D9%88%D8%AF%D9%8A%D8%A9-%D9%85%D8%B9%D9%84%D9%88%D9%85%D8%A7%D8%AA-10000-%D8%B4%D8%B1%D9%83%D8%A9,4.5,16,ساعتين,33,0,$5.00,يوم واحد,16,4,65.0,.Ahmed I,https://khamsat.com/user/ahmed_ibrahiem,True,بائع نشيط,4.5,18,80.0%,3,39,16 ساعة
أسلوب حياة,https://khamsat.com/lifestyle,توجيه وإرشاد مهني,https://khamsat.com/lifestyle/career-counseling,تحسين وتطوير بروفايل LinkedIn لزيادة فرصك المهنية,https://khamsat.com/lifestyle/career-counseling/2719021-%D8%AA%D8%AD%D8%B3%D9%8A%D9%86-%D9%88%D8%AA%D8%B7%D9%88%D9%8A%D8%B1-%D8%A8%D8%B1%D9%88%D9%81%D8%A7%D9%8A%D9%84-linkedin-%D9%84%D8%B2%D9%8A%D8%A7%D8%AF%D8%A9-%D9%81%D8%B1%D8%B5%D9%83-%D8%A7%D9%84%D9%85%D9%87%D9%86%D9%8A%D8%A9,5.0,5,4 ساعات,6,0,$10.00,يومين,5,0,0.0,علي س.,https://khamsat.com/user/swe_alisamir,True,بائع جديد,5.0,5,60.0%,2,6,4 ساعات
أسلوب حياة,https://khamsat.com/lifestyle,توجيه وإرشاد مهني,https://khamsat.com/lifestyle/career-counseling,تعديل ملفك الشخصي على لينكدين بطريقة احترافية,https://khamsat.com/lifestyle/career-counseling/2742205-%D8%AA%D8%B9%D8%AF%D9%8A%D9%84-%D9%85%D9%84%D9%81%D9%83-%D8%A7%D9%84%D8%B4%D8%AE%D8%B5%D9%8A-%D8%B9%D9%84%D9%89-%D9%84%D9%8A%D9%86%D9%83%D8%AF%D9%8A%D9%86-%D8%A8%D8%B7%D8%B1%D9%8A%D9%82%D8%A9-%D8%A7%D8%AD%D8%AA%D8%B1%D8%A7%D9%81%D9%8A%D8%A9,5.0,1,4 ساعات,10,0,$15.00,خمسة أيام,1,0,0.0,.Farid K,https://khamsat.com/user/faridxlff,True,بائع نشيط,4.5,28,95.59%,2,173,ساعتين
أسلوب حياة,https://khamsat.com/lifestyle,توجيه وإرشاد مهني,https://khamsat.com/lifestyle/career-counseling,معلومات ونصائح تساعدك ليكون حسابك مميز وكامل في LinkedIn,https://khamsat.com/lifestyle/career-counseling/2059185-%D9%85%D8%B9%D9%84%D9%88%D9%85%D8%A7%D8%AA-%D9%88%D9%86%D8%B5%D8%A7%D8%A6%D8%AD-%D8%AA%D8%B3%D8%A7%D8%B9%D8%AF%D9%83-%D9%84%D9%8A%D9%83%D9%88%D9%86-%D8%AD%D8%B3%D8%A7%D8%A8%D9%83-%D9%85%D9%85%D9%8A%D8%B2-%D9%88%D9%83%D8%A7%D9%85%D9%84-%D9%81%D9%8A-linkedin,5.0,5,4 ساعات,8,0,$5.00,يومين,5,3,20.0,.Omar M,https://khamsat.com/user/omar_2201,True,بائع نشيط,5.0,5,94.44%,3,8,3 ساعات
أسلوب حياة,https://khamsat.com/lifestyle,توجيه وإرشاد مهني,https://khamsat.com/lifestyle/career-counseling,دورة ستجعلك تحصل على وظيفة في أكبر الشركات بأعلى المرتبات,https://khamsat.com/lifestyle/career-counseling/1020682-%D8%AF%D9%88%D8%B1%D8%A9-%D8%B3%D8%AA%D8%AC%D8%B9%D9%84%D9%83-%D8%AA%D8%AD%D8%B5%D9%84-%D8%B9%D9%84%D9%89-%D9%88%D8%B8%D9%8A%D9%81%D8%A9-%D9%81%D9%8A-%D8%A3%D9%83%D8%A8%D8%B1-%D8%A7%D9%84%D8%B4%D8%B1%D9%83%D8%A7%D8%AA-%D8%A8%D8%A3%D8%B9%D9%84%D9%89-%D8%A7%D9%84%D9%85%D8%B1%D8%AA%D8%A8%D8%A7%D8%AA,5.0,5,ساعة,9,0,$5.00,يوم واحد,5,1,5.0,أحمد م.,https://khamsat.com/user/ahmedmohsen865,True,بائع مميز,5.0,132,98.19%,8,196,5 ساعات
أسلوب حياة,https://khamsat.com/lifestyle,توجيه وإرشاد مهني,https://khamsat.com/lifestyle/career-counseling,بناء حساب من الصفر على منصة LinkedIn واضافة سيرة ذاتية إليه,https://khamsat.com/lifestyle/career-counseling/2550345-%D8%A8%D9%86%D8%A7%D8%A1-%D8%AD%D8%B3%D8%A7%D8%A8-%D9%85%D9%86-%D8%A7%D9%84%D8%B5%D9%81%D8%B1-%D8%B9%D9%84%D9%89-%D9%85%D9%86%D8%B5%D8%A9-linkedin-%D9%88%D8%A7%D8%B6%D8%A7%D9%81%D8%A9-%D8%B3%D9%8A%D8%B1%D8%A9-%D8%B0%D8%A7%D8%AA%D9%8A%D8%A9-%D8%A5%D9%84%D9%8A%D9%87,4.5,36,ساعة,58,1,$10.00,يوم واحد,25,4,25.0,محمود ع.,https://khamsat.com/user/mahmoodessam8,True,بائع مميز,4.5,36,88.73%,4,61,43 دقيقة
أسلوب حياة,https://khamsat.com/lifestyle,استشارات شخصية,https://khamsat.com/lifestyle/life-coaching,تقديم تدريب نفسي ومهاري للأطفال والمراهقين(ساعة),https://khamsat.com/lifestyle/life-coaching/1585854-%D8%AA%D9%82%D8%AF%D9%8A%D9%85-%D8%AA%D8%AF%D8%B1%D9%8A%D8%A8-%D9%86%D9%81%D8%B3%D9%8A-%D9%88%D9%85%D9%87%D8%A7%D8%B1%D9%8A-%D9%84%D9%84%D8%A3%D8%B7%D9%81%D8%A7%D9%84-%D9%88%D8%A7%D9%84%D9%85%D8%B1%D8%A7%D9%87%D9%82%D9%8A%D9%86%D8%B3%D8%A7%D8%B9%D8%A9,5.0,5,4 ساعات,7,0,$5.00,يوم واحد,5,2,80.0,آسية ا.,https://khamsat.com/user/assyahelgendy,True,بائع مميز,5.0,15,96.83%,2,18,10 ساعات
أسلوب حياة,https://khamsat.com/lifestyle,استشارات شخصية,https://khamsat.com/lifestyle/life-coaching,استشارية العلاقات الزوجية والأسرية للوصول لحياة أفضل,https://khamsat.com/lifestyle/life-coaching/2741859-%D8%A7%D8%B3%D8%AA%D8%B4%D8%A7%D8%B1%D9%8A%D8%A9-%D8%A7%D9%84%D8%B9%D9%84%D8%A7%D9%82%D8%A7%D8%AA-%D8%A7%D9%84%D8%B2%D9%88%D8%AC%D9%8A%D8%A9-%D9%88%D8%A7%D9%84%D8%A3%D8%B3%D8%B1%D9%8A%D8%A9-%D9%84%D9%84%D9%88%D8%B5%D9%88%D9%84-%D9%84%D8%AD%D9%8A%D8%A7%D8%A9-%D8%A3%D9%81%D8%B6%D9%84,5.0,4,48 دقيقة,5,0,$25.00,يوم واحد,4,0,0.0,.Nouran A,https://khamsat.com/user/nourano86,True,بائع نشيط,4.5,25,96.0%,7,24,10 دقائق
أسلوب حياة,https://khamsat.com/lifestyle,استشارات شخصية,https://khamsat.com/lifestyle/life-coaching,أقدم استشارات نفسية,https://khamsat.com/lifestyle/life-coaching/2897912-%D8%A3%D9%82%D8%AF%D9%85-%D8%A7%D8%B3%D8%AA%D8%B4%D8%A7%D8%B1%D8%A7%D8%AA-%D9%86%D9%81%D8%B3%D9%8A%D8%A9,5.0,3,10 دقائق,4,0,$10.00,يوم واحد,3,0,0.0,ميمونة أم النصر س.,https://khamsat.com/user/mimouna_sallah,True,بائع جديد,5.0,3,100.0%,1,4,10 دقائق
أسلوب حياة,https://khamsat.com/lifestyle,استشارات شخصية,https://khamsat.com/lifestyle/life-coaching,جلسه لايف كوتشينج لحياه افضل,https://khamsat.com/lifestyle/life-coaching/2625409-%D8%AC%D9%84%D8%B3%D9%87-%D9%84%D8%A7%D9%8A%D9%81-%D9%83%D9%88%D8%AA%D8%B4%D9%8A%D9%86%D8%AC-%D9%84%D8%AD%D9%8A%D8%A7%D9%87-%D8%A7%D9%81%D8%B6%D9%84,5.0,13,دقيقتين,14,0,$10.00,يوم واحد,13,5,60.0,.Rania G,https://khamsat.com/user/raniag,True,بائع نشيط,5.0,19,89.66%,2,20,ساعتين
أسلوب حياة,https://khamsat.com/lifestyle,استشارات شخصية,https://khamsat.com/lifestyle/life-coaching,اخصائية نفسانية للطفل والمراهق والراشد,https://khamsat.com/lifestyle/life-coaching/3018615-%D8%A7%D8%AE%D8%B5%D8%A7%D8%A6%D9%8A%D8%A9-%D9%86%D9%81%D8%B3%D8%A7%D9%86%D9%8A%D8%A9-%D9%84%D9%84%D8%B7%D9%81%D9%84-%D9%88%D8%A7%D9%84%D9%85%D8%B1%D8%A7%D9%87%D9%82-%D9%88%D8%A7%D9%84%D8%B1%D8%A7%D8%B4%D8%AF,0.0,0,ساعتين,1,0,$10.00,يوم واحد,0,0,0.0,.Hanaa M,https://khamsat.com/user/hanaamoulkellah,True,بائع جديد,0.0,0,100.0%,1,1,ساعتين
أسلوب حياة,https://khamsat.com/lifestyle,استشارات شخصية,https://khamsat.com/lifestyle/life-coaching,تعرّف على شخصيتك أكثر وفق مقياس MBTI,https://khamsat.com/lifestyle/life-coaching/575947-%D8%AA%D8%B9%D8%B1%D9%81-%D8%B9%D9%84%D9%89-%D8%B4%D8%AE%D8%B5%D9%8A%D8%AA%D9%83-%D8%A3%D9%83%D8%AB%D8%B1-%D9%88%D9%81%D9%82-%D9%85%D9%82%D9%8A%D8%A7%D8%B3-mbti,5.0,82,17 دقيقة,141,0,$5.00,يوم واحد,25,5,30.0,.Ahmad M,https://khamsat.com/user/xahmad.mu,True,بائع موثوق,5.0,82,92.61%,1,141,ساعة
أسلوب حياة,https://khamsat.com/lifestyle,استشارات شخصية,https://khamsat.com/lifestyle/life-coaching,استشارة نفسية وإرشاد اسري,https://khamsat.com/lifestyle/life-coaching/2841604-%D8%A7%D8%B3%D8%AA%D8%B4%D8%A7%D8%B1%D8%A9-%D9%86%D9%81%D8%B3%D9%8A%D8%A9-%D9%88%D8%A5%D8%B1%D8%B4%D8%A7%D8%AF-%D8%A7%D8%B3%D8%B1%D9%8A,5.0,8,3 أيام,8,0,$5.00,ثلاثة أيام,8,5,110.0,هدى ص.,https://khamsat.com/user/hoda_sadek,True,بائع نشيط,5.0,8,100.0%,1,8,3 أيام
أسلوب حياة,https://khamsat.com/lifestyle,استشارات شخصية,https://khamsat.com/lifestyle/life-coaching,أخصائية نفسية وعلاج المشاكل السلوكية والاجتماعية والاسرية,https://khamsat.com/lifestyle/life-coaching/2688909-%D8%A3%D8%AE%D8%B5%D8%A7%D8%A6%D9%8A%D8%A9-%D9%86%D9%81%D8%B3%D9%8A%D8%A9-%D9%88%D8%B9%D9%84%D8%A7%D8%AC-%D8%A7%D9%84%D9%85%D8%B4%D8%A7%D9%83%D9%84-%D8%A7%D9%84%D8%B3%D9%84%D9%88%D9%83%D9%8A%D8%A9-%D9%88%D8%A7%D9%84%D8%A7%D8%AC%D8%AA%D9%85%D8%A7%D8%B9%D9%8A%D8%A9-%D9%88%D8%A7%D9%84%D8%A7%D8%B3%D8%B1%D9%8A%D8%A9,4.5,9,دقيقة,10,0,$25.00,يوم واحد,9,1,75.0,.Nouran A,https://khamsat.com/user/nourano86,True,بائع نشيط,4.5,25,96.0%,7,24,10 دقائق
أسلوب حياة,https://khamsat.com/lifestyle,استشارات شخصية,https://khamsat.com/lifestyle/life-coaching,"اختبار رورشاخ ""بقع الحبر""",https://khamsat.com/lifestyle/life-coaching/3033482-%D8%A7%D8%AE%D8%AA%D8%A8%D8%A7%D8%B1-%D8%B1%D9%88%D8%B1%D8%B4%D8%A7%D8%AE-%D8%A8%D9%82%D8%B9-%D8%A7%D9%84%D8%AD%D8%A8%D8%B1,0.0,0,لم يحسب,1,0,$5.00,يوم واحد,0,0,0.0,رهف خ.,https://khamsat.com/user/rahafkhalaf11,False,بائع جديد,0.0,0,100.0%,2,1,لم يحسب
أسلوب حياة,https://khamsat.com/lifestyle,استشارات شخصية,https://khamsat.com/lifestyle/life-coaching,استشارات شخصية وحياتية وترتيب أفكار,https://khamsat.com/lifestyle/life-coaching/2433265-%D8%A7%D8%B3%D8%AA%D8%B4%D8%A7%D8%B1%D8%A7%D8%AA-%D8%B4%D8%AE%D8%B5%D9%8A%D8%A9-%D9%88%D8%AD%D9%8A%D8%A7%D8%AA%D9%8A%D8%A9-%D9%88%D8%AA%D8%B1%D8%AA%D9%8A%D8%A8-%D8%A3%D9%81%D9%83%D8%A7%D8%B1,5.0,4,ساعتين,4,0,$15.00,يوم واحد,4,2,125.0,.Aya E,https://khamsat.com/user/mmacompany,True,بائع نشيط,5.0,7,100.0%,7,6,ساعة
أسلوب حياة,https://khamsat.com/lifestyle,استشارات شخصية,https://khamsat.com/lifestyle/life-coaching,تنظيم الوقت وزيادة الإنتاجية وبقوائم وأهداف.,https://khamsat.com/lifestyle/life-coaching/2967520-%D8%AA%D9%86%D8%B8%D9%8A%D9%85-%D8%A7%D9%84%D9%88%D9%82%D8%AA-%D9%88%D8%B2%D9%8A%D8%A7%D8%AF%D8%A9-%D8%A7%D9%84%D8%A5%D9%86%D8%AA%D8%A7%D8%AC%D9%8A%D8%A9-%D9%88%D8%A8%D9%82%D9%88%D8%A7%D8%A6%D9%85-%D9%88%D8%A3%D9%87%D8%AF%D8%A7%D9%81,0.0,0,لم يحسب,1,0,$5.00,يوم واحد,0,0,0.0,حسن ا.,https://khamsat.com/user/joksav,True,بائع جديد,0.0,0,100.0%,5,1,لم يحسب
أسلوب حياة,https://khamsat.com/lifestyle,استشارات شخصية,https://khamsat.com/lifestyle/life-coaching,جلسة أستماع و تفريغ الطاقة السلبية,https://khamsat.com/lifestyle/life-coaching/2967801-%D8%AC%D9%84%D8%B3%D8%A9-%D8%A3%D8%B3%D8%AA%D9%85%D8%A7%D8%B9-%D9%88-%D8%AA%D9%81%D8%B1%D9%8A%D8%BA-%D8%A7%D9%84%D8%B7%D8%A7%D9%82%D8%A9-%D8%A7%D9%84%D8%B3%D9%84%D8%A8%D9%8A%D8%A9,5.0,3,ساعة,3,0,$5.00,يوم واحد,3,0,0.0,.Rahma H,https://khamsat.com/user/rahmahabesh,True,بائع جديد,5.0,3,100.0%,1,3,ساعة
أسلوب حياة,https://khamsat.com/lifestyle,استشارات شخصية,https://khamsat.com/lifestyle/life-coaching,افحص قدرتك العقلية وصحتك النفسية,https://khamsat.com/lifestyle/life-coaching/1276186-%D8%A7%D9%81%D8%AD%D8%B5-%D9%82%D8%AF%D8%B1%D8%AA%D9%83-%D8%A7%D9%84%D8%B9%D9%82%D9%84%D9%8A%D8%A9-%D9%88%D8%B5%D8%AD%D8%AA%D9%83-%D8%A7%D9%84%D9%86%D9%81%D8%B3%D9%8A%D8%A9,4.5,7,57 دقيقة,11,0,$20.00,يوم واحد,7,2,60.0,.Doaa E,https://khamsat.com/user/doaa_e_hussein,True,بائع مميز,4.5,57,91.13%,6,84,يوم
أسلوب حياة,https://khamsat.com/lifestyle,استشارات شخصية,https://khamsat.com/lifestyle/life-coaching,استشارات في مجال اللايف كوتشنج,https://khamsat.com/lifestyle/life-coaching/2391391-%D8%A7%D8%B3%D8%AA%D8%B4%D8%A7%D8%B1%D8%A7%D8%AA-%D9%81%D9%8A-%D9%85%D8%AC%D8%A7%D9%84-%D8%A7%D9%84%D9%84%D8%A7%D9%8A%D9%81-%D9%83%D9%88%D8%AA%D8%B4%D9%86%D8%AC,5.0,3,5 دقائق,4,0,$15.00,يوم واحد,3,2,125.0,.Aya E,https://khamsat.com/user/mmacompany,True,بائع نشيط,5.0,7,100.0%,7,6,ساعة
أسلوب حياة,https://khamsat.com/lifestyle,استشارات شخصية,https://khamsat.com/lifestyle/life-coaching,توجيهك لمعرفة كيف تعرف انك بحاجة لاستشارة نفسية,https://khamsat.com/lifestyle/life-coaching/2739019-%D8%AA%D9%88%D8%AC%D9%8A%D9%87%D9%83-%D9%84%D9%85%D8%B9%D8%B1%D9%81%D8%A9-%D9%83%D9%8A%D9%81-%D8%AA%D8%B9%D8%B1%D9%81-%D8%A7%D9%86%D9%83-%D8%A8%D8%AD%D8%A7%D8%AC%D8%A9-%D9%84%D8%A7%D8%B3%D8%AA%D8%B4%D8%A7%D8%B1%D8%A9-%D9%86%D9%81%D8%B3%D9%8A%D8%A9,4.5,6,6 دقائق,7,0,$5.00,يوم واحد,6,0,0.0,.Nouran A,https://khamsat.com/user/nourano86,True,بائع نشيط,4.5,25,96.0%,7,24,10 دقائق
أسلوب حياة,https://khamsat.com/lifestyle,استشارات شخصية,https://khamsat.com/lifestyle/life-coaching,معالجة نفسية ( اخصائي نفسى أكلينيكى ),https://khamsat.com/lifestyle/life-coaching/2804655-%D9%85%D8%B9%D8%A7%D9%84%D8%AC%D8%A9-%D9%86%D9%81%D8%B3%D9%8A%D8%A9-%D8%A7%D8%AE%D8%B5%D8%A7%D8%A6%D9%8A-%D9%86%D9%81%D8%B3%D9%89-%D8%A3%D9%83%D9%84%D9%8A%D9%86%D9%8A%D9%83%D9%89,5.0,3,13 ساعة,6,0,$5.00,يوم واحد,3,1,20.0,فاطمة ف.,https://khamsat.com/user/fatema_farrag,True,بائع نشيط,5.0,3,94.12%,2,6,13 ساعة
أسلوب حياة,https://khamsat.com/lifestyle,استشارات شخصية,https://khamsat.com/lifestyle/life-coaching,استشارات شخصية وتقييم نفسي,https://khamsat.com/lifestyle/life-coaching/2967575-%D8%A7%D8%B3%D8%AA%D8%B4%D8%A7%D8%B1%D8%A7%D8%AA-%D8%B4%D8%AE%D8%B5%D9%8A%D8%A9-%D9%88%D8%AA%D9%82%D9%8A%D9%8A%D9%85-%D9%86%D9%81%D8%B3%D9%8A,5.0,3,دقيقتين,3,1,$10.00,يوم واحد,3,3,55.0,نور ا.,https://khamsat.com/user/ninja23115,True,بائع نشيط,5.0,3,100.0%,1,3,دقيقتين
أسلوب حياة,https://khamsat.com/lifestyle,استشارات شخصية,https://khamsat.com/lifestyle/life-coaching,استشارات شخصية التعرف على الذات مستويات الأدراك العقلية,https://khamsat.com/lifestyle/life-coaching/2033799-%D8%A7%D8%B3%D8%AA%D8%B4%D8%A7%D8%B1%D8%A7%D8%AA-%D8%B4%D8%AE%D8%B5%D9%8A%D8%A9-%D8%A7%D9%84%D8%AA%D8%B9%D8%B1%D9%81-%D8%B9%D9%84%D9%89-%D8%A7%D9%84%D8%B0%D8%A7%D8%AA-%D9%85%D8%B3%D8%AA%D9%88%D9%8A%D8%A7%D8%AA-%D8%A7%D9%84%D8%A3%D8%AF%D8%B1%D8%A7%D9%83-%D8%A7%D9%84%D8%B9%D9%82%D9%84%D9%8A%D8%A9,5.0,7,16 دقيقة,7,0,$10.00,يوم واحد,7,1,45.0,شيرين ر.,https://khamsat.com/user/felel26,True,بائع نشيط,5.0,8,100.0%,2,7,16 دقيقة
أسلوب حياة,https://khamsat.com/lifestyle,استشارات شخصية,https://khamsat.com/lifestyle/life-coaching,جلسات للتخلص من الحساسية النفسية والوصول للمتان النفسية,https://khamsat.com/lifestyle/life-coaching/2786799-%D8%AC%D9%84%D8%B3%D8%A7%D8%AA-%D9%84%D9%84%D8%AA%D8%AE%D9%84%D8%B5-%D9%85%D9%86-%D8%A7%D9%84%D8%AD%D8%B3%D8%A7%D8%B3%D9%8A%D8%A9-%D8%A7%D9%84%D9%86%D9%81%D8%B3%D9%8A%D8%A9-%D9%88%D8%A7%D9%84%D9%88%D8%B5%D9%88%D9%84-%D9%84%D9%84%D9%85%D8%AA%D8%A7%D9%86-%D8%A7%D9%84%D9%86%D9%81%D8%B3%D9%8A%D8%A9,5.0,1,ساعتين,2,0,$10.00,يوم واحد,1,5,305.0,.Youmna E,https://khamsat.com/user/therapistyoumna,True,بائع نشيط,5.0,7,100.0%,3,7,3 ساعات
أسلوب حياة,https://khamsat.com/lifestyle,استشارات شخصية,https://khamsat.com/lifestyle/life-coaching,استشارة نفسية للتخلص من الفوبيا او الخوف بأنواعه,https://khamsat.com/lifestyle/life-coaching/2777616-%D8%A7%D8%B3%D8%AA%D8%B4%D8%A7%D8%B1%D8%A9-%D9%86%D9%81%D8%B3%D9%8A%D8%A9-%D9%84%D9%84%D8%AA%D8%AE%D9%84%D8%B5-%D9%85%D9%86-%D8%A7%D9%84%D9%81%D9%88%D8%A8%D9%8A%D8%A7-%D8%A7%D9%88-%D8%A7%D9%84%D8%AE%D9%88%D9%81-%D8%A8%D8%A3%D9%86%D9%88%D8%A7%D8%B9%D9%87,5.0,5,5 ساعات,5,0,$10.00,يوم واحد,5,2,25.0,.Youmna E,https://khamsat.com/user/therapistyoumna,True,بائع نشيط,5.0,7,100.0%,3,7,3 ساعات
أسلوب حياة,https://khamsat.com/lifestyle,استشارات شخصية,https://khamsat.com/lifestyle/life-coaching,كيف تكون مرن نفسيا,https://khamsat.com/lifestyle/life-coaching/2719723-%D9%83%D9%8A%D9%81-%D8%AA%D9%83%D9%88%D9%86-%D9%85%D8%B1%D9%86-%D9%86%D9%81%D8%B3%D9%8A%D8%A7,5.0,3,3 دقائق,3,0,$10.00,يوم واحد,3,0,0.0,.Nouran A,https://khamsat.com/user/nourano86,True,بائع نشيط,4.5,25,96.0%,7,24,10 دقائق
أسلوب حياة,https://khamsat.com/lifestyle,استشارات شخصية,https://khamsat.com/lifestyle/life-coaching,استشارات شخصية وجلسات فضفضة,https://khamsat.com/lifestyle/life-coaching/2810384-%D8%A7%D8%B3%D8%AA%D8%B4%D8%A7%D8%B1%D8%A7%D8%AA-%D8%B4%D8%AE%D8%B5%D9%8A%D8%A9-%D9%88%D8%AC%D9%84%D8%B3%D8%A7%D8%AA-%D9%81%D8%B6%D9%81%D8%B6%D8%A9,4.5,6,49 دقيقة,8,0,$10.00,يوم واحد,6,2,45.0,.Samar A,https://khamsat.com/user/samarsam,True,بائع نشيط,4.5,6,100.0%,2,8,3 ساعات
أسلوب حياة,https://khamsat.com/lifestyle,استشارات شخصية,https://khamsat.com/lifestyle/life-coaching,لايف كوتش المساعدة في الإرشاد والتوجيه وتقديم الدعم المناسب,https://khamsat.com/lifestyle/life-coaching/3026978-%D9%84%D8%A7%D9%8A%D9%81-%D9%83%D9%88%D8%AA%D8%B4-%D8%A7%D9%84%D9%85%D8%B3%D8%A7%D8%B9%D8%AF%D8%A9-%D9%81%D9%8A-%D8%A7%D9%84%D8%A5%D8%B1%D8%B4%D8%A7%D8%AF-%D9%88%D8%A7%D9%84%D8%AA%D9%88%D8%AC%D9%8A%D9%87-%D9%88%D8%AA%D9%82%D8%AF%D9%8A%D9%85-%D8%A7%D9%84%D8%AF%D8%B9%D9%85-%D8%A7%D9%84%D9%85%D9%86%D8%A7%D8%B3%D8%A8,5.0,1,ساعة,1,0,$5.00,يوم واحد,1,1,5.0,.Mohammed A,https://khamsat.com/user/mbantan,True,مشتري مميز,5.0,1,100.0%,1,1,ساعة
أسلوب حياة,https://khamsat.com/lifestyle,استشارات شخصية,https://khamsat.com/lifestyle/life-coaching,تكلم لتراي نفسك استشارات في مجال الصحة النفسية,https://khamsat.com/lifestyle/life-coaching/2719149-%D8%AA%D9%83%D9%84%D9%85-%D9%84%D8%AA%D8%B1%D8%A7%D9%8A-%D9%86%D9%81%D8%B3%D9%83-%D8%A7%D8%B3%D8%AA%D8%B4%D8%A7%D8%B1%D8%A7%D8%AA-%D9%81%D9%8A-%D9%85%D8%AC%D8%A7%D9%84-%D8%A7%D9%84%D8%B5%D8%AD%D8%A9-%D8%A7%D9%84%D9%86%D9%81%D8%B3%D9%8A%D8%A9,5.0,2,20 دقيقة,3,0,$10.00,يوم واحد,2,0,0.0,.Lamiaa A,https://khamsat.com/user/lama911,True,بائع جديد,5.0,2,100.0%,1,3,20 دقيقة
أسلوب حياة,https://khamsat.com/lifestyle,استشارات شخصية,https://khamsat.com/lifestyle/life-coaching,استشارات مع دكتوره نفسيه فى جميع المجالات,https://khamsat.com/lifestyle/life-coaching/2387516-%D8%A7%D8%B3%D8%AA%D8%B4%D8%A7%D8%B1%D8%A7%D8%AA-%D9%85%D8%B9-%D8%AF%D9%83%D8%AA%D9%88%D8%B1%D9%87-%D9%86%D9%81%D8%B3%D9%8A%D9%87-%D9%81%D9%89-%D8%AC%D9%85%D9%8A%D8%B9-%D8%A7%D9%84%D9%85%D8%AC%D8%A7%D9%84%D8%A7%D8%AA,5.0,6,20 ساعة,7,0,$10.00,يومين,6,0,0.0,دنيا ه.,https://khamsat.com/user/donia11,True,بائع نشيط,5.0,7,92.86%,2,8,7 ساعات
أسلوب حياة,https://khamsat.com/lifestyle,استشارات شخصية,https://khamsat.com/lifestyle/life-coaching,استشارة نفسية أو حياتية جلسات فضفضة بكامل السرية,https://khamsat.com/lifestyle/life-coaching/2683804-%D8%A7%D8%B3%D8%AA%D8%B4%D8%A7%D8%B1%D8%A9-%D9%86%D9%81%D8%B3%D9%8A%D8%A9-%D8%A3%D9%88-%D8%AD%D9%8A%D8%A7%D8%AA%D9%8A%D8%A9-%D8%AC%D9%84%D8%B3%D8%A7%D8%AA-%D9%81%D8%B6%D9%81%D8%B6%D8%A9-%D8%A8%D9%83%D8%A7%D9%85%D9%84-%D8%A7%D9%84%D8%B3%D8%B1%D9%8A%D8%A9,5.0,2,9 ساعات,2,0,$10.00,يوم واحد,2,0,0.0,عبد الرحمن ا.,https://khamsat.com/user/coach_abedalrahman,True,بائع جديد,5.0,2,100.0%,1,2,9 ساعات
أسلوب حياة,https://khamsat.com/lifestyle,استشارات شخصية,https://khamsat.com/lifestyle/life-coaching,استماع وفضفضة ومحادثة (دعم نفسي),https://khamsat.com/lifestyle/life-coaching/2650962-%D8%A7%D8%B3%D8%AA%D9%85%D8%A7%D8%B9-%D9%88%D9%81%D8%B6%D9%81%D8%B6%D8%A9-%D9%88%D9%85%D8%AD%D8%A7%D8%AF%D8%AB%D8%A9-%D8%AF%D8%B9%D9%85-%D9%86%D9%81%D8%B3%D9%8A,5.0,1,لم يحسب,1,0,$20.00,يوم واحد,1,0,0.0,فاطمة ا.,https://khamsat.com/user/fat2525,True,بائع مميز,5.0,24,100.0%,6,38,12 ساعة
أسلوب حياة,https://khamsat.com/lifestyle,استشارات شخصية,https://khamsat.com/lifestyle/life-coaching,جلسات فضفضة واستشارات الدعم النفسي,https://khamsat.com/lifestyle/life-coaching/2696359-%D8%AC%D9%84%D8%B3%D8%A7%D8%AA-%D9%81%D8%B6%D9%81%D8%B6%D8%A9-%D9%88%D8%A7%D8%B3%D8%AA%D8%B4%D8%A7%D8%B1%D8%A7%D8%AA-%D8%A7%D9%84%D8%AF%D8%B9%D9%85-%D8%A7%D9%84%D9%86%D9%81%D8%B3%D9%8A,4.5,9,58 دقيقة,11,0,$5.00,يوم واحد,9,2,20.0,.Garam M,https://khamsat.com/user/gharam_may,True,بائع نشيط,4.5,16,91.3%,4,18,27 دقيقة
أسلوب حياة,https://khamsat.com/lifestyle,استشارات شخصية,https://khamsat.com/lifestyle/life-coaching,اخصائية نفسية لكيفية التعامل مع ذوي الاحتياجات,https://khamsat.com/lifestyle/life-coaching/2695552-%D8%A7%D8%AE%D8%B5%D8%A7%D8%A6%D9%8A%D8%A9-%D9%86%D9%81%D8%B3%D9%8A%D8%A9-%D9%84%D9%83%D9%8A%D9%81%D9%8A%D8%A9-%D8%A7%D9%84%D8%AA%D8%B9%D8%A7%D9%85%D9%84-%D9%85%D8%B9-%D8%B0%D9%88%D9%8A-%D8%A7%D9%84%D8%A7%D8%AD%D8%AA%D9%8A%D8%A7%D8%AC%D8%A7%D8%AA,5.0,1,دقيقة,1,0,$10.00,يوم واحد,1,0,0.0,.Nouran A,https://khamsat.com/user/nourano86,True,بائع نشيط,4.5,25,96.0%,7,24,10 دقائق
أسلوب حياة,https://khamsat.com/lifestyle,استشارات شخصية,https://khamsat.com/lifestyle/life-coaching,استشارات نفسية لحل مشاكل العلاقات بكل انواعها,https://khamsat.com/lifestyle/life-coaching/2786777-%D8%A7%D8%B3%D8%AA%D8%B4%D8%A7%D8%B1%D8%A7%D8%AA-%D9%86%D9%81%D8%B3%D9%8A%D8%A9-%D9%84%D8%AD%D9%84-%D9%85%D8%B4%D8%A7%D9%83%D9%84-%D8%A7%D9%84%D8%B9%D9%84%D8%A7%D9%82%D8%A7%D8%AA-%D8%A8%D9%83%D9%84-%D8%A7%D9%86%D9%88%D8%A7%D8%B9%D9%87%D8%A7,5.0,1,ساعة,1,0,$10.00,يوم واحد,1,2,40.0,.Youmna E,https://khamsat.com/user/therapistyoumna,True,بائع نشيط,5.0,7,100.0%,3,7,3 ساعات
أسلوب حياة,https://khamsat.com/lifestyle,لياقة بدنية,https://khamsat.com/lifestyle/fitness-lessons,برنامج غذائي وتدريبي مخصص,https://khamsat.com/lifestyle/fitness-lessons/2558565-%D8%A8%D8%B1%D9%86%D8%A7%D9%85%D8%AC-%D8%BA%D8%B0%D8%A7%D8%A6%D9%8A-%D9%88%D8%AA%D8%AF%D8%B1%D9%8A%D8%A8%D9%8A-%D9%85%D8%AE%D8%B5%D8%B5,5.0,1,13 ساعة,1,0,$5.00,يوم واحد,1,0,0.0,.Riad E,https://khamsat.com/user/ramyezzat,True,بائع جديد,5.0,1,100.0%,1,1,13 ساعة
أسلوب حياة,https://khamsat.com/lifestyle,لياقة بدنية,https://khamsat.com/lifestyle/fitness-lessons,نظام غذائي صحي و رياضي يضمن لك زياده او تخفيف الوزن,https://khamsat.com/lifestyle/fitness-lessons/2733741-%D9%86%D8%B8%D8%A7%D9%85-%D8%BA%D8%B0%D8%A7%D8%A6%D9%8A-%D8%B5%D8%AD%D9%8A-%D9%88-%D8%B1%D9%8A%D8%A7%D8%B6%D9%8A-%D9%8A%D8%B6%D9%85%D9%86-%D9%84%D9%83-%D8%B2%D9%8A%D8%A7%D8%AF%D9%87-%D8%A7%D9%88-%D8%AA%D8%AE%D9%81%D9%8A%D9%81-%D8%A7%D9%84%D9%88%D8%B2%D9%86,0.0,0,لم يحسب,0,0,$5.00,يوم واحد,0,1,10.0,شيماء أ.,https://khamsat.com/user/shyma25,True,بائع جديد,0.0,0,لم يحسب بعد,3,0,لم يحسب
أسلوب حياة,https://khamsat.com/lifestyle,لياقة بدنية,https://khamsat.com/lifestyle/fitness-lessons,اجيب عن اي استفسار حول الرياضة وكمال الاجسام,https://khamsat.com/lifestyle/fitness-lessons/2093588-%D8%A7%D8%AC%D9%8A%D8%A8-%D8%B9%D9%86-%D8%A7%D9%8A-%D8%A7%D8%B3%D8%AA%D9%81%D8%B3%D8%A7%D8%B1-%D8%AD%D9%88%D9%84-%D8%A7%D9%84%D8%B1%D9%8A%D8%A7%D8%B6%D8%A9-%D9%88%D9%83%D9%85%D8%A7%D9%84-%D8%A7%D9%84%D8%A7%D8%AC%D8%B3%D8%A7%D9%85,4.5,2,3 ساعات,3,0,$5.00,يوم واحد,2,4,20.0,محمد لمين ق.,https://khamsat.com/user/lamino_fit,True,بائع جديد,4.5,2,100.0%,1,3,3 ساعات
أسلوب حياة,https://khamsat.com/lifestyle,لياقة بدنية,https://khamsat.com/lifestyle/fitness-lessons,مصمم برامج تدريبيه و خطط تغذيه,https://khamsat.com/lifestyle/fitness-lessons/2884259-%D9%85%D8%B5%D9%85%D9%85-%D8%A8%D8%B1%D8%A7%D9%85%D8%AC-%D8%AA%D8%AF%D8%B1%D9%8A%D8%A8%D9%8A%D9%87-%D9%88-%D8%AE%D8%B7%D8%B7-%D8%AA%D8%BA%D8%B0%D9%8A%D9%87,0.0,0,لم يحسب,0,0,$5.00,يوم واحد,0,0,0.0,.Islam E,https://khamsat.com/user/islam-eladely,False,بائع جديد,0.0,0,لم يحسب بعد,1,0,لم يحسب
أسلوب حياة,https://khamsat.com/lifestyle,لياقة بدنية,https://khamsat.com/lifestyle/fitness-lessons,برنامج 90 يوم لبناء العضلات و حرق الدهون,https://khamsat.com/lifestyle/fitness-lessons/2475689-%D8%A8%D8%B1%D9%86%D8%A7%D9%85%D8%AC-90-%D9%8A%D9%88%D9%85-%D9%84%D8%A8%D9%86%D8%A7%D8%A1-%D8%A7%D9%84%D8%B9%D8%B6%D9%84%D8%A7%D8%AA-%D9%88-%D8%AD%D8%B1%D9%82-%D8%A7%D9%84%D8%AF%D9%87%D9%88%D9%86,5.0,3,56 دقيقة,3,0,$10.00,شهر,3,0,0.0,.Marouane A,https://khamsat.com/user/marouane_arada,True,بائع جديد,5.0,3,100.0%,2,3,28 دقيقة
أسلوب حياة,https://khamsat.com/lifestyle,لياقة بدنية,https://khamsat.com/lifestyle/fitness-lessons,تدريب لياقة بدنيةو استشارة غذائية,https://khamsat.com/lifestyle/fitness-lessons/2815319-%D8%AA%D8%AF%D8%B1%D9%8A%D8%A8-%D9%84%D9%8A%D8%A7%D9%82%D8%A9-%D8%A8%D8%AF%D9%86%D9%8A%D8%A9%D9%88-%D8%A7%D8%B3%D8%AA%D8%B4%D8%A7%D8%B1%D8%A9-%D8%BA%D8%B0%D8%A7%D8%A6%D9%8A%D8%A9,0.0,0,لم يحسب,0,0,$5.00,يومين,0,1,10.0,ليلاس ز.,https://khamsat.com/user/lilaszreik198,False,بائع جديد,0.0,0,لم يحسب بعد,1,0,لم يحسب
أسلوب حياة,https://khamsat.com/lifestyle,لياقة بدنية,https://khamsat.com/lifestyle/fitness-lessons,اعداد نظام لياقة بدنية متكامل,https://khamsat.com/lifestyle/fitness-lessons/2858708-%D8%A7%D8%B9%D8%AF%D8%A7%D8%AF-%D9%86%D8%B8%D8%A7%D9%85-%D9%84%D9%8A%D8%A7%D9%82%D8%A9-%D8%A8%D8%AF%D9%86%D9%8A%D8%A9-%D9%85%D8%AA%D9%83%D8%A7%D9%85%D9%84,0.0,0,لم يحسب,0,0,$10.00,ثلاثة أيام,0,0,0.0,.Mohamed E,https://khamsat.com/user/memo_22,True,بائع جديد,0.0,0,لم يحسب بعد,1,0,لم يحسب
أسلوب حياة,https://khamsat.com/lifestyle,لياقة بدنية,https://khamsat.com/lifestyle/fitness-lessons,التمرين والتغذية وعمل دايت لجعل جسم أكثر جمالا,https://khamsat.com/lifestyle/fitness-lessons/2426121-%D8%A7%D9%84%D8%AA%D9%85%D8%B1%D9%8A%D9%86-%D9%88%D8%A7%D9%84%D8%AA%D8%BA%D8%B0%D9%8A%D8%A9-%D9%88%D8%B9%D9%85%D9%84-%D8%AF%D8%A7%D9%8A%D8%AA-%D9%84%D8%AC%D8%B9%D9%84-%D8%AC%D8%B3%D9%85-%D8%A3%D9%83%D8%AB%D8%B1-%D8%AC%D9%85%D8%A7%D9%84%D8%A7,0.0,0,ساعة,1,0,$10.00,يومين,0,0,0.0,.Omar G,https://khamsat.com/user/omar1_ghaith,True,بائع جديد,0.0,0,100.0%,1,1,ساعة
أسلوب حياة,https://khamsat.com/lifestyle,لياقة بدنية,https://khamsat.com/lifestyle/fitness-lessons,جدول تمارين وتغذية يكون مصمم خصيصًا لك، ويتناسب مع هدفك,https://khamsat.com/lifestyle/fitness-lessons/3025767-%D8%AC%D8%AF%D9%88%D9%84-%D8%AA%D9%85%D8%A7%D8%B1%D9%8A%D9%86-%D9%88%D8%AA%D8%BA%D8%B0%D9%8A%D8%A9-%D9%8A%D9%83%D9%88%D9%86-%D9%85%D8%B5%D9%85%D9%85-%D8%AE%D8%B5%D9%8A%D8%B5%D8%A7-%D9%84%D9%83-%D9%88%D9%8A%D8%AA%D9%86%D8%A7%D8%B3%D8%A8-%D9%85%D8%B9-%D9%87%D8%AF%D9%81%D9%83,0.0,0,لم يحسب,0,0,$5.00,يوم واحد,0,4,40.0,.Abdullah A,https://khamsat.com/user/abdullah_552_ali,True,بائع جديد,0.0,0,لم يحسب بعد,1,0,لم يحسب
أسلوب حياة,https://khamsat.com/lifestyle,لياقة بدنية,https://khamsat.com/lifestyle/fitness-lessons,تمارين رياضية للتخلص من السمنة المفرطة,https://khamsat.com/lifestyle/fitness-lessons/3007596-%D8%AA%D9%85%D8%A7%D8%B1%D9%8A%D9%86-%D8%B1%D9%8A%D8%A7%D8%B6%D9%8A%D8%A9-%D9%84%D9%84%D8%AA%D8%AE%D9%84%D8%B5-%D9%85%D9%86-%D8%A7%D9%84%D8%B3%D9%85%D9%86%D8%A9-%D8%A7%D9%84%D9%85%D9%81%D8%B1%D8%B7%D8%A9,0.0,0,لم يحسب,0,0,$5.00,يوم واحد,0,0,0.0,.Azzam A,https://khamsat.com/user/azzamshajrawi111,True,بائع جديد,0.0,0,لم يحسب بعد,1,0,لم يحسب
أسلوب حياة,https://khamsat.com/lifestyle,لياقة بدنية,https://khamsat.com/lifestyle/fitness-lessons,أنظمة تمرين وأنظمة غذائية لتحسين شكل الجسم ومتابعة دائمة,https://khamsat.com/lifestyle/fitness-lessons/2989087-%D8%A3%D9%86%D8%B8%D9%85%D8%A9-%D8%AA%D9%85%D8%B1%D9%8A%D9%86-%D9%88%D8%A3%D9%86%D8%B8%D9%85%D8%A9-%D8%BA%D8%B0%D8%A7%D8%A6%D9%8A%D8%A9-%D9%84%D8%AA%D8%AD%D8%B3%D9%8A%D9%86-%D8%B4%D9%83%D9%84-%D8%A7%D9%84%D8%AC%D8%B3%D9%85-%D9%88%D9%85%D8%AA%D8%A7%D8%A8%D8%B9%D8%A9-%D8%AF%D8%A7%D8%A6%D9%85%D8%A9,0.0,0,لم يحسب,0,0,$5.00,يوم واحد,0,0,0.0,.Zeyad Y,https://khamsat.com/user/z0zz,True,بائع جديد,0.0,0,لم يحسب بعد,1,0,لم يحسب
أسلوب حياة,https://khamsat.com/lifestyle,لياقة بدنية,https://khamsat.com/lifestyle/fitness-lessons,زد طولك الى 5 سنتيم في شهر بجدول تمارين ونصائح تغذية,https://khamsat.com/lifestyle/fitness-lessons/2929950-%D8%B2%D8%AF-%D8%B7%D9%88%D9%84%D9%83-%D8%A7%D9%84%D9%89-5-%D8%B3%D9%86%D8%AA%D9%8A%D9%85-%D9%81%D9%8A-%D8%B4%D9%87%D8%B1-%D8%A8%D8%AC%D8%AF%D9%88%D9%84-%D8%AA%D9%85%D8%A7%D8%B1%D9%8A%D9%86-%D9%88%D9%86%D8%B5%D8%A7%D8%A6%D8%AD-%D8%AA%D8%BA%D8%B0%D9%8A%D8%A9,0.0,0,لم يحسب,0,0,$10.00,يوم واحد,0,0,0.0,.Ilyes El Mokhtar Z,https://khamsat.com/user/ilyasart,True,بائع جديد,0.0,0,لم يحسب بعد,4,0,لم يحسب
أسلوب حياة,https://khamsat.com/lifestyle,لياقة بدنية,https://khamsat.com/lifestyle/fitness-lessons,* برنامج غذائي مخصص: صمم خصيصًا لأهدافك واحتياجاتك,https://khamsat.com/lifestyle/fitness-lessons/3005586-%D8%A8%D8%B1%D9%86%D8%A7%D9%85%D8%AC-%D8%BA%D8%B0%D8%A7%D8%A6%D9%8A-%D9%85%D8%AE%D8%B5%D8%B5-%D8%B5%D9%85%D9%85-%D8%AE%D8%B5%D9%8A%D8%B5%D8%A7-%D9%84%D8%A3%D9%87%D8%AF%D8%A7%D9%81%D9%83-%D9%88%D8%A7%D8%AD%D8%AA%D9%8A%D8%A7%D8%AC%D8%A7%D8%AA%D9%83,0.0,0,لم يحسب,0,0,$10.00,يومين,0,4,55.0,.Mahmoud I,https://khamsat.com/user/mahmoudismaill55,False,بائع جديد,0.0,0,لم يحسب بعد,1,0,لم يحسب
أسلوب حياة,https://khamsat.com/lifestyle,لياقة بدنية,https://khamsat.com/lifestyle/fitness-lessons,برنامج تدريبي لتحسين الجسم,https://khamsat.com/lifestyle/fitness-lessons/3011488-%D8%A8%D8%B1%D9%86%D8%A7%D9%85%D8%AC-%D8%AA%D8%AF%D8%B1%D9%8A%D8%A8%D9%8A-%D9%84%D8%AA%D8%AD%D8%B3%D9%8A%D9%86-%D8%A7%D9%84%D8%AC%D8%B3%D9%85,0.0,0,لم يحسب,0,0,$10.00,يومين,0,3,30.0,.Bhffv B,https://khamsat.com/user/lamin2004,False,بائع جديد,0.0,0,لم يحسب بعد,1,0,لم يحسب
أسلوب حياة,https://khamsat.com/lifestyle,لياقة بدنية,https://khamsat.com/lifestyle/fitness-lessons,تدريب عن بعد مع نظام غذائي,https://khamsat.com/lifestyle/fitness-lessons/2865975-%D8%AA%D8%AF%D8%B1%D9%8A%D8%A8-%D8%B9%D9%86-%D8%A8%D8%B9%D8%AF-%D9%85%D8%B9-%D9%86%D8%B8%D8%A7%D9%85-%D8%BA%D8%B0%D8%A7%D8%A6%D9%8A,0.0,0,لم يحسب,0,0,$5.00,أربعة أيام,0,2,70.0,.Ali M,https://khamsat.com/user/ali_munir0,True,بائع جديد,0.0,0,لم يحسب بعد,4,0,لم يحسب
أسلوب حياة,https://khamsat.com/lifestyle,لياقة بدنية,https://khamsat.com/lifestyle/fitness-lessons,استفسارات في كمال اجسام ومكملات و تغذية,https://khamsat.com/lifestyle/fitness-lessons/2929248-%D8%A7%D8%B3%D8%AA%D9%81%D8%B3%D8%A7%D8%B1%D8%A7%D8%AA-%D9%81%D9%8A-%D9%83%D9%85%D8%A7%D9%84-%D8%A7%D8%AC%D8%B3%D8%A7%D9%85-%D9%88%D9%85%D9%83%D9%85%D9%84%D8%A7%D8%AA-%D9%88-%D8%AA%D8%BA%D8%B0%D9%8A%D8%A9,0.0,0,لم يحسب,0,0,$10.00,يوم واحد,0,0,0.0,.Ilyes El Mokhtar Z,https://khamsat.com/user/ilyasart,True,بائع جديد,0.0,0,لم يحسب بعد,4,0,لم يحسب
أسلوب حياة,https://khamsat.com/lifestyle,لياقة بدنية,https://khamsat.com/lifestyle/fitness-lessons,مدرب رياضي شخصي. اكتب لك كورس تدريب رياضي خاص مناسب لوضعك,https://khamsat.com/lifestyle/fitness-lessons/2979979-%D9%85%D8%AF%D8%B1%D8%A8-%D8%B1%D9%8A%D8%A7%D8%B6%D9%8A-%D8%B4%D8%AE%D8%B5%D9%8A.-%D8%A7%D9%83%D8%AA%D8%A8-%D9%84%D9%83-%D9%83%D9%88%D8%B1%D8%B3-%D8%AA%D8%AF%D8%B1%D9%8A%D8%A8-%D8%B1%D9%8A%D8%A7%D8%B6%D9%8A-%D8%AE%D8%A7%D8%B5-%D9%85%D9%86%D8%A7%D8%B3%D8%A8-%D9%84%D9%88%D8%B6%D8%B9%D9%83,0.0,0,لم يحسب,0,0,$10.00,يومين,0,0,0.0,.Ali A,https://khamsat.com/user/ali_altamimi7,False,بائع جديد,0.0,0,لم يحسب بعد,1,0,لم يحسب
أسلوب حياة,https://khamsat.com/lifestyle,لياقة بدنية,https://khamsat.com/lifestyle/fitness-lessons,عمل برنامج رياضي خاص لشهر للاعبي كرة القدم,https://khamsat.com/lifestyle/fitness-lessons/2956232-%D8%B9%D9%85%D9%84-%D8%A8%D8%B1%D9%86%D8%A7%D9%85%D8%AC-%D8%B1%D9%8A%D8%A7%D8%B6%D9%8A-%D8%AE%D8%A7%D8%B5-%D9%84%D8%B4%D9%87%D8%B1-%D9%84%D9%84%D8%A7%D8%B9%D8%A8%D9%8A-%D9%83%D8%B1%D8%A9-%D8%A7%D9%84%D9%82%D8%AF%D9%85,0.0,0,لم يحسب,0,0,$10.00,ثلاثة أيام,0,0,0.0,.Mouhssine H,https://khamsat.com/user/mouhssine17,True,بائع جديد,0.0,0,لم يحسب بعد,2,0,لم يحسب
أسلوب حياة,https://khamsat.com/lifestyle,لياقة بدنية,https://khamsat.com/lifestyle/fitness-lessons,اعداد البرامج التدريبة وتقديم الاستشارات الرياضية,https://khamsat.com/lifestyle/fitness-lessons/2807643-%D8%A7%D8%B9%D8%AF%D8%A7%D8%AF-%D8%A7%D9%84%D8%A8%D8%B1%D8%A7%D9%85%D8%AC-%D8%A7%D9%84%D8%AA%D8%AF%D8%B1%D9%8A%D8%A8%D8%A9-%D9%88%D8%AA%D9%82%D8%AF%D9%8A%D9%85-%D8%A7%D9%84%D8%A7%D8%B3%D8%AA%D8%B4%D8%A7%D8%B1%D8%A7%D8%AA-%D8%A7%D9%84%D8%B1%D9%8A%D8%A7%D8%B6%D9%8A%D8%A9,0.0,0,لم يحسب,0,0,$5.00,خمسة أيام,0,0,0.0,.Bashar G,https://khamsat.com/user/bashar_sameer,True,بائع جديد,5.0,1,100.0%,4,1,3 ساعات
أسلوب حياة,https://khamsat.com/lifestyle,لياقة بدنية,https://khamsat.com/lifestyle/fitness-lessons,تدريب شخصي لانقاص او زيادة الوزن,https://khamsat.com/lifestyle/fitness-lessons/2914077-%D8%AA%D8%AF%D8%B1%D9%8A%D8%A8-%D8%B4%D8%AE%D8%B5%D9%8A-%D9%84%D8%A7%D9%86%D9%82%D8%A7%D8%B5-%D8%A7%D9%88-%D8%B2%D9%8A%D8%A7%D8%AF%D8%A9-%D8%A7%D9%84%D9%88%D8%B2%D9%86,0.0,0,لم يحسب,0,0,$5.00,شهر,0,0,0.0,.Coach Faisal Z,https://khamsat.com/user/faisal_666,False,بائع جديد,0.0,0,لم يحسب بعد,1,0,لم يحسب
أسلوب حياة,https://khamsat.com/lifestyle,لياقة بدنية,https://khamsat.com/lifestyle/fitness-lessons,سأقوم بتصميم تدريبات شخصية وسأكون مدربك الشخصي,https://khamsat.com/lifestyle/fitness-lessons/2548784-%D8%B3%D8%A3%D9%82%D9%88%D9%85-%D8%A8%D8%AA%D8%B5%D9%85%D9%8A%D9%85-%D8%AA%D8%AF%D8%B1%D9%8A%D8%A8%D8%A7%D8%AA-%D8%B4%D8%AE%D8%B5%D9%8A%D8%A9-%D9%88%D8%B3%D8%A3%D9%83%D9%88%D9%86-%D9%85%D8%AF%D8%B1%D8%A8%D9%83-%D8%A7%D9%84%D8%B4%D8%AE%D8%B5%D9%8A,0.0,0,11 دقيقة,0,0,$5.00,يومين,0,3,155.0,.Mohammed El Hadi B,https://khamsat.com/user/brikci_mohammed,True,بائع نشيط,5.0,14,97.5%,5,20,ساعتين
أسلوب حياة,https://khamsat.com/lifestyle,لياقة بدنية,https://khamsat.com/lifestyle/fitness-lessons,اجيب عن اي استفسار حول كمال الاجسام,https://khamsat.com/lifestyle/fitness-lessons/2477942-%D8%A7%D8%AC%D9%8A%D8%A8-%D8%B9%D9%86-%D8%A7%D9%8A-%D8%A7%D8%B3%D8%AA%D9%81%D8%B3%D8%A7%D8%B1-%D8%AD%D9%88%D9%84-%D9%83%D9%85%D8%A7%D9%84-%D8%A7%D9%84%D8%A7%D8%AC%D8%B3%D8%A7%D9%85,0.0,0,دقيقة,0,0,$5.00,يوم واحد,0,0,0.0,.Marouane A,https://khamsat.com/user/marouane_arada,True,بائع جديد,5.0,3,100.0%,2,3,28 دقيقة
أسلوب حياة,https://khamsat.com/lifestyle,لياقة بدنية,https://khamsat.com/lifestyle/fitness-lessons,وجبات قبل وبعد التمرين: استراتيجيات لتعزيز الأداء,https://khamsat.com/lifestyle/fitness-lessons/3034953-%D9%88%D8%AC%D8%A8%D8%A7%D8%AA-%D9%82%D8%A8%D9%84-%D9%88%D8%A8%D8%B9%D8%AF-%D8%A7%D9%84%D8%AA%D9%85%D8%B1%D9%8A%D9%86-%D8%A7%D8%B3%D8%AA%D8%B1%D8%A7%D8%AA%D9%8A%D8%AC%D9%8A%D8%A7%D8%AA-%D9%84%D8%AA%D8%B9%D8%B2%D9%8A%D8%B2-%D8%A7%D9%84%D8%A3%D8%AF%D8%A7%D8%A1,0.0,0,لم يحسب,0,0,$5.00,يوم واحد,0,3,30.0,.Abdelrahman M,https://khamsat.com/user/abdelrahmanmegz,True,بائع جديد,5.0,3,57.14%,3,4,54 دقيقة
أسلوب حياة,https://khamsat.com/lifestyle,لياقة بدنية,https://khamsat.com/lifestyle/fitness-lessons,أعلمك أساسيات الرماية (القوس والسهم),https://khamsat.com/lifestyle/fitness-lessons/697705-%D8%A3%D8%B9%D9%84%D9%85%D9%83-%D8%A3%D8%B3%D8%A7%D8%B3%D9%8A%D8%A7%D8%AA-%D8%A7%D9%84%D8%B1%D9%85%D8%A7%D9%8A%D8%A9-%D8%A7%D9%84%D9%82%D9%88%D8%B3-%D9%88%D8%A7%D9%84%D8%B3%D9%87%D9%85,4.5,1,49 دقيقة,2,0,$5.00,يوم واحد,1,0,0.0,أحمد ع.,https://khamsat.com/user/ahmedalaaeldin,True,بائع مميز,5.0,193,97.78%,6,312,3 ساعات
أسلوب حياة,https://khamsat.com/lifestyle,صحة وتغذية,https://khamsat.com/lifestyle/nutrition,عمل انظمة غذائية صحية بناء على احتياجات المشترك,https://khamsat.com/lifestyle/nutrition/3013425-%D8%B9%D9%85%D9%84-%D8%A7%D9%86%D8%B8%D9%85%D8%A9-%D8%BA%D8%B0%D8%A7%D8%A6%D9%8A%D8%A9-%D8%B5%D8%AD%D9%8A%D8%A9-%D8%A8%D9%86%D8%A7%D8%A1-%D8%B9%D9%84%D9%89-%D8%A7%D8%AD%D8%AA%D9%8A%D8%A7%D8%AC%D8%A7%D8%AA-%D8%A7%D9%84%D9%85%D8%B4%D8%AA%D8%B1%D9%83,5.0,1,4 أيام,1,0,$10.00,يومين,1,1,5.0,.Samar H,https://khamsat.com/user/samarhameed,True,بائع جديد,5.0,1,100.0%,1,1,4 أيام
أسلوب حياة,https://khamsat.com/lifestyle,صحة وتغذية,https://khamsat.com/lifestyle/nutrition,حساب السعرات الحرارية و تحديد المكونات الغذائية في طعامك,https://khamsat.com/lifestyle/nutrition/2256345-%D8%AD%D8%B3%D8%A7%D8%A8-%D8%A7%D9%84%D8%B3%D8%B9%D8%B1%D8%A7%D8%AA-%D8%A7%D9%84%D8%AD%D8%B1%D8%A7%D8%B1%D9%8A%D8%A9-%D9%88-%D8%AA%D8%AD%D8%AF%D9%8A%D8%AF-%D8%A7%D9%84%D9%85%D9%83%D9%88%D9%86%D8%A7%D8%AA-%D8%A7%D9%84%D8%BA%D8%B0%D8%A7%D8%A6%D9%8A%D8%A9-%D9%81%D9%8A-%D8%B7%D8%B9%D8%A7%D9%85%D9%83,5.0,1,يوم,1,0,$20.00,يومين,1,5,105.0,روعة س.,https://khamsat.com/user/r_solaiman,True,بائع مميز,5.0,83,98.45%,11,86,7 ساعات
أسلوب حياة,https://khamsat.com/lifestyle,صحة وتغذية,https://khamsat.com/lifestyle/nutrition,كتابة نظام غذائي لقطك الأليف,https://khamsat.com/lifestyle/nutrition/2575779-%D9%83%D8%AA%D8%A7%D8%A8%D8%A9-%D9%86%D8%B8%D8%A7%D9%85-%D8%BA%D8%B0%D8%A7%D8%A6%D9%8A-%D9%84%D9%82%D8%B7%D9%83-%D8%A7%D9%84%D8%A3%D9%84%D9%8A%D9%81,5.0,15,ساعة,37,1,$15.00,أسبوع,15,2,40.0,.Bushra A,https://khamsat.com/user/beesh_lon,True,بائع مميز,5.0,21,98.51%,2,55,6 ساعات
أسلوب حياة,https://khamsat.com/lifestyle,صحة وتغذية,https://khamsat.com/lifestyle/nutrition,استشارات في صناعة مستحضرات التجميل كالصابون والشامبو,https://khamsat.com/lifestyle/nutrition/2448220-%D8%A7%D8%B3%D8%AA%D8%B4%D8%A7%D8%B1%D8%A7%D8%AA-%D9%81%D9%8A-%D8%B5%D9%86%D8%A7%D8%B9%D8%A9-%D9%85%D8%B3%D8%AA%D8%AD%D8%B6%D8%B1%D8%A7%D8%AA-%D8%A7%D9%84%D8%AA%D8%AC%D9%85%D9%8A%D9%84-%D9%83%D8%A7%D9%84%D8%B5%D8%A7%D8%A8%D9%88%D9%86-%D9%88%D8%A7%D9%84%D8%B4%D8%A7%D9%85%D8%A8%D9%88,4.5,1,ساعة,4,0,$5.00,يوم واحد,1,2,35.0,رشيد ش.,https://khamsat.com/user/romynett,True,بائع جديد,4.5,1,100.0%,2,4,15 ساعة
أسلوب حياة,https://khamsat.com/lifestyle,صحة وتغذية,https://khamsat.com/lifestyle/nutrition,تغذيه و تظبيط سعرات حراريه,https://khamsat.com/lifestyle/nutrition/2878986-%D8%AA%D8%BA%D8%B0%D9%8A%D9%87-%D9%88-%D8%AA%D8%B8%D8%A8%D9%8A%D8%B7-%D8%B3%D8%B9%D8%B1%D8%A7%D8%AA-%D8%AD%D8%B1%D8%A7%D8%B1%D9%8A%D9%87,5.0,2,8 دقائق,2,0,$10.00,يومين,2,0,0.0,.Aya M,https://khamsat.com/user/ayamostafa26,True,بائع جديد,5.0,2,100.0%,1,2,8 دقائق
أسلوب حياة,https://khamsat.com/lifestyle,صحة وتغذية,https://khamsat.com/lifestyle/nutrition,حساب السعرات اليومية وسعرات اي طبق غذائي او جدول طعام صحي,https://khamsat.com/lifestyle/nutrition/2460054-%D8%AD%D8%B3%D8%A7%D8%A8-%D8%A7%D9%84%D8%B3%D8%B9%D8%B1%D8%A7%D8%AA-%D8%A7%D9%84%D9%8A%D9%88%D9%85%D9%8A%D8%A9-%D9%88%D8%B3%D8%B9%D8%B1%D8%A7%D8%AA-%D8%A7%D9%8A-%D8%B7%D8%A8%D9%82-%D8%BA%D8%B0%D8%A7%D8%A6%D9%8A-%D8%A7%D9%88-%D8%AC%D8%AF%D9%88%D9%84-%D8%B7%D8%B9%D8%A7%D9%85-%D8%B5%D8%AD%D9%8A,5.0,1,5 ساعات,1,0,$10.00,ثلاثة أيام,1,2,35.0,مريم س.,https://khamsat.com/user/%D9%85%D8%B1%D9%8A%D9%85-%D8%B3%D8%B1%D9%88%D8%B1,True,بائع مميز,5.0,29,94.16%,3,47,13 ساعة
أسلوب حياة,https://khamsat.com/lifestyle,صحة وتغذية,https://khamsat.com/lifestyle/nutrition,تخطيط ومتابعة أنظمة غذائية لضبط الوزن وأسلوب حياة وصحة افضل,https://khamsat.com/lifestyle/nutrition/2920213-%D8%AA%D8%AE%D8%B7%D9%8A%D8%B7-%D9%88%D9%85%D8%AA%D8%A7%D8%A8%D8%B9%D8%A9-%D8%A3%D9%86%D8%B8%D9%85%D8%A9-%D8%BA%D8%B0%D8%A7%D8%A6%D9%8A%D8%A9-%D9%84%D8%B6%D8%A8%D8%B7-%D8%A7%D9%84%D9%88%D8%B2%D9%86-%D9%88%D8%A3%D8%B3%D9%84%D9%88%D8%A8-%D8%AD%D9%8A%D8%A7%D8%A9-%D9%88%D8%B5%D8%AD%D8%A9-%D8%A7%D9%81%D8%B6%D9%84,5.0,1,ساعتين,1,0,$5.00,يومين,1,3,65.0,ريهام م.,https://khamsat.com/user/riham_mahmoud2024,True,بائع جديد,5.0,1,100.0%,1,1,ساعتين
أسلوب حياة,https://khamsat.com/lifestyle,صحة وتغذية,https://khamsat.com/lifestyle/nutrition,عمل جدول تغذية وتمارين رياضية,https://khamsat.com/lifestyle/nutrition/2917581-%D8%B9%D9%85%D9%84-%D8%AC%D8%AF%D9%88%D9%84-%D8%AA%D8%BA%D8%B0%D9%8A%D8%A9-%D9%88%D8%AA%D9%85%D8%A7%D8%B1%D9%8A%D9%86-%D8%B1%D9%8A%D8%A7%D8%B6%D9%8A%D8%A9,3.5,2,23 ساعة,2,0,$5.00,يومين,2,2,15.0,.Aly M,https://khamsat.com/user/alymosaed22,True,بائع جديد,3.5,2,100.0%,2,2,23 ساعة
أسلوب حياة,https://khamsat.com/lifestyle,صحة وتغذية,https://khamsat.com/lifestyle/nutrition,متابعة نظام غذائي للتنحيف وعلاج النحافة,https://khamsat.com/lifestyle/nutrition/2940182-%D9%85%D8%AA%D8%A7%D8%A8%D8%B9%D8%A9-%D9%86%D8%B8%D8%A7%D9%85-%D8%BA%D8%B0%D8%A7%D8%A6%D9%8A-%D9%84%D9%84%D8%AA%D9%86%D8%AD%D9%8A%D9%81-%D9%88%D8%B9%D9%84%D8%A7%D8%AC-%D8%A7%D9%84%D9%86%D8%AD%D8%A7%D9%81%D8%A9,5.0,1,11 دقيقة,1,0,$5.00,يوم واحد,1,1,5.0,.Omar A,https://khamsat.com/user/dr_omar_94,True,بائع جديد,5.0,1,100.0%,1,1,11 دقيقة
أسلوب حياة,https://khamsat.com/lifestyle,صحة وتغذية,https://khamsat.com/lifestyle/nutrition,تقديم برامج غذائية لعلاج السمنة والنحافة,https://khamsat.com/lifestyle/nutrition/2874448-%D8%AA%D9%82%D8%AF%D9%8A%D9%85-%D8%A8%D8%B1%D8%A7%D9%85%D8%AC-%D8%BA%D8%B0%D8%A7%D8%A6%D9%8A%D8%A9-%D9%84%D8%B9%D9%84%D8%A7%D8%AC-%D8%A7%D9%84%D8%B3%D9%85%D9%86%D8%A9-%D9%88%D8%A7%D9%84%D9%86%D8%AD%D8%A7%D9%81%D8%A9,5.0,1,9 ساعات,1,0,$5.00,يومين,1,0,0.0,.Shrouk A,https://khamsat.com/user/shrouk_ashour,True,بائع جديد,5.0,1,100.0%,1,1,9 ساعات
أسلوب حياة,https://khamsat.com/lifestyle,صحة وتغذية,https://khamsat.com/lifestyle/nutrition,متابعة غذائية عن بعد لمن يعانون من مشكل صحية متعلقة بالتغذية,https://khamsat.com/lifestyle/nutrition/3044433-%D9%85%D8%AA%D8%A7%D8%A8%D8%B9%D8%A9-%D8%BA%D8%B0%D8%A7%D8%A6%D9%8A%D8%A9-%D8%B9%D9%86-%D8%A8%D8%B9%D8%AF-%D9%84%D9%85%D9%86-%D9%8A%D8%B9%D8%A7%D9%86%D9%88%D9%86-%D9%85%D9%86-%D9%85%D8%B4%D9%83%D9%84-%D8%B5%D8%AD%D9%8A%D8%A9-%D9%85%D8%AA%D8%B9%D9%84%D9%82%D8%A9-%D8%A8%D8%A7%D9%84%D8%AA%D8%BA%D8%B0%D9%8A%D8%A9,0.0,0,لم يحسب,0,0,$5.00,يوم واحد,0,0,0.0,يسرى م.,https://khamsat.com/user/yosra_madi_diet,False,بائع جديد,0.0,0,لم يحسب بعد,1,0,لم يحسب
أسلوب حياة,https://khamsat.com/lifestyle,صحة وتغذية,https://khamsat.com/lifestyle/nutrition,اخصائي واستشاري تغذية سمنه ونحافه وتغذيه الامراض المزمنه,https://khamsat.com/lifestyle/nutrition/2675376-%D8%A7%D8%AE%D8%B5%D8%A7%D8%A6%D9%8A-%D9%88%D8%A7%D8%B3%D8%AA%D8%B4%D8%A7%D8%B1%D9%8A-%D8%AA%D8%BA%D8%B0%D9%8A%D8%A9-%D8%B3%D9%85%D9%86%D9%87-%D9%88%D9%86%D8%AD%D8%A7%D9%81%D9%87-%D9%88%D8%AA%D8%BA%D8%B0%D9%8A%D9%87-%D8%A7%D9%84%D8%A7%D9%85%D8%B1%D8%A7%D8%B6-%D8%A7%D9%84%D9%85%D8%B2%D9%85%D9%86%D9%87,4.5,5,3 ساعات,8,0,$5.00,أربعة أيام,5,2,10.0,.Basma S,https://khamsat.com/user/basma_samier,True,بائع جديد,4.5,5,100.0%,2,8,3 ساعات
أسلوب حياة,https://khamsat.com/lifestyle,صحة وتغذية,https://khamsat.com/lifestyle/nutrition,تصميم انظمه غذائيه صحيه حسب احتياجات الجسم,https://khamsat.com/lifestyle/nutrition/3045865-%D8%AA%D8%B5%D9%85%D9%8A%D9%85-%D8%A7%D9%86%D8%B8%D9%85%D9%87-%D8%BA%D8%B0%D8%A7%D8%A6%D9%8A%D9%87-%D8%B5%D8%AD%D9%8A%D9%87-%D8%AD%D8%B3%D8%A8-%D8%A7%D8%AD%D8%AA%D9%8A%D8%A7%D8%AC%D8%A7%D8%AA-%D8%A7%D9%84%D8%AC%D8%B3%D9%85,0.0,0,لم يحسب,0,0,$5.00,ثلاثة أيام,0,0,0.0,.Karima N,https://khamsat.com/user/karimanabil22,False,بائع جديد,0.0,0,لم يحسب بعد,2,0,لم يحسب
أسلوب حياة,https://khamsat.com/lifestyle,صحة وتغذية,https://khamsat.com/lifestyle/nutrition,جدول لزياده الطول خلال شهر,https://khamsat.com/lifestyle/nutrition/3041844-%D8%AC%D8%AF%D9%88%D9%84-%D9%84%D8%B2%D9%8A%D8%A7%D8%AF%D9%87-%D8%A7%D9%84%D8%B7%D9%88%D9%84-%D8%AE%D9%84%D8%A7%D9%84-%D8%B4%D9%87%D8%B1,0.0,0,لم يحسب,0,0,$10.00,يومين,0,1,15.0,.Aly M,https://khamsat.com/user/alymosaed22,True,بائع جديد,3.5,2,100.0%,2,2,23 ساعة
أسلوب حياة,https://khamsat.com/lifestyle,صحة وتغذية,https://khamsat.com/lifestyle/nutrition,جدول تمرين رياضي لتمارين المقاومة و الكارديو,https://khamsat.com/lifestyle/nutrition/2273802-%D8%AC%D8%AF%D9%88%D9%84-%D8%AA%D9%85%D8%B1%D9%8A%D9%86-%D8%B1%D9%8A%D8%A7%D8%B6%D9%8A-%D9%84%D8%AA%D9%85%D8%A7%D8%B1%D9%8A%D9%86-%D8%A7%D9%84%D9%85%D9%82%D8%A7%D9%88%D9%85%D8%A9-%D9%88-%D8%A7%D9%84%D9%83%D8%A7%D8%B1%D8%AF%D9%8A%D9%88,0.0,0,3 ساعات,0,0,$10.00,أسبوع,0,0,0.0,.Feras S,https://khamsat.com/user/feras1999,False,بائع جديد,0.0,0,لم يحسب بعد,1,0,3 ساعات
أسلوب حياة,https://khamsat.com/lifestyle,صحة وتغذية,https://khamsat.com/lifestyle/nutrition,تصميم برامج غذائية صحية لإدارة الوزن (خسارة/ اكتساب الوزن),https://khamsat.com/lifestyle/nutrition/2981288-%D8%AA%D8%B5%D9%85%D9%8A%D9%85-%D8%A8%D8%B1%D8%A7%D9%85%D8%AC-%D8%BA%D8%B0%D8%A7%D8%A6%D9%8A%D8%A9-%D8%B5%D8%AD%D9%8A%D8%A9-%D9%84%D8%A5%D8%AF%D8%A7%D8%B1%D8%A9-%D8%A7%D9%84%D9%88%D8%B2%D9%86-%D8%AE%D8%B3%D8%A7%D8%B1%D8%A9-%D8%A7%D9%83%D8%AA%D8%B3%D8%A7%D8%A8-%D8%A7%D9%84%D9%88%D8%B2%D9%86,0.0,0,لم يحسب,0,0,$5.00,يوم واحد,0,1,20.0,.Heba A,https://khamsat.com/user/heba_alnisafi8,True,بائع جديد,1.0,1,0.0%,4,0,3 ساعات
أسلوب حياة,https://khamsat.com/lifestyle,صحة وتغذية,https://khamsat.com/lifestyle/nutrition,اسلوب حياه انقاص وزن تغذيه اون لاين,https://khamsat.com/lifestyle/nutrition/2895959-%D8%A7%D8%B3%D9%84%D9%88%D8%A8-%D8%AD%D9%8A%D8%A7%D9%87-%D8%A7%D9%86%D9%82%D8%A7%D8%B5-%D9%88%D8%B2%D9%86-%D8%AA%D8%BA%D8%B0%D9%8A%D9%87-%D8%A7%D9%88%D9%86-%D9%84%D8%A7%D9%8A%D9%86,0.0,0,لم يحسب,0,0,$10.00,يوم واحد,0,0,0.0,محمد ج.,https://khamsat.com/user/%D9%85%D8%AD%D9%85%D8%AF-%D8%B7%D9%87-%D8%AC%D9%85%D8%B9%D9%87,True,بائع جديد,0.0,0,لم يحسب بعد,1,0,لم يحسب
أسلوب حياة,https://khamsat.com/lifestyle,صحة وتغذية,https://khamsat.com/lifestyle/nutrition,إعطاء نصائح وحلول للحصول على جسم نشيط وسعيد,https://khamsat.com/lifestyle/nutrition/2803969-%D8%A5%D8%B9%D8%B7%D8%A7%D8%A1-%D9%86%D8%B5%D8%A7%D8%A6%D8%AD-%D9%88%D8%AD%D9%84%D9%88%D9%84-%D9%84%D9%84%D8%AD%D8%B5%D9%88%D9%84-%D8%B9%D9%84%D9%89-%D8%AC%D8%B3%D9%85-%D9%86%D8%B4%D9%8A%D8%B7-%D9%88%D8%B3%D8%B9%D9%8A%D8%AF,5.0,1,5 ساعات,1,0,$10.00,يوم واحد,1,5,80.0,.Raghad A,https://khamsat.com/user/raghadahmad99,True,بائع مميز,5.0,36,92.11%,4,33,7 ساعات
أسلوب حياة,https://khamsat.com/lifestyle,صحة وتغذية,https://khamsat.com/lifestyle/nutrition,عمل انظمه غذائيه و تدريبيه للمتدربين,https://khamsat.com/lifestyle/nutrition/2944500-%D8%B9%D9%85%D9%84-%D8%A7%D9%86%D8%B8%D9%85%D9%87-%D8%BA%D8%B0%D8%A7%D8%A6%D9%8A%D9%87-%D9%88-%D8%AA%D8%AF%D8%B1%D9%8A%D8%A8%D9%8A%D9%87-%D9%84%D9%84%D9%85%D8%AA%D8%AF%D8%B1%D8%A8%D9%8A%D9%86,0.0,0,لم يحسب,0,0,$5.00,يومين,0,0,0.0,.Mohamed H,https://khamsat.com/user/mohamed_hussin_22222,True,بائع جديد,0.0,0,لم يحسب بعد,1,0,لم يحسب
أسلوب حياة,https://khamsat.com/lifestyle,صحة وتغذية,https://khamsat.com/lifestyle/nutrition,خدمة تدريب وتغذية اونلاين,https://khamsat.com/lifestyle/nutrition/3033778-%D8%AE%D8%AF%D9%85%D8%A9-%D8%AA%D8%AF%D8%B1%D9%8A%D8%A8-%D9%88%D8%AA%D8%BA%D8%B0%D9%8A%D8%A9-%D8%A7%D9%88%D9%86%D9%84%D8%A7%D9%8A%D9%86,0.0,0,لم يحسب,0,0,$10.00,يومين,0,0,0.0,.Ammar N,https://khamsat.com/user/ammar_nasr909,True,بائع جديد,0.0,0,لم يحسب بعد,1,0,لم يحسب
أسلوب حياة,https://khamsat.com/lifestyle,صحة وتغذية,https://khamsat.com/lifestyle/nutrition,برامج رياضية لخسارة الدهون واكتساب الكتلة العضلية,https://khamsat.com/lifestyle/nutrition/2944861-%D8%A8%D8%B1%D8%A7%D9%85%D8%AC-%D8%B1%D9%8A%D8%A7%D8%B6%D9%8A%D8%A9-%D9%84%D8%AE%D8%B3%D8%A7%D8%B1%D8%A9-%D8%A7%D9%84%D8%AF%D9%87%D9%88%D9%86-%D9%88%D8%A7%D9%83%D8%AA%D8%B3%D8%A7%D8%A8-%D8%A7%D9%84%D9%83%D8%AA%D9%84%D8%A9-%D8%A7%D9%84%D8%B9%D8%B6%D9%84%D9%8A%D8%A9,0.0,0,لم يحسب,0,0,$10.00,يوم واحد,0,3,50.0,عيسى ا.,https://khamsat.com/user/ayssaher,False,بائع جديد,0.0,0,لم يحسب بعد,2,0,لم يحسب
أسلوب حياة,https://khamsat.com/lifestyle,صحة وتغذية,https://khamsat.com/lifestyle/nutrition,مقدمة لدبلومة التغذية النفسية السليمة,https://khamsat.com/lifestyle/nutrition/2929676-%D9%85%D9%82%D8%AF%D9%85%D8%A9-%D9%84%D8%AF%D8%A8%D9%84%D9%88%D9%85%D8%A9-%D8%A7%D9%84%D8%AA%D8%BA%D8%B0%D9%8A%D8%A9-%D8%A7%D9%84%D9%86%D9%81%D8%B3%D9%8A%D8%A9-%D8%A7%D9%84%D8%B3%D9%84%D9%8A%D9%85%D8%A9,0.0,0,لم يحسب,0,0,$5.00,يوم واحد,0,1,40.0,محمد ص.,https://khamsat.com/user/mohamed_consultant,True,بائع جديد,0.0,0,لم يحسب بعد,4,0,لم يحسب
أسلوب حياة,https://khamsat.com/lifestyle,صحة وتغذية,https://khamsat.com/lifestyle/nutrition,اخصائى تغذيه علاجيه وسمنه ونحافه,https://khamsat.com/lifestyle/nutrition/2989123-%D8%A7%D8%AE%D8%B5%D8%A7%D8%A6%D9%89-%D8%AA%D8%BA%D8%B0%D9%8A%D9%87-%D8%B9%D9%84%D8%A7%D8%AC%D9%8A%D9%87-%D9%88%D8%B3%D9%85%D9%86%D9%87-%D9%88%D9%86%D8%AD%D8%A7%D9%81%D9%87,0.0,0,لم يحسب,0,0,$10.00,أسبوع,0,0,0.0,عبدالله ا.,https://khamsat.com/user/abdallahelfiky1993,True,بائع جديد,0.0,0,لم يحسب بعد,1,0,لم يحسب
أسلوب حياة,https://khamsat.com/lifestyle,صحة وتغذية,https://khamsat.com/lifestyle/nutrition,دليلك للحصول على البورد الأمريكي في جودة الرعاية الصحية CPHQ,https://khamsat.com/lifestyle/nutrition/2135951-%D8%AF%D9%84%D9%8A%D9%84%D9%83-%D9%84%D9%84%D8%AD%D8%B5%D9%88%D9%84-%D8%B9%D9%84%D9%89-%D8%A7%D9%84%D8%A8%D9%88%D8%B1%D8%AF-%D8%A7%D9%84%D8%A3%D9%85%D8%B1%D9%8A%D9%83%D9%8A-%D9%81%D9%8A-%D8%AC%D9%88%D8%AF%D8%A9-%D8%A7%D9%84%D8%B1%D8%B9%D8%A7%D9%8A%D8%A9-%D8%A7%D9%84%D8%B5%D8%AD%D9%8A%D8%A9-cphq,4.5,3,ساعة,6,0,$5.00,يوم واحد,3,0,0.0,بكري أ.,https://khamsat.com/user/%D8%A8%D9%83%D8%B1%D9%8A-%D8%A3%D8%AD%D9%85%D8%AF,True,بائع نشيط,4.5,14,93.55%,4,19,5 ساعات
أسلوب حياة,https://khamsat.com/lifestyle,صحة وتغذية,https://khamsat.com/lifestyle/nutrition,أخصائية تغذية شخصية لمختلف الفئات العمرية,https://khamsat.com/lifestyle/nutrition/3035377-%D8%A3%D8%AE%D8%B5%D8%A7%D8%A6%D9%8A%D8%A9-%D8%AA%D8%BA%D8%B0%D9%8A%D8%A9-%D8%B4%D8%AE%D8%B5%D9%8A%D8%A9-%D9%84%D9%85%D8%AE%D8%AA%D9%84%D9%81-%D8%A7%D9%84%D9%81%D8%A6%D8%A7%D8%AA-%D8%A7%D9%84%D8%B9%D9%85%D8%B1%D9%8A%D8%A9,0.0,0,لم يحسب,0,0,$10.00,ثلاثة أيام,0,1,5.0,.Meriem L,https://khamsat.com/user/meriem_larbaoui7,False,بائع جديد,0.0,0,لم يحسب بعد,1,0,لم يحسب
أسلوب حياة,https://khamsat.com/lifestyle,صحة وتغذية,https://khamsat.com/lifestyle/nutrition,انظمة غذائية لحالات السمنة والنحافة و الأمراض المزمنة,https://khamsat.com/lifestyle/nutrition/2990389-%D8%A7%D9%86%D8%B8%D9%85%D8%A9-%D8%BA%D8%B0%D8%A7%D8%A6%D9%8A%D8%A9-%D9%84%D8%AD%D8%A7%D9%84%D8%A7%D8%AA-%D8%A7%D9%84%D8%B3%D9%85%D9%86%D8%A9-%D9%88%D8%A7%D9%84%D9%86%D8%AD%D8%A7%D9%81%D8%A9-%D9%88-%D8%A7%D9%84%D8%A3%D9%85%D8%B1%D8%A7%D8%B6-%D8%A7%D9%84%D9%85%D8%B2%D9%85%D9%86%D8%A9,0.0,0,لم يحسب,0,0,$10.00,يومين,0,0,0.0,ندى سامح عبدالغفار احمد ي.,https://khamsat.com/user/nada_sameh23,False,بائع جديد,0.0,0,لم يحسب بعد,1,0,لم يحسب
أسلوب حياة,https://khamsat.com/lifestyle,صحة وتغذية,https://khamsat.com/lifestyle/nutrition,نظام غذائي احترافي مخصص لك ولهدفك,https://khamsat.com/lifestyle/nutrition/3022236-%D9%86%D8%B8%D8%A7%D9%85-%D8%BA%D8%B0%D8%A7%D8%A6%D9%8A-%D8%A7%D8%AD%D8%AA%D8%B1%D8%A7%D9%81%D9%8A-%D9%85%D8%AE%D8%B5%D8%B5-%D9%84%D9%83-%D9%88%D9%84%D9%87%D8%AF%D9%81%D9%83,0.0,0,لم يحسب,0,0,$5.00,يومين,0,0,0.0,مارك خ.,https://khamsat.com/user/marook,False,بائع جديد,0.0,0,لم يحسب بعد,1,0,لم يحسب
أسلوب حياة,https://khamsat.com/lifestyle,صحة وتغذية,https://khamsat.com/lifestyle/nutrition,انظمة غذائيه سمنة ونحافة وتغذية علاجية,https://khamsat.com/lifestyle/nutrition/2660230-%D8%A7%D9%86%D8%B8%D9%85%D8%A9-%D8%BA%D8%B0%D8%A7%D8%A6%D9%8A%D9%87-%D8%B3%D9%85%D9%86%D8%A9-%D9%88%D9%86%D8%AD%D8%A7%D9%81%D8%A9-%D9%88%D8%AA%D8%BA%D8%B0%D9%8A%D8%A9-%D8%B9%D9%84%D8%A7%D8%AC%D9%8A%D8%A9,0.0,0,لم يحسب,0,0,$5.00,شهر,0,0,0.0,.Marwa K,https://khamsat.com/user/marwakamal22,True,بائع نشيط,5.0,12,92.31%,3,12,11 ساعة
أسلوب حياة,https://khamsat.com/lifestyle,صحة وتغذية,https://khamsat.com/lifestyle/nutrition,تغيير نمط حياة صحى والوصول للوزن المثالى,https://khamsat.com/lifestyle/nutrition/2885742-%D8%AA%D8%BA%D9%8A%D9%8A%D8%B1-%D9%86%D9%85%D8%B7-%D8%AD%D9%8A%D8%A7%D8%A9-%D8%B5%D8%AD%D9%89-%D9%88%D8%A7%D9%84%D9%88%D8%B5%D9%88%D9%84-%D9%84%D9%84%D9%88%D8%B2%D9%86-%D8%A7%D9%84%D9%85%D8%AB%D8%A7%D9%84%D9%89,5.0,1,4 ساعات,1,0,$10.00,ثلاثة أيام,1,0,0.0,.Reham E,https://khamsat.com/user/reham_elsherbiny,False,بائع جديد,5.0,1,100.0%,1,1,4 ساعات
أسلوب حياة,https://khamsat.com/lifestyle,صحة وتغذية,https://khamsat.com/lifestyle/nutrition,تغذية علاجية سمنة ونحافة صحتك مهمة وتستحق العمل لأجلها,https://khamsat.com/lifestyle/nutrition/2790503-%D8%AA%D8%BA%D8%B0%D9%8A%D8%A9-%D8%B9%D9%84%D8%A7%D8%AC%D9%8A%D8%A9-%D8%B3%D9%85%D9%86%D8%A9-%D9%88%D9%86%D8%AD%D8%A7%D9%81%D8%A9-%D8%B5%D8%AD%D8%AA%D9%83-%D9%85%D9%87%D9%85%D8%A9-%D9%88%D8%AA%D8%B3%D8%AA%D8%AD%D9%82-%D8%A7%D9%84%D8%B9%D9%85%D9%84-%D9%84%D8%A3%D8%AC%D9%84%D9%87%D8%A7,5.0,1,لم يحسب,1,0,$10.00,يوم واحد,1,5,90.0,.Arwa E,https://khamsat.com/user/arwa_elamir0,True,بائع جديد,5.0,1,100.0%,3,1,لم يحسب
أسلوب حياة,https://khamsat.com/lifestyle,موضة وجمال,https://khamsat.com/lifestyle/beauty-fashion,أناقتكِ الشخصية استشارات الموضة والأزياء,https://khamsat.com/lifestyle/beauty-fashion/2908308-%D8%A3%D9%86%D8%A7%D9%82%D8%AA%D9%83-%D8%A7%D9%84%D8%B4%D8%AE%D8%B5%D9%8A%D8%A9-%D8%A7%D8%B3%D8%AA%D8%B4%D8%A7%D8%B1%D8%A7%D8%AA-%D8%A7%D9%84%D9%85%D9%88%D8%B6%D8%A9-%D9%88%D8%A7%D9%84%D8%A3%D8%B2%D9%8A%D8%A7%D8%A1,5.0,1,ساعتين,1,0,$10.00,يوم واحد,1,1,10.0,مي ا.,https://khamsat.com/user/toty066,True,بائع جديد,5.0,1,100.0%,1,1,ساعتين
أسلوب حياة,https://khamsat.com/lifestyle,موضة وجمال,https://khamsat.com/lifestyle/beauty-fashion,كتاب اليكتروني عن اسرار ونصائح عن العطور كتاب رقمي 100 صفحة,https://khamsat.com/lifestyle/beauty-fashion/2215932-%D9%83%D8%AA%D8%A7%D8%A8-%D8%A7%D9%84%D9%8A%D9%83%D8%AA%D8%B1%D9%88%D9%86%D9%8A-%D8%B9%D9%86-%D8%A7%D8%B3%D8%B1%D8%A7%D8%B1-%D9%88%D9%86%D8%B5%D8%A7%D8%A6%D8%AD-%D8%B9%D9%86-%D8%A7%D9%84%D8%B9%D8%B7%D9%88%D8%B1-%D9%83%D8%AA%D8%A7%D8%A8-%D8%B1%D9%82%D9%85%D9%8A-100-%D8%B5%D9%81%D8%AD%D8%A9,0.0,0,3 أيام,1,0,$20.00,يوم واحد,0,0,0.0,منصور ع.,https://khamsat.com/user/mansoor-ali,True,بائع مميز,4.5,83,94.44%,14,120,12 ساعة
أسلوب حياة,https://khamsat.com/lifestyle,موضة وجمال,https://khamsat.com/lifestyle/beauty-fashion,تنسيق اوتفت وشعر وميكب موضة وجمال,https://khamsat.com/lifestyle/beauty-fashion/2820705-%D8%AA%D9%86%D8%B3%D9%8A%D9%82-%D8%A7%D9%88%D8%AA%D9%81%D8%AA-%D9%88%D8%B4%D8%B9%D8%B1-%D9%88%D9%85%D9%8A%D9%83%D8%A8-%D9%85%D9%88%D8%B6%D8%A9-%D9%88%D8%AC%D9%85%D8%A7%D9%84,5.0,1,ساعة,1,0,$10.00,يوم واحد,1,1,10.0,سدين ا.,https://khamsat.com/user/sadeen_2000,True,بائع جديد,5.0,2,100.0%,2,2,ساعة
أسلوب حياة,https://khamsat.com/lifestyle,موضة وجمال,https://khamsat.com/lifestyle/beauty-fashion,الاستفسار واعطاء النصائح الخاصة بالبشرة والشعر,https://khamsat.com/lifestyle/beauty-fashion/2337920-%D8%A7%D9%84%D8%A7%D8%B3%D8%AA%D9%81%D8%B3%D8%A7%D8%B1-%D9%88%D8%A7%D8%B9%D8%B7%D8%A7%D8%A1-%D8%A7%D9%84%D9%86%D8%B5%D8%A7%D8%A6%D8%AD-%D8%A7%D9%84%D8%AE%D8%A7%D8%B5%D8%A9-%D8%A8%D8%A7%D9%84%D8%A8%D8%B4%D8%B1%D8%A9-%D9%88%D8%A7%D9%84%D8%B4%D8%B9%D8%B1,0.0,0,لم يحسب,0,0,$5.00,يوم واحد,0,0,0.0,ابانوب ي.,https://khamsat.com/user/beboleopard,True,بائع جديد,5.0,1,100.0%,3,2,3 ساعات
أسلوب حياة,https://khamsat.com/lifestyle,موضة وجمال,https://khamsat.com/lifestyle/beauty-fashion,تنسيق الملابس للجميع,https://khamsat.com/lifestyle/beauty-fashion/2815186-%D8%AA%D9%86%D8%B3%D9%8A%D9%82-%D8%A7%D9%84%D9%85%D9%84%D8%A7%D8%A8%D8%B3-%D9%84%D9%84%D8%AC%D9%85%D9%8A%D8%B9,0.0,0,لم يحسب,0,0,$5.00,يوم واحد,0,0,0.0,.Huda A,https://khamsat.com/user/bigboss268,True,بائع جديد,3.5,7,70.0%,5,7,40 دقيقة
أسلوب حياة,https://khamsat.com/lifestyle,موضة وجمال,https://khamsat.com/lifestyle/beauty-fashion,عناية بالشعر من الألف إلى الياء,https://khamsat.com/lifestyle/beauty-fashion/2860054-%D8%B9%D9%86%D8%A7%D9%8A%D8%A9-%D8%A8%D8%A7%D9%84%D8%B4%D8%B9%D8%B1-%D9%85%D9%86-%D8%A7%D9%84%D8%A3%D9%84%D9%81-%D8%A5%D9%84%D9%89-%D8%A7%D9%84%D9%8A%D8%A7%D8%A1,0.0,0,لم يحسب,0,0,$5.00,يومين,0,1,15.0,أشرقت س.,https://khamsat.com/user/ashraqatsamy_555,False,بائع جديد,0.0,0,لم يحسب بعد,2,0,لم يحسب
أسلوب حياة,https://khamsat.com/lifestyle,موضة وجمال,https://khamsat.com/lifestyle/beauty-fashion,استشارات لجمال وصحة البشره والشعر وتركيبات تجميليه,https://khamsat.com/lifestyle/beauty-fashion/2936379-%D8%A7%D8%B3%D8%AA%D8%B4%D8%A7%D8%B1%D8%A7%D8%AA-%D9%84%D8%AC%D9%85%D8%A7%D9%84-%D9%88%D8%B5%D8%AD%D8%A9-%D8%A7%D9%84%D8%A8%D8%B4%D8%B1%D9%87-%D9%88%D8%A7%D9%84%D8%B4%D8%B9%D8%B1-%D9%88%D8%AA%D8%B1%D9%83%D9%8A%D8%A8%D8%A7%D8%AA-%D8%AA%D8%AC%D9%85%D9%8A%D9%84%D9%8A%D9%87,0.0,0,لم يحسب,0,0,$5.00,يوم واحد,0,1,5.0,.Norhan O,https://khamsat.com/user/norhan_osama1996,True,بائع جديد,0.0,0,لم يحسب بعد,3,0,لم يحسب
أسلوب حياة,https://khamsat.com/lifestyle,موضة وجمال,https://khamsat.com/lifestyle/beauty-fashion,استشيريني لاطلالة فاتنة ومظهر آسر,https://khamsat.com/lifestyle/beauty-fashion/3010148-%D8%A7%D8%B3%D8%AA%D8%B4%D9%8A%D8%B1%D9%8A%D9%86%D9%8A-%D9%84%D8%A7%D8%B7%D9%84%D8%A7%D9%84%D8%A9-%D9%81%D8%A7%D8%AA%D9%86%D8%A9-%D9%88%D9%85%D8%B8%D9%87%D8%B1-%D8%A2%D8%B3%D8%B1,0.0,0,لم يحسب,0,0,$10.00,يومين,0,2,30.0,فاطمة ع.,https://khamsat.com/user/luckyfatma777,False,بائع جديد,0.0,0,لم يحسب بعد,1,0,لم يحسب
أسلوب حياة,https://khamsat.com/lifestyle,موضة وجمال,https://khamsat.com/lifestyle/beauty-fashion,إستشارات في الموضة والأزياء,https://khamsat.com/lifestyle/beauty-fashion/2499566-%D8%A5%D8%B3%D8%AA%D8%B4%D8%A7%D8%B1%D8%A7%D8%AA-%D9%81%D9%8A-%D8%A7%D9%84%D9%85%D9%88%D8%B6%D8%A9-%D9%88%D8%A7%D9%84%D8%A3%D8%B2%D9%8A%D8%A7%D8%A1,0.0,0,ساعة,1,0,$5.00,يومين,0,1,15.0,.Reema S,https://khamsat.com/user/reema_shaheen369,True,بائع جديد,0.0,0,100.0%,3,1,ساعة
أسلوب حياة,https://khamsat.com/lifestyle,موضة وجمال,https://khamsat.com/lifestyle/beauty-fashion,استشارة في العناية اليومية بالبشرة بالشكل السليم,https://khamsat.com/lifestyle/beauty-fashion/2929064-%D8%A7%D8%B3%D8%AA%D8%B4%D8%A7%D8%B1%D8%A9-%D9%81%D9%8A-%D8%A7%D9%84%D8%B9%D9%86%D8%A7%D9%8A%D8%A9-%D8%A7%D9%84%D9%8A%D9%88%D9%85%D9%8A%D8%A9-%D8%A8%D8%A7%D9%84%D8%A8%D8%B4%D8%B1%D8%A9-%D8%A8%D8%A7%D9%84%D8%B4%D9%83%D9%84-%D8%A7%D9%84%D8%B3%D9%84%D9%8A%D9%85,0.0,0,لم يحسب,0,0,$5.00,يوم واحد,0,1,5.0,.Majd A,https://khamsat.com/user/majd_alz,False,بائع جديد,0.0,0,لم يحسب بعد,5,0,لم يحسب
أسلوب حياة,https://khamsat.com/lifestyle,موضة وجمال,https://khamsat.com/lifestyle/beauty-fashion,عناية بالبشرة من الصفر الى البشرة الزجاجية الرائعة,https://khamsat.com/lifestyle/beauty-fashion/2965820-%D8%B9%D9%86%D8%A7%D9%8A%D8%A9-%D8%A8%D8%A7%D9%84%D8%A8%D8%B4%D8%B1%D8%A9-%D9%85%D9%86-%D8%A7%D9%84%D8%B5%D9%81%D8%B1-%D8%A7%D9%84%D9%89-%D8%A7%D9%84%D8%A8%D8%B4%D8%B1%D8%A9-%D8%A7%D9%84%D8%B2%D8%AC%D8%A7%D8%AC%D9%8A%D8%A9-%D8%A7%D9%84%D8%B1%D8%A7%D8%A6%D8%B9%D8%A9,0.0,0,لم يحسب,0,0,$10.00,يوم واحد,0,0,0.0,.Mohamedalfatih A,https://khamsat.com/user/mohamed_alfatih22,False,بائع جديد,0.0,0,لم يحسب بعد,1,0,لم يحسب
أسلوب حياة,https://khamsat.com/lifestyle,موضة وجمال,https://khamsat.com/lifestyle/beauty-fashion,مستحضرات التجميل الطبيعة والعضويه,https://khamsat.com/lifestyle/beauty-fashion/2916396-%D9%85%D8%B3%D8%AA%D8%AD%D8%B6%D8%B1%D8%A7%D8%AA-%D8%A7%D9%84%D8%AA%D8%AC%D9%85%D9%8A%D9%84-%D8%A7%D9%84%D8%B7%D8%A8%D9%8A%D8%B9%D8%A9-%D9%88%D8%A7%D9%84%D8%B9%D8%B6%D9%88%D9%8A%D9%87,0.0,0,لم يحسب,0,0,$10.00,ثلاثة أيام,0,0,0.0,ريما ص.,https://khamsat.com/user/rima55,False,بائع جديد,0.0,0,لم يحسب بعد,1,0,لم يحسب
أسلوب حياة,https://khamsat.com/lifestyle,موضة وجمال,https://khamsat.com/lifestyle/beauty-fashion,دورة تعليمية لإتقان فن الأظافر,https://khamsat.com/lifestyle/beauty-fashion/2930779-%D8%AF%D9%88%D8%B1%D8%A9-%D8%AA%D8%B9%D9%84%D9%8A%D9%85%D9%8A%D8%A9-%D9%84%D8%A5%D8%AA%D9%82%D8%A7%D9%86-%D9%81%D9%86-%D8%A7%D9%84%D8%A3%D8%B8%D8%A7%D9%81%D8%B1,0.0,0,لم يحسب,0,0,$5.00,أسبوع,0,0,0.0,ياسمين ح.,https://khamsat.com/user/yasmen_hajouz,False,بائع جديد,0.0,0,لم يحسب بعد,1,0,لم يحسب
أسلوب حياة,https://khamsat.com/lifestyle,موضة وجمال,https://khamsat.com/lifestyle/beauty-fashion,مقال عن الموضة الجمال مستحضرات التجميل مناسب لمتجرك,https://khamsat.com/lifestyle/beauty-fashion/2769807-%D9%85%D9%82%D8%A7%D9%84-%D8%B9%D9%86-%D8%A7%D9%84%D9%85%D9%88%D8%B6%D8%A9-%D8%A7%D9%84%D8%AC%D9%85%D8%A7%D9%84-%D9%85%D8%B3%D8%AA%D8%AD%D8%B6%D8%B1%D8%A7%D8%AA-%D8%A7%D9%84%D8%AA%D8%AC%D9%85%D9%8A%D9%84-%D9%85%D9%86%D8%A7%D8%B3%D8%A8-%D9%84%D9%85%D8%AA%D8%AC%D8%B1%D9%83,0.0,0,لم يحسب,0,0,$5.00,ثلاثة أيام,0,0,0.0,بيلسان ع.,https://khamsat.com/user/baylasan71,True,بائع مميز,4.5,54,85.31%,4,79,3 ساعات
