Category Name,Category URL,Service Name,Service URL,Offer Name,Offer URL,Offer Stars,Offer Raters,Offer Response Time,Offer Buyers,Pending,Price,Duration,Reviews,Available Additions,Additions Price,Owner Name,Owner URL,Owner Verified,Owner Level,Owner Stars,Owner Raters,Owner Completion Rate,Owner Services,Owner Customers,Owner Response Time
أعمال,https://khamsat.com/business,أسماء تجارية,https://khamsat.com/business/business-names,كتابة اسماء مميزة لكافة المؤسسات,https://khamsat.com/business/business-names/2499921-%D9%83%D8%AA%D8%A7%D8%A8%D8%A9-%D8%A7%D8%B3%D9%85%D8%A7%D8%A1-%D9%85%D9%85%D9%8A%D8%B2%D8%A9-%D9%84%D9%83%D8%A7%D9%81%D8%A9-%D8%A7%D9%84%D9%85%D8%A4%D8%B3%D8%B3%D8%A7%D8%AA,5.0,13,ساعتين,20,0,$5.00,يوم واحد,13,3,35.0,فاطمة م.,https://khamsat.com/user/fatmamohamed123,True,بائع نشيط,5.0,14,96.0%,3,21,ساعتين
أعمال,https://khamsat.com/business,أسماء تجارية,https://khamsat.com/business/business-names,اقدم اقتراحات لاسماء البراند الخاص بك مع امكانية لعمل موقع,https://khamsat.com/business/business-names/1993761-%D8%A7%D9%82%D8%AF%D9%85-%D8%A7%D9%82%D8%AA%D8%B1%D8%A7%D8%AD%D8%A7%D8%AA-%D9%84%D8%A7%D8%B3%D9%85%D8%A7%D8%A1-%D8%A7%D9%84%D8%A8%D8%B1%D8%A7%D9%86%D8%AF-%D8%A7%D9%84%D8%AE%D8%A7%D8%B5-%D8%A8%D9%83-%D9%85%D8%B9-%D8%A7%D9%85%D9%83%D8%A7%D9%86%D9%8A%D8%A9-%D9%84%D8%B9%D9%85%D9%84-%D9%85%D9%88%D9%82%D8%B9,4.5,57,57 دقيقة,105,0,$5.00,يوم واحد,25,5,135.0,هديل ا.,https://khamsat.com/user/hadeelakram777,True,بائع نشيط,4.5,59,78.32%,5,107,ساعتين
أعمال,https://khamsat.com/business,أسماء تجارية,https://khamsat.com/business/business-names,اقتراح اسم مميز وجذاب لمشروعك التجاري او موقعك الالكتروني,https://khamsat.com/business/business-names/2847637-%D8%A7%D9%82%D8%AA%D8%B1%D8%A7%D8%AD-%D8%A7%D8%B3%D9%85-%D9%85%D9%85%D9%8A%D8%B2-%D9%88%D8%AC%D8%B0%D8%A7%D8%A8-%D9%84%D9%85%D8%B4%D8%B1%D9%88%D8%B9%D9%83-%D8%A7%D9%84%D8%AA%D8%AC%D8%A7%D8%B1%D9%8A-%D8%A7%D9%88-%D9%85%D9%88%D9%82%D8%B9%D9%83-%D8%A7%D9%84%D8%A7%D9%84%D9%83%D8%AA%D8%B1%D9%88%D9%86%D9%8A,0.0,0,ساعة,1,0,$5.00,يوم واحد,0,4,25.0,سارة ع.,https://khamsat.com/user/sara_abdelbast_25,True,بائع مميز,0.0,28,94.57%,1,37,41 دقيقة
أعمال,https://khamsat.com/business,أسماء تجارية,https://khamsat.com/business/business-names,سأقوم بايجاد اسم مميز وفريد لشركتك او موقعك,https://khamsat.com/business/business-names/1427540-%D8%B3%D8%A3%D9%82%D9%88%D9%85-%D8%A8%D8%A7%D9%8A%D8%AC%D8%A7%D8%AF-%D8%A7%D8%B3%D9%85-%D9%85%D9%85%D9%8A%D8%B2-%D9%88%D9%81%D8%B1%D9%8A%D8%AF-%D9%84%D8%B4%D8%B1%D9%83%D8%AA%D9%83-%D8%A7%D9%88-%D9%85%D9%88%D9%82%D8%B9%D9%83,4.5,70,يوم,162,0,$5.00,ثلاثة أيام,25,3,60.0,.Muhammad Dib Q,https://khamsat.com/user/noory0123,True,بائع مميز,4.5,74,84.55%,3,167,19 ساعة
أعمال,https://khamsat.com/business,أسماء تجارية,https://khamsat.com/business/business-names,مقترح اسم لشركتك أو مطعمك أو مشروعك أو براند جديد,https://khamsat.com/business/business-names/2309508-%D9%85%D9%82%D8%AA%D8%B1%D8%AD-%D8%A7%D8%B3%D9%85-%D9%84%D8%B4%D8%B1%D9%83%D8%AA%D9%83-%D8%A3%D9%88-%D9%85%D8%B7%D8%B9%D9%85%D9%83-%D8%A3%D9%88-%D9%85%D8%B4%D8%B1%D9%88%D8%B9%D9%83-%D8%A3%D9%88-%D8%A8%D8%B1%D8%A7%D9%86%D8%AF-%D8%AC%D8%AF%D9%8A%D8%AF,4.5,13,7 ساعات,34,0,$5.00,يوم واحد,13,0,0.0,راجي ا.,https://khamsat.com/user/raji_elkurd,True,بائع مميز,4.5,27,87.5%,9,50,4 ساعات
أعمال,https://khamsat.com/business,أسماء تجارية,https://khamsat.com/business/business-names,اقتراح اسم مميز لشركتك او مشروعك اوموقعك الصاعد الجديد,https://khamsat.com/business/business-names/775379-%D8%A7%D9%82%D8%AA%D8%B1%D8%A7%D8%AD-%D8%A7%D8%B3%D9%85-%D9%85%D9%85%D9%8A%D8%B2-%D9%84%D8%B4%D8%B1%D9%83%D8%AA%D9%83-%D8%A7%D9%88-%D9%85%D8%B4%D8%B1%D9%88%D8%B9%D9%83-%D8%A7%D9%88%D9%85%D9%88%D9%82%D8%B9%D9%83-%D8%A7%D9%84%D8%B5%D8%A7%D8%B9%D8%AF-%D8%A7%D9%84%D8%AC%D8%AF%D9%8A%D8%AF,4.5,33,18 ساعة,70,0,$5.00,يومين,25,1,5.0,.Mahmoud E,https://khamsat.com/user/mahmoud-el-safty,True,بائع مميز,4.5,294,94.69%,1,417,3 ساعات
أعمال,https://khamsat.com/business,أسماء تجارية,https://khamsat.com/business/business-names,اقتراح واختيار اسم شركة مؤسسة متجر مطعم متخصص وفريد وقوي,https://khamsat.com/business/business-names/2530496-%D8%A7%D9%82%D8%AA%D8%B1%D8%A7%D8%AD-%D9%88%D8%A7%D8%AE%D8%AA%D9%8A%D8%A7%D8%B1-%D8%A7%D8%B3%D9%85-%D8%B4%D8%B1%D9%83%D8%A9-%D9%85%D8%A4%D8%B3%D8%B3%D8%A9-%D9%85%D8%AA%D8%AC%D8%B1-%D9%85%D8%B7%D8%B9%D9%85-%D9%85%D8%AA%D8%AE%D8%B5%D8%B5-%D9%88%D9%81%D8%B1%D9%8A%D8%AF-%D9%88%D9%82%D9%88%D9%8A,5.0,4,18 ساعة,13,0,$10.00,ثلاثة أيام,4,4,75.0,.Waseem A,https://khamsat.com/user/waseem11,True,بائع مميز,5.0,46,84.47%,2,65,ساعتين
أعمال,https://khamsat.com/business,أسماء تجارية,https://khamsat.com/business/business-names,ابتكار اسم تجاري تنافسي عصري مميز وجذاب لمشروعك,https://khamsat.com/business/business-names/2621187-%D8%A7%D8%A8%D8%AA%D9%83%D8%A7%D8%B1-%D8%A7%D8%B3%D9%85-%D8%AA%D8%AC%D8%A7%D8%B1%D9%8A-%D8%AA%D9%86%D8%A7%D9%81%D8%B3%D9%8A-%D8%B9%D8%B5%D8%B1%D9%8A-%D9%85%D9%85%D9%8A%D8%B2-%D9%88%D8%AC%D8%B0%D8%A7%D8%A8-%D9%84%D9%85%D8%B4%D8%B1%D9%88%D8%B9%D9%83,5.0,10,ساعة,23,0,$10.00,يوم واحد,10,5,120.0,محمد ش.,https://khamsat.com/user/chayoub_mohammed,True,بائع مميز,5.0,70,92.35%,7,96,ساعة
أعمال,https://khamsat.com/business,أسماء تجارية,https://khamsat.com/business/business-names,اختيار اسم لمشروعك أو شركتك له مدلول ومعنى يخص مجالك فقط,https://khamsat.com/business/business-names/2143139-%D8%A7%D8%AE%D8%AA%D9%8A%D8%A7%D8%B1-%D8%A7%D8%B3%D9%85-%D9%84%D9%85%D8%B4%D8%B1%D9%88%D8%B9%D9%83-%D8%A3%D9%88-%D8%B4%D8%B1%D9%83%D8%AA%D9%83-%D9%84%D9%87-%D9%85%D8%AF%D9%84%D9%88%D9%84-%D9%88%D9%85%D8%B9%D9%86%D9%89-%D9%8A%D8%AE%D8%B5-%D9%85%D8%AC%D8%A7%D9%84%D9%83-%D9%81%D9%82%D8%B7,5.0,5,4 أيام,5,0,$20.00,يومين,5,1,10.0,.Fatma A,https://khamsat.com/user/fatima_ahmed279,True,بائع نشيط,5.0,13,100.0%,4,13,يوم
أعمال,https://khamsat.com/business,أسماء تجارية,https://khamsat.com/business/business-names,تقديم اسم مناسب وملفت لمشروعك أو شركتك أو موقعك أو مدونتك,https://khamsat.com/business/business-names/807116-%D8%AA%D9%82%D8%AF%D9%8A%D9%85-%D8%A7%D8%B3%D9%85-%D9%85%D9%86%D8%A7%D8%B3%D8%A8-%D9%88%D9%85%D9%84%D9%81%D8%AA-%D9%84%D9%85%D8%B4%D8%B1%D9%88%D8%B9%D9%83-%D8%A3%D9%88-%D8%B4%D8%B1%D9%83%D8%AA%D9%83-%D8%A3%D9%88-%D9%85%D9%88%D9%82%D8%B9%D9%83-%D8%A3%D9%88-%D9%85%D8%AF%D9%88%D9%86%D8%AA%D9%83,4.5,74,ساعة,150,0,$5.00,يومين,25,5,75.0,.Mohammad M,https://khamsat.com/user/mohammad-nsr-meray,True,بائع مميز,4.5,152,90.92%,6,258,5 ساعات
أعمال,https://khamsat.com/business,أسماء تجارية,https://khamsat.com/business/business-names,اقتراح اسم مميز لشركتك ومتجرك ومشروعك وموقعك,https://khamsat.com/business/business-names/2361422-%D8%A7%D9%82%D8%AA%D8%B1%D8%A7%D8%AD-%D8%A7%D8%B3%D9%85-%D9%85%D9%85%D9%8A%D8%B2-%D9%84%D8%B4%D8%B1%D9%83%D8%AA%D9%83-%D9%88%D9%85%D8%AA%D8%AC%D8%B1%D9%83-%D9%88%D9%85%D8%B4%D8%B1%D9%88%D8%B9%D9%83-%D9%88%D9%85%D9%88%D9%82%D8%B9%D9%83,5.0,6,9 ساعات,9,1,$5.00,يوم واحد,6,2,10.0,الجندي م.,https://khamsat.com/user/elgendymahmoud,True,بائع مميز,4.5,36,83.53%,5,40,ساعتين
أعمال,https://khamsat.com/business,أسماء تجارية,https://khamsat.com/business/business-names,سأقترح عليك أسماء جميلة وابداعية لفكرة مشروعك، براند، موقعك.,https://khamsat.com/business/business-names/1636295-%D8%B3%D8%A3%D9%82%D8%AA%D8%B1%D8%AD-%D8%B9%D9%84%D9%8A%D9%83-%D8%A3%D8%B3%D9%85%D8%A7%D8%A1-%D8%AC%D9%85%D9%8A%D9%84%D8%A9-%D9%88%D8%A7%D8%A8%D8%AF%D8%A7%D8%B9%D9%8A%D8%A9-%D9%84%D9%81%D9%83%D8%B1%D8%A9-%D9%85%D8%B4%D8%B1%D9%88%D8%B9%D9%83-%D8%A8%D8%B1%D8%A7%D9%86%D8%AF-%D9%85%D9%88%D9%82%D8%B9%D9%83,4.5,32,ساعة,63,1,$5.00,يومين,25,3,20.0,عبد المجيد م.,https://khamsat.com/user/thearabicvoice,True,بائع مميز,4.5,65,89.68%,1,100,57 دقيقة
أعمال,https://khamsat.com/business,أسماء تجارية,https://khamsat.com/business/business-names,أعطيك اسم مميز لمشروعك او شركتك و حتى عنوان مناسب لكتابك,https://khamsat.com/business/business-names/2722592-%D8%A3%D8%B9%D8%B7%D9%8A%D9%83-%D8%A7%D8%B3%D9%85-%D9%85%D9%85%D9%8A%D8%B2-%D9%84%D9%85%D8%B4%D8%B1%D9%88%D8%B9%D9%83-%D8%A7%D9%88-%D8%B4%D8%B1%D9%83%D8%AA%D9%83-%D9%88-%D8%AD%D8%AA%D9%89-%D8%B9%D9%86%D9%88%D8%A7%D9%86-%D9%85%D9%86%D8%A7%D8%B3%D8%A8-%D9%84%D9%83%D8%AA%D8%A7%D8%A8%D9%83,5.0,5,ساعة,8,0,$10.00,يومين,5,3,35.0,أمين ح.,https://khamsat.com/user/%D9%84%D9%85%D9%8A%D9%86-%D8%AD%D8%B1%D9%83%D8%A7%D8%AA%D9%8A,True,بائع مميز,4.5,196,78.49%,5,247,3 ساعات
أعمال,https://khamsat.com/business,أسماء تجارية,https://khamsat.com/business/business-names,سأقدم لك اسم احترافي لعلامتك التجارية,https://khamsat.com/business/business-names/1171044-%D8%B3%D8%A3%D9%82%D8%AF%D9%85-%D9%84%D9%83-%D8%A7%D8%B3%D9%85-%D8%A7%D8%AD%D8%AA%D8%B1%D8%A7%D9%81%D9%8A-%D9%84%D8%B9%D9%84%D8%A7%D9%85%D8%AA%D9%83-%D8%A7%D9%84%D8%AA%D8%AC%D8%A7%D8%B1%D9%8A%D8%A9,5.0,5,8 دقائق,19,0,$20.00,ثلاثة أيام,5,2,60.0,.Lahcen O,https://khamsat.com/user/lahcen-oubellaid,True,بائع مميز,5.0,145,86.79%,3,187,9 ساعات
أعمال,https://khamsat.com/business,أسماء تجارية,https://khamsat.com/business/business-names,أختيار اسم احترافي ومميز للتسويق لمشروعك او شركتك,https://khamsat.com/business/business-names/2674406-%D8%A3%D8%AE%D8%AA%D9%8A%D8%A7%D8%B1-%D8%A7%D8%B3%D9%85-%D8%A7%D8%AD%D8%AA%D8%B1%D8%A7%D9%81%D9%8A-%D9%88%D9%85%D9%85%D9%8A%D8%B2-%D9%84%D9%84%D8%AA%D8%B3%D9%88%D9%8A%D9%82-%D9%84%D9%85%D8%B4%D8%B1%D9%88%D8%B9%D9%83-%D8%A7%D9%88-%D8%B4%D8%B1%D9%83%D8%AA%D9%83,5.0,2,11 دقيقة,5,0,$15.00,يوم واحد,2,0,0.0,.Abanob F,https://khamsat.com/user/abanob-farag,True,بائع نشيط,4.5,28,86.05%,8,30,14 ساعة
أعمال,https://khamsat.com/business,أسماء تجارية,https://khamsat.com/business/business-names,سأقترح عليك10 أسامي جذابة ومميزة لاسم مشروعك، شركة،منتوج...,https://khamsat.com/business/business-names/1867027-%D8%B3%D8%A3%D9%82%D8%AA%D8%B1%D8%AD-%D8%B9%D9%84%D9%8A%D9%8310-%D8%A3%D8%B3%D8%A7%D9%85%D9%8A-%D8%AC%D8%B0%D8%A7%D8%A8%D8%A9-%D9%88%D9%85%D9%85%D9%8A%D8%B2%D8%A9-%D9%84%D8%A7%D8%B3%D9%85-%D9%85%D8%B4%D8%B1%D9%88%D8%B9%D9%83-%D8%B4%D8%B1%D9%83%D8%A9%D9%85%D9%86%D8%AA%D9%88%D8%AC,5.0,7,4 أيام,18,0,$15.00,يومين,7,3,90.0,تينهينان ق.,https://khamsat.com/user/tinhinane_14,True,بائع نشيط,5.0,8,63.33%,6,19,يوم
أعمال,https://khamsat.com/business,أسماء تجارية,https://khamsat.com/business/business-names,اقتراح مجموعة أسماء مميزة لمشروعك الجديد..,https://khamsat.com/business/business-names/1833001-%D8%A7%D9%82%D8%AA%D8%B1%D8%A7%D8%AD-%D9%85%D8%AC%D9%85%D9%88%D8%B9%D8%A9-%D8%A3%D8%B3%D9%85%D8%A7%D8%A1-%D9%85%D9%85%D9%8A%D8%B2%D8%A9-%D9%84%D9%85%D8%B4%D8%B1%D9%88%D8%B9%D9%83-%D8%A7%D9%84%D8%AC%D8%AF%D9%8A%D8%AF,4.5,26,ساعة,30,1,$25.00,يومين,25,5,70.0,.Mohamad A,https://khamsat.com/user/mohamad_alrefaei,True,بائع مميز,4.5,54,83.33%,5,63,ساعة
أعمال,https://khamsat.com/business,أسماء تجارية,https://khamsat.com/business/business-names,اقتراح اسم لمشروع جديد اسم لبراند جديد اسم لخدمه جديده,https://khamsat.com/business/business-names/2130824-%D8%A7%D9%82%D8%AA%D8%B1%D8%A7%D8%AD-%D8%A7%D8%B3%D9%85-%D9%84%D9%85%D8%B4%D8%B1%D9%88%D8%B9-%D8%AC%D8%AF%D9%8A%D8%AF-%D8%A7%D8%B3%D9%85-%D9%84%D8%A8%D8%B1%D8%A7%D9%86%D8%AF-%D8%AC%D8%AF%D9%8A%D8%AF-%D8%A7%D8%B3%D9%85-%D9%84%D8%AE%D8%AF%D9%85%D9%87-%D8%AC%D8%AF%D9%8A%D8%AF%D9%87,4.5,54,3 ساعات,125,1,$5.00,يوم واحد,25,4,65.0,.Haitham A,https://khamsat.com/user/haithamalq,True,بائع مميز,4.5,98,91.24%,5,173,5 ساعات
أعمال,https://khamsat.com/business,أسماء تجارية,https://khamsat.com/business/business-names,تقديم الاسم المميز التسويقي لموقعك و شركتك و مشروعك ومنتجك,https://khamsat.com/business/business-names/2647569-%D8%AA%D9%82%D8%AF%D9%8A%D9%85-%D8%A7%D9%84%D8%A7%D8%B3%D9%85-%D8%A7%D9%84%D9%85%D9%85%D9%8A%D8%B2-%D8%A7%D9%84%D8%AA%D8%B3%D9%88%D9%8A%D9%82%D9%8A-%D9%84%D9%85%D9%88%D9%82%D8%B9%D9%83-%D9%88-%D8%B4%D8%B1%D9%83%D8%AA%D9%83-%D9%88-%D9%85%D8%B4%D8%B1%D9%88%D8%B9%D9%83-%D9%88%D9%85%D9%86%D8%AA%D8%AC%D9%83,4.5,8,6 ساعات,8,0,$5.00,يوم واحد,8,1,5.0,.Ebram A,https://khamsat.com/user/ebramadel,True,بائع مميز,5.0,62,89.33%,5,70,ساعة
أعمال,https://khamsat.com/business,أسماء تجارية,https://khamsat.com/business/business-names,اعطيك فكرة لمشروع جديد واسم مميز له ومبتكر لتبدأ طريق نجاحك,https://khamsat.com/business/business-names/997184-%D8%A7%D8%B9%D8%B7%D9%8A%D9%83-%D9%81%D9%83%D8%B1%D8%A9-%D9%84%D9%85%D8%B4%D8%B1%D9%88%D8%B9-%D8%AC%D8%AF%D9%8A%D8%AF-%D9%88%D8%A7%D8%B3%D9%85-%D9%85%D9%85%D9%8A%D8%B2-%D9%84%D9%87-%D9%88%D9%85%D8%A8%D8%AA%D9%83%D8%B1-%D9%84%D8%AA%D8%A8%D8%AF%D8%A3-%D8%B7%D8%B1%D9%8A%D9%82-%D9%86%D8%AC%D8%A7%D8%AD%D9%83,4.5,6,يوم,9,0,$5.00,ثلاثة أيام,6,0,0.0,احمد ا.,https://khamsat.com/user/ahmed_eltayeb1,True,بائع نشيط,4.5,42,93.05%,2,31,يوم
أعمال,https://khamsat.com/business,أسماء تجارية,https://khamsat.com/business/business-names,تقديم اسم و مساعده لك لانشاء شركتك او موقعك او تطبيقك,https://khamsat.com/business/business-names/1218648-%D8%AA%D9%82%D8%AF%D9%8A%D9%85-%D8%A7%D8%B3%D9%85-%D9%88-%D9%85%D8%B3%D8%A7%D8%B9%D8%AF%D9%87-%D9%84%D9%83-%D9%84%D8%A7%D9%86%D8%B4%D8%A7%D8%A1-%D8%B4%D8%B1%D9%83%D8%AA%D9%83-%D8%A7%D9%88-%D9%85%D9%88%D9%82%D8%B9%D9%83-%D8%A7%D9%88-%D8%AA%D8%B7%D8%A8%D9%8A%D9%82%D9%83,4.5,16,ساعتين,23,0,$5.00,يوم واحد,16,0,0.0,.Paula E,https://khamsat.com/user/paula07x,True,بائع نشيط,4.5,24,80.0%,8,28,6 ساعات
أعمال,https://khamsat.com/business,أسماء تجارية,https://khamsat.com/business/business-names,ساقوم بايجاد اسم مميز لم يسبق استخدامه لشركتك او موقعك,https://khamsat.com/business/business-names/484258-%D8%B3%D8%A7%D9%82%D9%88%D9%85-%D8%A8%D8%A7%D9%8A%D8%AC%D8%A7%D8%AF-%D8%A7%D8%B3%D9%85-%D9%85%D9%85%D9%8A%D8%B2-%D9%84%D9%85-%D9%8A%D8%B3%D8%A8%D9%82-%D8%A7%D8%B3%D8%AA%D8%AE%D8%AF%D8%A7%D9%85%D9%87-%D9%84%D8%B4%D8%B1%D9%83%D8%AA%D9%83-%D8%A7%D9%88-%D9%85%D9%88%D9%82%D8%B9%D9%83,4.5,80,19 ساعة,199,0,$10.00,يومين,25,3,90.0,طارق ج.,https://khamsat.com/user/tarek-elgendy,True,بائع مميز,4.5,116,77.97%,5,247,17 ساعة
أعمال,https://khamsat.com/business,أسماء تجارية,https://khamsat.com/business/business-names,ابتكار اسم مميز وجذاب لمشروعك,https://khamsat.com/business/business-names/2475229-%D8%A7%D8%A8%D8%AA%D9%83%D8%A7%D8%B1-%D8%A7%D8%B3%D9%85-%D9%85%D9%85%D9%8A%D8%B2-%D9%88%D8%AC%D8%B0%D8%A7%D8%A8-%D9%84%D9%85%D8%B4%D8%B1%D9%88%D8%B9%D9%83,4.5,9,20 دقيقة,16,0,$10.00,يومين,9,3,55.0,داوود ش.,https://khamsat.com/user/dcha,True,بائع مميز,5.0,67,93.33%,9,75,ساعة
أعمال,https://khamsat.com/business,أسماء تجارية,https://khamsat.com/business/business-names,اسمك غير اسمك براند اساعدك فى اختيار اسم مشروعك,https://khamsat.com/business/business-names/1382585-%D8%A7%D8%B3%D9%85%D9%83-%D8%BA%D9%8A%D8%B1-%D8%A7%D8%B3%D9%85%D9%83-%D8%A8%D8%B1%D8%A7%D9%86%D8%AF-%D8%A7%D8%B3%D8%A7%D8%B9%D8%AF%D9%83-%D9%81%D9%89-%D8%A7%D8%AE%D8%AA%D9%8A%D8%A7%D8%B1-%D8%A7%D8%B3%D9%85-%D9%85%D8%B4%D8%B1%D9%88%D8%B9%D9%83,4.5,120,3 ساعات,229,1,$10.00,يومين,25,4,65.0,آلاء ع.,https://khamsat.com/user/alaaabdallah,True,بائع مميز,4.5,145,84.95%,9,260,3 ساعات
أعمال,https://khamsat.com/business,أسماء تجارية,https://khamsat.com/business/business-names,البحث الاحترافي عن اسم (شركات - بنوك - چيم - ...الخ),https://khamsat.com/business/business-names/2344469-%D8%A7%D9%84%D8%A8%D8%AD%D8%AB-%D8%A7%D9%84%D8%A7%D8%AD%D8%AA%D8%B1%D8%A7%D9%81%D9%8A-%D8%B9%D9%86-%D8%A7%D8%B3%D9%85-%D8%B4%D8%B1%D9%83%D8%A7%D8%AA-%D8%A8%D9%86%D9%88%D9%83-%D9%8A%D9%85-.%D8%A7%D9%84%D8%AE,5.0,2,ساعة,2,0,$10.00,يومين,2,1,10.0,.Mohammed E,https://khamsat.com/user/mohammed_elshamy,True,بائع نشيط,5.0,13,95.45%,6,11,5 ساعات
أعمال,https://khamsat.com/business,أسماء تجارية,https://khamsat.com/business/business-names,المساعدة في اختيار ٦ أسماء لعملك، محلك، شركتك، منتجك,https://khamsat.com/business/business-names/1725865-%D8%A7%D9%84%D9%85%D8%B3%D8%A7%D8%B9%D8%AF%D8%A9-%D9%81%D9%8A-%D8%A7%D8%AE%D8%AA%D9%8A%D8%A7%D8%B1-%D8%A3%D8%B3%D9%85%D8%A7%D8%A1-%D9%84%D8%B9%D9%85%D9%84%D9%83-%D9%85%D8%AD%D9%84%D9%83-%D8%B4%D8%B1%D9%83%D8%AA%D9%83-%D9%85%D9%86%D8%AA%D8%AC%D9%83,5.0,19,ساعة,27,0,$10.00,ثلاثة أيام,19,2,20.0,دالين م.,https://khamsat.com/user/daleen_mohammad,True,بائع مميز,5.0,95,95.14%,11,114,3 ساعات
أعمال,https://khamsat.com/business,أسماء تجارية,https://khamsat.com/business/business-names,ضع اسمًا ترويجيًا لامعا لموقعك و مؤسستك ومشروعك وتطبيقك!!,https://khamsat.com/business/business-names/1598958-%D8%B6%D8%B9-%D8%A7%D8%B3%D9%85%D8%A7-%D8%AA%D8%B1%D9%88%D9%8A%D8%AC%D9%8A%D8%A7-%D9%84%D8%A7%D9%85%D8%B9%D8%A7-%D9%84%D9%85%D9%88%D9%82%D8%B9%D9%83-%D9%88-%D9%85%D8%A4%D8%B3%D8%B3%D8%AA%D9%83-%D9%88%D9%85%D8%B4%D8%B1%D9%88%D8%B9%D9%83-%D9%88%D8%AA%D8%B7%D8%A8%D9%8A%D9%82%D9%83,5.0,2,24 دقيقة,3,0,$5.00,يوم واحد,2,3,95.0,فاطمة الزهراء د.,https://khamsat.com/user/workersteam,True,بائع مميز,5.0,94,82.19%,2,123,6 ساعات
أعمال,https://khamsat.com/business,أسماء تجارية,https://khamsat.com/business/business-names,اقتراح اسماء للبراند او للمشروع الخاص بك تكون سهلة و مميزة.,https://khamsat.com/business/business-names/2328533-%D8%A7%D9%82%D8%AA%D8%B1%D8%A7%D8%AD-%D8%A7%D8%B3%D9%85%D8%A7%D8%A1-%D9%84%D9%84%D8%A8%D8%B1%D8%A7%D9%86%D8%AF-%D8%A7%D9%88-%D9%84%D9%84%D9%85%D8%B4%D8%B1%D9%88%D8%B9-%D8%A7%D9%84%D8%AE%D8%A7%D8%B5-%D8%A8%D9%83-%D8%AA%D9%83%D9%88%D9%86-%D8%B3%D9%87%D9%84%D8%A9-%D9%88-%D9%85%D9%85%D9%8A%D8%B2%D8%A9,3.5,7,32 دقيقة,11,0,$5.00,يوم واحد,7,3,35.0,.Alaa E,https://khamsat.com/user/alaa_mallah,True,بائع نشيط,3.5,8,63.64%,2,13,ساعة
أعمال,https://khamsat.com/business,أسماء تجارية,https://khamsat.com/business/business-names,إحصل على إسم حصري وفريد من نوعه لمتجرك، موقعك أو تطبيقك 5 أسماء,https://khamsat.com/business/business-names/949238-%D8%A5%D8%AD%D8%B5%D9%84-%D8%B9%D9%84%D9%89-%D8%A5%D8%B3%D9%85-%D8%AD%D8%B5%D8%B1%D9%8A-%D9%88%D9%81%D8%B1%D9%8A%D8%AF-%D9%85%D9%86-%D9%86%D9%88%D8%B9%D9%87-%D9%84%D9%85%D8%AA%D8%AC%D8%B1%D9%83-%D9%85%D9%88%D9%82%D8%B9%D9%83-%D8%A3%D9%88-%D8%AA%D8%B7%D8%A8%D9%8A%D9%82%D9%83-5-%D8%A3%D8%B3%D9%85%D8%A7%D8%A1,4.5,27,12 ساعة,42,0,$5.00,يوم واحد,25,0,0.0,.Alaa A,https://khamsat.com/user/alaa-sedki,True,بائع مميز,4.5,39,70.41%,3,50,14 ساعة
أعمال,https://khamsat.com/business,أسماء تجارية,https://khamsat.com/business/business-names,كتابة مسميات المشاريع والخدمات والأعمال,https://khamsat.com/business/business-names/1715917-%D9%83%D8%AA%D8%A7%D8%A8%D8%A9-%D9%85%D8%B3%D9%85%D9%8A%D8%A7%D8%AA-%D8%A7%D9%84%D9%85%D8%B4%D8%A7%D8%B1%D9%8A%D8%B9-%D9%88%D8%A7%D9%84%D8%AE%D8%AF%D9%85%D8%A7%D8%AA-%D9%88%D8%A7%D9%84%D8%A3%D8%B9%D9%85%D8%A7%D9%84,5.0,7,ساعة,11,0,$5.00,يوم واحد,7,0,0.0,.Soheir A,https://khamsat.com/user/soheir-abu-najea,True,بائع نشيط,5.0,7,96.0%,5,16,4 ساعات
أعمال,https://khamsat.com/business,دراسة جدوى,https://khamsat.com/business/feasibility-study,دراسة جدوى مبدئية عن أي مشروع,https://khamsat.com/business/feasibility-study/958902-%D8%AF%D8%B1%D8%A7%D8%B3%D8%A9-%D8%AC%D8%AF%D9%88%D9%89-%D9%85%D8%A8%D8%AF%D8%A6%D9%8A%D8%A9-%D8%B9%D9%86-%D8%A3%D9%8A-%D9%85%D8%B4%D8%B1%D9%88%D8%B9,5.0,251,6 ساعات,421,1,$40.00,خمسة أيام,25,5,625.0,.Mohamed A,https://khamsat.com/user/mohamed-abd-elfatah1,True,بائع موثوق,5.0,266,93.28%,3,437,19 ساعة
أعمال,https://khamsat.com/business,دراسة جدوى,https://khamsat.com/business/feasibility-study,عمل دراسة جدوى إحترافية شاملة لمشروعك.,https://khamsat.com/business/feasibility-study/2806245-%D8%B9%D9%85%D9%84-%D8%AF%D8%B1%D8%A7%D8%B3%D8%A9-%D8%AC%D8%AF%D9%88%D9%89-%D8%A5%D8%AD%D8%AA%D8%B1%D8%A7%D9%81%D9%8A%D8%A9-%D8%B4%D8%A7%D9%85%D9%84%D8%A9-%D9%84%D9%85%D8%B4%D8%B1%D9%88%D8%B9%D9%83,4.5,5,يوم,8,0,$25.00,يوم واحد,5,3,250.0,.Mohamed W,https://khamsat.com/user/mohamed_33khaliefa,True,بائع مميز,4.5,25,94.02%,4,32,23 ساعة
أعمال,https://khamsat.com/business,دراسة جدوى,https://khamsat.com/business/feasibility-study,دراسة جدوى اقتصادية متكاملة,https://khamsat.com/business/feasibility-study/2331054-%D8%AF%D8%B1%D8%A7%D8%B3%D8%A9-%D8%AC%D8%AF%D9%88%D9%89-%D8%A7%D9%82%D8%AA%D8%B5%D8%A7%D8%AF%D9%8A%D8%A9-%D9%85%D8%AA%D9%83%D8%A7%D9%85%D9%84%D8%A9,4.5,16,34 دقيقة,29,0,$50.00,ثلاثة أيام,16,1,50.0,سماح ع.,https://khamsat.com/user/smah_ayad,True,بائع مميز,4.5,45,75.42%,5,53,16 ساعة
أعمال,https://khamsat.com/business,دراسة جدوى,https://khamsat.com/business/feasibility-study,دراسة جدوى اقتصادية شاملة باللغة العربية او الانجليزية,https://khamsat.com/business/feasibility-study/2910098-%D8%AF%D8%B1%D8%A7%D8%B3%D8%A9-%D8%AC%D8%AF%D9%88%D9%89-%D8%A7%D9%82%D8%AA%D8%B5%D8%A7%D8%AF%D9%8A%D8%A9-%D8%B4%D8%A7%D9%85%D9%84%D8%A9-%D8%A8%D8%A7%D9%84%D9%84%D8%BA%D8%A9-%D8%A7%D9%84%D8%B9%D8%B1%D8%A8%D9%8A%D8%A9-%D8%A7%D9%88-%D8%A7%D9%84%D8%A7%D9%86%D8%AC%D9%84%D9%8A%D8%B2%D9%8A%D8%A9,4.5,5,يوم,14,2,$10.00,يومين,5,3,170.0,.Ammar E,https://khamsat.com/user/ammaressam45,True,بائع نشيط,4.5,5,96.67%,2,14,14 ساعة
أعمال,https://khamsat.com/business,دراسة جدوى,https://khamsat.com/business/feasibility-study,دراسة جدوى اقتصادية كاملة,https://khamsat.com/business/feasibility-study/2785591-%D8%AF%D8%B1%D8%A7%D8%B3%D8%A9-%D8%AC%D8%AF%D9%88%D9%89-%D8%A7%D9%82%D8%AA%D8%B5%D8%A7%D8%AF%D9%8A%D8%A9-%D9%83%D8%A7%D9%85%D9%84%D8%A9,4.5,15,ساعة,17,0,$20.00,ثلاثة أيام,15,5,215.0,مقداد غ.,https://khamsat.com/user/mn_3,True,بائع نشيط,4.5,24,84.48%,5,28,ساعتين
أعمال,https://khamsat.com/business,دراسة جدوى,https://khamsat.com/business/feasibility-study,عمل دراسات جدوى للمشاريع داخل المملكة العربية السعودية,https://khamsat.com/business/feasibility-study/2975440-%D8%B9%D9%85%D9%84-%D8%AF%D8%B1%D8%A7%D8%B3%D8%A7%D8%AA-%D8%AC%D8%AF%D9%88%D9%89-%D9%84%D9%84%D9%85%D8%B4%D8%A7%D8%B1%D9%8A%D8%B9-%D8%AF%D8%A7%D8%AE%D9%84-%D8%A7%D9%84%D9%85%D9%85%D9%84%D9%83%D8%A9-%D8%A7%D9%84%D8%B9%D8%B1%D8%A8%D9%8A%D8%A9-%D8%A7%D9%84%D8%B3%D8%B9%D9%88%D8%AF%D9%8A%D8%A9,4.5,1,7 ساعات,2,0,$10.00,أسبوع,1,3,300.0,.Talal M,https://khamsat.com/user/bushramarketing,True,مشتري VIP,4.5,3,57.14%,2,4,3 ساعات
أعمال,https://khamsat.com/business,دراسة جدوى,https://khamsat.com/business/feasibility-study,عمل دراسه تحليلية أو بحث للمساعدة في انشاء وتطوير عملك الخاص,https://khamsat.com/business/feasibility-study/2884481-%D8%B9%D9%85%D9%84-%D8%AF%D8%B1%D8%A7%D8%B3%D9%87-%D8%AA%D8%AD%D9%84%D9%8A%D9%84%D9%8A%D8%A9-%D8%A3%D9%88-%D8%A8%D8%AD%D8%AB-%D9%84%D9%84%D9%85%D8%B3%D8%A7%D8%B9%D8%AF%D8%A9-%D9%81%D9%8A-%D8%A7%D9%86%D8%B4%D8%A7%D8%A1-%D9%88%D8%AA%D8%B7%D9%88%D9%8A%D8%B1-%D8%B9%D9%85%D9%84%D9%83-%D8%A7%D9%84%D8%AE%D8%A7%D8%B5,4.5,5,يوم,8,0,$10.00,يوم واحد,5,0,0.0,نبيل أ.,https://khamsat.com/user/nabil-aborezk,True,بائع نشيط,4.5,11,95.12%,3,13,يوم
أعمال,https://khamsat.com/business,دراسة جدوى,https://khamsat.com/business/feasibility-study,نموذج دراسة مالية على برنامج Excel,https://khamsat.com/business/feasibility-study/2621309-%D9%86%D9%85%D9%88%D8%B0%D8%AC-%D8%AF%D8%B1%D8%A7%D8%B3%D8%A9-%D9%85%D8%A7%D9%84%D9%8A%D8%A9-%D8%B9%D9%84%D9%89-%D8%A8%D8%B1%D9%86%D8%A7%D9%85%D8%AC-excel,5.0,14,5 دقائق,26,0,$10.00,يوم واحد,14,1,50.0,رفيقة م.,https://khamsat.com/user/anfel_mehdi,True,بائع مميز,4.5,37,93.2%,2,65,13 دقيقة
أعمال,https://khamsat.com/business,دراسة جدوى,https://khamsat.com/business/feasibility-study,دراسة جدوى اقتصادية احترافية لمشروعك (عربي - إنجليزي),https://khamsat.com/business/feasibility-study/2882341-%D8%AF%D8%B1%D8%A7%D8%B3%D8%A9-%D8%AC%D8%AF%D9%88%D9%89-%D8%A7%D9%82%D8%AA%D8%B5%D8%A7%D8%AF%D9%8A%D8%A9-%D8%A7%D8%AD%D8%AA%D8%B1%D8%A7%D9%81%D9%8A%D8%A9-%D9%84%D9%85%D8%B4%D8%B1%D9%88%D8%B9%D9%83-%D8%B9%D8%B1%D8%A8%D9%8A-%D8%A5%D9%86%D8%AC%D9%84%D9%8A%D8%B2%D9%8A,5.0,5,أقل من دقيقة,6,0,$50.00,ثلاثة أيام,5,3,375.0,أحمد ع.,https://khamsat.com/user/mazen_seif,True,بائع مميز,5.0,51,95.33%,4,78,14 ساعة
أعمال,https://khamsat.com/business,دراسة جدوى,https://khamsat.com/business/feasibility-study,دراسة جدوى ترشدك لتأسيس مشروعك وتقدمها للممول,https://khamsat.com/business/feasibility-study/2443751-%D8%AF%D8%B1%D8%A7%D8%B3%D8%A9-%D8%AC%D8%AF%D9%88%D9%89-%D8%AA%D8%B1%D8%B4%D8%AF%D9%83-%D9%84%D8%AA%D8%A3%D8%B3%D9%8A%D8%B3-%D9%85%D8%B4%D8%B1%D9%88%D8%B9%D9%83-%D9%88%D8%AA%D9%82%D8%AF%D9%85%D9%87%D8%A7-%D9%84%D9%84%D9%85%D9%85%D9%88%D9%84,4.5,12,5 ساعات,19,0,$50.00,أربعة أيام,12,2,150.0,.Alaa K,https://khamsat.com/user/alaa_777,True,بائع مميز,4.5,187,92.71%,7,325,7 ساعات
أعمال,https://khamsat.com/business,دراسة جدوى,https://khamsat.com/business/feasibility-study,دراسة جدوى متكاملة لأي مشروع,https://khamsat.com/business/feasibility-study/2866186-%D8%AF%D8%B1%D8%A7%D8%B3%D8%A9-%D8%AC%D8%AF%D9%88%D9%89-%D9%85%D8%AA%D9%83%D8%A7%D9%85%D9%84%D8%A9-%D9%84%D8%A3%D9%8A-%D9%85%D8%B4%D8%B1%D9%88%D8%B9,5.0,14,10 ساعات,17,2,$25.00,ستة أيام,14,3,60.0,بسمة ا.,https://khamsat.com/user/makni,True,بائع نشيط,5.0,15,95.83%,3,17,5 ساعات
أعمال,https://khamsat.com/business,دراسة جدوى,https://khamsat.com/business/feasibility-study,دراسة جدوى لمتجر أو تطبيق الكتروني,https://khamsat.com/business/feasibility-study/1636740-%D8%AF%D8%B1%D8%A7%D8%B3%D8%A9-%D8%AC%D8%AF%D9%88%D9%89-%D9%84%D9%85%D8%AA%D8%AC%D8%B1-%D8%A3%D9%88-%D8%AA%D8%B7%D8%A8%D9%8A%D9%82-%D8%A7%D9%84%D9%83%D8%AA%D8%B1%D9%88%D9%86%D9%8A,5.0,29,يوم,46,0,$50.00,ثلاثة أيام,25,3,350.0,قيس ع.,https://khamsat.com/user/romario_77,True,بائع مميز,5.0,199,97.13%,6,279,5 ساعات
أعمال,https://khamsat.com/business,دراسة جدوى,https://khamsat.com/business/feasibility-study,دراسة جدوي كاملة لكل المشاريع,https://khamsat.com/business/feasibility-study/1771330-%D8%AF%D8%B1%D8%A7%D8%B3%D8%A9-%D8%AC%D8%AF%D9%88%D9%8A-%D9%83%D8%A7%D9%85%D9%84%D8%A9-%D9%84%D9%83%D9%84-%D8%A7%D9%84%D9%85%D8%B4%D8%A7%D8%B1%D9%8A%D8%B9,5.0,5,24 دقيقة,8,1,$5.00,أربعة أيام,5,5,210.0,محمود ا.,https://khamsat.com/user/mahmoudmakram,True,بائع نشيط,4.5,27,85.45%,7,31,3 ساعات
أعمال,https://khamsat.com/business,دراسة جدوى,https://khamsat.com/business/feasibility-study,دراسة جدوى موقع تدريب اون لاين اكاديمية تدريب,https://khamsat.com/business/feasibility-study/2992518-%D8%AF%D8%B1%D8%A7%D8%B3%D8%A9-%D8%AC%D8%AF%D9%88%D9%89-%D9%85%D9%88%D9%82%D8%B9-%D8%AA%D8%AF%D8%B1%D9%8A%D8%A8-%D8%A7%D9%88%D9%86-%D9%84%D8%A7%D9%8A%D9%86-%D8%A7%D9%83%D8%A7%D8%AF%D9%8A%D9%85%D9%8A%D8%A9-%D8%AA%D8%AF%D8%B1%D9%8A%D8%A8,0.0,0,لم يحسب,1,0,$10.00,يوم واحد,0,2,10.0,.Mahmoud O,https://khamsat.com/user/mahmoud_7575,True,بائع جديد,5.0,1,100.0%,3,2,لم يحسب
أعمال,https://khamsat.com/business,دراسة جدوى,https://khamsat.com/business/feasibility-study,دراسة جدوى التطبيقات الإلكترونية,https://khamsat.com/business/feasibility-study/1776915-%D8%AF%D8%B1%D8%A7%D8%B3%D8%A9-%D8%AC%D8%AF%D9%88%D9%89-%D8%A7%D9%84%D8%AA%D8%B7%D8%A8%D9%8A%D9%82%D8%A7%D8%AA-%D8%A7%D9%84%D8%A5%D9%84%D9%83%D8%AA%D8%B1%D9%88%D9%86%D9%8A%D8%A9,5.0,27,41 دقيقة,59,0,$20.00,خمسة أيام,25,3,140.0,.Chawki D,https://khamsat.com/user/chawki12,True,بائع مميز,5.0,72,96.02%,3,119,5 ساعات
أعمال,https://khamsat.com/business,دراسة جدوى,https://khamsat.com/business/feasibility-study,إعداد دراسة جدوى اقتصادية,https://khamsat.com/business/feasibility-study/1795439-%D8%A5%D8%B9%D8%AF%D8%A7%D8%AF-%D8%AF%D8%B1%D8%A7%D8%B3%D8%A9-%D8%AC%D8%AF%D9%88%D9%89-%D8%A7%D9%82%D8%AA%D8%B5%D8%A7%D8%AF%D9%8A%D8%A9,4.5,34,26 دقيقة,51,0,$25.00,ثلاثة أيام,25,4,95.0,آلاء ا.,https://khamsat.com/user/alaa_almoussli,True,بائع نشيط,4.5,46,82.3%,7,78,ساعة
أعمال,https://khamsat.com/business,دراسة جدوى,https://khamsat.com/business/feasibility-study,دراسة جدوى مبدئية لأي مشروع,https://khamsat.com/business/feasibility-study/1149475-%D8%AF%D8%B1%D8%A7%D8%B3%D8%A9-%D8%AC%D8%AF%D9%88%D9%89-%D9%85%D8%A8%D8%AF%D8%A6%D9%8A%D8%A9-%D9%84%D8%A3%D9%8A-%D9%85%D8%B4%D8%B1%D9%88%D8%B9,4.5,36,ساعتين,59,0,$20.00,خمسة أيام,25,2,45.0,محمد ت.,https://khamsat.com/user/%D9%85%D9%88%D8%AD-%D9%86%D8%A7%D8%B5%D8%B1,True,بائع مميز,4.5,76,91.42%,2,132,3 ساعات
أعمال,https://khamsat.com/business,دراسة جدوى,https://khamsat.com/business/feasibility-study,نموذج دراسة الجدوى الحقيبة الشاملة,https://khamsat.com/business/feasibility-study/1251462-%D9%86%D9%85%D9%88%D8%B0%D8%AC-%D8%AF%D8%B1%D8%A7%D8%B3%D8%A9-%D8%A7%D9%84%D8%AC%D8%AF%D9%88%D9%89-%D8%A7%D9%84%D8%AD%D9%82%D9%8A%D8%A8%D8%A9-%D8%A7%D9%84%D8%B4%D8%A7%D9%85%D9%84%D8%A9,5.0,70,ساعة,114,0,$40.00,يوم واحد,25,5,650.0,حسن م.,https://khamsat.com/user/hassanmosbah10,True,بائع موثوق,5.0,460,92.25%,6,592,3 ساعات
أعمال,https://khamsat.com/business,دراسة جدوى,https://khamsat.com/business/feasibility-study,دراسة جدوى احترافية,https://khamsat.com/business/feasibility-study/1210932-%D8%AF%D8%B1%D8%A7%D8%B3%D8%A9-%D8%AC%D8%AF%D9%88%D9%89-%D8%A7%D8%AD%D8%AA%D8%B1%D8%A7%D9%81%D9%8A%D8%A9,4.5,60,18 ساعة,96,0,$25.00,أربعة أيام,25,5,620.0,.Shady H,https://khamsat.com/user/shady_hesham,True,بائع مميز,4.5,130,88.54%,2,191,5 ساعات
أعمال,https://khamsat.com/business,دراسة جدوى,https://khamsat.com/business/feasibility-study,دراسة الجدوى الإقتصادية للمشاريع,https://khamsat.com/business/feasibility-study/1991719-%D8%AF%D8%B1%D8%A7%D8%B3%D8%A9-%D8%A7%D9%84%D8%AC%D8%AF%D9%88%D9%89-%D8%A7%D9%84%D8%A5%D9%82%D8%AA%D8%B5%D8%A7%D8%AF%D9%8A%D8%A9-%D9%84%D9%84%D9%85%D8%B4%D8%A7%D8%B1%D9%8A%D8%B9,5.0,11,24 دقيقة,16,0,$25.00,يوم واحد,11,2,75.0,عبد العزيز ب.,https://khamsat.com/user/mohaseb,True,بائع نشيط,5.0,15,56.25%,3,20,ساعة
أعمال,https://khamsat.com/business,دراسة جدوى,https://khamsat.com/business/feasibility-study,دراسة جدوي المشاريع الاقتصادية,https://khamsat.com/business/feasibility-study/2918984-%D8%AF%D8%B1%D8%A7%D8%B3%D8%A9-%D8%AC%D8%AF%D9%88%D9%8A-%D8%A7%D9%84%D9%85%D8%B4%D8%A7%D8%B1%D9%8A%D8%B9-%D8%A7%D9%84%D8%A7%D9%82%D8%AA%D8%B5%D8%A7%D8%AF%D9%8A%D8%A9,5.0,1,3 ساعات,1,0,$10.00,يومين,1,5,265.0,.Ehab A,https://khamsat.com/user/ehab_esmai_ahmed,True,بائع جديد,5.0,5,66.67%,2,4,ساعتين
أعمال,https://khamsat.com/business,دراسة جدوى,https://khamsat.com/business/feasibility-study,دراسة جدوى لمشروعك الألكترونى ( تطبيق / خدمة موقع الكترونى),https://khamsat.com/business/feasibility-study/1255079-%D8%AF%D8%B1%D8%A7%D8%B3%D8%A9-%D8%AC%D8%AF%D9%88%D9%89-%D9%84%D9%85%D8%B4%D8%B1%D9%88%D8%B9%D9%83-%D8%A7%D9%84%D8%A3%D9%84%D9%83%D8%AA%D8%B1%D9%88%D9%86%D9%89-%D8%AA%D8%B7%D8%A8%D9%8A%D9%82-%D8%AE%D8%AF%D9%85%D8%A9-%D9%85%D9%88%D9%82%D8%B9-%D8%A7%D9%84%D9%83%D8%AA%D8%B1%D9%88%D9%86%D9%89,5.0,38,يوم,42,0,$50.00,يومين,25,3,500.0,.Michael K,https://khamsat.com/user/kn2019,True,بائع مميز,5.0,38,93.94%,1,42,يوم
أعمال,https://khamsat.com/business,دراسة جدوى,https://khamsat.com/business/feasibility-study,دراسة جدوى احترافية لا مثيل لها,https://khamsat.com/business/feasibility-study/1221651-%D8%AF%D8%B1%D8%A7%D8%B3%D8%A9-%D8%AC%D8%AF%D9%88%D9%89-%D8%A7%D8%AD%D8%AA%D8%B1%D8%A7%D9%81%D9%8A%D8%A9-%D9%84%D8%A7-%D9%85%D8%AB%D9%8A%D9%84-%D9%84%D9%87%D8%A7,5.0,108,5 دقائق,142,0,$50.00,يوم واحد,25,5,615.0,حسن م.,https://khamsat.com/user/hassanmosbah10,True,بائع موثوق,5.0,460,92.25%,6,592,3 ساعات
أعمال,https://khamsat.com/business,دراسة جدوى,https://khamsat.com/business/feasibility-study,دراسة جدوى وتقييم مشروعك,https://khamsat.com/business/feasibility-study/2598142-%D8%AF%D8%B1%D8%A7%D8%B3%D8%A9-%D8%AC%D8%AF%D9%88%D9%89-%D9%88%D8%AA%D9%82%D9%8A%D9%8A%D9%85-%D9%85%D8%B4%D8%B1%D9%88%D8%B9%D9%83,4.5,25,3 ساعات,39,2,$25.00,ستة أيام,25,3,95.0,راما ا.,https://khamsat.com/user/ramaalbringi,True,بائع مميز,4.5,26,82.86%,3,39,ساعة
أعمال,https://khamsat.com/business,دراسة جدوى,https://khamsat.com/business/feasibility-study,دراسة جدوى أولية لمشروعك -دراسات جدوى لمشاريع جاهزة للتنفيذ,https://khamsat.com/business/feasibility-study/1911315-%D8%AF%D8%B1%D8%A7%D8%B3%D8%A9-%D8%AC%D8%AF%D9%88%D9%89-%D8%A3%D9%88%D9%84%D9%8A%D8%A9-%D9%84%D9%85%D8%B4%D8%B1%D9%88%D8%B9%D9%83-%D8%AF%D8%B1%D8%A7%D8%B3%D8%A7%D8%AA-%D8%AC%D8%AF%D9%88%D9%89-%D9%84%D9%85%D8%B4%D8%A7%D8%B1%D9%8A%D8%B9-%D8%AC%D8%A7%D9%87%D8%B2%D8%A9-%D9%84%D9%84%D8%AA%D9%86%D9%81%D9%8A%D8%B0,4.5,12,ساعة,18,0,$10.00,يومين,12,5,280.0,.Mohammed I,https://khamsat.com/user/mohamedibrahim74,True,بائع نشيط,4.5,20,71.93%,4,27,ساعتين
أعمال,https://khamsat.com/business,دراسة جدوى,https://khamsat.com/business/feasibility-study,دراسة جدوى مشروعك و تقديم النصائح اللازمة لإنجاحه,https://khamsat.com/business/feasibility-study/1729977-%D8%AF%D8%B1%D8%A7%D8%B3%D8%A9-%D8%AC%D8%AF%D9%88%D9%89-%D9%85%D8%B4%D8%B1%D9%88%D8%B9%D9%83-%D9%88-%D8%AA%D9%82%D8%AF%D9%8A%D9%85-%D8%A7%D9%84%D9%86%D8%B5%D8%A7%D8%A6%D8%AD-%D8%A7%D9%84%D9%84%D8%A7%D8%B2%D9%85%D8%A9-%D9%84%D8%A5%D9%86%D8%AC%D8%A7%D8%AD%D9%87,4.5,38,16 ساعة,54,0,$25.00,أربعة أيام,25,4,410.0,.Chawki D,https://khamsat.com/user/chawki12,True,بائع مميز,5.0,72,96.02%,3,119,5 ساعات
أعمال,https://khamsat.com/business,دراسة جدوى,https://khamsat.com/business/feasibility-study,دراسة جدوى اقتصادية شاملة باللغة العربية,https://khamsat.com/business/feasibility-study/1473293-%D8%AF%D8%B1%D8%A7%D8%B3%D8%A9-%D8%AC%D8%AF%D9%88%D9%89-%D8%A7%D9%82%D8%AA%D8%B5%D8%A7%D8%AF%D9%8A%D8%A9-%D8%B4%D8%A7%D9%85%D9%84%D8%A9-%D8%A8%D8%A7%D9%84%D9%84%D8%BA%D8%A9-%D8%A7%D9%84%D8%B9%D8%B1%D8%A8%D9%8A%D8%A9,5.0,106,ساعتين,182,1,$50.00,يومين,25,3,330.0,قيس ع.,https://khamsat.com/user/romario_77,True,بائع مميز,5.0,199,97.13%,6,279,5 ساعات
أعمال,https://khamsat.com/business,دراسة جدوى,https://khamsat.com/business/feasibility-study,نموذج دراسة جدوى جاهز للتعبئة ودراسة جدوى مالية,https://khamsat.com/business/feasibility-study/2507284-%D9%86%D9%85%D9%88%D8%B0%D8%AC-%D8%AF%D8%B1%D8%A7%D8%B3%D8%A9-%D8%AC%D8%AF%D9%88%D9%89-%D8%AC%D8%A7%D9%87%D8%B2-%D9%84%D9%84%D8%AA%D8%B9%D8%A8%D8%A6%D8%A9-%D9%88%D8%AF%D8%B1%D8%A7%D8%B3%D8%A9-%D8%AC%D8%AF%D9%88%D9%89-%D9%85%D8%A7%D9%84%D9%8A%D8%A9,4.5,22,13 دقيقة,44,0,$10.00,يوم واحد,22,3,145.0,رفيقة م.,https://khamsat.com/user/anfel_mehdi,True,بائع مميز,4.5,37,93.2%,2,65,13 دقيقة
أعمال,https://khamsat.com/business,دراسة جدوى,https://khamsat.com/business/feasibility-study,دراسة جدوى دعم ريف في السعودية,https://khamsat.com/business/feasibility-study/2992484-%D8%AF%D8%B1%D8%A7%D8%B3%D8%A9-%D8%AC%D8%AF%D9%88%D9%89-%D8%AF%D8%B9%D9%85-%D8%B1%D9%8A%D9%81-%D9%81%D9%8A-%D8%A7%D9%84%D8%B3%D8%B9%D9%88%D8%AF%D9%8A%D8%A9,5.0,1,لم يحسب,1,0,$10.00,يوم واحد,1,0,0.0,.Mahmoud O,https://khamsat.com/user/mahmoud_7575,True,بائع جديد,5.0,1,100.0%,3,2,لم يحسب
أعمال,https://khamsat.com/business,دراسة جدوى,https://khamsat.com/business/feasibility-study,دراسة جدوى لمشروع بيع الكهرباء للحكومة من الطاقة الشمسية,https://khamsat.com/business/feasibility-study/744312-%D8%AF%D8%B1%D8%A7%D8%B3%D8%A9-%D8%AC%D8%AF%D9%88%D9%89-%D9%84%D9%85%D8%B4%D8%B1%D9%88%D8%B9-%D8%A8%D9%8A%D8%B9-%D8%A7%D9%84%D9%83%D9%87%D8%B1%D8%A8%D8%A7%D8%A1-%D9%84%D9%84%D8%AD%D9%83%D9%88%D9%85%D8%A9-%D9%85%D9%86-%D8%A7%D9%84%D8%B7%D8%A7%D9%82%D8%A9-%D8%A7%D9%84%D8%B4%D9%85%D8%B3%D9%8A%D8%A9,4.5,30,10 ساعات,71,0,$50.00,يومين,25,5,525.0,.Mohamed S,https://khamsat.com/user/mohamed-safwat-moham,True,بائع مميز,4.5,34,85.29%,1,77,18 ساعة
أعمال,https://khamsat.com/business,خطط العمل,https://khamsat.com/business/business-plans,إعداد خطة عمل قبل البدء في مشروعك Business Plan,https://khamsat.com/business/business-plans/2120785-%D8%A5%D8%B9%D8%AF%D8%A7%D8%AF-%D8%AE%D8%B7%D8%A9-%D8%B9%D9%85%D9%84-%D9%82%D8%A8%D9%84-%D8%A7%D9%84%D8%A8%D8%AF%D8%A1-%D9%81%D9%8A-%D9%85%D8%B4%D8%B1%D9%88%D8%B9%D9%83-business-plan,5.0,37,6 ساعات,63,0,$50.00,يومين,25,5,550.0,أحمد ع.,https://khamsat.com/user/mazen_seif,True,بائع مميز,5.0,51,95.33%,4,78,14 ساعة
أعمال,https://khamsat.com/business,خطط العمل,https://khamsat.com/business/business-plans,لائحة حوكمة للشركات والشركات العائلية,https://khamsat.com/business/business-plans/2447739-%D9%84%D8%A7%D8%A6%D8%AD%D8%A9-%D8%AD%D9%88%D9%83%D9%85%D8%A9-%D9%84%D9%84%D8%B4%D8%B1%D9%83%D8%A7%D8%AA-%D9%88%D8%A7%D9%84%D8%B4%D8%B1%D9%83%D8%A7%D8%AA-%D8%A7%D9%84%D8%B9%D8%A7%D8%A6%D9%84%D9%8A%D8%A9,5.0,9,4 ساعات,17,0,$50.00,يوم واحد,9,5,310.0,عصام ب.,https://khamsat.com/user/essam28,True,بائع مميز,5.0,32,97.78%,8,54,ساعتين
أعمال,https://khamsat.com/business,خطط العمل,https://khamsat.com/business/business-plans,صياغة واعداد اجراءات العمل التشغيلية,https://khamsat.com/business/business-plans/2356007-%D8%B5%D9%8A%D8%A7%D8%BA%D8%A9-%D9%88%D8%A7%D8%B9%D8%AF%D8%A7%D8%AF-%D8%A7%D8%AC%D8%B1%D8%A7%D8%A1%D8%A7%D8%AA-%D8%A7%D9%84%D8%B9%D9%85%D9%84-%D8%A7%D9%84%D8%AA%D8%B4%D8%BA%D9%8A%D9%84%D9%8A%D8%A9,5.0,27,10 ساعات,40,1,$15.00,أربعة أيام,25,5,70.0,نجلاء ف.,https://khamsat.com/user/n_tantawi,True,بائع مميز,5.0,44,99.38%,6,61,9 ساعات
أعمال,https://khamsat.com/business,خطط العمل,https://khamsat.com/business/business-plans,نموذج خطة عمل إدارة الموارد البشرية,https://khamsat.com/business/business-plans/2213363-%D9%86%D9%85%D9%88%D8%B0%D8%AC-%D8%AE%D8%B7%D8%A9-%D8%B9%D9%85%D9%84-%D8%A5%D8%AF%D8%A7%D8%B1%D8%A9-%D8%A7%D9%84%D9%85%D9%88%D8%A7%D8%B1%D8%AF-%D8%A7%D9%84%D8%A8%D8%B4%D8%B1%D9%8A%D8%A9,5.0,20,34 دقيقة,34,0,$25.00,يومين,20,3,325.0,.Mohamed A,https://khamsat.com/user/abdelmonsefmohamed,True,بائع مميز,5.0,54,97.12%,16,68,5 ساعات
أعمال,https://khamsat.com/business,خطط العمل,https://khamsat.com/business/business-plans,إعداد وتصميم ملف متطلبات المشروع البرمجي من خلال SRS,https://khamsat.com/business/business-plans/2847773-%D8%A5%D8%B9%D8%AF%D8%A7%D8%AF-%D9%88%D8%AA%D8%B5%D9%85%D9%8A%D9%85-%D9%85%D9%84%D9%81-%D9%85%D8%AA%D8%B7%D9%84%D8%A8%D8%A7%D8%AA-%D8%A7%D9%84%D9%85%D8%B4%D8%B1%D9%88%D8%B9-%D8%A7%D9%84%D8%A8%D8%B1%D9%85%D8%AC%D9%8A-%D9%85%D9%86-%D8%AE%D9%84%D8%A7%D9%84-srs,5.0,5,16 ساعة,8,1,$10.00,أربعة أيام,5,4,265.0,.Mahmoud A,https://khamsat.com/user/mahmoud_alzrai1,True,بائع نشيط,5.0,6,95.45%,6,8,11 ساعة
أعمال,https://khamsat.com/business,خطط العمل,https://khamsat.com/business/business-plans,تقديم خطة أمن وسلامة للمشروعات Safety Management Plan,https://khamsat.com/business/business-plans/1708180-%D8%AA%D9%82%D8%AF%D9%8A%D9%85-%D8%AE%D8%B7%D8%A9-%D8%A3%D9%85%D9%86-%D9%88%D8%B3%D9%84%D8%A7%D9%85%D8%A9-%D9%84%D9%84%D9%85%D8%B4%D8%B1%D9%88%D8%B9%D8%A7%D8%AA-safety-management-plan,5.0,7,16 دقيقة,13,0,$5.00,يومين,7,1,100.0,.Elsayed E,https://khamsat.com/user/elsayed_elgendy,True,بائع مميز,5.0,64,89.16%,15,75,ساعتين
أعمال,https://khamsat.com/business,خطط العمل,https://khamsat.com/business/business-plans,خطة المتابعة والتقييم للمشاريع التنموية والمجتمعية,https://khamsat.com/business/business-plans/2773927-%D8%AE%D8%B7%D8%A9-%D8%A7%D9%84%D9%85%D8%AA%D8%A7%D8%A8%D8%B9%D8%A9-%D9%88%D8%A7%D9%84%D8%AA%D9%82%D9%8A%D9%8A%D9%85-%D9%84%D9%84%D9%85%D8%B4%D8%A7%D8%B1%D9%8A%D8%B9-%D8%A7%D9%84%D8%AA%D9%86%D9%85%D9%88%D9%8A%D8%A9-%D9%88%D8%A7%D9%84%D9%85%D8%AC%D8%AA%D9%85%D8%B9%D9%8A%D8%A9,5.0,2,5 دقائق,3,0,$30.00,يومين,2,5,105.0,.Michael S,https://khamsat.com/user/michealsk,True,بائع مميز,4.5,63,99.47%,7,72,ساعة
أعمال,https://khamsat.com/business,خطط العمل,https://khamsat.com/business/business-plans,تصميم هيكلية تنظيمية لمؤسستك (منهجية، واضحة، ومميزة),https://khamsat.com/business/business-plans/2317251-%D8%AA%D8%B5%D9%85%D9%8A%D9%85-%D9%87%D9%8A%D9%83%D9%84%D9%8A%D8%A9-%D8%AA%D9%86%D8%B8%D9%8A%D9%85%D9%8A%D8%A9-%D9%84%D9%85%D8%A4%D8%B3%D8%B3%D8%AA%D9%83-%D9%85%D9%86%D9%87%D8%AC%D9%8A%D8%A9-%D9%88%D8%A7%D8%B6%D8%AD%D8%A9-%D9%88%D9%85%D9%85%D9%8A%D8%B2%D8%A9,5.0,13,25 دقيقة,13,0,$10.00,يوم واحد,13,5,105.0,عمار س.,https://khamsat.com/user/ammar_262,True,بائع مميز,5.0,216,96.65%,11,214,ساعة
أعمال,https://khamsat.com/business,خطط العمل,https://khamsat.com/business/business-plans,تأهيل الشركة لإدارة محطات الوقود طبقا لمعايير وزارة الطاقة,https://khamsat.com/business/business-plans/2573945-%D8%AA%D8%A3%D9%87%D9%8A%D9%84-%D8%A7%D9%84%D8%B4%D8%B1%D9%83%D8%A9-%D9%84%D8%A5%D8%AF%D8%A7%D8%B1%D8%A9-%D9%85%D8%AD%D8%B7%D8%A7%D8%AA-%D8%A7%D9%84%D9%88%D9%82%D9%88%D8%AF-%D8%B7%D8%A8%D9%82%D8%A7-%D9%84%D9%85%D8%B9%D8%A7%D9%8A%D9%8A%D8%B1-%D9%88%D8%B2%D8%A7%D8%B1%D8%A9-%D8%A7%D9%84%D8%B7%D8%A7%D9%82%D8%A9,5.0,1,3 دقائق,2,0,$50.00,يوم واحد,1,5,700.0,عصام ب.,https://khamsat.com/user/essam28,True,بائع مميز,5.0,32,97.78%,8,54,ساعتين
أعمال,https://khamsat.com/business,خطط العمل,https://khamsat.com/business/business-plans,برنامج لمتابعة وتنظيم خطة تدريب الموظفين والدورات التدريبية,https://khamsat.com/business/business-plans/2062674-%D8%A8%D8%B1%D9%86%D8%A7%D9%85%D8%AC-%D9%84%D9%85%D8%AA%D8%A7%D8%A8%D8%B9%D8%A9-%D9%88%D8%AA%D9%86%D8%B8%D9%8A%D9%85-%D8%AE%D8%B7%D8%A9-%D8%AA%D8%AF%D8%B1%D9%8A%D8%A8-%D8%A7%D9%84%D9%85%D9%88%D8%B8%D9%81%D9%8A%D9%86-%D9%88%D8%A7%D9%84%D8%AF%D9%88%D8%B1%D8%A7%D8%AA-%D8%A7%D9%84%D8%AA%D8%AF%D8%B1%D9%8A%D8%A8%D9%8A%D8%A9,5.0,8,ساعتين,12,0,$50.00,يومين,8,1,10.0,.Rami A,https://khamsat.com/user/rami_abu_elkhair,True,بائع مميز,5.0,35,86.36%,5,41,ساعة
أعمال,https://khamsat.com/business,خطط العمل,https://khamsat.com/business/business-plans,صياغة واعداد اجراء ونظم العمل,https://khamsat.com/business/business-plans/2158473-%D8%B5%D9%8A%D8%A7%D8%BA%D8%A9-%D9%88%D8%A7%D8%B9%D8%AF%D8%A7%D8%AF-%D8%A7%D8%AC%D8%B1%D8%A7%D8%A1-%D9%88%D9%86%D8%B8%D9%85-%D8%A7%D9%84%D8%B9%D9%85%D9%84,4.5,9,3 ساعات,18,0,$10.00,أربعة أيام,9,2,10.0,نجلاء ف.,https://khamsat.com/user/n_tantawi,True,بائع مميز,5.0,44,99.38%,6,61,9 ساعات
أعمال,https://khamsat.com/business,خطط العمل,https://khamsat.com/business/business-plans,بناء خطط وأدلة نظام الامتياز التجارى,https://khamsat.com/business/business-plans/1640702-%D8%A8%D9%86%D8%A7%D8%A1-%D8%AE%D8%B7%D8%B7-%D9%88%D8%A3%D8%AF%D9%84%D8%A9-%D9%86%D8%B8%D8%A7%D9%85-%D8%A7%D9%84%D8%A7%D9%85%D8%AA%D9%8A%D8%A7%D8%B2-%D8%A7%D9%84%D8%AA%D8%AC%D8%A7%D8%B1%D9%89,4.5,13,9 ساعات,23,0,$5.00,يومين,13,4,325.0,.Abeer A,https://khamsat.com/user/abeer_99,True,بائع مميز,4.5,21,98.04%,5,36,9 ساعات
أعمال,https://khamsat.com/business,خطط العمل,https://khamsat.com/business/business-plans,اعداد تطبيق تقييم خطة تشغيلية وتقارير نسب الإنجاز الدورية,https://khamsat.com/business/business-plans/1782422-%D8%A7%D8%B9%D8%AF%D8%A7%D8%AF-%D8%AA%D8%B7%D8%A8%D9%8A%D9%82-%D8%AA%D9%82%D9%8A%D9%8A%D9%85-%D8%AE%D8%B7%D8%A9-%D8%AA%D8%B4%D8%BA%D9%8A%D9%84%D9%8A%D8%A9-%D9%88%D8%AA%D9%82%D8%A7%D8%B1%D9%8A%D8%B1-%D9%86%D8%B3%D8%A8-%D8%A7%D9%84%D8%A5%D9%86%D8%AC%D8%A7%D8%B2-%D8%A7%D9%84%D8%AF%D9%88%D8%B1%D9%8A%D8%A9,5.0,7,4 ساعات,13,0,$50.00,يومين,7,1,10.0,.Rami A,https://khamsat.com/user/rami_abu_elkhair,True,بائع مميز,5.0,35,86.36%,5,41,ساعة
أعمال,https://khamsat.com/business,خطط العمل,https://khamsat.com/business/business-plans,برامج زمنية عن طريق برنامج البريمافيرا,https://khamsat.com/business/business-plans/2198297-%D8%A8%D8%B1%D8%A7%D9%85%D8%AC-%D8%B2%D9%85%D9%86%D9%8A%D8%A9-%D8%B9%D9%86-%D8%B7%D8%B1%D9%8A%D9%82-%D8%A8%D8%B1%D9%86%D8%A7%D9%85%D8%AC-%D8%A7%D9%84%D8%A8%D8%B1%D9%8A%D9%85%D8%A7%D9%81%D9%8A%D8%B1%D8%A7,5.0,9,5 دقائق,10,0,$5.00,يوم واحد,9,0,0.0,.Samer A,https://khamsat.com/user/ameralhussieni,True,بائع مميز,5.0,11,100.0%,5,12,4 ساعات
أعمال,https://khamsat.com/business,خطط العمل,https://khamsat.com/business/business-plans,تطوير خطط الأعمال المهنية للشركات الصغيرة والمتوسطة,https://khamsat.com/business/business-plans/2602943-%D8%AA%D8%B7%D9%88%D9%8A%D8%B1-%D8%AE%D8%B7%D8%B7-%D8%A7%D9%84%D8%A3%D8%B9%D9%85%D8%A7%D9%84-%D8%A7%D9%84%D9%85%D9%87%D9%86%D9%8A%D8%A9-%D9%84%D9%84%D8%B4%D8%B1%D9%83%D8%A7%D8%AA-%D8%A7%D9%84%D8%B5%D8%BA%D9%8A%D8%B1%D8%A9-%D9%88%D8%A7%D9%84%D9%85%D8%AA%D9%88%D8%B3%D8%B7%D8%A9,5.0,3,ساعتين,5,0,$50.00,ثلاثة أيام,3,2,300.0,.Lina Bassam S,https://khamsat.com/user/dr_lina2usa,True,بائع مميز,5.0,52,92.95%,9,52,5 ساعات
أعمال,https://khamsat.com/business,خطط العمل,https://khamsat.com/business/business-plans,حزمة الأدوات الشاملة لتأسيس وإدارة الأعمال,https://khamsat.com/business/business-plans/2803096-%D8%AD%D8%B2%D9%85%D8%A9-%D8%A7%D9%84%D8%A3%D8%AF%D9%88%D8%A7%D8%AA-%D8%A7%D9%84%D8%B4%D8%A7%D9%85%D9%84%D8%A9-%D9%84%D8%AA%D8%A3%D8%B3%D9%8A%D8%B3-%D9%88%D8%A5%D8%AF%D8%A7%D8%B1%D8%A9-%D8%A7%D9%84%D8%A3%D8%B9%D9%85%D8%A7%D9%84,5.0,4,ساعتين,7,0,$5.00,يوم واحد,4,0,0.0,عبدالحفيظ م.,https://khamsat.com/user/abdelhafiz-mohamed,True,مشتري VIP,5.0,4,100.0%,2,7,ساعتين
أعمال,https://khamsat.com/business,خطط العمل,https://khamsat.com/business/business-plans,كتابة خطة ونموذج عمل للمشاريع الريادية بطريقة احترافية,https://khamsat.com/business/business-plans/1355544-%D9%83%D8%AA%D8%A7%D8%A8%D8%A9-%D8%AE%D8%B7%D8%A9-%D9%88%D9%86%D9%85%D9%88%D8%B0%D8%AC-%D8%B9%D9%85%D9%84-%D9%84%D9%84%D9%85%D8%B4%D8%A7%D8%B1%D9%8A%D8%B9-%D8%A7%D9%84%D8%B1%D9%8A%D8%A7%D8%AF%D9%8A%D8%A9-%D8%A8%D8%B7%D8%B1%D9%8A%D9%82%D8%A9-%D8%A7%D8%AD%D8%AA%D8%B1%D8%A7%D9%81%D9%8A%D8%A9,5.0,19,ساعتين,43,0,$10.00,يومين,19,4,340.0,.Yazan E,https://khamsat.com/user/yazanagriculture,True,بائع مميز,5.0,43,92.99%,5,76,ساعتين
أعمال,https://khamsat.com/business,خطط العمل,https://khamsat.com/business/business-plans,خطة عمل لمشروعك Business Plan,https://khamsat.com/business/business-plans/2076577-%D8%AE%D8%B7%D8%A9-%D8%B9%D9%85%D9%84-%D9%84%D9%85%D8%B4%D8%B1%D9%88%D8%B9%D9%83-business-plan,2.5,3,4 ساعات,6,0,$10.00,يومين,3,5,255.0,.Mohammed I,https://khamsat.com/user/mohamedibrahim74,True,بائع نشيط,4.5,20,71.93%,4,27,ساعتين
أعمال,https://khamsat.com/business,خطط العمل,https://khamsat.com/business/business-plans,دليل التشغيل القياسى للهايبر ماركت,https://khamsat.com/business/business-plans/1828676-%D8%AF%D9%84%D9%8A%D9%84-%D8%A7%D9%84%D8%AA%D8%B4%D8%BA%D9%8A%D9%84-%D8%A7%D9%84%D9%82%D9%8A%D8%A7%D8%B3%D9%89-%D9%84%D9%84%D9%87%D8%A7%D9%8A%D8%A8%D8%B1-%D9%85%D8%A7%D8%B1%D9%83%D8%AA,4.5,5,4 ساعات,22,0,$10.00,يوم واحد,5,5,50.0,.Amr H,https://khamsat.com/user/amr_h_m,True,بائع نشيط,4.5,5,85.71%,1,22,4 ساعات
أعمال,https://khamsat.com/business,خطط العمل,https://khamsat.com/business/business-plans,خطة عمل تفصيلية للمشاريع ( ملف ورد واكسيل وبي دي اف ),https://khamsat.com/business/business-plans/2177829-%D8%AE%D8%B7%D8%A9-%D8%B9%D9%85%D9%84-%D8%AA%D9%81%D8%B5%D9%8A%D9%84%D9%8A%D8%A9-%D9%84%D9%84%D9%85%D8%B4%D8%A7%D8%B1%D9%8A%D8%B9-%D9%85%D9%84%D9%81-%D9%88%D8%B1%D8%AF-%D9%88%D8%A7%D9%83%D8%B3%D9%8A%D9%84-%D9%88%D8%A8%D9%8A-%D8%AF%D9%8A-%D8%A7%D9%81,5.0,20,ساعة,28,1,$25.00,أسبوعين,20,4,305.0,.Mohamed E,https://khamsat.com/user/m_elabaseiry,True,بائع نشيط,5.0,23,84.62%,2,31,3 ساعات
أعمال,https://khamsat.com/business,خطط العمل,https://khamsat.com/business/business-plans,افكار تطبيقات ابداعية ومتميزة,https://khamsat.com/business/business-plans/1968544-%D8%A7%D9%81%D9%83%D8%A7%D8%B1-%D8%AA%D8%B7%D8%A8%D9%8A%D9%82%D8%A7%D8%AA-%D8%A7%D8%A8%D8%AF%D8%A7%D8%B9%D9%8A%D8%A9-%D9%88%D9%85%D8%AA%D9%85%D9%8A%D8%B2%D8%A9,4.5,22,3 ساعات,35,0,$5.00,يوم واحد,22,3,65.0,لمياء ا.,https://khamsat.com/user/lamia66,True,بائع مميز,4.5,112,93.75%,5,154,4 ساعات
أعمال,https://khamsat.com/business,خطط العمل,https://khamsat.com/business/business-plans,انشاء خرائط تدفق (مخطط) وسير الاجراءات/الهيكل التنظيمي VISIO,https://khamsat.com/business/business-plans/2755551-%D8%A7%D9%86%D8%B4%D8%A7%D8%A1-%D8%AE%D8%B1%D8%A7%D8%A6%D8%B7-%D8%AA%D8%AF%D9%81%D9%82-%D9%85%D8%AE%D8%B7%D8%B7-%D9%88%D8%B3%D9%8A%D8%B1-%D8%A7%D9%84%D8%A7%D8%AC%D8%B1%D8%A7%D8%A1%D8%A7%D8%AA%D8%A7%D9%84%D9%87%D9%8A%D9%83%D9%84-%D8%A7%D9%84%D8%AA%D9%86%D8%B8%D9%8A%D9%85%D9%8A-visio,5.0,3,دقيقة,5,0,$5.00,يومين,3,4,50.0,نجلاء ف.,https://khamsat.com/user/n_tantawi,True,بائع مميز,5.0,44,99.38%,6,61,9 ساعات
أعمال,https://khamsat.com/business,خطط العمل,https://khamsat.com/business/business-plans,إعداد خطط للمشاريع المتخصصة وتنفيذها proposals,https://khamsat.com/business/business-plans/2729311-%D8%A5%D8%B9%D8%AF%D8%A7%D8%AF-%D8%AE%D8%B7%D8%B7-%D9%84%D9%84%D9%85%D8%B4%D8%A7%D8%B1%D9%8A%D8%B9-%D8%A7%D9%84%D9%85%D8%AA%D8%AE%D8%B5%D8%B5%D8%A9-%D9%88%D8%AA%D9%86%D9%81%D9%8A%D8%B0%D9%87%D8%A7-proposals,5.0,1,5 دقائق,2,0,$10.00,يوم واحد,1,4,440.0,حيدر ن.,https://khamsat.com/user/haidar214,True,بائع مميز,5.0,53,92.03%,15,56,ساعتين
أعمال,https://khamsat.com/business,خطط العمل,https://khamsat.com/business/business-plans,تقديم خطة مخاطر Risk Management Plan,https://khamsat.com/business/business-plans/1721134-%D8%AA%D9%82%D8%AF%D9%8A%D9%85-%D8%AE%D8%B7%D8%A9-%D9%85%D8%AE%D8%A7%D8%B7%D8%B1-risk-management-plan,5.0,18,3 دقائق,25,0,$5.00,يوم واحد,18,1,20.0,.Elsayed E,https://khamsat.com/user/elsayed_elgendy,True,بائع مميز,5.0,64,89.16%,15,75,ساعتين
أعمال,https://khamsat.com/business,خطط العمل,https://khamsat.com/business/business-plans,مقترح للعمل على إعداد الخطط الاستراتيجية للمتاجر والشركات,https://khamsat.com/business/business-plans/2249913-%D9%85%D9%82%D8%AA%D8%B1%D8%AD-%D9%84%D9%84%D8%B9%D9%85%D9%84-%D8%B9%D9%84%D9%89-%D8%A5%D8%B9%D8%AF%D8%A7%D8%AF-%D8%A7%D9%84%D8%AE%D8%B7%D8%B7-%D8%A7%D9%84%D8%A7%D8%B3%D8%AA%D8%B1%D8%A7%D8%AA%D9%8A%D8%AC%D9%8A%D8%A9-%D9%84%D9%84%D9%85%D8%AA%D8%A7%D8%AC%D8%B1-%D9%88%D8%A7%D9%84%D8%B4%D8%B1%D9%83%D8%A7%D8%AA,5.0,4,20 دقيقة,8,0,$25.00,ثلاثة أيام,4,2,175.0,أحمد أ.,https://khamsat.com/user/ahmadabusada,True,بائع نشيط,5.0,4,100.0%,4,8,19 دقيقة
أعمال,https://khamsat.com/business,خطط العمل,https://khamsat.com/business/business-plans,خطة عمل Planning Package,https://khamsat.com/business/business-plans/1953000-%D8%AE%D8%B7%D8%A9-%D8%B9%D9%85%D9%84-planning-package,5.0,2,3 ساعات,4,0,$25.00,يوم واحد,2,3,225.0,محمود ع.,https://khamsat.com/user/mahmoud_atif,True,بائع نشيط,5.0,15,87.8%,4,18,ساعتين
أعمال,https://khamsat.com/business,خطط العمل,https://khamsat.com/business/business-plans,ساعطيك نموذج خطة استراتيجية باللغة العربية و بالانجليزية,https://khamsat.com/business/business-plans/683994-%D8%B3%D8%A7%D8%B9%D8%B7%D9%8A%D9%83-%D9%86%D9%85%D9%88%D8%B0%D8%AC-%D8%AE%D8%B7%D8%A9-%D8%A7%D8%B3%D8%AA%D8%B1%D8%A7%D8%AA%D9%8A%D8%AC%D9%8A%D8%A9-%D8%A8%D8%A7%D9%84%D9%84%D8%BA%D8%A9-%D8%A7%D9%84%D8%B9%D8%B1%D8%A8%D9%8A%D8%A9-%D9%88-%D8%A8%D8%A7%D9%84%D8%A7%D9%86%D8%AC%D9%84%D9%8A%D8%B2%D9%8A%D8%A9,4.5,31,7 ساعات,84,0,$10.00,يومين,25,1,10.0,وليد ع.,https://khamsat.com/user/wseldib,True,بائع مميز,4.5,33,91.38%,1,91,12 ساعة
أعمال,https://khamsat.com/business,خطط العمل,https://khamsat.com/business/business-plans,خطة عمل متكاملة لمشروعكم,https://khamsat.com/business/business-plans/1802928-%D8%AE%D8%B7%D8%A9-%D8%B9%D9%85%D9%84-%D9%85%D8%AA%D9%83%D8%A7%D9%85%D9%84%D8%A9-%D9%84%D9%85%D8%B4%D8%B1%D9%88%D8%B9%D9%83%D9%85,5.0,7,ساعة,17,0,$10.00,أسبوعين,7,5,250.0,محمد م.,https://khamsat.com/user/mohamedmakram,True,بائع نشيط,4.5,136,85.96%,7,178,5 ساعات
أعمال,https://khamsat.com/business,خطط العمل,https://khamsat.com/business/business-plans,تصميم ملف إكسل متقدم لإدارة الوقت وتنظيم المهام وتخطيط العمل,https://khamsat.com/business/business-plans/2875848-%D8%AA%D8%B5%D9%85%D9%8A%D9%85-%D9%85%D9%84%D9%81-%D8%A5%D9%83%D8%B3%D9%84-%D9%85%D8%AA%D9%82%D8%AF%D9%85-%D9%84%D8%A5%D8%AF%D8%A7%D8%B1%D8%A9-%D8%A7%D9%84%D9%88%D9%82%D8%AA-%D9%88%D8%AA%D9%86%D8%B8%D9%8A%D9%85-%D8%A7%D9%84%D9%85%D9%87%D8%A7%D9%85-%D9%88%D8%AA%D8%AE%D8%B7%D9%8A%D8%B7-%D8%A7%D9%84%D8%B9%D9%85%D9%84,5.0,1,دقيقتين,2,0,$10.00,أربعة أيام,1,3,15.0,محمد ع.,https://khamsat.com/user/mohamedalaa_90,True,بائع جديد,5.0,1,100.0%,5,2,دقيقتين
أعمال,https://khamsat.com/business,خطط العمل,https://khamsat.com/business/business-plans,نموذج عمل وخطة عمل مبتكرة لتحقيق النجاح لمشروعك,https://khamsat.com/business/business-plans/2785363-%D9%86%D9%85%D9%88%D8%B0%D8%AC-%D8%B9%D9%85%D9%84-%D9%88%D8%AE%D8%B7%D8%A9-%D8%B9%D9%85%D9%84-%D9%85%D8%A8%D8%AA%D9%83%D8%B1%D8%A9-%D9%84%D8%AA%D8%AD%D9%82%D9%8A%D9%82-%D8%A7%D9%84%D9%86%D8%AC%D8%A7%D8%AD-%D9%84%D9%85%D8%B4%D8%B1%D9%88%D8%B9%D9%83,5.0,1,3 أيام,1,0,$10.00,يومين,1,3,350.0,هشام ه.,https://khamsat.com/user/hisham_h86,True,بائع موثوق,5.0,62,90.71%,7,68,6 ساعات
أعمال,https://khamsat.com/business,تحليل المنافسين,https://khamsat.com/business/competitor-analysis,التخطيط الاستراتيجي للشركات بتحليل البيئة الداخلية والخارجية,https://khamsat.com/business/competitor-analysis/2896543-%D8%A7%D9%84%D8%AA%D8%AE%D8%B7%D9%8A%D8%B7-%D8%A7%D9%84%D8%A7%D8%B3%D8%AA%D8%B1%D8%A7%D8%AA%D9%8A%D8%AC%D9%8A-%D9%84%D9%84%D8%B4%D8%B1%D9%83%D8%A7%D8%AA-%D8%A8%D8%AA%D8%AD%D9%84%D9%8A%D9%84-%D8%A7%D9%84%D8%A8%D9%8A%D8%A6%D8%A9-%D8%A7%D9%84%D8%AF%D8%A7%D8%AE%D9%84%D9%8A%D8%A9-%D9%88%D8%A7%D9%84%D8%AE%D8%A7%D8%B1%D8%AC%D9%8A%D8%A9,5.0,10,23 دقيقة,11,0,$5.00,يومين,10,4,60.0,.Omran J,https://khamsat.com/user/omran9393,True,بائع مميز,5.0,27,100.0%,10,31,ساعتين
أعمال,https://khamsat.com/business,تحليل المنافسين,https://khamsat.com/business/competitor-analysis,تقديم دراسة سوقية Market research لشركتك او مشروعك,https://khamsat.com/business/competitor-analysis/2934248-%D8%AA%D9%82%D8%AF%D9%8A%D9%85-%D8%AF%D8%B1%D8%A7%D8%B3%D8%A9-%D8%B3%D9%88%D9%82%D9%8A%D8%A9-market-research-%D9%84%D8%B4%D8%B1%D9%83%D8%AA%D9%83-%D8%A7%D9%88-%D9%85%D8%B4%D8%B1%D9%88%D8%B9%D9%83,5.0,4,يوم,4,0,$10.00,يومين,4,3,60.0,أحمد ا.,https://khamsat.com/user/%D8%A3%D8%AD%D9%85%D8%AF-%D8%A7%D8%A8%D9%88%D8%B2%D9%8A%D8%AF,True,بائع نشيط,5.0,11,97.83%,2,11,15 ساعة
أعمال,https://khamsat.com/business,تحليل المنافسين,https://khamsat.com/business/competitor-analysis,دراسة طرق تسويق المنافسين مع نقاط ضعفهم ونقاط قوتهم,https://khamsat.com/business/competitor-analysis/1931979-%D8%AF%D8%B1%D8%A7%D8%B3%D8%A9-%D8%B7%D8%B1%D9%82-%D8%AA%D8%B3%D9%88%D9%8A%D9%82-%D8%A7%D9%84%D9%85%D9%86%D8%A7%D9%81%D8%B3%D9%8A%D9%86-%D9%85%D8%B9-%D9%86%D9%82%D8%A7%D8%B7-%D8%B6%D8%B9%D9%81%D9%87%D9%85-%D9%88%D9%86%D9%82%D8%A7%D8%B7-%D9%82%D9%88%D8%AA%D9%87%D9%85,5.0,35,7 ساعات,67,0,$20.00,يوم واحد,25,3,145.0,محمد ا.,https://khamsat.com/user/mohammedelotmani,True,بائع مميز,4.5,165,95.99%,9,256,4 ساعات
أعمال,https://khamsat.com/business,تحليل المنافسين,https://khamsat.com/business/competitor-analysis,اعداد تقرير تحليل المنافسين لشركتك,https://khamsat.com/business/competitor-analysis/2313109-%D8%A7%D8%B9%D8%AF%D8%A7%D8%AF-%D8%AA%D9%82%D8%B1%D9%8A%D8%B1-%D8%AA%D8%AD%D9%84%D9%8A%D9%84-%D8%A7%D9%84%D9%85%D9%86%D8%A7%D9%81%D8%B3%D9%8A%D9%86-%D9%84%D8%B4%D8%B1%D9%83%D8%AA%D9%83,4.5,40,9 ساعات,56,1,$15.00,ثلاثة أيام,25,2,35.0,.Mohamad Yaman Z,https://khamsat.com/user/yaman_zahda,True,بائع مميز,4.5,45,92.05%,5,65,ساعتين
أعمال,https://khamsat.com/business,تحليل المنافسين,https://khamsat.com/business/competitor-analysis,دراسة تسويقية وتحليل شامل لمنافسيك,https://khamsat.com/business/competitor-analysis/2876203-%D8%AF%D8%B1%D8%A7%D8%B3%D8%A9-%D8%AA%D8%B3%D9%88%D9%8A%D9%82%D9%8A%D8%A9-%D9%88%D8%AA%D8%AD%D9%84%D9%8A%D9%84-%D8%B4%D8%A7%D9%85%D9%84-%D9%84%D9%85%D9%86%D8%A7%D9%81%D8%B3%D9%8A%D9%83,5.0,2,21 دقيقة,2,0,$10.00,يومين,2,5,70.0,.Abdallah S,https://khamsat.com/user/abdallahsayed7,True,بائع جديد,5.0,2,100.0%,4,2,21 دقيقة
أعمال,https://khamsat.com/business,تحليل المنافسين,https://khamsat.com/business/competitor-analysis,أعطيك دراسة تسويقية لمشروعك و تحليل لمنافسيك لكي تنجح فيه,https://khamsat.com/business/competitor-analysis/1988141-%D8%A3%D8%B9%D8%B7%D9%8A%D9%83-%D8%AF%D8%B1%D8%A7%D8%B3%D8%A9-%D8%AA%D8%B3%D9%88%D9%8A%D9%82%D9%8A%D8%A9-%D9%84%D9%85%D8%B4%D8%B1%D9%88%D8%B9%D9%83-%D9%88-%D8%AA%D8%AD%D9%84%D9%8A%D9%84-%D9%84%D9%85%D9%86%D8%A7%D9%81%D8%B3%D9%8A%D9%83-%D9%84%D9%83%D9%8A-%D8%AA%D9%86%D8%AC%D8%AD-%D9%81%D9%8A%D9%87,4.5,7,13 ساعة,14,0,$30.00,يوم واحد,7,3,115.0,باسم ب.,https://khamsat.com/user/bounebirat_bassem,True,بائع مميز,4.5,42,95.12%,14,65,5 ساعات
أعمال,https://khamsat.com/business,تحليل المنافسين,https://khamsat.com/business/competitor-analysis,التخطيط الاستراتيجي للشركات بإستخدام تحليل SWOT,https://khamsat.com/business/competitor-analysis/2878886-%D8%A7%D9%84%D8%AA%D8%AE%D8%B7%D9%8A%D8%B7-%D8%A7%D9%84%D8%A7%D8%B3%D8%AA%D8%B1%D8%A7%D8%AA%D9%8A%D8%AC%D9%8A-%D9%84%D9%84%D8%B4%D8%B1%D9%83%D8%A7%D8%AA-%D8%A8%D8%A5%D8%B3%D8%AA%D8%AE%D8%AF%D8%A7%D9%85-%D8%AA%D8%AD%D9%84%D9%8A%D9%84-swot,5.0,2,4 ساعات,2,0,$5.00,يومين,2,2,10.0,.Mirna M,https://khamsat.com/user/myrn_4587,True,بائع جديد,5.0,2,100.0%,1,2,4 ساعات
أعمال,https://khamsat.com/business,تحليل المنافسين,https://khamsat.com/business/competitor-analysis,تحليل منافسين شامل للجمهور والخدمة المقدمة,https://khamsat.com/business/competitor-analysis/1934093-%D8%AA%D8%AD%D9%84%D9%8A%D9%84-%D9%85%D9%86%D8%A7%D9%81%D8%B3%D9%8A%D9%86-%D8%B4%D8%A7%D9%85%D9%84-%D9%84%D9%84%D8%AC%D9%85%D9%87%D9%88%D8%B1-%D9%88%D8%A7%D9%84%D8%AE%D8%AF%D9%85%D8%A9-%D8%A7%D9%84%D9%85%D9%82%D8%AF%D9%85%D8%A9,5.0,1,يوم,3,0,$5.00,ثلاثة أيام,1,2,30.0,نور ا.,https://khamsat.com/user/noorsawalhi,True,بائع جديد,5.0,1,100.0%,1,3,يوم
أعمال,https://khamsat.com/business,تحليل المنافسين,https://khamsat.com/business/competitor-analysis,دراسة وتحليل الأسواق الخارجية والدولية بهدف التصدير,https://khamsat.com/business/competitor-analysis/3041461-%D8%AF%D8%B1%D8%A7%D8%B3%D8%A9-%D9%88%D8%AA%D8%AD%D9%84%D9%8A%D9%84-%D8%A7%D9%84%D8%A3%D8%B3%D9%88%D8%A7%D9%82-%D8%A7%D9%84%D8%AE%D8%A7%D8%B1%D8%AC%D9%8A%D8%A9-%D9%88%D8%A7%D9%84%D8%AF%D9%88%D9%84%D9%8A%D8%A9-%D8%A8%D9%87%D8%AF%D9%81-%D8%A7%D9%84%D8%AA%D8%B5%D8%AF%D9%8A%D8%B1,0.0,0,لم يحسب,0,0,$15.00,ثلاثة أيام,0,5,500.0,أحمد سامر ص.,https://khamsat.com/user/%D8%B3%D8%A7%D9%85%D8%B1-%D8%B3%D8%A8%D8%A7%D9%87%D9%8A,True,بائع نشيط,0.0,3,88.24%,2,3,يوم
أعمال,https://khamsat.com/business,تحليل المنافسين,https://khamsat.com/business/competitor-analysis,كشف مزايا وعيوب المنافسين على مواقع الويب,https://khamsat.com/business/competitor-analysis/2749673-%D9%83%D8%B4%D9%81-%D9%85%D8%B2%D8%A7%D9%8A%D8%A7-%D9%88%D8%B9%D9%8A%D9%88%D8%A8-%D8%A7%D9%84%D9%85%D9%86%D8%A7%D9%81%D8%B3%D9%8A%D9%86-%D8%B9%D9%84%D9%89-%D9%85%D9%88%D8%A7%D9%82%D8%B9-%D8%A7%D9%84%D9%88%D9%8A%D8%A8,0.0,0,لم يحسب,0,0,$5.00,يوم واحد,0,2,25.0,.Omer M,https://khamsat.com/user/omer0864,True,بائع جديد,0.0,0,لم يحسب بعد,2,0,لم يحسب
أعمال,https://khamsat.com/business,تحليل المنافسين,https://khamsat.com/business/competitor-analysis,خطة تسويقية لمشروعك وتحليل المنافسين لتساعدك بالنجاح,https://khamsat.com/business/competitor-analysis/2496252-%D8%AE%D8%B7%D8%A9-%D8%AA%D8%B3%D9%88%D9%8A%D9%82%D9%8A%D8%A9-%D9%84%D9%85%D8%B4%D8%B1%D9%88%D8%B9%D9%83-%D9%88%D8%AA%D8%AD%D9%84%D9%8A%D9%84-%D8%A7%D9%84%D9%85%D9%86%D8%A7%D9%81%D8%B3%D9%8A%D9%86-%D9%84%D8%AA%D8%B3%D8%A7%D8%B9%D8%AF%D9%83-%D8%A8%D8%A7%D9%84%D9%86%D8%AC%D8%A7%D8%AD,5.0,7,36 دقيقة,9,1,$5.00,يوم واحد,7,4,175.0,محمد ص.,https://khamsat.com/user/mohammed_salah85,True,بائع جديد,5.0,7,69.23%,3,9,30 دقيقة
أعمال,https://khamsat.com/business,تحليل المنافسين,https://khamsat.com/business/competitor-analysis,تحليل المنافسين علي السوشيال ميديا,https://khamsat.com/business/competitor-analysis/2147688-%D8%AA%D8%AD%D9%84%D9%8A%D9%84-%D8%A7%D9%84%D9%85%D9%86%D8%A7%D9%81%D8%B3%D9%8A%D9%86-%D8%B9%D9%84%D9%8A-%D8%A7%D9%84%D8%B3%D9%88%D8%B4%D9%8A%D8%A7%D9%84-%D9%85%D9%8A%D8%AF%D9%8A%D8%A7,5.0,2,ساعة,4,0,$5.00,ثلاثة أيام,2,2,35.0,.Walaa M,https://khamsat.com/user/walaa_dm,True,بائع نشيط,5.0,10,90.32%,4,15,4 ساعات
أعمال,https://khamsat.com/business,تحليل المنافسين,https://khamsat.com/business/competitor-analysis,تحليل المنافسين، دراسة مفصلة وشاملة لسوق المنافسة,https://khamsat.com/business/competitor-analysis/3018669-%D8%AA%D8%AD%D9%84%D9%8A%D9%84-%D8%A7%D9%84%D9%85%D9%86%D8%A7%D9%81%D8%B3%D9%8A%D9%86-%D8%AF%D8%B1%D8%A7%D8%B3%D8%A9-%D9%85%D9%81%D8%B5%D9%84%D8%A9-%D9%88%D8%B4%D8%A7%D9%85%D9%84%D8%A9-%D9%84%D8%B3%D9%88%D9%82-%D8%A7%D9%84%D9%85%D9%86%D8%A7%D9%81%D8%B3%D8%A9,0.0,0,لم يحسب,0,0,$10.00,ثلاثة أيام,0,2,30.0,.Zeinab H,https://khamsat.com/user/nouramoh290,True,بائع جديد,0.0,0,لم يحسب بعد,2,0,لم يحسب
أعمال,https://khamsat.com/business,تحليل المنافسين,https://khamsat.com/business/competitor-analysis,تحليل المنافسين لك على مواقع التواصل الاجتماعي بكل دقة,https://khamsat.com/business/competitor-analysis/1546931-%D8%AA%D8%AD%D9%84%D9%8A%D9%84-%D8%A7%D9%84%D9%85%D9%86%D8%A7%D9%81%D8%B3%D9%8A%D9%86-%D9%84%D9%83-%D8%B9%D9%84%D9%89-%D9%85%D9%88%D8%A7%D9%82%D8%B9-%D8%A7%D9%84%D8%AA%D9%88%D8%A7%D8%B5%D9%84-%D8%A7%D9%84%D8%A7%D8%AC%D8%AA%D9%85%D8%A7%D8%B9%D9%8A-%D8%A8%D9%83%D9%84-%D8%AF%D9%82%D8%A9,5.0,8,16 ساعة,11,0,$5.00,يوم واحد,8,3,160.0,.Noha A,https://khamsat.com/user/noha_esmail,True,بائع نشيط,5.0,25,60.0%,6,32,13 ساعة
أعمال,https://khamsat.com/business,تحليل المنافسين,https://khamsat.com/business/competitor-analysis,تحليل حساب النشاط التجاري لمنافسيك على التواصل الإجتماعي,https://khamsat.com/business/competitor-analysis/2269291-%D8%AA%D8%AD%D9%84%D9%8A%D9%84-%D8%AD%D8%B3%D8%A7%D8%A8-%D8%A7%D9%84%D9%86%D8%B4%D8%A7%D8%B7-%D8%A7%D9%84%D8%AA%D8%AC%D8%A7%D8%B1%D9%8A-%D9%84%D9%85%D9%86%D8%A7%D9%81%D8%B3%D9%8A%D9%83-%D8%B9%D9%84%D9%89-%D8%A7%D9%84%D8%AA%D9%88%D8%A7%D8%B5%D9%84-%D8%A7%D9%84%D8%A5%D8%AC%D8%AA%D9%85%D8%A7%D8%B9%D9%8A,0.0,0,لم يحسب,0,0,$20.00,أربعة أيام,0,1,15.0,.Ahmed A,https://khamsat.com/user/%D8%A3%D8%AD%D9%85%D8%AF-%D9%85%D8%B7%D8%A7%D9%88%D8%B9-%D8%A7%D9%84%D9%86%D8%AC%D8%A7%D8%B1,True,بائع نشيط,5.0,17,77.78%,9,16,8 ساعات
أعمال,https://khamsat.com/business,استشارات الأعمال,https://khamsat.com/business/business-tips,مستشار تطوير أعمال Business Developer Consultant,https://khamsat.com/business/business-tips/2978519-%D9%85%D8%B3%D8%AA%D8%B4%D8%A7%D8%B1-%D8%AA%D8%B7%D9%88%D9%8A%D8%B1-%D8%A3%D8%B9%D9%85%D8%A7%D9%84-business-developer-consultant,5.0,1,ساعة,4,0,$10.00,يوم واحد,1,1,100.0,.Rober M,https://khamsat.com/user/rober-mossad,True,بائع جديد,5.0,1,71.43%,2,4,ساعة
أعمال,https://khamsat.com/business,استشارات الأعمال,https://khamsat.com/business/business-tips,استشارة عمل لبدء مشروع إلكتروني ناجح,https://khamsat.com/business/business-tips/2494364-%D8%A7%D8%B3%D8%AA%D8%B4%D8%A7%D8%B1%D8%A9-%D8%B9%D9%85%D9%84-%D9%84%D8%A8%D8%AF%D8%A1-%D9%85%D8%B4%D8%B1%D9%88%D8%B9-%D8%A5%D9%84%D9%83%D8%AA%D8%B1%D9%88%D9%86%D9%8A-%D9%86%D8%A7%D8%AC%D8%AD,5.0,9,ساعتين,9,0,$25.00,يوم واحد,9,2,125.0,.Ziad A,https://khamsat.com/user/ziadtalha,True,بائع نشيط,5.0,11,70.0%,2,11,ساعتين
أعمال,https://khamsat.com/business,استشارات الأعمال,https://khamsat.com/business/business-tips,إستشارة منصة سابر والمنتجات الخاضعة,https://khamsat.com/business/business-tips/3045168-%D8%A5%D8%B3%D8%AA%D8%B4%D8%A7%D8%B1%D8%A9-%D9%85%D9%86%D8%B5%D8%A9-%D8%B3%D8%A7%D8%A8%D8%B1-%D9%88%D8%A7%D9%84%D9%85%D9%86%D8%AA%D8%AC%D8%A7%D8%AA-%D8%A7%D9%84%D8%AE%D8%A7%D8%B6%D8%B9%D8%A9,0.0,0,دقيقة,1,0,$10.00,يوم واحد,0,0,0.0,.Ali B,https://khamsat.com/user/saber2025,False,بائع جديد,0.0,0,100.0%,1,1,دقيقة
أعمال,https://khamsat.com/business,استشارات الأعمال,https://khamsat.com/business/business-tips,استشارات وأعمال الخاصة بالاستيراد والتصدير,https://khamsat.com/business/business-tips/2871420-%D8%A7%D8%B3%D8%AA%D8%B4%D8%A7%D8%B1%D8%A7%D8%AA-%D9%88%D8%A3%D8%B9%D9%85%D8%A7%D9%84-%D8%A7%D9%84%D8%AE%D8%A7%D8%B5%D8%A9-%D8%A8%D8%A7%D9%84%D8%A7%D8%B3%D8%AA%D9%8A%D8%B1%D8%A7%D8%AF-%D9%88%D8%A7%D9%84%D8%AA%D8%B5%D8%AF%D9%8A%D8%B1,5.0,3,6 دقائق,7,1,$5.00,يومين,3,2,125.0,.Tamer S,https://khamsat.com/user/tamer-cargo,True,بائع نشيط,5.0,9,87.5%,4,13,5 دقائق
أعمال,https://khamsat.com/business,استشارات الأعمال,https://khamsat.com/business/business-tips,عمل لائحة إدارة السلامة والصحة المهنية,https://khamsat.com/business/business-tips/2729964-%D8%B9%D9%85%D9%84-%D9%84%D8%A7%D8%A6%D8%AD%D8%A9-%D8%A5%D8%AF%D8%A7%D8%B1%D8%A9-%D8%A7%D9%84%D8%B3%D9%84%D8%A7%D9%85%D8%A9-%D9%88%D8%A7%D9%84%D8%B5%D8%AD%D8%A9-%D8%A7%D9%84%D9%85%D9%87%D9%86%D9%8A%D8%A9,5.0,3,22 دقيقة,6,0,$50.00,ثلاثة أيام,3,2,125.0,عصام ب.,https://khamsat.com/user/essam28,True,بائع مميز,5.0,32,97.78%,8,54,ساعتين
أعمال,https://khamsat.com/business,استشارات الأعمال,https://khamsat.com/business/business-tips,افكار مشاريع متطوره وعصريه وجديده وافكار تطويريه للمشاريع,https://khamsat.com/business/business-tips/2114213-%D8%A7%D9%81%D9%83%D8%A7%D8%B1-%D9%85%D8%B4%D8%A7%D8%B1%D9%8A%D8%B9-%D9%85%D8%AA%D8%B7%D9%88%D8%B1%D9%87-%D9%88%D8%B9%D8%B5%D8%B1%D9%8A%D9%87-%D9%88%D8%AC%D8%AF%D9%8A%D8%AF%D9%87-%D9%88%D8%A7%D9%81%D9%83%D8%A7%D8%B1-%D8%AA%D8%B7%D9%88%D9%8A%D8%B1%D9%8A%D9%87-%D9%84%D9%84%D9%85%D8%B4%D8%A7%D8%B1%D9%8A%D8%B9,4.5,34,9 ساعات,45,0,$5.00,يوم واحد,25,4,105.0,.Haitham A,https://khamsat.com/user/haithamalq,True,بائع مميز,4.5,98,91.24%,5,173,5 ساعات
أعمال,https://khamsat.com/business,استشارات الأعمال,https://khamsat.com/business/business-tips,تنفيذ إجراء تقييم المخاطر بنظام السلامة والصحة المهنية,https://khamsat.com/business/business-tips/2819219-%D8%AA%D9%86%D9%81%D9%8A%D8%B0-%D8%A5%D8%AC%D8%B1%D8%A7%D8%A1-%D8%AA%D9%82%D9%8A%D9%8A%D9%85-%D8%A7%D9%84%D9%85%D8%AE%D8%A7%D8%B7%D8%B1-%D8%A8%D9%86%D8%B8%D8%A7%D9%85-%D8%A7%D9%84%D8%B3%D9%84%D8%A7%D9%85%D8%A9-%D9%88%D8%A7%D9%84%D8%B5%D8%AD%D8%A9-%D8%A7%D9%84%D9%85%D9%87%D9%86%D9%8A%D8%A9,5.0,1,4 ساعات,2,0,$10.00,يومين,1,3,300.0,.Mohamed A,https://khamsat.com/user/arafat500,True,بائع نشيط,5.0,8,100.0%,6,7,22 ساعة
أعمال,https://khamsat.com/business,استشارات الأعمال,https://khamsat.com/business/business-tips,نصائح بخصوص رفع كورسك اونلاين للمدربين,https://khamsat.com/business/business-tips/2465641-%D9%86%D8%B5%D8%A7%D8%A6%D8%AD-%D8%A8%D8%AE%D8%B5%D9%88%D8%B5-%D8%B1%D9%81%D8%B9-%D9%83%D9%88%D8%B1%D8%B3%D9%83-%D8%A7%D9%88%D9%86%D9%84%D8%A7%D9%8A%D9%86-%D9%84%D9%84%D9%85%D8%AF%D8%B1%D8%A8%D9%8A%D9%86,5.0,4,30 دقيقة,4,0,$10.00,يوم واحد,4,5,250.0,.Mostafa S,https://khamsat.com/user/saqly,True,بائع جديد,5.0,4,100.0%,2,4,30 دقيقة
أعمال,https://khamsat.com/business,استشارات الأعمال,https://khamsat.com/business/business-tips,إنشاء هيكل تنظيمي احترافي وملائم لاحتياجات شركتك فقط ب5,https://khamsat.com/business/business-tips/1377306-%D8%A5%D9%86%D8%B4%D8%A7%D8%A1-%D9%87%D9%8A%D9%83%D9%84-%D8%AA%D9%86%D8%B8%D9%8A%D9%85%D9%8A-%D8%A7%D8%AD%D8%AA%D8%B1%D8%A7%D9%81%D9%8A-%D9%88%D9%85%D9%84%D8%A7%D8%A6%D9%85-%D9%84%D8%A7%D8%AD%D8%AA%D9%8A%D8%A7%D8%AC%D8%A7%D8%AA-%D8%B4%D8%B1%D9%83%D8%AA%D9%83-%D9%81%D9%82%D8%B7-%D8%A85,5.0,4,ساعتين,5,0,$5.00,يوم واحد,4,5,255.0,زياد ش.,https://khamsat.com/user/ziadshalabi,True,بائع جديد,5.0,5,100.0%,2,6,ساعة
أعمال,https://khamsat.com/business,استشارات الأعمال,https://khamsat.com/business/business-tips,استشارة بالنقاط الهامة لتوصيف متطلبات النظام,https://khamsat.com/business/business-tips/2822062-%D8%A7%D8%B3%D8%AA%D8%B4%D8%A7%D8%B1%D8%A9-%D8%A8%D8%A7%D9%84%D9%86%D9%82%D8%A7%D8%B7-%D8%A7%D9%84%D9%87%D8%A7%D9%85%D8%A9-%D9%84%D8%AA%D9%88%D8%B5%D9%8A%D9%81-%D9%85%D8%AA%D8%B7%D9%84%D8%A8%D8%A7%D8%AA-%D8%A7%D9%84%D9%86%D8%B8%D8%A7%D9%85,5.0,1,11 دقيقة,2,0,$10.00,يوم واحد,1,1,10.0,رزان ك.,https://khamsat.com/user/razan_9922,True,بائع جديد,5.0,3,100.0%,3,4,46 دقيقة
أعمال,https://khamsat.com/business,استشارات الأعمال,https://khamsat.com/business/business-tips,استشارات حول تأسيس شركة أمريكية من خارج أمريكا,https://khamsat.com/business/business-tips/1793359-%D8%A7%D8%B3%D8%AA%D8%B4%D8%A7%D8%B1%D8%A7%D8%AA-%D8%AD%D9%88%D9%84-%D8%AA%D8%A3%D8%B3%D9%8A%D8%B3-%D8%B4%D8%B1%D9%83%D8%A9-%D8%A3%D9%85%D8%B1%D9%8A%D9%83%D9%8A%D8%A9-%D9%85%D9%86-%D8%AE%D8%A7%D8%B1%D8%AC-%D8%A3%D9%85%D8%B1%D9%8A%D9%83%D8%A7,5.0,22,11 ساعة,33,1,$25.00,خمسة أيام,22,5,450.0,.Ammar A,https://khamsat.com/user/ammar-awad,True,بائع نشيط,5.0,23,92.11%,2,34,يوم
أعمال,https://khamsat.com/business,استشارات الأعمال,https://khamsat.com/business/business-tips,إستشارات في نظام المنافسات والمشتريات الحكومية السعودي,https://khamsat.com/business/business-tips/2576829-%D8%A5%D8%B3%D8%AA%D8%B4%D8%A7%D8%B1%D8%A7%D8%AA-%D9%81%D9%8A-%D9%86%D8%B8%D8%A7%D9%85-%D8%A7%D9%84%D9%85%D9%86%D8%A7%D9%81%D8%B3%D8%A7%D8%AA-%D9%88%D8%A7%D9%84%D9%85%D8%B4%D8%AA%D8%B1%D9%8A%D8%A7%D8%AA-%D8%A7%D9%84%D8%AD%D9%83%D9%88%D9%85%D9%8A%D8%A9-%D8%A7%D9%84%D8%B3%D8%B9%D9%88%D8%AF%D9%8A,5.0,5,ساعتين,7,0,$10.00,يوم واحد,5,1,15.0,.Raid A,https://khamsat.com/user/raed3195,True,مشتري جاد,5.0,5,88.89%,1,7,ساعتين
أعمال,https://khamsat.com/business,استشارات الأعمال,https://khamsat.com/business/business-tips,إعداد دليل السياسات والإجراءات,https://khamsat.com/business/business-tips/3015993-%D8%A5%D8%B9%D8%AF%D8%A7%D8%AF-%D8%AF%D9%84%D9%8A%D9%84-%D8%A7%D9%84%D8%B3%D9%8A%D8%A7%D8%B3%D8%A7%D8%AA-%D9%88%D8%A7%D9%84%D8%A5%D8%AC%D8%B1%D8%A7%D8%A1%D8%A7%D8%AA,0.0,0,3 ساعات,1,0,$10.00,يومين,0,0,0.0,.Tharwat M,https://khamsat.com/user/tharwat86,True,بائع جديد,0.0,0,100.0%,5,1,3 ساعات
أعمال,https://khamsat.com/business,استشارات الأعمال,https://khamsat.com/business/business-tips,نصائح لا تقدّر بثمن لطرح خدمتك أو تأسيس وتطوير مشروعك,https://khamsat.com/business/business-tips/2716960-%D9%86%D8%B5%D8%A7%D8%A6%D8%AD-%D9%84%D8%A7-%D8%AA%D9%82%D8%AF%D8%B1-%D8%A8%D8%AB%D9%85%D9%86-%D9%84%D8%B7%D8%B1%D8%AD-%D8%AE%D8%AF%D9%85%D8%AA%D9%83-%D8%A3%D9%88-%D8%AA%D8%A3%D8%B3%D9%8A%D8%B3-%D9%88%D8%AA%D8%B7%D9%88%D9%8A%D8%B1-%D9%85%D8%B4%D8%B1%D9%88%D8%B9%D9%83,5.0,7,6 ساعات,8,0,$25.00,يوم واحد,7,1,100.0,هشام ه.,https://khamsat.com/user/hisham_h86,True,بائع موثوق,5.0,62,90.71%,7,68,6 ساعات
أعمال,https://khamsat.com/business,استشارات الأعمال,https://khamsat.com/business/business-tips,استشارة استثمارية في كل ما يخص العملات الرقمية والبلوك تشين,https://khamsat.com/business/business-tips/2913709-%D8%A7%D8%B3%D8%AA%D8%B4%D8%A7%D8%B1%D8%A9-%D8%A7%D8%B3%D8%AA%D8%AB%D9%85%D8%A7%D8%B1%D9%8A%D8%A9-%D9%81%D9%8A-%D9%83%D9%84-%D9%85%D8%A7-%D9%8A%D8%AE%D8%B5-%D8%A7%D9%84%D8%B9%D9%85%D9%84%D8%A7%D8%AA-%D8%A7%D9%84%D8%B1%D9%82%D9%85%D9%8A%D8%A9-%D9%88%D8%A7%D9%84%D8%A8%D9%84%D9%88%D9%83-%D8%AA%D8%B4%D9%8A%D9%86,5.0,4,16 دقيقة,4,1,$5.00,يوم واحد,4,5,110.0,.Hadi M,https://khamsat.com/user/hadiw2002,True,بائع مميز,5.0,33,89.66%,5,37,37 دقيقة
أعمال,https://khamsat.com/business,استشارات الأعمال,https://khamsat.com/business/business-tips,تحليل المخاطر Risk Analysis,https://khamsat.com/business/business-tips/2916595-%D8%AA%D8%AD%D9%84%D9%8A%D9%84-%D8%A7%D9%84%D9%85%D8%AE%D8%A7%D8%B7%D8%B1-risk-analysis,5.0,2,37 دقيقة,3,0,$10.00,يومين,2,0,0.0,.Ziad S,https://khamsat.com/user/ziadsharafa,True,بائع جديد,5.0,3,80.0%,3,3,37 دقيقة
أعمال,https://khamsat.com/business,استشارات الأعمال,https://khamsat.com/business/business-tips,إستشارة لزيادة المبيعات و الوعى بالعلامة التجارية,https://khamsat.com/business/business-tips/2819550-%D8%A5%D8%B3%D8%AA%D8%B4%D8%A7%D8%B1%D8%A9-%D9%84%D8%B2%D9%8A%D8%A7%D8%AF%D8%A9-%D8%A7%D9%84%D9%85%D8%A8%D9%8A%D8%B9%D8%A7%D8%AA-%D9%88-%D8%A7%D9%84%D9%88%D8%B9%D9%89-%D8%A8%D8%A7%D9%84%D8%B9%D9%84%D8%A7%D9%85%D8%A9-%D8%A7%D9%84%D8%AA%D8%AC%D8%A7%D8%B1%D9%8A%D8%A9,0.0,0,41 دقيقة,1,0,$10.00,يوم واحد,0,3,240.0,أحمد ر.,https://khamsat.com/user/ahmed_bik,True,بائع جديد,0.0,0,100.0%,5,3,4 ساعات
أعمال,https://khamsat.com/business,استشارات الأعمال,https://khamsat.com/business/business-tips,تقديم استشارات في مجال إدارة الاعمال المختلفة,https://khamsat.com/business/business-tips/2929977-%D8%AA%D9%82%D8%AF%D9%8A%D9%85-%D8%A7%D8%B3%D8%AA%D8%B4%D8%A7%D8%B1%D8%A7%D8%AA-%D9%81%D9%8A-%D9%85%D8%AC%D8%A7%D9%84-%D8%A5%D8%AF%D8%A7%D8%B1%D8%A9-%D8%A7%D9%84%D8%A7%D8%B9%D9%85%D8%A7%D9%84-%D8%A7%D9%84%D9%85%D8%AE%D8%AA%D9%84%D9%81%D8%A9,5.0,2,ساعتين,4,0,$5.00,يومين,2,2,20.0,محمد ا.,https://khamsat.com/user/mohammad7shoop,True,بائع جديد,5.0,2,100.0%,2,4,ساعتين
أعمال,https://khamsat.com/business,استشارات الأعمال,https://khamsat.com/business/business-tips,إستشارات في الجودة والسلامة وحماية بيئة العمل وادارة المخاطر,https://khamsat.com/business/business-tips/2930525-%D8%A5%D8%B3%D8%AA%D8%B4%D8%A7%D8%B1%D8%A7%D8%AA-%D9%81%D9%8A-%D8%A7%D9%84%D8%AC%D9%88%D8%AF%D8%A9-%D9%88%D8%A7%D9%84%D8%B3%D9%84%D8%A7%D9%85%D8%A9-%D9%88%D8%AD%D9%85%D8%A7%D9%8A%D8%A9-%D8%A8%D9%8A%D8%A6%D8%A9-%D8%A7%D9%84%D8%B9%D9%85%D9%84-%D9%88%D8%A7%D8%AF%D8%A7%D8%B1%D8%A9-%D8%A7%D9%84%D9%85%D8%AE%D8%A7%D8%B7%D8%B1,5.0,1,3 ساعات,1,0,$5.00,يوم واحد,1,4,70.0,.Amr G,https://khamsat.com/user/amrghazy234,True,بائع جديد,5.0,2,100.0%,4,2,3 ساعات
أعمال,https://khamsat.com/business,استشارات الأعمال,https://khamsat.com/business/business-tips,دليلك للحصول علي كورسات من أقوي جامعات العالم,https://khamsat.com/business/business-tips/1671184-%D8%AF%D9%84%D9%8A%D9%84%D9%83-%D9%84%D9%84%D8%AD%D8%B5%D9%88%D9%84-%D8%B9%D9%84%D9%8A-%D9%83%D9%88%D8%B1%D8%B3%D8%A7%D8%AA-%D9%85%D9%86-%D8%A3%D9%82%D9%88%D9%8A-%D8%AC%D8%A7%D9%85%D8%B9%D8%A7%D8%AA-%D8%A7%D9%84%D8%B9%D8%A7%D9%84%D9%85,5.0,2,9 أيام,2,0,$5.00,يوم واحد,2,0,0.0,.Abdullah A,https://khamsat.com/user/abdullahadel1919,True,بائع جديد,5.0,4,75.0%,5,3,يومين
أعمال,https://khamsat.com/business,استشارات الأعمال,https://khamsat.com/business/business-tips,استشارات حول تأسيس شركتك الامريكية عن بعد,https://khamsat.com/business/business-tips/2502938-%D8%A7%D8%B3%D8%AA%D8%B4%D8%A7%D8%B1%D8%A7%D8%AA-%D8%AD%D9%88%D9%84-%D8%AA%D8%A3%D8%B3%D9%8A%D8%B3-%D8%B4%D8%B1%D9%83%D8%AA%D9%83-%D8%A7%D9%84%D8%A7%D9%85%D8%B1%D9%8A%D9%83%D9%8A%D8%A9-%D8%B9%D9%86-%D8%A8%D8%B9%D8%AF,5.0,2,26 دقيقة,2,0,$10.00,يوم واحد,2,0,0.0,.Ahmed A,https://khamsat.com/user/ahmed.ask,True,مشتري مميز,5.0,3,100.0%,2,3,11 ساعة
أعمال,https://khamsat.com/business,استشارات الأعمال,https://khamsat.com/business/business-tips,اساعدك على حل مشكلة في مشروعك القائم تطوير أعمال,https://khamsat.com/business/business-tips/95812-%D8%A7%D8%B3%D8%A7%D8%B9%D8%AF%D9%83-%D8%B9%D9%84%D9%89-%D8%AD%D9%84-%D9%85%D8%B4%D9%83%D9%84%D8%A9-%D9%81%D9%8A-%D9%85%D8%B4%D8%B1%D9%88%D8%B9%D9%83-%D8%A7%D9%84%D9%82%D8%A7%D8%A6%D9%85-%D8%AA%D8%B7%D9%88%D9%8A%D8%B1-%D8%A3%D8%B9%D9%85%D8%A7%D9%84,4.5,9,4 ساعات,10,0,$5.00,أسبوع,9,1,45.0,محمد ح.,https://khamsat.com/user/%D8%AD%D9%84%D9%85%D9%89,True,بائع مميز,4.5,137,77.75%,3,202,يوم
أعمال,https://khamsat.com/business,استشارات الأعمال,https://khamsat.com/business/business-tips,خدمات يمكن تقديمها دون خبرة على مواقع الخدمات المصغرة,https://khamsat.com/business/business-tips/1210596-%D8%AE%D8%AF%D9%85%D8%A7%D8%AA-%D9%8A%D9%85%D9%83%D9%86-%D8%AA%D9%82%D8%AF%D9%8A%D9%85%D9%87%D8%A7-%D8%AF%D9%88%D9%86-%D8%AE%D8%A8%D8%B1%D8%A9-%D8%B9%D9%84%D9%89-%D9%85%D9%88%D8%A7%D9%82%D8%B9-%D8%A7%D9%84%D8%AE%D8%AF%D9%85%D8%A7%D8%AA-%D8%A7%D9%84%D9%85%D8%B5%D8%BA%D8%B1%D8%A9,5.0,4,3 ساعات,5,0,$5.00,يوم واحد,4,0,0.0,إسماعيل ز.,https://khamsat.com/user/%D8%A5%D8%B3%D9%85%D8%A7%D8%B9%D9%8A%D9%84-%D8%B2%D8%AF%D9%83,True,بائع مميز,4.5,153,97.47%,4,216,5 ساعات
أعمال,https://khamsat.com/business,استشارات الأعمال,https://khamsat.com/business/business-tips,عمل البرامج الزمنية للمشاريع الصغيرة والمتوسطة,https://khamsat.com/business/business-tips/1510518-%D8%B9%D9%85%D9%84-%D8%A7%D9%84%D8%A8%D8%B1%D8%A7%D9%85%D8%AC-%D8%A7%D9%84%D8%B2%D9%85%D9%86%D9%8A%D8%A9-%D9%84%D9%84%D9%85%D8%B4%D8%A7%D8%B1%D9%8A%D8%B9-%D8%A7%D9%84%D8%B5%D8%BA%D9%8A%D8%B1%D8%A9-%D9%88%D8%A7%D9%84%D9%85%D8%AA%D9%88%D8%B3%D8%B7%D8%A9,0.0,0,49 دقيقة,1,0,$5.00,يومين,0,1,5.0,محمد ا.,https://khamsat.com/user/mohammedalkhedraa,True,بائع مميز,5.0,15,92.08%,9,28,3 ساعات
أعمال,https://khamsat.com/business,استشارات الأعمال,https://khamsat.com/business/business-tips,تحليل قوائم مالية تاريخية,https://khamsat.com/business/business-tips/1521729-%D8%AA%D8%AD%D9%84%D9%8A%D9%84-%D9%82%D9%88%D8%A7%D8%A6%D9%85-%D9%85%D8%A7%D9%84%D9%8A%D8%A9-%D8%AA%D8%A7%D8%B1%D9%8A%D8%AE%D9%8A%D8%A9,0.0,0,3 ساعات,1,0,$10.00,يوم واحد,0,3,50.0,.Jumana A,https://khamsat.com/user/jumanrimawi,True,بائع جديد,0.0,0,100.0%,2,1,3 ساعات
أعمال,https://khamsat.com/business,استشارات الأعمال,https://khamsat.com/business/business-tips,ISO 9001 : صياغة إجراء عمل Procedure في قسم في الشركة,https://khamsat.com/business/business-tips/1528088-iso-9001-%D8%B5%D9%8A%D8%A7%D8%BA%D8%A9-%D8%A5%D8%AC%D8%B1%D8%A7%D8%A1-%D8%B9%D9%85%D9%84-procedure-%D9%81%D9%8A-%D9%82%D8%B3%D9%85-%D9%81%D9%8A-%D8%A7%D9%84%D8%B4%D8%B1%D9%83%D8%A9,5.0,8,18 دقيقة,9,0,$10.00,أسبوع,8,5,90.0,أحمد أ.,https://khamsat.com/user/eng_ahmad_aledous,True,بائع نشيط,5.0,13,61.29%,7,15,يوم
أعمال,https://khamsat.com/business,استشارات الأعمال,https://khamsat.com/business/business-tips,أكثر من 100 فكرة مشروع دخل سلبي بالصور,https://khamsat.com/business/business-tips/2796209-%D8%A3%D9%83%D8%AB%D8%B1-%D9%85%D9%86-100-%D9%81%D9%83%D8%B1%D8%A9-%D9%85%D8%B4%D8%B1%D9%88%D8%B9-%D8%AF%D8%AE%D9%84-%D8%B3%D9%84%D8%A8%D9%8A-%D8%A8%D8%A7%D9%84%D8%B5%D9%88%D8%B1,4.5,2,3 ساعات,4,0,$10.00,يوم واحد,2,0,0.0,.Ibrahim B,https://khamsat.com/user/mrbizns,True,بائع نشيط,4.5,14,92.31%,1,23,ساعتين
أعمال,https://khamsat.com/business,استشارات الأعمال,https://khamsat.com/business/business-tips,تقديم استشارات اعمال ومشاريع,https://khamsat.com/business/business-tips/2883179-%D8%AA%D9%82%D8%AF%D9%8A%D9%85-%D8%A7%D8%B3%D8%AA%D8%B4%D8%A7%D8%B1%D8%A7%D8%AA-%D8%A7%D8%B9%D9%85%D8%A7%D9%84-%D9%88%D9%85%D8%B4%D8%A7%D8%B1%D9%8A%D8%B9,1.0,1,3 ساعات,2,0,$10.00,يومين,1,3,60.0,مقداد غ.,https://khamsat.com/user/mn_3,True,بائع نشيط,4.5,24,84.48%,5,28,ساعتين
أعمال,https://khamsat.com/business,استشارات الأعمال,https://khamsat.com/business/business-tips,استشارات تكنولوجيا المستقبل وابتكار الأعمال,https://khamsat.com/business/business-tips/2710452-%D8%A7%D8%B3%D8%AA%D8%B4%D8%A7%D8%B1%D8%A7%D8%AA-%D8%AA%D9%83%D9%86%D9%88%D9%84%D9%88%D8%AC%D9%8A%D8%A7-%D8%A7%D9%84%D9%85%D8%B3%D8%AA%D9%82%D8%A8%D9%84-%D9%88%D8%A7%D8%A8%D8%AA%D9%83%D8%A7%D8%B1-%D8%A7%D9%84%D8%A3%D8%B9%D9%85%D8%A7%D9%84,5.0,1,32 دقيقة,1,0,$10.00,يوم واحد,1,0,0.0,طارق م.,https://khamsat.com/user/tariqmatar0,True,بائع نشيط,5.0,16,76.92%,10,18,7 ساعات
أعمال,https://khamsat.com/business,استشارات الأعمال,https://khamsat.com/business/business-tips,تقديم استشارة لأفضل الممارسات قبل إنشاء منظمات الأعمال,https://khamsat.com/business/business-tips/3043300-%D8%AA%D9%82%D8%AF%D9%8A%D9%85-%D8%A7%D8%B3%D8%AA%D8%B4%D8%A7%D8%B1%D8%A9-%D9%84%D8%A3%D9%81%D8%B6%D9%84-%D8%A7%D9%84%D9%85%D9%85%D8%A7%D8%B1%D8%B3%D8%A7%D8%AA-%D9%82%D8%A8%D9%84-%D8%A5%D9%86%D8%B4%D8%A7%D8%A1-%D9%85%D9%86%D8%B8%D9%85%D8%A7%D8%AA-%D8%A7%D9%84%D8%A3%D8%B9%D9%85%D8%A7%D9%84,0.0,0,لم يحسب,0,0,$10.00,يوم واحد,0,1,50.0,نبيل ا.,https://khamsat.com/user/nabilalhayat,False,بائع جديد,0.0,0,لم يحسب بعد,2,0,لم يحسب
أعمال,https://khamsat.com/business,تخطيط موارد المؤسسات ERP,https://khamsat.com/business/erp,لائحة سياسة حماية المعلومات والمتوافقة مع القانون السعودي,https://khamsat.com/business/erp/2719467-%D9%84%D8%A7%D8%A6%D8%AD%D8%A9-%D8%B3%D9%8A%D8%A7%D8%B3%D8%A9-%D8%AD%D9%85%D8%A7%D9%8A%D8%A9-%D8%A7%D9%84%D9%85%D8%B9%D9%84%D9%88%D9%85%D8%A7%D8%AA-%D9%88%D8%A7%D9%84%D9%85%D8%AA%D9%88%D8%A7%D9%81%D9%82%D8%A9-%D9%85%D8%B9-%D8%A7%D9%84%D9%82%D8%A7%D9%86%D9%88%D9%86-%D8%A7%D9%84%D8%B3%D8%B9%D9%88%D8%AF%D9%8A,5.0,1,5 دقائق,2,0,$40.00,يوم واحد,1,0,0.0,.Mayar R,https://khamsat.com/user/mayar_ranneh,True,بائع مميز,5.0,128,91.19%,25,139,19 دقيقة
أعمال,https://khamsat.com/business,تخطيط موارد المؤسسات ERP,https://khamsat.com/business/erp,تنصيب اودو على لينكس - install odoo,https://khamsat.com/business/erp/3043505-%D8%AA%D9%86%D8%B5%D9%8A%D8%A8-%D8%A7%D9%88%D8%AF%D9%88-%D8%B9%D9%84%D9%89-%D9%84%D9%8A%D9%86%D9%83%D8%B3-install-odoo,5.0,2,لم يحسب,2,0,$10.00,يوم واحد,2,0,0.0,.Ayman G,https://khamsat.com/user/aymangam,True,بائع جديد,5.0,2,100.0%,1,2,لم يحسب
أعمال,https://khamsat.com/business,تخطيط موارد المؤسسات ERP,https://khamsat.com/business/erp,تنصيب نظام اودو Odoo installation,https://khamsat.com/business/erp/2445907-%D8%AA%D9%86%D8%B5%D9%8A%D8%A8-%D9%86%D8%B8%D8%A7%D9%85-%D8%A7%D9%88%D8%AF%D9%88-odoo-installation,5.0,4,10 دقائق,10,0,$15.00,يوم واحد,4,5,195.0,.Habeballah A,https://khamsat.com/user/habeb_allah,True,بائع نشيط,5.0,4,90.48%,1,10,10 دقائق
أعمال,https://khamsat.com/business,تخطيط موارد المؤسسات ERP,https://khamsat.com/business/erp,أعمال محاسبية و إدخال قيود على برنامج قيود المحاسبي,https://khamsat.com/business/erp/1827818-%D8%A3%D8%B9%D9%85%D8%A7%D9%84-%D9%85%D8%AD%D8%A7%D8%B3%D8%A8%D9%8A%D8%A9-%D9%88-%D8%A5%D8%AF%D8%AE%D8%A7%D9%84-%D9%82%D9%8A%D9%88%D8%AF-%D8%B9%D9%84%D9%89-%D8%A8%D8%B1%D9%86%D8%A7%D9%85%D8%AC-%D9%82%D9%8A%D9%88%D8%AF-%D8%A7%D9%84%D9%85%D8%AD%D8%A7%D8%B3%D8%A8%D9%8A,5.0,28,16 دقيقة,35,0,$10.00,يومين,25,5,425.0,.Heba A,https://khamsat.com/user/heba_h,True,بائع مميز,5.0,54,92.42%,3,62,ساعة
أعمال,https://khamsat.com/business,تخطيط موارد المؤسسات ERP,https://khamsat.com/business/erp,تنصيب واعداد أودو على الخادم الشخصي (لينوكس فقط),https://khamsat.com/business/erp/1320634-%D8%AA%D9%86%D8%B5%D9%8A%D8%A8-%D9%88%D8%A7%D8%B9%D8%AF%D8%A7%D8%AF-%D8%A3%D9%88%D8%AF%D9%88-%D8%B9%D9%84%D9%89-%D8%A7%D9%84%D8%AE%D8%A7%D8%AF%D9%85-%D8%A7%D9%84%D8%B4%D8%AE%D8%B5%D9%8A-%D9%84%D9%8A%D9%86%D9%88%D9%83%D8%B3-%D9%81%D9%82%D8%B7,5.0,5,5 دقائق,6,0,$10.00,يوم واحد,5,2,50.0,محمد ه.,https://khamsat.com/user/egy_crash,True,بائع جديد,5.0,5,100.0%,1,6,5 دقائق
أعمال,https://khamsat.com/business,تخطيط موارد المؤسسات ERP,https://khamsat.com/business/erp,تثبيت وبرمجة نظام اودو Install and Customize Odoo system,https://khamsat.com/business/erp/2860113-%D8%AA%D8%AB%D8%A8%D9%8A%D8%AA-%D9%88%D8%A8%D8%B1%D9%85%D8%AC%D8%A9-%D9%86%D8%B8%D8%A7%D9%85-%D8%A7%D9%88%D8%AF%D9%88-install-and-customize-odoo-system,4.5,4,8 دقائق,4,0,$10.00,يومين,4,1,25.0,محمود ه.,https://khamsat.com/user/mahmood_haroun,True,بائع نشيط,5.0,11,100.0%,2,11,39 دقيقة
أعمال,https://khamsat.com/business,تخطيط موارد المؤسسات ERP,https://khamsat.com/business/erp,أعمال محاسبية و ادخال قيود على برنامج دفترة المحاسبي,https://khamsat.com/business/erp/1711677-%D8%A3%D8%B9%D9%85%D8%A7%D9%84-%D9%85%D8%AD%D8%A7%D8%B3%D8%A8%D9%8A%D8%A9-%D9%88-%D8%A7%D8%AF%D8%AE%D8%A7%D9%84-%D9%82%D9%8A%D9%88%D8%AF-%D8%B9%D9%84%D9%89-%D8%A8%D8%B1%D9%86%D8%A7%D9%85%D8%AC-%D8%AF%D9%81%D8%AA%D8%B1%D8%A9-%D8%A7%D9%84%D9%85%D8%AD%D8%A7%D8%B3%D8%A8%D9%8A,5.0,23,36 دقيقة,28,0,$5.00,يوم واحد,23,5,440.0,.Heba A,https://khamsat.com/user/heba_h,True,بائع مميز,5.0,54,92.42%,3,62,ساعة
أعمال,https://khamsat.com/business,تخطيط موارد المؤسسات ERP,https://khamsat.com/business/erp,تعديل برمجي لأودو برمجة الواجهه Odoo Customize,https://khamsat.com/business/erp/2568749-%D8%AA%D8%B9%D8%AF%D9%8A%D9%84-%D8%A8%D8%B1%D9%85%D8%AC%D9%8A-%D9%84%D8%A3%D9%88%D8%AF%D9%88-%D8%A8%D8%B1%D9%85%D8%AC%D8%A9-%D8%A7%D9%84%D9%88%D8%A7%D8%AC%D9%87%D9%87-odoo-customize,5.0,3,ساعة,5,0,$20.00,يومين,3,5,90.0,.Amr A,https://khamsat.com/user/amrwahba2010,True,بائع نشيط,5.0,10,92.86%,4,14,7 ساعات
أعمال,https://khamsat.com/business,تخطيط موارد المؤسسات ERP,https://khamsat.com/business/erp,تنصيب وتطوير تطبيقات أودوو | Odoo setup and Development,https://khamsat.com/business/erp/2619658-%D8%AA%D9%86%D8%B5%D9%8A%D8%A8-%D9%88%D8%AA%D8%B7%D9%88%D9%8A%D8%B1-%D8%AA%D8%B7%D8%A8%D9%8A%D9%82%D8%A7%D8%AA-%D8%A3%D9%88%D8%AF%D9%88%D9%88-odoo-setup-and-development,5.0,2,24 دقيقة,2,0,$10.00,ثلاثة أيام,2,4,180.0,أحمد ع.,https://khamsat.com/user/dev_ahmed96,True,بائع جديد,5.0,3,70.0%,5,2,يوم
أعمال,https://khamsat.com/business,تخطيط موارد المؤسسات ERP,https://khamsat.com/business/erp,تقديم ساعة تدريبية علي برنامج أودو المحاسبي Odoo Accounting,https://khamsat.com/business/erp/1758911-%D8%AA%D9%82%D8%AF%D9%8A%D9%85-%D8%B3%D8%A7%D8%B9%D8%A9-%D8%AA%D8%AF%D8%B1%D9%8A%D8%A8%D9%8A%D8%A9-%D8%B9%D9%84%D9%8A-%D8%A8%D8%B1%D9%86%D8%A7%D9%85%D8%AC-%D8%A3%D9%88%D8%AF%D9%88-%D8%A7%D9%84%D9%85%D8%AD%D8%A7%D8%B3%D8%A8%D9%8A-odoo-accounting,4.5,28,10 ساعات,53,0,$15.00,يوم واحد,25,4,360.0,اسلام ا.,https://khamsat.com/user/eslam1001a,True,بائع مميز,4.5,64,90.71%,5,104,يوم
أعمال,https://khamsat.com/business,تخطيط موارد المؤسسات ERP,https://khamsat.com/business/erp,القيام بعمل تعديل برمجي على أي مديول أودو Odoo Module,https://khamsat.com/business/erp/2292033-%D8%A7%D9%84%D9%82%D9%8A%D8%A7%D9%85-%D8%A8%D8%B9%D9%85%D9%84-%D8%AA%D8%B9%D8%AF%D9%8A%D9%84-%D8%A8%D8%B1%D9%85%D8%AC%D9%8A-%D8%B9%D9%84%D9%89-%D8%A3%D9%8A-%D9%85%D8%AF%D9%8A%D9%88%D9%84-%D8%A3%D9%88%D8%AF%D9%88-odoo-module,5.0,4,ساعة,7,0,$20.00,ثلاثة أيام,4,5,130.0,.Amr A,https://khamsat.com/user/amrwahba2010,True,بائع نشيط,5.0,10,92.86%,4,14,7 ساعات
أعمال,https://khamsat.com/business,تخطيط موارد المؤسسات ERP,https://khamsat.com/business/erp,أعمال محاسبية وأستشارية على برنامج دفترة المحاسبي السحابي,https://khamsat.com/business/erp/1905103-%D8%A3%D8%B9%D9%85%D8%A7%D9%84-%D9%85%D8%AD%D8%A7%D8%B3%D8%A8%D9%8A%D8%A9-%D9%88%D8%A3%D8%B3%D8%AA%D8%B4%D8%A7%D8%B1%D9%8A%D8%A9-%D8%B9%D9%84%D9%89-%D8%A8%D8%B1%D9%86%D8%A7%D9%85%D8%AC-%D8%AF%D9%81%D8%AA%D8%B1%D8%A9-%D8%A7%D9%84%D9%85%D8%AD%D8%A7%D8%B3%D8%A8%D9%8A-%D8%A7%D9%84%D8%B3%D8%AD%D8%A7%D8%A8%D9%8A,5.0,11,22 دقيقة,20,0,$5.00,يومين,11,5,190.0,إيهاب ع.,https://khamsat.com/user/ehabazer,True,بائع مميز,5.0,30,91.04%,5,40,20 دقيقة
أعمال,https://khamsat.com/business,تخطيط موارد المؤسسات ERP,https://khamsat.com/business/erp,المحاسبة و مسك الدفاتر على QuickBooks,https://khamsat.com/business/erp/2385628-%D8%A7%D9%84%D9%85%D8%AD%D8%A7%D8%B3%D8%A8%D8%A9-%D9%88-%D9%85%D8%B3%D9%83-%D8%A7%D9%84%D8%AF%D9%81%D8%A7%D8%AA%D8%B1-%D8%B9%D9%84%D9%89-quickbooks,5.0,1,9 أيام,1,0,$10.00,يوم واحد,1,0,0.0,محمد ا.,https://khamsat.com/user/mohammed_nab,True,بائع نشيط,5.0,5,86.67%,4,5,3 أيام
أعمال,https://khamsat.com/business,تخطيط موارد المؤسسات ERP,https://khamsat.com/business/erp,ادخال فواتير برنامج دفترة,https://khamsat.com/business/erp/1991780-%D8%A7%D8%AF%D8%AE%D8%A7%D9%84-%D9%81%D9%88%D8%A7%D8%AA%D9%8A%D8%B1-%D8%A8%D8%B1%D9%86%D8%A7%D9%85%D8%AC-%D8%AF%D9%81%D8%AA%D8%B1%D8%A9,0.0,0,3 ساعات,1,0,$5.00,يوم واحد,0,1,10.0,مروة ح.,https://khamsat.com/user/mohaseb5,True,بائع جديد,5.0,6,75.0%,4,7,ساعتين
أعمال,https://khamsat.com/business,تخطيط موارد المؤسسات ERP,https://khamsat.com/business/erp,أعمال محاسبية - إدخال فواتير( مبيعات ، مشتريات ، مصاريف),https://khamsat.com/business/erp/2311815-%D8%A3%D8%B9%D9%85%D8%A7%D9%84-%D9%85%D8%AD%D8%A7%D8%B3%D8%A8%D9%8A%D8%A9-%D8%A5%D8%AF%D8%AE%D8%A7%D9%84-%D9%81%D9%88%D8%A7%D8%AA%D9%8A%D8%B1-%D9%85%D8%A8%D9%8A%D8%B9%D8%A7%D8%AA-%D9%85%D8%B4%D8%AA%D8%B1%D9%8A%D8%A7%D8%AA-%D9%85%D8%B5%D8%A7%D8%B1%D9%8A%D9%81,5.0,4,9 دقائق,4,0,$10.00,يوم واحد,4,1,5.0,.Mahmoud S,https://khamsat.com/user/mahmoudsal,True,بائع جديد,5.0,5,90.0%,2,4,4 دقائق
أعمال,https://khamsat.com/business,تخطيط موارد المؤسسات ERP,https://khamsat.com/business/erp,تجهيز نقاط البيع اودو Odoo POS,https://khamsat.com/business/erp/2931679-%D8%AA%D8%AC%D9%87%D9%8A%D8%B2-%D9%86%D9%82%D8%A7%D8%B7-%D8%A7%D9%84%D8%A8%D9%8A%D8%B9-%D8%A7%D9%88%D8%AF%D9%88-odoo-pos,4.0,2,10 ساعات,2,0,$10.00,ثلاثة أيام,2,3,85.0,.Ahmed M,https://khamsat.com/user/ahmed_mamdouh735,True,بائع جديد,4.0,2,100.0%,5,2,10 ساعات
أعمال,https://khamsat.com/business,تخطيط موارد المؤسسات ERP,https://khamsat.com/business/erp,"تسجيل او مراجعه 5 قيود محاسبية ( مبيعات , مشتريات , - الخ )",https://khamsat.com/business/erp/1971299-%D8%AA%D8%B3%D8%AC%D9%8A%D9%84-%D8%A7%D9%88-%D9%85%D8%B1%D8%A7%D8%AC%D8%B9%D9%87-5-%D9%82%D9%8A%D9%88%D8%AF-%D9%85%D8%AD%D8%A7%D8%B3%D8%A8%D9%8A%D8%A9-%D9%85%D8%A8%D9%8A%D8%B9%D8%A7%D8%AA-%D9%85%D8%B4%D8%AA%D8%B1%D9%8A%D8%A7%D8%AA-%D8%A7%D9%84%D8%AE,5.0,5,12 دقيقة,7,0,$5.00,يوم واحد,5,5,190.0,.Mohamed K,https://khamsat.com/user/mohamedkhalifaacc,True,بائع جديد,5.0,5,77.78%,1,7,12 دقيقة
أعمال,https://khamsat.com/business,تخطيط موارد المؤسسات ERP,https://khamsat.com/business/erp,اعمل عدد 6 قيود محاسبية,https://khamsat.com/business/erp/1266036-%D8%A7%D8%B9%D9%85%D9%84-%D8%B9%D8%AF%D8%AF-6-%D9%82%D9%8A%D9%88%D8%AF-%D9%85%D8%AD%D8%A7%D8%B3%D8%A8%D9%8A%D8%A9,0.0,0,8 ساعات,2,0,$5.00,يوم واحد,0,5,370.0,علاء ع.,https://khamsat.com/user/alaayounys,True,بائع جديد,0.0,1,100.0%,2,3,ساعتين
أعمال,https://khamsat.com/business,تخطيط موارد المؤسسات ERP,https://khamsat.com/business/erp,محاسبة مالية وعمل قيود محاسبية,https://khamsat.com/business/erp/1634223-%D9%85%D8%AD%D8%A7%D8%B3%D8%A8%D8%A9-%D9%85%D8%A7%D9%84%D9%8A%D8%A9-%D9%88%D8%B9%D9%85%D9%84-%D9%82%D9%8A%D9%88%D8%AF-%D9%85%D8%AD%D8%A7%D8%B3%D8%A8%D9%8A%D8%A9,5.0,11,52 دقيقة,13,0,$5.00,ثلاثة أيام,11,4,150.0,مؤمن س.,https://khamsat.com/user/momen_salman98,True,بائع نشيط,5.0,16,66.67%,7,18,ساعة
أعمال,https://khamsat.com/business,تخطيط موارد المؤسسات ERP,https://khamsat.com/business/erp,مسك الدفاتر المحاسبية من خلال برنامج زوهو بوكس,https://khamsat.com/business/erp/1801731-%D9%85%D8%B3%D9%83-%D8%A7%D9%84%D8%AF%D9%81%D8%A7%D8%AA%D8%B1-%D8%A7%D9%84%D9%85%D8%AD%D8%A7%D8%B3%D8%A8%D9%8A%D8%A9-%D9%85%D9%86-%D8%AE%D9%84%D8%A7%D9%84-%D8%A8%D8%B1%D9%86%D8%A7%D9%85%D8%AC-%D8%B2%D9%88%D9%87%D9%88-%D8%A8%D9%88%D9%83%D8%B3,5.0,1,58 دقيقة,1,0,$5.00,يوم واحد,1,4,185.0,.Osama M,https://khamsat.com/user/osama1998mm,True,بائع جديد,5.0,7,85.71%,5,5,51 دقيقة
أعمال,https://khamsat.com/business,تخطيط موارد المؤسسات ERP,https://khamsat.com/business/erp,صلاحيات مشتريات المبيعات الفواتير Odoo Partner Restrictions,https://khamsat.com/business/erp/2572172-%D8%B5%D9%84%D8%A7%D8%AD%D9%8A%D8%A7%D8%AA-%D9%85%D8%B4%D8%AA%D8%B1%D9%8A%D8%A7%D8%AA-%D8%A7%D9%84%D9%85%D8%A8%D9%8A%D8%B9%D8%A7%D8%AA-%D8%A7%D9%84%D9%81%D9%88%D8%A7%D8%AA%D9%8A%D8%B1-odoo-partner-restrictions,5.0,2,يوم,2,0,$10.00,ثلاثة أيام,2,2,105.0,.Amr A,https://khamsat.com/user/amrwahba2010,True,بائع نشيط,5.0,10,92.86%,4,14,7 ساعات
أعمال,https://khamsat.com/business,تخطيط موارد المؤسسات ERP,https://khamsat.com/business/erp,خدمة استشارية لتطبيق نظام اودو Odoo Consultant,https://khamsat.com/business/erp/2858917-%D8%AE%D8%AF%D9%85%D8%A9-%D8%A7%D8%B3%D8%AA%D8%B4%D8%A7%D8%B1%D9%8A%D8%A9-%D9%84%D8%AA%D8%B7%D8%A8%D9%8A%D9%82-%D9%86%D8%B8%D8%A7%D9%85-%D8%A7%D9%88%D8%AF%D9%88-odoo-consultant,5.0,3,ساعة,5,1,$20.00,يوم واحد,3,0,0.0,.Rana M,https://khamsat.com/user/rana97mohamed,True,بائع نشيط,5.0,10,95.65%,3,11,55 دقيقة
أعمال,https://khamsat.com/business,تخطيط موارد المؤسسات ERP,https://khamsat.com/business/erp,خدمات محاسبية وإدارية باستخدام برنامج Quickbooks Online,https://khamsat.com/business/erp/2326397-%D8%AE%D8%AF%D9%85%D8%A7%D8%AA-%D9%85%D8%AD%D8%A7%D8%B3%D8%A8%D9%8A%D8%A9-%D9%88%D8%A5%D8%AF%D8%A7%D8%B1%D9%8A%D8%A9-%D8%A8%D8%A7%D8%B3%D8%AA%D8%AE%D8%AF%D8%A7%D9%85-%D8%A8%D8%B1%D9%86%D8%A7%D9%85%D8%AC-quickbooks-online,5.0,1,أقل من دقيقة,1,0,$10.00,يوم واحد,1,1,75.0,.Mahmoud S,https://khamsat.com/user/mahmoudsal,True,بائع جديد,5.0,5,90.0%,2,4,4 دقائق
أعمال,https://khamsat.com/business,تخطيط موارد المؤسسات ERP,https://khamsat.com/business/erp,تدريب علي برنامج Odoo& تقديم استشارات فنية,https://khamsat.com/business/erp/2175291-%D8%AA%D8%AF%D8%B1%D9%8A%D8%A8-%D8%B9%D9%84%D9%8A-%D8%A8%D8%B1%D9%86%D8%A7%D9%85%D8%AC-odoo-%D8%AA%D9%82%D8%AF%D9%8A%D9%85-%D8%A7%D8%B3%D8%AA%D8%B4%D8%A7%D8%B1%D8%A7%D8%AA-%D9%81%D9%86%D9%8A%D8%A9,0.0,0,ساعتين,0,0,$10.00,يوم واحد,0,0,0.0,.Mohamed W,https://khamsat.com/user/m_123_1,False,بائع جديد,0.0,0,لم يحسب بعد,3,0,16 ساعة
أعمال,https://khamsat.com/business,تخطيط موارد المؤسسات ERP,https://khamsat.com/business/erp,خدمة المحاسبة و مسك الدفاتر على برنامج Xero,https://khamsat.com/business/erp/2521172-%D8%AE%D8%AF%D9%85%D8%A9-%D8%A7%D9%84%D9%85%D8%AD%D8%A7%D8%B3%D8%A8%D8%A9-%D9%88-%D9%85%D8%B3%D9%83-%D8%A7%D9%84%D8%AF%D9%81%D8%A7%D8%AA%D8%B1-%D8%B9%D9%84%D9%89-%D8%A8%D8%B1%D9%86%D8%A7%D9%85%D8%AC-xero,0.0,0,لم يحسب,0,0,$10.00,يوم واحد,0,0,0.0,محمد ا.,https://khamsat.com/user/mohammed_nab,True,بائع نشيط,5.0,5,86.67%,4,5,3 أيام
أعمال,https://khamsat.com/business,تخطيط موارد المؤسسات ERP,https://khamsat.com/business/erp,اعمال حسابية و ادخال فواتير وسندات وقيود علي برنامج سماك,https://khamsat.com/business/erp/2874259-%D8%A7%D8%B9%D9%85%D8%A7%D9%84-%D8%AD%D8%B3%D8%A7%D8%A8%D9%8A%D8%A9-%D9%88-%D8%A7%D8%AF%D8%AE%D8%A7%D9%84-%D9%81%D9%88%D8%A7%D8%AA%D9%8A%D8%B1-%D9%88%D8%B3%D9%86%D8%AF%D8%A7%D8%AA-%D9%88%D9%82%D9%8A%D9%88%D8%AF-%D8%B9%D9%84%D9%8A-%D8%A8%D8%B1%D9%86%D8%A7%D9%85%D8%AC-%D8%B3%D9%85%D8%A7%D9%83,0.0,0,لم يحسب,0,0,$5.00,يوم واحد,0,3,125.0,.Mohamed R,https://khamsat.com/user/moshibshhshna2050,True,بائع جديد,0.0,0,لم يحسب بعد,2,0,لم يحسب
أعمال,https://khamsat.com/business,تخطيط موارد المؤسسات ERP,https://khamsat.com/business/erp,مسك الدفاتر وادخال القيود المحاسبية في برنامج زوهو,https://khamsat.com/business/erp/2449518-%D9%85%D8%B3%D9%83-%D8%A7%D9%84%D8%AF%D9%81%D8%A7%D8%AA%D8%B1-%D9%88%D8%A7%D8%AF%D8%AE%D8%A7%D9%84-%D8%A7%D9%84%D9%82%D9%8A%D9%88%D8%AF-%D8%A7%D9%84%D9%85%D8%AD%D8%A7%D8%B3%D8%A8%D9%8A%D8%A9-%D9%81%D9%8A-%D8%A8%D8%B1%D9%86%D8%A7%D9%85%D8%AC-%D8%B2%D9%88%D9%87%D9%88,0.0,0,لم يحسب,0,0,$5.00,يومين,0,4,120.0,.Hassan Z,https://khamsat.com/user/abusaif007,True,مشتري مميز,0.0,0,لم يحسب بعد,1,0,لم يحسب
أعمال,https://khamsat.com/business,تخطيط موارد المؤسسات ERP,https://khamsat.com/business/erp,اعمال حسابية و ادخال فواتير وسندات وقيود علي برنامج قيود,https://khamsat.com/business/erp/2875621-%D8%A7%D8%B9%D9%85%D8%A7%D9%84-%D8%AD%D8%B3%D8%A7%D8%A8%D9%8A%D8%A9-%D9%88-%D8%A7%D8%AF%D8%AE%D8%A7%D9%84-%D9%81%D9%88%D8%A7%D8%AA%D9%8A%D8%B1-%D9%88%D8%B3%D9%86%D8%AF%D8%A7%D8%AA-%D9%88%D9%82%D9%8A%D9%88%D8%AF-%D8%B9%D9%84%D9%8A-%D8%A8%D8%B1%D9%86%D8%A7%D9%85%D8%AC-%D9%82%D9%8A%D9%88%D8%AF,0.0,0,لم يحسب,0,0,$5.00,يوم واحد,0,4,140.0,.Mohamed R,https://khamsat.com/user/moshibshhshna2050,True,بائع جديد,0.0,0,لم يحسب بعد,2,0,لم يحسب
أعمال,https://khamsat.com/business,تخطيط موارد المؤسسات ERP,https://khamsat.com/business/erp,أعمال محاسبية و ادخال قيود على برنامج دفترة المحاسبي,https://khamsat.com/business/erp/2175219-%D8%A3%D8%B9%D9%85%D8%A7%D9%84-%D9%85%D8%AD%D8%A7%D8%B3%D8%A8%D9%8A%D8%A9-%D9%88-%D8%A7%D8%AF%D8%AE%D8%A7%D9%84-%D9%82%D9%8A%D9%88%D8%AF-%D8%B9%D9%84%D9%89-%D8%A8%D8%B1%D9%86%D8%A7%D9%85%D8%AC-%D8%AF%D9%81%D8%AA%D8%B1%D8%A9-%D8%A7%D9%84%D9%85%D8%AD%D8%A7%D8%B3%D8%A8%D9%8A,0.0,0,17 دقيقة,0,0,$10.00,يوم واحد,0,2,120.0,.Mohamed W,https://khamsat.com/user/m_123_1,False,بائع جديد,0.0,0,لم يحسب بعد,3,0,16 ساعة
أعمال,https://khamsat.com/business,تخطيط موارد المؤسسات ERP,https://khamsat.com/business/erp,تنصيب وتطوير نظام Odoo ERP System لنجاح أعمالك,https://khamsat.com/business/erp/2696392-%D8%AA%D9%86%D8%B5%D9%8A%D8%A8-%D9%88%D8%AA%D8%B7%D9%88%D9%8A%D8%B1-%D9%86%D8%B8%D8%A7%D9%85-odoo-erp-system-%D9%84%D9%86%D8%AC%D8%A7%D8%AD-%D8%A3%D8%B9%D9%85%D8%A7%D9%84%D9%83,0.0,0,لم يحسب,0,0,$5.00,يوم واحد,0,1,5.0,نسرين ا.,https://khamsat.com/user/%D9%86%D8%B3%D8%B1%D9%8A%D9%86-%D8%A7%D9%84%D9%86%D8%AC%D8%A7%D8%B1,True,مشتري جديد,0.0,0,لم يحسب بعد,2,0,لم يحسب
أعمال,https://khamsat.com/business,إدارة المشاريع,https://khamsat.com/business/project-management,إعداد العروض الفنية للمشاريع الهندسية الانشائية,https://khamsat.com/business/project-management/2543249-%D8%A5%D8%B9%D8%AF%D8%A7%D8%AF-%D8%A7%D9%84%D8%B9%D8%B1%D9%88%D8%B6-%D8%A7%D9%84%D9%81%D9%86%D9%8A%D8%A9-%D9%84%D9%84%D9%85%D8%B4%D8%A7%D8%B1%D9%8A%D8%B9-%D8%A7%D9%84%D9%87%D9%86%D8%AF%D8%B3%D9%8A%D8%A9-%D8%A7%D9%84%D8%A7%D9%86%D8%B4%D8%A7%D8%A6%D9%8A%D8%A9,4.5,3,19 ساعة,6,0,$25.00,يومين,3,1,75.0,.Elsayed E,https://khamsat.com/user/elsayed_elgendy,True,بائع مميز,5.0,64,89.16%,15,75,ساعتين
أعمال,https://khamsat.com/business,إدارة المشاريع,https://khamsat.com/business/project-management,تأسيس مكتب إدارة المشاريع Project Management Office (PMO),https://khamsat.com/business/project-management/2882405-%D8%AA%D8%A3%D8%B3%D9%8A%D8%B3-%D9%85%D9%83%D8%AA%D8%A8-%D8%A5%D8%AF%D8%A7%D8%B1%D8%A9-%D8%A7%D9%84%D9%85%D8%B4%D8%A7%D8%B1%D9%8A%D8%B9-project-management-office-pmo,5.0,2,13 ساعة,2,0,$50.00,يوم واحد,2,1,200.0,.Elsayed E,https://khamsat.com/user/elsayed_elgendy,True,بائع مميز,5.0,64,89.16%,15,75,ساعتين
أعمال,https://khamsat.com/business,إدارة المشاريع,https://khamsat.com/business/project-management,تصميم ومتابعة جدول زمنى للمشروع بإستخدام بريمافيرا Primavera,https://khamsat.com/business/project-management/2317591-%D8%AA%D8%B5%D9%85%D9%8A%D9%85-%D9%88%D9%85%D8%AA%D8%A7%D8%A8%D8%B9%D8%A9-%D8%AC%D8%AF%D9%88%D9%84-%D8%B2%D9%85%D9%86%D9%89-%D9%84%D9%84%D9%85%D8%B4%D8%B1%D9%88%D8%B9-%D8%A8%D8%A5%D8%B3%D8%AA%D8%AE%D8%AF%D8%A7%D9%85-%D8%A8%D8%B1%D9%8A%D9%85%D8%A7%D9%81%D9%8A%D8%B1%D8%A7-primavera,5.0,6,3 ساعات,8,0,$5.00,يوم واحد,6,5,40.0,.Ahmed S,https://khamsat.com/user/ahmedsami8281,True,بائع نشيط,5.0,7,92.5%,3,8,3 ساعات
أعمال,https://khamsat.com/business,إدارة المشاريع,https://khamsat.com/business/project-management,تقديم الخدمات الاستشارية في مجال إدارة المشروعات,https://khamsat.com/business/project-management/1878404-%D8%AA%D9%82%D8%AF%D9%8A%D9%85-%D8%A7%D9%84%D8%AE%D8%AF%D9%85%D8%A7%D8%AA-%D8%A7%D9%84%D8%A7%D8%B3%D8%AA%D8%B4%D8%A7%D8%B1%D9%8A%D8%A9-%D9%81%D9%8A-%D9%85%D8%AC%D8%A7%D9%84-%D8%A5%D8%AF%D8%A7%D8%B1%D8%A9-%D8%A7%D9%84%D9%85%D8%B4%D8%B1%D9%88%D8%B9%D8%A7%D8%AA,5.0,5,42 دقيقة,6,0,$5.00,أسبوع,5,5,445.0,أحمد ج.,https://khamsat.com/user/engahmedgamal,True,بائع مميز,5.0,34,90.63%,8,37,3 ساعات
أعمال,https://khamsat.com/business,إدارة المشاريع,https://khamsat.com/business/project-management,تصميم ومتابعة جدول زمنى للمشروع بإستخدام بريمافيرا Primavera,https://khamsat.com/business/project-management/1452497-%D8%AA%D8%B5%D9%85%D9%8A%D9%85-%D9%88%D9%85%D8%AA%D8%A7%D8%A8%D8%B9%D8%A9-%D8%AC%D8%AF%D9%88%D9%84-%D8%B2%D9%85%D9%86%D9%89-%D9%84%D9%84%D9%85%D8%B4%D8%B1%D9%88%D8%B9-%D8%A8%D8%A5%D8%B3%D8%AA%D8%AE%D8%AF%D8%A7%D9%85-%D8%A8%D8%B1%D9%8A%D9%85%D8%A7%D9%81%D9%8A%D8%B1%D8%A7-primavera,5.0,17,8 ساعات,30,0,$5.00,يومين,17,4,45.0,.Ahmed G,https://khamsat.com/user/a.a.genidy,True,بائع مميز,5.0,52,93.47%,3,79,4 ساعات
أعمال,https://khamsat.com/business,إدارة المشاريع,https://khamsat.com/business/project-management,برامج وجداول زمنية للمشاريع الانشائية مع جدول التدفق النقدي,https://khamsat.com/business/project-management/2222278-%D8%A8%D8%B1%D8%A7%D9%85%D8%AC-%D9%88%D8%AC%D8%AF%D8%A7%D9%88%D9%84-%D8%B2%D9%85%D9%86%D9%8A%D8%A9-%D9%84%D9%84%D9%85%D8%B4%D8%A7%D8%B1%D9%8A%D8%B9-%D8%A7%D9%84%D8%A7%D9%86%D8%B4%D8%A7%D8%A6%D9%8A%D8%A9-%D9%85%D8%B9-%D8%AC%D8%AF%D9%88%D9%84-%D8%A7%D9%84%D8%AA%D8%AF%D9%81%D9%82-%D8%A7%D9%84%D9%86%D9%82%D8%AF%D9%8A,5.0,5,4 ساعات,9,0,$5.00,يوم واحد,5,4,225.0,.Ahmed E,https://khamsat.com/user/ahmed_elnebishi,True,بائع نشيط,5.0,10,95.24%,5,10,4 ساعات
أعمال,https://khamsat.com/business,إدارة المشاريع,https://khamsat.com/business/project-management,اعداد الجدول الزمنى الخاص بمشروعك,https://khamsat.com/business/project-management/2685104-%D8%A7%D8%B9%D8%AF%D8%A7%D8%AF-%D8%A7%D9%84%D8%AC%D8%AF%D9%88%D9%84-%D8%A7%D9%84%D8%B2%D9%85%D9%86%D9%89-%D8%A7%D9%84%D8%AE%D8%A7%D8%B5-%D8%A8%D9%85%D8%B4%D8%B1%D9%88%D8%B9%D9%83,0.0,0,دقيقتين,2,0,$5.00,ثلاثة أيام,0,4,370.0,.Amr E,https://khamsat.com/user/%D8%B9%D9%85%D8%B1%D9%88-%D8%A7%D9%84%D8%B3%D9%88%D9%8A%D8%B1%D9%83%D9%8A,True,بائع مميز,4.5,51,90.37%,11,64,ساعتين
أعمال,https://khamsat.com/business,إدارة المشاريع,https://khamsat.com/business/project-management,تقديم خدمات الاستشارات في مجال إدارة المشاريع كـPMP,https://khamsat.com/business/project-management/2908552-%D8%AA%D9%82%D8%AF%D9%8A%D9%85-%D8%AE%D8%AF%D9%85%D8%A7%D8%AA-%D8%A7%D9%84%D8%A7%D8%B3%D8%AA%D8%B4%D8%A7%D8%B1%D8%A7%D8%AA-%D9%81%D9%8A-%D9%85%D8%AC%D8%A7%D9%84-%D8%A5%D8%AF%D8%A7%D8%B1%D8%A9-%D8%A7%D9%84%D9%85%D8%B4%D8%A7%D8%B1%D9%8A%D8%B9-%D9%83%D9%80pmp,5.0,1,ساعتين,1,0,$10.00,أسبوع,1,4,40.0,أحمد أ.,https://khamsat.com/user/eng_ahmad_aledous,True,بائع نشيط,5.0,13,61.29%,7,15,يوم
أعمال,https://khamsat.com/business,إدارة المشاريع,https://khamsat.com/business/project-management,افكار مشاريع بدون راس مال,https://khamsat.com/business/project-management/1695447-%D8%A7%D9%81%D9%83%D8%A7%D8%B1-%D9%85%D8%B4%D8%A7%D8%B1%D9%8A%D8%B9-%D8%A8%D8%AF%D9%88%D9%86-%D8%B1%D8%A7%D8%B3-%D9%85%D8%A7%D9%84,5.0,3,4 أيام,5,0,$20.00,يوم واحد,3,2,30.0,.Amr M,https://khamsat.com/user/amr-mohammed1999,True,بائع نشيط,5.0,18,100.0%,2,16,15 ساعة
أعمال,https://khamsat.com/business,إدارة المشاريع,https://khamsat.com/business/project-management,أفكار منوعة للمشاريع التجارية,https://khamsat.com/business/project-management/2919053-%D8%A3%D9%81%D9%83%D8%A7%D8%B1-%D9%85%D9%86%D9%88%D8%B9%D8%A9-%D9%84%D9%84%D9%85%D8%B4%D8%A7%D8%B1%D9%8A%D8%B9-%D8%A7%D9%84%D8%AA%D8%AC%D8%A7%D8%B1%D9%8A%D8%A9,0.0,0,لم يحسب,1,0,$5.00,يوم واحد,0,0,0.0,.Hosam A,https://khamsat.com/user/hosam15,True,مشتري مميز,4.5,32,98.65%,6,68,11 ساعة
أعمال,https://khamsat.com/business,إدارة المشاريع,https://khamsat.com/business/project-management,عمل التحليل الرباعي SWOT Analysis للتخطيط الاستراتيجي,https://khamsat.com/business/project-management/1519509-%D8%B9%D9%85%D9%84-%D8%A7%D9%84%D8%AA%D8%AD%D9%84%D9%8A%D9%84-%D8%A7%D9%84%D8%B1%D8%A8%D8%A7%D8%B9%D9%8A-swot-analysis-%D9%84%D9%84%D8%AA%D8%AE%D8%B7%D9%8A%D8%B7-%D8%A7%D9%84%D8%A7%D8%B3%D8%AA%D8%B1%D8%A7%D8%AA%D9%8A%D8%AC%D9%8A,4.5,2,29 دقيقة,4,0,$5.00,يومين,2,3,85.0,حسين ع.,https://khamsat.com/user/husseina,True,بائع نشيط,4.5,16,89.66%,4,22,4 ساعات
أعمال,https://khamsat.com/business,إدارة المشاريع,https://khamsat.com/business/project-management,باور بي آي- تحيلات بيانية دقيقة وتقارير ديناميكية شاملة,https://khamsat.com/business/project-management/2502952-%D8%A8%D8%A7%D9%88%D8%B1-%D8%A8%D9%8A-%D8%A2%D9%8A-%D8%AA%D8%AD%D9%8A%D9%84%D8%A7%D8%AA-%D8%A8%D9%8A%D8%A7%D9%86%D9%8A%D8%A9-%D8%AF%D9%82%D9%8A%D9%82%D8%A9-%D9%88%D8%AA%D9%82%D8%A7%D8%B1%D9%8A%D8%B1-%D8%AF%D9%8A%D9%86%D8%A7%D9%85%D9%8A%D9%83%D9%8A%D8%A9-%D8%B4%D8%A7%D9%85%D9%84%D8%A9,5.0,1,39 دقيقة,1,0,$5.00,يومين,1,0,0.0,.Mahmoud A,https://khamsat.com/user/mahmoud0ali,True,بائع جديد,5.0,1,100.0%,3,1,ساعة
أعمال,https://khamsat.com/business,إدارة المشاريع,https://khamsat.com/business/project-management,تصميم جدول زمنى بإستخدام بريمافيرا Primavera,https://khamsat.com/business/project-management/2561558-%D8%AA%D8%B5%D9%85%D9%8A%D9%85-%D8%AC%D8%AF%D9%88%D9%84-%D8%B2%D9%85%D9%86%D9%89-%D8%A8%D8%A5%D8%B3%D8%AA%D8%AE%D8%AF%D8%A7%D9%85-%D8%A8%D8%B1%D9%8A%D9%85%D8%A7%D9%81%D9%8A%D8%B1%D8%A7-primavera,5.0,3,22 دقيقة,4,0,$10.00,يوم واحد,3,5,135.0,.Ahmed O,https://khamsat.com/user/ahmedosamasaleh,True,بائع جديد,5.0,3,85.71%,2,4,22 دقيقة
أعمال,https://khamsat.com/business,إدارة المشاريع,https://khamsat.com/business/project-management,اتفاقية خدمات على ملف ورد مساعده لسكان البنايات,https://khamsat.com/business/project-management/3006410-%D8%A7%D8%AA%D9%81%D8%A7%D9%82%D9%8A%D8%A9-%D8%AE%D8%AF%D9%85%D8%A7%D8%AA-%D8%B9%D9%84%D9%89-%D9%85%D9%84%D9%81-%D9%88%D8%B1%D8%AF-%D9%85%D8%B3%D8%A7%D8%B9%D8%AF%D9%87-%D9%84%D8%B3%D9%83%D8%A7%D9%86-%D8%A7%D9%84%D8%A8%D9%86%D8%A7%D9%8A%D8%A7%D8%AA,0.0,0,لم يحسب,0,0,$5.00,يوم واحد,0,1,5.0,محمود ع.,https://khamsat.com/user/myabdullatif,True,بائع جديد,0.0,0,لم يحسب بعد,1,0,لم يحسب
أعمال,https://khamsat.com/business,إدارة المشاريع,https://khamsat.com/business/project-management,تخطيط ومتابعة لمشروعك باستخدام (البريمافيرا - الإكسل),https://khamsat.com/business/project-management/3030911-%D8%AA%D8%AE%D8%B7%D9%8A%D8%B7-%D9%88%D9%85%D8%AA%D8%A7%D8%A8%D8%B9%D8%A9-%D9%84%D9%85%D8%B4%D8%B1%D9%88%D8%B9%D9%83-%D8%A8%D8%A7%D8%B3%D8%AA%D8%AE%D8%AF%D8%A7%D9%85-%D8%A7%D9%84%D8%A8%D8%B1%D9%8A%D9%85%D8%A7%D9%81%D9%8A%D8%B1%D8%A7-%D8%A7%D9%84%D8%A5%D9%83%D8%B3%D9%84,0.0,0,لم يحسب,0,0,$5.00,يوم واحد,0,4,25.0,.Muhammed T,https://khamsat.com/user/tawfiq206,True,بائع جديد,0.0,0,لم يحسب بعد,1,0,لم يحسب
أعمال,https://khamsat.com/business,إدارة المشاريع,https://khamsat.com/business/project-management,تصميم خطة شهرية ممتازة ورائعة ومربحة,https://khamsat.com/business/project-management/3007988-%D8%AA%D8%B5%D9%85%D9%8A%D9%85-%D8%AE%D8%B7%D8%A9-%D8%B4%D9%87%D8%B1%D9%8A%D8%A9-%D9%85%D9%85%D8%AA%D8%A7%D8%B2%D8%A9-%D9%88%D8%B1%D8%A7%D8%A6%D8%B9%D8%A9-%D9%88%D9%85%D8%B1%D8%A8%D8%AD%D8%A9,0.0,0,لم يحسب,0,0,$10.00,يومين,0,0,0.0,المعتصم بالله ا.,https://khamsat.com/user/almatsem,False,بائع جديد,0.0,0,لم يحسب بعد,2,0,لم يحسب
أعمال,https://khamsat.com/business,إدارة المشاريع,https://khamsat.com/business/project-management,برامج زمنية عن طريق برنامج البريمافيرا,https://khamsat.com/business/project-management/2940826-%D8%A8%D8%B1%D8%A7%D9%85%D8%AC-%D8%B2%D9%85%D9%86%D9%8A%D8%A9-%D8%B9%D9%86-%D8%B7%D8%B1%D9%8A%D9%82-%D8%A8%D8%B1%D9%86%D8%A7%D9%85%D8%AC-%D8%A7%D9%84%D8%A8%D8%B1%D9%8A%D9%85%D8%A7%D9%81%D9%8A%D8%B1%D8%A7,0.0,0,لم يحسب,0,0,$5.00,يوم واحد,0,0,0.0,.Mahmoud S,https://khamsat.com/user/salama6795,True,بائع جديد,0.0,0,لم يحسب بعد,3,0,لم يحسب
أعمال,https://khamsat.com/business,إدارة المشاريع,https://khamsat.com/business/project-management,"اعداد وتصميم اي مختبر شبكات بواسطه Cisco packet tracer ,Gn",https://khamsat.com/business/project-management/2974830-%D8%A7%D8%B9%D8%AF%D8%A7%D8%AF-%D9%88%D8%AA%D8%B5%D9%85%D9%8A%D9%85-%D8%A7%D9%8A-%D9%85%D8%AE%D8%AA%D8%A8%D8%B1-%D8%B4%D8%A8%D9%83%D8%A7%D8%AA-%D8%A8%D9%88%D8%A7%D8%B3%D8%B7%D9%87-cisco-packet-tracer-gn,0.0,0,لم يحسب,0,0,$5.00,يوم واحد,0,2,25.0,.Mariam S,https://khamsat.com/user/mariamelkhateeb,True,بائع جديد,5.0,3,100.0%,2,3,5 دقائق
أعمال,https://khamsat.com/business,إدارة المشاريع,https://khamsat.com/business/project-management,إدارة فرق العمل عن بُعد باستخدام أدوات رقمية فعالة,https://khamsat.com/business/project-management/2990140-%D8%A5%D8%AF%D8%A7%D8%B1%D8%A9-%D9%81%D8%B1%D9%82-%D8%A7%D9%84%D8%B9%D9%85%D9%84-%D8%B9%D9%86-%D8%A8%D8%B9%D8%AF-%D8%A8%D8%A7%D8%B3%D8%AA%D8%AE%D8%AF%D8%A7%D9%85-%D8%A3%D8%AF%D9%88%D8%A7%D8%AA-%D8%B1%D9%82%D9%85%D9%8A%D8%A9-%D9%81%D8%B9%D8%A7%D9%84%D8%A9,0.0,0,لم يحسب,0,0,$10.00,ثلاثة أيام,0,3,145.0,أسامة ا.,https://khamsat.com/user/osama_alayshy,True,بائع جديد,0.0,0,لم يحسب بعد,5,0,لم يحسب
أعمال,https://khamsat.com/business,إدارة المشاريع,https://khamsat.com/business/project-management,حلول إدارة المشاريع باستخدام برنامج بريمافيرا,https://khamsat.com/business/project-management/2506740-%D8%AD%D9%84%D9%88%D9%84-%D8%A5%D8%AF%D8%A7%D8%B1%D8%A9-%D8%A7%D9%84%D9%85%D8%B4%D8%A7%D8%B1%D9%8A%D8%B9-%D8%A8%D8%A7%D8%B3%D8%AA%D8%AE%D8%AF%D8%A7%D9%85-%D8%A8%D8%B1%D9%86%D8%A7%D9%85%D8%AC-%D8%A8%D8%B1%D9%8A%D9%85%D8%A7%D9%81%D9%8A%D8%B1%D8%A7,0.0,0,ساعتين,0,0,$5.00,يومين,0,0,0.0,.Mahmoud A,https://khamsat.com/user/mahmoud0ali,True,بائع جديد,5.0,1,100.0%,3,1,ساعة
أعمال,https://khamsat.com/business,إدارة المشاريع,https://khamsat.com/business/project-management,حل مشاكل المخزون وحساب تكلفة المخزون بكل دقة للقوائم الماليه,https://khamsat.com/business/project-management/2951602-%D8%AD%D9%84-%D9%85%D8%B4%D8%A7%D9%83%D9%84-%D8%A7%D9%84%D9%85%D8%AE%D8%B2%D9%88%D9%86-%D9%88%D8%AD%D8%B3%D8%A7%D8%A8-%D8%AA%D9%83%D9%84%D9%81%D8%A9-%D8%A7%D9%84%D9%85%D8%AE%D8%B2%D9%88%D9%86-%D8%A8%D9%83%D9%84-%D8%AF%D9%82%D8%A9-%D9%84%D9%84%D9%82%D9%88%D8%A7%D8%A6%D9%85-%D8%A7%D9%84%D9%85%D8%A7%D9%84%D9%8A%D9%87,0.0,0,لم يحسب,0,0,$10.00,أسبوع,0,0,0.0,.Ahmed S,https://khamsat.com/user/ahmed_gamal_soliman,True,بائع جديد,0.0,0,0.0%,3,0,17 ساعة
أعمال,https://khamsat.com/business,إدارة المشاريع,https://khamsat.com/business/project-management,أدارة التكاليف في المطاعم,https://khamsat.com/business/project-management/2902560-%D8%A3%D8%AF%D8%A7%D8%B1%D8%A9-%D8%A7%D9%84%D8%AA%D9%83%D8%A7%D9%84%D9%8A%D9%81-%D9%81%D9%8A-%D8%A7%D9%84%D9%85%D8%B7%D8%A7%D8%B9%D9%85,5.0,1,لم يحسب,1,0,$10.00,ثلاثة أيام,1,0,0.0,.Ahmed A,https://khamsat.com/user/trainer_ahmed_adel,True,بائع جديد,5.0,5,100.0%,3,5,16 ساعة
أعمال,https://khamsat.com/business,إدارة المشاريع,https://khamsat.com/business/project-management,مساعدة أفتراضية Virtual Assistant,https://khamsat.com/business/project-management/2329342-%D9%85%D8%B3%D8%A7%D8%B9%D8%AF%D8%A9-%D8%A3%D9%81%D8%AA%D8%B1%D8%A7%D8%B6%D9%8A%D8%A9-virtual-assistant,5.0,2,يومين,2,0,$5.00,ثلاثة أيام,2,1,25.0,.Basma R,https://khamsat.com/user/basma_rashad,True,بائع جديد,5.0,2,42.86%,2,2,يوم
أعمال,https://khamsat.com/business,إدارة المشاريع,https://khamsat.com/business/project-management,إدارة وتخطيط المشاريع باستخدام MS Project باحترافية,https://khamsat.com/business/project-management/3027961-%D8%A5%D8%AF%D8%A7%D8%B1%D8%A9-%D9%88%D8%AA%D8%AE%D8%B7%D9%8A%D8%B7-%D8%A7%D9%84%D9%85%D8%B4%D8%A7%D8%B1%D9%8A%D8%B9-%D8%A8%D8%A7%D8%B3%D8%AA%D8%AE%D8%AF%D8%A7%D9%85-ms-project-%D8%A8%D8%A7%D8%AD%D8%AA%D8%B1%D8%A7%D9%81%D9%8A%D8%A9,0.0,0,لم يحسب,0,0,$10.00,يوم واحد,0,0,0.0,مريم ك.,https://khamsat.com/user/maryam_kurdi,True,بائع جديد,0.0,0,لم يحسب بعد,3,0,لم يحسب
أعمال,https://khamsat.com/business,إدارة المشاريع,https://khamsat.com/business/project-management,خدمة تخطيط وجدولة المشاريع باستخدام P6 و MS Project,https://khamsat.com/business/project-management/2978265-%D8%AE%D8%AF%D9%85%D8%A9-%D8%AA%D8%AE%D8%B7%D9%8A%D8%B7-%D9%88%D8%AC%D8%AF%D9%88%D9%84%D8%A9-%D8%A7%D9%84%D9%85%D8%B4%D8%A7%D8%B1%D9%8A%D8%B9-%D8%A8%D8%A7%D8%B3%D8%AA%D8%AE%D8%AF%D8%A7%D9%85-p6-%D9%88-ms-project,0.0,0,لم يحسب,0,0,$5.00,يوم واحد,0,3,45.0,محمد ه.,https://khamsat.com/user/%D9%85%D8%AD%D9%85%D8%AF-%D8%A7%D9%84%D8%B3%D9%8A%D8%AF-%D9%87%D9%84%D8%A7%D9%84,True,بائع جديد,0.0,0,لم يحسب بعد,1,0,35 دقيقة
أعمال,https://khamsat.com/business,إدارة المشاريع,https://khamsat.com/business/project-management,برنامج بسيط في اكسل لتتبع إيجار الشقق,https://khamsat.com/business/project-management/2571182-%D8%A8%D8%B1%D9%86%D8%A7%D9%85%D8%AC-%D8%A8%D8%B3%D9%8A%D8%B7-%D9%81%D9%8A-%D8%A7%D9%83%D8%B3%D9%84-%D9%84%D8%AA%D8%AA%D8%A8%D8%B9-%D8%A5%D9%8A%D8%AC%D8%A7%D8%B1-%D8%A7%D9%84%D8%B4%D9%82%D9%82,0.0,0,لم يحسب,0,0,$5.00,يومين,0,0,0.0,.Mohamed S,https://khamsat.com/user/jabri2022,True,مشتري جديد,0.0,0,لم يحسب بعد,3,0,لم يحسب
أعمال,https://khamsat.com/business,إدارة المشاريع,https://khamsat.com/business/project-management,خطة مٌقترحة لإدارة المخاطر لمصنع|شركة,https://khamsat.com/business/project-management/2676042-%D8%AE%D8%B7%D8%A9-%D9%85%D9%82%D8%AA%D8%B1%D8%AD%D8%A9-%D9%84%D8%A5%D8%AF%D8%A7%D8%B1%D8%A9-%D8%A7%D9%84%D9%85%D8%AE%D8%A7%D8%B7%D8%B1-%D9%84%D9%85%D8%B5%D9%86%D8%B9%D8%B4%D8%B1%D9%83%D8%A9,0.0,0,لم يحسب,0,0,$10.00,ثلاثة أيام,0,0,0.0,.Mohamed Z,https://khamsat.com/user/m_zidan2020,True,بائع جديد,0.0,0,100.0%,5,1,لم يحسب
أعمال,https://khamsat.com/business,إدارة المشاريع,https://khamsat.com/business/project-management,إدارة و متابعة المواقع الاخبارية,https://khamsat.com/business/project-management/2967632-%D8%A5%D8%AF%D8%A7%D8%B1%D8%A9-%D9%88-%D9%85%D8%AA%D8%A7%D8%A8%D8%B9%D8%A9-%D8%A7%D9%84%D9%85%D9%88%D8%A7%D9%82%D8%B9-%D8%A7%D9%84%D8%A7%D8%AE%D8%A8%D8%A7%D8%B1%D9%8A%D8%A9,0.0,0,لم يحسب,0,0,$5.00,يوم واحد,0,4,35.0,.Soad A,https://khamsat.com/user/hajarazab,True,بائع جديد,0.0,0,لم يحسب بعد,1,0,لم يحسب
أعمال,https://khamsat.com/business,إدارة المشاريع,https://khamsat.com/business/project-management,اعداد جدول زمني باستخدام برنامج بريمافيرا,https://khamsat.com/business/project-management/2981388-%D8%A7%D8%B9%D8%AF%D8%A7%D8%AF-%D8%AC%D8%AF%D9%88%D9%84-%D8%B2%D9%85%D9%86%D9%8A-%D8%A8%D8%A7%D8%B3%D8%AA%D8%AE%D8%AF%D8%A7%D9%85-%D8%A8%D8%B1%D9%86%D8%A7%D9%85%D8%AC-%D8%A8%D8%B1%D9%8A%D9%85%D8%A7%D9%81%D9%8A%D8%B1%D8%A7,0.0,0,لم يحسب,0,0,$5.00,يوم واحد,0,1,5.0,احمد ا.,https://khamsat.com/user/ahmedmohamedanwar,True,بائع جديد,0.0,0,لم يحسب بعد,2,0,لم يحسب
أعمال,https://khamsat.com/business,إدارة المشاريع,https://khamsat.com/business/project-management,تقديم خدمة استشارية في ادارة اعمال الصيانة لقطاعات مختلفة,https://khamsat.com/business/project-management/2919441-%D8%AA%D9%82%D8%AF%D9%8A%D9%85-%D8%AE%D8%AF%D9%85%D8%A9-%D8%A7%D8%B3%D8%AA%D8%B4%D8%A7%D8%B1%D9%8A%D8%A9-%D9%81%D9%8A-%D8%A7%D8%AF%D8%A7%D8%B1%D8%A9-%D8%A7%D8%B9%D9%85%D8%A7%D9%84-%D8%A7%D9%84%D8%B5%D9%8A%D8%A7%D9%86%D8%A9-%D9%84%D9%82%D8%B7%D8%A7%D8%B9%D8%A7%D8%AA-%D9%85%D8%AE%D8%AA%D9%84%D9%81%D8%A9,0.0,0,لم يحسب,0,0,$5.00,يوم واحد,0,0,0.0,أشرف س.,https://khamsat.com/user/automation_eng,False,بائع جديد,0.0,0,لم يحسب بعد,1,0,9 أيام
أعمال,https://khamsat.com/business,إدارة الموارد البشرية,https://khamsat.com/business/human-resources,تحليل أقسام الشركات وتصميم هياكل تنظيمية بشكل أكاديمية مميز,https://khamsat.com/business/human-resources/2919529-%D8%AA%D8%AD%D9%84%D9%8A%D9%84-%D8%A3%D9%82%D8%B3%D8%A7%D9%85-%D8%A7%D9%84%D8%B4%D8%B1%D9%83%D8%A7%D8%AA-%D9%88%D8%AA%D8%B5%D9%85%D9%8A%D9%85-%D9%87%D9%8A%D8%A7%D9%83%D9%84-%D8%AA%D9%86%D8%B8%D9%8A%D9%85%D9%8A%D8%A9-%D8%A8%D8%B4%D9%83%D9%84-%D8%A3%D9%83%D8%A7%D8%AF%D9%8A%D9%85%D9%8A%D8%A9-%D9%85%D9%85%D9%8A%D8%B2,4.5,4,3 دقائق,4,0,$5.00,يومين,4,5,375.0,.Omran J,https://khamsat.com/user/omran9393,True,بائع مميز,5.0,27,100.0%,10,31,ساعتين
أعمال,https://khamsat.com/business,إدارة الموارد البشرية,https://khamsat.com/business/human-resources,تقييم الاداء لجميع موظفي الشركات,https://khamsat.com/business/human-resources/2873758-%D8%AA%D9%82%D9%8A%D9%8A%D9%85-%D8%A7%D9%84%D8%A7%D8%AF%D8%A7%D8%A1-%D9%84%D8%AC%D9%85%D9%8A%D8%B9-%D9%85%D9%88%D8%B8%D9%81%D9%8A-%D8%A7%D9%84%D8%B4%D8%B1%D9%83%D8%A7%D8%AA,5.0,2,43 دقيقة,3,0,$35.00,يوم واحد,2,2,15.0,.Ahmed A,https://khamsat.com/user/ahmed_sharaf2,True,بائع مميز,4.5,51,94.03%,14,55,9 ساعات
أعمال,https://khamsat.com/business,إدارة الموارد البشرية,https://khamsat.com/business/human-resources,مؤشرات قياس وتقييم أداء الموظفين الرئيسية - KPIs,https://khamsat.com/business/human-resources/2895946-%D9%85%D8%A4%D8%B4%D8%B1%D8%A7%D8%AA-%D9%82%D9%8A%D8%A7%D8%B3-%D9%88%D8%AA%D9%82%D9%8A%D9%8A%D9%85-%D8%A3%D8%AF%D8%A7%D8%A1-%D8%A7%D9%84%D9%85%D9%88%D8%B8%D9%81%D9%8A%D9%86-%D8%A7%D9%84%D8%B1%D8%A6%D9%8A%D8%B3%D9%8A%D8%A9-kpis,5.0,4,دقيقة,6,0,$25.00,ثلاثة أيام,4,5,255.0,محمد م.,https://khamsat.com/user/muhammad_strategis,True,بائع نشيط,5.0,10,93.33%,6,13,8 دقائق
أعمال,https://khamsat.com/business,إدارة الموارد البشرية,https://khamsat.com/business/human-resources,تصميم بطاقة الوصف الوظيفي job description للشركات,https://khamsat.com/business/human-resources/2930999-%D8%AA%D8%B5%D9%85%D9%8A%D9%85-%D8%A8%D8%B7%D8%A7%D9%82%D8%A9-%D8%A7%D9%84%D9%88%D8%B5%D9%81-%D8%A7%D9%84%D9%88%D8%B8%D9%8A%D9%81%D9%8A-job-description-%D9%84%D9%84%D8%B4%D8%B1%D9%83%D8%A7%D8%AA,5.0,1,5 ساعات,2,0,$5.00,يوم واحد,1,4,160.0,.Omran J,https://khamsat.com/user/omran9393,True,بائع مميز,5.0,27,100.0%,10,31,ساعتين
أعمال,https://khamsat.com/business,إدارة الموارد البشرية,https://khamsat.com/business/human-resources,برنامج تقييم الاداء المرن,https://khamsat.com/business/human-resources/2922106-%D8%A8%D8%B1%D9%86%D8%A7%D9%85%D8%AC-%D8%AA%D9%82%D9%8A%D9%8A%D9%85-%D8%A7%D9%84%D8%A7%D8%AF%D8%A7%D8%A1-%D8%A7%D9%84%D9%85%D8%B1%D9%86,5.0,2,55 دقيقة,2,0,$50.00,يوم واحد,2,0,0.0,احمد ا.,https://khamsat.com/user/%D8%A7%D8%AD%D9%85%D8%AF-%D8%A7%D9%84%D9%81%D9%86%D8%AC%D8%B1%D9%8A,True,بائع مميز,5.0,195,94.81%,24,307,3 ساعات
أعمال,https://khamsat.com/business,إدارة الموارد البشرية,https://khamsat.com/business/human-resources,إعداد الأوصاف الوظيفية الإدارية والفنية job description,https://khamsat.com/business/human-resources/2964864-%D8%A5%D8%B9%D8%AF%D8%A7%D8%AF-%D8%A7%D9%84%D8%A3%D9%88%D8%B5%D8%A7%D9%81-%D8%A7%D9%84%D9%88%D8%B8%D9%8A%D9%81%D9%8A%D8%A9-%D8%A7%D9%84%D8%A5%D8%AF%D8%A7%D8%B1%D9%8A%D8%A9-%D9%88%D8%A7%D9%84%D9%81%D9%86%D9%8A%D8%A9-job-description,5.0,1,يوم,2,0,$5.00,يوم واحد,1,1,5.0,.Mohamed A,https://khamsat.com/user/arafat500,True,بائع نشيط,5.0,8,100.0%,6,7,22 ساعة
أعمال,https://khamsat.com/business,إدارة الموارد البشرية,https://khamsat.com/business/human-resources,بحث في ادارة الاعمال و الموارد البشرية باللغة الانجليزية,https://khamsat.com/business/human-resources/1373001-%D8%A8%D8%AD%D8%AB-%D9%81%D9%8A-%D8%A7%D8%AF%D8%A7%D8%B1%D8%A9-%D8%A7%D9%84%D8%A7%D8%B9%D9%85%D8%A7%D9%84-%D9%88-%D8%A7%D9%84%D9%85%D9%88%D8%A7%D8%B1%D8%AF-%D8%A7%D9%84%D8%A8%D8%B4%D8%B1%D9%8A%D8%A9-%D8%A8%D8%A7%D9%84%D9%84%D8%BA%D8%A9-%D8%A7%D9%84%D8%A7%D9%86%D8%AC%D9%84%D9%8A%D8%B2%D9%8A%D8%A9,4.5,19,ساعة,28,0,$5.00,ثلاثة أيام,19,1,10.0,.Keroles S,https://khamsat.com/user/keroles3456,True,بائع مميز,4.5,54,81.27%,3,64,5 ساعات
أعمال,https://khamsat.com/business,إدارة الموارد البشرية,https://khamsat.com/business/human-resources,عمل الوصف الوظيفي للوظائف وقياس أداء الموظف,https://khamsat.com/business/human-resources/2743793-%D8%B9%D9%85%D9%84-%D8%A7%D9%84%D9%88%D8%B5%D9%81-%D8%A7%D9%84%D9%88%D8%B8%D9%8A%D9%81%D9%8A-%D9%84%D9%84%D9%88%D8%B8%D8%A7%D8%A6%D9%81-%D9%88%D9%82%D9%8A%D8%A7%D8%B3-%D8%A3%D8%AF%D8%A7%D8%A1-%D8%A7%D9%84%D9%85%D9%88%D8%B8%D9%81,5.0,3,ساعة,6,0,$5.00,يومين,3,0,0.0,.Mohamed E,https://khamsat.com/user/mohamed_sha7at,True,بائع نشيط,5.0,3,100.0%,2,6,ساعة
أعمال,https://khamsat.com/business,إدارة الموارد البشرية,https://khamsat.com/business/human-resources,تقديم الخدمات الاستشارية في مجال إدارة الموارد البشرية,https://khamsat.com/business/human-resources/1878372-%D8%AA%D9%82%D8%AF%D9%8A%D9%85-%D8%A7%D9%84%D8%AE%D8%AF%D9%85%D8%A7%D8%AA-%D8%A7%D9%84%D8%A7%D8%B3%D8%AA%D8%B4%D8%A7%D8%B1%D9%8A%D8%A9-%D9%81%D9%8A-%D9%85%D8%AC%D8%A7%D9%84-%D8%A5%D8%AF%D8%A7%D8%B1%D8%A9-%D8%A7%D9%84%D9%85%D9%88%D8%A7%D8%B1%D8%AF-%D8%A7%D9%84%D8%A8%D8%B4%D8%B1%D9%8A%D8%A9,5.0,7,ساعتين,10,0,$5.00,أسبوع,7,5,445.0,أحمد ج.,https://khamsat.com/user/engahmedgamal,True,بائع مميز,5.0,34,90.63%,8,37,3 ساعات
أعمال,https://khamsat.com/business,إدارة الموارد البشرية,https://khamsat.com/business/human-resources,صياغة الهيكل التنظيمي وفق التدرج الوظيفي والصلاحيات الادارية,https://khamsat.com/business/human-resources/1605297-%D8%B5%D9%8A%D8%A7%D8%BA%D8%A9-%D8%A7%D9%84%D9%87%D9%8A%D9%83%D9%84-%D8%A7%D9%84%D8%AA%D9%86%D8%B8%D9%8A%D9%85%D9%8A-%D9%88%D9%81%D9%82-%D8%A7%D9%84%D8%AA%D8%AF%D8%B1%D8%AC-%D8%A7%D9%84%D9%88%D8%B8%D9%8A%D9%81%D9%8A-%D9%88%D8%A7%D9%84%D8%B5%D9%84%D8%A7%D8%AD%D9%8A%D8%A7%D8%AA-%D8%A7%D9%84%D8%A7%D8%AF%D8%A7%D8%B1%D9%8A%D8%A9,4.5,19,27 دقيقة,29,1,$5.00,يومين,19,5,265.0,.Ahmed A,https://khamsat.com/user/ahmed_aldeeb,True,بائع مميز,4.5,40,86.93%,10,61,10 ساعات
أعمال,https://khamsat.com/business,إدارة الموارد البشرية,https://khamsat.com/business/human-resources,إجراء وتصميم التوصيف الوظيفي للعاملين,https://khamsat.com/business/human-resources/2811116-%D8%A5%D8%AC%D8%B1%D8%A7%D8%A1-%D9%88%D8%AA%D8%B5%D9%85%D9%8A%D9%85-%D8%A7%D9%84%D8%AA%D9%88%D8%B5%D9%8A%D9%81-%D8%A7%D9%84%D9%88%D8%B8%D9%8A%D9%81%D9%8A-%D9%84%D9%84%D8%B9%D8%A7%D9%85%D9%84%D9%8A%D9%86,4.5,6,21 ساعة,7,0,$10.00,يومين,6,0,0.0,.Mohamed H,https://khamsat.com/user/mohamed_a_ismail,True,بائع نشيط,4.5,16,100.0%,5,17,10 ساعات
أعمال,https://khamsat.com/business,إدارة الموارد البشرية,https://khamsat.com/business/human-resources,تحليل الأقسام الخاصة بشركتك ووضع أسس الهيكل التنظيمي,https://khamsat.com/business/human-resources/1348762-%D8%AA%D8%AD%D9%84%D9%8A%D9%84-%D8%A7%D9%84%D8%A3%D9%82%D8%B3%D8%A7%D9%85-%D8%A7%D9%84%D8%AE%D8%A7%D8%B5%D8%A9-%D8%A8%D8%B4%D8%B1%D9%83%D8%AA%D9%83-%D9%88%D9%88%D8%B6%D8%B9-%D8%A3%D8%B3%D8%B3-%D8%A7%D9%84%D9%87%D9%8A%D9%83%D9%84-%D8%A7%D9%84%D8%AA%D9%86%D8%B8%D9%8A%D9%85%D9%8A,5.0,7,ساعة,12,0,$5.00,يومين,7,5,900.0,صبحي خ.,https://khamsat.com/user/sebhey,True,بائع مميز,4.5,107,92.23%,12,127,20 ساعة
أعمال,https://khamsat.com/business,إدارة الموارد البشرية,https://khamsat.com/business/human-resources,عمل هيكل اجور ورواتب متكامل - Market Salary Survey,https://khamsat.com/business/human-resources/2620731-%D8%B9%D9%85%D9%84-%D9%87%D9%8A%D9%83%D9%84-%D8%A7%D8%AC%D9%88%D8%B1-%D9%88%D8%B1%D9%88%D8%A7%D8%AA%D8%A8-%D9%85%D8%AA%D9%83%D8%A7%D9%85%D9%84-market-salary-survey,4.5,2,4 أيام,3,0,$25.00,ثلاثة أيام,2,1,75.0,.Abanob F,https://khamsat.com/user/abanob-farag,True,بائع نشيط,4.5,28,86.05%,8,30,14 ساعة
أعمال,https://khamsat.com/business,إدارة الموارد البشرية,https://khamsat.com/business/human-resources,عمل لائحة مصفوفة الصلاحيات,https://khamsat.com/business/human-resources/2396744-%D8%B9%D9%85%D9%84-%D9%84%D8%A7%D8%A6%D8%AD%D8%A9-%D9%85%D8%B5%D9%81%D9%88%D9%81%D8%A9-%D8%A7%D9%84%D8%B5%D9%84%D8%A7%D8%AD%D9%8A%D8%A7%D8%AA,5.0,4,5 ساعات,9,0,$50.00,يومين,4,2,145.0,عصام ب.,https://khamsat.com/user/essam28,True,بائع مميز,5.0,32,97.78%,8,54,ساعتين
أعمال,https://khamsat.com/business,إدارة الموارد البشرية,https://khamsat.com/business/human-resources,استشارات في قانوني العمل والتأمينات الاجتماعية المصري,https://khamsat.com/business/human-resources/2952486-%D8%A7%D8%B3%D8%AA%D8%B4%D8%A7%D8%B1%D8%A7%D8%AA-%D9%81%D9%8A-%D9%82%D8%A7%D9%86%D9%88%D9%86%D9%8A-%D8%A7%D9%84%D8%B9%D9%85%D9%84-%D9%88%D8%A7%D9%84%D8%AA%D8%A3%D9%85%D9%8A%D9%86%D8%A7%D8%AA-%D8%A7%D9%84%D8%A7%D8%AC%D8%AA%D9%85%D8%A7%D8%B9%D9%8A%D8%A9-%D8%A7%D9%84%D9%85%D8%B5%D8%B1%D9%8A,0.0,0,50 دقيقة,1,0,$10.00,يوم واحد,0,0,0.0,.Amr A,https://khamsat.com/user/amr-awwad,True,بائع نشيط,4.5,18,75.68%,2,23,8 ساعات
أعمال,https://khamsat.com/business,إدارة الموارد البشرية,https://khamsat.com/business/human-resources,استشارة في الموارد البشرية,https://khamsat.com/business/human-resources/1525187-%D8%A7%D8%B3%D8%AA%D8%B4%D8%A7%D8%B1%D8%A9-%D9%81%D9%8A-%D8%A7%D9%84%D9%85%D9%88%D8%A7%D8%B1%D8%AF-%D8%A7%D9%84%D8%A8%D8%B4%D8%B1%D9%8A%D8%A9,5.0,23,يوم,32,0,$5.00,يوم واحد,23,5,455.0,صبحي خ.,https://khamsat.com/user/sebhey,True,بائع مميز,4.5,107,92.23%,12,127,20 ساعة
أعمال,https://khamsat.com/business,إدارة الموارد البشرية,https://khamsat.com/business/human-resources,إعداد بطاقة الوصف الوظيفي job description,https://khamsat.com/business/human-resources/1350135-%D8%A5%D8%B9%D8%AF%D8%A7%D8%AF-%D8%A8%D8%B7%D8%A7%D9%82%D8%A9-%D8%A7%D9%84%D9%88%D8%B5%D9%81-%D8%A7%D9%84%D9%88%D8%B8%D9%8A%D9%81%D9%8A-job-description,4.5,16,14 ساعة,25,0,$25.00,يومين,16,4,485.0,صبحي خ.,https://khamsat.com/user/sebhey,True,بائع مميز,4.5,107,92.23%,12,127,20 ساعة
أعمال,https://khamsat.com/business,إدارة الموارد البشرية,https://khamsat.com/business/human-resources,نظام موارد البشرية للموظفين باستخدام Google Sheet,https://khamsat.com/business/human-resources/2785308-%D9%86%D8%B8%D8%A7%D9%85-%D9%85%D9%88%D8%A7%D8%B1%D8%AF-%D8%A7%D9%84%D8%A8%D8%B4%D8%B1%D9%8A%D8%A9-%D9%84%D9%84%D9%85%D9%88%D8%B8%D9%81%D9%8A%D9%86-%D8%A8%D8%A7%D8%B3%D8%AA%D8%AE%D8%AF%D8%A7%D9%85-google-sheet,5.0,2,ساعتين,2,0,$10.00,يوم واحد,2,3,225.0,.Mouaiad A,https://khamsat.com/user/mouaiad66,True,مشتري جديد,5.0,2,75.0%,5,2,ساعة
أعمال,https://khamsat.com/business,إدارة الموارد البشرية,https://khamsat.com/business/human-resources,مجموعة نماذج ادارية للموارد البشرية تحتاجها أي مؤسسة او مدير,https://khamsat.com/business/human-resources/1836866-%D9%85%D8%AC%D9%85%D9%88%D8%B9%D8%A9-%D9%86%D9%85%D8%A7%D8%B0%D8%AC-%D8%A7%D8%AF%D8%A7%D8%B1%D9%8A%D8%A9-%D9%84%D9%84%D9%85%D9%88%D8%A7%D8%B1%D8%AF-%D8%A7%D9%84%D8%A8%D8%B4%D8%B1%D9%8A%D8%A9-%D8%AA%D8%AD%D8%AA%D8%A7%D8%AC%D9%87%D8%A7-%D8%A3%D9%8A-%D9%85%D8%A4%D8%B3%D8%B3%D8%A9-%D8%A7%D9%88-%D9%85%D8%AF%D9%8A%D8%B1,5.0,3,13 دقيقة,6,0,$5.00,يوم واحد,3,1,5.0,.Mohamed A,https://khamsat.com/user/doublewe,False,مشتري مميز,5.0,3,100.0%,1,6,10 دقائق
أعمال,https://khamsat.com/business,إدارة الموارد البشرية,https://khamsat.com/business/human-resources,لائحة ضمان استمرارية العمل الأساسية العامة في السعودية,https://khamsat.com/business/human-resources/2710355-%D9%84%D8%A7%D8%A6%D8%AD%D8%A9-%D8%B6%D9%85%D8%A7%D9%86-%D8%A7%D8%B3%D8%AA%D9%85%D8%B1%D8%A7%D8%B1%D9%8A%D8%A9-%D8%A7%D9%84%D8%B9%D9%85%D9%84-%D8%A7%D9%84%D8%A3%D8%B3%D8%A7%D8%B3%D9%8A%D8%A9-%D8%A7%D9%84%D8%B9%D8%A7%D9%85%D8%A9-%D9%81%D9%8A-%D8%A7%D9%84%D8%B3%D8%B9%D9%88%D8%AF%D9%8A%D8%A9,5.0,1,13 دقيقة,3,0,$30.00,يوم واحد,1,3,55.0,.Mayar R,https://khamsat.com/user/mayar_ranneh,True,بائع مميز,5.0,128,91.19%,25,139,19 دقيقة
أعمال,https://khamsat.com/business,إدارة الموارد البشرية,https://khamsat.com/business/human-resources,نماذج إدارة الموارد البشرية,https://khamsat.com/business/human-resources/1567816-%D9%86%D9%85%D8%A7%D8%B0%D8%AC-%D8%A5%D8%AF%D8%A7%D8%B1%D8%A9-%D8%A7%D9%84%D9%85%D9%88%D8%A7%D8%B1%D8%AF-%D8%A7%D9%84%D8%A8%D8%B4%D8%B1%D9%8A%D8%A9,5.0,4,19 ساعة,4,0,$5.00,يومين,4,4,285.0,.Ali A,https://khamsat.com/user/ali-atef,True,بائع مميز,5.0,163,93.35%,16,165,3 ساعات
أعمال,https://khamsat.com/business,إدارة الموارد البشرية,https://khamsat.com/business/human-resources,صياغة سلم الرواتب ومصفوفة المزايا وفقا للدرجات الوظيفية,https://khamsat.com/business/human-resources/2430203-%D8%B5%D9%8A%D8%A7%D8%BA%D8%A9-%D8%B3%D9%84%D9%85-%D8%A7%D9%84%D8%B1%D9%88%D8%A7%D8%AA%D8%A8-%D9%88%D9%85%D8%B5%D9%81%D9%88%D9%81%D8%A9-%D8%A7%D9%84%D9%85%D8%B2%D8%A7%D9%8A%D8%A7-%D9%88%D9%81%D9%82%D8%A7-%D9%84%D9%84%D8%AF%D8%B1%D8%AC%D8%A7%D8%AA-%D8%A7%D9%84%D9%88%D8%B8%D9%8A%D9%81%D9%8A%D8%A9,5.0,1,ساعة,2,1,$50.00,ثلاثة أيام,1,5,470.0,.Ahmed A,https://khamsat.com/user/ahmed_aldeeb,True,بائع مميز,4.5,40,86.93%,10,61,10 ساعات
أعمال,https://khamsat.com/business,إدارة الموارد البشرية,https://khamsat.com/business/human-resources,برنامج موارد بشرية للموظفين لادارة الوقت والاجازات,https://khamsat.com/business/human-resources/2619914-%D8%A8%D8%B1%D9%86%D8%A7%D9%85%D8%AC-%D9%85%D9%88%D8%A7%D8%B1%D8%AF-%D8%A8%D8%B4%D8%B1%D9%8A%D8%A9-%D9%84%D9%84%D9%85%D9%88%D8%B8%D9%81%D9%8A%D9%86-%D9%84%D8%A7%D8%AF%D8%A7%D8%B1%D8%A9-%D8%A7%D9%84%D9%88%D9%82%D8%AA-%D9%88%D8%A7%D9%84%D8%A7%D8%AC%D8%A7%D8%B2%D8%A7%D8%AA,5.0,1,3 ساعات,4,0,$10.00,يوم واحد,1,5,100.0,.Christin W,https://khamsat.com/user/tenawageh,True,بائع نشيط,5.0,7,100.0%,5,13,14 ساعة
أعمال,https://khamsat.com/business,إدارة الموارد البشرية,https://khamsat.com/business/human-resources,بناء مؤشرات قياس وتقييم الأداء Key Performance Indicator,https://khamsat.com/business/human-resources/3020082-%D8%A8%D9%86%D8%A7%D8%A1-%D9%85%D8%A4%D8%B4%D8%B1%D8%A7%D8%AA-%D9%82%D9%8A%D8%A7%D8%B3-%D9%88%D8%AA%D9%82%D9%8A%D9%8A%D9%85-%D8%A7%D9%84%D8%A3%D8%AF%D8%A7%D8%A1-key-performance-indicator,0.0,0,لم يحسب,0,0,$5.00,يوم واحد,0,5,330.0,.Marwan E,https://khamsat.com/user/marwanelnounu,False,بائع جديد,0.0,0,لم يحسب بعد,4,0,لم يحسب
أعمال,https://khamsat.com/business,إدارة الموارد البشرية,https://khamsat.com/business/human-resources,إجراء عرض تقديمي بالخطة السنوية لقسم الموارد البشرية,https://khamsat.com/business/human-resources/2822447-%D8%A5%D8%AC%D8%B1%D8%A7%D8%A1-%D8%B9%D8%B1%D8%B6-%D8%AA%D9%82%D8%AF%D9%8A%D9%85%D9%8A-%D8%A8%D8%A7%D9%84%D8%AE%D8%B7%D8%A9-%D8%A7%D9%84%D8%B3%D9%86%D9%88%D9%8A%D8%A9-%D9%84%D9%82%D8%B3%D9%85-%D8%A7%D9%84%D9%85%D9%88%D8%A7%D8%B1%D8%AF-%D8%A7%D9%84%D8%A8%D8%B4%D8%B1%D9%8A%D8%A9,5.0,1,لم يحسب,1,0,$10.00,ثلاثة أيام,1,0,0.0,.Mohamed H,https://khamsat.com/user/mohamed_a_ismail,True,بائع نشيط,4.5,16,100.0%,5,17,10 ساعات
أعمال,https://khamsat.com/business,إدارة الموارد البشرية,https://khamsat.com/business/human-resources,خدمات في إدارة موارد بشرية,https://khamsat.com/business/human-resources/2894039-%D8%AE%D8%AF%D9%85%D8%A7%D8%AA-%D9%81%D9%8A-%D8%A5%D8%AF%D8%A7%D8%B1%D8%A9-%D9%85%D9%88%D8%A7%D8%B1%D8%AF-%D8%A8%D8%B4%D8%B1%D9%8A%D8%A9,0.0,0,لم يحسب,0,0,$10.00,يومين,0,0,0.0,.Salam A,https://khamsat.com/user/salamalghabra,False,بائع جديد,0.0,0,لم يحسب بعد,1,0,لم يحسب
أعمال,https://khamsat.com/business,إدارة الموارد البشرية,https://khamsat.com/business/human-resources,استشارات في جميع استراتيجيات الموارد البشرية الحديثة,https://khamsat.com/business/human-resources/2375955-%D8%A7%D8%B3%D8%AA%D8%B4%D8%A7%D8%B1%D8%A7%D8%AA-%D9%81%D9%8A-%D8%AC%D9%85%D9%8A%D8%B9-%D8%A7%D8%B3%D8%AA%D8%B1%D8%A7%D8%AA%D9%8A%D8%AC%D9%8A%D8%A7%D8%AA-%D8%A7%D9%84%D9%85%D9%88%D8%A7%D8%B1%D8%AF-%D8%A7%D9%84%D8%A8%D8%B4%D8%B1%D9%8A%D8%A9-%D8%A7%D9%84%D8%AD%D8%AF%D9%8A%D8%AB%D8%A9,5.0,3,5 دقائق,3,0,$10.00,يوم واحد,3,5,310.0,عصام ب.,https://khamsat.com/user/essam28,True,بائع مميز,5.0,32,97.78%,8,54,ساعتين
أعمال,https://khamsat.com/business,إدارة الموارد البشرية,https://khamsat.com/business/human-resources,طرق تسلسل العمليات ودليل الإجراءات الخاصة بالمؤسسة MOP,https://khamsat.com/business/human-resources/2811167-%D8%B7%D8%B1%D9%82-%D8%AA%D8%B3%D9%84%D8%B3%D9%84-%D8%A7%D9%84%D8%B9%D9%85%D9%84%D9%8A%D8%A7%D8%AA-%D9%88%D8%AF%D9%84%D9%8A%D9%84-%D8%A7%D9%84%D8%A5%D8%AC%D8%B1%D8%A7%D8%A1%D8%A7%D8%AA-%D8%A7%D9%84%D8%AE%D8%A7%D8%B5%D8%A9-%D8%A8%D8%A7%D9%84%D9%85%D8%A4%D8%B3%D8%B3%D8%A9-mop,5.0,4,18 ساعة,5,0,$5.00,يومين,4,0,0.0,.Mohamed H,https://khamsat.com/user/mohamed_a_ismail,True,بائع نشيط,4.5,16,100.0%,5,17,10 ساعات
أعمال,https://khamsat.com/business,إدارة الموارد البشرية,https://khamsat.com/business/human-resources,صياغة عقود العمل والوصف الوظيفي ونماذج الموارد البشرية,https://khamsat.com/business/human-resources/1615494-%D8%B5%D9%8A%D8%A7%D8%BA%D8%A9-%D8%B9%D9%82%D9%88%D8%AF-%D8%A7%D9%84%D8%B9%D9%85%D9%84-%D9%88%D8%A7%D9%84%D9%88%D8%B5%D9%81-%D8%A7%D9%84%D9%88%D8%B8%D9%8A%D9%81%D9%8A-%D9%88%D9%86%D9%85%D8%A7%D8%B0%D8%AC-%D8%A7%D9%84%D9%85%D9%88%D8%A7%D8%B1%D8%AF-%D8%A7%D9%84%D8%A8%D8%B4%D8%B1%D9%8A%D8%A9,3.5,6,يوم,13,0,$5.00,يومين,6,5,425.0,.Ahmed A,https://khamsat.com/user/ahmed_aldeeb,True,بائع مميز,4.5,40,86.93%,10,61,10 ساعات
أعمال,https://khamsat.com/business,إدارة الموارد البشرية,https://khamsat.com/business/human-resources,تخصيص إعدادات الشركات علي منصة Deexe لإدارة الموارد البشرية,https://khamsat.com/business/human-resources/2997139-%D8%AA%D8%AE%D8%B5%D9%8A%D8%B5-%D8%A5%D8%B9%D8%AF%D8%A7%D8%AF%D8%A7%D8%AA-%D8%A7%D9%84%D8%B4%D8%B1%D9%83%D8%A7%D8%AA-%D8%B9%D9%84%D9%8A-%D9%85%D9%86%D8%B5%D8%A9-deexe-%D9%84%D8%A5%D8%AF%D8%A7%D8%B1%D8%A9-%D8%A7%D9%84%D9%85%D9%88%D8%A7%D8%B1%D8%AF-%D8%A7%D9%84%D8%A8%D8%B4%D8%B1%D9%8A%D8%A9,0.0,0,لم يحسب,0,0,$10.00,يوم واحد,0,3,15.0,.Ibrahim A,https://khamsat.com/user/ibrahim_zakzouk,True,بائع جديد,0.0,0,لم يحسب بعد,1,0,لم يحسب
أعمال,https://khamsat.com/business,استشارات إدارية,https://khamsat.com/business/management-consulting,عرض أو تقرير فني ومالي للمناقصات بمنصة اعتماد بالسعودية,https://khamsat.com/business/management-consulting/2803225-%D8%B9%D8%B1%D8%B6-%D8%A3%D9%88-%D8%AA%D9%82%D8%B1%D9%8A%D8%B1-%D9%81%D9%86%D9%8A-%D9%88%D9%85%D8%A7%D9%84%D9%8A-%D9%84%D9%84%D9%85%D9%86%D8%A7%D9%82%D8%B5%D8%A7%D8%AA-%D8%A8%D9%85%D9%86%D8%B5%D8%A9-%D8%A7%D8%B9%D8%AA%D9%85%D8%A7%D8%AF-%D8%A8%D8%A7%D9%84%D8%B3%D8%B9%D9%88%D8%AF%D9%8A%D8%A9,4.5,18,يوم,24,0,$20.00,يوم واحد,18,3,200.0,.Mohamed W,https://khamsat.com/user/mohamed_33khaliefa,True,بائع مميز,4.5,25,94.02%,4,32,23 ساعة
أعمال,https://khamsat.com/business,استشارات إدارية,https://khamsat.com/business/management-consulting,إعداد إجراءات وسياسات انظمة الآيزو الدولية ISO & الإدارات,https://khamsat.com/business/management-consulting/2953712-%D8%A5%D8%B9%D8%AF%D8%A7%D8%AF-%D8%A5%D8%AC%D8%B1%D8%A7%D8%A1%D8%A7%D8%AA-%D9%88%D8%B3%D9%8A%D8%A7%D8%B3%D8%A7%D8%AA-%D8%A7%D9%86%D8%B8%D9%85%D8%A9-%D8%A7%D9%84%D8%A2%D9%8A%D8%B2%D9%88-%D8%A7%D9%84%D8%AF%D9%88%D9%84%D9%8A%D8%A9-iso-%D8%A7%D9%84%D8%A5%D8%AF%D8%A7%D8%B1%D8%A7%D8%AA,5.0,1,يومين,1,1,$10.00,يوم واحد,1,1,5.0,.Mohamed A,https://khamsat.com/user/arafat500,True,بائع نشيط,5.0,8,100.0%,6,7,22 ساعة
أعمال,https://khamsat.com/business,استشارات إدارية,https://khamsat.com/business/management-consulting,قياس مؤشرات أداء للشركات العاملة,https://khamsat.com/business/management-consulting/2902896-%D9%82%D9%8A%D8%A7%D8%B3-%D9%85%D8%A4%D8%B4%D8%B1%D8%A7%D8%AA-%D8%A3%D8%AF%D8%A7%D8%A1-%D9%84%D9%84%D8%B4%D8%B1%D9%83%D8%A7%D8%AA-%D8%A7%D9%84%D8%B9%D8%A7%D9%85%D9%84%D8%A9,5.0,3,6 ساعات,5,0,$5.00,يومين,3,5,120.0,.Omran J,https://khamsat.com/user/omran9393,True,بائع مميز,5.0,27,100.0%,10,31,ساعتين
أعمال,https://khamsat.com/business,استشارات إدارية,https://khamsat.com/business/management-consulting,استشارات إدارة الأعمال والموارد البشرية,https://khamsat.com/business/management-consulting/2134866-%D8%A7%D8%B3%D8%AA%D8%B4%D8%A7%D8%B1%D8%A7%D8%AA-%D8%A5%D8%AF%D8%A7%D8%B1%D8%A9-%D8%A7%D9%84%D8%A3%D8%B9%D9%85%D8%A7%D9%84-%D9%88%D8%A7%D9%84%D9%85%D9%88%D8%A7%D8%B1%D8%AF-%D8%A7%D9%84%D8%A8%D8%B4%D8%B1%D9%8A%D8%A9,5.0,17,5 ساعات,26,0,$20.00,يوم واحد,17,0,0.0,.Mohamed A,https://khamsat.com/user/abdelmonsefmohamed,True,بائع مميز,5.0,54,97.12%,16,68,5 ساعات
أعمال,https://khamsat.com/business,استشارات إدارية,https://khamsat.com/business/management-consulting,استشارات إدارية في الموارد البشرية والتخطيط الاستراتيجي,https://khamsat.com/business/management-consulting/3017431-%D8%A7%D8%B3%D8%AA%D8%B4%D8%A7%D8%B1%D8%A7%D8%AA-%D8%A5%D8%AF%D8%A7%D8%B1%D9%8A%D8%A9-%D9%81%D9%8A-%D8%A7%D9%84%D9%85%D9%88%D8%A7%D8%B1%D8%AF-%D8%A7%D9%84%D8%A8%D8%B4%D8%B1%D9%8A%D8%A9-%D9%88%D8%A7%D9%84%D8%AA%D8%AE%D8%B7%D9%8A%D8%B7-%D8%A7%D9%84%D8%A7%D8%B3%D8%AA%D8%B1%D8%A7%D8%AA%D9%8A%D8%AC%D9%8A,5.0,1,4 دقائق,1,0,$25.00,ثلاثة أيام,1,5,335.0,محمد م.,https://khamsat.com/user/muhammad_strategis,True,بائع نشيط,5.0,10,93.33%,6,13,8 دقائق
أعمال,https://khamsat.com/business,استشارات إدارية,https://khamsat.com/business/management-consulting,دليل الجودة - دليل المشاريع - دليل البيئة - دليل السلامة,https://khamsat.com/business/management-consulting/3029233-%D8%AF%D9%84%D9%8A%D9%84-%D8%A7%D9%84%D8%AC%D9%88%D8%AF%D8%A9-%D8%AF%D9%84%D9%8A%D9%84-%D8%A7%D9%84%D9%85%D8%B4%D8%A7%D8%B1%D9%8A%D8%B9-%D8%AF%D9%84%D9%8A%D9%84-%D8%A7%D9%84%D8%A8%D9%8A%D8%A6%D8%A9-%D8%AF%D9%84%D9%8A%D9%84-%D8%A7%D9%84%D8%B3%D9%84%D8%A7%D9%85%D8%A9,5.0,1,10 ساعات,2,2,$25.00,يوم واحد,1,4,325.0,أية خ.,https://khamsat.com/user/ayakhalil2050,True,بائع نشيط,5.0,8,95.83%,10,9,4 ساعات
أعمال,https://khamsat.com/business,استشارات إدارية,https://khamsat.com/business/management-consulting,التخطيط الاستراتيجي بالتحليل الرباعي SWOT ومصفوفة TOWS,https://khamsat.com/business/management-consulting/2898589-%D8%A7%D9%84%D8%AA%D8%AE%D8%B7%D9%8A%D8%B7-%D8%A7%D9%84%D8%A7%D8%B3%D8%AA%D8%B1%D8%A7%D8%AA%D9%8A%D8%AC%D9%8A-%D8%A8%D8%A7%D9%84%D8%AA%D8%AD%D9%84%D9%8A%D9%84-%D8%A7%D9%84%D8%B1%D8%A8%D8%A7%D8%B9%D9%8A-swot-%D9%88%D9%85%D8%B5%D9%81%D9%88%D9%81%D8%A9-tows,5.0,1,34 دقيقة,2,0,$15.00,ثلاثة أيام,1,5,105.0,محمد م.,https://khamsat.com/user/muhammad_strategis,True,بائع نشيط,5.0,10,93.33%,6,13,8 دقائق
أعمال,https://khamsat.com/business,استشارات إدارية,https://khamsat.com/business/management-consulting,"تصميم هيكل تنظيمي إداري Org Design, Excellence & Structure",https://khamsat.com/business/management-consulting/2892466-%D8%AA%D8%B5%D9%85%D9%8A%D9%85-%D9%87%D9%8A%D9%83%D9%84-%D8%AA%D9%86%D8%B8%D9%8A%D9%85%D9%8A-%D8%A5%D8%AF%D8%A7%D8%B1%D9%8A-org-design-excellence-structure,4.5,3,دقيقتين,3,0,$5.00,يومين,3,5,40.0,محمد م.,https://khamsat.com/user/muhammad_strategis,True,بائع نشيط,5.0,10,93.33%,6,13,8 دقائق
أعمال,https://khamsat.com/business,استشارات إدارية,https://khamsat.com/business/management-consulting,تقديم استشارات إدارية للشركات والمؤسسات,https://khamsat.com/business/management-consulting/2866931-%D8%AA%D9%82%D8%AF%D9%8A%D9%85-%D8%A7%D8%B3%D8%AA%D8%B4%D8%A7%D8%B1%D8%A7%D8%AA-%D8%A5%D8%AF%D8%A7%D8%B1%D9%8A%D8%A9-%D9%84%D9%84%D8%B4%D8%B1%D9%83%D8%A7%D8%AA-%D9%88%D8%A7%D9%84%D9%85%D8%A4%D8%B3%D8%B3%D8%A7%D8%AA,4.5,4,13 دقيقة,4,0,$10.00,يوم واحد,4,2,35.0,وائل ا.,https://khamsat.com/user/waelshehawy,True,بائع نشيط,5.0,7,100.0%,4,7,8 ساعات
أعمال,https://khamsat.com/business,استشارات إدارية,https://khamsat.com/business/management-consulting,تصميم نموذج قوقل فورم Google Forms حسب احتياجكم,https://khamsat.com/business/management-consulting/2708469-%D8%AA%D8%B5%D9%85%D9%8A%D9%85-%D9%86%D9%85%D9%88%D8%B0%D8%AC-%D9%82%D9%88%D9%82%D9%84-%D9%81%D9%88%D8%B1%D9%85-google-forms-%D8%AD%D8%B3%D8%A8-%D8%A7%D8%AD%D8%AA%D9%8A%D8%A7%D8%AC%D9%83%D9%85,5.0,1,ساعة,1,0,$5.00,يوم واحد,1,4,60.0,.Rami A,https://khamsat.com/user/rami_abu_elkhair,True,بائع مميز,5.0,35,86.36%,5,41,ساعة
أعمال,https://khamsat.com/business,استشارات إدارية,https://khamsat.com/business/management-consulting,اعداد وكتابة مبادرة مجتمعية/تنموية,https://khamsat.com/business/management-consulting/2649868-%D8%A7%D8%B9%D8%AF%D8%A7%D8%AF-%D9%88%D9%83%D8%AA%D8%A7%D8%A8%D8%A9-%D9%85%D8%A8%D8%A7%D8%AF%D8%B1%D8%A9-%D9%85%D8%AC%D8%AA%D9%85%D8%B9%D9%8A%D8%A9%D8%AA%D9%86%D9%85%D9%88%D9%8A%D8%A9,4.5,7,6 ساعات,7,0,$10.00,يومين,7,4,185.0,.Mohammed A,https://khamsat.com/user/mohammed_gherbawi,True,بائع نشيط,4.5,9,62.5%,4,10,6 ساعات
أعمال,https://khamsat.com/business,استشارات إدارية,https://khamsat.com/business/management-consulting,استشارات إدارة وتطوير المنشأت الفندقية في المملكة,https://khamsat.com/business/management-consulting/1863366-%D8%A7%D8%B3%D8%AA%D8%B4%D8%A7%D8%B1%D8%A7%D8%AA-%D8%A5%D8%AF%D8%A7%D8%B1%D8%A9-%D9%88%D8%AA%D8%B7%D9%88%D9%8A%D8%B1-%D8%A7%D9%84%D9%85%D9%86%D8%B4%D8%A3%D8%AA-%D8%A7%D9%84%D9%81%D9%86%D8%AF%D9%82%D9%8A%D8%A9-%D9%81%D9%8A-%D8%A7%D9%84%D9%85%D9%85%D9%84%D9%83%D8%A9,4.5,8,5 ساعات,8,0,$5.00,يوم واحد,8,3,205.0,.Ahmed B,https://khamsat.com/user/mr.-ahmed-baghdady,True,بائع نشيط,4.5,13,81.25%,6,15,4 ساعات
أعمال,https://khamsat.com/business,استشارات إدارية,https://khamsat.com/business/management-consulting,تنفيذ مراجعة داخلية على أحد الإدارات طبقا لمتطلبات الأيزو,https://khamsat.com/business/management-consulting/2867078-%D8%AA%D9%86%D9%81%D9%8A%D8%B0-%D9%85%D8%B1%D8%A7%D8%AC%D8%B9%D8%A9-%D8%AF%D8%A7%D8%AE%D9%84%D9%8A%D8%A9-%D8%B9%D9%84%D9%89-%D8%A3%D8%AD%D8%AF-%D8%A7%D9%84%D8%A5%D8%AF%D8%A7%D8%B1%D8%A7%D8%AA-%D8%B7%D8%A8%D9%82%D8%A7-%D9%84%D9%85%D8%AA%D8%B7%D9%84%D8%A8%D8%A7%D8%AA-%D8%A7%D9%84%D8%A3%D9%8A%D8%B2%D9%88,5.0,2,29 دقيقة,2,0,$10.00,يوم واحد,2,2,15.0,.Islam E,https://khamsat.com/user/islamelolymy,True,بائع نشيط,5.0,4,100.0%,9,7,15 دقيقة
أعمال,https://khamsat.com/business,استشارات إدارية,https://khamsat.com/business/management-consulting,استشارات في الادارة والأعمال,https://khamsat.com/business/management-consulting/2748666-%D8%A7%D8%B3%D8%AA%D8%B4%D8%A7%D8%B1%D8%A7%D8%AA-%D9%81%D9%8A-%D8%A7%D9%84%D8%A7%D8%AF%D8%A7%D8%B1%D8%A9-%D9%88%D8%A7%D9%84%D8%A3%D8%B9%D9%85%D8%A7%D9%84,4.5,10,5 دقائق,11,0,$5.00,يومين,10,3,30.0,.Hanan A,https://khamsat.com/user/h9_ali,True,بائع مميز,5.0,28,98.46%,5,35,13 ساعة
أعمال,https://khamsat.com/business,استشارات إدارية,https://khamsat.com/business/management-consulting,50 فكرة مشروع مميزةتصلح لاصحاب المشاريع الناشئة,https://khamsat.com/business/management-consulting/1818514-50-%D9%81%D9%83%D8%B1%D8%A9-%D9%85%D8%B4%D8%B1%D9%88%D8%B9-%D9%85%D9%85%D9%8A%D8%B2%D8%A9%D8%AA%D8%B5%D9%84%D8%AD-%D9%84%D8%A7%D8%B5%D8%AD%D8%A7%D8%A8-%D8%A7%D9%84%D9%85%D8%B4%D8%A7%D8%B1%D9%8A%D8%B9-%D8%A7%D9%84%D9%86%D8%A7%D8%B4%D8%A6%D8%A9,4.5,12,ساعتين,23,0,$10.00,يوم واحد,12,2,15.0,لمياء ا.,https://khamsat.com/user/lamia66,True,بائع مميز,4.5,112,93.75%,5,154,4 ساعات
أعمال,https://khamsat.com/business,استشارات إدارية,https://khamsat.com/business/management-consulting,أستشارات في ادارة المطاعم,https://khamsat.com/business/management-consulting/2326991-%D8%A3%D8%B3%D8%AA%D8%B4%D8%A7%D8%B1%D8%A7%D8%AA-%D9%81%D9%8A-%D8%A7%D8%AF%D8%A7%D8%B1%D8%A9-%D8%A7%D9%84%D9%85%D8%B7%D8%A7%D8%B9%D9%85,5.0,4,16 ساعة,5,0,$10.00,يوم واحد,4,3,60.0,.Ahmed A,https://khamsat.com/user/trainer_ahmed_adel,True,بائع جديد,5.0,5,100.0%,3,5,16 ساعة
أعمال,https://khamsat.com/business,استشارات إدارية,https://khamsat.com/business/management-consulting,إستشارات ادارية لكل سؤالين,https://khamsat.com/business/management-consulting/944437-%D8%A5%D8%B3%D8%AA%D8%B4%D8%A7%D8%B1%D8%A7%D8%AA-%D8%A7%D8%AF%D8%A7%D8%B1%D9%8A%D8%A9-%D9%84%D9%83%D9%84-%D8%B3%D8%A4%D8%A7%D9%84%D9%8A%D9%86,5.0,11,ساعة,14,0,$5.00,يوم واحد,11,1,50.0,منى ش.,https://khamsat.com/user/%D9%85%D9%86%D9%89-%D8%A8%D8%A7%D8%B1%D9%88%D8%AF,True,بائع مميز,4.5,85,89.23%,3,119,10 ساعات
أعمال,https://khamsat.com/business,استشارات إدارية,https://khamsat.com/business/management-consulting,صياغة سياسة الجودة متوافقة مع متطلبات مواصفة الأيزو 9001,https://khamsat.com/business/management-consulting/2866321-%D8%B5%D9%8A%D8%A7%D8%BA%D8%A9-%D8%B3%D9%8A%D8%A7%D8%B3%D8%A9-%D8%A7%D9%84%D8%AC%D9%88%D8%AF%D8%A9-%D9%85%D8%AA%D9%88%D8%A7%D9%81%D9%82%D8%A9-%D9%85%D8%B9-%D9%85%D8%AA%D8%B7%D9%84%D8%A8%D8%A7%D8%AA-%D9%85%D9%88%D8%A7%D8%B5%D9%81%D8%A9-%D8%A7%D9%84%D8%A3%D9%8A%D8%B2%D9%88-9001,0.0,0,11 دقيقة,1,0,$5.00,يومين,0,5,230.0,.Islam E,https://khamsat.com/user/islamelolymy,True,بائع نشيط,5.0,4,100.0%,9,7,15 دقيقة
أعمال,https://khamsat.com/business,استشارات إدارية,https://khamsat.com/business/management-consulting,التحليل الرباعي SWOT لنقاط القوة والضعف والفرص والتحديات.,https://khamsat.com/business/management-consulting/2183482-%D8%A7%D9%84%D8%AA%D8%AD%D9%84%D9%8A%D9%84-%D8%A7%D9%84%D8%B1%D8%A8%D8%A7%D8%B9%D9%8A-swot-%D9%84%D9%86%D9%82%D8%A7%D8%B7-%D8%A7%D9%84%D9%82%D9%88%D8%A9-%D9%88%D8%A7%D9%84%D8%B6%D8%B9%D9%81-%D9%88%D8%A7%D9%84%D9%81%D8%B1%D8%B5-%D9%88%D8%A7%D9%84%D8%AA%D8%AD%D8%AF%D9%8A%D8%A7%D8%AA,5.0,6,20 دقيقة,12,0,$15.00,يومين,6,3,35.0,.Abdelfattah A,https://khamsat.com/user/abdo-a,True,بائع مميز,5.0,45,90.7%,4,64,9 ساعات
أعمال,https://khamsat.com/business,استشارات إدارية,https://khamsat.com/business/management-consulting,بيع إجراء ينظم عملية التوظيف مع نماذجه,https://khamsat.com/business/management-consulting/3045358-%D8%A8%D9%8A%D8%B9-%D8%A5%D8%AC%D8%B1%D8%A7%D8%A1-%D9%8A%D9%86%D8%B8%D9%85-%D8%B9%D9%85%D9%84%D9%8A%D8%A9-%D8%A7%D9%84%D8%AA%D9%88%D8%B8%D9%8A%D9%81-%D9%85%D8%B9-%D9%86%D9%85%D8%A7%D8%B0%D8%AC%D9%87,0.0,0,لم يحسب,0,0,$10.00,يوم واحد,0,1,35.0,نبيل ا.,https://khamsat.com/user/nabilalhayat,False,بائع جديد,0.0,0,لم يحسب بعد,2,0,لم يحسب
أعمال,https://khamsat.com/business,استشارات إدارية,https://khamsat.com/business/management-consulting,أقدم لكم إستشارات مالية وإدارية,https://khamsat.com/business/management-consulting/2067239-%D8%A3%D9%82%D8%AF%D9%85-%D9%84%D9%83%D9%85-%D8%A5%D8%B3%D8%AA%D8%B4%D8%A7%D8%B1%D8%A7%D8%AA-%D9%85%D8%A7%D9%84%D9%8A%D8%A9-%D9%88%D8%A5%D8%AF%D8%A7%D8%B1%D9%8A%D8%A9,5.0,1,13 ساعة,1,0,$5.00,ثلاثة أيام,1,2,60.0,وائل ر.,https://khamsat.com/user/%D9%88%D8%A7%D8%A6%D9%84-%D9%85%D8%B1%D8%A7%D8%AF,True,بائع نشيط,5.0,6,100.0%,5,9,6 ساعات
أعمال,https://khamsat.com/business,استشارات إدارية,https://khamsat.com/business/management-consulting,تقديم مقترحات مميزة للدورات التدريبية بمختلف المجالات,https://khamsat.com/business/management-consulting/2317333-%D8%AA%D9%82%D8%AF%D9%8A%D9%85-%D9%85%D9%82%D8%AA%D8%B1%D8%AD%D8%A7%D8%AA-%D9%85%D9%85%D9%8A%D8%B2%D8%A9-%D9%84%D9%84%D8%AF%D9%88%D8%B1%D8%A7%D8%AA-%D8%A7%D9%84%D8%AA%D8%AF%D8%B1%D9%8A%D8%A8%D9%8A%D8%A9-%D8%A8%D9%85%D8%AE%D8%AA%D9%84%D9%81-%D8%A7%D9%84%D9%85%D8%AC%D8%A7%D9%84%D8%A7%D8%AA,5.0,2,ساعتين,2,0,$10.00,يوم واحد,2,0,0.0,.Rawand S,https://khamsat.com/user/rawand1998,True,بائع مميز,4.5,21,93.9%,5,30,3 ساعات
أعمال,https://khamsat.com/business,استشارات إدارية,https://khamsat.com/business/management-consulting,استشاري موارد بشرية ومتخصص في حوكمة الشركات,https://khamsat.com/business/management-consulting/2857840-%D8%A7%D8%B3%D8%AA%D8%B4%D8%A7%D8%B1%D9%8A-%D9%85%D9%88%D8%A7%D8%B1%D8%AF-%D8%A8%D8%B4%D8%B1%D9%8A%D8%A9-%D9%88%D9%85%D8%AA%D8%AE%D8%B5%D8%B5-%D9%81%D9%8A-%D8%AD%D9%88%D9%83%D9%85%D8%A9-%D8%A7%D9%84%D8%B4%D8%B1%D9%83%D8%A7%D8%AA,0.0,0,لم يحسب,0,0,$10.00,يوم واحد,0,0,0.0,.Ahmed E,https://khamsat.com/user/ahmedezaathal,False,بائع جديد,0.0,0,لم يحسب بعد,1,0,لم يحسب
أعمال,https://khamsat.com/business,استشارات إدارية,https://khamsat.com/business/management-consulting,استشارات تخليص جمركي، نصائح باستخدام البنود الجمركية الصحيحه,https://khamsat.com/business/management-consulting/2922666-%D8%A7%D8%B3%D8%AA%D8%B4%D8%A7%D8%B1%D8%A7%D8%AA-%D8%AA%D8%AE%D9%84%D9%8A%D8%B5-%D8%AC%D9%85%D8%B1%D9%83%D9%8A-%D9%86%D8%B5%D8%A7%D8%A6%D8%AD-%D8%A8%D8%A7%D8%B3%D8%AA%D8%AE%D8%AF%D8%A7%D9%85-%D8%A7%D9%84%D8%A8%D9%86%D9%88%D8%AF-%D8%A7%D9%84%D8%AC%D9%85%D8%B1%D9%83%D9%8A%D8%A9-%D8%A7%D9%84%D8%B5%D8%AD%D9%8A%D8%AD%D9%87,0.0,0,لم يحسب,0,0,$10.00,يوم واحد,0,0,0.0,خالد ا.,https://khamsat.com/user/anwar_a3350,True,بائع جديد,0.0,0,لم يحسب بعد,3,0,لم يحسب
أعمال,https://khamsat.com/business,استشارات إدارية,https://khamsat.com/business/management-consulting,استشارات إدارية,https://khamsat.com/business/management-consulting/1226386-%D8%A7%D8%B3%D8%AA%D8%B4%D8%A7%D8%B1%D8%A7%D8%AA-%D8%A5%D8%AF%D8%A7%D8%B1%D9%8A%D8%A9,0.0,0,18 ساعة,0,0,$5.00,يوم واحد,0,2,60.0,نجيب ا.,https://khamsat.com/user/najibsn07,False,بائع نشيط,4.5,10,52.86%,6,12,20 ساعة
أعمال,https://khamsat.com/business,استشارات إدارية,https://khamsat.com/business/management-consulting,إستشارات عامة ادارية ومالية,https://khamsat.com/business/management-consulting/2935432-%D8%A5%D8%B3%D8%AA%D8%B4%D8%A7%D8%B1%D8%A7%D8%AA-%D8%B9%D8%A7%D9%85%D8%A9-%D8%A7%D8%AF%D8%A7%D8%B1%D9%8A%D8%A9-%D9%88%D9%85%D8%A7%D9%84%D9%8A%D8%A9,0.0,0,لم يحسب,0,0,$5.00,يومين,0,0,0.0,حسين ج.,https://khamsat.com/user/husseingaafar,False,بائع جديد,0.0,0,لم يحسب بعد,1,0,لم يحسب
أعمال,https://khamsat.com/business,استشارات إدارية,https://khamsat.com/business/management-consulting,إرشاد المديرين والقيادين في إدارة الأعمال,https://khamsat.com/business/management-consulting/414966-%D8%A5%D8%B1%D8%B4%D8%A7%D8%AF-%D8%A7%D9%84%D9%85%D8%AF%D9%8A%D8%B1%D9%8A%D9%86-%D9%88%D8%A7%D9%84%D9%82%D9%8A%D8%A7%D8%AF%D9%8A%D9%86-%D9%81%D9%8A-%D8%A5%D8%AF%D8%A7%D8%B1%D8%A9-%D8%A7%D9%84%D8%A3%D8%B9%D9%85%D8%A7%D9%84,0.0,0,ساعة,0,0,$15.00,يومين,0,0,0.0,فاطمة ا.,https://khamsat.com/user/%D8%A8%D9%86%D8%AA-%D8%A7%D9%84%D8%B1%D9%81%D8%A7%D8%B9%D9%8A,True,بائع نشيط,4.5,20,86.75%,4,31,ساعتين
أعمال,https://khamsat.com/business,استشارات إدارية,https://khamsat.com/business/management-consulting,تأهيل ومساعدة الشركات والافراد في مجال الجودة,https://khamsat.com/business/management-consulting/2991258-%D8%AA%D8%A3%D9%87%D9%8A%D9%84-%D9%88%D9%85%D8%B3%D8%A7%D8%B9%D8%AF%D8%A9-%D8%A7%D9%84%D8%B4%D8%B1%D9%83%D8%A7%D8%AA-%D9%88%D8%A7%D9%84%D8%A7%D9%81%D8%B1%D8%A7%D8%AF-%D9%81%D9%8A-%D9%85%D8%AC%D8%A7%D9%84-%D8%A7%D9%84%D8%AC%D9%88%D8%AF%D8%A9,0.0,0,لم يحسب,0,0,$5.00,يوم واحد,0,0,0.0,.Ahmed A,https://khamsat.com/user/ahmed208ali,True,بائع جديد,0.0,0,لم يحسب بعد,1,0,لم يحسب
أعمال,https://khamsat.com/business,استشارات إدارية,https://khamsat.com/business/management-consulting,تقديم الاستشارات الإدارية وحلول الأعمال للشركات والمؤسسات,https://khamsat.com/business/management-consulting/3027277-%D8%AA%D9%82%D8%AF%D9%8A%D9%85-%D8%A7%D9%84%D8%A7%D8%B3%D8%AA%D8%B4%D8%A7%D8%B1%D8%A7%D8%AA-%D8%A7%D9%84%D8%A5%D8%AF%D8%A7%D8%B1%D9%8A%D8%A9-%D9%88%D8%AD%D9%84%D9%88%D9%84-%D8%A7%D9%84%D8%A3%D8%B9%D9%85%D8%A7%D9%84-%D9%84%D9%84%D8%B4%D8%B1%D9%83%D8%A7%D8%AA-%D9%88%D8%A7%D9%84%D9%85%D8%A4%D8%B3%D8%B3%D8%A7%D8%AA,0.0,0,لم يحسب,0,0,$10.00,ثلاثة أيام,0,5,375.0,احمد ج.,https://khamsat.com/user/agado,False,بائع جديد,0.0,0,لم يحسب بعد,3,0,لم يحسب
أعمال,https://khamsat.com/business,استشارات إدارية,https://khamsat.com/business/management-consulting,مساعد افتراضى وسكرتير شخصى,https://khamsat.com/business/management-consulting/3000795-%D9%85%D8%B3%D8%A7%D8%B9%D8%AF-%D8%A7%D9%81%D8%AA%D8%B1%D8%A7%D8%B6%D9%89-%D9%88%D8%B3%D9%83%D8%B1%D8%AA%D9%8A%D8%B1-%D8%B4%D8%AE%D8%B5%D9%89,0.0,0,لم يحسب,0,0,$5.00,يوم واحد,0,0,0.0,.Samora F,https://khamsat.com/user/samora_1234,False,بائع جديد,0.0,0,لم يحسب بعد,1,0,لم يحسب
أعمال,https://khamsat.com/business,بحوث قانونية,https://khamsat.com/business/legal-research,إنشاء الأبحاث القانونية فى كافة فروع القانون,https://khamsat.com/business/legal-research/1973375-%D8%A5%D9%86%D8%B4%D8%A7%D8%A1-%D8%A7%D9%84%D8%A3%D8%A8%D8%AD%D8%A7%D8%AB-%D8%A7%D9%84%D9%82%D8%A7%D9%86%D9%88%D9%86%D9%8A%D8%A9-%D9%81%D9%89-%D9%83%D8%A7%D9%81%D8%A9-%D9%81%D8%B1%D9%88%D8%B9-%D8%A7%D9%84%D9%82%D8%A7%D9%86%D9%88%D9%86,4.5,18,38 دقيقة,36,0,$5.00,يوم واحد,18,5,435.0,.Mabrouk A,https://khamsat.com/user/mabrouk288,True,بائع مميز,4.5,121,96.06%,4,196,ساعة
أعمال,https://khamsat.com/business,بحوث قانونية,https://khamsat.com/business/legal-research,أبحاث قانونية كيفية الاستفادة من خدمات,https://khamsat.com/business/legal-research/2617817-%D8%A3%D8%A8%D8%AD%D8%A7%D8%AB-%D9%82%D8%A7%D9%86%D9%88%D9%86%D9%8A%D8%A9-%D9%83%D9%8A%D9%81%D9%8A%D8%A9-%D8%A7%D9%84%D8%A7%D8%B3%D8%AA%D9%81%D8%A7%D8%AF%D8%A9-%D9%85%D9%86-%D8%AE%D8%AF%D9%85%D8%A7%D8%AA,4.5,12,ساعتين,24,1,$5.00,يومين,12,3,135.0,محمد ج.,https://khamsat.com/user/mohamedgalalahmed,True,بائع مميز,5.0,24,93.75%,8,41,12 ساعة
أعمال,https://khamsat.com/business,بحوث قانونية,https://khamsat.com/business/legal-research,إعداد وكتابة الأبحاث والدراسات القانونية,https://khamsat.com/business/legal-research/2305510-%D8%A5%D8%B9%D8%AF%D8%A7%D8%AF-%D9%88%D9%83%D8%AA%D8%A7%D8%A8%D8%A9-%D8%A7%D9%84%D8%A3%D8%A8%D8%AD%D8%A7%D8%AB-%D9%88%D8%A7%D9%84%D8%AF%D8%B1%D8%A7%D8%B3%D8%A7%D8%AA-%D8%A7%D9%84%D9%82%D8%A7%D9%86%D9%88%D9%86%D9%8A%D8%A9,4.5,18,يومين,25,0,$10.00,يوم واحد,18,5,100.0,.Bashar S,https://khamsat.com/user/bashar_sallout,True,بائع مميز,4.5,19,93.42%,5,29,21 ساعة
أعمال,https://khamsat.com/business,بحوث قانونية,https://khamsat.com/business/legal-research,الأبحاث القانونية والشرعية والتربوية والمقالات,https://khamsat.com/business/legal-research/1964854-%D8%A7%D9%84%D8%A3%D8%A8%D8%AD%D8%A7%D8%AB-%D8%A7%D9%84%D9%82%D8%A7%D9%86%D9%88%D9%86%D9%8A%D8%A9-%D9%88%D8%A7%D9%84%D8%B4%D8%B1%D8%B9%D9%8A%D8%A9-%D9%88%D8%A7%D9%84%D8%AA%D8%B1%D8%A8%D9%88%D9%8A%D8%A9-%D9%88%D8%A7%D9%84%D9%85%D9%82%D8%A7%D9%84%D8%A7%D8%AA,4.5,16,58 دقيقة,28,0,$10.00,يوم واحد,16,5,230.0,رضا ع.,https://khamsat.com/user/rade2020,True,بائع مميز,4.5,60,94.86%,6,73,7 ساعات
أعمال,https://khamsat.com/business,بحوث قانونية,https://khamsat.com/business/legal-research,كتابة أبحاث قانونية مبدعة,https://khamsat.com/business/legal-research/1590122-%D9%83%D8%AA%D8%A7%D8%A8%D8%A9-%D8%A3%D8%A8%D8%AD%D8%A7%D8%AB-%D9%82%D8%A7%D9%86%D9%88%D9%86%D9%8A%D8%A9-%D9%85%D8%A8%D8%AF%D8%B9%D8%A9,5.0,47,8 ساعات,65,0,$10.00,خمسة أيام,25,5,100.0,زينب ع.,https://khamsat.com/user/what98,True,بائع مميز,5.0,141,96.4%,12,158,ساعتين
أعمال,https://khamsat.com/business,بحوث قانونية,https://khamsat.com/business/legal-research,كتابة اللوائح الاعتراضية والردود والمذكرات والنقض,https://khamsat.com/business/legal-research/2851634-%D9%83%D8%AA%D8%A7%D8%A8%D8%A9-%D8%A7%D9%84%D9%84%D9%88%D8%A7%D8%A6%D8%AD-%D8%A7%D9%84%D8%A7%D8%B9%D8%AA%D8%B1%D8%A7%D8%B6%D9%8A%D8%A9-%D9%88%D8%A7%D9%84%D8%B1%D8%AF%D9%88%D8%AF-%D9%88%D8%A7%D9%84%D9%85%D8%B0%D9%83%D8%B1%D8%A7%D8%AA-%D9%88%D8%A7%D9%84%D9%86%D9%82%D8%B6,5.0,1,15 دقيقة,1,0,$10.00,ثلاثة أيام,1,3,250.0,صلاح الدين ح.,https://khamsat.com/user/salah83,True,بائع جديد,4.5,6,87.5%,5,7,7 دقائق
أعمال,https://khamsat.com/business,بحوث قانونية,https://khamsat.com/business/legal-research,كتابة كافة الأبحاث القانونية,https://khamsat.com/business/legal-research/1977786-%D9%83%D8%AA%D8%A7%D8%A8%D8%A9-%D9%83%D8%A7%D9%81%D8%A9-%D8%A7%D9%84%D8%A3%D8%A8%D8%AD%D8%A7%D8%AB-%D8%A7%D9%84%D9%82%D8%A7%D9%86%D9%88%D9%86%D9%8A%D8%A9,4.5,23,19 ساعة,34,2,$10.00,يوم واحد,23,5,220.0,رضا ع.,https://khamsat.com/user/rade2020,True,بائع مميز,4.5,60,94.86%,6,73,7 ساعات
أعمال,https://khamsat.com/business,بحوث قانونية,https://khamsat.com/business/legal-research,كتابة الأبحاث القانونية ، والاوراق البحثية,https://khamsat.com/business/legal-research/2047228-%D9%83%D8%AA%D8%A7%D8%A8%D8%A9-%D8%A7%D9%84%D8%A3%D8%A8%D8%AD%D8%A7%D8%AB-%D8%A7%D9%84%D9%82%D8%A7%D9%86%D9%88%D9%86%D9%8A%D8%A9-%D9%88%D8%A7%D9%84%D8%A7%D9%88%D8%B1%D8%A7%D9%82-%D8%A7%D9%84%D8%A8%D8%AD%D8%AB%D9%8A%D8%A9,5.0,4,يوم,8,0,$10.00,يومين,4,4,110.0,زيد ا.,https://khamsat.com/user/lawyerzaid,True,بائع نشيط,5.0,8,92.31%,3,10,13 ساعة
أعمال,https://khamsat.com/business,بحوث قانونية,https://khamsat.com/business/legal-research,كتابة البحوث القانونية و في غيرها من المجالات,https://khamsat.com/business/legal-research/2896478-%D9%83%D8%AA%D8%A7%D8%A8%D8%A9-%D8%A7%D9%84%D8%A8%D8%AD%D9%88%D8%AB-%D8%A7%D9%84%D9%82%D8%A7%D9%86%D9%88%D9%86%D9%8A%D8%A9-%D9%88-%D9%81%D9%8A-%D8%BA%D9%8A%D8%B1%D9%87%D8%A7-%D9%85%D9%86-%D8%A7%D9%84%D9%85%D8%AC%D8%A7%D9%84%D8%A7%D8%AA,0.0,0,لم يحسب,0,0,$5.00,يومين,0,4,105.0,سليم ب.,https://khamsat.com/user/najisalmo,True,بائع جديد,0.0,0,لم يحسب بعد,1,0,لم يحسب
أعمال,https://khamsat.com/business,بحوث قانونية,https://khamsat.com/business/legal-research,كتابة بحوث في القانون الخاص,https://khamsat.com/business/legal-research/3037642-%D9%83%D8%AA%D8%A7%D8%A8%D8%A9-%D8%A8%D8%AD%D9%88%D8%AB-%D9%81%D9%8A-%D8%A7%D9%84%D9%82%D8%A7%D9%86%D9%88%D9%86-%D8%A7%D9%84%D8%AE%D8%A7%D8%B5,0.0,0,لم يحسب,0,0,$10.00,يوم واحد,0,5,280.0,محمد ا.,https://khamsat.com/user/med_zine_02,False,بائع جديد,0.0,0,لم يحسب بعد,1,0,لم يحسب
أعمال,https://khamsat.com/business,بحوث قانونية,https://khamsat.com/business/legal-research,كتابة الابحاث القانونية في كافة فروع القانون,https://khamsat.com/business/legal-research/3050700-%D9%83%D8%AA%D8%A7%D8%A8%D8%A9-%D8%A7%D9%84%D8%A7%D8%A8%D8%AD%D8%A7%D8%AB-%D8%A7%D9%84%D9%82%D8%A7%D9%86%D9%88%D9%86%D9%8A%D8%A9-%D9%81%D9%8A-%D9%83%D8%A7%D9%81%D8%A9-%D9%81%D8%B1%D9%88%D8%B9-%D8%A7%D9%84%D9%82%D8%A7%D9%86%D9%88%D9%86,0.0,0,لم يحسب,0,0,$5.00,ثلاثة أيام,0,0,0.0,محمد ع.,https://khamsat.com/user/moh_amr,True,بائع جديد,0.0,0,لم يحسب بعد,5,0,لم يحسب
أعمال,https://khamsat.com/business,بحوث قانونية,https://khamsat.com/business/legal-research,كتابة الأبحاث القانونية في كافة المجالات,https://khamsat.com/business/legal-research/2188550-%D9%83%D8%AA%D8%A7%D8%A8%D8%A9-%D8%A7%D9%84%D8%A3%D8%A8%D8%AD%D8%A7%D8%AB-%D8%A7%D9%84%D9%82%D8%A7%D9%86%D9%88%D9%86%D9%8A%D8%A9-%D9%81%D9%8A-%D9%83%D8%A7%D9%81%D8%A9-%D8%A7%D9%84%D9%85%D8%AC%D8%A7%D9%84%D8%A7%D8%AA,0.0,0,9 ساعات,0,0,$5.00,يوم واحد,0,0,0.0,أحمد ب.,https://khamsat.com/user/ahmedbadawy1990,True,بائع نشيط,5.0,5,84.21%,3,7,15 ساعة
أعمال,https://khamsat.com/business,بحوث قانونية,https://khamsat.com/business/legal-research,أبحاث قانونية متخصصة بالعربية والإنجليزية,https://khamsat.com/business/legal-research/1030987-%D8%A3%D8%A8%D8%AD%D8%A7%D8%AB-%D9%82%D8%A7%D9%86%D9%88%D9%86%D9%8A%D8%A9-%D9%85%D8%AA%D8%AE%D8%B5%D8%B5%D8%A9-%D8%A8%D8%A7%D9%84%D8%B9%D8%B1%D8%A8%D9%8A%D8%A9-%D9%88%D8%A7%D9%84%D8%A5%D9%86%D8%AC%D9%84%D9%8A%D8%B2%D9%8A%D8%A9,0.0,0,25 دقيقة,0,0,$5.00,يوم واحد,0,3,215.0,ناصر ع.,https://khamsat.com/user/%D9%86%D8%A7%D8%B5%D8%B1-%D8%B9%D9%81%D9%8A%D9%81%D9%8A,True,بائع مميز,4.5,29,87.02%,6,48,يوم
أعمال,https://khamsat.com/business,بحوث قانونية,https://khamsat.com/business/legal-research,إعداد وكتابة الأبحاث والدراسات القانونية,https://khamsat.com/business/legal-research/2758412-%D8%A5%D8%B9%D8%AF%D8%A7%D8%AF-%D9%88%D9%83%D8%AA%D8%A7%D8%A8%D8%A9-%D8%A7%D9%84%D8%A3%D8%A8%D8%AD%D8%A7%D8%AB-%D9%88%D8%A7%D9%84%D8%AF%D8%B1%D8%A7%D8%B3%D8%A7%D8%AA-%D8%A7%D9%84%D9%82%D8%A7%D9%86%D9%88%D9%86%D9%8A%D8%A9,0.0,0,لم يحسب,0,0,$5.00,يوم واحد,0,1,15.0,.Mazen M,https://khamsat.com/user/mazen_mousa,True,بائع جديد,5.0,2,87.5%,3,2,10 دقائق
أعمال,https://khamsat.com/business,بحوث قانونية,https://khamsat.com/business/legal-research,كتابة بحث قانوني مفصل,https://khamsat.com/business/legal-research/1340957-%D9%83%D8%AA%D8%A7%D8%A8%D8%A9-%D8%A8%D8%AD%D8%AB-%D9%82%D8%A7%D9%86%D9%88%D9%86%D9%8A-%D9%85%D9%81%D8%B5%D9%84,5.0,5,يومين,6,0,$10.00,يومين,5,5,70.0,.Ahmed R,https://khamsat.com/user/ahmed11_ramadan,True,بائع نشيط,5.0,5,73.68%,2,9,5 أيام
أعمال,https://khamsat.com/business,بحوث قانونية,https://khamsat.com/business/legal-research,إعداد أبحاث وتقارير قانونية,https://khamsat.com/business/legal-research/2624130-%D8%A5%D8%B9%D8%AF%D8%A7%D8%AF-%D8%A3%D8%A8%D8%AD%D8%A7%D8%AB-%D9%88%D8%AA%D9%82%D8%A7%D8%B1%D9%8A%D8%B1-%D9%82%D8%A7%D9%86%D9%88%D9%86%D9%8A%D8%A9,0.0,0,لم يحسب,0,0,$10.00,ثلاثة أيام,0,0,0.0,.Ashraf M,https://khamsat.com/user/canyou,True,بائع جديد,0.0,3,60.0%,3,3,يوم
أعمال,https://khamsat.com/business,بحوث قانونية,https://khamsat.com/business/legal-research,كتابة الأبحاث القانونية المتخصصة بدقة,https://khamsat.com/business/legal-research/2912924-%D9%83%D8%AA%D8%A7%D8%A8%D8%A9-%D8%A7%D9%84%D8%A3%D8%A8%D8%AD%D8%A7%D8%AB-%D8%A7%D9%84%D9%82%D8%A7%D9%86%D9%88%D9%86%D9%8A%D8%A9-%D8%A7%D9%84%D9%85%D8%AA%D8%AE%D8%B5%D8%B5%D8%A9-%D8%A8%D8%AF%D9%82%D8%A9,0.0,0,لم يحسب,0,0,$5.00,خمسة أيام,0,3,40.0,.Hussen Q,https://khamsat.com/user/hussen2ko,True,بائع جديد,0.0,0,لم يحسب بعد,2,0,لم يحسب
أعمال,https://khamsat.com/business,بحوث قانونية,https://khamsat.com/business/legal-research,كتابة الأبحاث في كافة فروع القانون والاقتصاد,https://khamsat.com/business/legal-research/2244254-%D9%83%D8%AA%D8%A7%D8%A8%D8%A9-%D8%A7%D9%84%D8%A3%D8%A8%D8%AD%D8%A7%D8%AB-%D9%81%D9%8A-%D9%83%D8%A7%D9%81%D8%A9-%D9%81%D8%B1%D9%88%D8%B9-%D8%A7%D9%84%D9%82%D8%A7%D9%86%D9%88%D9%86-%D9%88%D8%A7%D9%84%D8%A7%D9%82%D8%AA%D8%B5%D8%A7%D8%AF,4.5,17,3 ساعات,23,0,$10.00,يوم واحد,17,5,450.0,.Ahmed A,https://khamsat.com/user/ahmed-abo-el-ezz1,True,بائع مميز,4.5,45,94.44%,19,58,3 ساعات
أعمال,https://khamsat.com/business,بحوث قانونية,https://khamsat.com/business/legal-research,كتابة كافة الأبحاث القانونية,https://khamsat.com/business/legal-research/2917529-%D9%83%D8%AA%D8%A7%D8%A8%D8%A9-%D9%83%D8%A7%D9%81%D8%A9-%D8%A7%D9%84%D8%A3%D8%A8%D8%AD%D8%A7%D8%AB-%D8%A7%D9%84%D9%82%D8%A7%D9%86%D9%88%D9%86%D9%8A%D8%A9,0.0,0,لم يحسب,0,0,$10.00,يوم واحد,0,5,220.0,.Ahmed G,https://khamsat.com/user/ahmedelmalky24,False,بائع جديد,0.0,0,لم يحسب بعد,2,0,لم يحسب
أعمال,https://khamsat.com/business,بحوث قانونية,https://khamsat.com/business/legal-research,كتابة أبحاث قانونيه وعلمية متقدمة,https://khamsat.com/business/legal-research/2711307-%D9%83%D8%AA%D8%A7%D8%A8%D8%A9-%D8%A3%D8%A8%D8%AD%D8%A7%D8%AB-%D9%82%D8%A7%D9%86%D9%88%D9%86%D9%8A%D9%87-%D9%88%D8%B9%D9%84%D9%85%D9%8A%D8%A9-%D9%85%D8%AA%D9%82%D8%AF%D9%85%D8%A9,0.0,0,لم يحسب,0,0,$10.00,يوم واحد,0,2,55.0,عبدالله ع.,https://khamsat.com/user/aabdallhaadnan_taaym,True,بائع جديد,0.0,0,لم يحسب بعد,2,0,لم يحسب
أعمال,https://khamsat.com/business,بحوث قانونية,https://khamsat.com/business/legal-research,بحوث ومذكرات قانونية ولوائح اعتراضية وتقديم الدعاوي,https://khamsat.com/business/legal-research/2835333-%D8%A8%D8%AD%D9%88%D8%AB-%D9%88%D9%85%D8%B0%D9%83%D8%B1%D8%A7%D8%AA-%D9%82%D8%A7%D9%86%D9%88%D9%86%D9%8A%D8%A9-%D9%88%D9%84%D9%88%D8%A7%D8%A6%D8%AD-%D8%A7%D8%B9%D8%AA%D8%B1%D8%A7%D8%B6%D9%8A%D8%A9-%D9%88%D8%AA%D9%82%D8%AF%D9%8A%D9%85-%D8%A7%D9%84%D8%AF%D8%B9%D8%A7%D9%88%D9%8A,0.0,0,لم يحسب,0,0,$10.00,ثلاثة أيام,0,0,0.0,.Amar Y,https://khamsat.com/user/ammar_law,False,بائع جديد,0.0,0,لم يحسب بعد,3,0,لم يحسب
أعمال,https://khamsat.com/business,بحوث قانونية,https://khamsat.com/business/legal-research,مقالات وابحاث قانونية فى كافة المجالات,https://khamsat.com/business/legal-research/2723807-%D9%85%D9%82%D8%A7%D9%84%D8%A7%D8%AA-%D9%88%D8%A7%D8%A8%D8%AD%D8%A7%D8%AB-%D9%82%D8%A7%D9%86%D9%88%D9%86%D9%8A%D8%A9-%D9%81%D9%89-%D9%83%D8%A7%D9%81%D8%A9-%D8%A7%D9%84%D9%85%D8%AC%D8%A7%D9%84%D8%A7%D8%AA,0.0,0,لم يحسب,0,0,$10.00,يومين,0,2,105.0,احمد س.,https://khamsat.com/user/elmostasharahmedsaid,True,بائع نشيط,4.5,16,81.82%,9,20,ساعة
أعمال,https://khamsat.com/business,بحوث قانونية,https://khamsat.com/business/legal-research,كتابة وصياغة كافة الأبحاث والدراسات القانونية,https://khamsat.com/business/legal-research/3020086-%D9%83%D8%AA%D8%A7%D8%A8%D8%A9-%D9%88%D8%B5%D9%8A%D8%A7%D8%BA%D8%A9-%D9%83%D8%A7%D9%81%D8%A9-%D8%A7%D9%84%D8%A3%D8%A8%D8%AD%D8%A7%D8%AB-%D9%88%D8%A7%D9%84%D8%AF%D8%B1%D8%A7%D8%B3%D8%A7%D8%AA-%D8%A7%D9%84%D9%82%D8%A7%D9%86%D9%88%D9%86%D9%8A%D8%A9,2.5,1,29 دقيقة,0,0,$5.00,يوم واحد,1,5,155.0,.Ahmed H,https://khamsat.com/user/adv_ahmed,True,بائع جديد,2.5,1,0.0%,2,0,29 دقيقة
أعمال,https://khamsat.com/business,بحوث قانونية,https://khamsat.com/business/legal-research,نبض القانون الخليجي: تحليل متخصص لقوانين الدول العربيه,https://khamsat.com/business/legal-research/2944509-%D9%86%D8%A8%D8%B6-%D8%A7%D9%84%D9%82%D8%A7%D9%86%D9%88%D9%86-%D8%A7%D9%84%D8%AE%D9%84%D9%8A%D8%AC%D9%8A-%D8%AA%D8%AD%D9%84%D9%8A%D9%84-%D9%85%D8%AA%D8%AE%D8%B5%D8%B5-%D9%84%D9%82%D9%88%D8%A7%D9%86%D9%8A%D9%86-%D8%A7%D9%84%D8%AF%D9%88%D9%84-%D8%A7%D9%84%D8%B9%D8%B1%D8%A8%D9%8A%D9%87,0.0,0,لم يحسب,0,0,$10.00,يومين,0,0,0.0,محمد ج.,https://khamsat.com/user/mohamedgalalahmed,True,بائع مميز,5.0,24,93.75%,8,41,12 ساعة
أعمال,https://khamsat.com/business,بحوث قانونية,https://khamsat.com/business/legal-research,صياغة البحوث القانونية في كافة أقسام القانون وفروعه,https://khamsat.com/business/legal-research/3018588-%D8%B5%D9%8A%D8%A7%D8%BA%D8%A9-%D8%A7%D9%84%D8%A8%D8%AD%D9%88%D8%AB-%D8%A7%D9%84%D9%82%D8%A7%D9%86%D9%88%D9%86%D9%8A%D8%A9-%D9%81%D9%8A-%D9%83%D8%A7%D9%81%D8%A9-%D8%A3%D9%82%D8%B3%D8%A7%D9%85-%D8%A7%D9%84%D9%82%D8%A7%D9%86%D9%88%D9%86-%D9%88%D9%81%D8%B1%D9%88%D8%B9%D9%87,0.0,0,لم يحسب,0,1,$5.00,يوم واحد,0,4,100.0,.Ahmed A,https://khamsat.com/user/ahmedaiyad,True,بائع مميز,5.0,74,84.39%,11,94,10 ساعات
أعمال,https://khamsat.com/business,بحوث قانونية,https://khamsat.com/business/legal-research,صياغة عقود مشاهير ومؤثري وسائل التواصل الاجتماعي,https://khamsat.com/business/legal-research/3018614-%D8%B5%D9%8A%D8%A7%D8%BA%D8%A9-%D8%B9%D9%82%D9%88%D8%AF-%D9%85%D8%B4%D8%A7%D9%87%D9%8A%D8%B1-%D9%88%D9%85%D8%A4%D8%AB%D8%B1%D9%8A-%D9%88%D8%B3%D8%A7%D8%A6%D9%84-%D8%A7%D9%84%D8%AA%D9%88%D8%A7%D8%B5%D9%84-%D8%A7%D9%84%D8%A7%D8%AC%D8%AA%D9%85%D8%A7%D8%B9%D9%8A,0.0,0,لم يحسب,0,0,$5.00,يومين,0,1,50.0,.Ahmed A,https://khamsat.com/user/ahmedaiyad,True,بائع مميز,5.0,74,84.39%,11,94,10 ساعات
أعمال,https://khamsat.com/business,مستندات وعقود قانونية,https://khamsat.com/business/legal-documents,حزمة سياسات الامن السيبرانى للشركات لحماية اعمالك,https://khamsat.com/business/legal-documents/2985278-%D8%AD%D8%B2%D9%85%D8%A9-%D8%B3%D9%8A%D8%A7%D8%B3%D8%A7%D8%AA-%D8%A7%D9%84%D8%A7%D9%85%D9%86-%D8%A7%D9%84%D8%B3%D9%8A%D8%A8%D8%B1%D8%A7%D9%86%D9%89-%D9%84%D9%84%D8%B4%D8%B1%D9%83%D8%A7%D8%AA-%D9%84%D8%AD%D9%85%D8%A7%D9%8A%D8%A9-%D8%A7%D8%B9%D9%85%D8%A7%D9%84%D9%83,0.0,0,لم يحسب,1,0,$25.00,يوم واحد,0,5,400.0,هيثم ع.,https://khamsat.com/user/haithamnaiel66,True,بائع نشيط,4.5,7,95.0%,10,15,يوم
أعمال,https://khamsat.com/business,مستندات وعقود قانونية,https://khamsat.com/business/legal-documents,كتابة مذكرات الرد في الدعاوى وفقًا للأنظمة السعودية,https://khamsat.com/business/legal-documents/2791311-%D9%83%D8%AA%D8%A7%D8%A8%D8%A9-%D9%85%D8%B0%D9%83%D8%B1%D8%A7%D8%AA-%D8%A7%D9%84%D8%B1%D8%AF-%D9%81%D9%8A-%D8%A7%D9%84%D8%AF%D8%B9%D8%A7%D9%88%D9%89-%D9%88%D9%81%D9%82%D8%A7-%D9%84%D9%84%D8%A3%D9%86%D8%B8%D9%85%D8%A9-%D8%A7%D9%84%D8%B3%D8%B9%D9%88%D8%AF%D9%8A%D8%A9,5.0,4,يوم,13,0,$10.00,يومين,4,2,35.0,محمد غ.,https://khamsat.com/user/mohamedgheriany,True,بائع مميز,5.0,16,93.55%,2,24,يومين
أعمال,https://khamsat.com/business,مستندات وعقود قانونية,https://khamsat.com/business/legal-documents,اعداد نموذج اخلاء مسؤولية، المحلات والعاب الاطفال والمسابح..,https://khamsat.com/business/legal-documents/2569611-%D8%A7%D8%B9%D8%AF%D8%A7%D8%AF-%D9%86%D9%85%D9%88%D8%B0%D8%AC-%D8%A7%D8%AE%D9%84%D8%A7%D8%A1-%D9%85%D8%B3%D8%A4%D9%88%D9%84%D9%8A%D8%A9-%D8%A7%D9%84%D9%85%D8%AD%D9%84%D8%A7%D8%AA-%D9%88%D8%A7%D9%84%D8%B9%D8%A7%D8%A8-%D8%A7%D9%84%D8%A7%D8%B7%D9%81%D8%A7%D9%84-%D9%88%D8%A7%D9%84%D9%85%D8%B3%D8%A7%D8%A8%D8%AD,5.0,1,7 ساعات,2,0,$10.00,يوم واحد,1,3,275.0,.Alaa A,https://khamsat.com/user/alaaalbilbase,True,بائع جديد,5.0,1,100.0%,5,2,4 ساعات
أعمال,https://khamsat.com/business,مستندات وعقود قانونية,https://khamsat.com/business/legal-documents,إعداد المذكرات واللوائح القانونية,https://khamsat.com/business/legal-documents/2646881-%D8%A5%D8%B9%D8%AF%D8%A7%D8%AF-%D8%A7%D9%84%D9%85%D8%B0%D9%83%D8%B1%D8%A7%D8%AA-%D9%88%D8%A7%D9%84%D9%84%D9%88%D8%A7%D8%A6%D8%AD-%D8%A7%D9%84%D9%82%D8%A7%D9%86%D9%88%D9%86%D9%8A%D8%A9,5.0,9,3 ساعات,12,0,$25.00,يوم واحد,9,3,250.0,خالد ع.,https://khamsat.com/user/anoat,True,بائع نشيط,5.0,18,97.44%,5,20,6 ساعات
أعمال,https://khamsat.com/business,مستندات وعقود قانونية,https://khamsat.com/business/legal-documents,صياغة شروط وسياسات المواقع,https://khamsat.com/business/legal-documents/2719164-%D8%B5%D9%8A%D8%A7%D8%BA%D8%A9-%D8%B4%D8%B1%D9%88%D8%B7-%D9%88%D8%B3%D9%8A%D8%A7%D8%B3%D8%A7%D8%AA-%D8%A7%D9%84%D9%85%D9%88%D8%A7%D9%82%D8%B9,5.0,2,لم يحسب,2,0,$10.00,يومين,2,0,0.0,.Abanob F,https://khamsat.com/user/abanob-farag,True,بائع نشيط,4.5,28,86.05%,8,30,14 ساعة
أعمال,https://khamsat.com/business,مستندات وعقود قانونية,https://khamsat.com/business/legal-documents,الكتابة القانونية لصحف الدعاوى والمذكرات وفقا للأنظمة السعودية,https://khamsat.com/business/legal-documents/2121644-%D8%A7%D9%84%D9%83%D8%AA%D8%A7%D8%A8%D8%A9-%D8%A7%D9%84%D9%82%D8%A7%D9%86%D9%88%D9%86%D9%8A%D8%A9-%D9%84%D8%B5%D8%AD%D9%81-%D8%A7%D9%84%D8%AF%D8%B9%D8%A7%D9%88%D9%89-%D9%88%D8%A7%D9%84%D9%85%D8%B0%D9%83%D8%B1%D8%A7%D8%AA-%D9%88%D9%81%D9%82%D8%A7-%D9%84%D9%84%D8%A3%D9%86%D8%B8%D9%85%D8%A9-%D8%A7%D9%84%D8%B3%D8%B9%D9%88%D8%AF%D9%8A%D8%A9,5.0,27,يوم,34,0,$10.00,يومين,25,3,215.0,.Mostafa A,https://khamsat.com/user/mostafa_noaman,True,بائع مميز,5.0,57,90.29%,5,59,10 ساعات
أعمال,https://khamsat.com/business,مستندات وعقود قانونية,https://khamsat.com/business/legal-documents,صياغة الشروط والأحكام والخصوصيه للمواقع والتطبيقات,https://khamsat.com/business/legal-documents/2460248-%D8%B5%D9%8A%D8%A7%D8%BA%D8%A9-%D8%A7%D9%84%D8%B4%D8%B1%D9%88%D8%B7-%D9%88%D8%A7%D9%84%D8%A3%D8%AD%D9%83%D8%A7%D9%85-%D9%88%D8%A7%D9%84%D8%AE%D8%B5%D9%88%D8%B5%D9%8A%D9%87-%D9%84%D9%84%D9%85%D9%88%D8%A7%D9%82%D8%B9-%D9%88%D8%A7%D9%84%D8%AA%D8%B7%D8%A8%D9%8A%D9%82%D8%A7%D8%AA,5.0,4,29 دقيقة,4,0,$10.00,أسبوع,4,3,145.0,ايهاب ح.,https://khamsat.com/user/ehabatiyaa,True,بائع نشيط,5.0,9,88.24%,4,13,7 ساعات
أعمال,https://khamsat.com/business,مستندات وعقود قانونية,https://khamsat.com/business/legal-documents,اعداد المذكرات ولوائح الدفاع امام المحاكم,https://khamsat.com/business/legal-documents/2732228-%D8%A7%D8%B9%D8%AF%D8%A7%D8%AF-%D8%A7%D9%84%D9%85%D8%B0%D9%83%D8%B1%D8%A7%D8%AA-%D9%88%D9%84%D9%88%D8%A7%D8%A6%D8%AD-%D8%A7%D9%84%D8%AF%D9%81%D8%A7%D8%B9-%D8%A7%D9%85%D8%A7%D9%85-%D8%A7%D9%84%D9%85%D8%AD%D8%A7%D9%83%D9%85,5.0,13,ساعة,19,1,$10.00,يومين,13,4,80.0,.Sondos M,https://khamsat.com/user/sondosmazid,True,بائع مميز,5.0,21,100.0%,6,26,ساعة
أعمال,https://khamsat.com/business,مستندات وعقود قانونية,https://khamsat.com/business/legal-documents,صياغة عقد قانوني وفق القوانين واللوائح السعودية.,https://khamsat.com/business/legal-documents/2631755-%D8%B5%D9%8A%D8%A7%D8%BA%D8%A9-%D8%B9%D9%82%D8%AF-%D9%82%D8%A7%D9%86%D9%88%D9%86%D9%8A-%D9%88%D9%81%D9%82-%D8%A7%D9%84%D9%82%D9%88%D8%A7%D9%86%D9%8A%D9%86-%D9%88%D8%A7%D9%84%D9%84%D9%88%D8%A7%D8%A6%D8%AD-%D8%A7%D9%84%D8%B3%D8%B9%D9%88%D8%AF%D9%8A%D8%A9,4.5,13,13 دقيقة,21,0,$25.00,أسبوع,13,4,80.0,محمود ب.,https://khamsat.com/user/%D9%85%D8%AD%D9%85%D9%88%D8%AF-%D8%B3%D8%A7%D9%84%D9%85,True,بائع موثوق,4.5,275,97.47%,7,405,4 ساعات
أعمال,https://khamsat.com/business,مستندات وعقود قانونية,https://khamsat.com/business/legal-documents,صياغه اللوائح الداخلية للعمل داخل الشركات والمؤسسات,https://khamsat.com/business/legal-documents/2342698-%D8%B5%D9%8A%D8%A7%D8%BA%D9%87-%D8%A7%D9%84%D9%84%D9%88%D8%A7%D8%A6%D8%AD-%D8%A7%D9%84%D8%AF%D8%A7%D8%AE%D9%84%D9%8A%D8%A9-%D9%84%D9%84%D8%B9%D9%85%D9%84-%D8%AF%D8%A7%D8%AE%D9%84-%D8%A7%D9%84%D8%B4%D8%B1%D9%83%D8%A7%D8%AA-%D9%88%D8%A7%D9%84%D9%85%D8%A4%D8%B3%D8%B3%D8%A7%D8%AA,5.0,1,ساعة,7,0,$5.00,يوم واحد,1,4,425.0,.Ahmed A,https://khamsat.com/user/ahmed-abo-el-ezz1,True,بائع مميز,4.5,45,94.44%,19,58,3 ساعات
أعمال,https://khamsat.com/business,مستندات وعقود قانونية,https://khamsat.com/business/legal-documents,صياغة عقد قانوني صحيح وملزم يضمن لك كافة حقوقك.,https://khamsat.com/business/legal-documents/2342416-%D8%B5%D9%8A%D8%A7%D8%BA%D8%A9-%D8%B9%D9%82%D8%AF-%D9%82%D8%A7%D9%86%D9%88%D9%86%D9%8A-%D8%B5%D8%AD%D9%8A%D8%AD-%D9%88%D9%85%D9%84%D8%B2%D9%85-%D9%8A%D8%B6%D9%85%D9%86-%D9%84%D9%83-%D9%83%D8%A7%D9%81%D8%A9-%D8%AD%D9%82%D9%88%D9%82%D9%83,5.0,14,ساعة,16,0,$5.00,يوم واحد,14,4,310.0,.Ahmed A,https://khamsat.com/user/ahmed-abo-el-ezz1,True,بائع مميز,4.5,45,94.44%,19,58,3 ساعات
أعمال,https://khamsat.com/business,مستندات وعقود قانونية,https://khamsat.com/business/legal-documents,صياغة العقود بالقانون الامارتى والقطرى العمانى البحرينى,https://khamsat.com/business/legal-documents/2434182-%D8%B5%D9%8A%D8%A7%D8%BA%D8%A9-%D8%A7%D9%84%D8%B9%D9%82%D9%88%D8%AF-%D8%A8%D8%A7%D9%84%D9%82%D8%A7%D9%86%D9%88%D9%86-%D8%A7%D9%84%D8%A7%D9%85%D8%A7%D8%B1%D8%AA%D9%89-%D9%88%D8%A7%D9%84%D9%82%D8%B7%D8%B1%D9%89-%D8%A7%D9%84%D8%B9%D9%85%D8%A7%D9%86%D9%89-%D8%A7%D9%84%D8%A8%D8%AD%D8%B1%D9%8A%D9%86%D9%89,5.0,3,يوم,4,0,$10.00,يوم واحد,3,5,145.0,ايهاب ح.,https://khamsat.com/user/ehabatiyaa,True,بائع نشيط,5.0,9,88.24%,4,13,7 ساعات
أعمال,https://khamsat.com/business,مستندات وعقود قانونية,https://khamsat.com/business/legal-documents,صياغة كافة أنواع العقود القانونية,https://khamsat.com/business/legal-documents/2852628-%D8%B5%D9%8A%D8%A7%D8%BA%D8%A9-%D9%83%D8%A7%D9%81%D8%A9-%D8%A3%D9%86%D9%88%D8%A7%D8%B9-%D8%A7%D9%84%D8%B9%D9%82%D9%88%D8%AF-%D8%A7%D9%84%D9%82%D8%A7%D9%86%D9%88%D9%86%D9%8A%D8%A9,5.0,16,31 دقيقة,19,0,$15.00,يومين,16,5,120.0,.Mohamed H,https://khamsat.com/user/mohamedkamal2539,True,بائع نشيط,5.0,19,95.0%,6,21,ساعتين
أعمال,https://khamsat.com/business,مستندات وعقود قانونية,https://khamsat.com/business/legal-documents,إعداد عقود أعمال ومذكرات واتفاقيات,https://khamsat.com/business/legal-documents/2126936-%D8%A5%D8%B9%D8%AF%D8%A7%D8%AF-%D8%B9%D9%82%D9%88%D8%AF-%D8%A3%D8%B9%D9%85%D8%A7%D9%84-%D9%88%D9%85%D8%B0%D9%83%D8%B1%D8%A7%D8%AA-%D9%88%D8%A7%D8%AA%D9%81%D8%A7%D9%82%D9%8A%D8%A7%D8%AA,4.5,50,7 دقائق,76,0,$25.00,يوم واحد,25,5,250.0,.Ahmed F,https://khamsat.com/user/ahmed_elmaitre,True,بائع مميز,4.5,63,95.65%,3,91,54 دقيقة
أعمال,https://khamsat.com/business,مستندات وعقود قانونية,https://khamsat.com/business/legal-documents,صياغة وكتابة اتفاقية تعاون بين شركتين,https://khamsat.com/business/legal-documents/2066704-%D8%B5%D9%8A%D8%A7%D8%BA%D8%A9-%D9%88%D9%83%D8%AA%D8%A7%D8%A8%D8%A9-%D8%A7%D8%AA%D9%81%D8%A7%D9%82%D9%8A%D8%A9-%D8%AA%D8%B9%D8%A7%D9%88%D9%86-%D8%A8%D9%8A%D9%86-%D8%B4%D8%B1%D9%83%D8%AA%D9%8A%D9%86,4.5,3,ساعتين,6,0,$25.00,يوم واحد,3,0,0.0,عبدالعزيز م.,https://khamsat.com/user/mr-abdelaziz,True,بائع مميز,5.0,464,96.62%,25,519,4 ساعات
أعمال,https://khamsat.com/business,مستندات وعقود قانونية,https://khamsat.com/business/legal-documents,اعداد لائحة دعوى عمالية طبقا للنظام السعودى,https://khamsat.com/business/legal-documents/2617398-%D8%A7%D8%B9%D8%AF%D8%A7%D8%AF-%D9%84%D8%A7%D8%A6%D8%AD%D8%A9-%D8%AF%D8%B9%D9%88%D9%89-%D8%B9%D9%85%D8%A7%D9%84%D9%8A%D8%A9-%D8%B7%D8%A8%D9%82%D8%A7-%D9%84%D9%84%D9%86%D8%B8%D8%A7%D9%85-%D8%A7%D9%84%D8%B3%D8%B9%D9%88%D8%AF%D9%89,5.0,6,دقيقتين,7,0,$25.00,يومين,6,4,240.0,احمد س.,https://khamsat.com/user/elmostasharahmedsaid,True,بائع نشيط,4.5,16,81.82%,9,20,ساعة
أعمال,https://khamsat.com/business,مستندات وعقود قانونية,https://khamsat.com/business/legal-documents,صياغة العقود التجارية (الامتياز والوساطة والوكالات والتوزيع),https://khamsat.com/business/legal-documents/2097005-%D8%B5%D9%8A%D8%A7%D8%BA%D8%A9-%D8%A7%D9%84%D8%B9%D9%82%D9%88%D8%AF-%D8%A7%D9%84%D8%AA%D8%AC%D8%A7%D8%B1%D9%8A%D8%A9-%D8%A7%D9%84%D8%A7%D9%85%D8%AA%D9%8A%D8%A7%D8%B2-%D9%88%D8%A7%D9%84%D9%88%D8%B3%D8%A7%D8%B7%D8%A9-%D9%88%D8%A7%D9%84%D9%88%D9%83%D8%A7%D9%84%D8%A7%D8%AA-%D9%88%D8%A7%D9%84%D8%AA%D9%88%D8%B2%D9%8A%D8%B9,5.0,2,39 دقيقة,3,0,$50.00,يوم واحد,2,2,60.0,.Abeer A,https://khamsat.com/user/abeerhassoun,True,بائع مميز,5.0,99,96.84%,14,119,3 ساعات
أعمال,https://khamsat.com/business,مستندات وعقود قانونية,https://khamsat.com/business/legal-documents,كتابة وصياغة لائحة تنظيمية داخلية لشركة,https://khamsat.com/business/legal-documents/2854287-%D9%83%D8%AA%D8%A7%D8%A8%D8%A9-%D9%88%D8%B5%D9%8A%D8%A7%D8%BA%D8%A9-%D9%84%D8%A7%D8%A6%D8%AD%D8%A9-%D8%AA%D9%86%D8%B8%D9%8A%D9%85%D9%8A%D8%A9-%D8%AF%D8%A7%D8%AE%D9%84%D9%8A%D8%A9-%D9%84%D8%B4%D8%B1%D9%83%D8%A9,4.5,1,ساعتين,2,1,$25.00,يوم واحد,1,2,125.0,.Mohamed H,https://khamsat.com/user/mohamedkamal2539,True,بائع نشيط,5.0,19,95.0%,6,21,ساعتين
أعمال,https://khamsat.com/business,مستندات وعقود قانونية,https://khamsat.com/business/legal-documents,صياغة كافة أنواع العقود ومراجعتها,https://khamsat.com/business/legal-documents/2268641-%D8%B5%D9%8A%D8%A7%D8%BA%D8%A9-%D9%83%D8%A7%D9%81%D8%A9-%D8%A3%D9%86%D9%88%D8%A7%D8%B9-%D8%A7%D9%84%D8%B9%D9%82%D9%88%D8%AF-%D9%88%D9%85%D8%B1%D8%A7%D8%AC%D8%B9%D8%AA%D9%87%D8%A7,5.0,1,8 دقائق,2,0,$5.00,يوم واحد,1,5,250.0,.Ahmed A,https://khamsat.com/user/ahmedaiyad,True,بائع مميز,5.0,74,84.39%,11,94,10 ساعات
أعمال,https://khamsat.com/business,مستندات وعقود قانونية,https://khamsat.com/business/legal-documents,صياغة كافة العقود القانونية باللغة العربية والانجليزية,https://khamsat.com/business/legal-documents/860020-%D8%B5%D9%8A%D8%A7%D8%BA%D8%A9-%D9%83%D8%A7%D9%81%D8%A9-%D8%A7%D9%84%D8%B9%D9%82%D9%88%D8%AF-%D8%A7%D9%84%D9%82%D8%A7%D9%86%D9%88%D9%86%D9%8A%D8%A9-%D8%A8%D8%A7%D9%84%D9%84%D8%BA%D8%A9-%D8%A7%D9%84%D8%B9%D8%B1%D8%A8%D9%8A%D8%A9-%D9%88%D8%A7%D9%84%D8%A7%D9%86%D8%AC%D9%84%D9%8A%D8%B2%D9%8A%D8%A9,5.0,36,3 ساعات,53,0,$50.00,ثلاثة أيام,25,2,75.0,.Ahmed M,https://khamsat.com/user/ahmed-mahgoub295,True,بائع مميز,5.0,341,95.24%,22,366,ساعتين
أعمال,https://khamsat.com/business,مستندات وعقود قانونية,https://khamsat.com/business/legal-documents,تحرير وكتابة لائحة الدعوى وفقًا للأنظمة السعودية,https://khamsat.com/business/legal-documents/3010731-%D8%AA%D8%AD%D8%B1%D9%8A%D8%B1-%D9%88%D9%83%D8%AA%D8%A7%D8%A8%D8%A9-%D9%84%D8%A7%D8%A6%D8%AD%D8%A9-%D8%A7%D9%84%D8%AF%D8%B9%D9%88%D9%89-%D9%88%D9%81%D9%82%D8%A7-%D9%84%D9%84%D8%A3%D9%86%D8%B8%D9%85%D8%A9-%D8%A7%D9%84%D8%B3%D8%B9%D9%88%D8%AF%D9%8A%D8%A9,0.0,0,4 أيام,1,0,$10.00,يومين,0,0,0.0,محمد غ.,https://khamsat.com/user/mohamedgheriany,True,بائع مميز,5.0,16,93.55%,2,24,يومين
أعمال,https://khamsat.com/business,مستندات وعقود قانونية,https://khamsat.com/business/legal-documents,سأراجع معك أي عقد قانوني,https://khamsat.com/business/legal-documents/842221-%D8%B3%D8%A3%D8%B1%D8%A7%D8%AC%D8%B9-%D9%85%D8%B9%D9%83-%D8%A3%D9%8A-%D8%B9%D9%82%D8%AF-%D9%82%D8%A7%D9%86%D9%88%D9%86%D9%8A,5.0,6,14 ساعة,12,0,$25.00,يوم واحد,6,0,0.0,عبدالعزيز م.,https://khamsat.com/user/mr-abdelaziz,True,بائع مميز,5.0,464,96.62%,25,519,4 ساعات
أعمال,https://khamsat.com/business,مستندات وعقود قانونية,https://khamsat.com/business/legal-documents,صياغة كافة العقود وفقاً للأنظمة السعودية,https://khamsat.com/business/legal-documents/1762046-%D8%B5%D9%8A%D8%A7%D8%BA%D8%A9-%D9%83%D8%A7%D9%81%D8%A9-%D8%A7%D9%84%D8%B9%D9%82%D9%88%D8%AF-%D9%88%D9%81%D9%82%D8%A7-%D9%84%D9%84%D8%A3%D9%86%D8%B8%D9%85%D8%A9-%D8%A7%D9%84%D8%B3%D8%B9%D9%88%D8%AF%D9%8A%D8%A9,5.0,37,18 دقيقة,57,0,$40.00,يومين,25,3,80.0,.Abeer A,https://khamsat.com/user/abeerhassoun,True,بائع مميز,5.0,99,96.84%,14,119,3 ساعات
أعمال,https://khamsat.com/business,مستندات وعقود قانونية,https://khamsat.com/business/legal-documents,صياعة عقودات متوافقة مع النظام السعودي,https://khamsat.com/business/legal-documents/2110451-%D8%B5%D9%8A%D8%A7%D8%B9%D8%A9-%D8%B9%D9%82%D9%88%D8%AF%D8%A7%D8%AA-%D9%85%D8%AA%D9%88%D8%A7%D9%81%D9%82%D8%A9-%D9%85%D8%B9-%D8%A7%D9%84%D9%86%D8%B8%D8%A7%D9%85-%D8%A7%D9%84%D8%B3%D8%B9%D9%88%D8%AF%D9%8A,4.5,23,12 ساعة,35,0,$5.00,يوم واحد,23,5,260.0,احمد إ.,https://khamsat.com/user/ahmad072,True,بائع مميز,4.5,117,94.31%,8,167,ساعتين
أعمال,https://khamsat.com/business,مستندات وعقود قانونية,https://khamsat.com/business/legal-documents,صياغة عقد شراكة وفقا للقانون السعودي والاماراتي,https://khamsat.com/business/legal-documents/2077398-%D8%B5%D9%8A%D8%A7%D8%BA%D8%A9-%D8%B9%D9%82%D8%AF-%D8%B4%D8%B1%D8%A7%D9%83%D8%A9-%D9%88%D9%81%D9%82%D8%A7-%D9%84%D9%84%D9%82%D8%A7%D9%86%D9%88%D9%86-%D8%A7%D9%84%D8%B3%D8%B9%D9%88%D8%AF%D9%8A-%D9%88%D8%A7%D9%84%D8%A7%D9%85%D8%A7%D8%B1%D8%A7%D8%AA%D9%8A,4.5,58,ساعتين,84,0,$5.00,يوم واحد,25,3,100.0,.Fathi A,https://khamsat.com/user/fadi_atallah,True,بائع مميز,4.5,97,92.06%,10,125,ساعتين
أعمال,https://khamsat.com/business,مستندات وعقود قانونية,https://khamsat.com/business/legal-documents,صياغة عقود الشراكة والعقود التجاريةطبقا للنظام السعودى,https://khamsat.com/business/legal-documents/2726296-%D8%B5%D9%8A%D8%A7%D8%BA%D8%A9-%D8%B9%D9%82%D9%88%D8%AF-%D8%A7%D9%84%D8%B4%D8%B1%D8%A7%D9%83%D8%A9-%D9%88%D8%A7%D9%84%D8%B9%D9%82%D9%88%D8%AF-%D8%A7%D9%84%D8%AA%D8%AC%D8%A7%D8%B1%D9%8A%D8%A9%D8%B7%D8%A8%D9%82%D8%A7-%D9%84%D9%84%D9%86%D8%B8%D8%A7%D9%85-%D8%A7%D9%84%D8%B3%D8%B9%D9%88%D8%AF%D9%89,5.0,3,22 دقيقة,4,0,$25.00,يومين,3,1,25.0,احمد س.,https://khamsat.com/user/elmostasharahmedsaid,True,بائع نشيط,4.5,16,81.82%,9,20,ساعة
أعمال,https://khamsat.com/business,مستندات وعقود قانونية,https://khamsat.com/business/legal-documents,صياغة عقد قانوني,https://khamsat.com/business/legal-documents/1351500-%D8%B5%D9%8A%D8%A7%D8%BA%D8%A9-%D8%B9%D9%82%D8%AF-%D9%82%D8%A7%D9%86%D9%88%D9%86%D9%8A,4.5,38,9 ساعات,69,0,$5.00,يوم واحد,25,2,50.0,عبادة ج.,https://khamsat.com/user/law123,True,بائع مميز,4.5,51,91.05%,2,93,4 ساعات
أعمال,https://khamsat.com/business,مستندات وعقود قانونية,https://khamsat.com/business/legal-documents,كتابة جميع أنواع صحائف الدعاوي طبقا للقانون السعودي,https://khamsat.com/business/legal-documents/2853546-%D9%83%D8%AA%D8%A7%D8%A8%D8%A9-%D8%AC%D9%85%D9%8A%D8%B9-%D8%A3%D9%86%D9%88%D8%A7%D8%B9-%D8%B5%D8%AD%D8%A7%D8%A6%D9%81-%D8%A7%D9%84%D8%AF%D8%B9%D8%A7%D9%88%D9%8A-%D8%B7%D8%A8%D9%82%D8%A7-%D9%84%D9%84%D9%82%D8%A7%D9%86%D9%88%D9%86-%D8%A7%D9%84%D8%B3%D8%B9%D9%88%D8%AF%D9%8A,4.5,12,12 ساعة,18,1,$10.00,يومين,12,4,205.0,محمد ج.,https://khamsat.com/user/naseh333,True,بائع مميز,4.5,34,80.21%,6,43,11 ساعة
أعمال,https://khamsat.com/business,مستندات وعقود قانونية,https://khamsat.com/business/legal-documents,سياسة وقواعد السلوك الوظيفى للشركات والمؤسسات الكبرى,https://khamsat.com/business/legal-documents/2305385-%D8%B3%D9%8A%D8%A7%D8%B3%D8%A9-%D9%88%D9%82%D9%88%D8%A7%D8%B9%D8%AF-%D8%A7%D9%84%D8%B3%D9%84%D9%88%D9%83-%D8%A7%D9%84%D9%88%D8%B8%D9%8A%D9%81%D9%89-%D9%84%D9%84%D8%B4%D8%B1%D9%83%D8%A7%D8%AA-%D9%88%D8%A7%D9%84%D9%85%D8%A4%D8%B3%D8%B3%D8%A7%D8%AA-%D8%A7%D9%84%D9%83%D8%A8%D8%B1%D9%89,5.0,3,10 ساعات,5,0,$25.00,يوم واحد,3,1,100.0,هيثم ع.,https://khamsat.com/user/haithamnaiel66,True,بائع نشيط,4.5,7,95.0%,10,15,يوم
أعمال,https://khamsat.com/business,مستندات وعقود قانونية,https://khamsat.com/business/legal-documents,التعليق على الأحكام القضائية والمواد القانونية,https://khamsat.com/business/legal-documents/2695883-%D8%A7%D9%84%D8%AA%D8%B9%D9%84%D9%8A%D9%82-%D8%B9%D9%84%D9%89-%D8%A7%D9%84%D8%A3%D8%AD%D9%83%D8%A7%D9%85-%D8%A7%D9%84%D9%82%D8%B6%D8%A7%D8%A6%D9%8A%D8%A9-%D9%88%D8%A7%D9%84%D9%85%D9%88%D8%A7%D8%AF-%D8%A7%D9%84%D9%82%D8%A7%D9%86%D9%88%D9%86%D9%8A%D8%A9,5.0,3,ساعتين,4,0,$25.00,يوم واحد,3,3,150.0,خالد ع.,https://khamsat.com/user/anoat,True,بائع نشيط,5.0,18,97.44%,5,20,6 ساعات
أعمال,https://khamsat.com/business,استشارات قانونية,https://khamsat.com/business/legal-consulting,تقديم إستشارة قانونية مكتوبة عقارية عقود قرارات,https://khamsat.com/business/legal-consulting/3047873-%D8%AA%D9%82%D8%AF%D9%8A%D9%85-%D8%A5%D8%B3%D8%AA%D8%B4%D8%A7%D8%B1%D8%A9-%D9%82%D8%A7%D9%86%D9%88%D9%86%D9%8A%D8%A9-%D9%85%D9%83%D8%AA%D9%88%D8%A8%D8%A9-%D8%B9%D9%82%D8%A7%D8%B1%D9%8A%D8%A9-%D8%B9%D9%82%D9%88%D8%AF-%D9%82%D8%B1%D8%A7%D8%B1%D8%A7%D8%AA,0.0,0,55 دقيقة,1,0,$10.00,يوم واحد,0,1,25.0,.Rabah L,https://khamsat.com/user/maitrerabah,False,بائع جديد,0.0,0,50.0%,1,1,55 دقيقة
أعمال,https://khamsat.com/business,استشارات قانونية,https://khamsat.com/business/legal-consulting,استشارات قانونية وتقارير بالرأي القانوني,https://khamsat.com/business/legal-consulting/2723428-%D8%A7%D8%B3%D8%AA%D8%B4%D8%A7%D8%B1%D8%A7%D8%AA-%D9%82%D8%A7%D9%86%D9%88%D9%86%D9%8A%D8%A9-%D9%88%D8%AA%D9%82%D8%A7%D8%B1%D9%8A%D8%B1-%D8%A8%D8%A7%D9%84%D8%B1%D8%A3%D9%8A-%D8%A7%D9%84%D9%82%D8%A7%D9%86%D9%88%D9%86%D9%8A,5.0,21,ساعة,28,0,$10.00,يوم واحد,21,1,5.0,هناء إ.,https://khamsat.com/user/hanaaesmaiel,True,بائع مميز,5.0,42,93.43%,5,51,ساعة
أعمال,https://khamsat.com/business,استشارات قانونية,https://khamsat.com/business/legal-consulting,الاستشارات القانونية والدعاوي والطعون,https://khamsat.com/business/legal-consulting/2236254-%D8%A7%D9%84%D8%A7%D8%B3%D8%AA%D8%B4%D8%A7%D8%B1%D8%A7%D8%AA-%D8%A7%D9%84%D9%82%D8%A7%D9%86%D9%88%D9%86%D9%8A%D8%A9-%D9%88%D8%A7%D9%84%D8%AF%D8%B9%D8%A7%D9%88%D9%8A-%D9%88%D8%A7%D9%84%D8%B7%D8%B9%D9%88%D9%86,5.0,23,3 ساعات,28,0,$5.00,يوم واحد,23,5,285.0,أحمد ع.,https://khamsat.com/user/amkg412,True,بائع مميز,5.0,26,96.97%,1,29,ساعة
أعمال,https://khamsat.com/business,استشارات قانونية,https://khamsat.com/business/legal-consulting,استشارات قانونية للمؤسسات والأفراد,https://khamsat.com/business/legal-consulting/2127066-%D8%A7%D8%B3%D8%AA%D8%B4%D8%A7%D8%B1%D8%A7%D8%AA-%D9%82%D8%A7%D9%86%D9%88%D9%86%D9%8A%D8%A9-%D9%84%D9%84%D9%85%D8%A4%D8%B3%D8%B3%D8%A7%D8%AA-%D9%88%D8%A7%D9%84%D8%A3%D9%81%D8%B1%D8%A7%D8%AF,4.5,8,ساعة,10,0,$20.00,يوم واحد,8,0,0.0,.Ahmed F,https://khamsat.com/user/ahmed_elmaitre,True,بائع مميز,4.5,63,95.65%,3,91,54 دقيقة
أعمال,https://khamsat.com/business,استشارات قانونية,https://khamsat.com/business/legal-consulting,تقديم الاستشارات القانونية وصياغة العقود,https://khamsat.com/business/legal-consulting/1205849-%D8%AA%D9%82%D8%AF%D9%8A%D9%85-%D8%A7%D9%84%D8%A7%D8%B3%D8%AA%D8%B4%D8%A7%D8%B1%D8%A7%D8%AA-%D8%A7%D9%84%D9%82%D8%A7%D9%86%D9%88%D9%86%D9%8A%D8%A9-%D9%88%D8%B5%D9%8A%D8%A7%D8%BA%D8%A9-%D8%A7%D9%84%D8%B9%D9%82%D9%88%D8%AF,4.5,78,ساعة,141,0,$5.00,يوم واحد,25,5,445.0,.Mabrouk A,https://khamsat.com/user/mabrouk288,True,بائع مميز,4.5,121,96.06%,4,196,ساعة
أعمال,https://khamsat.com/business,استشارات قانونية,https://khamsat.com/business/legal-consulting,استشارات قانونية في القضايا الجزائية والمدنية بمحاكم عُمَان,https://khamsat.com/business/legal-consulting/1737978-%D8%A7%D8%B3%D8%AA%D8%B4%D8%A7%D8%B1%D8%A7%D8%AA-%D9%82%D8%A7%D9%86%D9%88%D9%86%D9%8A%D8%A9-%D9%81%D9%8A-%D8%A7%D9%84%D9%82%D8%B6%D8%A7%D9%8A%D8%A7-%D8%A7%D9%84%D8%AC%D8%B2%D8%A7%D8%A6%D9%8A%D8%A9-%D9%88%D8%A7%D9%84%D9%85%D8%AF%D9%86%D9%8A%D8%A9-%D8%A8%D9%85%D8%AD%D8%A7%D9%83%D9%85-%D8%B9%D9%85%D8%A7%D9%86,5.0,6,ساعة,5,0,$15.00,يومين,6,4,425.0,.Yasser N,https://khamsat.com/user/yasser_nabeih,True,بائع مميز,5.0,24,100.0%,1,14,10 ساعات
أعمال,https://khamsat.com/business,استشارات قانونية,https://khamsat.com/business/legal-consulting,استشارات قانونية في جميع مسائل القانون,https://khamsat.com/business/legal-consulting/2386719-%D8%A7%D8%B3%D8%AA%D8%B4%D8%A7%D8%B1%D8%A7%D8%AA-%D9%82%D8%A7%D9%86%D9%88%D9%86%D9%8A%D8%A9-%D9%81%D9%8A-%D8%AC%D9%85%D9%8A%D8%B9-%D9%85%D8%B3%D8%A7%D8%A6%D9%84-%D8%A7%D9%84%D9%82%D8%A7%D9%86%D9%88%D9%86,5.0,1,14 ساعة,1,0,$20.00,ثلاثة أيام,1,5,175.0,.Alhaj H,https://khamsat.com/user/alhaj55hasaballah,True,بائع مميز,5.0,65,94.74%,4,91,7 ساعات
أعمال,https://khamsat.com/business,استشارات قانونية,https://khamsat.com/business/legal-consulting,إستشارة منصة سابر والمنتجات الخاضعة,https://khamsat.com/business/legal-consulting/2967742-%D8%A5%D8%B3%D8%AA%D8%B4%D8%A7%D8%B1%D8%A9-%D9%85%D9%86%D8%B5%D8%A9-%D8%B3%D8%A7%D8%A8%D8%B1-%D9%88%D8%A7%D9%84%D9%85%D9%86%D8%AA%D8%AC%D8%A7%D8%AA-%D8%A7%D9%84%D8%AE%D8%A7%D8%B6%D8%B9%D8%A9,5.0,2,8 دقائق,2,0,$10.00,يومين,2,0,0.0,.Atheer D,https://khamsat.com/user/atheer_mohammed1,True,مشتري مميز,5.0,2,100.0%,4,2,8 دقائق
أعمال,https://khamsat.com/business,استشارات قانونية,https://khamsat.com/business/legal-consulting,استشارات قانونية لدول الخليج,https://khamsat.com/business/legal-consulting/1210120-%D8%A7%D8%B3%D8%AA%D8%B4%D8%A7%D8%B1%D8%A7%D8%AA-%D9%82%D8%A7%D9%86%D9%88%D9%86%D9%8A%D8%A9-%D9%84%D8%AF%D9%88%D9%84-%D8%A7%D9%84%D8%AE%D9%84%D9%8A%D8%AC,5.0,27,59 دقيقة,37,0,$50.00,يوم واحد,25,2,300.0,رائد س.,https://khamsat.com/user/ra88d,True,بائع مميز,5.0,55,93.52%,3,70,4 ساعات
أعمال,https://khamsat.com/business,استشارات قانونية,https://khamsat.com/business/legal-consulting,الاستشارات القانونية أمام القضاء السعودي,https://khamsat.com/business/legal-consulting/2302942-%D8%A7%D9%84%D8%A7%D8%B3%D8%AA%D8%B4%D8%A7%D8%B1%D8%A7%D8%AA-%D8%A7%D9%84%D9%82%D8%A7%D9%86%D9%88%D9%86%D9%8A%D8%A9-%D8%A3%D9%85%D8%A7%D9%85-%D8%A7%D9%84%D9%82%D8%B6%D8%A7%D8%A1-%D8%A7%D9%84%D8%B3%D8%B9%D9%88%D8%AF%D9%8A,4.5,6,5 ساعات,11,0,$25.00,يومين,6,2,105.0,عمار س.,https://khamsat.com/user/amarbagal,True,بائع نشيط,5.0,19,91.89%,2,28,ساعة
أعمال,https://khamsat.com/business,استشارات قانونية,https://khamsat.com/business/legal-consulting,استشارات متعلقة بالقضايا الشرعية,https://khamsat.com/business/legal-consulting/1291747-%D8%A7%D8%B3%D8%AA%D8%B4%D8%A7%D8%B1%D8%A7%D8%AA-%D9%85%D8%AA%D8%B9%D9%84%D9%82%D8%A9-%D8%A8%D8%A7%D9%84%D9%82%D8%B6%D8%A7%D9%8A%D8%A7-%D8%A7%D9%84%D8%B4%D8%B1%D8%B9%D9%8A%D8%A9,5.0,10,4 دقائق,15,0,$5.00,يوم واحد,10,2,60.0,.Osama J,https://khamsat.com/user/osama123456,True,بائع مميز,4.5,133,95.23%,10,146,4 ساعات
أعمال,https://khamsat.com/business,استشارات قانونية,https://khamsat.com/business/legal-consulting,تقديم الاستشارات القانونية طبقًا للأنظمة السعودية,https://khamsat.com/business/legal-consulting/2103657-%D8%AA%D9%82%D8%AF%D9%8A%D9%85-%D8%A7%D9%84%D8%A7%D8%B3%D8%AA%D8%B4%D8%A7%D8%B1%D8%A7%D8%AA-%D8%A7%D9%84%D9%82%D8%A7%D9%86%D9%88%D9%86%D9%8A%D8%A9-%D8%B7%D8%A8%D9%82%D8%A7-%D9%84%D9%84%D8%A3%D9%86%D8%B8%D9%85%D8%A9-%D8%A7%D9%84%D8%B3%D8%B9%D9%88%D8%AF%D9%8A%D8%A9,5.0,20,6 ساعات,26,0,$15.00,يوم واحد,20,5,255.0,.Mostafa A,https://khamsat.com/user/mostafa_noaman,True,بائع مميز,5.0,57,90.29%,5,59,10 ساعات
أعمال,https://khamsat.com/business,استشارات قانونية,https://khamsat.com/business/legal-consulting,تقديم استشارة قانونية واحدة فقط في أي مجال من مجالات القانون,https://khamsat.com/business/legal-consulting/1231654-%D8%AA%D9%82%D8%AF%D9%8A%D9%85-%D8%A7%D8%B3%D8%AA%D8%B4%D8%A7%D8%B1%D8%A9-%D9%82%D8%A7%D9%86%D9%88%D9%86%D9%8A%D8%A9-%D9%88%D8%A7%D8%AD%D8%AF%D8%A9-%D9%81%D9%82%D8%B7-%D9%81%D9%8A-%D8%A3%D9%8A-%D9%85%D8%AC%D8%A7%D9%84-%D9%85%D9%86-%D9%85%D8%AC%D8%A7%D9%84%D8%A7%D8%AA-%D8%A7%D9%84%D9%82%D8%A7%D9%86%D9%88%D9%86,4.5,24,9 ساعات,37,0,$25.00,يومين,24,0,0.0,.Osama J,https://khamsat.com/user/osama123456,True,بائع مميز,4.5,133,95.23%,10,146,4 ساعات
أعمال,https://khamsat.com/business,استشارات قانونية,https://khamsat.com/business/legal-consulting,استشارات قانونية,https://khamsat.com/business/legal-consulting/1239018-%D8%A7%D8%B3%D8%AA%D8%B4%D8%A7%D8%B1%D8%A7%D8%AA-%D9%82%D8%A7%D9%86%D9%88%D9%86%D9%8A%D8%A9,5.0,6,13 ساعة,9,0,$25.00,يوم واحد,6,1,5.0,.Osama J,https://khamsat.com/user/osama123456,True,بائع مميز,4.5,133,95.23%,10,146,4 ساعات
أعمال,https://khamsat.com/business,استشارات قانونية,https://khamsat.com/business/legal-consulting,تقديم استشارات قانونية وصياغة عقود افراد وشركات,https://khamsat.com/business/legal-consulting/2253165-%D8%AA%D9%82%D8%AF%D9%8A%D9%85-%D8%A7%D8%B3%D8%AA%D8%B4%D8%A7%D8%B1%D8%A7%D8%AA-%D9%82%D8%A7%D9%86%D9%88%D9%86%D9%8A%D8%A9-%D9%88%D8%B5%D9%8A%D8%A7%D8%BA%D8%A9-%D8%B9%D9%82%D9%88%D8%AF-%D8%A7%D9%81%D8%B1%D8%A7%D8%AF-%D9%88%D8%B4%D8%B1%D9%83%D8%A7%D8%AA,5.0,3,6 ساعات,6,0,$5.00,يوم واحد,3,4,90.0,.Ehab A,https://khamsat.com/user/ehab_consultant,True,بائع جديد,5.0,3,90.0%,1,6,6 ساعات
أعمال,https://khamsat.com/business,استشارات قانونية,https://khamsat.com/business/legal-consulting,الإستشارات القانونية في كل مسائل القانون,https://khamsat.com/business/legal-consulting/2018855-%D8%A7%D9%84%D8%A5%D8%B3%D8%AA%D8%B4%D8%A7%D8%B1%D8%A7%D8%AA-%D8%A7%D9%84%D9%82%D8%A7%D9%86%D9%88%D9%86%D9%8A%D8%A9-%D9%81%D9%8A-%D9%83%D9%84-%D9%85%D8%B3%D8%A7%D8%A6%D9%84-%D8%A7%D9%84%D9%82%D8%A7%D9%86%D9%88%D9%86,4.5,38,ساعة,57,0,$10.00,يوم واحد,25,1,15.0,احمد إ.,https://khamsat.com/user/ahmad072,True,بائع مميز,4.5,117,94.31%,8,167,ساعتين
أعمال,https://khamsat.com/business,استشارات قانونية,https://khamsat.com/business/legal-consulting,استشارات قانونية وفقا للنظام السعودى,https://khamsat.com/business/legal-consulting/2680242-%D8%A7%D8%B3%D8%AA%D8%B4%D8%A7%D8%B1%D8%A7%D8%AA-%D9%82%D8%A7%D9%86%D9%88%D9%86%D9%8A%D8%A9-%D9%88%D9%81%D9%82%D8%A7-%D9%84%D9%84%D9%86%D8%B8%D8%A7%D9%85-%D8%A7%D9%84%D8%B3%D8%B9%D9%88%D8%AF%D9%89,5.0,4,ساعة,9,0,$10.00,يوم واحد,4,1,25.0,احمد س.,https://khamsat.com/user/elmostasharahmedsaid,True,بائع نشيط,4.5,16,81.82%,9,20,ساعة
أعمال,https://khamsat.com/business,استشارات قانونية,https://khamsat.com/business/legal-consulting,الاستشارات القضائية المكتوبة في كافة المجالات,https://khamsat.com/business/legal-consulting/2685888-%D8%A7%D9%84%D8%A7%D8%B3%D8%AA%D8%B4%D8%A7%D8%B1%D8%A7%D8%AA-%D8%A7%D9%84%D9%82%D8%B6%D8%A7%D8%A6%D9%8A%D8%A9-%D8%A7%D9%84%D9%85%D9%83%D8%AA%D9%88%D8%A8%D8%A9-%D9%81%D9%8A-%D9%83%D8%A7%D9%81%D8%A9-%D8%A7%D9%84%D9%85%D8%AC%D8%A7%D9%84%D8%A7%D8%AA,5.0,1,ساعتين,1,0,$25.00,يومين,1,4,220.0,خالد ع.,https://khamsat.com/user/anoat,True,بائع نشيط,5.0,18,97.44%,5,20,6 ساعات
أعمال,https://khamsat.com/business,استشارات قانونية,https://khamsat.com/business/legal-consulting,تقدم جميع الدعاوي علي منصة ناجز,https://khamsat.com/business/legal-consulting/2803516-%D8%AA%D9%82%D8%AF%D9%85-%D8%AC%D9%85%D9%8A%D8%B9-%D8%A7%D9%84%D8%AF%D8%B9%D8%A7%D9%88%D9%8A-%D8%B9%D9%84%D9%8A-%D9%85%D9%86%D8%B5%D8%A9-%D9%86%D8%A7%D8%AC%D8%B2,4.5,3,6 دقائق,3,0,$10.00,ثلاثة أيام,3,1,100.0,صلاح الدين ح.,https://khamsat.com/user/salah83,True,بائع جديد,4.5,6,87.5%,5,7,7 دقائق
أعمال,https://khamsat.com/business,استشارات قانونية,https://khamsat.com/business/legal-consulting,استشارات قانونية فى كافة الاعمال القانونية,https://khamsat.com/business/legal-consulting/2061391-%D8%A7%D8%B3%D8%AA%D8%B4%D8%A7%D8%B1%D8%A7%D8%AA-%D9%82%D8%A7%D9%86%D9%88%D9%86%D9%8A%D8%A9-%D9%81%D9%89-%D9%83%D8%A7%D9%81%D8%A9-%D8%A7%D9%84%D8%A7%D8%B9%D9%85%D8%A7%D9%84-%D8%A7%D9%84%D9%82%D8%A7%D9%86%D9%88%D9%86%D9%8A%D8%A9,4.5,7,ساعة,9,0,$10.00,يوم واحد,7,0,0.0,معتز ع.,https://khamsat.com/user/motazmohmed,True,بائع نشيط,4.5,10,81.63%,4,12,10 ساعات
أعمال,https://khamsat.com/business,استشارات قانونية,https://khamsat.com/business/legal-consulting,استشارات قانونية في نظام العمل السعودي,https://khamsat.com/business/legal-consulting/1670332-%D8%A7%D8%B3%D8%AA%D8%B4%D8%A7%D8%B1%D8%A7%D8%AA-%D9%82%D8%A7%D9%86%D9%88%D9%86%D9%8A%D8%A9-%D9%81%D9%8A-%D9%86%D8%B8%D8%A7%D9%85-%D8%A7%D9%84%D8%B9%D9%85%D9%84-%D8%A7%D9%84%D8%B3%D8%B9%D9%88%D8%AF%D9%8A,4.5,27,7 ساعات,36,1,$5.00,يوم واحد,25,5,295.0,.Naji A,https://khamsat.com/user/najialnahdi,True,بائع مميز,4.5,115,93.14%,4,173,8 ساعات
أعمال,https://khamsat.com/business,استشارات قانونية,https://khamsat.com/business/legal-consulting,تقديم خدمة الاستشارت القانونية,https://khamsat.com/business/legal-consulting/2301105-%D8%AA%D9%82%D8%AF%D9%8A%D9%85-%D8%AE%D8%AF%D9%85%D8%A9-%D8%A7%D9%84%D8%A7%D8%B3%D8%AA%D8%B4%D8%A7%D8%B1%D8%AA-%D8%A7%D9%84%D9%82%D8%A7%D9%86%D9%88%D9%86%D9%8A%D8%A9,5.0,1,12 ساعة,3,0,$5.00,يومين,1,2,20.0,.Bashar S,https://khamsat.com/user/bashar_sallout,True,بائع مميز,4.5,19,93.42%,5,29,21 ساعة
أعمال,https://khamsat.com/business,استشارات قانونية,https://khamsat.com/business/legal-consulting,الاستشارات القانونية وفقاً للقوانين السعودية,https://khamsat.com/business/legal-consulting/2363310-%D8%A7%D9%84%D8%A7%D8%B3%D8%AA%D8%B4%D8%A7%D8%B1%D8%A7%D8%AA-%D8%A7%D9%84%D9%82%D8%A7%D9%86%D9%88%D9%86%D9%8A%D8%A9-%D9%88%D9%81%D9%82%D8%A7-%D9%84%D9%84%D9%82%D9%88%D8%A7%D9%86%D9%8A%D9%86-%D8%A7%D9%84%D8%B3%D8%B9%D9%88%D8%AF%D9%8A%D8%A9,0.0,0,6 دقائق,2,0,$20.00,يوم واحد,0,2,50.0,.Abeer A,https://khamsat.com/user/abeerhassoun,True,بائع مميز,5.0,99,96.84%,14,119,3 ساعات
أعمال,https://khamsat.com/business,استشارات قانونية,https://khamsat.com/business/legal-consulting,الاستشارات القانونية وفقاً للأنظمة السعودية,https://khamsat.com/business/legal-consulting/1920703-%D8%A7%D9%84%D8%A7%D8%B3%D8%AA%D8%B4%D8%A7%D8%B1%D8%A7%D8%AA-%D8%A7%D9%84%D9%82%D8%A7%D9%86%D9%88%D9%86%D9%8A%D8%A9-%D9%88%D9%81%D9%82%D8%A7-%D9%84%D9%84%D8%A3%D9%86%D8%B8%D9%85%D8%A9-%D8%A7%D9%84%D8%B3%D8%B9%D9%88%D8%AF%D9%8A%D8%A9,4.5,19,3 ساعات,28,0,$5.00,يوم واحد,19,5,445.0,.Mabrouk A,https://khamsat.com/user/mabrouk288,True,بائع مميز,4.5,121,96.06%,4,196,ساعة
أعمال,https://khamsat.com/business,استشارات قانونية,https://khamsat.com/business/legal-consulting,تقديم الاستشارات القانونية وصياغة العقود,https://khamsat.com/business/legal-consulting/1877184-%D8%AA%D9%82%D8%AF%D9%8A%D9%85-%D8%A7%D9%84%D8%A7%D8%B3%D8%AA%D8%B4%D8%A7%D8%B1%D8%A7%D8%AA-%D8%A7%D9%84%D9%82%D8%A7%D9%86%D9%88%D9%86%D9%8A%D8%A9-%D9%88%D8%B5%D9%8A%D8%A7%D8%BA%D8%A9-%D8%A7%D9%84%D8%B9%D9%82%D9%88%D8%AF,5.0,7,7 دقائق,11,0,$10.00,يوم واحد,7,5,170.0,عمار س.,https://khamsat.com/user/amarbagal,True,بائع نشيط,5.0,19,91.89%,2,28,ساعة
أعمال,https://khamsat.com/business,استشارات قانونية,https://khamsat.com/business/legal-consulting,استشارات قانونية وصياغة عقود,https://khamsat.com/business/legal-consulting/688788-%D8%A7%D8%B3%D8%AA%D8%B4%D8%A7%D8%B1%D8%A7%D8%AA-%D9%82%D8%A7%D9%86%D9%88%D9%86%D9%8A%D8%A9-%D9%88%D8%B5%D9%8A%D8%A7%D8%BA%D8%A9-%D8%B9%D9%82%D9%88%D8%AF,4.5,23,8 دقائق,50,0,$5.00,ثلاثة أيام,23,5,100.0,أحمد ي.,https://khamsat.com/user/avocat_ahmed,True,بائع مميز,4.5,56,83.22%,4,101,5 ساعات
أعمال,https://khamsat.com/business,استشارات قانونية,https://khamsat.com/business/legal-consulting,استشارة قانونية وفقا للنظام السعودي,https://khamsat.com/business/legal-consulting/1814534-%D8%A7%D8%B3%D8%AA%D8%B4%D8%A7%D8%B1%D8%A9-%D9%82%D8%A7%D9%86%D9%88%D9%86%D9%8A%D8%A9-%D9%88%D9%81%D9%82%D8%A7-%D9%84%D9%84%D9%86%D8%B8%D8%A7%D9%85-%D8%A7%D9%84%D8%B3%D8%B9%D9%88%D8%AF%D9%8A,4.5,33,4 ساعات,56,1,$5.00,يوم واحد,25,4,425.0,.Abdulrahman A,https://khamsat.com/user/abdulrhman_56,True,بائع مميز,4.5,34,91.67%,1,56,ساعتين
أعمال,https://khamsat.com/business,استشارات قانونية,https://khamsat.com/business/legal-consulting,الخدمات القانونية العمالية للإستشارة القانونية العمالية,https://khamsat.com/business/legal-consulting/1307303-%D8%A7%D9%84%D8%AE%D8%AF%D9%85%D8%A7%D8%AA-%D8%A7%D9%84%D9%82%D8%A7%D9%86%D9%88%D9%86%D9%8A%D8%A9-%D8%A7%D9%84%D8%B9%D9%85%D8%A7%D9%84%D9%8A%D8%A9-%D9%84%D9%84%D8%A5%D8%B3%D8%AA%D8%B4%D8%A7%D8%B1%D8%A9-%D8%A7%D9%84%D9%82%D8%A7%D9%86%D9%88%D9%86%D9%8A%D8%A9-%D8%A7%D9%84%D8%B9%D9%85%D8%A7%D9%84%D9%8A%D8%A9,5.0,10,ساعة,15,0,$10.00,يومين,10,5,240.0,.Moustafa S,https://khamsat.com/user/moustafa-abdelghani,True,بائع مميز,5.0,102,90.57%,6,119,16 ساعة
أعمال,https://khamsat.com/business,استشارات قانونية,https://khamsat.com/business/legal-consulting,تقديم استشارة قانونية عمالية احوال شخصية عامة,https://khamsat.com/business/legal-consulting/2897399-%D8%AA%D9%82%D8%AF%D9%8A%D9%85-%D8%A7%D8%B3%D8%AA%D8%B4%D8%A7%D8%B1%D8%A9-%D9%82%D8%A7%D9%86%D9%88%D9%86%D9%8A%D8%A9-%D8%B9%D9%85%D8%A7%D9%84%D9%8A%D8%A9-%D8%A7%D8%AD%D9%88%D8%A7%D9%84-%D8%B4%D8%AE%D8%B5%D9%8A%D8%A9-%D8%B9%D8%A7%D9%85%D8%A9,5.0,1,5 ساعات,2,0,$10.00,يومين,1,1,20.0,.Razan A,https://khamsat.com/user/razantich99,True,بائع جديد,5.0,1,66.67%,4,2,5 ساعات
أعمال,https://khamsat.com/business,استشارات قانونية,https://khamsat.com/business/legal-consulting,استشارات قانونية وفق القانون السعودي,https://khamsat.com/business/legal-consulting/2886726-%D8%A7%D8%B3%D8%AA%D8%B4%D8%A7%D8%B1%D8%A7%D8%AA-%D9%82%D8%A7%D9%86%D9%88%D9%86%D9%8A%D8%A9-%D9%88%D9%81%D9%82-%D8%A7%D9%84%D9%82%D8%A7%D9%86%D9%88%D9%86-%D8%A7%D9%84%D8%B3%D8%B9%D9%88%D8%AF%D9%8A,5.0,2,ساعة,3,0,$10.00,يوم واحد,2,1,5.0,.Sondos M,https://khamsat.com/user/sondosmazid,True,بائع مميز,5.0,21,100.0%,6,26,ساعة
أعمال,https://khamsat.com/business,أخرى,https://khamsat.com/business/other-legal-services,الإجابة على أسئلة قانونية,https://khamsat.com/business/other-legal-services/1640058-%D8%A7%D9%84%D8%A5%D8%AC%D8%A7%D8%A8%D8%A9-%D8%B9%D9%84%D9%89-%D8%A3%D8%B3%D8%A6%D9%84%D8%A9-%D9%82%D8%A7%D9%86%D9%88%D9%86%D9%8A%D8%A9,5.0,4,يوم,5,0,$5.00,يوم واحد,4,5,115.0,خيرة أمل د.,https://khamsat.com/user/lema01kayra,True,بائع مميز,5.0,29,94.81%,4,29,يوم
أعمال,https://khamsat.com/business,أخرى,https://khamsat.com/business/other-legal-services,اتفاقية عدم إفشاء الاسرار,https://khamsat.com/business/other-legal-services/1279144-%D8%A7%D8%AA%D9%81%D8%A7%D9%82%D9%8A%D8%A9-%D8%B9%D8%AF%D9%85-%D8%A5%D9%81%D8%B4%D8%A7%D8%A1-%D8%A7%D9%84%D8%A7%D8%B3%D8%B1%D8%A7%D8%B1,5.0,12,5 ساعات,13,0,$5.00,يوم واحد,12,1,35.0,.Osama J,https://khamsat.com/user/osama123456,True,بائع مميز,4.5,133,95.23%,10,146,4 ساعات
أعمال,https://khamsat.com/business,أخرى,https://khamsat.com/business/other-legal-services,قواعد بيانات قانونية قيمة عن النظام السعودي,https://khamsat.com/business/other-legal-services/2285172-%D9%82%D9%88%D8%A7%D8%B9%D8%AF-%D8%A8%D9%8A%D8%A7%D9%86%D8%A7%D8%AA-%D9%82%D8%A7%D9%86%D9%88%D9%86%D9%8A%D8%A9-%D9%82%D9%8A%D9%85%D8%A9-%D8%B9%D9%86-%D8%A7%D9%84%D9%86%D8%B8%D8%A7%D9%85-%D8%A7%D9%84%D8%B3%D8%B9%D9%88%D8%AF%D9%8A,5.0,2,7 ساعات,3,1,$5.00,يوم واحد,2,1,20.0,.Abdelwahed E,https://khamsat.com/user/abdelwahedlawer,True,بائع مميز,5.0,11,93.06%,3,13,7 ساعات
أعمال,https://khamsat.com/business,أخرى,https://khamsat.com/business/other-legal-services,التعليق على الاحكام القضائية والمواد القانونية,https://khamsat.com/business/other-legal-services/1960187-%D8%A7%D9%84%D8%AA%D8%B9%D9%84%D9%8A%D9%82-%D8%B9%D9%84%D9%89-%D8%A7%D9%84%D8%A7%D8%AD%D9%83%D8%A7%D9%85-%D8%A7%D9%84%D9%82%D8%B6%D8%A7%D8%A6%D9%8A%D8%A9-%D9%88%D8%A7%D9%84%D9%85%D9%88%D8%A7%D8%AF-%D8%A7%D9%84%D9%82%D8%A7%D9%86%D9%88%D9%86%D9%8A%D8%A9,5.0,24,ساعتين,27,0,$5.00,يوم واحد,24,2,15.0,عبدالرحمن ك.,https://khamsat.com/user/abdelrahman_hikal,True,بائع مميز,5.0,100,98.67%,3,109,3 ساعات
أعمال,https://khamsat.com/business,أخرى,https://khamsat.com/business/other-legal-services,مساعدة افتراضية ومديرة اعمال عن بعد,https://khamsat.com/business/other-legal-services/3010397-%D9%85%D8%B3%D8%A7%D8%B9%D8%AF%D8%A9-%D8%A7%D9%81%D8%AA%D8%B1%D8%A7%D8%B6%D9%8A%D8%A9-%D9%88%D9%85%D8%AF%D9%8A%D8%B1%D8%A9-%D8%A7%D8%B9%D9%85%D8%A7%D9%84-%D8%B9%D9%86-%D8%A8%D8%B9%D8%AF,0.0,0,لم يحسب,0,0,$5.00,يوم واحد,0,3,225.0,.Doaa A,https://khamsat.com/user/doaa_124,False,بائع جديد,0.0,0,لم يحسب بعد,1,0,لم يحسب
أعمال,https://khamsat.com/business,أخرى,https://khamsat.com/business/other-legal-services,مساعد افتراضي محترف سريع متقن جدا,https://khamsat.com/business/other-legal-services/3013244-%D9%85%D8%B3%D8%A7%D8%B9%D8%AF-%D8%A7%D9%81%D8%AA%D8%B1%D8%A7%D8%B6%D9%8A-%D9%85%D8%AD%D8%AA%D8%B1%D9%81-%D8%B3%D8%B1%D9%8A%D8%B9-%D9%85%D8%AA%D9%82%D9%86-%D8%AC%D8%AF%D8%A7,0.0,0,لم يحسب,0,0,$10.00,يوم واحد,0,3,225.0,.Rofayda M,https://khamsat.com/user/galalrofa66,False,بائع جديد,0.0,0,لم يحسب بعد,1,0,لم يحسب
أعمال,https://khamsat.com/business,أخرى,https://khamsat.com/business/other-legal-services,الاشتراطات البلدية لنشاطك التجاري,https://khamsat.com/business/other-legal-services/2368316-%D8%A7%D9%84%D8%A7%D8%B4%D8%AA%D8%B1%D8%A7%D8%B7%D8%A7%D8%AA-%D8%A7%D9%84%D8%A8%D9%84%D8%AF%D9%8A%D8%A9-%D9%84%D9%86%D8%B4%D8%A7%D8%B7%D9%83-%D8%A7%D9%84%D8%AA%D8%AC%D8%A7%D8%B1%D9%8A,5.0,2,22 دقيقة,3,0,$10.00,يومين,2,2,175.0,.Ahmeed A,https://khamsat.com/user/khalid_alswailem,True,بائع مميز,4.5,106,86.58%,7,240,3 ساعات
أعمال,https://khamsat.com/business,أخرى,https://khamsat.com/business/other-legal-services,استشارات سياحيه وفندقية لكل من الغردقه وشرم الشيخ والطيران,https://khamsat.com/business/other-legal-services/2859391-%D8%A7%D8%B3%D8%AA%D8%B4%D8%A7%D8%B1%D8%A7%D8%AA-%D8%B3%D9%8A%D8%A7%D8%AD%D9%8A%D9%87-%D9%88%D9%81%D9%86%D8%AF%D9%82%D9%8A%D8%A9-%D9%84%D9%83%D9%84-%D9%85%D9%86-%D8%A7%D9%84%D8%BA%D8%B1%D8%AF%D9%82%D9%87-%D9%88%D8%B4%D8%B1%D9%85-%D8%A7%D9%84%D8%B4%D9%8A%D8%AE-%D9%88%D8%A7%D9%84%D8%B7%D9%8A%D8%B1%D8%A7%D9%86,0.0,0,لم يحسب,0,0,$5.00,يوم واحد,0,0,0.0,.Fatma Elzahra O,https://khamsat.com/user/fatmaelzahra,True,بائع جديد,0.0,0,0.0%,1,0,10 ساعات
أعمال,https://khamsat.com/business,أخرى,https://khamsat.com/business/other-legal-services,صياغة الشروط والاحكام لكل المواقع الاليكترونية والابليكشن,https://khamsat.com/business/other-legal-services/2654846-%D8%B5%D9%8A%D8%A7%D8%BA%D8%A9-%D8%A7%D9%84%D8%B4%D8%B1%D9%88%D8%B7-%D9%88%D8%A7%D9%84%D8%A7%D8%AD%D9%83%D8%A7%D9%85-%D9%84%D9%83%D9%84-%D8%A7%D9%84%D9%85%D9%88%D8%A7%D9%82%D8%B9-%D8%A7%D9%84%D8%A7%D9%84%D9%8A%D9%83%D8%AA%D8%B1%D9%88%D9%86%D9%8A%D8%A9-%D9%88%D8%A7%D9%84%D8%A7%D8%A8%D9%84%D9%8A%D9%83%D8%B4%D9%86,0.0,0,لم يحسب,0,0,$25.00,يومين,0,2,200.0,.Bassem O,https://khamsat.com/user/bassemelturky92,True,بائع نشيط,0.0,6,92.73%,3,9,15 ساعة
أعمال,https://khamsat.com/business,أخرى,https://khamsat.com/business/other-legal-services,صياغة شروط وسياسات المواقع والتطبيقات الالكترونية,https://khamsat.com/business/other-legal-services/2881614-%D8%B5%D9%8A%D8%A7%D8%BA%D8%A9-%D8%B4%D8%B1%D9%88%D8%B7-%D9%88%D8%B3%D9%8A%D8%A7%D8%B3%D8%A7%D8%AA-%D8%A7%D9%84%D9%85%D9%88%D8%A7%D9%82%D8%B9-%D9%88%D8%A7%D9%84%D8%AA%D8%B7%D8%A8%D9%8A%D9%82%D8%A7%D8%AA-%D8%A7%D9%84%D8%A7%D9%84%D9%83%D8%AA%D8%B1%D9%88%D9%86%D9%8A%D8%A9,0.0,0,لم يحسب,0,0,$10.00,أربعة أيام,0,5,270.0,.Walaa A,https://khamsat.com/user/walaaashrafawad,True,بائع جديد,0.0,0,لم يحسب بعد,3,0,لم يحسب
أعمال,https://khamsat.com/business,أخرى,https://khamsat.com/business/other-legal-services,خدمة مساعدة إدارية احترافية,https://khamsat.com/business/other-legal-services/3014501-%D8%AE%D8%AF%D9%85%D8%A9-%D9%85%D8%B3%D8%A7%D8%B9%D8%AF%D8%A9-%D8%A5%D8%AF%D8%A7%D8%B1%D9%8A%D8%A9-%D8%A7%D8%AD%D8%AA%D8%B1%D8%A7%D9%81%D9%8A%D8%A9,0.0,0,لم يحسب,0,0,$10.00,يوم واحد,0,0,0.0,.Safaa A,https://khamsat.com/user/safaa996,False,بائع جديد,0.0,0,لم يحسب بعد,4,0,لم يحسب
أعمال,https://khamsat.com/business,أخرى,https://khamsat.com/business/other-legal-services,الخدمات القانونية للعلامات التجارية وحقوق التأليف والنشر,https://khamsat.com/business/other-legal-services/1006451-%D8%A7%D9%84%D8%AE%D8%AF%D9%85%D8%A7%D8%AA-%D8%A7%D9%84%D9%82%D8%A7%D9%86%D9%88%D9%86%D9%8A%D8%A9-%D9%84%D9%84%D8%B9%D9%84%D8%A7%D9%85%D8%A7%D8%AA-%D8%A7%D9%84%D8%AA%D8%AC%D8%A7%D8%B1%D9%8A%D8%A9-%D9%88%D8%AD%D9%82%D9%88%D9%82-%D8%A7%D9%84%D8%AA%D8%A3%D9%84%D9%8A%D9%81-%D9%88%D8%A7%D9%84%D9%86%D8%B4%D8%B1,5.0,3,22 دقيقة,5,0,$50.00,أربعة أيام,3,2,100.0,.Mahmoud M,https://khamsat.com/user/%D9%85%D8%AD%D9%85%D9%88%D8%AF-%D9%81%D9%8A%D8%A7%D8%B6,True,بائع مميز,4.5,313,92.49%,20,314,11 ساعة
أعمال,https://khamsat.com/business,أخرى,https://khamsat.com/business/other-legal-services,شروط و سياسة الاستخدام Term and Conditions للمواقع والمتاجر,https://khamsat.com/business/other-legal-services/1348787-%D8%B4%D8%B1%D9%88%D8%B7-%D9%88-%D8%B3%D9%8A%D8%A7%D8%B3%D8%A9-%D8%A7%D9%84%D8%A7%D8%B3%D8%AA%D8%AE%D8%AF%D8%A7%D9%85-term-and-conditions-%D9%84%D9%84%D9%85%D9%88%D8%A7%D9%82%D8%B9-%D9%88%D8%A7%D9%84%D9%85%D8%AA%D8%A7%D8%AC%D8%B1,5.0,2,5 ساعات,3,0,$5.00,يوم واحد,2,5,260.0,.Ahmed G,https://khamsat.com/user/coder-ahmed,True,بائع مميز,5.0,84,89.12%,12,87,58 دقيقة
أعمال,https://khamsat.com/business,التحليل المالي,https://khamsat.com/business/financial-analysis,تحليل مالي للقوائم المالية,https://khamsat.com/business/financial-analysis/2003283-%D8%AA%D8%AD%D9%84%D9%8A%D9%84-%D9%85%D8%A7%D9%84%D9%8A-%D9%84%D9%84%D9%82%D9%88%D8%A7%D8%A6%D9%85-%D8%A7%D9%84%D9%85%D8%A7%D9%84%D9%8A%D8%A9,5.0,20,5 ساعات,28,0,$10.00,ثلاثة أيام,20,4,260.0,سعيد س.,https://khamsat.com/user/saeedmsalem,True,بائع مميز,5.0,20,92.68%,2,28,5 ساعات
أعمال,https://khamsat.com/business,التحليل المالي,https://khamsat.com/business/financial-analysis,تحليل مالي شامل للقوائم المالية,https://khamsat.com/business/financial-analysis/1766475-%D8%AA%D8%AD%D9%84%D9%8A%D9%84-%D9%85%D8%A7%D9%84%D9%8A-%D8%B4%D8%A7%D9%85%D9%84-%D9%84%D9%84%D9%82%D9%88%D8%A7%D8%A6%D9%85-%D8%A7%D9%84%D9%85%D8%A7%D9%84%D9%8A%D8%A9,5.0,4,ساعة,9,0,$5.00,يوم واحد,4,4,405.0,محمد ا.,https://khamsat.com/user/%D9%85%D8%AD%D9%85%D8%AF-%D8%B9%D8%B5%D8%A7%D9%85-%D8%A7%D8%A8%D9%88%D8%B9%D9%85%D9%8A%D8%B1%D8%A9,True,بائع مميز,5.0,39,88.03%,7,68,11 ساعة
أعمال,https://khamsat.com/business,التحليل المالي,https://khamsat.com/business/financial-analysis,تحليل مالي للقوائم المالية ( عمودي + افقي),https://khamsat.com/business/financial-analysis/2242767-%D8%AA%D8%AD%D9%84%D9%8A%D9%84-%D9%85%D8%A7%D9%84%D9%8A-%D9%84%D9%84%D9%82%D9%88%D8%A7%D8%A6%D9%85-%D8%A7%D9%84%D9%85%D8%A7%D9%84%D9%8A%D8%A9-%D8%B9%D9%85%D9%88%D8%AF%D9%8A-%D8%A7%D9%81%D9%82%D9%8A,5.0,6,11 دقيقة,7,0,$10.00,يوم واحد,6,3,40.0,عبدالله ق.,https://khamsat.com/user/abdallah-qasem,True,بائع نشيط,5.0,6,63.16%,3,8,يوم
أعمال,https://khamsat.com/business,التحليل المالي,https://khamsat.com/business/financial-analysis,نموذج أكسل جاهز مبرمج عن التحليل المالي وتحليل النسب المالية,https://khamsat.com/business/financial-analysis/2131951-%D9%86%D9%85%D9%88%D8%B0%D8%AC-%D8%A3%D9%83%D8%B3%D9%84-%D8%AC%D8%A7%D9%87%D8%B2-%D9%85%D8%A8%D8%B1%D9%85%D8%AC-%D8%B9%D9%86-%D8%A7%D9%84%D8%AA%D8%AD%D9%84%D9%8A%D9%84-%D8%A7%D9%84%D9%85%D8%A7%D9%84%D9%8A-%D9%88%D8%AA%D8%AD%D9%84%D9%8A%D9%84-%D8%A7%D9%84%D9%86%D8%B3%D8%A8-%D8%A7%D9%84%D9%85%D8%A7%D9%84%D9%8A%D8%A9,5.0,6,ساعة,13,0,$5.00,يوم واحد,6,5,230.0,.Abdullah W,https://khamsat.com/user/abdullah_wattar,True,بائع مميز,5.0,79,86.86%,24,108,6 ساعات
أعمال,https://khamsat.com/business,التحليل المالي,https://khamsat.com/business/financial-analysis,التحليل المالى باستخدام الاكسيل بالانجليزية و العربية,https://khamsat.com/business/financial-analysis/2417678-%D8%A7%D9%84%D8%AA%D8%AD%D9%84%D9%8A%D9%84-%D8%A7%D9%84%D9%85%D8%A7%D9%84%D9%89-%D8%A8%D8%A7%D8%B3%D8%AA%D8%AE%D8%AF%D8%A7%D9%85-%D8%A7%D9%84%D8%A7%D9%83%D8%B3%D9%8A%D9%84-%D8%A8%D8%A7%D9%84%D8%A7%D9%86%D8%AC%D9%84%D9%8A%D8%B2%D9%8A%D8%A9-%D9%88-%D8%A7%D9%84%D8%B9%D8%B1%D8%A8%D9%8A%D8%A9,5.0,2,30 دقيقة,3,0,$5.00,يوم واحد,2,1,10.0,محمود م.,https://khamsat.com/user/ma7moud_mekhaimar,True,بائع جديد,5.0,3,100.0%,5,4,31 دقيقة
أعمال,https://khamsat.com/business,التحليل المالي,https://khamsat.com/business/financial-analysis,اعداد موازنة لحركة النقدية بالشركة خلال الفترة المقبلة,https://khamsat.com/business/financial-analysis/2681493-%D8%A7%D8%B9%D8%AF%D8%A7%D8%AF-%D9%85%D9%88%D8%A7%D8%B2%D9%86%D8%A9-%D9%84%D8%AD%D8%B1%D9%83%D8%A9-%D8%A7%D9%84%D9%86%D9%82%D8%AF%D9%8A%D8%A9-%D8%A8%D8%A7%D9%84%D8%B4%D8%B1%D9%83%D8%A9-%D8%AE%D9%84%D8%A7%D9%84-%D8%A7%D9%84%D9%81%D8%AA%D8%B1%D8%A9-%D8%A7%D9%84%D9%85%D9%82%D8%A8%D9%84%D8%A9,5.0,1,4 ساعات,1,0,$10.00,يوم واحد,1,3,45.0,باسم م.,https://khamsat.com/user/bassem2502,True,بائع جديد,5.0,1,85.71%,5,1,4 ساعات
أعمال,https://khamsat.com/business,التحليل المالي,https://khamsat.com/business/financial-analysis,برنامج دراسة الجدوى المالية,https://khamsat.com/business/financial-analysis/2735644-%D8%A8%D8%B1%D9%86%D8%A7%D9%85%D8%AC-%D8%AF%D8%B1%D8%A7%D8%B3%D8%A9-%D8%A7%D9%84%D8%AC%D8%AF%D9%88%D9%89-%D8%A7%D9%84%D9%85%D8%A7%D9%84%D9%8A%D8%A9,3.5,2,5 ساعات,3,0,$5.00,يوم واحد,2,0,0.0,.Chawki D,https://khamsat.com/user/chawki12,True,بائع مميز,5.0,72,96.02%,3,119,5 ساعات
أعمال,https://khamsat.com/business,التحليل المالي,https://khamsat.com/business/financial-analysis,تصميم برنامج زمنى لمشروعك وعمل الموارد و حساب التكاليف,https://khamsat.com/business/financial-analysis/1258971-%D8%AA%D8%B5%D9%85%D9%8A%D9%85-%D8%A8%D8%B1%D9%86%D8%A7%D9%85%D8%AC-%D8%B2%D9%85%D9%86%D9%89-%D9%84%D9%85%D8%B4%D8%B1%D9%88%D8%B9%D9%83-%D9%88%D8%B9%D9%85%D9%84-%D8%A7%D9%84%D9%85%D9%88%D8%A7%D8%B1%D8%AF-%D9%88-%D8%AD%D8%B3%D8%A7%D8%A8-%D8%A7%D9%84%D8%AA%D9%83%D8%A7%D9%84%D9%8A%D9%81,5.0,6,15 ساعة,11,0,$10.00,يومين,6,4,105.0,نبيل س.,https://khamsat.com/user/nabilbashot,True,بائع نشيط,5.0,11,68.57%,4,18,6 ساعات
أعمال,https://khamsat.com/business,التحليل المالي,https://khamsat.com/business/financial-analysis,إنشاء ملف اكسل يساعدك في تسهيل اعمالك,https://khamsat.com/business/financial-analysis/3037845-%D8%A5%D9%86%D8%B4%D8%A7%D8%A1-%D9%85%D9%84%D9%81-%D8%A7%D9%83%D8%B3%D9%84-%D9%8A%D8%B3%D8%A7%D8%B9%D8%AF%D9%83-%D9%81%D9%8A-%D8%AA%D8%B3%D9%87%D9%8A%D9%84-%D8%A7%D8%B9%D9%85%D8%A7%D9%84%D9%83,0.0,0,لم يحسب,0,0,$5.00,يومين,0,0,0.0,.Haitham A,https://khamsat.com/user/haitham_shami,True,بائع جديد,0.0,0,لم يحسب بعد,3,0,لم يحسب
أعمال,https://khamsat.com/business,التحليل المالي,https://khamsat.com/business/financial-analysis,نمذجه مالية وتحليل مالى للشركات بواسطه Microsoft Excel,https://khamsat.com/business/financial-analysis/2796535-%D9%86%D9%85%D8%B0%D8%AC%D9%87-%D9%85%D8%A7%D9%84%D9%8A%D8%A9-%D9%88%D8%AA%D8%AD%D9%84%D9%8A%D9%84-%D9%85%D8%A7%D9%84%D9%89-%D9%84%D9%84%D8%B4%D8%B1%D9%83%D8%A7%D8%AA-%D8%A8%D9%88%D8%A7%D8%B3%D8%B7%D9%87-microsoft-excel,5.0,1,ساعة,1,0,$5.00,يومين,1,0,0.0,.Amr T,https://khamsat.com/user/amrtawfik899,True,بائع جديد,5.0,1,100.0%,1,1,ساعة
أعمال,https://khamsat.com/business,التحليل المالي,https://khamsat.com/business/financial-analysis,تحليل مالي للقوائم المالية عمودي، افقي اكسل,https://khamsat.com/business/financial-analysis/2972694-%D8%AA%D8%AD%D9%84%D9%8A%D9%84-%D9%85%D8%A7%D9%84%D9%8A-%D9%84%D9%84%D9%82%D9%88%D8%A7%D8%A6%D9%85-%D8%A7%D9%84%D9%85%D8%A7%D9%84%D9%8A%D8%A9-%D8%B9%D9%85%D9%88%D8%AF%D9%8A-%D8%A7%D9%81%D9%82%D9%8A-%D8%A7%D9%83%D8%B3%D9%84,0.0,0,لم يحسب,0,0,$10.00,يوم واحد,0,0,0.0,.Mohamed T,https://khamsat.com/user/mohamed_talaat111,True,بائع جديد,0.0,0,لم يحسب بعد,1,0,لم يحسب
أعمال,https://khamsat.com/business,التحليل المالي,https://khamsat.com/business/financial-analysis,كيفية بناء خطة تداول شخصية دليل شامل لتداول,https://khamsat.com/business/financial-analysis/3014536-%D9%83%D9%8A%D9%81%D9%8A%D8%A9-%D8%A8%D9%86%D8%A7%D8%A1-%D8%AE%D8%B7%D8%A9-%D8%AA%D8%AF%D8%A7%D9%88%D9%84-%D8%B4%D8%AE%D8%B5%D9%8A%D8%A9-%D8%AF%D9%84%D9%8A%D9%84-%D8%B4%D8%A7%D9%85%D9%84-%D9%84%D8%AA%D8%AF%D8%A7%D9%88%D9%84,0.0,0,لم يحسب,0,0,$10.00,يوم واحد,0,0,0.0,حسن ا.,https://khamsat.com/user/joksav,True,بائع جديد,0.0,0,100.0%,5,1,لم يحسب
أعمال,https://khamsat.com/business,التحليل المالي,https://khamsat.com/business/financial-analysis,تحليل المصروفات و الفوائد البنكية باستخدام الاكسيل,https://khamsat.com/business/financial-analysis/2416351-%D8%AA%D8%AD%D9%84%D9%8A%D9%84-%D8%A7%D9%84%D9%85%D8%B5%D8%B1%D9%88%D9%81%D8%A7%D8%AA-%D9%88-%D8%A7%D9%84%D9%81%D9%88%D8%A7%D8%A6%D8%AF-%D8%A7%D9%84%D8%A8%D9%86%D9%83%D9%8A%D8%A9-%D8%A8%D8%A7%D8%B3%D8%AA%D8%AE%D8%AF%D8%A7%D9%85-%D8%A7%D9%84%D8%A7%D9%83%D8%B3%D9%8A%D9%84,0.0,0,لم يحسب,0,0,$5.00,يوم واحد,0,1,5.0,محمود م.,https://khamsat.com/user/ma7moud_mekhaimar,True,بائع جديد,5.0,3,100.0%,5,4,31 دقيقة
أعمال,https://khamsat.com/business,التحليل المالي,https://khamsat.com/business/financial-analysis,تحليل مالي للقوائم المالية ( عمودي + أفقي),https://khamsat.com/business/financial-analysis/2639791-%D8%AA%D8%AD%D9%84%D9%8A%D9%84-%D9%85%D8%A7%D9%84%D9%8A-%D9%84%D9%84%D9%82%D9%88%D8%A7%D8%A6%D9%85-%D8%A7%D9%84%D9%85%D8%A7%D9%84%D9%8A%D8%A9-%D8%B9%D9%85%D9%88%D8%AF%D9%8A-%D8%A3%D9%81%D9%82%D9%8A,0.0,0,لم يحسب,0,0,$10.00,يوم واحد,0,2,50.0,حنين ا.,https://khamsat.com/user/haneenaman,True,بائع نشيط,4.5,2,100.0%,5,3,ساعة
أعمال,https://khamsat.com/business,التحليل المالي,https://khamsat.com/business/financial-analysis,تقديم تحليل مالي للقوائم المالية و التقارير المالية,https://khamsat.com/business/financial-analysis/3051878-%D8%AA%D9%82%D8%AF%D9%8A%D9%85-%D8%AA%D8%AD%D9%84%D9%8A%D9%84-%D9%85%D8%A7%D9%84%D9%8A-%D9%84%D9%84%D9%82%D9%88%D8%A7%D8%A6%D9%85-%D8%A7%D9%84%D9%85%D8%A7%D9%84%D9%8A%D8%A9-%D9%88-%D8%A7%D9%84%D8%AA%D9%82%D8%A7%D8%B1%D9%8A%D8%B1-%D8%A7%D9%84%D9%85%D8%A7%D9%84%D9%8A%D8%A9,0.0,0,لم يحسب,0,0,$10.00,ثلاثة أيام,0,4,45.0,.Mohamed I,https://khamsat.com/user/mohamed_ibrahim359,False,بائع جديد,0.0,0,لم يحسب بعد,2,0,لم يحسب
أعمال,https://khamsat.com/business,التحليل المالي,https://khamsat.com/business/financial-analysis,تقرير مبيعات احترافي باستخدام الاكسيل,https://khamsat.com/business/financial-analysis/2580183-%D8%AA%D9%82%D8%B1%D9%8A%D8%B1-%D9%85%D8%A8%D9%8A%D8%B9%D8%A7%D8%AA-%D8%A7%D8%AD%D8%AA%D8%B1%D8%A7%D9%81%D9%8A-%D8%A8%D8%A7%D8%B3%D8%AA%D8%AE%D8%AF%D8%A7%D9%85-%D8%A7%D9%84%D8%A7%D9%83%D8%B3%D9%8A%D9%84,0.0,0,لم يحسب,0,0,$5.00,يوم واحد,0,1,5.0,.Ahmed R,https://khamsat.com/user/a555_rabie,True,بائع جديد,0.0,0,لم يحسب بعد,3,0,49 دقيقة
أعمال,https://khamsat.com/business,التحليل المالي,https://khamsat.com/business/financial-analysis,تحليل شامل للقوائم المالية وتحليل النسب المالية,https://khamsat.com/business/financial-analysis/2035857-%D8%AA%D8%AD%D9%84%D9%8A%D9%84-%D8%B4%D8%A7%D9%85%D9%84-%D9%84%D9%84%D9%82%D9%88%D8%A7%D8%A6%D9%85-%D8%A7%D9%84%D9%85%D8%A7%D9%84%D9%8A%D8%A9-%D9%88%D8%AA%D8%AD%D9%84%D9%8A%D9%84-%D8%A7%D9%84%D9%86%D8%B3%D8%A8-%D8%A7%D9%84%D9%85%D8%A7%D9%84%D9%8A%D8%A9,5.0,12,58 دقيقة,12,0,$5.00,ثلاثة أيام,12,0,0.0,.Ali E,https://khamsat.com/user/ali_elsamahy98,True,بائع مميز,5.0,29,98.36%,8,24,ساعة
أعمال,https://khamsat.com/business,التحليل المالي,https://khamsat.com/business/financial-analysis,محاسبة وتحليل القوائم المالية على اكسل وداش بورد Power BI,https://khamsat.com/business/financial-analysis/2796048-%D9%85%D8%AD%D8%A7%D8%B3%D8%A8%D8%A9-%D9%88%D8%AA%D8%AD%D9%84%D9%8A%D9%84-%D8%A7%D9%84%D9%82%D9%88%D8%A7%D8%A6%D9%85-%D8%A7%D9%84%D9%85%D8%A7%D9%84%D9%8A%D8%A9-%D8%B9%D9%84%D9%89-%D8%A7%D9%83%D8%B3%D9%84-%D9%88%D8%AF%D8%A7%D8%B4-%D8%A8%D9%88%D8%B1%D8%AF-power-bi,0.0,0,لم يحسب,0,0,$5.00,يوم واحد,0,3,130.0,.Ismail M,https://khamsat.com/user/ismailmi,True,بائع جديد,0.0,0,لم يحسب بعد,1,0,لم يحسب
أعمال,https://khamsat.com/business,التحليل المالي,https://khamsat.com/business/financial-analysis,إعداد تحليل مالي وتحليل للبيانات,https://khamsat.com/business/financial-analysis/1696580-%D8%A5%D8%B9%D8%AF%D8%A7%D8%AF-%D8%AA%D8%AD%D9%84%D9%8A%D9%84-%D9%85%D8%A7%D9%84%D9%8A-%D9%88%D8%AA%D8%AD%D9%84%D9%8A%D9%84-%D9%84%D9%84%D8%A8%D9%8A%D8%A7%D9%86%D8%A7%D8%AA,5.0,6,3 ساعات,7,0,$5.00,يومين,6,1,20.0,.Ahmed Q,https://khamsat.com/user/ahmedqassem94,True,بائع مميز,5.0,26,85.45%,7,33,22 ساعة
أعمال,https://khamsat.com/business,التحليل المالي,https://khamsat.com/business/financial-analysis,تحليل الاسهم في اسواق المال العربية والعالمية,https://khamsat.com/business/financial-analysis/2593160-%D8%AA%D8%AD%D9%84%D9%8A%D9%84-%D8%A7%D9%84%D8%A7%D8%B3%D9%87%D9%85-%D9%81%D9%8A-%D8%A7%D8%B3%D9%88%D8%A7%D9%82-%D8%A7%D9%84%D9%85%D8%A7%D9%84-%D8%A7%D9%84%D8%B9%D8%B1%D8%A8%D9%8A%D8%A9-%D9%88%D8%A7%D9%84%D8%B9%D8%A7%D9%84%D9%85%D9%8A%D8%A9,0.0,0,لم يحسب,0,0,$5.00,يوم واحد,0,0,0.0,مصطفى ز.,https://khamsat.com/user/%D9%85%D8%B5%D8%B7%D9%81%D9%89-%D8%B9%D8%A8%D9%82%D8%B1%D9%8A%D9%86%D9%88,True,بائع جديد,0.0,0,لم يحسب بعد,3,0,لم يحسب
أعمال,https://khamsat.com/business,التحليل المالي,https://khamsat.com/business/financial-analysis,تحليل القوائم المالية واهم النسب والمؤشرات,https://khamsat.com/business/financial-analysis/1878384-%D8%AA%D8%AD%D9%84%D9%8A%D9%84-%D8%A7%D9%84%D9%82%D9%88%D8%A7%D8%A6%D9%85-%D8%A7%D9%84%D9%85%D8%A7%D9%84%D9%8A%D8%A9-%D9%88%D8%A7%D9%87%D9%85-%D8%A7%D9%84%D9%86%D8%B3%D8%A8-%D9%88%D8%A7%D9%84%D9%85%D8%A4%D8%B4%D8%B1%D8%A7%D8%AA,4.5,9,دقيقة,14,0,$25.00,ثلاثة أيام,9,5,185.0,.Mahmoud G,https://khamsat.com/user/acc_mahmoud_galal,True,بائع مميز,5.0,33,99.0%,7,43,12 ساعة
أعمال,https://khamsat.com/business,التحليل المالي,https://khamsat.com/business/financial-analysis,خدمات تصميم شيت اكسيل يوضح تحليل تكلفة الاصناف,https://khamsat.com/business/financial-analysis/2795388-%D8%AE%D8%AF%D9%85%D8%A7%D8%AA-%D8%AA%D8%B5%D9%85%D9%8A%D9%85-%D8%B4%D9%8A%D8%AA-%D8%A7%D9%83%D8%B3%D9%8A%D9%84-%D9%8A%D9%88%D8%B6%D8%AD-%D8%AA%D8%AD%D9%84%D9%8A%D9%84-%D8%AA%D9%83%D9%84%D9%81%D8%A9-%D8%A7%D9%84%D8%A7%D8%B5%D9%86%D8%A7%D9%81,0.0,0,لم يحسب,0,0,$10.00,أربعة أيام,0,0,0.0,عماد ح.,https://khamsat.com/user/emad_tonsy2023,True,بائع جديد,0.0,0,لم يحسب بعد,4,0,لم يحسب
أعمال,https://khamsat.com/business,التحليل المالي,https://khamsat.com/business/financial-analysis,تحديد أهداف لأسهمك بالسوق السعودي وتنفيذ خطة استثمارية لها,https://khamsat.com/business/financial-analysis/2995807-%D8%AA%D8%AD%D8%AF%D9%8A%D8%AF-%D8%A3%D9%87%D8%AF%D8%A7%D9%81-%D9%84%D8%A3%D8%B3%D9%87%D9%85%D9%83-%D8%A8%D8%A7%D9%84%D8%B3%D9%88%D9%82-%D8%A7%D9%84%D8%B3%D8%B9%D9%88%D8%AF%D9%8A-%D9%88%D8%AA%D9%86%D9%81%D9%8A%D8%B0-%D8%AE%D8%B7%D8%A9-%D8%A7%D8%B3%D8%AA%D8%AB%D9%85%D8%A7%D8%B1%D9%8A%D8%A9-%D9%84%D9%87%D8%A7,0.0,0,لم يحسب,0,0,$10.00,ثلاثة أيام,0,2,30.0,أحمد ش.,https://khamsat.com/user/ahmedshelan,True,بائع جديد,0.0,0,لم يحسب بعد,2,0,لم يحسب
أعمال,https://khamsat.com/business,التحليل المالي,https://khamsat.com/business/financial-analysis,التحليل المالي للشركات باستخدام مايكروسوفت إكسل,https://khamsat.com/business/financial-analysis/2478817-%D8%A7%D9%84%D8%AA%D8%AD%D9%84%D9%8A%D9%84-%D8%A7%D9%84%D9%85%D8%A7%D9%84%D9%8A-%D9%84%D9%84%D8%B4%D8%B1%D9%83%D8%A7%D8%AA-%D8%A8%D8%A7%D8%B3%D8%AA%D8%AE%D8%AF%D8%A7%D9%85-%D9%85%D8%A7%D9%8A%D9%83%D8%B1%D9%88%D8%B3%D9%88%D9%81%D8%AA-%D8%A5%D9%83%D8%B3%D9%84,5.0,1,يومين,3,0,$5.00,يوم واحد,1,4,30.0,.Reda R,https://khamsat.com/user/%D8%B1%D8%B6%D8%A7-%D8%A7%D9%84%D8%A8%D9%84%D8%AA%D8%A7%D8%AC%D9%8A,True,بائع مميز,5.0,29,93.14%,5,31,18 ساعة
أعمال,https://khamsat.com/business,التحليل المالي,https://khamsat.com/business/financial-analysis,التحليل القياسي والمالي بواسطة برنامج E-views,https://khamsat.com/business/financial-analysis/2442604-%D8%A7%D9%84%D8%AA%D8%AD%D9%84%D9%8A%D9%84-%D8%A7%D9%84%D9%82%D9%8A%D8%A7%D8%B3%D9%8A-%D9%88%D8%A7%D9%84%D9%85%D8%A7%D9%84%D9%8A-%D8%A8%D9%88%D8%A7%D8%B3%D8%B7%D8%A9-%D8%A8%D8%B1%D9%86%D8%A7%D9%85%D8%AC-e-views,5.0,2,36 دقيقة,2,0,$10.00,ثلاثة أيام,2,3,50.0,ياسمين ع.,https://khamsat.com/user/yasmen96,True,بائع نشيط,5.0,19,96.67%,4,21,35 دقيقة
أعمال,https://khamsat.com/business,التحليل المالي,https://khamsat.com/business/financial-analysis,تحليل فني لسهمك في السوق السعودي وتحديد أماكن جني الأرباح,https://khamsat.com/business/financial-analysis/2995904-%D8%AA%D8%AD%D9%84%D9%8A%D9%84-%D9%81%D9%86%D9%8A-%D9%84%D8%B3%D9%87%D9%85%D9%83-%D9%81%D9%8A-%D8%A7%D9%84%D8%B3%D9%88%D9%82-%D8%A7%D9%84%D8%B3%D8%B9%D9%88%D8%AF%D9%8A-%D9%88%D8%AA%D8%AD%D8%AF%D9%8A%D8%AF-%D8%A3%D9%85%D8%A7%D9%83%D9%86-%D8%AC%D9%86%D9%8A-%D8%A7%D9%84%D8%A3%D8%B1%D8%A8%D8%A7%D8%AD,0.0,0,لم يحسب,0,0,$5.00,يوم واحد,0,1,10.0,أحمد ش.,https://khamsat.com/user/ahmedshelan,True,بائع جديد,0.0,0,لم يحسب بعد,2,0,لم يحسب
أعمال,https://khamsat.com/business,التحليل المالي,https://khamsat.com/business/financial-analysis,تحليل ائتماني للقروض- تسهيلات ائتمانية بنكية,https://khamsat.com/business/financial-analysis/2251604-%D8%AA%D8%AD%D9%84%D9%8A%D9%84-%D8%A7%D8%A6%D8%AA%D9%85%D8%A7%D9%86%D9%8A-%D9%84%D9%84%D9%82%D8%B1%D9%88%D8%B6-%D8%AA%D8%B3%D9%87%D9%8A%D9%84%D8%A7%D8%AA-%D8%A7%D8%A6%D8%AA%D9%85%D8%A7%D9%86%D9%8A%D8%A9-%D8%A8%D9%86%D9%83%D9%8A%D8%A9,0.0,0,يومين,1,0,$5.00,يوم واحد,0,0,0.0,عبدالله ق.,https://khamsat.com/user/abdallah-qasem,True,بائع نشيط,5.0,6,63.16%,3,8,يوم
أعمال,https://khamsat.com/business,التحليل المالي,https://khamsat.com/business/financial-analysis,تحديد نقطه التعادل لمشروعك وكيفيه تحقيق ربح مستهدف,https://khamsat.com/business/financial-analysis/369751-%D8%AA%D8%AD%D8%AF%D9%8A%D8%AF-%D9%86%D9%82%D8%B7%D9%87-%D8%A7%D9%84%D8%AA%D8%B9%D8%A7%D8%AF%D9%84-%D9%84%D9%85%D8%B4%D8%B1%D9%88%D8%B9%D9%83-%D9%88%D9%83%D9%8A%D9%81%D9%8A%D9%87-%D8%AA%D8%AD%D9%82%D9%8A%D9%82-%D8%B1%D8%A8%D8%AD-%D9%85%D8%B3%D8%AA%D9%87%D8%AF%D9%81,5.0,12,3 ساعات,18,0,$5.00,يومين,12,0,0.0,عمرو ش.,https://khamsat.com/user/amrshaaban23,True,بائع مميز,4.5,289,82.88%,21,516,8 ساعات
أعمال,https://khamsat.com/business,التحليل المالي,https://khamsat.com/business/financial-analysis,عرض تقديمي عن كيفية عمل نموذج مالي لغير الماليين,https://khamsat.com/business/financial-analysis/2915525-%D8%B9%D8%B1%D8%B6-%D8%AA%D9%82%D8%AF%D9%8A%D9%85%D9%8A-%D8%B9%D9%86-%D9%83%D9%8A%D9%81%D9%8A%D8%A9-%D8%B9%D9%85%D9%84-%D9%86%D9%85%D9%88%D8%B0%D8%AC-%D9%85%D8%A7%D9%84%D9%8A-%D9%84%D8%BA%D9%8A%D8%B1-%D8%A7%D9%84%D9%85%D8%A7%D9%84%D9%8A%D9%8A%D9%86,0.0,0,لم يحسب,0,0,$5.00,يوم واحد,0,3,125.0,دعاء ا.,https://khamsat.com/user/engdo3aa,False,بائع جديد,0.0,0,لم يحسب بعد,4,0,لم يحسب
أعمال,https://khamsat.com/business,التحليل المالي,https://khamsat.com/business/financial-analysis,عمل العروض الفنية والمالية لمنصة اعتماد منصة فرص,https://khamsat.com/business/financial-analysis/2915587-%D8%B9%D9%85%D9%84-%D8%A7%D9%84%D8%B9%D8%B1%D9%88%D8%B6-%D8%A7%D9%84%D9%81%D9%86%D9%8A%D8%A9-%D9%88%D8%A7%D9%84%D9%85%D8%A7%D9%84%D9%8A%D8%A9-%D9%84%D9%85%D9%86%D8%B5%D8%A9-%D8%A7%D8%B9%D8%AA%D9%85%D8%A7%D8%AF-%D9%85%D9%86%D8%B5%D8%A9-%D9%81%D8%B1%D8%B5,0.0,0,لم يحسب,0,0,$10.00,يوم واحد,0,2,200.0,.Nader M,https://khamsat.com/user/nadermahdy01,True,بائع جديد,0.0,0,لم يحسب بعد,1,0,لم يحسب
أعمال,https://khamsat.com/business,محاسبة ومسك الدفاتر,https://khamsat.com/business/accounting-bookkeeping,محاسبة/ القوائم المالية والتقارير/محاسب عن بعد لتنظيم اعمالك,https://khamsat.com/business/accounting-bookkeeping/2659025-%D9%85%D8%AD%D8%A7%D8%B3%D8%A8%D8%A9-%D8%A7%D9%84%D9%82%D9%88%D8%A7%D8%A6%D9%85-%D8%A7%D9%84%D9%85%D8%A7%D9%84%D9%8A%D8%A9-%D9%88%D8%A7%D9%84%D8%AA%D9%82%D8%A7%D8%B1%D9%8A%D8%B1%D9%85%D8%AD%D8%A7%D8%B3%D8%A8-%D8%B9%D9%86-%D8%A8%D8%B9%D8%AF-%D9%84%D8%AA%D9%86%D8%B8%D9%8A%D9%85-%D8%A7%D8%B9%D9%85%D8%A7%D9%84%D9%83,5.0,3,24 دقيقة,9,0,$5.00,يوم واحد,3,2,120.0,.Mohamed H,https://khamsat.com/user/mohamedtarekhekal,True,بائع مميز,4.5,24,83.71%,5,36,ساعة
أعمال,https://khamsat.com/business,محاسبة ومسك الدفاتر,https://khamsat.com/business/accounting-bookkeeping,محاسب خبير عن بعد لضبط حسابات شركتك,https://khamsat.com/business/accounting-bookkeeping/2762910-%D9%85%D8%AD%D8%A7%D8%B3%D8%A8-%D8%AE%D8%A8%D9%8A%D8%B1-%D8%B9%D9%86-%D8%A8%D8%B9%D8%AF-%D9%84%D8%B6%D8%A8%D8%B7-%D8%AD%D8%B3%D8%A7%D8%A8%D8%A7%D8%AA-%D8%B4%D8%B1%D9%83%D8%AA%D9%83,4.5,18,4 دقائق,22,0,$5.00,يومين,18,4,65.0,احمد ع.,https://khamsat.com/user/ah_sakr55555,True,بائع مميز,4.5,35,99.1%,9,41,يوم
أعمال,https://khamsat.com/business,محاسبة ومسك الدفاتر,https://khamsat.com/business/accounting-bookkeeping,تصميم ملف اكسيل احترافي لإدارة أعمالك بشكل أسرع و أكثر دقة,https://khamsat.com/business/accounting-bookkeeping/2569090-%D8%AA%D8%B5%D9%85%D9%8A%D9%85-%D9%85%D9%84%D9%81-%D8%A7%D9%83%D8%B3%D9%8A%D9%84-%D8%A7%D8%AD%D8%AA%D8%B1%D8%A7%D9%81%D9%8A-%D9%84%D8%A5%D8%AF%D8%A7%D8%B1%D8%A9-%D8%A3%D8%B9%D9%85%D8%A7%D9%84%D9%83-%D8%A8%D8%B4%D9%83%D9%84-%D8%A3%D8%B3%D8%B1%D8%B9-%D9%88-%D8%A3%D9%83%D8%AB%D8%B1-%D8%AF%D9%82%D8%A9,4.5,8,20 دقيقة,9,0,$5.00,يوم واحد,8,3,45.0,.Ebram A,https://khamsat.com/user/ebramadel,True,بائع مميز,5.0,62,89.33%,5,70,ساعة
أعمال,https://khamsat.com/business,محاسبة ومسك الدفاتر,https://khamsat.com/business/accounting-bookkeeping,عمل تقارير وبيانات مالية مبيعات، مشتريات ومرتبات,https://khamsat.com/business/accounting-bookkeeping/2223980-%D8%B9%D9%85%D9%84-%D8%AA%D9%82%D8%A7%D8%B1%D9%8A%D8%B1-%D9%88%D8%A8%D9%8A%D8%A7%D9%86%D8%A7%D8%AA-%D9%85%D8%A7%D9%84%D9%8A%D8%A9-%D9%85%D8%A8%D9%8A%D8%B9%D8%A7%D8%AA-%D9%85%D8%B4%D8%AA%D8%B1%D9%8A%D8%A7%D8%AA-%D9%88%D9%85%D8%B1%D8%AA%D8%A8%D8%A7%D8%AA,4.5,6,8 ساعات,6,0,$10.00,يومين,6,4,160.0,.Mohamed N,https://khamsat.com/user/monabil,True,بائع نشيط,4.5,7,90.91%,4,7,يوم
أعمال,https://khamsat.com/business,محاسبة ومسك الدفاتر,https://khamsat.com/business/accounting-bookkeeping,محاسب عن بعد لتنظيم اعمالك المالية قيود مالية تقارير,https://khamsat.com/business/accounting-bookkeeping/1753474-%D9%85%D8%AD%D8%A7%D8%B3%D8%A8-%D8%B9%D9%86-%D8%A8%D8%B9%D8%AF-%D9%84%D8%AA%D9%86%D8%B8%D9%8A%D9%85-%D8%A7%D8%B9%D9%85%D8%A7%D9%84%D9%83-%D8%A7%D9%84%D9%85%D8%A7%D9%84%D9%8A%D8%A9-%D9%82%D9%8A%D9%88%D8%AF-%D9%85%D8%A7%D9%84%D9%8A%D8%A9-%D8%AA%D9%82%D8%A7%D8%B1%D9%8A%D8%B1,4.5,57,يوم,72,0,$10.00,يوم واحد,25,4,190.0,اسماعيل ك.,https://khamsat.com/user/ismail-kab,True,بائع موثوق,4.5,103,93.92%,10,109,4 ساعات
أعمال,https://khamsat.com/business,محاسبة ومسك الدفاتر,https://khamsat.com/business/accounting-bookkeeping,خدمة المحاسبة و مسك الدفاتر على برنامج Zoho,https://khamsat.com/business/accounting-bookkeeping/2365259-%D8%AE%D8%AF%D9%85%D8%A9-%D8%A7%D9%84%D9%85%D8%AD%D8%A7%D8%B3%D8%A8%D8%A9-%D9%88-%D9%85%D8%B3%D9%83-%D8%A7%D9%84%D8%AF%D9%81%D8%A7%D8%AA%D8%B1-%D8%B9%D9%84%D9%89-%D8%A8%D8%B1%D9%86%D8%A7%D9%85%D8%AC-zoho,5.0,4,23 دقيقة,4,0,$10.00,يوم واحد,4,0,0.0,محمد ا.,https://khamsat.com/user/mohammed_nab,True,بائع نشيط,5.0,5,86.67%,4,5,3 أيام
أعمال,https://khamsat.com/business,محاسبة ومسك الدفاتر,https://khamsat.com/business/accounting-bookkeeping,مراجعه ومصادقة مديونيات العملاء - الموردين,https://khamsat.com/business/accounting-bookkeeping/2136216-%D9%85%D8%B1%D8%A7%D8%AC%D8%B9%D9%87-%D9%88%D9%85%D8%B5%D8%A7%D8%AF%D9%82%D8%A9-%D9%85%D8%AF%D9%8A%D9%88%D9%86%D9%8A%D8%A7%D8%AA-%D8%A7%D9%84%D8%B9%D9%85%D9%84%D8%A7%D8%A1-%D8%A7%D9%84%D9%85%D9%88%D8%B1%D8%AF%D9%8A%D9%86,5.0,8,دقيقتين,9,0,$5.00,يوم واحد,8,2,50.0,.Mohamed N,https://khamsat.com/user/mohamed_nab,True,بائع نشيط,5.0,8,100.0%,1,9,دقيقتين
أعمال,https://khamsat.com/business,محاسبة ومسك الدفاتر,https://khamsat.com/business/accounting-bookkeeping,كتابة تقارير في المحاسبة الماليه و إعداد العمليات الحسابية,https://khamsat.com/business/accounting-bookkeeping/1691920-%D9%83%D8%AA%D8%A7%D8%A8%D8%A9-%D8%AA%D9%82%D8%A7%D8%B1%D9%8A%D8%B1-%D9%81%D9%8A-%D8%A7%D9%84%D9%85%D8%AD%D8%A7%D8%B3%D8%A8%D8%A9-%D8%A7%D9%84%D9%85%D8%A7%D9%84%D9%8A%D9%87-%D9%88-%D8%A5%D8%B9%D8%AF%D8%A7%D8%AF-%D8%A7%D9%84%D8%B9%D9%85%D9%84%D9%8A%D8%A7%D8%AA-%D8%A7%D9%84%D8%AD%D8%B3%D8%A7%D8%A8%D9%8A%D8%A9,4.5,26,3 ساعات,47,0,$10.00,يوم واحد,25,2,60.0,.Rawaa M,https://khamsat.com/user/rawaa12,True,بائع مميز,4.5,26,80.13%,1,47,4 ساعات
أعمال,https://khamsat.com/business,محاسبة ومسك الدفاتر,https://khamsat.com/business/accounting-bookkeeping,محاسب مالي ادارة وتنمية النقد,https://khamsat.com/business/accounting-bookkeeping/2926076-%D9%85%D8%AD%D8%A7%D8%B3%D8%A8-%D9%85%D8%A7%D9%84%D9%8A-%D8%A7%D8%AF%D8%A7%D8%B1%D8%A9-%D9%88%D8%AA%D9%86%D9%85%D9%8A%D8%A9-%D8%A7%D9%84%D9%86%D9%82%D8%AF,5.0,1,11 ساعة,1,0,$5.00,يوم واحد,1,3,130.0,.Hajo E,https://khamsat.com/user/elamin82,True,بائع جديد,5.0,1,100.0%,1,1,11 ساعة
أعمال,https://khamsat.com/business,محاسبة ومسك الدفاتر,https://khamsat.com/business/accounting-bookkeeping,محاسبة وإعداد القوائم المالية والتقارير,https://khamsat.com/business/accounting-bookkeeping/2807287-%D9%85%D8%AD%D8%A7%D8%B3%D8%A8%D8%A9-%D9%88%D8%A5%D8%B9%D8%AF%D8%A7%D8%AF-%D8%A7%D9%84%D9%82%D9%88%D8%A7%D8%A6%D9%85-%D8%A7%D9%84%D9%85%D8%A7%D9%84%D9%8A%D8%A9-%D9%88%D8%A7%D9%84%D8%AA%D9%82%D8%A7%D8%B1%D9%8A%D8%B1,5.0,3,12 دقيقة,4,0,$5.00,يوم واحد,3,3,30.0,عماد ح.,https://khamsat.com/user/emad_wadea_hanna,True,بائع جديد,5.0,3,100.0%,2,4,12 دقيقة
أعمال,https://khamsat.com/business,محاسبة ومسك الدفاتر,https://khamsat.com/business/accounting-bookkeeping,إعداد القوائم المالية ( الميزانية ) وفقاً للمعايير الدولية,https://khamsat.com/business/accounting-bookkeeping/2190216-%D8%A5%D8%B9%D8%AF%D8%A7%D8%AF-%D8%A7%D9%84%D9%82%D9%88%D8%A7%D8%A6%D9%85-%D8%A7%D9%84%D9%85%D8%A7%D9%84%D9%8A%D8%A9-%D8%A7%D9%84%D9%85%D9%8A%D8%B2%D8%A7%D9%86%D9%8A%D8%A9-%D9%88%D9%81%D9%82%D8%A7-%D9%84%D9%84%D9%85%D8%B9%D8%A7%D9%8A%D9%8A%D8%B1-%D8%A7%D9%84%D8%AF%D9%88%D9%84%D9%8A%D8%A9,4.5,3,11 دقيقة,3,0,$10.00,ثلاثة أيام,3,4,245.0,علي ص.,https://khamsat.com/user/dr_alisaleh,True,بائع مميز,5.0,20,89.41%,15,30,18 ساعة
أعمال,https://khamsat.com/business,محاسبة ومسك الدفاتر,https://khamsat.com/business/accounting-bookkeeping,محاسب مالى لتنفيذ المهام المحاسبيه,https://khamsat.com/business/accounting-bookkeeping/1910357-%D9%85%D8%AD%D8%A7%D8%B3%D8%A8-%D9%85%D8%A7%D9%84%D9%89-%D9%84%D8%AA%D9%86%D9%81%D9%8A%D8%B0-%D8%A7%D9%84%D9%85%D9%87%D8%A7%D9%85-%D8%A7%D9%84%D9%85%D8%AD%D8%A7%D8%B3%D8%A8%D9%8A%D9%87,5.0,2,12 دقيقة,2,0,$10.00,يوم واحد,2,5,270.0,.Hatem A,https://khamsat.com/user/info_abdelhafezhatem,True,بائع نشيط,5.0,8,100.0%,4,8,17 دقيقة
أعمال,https://khamsat.com/business,محاسبة ومسك الدفاتر,https://khamsat.com/business/accounting-bookkeeping,أعمال محاسبية و ادخال قيود على برنامج دفترة المحاسبي,https://khamsat.com/business/accounting-bookkeeping/2747562-%D8%A3%D8%B9%D9%85%D8%A7%D9%84-%D9%85%D8%AD%D8%A7%D8%B3%D8%A8%D9%8A%D8%A9-%D9%88-%D8%A7%D8%AF%D8%AE%D8%A7%D9%84-%D9%82%D9%8A%D9%88%D8%AF-%D8%B9%D9%84%D9%89-%D8%A8%D8%B1%D9%86%D8%A7%D9%85%D8%AC-%D8%AF%D9%81%D8%AA%D8%B1%D8%A9-%D8%A7%D9%84%D9%85%D8%AD%D8%A7%D8%B3%D8%A8%D9%8A,5.0,1,3 دقائق,3,0,$5.00,يوم واحد,1,5,200.0,.Mohamed A,https://khamsat.com/user/mohamedhelmy22,True,بائع جديد,5.0,1,100.0%,3,3,3 دقائق
أعمال,https://khamsat.com/business,محاسبة ومسك الدفاتر,https://khamsat.com/business/accounting-bookkeeping,محاسب عن بعد لمتابعة جميع التعاملات المالية الخاصة بالشركة,https://khamsat.com/business/accounting-bookkeeping/2382157-%D9%85%D8%AD%D8%A7%D8%B3%D8%A8-%D8%B9%D9%86-%D8%A8%D8%B9%D8%AF-%D9%84%D9%85%D8%AA%D8%A7%D8%A8%D8%B9%D8%A9-%D8%AC%D9%85%D9%8A%D8%B9-%D8%A7%D9%84%D8%AA%D8%B9%D8%A7%D9%85%D9%84%D8%A7%D8%AA-%D8%A7%D9%84%D9%85%D8%A7%D9%84%D9%8A%D8%A9-%D8%A7%D9%84%D8%AE%D8%A7%D8%B5%D8%A9-%D8%A8%D8%A7%D9%84%D8%B4%D8%B1%D9%83%D8%A9,5.0,1,ساعتين,1,0,$10.00,يومين,1,3,130.0,.Ahmed A,https://khamsat.com/user/ahmedalshanti,True,بائع جديد,5.0,3,66.67%,3,3,ساعة
أعمال,https://khamsat.com/business,محاسبة ومسك الدفاتر,https://khamsat.com/business/accounting-bookkeeping,محاسب خبرة عن بعد لضبط حسابات عملك,https://khamsat.com/business/accounting-bookkeeping/2253782-%D9%85%D8%AD%D8%A7%D8%B3%D8%A8-%D8%AE%D8%A8%D8%B1%D8%A9-%D8%B9%D9%86-%D8%A8%D8%B9%D8%AF-%D9%84%D8%B6%D8%A8%D8%B7-%D8%AD%D8%B3%D8%A7%D8%A8%D8%A7%D8%AA-%D8%B9%D9%85%D9%84%D9%83,5.0,43,16 دقيقة,44,0,$15.00,يومين,25,5,205.0,.Mohamed I,https://khamsat.com/user/awemar,True,بائع مميز,5.0,57,96.0%,10,51,27 دقيقة
أعمال,https://khamsat.com/business,محاسبة ومسك الدفاتر,https://khamsat.com/business/accounting-bookkeeping,تسعير المنتجات وفق اسعار بيع مدروسة وبهامش ربح معلوم,https://khamsat.com/business/accounting-bookkeeping/2233132-%D8%AA%D8%B3%D8%B9%D9%8A%D8%B1-%D8%A7%D9%84%D9%85%D9%86%D8%AA%D8%AC%D8%A7%D8%AA-%D9%88%D9%81%D9%82-%D8%A7%D8%B3%D8%B9%D8%A7%D8%B1-%D8%A8%D9%8A%D8%B9-%D9%85%D8%AF%D8%B1%D9%88%D8%B3%D8%A9-%D9%88%D8%A8%D9%87%D8%A7%D9%85%D8%B4-%D8%B1%D8%A8%D8%AD-%D9%85%D8%B9%D9%84%D9%88%D9%85,5.0,15,ساعة,24,2,$5.00,يوم واحد,15,5,155.0,.Abdullah W,https://khamsat.com/user/abdullah_wattar,True,بائع مميز,5.0,79,86.86%,24,108,6 ساعات
أعمال,https://khamsat.com/business,محاسبة ومسك الدفاتر,https://khamsat.com/business/accounting-bookkeeping,محاسب مالى لأعمال الحسابات,https://khamsat.com/business/accounting-bookkeeping/1910375-%D9%85%D8%AD%D8%A7%D8%B3%D8%A8-%D9%85%D8%A7%D9%84%D9%89-%D9%84%D8%A3%D8%B9%D9%85%D8%A7%D9%84-%D8%A7%D9%84%D8%AD%D8%B3%D8%A7%D8%A8%D8%A7%D8%AA,5.0,6,8 دقائق,6,0,$5.00,يوم واحد,6,5,195.0,.Hatem A,https://khamsat.com/user/info_abdelhafezhatem,True,بائع نشيط,5.0,8,100.0%,4,8,17 دقيقة
أعمال,https://khamsat.com/business,محاسبة ومسك الدفاتر,https://khamsat.com/business/accounting-bookkeeping,عمل شيت اكسل لحساب تكلفة منتج,https://khamsat.com/business/accounting-bookkeeping/2776903-%D8%B9%D9%85%D9%84-%D8%B4%D9%8A%D8%AA-%D8%A7%D9%83%D8%B3%D9%84-%D9%84%D8%AD%D8%B3%D8%A7%D8%A8-%D8%AA%D9%83%D9%84%D9%81%D8%A9-%D9%85%D9%86%D8%AA%D8%AC,5.0,10,9 دقائق,16,2,$10.00,يومين,10,4,60.0,.Bahaa A,https://khamsat.com/user/bahaa_aljazzar,True,بائع نشيط,5.0,14,100.0%,4,21,22 دقيقة
أعمال,https://khamsat.com/business,محاسبة ومسك الدفاتر,https://khamsat.com/business/accounting-bookkeeping,محاسب عام لإنجاز اعمالك المحاسبية عن بعد,https://khamsat.com/business/accounting-bookkeeping/2131573-%D9%85%D8%AD%D8%A7%D8%B3%D8%A8-%D8%B9%D8%A7%D9%85-%D9%84%D8%A5%D9%86%D8%AC%D8%A7%D8%B2-%D8%A7%D8%B9%D9%85%D8%A7%D9%84%D9%83-%D8%A7%D9%84%D9%85%D8%AD%D8%A7%D8%B3%D8%A8%D9%8A%D8%A9-%D8%B9%D9%86-%D8%A8%D8%B9%D8%AF,0.0,0,9 ساعات,1,0,$5.00,يوم واحد,0,1,25.0,عبد العليم ا.,https://khamsat.com/user/aboulshamiz,True,بائع جديد,0.0,0,100.0%,2,1,9 ساعات
أعمال,https://khamsat.com/business,محاسبة ومسك الدفاتر,https://khamsat.com/business/accounting-bookkeeping,محاسبة وإعداد تقارير عملاء وموردين والقيود,https://khamsat.com/business/accounting-bookkeeping/2845624-%D9%85%D8%AD%D8%A7%D8%B3%D8%A8%D8%A9-%D9%88%D8%A5%D8%B9%D8%AF%D8%A7%D8%AF-%D8%AA%D9%82%D8%A7%D8%B1%D9%8A%D8%B1-%D8%B9%D9%85%D9%84%D8%A7%D8%A1-%D9%88%D9%85%D9%88%D8%B1%D8%AF%D9%8A%D9%86-%D9%88%D8%A7%D9%84%D9%82%D9%8A%D9%88%D8%AF,5.0,2,9 دقائق,3,0,$10.00,يوم واحد,2,5,230.0,بسام ح.,https://khamsat.com/user/bassamhassanibrahim,True,بائع جديد,5.0,2,80.0%,3,3,9 دقائق
أعمال,https://khamsat.com/business,محاسبة ومسك الدفاتر,https://khamsat.com/business/accounting-bookkeeping,عمل شيت اكسل لحساب اجمالي الايراد لجميع الانشطة,https://khamsat.com/business/accounting-bookkeeping/2787781-%D8%B9%D9%85%D9%84-%D8%B4%D9%8A%D8%AA-%D8%A7%D9%83%D8%B3%D9%84-%D9%84%D8%AD%D8%B3%D8%A7%D8%A8-%D8%A7%D8%AC%D9%85%D8%A7%D9%84%D9%8A-%D8%A7%D9%84%D8%A7%D9%8A%D8%B1%D8%A7%D8%AF-%D9%84%D8%AC%D9%85%D9%8A%D8%B9-%D8%A7%D9%84%D8%A7%D9%86%D8%B4%D8%B7%D8%A9,5.0,4,29 دقيقة,6,0,$5.00,يوم واحد,4,1,5.0,.Bahaa A,https://khamsat.com/user/bahaa_aljazzar,True,بائع نشيط,5.0,14,100.0%,4,21,22 دقيقة
أعمال,https://khamsat.com/business,محاسبة ومسك الدفاتر,https://khamsat.com/business/accounting-bookkeeping,محاسب عن بعد لمتابعة الوضع المالي للشركة,https://khamsat.com/business/accounting-bookkeeping/1996008-%D9%85%D8%AD%D8%A7%D8%B3%D8%A8-%D8%B9%D9%86-%D8%A8%D8%B9%D8%AF-%D9%84%D9%85%D8%AA%D8%A7%D8%A8%D8%B9%D8%A9-%D8%A7%D9%84%D9%88%D8%B6%D8%B9-%D8%A7%D9%84%D9%85%D8%A7%D9%84%D9%8A-%D9%84%D9%84%D8%B4%D8%B1%D9%83%D8%A9,5.0,1,4 ساعات,1,0,$10.00,يومين,1,3,130.0,محمد ا.,https://khamsat.com/user/%D9%85%D8%AD%D9%85%D8%AF-%D8%A7%D9%84%D8%B9%D8%B4%D9%8A,True,بائع جديد,5.0,1,50.0%,4,1,ساعتين
أعمال,https://khamsat.com/business,محاسبة ومسك الدفاتر,https://khamsat.com/business/accounting-bookkeeping,عمل الميزانية والقوائم المالية,https://khamsat.com/business/accounting-bookkeeping/1224410-%D8%B9%D9%85%D9%84-%D8%A7%D9%84%D9%85%D9%8A%D8%B2%D8%A7%D9%86%D9%8A%D8%A9-%D9%88%D8%A7%D9%84%D9%82%D9%88%D8%A7%D8%A6%D9%85-%D8%A7%D9%84%D9%85%D8%A7%D9%84%D9%8A%D8%A9,4.5,34,57 دقيقة,53,0,$5.00,يومين,25,3,65.0,زينب ع.,https://khamsat.com/user/%D8%B2%D9%8A%D9%86%D8%A8-%D8%B9%D8%A8%D8%AF-%D8%A7%D9%84%D8%B1%D8%B2%D8%A7%D9%82,True,بائع مميز,4.5,35,74.34%,2,55,56 دقيقة
أعمال,https://khamsat.com/business,محاسبة ومسك الدفاتر,https://khamsat.com/business/accounting-bookkeeping,خدمة مسك الدفاتر المحاسبية,https://khamsat.com/business/accounting-bookkeeping/2853585-%D8%AE%D8%AF%D9%85%D8%A9-%D9%85%D8%B3%D9%83-%D8%A7%D9%84%D8%AF%D9%81%D8%A7%D8%AA%D8%B1-%D8%A7%D9%84%D9%85%D8%AD%D8%A7%D8%B3%D8%A8%D9%8A%D8%A9,5.0,1,ساعتين,1,0,$10.00,يوم واحد,1,4,180.0,احمد ي.,https://khamsat.com/user/ahmed_yassir97,True,بائع جديد,5.0,3,100.0%,3,2,ساعة
أعمال,https://khamsat.com/business,محاسبة ومسك الدفاتر,https://khamsat.com/business/accounting-bookkeeping,امساك الدفاتر وتسجيل الحسابات,https://khamsat.com/business/accounting-bookkeeping/2878081-%D8%A7%D9%85%D8%B3%D8%A7%D9%83-%D8%A7%D9%84%D8%AF%D9%81%D8%A7%D8%AA%D8%B1-%D9%88%D8%AA%D8%B3%D8%AC%D9%8A%D9%84-%D8%A7%D9%84%D8%AD%D8%B3%D8%A7%D8%A8%D8%A7%D8%AA,0.0,0,31 دقيقة,1,0,$5.00,يوم واحد,0,2,150.0,.Mohamed M,https://khamsat.com/user/mohamed-mahmoud7,True,بائع نشيط,5.0,31,83.56%,3,52,3 ساعات
أعمال,https://khamsat.com/business,محاسبة ومسك الدفاتر,https://khamsat.com/business/accounting-bookkeeping,محاسبة وإعداد القوائم المالية والتقارير,https://khamsat.com/business/accounting-bookkeeping/2102573-%D9%85%D8%AD%D8%A7%D8%B3%D8%A8%D8%A9-%D9%88%D8%A5%D8%B9%D8%AF%D8%A7%D8%AF-%D8%A7%D9%84%D9%82%D9%88%D8%A7%D8%A6%D9%85-%D8%A7%D9%84%D9%85%D8%A7%D9%84%D9%8A%D8%A9-%D9%88%D8%A7%D9%84%D8%AA%D9%82%D8%A7%D8%B1%D9%8A%D8%B1,5.0,9,7 ساعات,10,0,$5.00,يوم واحد,9,3,30.0,فادى ذ.,https://khamsat.com/user/fadygamal027,True,بائع نشيط,5.0,9,88.46%,1,10,7 ساعات
أعمال,https://khamsat.com/business,محاسبة ومسك الدفاتر,https://khamsat.com/business/accounting-bookkeeping,محاسبة واعداد قوائم وتقارير مالية,https://khamsat.com/business/accounting-bookkeeping/2474530-%D9%85%D8%AD%D8%A7%D8%B3%D8%A8%D8%A9-%D9%88%D8%A7%D8%B9%D8%AF%D8%A7%D8%AF-%D9%82%D9%88%D8%A7%D8%A6%D9%85-%D9%88%D8%AA%D9%82%D8%A7%D8%B1%D9%8A%D8%B1-%D9%85%D8%A7%D9%84%D9%8A%D8%A9,5.0,5,3 ساعات,5,1,$5.00,يوم واحد,5,2,25.0,.Rogena A,https://khamsat.com/user/gg2591,True,بائع نشيط,5.0,5,90.91%,1,5,3 ساعات
أعمال,https://khamsat.com/business,محاسبة ومسك الدفاتر,https://khamsat.com/business/accounting-bookkeeping,محاسب عن بعد لتنظيم اعمالك المحاسبية,https://khamsat.com/business/accounting-bookkeeping/2316794-%D9%85%D8%AD%D8%A7%D8%B3%D8%A8-%D8%B9%D9%86-%D8%A8%D8%B9%D8%AF-%D9%84%D8%AA%D9%86%D8%B8%D9%8A%D9%85-%D8%A7%D8%B9%D9%85%D8%A7%D9%84%D9%83-%D8%A7%D9%84%D9%85%D8%AD%D8%A7%D8%B3%D8%A8%D9%8A%D8%A9,5.0,3,ساعة,2,0,$15.00,يومين,3,1,50.0,حسن س.,https://khamsat.com/user/%D8%AD%D8%B3%D9%86-%D9%81%D9%88%D9%84%D9%8A,True,بائع مميز,5.0,33,72.73%,1,37,ساعتين
أعمال,https://khamsat.com/business,محاسبة ومسك الدفاتر,https://khamsat.com/business/accounting-bookkeeping,تقديم اعمال محاسبية,https://khamsat.com/business/accounting-bookkeeping/2569820-%D8%AA%D9%82%D8%AF%D9%8A%D9%85-%D8%A7%D8%B9%D9%85%D8%A7%D9%84-%D9%85%D8%AD%D8%A7%D8%B3%D8%A8%D9%8A%D8%A9,5.0,2,36 دقيقة,2,0,$10.00,يوم واحد,2,0,0.0,.Tarek S,https://khamsat.com/user/taroq_33,True,بائع جديد,5.0,3,85.71%,4,3,25 دقيقة
أعمال,https://khamsat.com/business,محاسبة ومسك الدفاتر,https://khamsat.com/business/accounting-bookkeeping,المساعدة في ضبط وتنظيم الحسابات المالية,https://khamsat.com/business/accounting-bookkeeping/1595747-%D8%A7%D9%84%D9%85%D8%B3%D8%A7%D8%B9%D8%AF%D8%A9-%D9%81%D9%8A-%D8%B6%D8%A8%D8%B7-%D9%88%D8%AA%D9%86%D8%B8%D9%8A%D9%85-%D8%A7%D9%84%D8%AD%D8%B3%D8%A7%D8%A8%D8%A7%D8%AA-%D8%A7%D9%84%D9%85%D8%A7%D9%84%D9%8A%D8%A9,5.0,1,8 دقائق,1,0,$5.00,يومين,1,0,0.0,.Mahmoud A,https://khamsat.com/user/mhagha,True,بائع مميز,5.0,12,98.11%,2,15,8 ساعات
أعمال,https://khamsat.com/business,المحاسبة الضريبية,https://khamsat.com/business/tax,تقديم الاقرار الزكوي وضريبة القيمة المضافة VAT 15%,https://khamsat.com/business/tax/2894383-%D8%AA%D9%82%D8%AF%D9%8A%D9%85-%D8%A7%D9%84%D8%A7%D9%82%D8%B1%D8%A7%D8%B1-%D8%A7%D9%84%D8%B2%D9%83%D9%88%D9%8A-%D9%88%D8%B6%D8%B1%D9%8A%D8%A8%D8%A9-%D8%A7%D9%84%D9%82%D9%8A%D9%85%D8%A9-%D8%A7%D9%84%D9%85%D8%B6%D8%A7%D9%81%D8%A9-vat-15,5.0,7,12 دقيقة,9,0,$25.00,يوم واحد,7,3,35.0,احمد ع.,https://khamsat.com/user/ah_sakr55555,True,بائع مميز,4.5,35,99.1%,9,41,يوم
أعمال,https://khamsat.com/business,المحاسبة الضريبية,https://khamsat.com/business/tax,تقديم (رفع) إقرار ضريبة القيمة المضافة VAT - السعودية,https://khamsat.com/business/tax/2725819-%D8%AA%D9%82%D8%AF%D9%8A%D9%85-%D8%B1%D9%81%D8%B9-%D8%A5%D9%82%D8%B1%D8%A7%D8%B1-%D8%B6%D8%B1%D9%8A%D8%A8%D8%A9-%D8%A7%D9%84%D9%82%D9%8A%D9%85%D8%A9-%D8%A7%D9%84%D9%85%D8%B6%D8%A7%D9%81%D8%A9-vat-%D8%A7%D9%84%D8%B3%D8%B9%D9%88%D8%AF%D9%8A%D8%A9,5.0,6,دقيقة,8,0,$10.00,يوم واحد,6,2,60.0,إيهاب ع.,https://khamsat.com/user/ehabazer,True,بائع مميز,5.0,30,91.04%,5,40,20 دقيقة
أعمال,https://khamsat.com/business,المحاسبة الضريبية,https://khamsat.com/business/tax,اعداد اقرار ضريبة القيمة المضافة للشركات والمؤسسات,https://khamsat.com/business/tax/2713952-%D8%A7%D8%B9%D8%AF%D8%A7%D8%AF-%D8%A7%D9%82%D8%B1%D8%A7%D8%B1-%D8%B6%D8%B1%D9%8A%D8%A8%D8%A9-%D8%A7%D9%84%D9%82%D9%8A%D9%85%D8%A9-%D8%A7%D9%84%D9%85%D8%B6%D8%A7%D9%81%D8%A9-%D9%84%D9%84%D8%B4%D8%B1%D9%83%D8%A7%D8%AA-%D9%88%D8%A7%D9%84%D9%85%D8%A4%D8%B3%D8%B3%D8%A7%D8%AA,5.0,4,ساعتين,6,1,$10.00,يوم واحد,4,3,65.0,.Hashem A,https://khamsat.com/user/%D9%87%D8%A7%D8%B4%D9%85-%D8%B9%D9%84%D9%89,True,بائع نشيط,5.0,4,100.0%,3,6,ساعتين
أعمال,https://khamsat.com/business,المحاسبة الضريبية,https://khamsat.com/business/tax,استشارات في ضريبة القيمة المضافة,https://khamsat.com/business/tax/2580145-%D8%A7%D8%B3%D8%AA%D8%B4%D8%A7%D8%B1%D8%A7%D8%AA-%D9%81%D9%8A-%D8%B6%D8%B1%D9%8A%D8%A8%D8%A9-%D8%A7%D9%84%D9%82%D9%8A%D9%85%D8%A9-%D8%A7%D9%84%D9%85%D8%B6%D8%A7%D9%81%D8%A9,5.0,7,ساعة,10,0,$10.00,يوم واحد,7,0,0.0,علي ع.,https://khamsat.com/user/alialawadi712,True,بائع نشيط,5.0,12,94.44%,4,16,ساعة
أعمال,https://khamsat.com/business,المحاسبة الضريبية,https://khamsat.com/business/tax,إعداد و مراجعة إقرارات ضريبة القيمة المضافة VAT,https://khamsat.com/business/tax/2577514-%D8%A5%D8%B9%D8%AF%D8%A7%D8%AF-%D9%88-%D9%85%D8%B1%D8%A7%D8%AC%D8%B9%D8%A9-%D8%A5%D9%82%D8%B1%D8%A7%D8%B1%D8%A7%D8%AA-%D8%B6%D8%B1%D9%8A%D8%A8%D8%A9-%D8%A7%D9%84%D9%82%D9%8A%D9%85%D8%A9-%D8%A7%D9%84%D9%85%D8%B6%D8%A7%D9%81%D8%A9-vat,5.0,3,29 دقيقة,5,0,$25.00,ثلاثة أيام,3,1,30.0,.Ali E,https://khamsat.com/user/ali_elsamahy98,True,بائع مميز,5.0,29,98.36%,8,24,ساعة
أعمال,https://khamsat.com/business,المحاسبة الضريبية,https://khamsat.com/business/tax,إعداد الإقرار الضريبي بشكل ربع سنوي,https://khamsat.com/business/tax/2355704-%D8%A5%D8%B9%D8%AF%D8%A7%D8%AF-%D8%A7%D9%84%D8%A5%D9%82%D8%B1%D8%A7%D8%B1-%D8%A7%D9%84%D8%B6%D8%B1%D9%8A%D8%A8%D9%8A-%D8%A8%D8%B4%D9%83%D9%84-%D8%B1%D8%A8%D8%B9-%D8%B3%D9%86%D9%88%D9%8A,5.0,3,4 ساعات,3,0,$25.00,يومين,3,3,70.0,.Heba A,https://khamsat.com/user/heba_h,True,بائع مميز,5.0,54,92.42%,3,62,ساعة
أعمال,https://khamsat.com/business,المحاسبة الضريبية,https://khamsat.com/business/tax,خدمة ضريبة القيمة المضافة الامارات,https://khamsat.com/business/tax/2853581-%D8%AE%D8%AF%D9%85%D8%A9-%D8%B6%D8%B1%D9%8A%D8%A8%D8%A9-%D8%A7%D9%84%D9%82%D9%8A%D9%85%D8%A9-%D8%A7%D9%84%D9%85%D8%B6%D8%A7%D9%81%D8%A9-%D8%A7%D9%84%D8%A7%D9%85%D8%A7%D8%B1%D8%A7%D8%AA,5.0,2,دقيقة,2,0,$10.00,يوم واحد,2,2,95.0,احمد ي.,https://khamsat.com/user/ahmed_yassir97,True,بائع جديد,5.0,3,100.0%,3,2,ساعة
أعمال,https://khamsat.com/business,المحاسبة الضريبية,https://khamsat.com/business/tax,مساعدتك في تنسيق وتقديم الاقرار الضريبي VAT,https://khamsat.com/business/tax/2432878-%D9%85%D8%B3%D8%A7%D8%B9%D8%AF%D8%AA%D9%83-%D9%81%D9%8A-%D8%AA%D9%86%D8%B3%D9%8A%D9%82-%D9%88%D8%AA%D9%82%D8%AF%D9%8A%D9%85-%D8%A7%D9%84%D8%A7%D9%82%D8%B1%D8%A7%D8%B1-%D8%A7%D9%84%D8%B6%D8%B1%D9%8A%D8%A8%D9%8A-vat,5.0,1,38 دقيقة,1,0,$15.00,يومين,1,3,140.0,.Mohamed E,https://khamsat.com/user/mohamdedeid,True,بائع نشيط,4.5,36,89.09%,10,32,ساعة
أعمال,https://khamsat.com/business,المحاسبة الضريبية,https://khamsat.com/business/tax,اعداد الاقرار الضريبي VAT,https://khamsat.com/business/tax/1915065-%D8%A7%D8%B9%D8%AF%D8%A7%D8%AF-%D8%A7%D9%84%D8%A7%D9%82%D8%B1%D8%A7%D8%B1-%D8%A7%D9%84%D8%B6%D8%B1%D9%8A%D8%A8%D9%8A-vat,5.0,3,6 ساعات,5,0,$5.00,يوم واحد,3,2,60.0,.Faten R,https://khamsat.com/user/karamonline,True,بائع نشيط,5.0,16,97.92%,5,19,11 ساعة
أعمال,https://khamsat.com/business,المحاسبة الضريبية,https://khamsat.com/business/tax,مراجعة واعداد إقرارات ضريبة القيمة المضافة VAT,https://khamsat.com/business/tax/2637693-%D9%85%D8%B1%D8%A7%D8%AC%D8%B9%D8%A9-%D9%88%D8%A7%D8%B9%D8%AF%D8%A7%D8%AF-%D8%A5%D9%82%D8%B1%D8%A7%D8%B1%D8%A7%D8%AA-%D8%B6%D8%B1%D9%8A%D8%A8%D8%A9-%D8%A7%D9%84%D9%82%D9%8A%D9%85%D8%A9-%D8%A7%D9%84%D9%85%D8%B6%D8%A7%D9%81%D8%A9-vat,5.0,1,ساعة,1,0,$10.00,يوم واحد,1,1,20.0,.Mohamed A,https://khamsat.com/user/medoo553,True,بائع جديد,5.0,1,100.0%,2,1,ساعة
أعمال,https://khamsat.com/business,المحاسبة الضريبية,https://khamsat.com/business/tax,اعداد الاقرار الضريبي للشركات والمؤسسات في السعودية,https://khamsat.com/business/tax/1760359-%D8%A7%D8%B9%D8%AF%D8%A7%D8%AF-%D8%A7%D9%84%D8%A7%D9%82%D8%B1%D8%A7%D8%B1-%D8%A7%D9%84%D8%B6%D8%B1%D9%8A%D8%A8%D9%8A-%D9%84%D9%84%D8%B4%D8%B1%D9%83%D8%A7%D8%AA-%D9%88%D8%A7%D9%84%D9%85%D8%A4%D8%B3%D8%B3%D8%A7%D8%AA-%D9%81%D9%8A-%D8%A7%D9%84%D8%B3%D8%B9%D9%88%D8%AF%D9%8A%D8%A9,5.0,1,4 ساعات,2,0,$10.00,يومين,1,1,10.0,.Abdulmunem Z,https://khamsat.com/user/abooda93,True,بائع جديد,5.0,1,75.0%,4,2,ساعتين
أعمال,https://khamsat.com/business,المحاسبة الضريبية,https://khamsat.com/business/tax,اعداد الاقرار الضريبي للمؤسسات والشركات شهري او ربع سنوي,https://khamsat.com/business/tax/2712327-%D8%A7%D8%B9%D8%AF%D8%A7%D8%AF-%D8%A7%D9%84%D8%A7%D9%82%D8%B1%D8%A7%D8%B1-%D8%A7%D9%84%D8%B6%D8%B1%D9%8A%D8%A8%D9%8A-%D9%84%D9%84%D9%85%D8%A4%D8%B3%D8%B3%D8%A7%D8%AA-%D9%88%D8%A7%D9%84%D8%B4%D8%B1%D9%83%D8%A7%D8%AA-%D8%B4%D9%87%D8%B1%D9%8A-%D8%A7%D9%88-%D8%B1%D8%A8%D8%B9-%D8%B3%D9%86%D9%88%D9%8A,5.0,5,ساعتين,6,0,$10.00,يومين,5,3,65.0,عبدالله ا.,https://khamsat.com/user/abdullah_alsaif,True,بائع جديد,5.0,6,80.0%,5,7,7 ساعات
أعمال,https://khamsat.com/business,المحاسبة الضريبية,https://khamsat.com/business/tax,اعداد ومراجعة اقرار ضريبة القيمة المضافة,https://khamsat.com/business/tax/2675503-%D8%A7%D8%B9%D8%AF%D8%A7%D8%AF-%D9%88%D9%85%D8%B1%D8%A7%D8%AC%D8%B9%D8%A9-%D8%A7%D9%82%D8%B1%D8%A7%D8%B1-%D8%B6%D8%B1%D9%8A%D8%A8%D8%A9-%D8%A7%D9%84%D9%82%D9%8A%D9%85%D8%A9-%D8%A7%D9%84%D9%85%D8%B6%D8%A7%D9%81%D8%A9,5.0,1,24 دقيقة,1,0,$10.00,يوم واحد,1,3,20.0,احمد ع.,https://khamsat.com/user/%D8%A7%D8%AD%D9%85%D8%AF-%D8%AC%D9%85%D8%A7%D9%84-%D8%B9%D8%A8%D8%AF-%D8%A7%D9%84%D8%AD%D9%85%D9%8A%D8%AF,False,بائع جديد,5.0,1,100.0%,2,1,24 دقيقة
أعمال,https://khamsat.com/business,المحاسبة الضريبية,https://khamsat.com/business/tax,قدم إقرارك الضريبي بسهولة وراحة,https://khamsat.com/business/tax/3050445-%D9%82%D8%AF%D9%85-%D8%A5%D9%82%D8%B1%D8%A7%D8%B1%D9%83-%D8%A7%D9%84%D8%B6%D8%B1%D9%8A%D8%A8%D9%8A-%D8%A8%D8%B3%D9%87%D9%88%D9%84%D8%A9-%D9%88%D8%B1%D8%A7%D8%AD%D8%A9,0.0,0,لم يحسب,0,0,$10.00,يوم واحد,0,2,130.0,عبد العليم ا.,https://khamsat.com/user/aboulshamiz,True,بائع جديد,0.0,0,100.0%,2,1,9 ساعات
أعمال,https://khamsat.com/business,المحاسبة الضريبية,https://khamsat.com/business/tax,إعداد وتسجيل إقرار الضريبة المضافة,https://khamsat.com/business/tax/3042165-%D8%A5%D8%B9%D8%AF%D8%A7%D8%AF-%D9%88%D8%AA%D8%B3%D8%AC%D9%8A%D9%84-%D8%A5%D9%82%D8%B1%D8%A7%D8%B1-%D8%A7%D9%84%D8%B6%D8%B1%D9%8A%D8%A8%D8%A9-%D8%A7%D9%84%D9%85%D8%B6%D8%A7%D9%81%D8%A9,0.0,0,لم يحسب,0,0,$10.00,يوم واحد,0,2,45.0,حسام ا.,https://khamsat.com/user/hosam_alami,True,بائع جديد,0.0,0,لم يحسب بعد,5,0,لم يحسب
أعمال,https://khamsat.com/business,المحاسبة الضريبية,https://khamsat.com/business/tax,محاسبك المالى عن بعد - عملاء - موردين - ضرائب - بنوك,https://khamsat.com/business/tax/1878706-%D9%85%D8%AD%D8%A7%D8%B3%D8%A8%D9%83-%D8%A7%D9%84%D9%85%D8%A7%D9%84%D9%89-%D8%B9%D9%86-%D8%A8%D8%B9%D8%AF-%D8%B9%D9%85%D9%84%D8%A7%D8%A1-%D9%85%D9%88%D8%B1%D8%AF%D9%8A%D9%86-%D8%B6%D8%B1%D8%A7%D8%A6%D8%A8-%D8%A8%D9%86%D9%88%D9%83,5.0,7,12 دقيقة,11,0,$10.00,يومين,7,5,245.0,.Mahmoud G,https://khamsat.com/user/acc_mahmoud_galal,True,بائع مميز,5.0,33,99.0%,7,43,12 ساعة
أعمال,https://khamsat.com/business,المحاسبة الضريبية,https://khamsat.com/business/tax,خدمة رفع اقرار ضريبة القيمة المضافة VAT,https://khamsat.com/business/tax/3027628-%D8%AE%D8%AF%D9%85%D8%A9-%D8%B1%D9%81%D8%B9-%D8%A7%D9%82%D8%B1%D8%A7%D8%B1-%D8%B6%D8%B1%D9%8A%D8%A8%D8%A9-%D8%A7%D9%84%D9%82%D9%8A%D9%85%D8%A9-%D8%A7%D9%84%D9%85%D8%B6%D8%A7%D9%81%D8%A9-vat,0.0,0,لم يحسب,0,0,$10.00,يومين,0,2,70.0,.Hossam G,https://khamsat.com/user/hossam_gamal92,True,بائع جديد,0.0,0,لم يحسب بعد,3,0,لم يحسب
أعمال,https://khamsat.com/business,المحاسبة الضريبية,https://khamsat.com/business/tax,اعداد الاقرارات الضريبية والوعاء الزكوي,https://khamsat.com/business/tax/2725882-%D8%A7%D8%B9%D8%AF%D8%A7%D8%AF-%D8%A7%D9%84%D8%A7%D9%82%D8%B1%D8%A7%D8%B1%D8%A7%D8%AA-%D8%A7%D9%84%D8%B6%D8%B1%D9%8A%D8%A8%D9%8A%D8%A9-%D9%88%D8%A7%D9%84%D9%88%D8%B9%D8%A7%D8%A1-%D8%A7%D9%84%D8%B2%D9%83%D9%88%D9%8A,0.0,0,لم يحسب,0,0,$10.00,يوم واحد,0,2,150.0,.Mofeed Q,https://khamsat.com/user/mofeed_qanoo,True,بائع جديد,3.0,2,100.0%,5,2,21 دقيقة
أعمال,https://khamsat.com/business,المحاسبة الضريبية,https://khamsat.com/business/tax,أعداد الاقرار الضريبي الربعي الخاص بشركتك او مؤسستك,https://khamsat.com/business/tax/2715940-%D8%A3%D8%B9%D8%AF%D8%A7%D8%AF-%D8%A7%D9%84%D8%A7%D9%82%D8%B1%D8%A7%D8%B1-%D8%A7%D9%84%D8%B6%D8%B1%D9%8A%D8%A8%D9%8A-%D8%A7%D9%84%D8%B1%D8%A8%D8%B9%D9%8A-%D8%A7%D9%84%D8%AE%D8%A7%D8%B5-%D8%A8%D8%B4%D8%B1%D9%83%D8%AA%D9%83-%D8%A7%D9%88-%D9%85%D8%A4%D8%B3%D8%B3%D8%AA%D9%83,0.0,0,لم يحسب,0,0,$10.00,ثلاثة أيام,0,3,180.0,.Hani M,https://khamsat.com/user/hani_22,True,بائع جديد,0.0,0,100.0%,2,1,7 دقائق
أعمال,https://khamsat.com/business,المحاسبة الضريبية,https://khamsat.com/business/tax,عمل برنامج لتسجيل الفواتير الضريبية مع الاقرار,https://khamsat.com/business/tax/1720987-%D8%B9%D9%85%D9%84-%D8%A8%D8%B1%D9%86%D8%A7%D9%85%D8%AC-%D9%84%D8%AA%D8%B3%D8%AC%D9%8A%D9%84-%D8%A7%D9%84%D9%81%D9%88%D8%A7%D8%AA%D9%8A%D8%B1-%D8%A7%D9%84%D8%B6%D8%B1%D9%8A%D8%A8%D9%8A%D8%A9-%D9%85%D8%B9-%D8%A7%D9%84%D8%A7%D9%82%D8%B1%D8%A7%D8%B1,5.0,5,ساعتين,5,0,$5.00,يومين,5,2,85.0,.Salim A,https://khamsat.com/user/aboahmed1988,True,بائع جديد,5.0,6,100.0%,3,7,ساعة
أعمال,https://khamsat.com/business,المحاسبة الضريبية,https://khamsat.com/business/tax,عمل الإقرار الضريبي لضريبة القيمة المضافة,https://khamsat.com/business/tax/3051883-%D8%B9%D9%85%D9%84-%D8%A7%D9%84%D8%A5%D9%82%D8%B1%D8%A7%D8%B1-%D8%A7%D9%84%D8%B6%D8%B1%D9%8A%D8%A8%D9%8A-%D9%84%D8%B6%D8%B1%D9%8A%D8%A8%D8%A9-%D8%A7%D9%84%D9%82%D9%8A%D9%85%D8%A9-%D8%A7%D9%84%D9%85%D8%B6%D8%A7%D9%81%D8%A9,0.0,0,لم يحسب,0,0,$5.00,يوم واحد,0,1,5.0,احمد ع.,https://khamsat.com/user/ahmed_abdelbaset1219,False,بائع جديد,0.0,0,لم يحسب بعد,5,0,لم يحسب
أعمال,https://khamsat.com/business,المحاسبة الضريبية,https://khamsat.com/business/tax,تكويد السلع والخدمات على بوابة الفاتورة الاليكترونية المصرية,https://khamsat.com/business/tax/3035943-%D8%AA%D9%83%D9%88%D9%8A%D8%AF-%D8%A7%D9%84%D8%B3%D9%84%D8%B9-%D9%88%D8%A7%D9%84%D8%AE%D8%AF%D9%85%D8%A7%D8%AA-%D8%B9%D9%84%D9%89-%D8%A8%D9%88%D8%A7%D8%A8%D8%A9-%D8%A7%D9%84%D9%81%D8%A7%D8%AA%D9%88%D8%B1%D8%A9-%D8%A7%D9%84%D8%A7%D9%84%D9%8A%D9%83%D8%AA%D8%B1%D9%88%D9%86%D9%8A%D8%A9-%D8%A7%D9%84%D9%85%D8%B5%D8%B1%D9%8A%D8%A9,0.0,0,لم يحسب,0,0,$5.00,يومين,0,3,55.0,.Mohamed N,https://khamsat.com/user/momo_nasr511,False,بائع جديد,0.0,0,لم يحسب بعد,5,0,لم يحسب
أعمال,https://khamsat.com/business,المحاسبة الضريبية,https://khamsat.com/business/tax,عمل فواتير الكترونية وتفريغ ملفات محاسبية على الاكسيل,https://khamsat.com/business/tax/3035212-%D8%B9%D9%85%D9%84-%D9%81%D9%88%D8%A7%D8%AA%D9%8A%D8%B1-%D8%A7%D9%84%D9%83%D8%AA%D8%B1%D9%88%D9%86%D9%8A%D8%A9-%D9%88%D8%AA%D9%81%D8%B1%D9%8A%D8%BA-%D9%85%D9%84%D9%81%D8%A7%D8%AA-%D9%85%D8%AD%D8%A7%D8%B3%D8%A8%D9%8A%D8%A9-%D8%B9%D9%84%D9%89-%D8%A7%D9%84%D8%A7%D9%83%D8%B3%D9%8A%D9%84,0.0,0,لم يحسب,0,0,$5.00,يوم واحد,0,4,30.0,.Aasha A,https://khamsat.com/user/aasha_abd_ellateef,False,بائع جديد,0.0,0,لم يحسب بعد,1,0,لم يحسب
أعمال,https://khamsat.com/business,المحاسبة الضريبية,https://khamsat.com/business/tax,العمل علي منظومة الفواتير الالكترونية المصرية E-invoicing,https://khamsat.com/business/tax/3000674-%D8%A7%D9%84%D8%B9%D9%85%D9%84-%D8%B9%D9%84%D9%8A-%D9%85%D9%86%D8%B8%D9%88%D9%85%D8%A9-%D8%A7%D9%84%D9%81%D9%88%D8%A7%D8%AA%D9%8A%D8%B1-%D8%A7%D9%84%D8%A7%D9%84%D9%83%D8%AA%D8%B1%D9%88%D9%86%D9%8A%D8%A9-%D8%A7%D9%84%D9%85%D8%B5%D8%B1%D9%8A%D8%A9-e-invoicing,0.0,0,لم يحسب,0,0,$5.00,يوم واحد,0,1,5.0,.Hassan A,https://khamsat.com/user/hassanali_2024,False,بائع جديد,0.0,0,لم يحسب بعد,5,0,لم يحسب
أعمال,https://khamsat.com/business,المحاسبة الضريبية,https://khamsat.com/business/tax,عمل جميع الفواتر الاليكترونية للشركات E-invoicing,https://khamsat.com/business/tax/3026326-%D8%B9%D9%85%D9%84-%D8%AC%D9%85%D9%8A%D8%B9-%D8%A7%D9%84%D9%81%D9%88%D8%A7%D8%AA%D8%B1-%D8%A7%D9%84%D8%A7%D9%84%D9%8A%D9%83%D8%AA%D8%B1%D9%88%D9%86%D9%8A%D8%A9-%D9%84%D9%84%D8%B4%D8%B1%D9%83%D8%A7%D8%AA-e-invoicing,0.0,0,لم يحسب,0,0,$5.00,يوم واحد,0,0,0.0,.Mostafa M,https://khamsat.com/user/mostafa-moner,False,بائع جديد,0.0,0,لم يحسب بعد,1,0,لم يحسب
أعمال,https://khamsat.com/business,المحاسبة الضريبية,https://khamsat.com/business/tax,خدمات محاسبة ومراجعة وضرائب,https://khamsat.com/business/tax/2985338-%D8%AE%D8%AF%D9%85%D8%A7%D8%AA-%D9%85%D8%AD%D8%A7%D8%B3%D8%A8%D8%A9-%D9%88%D9%85%D8%B1%D8%A7%D8%AC%D8%B9%D8%A9-%D9%88%D8%B6%D8%B1%D8%A7%D8%A6%D8%A8,0.0,0,لم يحسب,0,0,$10.00,ثلاثة أيام,0,5,155.0,.Ahmed N,https://khamsat.com/user/ahmednazeehmohamed,False,بائع جديد,0.0,0,لم يحسب بعد,1,0,لم يحسب
أعمال,https://khamsat.com/business,المحاسبة الضريبية,https://khamsat.com/business/tax,عمل فاتورة ضريبية إلكترونية وورقية بشركات سليمة 100%,https://khamsat.com/business/tax/2804297-%D8%B9%D9%85%D9%84-%D9%81%D8%A7%D8%AA%D9%88%D8%B1%D8%A9-%D8%B6%D8%B1%D9%8A%D8%A8%D9%8A%D8%A9-%D8%A5%D9%84%D9%83%D8%AA%D8%B1%D9%88%D9%86%D9%8A%D8%A9-%D9%88%D9%88%D8%B1%D9%82%D9%8A%D8%A9-%D8%A8%D8%B4%D8%B1%D9%83%D8%A7%D8%AA-%D8%B3%D9%84%D9%8A%D9%85%D8%A9-100,0.0,0,لم يحسب,0,0,$5.00,يوم واحد,0,0,0.0,.Asmaa M,https://khamsat.com/user/asmaa_mohamed_khatab,True,بائع جديد,5.0,3,50.0%,5,2,يوم
أعمال,https://khamsat.com/business,المحاسبة الضريبية,https://khamsat.com/business/tax,محاسبة وضرائب - جميع الاقرارات الضريبية,https://khamsat.com/business/tax/3012099-%D9%85%D8%AD%D8%A7%D8%B3%D8%A8%D8%A9-%D9%88%D8%B6%D8%B1%D8%A7%D8%A6%D8%A8-%D8%AC%D9%85%D9%8A%D8%B9-%D8%A7%D9%84%D8%A7%D9%82%D8%B1%D8%A7%D8%B1%D8%A7%D8%AA-%D8%A7%D9%84%D8%B6%D8%B1%D9%8A%D8%A8%D9%8A%D8%A9,0.0,0,لم يحسب,0,0,$10.00,ثلاثة أيام,0,0,0.0,هيثم ع.,https://khamsat.com/user/haythamali5,True,بائع جديد,0.0,0,لم يحسب بعد,2,0,لم يحسب
أعمال,https://khamsat.com/business,المحاسبة الضريبية,https://khamsat.com/business/tax,إعداد و مراجعة إقرار ضريبة القيمة المضافة VAT شهري وربع سنوي,https://khamsat.com/business/tax/2901374-%D8%A5%D8%B9%D8%AF%D8%A7%D8%AF-%D9%88-%D9%85%D8%B1%D8%A7%D8%AC%D8%B9%D8%A9-%D8%A5%D9%82%D8%B1%D8%A7%D8%B1-%D8%B6%D8%B1%D9%8A%D8%A8%D8%A9-%D8%A7%D9%84%D9%82%D9%8A%D9%85%D8%A9-%D8%A7%D9%84%D9%85%D8%B6%D8%A7%D9%81%D8%A9-vat-%D8%B4%D9%87%D8%B1%D9%8A-%D9%88%D8%B1%D8%A8%D8%B9-%D8%B3%D9%86%D9%88%D9%8A,0.0,0,لم يحسب,0,0,$10.00,يومين,0,2,65.0,.Maysara I,https://khamsat.com/user/maysara-jarkas,True,بائع جديد,0.0,0,لم يحسب بعد,1,0,لم يحسب
أعمال,https://khamsat.com/business,المحاسبة الضريبية,https://khamsat.com/business/tax,اعداد اقرار ضريبة القيمة المضافة للشركات والمؤسسات,https://khamsat.com/business/tax/3032915-%D8%A7%D8%B9%D8%AF%D8%A7%D8%AF-%D8%A7%D9%82%D8%B1%D8%A7%D8%B1-%D8%B6%D8%B1%D9%8A%D8%A8%D8%A9-%D8%A7%D9%84%D9%82%D9%8A%D9%85%D8%A9-%D8%A7%D9%84%D9%85%D8%B6%D8%A7%D9%81%D8%A9-%D9%84%D9%84%D8%B4%D8%B1%D9%83%D8%A7%D8%AA-%D9%88%D8%A7%D9%84%D9%85%D8%A4%D8%B3%D8%B3%D8%A7%D8%AA,0.0,0,لم يحسب,0,0,$10.00,يوم واحد,0,2,25.0,.Maha F,https://khamsat.com/user/mahaahmedmohamed,False,بائع جديد,0.0,0,لم يحسب بعد,4,0,لم يحسب
أعمال,https://khamsat.com/business,برامج محاسبة,https://khamsat.com/business/accounting-software,إعداد برامج محاسبة بسيطة للمشاريع وإدارة المنظمات بالاكسل,https://khamsat.com/business/accounting-software/2916146-%D8%A5%D8%B9%D8%AF%D8%A7%D8%AF-%D8%A8%D8%B1%D8%A7%D9%85%D8%AC-%D9%85%D8%AD%D8%A7%D8%B3%D8%A8%D8%A9-%D8%A8%D8%B3%D9%8A%D8%B7%D8%A9-%D9%84%D9%84%D9%85%D8%B4%D8%A7%D8%B1%D9%8A%D8%B9-%D9%88%D8%A5%D8%AF%D8%A7%D8%B1%D8%A9-%D8%A7%D9%84%D9%85%D9%86%D8%B8%D9%85%D8%A7%D8%AA-%D8%A8%D8%A7%D9%84%D8%A7%D9%83%D8%B3%D9%84,5.0,9,8 دقائق,10,1,$50.00,خمسة أيام,9,4,230.0,.Ahmed Y,https://khamsat.com/user/ahmed_yousri6,True,بائع مميز,4.5,46,98.95%,6,46,6 ساعات
أعمال,https://khamsat.com/business,برامج محاسبة,https://khamsat.com/business/accounting-software,برنامج طباعة الشيكات لجميع البنوك السعودية,https://khamsat.com/business/accounting-software/1709386-%D8%A8%D8%B1%D9%86%D8%A7%D9%85%D8%AC-%D8%B7%D8%A8%D8%A7%D8%B9%D8%A9-%D8%A7%D9%84%D8%B4%D9%8A%D9%83%D8%A7%D8%AA-%D9%84%D8%AC%D9%85%D9%8A%D8%B9-%D8%A7%D9%84%D8%A8%D9%86%D9%88%D9%83-%D8%A7%D9%84%D8%B3%D8%B9%D9%88%D8%AF%D9%8A%D8%A9,5.0,11,3 ساعات,29,0,$5.00,يوم واحد,11,5,85.0,.Mohamed M,https://khamsat.com/user/smartfordesign,True,بائع مميز,5.0,95,94.25%,4,203,9 ساعات
أعمال,https://khamsat.com/business,برامج محاسبة,https://khamsat.com/business/accounting-software,تصميم وإنشاء ملف اكسل يساعدك في انجاز مهامك,https://khamsat.com/business/accounting-software/2851948-%D8%AA%D8%B5%D9%85%D9%8A%D9%85-%D9%88%D8%A5%D9%86%D8%B4%D8%A7%D8%A1-%D9%85%D9%84%D9%81-%D8%A7%D9%83%D8%B3%D9%84-%D9%8A%D8%B3%D8%A7%D8%B9%D8%AF%D9%83-%D9%81%D9%8A-%D8%A7%D9%86%D8%AC%D8%A7%D8%B2-%D9%85%D9%87%D8%A7%D9%85%D9%83,3.5,2,4 ساعات,3,0,$5.00,يومين,2,3,30.0,.Mustapha B,https://khamsat.com/user/bakirmustapha,True,بائع جديد,3.5,2,100.0%,3,3,3 ساعات
أعمال,https://khamsat.com/business,برامج محاسبة,https://khamsat.com/business/accounting-software,ملف اكسل احترافى لادارة المشتريات مع داش بورد و تقارير شهرية,https://khamsat.com/business/accounting-software/2010970-%D9%85%D9%84%D9%81-%D8%A7%D9%83%D8%B3%D9%84-%D8%A7%D8%AD%D8%AA%D8%B1%D8%A7%D9%81%D9%89-%D9%84%D8%A7%D8%AF%D8%A7%D8%B1%D8%A9-%D8%A7%D9%84%D9%85%D8%B4%D8%AA%D8%B1%D9%8A%D8%A7%D8%AA-%D9%85%D8%B9-%D8%AF%D8%A7%D8%B4-%D8%A8%D9%88%D8%B1%D8%AF-%D9%88-%D8%AA%D9%82%D8%A7%D8%B1%D9%8A%D8%B1-%D8%B4%D9%87%D8%B1%D9%8A%D8%A9,5.0,5,ساعتين,12,0,$25.00,يوم واحد,5,2,135.0,.Arsany G,https://khamsat.com/user/arsanygeorge01,True,بائع نشيط,4.5,15,80.49%,6,25,4 ساعات
أعمال,https://khamsat.com/business,برامج محاسبة,https://khamsat.com/business/accounting-software,تصميم برنامج محاسبي متكامل احترافي عن طريق الاكسل,https://khamsat.com/business/accounting-software/2853334-%D8%AA%D8%B5%D9%85%D9%8A%D9%85-%D8%A8%D8%B1%D9%86%D8%A7%D9%85%D8%AC-%D9%85%D8%AD%D8%A7%D8%B3%D8%A8%D9%8A-%D9%85%D8%AA%D9%83%D8%A7%D9%85%D9%84-%D8%A7%D8%AD%D8%AA%D8%B1%D8%A7%D9%81%D9%8A-%D8%B9%D9%86-%D8%B7%D8%B1%D9%8A%D9%82-%D8%A7%D9%84%D8%A7%D9%83%D8%B3%D9%84,4.5,6,8 دقائق,9,0,$10.00,يوم واحد,6,1,10.0,محمود و.,https://khamsat.com/user/wahid_1997,True,بائع نشيط,4.5,8,92.0%,4,13,7 دقائق
أعمال,https://khamsat.com/business,برامج محاسبة,https://khamsat.com/business/accounting-software,برنامج لعمل سلم رواتب احترافي,https://khamsat.com/business/accounting-software/2780701-%D8%A8%D8%B1%D9%86%D8%A7%D9%85%D8%AC-%D9%84%D8%B9%D9%85%D9%84-%D8%B3%D9%84%D9%85-%D8%B1%D9%88%D8%A7%D8%AA%D8%A8-%D8%A7%D8%AD%D8%AA%D8%B1%D8%A7%D9%81%D9%8A,4.5,11,30 دقيقة,14,1,$50.00,يوم واحد,11,0,0.0,احمد ا.,https://khamsat.com/user/%D8%A7%D8%AD%D9%85%D8%AF-%D8%A7%D9%84%D9%81%D9%86%D8%AC%D8%B1%D9%8A,True,بائع مميز,5.0,195,94.81%,24,307,3 ساعات
أعمال,https://khamsat.com/business,برامج محاسبة,https://khamsat.com/business/accounting-software,برامج محاسبية جاهزة لإدارة مشروعك على Excel و Google Sheets,https://khamsat.com/business/accounting-software/3032570-%D8%A8%D8%B1%D8%A7%D9%85%D8%AC-%D9%85%D8%AD%D8%A7%D8%B3%D8%A8%D9%8A%D8%A9-%D8%AC%D8%A7%D9%87%D8%B2%D8%A9-%D9%84%D8%A5%D8%AF%D8%A7%D8%B1%D8%A9-%D9%85%D8%B4%D8%B1%D9%88%D8%B9%D9%83-%D8%B9%D9%84%D9%89-excel-%D9%88-google-sheets,5.0,1,27 دقيقة,1,0,$20.00,خمسة أيام,1,3,120.0,محمود ع.,https://khamsat.com/user/mahmoud_khder_ebrahe,True,بائع نشيط,5.0,9,95.0%,5,13,ساعة
أعمال,https://khamsat.com/business,برامج محاسبة,https://khamsat.com/business/accounting-software,تصميم برنامج محاسبي علي الإكسل الكاشير,https://khamsat.com/business/accounting-software/3000328-%D8%AA%D8%B5%D9%85%D9%8A%D9%85-%D8%A8%D8%B1%D9%86%D8%A7%D9%85%D8%AC-%D9%85%D8%AD%D8%A7%D8%B3%D8%A8%D9%8A-%D8%B9%D9%84%D9%8A-%D8%A7%D9%84%D8%A5%D9%83%D8%B3%D9%84-%D8%A7%D9%84%D9%83%D8%A7%D8%B4%D9%8A%D8%B1,5.0,1,8 ساعات,1,0,$10.00,ثلاثة أيام,1,4,30.0,.Mansour H,https://khamsat.com/user/mansour_019,True,بائع جديد,5.0,3,83.33%,5,3,ساعتين
أعمال,https://khamsat.com/business,برامج محاسبة,https://khamsat.com/business/accounting-software,برنامج محاسبي جاهز على الإكسل لمشروعك,https://khamsat.com/business/accounting-software/2905472-%D8%A8%D8%B1%D9%86%D8%A7%D9%85%D8%AC-%D9%85%D8%AD%D8%A7%D8%B3%D8%A8%D9%8A-%D8%AC%D8%A7%D9%87%D8%B2-%D8%B9%D9%84%D9%89-%D8%A7%D9%84%D8%A5%D9%83%D8%B3%D9%84-%D9%84%D9%85%D8%B4%D8%B1%D9%88%D8%B9%D9%83,5.0,3,ساعتين,4,0,$10.00,ثلاثة أيام,3,5,185.0,محمود ع.,https://khamsat.com/user/mahmoud_khder_ebrahe,True,بائع نشيط,5.0,9,95.0%,5,13,ساعة
أعمال,https://khamsat.com/business,برامج محاسبة,https://khamsat.com/business/accounting-software,ملف اكسل لحساب تكاليف المشروع متضمن حساب ساعات التشغيل,https://khamsat.com/business/accounting-software/2392068-%D9%85%D9%84%D9%81-%D8%A7%D9%83%D8%B3%D9%84-%D9%84%D8%AD%D8%B3%D8%A7%D8%A8-%D8%AA%D9%83%D8%A7%D9%84%D9%8A%D9%81-%D8%A7%D9%84%D9%85%D8%B4%D8%B1%D9%88%D8%B9-%D9%85%D8%AA%D8%B6%D9%85%D9%86-%D8%AD%D8%B3%D8%A7%D8%A8-%D8%B3%D8%A7%D8%B9%D8%A7%D8%AA-%D8%A7%D9%84%D8%AA%D8%B4%D8%BA%D9%8A%D9%84,5.0,2,29 دقيقة,3,0,$25.00,يومين,2,1,100.0,.Arsany G,https://khamsat.com/user/arsanygeorge01,True,بائع نشيط,4.5,15,80.49%,6,25,4 ساعات
أعمال,https://khamsat.com/business,برامج محاسبة,https://khamsat.com/business/accounting-software,تنسيق واقامة معادلات لملفات الاكسيلEXCEL,https://khamsat.com/business/accounting-software/3049446-%D8%AA%D9%86%D8%B3%D9%8A%D9%82-%D9%88%D8%A7%D9%82%D8%A7%D9%85%D8%A9-%D9%85%D8%B9%D8%A7%D8%AF%D9%84%D8%A7%D8%AA-%D9%84%D9%85%D9%84%D9%81%D8%A7%D8%AA-%D8%A7%D9%84%D8%A7%D9%83%D8%B3%D9%8A%D9%84excel,5.0,1,5 دقائق,1,0,$5.00,يوم واحد,1,5,30.0,.Nariman H,https://khamsat.com/user/nariman_hussien,True,بائع جديد,5.0,1,100.0%,2,1,5 دقائق
أعمال,https://khamsat.com/business,برامج محاسبة,https://khamsat.com/business/accounting-software,تصميم اكسيل محاسبي احترافي لادارة حسابات مشروعك او شركتك,https://khamsat.com/business/accounting-software/2311844-%D8%AA%D8%B5%D9%85%D9%8A%D9%85-%D8%A7%D9%83%D8%B3%D9%8A%D9%84-%D9%85%D8%AD%D8%A7%D8%B3%D8%A8%D9%8A-%D8%A7%D8%AD%D8%AA%D8%B1%D8%A7%D9%81%D9%8A-%D9%84%D8%A7%D8%AF%D8%A7%D8%B1%D8%A9-%D8%AD%D8%B3%D8%A7%D8%A8%D8%A7%D8%AA-%D9%85%D8%B4%D8%B1%D9%88%D8%B9%D9%83-%D8%A7%D9%88-%D8%B4%D8%B1%D9%83%D8%AA%D9%83,4.5,18,7 ساعات,18,0,$10.00,يوم واحد,18,2,175.0,.Mohamed E,https://khamsat.com/user/mohamdedeid,True,بائع نشيط,4.5,36,89.09%,10,32,ساعة
أعمال,https://khamsat.com/business,برامج محاسبة,https://khamsat.com/business/accounting-software,ارشادات محاسبيةللمؤسسات والشركات الصغيرة,https://khamsat.com/business/accounting-software/2757558-%D8%A7%D8%B1%D8%B4%D8%A7%D8%AF%D8%A7%D8%AA-%D9%85%D8%AD%D8%A7%D8%B3%D8%A8%D9%8A%D8%A9%D9%84%D9%84%D9%85%D8%A4%D8%B3%D8%B3%D8%A7%D8%AA-%D9%88%D8%A7%D9%84%D8%B4%D8%B1%D9%83%D8%A7%D8%AA-%D8%A7%D9%84%D8%B5%D8%BA%D9%8A%D8%B1%D8%A9,5.0,1,12 ساعة,1,0,$10.00,يوم واحد,1,1,10.0,عبدالله ا.,https://khamsat.com/user/abdullah_alsaif,True,بائع جديد,5.0,6,80.0%,5,7,7 ساعات
أعمال,https://khamsat.com/business,برامج محاسبة,https://khamsat.com/business/accounting-software,أقوى وأرخص برنامج محاسبي للشركات على الاكسل 5$,https://khamsat.com/business/accounting-software/1064477-%D8%A3%D9%82%D9%88%D9%89-%D9%88%D8%A3%D8%B1%D8%AE%D8%B5-%D8%A8%D8%B1%D9%86%D8%A7%D9%85%D8%AC-%D9%85%D8%AD%D8%A7%D8%B3%D8%A8%D9%8A-%D9%84%D9%84%D8%B4%D8%B1%D9%83%D8%A7%D8%AA-%D8%B9%D9%84%D9%89-%D8%A7%D9%84%D8%A7%D9%83%D8%B3%D9%84-5,5.0,44,ساعتين,68,0,$5.00,يوم واحد,25,4,20.0,أحمد م.,https://khamsat.com/user/ahmedmohsen865,True,بائع مميز,5.0,132,98.19%,8,196,5 ساعات
أعمال,https://khamsat.com/business,برامج محاسبة,https://khamsat.com/business/accounting-software,تطبيق نظام اودو واستشارات Odoo Functional Implementation,https://khamsat.com/business/accounting-software/2687039-%D8%AA%D8%B7%D8%A8%D9%8A%D9%82-%D9%86%D8%B8%D8%A7%D9%85-%D8%A7%D9%88%D8%AF%D9%88-%D9%88%D8%A7%D8%B3%D8%AA%D8%B4%D8%A7%D8%B1%D8%A7%D8%AA-odoo-functional-implementation,5.0,4,5 أيام,7,0,$20.00,يوم واحد,4,0,0.0,اسلام ا.,https://khamsat.com/user/eslam1001a,True,بائع مميز,4.5,64,90.71%,5,104,يوم
أعمال,https://khamsat.com/business,برامج محاسبة,https://khamsat.com/business/accounting-software,تصميم برامج محاسبية صغيرة لادخال البيانات على الاكسيل,https://khamsat.com/business/accounting-software/1874193-%D8%AA%D8%B5%D9%85%D9%8A%D9%85-%D8%A8%D8%B1%D8%A7%D9%85%D8%AC-%D9%85%D8%AD%D8%A7%D8%B3%D8%A8%D9%8A%D8%A9-%D8%B5%D8%BA%D9%8A%D8%B1%D8%A9-%D9%84%D8%A7%D8%AF%D8%AE%D8%A7%D9%84-%D8%A7%D9%84%D8%A8%D9%8A%D8%A7%D9%86%D8%A7%D8%AA-%D8%B9%D9%84%D9%89-%D8%A7%D9%84%D8%A7%D9%83%D8%B3%D9%8A%D9%84,5.0,2,3 أيام,4,0,$5.00,يومين,2,5,190.0,.Mahmoud G,https://khamsat.com/user/acc_mahmoud_galal,True,بائع مميز,5.0,33,99.0%,7,43,12 ساعة
أعمال,https://khamsat.com/business,برامج محاسبة,https://khamsat.com/business/accounting-software,برنامج الفواتير (إصدار وحفظ وطباعة الفواتير) + تقارير,https://khamsat.com/business/accounting-software/1441876-%D8%A8%D8%B1%D9%86%D8%A7%D9%85%D8%AC-%D8%A7%D9%84%D9%81%D9%88%D8%A7%D8%AA%D9%8A%D8%B1-%D8%A5%D8%B5%D8%AF%D8%A7%D8%B1-%D9%88%D8%AD%D9%81%D8%B8-%D9%88%D8%B7%D8%A8%D8%A7%D8%B9%D8%A9-%D8%A7%D9%84%D9%81%D9%88%D8%A7%D8%AA%D9%8A%D8%B1-%D8%AA%D9%82%D8%A7%D8%B1%D9%8A%D8%B1,5.0,8,19 دقيقة,11,0,$5.00,يوم واحد,8,0,0.0,أحمد م.,https://khamsat.com/user/ahmedmohsen865,True,بائع مميز,5.0,132,98.19%,8,196,5 ساعات
أعمال,https://khamsat.com/business,برامج محاسبة,https://khamsat.com/business/accounting-software,العمل علي برامج المحاسبة السحابية مثل (قيود-دفتره-زوهو-اودو),https://khamsat.com/business/accounting-software/2866553-%D8%A7%D9%84%D8%B9%D9%85%D9%84-%D8%B9%D9%84%D9%8A-%D8%A8%D8%B1%D8%A7%D9%85%D8%AC-%D8%A7%D9%84%D9%85%D8%AD%D8%A7%D8%B3%D8%A8%D8%A9-%D8%A7%D9%84%D8%B3%D8%AD%D8%A7%D8%A8%D9%8A%D8%A9-%D9%85%D8%AB%D9%84-%D9%82%D9%8A%D9%88%D8%AF-%D8%AF%D9%81%D8%AA%D8%B1%D9%87-%D8%B2%D9%88%D9%87%D9%88-%D8%A7%D9%88%D8%AF%D9%88,5.0,3,5 ساعات,6,0,$5.00,يوم واحد,3,3,135.0,.Mohamed E,https://khamsat.com/user/mohamedelelamy,True,بائع مميز,5.0,26,98.11%,7,21,ساعة
أعمال,https://khamsat.com/business,برامج محاسبة,https://khamsat.com/business/accounting-software,احصل علي شيت اكسيل يناسبك اعمالك,https://khamsat.com/business/accounting-software/2239548-%D8%A7%D8%AD%D8%B5%D9%84-%D8%B9%D9%84%D9%8A-%D8%B4%D9%8A%D8%AA-%D8%A7%D9%83%D8%B3%D9%8A%D9%84-%D9%8A%D9%86%D8%A7%D8%B3%D8%A8%D9%83-%D8%A7%D8%B9%D9%85%D8%A7%D9%84%D9%83,5.0,2,ساعة,2,0,$5.00,يوم واحد,2,1,5.0,.Omar M,https://khamsat.com/user/omarmahmoud002,True,بائع جديد,5.0,2,100.0%,2,2,ساعة
أعمال,https://khamsat.com/business,برامج محاسبة,https://khamsat.com/business/accounting-software,Excel الموظفين والمرتبات وبرامج الحسابات وغيرها بضغطة زر,https://khamsat.com/business/accounting-software/1367445-excel-%D8%A7%D9%84%D9%85%D9%88%D8%B8%D9%81%D9%8A%D9%86-%D9%88%D8%A7%D9%84%D9%85%D8%B1%D8%AA%D8%A8%D8%A7%D8%AA-%D9%88%D8%A8%D8%B1%D8%A7%D9%85%D8%AC-%D8%A7%D9%84%D8%AD%D8%B3%D8%A7%D8%A8%D8%A7%D8%AA-%D9%88%D8%BA%D9%8A%D8%B1%D9%87%D8%A7-%D8%A8%D8%B6%D8%BA%D8%B7%D8%A9-%D8%B2%D8%B1,5.0,1,ساعة,1,0,$10.00,ثلاثة أيام,1,5,175.0,.Ahmed I,https://khamsat.com/user/ahmed_ibrahiem,True,بائع نشيط,4.5,18,80.0%,3,39,16 ساعة
أعمال,https://khamsat.com/business,برامج محاسبة,https://khamsat.com/business/accounting-software,اكبر مكتبه لملفات الاكسيل المحاسبي,https://khamsat.com/business/accounting-software/2828705-%D8%A7%D9%83%D8%A8%D8%B1-%D9%85%D9%83%D8%AA%D8%A8%D9%87-%D9%84%D9%85%D9%84%D9%81%D8%A7%D8%AA-%D8%A7%D9%84%D8%A7%D9%83%D8%B3%D9%8A%D9%84-%D8%A7%D9%84%D9%85%D8%AD%D8%A7%D8%B3%D8%A8%D9%8A,5.0,1,ساعتين,4,0,$5.00,يوم واحد,1,2,15.0,محمود ع.,https://khamsat.com/user/mahmoudomar464,True,بائع نشيط,4.5,20,93.75%,5,29,ساعتين
أعمال,https://khamsat.com/business,برامج محاسبة,https://khamsat.com/business/accounting-software,أفضل برنامج حسابات اتحاد الملاك على الاكسل,https://khamsat.com/business/accounting-software/1766271-%D8%A3%D9%81%D8%B6%D9%84-%D8%A8%D8%B1%D9%86%D8%A7%D9%85%D8%AC-%D8%AD%D8%B3%D8%A7%D8%A8%D8%A7%D8%AA-%D8%A7%D8%AA%D8%AD%D8%A7%D8%AF-%D8%A7%D9%84%D9%85%D9%84%D8%A7%D9%83-%D8%B9%D9%84%D9%89-%D8%A7%D9%84%D8%A7%D9%83%D8%B3%D9%84,3.0,2,14 ساعة,9,0,$5.00,يوم واحد,2,0,0.0,أحمد م.,https://khamsat.com/user/ahmedmohsen865,True,بائع مميز,5.0,132,98.19%,8,196,5 ساعات
أعمال,https://khamsat.com/business,برامج محاسبة,https://khamsat.com/business/accounting-software,تصميم نظام محاسبي باستخدام برنامج الاكسيل,https://khamsat.com/business/accounting-software/1921435-%D8%AA%D8%B5%D9%85%D9%8A%D9%85-%D9%86%D8%B8%D8%A7%D9%85-%D9%85%D8%AD%D8%A7%D8%B3%D8%A8%D9%8A-%D8%A8%D8%A7%D8%B3%D8%AA%D8%AE%D8%AF%D8%A7%D9%85-%D8%A8%D8%B1%D9%86%D8%A7%D9%85%D8%AC-%D8%A7%D9%84%D8%A7%D9%83%D8%B3%D9%8A%D9%84,4.5,12,ساعة,16,0,$5.00,يوم واحد,12,2,25.0,محمود ع.,https://khamsat.com/user/mahmoudomar464,True,بائع نشيط,4.5,20,93.75%,5,29,ساعتين
أعمال,https://khamsat.com/business,برامج محاسبة,https://khamsat.com/business/accounting-software,تصميم برامج محاسبية على الاكسل,https://khamsat.com/business/accounting-software/2746303-%D8%AA%D8%B5%D9%85%D9%8A%D9%85-%D8%A8%D8%B1%D8%A7%D9%85%D8%AC-%D9%85%D8%AD%D8%A7%D8%B3%D8%A8%D9%8A%D8%A9-%D8%B9%D9%84%D9%89-%D8%A7%D9%84%D8%A7%D9%83%D8%B3%D9%84,5.0,1,42 دقيقة,1,0,$5.00,يوم واحد,1,2,10.0,.Dania T,https://khamsat.com/user/dania_tattan,True,بائع جديد,5.0,1,100.0%,3,1,42 دقيقة
أعمال,https://khamsat.com/business,برامج محاسبة,https://khamsat.com/business/accounting-software,برنامج مبيعات متكامل علي الاكسيل بلغه اكواد VBA,https://khamsat.com/business/accounting-software/2902143-%D8%A8%D8%B1%D9%86%D8%A7%D9%85%D8%AC-%D9%85%D8%A8%D9%8A%D8%B9%D8%A7%D8%AA-%D9%85%D8%AA%D9%83%D8%A7%D9%85%D9%84-%D8%B9%D9%84%D9%8A-%D8%A7%D9%84%D8%A7%D9%83%D8%B3%D9%8A%D9%84-%D8%A8%D9%84%D8%BA%D9%87-%D8%A7%D9%83%D9%88%D8%A7%D8%AF-vba,5.0,2,18 دقيقة,4,0,$10.00,يوم واحد,2,0,0.0,محمود ع.,https://khamsat.com/user/mahmoudomar464,True,بائع نشيط,4.5,20,93.75%,5,29,ساعتين
أعمال,https://khamsat.com/business,برامج محاسبة,https://khamsat.com/business/accounting-software,تصميم جدول اكسيل لمراقبة المخزون و مراقبة التكاليف للمطاعم,https://khamsat.com/business/accounting-software/3044123-%D8%AA%D8%B5%D9%85%D9%8A%D9%85-%D8%AC%D8%AF%D9%88%D9%84-%D8%A7%D9%83%D8%B3%D9%8A%D9%84-%D9%84%D9%85%D8%B1%D8%A7%D9%82%D8%A8%D8%A9-%D8%A7%D9%84%D9%85%D8%AE%D8%B2%D9%88%D9%86-%D9%88-%D9%85%D8%B1%D8%A7%D9%82%D8%A8%D8%A9-%D8%A7%D9%84%D8%AA%D9%83%D8%A7%D9%84%D9%8A%D9%81-%D9%84%D9%84%D9%85%D8%B7%D8%A7%D8%B9%D9%85,0.0,0,لم يحسب,0,0,$5.00,يوم واحد,0,1,100.0,.Sayed T,https://khamsat.com/user/sayedtalaat01,True,بائع جديد,0.0,0,لم يحسب بعد,1,0,لم يحسب
أعمال,https://khamsat.com/business,برامج محاسبة,https://khamsat.com/business/accounting-software,العمل علي برنامج كويك بوكس,https://khamsat.com/business/accounting-software/2952606-%D8%A7%D9%84%D8%B9%D9%85%D9%84-%D8%B9%D9%84%D9%8A-%D8%A8%D8%B1%D9%86%D8%A7%D9%85%D8%AC-%D9%83%D9%88%D9%8A%D9%83-%D8%A8%D9%88%D9%83%D8%B3,0.0,0,لم يحسب,0,0,$5.00,يوم واحد,0,2,35.0,.Ahmed A,https://khamsat.com/user/ahmed_alminyawy030,True,بائع جديد,0.0,0,لم يحسب بعد,2,0,لم يحسب
أعمال,https://khamsat.com/business,برامج محاسبة,https://khamsat.com/business/accounting-software,نظام محاسبي All in One للأندرويد وللويندوز,https://khamsat.com/business/accounting-software/2813105-%D9%86%D8%B8%D8%A7%D9%85-%D9%85%D8%AD%D8%A7%D8%B3%D8%A8%D9%8A-all-in-one-%D9%84%D9%84%D8%A3%D9%86%D8%AF%D8%B1%D9%88%D9%8A%D8%AF-%D9%88%D9%84%D9%84%D9%88%D9%8A%D9%86%D8%AF%D9%88%D8%B2,0.0,0,لم يحسب,0,0,$5.00,يوم واحد,0,2,80.0,.Ahmed A,https://khamsat.com/user/ahmed_alsamet,True,بائع جديد,0.0,0,لم يحسب بعد,3,0,15 دقيقة
أعمال,https://khamsat.com/business,برامج محاسبة,https://khamsat.com/business/accounting-software,انشاء برامج محاسبية تخص المبيعات الحسابات الفاتورة الالكترون,https://khamsat.com/business/accounting-software/2867017-%D8%A7%D9%86%D8%B4%D8%A7%D8%A1-%D8%A8%D8%B1%D8%A7%D9%85%D8%AC-%D9%85%D8%AD%D8%A7%D8%B3%D8%A8%D9%8A%D8%A9-%D8%AA%D8%AE%D8%B5-%D8%A7%D9%84%D9%85%D8%A8%D9%8A%D8%B9%D8%A7%D8%AA-%D8%A7%D9%84%D8%AD%D8%B3%D8%A7%D8%A8%D8%A7%D8%AA-%D8%A7%D9%84%D9%81%D8%A7%D8%AA%D9%88%D8%B1%D8%A9-%D8%A7%D9%84%D8%A7%D9%84%D9%83%D8%AA%D8%B1%D9%88%D9%86,0.0,0,لم يحسب,0,0,$5.00,يوم واحد,0,0,0.0,احمد ح.,https://khamsat.com/user/dotnet4ever,True,بائع جديد,0.0,1,0.0%,3,0,8 أيام
أعمال,https://khamsat.com/business,برامج محاسبة,https://khamsat.com/business/accounting-software,قم بشراء برنامج المخازن على الاكسل,https://khamsat.com/business/accounting-software/2885801-%D9%82%D9%85-%D8%A8%D8%B4%D8%B1%D8%A7%D8%A1-%D8%A8%D8%B1%D9%86%D8%A7%D9%85%D8%AC-%D8%A7%D9%84%D9%85%D8%AE%D8%A7%D8%B2%D9%86-%D8%B9%D9%84%D9%89-%D8%A7%D9%84%D8%A7%D9%83%D8%B3%D9%84,0.0,0,لم يحسب,0,0,$5.00,يوم واحد,0,1,100.0,.Mahmoud G,https://khamsat.com/user/%D9%85%D9%84%D9%83-%D9%85%D8%AD%D9%85%D9%88%D8%AF,True,بائع مميز,0.0,38,80.22%,3,47,يوم
أعمال,https://khamsat.com/business,استشارات مالية,https://khamsat.com/business/financial-consulting,برنامج BMP لإدارة الأعمال - محاسبة - إدارة مالية - داشبورد,https://khamsat.com/business/financial-consulting/2919424-%D8%A8%D8%B1%D9%86%D8%A7%D9%85%D8%AC-bmp-%D9%84%D8%A5%D8%AF%D8%A7%D8%B1%D8%A9-%D8%A7%D9%84%D8%A3%D8%B9%D9%85%D8%A7%D9%84-%D9%85%D8%AD%D8%A7%D8%B3%D8%A8%D8%A9-%D8%A5%D8%AF%D8%A7%D8%B1%D8%A9-%D9%85%D8%A7%D9%84%D9%8A%D8%A9-%D8%AF%D8%A7%D8%B4%D8%A8%D9%88%D8%B1%D8%AF,0.0,0,دقيقتين,1,0,$50.00,يوم واحد,0,3,350.0,علي ص.,https://khamsat.com/user/dr_alisaleh,True,بائع مميز,5.0,20,89.41%,15,30,18 ساعة
أعمال,https://khamsat.com/business,استشارات مالية,https://khamsat.com/business/financial-consulting,استشارات مالية ومحاسبية عن بعد,https://khamsat.com/business/financial-consulting/2992301-%D8%A7%D8%B3%D8%AA%D8%B4%D8%A7%D8%B1%D8%A7%D8%AA-%D9%85%D8%A7%D9%84%D9%8A%D8%A9-%D9%88%D9%85%D8%AD%D8%A7%D8%B3%D8%A8%D9%8A%D8%A9-%D8%B9%D9%86-%D8%A8%D8%B9%D8%AF,5.0,1,4 ساعات,2,0,$25.00,يوم واحد,1,3,80.0,احمد ع.,https://khamsat.com/user/ah_sakr55555,True,بائع مميز,4.5,35,99.1%,9,41,يوم
أعمال,https://khamsat.com/business,استشارات مالية,https://khamsat.com/business/financial-consulting,إدارة ميزانية أسرة ووضع خطة مالية استثمارية مستقبلية,https://khamsat.com/business/financial-consulting/2775838-%D8%A5%D8%AF%D8%A7%D8%B1%D8%A9-%D9%85%D9%8A%D8%B2%D8%A7%D9%86%D9%8A%D8%A9-%D8%A3%D8%B3%D8%B1%D8%A9-%D9%88%D9%88%D8%B6%D8%B9-%D8%AE%D8%B7%D8%A9-%D9%85%D8%A7%D9%84%D9%8A%D8%A9-%D8%A7%D8%B3%D8%AA%D8%AB%D9%85%D8%A7%D8%B1%D9%8A%D8%A9-%D9%85%D8%B3%D8%AA%D9%82%D8%A8%D9%84%D9%8A%D8%A9,5.0,1,ساعة,2,0,$25.00,ثلاثة أيام,1,2,200.0,علي ص.,https://khamsat.com/user/dr_alisaleh,True,بائع مميز,5.0,20,89.41%,15,30,18 ساعة
أعمال,https://khamsat.com/business,استشارات مالية,https://khamsat.com/business/financial-consulting,مستشارك الخاص للمحاسبين ومدققي الحسابات والمراجعين الداخليين,https://khamsat.com/business/financial-consulting/2348189-%D9%85%D8%B3%D8%AA%D8%B4%D8%A7%D8%B1%D9%83-%D8%A7%D9%84%D8%AE%D8%A7%D8%B5-%D9%84%D9%84%D9%85%D8%AD%D8%A7%D8%B3%D8%A8%D9%8A%D9%86-%D9%88%D9%85%D8%AF%D9%82%D9%82%D9%8A-%D8%A7%D9%84%D8%AD%D8%B3%D8%A7%D8%A8%D8%A7%D8%AA-%D9%88%D8%A7%D9%84%D9%85%D8%B1%D8%A7%D8%AC%D8%B9%D9%8A%D9%86-%D8%A7%D9%84%D8%AF%D8%A7%D8%AE%D9%84%D9%8A%D9%8A%D9%86,5.0,3,ساعة,4,0,$10.00,يومين,3,0,0.0,توفيق ع.,https://khamsat.com/user/tawfiq_omar,True,بائع جديد,5.0,3,100.0%,2,4,ساعة
أعمال,https://khamsat.com/business,استشارات مالية,https://khamsat.com/business/financial-consulting,استشارة في مجال الاعمال المالية الادارية,https://khamsat.com/business/financial-consulting/1727951-%D8%A7%D8%B3%D8%AA%D8%B4%D8%A7%D8%B1%D8%A9-%D9%81%D9%8A-%D9%85%D8%AC%D8%A7%D9%84-%D8%A7%D9%84%D8%A7%D8%B9%D9%85%D8%A7%D9%84-%D8%A7%D9%84%D9%85%D8%A7%D9%84%D9%8A%D8%A9-%D8%A7%D9%84%D8%A7%D8%AF%D8%A7%D8%B1%D9%8A%D8%A9,4.5,7,14 دقيقة,6,0,$5.00,يوم واحد,7,5,280.0,.Faten R,https://khamsat.com/user/karamonline,True,بائع نشيط,5.0,16,97.92%,5,19,11 ساعة
أعمال,https://khamsat.com/business,استشارات مالية,https://khamsat.com/business/financial-consulting,مستشارك المحاسبي,https://khamsat.com/business/financial-consulting/765184-%D9%85%D8%B3%D8%AA%D8%B4%D8%A7%D8%B1%D9%83-%D8%A7%D9%84%D9%85%D8%AD%D8%A7%D8%B3%D8%A8%D9%8A,5.0,1,14 دقيقة,5,0,$20.00,ثلاثة أيام,1,1,50.0,.Mohamed M,https://khamsat.com/user/mohamed-mahmoud7,True,بائع نشيط,5.0,31,83.56%,3,52,3 ساعات
أعمال,https://khamsat.com/business,استشارات مالية,https://khamsat.com/business/financial-consulting,استشارات في التداول والاسواق المالية,https://khamsat.com/business/financial-consulting/2699217-%D8%A7%D8%B3%D8%AA%D8%B4%D8%A7%D8%B1%D8%A7%D8%AA-%D9%81%D9%8A-%D8%A7%D9%84%D8%AA%D8%AF%D8%A7%D9%88%D9%84-%D9%88%D8%A7%D9%84%D8%A7%D8%B3%D9%88%D8%A7%D9%82-%D8%A7%D9%84%D9%85%D8%A7%D9%84%D9%8A%D8%A9,5.0,2,ساعتين,4,0,$10.00,أسبوع,2,0,0.0,اسامة ع.,https://khamsat.com/user/oussama_8,True,بائع جديد,5.0,4,90.0%,2,6,ساعة
أعمال,https://khamsat.com/business,استشارات مالية,https://khamsat.com/business/financial-consulting,اقدم لك التحليل الفني للاسهم الموجودة في السوق الخليجي,https://khamsat.com/business/financial-consulting/653679-%D8%A7%D9%82%D8%AF%D9%85-%D9%84%D9%83-%D8%A7%D9%84%D8%AA%D8%AD%D9%84%D9%8A%D9%84-%D8%A7%D9%84%D9%81%D9%86%D9%8A-%D9%84%D9%84%D8%A7%D8%B3%D9%87%D9%85-%D8%A7%D9%84%D9%85%D9%88%D8%AC%D9%88%D8%AF%D8%A9-%D9%81%D9%8A-%D8%A7%D9%84%D8%B3%D9%88%D9%82-%D8%A7%D9%84%D8%AE%D9%84%D9%8A%D8%AC%D9%8A,5.0,6,3 ساعات,10,0,$5.00,يوم واحد,6,2,50.0,.Osman A,https://khamsat.com/user/osman-alsikh,True,بائع نشيط,5.0,9,96.0%,3,12,5 ساعات
أعمال,https://khamsat.com/business,استشارات مالية,https://khamsat.com/business/financial-consulting,تقديم كافة الاستشارات الضريبية,https://khamsat.com/business/financial-consulting/2993487-%D8%AA%D9%82%D8%AF%D9%8A%D9%85-%D9%83%D8%A7%D9%81%D8%A9-%D8%A7%D9%84%D8%A7%D8%B3%D8%AA%D8%B4%D8%A7%D8%B1%D8%A7%D8%AA-%D8%A7%D9%84%D8%B6%D8%B1%D9%8A%D8%A8%D9%8A%D8%A9,0.0,0,لم يحسب,0,0,$5.00,يوم واحد,0,0,0.0,.Elsaid F,https://khamsat.com/user/said_fadly100,True,بائع جديد,0.0,0,لم يحسب بعد,1,0,لم يحسب
أعمال,https://khamsat.com/business,استشارات مالية,https://khamsat.com/business/financial-consulting,استشارات مالية وضريبية وتأسيس الشركات واستخراج تراخيص المصانع,https://khamsat.com/business/financial-consulting/2954895-%D8%A7%D8%B3%D8%AA%D8%B4%D8%A7%D8%B1%D8%A7%D8%AA-%D9%85%D8%A7%D9%84%D9%8A%D8%A9-%D9%88%D8%B6%D8%B1%D9%8A%D8%A8%D9%8A%D8%A9-%D9%88%D8%AA%D8%A3%D8%B3%D9%8A%D8%B3-%D8%A7%D9%84%D8%B4%D8%B1%D9%83%D8%A7%D8%AA-%D9%88%D8%A7%D8%B3%D8%AA%D8%AE%D8%B1%D8%A7%D8%AC-%D8%AA%D8%B1%D8%A7%D8%AE%D9%8A%D8%B5-%D8%A7%D9%84%D9%85%D8%B5%D8%A7%D9%86%D8%B9,0.0,0,لم يحسب,0,0,$10.00,يوم واحد,0,1,75.0,أحمد ا.,https://khamsat.com/user/ahmed_elmansy24,True,بائع جديد,0.0,0,لم يحسب بعد,1,0,لم يحسب
أعمال,https://khamsat.com/business,استشارات مالية,https://khamsat.com/business/financial-consulting,اعداد تقارير التكاليف لمنتجات شركتك أو مصنعك أو مخزنك أو محل,https://khamsat.com/business/financial-consulting/754379-%D8%A7%D8%B9%D8%AF%D8%A7%D8%AF-%D8%AA%D9%82%D8%A7%D8%B1%D9%8A%D8%B1-%D8%A7%D9%84%D8%AA%D9%83%D8%A7%D9%84%D9%8A%D9%81-%D9%84%D9%85%D9%86%D8%AA%D8%AC%D8%A7%D8%AA-%D8%B4%D8%B1%D9%83%D8%AA%D9%83-%D8%A3%D9%88-%D9%85%D8%B5%D9%86%D8%B9%D9%83-%D8%A3%D9%88-%D9%85%D8%AE%D8%B2%D9%86%D9%83-%D8%A3%D9%88-%D9%85%D8%AD%D9%84,0.0,0,3 ساعات,2,0,$10.00,ثلاثة أيام,0,3,160.0,عبدالصبور ش.,https://khamsat.com/user/%D8%B9%D8%A8%D8%AF%D8%A7%D9%84%D8%B5%D8%A8%D9%88%D8%B1-%D9%85%D8%B1%D8%AC%D8%A7%D9%88%D9%8A,True,بائع جديد,5.0,1,81.82%,5,3,7 ساعات
أعمال,https://khamsat.com/business,استشارات مالية,https://khamsat.com/business/financial-consulting,عمل عرض مالي و فني presentation,https://khamsat.com/business/financial-consulting/2984832-%D8%B9%D9%85%D9%84-%D8%B9%D8%B1%D8%B6-%D9%85%D8%A7%D9%84%D9%8A-%D9%88-%D9%81%D9%86%D9%8A-presentation,0.0,0,لم يحسب,0,0,$5.00,يوم واحد,0,2,125.0,.Reem M,https://khamsat.com/user/royal123,False,بائع جديد,0.0,0,لم يحسب بعد,4,0,لم يحسب
أعمال,https://khamsat.com/business,استشارات مالية,https://khamsat.com/business/financial-consulting,فحص كافة أنواع ضرائب شركتك,https://khamsat.com/business/financial-consulting/2738139-%D9%81%D8%AD%D8%B5-%D9%83%D8%A7%D9%81%D8%A9-%D8%A3%D9%86%D9%88%D8%A7%D8%B9-%D8%B6%D8%B1%D8%A7%D8%A6%D8%A8-%D8%B4%D8%B1%D9%83%D8%AA%D9%83,0.0,0,لم يحسب,0,0,$10.00,يوم واحد,0,4,400.0,.Walid R,https://khamsat.com/user/waleedraslan81,True,بائع جديد,0.0,0,لم يحسب بعد,2,0,لم يحسب
أعمال,https://khamsat.com/business,استشارات مالية,https://khamsat.com/business/financial-consulting,استشارات محاسبية وضريبية للسوق السعودي,https://khamsat.com/business/financial-consulting/2838287-%D8%A7%D8%B3%D8%AA%D8%B4%D8%A7%D8%B1%D8%A7%D8%AA-%D9%85%D8%AD%D8%A7%D8%B3%D8%A8%D9%8A%D8%A9-%D9%88%D8%B6%D8%B1%D9%8A%D8%A8%D9%8A%D8%A9-%D9%84%D9%84%D8%B3%D9%88%D9%82-%D8%A7%D9%84%D8%B3%D8%B9%D9%88%D8%AF%D9%8A,5.0,5,50 دقيقة,6,0,$10.00,يوم واحد,5,0,0.0,علي ع.,https://khamsat.com/user/alialawadi712,True,بائع نشيط,5.0,12,94.44%,4,16,ساعة
أعمال,https://khamsat.com/business,استشارات مالية,https://khamsat.com/business/financial-consulting,اجتماعات عن بُعد لتقديم استشارات مالية,https://khamsat.com/business/financial-consulting/3033829-%D8%A7%D8%AC%D8%AA%D9%85%D8%A7%D8%B9%D8%A7%D8%AA-%D8%B9%D9%86-%D8%A8%D8%B9%D8%AF-%D9%84%D8%AA%D9%82%D8%AF%D9%8A%D9%85-%D8%A7%D8%B3%D8%AA%D8%B4%D8%A7%D8%B1%D8%A7%D8%AA-%D9%85%D8%A7%D9%84%D9%8A%D8%A9,0.0,0,لم يحسب,0,0,$10.00,يوم واحد,0,2,50.0,اسراء ع.,https://khamsat.com/user/esraa_aziz12,True,بائع جديد,0.0,0,لم يحسب بعد,2,0,لم يحسب
أعمال,https://khamsat.com/business,استشارات مالية,https://khamsat.com/business/financial-consulting,جلسه استشارية مع البورصجي,https://khamsat.com/business/financial-consulting/2028041-%D8%AC%D9%84%D8%B3%D9%87-%D8%A7%D8%B3%D8%AA%D8%B4%D8%A7%D8%B1%D9%8A%D8%A9-%D9%85%D8%B9-%D8%A7%D9%84%D8%A8%D9%88%D8%B1%D8%B5%D8%AC%D9%8A,5.0,1,4 ساعات,1,0,$25.00,أسبوع,1,2,225.0,.Andrew E,https://khamsat.com/user/andrewelia,True,بائع مميز,5.0,27,92.11%,2,39,6 ساعات
أعمال,https://khamsat.com/business,استشارات مالية,https://khamsat.com/business/financial-consulting,تقديم جميع الاستشارات المحاسبية,https://khamsat.com/business/financial-consulting/2800910-%D8%AA%D9%82%D8%AF%D9%8A%D9%85-%D8%AC%D9%85%D9%8A%D8%B9-%D8%A7%D9%84%D8%A7%D8%B3%D8%AA%D8%B4%D8%A7%D8%B1%D8%A7%D8%AA-%D8%A7%D9%84%D9%85%D8%AD%D8%A7%D8%B3%D8%A8%D9%8A%D8%A9,0.0,0,لم يحسب,0,0,$5.00,يوم واحد,0,4,50.0,فيصل ا.,https://khamsat.com/user/faisal_gh1,True,بائع جديد,0.0,0,لم يحسب بعد,3,0,لم يحسب
أعمال,https://khamsat.com/business,استشارات مالية,https://khamsat.com/business/financial-consulting,ساقدم لك استشارة كاملة في لمحفظتك في الكريبتو,https://khamsat.com/business/financial-consulting/3008681-%D8%B3%D8%A7%D9%82%D8%AF%D9%85-%D9%84%D9%83-%D8%A7%D8%B3%D8%AA%D8%B4%D8%A7%D8%B1%D8%A9-%D9%83%D8%A7%D9%85%D9%84%D8%A9-%D9%81%D9%8A-%D9%84%D9%85%D8%AD%D9%81%D8%B8%D8%AA%D9%83-%D9%81%D9%8A-%D8%A7%D9%84%D9%83%D8%B1%D9%8A%D8%A8%D8%AA%D9%88,0.0,0,لم يحسب,0,0,$10.00,يوم واحد,0,2,110.0,احمد س.,https://khamsat.com/user/ahmadsahed,False,مشتري جديد,0.0,0,لم يحسب بعد,1,0,لم يحسب
أعمال,https://khamsat.com/business,استشارات مالية,https://khamsat.com/business/financial-consulting,استشارات بنكية تخص البنوك المصرية,https://khamsat.com/business/financial-consulting/2983129-%D8%A7%D8%B3%D8%AA%D8%B4%D8%A7%D8%B1%D8%A7%D8%AA-%D8%A8%D9%86%D9%83%D9%8A%D8%A9-%D8%AA%D8%AE%D8%B5-%D8%A7%D9%84%D8%A8%D9%86%D9%88%D9%83-%D8%A7%D9%84%D9%85%D8%B5%D8%B1%D9%8A%D8%A9,0.0,0,لم يحسب,0,0,$5.00,يوم واحد,0,0,0.0,.Mohamed S,https://khamsat.com/user/mohamedsadek99,True,بائع جديد,0.0,0,لم يحسب بعد,1,0,لم يحسب
أعمال,https://khamsat.com/business,استشارات مالية,https://khamsat.com/business/financial-consulting,استشارات مالية وضريبية خاصة منظمة الضرائب المصرية,https://khamsat.com/business/financial-consulting/2144297-%D8%A7%D8%B3%D8%AA%D8%B4%D8%A7%D8%B1%D8%A7%D8%AA-%D9%85%D8%A7%D9%84%D9%8A%D8%A9-%D9%88%D8%B6%D8%B1%D9%8A%D8%A8%D9%8A%D8%A9-%D8%AE%D8%A7%D8%B5%D8%A9-%D9%85%D9%86%D8%B8%D9%85%D8%A9-%D8%A7%D9%84%D8%B6%D8%B1%D8%A7%D8%A6%D8%A8-%D8%A7%D9%84%D9%85%D8%B5%D8%B1%D9%8A%D8%A9,5.0,4,ساعة,4,0,$10.00,يوم واحد,4,5,290.0,.Mohamed R,https://khamsat.com/user/mrashad2212,True,بائع نشيط,4.5,24,95.24%,5,29,5 ساعات
أعمال,https://khamsat.com/business,استشارات مالية,https://khamsat.com/business/financial-consulting,استشاره فى التداول الالى دون التدخل البشرى,https://khamsat.com/business/financial-consulting/2635669-%D8%A7%D8%B3%D8%AA%D8%B4%D8%A7%D8%B1%D9%87-%D9%81%D9%89-%D8%A7%D9%84%D8%AA%D8%AF%D8%A7%D9%88%D9%84-%D8%A7%D9%84%D8%A7%D9%84%D9%89-%D8%AF%D9%88%D9%86-%D8%A7%D9%84%D8%AA%D8%AF%D8%AE%D9%84-%D8%A7%D9%84%D8%A8%D8%B4%D8%B1%D9%89,5.0,1,7 ساعات,1,0,$10.00,يوم واحد,1,3,110.0,محمود ج.,https://khamsat.com/user/ma7moudgad,True,بائع نشيط,5.0,7,100.0%,4,6,ساعتين
أعمال,https://khamsat.com/business,استشارات مالية,https://khamsat.com/business/financial-consulting,استشارات مالية و ادارية متخصصة,https://khamsat.com/business/financial-consulting/2075821-%D8%A7%D8%B3%D8%AA%D8%B4%D8%A7%D8%B1%D8%A7%D8%AA-%D9%85%D8%A7%D9%84%D9%8A%D8%A9-%D9%88-%D8%A7%D8%AF%D8%A7%D8%B1%D9%8A%D8%A9-%D9%85%D8%AA%D8%AE%D8%B5%D8%B5%D8%A9,0.0,0,7 ساعات,0,0,$5.00,أسبوع,0,1,10.0,محمد ف.,https://khamsat.com/user/%D9%85%D8%AD%D9%85%D8%AF-%D9%86%D8%A7%D8%B5%D8%B177,False,مشتري VIP,0.0,0,لم يحسب بعد,1,0,7 ساعات
أعمال,https://khamsat.com/business,استشارات مالية,https://khamsat.com/business/financial-consulting,استثارة استثمارية في تداول,https://khamsat.com/business/financial-consulting/2760761-%D8%A7%D8%B3%D8%AA%D8%AB%D8%A7%D8%B1%D8%A9-%D8%A7%D8%B3%D8%AA%D8%AB%D9%85%D8%A7%D8%B1%D9%8A%D8%A9-%D9%81%D9%8A-%D8%AA%D8%AF%D8%A7%D9%88%D9%84,0.0,0,لم يحسب,0,0,$5.00,يوم واحد,0,0,0.0,محمد ن.,https://khamsat.com/user/lachyassine,True,بائع جديد,0.0,0,100.0%,1,2,8 ساعات
أعمال,https://khamsat.com/business,استشارات مالية,https://khamsat.com/business/financial-consulting,مشاركه بعض النصائح في منصة بيناتس لتبادل العملات الرقميه,https://khamsat.com/business/financial-consulting/1947295-%D9%85%D8%B4%D8%A7%D8%B1%D9%83%D9%87-%D8%A8%D8%B9%D8%B6-%D8%A7%D9%84%D9%86%D8%B5%D8%A7%D8%A6%D8%AD-%D9%81%D9%8A-%D9%85%D9%86%D8%B5%D8%A9-%D8%A8%D9%8A%D9%86%D8%A7%D8%AA%D8%B3-%D9%84%D8%AA%D8%A8%D8%A7%D8%AF%D9%84-%D8%A7%D9%84%D8%B9%D9%85%D9%84%D8%A7%D8%AA-%D8%A7%D9%84%D8%B1%D9%82%D9%85%D9%8A%D9%87,5.0,4,4 ساعات,4,0,$5.00,يوم واحد,4,0,0.0,.Ramzy M,https://khamsat.com/user/ramzyawny1,True,بائع جديد,5.0,5,83.33%,3,4,3 أيام
أعمال,https://khamsat.com/business,استشارات مالية,https://khamsat.com/business/financial-consulting,مستشار مالي وإداري لكافة اعمالك المالية والمحاسبية والإدارية,https://khamsat.com/business/financial-consulting/2131166-%D9%85%D8%B3%D8%AA%D8%B4%D8%A7%D8%B1-%D9%85%D8%A7%D9%84%D9%8A-%D9%88%D8%A5%D8%AF%D8%A7%D8%B1%D9%8A-%D9%84%D9%83%D8%A7%D9%81%D8%A9-%D8%A7%D8%B9%D9%85%D8%A7%D9%84%D9%83-%D8%A7%D9%84%D9%85%D8%A7%D9%84%D9%8A%D8%A9-%D9%88%D8%A7%D9%84%D9%85%D8%AD%D8%A7%D8%B3%D8%A8%D9%8A%D8%A9-%D9%88%D8%A7%D9%84%D8%A5%D8%AF%D8%A7%D8%B1%D9%8A%D8%A9,5.0,5,ساعتين,9,0,$5.00,يوم واحد,5,0,0.0,.Abdullah W,https://khamsat.com/user/abdullah_wattar,True,بائع مميز,5.0,79,86.86%,24,108,6 ساعات
أعمال,https://khamsat.com/business,استشارات مالية,https://khamsat.com/business/financial-consulting,استشارات مالية ومحاسبية,https://khamsat.com/business/financial-consulting/2793893-%D8%A7%D8%B3%D8%AA%D8%B4%D8%A7%D8%B1%D8%A7%D8%AA-%D9%85%D8%A7%D9%84%D9%8A%D8%A9-%D9%88%D9%85%D8%AD%D8%A7%D8%B3%D8%A8%D9%8A%D8%A9,0.0,0,لم يحسب,0,0,$10.00,يوم واحد,0,1,25.0,جمال ش.,https://khamsat.com/user/gamey1985,False,مشتري جديد,0.0,0,لم يحسب بعد,3,0,لم يحسب
أعمال,https://khamsat.com/business,استشارات مالية,https://khamsat.com/business/financial-consulting,استشارات ضريبية وفقا لمعايير هيئة الزكاة والضريبة والجمارك,https://khamsat.com/business/financial-consulting/2741381-%D8%A7%D8%B3%D8%AA%D8%B4%D8%A7%D8%B1%D8%A7%D8%AA-%D8%B6%D8%B1%D9%8A%D8%A8%D9%8A%D8%A9-%D9%88%D9%81%D9%82%D8%A7-%D9%84%D9%85%D8%B9%D8%A7%D9%8A%D9%8A%D8%B1-%D9%87%D9%8A%D8%A6%D8%A9-%D8%A7%D9%84%D8%B2%D9%83%D8%A7%D8%A9-%D9%88%D8%A7%D9%84%D8%B6%D8%B1%D9%8A%D8%A8%D8%A9-%D9%88%D8%A7%D9%84%D8%AC%D9%85%D8%A7%D8%B1%D9%83,0.0,0,لم يحسب,0,0,$10.00,يومين,0,2,70.0,.Dhia A,https://khamsat.com/user/%D8%B6%D9%8A%D8%A7%D8%A1-%D8%A7%D9%84%D9%87%D9%88%D8%AF%D8%A7%D8%B1,True,بائع جديد,0.0,0,لم يحسب بعد,2,0,لم يحسب
أعمال,https://khamsat.com/business,استشارات مالية,https://khamsat.com/business/financial-consulting,استشارات وخدمات محاسبية وإدارية,https://khamsat.com/business/financial-consulting/2965545-%D8%A7%D8%B3%D8%AA%D8%B4%D8%A7%D8%B1%D8%A7%D8%AA-%D9%88%D8%AE%D8%AF%D9%85%D8%A7%D8%AA-%D9%85%D8%AD%D8%A7%D8%B3%D8%A8%D9%8A%D8%A9-%D9%88%D8%A5%D8%AF%D8%A7%D8%B1%D9%8A%D8%A9,0.0,0,لم يحسب,0,0,$5.00,يوم واحد,0,5,240.0,.Omar F,https://khamsat.com/user/omar_1993_faouri,True,بائع جديد,0.0,0,لم يحسب بعد,1,0,لم يحسب
أعمال,https://khamsat.com/business,استشارات مالية,https://khamsat.com/business/financial-consulting,استشارة مالية للأفراد,https://khamsat.com/business/financial-consulting/2046727-%D8%A7%D8%B3%D8%AA%D8%B4%D8%A7%D8%B1%D8%A9-%D9%85%D8%A7%D9%84%D9%8A%D8%A9-%D9%84%D9%84%D8%A3%D9%81%D8%B1%D8%A7%D8%AF,0.0,0,ساعة,1,0,$30.00,يومين,0,2,55.0,مصطفى ي.,https://khamsat.com/user/mustafa.alodaili,True,بائع مميز,4.5,34,82.28%,3,64,4 ساعات
أعمال,https://khamsat.com/business,استشارات مالية,https://khamsat.com/business/financial-consulting,تقديم استشارات بنكية في الكروت الائتمانية وشهادات وودائع,https://khamsat.com/business/financial-consulting/2818324-%D8%AA%D9%82%D8%AF%D9%8A%D9%85-%D8%A7%D8%B3%D8%AA%D8%B4%D8%A7%D8%B1%D8%A7%D8%AA-%D8%A8%D9%86%D9%83%D9%8A%D8%A9-%D9%81%D9%8A-%D8%A7%D9%84%D9%83%D8%B1%D9%88%D8%AA-%D8%A7%D9%84%D8%A7%D8%A6%D8%AA%D9%85%D8%A7%D9%86%D9%8A%D8%A9-%D9%88%D8%B4%D9%87%D8%A7%D8%AF%D8%A7%D8%AA-%D9%88%D9%88%D8%AF%D8%A7%D8%A6%D8%B9,0.0,0,لم يحسب,0,0,$5.00,يوم واحد,0,0,0.0,.Fathi I,https://khamsat.com/user/fathiibrahimkhedr,False,بائع جديد,0.0,0,لم يحسب بعد,2,0,لم يحسب
أعمال,https://khamsat.com/business,القوائم المالية,https://khamsat.com/business/financial-statements,المساعدة في إعداد القوائم المالية,https://khamsat.com/business/financial-statements/2639814-%D8%A7%D9%84%D9%85%D8%B3%D8%A7%D8%B9%D8%AF%D8%A9-%D9%81%D9%8A-%D8%A5%D8%B9%D8%AF%D8%A7%D8%AF-%D8%A7%D9%84%D9%82%D9%88%D8%A7%D8%A6%D9%85-%D8%A7%D9%84%D9%85%D8%A7%D9%84%D9%8A%D8%A9,4.5,2,ساعة,3,0,$10.00,يومين,2,1,40.0,حنين ا.,https://khamsat.com/user/haneenaman,True,بائع نشيط,4.5,2,100.0%,5,3,ساعة
أعمال,https://khamsat.com/business,القوائم المالية,https://khamsat.com/business/financial-statements,محاسبة القوائم المالية والتقارير محاسب عن بعد لتنظيم اعمالك,https://khamsat.com/business/financial-statements/2531862-%D9%85%D8%AD%D8%A7%D8%B3%D8%A8%D8%A9-%D8%A7%D9%84%D9%82%D9%88%D8%A7%D8%A6%D9%85-%D8%A7%D9%84%D9%85%D8%A7%D9%84%D9%8A%D8%A9-%D9%88%D8%A7%D9%84%D8%AA%D9%82%D8%A7%D8%B1%D9%8A%D8%B1-%D9%85%D8%AD%D8%A7%D8%B3%D8%A8-%D8%B9%D9%86-%D8%A8%D8%B9%D8%AF-%D9%84%D8%AA%D9%86%D8%B8%D9%8A%D9%85-%D8%A7%D8%B9%D9%85%D8%A7%D9%84%D9%83,5.0,20,دقيقتين,20,0,$5.00,يوم واحد,20,5,345.0,.Abdelazeem A,https://khamsat.com/user/abdelazeem_059,True,بائع مميز,5.0,21,86.67%,2,21,15 دقيقة
أعمال,https://khamsat.com/business,القوائم المالية,https://khamsat.com/business/financial-statements,السياسات المالية الخاصة بقسم الإدارة المالية,https://khamsat.com/business/financial-statements/2041239-%D8%A7%D9%84%D8%B3%D9%8A%D8%A7%D8%B3%D8%A7%D8%AA-%D8%A7%D9%84%D9%85%D8%A7%D9%84%D9%8A%D8%A9-%D8%A7%D9%84%D8%AE%D8%A7%D8%B5%D8%A9-%D8%A8%D9%82%D8%B3%D9%85-%D8%A7%D9%84%D8%A5%D8%AF%D8%A7%D8%B1%D8%A9-%D8%A7%D9%84%D9%85%D8%A7%D9%84%D9%8A%D8%A9,5.0,15,9 دقائق,34,0,$10.00,يوم واحد,15,0,0.0,.Abdullah W,https://khamsat.com/user/abdullah_wattar,True,بائع مميز,5.0,79,86.86%,24,108,6 ساعات
أعمال,https://khamsat.com/business,القوائم المالية,https://khamsat.com/business/financial-statements,اعداد القوائم المالية بكل انواعها ورفعها بالمواقع الحكومية,https://khamsat.com/business/financial-statements/2986129-%D8%A7%D8%B9%D8%AF%D8%A7%D8%AF-%D8%A7%D9%84%D9%82%D9%88%D8%A7%D8%A6%D9%85-%D8%A7%D9%84%D9%85%D8%A7%D9%84%D9%8A%D8%A9-%D8%A8%D9%83%D9%84-%D8%A7%D9%86%D9%88%D8%A7%D8%B9%D9%87%D8%A7-%D9%88%D8%B1%D9%81%D8%B9%D9%87%D8%A7-%D8%A8%D8%A7%D9%84%D9%85%D9%88%D8%A7%D9%82%D8%B9-%D8%A7%D9%84%D8%AD%D9%83%D9%88%D9%85%D9%8A%D8%A9,5.0,4,27 دقيقة,5,0,$25.00,يومين,4,1,5.0,احمد ع.,https://khamsat.com/user/ah_sakr55555,True,بائع مميز,4.5,35,99.1%,9,41,يوم
أعمال,https://khamsat.com/business,القوائم المالية,https://khamsat.com/business/financial-statements,اعداد قوائم مالية وميزانية مراجعة و انشاء قيد محاسبي كامل,https://khamsat.com/business/financial-statements/2229414-%D8%A7%D8%B9%D8%AF%D8%A7%D8%AF-%D9%82%D9%88%D8%A7%D8%A6%D9%85-%D9%85%D8%A7%D9%84%D9%8A%D8%A9-%D9%88%D9%85%D9%8A%D8%B2%D8%A7%D9%86%D9%8A%D8%A9-%D9%85%D8%B1%D8%A7%D8%AC%D8%B9%D8%A9-%D9%88-%D8%A7%D9%86%D8%B4%D8%A7%D8%A1-%D9%82%D9%8A%D8%AF-%D9%85%D8%AD%D8%A7%D8%B3%D8%A8%D9%8A-%D9%83%D8%A7%D9%85%D9%84,4.0,4,18 دقيقة,4,0,$10.00,ثلاثة أيام,4,2,20.0,نورا ر.,https://khamsat.com/user/noura_rafea,True,بائع نشيط,4.0,7,70.0%,4,8,40 دقيقة
أعمال,https://khamsat.com/business,القوائم المالية,https://khamsat.com/business/financial-statements,مراجعة البيانات المالية ومعالجتها واصدار القوائم المالية,https://khamsat.com/business/financial-statements/1740232-%D9%85%D8%B1%D8%A7%D8%AC%D8%B9%D8%A9-%D8%A7%D9%84%D8%A8%D9%8A%D8%A7%D9%86%D8%A7%D8%AA-%D8%A7%D9%84%D9%85%D8%A7%D9%84%D9%8A%D8%A9-%D9%88%D9%85%D8%B9%D8%A7%D9%84%D8%AC%D8%AA%D9%87%D8%A7-%D9%88%D8%A7%D8%B5%D8%AF%D8%A7%D8%B1-%D8%A7%D9%84%D9%82%D9%88%D8%A7%D8%A6%D9%85-%D8%A7%D9%84%D9%85%D8%A7%D9%84%D9%8A%D8%A9,5.0,26,3 ساعات,33,0,$10.00,يوم واحد,25,4,180.0,اسماعيل ك.,https://khamsat.com/user/ismail-kab,True,بائع موثوق,4.5,103,93.92%,10,109,4 ساعات
أعمال,https://khamsat.com/business,القوائم المالية,https://khamsat.com/business/financial-statements,محاسبة واعداد القوائم المالية على اكسل,https://khamsat.com/business/financial-statements/2561227-%D9%85%D8%AD%D8%A7%D8%B3%D8%A8%D8%A9-%D9%88%D8%A7%D8%B9%D8%AF%D8%A7%D8%AF-%D8%A7%D9%84%D9%82%D9%88%D8%A7%D8%A6%D9%85-%D8%A7%D9%84%D9%85%D8%A7%D9%84%D9%8A%D8%A9-%D8%B9%D9%84%D9%89-%D8%A7%D9%83%D8%B3%D9%84,5.0,1,41 دقيقة,4,0,$10.00,يومين,1,2,175.0,.Rola E,https://khamsat.com/user/rola_kh,True,بائع جديد,5.0,1,100.0%,5,4,25 دقيقة
أعمال,https://khamsat.com/business,القوائم المالية,https://khamsat.com/business/financial-statements,تقديم خدمات محاسبية وإدارية,https://khamsat.com/business/financial-statements/2546036-%D8%AA%D9%82%D8%AF%D9%8A%D9%85-%D8%AE%D8%AF%D9%85%D8%A7%D8%AA-%D9%85%D8%AD%D8%A7%D8%B3%D8%A8%D9%8A%D8%A9-%D9%88%D8%A5%D8%AF%D8%A7%D8%B1%D9%8A%D8%A9,4.5,9,3 ساعات,11,0,$5.00,يوم واحد,9,4,205.0,.Sayed A,https://khamsat.com/user/sayed124_domain,True,بائع مميز,4.5,18,84.43%,5,22,3 ساعات
أعمال,https://khamsat.com/business,القوائم المالية,https://khamsat.com/business/financial-statements,إعداد شجرة الحسابات لعملك التجاري,https://khamsat.com/business/financial-statements/2233394-%D8%A5%D8%B9%D8%AF%D8%A7%D8%AF-%D8%B4%D8%AC%D8%B1%D8%A9-%D8%A7%D9%84%D8%AD%D8%B3%D8%A7%D8%A8%D8%A7%D8%AA-%D9%84%D8%B9%D9%85%D9%84%D9%83-%D8%A7%D9%84%D8%AA%D8%AC%D8%A7%D8%B1%D9%8A,5.0,1,5 دقائق,1,0,$5.00,يوم واحد,1,5,200.0,.Mofeed Q,https://khamsat.com/user/mofeed_qanoo,True,بائع جديد,3.0,2,100.0%,5,2,21 دقيقة
أعمال,https://khamsat.com/business,القوائم المالية,https://khamsat.com/business/financial-statements,محاسبة وإعداد القوائم المالية,https://khamsat.com/business/financial-statements/2459555-%D9%85%D8%AD%D8%A7%D8%B3%D8%A8%D8%A9-%D9%88%D8%A5%D8%B9%D8%AF%D8%A7%D8%AF-%D8%A7%D9%84%D9%82%D9%88%D8%A7%D8%A6%D9%85-%D8%A7%D9%84%D9%85%D8%A7%D9%84%D9%8A%D8%A9,5.0,2,ساعة,2,0,$10.00,يوم واحد,2,4,115.0,منار ا.,https://khamsat.com/user/manaribraheem12,True,بائع جديد,5.0,3,83.33%,5,3,53 دقيقة
أعمال,https://khamsat.com/business,القوائم المالية,https://khamsat.com/business/financial-statements,مراجعة الحسابات وتدقيقها وأعمال المصادقة,https://khamsat.com/business/financial-statements/2979473-%D9%85%D8%B1%D8%A7%D8%AC%D8%B9%D8%A9-%D8%A7%D9%84%D8%AD%D8%B3%D8%A7%D8%A8%D8%A7%D8%AA-%D9%88%D8%AA%D8%AF%D9%82%D9%8A%D9%82%D9%87%D8%A7-%D9%88%D8%A3%D8%B9%D9%85%D8%A7%D9%84-%D8%A7%D9%84%D9%85%D8%B5%D8%A7%D8%AF%D9%82%D8%A9,0.0,0,لم يحسب,0,0,$10.00,يوم واحد,0,1,100.0,عبدالله م.,https://khamsat.com/user/boda2003s,True,بائع جديد,5.0,2,50.0%,3,2,10 دقائق
أعمال,https://khamsat.com/business,القوائم المالية,https://khamsat.com/business/financial-statements,إعداد القوائم المالية الميزانية العمومية قائمة الدخل,https://khamsat.com/business/financial-statements/2925457-%D8%A5%D8%B9%D8%AF%D8%A7%D8%AF-%D8%A7%D9%84%D9%82%D9%88%D8%A7%D8%A6%D9%85-%D8%A7%D9%84%D9%85%D8%A7%D9%84%D9%8A%D8%A9-%D8%A7%D9%84%D9%85%D9%8A%D8%B2%D8%A7%D9%86%D9%8A%D8%A9-%D8%A7%D9%84%D8%B9%D9%85%D9%88%D9%85%D9%8A%D8%A9-%D9%82%D8%A7%D8%A6%D9%85%D8%A9-%D8%A7%D9%84%D8%AF%D8%AE%D9%84,0.0,0,لم يحسب,0,0,$10.00,يومين,0,0,0.0,علي ا.,https://khamsat.com/user/alialryaty,False,بائع جديد,0.0,0,لم يحسب بعد,1,0,لم يحسب
أعمال,https://khamsat.com/business,القوائم المالية,https://khamsat.com/business/financial-statements,اعداد القوائم المالية والتقارير المحاسبية,https://khamsat.com/business/financial-statements/3028937-%D8%A7%D8%B9%D8%AF%D8%A7%D8%AF-%D8%A7%D9%84%D9%82%D9%88%D8%A7%D8%A6%D9%85-%D8%A7%D9%84%D9%85%D8%A7%D9%84%D9%8A%D8%A9-%D9%88%D8%A7%D9%84%D8%AA%D9%82%D8%A7%D8%B1%D9%8A%D8%B1-%D8%A7%D9%84%D9%85%D8%AD%D8%A7%D8%B3%D8%A8%D9%8A%D8%A9,0.0,0,لم يحسب,0,0,$5.00,ثلاثة أيام,0,3,20.0,.Amira E,https://khamsat.com/user/amira_elzeiny,False,بائع جديد,0.0,0,لم يحسب بعد,1,0,لم يحسب
أعمال,https://khamsat.com/business,القوائم المالية,https://khamsat.com/business/financial-statements,محاسبة مالية وتقارير مالية - عمل عن بعد,https://khamsat.com/business/financial-statements/2886386-%D9%85%D8%AD%D8%A7%D8%B3%D8%A8%D8%A9-%D9%85%D8%A7%D9%84%D9%8A%D8%A9-%D9%88%D8%AA%D9%82%D8%A7%D8%B1%D9%8A%D8%B1-%D9%85%D8%A7%D9%84%D9%8A%D8%A9-%D8%B9%D9%85%D9%84-%D8%B9%D9%86-%D8%A8%D8%B9%D8%AF,0.0,0,لم يحسب,0,0,$10.00,يوم واحد,0,5,325.0,احمد ع.,https://khamsat.com/user/ahmad19841abd,True,بائع جديد,0.0,0,لم يحسب بعد,2,0,لم يحسب
أعمال,https://khamsat.com/business,القوائم المالية,https://khamsat.com/business/financial-statements,محاسبة مالية عن بعد لتنظيم الامور المالية,https://khamsat.com/business/financial-statements/3052568-%D9%85%D8%AD%D8%A7%D8%B3%D8%A8%D8%A9-%D9%85%D8%A7%D9%84%D9%8A%D8%A9-%D8%B9%D9%86-%D8%A8%D8%B9%D8%AF-%D9%84%D8%AA%D9%86%D8%B8%D9%8A%D9%85-%D8%A7%D9%84%D8%A7%D9%85%D9%88%D8%B1-%D8%A7%D9%84%D9%85%D8%A7%D9%84%D9%8A%D8%A9,0.0,0,لم يحسب,0,0,$10.00,يومين,0,5,60.0,.Mariam A,https://khamsat.com/user/mariam_ahmed2001,True,بائع جديد,0.0,0,لم يحسب بعد,1,0,لم يحسب
أعمال,https://khamsat.com/business,القوائم المالية,https://khamsat.com/business/financial-statements,تقديم الأعمال المحاسبية و إعداد القوائم المالية.,https://khamsat.com/business/financial-statements/2704512-%D8%AA%D9%82%D8%AF%D9%8A%D9%85-%D8%A7%D9%84%D8%A3%D8%B9%D9%85%D8%A7%D9%84-%D8%A7%D9%84%D9%85%D8%AD%D8%A7%D8%B3%D8%A8%D9%8A%D8%A9-%D9%88-%D8%A5%D8%B9%D8%AF%D8%A7%D8%AF-%D8%A7%D9%84%D9%82%D9%88%D8%A7%D8%A6%D9%85-%D8%A7%D9%84%D9%85%D8%A7%D9%84%D9%8A%D8%A9,0.0,0,لم يحسب,0,0,$10.00,يومين,0,1,20.0,حياة ز.,https://khamsat.com/user/hayat_ammar,True,بائع جديد,5.0,1,100.0%,4,1,8 دقائق
أعمال,https://khamsat.com/business,القوائم المالية,https://khamsat.com/business/financial-statements,مراجعة البيانات المالية ومعالجتها واصدار القوائم المالية,https://khamsat.com/business/financial-statements/2594730-%D9%85%D8%B1%D8%A7%D8%AC%D8%B9%D8%A9-%D8%A7%D9%84%D8%A8%D9%8A%D8%A7%D9%86%D8%A7%D8%AA-%D8%A7%D9%84%D9%85%D8%A7%D9%84%D9%8A%D8%A9-%D9%88%D9%85%D8%B9%D8%A7%D9%84%D8%AC%D8%AA%D9%87%D8%A7-%D9%88%D8%A7%D8%B5%D8%AF%D8%A7%D8%B1-%D8%A7%D9%84%D9%82%D9%88%D8%A7%D8%A6%D9%85-%D8%A7%D9%84%D9%85%D8%A7%D9%84%D9%8A%D8%A9,0.0,0,لم يحسب,0,0,$5.00,يوم واحد,0,4,175.0,سمارت ل.,https://khamsat.com/user/waeldemerdash84,False,بائع جديد,0.0,0,لم يحسب بعد,5,0,3 ساعات
أعمال,https://khamsat.com/business,القوائم المالية,https://khamsat.com/business/financial-statements,محاسبة القوائم المالية والتقارير محاسب عن بعد لتنظيم اعمالك,https://khamsat.com/business/financial-statements/2998602-%D9%85%D8%AD%D8%A7%D8%B3%D8%A8%D8%A9-%D8%A7%D9%84%D9%82%D9%88%D8%A7%D8%A6%D9%85-%D8%A7%D9%84%D9%85%D8%A7%D9%84%D9%8A%D8%A9-%D9%88%D8%A7%D9%84%D8%AA%D9%82%D8%A7%D8%B1%D9%8A%D8%B1-%D9%85%D8%AD%D8%A7%D8%B3%D8%A8-%D8%B9%D9%86-%D8%A8%D8%B9%D8%AF-%D9%84%D8%AA%D9%86%D8%B8%D9%8A%D9%85-%D8%A7%D8%B9%D9%85%D8%A7%D9%84%D9%83,0.0,0,لم يحسب,0,0,$5.00,يوم واحد,0,5,345.0,.Mahmoud E,https://khamsat.com/user/mahmoudeatia,True,بائع جديد,0.0,0,لم يحسب بعد,3,0,لم يحسب
أعمال,https://khamsat.com/business,القوائم المالية,https://khamsat.com/business/financial-statements,محاسب خدمات محاسبة مالية عن بعد اقدم إعداد القوائم المالية,https://khamsat.com/business/financial-statements/3051281-%D9%85%D8%AD%D8%A7%D8%B3%D8%A8-%D8%AE%D8%AF%D9%85%D8%A7%D8%AA-%D9%85%D8%AD%D8%A7%D8%B3%D8%A8%D8%A9-%D9%85%D8%A7%D9%84%D9%8A%D8%A9-%D8%B9%D9%86-%D8%A8%D8%B9%D8%AF-%D8%A7%D9%82%D8%AF%D9%85-%D8%A5%D8%B9%D8%AF%D8%A7%D8%AF-%D8%A7%D9%84%D9%82%D9%88%D8%A7%D8%A6%D9%85-%D8%A7%D9%84%D9%85%D8%A7%D9%84%D9%8A%D8%A9,0.0,0,لم يحسب,0,0,$5.00,يوم واحد,0,5,290.0,.Eslam F,https://khamsat.com/user/farag_accountant,True,بائع جديد,0.0,0,لم يحسب بعد,1,0,لم يحسب
أعمال,https://khamsat.com/business,القوائم المالية,https://khamsat.com/business/financial-statements,إعداد القوائم المالية لنشاطك التجاري,https://khamsat.com/business/financial-statements/2800863-%D8%A5%D8%B9%D8%AF%D8%A7%D8%AF-%D8%A7%D9%84%D9%82%D9%88%D8%A7%D8%A6%D9%85-%D8%A7%D9%84%D9%85%D8%A7%D9%84%D9%8A%D8%A9-%D9%84%D9%86%D8%B4%D8%A7%D8%B7%D9%83-%D8%A7%D9%84%D8%AA%D8%AC%D8%A7%D8%B1%D9%8A,0.0,0,لم يحسب,0,0,$10.00,يوم واحد,0,4,230.0,فيصل ا.,https://khamsat.com/user/faisal_gh1,True,بائع جديد,0.0,0,لم يحسب بعد,3,0,لم يحسب
أعمال,https://khamsat.com/business,القوائم المالية,https://khamsat.com/business/financial-statements,تدقيق الحسابات وإصدار القوائم المالية Audit report,https://khamsat.com/business/financial-statements/2939465-%D8%AA%D8%AF%D9%82%D9%8A%D9%82-%D8%A7%D9%84%D8%AD%D8%B3%D8%A7%D8%A8%D8%A7%D8%AA-%D9%88%D8%A5%D8%B5%D8%AF%D8%A7%D8%B1-%D8%A7%D9%84%D9%82%D9%88%D8%A7%D8%A6%D9%85-%D8%A7%D9%84%D9%85%D8%A7%D9%84%D9%8A%D8%A9-audit-report,0.0,0,لم يحسب,0,0,$10.00,يوم واحد,0,4,230.0,.Mahmoud H,https://khamsat.com/user/mahmmoud111,True,بائع جديد,0.0,1,100.0%,2,2,5 ساعات
أعمال,https://khamsat.com/business,القوائم المالية,https://khamsat.com/business/financial-statements,إعداد القوائم والتقارير المالية - Financial statements prep,https://khamsat.com/business/financial-statements/2593300-%D8%A5%D8%B9%D8%AF%D8%A7%D8%AF-%D8%A7%D9%84%D9%82%D9%88%D8%A7%D8%A6%D9%85-%D9%88%D8%A7%D9%84%D8%AA%D9%82%D8%A7%D8%B1%D9%8A%D8%B1-%D8%A7%D9%84%D9%85%D8%A7%D9%84%D9%8A%D8%A9-financial-statements-prep,0.0,0,لم يحسب,0,0,$10.00,يومين,0,2,55.0,.Mutwakil A,https://khamsat.com/user/juliaabdalla,True,بائع جديد,0.0,0,0.0%,2,0,4 ساعات
أعمال,https://khamsat.com/business,القوائم المالية,https://khamsat.com/business/financial-statements,مراجع حسابات عن بعد وتقديم قوائم مالية والتحليل المالى,https://khamsat.com/business/financial-statements/2016875-%D9%85%D8%B1%D8%A7%D8%AC%D8%B9-%D8%AD%D8%B3%D8%A7%D8%A8%D8%A7%D8%AA-%D8%B9%D9%86-%D8%A8%D8%B9%D8%AF-%D9%88%D8%AA%D9%82%D8%AF%D9%8A%D9%85-%D9%82%D9%88%D8%A7%D8%A6%D9%85-%D9%85%D8%A7%D9%84%D9%8A%D8%A9-%D9%88%D8%A7%D9%84%D8%AA%D8%AD%D9%84%D9%8A%D9%84-%D8%A7%D9%84%D9%85%D8%A7%D9%84%D9%89,0.0,0,يوم,0,0,$5.00,يوم واحد,0,4,245.0,.Mohamed W,https://khamsat.com/user/m_123_1,False,بائع جديد,0.0,0,لم يحسب بعد,3,0,16 ساعة
أعمال,https://khamsat.com/business,القوائم المالية,https://khamsat.com/business/financial-statements,60 نمودج لدوره مستنديه محاسبيه و HR لمراقبه وحفظ البيانات,https://khamsat.com/business/financial-statements/1930084-60-%D9%86%D9%85%D9%88%D8%AF%D8%AC-%D9%84%D8%AF%D9%88%D8%B1%D9%87-%D9%85%D8%B3%D8%AA%D9%86%D8%AF%D9%8A%D9%87-%D9%85%D8%AD%D8%A7%D8%B3%D8%A8%D9%8A%D9%87-%D9%88-hr-%D9%84%D9%85%D8%B1%D8%A7%D9%82%D8%A8%D9%87-%D9%88%D8%AD%D9%81%D8%B8-%D8%A7%D9%84%D8%A8%D9%8A%D8%A7%D9%86%D8%A7%D8%AA,0.0,0,لم يحسب,0,0,$5.00,يوم واحد,0,0,0.0,.Hatem A,https://khamsat.com/user/info_abdelhafezhatem,True,بائع نشيط,5.0,8,100.0%,4,8,17 دقيقة
أعمال,https://khamsat.com/business,القوائم المالية,https://khamsat.com/business/financial-statements,تحويل لغة القوائم المالية إلى اللغة العربية/ الإنجليزية,https://khamsat.com/business/financial-statements/1801525-%D8%AA%D8%AD%D9%88%D9%8A%D9%84-%D9%84%D8%BA%D8%A9-%D8%A7%D9%84%D9%82%D9%88%D8%A7%D8%A6%D9%85-%D8%A7%D9%84%D9%85%D8%A7%D9%84%D9%8A%D8%A9-%D8%A5%D9%84%D9%89-%D8%A7%D9%84%D9%84%D8%BA%D8%A9-%D8%A7%D9%84%D8%B9%D8%B1%D8%A8%D9%8A%D8%A9-%D8%A7%D9%84%D8%A5%D9%86%D8%AC%D9%84%D9%8A%D8%B2%D9%8A%D8%A9,0.0,0,لم يحسب,0,0,$5.00,يوم واحد,0,0,0.0,.Amal D,https://khamsat.com/user/amaldawoud,True,بائع جديد,5.0,1,0.0%,5,0,5 ساعات
أعمال,https://khamsat.com/business,القوائم المالية,https://khamsat.com/business/financial-statements,تقديم خدمات القوائم المالية,https://khamsat.com/business/financial-statements/2771978-%D8%AA%D9%82%D8%AF%D9%8A%D9%85-%D8%AE%D8%AF%D9%85%D8%A7%D8%AA-%D8%A7%D9%84%D9%82%D9%88%D8%A7%D8%A6%D9%85-%D8%A7%D9%84%D9%85%D8%A7%D9%84%D9%8A%D8%A9,0.0,0,لم يحسب,0,0,$10.00,يوم واحد,0,0,0.0,.Omar M,https://khamsat.com/user/tamerkawzy,False,مشتري جديد,0.0,0,لم يحسب بعد,2,0,لم يحسب
أعمال,https://khamsat.com/business,القوائم المالية,https://khamsat.com/business/financial-statements,مراجعة قيود اليومية وعمل التقارير الشهرية او الربع سنوية,https://khamsat.com/business/financial-statements/2681472-%D9%85%D8%B1%D8%A7%D8%AC%D8%B9%D8%A9-%D9%82%D9%8A%D9%88%D8%AF-%D8%A7%D9%84%D9%8A%D9%88%D9%85%D9%8A%D8%A9-%D9%88%D8%B9%D9%85%D9%84-%D8%A7%D9%84%D8%AA%D9%82%D8%A7%D8%B1%D9%8A%D8%B1-%D8%A7%D9%84%D8%B4%D9%87%D8%B1%D9%8A%D8%A9-%D8%A7%D9%88-%D8%A7%D9%84%D8%B1%D8%A8%D8%B9-%D8%B3%D9%86%D9%88%D9%8A%D8%A9,0.0,0,لم يحسب,0,0,$10.00,يوم واحد,0,3,90.0,باسم م.,https://khamsat.com/user/bassem2502,True,بائع جديد,5.0,1,85.71%,5,1,4 ساعات
أعمال,https://khamsat.com/business,القوائم المالية,https://khamsat.com/business/financial-statements,مراجعة وتدقيق و إعداد القوائم المالية,https://khamsat.com/business/financial-statements/2964549-%D9%85%D8%B1%D8%A7%D8%AC%D8%B9%D8%A9-%D9%88%D8%AA%D8%AF%D9%82%D9%8A%D9%82-%D9%88-%D8%A5%D8%B9%D8%AF%D8%A7%D8%AF-%D8%A7%D9%84%D9%82%D9%88%D8%A7%D8%A6%D9%85-%D8%A7%D9%84%D9%85%D8%A7%D9%84%D9%8A%D8%A9,0.0,0,لم يحسب,0,0,$10.00,يوم واحد,0,0,0.0,.Mostafa A,https://khamsat.com/user/mostafa_aboelezz,True,بائع جديد,0.0,0,لم يحسب بعد,2,0,يوم
أعمال,https://khamsat.com/business,القوائم المالية,https://khamsat.com/business/financial-statements,تصميم برامج محاسبيه باستخدام الاكسيل واعداد القوائم المالية,https://khamsat.com/business/financial-statements/2455123-%D8%AA%D8%B5%D9%85%D9%8A%D9%85-%D8%A8%D8%B1%D8%A7%D9%85%D8%AC-%D9%85%D8%AD%D8%A7%D8%B3%D8%A8%D9%8A%D9%87-%D8%A8%D8%A7%D8%B3%D8%AA%D8%AE%D8%AF%D8%A7%D9%85-%D8%A7%D9%84%D8%A7%D9%83%D8%B3%D9%8A%D9%84-%D9%88%D8%A7%D8%B9%D8%AF%D8%A7%D8%AF-%D8%A7%D9%84%D9%82%D9%88%D8%A7%D8%A6%D9%85-%D8%A7%D9%84%D9%85%D8%A7%D9%84%D9%8A%D8%A9,5.0,4,6 ساعات,4,0,$5.00,ثلاثة أيام,4,3,25.0,محمود ع.,https://khamsat.com/user/mahmoudomar464,True,بائع نشيط,4.5,20,93.75%,5,29,ساعتين
أعمال,https://khamsat.com/business,القوائم المالية,https://khamsat.com/business/financial-statements,ادخال ومراجعه البيانات الماليه,https://khamsat.com/business/financial-statements/2706639-%D8%A7%D8%AF%D8%AE%D8%A7%D9%84-%D9%88%D9%85%D8%B1%D8%A7%D8%AC%D8%B9%D9%87-%D8%A7%D9%84%D8%A8%D9%8A%D8%A7%D9%86%D8%A7%D8%AA-%D8%A7%D9%84%D9%85%D8%A7%D9%84%D9%8A%D9%87,0.0,0,لم يحسب,0,0,$5.00,يوم واحد,0,0,0.0,.Mohammed A,https://khamsat.com/user/mohamdnaser1986,False,بائع جديد,0.0,0,لم يحسب بعد,1,0,لم يحسب
أعمال,https://khamsat.com/business,البحث عن المنتجات,https://khamsat.com/business/product-research,الحصول على أفضل أسعار المنتجات من المواقع الصينية أو التركية,https://khamsat.com/business/product-research/2480404-%D8%A7%D9%84%D8%AD%D8%B5%D9%88%D9%84-%D8%B9%D9%84%D9%89-%D8%A3%D9%81%D8%B6%D9%84-%D8%A3%D8%B3%D8%B9%D8%A7%D8%B1-%D8%A7%D9%84%D9%85%D9%86%D8%AA%D8%AC%D8%A7%D8%AA-%D9%85%D9%86-%D8%A7%D9%84%D9%85%D9%88%D8%A7%D9%82%D8%B9-%D8%A7%D9%84%D8%B5%D9%8A%D9%86%D9%8A%D8%A9-%D8%A3%D9%88-%D8%A7%D9%84%D8%AA%D8%B1%D9%83%D9%8A%D8%A9,5.0,30,16 دقيقة,38,0,$10.00,يومين,25,5,85.0,أمجد ش.,https://khamsat.com/user/amjad1080,True,بائع مميز,5.0,36,77.53%,2,40,23 دقيقة
أعمال,https://khamsat.com/business,البحث عن المنتجات,https://khamsat.com/business/product-research,تقديم عرض سعر عن منتج على موقع علي بابا Alibaba,https://khamsat.com/business/product-research/2422905-%D8%AA%D9%82%D8%AF%D9%8A%D9%85-%D8%B9%D8%B1%D8%B6-%D8%B3%D8%B9%D8%B1-%D8%B9%D9%86-%D9%85%D9%86%D8%AA%D8%AC-%D8%B9%D9%84%D9%89-%D9%85%D9%88%D9%82%D8%B9-%D8%B9%D9%84%D9%8A-%D8%A8%D8%A7%D8%A8%D8%A7-alibaba,5.0,8,6 ساعات,11,0,$5.00,يومين,8,2,70.0,حسان ف.,https://khamsat.com/user/hassan_fadel,True,بائع نشيط,4.5,33,76.27%,4,25,18 ساعة
أعمال,https://khamsat.com/business,البحث عن المنتجات,https://khamsat.com/business/product-research,البحث عن مصنع صيني موثوق لمنتجك بأفضل سعر و جودة,https://khamsat.com/business/product-research/2399462-%D8%A7%D9%84%D8%A8%D8%AD%D8%AB-%D8%B9%D9%86-%D9%85%D8%B5%D9%86%D8%B9-%D8%B5%D9%8A%D9%86%D9%8A-%D9%85%D9%88%D8%AB%D9%88%D9%82-%D9%84%D9%85%D9%86%D8%AA%D8%AC%D9%83-%D8%A8%D8%A3%D9%81%D8%B6%D9%84-%D8%B3%D8%B9%D8%B1-%D9%88-%D8%AC%D9%88%D8%AF%D8%A9,0.0,0,3 دقائق,1,0,$10.00,خمسة أيام,0,2,50.0,.Ahmed A,https://khamsat.com/user/ahmadkha22,False,مشتري مميز,5.0,3,40.0%,4,4,6 ساعات
أعمال,https://khamsat.com/business,البحث عن المنتجات,https://khamsat.com/business/product-research,تقديم عرض سعر بهدف استيراد منتج من الصين واستلامه واستثماره.,https://khamsat.com/business/product-research/2408457-%D8%AA%D9%82%D8%AF%D9%8A%D9%85-%D8%B9%D8%B1%D8%B6-%D8%B3%D8%B9%D8%B1-%D8%A8%D9%87%D8%AF%D9%81-%D8%A7%D8%B3%D8%AA%D9%8A%D8%B1%D8%A7%D8%AF-%D9%85%D9%86%D8%AA%D8%AC-%D9%85%D9%86-%D8%A7%D9%84%D8%B5%D9%8A%D9%86-%D9%88%D8%A7%D8%B3%D8%AA%D9%84%D8%A7%D9%85%D9%87-%D9%88%D8%A7%D8%B3%D8%AA%D8%AB%D9%85%D8%A7%D8%B1%D9%87,4.5,14,22 ساعة,14,2,$5.00,يومين,14,4,55.0,حسان ف.,https://khamsat.com/user/hassan_fadel,True,بائع نشيط,4.5,33,76.27%,4,25,18 ساعة
أعمال,https://khamsat.com/business,البحث عن المنتجات,https://khamsat.com/business/product-research,البحث عن منتجات مربحة أو منتج مربح للتجارة الإلكترونية,https://khamsat.com/business/product-research/2468454-%D8%A7%D9%84%D8%A8%D8%AD%D8%AB-%D8%B9%D9%86-%D9%85%D9%86%D8%AA%D8%AC%D8%A7%D8%AA-%D9%85%D8%B1%D8%A8%D8%AD%D8%A9-%D8%A3%D9%88-%D9%85%D9%86%D8%AA%D8%AC-%D9%85%D8%B1%D8%A8%D8%AD-%D9%84%D9%84%D8%AA%D8%AC%D8%A7%D8%B1%D8%A9-%D8%A7%D9%84%D8%A5%D9%84%D9%83%D8%AA%D8%B1%D9%88%D9%86%D9%8A%D8%A9,4.5,18,4 ساعات,27,1,$25.00,ثلاثة أيام,18,2,45.0,هاني ب.,https://khamsat.com/user/benammar16,True,بائع مميز,4.5,45,90.0%,4,58,يوم
أعمال,https://khamsat.com/business,البحث عن المنتجات,https://khamsat.com/business/product-research,تأمين عرض سعر لأي منتج من موقع علي بابا الصيني بالجملة,https://khamsat.com/business/product-research/1752430-%D8%AA%D8%A3%D9%85%D9%8A%D9%86-%D8%B9%D8%B1%D8%B6-%D8%B3%D8%B9%D8%B1-%D9%84%D8%A3%D9%8A-%D9%85%D9%86%D8%AA%D8%AC-%D9%85%D9%86-%D9%85%D9%88%D9%82%D8%B9-%D8%B9%D9%84%D9%8A-%D8%A8%D8%A7%D8%A8%D8%A7-%D8%A7%D9%84%D8%B5%D9%8A%D9%86%D9%8A-%D8%A8%D8%A7%D9%84%D8%AC%D9%85%D9%84%D8%A9,5.0,18,19 ساعة,22,0,$5.00,يومين,18,2,70.0,.Mohammad D,https://khamsat.com/user/mohammad_daerawan,True,بائع نشيط,5.0,20,74.51%,5,23,11 ساعة
أعمال,https://khamsat.com/business,البحث عن المنتجات,https://khamsat.com/business/product-research,dropshipping اقدم لك 5 منتجات تحقق أرباحا كبيرة على ebay,https://khamsat.com/business/product-research/1288871-dropshipping-%D8%A7%D9%82%D8%AF%D9%85-%D9%84%D9%83-5-%D9%85%D9%86%D8%AA%D8%AC%D8%A7%D8%AA-%D8%AA%D8%AD%D9%82%D9%82-%D8%A3%D8%B1%D8%A8%D8%A7%D8%AD%D8%A7-%D9%83%D8%A8%D9%8A%D8%B1%D8%A9-%D8%B9%D9%84%D9%89-ebay,5.0,7,11 ساعة,7,0,$20.00,يوم واحد,7,2,110.0,أيوب ا.,https://khamsat.com/user/cvctravel,True,بائع نشيط,5.0,27,89.8%,3,25,يوم
أعمال,https://khamsat.com/business,البحث عن المنتجات,https://khamsat.com/business/product-research,اختيار افضل المنتجات للدروب شبينج,https://khamsat.com/business/product-research/2682821-%D8%A7%D8%AE%D8%AA%D9%8A%D8%A7%D8%B1-%D8%A7%D9%81%D8%B6%D9%84-%D8%A7%D9%84%D9%85%D9%86%D8%AA%D8%AC%D8%A7%D8%AA-%D9%84%D9%84%D8%AF%D8%B1%D9%88%D8%A8-%D8%B4%D8%A8%D9%8A%D9%86%D8%AC,5.0,1,ساعة,2,0,$5.00,يوم واحد,1,2,35.0,.Abdelrahman A,https://khamsat.com/user/abdelrahmaney,True,بائع جديد,5.0,1,100.0%,2,2,ساعتين
أعمال,https://khamsat.com/business,البحث عن المنتجات,https://khamsat.com/business/product-research,منتجات رائجة ومربحة للبيع على Ebay من موقع Aliexpress,https://khamsat.com/business/product-research/1372845-%D9%85%D9%86%D8%AA%D8%AC%D8%A7%D8%AA-%D8%B1%D8%A7%D8%A6%D8%AC%D8%A9-%D9%88%D9%85%D8%B1%D8%A8%D8%AD%D8%A9-%D9%84%D9%84%D8%A8%D9%8A%D8%B9-%D8%B9%D9%84%D9%89-ebay-%D9%85%D9%86-%D9%85%D9%88%D9%82%D8%B9-aliexpress,4.5,3,10 ساعات,4,0,$5.00,يوم واحد,3,3,35.0,.Mohamed G,https://khamsat.com/user/mohamed-gamal-elsaid,True,بائع جديد,4.5,3,66.67%,2,4,3 أيام
أعمال,https://khamsat.com/business,البحث عن المنتجات,https://khamsat.com/business/product-research,توفير مصادر منتجات تركية بالجملة,https://khamsat.com/business/product-research/2744226-%D8%AA%D9%88%D9%81%D9%8A%D8%B1-%D9%85%D8%B5%D8%A7%D8%AF%D8%B1-%D9%85%D9%86%D8%AA%D8%AC%D8%A7%D8%AA-%D8%AA%D8%B1%D9%83%D9%8A%D8%A9-%D8%A8%D8%A7%D9%84%D8%AC%D9%85%D9%84%D8%A9,5.0,2,7 ساعات,2,0,$10.00,يوم واحد,2,4,100.0,.Abdulhadi H,https://khamsat.com/user/hadi_b2b,True,بائع جديد,5.0,2,60.0%,4,2,7 ساعات
أعمال,https://khamsat.com/business,البحث عن المنتجات,https://khamsat.com/business/product-research,مراسلات تجاريه عربي وانجليزي لتواصل مع الجهات الخارجيه,https://khamsat.com/business/product-research/3036642-%D9%85%D8%B1%D8%A7%D8%B3%D9%84%D8%A7%D8%AA-%D8%AA%D8%AC%D8%A7%D8%B1%D9%8A%D9%87-%D8%B9%D8%B1%D8%A8%D9%8A-%D9%88%D8%A7%D9%86%D8%AC%D9%84%D9%8A%D8%B2%D9%8A-%D9%84%D8%AA%D9%88%D8%A7%D8%B5%D9%84-%D9%85%D8%B9-%D8%A7%D9%84%D8%AC%D9%87%D8%A7%D8%AA-%D8%A7%D9%84%D8%AE%D8%A7%D8%B1%D8%AC%D9%8A%D9%87,0.0,0,لم يحسب,0,0,$5.00,يوم واحد,0,0,0.0,عبدالكريم م.,https://khamsat.com/user/abdulkreem_mohammed,True,بائع جديد,0.0,0,لم يحسب بعد,1,0,لم يحسب
أعمال,https://khamsat.com/business,البحث عن المنتجات,https://khamsat.com/business/product-research,نوفر لك أكثر المنتجات مبيعا علي إكسبريس دروبشيبنغ,https://khamsat.com/business/product-research/2723109-%D9%86%D9%88%D9%81%D8%B1-%D9%84%D9%83-%D8%A3%D9%83%D8%AB%D8%B1-%D8%A7%D9%84%D9%85%D9%86%D8%AA%D8%AC%D8%A7%D8%AA-%D9%85%D8%A8%D9%8A%D8%B9%D8%A7-%D8%B9%D9%84%D9%8A-%D8%A5%D9%83%D8%B3%D8%A8%D8%B1%D9%8A%D8%B3-%D8%AF%D8%B1%D9%88%D8%A8%D8%B4%D9%8A%D8%A8%D9%86%D8%BA,0.0,0,لم يحسب,0,0,$10.00,يوم واحد,0,0,0.0,.Dawod N,https://khamsat.com/user/dawod-nsr,False,مشتري VIP,0.0,0,100.0%,1,1,11 يوم
أعمال,https://khamsat.com/business,البحث عن المنتجات,https://khamsat.com/business/product-research,منتجات رائجة ومربحة للبيع على ايباي من موقع امازون,https://khamsat.com/business/product-research/2613354-%D9%85%D9%86%D8%AA%D8%AC%D8%A7%D8%AA-%D8%B1%D8%A7%D8%A6%D8%AC%D8%A9-%D9%88%D9%85%D8%B1%D8%A8%D8%AD%D8%A9-%D9%84%D9%84%D8%A8%D9%8A%D8%B9-%D8%B9%D9%84%D9%89-%D8%A7%D9%8A%D8%A8%D8%A7%D9%8A-%D9%85%D9%86-%D9%85%D9%88%D9%82%D8%B9-%D8%A7%D9%85%D8%A7%D8%B2%D9%88%D9%86,0.0,0,لم يحسب,0,0,$5.00,يوم واحد,0,2,15.0,.Mohamed G,https://khamsat.com/user/mohamed-gamal-elsaid,True,بائع جديد,4.5,3,66.67%,2,4,3 أيام
أعمال,https://khamsat.com/business,البحث عن المنتجات,https://khamsat.com/business/product-research,سأجد لك منتج رابح لبيعه بنظام الدفع عند الاستلام و دروبشيبيغ,https://khamsat.com/business/product-research/2970692-%D8%B3%D8%A3%D8%AC%D8%AF-%D9%84%D9%83-%D9%85%D9%86%D8%AA%D8%AC-%D8%B1%D8%A7%D8%A8%D8%AD-%D9%84%D8%A8%D9%8A%D8%B9%D9%87-%D8%A8%D9%86%D8%B8%D8%A7%D9%85-%D8%A7%D9%84%D8%AF%D9%81%D8%B9-%D8%B9%D9%86%D8%AF-%D8%A7%D9%84%D8%A7%D8%B3%D8%AA%D9%84%D8%A7%D9%85-%D9%88-%D8%AF%D8%B1%D9%88%D8%A8%D8%B4%D9%8A%D8%A8%D9%8A%D8%BA,0.0,0,لم يحسب,0,0,$10.00,يومين,0,1,40.0,عبدالقادر ص.,https://khamsat.com/user/%D8%B9%D8%A8%D8%AF%D8%A7%D9%84%D9%82%D8%A7%D8%AF%D8%B1-%D8%B5%D8%A7%D8%AF%D9%82,False,مشتري جديد,0.0,0,0.0%,1,0,ساعة
أعمال,https://khamsat.com/business,البحث عن المنتجات,https://khamsat.com/business/product-research,سوف اصنع لك 100 فكرة لمنتجات رقمية تستطيع بيعها علي متجرك,https://khamsat.com/business/product-research/2563242-%D8%B3%D9%88%D9%81-%D8%A7%D8%B5%D9%86%D8%B9-%D9%84%D9%83-100-%D9%81%D9%83%D8%B1%D8%A9-%D9%84%D9%85%D9%86%D8%AA%D8%AC%D8%A7%D8%AA-%D8%B1%D9%82%D9%85%D9%8A%D8%A9-%D8%AA%D8%B3%D8%AA%D8%B7%D9%8A%D8%B9-%D8%A8%D9%8A%D8%B9%D9%87%D8%A7-%D8%B9%D9%84%D9%8A-%D9%85%D8%AA%D8%AC%D8%B1%D9%83,3.5,1,11 دقيقة,3,0,$10.00,يوم واحد,1,0,0.0,.Mahdi A,https://khamsat.com/user/mahdi-alzwai,True,مشتري جاد,3.5,2,50.0%,2,5,15 دقيقة
أعمال,https://khamsat.com/business,البحث عن المنتجات,https://khamsat.com/business/product-research,البحث عن المنتجات الأكثر مبيعات والتي تحقق أرباح أكثر,https://khamsat.com/business/product-research/2951468-%D8%A7%D9%84%D8%A8%D8%AD%D8%AB-%D8%B9%D9%86-%D8%A7%D9%84%D9%85%D9%86%D8%AA%D8%AC%D8%A7%D8%AA-%D8%A7%D9%84%D8%A3%D9%83%D8%AB%D8%B1-%D9%85%D8%A8%D9%8A%D8%B9%D8%A7%D8%AA-%D9%88%D8%A7%D9%84%D8%AA%D9%8A-%D8%AA%D8%AD%D9%82%D9%82-%D8%A3%D8%B1%D8%A8%D8%A7%D8%AD-%D8%A3%D9%83%D8%AB%D8%B1,0.0,0,لم يحسب,0,0,$10.00,يومين,0,1,20.0,.Abdelmounaim M,https://khamsat.com/user/mounaimmanager1608,False,بائع جديد,0.0,0,لم يحسب بعد,5,0,لم يحسب
أعمال,https://khamsat.com/business,البحث عن المنتجات,https://khamsat.com/business/product-research,ساقدم منتجات تحقق أرباح كبيرة للبيع على ebay dropshipping,https://khamsat.com/business/product-research/2621509-%D8%B3%D8%A7%D9%82%D8%AF%D9%85-%D9%85%D9%86%D8%AA%D8%AC%D8%A7%D8%AA-%D8%AA%D8%AD%D9%82%D9%82-%D8%A3%D8%B1%D8%A8%D8%A7%D8%AD-%D9%83%D8%A8%D9%8A%D8%B1%D8%A9-%D9%84%D9%84%D8%A8%D9%8A%D8%B9-%D8%B9%D9%84%D9%89-ebay-dropshipping,5.0,2,4 دقائق,2,0,$20.00,يوم واحد,2,5,185.0,.Khader E,https://khamsat.com/user/khader-boh,True,بائع نشيط,5.0,16,91.67%,10,18,8 ساعات
أعمال,https://khamsat.com/business,البحث عن المنتجات,https://khamsat.com/business/product-research,احصل على كلمات مفتاحية مربحة لأمازون كندل Amazon kdp,https://khamsat.com/business/product-research/2359758-%D8%A7%D8%AD%D8%B5%D9%84-%D8%B9%D9%84%D9%89-%D9%83%D9%84%D9%85%D8%A7%D8%AA-%D9%85%D9%81%D8%AA%D8%A7%D8%AD%D9%8A%D8%A9-%D9%85%D8%B1%D8%A8%D8%AD%D8%A9-%D9%84%D8%A3%D9%85%D8%A7%D8%B2%D9%88%D9%86-%D9%83%D9%86%D8%AF%D9%84-amazon-kdp,5.0,1,6 دقائق,1,0,$5.00,يوم واحد,1,3,20.0,.Ahmed A,https://khamsat.com/user/ahmedabdalazizz,True,بائع نشيط,5.0,18,81.25%,4,17,ساعتين
أعمال,https://khamsat.com/business,البحث عن المنتجات,https://khamsat.com/business/product-research,تقديم عرض سعر بهدف استيراد منتج من الصين واستلامه واستثماره,https://khamsat.com/business/product-research/3028825-%D8%AA%D9%82%D8%AF%D9%8A%D9%85-%D8%B9%D8%B1%D8%B6-%D8%B3%D8%B9%D8%B1-%D8%A8%D9%87%D8%AF%D9%81-%D8%A7%D8%B3%D8%AA%D9%8A%D8%B1%D8%A7%D8%AF-%D9%85%D9%86%D8%AA%D8%AC-%D9%85%D9%86-%D8%A7%D9%84%D8%B5%D9%8A%D9%86-%D9%88%D8%A7%D8%B3%D8%AA%D9%84%D8%A7%D9%85%D9%87-%D9%88%D8%A7%D8%B3%D8%AA%D8%AB%D9%85%D8%A7%D8%B1%D9%87,0.0,0,لم يحسب,0,0,$5.00,ثلاثة أيام,0,2,20.0,اسامه ذ.,https://khamsat.com/user/chinesesam,True,مشتري جديد,0.0,0,لم يحسب بعد,1,0,لم يحسب
أعمال,https://khamsat.com/business,البحث عن المنتجات,https://khamsat.com/business/product-research,الدروب شيبنج احصل على منتجات رابحة مع برهان على نجاحها,https://khamsat.com/business/product-research/1545285-%D8%A7%D9%84%D8%AF%D8%B1%D9%88%D8%A8-%D8%B4%D9%8A%D8%A8%D9%86%D8%AC-%D8%A7%D8%AD%D8%B5%D9%84-%D8%B9%D9%84%D9%89-%D9%85%D9%86%D8%AA%D8%AC%D8%A7%D8%AA-%D8%B1%D8%A7%D8%A8%D8%AD%D8%A9-%D9%85%D8%B9-%D8%A8%D8%B1%D9%87%D8%A7%D9%86-%D8%B9%D9%84%D9%89-%D9%86%D8%AC%D8%A7%D8%AD%D9%87%D8%A7,5.0,16,7 ساعات,37,1,$15.00,يوم واحد,16,1,5.0,طاهر س.,https://khamsat.com/user/f_lance,True,بائع مميز,5.0,38,90.82%,4,70,20 ساعة
أعمال,https://khamsat.com/business,البحث عن المنتجات,https://khamsat.com/business/product-research,سأجد منتج رابح لمتجر شوبيفاي + إستهداف إعلاناته + مورده,https://khamsat.com/business/product-research/1643255-%D8%B3%D8%A3%D8%AC%D8%AF-%D9%85%D9%86%D8%AA%D8%AC-%D8%B1%D8%A7%D8%A8%D8%AD-%D9%84%D9%85%D8%AA%D8%AC%D8%B1-%D8%B4%D9%88%D8%A8%D9%8A%D9%81%D8%A7%D9%8A-%D8%A5%D8%B3%D8%AA%D9%87%D8%AF%D8%A7%D9%81-%D8%A5%D8%B9%D9%84%D8%A7%D9%86%D8%A7%D8%AA%D9%87-%D9%85%D9%88%D8%B1%D8%AF%D9%87,4.5,10,9 ساعات,15,0,$5.00,يوم واحد,10,2,130.0,معتز ه.,https://khamsat.com/user/motazh98,True,بائع نشيط,4.5,11,69.23%,8,16,4 ساعات
أعمال,https://khamsat.com/business,البحث عن المنتجات,https://khamsat.com/business/product-research,قائمة 500 منتج تركي مع روابط الصور(بسعر الجملة) تاريخ اليوم,https://khamsat.com/business/product-research/995223-%D9%82%D8%A7%D8%A6%D9%85%D8%A9-500-%D9%85%D9%86%D8%AA%D8%AC-%D8%AA%D8%B1%D9%83%D9%8A-%D9%85%D8%B9-%D8%B1%D9%88%D8%A7%D8%A8%D8%B7-%D8%A7%D9%84%D8%B5%D9%88%D8%B1%D8%A8%D8%B3%D8%B9%D8%B1-%D8%A7%D9%84%D8%AC%D9%85%D9%84%D8%A9-%D8%AA%D8%A7%D8%B1%D9%8A%D8%AE-%D8%A7%D9%84%D9%8A%D9%88%D9%85,3.0,2,يومين,1,0,$5.00,يوم واحد,2,1,15.0,.Anas J,https://khamsat.com/user/anasjco,True,بائع نشيط,5.0,11,68.18%,9,14,3 أيام
أعمال,https://khamsat.com/business,البحث عن المنتجات,https://khamsat.com/business/product-research,إضافة منتجات رابحة لمتجرك شوبيفاي Shopify winning products,https://khamsat.com/business/product-research/2550904-%D8%A5%D8%B6%D8%A7%D9%81%D8%A9-%D9%85%D9%86%D8%AA%D8%AC%D8%A7%D8%AA-%D8%B1%D8%A7%D8%A8%D8%AD%D8%A9-%D9%84%D9%85%D8%AA%D8%AC%D8%B1%D9%83-%D8%B4%D9%88%D8%A8%D9%8A%D9%81%D8%A7%D9%8A-shopify-winning-products,0.0,0,10 دقائق,0,0,$10.00,يوم واحد,0,0,0.0,.Mohammed Amine J,https://khamsat.com/user/amine_jalti,True,بائع جديد,5.0,7,100.0%,4,7,14 دقيقة
أعمال,https://khamsat.com/business,البحث عن المنتجات,https://khamsat.com/business/product-research,أفكار الربح من المنتجات الرقمية,https://khamsat.com/business/product-research/2973997-%D8%A3%D9%81%D9%83%D8%A7%D8%B1-%D8%A7%D9%84%D8%B1%D8%A8%D8%AD-%D9%85%D9%86-%D8%A7%D9%84%D9%85%D9%86%D8%AA%D8%AC%D8%A7%D8%AA-%D8%A7%D9%84%D8%B1%D9%82%D9%85%D9%8A%D8%A9,0.0,0,لم يحسب,0,0,$5.00,يوم واحد,0,0,0.0,رائد م.,https://khamsat.com/user/raedal_otaibi,True,مشتري جديد,0.0,0,لم يحسب بعد,2,0,لم يحسب
أعمال,https://khamsat.com/business,البحث عن المنتجات,https://khamsat.com/business/product-research,البحث عن المنتج الرابح winning products للتجارة الإلكترونية,https://khamsat.com/business/product-research/2908708-%D8%A7%D9%84%D8%A8%D8%AD%D8%AB-%D8%B9%D9%86-%D8%A7%D9%84%D9%85%D9%86%D8%AA%D8%AC-%D8%A7%D9%84%D8%B1%D8%A7%D8%A8%D8%AD-winning-products-%D9%84%D9%84%D8%AA%D8%AC%D8%A7%D8%B1%D8%A9-%D8%A7%D9%84%D8%A5%D9%84%D9%83%D8%AA%D8%B1%D9%88%D9%86%D9%8A%D8%A9,0.0,0,لم يحسب,0,0,$10.00,يوم واحد,0,2,15.0,نعيمة م.,https://khamsat.com/user/free_designs,False,بائع جديد,0.0,0,لم يحسب بعد,2,0,لم يحسب
أعمال,https://khamsat.com/business,البحث عن المنتجات,https://khamsat.com/business/product-research,باكيج منتجات رقميه مميزه للمبتدئين,https://khamsat.com/business/product-research/2981190-%D8%A8%D8%A7%D9%83%D9%8A%D8%AC-%D9%85%D9%86%D8%AA%D8%AC%D8%A7%D8%AA-%D8%B1%D9%82%D9%85%D9%8A%D9%87-%D9%85%D9%85%D9%8A%D8%B2%D9%87-%D9%84%D9%84%D9%85%D8%A8%D8%AA%D8%AF%D8%A6%D9%8A%D9%86,0.0,0,لم يحسب,0,0,$10.00,يومين,0,0,0.0,تاجر م.,https://khamsat.com/user/ran_nq12,False,بائع جديد,0.0,0,لم يحسب بعد,1,0,لم يحسب
أعمال,https://khamsat.com/business,البحث عن المنتجات,https://khamsat.com/business/product-research,البحث وجمع جميع المعلومات تريد معرفة تفاصيلها,https://khamsat.com/business/product-research/1762415-%D8%A7%D9%84%D8%A8%D8%AD%D8%AB-%D9%88%D8%AC%D9%85%D8%B9-%D8%AC%D9%85%D9%8A%D8%B9-%D8%A7%D9%84%D9%85%D8%B9%D9%84%D9%88%D9%85%D8%A7%D8%AA-%D8%AA%D8%B1%D9%8A%D8%AF-%D9%85%D8%B9%D8%B1%D9%81%D8%A9-%D8%AA%D9%81%D8%A7%D8%B5%D9%8A%D9%84%D9%87%D8%A7,0.0,0,لم يحسب,0,0,$5.00,يوم واحد,0,0,0.0,.Mostafa F,https://khamsat.com/user/mostafa_fahmy103,False,بائع جديد,0.0,0,لم يحسب بعد,4,0,11 يوم
أعمال,https://khamsat.com/business,البحث عن المنتجات,https://khamsat.com/business/product-research,البحث عن منتجات مربحة أو منتج مربح للتجارة الإلكترونية,https://khamsat.com/business/product-research/2973829-%D8%A7%D9%84%D8%A8%D8%AD%D8%AB-%D8%B9%D9%86-%D9%85%D9%86%D8%AA%D8%AC%D8%A7%D8%AA-%D9%85%D8%B1%D8%A8%D8%AD%D8%A9-%D8%A3%D9%88-%D9%85%D9%86%D8%AA%D8%AC-%D9%85%D8%B1%D8%A8%D8%AD-%D9%84%D9%84%D8%AA%D8%AC%D8%A7%D8%B1%D8%A9-%D8%A7%D9%84%D8%A5%D9%84%D9%83%D8%AA%D8%B1%D9%88%D9%86%D9%8A%D8%A9,0.0,0,لم يحسب,0,0,$10.00,ثلاثة أيام,0,3,80.0,محمد ع.,https://khamsat.com/user/anirmohamed,False,بائع جديد,0.0,0,لم يحسب بعد,2,0,لم يحسب
أعمال,https://khamsat.com/business,البحث عن المنتجات,https://khamsat.com/business/product-research,سأبحث لك عن منتجات رابحة لاضافتها لمتجرك الالكتروني,https://khamsat.com/business/product-research/2736203-%D8%B3%D8%A3%D8%A8%D8%AD%D8%AB-%D9%84%D9%83-%D8%B9%D9%86-%D9%85%D9%86%D8%AA%D8%AC%D8%A7%D8%AA-%D8%B1%D8%A7%D8%A8%D8%AD%D8%A9-%D9%84%D8%A7%D8%B6%D8%A7%D9%81%D8%AA%D9%87%D8%A7-%D9%84%D9%85%D8%AA%D8%AC%D8%B1%D9%83-%D8%A7%D9%84%D8%A7%D9%84%D9%83%D8%AA%D8%B1%D9%88%D9%86%D9%8A,5.0,1,3 دقائق,1,0,$10.00,يومين,1,0,0.0,.Mohamad D,https://khamsat.com/user/dani095,True,مشتري مميز,5.0,10,84.62%,6,11,15 ساعة
أعمال,https://khamsat.com/business,البحث عن المنتجات,https://khamsat.com/business/product-research,اقدم لكم المنتوج المربح لأعمالكم بالدروبشيبنغ او أمازون,https://khamsat.com/business/product-research/1348818-%D8%A7%D9%82%D8%AF%D9%85-%D9%84%D9%83%D9%85-%D8%A7%D9%84%D9%85%D9%86%D8%AA%D9%88%D8%AC-%D8%A7%D9%84%D9%85%D8%B1%D8%A8%D8%AD-%D9%84%D8%A3%D8%B9%D9%85%D8%A7%D9%84%D9%83%D9%85-%D8%A8%D8%A7%D9%84%D8%AF%D8%B1%D9%88%D8%A8%D8%B4%D9%8A%D8%A8%D9%86%D8%BA-%D8%A7%D9%88-%D8%A3%D9%85%D8%A7%D8%B2%D9%88%D9%86,3.5,3,11 يوم,5,0,$5.00,يومين,3,3,90.0,عبد المجيد ا.,https://khamsat.com/user/adamajid,True,بائع نشيط,4.5,16,67.24%,5,24,يوم
أعمال,https://khamsat.com/business,إدخال بيانات المنتجات,https://khamsat.com/business/product-data-entry,إضافة منتجات الى متاجر على ووردبرس,https://khamsat.com/business/product-data-entry/3019937-%D8%A5%D8%B6%D8%A7%D9%81%D8%A9-%D9%85%D9%86%D8%AA%D8%AC%D8%A7%D8%AA-%D8%A7%D9%84%D9%89-%D9%85%D8%AA%D8%A7%D8%AC%D8%B1-%D8%B9%D9%84%D9%89-%D9%88%D9%88%D8%B1%D8%AF%D8%A8%D8%B1%D8%B3,5.0,1,11 دقيقة,1,0,$5.00,يوم واحد,1,5,370.0,محمد ق.,https://khamsat.com/user/mohamed_kotib_ghazi,True,بائع مميز,5.0,41,100.0%,5,46,44 دقيقة
أعمال,https://khamsat.com/business,إدخال بيانات المنتجات,https://khamsat.com/business/product-data-entry,اضافة منتجاتك علي موقع امازون,https://khamsat.com/business/product-data-entry/2680442-%D8%A7%D8%B6%D8%A7%D9%81%D8%A9-%D9%85%D9%86%D8%AA%D8%AC%D8%A7%D8%AA%D9%83-%D8%B9%D9%84%D9%8A-%D9%85%D9%88%D9%82%D8%B9-%D8%A7%D9%85%D8%A7%D8%B2%D9%88%D9%86,5.0,9,يوم,12,0,$25.00,يوم واحد,9,3,250.0,.Khader E,https://khamsat.com/user/khader-boh,True,بائع نشيط,5.0,16,91.67%,10,18,8 ساعات
أعمال,https://khamsat.com/business,إدخال بيانات المنتجات,https://khamsat.com/business/product-data-entry,تسجيل وإضافة المنتجات على منصة غد الموحدة بالسعودية,https://khamsat.com/business/product-data-entry/2570495-%D8%AA%D8%B3%D8%AC%D9%8A%D9%84-%D9%88%D8%A5%D8%B6%D8%A7%D9%81%D8%A9-%D8%A7%D9%84%D9%85%D9%86%D8%AA%D8%AC%D8%A7%D8%AA-%D8%B9%D9%84%D9%89-%D9%85%D9%86%D8%B5%D8%A9-%D8%BA%D8%AF-%D8%A7%D9%84%D9%85%D9%88%D8%AD%D8%AF%D8%A9-%D8%A8%D8%A7%D9%84%D8%B3%D8%B9%D9%88%D8%AF%D9%8A%D8%A9,5.0,4,24 دقيقة,6,0,$10.00,يومين,4,1,5.0,محمد ص.,https://khamsat.com/user/mssh2225,True,بائع نشيط,5.0,5,91.67%,2,7,يوم
أعمال,https://khamsat.com/business,إدخال بيانات المنتجات,https://khamsat.com/business/product-data-entry,اضافة منتجات لمتجرك الالكتروني على سلة,https://khamsat.com/business/product-data-entry/2902710-%D8%A7%D8%B6%D8%A7%D9%81%D8%A9-%D9%85%D9%86%D8%AA%D8%AC%D8%A7%D8%AA-%D9%84%D9%85%D8%AA%D8%AC%D8%B1%D9%83-%D8%A7%D9%84%D8%A7%D9%84%D9%83%D8%AA%D8%B1%D9%88%D9%86%D9%8A-%D8%B9%D9%84%D9%89-%D8%B3%D9%84%D8%A9,5.0,5,35 دقيقة,6,0,$5.00,يوم واحد,5,4,135.0,.Nawal G,https://khamsat.com/user/nawal_ghazy99,True,بائع نشيط,5.0,14,96.77%,4,17,3 ساعات
أعمال,https://khamsat.com/business,إدخال بيانات المنتجات,https://khamsat.com/business/product-data-entry,اضافة منتجات على منصه سله,https://khamsat.com/business/product-data-entry/2771774-%D8%A7%D8%B6%D8%A7%D9%81%D8%A9-%D9%85%D9%86%D8%AA%D8%AC%D8%A7%D8%AA-%D8%B9%D9%84%D9%89-%D9%85%D9%86%D8%B5%D9%87-%D8%B3%D9%84%D9%87,5.0,36,ساعتين,42,2,$5.00,يوم واحد,25,5,185.0,محمد ق.,https://khamsat.com/user/mohamed_kotib_ghazi,True,بائع مميز,5.0,41,100.0%,5,46,44 دقيقة
أعمال,https://khamsat.com/business,إدخال بيانات المنتجات,https://khamsat.com/business/product-data-entry,إدخال بيانات المنتجات على المتاجر الالكترونية,https://khamsat.com/business/product-data-entry/2958750-%D8%A5%D8%AF%D8%AE%D8%A7%D9%84-%D8%A8%D9%8A%D8%A7%D9%86%D8%A7%D8%AA-%D8%A7%D9%84%D9%85%D9%86%D8%AA%D8%AC%D8%A7%D8%AA-%D8%B9%D9%84%D9%89-%D8%A7%D9%84%D9%85%D8%AA%D8%A7%D8%AC%D8%B1-%D8%A7%D9%84%D8%A7%D9%84%D9%83%D8%AA%D8%B1%D9%88%D9%86%D9%8A%D8%A9,4.5,5,3 دقائق,6,0,$5.00,يوم واحد,5,5,155.0,نورهان آ.,https://khamsat.com/user/nourhan_agha60,True,بائع نشيط,4.5,5,90.91%,1,6,3 دقائق
أعمال,https://khamsat.com/business,إدخال بيانات المنتجات,https://khamsat.com/business/product-data-entry,ادخال المنتجات والبيانات على المتاجر والمواقع الالكترونية,https://khamsat.com/business/product-data-entry/2967112-%D8%A7%D8%AF%D8%AE%D8%A7%D9%84-%D8%A7%D9%84%D9%85%D9%86%D8%AA%D8%AC%D8%A7%D8%AA-%D9%88%D8%A7%D9%84%D8%A8%D9%8A%D8%A7%D9%86%D8%A7%D8%AA-%D8%B9%D9%84%D9%89-%D8%A7%D9%84%D9%85%D8%AA%D8%A7%D8%AC%D8%B1-%D9%88%D8%A7%D9%84%D9%85%D9%88%D8%A7%D9%82%D8%B9-%D8%A7%D9%84%D8%A7%D9%84%D9%83%D8%AA%D8%B1%D9%88%D9%86%D9%8A%D8%A9,5.0,1,5 ساعات,2,0,$5.00,يوم واحد,1,3,30.0,.Aya A,https://khamsat.com/user/aya_abdulhaq,True,بائع مميز,5.0,20,93.75%,6,23,4 ساعات
أعمال,https://khamsat.com/business,إدخال بيانات المنتجات,https://khamsat.com/business/product-data-entry,ادخال المنتجات في المتاجر ومنصات التجارة الالكترونية,https://khamsat.com/business/product-data-entry/2805996-%D8%A7%D8%AF%D8%AE%D8%A7%D9%84-%D8%A7%D9%84%D9%85%D9%86%D8%AA%D8%AC%D8%A7%D8%AA-%D9%81%D9%8A-%D8%A7%D9%84%D9%85%D8%AA%D8%A7%D8%AC%D8%B1-%D9%88%D9%85%D9%86%D8%B5%D8%A7%D8%AA-%D8%A7%D9%84%D8%AA%D8%AC%D8%A7%D8%B1%D8%A9-%D8%A7%D9%84%D8%A7%D9%84%D9%83%D8%AA%D8%B1%D9%88%D9%86%D9%8A%D8%A9,5.0,7,4 ساعات,9,1,$5.00,يوم واحد,7,4,140.0,.Ali E,https://khamsat.com/user/ali_elsheikh764,True,بائع نشيط,5.0,7,92.86%,4,9,4 ساعات
أعمال,https://khamsat.com/business,إدخال بيانات المنتجات,https://khamsat.com/business/product-data-entry,إدارة المتاجر الإلكترونية: سأقوم بإضافة المنتجات إلى متجرك,https://khamsat.com/business/product-data-entry/2868749-%D8%A5%D8%AF%D8%A7%D8%B1%D8%A9-%D8%A7%D9%84%D9%85%D8%AA%D8%A7%D8%AC%D8%B1-%D8%A7%D9%84%D8%A5%D9%84%D9%83%D8%AA%D8%B1%D9%88%D9%86%D9%8A%D8%A9-%D8%B3%D8%A3%D9%82%D9%88%D9%85-%D8%A8%D8%A5%D8%B6%D8%A7%D9%81%D8%A9-%D8%A7%D9%84%D9%85%D9%86%D8%AA%D8%AC%D8%A7%D8%AA-%D8%A5%D9%84%D9%89-%D9%85%D8%AA%D8%AC%D8%B1%D9%83,5.0,5,27 دقيقة,5,1,$10.00,ثلاثة أيام,5,1,100.0,.Hafssa M,https://khamsat.com/user/hafsa_mait,True,بائع نشيط,5.0,6,55.56%,2,6,27 دقيقة
أعمال,https://khamsat.com/business,إدخال بيانات المنتجات,https://khamsat.com/business/product-data-entry,ادارة واضافة منتجات على منصة نون وامازون للبائعين بطريقة احترافية,https://khamsat.com/business/product-data-entry/2343946-%D8%A7%D8%AF%D8%A7%D8%B1%D8%A9-%D9%88%D8%A7%D8%B6%D8%A7%D9%81%D8%A9-%D9%85%D9%86%D8%AA%D8%AC%D8%A7%D8%AA-%D8%B9%D9%84%D9%89-%D9%85%D9%86%D8%B5%D8%A9-%D9%86%D9%88%D9%86-%D9%88%D8%A7%D9%85%D8%A7%D8%B2%D9%88%D9%86-%D9%84%D9%84%D8%A8%D8%A7%D8%A6%D8%B9%D9%8A%D9%86-%D8%A8%D8%B7%D8%B1%D9%8A%D9%82%D8%A9-%D8%A7%D8%AD%D8%AA%D8%B1%D8%A7%D9%81%D9%8A%D8%A9,5.0,28,4 ساعات,33,0,$10.00,يومين,25,5,135.0,.Hasan H,https://khamsat.com/user/hhamdy28,True,بائع مميز,5.0,29,98.55%,1,34,ساعة
أعمال,https://khamsat.com/business,إدخال بيانات المنتجات,https://khamsat.com/business/product-data-entry,اضافة وادخال المُنتجات على منصة نون,https://khamsat.com/business/product-data-entry/2657068-%D8%A7%D8%B6%D8%A7%D9%81%D8%A9-%D9%88%D8%A7%D8%AF%D8%AE%D8%A7%D9%84-%D8%A7%D9%84%D9%85%D9%86%D8%AA%D8%AC%D8%A7%D8%AA-%D8%B9%D9%84%D9%89-%D9%85%D9%86%D8%B5%D8%A9-%D9%86%D9%88%D9%86,4.5,6,3 دقائق,6,0,$10.00,يوم واحد,6,4,60.0,.Saeed A,https://khamsat.com/user/saeed_a_alamoudi18,True,بائع نشيط,4.5,8,55.0%,3,10,3 ساعات
أعمال,https://khamsat.com/business,إدخال بيانات المنتجات,https://khamsat.com/business/product-data-entry,اضافة منتجات على الوردبريس,https://khamsat.com/business/product-data-entry/936449-%D8%A7%D8%B6%D8%A7%D9%81%D8%A9-%D9%85%D9%86%D8%AA%D8%AC%D8%A7%D8%AA-%D8%B9%D9%84%D9%89-%D8%A7%D9%84%D9%88%D8%B1%D8%AF%D8%A8%D8%B1%D9%8A%D8%B3,4.5,20,يومين,25,0,$5.00,يوم واحد,20,3,155.0,.Aya I,https://khamsat.com/user/aya-ismail-mohamed,True,بائع مميز,4.5,26,87.69%,2,33,15 ساعة
أعمال,https://khamsat.com/business,إدخال بيانات المنتجات,https://khamsat.com/business/product-data-entry,ادخال المنتجات والبيانات على المتاجر والمواقع الالكترونية,https://khamsat.com/business/product-data-entry/2885144-%D8%A7%D8%AF%D8%AE%D8%A7%D9%84-%D8%A7%D9%84%D9%85%D9%86%D8%AA%D8%AC%D8%A7%D8%AA-%D9%88%D8%A7%D9%84%D8%A8%D9%8A%D8%A7%D9%86%D8%A7%D8%AA-%D8%B9%D9%84%D9%89-%D8%A7%D9%84%D9%85%D8%AA%D8%A7%D8%AC%D8%B1-%D9%88%D8%A7%D9%84%D9%85%D9%88%D8%A7%D9%82%D8%B9-%D8%A7%D9%84%D8%A7%D9%84%D9%83%D8%AA%D8%B1%D9%88%D9%86%D9%8A%D8%A9,5.0,5,19 ساعة,7,4,$5.00,يوم واحد,5,5,100.0,انس م.,https://khamsat.com/user/anasmatar1,True,بائع نشيط,5.0,18,89.13%,6,17,5 ساعات
أعمال,https://khamsat.com/business,إدخال بيانات المنتجات,https://khamsat.com/business/product-data-entry,إضافة أوصاف لمنتجات SALLA و ZID,https://khamsat.com/business/product-data-entry/2942484-%D8%A5%D8%B6%D8%A7%D9%81%D8%A9-%D8%A3%D9%88%D8%B5%D8%A7%D9%81-%D9%84%D9%85%D9%86%D8%AA%D8%AC%D8%A7%D8%AA-salla-%D9%88-zid,5.0,1,ساعة,1,0,$5.00,يوم واحد,1,0,0.0,سفيان ب.,https://khamsat.com/user/be_smile,True,بائع جديد,5.0,4,85.71%,4,4,23 ساعة
أعمال,https://khamsat.com/business,إدخال بيانات المنتجات,https://khamsat.com/business/product-data-entry,اضافة منتجات على أي موقع,https://khamsat.com/business/product-data-entry/1699954-%D8%A7%D8%B6%D8%A7%D9%81%D8%A9-%D9%85%D9%86%D8%AA%D8%AC%D8%A7%D8%AA-%D8%B9%D9%84%D9%89-%D8%A3%D9%8A-%D9%85%D9%88%D9%82%D8%B9,5.0,13,5 ساعات,16,0,$10.00,ثلاثة أيام,13,3,135.0,.Rghda A,https://khamsat.com/user/rghda_15,True,بائع مميز,5.0,22,84.93%,3,27,7 ساعات
أعمال,https://khamsat.com/business,إدخال بيانات المنتجات,https://khamsat.com/business/product-data-entry,"إدخال منتجات الى شوبيفاي, سلة, ووكوميرس, زد",https://khamsat.com/business/product-data-entry/2960522-%D8%A5%D8%AF%D8%AE%D8%A7%D9%84-%D9%85%D9%86%D8%AA%D8%AC%D8%A7%D8%AA-%D8%A7%D9%84%D9%89-%D8%B4%D9%88%D8%A8%D9%8A%D9%81%D8%A7%D9%8A-%D8%B3%D9%84%D8%A9-%D9%88%D9%88%D9%83%D9%88%D9%85%D9%8A%D8%B1%D8%B3-%D8%B2%D8%AF,0.0,0,ساعة,2,0,$5.00,يوم واحد,0,5,75.0,علا ش.,https://khamsat.com/user/ola_shahin97,True,بائع نشيط,5.0,9,97.56%,6,11,5 ساعات
أعمال,https://khamsat.com/business,إدخال بيانات المنتجات,https://khamsat.com/business/product-data-entry,اضافة المنتجات والخدمات إلى متجرك و موقعك الإلكتروني,https://khamsat.com/business/product-data-entry/2039992-%D8%A7%D8%B6%D8%A7%D9%81%D8%A9-%D8%A7%D9%84%D9%85%D9%86%D8%AA%D8%AC%D8%A7%D8%AA-%D9%88%D8%A7%D9%84%D8%AE%D8%AF%D9%85%D8%A7%D8%AA-%D8%A5%D9%84%D9%89-%D9%85%D8%AA%D8%AC%D8%B1%D9%83-%D9%88-%D9%85%D9%88%D9%82%D8%B9%D9%83-%D8%A7%D9%84%D8%A5%D9%84%D9%83%D8%AA%D8%B1%D9%88%D9%86%D9%8A,5.0,27,3 أيام,31,0,$5.00,يوم واحد,25,1,5.0,.Mohammad S,https://khamsat.com/user/mo_haddjdk99999,True,بائع مميز,5.0,47,87.05%,6,48,17 ساعة
أعمال,https://khamsat.com/business,إدخال بيانات المنتجات,https://khamsat.com/business/product-data-entry,اضافة منتجات إلى متجرك على اي منصة او موقع,https://khamsat.com/business/product-data-entry/2803338-%D8%A7%D8%B6%D8%A7%D9%81%D8%A9-%D9%85%D9%86%D8%AA%D8%AC%D8%A7%D8%AA-%D8%A5%D9%84%D9%89-%D9%85%D8%AA%D8%AC%D8%B1%D9%83-%D8%B9%D9%84%D9%89-%D8%A7%D9%8A-%D9%85%D9%86%D8%B5%D8%A9-%D8%A7%D9%88-%D9%85%D9%88%D9%82%D8%B9,5.0,6,20 ساعة,8,2,$5.00,يومين,6,5,115.0,منى م.,https://khamsat.com/user/mona1k,True,بائع مميز,4.5,38,96.05%,7,46,يوم
أعمال,https://khamsat.com/business,إدخال بيانات المنتجات,https://khamsat.com/business/product-data-entry,اضافة منتجات على الوردبريس,https://khamsat.com/business/product-data-entry/2388954-%D8%A7%D8%B6%D8%A7%D9%81%D8%A9-%D9%85%D9%86%D8%AA%D8%AC%D8%A7%D8%AA-%D8%B9%D9%84%D9%89-%D8%A7%D9%84%D9%88%D8%B1%D8%AF%D8%A8%D8%B1%D9%8A%D8%B3,5.0,11,23 دقيقة,11,0,$5.00,يوم واحد,11,4,215.0,.Khaled T,https://khamsat.com/user/khaled_tarek1997,True,بائع نشيط,5.0,11,95.0%,1,11,23 دقيقة
أعمال,https://khamsat.com/business,إدخال بيانات المنتجات,https://khamsat.com/business/product-data-entry,إضافة منتجات علي إي موقع ( 100 منتج),https://khamsat.com/business/product-data-entry/1705399-%D8%A5%D8%B6%D8%A7%D9%81%D8%A9-%D9%85%D9%86%D8%AA%D8%AC%D8%A7%D8%AA-%D8%B9%D9%84%D9%8A-%D8%A5%D9%8A-%D9%85%D9%88%D9%82%D8%B9-100-%D9%85%D9%86%D8%AA%D8%AC,4.5,24,35 دقيقة,39,0,$10.00,ثلاثة أيام,24,1,5.0,.Nagham S,https://khamsat.com/user/naghamsayed,True,بائع مميز,4.5,25,81.18%,2,39,3 ساعات
أعمال,https://khamsat.com/business,إدخال بيانات المنتجات,https://khamsat.com/business/product-data-entry,إدخال الكتب على منصة امازون كندل Amazon kdp,https://khamsat.com/business/product-data-entry/1809349-%D8%A5%D8%AF%D8%AE%D8%A7%D9%84-%D8%A7%D9%84%D9%83%D8%AA%D8%A8-%D8%B9%D9%84%D9%89-%D9%85%D9%86%D8%B5%D8%A9-%D8%A7%D9%85%D8%A7%D8%B2%D9%88%D9%86-%D9%83%D9%86%D8%AF%D9%84-amazon-kdp,5.0,13,19 دقيقة,15,0,$5.00,يومين,13,5,50.0,.Ahmed A,https://khamsat.com/user/ahmedabdalazizz,True,بائع نشيط,5.0,18,81.25%,4,17,ساعتين
أعمال,https://khamsat.com/business,إدخال بيانات المنتجات,https://khamsat.com/business/product-data-entry,ادخال المنتجات على المتاجر والمواقع الالكترونية,https://khamsat.com/business/product-data-entry/1863069-%D8%A7%D8%AF%D8%AE%D8%A7%D9%84-%D8%A7%D9%84%D9%85%D9%86%D8%AA%D8%AC%D8%A7%D8%AA-%D8%B9%D9%84%D9%89-%D8%A7%D9%84%D9%85%D8%AA%D8%A7%D8%AC%D8%B1-%D9%88%D8%A7%D9%84%D9%85%D9%88%D8%A7%D9%82%D8%B9-%D8%A7%D9%84%D8%A7%D9%84%D9%83%D8%AA%D8%B1%D9%88%D9%86%D9%8A%D8%A9,5.0,26,12 دقيقة,28,0,$10.00,أربعة أيام,25,4,50.0,منى ع.,https://khamsat.com/user/monaabed_77,True,بائع مميز,5.0,82,92.37%,4,48,ساعة
أعمال,https://khamsat.com/business,إدخال بيانات المنتجات,https://khamsat.com/business/product-data-entry,ادخال المنتجات والبيانات على المتاجر والمواقع الالكترونية,https://khamsat.com/business/product-data-entry/2491918-%D8%A7%D8%AF%D8%AE%D8%A7%D9%84-%D8%A7%D9%84%D9%85%D9%86%D8%AA%D8%AC%D8%A7%D8%AA-%D9%88%D8%A7%D9%84%D8%A8%D9%8A%D8%A7%D9%86%D8%A7%D8%AA-%D8%B9%D9%84%D9%89-%D8%A7%D9%84%D9%85%D8%AA%D8%A7%D8%AC%D8%B1-%D9%88%D8%A7%D9%84%D9%85%D9%88%D8%A7%D9%82%D8%B9-%D8%A7%D9%84%D8%A7%D9%84%D9%83%D8%AA%D8%B1%D9%88%D9%86%D9%8A%D8%A9,5.0,22,6 دقائق,25,0,$5.00,يوم واحد,22,5,150.0,.Khaled E,https://khamsat.com/user/khaledelsheiikh,True,بائع مميز,5.0,49,94.55%,5,47,ساعتين
أعمال,https://khamsat.com/business,إدخال بيانات المنتجات,https://khamsat.com/business/product-data-entry,ادخال المنتجات الى المواقع والمتاجر الالكترونية,https://khamsat.com/business/product-data-entry/2860556-%D8%A7%D8%AF%D8%AE%D8%A7%D9%84-%D8%A7%D9%84%D9%85%D9%86%D8%AA%D8%AC%D8%A7%D8%AA-%D8%A7%D9%84%D9%89-%D8%A7%D9%84%D9%85%D9%88%D8%A7%D9%82%D8%B9-%D9%88%D8%A7%D9%84%D9%85%D8%AA%D8%A7%D8%AC%D8%B1-%D8%A7%D9%84%D8%A7%D9%84%D9%83%D8%AA%D8%B1%D9%88%D9%86%D9%8A%D8%A9,5.0,2,ساعة,3,0,$5.00,يومين,2,5,75.0,.Hamdy S,https://khamsat.com/user/hamdysaeed19,True,بائع نشيط,5.0,8,89.47%,6,12,ساعة
أعمال,https://khamsat.com/business,إدخال بيانات المنتجات,https://khamsat.com/business/product-data-entry,نقل المنتجات من موقع سلة الى ووردبريس ووكمرس,https://khamsat.com/business/product-data-entry/2945932-%D9%86%D9%82%D9%84-%D8%A7%D9%84%D9%85%D9%86%D8%AA%D8%AC%D8%A7%D8%AA-%D9%85%D9%86-%D9%85%D9%88%D9%82%D8%B9-%D8%B3%D9%84%D8%A9-%D8%A7%D9%84%D9%89-%D9%88%D9%88%D8%B1%D8%AF%D8%A8%D8%B1%D9%8A%D8%B3-%D9%88%D9%88%D9%83%D9%85%D8%B1%D8%B3,5.0,1,20 دقيقة,1,0,$5.00,يوم واحد,1,1,10.0,ريان ب.,https://khamsat.com/user/rayene_yecherkoub,True,بائع جديد,5.0,1,100.0%,5,1,20 دقيقة
أعمال,https://khamsat.com/business,إدخال بيانات المنتجات,https://khamsat.com/business/product-data-entry,رفع منتجات على ووردبريس كل 50 منتج,https://khamsat.com/business/product-data-entry/940068-%D8%B1%D9%81%D8%B9-%D9%85%D9%86%D8%AA%D8%AC%D8%A7%D8%AA-%D8%B9%D9%84%D9%89-%D9%88%D9%88%D8%B1%D8%AF%D8%A8%D8%B1%D9%8A%D8%B3-%D9%83%D9%84-50-%D9%85%D9%86%D8%AA%D8%AC,4.5,13,11 ساعة,16,0,$15.00,يوم واحد,13,0,0.0,.Ebtsam M,https://khamsat.com/user/%D8%A8%D8%B3%D9%85%D9%87-%D9%85%D8%AD%D9%85%D8%AF99,True,بائع مميز,4.5,14,90.14%,3,17,4 ساعات
أعمال,https://khamsat.com/business,إدخال بيانات المنتجات,https://khamsat.com/business/product-data-entry,إضافة المنتجات على متجرك بمنصة سلة,https://khamsat.com/business/product-data-entry/1932813-%D8%A5%D8%B6%D8%A7%D9%81%D8%A9-%D8%A7%D9%84%D9%85%D9%86%D8%AA%D8%AC%D8%A7%D8%AA-%D8%B9%D9%84%D9%89-%D9%85%D8%AA%D8%AC%D8%B1%D9%83-%D8%A8%D9%85%D9%86%D8%B5%D8%A9-%D8%B3%D9%84%D8%A9,5.0,13,ساعة,17,0,$5.00,يوم واحد,13,4,185.0,.Ahmed E,https://khamsat.com/user/a-h-med-essa,True,بائع مميز,4.5,254,93.96%,4,298,23 ساعة
أعمال,https://khamsat.com/business,إدخال بيانات المنتجات,https://khamsat.com/business/product-data-entry,إدخال المنتجات والبيانات على المواقع والمتاجر الإلكترونية,https://khamsat.com/business/product-data-entry/2510721-%D8%A5%D8%AF%D8%AE%D8%A7%D9%84-%D8%A7%D9%84%D9%85%D9%86%D8%AA%D8%AC%D8%A7%D8%AA-%D9%88%D8%A7%D9%84%D8%A8%D9%8A%D8%A7%D9%86%D8%A7%D8%AA-%D8%B9%D9%84%D9%89-%D8%A7%D9%84%D9%85%D9%88%D8%A7%D9%82%D8%B9-%D9%88%D8%A7%D9%84%D9%85%D8%AA%D8%A7%D8%AC%D8%B1-%D8%A7%D9%84%D8%A5%D9%84%D9%83%D8%AA%D8%B1%D9%88%D9%86%D9%8A%D8%A9,5.0,4,3 ساعات,4,0,$5.00,يوم واحد,4,5,130.0,ابتسام ب.,https://khamsat.com/user/ibtissam_ben,True,بائع مميز,5.0,15,100.0%,7,19,3 ساعات
أعمال,https://khamsat.com/business,إدخال بيانات المنتجات,https://khamsat.com/business/product-data-entry,إدخال المعلومات إلى أي موقع الكتروني تطبيق متجر,https://khamsat.com/business/product-data-entry/2577161-%D8%A5%D8%AF%D8%AE%D8%A7%D9%84-%D8%A7%D9%84%D9%85%D8%B9%D9%84%D9%88%D9%85%D8%A7%D8%AA-%D8%A5%D9%84%D9%89-%D8%A3%D9%8A-%D9%85%D9%88%D9%82%D8%B9-%D8%A7%D9%84%D9%83%D8%AA%D8%B1%D9%88%D9%86%D9%8A-%D8%AA%D8%B7%D8%A8%D9%8A%D9%82-%D9%85%D8%AA%D8%AC%D8%B1,5.0,5,يومين,9,3,$5.00,يوم واحد,5,4,50.0,لبنى ط.,https://khamsat.com/user/loubna_t,True,بائع نشيط,5.0,9,93.02%,3,13,يوم
أعمال,https://khamsat.com/business,إدخال بيانات المنتجات,https://khamsat.com/business/product-data-entry,ادخال بيانات منتجات على مواقع الكترونية,https://khamsat.com/business/product-data-entry/3038057-%D8%A7%D8%AF%D8%AE%D8%A7%D9%84-%D8%A8%D9%8A%D8%A7%D9%86%D8%A7%D8%AA-%D9%85%D9%86%D8%AA%D8%AC%D8%A7%D8%AA-%D8%B9%D9%84%D9%89-%D9%85%D9%88%D8%A7%D9%82%D8%B9-%D8%A7%D9%84%D9%83%D8%AA%D8%B1%D9%88%D9%86%D9%8A%D8%A9,0.0,0,لم يحسب,1,0,$10.00,يوم واحد,0,0,0.0,.William F,https://khamsat.com/user/amrsultani,False,بائع جديد,0.0,0,100.0%,1,1,لم يحسب
أعمال,https://khamsat.com/business,إدارة المتاجر الإلكترونية,https://khamsat.com/business/store-management,رفع مقالات على الووردبريس,https://khamsat.com/business/store-management/2975676-%D8%B1%D9%81%D8%B9-%D9%85%D9%82%D8%A7%D9%84%D8%A7%D8%AA-%D8%B9%D9%84%D9%89-%D8%A7%D9%84%D9%88%D9%88%D8%B1%D8%AF%D8%A8%D8%B1%D9%8A%D8%B3,5.0,2,10 دقائق,3,0,$25.00,يومين,2,0,0.0,اسماء ح.,https://khamsat.com/user/ass2_dede,True,بائع نشيط,5.0,9,87.5%,5,10,53 دقيقة
أعمال,https://khamsat.com/business,إدارة المتاجر الإلكترونية,https://khamsat.com/business/store-management,إدارة متجرك الإلكتروني على منصة سلة بكفاءة واحترافية,https://khamsat.com/business/store-management/2883623-%D8%A5%D8%AF%D8%A7%D8%B1%D8%A9-%D9%85%D8%AA%D8%AC%D8%B1%D9%83-%D8%A7%D9%84%D8%A5%D9%84%D9%83%D8%AA%D8%B1%D9%88%D9%86%D9%8A-%D8%B9%D9%84%D9%89-%D9%85%D9%86%D8%B5%D8%A9-%D8%B3%D9%84%D8%A9-%D8%A8%D9%83%D9%81%D8%A7%D8%A1%D8%A9-%D9%88%D8%A7%D8%AD%D8%AA%D8%B1%D8%A7%D9%81%D9%8A%D8%A9,5.0,6,43 دقيقة,6,0,$5.00,يوم واحد,6,4,150.0,.Youssef N,https://khamsat.com/user/youssef974,True,بائع نشيط,5.0,17,91.89%,4,18,4 ساعات
أعمال,https://khamsat.com/business,إدارة المتاجر الإلكترونية,https://khamsat.com/business/store-management,ادارة متجرك الالكتروني على منصة سلة او زد,https://khamsat.com/business/store-management/2550585-%D8%A7%D8%AF%D8%A7%D8%B1%D8%A9-%D9%85%D8%AA%D8%AC%D8%B1%D9%83-%D8%A7%D9%84%D8%A7%D9%84%D9%83%D8%AA%D8%B1%D9%88%D9%86%D9%8A-%D8%B9%D9%84%D9%89-%D9%85%D9%86%D8%B5%D8%A9-%D8%B3%D9%84%D8%A9-%D8%A7%D9%88-%D8%B2%D8%AF,5.0,3,ساعتين,9,0,$5.00,يوم واحد,3,2,40.0,احمد ا.,https://khamsat.com/user/ahmad3kamal,True,مشتري جاد,5.0,3,90.91%,1,9,ساعتين
أعمال,https://khamsat.com/business,إدارة المتاجر الإلكترونية,https://khamsat.com/business/store-management,إدارة متجر سلة باحترافية واتقان,https://khamsat.com/business/store-management/2476624-%D8%A5%D8%AF%D8%A7%D8%B1%D8%A9-%D9%85%D8%AA%D8%AC%D8%B1-%D8%B3%D9%84%D8%A9-%D8%A8%D8%A7%D8%AD%D8%AA%D8%B1%D8%A7%D9%81%D9%8A%D8%A9-%D9%88%D8%A7%D8%AA%D9%82%D8%A7%D9%86,5.0,10,8 ساعات,12,0,$10.00,أسبوع,10,1,50.0,جميل ح.,https://khamsat.com/user/jameelkhamdan_99,True,بائع مميز,5.0,33,88.71%,8,34,ساعتين
أعمال,https://khamsat.com/business,إدارة المتاجر الإلكترونية,https://khamsat.com/business/store-management,ربط الماركات العالميه بالمنتجات في موقعك,https://khamsat.com/business/store-management/2762556-%D8%B1%D8%A8%D8%B7-%D8%A7%D9%84%D9%85%D8%A7%D8%B1%D9%83%D8%A7%D8%AA-%D8%A7%D9%84%D8%B9%D8%A7%D9%84%D9%85%D9%8A%D9%87-%D8%A8%D8%A7%D9%84%D9%85%D9%86%D8%AA%D8%AC%D8%A7%D8%AA-%D9%81%D9%8A-%D9%85%D9%88%D9%82%D8%B9%D9%83,5.0,1,4 ساعات,1,0,$5.00,شهر,1,0,0.0,.Razan A,https://khamsat.com/user/raz_1993,True,بائع جديد,5.0,5,83.33%,5,2,3 ساعات
أعمال,https://khamsat.com/business,إدارة المتاجر الإلكترونية,https://khamsat.com/business/store-management,اضافه منتجاتك على أمازون وأرسالها الي مخازن امازون FBA,https://khamsat.com/business/store-management/2802355-%D8%A7%D8%B6%D8%A7%D9%81%D9%87-%D9%85%D9%86%D8%AA%D8%AC%D8%A7%D8%AA%D9%83-%D8%B9%D9%84%D9%89-%D8%A3%D9%85%D8%A7%D8%B2%D9%88%D9%86-%D9%88%D8%A3%D8%B1%D8%B3%D8%A7%D9%84%D9%87%D8%A7-%D8%A7%D9%84%D9%8A-%D9%85%D8%AE%D8%A7%D8%B2%D9%86-%D8%A7%D9%85%D8%A7%D8%B2%D9%88%D9%86-fba,0.0,0,21 ساعة,1,0,$10.00,يوم واحد,0,0,0.0,مصطفي ف.,https://khamsat.com/user/%D9%85%D8%B5%D8%B7%D9%81%D9%8A-%D9%81%D8%A7%D9%8A%D9%82,True,مشتري جديد,0.0,0,100.0%,3,1,21 ساعة
أعمال,https://khamsat.com/business,إدارة المتاجر الإلكترونية,https://khamsat.com/business/store-management,ادارة حساب على متجر نون والويب سايت (المتاجر الالكترونية ),https://khamsat.com/business/store-management/3052023-%D8%A7%D8%AF%D8%A7%D8%B1%D8%A9-%D8%AD%D8%B3%D8%A7%D8%A8-%D8%B9%D9%84%D9%89-%D9%85%D8%AA%D8%AC%D8%B1-%D9%86%D9%88%D9%86-%D9%88%D8%A7%D9%84%D9%88%D9%8A%D8%A8-%D8%B3%D8%A7%D9%8A%D8%AA-%D8%A7%D9%84%D9%85%D8%AA%D8%A7%D8%AC%D8%B1-%D8%A7%D9%84%D8%A7%D9%84%D9%83%D8%AA%D8%B1%D9%88%D9%86%D9%8A%D8%A9,0.0,0,لم يحسب,0,0,$5.00,يوم واحد,0,1,15.0,مهند ا.,https://khamsat.com/user/muhanad_ziad,True,بائع جديد,0.0,0,لم يحسب بعد,1,0,لم يحسب
أعمال,https://khamsat.com/business,إدارة المتاجر الإلكترونية,https://khamsat.com/business/store-management,إدارة متجرك الإلكتروني بالكامل و تحسين نتائج بحث منتجاتك,https://khamsat.com/business/store-management/2188406-%D8%A5%D8%AF%D8%A7%D8%B1%D8%A9-%D9%85%D8%AA%D8%AC%D8%B1%D9%83-%D8%A7%D9%84%D8%A5%D9%84%D9%83%D8%AA%D8%B1%D9%88%D9%86%D9%8A-%D8%A8%D8%A7%D9%84%D9%83%D8%A7%D9%85%D9%84-%D9%88-%D8%AA%D8%AD%D8%B3%D9%8A%D9%86-%D9%86%D8%AA%D8%A7%D8%A6%D8%AC-%D8%A8%D8%AD%D8%AB-%D9%85%D9%86%D8%AA%D8%AC%D8%A7%D8%AA%D9%83,5.0,7,5 ساعات,9,0,$10.00,يوم واحد,7,3,100.0,سهام س.,https://khamsat.com/user/%D8%B3%D9%87%D8%A7%D9%85-%D8%B3%D9%84%D9%8A%D9%85,True,بائع مميز,5.0,65,85.59%,6,78,3 ساعات
أعمال,https://khamsat.com/business,إدارة المتاجر الإلكترونية,https://khamsat.com/business/store-management,تنسيق تصميم ثيمات سلة بشكل احترافي,https://khamsat.com/business/store-management/2991353-%D8%AA%D9%86%D8%B3%D9%8A%D9%82-%D8%AA%D8%B5%D9%85%D9%8A%D9%85-%D8%AB%D9%8A%D9%85%D8%A7%D8%AA-%D8%B3%D9%84%D8%A9-%D8%A8%D8%B4%D9%83%D9%84-%D8%A7%D8%AD%D8%AA%D8%B1%D8%A7%D9%81%D9%8A,0.0,0,لم يحسب,0,0,$10.00,يوم واحد,0,5,55.0,منصور م.,https://khamsat.com/user/mansour_mahmoud_m,True,بائع جديد,0.0,0,لم يحسب بعد,4,0,لم يحسب
أعمال,https://khamsat.com/business,إدارة المتاجر الإلكترونية,https://khamsat.com/business/store-management,إدارة طلبات متجر الكتروني في سلة,https://khamsat.com/business/store-management/3039267-%D8%A5%D8%AF%D8%A7%D8%B1%D8%A9-%D8%B7%D9%84%D8%A8%D8%A7%D8%AA-%D9%85%D8%AA%D8%AC%D8%B1-%D8%A7%D9%84%D9%83%D8%AA%D8%B1%D9%88%D9%86%D9%8A-%D9%81%D9%8A-%D8%B3%D9%84%D8%A9,0.0,0,لم يحسب,0,0,$10.00,يومين,0,2,175.0,ريم ع.,https://khamsat.com/user/reemabdulaziz,False,مشتري جديد,0.0,0,لم يحسب بعد,2,0,16 ساعة
أعمال,https://khamsat.com/business,إدارة المتاجر الإلكترونية,https://khamsat.com/business/store-management,انشاء صفحات تعريفية لمتجرك على سلة مع تحسين SEO الخاص بها,https://khamsat.com/business/store-management/3005840-%D8%A7%D9%86%D8%B4%D8%A7%D8%A1-%D8%B5%D9%81%D8%AD%D8%A7%D8%AA-%D8%AA%D8%B9%D8%B1%D9%8A%D9%81%D9%8A%D8%A9-%D9%84%D9%85%D8%AA%D8%AC%D8%B1%D9%83-%D8%B9%D9%84%D9%89-%D8%B3%D9%84%D8%A9-%D9%85%D8%B9-%D8%AA%D8%AD%D8%B3%D9%8A%D9%86-seo-%D8%A7%D9%84%D8%AE%D8%A7%D8%B5-%D8%A8%D9%87%D8%A7,0.0,0,لم يحسب,0,0,$10.00,يوم واحد,0,3,25.0,منصور م.,https://khamsat.com/user/mansour_mahmoud_m,True,بائع جديد,0.0,0,لم يحسب بعد,4,0,لم يحسب
أعمال,https://khamsat.com/business,إدارة المتاجر الإلكترونية,https://khamsat.com/business/store-management,إدارة متجر على منصة سلة Salla,https://khamsat.com/business/store-management/1796643-%D8%A5%D8%AF%D8%A7%D8%B1%D8%A9-%D9%85%D8%AA%D8%AC%D8%B1-%D8%B9%D9%84%D9%89-%D9%85%D9%86%D8%B5%D8%A9-%D8%B3%D9%84%D8%A9-salla,5.0,13,4 ساعات,18,0,$10.00,يوم واحد,13,4,325.0,سارة ا.,https://khamsat.com/user/sara_otmani15,True,بائع نشيط,5.0,25,97.56%,5,28,5 ساعات
أعمال,https://khamsat.com/business,إدارة المتاجر الإلكترونية,https://khamsat.com/business/store-management,إدارة موقع نون من أ-ي تقارير جدولة FBN الايميل,https://khamsat.com/business/store-management/2338759-%D8%A5%D8%AF%D8%A7%D8%B1%D8%A9-%D9%85%D9%88%D9%82%D8%B9-%D9%86%D9%88%D9%86-%D9%85%D9%86-%D8%A3-%D9%8A-%D8%AA%D9%82%D8%A7%D8%B1%D9%8A%D8%B1-%D8%AC%D8%AF%D9%88%D9%84%D8%A9-fbn-%D8%A7%D9%84%D8%A7%D9%8A%D9%85%D9%8A%D9%84,5.0,4,4 دقائق,4,0,$10.00,يومين,4,2,175.0,.Anwar B,https://khamsat.com/user/a_beshr535011,True,بائع جديد,5.0,4,44.44%,2,4,يوم
أعمال,https://khamsat.com/business,إدارة المتاجر الإلكترونية,https://khamsat.com/business/store-management,انشاء متجرك الالكتروني على shopify باحترافية عالية.,https://khamsat.com/business/store-management/2969212-%D8%A7%D9%86%D8%B4%D8%A7%D8%A1-%D9%85%D8%AA%D8%AC%D8%B1%D9%83-%D8%A7%D9%84%D8%A7%D9%84%D9%83%D8%AA%D8%B1%D9%88%D9%86%D9%8A-%D8%B9%D9%84%D9%89-shopify-%D8%A8%D8%A7%D8%AD%D8%AA%D8%B1%D8%A7%D9%81%D9%8A%D8%A9-%D8%B9%D8%A7%D9%84%D9%8A%D8%A9,0.0,0,لم يحسب,0,0,$10.00,يوم واحد,0,3,150.0,.Rihab H,https://khamsat.com/user/ayrin_1381,False,بائع جديد,0.0,0,لم يحسب بعد,5,0,لم يحسب
أعمال,https://khamsat.com/business,إدارة المتاجر الإلكترونية,https://khamsat.com/business/store-management,ارسال منتجاتك لمخازن امازون FBA,https://khamsat.com/business/store-management/2995567-%D8%A7%D8%B1%D8%B3%D8%A7%D9%84-%D9%85%D9%86%D8%AA%D8%AC%D8%A7%D8%AA%D9%83-%D9%84%D9%85%D8%AE%D8%A7%D8%B2%D9%86-%D8%A7%D9%85%D8%A7%D8%B2%D9%88%D9%86-fba,0.0,0,لم يحسب,0,0,$10.00,يوم واحد,0,5,40.0,منصور م.,https://khamsat.com/user/mansour_mahmoud_m,True,بائع جديد,0.0,0,لم يحسب بعد,4,0,لم يحسب
أعمال,https://khamsat.com/business,إدارة المتاجر الإلكترونية,https://khamsat.com/business/store-management,إدارة موقع نون من أ-ي تقارير جدولة FBN الايميل,https://khamsat.com/business/store-management/3040429-%D8%A5%D8%AF%D8%A7%D8%B1%D8%A9-%D9%85%D9%88%D9%82%D8%B9-%D9%86%D9%88%D9%86-%D9%85%D9%86-%D8%A3-%D9%8A-%D8%AA%D9%82%D8%A7%D8%B1%D9%8A%D8%B1-%D8%AC%D8%AF%D9%88%D9%84%D8%A9-fbn-%D8%A7%D9%84%D8%A7%D9%8A%D9%85%D9%8A%D9%84,0.0,0,لم يحسب,0,0,$10.00,يومين,0,2,175.0,محمد ع.,https://khamsat.com/user/mohamedadel1986,False,بائع جديد,0.0,0,لم يحسب بعد,1,0,لم يحسب
أعمال,https://khamsat.com/business,إدارة المتاجر الإلكترونية,https://khamsat.com/business/store-management,إدارة متجر سلة باحترافية واتقان,https://khamsat.com/business/store-management/2758269-%D8%A5%D8%AF%D8%A7%D8%B1%D8%A9-%D9%85%D8%AA%D8%AC%D8%B1-%D8%B3%D9%84%D8%A9-%D8%A8%D8%A7%D8%AD%D8%AA%D8%B1%D8%A7%D9%81%D9%8A%D8%A9-%D9%88%D8%A7%D8%AA%D9%82%D8%A7%D9%86,0.0,0,لم يحسب,0,0,$10.00,خمسة أيام,0,2,60.0,.Rana A,https://khamsat.com/user/rana_akram21,True,بائع جديد,0.0,0,لم يحسب بعد,1,0,لم يحسب
أعمال,https://khamsat.com/business,إدارة المتاجر الإلكترونية,https://khamsat.com/business/store-management,إدارة متجر الكتروني على منصة سلة/زد,https://khamsat.com/business/store-management/2039162-%D8%A5%D8%AF%D8%A7%D8%B1%D8%A9-%D9%85%D8%AA%D8%AC%D8%B1-%D8%A7%D9%84%D9%83%D8%AA%D8%B1%D9%88%D9%86%D9%8A-%D8%B9%D9%84%D9%89-%D9%85%D9%86%D8%B5%D8%A9-%D8%B3%D9%84%D8%A9%D8%B2%D8%AF,5.0,1,16 ساعة,1,0,$5.00,يوم واحد,1,2,45.0,.Seham A,https://khamsat.com/user/sehamfoad,True,بائع جديد,5.0,3,72.73%,4,5,10 ساعات
أعمال,https://khamsat.com/business,إدارة المتاجر الإلكترونية,https://khamsat.com/business/store-management,خدمة إدارة متجرك الإلكتروني على منصة سلة بكفاءة واحترافية,https://khamsat.com/business/store-management/2993597-%D8%AE%D8%AF%D9%85%D8%A9-%D8%A5%D8%AF%D8%A7%D8%B1%D8%A9-%D9%85%D8%AA%D8%AC%D8%B1%D9%83-%D8%A7%D9%84%D8%A5%D9%84%D9%83%D8%AA%D8%B1%D9%88%D9%86%D9%8A-%D8%B9%D9%84%D9%89-%D9%85%D9%86%D8%B5%D8%A9-%D8%B3%D9%84%D8%A9-%D8%A8%D9%83%D9%81%D8%A7%D8%A1%D8%A9-%D9%88%D8%A7%D8%AD%D8%AA%D8%B1%D8%A7%D9%81%D9%8A%D8%A9,0.0,0,لم يحسب,0,0,$10.00,يوم واحد,0,4,150.0,سعيد ا.,https://khamsat.com/user/saidouchrif_123,True,بائع جديد,0.0,0,لم يحسب بعد,3,0,لم يحسب
أعمال,https://khamsat.com/business,إدارة المتاجر الإلكترونية,https://khamsat.com/business/store-management,إدارة قنوات مبيعات أون لاين,https://khamsat.com/business/store-management/2825592-%D8%A5%D8%AF%D8%A7%D8%B1%D8%A9-%D9%82%D9%86%D9%88%D8%A7%D8%AA-%D9%85%D8%A8%D9%8A%D8%B9%D8%A7%D8%AA-%D8%A3%D9%88%D9%86-%D9%84%D8%A7%D9%8A%D9%86,0.0,0,لم يحسب,0,0,$5.00,يوم واحد,0,0,0.0,محمد أديب د.,https://khamsat.com/user/mohamad_adib_deebo_0,True,بائع نشيط,0.0,6,92.86%,1,6,7 ساعات
أعمال,https://khamsat.com/business,إدارة المتاجر الإلكترونية,https://khamsat.com/business/store-management,اضف منتجاتك علي موقع امازون وجوميا ونون بأحترافية,https://khamsat.com/business/store-management/3009237-%D8%A7%D8%B6%D9%81-%D9%85%D9%86%D8%AA%D8%AC%D8%A7%D8%AA%D9%83-%D8%B9%D9%84%D9%8A-%D9%85%D9%88%D9%82%D8%B9-%D8%A7%D9%85%D8%A7%D8%B2%D9%88%D9%86-%D9%88%D8%AC%D9%88%D9%85%D9%8A%D8%A7-%D9%88%D9%86%D9%88%D9%86-%D8%A8%D8%A3%D8%AD%D8%AA%D8%B1%D8%A7%D9%81%D9%8A%D8%A9,0.0,0,لم يحسب,0,0,$5.00,يوم واحد,0,3,55.0,عمر ا.,https://khamsat.com/user/omar8_8ahmed,False,بائع جديد,0.0,0,لم يحسب بعد,3,0,لم يحسب
أعمال,https://khamsat.com/business,إدارة المتاجر الإلكترونية,https://khamsat.com/business/store-management,اعداد ملف الشحن وأرسال منتجاتك الى مخازن نون,https://khamsat.com/business/store-management/2773719-%D8%A7%D8%B9%D8%AF%D8%A7%D8%AF-%D9%85%D9%84%D9%81-%D8%A7%D9%84%D8%B4%D8%AD%D9%86-%D9%88%D8%A3%D8%B1%D8%B3%D8%A7%D9%84-%D9%85%D9%86%D8%AA%D8%AC%D8%A7%D8%AA%D9%83-%D8%A7%D9%84%D9%89-%D9%85%D8%AE%D8%A7%D8%B2%D9%86-%D9%86%D9%88%D9%86,0.0,0,لم يحسب,0,0,$10.00,يوم واحد,0,2,30.0,احمد ا.,https://khamsat.com/user/ahmed_shokre,True,بائع جديد,0.0,0,100.0%,5,1,3 ساعات
أعمال,https://khamsat.com/business,إدارة المتاجر الإلكترونية,https://khamsat.com/business/store-management,إدارة المتاجر الإلكترونية ومتابعة الطلبات,https://khamsat.com/business/store-management/2665662-%D8%A5%D8%AF%D8%A7%D8%B1%D8%A9-%D8%A7%D9%84%D9%85%D8%AA%D8%A7%D8%AC%D8%B1-%D8%A7%D9%84%D8%A5%D9%84%D9%83%D8%AA%D8%B1%D9%88%D9%86%D9%8A%D8%A9-%D9%88%D9%85%D8%AA%D8%A7%D8%A8%D8%B9%D8%A9-%D8%A7%D9%84%D8%B7%D9%84%D8%A8%D8%A7%D8%AA,5.0,1,3 ساعات,1,0,$10.00,يوم واحد,1,0,0.0,.Mohameed E,https://khamsat.com/user/mohamed_elkhawaga1,True,بائع جديد,4.0,5,85.71%,4,5,15 ساعة
أعمال,https://khamsat.com/business,إدارة المتاجر الإلكترونية,https://khamsat.com/business/store-management,انشاء خطة شحن امازون FBA أرسال منتجاتك مخازن امازون,https://khamsat.com/business/store-management/2771874-%D8%A7%D9%86%D8%B4%D8%A7%D8%A1-%D8%AE%D8%B7%D8%A9-%D8%B4%D8%AD%D9%86-%D8%A7%D9%85%D8%A7%D8%B2%D9%88%D9%86-fba-%D8%A3%D8%B1%D8%B3%D8%A7%D9%84-%D9%85%D9%86%D8%AA%D8%AC%D8%A7%D8%AA%D9%83-%D9%85%D8%AE%D8%A7%D8%B2%D9%86-%D8%A7%D9%85%D8%A7%D8%B2%D9%88%D9%86,0.0,0,لم يحسب,0,0,$10.00,يوم واحد,0,2,30.0,احمد ا.,https://khamsat.com/user/ahmed_shokre,True,بائع جديد,0.0,0,100.0%,5,1,3 ساعات
أعمال,https://khamsat.com/business,إدارة المتاجر الإلكترونية,https://khamsat.com/business/store-management,إدارة بيانات منتجات بتجارتك الكترونية باحترافية,https://khamsat.com/business/store-management/1964914-%D8%A5%D8%AF%D8%A7%D8%B1%D8%A9-%D8%A8%D9%8A%D8%A7%D9%86%D8%A7%D8%AA-%D9%85%D9%86%D8%AA%D8%AC%D8%A7%D8%AA-%D8%A8%D8%AA%D8%AC%D8%A7%D8%B1%D8%AA%D9%83-%D8%A7%D9%84%D9%83%D8%AA%D8%B1%D9%88%D9%86%D9%8A%D8%A9-%D8%A8%D8%A7%D8%AD%D8%AA%D8%B1%D8%A7%D9%81%D9%8A%D8%A9,0.0,0,ساعة,0,0,$5.00,خمسة أيام,0,1,40.0,صلاح ع.,https://khamsat.com/user/eweb,True,بائع جديد,0.0,0,لم يحسب بعد,3,0,ساعة
أعمال,https://khamsat.com/business,إدارة المتاجر الإلكترونية,https://khamsat.com/business/store-management,إنشاء و إدارة متجر الكتروني في سلة,https://khamsat.com/business/store-management/2603424-%D8%A5%D9%86%D8%B4%D8%A7%D8%A1-%D9%88-%D8%A5%D8%AF%D8%A7%D8%B1%D8%A9-%D9%85%D8%AA%D8%AC%D8%B1-%D8%A7%D9%84%D9%83%D8%AA%D8%B1%D9%88%D9%86%D9%8A-%D9%81%D9%8A-%D8%B3%D9%84%D8%A9,0.0,0,لم يحسب,0,0,$10.00,يوم واحد,0,2,25.0,ساره س.,https://khamsat.com/user/sarah_vo,True,بائع جديد,0.0,1,100.0%,2,1,11 دقيقة
أعمال,https://khamsat.com/business,إدارة المتاجر الإلكترونية,https://khamsat.com/business/store-management,أقوم بالاتصال على ايباي لزيادة عدد منتوجاتك ebay,https://khamsat.com/business/store-management/2788463-%D8%A3%D9%82%D9%88%D9%85-%D8%A8%D8%A7%D9%84%D8%A7%D8%AA%D8%B5%D8%A7%D9%84-%D8%B9%D9%84%D9%89-%D8%A7%D9%8A%D8%A8%D8%A7%D9%8A-%D9%84%D8%B2%D9%8A%D8%A7%D8%AF%D8%A9-%D8%B9%D8%AF%D8%AF-%D9%85%D9%86%D8%AA%D9%88%D8%AC%D8%A7%D8%AA%D9%83-ebay,0.0,0,لم يحسب,0,0,$5.00,يوم واحد,0,0,0.0,.Ahmad F,https://khamsat.com/user/ahmadfool,True,بائع نشيط,0.0,18,54.29%,9,15,21 ساعة
أعمال,https://khamsat.com/business,إدارة المتاجر الإلكترونية,https://khamsat.com/business/store-management,خبير في إدارة متجر أمازون - جوميا - نون,https://khamsat.com/business/store-management/2939211-%D8%AE%D8%A8%D9%8A%D8%B1-%D9%81%D9%8A-%D8%A5%D8%AF%D8%A7%D8%B1%D8%A9-%D9%85%D8%AA%D8%AC%D8%B1-%D8%A3%D9%85%D8%A7%D8%B2%D9%88%D9%86-%D8%AC%D9%88%D9%85%D9%8A%D8%A7-%D9%86%D9%88%D9%86,5.0,1,31 دقيقة,1,0,$25.00,ثلاثة أيام,1,1,100.0,عبدالرحمن خ.,https://khamsat.com/user/abdomantec,True,بائع نشيط,5.0,11,85.71%,4,9,ساعة
أعمال,https://khamsat.com/business,إدارة المتاجر الإلكترونية,https://khamsat.com/business/store-management,إدارة حسابات نون وامازون بشكل كامل للعملاء,https://khamsat.com/business/store-management/3039675-%D8%A5%D8%AF%D8%A7%D8%B1%D8%A9-%D8%AD%D8%B3%D8%A7%D8%A8%D8%A7%D8%AA-%D9%86%D9%88%D9%86-%D9%88%D8%A7%D9%85%D8%A7%D8%B2%D9%88%D9%86-%D8%A8%D8%B4%D9%83%D9%84-%D9%83%D8%A7%D9%85%D9%84-%D9%84%D9%84%D8%B9%D9%85%D9%84%D8%A7%D8%A1,0.0,0,لم يحسب,0,0,$10.00,ثلاثة أيام,0,3,15.0,.Hamad A,https://khamsat.com/user/hamadazim,False,بائع جديد,0.0,0,لم يحسب بعد,1,0,لم يحسب
أعمال,https://khamsat.com/business,إدارة المتاجر الإلكترونية,https://khamsat.com/business/store-management,إدارة متجرك الإلكتروني على منصة سلة السعودية,https://khamsat.com/business/store-management/2870296-%D8%A5%D8%AF%D8%A7%D8%B1%D8%A9-%D9%85%D8%AA%D8%AC%D8%B1%D9%83-%D8%A7%D9%84%D8%A5%D9%84%D9%83%D8%AA%D8%B1%D9%88%D9%86%D9%8A-%D8%B9%D9%84%D9%89-%D9%85%D9%86%D8%B5%D8%A9-%D8%B3%D9%84%D8%A9-%D8%A7%D9%84%D8%B3%D8%B9%D9%88%D8%AF%D9%8A%D8%A9,1.0,1,يوم,1,0,$10.00,ثلاثة أيام,1,5,55.0,محمد ع.,https://khamsat.com/user/mohamed_ahdy1985,True,بائع مميز,4.5,38,93.15%,9,47,4 ساعات
أعمال,https://khamsat.com/business,استشارات التجارة الإلكترونية,https://khamsat.com/business/ecommerce-consultation,استشارة في متجر امازون او نون,https://khamsat.com/business/ecommerce-consultation/2987042-%D8%A7%D8%B3%D8%AA%D8%B4%D8%A7%D8%B1%D8%A9-%D9%81%D9%8A-%D9%85%D8%AA%D8%AC%D8%B1-%D8%A7%D9%85%D8%A7%D8%B2%D9%88%D9%86-%D8%A7%D9%88-%D9%86%D9%88%D9%86,5.0,5,14 دقيقة,5,0,$15.00,يوم واحد,5,3,200.0,عبدالرحمن خ.,https://khamsat.com/user/abdomantec,True,بائع نشيط,5.0,11,85.71%,4,9,ساعة
أعمال,https://khamsat.com/business,استشارات التجارة الإلكترونية,https://khamsat.com/business/ecommerce-consultation,استشارة لتحسين مبيعاتك على مواقع التواصل الاجتماعي,https://khamsat.com/business/ecommerce-consultation/2657886-%D8%A7%D8%B3%D8%AA%D8%B4%D8%A7%D8%B1%D8%A9-%D9%84%D8%AA%D8%AD%D8%B3%D9%8A%D9%86-%D9%85%D8%A8%D9%8A%D8%B9%D8%A7%D8%AA%D9%83-%D8%B9%D9%84%D9%89-%D9%85%D9%88%D8%A7%D9%82%D8%B9-%D8%A7%D9%84%D8%AA%D9%88%D8%A7%D8%B5%D9%84-%D8%A7%D9%84%D8%A7%D8%AC%D8%AA%D9%85%D8%A7%D8%B9%D9%8A,5.0,4,13 ساعة,4,0,$25.00,يوم واحد,4,0,0.0,.Rahma A,https://khamsat.com/user/rahmaali10,True,بائع نشيط,5.0,15,100.0%,4,15,6 ساعات
أعمال,https://khamsat.com/business,استشارات التجارة الإلكترونية,https://khamsat.com/business/ecommerce-consultation,سأجيب عن كافة استفساراتك عن علي بابا و علي أكسبريس,https://khamsat.com/business/ecommerce-consultation/2758049-%D8%B3%D8%A3%D8%AC%D9%8A%D8%A8-%D8%B9%D9%86-%D9%83%D8%A7%D9%81%D8%A9-%D8%A7%D8%B3%D8%AA%D9%81%D8%B3%D8%A7%D8%B1%D8%A7%D8%AA%D9%83-%D8%B9%D9%86-%D8%B9%D9%84%D9%8A-%D8%A8%D8%A7%D8%A8%D8%A7-%D9%88-%D8%B9%D9%84%D9%8A-%D8%A3%D9%83%D8%B3%D8%A8%D8%B1%D9%8A%D8%B3,5.0,8,28 دقيقة,8,0,$10.00,يوم واحد,8,1,5.0,.Mohamad D,https://khamsat.com/user/dani095,True,مشتري مميز,5.0,10,84.62%,6,11,15 ساعة
أعمال,https://khamsat.com/business,استشارات التجارة الإلكترونية,https://khamsat.com/business/ecommerce-consultation,استشارة في البيع على مواقع الطباعة عند الطلب,https://khamsat.com/business/ecommerce-consultation/2669159-%D8%A7%D8%B3%D8%AA%D8%B4%D8%A7%D8%B1%D8%A9-%D9%81%D9%8A-%D8%A7%D9%84%D8%A8%D9%8A%D8%B9-%D8%B9%D9%84%D9%89-%D9%85%D9%88%D8%A7%D9%82%D8%B9-%D8%A7%D9%84%D8%B7%D8%A8%D8%A7%D8%B9%D8%A9-%D8%B9%D9%86%D8%AF-%D8%A7%D9%84%D8%B7%D9%84%D8%A8,5.0,2,21 دقيقة,2,0,$5.00,يوم واحد,2,1,5.0,.Mohammad K,https://khamsat.com/user/mohammad_koweka,True,بائع جديد,5.0,3,100.0%,5,3,28 دقيقة
أعمال,https://khamsat.com/business,استشارات التجارة الإلكترونية,https://khamsat.com/business/ecommerce-consultation,مساعدك الشخصي في أستيراد شحنتك من الصين,https://khamsat.com/business/ecommerce-consultation/2883375-%D9%85%D8%B3%D8%A7%D8%B9%D8%AF%D9%83-%D8%A7%D9%84%D8%B4%D8%AE%D8%B5%D9%8A-%D9%81%D9%8A-%D8%A3%D8%B3%D8%AA%D9%8A%D8%B1%D8%A7%D8%AF-%D8%B4%D8%AD%D9%86%D8%AA%D9%83-%D9%85%D9%86-%D8%A7%D9%84%D8%B5%D9%8A%D9%86,0.0,0,أقل من دقيقة,1,0,$10.00,يوم واحد,0,2,40.0,.Mohamad D,https://khamsat.com/user/dani095,True,مشتري مميز,5.0,10,84.62%,6,11,15 ساعة
أعمال,https://khamsat.com/business,استشارات التجارة الإلكترونية,https://khamsat.com/business/ecommerce-consultation,نصائح تساعدك بنمو متجرك بسلة,https://khamsat.com/business/ecommerce-consultation/2775317-%D9%86%D8%B5%D8%A7%D8%A6%D8%AD-%D8%AA%D8%B3%D8%A7%D8%B9%D8%AF%D9%83-%D8%A8%D9%86%D9%85%D9%88-%D9%85%D8%AA%D8%AC%D8%B1%D9%83-%D8%A8%D8%B3%D9%84%D8%A9,5.0,1,14 دقيقة,1,0,$10.00,يوم واحد,1,0,0.0,.Hani A,https://khamsat.com/user/whiteriver,True,مشتري جاد,5.0,1,100.0%,2,1,14 دقيقة
أعمال,https://khamsat.com/business,استشارات التجارة الإلكترونية,https://khamsat.com/business/ecommerce-consultation,أسئلة أجيب عنها عن الإستيراد من علي بابا والبيع على أمازون,https://khamsat.com/business/ecommerce-consultation/2208812-%D8%A3%D8%B3%D8%A6%D9%84%D8%A9-%D8%A3%D8%AC%D9%8A%D8%A8-%D8%B9%D9%86%D9%87%D8%A7-%D8%B9%D9%86-%D8%A7%D9%84%D8%A5%D8%B3%D8%AA%D9%8A%D8%B1%D8%A7%D8%AF-%D9%85%D9%86-%D8%B9%D9%84%D9%8A-%D8%A8%D8%A7%D8%A8%D8%A7-%D9%88%D8%A7%D9%84%D8%A8%D9%8A%D8%B9-%D8%B9%D9%84%D9%89-%D8%A3%D9%85%D8%A7%D8%B2%D9%88%D9%86,5.0,3,9 ساعات,3,0,$5.00,يوم واحد,3,3,230.0,.Mouslem K,https://khamsat.com/user/mos24,True,بائع مميز,4.5,48,83.33%,3,55,يوم
أعمال,https://khamsat.com/business,استشارات التجارة الإلكترونية,https://khamsat.com/business/ecommerce-consultation,استشارة لإطلاق حملة إعلانية على جوجل أو فيسبوك,https://khamsat.com/business/ecommerce-consultation/3052331-%D8%A7%D8%B3%D8%AA%D8%B4%D8%A7%D8%B1%D8%A9-%D9%84%D8%A5%D8%B7%D9%84%D8%A7%D9%82-%D8%AD%D9%85%D9%84%D8%A9-%D8%A5%D8%B9%D9%84%D8%A7%D9%86%D9%8A%D8%A9-%D8%B9%D9%84%D9%89-%D8%AC%D9%88%D8%AC%D9%84-%D8%A3%D9%88-%D9%81%D9%8A%D8%B3%D8%A8%D9%88%D9%83,0.0,0,لم يحسب,0,0,$5.00,يوم واحد,0,3,125.0,.Mohamed A,https://khamsat.com/user/mohamedamer1,True,مشتري جديد,0.0,0,لم يحسب بعد,3,0,لم يحسب
أعمال,https://khamsat.com/business,استشارات التجارة الإلكترونية,https://khamsat.com/business/ecommerce-consultation,استشارة لإنشاء خطة شحن إلى مخازن أمازون,https://khamsat.com/business/ecommerce-consultation/3052334-%D8%A7%D8%B3%D8%AA%D8%B4%D8%A7%D8%B1%D8%A9-%D9%84%D8%A5%D9%86%D8%B4%D8%A7%D8%A1-%D8%AE%D8%B7%D8%A9-%D8%B4%D8%AD%D9%86-%D8%A5%D9%84%D9%89-%D9%85%D8%AE%D8%A7%D8%B2%D9%86-%D8%A3%D9%85%D8%A7%D8%B2%D9%88%D9%86,0.0,0,لم يحسب,0,0,$5.00,يومين,0,3,15.0,.Mohamed A,https://khamsat.com/user/mohamedamer1,True,مشتري جديد,0.0,0,لم يحسب بعد,3,0,لم يحسب
أعمال,https://khamsat.com/business,استشارات التجارة الإلكترونية,https://khamsat.com/business/ecommerce-consultation,تعلم طريقة انشاء متجر الكتروني على منصة سلة,https://khamsat.com/business/ecommerce-consultation/2623526-%D8%AA%D8%B9%D9%84%D9%85-%D8%B7%D8%B1%D9%8A%D9%82%D8%A9-%D8%A7%D9%86%D8%B4%D8%A7%D8%A1-%D9%85%D8%AA%D8%AC%D8%B1-%D8%A7%D9%84%D9%83%D8%AA%D8%B1%D9%88%D9%86%D9%8A-%D8%B9%D9%84%D9%89-%D9%85%D9%86%D8%B5%D8%A9-%D8%B3%D9%84%D8%A9,0.0,0,32 دقيقة,0,0,$10.00,يوم واحد,0,1,5.0,حسام ح.,https://khamsat.com/user/abdallah2022a,True,بائع مميز,4.5,62,92.86%,15,127,ساعة
أعمال,https://khamsat.com/business,استشارات التجارة الإلكترونية,https://khamsat.com/business/ecommerce-consultation,إبدأ التجارة الإلكترونية برأس مال صفر، إعرف الطريقة المختصرة,https://khamsat.com/business/ecommerce-consultation/2982836-%D8%A5%D8%A8%D8%AF%D8%A3-%D8%A7%D9%84%D8%AA%D8%AC%D8%A7%D8%B1%D8%A9-%D8%A7%D9%84%D8%A5%D9%84%D9%83%D8%AA%D8%B1%D9%88%D9%86%D9%8A%D8%A9-%D8%A8%D8%B1%D8%A3%D8%B3-%D9%85%D8%A7%D9%84-%D8%B5%D9%81%D8%B1-%D8%A5%D8%B9%D8%B1%D9%81-%D8%A7%D9%84%D8%B7%D8%B1%D9%8A%D9%82%D8%A9-%D8%A7%D9%84%D9%85%D8%AE%D8%AA%D8%B5%D8%B1%D8%A9,0.0,0,لم يحسب,0,0,$10.00,يومين,0,1,10.0,محمد ز.,https://khamsat.com/user/zeido80,True,بائع جديد,0.0,1,100.0%,5,1,ساعتين
أعمال,https://khamsat.com/business,استشارات التجارة الإلكترونية,https://khamsat.com/business/ecommerce-consultation,كيفية تأسيس الشركة الامريكية والنصائح والارشادات الخاصة به,https://khamsat.com/business/ecommerce-consultation/2730709-%D9%83%D9%8A%D9%81%D9%8A%D8%A9-%D8%AA%D8%A3%D8%B3%D9%8A%D8%B3-%D8%A7%D9%84%D8%B4%D8%B1%D9%83%D8%A9-%D8%A7%D9%84%D8%A7%D9%85%D8%B1%D9%8A%D9%83%D9%8A%D8%A9-%D9%88%D8%A7%D9%84%D9%86%D8%B5%D8%A7%D8%A6%D8%AD-%D9%88%D8%A7%D9%84%D8%A7%D8%B1%D8%B4%D8%A7%D8%AF%D8%A7%D8%AA-%D8%A7%D9%84%D8%AE%D8%A7%D8%B5%D8%A9-%D8%A8%D9%87,0.0,0,لم يحسب,0,0,$10.00,يومين,0,0,0.0,محمد ز.,https://khamsat.com/user/zeido80,True,بائع جديد,0.0,1,100.0%,5,1,ساعتين
أعمال,https://khamsat.com/business,استشارات التجارة الإلكترونية,https://khamsat.com/business/ecommerce-consultation,مراجعة موقعك الالكترونى و تزويدك بالنصائح و الارشادات,https://khamsat.com/business/ecommerce-consultation/2731564-%D9%85%D8%B1%D8%A7%D8%AC%D8%B9%D8%A9-%D9%85%D9%88%D9%82%D8%B9%D9%83-%D8%A7%D9%84%D8%A7%D9%84%D9%83%D8%AA%D8%B1%D9%88%D9%86%D9%89-%D9%88-%D8%AA%D8%B2%D9%88%D9%8A%D8%AF%D9%83-%D8%A8%D8%A7%D9%84%D9%86%D8%B5%D8%A7%D8%A6%D8%AD-%D9%88-%D8%A7%D9%84%D8%A7%D8%B1%D8%B4%D8%A7%D8%AF%D8%A7%D8%AA,0.0,0,لم يحسب,0,0,$10.00,يومين,0,0,0.0,محمد ز.,https://khamsat.com/user/zeido80,True,بائع جديد,0.0,1,100.0%,5,1,ساعتين
أعمال,https://khamsat.com/business,استشارات التجارة الإلكترونية,https://khamsat.com/business/ecommerce-consultation,عمل خطة شحن امازون FBA متكاملة ومنظمة,https://khamsat.com/business/ecommerce-consultation/2929448-%D8%B9%D9%85%D9%84-%D8%AE%D8%B7%D8%A9-%D8%B4%D8%AD%D9%86-%D8%A7%D9%85%D8%A7%D8%B2%D9%88%D9%86-fba-%D9%85%D8%AA%D9%83%D8%A7%D9%85%D9%84%D8%A9-%D9%88%D9%85%D9%86%D8%B8%D9%85%D8%A9,0.0,0,لم يحسب,0,0,$10.00,يوم واحد,0,0,0.0,.Mashaal A,https://khamsat.com/user/mashaal_ivi,False,بائع جديد,0.0,0,لم يحسب بعد,4,0,لم يحسب
أعمال,https://khamsat.com/business,استشارات التجارة الإلكترونية,https://khamsat.com/business/ecommerce-consultation,استشارات فنيه في التجارة الالكترونية,https://khamsat.com/business/ecommerce-consultation/2974324-%D8%A7%D8%B3%D8%AA%D8%B4%D8%A7%D8%B1%D8%A7%D8%AA-%D9%81%D9%86%D9%8A%D9%87-%D9%81%D9%8A-%D8%A7%D9%84%D8%AA%D8%AC%D8%A7%D8%B1%D8%A9-%D8%A7%D9%84%D8%A7%D9%84%D9%83%D8%AA%D8%B1%D9%88%D9%86%D9%8A%D8%A9,0.0,0,لم يحسب,0,0,$10.00,شهر,0,0,0.0,.Samar B,https://khamsat.com/user/samarbeheery,True,بائع جديد,5.0,1,66.67%,3,1,3 ساعات
أعمال,https://khamsat.com/business,استشارات التجارة الإلكترونية,https://khamsat.com/business/ecommerce-consultation,استشارات وتدريب على التجارة الإلكترونية ( سلة + زد ),https://khamsat.com/business/ecommerce-consultation/2659795-%D8%A7%D8%B3%D8%AA%D8%B4%D8%A7%D8%B1%D8%A7%D8%AA-%D9%88%D8%AA%D8%AF%D8%B1%D9%8A%D8%A8-%D8%B9%D9%84%D9%89-%D8%A7%D9%84%D8%AA%D8%AC%D8%A7%D8%B1%D8%A9-%D8%A7%D9%84%D8%A5%D9%84%D9%83%D8%AA%D8%B1%D9%88%D9%86%D9%8A%D8%A9-%D8%B3%D9%84%D8%A9-%D8%B2%D8%AF,0.0,0,لم يحسب,0,0,$5.00,يوم واحد,0,3,140.0,عــبدالعزيز م.,https://khamsat.com/user/abdulaziz_66,False,مشتري مميز,0.0,0,لم يحسب بعد,1,0,لم يحسب
أعمال,https://khamsat.com/business,استشارات التجارة الإلكترونية,https://khamsat.com/business/ecommerce-consultation,تحليل وتقييم متجرك أو موقعك ومنحك طرق تحسينه وتطويره,https://khamsat.com/business/ecommerce-consultation/1859849-%D8%AA%D8%AD%D9%84%D9%8A%D9%84-%D9%88%D8%AA%D9%82%D9%8A%D9%8A%D9%85-%D9%85%D8%AA%D8%AC%D8%B1%D9%83-%D8%A3%D9%88-%D9%85%D9%88%D9%82%D8%B9%D9%83-%D9%88%D9%85%D9%86%D8%AD%D9%83-%D8%B7%D8%B1%D9%82-%D8%AA%D8%AD%D8%B3%D9%8A%D9%86%D9%87-%D9%88%D8%AA%D8%B7%D9%88%D9%8A%D8%B1%D9%87,0.0,0,4 ساعات,0,0,$5.00,يومين,0,4,90.0,.Mahmoud M,https://khamsat.com/user/ahme_1996,True,بائع نشيط,5.0,13,86.84%,8,23,6 ساعات
أعمال,https://khamsat.com/business,استشارات التجارة الإلكترونية,https://khamsat.com/business/ecommerce-consultation,شرح العمل علي منصة أمازون FBA,https://khamsat.com/business/ecommerce-consultation/2204554-%D8%B4%D8%B1%D8%AD-%D8%A7%D9%84%D8%B9%D9%85%D9%84-%D8%B9%D9%84%D9%8A-%D9%85%D9%86%D8%B5%D8%A9-%D8%A3%D9%85%D8%A7%D8%B2%D9%88%D9%86-fba,5.0,2,15 ساعة,4,0,$20.00,يوم واحد,2,3,45.0,.Mohamed Ehab M,https://khamsat.com/user/rockmaster,True,بائع نشيط,5.0,17,70.0%,4,30,4 ساعات
أعمال,https://khamsat.com/business,استشارات التجارة الإلكترونية,https://khamsat.com/business/ecommerce-consultation,إستشارات حول البيع على أمازون,https://khamsat.com/business/ecommerce-consultation/1579294-%D8%A5%D8%B3%D8%AA%D8%B4%D8%A7%D8%B1%D8%A7%D8%AA-%D8%AD%D9%88%D9%84-%D8%A7%D9%84%D8%A8%D9%8A%D8%B9-%D8%B9%D9%84%D9%89-%D8%A3%D9%85%D8%A7%D8%B2%D9%88%D9%86,4.5,27,يومين,33,1,$5.00,يوم واحد,25,4,175.0,.Mouslem K,https://khamsat.com/user/mos24,True,بائع مميز,4.5,48,83.33%,3,55,يوم
أعمال,https://khamsat.com/business,استشارات التجارة الإلكترونية,https://khamsat.com/business/ecommerce-consultation,اختبارات تجربة المستخدم وكتابة تقارير احترافية لتحسين موقعك,https://khamsat.com/business/ecommerce-consultation/3003758-%D8%A7%D8%AE%D8%AA%D8%A8%D8%A7%D8%B1%D8%A7%D8%AA-%D8%AA%D8%AC%D8%B1%D8%A8%D8%A9-%D8%A7%D9%84%D9%85%D8%B3%D8%AA%D8%AE%D8%AF%D9%85-%D9%88%D9%83%D8%AA%D8%A7%D8%A8%D8%A9-%D8%AA%D9%82%D8%A7%D8%B1%D9%8A%D8%B1-%D8%A7%D8%AD%D8%AA%D8%B1%D8%A7%D9%81%D9%8A%D8%A9-%D9%84%D8%AA%D8%AD%D8%B3%D9%8A%D9%86-%D9%85%D9%88%D9%82%D8%B9%D9%83,0.0,0,لم يحسب,0,0,$10.00,يوم واحد,0,0,0.0,.Abdelrahman S,https://khamsat.com/user/abdelrahmanifsm,True,بائع جديد,0.0,0,لم يحسب بعد,3,0,لم يحسب
أعمال,https://khamsat.com/business,استشارات التجارة الإلكترونية,https://khamsat.com/business/ecommerce-consultation,سأعطيك أسئلة وأجوبة التي تطرح من طرف ايباي لتجاوز تعليق حساب,https://khamsat.com/business/ecommerce-consultation/2618013-%D8%B3%D8%A3%D8%B9%D8%B7%D9%8A%D9%83-%D8%A3%D8%B3%D8%A6%D9%84%D8%A9-%D9%88%D8%A3%D8%AC%D9%88%D8%A8%D8%A9-%D8%A7%D9%84%D8%AA%D9%8A-%D8%AA%D8%B7%D8%B1%D8%AD-%D9%85%D9%86-%D8%B7%D8%B1%D9%81-%D8%A7%D9%8A%D8%A8%D8%A7%D9%8A-%D9%84%D8%AA%D8%AC%D8%A7%D9%88%D8%B2-%D8%AA%D8%B9%D9%84%D9%8A%D9%82-%D8%AD%D8%B3%D8%A7%D8%A8,5.0,3,دقيقتين,3,0,$25.00,يوم واحد,3,3,135.0,.Khader E,https://khamsat.com/user/khader-boh,True,بائع نشيط,5.0,16,91.67%,10,18,8 ساعات
أعمال,https://khamsat.com/business,استشارات التجارة الإلكترونية,https://khamsat.com/business/ecommerce-consultation,استشارات حول التجارة الإلكترونية و مشروعك و إعلانات فيسبوك,https://khamsat.com/business/ecommerce-consultation/2574298-%D8%A7%D8%B3%D8%AA%D8%B4%D8%A7%D8%B1%D8%A7%D8%AA-%D8%AD%D9%88%D9%84-%D8%A7%D9%84%D8%AA%D8%AC%D8%A7%D8%B1%D8%A9-%D8%A7%D9%84%D8%A5%D9%84%D9%83%D8%AA%D8%B1%D9%88%D9%86%D9%8A%D8%A9-%D9%88-%D9%85%D8%B4%D8%B1%D9%88%D8%B9%D9%83-%D9%88-%D8%A5%D8%B9%D9%84%D8%A7%D9%86%D8%A7%D8%AA-%D9%81%D9%8A%D8%B3%D8%A8%D9%88%D9%83,0.0,0,21 دقيقة,0,0,$10.00,يوم واحد,0,3,95.0,.Abd Errahmane Houssam B,https://khamsat.com/user/hoho87,True,بائع جديد,3.5,3,77.78%,5,6,54 دقيقة
أعمال,https://khamsat.com/business,استشارات التجارة الإلكترونية,https://khamsat.com/business/ecommerce-consultation,إستشارة خاصة بمشاكل الشركة الأمريكية و قوانينها و حلولها,https://khamsat.com/business/ecommerce-consultation/2978379-%D8%A5%D8%B3%D8%AA%D8%B4%D8%A7%D8%B1%D8%A9-%D8%AE%D8%A7%D8%B5%D8%A9-%D8%A8%D9%85%D8%B4%D8%A7%D9%83%D9%84-%D8%A7%D9%84%D8%B4%D8%B1%D9%83%D8%A9-%D8%A7%D9%84%D8%A3%D9%85%D8%B1%D9%8A%D9%83%D9%8A%D8%A9-%D9%88-%D9%82%D9%88%D8%A7%D9%86%D9%8A%D9%86%D9%87%D8%A7-%D9%88-%D8%AD%D9%84%D9%88%D9%84%D9%87%D8%A7,0.0,0,لم يحسب,0,0,$10.00,ثلاثة أيام,0,4,40.0,محمد ز.,https://khamsat.com/user/zeido80,True,بائع جديد,0.0,1,100.0%,5,1,ساعتين
أعمال,https://khamsat.com/business,استشارات التجارة الإلكترونية,https://khamsat.com/business/ecommerce-consultation,دورة عربية متخصصة كيف تعمل دروبشبينج بشكل احترافي على eBay,https://khamsat.com/business/ecommerce-consultation/2707697-%D8%AF%D9%88%D8%B1%D8%A9-%D8%B9%D8%B1%D8%A8%D9%8A%D8%A9-%D9%85%D8%AA%D8%AE%D8%B5%D8%B5%D8%A9-%D9%83%D9%8A%D9%81-%D8%AA%D8%B9%D9%85%D9%84-%D8%AF%D8%B1%D9%88%D8%A8%D8%B4%D8%A8%D9%8A%D9%86%D8%AC-%D8%A8%D8%B4%D9%83%D9%84-%D8%A7%D8%AD%D8%AA%D8%B1%D8%A7%D9%81%D9%8A-%D8%B9%D9%84%D9%89-ebay,0.0,0,لم يحسب,0,0,$25.00,يوم واحد,0,0,0.0,.Anouar N,https://khamsat.com/user/anouar-nahal,True,بائع نشيط,5.0,12,85.71%,8,27,13 ساعة
أعمال,https://khamsat.com/business,استشارات التجارة الإلكترونية,https://khamsat.com/business/ecommerce-consultation,استشاره او خدمه بخصوص التمويل الشخصي في الإمارات,https://khamsat.com/business/ecommerce-consultation/2938273-%D8%A7%D8%B3%D8%AA%D8%B4%D8%A7%D8%B1%D9%87-%D8%A7%D9%88-%D8%AE%D8%AF%D9%85%D9%87-%D8%A8%D8%AE%D8%B5%D9%88%D8%B5-%D8%A7%D9%84%D8%AA%D9%85%D9%88%D9%8A%D9%84-%D8%A7%D9%84%D8%B4%D8%AE%D8%B5%D9%8A-%D9%81%D9%8A-%D8%A7%D9%84%D8%A5%D9%85%D8%A7%D8%B1%D8%A7%D8%AA,0.0,0,لم يحسب,0,0,$10.00,يوم واحد,0,0,0.0,.Omar F,https://khamsat.com/user/omar_f94,False,بائع جديد,0.0,0,لم يحسب بعد,1,0,لم يحسب
أعمال,https://khamsat.com/business,استشارات التجارة الإلكترونية,https://khamsat.com/business/ecommerce-consultation,استشارات نشر الكتب على أمازون KDP لزيادة المبيعات,https://khamsat.com/business/ecommerce-consultation/2948406-%D8%A7%D8%B3%D8%AA%D8%B4%D8%A7%D8%B1%D8%A7%D8%AA-%D9%86%D8%B4%D8%B1-%D8%A7%D9%84%D9%83%D8%AA%D8%A8-%D8%B9%D9%84%D9%89-%D8%A3%D9%85%D8%A7%D8%B2%D9%88%D9%86-kdp-%D9%84%D8%B2%D9%8A%D8%A7%D8%AF%D8%A9-%D8%A7%D9%84%D9%85%D8%A8%D9%8A%D8%B9%D8%A7%D8%AA,0.0,0,لم يحسب,0,0,$10.00,يومين,0,2,25.0,تقى ن.,https://khamsat.com/user/tuqa_nezar,False,بائع جديد,0.0,0,لم يحسب بعد,3,0,لم يحسب
أعمال,https://khamsat.com/business,استشارات التجارة الإلكترونية,https://khamsat.com/business/ecommerce-consultation,أهمية تأسيس شركة أمريكية للتوسع فى التجارة الإلكترونية دوليا,https://khamsat.com/business/ecommerce-consultation/2982732-%D8%A3%D9%87%D9%85%D9%8A%D8%A9-%D8%AA%D8%A3%D8%B3%D9%8A%D8%B3-%D8%B4%D8%B1%D9%83%D8%A9-%D8%A3%D9%85%D8%B1%D9%8A%D9%83%D9%8A%D8%A9-%D9%84%D9%84%D8%AA%D9%88%D8%B3%D8%B9-%D9%81%D9%89-%D8%A7%D9%84%D8%AA%D8%AC%D8%A7%D8%B1%D8%A9-%D8%A7%D9%84%D8%A5%D9%84%D9%83%D8%AA%D8%B1%D9%88%D9%86%D9%8A%D8%A9-%D8%AF%D9%88%D9%84%D9%8A%D8%A7,0.0,0,لم يحسب,0,0,$10.00,يومين,0,4,20.0,محمد ز.,https://khamsat.com/user/zeido80,True,بائع جديد,0.0,1,100.0%,5,1,ساعتين
أعمال,https://khamsat.com/business,استشارات التجارة الإلكترونية,https://khamsat.com/business/ecommerce-consultation,مراجعة حساب البائع على منصة امازون و المطالبة بالتعويضات FBA,https://khamsat.com/business/ecommerce-consultation/2876676-%D9%85%D8%B1%D8%A7%D8%AC%D8%B9%D8%A9-%D8%AD%D8%B3%D8%A7%D8%A8-%D8%A7%D9%84%D8%A8%D8%A7%D8%A6%D8%B9-%D8%B9%D9%84%D9%89-%D9%85%D9%86%D8%B5%D8%A9-%D8%A7%D9%85%D8%A7%D8%B2%D9%88%D9%86-%D9%88-%D8%A7%D9%84%D9%85%D8%B7%D8%A7%D9%84%D8%A8%D8%A9-%D8%A8%D8%A7%D9%84%D8%AA%D8%B9%D9%88%D9%8A%D8%B6%D8%A7%D8%AA-fba,0.0,0,لم يحسب,0,0,$10.00,ثلاثة أيام,0,0,0.0,محمد ف.,https://khamsat.com/user/arba7-cash,True,مشتري جديد,0.0,3,18.18%,1,2,4 ساعات
أعمال,https://khamsat.com/business,استشارات التجارة الإلكترونية,https://khamsat.com/business/ecommerce-consultation,تنسيق شحنتك من الصين الى أمازون,https://khamsat.com/business/ecommerce-consultation/2799730-%D8%AA%D9%86%D8%B3%D9%8A%D9%82-%D8%B4%D8%AD%D9%86%D8%AA%D9%83-%D9%85%D9%86-%D8%A7%D9%84%D8%B5%D9%8A%D9%86-%D8%A7%D9%84%D9%89-%D8%A3%D9%85%D8%A7%D8%B2%D9%88%D9%86,0.0,0,لم يحسب,0,0,$10.00,ثلاثة أيام,0,0,0.0,.Mohamad D,https://khamsat.com/user/dani095,True,مشتري مميز,5.0,10,84.62%,6,11,15 ساعة
أعمال,https://khamsat.com/business,استشارات التجارة الإلكترونية,https://khamsat.com/business/ecommerce-consultation,قائمة 20 خطأ لا تعملها نهائيا تؤدي إلى تعليق حسابك أيباي.,https://khamsat.com/business/ecommerce-consultation/1455142-%D9%82%D8%A7%D8%A6%D9%85%D8%A9-20-%D8%AE%D8%B7%D8%A3-%D9%84%D8%A7-%D8%AA%D8%B9%D9%85%D9%84%D9%87%D8%A7-%D9%86%D9%87%D8%A7%D8%A6%D9%8A%D8%A7-%D8%AA%D8%A4%D8%AF%D9%8A-%D8%A5%D9%84%D9%89-%D8%AA%D8%B9%D9%84%D9%8A%D9%82-%D8%AD%D8%B3%D8%A7%D8%A8%D9%83-%D8%A3%D9%8A%D8%A8%D8%A7%D9%8A,5.0,2,6 ساعات,2,0,$5.00,يوم واحد,2,2,20.0,.Anouar N,https://khamsat.com/user/anouar-nahal,True,بائع نشيط,5.0,12,85.71%,8,27,13 ساعة
أعمال,https://khamsat.com/business,خدمة العملاء,https://khamsat.com/business/customer-support,توفير الدعم وخدمة العملاء في اليوم,https://khamsat.com/business/customer-support/1917297-%D8%AA%D9%88%D9%81%D9%8A%D8%B1-%D8%A7%D9%84%D8%AF%D8%B9%D9%85-%D9%88%D8%AE%D8%AF%D9%85%D8%A9-%D8%A7%D9%84%D8%B9%D9%85%D9%84%D8%A7%D8%A1-%D9%81%D9%8A-%D8%A7%D9%84%D9%8A%D9%88%D9%85,5.0,3,3 ساعات,4,0,$5.00,يوم واحد,3,2,150.0,مريم ف.,https://khamsat.com/user/maryamferwana,True,بائع نشيط,5.0,7,96.15%,4,7,ساعتين
أعمال,https://khamsat.com/business,خدمة العملاء,https://khamsat.com/business/customer-support,خدمة العملاء والدعم الفني,https://khamsat.com/business/customer-support/2785530-%D8%AE%D8%AF%D9%85%D8%A9-%D8%A7%D9%84%D8%B9%D9%85%D9%84%D8%A7%D8%A1-%D9%88%D8%A7%D9%84%D8%AF%D8%B9%D9%85-%D8%A7%D9%84%D9%81%D9%86%D9%8A,0.0,0,لم يحسب,1,0,$25.00,يوم واحد,0,0,0.0,.Heba F,https://khamsat.com/user/golden_section,True,بائع نشيط,5.0,11,86.49%,6,17,ساعة
أعمال,https://khamsat.com/business,خدمة العملاء,https://khamsat.com/business/customer-support,خدمة عملاء و دعم فني لشركتك,https://khamsat.com/business/customer-support/2674372-%D8%AE%D8%AF%D9%85%D8%A9-%D8%B9%D9%85%D9%84%D8%A7%D8%A1-%D9%88-%D8%AF%D8%B9%D9%85-%D9%81%D9%86%D9%8A-%D9%84%D8%B4%D8%B1%D9%83%D8%AA%D9%83,5.0,1,15 دقيقة,1,0,$5.00,يوم واحد,1,2,60.0,آية س.,https://khamsat.com/user/hg30,True,بائع نشيط,5.0,12,86.49%,4,14,ساعة
أعمال,https://khamsat.com/business,خدمة العملاء,https://khamsat.com/business/customer-support,خدمة عملاء عبر متجر سلة والمتابعة معهم,https://khamsat.com/business/customer-support/2524690-%D8%AE%D8%AF%D9%85%D8%A9-%D8%B9%D9%85%D9%84%D8%A7%D8%A1-%D8%B9%D8%A8%D8%B1-%D9%85%D8%AA%D8%AC%D8%B1-%D8%B3%D9%84%D8%A9-%D9%88%D8%A7%D9%84%D9%85%D8%AA%D8%A7%D8%A8%D8%B9%D8%A9-%D9%85%D8%B9%D9%87%D9%85,5.0,1,9 ساعات,1,0,$25.00,أسبوع,1,0,0.0,.Zeina M,https://khamsat.com/user/zeinamhlla,True,بائع مميز,5.0,18,96.88%,3,19,8 ساعات
أعمال,https://khamsat.com/business,خدمة العملاء,https://khamsat.com/business/customer-support,نموذج تقييم الاداء المحترف,https://khamsat.com/business/customer-support/2880970-%D9%86%D9%85%D9%88%D8%B0%D8%AC-%D8%AA%D9%82%D9%8A%D9%8A%D9%85-%D8%A7%D9%84%D8%A7%D8%AF%D8%A7%D8%A1-%D8%A7%D9%84%D9%85%D8%AD%D8%AA%D8%B1%D9%81,5.0,2,ساعة,3,0,$40.00,يوم واحد,2,2,15.0,.Ahmed A,https://khamsat.com/user/ahmed_sharaf2,True,بائع مميز,4.5,51,94.03%,14,55,9 ساعات
أعمال,https://khamsat.com/business,خدمة العملاء,https://khamsat.com/business/customer-support,مساعدة ادارية وسكرتيرة افتراضية,https://khamsat.com/business/customer-support/2890902-%D9%85%D8%B3%D8%A7%D8%B9%D8%AF%D8%A9-%D8%A7%D8%AF%D8%A7%D8%B1%D9%8A%D8%A9-%D9%88%D8%B3%D9%83%D8%B1%D8%AA%D9%8A%D8%B1%D8%A9-%D8%A7%D9%81%D8%AA%D8%B1%D8%A7%D8%B6%D9%8A%D8%A9,5.0,1,5 ساعات,2,0,$10.00,ثلاثة أيام,1,0,0.0,.Hager E,https://khamsat.com/user/hager_eissa85,True,بائع جديد,5.0,1,100.0%,4,2,5 ساعات
أعمال,https://khamsat.com/business,خدمة العملاء,https://khamsat.com/business/customer-support,خدمة عملاء علي برامج التواصل الاجتماعي,https://khamsat.com/business/customer-support/2970182-%D8%AE%D8%AF%D9%85%D8%A9-%D8%B9%D9%85%D9%84%D8%A7%D8%A1-%D8%B9%D9%84%D9%8A-%D8%A8%D8%B1%D8%A7%D9%85%D8%AC-%D8%A7%D9%84%D8%AA%D9%88%D8%A7%D8%B5%D9%84-%D8%A7%D9%84%D8%A7%D8%AC%D8%AA%D9%85%D8%A7%D8%B9%D9%8A,5.0,2,6 دقائق,2,0,$5.00,يوم واحد,2,3,205.0,ميرنا و.,https://khamsat.com/user/merna_2579,True,بائع جديد,5.0,2,100.0%,1,2,6 دقائق
أعمال,https://khamsat.com/business,خدمة العملاء,https://khamsat.com/business/customer-support,مساعد افتراضي وسكرتير عن بعد,https://khamsat.com/business/customer-support/2332284-%D9%85%D8%B3%D8%A7%D8%B9%D8%AF-%D8%A7%D9%81%D8%AA%D8%B1%D8%A7%D8%B6%D9%8A-%D9%88%D8%B3%D9%83%D8%B1%D8%AA%D9%8A%D8%B1-%D8%B9%D9%86-%D8%A8%D8%B9%D8%AF,4.5,7,3 ساعات,10,0,$5.00,يوم واحد,7,2,145.0,.Nour R,https://khamsat.com/user/noorsun96,True,بائع نشيط,4.5,7,96.15%,1,10,ساعة
أعمال,https://khamsat.com/business,خدمة العملاء,https://khamsat.com/business/customer-support,ٍسكرتيره ومساعد إدارة إفتراضي,https://khamsat.com/business/customer-support/2899701-%D8%B3%D9%83%D8%B1%D8%AA%D9%8A%D8%B1%D9%87-%D9%88%D9%85%D8%B3%D8%A7%D8%B9%D8%AF-%D8%A5%D8%AF%D8%A7%D8%B1%D8%A9-%D8%A5%D9%81%D8%AA%D8%B1%D8%A7%D8%B6%D9%8A,5.0,1,7 أيام,2,0,$10.00,يوم واحد,1,4,90.0,.Esraa E,https://khamsat.com/user/esraaelsawaf1990,True,بائع جديد,5.0,1,100.0%,2,2,7 أيام
أعمال,https://khamsat.com/business,خدمة العملاء,https://khamsat.com/business/customer-support,سكرتيره و مساعدة افتراضية,https://khamsat.com/business/customer-support/2984589-%D8%B3%D9%83%D8%B1%D8%AA%D9%8A%D8%B1%D9%87-%D9%88-%D9%85%D8%B3%D8%A7%D8%B9%D8%AF%D8%A9-%D8%A7%D9%81%D8%AA%D8%B1%D8%A7%D8%B6%D9%8A%D8%A9,5.0,1,16 دقيقة,2,0,$5.00,يوم واحد,1,5,290.0,إسراء ح.,https://khamsat.com/user/esraa_hashem,True,بائع جديد,5.0,1,100.0%,1,2,16 دقيقة
أعمال,https://khamsat.com/business,خدمة العملاء,https://khamsat.com/business/customer-support,خدمة عملاء على كافة مواقع تواصل الاجتماعي لشركتك او موقعك,https://khamsat.com/business/customer-support/1584321-%D8%AE%D8%AF%D9%85%D8%A9-%D8%B9%D9%85%D9%84%D8%A7%D8%A1-%D8%B9%D9%84%D9%89-%D9%83%D8%A7%D9%81%D8%A9-%D9%85%D9%88%D8%A7%D9%82%D8%B9-%D8%AA%D9%88%D8%A7%D8%B5%D9%84-%D8%A7%D9%84%D8%A7%D8%AC%D8%AA%D9%85%D8%A7%D8%B9%D9%8A-%D9%84%D8%B4%D8%B1%D9%83%D8%AA%D9%83-%D8%A7%D9%88-%D9%85%D9%88%D9%82%D8%B9%D9%83,4.5,11,4 ساعات,20,1,$5.00,يوم واحد,11,4,200.0,.Bushra S,https://khamsat.com/user/bushra_salloum90,True,بائع مميز,4.5,11,100.0%,1,20,4 ساعات
أعمال,https://khamsat.com/business,خدمة العملاء,https://khamsat.com/business/customer-support,خدمة عملاء على مواقع التواصل الاجتماعي,https://khamsat.com/business/customer-support/2498555-%D8%AE%D8%AF%D9%85%D8%A9-%D8%B9%D9%85%D9%84%D8%A7%D8%A1-%D8%B9%D9%84%D9%89-%D9%85%D9%88%D8%A7%D9%82%D8%B9-%D8%A7%D9%84%D8%AA%D9%88%D8%A7%D8%B5%D9%84-%D8%A7%D9%84%D8%A7%D8%AC%D8%AA%D9%85%D8%A7%D8%B9%D9%8A,5.0,2,ساعة,2,0,$5.00,يوم واحد,2,1,5.0,رانيا ب.,https://khamsat.com/user/rania_bader,True,بائع جديد,5.0,2,100.0%,5,2,ساعة
أعمال,https://khamsat.com/business,خدمة العملاء,https://khamsat.com/business/customer-support,خدمة العملاء لموقعك متجرك، صفحتك أو التطبيق الخاص بك,https://khamsat.com/business/customer-support/2124261-%D8%AE%D8%AF%D9%85%D8%A9-%D8%A7%D9%84%D8%B9%D9%85%D9%84%D8%A7%D8%A1-%D9%84%D9%85%D9%88%D9%82%D8%B9%D9%83-%D9%85%D8%AA%D8%AC%D8%B1%D9%83-%D8%B5%D9%81%D8%AD%D8%AA%D9%83-%D8%A3%D9%88-%D8%A7%D9%84%D8%AA%D8%B7%D8%A8%D9%8A%D9%82-%D8%A7%D9%84%D8%AE%D8%A7%D8%B5-%D8%A8%D9%83,5.0,1,15 دقيقة,1,0,$5.00,ثلاثة أيام,1,1,100.0,.Amira G,https://khamsat.com/user/amirag88,True,بائع نشيط,5.0,16,82.93%,1,17,48 دقيقة
أعمال,https://khamsat.com/business,خدمة العملاء,https://khamsat.com/business/customer-support,خدمة عملاء لمتجرك أو صفحتك علي السويشال ميديا,https://khamsat.com/business/customer-support/1231672-%D8%AE%D8%AF%D9%85%D8%A9-%D8%B9%D9%85%D9%84%D8%A7%D8%A1-%D9%84%D9%85%D8%AA%D8%AC%D8%B1%D9%83-%D8%A3%D9%88-%D8%B5%D9%81%D8%AD%D8%AA%D9%83-%D8%B9%D9%84%D9%8A-%D8%A7%D9%84%D8%B3%D9%88%D9%8A%D8%B4%D8%A7%D9%84-%D9%85%D9%8A%D8%AF%D9%8A%D8%A7,5.0,2,ساعة,2,0,$5.00,أربعة أيام,2,3,55.0,دميانة م.,https://khamsat.com/user/%D8%AF%D9%85%D9%8A%D8%A7%D9%86%D8%A9-%D9%85%D9%88%D8%B1%D9%8A%D8%B3,True,بائع مميز,5.0,39,93.07%,5,50,يوم
أعمال,https://khamsat.com/business,خدمة العملاء,https://khamsat.com/business/customer-support,اعمل سكرتير الكتروني لك لمدة يوم في الاسبوع ب 5 دولار,https://khamsat.com/business/customer-support/1195645-%D8%A7%D8%B9%D9%85%D9%84-%D8%B3%D9%83%D8%B1%D8%AA%D9%8A%D8%B1-%D8%A7%D9%84%D9%83%D8%AA%D8%B1%D9%88%D9%86%D9%8A-%D9%84%D9%83-%D9%84%D9%85%D8%AF%D8%A9-%D9%8A%D9%88%D9%85-%D9%81%D9%8A-%D8%A7%D9%84%D8%A7%D8%B3%D8%A8%D9%88%D8%B9-%D8%A8-5-%D8%AF%D9%88%D9%84%D8%A7%D8%B1,5.0,5,يوم,9,0,$5.00,يوم واحد,5,2,80.0,.Tamer E,https://khamsat.com/user/tamergads,True,بائع مميز,5.0,8,93.68%,4,15,10 ساعات
أعمال,https://khamsat.com/business,خدمة العملاء,https://khamsat.com/business/customer-support,خدمة العملاء و تقييم ادائهم,https://khamsat.com/business/customer-support/2508546-%D8%AE%D8%AF%D9%85%D8%A9-%D8%A7%D9%84%D8%B9%D9%85%D9%84%D8%A7%D8%A1-%D9%88-%D8%AA%D9%82%D9%8A%D9%8A%D9%85-%D8%A7%D8%AF%D8%A7%D8%A6%D9%87%D9%85,5.0,6,3 أيام,8,0,$10.00,أربعة أيام,6,3,140.0,.Ahmed A,https://khamsat.com/user/ahmed_sharaf2,True,بائع مميز,4.5,51,94.03%,14,55,9 ساعات
أعمال,https://khamsat.com/business,خدمة العملاء,https://khamsat.com/business/customer-support,مساعده افتراضية وخدمة عملاء عن بعد,https://khamsat.com/business/customer-support/2485963-%D9%85%D8%B3%D8%A7%D8%B9%D8%AF%D9%87-%D8%A7%D9%81%D8%AA%D8%B1%D8%A7%D8%B6%D9%8A%D8%A9-%D9%88%D8%AE%D8%AF%D9%85%D8%A9-%D8%B9%D9%85%D9%84%D8%A7%D8%A1-%D8%B9%D9%86-%D8%A8%D8%B9%D8%AF,5.0,16,21 ساعة,21,1,$10.00,يوم واحد,16,5,330.0,.Huda K,https://khamsat.com/user/hudakareem,True,بائع نشيط,5.0,19,97.67%,3,23,14 ساعة
أعمال,https://khamsat.com/business,خدمة العملاء,https://khamsat.com/business/customer-support,تجربة خدمة عملاء مميزة عن بعد,https://khamsat.com/business/customer-support/3016714-%D8%AA%D8%AC%D8%B1%D8%A8%D8%A9-%D8%AE%D8%AF%D9%85%D8%A9-%D8%B9%D9%85%D9%84%D8%A7%D8%A1-%D9%85%D9%85%D9%8A%D8%B2%D8%A9-%D8%B9%D9%86-%D8%A8%D8%B9%D8%AF,5.0,1,ساعة,1,0,$5.00,يوم واحد,1,0,0.0,.Sandra S,https://khamsat.com/user/sandra_soufan,True,بائع جديد,5.0,1,100.0%,2,1,ساعة
أعمال,https://khamsat.com/business,خدمة العملاء,https://khamsat.com/business/customer-support,خدمة العملاء احترافية : تحقيق الرضى الكامل لعملائك,https://khamsat.com/business/customer-support/2708621-%D8%AE%D8%AF%D9%85%D8%A9-%D8%A7%D9%84%D8%B9%D9%85%D9%84%D8%A7%D8%A1-%D8%A7%D8%AD%D8%AA%D8%B1%D8%A7%D9%81%D9%8A%D8%A9-%D8%AA%D8%AD%D9%82%D9%8A%D9%82-%D8%A7%D9%84%D8%B1%D8%B6%D9%89-%D8%A7%D9%84%D9%83%D8%A7%D9%85%D9%84-%D9%84%D8%B9%D9%85%D9%84%D8%A7%D8%A6%D9%83,5.0,1,6 دقائق,2,0,$5.00,يوم واحد,1,3,175.0,.Moad Y,https://khamsat.com/user/moad_yechou75,True,بائع مميز,5.0,41,95.77%,7,54,5 ساعات
أعمال,https://khamsat.com/business,خدمة العملاء,https://khamsat.com/business/customer-support,سكرتيرة ومساعدة إفتراضية و مديرة أعمال عن بعد,https://khamsat.com/business/customer-support/2847389-%D8%B3%D9%83%D8%B1%D8%AA%D9%8A%D8%B1%D8%A9-%D9%88%D9%85%D8%B3%D8%A7%D8%B9%D8%AF%D8%A9-%D8%A5%D9%81%D8%AA%D8%B1%D8%A7%D8%B6%D9%8A%D8%A9-%D9%88-%D9%85%D8%AF%D9%8A%D8%B1%D8%A9-%D8%A3%D8%B9%D9%85%D8%A7%D9%84-%D8%B9%D9%86-%D8%A8%D8%B9%D8%AF,5.0,2,5 ساعات,2,0,$10.00,يوم واحد,2,2,95.0,ياسمين أ.,https://khamsat.com/user/yasminesaied,True,بائع نشيط,5.0,13,90.24%,7,11,ساعتين
أعمال,https://khamsat.com/business,خدمة العملاء,https://khamsat.com/business/customer-support,خدمة عملاء ادارة صفحات التواصل الاجتماعي,https://khamsat.com/business/customer-support/2860157-%D8%AE%D8%AF%D9%85%D8%A9-%D8%B9%D9%85%D9%84%D8%A7%D8%A1-%D8%A7%D8%AF%D8%A7%D8%B1%D8%A9-%D8%B5%D9%81%D8%AD%D8%A7%D8%AA-%D8%A7%D9%84%D8%AA%D9%88%D8%A7%D8%B5%D9%84-%D8%A7%D9%84%D8%A7%D8%AC%D8%AA%D9%85%D8%A7%D8%B9%D9%8A,5.0,1,ساعتين,1,0,$5.00,يوم واحد,1,4,220.0,.Ahmed N,https://khamsat.com/user/ahmednaeem25,True,بائع جديد,5.0,1,100.0%,3,1,ساعتين
أعمال,https://khamsat.com/business,خدمة العملاء,https://khamsat.com/business/customer-support,خدمة عملاء ودعم سريع واحترافي ( Customer service),https://khamsat.com/business/customer-support/2701643-%D8%AE%D8%AF%D9%85%D8%A9-%D8%B9%D9%85%D9%84%D8%A7%D8%A1-%D9%88%D8%AF%D8%B9%D9%85-%D8%B3%D8%B1%D9%8A%D8%B9-%D9%88%D8%A7%D8%AD%D8%AA%D8%B1%D8%A7%D9%81%D9%8A-customer-service,5.0,5,12 ساعة,6,0,$5.00,يوم واحد,5,4,185.0,رؤوفة ح.,https://khamsat.com/user/raufah_hamad,True,بائع مميز,5.0,27,82.54%,5,28,4 ساعات
أعمال,https://khamsat.com/business,خدمة العملاء,https://khamsat.com/business/customer-support,خدمة عملاء لجميع مواقع التواصل الاجتماعي وواتس اب,https://khamsat.com/business/customer-support/2860192-%D8%AE%D8%AF%D9%85%D8%A9-%D8%B9%D9%85%D9%84%D8%A7%D8%A1-%D9%84%D8%AC%D9%85%D9%8A%D8%B9-%D9%85%D9%88%D8%A7%D9%82%D8%B9-%D8%A7%D9%84%D8%AA%D9%88%D8%A7%D8%B5%D9%84-%D8%A7%D9%84%D8%A7%D8%AC%D8%AA%D9%85%D8%A7%D8%B9%D9%8A-%D9%88%D9%88%D8%A7%D8%AA%D8%B3-%D8%A7%D8%A8,5.0,6,9 دقائق,6,0,$10.00,يوم واحد,6,1,100.0,.Sara M,https://khamsat.com/user/sarah6yt,True,بائع جديد,5.0,7,90.0%,1,6,14 دقيقة
أعمال,https://khamsat.com/business,خدمة العملاء,https://khamsat.com/business/customer-support,موديريتور وخدمة عملاء بجد وسرعة,https://khamsat.com/business/customer-support/3048437-%D9%85%D9%88%D8%AF%D9%8A%D8%B1%D9%8A%D8%AA%D9%88%D8%B1-%D9%88%D8%AE%D8%AF%D9%85%D8%A9-%D8%B9%D9%85%D9%84%D8%A7%D8%A1-%D8%A8%D8%AC%D8%AF-%D9%88%D8%B3%D8%B1%D8%B9%D8%A9,0.0,0,لم يحسب,0,0,$5.00,يوم واحد,0,0,0.0,رقية م.,https://khamsat.com/user/rokaya_m5,False,بائع جديد,0.0,0,لم يحسب بعد,1,0,لم يحسب
أعمال,https://khamsat.com/business,خدمة العملاء,https://khamsat.com/business/customer-support,سكرتير ومساعد افتراضي عن بعد,https://khamsat.com/business/customer-support/2877523-%D8%B3%D9%83%D8%B1%D8%AA%D9%8A%D8%B1-%D9%88%D9%85%D8%B3%D8%A7%D8%B9%D8%AF-%D8%A7%D9%81%D8%AA%D8%B1%D8%A7%D8%B6%D9%8A-%D8%B9%D9%86-%D8%A8%D8%B9%D8%AF,5.0,1,ساعة,1,0,$5.00,يوم واحد,1,5,190.0,.Taha A,https://khamsat.com/user/tahaabdelrazik,True,بائع مميز,4.5,66,99.37%,5,68,ساعتين
أعمال,https://khamsat.com/business,خدمة العملاء,https://khamsat.com/business/customer-support,أخصائي خدمة العملاء وتجربة العميل لنشاطك التجاري,https://khamsat.com/business/customer-support/3030672-%D8%A3%D8%AE%D8%B5%D8%A7%D8%A6%D9%8A-%D8%AE%D8%AF%D9%85%D8%A9-%D8%A7%D9%84%D8%B9%D9%85%D9%84%D8%A7%D8%A1-%D9%88%D8%AA%D8%AC%D8%B1%D8%A8%D8%A9-%D8%A7%D9%84%D8%B9%D9%85%D9%8A%D9%84-%D9%84%D9%86%D8%B4%D8%A7%D8%B7%D9%83-%D8%A7%D9%84%D8%AA%D8%AC%D8%A7%D8%B1%D9%8A,0.0,0,لم يحسب,0,0,$10.00,يوم واحد,0,1,40.0,أحمد ع.,https://khamsat.com/user/ahmadadel22,True,مشتري جاد,0.0,0,لم يحسب بعد,1,0,لم يحسب
أعمال,https://khamsat.com/business,خدمة العملاء,https://khamsat.com/business/customer-support,خدمة عملاء عن بعد والرد على استفسارات العميل,https://khamsat.com/business/customer-support/3047657-%D8%AE%D8%AF%D9%85%D8%A9-%D8%B9%D9%85%D9%84%D8%A7%D8%A1-%D8%B9%D9%86-%D8%A8%D8%B9%D8%AF-%D9%88%D8%A7%D9%84%D8%B1%D8%AF-%D8%B9%D9%84%D9%89-%D8%A7%D8%B3%D8%AA%D9%81%D8%B3%D8%A7%D8%B1%D8%A7%D8%AA-%D8%A7%D9%84%D8%B9%D9%85%D9%8A%D9%84,0.0,0,لم يحسب,0,0,$5.00,يوم واحد,0,1,45.0,.Shimaa S,https://khamsat.com/user/shimakhiry,True,بائع جديد,0.0,0,لم يحسب بعد,1,0,لم يحسب
أعمال,https://khamsat.com/business,خدمة العملاء,https://khamsat.com/business/customer-support,مساعد إفتراضي و سكرتير عن بعد,https://khamsat.com/business/customer-support/3025584-%D9%85%D8%B3%D8%A7%D8%B9%D8%AF-%D8%A5%D9%81%D8%AA%D8%B1%D8%A7%D8%B6%D9%8A-%D9%88-%D8%B3%D9%83%D8%B1%D8%AA%D9%8A%D8%B1-%D8%B9%D9%86-%D8%A8%D8%B9%D8%AF,0.0,0,لم يحسب,0,0,$5.00,يوم واحد,0,1,20.0,سوزان م.,https://khamsat.com/user/suzan_123,True,بائع جديد,0.0,0,لم يحسب بعد,2,0,لم يحسب
أعمال,https://khamsat.com/business,خدمة العملاء,https://khamsat.com/business/customer-support,موظف خدمه عملاء ودعم فني عن بعد,https://khamsat.com/business/customer-support/3044777-%D9%85%D9%88%D8%B8%D9%81-%D8%AE%D8%AF%D9%85%D9%87-%D8%B9%D9%85%D9%84%D8%A7%D8%A1-%D9%88%D8%AF%D8%B9%D9%85-%D9%81%D9%86%D9%8A-%D8%B9%D9%86-%D8%A8%D8%B9%D8%AF,0.0,0,لم يحسب,0,0,$5.00,يوم واحد,0,1,100.0,أحمد ع.,https://khamsat.com/user/ahmedzsc20,True,بائع جديد,0.0,0,لم يحسب بعد,1,0,لم يحسب
أعمال,https://khamsat.com/business,خدمة العملاء,https://khamsat.com/business/customer-support,أخصائي خدمة عملاء ودعم فني,https://khamsat.com/business/customer-support/3043733-%D8%A3%D8%AE%D8%B5%D8%A7%D8%A6%D9%8A-%D8%AE%D8%AF%D9%85%D8%A9-%D8%B9%D9%85%D9%84%D8%A7%D8%A1-%D9%88%D8%AF%D8%B9%D9%85-%D9%81%D9%86%D9%8A,0.0,0,لم يحسب,0,0,$5.00,يوم واحد,0,3,15.0,.Salma A,https://khamsat.com/user/salma_194,True,مشتري جديد,5.0,1,0.0%,2,0,لم يحسب
أعمال,https://khamsat.com/business,إدارة علاقات العملاء CRM,https://khamsat.com/business/crm,اساعدك في اختيار برنامج CRM او ERP المناسب لك,https://khamsat.com/business/crm/1563519-%D8%A7%D8%B3%D8%A7%D8%B9%D8%AF%D9%83-%D9%81%D9%8A-%D8%A7%D8%AE%D8%AA%D9%8A%D8%A7%D8%B1-%D8%A8%D8%B1%D9%86%D8%A7%D9%85%D8%AC-crm-%D8%A7%D9%88-erp-%D8%A7%D9%84%D9%85%D9%86%D8%A7%D8%B3%D8%A8-%D9%84%D9%83,5.0,41,ساعة,50,0,$5.00,يوم واحد,25,1,10.0,.Ahmed A,https://khamsat.com/user/crm,True,بائع مميز,5.0,69,98.11%,3,77,5 ساعات
أعمال,https://khamsat.com/business,إدارة علاقات العملاء CRM,https://khamsat.com/business/crm,شرح وبرمجه وتعديل برنامج Zoho CRM,https://khamsat.com/business/crm/2290674-%D8%B4%D8%B1%D8%AD-%D9%88%D8%A8%D8%B1%D9%85%D8%AC%D9%87-%D9%88%D8%AA%D8%B9%D8%AF%D9%8A%D9%84-%D8%A8%D8%B1%D9%86%D8%A7%D9%85%D8%AC-zoho-crm,5.0,16,ساعة,19,0,$10.00,يوم واحد,16,4,280.0,.Ahmed A,https://khamsat.com/user/crm,True,بائع مميز,5.0,69,98.11%,3,77,5 ساعات
أعمال,https://khamsat.com/business,إدارة علاقات العملاء CRM,https://khamsat.com/business/crm,تنزيل و برمجه و تعديل برنامج vtiger crm,https://khamsat.com/business/crm/1503613-%D8%AA%D9%86%D8%B2%D9%8A%D9%84-%D9%88-%D8%A8%D8%B1%D9%85%D8%AC%D9%87-%D9%88-%D8%AA%D8%B9%D8%AF%D9%8A%D9%84-%D8%A8%D8%B1%D9%86%D8%A7%D9%85%D8%AC-vtiger-crm,5.0,12,13 ساعة,13,0,$10.00,يومين,12,4,255.0,.Ahmed A,https://khamsat.com/user/crm,True,بائع مميز,5.0,69,98.11%,3,77,5 ساعات
أعمال,https://khamsat.com/business,إدارة علاقات العملاء CRM,https://khamsat.com/business/crm,تقرير تحليل ردود الفعل المشاعر,https://khamsat.com/business/crm/2903957-%D8%AA%D9%82%D8%B1%D9%8A%D8%B1-%D8%AA%D8%AD%D9%84%D9%8A%D9%84-%D8%B1%D8%AF%D9%88%D8%AF-%D8%A7%D9%84%D9%81%D8%B9%D9%84-%D8%A7%D9%84%D9%85%D8%B4%D8%A7%D8%B9%D8%B1,0.0,0,لم يحسب,0,0,$10.00,خمسة أيام,0,2,115.0,إيمان م.,https://khamsat.com/user/eman_mawla992,True,بائع جديد,0.0,0,لم يحسب بعد,4,0,لم يحسب
أعمال,https://khamsat.com/business,إدارة علاقات العملاء CRM,https://khamsat.com/business/crm,دعم فنى لأنظمة Vtiger CRM,https://khamsat.com/business/crm/2541097-%D8%AF%D8%B9%D9%85-%D9%81%D9%86%D9%89-%D9%84%D8%A3%D9%86%D8%B8%D9%85%D8%A9-vtiger-crm,0.0,0,يوم,0,0,$10.00,يوم واحد,0,5,240.0,.Ahmed S,https://khamsat.com/user/ahmed_sayed_adly,False,بائع جديد,0.0,0,لم يحسب بعد,3,0,9 أيام
أعمال,https://khamsat.com/business,إدارة علاقات العملاء CRM,https://khamsat.com/business/crm,دعم تقني جميع برامج زوهو,https://khamsat.com/business/crm/3014084-%D8%AF%D8%B9%D9%85-%D8%AA%D9%82%D9%86%D9%8A-%D8%AC%D9%85%D9%8A%D8%B9-%D8%A8%D8%B1%D8%A7%D9%85%D8%AC-%D8%B2%D9%88%D9%87%D9%88,0.0,0,7 دقائق,0,0,$10.00,يوم واحد,0,3,130.0,.Ali I,https://khamsat.com/user/ali_imarah,True,بائع جديد,0.0,0,0.0%,2,0,ساعة
أعمال,https://khamsat.com/business,إدارة علاقات العملاء CRM,https://khamsat.com/business/crm,تثبيت وتنفيذ برنامج perfex crm لادراة علاقة العملاء,https://khamsat.com/business/crm/2634190-%D8%AA%D8%AB%D8%A8%D9%8A%D8%AA-%D9%88%D8%AA%D9%86%D9%81%D9%8A%D8%B0-%D8%A8%D8%B1%D9%86%D8%A7%D9%85%D8%AC-perfex-crm-%D9%84%D8%A7%D8%AF%D8%B1%D8%A7%D8%A9-%D8%B9%D9%84%D8%A7%D9%82%D8%A9-%D8%A7%D9%84%D8%B9%D9%85%D9%84%D8%A7%D8%A1,0.0,0,ساعتين,0,0,$10.00,يومين,0,5,150.0,.Mohamed Z,https://khamsat.com/user/mezosoft,False,بائع جديد,0.0,0,لم يحسب بعد,4,0,ساعتين
أعمال,https://khamsat.com/business,إدارة علاقات العملاء CRM,https://khamsat.com/business/crm,تثبيت وتعديل وتطوير برنامج إدارة علاقات العملاء (Grow CRM),https://khamsat.com/business/crm/2635942-%D8%AA%D8%AB%D8%A8%D9%8A%D8%AA-%D9%88%D8%AA%D8%B9%D8%AF%D9%8A%D9%84-%D9%88%D8%AA%D8%B7%D9%88%D9%8A%D8%B1-%D8%A8%D8%B1%D9%86%D8%A7%D9%85%D8%AC-%D8%A5%D8%AF%D8%A7%D8%B1%D8%A9-%D8%B9%D9%84%D8%A7%D9%82%D8%A7%D8%AA-%D8%A7%D9%84%D8%B9%D9%85%D9%84%D8%A7%D8%A1-grow-crm,0.0,0,لم يحسب,0,0,$10.00,يومين,0,2,200.0,.Mohamed Z,https://khamsat.com/user/mezosoft,False,بائع جديد,0.0,0,لم يحسب بعد,4,0,ساعتين
أعمال,https://khamsat.com/business,إدارة علاقات العملاء CRM,https://khamsat.com/business/crm,برمجة Microsoft Dynamics CRM,https://khamsat.com/business/crm/2012812-%D8%A8%D8%B1%D9%85%D8%AC%D8%A9-microsoft-dynamics-crm,0.0,0,11 يوم,0,0,$5.00,يومين,0,2,15.0,.Omar E,https://khamsat.com/user/namernmr,False,بائع جديد,0.0,0,لم يحسب بعد,1,0,11 يوم
أعمال,https://khamsat.com/business,إدارة علاقات العملاء CRM,https://khamsat.com/business/crm,مدير اعمال عن بعد و ادارة ال CRM الخاص بالعملاء خدمه العملاء,https://khamsat.com/business/crm/2930651-%D9%85%D8%AF%D9%8A%D8%B1-%D8%A7%D8%B9%D9%85%D8%A7%D9%84-%D8%B9%D9%86-%D8%A8%D8%B9%D8%AF-%D9%88-%D8%A7%D8%AF%D8%A7%D8%B1%D8%A9-%D8%A7%D9%84-crm-%D8%A7%D9%84%D8%AE%D8%A7%D8%B5-%D8%A8%D8%A7%D9%84%D8%B9%D9%85%D9%84%D8%A7%D8%A1-%D8%AE%D8%AF%D9%85%D9%87-%D8%A7%D9%84%D8%B9%D9%85%D9%84%D8%A7%D8%A1,0.0,0,لم يحسب,0,0,$5.00,يوم واحد,0,0,0.0,.Mahmoud A,https://khamsat.com/user/rawash26,False,بائع جديد,0.0,0,لم يحسب بعد,1,0,لم يحسب
أعمال,https://khamsat.com/business,إدارة علاقات العملاء CRM,https://khamsat.com/business/crm,إدارة وتحسين واختبار برامج CRM,https://khamsat.com/business/crm/2570122-%D8%A5%D8%AF%D8%A7%D8%B1%D8%A9-%D9%88%D8%AA%D8%AD%D8%B3%D9%8A%D9%86-%D9%88%D8%A7%D8%AE%D8%AA%D8%A8%D8%A7%D8%B1-%D8%A8%D8%B1%D8%A7%D9%85%D8%AC-crm,0.0,0,6 ساعات,0,0,$10.00,يومين,0,0,0.0,.Dina E,https://khamsat.com/user/dinaelrwai1981,True,بائع جديد,0.0,0,لم يحسب بعد,2,0,4 ساعات
أعمال,https://khamsat.com/business,إدارة علاقات العملاء CRM,https://khamsat.com/business/crm,ERP خدمات و استشارات فنية CRM Sales HR,https://khamsat.com/business/crm/2265330-erp-%D8%AE%D8%AF%D9%85%D8%A7%D8%AA-%D9%88-%D8%A7%D8%B3%D8%AA%D8%B4%D8%A7%D8%B1%D8%A7%D8%AA-%D9%81%D9%86%D9%8A%D8%A9-crm-sales-hr,0.0,0,يوم,0,0,$10.00,يوم واحد,0,0,0.0,خالد ع.,https://khamsat.com/user/khaledghonaim,True,بائع نشيط,5.0,2,90.91%,4,2,23 ساعة
أعمال,https://khamsat.com/business,إدارة علاقات العملاء CRM,https://khamsat.com/business/crm,تهيئة وتفعيل نظام zoho crm للشركات المتوسطة والصغيرة,https://khamsat.com/business/crm/2918750-%D8%AA%D9%87%D9%8A%D8%A6%D8%A9-%D9%88%D8%AA%D9%81%D8%B9%D9%8A%D9%84-%D9%86%D8%B8%D8%A7%D9%85-zoho-crm-%D9%84%D9%84%D8%B4%D8%B1%D9%83%D8%A7%D8%AA-%D8%A7%D9%84%D9%85%D8%AA%D9%88%D8%B3%D8%B7%D8%A9-%D9%88%D8%A7%D9%84%D8%B5%D8%BA%D9%8A%D8%B1%D8%A9,0.0,0,ساعتين,0,0,$10.00,يوم واحد,0,5,230.0,.Ali I,https://khamsat.com/user/ali_imarah,True,بائع جديد,0.0,0,0.0%,2,0,ساعة
أعمال,https://khamsat.com/business,إدارة علاقات العملاء CRM,https://khamsat.com/business/crm,شرح وتوضيح الية عمل برنامج ادارة علاقة العملاء zoho crm,https://khamsat.com/business/crm/2965112-%D8%B4%D8%B1%D8%AD-%D9%88%D8%AA%D9%88%D8%B6%D9%8A%D8%AD-%D8%A7%D9%84%D9%8A%D8%A9-%D8%B9%D9%85%D9%84-%D8%A8%D8%B1%D9%86%D8%A7%D9%85%D8%AC-%D8%A7%D8%AF%D8%A7%D8%B1%D8%A9-%D8%B9%D9%84%D8%A7%D9%82%D8%A9-%D8%A7%D9%84%D8%B9%D9%85%D9%84%D8%A7%D8%A1-zoho-crm,0.0,0,يوم,0,0,$10.00,يوم واحد,0,0,0.0,محمد ع.,https://khamsat.com/user/mero89,True,بائع جديد,0.0,0,0.0%,2,0,يوم
أعمال,https://khamsat.com/business,إدارة علاقات العملاء CRM,https://khamsat.com/business/crm,تثبيت وتعديل وتطوير برنامج Rise crm لادراة علاقة العملاء,https://khamsat.com/business/crm/2634289-%D8%AA%D8%AB%D8%A8%D9%8A%D8%AA-%D9%88%D8%AA%D8%B9%D8%AF%D9%8A%D9%84-%D9%88%D8%AA%D8%B7%D9%88%D9%8A%D8%B1-%D8%A8%D8%B1%D9%86%D8%A7%D9%85%D8%AC-rise-crm-%D9%84%D8%A7%D8%AF%D8%B1%D8%A7%D8%A9-%D8%B9%D9%84%D8%A7%D9%82%D8%A9-%D8%A7%D9%84%D8%B9%D9%85%D9%84%D8%A7%D8%A1,0.0,0,لم يحسب,0,0,$10.00,يومين,0,3,100.0,.Mohamed Z,https://khamsat.com/user/mezosoft,False,بائع جديد,0.0,0,لم يحسب بعد,4,0,ساعتين
أعمال,https://khamsat.com/business,إدارة علاقات العملاء CRM,https://khamsat.com/business/crm,تهيئة وتحليل وتفعيل نظام Zoho CRM للشركات و المؤسسات,https://khamsat.com/business/crm/2649375-%D8%AA%D9%87%D9%8A%D8%A6%D8%A9-%D9%88%D8%AA%D8%AD%D9%84%D9%8A%D9%84-%D9%88%D8%AA%D9%81%D8%B9%D9%8A%D9%84-%D9%86%D8%B8%D8%A7%D9%85-zoho-crm-%D9%84%D9%84%D8%B4%D8%B1%D9%83%D8%A7%D8%AA-%D9%88-%D8%A7%D9%84%D9%85%D8%A4%D8%B3%D8%B3%D8%A7%D8%AA,5.0,2,5 دقائق,3,1,$5.00,يومين,2,5,170.0,.Asaad H,https://khamsat.com/user/asaad_hamoud,True,بائع نشيط,5.0,10,94.12%,3,11,34 دقيقة
أعمال,https://khamsat.com/business,إدارة علاقات العملاء CRM,https://khamsat.com/business/crm,تخطيط وتهيئة وتخصيص وآتمتة لتطبيق Kommo لإدارة العملاء CRM,https://khamsat.com/business/crm/2802219-%D8%AA%D8%AE%D8%B7%D9%8A%D8%B7-%D9%88%D8%AA%D9%87%D9%8A%D8%A6%D8%A9-%D9%88%D8%AA%D8%AE%D8%B5%D9%8A%D8%B5-%D9%88%D8%A2%D8%AA%D9%85%D8%AA%D8%A9-%D9%84%D8%AA%D8%B7%D8%A8%D9%8A%D9%82-kommo-%D9%84%D8%A5%D8%AF%D8%A7%D8%B1%D8%A9-%D8%A7%D9%84%D8%B9%D9%85%D9%84%D8%A7%D8%A1-crm,0.0,0,7 دقائق,0,0,$5.00,يومين,0,4,140.0,.Osama A,https://khamsat.com/user/osamaareky,True,بائع نشيط,5.0,2,93.33%,6,4,11 ساعة
أعمال,https://khamsat.com/business,إدارة علاقات العملاء CRM,https://khamsat.com/business/crm,نظام CRM المتقدم لتصنيف العملاء ومتابعتهم باستخدام Excel,https://khamsat.com/business/crm/2816130-%D9%86%D8%B8%D8%A7%D9%85-crm-%D8%A7%D9%84%D9%85%D8%AA%D9%82%D8%AF%D9%85-%D9%84%D8%AA%D8%B5%D9%86%D9%8A%D9%81-%D8%A7%D9%84%D8%B9%D9%85%D9%84%D8%A7%D8%A1-%D9%88%D9%85%D8%AA%D8%A7%D8%A8%D8%B9%D8%AA%D9%87%D9%85-%D8%A8%D8%A7%D8%B3%D8%AA%D8%AE%D8%AF%D8%A7%D9%85-excel,5.0,1,3 ساعات,2,0,$50.00,أربعة أيام,1,1,200.0,علي ص.,https://khamsat.com/user/dr_alisaleh,True,بائع مميز,5.0,20,89.41%,15,30,18 ساعة
أعمال,https://khamsat.com/business,تحويل الملفات,https://khamsat.com/business/file-conversion,نسخ مخطوطة وتحويلها إلى ملف WORD باحترافية ودقة عالية,https://khamsat.com/business/file-conversion/1583407-%D9%86%D8%B3%D8%AE-%D9%85%D8%AE%D8%B7%D9%88%D8%B7%D8%A9-%D9%88%D8%AA%D8%AD%D9%88%D9%8A%D9%84%D9%87%D8%A7-%D8%A5%D9%84%D9%89-%D9%85%D9%84%D9%81-word-%D8%A8%D8%A7%D8%AD%D8%AA%D8%B1%D8%A7%D9%81%D9%8A%D8%A9-%D9%88%D8%AF%D9%82%D8%A9-%D8%B9%D8%A7%D9%84%D9%8A%D8%A9,5.0,6,3 ساعات,6,1,$5.00,يوم واحد,6,5,330.0,محمد ح.,https://khamsat.com/user/mohamed_h_h,True,بائع نشيط,5.0,9,70.83%,3,8,5 ساعات
أعمال,https://khamsat.com/business,تحويل الملفات,https://khamsat.com/business/file-conversion,تحويل الملفات من PDF إلي Word Excel PowerPoint والعكس,https://khamsat.com/business/file-conversion/2782219-%D8%AA%D8%AD%D9%88%D9%8A%D9%84-%D8%A7%D9%84%D9%85%D9%84%D9%81%D8%A7%D8%AA-%D9%85%D9%86-pdf-%D8%A5%D9%84%D9%8A-word-excel-powerpoint-%D9%88%D8%A7%D9%84%D8%B9%D9%83%D8%B3,5.0,23,ساعة,34,0,$5.00,يوم واحد,23,5,75.0,عبدالله ل.,https://khamsat.com/user/abdullah_151199,True,بائع مميز,5.0,25,100.0%,3,35,ساعة
أعمال,https://khamsat.com/business,تحويل الملفات,https://khamsat.com/business/file-conversion,تنسيق ملف word بشكل احترافي و تحويل pdfالى word,https://khamsat.com/business/file-conversion/2989405-%D8%AA%D9%86%D8%B3%D9%8A%D9%82-%D9%85%D9%84%D9%81-word-%D8%A8%D8%B4%D9%83%D9%84-%D8%A7%D8%AD%D8%AA%D8%B1%D8%A7%D9%81%D9%8A-%D9%88-%D8%AA%D8%AD%D9%88%D9%8A%D9%84-pdf%D8%A7%D9%84%D9%89-word,5.0,5,22 دقيقة,7,0,$5.00,يومين,5,5,60.0,.Nour D,https://khamsat.com/user/nor_1192,True,بائع جديد,5.0,6,100.0%,4,8,24 دقيقة
أعمال,https://khamsat.com/business,تحويل الملفات,https://khamsat.com/business/file-conversion,التحويل من ملف pdf او صور الى word باحترافية,https://khamsat.com/business/file-conversion/960406-%D8%A7%D9%84%D8%AA%D8%AD%D9%88%D9%8A%D9%84-%D9%85%D9%86-%D9%85%D9%84%D9%81-pdf-%D8%A7%D9%88-%D8%B5%D9%88%D8%B1-%D8%A7%D9%84%D9%89-word-%D8%A8%D8%A7%D8%AD%D8%AA%D8%B1%D8%A7%D9%81%D9%8A%D8%A9,4.5,12,يوم,18,0,$5.00,يوم واحد,12,2,210.0,هنادي ا.,https://khamsat.com/user/%D9%87%D9%86%D8%A7%D8%AF%D9%8A-%D9%85%D8%AD%D9%85%D9%88%D8%AF,True,بائع مميز,4.5,70,94.72%,2,84,11 ساعة
أعمال,https://khamsat.com/business,تحويل الملفات,https://khamsat.com/business/file-conversion,تحويل ملف PDF معقد إلى Word,https://khamsat.com/business/file-conversion/2993145-%D8%AA%D8%AD%D9%88%D9%8A%D9%84-%D9%85%D9%84%D9%81-pdf-%D9%85%D8%B9%D9%82%D8%AF-%D8%A5%D9%84%D9%89-word,5.0,1,3 ساعات,1,0,$10.00,يومين,1,0,0.0,.Mohamed I,https://khamsat.com/user/drmohamed89,True,بائع جديد,5.0,1,100.0%,1,1,3 ساعات
أعمال,https://khamsat.com/business,تحويل الملفات,https://khamsat.com/business/file-conversion,تحويل ملف من صيغة pdf الى صيغة word والعكس,https://khamsat.com/business/file-conversion/1976210-%D8%AA%D8%AD%D9%88%D9%8A%D9%84-%D9%85%D9%84%D9%81-%D9%85%D9%86-%D8%B5%D9%8A%D8%BA%D8%A9-pdf-%D8%A7%D9%84%D9%89-%D8%B5%D9%8A%D8%BA%D8%A9-word-%D9%88%D8%A7%D9%84%D8%B9%D9%83%D8%B3,4.5,16,3 ساعات,18,0,$5.00,يومين,16,5,160.0,مهدي ع.,https://khamsat.com/user/joud_online20,True,بائع نشيط,4.5,16,100.0%,2,18,ساعة
أعمال,https://khamsat.com/business,تحويل الملفات,https://khamsat.com/business/file-conversion,تحويل مذكرات الرياضيات المكتوبة بخط اليد الى وورد,https://khamsat.com/business/file-conversion/2694789-%D8%AA%D8%AD%D9%88%D9%8A%D9%84-%D9%85%D8%B0%D9%83%D8%B1%D8%A7%D8%AA-%D8%A7%D9%84%D8%B1%D9%8A%D8%A7%D8%B6%D9%8A%D8%A7%D8%AA-%D8%A7%D9%84%D9%85%D9%83%D8%AA%D9%88%D8%A8%D8%A9-%D8%A8%D8%AE%D8%B7-%D8%A7%D9%84%D9%8A%D8%AF-%D8%A7%D9%84%D9%89-%D9%88%D9%88%D8%B1%D8%AF,5.0,9,3 ساعات,12,0,$5.00,يوم واحد,9,4,55.0,.Abdullah R,https://khamsat.com/user/abdallh_ramadan,True,بائع نشيط,5.0,9,100.0%,1,12,3 ساعات
أعمال,https://khamsat.com/business,تحويل الملفات,https://khamsat.com/business/file-conversion,تعديل أي ملف بصيغه .Stl. Obj أو أي صيغة ثلاثية ابعاد أخري,https://khamsat.com/business/file-conversion/2562511-%D8%AA%D8%B9%D8%AF%D9%8A%D9%84-%D8%A3%D9%8A-%D9%85%D9%84%D9%81-%D8%A8%D8%B5%D9%8A%D8%BA%D9%87-.stl.-obj-%D8%A3%D9%88-%D8%A3%D9%8A-%D8%B5%D9%8A%D8%BA%D8%A9-%D8%AB%D9%84%D8%A7%D8%AB%D9%8A%D8%A9-%D8%A7%D8%A8%D8%B9%D8%A7%D8%AF-%D8%A3%D8%AE%D8%B1%D9%8A,4.5,5,6 ساعات,9,0,$10.00,يوم واحد,5,5,130.0,.Alsharif A,https://khamsat.com/user/alsharif_adel,True,بائع نشيط,4.5,7,83.33%,3,14,6 ساعات
أعمال,https://khamsat.com/business,تحويل الملفات,https://khamsat.com/business/file-conversion,تحويل مشروع افترافكت After Effects إلى ملفات MOGRT,https://khamsat.com/business/file-conversion/2774441-%D8%AA%D8%AD%D9%88%D9%8A%D9%84-%D9%85%D8%B4%D8%B1%D9%88%D8%B9-%D8%A7%D9%81%D8%AA%D8%B1%D8%A7%D9%81%D9%83%D8%AA-after-effects-%D8%A5%D9%84%D9%89-%D9%85%D9%84%D9%81%D8%A7%D8%AA-mogrt,5.0,8,9 دقائق,8,0,$5.00,يوم واحد,8,4,120.0,مصطفى ع.,https://khamsat.com/user/mostafa_essam,True,بائع مميز,5.0,75,95.08%,12,76,51 دقيقة
أعمال,https://khamsat.com/business,تحويل الملفات,https://khamsat.com/business/file-conversion,تحويل أي ملف اكسيل إلى برنامج إحترافي بالاكسس,https://khamsat.com/business/file-conversion/2648664-%D8%AA%D8%AD%D9%88%D9%8A%D9%84-%D8%A3%D9%8A-%D9%85%D9%84%D9%81-%D8%A7%D9%83%D8%B3%D9%8A%D9%84-%D8%A5%D9%84%D9%89-%D8%A8%D8%B1%D9%86%D8%A7%D9%85%D8%AC-%D8%A5%D8%AD%D8%AA%D8%B1%D8%A7%D9%81%D9%8A-%D8%A8%D8%A7%D9%84%D8%A7%D9%83%D8%B3%D8%B3,5.0,18,15 دقيقة,22,0,$15.00,يومين,18,3,155.0,احمد ع.,https://khamsat.com/user/ahmed_el_shemy,True,بائع مميز,5.0,107,93.13%,16,94,25 دقيقة
أعمال,https://khamsat.com/business,تحويل الملفات,https://khamsat.com/business/file-conversion,تفريغ وتحويل وتنسيق ملفات بي دي إف pdf إلى وورد word,https://khamsat.com/business/file-conversion/2854675-%D8%AA%D9%81%D8%B1%D9%8A%D8%BA-%D9%88%D8%AA%D8%AD%D9%88%D9%8A%D9%84-%D9%88%D8%AA%D9%86%D8%B3%D9%8A%D9%82-%D9%85%D9%84%D9%81%D8%A7%D8%AA-%D8%A8%D9%8A-%D8%AF%D9%8A-%D8%A5%D9%81-pdf-%D8%A5%D9%84%D9%89-%D9%88%D9%88%D8%B1%D8%AF-word,5.0,8,ساعة,12,0,$5.00,يومين,8,5,75.0,.Eman A,https://khamsat.com/user/eman_assi,True,بائع نشيط,5.0,8,96.77%,2,12,ساعة
أعمال,https://khamsat.com/business,تحويل الملفات,https://khamsat.com/business/file-conversion,تحويل ملفات ال pdf والمقالات إلي وورد أو بوربوينت أو إكسل,https://khamsat.com/business/file-conversion/2448210-%D8%AA%D8%AD%D9%88%D9%8A%D9%84-%D9%85%D9%84%D9%81%D8%A7%D8%AA-%D8%A7%D9%84-pdf-%D9%88%D8%A7%D9%84%D9%85%D9%82%D8%A7%D9%84%D8%A7%D8%AA-%D8%A5%D9%84%D9%8A-%D9%88%D9%88%D8%B1%D8%AF-%D8%A3%D9%88-%D8%A8%D9%88%D8%B1%D8%A8%D9%88%D9%8A%D9%86%D8%AA-%D8%A3%D9%88-%D8%A5%D9%83%D8%B3%D9%84,5.0,20,47 دقيقة,23,0,$5.00,يومين,20,5,95.0,فاطمة الزهراء إ.,https://khamsat.com/user/tommy22,True,بائع مميز,5.0,51,98.18%,4,47,31 دقيقة
أعمال,https://khamsat.com/business,تحويل الملفات,https://khamsat.com/business/file-conversion,تحويل الملفات من صيغة ال Pdf إلي صيغة ال Word,https://khamsat.com/business/file-conversion/2587045-%D8%AA%D8%AD%D9%88%D9%8A%D9%84-%D8%A7%D9%84%D9%85%D9%84%D9%81%D8%A7%D8%AA-%D9%85%D9%86-%D8%B5%D9%8A%D8%BA%D8%A9-%D8%A7%D9%84-pdf-%D8%A5%D9%84%D9%8A-%D8%B5%D9%8A%D8%BA%D8%A9-%D8%A7%D9%84-word,4.5,11,45 دقيقة,14,0,$5.00,يوم واحد,11,1,20.0,.Nehal W,https://khamsat.com/user/nehal_wagih,True,بائع مميز,4.5,31,76.77%,2,32,34 دقيقة
أعمال,https://khamsat.com/business,تحويل الملفات,https://khamsat.com/business/file-conversion,تفريغ ملفات pdf في وورد وتنسيقها بسرعة وبأقل سعر,https://khamsat.com/business/file-conversion/2970865-%D8%AA%D9%81%D8%B1%D9%8A%D8%BA-%D9%85%D9%84%D9%81%D8%A7%D8%AA-pdf-%D9%81%D9%8A-%D9%88%D9%88%D8%B1%D8%AF-%D9%88%D8%AA%D9%86%D8%B3%D9%8A%D9%82%D9%87%D8%A7-%D8%A8%D8%B3%D8%B1%D8%B9%D8%A9-%D9%88%D8%A8%D8%A3%D9%82%D9%84-%D8%B3%D8%B9%D8%B1,4.5,7,40 دقيقة,7,1,$5.00,أسبوع,7,2,15.0,.Ahd D,https://khamsat.com/user/a_h_d22,True,بائع نشيط,4.5,8,100.0%,5,8,58 دقيقة
أعمال,https://khamsat.com/business,تحويل الملفات,https://khamsat.com/business/file-conversion,تحويل الوورد إلى بي دي أف pdf والعكس,https://khamsat.com/business/file-conversion/2823515-%D8%AA%D8%AD%D9%88%D9%8A%D9%84-%D8%A7%D9%84%D9%88%D9%88%D8%B1%D8%AF-%D8%A5%D9%84%D9%89-%D8%A8%D9%8A-%D8%AF%D9%8A-%D8%A3%D9%81-pdf-%D9%88%D8%A7%D9%84%D8%B9%D9%83%D8%B3,5.0,4,دقيقة,5,0,$10.00,يوم واحد,4,1,10.0,عائشة أ.,https://khamsat.com/user/aysha_24,True,بائع نشيط,5.0,14,83.78%,4,18,ساعة
أعمال,https://khamsat.com/business,تحويل الملفات,https://khamsat.com/business/file-conversion,تفريغ الصور والملفات على الورد مع التنسيق,https://khamsat.com/business/file-conversion/1217559-%D8%AA%D9%81%D8%B1%D9%8A%D8%BA-%D8%A7%D9%84%D8%B5%D9%88%D8%B1-%D9%88%D8%A7%D9%84%D9%85%D9%84%D9%81%D8%A7%D8%AA-%D8%B9%D9%84%D9%89-%D8%A7%D9%84%D9%88%D8%B1%D8%AF-%D9%85%D8%B9-%D8%A7%D9%84%D8%AA%D9%86%D8%B3%D9%8A%D9%82,5.0,30,44 دقيقة,47,0,$5.00,يوم واحد,25,1,20.0,.Shimaa E,https://khamsat.com/user/shimaa_elwakeel,True,بائع مميز,5.0,30,98.65%,1,47,44 دقيقة
أعمال,https://khamsat.com/business,تحويل الملفات,https://khamsat.com/business/file-conversion,كتابة ملفات PDF أو صور أو مستندات مسحوبة سكانر الى الوورد,https://khamsat.com/business/file-conversion/1046640-%D9%83%D8%AA%D8%A7%D8%A8%D8%A9-%D9%85%D9%84%D9%81%D8%A7%D8%AA-pdf-%D8%A3%D9%88-%D8%B5%D9%88%D8%B1-%D8%A3%D9%88-%D9%85%D8%B3%D8%AA%D9%86%D8%AF%D8%A7%D8%AA-%D9%85%D8%B3%D8%AD%D9%88%D8%A8%D8%A9-%D8%B3%D9%83%D8%A7%D9%86%D8%B1-%D8%A7%D9%84%D9%89-%D8%A7%D9%84%D9%88%D9%88%D8%B1%D8%AF,4.5,58,7 دقائق,76,0,$5.00,يوم واحد,25,5,75.0,.Nashaat A,https://khamsat.com/user/nashaat9951,True,بائع مميز,5.0,195,98.46%,2,267,7 ساعات
أعمال,https://khamsat.com/business,تحويل الملفات,https://khamsat.com/business/file-conversion,سنحول صيغة ملفك ال pdf الى word بدقة مع تنسيق الكلام,https://khamsat.com/business/file-conversion/1721379-%D8%B3%D9%86%D8%AD%D9%88%D9%84-%D8%B5%D9%8A%D8%BA%D8%A9-%D9%85%D9%84%D9%81%D9%83-%D8%A7%D9%84-pdf-%D8%A7%D9%84%D9%89-word-%D8%A8%D8%AF%D9%82%D8%A9-%D9%85%D8%B9-%D8%AA%D9%86%D8%B3%D9%8A%D9%82-%D8%A7%D9%84%D9%83%D9%84%D8%A7%D9%85,4.5,31,يومين,48,0,$5.00,يوم واحد,25,5,150.0,أنس ا.,https://khamsat.com/user/anasadham,True,بائع مميز,4.5,36,97.3%,2,51,20 ساعة
أعمال,https://khamsat.com/business,تحويل الملفات,https://khamsat.com/business/file-conversion,تحويل الصور وملفات ال pdf إلى ملفات وورد قابله للتعديل,https://khamsat.com/business/file-conversion/2452198-%D8%AA%D8%AD%D9%88%D9%8A%D9%84-%D8%A7%D9%84%D8%B5%D9%88%D8%B1-%D9%88%D9%85%D9%84%D9%81%D8%A7%D8%AA-%D8%A7%D9%84-pdf-%D8%A5%D9%84%D9%89-%D9%85%D9%84%D9%81%D8%A7%D8%AA-%D9%88%D9%88%D8%B1%D8%AF-%D9%82%D8%A7%D8%A8%D9%84%D9%87-%D9%84%D9%84%D8%AA%D8%B9%D8%AF%D9%8A%D9%84,5.0,46,ساعة,55,1,$5.00,يوم واحد,25,5,170.0,.Ahmed R,https://khamsat.com/user/ahmed_reda85,True,بائع مميز,5.0,60,95.74%,5,68,ساعة
أعمال,https://khamsat.com/business,تحويل الملفات,https://khamsat.com/business/file-conversion,إعداد وتحويل صيغ الكتب الإليكترونية المختلفة,https://khamsat.com/business/file-conversion/1303518-%D8%A5%D8%B9%D8%AF%D8%A7%D8%AF-%D9%88%D8%AA%D8%AD%D9%88%D9%8A%D9%84-%D8%B5%D9%8A%D8%BA-%D8%A7%D9%84%D9%83%D8%AA%D8%A8-%D8%A7%D9%84%D8%A5%D9%84%D9%8A%D9%83%D8%AA%D8%B1%D9%88%D9%86%D9%8A%D8%A9-%D8%A7%D9%84%D9%85%D8%AE%D8%AA%D9%84%D9%81%D8%A9,5.0,6,ساعتين,8,0,$5.00,يوم واحد,6,3,30.0,.Hemiar A,https://khamsat.com/user/hemiar,True,بائع نشيط,5.0,6,85.19%,2,8,16 ساعة
أعمال,https://khamsat.com/business,تحويل الملفات,https://khamsat.com/business/file-conversion,"تحويل ملفات Pdf to word, Excel أو ملفات مكتوبة بخط",https://khamsat.com/business/file-conversion/2269301-%D8%AA%D8%AD%D9%88%D9%8A%D9%84-%D9%85%D9%84%D9%81%D8%A7%D8%AA-pdf-to-word-excel-%D8%A3%D9%88-%D9%85%D9%84%D9%81%D8%A7%D8%AA-%D9%85%D9%83%D8%AA%D9%88%D8%A8%D8%A9-%D8%A8%D8%AE%D8%B7,5.0,7,6 ساعات,9,0,$5.00,يومين,7,5,35.0,محمد ج.,https://khamsat.com/user/mohamedgamal789,True,بائع نشيط,5.0,11,100.0%,4,11,يوم
أعمال,https://khamsat.com/business,تحويل الملفات,https://khamsat.com/business/file-conversion,تفريغ pdf إلى وورد وتحويل وورد إلى pdf,https://khamsat.com/business/file-conversion/2902981-%D8%AA%D9%81%D8%B1%D9%8A%D8%BA-pdf-%D8%A5%D9%84%D9%89-%D9%88%D9%88%D8%B1%D8%AF-%D9%88%D8%AA%D8%AD%D9%88%D9%8A%D9%84-%D9%88%D9%88%D8%B1%D8%AF-%D8%A5%D9%84%D9%89-pdf,5.0,3,4 ساعات,3,0,$5.00,يومين,3,0,0.0,عمرو ط.,https://khamsat.com/user/amro_talaat1981218,True,بائع نشيط,5.0,9,77.42%,4,10,ساعة
أعمال,https://khamsat.com/business,تحويل الملفات,https://khamsat.com/business/file-conversion,تحويل pdf الي word و تعديل و تحرير و تفريغ ال pdf,https://khamsat.com/business/file-conversion/1055565-%D8%AA%D8%AD%D9%88%D9%8A%D9%84-pdf-%D8%A7%D9%84%D9%8A-word-%D9%88-%D8%AA%D8%B9%D8%AF%D9%8A%D9%84-%D9%88-%D8%AA%D8%AD%D8%B1%D9%8A%D8%B1-%D9%88-%D8%AA%D9%81%D8%B1%D9%8A%D8%BA-%D8%A7%D9%84-pdf,5.0,4,18 ساعة,9,0,$5.00,يومين,4,5,95.0,.Kirollos S,https://khamsat.com/user/kirollos_sobhy,True,بائع مميز,4.5,118,96.99%,4,176,5 ساعات
أعمال,https://khamsat.com/business,تحويل الملفات,https://khamsat.com/business/file-conversion,تفريغ وتنسيق ملفات PDF أو صور على WORD أو EXCEL,https://khamsat.com/business/file-conversion/2196060-%D8%AA%D9%81%D8%B1%D9%8A%D8%BA-%D9%88%D8%AA%D9%86%D8%B3%D9%8A%D9%82-%D9%85%D9%84%D9%81%D8%A7%D8%AA-pdf-%D8%A3%D9%88-%D8%B5%D9%88%D8%B1-%D8%B9%D9%84%D9%89-word-%D8%A3%D9%88-excel,5.0,30,29 دقيقة,36,0,$5.00,يوم واحد,25,5,110.0,.Sabah K,https://khamsat.com/user/saba_can_do_it,True,بائع مميز,5.0,40,99.07%,5,47,ساعتين
أعمال,https://khamsat.com/business,تحويل الملفات,https://khamsat.com/business/file-conversion,تحويل الملفات من PDF إلى word في وقت قياسي,https://khamsat.com/business/file-conversion/2795674-%D8%AA%D8%AD%D9%88%D9%8A%D9%84-%D8%A7%D9%84%D9%85%D9%84%D9%81%D8%A7%D8%AA-%D9%85%D9%86-pdf-%D8%A5%D9%84%D9%89-word-%D9%81%D9%8A-%D9%88%D9%82%D8%AA-%D9%82%D9%8A%D8%A7%D8%B3%D9%8A,5.0,1,ساعتين,1,0,$5.00,يوم واحد,1,1,20.0,.Abdullah M,https://khamsat.com/user/abdullahhassan,True,بائع جديد,5.0,2,100.0%,3,1,3 ساعات
أعمال,https://khamsat.com/business,تحويل الملفات,https://khamsat.com/business/file-conversion,تحويل ملف ارقام إلى ملف جهات اتصال vCard (vcf),https://khamsat.com/business/file-conversion/2121335-%D8%AA%D8%AD%D9%88%D9%8A%D9%84-%D9%85%D9%84%D9%81-%D8%A7%D8%B1%D9%82%D8%A7%D9%85-%D8%A5%D9%84%D9%89-%D9%85%D9%84%D9%81-%D8%AC%D9%87%D8%A7%D8%AA-%D8%A7%D8%AA%D8%B5%D8%A7%D9%84-vcard-vcf,4.5,3,4 ساعات,5,0,$5.00,يوم واحد,3,4,25.0,أحمد س.,https://khamsat.com/user/zakria_naser,True,بائع مميز,5.0,21,98.45%,6,22,ساعتين
أعمال,https://khamsat.com/business,تحويل الملفات,https://khamsat.com/business/file-conversion,تفريغ او تحويل ملفات pdf الى اكسل وبالعكس,https://khamsat.com/business/file-conversion/2913438-%D8%AA%D9%81%D8%B1%D9%8A%D8%BA-%D8%A7%D9%88-%D8%AA%D8%AD%D9%88%D9%8A%D9%84-%D9%85%D9%84%D9%81%D8%A7%D8%AA-pdf-%D8%A7%D9%84%D9%89-%D8%A7%D9%83%D8%B3%D9%84-%D9%88%D8%A8%D8%A7%D9%84%D8%B9%D9%83%D8%B3,5.0,3,يوم,3,0,$5.00,يوم واحد,3,2,15.0,.Faten A,https://khamsat.com/user/fatn_12345,True,بائع جديد,5.0,4,75.0%,2,3,يوم
أعمال,https://khamsat.com/business,تحويل الملفات,https://khamsat.com/business/file-conversion,سأحول لك أي نوع من الملفات إلى word,https://khamsat.com/business/file-conversion/1696879-%D8%B3%D8%A3%D8%AD%D9%88%D9%84-%D9%84%D9%83-%D8%A3%D9%8A-%D9%86%D9%88%D8%B9-%D9%85%D9%86-%D8%A7%D9%84%D9%85%D9%84%D9%81%D8%A7%D8%AA-%D8%A5%D9%84%D9%89-word,5.0,8,9 ساعات,11,0,$5.00,يوم واحد,8,3,25.0,رغد ع.,https://khamsat.com/user/raghod99,True,بائع مميز,5.0,30,93.88%,3,37,9 ساعات
أعمال,https://khamsat.com/business,تحويل الملفات,https://khamsat.com/business/file-conversion,تحويل ملفات pdfإلي ملفات word بدقة عالية أو تنسيق txtقابلة ل,https://khamsat.com/business/file-conversion/2435624-%D8%AA%D8%AD%D9%88%D9%8A%D9%84-%D9%85%D9%84%D9%81%D8%A7%D8%AA-pdf%D8%A5%D9%84%D9%8A-%D9%85%D9%84%D9%81%D8%A7%D8%AA-word-%D8%A8%D8%AF%D9%82%D8%A9-%D8%B9%D8%A7%D9%84%D9%8A%D8%A9-%D8%A3%D9%88-%D8%AA%D9%86%D8%B3%D9%8A%D9%82-txt%D9%82%D8%A7%D8%A8%D9%84%D8%A9-%D9%84,5.0,4,ساعة,6,0,$5.00,يومين,4,1,10.0,.Sabrine M,https://khamsat.com/user/sabrina_246,True,بائع نشيط,5.0,4,100.0%,2,6,ساعة
أعمال,https://khamsat.com/business,تحويل الملفات,https://khamsat.com/business/file-conversion,تفريغ وتحويل الملفات من صيغة pdf إلى أي صيغة تريدها,https://khamsat.com/business/file-conversion/2948693-%D8%AA%D9%81%D8%B1%D9%8A%D8%BA-%D9%88%D8%AA%D8%AD%D9%88%D9%8A%D9%84-%D8%A7%D9%84%D9%85%D9%84%D9%81%D8%A7%D8%AA-%D9%85%D9%86-%D8%B5%D9%8A%D8%BA%D8%A9-pdf-%D8%A5%D9%84%D9%89-%D8%A3%D9%8A-%D8%B5%D9%8A%D8%BA%D8%A9-%D8%AA%D8%B1%D9%8A%D8%AF%D9%87%D8%A7,5.0,4,دقيقتين,5,0,$5.00,يوم واحد,4,5,75.0,.Ahmad M,https://khamsat.com/user/ahmadg97,True,بائع نشيط,5.0,14,100.0%,5,12,ساعة
أعمال,https://khamsat.com/business,البحث على الإنترنت,https://khamsat.com/business/web-research,سأقوم بالبحث وجمع المعلومات لأي موضوع تريده,https://khamsat.com/business/web-research/1274876-%D8%B3%D8%A3%D9%82%D9%88%D9%85-%D8%A8%D8%A7%D9%84%D8%A8%D8%AD%D8%AB-%D9%88%D8%AC%D9%85%D8%B9-%D8%A7%D9%84%D9%85%D8%B9%D9%84%D9%88%D9%85%D8%A7%D8%AA-%D9%84%D8%A3%D9%8A-%D9%85%D9%88%D8%B6%D9%88%D8%B9-%D8%AA%D8%B1%D9%8A%D8%AF%D9%87,4.5,93,يومين,119,0,$5.00,يومين,25,5,100.0,.Ahmed N,https://khamsat.com/user/al-anbary,True,بائع مميز,4.5,105,98.1%,5,125,20 ساعة
أعمال,https://khamsat.com/business,البحث على الإنترنت,https://khamsat.com/business/web-research,خدمة كتابة تقرير (بحث) عن اي موضوع في التكنولوجيا,https://khamsat.com/business/web-research/1732576-%D8%AE%D8%AF%D9%85%D8%A9-%D9%83%D8%AA%D8%A7%D8%A8%D8%A9-%D8%AA%D9%82%D8%B1%D9%8A%D8%B1-%D8%A8%D8%AD%D8%AB-%D8%B9%D9%86-%D8%A7%D9%8A-%D9%85%D9%88%D8%B6%D9%88%D8%B9-%D9%81%D9%8A-%D8%A7%D9%84%D8%AA%D9%83%D9%86%D9%88%D9%84%D9%88%D8%AC%D9%8A%D8%A7,5.0,44,45 دقيقة,62,1,$5.00,يوم واحد,25,4,30.0,هاني م.,https://khamsat.com/user/hanimahii2,True,بائع مميز,5.0,47,95.78%,9,69,ساعة
أعمال,https://khamsat.com/business,البحث على الإنترنت,https://khamsat.com/business/web-research,ابحث لك عن ما تحتاجه من معلومات ،موثوقة دقيقة.,https://khamsat.com/business/web-research/2887897-%D8%A7%D8%A8%D8%AD%D8%AB-%D9%84%D9%83-%D8%B9%D9%86-%D9%85%D8%A7-%D8%AA%D8%AD%D8%AA%D8%A7%D8%AC%D9%87-%D9%85%D9%86-%D9%85%D8%B9%D9%84%D9%88%D9%85%D8%A7%D8%AA-%D9%85%D9%88%D8%AB%D9%88%D9%82%D8%A9-%D8%AF%D9%82%D9%8A%D9%82%D8%A9,5.0,4,3 دقائق,5,0,$5.00,يوم واحد,4,5,85.0,.Fathy A,https://khamsat.com/user/creative-team,True,بائع مميز,5.0,18,62.22%,3,15,10 ساعات
أعمال,https://khamsat.com/business,البحث على الإنترنت,https://khamsat.com/business/web-research,البحث عبر الشبكة العنكبوتية عن اي موضوع وجمع المعلومات,https://khamsat.com/business/web-research/1676575-%D8%A7%D9%84%D8%A8%D8%AD%D8%AB-%D8%B9%D8%A8%D8%B1-%D8%A7%D9%84%D8%B4%D8%A8%D9%83%D8%A9-%D8%A7%D9%84%D8%B9%D9%86%D9%83%D8%A8%D9%88%D8%AA%D9%8A%D8%A9-%D8%B9%D9%86-%D8%A7%D9%8A-%D9%85%D9%88%D8%B6%D9%88%D8%B9-%D9%88%D8%AC%D9%85%D8%B9-%D8%A7%D9%84%D9%85%D8%B9%D9%84%D9%88%D9%85%D8%A7%D8%AA,5.0,35,11 دقيقة,48,0,$5.00,يومين,25,4,60.0,أمة الرحمن ا.,https://khamsat.com/user/amatalrahman,True,بائع مميز,5.0,59,95.17%,6,70,ساعتين
أعمال,https://khamsat.com/business,البحث على الإنترنت,https://khamsat.com/business/web-research,البحث على الأنترنت وجمع المعلومات عن أي موضوع مطلوب,https://khamsat.com/business/web-research/2882816-%D8%A7%D9%84%D8%A8%D8%AD%D8%AB-%D8%B9%D9%84%D9%89-%D8%A7%D9%84%D8%A3%D9%86%D8%AA%D8%B1%D9%86%D8%AA-%D9%88%D8%AC%D9%85%D8%B9-%D8%A7%D9%84%D9%85%D8%B9%D9%84%D9%88%D9%85%D8%A7%D8%AA-%D8%B9%D9%86-%D8%A3%D9%8A-%D9%85%D9%88%D8%B6%D9%88%D8%B9-%D9%85%D8%B7%D9%84%D9%88%D8%A8,5.0,2,4 دقائق,3,0,$5.00,يوم واحد,2,4,55.0,أمجد ش.,https://khamsat.com/user/amjad1080,True,بائع مميز,5.0,36,77.53%,2,40,23 دقيقة
أعمال,https://khamsat.com/business,البحث على الإنترنت,https://khamsat.com/business/web-research,أساعدك في ايجاد مقالات حصرية باللغة الإنجليزية بطريقة مضمونة,https://khamsat.com/business/web-research/1628441-%D8%A3%D8%B3%D8%A7%D8%B9%D8%AF%D9%83-%D9%81%D9%8A-%D8%A7%D9%8A%D8%AC%D8%A7%D8%AF-%D9%85%D9%82%D8%A7%D9%84%D8%A7%D8%AA-%D8%AD%D8%B5%D8%B1%D9%8A%D8%A9-%D8%A8%D8%A7%D9%84%D9%84%D8%BA%D8%A9-%D8%A7%D9%84%D8%A5%D9%86%D8%AC%D9%84%D9%8A%D8%B2%D9%8A%D8%A9-%D8%A8%D8%B7%D8%B1%D9%8A%D9%82%D8%A9-%D9%85%D8%B6%D9%85%D9%88%D9%86%D8%A9,5.0,66,11 دقيقة,73,0,$10.00,يوم واحد,25,0,0.0,.Najeeb A,https://khamsat.com/user/najeeb-al-haddad,True,بائع مميز,5.0,74,88.46%,14,80,11 ساعة
أعمال,https://khamsat.com/business,البحث على الإنترنت,https://khamsat.com/business/web-research,أعمل لك بحث في أي موضوع,https://khamsat.com/business/web-research/1214662-%D8%A3%D8%B9%D9%85%D9%84-%D9%84%D9%83-%D8%A8%D8%AD%D8%AB-%D9%81%D9%8A-%D8%A3%D9%8A-%D9%85%D9%88%D8%B6%D9%88%D8%B9,5.0,41,يوم,59,0,$5.00,يوم واحد,25,0,0.0,عزيز أ.,https://khamsat.com/user/azizakaoui11,True,بائع مميز,5.0,43,94.61%,3,59,7 ساعات
أعمال,https://khamsat.com/business,البحث على الإنترنت,https://khamsat.com/business/web-research,سأقوم بجمع المعلومات لأي موضوع او شيء تريده,https://khamsat.com/business/web-research/2570870-%D8%B3%D8%A3%D9%82%D9%88%D9%85-%D8%A8%D8%AC%D9%85%D8%B9-%D8%A7%D9%84%D9%85%D8%B9%D9%84%D9%88%D9%85%D8%A7%D8%AA-%D9%84%D8%A3%D9%8A-%D9%85%D9%88%D8%B6%D9%88%D8%B9-%D8%A7%D9%88-%D8%B4%D9%8A%D8%A1-%D8%AA%D8%B1%D9%8A%D8%AF%D9%87,5.0,3,يوم,4,0,$10.00,يومين,3,1,5.0,.Mouhamad Ameen A,https://khamsat.com/user/mouhamad_ameen,True,بائع جديد,5.0,3,64.29%,2,4,يوم
أعمال,https://khamsat.com/business,البحث على الإنترنت,https://khamsat.com/business/web-research,البحث عن أى معلومات تريدها,https://khamsat.com/business/web-research/1168221-%D8%A7%D9%84%D8%A8%D8%AD%D8%AB-%D8%B9%D9%86-%D8%A3%D9%89-%D9%85%D8%B9%D9%84%D9%88%D9%85%D8%A7%D8%AA-%D8%AA%D8%B1%D9%8A%D8%AF%D9%87%D8%A7,5.0,2,يوم,3,0,$5.00,ثلاثة أيام,2,1,15.0,عبد الرحمن م.,https://khamsat.com/user/%D8%B9%D8%A8%D8%AF-%D8%A7%D9%84%D8%B1%D8%AD%D9%85%D9%86qz,True,بائع جديد,5.0,4,60.0%,1,5,9 ساعات
أعمال,https://khamsat.com/business,البحث على الإنترنت,https://khamsat.com/business/web-research,معلومات وابحاث في علوم المختبرات الطبية وتقنيات المختبرات,https://khamsat.com/business/web-research/2882560-%D9%85%D8%B9%D9%84%D9%88%D9%85%D8%A7%D8%AA-%D9%88%D8%A7%D8%A8%D8%AD%D8%A7%D8%AB-%D9%81%D9%8A-%D8%B9%D9%84%D9%88%D9%85-%D8%A7%D9%84%D9%85%D8%AE%D8%AA%D8%A8%D8%B1%D8%A7%D8%AA-%D8%A7%D9%84%D8%B7%D8%A8%D9%8A%D8%A9-%D9%88%D8%AA%D9%82%D9%86%D9%8A%D8%A7%D8%AA-%D8%A7%D9%84%D9%85%D8%AE%D8%AA%D8%A8%D8%B1%D8%A7%D8%AA,5.0,1,4 ساعات,1,0,$5.00,يومين,1,2,15.0,عبدالكريم س.,https://khamsat.com/user/kareem454,True,بائع جديد,5.0,1,100.0%,1,1,4 ساعات
أعمال,https://khamsat.com/business,البحث على الإنترنت,https://khamsat.com/business/web-research,البحث واستخراج بيانات من جوجل ومحركات البحث,https://khamsat.com/business/web-research/1232751-%D8%A7%D9%84%D8%A8%D8%AD%D8%AB-%D9%88%D8%A7%D8%B3%D8%AA%D8%AE%D8%B1%D8%A7%D8%AC-%D8%A8%D9%8A%D8%A7%D9%86%D8%A7%D8%AA-%D9%85%D9%86-%D8%AC%D9%88%D8%AC%D9%84-%D9%88%D9%85%D8%AD%D8%B1%D9%83%D8%A7%D8%AA-%D8%A7%D9%84%D8%A8%D8%AD%D8%AB,5.0,5,18 يوم,6,0,$5.00,ثلاثة أيام,5,4,50.0,لين ع.,https://khamsat.com/user/leen96,True,بائع نشيط,5.0,20,95.12%,7,18,يوم
أعمال,https://khamsat.com/business,البحث على الإنترنت,https://khamsat.com/business/web-research,ابحث لك عبر الانترنت عن المعلومات والبحوث التى تحتاجها,https://khamsat.com/business/web-research/1101255-%D8%A7%D8%A8%D8%AD%D8%AB-%D9%84%D9%83-%D8%B9%D8%A8%D8%B1-%D8%A7%D9%84%D8%A7%D9%86%D8%AA%D8%B1%D9%86%D8%AA-%D8%B9%D9%86-%D8%A7%D9%84%D9%85%D8%B9%D9%84%D9%88%D9%85%D8%A7%D8%AA-%D9%88%D8%A7%D9%84%D8%A8%D8%AD%D9%88%D8%AB-%D8%A7%D9%84%D8%AA%D9%89-%D8%AA%D8%AD%D8%AA%D8%A7%D8%AC%D9%87%D8%A7,5.0,2,9 دقائق,2,0,$5.00,يوم واحد,2,2,30.0,منصور ع.,https://khamsat.com/user/mansoor-ali,True,بائع مميز,4.5,83,94.44%,14,120,12 ساعة
أعمال,https://khamsat.com/business,البحث على الإنترنت,https://khamsat.com/business/web-research,بحث و تجميع بيانات م الانترنت,https://khamsat.com/business/web-research/2493456-%D8%A8%D8%AD%D8%AB-%D9%88-%D8%AA%D8%AC%D9%85%D9%8A%D8%B9-%D8%A8%D9%8A%D8%A7%D9%86%D8%A7%D8%AA-%D9%85-%D8%A7%D9%84%D8%A7%D9%86%D8%AA%D8%B1%D9%86%D8%AA,5.0,10,3 دقائق,12,0,$5.00,يوم واحد,10,3,35.0,سارة ر.,https://khamsat.com/user/sara179,True,بائع نشيط,5.0,20,97.92%,5,23,50 دقيقة
أعمال,https://khamsat.com/business,البحث على الإنترنت,https://khamsat.com/business/web-research,سأقوم بالبحث عن أي موضوع او مقال تريد تجميع البيانات عنه,https://khamsat.com/business/web-research/1866416-%D8%B3%D8%A3%D9%82%D9%88%D9%85-%D8%A8%D8%A7%D9%84%D8%A8%D8%AD%D8%AB-%D8%B9%D9%86-%D8%A3%D9%8A-%D9%85%D9%88%D8%B6%D9%88%D8%B9-%D8%A7%D9%88-%D9%85%D9%82%D8%A7%D9%84-%D8%AA%D8%B1%D9%8A%D8%AF-%D8%AA%D8%AC%D9%85%D9%8A%D8%B9-%D8%A7%D9%84%D8%A8%D9%8A%D8%A7%D9%86%D8%A7%D8%AA-%D8%B9%D9%86%D9%87,4.5,2,11 يوم,3,0,$5.00,يومين,2,2,215.0,طارق ج.,https://khamsat.com/user/tarek-elgendy,True,بائع مميز,4.5,116,77.97%,5,247,17 ساعة
أعمال,https://khamsat.com/business,البحث على الإنترنت,https://khamsat.com/business/web-research,إنجاز بحث إسلامي في أي موضوع,https://khamsat.com/business/web-research/2414989-%D8%A5%D9%86%D8%AC%D8%A7%D8%B2-%D8%A8%D8%AD%D8%AB-%D8%A5%D8%B3%D9%84%D8%A7%D9%85%D9%8A-%D9%81%D9%8A-%D8%A3%D9%8A-%D9%85%D9%88%D8%B6%D9%88%D8%B9,5.0,3,8 ساعات,3,1,$5.00,يومين,3,5,75.0,المهدي ب.,https://khamsat.com/user/khaled_okba,True,بائع جديد,5.0,3,62.5%,2,3,8 ساعات
أعمال,https://khamsat.com/business,البحث على الإنترنت,https://khamsat.com/business/web-research,توفير 30 مرجع لها علاقة مباشرة بتخصصك أو بحثك,https://khamsat.com/business/web-research/1373520-%D8%AA%D9%88%D9%81%D9%8A%D8%B1-30-%D9%85%D8%B1%D8%AC%D8%B9-%D9%84%D9%87%D8%A7-%D8%B9%D9%84%D8%A7%D9%82%D8%A9-%D9%85%D8%A8%D8%A7%D8%B4%D8%B1%D8%A9-%D8%A8%D8%AA%D8%AE%D8%B5%D8%B5%D9%83-%D8%A3%D9%88-%D8%A8%D8%AD%D8%AB%D9%83,5.0,2,دقيقتين,3,0,$5.00,يومين,2,1,5.0,محمد س.,https://khamsat.com/user/topservice_20,True,بائع نشيط,5.0,21,79.25%,4,12,9 ساعات
أعمال,https://khamsat.com/business,البحث على الإنترنت,https://khamsat.com/business/web-research,عمل بحث على الانترنت لمعلومات حسب طلب العميل,https://khamsat.com/business/web-research/1498307-%D8%B9%D9%85%D9%84-%D8%A8%D8%AD%D8%AB-%D8%B9%D9%84%D9%89-%D8%A7%D9%84%D8%A7%D9%86%D8%AA%D8%B1%D9%86%D8%AA-%D9%84%D9%85%D8%B9%D9%84%D9%88%D9%85%D8%A7%D8%AA-%D8%AD%D8%B3%D8%A8-%D8%B7%D9%84%D8%A8-%D8%A7%D9%84%D8%B9%D9%85%D9%8A%D9%84,5.0,9,32 دقيقة,10,0,$5.00,يوم واحد,9,0,0.0,محمد ع.,https://khamsat.com/user/wafai2011,True,بائع مميز,5.0,127,96.21%,9,134,3 ساعات
أعمال,https://khamsat.com/business,البحث على الإنترنت,https://khamsat.com/business/web-research,سأقوم بالبحث و جمع المعلومات في أي موضوع تريده بالعربية,https://khamsat.com/business/web-research/1412353-%D8%B3%D8%A3%D9%82%D9%88%D9%85-%D8%A8%D8%A7%D9%84%D8%A8%D8%AD%D8%AB-%D9%88-%D8%AC%D9%85%D8%B9-%D8%A7%D9%84%D9%85%D8%B9%D9%84%D9%88%D9%85%D8%A7%D8%AA-%D9%81%D9%8A-%D8%A3%D9%8A-%D9%85%D9%88%D8%B6%D9%88%D8%B9-%D8%AA%D8%B1%D9%8A%D8%AF%D9%87-%D8%A8%D8%A7%D9%84%D8%B9%D8%B1%D8%A8%D9%8A%D8%A9,5.0,4,4 ساعات,4,0,$5.00,يومين,4,3,30.0,.Soumia B,https://khamsat.com/user/soumiadjamal19,True,بائع نشيط,5.0,10,52.38%,4,10,ساعتين
أعمال,https://khamsat.com/business,البحث على الإنترنت,https://khamsat.com/business/web-research,خدمة البحث في الإنترنت على معلومات أوبيانات حسب الطلب,https://khamsat.com/business/web-research/1678771-%D8%AE%D8%AF%D9%85%D8%A9-%D8%A7%D9%84%D8%A8%D8%AD%D8%AB-%D9%81%D9%8A-%D8%A7%D9%84%D8%A5%D9%86%D8%AA%D8%B1%D9%86%D8%AA-%D8%B9%D9%84%D9%89-%D9%85%D8%B9%D9%84%D9%88%D9%85%D8%A7%D8%AA-%D8%A3%D9%88%D8%A8%D9%8A%D8%A7%D9%86%D8%A7%D8%AA-%D8%AD%D8%B3%D8%A8-%D8%A7%D9%84%D8%B7%D9%84%D8%A8,5.0,1,9 ساعات,1,0,$5.00,يومين,1,1,5.0,حامد ا.,https://khamsat.com/user/hamedalkas,True,بائع نشيط,5.0,12,84.0%,6,14,4 ساعات
أعمال,https://khamsat.com/business,البحث على الإنترنت,https://khamsat.com/business/web-research,البحث عن معلومات حول أي موضوع تحتاجه,https://khamsat.com/business/web-research/1591609-%D8%A7%D9%84%D8%A8%D8%AD%D8%AB-%D8%B9%D9%86-%D9%85%D8%B9%D9%84%D9%88%D9%85%D8%A7%D8%AA-%D8%AD%D9%88%D9%84-%D8%A3%D9%8A-%D9%85%D9%88%D8%B6%D9%88%D8%B9-%D8%AA%D8%AD%D8%AA%D8%A7%D8%AC%D9%87,5.0,2,يوم,4,0,$5.00,يوم واحد,2,1,10.0,.Zineb M,https://khamsat.com/user/zinebmardas,True,بائع نشيط,5.0,9,71.43%,1,15,23 ساعة
أعمال,https://khamsat.com/business,البحث على الإنترنت,https://khamsat.com/business/web-research,اعطيك اكبر مجموعة مواقع للأستفادة من الانترنت وانت في المنزل,https://khamsat.com/business/web-research/356337-%D8%A7%D8%B9%D8%B7%D9%8A%D9%83-%D8%A7%D9%83%D8%A8%D8%B1-%D9%85%D8%AC%D9%85%D9%88%D8%B9%D8%A9-%D9%85%D9%88%D8%A7%D9%82%D8%B9-%D9%84%D9%84%D8%A3%D8%B3%D8%AA%D9%81%D8%A7%D8%AF%D8%A9-%D9%85%D9%86-%D8%A7%D9%84%D8%A7%D9%86%D8%AA%D8%B1%D9%86%D8%AA-%D9%88%D8%A7%D9%86%D8%AA-%D9%81%D9%8A-%D8%A7%D9%84%D9%85%D9%86%D8%B2%D9%84,5.0,6,5 دقائق,9,0,$5.00,يوم واحد,6,0,0.0,.Said M,https://khamsat.com/user/saheralialy,True,بائع مميز,5.0,112,72.2%,6,136,يوم
أعمال,https://khamsat.com/business,البحث على الإنترنت,https://khamsat.com/business/web-research,البحث الدقيق عبر الانترنت عن منتجات أو معلومات أو منافسين,https://khamsat.com/business/web-research/1306828-%D8%A7%D9%84%D8%A8%D8%AD%D8%AB-%D8%A7%D9%84%D8%AF%D9%82%D9%8A%D9%82-%D8%B9%D8%A8%D8%B1-%D8%A7%D9%84%D8%A7%D9%86%D8%AA%D8%B1%D9%86%D8%AA-%D8%B9%D9%86-%D9%85%D9%86%D8%AA%D8%AC%D8%A7%D8%AA-%D8%A3%D9%88-%D9%85%D8%B9%D9%84%D9%88%D9%85%D8%A7%D8%AA-%D8%A3%D9%88-%D9%85%D9%86%D8%A7%D9%81%D8%B3%D9%8A%D9%86,5.0,2,18 ساعة,4,0,$5.00,يومين,2,3,290.0,نهى ر.,https://khamsat.com/user/%D9%86%D9%87%D9%89-%D8%B1%D8%B6%D9%88%D8%A7%D9%86,True,بائع مميز,5.0,37,96.64%,4,55,8 ساعات
أعمال,https://khamsat.com/business,البحث على الإنترنت,https://khamsat.com/business/web-research,بحث وتجميع معلومات عن أي موضوع تريده,https://khamsat.com/business/web-research/1021019-%D8%A8%D8%AD%D8%AB-%D9%88%D8%AA%D8%AC%D9%85%D9%8A%D8%B9-%D9%85%D8%B9%D9%84%D9%88%D9%85%D8%A7%D8%AA-%D8%B9%D9%86-%D8%A3%D9%8A-%D9%85%D9%88%D8%B6%D9%88%D8%B9-%D8%AA%D8%B1%D9%8A%D8%AF%D9%87,0.0,0,7 ساعات,1,0,$5.00,يومين,0,1,5.0,.Yasmin G,https://khamsat.com/user/yasmingamal,False,بائع نشيط,3.5,4,76.92%,4,6,19 ساعة
أعمال,https://khamsat.com/business,البحث على الإنترنت,https://khamsat.com/business/web-research,بحث مفصّل بالنتائج لأفكارك ومشاريعك,https://khamsat.com/business/web-research/3040919-%D8%A8%D8%AD%D8%AB-%D9%85%D9%81%D8%B5%D9%84-%D8%A8%D8%A7%D9%84%D9%86%D8%AA%D8%A7%D8%A6%D8%AC-%D9%84%D8%A3%D9%81%D9%83%D8%A7%D8%B1%D9%83-%D9%88%D9%85%D8%B4%D8%A7%D8%B1%D9%8A%D8%B9%D9%83,0.0,0,لم يحسب,0,0,$5.00,يوم واحد,0,3,15.0,هاجر م.,https://khamsat.com/user/hagermoharram,True,بائع جديد,0.0,0,لم يحسب بعد,1,0,لم يحسب
أعمال,https://khamsat.com/business,البحث على الإنترنت,https://khamsat.com/business/web-research,البحث وجمع المعلومات في كافة المجالات من الإنترنت,https://khamsat.com/business/web-research/2064531-%D8%A7%D9%84%D8%A8%D8%AD%D8%AB-%D9%88%D8%AC%D9%85%D8%B9-%D8%A7%D9%84%D9%85%D8%B9%D9%84%D9%88%D9%85%D8%A7%D8%AA-%D9%81%D9%8A-%D9%83%D8%A7%D9%81%D8%A9-%D8%A7%D9%84%D9%85%D8%AC%D8%A7%D9%84%D8%A7%D8%AA-%D9%85%D9%86-%D8%A7%D9%84%D8%A5%D9%86%D8%AA%D8%B1%D9%86%D8%AA,5.0,5,3 أيام,7,0,$5.00,ثلاثة أيام,5,2,20.0,مرح ك.,https://khamsat.com/user/marah_bassam_kabes,True,بائع مميز,5.0,55,96.12%,9,50,11 ساعة
أعمال,https://khamsat.com/business,البحث على الإنترنت,https://khamsat.com/business/web-research,ابحث لك عن كل ما تريده على الإنترنت ب 5 دولار,https://khamsat.com/business/web-research/1196991-%D8%A7%D8%A8%D8%AD%D8%AB-%D9%84%D9%83-%D8%B9%D9%86-%D9%83%D9%84-%D9%85%D8%A7-%D8%AA%D8%B1%D9%8A%D8%AF%D9%87-%D8%B9%D9%84%D9%89-%D8%A7%D9%84%D8%A5%D9%86%D8%AA%D8%B1%D9%86%D8%AA-%D8%A8-5-%D8%AF%D9%88%D9%84%D8%A7%D8%B1,5.0,2,3 ساعات,5,0,$5.00,يومين,2,0,0.0,.Tamer E,https://khamsat.com/user/tamergads,True,بائع مميز,5.0,8,93.68%,4,15,10 ساعات
أعمال,https://khamsat.com/business,البحث على الإنترنت,https://khamsat.com/business/web-research,البحث في الانترنت وتجميع معلومات,https://khamsat.com/business/web-research/1747360-%D8%A7%D9%84%D8%A8%D8%AD%D8%AB-%D9%81%D9%8A-%D8%A7%D9%84%D8%A7%D9%86%D8%AA%D8%B1%D9%86%D8%AA-%D9%88%D8%AA%D8%AC%D9%85%D9%8A%D8%B9-%D9%85%D8%B9%D9%84%D9%88%D9%85%D8%A7%D8%AA,5.0,2,12 ساعة,2,0,$5.00,ثلاثة أيام,2,1,5.0,سامي ش.,https://khamsat.com/user/samishafiq,True,بائع جديد,5.0,2,66.67%,3,2,8 ساعات
أعمال,https://khamsat.com/business,البحث على الإنترنت,https://khamsat.com/business/web-research,البحث عبر جوجل عن أي موضوع وجمع معلومات دقيقة,https://khamsat.com/business/web-research/2735535-%D8%A7%D9%84%D8%A8%D8%AD%D8%AB-%D8%B9%D8%A8%D8%B1-%D8%AC%D9%88%D8%AC%D9%84-%D8%B9%D9%86-%D8%A3%D9%8A-%D9%85%D9%88%D8%B6%D9%88%D8%B9-%D9%88%D8%AC%D9%85%D8%B9-%D9%85%D8%B9%D9%84%D9%88%D9%85%D8%A7%D8%AA-%D8%AF%D9%82%D9%8A%D9%82%D8%A9,0.0,0,لم يحسب,0,0,$5.00,يوم واحد,0,4,50.0,.Eman R,https://khamsat.com/user/eman_ramadan23,True,بائع جديد,0.0,0,لم يحسب بعد,2,0,لم يحسب
أعمال,https://khamsat.com/business,البحث على الإنترنت,https://khamsat.com/business/web-research,ابحث لك في شبكه الأنترنت على كل ما تريده,https://khamsat.com/business/web-research/1790162-%D8%A7%D8%A8%D8%AD%D8%AB-%D9%84%D9%83-%D9%81%D9%8A-%D8%B4%D8%A8%D9%83%D9%87-%D8%A7%D9%84%D8%A3%D9%86%D8%AA%D8%B1%D9%86%D8%AA-%D8%B9%D9%84%D9%89-%D9%83%D9%84-%D9%85%D8%A7-%D8%AA%D8%B1%D9%8A%D8%AF%D9%87,0.0,0,5 أيام,0,0,$5.00,يوم واحد,0,0,0.0,.Esmail A,https://khamsat.com/user/esmailalaasar20,True,بائع جديد,5.0,1,100.0%,5,1,يومين
أعمال,https://khamsat.com/business,البحث على الإنترنت,https://khamsat.com/business/web-research,مواقع تعليمية رائعة عربية وانجليزية في مختلف المجالات,https://khamsat.com/business/web-research/1470133-%D9%85%D9%88%D8%A7%D9%82%D8%B9-%D8%AA%D8%B9%D9%84%D9%8A%D9%85%D9%8A%D8%A9-%D8%B1%D8%A7%D8%A6%D8%B9%D8%A9-%D8%B9%D8%B1%D8%A8%D9%8A%D8%A9-%D9%88%D8%A7%D9%86%D8%AC%D9%84%D9%8A%D8%B2%D9%8A%D8%A9-%D9%81%D9%8A-%D9%85%D8%AE%D8%AA%D9%84%D9%81-%D8%A7%D9%84%D9%85%D8%AC%D8%A7%D9%84%D8%A7%D8%AA,0.0,0,لم يحسب,0,0,$5.00,يوم واحد,0,3,20.0,.Mariem K,https://khamsat.com/user/mariem84,True,بائع جديد,5.0,6,81.82%,5,9,22 ساعة
