Category Name,Category URL,Service Name,Service URL,Offer Name,Offer URL,Offer Stars,Offer Raters,Offer Response Time,Offer Buyers,Pending,Price,Duration,Reviews,Available Additions,Additions Price,Owner Name,Owner URL,Owner Verified,Owner Level,Owner Stars,Owner Raters,Owner Completion Rate,Owner Services,Owner Customers,Owner Response Time
برمجة وتطوير,https://khamsat.com/programming,إنشاء موقع إلكتروني,https://khamsat.com/programming/custom-website-development,إنشاء واجهات أمامية لموقع ويب,https://khamsat.com/programming/custom-website-development/3024832-%D8%A5%D9%86%D8%B4%D8%A7%D8%A1-%D9%88%D8%A7%D8%AC%D9%87%D8%A7%D8%AA-%D8%A3%D9%85%D8%A7%D9%85%D9%8A%D8%A9-%D9%84%D9%85%D9%88%D9%82%D8%B9-%D9%88%D9%8A%D8%A8,5.0,1,أقل من دقيقة,1,0,$10.00,يومين,1,4,95.0,.Abdalla G,https://khamsat.com/user/abdallagamalph,True,بائع جديد,5.0,1,100.0%,1,1,أقل من دقيقة
برمجة وتطوير,https://khamsat.com/programming,إنشاء موقع إلكتروني,https://khamsat.com/programming/custom-website-development,انشاء موقع رياضي به مباريات اليوم والأمس والغد,https://khamsat.com/programming/custom-website-development/2706673-%D8%A7%D9%86%D8%B4%D8%A7%D8%A1-%D9%85%D9%88%D9%82%D8%B9-%D8%B1%D9%8A%D8%A7%D8%B6%D9%8A-%D8%A8%D9%87-%D9%85%D8%A8%D8%A7%D8%B1%D9%8A%D8%A7%D8%AA-%D8%A7%D9%84%D9%8A%D9%88%D9%85-%D9%88%D8%A7%D9%84%D8%A3%D9%85%D8%B3-%D9%88%D8%A7%D9%84%D8%BA%D8%AF,0.0,0,لم يحسب,1,0,$50.00,يوم واحد,0,0,0.0,.Shimaa G,https://khamsat.com/user/rana.ga1,True,بائع مميز,5.0,44,74.71%,3,56,9 ساعات
برمجة وتطوير,https://khamsat.com/programming,إنشاء موقع إلكتروني,https://khamsat.com/programming/custom-website-development,تطوير أنظمة إدارية متكاملة كاشير، مستشفيات، CRUD,https://khamsat.com/programming/custom-website-development/3023789-%D8%AA%D8%B7%D9%88%D9%8A%D8%B1-%D8%A3%D9%86%D8%B8%D9%85%D8%A9-%D8%A5%D8%AF%D8%A7%D8%B1%D9%8A%D8%A9-%D9%85%D8%AA%D9%83%D8%A7%D9%85%D9%84%D8%A9-%D9%83%D8%A7%D8%B4%D9%8A%D8%B1-%D9%85%D8%B3%D8%AA%D8%B4%D9%81%D9%8A%D8%A7%D8%AA-crud,5.0,1,25 دقيقة,1,0,$10.00,شهر,1,0,0.0,.Qamar Khodr Al Khafor K,https://khamsat.com/user/qamareng,True,بائع جديد,5.0,2,80.0%,2,1,13 دقيقة
برمجة وتطوير,https://khamsat.com/programming,إنشاء موقع إلكتروني,https://khamsat.com/programming/custom-website-development,تصميم وتكويد موقعك تصميم احترافي بأقل التكاليف,https://khamsat.com/programming/custom-website-development/760022-%D8%AA%D8%B5%D9%85%D9%8A%D9%85-%D9%88%D8%AA%D9%83%D9%88%D9%8A%D8%AF-%D9%85%D9%88%D9%82%D8%B9%D9%83-%D8%AA%D8%B5%D9%85%D9%8A%D9%85-%D8%A7%D8%AD%D8%AA%D8%B1%D8%A7%D9%81%D9%8A-%D8%A8%D8%A3%D9%82%D9%84-%D8%A7%D9%84%D8%AA%D9%83%D8%A7%D9%84%D9%8A%D9%81,5.0,76,19 ساعة,92,0,$50.00,أسبوع,25,5,750.0,ولاء ر.,https://khamsat.com/user/%D9%88%D9%84%D8%A7%D8%A1-%D8%B1%D9%85%D8%B6%D8%A7%D9%86,True,بائع مميز,5.0,80,84.19%,2,93,12 ساعة
برمجة وتطوير,https://khamsat.com/programming,إنشاء موقع إلكتروني,https://khamsat.com/programming/custom-website-development,عمل مواقع الويب سايت ورد برس,https://khamsat.com/programming/custom-website-development/2859559-%D8%B9%D9%85%D9%84-%D9%85%D9%88%D8%A7%D9%82%D8%B9-%D8%A7%D9%84%D9%88%D9%8A%D8%A8-%D8%B3%D8%A7%D9%8A%D8%AA-%D9%88%D8%B1%D8%AF-%D8%A8%D8%B1%D8%B3,5.0,2,8 ساعات,3,0,$50.00,أسبوع,2,2,80.0,اميرة م.,https://khamsat.com/user/amira_ayman_moustafa,True,بائع مميز,5.0,29,94.87%,7,33,5 ساعات
برمجة وتطوير,https://khamsat.com/programming,إنشاء موقع إلكتروني,https://khamsat.com/programming/custom-website-development,"تصميم وتطوير الواجهات الأمامية باستخدام HTML , CSS , JS",https://khamsat.com/programming/custom-website-development/2989296-%D8%AA%D8%B5%D9%85%D9%8A%D9%85-%D9%88%D8%AA%D8%B7%D9%88%D9%8A%D8%B1-%D8%A7%D9%84%D9%88%D8%A7%D8%AC%D9%87%D8%A7%D8%AA-%D8%A7%D9%84%D8%A3%D9%85%D8%A7%D9%85%D9%8A%D8%A9-%D8%A8%D8%A7%D8%B3%D8%AA%D8%AE%D8%AF%D8%A7%D9%85-html-css-js,5.0,3,15 ساعة,3,0,$10.00,ثلاثة أيام,3,4,100.0,.Mahmoud M,https://khamsat.com/user/mahmoud_moursy,True,بائع جديد,5.0,6,100.0%,2,5,7 ساعات
برمجة وتطوير,https://khamsat.com/programming,إنشاء موقع إلكتروني,https://khamsat.com/programming/custom-website-development,تصميم و برمجة مواقع بمواصفات عالمية و حديثة,https://khamsat.com/programming/custom-website-development/2445247-%D8%AA%D8%B5%D9%85%D9%8A%D9%85-%D9%88-%D8%A8%D8%B1%D9%85%D8%AC%D8%A9-%D9%85%D9%88%D8%A7%D9%82%D8%B9-%D8%A8%D9%85%D9%88%D8%A7%D8%B5%D9%81%D8%A7%D8%AA-%D8%B9%D8%A7%D9%84%D9%85%D9%8A%D8%A9-%D9%88-%D8%AD%D8%AF%D9%8A%D8%AB%D8%A9,5.0,41,دقيقة,52,0,$5.00,يوم واحد,25,3,195.0,.Mustapha O,https://khamsat.com/user/fullstackwebdevelope,True,بائع مميز,5.0,41,93.62%,1,52,دقيقة
برمجة وتطوير,https://khamsat.com/programming,إنشاء موقع إلكتروني,https://khamsat.com/programming/custom-website-development,تصميم وبرمجة مواقع بأحدث اللغات - حل مشاكل اسكريبتات PHP,https://khamsat.com/programming/custom-website-development/1790476-%D8%AA%D8%B5%D9%85%D9%8A%D9%85-%D9%88%D8%A8%D8%B1%D9%85%D8%AC%D8%A9-%D9%85%D9%88%D8%A7%D9%82%D8%B9-%D8%A8%D8%A3%D8%AD%D8%AF%D8%AB-%D8%A7%D9%84%D9%84%D8%BA%D8%A7%D8%AA-%D8%AD%D9%84-%D9%85%D8%B4%D8%A7%D9%83%D9%84-%D8%A7%D8%B3%D9%83%D8%B1%D9%8A%D8%A8%D8%AA%D8%A7%D8%AA-php,5.0,7,ساعة,8,0,$5.00,يومين,7,5,345.0,ابراهيم ا.,https://khamsat.com/user/ibrahim_ashraf1996,True,بائع جديد,5.0,7,100.0%,2,8,50 دقيقة
برمجة وتطوير,https://khamsat.com/programming,إنشاء موقع إلكتروني,https://khamsat.com/programming/custom-website-development,فهرسة كتب PDF من Internet Archive بروابط قابلة للنقر,https://khamsat.com/programming/custom-website-development/3006184-%D9%81%D9%87%D8%B1%D8%B3%D8%A9-%D9%83%D8%AA%D8%A8-pdf-%D9%85%D9%86-internet-archive-%D8%A8%D8%B1%D9%88%D8%A7%D8%A8%D8%B7-%D9%82%D8%A7%D8%A8%D9%84%D8%A9-%D9%84%D9%84%D9%86%D9%82%D8%B1,5.0,1,35 دقيقة,1,0,$5.00,يوم واحد,1,1,5.0,عمرو ز.,https://khamsat.com/user/amr_khaled_mospah,True,بائع جديد,5.0,2,100.0%,4,3,18 دقيقة
برمجة وتطوير,https://khamsat.com/programming,إنشاء موقع إلكتروني,https://khamsat.com/programming/custom-website-development,بناء واجهة شات دردشة في موقعك,https://khamsat.com/programming/custom-website-development/2959963-%D8%A8%D9%86%D8%A7%D8%A1-%D9%88%D8%A7%D8%AC%D9%87%D8%A9-%D8%B4%D8%A7%D8%AA-%D8%AF%D8%B1%D8%AF%D8%B4%D8%A9-%D9%81%D9%8A-%D9%85%D9%88%D9%82%D8%B9%D9%83,5.0,1,3 أيام,1,0,$10.00,ثلاثة أيام,1,4,40.0,محمد ا.,https://khamsat.com/user/mo7mad1996m,True,بائع جديد,5.0,1,100.0%,4,1,3 أيام
برمجة وتطوير,https://khamsat.com/programming,إنشاء موقع إلكتروني,https://khamsat.com/programming/custom-website-development,تصميم موقع ويب وإنشاء Apis إحترافية,https://khamsat.com/programming/custom-website-development/2534515-%D8%AA%D8%B5%D9%85%D9%8A%D9%85-%D9%85%D9%88%D9%82%D8%B9-%D9%88%D9%8A%D8%A8-%D9%88%D8%A5%D9%86%D8%B4%D8%A7%D8%A1-apis-%D8%A5%D8%AD%D8%AA%D8%B1%D8%A7%D9%81%D9%8A%D8%A9,4.5,6,4 ساعات,9,0,$5.00,يومين,6,3,50.0,.Fatima M,https://khamsat.com/user/fatmametwally112,True,بائع مميز,5.0,40,99.25%,6,52,5 ساعات
برمجة وتطوير,https://khamsat.com/programming,إنشاء موقع إلكتروني,https://khamsat.com/programming/custom-website-development,تصميم وتنفيذ وتعديل المواقع ب PHP و Laravel,https://khamsat.com/programming/custom-website-development/2796291-%D8%AA%D8%B5%D9%85%D9%8A%D9%85-%D9%88%D8%AA%D9%86%D9%81%D9%8A%D8%B0-%D9%88%D8%AA%D8%B9%D8%AF%D9%8A%D9%84-%D8%A7%D9%84%D9%85%D9%88%D8%A7%D9%82%D8%B9-%D8%A8-php-%D9%88-laravel,5.0,1,38 دقيقة,1,0,$10.00,يومين,1,2,200.0,محمود خ.,https://khamsat.com/user/mahmoud_795,True,بائع جديد,5.0,1,100.0%,1,1,38 دقيقة
برمجة وتطوير,https://khamsat.com/programming,إنشاء موقع إلكتروني,https://khamsat.com/programming/custom-website-development,تصميم و برمجة مواقع الويب بlaravel,https://khamsat.com/programming/custom-website-development/2200031-%D8%AA%D8%B5%D9%85%D9%8A%D9%85-%D9%88-%D8%A8%D8%B1%D9%85%D8%AC%D8%A9-%D9%85%D9%88%D8%A7%D9%82%D8%B9-%D8%A7%D9%84%D9%88%D9%8A%D8%A8-%D8%A8laravel,5.0,11,4 ساعات,14,0,$25.00,يوم واحد,11,4,380.0,زكرياء ف.,https://khamsat.com/user/zakariyaf,True,بائع مميز,4.5,82,94.75%,5,98,ساعتين
برمجة وتطوير,https://khamsat.com/programming,إنشاء موقع إلكتروني,https://khamsat.com/programming/custom-website-development,تصميم مواقع الكترونية بكل احترافية,https://khamsat.com/programming/custom-website-development/2653870-%D8%AA%D8%B5%D9%85%D9%8A%D9%85-%D9%85%D9%88%D8%A7%D9%82%D8%B9-%D8%A7%D9%84%D9%83%D8%AA%D8%B1%D9%88%D9%86%D9%8A%D8%A9-%D8%A8%D9%83%D9%84-%D8%A7%D8%AD%D8%AA%D8%B1%D8%A7%D9%81%D9%8A%D8%A9,5.0,1,لم يحسب,1,0,$5.00,يوم واحد,1,1,5.0,حبيبة ع.,https://khamsat.com/user/habibaomran,True,بائع نشيط,4.5,12,100.0%,4,12,ساعتين
برمجة وتطوير,https://khamsat.com/programming,إنشاء موقع إلكتروني,https://khamsat.com/programming/custom-website-development,إنشاء موقع متكامل باستخدام HTML، CSS، JavaScript، PHP وMySQL,https://khamsat.com/programming/custom-website-development/3022813-%D8%A5%D9%86%D8%B4%D8%A7%D8%A1-%D9%85%D9%88%D9%82%D8%B9-%D9%85%D8%AA%D9%83%D8%A7%D9%85%D9%84-%D8%A8%D8%A7%D8%B3%D8%AA%D8%AE%D8%AF%D8%A7%D9%85-html-css-javascript-php-%D9%88mysql,5.0,1,15 ساعة,1,0,$10.00,ثلاثة أيام,1,1,5.0,.Mohamed S,https://khamsat.com/user/mohs33399,True,بائع جديد,5.0,1,100.0%,2,1,15 ساعة
برمجة وتطوير,https://khamsat.com/programming,إنشاء موقع إلكتروني,https://khamsat.com/programming/custom-website-development,برمجة وتصميم المواقع الالكترونية HTML CSS JS C# ASP.NET,https://khamsat.com/programming/custom-website-development/2925677-%D8%A8%D8%B1%D9%85%D8%AC%D8%A9-%D9%88%D8%AA%D8%B5%D9%85%D9%8A%D9%85-%D8%A7%D9%84%D9%85%D9%88%D8%A7%D9%82%D8%B9-%D8%A7%D9%84%D8%A7%D9%84%D9%83%D8%AA%D8%B1%D9%88%D9%86%D9%8A%D8%A9-html-css-js-c-asp.net,5.0,3,3 أيام,3,0,$10.00,يوم واحد,3,3,45.0,.Ali A,https://khamsat.com/user/ali_alkady211,True,بائع نشيط,5.0,4,100.0%,4,3,يوم
برمجة وتطوير,https://khamsat.com/programming,إنشاء موقع إلكتروني,https://khamsat.com/programming/custom-website-development,برمجة موقع كامل full stack,https://khamsat.com/programming/custom-website-development/2419626-%D8%A8%D8%B1%D9%85%D8%AC%D8%A9-%D9%85%D9%88%D9%82%D8%B9-%D9%83%D8%A7%D9%85%D9%84-full-stack,5.0,3,12 دقيقة,3,0,$10.00,يومين,3,5,320.0,حسام ص.,https://khamsat.com/user/houssam_saleh,True,بائع جديد,5.0,10,64.29%,2,8,10 ساعات
برمجة وتطوير,https://khamsat.com/programming,إنشاء موقع إلكتروني,https://khamsat.com/programming/custom-website-development,إنشاء موقع للرد على عملائك عبر الذكاء الاصطناعي,https://khamsat.com/programming/custom-website-development/2799788-%D8%A5%D9%86%D8%B4%D8%A7%D8%A1-%D9%85%D9%88%D9%82%D8%B9-%D9%84%D9%84%D8%B1%D8%AF-%D8%B9%D9%84%D9%89-%D8%B9%D9%85%D9%84%D8%A7%D8%A6%D9%83-%D8%B9%D8%A8%D8%B1-%D8%A7%D9%84%D8%B0%D9%83%D8%A7%D8%A1-%D8%A7%D9%84%D8%A7%D8%B5%D8%B7%D9%86%D8%A7%D8%B9%D9%8A,5.0,1,45 دقيقة,1,0,$10.00,يومين,1,0,0.0,اسامه ا.,https://khamsat.com/user/seven7star,True,بائع نشيط,5.0,3,100.0%,2,2,31 دقيقة
برمجة وتطوير,https://khamsat.com/programming,إنشاء موقع إلكتروني,https://khamsat.com/programming/custom-website-development,حلول متكاملة لتطوير الواجهات الأمامية بأقوى التقنيات,https://khamsat.com/programming/custom-website-development/3022598-%D8%AD%D9%84%D9%88%D9%84-%D9%85%D8%AA%D9%83%D8%A7%D9%85%D9%84%D8%A9-%D9%84%D8%AA%D8%B7%D9%88%D9%8A%D8%B1-%D8%A7%D9%84%D9%88%D8%A7%D8%AC%D9%87%D8%A7%D8%AA-%D8%A7%D9%84%D8%A3%D9%85%D8%A7%D9%85%D9%8A%D8%A9-%D8%A8%D8%A3%D9%82%D9%88%D9%89-%D8%A7%D9%84%D8%AA%D9%82%D9%86%D9%8A%D8%A7%D8%AA,5.0,1,9 ساعات,1,0,$5.00,خمسة أيام,1,5,80.0,.Mohamed A,https://khamsat.com/user/mahammed_ali_moussa,True,بائع جديد,5.0,2,100.0%,3,2,4 ساعات
برمجة وتطوير,https://khamsat.com/programming,إنشاء موقع إلكتروني,https://khamsat.com/programming/custom-website-development,تصميم صفحه متكامله بأستخدام php و mysql,https://khamsat.com/programming/custom-website-development/3016505-%D8%AA%D8%B5%D9%85%D9%8A%D9%85-%D8%B5%D9%81%D8%AD%D9%87-%D9%85%D8%AA%D9%83%D8%A7%D9%85%D9%84%D9%87-%D8%A8%D8%A3%D8%B3%D8%AA%D8%AE%D8%AF%D8%A7%D9%85-php-%D9%88-mysql,5.0,3,4 دقائق,3,0,$10.00,يومين,3,5,135.0,.Mahmoud M,https://khamsat.com/user/mahmoud_moursy,True,بائع جديد,5.0,6,100.0%,2,5,7 ساعات
برمجة وتطوير,https://khamsat.com/programming,إنشاء موقع إلكتروني,https://khamsat.com/programming/custom-website-development,انشاء موقعك برمجه وتصميم حتي يتألق على نتائج بحث جوجل,https://khamsat.com/programming/custom-website-development/2842765-%D8%A7%D9%86%D8%B4%D8%A7%D8%A1-%D9%85%D9%88%D9%82%D8%B9%D9%83-%D8%A8%D8%B1%D9%85%D8%AC%D9%87-%D9%88%D8%AA%D8%B5%D9%85%D9%8A%D9%85-%D8%AD%D8%AA%D9%8A-%D9%8A%D8%AA%D8%A3%D9%84%D9%82-%D8%B9%D9%84%D9%89-%D9%86%D8%AA%D8%A7%D8%A6%D8%AC-%D8%A8%D8%AD%D8%AB-%D8%AC%D9%88%D8%AC%D9%84,5.0,15,7 أيام,16,0,$10.00,يومين,15,5,470.0,بولا ر.,https://khamsat.com/user/paula_refaat,True,بائع مميز,5.0,21,89.47%,4,18,يوم
برمجة وتطوير,https://khamsat.com/programming,إنشاء موقع إلكتروني,https://khamsat.com/programming/custom-website-development,برمجة و تطوير مواقع الويب,https://khamsat.com/programming/custom-website-development/3044880-%D8%A8%D8%B1%D9%85%D8%AC%D8%A9-%D9%88-%D8%AA%D8%B7%D9%88%D9%8A%D8%B1-%D9%85%D9%88%D8%A7%D9%82%D8%B9-%D8%A7%D9%84%D9%88%D9%8A%D8%A8,5.0,1,ساعة,1,0,$5.00,يومين,1,4,20.0,.Abdelrahman E,https://khamsat.com/user/abdelrahman_essam199,False,بائع جديد,5.0,1,100.0%,1,1,ساعة
برمجة وتطوير,https://khamsat.com/programming,إنشاء موقع إلكتروني,https://khamsat.com/programming/custom-website-development,تصميم وتكويد موقعك باحتراف,https://khamsat.com/programming/custom-website-development/2870751-%D8%AA%D8%B5%D9%85%D9%8A%D9%85-%D9%88%D8%AA%D9%83%D9%88%D9%8A%D8%AF-%D9%85%D9%88%D9%82%D8%B9%D9%83-%D8%A8%D8%A7%D8%AD%D8%AA%D8%B1%D8%A7%D9%81,5.0,2,13 ساعة,3,0,$10.00,يوم واحد,2,5,80.0,.Ibrahim A,https://khamsat.com/user/ibrahim_ovic,True,بائع جديد,5.0,2,100.0%,4,3,13 ساعة
برمجة وتطوير,https://khamsat.com/programming,إنشاء موقع إلكتروني,https://khamsat.com/programming/custom-website-development,برمجة وتصميم موقعك شركة شخصي متجر إعلانات مبوبة,https://khamsat.com/programming/custom-website-development/2793481-%D8%A8%D8%B1%D9%85%D8%AC%D8%A9-%D9%88%D8%AA%D8%B5%D9%85%D9%8A%D9%85-%D9%85%D9%88%D9%82%D8%B9%D9%83-%D8%B4%D8%B1%D9%83%D8%A9-%D8%B4%D8%AE%D8%B5%D9%8A-%D9%85%D8%AA%D8%AC%D8%B1-%D8%A5%D8%B9%D9%84%D8%A7%D9%86%D8%A7%D8%AA-%D9%85%D8%A8%D9%88%D8%A8%D8%A9,5.0,2,13 ساعة,3,0,$25.00,أسبوع,2,4,275.0,محمد عبدالحميد الصادق خ.,https://khamsat.com/user/khaldi_abdou,True,بائع نشيط,5.0,16,97.56%,4,14,8 ساعات
برمجة وتطوير,https://khamsat.com/programming,إنشاء موقع إلكتروني,https://khamsat.com/programming/custom-website-development,برمجة مواقع الويب وإنشاء لوحة تحكم باستخدام django framework,https://khamsat.com/programming/custom-website-development/2432548-%D8%A8%D8%B1%D9%85%D8%AC%D8%A9-%D9%85%D9%88%D8%A7%D9%82%D8%B9-%D8%A7%D9%84%D9%88%D9%8A%D8%A8-%D9%88%D8%A5%D9%86%D8%B4%D8%A7%D8%A1-%D9%84%D9%88%D8%AD%D8%A9-%D8%AA%D8%AD%D9%83%D9%85-%D8%A8%D8%A7%D8%B3%D8%AA%D8%AE%D8%AF%D8%A7%D9%85-django-framework,4.5,9,21 ساعة,11,0,$5.00,يومين,9,4,70.0,.Omar M,https://khamsat.com/user/omar01mazen,True,بائع نشيط,4.5,9,100.0%,1,11,21 ساعة
برمجة وتطوير,https://khamsat.com/programming,إنشاء موقع إلكتروني,https://khamsat.com/programming/custom-website-development,برمجة وتطوير مواقع الانترنت,https://khamsat.com/programming/custom-website-development/3025545-%D8%A8%D8%B1%D9%85%D8%AC%D8%A9-%D9%88%D8%AA%D8%B7%D9%88%D9%8A%D8%B1-%D9%85%D9%88%D8%A7%D9%82%D8%B9-%D8%A7%D9%84%D8%A7%D9%86%D8%AA%D8%B1%D9%86%D8%AA,5.0,1,5 ساعات,1,0,$5.00,يومين,1,0,0.0,.Ahmed A,https://khamsat.com/user/ahmed-atta,True,بائع مميز,5.0,18,55.48%,3,26,11 ساعة
برمجة وتطوير,https://khamsat.com/programming,إنشاء موقع إلكتروني,https://khamsat.com/programming/custom-website-development,إنشاء مواقع إلكترونية احترافية باستخدام React.js و Tailwind,https://khamsat.com/programming/custom-website-development/3045720-%D8%A5%D9%86%D8%B4%D8%A7%D8%A1-%D9%85%D9%88%D8%A7%D9%82%D8%B9-%D8%A5%D9%84%D9%83%D8%AA%D8%B1%D9%88%D9%86%D9%8A%D8%A9-%D8%A7%D8%AD%D8%AA%D8%B1%D8%A7%D9%81%D9%8A%D8%A9-%D8%A8%D8%A7%D8%B3%D8%AA%D8%AE%D8%AF%D8%A7%D9%85-react.js-%D9%88-tailwind,5.0,1,أقل من دقيقة,1,0,$5.00,يوم واحد,1,5,185.0,.Samir A,https://khamsat.com/user/sam_x,True,بائع جديد,5.0,2,100.0%,2,1,ساعتين
برمجة وتطوير,https://khamsat.com/programming,إنشاء موقع إلكتروني,https://khamsat.com/programming/custom-website-development,انشاء و برمجة موقع الكتروني PHP,https://khamsat.com/programming/custom-website-development/1586259-%D8%A7%D9%86%D8%B4%D8%A7%D8%A1-%D9%88-%D8%A8%D8%B1%D9%85%D8%AC%D8%A9-%D9%85%D9%88%D9%82%D8%B9-%D8%A7%D9%84%D9%83%D8%AA%D8%B1%D9%88%D9%86%D9%8A-php,5.0,4,3 ساعات,6,0,$5.00,يومين,4,5,430.0,رزيق ب.,https://khamsat.com/user/raziik,True,بائع مميز,5.0,12,82.3%,4,24,ساعة
برمجة وتطوير,https://khamsat.com/programming,إنشاء موقع إلكتروني,https://khamsat.com/programming/custom-website-development,برمجة مواقع Back-End,https://khamsat.com/programming/custom-website-development/1300359-%D8%A8%D8%B1%D9%85%D8%AC%D8%A9-%D9%85%D9%88%D8%A7%D9%82%D8%B9-back-end,5.0,36,ساعة,36,0,$50.00,أسبوع,25,0,0.0,.Mohamad A,https://khamsat.com/user/mohamad-joao-salti,True,بائع مميز,5.0,72,95.45%,1,47,4 ساعات
برمجة وتطوير,https://khamsat.com/programming,إنشاء موقع إلكتروني,https://khamsat.com/programming/custom-website-development,تصميم وتطوير موقع احترافي باستخدام Laravel,https://khamsat.com/programming/custom-website-development/2812343-%D8%AA%D8%B5%D9%85%D9%8A%D9%85-%D9%88%D8%AA%D8%B7%D9%88%D9%8A%D8%B1-%D9%85%D9%88%D9%82%D8%B9-%D8%A7%D8%AD%D8%AA%D8%B1%D8%A7%D9%81%D9%8A-%D8%A8%D8%A7%D8%B3%D8%AA%D8%AE%D8%AF%D8%A7%D9%85-laravel,5.0,14,34 دقيقة,20,0,$10.00,يوم واحد,14,2,140.0,.Mohamed H,https://khamsat.com/user/mohamedhussein001,True,بائع نشيط,5.0,20,88.89%,3,26,14 ساعة
برمجة وتطوير,https://khamsat.com/programming,مدونات بلوجر,https://khamsat.com/programming/blogger,قالب اقرأ - قالب بلوجر يليق بموقعك,https://khamsat.com/programming/blogger/2352794-%D9%82%D8%A7%D9%84%D8%A8-%D8%A7%D9%82%D8%B1%D8%A3-%D9%82%D8%A7%D9%84%D8%A8-%D8%A8%D9%84%D9%88%D8%AC%D8%B1-%D9%8A%D9%84%D9%8A%D9%82-%D8%A8%D9%85%D9%88%D9%82%D8%B9%D9%83,5.0,62,ساعتين,99,0,$5.00,يوم واحد,25,4,45.0,نورالدين ح.,https://khamsat.com/user/n_haji,True,بائع مميز,5.0,115,100.0%,4,147,ساعة
برمجة وتطوير,https://khamsat.com/programming,مدونات بلوجر,https://khamsat.com/programming/blogger,قالب اقرأ وظيفة - أفضل قالب بلوجر لعرض الوظائف,https://khamsat.com/programming/blogger/2473391-%D9%82%D8%A7%D9%84%D8%A8-%D8%A7%D9%82%D8%B1%D8%A3-%D9%88%D8%B8%D9%8A%D9%81%D8%A9-%D8%A3%D9%81%D8%B6%D9%84-%D9%82%D8%A7%D9%84%D8%A8-%D8%A8%D9%84%D9%88%D8%AC%D8%B1-%D9%84%D8%B9%D8%B1%D8%B6-%D8%A7%D9%84%D9%88%D8%B8%D8%A7%D8%A6%D9%81,5.0,13,4 ساعات,21,0,$10.00,يوم واحد,13,5,95.0,نورالدين ح.,https://khamsat.com/user/n_haji,True,بائع مميز,5.0,115,100.0%,4,147,ساعة
برمجة وتطوير,https://khamsat.com/programming,مدونات بلوجر,https://khamsat.com/programming/blogger,قالب اقرأ كتاب | أفضل قالب بلوجر لعرض الكتب,https://khamsat.com/programming/blogger/2444145-%D9%82%D8%A7%D9%84%D8%A8-%D8%A7%D9%82%D8%B1%D8%A3-%D9%83%D8%AA%D8%A7%D8%A8-%D8%A3%D9%81%D8%B6%D9%84-%D9%82%D8%A7%D9%84%D8%A8-%D8%A8%D9%84%D9%88%D8%AC%D8%B1-%D9%84%D8%B9%D8%B1%D8%B6-%D8%A7%D9%84%D9%83%D8%AA%D8%A8,5.0,12,4 ساعات,15,0,$10.00,يوم واحد,12,4,85.0,نورالدين ح.,https://khamsat.com/user/n_haji,True,بائع مميز,5.0,115,100.0%,4,147,ساعة
برمجة وتطوير,https://khamsat.com/programming,مدونات بلوجر,https://khamsat.com/programming/blogger,تطوير قوالب مدونة بلوجر وتخصيصها,https://khamsat.com/programming/blogger/3047608-%D8%AA%D8%B7%D9%88%D9%8A%D8%B1-%D9%82%D9%88%D8%A7%D9%84%D8%A8-%D9%85%D8%AF%D9%88%D9%86%D8%A9-%D8%A8%D9%84%D9%88%D8%AC%D8%B1-%D9%88%D8%AA%D8%AE%D8%B5%D9%8A%D8%B5%D9%87%D8%A7,0.0,0,ساعة,1,0,$5.00,يوم واحد,0,3,35.0,عبدالقادر ب.,https://khamsat.com/user/%D8%A8%D9%86-%D8%B2%D9%8A%D8%A7%D9%86-%D8%B9%D8%A8%D8%AF-%D8%A7%D9%84%D9%82%D8%A7%D8%AF%D8%B1,True,بائع مميز,0.0,35,87.3%,1,38,5 ساعات
برمجة وتطوير,https://khamsat.com/programming,مدونات بلوجر,https://khamsat.com/programming/blogger,قالب سبارك قالب بلوجر يتوهج بالإبداع,https://khamsat.com/programming/blogger/2993104-%D9%82%D8%A7%D9%84%D8%A8-%D8%B3%D8%A8%D8%A7%D8%B1%D9%83-%D9%82%D8%A7%D9%84%D8%A8-%D8%A8%D9%84%D9%88%D8%AC%D8%B1-%D9%8A%D8%AA%D9%88%D9%87%D8%AC-%D8%A8%D8%A7%D9%84%D8%A5%D8%A8%D8%AF%D8%A7%D8%B9,5.0,9,6 ساعات,12,0,$5.00,يوم واحد,9,2,15.0,.Mohamed G,https://khamsat.com/user/jemey_des,True,بائع نشيط,5.0,9,100.0%,1,12,3 ساعات
برمجة وتطوير,https://khamsat.com/programming,مدونات بلوجر,https://khamsat.com/programming/blogger,اصمم لك موقع العاب سهل وجذاب و800 لعبه فلاش ممتازة,https://khamsat.com/programming/blogger/632664-%D8%A7%D8%B5%D9%85%D9%85-%D9%84%D9%83-%D9%85%D9%88%D9%82%D8%B9-%D8%A7%D9%84%D8%B9%D8%A7%D8%A8-%D8%B3%D9%87%D9%84-%D9%88%D8%AC%D8%B0%D8%A7%D8%A8-%D9%88800-%D9%84%D8%B9%D8%A8%D9%87-%D9%81%D9%84%D8%A7%D8%B4-%D9%85%D9%85%D8%AA%D8%A7%D8%B2%D8%A9,5.0,14,6 أيام,13,0,$25.00,أسبوعين,14,5,850.0,.Mohamed Z,https://khamsat.com/user/mzakieg,True,بائع مميز,5.0,156,84.46%,4,196,يوم
برمجة وتطوير,https://khamsat.com/programming,مدونات بلوجر,https://khamsat.com/programming/blogger,إنشاء مدونة بلوجر وتركيب قالب اقرأ عليها,https://khamsat.com/programming/blogger/2372181-%D8%A5%D9%86%D8%B4%D8%A7%D8%A1-%D9%85%D8%AF%D9%88%D9%86%D8%A9-%D8%A8%D9%84%D9%88%D8%AC%D8%B1-%D9%88%D8%AA%D8%B1%D9%83%D9%8A%D8%A8-%D9%82%D8%A7%D9%84%D8%A8-%D8%A7%D9%82%D8%B1%D8%A3-%D8%B9%D9%84%D9%8A%D9%87%D8%A7,5.0,7,3 ساعات,7,0,$20.00,يوم واحد,7,2,15.0,نورالدين ح.,https://khamsat.com/user/n_haji,True,بائع مميز,5.0,115,100.0%,4,147,ساعة
برمجة وتطوير,https://khamsat.com/programming,مدونات بلوجر,https://khamsat.com/programming/blogger,خدمة كتابة مقالات حصرية مقبولة بادسنس,https://khamsat.com/programming/blogger/2455239-%D8%AE%D8%AF%D9%85%D8%A9-%D9%83%D8%AA%D8%A7%D8%A8%D8%A9-%D9%85%D9%82%D8%A7%D9%84%D8%A7%D8%AA-%D8%AD%D8%B5%D8%B1%D9%8A%D8%A9-%D9%85%D9%82%D8%A8%D9%88%D9%84%D8%A9-%D8%A8%D8%A7%D8%AF%D8%B3%D9%86%D8%B3,4.5,5,47 دقيقة,5,0,$10.00,ثلاثة أيام,5,2,80.0,.Amr E,https://khamsat.com/user/amr_essa3,True,بائع نشيط,4.5,9,62.5%,5,8,18 ساعة
برمجة وتطوير,https://khamsat.com/programming,مدونات بلوجر,https://khamsat.com/programming/blogger,تصميم قالب بلوجر بالشكل الذى تريدة مثل اى موقع على الأنترنت,https://khamsat.com/programming/blogger/1425102-%D8%AA%D8%B5%D9%85%D9%8A%D9%85-%D9%82%D8%A7%D9%84%D8%A8-%D8%A8%D9%84%D9%88%D8%AC%D8%B1-%D8%A8%D8%A7%D9%84%D8%B4%D9%83%D9%84-%D8%A7%D9%84%D8%B0%D9%89-%D8%AA%D8%B1%D9%8A%D8%AF%D8%A9-%D9%85%D8%AB%D9%84-%D8%A7%D9%89-%D9%85%D9%88%D9%82%D8%B9-%D8%B9%D9%84%D9%89-%D8%A7%D9%84%D8%A3%D9%86%D8%AA%D8%B1%D9%86%D8%AA,4.5,10,ساعتين,11,0,$5.00,ستة أيام,10,4,30.0,.Kareem E,https://khamsat.com/user/kareemehab1,True,بائع مميز,4.5,23,89.66%,4,28,7 ساعات
برمجة وتطوير,https://khamsat.com/programming,مدونات بلوجر,https://khamsat.com/programming/blogger,بيج ماج قالب بلوجر متعدد الإستخدامات,https://khamsat.com/programming/blogger/2766743-%D8%A8%D9%8A%D8%AC-%D9%85%D8%A7%D8%AC-%D9%82%D8%A7%D9%84%D8%A8-%D8%A8%D9%84%D9%88%D8%AC%D8%B1-%D9%85%D8%AA%D8%B9%D8%AF%D8%AF-%D8%A7%D9%84%D8%A5%D8%B3%D8%AA%D8%AE%D8%AF%D8%A7%D9%85%D8%A7%D8%AA,5.0,8,5 ساعات,16,0,$10.00,يوم واحد,8,0,0.0,.Osama O,https://khamsat.com/user/osamaorabi,True,بائع نشيط,5.0,8,94.44%,3,16,5 ساعات
برمجة وتطوير,https://khamsat.com/programming,مدونات بلوجر,https://khamsat.com/programming/blogger,تجهيز مدونة متكاملة بقالب احترافي أرشفة قوية مع أهم الاضافات,https://khamsat.com/programming/blogger/2081216-%D8%AA%D8%AC%D9%87%D9%8A%D8%B2-%D9%85%D8%AF%D9%88%D9%86%D8%A9-%D9%85%D8%AA%D9%83%D8%A7%D9%85%D9%84%D8%A9-%D8%A8%D9%82%D8%A7%D9%84%D8%A8-%D8%A7%D8%AD%D8%AA%D8%B1%D8%A7%D9%81%D9%8A-%D8%A3%D8%B1%D8%B4%D9%81%D8%A9-%D9%82%D9%88%D9%8A%D8%A9-%D9%85%D8%B9-%D8%A3%D9%87%D9%85-%D8%A7%D9%84%D8%A7%D8%B6%D8%A7%D9%81%D8%A7%D8%AA,5.0,3,ساعتين,3,0,$20.00,ثلاثة أيام,3,5,75.0,عصام ا.,https://khamsat.com/user/iceman68,True,بائع مميز,5.0,36,82.26%,6,45,10 ساعات
برمجة وتطوير,https://khamsat.com/programming,مدونات بلوجر,https://khamsat.com/programming/blogger,إنهاء مشاكل بلوجر بسرعة وكفاءة,https://khamsat.com/programming/blogger/2532015-%D8%A5%D9%86%D9%87%D8%A7%D8%A1-%D9%85%D8%B4%D8%A7%D9%83%D9%84-%D8%A8%D9%84%D9%88%D8%AC%D8%B1-%D8%A8%D8%B3%D8%B1%D8%B9%D8%A9-%D9%88%D9%83%D9%81%D8%A7%D8%A1%D8%A9,5.0,12,6 دقائق,13,0,$10.00,يوم واحد,12,5,30.0,.Ahmed D,https://khamsat.com/user/desouky21,True,بائع مميز,5.0,34,93.33%,12,28,ساعة
برمجة وتطوير,https://khamsat.com/programming,مدونات بلوجر,https://khamsat.com/programming/blogger,صيانة قوالب بلوجر و ووردبريس بإحترفية,https://khamsat.com/programming/blogger/783328-%D8%B5%D9%8A%D8%A7%D9%86%D8%A9-%D9%82%D9%88%D8%A7%D9%84%D8%A8-%D8%A8%D9%84%D9%88%D8%AC%D8%B1-%D9%88-%D9%88%D9%88%D8%B1%D8%AF%D8%A8%D8%B1%D9%8A%D8%B3-%D8%A8%D8%A5%D8%AD%D8%AA%D8%B1%D9%81%D9%8A%D8%A9,5.0,8,ساعة,14,0,$5.00,يومين,8,2,205.0,.Ouael A,https://khamsat.com/user/astito,True,بائع مميز,4.5,203,77.65%,6,288,5 ساعات
برمجة وتطوير,https://khamsat.com/programming,مدونات بلوجر,https://khamsat.com/programming/blogger,قالب بلوجر قواعد ويب متعدد الإستخدام,https://khamsat.com/programming/blogger/1977552-%D9%82%D8%A7%D9%84%D8%A8-%D8%A8%D9%84%D9%88%D8%AC%D8%B1-%D9%82%D9%88%D8%A7%D8%B9%D8%AF-%D9%88%D9%8A%D8%A8-%D9%85%D8%AA%D8%B9%D8%AF%D8%AF-%D8%A7%D9%84%D8%A5%D8%B3%D8%AA%D8%AE%D8%AF%D8%A7%D9%85,5.0,29,18 ساعة,45,0,$5.00,يوم واحد,25,3,35.0,.Derradji K,https://khamsat.com/user/dadiker,True,بائع مميز,5.0,47,95.0%,4,69,4 ساعات
برمجة وتطوير,https://khamsat.com/programming,مدونات بلوجر,https://khamsat.com/programming/blogger,تعديل وتطوير وصيانة قوالب ومدونات بلوجر,https://khamsat.com/programming/blogger/18085-%D8%AA%D8%B9%D8%AF%D9%8A%D9%84-%D9%88%D8%AA%D8%B7%D9%88%D9%8A%D8%B1-%D9%88%D8%B5%D9%8A%D8%A7%D9%86%D8%A9-%D9%82%D9%88%D8%A7%D9%84%D8%A8-%D9%88%D9%85%D8%AF%D9%88%D9%86%D8%A7%D8%AA-%D8%A8%D9%84%D9%88%D8%AC%D8%B1,5.0,185,12 دقيقة,248,0,$5.00,ثلاثة أيام,25,4,75.0,عمرو م.,https://khamsat.com/user/%D8%B9%D9%85%D8%B1%D9%88-%D9%85%D8%B5%D8%B7%D9%81%D9%89,True,بائع مميز,5.0,470,90.32%,5,519,ساعتين
برمجة وتطوير,https://khamsat.com/programming,مدونات بلوجر,https://khamsat.com/programming/blogger,اصلاح او تعديل قوالب بلوجر باحترافية,https://khamsat.com/programming/blogger/851394-%D8%A7%D8%B5%D9%84%D8%A7%D8%AD-%D8%A7%D9%88-%D8%AA%D8%B9%D8%AF%D9%8A%D9%84-%D9%82%D9%88%D8%A7%D9%84%D8%A8-%D8%A8%D9%84%D9%88%D8%AC%D8%B1-%D8%A8%D8%A7%D8%AD%D8%AA%D8%B1%D8%A7%D9%81%D9%8A%D8%A9,4.5,43,ساعتين,51,0,$5.00,يوم واحد,25,2,25.0,سهيل خ.,https://khamsat.com/user/souhailkhouaja,True,بائع مميز,4.5,177,88.2%,5,209,3 ساعات
برمجة وتطوير,https://khamsat.com/programming,مدونات بلوجر,https://khamsat.com/programming/blogger,ايجاد الحلول لمشاكل مدونات بلوجر,https://khamsat.com/programming/blogger/2584108-%D8%A7%D9%8A%D8%AC%D8%A7%D8%AF-%D8%A7%D9%84%D8%AD%D9%84%D9%88%D9%84-%D9%84%D9%85%D8%B4%D8%A7%D9%83%D9%84-%D9%85%D8%AF%D9%88%D9%86%D8%A7%D8%AA-%D8%A8%D9%84%D9%88%D8%AC%D8%B1,5.0,27,3 ساعات,36,0,$10.00,يوم واحد,25,4,20.0,.Mohammad A,https://khamsat.com/user/syr_moha,True,بائع مميز,5.0,44,94.87%,5,51,54 دقيقة
برمجة وتطوير,https://khamsat.com/programming,مدونات بلوجر,https://khamsat.com/programming/blogger,عمل موقع برامج باللغة الانجليزية او العربية,https://khamsat.com/programming/blogger/1137144-%D8%B9%D9%85%D9%84-%D9%85%D9%88%D9%82%D8%B9-%D8%A8%D8%B1%D8%A7%D9%85%D8%AC-%D8%A8%D8%A7%D9%84%D9%84%D8%BA%D8%A9-%D8%A7%D9%84%D8%A7%D9%86%D8%AC%D9%84%D9%8A%D8%B2%D9%8A%D8%A9-%D8%A7%D9%88-%D8%A7%D9%84%D8%B9%D8%B1%D8%A8%D9%8A%D8%A9,5.0,2,ساعة,3,0,$50.00,أسبوعين,2,3,140.0,.Mohamed Z,https://khamsat.com/user/mzakieg,True,بائع مميز,5.0,156,84.46%,4,196,يوم
برمجة وتطوير,https://khamsat.com/programming,مدونات بلوجر,https://khamsat.com/programming/blogger,اقوم بانشاء موقع رياضي لك و لوحات تحكم للموقع,https://khamsat.com/programming/blogger/2024794-%D8%A7%D9%82%D9%88%D9%85-%D8%A8%D8%A7%D9%86%D8%B4%D8%A7%D8%A1-%D9%85%D9%88%D9%82%D8%B9-%D8%B1%D9%8A%D8%A7%D8%B6%D9%8A-%D9%84%D9%83-%D9%88-%D9%84%D9%88%D8%AD%D8%A7%D8%AA-%D8%AA%D8%AD%D9%83%D9%85-%D9%84%D9%84%D9%85%D9%88%D9%82%D8%B9,4.5,39,59 دقيقة,44,0,$10.00,يومين,25,4,150.0,.Ahmed H,https://khamsat.com/user/ahmedhegazy7,True,بائع مميز,5.0,85,87.12%,4,83,55 دقيقة
برمجة وتطوير,https://khamsat.com/programming,مدونات بلوجر,https://khamsat.com/programming/blogger,إنشاء مدونة بمنصة بلوجر وضبط الإعدادات وتركيب قالب من اختيارك,https://khamsat.com/programming/blogger/577357-%D8%A5%D9%86%D8%B4%D8%A7%D8%A1-%D9%85%D8%AF%D9%88%D9%86%D8%A9-%D8%A8%D9%85%D9%86%D8%B5%D8%A9-%D8%A8%D9%84%D9%88%D8%AC%D8%B1-%D9%88%D8%B6%D8%A8%D8%B7-%D8%A7%D9%84%D8%A5%D8%B9%D8%AF%D8%A7%D8%AF%D8%A7%D8%AA-%D9%88%D8%AA%D8%B1%D9%83%D9%8A%D8%A8-%D9%82%D8%A7%D9%84%D8%A8-%D9%85%D9%86-%D8%A7%D8%AE%D8%AA%D9%8A%D8%A7%D8%B1%D9%83,4.5,40,5 ساعات,44,0,$5.00,يوم واحد,25,3,15.0,.Said E,https://khamsat.com/user/said-el-jamali,True,بائع مميز,4.5,63,79.56%,6,62,يوم
برمجة وتطوير,https://khamsat.com/programming,مدونات بلوجر,https://khamsat.com/programming/blogger,انشاء مدونة بلوجر احترافية بقالب مميز وسريع,https://khamsat.com/programming/blogger/2528133-%D8%A7%D9%86%D8%B4%D8%A7%D8%A1-%D9%85%D8%AF%D9%88%D9%86%D8%A9-%D8%A8%D9%84%D9%88%D8%AC%D8%B1-%D8%A7%D8%AD%D8%AA%D8%B1%D8%A7%D9%81%D9%8A%D8%A9-%D8%A8%D9%82%D8%A7%D9%84%D8%A8-%D9%85%D9%85%D9%8A%D8%B2-%D9%88%D8%B3%D8%B1%D9%8A%D8%B9,5.0,6,8 ساعات,8,0,$5.00,يومين,6,2,15.0,.Mohammed K,https://khamsat.com/user/mohammrd_akram22,True,بائع نشيط,4.5,22,89.19%,6,27,6 ساعات
برمجة وتطوير,https://khamsat.com/programming,مدونات بلوجر,https://khamsat.com/programming/blogger,سيو بلايرز - قالب بلوجر بث المباريات | SEO Players,https://khamsat.com/programming/blogger/2163033-%D8%B3%D9%8A%D9%88-%D8%A8%D9%84%D8%A7%D9%8A%D8%B1%D8%B2-%D9%82%D8%A7%D9%84%D8%A8-%D8%A8%D9%84%D9%88%D8%AC%D8%B1-%D8%A8%D8%AB-%D8%A7%D9%84%D9%85%D8%A8%D8%A7%D8%B1%D9%8A%D8%A7%D8%AA-seo-players,4.5,43,4 ساعات,55,0,$10.00,يوم واحد,25,2,40.0,غمدان ا.,https://khamsat.com/user/ghamdanal421,True,بائع مميز,4.5,43,86.36%,1,55,4 ساعات
برمجة وتطوير,https://khamsat.com/programming,مدونات بلوجر,https://khamsat.com/programming/blogger,استلم مدونتك فقط,https://khamsat.com/programming/blogger/1148406-%D8%A7%D8%B3%D8%AA%D9%84%D9%85-%D9%85%D8%AF%D9%88%D9%86%D8%AA%D9%83-%D9%81%D9%82%D8%B7,5.0,21,3 ساعات,26,0,$10.00,يوم واحد,21,0,0.0,.Eslam M,https://khamsat.com/user/kosta2010,True,بائع مميز,5.0,97,86.7%,4,101,3 ساعات
برمجة وتطوير,https://khamsat.com/programming,مدونات بلوجر,https://khamsat.com/programming/blogger,قالب داتا نيوز الإخباري لمنصة بلوجر,https://khamsat.com/programming/blogger/2765509-%D9%82%D8%A7%D9%84%D8%A8-%D8%AF%D8%A7%D8%AA%D8%A7-%D9%86%D9%8A%D9%88%D8%B2-%D8%A7%D9%84%D8%A5%D8%AE%D8%A8%D8%A7%D8%B1%D9%8A-%D9%84%D9%85%D9%86%D8%B5%D8%A9-%D8%A8%D9%84%D9%88%D8%AC%D8%B1,4.5,5,7 دقائق,7,0,$5.00,يوم واحد,5,5,55.0,.Mohamed R,https://khamsat.com/user/mohamed24119,True,بائع جديد,4.5,5,70.0%,2,7,7 دقائق
برمجة وتطوير,https://khamsat.com/programming,مدونات بلوجر,https://khamsat.com/programming/blogger,تعريب قوالب ووردبريس، HTML وبلوجر من الإنجليزية إلى العربية,https://khamsat.com/programming/blogger/461733-%D8%AA%D8%B9%D8%B1%D9%8A%D8%A8-%D9%82%D9%88%D8%A7%D9%84%D8%A8-%D9%88%D9%88%D8%B1%D8%AF%D8%A8%D8%B1%D9%8A%D8%B3-html-%D9%88%D8%A8%D9%84%D9%88%D8%AC%D8%B1-%D9%85%D9%86-%D8%A7%D9%84%D8%A5%D9%86%D8%AC%D9%84%D9%8A%D8%B2%D9%8A%D8%A9-%D8%A5%D9%84%D9%89-%D8%A7%D9%84%D8%B9%D8%B1%D8%A8%D9%8A%D8%A9,5.0,3,ساعة,2,0,$5.00,يومين,3,3,35.0,محب ر.,https://khamsat.com/user/moheb_rofail,True,بائع مميز,5.0,43,85.84%,11,50,3 ساعات
برمجة وتطوير,https://khamsat.com/programming,مدونات بلوجر,https://khamsat.com/programming/blogger,انشاء مدونة بلوجر احترافية وتفعيل اعلانات جوجل بالمدونة,https://khamsat.com/programming/blogger/2528816-%D8%A7%D9%86%D8%B4%D8%A7%D8%A1-%D9%85%D8%AF%D9%88%D9%86%D8%A9-%D8%A8%D9%84%D9%88%D8%AC%D8%B1-%D8%A7%D8%AD%D8%AA%D8%B1%D8%A7%D9%81%D9%8A%D8%A9-%D9%88%D8%AA%D9%81%D8%B9%D9%8A%D9%84-%D8%A7%D8%B9%D9%84%D8%A7%D9%86%D8%A7%D8%AA-%D8%AC%D9%88%D8%AC%D9%84-%D8%A8%D8%A7%D9%84%D9%85%D8%AF%D9%88%D9%86%D8%A9,4.5,7,5 ساعات,9,0,$5.00,يومين,7,3,45.0,.Mohamed K,https://khamsat.com/user/mohmedk886,True,بائع نشيط,4.5,9,72.0%,5,10,ساعة
برمجة وتطوير,https://khamsat.com/programming,مدونات بلوجر,https://khamsat.com/programming/blogger,انشاء ملف وكود لخريطه موقعك خصيصا لفهرسه مواضيعك,https://khamsat.com/programming/blogger/1299984-%D8%A7%D9%86%D8%B4%D8%A7%D8%A1-%D9%85%D9%84%D9%81-%D9%88%D9%83%D9%88%D8%AF-%D9%84%D8%AE%D8%B1%D9%8A%D8%B7%D9%87-%D9%85%D9%88%D9%82%D8%B9%D9%83-%D8%AE%D8%B5%D9%8A%D8%B5%D8%A7-%D9%84%D9%81%D9%87%D8%B1%D8%B3%D9%87-%D9%85%D9%88%D8%A7%D8%B6%D9%8A%D8%B9%D9%83,5.0,2,7 ساعات,3,0,$5.00,يوم واحد,2,1,5.0,.Mohammed Y,https://khamsat.com/user/mohammed_yassin,True,بائع مميز,4.5,59,91.89%,7,89,15 ساعة
برمجة وتطوير,https://khamsat.com/programming,مدونات بلوجر,https://khamsat.com/programming/blogger,إنشاء مدونة على منصة بلوجر باللغة العربية أو الإنجليزية,https://khamsat.com/programming/blogger/2642962-%D8%A5%D9%86%D8%B4%D8%A7%D8%A1-%D9%85%D8%AF%D9%88%D9%86%D8%A9-%D8%B9%D9%84%D9%89-%D9%85%D9%86%D8%B5%D8%A9-%D8%A8%D9%84%D9%88%D8%AC%D8%B1-%D8%A8%D8%A7%D9%84%D9%84%D8%BA%D8%A9-%D8%A7%D9%84%D8%B9%D8%B1%D8%A8%D9%8A%D8%A9-%D8%A3%D9%88-%D8%A7%D9%84%D8%A5%D9%86%D8%AC%D9%84%D9%8A%D8%B2%D9%8A%D8%A9,5.0,2,26 دقيقة,2,0,$10.00,يوم واحد,2,4,20.0,.Wael A,https://khamsat.com/user/wevfro,True,بائع نشيط,5.0,11,100.0%,10,7,28 دقيقة
برمجة وتطوير,https://khamsat.com/programming,مدونات بلوجر,https://khamsat.com/programming/blogger,إنشاء مدونة بلوجر احترافية من الالف الي الياء,https://khamsat.com/programming/blogger/1617965-%D8%A5%D9%86%D8%B4%D8%A7%D8%A1-%D9%85%D8%AF%D9%88%D9%86%D8%A9-%D8%A8%D9%84%D9%88%D8%AC%D8%B1-%D8%A7%D8%AD%D8%AA%D8%B1%D8%A7%D9%81%D9%8A%D8%A9-%D9%85%D9%86-%D8%A7%D9%84%D8%A7%D9%84%D9%81-%D8%A7%D9%84%D9%8A-%D8%A7%D9%84%D9%8A%D8%A7%D8%A1,5.0,5,ساعة,6,0,$5.00,يومين,5,2,20.0,.Ahmed M,https://khamsat.com/user/a7medmaher,True,بائع نشيط,4.5,23,81.67%,6,31,3 ساعات
برمجة وتطوير,https://khamsat.com/programming,مدونات بلوجر,https://khamsat.com/programming/blogger,أنشاء مدونة احترافية على منصة بلوجر التابعة لشركة قوقل,https://khamsat.com/programming/blogger/1727470-%D8%A3%D9%86%D8%B4%D8%A7%D8%A1-%D9%85%D8%AF%D9%88%D9%86%D8%A9-%D8%A7%D8%AD%D8%AA%D8%B1%D8%A7%D9%81%D9%8A%D8%A9-%D8%B9%D9%84%D9%89-%D9%85%D9%86%D8%B5%D8%A9-%D8%A8%D9%84%D9%88%D8%AC%D8%B1-%D8%A7%D9%84%D8%AA%D8%A7%D8%A8%D8%B9%D8%A9-%D9%84%D8%B4%D8%B1%D9%83%D8%A9-%D9%82%D9%88%D9%82%D9%84,4.5,19,12 دقيقة,19,0,$5.00,ثلاثة أيام,19,3,55.0,محمد ع.,https://khamsat.com/user/%D9%85%D8%AD%D9%85%D8%AF-%D8%A7%D9%84%D9%82%D8%A7%D8%B7%D8%B9,True,بائع مميز,4.5,45,80.95%,3,42,4 ساعات
برمجة وتطوير,https://khamsat.com/programming,إنشاء صفحة هبوط,https://khamsat.com/programming/landing-page-development,تصميم صفحة هبوط landing page بشكل مميز وجذاب,https://khamsat.com/programming/landing-page-development/2617226-%D8%AA%D8%B5%D9%85%D9%8A%D9%85-%D8%B5%D9%81%D8%AD%D8%A9-%D9%87%D8%A8%D9%88%D8%B7-landing-page-%D8%A8%D8%B4%D9%83%D9%84-%D9%85%D9%85%D9%8A%D8%B2-%D9%88%D8%AC%D8%B0%D8%A7%D8%A8,5.0,23,47 دقيقة,30,0,$5.00,يومين,23,5,35.0,.Mohammed G,https://khamsat.com/user/mohammed_gomaa22,True,بائع مميز,5.0,39,100.0%,4,46,ساعة
برمجة وتطوير,https://khamsat.com/programming,إنشاء صفحة هبوط,https://khamsat.com/programming/landing-page-development,انشاء صفحة هبوط أو ديجتال كارد,https://khamsat.com/programming/landing-page-development/3002750-%D8%A7%D9%86%D8%B4%D8%A7%D8%A1-%D8%B5%D9%81%D8%AD%D8%A9-%D9%87%D8%A8%D9%88%D8%B7-%D8%A3%D9%88-%D8%AF%D9%8A%D8%AC%D8%AA%D8%A7%D9%84-%D9%83%D8%A7%D8%B1%D8%AF,5.0,4,8 دقائق,4,0,$10.00,يوم واحد,4,5,155.0,منير ا.,https://khamsat.com/user/muneeralbahr,True,بائع جديد,5.0,4,85.71%,1,4,8 دقائق
برمجة وتطوير,https://khamsat.com/programming,إنشاء صفحة هبوط,https://khamsat.com/programming/landing-page-development,تصميم صفحه هبوط Landing Page بتصميمات عصريه Responsive,https://khamsat.com/programming/landing-page-development/2751944-%D8%AA%D8%B5%D9%85%D9%8A%D9%85-%D8%B5%D9%81%D8%AD%D9%87-%D9%87%D8%A8%D9%88%D8%B7-landing-page-%D8%A8%D8%AA%D8%B5%D9%85%D9%8A%D9%85%D8%A7%D8%AA-%D8%B9%D8%B5%D8%B1%D9%8A%D9%87-responsive,5.0,45,ساعة,52,0,$15.00,يوم واحد,25,5,75.0,.Zeyad S,https://khamsat.com/user/zeyad26,True,بائع مميز,5.0,52,98.59%,2,54,36 دقيقة
برمجة وتطوير,https://khamsat.com/programming,إنشاء صفحة هبوط,https://khamsat.com/programming/landing-page-development,تصميم وإنشاء صفحة هبوط احترافية متجاوب مع جميع الاجهزه,https://khamsat.com/programming/landing-page-development/3029943-%D8%AA%D8%B5%D9%85%D9%8A%D9%85-%D9%88%D8%A5%D9%86%D8%B4%D8%A7%D8%A1-%D8%B5%D9%81%D8%AD%D8%A9-%D9%87%D8%A8%D9%88%D8%B7-%D8%A7%D8%AD%D8%AA%D8%B1%D8%A7%D9%81%D9%8A%D8%A9-%D9%85%D8%AA%D8%AC%D8%A7%D9%88%D8%A8-%D9%85%D8%B9-%D8%AC%D9%85%D9%8A%D8%B9-%D8%A7%D9%84%D8%A7%D8%AC%D9%87%D8%B2%D9%87,5.0,1,دقيقة,1,0,$10.00,يومين,1,4,50.0,.Ahmed E,https://khamsat.com/user/abozid0,True,بائع جديد,5.0,1,100.0%,1,1,دقيقة
برمجة وتطوير,https://khamsat.com/programming,إنشاء صفحة هبوط,https://khamsat.com/programming/landing-page-development,تحويل او انشاء صفحات html5 css3 js متوافقة مع جميع الاجهزة,https://khamsat.com/programming/landing-page-development/2841799-%D8%AA%D8%AD%D9%88%D9%8A%D9%84-%D8%A7%D9%88-%D8%A7%D9%86%D8%B4%D8%A7%D8%A1-%D8%B5%D9%81%D8%AD%D8%A7%D8%AA-html5-css3-js-%D9%85%D8%AA%D9%88%D8%A7%D9%81%D9%82%D8%A9-%D9%85%D8%B9-%D8%AC%D9%85%D9%8A%D8%B9-%D8%A7%D9%84%D8%A7%D8%AC%D9%87%D8%B2%D8%A9,5.0,2,5 دقائق,5,0,$5.00,يومين,2,0,0.0,.Alkasem S,https://khamsat.com/user/kasem_saad,True,بائع نشيط,5.0,3,90.48%,3,6,ساعة
برمجة وتطوير,https://khamsat.com/programming,إنشاء صفحة هبوط,https://khamsat.com/programming/landing-page-development,تصميم صفحه هبوط Landing Page بتصميمات عصريه Responsive,https://khamsat.com/programming/landing-page-development/3036979-%D8%AA%D8%B5%D9%85%D9%8A%D9%85-%D8%B5%D9%81%D8%AD%D9%87-%D9%87%D8%A8%D9%88%D8%B7-landing-page-%D8%A8%D8%AA%D8%B5%D9%85%D9%8A%D9%85%D8%A7%D8%AA-%D8%B9%D8%B5%D8%B1%D9%8A%D9%87-responsive,5.0,2,ساعة,2,0,$5.00,يومين,2,4,25.0,.Mohamed Khalil K,https://khamsat.com/user/mohamed_khedhri,True,بائع جديد,5.0,2,100.0%,1,2,ساعة
برمجة وتطوير,https://khamsat.com/programming,إنشاء صفحة هبوط,https://khamsat.com/programming/landing-page-development,إنشاء صفحة هبوط Landing Page متجاوبة مع جميع الشاشات,https://khamsat.com/programming/landing-page-development/2756836-%D8%A5%D9%86%D8%B4%D8%A7%D8%A1-%D8%B5%D9%81%D8%AD%D8%A9-%D9%87%D8%A8%D9%88%D8%B7-landing-page-%D9%85%D8%AA%D8%AC%D8%A7%D9%88%D8%A8%D8%A9-%D9%85%D8%B9-%D8%AC%D9%85%D9%8A%D8%B9-%D8%A7%D9%84%D8%B4%D8%A7%D8%B4%D8%A7%D8%AA,5.0,2,6 دقائق,3,0,$10.00,يومين,2,3,30.0,.Abdelrahman A,https://khamsat.com/user/abdo330000,True,بائع نشيط,5.0,5,100.0%,4,6,9 دقائق
برمجة وتطوير,https://khamsat.com/programming,إنشاء صفحة هبوط,https://khamsat.com/programming/landing-page-development,تطوير وإنشاء صفحة هبوط متجاوبة,https://khamsat.com/programming/landing-page-development/2963714-%D8%AA%D8%B7%D9%88%D9%8A%D8%B1-%D9%88%D8%A5%D9%86%D8%B4%D8%A7%D8%A1-%D8%B5%D9%81%D8%AD%D8%A9-%D9%87%D8%A8%D9%88%D8%B7-%D9%85%D8%AA%D8%AC%D8%A7%D9%88%D8%A8%D8%A9,5.0,1,7 ساعات,2,0,$10.00,ثلاثة أيام,1,1,5.0,.Omar G,https://khamsat.com/user/omer_gehad,True,بائع جديد,5.0,2,100.0%,2,2,3 ساعات
برمجة وتطوير,https://khamsat.com/programming,إنشاء صفحة هبوط,https://khamsat.com/programming/landing-page-development,ارسال بيانات ال form من ال landing page الي google sheet,https://khamsat.com/programming/landing-page-development/1745367-%D8%A7%D8%B1%D8%B3%D8%A7%D9%84-%D8%A8%D9%8A%D8%A7%D9%86%D8%A7%D8%AA-%D8%A7%D9%84-form-%D9%85%D9%86-%D8%A7%D9%84-landing-page-%D8%A7%D9%84%D9%8A-google-sheet,5.0,4,ساعتين,5,0,$5.00,يومين,4,4,185.0,.Ahmed G,https://khamsat.com/user/ahmed-ghoraba,True,بائع مميز,5.0,118,92.18%,4,160,7 ساعات
برمجة وتطوير,https://khamsat.com/programming,إنشاء صفحة هبوط,https://khamsat.com/programming/landing-page-development,تصميم صفحـات هبوط احترافية (Landing page),https://khamsat.com/programming/landing-page-development/1319676-%D8%AA%D8%B5%D9%85%D9%8A%D9%85-%D8%B5%D9%81%D8%AD%D9%80%D8%A7%D8%AA-%D9%87%D8%A8%D9%88%D8%B7-%D8%A7%D8%AD%D8%AA%D8%B1%D8%A7%D9%81%D9%8A%D8%A9-landing-page,5.0,28,4 ساعات,35,0,$10.00,يومين,25,5,120.0,.Houdaifa B,https://khamsat.com/user/houdaifabs,True,بائع مميز,5.0,62,92.7%,5,57,9 ساعات
برمجة وتطوير,https://khamsat.com/programming,إنشاء صفحة هبوط,https://khamsat.com/programming/landing-page-development,تصميم صفحة هبوط مميزة ومناسبة لاحجام شاشات مختلفة,https://khamsat.com/programming/landing-page-development/2976480-%D8%AA%D8%B5%D9%85%D9%8A%D9%85-%D8%B5%D9%81%D8%AD%D8%A9-%D9%87%D8%A8%D9%88%D8%B7-%D9%85%D9%85%D9%8A%D8%B2%D8%A9-%D9%88%D9%85%D9%86%D8%A7%D8%B3%D8%A8%D8%A9-%D9%84%D8%A7%D8%AD%D8%AC%D8%A7%D9%85-%D8%B4%D8%A7%D8%B4%D8%A7%D8%AA-%D9%85%D8%AE%D8%AA%D9%84%D9%81%D8%A9,5.0,3,11 دقيقة,3,0,$5.00,ثلاثة أيام,3,5,30.0,بيتر ص.,https://khamsat.com/user/peter_sadek,True,بائع جديد,5.0,3,100.0%,1,3,11 دقيقة
برمجة وتطوير,https://khamsat.com/programming,إنشاء صفحة هبوط,https://khamsat.com/programming/landing-page-development,تصميم صفحة هبوط landing page بشكل احترافي ومميز,https://khamsat.com/programming/landing-page-development/2401856-%D8%AA%D8%B5%D9%85%D9%8A%D9%85-%D8%B5%D9%81%D8%AD%D8%A9-%D9%87%D8%A8%D9%88%D8%B7-landing-page-%D8%A8%D8%B4%D9%83%D9%84-%D8%A7%D8%AD%D8%AA%D8%B1%D8%A7%D9%81%D9%8A-%D9%88%D9%85%D9%85%D9%8A%D8%B2,5.0,4,3 ساعات,5,0,$5.00,يوم واحد,4,5,100.0,.Waseem R,https://khamsat.com/user/waseem_pro,True,بائع نشيط,5.0,5,76.92%,2,5,ساعة
برمجة وتطوير,https://khamsat.com/programming,إنشاء صفحة هبوط,https://khamsat.com/programming/landing-page-development,تصميم موقع Landing Page بشكل جذاب ورائع,https://khamsat.com/programming/landing-page-development/1937188-%D8%AA%D8%B5%D9%85%D9%8A%D9%85-%D9%85%D9%88%D9%82%D8%B9-landing-page-%D8%A8%D8%B4%D9%83%D9%84-%D8%AC%D8%B0%D8%A7%D8%A8-%D9%88%D8%B1%D8%A7%D8%A6%D8%B9,5.0,3,ساعتين,5,0,$10.00,يوم واحد,3,3,70.0,شهاب ا.,https://khamsat.com/user/shihab_raafat,True,بائع نشيط,5.0,3,100.0%,2,5,ساعتين
برمجة وتطوير,https://khamsat.com/programming,إنشاء صفحة هبوط,https://khamsat.com/programming/landing-page-development,"تصميم صفحه هبوط للمواقع باحترافيه HTML, CSS, JavaScript",https://khamsat.com/programming/landing-page-development/2650213-%D8%AA%D8%B5%D9%85%D9%8A%D9%85-%D8%B5%D9%81%D8%AD%D9%87-%D9%87%D8%A8%D9%88%D8%B7-%D9%84%D9%84%D9%85%D9%88%D8%A7%D9%82%D8%B9-%D8%A8%D8%A7%D8%AD%D8%AA%D8%B1%D8%A7%D9%81%D9%8A%D9%87-html-css-javascript,4.5,11,3 ساعات,13,0,$10.00,يومين,11,1,10.0,.Hazem N,https://khamsat.com/user/hazem_nabil42,True,بائع مميز,4.5,13,92.86%,2,15,ساعة
برمجة وتطوير,https://khamsat.com/programming,إنشاء صفحة هبوط,https://khamsat.com/programming/landing-page-development,تصميم موقع و صفحة هبوط متوافقه مع جميع الشاشات,https://khamsat.com/programming/landing-page-development/1308428-%D8%AA%D8%B5%D9%85%D9%8A%D9%85-%D9%85%D9%88%D9%82%D8%B9-%D9%88-%D8%B5%D9%81%D8%AD%D8%A9-%D9%87%D8%A8%D9%88%D8%B7-%D9%85%D8%AA%D9%88%D8%A7%D9%81%D9%82%D9%87-%D9%85%D8%B9-%D8%AC%D9%85%D9%8A%D8%B9-%D8%A7%D9%84%D8%B4%D8%A7%D8%B4%D8%A7%D8%AA,5.0,37,ساعتين,40,0,$5.00,يوم واحد,25,4,175.0,.Walid M,https://khamsat.com/user/walid-mohamed-saleh,True,بائع مميز,5.0,39,92.86%,2,41,17 ساعة
برمجة وتطوير,https://khamsat.com/programming,إنشاء صفحة هبوط,https://khamsat.com/programming/landing-page-development,صفحه هبوط لموقع جذابه و منظمه,https://khamsat.com/programming/landing-page-development/2391635-%D8%B5%D9%81%D8%AD%D9%87-%D9%87%D8%A8%D9%88%D8%B7-%D9%84%D9%85%D9%88%D9%82%D8%B9-%D8%AC%D8%B0%D8%A7%D8%A8%D9%87-%D9%88-%D9%85%D9%86%D8%B8%D9%85%D9%87,4.5,2,ساعة,2,0,$10.00,ثلاثة أيام,2,4,40.0,.Esraa K,https://khamsat.com/user/esraa_17,True,بائع جديد,4.5,2,100.0%,3,2,ساعتين
برمجة وتطوير,https://khamsat.com/programming,إنشاء صفحة هبوط,https://khamsat.com/programming/landing-page-development,"مصممة صفحات هبوط ومبرمجة html,css,bootstrap,javascript",https://khamsat.com/programming/landing-page-development/2522512-%D9%85%D8%B5%D9%85%D9%85%D8%A9-%D8%B5%D9%81%D8%AD%D8%A7%D8%AA-%D9%87%D8%A8%D9%88%D8%B7-%D9%88%D9%85%D8%A8%D8%B1%D9%85%D8%AC%D8%A9-htmlcssbootstrapjavascript,5.0,9,يوم,10,0,$5.00,يوم واحد,9,4,115.0,.Eatedal M,https://khamsat.com/user/eatedal_makram,True,بائع نشيط,5.0,9,88.24%,2,10,23 ساعة
برمجة وتطوير,https://khamsat.com/programming,إنشاء صفحة هبوط,https://khamsat.com/programming/landing-page-development,انشاء صفحة هبوط متناسقة ومتجاوبه مع جميع الشاشات html CSS js,https://khamsat.com/programming/landing-page-development/2768237-%D8%A7%D9%86%D8%B4%D8%A7%D8%A1-%D8%B5%D9%81%D8%AD%D8%A9-%D9%87%D8%A8%D9%88%D8%B7-%D9%85%D8%AA%D9%86%D8%A7%D8%B3%D9%82%D8%A9-%D9%88%D9%85%D8%AA%D8%AC%D8%A7%D9%88%D8%A8%D9%87-%D9%85%D8%B9-%D8%AC%D9%85%D9%8A%D8%B9-%D8%A7%D9%84%D8%B4%D8%A7%D8%B4%D8%A7%D8%AA-html-css-js,5.0,1,7 ساعات,1,0,$10.00,يومين,1,5,55.0,مصطفي س.,https://khamsat.com/user/mustafaselim97,True,بائع جديد,5.0,2,100.0%,3,2,3 ساعات
برمجة وتطوير,https://khamsat.com/programming,إنشاء صفحة هبوط,https://khamsat.com/programming/landing-page-development,إنشاء صفحات هبوط landing pages,https://khamsat.com/programming/landing-page-development/2491879-%D8%A5%D9%86%D8%B4%D8%A7%D8%A1-%D8%B5%D9%81%D8%AD%D8%A7%D8%AA-%D9%87%D8%A8%D9%88%D8%B7-landing-pages,5.0,1,28 دقيقة,2,0,$10.00,ثلاثة أيام,1,5,105.0,.Mohammed A,https://khamsat.com/user/mohammed_fandees,True,بائع جديد,5.0,1,100.0%,2,2,28 دقيقة
برمجة وتطوير,https://khamsat.com/programming,إنشاء صفحة هبوط,https://khamsat.com/programming/landing-page-development,برمجة وتصميم صفحة هبوط Landing Page,https://khamsat.com/programming/landing-page-development/2634241-%D8%A8%D8%B1%D9%85%D8%AC%D8%A9-%D9%88%D8%AA%D8%B5%D9%85%D9%8A%D9%85-%D8%B5%D9%81%D8%AD%D8%A9-%D9%87%D8%A8%D9%88%D8%B7-landing-page,5.0,8,5 ساعات,8,0,$10.00,يومين,8,5,90.0,محمد عبدالحميد الصادق خ.,https://khamsat.com/user/khaldi_abdou,True,بائع نشيط,5.0,16,97.56%,4,14,8 ساعات
برمجة وتطوير,https://khamsat.com/programming,إنشاء صفحة هبوط,https://khamsat.com/programming/landing-page-development,برمجة صفحة هبوط بشكل إحترافي Amazing Landing Page,https://khamsat.com/programming/landing-page-development/2874437-%D8%A8%D8%B1%D9%85%D8%AC%D8%A9-%D8%B5%D9%81%D8%AD%D8%A9-%D9%87%D8%A8%D9%88%D8%B7-%D8%A8%D8%B4%D9%83%D9%84-%D8%A5%D8%AD%D8%AA%D8%B1%D8%A7%D9%81%D9%8A-amazing-landing-page,5.0,4,3 ساعات,4,0,$10.00,يومين,4,4,110.0,محمد ج.,https://khamsat.com/user/mohamedgbreel,True,بائع جديد,5.0,4,57.14%,2,4,ساعة
برمجة وتطوير,https://khamsat.com/programming,إنشاء صفحة هبوط,https://khamsat.com/programming/landing-page-development,تطوير صفحة هبوط HTML CSS JQUERY PHP MYSQL BOOTSTRAP,https://khamsat.com/programming/landing-page-development/1528869-%D8%AA%D8%B7%D9%88%D9%8A%D8%B1-%D8%B5%D9%81%D8%AD%D8%A9-%D9%87%D8%A8%D9%88%D8%B7-html-css-jquery-php-mysql-bootstrap,5.0,6,3 ساعات,9,0,$25.00,ثلاثة أيام,6,4,150.0,.Asem M,https://khamsat.com/user/a1999sem,True,بائع مميز,5.0,26,91.89%,5,26,ساعتين
برمجة وتطوير,https://khamsat.com/programming,إنشاء صفحة هبوط,https://khamsat.com/programming/landing-page-development,صفحة هبوط متجاوبة مع كل الاجهزة landing page site,https://khamsat.com/programming/landing-page-development/2637631-%D8%B5%D9%81%D8%AD%D8%A9-%D9%87%D8%A8%D9%88%D8%B7-%D9%85%D8%AA%D8%AC%D8%A7%D9%88%D8%A8%D8%A9-%D9%85%D8%B9-%D9%83%D9%84-%D8%A7%D9%84%D8%A7%D8%AC%D9%87%D8%B2%D8%A9-landing-page-site,5.0,1,يومين,1,0,$5.00,يوم واحد,1,1,5.0,جمال خ.,https://khamsat.com/user/gamal_khattab,True,بائع جديد,5.0,1,100.0%,2,1,يوم
برمجة وتطوير,https://khamsat.com/programming,إنشاء صفحة هبوط,https://khamsat.com/programming/landing-page-development,تصميم صفحات هبوط وصفحات تعريفيه احترافيه وجذابه,https://khamsat.com/programming/landing-page-development/3002560-%D8%AA%D8%B5%D9%85%D9%8A%D9%85-%D8%B5%D9%81%D8%AD%D8%A7%D8%AA-%D9%87%D8%A8%D9%88%D8%B7-%D9%88%D8%B5%D9%81%D8%AD%D8%A7%D8%AA-%D8%AA%D8%B9%D8%B1%D9%8A%D9%81%D9%8A%D9%87-%D8%A7%D8%AD%D8%AA%D8%B1%D8%A7%D9%81%D9%8A%D9%87-%D9%88%D8%AC%D8%B0%D8%A7%D8%A8%D9%87,5.0,2,49 دقيقة,2,0,$5.00,يومين,2,1,5.0,.Khaled M,https://khamsat.com/user/khaled_mohamed_hamza,True,بائع جديد,5.0,4,100.0%,4,5,ساعة
برمجة وتطوير,https://khamsat.com/programming,إنشاء صفحة هبوط,https://khamsat.com/programming/landing-page-development,عمل صفحة هبوط متجاوبة مع جميع الشاشات والالوان متناصقة,https://khamsat.com/programming/landing-page-development/2790837-%D8%B9%D9%85%D9%84-%D8%B5%D9%81%D8%AD%D8%A9-%D9%87%D8%A8%D9%88%D8%B7-%D9%85%D8%AA%D8%AC%D8%A7%D9%88%D8%A8%D8%A9-%D9%85%D8%B9-%D8%AC%D9%85%D9%8A%D8%B9-%D8%A7%D9%84%D8%B4%D8%A7%D8%B4%D8%A7%D8%AA-%D9%88%D8%A7%D9%84%D8%A7%D9%84%D9%88%D8%A7%D9%86-%D9%85%D8%AA%D9%86%D8%A7%D8%B5%D9%82%D8%A9,5.0,1,17 ساعة,2,0,$10.00,يومين,1,4,100.0,.Mohamed S,https://khamsat.com/user/mohamed8_salah,True,بائع جديد,5.0,1,100.0%,2,2,17 ساعة
برمجة وتطوير,https://khamsat.com/programming,إنشاء صفحة هبوط,https://khamsat.com/programming/landing-page-development,تحويل اي تصميم صفحه هبوط landing page الي موقع احترافي,https://khamsat.com/programming/landing-page-development/2073216-%D8%AA%D8%AD%D9%88%D9%8A%D9%84-%D8%A7%D9%8A-%D8%AA%D8%B5%D9%85%D9%8A%D9%85-%D8%B5%D9%81%D8%AD%D9%87-%D9%87%D8%A8%D9%88%D8%B7-landing-page-%D8%A7%D9%84%D9%8A-%D9%85%D9%88%D9%82%D8%B9-%D8%A7%D8%AD%D8%AA%D8%B1%D8%A7%D9%81%D9%8A,5.0,5,15 دقيقة,9,0,$10.00,يومين,5,5,80.0,.Mohamed I,https://khamsat.com/user/mohamed_ibrhim,True,بائع نشيط,5.0,11,93.33%,1,16,33 دقيقة
برمجة وتطوير,https://khamsat.com/programming,إنشاء صفحة هبوط,https://khamsat.com/programming/landing-page-development,تصميم صفحة هبوط HTML CSS bootstrap,https://khamsat.com/programming/landing-page-development/2832022-%D8%AA%D8%B5%D9%85%D9%8A%D9%85-%D8%B5%D9%81%D8%AD%D8%A9-%D9%87%D8%A8%D9%88%D8%B7-html-css-bootstrap,5.0,2,56 دقيقة,3,0,$10.00,يومين,2,0,0.0,.Khloud F,https://khamsat.com/user/khloud156,True,بائع جديد,5.0,2,100.0%,3,3,56 دقيقة
برمجة وتطوير,https://khamsat.com/programming,إنشاء صفحة هبوط,https://khamsat.com/programming/landing-page-development,اقوم بانشاء صفحات هبوط باستخدام HTML CSS JAVASVRIPT BOOTSRAP,https://khamsat.com/programming/landing-page-development/2491094-%D8%A7%D9%82%D9%88%D9%85-%D8%A8%D8%A7%D9%86%D8%B4%D8%A7%D8%A1-%D8%B5%D9%81%D8%AD%D8%A7%D8%AA-%D9%87%D8%A8%D9%88%D8%B7-%D8%A8%D8%A7%D8%B3%D8%AA%D8%AE%D8%AF%D8%A7%D9%85-html-css-javasvript-bootsrap,5.0,2,ساعة,3,0,$5.00,يوم واحد,2,0,0.0,.Norhan K,https://khamsat.com/user/norhank99,True,بائع نشيط,5.0,6,96.43%,2,7,ساعة
برمجة وتطوير,https://khamsat.com/programming,إنشاء صفحة هبوط,https://khamsat.com/programming/landing-page-development,سأقوم بإنشاء قالب بريد إلكتروني HTML متجاوب,https://khamsat.com/programming/landing-page-development/2640699-%D8%B3%D8%A3%D9%82%D9%88%D9%85-%D8%A8%D8%A5%D9%86%D8%B4%D8%A7%D8%A1-%D9%82%D8%A7%D9%84%D8%A8-%D8%A8%D8%B1%D9%8A%D8%AF-%D8%A5%D9%84%D9%83%D8%AA%D8%B1%D9%88%D9%86%D9%8A-html-%D9%85%D8%AA%D8%AC%D8%A7%D9%88%D8%A8,5.0,7,3 ساعات,9,0,$10.00,يوم واحد,7,4,40.0,.Mohamed E,https://khamsat.com/user/mohamed-el-alouani,True,بائع نشيط,5.0,8,92.86%,2,9,ساعتين
برمجة وتطوير,https://khamsat.com/programming,إنشاء صفحة هبوط,https://khamsat.com/programming/landing-page-development,صفحة هبوط لمعمل تحاليل طبية,https://khamsat.com/programming/landing-page-development/2774636-%D8%B5%D9%81%D8%AD%D8%A9-%D9%87%D8%A8%D9%88%D8%B7-%D9%84%D9%85%D8%B9%D9%85%D9%84-%D8%AA%D8%AD%D8%A7%D9%84%D9%8A%D9%84-%D8%B7%D8%A8%D9%8A%D8%A9,5.0,1,10 دقائق,1,0,$20.00,يومين,1,0,0.0,هاجر ع.,https://khamsat.com/user/hager_adel499,True,بائع نشيط,5.0,6,100.0%,7,3,32 دقيقة
برمجة وتطوير,https://khamsat.com/programming,تخصيص وتعديل المواقع,https://khamsat.com/programming/website-customization,تنسيق متجرك علي منصة سلة وزد بشكل احترافي بواسطة CSS 3,https://khamsat.com/programming/website-customization/2765975-%D8%AA%D9%86%D8%B3%D9%8A%D9%82-%D9%85%D8%AA%D8%AC%D8%B1%D9%83-%D8%B9%D9%84%D9%8A-%D9%85%D9%86%D8%B5%D8%A9-%D8%B3%D9%84%D8%A9-%D9%88%D8%B2%D8%AF-%D8%A8%D8%B4%D9%83%D9%84-%D8%A7%D8%AD%D8%AA%D8%B1%D8%A7%D9%81%D9%8A-%D8%A8%D9%88%D8%A7%D8%B3%D8%B7%D8%A9-css-3,5.0,55,30 دقيقة,60,1,$10.00,ثلاثة أيام,25,4,100.0,.Ahmed S,https://khamsat.com/user/ahmed_salah993,True,بائع مميز,5.0,55,97.59%,2,60,30 دقيقة
برمجة وتطوير,https://khamsat.com/programming,تخصيص وتعديل المواقع,https://khamsat.com/programming/website-customization,تخصيص و تعديل الواجهه الأماميه الخاصه بمواقع الويب,https://khamsat.com/programming/website-customization/2891079-%D8%AA%D8%AE%D8%B5%D9%8A%D8%B5-%D9%88-%D8%AA%D8%B9%D8%AF%D9%8A%D9%84-%D8%A7%D9%84%D9%88%D8%A7%D8%AC%D9%87%D9%87-%D8%A7%D9%84%D8%A3%D9%85%D8%A7%D9%85%D9%8A%D9%87-%D8%A7%D9%84%D8%AE%D8%A7%D8%B5%D9%87-%D8%A8%D9%85%D9%88%D8%A7%D9%82%D8%B9-%D8%A7%D9%84%D9%88%D9%8A%D8%A8,5.0,4,ساعتين,4,0,$5.00,يومين,4,3,25.0,.Youssef A,https://khamsat.com/user/youssef_adel080,True,بائع نشيط,5.0,4,100.0%,1,4,ساعتين
برمجة وتطوير,https://khamsat.com/programming,تخصيص وتعديل المواقع,https://khamsat.com/programming/website-customization,تركيب سكربت vBulletin لكافة الأجيال,https://khamsat.com/programming/website-customization/1907804-%D8%AA%D8%B1%D9%83%D9%8A%D8%A8-%D8%B3%D9%83%D8%B1%D8%A8%D8%AA-vbulletin-%D9%84%D9%83%D8%A7%D9%81%D8%A9-%D8%A7%D9%84%D8%A3%D8%AC%D9%8A%D8%A7%D9%84,5.0,4,8 ساعات,4,0,$5.00,يوم واحد,4,2,125.0,أنس أ.,https://khamsat.com/user/anasosama94,True,بائع مميز,4.5,96,87.44%,15,138,5 ساعات
برمجة وتطوير,https://khamsat.com/programming,تخصيص وتعديل المواقع,https://khamsat.com/programming/website-customization,3 تعديلات / إضافات على موقعك باستخدام,https://khamsat.com/programming/website-customization/1312328-3-%D8%AA%D8%B9%D8%AF%D9%8A%D9%84%D8%A7%D8%AA-%D8%A5%D8%B6%D8%A7%D9%81%D8%A7%D8%AA-%D8%B9%D9%84%D9%89-%D9%85%D9%88%D9%82%D8%B9%D9%83-%D8%A8%D8%A7%D8%B3%D8%AA%D8%AE%D8%AF%D8%A7%D9%85,5.0,25,يوم,29,0,$5.00,يومين,25,4,55.0,.Houdaifa B,https://khamsat.com/user/houdaifabs,True,بائع مميز,5.0,62,92.7%,5,57,9 ساعات
برمجة وتطوير,https://khamsat.com/programming,تخصيص وتعديل المواقع,https://khamsat.com/programming/website-customization,تنفيذ تعديلات وإضافات احترافية لتعزيز موقعك الإلكتروني,https://khamsat.com/programming/website-customization/3018288-%D8%AA%D9%86%D9%81%D9%8A%D8%B0-%D8%AA%D8%B9%D8%AF%D9%8A%D9%84%D8%A7%D8%AA-%D9%88%D8%A5%D8%B6%D8%A7%D9%81%D8%A7%D8%AA-%D8%A7%D8%AD%D8%AA%D8%B1%D8%A7%D9%81%D9%8A%D8%A9-%D9%84%D8%AA%D8%B9%D8%B2%D9%8A%D8%B2-%D9%85%D9%88%D9%82%D8%B9%D9%83-%D8%A7%D9%84%D8%A5%D9%84%D9%83%D8%AA%D8%B1%D9%88%D9%86%D9%8A,5.0,1,7 دقائق,1,0,$5.00,يومين,1,0,0.0,سجى ا.,https://khamsat.com/user/sajashoaib,True,بائع جديد,5.0,3,100.0%,4,2,14 دقيقة
برمجة وتطوير,https://khamsat.com/programming,تخصيص وتعديل المواقع,https://khamsat.com/programming/website-customization,التعديل على موقع مطور بلارافيل تعديل أو اضافه ميزة جديدة,https://khamsat.com/programming/website-customization/1718518-%D8%A7%D9%84%D8%AA%D8%B9%D8%AF%D9%8A%D9%84-%D8%B9%D9%84%D9%89-%D9%85%D9%88%D9%82%D8%B9-%D9%85%D8%B7%D9%88%D8%B1-%D8%A8%D9%84%D8%A7%D8%B1%D8%A7%D9%81%D9%8A%D9%84-%D8%AA%D8%B9%D8%AF%D9%8A%D9%84-%D8%A3%D9%88-%D8%A7%D8%B6%D8%A7%D9%81%D9%87-%D9%85%D9%8A%D8%B2%D8%A9-%D8%AC%D8%AF%D9%8A%D8%AF%D8%A9,5.0,9,ساعتين,13,0,$5.00,يوم واحد,9,5,85.0,.Hassan D,https://khamsat.com/user/hassan-abdelazim,True,بائع نشيط,5.0,15,76.09%,4,17,9 ساعات
برمجة وتطوير,https://khamsat.com/programming,تخصيص وتعديل المواقع,https://khamsat.com/programming/website-customization,خدمة تصميم التقارير لتطبيقات AppSheet,https://khamsat.com/programming/website-customization/2777547-%D8%AE%D8%AF%D9%85%D8%A9-%D8%AA%D8%B5%D9%85%D9%8A%D9%85-%D8%A7%D9%84%D8%AA%D9%82%D8%A7%D8%B1%D9%8A%D8%B1-%D9%84%D8%AA%D8%B7%D8%A8%D9%8A%D9%82%D8%A7%D8%AA-appsheet,5.0,1,38 دقيقة,1,0,$10.00,أربعة أيام,1,3,170.0,.Abdulla A,https://khamsat.com/user/abdulla_nsour,True,بائع جديد,5.0,6,100.0%,2,5,25 دقيقة
برمجة وتطوير,https://khamsat.com/programming,تخصيص وتعديل المواقع,https://khamsat.com/programming/website-customization,"التعديل وتصحيح الأخطاء البرمجية في صفحات الويب html,css,js",https://khamsat.com/programming/website-customization/3026180-%D8%A7%D9%84%D8%AA%D8%B9%D8%AF%D9%8A%D9%84-%D9%88%D8%AA%D8%B5%D8%AD%D9%8A%D8%AD-%D8%A7%D9%84%D8%A3%D8%AE%D8%B7%D8%A7%D8%A1-%D8%A7%D9%84%D8%A8%D8%B1%D9%85%D8%AC%D9%8A%D8%A9-%D9%81%D9%8A-%D8%B5%D9%81%D8%AD%D8%A7%D8%AA-%D8%A7%D9%84%D9%88%D9%8A%D8%A8-htmlcssjs,0.0,0,17 دقيقة,1,0,$5.00,يوم واحد,0,2,10.0,عمرو ز.,https://khamsat.com/user/amr_khaled_mospah,True,بائع جديد,5.0,2,100.0%,4,3,18 دقيقة
برمجة وتطوير,https://khamsat.com/programming,تخصيص وتعديل المواقع,https://khamsat.com/programming/website-customization,اضافة خاصية التحويل بين Dark and Light Mode لموقعك,https://khamsat.com/programming/website-customization/2947729-%D8%A7%D8%B6%D8%A7%D9%81%D8%A9-%D8%AE%D8%A7%D8%B5%D9%8A%D8%A9-%D8%A7%D9%84%D8%AA%D8%AD%D9%88%D9%8A%D9%84-%D8%A8%D9%8A%D9%86-dark-and-light-mode-%D9%84%D9%85%D9%88%D9%82%D8%B9%D9%83,0.0,0,3 دقائق,1,0,$10.00,يوم واحد,0,5,65.0,مايكل س.,https://khamsat.com/user/michaelsameh_101,True,بائع جديد,0.0,0,100.0%,5,2,4 دقائق
برمجة وتطوير,https://khamsat.com/programming,تخصيص وتعديل المواقع,https://khamsat.com/programming/website-customization,تركيب جميع انواع السكربتات,https://khamsat.com/programming/website-customization/178883-%D8%AA%D8%B1%D9%83%D9%8A%D8%A8-%D8%AC%D9%85%D9%8A%D8%B9-%D8%A7%D9%86%D9%88%D8%A7%D8%B9-%D8%A7%D9%84%D8%B3%D9%83%D8%B1%D8%A8%D8%AA%D8%A7%D8%AA,4.5,68,ساعتين,111,0,$5.00,يوم واحد,25,2,15.0,.Bilal I,https://khamsat.com/user/bilal-izzat,True,بائع مميز,4.5,328,80.0%,8,455,10 ساعات
برمجة وتطوير,https://khamsat.com/programming,تخصيص وتعديل المواقع,https://khamsat.com/programming/website-customization,عمل خمس تعديلات لموقعك,https://khamsat.com/programming/website-customization/480926-%D8%B9%D9%85%D9%84-%D8%AE%D9%85%D8%B3-%D8%AA%D8%B9%D8%AF%D9%8A%D9%84%D8%A7%D8%AA-%D9%84%D9%85%D9%88%D9%82%D8%B9%D9%83,4.5,22,6 ساعات,34,0,$5.00,ثلاثة أيام,22,3,25.0,مجدي ر.,https://khamsat.com/user/%D8%A7%D9%84%D9%88%D8%A7%D9%86-%D9%82%D9%88%D8%B3-%D9%82%D8%B2%D8%AD,True,بائع مميز,4.5,46,82.77%,6,51,7 ساعات
برمجة وتطوير,https://khamsat.com/programming,تخصيص وتعديل المواقع,https://khamsat.com/programming/website-customization,تصميم او تعديل صفحة لموقع وعمل Responsive لها,https://khamsat.com/programming/website-customization/2803240-%D8%AA%D8%B5%D9%85%D9%8A%D9%85-%D8%A7%D9%88-%D8%AA%D8%B9%D8%AF%D9%8A%D9%84-%D8%B5%D9%81%D8%AD%D8%A9-%D9%84%D9%85%D9%88%D9%82%D8%B9-%D9%88%D8%B9%D9%85%D9%84-responsive-%D9%84%D9%87%D8%A7,5.0,1,40 دقيقة,1,0,$5.00,يوم واحد,1,0,0.0,.Fatma I,https://khamsat.com/user/fatmaibrahimb6,True,بائع جديد,5.0,1,100.0%,4,1,40 دقيقة
برمجة وتطوير,https://khamsat.com/programming,تخصيص وتعديل المواقع,https://khamsat.com/programming/website-customization,التعديل على موقعك او الاسكربت الخاص بك,https://khamsat.com/programming/website-customization/1574802-%D8%A7%D9%84%D8%AA%D8%B9%D8%AF%D9%8A%D9%84-%D8%B9%D9%84%D9%89-%D9%85%D9%88%D9%82%D8%B9%D9%83-%D8%A7%D9%88-%D8%A7%D9%84%D8%A7%D8%B3%D9%83%D8%B1%D8%A8%D8%AA-%D8%A7%D9%84%D8%AE%D8%A7%D8%B5-%D8%A8%D9%83,5.0,4,17 ساعة,6,0,$5.00,ثلاثة أيام,4,4,165.0,سالى م.,https://khamsat.com/user/sally_akl,True,بائع نشيط,5.0,6,65.85%,5,7,يوم
برمجة وتطوير,https://khamsat.com/programming,تخصيص وتعديل المواقع,https://khamsat.com/programming/website-customization,تنفيذ تعديلات واضافات للمواقع,https://khamsat.com/programming/website-customization/1548796-%D8%AA%D9%86%D9%81%D9%8A%D8%B0-%D8%AA%D8%B9%D8%AF%D9%8A%D9%84%D8%A7%D8%AA-%D9%88%D8%A7%D8%B6%D8%A7%D9%81%D8%A7%D8%AA-%D9%84%D9%84%D9%85%D9%88%D8%A7%D9%82%D8%B9,5.0,10,44 دقيقة,12,0,$5.00,يومين,10,5,95.0,حازم ا.,https://khamsat.com/user/develope,True,بائع مميز,5.0,125,95.32%,5,102,53 دقيقة
برمجة وتطوير,https://khamsat.com/programming,تخصيص وتعديل المواقع,https://khamsat.com/programming/website-customization,تنفيذ تعديلات واضافات للمواقع,https://khamsat.com/programming/website-customization/2024313-%D8%AA%D9%86%D9%81%D9%8A%D8%B0-%D8%AA%D8%B9%D8%AF%D9%8A%D9%84%D8%A7%D8%AA-%D9%88%D8%A7%D8%B6%D8%A7%D9%81%D8%A7%D8%AA-%D9%84%D9%84%D9%85%D9%88%D8%A7%D9%82%D8%B9,4.5,9,ساعة,13,0,$5.00,يوم واحد,9,4,75.0,.Ahmed I,https://khamsat.com/user/pahmedabdo,True,بائع نشيط,4.5,12,86.84%,3,15,ساعة
برمجة وتطوير,https://khamsat.com/programming,تخصيص وتعديل المواقع,https://khamsat.com/programming/website-customization,اضافة تعديلات و اصلاح اخطاء مواقع ب php و laravel,https://khamsat.com/programming/website-customization/2630222-%D8%A7%D8%B6%D8%A7%D9%81%D8%A9-%D8%AA%D8%B9%D8%AF%D9%8A%D9%84%D8%A7%D8%AA-%D9%88-%D8%A7%D8%B5%D9%84%D8%A7%D8%AD-%D8%A7%D8%AE%D8%B7%D8%A7%D8%A1-%D9%85%D9%88%D8%A7%D9%82%D8%B9-%D8%A8-php-%D9%88-laravel,5.0,1,7 ساعات,1,0,$5.00,يوم واحد,1,4,85.0,.Noureddine A,https://khamsat.com/user/nourddine5,True,بائع نشيط,5.0,4,76.92%,5,5,يومين
برمجة وتطوير,https://khamsat.com/programming,تخصيص وتعديل المواقع,https://khamsat.com/programming/website-customization,css احترافي لمتجرك الالكتروني في منصة زد zid,https://khamsat.com/programming/website-customization/2763673-css-%D8%A7%D8%AD%D8%AA%D8%B1%D8%A7%D9%81%D9%8A-%D9%84%D9%85%D8%AA%D8%AC%D8%B1%D9%83-%D8%A7%D9%84%D8%A7%D9%84%D9%83%D8%AA%D8%B1%D9%88%D9%86%D9%8A-%D9%81%D9%8A-%D9%85%D9%86%D8%B5%D8%A9-%D8%B2%D8%AF-zid,5.0,5,5 ساعات,5,0,$5.00,يوم واحد,5,2,50.0,.Younes H,https://khamsat.com/user/younes_hachad,True,بائع نشيط,5.0,16,91.67%,3,14,4 ساعات
برمجة وتطوير,https://khamsat.com/programming,تخصيص وتعديل المواقع,https://khamsat.com/programming/website-customization,إصلاح وتعديل موقعك الإلكتروني .,https://khamsat.com/programming/website-customization/2670867-%D8%A5%D8%B5%D9%84%D8%A7%D8%AD-%D9%88%D8%AA%D8%B9%D8%AF%D9%8A%D9%84-%D9%85%D9%88%D9%82%D8%B9%D9%83-%D8%A7%D9%84%D8%A5%D9%84%D9%83%D8%AA%D8%B1%D9%88%D9%86%D9%8A-,5.0,1,دقيقتين,2,0,$5.00,يومين,1,3,30.0,محمد ش.,https://khamsat.com/user/mohammed_shabaan69,True,بائع نشيط,5.0,5,84.62%,6,8,13 دقيقة
برمجة وتطوير,https://khamsat.com/programming,تخصيص وتعديل المواقع,https://khamsat.com/programming/website-customization,اصلح او عدل على واجهة موقعك,https://khamsat.com/programming/website-customization/855658-%D8%A7%D8%B5%D9%84%D8%AD-%D8%A7%D9%88-%D8%B9%D8%AF%D9%84-%D8%B9%D9%84%D9%89-%D9%88%D8%A7%D8%AC%D9%87%D8%A9-%D9%85%D9%88%D9%82%D8%B9%D9%83,5.0,3,3 ساعات,7,0,$5.00,يوم واحد,3,3,60.0,عامر م.,https://khamsat.com/user/%D8%B9%D8%A7%D9%85%D8%B1-%D9%85%D8%B5%D8%B7%D9%81%D9%89,True,بائع نشيط,4.5,19,64.52%,3,27,3 ساعات
برمجة وتطوير,https://khamsat.com/programming,تخصيص وتعديل المواقع,https://khamsat.com/programming/website-customization,تعديل واضافة تحسينات للموقع,https://khamsat.com/programming/website-customization/2155977-%D8%AA%D8%B9%D8%AF%D9%8A%D9%84-%D9%88%D8%A7%D8%B6%D8%A7%D9%81%D8%A9-%D8%AA%D8%AD%D8%B3%D9%8A%D9%86%D8%A7%D8%AA-%D9%84%D9%84%D9%85%D9%88%D9%82%D8%B9,5.0,2,12 ساعة,2,0,$10.00,يومين,2,3,100.0,.Muhammad K,https://khamsat.com/user/muhammadkulaib,True,بائع نشيط,5.0,4,96.88%,2,3,5 ساعات
برمجة وتطوير,https://khamsat.com/programming,تخصيص وتعديل المواقع,https://khamsat.com/programming/website-customization,بناء لوحة تحكم لموقعك أو لتطبيقك,https://khamsat.com/programming/website-customization/2887376-%D8%A8%D9%86%D8%A7%D8%A1-%D9%84%D9%88%D8%AD%D8%A9-%D8%AA%D8%AD%D9%83%D9%85-%D9%84%D9%85%D9%88%D9%82%D8%B9%D9%83-%D8%A3%D9%88-%D9%84%D8%AA%D8%B7%D8%A8%D9%8A%D9%82%D9%83,5.0,2,24 دقيقة,2,0,$10.00,يوم واحد,2,2,100.0,محمد أويس ح.,https://khamsat.com/user/owis_os,True,بائع جديد,5.0,3,100.0%,3,2,21 دقيقة
برمجة وتطوير,https://khamsat.com/programming,تخصيص وتعديل المواقع,https://khamsat.com/programming/website-customization,"تطوير موقع احترافي باستخدام Tailwind Css,React",https://khamsat.com/programming/website-customization/2627511-%D8%AA%D8%B7%D9%88%D9%8A%D8%B1-%D9%85%D9%88%D9%82%D8%B9-%D8%A7%D8%AD%D8%AA%D8%B1%D8%A7%D9%81%D9%8A-%D8%A8%D8%A7%D8%B3%D8%AA%D8%AE%D8%AF%D8%A7%D9%85-tailwind-cssreact,5.0,2,42 دقيقة,2,0,$10.00,يوم واحد,2,2,200.0,.Mohammed Alez B,https://khamsat.com/user/mohammedalez,True,بائع جديد,5.0,2,100.0%,4,2,42 دقيقة
برمجة وتطوير,https://khamsat.com/programming,تخصيص وتعديل المواقع,https://khamsat.com/programming/website-customization,تحويل الموقع للغات متعددة,https://khamsat.com/programming/website-customization/1945658-%D8%AA%D8%AD%D9%88%D9%8A%D9%84-%D8%A7%D9%84%D9%85%D9%88%D9%82%D8%B9-%D9%84%D9%84%D8%BA%D8%A7%D8%AA-%D9%85%D8%AA%D8%B9%D8%AF%D8%AF%D8%A9,5.0,1,8 ساعات,1,0,$5.00,ثلاثة أيام,1,1,10.0,رشا ج.,https://khamsat.com/user/rasha_g,True,بائع نشيط,5.0,5,100.0%,2,6,4 ساعات
برمجة وتطوير,https://khamsat.com/programming,تخصيص وتعديل المواقع,https://khamsat.com/programming/website-customization,تعديل تصميم ثيم متجرك الإلكترونى على منصة سلة بالـ CSS JS,https://khamsat.com/programming/website-customization/2811987-%D8%AA%D8%B9%D8%AF%D9%8A%D9%84-%D8%AA%D8%B5%D9%85%D9%8A%D9%85-%D8%AB%D9%8A%D9%85-%D9%85%D8%AA%D8%AC%D8%B1%D9%83-%D8%A7%D9%84%D8%A5%D9%84%D9%83%D8%AA%D8%B1%D9%88%D9%86%D9%89-%D8%B9%D9%84%D9%89-%D9%85%D9%86%D8%B5%D8%A9-%D8%B3%D9%84%D8%A9-%D8%A8%D8%A7%D9%84%D9%80-css-js,5.0,24,29 دقيقة,25,1,$5.00,يومين,24,4,45.0,.Sara A,https://khamsat.com/user/sara_alyan,True,بائع نشيط,5.0,29,100.0%,2,29,37 دقيقة
برمجة وتطوير,https://khamsat.com/programming,تخصيص وتعديل المواقع,https://khamsat.com/programming/website-customization,اضافة لوحة تحكم للموقع بروفايل,https://khamsat.com/programming/website-customization/2018562-%D8%A7%D8%B6%D8%A7%D9%81%D8%A9-%D9%84%D9%88%D8%AD%D8%A9-%D8%AA%D8%AD%D9%83%D9%85-%D9%84%D9%84%D9%85%D9%88%D9%82%D8%B9-%D8%A8%D8%B1%D9%88%D9%81%D8%A7%D9%8A%D9%84,0.0,0,5 ساعات,1,0,$5.00,يوم واحد,0,3,55.0,.Noureddine A,https://khamsat.com/user/nourddine5,True,بائع نشيط,5.0,4,76.92%,5,5,يومين
برمجة وتطوير,https://khamsat.com/programming,تخصيص وتعديل المواقع,https://khamsat.com/programming/website-customization,إدارة موقعك الإلكتروني الحل الشامل لتطوير نجاحك الرقمي.,https://khamsat.com/programming/website-customization/2817885-%D8%A5%D8%AF%D8%A7%D8%B1%D8%A9-%D9%85%D9%88%D9%82%D8%B9%D9%83-%D8%A7%D9%84%D8%A5%D9%84%D9%83%D8%AA%D8%B1%D9%88%D9%86%D9%8A-%D8%A7%D9%84%D8%AD%D9%84-%D8%A7%D9%84%D8%B4%D8%A7%D9%85%D9%84-%D9%84%D8%AA%D8%B7%D9%88%D9%8A%D8%B1-%D9%86%D8%AC%D8%A7%D8%AD%D9%83-%D8%A7%D9%84%D8%B1%D9%82%D9%85%D9%8A,5.0,6,10 دقائق,6,0,$5.00,يوم واحد,6,4,150.0,.Ahmed K,https://khamsat.com/user/charismax,True,بائع نشيط,5.0,29,85.96%,2,27,52 دقيقة
برمجة وتطوير,https://khamsat.com/programming,تخصيص وتعديل المواقع,https://khamsat.com/programming/website-customization,تصميم قالب PHP - Laravel,https://khamsat.com/programming/website-customization/1708669-%D8%AA%D8%B5%D9%85%D9%8A%D9%85-%D9%82%D8%A7%D9%84%D8%A8-php-laravel,5.0,1,ساعة,2,0,$5.00,يوم واحد,1,0,0.0,.Mohamed A,https://khamsat.com/user/mohamed_1976,True,بائع جديد,5.0,1,100.0%,4,2,5 ساعات
برمجة وتطوير,https://khamsat.com/programming,تخصيص وتعديل المواقع,https://khamsat.com/programming/website-customization,تطوير واجهات امامية للمواقع,https://khamsat.com/programming/website-customization/3019570-%D8%AA%D8%B7%D9%88%D9%8A%D8%B1-%D9%88%D8%A7%D8%AC%D9%87%D8%A7%D8%AA-%D8%A7%D9%85%D8%A7%D9%85%D9%8A%D8%A9-%D9%84%D9%84%D9%85%D9%88%D8%A7%D9%82%D8%B9,0.0,0,لم يحسب,0,0,$10.00,ثلاثة أيام,0,2,25.0,.Abdelrahman M,https://khamsat.com/user/abdo_mostafa_486,True,بائع جديد,0.0,0,لم يحسب بعد,2,0,لم يحسب
برمجة وتطوير,https://khamsat.com/programming,تخصيص وتعديل المواقع,https://khamsat.com/programming/website-customization,برمجة وتعديل سكريبت لموقع ب php مع laravel,https://khamsat.com/programming/website-customization/2129402-%D8%A8%D8%B1%D9%85%D8%AC%D8%A9-%D9%88%D8%AA%D8%B9%D8%AF%D9%8A%D9%84-%D8%B3%D9%83%D8%B1%D9%8A%D8%A8%D8%AA-%D9%84%D9%85%D9%88%D9%82%D8%B9-%D8%A8-php-%D9%85%D8%B9-laravel,0.0,0,3 أيام,0,0,$5.00,يوم واحد,0,0,0.0,.Noureddine A,https://khamsat.com/user/nourddine5,True,بائع نشيط,5.0,4,76.92%,5,5,يومين
برمجة وتطوير,https://khamsat.com/programming,تخصيص وتعديل المواقع,https://khamsat.com/programming/website-customization,"تصميم وتطوير الواجهات الأمامية باستخدام HTML , CSS , JS",https://khamsat.com/programming/website-customization/3053933-%D8%AA%D8%B5%D9%85%D9%8A%D9%85-%D9%88%D8%AA%D8%B7%D9%88%D9%8A%D8%B1-%D8%A7%D9%84%D9%88%D8%A7%D8%AC%D9%87%D8%A7%D8%AA-%D8%A7%D9%84%D8%A3%D9%85%D8%A7%D9%85%D9%8A%D8%A9-%D8%A8%D8%A7%D8%B3%D8%AA%D8%AE%D8%AF%D8%A7%D9%85-html-css-js,0.0,0,لم يحسب,0,0,$10.00,يوم واحد,0,4,50.0,.Aahmed M,https://khamsat.com/user/ahmedmortda,True,بائع جديد,0.0,0,0.0%,3,0,لم يحسب
برمجة وتطوير,https://khamsat.com/programming,إصلاح أخطاء المواقع,https://khamsat.com/programming/bug-fixes,"حل جميع المسائل البرمجيه او اى سوال بأى لغه c# ,c++,java",https://khamsat.com/programming/bug-fixes/921868-%D8%AD%D9%84-%D8%AC%D9%85%D9%8A%D8%B9-%D8%A7%D9%84%D9%85%D8%B3%D8%A7%D8%A6%D9%84-%D8%A7%D9%84%D8%A8%D8%B1%D9%85%D8%AC%D9%8A%D9%87-%D8%A7%D9%88-%D8%A7%D9%89-%D8%B3%D9%88%D8%A7%D9%84-%D8%A8%D8%A3%D9%89-%D9%84%D8%BA%D9%87-c-cjava,4.5,75,ساعة,85,0,$5.00,يوم واحد,25,5,105.0,نبيل ف.,https://khamsat.com/user/%D9%86%D8%A8%D9%8A%D9%84-%D9%81%D9%88%D8%B2%D9%89,True,بائع مميز,4.5,126,96.15%,3,117,ساعتين
برمجة وتطوير,https://khamsat.com/programming,إصلاح أخطاء المواقع,https://khamsat.com/programming/bug-fixes,حل مشاكل الموقع الخاص بك .Net,https://khamsat.com/programming/bug-fixes/2884681-%D8%AD%D9%84-%D9%85%D8%B4%D8%A7%D9%83%D9%84-%D8%A7%D9%84%D9%85%D9%88%D9%82%D8%B9-%D8%A7%D9%84%D8%AE%D8%A7%D8%B5-%D8%A8%D9%83-.net,5.0,6,35 دقيقة,6,0,$5.00,يوم واحد,6,2,15.0,آية ن.,https://khamsat.com/user/aya_nassar23,True,بائع نشيط,5.0,6,100.0%,3,6,35 دقيقة
برمجة وتطوير,https://khamsat.com/programming,إصلاح أخطاء المواقع,https://khamsat.com/programming/bug-fixes,اصلاح وتعديل الأخطاء البرمجية الخاصة بموقعك الألكتروني,https://khamsat.com/programming/bug-fixes/2238905-%D8%A7%D8%B5%D9%84%D8%A7%D8%AD-%D9%88%D8%AA%D8%B9%D8%AF%D9%8A%D9%84-%D8%A7%D9%84%D8%A3%D8%AE%D8%B7%D8%A7%D8%A1-%D8%A7%D9%84%D8%A8%D8%B1%D9%85%D8%AC%D9%8A%D8%A9-%D8%A7%D9%84%D8%AE%D8%A7%D8%B5%D8%A9-%D8%A8%D9%85%D9%88%D9%82%D8%B9%D9%83-%D8%A7%D9%84%D8%A3%D9%84%D9%83%D8%AA%D8%B1%D9%88%D9%86%D9%8A,5.0,16,يوم,15,0,$5.00,أسبوع,16,0,0.0,الهام ر.,https://khamsat.com/user/elham_r,True,بائع مميز,5.0,18,89.29%,3,16,13 ساعة
برمجة وتطوير,https://khamsat.com/programming,إصلاح أخطاء المواقع,https://khamsat.com/programming/bug-fixes,حل مشكلات تطوير المواقع الالكترونية في بيئه الNET. دوت نت,https://khamsat.com/programming/bug-fixes/683080-%D8%AD%D9%84-%D9%85%D8%B4%D9%83%D9%84%D8%A7%D8%AA-%D8%AA%D8%B7%D9%88%D9%8A%D8%B1-%D8%A7%D9%84%D9%85%D9%88%D8%A7%D9%82%D8%B9-%D8%A7%D9%84%D8%A7%D9%84%D9%83%D8%AA%D8%B1%D9%88%D9%86%D9%8A%D8%A9-%D9%81%D9%8A-%D8%A8%D9%8A%D8%A6%D9%87-%D8%A7%D9%84net.-%D8%AF%D9%88%D8%AA-%D9%86%D8%AA,5.0,40,37 دقيقة,45,0,$5.00,يوم واحد,25,3,320.0,.Ahmed D,https://khamsat.com/user/ahmed-m.-daoud,True,بائع مميز,5.0,119,94.79%,8,84,3 ساعات
برمجة وتطوير,https://khamsat.com/programming,إصلاح أخطاء المواقع,https://khamsat.com/programming/bug-fixes,إصلاح الأخطاء في أي موقع إلكتروني باستخدام React أو Next.js,https://khamsat.com/programming/bug-fixes/3000626-%D8%A5%D8%B5%D9%84%D8%A7%D8%AD-%D8%A7%D9%84%D8%A3%D8%AE%D8%B7%D8%A7%D8%A1-%D9%81%D9%8A-%D8%A3%D9%8A-%D9%85%D9%88%D9%82%D8%B9-%D8%A5%D9%84%D9%83%D8%AA%D8%B1%D9%88%D9%86%D9%8A-%D8%A8%D8%A7%D8%B3%D8%AA%D8%AE%D8%AF%D8%A7%D9%85-react-%D8%A3%D9%88-next.js,5.0,1,24 دقيقة,1,0,$10.00,يوم واحد,1,0,0.0,عبداللطيف م.,https://khamsat.com/user/abdodeveloper,True,بائع جديد,5.0,2,66.67%,1,2,31 دقيقة
برمجة وتطوير,https://khamsat.com/programming,إصلاح أخطاء المواقع,https://khamsat.com/programming/bug-fixes,"تعديل تصميم ثيم موقعك الإلكترونى على اى منصة بالـ ""CSS""",https://khamsat.com/programming/bug-fixes/2844279-%D8%AA%D8%B9%D8%AF%D9%8A%D9%84-%D8%AA%D8%B5%D9%85%D9%8A%D9%85-%D8%AB%D9%8A%D9%85-%D9%85%D9%88%D9%82%D8%B9%D9%83-%D8%A7%D9%84%D8%A5%D9%84%D9%83%D8%AA%D8%B1%D9%88%D9%86%D9%89-%D8%B9%D9%84%D9%89-%D8%A7%D9%89-%D9%85%D9%86%D8%B5%D8%A9-%D8%A8%D8%A7%D9%84%D9%80-css,0.0,0,3 ساعات,1,0,$5.00,يوم واحد,0,2,10.0,محمد ع.,https://khamsat.com/user/mohammed_yousry,True,بائع نشيط,0.0,1,83.33%,3,4,3 ساعات
برمجة وتطوير,https://khamsat.com/programming,إصلاح أخطاء المواقع,https://khamsat.com/programming/bug-fixes,حل مسائل وتمارين جافا و java fx,https://khamsat.com/programming/bug-fixes/2003098-%D8%AD%D9%84-%D9%85%D8%B3%D8%A7%D8%A6%D9%84-%D9%88%D8%AA%D9%85%D8%A7%D8%B1%D9%8A%D9%86-%D8%AC%D8%A7%D9%81%D8%A7-%D9%88-java-fx,4.5,10,ساعتين,14,0,$5.00,ثلاثة أيام,10,1,10.0,بشار ا.,https://khamsat.com/user/ali_mohmmad3,True,بائع نشيط,4.5,10,97.92%,2,14,13 ساعة
برمجة وتطوير,https://khamsat.com/programming,إصلاح أخطاء المواقع,https://khamsat.com/programming/bug-fixes,برمجة و تطوير و حل الإشكالات ب لارافيل Laravel,https://khamsat.com/programming/bug-fixes/2001048-%D8%A8%D8%B1%D9%85%D8%AC%D8%A9-%D9%88-%D8%AA%D8%B7%D9%88%D9%8A%D8%B1-%D9%88-%D8%AD%D9%84-%D8%A7%D9%84%D8%A5%D8%B4%D9%83%D8%A7%D9%84%D8%A7%D8%AA-%D8%A8-%D9%84%D8%A7%D8%B1%D8%A7%D9%81%D9%8A%D9%84-laravel,5.0,7,يوم,9,0,$10.00,يوم واحد,7,3,175.0,عمر ا.,https://khamsat.com/user/omar_ed_99,True,بائع نشيط,5.0,7,91.67%,1,9,يوم
برمجة وتطوير,https://khamsat.com/programming,إصلاح أخطاء المواقع,https://khamsat.com/programming/bug-fixes,إصلاح أخطاء و التعديل على المواقع والتطبيقات PHP Codeigniter,https://khamsat.com/programming/bug-fixes/1748333-%D8%A5%D8%B5%D9%84%D8%A7%D8%AD-%D8%A3%D8%AE%D8%B7%D8%A7%D8%A1-%D9%88-%D8%A7%D9%84%D8%AA%D8%B9%D8%AF%D9%8A%D9%84-%D8%B9%D9%84%D9%89-%D8%A7%D9%84%D9%85%D9%88%D8%A7%D9%82%D8%B9-%D9%88%D8%A7%D9%84%D8%AA%D8%B7%D8%A8%D9%8A%D9%82%D8%A7%D8%AA-php-codeigniter,5.0,6,56 دقيقة,7,0,$10.00,يومين,6,5,240.0,.Walaa M,https://khamsat.com/user/walaa_mahfoud,True,بائع نشيط,5.0,17,91.3%,3,18,14 ساعة
برمجة وتطوير,https://khamsat.com/programming,إصلاح أخطاء المواقع,https://khamsat.com/programming/bug-fixes,برمجة و تطوير و حل المشكلات بلغة php,https://khamsat.com/programming/bug-fixes/1984456-%D8%A8%D8%B1%D9%85%D8%AC%D8%A9-%D9%88-%D8%AA%D8%B7%D9%88%D9%8A%D8%B1-%D9%88-%D8%AD%D9%84-%D8%A7%D9%84%D9%85%D8%B4%D9%83%D9%84%D8%A7%D8%AA-%D8%A8%D9%84%D8%BA%D8%A9-php,5.0,2,ساعة,2,0,$5.00,يومين,2,2,30.0,.Bashar E,https://khamsat.com/user/basharessam1,True,بائع نشيط,5.0,4,100.0%,5,3,3 ساعات
برمجة وتطوير,https://khamsat.com/programming,إصلاح أخطاء المواقع,https://khamsat.com/programming/bug-fixes,حل مشاكل و برمجة مشاريع متعلقة بالجافا JAVA,https://khamsat.com/programming/bug-fixes/1310635-%D8%AD%D9%84-%D9%85%D8%B4%D8%A7%D9%83%D9%84-%D9%88-%D8%A8%D8%B1%D9%85%D8%AC%D8%A9-%D9%85%D8%B4%D8%A7%D8%B1%D9%8A%D8%B9-%D9%85%D8%AA%D8%B9%D9%84%D9%82%D8%A9-%D8%A8%D8%A7%D9%84%D8%AC%D8%A7%D9%81%D8%A7-java,5.0,20,4 ساعات,20,0,$30.00,ثلاثة أيام,20,3,115.0,اسامة ب.,https://khamsat.com/user/oussama-boujerf,True,بائع مميز,5.0,29,89.52%,3,30,5 ساعات
برمجة وتطوير,https://khamsat.com/programming,إصلاح أخطاء المواقع,https://khamsat.com/programming/bug-fixes,خدمة إصلاح الأخطاء البرمجية تأمين حلول فورية وفعّالة,https://khamsat.com/programming/bug-fixes/1808531-%D8%AE%D8%AF%D9%85%D8%A9-%D8%A5%D8%B5%D9%84%D8%A7%D8%AD-%D8%A7%D9%84%D8%A3%D8%AE%D8%B7%D8%A7%D8%A1-%D8%A7%D9%84%D8%A8%D8%B1%D9%85%D8%AC%D9%8A%D8%A9-%D8%AA%D8%A3%D9%85%D9%8A%D9%86-%D8%AD%D9%84%D9%88%D9%84-%D9%81%D9%88%D8%B1%D9%8A%D8%A9-%D9%88%D9%81%D8%B9%D8%A7%D9%84%D8%A9,5.0,27,14 دقيقة,25,0,$5.00,ثلاثة أيام,25,5,150.0,.Mahmood G,https://khamsat.com/user/mahmood_galal,True,بائع مميز,5.0,39,94.52%,2,29,يوم
برمجة وتطوير,https://khamsat.com/programming,إصلاح أخطاء المواقع,https://khamsat.com/programming/bug-fixes,"خدمة الربط وحل المشاكل التقنية مع Firebase وFlutter, React",https://khamsat.com/programming/bug-fixes/2906540-%D8%AE%D8%AF%D9%85%D8%A9-%D8%A7%D9%84%D8%B1%D8%A8%D8%B7-%D9%88%D8%AD%D9%84-%D8%A7%D9%84%D9%85%D8%B4%D8%A7%D9%83%D9%84-%D8%A7%D9%84%D8%AA%D9%82%D9%86%D9%8A%D8%A9-%D9%85%D8%B9-firebase-%D9%88flutter-react,5.0,3,5 دقائق,4,0,$10.00,يوم واحد,3,2,20.0,عبدالرحمن ح.,https://khamsat.com/user/abdelrahmanhos,True,بائع جديد,5.0,3,100.0%,5,4,14 يوم
برمجة وتطوير,https://khamsat.com/programming,إصلاح أخطاء المواقع,https://khamsat.com/programming/bug-fixes,حل اي مشكلة برمجة في كود PHP CSS HTML JavaScript,https://khamsat.com/programming/bug-fixes/1728180-%D8%AD%D9%84-%D8%A7%D9%8A-%D9%85%D8%B4%D9%83%D9%84%D8%A9-%D8%A8%D8%B1%D9%85%D8%AC%D8%A9-%D9%81%D9%8A-%D9%83%D9%88%D8%AF-php-css-html-javascript,5.0,4,يوم,6,0,$5.00,يوم واحد,4,1,35.0,.Mohamed A,https://khamsat.com/user/mohamdfahmy14,True,بائع نشيط,5.0,6,64.29%,5,9,8 ساعات
برمجة وتطوير,https://khamsat.com/programming,إصلاح أخطاء المواقع,https://khamsat.com/programming/bug-fixes,أصلاح أخطاء صفحة واحدة في Laravel مقابل 5$,https://khamsat.com/programming/bug-fixes/1839996-%D8%A3%D8%B5%D9%84%D8%A7%D8%AD-%D8%A3%D8%AE%D8%B7%D8%A7%D8%A1-%D8%B5%D9%81%D8%AD%D8%A9-%D9%88%D8%A7%D8%AD%D8%AF%D8%A9-%D9%81%D9%8A-laravel-%D9%85%D9%82%D8%A7%D8%A8%D9%84-5,5.0,2,ساعة,2,0,$5.00,يوم واحد,2,1,20.0,.Mahmoud A,https://khamsat.com/user/mahmoud_habsh,True,بائع نشيط,5.0,4,100.0%,4,5,9 ساعات
برمجة وتطوير,https://khamsat.com/programming,إصلاح أخطاء المواقع,https://khamsat.com/programming/bug-fixes,خدمات تطوير وإصلاح المشاكل البرمجية باستخدام لغة PHP,https://khamsat.com/programming/bug-fixes/2539256-%D8%AE%D8%AF%D9%85%D8%A7%D8%AA-%D8%AA%D8%B7%D9%88%D9%8A%D8%B1-%D9%88%D8%A5%D8%B5%D9%84%D8%A7%D8%AD-%D8%A7%D9%84%D9%85%D8%B4%D8%A7%D9%83%D9%84-%D8%A7%D9%84%D8%A8%D8%B1%D9%85%D8%AC%D9%8A%D8%A9-%D8%A8%D8%A7%D8%B3%D8%AA%D8%AE%D8%AF%D8%A7%D9%85-%D9%84%D8%BA%D8%A9-php,5.0,12,41 دقيقة,11,0,$10.00,يوم واحد,12,0,0.0,.Kamel B,https://khamsat.com/user/kamel-khairi,True,بائع نشيط,5.0,14,76.47%,6,12,57 دقيقة
برمجة وتطوير,https://khamsat.com/programming,إصلاح أخطاء المواقع,https://khamsat.com/programming/bug-fixes,تعديل وإصلاح مشكلات Laravel,https://khamsat.com/programming/bug-fixes/2946840-%D8%AA%D8%B9%D8%AF%D9%8A%D9%84-%D9%88%D8%A5%D8%B5%D9%84%D8%A7%D8%AD-%D9%85%D8%B4%D9%83%D9%84%D8%A7%D8%AA-laravel,5.0,3,6 دقائق,3,0,$10.00,ثلاثة أيام,3,0,0.0,.Radwa A,https://khamsat.com/user/devradwaali,True,بائع نشيط,5.0,18,88.89%,2,18,9 ساعات
برمجة وتطوير,https://khamsat.com/programming,إصلاح أخطاء المواقع,https://khamsat.com/programming/bug-fixes,تعديل و اصلاح اكواد المواقع الالكترونية المبنية علي دوت نت,https://khamsat.com/programming/bug-fixes/3020403-%D8%AA%D8%B9%D8%AF%D9%8A%D9%84-%D9%88-%D8%A7%D8%B5%D9%84%D8%A7%D8%AD-%D8%A7%D9%83%D9%88%D8%A7%D8%AF-%D8%A7%D9%84%D9%85%D9%88%D8%A7%D9%82%D8%B9-%D8%A7%D9%84%D8%A7%D9%84%D9%83%D8%AA%D8%B1%D9%88%D9%86%D9%8A%D8%A9-%D8%A7%D9%84%D9%85%D8%A8%D9%86%D9%8A%D8%A9-%D8%B9%D9%84%D9%8A-%D8%AF%D9%88%D8%AA-%D9%86%D8%AA,5.0,1,لم يحسب,1,0,$5.00,يوم واحد,1,0,0.0,.Ahmed A,https://khamsat.com/user/adel4303,True,بائع جديد,5.0,1,100.0%,3,1,لم يحسب
برمجة وتطوير,https://khamsat.com/programming,إصلاح أخطاء المواقع,https://khamsat.com/programming/bug-fixes,حل مشاكل فى لغة Java او++C,https://khamsat.com/programming/bug-fixes/2312550-%D8%AD%D9%84-%D9%85%D8%B4%D8%A7%D9%83%D9%84-%D9%81%D9%89-%D9%84%D8%BA%D8%A9-java-%D8%A7%D9%88c,5.0,14,دقيقة,15,0,$5.00,يوم واحد,14,4,85.0,محمود ا.,https://khamsat.com/user/mahmoud_abuelsabh,True,بائع مميز,5.0,47,88.51%,2,48,دقيقتين
برمجة وتطوير,https://khamsat.com/programming,إصلاح أخطاء المواقع,https://khamsat.com/programming/bug-fixes,مساعدة في حل أي سؤال أو مشكلة برمجية او واجبات دراسية في لغة PHP,https://khamsat.com/programming/bug-fixes/1982435-%D9%85%D8%B3%D8%A7%D8%B9%D8%AF%D8%A9-%D9%81%D9%8A-%D8%AD%D9%84-%D8%A3%D9%8A-%D8%B3%D8%A4%D8%A7%D9%84-%D8%A3%D9%88-%D9%85%D8%B4%D9%83%D9%84%D8%A9-%D8%A8%D8%B1%D9%85%D8%AC%D9%8A%D8%A9-%D8%A7%D9%88-%D9%88%D8%A7%D8%AC%D8%A8%D8%A7%D8%AA-%D8%AF%D8%B1%D8%A7%D8%B3%D9%8A%D8%A9-%D9%81%D9%8A-%D9%84%D8%BA%D8%A9-php,5.0,20,18 ساعة,34,0,$5.00,يومين,20,1,100.0,.Muhammad I,https://khamsat.com/user/mismail,True,بائع مميز,5.0,221,92.4%,3,346,12 ساعة
برمجة وتطوير,https://khamsat.com/programming,إصلاح أخطاء المواقع,https://khamsat.com/programming/bug-fixes,"إصلاح مشاكل موقعك laravel , php , vue.js ..",https://khamsat.com/programming/bug-fixes/2793496-%D8%A5%D8%B5%D9%84%D8%A7%D8%AD-%D9%85%D8%B4%D8%A7%D9%83%D9%84-%D9%85%D9%88%D9%82%D8%B9%D9%83-laravel-php-vue.js-,5.0,1,14 ساعة,1,0,$10.00,يومين,1,0,0.0,محمد عبدالحميد الصادق خ.,https://khamsat.com/user/khaldi_abdou,True,بائع نشيط,5.0,16,97.56%,4,14,8 ساعات
برمجة وتطوير,https://khamsat.com/programming,إصلاح أخطاء المواقع,https://khamsat.com/programming/bug-fixes,حل مشكلات تطوير وتصميم المواقع في تقنيات ال NET. دوت نت,https://khamsat.com/programming/bug-fixes/2934493-%D8%AD%D9%84-%D9%85%D8%B4%D9%83%D9%84%D8%A7%D8%AA-%D8%AA%D8%B7%D9%88%D9%8A%D8%B1-%D9%88%D8%AA%D8%B5%D9%85%D9%8A%D9%85-%D8%A7%D9%84%D9%85%D9%88%D8%A7%D9%82%D8%B9-%D9%81%D9%8A-%D8%AA%D9%82%D9%86%D9%8A%D8%A7%D8%AA-%D8%A7%D9%84-net.-%D8%AF%D9%88%D8%AA-%D9%86%D8%AA,0.0,0,21 دقيقة,1,0,$5.00,يوم واحد,0,5,275.0,.Poula M,https://khamsat.com/user/poulamaher,True,بائع جديد,0.0,0,100.0%,5,1,21 دقيقة
برمجة وتطوير,https://khamsat.com/programming,إصلاح أخطاء المواقع,https://khamsat.com/programming/bug-fixes,حل مشاكل و برمجة مشاريع متعلقة باللارافيل Laravel,https://khamsat.com/programming/bug-fixes/1465863-%D8%AD%D9%84-%D9%85%D8%B4%D8%A7%D9%83%D9%84-%D9%88-%D8%A8%D8%B1%D9%85%D8%AC%D8%A9-%D9%85%D8%B4%D8%A7%D8%B1%D9%8A%D8%B9-%D9%85%D8%AA%D8%B9%D9%84%D9%82%D8%A9-%D8%A8%D8%A7%D9%84%D9%84%D8%A7%D8%B1%D8%A7%D9%81%D9%8A%D9%84-laravel,5.0,1,10 ساعات,1,0,$30.00,خمسة أيام,1,0,0.0,اسامة ب.,https://khamsat.com/user/oussama-boujerf,True,بائع مميز,5.0,29,89.52%,3,30,5 ساعات
برمجة وتطوير,https://khamsat.com/programming,إصلاح أخطاء المواقع,https://khamsat.com/programming/bug-fixes,تعديل واصلاح مشاكل موقعك الالكتونى css js bootstrap angular,https://khamsat.com/programming/bug-fixes/2707577-%D8%AA%D8%B9%D8%AF%D9%8A%D9%84-%D9%88%D8%A7%D8%B5%D9%84%D8%A7%D8%AD-%D9%85%D8%B4%D8%A7%D9%83%D9%84-%D9%85%D9%88%D9%82%D8%B9%D9%83-%D8%A7%D9%84%D8%A7%D9%84%D9%83%D8%AA%D9%88%D9%86%D9%89-css-js-bootstrap-angular,5.0,1,ساعة,2,0,$5.00,يومين,1,1,10.0,.Ahmed M,https://khamsat.com/user/ahmed_hammam,True,بائع جديد,5.0,1,100.0%,1,2,ساعة
برمجة وتطوير,https://khamsat.com/programming,إصلاح أخطاء المواقع,https://khamsat.com/programming/bug-fixes,"تعديل وتحسين الأكواد HTML, CSS, وJavaScript مع إصلاح الأخطاء",https://khamsat.com/programming/bug-fixes/2763803-%D8%AA%D8%B9%D8%AF%D9%8A%D9%84-%D9%88%D8%AA%D8%AD%D8%B3%D9%8A%D9%86-%D8%A7%D9%84%D8%A3%D9%83%D9%88%D8%A7%D8%AF-html-css-%D9%88javascript-%D9%85%D8%B9-%D8%A5%D8%B5%D9%84%D8%A7%D8%AD-%D8%A7%D9%84%D8%A3%D8%AE%D8%B7%D8%A7%D8%A1,5.0,5,دقيقتين,8,0,$5.00,يوم واحد,5,0,0.0,.Ahmed R,https://khamsat.com/user/aboasil207301,True,بائع نشيط,5.0,11,79.55%,6,11,4 ساعات
برمجة وتطوير,https://khamsat.com/programming,إصلاح أخطاء المواقع,https://khamsat.com/programming/bug-fixes,حل مشاكل المواقع والمنتديات,https://khamsat.com/programming/bug-fixes/364914-%D8%AD%D9%84-%D9%85%D8%B4%D8%A7%D9%83%D9%84-%D8%A7%D9%84%D9%85%D9%88%D8%A7%D9%82%D8%B9-%D9%88%D8%A7%D9%84%D9%85%D9%86%D8%AA%D8%AF%D9%8A%D8%A7%D8%AA,4.5,61,5 ساعات,75,0,$5.00,يوم واحد,25,4,165.0,.Mohamed E,https://khamsat.com/user/webcraker,True,بائع مميز,4.5,196,85.1%,8,176,6 ساعات
برمجة وتطوير,https://khamsat.com/programming,إصلاح أخطاء المواقع,https://khamsat.com/programming/bug-fixes,"اصلاح خطأ خاص ب php, mySql, js",https://khamsat.com/programming/bug-fixes/2600691-%D8%A7%D8%B5%D9%84%D8%A7%D8%AD-%D8%AE%D8%B7%D8%A3-%D8%AE%D8%A7%D8%B5-%D8%A8-php-mysql-js,5.0,5,33 دقيقة,6,0,$10.00,يوم واحد,5,1,5.0,أحمد ع.,https://khamsat.com/user/ahmed_a_elngar,True,بائع جديد,5.0,5,80.0%,3,6,38 دقيقة
برمجة وتطوير,https://khamsat.com/programming,إصلاح أخطاء المواقع,https://khamsat.com/programming/bug-fixes,"تعديل و تصويب الأخطاء لphp , javascript, mysql لكل ثلاث اخطاء",https://khamsat.com/programming/bug-fixes/892998-%D8%AA%D8%B9%D8%AF%D9%8A%D9%84-%D9%88-%D8%AA%D8%B5%D9%88%D9%8A%D8%A8-%D8%A7%D9%84%D8%A3%D8%AE%D8%B7%D8%A7%D8%A1-%D9%84php-javascript-mysql-%D9%84%D9%83%D9%84-%D8%AB%D9%84%D8%A7%D8%AB-%D8%A7%D8%AE%D8%B7%D8%A7%D8%A1,5.0,1,ساعتين,2,0,$5.00,ثلاثة أيام,1,2,15.0,.Aboubakr B,https://khamsat.com/user/bousalem,True,بائع نشيط,4.5,14,88.68%,5,14,يوم
برمجة وتطوير,https://khamsat.com/programming,إصلاح أخطاء المواقع,https://khamsat.com/programming/bug-fixes,اصلاح جميع المشاكل البرمجية في المواقع وتعديلها,https://khamsat.com/programming/bug-fixes/2929903-%D8%A7%D8%B5%D9%84%D8%A7%D8%AD-%D8%AC%D9%85%D9%8A%D8%B9-%D8%A7%D9%84%D9%85%D8%B4%D8%A7%D9%83%D9%84-%D8%A7%D9%84%D8%A8%D8%B1%D9%85%D8%AC%D9%8A%D8%A9-%D9%81%D9%8A-%D8%A7%D9%84%D9%85%D9%88%D8%A7%D9%82%D8%B9-%D9%88%D8%AA%D8%B9%D8%AF%D9%8A%D9%84%D9%87%D8%A7,5.0,5,37 دقيقة,5,0,$15.00,يوم واحد,5,0,0.0,.Fadi H,https://khamsat.com/user/fadi-abboud,True,بائع مميز,4.5,179,90.63%,13,201,9 ساعات
برمجة وتطوير,https://khamsat.com/programming,إصلاح أخطاء المواقع,https://khamsat.com/programming/bug-fixes,حل او تعديل اسكربت ب Laravel | Php,https://khamsat.com/programming/bug-fixes/2802730-%D8%AD%D9%84-%D8%A7%D9%88-%D8%AA%D8%B9%D8%AF%D9%8A%D9%84-%D8%A7%D8%B3%D9%83%D8%B1%D8%A8%D8%AA-%D8%A8-laravel-php,5.0,4,أقل من دقيقة,5,0,$10.00,يوم واحد,4,1,5.0,.Bishoy S,https://khamsat.com/user/bishdev,True,بائع نشيط,5.0,4,100.0%,1,5,أقل من دقيقة
برمجة وتطوير,https://khamsat.com/programming,نسخ احتياطي ونقل استضافة,https://khamsat.com/programming/backup-and-migration,إعداد سيرفر جديد ونقل الملفات وقواعد البيانات,https://khamsat.com/programming/backup-and-migration/3038113-%D8%A5%D8%B9%D8%AF%D8%A7%D8%AF-%D8%B3%D9%8A%D8%B1%D9%81%D8%B1-%D8%AC%D8%AF%D9%8A%D8%AF-%D9%88%D9%86%D9%82%D9%84-%D8%A7%D9%84%D9%85%D9%84%D9%81%D8%A7%D8%AA-%D9%88%D9%82%D9%88%D8%A7%D8%B9%D8%AF-%D8%A7%D9%84%D8%A8%D9%8A%D8%A7%D9%86%D8%A7%D8%AA,0.0,0,37 دقيقة,1,0,$25.00,يومين,0,0,0.0,محمد ت.,https://khamsat.com/user/mtgofa,True,بائع نشيط,0.0,0,100.0%,2,1,37 دقيقة
برمجة وتطوير,https://khamsat.com/programming,نسخ احتياطي ونقل استضافة,https://khamsat.com/programming/backup-and-migration,أستضافه ودومين لموقعك الاكتروني,https://khamsat.com/programming/backup-and-migration/3049079-%D8%A3%D8%B3%D8%AA%D8%B6%D8%A7%D9%81%D9%87-%D9%88%D8%AF%D9%88%D9%85%D9%8A%D9%86-%D9%84%D9%85%D9%88%D9%82%D8%B9%D9%83-%D8%A7%D9%84%D8%A7%D9%83%D8%AA%D8%B1%D9%88%D9%86%D9%8A,5.0,1,لم يحسب,1,0,$5.00,يوم واحد,1,5,145.0,.Osamaa E,https://khamsat.com/user/osamaeidald,True,بائع نشيط,5.0,8,100.0%,6,9,28 دقيقة
برمجة وتطوير,https://khamsat.com/programming,نسخ احتياطي ونقل استضافة,https://khamsat.com/programming/backup-and-migration,نقل ايميلات من مزود الى مزود اخر,https://khamsat.com/programming/backup-and-migration/2805925-%D9%86%D9%82%D9%84-%D8%A7%D9%8A%D9%85%D9%8A%D9%84%D8%A7%D8%AA-%D9%85%D9%86-%D9%85%D8%B2%D9%88%D8%AF-%D8%A7%D9%84%D9%89-%D9%85%D8%B2%D9%88%D8%AF-%D8%A7%D8%AE%D8%B1,5.0,21,أقل من دقيقة,23,0,$10.00,يوم واحد,21,5,140.0,ديفيد ل.,https://khamsat.com/user/davidlabib,True,بائع مميز,5.0,149,100.0%,8,112,دقيقة
برمجة وتطوير,https://khamsat.com/programming,نسخ احتياطي ونقل استضافة,https://khamsat.com/programming/backup-and-migration,نقل موقعك بالكامل من استضافة الى استضافة اخرى,https://khamsat.com/programming/backup-and-migration/2753099-%D9%86%D9%82%D9%84-%D9%85%D9%88%D9%82%D8%B9%D9%83-%D8%A8%D8%A7%D9%84%D9%83%D8%A7%D9%85%D9%84-%D9%85%D9%86-%D8%A7%D8%B3%D8%AA%D8%B6%D8%A7%D9%81%D8%A9-%D8%A7%D9%84%D9%89-%D8%A7%D8%B3%D8%AA%D8%B6%D8%A7%D9%81%D8%A9-%D8%A7%D8%AE%D8%B1%D9%89,5.0,50,دقيقة,53,0,$10.00,يوم واحد,25,5,85.0,ديفيد ل.,https://khamsat.com/user/davidlabib,True,بائع مميز,5.0,149,100.0%,8,112,دقيقة
برمجة وتطوير,https://khamsat.com/programming,نسخ احتياطي ونقل استضافة,https://khamsat.com/programming/backup-and-migration,نقل موقعك من و الي استضافة أخرى وحل المشاكل,https://khamsat.com/programming/backup-and-migration/1676307-%D9%86%D9%82%D9%84-%D9%85%D9%88%D9%82%D8%B9%D9%83-%D9%85%D9%86-%D9%88-%D8%A7%D9%84%D9%8A-%D8%A7%D8%B3%D8%AA%D8%B6%D8%A7%D9%81%D8%A9-%D8%A3%D8%AE%D8%B1%D9%89-%D9%88%D8%AD%D9%84-%D8%A7%D9%84%D9%85%D8%B4%D8%A7%D9%83%D9%84,5.0,32,6 دقائق,38,0,$5.00,يوم واحد,25,3,15.0,.Marco B,https://khamsat.com/user/%D9%85%D8%A7%D8%B1%D9%83-%D8%A8%D8%B4%D8%A7%D8%B1%D8%A9,True,بائع مميز,5.0,48,80.73%,6,51,ساعتين
برمجة وتطوير,https://khamsat.com/programming,نسخ احتياطي ونقل استضافة,https://khamsat.com/programming/backup-and-migration,نقل دومين من جهة تسجيل الى جهة تسجيل اخرى,https://khamsat.com/programming/backup-and-migration/2840942-%D9%86%D9%82%D9%84-%D8%AF%D9%88%D9%85%D9%8A%D9%86-%D9%85%D9%86-%D8%AC%D9%87%D8%A9-%D8%AA%D8%B3%D8%AC%D9%8A%D9%84-%D8%A7%D9%84%D9%89-%D8%AC%D9%87%D8%A9-%D8%AA%D8%B3%D8%AC%D9%8A%D9%84-%D8%A7%D8%AE%D8%B1%D9%89,5.0,13,أقل من دقيقة,14,1,$10.00,أسبوعين,13,5,80.0,ديفيد ل.,https://khamsat.com/user/davidlabib,True,بائع مميز,5.0,149,100.0%,8,112,دقيقة
برمجة وتطوير,https://khamsat.com/programming,نسخ احتياطي ونقل استضافة,https://khamsat.com/programming/backup-and-migration,نقل موقعك من استضافة الي اخري,https://khamsat.com/programming/backup-and-migration/2372104-%D9%86%D9%82%D9%84-%D9%85%D9%88%D9%82%D8%B9%D9%83-%D9%85%D9%86-%D8%A7%D8%B3%D8%AA%D8%B6%D8%A7%D9%81%D8%A9-%D8%A7%D9%84%D9%8A-%D8%A7%D8%AE%D8%B1%D9%8A,5.0,9,39 دقيقة,10,0,$10.00,يوم واحد,9,3,35.0,.Mohamed R,https://khamsat.com/user/techno_arab,True,بائع مميز,5.0,34,100.0%,10,36,ساعتين
برمجة وتطوير,https://khamsat.com/programming,نسخ احتياطي ونقل استضافة,https://khamsat.com/programming/backup-and-migration,نقل مواقع الانترنت من استضافة إلى اخرى + رفع المواقع,https://khamsat.com/programming/backup-and-migration/1360176-%D9%86%D9%82%D9%84-%D9%85%D9%88%D8%A7%D9%82%D8%B9-%D8%A7%D9%84%D8%A7%D9%86%D8%AA%D8%B1%D9%86%D8%AA-%D9%85%D9%86-%D8%A7%D8%B3%D8%AA%D8%B6%D8%A7%D9%81%D8%A9-%D8%A5%D9%84%D9%89-%D8%A7%D8%AE%D8%B1%D9%89-%D8%B1%D9%81%D8%B9-%D8%A7%D9%84%D9%85%D9%88%D8%A7%D9%82%D8%B9,5.0,5,11 ساعة,5,0,$5.00,يوم واحد,5,3,20.0,.Rashid K,https://khamsat.com/user/rashid-khatm,True,بائع جديد,5.0,5,100.0%,2,5,5 أيام
برمجة وتطوير,https://khamsat.com/programming,نسخ احتياطي ونقل استضافة,https://khamsat.com/programming/backup-and-migration,نقل موقعك من استضافة الى اخرى,https://khamsat.com/programming/backup-and-migration/2960839-%D9%86%D9%82%D9%84-%D9%85%D9%88%D9%82%D8%B9%D9%83-%D9%85%D9%86-%D8%A7%D8%B3%D8%AA%D8%B6%D8%A7%D9%81%D8%A9-%D8%A7%D9%84%D9%89-%D8%A7%D8%AE%D8%B1%D9%89,5.0,1,22 دقيقة,1,0,$5.00,يوم واحد,1,1,5.0,.Ebtesam R,https://khamsat.com/user/ebtesam172001,True,بائع جديد,5.0,6,100.0%,3,7,31 دقيقة
برمجة وتطوير,https://khamsat.com/programming,نسخ احتياطي ونقل استضافة,https://khamsat.com/programming/backup-and-migration,نقل موقعك من سيرفر الى سيرفر أخر بدون أى أخطاء,https://khamsat.com/programming/backup-and-migration/840225-%D9%86%D9%82%D9%84-%D9%85%D9%88%D9%82%D8%B9%D9%83-%D9%85%D9%86-%D8%B3%D9%8A%D8%B1%D9%81%D8%B1-%D8%A7%D9%84%D9%89-%D8%B3%D9%8A%D8%B1%D9%81%D8%B1-%D8%A3%D8%AE%D8%B1-%D8%A8%D8%AF%D9%88%D9%86-%D8%A3%D9%89-%D8%A3%D8%AE%D8%B7%D8%A7%D8%A1,5.0,2,5 ساعات,2,0,$5.00,يومين,2,1,10.0,صلاح الدين ا.,https://khamsat.com/user/%D9%85-%D8%B5%D9%84%D8%A7%D8%AD-%D8%A7%D9%84%D8%AF%D9%8A%D9%86,True,مشتري جاد,5.0,4,100.0%,2,6,4 ساعات
برمجة وتطوير,https://khamsat.com/programming,نسخ احتياطي ونقل استضافة,https://khamsat.com/programming/backup-and-migration,نقل موقعك إلى استضافة أخرى ونسخة احتياطية لموقعك,https://khamsat.com/programming/backup-and-migration/368072-%D9%86%D9%82%D9%84-%D9%85%D9%88%D9%82%D8%B9%D9%83-%D8%A5%D9%84%D9%89-%D8%A7%D8%B3%D8%AA%D8%B6%D8%A7%D9%81%D8%A9-%D8%A3%D8%AE%D8%B1%D9%89-%D9%88%D9%86%D8%B3%D8%AE%D8%A9-%D8%A7%D8%AD%D8%AA%D9%8A%D8%A7%D8%B7%D9%8A%D8%A9-%D9%84%D9%85%D9%88%D9%82%D8%B9%D9%83,5.0,47,8 ساعات,57,0,$5.00,يوم واحد,25,5,85.0,.Mohamed E,https://khamsat.com/user/webcraker,True,بائع مميز,4.5,196,85.1%,8,176,6 ساعات
برمجة وتطوير,https://khamsat.com/programming,نسخ احتياطي ونقل استضافة,https://khamsat.com/programming/backup-and-migration,نقل موقعك كامل من استضافة الى استضافة اخرى بدون اي مشاكل,https://khamsat.com/programming/backup-and-migration/1232143-%D9%86%D9%82%D9%84-%D9%85%D9%88%D9%82%D8%B9%D9%83-%D9%83%D8%A7%D9%85%D9%84-%D9%85%D9%86-%D8%A7%D8%B3%D8%AA%D8%B6%D8%A7%D9%81%D8%A9-%D8%A7%D9%84%D9%89-%D8%A7%D8%B3%D8%AA%D8%B6%D8%A7%D9%81%D8%A9-%D8%A7%D8%AE%D8%B1%D9%89-%D8%A8%D8%AF%D9%88%D9%86-%D8%A7%D9%8A-%D9%85%D8%B4%D8%A7%D9%83%D9%84,5.0,46,يوم,60,0,$5.00,يوم واحد,25,4,80.0,.Abanoub A,https://khamsat.com/user/bebo2xd,True,بائع مميز,5.0,137,88.49%,6,163,9 ساعات
برمجة وتطوير,https://khamsat.com/programming,نسخ احتياطي ونقل استضافة,https://khamsat.com/programming/backup-and-migration,نقل موقعك من استضافة الى اخرى وتفعيل كل خواص الاستضافات,https://khamsat.com/programming/backup-and-migration/1614361-%D9%86%D9%82%D9%84-%D9%85%D9%88%D9%82%D8%B9%D9%83-%D9%85%D9%86-%D8%A7%D8%B3%D8%AA%D8%B6%D8%A7%D9%81%D8%A9-%D8%A7%D9%84%D9%89-%D8%A7%D8%AE%D8%B1%D9%89-%D9%88%D8%AA%D9%81%D8%B9%D9%8A%D9%84-%D9%83%D9%84-%D8%AE%D9%88%D8%A7%D8%B5-%D8%A7%D9%84%D8%A7%D8%B3%D8%AA%D8%B6%D8%A7%D9%81%D8%A7%D8%AA,5.0,16,3 ساعات,16,0,$25.00,خمسة أيام,16,0,0.0,.Ahmed F,https://khamsat.com/user/seo_sky,True,بائع مميز,5.0,204,85.95%,15,134,5 ساعات
برمجة وتطوير,https://khamsat.com/programming,نسخ احتياطي ونقل استضافة,https://khamsat.com/programming/backup-and-migration,نقل المواقع بإحترافية,https://khamsat.com/programming/backup-and-migration/563349-%D9%86%D9%82%D9%84-%D8%A7%D9%84%D9%85%D9%88%D8%A7%D9%82%D8%B9-%D8%A8%D8%A5%D8%AD%D8%AA%D8%B1%D8%A7%D9%81%D9%8A%D8%A9,5.0,16,3 دقائق,15,0,$5.00,ثلاثة أيام,16,2,15.0,حازم ا.,https://khamsat.com/user/develope,True,بائع مميز,5.0,125,95.32%,5,102,53 دقيقة
برمجة وتطوير,https://khamsat.com/programming,نسخ احتياطي ونقل استضافة,https://khamsat.com/programming/backup-and-migration,نقل موقعك وجميع ملفاته وقواعد البيانات الى اى استضافة وسيرفر,https://khamsat.com/programming/backup-and-migration/400292-%D9%86%D9%82%D9%84-%D9%85%D9%88%D9%82%D8%B9%D9%83-%D9%88%D8%AC%D9%85%D9%8A%D8%B9-%D9%85%D9%84%D9%81%D8%A7%D8%AA%D9%87-%D9%88%D9%82%D9%88%D8%A7%D8%B9%D8%AF-%D8%A7%D9%84%D8%A8%D9%8A%D8%A7%D9%86%D8%A7%D8%AA-%D8%A7%D9%84%D9%89-%D8%A7%D9%89-%D8%A7%D8%B3%D8%AA%D8%B6%D8%A7%D9%81%D8%A9-%D9%88%D8%B3%D9%8A%D8%B1%D9%81%D8%B1,5.0,22,ساعتين,28,0,$5.00,يومين,22,0,0.0,حماده ن.,https://khamsat.com/user/hamadabader,True,بائع مميز,5.0,30,92.0%,5,35,22 ساعة
برمجة وتطوير,https://khamsat.com/programming,نسخ احتياطي ونقل استضافة,https://khamsat.com/programming/backup-and-migration,اقوم برفع المواقع علي Domain,https://khamsat.com/programming/backup-and-migration/3052901-%D8%A7%D9%82%D9%88%D9%85-%D8%A8%D8%B1%D9%81%D8%B9-%D8%A7%D9%84%D9%85%D9%88%D8%A7%D9%82%D8%B9-%D8%B9%D9%84%D9%8A-domain,0.0,0,لم يحسب,0,0,$5.00,يوم واحد,0,0,0.0,.Omar H,https://khamsat.com/user/omarelaraby1,True,بائع جديد,0.0,0,لم يحسب بعد,1,0,لم يحسب
برمجة وتطوير,https://khamsat.com/programming,نسخ احتياطي ونقل استضافة,https://khamsat.com/programming/backup-and-migration,سوف أقوم بنقل موقعك إلى استضافة جديدة بأمان واحترافية,https://khamsat.com/programming/backup-and-migration/3054152-%D8%B3%D9%88%D9%81-%D8%A3%D9%82%D9%88%D9%85-%D8%A8%D9%86%D9%82%D9%84-%D9%85%D9%88%D9%82%D8%B9%D9%83-%D8%A5%D9%84%D9%89-%D8%A7%D8%B3%D8%AA%D8%B6%D8%A7%D9%81%D8%A9-%D8%AC%D8%AF%D9%8A%D8%AF%D8%A9-%D8%A8%D8%A3%D9%85%D8%A7%D9%86-%D9%88%D8%A7%D8%AD%D8%AA%D8%B1%D8%A7%D9%81%D9%8A%D8%A9,0.0,0,لم يحسب,0,0,$10.00,يوم واحد,0,3,40.0,محمد ع.,https://khamsat.com/user/mohamed_heriz,True,بائع جديد,0.0,0,لم يحسب بعد,1,0,لم يحسب
برمجة وتطوير,https://khamsat.com/programming,نسخ احتياطي ونقل استضافة,https://khamsat.com/programming/backup-and-migration,نقل موقعك او متجرك من استضافة الى استضافة اخري,https://khamsat.com/programming/backup-and-migration/2939426-%D9%86%D9%82%D9%84-%D9%85%D9%88%D9%82%D8%B9%D9%83-%D8%A7%D9%88-%D9%85%D8%AA%D8%AC%D8%B1%D9%83-%D9%85%D9%86-%D8%A7%D8%B3%D8%AA%D8%B6%D8%A7%D9%81%D8%A9-%D8%A7%D9%84%D9%89-%D8%A7%D8%B3%D8%AA%D8%B6%D8%A7%D9%81%D8%A9-%D8%A7%D8%AE%D8%B1%D9%8A,0.0,0,لم يحسب,0,0,$10.00,يوم واحد,0,2,55.0,.Marwan S,https://khamsat.com/user/marawan2010mero,True,مشتري جديد,0.0,0,لم يحسب بعد,2,0,لم يحسب
برمجة وتطوير,https://khamsat.com/programming,نسخ احتياطي ونقل استضافة,https://khamsat.com/programming/backup-and-migration,نقل الموقع بأمان وإنشاء نسخة احتياطية,https://khamsat.com/programming/backup-and-migration/2897076-%D9%86%D9%82%D9%84-%D8%A7%D9%84%D9%85%D9%88%D9%82%D8%B9-%D8%A8%D8%A3%D9%85%D8%A7%D9%86-%D9%88%D8%A5%D9%86%D8%B4%D8%A7%D8%A1-%D9%86%D8%B3%D8%AE%D8%A9-%D8%A7%D8%AD%D8%AA%D9%8A%D8%A7%D8%B7%D9%8A%D8%A9,0.0,0,لم يحسب,0,0,$10.00,يوم واحد,0,0,0.0,ياسين أ.,https://khamsat.com/user/%D9%8A%D8%A7%D8%B3%D9%8A%D9%86-%D8%A3%D9%83%D9%86%D8%A7%D9%88,True,بائع جديد,0.0,0,لم يحسب بعد,4,0,لم يحسب
برمجة وتطوير,https://khamsat.com/programming,نسخ احتياطي ونقل استضافة,https://khamsat.com/programming/backup-and-migration,خدمة رفع موقعك المبرمج على استضافتك الخاصة Amazon AWS,https://khamsat.com/programming/backup-and-migration/3048218-%D8%AE%D8%AF%D9%85%D8%A9-%D8%B1%D9%81%D8%B9-%D9%85%D9%88%D9%82%D8%B9%D9%83-%D8%A7%D9%84%D9%85%D8%A8%D8%B1%D9%85%D8%AC-%D8%B9%D9%84%D9%89-%D8%A7%D8%B3%D8%AA%D8%B6%D8%A7%D9%81%D8%AA%D9%83-%D8%A7%D9%84%D8%AE%D8%A7%D8%B5%D8%A9-amazon-aws,0.0,0,لم يحسب,0,0,$5.00,ثلاثة أيام,0,0,0.0,.Fady A,https://khamsat.com/user/fady_akram,True,بائع جديد,0.0,0,لم يحسب بعد,1,0,لم يحسب
برمجة وتطوير,https://khamsat.com/programming,نسخ احتياطي ونقل استضافة,https://khamsat.com/programming/backup-and-migration,أنقل موقعك في وقت قياسي باحتراف,https://khamsat.com/programming/backup-and-migration/1177521-%D8%A3%D9%86%D9%82%D9%84-%D9%85%D9%88%D9%82%D8%B9%D9%83-%D9%81%D9%8A-%D9%88%D9%82%D8%AA-%D9%82%D9%8A%D8%A7%D8%B3%D9%8A-%D8%A8%D8%A7%D8%AD%D8%AA%D8%B1%D8%A7%D9%81,5.0,125,16 دقيقة,146,0,$10.00,يوم واحد,25,3,65.0,.Ayman M,https://khamsat.com/user/aymanmmahfouz,True,بائع مميز,5.0,204,87.68%,7,213,5 ساعات
برمجة وتطوير,https://khamsat.com/programming,نسخ احتياطي ونقل استضافة,https://khamsat.com/programming/backup-and-migration,سأقوم بنقل موقعك من استضافة إلى أخرى,https://khamsat.com/programming/backup-and-migration/1617770-%D8%B3%D8%A3%D9%82%D9%88%D9%85-%D8%A8%D9%86%D9%82%D9%84-%D9%85%D9%88%D9%82%D8%B9%D9%83-%D9%85%D9%86-%D8%A7%D8%B3%D8%AA%D8%B6%D8%A7%D9%81%D8%A9-%D8%A5%D9%84%D9%89-%D8%A3%D8%AE%D8%B1%D9%89,0.0,0,ساعة,0,0,$5.00,يومين,0,3,105.0,فؤاد ا.,https://khamsat.com/user/samifouad,True,بائع جديد,0.0,0,لم يحسب بعد,3,0,ساعة
برمجة وتطوير,https://khamsat.com/programming,نسخ احتياطي ونقل استضافة,https://khamsat.com/programming/backup-and-migration,نقل موقع من استضافة الى اخرى بوقت قياسي,https://khamsat.com/programming/backup-and-migration/2949911-%D9%86%D9%82%D9%84-%D9%85%D9%88%D9%82%D8%B9-%D9%85%D9%86-%D8%A7%D8%B3%D8%AA%D8%B6%D8%A7%D9%81%D8%A9-%D8%A7%D9%84%D9%89-%D8%A7%D8%AE%D8%B1%D9%89-%D8%A8%D9%88%D9%82%D8%AA-%D9%82%D9%8A%D8%A7%D8%B3%D9%8A,0.0,0,لم يحسب,0,0,$5.00,يوم واحد,0,5,75.0,.Feras A,https://khamsat.com/user/feras_alnshawy,True,بائع جديد,0.0,0,لم يحسب بعد,5,0,لم يحسب
برمجة وتطوير,https://khamsat.com/programming,نسخ احتياطي ونقل استضافة,https://khamsat.com/programming/backup-and-migration,لديك موقع وتريد نقله علي استضافة اخري سأنقل موقعك,https://khamsat.com/programming/backup-and-migration/1004732-%D9%84%D8%AF%D9%8A%D9%83-%D9%85%D9%88%D9%82%D8%B9-%D9%88%D8%AA%D8%B1%D9%8A%D8%AF-%D9%86%D9%82%D9%84%D9%87-%D8%B9%D9%84%D9%8A-%D8%A7%D8%B3%D8%AA%D8%B6%D8%A7%D9%81%D8%A9-%D8%A7%D8%AE%D8%B1%D9%8A-%D8%B3%D8%A3%D9%86%D9%82%D9%84-%D9%85%D9%88%D9%82%D8%B9%D9%83,0.0,0,ساعة,1,0,$10.00,يوم واحد,0,0,0.0,.Omar M,https://khamsat.com/user/omar_mm,True,بائع نشيط,5.0,11,88.1%,10,16,3 ساعات
برمجة وتطوير,https://khamsat.com/programming,نسخ احتياطي ونقل استضافة,https://khamsat.com/programming/backup-and-migration,نقل موقعك من إستضافة لاستضافة اخرى أو من استضافة لسيرفر.,https://khamsat.com/programming/backup-and-migration/469881-%D9%86%D9%82%D9%84-%D9%85%D9%88%D9%82%D8%B9%D9%83-%D9%85%D9%86-%D8%A5%D8%B3%D8%AA%D8%B6%D8%A7%D9%81%D8%A9-%D9%84%D8%A7%D8%B3%D8%AA%D8%B6%D8%A7%D9%81%D8%A9-%D8%A7%D8%AE%D8%B1%D9%89-%D8%A3%D9%88-%D9%85%D9%86-%D8%A7%D8%B3%D8%AA%D8%B6%D8%A7%D9%81%D8%A9-%D9%84%D8%B3%D9%8A%D8%B1%D9%81%D8%B1,5.0,4,39 دقيقة,4,0,$25.00,يومين,4,0,0.0,علاء الدين ج.,https://khamsat.com/user/aladdin-jeroon,True,بائع مميز,5.0,168,91.78%,4,258,3 ساعات
برمجة وتطوير,https://khamsat.com/programming,نسخ احتياطي ونقل استضافة,https://khamsat.com/programming/backup-and-migration,نقل موقع من استضافة إلى استضافة جديدة,https://khamsat.com/programming/backup-and-migration/659842-%D9%86%D9%82%D9%84-%D9%85%D9%88%D9%82%D8%B9-%D9%85%D9%86-%D8%A7%D8%B3%D8%AA%D8%B6%D8%A7%D9%81%D8%A9-%D8%A5%D9%84%D9%89-%D8%A7%D8%B3%D8%AA%D8%B6%D8%A7%D9%81%D8%A9-%D8%AC%D8%AF%D9%8A%D8%AF%D8%A9,4.5,6,ساعة,9,0,$5.00,يومين,6,3,35.0,علاء الدين ح.,https://khamsat.com/user/soriaty,True,بائع مميز,5.0,748,93.92%,14,1007,17 ساعة
برمجة وتطوير,https://khamsat.com/programming,نسخ احتياطي ونقل استضافة,https://khamsat.com/programming/backup-and-migration,رفع المواقع ونقل المواقع من استضافة إلي أخري,https://khamsat.com/programming/backup-and-migration/2941982-%D8%B1%D9%81%D8%B9-%D8%A7%D9%84%D9%85%D9%88%D8%A7%D9%82%D8%B9-%D9%88%D9%86%D9%82%D9%84-%D8%A7%D9%84%D9%85%D9%88%D8%A7%D9%82%D8%B9-%D9%85%D9%86-%D8%A7%D8%B3%D8%AA%D8%B6%D8%A7%D9%81%D8%A9-%D8%A5%D9%84%D9%8A-%D8%A3%D8%AE%D8%B1%D9%8A,0.0,0,لم يحسب,0,0,$5.00,يوم واحد,0,2,10.0,.Yousssef A,https://khamsat.com/user/youssef123321,True,بائع جديد,0.0,0,لم يحسب بعد,4,0,لم يحسب
برمجة وتطوير,https://khamsat.com/programming,نسخ احتياطي ونقل استضافة,https://khamsat.com/programming/backup-and-migration,نقل موقعك من سرفر (إستضافة) الى (إستضافة أخرى),https://khamsat.com/programming/backup-and-migration/1236779-%D9%86%D9%82%D9%84-%D9%85%D9%88%D9%82%D8%B9%D9%83-%D9%85%D9%86-%D8%B3%D8%B1%D9%81%D8%B1-%D8%A5%D8%B3%D8%AA%D8%B6%D8%A7%D9%81%D8%A9-%D8%A7%D9%84%D9%89-%D8%A5%D8%B3%D8%AA%D8%B6%D8%A7%D9%81%D8%A9-%D8%A3%D8%AE%D8%B1%D9%89,0.0,0,3 أيام,0,0,$5.00,يومين,0,1,5.0,.Yassine B,https://khamsat.com/user/yasso1995,True,بائع جديد,5.0,3,88.89%,3,4,يومين
برمجة وتطوير,https://khamsat.com/programming,نسخ احتياطي ونقل استضافة,https://khamsat.com/programming/backup-and-migration,رفع ونقل المواقع وضمان التشغيل,https://khamsat.com/programming/backup-and-migration/2947098-%D8%B1%D9%81%D8%B9-%D9%88%D9%86%D9%82%D9%84-%D8%A7%D9%84%D9%85%D9%88%D8%A7%D9%82%D8%B9-%D9%88%D8%B6%D9%85%D8%A7%D9%86-%D8%A7%D9%84%D8%AA%D8%B4%D8%BA%D9%8A%D9%84,0.0,0,لم يحسب,0,0,$5.00,يوم واحد,0,2,10.0,.Ibrahim O,https://khamsat.com/user/ibrahimosama80,False,بائع جديد,0.0,0,لم يحسب بعد,4,0,لم يحسب
برمجة وتطوير,https://khamsat.com/programming,نسخ احتياطي ونقل استضافة,https://khamsat.com/programming/backup-and-migration,نقل موقعك من الدومين الحالي الى دومين جديد,https://khamsat.com/programming/backup-and-migration/2916741-%D9%86%D9%82%D9%84-%D9%85%D9%88%D9%82%D8%B9%D9%83-%D9%85%D9%86-%D8%A7%D9%84%D8%AF%D9%88%D9%85%D9%8A%D9%86-%D8%A7%D9%84%D8%AD%D8%A7%D9%84%D9%8A-%D8%A7%D9%84%D9%89-%D8%AF%D9%88%D9%85%D9%8A%D9%86-%D8%AC%D8%AF%D9%8A%D8%AF,0.0,0,لم يحسب,0,0,$10.00,يوم واحد,0,1,5.0,.Younes F,https://khamsat.com/user/younes_fre,True,بائع جديد,0.0,0,لم يحسب بعد,5,0,لم يحسب
برمجة وتطوير,https://khamsat.com/programming,حماية وتأمين المواقع,https://khamsat.com/programming/website-security,فحص موقعك الالكتروني من الثغرات الأمنية,https://khamsat.com/programming/website-security/2994765-%D9%81%D8%AD%D8%B5-%D9%85%D9%88%D9%82%D8%B9%D9%83-%D8%A7%D9%84%D8%A7%D9%84%D9%83%D8%AA%D8%B1%D9%88%D9%86%D9%8A-%D9%85%D9%86-%D8%A7%D9%84%D8%AB%D8%BA%D8%B1%D8%A7%D8%AA-%D8%A7%D9%84%D8%A3%D9%85%D9%86%D9%8A%D8%A9,5.0,5,41 دقيقة,6,0,$25.00,يومين,5,2,75.0,محمد أسامة ا.,https://khamsat.com/user/elhazina,True,بائع نشيط,5.0,8,100.0%,3,8,52 دقيقة
برمجة وتطوير,https://khamsat.com/programming,حماية وتأمين المواقع,https://khamsat.com/programming/website-security,ضبط خدمة كلاود فلير لحماية موقعك الالكتروني,https://khamsat.com/programming/website-security/2817997-%D8%B6%D8%A8%D8%B7-%D8%AE%D8%AF%D9%85%D8%A9-%D9%83%D9%84%D8%A7%D9%88%D8%AF-%D9%81%D9%84%D9%8A%D8%B1-%D9%84%D8%AD%D9%85%D8%A7%D9%8A%D8%A9-%D9%85%D9%88%D9%82%D8%B9%D9%83-%D8%A7%D9%84%D8%A7%D9%84%D9%83%D8%AA%D8%B1%D9%88%D9%86%D9%8A,5.0,16,دقيقتين,16,0,$5.00,يوم واحد,16,3,25.0,ديفيد ل.,https://khamsat.com/user/davidlabib,True,بائع مميز,5.0,149,100.0%,8,112,دقيقة
برمجة وتطوير,https://khamsat.com/programming,حماية وتأمين المواقع,https://khamsat.com/programming/website-security,تركيب شهادة حماية SSL على موقعك الالكتروني,https://khamsat.com/programming/website-security/2831176-%D8%AA%D8%B1%D9%83%D9%8A%D8%A8-%D8%B4%D9%87%D8%A7%D8%AF%D8%A9-%D8%AD%D9%85%D8%A7%D9%8A%D8%A9-ssl-%D8%B9%D9%84%D9%89-%D9%85%D9%88%D9%82%D8%B9%D9%83-%D8%A7%D9%84%D8%A7%D9%84%D9%83%D8%AA%D8%B1%D9%88%D9%86%D9%8A,5.0,25,دقيقة,26,0,$5.00,يوم واحد,25,5,210.0,ديفيد ل.,https://khamsat.com/user/davidlabib,True,بائع مميز,5.0,149,100.0%,8,112,دقيقة
برمجة وتطوير,https://khamsat.com/programming,حماية وتأمين المواقع,https://khamsat.com/programming/website-security,تركيب شهادة الأمان (SSL Certificate) لموقعك,https://khamsat.com/programming/website-security/1476972-%D8%AA%D8%B1%D9%83%D9%8A%D8%A8-%D8%B4%D9%87%D8%A7%D8%AF%D8%A9-%D8%A7%D9%84%D8%A3%D9%85%D8%A7%D9%86-ssl-certificate-%D9%84%D9%85%D9%88%D9%82%D8%B9%D9%83,4.5,9,47 دقيقة,8,0,$5.00,يوم واحد,9,1,5.0,.Amr E,https://khamsat.com/user/amr-bedir,True,بائع نشيط,4.5,14,81.25%,1,19,3 ساعات
برمجة وتطوير,https://khamsat.com/programming,حماية وتأمين المواقع,https://khamsat.com/programming/website-security,سأقوم بفحص موقعك من ثغرة SQL Injection لتحمي بيانات موقعك,https://khamsat.com/programming/website-security/2910474-%D8%B3%D8%A3%D9%82%D9%88%D9%85-%D8%A8%D9%81%D8%AD%D8%B5-%D9%85%D9%88%D9%82%D8%B9%D9%83-%D9%85%D9%86-%D8%AB%D8%BA%D8%B1%D8%A9-sql-injection-%D9%84%D8%AA%D8%AD%D9%85%D9%8A-%D8%A8%D9%8A%D8%A7%D9%86%D8%A7%D8%AA-%D9%85%D9%88%D9%82%D8%B9%D9%83,5.0,2,دقيقتين,2,0,$5.00,يوم واحد,2,0,0.0,.Osman S,https://khamsat.com/user/osmansalih,True,بائع جديد,5.0,2,71.43%,5,3,ساعتين
برمجة وتطوير,https://khamsat.com/programming,حماية وتأمين المواقع,https://khamsat.com/programming/website-security,سأعمل لك شهادة SSL لتأمين موقعك,https://khamsat.com/programming/website-security/2490759-%D8%B3%D8%A3%D8%B9%D9%85%D9%84-%D9%84%D9%83-%D8%B4%D9%87%D8%A7%D8%AF%D8%A9-ssl-%D9%84%D8%AA%D8%A3%D9%85%D9%8A%D9%86-%D9%85%D9%88%D9%82%D8%B9%D9%83,3.5,3,13 ساعة,3,0,$5.00,يوم واحد,3,1,5.0,هلال ا.,https://khamsat.com/user/hilal2020,True,بائع جديد,3.5,5,83.33%,5,4,6 ساعات
برمجة وتطوير,https://khamsat.com/programming,حماية وتأمين المواقع,https://khamsat.com/programming/website-security,فحص ثغرات الامنية للمواقع الالكترونية,https://khamsat.com/programming/website-security/2621228-%D9%81%D8%AD%D8%B5-%D8%AB%D8%BA%D8%B1%D8%A7%D8%AA-%D8%A7%D9%84%D8%A7%D9%85%D9%86%D9%8A%D8%A9-%D9%84%D9%84%D9%85%D9%88%D8%A7%D9%82%D8%B9-%D8%A7%D9%84%D8%A7%D9%84%D9%83%D8%AA%D8%B1%D9%88%D9%86%D9%8A%D8%A9,5.0,4,6 ساعات,6,1,$25.00,ثلاثة أيام,4,1,100.0,عمر ع.,https://khamsat.com/user/omaralhojme,True,بائع مميز,5.0,19,93.85%,2,32,ساعتين
برمجة وتطوير,https://khamsat.com/programming,حماية وتأمين المواقع,https://khamsat.com/programming/website-security,تدقيق أمان اختبار اختراق لتطبيق الويب,https://khamsat.com/programming/website-security/2768449-%D8%AA%D8%AF%D9%82%D9%8A%D9%82-%D8%A3%D9%85%D8%A7%D9%86-%D8%A7%D8%AE%D8%AA%D8%A8%D8%A7%D8%B1-%D8%A7%D8%AE%D8%AA%D8%B1%D8%A7%D9%82-%D9%84%D8%AA%D8%B7%D8%A8%D9%8A%D9%82-%D8%A7%D9%84%D9%88%D9%8A%D8%A8,5.0,1,11 ساعة,1,0,$5.00,يومين,1,3,75.0,.Maryam D,https://khamsat.com/user/maryam_d,True,بائع جديد,5.0,1,100.0%,1,1,11 ساعة
برمجة وتطوير,https://khamsat.com/programming,حماية وتأمين المواقع,https://khamsat.com/programming/website-security,تركيب شهادة ssl مجانا لحماية موقعك من الاختراق,https://khamsat.com/programming/website-security/727796-%D8%AA%D8%B1%D9%83%D9%8A%D8%A8-%D8%B4%D9%87%D8%A7%D8%AF%D8%A9-ssl-%D9%85%D8%AC%D8%A7%D9%86%D8%A7-%D9%84%D8%AD%D9%85%D8%A7%D9%8A%D8%A9-%D9%85%D9%88%D9%82%D8%B9%D9%83-%D9%85%D9%86-%D8%A7%D9%84%D8%A7%D8%AE%D8%AA%D8%B1%D8%A7%D9%82,5.0,1,يوم,1,0,$10.00,يوم واحد,1,1,10.0,محمد ب.,https://khamsat.com/user/bonlieu13,True,مشتري مميز,4.5,50,85.88%,6,77,5 ساعات
برمجة وتطوير,https://khamsat.com/programming,حماية وتأمين المواقع,https://khamsat.com/programming/website-security,تركيب شهادة أمان SSL المجانية لموقعك,https://khamsat.com/programming/website-security/2696845-%D8%AA%D8%B1%D9%83%D9%8A%D8%A8-%D8%B4%D9%87%D8%A7%D8%AF%D8%A9-%D8%A3%D9%85%D8%A7%D9%86-ssl-%D8%A7%D9%84%D9%85%D8%AC%D8%A7%D9%86%D9%8A%D8%A9-%D9%84%D9%85%D9%88%D9%82%D8%B9%D9%83,5.0,1,56 دقيقة,1,0,$5.00,يوم واحد,1,0,0.0,.Mohammed A,https://khamsat.com/user/mohammed-al-mujtaba,True,بائع نشيط,5.0,18,95.12%,6,21,3 ساعات
برمجة وتطوير,https://khamsat.com/programming,حماية وتأمين المواقع,https://khamsat.com/programming/website-security,تركيب شهادة SSL لموقعك فقط مقابل 5$,https://khamsat.com/programming/website-security/879804-%D8%AA%D8%B1%D9%83%D9%8A%D8%A8-%D8%B4%D9%87%D8%A7%D8%AF%D8%A9-ssl-%D9%84%D9%85%D9%88%D9%82%D8%B9%D9%83-%D9%81%D9%82%D8%B7-%D9%85%D9%82%D8%A7%D8%A8%D9%84-5,0.0,0,ساعة,1,0,$5.00,يوم واحد,0,1,15.0,.Bashar N,https://khamsat.com/user/bashar.nayal,True,مشتري VIP,0.0,2,100.0%,1,3,7 ساعات
برمجة وتطوير,https://khamsat.com/programming,حماية وتأمين المواقع,https://khamsat.com/programming/website-security,تأمين وحماية مواقع ووردبريس بأعلي المعايير التقنيه,https://khamsat.com/programming/website-security/3030289-%D8%AA%D8%A3%D9%85%D9%8A%D9%86-%D9%88%D8%AD%D9%85%D8%A7%D9%8A%D8%A9-%D9%85%D9%88%D8%A7%D9%82%D8%B9-%D9%88%D9%88%D8%B1%D8%AF%D8%A8%D8%B1%D9%8A%D8%B3-%D8%A8%D8%A3%D8%B9%D9%84%D9%8A-%D8%A7%D9%84%D9%85%D8%B9%D8%A7%D9%8A%D9%8A%D8%B1-%D8%A7%D9%84%D8%AA%D9%82%D9%86%D9%8A%D9%87,0.0,0,لم يحسب,0,0,$10.00,يوم واحد,0,1,15.0,.Aya N,https://khamsat.com/user/ayanasr1,True,بائع جديد,0.0,0,لم يحسب بعد,5,0,لم يحسب
برمجة وتطوير,https://khamsat.com/programming,حماية وتأمين المواقع,https://khamsat.com/programming/website-security,تأمين موقعك الووردبريس عن طريق تغيير wp-admin,https://khamsat.com/programming/website-security/2915635-%D8%AA%D8%A3%D9%85%D9%8A%D9%86-%D9%85%D9%88%D9%82%D8%B9%D9%83-%D8%A7%D9%84%D9%88%D9%88%D8%B1%D8%AF%D8%A8%D8%B1%D9%8A%D8%B3-%D8%B9%D9%86-%D8%B7%D8%B1%D9%8A%D9%82-%D8%AA%D8%BA%D9%8A%D9%8A%D8%B1-wp-admin,0.0,0,لم يحسب,0,0,$5.00,يوم واحد,0,1,5.0,.Abdallah A,https://khamsat.com/user/abdallah1153,True,بائع جديد,0.0,0,لم يحسب بعد,3,0,لم يحسب
برمجة وتطوير,https://khamsat.com/programming,حماية وتأمين المواقع,https://khamsat.com/programming/website-security,تركيب شهادة أمان SSL لموقعك ليصبح https جميع المواقع,https://khamsat.com/programming/website-security/2552446-%D8%AA%D8%B1%D9%83%D9%8A%D8%A8-%D8%B4%D9%87%D8%A7%D8%AF%D8%A9-%D8%A3%D9%85%D8%A7%D9%86-ssl-%D9%84%D9%85%D9%88%D9%82%D8%B9%D9%83-%D9%84%D9%8A%D8%B5%D8%A8%D8%AD-https-%D8%AC%D9%85%D9%8A%D8%B9-%D8%A7%D9%84%D9%85%D9%88%D8%A7%D9%82%D8%B9,5.0,1,لم يحسب,1,0,$5.00,يومين,1,0,0.0,.Islam E,https://khamsat.com/user/red.prince.p,True,بائع مميز,4.5,209,86.77%,12,254,7 ساعات
برمجة وتطوير,https://khamsat.com/programming,حماية وتأمين المواقع,https://khamsat.com/programming/website-security,شهادة توثيق SSL إحترافية لمواقعك أومتاجرك,https://khamsat.com/programming/website-security/3046432-%D8%B4%D9%87%D8%A7%D8%AF%D8%A9-%D8%AA%D9%88%D8%AB%D9%8A%D9%82-ssl-%D8%A5%D8%AD%D8%AA%D8%B1%D8%A7%D9%81%D9%8A%D8%A9-%D9%84%D9%85%D9%88%D8%A7%D9%82%D8%B9%D9%83-%D8%A3%D9%88%D9%85%D8%AA%D8%A7%D8%AC%D8%B1%D9%83,0.0,0,لم يحسب,0,0,$10.00,يوم واحد,0,0,0.0,.Mohammed B,https://khamsat.com/user/%D9%85%D8%AD%D9%85%D8%AF-%D8%A8%D8%A7%D9%84%D8%B9%D8%B1%D8%A8%D9%8A,False,مشتري جديد,0.0,0,لم يحسب بعد,1,0,لم يحسب
برمجة وتطوير,https://khamsat.com/programming,حماية وتأمين المواقع,https://khamsat.com/programming/website-security,فحص موقعك الالكتروني من الثغرات الأمنية,https://khamsat.com/programming/website-security/3052210-%D9%81%D8%AD%D8%B5-%D9%85%D9%88%D9%82%D8%B9%D9%83-%D8%A7%D9%84%D8%A7%D9%84%D9%83%D8%AA%D8%B1%D9%88%D9%86%D9%8A-%D9%85%D9%86-%D8%A7%D9%84%D8%AB%D8%BA%D8%B1%D8%A7%D8%AA-%D8%A7%D9%84%D8%A3%D9%85%D9%86%D9%8A%D8%A9,0.0,0,لم يحسب,0,0,$5.00,يومين,0,1,5.0,.Yassen T,https://khamsat.com/user/yassenalsayed,True,بائع جديد,0.0,0,لم يحسب بعد,1,0,لم يحسب
برمجة وتطوير,https://khamsat.com/programming,حماية وتأمين المواقع,https://khamsat.com/programming/website-security,سأقوم بتركيب شهادة أمان لموقعك لكسب ثقة زوارك بموقعك,https://khamsat.com/programming/website-security/2910481-%D8%B3%D8%A3%D9%82%D9%88%D9%85-%D8%A8%D8%AA%D8%B1%D9%83%D9%8A%D8%A8-%D8%B4%D9%87%D8%A7%D8%AF%D8%A9-%D8%A3%D9%85%D8%A7%D9%86-%D9%84%D9%85%D9%88%D9%82%D8%B9%D9%83-%D9%84%D9%83%D8%B3%D8%A8-%D8%AB%D9%82%D8%A9-%D8%B2%D9%88%D8%A7%D8%B1%D9%83-%D8%A8%D9%85%D9%88%D9%82%D8%B9%D9%83,0.0,0,لم يحسب,0,0,$10.00,يوم واحد,0,0,0.0,.Osman S,https://khamsat.com/user/osmansalih,True,بائع جديد,5.0,2,71.43%,5,3,ساعتين
برمجة وتطوير,https://khamsat.com/programming,حماية وتأمين المواقع,https://khamsat.com/programming/website-security,اختبار اختراق لمواقع ويب - web penetration testing,https://khamsat.com/programming/website-security/3054534-%D8%A7%D8%AE%D8%AA%D8%A8%D8%A7%D8%B1-%D8%A7%D8%AE%D8%AA%D8%B1%D8%A7%D9%82-%D9%84%D9%85%D9%88%D8%A7%D9%82%D8%B9-%D9%88%D9%8A%D8%A8-web-penetration-testing,0.0,0,لم يحسب,0,0,$10.00,ثلاثة أيام,0,0,0.0,.Mazen M,https://khamsat.com/user/mazenmahmoud1,False,بائع جديد,0.0,0,لم يحسب بعد,1,0,لم يحسب
برمجة وتطوير,https://khamsat.com/programming,حماية وتأمين المواقع,https://khamsat.com/programming/website-security,اختبار اختراق تطبيقات الويب Web Application Pentest,https://khamsat.com/programming/website-security/3053654-%D8%A7%D8%AE%D8%AA%D8%A8%D8%A7%D8%B1-%D8%A7%D8%AE%D8%AA%D8%B1%D8%A7%D9%82-%D8%AA%D8%B7%D8%A8%D9%8A%D9%82%D8%A7%D8%AA-%D8%A7%D9%84%D9%88%D9%8A%D8%A8-web-application-pentest,0.0,0,لم يحسب,0,0,$10.00,يومين,0,4,35.0,.Yousef G,https://khamsat.com/user/y_ghanem5,True,بائع جديد,0.0,0,لم يحسب بعد,1,0,لم يحسب
برمجة وتطوير,https://khamsat.com/programming,حماية وتأمين المواقع,https://khamsat.com/programming/website-security,تركيب شهادة الأمان SSL وتغيير موقعك إلى HTTPS,https://khamsat.com/programming/website-security/1989727-%D8%AA%D8%B1%D9%83%D9%8A%D8%A8-%D8%B4%D9%87%D8%A7%D8%AF%D8%A9-%D8%A7%D9%84%D8%A3%D9%85%D8%A7%D9%86-ssl-%D9%88%D8%AA%D8%BA%D9%8A%D9%8A%D8%B1-%D9%85%D9%88%D9%82%D8%B9%D9%83-%D8%A5%D9%84%D9%89-https,0.0,0,53 دقيقة,0,0,$5.00,يوم واحد,0,0,0.0,.Anas S,https://khamsat.com/user/anasshaban,True,بائع نشيط,5.0,21,92.68%,5,26,ساعتين
برمجة وتطوير,https://khamsat.com/programming,حماية وتأمين المواقع,https://khamsat.com/programming/website-security,اختبار اختراق المواقع والبنية التحتية للشبكات مع المعالجة,https://khamsat.com/programming/website-security/3035299-%D8%A7%D8%AE%D8%AA%D8%A8%D8%A7%D8%B1-%D8%A7%D8%AE%D8%AA%D8%B1%D8%A7%D9%82-%D8%A7%D9%84%D9%85%D9%88%D8%A7%D9%82%D8%B9-%D9%88%D8%A7%D9%84%D8%A8%D9%86%D9%8A%D8%A9-%D8%A7%D9%84%D8%AA%D8%AD%D8%AA%D9%8A%D8%A9-%D9%84%D9%84%D8%B4%D8%A8%D9%83%D8%A7%D8%AA-%D9%85%D8%B9-%D8%A7%D9%84%D9%85%D8%B9%D8%A7%D9%84%D8%AC%D8%A9,0.0,0,لم يحسب,0,0,$10.00,ثلاثة أيام,0,2,200.0,.Mark S,https://khamsat.com/user/marksr19,False,بائع جديد,0.0,0,لم يحسب بعد,1,0,لم يحسب
برمجة وتطوير,https://khamsat.com/programming,حماية وتأمين المواقع,https://khamsat.com/programming/website-security,تثبيت شهادة SSL وتحويل الموقع من Http إلى Https,https://khamsat.com/programming/website-security/1047323-%D8%AA%D8%AB%D8%A8%D9%8A%D8%AA-%D8%B4%D9%87%D8%A7%D8%AF%D8%A9-ssl-%D9%88%D8%AA%D8%AD%D9%88%D9%8A%D9%84-%D8%A7%D9%84%D9%85%D9%88%D9%82%D8%B9-%D9%85%D9%86-http-%D8%A5%D9%84%D9%89-https,0.0,0,لم يحسب,0,0,$5.00,يوم واحد,0,0,0.0,يوسف ي.,https://khamsat.com/user/dz_team,False,بائع جديد,0.0,0,لم يحسب بعد,3,0,لم يحسب
برمجة وتطوير,https://khamsat.com/programming,حماية وتأمين المواقع,https://khamsat.com/programming/website-security,تثبيت وإعداد شهادة SSL لحماية وتأمين موقعك الإلكتروني,https://khamsat.com/programming/website-security/3011731-%D8%AA%D8%AB%D8%A8%D9%8A%D8%AA-%D9%88%D8%A5%D8%B9%D8%AF%D8%A7%D8%AF-%D8%B4%D9%87%D8%A7%D8%AF%D8%A9-ssl-%D9%84%D8%AD%D9%85%D8%A7%D9%8A%D8%A9-%D9%88%D8%AA%D8%A3%D9%85%D9%8A%D9%86-%D9%85%D9%88%D9%82%D8%B9%D9%83-%D8%A7%D9%84%D8%A5%D9%84%D9%83%D8%AA%D8%B1%D9%88%D9%86%D9%8A,0.0,0,لم يحسب,0,0,$5.00,يوم واحد,0,0,0.0,.Ahmed D,https://khamsat.com/user/ahmeddowedar,True,بائع جديد,0.0,0,لم يحسب بعد,1,0,لم يحسب
برمجة وتطوير,https://khamsat.com/programming,حماية وتأمين المواقع,https://khamsat.com/programming/website-security,تركيب خدمة Cloudflare و جعل موقعك يعمل على HTTPS,https://khamsat.com/programming/website-security/862664-%D8%AA%D8%B1%D9%83%D9%8A%D8%A8-%D8%AE%D8%AF%D9%85%D8%A9-cloudflare-%D9%88-%D8%AC%D8%B9%D9%84-%D9%85%D9%88%D9%82%D8%B9%D9%83-%D9%8A%D8%B9%D9%85%D9%84-%D8%B9%D9%84%D9%89-https,5.0,20,4 ساعات,22,0,$5.00,يوم واحد,20,2,10.0,حسام الدين ا.,https://khamsat.com/user/elshahawi,True,بائع مميز,5.0,94,82.35%,4,92,5 ساعات
برمجة وتطوير,https://khamsat.com/programming,حماية وتأمين المواقع,https://khamsat.com/programming/website-security,اقوم بعمل محاكاة للهجوم السيبراني لفحص الثغرات,https://khamsat.com/programming/website-security/2988424-%D8%A7%D9%82%D9%88%D9%85-%D8%A8%D8%B9%D9%85%D9%84-%D9%85%D8%AD%D8%A7%D9%83%D8%A7%D8%A9-%D9%84%D9%84%D9%87%D8%AC%D9%88%D9%85-%D8%A7%D9%84%D8%B3%D9%8A%D8%A8%D8%B1%D8%A7%D9%86%D9%8A-%D9%84%D9%81%D8%AD%D8%B5-%D8%A7%D9%84%D8%AB%D8%BA%D8%B1%D8%A7%D8%AA,0.0,0,لم يحسب,0,0,$10.00,ثلاثة أيام,0,4,100.0,.Mina A,https://khamsat.com/user/minamounir001,True,بائع جديد,0.0,0,لم يحسب بعد,4,0,لم يحسب
برمجة وتطوير,https://khamsat.com/programming,حماية وتأمين المواقع,https://khamsat.com/programming/website-security,ربط الدومين مع الاستضافة host,https://khamsat.com/programming/website-security/2788265-%D8%B1%D8%A8%D8%B7-%D8%A7%D9%84%D8%AF%D9%88%D9%85%D9%8A%D9%86-%D9%85%D8%B9-%D8%A7%D9%84%D8%A7%D8%B3%D8%AA%D8%B6%D8%A7%D9%81%D8%A9-host,0.0,0,لم يحسب,0,0,$10.00,يومين,0,3,110.0,مارتينا ع.,https://khamsat.com/user/martinaassem,True,بائع جديد,5.0,3,83.33%,3,2,49 دقيقة
برمجة وتطوير,https://khamsat.com/programming,حماية وتأمين المواقع,https://khamsat.com/programming/website-security,اختبار المواقع و التطبيقات من المشاكل Software Tester,https://khamsat.com/programming/website-security/2988260-%D8%A7%D8%AE%D8%AA%D8%A8%D8%A7%D8%B1-%D8%A7%D9%84%D9%85%D9%88%D8%A7%D9%82%D8%B9-%D9%88-%D8%A7%D9%84%D8%AA%D8%B7%D8%A8%D9%8A%D9%82%D8%A7%D8%AA-%D9%85%D9%86-%D8%A7%D9%84%D9%85%D8%B4%D8%A7%D9%83%D9%84-software-tester,0.0,0,لم يحسب,0,0,$10.00,يوم واحد,0,0,0.0,اسامة ا.,https://khamsat.com/user/samti,False,بائع جديد,0.0,0,لم يحسب بعد,2,0,لم يحسب
برمجة وتطوير,https://khamsat.com/programming,حماية وتأمين المواقع,https://khamsat.com/programming/website-security,اختبار اختراق تطبيق ويب - Web Application Pentest,https://khamsat.com/programming/website-security/3041335-%D8%A7%D8%AE%D8%AA%D8%A8%D8%A7%D8%B1-%D8%A7%D8%AE%D8%AA%D8%B1%D8%A7%D9%82-%D8%AA%D8%B7%D8%A8%D9%8A%D9%82-%D9%88%D9%8A%D8%A8-web-application-pentest,0.0,0,لم يحسب,0,0,$10.00,يومين,0,3,70.0,.Yousef G,https://khamsat.com/user/yousef_ghanem_1,False,بائع جديد,0.0,0,لم يحسب بعد,1,0,لم يحسب
برمجة وتطوير,https://khamsat.com/programming,حماية وتأمين المواقع,https://khamsat.com/programming/website-security,إدارة المخاطر والحلول للمواقع,https://khamsat.com/programming/website-security/2981600-%D8%A5%D8%AF%D8%A7%D8%B1%D8%A9-%D8%A7%D9%84%D9%85%D8%AE%D8%A7%D8%B7%D8%B1-%D9%88%D8%A7%D9%84%D8%AD%D9%84%D9%88%D9%84-%D9%84%D9%84%D9%85%D9%88%D8%A7%D9%82%D8%B9,0.0,0,لم يحسب,0,0,$5.00,ثلاثة أيام,0,0,0.0,.Hamza C,https://khamsat.com/user/hamza_che,True,بائع نشيط,0.0,1,75.0%,4,3,12 ساعة
برمجة وتطوير,https://khamsat.com/programming,حماية وتأمين المواقع,https://khamsat.com/programming/website-security,اختبر قوة دفاعات موقعك الإلكتروني قبل أن يفعلها المخترقون,https://khamsat.com/programming/website-security/3042595-%D8%A7%D8%AE%D8%AA%D8%A8%D8%B1-%D9%82%D9%88%D8%A9-%D8%AF%D9%81%D8%A7%D8%B9%D8%A7%D8%AA-%D9%85%D9%88%D9%82%D8%B9%D9%83-%D8%A7%D9%84%D8%A5%D9%84%D9%83%D8%AA%D8%B1%D9%88%D9%86%D9%8A-%D9%82%D8%A8%D9%84-%D8%A3%D9%86-%D9%8A%D9%81%D8%B9%D9%84%D9%87%D8%A7-%D8%A7%D9%84%D9%85%D8%AE%D8%AA%D8%B1%D9%82%D9%88%D9%86,0.0,0,لم يحسب,0,0,$10.00,شهر,0,0,0.0,.Mohammad L,https://khamsat.com/user/mohammad_1aa,False,بائع جديد,0.0,0,لم يحسب بعد,1,0,لم يحسب
برمجة وتطوير,https://khamsat.com/programming,اختبارات تجريبية,https://khamsat.com/programming/beta-testing,اختبار للموقع او الابلكيشن,https://khamsat.com/programming/beta-testing/2687543-%D8%A7%D8%AE%D8%AA%D8%A8%D8%A7%D8%B1-%D9%84%D9%84%D9%85%D9%88%D9%82%D8%B9-%D8%A7%D9%88-%D8%A7%D9%84%D8%A7%D8%A8%D9%84%D9%83%D9%8A%D8%B4%D9%86,4.5,7,11 ساعة,9,0,$5.00,ثلاثة أيام,7,2,45.0,فتحى ا.,https://khamsat.com/user/felfar,True,بائع نشيط,4.5,7,94.12%,1,9,11 ساعة
برمجة وتطوير,https://khamsat.com/programming,اختبارات تجريبية,https://khamsat.com/programming/beta-testing,اختبار المواقع و التطبيقات من المشاكل Software Tester,https://khamsat.com/programming/beta-testing/2591722-%D8%A7%D8%AE%D8%AA%D8%A8%D8%A7%D8%B1-%D8%A7%D9%84%D9%85%D9%88%D8%A7%D9%82%D8%B9-%D9%88-%D8%A7%D9%84%D8%AA%D8%B7%D8%A8%D9%8A%D9%82%D8%A7%D8%AA-%D9%85%D9%86-%D8%A7%D9%84%D9%85%D8%B4%D8%A7%D9%83%D9%84-software-tester,5.0,2,يوم,2,0,$10.00,يوم واحد,2,5,295.0,احمد ا.,https://khamsat.com/user/ahmed_eltohamy11,True,بائع جديد,5.0,3,87.5%,3,3,8 ساعات
برمجة وتطوير,https://khamsat.com/programming,اختبارات تجريبية,https://khamsat.com/programming/beta-testing,فحص كامل لموقعك وأعطيك تقرير عن جميع الثغرات والأخطاء به,https://khamsat.com/programming/beta-testing/710457-%D9%81%D8%AD%D8%B5-%D9%83%D8%A7%D9%85%D9%84-%D9%84%D9%85%D9%88%D9%82%D8%B9%D9%83-%D9%88%D8%A3%D8%B9%D8%B7%D9%8A%D9%83-%D8%AA%D9%82%D8%B1%D9%8A%D8%B1-%D8%B9%D9%86-%D8%AC%D9%85%D9%8A%D8%B9-%D8%A7%D9%84%D8%AB%D8%BA%D8%B1%D8%A7%D8%AA-%D9%88%D8%A7%D9%84%D8%A3%D8%AE%D8%B7%D8%A7%D8%A1-%D8%A8%D9%87,5.0,19,5 ساعات,19,0,$20.00,يومين,19,2,25.0,وليد ل.,https://khamsat.com/user/%D9%88%D9%84%D9%8A%D8%AF-%D9%84%D9%87%D9%84%D8%A7%D9%84%D9%8A,True,بائع مميز,5.0,47,86.0%,2,59,10 ساعات
برمجة وتطوير,https://khamsat.com/programming,اختبارات تجريبية,https://khamsat.com/programming/beta-testing,فحص موقعك بشكل احترافي وأقدم لك حلول لتحسينه,https://khamsat.com/programming/beta-testing/2077329-%D9%81%D8%AD%D8%B5-%D9%85%D9%88%D9%82%D8%B9%D9%83-%D8%A8%D8%B4%D9%83%D9%84-%D8%A7%D8%AD%D8%AA%D8%B1%D8%A7%D9%81%D9%8A-%D9%88%D8%A3%D9%82%D8%AF%D9%85-%D9%84%D9%83-%D8%AD%D9%84%D9%88%D9%84-%D9%84%D8%AA%D8%AD%D8%B3%D9%8A%D9%86%D9%87,5.0,5,يوم,5,1,$25.00,خمسة أيام,5,2,105.0,محمد ا.,https://khamsat.com/user/mohammedmadani,True,بائع نشيط,5.0,10,97.87%,5,10,10 ساعات
برمجة وتطوير,https://khamsat.com/programming,اختبارات تجريبية,https://khamsat.com/programming/beta-testing,website test مختبر موقع الكترونية,https://khamsat.com/programming/beta-testing/2167584-website-test-%D9%85%D8%AE%D8%AA%D8%A8%D8%B1-%D9%85%D9%88%D9%82%D8%B9-%D8%A7%D9%84%D9%83%D8%AA%D8%B1%D9%88%D9%86%D9%8A%D8%A9,5.0,2,10 دقائق,2,0,$5.00,يوم واحد,2,4,110.0,.Mazen M,https://khamsat.com/user/mazen_mousa,True,بائع جديد,5.0,2,87.5%,3,2,10 دقائق
برمجة وتطوير,https://khamsat.com/programming,اختبارات تجريبية,https://khamsat.com/programming/beta-testing,كتابة Test plan لموقعك أو تطبيقك.,https://khamsat.com/programming/beta-testing/2191578-%D9%83%D8%AA%D8%A7%D8%A8%D8%A9-test-plan-%D9%84%D9%85%D9%88%D9%82%D8%B9%D9%83-%D8%A3%D9%88-%D8%AA%D8%B7%D8%A8%D9%8A%D9%82%D9%83,5.0,1,12 ساعة,1,0,$10.00,أربعة أيام,1,0,0.0,محمد ا.,https://khamsat.com/user/mohammedmadani,True,بائع نشيط,5.0,10,97.87%,5,10,10 ساعات
برمجة وتطوير,https://khamsat.com/programming,اختبارات تجريبية,https://khamsat.com/programming/beta-testing,عمل اختبار للموقع باستخدام لغه جافا سلينيوم,https://khamsat.com/programming/beta-testing/2824287-%D8%B9%D9%85%D9%84-%D8%A7%D8%AE%D8%AA%D8%A8%D8%A7%D8%B1-%D9%84%D9%84%D9%85%D9%88%D9%82%D8%B9-%D8%A8%D8%A7%D8%B3%D8%AA%D8%AE%D8%AF%D8%A7%D9%85-%D9%84%D8%BA%D9%87-%D8%AC%D8%A7%D9%81%D8%A7-%D8%B3%D9%84%D9%8A%D9%86%D9%8A%D9%88%D9%85,5.0,1,3 دقائق,1,0,$10.00,يومين,1,0,0.0,عبدالله ن.,https://khamsat.com/user/abdallanabiel,True,بائع جديد,5.0,1,66.67%,2,1,3 دقائق
برمجة وتطوير,https://khamsat.com/programming,اختبارات تجريبية,https://khamsat.com/programming/beta-testing,كتابه حالات اختبار و عمل اختبار يدوى,https://khamsat.com/programming/beta-testing/2855662-%D9%83%D8%AA%D8%A7%D8%A8%D9%87-%D8%AD%D8%A7%D9%84%D8%A7%D8%AA-%D8%A7%D8%AE%D8%AA%D8%A8%D8%A7%D8%B1-%D9%88-%D8%B9%D9%85%D9%84-%D8%A7%D8%AE%D8%AA%D8%A8%D8%A7%D8%B1-%D9%8A%D8%AF%D9%88%D9%89,0.0,0,لم يحسب,1,0,$10.00,يومين,0,0,0.0,عبدالله ن.,https://khamsat.com/user/abdallanabiel,True,بائع جديد,5.0,1,66.67%,2,1,3 دقائق
برمجة وتطوير,https://khamsat.com/programming,اختبارات تجريبية,https://khamsat.com/programming/beta-testing,Testing اختبار كامل لموقعك او تطبيقك,https://khamsat.com/programming/beta-testing/1597022-testing-%D8%A7%D8%AE%D8%AA%D8%A8%D8%A7%D8%B1-%D9%83%D8%A7%D9%85%D9%84-%D9%84%D9%85%D9%88%D9%82%D8%B9%D9%83-%D8%A7%D9%88-%D8%AA%D8%B7%D8%A8%D9%8A%D9%82%D9%83,5.0,8,3 ساعات,12,0,$5.00,ثلاثة أيام,8,2,50.0,ميس س.,https://khamsat.com/user/mais_gh_saad,True,بائع مميز,4.5,43,94.12%,8,83,4 ساعات
برمجة وتطوير,https://khamsat.com/programming,اختبارات تجريبية,https://khamsat.com/programming/beta-testing,خدمة الاختبار المغلق للتطبيقات,https://khamsat.com/programming/beta-testing/2998968-%D8%AE%D8%AF%D9%85%D8%A9-%D8%A7%D9%84%D8%A7%D8%AE%D8%AA%D8%A8%D8%A7%D8%B1-%D8%A7%D9%84%D9%85%D8%BA%D9%84%D9%82-%D9%84%D9%84%D8%AA%D8%B7%D8%A8%D9%8A%D9%82%D8%A7%D8%AA,5.0,6,6 ساعات,9,3,$20.00,أسبوعين,6,0,0.0,.Toufik B,https://khamsat.com/user/%D8%AA%D9%88%D9%81%D9%8A%D9%82-%D8%A8%D8%B1%D9%88%D9%8A%D8%B4%D9%8A,True,بائع نشيط,5.0,7,54.17%,5,10,ساعة
برمجة وتطوير,https://khamsat.com/programming,اختبارات تجريبية,https://khamsat.com/programming/beta-testing,سوف افحص لك موقعك من الثغرات الامنيه وجعله امن ضد الهجمات,https://khamsat.com/programming/beta-testing/2531826-%D8%B3%D9%88%D9%81-%D8%A7%D9%81%D8%AD%D8%B5-%D9%84%D9%83-%D9%85%D9%88%D9%82%D8%B9%D9%83-%D9%85%D9%86-%D8%A7%D9%84%D8%AB%D8%BA%D8%B1%D8%A7%D8%AA-%D8%A7%D9%84%D8%A7%D9%85%D9%86%D9%8A%D9%87-%D9%88%D8%AC%D8%B9%D9%84%D9%87-%D8%A7%D9%85%D9%86-%D8%B6%D8%AF-%D8%A7%D9%84%D9%87%D8%AC%D9%85%D8%A7%D8%AA,5.0,2,10 ساعات,2,0,$5.00,ثلاثة أيام,2,0,0.0,عباده د.,https://khamsat.com/user/ll_obada,True,بائع جديد,5.0,2,87.5%,3,2,10 ساعات
برمجة وتطوير,https://khamsat.com/programming,اختبارات تجريبية,https://khamsat.com/programming/beta-testing,اختبار المواقع والتطبيقات,https://khamsat.com/programming/beta-testing/3035701-%D8%A7%D8%AE%D8%AA%D8%A8%D8%A7%D8%B1-%D8%A7%D9%84%D9%85%D9%88%D8%A7%D9%82%D8%B9-%D9%88%D8%A7%D9%84%D8%AA%D8%B7%D8%A8%D9%8A%D9%82%D8%A7%D8%AA,0.0,0,لم يحسب,0,0,$5.00,يوم واحد,0,0,0.0,.Mohamed A,https://khamsat.com/user/mohamedabdelatyy12,True,بائع جديد,0.0,0,لم يحسب بعد,1,0,لم يحسب
برمجة وتطوير,https://khamsat.com/programming,اختبارات تجريبية,https://khamsat.com/programming/beta-testing,اختبار برمجيات شامل - يدوي وآلي باستخدام Selenium وCucumber,https://khamsat.com/programming/beta-testing/3024290-%D8%A7%D8%AE%D8%AA%D8%A8%D8%A7%D8%B1-%D8%A8%D8%B1%D9%85%D8%AC%D9%8A%D8%A7%D8%AA-%D8%B4%D8%A7%D9%85%D9%84-%D9%8A%D8%AF%D9%88%D9%8A-%D9%88%D8%A2%D9%84%D9%8A-%D8%A8%D8%A7%D8%B3%D8%AA%D8%AE%D8%AF%D8%A7%D9%85-selenium-%D9%88cucumber,0.0,0,لم يحسب,0,0,$5.00,يوم واحد,0,3,25.0,.Mark M,https://khamsat.com/user/eng_mark,False,بائع جديد,0.0,0,لم يحسب بعد,2,0,لم يحسب
برمجة وتطوير,https://khamsat.com/programming,اختبارات تجريبية,https://khamsat.com/programming/beta-testing,ضبط الجودة للمواقع والتطبيقات,https://khamsat.com/programming/beta-testing/3019196-%D8%B6%D8%A8%D8%B7-%D8%A7%D9%84%D8%AC%D9%88%D8%AF%D8%A9-%D9%84%D9%84%D9%85%D9%88%D8%A7%D9%82%D8%B9-%D9%88%D8%A7%D9%84%D8%AA%D8%B7%D8%A8%D9%8A%D9%82%D8%A7%D8%AA,0.0,0,لم يحسب,0,0,$10.00,يوم واحد,0,2,20.0,.Wesam D,https://khamsat.com/user/wdaqqaq,True,بائع جديد,0.0,0,لم يحسب بعد,3,0,3 ساعات
برمجة وتطوير,https://khamsat.com/programming,اختبارات تجريبية,https://khamsat.com/programming/beta-testing,اختبار البرمجيات اختبار صفحات الويب,https://khamsat.com/programming/beta-testing/3044040-%D8%A7%D8%AE%D8%AA%D8%A8%D8%A7%D8%B1-%D8%A7%D9%84%D8%A8%D8%B1%D9%85%D8%AC%D9%8A%D8%A7%D8%AA-%D8%A7%D8%AE%D8%AA%D8%A8%D8%A7%D8%B1-%D8%B5%D9%81%D8%AD%D8%A7%D8%AA-%D8%A7%D9%84%D9%88%D9%8A%D8%A8,0.0,0,لم يحسب,0,0,$10.00,يومين,0,2,35.0,.Amr S,https://khamsat.com/user/amr_saber_fathy,True,بائع جديد,0.0,0,لم يحسب بعد,1,0,لم يحسب
برمجة وتطوير,https://khamsat.com/programming,اختبارات تجريبية,https://khamsat.com/programming/beta-testing,الاختبار المغلق للتطبيقات,https://khamsat.com/programming/beta-testing/3054078-%D8%A7%D9%84%D8%A7%D8%AE%D8%AA%D8%A8%D8%A7%D8%B1-%D8%A7%D9%84%D9%85%D8%BA%D9%84%D9%82-%D9%84%D9%84%D8%AA%D8%B7%D8%A8%D9%8A%D9%82%D8%A7%D8%AA,0.0,0,لم يحسب,0,0,$5.00,يومين,0,0,0.0,محمد ش.,https://khamsat.com/user/mohmed_shipet,False,بائع جديد,0.0,0,لم يحسب بعد,1,0,لم يحسب
برمجة وتطوير,https://khamsat.com/programming,اختبارات تجريبية,https://khamsat.com/programming/beta-testing,ضبط جودة البرمجيات: اكتشف الأخطاء وحسّن أداء تطبيقك,https://khamsat.com/programming/beta-testing/3050976-%D8%B6%D8%A8%D8%B7-%D8%AC%D9%88%D8%AF%D8%A9-%D8%A7%D9%84%D8%A8%D8%B1%D9%85%D8%AC%D9%8A%D8%A7%D8%AA-%D8%A7%D9%83%D8%AA%D8%B4%D9%81-%D8%A7%D9%84%D8%A3%D8%AE%D8%B7%D8%A7%D8%A1-%D9%88%D8%AD%D8%B3%D9%86-%D8%A3%D8%AF%D8%A7%D8%A1-%D8%AA%D8%B7%D8%A8%D9%8A%D9%82%D9%83,0.0,0,لم يحسب,0,0,$10.00,يومين,0,2,25.0,.Veronica M,https://khamsat.com/user/veronica_melad,True,بائع جديد,0.0,0,لم يحسب بعد,1,0,لم يحسب
برمجة وتطوير,https://khamsat.com/programming,اختبارات تجريبية,https://khamsat.com/programming/beta-testing,اكتشف جميع أخطاء موقعك او تطبيقك الآن,https://khamsat.com/programming/beta-testing/3042958-%D8%A7%D9%83%D8%AA%D8%B4%D9%81-%D8%AC%D9%85%D9%8A%D8%B9-%D8%A3%D8%AE%D8%B7%D8%A7%D8%A1-%D9%85%D9%88%D9%82%D8%B9%D9%83-%D8%A7%D9%88-%D8%AA%D8%B7%D8%A8%D9%8A%D9%82%D9%83-%D8%A7%D9%84%D8%A2%D9%86,0.0,0,لم يحسب,0,0,$10.00,يومين,0,5,295.0,.Mohamed D,https://khamsat.com/user/mohamedderbala007,False,بائع جديد,0.0,0,لم يحسب بعد,2,0,لم يحسب
برمجة وتطوير,https://khamsat.com/programming,اختبارات تجريبية,https://khamsat.com/programming/beta-testing,اختبار شامل لواجهات المواقع الإلكترونية وتحليل الجودة,https://khamsat.com/programming/beta-testing/3046028-%D8%A7%D8%AE%D8%AA%D8%A8%D8%A7%D8%B1-%D8%B4%D8%A7%D9%85%D9%84-%D9%84%D9%88%D8%A7%D8%AC%D9%87%D8%A7%D8%AA-%D8%A7%D9%84%D9%85%D9%88%D8%A7%D9%82%D8%B9-%D8%A7%D9%84%D8%A5%D9%84%D9%83%D8%AA%D8%B1%D9%88%D9%86%D9%8A%D8%A9-%D9%88%D8%AA%D8%AD%D9%84%D9%8A%D9%84-%D8%A7%D9%84%D8%AC%D9%88%D8%AF%D8%A9,0.0,0,لم يحسب,0,0,$5.00,ثلاثة أيام,0,0,0.0,.Hosam E,https://khamsat.com/user/hosashraf,False,بائع جديد,0.0,0,لم يحسب بعد,1,0,لم يحسب
برمجة وتطوير,https://khamsat.com/programming,اختبارات تجريبية,https://khamsat.com/programming/beta-testing,إختبار جودة البرمجيات (تطبيقات الجوال و المواقع),https://khamsat.com/programming/beta-testing/3035675-%D8%A5%D8%AE%D8%AA%D8%A8%D8%A7%D8%B1-%D8%AC%D9%88%D8%AF%D8%A9-%D8%A7%D9%84%D8%A8%D8%B1%D9%85%D8%AC%D9%8A%D8%A7%D8%AA-%D8%AA%D8%B7%D8%A8%D9%8A%D9%82%D8%A7%D8%AA-%D8%A7%D9%84%D8%AC%D9%88%D8%A7%D9%84-%D9%88-%D8%A7%D9%84%D9%85%D9%88%D8%A7%D9%82%D8%B9,0.0,0,لم يحسب,0,0,$5.00,يومين,0,1,5.0,عبدالله ا.,https://khamsat.com/user/abdullahms25,False,بائع جديد,0.0,0,لم يحسب بعد,1,0,لم يحسب
برمجة وتطوير,https://khamsat.com/programming,اختبارات تجريبية,https://khamsat.com/programming/beta-testing,أرسل لك تقرير كامل عن موقعك أو متجرك بالحلول,https://khamsat.com/programming/beta-testing/2074757-%D8%A3%D8%B1%D8%B3%D9%84-%D9%84%D9%83-%D8%AA%D9%82%D8%B1%D9%8A%D8%B1-%D9%83%D8%A7%D9%85%D9%84-%D8%B9%D9%86-%D9%85%D9%88%D9%82%D8%B9%D9%83-%D8%A3%D9%88-%D9%85%D8%AA%D8%AC%D8%B1%D9%83-%D8%A8%D8%A7%D9%84%D8%AD%D9%84%D9%88%D9%84,0.0,0,لم يحسب,0,0,$15.00,يوم واحد,0,2,30.0,.Najeeb A,https://khamsat.com/user/najeeb-al-haddad,True,بائع مميز,5.0,74,88.46%,14,80,11 ساعة
برمجة وتطوير,https://khamsat.com/programming,اختبارات تجريبية,https://khamsat.com/programming/beta-testing,QA-test- اختبار فحص تجربة مواقع,https://khamsat.com/programming/beta-testing/2252897-qa-test-%D8%A7%D8%AE%D8%AA%D8%A8%D8%A7%D8%B1-%D9%81%D8%AD%D8%B5-%D8%AA%D8%AC%D8%B1%D8%A8%D8%A9-%D9%85%D9%88%D8%A7%D9%82%D8%B9,0.0,0,8 ساعات,0,0,$5.00,أسبوع,0,0,0.0,.Rawa A,https://khamsat.com/user/rawa_abdelhadi,False,بائع جديد,0.0,0,لم يحسب بعد,1,0,16 ساعة
برمجة وتطوير,https://khamsat.com/programming,اختبارات تجريبية,https://khamsat.com/programming/beta-testing,عمل اختبار للموقع او الابلكيشن للصفحتيتن,https://khamsat.com/programming/beta-testing/3037849-%D8%B9%D9%85%D9%84-%D8%A7%D8%AE%D8%AA%D8%A8%D8%A7%D8%B1-%D9%84%D9%84%D9%85%D9%88%D9%82%D8%B9-%D8%A7%D9%88-%D8%A7%D9%84%D8%A7%D8%A8%D9%84%D9%83%D9%8A%D8%B4%D9%86-%D9%84%D9%84%D8%B5%D9%81%D8%AD%D8%AA%D9%8A%D8%AA%D9%86,0.0,0,لم يحسب,0,0,$5.00,يومين,0,0,0.0,.Salma Y,https://khamsat.com/user/salmaaayehiaaa,False,بائع جديد,0.0,0,لم يحسب بعد,1,0,لم يحسب
برمجة وتطوير,https://khamsat.com/programming,اختبارات تجريبية,https://khamsat.com/programming/beta-testing,اختبار المواقع والتطبيقات من المشاكل Software tester,https://khamsat.com/programming/beta-testing/2998258-%D8%A7%D8%AE%D8%AA%D8%A8%D8%A7%D8%B1-%D8%A7%D9%84%D9%85%D9%88%D8%A7%D9%82%D8%B9-%D9%88%D8%A7%D9%84%D8%AA%D8%B7%D8%A8%D9%8A%D9%82%D8%A7%D8%AA-%D9%85%D9%86-%D8%A7%D9%84%D9%85%D8%B4%D8%A7%D9%83%D9%84-software-tester,0.0,0,لم يحسب,0,0,$10.00,يومين,0,0,0.0,.Asmma K,https://khamsat.com/user/asmaa002,False,بائع جديد,0.0,0,لم يحسب بعد,1,0,لم يحسب
برمجة وتطوير,https://khamsat.com/programming,اختبارات تجريبية,https://khamsat.com/programming/beta-testing,اجراء اختبارات مواقع والتطبيقات من المشاكل Software Tester,https://khamsat.com/programming/beta-testing/3043940-%D8%A7%D8%AC%D8%B1%D8%A7%D8%A1-%D8%A7%D8%AE%D8%AA%D8%A8%D8%A7%D8%B1%D8%A7%D8%AA-%D9%85%D9%88%D8%A7%D9%82%D8%B9-%D9%88%D8%A7%D9%84%D8%AA%D8%B7%D8%A8%D9%8A%D9%82%D8%A7%D8%AA-%D9%85%D9%86-%D8%A7%D9%84%D9%85%D8%B4%D8%A7%D9%83%D9%84-software-tester,0.0,0,لم يحسب,0,0,$5.00,يوم واحد,0,0,0.0,.Hussein B,https://khamsat.com/user/husseinbakr98,False,بائع جديد,0.0,0,لم يحسب بعد,1,0,لم يحسب
برمجة وتطوير,https://khamsat.com/programming,اختبارات تجريبية,https://khamsat.com/programming/beta-testing,"تتبيت, وإصلاح المشاكل codecanyon scripts",https://khamsat.com/programming/beta-testing/2572868-%D8%AA%D8%AA%D8%A8%D9%8A%D8%AA-%D9%88%D8%A5%D8%B5%D9%84%D8%A7%D8%AD-%D8%A7%D9%84%D9%85%D8%B4%D8%A7%D9%83%D9%84-codecanyon-scripts,0.0,0,19 دقيقة,0,0,$10.00,يوم واحد,0,0,0.0,.Hamid B,https://khamsat.com/user/bensarghin,False,بائع جديد,0.0,0,لم يحسب بعد,5,0,ساعتين
برمجة وتطوير,https://khamsat.com/programming,اختبارات تجريبية,https://khamsat.com/programming/beta-testing,اكتشاف ثغرات واخطاء البرمجية في التطبيقات بشكل اخترافي,https://khamsat.com/programming/beta-testing/2875534-%D8%A7%D9%83%D8%AA%D8%B4%D8%A7%D9%81-%D8%AB%D8%BA%D8%B1%D8%A7%D8%AA-%D9%88%D8%A7%D8%AE%D8%B7%D8%A7%D8%A1-%D8%A7%D9%84%D8%A8%D8%B1%D9%85%D8%AC%D9%8A%D8%A9-%D9%81%D9%8A-%D8%A7%D9%84%D8%AA%D8%B7%D8%A8%D9%8A%D9%82%D8%A7%D8%AA-%D8%A8%D8%B4%D9%83%D9%84-%D8%A7%D8%AE%D8%AA%D8%B1%D8%A7%D9%81%D9%8A,0.0,0,لم يحسب,0,0,$5.00,يوم واحد,0,2,10.0,.Rami H,https://khamsat.com/user/dft_xe6,False,بائع جديد,0.0,0,0.0%,2,0,ساعة
برمجة وتطوير,https://khamsat.com/programming,اختبارات تجريبية,https://khamsat.com/programming/beta-testing,عمل اختبار لموقع او ل موبيل ابليكيشن,https://khamsat.com/programming/beta-testing/3022799-%D8%B9%D9%85%D9%84-%D8%A7%D8%AE%D8%AA%D8%A8%D8%A7%D8%B1-%D9%84%D9%85%D9%88%D9%82%D8%B9-%D8%A7%D9%88-%D9%84-%D9%85%D9%88%D8%A8%D9%8A%D9%84-%D8%A7%D8%A8%D9%84%D9%8A%D9%83%D9%8A%D8%B4%D9%86,0.0,0,لم يحسب,0,0,$5.00,يوم واحد,0,0,0.0,خالد ا.,https://khamsat.com/user/khaledeletriby,True,بائع جديد,0.0,0,لم يحسب بعد,3,0,لم يحسب
برمجة وتطوير,https://khamsat.com/programming,اختبارات تجريبية,https://khamsat.com/programming/beta-testing,إنشاء شبكات و داتا سنتر وهمية للتدريب عليها للطلاب و غيرهم,https://khamsat.com/programming/beta-testing/2658576-%D8%A5%D9%86%D8%B4%D8%A7%D8%A1-%D8%B4%D8%A8%D9%83%D8%A7%D8%AA-%D9%88-%D8%AF%D8%A7%D8%AA%D8%A7-%D8%B3%D9%86%D8%AA%D8%B1-%D9%88%D9%87%D9%85%D9%8A%D8%A9-%D9%84%D9%84%D8%AA%D8%AF%D8%B1%D9%8A%D8%A8-%D8%B9%D9%84%D9%8A%D9%87%D8%A7-%D9%84%D9%84%D8%B7%D9%84%D8%A7%D8%A8-%D9%88-%D8%BA%D9%8A%D8%B1%D9%87%D9%85,0.0,0,لم يحسب,0,0,$25.00,يومين,0,1,15.0,.Mohamed E,https://khamsat.com/user/mohamedusama50,True,بائع نشيط,4.5,6,87.5%,6,7,23 ساعة
برمجة وتطوير,https://khamsat.com/programming,اختبارات تجريبية,https://khamsat.com/programming/beta-testing,فحص واختبار testing كامل لأي موقع أو نظام,https://khamsat.com/programming/beta-testing/2302706-%D9%81%D8%AD%D8%B5-%D9%88%D8%A7%D8%AE%D8%AA%D8%A8%D8%A7%D8%B1-testing-%D9%83%D8%A7%D9%85%D9%84-%D9%84%D8%A3%D9%8A-%D9%85%D9%88%D9%82%D8%B9-%D8%A3%D9%88-%D9%86%D8%B8%D8%A7%D9%85,5.0,1,3 ساعات,1,0,$5.00,يوم واحد,1,1,100.0,آية ا.,https://khamsat.com/user/aya_almahrous,True,بائع نشيط,5.0,16,80.33%,4,19,11 ساعة
برمجة وتطوير,https://khamsat.com/programming,إنشاء موقع ووردبريس,https://khamsat.com/programming/wordpress-website-creation,تصميم صفحات الموقع بإستخدام Elementor Pro,https://khamsat.com/programming/wordpress-website-creation/2389225-%D8%AA%D8%B5%D9%85%D9%8A%D9%85-%D8%B5%D9%81%D8%AD%D8%A7%D8%AA-%D8%A7%D9%84%D9%85%D9%88%D9%82%D8%B9-%D8%A8%D8%A5%D8%B3%D8%AA%D8%AE%D8%AF%D8%A7%D9%85-elementor-pro,5.0,11,12 دقيقة,14,0,$5.00,يومين,11,5,410.0,.Mohamed H,https://khamsat.com/user/mh226,True,بائع مميز,5.0,174,91.93%,25,135,ساعة
برمجة وتطوير,https://khamsat.com/programming,إنشاء موقع ووردبريس,https://khamsat.com/programming/wordpress-website-creation,تصميم وتطوير موقع ووردبريس WordPress احترافي,https://khamsat.com/programming/wordpress-website-creation/2115365-%D8%AA%D8%B5%D9%85%D9%8A%D9%85-%D9%88%D8%AA%D8%B7%D9%88%D9%8A%D8%B1-%D9%85%D9%88%D9%82%D8%B9-%D9%88%D9%88%D8%B1%D8%AF%D8%A8%D8%B1%D9%8A%D8%B3-wordpress-%D8%A7%D8%AD%D8%AA%D8%B1%D8%A7%D9%81%D9%8A,5.0,28,يوم,31,0,$15.00,أربعة أيام,25,5,515.0,أحمد ش.,https://khamsat.com/user/ahmedchakir,True,بائع مميز,5.0,145,94.32%,1,178,8 ساعات
برمجة وتطوير,https://khamsat.com/programming,إنشاء موقع ووردبريس,https://khamsat.com/programming/wordpress-website-creation,انشاء مواقع ووردبريس WordPress باحترافية,https://khamsat.com/programming/wordpress-website-creation/2870272-%D8%A7%D9%86%D8%B4%D8%A7%D8%A1-%D9%85%D9%88%D8%A7%D9%82%D8%B9-%D9%88%D9%88%D8%B1%D8%AF%D8%A8%D8%B1%D9%8A%D8%B3-wordpress-%D8%A8%D8%A7%D8%AD%D8%AA%D8%B1%D8%A7%D9%81%D9%8A%D8%A9,5.0,9,6 دقائق,9,0,$5.00,يوم واحد,9,5,175.0,.Khaled M,https://khamsat.com/user/khaled2711,True,بائع نشيط,5.0,15,100.0%,2,18,5 ساعات
برمجة وتطوير,https://khamsat.com/programming,إنشاء موقع ووردبريس,https://khamsat.com/programming/wordpress-website-creation,تصميم موقع ووردبريس (شركة - متجر - مؤسسة - شخصي - مطعم - منص,https://khamsat.com/programming/wordpress-website-creation/2689956-%D8%AA%D8%B5%D9%85%D9%8A%D9%85-%D9%85%D9%88%D9%82%D8%B9-%D9%88%D9%88%D8%B1%D8%AF%D8%A8%D8%B1%D9%8A%D8%B3-%D8%B4%D8%B1%D9%83%D8%A9-%D9%85%D8%AA%D8%AC%D8%B1-%D9%85%D8%A4%D8%B3%D8%B3%D8%A9-%D8%B4%D8%AE%D8%B5%D9%8A-%D9%85%D8%B7%D8%B9%D9%85-%D9%85%D9%86%D8%B5,5.0,25,7 ساعات,30,0,$25.00,يوم واحد,25,5,440.0,.Basem M,https://khamsat.com/user/3salya,True,بائع مميز,5.0,49,76.43%,3,52,7 ساعات
برمجة وتطوير,https://khamsat.com/programming,إنشاء موقع ووردبريس,https://khamsat.com/programming/wordpress-website-creation,تصميم وبرمجة موقع تعريفي بتنسيقات ووردبرس ومميزات اليمنتور,https://khamsat.com/programming/wordpress-website-creation/2581728-%D8%AA%D8%B5%D9%85%D9%8A%D9%85-%D9%88%D8%A8%D8%B1%D9%85%D8%AC%D8%A9-%D9%85%D9%88%D9%82%D8%B9-%D8%AA%D8%B9%D8%B1%D9%8A%D9%81%D9%8A-%D8%A8%D8%AA%D9%86%D8%B3%D9%8A%D9%82%D8%A7%D8%AA-%D9%88%D9%88%D8%B1%D8%AF%D8%A8%D8%B1%D8%B3-%D9%88%D9%85%D9%85%D9%8A%D8%B2%D8%A7%D8%AA-%D8%A7%D9%84%D9%8A%D9%85%D9%86%D8%AA%D9%88%D8%B1,5.0,5,41 دقيقة,6,0,$25.00,أربعة أيام,5,4,350.0,عامر أ.,https://khamsat.com/user/palgooal,True,بائع نشيط,5.0,16,92.68%,6,13,ساعتين
برمجة وتطوير,https://khamsat.com/programming,إنشاء موقع ووردبريس,https://khamsat.com/programming/wordpress-website-creation,تصميم وتطوير مواقع ووردبريس,https://khamsat.com/programming/wordpress-website-creation/2961904-%D8%AA%D8%B5%D9%85%D9%8A%D9%85-%D9%88%D8%AA%D8%B7%D9%88%D9%8A%D8%B1-%D9%85%D9%88%D8%A7%D9%82%D8%B9-%D9%88%D9%88%D8%B1%D8%AF%D8%A8%D8%B1%D9%8A%D8%B3,5.0,8,21 دقيقة,9,1,$10.00,يوم واحد,8,5,105.0,مايكل ص.,https://khamsat.com/user/micheal_sobhy,True,بائع مميز,5.0,48,100.0%,7,48,16 دقيقة
برمجة وتطوير,https://khamsat.com/programming,إنشاء موقع ووردبريس,https://khamsat.com/programming/wordpress-website-creation,إنشاء موقع ووردبرس عالي الجودة و متجاوب مع جميع الشاشات,https://khamsat.com/programming/wordpress-website-creation/1450926-%D8%A5%D9%86%D8%B4%D8%A7%D8%A1-%D9%85%D9%88%D9%82%D8%B9-%D9%88%D9%88%D8%B1%D8%AF%D8%A8%D8%B1%D8%B3-%D8%B9%D8%A7%D9%84%D9%8A-%D8%A7%D9%84%D8%AC%D9%88%D8%AF%D8%A9-%D9%88-%D9%85%D8%AA%D8%AC%D8%A7%D9%88%D8%A8-%D9%85%D8%B9-%D8%AC%D9%85%D9%8A%D8%B9-%D8%A7%D9%84%D8%B4%D8%A7%D8%B4%D8%A7%D8%AA,5.0,63,ساعتين,76,0,$50.00,ثلاثة أيام,25,4,425.0,عبد المعز ت.,https://khamsat.com/user/%D8%B9%D8%A8%D8%AF-%D8%A7%D9%84%D9%85%D8%B9%D8%B2-%D8%AA%D8%A7%D9%88%D9%84%D9%88,True,بائع مميز,5.0,156,87.2%,4,163,4 ساعات
برمجة وتطوير,https://khamsat.com/programming,إنشاء موقع ووردبريس,https://khamsat.com/programming/wordpress-website-creation,سأقوم بإنشاء موقع الكتروني بقالب احترافي على ووردبريس,https://khamsat.com/programming/wordpress-website-creation/2471169-%D8%B3%D8%A3%D9%82%D9%88%D9%85-%D8%A8%D8%A5%D9%86%D8%B4%D8%A7%D8%A1-%D9%85%D9%88%D9%82%D8%B9-%D8%A7%D9%84%D9%83%D8%AA%D8%B1%D9%88%D9%86%D9%8A-%D8%A8%D9%82%D8%A7%D9%84%D8%A8-%D8%A7%D8%AD%D8%AA%D8%B1%D8%A7%D9%81%D9%8A-%D8%B9%D9%84%D9%89-%D9%88%D9%88%D8%B1%D8%AF%D8%A8%D8%B1%D9%8A%D8%B3,5.0,69,يوم,79,0,$10.00,يوم واحد,25,5,400.0,محفوظ ب.,https://khamsat.com/user/mahfo_oud,True,بائع مميز,5.0,96,97.12%,2,93,7 ساعات
برمجة وتطوير,https://khamsat.com/programming,إنشاء موقع ووردبريس,https://khamsat.com/programming/wordpress-website-creation,تصميم أو بناء اي موقع على الوردبريس باستخدام Elementor,https://khamsat.com/programming/wordpress-website-creation/1947899-%D8%AA%D8%B5%D9%85%D9%8A%D9%85-%D8%A3%D9%88-%D8%A8%D9%86%D8%A7%D8%A1-%D8%A7%D9%8A-%D9%85%D9%88%D9%82%D8%B9-%D8%B9%D9%84%D9%89-%D8%A7%D9%84%D9%88%D8%B1%D8%AF%D8%A8%D8%B1%D9%8A%D8%B3-%D8%A8%D8%A7%D8%B3%D8%AA%D8%AE%D8%AF%D8%A7%D9%85-elementor,4.5,10,27 دقيقة,11,0,$10.00,يوم واحد,10,5,80.0,.Ismail H,https://khamsat.com/user/%D8%A5%D8%B3%D9%85%D8%A7%D8%B9%D9%8A%D9%84-%D8%A7%D9%84%D8%A7%D8%B3%D8%B7%D9%84,True,بائع مميز,4.5,18,79.41%,1,22,3 ساعات
برمجة وتطوير,https://khamsat.com/programming,إنشاء موقع ووردبريس,https://khamsat.com/programming/wordpress-website-creation,برمجة و تصميم landing page صفحات هبوط,https://khamsat.com/programming/wordpress-website-creation/2101274-%D8%A8%D8%B1%D9%85%D8%AC%D8%A9-%D9%88-%D8%AA%D8%B5%D9%85%D9%8A%D9%85-landing-page-%D8%B5%D9%81%D8%AD%D8%A7%D8%AA-%D9%87%D8%A8%D9%88%D8%B7,5.0,8,21 ساعة,10,0,$10.00,يومين,8,3,30.0,سمر س.,https://khamsat.com/user/samardiab,True,بائع مميز,5.0,26,84.31%,4,22,9 ساعات
برمجة وتطوير,https://khamsat.com/programming,إنشاء موقع ووردبريس,https://khamsat.com/programming/wordpress-website-creation,انشاء موقع وردبريس احترافي,https://khamsat.com/programming/wordpress-website-creation/2254270-%D8%A7%D9%86%D8%B4%D8%A7%D8%A1-%D9%85%D9%88%D9%82%D8%B9-%D9%88%D8%B1%D8%AF%D8%A8%D8%B1%D9%8A%D8%B3-%D8%A7%D8%AD%D8%AA%D8%B1%D8%A7%D9%81%D9%8A,4.5,48,يوم,63,0,$25.00,يوم واحد,25,5,425.0,محمود ا.,https://khamsat.com/user/elmashtouly,True,بائع مميز,4.5,52,89.92%,3,66,10 ساعات
برمجة وتطوير,https://khamsat.com/programming,إنشاء موقع ووردبريس,https://khamsat.com/programming/wordpress-website-creation,تصميم موقع ووردبريس WordPress باحترافية,https://khamsat.com/programming/wordpress-website-creation/2340335-%D8%AA%D8%B5%D9%85%D9%8A%D9%85-%D9%85%D9%88%D9%82%D8%B9-%D9%88%D9%88%D8%B1%D8%AF%D8%A8%D8%B1%D9%8A%D8%B3-wordpress-%D8%A8%D8%A7%D8%AD%D8%AA%D8%B1%D8%A7%D9%81%D9%8A%D8%A9,4.5,77,يوم,75,1,$10.00,يوم واحد,25,5,275.0,دنيا م.,https://khamsat.com/user/donia_shehata,True,بائع مميز,4.5,77,85.59%,1,75,يوم
برمجة وتطوير,https://khamsat.com/programming,إنشاء موقع ووردبريس,https://khamsat.com/programming/wordpress-website-creation,سأقوم بتصميم موقع إلكتروني جذاب وعصري لعلامتك التجارية,https://khamsat.com/programming/wordpress-website-creation/2925774-%D8%B3%D8%A3%D9%82%D9%88%D9%85-%D8%A8%D8%AA%D8%B5%D9%85%D9%8A%D9%85-%D9%85%D9%88%D9%82%D8%B9-%D8%A5%D9%84%D9%83%D8%AA%D8%B1%D9%88%D9%86%D9%8A-%D8%AC%D8%B0%D8%A7%D8%A8-%D9%88%D8%B9%D8%B5%D8%B1%D9%8A-%D9%84%D8%B9%D9%84%D8%A7%D9%85%D8%AA%D9%83-%D8%A7%D9%84%D8%AA%D8%AC%D8%A7%D8%B1%D9%8A%D8%A9,5.0,5,5 ساعات,7,1,$5.00,يومين,5,4,75.0,.Oussama B,https://khamsat.com/user/oussama_web13,True,بائع نشيط,5.0,8,90.91%,4,11,5 ساعات
برمجة وتطوير,https://khamsat.com/programming,إنشاء موقع ووردبريس,https://khamsat.com/programming/wordpress-website-creation,تصميم مواقع و متاجر ووردبريس,https://khamsat.com/programming/wordpress-website-creation/1971610-%D8%AA%D8%B5%D9%85%D9%8A%D9%85-%D9%85%D9%88%D8%A7%D9%82%D8%B9-%D9%88-%D9%85%D8%AA%D8%A7%D8%AC%D8%B1-%D9%88%D9%88%D8%B1%D8%AF%D8%A8%D8%B1%D9%8A%D8%B3,5.0,15,3 ساعات,17,0,$10.00,يوم واحد,15,2,150.0,محمد أ.,https://khamsat.com/user/moshabab_21,True,بائع مميز,5.0,27,86.67%,7,23,6 ساعات
برمجة وتطوير,https://khamsat.com/programming,إنشاء موقع ووردبريس,https://khamsat.com/programming/wordpress-website-creation,تطوير وتصميم موقع ووردبريس احترافي,https://khamsat.com/programming/wordpress-website-creation/2931792-%D8%AA%D8%B7%D9%88%D9%8A%D8%B1-%D9%88%D8%AA%D8%B5%D9%85%D9%8A%D9%85-%D9%85%D9%88%D9%82%D8%B9-%D9%88%D9%88%D8%B1%D8%AF%D8%A8%D8%B1%D9%8A%D8%B3-%D8%A7%D8%AD%D8%AA%D8%B1%D8%A7%D9%81%D9%8A,5.0,6,18 دقيقة,6,0,$5.00,يوم واحد,6,4,45.0,.Mahmoud N,https://khamsat.com/user/mahmoud_nour0802,True,بائع نشيط,5.0,11,93.75%,2,7,16 دقيقة
برمجة وتطوير,https://khamsat.com/programming,إنشاء موقع ووردبريس,https://khamsat.com/programming/wordpress-website-creation,تصميم موقع متفاعلة مع جميع الشاشات,https://khamsat.com/programming/wordpress-website-creation/1590707-%D8%AA%D8%B5%D9%85%D9%8A%D9%85-%D9%85%D9%88%D9%82%D8%B9-%D9%85%D8%AA%D9%81%D8%A7%D8%B9%D9%84%D8%A9-%D9%85%D8%B9-%D8%AC%D9%85%D9%8A%D8%B9-%D8%A7%D9%84%D8%B4%D8%A7%D8%B4%D8%A7%D8%AA,5.0,13,12 ساعة,16,0,$10.00,أسبوع,13,4,125.0,.Mahmoud S,https://khamsat.com/user/mr_egineer2030,True,بائع نشيط,5.0,15,97.06%,2,17,9 ساعات
برمجة وتطوير,https://khamsat.com/programming,إنشاء موقع ووردبريس,https://khamsat.com/programming/wordpress-website-creation,انشاء موقع ووردبريس WordPress,https://khamsat.com/programming/wordpress-website-creation/2930490-%D8%A7%D9%86%D8%B4%D8%A7%D8%A1-%D9%85%D9%88%D9%82%D8%B9-%D9%88%D9%88%D8%B1%D8%AF%D8%A8%D8%B1%D9%8A%D8%B3-wordpress,5.0,16,3 ساعات,17,0,$10.00,يومين,16,5,105.0,.Rabie M,https://khamsat.com/user/rabie_mahmoud,True,بائع نشيط,5.0,16,100.0%,1,17,3 ساعات
برمجة وتطوير,https://khamsat.com/programming,إنشاء موقع ووردبريس,https://khamsat.com/programming/wordpress-website-creation,برمجة مواقع الكترونية ووردبرس,https://khamsat.com/programming/wordpress-website-creation/3021120-%D8%A8%D8%B1%D9%85%D8%AC%D8%A9-%D9%85%D9%88%D8%A7%D9%82%D8%B9-%D8%A7%D9%84%D9%83%D8%AA%D8%B1%D9%88%D9%86%D9%8A%D8%A9-%D9%88%D9%88%D8%B1%D8%AF%D8%A8%D8%B1%D8%B3,5.0,3,4 ساعات,3,0,$20.00,ثلاثة أيام,3,1,45.0,.Nadir B,https://khamsat.com/user/over_dose,True,بائع نشيط,5.0,3,100.0%,2,3,4 ساعات
برمجة وتطوير,https://khamsat.com/programming,إنشاء موقع ووردبريس,https://khamsat.com/programming/wordpress-website-creation,بناء برنامج نشاط مؤسسي على الووردبريس,https://khamsat.com/programming/wordpress-website-creation/2410422-%D8%A8%D9%86%D8%A7%D8%A1-%D8%A8%D8%B1%D9%86%D8%A7%D9%85%D8%AC-%D9%86%D8%B4%D8%A7%D8%B7-%D9%85%D8%A4%D8%B3%D8%B3%D9%8A-%D8%B9%D9%84%D9%89-%D8%A7%D9%84%D9%88%D9%88%D8%B1%D8%AF%D8%A8%D8%B1%D9%8A%D8%B3,5.0,2,ساعة,2,0,$25.00,يومين,2,3,175.0,.Mohamed A,https://khamsat.com/user/theazab,True,بائع نشيط,5.0,13,100.0%,2,14,ساعتين
برمجة وتطوير,https://khamsat.com/programming,إنشاء موقع ووردبريس,https://khamsat.com/programming/wordpress-website-creation,إنشاء و تصميم متجر الكتروني وورد بريس,https://khamsat.com/programming/wordpress-website-creation/2866984-%D8%A5%D9%86%D8%B4%D8%A7%D8%A1-%D9%88-%D8%AA%D8%B5%D9%85%D9%8A%D9%85-%D9%85%D8%AA%D8%AC%D8%B1-%D8%A7%D9%84%D9%83%D8%AA%D8%B1%D9%88%D9%86%D9%8A-%D9%88%D9%88%D8%B1%D8%AF-%D8%A8%D8%B1%D9%8A%D8%B3,5.0,3,ساعتين,3,0,$10.00,ثلاثة أيام,3,5,160.0,.Sara E,https://khamsat.com/user/sara_esam_mostafa,True,بائع جديد,5.0,3,83.33%,1,3,ساعتين
برمجة وتطوير,https://khamsat.com/programming,إنشاء موقع ووردبريس,https://khamsat.com/programming/wordpress-website-creation,سأقوم بإنشاء موقع الكتروني رهيب على الووردبريس,https://khamsat.com/programming/wordpress-website-creation/1912041-%D8%B3%D8%A3%D9%82%D9%88%D9%85-%D8%A8%D8%A5%D9%86%D8%B4%D8%A7%D8%A1-%D9%85%D9%88%D9%82%D8%B9-%D8%A7%D9%84%D9%83%D8%AA%D8%B1%D9%88%D9%86%D9%8A-%D8%B1%D9%87%D9%8A%D8%A8-%D8%B9%D9%84%D9%89-%D8%A7%D9%84%D9%88%D9%88%D8%B1%D8%AF%D8%A8%D8%B1%D9%8A%D8%B3,5.0,13,3 دقائق,17,0,$5.00,ثلاثة أيام,13,5,440.0,اسامة ا.,https://khamsat.com/user/didjisoft,True,بائع مميز,5.0,119,94.68%,3,190,5 ساعات
برمجة وتطوير,https://khamsat.com/programming,إنشاء موقع ووردبريس,https://khamsat.com/programming/wordpress-website-creation,إنشاء صفحة ويب عن طريق ووردبريس,https://khamsat.com/programming/wordpress-website-creation/2577200-%D8%A5%D9%86%D8%B4%D8%A7%D8%A1-%D8%B5%D9%81%D8%AD%D8%A9-%D9%88%D9%8A%D8%A8-%D8%B9%D9%86-%D8%B7%D8%B1%D9%8A%D9%82-%D9%88%D9%88%D8%B1%D8%AF%D8%A8%D8%B1%D9%8A%D8%B3,4.5,7,20 ساعة,11,0,$15.00,يومين,7,5,80.0,.Ola M,https://khamsat.com/user/ola_mohamed123,True,بائع نشيط,4.5,13,94.12%,5,15,4 ساعات
برمجة وتطوير,https://khamsat.com/programming,إنشاء موقع ووردبريس,https://khamsat.com/programming/wordpress-website-creation,إنشاء متجر إلكتروني احترافي باستخدام ووردبريس تصميم متكامل,https://khamsat.com/programming/wordpress-website-creation/2938855-%D8%A5%D9%86%D8%B4%D8%A7%D8%A1-%D9%85%D8%AA%D8%AC%D8%B1-%D8%A5%D9%84%D9%83%D8%AA%D8%B1%D9%88%D9%86%D9%8A-%D8%A7%D8%AD%D8%AA%D8%B1%D8%A7%D9%81%D9%8A-%D8%A8%D8%A7%D8%B3%D8%AA%D8%AE%D8%AF%D8%A7%D9%85-%D9%88%D9%88%D8%B1%D8%AF%D8%A8%D8%B1%D9%8A%D8%B3-%D8%AA%D8%B5%D9%85%D9%8A%D9%85-%D9%85%D8%AA%D9%83%D8%A7%D9%85%D9%84,4.5,8,54 دقيقة,9,2,$50.00,ثلاثة أيام,8,5,245.0,.Adam S,https://khamsat.com/user/adamsouhaill,True,بائع نشيط,4.5,28,81.82%,3,31,4 ساعات
برمجة وتطوير,https://khamsat.com/programming,إنشاء موقع ووردبريس,https://khamsat.com/programming/wordpress-website-creation,خدمة متكاملة لتصميم وبرمجة المواقع و متاجر ووردبرس,https://khamsat.com/programming/wordpress-website-creation/2844526-%D8%AE%D8%AF%D9%85%D8%A9-%D9%85%D8%AA%D9%83%D8%A7%D9%85%D9%84%D8%A9-%D9%84%D8%AA%D8%B5%D9%85%D9%8A%D9%85-%D9%88%D8%A8%D8%B1%D9%85%D8%AC%D8%A9-%D8%A7%D9%84%D9%85%D9%88%D8%A7%D9%82%D8%B9-%D9%88-%D9%85%D8%AA%D8%A7%D8%AC%D8%B1-%D9%88%D9%88%D8%B1%D8%AF%D8%A8%D8%B1%D8%B3,5.0,9,17 ساعة,12,2,$25.00,يوم واحد,9,5,120.0,سارة ط.,https://khamsat.com/user/sarra_tlb,True,بائع نشيط,5.0,14,96.15%,4,16,7 ساعات
برمجة وتطوير,https://khamsat.com/programming,إنشاء موقع ووردبريس,https://khamsat.com/programming/wordpress-website-creation,خدمات ووردبريس بإحترافية و سرعة وجودة فائقة,https://khamsat.com/programming/wordpress-website-creation/2188597-%D8%AE%D8%AF%D9%85%D8%A7%D8%AA-%D9%88%D9%88%D8%B1%D8%AF%D8%A8%D8%B1%D9%8A%D8%B3-%D8%A8%D8%A5%D8%AD%D8%AA%D8%B1%D8%A7%D9%81%D9%8A%D8%A9-%D9%88-%D8%B3%D8%B1%D8%B9%D8%A9-%D9%88%D8%AC%D9%88%D8%AF%D8%A9-%D9%81%D8%A7%D8%A6%D9%82%D8%A9,5.0,3,ساعة,5,0,$25.00,أسبوع,3,5,410.0,.Khaled R,https://khamsat.com/user/khaled-f.-rashed,True,بائع مميز,5.0,44,76.86%,7,44,11 ساعة
برمجة وتطوير,https://khamsat.com/programming,إنشاء موقع ووردبريس,https://khamsat.com/programming/wordpress-website-creation,برمجة وتصميم موقع على الووردبريس,https://khamsat.com/programming/wordpress-website-creation/2001741-%D8%A8%D8%B1%D9%85%D8%AC%D8%A9-%D9%88%D8%AA%D8%B5%D9%85%D9%8A%D9%85-%D9%85%D9%88%D9%82%D8%B9-%D8%B9%D9%84%D9%89-%D8%A7%D9%84%D9%88%D9%88%D8%B1%D8%AF%D8%A8%D8%B1%D9%8A%D8%B3,4.5,9,يوم,11,0,$5.00,يومين,9,3,150.0,هند ا.,https://khamsat.com/user/hendalmalahi,True,بائع نشيط,4.5,9,53.57%,1,11,يوم
برمجة وتطوير,https://khamsat.com/programming,إنشاء موقع ووردبريس,https://khamsat.com/programming/wordpress-website-creation,تحويل تصميم موقعك PSD أوXD اوFIGMA الى موقع وودبريس من الصفر,https://khamsat.com/programming/wordpress-website-creation/2465236-%D8%AA%D8%AD%D9%88%D9%8A%D9%84-%D8%AA%D8%B5%D9%85%D9%8A%D9%85-%D9%85%D9%88%D9%82%D8%B9%D9%83-psd-%D8%A3%D9%88xd-%D8%A7%D9%88figma-%D8%A7%D9%84%D9%89-%D9%85%D9%88%D9%82%D8%B9-%D9%88%D9%88%D8%AF%D8%A8%D8%B1%D9%8A%D8%B3-%D9%85%D9%86-%D8%A7%D9%84%D8%B5%D9%81%D8%B1,4.5,20,4 دقائق,22,0,$10.00,يوم واحد,20,5,245.0,محفوظ ب.,https://khamsat.com/user/mahfo_oud,True,بائع مميز,5.0,96,97.12%,2,93,7 ساعات
برمجة وتطوير,https://khamsat.com/programming,إنشاء موقع ووردبريس,https://khamsat.com/programming/wordpress-website-creation,تصميم موقع ووردبريس يجسد أعلى مستويات الجودة,https://khamsat.com/programming/wordpress-website-creation/2882852-%D8%AA%D8%B5%D9%85%D9%8A%D9%85-%D9%85%D9%88%D9%82%D8%B9-%D9%88%D9%88%D8%B1%D8%AF%D8%A8%D8%B1%D9%8A%D8%B3-%D9%8A%D8%AC%D8%B3%D8%AF-%D8%A3%D8%B9%D9%84%D9%89-%D9%85%D8%B3%D8%AA%D9%88%D9%8A%D8%A7%D8%AA-%D8%A7%D9%84%D8%AC%D9%88%D8%AF%D8%A9,5.0,4,7 ساعات,4,1,$10.00,يومين,4,5,285.0,محمد ه.,https://khamsat.com/user/etshovic,True,بائع جديد,5.0,4,100.0%,2,4,7 ساعات
برمجة وتطوير,https://khamsat.com/programming,إنشاء موقع ووردبريس,https://khamsat.com/programming/wordpress-website-creation,حول رؤيتك إلى حقيقة تطوير وإنشاء موقع ووردبريس مُتكامل,https://khamsat.com/programming/wordpress-website-creation/2807871-%D8%AD%D9%88%D9%84-%D8%B1%D8%A4%D9%8A%D8%AA%D9%83-%D8%A5%D9%84%D9%89-%D8%AD%D9%82%D9%8A%D9%82%D8%A9-%D8%AA%D8%B7%D9%88%D9%8A%D8%B1-%D9%88%D8%A5%D9%86%D8%B4%D8%A7%D8%A1-%D9%85%D9%88%D9%82%D8%B9-%D9%88%D9%88%D8%B1%D8%AF%D8%A8%D8%B1%D9%8A%D8%B3-%D9%85%D8%AA%D9%83%D8%A7%D9%85%D9%84,5.0,23,ساعة,24,0,$5.00,يوم واحد,23,5,275.0,.Ahmed K,https://khamsat.com/user/charismax,True,بائع نشيط,5.0,29,85.96%,2,27,52 دقيقة
برمجة وتطوير,https://khamsat.com/programming,إنشاء موقع ووردبريس,https://khamsat.com/programming/wordpress-website-creation,إنشاء مواقع إلكترونية للشركات,https://khamsat.com/programming/wordpress-website-creation/3007726-%D8%A5%D9%86%D8%B4%D8%A7%D8%A1-%D9%85%D9%88%D8%A7%D9%82%D8%B9-%D8%A5%D9%84%D9%83%D8%AA%D8%B1%D9%88%D9%86%D9%8A%D8%A9-%D9%84%D9%84%D8%B4%D8%B1%D9%83%D8%A7%D8%AA,5.0,2,ساعة,2,0,$5.00,يوم واحد,2,5,170.0,.Mohamed F,https://khamsat.com/user/mohamedfaroouk,True,بائع جديد,5.0,2,100.0%,1,2,ساعة
برمجة وتطوير,https://khamsat.com/programming,تنصيب ووردبريس,https://khamsat.com/programming/wp-installation-setup,تركيب ووردبريس على موقعك مع الإضافات الضرورية وقالب مناسب,https://khamsat.com/programming/wp-installation-setup/25107-%D8%AA%D8%B1%D9%83%D9%8A%D8%A8-%D9%88%D9%88%D8%B1%D8%AF%D8%A8%D8%B1%D9%8A%D8%B3-%D8%B9%D9%84%D9%89-%D9%85%D9%88%D9%82%D8%B9%D9%83-%D9%85%D8%B9-%D8%A7%D9%84%D8%A5%D8%B6%D8%A7%D9%81%D8%A7%D8%AA-%D8%A7%D9%84%D8%B6%D8%B1%D9%88%D8%B1%D9%8A%D8%A9-%D9%88%D9%82%D8%A7%D9%84%D8%A8-%D9%85%D9%86%D8%A7%D8%B3%D8%A8,5.0,130,ساعتين,152,0,$25.00,يوم واحد,25,5,325.0,عبد الهادي ا.,https://khamsat.com/user/%D8%B9%D8%A8%D8%AF-%D8%A7%D9%84%D9%87%D8%A7%D8%AF%D9%8A-%D8%A7%D8%B7%D9%88%D9%8A%D9%84,True,بائع موثوق,5.0,306,100.0%,3,301,5 ساعات
برمجة وتطوير,https://khamsat.com/programming,تنصيب ووردبريس,https://khamsat.com/programming/wp-installation-setup,تنصيب سكربت وورد بريس وتركيب 3 قوالب و5 إضافات,https://khamsat.com/programming/wp-installation-setup/860038-%D8%AA%D9%86%D8%B5%D9%8A%D8%A8-%D8%B3%D9%83%D8%B1%D8%A8%D8%AA-%D9%88%D9%88%D8%B1%D8%AF-%D8%A8%D8%B1%D9%8A%D8%B3-%D9%88%D8%AA%D8%B1%D9%83%D9%8A%D8%A8-3-%D9%82%D9%88%D8%A7%D9%84%D8%A8-%D9%885-%D8%A5%D8%B6%D8%A7%D9%81%D8%A7%D8%AA,5.0,100,7 ساعات,113,0,$20.00,أسبوع,25,4,190.0,.Amjad H,https://khamsat.com/user/%D8%A3%D9%85%D8%AC%D8%AF-%D9%81%D8%AA%D8%AD%D9%8A-%D8%AD%D9%85%D9%88%D8%AF%D8%A9,True,بائع مميز,5.0,203,85.96%,3,210,3 ساعات
برمجة وتطوير,https://khamsat.com/programming,تنصيب ووردبريس,https://khamsat.com/programming/wp-installation-setup,إنشاء موقع او متجر وورد بريس مع تنصيب الاضافات الضرورية,https://khamsat.com/programming/wp-installation-setup/2295958-%D8%A5%D9%86%D8%B4%D8%A7%D8%A1-%D9%85%D9%88%D9%82%D8%B9-%D8%A7%D9%88-%D9%85%D8%AA%D8%AC%D8%B1-%D9%88%D9%88%D8%B1%D8%AF-%D8%A8%D8%B1%D9%8A%D8%B3-%D9%85%D8%B9-%D8%AA%D9%86%D8%B5%D9%8A%D8%A8-%D8%A7%D9%84%D8%A7%D8%B6%D8%A7%D9%81%D8%A7%D8%AA-%D8%A7%D9%84%D8%B6%D8%B1%D9%88%D8%B1%D9%8A%D8%A9,5.0,21,ساعتين,24,0,$10.00,يوم واحد,21,5,220.0,.Ahmad A,https://khamsat.com/user/gallant5001,True,بائع مميز,5.0,22,100.0%,2,24,5 ساعات
برمجة وتطوير,https://khamsat.com/programming,تنصيب ووردبريس,https://khamsat.com/programming/wp-installation-setup,تركيب وإعداد الوردبريس على استضافتك,https://khamsat.com/programming/wp-installation-setup/1699325-%D8%AA%D8%B1%D9%83%D9%8A%D8%A8-%D9%88%D8%A5%D8%B9%D8%AF%D8%A7%D8%AF-%D8%A7%D9%84%D9%88%D8%B1%D8%AF%D8%A8%D8%B1%D9%8A%D8%B3-%D8%B9%D9%84%D9%89-%D8%A7%D8%B3%D8%AA%D8%B6%D8%A7%D9%81%D8%AA%D9%83,5.0,10,46 دقيقة,11,0,$5.00,يومين,10,3,25.0,.Hussam B,https://khamsat.com/user/hussamtoweb,True,بائع مميز,5.0,78,94.39%,4,75,ساعتين
برمجة وتطوير,https://khamsat.com/programming,تنصيب ووردبريس,https://khamsat.com/programming/wp-installation-setup,تنصيب الووردبريس wordpress و تركيب قوالب واضافات بريميوم هد,https://khamsat.com/programming/wp-installation-setup/1269088-%D8%AA%D9%86%D8%B5%D9%8A%D8%A8-%D8%A7%D9%84%D9%88%D9%88%D8%B1%D8%AF%D8%A8%D8%B1%D9%8A%D8%B3-wordpress-%D9%88-%D8%AA%D8%B1%D9%83%D9%8A%D8%A8-%D9%82%D9%88%D8%A7%D9%84%D8%A8-%D9%88%D8%A7%D8%B6%D8%A7%D9%81%D8%A7%D8%AA-%D8%A8%D8%B1%D9%8A%D9%85%D9%8A%D9%88%D9%85-%D9%87%D8%AF,4.5,39,6 ساعات,44,0,$10.00,أسبوع,25,4,235.0,.Dalia A,https://khamsat.com/user/queengroup,True,بائع مميز,4.5,83,81.59%,5,105,4 ساعات
برمجة وتطوير,https://khamsat.com/programming,تنصيب ووردبريس,https://khamsat.com/programming/wp-installation-setup,إنشاء موقع ووردبريس من الصفر أو تركيب القالب على سكربت WP.,https://khamsat.com/programming/wp-installation-setup/1482193-%D8%A5%D9%86%D8%B4%D8%A7%D8%A1-%D9%85%D9%88%D9%82%D8%B9-%D9%88%D9%88%D8%B1%D8%AF%D8%A8%D8%B1%D9%8A%D8%B3-%D9%85%D9%86-%D8%A7%D9%84%D8%B5%D9%81%D8%B1-%D8%A3%D9%88-%D8%AA%D8%B1%D9%83%D9%8A%D8%A8-%D8%A7%D9%84%D9%82%D8%A7%D9%84%D8%A8-%D8%B9%D9%84%D9%89-%D8%B3%D9%83%D8%B1%D8%A8%D8%AA-wp,5.0,7,ساعة,9,0,$25.00,يومين,7,5,160.0,سفيان ب.,https://khamsat.com/user/soufiane_21,True,بائع مميز,5.0,11,92.59%,2,11,4 ساعات
برمجة وتطوير,https://khamsat.com/programming,تنصيب ووردبريس,https://khamsat.com/programming/wp-installation-setup,تنصيب الوردبريس وتركيب القالب الخاصب بك وتجهيز صفحاته,https://khamsat.com/programming/wp-installation-setup/2565605-%D8%AA%D9%86%D8%B5%D9%8A%D8%A8-%D8%A7%D9%84%D9%88%D8%B1%D8%AF%D8%A8%D8%B1%D9%8A%D8%B3-%D9%88%D8%AA%D8%B1%D9%83%D9%8A%D8%A8-%D8%A7%D9%84%D9%82%D8%A7%D9%84%D8%A8-%D8%A7%D9%84%D8%AE%D8%A7%D8%B5%D8%A8-%D8%A8%D9%83-%D9%88%D8%AA%D8%AC%D9%87%D9%8A%D8%B2-%D8%B5%D9%81%D8%AD%D8%A7%D8%AA%D9%87,5.0,21,5 دقائق,22,0,$5.00,يوم واحد,21,3,70.0,.Mohamed H,https://khamsat.com/user/mohamedhany770,True,بائع مميز,5.0,56,97.9%,2,61,9 ساعات
برمجة وتطوير,https://khamsat.com/programming,تنصيب ووردبريس,https://khamsat.com/programming/wp-installation-setup,تركيب سكربت ووردبريس وقالب لموقعك مع الاضافات,https://khamsat.com/programming/wp-installation-setup/2100829-%D8%AA%D8%B1%D9%83%D9%8A%D8%A8-%D8%B3%D9%83%D8%B1%D8%A8%D8%AA-%D9%88%D9%88%D8%B1%D8%AF%D8%A8%D8%B1%D9%8A%D8%B3-%D9%88%D9%82%D8%A7%D9%84%D8%A8-%D9%84%D9%85%D9%88%D9%82%D8%B9%D9%83-%D9%85%D8%B9-%D8%A7%D9%84%D8%A7%D8%B6%D8%A7%D9%81%D8%A7%D8%AA,4.5,8,يوم,11,0,$5.00,أسبوع,8,4,250.0,عصام ا.,https://khamsat.com/user/iceman68,True,بائع مميز,5.0,36,82.26%,6,45,10 ساعات
برمجة وتطوير,https://khamsat.com/programming,تنصيب ووردبريس,https://khamsat.com/programming/wp-installation-setup,تركيب سكربت ووردبريس على استضافتك وإنشاء موقع احترافي,https://khamsat.com/programming/wp-installation-setup/2332863-%D8%AA%D8%B1%D9%83%D9%8A%D8%A8-%D8%B3%D9%83%D8%B1%D8%A8%D8%AA-%D9%88%D9%88%D8%B1%D8%AF%D8%A8%D8%B1%D9%8A%D8%B3-%D8%B9%D9%84%D9%89-%D8%A7%D8%B3%D8%AA%D8%B6%D8%A7%D9%81%D8%AA%D9%83-%D9%88%D8%A5%D9%86%D8%B4%D8%A7%D8%A1-%D9%85%D9%88%D9%82%D8%B9-%D8%A7%D8%AD%D8%AA%D8%B1%D8%A7%D9%81%D9%8A,4.5,12,23 دقيقة,11,0,$15.00,يوم واحد,12,3,50.0,.Abdellah E,https://khamsat.com/user/wp_official,True,بائع نشيط,4.5,23,87.18%,4,21,4 ساعات
برمجة وتطوير,https://khamsat.com/programming,تنصيب ووردبريس,https://khamsat.com/programming/wp-installation-setup,تركيب قالب ووردبريس و تجهيز صفحاته,https://khamsat.com/programming/wp-installation-setup/1806738-%D8%AA%D8%B1%D9%83%D9%8A%D8%A8-%D9%82%D8%A7%D9%84%D8%A8-%D9%88%D9%88%D8%B1%D8%AF%D8%A8%D8%B1%D9%8A%D8%B3-%D9%88-%D8%AA%D8%AC%D9%87%D9%8A%D8%B2-%D8%B5%D9%81%D8%AD%D8%A7%D8%AA%D9%87,5.0,15,18 دقيقة,21,0,$10.00,يوم واحد,15,4,135.0,.Anas S,https://khamsat.com/user/anasshaban,True,بائع نشيط,5.0,21,92.68%,5,26,ساعتين
برمجة وتطوير,https://khamsat.com/programming,تنصيب ووردبريس,https://khamsat.com/programming/wp-installation-setup,تنصيب الووردبريس مع القالب و الإضافات المناسبة.,https://khamsat.com/programming/wp-installation-setup/1681554-%D8%AA%D9%86%D8%B5%D9%8A%D8%A8-%D8%A7%D9%84%D9%88%D9%88%D8%B1%D8%AF%D8%A8%D8%B1%D9%8A%D8%B3-%D9%85%D8%B9-%D8%A7%D9%84%D9%82%D8%A7%D9%84%D8%A8-%D9%88-%D8%A7%D9%84%D8%A5%D8%B6%D8%A7%D9%81%D8%A7%D8%AA-%D8%A7%D9%84%D9%85%D9%86%D8%A7%D8%B3%D8%A8%D8%A9,5.0,6,ساعتين,7,0,$30.00,يوم واحد,6,4,270.0,.Derradji K,https://khamsat.com/user/dadiker,True,بائع مميز,5.0,47,95.0%,4,69,4 ساعات
برمجة وتطوير,https://khamsat.com/programming,تنصيب ووردبريس,https://khamsat.com/programming/wp-installation-setup,تركيب سكربت ووردبريس مع تركيب قالب احترافي وتهيئة الموقع,https://khamsat.com/programming/wp-installation-setup/2083846-%D8%AA%D8%B1%D9%83%D9%8A%D8%A8-%D8%B3%D9%83%D8%B1%D8%A8%D8%AA-%D9%88%D9%88%D8%B1%D8%AF%D8%A8%D8%B1%D9%8A%D8%B3-%D9%85%D8%B9-%D8%AA%D8%B1%D9%83%D9%8A%D8%A8-%D9%82%D8%A7%D9%84%D8%A8-%D8%A7%D8%AD%D8%AA%D8%B1%D8%A7%D9%81%D9%8A-%D9%88%D8%AA%D9%87%D9%8A%D8%A6%D8%A9-%D8%A7%D9%84%D9%85%D9%88%D9%82%D8%B9,5.0,66,5 ساعات,81,2,$5.00,ثلاثة أيام,25,5,95.0,قاسم ع.,https://khamsat.com/user/khidmatech,True,بائع مميز,5.0,140,94.8%,2,167,يوم
برمجة وتطوير,https://khamsat.com/programming,تنصيب ووردبريس,https://khamsat.com/programming/wp-installation-setup,تنصيب وتعديل قوالب ووردبريس,https://khamsat.com/programming/wp-installation-setup/1567774-%D8%AA%D9%86%D8%B5%D9%8A%D8%A8-%D9%88%D8%AA%D8%B9%D8%AF%D9%8A%D9%84-%D9%82%D9%88%D8%A7%D9%84%D8%A8-%D9%88%D9%88%D8%B1%D8%AF%D8%A8%D8%B1%D9%8A%D8%B3,5.0,1,19 دقيقة,3,0,$10.00,يومين,1,2,75.0,.Mohammed A,https://khamsat.com/user/mohammed-al-mujtaba,True,بائع نشيط,5.0,18,95.12%,6,21,3 ساعات
برمجة وتطوير,https://khamsat.com/programming,تنصيب ووردبريس,https://khamsat.com/programming/wp-installation-setup,تنصيب Wordpress ورد بريس و تركيب قالب مجاني أو مدفوع,https://khamsat.com/programming/wp-installation-setup/1529007-%D8%AA%D9%86%D8%B5%D9%8A%D8%A8-wordpress-%D9%88%D8%B1%D8%AF-%D8%A8%D8%B1%D9%8A%D8%B3-%D9%88-%D8%AA%D8%B1%D9%83%D9%8A%D8%A8-%D9%82%D8%A7%D9%84%D8%A8-%D9%85%D8%AC%D8%A7%D9%86%D9%8A-%D8%A3%D9%88-%D9%85%D8%AF%D9%81%D9%88%D8%B9,5.0,6,33 دقيقة,6,0,$5.00,يوم واحد,6,4,235.0,.Zaki A,https://khamsat.com/user/zakialloush,True,بائع جديد,5.0,7,56.25%,3,6,11 ساعة
برمجة وتطوير,https://khamsat.com/programming,تنصيب ووردبريس,https://khamsat.com/programming/wp-installation-setup,تثبيت الوردبرس و ضبط اعدادات الثيم مقابل 5 دولار,https://khamsat.com/programming/wp-installation-setup/1918588-%D8%AA%D8%AB%D8%A8%D9%8A%D8%AA-%D8%A7%D9%84%D9%88%D8%B1%D8%AF%D8%A8%D8%B1%D8%B3-%D9%88-%D8%B6%D8%A8%D8%B7-%D8%A7%D8%B9%D8%AF%D8%A7%D8%AF%D8%A7%D8%AA-%D8%A7%D9%84%D8%AB%D9%8A%D9%85-%D9%85%D9%82%D8%A7%D8%A8%D9%84-5-%D8%AF%D9%88%D9%84%D8%A7%D8%B1,4.5,8,ساعة,10,0,$5.00,يوم واحد,8,3,165.0,وسام ا.,https://khamsat.com/user/wesam_rl,True,بائع نشيط,4.5,10,100.0%,2,10,ساعة
برمجة وتطوير,https://khamsat.com/programming,تنصيب ووردبريس,https://khamsat.com/programming/wp-installation-setup,تنصيب الووردبريس وضبط القالب المناسب للموقع,https://khamsat.com/programming/wp-installation-setup/2508661-%D8%AA%D9%86%D8%B5%D9%8A%D8%A8-%D8%A7%D9%84%D9%88%D9%88%D8%B1%D8%AF%D8%A8%D8%B1%D9%8A%D8%B3-%D9%88%D8%B6%D8%A8%D8%B7-%D8%A7%D9%84%D9%82%D8%A7%D9%84%D8%A8-%D8%A7%D9%84%D9%85%D9%86%D8%A7%D8%B3%D8%A8-%D9%84%D9%84%D9%85%D9%88%D9%82%D8%B9,5.0,2,ساعة,2,0,$10.00,يوم واحد,2,4,90.0,.Selim A,https://khamsat.com/user/elamer22,True,بائع جديد,5.0,4,100.0%,3,5,3 ساعات
برمجة وتطوير,https://khamsat.com/programming,تنصيب ووردبريس,https://khamsat.com/programming/wp-installation-setup,تركيب قوالب وردبريس,https://khamsat.com/programming/wp-installation-setup/1317988-%D8%AA%D8%B1%D9%83%D9%8A%D8%A8-%D9%82%D9%88%D8%A7%D9%84%D8%A8-%D9%88%D8%B1%D8%AF%D8%A8%D8%B1%D9%8A%D8%B3,5.0,1,يوم,4,0,$5.00,يوم واحد,1,3,95.0,ناصر ب.,https://khamsat.com/user/nasser222,True,بائع نشيط,5.0,6,86.84%,3,9,15 ساعة
برمجة وتطوير,https://khamsat.com/programming,تنصيب ووردبريس,https://khamsat.com/programming/wp-installation-setup,تركيب ووردبريس على موقعك مع الإضافات الضرورية,https://khamsat.com/programming/wp-installation-setup/1059976-%D8%AA%D8%B1%D9%83%D9%8A%D8%A8-%D9%88%D9%88%D8%B1%D8%AF%D8%A8%D8%B1%D9%8A%D8%B3-%D8%B9%D9%84%D9%89-%D9%85%D9%88%D9%82%D8%B9%D9%83-%D9%85%D8%B9-%D8%A7%D9%84%D8%A5%D8%B6%D8%A7%D9%81%D8%A7%D8%AA-%D8%A7%D9%84%D8%B6%D8%B1%D9%88%D8%B1%D9%8A%D8%A9,5.0,2,ساعتين,2,0,$5.00,يوم واحد,2,4,85.0,إدريس ا.,https://khamsat.com/user/progguide,True,بائع جديد,5.0,2,100.0%,1,2,ساعتين
برمجة وتطوير,https://khamsat.com/programming,تنصيب ووردبريس,https://khamsat.com/programming/wp-installation-setup,تنصيب سكريبت الووردبريس wordpress و تركيب قالب جاهز عليه,https://khamsat.com/programming/wp-installation-setup/1234021-%D8%AA%D9%86%D8%B5%D9%8A%D8%A8-%D8%B3%D9%83%D8%B1%D9%8A%D8%A8%D8%AA-%D8%A7%D9%84%D9%88%D9%88%D8%B1%D8%AF%D8%A8%D8%B1%D9%8A%D8%B3-wordpress-%D9%88-%D8%AA%D8%B1%D9%83%D9%8A%D8%A8-%D9%82%D8%A7%D9%84%D8%A8-%D8%AC%D8%A7%D9%87%D8%B2-%D8%B9%D9%84%D9%8A%D9%87,5.0,1,8 ساعات,1,0,$5.00,ثلاثة أيام,1,5,55.0,.Mostafa S,https://khamsat.com/user/mostafassalem,True,بائع مميز,5.0,115,96.2%,7,178,ساعتين
برمجة وتطوير,https://khamsat.com/programming,تنصيب ووردبريس,https://khamsat.com/programming/wp-installation-setup,تعريب قالب ورد بريس كامل و تركيب القالب بكامل الخواص,https://khamsat.com/programming/wp-installation-setup/684533-%D8%AA%D8%B9%D8%B1%D9%8A%D8%A8-%D9%82%D8%A7%D9%84%D8%A8-%D9%88%D8%B1%D8%AF-%D8%A8%D8%B1%D9%8A%D8%B3-%D9%83%D8%A7%D9%85%D9%84-%D9%88-%D8%AA%D8%B1%D9%83%D9%8A%D8%A8-%D8%A7%D9%84%D9%82%D8%A7%D9%84%D8%A8-%D8%A8%D9%83%D8%A7%D9%85%D9%84-%D8%A7%D9%84%D8%AE%D9%88%D8%A7%D8%B5,4.5,33,35 دقيقة,49,0,$5.00,ثلاثة أيام,25,4,135.0,.Sayed M,https://khamsat.com/user/d3m4web,False,بائع مميز,4.5,43,79.84%,2,62,3 ساعات
برمجة وتطوير,https://khamsat.com/programming,تنصيب ووردبريس,https://khamsat.com/programming/wp-installation-setup,تركيب وتعريب قالب وتسريع موقع ووردبريس,https://khamsat.com/programming/wp-installation-setup/1342017-%D8%AA%D8%B1%D9%83%D9%8A%D8%A8-%D9%88%D8%AA%D8%B9%D8%B1%D9%8A%D8%A8-%D9%82%D8%A7%D9%84%D8%A8-%D9%88%D8%AA%D8%B3%D8%B1%D9%8A%D8%B9-%D9%85%D9%88%D9%82%D8%B9-%D9%88%D9%88%D8%B1%D8%AF%D8%A8%D8%B1%D9%8A%D8%B3,5.0,9,9 دقائق,10,0,$10.00,يومين,9,3,125.0,.Lahcen O,https://khamsat.com/user/lahcen-oubellaid,True,بائع مميز,5.0,145,86.79%,3,187,9 ساعات
برمجة وتطوير,https://khamsat.com/programming,تنصيب ووردبريس,https://khamsat.com/programming/wp-installation-setup,تركيب اضافات وقوالب ووردبريس مع تعديلات في الكود البرمجي,https://khamsat.com/programming/wp-installation-setup/1904130-%D8%AA%D8%B1%D9%83%D9%8A%D8%A8-%D8%A7%D8%B6%D8%A7%D9%81%D8%A7%D8%AA-%D9%88%D9%82%D9%88%D8%A7%D9%84%D8%A8-%D9%88%D9%88%D8%B1%D8%AF%D8%A8%D8%B1%D9%8A%D8%B3-%D9%85%D8%B9-%D8%AA%D8%B9%D8%AF%D9%8A%D9%84%D8%A7%D8%AA-%D9%81%D9%8A-%D8%A7%D9%84%D9%83%D9%88%D8%AF-%D8%A7%D9%84%D8%A8%D8%B1%D9%85%D8%AC%D9%8A,4.5,7,4 ساعات,8,0,$5.00,يوم واحد,7,4,215.0,نورالهدى م.,https://khamsat.com/user/nourelhouda_tech,True,بائع نشيط,4.5,24,85.71%,8,27,5 ساعات
برمجة وتطوير,https://khamsat.com/programming,تنصيب ووردبريس,https://khamsat.com/programming/wp-installation-setup,"تركيب اضافة Yoast Seo, Rank Math, Wp Rocket, Perfmatters",https://khamsat.com/programming/wp-installation-setup/2478818-%D8%AA%D8%B1%D9%83%D9%8A%D8%A8-%D8%A7%D8%B6%D8%A7%D9%81%D8%A9-yoast-seo-rank-math-wp-rocket-perfmatters,5.0,10,30 دقيقة,10,0,$5.00,يوم واحد,10,4,20.0,.Mohamed E,https://khamsat.com/user/memadhomsi,True,بائع نشيط,5.0,27,65.57%,9,25,ساعة
برمجة وتطوير,https://khamsat.com/programming,تنصيب ووردبريس,https://khamsat.com/programming/wp-installation-setup,خدمة قالب أسترا و Astra pro,https://khamsat.com/programming/wp-installation-setup/2039945-%D8%AE%D8%AF%D9%85%D8%A9-%D9%82%D8%A7%D9%84%D8%A8-%D8%A3%D8%B3%D8%AA%D8%B1%D8%A7-%D9%88-astra-pro,5.0,8,26 دقيقة,11,0,$5.00,يوم واحد,8,5,30.0,.Khaled R,https://khamsat.com/user/khaled-f.-rashed,True,بائع مميز,5.0,44,76.86%,7,44,11 ساعة
برمجة وتطوير,https://khamsat.com/programming,تنصيب ووردبريس,https://khamsat.com/programming/wp-installation-setup,تنصيب وضبط إعدادات إضافة شركة شحن فاستلو Fastlo للووردبريس,https://khamsat.com/programming/wp-installation-setup/2170133-%D8%AA%D9%86%D8%B5%D9%8A%D8%A8-%D9%88%D8%B6%D8%A8%D8%B7-%D8%A5%D8%B9%D8%AF%D8%A7%D8%AF%D8%A7%D8%AA-%D8%A5%D8%B6%D8%A7%D9%81%D8%A9-%D8%B4%D8%B1%D9%83%D8%A9-%D8%B4%D8%AD%D9%86-%D9%81%D8%A7%D8%B3%D8%AA%D9%84%D9%88-fastlo-%D9%84%D9%84%D9%88%D9%88%D8%B1%D8%AF%D8%A8%D8%B1%D9%8A%D8%B3,5.0,3,ساعة,3,0,$50.00,يومين,3,0,0.0,.Mahmoud A,https://khamsat.com/user/titotedx,True,بائع موثوق,5.0,162,81.65%,27,138,ساعتين
برمجة وتطوير,https://khamsat.com/programming,تنصيب ووردبريس,https://khamsat.com/programming/wp-installation-setup,تنصيب وورد بريس wordpress وتركيب القوالب الجاهزة عليه,https://khamsat.com/programming/wp-installation-setup/1193539-%D8%AA%D9%86%D8%B5%D9%8A%D8%A8-%D9%88%D9%88%D8%B1%D8%AF-%D8%A8%D8%B1%D9%8A%D8%B3-wordpress-%D9%88%D8%AA%D8%B1%D9%83%D9%8A%D8%A8-%D8%A7%D9%84%D9%82%D9%88%D8%A7%D9%84%D8%A8-%D8%A7%D9%84%D8%AC%D8%A7%D9%87%D8%B2%D8%A9-%D8%B9%D9%84%D9%8A%D9%87,5.0,17,ساعتين,18,0,$5.00,يومين,17,5,240.0,.Abd Alrhman A,https://khamsat.com/user/abda_net,True,بائع نشيط,5.0,26,97.87%,4,24,ساعة
برمجة وتطوير,https://khamsat.com/programming,تنصيب ووردبريس,https://khamsat.com/programming/wp-installation-setup,تنصيب الووردبريس وتركيب القالب الخاص بك,https://khamsat.com/programming/wp-installation-setup/2636428-%D8%AA%D9%86%D8%B5%D9%8A%D8%A8-%D8%A7%D9%84%D9%88%D9%88%D8%B1%D8%AF%D8%A8%D8%B1%D9%8A%D8%B3-%D9%88%D8%AA%D8%B1%D9%83%D9%8A%D8%A8-%D8%A7%D9%84%D9%82%D8%A7%D9%84%D8%A8-%D8%A7%D9%84%D8%AE%D8%A7%D8%B5-%D8%A8%D9%83,5.0,2,20 ساعة,2,0,$10.00,يوم واحد,2,2,15.0,دينا ن.,https://khamsat.com/user/dina_nady,True,بائع جديد,5.0,2,100.0%,4,2,20 ساعة
برمجة وتطوير,https://khamsat.com/programming,تنصيب ووردبريس,https://khamsat.com/programming/wp-installation-setup,تركيب وضبط قوالب الووردبريس بشكل كامل,https://khamsat.com/programming/wp-installation-setup/1353831-%D8%AA%D8%B1%D9%83%D9%8A%D8%A8-%D9%88%D8%B6%D8%A8%D8%B7-%D9%82%D9%88%D8%A7%D9%84%D8%A8-%D8%A7%D9%84%D9%88%D9%88%D8%B1%D8%AF%D8%A8%D8%B1%D9%8A%D8%B3-%D8%A8%D8%B4%D9%83%D9%84-%D9%83%D8%A7%D9%85%D9%84,5.0,5,42 دقيقة,5,0,$5.00,يوم واحد,5,0,0.0,المهدي ا.,https://khamsat.com/user/%D8%A7%D9%84%D9%85%D9%87%D8%AF%D9%8A-%D8%A7%D9%84%D8%B2%D9%8A%D8%B2%D9%8A,True,بائع مميز,4.5,47,85.8%,9,53,ساعة
برمجة وتطوير,https://khamsat.com/programming,تنصيب ووردبريس,https://khamsat.com/programming/wp-installation-setup,تركيب سكربت الووردبريس مع قالب مناسب,https://khamsat.com/programming/wp-installation-setup/397345-%D8%AA%D8%B1%D9%83%D9%8A%D8%A8-%D8%B3%D9%83%D8%B1%D8%A8%D8%AA-%D8%A7%D9%84%D9%88%D9%88%D8%B1%D8%AF%D8%A8%D8%B1%D9%8A%D8%B3-%D9%85%D8%B9-%D9%82%D8%A7%D9%84%D8%A8-%D9%85%D9%86%D8%A7%D8%B3%D8%A8,5.0,17,يوم,31,0,$5.00,ثلاثة أيام,17,5,235.0,.Basem A,https://khamsat.com/user/besomasryone,True,بائع مميز,5.0,32,77.53%,3,50,يوم
برمجة وتطوير,https://khamsat.com/programming,تنصيب ووردبريس,https://khamsat.com/programming/wp-installation-setup,تركيب سكربت الوردبريس مع قالب احترافي,https://khamsat.com/programming/wp-installation-setup/1056313-%D8%AA%D8%B1%D9%83%D9%8A%D8%A8-%D8%B3%D9%83%D8%B1%D8%A8%D8%AA-%D8%A7%D9%84%D9%88%D8%B1%D8%AF%D8%A8%D8%B1%D9%8A%D8%B3-%D9%85%D8%B9-%D9%82%D8%A7%D9%84%D8%A8-%D8%A7%D8%AD%D8%AA%D8%B1%D8%A7%D9%81%D9%8A,5.0,8,39 دقيقة,15,0,$5.00,يوم واحد,8,2,145.0,عبد الستار ش.,https://khamsat.com/user/%D8%B9%D8%A8%D8%AF-%D8%A7%D9%84%D8%B3%D8%AA%D8%A7%D8%B1-%D8%B4%D8%B1%D9%81,True,بائع مميز,5.0,49,71.74%,1,64,3 ساعات
برمجة وتطوير,https://khamsat.com/programming,تخصيص وتعديل ووردبريس,https://khamsat.com/programming/wordpress-customization,تعديل على موقعك الووردبرس كل 10 تعديلات,https://khamsat.com/programming/wordpress-customization/1074906-%D8%AA%D8%B9%D8%AF%D9%8A%D9%84-%D8%B9%D9%84%D9%89-%D9%85%D9%88%D9%82%D8%B9%D9%83-%D8%A7%D9%84%D9%88%D9%88%D8%B1%D8%AF%D8%A8%D8%B1%D8%B3-%D9%83%D9%84-10-%D8%AA%D8%B9%D8%AF%D9%8A%D9%84%D8%A7%D8%AA,5.0,74,3 دقائق,87,0,$5.00,يوم واحد,25,5,265.0,خالد أ.,https://khamsat.com/user/khaledathra,True,بائع مميز,5.0,81,93.81%,1,91,5 ساعات
برمجة وتطوير,https://khamsat.com/programming,تخصيص وتعديل ووردبريس,https://khamsat.com/programming/wordpress-customization,تعديل على الموقع بالوردبريس المنتور ووكوميرس,https://khamsat.com/programming/wordpress-customization/2897242-%D8%AA%D8%B9%D8%AF%D9%8A%D9%84-%D8%B9%D9%84%D9%89-%D8%A7%D9%84%D9%85%D9%88%D9%82%D8%B9-%D8%A8%D8%A7%D9%84%D9%88%D8%B1%D8%AF%D8%A8%D8%B1%D9%8A%D8%B3-%D8%A7%D9%84%D9%85%D9%86%D8%AA%D9%88%D8%B1-%D9%88%D9%88%D9%83%D9%88%D9%85%D9%8A%D8%B1%D8%B3,5.0,25,30 دقيقة,27,0,$5.00,يوم واحد,25,5,150.0,مايكل ص.,https://khamsat.com/user/micheal_sobhy,True,بائع مميز,5.0,48,100.0%,7,48,16 دقيقة
برمجة وتطوير,https://khamsat.com/programming,تخصيص وتعديل ووردبريس,https://khamsat.com/programming/wordpress-customization,تعديل علي موقع وردبريس واضافة منتجات وبيانات بموقعك,https://khamsat.com/programming/wordpress-customization/2599496-%D8%AA%D8%B9%D8%AF%D9%8A%D9%84-%D8%B9%D9%84%D9%8A-%D9%85%D9%88%D9%82%D8%B9-%D9%88%D8%B1%D8%AF%D8%A8%D8%B1%D9%8A%D8%B3-%D9%88%D8%A7%D8%B6%D8%A7%D9%81%D8%A9-%D9%85%D9%86%D8%AA%D8%AC%D8%A7%D8%AA-%D9%88%D8%A8%D9%8A%D8%A7%D9%86%D8%A7%D8%AA-%D8%A8%D9%85%D9%88%D9%82%D8%B9%D9%83,5.0,9,8 أيام,10,0,$5.00,ثلاثة أيام,9,4,75.0,.Jaih H,https://khamsat.com/user/jaihhamd,True,بائع نشيط,5.0,10,96.43%,3,10,يومين
برمجة وتطوير,https://khamsat.com/programming,تخصيص وتعديل ووردبريس,https://khamsat.com/programming/wordpress-customization,حل مشكلة أو تعديل قالب ووردبريس WordPress,https://khamsat.com/programming/wordpress-customization/856175-%D8%AD%D9%84-%D9%85%D8%B4%D9%83%D9%84%D8%A9-%D8%A3%D9%88-%D8%AA%D8%B9%D8%AF%D9%8A%D9%84-%D9%82%D8%A7%D9%84%D8%A8-%D9%88%D9%88%D8%B1%D8%AF%D8%A8%D8%B1%D9%8A%D8%B3-wordpress,4.5,13,3 ساعات,15,0,$5.00,يوم واحد,13,3,160.0,.Yosri M,https://khamsat.com/user/yoshinoda,True,بائع نشيط,4.5,20,72.88%,4,20,3 ساعات
برمجة وتطوير,https://khamsat.com/programming,تخصيص وتعديل ووردبريس,https://khamsat.com/programming/wordpress-customization,اصلاح وتطوير تصميم الشامل التقني للوردبريس,https://khamsat.com/programming/wordpress-customization/1934130-%D8%A7%D8%B5%D9%84%D8%A7%D8%AD-%D9%88%D8%AA%D8%B7%D9%88%D9%8A%D8%B1-%D8%AA%D8%B5%D9%85%D9%8A%D9%85-%D8%A7%D9%84%D8%B4%D8%A7%D9%85%D9%84-%D8%A7%D9%84%D8%AA%D9%82%D9%86%D9%8A-%D9%84%D9%84%D9%88%D8%B1%D8%AF%D8%A8%D8%B1%D9%8A%D8%B3,4.5,39,51 دقيقة,45,0,$5.00,أربعة أيام,25,2,30.0,.Ismail O,https://khamsat.com/user/ismail55,True,بائع مميز,4.5,54,82.95%,7,59,ساعتين
برمجة وتطوير,https://khamsat.com/programming,تخصيص وتعديل ووردبريس,https://khamsat.com/programming/wordpress-customization,سأنشئ روبوت يمثلك في موقع ووردبريس,https://khamsat.com/programming/wordpress-customization/2894812-%D8%B3%D8%A3%D9%86%D8%B4%D8%A6-%D8%B1%D9%88%D8%A8%D9%88%D8%AA-%D9%8A%D9%85%D8%AB%D9%84%D9%83-%D9%81%D9%8A-%D9%85%D9%88%D9%82%D8%B9-%D9%88%D9%88%D8%B1%D8%AF%D8%A8%D8%B1%D9%8A%D8%B3,5.0,1,يومين,1,0,$10.00,يوم واحد,1,2,20.0,محمد ب.,https://khamsat.com/user/%D9%85%D8%AD%D9%85%D8%AF-%D8%A8%D8%BA%D8%A7%D8%AA,True,بائع جديد,5.0,2,88.89%,5,3,14 ساعة
برمجة وتطوير,https://khamsat.com/programming,تخصيص وتعديل ووردبريس,https://khamsat.com/programming/wordpress-customization,تعديل ثيمات و قوالب الووردبريس,https://khamsat.com/programming/wordpress-customization/2446116-%D8%AA%D8%B9%D8%AF%D9%8A%D9%84-%D8%AB%D9%8A%D9%85%D8%A7%D8%AA-%D9%88-%D9%82%D9%88%D8%A7%D9%84%D8%A8-%D8%A7%D9%84%D9%88%D9%88%D8%B1%D8%AF%D8%A8%D8%B1%D9%8A%D8%B3,5.0,8,21 دقيقة,10,1,$50.00,يوم واحد,8,0,0.0,يحيى ا.,https://khamsat.com/user/yahiashamas,True,بائع مميز,4.5,24,92.98%,5,26,7 ساعات
برمجة وتطوير,https://khamsat.com/programming,تخصيص وتعديل ووردبريس,https://khamsat.com/programming/wordpress-customization,تعديلات واضافات على موقعك الووردبرس,https://khamsat.com/programming/wordpress-customization/1533537-%D8%AA%D8%B9%D8%AF%D9%8A%D9%84%D8%A7%D8%AA-%D9%88%D8%A7%D8%B6%D8%A7%D9%81%D8%A7%D8%AA-%D8%B9%D9%84%D9%89-%D9%85%D9%88%D9%82%D8%B9%D9%83-%D8%A7%D9%84%D9%88%D9%88%D8%B1%D8%AF%D8%A8%D8%B1%D8%B3,5.0,14,40 دقيقة,14,0,$50.00,ثلاثة أيام,14,0,0.0,.Khaled A,https://khamsat.com/user/khaledashrafmohy,True,بائع مميز,5.0,56,88.54%,11,49,59 دقيقة
برمجة وتطوير,https://khamsat.com/programming,تخصيص وتعديل ووردبريس,https://khamsat.com/programming/wordpress-customization,اعداد قالب ووردبريس وتخصيص الثيم,https://khamsat.com/programming/wordpress-customization/2867070-%D8%A7%D8%B9%D8%AF%D8%A7%D8%AF-%D9%82%D8%A7%D9%84%D8%A8-%D9%88%D9%88%D8%B1%D8%AF%D8%A8%D8%B1%D9%8A%D8%B3-%D9%88%D8%AA%D8%AE%D8%B5%D9%8A%D8%B5-%D8%A7%D9%84%D8%AB%D9%8A%D9%85,5.0,14,22 دقيقة,13,0,$15.00,يومين,14,1,5.0,.Radwa A,https://khamsat.com/user/devradwaali,True,بائع نشيط,5.0,18,88.89%,2,18,9 ساعات
برمجة وتطوير,https://khamsat.com/programming,تخصيص وتعديل ووردبريس,https://khamsat.com/programming/wordpress-customization,حل مشكلات موقع ال wordpress الخاص بك,https://khamsat.com/programming/wordpress-customization/3022174-%D8%AD%D9%84-%D9%85%D8%B4%D9%83%D9%84%D8%A7%D8%AA-%D9%85%D9%88%D9%82%D8%B9-%D8%A7%D9%84-wordpress-%D8%A7%D9%84%D8%AE%D8%A7%D8%B5-%D8%A8%D9%83,5.0,1,4 دقائق,1,0,$5.00,يوم واحد,1,0,0.0,.Ali M,https://khamsat.com/user/ali_muhammad01,True,بائع جديد,5.0,1,100.0%,5,1,4 دقائق
برمجة وتطوير,https://khamsat.com/programming,تخصيص وتعديل ووردبريس,https://khamsat.com/programming/wordpress-customization,خدمات قالب مهارتي فقط بـ 5 $,https://khamsat.com/programming/wordpress-customization/1831206-%D8%AE%D8%AF%D9%85%D8%A7%D8%AA-%D9%82%D8%A7%D9%84%D8%A8-%D9%85%D9%87%D8%A7%D8%B1%D8%AA%D9%8A-%D9%81%D9%82%D8%B7-%D8%A8%D9%80-5,5.0,16,14 دقيقة,20,0,$5.00,يوم واحد,16,4,55.0,.Khaled R,https://khamsat.com/user/khaled-f.-rashed,True,بائع مميز,5.0,44,76.86%,7,44,11 ساعة
برمجة وتطوير,https://khamsat.com/programming,تخصيص وتعديل ووردبريس,https://khamsat.com/programming/wordpress-customization,دعم فني شامل للووردبيرس,https://khamsat.com/programming/wordpress-customization/195756-%D8%AF%D8%B9%D9%85-%D9%81%D9%86%D9%8A-%D8%B4%D8%A7%D9%85%D9%84-%D9%84%D9%84%D9%88%D9%88%D8%B1%D8%AF%D8%A8%D9%8A%D8%B1%D8%B3,5.0,27,12 ساعة,50,0,$5.00,يومين,25,4,35.0,.Bilal I,https://khamsat.com/user/bilal-izzat,True,بائع مميز,4.5,328,80.0%,8,455,10 ساعات
برمجة وتطوير,https://khamsat.com/programming,تخصيص وتعديل ووردبريس,https://khamsat.com/programming/wordpress-customization,ساقوم بتركيب خدمة الدعم عبر المحادثة فى الوردبريس,https://khamsat.com/programming/wordpress-customization/442456-%D8%B3%D8%A7%D9%82%D9%88%D9%85-%D8%A8%D8%AA%D8%B1%D9%83%D9%8A%D8%A8-%D8%AE%D8%AF%D9%85%D8%A9-%D8%A7%D9%84%D8%AF%D8%B9%D9%85-%D8%B9%D8%A8%D8%B1-%D8%A7%D9%84%D9%85%D8%AD%D8%A7%D8%AF%D8%AB%D8%A9-%D9%81%D9%89-%D8%A7%D9%84%D9%88%D8%B1%D8%AF%D8%A8%D8%B1%D9%8A%D8%B3,4.5,14,6 ساعات,16,0,$5.00,يوم واحد,14,1,15.0,.Mohamed T,https://khamsat.com/user/mohamed-taalab,True,بائع مميز,5.0,109,82.46%,3,133,3 ساعات
برمجة وتطوير,https://khamsat.com/programming,تخصيص وتعديل ووردبريس,https://khamsat.com/programming/wordpress-customization,تعديل موقع ويردبريس,https://khamsat.com/programming/wordpress-customization/1333057-%D8%AA%D8%B9%D8%AF%D9%8A%D9%84-%D9%85%D9%88%D9%82%D8%B9-%D9%88%D9%8A%D8%B1%D8%AF%D8%A8%D8%B1%D9%8A%D8%B3,4.5,9,ساعة,12,0,$5.00,يوم واحد,9,3,85.0,.Mohammed H,https://khamsat.com/user/wordpress_edit,True,بائع نشيط,4.5,20,67.86%,3,29,3 ساعات
برمجة وتطوير,https://khamsat.com/programming,تخصيص وتعديل ووردبريس,https://khamsat.com/programming/wordpress-customization,ربط الدومين مع الاستضافة لجميع الشركات المختلفة,https://khamsat.com/programming/wordpress-customization/2577151-%D8%B1%D8%A8%D8%B7-%D8%A7%D9%84%D8%AF%D9%88%D9%85%D9%8A%D9%86-%D9%85%D8%B9-%D8%A7%D9%84%D8%A7%D8%B3%D8%AA%D8%B6%D8%A7%D9%81%D8%A9-%D9%84%D8%AC%D9%85%D9%8A%D8%B9-%D8%A7%D9%84%D8%B4%D8%B1%D9%83%D8%A7%D8%AA-%D8%A7%D9%84%D9%85%D8%AE%D8%AA%D9%84%D9%81%D8%A9,4.5,6,7 ساعات,8,0,$5.00,خمسة أيام,6,0,0.0,.Islam E,https://khamsat.com/user/red.prince.p,True,بائع مميز,4.5,209,86.77%,12,254,7 ساعات
برمجة وتطوير,https://khamsat.com/programming,تخصيص وتعديل ووردبريس,https://khamsat.com/programming/wordpress-customization,إعادة تصميم موقع ووردبرس قائم,https://khamsat.com/programming/wordpress-customization/2908659-%D8%A5%D8%B9%D8%A7%D8%AF%D8%A9-%D8%AA%D8%B5%D9%85%D9%8A%D9%85-%D9%85%D9%88%D9%82%D8%B9-%D9%88%D9%88%D8%B1%D8%AF%D8%A8%D8%B1%D8%B3-%D9%82%D8%A7%D8%A6%D9%85,5.0,3,16 دقيقة,3,1,$10.00,أسبوع,3,1,20.0,.Youssef A,https://khamsat.com/user/youssef_amhil,True,بائع جديد,5.0,4,83.33%,3,3,11 دقيقة
برمجة وتطوير,https://khamsat.com/programming,تخصيص وتعديل ووردبريس,https://khamsat.com/programming/wordpress-customization,التعديل على تصميم ووردبريس,https://khamsat.com/programming/wordpress-customization/1522411-%D8%A7%D9%84%D8%AA%D8%B9%D8%AF%D9%8A%D9%84-%D8%B9%D9%84%D9%89-%D8%AA%D8%B5%D9%85%D9%8A%D9%85-%D9%88%D9%88%D8%B1%D8%AF%D8%A8%D8%B1%D9%8A%D8%B3,5.0,15,ساعة,23,0,$5.00,يوم واحد,15,0,0.0,.Haneen J,https://khamsat.com/user/haneenjaradat,True,بائع مميز,5.0,27,85.92%,3,36,يومين
برمجة وتطوير,https://khamsat.com/programming,تخصيص وتعديل ووردبريس,https://khamsat.com/programming/wordpress-customization,تعديل على موقعك الووردبرس,https://khamsat.com/programming/wordpress-customization/1727281-%D8%AA%D8%B9%D8%AF%D9%8A%D9%84-%D8%B9%D9%84%D9%89-%D9%85%D9%88%D9%82%D8%B9%D9%83-%D8%A7%D9%84%D9%88%D9%88%D8%B1%D8%AF%D8%A8%D8%B1%D8%B3,5.0,5,11 يوم,6,0,$10.00,يوم واحد,5,2,15.0,يوسف ت.,https://khamsat.com/user/youssefta1812,True,بائع نشيط,5.0,18,75.86%,3,16,يومين
برمجة وتطوير,https://khamsat.com/programming,تخصيص وتعديل ووردبريس,https://khamsat.com/programming/wordpress-customization,التعديل على قوالب وردبريس,https://khamsat.com/programming/wordpress-customization/570681-%D8%A7%D9%84%D8%AA%D8%B9%D8%AF%D9%8A%D9%84-%D8%B9%D9%84%D9%89-%D9%82%D9%88%D8%A7%D9%84%D8%A8-%D9%88%D8%B1%D8%AF%D8%A8%D8%B1%D9%8A%D8%B3,4.5,16,5 ساعات,23,2,$5.00,ثلاثة أيام,16,5,125.0,بشير ا.,https://khamsat.com/user/baa1425,True,بائع مميز,4.5,46,82.05%,6,50,8 ساعات
برمجة وتطوير,https://khamsat.com/programming,تخصيص وتعديل ووردبريس,https://khamsat.com/programming/wordpress-customization,إيجاد قالب وورد بريس wordpress theme مناسب لموقعك واحتياجاتك,https://khamsat.com/programming/wordpress-customization/1405580-%D8%A5%D9%8A%D8%AC%D8%A7%D8%AF-%D9%82%D8%A7%D9%84%D8%A8-%D9%88%D9%88%D8%B1%D8%AF-%D8%A8%D8%B1%D9%8A%D8%B3-wordpress-theme-%D9%85%D9%86%D8%A7%D8%B3%D8%A8-%D9%84%D9%85%D9%88%D9%82%D8%B9%D9%83-%D9%88%D8%A7%D8%AD%D8%AA%D9%8A%D8%A7%D8%AC%D8%A7%D8%AA%D9%83,5.0,5,53 دقيقة,5,0,$5.00,يوم واحد,5,2,10.0,.Abd Alrhman A,https://khamsat.com/user/abda_net,True,بائع نشيط,5.0,26,97.87%,4,24,ساعة
برمجة وتطوير,https://khamsat.com/programming,تخصيص وتعديل ووردبريس,https://khamsat.com/programming/wordpress-customization,عمل تعديلات على مواقع Wordpress,https://khamsat.com/programming/wordpress-customization/1727346-%D8%B9%D9%85%D9%84-%D8%AA%D8%B9%D8%AF%D9%8A%D9%84%D8%A7%D8%AA-%D8%B9%D9%84%D9%89-%D9%85%D9%88%D8%A7%D9%82%D8%B9-wordpress,5.0,3,10 دقائق,3,0,$5.00,يومين,3,5,140.0,.Tawfiq A,https://khamsat.com/user/tawfiq-atia,True,بائع جديد,5.0,4,66.67%,3,4,9 ساعات
برمجة وتطوير,https://khamsat.com/programming,تخصيص وتعديل ووردبريس,https://khamsat.com/programming/wordpress-customization,التعديل علي قوالب ووردبريس,https://khamsat.com/programming/wordpress-customization/1106812-%D8%A7%D9%84%D8%AA%D8%B9%D8%AF%D9%8A%D9%84-%D8%B9%D9%84%D9%8A-%D9%82%D9%88%D8%A7%D9%84%D8%A8-%D9%88%D9%88%D8%B1%D8%AF%D8%A8%D8%B1%D9%8A%D8%B3,5.0,13,5 ساعات,17,0,$5.00,ثلاثة أيام,13,2,15.0,.Mohamed F,https://khamsat.com/user/mohamed-fesal,True,بائع نشيط,5.0,19,85.71%,1,22,9 ساعات
برمجة وتطوير,https://khamsat.com/programming,تخصيص وتعديل ووردبريس,https://khamsat.com/programming/wordpress-customization,تخصيص قالب Publisher ووردبريس بالكامل بإحترافية تامه !,https://khamsat.com/programming/wordpress-customization/1316910-%D8%AA%D8%AE%D8%B5%D9%8A%D8%B5-%D9%82%D8%A7%D9%84%D8%A8-publisher-%D9%88%D9%88%D8%B1%D8%AF%D8%A8%D8%B1%D9%8A%D8%B3-%D8%A8%D8%A7%D9%84%D9%83%D8%A7%D9%85%D9%84-%D8%A8%D8%A5%D8%AD%D8%AA%D8%B1%D8%A7%D9%81%D9%8A%D8%A9-%D8%AA%D8%A7%D9%85%D9%87,5.0,3,ساعتين,3,0,$25.00,ثلاثة أيام,3,0,0.0,.Ahmed M,https://khamsat.com/user/%D8%A7%D8%AD%D9%85%D8%AF-%D9%85%D8%AD%D9%85%D8%AF-%D9%85%D8%B5%D9%84%D8%AD%D9%8A,True,بائع مميز,5.0,21,83.33%,2,29,22 ساعة
برمجة وتطوير,https://khamsat.com/programming,تخصيص وتعديل ووردبريس,https://khamsat.com/programming/wordpress-customization,تجهيز موقع wordpress مع ثلاث ثيمات مقابل 5 دولار,https://khamsat.com/programming/wordpress-customization/1149698-%D8%AA%D8%AC%D9%87%D9%8A%D8%B2-%D9%85%D9%88%D9%82%D8%B9-wordpress-%D9%85%D8%B9-%D8%AB%D9%84%D8%A7%D8%AB-%D8%AB%D9%8A%D9%85%D8%A7%D8%AA-%D9%85%D9%82%D8%A7%D8%A8%D9%84-5-%D8%AF%D9%88%D9%84%D8%A7%D8%B1,5.0,15,36 دقيقة,20,0,$5.00,يوم واحد,15,5,90.0,.Firas G,https://khamsat.com/user/firas95,True,بائع مميز,4.5,57,72.78%,6,64,5 ساعات
برمجة وتطوير,https://khamsat.com/programming,تخصيص وتعديل ووردبريس,https://khamsat.com/programming/wordpress-customization,خدمة تنسيق وتركيب ودعم لقالب تقنى و للمجلات للووردبريس,https://khamsat.com/programming/wordpress-customization/955826-%D8%AE%D8%AF%D9%85%D8%A9-%D8%AA%D9%86%D8%B3%D9%8A%D9%82-%D9%88%D8%AA%D8%B1%D9%83%D9%8A%D8%A8-%D9%88%D8%AF%D8%B9%D9%85-%D9%84%D9%82%D8%A7%D9%84%D8%A8-%D8%AA%D9%82%D9%86%D9%89-%D9%88-%D9%84%D9%84%D9%85%D8%AC%D9%84%D8%A7%D8%AA-%D9%84%D9%84%D9%88%D9%88%D8%B1%D8%AF%D8%A8%D8%B1%D9%8A%D8%B3,5.0,7,ساعة,9,0,$5.00,يومين,7,4,25.0,.Mohamed M,https://khamsat.com/user/runscape,True,مشتري VIP,5.0,50,90.43%,6,77,8 ساعات
برمجة وتطوير,https://khamsat.com/programming,تخصيص وتعديل ووردبريس,https://khamsat.com/programming/wordpress-customization,"التعديل على موقعك "" ووردبريس """,https://khamsat.com/programming/wordpress-customization/1971598-%D8%A7%D9%84%D8%AA%D8%B9%D8%AF%D9%8A%D9%84-%D8%B9%D9%84%D9%89-%D9%85%D9%88%D9%82%D8%B9%D9%83-%D9%88%D9%88%D8%B1%D8%AF%D8%A8%D8%B1%D9%8A%D8%B3,5.0,5,ساعة,7,0,$5.00,يوم واحد,5,1,20.0,محمد أ.,https://khamsat.com/user/moshabab_21,True,بائع مميز,5.0,27,86.67%,7,23,6 ساعات
برمجة وتطوير,https://khamsat.com/programming,تخصيص وتعديل ووردبريس,https://khamsat.com/programming/wordpress-customization,تعديل موقع WordPress لجعله مناسب لهوية شركتك و مؤسستك البصرية,https://khamsat.com/programming/wordpress-customization/2780329-%D8%AA%D8%B9%D8%AF%D9%8A%D9%84-%D9%85%D9%88%D9%82%D8%B9-wordpress-%D9%84%D8%AC%D8%B9%D9%84%D9%87-%D9%85%D9%86%D8%A7%D8%B3%D8%A8-%D9%84%D9%87%D9%88%D9%8A%D8%A9-%D8%B4%D8%B1%D9%83%D8%AA%D9%83-%D9%88-%D9%85%D8%A4%D8%B3%D8%B3%D8%AA%D9%83-%D8%A7%D9%84%D8%A8%D8%B5%D8%B1%D9%8A%D8%A9,5.0,3,43 دقيقة,2,0,$5.00,يوم واحد,3,2,85.0,.Hana R,https://khamsat.com/user/hanamuhammed23,True,بائع نشيط,5.0,7,92.86%,3,8,55 دقيقة
برمجة وتطوير,https://khamsat.com/programming,تخصيص وتعديل ووردبريس,https://khamsat.com/programming/wordpress-customization,تعديلات مخصصة لموقعك ووردبريس,https://khamsat.com/programming/wordpress-customization/3035192-%D8%AA%D8%B9%D8%AF%D9%8A%D9%84%D8%A7%D8%AA-%D9%85%D8%AE%D8%B5%D8%B5%D8%A9-%D9%84%D9%85%D9%88%D9%82%D8%B9%D9%83-%D9%88%D9%88%D8%B1%D8%AF%D8%A8%D8%B1%D9%8A%D8%B3,0.0,0,لم يحسب,0,0,$5.00,يوم واحد,0,3,220.0,ماجدة ف.,https://khamsat.com/user/fatna_farah,True,بائع جديد,0.0,0,لم يحسب بعد,2,0,لم يحسب
برمجة وتطوير,https://khamsat.com/programming,تخصيص وتعديل ووردبريس,https://khamsat.com/programming/wordpress-customization,تعديل أو إضافة على موقع الووردبيس,https://khamsat.com/programming/wordpress-customization/2256710-%D8%AA%D8%B9%D8%AF%D9%8A%D9%84-%D8%A3%D9%88-%D8%A5%D8%B6%D8%A7%D9%81%D8%A9-%D8%B9%D9%84%D9%89-%D9%85%D9%88%D9%82%D8%B9-%D8%A7%D9%84%D9%88%D9%88%D8%B1%D8%AF%D8%A8%D9%8A%D8%B3,4.5,24,ساعة,28,0,$5.00,يوم واحد,24,5,360.0,شروق ا.,https://khamsat.com/user/sunrise_programming,True,بائع مميز,4.5,48,95.45%,6,52,ساعة
برمجة وتطوير,https://khamsat.com/programming,تخصيص وتعديل ووردبريس,https://khamsat.com/programming/wordpress-customization,أي تعديلات خاصة بالوورد بريس,https://khamsat.com/programming/wordpress-customization/2246991-%D8%A3%D9%8A-%D8%AA%D8%B9%D8%AF%D9%8A%D9%84%D8%A7%D8%AA-%D8%AE%D8%A7%D8%B5%D8%A9-%D8%A8%D8%A7%D9%84%D9%88%D9%88%D8%B1%D8%AF-%D8%A8%D8%B1%D9%8A%D8%B3,5.0,1,6 ساعات,1,0,$5.00,يوم واحد,1,3,85.0,نورالهدى خ.,https://khamsat.com/user/noorulhoda,True,بائع نشيط,5.0,6,100.0%,8,6,5 ساعات
برمجة وتطوير,https://khamsat.com/programming,تعريب قوالب ووردبريس,https://khamsat.com/programming/wordpress-localization,تعريب قوالب ومواقع ووردبريس بطريقة احترافية,https://khamsat.com/programming/wordpress-localization/1926894-%D8%AA%D8%B9%D8%B1%D9%8A%D8%A8-%D9%82%D9%88%D8%A7%D9%84%D8%A8-%D9%88%D9%85%D9%88%D8%A7%D9%82%D8%B9-%D9%88%D9%88%D8%B1%D8%AF%D8%A8%D8%B1%D9%8A%D8%B3-%D8%A8%D8%B7%D8%B1%D9%8A%D9%82%D8%A9-%D8%A7%D8%AD%D8%AA%D8%B1%D8%A7%D9%81%D9%8A%D8%A9,5.0,17,6 دقائق,17,0,$5.00,أسبوع,17,5,325.0,سمر س.,https://khamsat.com/user/samardiab,True,بائع مميز,5.0,26,84.31%,4,22,9 ساعات
برمجة وتطوير,https://khamsat.com/programming,تعريب قوالب ووردبريس,https://khamsat.com/programming/wordpress-localization,تحويل موقع ووردبريس الى موقع متعدد اللغات,https://khamsat.com/programming/wordpress-localization/812827-%D8%AA%D8%AD%D9%88%D9%8A%D9%84-%D9%85%D9%88%D9%82%D8%B9-%D9%88%D9%88%D8%B1%D8%AF%D8%A8%D8%B1%D9%8A%D8%B3-%D8%A7%D9%84%D9%89-%D9%85%D9%88%D9%82%D8%B9-%D9%85%D8%AA%D8%B9%D8%AF%D8%AF-%D8%A7%D9%84%D9%84%D8%BA%D8%A7%D8%AA,5.0,120,ساعتين,158,0,$5.00,يوم واحد,25,5,385.0,.Ghareeb M,https://khamsat.com/user/softplanet,True,بائع مميز,5.0,124,98.43%,1,159,4 ساعات
برمجة وتطوير,https://khamsat.com/programming,تعريب قوالب ووردبريس,https://khamsat.com/programming/wordpress-localization,تعريب اي قالب,https://khamsat.com/programming/wordpress-localization/572192-%D8%AA%D8%B9%D8%B1%D9%8A%D8%A8-%D8%A7%D9%8A-%D9%82%D8%A7%D9%84%D8%A8,5.0,14,4 ساعات,21,0,$25.00,يومين,14,0,0.0,.Ahmed H,https://khamsat.com/user/ahmedfathy95,True,بائع مميز,5.0,28,68.75%,1,38,يوم
برمجة وتطوير,https://khamsat.com/programming,تعريب قوالب ووردبريس,https://khamsat.com/programming/wordpress-localization,تعريب قالب ووردبريس باحتراف في يومين و ب 5 دولار فقط,https://khamsat.com/programming/wordpress-localization/129369-%D8%AA%D8%B9%D8%B1%D9%8A%D8%A8-%D9%82%D8%A7%D9%84%D8%A8-%D9%88%D9%88%D8%B1%D8%AF%D8%A8%D8%B1%D9%8A%D8%B3-%D8%A8%D8%A7%D8%AD%D8%AA%D8%B1%D8%A7%D9%81-%D9%81%D9%8A-%D9%8A%D9%88%D9%85%D9%8A%D9%86-%D9%88-%D8%A8-5-%D8%AF%D9%88%D9%84%D8%A7%D8%B1-%D9%81%D9%82%D8%B7,4.5,20,5 ساعات,32,0,$5.00,يومين,20,5,50.0,سومية ر.,https://khamsat.com/user/azmza01,True,بائع مميز,4.5,49,76.84%,4,65,يومين
برمجة وتطوير,https://khamsat.com/programming,تعريب قوالب ووردبريس,https://khamsat.com/programming/wordpress-localization,تعريب قالب وردبريس وتحويله الى اللغة العربية ب 5$,https://khamsat.com/programming/wordpress-localization/1476774-%D8%AA%D8%B9%D8%B1%D9%8A%D8%A8-%D9%82%D8%A7%D9%84%D8%A8-%D9%88%D8%B1%D8%AF%D8%A8%D8%B1%D9%8A%D8%B3-%D9%88%D8%AA%D8%AD%D9%88%D9%8A%D9%84%D9%87-%D8%A7%D9%84%D9%89-%D8%A7%D9%84%D9%84%D8%BA%D8%A9-%D8%A7%D9%84%D8%B9%D8%B1%D8%A8%D9%8A%D8%A9-%D8%A8-5,5.0,27,14 ساعة,35,0,$5.00,ثلاثة أيام,25,3,155.0,هبة ا.,https://khamsat.com/user/hebaekrayem,True,بائع مميز,4.5,126,95.65%,3,123,11 ساعة
برمجة وتطوير,https://khamsat.com/programming,تعريب قوالب ووردبريس,https://khamsat.com/programming/wordpress-localization,تعريب قوالب الووردبريس والاضافات,https://khamsat.com/programming/wordpress-localization/384794-%D8%AA%D8%B9%D8%B1%D9%8A%D8%A8-%D9%82%D9%88%D8%A7%D9%84%D8%A8-%D8%A7%D9%84%D9%88%D9%88%D8%B1%D8%AF%D8%A8%D8%B1%D9%8A%D8%B3-%D9%88%D8%A7%D9%84%D8%A7%D8%B6%D8%A7%D9%81%D8%A7%D8%AA,5.0,19,3 أيام,22,1,$5.00,أسبوع,19,5,100.0,.Akram A,https://khamsat.com/user/mami.akram.1,True,بائع نشيط,5.0,22,93.48%,5,23,يوم
برمجة وتطوير,https://khamsat.com/programming,تعريب قوالب ووردبريس,https://khamsat.com/programming/wordpress-localization,تعريب قوالب و إضافات ووردبريس,https://khamsat.com/programming/wordpress-localization/2069411-%D8%AA%D8%B9%D8%B1%D9%8A%D8%A8-%D9%82%D9%88%D8%A7%D9%84%D8%A8-%D9%88-%D8%A5%D8%B6%D8%A7%D9%81%D8%A7%D8%AA-%D9%88%D9%88%D8%B1%D8%AF%D8%A8%D8%B1%D9%8A%D8%B3,5.0,31,ساعة,36,1,$5.00,يومين,25,4,175.0,عمر ر.,https://khamsat.com/user/omardev04,True,بائع مميز,5.0,39,81.93%,3,42,54 دقيقة
برمجة وتطوير,https://khamsat.com/programming,تعريب قوالب ووردبريس,https://khamsat.com/programming/wordpress-localization,تعريب و ترجمة قالب ووردبريس الى اكثر من لغة,https://khamsat.com/programming/wordpress-localization/1806732-%D8%AA%D8%B9%D8%B1%D9%8A%D8%A8-%D9%88-%D8%AA%D8%B1%D8%AC%D9%85%D8%A9-%D9%82%D8%A7%D9%84%D8%A8-%D9%88%D9%88%D8%B1%D8%AF%D8%A8%D8%B1%D9%8A%D8%B3-%D8%A7%D9%84%D9%89-%D8%A7%D9%83%D8%AB%D8%B1-%D9%85%D9%86-%D9%84%D8%BA%D8%A9,5.0,4,3 ساعات,4,0,$5.00,ثلاثة أيام,4,5,255.0,.Anas S,https://khamsat.com/user/anasshaban,True,بائع نشيط,5.0,21,92.68%,5,26,ساعتين
برمجة وتطوير,https://khamsat.com/programming,تعريب قوالب ووردبريس,https://khamsat.com/programming/wordpress-localization,تعريب قوالب ووردبريس وتحويل الاتجاهات RTL,https://khamsat.com/programming/wordpress-localization/1821116-%D8%AA%D8%B9%D8%B1%D9%8A%D8%A8-%D9%82%D9%88%D8%A7%D9%84%D8%A8-%D9%88%D9%88%D8%B1%D8%AF%D8%A8%D8%B1%D9%8A%D8%B3-%D9%88%D8%AA%D8%AD%D9%88%D9%8A%D9%84-%D8%A7%D9%84%D8%A7%D8%AA%D8%AC%D8%A7%D9%87%D8%A7%D8%AA-rtl,5.0,10,6 أيام,13,0,$5.00,يوم واحد,10,4,85.0,ايمان ص.,https://khamsat.com/user/eman_wp,True,بائع نشيط,5.0,25,92.68%,4,24,يوم
برمجة وتطوير,https://khamsat.com/programming,تعريب قوالب ووردبريس,https://khamsat.com/programming/wordpress-localization,تعريب قوالب الوورد-ﭘرس بإحترافية وسرعة | 5$ فقط,https://khamsat.com/programming/wordpress-localization/1400632-%D8%AA%D8%B9%D8%B1%D9%8A%D8%A8-%D9%82%D9%88%D8%A7%D9%84%D8%A8-%D8%A7%D9%84%D9%88%D9%88%D8%B1%D8%AF-%D8%B1%D8%B3-%D8%A8%D8%A5%D8%AD%D8%AA%D8%B1%D8%A7%D9%81%D9%8A%D8%A9-%D9%88%D8%B3%D8%B1%D8%B9%D8%A9-5-%D9%81%D9%82%D8%B7,4.5,11,يوم,14,0,$5.00,يوم واحد,11,4,30.0,عبد الفتاح ر.,https://khamsat.com/user/%D8%B9%D8%A8%D8%AF-%D8%A7%D9%84%D9%81%D8%AA%D8%A7%D8%AD-%D8%B1%D8%AD%D9%85%D8%A7%D9%86%D9%8A,True,بائع مميز,4.5,40,84.91%,4,43,15 ساعة
برمجة وتطوير,https://khamsat.com/programming,تعريب قوالب ووردبريس,https://khamsat.com/programming/wordpress-localization,تعريب احترافي لقوالب الووردبريس,https://khamsat.com/programming/wordpress-localization/825836-%D8%AA%D8%B9%D8%B1%D9%8A%D8%A8-%D8%A7%D8%AD%D8%AA%D8%B1%D8%A7%D9%81%D9%8A-%D9%84%D9%82%D9%88%D8%A7%D9%84%D8%A8-%D8%A7%D9%84%D9%88%D9%88%D8%B1%D8%AF%D8%A8%D8%B1%D9%8A%D8%B3,4.5,15,ساعتين,24,0,$5.00,يومين,15,4,90.0,المهدي ا.,https://khamsat.com/user/%D8%A7%D9%84%D9%85%D9%87%D8%AF%D9%8A-%D8%A7%D9%84%D8%B2%D9%8A%D8%B2%D9%8A,True,بائع مميز,4.5,47,85.8%,9,53,ساعة
برمجة وتطوير,https://khamsat.com/programming,تعريب قوالب ووردبريس,https://khamsat.com/programming/wordpress-localization,تعريب اي قالب وردبريس بشكل كامل,https://khamsat.com/programming/wordpress-localization/770304-%D8%AA%D8%B9%D8%B1%D9%8A%D8%A8-%D8%A7%D9%8A-%D9%82%D8%A7%D9%84%D8%A8-%D9%88%D8%B1%D8%AF%D8%A8%D8%B1%D9%8A%D8%B3-%D8%A8%D8%B4%D9%83%D9%84-%D9%83%D8%A7%D9%85%D9%84,4.5,64,6 دقائق,82,0,$5.00,يومين,25,5,155.0,.Fadi H,https://khamsat.com/user/fadi-abboud,True,بائع مميز,4.5,179,90.63%,13,201,9 ساعات
برمجة وتطوير,https://khamsat.com/programming,تعريب قوالب ووردبريس,https://khamsat.com/programming/wordpress-localization,تكوين وتعريب ملفات POT PO MO,https://khamsat.com/programming/wordpress-localization/1021458-%D8%AA%D9%83%D9%88%D9%8A%D9%86-%D9%88%D8%AA%D8%B9%D8%B1%D9%8A%D8%A8-%D9%85%D9%84%D9%81%D8%A7%D8%AA-pot-po-mo,5.0,7,ساعة,8,0,$5.00,يومين,7,3,15.0,المهدي ا.,https://khamsat.com/user/%D8%A7%D9%84%D9%85%D9%87%D8%AF%D9%8A-%D8%A7%D9%84%D8%B2%D9%8A%D8%B2%D9%8A,True,بائع مميز,4.5,47,85.8%,9,53,ساعة
برمجة وتطوير,https://khamsat.com/programming,تعريب قوالب ووردبريس,https://khamsat.com/programming/wordpress-localization,ترجمة موقع ووردبريس إلى لغات متعددة,https://khamsat.com/programming/wordpress-localization/2908632-%D8%AA%D8%B1%D8%AC%D9%85%D8%A9-%D9%85%D9%88%D9%82%D8%B9-%D9%88%D9%88%D8%B1%D8%AF%D8%A8%D8%B1%D9%8A%D8%B3-%D8%A5%D9%84%D9%89-%D9%84%D8%BA%D8%A7%D8%AA-%D9%85%D8%AA%D8%B9%D8%AF%D8%AF%D8%A9,5.0,1,6 دقائق,1,0,$10.00,ثلاثة أيام,1,1,30.0,.Youssef A,https://khamsat.com/user/youssef_amhil,True,بائع جديد,5.0,4,83.33%,3,3,11 دقيقة
برمجة وتطوير,https://khamsat.com/programming,تعريب قوالب ووردبريس,https://khamsat.com/programming/wordpress-localization,تحويل موقع ووردبريس الى موقع متعدد اللغات حسب الاستخدام,https://khamsat.com/programming/wordpress-localization/3050821-%D8%AA%D8%AD%D9%88%D9%8A%D9%84-%D9%85%D9%88%D9%82%D8%B9-%D9%88%D9%88%D8%B1%D8%AF%D8%A8%D8%B1%D9%8A%D8%B3-%D8%A7%D9%84%D9%89-%D9%85%D9%88%D9%82%D8%B9-%D9%85%D8%AA%D8%B9%D8%AF%D8%AF-%D8%A7%D9%84%D9%84%D8%BA%D8%A7%D8%AA-%D8%AD%D8%B3%D8%A8-%D8%A7%D9%84%D8%A7%D8%B3%D8%AA%D8%AE%D8%AF%D8%A7%D9%85,0.0,0,لم يحسب,0,0,$5.00,يوم واحد,0,0,0.0,احمد ع.,https://khamsat.com/user/rockervip,True,بائع جديد,0.0,0,لم يحسب بعد,2,0,لم يحسب
برمجة وتطوير,https://khamsat.com/programming,تعريب قوالب ووردبريس,https://khamsat.com/programming/wordpress-localization,تعريب قوالب ووردبريس 100% ودعم تعدد اللغات,https://khamsat.com/programming/wordpress-localization/1059131-%D8%AA%D8%B9%D8%B1%D9%8A%D8%A8-%D9%82%D9%88%D8%A7%D9%84%D8%A8-%D9%88%D9%88%D8%B1%D8%AF%D8%A8%D8%B1%D9%8A%D8%B3-100-%D9%88%D8%AF%D8%B9%D9%85-%D8%AA%D8%B9%D8%AF%D8%AF-%D8%A7%D9%84%D9%84%D8%BA%D8%A7%D8%AA,0.0,0,لم يحسب,0,0,$5.00,يوم واحد,0,5,170.0,.Reda H,https://khamsat.com/user/reda-hafez,True,بائع جديد,0.0,0,لم يحسب بعد,1,0,لم يحسب
برمجة وتطوير,https://khamsat.com/programming,تعريب قوالب ووردبريس,https://khamsat.com/programming/wordpress-localization,تعريب وترجمة قوالب ووردبريس من اللغة الانجليزية للعربية,https://khamsat.com/programming/wordpress-localization/2086328-%D8%AA%D8%B9%D8%B1%D9%8A%D8%A8-%D9%88%D8%AA%D8%B1%D8%AC%D9%85%D8%A9-%D9%82%D9%88%D8%A7%D9%84%D8%A8-%D9%88%D9%88%D8%B1%D8%AF%D8%A8%D8%B1%D9%8A%D8%B3-%D9%85%D9%86-%D8%A7%D9%84%D9%84%D8%BA%D8%A9-%D8%A7%D9%84%D8%A7%D9%86%D8%AC%D9%84%D9%8A%D8%B2%D9%8A%D8%A9-%D9%84%D9%84%D8%B9%D8%B1%D8%A8%D9%8A%D8%A9,5.0,1,8 ساعات,1,0,$5.00,يوم واحد,1,5,125.0,هبة ب.,https://khamsat.com/user/heba_batayneh,True,بائع جديد,5.0,2,50.0%,2,1,4 ساعات
برمجة وتطوير,https://khamsat.com/programming,تعريب قوالب ووردبريس,https://khamsat.com/programming/wordpress-localization,تعريب قوالب وإضافات ووردبريس مع الاتجاهات LTR & RTL,https://khamsat.com/programming/wordpress-localization/2789757-%D8%AA%D8%B9%D8%B1%D9%8A%D8%A8-%D9%82%D9%88%D8%A7%D9%84%D8%A8-%D9%88%D8%A5%D8%B6%D8%A7%D9%81%D8%A7%D8%AA-%D9%88%D9%88%D8%B1%D8%AF%D8%A8%D8%B1%D9%8A%D8%B3-%D9%85%D8%B9-%D8%A7%D9%84%D8%A7%D8%AA%D8%AC%D8%A7%D9%87%D8%A7%D8%AA-ltr-rtl,0.0,0,لم يحسب,0,0,$5.00,يوم واحد,0,0,0.0,.Ahmad S,https://khamsat.com/user/ahmad_sh_tr,False,مشتري جديد,5.0,1,100.0%,5,1,30 دقيقة
برمجة وتطوير,https://khamsat.com/programming,تعريب قوالب ووردبريس,https://khamsat.com/programming/wordpress-localization,تعريب محترف لقوالب الووردبريس,https://khamsat.com/programming/wordpress-localization/2131793-%D8%AA%D8%B9%D8%B1%D9%8A%D8%A8-%D9%85%D8%AD%D8%AA%D8%B1%D9%81-%D9%84%D9%82%D9%88%D8%A7%D9%84%D8%A8-%D8%A7%D9%84%D9%88%D9%88%D8%B1%D8%AF%D8%A8%D8%B1%D9%8A%D8%B3,5.0,1,ساعة,2,0,$5.00,يوم واحد,1,3,130.0,.Heba O,https://khamsat.com/user/hebaobaid,True,بائع نشيط,4.5,16,92.11%,3,18,6 ساعات
برمجة وتطوير,https://khamsat.com/programming,تعريب قوالب ووردبريس,https://khamsat.com/programming/wordpress-localization,تعريب متاجر eCommerce في WordPress باستخدام WPML,https://khamsat.com/programming/wordpress-localization/3040892-%D8%AA%D8%B9%D8%B1%D9%8A%D8%A8-%D9%85%D8%AA%D8%A7%D8%AC%D8%B1-ecommerce-%D9%81%D9%8A-wordpress-%D8%A8%D8%A7%D8%B3%D8%AA%D8%AE%D8%AF%D8%A7%D9%85-wpml,0.0,0,لم يحسب,0,0,$10.00,أسبوع,0,3,25.0,احمد ع.,https://khamsat.com/user/ahmedabd2lkarim,True,بائع جديد,0.0,0,لم يحسب بعد,2,0,لم يحسب
برمجة وتطوير,https://khamsat.com/programming,تعريب قوالب ووردبريس,https://khamsat.com/programming/wordpress-localization,تعريب أي قالب أو إضافة ووردبريس تحويل من إنجليزي إلى عربي,https://khamsat.com/programming/wordpress-localization/2012197-%D8%AA%D8%B9%D8%B1%D9%8A%D8%A8-%D8%A3%D9%8A-%D9%82%D8%A7%D9%84%D8%A8-%D8%A3%D9%88-%D8%A5%D8%B6%D8%A7%D9%81%D8%A9-%D9%88%D9%88%D8%B1%D8%AF%D8%A8%D8%B1%D9%8A%D8%B3-%D8%AA%D8%AD%D9%88%D9%8A%D9%84-%D9%85%D9%86-%D8%A5%D9%86%D8%AC%D9%84%D9%8A%D8%B2%D9%8A-%D8%A5%D9%84%D9%89-%D8%B9%D8%B1%D8%A8%D9%8A,0.0,0,لم يحسب,0,0,$10.00,يوم واحد,0,3,90.0,.Mahmoud H,https://khamsat.com/user/ma7moud33,True,بائع مميز,4.5,47,83.81%,7,78,11 ساعة
برمجة وتطوير,https://khamsat.com/programming,تعريب قوالب ووردبريس,https://khamsat.com/programming/wordpress-localization,ترجمة و تعريب قوالب او اضافات ووردبريس Wordpress,https://khamsat.com/programming/wordpress-localization/1673638-%D8%AA%D8%B1%D8%AC%D9%85%D8%A9-%D9%88-%D8%AA%D8%B9%D8%B1%D9%8A%D8%A8-%D9%82%D9%88%D8%A7%D9%84%D8%A8-%D8%A7%D9%88-%D8%A7%D8%B6%D8%A7%D9%81%D8%A7%D8%AA-%D9%88%D9%88%D8%B1%D8%AF%D8%A8%D8%B1%D9%8A%D8%B3-wordpress,5.0,4,3 ساعات,5,0,$5.00,يوم واحد,4,4,55.0,.Amr A,https://khamsat.com/user/bluedan21,True,مشتري جديد,5.0,4,87.5%,2,5,3 ساعات
برمجة وتطوير,https://khamsat.com/programming,تعريب قوالب ووردبريس,https://khamsat.com/programming/wordpress-localization,تعريب قالب ورد بريس للغة العربية,https://khamsat.com/programming/wordpress-localization/2844913-%D8%AA%D8%B9%D8%B1%D9%8A%D8%A8-%D9%82%D8%A7%D9%84%D8%A8-%D9%88%D8%B1%D8%AF-%D8%A8%D8%B1%D9%8A%D8%B3-%D9%84%D9%84%D8%BA%D8%A9-%D8%A7%D9%84%D8%B9%D8%B1%D8%A8%D9%8A%D8%A9,0.0,0,لم يحسب,0,0,$10.00,يوم واحد,0,4,25.0,.Dalia A,https://khamsat.com/user/dmk4des,True,بائع جديد,0.0,0,لم يحسب بعد,4,0,لم يحسب
برمجة وتطوير,https://khamsat.com/programming,تعريب قوالب ووردبريس,https://khamsat.com/programming/wordpress-localization,إضافة اللغة العربية أو الانجليزية للوردبريس مقابل 5$,https://khamsat.com/programming/wordpress-localization/1240058-%D8%A5%D8%B6%D8%A7%D9%81%D8%A9-%D8%A7%D9%84%D9%84%D8%BA%D8%A9-%D8%A7%D9%84%D8%B9%D8%B1%D8%A8%D9%8A%D8%A9-%D8%A3%D9%88-%D8%A7%D9%84%D8%A7%D9%86%D8%AC%D9%84%D9%8A%D8%B2%D9%8A%D8%A9-%D9%84%D9%84%D9%88%D8%B1%D8%AF%D8%A8%D8%B1%D9%8A%D8%B3-%D9%85%D9%82%D8%A7%D8%A8%D9%84-5,5.0,2,7 ساعات,3,0,$5.00,يومين,2,1,35.0,.Ammar B,https://khamsat.com/user/ammar-baha,True,بائع مميز,4.5,59,83.02%,5,66,4 ساعات
برمجة وتطوير,https://khamsat.com/programming,تعريب قوالب ووردبريس,https://khamsat.com/programming/wordpress-localization,قالب ماجنتو: تعريب وترجمة واضافة الخطوط العربية بإحترافية,https://khamsat.com/programming/wordpress-localization/625800-%D9%82%D8%A7%D9%84%D8%A8-%D9%85%D8%A7%D8%AC%D9%86%D8%AA%D9%88-%D8%AA%D8%B9%D8%B1%D9%8A%D8%A8-%D9%88%D8%AA%D8%B1%D8%AC%D9%85%D8%A9-%D9%88%D8%A7%D8%B6%D8%A7%D9%81%D8%A9-%D8%A7%D9%84%D8%AE%D8%B7%D9%88%D8%B7-%D8%A7%D9%84%D8%B9%D8%B1%D8%A8%D9%8A%D8%A9-%D8%A8%D8%A5%D8%AD%D8%AA%D8%B1%D8%A7%D9%81%D9%8A%D8%A9,4.5,6,17 دقيقة,7,0,$25.00,ثلاثة أيام,6,5,315.0,.Mohamed I,https://khamsat.com/user/sa3dy,True,بائع نشيط,4.5,27,70.63%,7,27,يومين
برمجة وتطوير,https://khamsat.com/programming,تعريب قوالب ووردبريس,https://khamsat.com/programming/wordpress-localization,تعريب اي اضافة للوردبريس بشكل كامل,https://khamsat.com/programming/wordpress-localization/770307-%D8%AA%D8%B9%D8%B1%D9%8A%D8%A8-%D8%A7%D9%8A-%D8%A7%D8%B6%D8%A7%D9%81%D8%A9-%D9%84%D9%84%D9%88%D8%B1%D8%AF%D8%A8%D8%B1%D9%8A%D8%B3-%D8%A8%D8%B4%D9%83%D9%84-%D9%83%D8%A7%D9%85%D9%84,5.0,14,ساعتين,16,0,$5.00,يومين,14,3,90.0,.Fadi H,https://khamsat.com/user/fadi-abboud,True,بائع مميز,4.5,179,90.63%,13,201,9 ساعات
برمجة وتطوير,https://khamsat.com/programming,تعريب قوالب ووردبريس,https://khamsat.com/programming/wordpress-localization,تعريب قالب وردبريس,https://khamsat.com/programming/wordpress-localization/3010053-%D8%AA%D8%B9%D8%B1%D9%8A%D8%A8-%D9%82%D8%A7%D9%84%D8%A8-%D9%88%D8%B1%D8%AF%D8%A8%D8%B1%D9%8A%D8%B3,0.0,0,لم يحسب,0,0,$10.00,يومين,0,0,0.0,.Ahmed S,https://khamsat.com/user/ahmedsiam25,True,بائع جديد,0.0,0,لم يحسب بعد,1,0,لم يحسب
برمجة وتطوير,https://khamsat.com/programming,تعريب قوالب ووردبريس,https://khamsat.com/programming/wordpress-localization,تعريب موقع الووردبريس بالكامل,https://khamsat.com/programming/wordpress-localization/2534293-%D8%AA%D8%B9%D8%B1%D9%8A%D8%A8-%D9%85%D9%88%D9%82%D8%B9-%D8%A7%D9%84%D9%88%D9%88%D8%B1%D8%AF%D8%A8%D8%B1%D9%8A%D8%B3-%D8%A8%D8%A7%D9%84%D9%83%D8%A7%D9%85%D9%84,0.0,0,لم يحسب,0,0,$10.00,يومين,0,2,25.0,.Ahmed S,https://khamsat.com/user/ahmedsouid,True,مشتري جديد,0.0,0,لم يحسب بعد,2,0,15 دقيقة
برمجة وتطوير,https://khamsat.com/programming,تعريب قوالب ووردبريس,https://khamsat.com/programming/wordpress-localization,قالب موقع استضافة عالمي متعدد اللغات يشمل wordpress,https://khamsat.com/programming/wordpress-localization/2468252-%D9%82%D8%A7%D9%84%D8%A8-%D9%85%D9%88%D9%82%D8%B9-%D8%A7%D8%B3%D8%AA%D8%B6%D8%A7%D9%81%D8%A9-%D8%B9%D8%A7%D9%84%D9%85%D9%8A-%D9%85%D8%AA%D8%B9%D8%AF%D8%AF-%D8%A7%D9%84%D9%84%D8%BA%D8%A7%D8%AA-%D9%8A%D8%B4%D9%85%D9%84-wordpress,0.0,0,لم يحسب,0,0,$10.00,يوم واحد,0,0,0.0,امجد ع.,https://khamsat.com/user/amjadosman,True,بائع جديد,0.0,0,لم يحسب بعد,4,0,9 دقائق
برمجة وتطوير,https://khamsat.com/programming,تعريب قوالب ووردبريس,https://khamsat.com/programming/wordpress-localization,تعريب اضافات الوورد بريس,https://khamsat.com/programming/wordpress-localization/1413660-%D8%AA%D8%B9%D8%B1%D9%8A%D8%A8-%D8%A7%D8%B6%D8%A7%D9%81%D8%A7%D8%AA-%D8%A7%D9%84%D9%88%D9%88%D8%B1%D8%AF-%D8%A8%D8%B1%D9%8A%D8%B3,0.0,0,يوم,1,0,$5.00,يومين,0,0,0.0,مريم ا.,https://khamsat.com/user/meryem199,True,بائع مميز,5.0,40,97.25%,4,46,7 ساعات
برمجة وتطوير,https://khamsat.com/programming,إصلاح مشكلات ووردبريس,https://khamsat.com/programming/wordpress-bug-fixes,اصلاح اي مشكلة موجودة في موقع وردبريس,https://khamsat.com/programming/wordpress-bug-fixes/2952214-%D8%A7%D8%B5%D9%84%D8%A7%D8%AD-%D8%A7%D9%8A-%D9%85%D8%B4%D9%83%D9%84%D8%A9-%D9%85%D9%88%D8%AC%D9%88%D8%AF%D8%A9-%D9%81%D9%8A-%D9%85%D9%88%D9%82%D8%B9-%D9%88%D8%B1%D8%AF%D8%A8%D8%B1%D9%8A%D8%B3,5.0,10,ساعة,11,0,$5.00,يوم واحد,10,4,70.0,.Mathew O,https://khamsat.com/user/mathew_osama,True,بائع مميز,5.0,14,94.44%,4,15,ساعتين
برمجة وتطوير,https://khamsat.com/programming,إصلاح مشكلات ووردبريس,https://khamsat.com/programming/wordpress-bug-fixes,اصلاح مشاكل الووردبريس Cpanel وغيرها,https://khamsat.com/programming/wordpress-bug-fixes/3005499-%D8%A7%D8%B5%D9%84%D8%A7%D8%AD-%D9%85%D8%B4%D8%A7%D9%83%D9%84-%D8%A7%D9%84%D9%88%D9%88%D8%B1%D8%AF%D8%A8%D8%B1%D9%8A%D8%B3-cpanel-%D9%88%D8%BA%D9%8A%D8%B1%D9%87%D8%A7,5.0,1,ساعة,1,0,$10.00,يوم واحد,1,2,15.0,ثائر ا.,https://khamsat.com/user/thaer_jamaly,True,بائع نشيط,5.0,20,64.86%,4,20,4 ساعات
برمجة وتطوير,https://khamsat.com/programming,إصلاح مشكلات ووردبريس,https://khamsat.com/programming/wordpress-bug-fixes,الدعم الفني لووردبريس,https://khamsat.com/programming/wordpress-bug-fixes/523491-%D8%A7%D9%84%D8%AF%D8%B9%D9%85-%D8%A7%D9%84%D9%81%D9%86%D9%8A-%D9%84%D9%88%D9%88%D8%B1%D8%AF%D8%A8%D8%B1%D9%8A%D8%B3,5.0,149,ساعة,164,0,$5.00,يوم واحد,25,5,100.0,عبد الهادي ا.,https://khamsat.com/user/%D8%B9%D8%A8%D8%AF-%D8%A7%D9%84%D9%87%D8%A7%D8%AF%D9%8A-%D8%A7%D8%B7%D9%88%D9%8A%D9%84,True,بائع موثوق,5.0,306,100.0%,3,301,5 ساعات
برمجة وتطوير,https://khamsat.com/programming,إصلاح مشكلات ووردبريس,https://khamsat.com/programming/wordpress-bug-fixes,إصلاح جميع أنواع المشاكل وأخطاء الووردبرس,https://khamsat.com/programming/wordpress-bug-fixes/2234168-%D8%A5%D8%B5%D9%84%D8%A7%D8%AD-%D8%AC%D9%85%D9%8A%D8%B9-%D8%A3%D9%86%D9%88%D8%A7%D8%B9-%D8%A7%D9%84%D9%85%D8%B4%D8%A7%D9%83%D9%84-%D9%88%D8%A3%D8%AE%D8%B7%D8%A7%D8%A1-%D8%A7%D9%84%D9%88%D9%88%D8%B1%D8%AF%D8%A8%D8%B1%D8%B3,5.0,15,17 دقيقة,19,0,$25.00,يوم واحد,15,5,95.0,عبد المعز ت.,https://khamsat.com/user/%D8%B9%D8%A8%D8%AF-%D8%A7%D9%84%D9%85%D8%B9%D8%B2-%D8%AA%D8%A7%D9%88%D9%84%D9%88,True,بائع مميز,5.0,156,87.2%,4,163,4 ساعات
برمجة وتطوير,https://khamsat.com/programming,إصلاح مشكلات ووردبريس,https://khamsat.com/programming/wordpress-bug-fixes,صيانة وتحديث الووردبريس والإضافات والصفحات اللازمة لمدونتك,https://khamsat.com/programming/wordpress-bug-fixes/1032699-%D8%B5%D9%8A%D8%A7%D9%86%D8%A9-%D9%88%D8%AA%D8%AD%D8%AF%D9%8A%D8%AB-%D8%A7%D9%84%D9%88%D9%88%D8%B1%D8%AF%D8%A8%D8%B1%D9%8A%D8%B3-%D9%88%D8%A7%D9%84%D8%A5%D8%B6%D8%A7%D9%81%D8%A7%D8%AA-%D9%88%D8%A7%D9%84%D8%B5%D9%81%D8%AD%D8%A7%D8%AA-%D8%A7%D9%84%D9%84%D8%A7%D8%B2%D9%85%D8%A9-%D9%84%D9%85%D8%AF%D9%88%D9%86%D8%AA%D9%83,5.0,75,4 ساعات,89,0,$5.00,أربعة أيام,25,1,5.0,.Amjad H,https://khamsat.com/user/%D8%A3%D9%85%D8%AC%D8%AF-%D9%81%D8%AA%D8%AD%D9%8A-%D8%AD%D9%85%D9%88%D8%AF%D8%A9,True,بائع مميز,5.0,203,85.96%,3,210,3 ساعات
برمجة وتطوير,https://khamsat.com/programming,إصلاح مشكلات ووردبريس,https://khamsat.com/programming/wordpress-bug-fixes,إصلاح مشاكل ووردبريس (Wordpress),https://khamsat.com/programming/wordpress-bug-fixes/2730502-%D8%A5%D8%B5%D9%84%D8%A7%D8%AD-%D9%85%D8%B4%D8%A7%D9%83%D9%84-%D9%88%D9%88%D8%B1%D8%AF%D8%A8%D8%B1%D9%8A%D8%B3-wordpress,5.0,8,46 دقيقة,8,0,$5.00,يوم واحد,8,5,220.0,.Yousef A,https://khamsat.com/user/%D8%B4%D8%B1%D9%83%D8%A9-%D8%A8%D8%B1%D9%85%D8%AC%D8%A9,True,بائع مميز,5.0,28,90.91%,3,29,ساعة
برمجة وتطوير,https://khamsat.com/programming,إصلاح مشكلات ووردبريس,https://khamsat.com/programming/wordpress-bug-fixes,صيانة وتحديث واصلاحات للوردبريس,https://khamsat.com/programming/wordpress-bug-fixes/1477935-%D8%B5%D9%8A%D8%A7%D9%86%D8%A9-%D9%88%D8%AA%D8%AD%D8%AF%D9%8A%D8%AB-%D9%88%D8%A7%D8%B5%D9%84%D8%A7%D8%AD%D8%A7%D8%AA-%D9%84%D9%84%D9%88%D8%B1%D8%AF%D8%A8%D8%B1%D9%8A%D8%B3,4.5,82,7 ساعات,91,0,$5.00,يومين,25,2,60.0,هبة ا.,https://khamsat.com/user/hebaekrayem,True,بائع مميز,4.5,126,95.65%,3,123,11 ساعة
برمجة وتطوير,https://khamsat.com/programming,إصلاح مشكلات ووردبريس,https://khamsat.com/programming/wordpress-bug-fixes,اصلاح مشكلات وازالة الفيروسات والملفات الضارة مواقع ووردبرس,https://khamsat.com/programming/wordpress-bug-fixes/3008562-%D8%A7%D8%B5%D9%84%D8%A7%D8%AD-%D9%85%D8%B4%D9%83%D9%84%D8%A7%D8%AA-%D9%88%D8%A7%D8%B2%D8%A7%D9%84%D8%A9-%D8%A7%D9%84%D9%81%D9%8A%D8%B1%D9%88%D8%B3%D8%A7%D8%AA-%D9%88%D8%A7%D9%84%D9%85%D9%84%D9%81%D8%A7%D8%AA-%D8%A7%D9%84%D8%B6%D8%A7%D8%B1%D8%A9-%D9%85%D9%88%D8%A7%D9%82%D8%B9-%D9%88%D9%88%D8%B1%D8%AF%D8%A8%D8%B1%D8%B3,5.0,1,يومين,1,0,$5.00,يوم واحد,1,4,175.0,.Ayman A,https://khamsat.com/user/ayman_ayad,True,بائع جديد,5.0,1,100.0%,5,1,يوم
برمجة وتطوير,https://khamsat.com/programming,إصلاح مشكلات ووردبريس,https://khamsat.com/programming/wordpress-bug-fixes,دعم فني لمدونة ووردبريس,https://khamsat.com/programming/wordpress-bug-fixes/1113704-%D8%AF%D8%B9%D9%85-%D9%81%D9%86%D9%8A-%D9%84%D9%85%D8%AF%D9%88%D9%86%D8%A9-%D9%88%D9%88%D8%B1%D8%AF%D8%A8%D8%B1%D9%8A%D8%B3,5.0,11,3 دقائق,13,0,$5.00,يوم واحد,11,1,5.0,إبراهيم و.,https://khamsat.com/user/ouhindan,True,بائع مميز,5.0,27,98.88%,6,29,ساعتين
برمجة وتطوير,https://khamsat.com/programming,إصلاح مشكلات ووردبريس,https://khamsat.com/programming/wordpress-bug-fixes,حل جميع مشاكل ووردبريس wordpress,https://khamsat.com/programming/wordpress-bug-fixes/1663778-%D8%AD%D9%84-%D8%AC%D9%85%D9%8A%D8%B9-%D9%85%D8%B4%D8%A7%D9%83%D9%84-%D9%88%D9%88%D8%B1%D8%AF%D8%A8%D8%B1%D9%8A%D8%B3-wordpress,5.0,24,9 دقائق,35,0,$15.00,يوم واحد,24,5,160.0,.Mostafa M,https://khamsat.com/user/business_online,True,بائع مميز,4.5,279,91.39%,3,312,ساعتين
برمجة وتطوير,https://khamsat.com/programming,إصلاح مشكلات ووردبريس,https://khamsat.com/programming/wordpress-bug-fixes,حل مشكلة بطئ موقع ووردبريس,https://khamsat.com/programming/wordpress-bug-fixes/2462843-%D8%AD%D9%84-%D9%85%D8%B4%D9%83%D9%84%D8%A9-%D8%A8%D8%B7%D8%A6-%D9%85%D9%88%D9%82%D8%B9-%D9%88%D9%88%D8%B1%D8%AF%D8%A8%D8%B1%D9%8A%D8%B3,5.0,2,6 دقائق,2,0,$10.00,ثلاثة أيام,2,3,65.0,عامر أ.,https://khamsat.com/user/palgooal,True,بائع نشيط,5.0,16,92.68%,6,13,ساعتين
برمجة وتطوير,https://khamsat.com/programming,إصلاح مشكلات ووردبريس,https://khamsat.com/programming/wordpress-bug-fixes,دعم فني وتعديل قوالب وورد بريس وحل جميع المشاكل,https://khamsat.com/programming/wordpress-bug-fixes/835130-%D8%AF%D8%B9%D9%85-%D9%81%D9%86%D9%8A-%D9%88%D8%AA%D8%B9%D8%AF%D9%8A%D9%84-%D9%82%D9%88%D8%A7%D9%84%D8%A8-%D9%88%D9%88%D8%B1%D8%AF-%D8%A8%D8%B1%D9%8A%D8%B3-%D9%88%D8%AD%D9%84-%D8%AC%D9%85%D9%8A%D8%B9-%D8%A7%D9%84%D9%85%D8%B4%D8%A7%D9%83%D9%84,4.5,42,36 دقيقة,52,0,$5.00,يومين,25,3,265.0,أحمد ح.,https://khamsat.com/user/web.man00,True,بائع مميز,4.5,50,94.2%,1,56,ساعة
برمجة وتطوير,https://khamsat.com/programming,إصلاح مشكلات ووردبريس,https://khamsat.com/programming/wordpress-bug-fixes,حل أيّة مشكلة في ووردبريس Wordpress,https://khamsat.com/programming/wordpress-bug-fixes/1496983-%D8%AD%D9%84-%D8%A3%D9%8A%D8%A9-%D9%85%D8%B4%D9%83%D9%84%D8%A9-%D9%81%D9%8A-%D9%88%D9%88%D8%B1%D8%AF%D8%A8%D8%B1%D9%8A%D8%B3-wordpress,5.0,42,ساعة,45,0,$10.00,يوم واحد,25,5,255.0,.Zakariae B,https://khamsat.com/user/zwebma,True,بائع مميز,5.0,64,89.58%,9,58,يوم
برمجة وتطوير,https://khamsat.com/programming,إصلاح مشكلات ووردبريس,https://khamsat.com/programming/wordpress-bug-fixes,اعادة توجيه كافة روابط موقعك ووردبريس الى https,https://khamsat.com/programming/wordpress-bug-fixes/2839492-%D8%A7%D8%B9%D8%A7%D8%AF%D8%A9-%D8%AA%D9%88%D8%AC%D9%8A%D9%87-%D9%83%D8%A7%D9%81%D8%A9-%D8%B1%D9%88%D8%A7%D8%A8%D8%B7-%D9%85%D9%88%D9%82%D8%B9%D9%83-%D9%88%D9%88%D8%B1%D8%AF%D8%A8%D8%B1%D9%8A%D8%B3-%D8%A7%D9%84%D9%89-https,5.0,1,لم يحسب,1,0,$25.00,يوم واحد,1,0,0.0,أنس أ.,https://khamsat.com/user/anasosama94,True,بائع مميز,4.5,96,87.44%,15,138,5 ساعات
برمجة وتطوير,https://khamsat.com/programming,إصلاح مشكلات ووردبريس,https://khamsat.com/programming/wordpress-bug-fixes,إصلاح جميع أخطاء ومشاكل مواقع الووردبريس باحترافية,https://khamsat.com/programming/wordpress-bug-fixes/2871270-%D8%A5%D8%B5%D9%84%D8%A7%D8%AD-%D8%AC%D9%85%D9%8A%D8%B9-%D8%A3%D8%AE%D8%B7%D8%A7%D8%A1-%D9%88%D9%85%D8%B4%D8%A7%D9%83%D9%84-%D9%85%D9%88%D8%A7%D9%82%D8%B9-%D8%A7%D9%84%D9%88%D9%88%D8%B1%D8%AF%D8%A8%D8%B1%D9%8A%D8%B3-%D8%A8%D8%A7%D8%AD%D8%AA%D8%B1%D8%A7%D9%81%D9%8A%D8%A9,5.0,3,5 دقائق,3,1,$5.00,يوم واحد,3,5,100.0,عبدالرحمن ع.,https://khamsat.com/user/abdelrahman_4144,True,بائع مميز,5.0,54,87.85%,6,47,ساعة
برمجة وتطوير,https://khamsat.com/programming,إصلاح مشكلات ووردبريس,https://khamsat.com/programming/wordpress-bug-fixes,حل مشاكل المتعلقة بمواقع الووردبريس,https://khamsat.com/programming/wordpress-bug-fixes/2749179-%D8%AD%D9%84-%D9%85%D8%B4%D8%A7%D9%83%D9%84-%D8%A7%D9%84%D9%85%D8%AA%D8%B9%D9%84%D9%82%D8%A9-%D8%A8%D9%85%D9%88%D8%A7%D9%82%D8%B9-%D8%A7%D9%84%D9%88%D9%88%D8%B1%D8%AF%D8%A8%D8%B1%D9%8A%D8%B3,4.5,10,45 دقيقة,17,2,$5.00,يومين,10,2,25.0,المهدي ا.,https://khamsat.com/user/%D8%A7%D9%84%D9%85%D9%87%D8%AF%D9%8A-%D8%A7%D9%84%D8%B2%D9%8A%D8%B2%D9%8A,True,بائع مميز,4.5,47,85.8%,9,53,ساعة
برمجة وتطوير,https://khamsat.com/programming,إصلاح مشكلات ووردبريس,https://khamsat.com/programming/wordpress-bug-fixes,حل مشاكل الوورد-ﭘرس بإحترافية وسرعة | 5$ فقط,https://khamsat.com/programming/wordpress-bug-fixes/1400687-%D8%AD%D9%84-%D9%85%D8%B4%D8%A7%D9%83%D9%84-%D8%A7%D9%84%D9%88%D9%88%D8%B1%D8%AF-%D8%B1%D8%B3-%D8%A8%D8%A5%D8%AD%D8%AA%D8%B1%D8%A7%D9%81%D9%8A%D8%A9-%D9%88%D8%B3%D8%B1%D8%B9%D8%A9-5-%D9%81%D9%82%D8%B7,4.5,23,16 دقيقة,29,0,$5.00,يوم واحد,23,1,5.0,عبد الفتاح ر.,https://khamsat.com/user/%D8%B9%D8%A8%D8%AF-%D8%A7%D9%84%D9%81%D8%AA%D8%A7%D8%AD-%D8%B1%D8%AD%D9%85%D8%A7%D9%86%D9%8A,True,بائع مميز,4.5,40,84.91%,4,43,15 ساعة
برمجة وتطوير,https://khamsat.com/programming,إصلاح مشكلات ووردبريس,https://khamsat.com/programming/wordpress-bug-fixes,اصلاح أي مشكلة تواجهك في وورد بريس و حلها من جذورها,https://khamsat.com/programming/wordpress-bug-fixes/2163260-%D8%A7%D8%B5%D9%84%D8%A7%D8%AD-%D8%A3%D9%8A-%D9%85%D8%B4%D9%83%D9%84%D8%A9-%D8%AA%D9%88%D8%A7%D8%AC%D9%87%D9%83-%D9%81%D9%8A-%D9%88%D9%88%D8%B1%D8%AF-%D8%A8%D8%B1%D9%8A%D8%B3-%D9%88-%D8%AD%D9%84%D9%87%D8%A7-%D9%85%D9%86-%D8%AC%D8%B0%D9%88%D8%B1%D9%87%D8%A7,5.0,1,3 دقائق,1,0,$5.00,يوم واحد,1,3,90.0,يوسف ا.,https://khamsat.com/user/yousef201993,True,بائع جديد,5.0,2,100.0%,4,3,3 أيام
برمجة وتطوير,https://khamsat.com/programming,إصلاح مشكلات ووردبريس,https://khamsat.com/programming/wordpress-bug-fixes,إصلاح مشاكل وأعطال مواقع الووردبريس باحترافية,https://khamsat.com/programming/wordpress-bug-fixes/3011990-%D8%A5%D8%B5%D9%84%D8%A7%D8%AD-%D9%85%D8%B4%D8%A7%D9%83%D9%84-%D9%88%D8%A3%D8%B9%D8%B7%D8%A7%D9%84-%D9%85%D9%88%D8%A7%D9%82%D8%B9-%D8%A7%D9%84%D9%88%D9%88%D8%B1%D8%AF%D8%A8%D8%B1%D9%8A%D8%B3-%D8%A8%D8%A7%D8%AD%D8%AA%D8%B1%D8%A7%D9%81%D9%8A%D8%A9,5.0,5,15 دقيقة,4,0,$5.00,يوم واحد,5,0,0.0,.Mahmoud N,https://khamsat.com/user/mahmoud_nour0802,True,بائع نشيط,5.0,11,93.75%,2,7,16 دقيقة
برمجة وتطوير,https://khamsat.com/programming,إصلاح مشكلات ووردبريس,https://khamsat.com/programming/wordpress-bug-fixes,خدمة تصليح اعطال المواقع التي تعمل بال php كالوردبرس,https://khamsat.com/programming/wordpress-bug-fixes/2140346-%D8%AE%D8%AF%D9%85%D8%A9-%D8%AA%D8%B5%D9%84%D9%8A%D8%AD-%D8%A7%D8%B9%D8%B7%D8%A7%D9%84-%D8%A7%D9%84%D9%85%D9%88%D8%A7%D9%82%D8%B9-%D8%A7%D9%84%D8%AA%D9%8A-%D8%AA%D8%B9%D9%85%D9%84-%D8%A8%D8%A7%D9%84-php-%D9%83%D8%A7%D9%84%D9%88%D8%B1%D8%AF%D8%A8%D8%B1%D8%B3,5.0,13,ساعة,15,0,$10.00,ثلاثة أيام,13,1,5.0,.Imad T,https://khamsat.com/user/dzpow,True,بائع نشيط,5.0,13,92.86%,1,15,ساعة
برمجة وتطوير,https://khamsat.com/programming,إصلاح مشكلات ووردبريس,https://khamsat.com/programming/wordpress-bug-fixes,حل اي مشاكل تواجهك بالووردبريس,https://khamsat.com/programming/wordpress-bug-fixes/1593148-%D8%AD%D9%84-%D8%A7%D9%8A-%D9%85%D8%B4%D8%A7%D9%83%D9%84-%D8%AA%D9%88%D8%A7%D8%AC%D9%87%D9%83-%D8%A8%D8%A7%D9%84%D9%88%D9%88%D8%B1%D8%AF%D8%A8%D8%B1%D9%8A%D8%B3,5.0,7,5 ساعات,7,0,$10.00,يوم واحد,7,1,20.0,هشام ح.,https://khamsat.com/user/heshamhussain,True,بائع مميز,5.0,18,92.42%,4,19,6 ساعات
برمجة وتطوير,https://khamsat.com/programming,إصلاح مشكلات ووردبريس,https://khamsat.com/programming/wordpress-bug-fixes,إصلاح اي مشكلة متعلقة بالوردبريس,https://khamsat.com/programming/wordpress-bug-fixes/1299479-%D8%A5%D8%B5%D9%84%D8%A7%D8%AD-%D8%A7%D9%8A-%D9%85%D8%B4%D9%83%D9%84%D8%A9-%D9%85%D8%AA%D8%B9%D9%84%D9%82%D8%A9-%D8%A8%D8%A7%D9%84%D9%88%D8%B1%D8%AF%D8%A8%D8%B1%D9%8A%D8%B3,5.0,49,59 دقيقة,70,0,$5.00,يوم واحد,25,5,155.0,.Abanoub A,https://khamsat.com/user/bebo2xd,True,بائع مميز,5.0,137,88.49%,6,163,9 ساعات
برمجة وتطوير,https://khamsat.com/programming,إصلاح مشكلات ووردبريس,https://khamsat.com/programming/wordpress-bug-fixes,دعم فني شامل لمواقع الووردبريس,https://khamsat.com/programming/wordpress-bug-fixes/2995015-%D8%AF%D8%B9%D9%85-%D9%81%D9%86%D9%8A-%D8%B4%D8%A7%D9%85%D9%84-%D9%84%D9%85%D9%88%D8%A7%D9%82%D8%B9-%D8%A7%D9%84%D9%88%D9%88%D8%B1%D8%AF%D8%A8%D8%B1%D9%8A%D8%B3,5.0,1,22 دقيقة,2,0,$15.00,ثلاثة أيام,1,5,220.0,.Adam S,https://khamsat.com/user/adamsouhaill,True,بائع نشيط,4.5,28,81.82%,3,31,4 ساعات
برمجة وتطوير,https://khamsat.com/programming,إصلاح مشكلات ووردبريس,https://khamsat.com/programming/wordpress-bug-fixes,تعديل و صيانة و حل مشاكل موقعك الووردبريس,https://khamsat.com/programming/wordpress-bug-fixes/2118312-%D8%AA%D8%B9%D8%AF%D9%8A%D9%84-%D9%88-%D8%B5%D9%8A%D8%A7%D9%86%D8%A9-%D9%88-%D8%AD%D9%84-%D9%85%D8%B4%D8%A7%D9%83%D9%84-%D9%85%D9%88%D9%82%D8%B9%D9%83-%D8%A7%D9%84%D9%88%D9%88%D8%B1%D8%AF%D8%A8%D8%B1%D9%8A%D8%B3,5.0,1,4 ساعات,3,0,$5.00,يوم واحد,1,2,40.0,.Anas S,https://khamsat.com/user/anasshaban,True,بائع نشيط,5.0,21,92.68%,5,26,ساعتين
برمجة وتطوير,https://khamsat.com/programming,إصلاح مشكلات ووردبريس,https://khamsat.com/programming/wordpress-bug-fixes,اصلاح اعطل و تركيب قوالب واضافت للمواقع Wordpress,https://khamsat.com/programming/wordpress-bug-fixes/225224-%D8%A7%D8%B5%D9%84%D8%A7%D8%AD-%D8%A7%D8%B9%D8%B7%D9%84-%D9%88-%D8%AA%D8%B1%D9%83%D9%8A%D8%A8-%D9%82%D9%88%D8%A7%D9%84%D8%A8-%D9%88%D8%A7%D8%B6%D8%A7%D9%81%D8%AA-%D9%84%D9%84%D9%85%D9%88%D8%A7%D9%82%D8%B9-wordpress,4.5,53,يوم,60,0,$5.00,أسبوع,25,3,15.0,.Mostafa A,https://khamsat.com/user/mshmomo,True,بائع مميز,4.5,131,75.4%,2,146,13 ساعة
برمجة وتطوير,https://khamsat.com/programming,إصلاح مشكلات ووردبريس,https://khamsat.com/programming/wordpress-bug-fixes,إصلاح جميع المشاكل والأمور المتعلقة ووردبريس,https://khamsat.com/programming/wordpress-bug-fixes/1824920-%D8%A5%D8%B5%D9%84%D8%A7%D8%AD-%D8%AC%D9%85%D9%8A%D8%B9-%D8%A7%D9%84%D9%85%D8%B4%D8%A7%D9%83%D9%84-%D9%88%D8%A7%D9%84%D8%A3%D9%85%D9%88%D8%B1-%D8%A7%D9%84%D9%85%D8%AA%D8%B9%D9%84%D9%82%D8%A9-%D9%88%D9%88%D8%B1%D8%AF%D8%A8%D8%B1%D9%8A%D8%B3,5.0,1,25 دقيقة,1,0,$5.00,يوم واحد,1,3,45.0,.Aseel H,https://khamsat.com/user/aseel_hassan,True,بائع جديد,5.0,1,100.0%,2,1,5 ساعات
برمجة وتطوير,https://khamsat.com/programming,إصلاح مشكلات ووردبريس,https://khamsat.com/programming/wordpress-bug-fixes,اصلاح مشاكل الوورد بريس والدعم الفني لذلك,https://khamsat.com/programming/wordpress-bug-fixes/1950099-%D8%A7%D8%B5%D9%84%D8%A7%D8%AD-%D9%85%D8%B4%D8%A7%D9%83%D9%84-%D8%A7%D9%84%D9%88%D9%88%D8%B1%D8%AF-%D8%A8%D8%B1%D9%8A%D8%B3-%D9%88%D8%A7%D9%84%D8%AF%D8%B9%D9%85-%D8%A7%D9%84%D9%81%D9%86%D9%8A-%D9%84%D8%B0%D9%84%D9%83,5.0,1,4 دقائق,1,0,$5.00,يوم واحد,1,2,45.0,اسراء ش.,https://khamsat.com/user/israashaqoura,True,بائع نشيط,5.0,5,100.0%,4,3,3 ساعات
برمجة وتطوير,https://khamsat.com/programming,إصلاح مشكلات ووردبريس,https://khamsat.com/programming/wordpress-bug-fixes,اصلاح اخطاء او تعديل او تركيب إضافات على ووردبريس,https://khamsat.com/programming/wordpress-bug-fixes/1592340-%D8%A7%D8%B5%D9%84%D8%A7%D8%AD-%D8%A7%D8%AE%D8%B7%D8%A7%D8%A1-%D8%A7%D9%88-%D8%AA%D8%B9%D8%AF%D9%8A%D9%84-%D8%A7%D9%88-%D8%AA%D8%B1%D9%83%D9%8A%D8%A8-%D8%A5%D8%B6%D8%A7%D9%81%D8%A7%D8%AA-%D8%B9%D9%84%D9%89-%D9%88%D9%88%D8%B1%D8%AF%D8%A8%D8%B1%D9%8A%D8%B3,5.0,1,26 دقيقة,2,0,$5.00,يوم واحد,1,0,0.0,ناصر ه.,https://khamsat.com/user/zakom,False,مشتري مميز,5.0,1,100.0%,2,2,3 أيام
برمجة وتطوير,https://khamsat.com/programming,إصلاح مشكلات ووردبريس,https://khamsat.com/programming/wordpress-bug-fixes,حل مشاكل الووردبريس وتسريعه وتحديث الاضافات الضرورية لموقعك,https://khamsat.com/programming/wordpress-bug-fixes/1926147-%D8%AD%D9%84-%D9%85%D8%B4%D8%A7%D9%83%D9%84-%D8%A7%D9%84%D9%88%D9%88%D8%B1%D8%AF%D8%A8%D8%B1%D9%8A%D8%B3-%D9%88%D8%AA%D8%B3%D8%B1%D9%8A%D8%B9%D9%87-%D9%88%D8%AA%D8%AD%D8%AF%D9%8A%D8%AB-%D8%A7%D9%84%D8%A7%D8%B6%D8%A7%D9%81%D8%A7%D8%AA-%D8%A7%D9%84%D8%B6%D8%B1%D9%88%D8%B1%D9%8A%D8%A9-%D9%84%D9%85%D9%88%D9%82%D8%B9%D9%83,5.0,25,ساعة,31,0,$10.00,يوم واحد,25,0,0.0,.Eslam R,https://khamsat.com/user/eslam71,True,بائع مميز,4.5,38,76.25%,0,45,47 دقيقة
برمجة وتطوير,https://khamsat.com/programming,إصلاح مشكلات ووردبريس,https://khamsat.com/programming/wordpress-bug-fixes,تعديل و اصلاح قوالب ووردبريس,https://khamsat.com/programming/wordpress-bug-fixes/648929-%D8%AA%D8%B9%D8%AF%D9%8A%D9%84-%D9%88-%D8%A7%D8%B5%D9%84%D8%A7%D8%AD-%D9%82%D9%88%D8%A7%D9%84%D8%A8-%D9%88%D9%88%D8%B1%D8%AF%D8%A8%D8%B1%D9%8A%D8%B3,4.5,21,يوم,22,0,$5.00,يومين,21,4,60.0,.Bola N,https://khamsat.com/user/egysoldier,True,بائع نشيط,4.5,27,84.48%,1,27,يوم
برمجة وتطوير,https://khamsat.com/programming,تحسين سرعة ووردبريس,https://khamsat.com/programming/wordpress-performance,تسريع موقعك الووردبريس وتأمينه وتحديثه وتنظيفه,https://khamsat.com/programming/wordpress-performance/1994978-%D8%AA%D8%B3%D8%B1%D9%8A%D8%B9-%D9%85%D9%88%D9%82%D8%B9%D9%83-%D8%A7%D9%84%D9%88%D9%88%D8%B1%D8%AF%D8%A8%D8%B1%D9%8A%D8%B3-%D9%88%D8%AA%D8%A3%D9%85%D9%8A%D9%86%D9%87-%D9%88%D8%AA%D8%AD%D8%AF%D9%8A%D8%AB%D9%87-%D9%88%D8%AA%D9%86%D8%B8%D9%8A%D9%81%D9%87,5.0,34,10 دقائق,46,0,$25.00,يوم واحد,25,1,25.0,.Mostafa M,https://khamsat.com/user/business_online,True,بائع مميز,4.5,279,91.39%,3,312,ساعتين
برمجة وتطوير,https://khamsat.com/programming,تحسين سرعة ووردبريس,https://khamsat.com/programming/wordpress-performance,تحسين سرعة الموقع والسيو على الوردبريس,https://khamsat.com/programming/wordpress-performance/1628763-%D8%AA%D8%AD%D8%B3%D9%8A%D9%86-%D8%B3%D8%B1%D8%B9%D8%A9-%D8%A7%D9%84%D9%85%D9%88%D9%82%D8%B9-%D9%88%D8%A7%D9%84%D8%B3%D9%8A%D9%88-%D8%B9%D9%84%D9%89-%D8%A7%D9%84%D9%88%D8%B1%D8%AF%D8%A8%D8%B1%D9%8A%D8%B3,5.0,31,4 ساعات,34,0,$25.00,ثلاثة أيام,25,1,30.0,.Ahmed F,https://khamsat.com/user/seo_sky,True,بائع مميز,5.0,204,85.95%,15,134,5 ساعات
برمجة وتطوير,https://khamsat.com/programming,تحسين سرعة ووردبريس,https://khamsat.com/programming/wordpress-performance,تركيب وضبط اضافة WP-Rocket للوردبريس تحسين سرعة التحميل وSEO,https://khamsat.com/programming/wordpress-performance/2988169-%D8%AA%D8%B1%D9%83%D9%8A%D8%A8-%D9%88%D8%B6%D8%A8%D8%B7-%D8%A7%D8%B6%D8%A7%D9%81%D8%A9-wp-rocket-%D9%84%D9%84%D9%88%D8%B1%D8%AF%D8%A8%D8%B1%D9%8A%D8%B3-%D8%AA%D8%AD%D8%B3%D9%8A%D9%86-%D8%B3%D8%B1%D8%B9%D8%A9-%D8%A7%D9%84%D8%AA%D8%AD%D9%85%D9%8A%D9%84-%D9%88seo,5.0,1,ساعة,1,0,$10.00,يوم واحد,1,0,0.0,.Eslam H,https://khamsat.com/user/eslammedia22,True,بائع جديد,5.0,3,33.33%,5,1,23 دقيقة
برمجة وتطوير,https://khamsat.com/programming,تحسين سرعة ووردبريس,https://khamsat.com/programming/wordpress-performance,سأرفع سرعة موقعك الووردبريس على google pagespeed و gtmetrix,https://khamsat.com/programming/wordpress-performance/1912411-%D8%B3%D8%A3%D8%B1%D9%81%D8%B9-%D8%B3%D8%B1%D8%B9%D8%A9-%D9%85%D9%88%D9%82%D8%B9%D9%83-%D8%A7%D9%84%D9%88%D9%88%D8%B1%D8%AF%D8%A8%D8%B1%D9%8A%D8%B3-%D8%B9%D9%84%D9%89-google-pagespeed-%D9%88-gtmetrix,5.0,10,ساعة,15,0,$10.00,يومين,10,4,50.0,اسامة ا.,https://khamsat.com/user/didjisoft,True,بائع مميز,5.0,119,94.68%,3,190,5 ساعات
برمجة وتطوير,https://khamsat.com/programming,تحسين سرعة ووردبريس,https://khamsat.com/programming/wordpress-performance,تركيب وضبط اضافة WP-Rocket للوردبريس تحسين سرعة التحميل وSEO,https://khamsat.com/programming/wordpress-performance/696710-%D8%AA%D8%B1%D9%83%D9%8A%D8%A8-%D9%88%D8%B6%D8%A8%D8%B7-%D8%A7%D8%B6%D8%A7%D9%81%D8%A9-wp-rocket-%D9%84%D9%84%D9%88%D8%B1%D8%AF%D8%A8%D8%B1%D9%8A%D8%B3-%D8%AA%D8%AD%D8%B3%D9%8A%D9%86-%D8%B3%D8%B1%D8%B9%D8%A9-%D8%A7%D9%84%D8%AA%D8%AD%D9%85%D9%8A%D9%84-%D9%88seo,5.0,2,يوم,3,0,$15.00,يوم واحد,2,2,105.0,.Mohamed I,https://khamsat.com/user/sa3dy,True,بائع نشيط,4.5,27,70.63%,7,27,يومين
برمجة وتطوير,https://khamsat.com/programming,تحسين سرعة ووردبريس,https://khamsat.com/programming/wordpress-performance,إنشاء وتحسين أداء متجرك الإلكتروني على ووردبريس,https://khamsat.com/programming/wordpress-performance/2731640-%D8%A5%D9%86%D8%B4%D8%A7%D8%A1-%D9%88%D8%AA%D8%AD%D8%B3%D9%8A%D9%86-%D8%A3%D8%AF%D8%A7%D8%A1-%D9%85%D8%AA%D8%AC%D8%B1%D9%83-%D8%A7%D9%84%D8%A5%D9%84%D9%83%D8%AA%D8%B1%D9%88%D9%86%D9%8A-%D8%B9%D9%84%D9%89-%D9%88%D9%88%D8%B1%D8%AF%D8%A8%D8%B1%D9%8A%D8%B3,5.0,2,ساعة,2,0,$25.00,يومين,2,5,280.0,عبدالرحمان ا.,https://khamsat.com/user/menhaj_media,True,بائع مميز,4.5,27,87.69%,3,33,ساعتين
برمجة وتطوير,https://khamsat.com/programming,تحسين سرعة ووردبريس,https://khamsat.com/programming/wordpress-performance,تحسين و تسريع مواقع الويب بطرق احترافية و بدون اضافات,https://khamsat.com/programming/wordpress-performance/2122555-%D8%AA%D8%AD%D8%B3%D9%8A%D9%86-%D9%88-%D8%AA%D8%B3%D8%B1%D9%8A%D8%B9-%D9%85%D9%88%D8%A7%D9%82%D8%B9-%D8%A7%D9%84%D9%88%D9%8A%D8%A8-%D8%A8%D8%B7%D8%B1%D9%82-%D8%A7%D8%AD%D8%AA%D8%B1%D8%A7%D9%81%D9%8A%D8%A9-%D9%88-%D8%A8%D8%AF%D9%88%D9%86-%D8%A7%D8%B6%D8%A7%D9%81%D8%A7%D8%AA,5.0,6,4 أيام,5,0,$15.00,يوم واحد,6,4,250.0,رقيب ا.,https://khamsat.com/user/raqeeb,True,بائع مميز,5.0,27,93.33%,5,18,11 ساعة
برمجة وتطوير,https://khamsat.com/programming,تحسين سرعة ووردبريس,https://khamsat.com/programming/wordpress-performance,إجعل موقعك الووردبريس ينافس الصواريخ في السرعة مع الضمان,https://khamsat.com/programming/wordpress-performance/2764135-%D8%A5%D8%AC%D8%B9%D9%84-%D9%85%D9%88%D9%82%D8%B9%D9%83-%D8%A7%D9%84%D9%88%D9%88%D8%B1%D8%AF%D8%A8%D8%B1%D9%8A%D8%B3-%D9%8A%D9%86%D8%A7%D9%81%D8%B3-%D8%A7%D9%84%D8%B5%D9%88%D8%A7%D8%B1%D9%8A%D8%AE-%D9%81%D9%8A-%D8%A7%D9%84%D8%B3%D8%B1%D8%B9%D8%A9-%D9%85%D8%B9-%D8%A7%D9%84%D8%B6%D9%85%D8%A7%D9%86,5.0,4,ساعتين,4,0,$20.00,يوم واحد,4,2,10.0,.Mohamed E,https://khamsat.com/user/memadhomsi,True,بائع نشيط,5.0,27,65.57%,9,25,ساعة
برمجة وتطوير,https://khamsat.com/programming,تحسين سرعة ووردبريس,https://khamsat.com/programming/wordpress-performance,تسريع مواقع الووردبرس,https://khamsat.com/programming/wordpress-performance/1535364-%D8%AA%D8%B3%D8%B1%D9%8A%D8%B9-%D9%85%D9%88%D8%A7%D9%82%D8%B9-%D8%A7%D9%84%D9%88%D9%88%D8%B1%D8%AF%D8%A8%D8%B1%D8%B3,5.0,5,ساعتين,5,0,$35.00,يوم واحد,5,1,5.0,.Khaled A,https://khamsat.com/user/khaledashrafmohy,True,بائع مميز,5.0,56,88.54%,11,49,59 دقيقة
برمجة وتطوير,https://khamsat.com/programming,تحسين سرعة ووردبريس,https://khamsat.com/programming/wordpress-performance,تعديل و تحسين مواقع و متاجر الكترونية,https://khamsat.com/programming/wordpress-performance/2072284-%D8%AA%D8%B9%D8%AF%D9%8A%D9%84-%D9%88-%D8%AA%D8%AD%D8%B3%D9%8A%D9%86-%D9%85%D9%88%D8%A7%D9%82%D8%B9-%D9%88-%D9%85%D8%AA%D8%A7%D8%AC%D8%B1-%D8%A7%D9%84%D9%83%D8%AA%D8%B1%D9%88%D9%86%D9%8A%D8%A9,0.0,0,46 دقيقة,1,0,$5.00,يوم واحد,0,1,5.0,محمد ر.,https://khamsat.com/user/mohamed-roubai,True,بائع جديد,0.0,0,75.0%,2,1,ساعة
برمجة وتطوير,https://khamsat.com/programming,تحسين سرعة ووردبريس,https://khamsat.com/programming/wordpress-performance,تسريع مواقع الووردبريس بنسبة 80 بالمئة وأكثر,https://khamsat.com/programming/wordpress-performance/1618276-%D8%AA%D8%B3%D8%B1%D9%8A%D8%B9-%D9%85%D9%88%D8%A7%D9%82%D8%B9-%D8%A7%D9%84%D9%88%D9%88%D8%B1%D8%AF%D8%A8%D8%B1%D9%8A%D8%B3-%D8%A8%D9%86%D8%B3%D8%A8%D8%A9-80-%D8%A8%D8%A7%D9%84%D9%85%D8%A6%D8%A9-%D9%88%D8%A3%D9%83%D8%AB%D8%B1,5.0,16,29 دقيقة,20,0,$10.00,يوم واحد,16,5,105.0,.Mostafa A,https://khamsat.com/user/mostafalashi,True,بائع موثوق,5.0,417,80.11%,6,448,3 ساعات
برمجة وتطوير,https://khamsat.com/programming,تحسين سرعة ووردبريس,https://khamsat.com/programming/wordpress-performance,سأقوم بتسريع موقعك وردبريس إلى أقصى حد ممكن,https://khamsat.com/programming/wordpress-performance/1130635-%D8%B3%D8%A3%D9%82%D9%88%D9%85-%D8%A8%D8%AA%D8%B3%D8%B1%D9%8A%D8%B9-%D9%85%D9%88%D9%82%D8%B9%D9%83-%D9%88%D8%B1%D8%AF%D8%A8%D8%B1%D9%8A%D8%B3-%D8%A5%D9%84%D9%89-%D8%A3%D9%82%D8%B5%D9%89-%D8%AD%D8%AF-%D9%85%D9%85%D9%83%D9%86,4.5,7,ساعتين,6,0,$5.00,يوم واحد,7,5,90.0,عادل ا.,https://khamsat.com/user/%D8%B9%D8%A7%D8%AF%D9%84-%D8%A7%D9%84%D9%87%D9%88%D9%8A%D8%B1,True,بائع نشيط,5.0,16,93.1%,6,11,يومين
برمجة وتطوير,https://khamsat.com/programming,تحسين سرعة ووردبريس,https://khamsat.com/programming/wordpress-performance,تسريع مواقع الووردبرس WordPress على محركات البحت,https://khamsat.com/programming/wordpress-performance/2437666-%D8%AA%D8%B3%D8%B1%D9%8A%D8%B9-%D9%85%D9%88%D8%A7%D9%82%D8%B9-%D8%A7%D9%84%D9%88%D9%88%D8%B1%D8%AF%D8%A8%D8%B1%D8%B3-wordpress-%D8%B9%D9%84%D9%89-%D9%85%D8%AD%D8%B1%D9%83%D8%A7%D8%AA-%D8%A7%D9%84%D8%A8%D8%AD%D8%AA,5.0,8,6 ساعات,10,0,$10.00,يوم واحد,8,3,20.0,.Abdellah E,https://khamsat.com/user/wp_official,True,بائع نشيط,4.5,23,87.18%,4,21,4 ساعات
برمجة وتطوير,https://khamsat.com/programming,تحسين سرعة ووردبريس,https://khamsat.com/programming/wordpress-performance,زيادة سرعة موقعك,https://khamsat.com/programming/wordpress-performance/586319-%D8%B2%D9%8A%D8%A7%D8%AF%D8%A9-%D8%B3%D8%B1%D8%B9%D8%A9-%D9%85%D9%88%D9%82%D8%B9%D9%83,5.0,6,12 دقيقة,6,0,$10.00,ثلاثة أيام,6,2,15.0,.Ahmed N,https://khamsat.com/user/gun_gack2000,False,مشتري مميز,5.0,15,46.88%,3,27,يومين
برمجة وتطوير,https://khamsat.com/programming,تحسين سرعة ووردبريس,https://khamsat.com/programming/wordpress-performance,تسريع موقع الووردبرس وتطويره والعمل على إصلاح مشاكله,https://khamsat.com/programming/wordpress-performance/2062040-%D8%AA%D8%B3%D8%B1%D9%8A%D8%B9-%D9%85%D9%88%D9%82%D8%B9-%D8%A7%D9%84%D9%88%D9%88%D8%B1%D8%AF%D8%A8%D8%B1%D8%B3-%D9%88%D8%AA%D8%B7%D9%88%D9%8A%D8%B1%D9%87-%D9%88%D8%A7%D9%84%D8%B9%D9%85%D9%84-%D8%B9%D9%84%D9%89-%D8%A5%D8%B5%D9%84%D8%A7%D8%AD-%D9%85%D8%B4%D8%A7%D9%83%D9%84%D9%87,5.0,1,42 دقيقة,3,0,$5.00,يوم واحد,1,2,60.0,سندس ا.,https://khamsat.com/user/sondosz,True,بائع نشيط,5.0,6,78.95%,4,4,ساعتين
برمجة وتطوير,https://khamsat.com/programming,تحسين سرعة ووردبريس,https://khamsat.com/programming/wordpress-performance,تحسين وتسريع اداء وسرعة موقع الووردبريس الخاص بك,https://khamsat.com/programming/wordpress-performance/2865965-%D8%AA%D8%AD%D8%B3%D9%8A%D9%86-%D9%88%D8%AA%D8%B3%D8%B1%D9%8A%D8%B9-%D8%A7%D8%AF%D8%A7%D8%A1-%D9%88%D8%B3%D8%B1%D8%B9%D8%A9-%D9%85%D9%88%D9%82%D8%B9-%D8%A7%D9%84%D9%88%D9%88%D8%B1%D8%AF%D8%A8%D8%B1%D9%8A%D8%B3-%D8%A7%D9%84%D8%AE%D8%A7%D8%B5-%D8%A8%D9%83,5.0,1,ساعة,1,0,$20.00,ثلاثة أيام,1,0,0.0,.Ismail O,https://khamsat.com/user/ismail55,True,بائع مميز,4.5,54,82.95%,7,59,ساعتين
برمجة وتطوير,https://khamsat.com/programming,تحسين سرعة ووردبريس,https://khamsat.com/programming/wordpress-performance,تسريع الوردبريس علي Google Page Speed insights ورفع الأداء,https://khamsat.com/programming/wordpress-performance/1315733-%D8%AA%D8%B3%D8%B1%D9%8A%D8%B9-%D8%A7%D9%84%D9%88%D8%B1%D8%AF%D8%A8%D8%B1%D9%8A%D8%B3-%D8%B9%D9%84%D9%8A-google-page-speed-insights-%D9%88%D8%B1%D9%81%D8%B9-%D8%A7%D9%84%D8%A3%D8%AF%D8%A7%D8%A1,5.0,4,3 ساعات,5,0,$5.00,يوم واحد,4,4,115.0,عبدالله ج.,https://khamsat.com/user/abdullah_gamall,True,بائع نشيط,5.0,9,52.63%,5,8,6 ساعات
برمجة وتطوير,https://khamsat.com/programming,تحسين سرعة ووردبريس,https://khamsat.com/programming/wordpress-performance,إصلاح و تسريع موقعك بإحترافية,https://khamsat.com/programming/wordpress-performance/1854720-%D8%A5%D8%B5%D9%84%D8%A7%D8%AD-%D9%88-%D8%AA%D8%B3%D8%B1%D9%8A%D8%B9-%D9%85%D9%88%D9%82%D8%B9%D9%83-%D8%A8%D8%A5%D8%AD%D8%AA%D8%B1%D8%A7%D9%81%D9%8A%D8%A9,5.0,5,ساعة,6,0,$5.00,ثلاثة أيام,5,5,90.0,إيمان ع.,https://khamsat.com/user/eman_aqel,True,بائع نشيط,5.0,6,76.92%,5,6,6 ساعات
برمجة وتطوير,https://khamsat.com/programming,تحسين سرعة ووردبريس,https://khamsat.com/programming/wordpress-performance,تحسين سرعة الموقع بما يزيد عن 95% إلى 99% باحترافيّة عالية,https://khamsat.com/programming/wordpress-performance/1915424-%D8%AA%D8%AD%D8%B3%D9%8A%D9%86-%D8%B3%D8%B1%D8%B9%D8%A9-%D8%A7%D9%84%D9%85%D9%88%D9%82%D8%B9-%D8%A8%D9%85%D8%A7-%D9%8A%D8%B2%D9%8A%D8%AF-%D8%B9%D9%86-95-%D8%A5%D9%84%D9%89-99-%D8%A8%D8%A7%D8%AD%D8%AA%D8%B1%D8%A7%D9%81%D9%8A%D8%A9-%D8%B9%D8%A7%D9%84%D9%8A%D8%A9,5.0,13,11 يوم,11,0,$5.00,يوم واحد,13,1,15.0,.Maher B,https://khamsat.com/user/maher_hassan,True,بائع نشيط,5.0,13,77.27%,2,11,6 أيام
برمجة وتطوير,https://khamsat.com/programming,تحسين سرعة ووردبريس,https://khamsat.com/programming/wordpress-performance,"متخصص سيو (SEO) , تحسين محركات البحث , تحليل المنافسين",https://khamsat.com/programming/wordpress-performance/3016540-%D9%85%D8%AA%D8%AE%D8%B5%D8%B5-%D8%B3%D9%8A%D9%88-seo-%D8%AA%D8%AD%D8%B3%D9%8A%D9%86-%D9%85%D8%AD%D8%B1%D9%83%D8%A7%D8%AA-%D8%A7%D9%84%D8%A8%D8%AD%D8%AB-%D8%AA%D8%AD%D9%84%D9%8A%D9%84-%D8%A7%D9%84%D9%85%D9%86%D8%A7%D9%81%D8%B3%D9%8A%D9%86,0.0,0,لم يحسب,0,0,$5.00,ثلاثة أيام,0,3,15.0,أحمد ع.,https://khamsat.com/user/yaunis_1995,True,بائع جديد,0.0,0,لم يحسب بعد,2,0,لم يحسب
برمجة وتطوير,https://khamsat.com/programming,تحسين سرعة ووردبريس,https://khamsat.com/programming/wordpress-performance,خدمة تسريع موقعك في ورد برس واستشارة لحل المشاكل,https://khamsat.com/programming/wordpress-performance/2506235-%D8%AE%D8%AF%D9%85%D8%A9-%D8%AA%D8%B3%D8%B1%D9%8A%D8%B9-%D9%85%D9%88%D9%82%D8%B9%D9%83-%D9%81%D9%8A-%D9%88%D8%B1%D8%AF-%D8%A8%D8%B1%D8%B3-%D9%88%D8%A7%D8%B3%D8%AA%D8%B4%D8%A7%D8%B1%D8%A9-%D9%84%D8%AD%D9%84-%D8%A7%D9%84%D9%85%D8%B4%D8%A7%D9%83%D9%84,0.0,0,لم يحسب,0,0,$5.00,يومين,0,0,0.0,.Mohamad J,https://khamsat.com/user/lord-james,False,مشتري مميز,0.0,15,85.29%,4,24,13 ساعة
برمجة وتطوير,https://khamsat.com/programming,تحسين سرعة ووردبريس,https://khamsat.com/programming/wordpress-performance,تسريع موقعك ووردبريس إلى أقصى سرعة,https://khamsat.com/programming/wordpress-performance/2980591-%D8%AA%D8%B3%D8%B1%D9%8A%D8%B9-%D9%85%D9%88%D9%82%D8%B9%D9%83-%D9%88%D9%88%D8%B1%D8%AF%D8%A8%D8%B1%D9%8A%D8%B3-%D8%A5%D9%84%D9%89-%D8%A3%D9%82%D8%B5%D9%89-%D8%B3%D8%B1%D8%B9%D8%A9,0.0,0,لم يحسب,0,0,$5.00,يوم واحد,0,0,0.0,.Hazem A,https://khamsat.com/user/hazem77hyper,True,مشتري جاد,0.0,0,لم يحسب بعد,2,0,لم يحسب
برمجة وتطوير,https://khamsat.com/programming,تحسين سرعة ووردبريس,https://khamsat.com/programming/wordpress-performance,تسريع مواقع الووردبريس بطرق متقدمه ومتوافقه تماماً مع السيو,https://khamsat.com/programming/wordpress-performance/2842773-%D8%AA%D8%B3%D8%B1%D9%8A%D8%B9-%D9%85%D9%88%D8%A7%D9%82%D8%B9-%D8%A7%D9%84%D9%88%D9%88%D8%B1%D8%AF%D8%A8%D8%B1%D9%8A%D8%B3-%D8%A8%D8%B7%D8%B1%D9%82-%D9%85%D8%AA%D9%82%D8%AF%D9%85%D9%87-%D9%88%D9%85%D8%AA%D9%88%D8%A7%D9%81%D9%82%D9%87-%D8%AA%D9%85%D8%A7%D9%85%D8%A7-%D9%85%D8%B9-%D8%A7%D9%84%D8%B3%D9%8A%D9%88,5.0,3,3 ساعات,4,1,$10.00,يوم واحد,3,3,35.0,.Moaz E,https://khamsat.com/user/moazeldegwy,True,بائع جديد,5.0,3,66.67%,1,4,3 ساعات
برمجة وتطوير,https://khamsat.com/programming,تحسين سرعة ووردبريس,https://khamsat.com/programming/wordpress-performance,رفع المقالات على ووردبريس وتنسيقها وتهيئتها للسيو,https://khamsat.com/programming/wordpress-performance/1839044-%D8%B1%D9%81%D8%B9-%D8%A7%D9%84%D9%85%D9%82%D8%A7%D9%84%D8%A7%D8%AA-%D8%B9%D9%84%D9%89-%D9%88%D9%88%D8%B1%D8%AF%D8%A8%D8%B1%D9%8A%D8%B3-%D9%88%D8%AA%D9%86%D8%B3%D9%8A%D9%82%D9%87%D8%A7-%D9%88%D8%AA%D9%87%D9%8A%D8%A6%D8%AA%D9%87%D8%A7-%D9%84%D9%84%D8%B3%D9%8A%D9%88,0.0,0,34 دقيقة,0,0,$5.00,ثلاثة أيام,0,3,30.0,حامد ا.,https://khamsat.com/user/hamedalkas,True,بائع نشيط,5.0,12,84.0%,6,14,4 ساعات
برمجة وتطوير,https://khamsat.com/programming,تحسين سرعة ووردبريس,https://khamsat.com/programming/wordpress-performance,تركيبWP Rocket لزيادة سرعة الوردبريس وElementor pro فى خدمة1,https://khamsat.com/programming/wordpress-performance/2529345-%D8%AA%D8%B1%D9%83%D9%8A%D8%A8wp-rocket-%D9%84%D8%B2%D9%8A%D8%A7%D8%AF%D8%A9-%D8%B3%D8%B1%D8%B9%D8%A9-%D8%A7%D9%84%D9%88%D8%B1%D8%AF%D8%A8%D8%B1%D9%8A%D8%B3-%D9%88elementor-pro-%D9%81%D9%89-%D8%AE%D8%AF%D9%85%D8%A91,0.0,0,لم يحسب,0,0,$5.00,يوم واحد,0,2,15.0,.Mohamed Y,https://khamsat.com/user/mohamed_younes0,True,بائع جديد,0.0,0,لم يحسب بعد,2,0,4 ساعات
برمجة وتطوير,https://khamsat.com/programming,تحسين سرعة ووردبريس,https://khamsat.com/programming/wordpress-performance,تسريع المتاجر والمواقع wordprees,https://khamsat.com/programming/wordpress-performance/2073955-%D8%AA%D8%B3%D8%B1%D9%8A%D8%B9-%D8%A7%D9%84%D9%85%D8%AA%D8%A7%D8%AC%D8%B1-%D9%88%D8%A7%D9%84%D9%85%D9%88%D8%A7%D9%82%D8%B9-wordprees,4.5,6,6 ساعات,5,0,$10.00,يوم واحد,6,1,30.0,ايمان ص.,https://khamsat.com/user/eman_wp,True,بائع نشيط,5.0,25,92.68%,4,24,يوم
برمجة وتطوير,https://khamsat.com/programming,تحسين سرعة ووردبريس,https://khamsat.com/programming/wordpress-performance,تسريع موقعك باحترافية,https://khamsat.com/programming/wordpress-performance/1458344-%D8%AA%D8%B3%D8%B1%D9%8A%D8%B9-%D9%85%D9%88%D9%82%D8%B9%D9%83-%D8%A8%D8%A7%D8%AD%D8%AA%D8%B1%D8%A7%D9%81%D9%8A%D8%A9,5.0,9,7 ساعات,12,0,$25.00,يوم واحد,9,0,0.0,.Abanoub A,https://khamsat.com/user/bebo2xd,True,بائع مميز,5.0,137,88.49%,6,163,9 ساعات
برمجة وتطوير,https://khamsat.com/programming,تحسين سرعة ووردبريس,https://khamsat.com/programming/wordpress-performance,تسريع موقع وردبرس wordpress,https://khamsat.com/programming/wordpress-performance/1866763-%D8%AA%D8%B3%D8%B1%D9%8A%D8%B9-%D9%85%D9%88%D9%82%D8%B9-%D9%88%D8%B1%D8%AF%D8%A8%D8%B1%D8%B3-wordpress,5.0,1,6 ساعات,1,0,$5.00,ثلاثة أيام,1,3,25.0,شذا أ.,https://khamsat.com/user/shathaizzat,True,بائع جديد,5.0,3,85.71%,5,4,ساعتين
برمجة وتطوير,https://khamsat.com/programming,تحسين سرعة ووردبريس,https://khamsat.com/programming/wordpress-performance,تسريع الووردبريس وضبط اعداداتها بشكل صحيح,https://khamsat.com/programming/wordpress-performance/2268153-%D8%AA%D8%B3%D8%B1%D9%8A%D8%B9-%D8%A7%D9%84%D9%88%D9%88%D8%B1%D8%AF%D8%A8%D8%B1%D9%8A%D8%B3-%D9%88%D8%B6%D8%A8%D8%B7-%D8%A7%D8%B9%D8%AF%D8%A7%D8%AF%D8%A7%D8%AA%D9%87%D8%A7-%D8%A8%D8%B4%D9%83%D9%84-%D8%B5%D8%AD%D9%8A%D8%AD,5.0,1,ساعة,1,0,$5.00,يوم واحد,1,5,115.0,حمد ا.,https://khamsat.com/user/%D8%AD%D9%85%D8%AF-%D8%A7%D9%84%D9%85%D8%AA%D8%B9%D8%A7%D9%86%D9%8A,False,مشتري VIP,5.0,1,100.0%,1,1,ساعة
برمجة وتطوير,https://khamsat.com/programming,تحسين سرعة ووردبريس,https://khamsat.com/programming/wordpress-performance,تركيب سكريبت ووردبرس والدعم لمدة 10 ايام مع تحسين SEO,https://khamsat.com/programming/wordpress-performance/656791-%D8%AA%D8%B1%D9%83%D9%8A%D8%A8-%D8%B3%D9%83%D8%B1%D9%8A%D8%A8%D8%AA-%D9%88%D9%88%D8%B1%D8%AF%D8%A8%D8%B1%D8%B3-%D9%88%D8%A7%D9%84%D8%AF%D8%B9%D9%85-%D9%84%D9%85%D8%AF%D8%A9-10-%D8%A7%D9%8A%D8%A7%D9%85-%D9%85%D8%B9-%D8%AA%D8%AD%D8%B3%D9%8A%D9%86-seo,0.0,0,13 ساعة,0,0,$5.00,يومين,0,0,0.0,.Noraldaim S,https://khamsat.com/user/noraldaim-linux,True,مشتري مميز,0.0,0,لم يحسب بعد,4,0,يوم
برمجة وتطوير,https://khamsat.com/programming,حماية ووردبريس,https://khamsat.com/programming/wordpress-security,تنظيف موقع الورد بريس من الفيروسات واستعادة الموقع بالكامل,https://khamsat.com/programming/wordpress-security/2141097-%D8%AA%D9%86%D8%B8%D9%8A%D9%81-%D9%85%D9%88%D9%82%D8%B9-%D8%A7%D9%84%D9%88%D8%B1%D8%AF-%D8%A8%D8%B1%D9%8A%D8%B3-%D9%85%D9%86-%D8%A7%D9%84%D9%81%D9%8A%D8%B1%D9%88%D8%B3%D8%A7%D8%AA-%D9%88%D8%A7%D8%B3%D8%AA%D8%B9%D8%A7%D8%AF%D8%A9-%D8%A7%D9%84%D9%85%D9%88%D9%82%D8%B9-%D8%A8%D8%A7%D9%84%D9%83%D8%A7%D9%85%D9%84,4.5,31,51 دقيقة,43,0,$30.00,يومين,25,5,120.0,.Fadi H,https://khamsat.com/user/fadi-abboud,True,بائع مميز,4.5,179,90.63%,13,201,9 ساعات
برمجة وتطوير,https://khamsat.com/programming,حماية ووردبريس,https://khamsat.com/programming/wordpress-security,إزالة الفيروسات من مواقع الووردبريس وحذف الملفات الضارة,https://khamsat.com/programming/wordpress-security/2274601-%D8%A5%D8%B2%D8%A7%D9%84%D8%A9-%D8%A7%D9%84%D9%81%D9%8A%D8%B1%D9%88%D8%B3%D8%A7%D8%AA-%D9%85%D9%86-%D9%85%D9%88%D8%A7%D9%82%D8%B9-%D8%A7%D9%84%D9%88%D9%88%D8%B1%D8%AF%D8%A8%D8%B1%D9%8A%D8%B3-%D9%88%D8%AD%D8%B0%D9%81-%D8%A7%D9%84%D9%85%D9%84%D9%81%D8%A7%D8%AA-%D8%A7%D9%84%D8%B6%D8%A7%D8%B1%D8%A9,5.0,5,ساعة,9,0,$10.00,يوم واحد,5,1,25.0,.Salah S,https://khamsat.com/user/editor1,True,بائع موثوق,5.0,202,93.54%,10,225,4 ساعات
برمجة وتطوير,https://khamsat.com/programming,حماية ووردبريس,https://khamsat.com/programming/wordpress-security,تركيب شهادة SSL لمواقع ومتاجر الووردبرس,https://khamsat.com/programming/wordpress-security/443898-%D8%AA%D8%B1%D9%83%D9%8A%D8%A8-%D8%B4%D9%87%D8%A7%D8%AF%D8%A9-ssl-%D9%84%D9%85%D9%88%D8%A7%D9%82%D8%B9-%D9%88%D9%85%D8%AA%D8%A7%D8%AC%D8%B1-%D8%A7%D9%84%D9%88%D9%88%D8%B1%D8%AF%D8%A8%D8%B1%D8%B3,5.0,61,ساعتين,84,0,$10.00,يوم واحد,25,1,15.0,.Mohamed T,https://khamsat.com/user/mohamed-taalab,True,بائع مميز,5.0,109,82.46%,3,133,3 ساعات
برمجة وتطوير,https://khamsat.com/programming,حماية ووردبريس,https://khamsat.com/programming/wordpress-security,صيانة وتطوير وحلول شاملة لمواقع ووردبريس الاحترافية,https://khamsat.com/programming/wordpress-security/3010113-%D8%B5%D9%8A%D8%A7%D9%86%D8%A9-%D9%88%D8%AA%D8%B7%D9%88%D9%8A%D8%B1-%D9%88%D8%AD%D9%84%D9%88%D9%84-%D8%B4%D8%A7%D9%85%D9%84%D8%A9-%D9%84%D9%85%D9%88%D8%A7%D9%82%D8%B9-%D9%88%D9%88%D8%B1%D8%AF%D8%A8%D8%B1%D9%8A%D8%B3-%D8%A7%D9%84%D8%A7%D8%AD%D8%AA%D8%B1%D8%A7%D9%81%D9%8A%D8%A9,5.0,1,لم يحسب,1,0,$5.00,يوم واحد,1,4,60.0,.David A,https://khamsat.com/user/davidayman,True,بائع جديد,5.0,1,100.0%,3,1,لم يحسب
برمجة وتطوير,https://khamsat.com/programming,حماية ووردبريس,https://khamsat.com/programming/wordpress-security,حماية وتأمين موقع وردبريس Wordpress Security,https://khamsat.com/programming/wordpress-security/1087905-%D8%AD%D9%85%D8%A7%D9%8A%D8%A9-%D9%88%D8%AA%D8%A3%D9%85%D9%8A%D9%86-%D9%85%D9%88%D9%82%D8%B9-%D9%88%D8%B1%D8%AF%D8%A8%D8%B1%D9%8A%D8%B3-wordpress-security,5.0,19,ساعتين,25,0,$5.00,يوم واحد,19,4,85.0,.Mohamed E,https://khamsat.com/user/webcraker,True,بائع مميز,4.5,196,85.1%,8,176,6 ساعات
برمجة وتطوير,https://khamsat.com/programming,حماية ووردبريس,https://khamsat.com/programming/wordpress-security,حذف الفيروسات من موقعك الووردبريس واستعادة موقعك مرة أخرى,https://khamsat.com/programming/wordpress-security/1933176-%D8%AD%D8%B0%D9%81-%D8%A7%D9%84%D9%81%D9%8A%D8%B1%D9%88%D8%B3%D8%A7%D8%AA-%D9%85%D9%86-%D9%85%D9%88%D9%82%D8%B9%D9%83-%D8%A7%D9%84%D9%88%D9%88%D8%B1%D8%AF%D8%A8%D8%B1%D9%8A%D8%B3-%D9%88%D8%A7%D8%B3%D8%AA%D8%B9%D8%A7%D8%AF%D8%A9-%D9%85%D9%88%D9%82%D8%B9%D9%83-%D9%85%D8%B1%D8%A9-%D8%A3%D8%AE%D8%B1%D9%89,4.5,18,11 ساعة,18,0,$10.00,يومين,18,3,25.0,.Ahmad T,https://khamsat.com/user/hamed_social,True,بائع مميز,4.5,53,86.73%,5,57,7 ساعات
برمجة وتطوير,https://khamsat.com/programming,حماية ووردبريس,https://khamsat.com/programming/wordpress-security,حذف الفيروسات كامل ووردبريس,https://khamsat.com/programming/wordpress-security/2441438-%D8%AD%D8%B0%D9%81-%D8%A7%D9%84%D9%81%D9%8A%D8%B1%D9%88%D8%B3%D8%A7%D8%AA-%D9%83%D8%A7%D9%85%D9%84-%D9%88%D9%88%D8%B1%D8%AF%D8%A8%D8%B1%D9%8A%D8%B3,5.0,1,4 ساعات,1,0,$10.00,أربعة أيام,1,1,15.0,.Mohamed R,https://khamsat.com/user/techno_arab,True,بائع مميز,5.0,34,100.0%,10,36,ساعتين
برمجة وتطوير,https://khamsat.com/programming,حماية ووردبريس,https://khamsat.com/programming/wordpress-security,حماية مواقع مبنية على ورد بريس,https://khamsat.com/programming/wordpress-security/1608735-%D8%AD%D9%85%D8%A7%D9%8A%D8%A9-%D9%85%D9%88%D8%A7%D9%82%D8%B9-%D9%85%D8%A8%D9%86%D9%8A%D8%A9-%D8%B9%D9%84%D9%89-%D9%88%D8%B1%D8%AF-%D8%A8%D8%B1%D9%8A%D8%B3,5.0,4,12 دقيقة,5,0,$10.00,يوم واحد,4,5,210.0,.Ahmed E,https://khamsat.com/user/c0der,True,بائع مميز,5.0,27,63.25%,6,31,44 دقيقة
برمجة وتطوير,https://khamsat.com/programming,حماية ووردبريس,https://khamsat.com/programming/wordpress-security,حماية موقعك من الإختراق بشكل نهائى,https://khamsat.com/programming/wordpress-security/2211511-%D8%AD%D9%85%D8%A7%D9%8A%D8%A9-%D9%85%D9%88%D9%82%D8%B9%D9%83-%D9%85%D9%86-%D8%A7%D9%84%D8%A5%D8%AE%D8%AA%D8%B1%D8%A7%D9%82-%D8%A8%D8%B4%D9%83%D9%84-%D9%86%D9%87%D8%A7%D8%A6%D9%89,5.0,12,45 دقيقة,12,1,$5.00,يومين,12,1,25.0,.Mohamed H,https://khamsat.com/user/mh226,True,بائع مميز,5.0,174,91.93%,25,135,ساعة
برمجة وتطوير,https://khamsat.com/programming,حماية ووردبريس,https://khamsat.com/programming/wordpress-security,تأمين موقع وردبريس وحمايته من الاختراق,https://khamsat.com/programming/wordpress-security/1195040-%D8%AA%D8%A3%D9%85%D9%8A%D9%86-%D9%85%D9%88%D9%82%D8%B9-%D9%88%D8%B1%D8%AF%D8%A8%D8%B1%D9%8A%D8%B3-%D9%88%D8%AD%D9%85%D8%A7%D9%8A%D8%AA%D9%87-%D9%85%D9%86-%D8%A7%D9%84%D8%A7%D8%AE%D8%AA%D8%B1%D8%A7%D9%82,5.0,11,ساعة,13,0,$5.00,يوم واحد,11,2,55.0,.Abanoub A,https://khamsat.com/user/bebo2xd,True,بائع مميز,5.0,137,88.49%,6,163,9 ساعات
برمجة وتطوير,https://khamsat.com/programming,حماية ووردبريس,https://khamsat.com/programming/wordpress-security,حماية وتأمين موقع وردبريس من الثغرات Wordpress Security,https://khamsat.com/programming/wordpress-security/2528138-%D8%AD%D9%85%D8%A7%D9%8A%D8%A9-%D9%88%D8%AA%D8%A3%D9%85%D9%8A%D9%86-%D9%85%D9%88%D9%82%D8%B9-%D9%88%D8%B1%D8%AF%D8%A8%D8%B1%D9%8A%D8%B3-%D9%85%D9%86-%D8%A7%D9%84%D8%AB%D8%BA%D8%B1%D8%A7%D8%AA-wordpress-security,0.0,0,لم يحسب,0,0,$5.00,يومين,0,1,10.0,عباده د.,https://khamsat.com/user/ll_obada,True,بائع جديد,5.0,2,87.5%,3,2,10 ساعات
برمجة وتطوير,https://khamsat.com/programming,حماية ووردبريس,https://khamsat.com/programming/wordpress-security,تنظيف موقع ووردبرس من الفيروسات,https://khamsat.com/programming/wordpress-security/2723193-%D8%AA%D9%86%D8%B8%D9%8A%D9%81-%D9%85%D9%88%D9%82%D8%B9-%D9%88%D9%88%D8%B1%D8%AF%D8%A8%D8%B1%D8%B3-%D9%85%D9%86-%D8%A7%D9%84%D9%81%D9%8A%D8%B1%D9%88%D8%B3%D8%A7%D8%AA,0.0,0,لم يحسب,0,0,$50.00,يومين,0,0,0.0,علاء الدين ج.,https://khamsat.com/user/aladdin-jeroon,True,بائع مميز,5.0,168,91.78%,4,258,3 ساعات
برمجة وتطوير,https://khamsat.com/programming,حماية ووردبريس,https://khamsat.com/programming/wordpress-security,إزالة الفيروسات من مواقع الووردبريس وحذف الملفات الضارة,https://khamsat.com/programming/wordpress-security/2517848-%D8%A5%D8%B2%D8%A7%D9%84%D8%A9-%D8%A7%D9%84%D9%81%D9%8A%D8%B1%D9%88%D8%B3%D8%A7%D8%AA-%D9%85%D9%86-%D9%85%D9%88%D8%A7%D9%82%D8%B9-%D8%A7%D9%84%D9%88%D9%88%D8%B1%D8%AF%D8%A8%D8%B1%D9%8A%D8%B3-%D9%88%D8%AD%D8%B0%D9%81-%D8%A7%D9%84%D9%85%D9%84%D9%81%D8%A7%D8%AA-%D8%A7%D9%84%D8%B6%D8%A7%D8%B1%D8%A9,5.0,3,ساعة,3,0,$10.00,يومين,3,1,10.0,محمد ح.,https://khamsat.com/user/mstrmok,True,بائع جديد,5.0,6,70.0%,4,6,33 دقيقة
برمجة وتطوير,https://khamsat.com/programming,حماية ووردبريس,https://khamsat.com/programming/wordpress-security,حمايه موقعك الووردبريس ضد الهكر وربط كلمه سر الأدمن بجوالك,https://khamsat.com/programming/wordpress-security/1270981-%D8%AD%D9%85%D8%A7%D9%8A%D9%87-%D9%85%D9%88%D9%82%D8%B9%D9%83-%D8%A7%D9%84%D9%88%D9%88%D8%B1%D8%AF%D8%A8%D8%B1%D9%8A%D8%B3-%D8%B6%D8%AF-%D8%A7%D9%84%D9%87%D9%83%D8%B1-%D9%88%D8%B1%D8%A8%D8%B7-%D9%83%D9%84%D9%85%D9%87-%D8%B3%D8%B1-%D8%A7%D9%84%D8%A3%D8%AF%D9%85%D9%86-%D8%A8%D8%AC%D9%88%D8%A7%D9%84%D9%83,0.0,0,15 ساعة,0,0,$10.00,يوم واحد,0,0,0.0,صلاح الدين ا.,https://khamsat.com/user/%D9%85-%D8%B5%D9%84%D8%A7%D8%AD-%D8%A7%D9%84%D8%AF%D9%8A%D9%86,True,مشتري جاد,5.0,4,100.0%,2,6,4 ساعات
برمجة وتطوير,https://khamsat.com/programming,حماية ووردبريس,https://khamsat.com/programming/wordpress-security,تأمين موقعك بشهادة SSL وتحويله إلي HTTPS في يوم واحد فقط ب5$,https://khamsat.com/programming/wordpress-security/750716-%D8%AA%D8%A3%D9%85%D9%8A%D9%86-%D9%85%D9%88%D9%82%D8%B9%D9%83-%D8%A8%D8%B4%D9%87%D8%A7%D8%AF%D8%A9-ssl-%D9%88%D8%AA%D8%AD%D9%88%D9%8A%D9%84%D9%87-%D8%A5%D9%84%D9%8A-https-%D9%81%D9%8A-%D9%8A%D9%88%D9%85-%D9%88%D8%A7%D8%AD%D8%AF-%D9%81%D9%82%D8%B7-%D8%A85,5.0,2,9 ساعات,2,0,$5.00,يوم واحد,2,0,0.0,.Ahmed A,https://khamsat.com/user/ahmed-abd-elfattah,True,بائع مميز,4.5,64,92.39%,3,67,4 ساعات
برمجة وتطوير,https://khamsat.com/programming,حماية ووردبريس,https://khamsat.com/programming/wordpress-security,فحص وتنظيف موقع وردبريس من الاختراق,https://khamsat.com/programming/wordpress-security/3044132-%D9%81%D8%AD%D8%B5-%D9%88%D8%AA%D9%86%D8%B8%D9%8A%D9%81-%D9%85%D9%88%D9%82%D8%B9-%D9%88%D8%B1%D8%AF%D8%A8%D8%B1%D9%8A%D8%B3-%D9%85%D9%86-%D8%A7%D9%84%D8%A7%D8%AE%D8%AA%D8%B1%D8%A7%D9%82,0.0,0,لم يحسب,0,0,$50.00,يوم واحد,0,0,0.0,اسامة ب.,https://khamsat.com/user/osama.b.mohamad.9,True,بائع مميز,4.5,190,84.03%,17,257,ساعتين
برمجة وتطوير,https://khamsat.com/programming,حماية ووردبريس,https://khamsat.com/programming/wordpress-security,ضبط إعدادات الشحن لمتجر الووكومرس (Woocommerce) + SSL,https://khamsat.com/programming/wordpress-security/2440391-%D8%B6%D8%A8%D8%B7-%D8%A5%D8%B9%D8%AF%D8%A7%D8%AF%D8%A7%D8%AA-%D8%A7%D9%84%D8%B4%D8%AD%D9%86-%D9%84%D9%85%D8%AA%D8%AC%D8%B1-%D8%A7%D9%84%D9%88%D9%88%D9%83%D9%88%D9%85%D8%B1%D8%B3-woocommerce-ssl,0.0,0,10 دقائق,0,0,$5.00,يومين,0,0,0.0,.Issam B,https://khamsat.com/user/sat23sat,True,بائع جديد,0.0,0,0.0%,5,0,19 دقيقة
برمجة وتطوير,https://khamsat.com/programming,حماية ووردبريس,https://khamsat.com/programming/wordpress-security,تركيب شهادة SSL لمواقع ووردبريس ومتاجر ووكوميرس,https://khamsat.com/programming/wordpress-security/2628037-%D8%AA%D8%B1%D9%83%D9%8A%D8%A8-%D8%B4%D9%87%D8%A7%D8%AF%D8%A9-ssl-%D9%84%D9%85%D9%88%D8%A7%D9%82%D8%B9-%D9%88%D9%88%D8%B1%D8%AF%D8%A8%D8%B1%D9%8A%D8%B3-%D9%88%D9%85%D8%AA%D8%A7%D8%AC%D8%B1-%D9%88%D9%88%D9%83%D9%88%D9%85%D9%8A%D8%B1%D8%B3,0.0,0,لم يحسب,0,0,$5.00,يوم واحد,0,0,0.0,.Rashad J,https://khamsat.com/user/rashad.sh88,False,مشتري VIP,0.0,0,لم يحسب بعد,1,0,لم يحسب
برمجة وتطوير,https://khamsat.com/programming,حماية ووردبريس,https://khamsat.com/programming/wordpress-security,فحص ثغرات موقع wordpressوحمايته,https://khamsat.com/programming/wordpress-security/2591974-%D9%81%D8%AD%D8%B5-%D8%AB%D8%BA%D8%B1%D8%A7%D8%AA-%D9%85%D9%88%D9%82%D8%B9-wordpress%D9%88%D8%AD%D9%85%D8%A7%D9%8A%D8%AA%D9%87,5.0,1,15 ساعة,1,0,$10.00,يومين,1,0,0.0,بلال ش.,https://khamsat.com/user/belal1999,True,بائع جديد,5.0,5,90.0%,5,3,6 ساعات
برمجة وتطوير,https://khamsat.com/programming,حماية ووردبريس,https://khamsat.com/programming/wordpress-security,تركيب شهادة SSL لمواقع الووردبرس,https://khamsat.com/programming/wordpress-security/2887510-%D8%AA%D8%B1%D9%83%D9%8A%D8%A8-%D8%B4%D9%87%D8%A7%D8%AF%D8%A9-ssl-%D9%84%D9%85%D9%88%D8%A7%D9%82%D8%B9-%D8%A7%D9%84%D9%88%D9%88%D8%B1%D8%AF%D8%A8%D8%B1%D8%B3,0.0,0,لم يحسب,0,0,$5.00,يوم واحد,0,0,0.0,.Zakaria E,https://khamsat.com/user/zakariaelkarmy,True,بائع جديد,0.0,0,لم يحسب بعد,3,0,لم يحسب
برمجة وتطوير,https://khamsat.com/programming,حماية ووردبريس,https://khamsat.com/programming/wordpress-security,استعادة سلامة موقعك على الووردبريس تنظيف وحماية شاملة,https://khamsat.com/programming/wordpress-security/2711533-%D8%A7%D8%B3%D8%AA%D8%B9%D8%A7%D8%AF%D8%A9-%D8%B3%D9%84%D8%A7%D9%85%D8%A9-%D9%85%D9%88%D9%82%D8%B9%D9%83-%D8%B9%D9%84%D9%89-%D8%A7%D9%84%D9%88%D9%88%D8%B1%D8%AF%D8%A8%D8%B1%D9%8A%D8%B3-%D8%AA%D9%86%D8%B8%D9%8A%D9%81-%D9%88%D8%AD%D9%85%D8%A7%D9%8A%D8%A9-%D8%B4%D8%A7%D9%85%D9%84%D8%A9,0.0,0,لم يحسب,0,0,$5.00,يوم واحد,0,3,65.0,إدريس ا.,https://khamsat.com/user/idejdev,True,مشتري جديد,0.0,0,لم يحسب بعد,1,0,لم يحسب
برمجة وتطوير,https://khamsat.com/programming,حماية ووردبريس,https://khamsat.com/programming/wordpress-security,تنظيف موقع ووردبريس من الفيروسات واستعادة تشغيله,https://khamsat.com/programming/wordpress-security/2998715-%D8%AA%D9%86%D8%B8%D9%8A%D9%81-%D9%85%D9%88%D9%82%D8%B9-%D9%88%D9%88%D8%B1%D8%AF%D8%A8%D8%B1%D9%8A%D8%B3-%D9%85%D9%86-%D8%A7%D9%84%D9%81%D9%8A%D8%B1%D9%88%D8%B3%D8%A7%D8%AA-%D9%88%D8%A7%D8%B3%D8%AA%D8%B9%D8%A7%D8%AF%D8%A9-%D8%AA%D8%B4%D8%BA%D9%8A%D9%84%D9%87,0.0,0,لم يحسب,0,0,$10.00,يومين,0,1,10.0,.Adel S,https://khamsat.com/user/pro-man,True,بائع جديد,0.0,0,لم يحسب بعد,3,0,5 أيام
برمجة وتطوير,https://khamsat.com/programming,حماية ووردبريس,https://khamsat.com/programming/wordpress-security,تطهير الموقع من الفيروس والمالوير,https://khamsat.com/programming/wordpress-security/2221041-%D8%AA%D8%B7%D9%87%D9%8A%D8%B1-%D8%A7%D9%84%D9%85%D9%88%D9%82%D8%B9-%D9%85%D9%86-%D8%A7%D9%84%D9%81%D9%8A%D8%B1%D9%88%D8%B3-%D9%88%D8%A7%D9%84%D9%85%D8%A7%D9%84%D9%88%D9%8A%D8%B1,5.0,10,4 دقائق,11,0,$5.00,يومين,10,3,40.0,.Mohamed H,https://khamsat.com/user/mh226,True,بائع مميز,5.0,174,91.93%,25,135,ساعة
برمجة وتطوير,https://khamsat.com/programming,حماية ووردبريس,https://khamsat.com/programming/wordpress-security,إصلاح، إسترجاع وتنظيف مواقع الووردبريس المخترقة,https://khamsat.com/programming/wordpress-security/2429560-%D8%A5%D8%B5%D9%84%D8%A7%D8%AD-%D8%A5%D8%B3%D8%AA%D8%B1%D8%AC%D8%A7%D8%B9-%D9%88%D8%AA%D9%86%D8%B8%D9%8A%D9%81-%D9%85%D9%88%D8%A7%D9%82%D8%B9-%D8%A7%D9%84%D9%88%D9%88%D8%B1%D8%AF%D8%A8%D8%B1%D9%8A%D8%B3-%D8%A7%D9%84%D9%85%D8%AE%D8%AA%D8%B1%D9%82%D8%A9,0.0,0,32 دقيقة,0,0,$10.00,ثلاثة أيام,0,2,35.0,.Hmoudi E,https://khamsat.com/user/pub-city,True,بائع مميز,4.5,199,71.3%,3,237,17 ساعة
برمجة وتطوير,https://khamsat.com/programming,حماية ووردبريس,https://khamsat.com/programming/wordpress-security,إزالة الفيروسات من مواقع الووردبريس,https://khamsat.com/programming/wordpress-security/2443470-%D8%A5%D8%B2%D8%A7%D9%84%D8%A9-%D8%A7%D9%84%D9%81%D9%8A%D8%B1%D9%88%D8%B3%D8%A7%D8%AA-%D9%85%D9%86-%D9%85%D9%88%D8%A7%D9%82%D8%B9-%D8%A7%D9%84%D9%88%D9%88%D8%B1%D8%AF%D8%A8%D8%B1%D9%8A%D8%B3,0.0,0,28 دقيقة,0,0,$5.00,ثلاثة أيام,0,1,35.0,.Issam B,https://khamsat.com/user/sat23sat,True,بائع جديد,0.0,0,0.0%,5,0,19 دقيقة
برمجة وتطوير,https://khamsat.com/programming,حماية ووردبريس,https://khamsat.com/programming/wordpress-security,ربط الموقع مع كلاود فلير Cloudflare وتفعيل شهادة الحماية SSL,https://khamsat.com/programming/wordpress-security/2129601-%D8%B1%D8%A8%D8%B7-%D8%A7%D9%84%D9%85%D9%88%D9%82%D8%B9-%D9%85%D8%B9-%D9%83%D9%84%D8%A7%D9%88%D8%AF-%D9%81%D9%84%D9%8A%D8%B1-cloudflare-%D9%88%D8%AA%D9%81%D8%B9%D9%8A%D9%84-%D8%B4%D9%87%D8%A7%D8%AF%D8%A9-%D8%A7%D9%84%D8%AD%D9%85%D8%A7%D9%8A%D8%A9-ssl,5.0,1,15 ساعة,2,0,$5.00,يوم واحد,1,1,5.0,بيشوى س.,https://khamsat.com/user/beshoy_s,True,بائع مميز,5.0,113,96.68%,18,134,9 ساعات
برمجة وتطوير,https://khamsat.com/programming,حماية ووردبريس,https://khamsat.com/programming/wordpress-security,تنظيف موقع الووردبريس من الفيروسات واصلاح الموقع بالكامل,https://khamsat.com/programming/wordpress-security/2691940-%D8%AA%D9%86%D8%B8%D9%8A%D9%81-%D9%85%D9%88%D9%82%D8%B9-%D8%A7%D9%84%D9%88%D9%88%D8%B1%D8%AF%D8%A8%D8%B1%D9%8A%D8%B3-%D9%85%D9%86-%D8%A7%D9%84%D9%81%D9%8A%D8%B1%D9%88%D8%B3%D8%A7%D8%AA-%D9%88%D8%A7%D8%B5%D9%84%D8%A7%D8%AD-%D8%A7%D9%84%D9%85%D9%88%D9%82%D8%B9-%D8%A8%D8%A7%D9%84%D9%83%D8%A7%D9%85%D9%84,0.0,0,لم يحسب,0,0,$20.00,يومين,0,4,105.0,.Marco B,https://khamsat.com/user/%D9%85%D8%A7%D8%B1%D9%83-%D8%A8%D8%B4%D8%A7%D8%B1%D8%A9,True,بائع مميز,5.0,48,80.73%,6,51,ساعتين
برمجة وتطوير,https://khamsat.com/programming,حماية ووردبريس,https://khamsat.com/programming/wordpress-security,ازالة فيروس التوجيه best-winplace*life موقعك في وربريس,https://khamsat.com/programming/wordpress-security/2036963-%D8%A7%D8%B2%D8%A7%D9%84%D8%A9-%D9%81%D9%8A%D8%B1%D9%88%D8%B3-%D8%A7%D9%84%D8%AA%D9%88%D8%AC%D9%8A%D9%87-best-winplacelife-%D9%85%D9%88%D9%82%D8%B9%D9%83-%D9%81%D9%8A-%D9%88%D8%B1%D8%A8%D8%B1%D9%8A%D8%B3,4.5,3,يومين,3,0,$25.00,يوم واحد,3,0,0.0,محمد ا.,https://khamsat.com/user/mohamedasfar20,True,بائع مميز,4.5,240,82.08%,7,226,7 ساعات
برمجة وتطوير,https://khamsat.com/programming,حماية ووردبريس,https://khamsat.com/programming/wordpress-security,تركيب شهادة الآمان SSL Certificate,https://khamsat.com/programming/wordpress-security/2355047-%D8%AA%D8%B1%D9%83%D9%8A%D8%A8-%D8%B4%D9%87%D8%A7%D8%AF%D8%A9-%D8%A7%D9%84%D8%A2%D9%85%D8%A7%D9%86-ssl-certificate,5.0,1,5 دقائق,1,0,$5.00,يوم واحد,1,5,75.0,.Mohamed H,https://khamsat.com/user/mh226,True,بائع مميز,5.0,174,91.93%,25,135,ساعة
برمجة وتطوير,https://khamsat.com/programming,حماية ووردبريس,https://khamsat.com/programming/wordpress-security,تركيب شهادة SSL لموقعك او متجرك على الووردبريس ب 5$ فقط,https://khamsat.com/programming/wordpress-security/1961850-%D8%AA%D8%B1%D9%83%D9%8A%D8%A8-%D8%B4%D9%87%D8%A7%D8%AF%D8%A9-ssl-%D9%84%D9%85%D9%88%D9%82%D8%B9%D9%83-%D8%A7%D9%88-%D9%85%D8%AA%D8%AC%D8%B1%D9%83-%D8%B9%D9%84%D9%89-%D8%A7%D9%84%D9%88%D9%88%D8%B1%D8%AF%D8%A8%D8%B1%D9%8A%D8%B3-%D8%A8-5-%D9%81%D9%82%D8%B7,0.0,0,لم يحسب,0,0,$5.00,يوم واحد,0,0,0.0,محمد ا.,https://khamsat.com/user/designerwf,True,بائع مميز,4.5,51,81.13%,9,49,3 ساعات
برمجة وتطوير,https://khamsat.com/programming,إضافات ووردبريس,https://khamsat.com/programming/wordpress-plugins,برمجة وتعديل اضافات ووردبريس WordPress Plugins,https://khamsat.com/programming/wordpress-plugins/1967965-%D8%A8%D8%B1%D9%85%D8%AC%D8%A9-%D9%88%D8%AA%D8%B9%D8%AF%D9%8A%D9%84-%D8%A7%D8%B6%D8%A7%D9%81%D8%A7%D8%AA-%D9%88%D9%88%D8%B1%D8%AF%D8%A8%D8%B1%D9%8A%D8%B3-wordpress-plugins,5.0,5,41 دقيقة,5,0,$25.00,ثلاثة أيام,5,5,375.0,.Ramy B,https://khamsat.com/user/codeart,True,بائع نشيط,5.0,7,92.86%,8,7,ساعة
برمجة وتطوير,https://khamsat.com/programming,إضافات ووردبريس,https://khamsat.com/programming/wordpress-plugins,برمجة إضافة وردبريس خاصة بك - برمجة خاصة,https://khamsat.com/programming/wordpress-plugins/1859330-%D8%A8%D8%B1%D9%85%D8%AC%D8%A9-%D8%A5%D8%B6%D8%A7%D9%81%D8%A9-%D9%88%D8%B1%D8%AF%D8%A8%D8%B1%D9%8A%D8%B3-%D8%AE%D8%A7%D8%B5%D8%A9-%D8%A8%D9%83-%D8%A8%D8%B1%D9%85%D8%AC%D8%A9-%D8%AE%D8%A7%D8%B5%D8%A9,5.0,3,يوم,4,0,$5.00,يومين,3,2,15.0,مجدي ر.,https://khamsat.com/user/%D8%A7%D9%84%D9%88%D8%A7%D9%86-%D9%82%D9%88%D8%B3-%D9%82%D8%B2%D8%AD,True,بائع مميز,4.5,46,82.77%,6,51,7 ساعات
برمجة وتطوير,https://khamsat.com/programming,إضافات ووردبريس,https://khamsat.com/programming/wordpress-plugins,تنصيب الاضافات على مواقع الووردبريس | WordPress Plugins,https://khamsat.com/programming/wordpress-plugins/1382559-%D8%AA%D9%86%D8%B5%D9%8A%D8%A8-%D8%A7%D9%84%D8%A7%D8%B6%D8%A7%D9%81%D8%A7%D8%AA-%D8%B9%D9%84%D9%89-%D9%85%D9%88%D8%A7%D9%82%D8%B9-%D8%A7%D9%84%D9%88%D9%88%D8%B1%D8%AF%D8%A8%D8%B1%D9%8A%D8%B3-wordpress-plugins,5.0,9,7 ساعات,9,0,$5.00,يوم واحد,9,5,125.0,رقيب ا.,https://khamsat.com/user/raqeeb,True,بائع مميز,5.0,27,93.33%,5,18,11 ساعة
برمجة وتطوير,https://khamsat.com/programming,إضافات ووردبريس,https://khamsat.com/programming/wordpress-plugins,اعداد اضافة WP ROCKET لمواقع الووردبريس,https://khamsat.com/programming/wordpress-plugins/1508593-%D8%A7%D8%B9%D8%AF%D8%A7%D8%AF-%D8%A7%D8%B6%D8%A7%D9%81%D8%A9-wp-rocket-%D9%84%D9%85%D9%88%D8%A7%D9%82%D8%B9-%D8%A7%D9%84%D9%88%D9%88%D8%B1%D8%AF%D8%A8%D8%B1%D9%8A%D8%B3,5.0,5,ساعة,5,0,$5.00,يوم واحد,5,5,100.0,رقيب ا.,https://khamsat.com/user/raqeeb,True,بائع مميز,5.0,27,93.33%,5,18,11 ساعة
برمجة وتطوير,https://khamsat.com/programming,إضافات ووردبريس,https://khamsat.com/programming/wordpress-plugins,عمل اضافة مخصصة علي ووردبريس wordpress plugins,https://khamsat.com/programming/wordpress-plugins/2952348-%D8%B9%D9%85%D9%84-%D8%A7%D8%B6%D8%A7%D9%81%D8%A9-%D9%85%D8%AE%D8%B5%D8%B5%D8%A9-%D8%B9%D9%84%D9%8A-%D9%88%D9%88%D8%B1%D8%AF%D8%A8%D8%B1%D9%8A%D8%B3-wordpress-plugins,5.0,1,39 دقيقة,1,0,$15.00,ثلاثة أيام,1,3,40.0,عبدالرحمن م.,https://khamsat.com/user/mrbodyabdo,True,بائع نشيط,5.0,8,54.17%,5,6,4 ساعات
برمجة وتطوير,https://khamsat.com/programming,إضافات ووردبريس,https://khamsat.com/programming/wordpress-plugins,اعداد اضافة Imagify لمواقع الووردبريس,https://khamsat.com/programming/wordpress-plugins/1520264-%D8%A7%D8%B9%D8%AF%D8%A7%D8%AF-%D8%A7%D8%B6%D8%A7%D9%81%D8%A9-imagify-%D9%84%D9%85%D9%88%D8%A7%D9%82%D8%B9-%D8%A7%D9%84%D9%88%D9%88%D8%B1%D8%AF%D8%A8%D8%B1%D9%8A%D8%B3,5.0,2,ساعتين,2,0,$5.00,يوم واحد,2,1,30.0,رقيب ا.,https://khamsat.com/user/raqeeb,True,بائع مميز,5.0,27,93.33%,5,18,11 ساعة
برمجة وتطوير,https://khamsat.com/programming,إضافات ووردبريس,https://khamsat.com/programming/wordpress-plugins,الإنضمام أو الدخول الى موقع وورد بريس عن طريق رقم الهاتف,https://khamsat.com/programming/wordpress-plugins/2374786-%D8%A7%D9%84%D8%A5%D9%86%D8%B6%D9%85%D8%A7%D9%85-%D8%A3%D9%88-%D8%A7%D9%84%D8%AF%D8%AE%D9%88%D9%84-%D8%A7%D9%84%D9%89-%D9%85%D9%88%D9%82%D8%B9-%D9%88%D9%88%D8%B1%D8%AF-%D8%A8%D8%B1%D9%8A%D8%B3-%D8%B9%D9%86-%D8%B7%D8%B1%D9%8A%D9%82-%D8%B1%D9%82%D9%85-%D8%A7%D9%84%D9%87%D8%A7%D8%AA%D9%81,5.0,4,45 دقيقة,4,0,$10.00,يوم واحد,4,1,10.0,.Karim H,https://khamsat.com/user/karimkrimo83,True,بائع جديد,5.0,4,80.0%,2,4,45 دقيقة
برمجة وتطوير,https://khamsat.com/programming,إضافات ووردبريس,https://khamsat.com/programming/wordpress-plugins,تركيب اضافة WP Rocket للوردبرس واعداداتها لتحسين سرعة الموقع,https://khamsat.com/programming/wordpress-plugins/1429520-%D8%AA%D8%B1%D9%83%D9%8A%D8%A8-%D8%A7%D8%B6%D8%A7%D9%81%D8%A9-wp-rocket-%D9%84%D9%84%D9%88%D8%B1%D8%AF%D8%A8%D8%B1%D8%B3-%D9%88%D8%A7%D8%B9%D8%AF%D8%A7%D8%AF%D8%A7%D8%AA%D9%87%D8%A7-%D9%84%D8%AA%D8%AD%D8%B3%D9%8A%D9%86-%D8%B3%D8%B1%D8%B9%D8%A9-%D8%A7%D9%84%D9%85%D9%88%D9%82%D8%B9,5.0,10,ساعة,14,0,$5.00,يوم واحد,10,3,25.0,.Mohammed M,https://khamsat.com/user/moh_abu_rub,True,بائع مميز,5.0,63,93.66%,6,80,4 ساعات
برمجة وتطوير,https://khamsat.com/programming,إضافات ووردبريس,https://khamsat.com/programming/wordpress-plugins,تثبيت الإصدار الكامل لإضافة Yoast SEO Premium مع الضبط,https://khamsat.com/programming/wordpress-plugins/2264872-%D8%AA%D8%AB%D8%A8%D9%8A%D8%AA-%D8%A7%D9%84%D8%A5%D8%B5%D8%AF%D8%A7%D8%B1-%D8%A7%D9%84%D9%83%D8%A7%D9%85%D9%84-%D9%84%D8%A5%D8%B6%D8%A7%D9%81%D8%A9-yoast-seo-premium-%D9%85%D8%B9-%D8%A7%D9%84%D8%B6%D8%A8%D8%B7,4.5,5,3 ساعات,7,0,$5.00,يوم واحد,5,2,60.0,محمد ا.,https://khamsat.com/user/mohamedalhilal,True,مشتري VIP,4.5,11,66.67%,3,13,4 ساعات
برمجة وتطوير,https://khamsat.com/programming,إضافات ووردبريس,https://khamsat.com/programming/wordpress-plugins,تنصيب وضبط إعدادات الاضافة المدفوعة WPML,https://khamsat.com/programming/wordpress-plugins/2752912-%D8%AA%D9%86%D8%B5%D9%8A%D8%A8-%D9%88%D8%B6%D8%A8%D8%B7-%D8%A5%D8%B9%D8%AF%D8%A7%D8%AF%D8%A7%D8%AA-%D8%A7%D9%84%D8%A7%D8%B6%D8%A7%D9%81%D8%A9-%D8%A7%D9%84%D9%85%D8%AF%D9%81%D9%88%D8%B9%D8%A9-wpml,0.0,0,ساعة,1,0,$15.00,يومين,0,1,5.0,المهدي ا.,https://khamsat.com/user/%D8%A7%D9%84%D9%85%D9%87%D8%AF%D9%8A-%D8%A7%D9%84%D8%B2%D9%8A%D8%B2%D9%8A,True,بائع مميز,4.5,47,85.8%,9,53,ساعة
برمجة وتطوير,https://khamsat.com/programming,إضافات ووردبريس,https://khamsat.com/programming/wordpress-plugins,تطويع برمجة فورم contact form 7 للووردبريس,https://khamsat.com/programming/wordpress-plugins/1416588-%D8%AA%D8%B7%D9%88%D9%8A%D8%B9-%D8%A8%D8%B1%D9%85%D8%AC%D8%A9-%D9%81%D9%88%D8%B1%D9%85-contact-form-7-%D9%84%D9%84%D9%88%D9%88%D8%B1%D8%AF%D8%A8%D8%B1%D9%8A%D8%B3,4.5,21,ساعة,25,0,$5.00,يوم واحد,21,5,90.0,.Ayman M,https://khamsat.com/user/aymanmmahfouz,True,بائع مميز,5.0,204,87.68%,7,213,5 ساعات
برمجة وتطوير,https://khamsat.com/programming,إضافات ووردبريس,https://khamsat.com/programming/wordpress-plugins,سأقوم بإنشاء وربط الذكاء الاصطناعي بموقعك علي ووردبريس,https://khamsat.com/programming/wordpress-plugins/2976441-%D8%B3%D8%A3%D9%82%D9%88%D9%85-%D8%A8%D8%A5%D9%86%D8%B4%D8%A7%D8%A1-%D9%88%D8%B1%D8%A8%D8%B7-%D8%A7%D9%84%D8%B0%D9%83%D8%A7%D8%A1-%D8%A7%D9%84%D8%A7%D8%B5%D8%B7%D9%86%D8%A7%D8%B9%D9%8A-%D8%A8%D9%85%D9%88%D9%82%D8%B9%D9%83-%D8%B9%D9%84%D9%8A-%D9%88%D9%88%D8%B1%D8%AF%D8%A8%D8%B1%D9%8A%D8%B3,0.0,0,3 أيام,1,2,$10.00,أسبوع,0,4,300.0,.Mohammed A,https://khamsat.com/user/mohamed7774,True,بائع مميز,4.5,54,89.42%,7,54,21 ساعة
برمجة وتطوير,https://khamsat.com/programming,إضافات ووردبريس,https://khamsat.com/programming/wordpress-plugins,عمل اضافات مخصصة لورد بريس | Custom plugin deveolpment,https://khamsat.com/programming/wordpress-plugins/2937373-%D8%B9%D9%85%D9%84-%D8%A7%D8%B6%D8%A7%D9%81%D8%A7%D8%AA-%D9%85%D8%AE%D8%B5%D8%B5%D8%A9-%D9%84%D9%88%D8%B1%D8%AF-%D8%A8%D8%B1%D9%8A%D8%B3-custom-plugin-deveolpment,5.0,1,ساعة,1,2,$10.00,ستة أيام,1,3,100.0,فام ع.,https://khamsat.com/user/famemadazmy,True,بائع جديد,5.0,1,100.0%,2,1,ساعة
برمجة وتطوير,https://khamsat.com/programming,إضافات ووردبريس,https://khamsat.com/programming/wordpress-plugins,تركيب قالب أسترا برو + 5 اضافات,https://khamsat.com/programming/wordpress-plugins/2988163-%D8%AA%D8%B1%D9%83%D9%8A%D8%A8-%D9%82%D8%A7%D9%84%D8%A8-%D8%A3%D8%B3%D8%AA%D8%B1%D8%A7-%D8%A8%D8%B1%D9%88-5-%D8%A7%D8%B6%D8%A7%D9%81%D8%A7%D8%AA,0.0,0,لم يحسب,0,0,$10.00,يوم واحد,0,1,10.0,.Eslam H,https://khamsat.com/user/eslammedia22,True,بائع جديد,5.0,3,33.33%,5,1,23 دقيقة
برمجة وتطوير,https://khamsat.com/programming,إضافات ووردبريس,https://khamsat.com/programming/wordpress-plugins,ربط موقع WordPress مع أكونت Pinterest,https://khamsat.com/programming/wordpress-plugins/3022965-%D8%B1%D8%A8%D8%B7-%D9%85%D9%88%D9%82%D8%B9-wordpress-%D9%85%D8%B9-%D8%A3%D9%83%D9%88%D9%86%D8%AA-pinterest,0.0,0,لم يحسب,0,0,$10.00,يومين,0,1,100.0,.Wael A,https://khamsat.com/user/wael_zineldin,True,بائع جديد,0.0,0,لم يحسب بعد,5,0,لم يحسب
برمجة وتطوير,https://khamsat.com/programming,إضافات ووردبريس,https://khamsat.com/programming/wordpress-plugins,تعديل أو إضافات على موقعك وردبريس,https://khamsat.com/programming/wordpress-plugins/3033262-%D8%AA%D8%B9%D8%AF%D9%8A%D9%84-%D8%A3%D9%88-%D8%A5%D8%B6%D8%A7%D9%81%D8%A7%D8%AA-%D8%B9%D9%84%D9%89-%D9%85%D9%88%D9%82%D8%B9%D9%83-%D9%88%D8%B1%D8%AF%D8%A8%D8%B1%D9%8A%D8%B3,0.0,0,لم يحسب,0,0,$5.00,ثلاثة أيام,0,0,0.0,.Abeer E,https://khamsat.com/user/abeer_59,True,بائع جديد,0.0,0,لم يحسب بعد,3,0,لم يحسب
برمجة وتطوير,https://khamsat.com/programming,إضافات ووردبريس,https://khamsat.com/programming/wordpress-plugins,برمجة اضافة خاصة بموقعك علي الورد بريس WordPress Plugins,https://khamsat.com/programming/wordpress-plugins/2020434-%D8%A8%D8%B1%D9%85%D8%AC%D8%A9-%D8%A7%D8%B6%D8%A7%D9%81%D8%A9-%D8%AE%D8%A7%D8%B5%D8%A9-%D8%A8%D9%85%D9%88%D9%82%D8%B9%D9%83-%D8%B9%D9%84%D9%8A-%D8%A7%D9%84%D9%88%D8%B1%D8%AF-%D8%A8%D8%B1%D9%8A%D8%B3-wordpress-plugins,5.0,4,ساعة,2,0,$5.00,يوم واحد,4,0,0.0,محمود ج.,https://khamsat.com/user/harrypotterse,True,بائع مميز,5.0,73,93.55%,7,55,ساعتين
برمجة وتطوير,https://khamsat.com/programming,إضافات ووردبريس,https://khamsat.com/programming/wordpress-plugins,إضافة الاليمنتور برو إلى موقعك في ووردبريس,https://khamsat.com/programming/wordpress-plugins/2757692-%D8%A5%D8%B6%D8%A7%D9%81%D8%A9-%D8%A7%D9%84%D8%A7%D9%84%D9%8A%D9%85%D9%86%D8%AA%D9%88%D8%B1-%D8%A8%D8%B1%D9%88-%D8%A5%D9%84%D9%89-%D9%85%D9%88%D9%82%D8%B9%D9%83-%D9%81%D9%8A-%D9%88%D9%88%D8%B1%D8%AF%D8%A8%D8%B1%D9%8A%D8%B3,0.0,0,لم يحسب,0,0,$10.00,يومين,0,0,0.0,.Hani A,https://khamsat.com/user/almaeedhi_hani,True,مشتري جديد,0.0,0,لم يحسب بعد,3,0,6 أيام
برمجة وتطوير,https://khamsat.com/programming,إضافات ووردبريس,https://khamsat.com/programming/wordpress-plugins,الدعم الفني لووردبريس وتركيب ووردبريس على موقعك مع الإضافات,https://khamsat.com/programming/wordpress-plugins/2044751-%D8%A7%D9%84%D8%AF%D8%B9%D9%85-%D8%A7%D9%84%D9%81%D9%86%D9%8A-%D9%84%D9%88%D9%88%D8%B1%D8%AF%D8%A8%D8%B1%D9%8A%D8%B3-%D9%88%D8%AA%D8%B1%D9%83%D9%8A%D8%A8-%D9%88%D9%88%D8%B1%D8%AF%D8%A8%D8%B1%D9%8A%D8%B3-%D8%B9%D9%84%D9%89-%D9%85%D9%88%D9%82%D8%B9%D9%83-%D9%85%D8%B9-%D8%A7%D9%84%D8%A5%D8%B6%D8%A7%D9%81%D8%A7%D8%AA,0.0,0,لم يحسب,0,0,$5.00,يوم واحد,0,0,0.0,.Ramy M,https://khamsat.com/user/ramy_magdy_hamed,True,بائع جديد,0.0,0,لم يحسب بعد,4,0,4 دقائق
برمجة وتطوير,https://khamsat.com/programming,إضافات ووردبريس,https://khamsat.com/programming/wordpress-plugins,تركيب أهم الإضافات وردبريس لتحسينه و تسريعه في غوغل,https://khamsat.com/programming/wordpress-plugins/1146037-%D8%AA%D8%B1%D9%83%D9%8A%D8%A8-%D8%A3%D9%87%D9%85-%D8%A7%D9%84%D8%A5%D8%B6%D8%A7%D9%81%D8%A7%D8%AA-%D9%88%D8%B1%D8%AF%D8%A8%D8%B1%D9%8A%D8%B3-%D9%84%D8%AA%D8%AD%D8%B3%D9%8A%D9%86%D9%87-%D9%88-%D8%AA%D8%B3%D8%B1%D9%8A%D8%B9%D9%87-%D9%81%D9%8A-%D8%BA%D9%88%D8%BA%D9%84,0.0,0,ساعتين,0,0,$5.00,خمسة أيام,0,0,0.0,.Maher B,https://khamsat.com/user/%D9%85%D8%A7%D9%87%D8%B1-%D8%A8%D8%B1%D9%8A%D9%85%D8%A7%D9%86,True,مشتري مميز,0.0,0,لم يحسب بعد,1,0,ساعة
برمجة وتطوير,https://khamsat.com/programming,إضافات ووردبريس,https://khamsat.com/programming/wordpress-plugins,سأقوم بتركيب قوالب وإضافات ووردبريس,https://khamsat.com/programming/wordpress-plugins/2759345-%D8%B3%D8%A3%D9%82%D9%88%D9%85-%D8%A8%D8%AA%D8%B1%D9%83%D9%8A%D8%A8-%D9%82%D9%88%D8%A7%D9%84%D8%A8-%D9%88%D8%A5%D8%B6%D8%A7%D9%81%D8%A7%D8%AA-%D9%88%D9%88%D8%B1%D8%AF%D8%A8%D8%B1%D9%8A%D8%B3,0.0,0,لم يحسب,0,0,$10.00,يومين,0,0,0.0,.Hani A,https://khamsat.com/user/almaeedhi_hani,True,مشتري جديد,0.0,0,لم يحسب بعد,3,0,6 أيام
برمجة وتطوير,https://khamsat.com/programming,إضافات ووردبريس,https://khamsat.com/programming/wordpress-plugins,تركيب إضافة Yoast SEO وضبط إعدادتها + Sitemaps + ملف Robots,https://khamsat.com/programming/wordpress-plugins/3013559-%D8%AA%D8%B1%D9%83%D9%8A%D8%A8-%D8%A5%D8%B6%D8%A7%D9%81%D8%A9-yoast-seo-%D9%88%D8%B6%D8%A8%D8%B7-%D8%A5%D8%B9%D8%AF%D8%A7%D8%AF%D8%AA%D9%87%D8%A7-sitemaps-%D9%85%D9%84%D9%81-robots,0.0,0,لم يحسب,0,0,$5.00,يوم واحد,0,0,0.0,محمد م.,https://khamsat.com/user/sdimohammed,False,بائع جديد,0.0,0,لم يحسب بعد,1,0,لم يحسب
برمجة وتطوير,https://khamsat.com/programming,إضافات ووردبريس,https://khamsat.com/programming/wordpress-plugins,سوف اركب لك إضافة مراجعة الهواتف في الووردبريس,https://khamsat.com/programming/wordpress-plugins/1616201-%D8%B3%D9%88%D9%81-%D8%A7%D8%B1%D9%83%D8%A8-%D9%84%D9%83-%D8%A5%D8%B6%D8%A7%D9%81%D8%A9-%D9%85%D8%B1%D8%A7%D8%AC%D8%B9%D8%A9-%D8%A7%D9%84%D9%87%D9%88%D8%A7%D8%AA%D9%81-%D9%81%D9%8A-%D8%A7%D9%84%D9%88%D9%88%D8%B1%D8%AF%D8%A8%D8%B1%D9%8A%D8%B3,0.0,0,7 ساعات,0,0,$10.00,ثلاثة أيام,0,0,0.0,.Omar I,https://khamsat.com/user/omardaganee,True,بائع مميز,0.0,28,74.19%,3,41,7 أيام
برمجة وتطوير,https://khamsat.com/programming,إضافات ووردبريس,https://khamsat.com/programming/wordpress-plugins,اضافة ووردبريس SmartX Revenue Sharing لمشاركة أرباح أدسنس,https://khamsat.com/programming/wordpress-plugins/3039633-%D8%A7%D8%B6%D8%A7%D9%81%D8%A9-%D9%88%D9%88%D8%B1%D8%AF%D8%A8%D8%B1%D9%8A%D8%B3-smartx-revenue-sharing-%D9%84%D9%85%D8%B4%D8%A7%D8%B1%D9%83%D8%A9-%D8%A3%D8%B1%D8%A8%D8%A7%D8%AD-%D8%A3%D8%AF%D8%B3%D9%86%D8%B3,0.0,0,لم يحسب,0,0,$10.00,يوم واحد,0,0,0.0,.Tawfiq S,https://khamsat.com/user/tawfiqsalim,True,بائع جديد,0.0,0,لم يحسب بعد,1,0,لم يحسب
برمجة وتطوير,https://khamsat.com/programming,إضافات ووردبريس,https://khamsat.com/programming/wordpress-plugins,تغيير محتوى أزرار ووردبريس أو ترجمتها,https://khamsat.com/programming/wordpress-plugins/1635501-%D8%AA%D8%BA%D9%8A%D9%8A%D8%B1-%D9%85%D8%AD%D8%AA%D9%88%D9%89-%D8%A3%D8%B2%D8%B1%D8%A7%D8%B1-%D9%88%D9%88%D8%B1%D8%AF%D8%A8%D8%B1%D9%8A%D8%B3-%D8%A3%D9%88-%D8%AA%D8%B1%D8%AC%D9%85%D8%AA%D9%87%D8%A7,5.0,1,دقيقة,2,0,$5.00,يوم واحد,1,3,20.0,.Zakariae B,https://khamsat.com/user/zwebma,True,بائع مميز,5.0,64,89.58%,9,58,يوم
برمجة وتطوير,https://khamsat.com/programming,إضافات ووردبريس,https://khamsat.com/programming/wordpress-plugins,إذا كان موقعك مكتوب php أو laravel أو codignitor وتريد إضافة,https://khamsat.com/programming/wordpress-plugins/2658609-%D8%A5%D8%B0%D8%A7-%D9%83%D8%A7%D9%86-%D9%85%D9%88%D9%82%D8%B9%D9%83-%D9%85%D9%83%D8%AA%D9%88%D8%A8-php-%D8%A3%D9%88-laravel-%D8%A3%D9%88-codignitor-%D9%88%D8%AA%D8%B1%D9%8A%D8%AF-%D8%A5%D8%B6%D8%A7%D9%81%D8%A9,0.0,0,لم يحسب,0,0,$10.00,يومين,0,3,220.0,.Mahmoud D,https://khamsat.com/user/mahmoud_diab77,True,بائع جديد,5.0,2,100.0%,4,2,ساعة
برمجة وتطوير,https://khamsat.com/programming,إضافات ووردبريس,https://khamsat.com/programming/wordpress-plugins,تركيب اضافة Amelia PRO او Bookly PRO لحجز المواعيد والاحداث,https://khamsat.com/programming/wordpress-plugins/2724371-%D8%AA%D8%B1%D9%83%D9%8A%D8%A8-%D8%A7%D8%B6%D8%A7%D9%81%D8%A9-amelia-pro-%D8%A7%D9%88-bookly-pro-%D9%84%D8%AD%D8%AC%D8%B2-%D8%A7%D9%84%D9%85%D9%88%D8%A7%D8%B9%D9%8A%D8%AF-%D9%88%D8%A7%D9%84%D8%A7%D8%AD%D8%AF%D8%A7%D8%AB,5.0,1,3 ساعات,2,0,$5.00,يوم واحد,1,0,0.0,.Mohamed E,https://khamsat.com/user/memadhomsi,True,بائع نشيط,5.0,27,65.57%,9,25,ساعة
برمجة وتطوير,https://khamsat.com/programming,إضافات ووردبريس,https://khamsat.com/programming/wordpress-plugins,إضافة لاظهار وسائل التواصل في كل صفحات الموقع,https://khamsat.com/programming/wordpress-plugins/2938676-%D8%A5%D8%B6%D8%A7%D9%81%D8%A9-%D9%84%D8%A7%D8%B8%D9%87%D8%A7%D8%B1-%D9%88%D8%B3%D8%A7%D8%A6%D9%84-%D8%A7%D9%84%D8%AA%D9%88%D8%A7%D8%B5%D9%84-%D9%81%D9%8A-%D9%83%D9%84-%D8%B5%D9%81%D8%AD%D8%A7%D8%AA-%D8%A7%D9%84%D9%85%D9%88%D9%82%D8%B9,0.0,0,لم يحسب,0,0,$5.00,يوم واحد,0,0,0.0,فاطمة س.,https://khamsat.com/user/fatma6593,True,بائع جديد,0.0,0,لم يحسب بعد,1,0,لم يحسب
برمجة وتطوير,https://khamsat.com/programming,إضافات ووردبريس,https://khamsat.com/programming/wordpress-plugins,تركيب اضافة ربط موقع منتجات رقمية مع أحد مواقع Cloud Storage,https://khamsat.com/programming/wordpress-plugins/3027542-%D8%AA%D8%B1%D9%83%D9%8A%D8%A8-%D8%A7%D8%B6%D8%A7%D9%81%D8%A9-%D8%B1%D8%A8%D8%B7-%D9%85%D9%88%D9%82%D8%B9-%D9%85%D9%86%D8%AA%D8%AC%D8%A7%D8%AA-%D8%B1%D9%82%D9%85%D9%8A%D8%A9-%D9%85%D8%B9-%D8%A3%D8%AD%D8%AF-%D9%85%D9%88%D8%A7%D9%82%D8%B9-cloud-storage,0.0,0,لم يحسب,0,0,$10.00,ستة أيام,0,0,0.0,.Wael A,https://khamsat.com/user/wael_zineldin,True,بائع جديد,0.0,0,لم يحسب بعد,5,0,لم يحسب
برمجة وتطوير,https://khamsat.com/programming,إضافات ووردبريس,https://khamsat.com/programming/wordpress-plugins,تركيب إضافة Yoast SEO وضبط إعدادتها + الخريطة + ملف Robots,https://khamsat.com/programming/wordpress-plugins/451326-%D8%AA%D8%B1%D9%83%D9%8A%D8%A8-%D8%A5%D8%B6%D8%A7%D9%81%D8%A9-yoast-seo-%D9%88%D8%B6%D8%A8%D8%B7-%D8%A5%D8%B9%D8%AF%D8%A7%D8%AF%D8%AA%D9%87%D8%A7-%D8%A7%D9%84%D8%AE%D8%B1%D9%8A%D8%B7%D8%A9-%D9%85%D9%84%D9%81-robots,5.0,54,51 دقيقة,70,0,$5.00,يوم واحد,25,0,0.0,.Zeinab M,https://khamsat.com/user/zeinab-magdy,True,بائع مميز,5.0,225,90.32%,5,273,58 دقيقة
برمجة وتطوير,https://khamsat.com/programming,شوبيفاي,https://khamsat.com/programming/shopify-development,انشاء متجر على منصه شوبيفاى Shopify دروبشيبنج Dropshipping,https://khamsat.com/programming/shopify-development/2073423-%D8%A7%D9%86%D8%B4%D8%A7%D8%A1-%D9%85%D8%AA%D8%AC%D8%B1-%D8%B9%D9%84%D9%89-%D9%85%D9%86%D8%B5%D9%87-%D8%B4%D9%88%D8%A8%D9%8A%D9%81%D8%A7%D9%89-shopify-%D8%AF%D8%B1%D9%88%D8%A8%D8%B4%D9%8A%D8%A8%D9%86%D8%AC-dropshipping,5.0,112,3 ساعات,118,1,$25.00,ثلاثة أيام,25,5,420.0,.Abeer S,https://khamsat.com/user/beeroali,True,بائع مميز,5.0,117,95.59%,1,130,18 ساعة
برمجة وتطوير,https://khamsat.com/programming,شوبيفاي,https://khamsat.com/programming/shopify-development,تعريب قوالب shopify و التعديل عليها,https://khamsat.com/programming/shopify-development/1807765-%D8%AA%D8%B9%D8%B1%D9%8A%D8%A8-%D9%82%D9%88%D8%A7%D9%84%D8%A8-shopify-%D9%88-%D8%A7%D9%84%D8%AA%D8%B9%D8%AF%D9%8A%D9%84-%D8%B9%D9%84%D9%8A%D9%87%D8%A7,5.0,14,4 ساعات,21,0,$15.00,يومين,14,5,335.0,.Ahmed A,https://khamsat.com/user/ahmedaly84,True,بائع مميز,5.0,24,91.89%,2,33,يومين
برمجة وتطوير,https://khamsat.com/programming,شوبيفاي,https://khamsat.com/programming/shopify-development,انشاء متجر احترافي على منصة شوبيفاي مع اضافة منتجات رابحة,https://khamsat.com/programming/shopify-development/1694754-%D8%A7%D9%86%D8%B4%D8%A7%D8%A1-%D9%85%D8%AA%D8%AC%D8%B1-%D8%A7%D8%AD%D8%AA%D8%B1%D8%A7%D9%81%D9%8A-%D8%B9%D9%84%D9%89-%D9%85%D9%86%D8%B5%D8%A9-%D8%B4%D9%88%D8%A8%D9%8A%D9%81%D8%A7%D9%8A-%D9%85%D8%B9-%D8%A7%D8%B6%D8%A7%D9%81%D8%A9-%D9%85%D9%86%D8%AA%D8%AC%D8%A7%D8%AA-%D8%B1%D8%A7%D8%A8%D8%AD%D8%A9,5.0,159,22 دقيقة,170,0,$50.00,ثلاثة أيام,25,4,265.0,رشيد ص.,https://khamsat.com/user/digitargets,True,بائع مميز,5.0,168,92.91%,1,175,40 دقيقة
برمجة وتطوير,https://khamsat.com/programming,شوبيفاي,https://khamsat.com/programming/shopify-development,انشاء متجر دروبشيبينغ احترافي علي منصة شوبيفاي Shopify,https://khamsat.com/programming/shopify-development/1915505-%D8%A7%D9%86%D8%B4%D8%A7%D8%A1-%D9%85%D8%AA%D8%AC%D8%B1-%D8%AF%D8%B1%D9%88%D8%A8%D8%B4%D9%8A%D8%A8%D9%8A%D9%86%D8%BA-%D8%A7%D8%AD%D8%AA%D8%B1%D8%A7%D9%81%D9%8A-%D8%B9%D9%84%D9%8A-%D9%85%D9%86%D8%B5%D8%A9-%D8%B4%D9%88%D8%A8%D9%8A%D9%81%D8%A7%D9%8A-shopify,5.0,125,5 ساعات,151,0,$30.00,يومين,25,5,445.0,.Abdellatif K,https://khamsat.com/user/youssef2200,True,بائع مميز,5.0,147,96.5%,3,167,3 ساعات
برمجة وتطوير,https://khamsat.com/programming,شوبيفاي,https://khamsat.com/programming/shopify-development,إنشاء متجر شوبيفاي دروبيشيبينغ احترافي,https://khamsat.com/programming/shopify-development/2495161-%D8%A5%D9%86%D8%B4%D8%A7%D8%A1-%D9%85%D8%AA%D8%AC%D8%B1-%D8%B4%D9%88%D8%A8%D9%8A%D9%81%D8%A7%D9%8A-%D8%AF%D8%B1%D9%88%D8%A8%D9%8A%D8%B4%D9%8A%D8%A8%D9%8A%D9%86%D8%BA-%D8%A7%D8%AD%D8%AA%D8%B1%D8%A7%D9%81%D9%8A,5.0,17,8 دقائق,19,0,$25.00,أربعة أيام,17,3,175.0,جمال ا.,https://khamsat.com/user/jamalabou,True,بائع نشيط,5.0,17,91.43%,1,19,8 دقائق
برمجة وتطوير,https://khamsat.com/programming,شوبيفاي,https://khamsat.com/programming/shopify-development,إنشاء متجر دروبشيبينغ جاهز للعمل على شوبفاي Shopify,https://khamsat.com/programming/shopify-development/2447387-%D8%A5%D9%86%D8%B4%D8%A7%D8%A1-%D9%85%D8%AA%D8%AC%D8%B1-%D8%AF%D8%B1%D9%88%D8%A8%D8%B4%D9%8A%D8%A8%D9%8A%D9%86%D8%BA-%D8%AC%D8%A7%D9%87%D8%B2-%D9%84%D9%84%D8%B9%D9%85%D9%84-%D8%B9%D9%84%D9%89-%D8%B4%D9%88%D8%A8%D9%81%D8%A7%D9%8A-shopify,4.5,93,3 دقائق,92,0,$10.00,يوم واحد,25,4,55.0,.Amine E,https://khamsat.com/user/amine_12,True,بائع مميز,4.5,97,85.41%,1,99,ساعة
برمجة وتطوير,https://khamsat.com/programming,شوبيفاي,https://khamsat.com/programming/shopify-development,انشاء متجر أحترافي على منصة شوبيفاي,https://khamsat.com/programming/shopify-development/1507976-%D8%A7%D9%86%D8%B4%D8%A7%D8%A1-%D9%85%D8%AA%D8%AC%D8%B1-%D8%A3%D8%AD%D8%AA%D8%B1%D8%A7%D9%81%D9%8A-%D8%B9%D9%84%D9%89-%D9%85%D9%86%D8%B5%D8%A9-%D8%B4%D9%88%D8%A8%D9%8A%D9%81%D8%A7%D9%8A,5.0,50,ساعتين,57,1,$20.00,ثلاثة أيام,25,5,220.0,.Sami R,https://khamsat.com/user/samozzin,True,بائع مميز,5.0,51,91.14%,1,57,7 ساعات
برمجة وتطوير,https://khamsat.com/programming,شوبيفاي,https://khamsat.com/programming/shopify-development,انشاء متجر على منصه شوبيفاى Shopify دروبشيبنج Dropshipping,https://khamsat.com/programming/shopify-development/2499154-%D8%A7%D9%86%D8%B4%D8%A7%D8%A1-%D9%85%D8%AA%D8%AC%D8%B1-%D8%B9%D9%84%D9%89-%D9%85%D9%86%D8%B5%D9%87-%D8%B4%D9%88%D8%A8%D9%8A%D9%81%D8%A7%D9%89-shopify-%D8%AF%D8%B1%D9%88%D8%A8%D8%B4%D9%8A%D8%A8%D9%86%D8%AC-dropshipping,5.0,3,46 دقيقة,4,0,$15.00,ثلاثة أيام,3,5,30.0,.Ahmed N,https://khamsat.com/user/ahmed_n0,True,بائع مميز,5.0,69,88.24%,11,85,4 ساعات
برمجة وتطوير,https://khamsat.com/programming,شوبيفاي,https://khamsat.com/programming/shopify-development,انشاء متجر الكتروني على منصة shopify متكامل باحترافية,https://khamsat.com/programming/shopify-development/1919241-%D8%A7%D9%86%D8%B4%D8%A7%D8%A1-%D9%85%D8%AA%D8%AC%D8%B1-%D8%A7%D9%84%D9%83%D8%AA%D8%B1%D9%88%D9%86%D9%8A-%D8%B9%D9%84%D9%89-%D9%85%D9%86%D8%B5%D8%A9-shopify-%D9%85%D8%AA%D9%83%D8%A7%D9%85%D9%84-%D8%A8%D8%A7%D8%AD%D8%AA%D8%B1%D8%A7%D9%81%D9%8A%D8%A9,4.5,45,7 ساعات,71,0,$50.00,ثلاثة أيام,25,4,65.0,.Mohamed Ibrahim B,https://khamsat.com/user/brahim20,True,بائع مميز,4.5,73,88.24%,6,98,6 ساعات
برمجة وتطوير,https://khamsat.com/programming,شوبيفاي,https://khamsat.com/programming/shopify-development,فحص متجرك الالكتروني والتعديل عليه واصلاحه باحترافية,https://khamsat.com/programming/shopify-development/2048159-%D9%81%D8%AD%D8%B5-%D9%85%D8%AA%D8%AC%D8%B1%D9%83-%D8%A7%D9%84%D8%A7%D9%84%D9%83%D8%AA%D8%B1%D9%88%D9%86%D9%8A-%D9%88%D8%A7%D9%84%D8%AA%D8%B9%D8%AF%D9%8A%D9%84-%D8%B9%D9%84%D9%8A%D9%87-%D9%88%D8%A7%D8%B5%D9%84%D8%A7%D8%AD%D9%87-%D8%A8%D8%A7%D8%AD%D8%AA%D8%B1%D8%A7%D9%81%D9%8A%D8%A9,5.0,15,يوم,20,0,$30.00,ثلاثة أيام,15,4,55.0,.Mohamed Ibrahim B,https://khamsat.com/user/brahim20,True,بائع مميز,4.5,73,88.24%,6,98,6 ساعات
برمجة وتطوير,https://khamsat.com/programming,شوبيفاي,https://khamsat.com/programming/shopify-development,انشاء وتصميم متجر احترافي على منصة شوبيفاي,https://khamsat.com/programming/shopify-development/2641065-%D8%A7%D9%86%D8%B4%D8%A7%D8%A1-%D9%88%D8%AA%D8%B5%D9%85%D9%8A%D9%85-%D9%85%D8%AA%D8%AC%D8%B1-%D8%A7%D8%AD%D8%AA%D8%B1%D8%A7%D9%81%D9%8A-%D8%B9%D9%84%D9%89-%D9%85%D9%86%D8%B5%D8%A9-%D8%B4%D9%88%D8%A8%D9%8A%D9%81%D8%A7%D9%8A,5.0,16,31 دقيقة,18,0,$25.00,ثلاثة أيام,16,5,270.0,.Hisham T,https://khamsat.com/user/hisham_taher,True,بائع نشيط,5.0,16,74.07%,1,18,31 دقيقة
برمجة وتطوير,https://khamsat.com/programming,شوبيفاي,https://khamsat.com/programming/shopify-development,سأنشئ لك متجر احترافي علي شوبيفاي,https://khamsat.com/programming/shopify-development/2431850-%D8%B3%D8%A3%D9%86%D8%B4%D8%A6-%D9%84%D9%83-%D9%85%D8%AA%D8%AC%D8%B1-%D8%A7%D8%AD%D8%AA%D8%B1%D8%A7%D9%81%D9%8A-%D8%B9%D9%84%D9%8A-%D8%B4%D9%88%D8%A8%D9%8A%D9%81%D8%A7%D9%8A,5.0,10,34 دقيقة,14,0,$5.00,خمسة أيام,10,5,215.0,.Mohammed A,https://khamsat.com/user/mohamed7774,True,بائع مميز,4.5,54,89.42%,7,54,21 ساعة
برمجة وتطوير,https://khamsat.com/programming,شوبيفاي,https://khamsat.com/programming/shopify-development,حل مشاكل موقعك شوبيفاي كيفما كانت,https://khamsat.com/programming/shopify-development/1601888-%D8%AD%D9%84-%D9%85%D8%B4%D8%A7%D9%83%D9%84-%D9%85%D9%88%D9%82%D8%B9%D9%83-%D8%B4%D9%88%D8%A8%D9%8A%D9%81%D8%A7%D9%8A-%D9%83%D9%8A%D9%81%D9%85%D8%A7-%D9%83%D8%A7%D9%86%D8%AA,5.0,23,21 ساعة,26,0,$10.00,يوم واحد,23,3,115.0,أميمة ا.,https://khamsat.com/user/eloumaiema,True,بائع مميز,5.0,26,86.89%,2,28,17 ساعة
برمجة وتطوير,https://khamsat.com/programming,شوبيفاي,https://khamsat.com/programming/shopify-development,تصميم متجر الكتروني احترافي على منصة شوبيفاي,https://khamsat.com/programming/shopify-development/2670421-%D8%AA%D8%B5%D9%85%D9%8A%D9%85-%D9%85%D8%AA%D8%AC%D8%B1-%D8%A7%D9%84%D9%83%D8%AA%D8%B1%D9%88%D9%86%D9%8A-%D8%A7%D8%AD%D8%AA%D8%B1%D8%A7%D9%81%D9%8A-%D8%B9%D9%84%D9%89-%D9%85%D9%86%D8%B5%D8%A9-%D8%B4%D9%88%D8%A8%D9%8A%D9%81%D8%A7%D9%8A,4.5,14,ساعة,13,0,$25.00,ثلاثة أيام,14,5,185.0,.Abanob F,https://khamsat.com/user/abanob-farag,True,بائع نشيط,4.5,28,86.05%,8,30,14 ساعة
برمجة وتطوير,https://khamsat.com/programming,شوبيفاي,https://khamsat.com/programming/shopify-development,تصميم متجر الكتروني احترافي على منصة شوبيفاي Shopify,https://khamsat.com/programming/shopify-development/2633702-%D8%AA%D8%B5%D9%85%D9%8A%D9%85-%D9%85%D8%AA%D8%AC%D8%B1-%D8%A7%D9%84%D9%83%D8%AA%D8%B1%D9%88%D9%86%D9%8A-%D8%A7%D8%AD%D8%AA%D8%B1%D8%A7%D9%81%D9%8A-%D8%B9%D9%84%D9%89-%D9%85%D9%86%D8%B5%D8%A9-%D8%B4%D9%88%D8%A8%D9%8A%D9%81%D8%A7%D9%8A-shopify,5.0,6,7 ساعات,7,0,$50.00,ثلاثة أيام,6,2,85.0,.Ziad A,https://khamsat.com/user/ziad_mohammed,True,بائع مميز,5.0,50,93.81%,8,47,ساعتين
برمجة وتطوير,https://khamsat.com/programming,شوبيفاي,https://khamsat.com/programming/shopify-development,تصميم متجر الكتروني من الصفر,https://khamsat.com/programming/shopify-development/2728469-%D8%AA%D8%B5%D9%85%D9%8A%D9%85-%D9%85%D8%AA%D8%AC%D8%B1-%D8%A7%D9%84%D9%83%D8%AA%D8%B1%D9%88%D9%86%D9%8A-%D9%85%D9%86-%D8%A7%D9%84%D8%B5%D9%81%D8%B1,5.0,13,ساعتين,15,0,$25.00,ثلاثة أيام,13,5,190.0,.Bavly G,https://khamsat.com/user/bavly_george,True,بائع مميز,5.0,41,87.14%,6,38,ساعة
برمجة وتطوير,https://khamsat.com/programming,شوبيفاي,https://khamsat.com/programming/shopify-development,تصميم متجر شوبيفاي باحترافية و سرعة,https://khamsat.com/programming/shopify-development/1432791-%D8%AA%D8%B5%D9%85%D9%8A%D9%85-%D9%85%D8%AA%D8%AC%D8%B1-%D8%B4%D9%88%D8%A8%D9%8A%D9%81%D8%A7%D9%8A-%D8%A8%D8%A7%D8%AD%D8%AA%D8%B1%D8%A7%D9%81%D9%8A%D8%A9-%D9%88-%D8%B3%D8%B1%D8%B9%D8%A9,4.5,83,3 ساعات,108,0,$10.00,يوم واحد,25,5,435.0,.Anass O,https://khamsat.com/user/ahasstore_00,True,بائع مميز,4.5,96,89.8%,3,118,11 ساعة
برمجة وتطوير,https://khamsat.com/programming,شوبيفاي,https://khamsat.com/programming/shopify-development,أنشئ متجر دروبشيبينغ احترافي على شوبيفاي-كل ما تحتاجه للنجاح,https://khamsat.com/programming/shopify-development/2892952-%D8%A3%D9%86%D8%B4%D8%A6-%D9%85%D8%AA%D8%AC%D8%B1-%D8%AF%D8%B1%D9%88%D8%A8%D8%B4%D9%8A%D8%A8%D9%8A%D9%86%D8%BA-%D8%A7%D8%AD%D8%AA%D8%B1%D8%A7%D9%81%D9%8A-%D8%B9%D9%84%D9%89-%D8%B4%D9%88%D8%A8%D9%8A%D9%81%D8%A7%D9%8A-%D9%83%D9%84-%D9%85%D8%A7-%D8%AA%D8%AD%D8%AA%D8%A7%D8%AC%D9%87-%D9%84%D9%84%D9%86%D8%AC%D8%A7%D8%AD,5.0,1,11 ساعة,1,0,$10.00,ثلاثة أيام,1,2,35.0,.Ammar Y,https://khamsat.com/user/ammar_yasser33,True,بائع جديد,5.0,2,100.0%,2,2,6 ساعات
برمجة وتطوير,https://khamsat.com/programming,شوبيفاي,https://khamsat.com/programming/shopify-development,انشاء متجر احترافي على منصة شوبيفاي,https://khamsat.com/programming/shopify-development/2641897-%D8%A7%D9%86%D8%B4%D8%A7%D8%A1-%D9%85%D8%AA%D8%AC%D8%B1-%D8%A7%D8%AD%D8%AA%D8%B1%D8%A7%D9%81%D9%8A-%D8%B9%D9%84%D9%89-%D9%85%D9%86%D8%B5%D8%A9-%D8%B4%D9%88%D8%A8%D9%8A%D9%81%D8%A7%D9%8A,4.5,3,يوم,3,0,$10.00,ثلاثة أيام,3,4,130.0,.Abd Elrahman A,https://khamsat.com/user/elsharwany10,True,بائع جديد,4.5,3,100.0%,1,3,يوم
برمجة وتطوير,https://khamsat.com/programming,شوبيفاي,https://khamsat.com/programming/shopify-development,تصميم متجر الكتروني احترافي على منصة شوبيفاي,https://khamsat.com/programming/shopify-development/2377927-%D8%AA%D8%B5%D9%85%D9%8A%D9%85-%D9%85%D8%AA%D8%AC%D8%B1-%D8%A7%D9%84%D9%83%D8%AA%D8%B1%D9%88%D9%86%D9%8A-%D8%A7%D8%AD%D8%AA%D8%B1%D8%A7%D9%81%D9%8A-%D8%B9%D9%84%D9%89-%D9%85%D9%86%D8%B5%D8%A9-%D8%B4%D9%88%D8%A8%D9%8A%D9%81%D8%A7%D9%8A,4.5,26,أقل من دقيقة,28,0,$30.00,يومين,25,4,160.0,جمعة ه.,https://khamsat.com/user/cumahashm,True,بائع مميز,4.5,42,92.98%,4,38,28 دقيقة
برمجة وتطوير,https://khamsat.com/programming,شوبيفاي,https://khamsat.com/programming/shopify-development,تصميم و إنشاء متجر إحترافي دروبشيبينغ علي منصة Shopify,https://khamsat.com/programming/shopify-development/2838994-%D8%AA%D8%B5%D9%85%D9%8A%D9%85-%D9%88-%D8%A5%D9%86%D8%B4%D8%A7%D8%A1-%D9%85%D8%AA%D8%AC%D8%B1-%D8%A5%D8%AD%D8%AA%D8%B1%D8%A7%D9%81%D9%8A-%D8%AF%D8%B1%D9%88%D8%A8%D8%B4%D9%8A%D8%A8%D9%8A%D9%86%D8%BA-%D8%B9%D9%84%D9%8A-%D9%85%D9%86%D8%B5%D8%A9-shopify,5.0,2,8 دقائق,3,0,$20.00,يومين,2,3,135.0,.Hazem N,https://khamsat.com/user/hazem_nabil42,True,بائع مميز,4.5,13,92.86%,2,15,ساعة
برمجة وتطوير,https://khamsat.com/programming,شوبيفاي,https://khamsat.com/programming/shopify-development,انشاء متجر الكتروني كامل خاص بالدروبشيبينج على منصة شوبيفاي,https://khamsat.com/programming/shopify-development/1966993-%D8%A7%D9%86%D8%B4%D8%A7%D8%A1-%D9%85%D8%AA%D8%AC%D8%B1-%D8%A7%D9%84%D9%83%D8%AA%D8%B1%D9%88%D9%86%D9%8A-%D9%83%D8%A7%D9%85%D9%84-%D8%AE%D8%A7%D8%B5-%D8%A8%D8%A7%D9%84%D8%AF%D8%B1%D9%88%D8%A8%D8%B4%D9%8A%D8%A8%D9%8A%D9%86%D8%AC-%D8%B9%D9%84%D9%89-%D9%85%D9%86%D8%B5%D8%A9-%D8%B4%D9%88%D8%A8%D9%8A%D9%81%D8%A7%D9%8A,5.0,21,22 دقيقة,22,0,$30.00,يومين,21,5,465.0,.Abdellatif K,https://khamsat.com/user/youssef2200,True,بائع مميز,5.0,147,96.5%,3,167,3 ساعات
برمجة وتطوير,https://khamsat.com/programming,شوبيفاي,https://khamsat.com/programming/shopify-development,ترجمة متجرك على منصة شوبيفاي للغة واحدة تختارها,https://khamsat.com/programming/shopify-development/2659502-%D8%AA%D8%B1%D8%AC%D9%85%D8%A9-%D9%85%D8%AA%D8%AC%D8%B1%D9%83-%D8%B9%D9%84%D9%89-%D9%85%D9%86%D8%B5%D8%A9-%D8%B4%D9%88%D8%A8%D9%8A%D9%81%D8%A7%D9%8A-%D9%84%D9%84%D8%BA%D8%A9-%D9%88%D8%A7%D8%AD%D8%AF%D8%A9-%D8%AA%D8%AE%D8%AA%D8%A7%D8%B1%D9%87%D8%A7,1.0,1,6 أيام,1,0,$10.00,يوم واحد,1,3,70.0,علي خ.,https://khamsat.com/user/khelifi_ali,True,بائع جديد,5.0,3,80.0%,3,3,يومين
برمجة وتطوير,https://khamsat.com/programming,شوبيفاي,https://khamsat.com/programming/shopify-development,إنشاء متجر احترافي على منصة Shopify مع الإعدادات,https://khamsat.com/programming/shopify-development/898292-%D8%A5%D9%86%D8%B4%D8%A7%D8%A1-%D9%85%D8%AA%D8%AC%D8%B1-%D8%A7%D8%AD%D8%AA%D8%B1%D8%A7%D9%81%D9%8A-%D8%B9%D9%84%D9%89-%D9%85%D9%86%D8%B5%D8%A9-shopify-%D9%85%D8%B9-%D8%A7%D9%84%D8%A5%D8%B9%D8%AF%D8%A7%D8%AF%D8%A7%D8%AA,5.0,11,أقل من دقيقة,16,0,$25.00,ثلاثة أيام,11,5,285.0,شرف الدين ض.,https://khamsat.com/user/mgsv,True,بائع مميز,5.0,28,69.72%,2,34,4 ساعات
برمجة وتطوير,https://khamsat.com/programming,شوبيفاي,https://khamsat.com/programming/shopify-development,انشاء وتصميم متجر كامل على منصة شوبيفاي Shopify,https://khamsat.com/programming/shopify-development/2331386-%D8%A7%D9%86%D8%B4%D8%A7%D8%A1-%D9%88%D8%AA%D8%B5%D9%85%D9%8A%D9%85-%D9%85%D8%AA%D8%AC%D8%B1-%D9%83%D8%A7%D9%85%D9%84-%D8%B9%D9%84%D9%89-%D9%85%D9%86%D8%B5%D8%A9-%D8%B4%D9%88%D8%A8%D9%8A%D9%81%D8%A7%D9%8A-shopify,5.0,41,دقيقة,51,1,$40.00,ثلاثة أيام,25,4,385.0,.Ahmed S,https://khamsat.com/user/medo0007,True,بائع مميز,5.0,48,95.45%,3,56,42 دقيقة
برمجة وتطوير,https://khamsat.com/programming,شوبيفاي,https://khamsat.com/programming/shopify-development,انشاء متجر الكتروني كامل على منصة سلة او شوبيفاي دروبشيبنج,https://khamsat.com/programming/shopify-development/2030447-%D8%A7%D9%86%D8%B4%D8%A7%D8%A1-%D9%85%D8%AA%D8%AC%D8%B1-%D8%A7%D9%84%D9%83%D8%AA%D8%B1%D9%88%D9%86%D9%8A-%D9%83%D8%A7%D9%85%D9%84-%D8%B9%D9%84%D9%89-%D9%85%D9%86%D8%B5%D8%A9-%D8%B3%D9%84%D8%A9-%D8%A7%D9%88-%D8%B4%D9%88%D8%A8%D9%8A%D9%81%D8%A7%D9%8A-%D8%AF%D8%B1%D9%88%D8%A8%D8%B4%D9%8A%D8%A8%D9%86%D8%AC,5.0,23,30 دقيقة,29,0,$10.00,ثلاثة أيام,23,5,80.0,.Ziad A,https://khamsat.com/user/ziad_mohammed,True,بائع مميز,5.0,50,93.81%,8,47,ساعتين
برمجة وتطوير,https://khamsat.com/programming,شوبيفاي,https://khamsat.com/programming/shopify-development,انشاء متجر أحترافي على منصة شوبيفاي,https://khamsat.com/programming/shopify-development/1300621-%D8%A7%D9%86%D8%B4%D8%A7%D8%A1-%D9%85%D8%AA%D8%AC%D8%B1-%D8%A3%D8%AD%D8%AA%D8%B1%D8%A7%D9%81%D9%8A-%D8%B9%D9%84%D9%89-%D9%85%D9%86%D8%B5%D8%A9-%D8%B4%D9%88%D8%A8%D9%8A%D9%81%D8%A7%D9%8A,5.0,53,20 ساعة,73,0,$25.00,ثلاثة أيام,25,5,265.0,.Ahmed N,https://khamsat.com/user/ahmed_n0,True,بائع مميز,5.0,69,88.24%,11,85,4 ساعات
برمجة وتطوير,https://khamsat.com/programming,شوبيفاي,https://khamsat.com/programming/shopify-development,إنشاء متجر احترافي على منصة شوبيفاي Shopify دروبشيبينغ,https://khamsat.com/programming/shopify-development/2492186-%D8%A5%D9%86%D8%B4%D8%A7%D8%A1-%D9%85%D8%AA%D8%AC%D8%B1-%D8%A7%D8%AD%D8%AA%D8%B1%D8%A7%D9%81%D9%8A-%D8%B9%D9%84%D9%89-%D9%85%D9%86%D8%B5%D8%A9-%D8%B4%D9%88%D8%A8%D9%8A%D9%81%D8%A7%D9%8A-shopify-%D8%AF%D8%B1%D9%88%D8%A8%D8%B4%D9%8A%D8%A8%D9%8A%D9%86%D8%BA,0.0,0,لم يحسب,1,1,$25.00,خمسة أيام,0,0,0.0,سامح ع.,https://khamsat.com/user/%D8%B3%D8%A7%D9%85%D8%AD-%D8%B9%D8%A8%D8%AF%D9%87-%D9%85%D8%AD%D9%85%D8%AF,True,بائع مميز,4.5,114,92.53%,10,190,3 ساعات
برمجة وتطوير,https://khamsat.com/programming,شوبيفاي,https://khamsat.com/programming/shopify-development,تصميم متجر دروبشيبنج|Dropshipping على منصة شوبيفاى|Shopify,https://khamsat.com/programming/shopify-development/2437486-%D8%AA%D8%B5%D9%85%D9%8A%D9%85-%D9%85%D8%AA%D8%AC%D8%B1-%D8%AF%D8%B1%D9%88%D8%A8%D8%B4%D9%8A%D8%A8%D9%86%D8%ACdropshipping-%D8%B9%D9%84%D9%89-%D9%85%D9%86%D8%B5%D8%A9-%D8%B4%D9%88%D8%A8%D9%8A%D9%81%D8%A7%D9%89shopify,5.0,2,ساعتين,2,0,$10.00,يومين,2,5,200.0,.Karim E,https://khamsat.com/user/kareemaljanaini,True,بائع نشيط,5.0,16,88.89%,4,14,12 ساعة
برمجة وتطوير,https://khamsat.com/programming,شوبيفاي,https://khamsat.com/programming/shopify-development,تصميم متجر احترافي في شوبيفاي Shopfiy,https://khamsat.com/programming/shopify-development/2651648-%D8%AA%D8%B5%D9%85%D9%8A%D9%85-%D9%85%D8%AA%D8%AC%D8%B1-%D8%A7%D8%AD%D8%AA%D8%B1%D8%A7%D9%81%D9%8A-%D9%81%D9%8A-%D8%B4%D9%88%D8%A8%D9%8A%D9%81%D8%A7%D9%8A-shopfiy,4.5,3,7 ساعات,4,1,$25.00,يومين,3,1,75.0,نور أ.,https://khamsat.com/user/%D9%86%D9%88%D8%B1-%D8%A2%D8%BA%D8%A7,True,بائع مميز,4.5,91,83.33%,5,109,4 ساعات
برمجة وتطوير,https://khamsat.com/programming,ووكومرس,https://khamsat.com/programming/woocommerce-development,بناء متجر إلكتروني إحترافي، متجاوب على منصة ووردبريس ووكومرس,https://khamsat.com/programming/woocommerce-development/1669097-%D8%A8%D9%86%D8%A7%D8%A1-%D9%85%D8%AA%D8%AC%D8%B1-%D8%A5%D9%84%D9%83%D8%AA%D8%B1%D9%88%D9%86%D9%8A-%D8%A5%D8%AD%D8%AA%D8%B1%D8%A7%D9%81%D9%8A-%D9%85%D8%AA%D8%AC%D8%A7%D9%88%D8%A8-%D8%B9%D9%84%D9%89-%D9%85%D9%86%D8%B5%D8%A9-%D9%88%D9%88%D8%B1%D8%AF%D8%A8%D8%B1%D9%8A%D8%B3-%D9%88%D9%88%D9%83%D9%88%D9%85%D8%B1%D8%B3,4.5,26,17 دقيقة,31,0,$5.00,خمسة أيام,25,5,475.0,.Bilal B,https://khamsat.com/user/bilalbenabderrahim,True,بائع نشيط,4.5,26,81.25%,2,31,59 دقيقة
برمجة وتطوير,https://khamsat.com/programming,ووكومرس,https://khamsat.com/programming/woocommerce-development,تصميم وإنشاء متجر إلكتروني متجاوب متكامل ووكومرس WooCommerce,https://khamsat.com/programming/woocommerce-development/2966097-%D8%AA%D8%B5%D9%85%D9%8A%D9%85-%D9%88%D8%A5%D9%86%D8%B4%D8%A7%D8%A1-%D9%85%D8%AA%D8%AC%D8%B1-%D8%A5%D9%84%D9%83%D8%AA%D8%B1%D9%88%D9%86%D9%8A-%D9%85%D8%AA%D8%AC%D8%A7%D9%88%D8%A8-%D9%85%D8%AA%D9%83%D8%A7%D9%85%D9%84-%D9%88%D9%88%D9%83%D9%88%D9%85%D8%B1%D8%B3-woocommerce,5.0,3,6 ساعات,4,1,$5.00,ثلاثة أيام,3,5,145.0,.Oussama B,https://khamsat.com/user/oussama_web13,True,بائع نشيط,5.0,8,90.91%,4,11,5 ساعات
برمجة وتطوير,https://khamsat.com/programming,ووكومرس,https://khamsat.com/programming/woocommerce-development,انشاء متجر اليكتروني احترافي WordPress + WooCommerce,https://khamsat.com/programming/woocommerce-development/2603249-%D8%A7%D9%86%D8%B4%D8%A7%D8%A1-%D9%85%D8%AA%D8%AC%D8%B1-%D8%A7%D9%84%D9%8A%D9%83%D8%AA%D8%B1%D9%88%D9%86%D9%8A-%D8%A7%D8%AD%D8%AA%D8%B1%D8%A7%D9%81%D9%8A-wordpress-woocommerce,4.5,8,4 أيام,9,0,$10.00,يوم واحد,8,4,275.0,.Mohamed E,https://khamsat.com/user/itman2000,True,بائع نشيط,4.5,14,75.0%,4,14,يوم
برمجة وتطوير,https://khamsat.com/programming,ووكومرس,https://khamsat.com/programming/woocommerce-development,متجر إبداع ووكوميرس: تجربة استثنائية في إنشاء متجرك,https://khamsat.com/programming/woocommerce-development/2636396-%D9%85%D8%AA%D8%AC%D8%B1-%D8%A5%D8%A8%D8%AF%D8%A7%D8%B9-%D9%88%D9%88%D9%83%D9%88%D9%85%D9%8A%D8%B1%D8%B3-%D8%AA%D8%AC%D8%B1%D8%A8%D8%A9-%D8%A7%D8%B3%D8%AA%D8%AB%D9%86%D8%A7%D8%A6%D9%8A%D8%A9-%D9%81%D9%8A-%D8%A5%D9%86%D8%B4%D8%A7%D8%A1-%D9%85%D8%AA%D8%AC%D8%B1%D9%83,5.0,5,12 ساعة,4,0,$15.00,يومين,5,5,120.0,.Oussama B,https://khamsat.com/user/weblion,True,بائع مميز,4.5,31,81.08%,3,30,8 ساعات
برمجة وتطوير,https://khamsat.com/programming,ووكومرس,https://khamsat.com/programming/woocommerce-development,إنشاء متجر الووكميرس متكامل,https://khamsat.com/programming/woocommerce-development/1296613-%D8%A5%D9%86%D8%B4%D8%A7%D8%A1-%D9%85%D8%AA%D8%AC%D8%B1-%D8%A7%D9%84%D9%88%D9%88%D9%83%D9%85%D9%8A%D8%B1%D8%B3-%D9%85%D8%AA%D9%83%D8%A7%D9%85%D9%84,5.0,4,38 دقيقة,5,0,$50.00,أربعة أيام,4,2,10.0,إبراهيم و.,https://khamsat.com/user/ouhindan,True,بائع مميز,5.0,27,98.88%,6,29,ساعتين
برمجة وتطوير,https://khamsat.com/programming,ووكومرس,https://khamsat.com/programming/woocommerce-development,سأقوم بإنشاء موقع ويب للتجارة الإلكترونية WordPress,https://khamsat.com/programming/woocommerce-development/2585849-%D8%B3%D8%A3%D9%82%D9%88%D9%85-%D8%A8%D8%A5%D9%86%D8%B4%D8%A7%D8%A1-%D9%85%D9%88%D9%82%D8%B9-%D9%88%D9%8A%D8%A8-%D9%84%D9%84%D8%AA%D8%AC%D8%A7%D8%B1%D8%A9-%D8%A7%D9%84%D8%A5%D9%84%D9%83%D8%AA%D8%B1%D9%88%D9%86%D9%8A%D8%A9-wordpress,5.0,2,26 دقيقة,3,0,$10.00,ثلاثة أيام,2,2,15.0,.Omar N,https://khamsat.com/user/omar-nahed,True,بائع نشيط,5.0,14,71.43%,10,15,ساعة
برمجة وتطوير,https://khamsat.com/programming,ووكومرس,https://khamsat.com/programming/woocommerce-development,انشاء موقع متجر الكتروني احترافي على الووكوميرس ووردبريس,https://khamsat.com/programming/woocommerce-development/2619831-%D8%A7%D9%86%D8%B4%D8%A7%D8%A1-%D9%85%D9%88%D9%82%D8%B9-%D9%85%D8%AA%D8%AC%D8%B1-%D8%A7%D9%84%D9%83%D8%AA%D8%B1%D9%88%D9%86%D9%8A-%D8%A7%D8%AD%D8%AA%D8%B1%D8%A7%D9%81%D9%8A-%D8%B9%D9%84%D9%89-%D8%A7%D9%84%D9%88%D9%88%D9%83%D9%88%D9%85%D9%8A%D8%B1%D8%B3-%D9%88%D9%88%D8%B1%D8%AF%D8%A8%D8%B1%D9%8A%D8%B3,5.0,2,3 أيام,2,0,$35.00,يوم واحد,2,5,95.0,ابراهيم ن.,https://khamsat.com/user/bobfar,True,بائع مميز,5.0,110,71.99%,3,148,يومين
برمجة وتطوير,https://khamsat.com/programming,ووكومرس,https://khamsat.com/programming/woocommerce-development,إنشاء مواقع ووكوميرس احترافية بأعلى معايير الجودة,https://khamsat.com/programming/woocommerce-development/2909481-%D8%A5%D9%86%D8%B4%D8%A7%D8%A1-%D9%85%D9%88%D8%A7%D9%82%D8%B9-%D9%88%D9%88%D9%83%D9%88%D9%85%D9%8A%D8%B1%D8%B3-%D8%A7%D8%AD%D8%AA%D8%B1%D8%A7%D9%81%D9%8A%D8%A9-%D8%A8%D8%A3%D8%B9%D9%84%D9%89-%D9%85%D8%B9%D8%A7%D9%8A%D9%8A%D8%B1-%D8%A7%D9%84%D8%AC%D9%88%D8%AF%D8%A9,5.0,3,22 دقيقة,3,0,$10.00,ثلاثة أسابيع,3,3,160.0,.Nabil G,https://khamsat.com/user/brilysm,True,بائع جديد,5.0,3,100.0%,1,3,22 دقيقة
برمجة وتطوير,https://khamsat.com/programming,ووكومرس,https://khamsat.com/programming/woocommerce-development,انشاء متجر الكتروني WordPrees لعرض منتجاتك,https://khamsat.com/programming/woocommerce-development/1821836-%D8%A7%D9%86%D8%B4%D8%A7%D8%A1-%D9%85%D8%AA%D8%AC%D8%B1-%D8%A7%D9%84%D9%83%D8%AA%D8%B1%D9%88%D9%86%D9%8A-wordprees-%D9%84%D8%B9%D8%B1%D8%B6-%D9%85%D9%86%D8%AA%D8%AC%D8%A7%D8%AA%D9%83,5.0,5,يومين,5,0,$5.00,يومين,5,4,125.0,ايمان ص.,https://khamsat.com/user/eman_wp,True,بائع نشيط,5.0,25,92.68%,4,24,يوم
برمجة وتطوير,https://khamsat.com/programming,ووكومرس,https://khamsat.com/programming/woocommerce-development,اصمم لك متجر منتجات اليكتروني متجاوب مع جميع الأجهزة 100%,https://khamsat.com/programming/woocommerce-development/1143168-%D8%A7%D8%B5%D9%85%D9%85-%D9%84%D9%83-%D9%85%D8%AA%D8%AC%D8%B1-%D9%85%D9%86%D8%AA%D8%AC%D8%A7%D8%AA-%D8%A7%D9%84%D9%8A%D9%83%D8%AA%D8%B1%D9%88%D9%86%D9%8A-%D9%85%D8%AA%D8%AC%D8%A7%D9%88%D8%A8-%D9%85%D8%B9-%D8%AC%D9%85%D9%8A%D8%B9-%D8%A7%D9%84%D8%A3%D8%AC%D9%87%D8%B2%D8%A9-100,4.5,17,ساعة,26,1,$5.00,يوم واحد,17,4,175.0,عبد الفتاح ا.,https://khamsat.com/user/peopla-lover,True,بائع مميز,4.5,79,77.16%,12,120,7 ساعات
برمجة وتطوير,https://khamsat.com/programming,ووكومرس,https://khamsat.com/programming/woocommerce-development,انشاء متجر الكتروني احترافي على منصة ووردبريس ووكومرس,https://khamsat.com/programming/woocommerce-development/2467931-%D8%A7%D9%86%D8%B4%D8%A7%D8%A1-%D9%85%D8%AA%D8%AC%D8%B1-%D8%A7%D9%84%D9%83%D8%AA%D8%B1%D9%88%D9%86%D9%8A-%D8%A7%D8%AD%D8%AA%D8%B1%D8%A7%D9%81%D9%8A-%D8%B9%D9%84%D9%89-%D9%85%D9%86%D8%B5%D8%A9-%D9%88%D9%88%D8%B1%D8%AF%D8%A8%D8%B1%D9%8A%D8%B3-%D9%88%D9%88%D9%83%D9%88%D9%85%D8%B1%D8%B3,4.5,4,6 ساعات,5,0,$5.00,ثلاثة أيام,4,4,225.0,محمود ح.,https://khamsat.com/user/mahmoudhamed2,True,بائع جديد,4.5,5,87.5%,2,5,ساعتين
برمجة وتطوير,https://khamsat.com/programming,ووكومرس,https://khamsat.com/programming/woocommerce-development,إنشاء متجر اليكتروني بإحترافية وسرعة علي ووردبريس,https://khamsat.com/programming/woocommerce-development/2188615-%D8%A5%D9%86%D8%B4%D8%A7%D8%A1-%D9%85%D8%AA%D8%AC%D8%B1-%D8%A7%D9%84%D9%8A%D9%83%D8%AA%D8%B1%D9%88%D9%86%D9%8A-%D8%A8%D8%A5%D8%AD%D8%AA%D8%B1%D8%A7%D9%81%D9%8A%D8%A9-%D9%88%D8%B3%D8%B1%D8%B9%D8%A9-%D8%B9%D9%84%D9%8A-%D9%88%D9%88%D8%B1%D8%AF%D8%A8%D8%B1%D9%8A%D8%B3,5.0,3,40 دقيقة,4,0,$15.00,أسبوع,3,4,60.0,.Khaled R,https://khamsat.com/user/khaled-f.-rashed,True,بائع مميز,5.0,44,76.86%,7,44,11 ساعة
برمجة وتطوير,https://khamsat.com/programming,ووكومرس,https://khamsat.com/programming/woocommerce-development,تصميم وإنشاء متجر إلكتروني متكامل ووكومرس WooCommerce,https://khamsat.com/programming/woocommerce-development/2459563-%D8%AA%D8%B5%D9%85%D9%8A%D9%85-%D9%88%D8%A5%D9%86%D8%B4%D8%A7%D8%A1-%D9%85%D8%AA%D8%AC%D8%B1-%D8%A5%D9%84%D9%83%D8%AA%D8%B1%D9%88%D9%86%D9%8A-%D9%85%D8%AA%D9%83%D8%A7%D9%85%D9%84-%D9%88%D9%88%D9%83%D9%88%D9%85%D8%B1%D8%B3-woocommerce,5.0,8,6 ساعات,13,1,$50.00,يوم واحد,8,5,140.0,عمر ح.,https://khamsat.com/user/omar_hamsho22,True,بائع مميز,5.0,66,97.96%,11,80,4 ساعات
برمجة وتطوير,https://khamsat.com/programming,ووكومرس,https://khamsat.com/programming/woocommerce-development,انشاء متجر الكتروني ووكوميرس على ووردبريس,https://khamsat.com/programming/woocommerce-development/2406559-%D8%A7%D9%86%D8%B4%D8%A7%D8%A1-%D9%85%D8%AA%D8%AC%D8%B1-%D8%A7%D9%84%D9%83%D8%AA%D8%B1%D9%88%D9%86%D9%8A-%D9%88%D9%88%D9%83%D9%88%D9%85%D9%8A%D8%B1%D8%B3-%D8%B9%D9%84%D9%89-%D9%88%D9%88%D8%B1%D8%AF%D8%A8%D8%B1%D9%8A%D8%B3,5.0,1,3 ساعات,1,0,$10.00,يومين,1,5,180.0,.Anas S,https://khamsat.com/user/anasshaban,True,بائع نشيط,5.0,21,92.68%,5,26,ساعتين
برمجة وتطوير,https://khamsat.com/programming,ووكومرس,https://khamsat.com/programming/woocommerce-development,تصميم وإنشاء متجر إلكتروني ووردبريس وإضافة WooCommerce,https://khamsat.com/programming/woocommerce-development/2642975-%D8%AA%D8%B5%D9%85%D9%8A%D9%85-%D9%88%D8%A5%D9%86%D8%B4%D8%A7%D8%A1-%D9%85%D8%AA%D8%AC%D8%B1-%D8%A5%D9%84%D9%83%D8%AA%D8%B1%D9%88%D9%86%D9%8A-%D9%88%D9%88%D8%B1%D8%AF%D8%A8%D8%B1%D9%8A%D8%B3-%D9%88%D8%A5%D8%B6%D8%A7%D9%81%D8%A9-woocommerce,5.0,2,26 دقيقة,2,0,$10.00,يوم واحد,2,3,15.0,.Wael A,https://khamsat.com/user/wevfro,True,بائع نشيط,5.0,11,100.0%,10,7,28 دقيقة
برمجة وتطوير,https://khamsat.com/programming,ووكومرس,https://khamsat.com/programming/woocommerce-development,تصميم متجر الكتروني,https://khamsat.com/programming/woocommerce-development/1318010-%D8%AA%D8%B5%D9%85%D9%8A%D9%85-%D9%85%D8%AA%D8%AC%D8%B1-%D8%A7%D9%84%D9%83%D8%AA%D8%B1%D9%88%D9%86%D9%8A,5.0,4,ساعة,5,0,$5.00,يومين,4,4,195.0,ناصر ب.,https://khamsat.com/user/nasser222,True,بائع نشيط,5.0,6,86.84%,3,9,15 ساعة
برمجة وتطوير,https://khamsat.com/programming,ووكومرس,https://khamsat.com/programming/woocommerce-development,أنشئ متجر احترافي على الوردبريس,https://khamsat.com/programming/woocommerce-development/2519438-%D8%A3%D9%86%D8%B4%D8%A6-%D9%85%D8%AA%D8%AC%D8%B1-%D8%A7%D8%AD%D8%AA%D8%B1%D8%A7%D9%81%D9%8A-%D8%B9%D9%84%D9%89-%D8%A7%D9%84%D9%88%D8%B1%D8%AF%D8%A8%D8%B1%D9%8A%D8%B3,5.0,2,ساعة,2,0,$25.00,يوم واحد,2,3,225.0,محمود ا.,https://khamsat.com/user/elmashtouly,True,بائع مميز,4.5,52,89.92%,3,66,10 ساعات
برمجة وتطوير,https://khamsat.com/programming,ووكومرس,https://khamsat.com/programming/woocommerce-development,متجرك على ووردبريس,https://khamsat.com/programming/woocommerce-development/741358-%D9%85%D8%AA%D8%AC%D8%B1%D9%83-%D8%B9%D9%84%D9%89-%D9%88%D9%88%D8%B1%D8%AF%D8%A8%D8%B1%D9%8A%D8%B3,5.0,5,يوم,7,0,$25.00,أسبوع,5,4,90.0,.Mohammaed A,https://khamsat.com/user/mohammaed,True,بائع نشيط,5.0,8,46.38%,1,16,يومين
برمجة وتطوير,https://khamsat.com/programming,ووكومرس,https://khamsat.com/programming/woocommerce-development,تصميم متجر إلكتروني رائع على ووردبريس,https://khamsat.com/programming/woocommerce-development/2868781-%D8%AA%D8%B5%D9%85%D9%8A%D9%85-%D9%85%D8%AA%D8%AC%D8%B1-%D8%A5%D9%84%D9%83%D8%AA%D8%B1%D9%88%D9%86%D9%8A-%D8%B1%D8%A7%D8%A6%D8%B9-%D8%B9%D9%84%D9%89-%D9%88%D9%88%D8%B1%D8%AF%D8%A8%D8%B1%D9%8A%D8%B3,5.0,5,ساعتين,5,0,$20.00,يومين,5,4,40.0,عبد السلام ا.,https://khamsat.com/user/abdulsalam_alkhatib,True,بائع نشيط,5.0,10,85.71%,3,10,ساعة
برمجة وتطوير,https://khamsat.com/programming,ووكومرس,https://khamsat.com/programming/woocommerce-development,تصميم وتطوير متجر الكتروني باستخدام إضافة ووكوميرس,https://khamsat.com/programming/woocommerce-development/2128841-%D8%AA%D8%B5%D9%85%D9%8A%D9%85-%D9%88%D8%AA%D8%B7%D9%88%D9%8A%D8%B1-%D9%85%D8%AA%D8%AC%D8%B1-%D8%A7%D9%84%D9%83%D8%AA%D8%B1%D9%88%D9%86%D9%8A-%D8%A8%D8%A7%D8%B3%D8%AA%D8%AE%D8%AF%D8%A7%D9%85-%D8%A5%D8%B6%D8%A7%D9%81%D8%A9-%D9%88%D9%88%D9%83%D9%88%D9%85%D9%8A%D8%B1%D8%B3,4.5,11,6 ساعات,12,0,$5.00,يوم واحد,11,4,350.0,.Heba O,https://khamsat.com/user/hebaobaid,True,بائع نشيط,4.5,16,92.11%,3,18,6 ساعات
برمجة وتطوير,https://khamsat.com/programming,ووكومرس,https://khamsat.com/programming/woocommerce-development,الخدمة الشاملة في تطوير المتاجر الالكترونية (ووكوميرس),https://khamsat.com/programming/woocommerce-development/1268689-%D8%A7%D9%84%D8%AE%D8%AF%D9%85%D8%A9-%D8%A7%D9%84%D8%B4%D8%A7%D9%85%D9%84%D8%A9-%D9%81%D9%8A-%D8%AA%D8%B7%D9%88%D9%8A%D8%B1-%D8%A7%D9%84%D9%85%D8%AA%D8%A7%D8%AC%D8%B1-%D8%A7%D9%84%D8%A7%D9%84%D9%83%D8%AA%D8%B1%D9%88%D9%86%D9%8A%D8%A9-%D9%88%D9%88%D9%83%D9%88%D9%85%D9%8A%D8%B1%D8%B3,5.0,8,6 ساعات,10,0,$25.00,يومين,8,5,450.0,.Mostafa A,https://khamsat.com/user/mostafalashi,True,بائع موثوق,5.0,417,80.11%,6,448,3 ساعات
برمجة وتطوير,https://khamsat.com/programming,ووكومرس,https://khamsat.com/programming/woocommerce-development,إنشاء متجر إلكتروني احترافي بواسطة WooCommerce,https://khamsat.com/programming/woocommerce-development/2940588-%D8%A5%D9%86%D8%B4%D8%A7%D8%A1-%D9%85%D8%AA%D8%AC%D8%B1-%D8%A5%D9%84%D9%83%D8%AA%D8%B1%D9%88%D9%86%D9%8A-%D8%A7%D8%AD%D8%AA%D8%B1%D8%A7%D9%81%D9%8A-%D8%A8%D9%88%D8%A7%D8%B3%D8%B7%D8%A9-woocommerce,5.0,5,44 دقيقة,5,0,$10.00,خمسة أيام,5,4,200.0,بهاء الدين ا.,https://khamsat.com/user/bahaaaldeeneskif,True,بائع جديد,5.0,7,88.89%,2,7,ساعة
برمجة وتطوير,https://khamsat.com/programming,ووكومرس,https://khamsat.com/programming/woocommerce-development,تركيب قالب متجر إلكتروني ووكميرس,https://khamsat.com/programming/woocommerce-development/2914669-%D8%AA%D8%B1%D9%83%D9%8A%D8%A8-%D9%82%D8%A7%D9%84%D8%A8-%D9%85%D8%AA%D8%AC%D8%B1-%D8%A5%D9%84%D9%83%D8%AA%D8%B1%D9%88%D9%86%D9%8A-%D9%88%D9%88%D9%83%D9%85%D9%8A%D8%B1%D8%B3,5.0,1,29 دقيقة,1,0,$25.00,يوم واحد,1,5,270.0,عامر أ.,https://khamsat.com/user/palgooal,True,بائع نشيط,5.0,16,92.68%,6,13,ساعتين
برمجة وتطوير,https://khamsat.com/programming,ووكومرس,https://khamsat.com/programming/woocommerce-development,سأقوم بإنشاء موقع تجارة إلكترونية احترافي على ووردبريس,https://khamsat.com/programming/woocommerce-development/1561084-%D8%B3%D8%A3%D9%82%D9%88%D9%85-%D8%A8%D8%A5%D9%86%D8%B4%D8%A7%D8%A1-%D9%85%D9%88%D9%82%D8%B9-%D8%AA%D8%AC%D8%A7%D8%B1%D8%A9-%D8%A5%D9%84%D9%83%D8%AA%D8%B1%D9%88%D9%86%D9%8A%D8%A9-%D8%A7%D8%AD%D8%AA%D8%B1%D8%A7%D9%81%D9%8A-%D8%B9%D9%84%D9%89-%D9%88%D9%88%D8%B1%D8%AF%D8%A8%D8%B1%D9%8A%D8%B3,5.0,3,16 ساعة,3,0,$5.00,ثلاثة أيام,3,5,85.0,.Moaad E,https://khamsat.com/user/mouadennassiri,True,بائع جديد,5.0,4,80.0%,2,3,10 ساعات
برمجة وتطوير,https://khamsat.com/programming,ووكومرس,https://khamsat.com/programming/woocommerce-development,سأقوم بإنشاء لك متجر ووكوميرس احترافي على الووردبريس,https://khamsat.com/programming/woocommerce-development/1915824-%D8%B3%D8%A3%D9%82%D9%88%D9%85-%D8%A8%D8%A5%D9%86%D8%B4%D8%A7%D8%A1-%D9%84%D9%83-%D9%85%D8%AA%D8%AC%D8%B1-%D9%88%D9%88%D9%83%D9%88%D9%85%D9%8A%D8%B1%D8%B3-%D8%A7%D8%AD%D8%AA%D8%B1%D8%A7%D9%81%D9%8A-%D8%B9%D9%84%D9%89-%D8%A7%D9%84%D9%88%D9%88%D8%B1%D8%AF%D8%A8%D8%B1%D9%8A%D8%B3,5.0,9,5 ساعات,11,0,$10.00,ثلاثة أيام,9,5,430.0,اسامة ا.,https://khamsat.com/user/didjisoft,True,بائع مميز,5.0,119,94.68%,3,190,5 ساعات
برمجة وتطوير,https://khamsat.com/programming,ووكومرس,https://khamsat.com/programming/woocommerce-development,تصميم المتاجر إلكترونية ووكوميرس بواسطة الووردبريس,https://khamsat.com/programming/woocommerce-development/1711469-%D8%AA%D8%B5%D9%85%D9%8A%D9%85-%D8%A7%D9%84%D9%85%D8%AA%D8%A7%D8%AC%D8%B1-%D8%A5%D9%84%D9%83%D8%AA%D8%B1%D9%88%D9%86%D9%8A%D8%A9-%D9%88%D9%88%D9%83%D9%88%D9%85%D9%8A%D8%B1%D8%B3-%D8%A8%D9%88%D8%A7%D8%B3%D8%B7%D8%A9-%D8%A7%D9%84%D9%88%D9%88%D8%B1%D8%AF%D8%A8%D8%B1%D9%8A%D8%B3,5.0,1,ساعة,1,0,$5.00,خمسة أيام,1,4,155.0,محمد الطيب م.,https://khamsat.com/user/mohammed_miri,True,بائع نشيط,5.0,7,100.0%,4,10,10 ساعات
برمجة وتطوير,https://khamsat.com/programming,ووكومرس,https://khamsat.com/programming/woocommerce-development,متجر الكتروني ووكومرس على وردبرس,https://khamsat.com/programming/woocommerce-development/3044461-%D9%85%D8%AA%D8%AC%D8%B1-%D8%A7%D9%84%D9%83%D8%AA%D8%B1%D9%88%D9%86%D9%8A-%D9%88%D9%88%D9%83%D9%88%D9%85%D8%B1%D8%B3-%D8%B9%D9%84%D9%89-%D9%88%D8%B1%D8%AF%D8%A8%D8%B1%D8%B3,0.0,0,لم يحسب,0,0,$10.00,يومين,0,4,185.0,أشرف ا.,https://khamsat.com/user/%D8%A3%D8%B4%D8%B1%D9%81-%D8%A7%D9%84%D8%B9%D9%84%D9%8A,False,مشتري جاد,0.0,0,لم يحسب بعد,1,0,لم يحسب
برمجة وتطوير,https://khamsat.com/programming,ووكومرس,https://khamsat.com/programming/woocommerce-development,ابدأ رحلتك التجارية: متجر إلكتروني احترافي مع WooCommerce,https://khamsat.com/programming/woocommerce-development/3038819-%D8%A7%D8%A8%D8%AF%D8%A3-%D8%B1%D8%AD%D9%84%D8%AA%D9%83-%D8%A7%D9%84%D8%AA%D8%AC%D8%A7%D8%B1%D9%8A%D8%A9-%D9%85%D8%AA%D8%AC%D8%B1-%D8%A5%D9%84%D9%83%D8%AA%D8%B1%D9%88%D9%86%D9%8A-%D8%A7%D8%AD%D8%AA%D8%B1%D8%A7%D9%81%D9%8A-%D9%85%D8%B9-woocommerce,0.0,0,لم يحسب,0,0,$10.00,يومين,0,2,60.0,.Youssef M,https://khamsat.com/user/yousse68mohamed,True,بائع جديد,0.0,0,لم يحسب بعد,1,0,لم يحسب
برمجة وتطوير,https://khamsat.com/programming,ووكومرس,https://khamsat.com/programming/woocommerce-development,انشاء متجر الكتروني باستخدام Woocommerce,https://khamsat.com/programming/woocommerce-development/2909392-%D8%A7%D9%86%D8%B4%D8%A7%D8%A1-%D9%85%D8%AA%D8%AC%D8%B1-%D8%A7%D9%84%D9%83%D8%AA%D8%B1%D9%88%D9%86%D9%8A-%D8%A8%D8%A7%D8%B3%D8%AA%D8%AE%D8%AF%D8%A7%D9%85-woocommerce,0.0,0,لم يحسب,0,0,$5.00,يوم واحد,0,0,0.0,.Rasha H,https://khamsat.com/user/rasha_hl,True,بائع جديد,0.0,0,لم يحسب بعد,3,0,لم يحسب
برمجة وتطوير,https://khamsat.com/programming,ووكومرس,https://khamsat.com/programming/woocommerce-development,صمم متجرك الإلكتروني باحترافية,https://khamsat.com/programming/woocommerce-development/3040789-%D8%B5%D9%85%D9%85-%D9%85%D8%AA%D8%AC%D8%B1%D9%83-%D8%A7%D9%84%D8%A5%D9%84%D9%83%D8%AA%D8%B1%D9%88%D9%86%D9%8A-%D8%A8%D8%A7%D8%AD%D8%AA%D8%B1%D8%A7%D9%81%D9%8A%D8%A9,0.0,0,لم يحسب,0,0,$10.00,يوم واحد,0,5,105.0,أية أ.,https://khamsat.com/user/aayaaahmed36,True,بائع جديد,0.0,0,لم يحسب بعد,1,0,لم يحسب
برمجة وتطوير,https://khamsat.com/programming,أوبن كارت,https://khamsat.com/programming/opencart-development,خدمات دعم اوبن كارت,https://khamsat.com/programming/opencart-development/729593-%D8%AE%D8%AF%D9%85%D8%A7%D8%AA-%D8%AF%D8%B9%D9%85-%D8%A7%D9%88%D8%A8%D9%86-%D9%83%D8%A7%D8%B1%D8%AA,4.5,33,11 دقيقة,44,0,$10.00,يوم واحد,25,3,85.0,احمد غ.,https://khamsat.com/user/ahmed-ghaly,True,بائع مميز,4.5,131,89.62%,6,139,ساعة
برمجة وتطوير,https://khamsat.com/programming,أوبن كارت,https://khamsat.com/programming/opencart-development,دعم فنى اوبن كارت opencart,https://khamsat.com/programming/opencart-development/2090700-%D8%AF%D8%B9%D9%85-%D9%81%D9%86%D9%89-%D8%A7%D9%88%D8%A8%D9%86-%D9%83%D8%A7%D8%B1%D8%AA-opencart,4.5,17,3 دقائق,18,0,$5.00,يومين,17,4,250.0,محمد ز.,https://khamsat.com/user/muhamed3uda,True,بائع مميز,4.5,17,96.3%,1,18,3 دقائق
برمجة وتطوير,https://khamsat.com/programming,أوبن كارت,https://khamsat.com/programming/opencart-development,الدعم الفني للمتجر أوبن كارت تركيب إضافه - إصلاح مشكله,https://khamsat.com/programming/opencart-development/608817-%D8%A7%D9%84%D8%AF%D8%B9%D9%85-%D8%A7%D9%84%D9%81%D9%86%D9%8A-%D9%84%D9%84%D9%85%D8%AA%D8%AC%D8%B1-%D8%A3%D9%88%D8%A8%D9%86-%D9%83%D8%A7%D8%B1%D8%AA-%D8%AA%D8%B1%D9%83%D9%8A%D8%A8-%D8%A5%D8%B6%D8%A7%D9%81%D9%87-%D8%A5%D8%B5%D9%84%D8%A7%D8%AD-%D9%85%D8%B4%D9%83%D9%84%D9%87,5.0,29,34 دقيقة,40,0,$20.00,يوم واحد,25,0,0.0,طارق ع.,https://khamsat.com/user/egprogrammer,True,بائع مميز,5.0,40,80.46%,13,48,12 ساعة
برمجة وتطوير,https://khamsat.com/programming,أوبن كارت,https://khamsat.com/programming/opencart-development,سوف ابرمج لك قالب اوبن كارت احترافي فقط,https://khamsat.com/programming/opencart-development/630051-%D8%B3%D9%88%D9%81-%D8%A7%D8%A8%D8%B1%D9%85%D8%AC-%D9%84%D9%83-%D9%82%D8%A7%D9%84%D8%A8-%D8%A7%D9%88%D8%A8%D9%86-%D9%83%D8%A7%D8%B1%D8%AA-%D8%A7%D8%AD%D8%AA%D8%B1%D8%A7%D9%81%D9%8A-%D9%81%D9%82%D8%B7,4.5,58,9 ساعات,74,0,$10.00,يوم واحد,25,2,120.0,احمد غ.,https://khamsat.com/user/ahmed-ghaly,True,بائع مميز,4.5,131,89.62%,6,139,ساعة
برمجة وتطوير,https://khamsat.com/programming,أوبن كارت,https://khamsat.com/programming/opencart-development,امتلك متجر الكتروني احترافي,https://khamsat.com/programming/opencart-development/761341-%D8%A7%D9%85%D8%AA%D9%84%D9%83-%D9%85%D8%AA%D8%AC%D8%B1-%D8%A7%D9%84%D9%83%D8%AA%D8%B1%D9%88%D9%86%D9%8A-%D8%A7%D8%AD%D8%AA%D8%B1%D8%A7%D9%81%D9%8A,5.0,6,12 ساعة,7,0,$10.00,يوم واحد,6,3,70.0,احمد غ.,https://khamsat.com/user/ahmed-ghaly,True,بائع مميز,4.5,131,89.62%,6,139,ساعة
برمجة وتطوير,https://khamsat.com/programming,أوبن كارت,https://khamsat.com/programming/opencart-development,متجر OpenCart,https://khamsat.com/programming/opencart-development/1092707-%D9%85%D8%AA%D8%AC%D8%B1-opencart,4.5,120,18 ساعة,155,1,$10.00,ثلاثة أيام,25,5,220.0,احمد م.,https://khamsat.com/user/ksa.desig,True,بائع مميز,4.5,181,91.18%,3,199,23 ساعة
برمجة وتطوير,https://khamsat.com/programming,أوبن كارت,https://khamsat.com/programming/opencart-development,تصميم متجر اوبين كارت تعدد البائعين opencart,https://khamsat.com/programming/opencart-development/2789792-%D8%AA%D8%B5%D9%85%D9%8A%D9%85-%D9%85%D8%AA%D8%AC%D8%B1-%D8%A7%D9%88%D8%A8%D9%8A%D9%86-%D9%83%D8%A7%D8%B1%D8%AA-%D8%AA%D8%B9%D8%AF%D8%AF-%D8%A7%D9%84%D8%A8%D8%A7%D8%A6%D8%B9%D9%8A%D9%86-opencart,5.0,1,30 دقيقة,1,0,$5.00,يوم واحد,1,0,0.0,.Ahmad S,https://khamsat.com/user/ahmad_sh_tr,False,مشتري جديد,5.0,1,100.0%,5,1,30 دقيقة
برمجة وتطوير,https://khamsat.com/programming,أوبن كارت,https://khamsat.com/programming/opencart-development,تهيئة و ضبط متاجر اوبن كارت للارشفة بشكل إحترافي,https://khamsat.com/programming/opencart-development/1519757-%D8%AA%D9%87%D9%8A%D8%A6%D8%A9-%D9%88-%D8%B6%D8%A8%D8%B7-%D9%85%D8%AA%D8%A7%D8%AC%D8%B1-%D8%A7%D9%88%D8%A8%D9%86-%D9%83%D8%A7%D8%B1%D8%AA-%D9%84%D9%84%D8%A7%D8%B1%D8%B4%D9%81%D8%A9-%D8%A8%D8%B4%D9%83%D9%84-%D8%A5%D8%AD%D8%AA%D8%B1%D8%A7%D9%81%D9%8A,5.0,10,ساعة,10,0,$5.00,يومين,10,3,125.0,.Mahmoud A,https://khamsat.com/user/titotedx,True,بائع موثوق,5.0,162,81.65%,27,138,ساعتين
برمجة وتطوير,https://khamsat.com/programming,أوبن كارت,https://khamsat.com/programming/opencart-development,تطويرات متقدمة على opencart|بناء انظمة-تحويل قوالبhtml-أخرى|,https://khamsat.com/programming/opencart-development/1063576-%D8%AA%D8%B7%D9%88%D9%8A%D8%B1%D8%A7%D8%AA-%D9%85%D8%AA%D9%82%D8%AF%D9%85%D8%A9-%D8%B9%D9%84%D9%89-opencart%D8%A8%D9%86%D8%A7%D8%A1-%D8%A7%D9%86%D8%B8%D9%85%D8%A9-%D8%AA%D8%AD%D9%88%D9%8A%D9%84-%D9%82%D9%88%D8%A7%D9%84%D8%A8html-%D8%A3%D8%AE%D8%B1%D9%89,5.0,1,3 ساعات,1,0,$50.00,يوم واحد,1,5,850.0,طارق ع.,https://khamsat.com/user/egprogrammer,True,بائع مميز,5.0,40,80.46%,13,48,12 ساعة
برمجة وتطوير,https://khamsat.com/programming,أوبن كارت,https://khamsat.com/programming/opencart-development,تركيب متجر اوبن كارت مع قالب OpenCart works,https://khamsat.com/programming/opencart-development/1022542-%D8%AA%D8%B1%D9%83%D9%8A%D8%A8-%D9%85%D8%AA%D8%AC%D8%B1-%D8%A7%D9%88%D8%A8%D9%86-%D9%83%D8%A7%D8%B1%D8%AA-%D9%85%D8%B9-%D9%82%D8%A7%D9%84%D8%A8-opencart-works,4.5,28,ساعتين,33,0,$5.00,يوم واحد,25,4,200.0,.Mahmoud M,https://khamsat.com/user/m.el-masry,True,بائع مميز,4.5,32,68.37%,3,34,يوم
برمجة وتطوير,https://khamsat.com/programming,أوبن كارت,https://khamsat.com/programming/opencart-development,تركيب وضبط إعدادات إضافة شركة شحن سمسا علي الاوبن كارت,https://khamsat.com/programming/opencart-development/1543977-%D8%AA%D8%B1%D9%83%D9%8A%D8%A8-%D9%88%D8%B6%D8%A8%D8%B7-%D8%A5%D8%B9%D8%AF%D8%A7%D8%AF%D8%A7%D8%AA-%D8%A5%D8%B6%D8%A7%D9%81%D8%A9-%D8%B4%D8%B1%D9%83%D8%A9-%D8%B4%D8%AD%D9%86-%D8%B3%D9%85%D8%B3%D8%A7-%D8%B9%D9%84%D9%8A-%D8%A7%D9%84%D8%A7%D9%88%D8%A8%D9%86-%D9%83%D8%A7%D8%B1%D8%AA,5.0,7,9 دقائق,8,0,$5.00,يوم واحد,7,4,115.0,.Mahmoud A,https://khamsat.com/user/titotedx,True,بائع موثوق,5.0,162,81.65%,27,138,ساعتين
برمجة وتطوير,https://khamsat.com/programming,أوبن كارت,https://khamsat.com/programming/opencart-development,"حل مشاكل , اخطاء ضبط طرق الشحن, الدفع اوبن كارت OpenCart",https://khamsat.com/programming/opencart-development/694807-%D8%AD%D9%84-%D9%85%D8%B4%D8%A7%D9%83%D9%84-%D8%A7%D8%AE%D8%B7%D8%A7%D8%A1-%D8%B6%D8%A8%D8%B7-%D8%B7%D8%B1%D9%82-%D8%A7%D9%84%D8%B4%D8%AD%D9%86-%D8%A7%D9%84%D8%AF%D9%81%D8%B9-%D8%A7%D9%88%D8%A8%D9%86-%D9%83%D8%A7%D8%B1%D8%AA-opencart,5.0,51,38 دقيقة,55,0,$5.00,يومين,25,5,390.0,.Mahmoud A,https://khamsat.com/user/titotedx,True,بائع موثوق,5.0,162,81.65%,27,138,ساعتين
برمجة وتطوير,https://khamsat.com/programming,أوبن كارت,https://khamsat.com/programming/opencart-development,تركيب وتثبيت أي سكيربت أون لاين وورد بريس اوبن كارت,https://khamsat.com/programming/opencart-development/773216-%D8%AA%D8%B1%D9%83%D9%8A%D8%A8-%D9%88%D8%AA%D8%AB%D8%A8%D9%8A%D8%AA-%D8%A3%D9%8A-%D8%B3%D9%83%D9%8A%D8%B1%D8%A8%D8%AA-%D8%A3%D9%88%D9%86-%D9%84%D8%A7%D9%8A%D9%86-%D9%88%D9%88%D8%B1%D8%AF-%D8%A8%D8%B1%D9%8A%D8%B3-%D8%A7%D9%88%D8%A8%D9%86-%D9%83%D8%A7%D8%B1%D8%AA,4.5,12,6 ساعات,12,0,$5.00,ثلاثة أيام,12,2,25.0,.Sultan M,https://khamsat.com/user/%D8%B1%D9%8A%D8%AF-%D8%B3%D9%8A-%D9%87%D9%88%D8%B3%D8%AA,True,بائع مميز,5.0,28,77.78%,5,32,16 ساعة
برمجة وتطوير,https://khamsat.com/programming,أوبن كارت,https://khamsat.com/programming/opencart-development,تركيب سكربت المتجر الاحترافي opencart علي استضافتك,https://khamsat.com/programming/opencart-development/1791856-%D8%AA%D8%B1%D9%83%D9%8A%D8%A8-%D8%B3%D9%83%D8%B1%D8%A8%D8%AA-%D8%A7%D9%84%D9%85%D8%AA%D8%AC%D8%B1-%D8%A7%D9%84%D8%A7%D8%AD%D8%AA%D8%B1%D8%A7%D9%81%D9%8A-opencart-%D8%B9%D9%84%D9%8A-%D8%A7%D8%B3%D8%AA%D8%B6%D8%A7%D9%81%D8%AA%D9%83,5.0,4,ساعتين,7,0,$5.00,يوم واحد,4,4,150.0,.Mohamed S,https://khamsat.com/user/mohamedsaleh91,True,بائع مميز,4.5,51,94.03%,9,51,15 ساعة
برمجة وتطوير,https://khamsat.com/programming,أوبن كارت,https://khamsat.com/programming/opencart-development,تركيب متجر Opencart + اضافة تاتيرات,https://khamsat.com/programming/opencart-development/270148-%D8%AA%D8%B1%D9%83%D9%8A%D8%A8-%D9%85%D8%AA%D8%AC%D8%B1-opencart-%D8%A7%D8%B6%D8%A7%D9%81%D8%A9-%D8%AA%D8%A7%D8%AA%D9%8A%D8%B1%D8%A7%D8%AA,5.0,12,3 أيام,11,0,$5.00,يوم واحد,12,5,110.0,عبد الحميد م.,https://khamsat.com/user/%D8%A7%D9%84%D9%85%D8%B7%D9%88%D8%B1-9994,True,بائع مميز,4.5,45,58.76%,2,51,يومين
برمجة وتطوير,https://khamsat.com/programming,أوبن كارت,https://khamsat.com/programming/opencart-development,إضافة إنهاء الطلب بصفحة واحدة اوبن كارت,https://khamsat.com/programming/opencart-development/1664648-%D8%A5%D8%B6%D8%A7%D9%81%D8%A9-%D8%A5%D9%86%D9%87%D8%A7%D8%A1-%D8%A7%D9%84%D8%B7%D9%84%D8%A8-%D8%A8%D8%B5%D9%81%D8%AD%D8%A9-%D9%88%D8%A7%D8%AD%D8%AF%D8%A9-%D8%A7%D9%88%D8%A8%D9%86-%D9%83%D8%A7%D8%B1%D8%AA,5.0,7,ساعتين,7,0,$5.00,يوم واحد,7,1,30.0,.Mahmoud A,https://khamsat.com/user/titotedx,True,بائع موثوق,5.0,162,81.65%,27,138,ساعتين
برمجة وتطوير,https://khamsat.com/programming,أوبن كارت,https://khamsat.com/programming/opencart-development,اضافة الدفع عبر ميسر أو هايبر باي أو باي تابس الى اوبن كارت,https://khamsat.com/programming/opencart-development/2572711-%D8%A7%D8%B6%D8%A7%D9%81%D8%A9-%D8%A7%D9%84%D8%AF%D9%81%D8%B9-%D8%B9%D8%A8%D8%B1-%D9%85%D9%8A%D8%B3%D8%B1-%D8%A3%D9%88-%D9%87%D8%A7%D9%8A%D8%A8%D8%B1-%D8%A8%D8%A7%D9%8A-%D8%A3%D9%88-%D8%A8%D8%A7%D9%8A-%D8%AA%D8%A7%D8%A8%D8%B3-%D8%A7%D9%84%D9%89-%D8%A7%D9%88%D8%A8%D9%86-%D9%83%D8%A7%D8%B1%D8%AA,0.0,0,21 دقيقة,0,0,$50.00,يومين,0,1,200.0,طارق ع.,https://khamsat.com/user/egprogrammer,True,بائع مميز,5.0,40,80.46%,13,48,12 ساعة
برمجة وتطوير,https://khamsat.com/programming,أوبن كارت,https://khamsat.com/programming/opencart-development,الترقية لأوبن كارت الى الاصدار الأخير,https://khamsat.com/programming/opencart-development/2572347-%D8%A7%D9%84%D8%AA%D8%B1%D9%82%D9%8A%D8%A9-%D9%84%D8%A3%D9%88%D8%A8%D9%86-%D9%83%D8%A7%D8%B1%D8%AA-%D8%A7%D9%84%D9%89-%D8%A7%D9%84%D8%A7%D8%B5%D8%AF%D8%A7%D8%B1-%D8%A7%D9%84%D8%A3%D8%AE%D9%8A%D8%B1,0.0,0,لم يحسب,0,0,$50.00,يوم واحد,0,2,400.0,طارق ع.,https://khamsat.com/user/egprogrammer,True,بائع مميز,5.0,40,80.46%,13,48,12 ساعة
برمجة وتطوير,https://khamsat.com/programming,أوبن كارت,https://khamsat.com/programming/opencart-development,أتمتة المهام في أوبن كارت - Automate tasks in OpenCart,https://khamsat.com/programming/opencart-development/2573074-%D8%A3%D8%AA%D9%85%D8%AA%D8%A9-%D8%A7%D9%84%D9%85%D9%87%D8%A7%D9%85-%D9%81%D9%8A-%D8%A3%D9%88%D8%A8%D9%86-%D9%83%D8%A7%D8%B1%D8%AA-automate-tasks-in-opencart,0.0,0,دقيقة,0,0,$50.00,ثلاثة أيام,0,3,350.0,طارق ع.,https://khamsat.com/user/egprogrammer,True,بائع مميز,5.0,40,80.46%,13,48,12 ساعة
برمجة وتطوير,https://khamsat.com/programming,أوبن كارت,https://khamsat.com/programming/opencart-development,تسريع وتحسين قالب جورنال journal في opencart أوبن كارت,https://khamsat.com/programming/opencart-development/2572288-%D8%AA%D8%B3%D8%B1%D9%8A%D8%B9-%D9%88%D8%AA%D8%AD%D8%B3%D9%8A%D9%86-%D9%82%D8%A7%D9%84%D8%A8-%D8%AC%D9%88%D8%B1%D9%86%D8%A7%D9%84-journal-%D9%81%D9%8A-opencart-%D8%A3%D9%88%D8%A8%D9%86-%D9%83%D8%A7%D8%B1%D8%AA,0.0,0,44 دقيقة,0,0,$50.00,يوم واحد,0,4,700.0,طارق ع.,https://khamsat.com/user/egprogrammer,True,بائع مميز,5.0,40,80.46%,13,48,12 ساعة
برمجة وتطوير,https://khamsat.com/programming,أوبن كارت,https://khamsat.com/programming/opencart-development,دعم فني من مبرمج متخصص في أوبن كارت opencart عبر anydesk,https://khamsat.com/programming/opencart-development/2572322-%D8%AF%D8%B9%D9%85-%D9%81%D9%86%D9%8A-%D9%85%D9%86-%D9%85%D8%A8%D8%B1%D9%85%D8%AC-%D9%85%D8%AA%D8%AE%D8%B5%D8%B5-%D9%81%D9%8A-%D8%A3%D9%88%D8%A8%D9%86-%D9%83%D8%A7%D8%B1%D8%AA-opencart-%D8%B9%D8%A8%D8%B1-anydesk,0.0,0,ساعة,0,0,$50.00,يوم واحد,0,0,0.0,طارق ع.,https://khamsat.com/user/egprogrammer,True,بائع مميز,5.0,40,80.46%,13,48,12 ساعة
برمجة وتطوير,https://khamsat.com/programming,أوبن كارت,https://khamsat.com/programming/opencart-development,اضافة الشحن عبر أرامكس أو سمسا أو البريد إلى اوبن كارت,https://khamsat.com/programming/opencart-development/2572801-%D8%A7%D8%B6%D8%A7%D9%81%D8%A9-%D8%A7%D9%84%D8%B4%D8%AD%D9%86-%D8%B9%D8%A8%D8%B1-%D8%A3%D8%B1%D8%A7%D9%85%D9%83%D8%B3-%D8%A3%D9%88-%D8%B3%D9%85%D8%B3%D8%A7-%D8%A3%D9%88-%D8%A7%D9%84%D8%A8%D8%B1%D9%8A%D8%AF-%D8%A5%D9%84%D9%89-%D8%A7%D9%88%D8%A8%D9%86-%D9%83%D8%A7%D8%B1%D8%AA,0.0,0,14 ساعة,0,0,$50.00,يومين,0,1,200.0,طارق ع.,https://khamsat.com/user/egprogrammer,True,بائع مميز,5.0,40,80.46%,13,48,12 ساعة
برمجة وتطوير,https://khamsat.com/programming,أوبن كارت,https://khamsat.com/programming/opencart-development,نقل متجرك من منصة سلة أو زد أو مكاني إلى أوبن كارت opencart,https://khamsat.com/programming/opencart-development/2572684-%D9%86%D9%82%D9%84-%D9%85%D8%AA%D8%AC%D8%B1%D9%83-%D9%85%D9%86-%D9%85%D9%86%D8%B5%D8%A9-%D8%B3%D9%84%D8%A9-%D8%A3%D9%88-%D8%B2%D8%AF-%D8%A3%D9%88-%D9%85%D9%83%D8%A7%D9%86%D9%8A-%D8%A5%D9%84%D9%89-%D8%A3%D9%88%D8%A8%D9%86-%D9%83%D8%A7%D8%B1%D8%AA-opencart,0.0,0,20 ساعة,0,0,$50.00,أسبوع,0,2,400.0,طارق ع.,https://khamsat.com/user/egprogrammer,True,بائع مميز,5.0,40,80.46%,13,48,12 ساعة
برمجة وتطوير,https://khamsat.com/programming,أوبن كارت,https://khamsat.com/programming/opencart-development,تعريب قوالب اوبن كارت - opencart rtl - تحسين وتخصيص مميز,https://khamsat.com/programming/opencart-development/2572705-%D8%AA%D8%B9%D8%B1%D9%8A%D8%A8-%D9%82%D9%88%D8%A7%D9%84%D8%A8-%D8%A7%D9%88%D8%A8%D9%86-%D9%83%D8%A7%D8%B1%D8%AA-opencart-rtl-%D8%AA%D8%AD%D8%B3%D9%8A%D9%86-%D9%88%D8%AA%D8%AE%D8%B5%D9%8A%D8%B5-%D9%85%D9%85%D9%8A%D8%B2,0.0,0,لم يحسب,0,0,$50.00,أسبوع,0,3,500.0,طارق ع.,https://khamsat.com/user/egprogrammer,True,بائع مميز,5.0,40,80.46%,13,48,12 ساعة
برمجة وتطوير,https://khamsat.com/programming,أوبن كارت,https://khamsat.com/programming/opencart-development,اوبن كارت المتجر الالكتروني OpenCart E-commerce,https://khamsat.com/programming/opencart-development/1174406-%D8%A7%D9%88%D8%A8%D9%86-%D9%83%D8%A7%D8%B1%D8%AA-%D8%A7%D9%84%D9%85%D8%AA%D8%AC%D8%B1-%D8%A7%D9%84%D8%A7%D9%84%D9%83%D8%AA%D8%B1%D9%88%D9%86%D9%8A-opencart-e-commerce,0.0,0,14 ساعة,0,0,$5.00,يوم واحد,0,0,0.0,.Bashar I,https://khamsat.com/user/bashar288,False,مشتري جديد,0.0,0,لم يحسب بعد,2,0,يوم
برمجة وتطوير,https://khamsat.com/programming,أوبن كارت,https://khamsat.com/programming/opencart-development,اضافة نظام محادثة مباشرة مع عملاء متجرك الاوبن كارت او موقعك,https://khamsat.com/programming/opencart-development/1701196-%D8%A7%D8%B6%D8%A7%D9%81%D8%A9-%D9%86%D8%B8%D8%A7%D9%85-%D9%85%D8%AD%D8%A7%D8%AF%D8%AB%D8%A9-%D9%85%D8%A8%D8%A7%D8%B4%D8%B1%D8%A9-%D9%85%D8%B9-%D8%B9%D9%85%D9%84%D8%A7%D8%A1-%D9%85%D8%AA%D8%AC%D8%B1%D9%83-%D8%A7%D9%84%D8%A7%D9%88%D8%A8%D9%86-%D9%83%D8%A7%D8%B1%D8%AA-%D8%A7%D9%88-%D9%85%D9%88%D9%82%D8%B9%D9%83,5.0,8,26 دقيقة,8,0,$5.00,يوم واحد,8,1,10.0,.Mahmoud A,https://khamsat.com/user/titotedx,True,بائع موثوق,5.0,162,81.65%,27,138,ساعتين
برمجة وتطوير,https://khamsat.com/programming,أوبن كارت,https://khamsat.com/programming/opencart-development,إضافة طريقة دفع بايتابس Paytabs علي متجرك الاوبن كارت,https://khamsat.com/programming/opencart-development/1575899-%D8%A5%D8%B6%D8%A7%D9%81%D8%A9-%D8%B7%D8%B1%D9%8A%D9%82%D8%A9-%D8%AF%D9%81%D8%B9-%D8%A8%D8%A7%D9%8A%D8%AA%D8%A7%D8%A8%D8%B3-paytabs-%D8%B9%D9%84%D9%8A-%D9%85%D8%AA%D8%AC%D8%B1%D9%83-%D8%A7%D9%84%D8%A7%D9%88%D8%A8%D9%86-%D9%83%D8%A7%D8%B1%D8%AA,5.0,6,ساعتين,7,0,$5.00,يومين,6,1,5.0,.Mahmoud A,https://khamsat.com/user/titotedx,True,بائع موثوق,5.0,162,81.65%,27,138,ساعتين
برمجة وتطوير,https://khamsat.com/programming,أوبن كارت,https://khamsat.com/programming/opencart-development,تنصيب منصة المتاجر opencart,https://khamsat.com/programming/opencart-development/843707-%D8%AA%D9%86%D8%B5%D9%8A%D8%A8-%D9%85%D9%86%D8%B5%D8%A9-%D8%A7%D9%84%D9%85%D8%AA%D8%A7%D8%AC%D8%B1-opencart,5.0,1,8 ساعات,1,0,$5.00,يومين,1,1,5.0,بوح ي.,https://khamsat.com/user/bou_187,True,بائع نشيط,3.5,13,73.68%,4,14,3 ساعات
برمجة وتطوير,https://khamsat.com/programming,أوبن كارت,https://khamsat.com/programming/opencart-development,انشاء متجر الكترونى لبيع وشراء المنتجات او الخدمات اون لاين,https://khamsat.com/programming/opencart-development/2999097-%D8%A7%D9%86%D8%B4%D8%A7%D8%A1-%D9%85%D8%AA%D8%AC%D8%B1-%D8%A7%D9%84%D9%83%D8%AA%D8%B1%D9%88%D9%86%D9%89-%D9%84%D8%A8%D9%8A%D8%B9-%D9%88%D8%B4%D8%B1%D8%A7%D8%A1-%D8%A7%D9%84%D9%85%D9%86%D8%AA%D8%AC%D8%A7%D8%AA-%D8%A7%D9%88-%D8%A7%D9%84%D8%AE%D8%AF%D9%85%D8%A7%D8%AA-%D8%A7%D9%88%D9%86-%D9%84%D8%A7%D9%8A%D9%86,0.0,0,لم يحسب,0,0,$10.00,يومين,0,2,30.0,.Ayman Y,https://khamsat.com/user/ayman20068,True,بائع جديد,0.0,0,لم يحسب بعد,3,0,لم يحسب
برمجة وتطوير,https://khamsat.com/programming,أوبن كارت,https://khamsat.com/programming/opencart-development,ربط متجرك مع بوابة رسائل و تسجيل الدخول بالجوال اوبن كارت,https://khamsat.com/programming/opencart-development/1574538-%D8%B1%D8%A8%D8%B7-%D9%85%D8%AA%D8%AC%D8%B1%D9%83-%D9%85%D8%B9-%D8%A8%D9%88%D8%A7%D8%A8%D8%A9-%D8%B1%D8%B3%D8%A7%D8%A6%D9%84-%D9%88-%D8%AA%D8%B3%D8%AC%D9%8A%D9%84-%D8%A7%D9%84%D8%AF%D8%AE%D9%88%D9%84-%D8%A8%D8%A7%D9%84%D8%AC%D9%88%D8%A7%D9%84-%D8%A7%D9%88%D8%A8%D9%86-%D9%83%D8%A7%D8%B1%D8%AA,5.0,3,15 دقيقة,4,0,$5.00,يوم واحد,3,4,195.0,.Mahmoud A,https://khamsat.com/user/titotedx,True,بائع موثوق,5.0,162,81.65%,27,138,ساعتين
برمجة وتطوير,https://khamsat.com/programming,ماجنتو,https://khamsat.com/programming/magento-development,تركيب ماجنتو على اي استضافة مع ضبط الاعدادت,https://khamsat.com/programming/magento-development/905038-%D8%AA%D8%B1%D9%83%D9%8A%D8%A8-%D9%85%D8%A7%D8%AC%D9%86%D8%AA%D9%88-%D8%B9%D9%84%D9%89-%D8%A7%D9%8A-%D8%A7%D8%B3%D8%AA%D8%B6%D8%A7%D9%81%D8%A9-%D9%85%D8%B9-%D8%B6%D8%A8%D8%B7-%D8%A7%D9%84%D8%A7%D8%B9%D8%AF%D8%A7%D8%AF%D8%AA,4.5,7,8 ساعات,13,0,$5.00,يومين,7,5,180.0,.Mohamd I,https://khamsat.com/user/mohamd-imran,True,بائع نشيط,4.5,15,63.24%,2,22,16 ساعة
برمجة وتطوير,https://khamsat.com/programming,ماجنتو,https://khamsat.com/programming/magento-development,ماجنتو Magento : تركيب وضبط وتسريع وحماية الاسكربت,https://khamsat.com/programming/magento-development/610350-%D9%85%D8%A7%D8%AC%D9%86%D8%AA%D9%88-magento-%D8%AA%D8%B1%D9%83%D9%8A%D8%A8-%D9%88%D8%B6%D8%A8%D8%B7-%D9%88%D8%AA%D8%B3%D8%B1%D9%8A%D8%B9-%D9%88%D8%AD%D9%85%D8%A7%D9%8A%D8%A9-%D8%A7%D9%84%D8%A7%D8%B3%D9%83%D8%B1%D8%A8%D8%AA,4.5,15,3 ساعات,18,0,$25.00,يومين,15,2,50.0,.Mohamed I,https://khamsat.com/user/sa3dy,True,بائع نشيط,4.5,27,70.63%,7,27,يومين
برمجة وتطوير,https://khamsat.com/programming,ماجنتو,https://khamsat.com/programming/magento-development,تطوير متجر ماجنتو 2 مخصص حسب الطلب,https://khamsat.com/programming/magento-development/2206902-%D8%AA%D8%B7%D9%88%D9%8A%D8%B1-%D9%85%D8%AA%D8%AC%D8%B1-%D9%85%D8%A7%D8%AC%D9%86%D8%AA%D9%88-2-%D9%85%D8%AE%D8%B5%D8%B5-%D8%AD%D8%B3%D8%A8-%D8%A7%D9%84%D8%B7%D9%84%D8%A8,5.0,1,6 ساعات,1,0,$25.00,يوم واحد,1,4,300.0,حفيض و.,https://khamsat.com/user/%D8%AD%D9%81%D9%8A%D8%B6,True,بائع نشيط,4.5,8,80.0%,3,8,ساعتين
برمجة وتطوير,https://khamsat.com/programming,ماجنتو,https://khamsat.com/programming/magento-development,تركيب أى ثيم (theme) مجانى خاص بماجنتو 2 (Magento 2),https://khamsat.com/programming/magento-development/1926462-%D8%AA%D8%B1%D9%83%D9%8A%D8%A8-%D8%A3%D9%89-%D8%AB%D9%8A%D9%85-theme-%D9%85%D8%AC%D8%A7%D9%86%D9%89-%D8%AE%D8%A7%D8%B5-%D8%A8%D9%85%D8%A7%D8%AC%D9%86%D8%AA%D9%88-2-magento-2,5.0,2,46 دقيقة,2,0,$10.00,يومين,2,3,170.0,.Mohammed B,https://khamsat.com/user/mohammedbasha9191,True,بائع جديد,5.0,2,75.0%,3,2,3 ساعات
برمجة وتطوير,https://khamsat.com/programming,ماجنتو,https://khamsat.com/programming/magento-development,سوف أقوم بإصلاح مشاكل الماجنتو 2,https://khamsat.com/programming/magento-development/2933705-%D8%B3%D9%88%D9%81-%D8%A3%D9%82%D9%88%D9%85-%D8%A8%D8%A5%D8%B5%D9%84%D8%A7%D8%AD-%D9%85%D8%B4%D8%A7%D9%83%D9%84-%D8%A7%D9%84%D9%85%D8%A7%D8%AC%D9%86%D8%AA%D9%88-2,0.0,0,لم يحسب,0,0,$10.00,يومين,0,0,0.0,هيما ا.,https://khamsat.com/user/%D9%87%D9%8A%D9%85%D8%A7-%D8%A7%D9%84%D8%B4%D9%88%D8%AA%D9%89,False,بائع جديد,0.0,0,لم يحسب بعد,1,0,لم يحسب
برمجة وتطوير,https://khamsat.com/programming,ماجنتو,https://khamsat.com/programming/magento-development,بناء متجر إلكتروني بواسطة ماجنتو من البداية للنهاية,https://khamsat.com/programming/magento-development/1689929-%D8%A8%D9%86%D8%A7%D8%A1-%D9%85%D8%AA%D8%AC%D8%B1-%D8%A5%D9%84%D9%83%D8%AA%D8%B1%D9%88%D9%86%D9%8A-%D8%A8%D9%88%D8%A7%D8%B3%D8%B7%D8%A9-%D9%85%D8%A7%D8%AC%D9%86%D8%AA%D9%88-%D9%85%D9%86-%D8%A7%D9%84%D8%A8%D8%AF%D8%A7%D9%8A%D8%A9-%D9%84%D9%84%D9%86%D9%87%D8%A7%D9%8A%D8%A9,0.0,0,لم يحسب,0,0,$5.00,شهر,0,0,0.0,.Ibrahim A,https://khamsat.com/user/%D8%B3%D8%A7%D9%85%D8%B1-%D8%B9%D8%A8%D8%AF-%D8%A7%D9%84%D9%83%D8%B1%D9%8A%D9%85,True,بائع نشيط,5.0,4,90.0%,6,3,4 ساعات
برمجة وتطوير,https://khamsat.com/programming,ماجنتو,https://khamsat.com/programming/magento-development,دعم فني ماجنتو 2,https://khamsat.com/programming/magento-development/1234863-%D8%AF%D8%B9%D9%85-%D9%81%D9%86%D9%8A-%D9%85%D8%A7%D8%AC%D9%86%D8%AA%D9%88-2,4.5,7,13 دقيقة,7,1,$5.00,أربعة أيام,7,4,180.0,حفيض و.,https://khamsat.com/user/%D8%AD%D9%81%D9%8A%D8%B6,True,بائع نشيط,4.5,8,80.0%,3,8,ساعتين
برمجة وتطوير,https://khamsat.com/programming,ماجنتو,https://khamsat.com/programming/magento-development,إضافة المقتطفات المنسقة إلى ماجنتو 2,https://khamsat.com/programming/magento-development/1635941-%D8%A5%D8%B6%D8%A7%D9%81%D8%A9-%D8%A7%D9%84%D9%85%D9%82%D8%AA%D8%B7%D9%81%D8%A7%D8%AA-%D8%A7%D9%84%D9%85%D9%86%D8%B3%D9%82%D8%A9-%D8%A5%D9%84%D9%89-%D9%85%D8%A7%D8%AC%D9%86%D8%AA%D9%88-2,0.0,0,ساعة,0,0,$5.00,ثلاثة أيام,0,5,145.0,حفيض و.,https://khamsat.com/user/%D8%AD%D9%81%D9%8A%D8%B6,True,بائع نشيط,4.5,8,80.0%,3,8,ساعتين
برمجة وتطوير,https://khamsat.com/programming,ماجنتو,https://khamsat.com/programming/magento-development,تركيب ماجنتو 2 على اي استضافة وضبط الاعدادات الأساسية,https://khamsat.com/programming/magento-development/2775425-%D8%AA%D8%B1%D9%83%D9%8A%D8%A8-%D9%85%D8%A7%D8%AC%D9%86%D8%AA%D9%88-2-%D8%B9%D9%84%D9%89-%D8%A7%D9%8A-%D8%A7%D8%B3%D8%AA%D8%B6%D8%A7%D9%81%D8%A9-%D9%88%D8%B6%D8%A8%D8%B7-%D8%A7%D9%84%D8%A7%D8%B9%D8%AF%D8%A7%D8%AF%D8%A7%D8%AA-%D8%A7%D9%84%D8%A3%D8%B3%D8%A7%D8%B3%D9%8A%D8%A9,0.0,0,لم يحسب,0,0,$20.00,يوم واحد,0,1,10.0,.Mohamed I,https://khamsat.com/user/sa3dy,True,بائع نشيط,4.5,27,70.63%,7,27,يومين
برمجة وتطوير,https://khamsat.com/programming,سلة,https://khamsat.com/programming/salla-development,تصميم وتنسيق متجر سلة باستخدام custom css,https://khamsat.com/programming/salla-development/2300817-%D8%AA%D8%B5%D9%85%D9%8A%D9%85-%D9%88%D8%AA%D9%86%D8%B3%D9%8A%D9%82-%D9%85%D8%AA%D8%AC%D8%B1-%D8%B3%D9%84%D8%A9-%D8%A8%D8%A7%D8%B3%D8%AA%D8%AE%D8%AF%D8%A7%D9%85-custom-css,4.5,43,ساعة,53,0,$10.00,ثلاثة أيام,25,2,125.0,.Media H,https://khamsat.com/user/medo_hussien,True,بائع مميز,4.5,215,93.14%,5,205,ساعتين
برمجة وتطوير,https://khamsat.com/programming,سلة,https://khamsat.com/programming/salla-development,انشاء وتصميم متجر سلة احترافي,https://khamsat.com/programming/salla-development/1900425-%D8%A7%D9%86%D8%B4%D8%A7%D8%A1-%D9%88%D8%AA%D8%B5%D9%85%D9%8A%D9%85-%D9%85%D8%AA%D8%AC%D8%B1-%D8%B3%D9%84%D8%A9-%D8%A7%D8%AD%D8%AA%D8%B1%D8%A7%D9%81%D9%8A,4.5,110,18 دقيقة,150,0,$5.00,خمسة أيام,25,5,75.0,.Media H,https://khamsat.com/user/medo_hussien,True,بائع مميز,4.5,215,93.14%,5,205,ساعتين
برمجة وتطوير,https://khamsat.com/programming,سلة,https://khamsat.com/programming/salla-development,إنشاء وتصميم وتجهيز متجرك الكتروني على منصة سلة,https://khamsat.com/programming/salla-development/2706975-%D8%A5%D9%86%D8%B4%D8%A7%D8%A1-%D9%88%D8%AA%D8%B5%D9%85%D9%8A%D9%85-%D9%88%D8%AA%D8%AC%D9%87%D9%8A%D8%B2-%D9%85%D8%AA%D8%AC%D8%B1%D9%83-%D8%A7%D9%84%D9%83%D8%AA%D8%B1%D9%88%D9%86%D9%8A-%D8%B9%D9%84%D9%89-%D9%85%D9%86%D8%B5%D8%A9-%D8%B3%D9%84%D8%A9,4.5,18,ساعة,21,2,$10.00,يومين,18,5,160.0,.Cuvan I,https://khamsat.com/user/cuvan,True,بائع نشيط,4.5,31,78.95%,3,35,15 ساعة
برمجة وتطوير,https://khamsat.com/programming,سلة,https://khamsat.com/programming/salla-development,تصميم وإنشاء متجر إلكتروني على منصة سلة,https://khamsat.com/programming/salla-development/2198363-%D8%AA%D8%B5%D9%85%D9%8A%D9%85-%D9%88%D8%A5%D9%86%D8%B4%D8%A7%D8%A1-%D9%85%D8%AA%D8%AC%D8%B1-%D8%A5%D9%84%D9%83%D8%AA%D8%B1%D9%88%D9%86%D9%8A-%D8%B9%D9%84%D9%89-%D9%85%D9%86%D8%B5%D8%A9-%D8%B3%D9%84%D8%A9,5.0,47,30 دقيقة,62,0,$50.00,يومين,25,4,90.0,ايمن ع.,https://khamsat.com/user/%D8%A7%D9%8A%D9%85%D9%86-%D8%B9%D8%B2%D9%88%D9%82%D9%87,True,بائع مميز,5.0,88,87.29%,3,101,ساعتين
برمجة وتطوير,https://khamsat.com/programming,سلة,https://khamsat.com/programming/salla-development,انشاء وتصميم متجر الكتروني على منصة سلة باحترافية عالية,https://khamsat.com/programming/salla-development/2570074-%D8%A7%D9%86%D8%B4%D8%A7%D8%A1-%D9%88%D8%AA%D8%B5%D9%85%D9%8A%D9%85-%D9%85%D8%AA%D8%AC%D8%B1-%D8%A7%D9%84%D9%83%D8%AA%D8%B1%D9%88%D9%86%D9%8A-%D8%B9%D9%84%D9%89-%D9%85%D9%86%D8%B5%D8%A9-%D8%B3%D9%84%D8%A9-%D8%A8%D8%A7%D8%AD%D8%AA%D8%B1%D8%A7%D9%81%D9%8A%D8%A9-%D8%B9%D8%A7%D9%84%D9%8A%D8%A9,5.0,17,ساعة,24,0,$25.00,ثلاثة أيام,17,5,95.0,يوسف ا.,https://khamsat.com/user/yr_97,True,بائع مميز,5.0,27,96.49%,3,28,16 ساعة
برمجة وتطوير,https://khamsat.com/programming,سلة,https://khamsat.com/programming/salla-development,تنسيق متجرك على منصة سلة,https://khamsat.com/programming/salla-development/1490750-%D8%AA%D9%86%D8%B3%D9%8A%D9%82-%D9%85%D8%AA%D8%AC%D8%B1%D9%83-%D8%B9%D9%84%D9%89-%D9%85%D9%86%D8%B5%D8%A9-%D8%B3%D9%84%D8%A9,4.5,13,22 ساعة,19,0,$5.00,يوم واحد,13,5,170.0,محمد ز.,https://khamsat.com/user/mohammed-zaouche1,True,بائع نشيط,4.5,15,66.04%,2,22,يوم
برمجة وتطوير,https://khamsat.com/programming,سلة,https://khamsat.com/programming/salla-development,تطوير وتخصيص متجرك على منصة سلة,https://khamsat.com/programming/salla-development/2363545-%D8%AA%D8%B7%D9%88%D9%8A%D8%B1-%D9%88%D8%AA%D8%AE%D8%B5%D9%8A%D8%B5-%D9%85%D8%AA%D8%AC%D8%B1%D9%83-%D8%B9%D9%84%D9%89-%D9%85%D9%86%D8%B5%D8%A9-%D8%B3%D9%84%D8%A9,5.0,19,3 ساعات,22,0,$5.00,يوم واحد,19,4,135.0,.Hussam B,https://khamsat.com/user/hussamtoweb,True,بائع مميز,5.0,78,94.39%,4,75,ساعتين
برمجة وتطوير,https://khamsat.com/programming,سلة,https://khamsat.com/programming/salla-development,اعداد تنسيق متجركم على منصة سلة العربية,https://khamsat.com/programming/salla-development/1367896-%D8%A7%D8%B9%D8%AF%D8%A7%D8%AF-%D8%AA%D9%86%D8%B3%D9%8A%D9%82-%D9%85%D8%AA%D8%AC%D8%B1%D9%83%D9%85-%D8%B9%D9%84%D9%89-%D9%85%D9%86%D8%B5%D8%A9-%D8%B3%D9%84%D8%A9-%D8%A7%D9%84%D8%B9%D8%B1%D8%A8%D9%8A%D8%A9,4.5,233,7 ساعات,352,3,$5.00,يوم واحد,25,5,300.0,.Rachid O,https://khamsat.com/user/raoua,True,بائع مميز,4.5,257,92.64%,5,375,22 ساعة
برمجة وتطوير,https://khamsat.com/programming,سلة,https://khamsat.com/programming/salla-development,تنسيق متجر سلة CSS لتكون واجهة المتجر احترافية,https://khamsat.com/programming/salla-development/2847649-%D8%AA%D9%86%D8%B3%D9%8A%D9%82-%D9%85%D8%AA%D8%AC%D8%B1-%D8%B3%D9%84%D8%A9-css-%D9%84%D8%AA%D9%83%D9%88%D9%86-%D9%88%D8%A7%D8%AC%D9%87%D8%A9-%D8%A7%D9%84%D9%85%D8%AA%D8%AC%D8%B1-%D8%A7%D8%AD%D8%AA%D8%B1%D8%A7%D9%81%D9%8A%D8%A9,5.0,9,11 دقيقة,10,0,$10.00,ثلاثة أيام,9,5,460.0,.Ali A,https://khamsat.com/user/salla_sa,True,بائع مميز,5.0,331,93.36%,2,394,ساعة
برمجة وتطوير,https://khamsat.com/programming,سلة,https://khamsat.com/programming/salla-development,تصميم متجر احترافي وتجهيزه بشكل كامل على منصة سلة ومنصة زد,https://khamsat.com/programming/salla-development/2531864-%D8%AA%D8%B5%D9%85%D9%8A%D9%85-%D9%85%D8%AA%D8%AC%D8%B1-%D8%A7%D8%AD%D8%AA%D8%B1%D8%A7%D9%81%D9%8A-%D9%88%D8%AA%D8%AC%D9%87%D9%8A%D8%B2%D9%87-%D8%A8%D8%B4%D9%83%D9%84-%D9%83%D8%A7%D9%85%D9%84-%D8%B9%D9%84%D9%89-%D9%85%D9%86%D8%B5%D8%A9-%D8%B3%D9%84%D8%A9-%D9%88%D9%85%D9%86%D8%B5%D8%A9-%D8%B2%D8%AF,5.0,28,8 ساعات,28,0,$10.00,يوم واحد,25,4,250.0,.Fatma B,https://khamsat.com/user/fatima_aly,True,بائع مميز,5.0,40,88.33%,3,33,6 ساعات
برمجة وتطوير,https://khamsat.com/programming,سلة,https://khamsat.com/programming/salla-development,تصميم متجر على منصه سله وزد مقابل خدمه,https://khamsat.com/programming/salla-development/1778593-%D8%AA%D8%B5%D9%85%D9%8A%D9%85-%D9%85%D8%AA%D8%AC%D8%B1-%D8%B9%D9%84%D9%89-%D9%85%D9%86%D8%B5%D9%87-%D8%B3%D9%84%D9%87-%D9%88%D8%B2%D8%AF-%D9%85%D9%82%D8%A7%D8%A8%D9%84-%D8%AE%D8%AF%D9%85%D9%87,5.0,72,7 ساعات,95,0,$5.00,يومين,25,5,195.0,.Hamada M,https://khamsat.com/user/ahmed_mohed,True,بائع مميز,5.0,86,77.11%,4,109,3 ساعات
برمجة وتطوير,https://khamsat.com/programming,سلة,https://khamsat.com/programming/salla-development,تصميم متجر احترافي على منصة سله باستخدام CSS,https://khamsat.com/programming/salla-development/3017369-%D8%AA%D8%B5%D9%85%D9%8A%D9%85-%D9%85%D8%AA%D8%AC%D8%B1-%D8%A7%D8%AD%D8%AA%D8%B1%D8%A7%D9%81%D9%8A-%D8%B9%D9%84%D9%89-%D9%85%D9%86%D8%B5%D8%A9-%D8%B3%D9%84%D9%87-%D8%A8%D8%A7%D8%B3%D8%AA%D8%AE%D8%AF%D8%A7%D9%85-css,5.0,1,ساعتين,1,0,$25.00,ثلاثة أيام,1,4,35.0,.Antar G,https://khamsat.com/user/antar_23,True,بائع نشيط,5.0,9,87.5%,3,8,5 ساعات
برمجة وتطوير,https://khamsat.com/programming,سلة,https://khamsat.com/programming/salla-development,انشئ لك متجر إلكتروني على منصة سلة,https://khamsat.com/programming/salla-development/2849875-%D8%A7%D9%86%D8%B4%D8%A6-%D9%84%D9%83-%D9%85%D8%AA%D8%AC%D8%B1-%D8%A5%D9%84%D9%83%D8%AA%D8%B1%D9%88%D9%86%D9%8A-%D8%B9%D9%84%D9%89-%D9%85%D9%86%D8%B5%D8%A9-%D8%B3%D9%84%D8%A9,5.0,2,10 ساعات,4,0,$5.00,يومين,2,5,45.0,.Khaled A,https://khamsat.com/user/kha1ed7,True,بائع جديد,5.0,2,100.0%,2,5,6 ساعات
برمجة وتطوير,https://khamsat.com/programming,سلة,https://khamsat.com/programming/salla-development,تنسيق متجرك على منصة سلة custom css,https://khamsat.com/programming/salla-development/1928287-%D8%AA%D9%86%D8%B3%D9%8A%D9%82-%D9%85%D8%AA%D8%AC%D8%B1%D9%83-%D8%B9%D9%84%D9%89-%D9%85%D9%86%D8%B5%D8%A9-%D8%B3%D9%84%D8%A9-custom-css,5.0,132,45 دقيقة,146,2,$5.00,ثلاثة أيام,25,4,245.0,حمزة ن.,https://khamsat.com/user/hamzanablse1,True,بائع مميز,5.0,218,92.06%,5,215,ساعة
برمجة وتطوير,https://khamsat.com/programming,سلة,https://khamsat.com/programming/salla-development,تنسيق وترتيب متجرك في منصة سلة باستخدام الاكواد css,https://khamsat.com/programming/salla-development/2294775-%D8%AA%D9%86%D8%B3%D9%8A%D9%82-%D9%88%D8%AA%D8%B1%D8%AA%D9%8A%D8%A8-%D9%85%D8%AA%D8%AC%D8%B1%D9%83-%D9%81%D9%8A-%D9%85%D9%86%D8%B5%D8%A9-%D8%B3%D9%84%D8%A9-%D8%A8%D8%A7%D8%B3%D8%AA%D8%AE%D8%AF%D8%A7%D9%85-%D8%A7%D9%84%D8%A7%D9%83%D9%88%D8%A7%D8%AF-css,4.5,46,ساعتين,57,0,$10.00,يومين,25,2,125.0,.Rozan H,https://khamsat.com/user/rozan88,True,بائع مميز,4.5,137,91.29%,3,145,4 ساعات
برمجة وتطوير,https://khamsat.com/programming,سلة,https://khamsat.com/programming/salla-development,تصميم متجرك بشكل احترافي على منصة سلة,https://khamsat.com/programming/salla-development/2264390-%D8%AA%D8%B5%D9%85%D9%8A%D9%85-%D9%85%D8%AA%D8%AC%D8%B1%D9%83-%D8%A8%D8%B4%D9%83%D9%84-%D8%A7%D8%AD%D8%AA%D8%B1%D8%A7%D9%81%D9%8A-%D8%B9%D9%84%D9%89-%D9%85%D9%86%D8%B5%D8%A9-%D8%B3%D9%84%D8%A9,4.5,36,ساعتين,47,0,$5.00,يومين,25,5,110.0,.Mennat Allah E,https://khamsat.com/user/mennaelnaghy234,True,بائع مميز,4.5,37,84.17%,1,47,14 ساعة
برمجة وتطوير,https://khamsat.com/programming,سلة,https://khamsat.com/programming/salla-development,تصميم متجر الكتروني احترافي في سلة,https://khamsat.com/programming/salla-development/2497357-%D8%AA%D8%B5%D9%85%D9%8A%D9%85-%D9%85%D8%AA%D8%AC%D8%B1-%D8%A7%D9%84%D9%83%D8%AA%D8%B1%D9%88%D9%86%D9%8A-%D8%A7%D8%AD%D8%AA%D8%B1%D8%A7%D9%81%D9%8A-%D9%81%D9%8A-%D8%B3%D9%84%D8%A9,4.5,31,5 ساعات,38,0,$5.00,يومين,25,4,60.0,.Nour F,https://khamsat.com/user/nour_faramz,True,بائع مميز,4.5,48,83.33%,2,49,ساعتين
برمجة وتطوير,https://khamsat.com/programming,سلة,https://khamsat.com/programming/salla-development,تصميم متجر احترافي على منصة سله,https://khamsat.com/programming/salla-development/1976517-%D8%AA%D8%B5%D9%85%D9%8A%D9%85-%D9%85%D8%AA%D8%AC%D8%B1-%D8%A7%D8%AD%D8%AA%D8%B1%D8%A7%D9%81%D9%8A-%D8%B9%D9%84%D9%89-%D9%85%D9%86%D8%B5%D8%A9-%D8%B3%D9%84%D9%87,5.0,139,4 دقائق,168,1,$10.00,يوم واحد,25,4,170.0,.Samir A,https://khamsat.com/user/samir_abouelyamin,True,بائع مميز,5.0,181,89.5%,1,190,4 دقائق
برمجة وتطوير,https://khamsat.com/programming,سلة,https://khamsat.com/programming/salla-development,تصميم متجر الالكتروني علي منصه سله وزد,https://khamsat.com/programming/salla-development/2311779-%D8%AA%D8%B5%D9%85%D9%8A%D9%85-%D9%85%D8%AA%D8%AC%D8%B1-%D8%A7%D9%84%D8%A7%D9%84%D9%83%D8%AA%D8%B1%D9%88%D9%86%D9%8A-%D8%B9%D9%84%D9%8A-%D9%85%D9%86%D8%B5%D9%87-%D8%B3%D9%84%D9%87-%D9%88%D8%B2%D8%AF,5.0,9,6 ساعات,11,0,$25.00,يومين,9,5,195.0,.Mohamed S,https://khamsat.com/user/mohamedelsid,True,بائع نشيط,5.0,9,66.67%,1,11,6 ساعات
برمجة وتطوير,https://khamsat.com/programming,سلة,https://khamsat.com/programming/salla-development,تجهيز و اطلاق متجرك في سلة,https://khamsat.com/programming/salla-development/1855403-%D8%AA%D8%AC%D9%87%D9%8A%D8%B2-%D9%88-%D8%A7%D8%B7%D9%84%D8%A7%D9%82-%D9%85%D8%AA%D8%AC%D8%B1%D9%83-%D9%81%D9%8A-%D8%B3%D9%84%D8%A9,4.5,43,6 ساعات,52,0,$5.00,أسبوع,25,5,210.0,حمزة ن.,https://khamsat.com/user/hamzanablse1,True,بائع مميز,5.0,218,92.06%,5,215,ساعة
برمجة وتطوير,https://khamsat.com/programming,سلة,https://khamsat.com/programming/salla-development,انشاء وتصميم متجر الكتروني على منصة سلة باحترافية عالية,https://khamsat.com/programming/salla-development/2611043-%D8%A7%D9%86%D8%B4%D8%A7%D8%A1-%D9%88%D8%AA%D8%B5%D9%85%D9%8A%D9%85-%D9%85%D8%AA%D8%AC%D8%B1-%D8%A7%D9%84%D9%83%D8%AA%D8%B1%D9%88%D9%86%D9%8A-%D8%B9%D9%84%D9%89-%D9%85%D9%86%D8%B5%D8%A9-%D8%B3%D9%84%D8%A9-%D8%A8%D8%A7%D8%AD%D8%AA%D8%B1%D8%A7%D9%81%D9%8A%D8%A9-%D8%B9%D8%A7%D9%84%D9%8A%D8%A9,5.0,9,ساعة,10,0,$10.00,ثلاثة أيام,9,4,90.0,أسامه ا.,https://khamsat.com/user/osama_al_rantisi,True,بائع نشيط,5.0,9,100.0%,2,10,ساعة
برمجة وتطوير,https://khamsat.com/programming,سلة,https://khamsat.com/programming/salla-development,تصميم متجر علي منصه سله وزد مقابل خدمه,https://khamsat.com/programming/salla-development/2034075-%D8%AA%D8%B5%D9%85%D9%8A%D9%85-%D9%85%D8%AA%D8%AC%D8%B1-%D8%B9%D9%84%D9%8A-%D9%85%D9%86%D8%B5%D9%87-%D8%B3%D9%84%D9%87-%D9%88%D8%B2%D8%AF-%D9%85%D9%82%D8%A7%D8%A8%D9%84-%D8%AE%D8%AF%D9%85%D9%87,4.5,7,9 ساعات,12,0,$5.00,يوم واحد,7,3,175.0,.Ahmed M,https://khamsat.com/user/ahmedm0hamed55,True,بائع نشيط,4.5,7,77.78%,1,12,9 ساعات
برمجة وتطوير,https://khamsat.com/programming,سلة,https://khamsat.com/programming/salla-development,تصميم متاجر على منصة سلة بإستخدام CSS Java Script,https://khamsat.com/programming/salla-development/2633498-%D8%AA%D8%B5%D9%85%D9%8A%D9%85-%D9%85%D8%AA%D8%A7%D8%AC%D8%B1-%D8%B9%D9%84%D9%89-%D9%85%D9%86%D8%B5%D8%A9-%D8%B3%D9%84%D8%A9-%D8%A8%D8%A5%D8%B3%D8%AA%D8%AE%D8%AF%D8%A7%D9%85-css-java-script,5.0,12,18 دقيقة,15,0,$10.00,ثلاثة أيام,12,2,60.0,.Ziad A,https://khamsat.com/user/ziad_mohammed,True,بائع مميز,5.0,50,93.81%,8,47,ساعتين
برمجة وتطوير,https://khamsat.com/programming,سلة,https://khamsat.com/programming/salla-development,تجهيز وانشاء متجرك في سلة,https://khamsat.com/programming/salla-development/2128137-%D8%AA%D8%AC%D9%87%D9%8A%D8%B2-%D9%88%D8%A7%D9%86%D8%B4%D8%A7%D8%A1-%D9%85%D8%AA%D8%AC%D8%B1%D9%83-%D9%81%D9%8A-%D8%B3%D9%84%D8%A9,5.0,29,17 دقيقة,31,0,$5.00,يوم واحد,25,5,245.0,ابراهيم ا.,https://khamsat.com/user/ebrahem2al2yousef,True,بائع مميز,5.0,50,80.9%,6,52,ساعة
برمجة وتطوير,https://khamsat.com/programming,سلة,https://khamsat.com/programming/salla-development,سأصمم لك متجر سلة بكود CSS احترافي+ اضافة صفحة لشاشة بداية,https://khamsat.com/programming/salla-development/2535039-%D8%B3%D8%A3%D8%B5%D9%85%D9%85-%D9%84%D9%83-%D9%85%D8%AA%D8%AC%D8%B1-%D8%B3%D9%84%D8%A9-%D8%A8%D9%83%D9%88%D8%AF-css-%D8%A7%D8%AD%D8%AA%D8%B1%D8%A7%D9%81%D9%8A-%D8%A7%D8%B6%D8%A7%D9%81%D8%A9-%D8%B5%D9%81%D8%AD%D8%A9-%D9%84%D8%B4%D8%A7%D8%B4%D8%A9-%D8%A8%D8%AF%D8%A7%D9%8A%D8%A9,4.5,12,7 ساعات,13,0,$10.00,يوم واحد,12,3,130.0,.Fatma B,https://khamsat.com/user/fatima_aly,True,بائع مميز,5.0,40,88.33%,3,33,6 ساعات
برمجة وتطوير,https://khamsat.com/programming,سلة,https://khamsat.com/programming/salla-development,إنشاء متجر على منصة سلة Salla,https://khamsat.com/programming/salla-development/2787197-%D8%A5%D9%86%D8%B4%D8%A7%D8%A1-%D9%85%D8%AA%D8%AC%D8%B1-%D8%B9%D9%84%D9%89-%D9%85%D9%86%D8%B5%D8%A9-%D8%B3%D9%84%D8%A9-salla,5.0,1,أقل من دقيقة,2,0,$25.00,ثلاثة أيام,1,2,50.0,.Otmane L,https://khamsat.com/user/otmanec100,True,مشتري مميز,5.0,8,63.16%,6,10,44 دقيقة
برمجة وتطوير,https://khamsat.com/programming,سلة,https://khamsat.com/programming/salla-development,تعديل او تصميم متجرك الإلكترونى على منصة سلة بالـ CSS,https://khamsat.com/programming/salla-development/2779717-%D8%AA%D8%B9%D8%AF%D9%8A%D9%84-%D8%A7%D9%88-%D8%AA%D8%B5%D9%85%D9%8A%D9%85-%D9%85%D8%AA%D8%AC%D8%B1%D9%83-%D8%A7%D9%84%D8%A5%D9%84%D9%83%D8%AA%D8%B1%D9%88%D9%86%D9%89-%D8%B9%D9%84%D9%89-%D9%85%D9%86%D8%B5%D8%A9-%D8%B3%D9%84%D8%A9-%D8%A8%D8%A7%D9%84%D9%80-css,4.5,14,5 ساعات,14,0,$5.00,يومين,14,4,55.0,.Ahmed H,https://khamsat.com/user/ahmedharidy2000,True,بائع نشيط,4.5,21,97.06%,3,21,ساعتين
برمجة وتطوير,https://khamsat.com/programming,سلة,https://khamsat.com/programming/salla-development,إنشاء وتصميم متجر رقمي متكامل,https://khamsat.com/programming/salla-development/2848671-%D8%A5%D9%86%D8%B4%D8%A7%D8%A1-%D9%88%D8%AA%D8%B5%D9%85%D9%8A%D9%85-%D9%85%D8%AA%D8%AC%D8%B1-%D8%B1%D9%82%D9%85%D9%8A-%D9%85%D8%AA%D9%83%D8%A7%D9%85%D9%84,5.0,3,9 ساعات,5,0,$10.00,يومين,3,0,0.0,فراس ا.,https://khamsat.com/user/yprem,True,بائع جديد,5.0,3,100.0%,1,5,9 ساعات
برمجة وتطوير,https://khamsat.com/programming,سلة,https://khamsat.com/programming/salla-development,تصميم وإنشاء متجر على منصة سلة,https://khamsat.com/programming/salla-development/2938965-%D8%AA%D8%B5%D9%85%D9%8A%D9%85-%D9%88%D8%A5%D9%86%D8%B4%D8%A7%D8%A1-%D9%85%D8%AA%D8%AC%D8%B1-%D8%B9%D9%84%D9%89-%D9%85%D9%86%D8%B5%D8%A9-%D8%B3%D9%84%D8%A9,5.0,2,13 ساعة,4,0,$10.00,يومين,2,4,55.0,علا ش.,https://khamsat.com/user/ola_shahin97,True,بائع نشيط,5.0,9,97.56%,6,11,5 ساعات
برمجة وتطوير,https://khamsat.com/programming,سلة,https://khamsat.com/programming/salla-development,تنسيق متجرك علي سلة باستخدام CSS متوافق مع جميع الاجهزة,https://khamsat.com/programming/salla-development/2491407-%D8%AA%D9%86%D8%B3%D9%8A%D9%82-%D9%85%D8%AA%D8%AC%D8%B1%D9%83-%D8%B9%D9%84%D9%8A-%D8%B3%D9%84%D8%A9-%D8%A8%D8%A7%D8%B3%D8%AA%D8%AE%D8%AF%D8%A7%D9%85-css-%D9%85%D8%AA%D9%88%D8%A7%D9%81%D9%82-%D9%85%D8%B9-%D8%AC%D9%85%D9%8A%D8%B9-%D8%A7%D9%84%D8%A7%D8%AC%D9%87%D8%B2%D8%A9,5.0,12,15 ساعة,12,1,$20.00,يوم واحد,12,5,55.0,.Abdullah A,https://khamsat.com/user/abdullahabdelmuti,True,بائع مميز,5.0,108,89.25%,7,90,ساعتين
برمجة وتطوير,https://khamsat.com/programming,زد,https://khamsat.com/programming/zid-development,اعداد و تنسيق صفحات متجرك علي منصة زد,https://khamsat.com/programming/zid-development/1875104-%D8%A7%D8%B9%D8%AF%D8%A7%D8%AF-%D9%88-%D8%AA%D9%86%D8%B3%D9%8A%D9%82-%D8%B5%D9%81%D8%AD%D8%A7%D8%AA-%D9%85%D8%AA%D8%AC%D8%B1%D9%83-%D8%B9%D9%84%D9%8A-%D9%85%D9%86%D8%B5%D8%A9-%D8%B2%D8%AF,5.0,4,7 ساعات,6,0,$5.00,ثلاثة أيام,4,2,300.0,.Yassin A,https://khamsat.com/user/yassin-hussein,True,بائع مميز,5.0,78,88.67%,3,86,10 ساعات
برمجة وتطوير,https://khamsat.com/programming,زد,https://khamsat.com/programming/zid-development,تنسيق متجرك الإلكترونى على منصة زد بإستخدام أكواد CSS,https://khamsat.com/programming/zid-development/2190865-%D8%AA%D9%86%D8%B3%D9%8A%D9%82-%D9%85%D8%AA%D8%AC%D8%B1%D9%83-%D8%A7%D9%84%D8%A5%D9%84%D9%83%D8%AA%D8%B1%D9%88%D9%86%D9%89-%D8%B9%D9%84%D9%89-%D9%85%D9%86%D8%B5%D8%A9-%D8%B2%D8%AF-%D8%A8%D8%A5%D8%B3%D8%AA%D8%AE%D8%AF%D8%A7%D9%85-%D8%A3%D9%83%D9%88%D8%A7%D8%AF-css,5.0,40,13 دقيقة,44,1,$10.00,ثلاثة أيام,25,5,100.0,.Mohamed A,https://khamsat.com/user/thewarrior1,True,بائع مميز,5.0,247,98.62%,1,228,14 ساعة
برمجة وتطوير,https://khamsat.com/programming,زد,https://khamsat.com/programming/zid-development,تصميم وتنسيق متاجر سلة وزد CSS,https://khamsat.com/programming/zid-development/2519142-%D8%AA%D8%B5%D9%85%D9%8A%D9%85-%D9%88%D8%AA%D9%86%D8%B3%D9%8A%D9%82-%D9%85%D8%AA%D8%A7%D8%AC%D8%B1-%D8%B3%D9%84%D8%A9-%D9%88%D8%B2%D8%AF-css,5.0,8,يوم,9,0,$25.00,أربعة أيام,8,2,150.0,.Alaeddine M,https://khamsat.com/user/mohandalassiri,True,بائع نشيط,5.0,15,72.92%,5,17,يومين
برمجة وتطوير,https://khamsat.com/programming,زد,https://khamsat.com/programming/zid-development,تصميم موقعك على منصة سلة و زد و شوبيفاي,https://khamsat.com/programming/zid-development/2069273-%D8%AA%D8%B5%D9%85%D9%8A%D9%85-%D9%85%D9%88%D9%82%D8%B9%D9%83-%D8%B9%D9%84%D9%89-%D9%85%D9%86%D8%B5%D8%A9-%D8%B3%D9%84%D8%A9-%D9%88-%D8%B2%D8%AF-%D9%88-%D8%B4%D9%88%D8%A8%D9%8A%D9%81%D8%A7%D9%8A,5.0,1,5 ساعات,2,0,$10.00,يوم واحد,1,3,40.0,.Mahmoud I,https://khamsat.com/user/m_ibr18,True,بائع مميز,5.0,13,77.78%,2,19,9 ساعات
برمجة وتطوير,https://khamsat.com/programming,زد,https://khamsat.com/programming/zid-development,اعداد تنسيق متجركم وتصميم موقع على منصة سلة و زد فقط 5$ css,https://khamsat.com/programming/zid-development/1849651-%D8%A7%D8%B9%D8%AF%D8%A7%D8%AF-%D8%AA%D9%86%D8%B3%D9%8A%D9%82-%D9%85%D8%AA%D8%AC%D8%B1%D9%83%D9%85-%D9%88%D8%AA%D8%B5%D9%85%D9%8A%D9%85-%D9%85%D9%88%D9%82%D8%B9-%D8%B9%D9%84%D9%89-%D9%85%D9%86%D8%B5%D8%A9-%D8%B3%D9%84%D8%A9-%D9%88-%D8%B2%D8%AF-%D9%81%D9%82%D8%B7-5-css,5.0,37,26 دقيقة,46,0,$5.00,ثلاثة أيام,25,5,350.0,.Ali A,https://khamsat.com/user/salla_sa,True,بائع مميز,5.0,331,93.36%,2,394,ساعة
برمجة وتطوير,https://khamsat.com/programming,زد,https://khamsat.com/programming/zid-development,إضافة تصنيفات الرئيسية و الفرعية في متجر زد,https://khamsat.com/programming/zid-development/3039958-%D8%A5%D8%B6%D8%A7%D9%81%D8%A9-%D8%AA%D8%B5%D9%86%D9%8A%D9%81%D8%A7%D8%AA-%D8%A7%D9%84%D8%B1%D8%A6%D9%8A%D8%B3%D9%8A%D8%A9-%D9%88-%D8%A7%D9%84%D9%81%D8%B1%D8%B9%D9%8A%D8%A9-%D9%81%D9%8A-%D9%85%D8%AA%D8%AC%D8%B1-%D8%B2%D8%AF,0.0,0,لم يحسب,0,0,$5.00,يوم واحد,0,3,30.0,بلال س.,https://khamsat.com/user/bilal_salmi,True,بائع جديد,0.0,0,لم يحسب بعد,3,0,لم يحسب
برمجة وتطوير,https://khamsat.com/programming,زد,https://khamsat.com/programming/zid-development,تصميم CSS لمتاجر زد و سلة,https://khamsat.com/programming/zid-development/2301378-%D8%AA%D8%B5%D9%85%D9%8A%D9%85-css-%D9%84%D9%85%D8%AA%D8%A7%D8%AC%D8%B1-%D8%B2%D8%AF-%D9%88-%D8%B3%D9%84%D8%A9,0.0,0,لم يحسب,0,0,$5.00,يومين,0,2,15.0,بلال س.,https://khamsat.com/user/bilal_salmi,True,بائع جديد,0.0,0,لم يحسب بعد,3,0,لم يحسب
برمجة وتطوير,https://khamsat.com/programming,زد,https://khamsat.com/programming/zid-development,ربط متجر زد بتطبيقات التسويق,https://khamsat.com/programming/zid-development/3039417-%D8%B1%D8%A8%D8%B7-%D9%85%D8%AA%D8%AC%D8%B1-%D8%B2%D8%AF-%D8%A8%D8%AA%D8%B7%D8%A8%D9%8A%D9%82%D8%A7%D8%AA-%D8%A7%D9%84%D8%AA%D8%B3%D9%88%D9%8A%D9%82,0.0,0,لم يحسب,0,0,$10.00,يومين,0,3,15.0,بلال س.,https://khamsat.com/user/bilal_salmi,True,بائع جديد,0.0,0,لم يحسب بعد,3,0,لم يحسب
برمجة وتطوير,https://khamsat.com/programming,زد,https://khamsat.com/programming/zid-development,إدارة كافة المتاجر و مواقع والمنصات الإلكترونية زد طرود oto,https://khamsat.com/programming/zid-development/2749184-%D8%A5%D8%AF%D8%A7%D8%B1%D8%A9-%D9%83%D8%A7%D9%81%D8%A9-%D8%A7%D9%84%D9%85%D8%AA%D8%A7%D8%AC%D8%B1-%D9%88-%D9%85%D9%88%D8%A7%D9%82%D8%B9-%D9%88%D8%A7%D9%84%D9%85%D9%86%D8%B5%D8%A7%D8%AA-%D8%A7%D9%84%D8%A5%D9%84%D9%83%D8%AA%D8%B1%D9%88%D9%86%D9%8A%D8%A9-%D8%B2%D8%AF-%D8%B7%D8%B1%D9%88%D8%AF-oto,5.0,2,ساعة,2,0,$10.00,يومين,2,4,365.0,.Lujain M,https://khamsat.com/user/ggnsnsn88,True,بائع مميز,4.5,48,77.22%,4,49,52 دقيقة
برمجة وتطوير,https://khamsat.com/programming,زد,https://khamsat.com/programming/zid-development,تنسيق وتصميم متجرك على منصة زد Zid العربية custom css,https://khamsat.com/programming/zid-development/2232023-%D8%AA%D9%86%D8%B3%D9%8A%D9%82-%D9%88%D8%AA%D8%B5%D9%85%D9%8A%D9%85-%D9%85%D8%AA%D8%AC%D8%B1%D9%83-%D8%B9%D9%84%D9%89-%D9%85%D9%86%D8%B5%D8%A9-%D8%B2%D8%AF-zid-%D8%A7%D9%84%D8%B9%D8%B1%D8%A8%D9%8A%D8%A9-custom-css,0.0,0,9 ساعات,0,0,$5.00,يوم واحد,0,3,145.0,.Doaa M,https://khamsat.com/user/doaamahmoud123,True,بائع جديد,5.0,4,72.73%,5,6,10 ساعات
برمجة وتطوير,https://khamsat.com/programming,زد,https://khamsat.com/programming/zid-development,برمجة CSS لقالب متجرك على منصة سلة ، زد ، شوبيفاي,https://khamsat.com/programming/zid-development/2146685-%D8%A8%D8%B1%D9%85%D8%AC%D8%A9-css-%D9%84%D9%82%D8%A7%D9%84%D8%A8-%D9%85%D8%AA%D8%AC%D8%B1%D9%83-%D8%B9%D9%84%D9%89-%D9%85%D9%86%D8%B5%D8%A9-%D8%B3%D9%84%D8%A9-%D8%B2%D8%AF-%D8%B4%D9%88%D8%A8%D9%8A%D9%81%D8%A7%D9%8A,5.0,1,ساعة,2,0,$50.00,يومين,1,3,335.0,.Salam A,https://khamsat.com/user/s105,True,بائع مميز,4.5,166,90.02%,5,218,ساعتين
برمجة وتطوير,https://khamsat.com/programming,زد,https://khamsat.com/programming/zid-development,تصميم متجر زد - تصميم متجرك علي منصة زد Zid,https://khamsat.com/programming/zid-development/2615592-%D8%AA%D8%B5%D9%85%D9%8A%D9%85-%D9%85%D8%AA%D8%AC%D8%B1-%D8%B2%D8%AF-%D8%AA%D8%B5%D9%85%D9%8A%D9%85-%D9%85%D8%AA%D8%AC%D8%B1%D9%83-%D8%B9%D9%84%D9%8A-%D9%85%D9%86%D8%B5%D8%A9-%D8%B2%D8%AF-zid,0.0,0,لم يحسب,0,0,$25.00,يوم واحد,0,1,75.0,.Mahmoud A,https://khamsat.com/user/titotedx,True,بائع موثوق,5.0,162,81.65%,27,138,ساعتين
برمجة وتطوير,https://khamsat.com/programming,زد,https://khamsat.com/programming/zid-development,تنسيق متجرك علي زد باستخدام CSS متوافق مع جميع الاجهزة,https://khamsat.com/programming/zid-development/2923490-%D8%AA%D9%86%D8%B3%D9%8A%D9%82-%D9%85%D8%AA%D8%AC%D8%B1%D9%83-%D8%B9%D9%84%D9%8A-%D8%B2%D8%AF-%D8%A8%D8%A7%D8%B3%D8%AA%D8%AE%D8%AF%D8%A7%D9%85-css-%D9%85%D8%AA%D9%88%D8%A7%D9%81%D9%82-%D9%85%D8%B9-%D8%AC%D9%85%D9%8A%D8%B9-%D8%A7%D9%84%D8%A7%D8%AC%D9%87%D8%B2%D8%A9,5.0,1,11 دقيقة,1,0,$20.00,يوم واحد,1,4,145.0,.Abdullah A,https://khamsat.com/user/abdullahabdelmuti,True,بائع مميز,5.0,108,89.25%,7,90,ساعتين
برمجة وتطوير,https://khamsat.com/programming,زد,https://khamsat.com/programming/zid-development,برمجة متجركم على منصة سلة أو زد custom css,https://khamsat.com/programming/zid-development/2089272-%D8%A8%D8%B1%D9%85%D8%AC%D8%A9-%D9%85%D8%AA%D8%AC%D8%B1%D9%83%D9%85-%D8%B9%D9%84%D9%89-%D9%85%D9%86%D8%B5%D8%A9-%D8%B3%D9%84%D8%A9-%D8%A3%D9%88-%D8%B2%D8%AF-custom-css,0.0,0,38 دقيقة,0,0,$5.00,يوم واحد,0,3,115.0,.Youssef K,https://khamsat.com/user/yecef10,True,بائع نشيط,5.0,9,100.0%,5,10,4 ساعات
برمجة وتطوير,https://khamsat.com/programming,زد,https://khamsat.com/programming/zid-development,ربط الخدمات والتطبيقات في منصة زد,https://khamsat.com/programming/zid-development/2024479-%D8%B1%D8%A8%D8%B7-%D8%A7%D9%84%D8%AE%D8%AF%D9%85%D8%A7%D8%AA-%D9%88%D8%A7%D9%84%D8%AA%D8%B7%D8%A8%D9%8A%D9%82%D8%A7%D8%AA-%D9%81%D9%8A-%D9%85%D9%86%D8%B5%D8%A9-%D8%B2%D8%AF,0.0,0,ساعة,0,1,$5.00,يوم واحد,0,2,20.0,.Rachid O,https://khamsat.com/user/raoua,True,بائع مميز,4.5,257,92.64%,5,375,22 ساعة
برمجة وتطوير,https://khamsat.com/programming,فاذرشوبس,https://khamsat.com/programming/fathershops-development,تصميم متجر الكتروني على fathershops,https://khamsat.com/programming/fathershops-development/2052197-%D8%AA%D8%B5%D9%85%D9%8A%D9%85-%D9%85%D8%AA%D8%AC%D8%B1-%D8%A7%D9%84%D9%83%D8%AA%D8%B1%D9%88%D9%86%D9%8A-%D8%B9%D9%84%D9%89-fathershops,4.5,60,5 ساعات,81,0,$25.00,يومين,25,1,75.0,نور أ.,https://khamsat.com/user/%D9%86%D9%88%D8%B1-%D8%A2%D8%BA%D8%A7,True,بائع مميز,4.5,91,83.33%,5,109,4 ساعات
برمجة وتطوير,https://khamsat.com/programming,فاذرشوبس,https://khamsat.com/programming/fathershops-development,تصميم وتجهيز متجرك على فاذر شوبس FatherShops,https://khamsat.com/programming/fathershops-development/2617356-%D8%AA%D8%B5%D9%85%D9%8A%D9%85-%D9%88%D8%AA%D8%AC%D9%87%D9%8A%D8%B2-%D9%85%D8%AA%D8%AC%D8%B1%D9%83-%D8%B9%D9%84%D9%89-%D9%81%D8%A7%D8%B0%D8%B1-%D8%B4%D9%88%D8%A8%D8%B3-fathershops,4.5,18,ساعة,20,0,$25.00,ثلاثة أيام,18,5,85.0,الجندي م.,https://khamsat.com/user/elgendymahmoud,True,بائع مميز,4.5,36,83.53%,5,40,ساعتين
برمجة وتطوير,https://khamsat.com/programming,فاذرشوبس,https://khamsat.com/programming/fathershops-development,انشاء متجرك fathershops فاذر شوبس,https://khamsat.com/programming/fathershops-development/2351573-%D8%A7%D9%86%D8%B4%D8%A7%D8%A1-%D9%85%D8%AA%D8%AC%D8%B1%D9%83-fathershops-%D9%81%D8%A7%D8%B0%D8%B1-%D8%B4%D9%88%D8%A8%D8%B3,5.0,4,ساعة,5,0,$10.00,ثلاثة أيام,4,4,115.0,.Ismail O,https://khamsat.com/user/ismail_ourhou,True,بائع نشيط,5.0,5,100.0%,4,6,ساعة
برمجة وتطوير,https://khamsat.com/programming,فاذرشوبس,https://khamsat.com/programming/fathershops-development,إنشاء وتصميم متجر فاذر شوب Fathershops عالى الجودة,https://khamsat.com/programming/fathershops-development/2436177-%D8%A5%D9%86%D8%B4%D8%A7%D8%A1-%D9%88%D8%AA%D8%B5%D9%85%D9%8A%D9%85-%D9%85%D8%AA%D8%AC%D8%B1-%D9%81%D8%A7%D8%B0%D8%B1-%D8%B4%D9%88%D8%A8-fathershops-%D8%B9%D8%A7%D9%84%D9%89-%D8%A7%D9%84%D8%AC%D9%88%D8%AF%D8%A9,5.0,32,58 دقيقة,36,0,$25.00,يوم واحد,25,5,235.0,.Mahmoud A,https://khamsat.com/user/titotedx,True,بائع موثوق,5.0,162,81.65%,27,138,ساعتين
برمجة وتطوير,https://khamsat.com/programming,فاذرشوبس,https://khamsat.com/programming/fathershops-development,انشاء متجر علي فارذشوبس fathershops إحترافي,https://khamsat.com/programming/fathershops-development/2665907-%D8%A7%D9%86%D8%B4%D8%A7%D8%A1-%D9%85%D8%AA%D8%AC%D8%B1-%D8%B9%D9%84%D9%8A-%D9%81%D8%A7%D8%B1%D8%B0%D8%B4%D9%88%D8%A8%D8%B3-fathershops-%D8%A5%D8%AD%D8%AA%D8%B1%D8%A7%D9%81%D9%8A,5.0,3,ساعة,4,0,$25.00,يومين,3,1,75.0,.Mostafa A,https://khamsat.com/user/mostafa_alaa99,True,بائع نشيط,4.5,14,100.0%,4,14,ساعتين
برمجة وتطوير,https://khamsat.com/programming,فاذرشوبس,https://khamsat.com/programming/fathershops-development,تصميم متجر دروب شيبيغ على منصة فاذرشوبس - Fathershops,https://khamsat.com/programming/fathershops-development/2741671-%D8%AA%D8%B5%D9%85%D9%8A%D9%85-%D9%85%D8%AA%D8%AC%D8%B1-%D8%AF%D8%B1%D9%88%D8%A8-%D8%B4%D9%8A%D8%A8%D9%8A%D8%BA-%D8%B9%D9%84%D9%89-%D9%85%D9%86%D8%B5%D8%A9-%D9%81%D8%A7%D8%B0%D8%B1%D8%B4%D9%88%D8%A8%D8%B3-fathershops,5.0,1,ساعة,2,0,$5.00,يوم واحد,1,5,105.0,.Ismail O,https://khamsat.com/user/ismail_ourhou,True,بائع نشيط,5.0,5,100.0%,4,6,ساعة
برمجة وتطوير,https://khamsat.com/programming,فاذرشوبس,https://khamsat.com/programming/fathershops-development,سأقوم بالتعديل على متجرك في Fathershops,https://khamsat.com/programming/fathershops-development/2235389-%D8%B3%D8%A3%D9%82%D9%88%D9%85-%D8%A8%D8%A7%D9%84%D8%AA%D8%B9%D8%AF%D9%8A%D9%84-%D8%B9%D9%84%D9%89-%D9%85%D8%AA%D8%AC%D8%B1%D9%83-%D9%81%D9%8A-fathershops,4.5,10,13 ساعة,13,1,$10.00,ثلاثة أيام,10,4,160.0,خالد م.,https://khamsat.com/user/khaled201,True,بائع نشيط,4.5,10,84.21%,1,13,13 ساعة
برمجة وتطوير,https://khamsat.com/programming,فاذرشوبس,https://khamsat.com/programming/fathershops-development,تصميم متجر فاذر شوب - تصميم متجرك الالكتروني علي fathershops,https://khamsat.com/programming/fathershops-development/2590018-%D8%AA%D8%B5%D9%85%D9%8A%D9%85-%D9%85%D8%AA%D8%AC%D8%B1-%D9%81%D8%A7%D8%B0%D8%B1-%D8%B4%D9%88%D8%A8-%D8%AA%D8%B5%D9%85%D9%8A%D9%85-%D9%85%D8%AA%D8%AC%D8%B1%D9%83-%D8%A7%D9%84%D8%A7%D9%84%D9%83%D8%AA%D8%B1%D9%88%D9%86%D9%8A-%D8%B9%D9%84%D9%8A-fathershops,5.0,9,ساعتين,10,0,$25.00,يوم واحد,9,4,200.0,.Mahmoud A,https://khamsat.com/user/titotedx,True,بائع موثوق,5.0,162,81.65%,27,138,ساعتين
برمجة وتطوير,https://khamsat.com/programming,فاذرشوبس,https://khamsat.com/programming/fathershops-development,تصميم متجرك فاذر شوبس father shops باحترافية تامة,https://khamsat.com/programming/fathershops-development/2401168-%D8%AA%D8%B5%D9%85%D9%8A%D9%85-%D9%85%D8%AA%D8%AC%D8%B1%D9%83-%D9%81%D8%A7%D8%B0%D8%B1-%D8%B4%D9%88%D8%A8%D8%B3-father-shops-%D8%A8%D8%A7%D8%AD%D8%AA%D8%B1%D8%A7%D9%81%D9%8A%D8%A9-%D8%AA%D8%A7%D9%85%D8%A9,4.5,18,50 دقيقة,21,0,$15.00,يوم واحد,18,3,225.0,.Abdessamad M,https://khamsat.com/user/abdesamadmassat,False,بائع مميز,4.5,46,85.07%,6,45,يوم
برمجة وتطوير,https://khamsat.com/programming,فاذرشوبس,https://khamsat.com/programming/fathershops-development,تصميم متجرك فاذرشوبس باحترافية تامة fathershops,https://khamsat.com/programming/fathershops-development/2940804-%D8%AA%D8%B5%D9%85%D9%8A%D9%85-%D9%85%D8%AA%D8%AC%D8%B1%D9%83-%D9%81%D8%A7%D8%B0%D8%B1%D8%B4%D9%88%D8%A8%D8%B3-%D8%A8%D8%A7%D8%AD%D8%AA%D8%B1%D8%A7%D9%81%D9%8A%D8%A9-%D8%AA%D8%A7%D9%85%D8%A9-fathershops,5.0,1,لم يحسب,1,0,$5.00,يومين,1,4,390.0,.Abdessamad M,https://khamsat.com/user/abdesamadmassat,False,بائع مميز,4.5,46,85.07%,6,45,يوم
برمجة وتطوير,https://khamsat.com/programming,فاذرشوبس,https://khamsat.com/programming/fathershops-development,تصميم متجر فاذرشوبس دروبشينغ باعلى مقاييس الجودة fathershops,https://khamsat.com/programming/fathershops-development/2736071-%D8%AA%D8%B5%D9%85%D9%8A%D9%85-%D9%85%D8%AA%D8%AC%D8%B1-%D9%81%D8%A7%D8%B0%D8%B1%D8%B4%D9%88%D8%A8%D8%B3-%D8%AF%D8%B1%D9%88%D8%A8%D8%B4%D9%8A%D9%86%D8%BA-%D8%A8%D8%A7%D8%B9%D9%84%D9%89-%D9%85%D9%82%D8%A7%D9%8A%D9%8A%D8%B3-%D8%A7%D9%84%D8%AC%D9%88%D8%AF%D8%A9-fathershops,5.0,5,يوم,5,0,$5.00,يوم واحد,5,4,175.0,الشرقي م.,https://khamsat.com/user/shopifyacademy,True,بائع مميز,5.0,62,89.53%,5,69,5 ساعات
برمجة وتطوير,https://khamsat.com/programming,فاذرشوبس,https://khamsat.com/programming/fathershops-development,تصميم متجر الكتروني احترافي على FATHERSHOPS,https://khamsat.com/programming/fathershops-development/2468089-%D8%AA%D8%B5%D9%85%D9%8A%D9%85-%D9%85%D8%AA%D8%AC%D8%B1-%D8%A7%D9%84%D9%83%D8%AA%D8%B1%D9%88%D9%86%D9%8A-%D8%A7%D8%AD%D8%AA%D8%B1%D8%A7%D9%81%D9%8A-%D8%B9%D9%84%D9%89-fathershops,5.0,1,يومين,2,0,$20.00,يومين,1,1,75.0,.Mohammed A,https://khamsat.com/user/designer.mohammed,True,بائع مميز,4.5,47,74.81%,5,61,13 ساعة
برمجة وتطوير,https://khamsat.com/programming,فاذرشوبس,https://khamsat.com/programming/fathershops-development,متجر فاذرشوبس احترافي | FatherShops,https://khamsat.com/programming/fathershops-development/2591860-%D9%85%D8%AA%D8%AC%D8%B1-%D9%81%D8%A7%D8%B0%D8%B1%D8%B4%D9%88%D8%A8%D8%B3-%D8%A7%D8%AD%D8%AA%D8%B1%D8%A7%D9%81%D9%8A-fathershops,0.0,0,8 ساعات,0,0,$25.00,يومين,0,5,445.0,عبد الكريم س.,https://khamsat.com/user/%D8%A8%D8%BA%D8%AF%D8%A7%D8%AF%D9%8A-%D8%B3%D9%8A%D8%AF%D9%8A-%D8%B9%D8%B5%D9%85%D8%A7%D9%86,True,بائع مميز,5.0,97,93.49%,11,117,6 ساعات
برمجة وتطوير,https://khamsat.com/programming,فاذرشوبس,https://khamsat.com/programming/fathershops-development,انشاء وتصميم متجر علي فاذرشوبس,https://khamsat.com/programming/fathershops-development/2886590-%D8%A7%D9%86%D8%B4%D8%A7%D8%A1-%D9%88%D8%AA%D8%B5%D9%85%D9%8A%D9%85-%D9%85%D8%AA%D8%AC%D8%B1-%D8%B9%D9%84%D9%8A-%D9%81%D8%A7%D8%B0%D8%B1%D8%B4%D9%88%D8%A8%D8%B3,0.0,0,لم يحسب,0,0,$45.00,ستة أيام,0,3,65.0,.Abdullah M,https://khamsat.com/user/abdelah20,True,بائع مميز,4.5,107,96.43%,16,103,9 ساعات
برمجة وتطوير,https://khamsat.com/programming,فاذرشوبس,https://khamsat.com/programming/fathershops-development,تصميم متجرك باحترافية فاذرشوبس fathershops,https://khamsat.com/programming/fathershops-development/2406708-%D8%AA%D8%B5%D9%85%D9%8A%D9%85-%D9%85%D8%AA%D8%AC%D8%B1%D9%83-%D8%A8%D8%A7%D8%AD%D8%AA%D8%B1%D8%A7%D9%81%D9%8A%D8%A9-%D9%81%D8%A7%D8%B0%D8%B1%D8%B4%D9%88%D8%A8%D8%B3-fathershops,4.5,14,6 ساعات,14,0,$5.00,يوم واحد,14,5,355.0,.Fatima Ezzhra M,https://khamsat.com/user/fatimaezahramassat,True,بائع نشيط,4.5,15,80.95%,1,16,3 ساعات
برمجة وتطوير,https://khamsat.com/programming,فاذرشوبس,https://khamsat.com/programming/fathershops-development,سوف اصمم متجرك فادرشوبس fathershops باحترافية واتقان تام,https://khamsat.com/programming/fathershops-development/2366247-%D8%B3%D9%88%D9%81-%D8%A7%D8%B5%D9%85%D9%85-%D9%85%D8%AA%D8%AC%D8%B1%D9%83-%D9%81%D8%A7%D8%AF%D8%B1%D8%B4%D9%88%D8%A8%D8%B3-fathershops-%D8%A8%D8%A7%D8%AD%D8%AA%D8%B1%D8%A7%D9%81%D9%8A%D8%A9-%D9%88%D8%A7%D8%AA%D9%82%D8%A7%D9%86-%D8%AA%D8%A7%D9%85,4.5,10,ساعة,11,0,$5.00,ثلاثة أيام,10,5,350.0,.Mohamed M,https://khamsat.com/user/dejandsilva,True,بائع نشيط,4.5,13,76.19%,1,15,ساعة
برمجة وتطوير,https://khamsat.com/programming,فاذرشوبس,https://khamsat.com/programming/fathershops-development,تصميم متجرك على فاذرشوبس fathershops باحترافية وسرعة تنفيذ,https://khamsat.com/programming/fathershops-development/2753702-%D8%AA%D8%B5%D9%85%D9%8A%D9%85-%D9%85%D8%AA%D8%AC%D8%B1%D9%83-%D8%B9%D9%84%D9%89-%D9%81%D8%A7%D8%B0%D8%B1%D8%B4%D9%88%D8%A8%D8%B3-fathershops-%D8%A8%D8%A7%D8%AD%D8%AA%D8%B1%D8%A7%D9%81%D9%8A%D8%A9-%D9%88%D8%B3%D8%B1%D8%B9%D8%A9-%D8%AA%D9%86%D9%81%D9%8A%D8%B0,5.0,1,يوم,1,0,$5.00,يومين,1,5,440.0,.Abdessamad M,https://khamsat.com/user/abdesamadmassat,False,بائع مميز,4.5,46,85.07%,6,45,يوم
برمجة وتطوير,https://khamsat.com/programming,فاذرشوبس,https://khamsat.com/programming/fathershops-development,تصميم متجر منتج واحد فاذرشوبس fathershops على شكل براند,https://khamsat.com/programming/fathershops-development/2777196-%D8%AA%D8%B5%D9%85%D9%8A%D9%85-%D9%85%D8%AA%D8%AC%D8%B1-%D9%85%D9%86%D8%AA%D8%AC-%D9%88%D8%A7%D8%AD%D8%AF-%D9%81%D8%A7%D8%B0%D8%B1%D8%B4%D9%88%D8%A8%D8%B3-fathershops-%D8%B9%D9%84%D9%89-%D8%B4%D9%83%D9%84-%D8%A8%D8%B1%D8%A7%D9%86%D8%AF,0.0,0,لم يحسب,0,0,$25.00,يوم واحد,0,2,125.0,.Abdessamad M,https://khamsat.com/user/abdesamadmassat,False,بائع مميز,4.5,46,85.07%,6,45,يوم
برمجة وتطوير,https://khamsat.com/programming,يوكان,https://khamsat.com/programming/youcan-development,إنشاء متجر إلكتروني إحترافي على منصة يوكان تصميم وتطوير,https://khamsat.com/programming/youcan-development/2867592-%D8%A5%D9%86%D8%B4%D8%A7%D8%A1-%D9%85%D8%AA%D8%AC%D8%B1-%D8%A5%D9%84%D9%83%D8%AA%D8%B1%D9%88%D9%86%D9%8A-%D8%A5%D8%AD%D8%AA%D8%B1%D8%A7%D9%81%D9%8A-%D8%B9%D9%84%D9%89-%D9%85%D9%86%D8%B5%D8%A9-%D9%8A%D9%88%D9%83%D8%A7%D9%86-%D8%AA%D8%B5%D9%85%D9%8A%D9%85-%D9%88%D8%AA%D8%B7%D9%88%D9%8A%D8%B1,5.0,10,11 ساعة,10,1,$20.00,يومين,10,5,35.0,.Mohammed B,https://khamsat.com/user/digitaneo,True,بائع نشيط,5.0,14,96.3%,2,17,6 ساعات
برمجة وتطوير,https://khamsat.com/programming,يوكان,https://khamsat.com/programming/youcan-development,سكريبت الولايات والبلديات على منصة يوكان مع ملخص طلبية,https://khamsat.com/programming/youcan-development/3016132-%D8%B3%D9%83%D8%B1%D9%8A%D8%A8%D8%AA-%D8%A7%D9%84%D9%88%D9%84%D8%A7%D9%8A%D8%A7%D8%AA-%D9%88%D8%A7%D9%84%D8%A8%D9%84%D8%AF%D9%8A%D8%A7%D8%AA-%D8%B9%D9%84%D9%89-%D9%85%D9%86%D8%B5%D8%A9-%D9%8A%D9%88%D9%83%D8%A7%D9%86-%D9%85%D8%B9-%D9%85%D9%84%D8%AE%D8%B5-%D8%B7%D9%84%D8%A8%D9%8A%D8%A9,5.0,2,37 دقيقة,3,0,$10.00,يوم واحد,2,2,30.0,محمد ا.,https://khamsat.com/user/%D9%85%D8%AD%D9%85%D8%AF-%D8%A7%D9%84%D8%AE%D9%84%D8%B7%D9%8A,True,بائع نشيط,5.0,12,89.47%,2,16,5 ساعات
برمجة وتطوير,https://khamsat.com/programming,يوكان,https://khamsat.com/programming/youcan-development,انشاء وتصميم متجر احترافي على منصة YouCan,https://khamsat.com/programming/youcan-development/2336473-%D8%A7%D9%86%D8%B4%D8%A7%D8%A1-%D9%88%D8%AA%D8%B5%D9%85%D9%8A%D9%85-%D9%85%D8%AA%D8%AC%D8%B1-%D8%A7%D8%AD%D8%AA%D8%B1%D8%A7%D9%81%D9%8A-%D8%B9%D9%84%D9%89-%D9%85%D9%86%D8%B5%D8%A9-youcan,5.0,13,يوم,13,0,$10.00,يوم واحد,13,4,80.0,.Karim E,https://khamsat.com/user/kareemaljanaini,True,بائع نشيط,5.0,16,88.89%,4,14,12 ساعة
برمجة وتطوير,https://khamsat.com/programming,يوكان,https://khamsat.com/programming/youcan-development,انشاء متجر احترافي على يوكان بتصميم جذاب,https://khamsat.com/programming/youcan-development/2460902-%D8%A7%D9%86%D8%B4%D8%A7%D8%A1-%D9%85%D8%AA%D8%AC%D8%B1-%D8%A7%D8%AD%D8%AA%D8%B1%D8%A7%D9%81%D9%8A-%D8%B9%D9%84%D9%89-%D9%8A%D9%88%D9%83%D8%A7%D9%86-%D8%A8%D8%AA%D8%B5%D9%85%D9%8A%D9%85-%D8%AC%D8%B0%D8%A7%D8%A8,4.5,12,5 ساعات,16,0,$25.00,يومين,12,3,45.0,ايمن ر.,https://khamsat.com/user/aymen_reb,True,بائع نشيط,4.5,18,89.29%,5,21,3 ساعات
برمجة وتطوير,https://khamsat.com/programming,يوكان,https://khamsat.com/programming/youcan-development,بناء متجر احترافي على منصة YouCan بخاصية الدفع عند الاستلام,https://khamsat.com/programming/youcan-development/2054465-%D8%A8%D9%86%D8%A7%D8%A1-%D9%85%D8%AA%D8%AC%D8%B1-%D8%A7%D8%AD%D8%AA%D8%B1%D8%A7%D9%81%D9%8A-%D8%B9%D9%84%D9%89-%D9%85%D9%86%D8%B5%D8%A9-youcan-%D8%A8%D8%AE%D8%A7%D8%B5%D9%8A%D8%A9-%D8%A7%D9%84%D8%AF%D9%81%D8%B9-%D8%B9%D9%86%D8%AF-%D8%A7%D9%84%D8%A7%D8%B3%D8%AA%D9%84%D8%A7%D9%85,5.0,5,7 ساعات,11,0,$10.00,يومين,5,3,90.0,ديمة ا.,https://khamsat.com/user/rachid-yagou,True,بائع مميز,5.0,60,79.08%,5,93,8 ساعات
برمجة وتطوير,https://khamsat.com/programming,يوكان,https://khamsat.com/programming/youcan-development,تصميم شريط متحرك بالكامل لمتجرك YOUCAN,https://khamsat.com/programming/youcan-development/2571914-%D8%AA%D8%B5%D9%85%D9%8A%D9%85-%D8%B4%D8%B1%D9%8A%D8%B7-%D9%85%D8%AA%D8%AD%D8%B1%D9%83-%D8%A8%D8%A7%D9%84%D9%83%D8%A7%D9%85%D9%84-%D9%84%D9%85%D8%AA%D8%AC%D8%B1%D9%83-youcan,5.0,1,دقيقة,1,0,$5.00,يوم واحد,1,0,0.0,.Abdelmajid S,https://khamsat.com/user/metalmag,True,بائع جديد,3.5,7,60.0%,3,6,ساعتين
برمجة وتطوير,https://khamsat.com/programming,يوكان,https://khamsat.com/programming/youcan-development,تصميم و إنشاء متجر احترافي على منصة يوكان,https://khamsat.com/programming/youcan-development/2646036-%D8%AA%D8%B5%D9%85%D9%8A%D9%85-%D9%88-%D8%A5%D9%86%D8%B4%D8%A7%D8%A1-%D9%85%D8%AA%D8%AC%D8%B1-%D8%A7%D8%AD%D8%AA%D8%B1%D8%A7%D9%81%D9%8A-%D8%B9%D9%84%D9%89-%D9%85%D9%86%D8%B5%D8%A9-%D9%8A%D9%88%D9%83%D8%A7%D9%86,5.0,1,15 ساعة,1,0,$10.00,ثلاثة أيام,1,4,55.0,إكرام ا.,https://khamsat.com/user/ikra_m1,True,بائع جديد,5.0,1,100.0%,3,1,15 ساعة
برمجة وتطوير,https://khamsat.com/programming,يوكان,https://khamsat.com/programming/youcan-development,انشاء متجر الكتروني احترافي على منصة يوكان,https://khamsat.com/programming/youcan-development/2633033-%D8%A7%D9%86%D8%B4%D8%A7%D8%A1-%D9%85%D8%AA%D8%AC%D8%B1-%D8%A7%D9%84%D9%83%D8%AA%D8%B1%D9%88%D9%86%D9%8A-%D8%A7%D8%AD%D8%AA%D8%B1%D8%A7%D9%81%D9%8A-%D8%B9%D9%84%D9%89-%D9%85%D9%86%D8%B5%D8%A9-%D9%8A%D9%88%D9%83%D8%A7%D9%86,0.0,0,5 ساعات,1,0,$10.00,يومين,0,0,0.0,ضياء الدين ش.,https://khamsat.com/user/dhiaa_eddine,True,بائع جديد,0.0,0,33.33%,5,1,ساعتين
برمجة وتطوير,https://khamsat.com/programming,يوكان,https://khamsat.com/programming/youcan-development,سانشئ لك متجر الكتروني احترافي على منصة يوكان,https://khamsat.com/programming/youcan-development/1774993-%D8%B3%D8%A7%D9%86%D8%B4%D8%A6-%D9%84%D9%83-%D9%85%D8%AA%D8%AC%D8%B1-%D8%A7%D9%84%D9%83%D8%AA%D8%B1%D9%88%D9%86%D9%8A-%D8%A7%D8%AD%D8%AA%D8%B1%D8%A7%D9%81%D9%8A-%D8%B9%D9%84%D9%89-%D9%85%D9%86%D8%B5%D8%A9-%D9%8A%D9%88%D9%83%D8%A7%D9%86,5.0,1,5 ساعات,3,0,$5.00,يومين,1,5,65.0,.Atman E,https://khamsat.com/user/atman-hassnaoui,True,بائع جديد,5.0,2,80.0%,4,7,10 ساعات
برمجة وتطوير,https://khamsat.com/programming,يوكان,https://khamsat.com/programming/youcan-development,تصميم صفحة هبوط - Landing Page YOUCAN,https://khamsat.com/programming/youcan-development/2467426-%D8%AA%D8%B5%D9%85%D9%8A%D9%85-%D8%B5%D9%81%D8%AD%D8%A9-%D9%87%D8%A8%D9%88%D8%B7-landing-page-youcan,3.5,6,5 ساعات,5,0,$10.00,يوم واحد,6,0,0.0,.Abdelmajid S,https://khamsat.com/user/metalmag,True,بائع جديد,3.5,7,60.0%,3,6,ساعتين
برمجة وتطوير,https://khamsat.com/programming,يوكان,https://khamsat.com/programming/youcan-development,انشاء وتصميم متجر إلكتروني احترافي على منصة YouCan,https://khamsat.com/programming/youcan-development/3044423-%D8%A7%D9%86%D8%B4%D8%A7%D8%A1-%D9%88%D8%AA%D8%B5%D9%85%D9%8A%D9%85-%D9%85%D8%AA%D8%AC%D8%B1-%D8%A5%D9%84%D9%83%D8%AA%D8%B1%D9%88%D9%86%D9%8A-%D8%A7%D8%AD%D8%AA%D8%B1%D8%A7%D9%81%D9%8A-%D8%B9%D9%84%D9%89-%D9%85%D9%86%D8%B5%D8%A9-youcan,0.0,0,لم يحسب,0,0,$10.00,يوم واحد,0,5,85.0,عبدالله ش.,https://khamsat.com/user/abdouht,True,بائع جديد,0.0,0,لم يحسب بعد,4,0,لم يحسب
برمجة وتطوير,https://khamsat.com/programming,يوكان,https://khamsat.com/programming/youcan-development,إنشاء متجر إلكتروني احترافي على YouCan Store,https://khamsat.com/programming/youcan-development/3043814-%D8%A5%D9%86%D8%B4%D8%A7%D8%A1-%D9%85%D8%AA%D8%AC%D8%B1-%D8%A5%D9%84%D9%83%D8%AA%D8%B1%D9%88%D9%86%D9%8A-%D8%A7%D8%AD%D8%AA%D8%B1%D8%A7%D9%81%D9%8A-%D8%B9%D9%84%D9%89-youcan-store,0.0,0,لم يحسب,0,0,$10.00,يومين,0,0,0.0,.Nourhane B,https://khamsat.com/user/nourhanebndj,True,بائع جديد,0.0,0,لم يحسب بعد,4,0,لم يحسب
برمجة وتطوير,https://khamsat.com/programming,يوكان,https://khamsat.com/programming/youcan-development,انشاء متجر احترافي على منصة يوكان,https://khamsat.com/programming/youcan-development/2751902-%D8%A7%D9%86%D8%B4%D8%A7%D8%A1-%D9%85%D8%AA%D8%AC%D8%B1-%D8%A7%D8%AD%D8%AA%D8%B1%D8%A7%D9%81%D9%8A-%D8%B9%D9%84%D9%89-%D9%85%D9%86%D8%B5%D8%A9-%D9%8A%D9%88%D9%83%D8%A7%D9%86,5.0,1,ساعتين,1,0,$5.00,يوم واحد,1,4,30.0,محمد ا.,https://khamsat.com/user/makkaoui,True,بائع جديد,5.0,1,50.0%,3,1,ساعتين
برمجة وتطوير,https://khamsat.com/programming,يوكان,https://khamsat.com/programming/youcan-development,إنشاء متجر إلكتروني احترافي باستخدام يوكان,https://khamsat.com/programming/youcan-development/3051731-%D8%A5%D9%86%D8%B4%D8%A7%D8%A1-%D9%85%D8%AA%D8%AC%D8%B1-%D8%A5%D9%84%D9%83%D8%AA%D8%B1%D9%88%D9%86%D9%8A-%D8%A7%D8%AD%D8%AA%D8%B1%D8%A7%D9%81%D9%8A-%D8%A8%D8%A7%D8%B3%D8%AA%D8%AE%D8%AF%D8%A7%D9%85-%D9%8A%D9%88%D9%83%D8%A7%D9%86,0.0,0,لم يحسب,0,0,$10.00,ثلاثة أيام,0,3,35.0,.Abdelhadi D,https://khamsat.com/user/douchi2002,True,بائع جديد,0.0,0,لم يحسب بعد,1,0,لم يحسب
برمجة وتطوير,https://khamsat.com/programming,يوكان,https://khamsat.com/programming/youcan-development,إنشاء متجر احترافي على YouCan بخاصية الدفع عند الاستلام,https://khamsat.com/programming/youcan-development/2995821-%D8%A5%D9%86%D8%B4%D8%A7%D8%A1-%D9%85%D8%AA%D8%AC%D8%B1-%D8%A7%D8%AD%D8%AA%D8%B1%D8%A7%D9%81%D9%8A-%D8%B9%D9%84%D9%89-youcan-%D8%A8%D8%AE%D8%A7%D8%B5%D9%8A%D8%A9-%D8%A7%D9%84%D8%AF%D9%81%D8%B9-%D8%B9%D9%86%D8%AF-%D8%A7%D9%84%D8%A7%D8%B3%D8%AA%D9%84%D8%A7%D9%85,0.0,0,لم يحسب,0,0,$10.00,يومين,0,1,5.0,.Lahcene S,https://khamsat.com/user/hasni-sah,True,بائع جديد,0.0,0,لم يحسب بعد,1,0,لم يحسب
برمجة وتطوير,https://khamsat.com/programming,يوكان,https://khamsat.com/programming/youcan-development,تصميم متجر احترافي على منصة YouCan كامل,https://khamsat.com/programming/youcan-development/2908900-%D8%AA%D8%B5%D9%85%D9%8A%D9%85-%D9%85%D8%AA%D8%AC%D8%B1-%D8%A7%D8%AD%D8%AA%D8%B1%D8%A7%D9%81%D9%8A-%D8%B9%D9%84%D9%89-%D9%85%D9%86%D8%B5%D8%A9-youcan-%D9%83%D8%A7%D9%85%D9%84,0.0,0,لم يحسب,0,0,$10.00,يوم واحد,0,1,5.0,عبدالله ا.,https://khamsat.com/user/%D8%B9%D8%A8%D8%AF%D8%A7%D9%84%D9%84%D9%87-%D8%A7%D9%84%D8%B9%D9%88%D8%A7%D8%AF,True,مشتري مميز,5.0,16,92.59%,5,19,4 ساعات
برمجة وتطوير,https://khamsat.com/programming,يوكان,https://khamsat.com/programming/youcan-development,متجر إلكتروني احترافي عبر Yocanshop: تصميم مخصص وسهل الإدارة,https://khamsat.com/programming/youcan-development/3030633-%D9%85%D8%AA%D8%AC%D8%B1-%D8%A5%D9%84%D9%83%D8%AA%D8%B1%D9%88%D9%86%D9%8A-%D8%A7%D8%AD%D8%AA%D8%B1%D8%A7%D9%81%D9%8A-%D8%B9%D8%A8%D8%B1-yocanshop-%D8%AA%D8%B5%D9%85%D9%8A%D9%85-%D9%85%D8%AE%D8%B5%D8%B5-%D9%88%D8%B3%D9%87%D9%84-%D8%A7%D9%84%D8%A5%D8%AF%D8%A7%D8%B1%D8%A9,0.0,0,لم يحسب,0,0,$10.00,يومين,0,5,50.0,.Ahmed H,https://khamsat.com/user/hsaini00,False,بائع جديد,0.0,0,لم يحسب بعد,1,0,لم يحسب
برمجة وتطوير,https://khamsat.com/programming,يوكان,https://khamsat.com/programming/youcan-development,قالب إحترافي على منصة يوكان,https://khamsat.com/programming/youcan-development/2906960-%D9%82%D8%A7%D9%84%D8%A8-%D8%A5%D8%AD%D8%AA%D8%B1%D8%A7%D9%81%D9%8A-%D8%B9%D9%84%D9%89-%D9%85%D9%86%D8%B5%D8%A9-%D9%8A%D9%88%D9%83%D8%A7%D9%86,0.0,0,لم يحسب,0,0,$10.00,يوم واحد,0,0,0.0,.Brahim B,https://khamsat.com/user/ceurva,True,بائع جديد,0.0,0,لم يحسب بعد,1,0,لم يحسب
برمجة وتطوير,https://khamsat.com/programming,يوكان,https://khamsat.com/programming/youcan-development,إنشاء متجر إلكتروني على منصة youcan.shop,https://khamsat.com/programming/youcan-development/2497298-%D8%A5%D9%86%D8%B4%D8%A7%D8%A1-%D9%85%D8%AA%D8%AC%D8%B1-%D8%A5%D9%84%D9%83%D8%AA%D8%B1%D9%88%D9%86%D9%8A-%D8%B9%D9%84%D9%89-%D9%85%D9%86%D8%B5%D8%A9-youcan.shop,0.0,0,4 ساعات,0,0,$10.00,ثلاثة أيام,0,3,15.0,.Hamid B,https://khamsat.com/user/bensarghin,False,بائع جديد,0.0,0,لم يحسب بعد,5,0,ساعتين
برمجة وتطوير,https://khamsat.com/programming,يوكان,https://khamsat.com/programming/youcan-development,تصميم متجر للتجارة الالكترونية على منصة يوكان,https://khamsat.com/programming/youcan-development/2962882-%D8%AA%D8%B5%D9%85%D9%8A%D9%85-%D9%85%D8%AA%D8%AC%D8%B1-%D9%84%D9%84%D8%AA%D8%AC%D8%A7%D8%B1%D8%A9-%D8%A7%D9%84%D8%A7%D9%84%D9%83%D8%AA%D8%B1%D9%88%D9%86%D9%8A%D8%A9-%D8%B9%D9%84%D9%89-%D9%85%D9%86%D8%B5%D8%A9-%D9%8A%D9%88%D9%83%D8%A7%D9%86,0.0,0,لم يحسب,0,0,$10.00,يومين,0,4,80.0,خير الدين خ.,https://khamsat.com/user/khareddine,True,بائع جديد,0.0,0,لم يحسب بعد,2,0,لم يحسب
برمجة وتطوير,https://khamsat.com/programming,يوكان,https://khamsat.com/programming/youcan-development,بناء وتطوير متجر مميز على منصة يوكان,https://khamsat.com/programming/youcan-development/2941705-%D8%A8%D9%86%D8%A7%D8%A1-%D9%88%D8%AA%D8%B7%D9%88%D9%8A%D8%B1-%D9%85%D8%AA%D8%AC%D8%B1-%D9%85%D9%85%D9%8A%D8%B2-%D8%B9%D9%84%D9%89-%D9%85%D9%86%D8%B5%D8%A9-%D9%8A%D9%88%D9%83%D8%A7%D9%86,0.0,0,لم يحسب,0,0,$5.00,يوم واحد,0,3,45.0,.Issmail L,https://khamsat.com/user/ismailhmmm,False,بائع جديد,0.0,0,لم يحسب بعد,2,0,لم يحسب
برمجة وتطوير,https://khamsat.com/programming,يوكان,https://khamsat.com/programming/youcan-development,تصميم وإنشاء صفحة هبوط احترافية على منصة Landing Page YouCan,https://khamsat.com/programming/youcan-development/2622859-%D8%AA%D8%B5%D9%85%D9%8A%D9%85-%D9%88%D8%A5%D9%86%D8%B4%D8%A7%D8%A1-%D8%B5%D9%81%D8%AD%D8%A9-%D9%87%D8%A8%D9%88%D8%B7-%D8%A7%D8%AD%D8%AA%D8%B1%D8%A7%D9%81%D9%8A%D8%A9-%D8%B9%D9%84%D9%89-%D9%85%D9%86%D8%B5%D8%A9-landing-page-youcan,4.5,6,5 ساعات,5,0,$15.00,يوم واحد,6,5,220.0,ايمن ر.,https://khamsat.com/user/aymen_reb,True,بائع نشيط,4.5,18,89.29%,5,21,3 ساعات
برمجة وتطوير,https://khamsat.com/programming,يوكان,https://khamsat.com/programming/youcan-development,تصميم متجر الكتروني على منصة يوكان YouCan,https://khamsat.com/programming/youcan-development/2330399-%D8%AA%D8%B5%D9%85%D9%8A%D9%85-%D9%85%D8%AA%D8%AC%D8%B1-%D8%A7%D9%84%D9%83%D8%AA%D8%B1%D9%88%D9%86%D9%8A-%D8%B9%D9%84%D9%89-%D9%85%D9%86%D8%B5%D8%A9-%D9%8A%D9%88%D9%83%D8%A7%D9%86-youcan,5.0,2,ساعة,2,0,$5.00,يومين,2,2,25.0,محمد ا.,https://khamsat.com/user/marco23,True,بائع جديد,5.0,2,40.0%,4,2,7 ساعات
برمجة وتطوير,https://khamsat.com/programming,يوكان,https://khamsat.com/programming/youcan-development,إنشاء متجر احترافي تصميم عصري وجذاب يناسب ذوقك,https://khamsat.com/programming/youcan-development/3011326-%D8%A5%D9%86%D8%B4%D8%A7%D8%A1-%D9%85%D8%AA%D8%AC%D8%B1-%D8%A7%D8%AD%D8%AA%D8%B1%D8%A7%D9%81%D9%8A-%D8%AA%D8%B5%D9%85%D9%8A%D9%85-%D8%B9%D8%B5%D8%B1%D9%8A-%D9%88%D8%AC%D8%B0%D8%A7%D8%A8-%D9%8A%D9%86%D8%A7%D8%B3%D8%A8-%D8%B0%D9%88%D9%82%D9%83,0.0,0,لم يحسب,0,0,$10.00,يوم واحد,0,5,40.0,.Jaouad L,https://khamsat.com/user/lagjioui2004,True,مشتري جديد,0.0,0,لم يحسب بعد,2,0,لم يحسب
برمجة وتطوير,https://khamsat.com/programming,يوكان,https://khamsat.com/programming/youcan-development,انشاء وتصميم متجر احترافي على منصة يوكان YouCan و شوبفاي,https://khamsat.com/programming/youcan-development/2930569-%D8%A7%D9%86%D8%B4%D8%A7%D8%A1-%D9%88%D8%AA%D8%B5%D9%85%D9%8A%D9%85-%D9%85%D8%AA%D8%AC%D8%B1-%D8%A7%D8%AD%D8%AA%D8%B1%D8%A7%D9%81%D9%8A-%D8%B9%D9%84%D9%89-%D9%85%D9%86%D8%B5%D8%A9-%D9%8A%D9%88%D9%83%D8%A7%D9%86-youcan-%D9%88-%D8%B4%D9%88%D8%A8%D9%81%D8%A7%D9%8A,0.0,0,لم يحسب,0,0,$10.00,يومين,0,5,45.0,سفيان و.,https://khamsat.com/user/soufianouassif,False,بائع جديد,0.0,0,لم يحسب بعد,2,0,لم يحسب
برمجة وتطوير,https://khamsat.com/programming,يوكان,https://khamsat.com/programming/youcan-development,سأقوم بإنشاء متجر إلكتروني احترافي على منصة YouCan,https://khamsat.com/programming/youcan-development/3012652-%D8%B3%D8%A3%D9%82%D9%88%D9%85-%D8%A8%D8%A5%D9%86%D8%B4%D8%A7%D8%A1-%D9%85%D8%AA%D8%AC%D8%B1-%D8%A5%D9%84%D9%83%D8%AA%D8%B1%D9%88%D9%86%D9%8A-%D8%A7%D8%AD%D8%AA%D8%B1%D8%A7%D9%81%D9%8A-%D8%B9%D9%84%D9%89-%D9%85%D9%86%D8%B5%D8%A9-youcan,0.0,0,لم يحسب,0,0,$10.00,ثلاثة أيام,0,2,10.0,اشرف ب.,https://khamsat.com/user/achraf0102,True,بائع جديد,0.0,0,لم يحسب بعد,1,0,7 دقائق
برمجة وتطوير,https://khamsat.com/programming,يوكان,https://khamsat.com/programming/youcan-development,تصميم متجرYouCan بحترافية و سرعة,https://khamsat.com/programming/youcan-development/1567837-%D8%AA%D8%B5%D9%85%D9%8A%D9%85-%D9%85%D8%AA%D8%AC%D8%B1youcan-%D8%A8%D8%AD%D8%AA%D8%B1%D8%A7%D9%81%D9%8A%D8%A9-%D9%88-%D8%B3%D8%B1%D8%B9%D8%A9,5.0,12,23 يوم,14,0,$5.00,يومين,12,5,75.0,يونس ا.,https://khamsat.com/user/ykhamasat,True,بائع نشيط,5.0,12,78.26%,4,14,9 أيام
برمجة وتطوير,https://khamsat.com/programming,يوكان,https://khamsat.com/programming/youcan-development,بناء متجر احترافي على منصة YouCan بخاصية الدفع عند الاستلام,https://khamsat.com/programming/youcan-development/2537757-%D8%A8%D9%86%D8%A7%D8%A1-%D9%85%D8%AA%D8%AC%D8%B1-%D8%A7%D8%AD%D8%AA%D8%B1%D8%A7%D9%81%D9%8A-%D8%B9%D9%84%D9%89-%D9%85%D9%86%D8%B5%D8%A9-youcan-%D8%A8%D8%AE%D8%A7%D8%B5%D9%8A%D8%A9-%D8%A7%D9%84%D8%AF%D9%81%D8%B9-%D8%B9%D9%86%D8%AF-%D8%A7%D9%84%D8%A7%D8%B3%D8%AA%D9%84%D8%A7%D9%85,0.0,0,27 دقيقة,0,0,$10.00,يوم واحد,0,0,0.0,.Mohammed Amine J,https://khamsat.com/user/amine_jalti,True,بائع جديد,5.0,7,100.0%,4,7,14 دقيقة
برمجة وتطوير,https://khamsat.com/programming,يوكان,https://khamsat.com/programming/youcan-development,انشاء وتصميم متجر احترافي على منصة يوكان Youcan,https://khamsat.com/programming/youcan-development/3031688-%D8%A7%D9%86%D8%B4%D8%A7%D8%A1-%D9%88%D8%AA%D8%B5%D9%85%D9%8A%D9%85-%D9%85%D8%AA%D8%AC%D8%B1-%D8%A7%D8%AD%D8%AA%D8%B1%D8%A7%D9%81%D9%8A-%D8%B9%D9%84%D9%89-%D9%85%D9%86%D8%B5%D8%A9-%D9%8A%D9%88%D9%83%D8%A7%D9%86-youcan,0.0,0,لم يحسب,0,0,$5.00,يوم واحد,0,3,15.0,زيدان خ.,https://khamsat.com/user/zaidanekh,True,بائع جديد,5.0,1,100.0%,5,1,3 ساعات
برمجة وتطوير,https://khamsat.com/programming,يوكان,https://khamsat.com/programming/youcan-development,قالب منصة youcan احترافي وبتصميم أنيق,https://khamsat.com/programming/youcan-development/3015908-%D9%82%D8%A7%D9%84%D8%A8-%D9%85%D9%86%D8%B5%D8%A9-youcan-%D8%A7%D8%AD%D8%AA%D8%B1%D8%A7%D9%81%D9%8A-%D9%88%D8%A8%D8%AA%D8%B5%D9%85%D9%8A%D9%85-%D8%A3%D9%86%D9%8A%D9%82,0.0,0,لم يحسب,0,0,$10.00,يوم واحد,0,4,20.0,محمد ا.,https://khamsat.com/user/%D9%85%D8%AD%D9%85%D8%AF-%D8%A7%D9%84%D8%AE%D9%84%D8%B7%D9%8A,True,بائع نشيط,5.0,12,89.47%,2,16,5 ساعات
برمجة وتطوير,https://khamsat.com/programming,أخرى,https://khamsat.com/programming/ecommerce-development-services,برمجة كامل لموقع الاستضافة whmcs,https://khamsat.com/programming/ecommerce-development-services/1694415-%D8%A8%D8%B1%D9%85%D8%AC%D8%A9-%D9%83%D8%A7%D9%85%D9%84-%D9%84%D9%85%D9%88%D9%82%D8%B9-%D8%A7%D9%84%D8%A7%D8%B3%D8%AA%D8%B6%D8%A7%D9%81%D8%A9-whmcs,5.0,9,3 ساعات,13,0,$5.00,أسبوع,9,3,160.0,نورالدين ا.,https://khamsat.com/user/nooraldin_abaker,True,بائع مميز,4.5,19,80.56%,2,23,ساعتين
برمجة وتطوير,https://khamsat.com/programming,أخرى,https://khamsat.com/programming/ecommerce-development-services,انشاء متجر تعليمي احترافي على منصة Teachable,https://khamsat.com/programming/ecommerce-development-services/2101212-%D8%A7%D9%86%D8%B4%D8%A7%D8%A1-%D9%85%D8%AA%D8%AC%D8%B1-%D8%AA%D8%B9%D9%84%D9%8A%D9%85%D9%8A-%D8%A7%D8%AD%D8%AA%D8%B1%D8%A7%D9%81%D9%8A-%D8%B9%D9%84%D9%89-%D9%85%D9%86%D8%B5%D8%A9-teachable,5.0,5,50 دقيقة,6,0,$10.00,يوم واحد,5,4,165.0,.Ahmed M,https://khamsat.com/user/ahmedmaroof,True,بائع جديد,5.0,5,77.78%,2,6,50 دقيقة
برمجة وتطوير,https://khamsat.com/programming,أخرى,https://khamsat.com/programming/ecommerce-development-services,تركيب قالب kalles أحدث أصدار,https://khamsat.com/programming/ecommerce-development-services/2395258-%D8%AA%D8%B1%D9%83%D9%8A%D8%A8-%D9%82%D8%A7%D9%84%D8%A8-kalles-%D8%A3%D8%AD%D8%AF%D8%AB-%D8%A3%D8%B5%D8%AF%D8%A7%D8%B1,5.0,5,ساعة,6,0,$15.00,يوم واحد,5,1,40.0,جمعة ه.,https://khamsat.com/user/cumahashm,True,بائع مميز,4.5,42,92.98%,4,38,28 دقيقة
برمجة وتطوير,https://khamsat.com/programming,أخرى,https://khamsat.com/programming/ecommerce-development-services,متجر إلكتروني مبرمج خصيصا لك برمجة خاصة بدون منصات جاهزة,https://khamsat.com/programming/ecommerce-development-services/3011020-%D9%85%D8%AA%D8%AC%D8%B1-%D8%A5%D9%84%D9%83%D8%AA%D8%B1%D9%88%D9%86%D9%8A-%D9%85%D8%A8%D8%B1%D9%85%D8%AC-%D8%AE%D8%B5%D9%8A%D8%B5%D8%A7-%D9%84%D9%83-%D8%A8%D8%B1%D9%85%D8%AC%D8%A9-%D8%AE%D8%A7%D8%B5%D8%A9-%D8%A8%D8%AF%D9%88%D9%86-%D9%85%D9%86%D8%B5%D8%A7%D8%AA-%D8%AC%D8%A7%D9%87%D8%B2%D8%A9,5.0,2,35 دقيقة,2,0,$50.00,يوم واحد,2,3,500.0,.Omar E,https://khamsat.com/user/omar_essameldien,True,بائع مميز,5.0,43,88.26%,1,58,42 دقيقة
برمجة وتطوير,https://khamsat.com/programming,أخرى,https://khamsat.com/programming/ecommerce-development-services,"برمجة صفحات متاجر و ويب بلغات php , html ,asp",https://khamsat.com/programming/ecommerce-development-services/2131758-%D8%A8%D8%B1%D9%85%D8%AC%D8%A9-%D8%B5%D9%81%D8%AD%D8%A7%D8%AA-%D9%85%D8%AA%D8%A7%D8%AC%D8%B1-%D9%88-%D9%88%D9%8A%D8%A8-%D8%A8%D9%84%D8%BA%D8%A7%D8%AA-php-html-asp,5.0,10,ساعة,17,0,$5.00,يوم واحد,10,5,90.0,حسام ح.,https://khamsat.com/user/h_sm,True,بائع نشيط,5.0,13,72.5%,3,22,54 دقيقة
برمجة وتطوير,https://khamsat.com/programming,أخرى,https://khamsat.com/programming/ecommerce-development-services,انشاء متجر بيع قمصان T shirt على منصة مشابهة لميرتش باي امازون,https://khamsat.com/programming/ecommerce-development-services/1341015-%D8%A7%D9%86%D8%B4%D8%A7%D8%A1-%D9%85%D8%AA%D8%AC%D8%B1-%D8%A8%D9%8A%D8%B9-%D9%82%D9%85%D8%B5%D8%A7%D9%86-t-shirt-%D8%B9%D9%84%D9%89-%D9%85%D9%86%D8%B5%D8%A9-%D9%85%D8%B4%D8%A7%D8%A8%D9%87%D8%A9-%D9%84%D9%85%D9%8A%D8%B1%D8%AA%D8%B4-%D8%A8%D8%A7%D9%8A-%D8%A7%D9%85%D8%A7%D8%B2%D9%88%D9%86,5.0,19,3 ساعات,28,0,$50.00,يومين,19,0,0.0,.Mahmmod S,https://khamsat.com/user/%D9%85%D8%AD%D9%85%D9%88%D8%AF-%D8%B4%D9%87%D8%A7%D8%A8,True,بائع مميز,5.0,192,98.14%,2,355,5 ساعات
برمجة وتطوير,https://khamsat.com/programming,أخرى,https://khamsat.com/programming/ecommerce-development-services,تطوير وتصميم متجر الكتروني,https://khamsat.com/programming/ecommerce-development-services/2125701-%D8%AA%D8%B7%D9%88%D9%8A%D8%B1-%D9%88%D8%AA%D8%B5%D9%85%D9%8A%D9%85-%D9%85%D8%AA%D8%AC%D8%B1-%D8%A7%D9%84%D9%83%D8%AA%D8%B1%D9%88%D9%86%D9%8A,4.5,4,3 ساعات,4,0,$10.00,أسبوعين,4,1,100.0,محمد أ.,https://khamsat.com/user/moshabab_21,True,بائع مميز,5.0,27,86.67%,7,23,6 ساعات
برمجة وتطوير,https://khamsat.com/programming,أخرى,https://khamsat.com/programming/ecommerce-development-services,متجر الكترونى لعرض المنتجات وشرائها,https://khamsat.com/programming/ecommerce-development-services/2777588-%D9%85%D8%AA%D8%AC%D8%B1-%D8%A7%D9%84%D9%83%D8%AA%D8%B1%D9%88%D9%86%D9%89-%D9%84%D8%B9%D8%B1%D8%B6-%D8%A7%D9%84%D9%85%D9%86%D8%AA%D8%AC%D8%A7%D8%AA-%D9%88%D8%B4%D8%B1%D8%A7%D8%A6%D9%87%D8%A7,5.0,2,35 دقيقة,2,0,$10.00,يومين,2,0,0.0,هاجر ع.,https://khamsat.com/user/hager_adel499,True,بائع نشيط,5.0,6,100.0%,7,3,32 دقيقة
برمجة وتطوير,https://khamsat.com/programming,أخرى,https://khamsat.com/programming/ecommerce-development-services,ربط متجرك سلة مع كونسول وأنالتكس وميرشنت,https://khamsat.com/programming/ecommerce-development-services/2651283-%D8%B1%D8%A8%D8%B7-%D9%85%D8%AA%D8%AC%D8%B1%D9%83-%D8%B3%D9%84%D8%A9-%D9%85%D8%B9-%D9%83%D9%88%D9%86%D8%B3%D9%88%D9%84-%D9%88%D8%A3%D9%86%D8%A7%D9%84%D8%AA%D9%83%D8%B3-%D9%88%D9%85%D9%8A%D8%B1%D8%B4%D9%86%D8%AA,5.0,4,ساعة,7,0,$20.00,ثلاثة أيام,4,2,30.0,.Otmane L,https://khamsat.com/user/otmanec100,True,مشتري مميز,5.0,8,63.16%,6,10,44 دقيقة
برمجة وتطوير,https://khamsat.com/programming,أخرى,https://khamsat.com/programming/ecommerce-development-services,تصميم متجر الكتروني IPTV إحترافي وأنيق لبيع باقات IPTV,https://khamsat.com/programming/ecommerce-development-services/2452999-%D8%AA%D8%B5%D9%85%D9%8A%D9%85-%D9%85%D8%AA%D8%AC%D8%B1-%D8%A7%D9%84%D9%83%D8%AA%D8%B1%D9%88%D9%86%D9%8A-iptv-%D8%A5%D8%AD%D8%AA%D8%B1%D8%A7%D9%81%D9%8A-%D9%88%D8%A3%D9%86%D9%8A%D9%82-%D9%84%D8%A8%D9%8A%D8%B9-%D8%A8%D8%A7%D9%82%D8%A7%D8%AA-iptv,4.5,9,يوم,9,0,$50.00,ثلاثة أيام,9,5,100.0,.Abdelhafid K,https://khamsat.com/user/%D8%B9%D8%A8%D8%AF-%D8%A7%D9%84%D8%AD%D9%81%D9%8A%D8%B8-%D8%AE%D8%A8%D9%8A%D8%B1,True,بائع مميز,4.5,49,79.52%,3,54,14 ساعة
برمجة وتطوير,https://khamsat.com/programming,أخرى,https://khamsat.com/programming/ecommerce-development-services,رفع إسكربت Laravel على الإستضافة,https://khamsat.com/programming/ecommerce-development-services/2076256-%D8%B1%D9%81%D8%B9-%D8%A5%D8%B3%D9%83%D8%B1%D8%A8%D8%AA-laravel-%D8%B9%D9%84%D9%89-%D8%A7%D9%84%D8%A5%D8%B3%D8%AA%D8%B6%D8%A7%D9%81%D8%A9,5.0,6,15 دقيقة,6,0,$10.00,يوم واحد,6,5,650.0,مؤيد ح.,https://khamsat.com/user/moayad_hassan58,True,بائع مميز,4.5,69,86.81%,8,55,8 ساعات
برمجة وتطوير,https://khamsat.com/programming,أخرى,https://khamsat.com/programming/ecommerce-development-services,إنشاء متجر إلكترونى على ووردبريس WordPress,https://khamsat.com/programming/ecommerce-development-services/2878802-%D8%A5%D9%86%D8%B4%D8%A7%D8%A1-%D9%85%D8%AA%D8%AC%D8%B1-%D8%A5%D9%84%D9%83%D8%AA%D8%B1%D9%88%D9%86%D9%89-%D8%B9%D9%84%D9%89-%D9%88%D9%88%D8%B1%D8%AF%D8%A8%D8%B1%D9%8A%D8%B3-wordpress,5.0,2,35 دقيقة,2,0,$10.00,خمسة أيام,2,1,5.0,.Manar A,https://khamsat.com/user/manar_abdelraheem,True,بائع جديد,5.0,4,100.0%,3,2,ساعة
برمجة وتطوير,https://khamsat.com/programming,أخرى,https://khamsat.com/programming/ecommerce-development-services,انشاء متجر ExpandCart مع اضافة منتجات رابحة و مميزه,https://khamsat.com/programming/ecommerce-development-services/2195050-%D8%A7%D9%86%D8%B4%D8%A7%D8%A1-%D9%85%D8%AA%D8%AC%D8%B1-expandcart-%D9%85%D8%B9-%D8%A7%D8%B6%D8%A7%D9%81%D8%A9-%D9%85%D9%86%D8%AA%D8%AC%D8%A7%D8%AA-%D8%B1%D8%A7%D8%A8%D8%AD%D8%A9-%D9%88-%D9%85%D9%85%D9%8A%D8%B2%D9%87,5.0,1,ساعة,1,0,$10.00,يومين,1,3,30.0,.Esmail A,https://khamsat.com/user/esmailalaasar20,True,بائع جديد,5.0,1,100.0%,5,1,يومين
برمجة وتطوير,https://khamsat.com/programming,أخرى,https://khamsat.com/programming/ecommerce-development-services,تطوير نظام صراف آلي باستخدام البرمجة الشيئية في بايثون.,https://khamsat.com/programming/ecommerce-development-services/2908711-%D8%AA%D8%B7%D9%88%D9%8A%D8%B1-%D9%86%D8%B8%D8%A7%D9%85-%D8%B5%D8%B1%D8%A7%D9%81-%D8%A2%D9%84%D9%8A-%D8%A8%D8%A7%D8%B3%D8%AA%D8%AE%D8%AF%D8%A7%D9%85-%D8%A7%D9%84%D8%A8%D8%B1%D9%85%D8%AC%D8%A9-%D8%A7%D9%84%D8%B4%D9%8A%D8%A6%D9%8A%D8%A9-%D9%81%D9%8A-%D8%A8%D8%A7%D9%8A%D8%AB%D9%88%D9%86,5.0,1,7 دقائق,1,0,$5.00,يومين,1,0,0.0,طارق ث.,https://khamsat.com/user/tarek191_123,True,بائع جديد,5.0,2,100.0%,5,2,22 دقيقة
برمجة وتطوير,https://khamsat.com/programming,أخرى,https://khamsat.com/programming/ecommerce-development-services,انشاء متجر الالكتروني احترافي,https://khamsat.com/programming/ecommerce-development-services/2160404-%D8%A7%D9%86%D8%B4%D8%A7%D8%A1-%D9%85%D8%AA%D8%AC%D8%B1-%D8%A7%D9%84%D8%A7%D9%84%D9%83%D8%AA%D8%B1%D9%88%D9%86%D9%8A-%D8%A7%D8%AD%D8%AA%D8%B1%D8%A7%D9%81%D9%8A,5.0,1,يوم,1,0,$10.00,يوم واحد,1,3,155.0,احمد ا.,https://khamsat.com/user/hantager,True,بائع جديد,5.0,2,66.67%,3,1,9 ساعات
برمجة وتطوير,https://khamsat.com/programming,أخرى,https://khamsat.com/programming/ecommerce-development-services,تصميم متجر الكتروني لعرض منتجات شركتك,https://khamsat.com/programming/ecommerce-development-services/2811310-%D8%AA%D8%B5%D9%85%D9%8A%D9%85-%D9%85%D8%AA%D8%AC%D8%B1-%D8%A7%D9%84%D9%83%D8%AA%D8%B1%D9%88%D9%86%D9%8A-%D9%84%D8%B9%D8%B1%D8%B6-%D9%85%D9%86%D8%AA%D8%AC%D8%A7%D8%AA-%D8%B4%D8%B1%D9%83%D8%AA%D9%83,5.0,3,32 دقيقة,3,0,$5.00,يوم واحد,3,2,15.0,الاء ع.,https://khamsat.com/user/alaa_awad899,True,بائع جديد,5.0,3,88.89%,1,3,32 دقيقة
برمجة وتطوير,https://khamsat.com/programming,أخرى,https://khamsat.com/programming/ecommerce-development-services,تصميم موقعك او متجرك على منصة ويكس Wix,https://khamsat.com/programming/ecommerce-development-services/2965979-%D8%AA%D8%B5%D9%85%D9%8A%D9%85-%D9%85%D9%88%D9%82%D8%B9%D9%83-%D8%A7%D9%88-%D9%85%D8%AA%D8%AC%D8%B1%D9%83-%D8%B9%D9%84%D9%89-%D9%85%D9%86%D8%B5%D8%A9-%D9%88%D9%8A%D9%83%D8%B3-wix,5.0,1,ساعتين,1,0,$5.00,أربعة أيام,1,3,40.0,شيرين ع.,https://khamsat.com/user/shirinabdelhamid,True,بائع جديد,5.0,1,50.0%,4,1,ساعة
برمجة وتطوير,https://khamsat.com/programming,أخرى,https://khamsat.com/programming/ecommerce-development-services,إنشاء موقع للتجارة الإلكترونية ecommerce,https://khamsat.com/programming/ecommerce-development-services/1518199-%D8%A5%D9%86%D8%B4%D8%A7%D8%A1-%D9%85%D9%88%D9%82%D8%B9-%D9%84%D9%84%D8%AA%D8%AC%D8%A7%D8%B1%D8%A9-%D8%A7%D9%84%D8%A5%D9%84%D9%83%D8%AA%D8%B1%D9%88%D9%86%D9%8A%D8%A9-ecommerce,5.0,2,ساعة,2,0,$5.00,يوم واحد,2,5,140.0,مصطفى أ.,https://khamsat.com/user/mostafa-hassan3,True,بائع جديد,5.0,2,100.0%,2,2,13 يوم
برمجة وتطوير,https://khamsat.com/programming,أخرى,https://khamsat.com/programming/ecommerce-development-services,تغيير الوان المتاجر والمواقع الالكترونيه,https://khamsat.com/programming/ecommerce-development-services/788865-%D8%AA%D8%BA%D9%8A%D9%8A%D8%B1-%D8%A7%D9%84%D9%88%D8%A7%D9%86-%D8%A7%D9%84%D9%85%D8%AA%D8%A7%D8%AC%D8%B1-%D9%88%D8%A7%D9%84%D9%85%D9%88%D8%A7%D9%82%D8%B9-%D8%A7%D9%84%D8%A7%D9%84%D9%83%D8%AA%D8%B1%D9%88%D9%86%D9%8A%D9%87,5.0,1,4 ساعات,2,0,$10.00,يوم واحد,1,0,0.0,احمد غ.,https://khamsat.com/user/ahmed-ghaly,True,بائع مميز,4.5,131,89.62%,6,139,ساعة
برمجة وتطوير,https://khamsat.com/programming,أخرى,https://khamsat.com/programming/ecommerce-development-services,تصميم متجر الكتروني احترافي متكامل,https://khamsat.com/programming/ecommerce-development-services/2012481-%D8%AA%D8%B5%D9%85%D9%8A%D9%85-%D9%85%D8%AA%D8%AC%D8%B1-%D8%A7%D9%84%D9%83%D8%AA%D8%B1%D9%88%D9%86%D9%8A-%D8%A7%D8%AD%D8%AA%D8%B1%D8%A7%D9%81%D9%8A-%D9%85%D8%AA%D9%83%D8%A7%D9%85%D9%84,5.0,5,أقل من دقيقة,5,0,$25.00,خمسة أيام,5,4,700.0,.Yosof B,https://khamsat.com/user/yosof_bayan,True,بائع مميز,5.0,74,96.13%,12,41,ساعة
برمجة وتطوير,https://khamsat.com/programming,أخرى,https://khamsat.com/programming/ecommerce-development-services,"انشاء وبرمجة صفحة ويب وتركيبها على متجر ""ebay""",https://khamsat.com/programming/ecommerce-development-services/786112-%D8%A7%D9%86%D8%B4%D8%A7%D8%A1-%D9%88%D8%A8%D8%B1%D9%85%D8%AC%D8%A9-%D8%B5%D9%81%D8%AD%D8%A9-%D9%88%D9%8A%D8%A8-%D9%88%D8%AA%D8%B1%D9%83%D9%8A%D8%A8%D9%87%D8%A7-%D8%B9%D9%84%D9%89-%D9%85%D8%AA%D8%AC%D8%B1-ebay,5.0,1,8 دقائق,1,0,$5.00,يومين,1,0,0.0,.Abdelrahman H,https://khamsat.com/user/%D8%B9%D8%A8%D8%AF%D8%A7%D9%84%D8%B1%D8%AD%D9%85%D9%86-%D8%B9%D8%A8%D8%AF%D8%A7%D9%84%D9%83%D8%B1%D9%8A%D9%85,True,بائع مميز,4.5,79,73.62%,8,71,7 ساعات
برمجة وتطوير,https://khamsat.com/programming,أخرى,https://khamsat.com/programming/ecommerce-development-services,"موقع بيع منتجات بأستخدام ال Html5,Css3 , Node.js ,Mongodb",https://khamsat.com/programming/ecommerce-development-services/2653969-%D9%85%D9%88%D9%82%D8%B9-%D8%A8%D9%8A%D8%B9-%D9%85%D9%86%D8%AA%D8%AC%D8%A7%D8%AA-%D8%A8%D8%A3%D8%B3%D8%AA%D8%AE%D8%AF%D8%A7%D9%85-%D8%A7%D9%84-html5css3-node.js-mongodb,5.0,1,لم يحسب,1,0,$10.00,يومين,1,3,250.0,.Hany M,https://khamsat.com/user/hanymahmoud17,True,بائع نشيط,5.0,5,80.0%,4,4,ساعة
برمجة وتطوير,https://khamsat.com/programming,أخرى,https://khamsat.com/programming/ecommerce-development-services,موقع للتجارة الالكترونية لبيع الملابس,https://khamsat.com/programming/ecommerce-development-services/2827618-%D9%85%D9%88%D9%82%D8%B9-%D9%84%D9%84%D8%AA%D8%AC%D8%A7%D8%B1%D8%A9-%D8%A7%D9%84%D8%A7%D9%84%D9%83%D8%AA%D8%B1%D9%88%D9%86%D9%8A%D8%A9-%D9%84%D8%A8%D9%8A%D8%B9-%D8%A7%D9%84%D9%85%D9%84%D8%A7%D8%A8%D8%B3,5.0,1,أقل من دقيقة,1,0,$10.00,ثلاثة أيام,1,2,30.0,دعاء م.,https://khamsat.com/user/doaamohamed_2000,True,بائع جديد,5.0,3,66.67%,5,2,29 دقيقة
برمجة وتطوير,https://khamsat.com/programming,أخرى,https://khamsat.com/programming/ecommerce-development-services,تصميم انظمة و استضافة المواقع على AWS,https://khamsat.com/programming/ecommerce-development-services/3048043-%D8%AA%D8%B5%D9%85%D9%8A%D9%85-%D8%A7%D9%86%D8%B8%D9%85%D8%A9-%D9%88-%D8%A7%D8%B3%D8%AA%D8%B6%D8%A7%D9%81%D8%A9-%D8%A7%D9%84%D9%85%D9%88%D8%A7%D9%82%D8%B9-%D8%B9%D9%84%D9%89-aws,0.0,0,لم يحسب,0,0,$5.00,يومين,0,0,0.0,.Mohamed H,https://khamsat.com/user/muhammed_hosni22,True,بائع جديد,0.0,0,لم يحسب بعد,1,0,لم يحسب
برمجة وتطوير,https://khamsat.com/programming,أخرى,https://khamsat.com/programming/ecommerce-development-services,تصميم وانشاء متجر الكتروني E-commerce,https://khamsat.com/programming/ecommerce-development-services/3049451-%D8%AA%D8%B5%D9%85%D9%8A%D9%85-%D9%88%D8%A7%D9%86%D8%B4%D8%A7%D8%A1-%D9%85%D8%AA%D8%AC%D8%B1-%D8%A7%D9%84%D9%83%D8%AA%D8%B1%D9%88%D9%86%D9%8A-e-commerce,0.0,0,لم يحسب,0,0,$10.00,يومين,0,4,35.0,.Mohamed S,https://khamsat.com/user/mohamed1932,False,بائع جديد,0.0,0,لم يحسب بعد,2,0,لم يحسب
برمجة وتطوير,https://khamsat.com/programming,أخرى,https://khamsat.com/programming/ecommerce-development-services,متجر الكتروني لبيع الملابس,https://khamsat.com/programming/ecommerce-development-services/2524018-%D9%85%D8%AA%D8%AC%D8%B1-%D8%A7%D9%84%D9%83%D8%AA%D8%B1%D9%88%D9%86%D9%8A-%D9%84%D8%A8%D9%8A%D8%B9-%D8%A7%D9%84%D9%85%D9%84%D8%A7%D8%A8%D8%B3,0.0,0,لم يحسب,0,0,$10.00,يوم واحد,0,0,0.0,.Marwa S,https://khamsat.com/user/marwa_saeed373,True,بائع جديد,0.0,0,لم يحسب بعد,3,0,31 دقيقة
برمجة وتطوير,https://khamsat.com/programming,أخرى,https://khamsat.com/programming/ecommerce-development-services,انشاء صفحة لشركتك واضافة 4 منتجات او خدمات على شركات السعودي,https://khamsat.com/programming/ecommerce-development-services/2105820-%D8%A7%D9%86%D8%B4%D8%A7%D8%A1-%D8%B5%D9%81%D8%AD%D8%A9-%D9%84%D8%B4%D8%B1%D9%83%D8%AA%D9%83-%D9%88%D8%A7%D8%B6%D8%A7%D9%81%D8%A9-4-%D9%85%D9%86%D8%AA%D8%AC%D8%A7%D8%AA-%D8%A7%D9%88-%D8%AE%D8%AF%D9%85%D8%A7%D8%AA-%D8%B9%D9%84%D9%89-%D8%B4%D8%B1%D9%83%D8%A7%D8%AA-%D8%A7%D9%84%D8%B3%D8%B9%D9%88%D8%AF%D9%8A,0.0,0,يوم,0,0,$5.00,يوم واحد,0,0,0.0,.Amr H,https://khamsat.com/user/amr-habib,False,مشتري جاد,0.0,0,لم يحسب بعد,4,0,يومين
برمجة وتطوير,https://khamsat.com/programming,أخرى,https://khamsat.com/programming/ecommerce-development-services,إنشاء متجر إلكتروني احترافي مع استراتيجيات تسعير وتصميم عروض,https://khamsat.com/programming/ecommerce-development-services/3032617-%D8%A5%D9%86%D8%B4%D8%A7%D8%A1-%D9%85%D8%AA%D8%AC%D8%B1-%D8%A5%D9%84%D9%83%D8%AA%D8%B1%D9%88%D9%86%D9%8A-%D8%A7%D8%AD%D8%AA%D8%B1%D8%A7%D9%81%D9%8A-%D9%85%D8%B9-%D8%A7%D8%B3%D8%AA%D8%B1%D8%A7%D8%AA%D9%8A%D8%AC%D9%8A%D8%A7%D8%AA-%D8%AA%D8%B3%D8%B9%D9%8A%D8%B1-%D9%88%D8%AA%D8%B5%D9%85%D9%8A%D9%85-%D8%B9%D8%B1%D9%88%D8%B6,0.0,0,لم يحسب,0,0,$10.00,ثلاثة أيام,0,3,25.0,.Mohamed E,https://khamsat.com/user/moeellithy,True,بائع جديد,0.0,0,لم يحسب بعد,1,0,لم يحسب
برمجة وتطوير,https://khamsat.com/programming,أخرى,https://khamsat.com/programming/ecommerce-development-services,تصميم متجر احترافي على منصة YouCan بخاصية الدفع عند الاستلام,https://khamsat.com/programming/ecommerce-development-services/2655122-%D8%AA%D8%B5%D9%85%D9%8A%D9%85-%D9%85%D8%AA%D8%AC%D8%B1-%D8%A7%D8%AD%D8%AA%D8%B1%D8%A7%D9%81%D9%8A-%D8%B9%D9%84%D9%89-%D9%85%D9%86%D8%B5%D8%A9-youcan-%D8%A8%D8%AE%D8%A7%D8%B5%D9%8A%D8%A9-%D8%A7%D9%84%D8%AF%D9%81%D8%B9-%D8%B9%D9%86%D8%AF-%D8%A7%D9%84%D8%A7%D8%B3%D8%AA%D9%84%D8%A7%D9%85,0.0,0,لم يحسب,0,0,$10.00,ثلاثة أيام,0,0,0.0,.Yag R,https://khamsat.com/user/rachyag,False,بائع جديد,0.0,0,لم يحسب بعد,1,0,لم يحسب
برمجة وتطوير,https://khamsat.com/programming,أخرى,https://khamsat.com/programming/ecommerce-development-services,عمل واجهة امامية لصفحة youtube باحتراف,https://khamsat.com/programming/ecommerce-development-services/3015259-%D8%B9%D9%85%D9%84-%D9%88%D8%A7%D8%AC%D9%87%D8%A9-%D8%A7%D9%85%D8%A7%D9%85%D9%8A%D8%A9-%D9%84%D8%B5%D9%81%D8%AD%D8%A9-youtube-%D8%A8%D8%A7%D8%AD%D8%AA%D8%B1%D8%A7%D9%81,0.0,0,لم يحسب,0,0,$5.00,يوم واحد,0,0,0.0,.Basem M,https://khamsat.com/user/basemmohamed186,False,مستخدم جديد,0.0,0,لم يحسب بعد,0,0,لم يحسب
برمجة وتطوير,https://khamsat.com/programming,إنشاء تطبيق ويب,https://khamsat.com/programming/web-application-development,تطوير منصة تعليمية متكاملة مع حلول مبتكرة للتعلم الإلكتروني,https://khamsat.com/programming/web-application-development/2977870-%D8%AA%D8%B7%D9%88%D9%8A%D8%B1-%D9%85%D9%86%D8%B5%D8%A9-%D8%AA%D8%B9%D9%84%D9%8A%D9%85%D9%8A%D8%A9-%D9%85%D8%AA%D9%83%D8%A7%D9%85%D9%84%D8%A9-%D9%85%D8%B9-%D8%AD%D9%84%D9%88%D9%84-%D9%85%D8%A8%D8%AA%D9%83%D8%B1%D8%A9-%D9%84%D9%84%D8%AA%D8%B9%D9%84%D9%85-%D8%A7%D9%84%D8%A5%D9%84%D9%83%D8%AA%D8%B1%D9%88%D9%86%D9%8A,5.0,1,14 دقيقة,1,0,$50.00,ثلاثة أسابيع,1,5,615.0,.Yosof B,https://khamsat.com/user/yosof_bayan,True,بائع مميز,5.0,74,96.13%,12,41,ساعة
برمجة وتطوير,https://khamsat.com/programming,إنشاء تطبيق ويب,https://khamsat.com/programming/web-application-development,تطوير وتصميم وتنفيذ برامج على منصه بور ابز PowerApps,https://khamsat.com/programming/web-application-development/2694969-%D8%AA%D8%B7%D9%88%D9%8A%D8%B1-%D9%88%D8%AA%D8%B5%D9%85%D9%8A%D9%85-%D9%88%D8%AA%D9%86%D9%81%D9%8A%D8%B0-%D8%A8%D8%B1%D8%A7%D9%85%D8%AC-%D8%B9%D9%84%D9%89-%D9%85%D9%86%D8%B5%D9%87-%D8%A8%D9%88%D8%B1-%D8%A7%D8%A8%D8%B2-powerapps,5.0,9,4 ساعات,9,0,$25.00,يومين,9,5,435.0,.Wael A,https://khamsat.com/user/waelkhanji,True,بائع نشيط,5.0,14,100.0%,2,12,ساعة
برمجة وتطوير,https://khamsat.com/programming,إنشاء تطبيق ويب,https://khamsat.com/programming/web-application-development,تطوير تطبيقات ويب متميزة لتحقيق أهدافك الرقمية,https://khamsat.com/programming/web-application-development/2654896-%D8%AA%D8%B7%D9%88%D9%8A%D8%B1-%D8%AA%D8%B7%D8%A8%D9%8A%D9%82%D8%A7%D8%AA-%D9%88%D9%8A%D8%A8-%D9%85%D8%AA%D9%85%D9%8A%D8%B2%D8%A9-%D9%84%D8%AA%D8%AD%D9%82%D9%8A%D9%82-%D8%A3%D9%87%D8%AF%D8%A7%D9%81%D9%83-%D8%A7%D9%84%D8%B1%D9%82%D9%85%D9%8A%D8%A9,5.0,1,ساعة,1,0,$10.00,أسبوع,1,0,0.0,طاهر م.,https://khamsat.com/user/taherymatar,True,بائع نشيط,5.0,3,100.0%,6,3,31 دقيقة
برمجة وتطوير,https://khamsat.com/programming,إنشاء تطبيق ويب,https://khamsat.com/programming/web-application-development,برمجة تطبيق ويب asp .net مع قاعدة بيانات,https://khamsat.com/programming/web-application-development/2322996-%D8%A8%D8%B1%D9%85%D8%AC%D8%A9-%D8%AA%D8%B7%D8%A8%D9%8A%D9%82-%D9%88%D9%8A%D8%A8-asp-.net-%D9%85%D8%B9-%D9%82%D8%A7%D8%B9%D8%AF%D8%A9-%D8%A8%D9%8A%D8%A7%D9%86%D8%A7%D8%AA,5.0,2,10 أيام,2,0,$10.00,يومين,2,4,60.0,.Mostafa M,https://khamsat.com/user/mostafa_tec,True,بائع نشيط,5.0,3,100.0%,5,5,يومين
برمجة وتطوير,https://khamsat.com/programming,إنشاء تطبيق ويب,https://khamsat.com/programming/web-application-development,تطوير وتصميم ويب ابليكشن شاشة أو تقرير اوراكل APEX,https://khamsat.com/programming/web-application-development/2893359-%D8%AA%D8%B7%D9%88%D9%8A%D8%B1-%D9%88%D8%AA%D8%B5%D9%85%D9%8A%D9%85-%D9%88%D9%8A%D8%A8-%D8%A7%D8%A8%D9%84%D9%8A%D9%83%D8%B4%D9%86-%D8%B4%D8%A7%D8%B4%D8%A9-%D8%A3%D9%88-%D8%AA%D9%82%D8%B1%D9%8A%D8%B1-%D8%A7%D9%88%D8%B1%D8%A7%D9%83%D9%84-apex,5.0,1,3 ساعات,1,0,$10.00,يومين,1,5,310.0,.Sameh S,https://khamsat.com/user/samehsherif,True,بائع جديد,5.0,1,100.0%,3,1,3 أيام
برمجة وتطوير,https://khamsat.com/programming,إنشاء تطبيق ويب,https://khamsat.com/programming/web-application-development,بناء تطبيقات الواقع المعزز Augmented Reality,https://khamsat.com/programming/web-application-development/2778333-%D8%A8%D9%86%D8%A7%D8%A1-%D8%AA%D8%B7%D8%A8%D9%8A%D9%82%D8%A7%D8%AA-%D8%A7%D9%84%D9%88%D8%A7%D9%82%D8%B9-%D8%A7%D9%84%D9%85%D8%B9%D8%B2%D8%B2-augmented-reality,5.0,3,9 ساعات,3,0,$10.00,ثلاثة أيام,3,5,90.0,.Ahmed H,https://khamsat.com/user/ahmed_h_3d_ar,True,بائع جديد,5.0,3,100.0%,3,3,9 ساعات
برمجة وتطوير,https://khamsat.com/programming,إنشاء تطبيق ويب,https://khamsat.com/programming/web-application-development,برمجة وتطوير خدمات الويب,https://khamsat.com/programming/web-application-development/1392098-%D8%A8%D8%B1%D9%85%D8%AC%D8%A9-%D9%88%D8%AA%D8%B7%D9%88%D9%8A%D8%B1-%D8%AE%D8%AF%D9%85%D8%A7%D8%AA-%D8%A7%D9%84%D9%88%D9%8A%D8%A8,4.5,17,7 ساعات,21,0,$10.00,ثلاثة أيام,17,5,390.0,مؤيد ح.,https://khamsat.com/user/moayad_hassan58,True,بائع مميز,4.5,69,86.81%,8,55,8 ساعات
برمجة وتطوير,https://khamsat.com/programming,إنشاء تطبيق ويب,https://khamsat.com/programming/web-application-development,تصميم وبرمجة مواقع احترافية باستخدام React وNext.js وNode.js,https://khamsat.com/programming/web-application-development/3003511-%D8%AA%D8%B5%D9%85%D9%8A%D9%85-%D9%88%D8%A8%D8%B1%D9%85%D8%AC%D8%A9-%D9%85%D9%88%D8%A7%D9%82%D8%B9-%D8%A7%D8%AD%D8%AA%D8%B1%D8%A7%D9%81%D9%8A%D8%A9-%D8%A8%D8%A7%D8%B3%D8%AA%D8%AE%D8%AF%D8%A7%D9%85-react-%D9%88next.js-%D9%88node.js,5.0,1,10 دقائق,1,0,$10.00,يوم واحد,1,5,210.0,.Muaz E,https://khamsat.com/user/m7_moaz,True,بائع جديد,5.0,1,66.67%,1,1,10 دقائق
برمجة وتطوير,https://khamsat.com/programming,إنشاء تطبيق ويب,https://khamsat.com/programming/web-application-development,إنشاء برنامج ويب لإدارة شركتك أو عملك,https://khamsat.com/programming/web-application-development/1884261-%D8%A5%D9%86%D8%B4%D8%A7%D8%A1-%D8%A8%D8%B1%D9%86%D8%A7%D9%85%D8%AC-%D9%88%D9%8A%D8%A8-%D9%84%D8%A5%D8%AF%D8%A7%D8%B1%D8%A9-%D8%B4%D8%B1%D9%83%D8%AA%D9%83-%D8%A3%D9%88-%D8%B9%D9%85%D9%84%D9%83,4.5,40,7 دقائق,45,1,$10.00,ثلاثة أسابيع,25,5,315.0,.Mohamed Islam Z,https://khamsat.com/user/ahmed_alda,True,بائع مميز,4.5,63,94.94%,5,54,4 ساعات
برمجة وتطوير,https://khamsat.com/programming,إنشاء تطبيق ويب,https://khamsat.com/programming/web-application-development,تصميم وبرمجة تطبيق ويب Web App,https://khamsat.com/programming/web-application-development/2039690-%D8%AA%D8%B5%D9%85%D9%8A%D9%85-%D9%88%D8%A8%D8%B1%D9%85%D8%AC%D8%A9-%D8%AA%D8%B7%D8%A8%D9%8A%D9%82-%D9%88%D9%8A%D8%A8-web-app,4.5,13,يوم,15,1,$5.00,يوم واحد,13,5,175.0,فؤاد ا.,https://khamsat.com/user/fuad_sale7,True,بائع مميز,5.0,48,78.45%,2,53,21 ساعة
برمجة وتطوير,https://khamsat.com/programming,إنشاء تطبيق ويب,https://khamsat.com/programming/web-application-development,تطوير وبرمجة تطبيقات الويب باستخدام Python Django DRF,https://khamsat.com/programming/web-application-development/2144061-%D8%AA%D8%B7%D9%88%D9%8A%D8%B1-%D9%88%D8%A8%D8%B1%D9%85%D8%AC%D8%A9-%D8%AA%D8%B7%D8%A8%D9%8A%D9%82%D8%A7%D8%AA-%D8%A7%D9%84%D9%88%D9%8A%D8%A8-%D8%A8%D8%A7%D8%B3%D8%AA%D8%AE%D8%AF%D8%A7%D9%85-python-django-drf,5.0,2,13 ساعة,3,0,$5.00,يوم واحد,2,4,170.0,محمد ح.,https://khamsat.com/user/%D9%85%D8%AD%D9%85%D8%AF-%D8%AD%D8%AC%D9%8A,True,بائع نشيط,5.0,6,100.0%,5,6,6 ساعات
برمجة وتطوير,https://khamsat.com/programming,إنشاء تطبيق ويب,https://khamsat.com/programming/web-application-development,بناء تطبيقات ويب متقدمة باستخدام Django وتقنيات RESTful API,https://khamsat.com/programming/web-application-development/2895076-%D8%A8%D9%86%D8%A7%D8%A1-%D8%AA%D8%B7%D8%A8%D9%8A%D9%82%D8%A7%D8%AA-%D9%88%D9%8A%D8%A8-%D9%85%D8%AA%D9%82%D8%AF%D9%85%D8%A9-%D8%A8%D8%A7%D8%B3%D8%AA%D8%AE%D8%AF%D8%A7%D9%85-django-%D9%88%D8%AA%D9%82%D9%86%D9%8A%D8%A7%D8%AA-restful-api,0.0,0,يومين,1,0,$10.00,ثلاثة أيام,0,2,25.0,.Mohamed E,https://khamsat.com/user/ezsimo,True,بائع جديد,5.0,3,62.5%,3,5,يوم
برمجة وتطوير,https://khamsat.com/programming,إنشاء تطبيق ويب,https://khamsat.com/programming/web-application-development,أقوم بتحويل فكرتك إلى تطبيق ويب بلغة php,https://khamsat.com/programming/web-application-development/1915881-%D8%A3%D9%82%D9%88%D9%85-%D8%A8%D8%AA%D8%AD%D9%88%D9%8A%D9%84-%D9%81%D9%83%D8%B1%D8%AA%D9%83-%D8%A5%D9%84%D9%89-%D8%AA%D8%B7%D8%A8%D9%8A%D9%82-%D9%88%D9%8A%D8%A8-%D8%A8%D9%84%D8%BA%D8%A9-php,5.0,4,10 أيام,5,0,$5.00,يومين,4,3,120.0,.Aetemad S,https://khamsat.com/user/aetemad,True,بائع نشيط,5.0,5,64.71%,2,5,3 أيام
برمجة وتطوير,https://khamsat.com/programming,إنشاء تطبيق ويب,https://khamsat.com/programming/web-application-development,إنشاء أو تطوير أي تطبيق ويب,https://khamsat.com/programming/web-application-development/2739231-%D8%A5%D9%86%D8%B4%D8%A7%D8%A1-%D8%A3%D9%88-%D8%AA%D8%B7%D9%88%D9%8A%D8%B1-%D8%A3%D9%8A-%D8%AA%D8%B7%D8%A8%D9%8A%D9%82-%D9%88%D9%8A%D8%A8,5.0,6,11 ساعة,6,0,$5.00,يوم واحد,6,5,150.0,.Ahmed D,https://khamsat.com/user/ahmed_delwan,True,بائع مميز,5.0,22,93.1%,3,23,15 ساعة
برمجة وتطوير,https://khamsat.com/programming,إنشاء تطبيق ويب,https://khamsat.com/programming/web-application-development,انشاء API لتطوير مواقع وتطبيقات الويب باستخدام ASP.NET CORE,https://khamsat.com/programming/web-application-development/2664234-%D8%A7%D9%86%D8%B4%D8%A7%D8%A1-api-%D9%84%D8%AA%D8%B7%D9%88%D9%8A%D8%B1-%D9%85%D9%88%D8%A7%D9%82%D8%B9-%D9%88%D8%AA%D8%B7%D8%A8%D9%8A%D9%82%D8%A7%D8%AA-%D8%A7%D9%84%D9%88%D9%8A%D8%A8-%D8%A8%D8%A7%D8%B3%D8%AA%D8%AE%D8%AF%D8%A7%D9%85-asp.net-core,5.0,1,21 دقيقة,1,0,$10.00,أسبوع,1,0,0.0,طاهر م.,https://khamsat.com/user/taherymatar,True,بائع نشيط,5.0,3,100.0%,6,3,31 دقيقة
برمجة وتطوير,https://khamsat.com/programming,إنشاء تطبيق ويب,https://khamsat.com/programming/web-application-development,برمجة سكربت ويب ابليكشن لمشروعك,https://khamsat.com/programming/web-application-development/1879179-%D8%A8%D8%B1%D9%85%D8%AC%D8%A9-%D8%B3%D9%83%D8%B1%D8%A8%D8%AA-%D9%88%D9%8A%D8%A8-%D8%A7%D8%A8%D9%84%D9%8A%D9%83%D8%B4%D9%86-%D9%84%D9%85%D8%B4%D8%B1%D9%88%D8%B9%D9%83,5.0,2,يوم,3,0,$5.00,يوم واحد,2,3,125.0,.Salah Eddine H,https://khamsat.com/user/templatewebvo,True,بائع مميز,5.0,34,78.4%,1,40,17 ساعة
برمجة وتطوير,https://khamsat.com/programming,إنشاء تطبيق ويب,https://khamsat.com/programming/web-application-development,انشاء تطبيق فلاتر flutter ل Web/IOS/Android,https://khamsat.com/programming/web-application-development/2876787-%D8%A7%D9%86%D8%B4%D8%A7%D8%A1-%D8%AA%D8%B7%D8%A8%D9%8A%D9%82-%D9%81%D9%84%D8%A7%D8%AA%D8%B1-flutter-%D9%84-webiosandroid,5.0,5,يومين,5,0,$10.00,يومين,5,3,30.0,.Mohammed A,https://khamsat.com/user/malattas_86,True,بائع جديد,5.0,5,71.43%,2,5,يوم
برمجة وتطوير,https://khamsat.com/programming,إنشاء تطبيق ويب,https://khamsat.com/programming/web-application-development,صفحة موقع HTML CSS JavaScript,https://khamsat.com/programming/web-application-development/2717281-%D8%B5%D9%81%D8%AD%D8%A9-%D9%85%D9%88%D9%82%D8%B9-html-css-javascript,5.0,1,9 دقائق,1,0,$10.00,يوم واحد,1,0,0.0,.Mahmoud S,https://khamsat.com/user/mahmoud_salah239,True,بائع جديد,5.0,1,100.0%,4,1,9 دقائق
برمجة وتطوير,https://khamsat.com/programming,إنشاء تطبيق ويب,https://khamsat.com/programming/web-application-development,تصميم وبرمجة لوحة تحكم Dashboard بشكل احترافي,https://khamsat.com/programming/web-application-development/2617309-%D8%AA%D8%B5%D9%85%D9%8A%D9%85-%D9%88%D8%A8%D8%B1%D9%85%D8%AC%D8%A9-%D9%84%D9%88%D8%AD%D8%A9-%D8%AA%D8%AD%D9%83%D9%85-dashboard-%D8%A8%D8%B4%D9%83%D9%84-%D8%A7%D8%AD%D8%AA%D8%B1%D8%A7%D9%81%D9%8A,5.0,2,13 دقيقة,2,0,$20.00,أربعة أيام,2,4,150.0,.Mohammed G,https://khamsat.com/user/mohammed_gomaa22,True,بائع مميز,5.0,39,100.0%,4,46,ساعة
برمجة وتطوير,https://khamsat.com/programming,إنشاء تطبيق ويب,https://khamsat.com/programming/web-application-development,تحويل التصميم إلى تطبيق Flutter,https://khamsat.com/programming/web-application-development/3051953-%D8%AA%D8%AD%D9%88%D9%8A%D9%84-%D8%A7%D9%84%D8%AA%D8%B5%D9%85%D9%8A%D9%85-%D8%A5%D9%84%D9%89-%D8%AA%D8%B7%D8%A8%D9%8A%D9%82-flutter,0.0,0,لم يحسب,0,0,$5.00,يوم واحد,0,5,85.0,.Mohammed Z,https://khamsat.com/user/mohammedzewin,False,بائع جديد,0.0,0,لم يحسب بعد,1,0,لم يحسب
برمجة وتطوير,https://khamsat.com/programming,إنشاء تطبيق ويب,https://khamsat.com/programming/web-application-development,تصميم صفحات ويب ديناميكية احترافية لزيادة التفاعل وجذب الزوار,https://khamsat.com/programming/web-application-development/3046802-%D8%AA%D8%B5%D9%85%D9%8A%D9%85-%D8%B5%D9%81%D8%AD%D8%A7%D8%AA-%D9%88%D9%8A%D8%A8-%D8%AF%D9%8A%D9%86%D8%A7%D9%85%D9%8A%D9%83%D9%8A%D8%A9-%D8%A7%D8%AD%D8%AA%D8%B1%D8%A7%D9%81%D9%8A%D8%A9-%D9%84%D8%B2%D9%8A%D8%A7%D8%AF%D8%A9-%D8%A7%D9%84%D8%AA%D9%81%D8%A7%D8%B9%D9%84-%D9%88%D8%AC%D8%B0%D8%A8-%D8%A7%D9%84%D8%B2%D9%88%D8%A7%D8%B1,0.0,0,لم يحسب,0,0,$10.00,يومين,0,0,0.0,.Bashar F,https://khamsat.com/user/basharfarah2,False,بائع جديد,0.0,0,لم يحسب بعد,1,0,لم يحسب
برمجة وتطوير,https://khamsat.com/programming,إنشاء تطبيق ويب,https://khamsat.com/programming/web-application-development,إنشاء برنامج ويب لإدارة شركتك أو عملك,https://khamsat.com/programming/web-application-development/2790700-%D8%A5%D9%86%D8%B4%D8%A7%D8%A1-%D8%A8%D8%B1%D9%86%D8%A7%D9%85%D8%AC-%D9%88%D9%8A%D8%A8-%D9%84%D8%A5%D8%AF%D8%A7%D8%B1%D8%A9-%D8%B4%D8%B1%D9%83%D8%AA%D9%83-%D8%A3%D9%88-%D8%B9%D9%85%D9%84%D9%83,0.0,0,لم يحسب,0,0,$10.00,يوم واحد,0,5,245.0,.Mahmoud A,https://khamsat.com/user/%D9%85%D8%AD%D9%85%D9%88%D8%AF-%D8%B9%D8%A7%D8%AF%D9%84-%D8%AD%D8%B3%D9%8A%D9%86,True,بائع جديد,0.0,1,100.0%,1,2,4 ساعات
برمجة وتطوير,https://khamsat.com/programming,إنشاء تطبيق ويب,https://khamsat.com/programming/web-application-development,خدمات تطوير الـ Backend المتكاملة لمواقع الويب,https://khamsat.com/programming/web-application-development/2906395-%D8%AE%D8%AF%D9%85%D8%A7%D8%AA-%D8%AA%D8%B7%D9%88%D9%8A%D8%B1-%D8%A7%D9%84%D9%80-backend-%D8%A7%D9%84%D9%85%D8%AA%D9%83%D8%A7%D9%85%D9%84%D8%A9-%D9%84%D9%85%D9%88%D8%A7%D9%82%D8%B9-%D8%A7%D9%84%D9%88%D9%8A%D8%A8,0.0,0,لم يحسب,0,0,$5.00,يوم واحد,0,0,0.0,.Rasha H,https://khamsat.com/user/rasha_hl,True,بائع جديد,0.0,0,لم يحسب بعد,3,0,لم يحسب
برمجة وتطوير,https://khamsat.com/programming,إنشاء تطبيق ويب,https://khamsat.com/programming/web-application-development,نوشن تمبلت لتدوين المحاضرات,https://khamsat.com/programming/web-application-development/3025442-%D9%86%D9%88%D8%B4%D9%86-%D8%AA%D9%85%D8%A8%D9%84%D8%AA-%D9%84%D8%AA%D8%AF%D9%88%D9%8A%D9%86-%D8%A7%D9%84%D9%85%D8%AD%D8%A7%D8%B6%D8%B1%D8%A7%D8%AA,0.0,0,لم يحسب,0,0,$5.00,يوم واحد,0,1,5.0,احمد ر.,https://khamsat.com/user/ahmed_rm1,False,بائع جديد,0.0,0,لم يحسب بعد,2,0,لم يحسب
برمجة وتطوير,https://khamsat.com/programming,إنشاء تطبيق ويب,https://khamsat.com/programming/web-application-development,تصميم وتطوير تطبيقات ويب مبتكرة بواسطة PHP,https://khamsat.com/programming/web-application-development/3044052-%D8%AA%D8%B5%D9%85%D9%8A%D9%85-%D9%88%D8%AA%D8%B7%D9%88%D9%8A%D8%B1-%D8%AA%D8%B7%D8%A8%D9%8A%D9%82%D8%A7%D8%AA-%D9%88%D9%8A%D8%A8-%D9%85%D8%A8%D8%AA%D9%83%D8%B1%D8%A9-%D8%A8%D9%88%D8%A7%D8%B3%D8%B7%D8%A9-php,0.0,0,لم يحسب,0,0,$10.00,يوم واحد,0,1,30.0,.Zakaria M,https://khamsat.com/user/zomra,False,بائع جديد,0.0,0,لم يحسب بعد,1,0,لم يحسب
برمجة وتطوير,https://khamsat.com/programming,إنشاء تطبيق ويب,https://khamsat.com/programming/web-application-development,تطوير الواجهات الأمامية للمواقع باستخدام HTML وCSS وJavaScri,https://khamsat.com/programming/web-application-development/3054282-%D8%AA%D8%B7%D9%88%D9%8A%D8%B1-%D8%A7%D9%84%D9%88%D8%A7%D8%AC%D9%87%D8%A7%D8%AA-%D8%A7%D9%84%D8%A3%D9%85%D8%A7%D9%85%D9%8A%D8%A9-%D9%84%D9%84%D9%85%D9%88%D8%A7%D9%82%D8%B9-%D8%A8%D8%A7%D8%B3%D8%AA%D8%AE%D8%AF%D8%A7%D9%85-html-%D9%88css-%D9%88javascri,0.0,0,لم يحسب,0,0,$5.00,يوم واحد,0,2,10.0,.Mohamed H,https://khamsat.com/user/mohammed_hassan_dev,False,بائع جديد,0.0,0,لم يحسب بعد,2,0,لم يحسب
برمجة وتطوير,https://khamsat.com/programming,إنشاء تطبيق ويب,https://khamsat.com/programming/web-application-development,إنشاء موقع تجارة الكترونية كامل مع تحكم كامل فى الموقع,https://khamsat.com/programming/web-application-development/3045340-%D8%A5%D9%86%D8%B4%D8%A7%D8%A1-%D9%85%D9%88%D9%82%D8%B9-%D8%AA%D8%AC%D8%A7%D8%B1%D8%A9-%D8%A7%D9%84%D9%83%D8%AA%D8%B1%D9%88%D9%86%D9%8A%D8%A9-%D9%83%D8%A7%D9%85%D9%84-%D9%85%D8%B9-%D8%AA%D8%AD%D9%83%D9%85-%D9%83%D8%A7%D9%85%D9%84-%D9%81%D9%89-%D8%A7%D9%84%D9%85%D9%88%D9%82%D8%B9,0.0,0,لم يحسب,0,0,$10.00,يوم واحد,0,4,75.0,عبدالرحمن م.,https://khamsat.com/user/abdelrahman_maged_ab,True,بائع جديد,0.0,0,لم يحسب بعد,1,0,لم يحسب
برمجة وتطوير,https://khamsat.com/programming,إنشاء تطبيق ويب,https://khamsat.com/programming/web-application-development,انشاء تطبيق ويب بستخدام تقنيات ميكروسوفت .net و C# كا MVC,https://khamsat.com/programming/web-application-development/3052965-%D8%A7%D9%86%D8%B4%D8%A7%D8%A1-%D8%AA%D8%B7%D8%A8%D9%8A%D9%82-%D9%88%D9%8A%D8%A8-%D8%A8%D8%B3%D8%AA%D8%AE%D8%AF%D8%A7%D9%85-%D8%AA%D9%82%D9%86%D9%8A%D8%A7%D8%AA-%D9%85%D9%8A%D9%83%D8%B1%D9%88%D8%B3%D9%88%D9%81%D8%AA-.net-%D9%88-c-%D9%83%D8%A7-mvc,0.0,0,لم يحسب,0,0,$5.00,يوم واحد,0,1,5.0,.Mohamed A,https://khamsat.com/user/mohamedzidan6846,True,بائع جديد,0.0,0,لم يحسب بعد,1,0,لم يحسب
برمجة وتطوير,https://khamsat.com/programming,إنشاء تطبيق ويب,https://khamsat.com/programming/web-application-development,تصميم وبرمجة واجهات مستخدم عصرية ومتجاوبة,https://khamsat.com/programming/web-application-development/3040224-%D8%AA%D8%B5%D9%85%D9%8A%D9%85-%D9%88%D8%A8%D8%B1%D9%85%D8%AC%D8%A9-%D9%88%D8%A7%D8%AC%D9%87%D8%A7%D8%AA-%D9%85%D8%B3%D8%AA%D8%AE%D8%AF%D9%85-%D8%B9%D8%B5%D8%B1%D9%8A%D8%A9-%D9%88%D9%85%D8%AA%D8%AC%D8%A7%D9%88%D8%A8%D8%A9,0.0,0,لم يحسب,0,0,$10.00,يوم واحد,0,3,135.0,.Badr M,https://khamsat.com/user/badr_mohamed215,False,بائع جديد,0.0,0,لم يحسب بعد,1,0,لم يحسب
برمجة وتطوير,https://khamsat.com/programming,إنشاء تطبيق ويب,https://khamsat.com/programming/web-application-development,برمجه تطبيقات الويب بقواعد البيانات ASP .NET And SQL,https://khamsat.com/programming/web-application-development/3053786-%D8%A8%D8%B1%D9%85%D8%AC%D9%87-%D8%AA%D8%B7%D8%A8%D9%8A%D9%82%D8%A7%D8%AA-%D8%A7%D9%84%D9%88%D9%8A%D8%A8-%D8%A8%D9%82%D9%88%D8%A7%D8%B9%D8%AF-%D8%A7%D9%84%D8%A8%D9%8A%D8%A7%D9%86%D8%A7%D8%AA-asp-.net-and-sql,0.0,0,لم يحسب,0,0,$10.00,يومين,0,4,100.0,.Youssef H,https://khamsat.com/user/yousssef_hassan,True,بائع جديد,0.0,0,لم يحسب بعد,2,0,لم يحسب
برمجة وتطوير,https://khamsat.com/programming,واجهات API والتكاملات,https://khamsat.com/programming/api-integrations,تخصص سله Webhooks وانظمة ربط salla API بمواقع php,https://khamsat.com/programming/api-integrations/2865468-%D8%AA%D8%AE%D8%B5%D8%B5-%D8%B3%D9%84%D9%87-webhooks-%D9%88%D8%A7%D9%86%D8%B8%D9%85%D8%A9-%D8%B1%D8%A8%D8%B7-salla-api-%D8%A8%D9%85%D9%88%D8%A7%D9%82%D8%B9-php,4.5,1,ساعتين,1,0,$20.00,يوم واحد,1,3,350.0,.Amr S,https://khamsat.com/user/%D8%B9%D9%85%D8%B1%D9%88-%D8%B3%D9%87%D9%8A%D9%84,True,بائع مميز,5.0,38,84.21%,14,51,10 ساعات
برمجة وتطوير,https://khamsat.com/programming,واجهات API والتكاملات,https://khamsat.com/programming/api-integrations,تطوير لوحة تحكم موقع أو تطبيق PHP Laravel,https://khamsat.com/programming/api-integrations/2749348-%D8%AA%D8%B7%D9%88%D9%8A%D8%B1-%D9%84%D9%88%D8%AD%D8%A9-%D8%AA%D8%AD%D9%83%D9%85-%D9%85%D9%88%D9%82%D8%B9-%D8%A3%D9%88-%D8%AA%D8%B7%D8%A8%D9%8A%D9%82-php-laravel,5.0,4,31 دقيقة,7,0,$20.00,يوم واحد,4,5,120.0,تامر ا.,https://khamsat.com/user/tamer.algul,True,بائع نشيط,5.0,5,75.0%,2,8,25 دقيقة
برمجة وتطوير,https://khamsat.com/programming,واجهات API والتكاملات,https://khamsat.com/programming/api-integrations,اصلاح اخطاء django المشاكل و rest framework API في مشروعك,https://khamsat.com/programming/api-integrations/2138650-%D8%A7%D8%B5%D9%84%D8%A7%D8%AD-%D8%A7%D8%AE%D8%B7%D8%A7%D8%A1-django-%D8%A7%D9%84%D9%85%D8%B4%D8%A7%D9%83%D9%84-%D9%88-rest-framework-api-%D9%81%D9%8A-%D9%85%D8%B4%D8%B1%D9%88%D8%B9%D9%83,5.0,3,ساعة,3,0,$5.00,يومين,3,4,130.0,محمد ح.,https://khamsat.com/user/%D9%85%D8%AD%D9%85%D8%AF-%D8%AD%D8%AC%D9%8A,True,بائع نشيط,5.0,6,100.0%,5,6,6 ساعات
برمجة وتطوير,https://khamsat.com/programming,واجهات API والتكاملات,https://khamsat.com/programming/api-integrations,انشاء موقعك باستخدام node.js-express-mongodb RESTful API,https://khamsat.com/programming/api-integrations/2520860-%D8%A7%D9%86%D8%B4%D8%A7%D8%A1-%D9%85%D9%88%D9%82%D8%B9%D9%83-%D8%A8%D8%A7%D8%B3%D8%AA%D8%AE%D8%AF%D8%A7%D9%85-node.js-express-mongodb-restful-api,5.0,7,55 دقيقة,7,0,$5.00,يوم واحد,7,5,475.0,.Abdel Rahman M,https://khamsat.com/user/abdelrahman_55,True,بائع مميز,5.0,17,98.15%,2,16,41 دقيقة
برمجة وتطوير,https://khamsat.com/programming,واجهات API والتكاملات,https://khamsat.com/programming/api-integrations,تركيب بوابه واتساب في المواقع و التطبيقات,https://khamsat.com/programming/api-integrations/2937654-%D8%AA%D8%B1%D9%83%D9%8A%D8%A8-%D8%A8%D9%88%D8%A7%D8%A8%D9%87-%D9%88%D8%A7%D8%AA%D8%B3%D8%A7%D8%A8-%D9%81%D9%8A-%D8%A7%D9%84%D9%85%D9%88%D8%A7%D9%82%D8%B9-%D9%88-%D8%A7%D9%84%D8%AA%D8%B7%D8%A8%D9%8A%D9%82%D8%A7%D8%AA,5.0,1,ساعة,1,0,$10.00,يوم واحد,1,4,130.0,مصطفي ص.,https://khamsat.com/user/eng-kareem-adel,True,بائع جديد,5.0,1,100.0%,2,1,ساعة
برمجة وتطوير,https://khamsat.com/programming,واجهات API والتكاملات,https://khamsat.com/programming/api-integrations,سأقوم برمجة دوال api PHP خاصة بك ب5دولار,https://khamsat.com/programming/api-integrations/449696-%D8%B3%D8%A3%D9%82%D9%88%D9%85-%D8%A8%D8%B1%D9%85%D8%AC%D8%A9-%D8%AF%D9%88%D8%A7%D9%84-api-php-%D8%AE%D8%A7%D8%B5%D8%A9-%D8%A8%D9%83-%D8%A85%D8%AF%D9%88%D9%84%D8%A7%D8%B1,5.0,19,ساعتين,25,0,$5.00,أسبوع,19,5,365.0,.Imed G,https://khamsat.com/user/alkannas,True,بائع مميز,5.0,52,79.49%,3,54,9 ساعات
برمجة وتطوير,https://khamsat.com/programming,واجهات API والتكاملات,https://khamsat.com/programming/api-integrations,برمجة وتطوير واجهات برمجة التطبيقات API's,https://khamsat.com/programming/api-integrations/2561491-%D8%A8%D8%B1%D9%85%D8%AC%D8%A9-%D9%88%D8%AA%D8%B7%D9%88%D9%8A%D8%B1-%D9%88%D8%A7%D8%AC%D9%87%D8%A7%D8%AA-%D8%A8%D8%B1%D9%85%D8%AC%D8%A9-%D8%A7%D9%84%D8%AA%D8%B7%D8%A8%D9%8A%D9%82%D8%A7%D8%AA-apis,5.0,4,يوم,7,0,$10.00,يوم واحد,4,3,250.0,.Mohammad B,https://khamsat.com/user/mohammad_albourm,True,بائع نشيط,5.0,4,96.0%,2,7,15 ساعة
برمجة وتطوير,https://khamsat.com/programming,واجهات API والتكاملات,https://khamsat.com/programming/api-integrations,بناء او تطوير سيرفر nodejs Api للتطبيقات الجوال,https://khamsat.com/programming/api-integrations/1443759-%D8%A8%D9%86%D8%A7%D8%A1-%D8%A7%D9%88-%D8%AA%D8%B7%D9%88%D9%8A%D8%B1-%D8%B3%D9%8A%D8%B1%D9%81%D8%B1-nodejs-api-%D9%84%D9%84%D8%AA%D8%B7%D8%A8%D9%8A%D9%82%D8%A7%D8%AA-%D8%A7%D9%84%D8%AC%D9%88%D8%A7%D9%84,5.0,1,8 ساعات,1,0,$5.00,يومين,1,5,295.0,.Mohamed S,https://khamsat.com/user/mohamedezoo,False,بائع جديد,5.0,1,100.0%,5,1,11 ساعة
برمجة وتطوير,https://khamsat.com/programming,واجهات API والتكاملات,https://khamsat.com/programming/api-integrations,تطوير مواقع الويب و API تطبيقات الجوال باستخدام Laravel,https://khamsat.com/programming/api-integrations/2086214-%D8%AA%D8%B7%D9%88%D9%8A%D8%B1-%D9%85%D9%88%D8%A7%D9%82%D8%B9-%D8%A7%D9%84%D9%88%D9%8A%D8%A8-%D9%88-api-%D8%AA%D8%B7%D8%A8%D9%8A%D9%82%D8%A7%D8%AA-%D8%A7%D9%84%D8%AC%D9%88%D8%A7%D9%84-%D8%A8%D8%A7%D8%B3%D8%AA%D8%AE%D8%AF%D8%A7%D9%85-laravel,5.0,1,11 ساعة,1,0,$5.00,يومين,1,1,35.0,.Mohamed Touhami R,https://khamsat.com/user/mohamed_96,True,بائع جديد,5.0,1,66.67%,3,1,6 ساعات
برمجة وتطوير,https://khamsat.com/programming,واجهات API والتكاملات,https://khamsat.com/programming/api-integrations,برمجه الواجهه الاماميه باستخدام html css bootstrab js react,https://khamsat.com/programming/api-integrations/2675417-%D8%A8%D8%B1%D9%85%D8%AC%D9%87-%D8%A7%D9%84%D9%88%D8%A7%D8%AC%D9%87%D9%87-%D8%A7%D9%84%D8%A7%D9%85%D8%A7%D9%85%D9%8A%D9%87-%D8%A8%D8%A7%D8%B3%D8%AA%D8%AE%D8%AF%D8%A7%D9%85-html-css-bootstrab-js-react,5.0,2,5 دقائق,2,0,$5.00,يوم واحد,2,1,5.0,.Takwa I,https://khamsat.com/user/toaa2002,True,بائع جديد,5.0,2,100.0%,1,2,5 دقائق
برمجة وتطوير,https://khamsat.com/programming,واجهات API والتكاملات,https://khamsat.com/programming/api-integrations,انشاء Api لموقع,https://khamsat.com/programming/api-integrations/1848820-%D8%A7%D9%86%D8%B4%D8%A7%D8%A1-api-%D9%84%D9%85%D9%88%D9%82%D8%B9,5.0,2,12 يوم,2,0,$5.00,يوم واحد,2,2,20.0,محمد ع.,https://khamsat.com/user/mohammed_aish,True,بائع جديد,5.0,4,57.14%,3,3,يومين
برمجة وتطوير,https://khamsat.com/programming,واجهات API والتكاملات,https://khamsat.com/programming/api-integrations,بناء restfull api باستخدام nodejs و expressjs,https://khamsat.com/programming/api-integrations/2832039-%D8%A8%D9%86%D8%A7%D8%A1-restfull-api-%D8%A8%D8%A7%D8%B3%D8%AA%D8%AE%D8%AF%D8%A7%D9%85-nodejs-%D9%88-expressjs,5.0,2,يومين,2,0,$10.00,يوم واحد,2,4,120.0,.Mohamed Islam M,https://khamsat.com/user/marafmohamedislam,True,بائع جديد,5.0,2,100.0%,3,2,يومين
برمجة وتطوير,https://khamsat.com/programming,واجهات API والتكاملات,https://khamsat.com/programming/api-integrations,عمل واجهه API خاصة بأي مشروع,https://khamsat.com/programming/api-integrations/2862124-%D8%B9%D9%85%D9%84-%D9%88%D8%A7%D8%AC%D9%87%D9%87-api-%D8%AE%D8%A7%D8%B5%D8%A9-%D8%A8%D8%A3%D9%8A-%D9%85%D8%B4%D8%B1%D9%88%D8%B9,5.0,1,ساعة,1,0,$5.00,يومين,1,1,5.0,.Ashrakat S,https://khamsat.com/user/ashrakatsameh_3,True,بائع نشيط,5.0,4,100.0%,4,4,ساعة
برمجة وتطوير,https://khamsat.com/programming,واجهات API والتكاملات,https://khamsat.com/programming/api-integrations,اقوم بتطوير backend/restful api باستخدام python Fastapi,https://khamsat.com/programming/api-integrations/2584243-%D8%A7%D9%82%D9%88%D9%85-%D8%A8%D8%AA%D8%B7%D9%88%D9%8A%D8%B1-backendrestful-api-%D8%A8%D8%A7%D8%B3%D8%AA%D8%AE%D8%AF%D8%A7%D9%85-python-fastapi,5.0,1,4 ساعات,1,0,$10.00,ثلاثة أيام,1,2,60.0,.Mahmoud Y,https://khamsat.com/user/m_a_younis,True,بائع جديد,5.0,1,100.0%,2,1,6 ساعات
برمجة وتطوير,https://khamsat.com/programming,واجهات API والتكاملات,https://khamsat.com/programming/api-integrations,تطوير البنية الداخلية للنظام Backend باستخدام Laravel,https://khamsat.com/programming/api-integrations/2725783-%D8%AA%D8%B7%D9%88%D9%8A%D8%B1-%D8%A7%D9%84%D8%A8%D9%86%D9%8A%D8%A9-%D8%A7%D9%84%D8%AF%D8%A7%D8%AE%D9%84%D9%8A%D8%A9-%D9%84%D9%84%D9%86%D8%B8%D8%A7%D9%85-backend-%D8%A8%D8%A7%D8%B3%D8%AA%D8%AE%D8%AF%D8%A7%D9%85-laravel,4.5,1,38 دقيقة,1,0,$10.00,يوم واحد,1,0,0.0,محمد ا.,https://khamsat.com/user/mhd_alkhattab,True,بائع جديد,5.0,3,83.33%,2,3,38 دقيقة
برمجة وتطوير,https://khamsat.com/programming,واجهات API والتكاملات,https://khamsat.com/programming/api-integrations,سوف اقوم في بناء واجهة خلفية من الصفر بستخدام Node Js,https://khamsat.com/programming/api-integrations/3050983-%D8%B3%D9%88%D9%81-%D8%A7%D9%82%D9%88%D9%85-%D9%81%D9%8A-%D8%A8%D9%86%D8%A7%D8%A1-%D9%88%D8%A7%D8%AC%D9%87%D8%A9-%D8%AE%D9%84%D9%81%D9%8A%D8%A9-%D9%85%D9%86-%D8%A7%D9%84%D8%B5%D9%81%D8%B1-%D8%A8%D8%B3%D8%AA%D8%AE%D8%AF%D8%A7%D9%85-node-js,0.0,0,لم يحسب,0,0,$5.00,يوم واحد,0,4,180.0,.Daoud B,https://khamsat.com/user/mohmddev,True,مشتري VIP,0.0,3,100.0%,2,3,11 ساعة
برمجة وتطوير,https://khamsat.com/programming,واجهات API والتكاملات,https://khamsat.com/programming/api-integrations,برمجة REST API حسب الطلب بلغة php أو python,https://khamsat.com/programming/api-integrations/1987163-%D8%A8%D8%B1%D9%85%D8%AC%D8%A9-rest-api-%D8%AD%D8%B3%D8%A8-%D8%A7%D9%84%D8%B7%D9%84%D8%A8-%D8%A8%D9%84%D8%BA%D8%A9-php-%D8%A3%D9%88-python,0.0,0,7 ساعات,0,0,$5.00,يوم واحد,0,0,0.0,.Anwar Kamel O,https://khamsat.com/user/anwarkamelouail,True,بائع جديد,2.5,2,100.0%,4,1,يوم
برمجة وتطوير,https://khamsat.com/programming,واجهات API والتكاملات,https://khamsat.com/programming/api-integrations,تطوير واجهات برمجية RESTful باستخدام Django,https://khamsat.com/programming/api-integrations/2930424-%D8%AA%D8%B7%D9%88%D9%8A%D8%B1-%D9%88%D8%A7%D8%AC%D9%87%D8%A7%D8%AA-%D8%A8%D8%B1%D9%85%D8%AC%D9%8A%D8%A9-restful-%D8%A8%D8%A7%D8%B3%D8%AA%D8%AE%D8%AF%D8%A7%D9%85-django,0.0,0,لم يحسب,0,0,$5.00,يومين,0,2,130.0,.Amr M,https://khamsat.com/user/amrmaher1,True,بائع جديد,0.0,0,لم يحسب بعد,1,0,لم يحسب
برمجة وتطوير,https://khamsat.com/programming,واجهات API والتكاملات,https://khamsat.com/programming/api-integrations,بناء RestAPIs المستخدم في عمليات crud بستخدام Nodejs,https://khamsat.com/programming/api-integrations/2202208-%D8%A8%D9%86%D8%A7%D8%A1-restapis-%D8%A7%D9%84%D9%85%D8%B3%D8%AA%D8%AE%D8%AF%D9%85-%D9%81%D9%8A-%D8%B9%D9%85%D9%84%D9%8A%D8%A7%D8%AA-crud-%D8%A8%D8%B3%D8%AA%D8%AE%D8%AF%D8%A7%D9%85-nodejs,5.0,1,8 ساعات,1,0,$10.00,ثلاثة أيام,1,2,30.0,.Mohammed D,https://khamsat.com/user/mohamddabbour,True,بائع جديد,5.0,2,100.0%,5,2,3 ساعات
برمجة وتطوير,https://khamsat.com/programming,واجهات API والتكاملات,https://khamsat.com/programming/api-integrations,تطوير مواقع تجاريه تطوير واجهه نظم خلفيه,https://khamsat.com/programming/api-integrations/2991204-%D8%AA%D8%B7%D9%88%D9%8A%D8%B1-%D9%85%D9%88%D8%A7%D9%82%D8%B9-%D8%AA%D8%AC%D8%A7%D8%B1%D9%8A%D9%87-%D8%AA%D8%B7%D9%88%D9%8A%D8%B1-%D9%88%D8%A7%D8%AC%D9%87%D9%87-%D9%86%D8%B8%D9%85-%D8%AE%D9%84%D9%81%D9%8A%D9%87,0.0,0,لم يحسب,0,0,$10.00,خمسة أيام,0,0,0.0,.Abdelrhman E,https://khamsat.com/user/abdoelhodaky,True,بائع جديد,0.0,0,لم يحسب بعد,1,0,لم يحسب
برمجة وتطوير,https://khamsat.com/programming,واجهات API والتكاملات,https://khamsat.com/programming/api-integrations,"تطوير المواقع الالكترونية باستخدام node.js , mongoDB",https://khamsat.com/programming/api-integrations/3042802-%D8%AA%D8%B7%D9%88%D9%8A%D8%B1-%D8%A7%D9%84%D9%85%D9%88%D8%A7%D9%82%D8%B9-%D8%A7%D9%84%D8%A7%D9%84%D9%83%D8%AA%D8%B1%D9%88%D9%86%D9%8A%D8%A9-%D8%A8%D8%A7%D8%B3%D8%AA%D8%AE%D8%AF%D8%A7%D9%85-node.js-mongodb,0.0,0,لم يحسب,0,0,$5.00,يوم واحد,0,0,0.0,.Ouareth M,https://khamsat.com/user/mohamed_salah001,False,بائع جديد,0.0,0,لم يحسب بعد,1,0,لم يحسب
برمجة وتطوير,https://khamsat.com/programming,واجهات API والتكاملات,https://khamsat.com/programming/api-integrations,تطوير وتحليل التوكنات للغة C# باستخدام تقنيات متقدمة,https://khamsat.com/programming/api-integrations/3049537-%D8%AA%D8%B7%D9%88%D9%8A%D8%B1-%D9%88%D8%AA%D8%AD%D9%84%D9%8A%D9%84-%D8%A7%D9%84%D8%AA%D9%88%D9%83%D9%86%D8%A7%D8%AA-%D9%84%D9%84%D8%BA%D8%A9-c-%D8%A8%D8%A7%D8%B3%D8%AA%D8%AE%D8%AF%D8%A7%D9%85-%D8%AA%D9%82%D9%86%D9%8A%D8%A7%D8%AA-%D9%85%D8%AA%D9%82%D8%AF%D9%85%D8%A9,0.0,0,لم يحسب,0,0,$5.00,يوم واحد,0,2,30.0,.Sherif E,https://khamsat.com/user/sherif_elgendy1,True,بائع جديد,0.0,0,لم يحسب بعد,2,0,لم يحسب
برمجة وتطوير,https://khamsat.com/programming,واجهات API والتكاملات,https://khamsat.com/programming/api-integrations,تطوير واجهات برمجية API باستخدام Node.js و Express.js,https://khamsat.com/programming/api-integrations/3042118-%D8%AA%D8%B7%D9%88%D9%8A%D8%B1-%D9%88%D8%A7%D8%AC%D9%87%D8%A7%D8%AA-%D8%A8%D8%B1%D9%85%D8%AC%D9%8A%D8%A9-api-%D8%A8%D8%A7%D8%B3%D8%AA%D8%AE%D8%AF%D8%A7%D9%85-node.js-%D9%88-express.js,0.0,0,لم يحسب,0,0,$5.00,يوم واحد,0,5,80.0,كريم أ.,https://khamsat.com/user/kareemabo3id,True,مشتري جاد,0.0,0,لم يحسب بعد,2,0,لم يحسب
برمجة وتطوير,https://khamsat.com/programming,واجهات API والتكاملات,https://khamsat.com/programming/api-integrations,تطوير ودمج واجهات API باحترافية باستخدام Laravel,https://khamsat.com/programming/api-integrations/3035929-%D8%AA%D8%B7%D9%88%D9%8A%D8%B1-%D9%88%D8%AF%D9%85%D8%AC-%D9%88%D8%A7%D8%AC%D9%87%D8%A7%D8%AA-api-%D8%A8%D8%A7%D8%AD%D8%AA%D8%B1%D8%A7%D9%81%D9%8A%D8%A9-%D8%A8%D8%A7%D8%B3%D8%AA%D8%AE%D8%AF%D8%A7%D9%85-laravel,0.0,0,لم يحسب,0,0,$5.00,يوم واحد,0,5,30.0,.Mensour F,https://khamsat.com/user/mensour_dev_47,True,بائع جديد,0.0,0,لم يحسب بعد,2,0,لم يحسب
برمجة وتطوير,https://khamsat.com/programming,واجهات API والتكاملات,https://khamsat.com/programming/api-integrations,بناء restfull api كامل باستخدامphp و ربطه بقاعدة البيانات,https://khamsat.com/programming/api-integrations/3022247-%D8%A8%D9%86%D8%A7%D8%A1-restfull-api-%D9%83%D8%A7%D9%85%D9%84-%D8%A8%D8%A7%D8%B3%D8%AA%D8%AE%D8%AF%D8%A7%D9%85php-%D9%88-%D8%B1%D8%A8%D8%B7%D9%87-%D8%A8%D9%82%D8%A7%D8%B9%D8%AF%D8%A9-%D8%A7%D9%84%D8%A8%D9%8A%D8%A7%D9%86%D8%A7%D8%AA,0.0,0,لم يحسب,0,0,$5.00,يوم واحد,0,5,250.0,.Youcef M,https://khamsat.com/user/youcefmb,True,بائع جديد,0.0,0,لم يحسب بعد,3,0,لم يحسب
برمجة وتطوير,https://khamsat.com/programming,واجهات API والتكاملات,https://khamsat.com/programming/api-integrations,دمج واجهات API والتكاملات مع تطبيق Flutter,https://khamsat.com/programming/api-integrations/3045088-%D8%AF%D9%85%D8%AC-%D9%88%D8%A7%D8%AC%D9%87%D8%A7%D8%AA-api-%D9%88%D8%A7%D9%84%D8%AA%D9%83%D8%A7%D9%85%D9%84%D8%A7%D8%AA-%D9%85%D8%B9-%D8%AA%D8%B7%D8%A8%D9%8A%D9%82-flutter,0.0,0,لم يحسب,0,0,$10.00,يومين,0,1,10.0,.Moaaz A,https://khamsat.com/user/moaazahmed_work,True,بائع جديد,0.0,0,لم يحسب بعد,4,0,لم يحسب
برمجة وتطوير,https://khamsat.com/programming,واجهات API والتكاملات,https://khamsat.com/programming/api-integrations,خدمة WhatsApp API واجهة برمجية سهلة لارسال رسائل واتساب,https://khamsat.com/programming/api-integrations/2780496-%D8%AE%D8%AF%D9%85%D8%A9-whatsapp-api-%D9%88%D8%A7%D8%AC%D9%87%D8%A9-%D8%A8%D8%B1%D9%85%D8%AC%D9%8A%D8%A9-%D8%B3%D9%87%D9%84%D8%A9-%D9%84%D8%A7%D8%B1%D8%B3%D8%A7%D9%84-%D8%B1%D8%B3%D8%A7%D8%A6%D9%84-%D9%88%D8%A7%D8%AA%D8%B3%D8%A7%D8%A8,0.0,0,لم يحسب,0,0,$15.00,يومين,0,3,125.0,.Anas J,https://khamsat.com/user/anasjco,True,بائع نشيط,5.0,11,68.18%,9,14,3 أيام
برمجة وتطوير,https://khamsat.com/programming,واجهات API والتكاملات,https://khamsat.com/programming/api-integrations,برمجة وإعداد الـ Backend لموقعك الإلكتروني باستخدام Node.js,https://khamsat.com/programming/api-integrations/3054537-%D8%A8%D8%B1%D9%85%D8%AC%D8%A9-%D9%88%D8%A5%D8%B9%D8%AF%D8%A7%D8%AF-%D8%A7%D9%84%D9%80-backend-%D9%84%D9%85%D9%88%D9%82%D8%B9%D9%83-%D8%A7%D9%84%D8%A5%D9%84%D9%83%D8%AA%D8%B1%D9%88%D9%86%D9%8A-%D8%A8%D8%A7%D8%B3%D8%AA%D8%AE%D8%AF%D8%A7%D9%85-node.js,0.0,0,لم يحسب,0,0,$5.00,يومين,0,0,0.0,.Yasmeen A,https://khamsat.com/user/yasmeen_alashry,False,بائع جديد,0.0,0,لم يحسب بعد,2,0,لم يحسب
برمجة وتطوير,https://khamsat.com/programming,واجهات API والتكاملات,https://khamsat.com/programming/api-integrations,تطوير واجهة برامج API بإستخدام Python أو NodeJS,https://khamsat.com/programming/api-integrations/2990104-%D8%AA%D8%B7%D9%88%D9%8A%D8%B1-%D9%88%D8%A7%D8%AC%D9%87%D8%A9-%D8%A8%D8%B1%D8%A7%D9%85%D8%AC-api-%D8%A8%D8%A5%D8%B3%D8%AA%D8%AE%D8%AF%D8%A7%D9%85-python-%D8%A3%D9%88-nodejs,0.0,0,لم يحسب,0,0,$15.00,يومين,0,5,125.0,.Ibrahim A,https://khamsat.com/user/ebra_1,True,بائع نشيط,0.0,15,97.83%,5,19,ساعة
برمجة وتطوير,https://khamsat.com/programming,واجهات API والتكاملات,https://khamsat.com/programming/api-integrations,إنشاء واجهات برمجية API لموقعك باستخدام Node.js,https://khamsat.com/programming/api-integrations/3047029-%D8%A5%D9%86%D8%B4%D8%A7%D8%A1-%D9%88%D8%A7%D8%AC%D9%87%D8%A7%D8%AA-%D8%A8%D8%B1%D9%85%D8%AC%D9%8A%D8%A9-api-%D9%84%D9%85%D9%88%D9%82%D8%B9%D9%83-%D8%A8%D8%A7%D8%B3%D8%AA%D8%AE%D8%AF%D8%A7%D9%85-node.js,0.0,0,لم يحسب,0,0,$10.00,ثلاثة أيام,0,4,50.0,.Mostafa A,https://khamsat.com/user/mostafa_nasser213,True,بائع جديد,0.0,0,لم يحسب بعد,1,0,لم يحسب
برمجة وتطوير,https://khamsat.com/programming,بوابات الدفع الإلكتروني,https://khamsat.com/programming/payment-gateways,تفعيل واضافة زر الدفع باي بال عبر الفيزا والماستر كارد,https://khamsat.com/programming/payment-gateways/2761543-%D8%AA%D9%81%D8%B9%D9%8A%D9%84-%D9%88%D8%A7%D8%B6%D8%A7%D9%81%D8%A9-%D8%B2%D8%B1-%D8%A7%D9%84%D8%AF%D9%81%D8%B9-%D8%A8%D8%A7%D9%8A-%D8%A8%D8%A7%D9%84-%D8%B9%D8%A8%D8%B1-%D8%A7%D9%84%D9%81%D9%8A%D8%B2%D8%A7-%D9%88%D8%A7%D9%84%D9%85%D8%A7%D8%B3%D8%AA%D8%B1-%D9%83%D8%A7%D8%B1%D8%AF,5.0,13,23 دقيقة,15,0,$25.00,يومين,13,2,85.0,.Bavly G,https://khamsat.com/user/bavly_george,True,بائع مميز,5.0,41,87.14%,6,38,ساعة
برمجة وتطوير,https://khamsat.com/programming,بوابات الدفع الإلكتروني,https://khamsat.com/programming/payment-gateways,سأساعدك و اقدم لك جميع المعلومات المطلوبة للقبول في سترايب,https://khamsat.com/programming/payment-gateways/2529344-%D8%B3%D8%A3%D8%B3%D8%A7%D8%B9%D8%AF%D9%83-%D9%88-%D8%A7%D9%82%D8%AF%D9%85-%D9%84%D9%83-%D8%AC%D9%85%D9%8A%D8%B9-%D8%A7%D9%84%D9%85%D8%B9%D9%84%D9%88%D9%85%D8%A7%D8%AA-%D8%A7%D9%84%D9%85%D8%B7%D9%84%D9%88%D8%A8%D8%A9-%D9%84%D9%84%D9%82%D8%A8%D9%88%D9%84-%D9%81%D9%8A-%D8%B3%D8%AA%D8%B1%D8%A7%D9%8A%D8%A8,5.0,4,يوم,6,0,$10.00,ثلاثة أيام,4,1,10.0,.Alaeddine M,https://khamsat.com/user/mohandalassiri,True,بائع نشيط,5.0,15,72.92%,5,17,يومين
برمجة وتطوير,https://khamsat.com/programming,بوابات الدفع الإلكتروني,https://khamsat.com/programming/payment-gateways,إضافة بوابة الدفع بنك الراجحي alrajhi bank إلى موقعك,https://khamsat.com/programming/payment-gateways/2942332-%D8%A5%D8%B6%D8%A7%D9%81%D8%A9-%D8%A8%D9%88%D8%A7%D8%A8%D8%A9-%D8%A7%D9%84%D8%AF%D9%81%D8%B9-%D8%A8%D9%86%D9%83-%D8%A7%D9%84%D8%B1%D8%A7%D8%AC%D8%AD%D9%8A-alrajhi-bank-%D8%A5%D9%84%D9%89-%D9%85%D9%88%D9%82%D8%B9%D9%83,0.0,0,لم يحسب,1,0,$25.00,أسبوع,0,0,0.0,.Abdelatif B,https://khamsat.com/user/benichou_abdelatif,True,بائع نشيط,4.5,10,80.0%,6,9,3 ساعات
برمجة وتطوير,https://khamsat.com/programming,بوابات الدفع الإلكتروني,https://khamsat.com/programming/payment-gateways,اضافة Credit Card مرتبطة بحساب بايبال للمتاجر smart button,https://khamsat.com/programming/payment-gateways/2571772-%D8%A7%D8%B6%D8%A7%D9%81%D8%A9-credit-card-%D9%85%D8%B1%D8%AA%D8%A8%D8%B7%D8%A9-%D8%A8%D8%AD%D8%B3%D8%A7%D8%A8-%D8%A8%D8%A7%D9%8A%D8%A8%D8%A7%D9%84-%D9%84%D9%84%D9%85%D8%AA%D8%A7%D8%AC%D8%B1-smart-button,4.5,6,7 ساعات,6,0,$10.00,يوم واحد,6,1,5.0,.Mohammed A,https://khamsat.com/user/mohammed_shafi,True,بائع نشيط,4.5,7,62.5%,1,6,7 ساعات
برمجة وتطوير,https://khamsat.com/programming,بوابات الدفع الإلكتروني,https://khamsat.com/programming/payment-gateways,تركيب اى وسيلة دفع فى موقعك laravel - wordpress,https://khamsat.com/programming/payment-gateways/2658597-%D8%AA%D8%B1%D9%83%D9%8A%D8%A8-%D8%A7%D9%89-%D9%88%D8%B3%D9%8A%D9%84%D8%A9-%D8%AF%D9%81%D8%B9-%D9%81%D9%89-%D9%85%D9%88%D9%82%D8%B9%D9%83-laravel-wordpress,5.0,2,ساعة,2,0,$10.00,ثلاثة أيام,2,2,115.0,.Mahmoud D,https://khamsat.com/user/mahmoud_diab77,True,بائع جديد,5.0,2,100.0%,4,2,ساعة
برمجة وتطوير,https://khamsat.com/programming,بوابات الدفع الإلكتروني,https://khamsat.com/programming/payment-gateways,سأقوم بدمج PayPal في موقع الويب الخاص بك ودمج الأزرار الذكية,https://khamsat.com/programming/payment-gateways/3016905-%D8%B3%D8%A3%D9%82%D9%88%D9%85-%D8%A8%D8%AF%D9%85%D8%AC-paypal-%D9%81%D9%8A-%D9%85%D9%88%D9%82%D8%B9-%D8%A7%D9%84%D9%88%D9%8A%D8%A8-%D8%A7%D9%84%D8%AE%D8%A7%D8%B5-%D8%A8%D9%83-%D9%88%D8%AF%D9%85%D8%AC-%D8%A7%D9%84%D8%A3%D8%B2%D8%B1%D8%A7%D8%B1-%D8%A7%D9%84%D8%B0%D9%83%D9%8A%D8%A9,0.0,0,لم يحسب,0,0,$10.00,يوم واحد,0,0,0.0,.Aymane F,https://khamsat.com/user/aymaneflakti,True,مشتري جاد,0.0,0,لم يحسب بعد,3,0,لم يحسب
برمجة وتطوير,https://khamsat.com/programming,بوابات الدفع الإلكتروني,https://khamsat.com/programming/payment-gateways,ربط موقعك بوسيلة دفع اون لاين,https://khamsat.com/programming/payment-gateways/1158041-%D8%B1%D8%A8%D8%B7-%D9%85%D9%88%D9%82%D8%B9%D9%83-%D8%A8%D9%88%D8%B3%D9%8A%D9%84%D8%A9-%D8%AF%D9%81%D8%B9-%D8%A7%D9%88%D9%86-%D9%84%D8%A7%D9%8A%D9%86,4.5,8,3 أيام,10,0,$10.00,أسبوع,8,5,450.0,.Mostafa M,https://khamsat.com/user/dmostafa,True,بائع نشيط,4.5,8,100.0%,4,10,يوم
برمجة وتطوير,https://khamsat.com/programming,بوابات الدفع الإلكتروني,https://khamsat.com/programming/payment-gateways,اضافة ميزات دفع متنوعة لموقع إلكتروني,https://khamsat.com/programming/payment-gateways/2490746-%D8%A7%D8%B6%D8%A7%D9%81%D8%A9-%D9%85%D9%8A%D8%B2%D8%A7%D8%AA-%D8%AF%D9%81%D8%B9-%D9%85%D8%AA%D9%86%D9%88%D8%B9%D8%A9-%D9%84%D9%85%D9%88%D9%82%D8%B9-%D8%A5%D9%84%D9%83%D8%AA%D8%B1%D9%88%D9%86%D9%8A,5.0,2,8 دقائق,2,0,$25.00,يوم واحد,2,4,210.0,.Ziad A,https://khamsat.com/user/ziadtalha,True,بائع نشيط,5.0,11,70.0%,2,11,ساعتين
برمجة وتطوير,https://khamsat.com/programming,بوابات الدفع الإلكتروني,https://khamsat.com/programming/payment-gateways,"اضافة بوابة دفع الكترونى للموقع الكترونى laravel , php",https://khamsat.com/programming/payment-gateways/2792935-%D8%A7%D8%B6%D8%A7%D9%81%D8%A9-%D8%A8%D9%88%D8%A7%D8%A8%D8%A9-%D8%AF%D9%81%D8%B9-%D8%A7%D9%84%D9%83%D8%AA%D8%B1%D9%88%D9%86%D9%89-%D9%84%D9%84%D9%85%D9%88%D9%82%D8%B9-%D8%A7%D9%84%D9%83%D8%AA%D8%B1%D9%88%D9%86%D9%89-laravel-php,0.0,0,لم يحسب,0,0,$20.00,يومين,0,0,0.0,يوسف س.,https://khamsat.com/user/youssef_simon,True,بائع نشيط,4.5,10,88.57%,4,7,13 ساعة
برمجة وتطوير,https://khamsat.com/programming,بوابات الدفع الإلكتروني,https://khamsat.com/programming/payment-gateways,تكامل بوابات الدفع الإلكتروني,https://khamsat.com/programming/payment-gateways/3047339-%D8%AA%D9%83%D8%A7%D9%85%D9%84-%D8%A8%D9%88%D8%A7%D8%A8%D8%A7%D8%AA-%D8%A7%D9%84%D8%AF%D9%81%D8%B9-%D8%A7%D9%84%D8%A5%D9%84%D9%83%D8%AA%D8%B1%D9%88%D9%86%D9%8A,0.0,0,لم يحسب,0,0,$10.00,يومين,0,0,0.0,.Mohamed Z,https://khamsat.com/user/mohamed_zaher_22,False,بائع جديد,0.0,0,لم يحسب بعد,1,0,لم يحسب
برمجة وتطوير,https://khamsat.com/programming,بوابات الدفع الإلكتروني,https://khamsat.com/programming/payment-gateways,إضافة زر باي بال إلى موقعك,https://khamsat.com/programming/payment-gateways/2821090-%D8%A5%D8%B6%D8%A7%D9%81%D8%A9-%D8%B2%D8%B1-%D8%A8%D8%A7%D9%8A-%D8%A8%D8%A7%D9%84-%D8%A5%D9%84%D9%89-%D9%85%D9%88%D9%82%D8%B9%D9%83,0.0,0,لم يحسب,0,0,$10.00,يوم واحد,0,0,0.0,.Amine A,https://khamsat.com/user/amine_dev2020,True,بائع جديد,0.0,0,لم يحسب بعد,2,0,لم يحسب
برمجة وتطوير,https://khamsat.com/programming,بوابات الدفع الإلكتروني,https://khamsat.com/programming/payment-gateways,ربط موقعك الالكتروني ببنك بايير,https://khamsat.com/programming/payment-gateways/641069-%D8%B1%D8%A8%D8%B7-%D9%85%D9%88%D9%82%D8%B9%D9%83-%D8%A7%D9%84%D8%A7%D9%84%D9%83%D8%AA%D8%B1%D9%88%D9%86%D9%8A-%D8%A8%D8%A8%D9%86%D9%83-%D8%A8%D8%A7%D9%8A%D9%8A%D8%B1,5.0,1,47 دقيقة,1,0,$5.00,يومين,1,0,0.0,.Yasin O,https://khamsat.com/user/ouzay,True,بائع مميز,4.5,22,62.77%,5,28,4 ساعات
برمجة وتطوير,https://khamsat.com/programming,بوابات الدفع الإلكتروني,https://khamsat.com/programming/payment-gateways,أضافة بوابة دفع عبر البطاقة البنكية فيزا وماستر كارد,https://khamsat.com/programming/payment-gateways/2798988-%D8%A3%D8%B6%D8%A7%D9%81%D8%A9-%D8%A8%D9%88%D8%A7%D8%A8%D8%A9-%D8%AF%D9%81%D8%B9-%D8%B9%D8%A8%D8%B1-%D8%A7%D9%84%D8%A8%D8%B7%D8%A7%D9%82%D8%A9-%D8%A7%D9%84%D8%A8%D9%86%D9%83%D9%8A%D8%A9-%D9%81%D9%8A%D8%B2%D8%A7-%D9%88%D9%85%D8%A7%D8%B3%D8%AA%D8%B1-%D9%83%D8%A7%D8%B1%D8%AF,5.0,4,ساعتين,4,0,$25.00,يوم واحد,4,3,75.0,.Abanob F,https://khamsat.com/user/abanob-farag,True,بائع نشيط,4.5,28,86.05%,8,30,14 ساعة
برمجة وتطوير,https://khamsat.com/programming,بوابات الدفع الإلكتروني,https://khamsat.com/programming/payment-gateways,سأساعدك في انشاء بوابة سترايب,https://khamsat.com/programming/payment-gateways/2676863-%D8%B3%D8%A3%D8%B3%D8%A7%D8%B9%D8%AF%D9%83-%D9%81%D9%8A-%D8%A7%D9%86%D8%B4%D8%A7%D8%A1-%D8%A8%D9%88%D8%A7%D8%A8%D8%A9-%D8%B3%D8%AA%D8%B1%D8%A7%D9%8A%D8%A8,0.0,0,لم يحسب,0,0,$10.00,يوم واحد,0,1,25.0,.Aziz A,https://khamsat.com/user/malek_jalamneh8926,False,مشتري جديد,0.0,0,لم يحسب بعد,1,0,لم يحسب
برمجة وتطوير,https://khamsat.com/programming,بوابات الدفع الإلكتروني,https://khamsat.com/programming/payment-gateways,تفعيل وسائل الدفع في متجر سلة,https://khamsat.com/programming/payment-gateways/2105388-%D8%AA%D9%81%D8%B9%D9%8A%D9%84-%D9%88%D8%B3%D8%A7%D8%A6%D9%84-%D8%A7%D9%84%D8%AF%D9%81%D8%B9-%D9%81%D9%8A-%D9%85%D8%AA%D8%AC%D8%B1-%D8%B3%D9%84%D8%A9,5.0,6,3 ساعات,7,0,$20.00,يوم واحد,6,5,340.0,مهند ا.,https://khamsat.com/user/mohannad_wz,True,بائع مميز,4.5,70,91.14%,6,122,8 ساعات
برمجة وتطوير,https://khamsat.com/programming,بوابات الدفع الإلكتروني,https://khamsat.com/programming/payment-gateways,ربط متجرك ببوابات الدفع المصرية,https://khamsat.com/programming/payment-gateways/2763978-%D8%B1%D8%A8%D8%B7-%D9%85%D8%AA%D8%AC%D8%B1%D9%83-%D8%A8%D8%A8%D9%88%D8%A7%D8%A8%D8%A7%D8%AA-%D8%A7%D9%84%D8%AF%D9%81%D8%B9-%D8%A7%D9%84%D9%85%D8%B5%D8%B1%D9%8A%D8%A9,0.0,0,لم يحسب,0,0,$5.00,يوم واحد,0,0,0.0,.Hassan H,https://khamsat.com/user/hassanhegazey,True,بائع جديد,0.0,0,لم يحسب بعد,2,0,لم يحسب
برمجة وتطوير,https://khamsat.com/programming,بوابات الدفع الإلكتروني,https://khamsat.com/programming/payment-gateways,إضافة طرق دفع و بوابة دفع للوردبريس,https://khamsat.com/programming/payment-gateways/1926440-%D8%A5%D8%B6%D8%A7%D9%81%D8%A9-%D8%B7%D8%B1%D9%82-%D8%AF%D9%81%D8%B9-%D9%88-%D8%A8%D9%88%D8%A7%D8%A8%D8%A9-%D8%AF%D9%81%D8%B9-%D9%84%D9%84%D9%88%D8%B1%D8%AF%D8%A8%D8%B1%D9%8A%D8%B3,5.0,1,4 ساعات,2,0,$25.00,يوم واحد,1,5,105.0,.Ahmed F,https://khamsat.com/user/seo_sky,True,بائع مميز,5.0,204,85.95%,15,134,5 ساعات
برمجة وتطوير,https://khamsat.com/programming,بوابات الدفع الإلكتروني,https://khamsat.com/programming/payment-gateways,تحويل تصاميم figma و adobe xd الي تطبيق باستخدام فلاتر,https://khamsat.com/programming/payment-gateways/2876548-%D8%AA%D8%AD%D9%88%D9%8A%D9%84-%D8%AA%D8%B5%D8%A7%D9%85%D9%8A%D9%85-figma-%D9%88-adobe-xd-%D8%A7%D9%84%D9%8A-%D8%AA%D8%B7%D8%A8%D9%8A%D9%82-%D8%A8%D8%A7%D8%B3%D8%AA%D8%AE%D8%AF%D8%A7%D9%85-%D9%81%D9%84%D8%A7%D8%AA%D8%B1,0.0,0,لم يحسب,0,0,$10.00,ثلاثة أيام,0,3,35.0,مصطفي ا.,https://khamsat.com/user/mostafa_moahm3d,True,بائع جديد,0.0,0,لم يحسب بعد,1,0,لم يحسب
برمجة وتطوير,https://khamsat.com/programming,بوابات الدفع الإلكتروني,https://khamsat.com/programming/payment-gateways,سأجعل متجرك يقبل الدفع بالبطاقة credit debit card,https://khamsat.com/programming/payment-gateways/2872121-%D8%B3%D8%A3%D8%AC%D8%B9%D9%84-%D9%85%D8%AA%D8%AC%D8%B1%D9%83-%D9%8A%D9%82%D8%A8%D9%84-%D8%A7%D9%84%D8%AF%D9%81%D8%B9-%D8%A8%D8%A7%D9%84%D8%A8%D8%B7%D8%A7%D9%82%D8%A9-credit-debit-card,0.0,0,39 دقيقة,0,0,$10.00,يوم واحد,0,1,5.0,.Khaled A,https://khamsat.com/user/khaler556,True,مشتري جديد,0.0,0,0.0%,4,0,39 دقيقة
برمجة وتطوير,https://khamsat.com/programming,بوابات الدفع الإلكتروني,https://khamsat.com/programming/payment-gateways,دمج بوبات الدفع الالكتروني,https://khamsat.com/programming/payment-gateways/443841-%D8%AF%D9%85%D8%AC-%D8%A8%D9%88%D8%A8%D8%A7%D8%AA-%D8%A7%D9%84%D8%AF%D9%81%D8%B9-%D8%A7%D9%84%D8%A7%D9%84%D9%83%D8%AA%D8%B1%D9%88%D9%86%D9%8A,0.0,0,43 دقيقة,0,0,$5.00,أربعة أيام,0,0,0.0,.Abderrazak E,https://khamsat.com/user/abderrazak-er,False,بائع جديد,0.0,0,لم يحسب بعد,3,0,يوم
برمجة وتطوير,https://khamsat.com/programming,بوابات الدفع الإلكتروني,https://khamsat.com/programming/payment-gateways,"اضافة خدمة الدفع لموقعك paypal,skrill,payoner,veretol",https://khamsat.com/programming/payment-gateways/1547891-%D8%A7%D8%B6%D8%A7%D9%81%D8%A9-%D8%AE%D8%AF%D9%85%D8%A9-%D8%A7%D9%84%D8%AF%D9%81%D8%B9-%D9%84%D9%85%D9%88%D9%82%D8%B9%D9%83-paypalskrillpayonerveretol,5.0,1,12 ساعة,2,0,$5.00,خمسة أيام,1,2,115.0,خليل ف.,https://khamsat.com/user/pc.gf3,True,بائع جديد,5.0,1,81.82%,1,2,12 ساعة
برمجة وتطوير,https://khamsat.com/programming,بوابات الدفع الإلكتروني,https://khamsat.com/programming/payment-gateways,إضافة بوابة دفع لمتجرك الإلكتروني Stripe-PayPal-2checkout,https://khamsat.com/programming/payment-gateways/2078663-%D8%A5%D8%B6%D8%A7%D9%81%D8%A9-%D8%A8%D9%88%D8%A7%D8%A8%D8%A9-%D8%AF%D9%81%D8%B9-%D9%84%D9%85%D8%AA%D8%AC%D8%B1%D9%83-%D8%A7%D9%84%D8%A5%D9%84%D9%83%D8%AA%D8%B1%D9%88%D9%86%D9%8A-stripe-paypal-2checkout,0.0,0,يوم,0,0,$5.00,أسبوعين,0,3,300.0,.Mohammed Ziyad H,https://khamsat.com/user/ziyad_hafri,True,بائع جديد,0.0,0,0.0%,2,0,17 ساعة
برمجة وتطوير,https://khamsat.com/programming,بوابات الدفع الإلكتروني,https://khamsat.com/programming/payment-gateways,انشاء بوابات دفع علي جميع انواع المواقع,https://khamsat.com/programming/payment-gateways/3019120-%D8%A7%D9%86%D8%B4%D8%A7%D8%A1-%D8%A8%D9%88%D8%A7%D8%A8%D8%A7%D8%AA-%D8%AF%D9%81%D8%B9-%D8%B9%D9%84%D9%8A-%D8%AC%D9%85%D9%8A%D8%B9-%D8%A7%D9%86%D9%88%D8%A7%D8%B9-%D8%A7%D9%84%D9%85%D9%88%D8%A7%D9%82%D8%B9,0.0,0,لم يحسب,0,0,$10.00,يوم واحد,0,0,0.0,باسل و.,https://khamsat.com/user/baselwaleed,False,بائع جديد,0.0,0,لم يحسب بعد,1,0,لم يحسب
برمجة وتطوير,https://khamsat.com/programming,بوابات الدفع الإلكتروني,https://khamsat.com/programming/payment-gateways,اضافة نظام الدفع للموقع من أي بوابة دفع,https://khamsat.com/programming/payment-gateways/2024312-%D8%A7%D8%B6%D8%A7%D9%81%D8%A9-%D9%86%D8%B8%D8%A7%D9%85-%D8%A7%D9%84%D8%AF%D9%81%D8%B9-%D9%84%D9%84%D9%85%D9%88%D9%82%D8%B9-%D9%85%D9%86-%D8%A3%D9%8A-%D8%A8%D9%88%D8%A7%D8%A8%D8%A9-%D8%AF%D9%81%D8%B9,5.0,1,6 دقائق,2,0,$25.00,يوم واحد,1,1,15.0,.Ahmed I,https://khamsat.com/user/pahmedabdo,True,بائع نشيط,4.5,12,86.84%,3,15,ساعة
برمجة وتطوير,https://khamsat.com/programming,بوابات الدفع الإلكتروني,https://khamsat.com/programming/payment-gateways,اضافه بوابة دفع للموقع باستخدام php,https://khamsat.com/programming/payment-gateways/1500650-%D8%A7%D8%B6%D8%A7%D9%81%D9%87-%D8%A8%D9%88%D8%A7%D8%A8%D8%A9-%D8%AF%D9%81%D8%B9-%D9%84%D9%84%D9%85%D9%88%D9%82%D8%B9-%D8%A8%D8%A7%D8%B3%D8%AA%D8%AE%D8%AF%D8%A7%D9%85-php,5.0,2,39 دقيقة,2,0,$5.00,يومين,2,1,20.0,.Yousef H,https://khamsat.com/user/yousef_hatem,True,بائع نشيط,5.0,9,100.0%,4,10,ساعة
برمجة وتطوير,https://khamsat.com/programming,بوابات الدفع الإلكتروني,https://khamsat.com/programming/payment-gateways,اضافة نظام الدفع باي بال للموقع,https://khamsat.com/programming/payment-gateways/803959-%D8%A7%D8%B6%D8%A7%D9%81%D8%A9-%D9%86%D8%B8%D8%A7%D9%85-%D8%A7%D9%84%D8%AF%D9%81%D8%B9-%D8%A8%D8%A7%D9%8A-%D8%A8%D8%A7%D9%84-%D9%84%D9%84%D9%85%D9%88%D9%82%D8%B9,0.0,0,يوم,0,0,$5.00,ثلاثة أيام,0,1,25.0,.Alberto S,https://khamsat.com/user/piero-e.-soliman,False,مشتري VIP,5.0,3,78.57%,4,4,14 ساعة
برمجة وتطوير,https://khamsat.com/programming,بوابات الدفع الإلكتروني,https://khamsat.com/programming/payment-gateways,إعداد بوابة دفع عالية المخاطر لمعالجة البطاقات البنكية,https://khamsat.com/programming/payment-gateways/2699171-%D8%A5%D8%B9%D8%AF%D8%A7%D8%AF-%D8%A8%D9%88%D8%A7%D8%A8%D8%A9-%D8%AF%D9%81%D8%B9-%D8%B9%D8%A7%D9%84%D9%8A%D8%A9-%D8%A7%D9%84%D9%85%D8%AE%D8%A7%D8%B7%D8%B1-%D9%84%D9%85%D8%B9%D8%A7%D9%84%D8%AC%D8%A9-%D8%A7%D9%84%D8%A8%D8%B7%D8%A7%D9%82%D8%A7%D8%AA-%D8%A7%D9%84%D8%A8%D9%86%D9%83%D9%8A%D8%A9,0.0,0,12 دقيقة,0,0,$10.00,يوم واحد,0,0,0.0,.Brahim D,https://khamsat.com/user/codarab,False,بائع جديد,0.0,0,0.0%,3,0,10 ساعات
برمجة وتطوير,https://khamsat.com/programming,بوابات الدفع الإلكتروني,https://khamsat.com/programming/payment-gateways,"اضافة وسيلة الدفع ب (Stripe, Paypal...)",https://khamsat.com/programming/payment-gateways/2420120-%D8%A7%D8%B6%D8%A7%D9%81%D8%A9-%D9%88%D8%B3%D9%8A%D9%84%D8%A9-%D8%A7%D9%84%D8%AF%D9%81%D8%B9-%D8%A8-stripe-paypal,0.0,0,ساعتين,0,0,$10.00,يوم واحد,0,1,50.0,سكينة ا.,https://khamsat.com/user/s_talhaouy,True,بائع جديد,0.0,0,لم يحسب بعد,4,0,ساعة
برمجة وتطوير,https://khamsat.com/programming,بوابات الدفع الإلكتروني,https://khamsat.com/programming/payment-gateways,اضافة الدفع باستعمال عملات البيتكوين لموقعك,https://khamsat.com/programming/payment-gateways/1597071-%D8%A7%D8%B6%D8%A7%D9%81%D8%A9-%D8%A7%D9%84%D8%AF%D9%81%D8%B9-%D8%A8%D8%A7%D8%B3%D8%AA%D8%B9%D9%85%D8%A7%D9%84-%D8%B9%D9%85%D9%84%D8%A7%D8%AA-%D8%A7%D9%84%D8%A8%D9%8A%D8%AA%D9%83%D9%88%D9%8A%D9%86-%D9%84%D9%85%D9%88%D9%82%D8%B9%D9%83,0.0,0,3 ساعات,0,0,$5.00,ثلاثة أيام,0,0,0.0,موراد م.,https://khamsat.com/user/morsli,True,بائع نشيط,5.0,16,85.29%,4,15,16 ساعة
برمجة وتطوير,https://khamsat.com/programming,بوابات الدفع الإلكتروني,https://khamsat.com/programming/payment-gateways,إعداد، تركيب، حل جميع مشاكل وسائل الدفع الوكومرس,https://khamsat.com/programming/payment-gateways/1826754-%D8%A5%D8%B9%D8%AF%D8%A7%D8%AF-%D8%AA%D8%B1%D9%83%D9%8A%D8%A8-%D8%AD%D9%84-%D8%AC%D9%85%D9%8A%D8%B9-%D9%85%D8%B4%D8%A7%D9%83%D9%84-%D9%88%D8%B3%D8%A7%D8%A6%D9%84-%D8%A7%D9%84%D8%AF%D9%81%D8%B9-%D8%A7%D9%84%D9%88%D9%83%D9%88%D9%85%D8%B1%D8%B3,0.0,0,ساعتين,1,0,$5.00,يوم واحد,0,0,0.0,.Mohamed I,https://khamsat.com/user/kgrtyhbffg,True,بائع نشيط,5.0,7,56.52%,6,10,ساعتين
برمجة وتطوير,https://khamsat.com/programming,تحويل تصميم PSD لموقع,https://khamsat.com/programming/convert-psd,تحويل PSD XD لموقع متجاوب عربي انجليزي html CSS js,https://khamsat.com/programming/convert-psd/1778888-%D8%AA%D8%AD%D9%88%D9%8A%D9%84-psd-xd-%D9%84%D9%85%D9%88%D9%82%D8%B9-%D9%85%D8%AA%D8%AC%D8%A7%D9%88%D8%A8-%D8%B9%D8%B1%D8%A8%D9%8A-%D8%A7%D9%86%D8%AC%D9%84%D9%8A%D8%B2%D9%8A-html-css-js,5.0,12,14 ساعة,17,1,$5.00,يوم واحد,12,5,365.0,.Mahmoud I,https://khamsat.com/user/m_ibr18,True,بائع مميز,5.0,13,77.78%,2,19,9 ساعات
برمجة وتطوير,https://khamsat.com/programming,تحويل تصميم PSD لموقع,https://khamsat.com/programming/convert-psd,تحويل تصميم xd or figma لكود html/css,https://khamsat.com/programming/convert-psd/2834936-%D8%AA%D8%AD%D9%88%D9%8A%D9%84-%D8%AA%D8%B5%D9%85%D9%8A%D9%85-xd-or-figma-%D9%84%D9%83%D9%88%D8%AF-htmlcss,5.0,3,20 دقيقة,3,0,$10.00,يوم واحد,3,4,45.0,.Ahmed F,https://khamsat.com/user/alhegazy2021,True,بائع نشيط,4.5,21,90.24%,6,15,ساعة
برمجة وتطوير,https://khamsat.com/programming,تحويل تصميم PSD لموقع,https://khamsat.com/programming/convert-psd,تحويل من psd الي CSS و Html معاصر,https://khamsat.com/programming/convert-psd/1298641-%D8%AA%D8%AD%D9%88%D9%8A%D9%84-%D9%85%D9%86-psd-%D8%A7%D9%84%D9%8A-css-%D9%88-html-%D9%85%D8%B9%D8%A7%D8%B5%D8%B1,5.0,29,يوم,33,0,$20.00,يومين,25,5,430.0,عمرو ا.,https://khamsat.com/user/amrdes2001,True,بائع مميز,5.0,29,93.1%,2,33,13 ساعة
برمجة وتطوير,https://khamsat.com/programming,تحويل تصميم PSD لموقع,https://khamsat.com/programming/convert-psd,تحويل تصميم figma/ xd / psd الى اكواد موقع متجاوب,https://khamsat.com/programming/convert-psd/2839214-%D8%AA%D8%AD%D9%88%D9%8A%D9%84-%D8%AA%D8%B5%D9%85%D9%8A%D9%85-figma-xd-psd-%D8%A7%D9%84%D9%89-%D8%A7%D9%83%D9%88%D8%A7%D8%AF-%D9%85%D9%88%D9%82%D8%B9-%D9%85%D8%AA%D8%AC%D8%A7%D9%88%D8%A8,5.0,3,ساعة,3,0,$5.00,يوم واحد,3,3,35.0,.Mohammed H,https://khamsat.com/user/engmohamed404pro,True,بائع نشيط,5.0,13,80.95%,3,13,53 دقيقة
برمجة وتطوير,https://khamsat.com/programming,تحويل تصميم PSD لموقع,https://khamsat.com/programming/convert-psd,"تحويل تصميم Figma أوXD أو PSD إلى موقع متجاوب HTML, CSS , JS",https://khamsat.com/programming/convert-psd/3018217-%D8%AA%D8%AD%D9%88%D9%8A%D9%84-%D8%AA%D8%B5%D9%85%D9%8A%D9%85-figma-%D8%A3%D9%88xd-%D8%A3%D9%88-psd-%D8%A5%D9%84%D9%89-%D9%85%D9%88%D9%82%D8%B9-%D9%85%D8%AA%D8%AC%D8%A7%D9%88%D8%A8-html-css-js,5.0,1,23 دقيقة,1,0,$10.00,يومين,1,3,35.0,سجى ا.,https://khamsat.com/user/sajashoaib,True,بائع جديد,5.0,3,100.0%,4,2,14 دقيقة
برمجة وتطوير,https://khamsat.com/programming,تحويل تصميم PSD لموقع,https://khamsat.com/programming/convert-psd,تحويل تصميم XD او Figma إلى تطبيق Flutter,https://khamsat.com/programming/convert-psd/2971610-%D8%AA%D8%AD%D9%88%D9%8A%D9%84-%D8%AA%D8%B5%D9%85%D9%8A%D9%85-xd-%D8%A7%D9%88-figma-%D8%A5%D9%84%D9%89-%D8%AA%D8%B7%D8%A8%D9%8A%D9%82-flutter,5.0,1,يوم,1,0,$5.00,يوم واحد,1,3,125.0,.Omar M,https://khamsat.com/user/omar_mushtaha,True,بائع جديد,5.0,1,100.0%,1,1,يوم
برمجة وتطوير,https://khamsat.com/programming,تحويل تصميم PSD لموقع,https://khamsat.com/programming/convert-psd,"تحويل تصاميم XD, Figma, PSD إلى أكواد واضحة ومرتبة",https://khamsat.com/programming/convert-psd/2445571-%D8%AA%D8%AD%D9%88%D9%8A%D9%84-%D8%AA%D8%B5%D8%A7%D9%85%D9%8A%D9%85-xd-figma-psd-%D8%A5%D9%84%D9%89-%D8%A3%D9%83%D9%88%D8%A7%D8%AF-%D9%88%D8%A7%D8%B6%D8%AD%D8%A9-%D9%88%D9%85%D8%B1%D8%AA%D8%A8%D8%A9,5.0,2,35 دقيقة,2,0,$30.00,يومين,2,0,0.0,.Razan A,https://khamsat.com/user/razan_m_alshobaki,True,بائع مميز,4.5,32,87.14%,13,27,ساعة
برمجة وتطوير,https://khamsat.com/programming,تحويل تصميم PSD لموقع,https://khamsat.com/programming/convert-psd,تكويد ملفات التصميم الي كود html,https://khamsat.com/programming/convert-psd/1683589-%D8%AA%D9%83%D9%88%D9%8A%D8%AF-%D9%85%D9%84%D9%81%D8%A7%D8%AA-%D8%A7%D9%84%D8%AA%D8%B5%D9%85%D9%8A%D9%85-%D8%A7%D9%84%D9%8A-%D9%83%D9%88%D8%AF-html,4.5,7,19 دقيقة,8,0,$5.00,ثلاثة أيام,7,3,35.0,.Ahmed F,https://khamsat.com/user/alhegazy2021,True,بائع نشيط,4.5,21,90.24%,6,15,ساعة
برمجة وتطوير,https://khamsat.com/programming,تحويل تصميم PSD لموقع,https://khamsat.com/programming/convert-psd,تحويل أي تصميم psd إلى صفحة ويب بأكواد html و css,https://khamsat.com/programming/convert-psd/559904-%D8%AA%D8%AD%D9%88%D9%8A%D9%84-%D8%A3%D9%8A-%D8%AA%D8%B5%D9%85%D9%8A%D9%85-psd-%D8%A5%D9%84%D9%89-%D8%B5%D9%81%D8%AD%D8%A9-%D9%88%D9%8A%D8%A8-%D8%A8%D8%A3%D9%83%D9%88%D8%A7%D8%AF-html-%D9%88-css,4.5,16,ساعتين,17,0,$10.00,ثلاثة أيام,16,1,20.0,.Abdelrahman H,https://khamsat.com/user/%D8%B9%D8%A8%D8%AF%D8%A7%D9%84%D8%B1%D8%AD%D9%85%D9%86-%D8%B9%D8%A8%D8%AF%D8%A7%D9%84%D9%83%D8%B1%D9%8A%D9%85,True,بائع مميز,4.5,79,73.62%,8,71,7 ساعات
برمجة وتطوير,https://khamsat.com/programming,تحويل تصميم PSD لموقع,https://khamsat.com/programming/convert-psd,"تحويل اي تصميمFigma,PSD,Xdالى HTML5,CSS,Javascript,Bootstrab",https://khamsat.com/programming/convert-psd/2527185-%D8%AA%D8%AD%D9%88%D9%8A%D9%84-%D8%A7%D9%8A-%D8%AA%D8%B5%D9%85%D9%8A%D9%85figmapsdxd%D8%A7%D9%84%D9%89-html5cssjavascriptbootstrab,5.0,2,يوم,3,0,$10.00,يومين,2,2,50.0,.Esraa M,https://khamsat.com/user/esraaabdulmutaleb,True,بائع جديد,5.0,2,83.33%,1,3,يومين
برمجة وتطوير,https://khamsat.com/programming,تحويل تصميم PSD لموقع,https://khamsat.com/programming/convert-psd,تحويل تصميم Figma لموقع بواسطة Reactjs,https://khamsat.com/programming/convert-psd/2800815-%D8%AA%D8%AD%D9%88%D9%8A%D9%84-%D8%AA%D8%B5%D9%85%D9%8A%D9%85-figma-%D9%84%D9%85%D9%88%D9%82%D8%B9-%D8%A8%D9%88%D8%A7%D8%B3%D8%B7%D8%A9-reactjs,5.0,4,4 ساعات,5,0,$25.00,ثلاثة أيام,4,5,65.0,صابر ط.,https://khamsat.com/user/talhaoui_saber,True,بائع نشيط,5.0,17,89.47%,3,15,17 ساعة
برمجة وتطوير,https://khamsat.com/programming,تحويل تصميم PSD لموقع,https://khamsat.com/programming/convert-psd,إجعل فكرتك أو تصميمك تصبح تتحرك,https://khamsat.com/programming/convert-psd/1192298-%D8%A5%D8%AC%D8%B9%D9%84-%D9%81%D9%83%D8%B1%D8%AA%D9%83-%D8%A3%D9%88-%D8%AA%D8%B5%D9%85%D9%8A%D9%85%D9%83-%D8%AA%D8%B5%D8%A8%D8%AD-%D8%AA%D8%AA%D8%AD%D8%B1%D9%83,5.0,3,ساعة,4,0,$5.00,يومين,3,0,0.0,.Ali L,https://khamsat.com/user/aliinfo,True,بائع نشيط,5.0,11,92.0%,4,13,7 ساعات
برمجة وتطوير,https://khamsat.com/programming,تحويل تصميم PSD لموقع,https://khamsat.com/programming/convert-psd,تصميم موقع ك psd و تكويده ك front-end,https://khamsat.com/programming/convert-psd/1038958-%D8%AA%D8%B5%D9%85%D9%8A%D9%85-%D9%85%D9%88%D9%82%D8%B9-%D9%83-psd-%D9%88-%D8%AA%D9%83%D9%88%D9%8A%D8%AF%D9%87-%D9%83-front-end,5.0,5,13 ساعة,11,0,$5.00,يوم واحد,5,5,130.0,.Mohammed M,https://khamsat.com/user/alngaawy,True,بائع نشيط,5.0,5,100.0%,2,12,5 ساعات
برمجة وتطوير,https://khamsat.com/programming,تحويل تصميم PSD لموقع,https://khamsat.com/programming/convert-psd,تحويل تصميمك إلى موقع HTML CSS JavaScript,https://khamsat.com/programming/convert-psd/2035129-%D8%AA%D8%AD%D9%88%D9%8A%D9%84-%D8%AA%D8%B5%D9%85%D9%8A%D9%85%D9%83-%D8%A5%D9%84%D9%89-%D9%85%D9%88%D9%82%D8%B9-html-css-javascript,5.0,3,ساعة,3,0,$10.00,ثلاثة أيام,3,4,45.0,محمد ا.,https://khamsat.com/user/mohamed_fiky,True,بائع جديد,5.0,5,100.0%,3,4,ساعتين
برمجة وتطوير,https://khamsat.com/programming,تحويل تصميم PSD لموقع,https://khamsat.com/programming/convert-psd,تحويل اي تصميم الي موقع ويب,https://khamsat.com/programming/convert-psd/2520673-%D8%AA%D8%AD%D9%88%D9%8A%D9%84-%D8%A7%D9%8A-%D8%AA%D8%B5%D9%85%D9%8A%D9%85-%D8%A7%D9%84%D9%8A-%D9%85%D9%88%D9%82%D8%B9-%D9%88%D9%8A%D8%A8,5.0,2,ساعة,2,0,$10.00,يوم واحد,2,4,35.0,.Yosef M,https://khamsat.com/user/yosefmoohamd,True,بائع جديد,5.0,2,100.0%,1,2,ساعة
برمجة وتطوير,https://khamsat.com/programming,تحويل تصميم PSD لموقع,https://khamsat.com/programming/convert-psd,تحويل اى تصميم الى موقع الكترونى احترافى,https://khamsat.com/programming/convert-psd/2876549-%D8%AA%D8%AD%D9%88%D9%8A%D9%84-%D8%A7%D9%89-%D8%AA%D8%B5%D9%85%D9%8A%D9%85-%D8%A7%D9%84%D9%89-%D9%85%D9%88%D9%82%D8%B9-%D8%A7%D9%84%D9%83%D8%AA%D8%B1%D9%88%D9%86%D9%89-%D8%A7%D8%AD%D8%AA%D8%B1%D8%A7%D9%81%D9%89,5.0,1,لم يحسب,1,0,$5.00,يوم واحد,1,5,110.0,.Mohamed K,https://khamsat.com/user/mohamedkhaled69,True,بائع جديد,5.0,1,100.0%,1,1,لم يحسب
برمجة وتطوير,https://khamsat.com/programming,تحويل تصميم PSD لموقع,https://khamsat.com/programming/convert-psd,تحويل تصميم psd/figma الى موقع متجاوب,https://khamsat.com/programming/convert-psd/2521584-%D8%AA%D8%AD%D9%88%D9%8A%D9%84-%D8%AA%D8%B5%D9%85%D9%8A%D9%85-psdfigma-%D8%A7%D9%84%D9%89-%D9%85%D9%88%D9%82%D8%B9-%D9%85%D8%AA%D8%AC%D8%A7%D9%88%D8%A8,5.0,3,7 دقائق,3,0,$5.00,يومين,3,2,10.0,محمد عبد الهادي ه.,https://khamsat.com/user/medproddz,True,بائع نشيط,5.0,5,94.12%,2,6,ساعتين
برمجة وتطوير,https://khamsat.com/programming,تحويل تصميم PSD لموقع,https://khamsat.com/programming/convert-psd,"احول لك صفحتين psd to html4,5 مقابل 5 دولار",https://khamsat.com/programming/convert-psd/837566-%D8%A7%D8%AD%D9%88%D9%84-%D9%84%D9%83-%D8%B5%D9%81%D8%AD%D8%AA%D9%8A%D9%86-psd-to-html45-%D9%85%D9%82%D8%A7%D8%A8%D9%84-5-%D8%AF%D9%88%D9%84%D8%A7%D8%B1,5.0,2,16 ساعة,3,0,$5.00,ثلاثة أيام,2,0,0.0,.Ibrahim M,https://khamsat.com/user/eng-ibrahim-mazeed,True,بائع نشيط,5.0,8,78.95%,4,9,18 ساعة
برمجة وتطوير,https://khamsat.com/programming,تحويل تصميم PSD لموقع,https://khamsat.com/programming/convert-psd,خدمة تحويل التصميم من Figma أو PSD أو XD إلى كود HTML وReact,https://khamsat.com/programming/convert-psd/2579408-%D8%AE%D8%AF%D9%85%D8%A9-%D8%AA%D8%AD%D9%88%D9%8A%D9%84-%D8%A7%D9%84%D8%AA%D8%B5%D9%85%D9%8A%D9%85-%D9%85%D9%86-figma-%D8%A3%D9%88-psd-%D8%A3%D9%88-xd-%D8%A5%D9%84%D9%89-%D9%83%D9%88%D8%AF-html-%D9%88react,5.0,3,ساعتين,3,0,$5.00,يوم واحد,3,5,40.0,.Ehab H,https://khamsat.com/user/dev_ehabhamada,True,بائع جديد,5.0,3,85.71%,3,3,3 ساعات
برمجة وتطوير,https://khamsat.com/programming,تحويل تصميم PSD لموقع,https://khamsat.com/programming/convert-psd,تحويل اى تصميم PSD بأحدث تقنيات HTML5 & CSS3 بمقابل 5$,https://khamsat.com/programming/convert-psd/643444-%D8%AA%D8%AD%D9%88%D9%8A%D9%84-%D8%A7%D9%89-%D8%AA%D8%B5%D9%85%D9%8A%D9%85-psd-%D8%A8%D8%A3%D8%AD%D8%AF%D8%AB-%D8%AA%D9%82%D9%86%D9%8A%D8%A7%D8%AA-html5-css3-%D8%A8%D9%85%D9%82%D8%A7%D8%A8%D9%84-5,5.0,2,17 ساعة,5,0,$5.00,ثلاثة أيام,2,0,0.0,محمود ع.,https://khamsat.com/user/mastersoft,True,بائع مميز,4.5,38,92.2%,9,42,23 ساعة
برمجة وتطوير,https://khamsat.com/programming,تحويل تصميم PSD لموقع,https://khamsat.com/programming/convert-psd,"تحويل أي تصميم صورة/XD/PSD إلى موقع ويب باستخدام كود Html, C",https://khamsat.com/programming/convert-psd/1951832-%D8%AA%D8%AD%D9%88%D9%8A%D9%84-%D8%A3%D9%8A-%D8%AA%D8%B5%D9%85%D9%8A%D9%85-%D8%B5%D9%88%D8%B1%D8%A9xdpsd-%D8%A5%D9%84%D9%89-%D9%85%D9%88%D9%82%D8%B9-%D9%88%D9%8A%D8%A8-%D8%A8%D8%A7%D8%B3%D8%AA%D8%AE%D8%AF%D8%A7%D9%85-%D9%83%D9%88%D8%AF-html-c,5.0,1,7 دقائق,2,0,$5.00,يوم واحد,1,4,30.0,.Israa I,https://khamsat.com/user/israaimad96,True,بائع جديد,5.0,1,60.0%,5,3,ساعتين
برمجة وتطوير,https://khamsat.com/programming,تحويل تصميم PSD لموقع,https://khamsat.com/programming/convert-psd,"تحويل psd الي صفحه ويب ب إستخدام Html , sass , JavaScript",https://khamsat.com/programming/convert-psd/2431425-%D8%AA%D8%AD%D9%88%D9%8A%D9%84-psd-%D8%A7%D9%84%D9%8A-%D8%B5%D9%81%D8%AD%D9%87-%D9%88%D9%8A%D8%A8-%D8%A8-%D8%A5%D8%B3%D8%AA%D8%AE%D8%AF%D8%A7%D9%85-html-sass-javascript,5.0,2,7 ساعات,2,0,$10.00,يوم واحد,2,5,40.0,.Abdelrahman A,https://khamsat.com/user/%D8%B9%D8%A8%D8%AF-%D8%A7%D9%84%D8%B1%D8%AD%D9%85%D9%86-%D8%B9%D8%A7%D8%AF%D9%84-%D8%B5%D9%84%D8%A7%D8%AD,True,بائع جديد,5.0,2,66.67%,4,2,4 ساعات
برمجة وتطوير,https://khamsat.com/programming,تحويل تصميم PSD لموقع,https://khamsat.com/programming/convert-psd,"تحويل تصميم xd او photoshop الى html, css ,javascript",https://khamsat.com/programming/convert-psd/2191974-%D8%AA%D8%AD%D9%88%D9%8A%D9%84-%D8%AA%D8%B5%D9%85%D9%8A%D9%85-xd-%D8%A7%D9%88-photoshop-%D8%A7%D9%84%D9%89-html-css-javascript,5.0,4,يوم,5,0,$5.00,يوم واحد,4,1,5.0,.Ashraf S,https://khamsat.com/user/ashraf_shawwa,True,بائع مميز,5.0,33,96.85%,4,34,10 ساعات
برمجة وتطوير,https://khamsat.com/programming,تحويل تصميم PSD لموقع,https://khamsat.com/programming/convert-psd,تحويل أفكارك إلى موقع بأحدث الوسائل وأقل التكاليف,https://khamsat.com/programming/convert-psd/2013197-%D8%AA%D8%AD%D9%88%D9%8A%D9%84-%D8%A3%D9%81%D9%83%D8%A7%D8%B1%D9%83-%D8%A5%D9%84%D9%89-%D9%85%D9%88%D9%82%D8%B9-%D8%A8%D8%A3%D8%AD%D8%AF%D8%AB-%D8%A7%D9%84%D9%88%D8%B3%D8%A7%D8%A6%D9%84-%D9%88%D8%A3%D9%82%D9%84-%D8%A7%D9%84%D8%AA%D9%83%D8%A7%D9%84%D9%8A%D9%81,5.0,2,يوم,2,0,$10.00,يومين,2,3,30.0,.Kamel A,https://khamsat.com/user/kamel_amen,True,بائع جديد,5.0,2,100.0%,1,2,يوم
برمجة وتطوير,https://khamsat.com/programming,تحويل تصميم PSD لموقع,https://khamsat.com/programming/convert-psd,"اقوم بتكويد/تحويل ملف PSD الي HTML,CSS في وقت قصير جدا",https://khamsat.com/programming/convert-psd/601955-%D8%A7%D9%82%D9%88%D9%85-%D8%A8%D8%AA%D9%83%D9%88%D9%8A%D8%AF%D8%AA%D8%AD%D9%88%D9%8A%D9%84-%D9%85%D9%84%D9%81-psd-%D8%A7%D9%84%D9%8A-htmlcss-%D9%81%D9%8A-%D9%88%D9%82%D8%AA-%D9%82%D8%B5%D9%8A%D8%B1-%D8%AC%D8%AF%D8%A7,5.0,4,18 ساعة,4,0,$5.00,أسبوع,4,5,260.0,.Muhammad T,https://khamsat.com/user/egytweet,True,بائع مميز,5.0,29,81.44%,5,33,15 ساعة
برمجة وتطوير,https://khamsat.com/programming,تحويل تصميم PSD لموقع,https://khamsat.com/programming/convert-psd,تحويل PSD إلى html - css - Sass-bootstrap,https://khamsat.com/programming/convert-psd/1242904-%D8%AA%D8%AD%D9%88%D9%8A%D9%84-psd-%D8%A5%D9%84%D9%89-html-css-sass-bootstrap,5.0,4,ساعتين,5,0,$5.00,يوم واحد,4,5,100.0,.Hassan A,https://khamsat.com/user/hassanahmedf00,True,بائع مميز,5.0,51,87.86%,6,53,12 ساعة
برمجة وتطوير,https://khamsat.com/programming,تحويل تصميم PSD لموقع,https://khamsat.com/programming/convert-psd,إنشاء موقع خاص بك أو لشركتك أو تحويل psd الى موقع باحترافية,https://khamsat.com/programming/convert-psd/2034395-%D8%A5%D9%86%D8%B4%D8%A7%D8%A1-%D9%85%D9%88%D9%82%D8%B9-%D8%AE%D8%A7%D8%B5-%D8%A8%D9%83-%D8%A3%D9%88-%D9%84%D8%B4%D8%B1%D9%83%D8%AA%D9%83-%D8%A3%D9%88-%D8%AA%D8%AD%D9%88%D9%8A%D9%84-psd-%D8%A7%D9%84%D9%89-%D9%85%D9%88%D9%82%D8%B9-%D8%A8%D8%A7%D8%AD%D8%AA%D8%B1%D8%A7%D9%81%D9%8A%D8%A9,5.0,1,18 دقيقة,1,0,$5.00,يوم واحد,1,4,220.0,محمد أويس ح.,https://khamsat.com/user/owis_os,True,بائع جديد,5.0,3,100.0%,3,2,21 دقيقة
برمجة وتطوير,https://khamsat.com/programming,تحويل تصميم PSD لموقع,https://khamsat.com/programming/convert-psd,تحويل قوالب Figma أو XD إلى موقع متجاوب مع جميع الأجهزة,https://khamsat.com/programming/convert-psd/2768838-%D8%AA%D8%AD%D9%88%D9%8A%D9%84-%D9%82%D9%88%D8%A7%D9%84%D8%A8-figma-%D8%A3%D9%88-xd-%D8%A5%D9%84%D9%89-%D9%85%D9%88%D9%82%D8%B9-%D9%85%D8%AA%D8%AC%D8%A7%D9%88%D8%A8-%D9%85%D8%B9-%D8%AC%D9%85%D9%8A%D8%B9-%D8%A7%D9%84%D8%A3%D8%AC%D9%87%D8%B2%D8%A9,5.0,5,3 دقائق,6,0,$10.00,يومين,5,3,75.0,.Mohamed E,https://khamsat.com/user/mohamedebrahem11,True,بائع مميز,5.0,66,100.0%,6,60,46 دقيقة
برمجة وتطوير,https://khamsat.com/programming,تحويل تصميم PSD لموقع,https://khamsat.com/programming/convert-psd,تحويل من psd to bootstrap,https://khamsat.com/programming/convert-psd/700463-%D8%AA%D8%AD%D9%88%D9%8A%D9%84-%D9%85%D9%86-psd-to-bootstrap,5.0,6,23 ساعة,6,0,$5.00,يومين,6,5,170.0,.Ahmed M,https://khamsat.com/user/ahmed.mhmoed.5,True,بائع نشيط,5.0,8,100.0%,5,9,9 ساعات
برمجة وتطوير,https://khamsat.com/programming,تحويل تصميم PSD لموقع,https://khamsat.com/programming/convert-psd,تحويل الصفحة من PSD / XD to HTML CSS JS,https://khamsat.com/programming/convert-psd/1676951-%D8%AA%D8%AD%D9%88%D9%8A%D9%84-%D8%A7%D9%84%D8%B5%D9%81%D8%AD%D8%A9-%D9%85%D9%86-psd-xd-to-html-css-js,5.0,4,6 ساعات,4,0,$5.00,يوم واحد,4,3,25.0,أسامة ب.,https://khamsat.com/user/coderosama,True,بائع نشيط,5.0,7,81.48%,2,7,5 ساعات
برمجة وتطوير,https://khamsat.com/programming,تطبيقات سطح المكتب,https://khamsat.com/programming/desktop-app,عمل تطبيق لسطح المكتب على حسب الطلب,https://khamsat.com/programming/desktop-app/2934960-%D8%B9%D9%85%D9%84-%D8%AA%D8%B7%D8%A8%D9%8A%D9%82-%D9%84%D8%B3%D8%B7%D8%AD-%D8%A7%D9%84%D9%85%D9%83%D8%AA%D8%A8-%D8%B9%D9%84%D9%89-%D8%AD%D8%B3%D8%A8-%D8%A7%D9%84%D8%B7%D9%84%D8%A8,5.0,1,لم يحسب,1,0,$5.00,أربعة أيام,1,3,70.0,.Youssef M,https://khamsat.com/user/youssefmustafa2004,True,بائع جديد,5.0,1,100.0%,4,1,لم يحسب
برمجة وتطوير,https://khamsat.com/programming,تطبيقات سطح المكتب,https://khamsat.com/programming/desktop-app,سأقوم بصنع أي برنامج لأرشفة البيانات أو الذاتية,https://khamsat.com/programming/desktop-app/188667-%D8%B3%D8%A3%D9%82%D9%88%D9%85-%D8%A8%D8%B5%D9%86%D8%B9-%D8%A3%D9%8A-%D8%A8%D8%B1%D9%86%D8%A7%D9%85%D8%AC-%D9%84%D8%A3%D8%B1%D8%B4%D9%81%D8%A9-%D8%A7%D9%84%D8%A8%D9%8A%D8%A7%D9%86%D8%A7%D8%AA-%D8%A3%D9%88-%D8%A7%D9%84%D8%B0%D8%A7%D8%AA%D9%8A%D8%A9,5.0,107,5 ساعات,147,0,$5.00,أربعة أيام,25,5,360.0,.Muhammad K,https://khamsat.com/user/muhammad.khalifa.14,True,بائع موثوق,5.0,210,90.82%,3,227,11 ساعة
برمجة وتطوير,https://khamsat.com/programming,تطبيقات سطح المكتب,https://khamsat.com/programming/desktop-app,تصميم برامج اداريه مساعده بواسطه الاكسس,https://khamsat.com/programming/desktop-app/1697827-%D8%AA%D8%B5%D9%85%D9%8A%D9%85-%D8%A8%D8%B1%D8%A7%D9%85%D8%AC-%D8%A7%D8%AF%D8%A7%D8%B1%D9%8A%D9%87-%D9%85%D8%B3%D8%A7%D8%B9%D8%AF%D9%87-%D8%A8%D9%88%D8%A7%D8%B3%D8%B7%D9%87-%D8%A7%D9%84%D8%A7%D9%83%D8%B3%D8%B3,5.0,39,27 دقيقة,48,0,$25.00,يومين,25,3,200.0,احمد ع.,https://khamsat.com/user/ahmed_el_shemy,True,بائع مميز,5.0,107,93.16%,16,95,28 دقيقة
برمجة وتطوير,https://khamsat.com/programming,تطبيقات سطح المكتب,https://khamsat.com/programming/desktop-app,اصمم لك برنامج سطح مكتب مخصص باستخدام الاكسس MS Access,https://khamsat.com/programming/desktop-app/1861809-%D8%A7%D8%B5%D9%85%D9%85-%D9%84%D9%83-%D8%A8%D8%B1%D9%86%D8%A7%D9%85%D8%AC-%D8%B3%D8%B7%D8%AD-%D9%85%D9%83%D8%AA%D8%A8-%D9%85%D8%AE%D8%B5%D8%B5-%D8%A8%D8%A7%D8%B3%D8%AA%D8%AE%D8%AF%D8%A7%D9%85-%D8%A7%D9%84%D8%A7%D9%83%D8%B3%D8%B3-ms-access,5.0,14,17 دقيقة,25,0,$50.00,أسبوع,14,5,185.0,.Abdalla A,https://khamsat.com/user/abbo,True,بائع مميز,5.0,22,100.0%,2,29,16 دقيقة
برمجة وتطوير,https://khamsat.com/programming,تطبيقات سطح المكتب,https://khamsat.com/programming/desktop-app,جدولة المشاريع باستخدام برنامج Microsoft Project,https://khamsat.com/programming/desktop-app/2595621-%D8%AC%D8%AF%D9%88%D9%84%D8%A9-%D8%A7%D9%84%D9%85%D8%B4%D8%A7%D8%B1%D9%8A%D8%B9-%D8%A8%D8%A7%D8%B3%D8%AA%D8%AE%D8%AF%D8%A7%D9%85-%D8%A8%D8%B1%D9%86%D8%A7%D9%85%D8%AC-microsoft-project,5.0,3,دقيقتين,3,0,$10.00,أسبوع,3,1,5.0,.Amr D,https://khamsat.com/user/dawouds,True,بائع جديد,5.0,3,100.0%,2,3,دقيقتين
برمجة وتطوير,https://khamsat.com/programming,تطبيقات سطح المكتب,https://khamsat.com/programming/desktop-app,تحليل وتصميم اى نظام عمل بالسى شارب #C وأى قواعد بيانات,https://khamsat.com/programming/desktop-app/1922328-%D8%AA%D8%AD%D9%84%D9%8A%D9%84-%D9%88%D8%AA%D8%B5%D9%85%D9%8A%D9%85-%D8%A7%D9%89-%D9%86%D8%B8%D8%A7%D9%85-%D8%B9%D9%85%D9%84-%D8%A8%D8%A7%D9%84%D8%B3%D9%89-%D8%B4%D8%A7%D8%B1%D8%A8-c-%D9%88%D8%A3%D9%89-%D9%82%D9%88%D8%A7%D8%B9%D8%AF-%D8%A8%D9%8A%D8%A7%D9%86%D8%A7%D8%AA,5.0,4,4 ساعات,5,0,$5.00,ثلاثة أيام,4,4,380.0,صلاح ا.,https://khamsat.com/user/saeltabouly,True,بائع مميز,5.0,20,90.54%,2,20,6 ساعات
برمجة وتطوير,https://khamsat.com/programming,تطبيقات سطح المكتب,https://khamsat.com/programming/desktop-app,تصميم برامج ارشفة لإدارة العمل المكتبي,https://khamsat.com/programming/desktop-app/2120423-%D8%AA%D8%B5%D9%85%D9%8A%D9%85-%D8%A8%D8%B1%D8%A7%D9%85%D8%AC-%D8%A7%D8%B1%D8%B4%D9%81%D8%A9-%D9%84%D8%A5%D8%AF%D8%A7%D8%B1%D8%A9-%D8%A7%D9%84%D8%B9%D9%85%D9%84-%D8%A7%D9%84%D9%85%D9%83%D8%AA%D8%A8%D9%8A,4.5,51,11 ساعة,83,0,$5.00,يومين,25,3,155.0,مونية ا.,https://khamsat.com/user/haras1982,True,بائع مميز,4.5,53,89.33%,1,84,يوم
برمجة وتطوير,https://khamsat.com/programming,تطبيقات سطح المكتب,https://khamsat.com/programming/desktop-app,برنامج احترافي لادارة نشاط تجاري وحساب الايرادات والمصروفات,https://khamsat.com/programming/desktop-app/2800886-%D8%A8%D8%B1%D9%86%D8%A7%D9%85%D8%AC-%D8%A7%D8%AD%D8%AA%D8%B1%D8%A7%D9%81%D9%8A-%D9%84%D8%A7%D8%AF%D8%A7%D8%B1%D8%A9-%D9%86%D8%B4%D8%A7%D8%B7-%D8%AA%D8%AC%D8%A7%D8%B1%D9%8A-%D9%88%D8%AD%D8%B3%D8%A7%D8%A8-%D8%A7%D9%84%D8%A7%D9%8A%D8%B1%D8%A7%D8%AF%D8%A7%D8%AA-%D9%88%D8%A7%D9%84%D9%85%D8%B5%D8%B1%D9%88%D9%81%D8%A7%D8%AA,5.0,5,15 دقيقة,6,0,$50.00,أربعة أيام,5,5,300.0,.Mohamed A,https://khamsat.com/user/megatraining,True,بائع مميز,5.0,67,87.37%,5,65,23 دقيقة
برمجة وتطوير,https://khamsat.com/programming,تطبيقات سطح المكتب,https://khamsat.com/programming/desktop-app,تصميم برنامج للشركات والمتاجر والمنظمات بالاكسس,https://khamsat.com/programming/desktop-app/2319631-%D8%AA%D8%B5%D9%85%D9%8A%D9%85-%D8%A8%D8%B1%D9%86%D8%A7%D9%85%D8%AC-%D9%84%D9%84%D8%B4%D8%B1%D9%83%D8%A7%D8%AA-%D9%88%D8%A7%D9%84%D9%85%D8%AA%D8%A7%D8%AC%D8%B1-%D9%88%D8%A7%D9%84%D9%85%D9%86%D8%B8%D9%85%D8%A7%D8%AA-%D8%A8%D8%A7%D9%84%D8%A7%D9%83%D8%B3%D8%B3,5.0,39,4 دقائق,42,0,$50.00,أسبوع,25,5,390.0,.Mohamed A,https://khamsat.com/user/megatraining,True,بائع مميز,5.0,67,87.37%,5,65,23 دقيقة
برمجة وتطوير,https://khamsat.com/programming,تطبيقات سطح المكتب,https://khamsat.com/programming/desktop-app,برنامج متابعة القضايا والحسابات - للمحامين - الإصدار الثاني,https://khamsat.com/programming/desktop-app/2709104-%D8%A8%D8%B1%D9%86%D8%A7%D9%85%D8%AC-%D9%85%D8%AA%D8%A7%D8%A8%D8%B9%D8%A9-%D8%A7%D9%84%D9%82%D8%B6%D8%A7%D9%8A%D8%A7-%D9%88%D8%A7%D9%84%D8%AD%D8%B3%D8%A7%D8%A8%D8%A7%D8%AA-%D9%84%D9%84%D9%85%D8%AD%D8%A7%D9%85%D9%8A%D9%86-%D8%A7%D9%84%D8%A5%D8%B5%D8%AF%D8%A7%D8%B1-%D8%A7%D9%84%D8%AB%D8%A7%D9%86%D9%8A,5.0,1,5 دقائق,1,0,$50.00,أسبوع,1,1,25.0,خالد م.,https://khamsat.com/user/kh34d,True,بائع مميز,5.0,48,97.75%,11,47,4 ساعات
برمجة وتطوير,https://khamsat.com/programming,تطبيقات سطح المكتب,https://khamsat.com/programming/desktop-app,فاتورة متوافقة مع هيئة الزكاة والضريبة والدخل في السعودية,https://khamsat.com/programming/desktop-app/2288129-%D9%81%D8%A7%D8%AA%D9%88%D8%B1%D8%A9-%D9%85%D8%AA%D9%88%D8%A7%D9%81%D9%82%D8%A9-%D9%85%D8%B9-%D9%87%D9%8A%D8%A6%D8%A9-%D8%A7%D9%84%D8%B2%D9%83%D8%A7%D8%A9-%D9%88%D8%A7%D9%84%D8%B6%D8%B1%D9%8A%D8%A8%D8%A9-%D9%88%D8%A7%D9%84%D8%AF%D8%AE%D9%84-%D9%81%D9%8A-%D8%A7%D9%84%D8%B3%D8%B9%D9%88%D8%AF%D9%8A%D8%A9,5.0,5,3 ساعات,9,0,$15.00,يوم واحد,5,1,35.0,أمين ع.,https://khamsat.com/user/aminsoft,True,بائع نشيط,5.0,13,90.24%,4,15,3 ساعات
برمجة وتطوير,https://khamsat.com/programming,تطبيقات سطح المكتب,https://khamsat.com/programming/desktop-app,إضافة أداة البيان البحثية لبرنامج Word,https://khamsat.com/programming/desktop-app/1542288-%D8%A5%D8%B6%D8%A7%D9%81%D8%A9-%D8%A3%D8%AF%D8%A7%D8%A9-%D8%A7%D9%84%D8%A8%D9%8A%D8%A7%D9%86-%D8%A7%D9%84%D8%A8%D8%AD%D8%AB%D9%8A%D8%A9-%D9%84%D8%A8%D8%B1%D9%86%D8%A7%D9%85%D8%AC-word,5.0,73,دقيقتين,115,0,$35.00,أسبوع,25,4,365.0,شحادة ب.,https://khamsat.com/user/%D8%B4%D8%AD%D8%A7%D8%AF%D8%A9-%D8%A8%D8%B4%D9%8A%D8%B1,True,بائع موثوق,5.0,366,97.63%,10,419,22 دقيقة
برمجة وتطوير,https://khamsat.com/programming,تطبيقات سطح المكتب,https://khamsat.com/programming/desktop-app,برنامج لادارة المصروفات و الايرادات لمؤسستك التجارية و حياتك,https://khamsat.com/programming/desktop-app/1388348-%D8%A8%D8%B1%D9%86%D8%A7%D9%85%D8%AC-%D9%84%D8%A7%D8%AF%D8%A7%D8%B1%D8%A9-%D8%A7%D9%84%D9%85%D8%B5%D8%B1%D9%88%D9%81%D8%A7%D8%AA-%D9%88-%D8%A7%D9%84%D8%A7%D9%8A%D8%B1%D8%A7%D8%AF%D8%A7%D8%AA-%D9%84%D9%85%D8%A4%D8%B3%D8%B3%D8%AA%D9%83-%D8%A7%D9%84%D8%AA%D8%AC%D8%A7%D8%B1%D9%8A%D8%A9-%D9%88-%D8%AD%D9%8A%D8%A7%D8%AA%D9%83,5.0,13,31 دقيقة,19,0,$50.00,يومين,13,2,70.0,احمد ع.,https://khamsat.com/user/ahmed_el_shemy,True,بائع مميز,5.0,107,93.16%,16,95,28 دقيقة
برمجة وتطوير,https://khamsat.com/programming,تطبيقات سطح المكتب,https://khamsat.com/programming/desktop-app,حل جميع مشاكل البرامج المصممة بالأكسس,https://khamsat.com/programming/desktop-app/2879838-%D8%AD%D9%84-%D8%AC%D9%85%D9%8A%D8%B9-%D9%85%D8%B4%D8%A7%D9%83%D9%84-%D8%A7%D9%84%D8%A8%D8%B1%D8%A7%D9%85%D8%AC-%D8%A7%D9%84%D9%85%D8%B5%D9%85%D9%85%D8%A9-%D8%A8%D8%A7%D9%84%D8%A3%D9%83%D8%B3%D8%B3,5.0,2,ساعتين,2,0,$5.00,يوم واحد,2,5,80.0,محمد ا.,https://khamsat.com/user/mohammad_el_masry,True,بائع جديد,5.0,3,100.0%,3,2,ساعة
برمجة وتطوير,https://khamsat.com/programming,تطبيقات سطح المكتب,https://khamsat.com/programming/desktop-app,برنامج إدارة حركات الصادر والوارد والمراسلات الادارية,https://khamsat.com/programming/desktop-app/2864788-%D8%A8%D8%B1%D9%86%D8%A7%D9%85%D8%AC-%D8%A5%D8%AF%D8%A7%D8%B1%D8%A9-%D8%AD%D8%B1%D9%83%D8%A7%D8%AA-%D8%A7%D9%84%D8%B5%D8%A7%D8%AF%D8%B1-%D9%88%D8%A7%D9%84%D9%88%D8%A7%D8%B1%D8%AF-%D9%88%D8%A7%D9%84%D9%85%D8%B1%D8%A7%D8%B3%D9%84%D8%A7%D8%AA-%D8%A7%D9%84%D8%A7%D8%AF%D8%A7%D8%B1%D9%8A%D8%A9,5.0,2,ساعة,2,0,$35.00,يوم واحد,2,2,35.0,احمد ع.,https://khamsat.com/user/ahmed_el_shemy,True,بائع مميز,5.0,107,93.16%,16,95,28 دقيقة
برمجة وتطوير,https://khamsat.com/programming,تطبيقات سطح المكتب,https://khamsat.com/programming/desktop-app,برنامج طباعة الشيكات - لجميع البنوك المصرية,https://khamsat.com/programming/desktop-app/1445963-%D8%A8%D8%B1%D9%86%D8%A7%D9%85%D8%AC-%D8%B7%D8%A8%D8%A7%D8%B9%D8%A9-%D8%A7%D9%84%D8%B4%D9%8A%D9%83%D8%A7%D8%AA-%D9%84%D8%AC%D9%85%D9%8A%D8%B9-%D8%A7%D9%84%D8%A8%D9%86%D9%88%D9%83-%D8%A7%D9%84%D9%85%D8%B5%D8%B1%D9%8A%D8%A9,5.0,19,ساعة,57,0,$5.00,يوم واحد,19,5,85.0,.Mohamed M,https://khamsat.com/user/smartfordesign,True,بائع مميز,5.0,95,94.25%,4,203,9 ساعات
برمجة وتطوير,https://khamsat.com/programming,تطبيقات سطح المكتب,https://khamsat.com/programming/desktop-app,برنامج حسابات للعقارات ومصروفاتها وايجارتها,https://khamsat.com/programming/desktop-app/2907024-%D8%A8%D8%B1%D9%86%D8%A7%D9%85%D8%AC-%D8%AD%D8%B3%D8%A7%D8%A8%D8%A7%D8%AA-%D9%84%D9%84%D8%B9%D9%82%D8%A7%D8%B1%D8%A7%D8%AA-%D9%88%D9%85%D8%B5%D8%B1%D9%88%D9%81%D8%A7%D8%AA%D9%87%D8%A7-%D9%88%D8%A7%D9%8A%D8%AC%D8%A7%D8%B1%D8%AA%D9%87%D8%A7,5.0,3,7 دقائق,3,0,$50.00,يومين,3,1,50.0,احمد ع.,https://khamsat.com/user/ahmed_el_shemy,True,بائع مميز,5.0,107,93.16%,16,95,28 دقيقة
برمجة وتطوير,https://khamsat.com/programming,تطبيقات سطح المكتب,https://khamsat.com/programming/desktop-app,حل اي مشكلة تواجهك علي برنامج اكسس,https://khamsat.com/programming/desktop-app/1875196-%D8%AD%D9%84-%D8%A7%D9%8A-%D9%85%D8%B4%D9%83%D9%84%D8%A9-%D8%AA%D9%88%D8%A7%D8%AC%D9%87%D9%83-%D8%B9%D9%84%D9%8A-%D8%A8%D8%B1%D9%86%D8%A7%D9%85%D8%AC-%D8%A7%D9%83%D8%B3%D8%B3,5.0,8,15 دقيقة,10,0,$20.00,أربعة أيام,8,5,100.0,.Abdalla A,https://khamsat.com/user/abbo,True,بائع مميز,5.0,22,100.0%,2,29,16 دقيقة
برمجة وتطوير,https://khamsat.com/programming,تطبيقات سطح المكتب,https://khamsat.com/programming/desktop-app,برنامج ادارة الحركة والمركبات,https://khamsat.com/programming/desktop-app/2914883-%D8%A8%D8%B1%D9%86%D8%A7%D9%85%D8%AC-%D8%A7%D8%AF%D8%A7%D8%B1%D8%A9-%D8%A7%D9%84%D8%AD%D8%B1%D9%83%D8%A9-%D9%88%D8%A7%D9%84%D9%85%D8%B1%D9%83%D8%A8%D8%A7%D8%AA,5.0,7,ساعة,8,0,$10.00,يوم واحد,7,0,0.0,امين ا.,https://khamsat.com/user/excelfastsolutions,True,بائع جديد,5.0,7,100.0%,5,8,ساعة
برمجة وتطوير,https://khamsat.com/programming,تطبيقات سطح المكتب,https://khamsat.com/programming/desktop-app,تصميم برامج سطح مكتب اوف لاين حسب الطلب,https://khamsat.com/programming/desktop-app/2829908-%D8%AA%D8%B5%D9%85%D9%8A%D9%85-%D8%A8%D8%B1%D8%A7%D9%85%D8%AC-%D8%B3%D8%B7%D8%AD-%D9%85%D9%83%D8%AA%D8%A8-%D8%A7%D9%88%D9%81-%D9%84%D8%A7%D9%8A%D9%86-%D8%AD%D8%B3%D8%A8-%D8%A7%D9%84%D8%B7%D9%84%D8%A8,5.0,6,11 ساعة,10,0,$10.00,أربعة أيام,6,3,145.0,طه ا.,https://khamsat.com/user/%D9%87%D8%A7%D8%B1%D9%88%D9%86-%D8%A7%D9%81%D9%86%D8%A7%D8%B3,True,بائع نشيط,5.0,6,77.27%,1,10,11 ساعة
برمجة وتطوير,https://khamsat.com/programming,تطبيقات سطح المكتب,https://khamsat.com/programming/desktop-app,ملف اكسل حساب تكاليف البناء تساعدك على حساب تكاليف مشاريعك,https://khamsat.com/programming/desktop-app/1725974-%D9%85%D9%84%D9%81-%D8%A7%D9%83%D8%B3%D9%84-%D8%AD%D8%B3%D8%A7%D8%A8-%D8%AA%D9%83%D8%A7%D9%84%D9%8A%D9%81-%D8%A7%D9%84%D8%A8%D9%86%D8%A7%D8%A1-%D8%AA%D8%B3%D8%A7%D8%B9%D8%AF%D9%83-%D8%B9%D9%84%D9%89-%D8%AD%D8%B3%D8%A7%D8%A8-%D8%AA%D9%83%D8%A7%D9%84%D9%8A%D9%81-%D9%85%D8%B4%D8%A7%D8%B1%D9%8A%D8%B9%D9%83,4.5,14,3 ساعات,80,0,$5.00,يوم واحد,14,1,10.0,.Mohammad T,https://khamsat.com/user/hmoodh,True,بائع نشيط,4.5,16,89.32%,7,91,8 ساعات
برمجة وتطوير,https://khamsat.com/programming,تطبيقات سطح المكتب,https://khamsat.com/programming/desktop-app,برنامج طباعة الشيكات والتفقيط,https://khamsat.com/programming/desktop-app/874330-%D8%A8%D8%B1%D9%86%D8%A7%D9%85%D8%AC-%D8%B7%D8%A8%D8%A7%D8%B9%D8%A9-%D8%A7%D9%84%D8%B4%D9%8A%D9%83%D8%A7%D8%AA-%D9%88%D8%A7%D9%84%D8%AA%D9%81%D9%82%D9%8A%D8%B7,5.0,31,يومين,67,0,$5.00,يوم واحد,25,5,105.0,.Mohamed M,https://khamsat.com/user/smartfordesign,True,بائع مميز,5.0,95,94.25%,4,203,9 ساعات
برمجة وتطوير,https://khamsat.com/programming,تطبيقات سطح المكتب,https://khamsat.com/programming/desktop-app,برمجة تطبيق سطح المكتب بسيط,https://khamsat.com/programming/desktop-app/2312355-%D8%A8%D8%B1%D9%85%D8%AC%D8%A9-%D8%AA%D8%B7%D8%A8%D9%8A%D9%82-%D8%B3%D8%B7%D8%AD-%D8%A7%D9%84%D9%85%D9%83%D8%AA%D8%A8-%D8%A8%D8%B3%D9%8A%D8%B7,5.0,1,18 ساعة,3,0,$10.00,يوم واحد,1,3,40.0,.Mostafa M,https://khamsat.com/user/mostafa_tec,True,بائع نشيط,5.0,3,100.0%,5,5,يومين
برمجة وتطوير,https://khamsat.com/programming,تطبيقات سطح المكتب,https://khamsat.com/programming/desktop-app,تصميم برامج على الاكسل vba,https://khamsat.com/programming/desktop-app/2112091-%D8%AA%D8%B5%D9%85%D9%8A%D9%85-%D8%A8%D8%B1%D8%A7%D9%85%D8%AC-%D8%B9%D9%84%D9%89-%D8%A7%D9%84%D8%A7%D9%83%D8%B3%D9%84-vba,4.5,46,7 ساعات,52,0,$5.00,ثلاثة أيام,25,5,55.0,.Mohamad E,https://khamsat.com/user/mass_1989,True,بائع مميز,4.5,90,94.71%,8,87,6 ساعات
برمجة وتطوير,https://khamsat.com/programming,تطبيقات سطح المكتب,https://khamsat.com/programming/desktop-app,عمل برنامج سطح مكتب بلغة Python,https://khamsat.com/programming/desktop-app/1534941-%D8%B9%D9%85%D9%84-%D8%A8%D8%B1%D9%86%D8%A7%D9%85%D8%AC-%D8%B3%D8%B7%D8%AD-%D9%85%D9%83%D8%AA%D8%A8-%D8%A8%D9%84%D8%BA%D8%A9-python,4.5,11,ساعتين,13,0,$10.00,يوم واحد,11,5,200.0,.Amr A,https://khamsat.com/user/amralaa96,True,بائع نشيط,4.5,13,96.0%,3,16,ساعتين
برمجة وتطوير,https://khamsat.com/programming,تطبيقات سطح المكتب,https://khamsat.com/programming/desktop-app,برنامج واتساب سيندر لإدارة حملات التسويق من خلال الواتساب,https://khamsat.com/programming/desktop-app/2659528-%D8%A8%D8%B1%D9%86%D8%A7%D9%85%D8%AC-%D9%88%D8%A7%D8%AA%D8%B3%D8%A7%D8%A8-%D8%B3%D9%8A%D9%86%D8%AF%D8%B1-%D9%84%D8%A5%D8%AF%D8%A7%D8%B1%D8%A9-%D8%AD%D9%85%D9%84%D8%A7%D8%AA-%D8%A7%D9%84%D8%AA%D8%B3%D9%88%D9%8A%D9%82-%D9%85%D9%86-%D8%AE%D9%84%D8%A7%D9%84-%D8%A7%D9%84%D9%88%D8%A7%D8%AA%D8%B3%D8%A7%D8%A8,4.5,37,56 دقيقة,73,0,$15.00,يوم واحد,25,3,115.0,.Mohamed A,https://khamsat.com/user/mohamedglgl,True,بائع مميز,4.5,48,97.2%,3,87,ساعتين
برمجة وتطوير,https://khamsat.com/programming,تطبيقات سطح المكتب,https://khamsat.com/programming/desktop-app,برنامج محاسبة لتنظيم حركة البيع وتنظيم المخازن,https://khamsat.com/programming/desktop-app/735497-%D8%A8%D8%B1%D9%86%D8%A7%D9%85%D8%AC-%D9%85%D8%AD%D8%A7%D8%B3%D8%A8%D8%A9-%D9%84%D8%AA%D9%86%D8%B8%D9%8A%D9%85-%D8%AD%D8%B1%D9%83%D8%A9-%D8%A7%D9%84%D8%A8%D9%8A%D8%B9-%D9%88%D8%AA%D9%86%D8%B8%D9%8A%D9%85-%D8%A7%D9%84%D9%85%D8%AE%D8%A7%D8%B2%D9%86,5.0,17,ساعة,28,0,$5.00,يومين,17,5,545.0,.Ali S,https://khamsat.com/user/%D8%A3%D9%86%D8%B3-%D8%B9%D9%84%D9%89,True,بائع مميز,4.5,129,93.89%,3,140,3 ساعات
برمجة وتطوير,https://khamsat.com/programming,تطبيقات سطح المكتب,https://khamsat.com/programming/desktop-app,برنامج ادارة املاك عقارية,https://khamsat.com/programming/desktop-app/2304558-%D8%A8%D8%B1%D9%86%D8%A7%D9%85%D8%AC-%D8%A7%D8%AF%D8%A7%D8%B1%D8%A9-%D8%A7%D9%85%D9%84%D8%A7%D9%83-%D8%B9%D9%82%D8%A7%D8%B1%D9%8A%D8%A9,4.5,11,ساعتين,20,0,$50.00,يوم واحد,11,1,100.0,.Zeinab A,https://khamsat.com/user/%D8%B2%D9%8A%D9%86%D8%A8-%D8%B9%D8%A7%D8%B7%D9%81,True,بائع مميز,5.0,139,90.37%,25,148,5 ساعات
برمجة وتطوير,https://khamsat.com/programming,تطبيقات سطح المكتب,https://khamsat.com/programming/desktop-app,تصميم برنامج مسابقات احترافي ومميز,https://khamsat.com/programming/desktop-app/266785-%D8%AA%D8%B5%D9%85%D9%8A%D9%85-%D8%A8%D8%B1%D9%86%D8%A7%D9%85%D8%AC-%D9%85%D8%B3%D8%A7%D8%A8%D9%82%D8%A7%D8%AA-%D8%A7%D8%AD%D8%AA%D8%B1%D8%A7%D9%81%D9%8A-%D9%88%D9%85%D9%85%D9%8A%D8%B2,5.0,27,4 دقائق,33,0,$25.00,شهر,25,5,575.0,شحادة ب.,https://khamsat.com/user/%D8%B4%D8%AD%D8%A7%D8%AF%D8%A9-%D8%A8%D8%B4%D9%8A%D8%B1,True,بائع موثوق,5.0,366,97.63%,10,419,22 دقيقة
برمجة وتطوير,https://khamsat.com/programming,تطبيقات سطح المكتب,https://khamsat.com/programming/desktop-app,برنامج إحترافي لإدارة شئون الموظفين والأجور والحضور والغياب,https://khamsat.com/programming/desktop-app/2647976-%D8%A8%D8%B1%D9%86%D8%A7%D9%85%D8%AC-%D8%A5%D8%AD%D8%AA%D8%B1%D8%A7%D9%81%D9%8A-%D9%84%D8%A5%D8%AF%D8%A7%D8%B1%D8%A9-%D8%B4%D8%A6%D9%88%D9%86-%D8%A7%D9%84%D9%85%D9%88%D8%B8%D9%81%D9%8A%D9%86-%D9%88%D8%A7%D9%84%D8%A3%D8%AC%D9%88%D8%B1-%D9%88%D8%A7%D9%84%D8%AD%D8%B6%D9%88%D8%B1-%D9%88%D8%A7%D9%84%D8%BA%D9%8A%D8%A7%D8%A8,5.0,11,14 دقيقة,13,0,$50.00,يومين,11,1,50.0,احمد ع.,https://khamsat.com/user/ahmed_el_shemy,True,بائع مميز,5.0,107,93.16%,16,95,28 دقيقة
برمجة وتطوير,https://khamsat.com/programming,بلوك تشين وعملات رقمية,https://khamsat.com/programming/blockchain-cryptocurrency,بناء التطبيقات اللامركزية على تقنية البلوكشين NFTs Dapps,https://khamsat.com/programming/blockchain-cryptocurrency/2828552-%D8%A8%D9%86%D8%A7%D8%A1-%D8%A7%D9%84%D8%AA%D8%B7%D8%A8%D9%8A%D9%82%D8%A7%D8%AA-%D8%A7%D9%84%D9%84%D8%A7%D9%85%D8%B1%D9%83%D8%B2%D9%8A%D8%A9-%D8%B9%D9%84%D9%89-%D8%AA%D9%82%D9%86%D9%8A%D8%A9-%D8%A7%D9%84%D8%A8%D9%84%D9%88%D9%83%D8%B4%D9%8A%D9%86-nfts-dapps,5.0,2,12 دقيقة,2,0,$10.00,خمسة أيام,2,1,100.0,.Zoubaier E,https://khamsat.com/user/zoubair_hattab,True,بائع جديد,5.0,2,100.0%,3,2,12 دقيقة
برمجة وتطوير,https://khamsat.com/programming,بلوك تشين وعملات رقمية,https://khamsat.com/programming/blockchain-cryptocurrency,برمجة عقود ذكية من خلال لغة Solidity,https://khamsat.com/programming/blockchain-cryptocurrency/2342892-%D8%A8%D8%B1%D9%85%D8%AC%D8%A9-%D8%B9%D9%82%D9%88%D8%AF-%D8%B0%D9%83%D9%8A%D8%A9-%D9%85%D9%86-%D8%AE%D9%84%D8%A7%D9%84-%D9%84%D8%BA%D8%A9-solidity,5.0,1,3 أيام,1,0,$10.00,أربعة أيام,1,1,10.0,.Ali R,https://khamsat.com/user/ali383,True,بائع جديد,5.0,1,100.0%,2,1,3 أيام
برمجة وتطوير,https://khamsat.com/programming,بلوك تشين وعملات رقمية,https://khamsat.com/programming/blockchain-cryptocurrency,إنشاء العقود الذكية Smart Contract Blockchain Development,https://khamsat.com/programming/blockchain-cryptocurrency/3044750-%D8%A5%D9%86%D8%B4%D8%A7%D8%A1-%D8%A7%D9%84%D8%B9%D9%82%D9%88%D8%AF-%D8%A7%D9%84%D8%B0%D9%83%D9%8A%D8%A9-smart-contract-blockchain-development,0.0,0,لم يحسب,0,0,$10.00,يومين,0,1,100.0,عمار نور الإسلام ف.,https://khamsat.com/user/punk0xshin,True,بائع جديد,0.0,0,لم يحسب بعد,1,0,لم يحسب
برمجة وتطوير,https://khamsat.com/programming,بلوك تشين وعملات رقمية,https://khamsat.com/programming/blockchain-cryptocurrency,تطوير مواقع ويب مدمجة بتقنية البلوكتشين,https://khamsat.com/programming/blockchain-cryptocurrency/3018685-%D8%AA%D8%B7%D9%88%D9%8A%D8%B1-%D9%85%D9%88%D8%A7%D9%82%D8%B9-%D9%88%D9%8A%D8%A8-%D9%85%D8%AF%D9%85%D8%AC%D8%A9-%D8%A8%D8%AA%D9%82%D9%86%D9%8A%D8%A9-%D8%A7%D9%84%D8%A8%D9%84%D9%88%D9%83%D8%AA%D8%B4%D9%8A%D9%86,0.0,0,لم يحسب,0,0,$10.00,شهر,0,0,0.0,خبراء البرمجة و.,https://khamsat.com/user/bsp_programmer,False,بائع جديد,0.0,0,لم يحسب بعد,1,0,لم يحسب
برمجة وتطوير,https://khamsat.com/programming,بلوك تشين وعملات رقمية,https://khamsat.com/programming/blockchain-cryptocurrency,برمجة مؤشر او اكسبرت على ميتاتريدر 4 او 5,https://khamsat.com/programming/blockchain-cryptocurrency/2653173-%D8%A8%D8%B1%D9%85%D8%AC%D8%A9-%D9%85%D8%A4%D8%B4%D8%B1-%D8%A7%D9%88-%D8%A7%D9%83%D8%B3%D8%A8%D8%B1%D8%AA-%D8%B9%D9%84%D9%89-%D9%85%D9%8A%D8%AA%D8%A7%D8%AA%D8%B1%D9%8A%D8%AF%D8%B1-4-%D8%A7%D9%88-5,0.0,0,لم يحسب,0,0,$25.00,ثلاثة أيام,0,3,170.0,.Youssef K,https://khamsat.com/user/youssef_statistician,True,بائع نشيط,5.0,6,83.33%,2,5,يوم
برمجة وتطوير,https://khamsat.com/programming,بلوك تشين وعملات رقمية,https://khamsat.com/programming/blockchain-cryptocurrency,استشارة في مجال العملات الرقمية لمدة عشرون دقيقة,https://khamsat.com/programming/blockchain-cryptocurrency/2161212-%D8%A7%D8%B3%D8%AA%D8%B4%D8%A7%D8%B1%D8%A9-%D9%81%D9%8A-%D9%85%D8%AC%D8%A7%D9%84-%D8%A7%D9%84%D8%B9%D9%85%D9%84%D8%A7%D8%AA-%D8%A7%D9%84%D8%B1%D9%82%D9%85%D9%8A%D8%A9-%D9%84%D9%85%D8%AF%D8%A9-%D8%B9%D8%B4%D8%B1%D9%88%D9%86-%D8%AF%D9%82%D9%8A%D9%82%D8%A9,5.0,2,8 ساعات,2,0,$5.00,يوم واحد,2,1,100.0,.Omar S,https://khamsat.com/user/omarsyyah1,True,بائع نشيط,5.0,6,100.0%,3,7,يومين
برمجة وتطوير,https://khamsat.com/programming,بلوك تشين وعملات رقمية,https://khamsat.com/programming/blockchain-cryptocurrency,مطور أنظمة بلوك شاين و برمجة العقود الذكية,https://khamsat.com/programming/blockchain-cryptocurrency/2088944-%D9%85%D8%B7%D9%88%D8%B1-%D8%A3%D9%86%D8%B8%D9%85%D8%A9-%D8%A8%D9%84%D9%88%D9%83-%D8%B4%D8%A7%D9%8A%D9%86-%D9%88-%D8%A8%D8%B1%D9%85%D8%AC%D8%A9-%D8%A7%D9%84%D8%B9%D9%82%D9%88%D8%AF-%D8%A7%D9%84%D8%B0%D9%83%D9%8A%D8%A9,0.0,0,3 ساعات,0,0,$5.00,يومين,0,1,5.0,جمال الدين ب.,https://khamsat.com/user/djamelbenz9645,True,بائع نشيط,5.0,11,94.12%,5,7,9 ساعات
برمجة وتطوير,https://khamsat.com/programming,بلوك تشين وعملات رقمية,https://khamsat.com/programming/blockchain-cryptocurrency,تقديم استشارات متقدمة في تقنية البلوكشين وتطبيقاتها,https://khamsat.com/programming/blockchain-cryptocurrency/2918539-%D8%AA%D9%82%D8%AF%D9%8A%D9%85-%D8%A7%D8%B3%D8%AA%D8%B4%D8%A7%D8%B1%D8%A7%D8%AA-%D9%85%D8%AA%D9%82%D8%AF%D9%85%D8%A9-%D9%81%D9%8A-%D8%AA%D9%82%D9%86%D9%8A%D8%A9-%D8%A7%D9%84%D8%A8%D9%84%D9%88%D9%83%D8%B4%D9%8A%D9%86-%D9%88%D8%AA%D8%B7%D8%A8%D9%8A%D9%82%D8%A7%D8%AA%D9%87%D8%A7,0.0,0,لم يحسب,0,0,$15.00,يوم واحد,0,0,0.0,.Mohamed A,https://khamsat.com/user/mohamdfahmy14,True,بائع نشيط,5.0,6,64.29%,5,9,8 ساعات
برمجة وتطوير,https://khamsat.com/programming,بلوك تشين وعملات رقمية,https://khamsat.com/programming/blockchain-cryptocurrency,دعم / تطوير في blockchain,https://khamsat.com/programming/blockchain-cryptocurrency/2072470-%D8%AF%D8%B9%D9%85-%D8%AA%D8%B7%D9%88%D9%8A%D8%B1-%D9%81%D9%8A-blockchain,0.0,0,9 أيام,0,0,$10.00,يوم واحد,0,5,200.0,ابراهيم ا.,https://khamsat.com/user/aboo-sloooh,True,بائع نشيط,5.0,12,50.0%,4,12,6 أيام
برمجة وتطوير,https://khamsat.com/programming,إضافات المتصفحات,https://khamsat.com/programming/browser-extension,تطوير اضافة Chrome Extension خاص بك,https://khamsat.com/programming/browser-extension/2826243-%D8%AA%D8%B7%D9%88%D9%8A%D8%B1-%D8%A7%D8%B6%D8%A7%D9%81%D8%A9-chrome-extension-%D8%AE%D8%A7%D8%B5-%D8%A8%D9%83,5.0,2,28 دقيقة,2,0,$15.00,يومين,2,0,0.0,.Fouad A,https://khamsat.com/user/fouadae,True,بائع نشيط,5.0,2,100.0%,1,2,28 دقيقة
برمجة وتطوير,https://khamsat.com/programming,إضافات المتصفحات,https://khamsat.com/programming/browser-extension,تعديل برمجة أو أصلاح أضافات متصفحات كروم Chrome أو Firefox,https://khamsat.com/programming/browser-extension/2348278-%D8%AA%D8%B9%D8%AF%D9%8A%D9%84-%D8%A8%D8%B1%D9%85%D8%AC%D8%A9-%D8%A3%D9%88-%D8%A3%D8%B5%D9%84%D8%A7%D8%AD-%D8%A3%D8%B6%D8%A7%D9%81%D8%A7%D8%AA-%D9%85%D8%AA%D8%B5%D9%81%D8%AD%D8%A7%D8%AA-%D9%83%D8%B1%D9%88%D9%85-chrome-%D8%A3%D9%88-firefox,5.0,3,44 دقيقة,5,0,$5.00,يوم واحد,3,5,235.0,حسام ح.,https://khamsat.com/user/h_sm,True,بائع نشيط,5.0,13,72.5%,3,22,54 دقيقة
برمجة وتطوير,https://khamsat.com/programming,إضافات المتصفحات,https://khamsat.com/programming/browser-extension,برمجة وتطوير اضافات للمتصفح Google Chrome Extension,https://khamsat.com/programming/browser-extension/2035603-%D8%A8%D8%B1%D9%85%D8%AC%D8%A9-%D9%88%D8%AA%D8%B7%D9%88%D9%8A%D8%B1-%D8%A7%D8%B6%D8%A7%D9%81%D8%A7%D8%AA-%D9%84%D9%84%D9%85%D8%AA%D8%B5%D9%81%D8%AD-google-chrome-extension,3.5,3,أقل من دقيقة,3,0,$5.00,أربعة أيام,3,0,0.0,عزة ب.,https://khamsat.com/user/azza_bahaa67,True,بائع نشيط,3.5,3,86.67%,5,3,3 ساعات
برمجة وتطوير,https://khamsat.com/programming,إضافات المتصفحات,https://khamsat.com/programming/browser-extension,تطوير اضافة Extension خاص بك,https://khamsat.com/programming/browser-extension/2233307-%D8%AA%D8%B7%D9%88%D9%8A%D8%B1-%D8%A7%D8%B6%D8%A7%D9%81%D8%A9-extension-%D8%AE%D8%A7%D8%B5-%D8%A8%D9%83,5.0,1,4 دقائق,1,0,$10.00,يومين,1,3,40.0,أيمن ز.,https://khamsat.com/user/aymen_dev,True,بائع جديد,5.0,1,100.0%,3,1,4 دقائق
برمجة وتطوير,https://khamsat.com/programming,إضافات المتصفحات,https://khamsat.com/programming/browser-extension,50 إضافة لقوقول كروم متنوعة تسهل عليك حياتك,https://khamsat.com/programming/browser-extension/1239331-50-%D8%A5%D8%B6%D8%A7%D9%81%D8%A9-%D9%84%D9%82%D9%88%D9%82%D9%88%D9%84-%D9%83%D8%B1%D9%88%D9%85-%D9%85%D8%AA%D9%86%D9%88%D8%B9%D8%A9-%D8%AA%D8%B3%D9%87%D9%84-%D8%B9%D9%84%D9%8A%D9%83-%D8%AD%D9%8A%D8%A7%D8%AA%D9%83,3.5,3,37 دقيقة,6,0,$5.00,يوم واحد,3,0,0.0,.Hussam H,https://khamsat.com/user/guestworld7,True,بائع نشيط,3.5,8,80.95%,4,17,ساعة
برمجة وتطوير,https://khamsat.com/programming,إضافات المتصفحات,https://khamsat.com/programming/browser-extension,تركيب آخر اصدار من PBBoard برنامج المنتديات المتكامل,https://khamsat.com/programming/browser-extension/1332943-%D8%AA%D8%B1%D9%83%D9%8A%D8%A8-%D8%A2%D8%AE%D8%B1-%D8%A7%D8%B5%D8%AF%D8%A7%D8%B1-%D9%85%D9%86-pbboard-%D8%A8%D8%B1%D9%86%D8%A7%D9%85%D8%AC-%D8%A7%D9%84%D9%85%D9%86%D8%AA%D8%AF%D9%8A%D8%A7%D8%AA-%D8%A7%D9%84%D9%85%D8%AA%D9%83%D8%A7%D9%85%D9%84,0.0,0,53 دقيقة,0,0,$5.00,يوم واحد,0,0,0.0,.Mohammed A,https://khamsat.com/user/sabqalbaha,False,مشتري VIP,0.0,0,100.0%,3,1,يوم
برمجة وتطوير,https://khamsat.com/programming,إضافات المتصفحات,https://khamsat.com/programming/browser-extension,عمل اضافة مخصصة لكروم GOOGLE CHROME ولجميع المتصفحات,https://khamsat.com/programming/browser-extension/3011457-%D8%B9%D9%85%D9%84-%D8%A7%D8%B6%D8%A7%D9%81%D8%A9-%D9%85%D8%AE%D8%B5%D8%B5%D8%A9-%D9%84%D9%83%D8%B1%D9%88%D9%85-google-chrome-%D9%88%D9%84%D8%AC%D9%85%D9%8A%D8%B9-%D8%A7%D9%84%D9%85%D8%AA%D8%B5%D9%81%D8%AD%D8%A7%D8%AA,0.0,0,لم يحسب,0,0,$25.00,ثلاثة أيام,0,2,120.0,عبدالرحمن م.,https://khamsat.com/user/mrbodyabdo,True,بائع نشيط,5.0,8,54.17%,5,6,4 ساعات
برمجة وتطوير,https://khamsat.com/programming,إضافات المتصفحات,https://khamsat.com/programming/browser-extension,دليل لأقوى إضافات جوجل كروم بميزات خيالية,https://khamsat.com/programming/browser-extension/2829961-%D8%AF%D9%84%D9%8A%D9%84-%D9%84%D8%A3%D9%82%D9%88%D9%89-%D8%A5%D8%B6%D8%A7%D9%81%D8%A7%D8%AA-%D8%AC%D9%88%D8%AC%D9%84-%D9%83%D8%B1%D9%88%D9%85-%D8%A8%D9%85%D9%8A%D8%B2%D8%A7%D8%AA-%D8%AE%D9%8A%D8%A7%D9%84%D9%8A%D8%A9,0.0,0,لم يحسب,0,0,$15.00,يوم واحد,0,0,0.0,نبراس ا.,https://khamsat.com/user/nibras-alhadidi,True,بائع موثوق,5.0,210,99.58%,8,147,ساعة
برمجة وتطوير,https://khamsat.com/programming,برمجة CSS و HTML,https://khamsat.com/programming/css-html,سكربت عجلة الحظ لموقعك مع لوحة تحكم بسيطه لتغيير النتائج,https://khamsat.com/programming/css-html/2548151-%D8%B3%D9%83%D8%B1%D8%A8%D8%AA-%D8%B9%D8%AC%D9%84%D8%A9-%D8%A7%D9%84%D8%AD%D8%B8-%D9%84%D9%85%D9%88%D9%82%D8%B9%D9%83-%D9%85%D8%B9-%D9%84%D9%88%D8%AD%D8%A9-%D8%AA%D8%AD%D9%83%D9%85-%D8%A8%D8%B3%D9%8A%D8%B7%D9%87-%D9%84%D8%AA%D8%BA%D9%8A%D9%8A%D8%B1-%D8%A7%D9%84%D9%86%D8%AA%D8%A7%D8%A6%D8%AC,0.0,0,11 دقيقة,1,0,$25.00,يوم واحد,0,0,0.0,.Amr S,https://khamsat.com/user/%D8%B9%D9%85%D8%B1%D9%88-%D8%B3%D9%87%D9%8A%D9%84,True,بائع مميز,5.0,38,84.21%,14,51,10 ساعات
برمجة وتطوير,https://khamsat.com/programming,برمجة CSS و HTML,https://khamsat.com/programming/css-html,"تصميم برامج على غوغل شيت (Google Script) , Web App",https://khamsat.com/programming/css-html/2534720-%D8%AA%D8%B5%D9%85%D9%8A%D9%85-%D8%A8%D8%B1%D8%A7%D9%85%D8%AC-%D8%B9%D9%84%D9%89-%D8%BA%D9%88%D8%BA%D9%84-%D8%B4%D9%8A%D8%AA-google-script-web-app,4.5,29,13 ساعة,35,0,$5.00,ثلاثة أيام,25,4,30.0,.Mohamad E,https://khamsat.com/user/mass_1989,True,بائع مميز,4.5,90,94.71%,8,87,6 ساعات
برمجة وتطوير,https://khamsat.com/programming,برمجة CSS و HTML,https://khamsat.com/programming/css-html,تحويل تصميم واجهات أمامية xd Figma لكود HTML CSS JS,https://khamsat.com/programming/css-html/2754561-%D8%AA%D8%AD%D9%88%D9%8A%D9%84-%D8%AA%D8%B5%D9%85%D9%8A%D9%85-%D9%88%D8%A7%D8%AC%D9%87%D8%A7%D8%AA-%D8%A3%D9%85%D8%A7%D9%85%D9%8A%D8%A9-xd-figma-%D9%84%D9%83%D9%88%D8%AF-html-css-js,5.0,1,3 ساعات,4,0,$5.00,يومين,1,5,295.0,.Sara M,https://khamsat.com/user/sara-nagy,True,بائع نشيط,5.0,12,90.24%,2,16,9 ساعات
برمجة وتطوير,https://khamsat.com/programming,برمجة CSS و HTML,https://khamsat.com/programming/css-html,تصميم لوحه تحكم (DashBoard),https://khamsat.com/programming/css-html/2367971-%D8%AA%D8%B5%D9%85%D9%8A%D9%85-%D9%84%D9%88%D8%AD%D9%87-%D8%AA%D8%AD%D9%83%D9%85-dashboard,4.5,4,ساعتين,4,0,$25.00,ثلاثة أيام,4,3,200.0,.Mohamed M,https://khamsat.com/user/mohamedmaher_213,True,بائع نشيط,4.5,6,100.0%,5,7,43 دقيقة
برمجة وتطوير,https://khamsat.com/programming,برمجة CSS و HTML,https://khamsat.com/programming/css-html,بناء واجهة ويب بإستخدام إطار عمل Next.js,https://khamsat.com/programming/css-html/2505831-%D8%A8%D9%86%D8%A7%D8%A1-%D9%88%D8%A7%D8%AC%D9%87%D8%A9-%D9%88%D9%8A%D8%A8-%D8%A8%D8%A5%D8%B3%D8%AA%D8%AE%D8%AF%D8%A7%D9%85-%D8%A5%D8%B7%D8%A7%D8%B1-%D8%B9%D9%85%D9%84-next.js,5.0,4,ساعة,4,0,$5.00,ثلاثة أيام,4,5,95.0,محمد زياد ا.,https://khamsat.com/user/mohamed_ziad00,True,بائع نشيط,5.0,25,71.43%,8,16,15 ساعة
برمجة وتطوير,https://khamsat.com/programming,برمجة CSS و HTML,https://khamsat.com/programming/css-html,"تصميم وجهات مواقع الويب - Html , CSS, Bootstrap",https://khamsat.com/programming/css-html/2461897-%D8%AA%D8%B5%D9%85%D9%8A%D9%85-%D9%88%D8%AC%D9%87%D8%A7%D8%AA-%D9%85%D9%88%D8%A7%D9%82%D8%B9-%D8%A7%D9%84%D9%88%D9%8A%D8%A8-html-css-bootstrap,5.0,1,50 دقيقة,2,0,$5.00,يوم واحد,1,3,65.0,.Amira A,https://khamsat.com/user/amiraalaa364,True,بائع جديد,5.0,1,100.0%,3,2,50 دقيقة
برمجة وتطوير,https://khamsat.com/programming,برمجة CSS و HTML,https://khamsat.com/programming/css-html,أجعل موقعك متجاوب مع جميع الشاشات,https://khamsat.com/programming/css-html/1307732-%D8%A3%D8%AC%D8%B9%D9%84-%D9%85%D9%88%D9%82%D8%B9%D9%83-%D9%85%D8%AA%D8%AC%D8%A7%D9%88%D8%A8-%D9%85%D8%B9-%D8%AC%D9%85%D9%8A%D8%B9-%D8%A7%D9%84%D8%B4%D8%A7%D8%B4%D8%A7%D8%AA,5.0,6,9 دقائق,8,0,$5.00,يومين,6,1,5.0,.Ali L,https://khamsat.com/user/aliinfo,True,بائع نشيط,5.0,11,92.0%,4,13,7 ساعات
برمجة وتطوير,https://khamsat.com/programming,برمجة CSS و HTML,https://khamsat.com/programming/css-html,برمجة وتعديل قوالب HTML/ CSS,https://khamsat.com/programming/css-html/1148183-%D8%A8%D8%B1%D9%85%D8%AC%D8%A9-%D9%88%D8%AA%D8%B9%D8%AF%D9%8A%D9%84-%D9%82%D9%88%D8%A7%D9%84%D8%A8-html-css,5.0,11,يوم,11,0,$5.00,يومين,11,5,125.0,محمود ح.,https://khamsat.com/user/mhmd-hss,True,بائع مميز,5.0,21,79.45%,3,19,9 ساعات
برمجة وتطوير,https://khamsat.com/programming,برمجة CSS و HTML,https://khamsat.com/programming/css-html,تطوير وتصميم صفحات الويب والواجهات الاماميه للمواقع,https://khamsat.com/programming/css-html/2658337-%D8%AA%D8%B7%D9%88%D9%8A%D8%B1-%D9%88%D8%AA%D8%B5%D9%85%D9%8A%D9%85-%D8%B5%D9%81%D8%AD%D8%A7%D8%AA-%D8%A7%D9%84%D9%88%D9%8A%D8%A8-%D9%88%D8%A7%D9%84%D9%88%D8%A7%D8%AC%D9%87%D8%A7%D8%AA-%D8%A7%D9%84%D8%A7%D9%85%D8%A7%D9%85%D9%8A%D9%87-%D9%84%D9%84%D9%85%D9%88%D8%A7%D9%82%D8%B9,5.0,3,55 دقيقة,3,0,$5.00,يوم واحد,3,0,0.0,.Manar M,https://khamsat.com/user/manar136,True,بائع نشيط,5.0,3,90.91%,2,3,55 دقيقة
برمجة وتطوير,https://khamsat.com/programming,برمجة CSS و HTML,https://khamsat.com/programming/css-html,تصميم صفحة ويب بـ HTML و CSS متوافقة مع جميع الأجهزة,https://khamsat.com/programming/css-html/1827382-%D8%AA%D8%B5%D9%85%D9%8A%D9%85-%D8%B5%D9%81%D8%AD%D8%A9-%D9%88%D9%8A%D8%A8-%D8%A8%D9%80-html-%D9%88-css-%D9%85%D8%AA%D9%88%D8%A7%D9%81%D9%82%D8%A9-%D9%85%D8%B9-%D8%AC%D9%85%D9%8A%D8%B9-%D8%A7%D9%84%D8%A3%D8%AC%D9%87%D8%B2%D8%A9,4.5,13,23 دقيقة,17,0,$5.00,ثلاثة أيام,13,2,30.0,.Hesham A,https://khamsat.com/user/hesham_ahmd,True,بائع نشيط,4.5,13,84.85%,1,17,23 دقيقة
برمجة وتطوير,https://khamsat.com/programming,برمجة CSS و HTML,https://khamsat.com/programming/css-html,"تصميم صفح HTML5, CSS3, JS, BOOTSTRAP, JQUERY, vuejs",https://khamsat.com/programming/css-html/2078701-%D8%AA%D8%B5%D9%85%D9%8A%D9%85-%D8%B5%D9%81%D8%AD-html5-css3-js-bootstrap-jquery-vuejs,5.0,10,ساعة,11,0,$5.00,يومين,10,5,85.0,.Abdelrahman I,https://khamsat.com/user/abdelrahman_24,True,بائع نشيط,5.0,10,100.0%,3,11,ساعة
برمجة وتطوير,https://khamsat.com/programming,برمجة CSS و HTML,https://khamsat.com/programming/css-html,تصميم وانشاء موقع الكتروني باستخدام HTML and CSS,https://khamsat.com/programming/css-html/2878393-%D8%AA%D8%B5%D9%85%D9%8A%D9%85-%D9%88%D8%A7%D9%86%D8%B4%D8%A7%D8%A1-%D9%85%D9%88%D9%82%D8%B9-%D8%A7%D9%84%D9%83%D8%AA%D8%B1%D9%88%D9%86%D9%8A-%D8%A8%D8%A7%D8%B3%D8%AA%D8%AE%D8%AF%D8%A7%D9%85-html-and-css,5.0,1,3 دقائق,1,0,$10.00,أربعة أيام,1,2,50.0,شروق ه.,https://khamsat.com/user/shroukhesham555,True,بائع جديد,5.0,1,100.0%,2,1,3 دقائق
برمجة وتطوير,https://khamsat.com/programming,برمجة CSS و HTML,https://khamsat.com/programming/css-html,تصميم قالب HTML من صفحة واحدة,https://khamsat.com/programming/css-html/1382902-%D8%AA%D8%B5%D9%85%D9%8A%D9%85-%D9%82%D8%A7%D9%84%D8%A8-html-%D9%85%D9%86-%D8%B5%D9%81%D8%AD%D8%A9-%D9%88%D8%A7%D8%AD%D8%AF%D8%A9,5.0,19,ساعة,22,0,$10.00,يوم واحد,19,4,250.0,عبدالله م.,https://khamsat.com/user/abdalla7mohmed,True,بائع نشيط,5.0,21,92.16%,4,24,7 ساعات
برمجة وتطوير,https://khamsat.com/programming,برمجة CSS و HTML,https://khamsat.com/programming/css-html,برمجة c و c++,https://khamsat.com/programming/css-html/499147-%D8%A8%D8%B1%D9%85%D8%AC%D8%A9-c-%D9%88-c,4.5,8,ساعتين,11,0,$5.00,يوم واحد,8,3,85.0,أنيس ا.,https://khamsat.com/user/%D8%A3%D9%86%D9%8A%D8%B3-%D8%A8%D9%86-%D8%B9%D8%A8%D8%AF%D8%A7%D9%84%D9%84%D9%87,True,بائع نشيط,4.5,13,41.03%,3,19,3 ساعات
برمجة وتطوير,https://khamsat.com/programming,برمجة CSS و HTML,https://khamsat.com/programming/css-html,تصميم واجهات ويب احترافية باستخدام HTML و CSS,https://khamsat.com/programming/css-html/2933154-%D8%AA%D8%B5%D9%85%D9%8A%D9%85-%D9%88%D8%A7%D8%AC%D9%87%D8%A7%D8%AA-%D9%88%D9%8A%D8%A8-%D8%A7%D8%AD%D8%AA%D8%B1%D8%A7%D9%81%D9%8A%D8%A9-%D8%A8%D8%A7%D8%B3%D8%AA%D8%AE%D8%AF%D8%A7%D9%85-html-%D9%88-css,5.0,2,ساعة,3,0,$5.00,يومين,2,1,5.0,.Khaled M,https://khamsat.com/user/khaled_mohamed_hamza,True,بائع جديد,5.0,4,100.0%,4,5,ساعة
برمجة وتطوير,https://khamsat.com/programming,برمجة CSS و HTML,https://khamsat.com/programming/css-html,"احصل على موقعك بلغة HTML,CSS و من ثلاثة صفحات",https://khamsat.com/programming/css-html/1285354-%D8%A7%D8%AD%D8%B5%D9%84-%D8%B9%D9%84%D9%89-%D9%85%D9%88%D9%82%D8%B9%D9%83-%D8%A8%D9%84%D8%BA%D8%A9-htmlcss-%D9%88-%D9%85%D9%86-%D8%AB%D9%84%D8%A7%D8%AB%D8%A9-%D8%B5%D9%81%D8%AD%D8%A7%D8%AA,5.0,1,5 ساعات,2,0,$5.00,يومين,1,1,10.0,تامر أ.,https://khamsat.com/user/nour_800s,True,بائع مميز,4.5,15,88.52%,4,18,5 ساعات
برمجة وتطوير,https://khamsat.com/programming,برمجة CSS و HTML,https://khamsat.com/programming/css-html,تصميم موقع متحرك او ثابت,https://khamsat.com/programming/css-html/1881033-%D8%AA%D8%B5%D9%85%D9%8A%D9%85-%D9%85%D9%88%D9%82%D8%B9-%D9%85%D8%AA%D8%AD%D8%B1%D9%83-%D8%A7%D9%88-%D8%AB%D8%A7%D8%A8%D8%AA,5.0,1,36 دقيقة,2,0,$5.00,يوم واحد,1,2,15.0,.Ahmed S,https://khamsat.com/user/ahmedswidan,True,بائع نشيط,5.0,1,100.0%,2,3,39 دقيقة
برمجة وتطوير,https://khamsat.com/programming,برمجة CSS و HTML,https://khamsat.com/programming/css-html,برمجة واجهات مواقع ويب متجاوبة مع جميع الشاشات,https://khamsat.com/programming/css-html/2157513-%D8%A8%D8%B1%D9%85%D8%AC%D8%A9-%D9%88%D8%A7%D8%AC%D9%87%D8%A7%D8%AA-%D9%85%D9%88%D8%A7%D9%82%D8%B9-%D9%88%D9%8A%D8%A8-%D9%85%D8%AA%D8%AC%D8%A7%D9%88%D8%A8%D8%A9-%D9%85%D8%B9-%D8%AC%D9%85%D9%8A%D8%B9-%D8%A7%D9%84%D8%B4%D8%A7%D8%B4%D8%A7%D8%AA,5.0,1,ساعتين,1,0,$10.00,يومين,1,0,0.0,.Mohammed A,https://khamsat.com/user/mohammedabohani,True,بائع نشيط,5.0,1,100.0%,2,1,ساعتين
برمجة وتطوير,https://khamsat.com/programming,برمجة CSS و HTML,https://khamsat.com/programming/css-html,إنشاء مواقع باستخدام HTML وCss,https://khamsat.com/programming/css-html/2020186-%D8%A5%D9%86%D8%B4%D8%A7%D8%A1-%D9%85%D9%88%D8%A7%D9%82%D8%B9-%D8%A8%D8%A7%D8%B3%D8%AA%D8%AE%D8%AF%D8%A7%D9%85-html-%D9%88css,5.0,1,يوم,1,0,$5.00,ثلاثة أيام,1,2,30.0,.Abdulmajid A,https://khamsat.com/user/majid_u,True,بائع جديد,5.0,1,100.0%,1,1,يوم
برمجة وتطوير,https://khamsat.com/programming,برمجة CSS و HTML,https://khamsat.com/programming/css-html,تصميم موقغ ويب ب nodejs express and mongoDB,https://khamsat.com/programming/css-html/996640-%D8%AA%D8%B5%D9%85%D9%8A%D9%85-%D9%85%D9%88%D9%82%D8%BA-%D9%88%D9%8A%D8%A8-%D8%A8-nodejs-express-and-mongodb,5.0,8,ساعتين,13,0,$5.00,يوم واحد,8,5,105.0,.Mohamed H,https://khamsat.com/user/mohd-hd,True,بائع نشيط,5.0,11,98.0%,2,14,8 ساعات
برمجة وتطوير,https://khamsat.com/programming,برمجة CSS و HTML,https://khamsat.com/programming/css-html,موقع شخصى لعرض اعمالك ووسائل التواصل الخاصه بك,https://khamsat.com/programming/css-html/2717819-%D9%85%D9%88%D9%82%D8%B9-%D8%B4%D8%AE%D8%B5%D9%89-%D9%84%D8%B9%D8%B1%D8%B6-%D8%A7%D8%B9%D9%85%D8%A7%D9%84%D9%83-%D9%88%D9%88%D8%B3%D8%A7%D8%A6%D9%84-%D8%A7%D9%84%D8%AA%D9%88%D8%A7%D8%B5%D9%84-%D8%A7%D9%84%D8%AE%D8%A7%D8%B5%D9%87-%D8%A8%D9%83,5.0,1,ساعة,2,0,$5.00,يوم واحد,1,0,0.0,هاجر ع.,https://khamsat.com/user/hager_adel499,True,بائع نشيط,5.0,6,100.0%,7,3,32 دقيقة
برمجة وتطوير,https://khamsat.com/programming,برمجة CSS و HTML,https://khamsat.com/programming/css-html,إنشاء صفحة ويب بعنوان تواصل معنا,https://khamsat.com/programming/css-html/2839951-%D8%A5%D9%86%D8%B4%D8%A7%D8%A1-%D8%B5%D9%81%D8%AD%D8%A9-%D9%88%D9%8A%D8%A8-%D8%A8%D8%B9%D9%86%D9%88%D8%A7%D9%86-%D8%AA%D9%88%D8%A7%D8%B5%D9%84-%D9%85%D8%B9%D9%86%D8%A7,5.0,1,لم يحسب,1,0,$5.00,ثلاثة أيام,1,0,0.0,سيرافيا ص.,https://khamsat.com/user/seravia_samuel,True,بائع جديد,5.0,1,100.0%,5,1,لم يحسب
برمجة وتطوير,https://khamsat.com/programming,برمجة CSS و HTML,https://khamsat.com/programming/css-html,"بناء صفحة ويب ب HTML,CSS,JS احترافية حسب الطلب",https://khamsat.com/programming/css-html/2426088-%D8%A8%D9%86%D8%A7%D8%A1-%D8%B5%D9%81%D8%AD%D8%A9-%D9%88%D9%8A%D8%A8-%D8%A8-htmlcssjs-%D8%A7%D8%AD%D8%AA%D8%B1%D8%A7%D9%81%D9%8A%D8%A9-%D8%AD%D8%B3%D8%A8-%D8%A7%D9%84%D8%B7%D9%84%D8%A8,5.0,3,8 دقائق,2,0,$10.00,يومين,3,0,0.0,.Wassim T,https://khamsat.com/user/wassim_tlili,True,بائع جديد,5.0,4,85.71%,3,3,ساعة
برمجة وتطوير,https://khamsat.com/programming,برمجة CSS و HTML,https://khamsat.com/programming/css-html,تصميم موقع إلكتروني بشكل عصري وجذاب وإحترافي متجاوب,https://khamsat.com/programming/css-html/2633649-%D8%AA%D8%B5%D9%85%D9%8A%D9%85-%D9%85%D9%88%D9%82%D8%B9-%D8%A5%D9%84%D9%83%D8%AA%D8%B1%D9%88%D9%86%D9%8A-%D8%A8%D8%B4%D9%83%D9%84-%D8%B9%D8%B5%D8%B1%D9%8A-%D9%88%D8%AC%D8%B0%D8%A7%D8%A8-%D9%88%D8%A5%D8%AD%D8%AA%D8%B1%D8%A7%D9%81%D9%8A-%D9%85%D8%AA%D8%AC%D8%A7%D9%88%D8%A8,5.0,3,8 دقائق,5,0,$5.00,يومين,3,3,30.0,محمد ش.,https://khamsat.com/user/mohammed_shabaan69,True,بائع نشيط,5.0,5,84.62%,6,8,13 دقيقة
برمجة وتطوير,https://khamsat.com/programming,برمجة CSS و HTML,https://khamsat.com/programming/css-html,"تصميم بطاقة شخصية باستخدام css,html مقابل 5 دولار",https://khamsat.com/programming/css-html/1951551-%D8%AA%D8%B5%D9%85%D9%8A%D9%85-%D8%A8%D8%B7%D8%A7%D9%82%D8%A9-%D8%B4%D8%AE%D8%B5%D9%8A%D8%A9-%D8%A8%D8%A7%D8%B3%D8%AA%D8%AE%D8%AF%D8%A7%D9%85-csshtml-%D9%85%D9%82%D8%A7%D8%A8%D9%84-5-%D8%AF%D9%88%D9%84%D8%A7%D8%B1,5.0,1,11 دقيقة,1,0,$5.00,يومين,1,2,15.0,.Amera R,https://khamsat.com/user/amera_raed,True,بائع جديد,5.0,2,100.0%,5,1,ساعة
برمجة وتطوير,https://khamsat.com/programming,برمجة CSS و HTML,https://khamsat.com/programming/css-html,برمجة وتعديل سكريبت موقعك html css php mysql javascript,https://khamsat.com/programming/css-html/1601723-%D8%A8%D8%B1%D9%85%D8%AC%D8%A9-%D9%88%D8%AA%D8%B9%D8%AF%D9%8A%D9%84-%D8%B3%D9%83%D8%B1%D9%8A%D8%A8%D8%AA-%D9%85%D9%88%D9%82%D8%B9%D9%83-html-css-php-mysql-javascript,5.0,5,5 ساعات,6,0,$5.00,خمسة أيام,5,5,90.0,.Elhadj Ali B,https://khamsat.com/user/bekaddour_elhadj_ali,True,بائع مميز,4.5,15,95.08%,5,17,11 ساعة
برمجة وتطوير,https://khamsat.com/programming,برمجة CSS و HTML,https://khamsat.com/programming/css-html,تصميم Portfolio معرض اعمال بشكل جذاب علي الويب,https://khamsat.com/programming/css-html/2371288-%D8%AA%D8%B5%D9%85%D9%8A%D9%85-portfolio-%D9%85%D8%B9%D8%B1%D8%B6-%D8%A7%D8%B9%D9%85%D8%A7%D9%84-%D8%A8%D8%B4%D9%83%D9%84-%D8%AC%D8%B0%D8%A7%D8%A8-%D8%B9%D9%84%D9%8A-%D8%A7%D9%84%D9%88%D9%8A%D8%A8,5.0,2,16 دقيقة,3,0,$10.00,أربعة أيام,2,1,5.0,عبدالعزيز ق.,https://khamsat.com/user/aziz_gad,True,بائع جديد,5.0,2,75.0%,2,3,16 دقيقة
برمجة وتطوير,https://khamsat.com/programming,برمجة CSS و HTML,https://khamsat.com/programming/css-html,تطوير الواجهة الأمامية لمواقع الويب بتنفيذ ملف psd,https://khamsat.com/programming/css-html/2770517-%D8%AA%D8%B7%D9%88%D9%8A%D8%B1-%D8%A7%D9%84%D9%88%D8%A7%D8%AC%D9%87%D8%A9-%D8%A7%D9%84%D8%A3%D9%85%D8%A7%D9%85%D9%8A%D8%A9-%D9%84%D9%85%D9%88%D8%A7%D9%82%D8%B9-%D8%A7%D9%84%D9%88%D9%8A%D8%A8-%D8%A8%D8%AA%D9%86%D9%81%D9%8A%D8%B0-%D9%85%D9%84%D9%81-psd,5.0,1,4 دقائق,1,0,$5.00,يوم واحد,1,2,55.0,ربيعه ا.,https://khamsat.com/user/rabiaahayek,True,بائع جديد,5.0,3,100.0%,4,3,33 دقيقة
برمجة وتطوير,https://khamsat.com/programming,برمجة CSS و HTML,https://khamsat.com/programming/css-html,"اصمم موقع احترافي باستخدام HTML , CSS , JS, Bootstrap",https://khamsat.com/programming/css-html/3003939-%D8%A7%D8%B5%D9%85%D9%85-%D9%85%D9%88%D9%82%D8%B9-%D8%A7%D8%AD%D8%AA%D8%B1%D8%A7%D9%81%D9%8A-%D8%A8%D8%A7%D8%B3%D8%AA%D8%AE%D8%AF%D8%A7%D9%85-html-css-js-bootstrap,5.0,1,21 ساعة,1,0,$5.00,يومين,1,0,0.0,.Shaimaa F,https://khamsat.com/user/shaimaa_farag_okily,True,بائع جديد,5.0,1,100.0%,1,1,21 ساعة
برمجة وتطوير,https://khamsat.com/programming,برمجة CSS و HTML,https://khamsat.com/programming/css-html,برمجة احدث المواقع ب html CSS JavaScript MySQL bootstrap php,https://khamsat.com/programming/css-html/1504329-%D8%A8%D8%B1%D9%85%D8%AC%D8%A9-%D8%A7%D8%AD%D8%AF%D8%AB-%D8%A7%D9%84%D9%85%D9%88%D8%A7%D9%82%D8%B9-%D8%A8-html-css-javascript-mysql-bootstrap-php,5.0,8,6 أيام,7,0,$5.00,خمسة أيام,8,4,205.0,.Mohamed S,https://khamsat.com/user/mohamedsaeed1111,True,بائع نشيط,5.0,8,67.86%,3,7,3 أيام
برمجة وتطوير,https://khamsat.com/programming,برمجة PHP,https://khamsat.com/programming/php-programming,تطوير سكربت PHP,https://khamsat.com/programming/php-programming/1535395-%D8%AA%D8%B7%D9%88%D9%8A%D8%B1-%D8%B3%D9%83%D8%B1%D8%A8%D8%AA-php,5.0,11,3 ساعات,12,0,$50.00,خمسة أيام,11,2,140.0,.Asem M,https://khamsat.com/user/a1999sem,True,بائع مميز,5.0,26,91.89%,5,26,ساعتين
برمجة وتطوير,https://khamsat.com/programming,برمجة PHP,https://khamsat.com/programming/php-programming,اصلاح خطأ برمجي واحد أو تعديل على دالة,https://khamsat.com/programming/php-programming/1314881-%D8%A7%D8%B5%D9%84%D8%A7%D8%AD-%D8%AE%D8%B7%D8%A3-%D8%A8%D8%B1%D9%85%D8%AC%D9%8A-%D9%88%D8%A7%D8%AD%D8%AF-%D8%A3%D9%88-%D8%AA%D8%B9%D8%AF%D9%8A%D9%84-%D8%B9%D9%84%D9%89-%D8%AF%D8%A7%D9%84%D8%A9,5.0,18,6 ساعات,23,0,$5.00,يوم واحد,18,5,185.0,خليل ع.,https://khamsat.com/user/khalileibad,True,بائع نشيط,5.0,19,73.44%,1,23,يوم
برمجة وتطوير,https://khamsat.com/programming,برمجة PHP,https://khamsat.com/programming/php-programming,HRone هي لوحة تحكم إدارية حديثة لإدارة الموارد البشرية (HRM),https://khamsat.com/programming/php-programming/2250719-hrone-%D9%87%D9%8A-%D9%84%D9%88%D8%AD%D8%A9-%D8%AA%D8%AD%D9%83%D9%85-%D8%A5%D8%AF%D8%A7%D8%B1%D9%8A%D8%A9-%D8%AD%D8%AF%D9%8A%D8%AB%D8%A9-%D9%84%D8%A5%D8%AF%D8%A7%D8%B1%D8%A9-%D8%A7%D9%84%D9%85%D9%88%D8%A7%D8%B1%D8%AF-%D8%A7%D9%84%D8%A8%D8%B4%D8%B1%D9%8A%D8%A9-hrm,5.0,2,10 دقائق,4,0,$25.00,يوم واحد,2,0,0.0,.Derradji K,https://khamsat.com/user/dadiker,True,بائع مميز,5.0,47,95.0%,4,69,4 ساعات
برمجة وتطوير,https://khamsat.com/programming,برمجة PHP,https://khamsat.com/programming/php-programming,أصلاح الاخطاء البرمجية في الاسكربت PHP الخاص بك,https://khamsat.com/programming/php-programming/2371715-%D8%A3%D8%B5%D9%84%D8%A7%D8%AD-%D8%A7%D9%84%D8%A7%D8%AE%D8%B7%D8%A7%D8%A1-%D8%A7%D9%84%D8%A8%D8%B1%D9%85%D8%AC%D9%8A%D8%A9-%D9%81%D9%8A-%D8%A7%D9%84%D8%A7%D8%B3%D9%83%D8%B1%D8%A8%D8%AA-php-%D8%A7%D9%84%D8%AE%D8%A7%D8%B5-%D8%A8%D9%83,5.0,8,ساعة,8,0,$5.00,يوم واحد,8,3,45.0,محمد ا.,https://khamsat.com/user/mohamed_el-gendy,True,بائع مميز,5.0,51,97.06%,5,47,ساعة
برمجة وتطوير,https://khamsat.com/programming,برمجة PHP,https://khamsat.com/programming/php-programming,سكربت المعايدة و التهنئة بالكتابة علي الصور,https://khamsat.com/programming/php-programming/2516700-%D8%B3%D9%83%D8%B1%D8%A8%D8%AA-%D8%A7%D9%84%D9%85%D8%B9%D8%A7%D9%8A%D8%AF%D8%A9-%D9%88-%D8%A7%D9%84%D8%AA%D9%87%D9%86%D8%A6%D8%A9-%D8%A8%D8%A7%D9%84%D9%83%D8%AA%D8%A7%D8%A8%D8%A9-%D8%B9%D9%84%D9%8A-%D8%A7%D9%84%D8%B5%D9%88%D8%B1,5.0,17,8 ساعات,23,0,$25.00,يوم واحد,17,3,65.0,.Amr S,https://khamsat.com/user/%D8%B9%D9%85%D8%B1%D9%88-%D8%B3%D9%87%D9%8A%D9%84,True,بائع مميز,5.0,38,84.21%,14,51,10 ساعات
برمجة وتطوير,https://khamsat.com/programming,برمجة PHP,https://khamsat.com/programming/php-programming,تركيب أي سكربت php أو برمجية على موقعك أو سيرفرك,https://khamsat.com/programming/php-programming/3006665-%D8%AA%D8%B1%D9%83%D9%8A%D8%A8-%D8%A3%D9%8A-%D8%B3%D9%83%D8%B1%D8%A8%D8%AA-php-%D8%A3%D9%88-%D8%A8%D8%B1%D9%85%D8%AC%D9%8A%D8%A9-%D8%B9%D9%84%D9%89-%D9%85%D9%88%D9%82%D8%B9%D9%83-%D8%A3%D9%88-%D8%B3%D9%8A%D8%B1%D9%81%D8%B1%D9%83,5.0,2,10 دقائق,2,0,$5.00,يوم واحد,2,0,0.0,محمد م.,https://khamsat.com/user/arynow.com,True,مشتري مميز,5.0,2,75.0%,2,2,7 دقائق
برمجة وتطوير,https://khamsat.com/programming,برمجة PHP,https://khamsat.com/programming/php-programming,تصميم موقع ويب احترافي كامل,https://khamsat.com/programming/php-programming/2701512-%D8%AA%D8%B5%D9%85%D9%8A%D9%85-%D9%85%D9%88%D9%82%D8%B9-%D9%88%D9%8A%D8%A8-%D8%A7%D8%AD%D8%AA%D8%B1%D8%A7%D9%81%D9%8A-%D9%83%D8%A7%D9%85%D9%84,5.0,4,دقيقة,5,0,$10.00,أسبوع,4,0,0.0,.Ali M,https://khamsat.com/user/ali51221,True,بائع نشيط,5.0,5,97.22%,2,6,35 دقيقة
برمجة وتطوير,https://khamsat.com/programming,برمجة PHP,https://khamsat.com/programming/php-programming,نظام ويب لإدارة الأعمال PHP متوافق مع جميع الأجهزة,https://khamsat.com/programming/php-programming/1781794-%D9%86%D8%B8%D8%A7%D9%85-%D9%88%D9%8A%D8%A8-%D9%84%D8%A5%D8%AF%D8%A7%D8%B1%D8%A9-%D8%A7%D9%84%D8%A3%D8%B9%D9%85%D8%A7%D9%84-php-%D9%85%D8%AA%D9%88%D8%A7%D9%81%D9%82-%D9%85%D8%B9-%D8%AC%D9%85%D9%8A%D8%B9-%D8%A7%D9%84%D8%A3%D8%AC%D9%87%D8%B2%D8%A9,5.0,9,4 ساعات,10,0,$25.00,أسبوع,9,5,475.0,.Walaa M,https://khamsat.com/user/walaa_mahfoud,True,بائع نشيط,5.0,17,91.3%,3,18,14 ساعة
برمجة وتطوير,https://khamsat.com/programming,برمجة PHP,https://khamsat.com/programming/php-programming,سكريبت التهنئة في المناسبات والأعياد,https://khamsat.com/programming/php-programming/2900939-%D8%B3%D9%83%D8%B1%D9%8A%D8%A8%D8%AA-%D8%A7%D9%84%D8%AA%D9%87%D9%86%D8%A6%D8%A9-%D9%81%D9%8A-%D8%A7%D9%84%D9%85%D9%86%D8%A7%D8%B3%D8%A8%D8%A7%D8%AA-%D9%88%D8%A7%D9%84%D8%A3%D8%B9%D9%8A%D8%A7%D8%AF,5.0,1,29 دقيقة,1,0,$15.00,يوم واحد,1,3,30.0,محمد ش.,https://khamsat.com/user/mohammed_shabaan69,True,بائع نشيط,5.0,5,84.62%,6,8,13 دقيقة
برمجة وتطوير,https://khamsat.com/programming,برمجة PHP,https://khamsat.com/programming/php-programming,تصميم وبرمجة متجر إلكتروني أو موقع شخصي أو موقع لشركة,https://khamsat.com/programming/php-programming/2768907-%D8%AA%D8%B5%D9%85%D9%8A%D9%85-%D9%88%D8%A8%D8%B1%D9%85%D8%AC%D8%A9-%D9%85%D8%AA%D8%AC%D8%B1-%D8%A5%D9%84%D9%83%D8%AA%D8%B1%D9%88%D9%86%D9%8A-%D8%A3%D9%88-%D9%85%D9%88%D9%82%D8%B9-%D8%B4%D8%AE%D8%B5%D9%8A-%D8%A3%D9%88-%D9%85%D9%88%D9%82%D8%B9-%D9%84%D8%B4%D8%B1%D9%83%D8%A9,5.0,5,ساعتين,6,0,$40.00,أسبوع,5,5,560.0,.Mohamed E,https://khamsat.com/user/mohamedebrahem11,True,بائع مميز,5.0,66,100.0%,6,60,46 دقيقة
برمجة وتطوير,https://khamsat.com/programming,برمجة PHP,https://khamsat.com/programming/php-programming,تصليح موقعك من اﻻخطاء البرمجية,https://khamsat.com/programming/php-programming/449433-%D8%AA%D8%B5%D9%84%D9%8A%D8%AD-%D9%85%D9%88%D9%82%D8%B9%D9%83-%D9%85%D9%86-%D8%A7%D8%AE%D8%B7%D8%A7%D8%A1-%D8%A7%D9%84%D8%A8%D8%B1%D9%85%D8%AC%D9%8A%D8%A9,5.0,6,ساعتين,8,0,$5.00,يوم واحد,6,2,55.0,.Hossam A,https://khamsat.com/user/hossam.alex,True,بائع نشيط,5.0,8,87.5%,6,8,13 ساعة
برمجة وتطوير,https://khamsat.com/programming,برمجة PHP,https://khamsat.com/programming/php-programming,تحويل موقعك static الى dynamic,https://khamsat.com/programming/php-programming/1532712-%D8%AA%D8%AD%D9%88%D9%8A%D9%84-%D9%85%D9%88%D9%82%D8%B9%D9%83-static-%D8%A7%D9%84%D9%89-dynamic,5.0,2,4 أيام,2,0,$5.00,أربعة أيام,2,3,245.0,سالى م.,https://khamsat.com/user/sally_akl,True,بائع نشيط,5.0,6,65.85%,5,7,يوم
برمجة وتطوير,https://khamsat.com/programming,برمجة PHP,https://khamsat.com/programming/php-programming,تصميم وبرمجة صفحة ويب مع قاعدة بيانات باستخدام MYSQL و PHP,https://khamsat.com/programming/php-programming/2771438-%D8%AA%D8%B5%D9%85%D9%8A%D9%85-%D9%88%D8%A8%D8%B1%D9%85%D8%AC%D8%A9-%D8%B5%D9%81%D8%AD%D8%A9-%D9%88%D9%8A%D8%A8-%D9%85%D8%B9-%D9%82%D8%A7%D8%B9%D8%AF%D8%A9-%D8%A8%D9%8A%D8%A7%D9%86%D8%A7%D8%AA-%D8%A8%D8%A7%D8%B3%D8%AA%D8%AE%D8%AF%D8%A7%D9%85-mysql-%D9%88-php,5.0,5,ساعة,4,0,$20.00,يومين,5,1,75.0,إدريس خ.,https://khamsat.com/user/dodo-ik-dodo,True,بائع مميز,5.0,47,92.99%,11,55,12 ساعة
برمجة وتطوير,https://khamsat.com/programming,برمجة PHP,https://khamsat.com/programming/php-programming,تركيب لوحة تحكم,https://khamsat.com/programming/php-programming/707630-%D8%AA%D8%B1%D9%83%D9%8A%D8%A8-%D9%84%D9%88%D8%AD%D8%A9-%D8%AA%D8%AD%D9%83%D9%85,5.0,4,3 أيام,4,0,$5.00,أسبوع,4,3,90.0,.Khaled R,https://khamsat.com/user/king.rayan,True,بائع نشيط,5.0,8,48.21%,5,9,19 ساعة
برمجة وتطوير,https://khamsat.com/programming,برمجة PHP,https://khamsat.com/programming/php-programming,برمجة صفحة ويب باستخدام PHP,https://khamsat.com/programming/php-programming/2771430-%D8%A8%D8%B1%D9%85%D8%AC%D8%A9-%D8%B5%D9%81%D8%AD%D8%A9-%D9%88%D9%8A%D8%A8-%D8%A8%D8%A7%D8%B3%D8%AA%D8%AE%D8%AF%D8%A7%D9%85-php,5.0,3,ساعة,3,0,$10.00,يوم واحد,3,2,150.0,إدريس خ.,https://khamsat.com/user/dodo-ik-dodo,True,بائع مميز,5.0,47,92.99%,11,55,12 ساعة
برمجة وتطوير,https://khamsat.com/programming,برمجة PHP,https://khamsat.com/programming/php-programming,تصميم وبرمجة موقع إلكتروني باستخدام PHP أو PHP Laravel,https://khamsat.com/programming/php-programming/2478510-%D8%AA%D8%B5%D9%85%D9%8A%D9%85-%D9%88%D8%A8%D8%B1%D9%85%D8%AC%D8%A9-%D9%85%D9%88%D9%82%D8%B9-%D8%A5%D9%84%D9%83%D8%AA%D8%B1%D9%88%D9%86%D9%8A-%D8%A8%D8%A7%D8%B3%D8%AA%D8%AE%D8%AF%D8%A7%D9%85-php-%D8%A3%D9%88-php-laravel,4.5,6,47 دقيقة,6,0,$5.00,يوم واحد,6,2,65.0,.Ahmad H,https://khamsat.com/user/ahmadhoz,True,بائع نشيط,4.5,7,73.08%,3,7,ساعتين
برمجة وتطوير,https://khamsat.com/programming,برمجة PHP,https://khamsat.com/programming/php-programming,تصميم وبرمجة لوحة تحكم Dashboard,https://khamsat.com/programming/php-programming/2964910-%D8%AA%D8%B5%D9%85%D9%8A%D9%85-%D9%88%D8%A8%D8%B1%D9%85%D8%AC%D8%A9-%D9%84%D9%88%D8%AD%D8%A9-%D8%AA%D8%AD%D9%83%D9%85-dashboard,5.0,3,دقيقتين,3,0,$10.00,أسبوع,3,2,130.0,.Nora M,https://khamsat.com/user/nour_abotaleb,True,بائع جديد,5.0,4,100.0%,3,4,دقيقتين
برمجة وتطوير,https://khamsat.com/programming,برمجة PHP,https://khamsat.com/programming/php-programming,برمجة سكريبت بسيط ب php و mysqli,https://khamsat.com/programming/php-programming/499248-%D8%A8%D8%B1%D9%85%D8%AC%D8%A9-%D8%B3%D9%83%D8%B1%D9%8A%D8%A8%D8%AA-%D8%A8%D8%B3%D9%8A%D8%B7-%D8%A8-php-%D9%88-mysqli,5.0,7,ساعة,9,0,$10.00,يوم واحد,7,3,80.0,محب ر.,https://khamsat.com/user/moheb_rofail,True,بائع مميز,5.0,43,85.84%,11,50,3 ساعات
برمجة وتطوير,https://khamsat.com/programming,برمجة PHP,https://khamsat.com/programming/php-programming,انشاء لوحة تحكم ب laravel (crud),https://khamsat.com/programming/php-programming/2486385-%D8%A7%D9%86%D8%B4%D8%A7%D8%A1-%D9%84%D9%88%D8%AD%D8%A9-%D8%AA%D8%AD%D9%83%D9%85-%D8%A8-laravel-crud,5.0,1,7 دقائق,1,0,$10.00,يوم واحد,1,4,40.0,.Hocine D,https://khamsat.com/user/djouamaah,True,بائع جديد,5.0,3,75.0%,4,3,28 دقيقة
برمجة وتطوير,https://khamsat.com/programming,برمجة PHP,https://khamsat.com/programming/php-programming,اصلاح مشاكل لارفيل اصلاح خطا واحد بسيط,https://khamsat.com/programming/php-programming/898620-%D8%A7%D8%B5%D9%84%D8%A7%D8%AD-%D9%85%D8%B4%D8%A7%D9%83%D9%84-%D9%84%D8%A7%D8%B1%D9%81%D9%8A%D9%84-%D8%A7%D8%B5%D9%84%D8%A7%D8%AD-%D8%AE%D8%B7%D8%A7-%D9%88%D8%A7%D8%AD%D8%AF-%D8%A8%D8%B3%D9%8A%D8%B7,4.5,7,يوم,7,0,$5.00,يوم واحد,7,3,30.0,.Mohamd I,https://khamsat.com/user/mohamd-imran,True,بائع نشيط,4.5,15,63.24%,2,22,16 ساعة
برمجة وتطوير,https://khamsat.com/programming,برمجة PHP,https://khamsat.com/programming/php-programming,برمجة اي سكريبت بلغة PHP,https://khamsat.com/programming/php-programming/1193728-%D8%A8%D8%B1%D9%85%D8%AC%D8%A9-%D8%A7%D9%8A-%D8%B3%D9%83%D8%B1%D9%8A%D8%A8%D8%AA-%D8%A8%D9%84%D8%BA%D8%A9-php,4.5,16,ساعة,17,0,$5.00,ثلاثة أيام,16,5,160.0,ياسين ا.,https://khamsat.com/user/yassine_abounacir,True,بائع مميز,4.5,16,90.16%,3,17,4 ساعات
برمجة وتطوير,https://khamsat.com/programming,برمجة PHP,https://khamsat.com/programming/php-programming,برمجة PHP سكربت/ويب ابليكشن,https://khamsat.com/programming/php-programming/1202209-%D8%A8%D8%B1%D9%85%D8%AC%D8%A9-php-%D8%B3%D9%83%D8%B1%D8%A8%D8%AA%D9%88%D9%8A%D8%A8-%D8%A7%D8%A8%D9%84%D9%8A%D9%83%D8%B4%D9%86,5.0,19,يوم,22,0,$5.00,أسبوعين,19,4,320.0,.Muhammad T,https://khamsat.com/user/egytweet,True,بائع مميز,5.0,29,81.44%,5,33,15 ساعة
برمجة وتطوير,https://khamsat.com/programming,برمجة PHP,https://khamsat.com/programming/php-programming,تطوير موقع ويب مخصص باستخدام php,https://khamsat.com/programming/php-programming/2764030-%D8%AA%D8%B7%D9%88%D9%8A%D8%B1-%D9%85%D9%88%D9%82%D8%B9-%D9%88%D9%8A%D8%A8-%D9%85%D8%AE%D8%B5%D8%B5-%D8%A8%D8%A7%D8%B3%D8%AA%D8%AE%D8%AF%D8%A7%D9%85-php,5.0,1,5 ساعات,3,0,$10.00,ثلاثة أسابيع,1,1,5.0,.Reda Z,https://khamsat.com/user/murdabeats,True,بائع جديد,5.0,1,100.0%,5,3,5 ساعات
برمجة وتطوير,https://khamsat.com/programming,برمجة PHP,https://khamsat.com/programming/php-programming,داشبورد - Dashboard لوحه تحكم لموقعك Laravel,https://khamsat.com/programming/php-programming/2775365-%D8%AF%D8%A7%D8%B4%D8%A8%D9%88%D8%B1%D8%AF-dashboard-%D9%84%D9%88%D8%AD%D9%87-%D8%AA%D8%AD%D9%83%D9%85-%D9%84%D9%85%D9%88%D9%82%D8%B9%D9%83-laravel,5.0,1,ساعة,1,0,$5.00,ثلاثة أيام,1,3,25.0,.Gerges H,https://khamsat.com/user/gerges_hanna,True,بائع جديد,5.0,4,100.0%,5,3,4 ساعات
برمجة وتطوير,https://khamsat.com/programming,برمجة PHP,https://khamsat.com/programming/php-programming,تعديل موقع ويب باستخدام PHP و MYSQL,https://khamsat.com/programming/php-programming/2771452-%D8%AA%D8%B9%D8%AF%D9%8A%D9%84-%D9%85%D9%88%D9%82%D8%B9-%D9%88%D9%8A%D8%A8-%D8%A8%D8%A7%D8%B3%D8%AA%D8%AE%D8%AF%D8%A7%D9%85-php-%D9%88-mysql,5.0,3,ساعة,3,0,$10.00,يوم واحد,3,2,150.0,إدريس خ.,https://khamsat.com/user/dodo-ik-dodo,True,بائع مميز,5.0,47,92.99%,11,55,12 ساعة
برمجة وتطوير,https://khamsat.com/programming,برمجة PHP,https://khamsat.com/programming/php-programming,ساقوم بتعديل واصلاح أخطاء اي سكربت php codeigniter,https://khamsat.com/programming/php-programming/240134-%D8%B3%D8%A7%D9%82%D9%88%D9%85-%D8%A8%D8%AA%D8%B9%D8%AF%D9%8A%D9%84-%D9%88%D8%A7%D8%B5%D9%84%D8%A7%D8%AD-%D8%A3%D8%AE%D8%B7%D8%A7%D8%A1-%D8%A7%D9%8A-%D8%B3%D9%83%D8%B1%D8%A8%D8%AA-php-codeigniter,5.0,147,47 دقيقة,237,1,$5.00,ثلاثة أيام,25,3,240.0,.Muhammad I,https://khamsat.com/user/mismail,True,بائع مميز,5.0,221,92.4%,3,346,12 ساعة
برمجة وتطوير,https://khamsat.com/programming,برمجة PHP,https://khamsat.com/programming/php-programming,برمجة موقع خاص بك بلغة php,https://khamsat.com/programming/php-programming/2812599-%D8%A8%D8%B1%D9%85%D8%AC%D8%A9-%D9%85%D9%88%D9%82%D8%B9-%D8%AE%D8%A7%D8%B5-%D8%A8%D9%83-%D8%A8%D9%84%D8%BA%D8%A9-php,5.0,4,4 ساعات,6,0,$10.00,أسبوعين,4,3,155.0,محمد ا.,https://khamsat.com/user/%D9%85%D8%AD%D9%85%D8%AF-%D8%A7%D9%84%D8%B9%D9%84%D9%8A-1,True,بائع نشيط,5.0,10,94.74%,2,12,8 ساعات
برمجة وتطوير,https://khamsat.com/programming,برمجة PHP,https://khamsat.com/programming/php-programming,سكريبت التهنئة بالمناسبات رمضان - العيد - شكر وتقدير,https://khamsat.com/programming/php-programming/1369137-%D8%B3%D9%83%D8%B1%D9%8A%D8%A8%D8%AA-%D8%A7%D9%84%D8%AA%D9%87%D9%86%D8%A6%D8%A9-%D8%A8%D8%A7%D9%84%D9%85%D9%86%D8%A7%D8%B3%D8%A8%D8%A7%D8%AA-%D8%B1%D9%85%D8%B6%D8%A7%D9%86-%D8%A7%D9%84%D8%B9%D9%8A%D8%AF-%D8%B4%D9%83%D8%B1-%D9%88%D8%AA%D9%82%D8%AF%D9%8A%D8%B1,5.0,17,57 دقيقة,23,0,$25.00,ثلاثة أيام,17,3,40.0,.Hossam S,https://khamsat.com/user/acchosam,True,بائع مميز,4.5,119,88.69%,8,132,6 ساعات
برمجة وتطوير,https://khamsat.com/programming,برمجة PHP,https://khamsat.com/programming/php-programming,برمجة السكربتات المتقدمة حسب الطلب php & mysql قوالب html,https://khamsat.com/programming/php-programming/56330-%D8%A8%D8%B1%D9%85%D8%AC%D8%A9-%D8%A7%D9%84%D8%B3%D9%83%D8%B1%D8%A8%D8%AA%D8%A7%D8%AA-%D8%A7%D9%84%D9%85%D8%AA%D9%82%D8%AF%D9%85%D8%A9-%D8%AD%D8%B3%D8%A8-%D8%A7%D9%84%D8%B7%D9%84%D8%A8-php-mysql-%D9%82%D9%88%D8%A7%D9%84%D8%A8-html,5.0,9,ساعة,17,0,$50.00,شهر,9,4,475.0,محمد ا.,https://khamsat.com/user/mjxp7,True,بائع مميز,5.0,18,55.74%,3,25,4 ساعات
برمجة وتطوير,https://khamsat.com/programming,برمجة PHP,https://khamsat.com/programming/php-programming,برمجة الكود php و Mysql بجودة عالية,https://khamsat.com/programming/php-programming/411611-%D8%A8%D8%B1%D9%85%D8%AC%D8%A9-%D8%A7%D9%84%D9%83%D9%88%D8%AF-php-%D9%88-mysql-%D8%A8%D8%AC%D9%88%D8%AF%D8%A9-%D8%B9%D8%A7%D9%84%D9%8A%D8%A9,4.5,6,يومين,6,0,$5.00,أسبوعين,6,1,100.0,.Aboubakr B,https://khamsat.com/user/bousalem,True,بائع نشيط,4.5,14,88.68%,5,14,يوم
برمجة وتطوير,https://khamsat.com/programming,برمجة بايثون,https://khamsat.com/programming/python-programming,برمجة بايثون لمشاريع تعلم الالة Machine Learning,https://khamsat.com/programming/python-programming/2939174-%D8%A8%D8%B1%D9%85%D8%AC%D8%A9-%D8%A8%D8%A7%D9%8A%D8%AB%D9%88%D9%86-%D9%84%D9%85%D8%B4%D8%A7%D8%B1%D9%8A%D8%B9-%D8%AA%D8%B9%D9%84%D9%85-%D8%A7%D9%84%D8%A7%D9%84%D8%A9-machine-learning,5.0,2,13 ساعة,3,0,$10.00,ثلاثة أيام,2,4,45.0,.Sara E,https://khamsat.com/user/sara_ezzat4045,True,بائع مميز,5.0,45,98.83%,11,61,3 ساعات
برمجة وتطوير,https://khamsat.com/programming,برمجة بايثون,https://khamsat.com/programming/python-programming,كتابة سكريبتات واستخراج البيانات من الويب باحترافية,https://khamsat.com/programming/python-programming/2978899-%D9%83%D8%AA%D8%A7%D8%A8%D8%A9-%D8%B3%D9%83%D8%B1%D9%8A%D8%A8%D8%AA%D8%A7%D8%AA-%D9%88%D8%A7%D8%B3%D8%AA%D8%AE%D8%B1%D8%A7%D8%AC-%D8%A7%D9%84%D8%A8%D9%8A%D8%A7%D9%86%D8%A7%D8%AA-%D9%85%D9%86-%D8%A7%D9%84%D9%88%D9%8A%D8%A8-%D8%A8%D8%A7%D8%AD%D8%AA%D8%B1%D8%A7%D9%81%D9%8A%D8%A9,5.0,2,ساعة,2,0,$10.00,يوم واحد,2,3,35.0,.Abderrahmen D,https://khamsat.com/user/kanyo,True,بائع جديد,5.0,4,100.0%,3,3,53 دقيقة
برمجة وتطوير,https://khamsat.com/programming,برمجة بايثون,https://khamsat.com/programming/python-programming,إنشاء برامج لكشط الويب Web Scraping لأي موقع مطلوب,https://khamsat.com/programming/python-programming/2792849-%D8%A5%D9%86%D8%B4%D8%A7%D8%A1-%D8%A8%D8%B1%D8%A7%D9%85%D8%AC-%D9%84%D9%83%D8%B4%D8%B7-%D8%A7%D9%84%D9%88%D9%8A%D8%A8-web-scraping-%D9%84%D8%A3%D9%8A-%D9%85%D9%88%D9%82%D8%B9-%D9%85%D8%B7%D9%84%D9%88%D8%A8,5.0,3,23 ساعة,3,0,$10.00,ثلاثة أيام,3,5,65.0,حمزة ع.,https://khamsat.com/user/hamza3725,True,بائع نشيط,5.0,9,100.0%,2,7,10 ساعات
برمجة وتطوير,https://khamsat.com/programming,برمجة بايثون,https://khamsat.com/programming/python-programming,القيام بتعديل او انشاء وبرمجة نظام Odoo,https://khamsat.com/programming/python-programming/2927513-%D8%A7%D9%84%D9%82%D9%8A%D8%A7%D9%85-%D8%A8%D8%AA%D8%B9%D8%AF%D9%8A%D9%84-%D8%A7%D9%88-%D8%A7%D9%86%D8%B4%D8%A7%D8%A1-%D9%88%D8%A8%D8%B1%D9%85%D8%AC%D8%A9-%D9%86%D8%B8%D8%A7%D9%85-odoo,5.0,1,12 ساعة,1,0,$20.00,يومين,1,0,0.0,.Moustafa A,https://khamsat.com/user/moustafa_mahmoud1111,True,بائع نشيط,5.0,1,100.0%,3,1,12 ساعة
برمجة وتطوير,https://khamsat.com/programming,برمجة بايثون,https://khamsat.com/programming/python-programming,برمجة مشاريع بلغة الجافا أو بايثون أو #c,https://khamsat.com/programming/python-programming/2163839-%D8%A8%D8%B1%D9%85%D8%AC%D8%A9-%D9%85%D8%B4%D8%A7%D8%B1%D9%8A%D8%B9-%D8%A8%D9%84%D8%BA%D8%A9-%D8%A7%D9%84%D8%AC%D8%A7%D9%81%D8%A7-%D8%A3%D9%88-%D8%A8%D8%A7%D9%8A%D8%AB%D9%88%D9%86-%D8%A3%D9%88-c,5.0,36,17 دقيقة,47,0,$5.00,يوم واحد,25,4,85.0,عصام خ.,https://khamsat.com/user/%D8%B9%D8%B5%D8%A7%D9%85-%D8%AE%D9%8A%D8%B1%D9%89,True,بائع مميز,5.0,37,92.79%,3,47,ساعتين
برمجة وتطوير,https://khamsat.com/programming,برمجة بايثون,https://khamsat.com/programming/python-programming,انشاء أي موديل التعلم العميق أو تعلم الالة عن طريق Python,https://khamsat.com/programming/python-programming/1747776-%D8%A7%D9%86%D8%B4%D8%A7%D8%A1-%D8%A3%D9%8A-%D9%85%D9%88%D8%AF%D9%8A%D9%84-%D8%A7%D9%84%D8%AA%D8%B9%D9%84%D9%85-%D8%A7%D9%84%D8%B9%D9%85%D9%8A%D9%82-%D8%A3%D9%88-%D8%AA%D8%B9%D9%84%D9%85-%D8%A7%D9%84%D8%A7%D9%84%D8%A9-%D8%B9%D9%86-%D8%B7%D8%B1%D9%8A%D9%82-python,4.5,26,5 ساعات,34,0,$5.00,أسبوع,25,5,165.0,.Achraf O,https://khamsat.com/user/achrafouk,True,بائع مميز,4.5,47,73.74%,6,53,4 ساعات
برمجة وتطوير,https://khamsat.com/programming,برمجة بايثون,https://khamsat.com/programming/python-programming,تحليل و تصوير البيانات و إنشاء module لتعلم الالة و التعلمق,https://khamsat.com/programming/python-programming/2215733-%D8%AA%D8%AD%D9%84%D9%8A%D9%84-%D9%88-%D8%AA%D8%B5%D9%88%D9%8A%D8%B1-%D8%A7%D9%84%D8%A8%D9%8A%D8%A7%D9%86%D8%A7%D8%AA-%D9%88-%D8%A5%D9%86%D8%B4%D8%A7%D8%A1-module-%D9%84%D8%AA%D8%B9%D9%84%D9%85-%D8%A7%D9%84%D8%A7%D9%84%D8%A9-%D9%88-%D8%A7%D9%84%D8%AA%D8%B9%D9%84%D9%85%D9%82,5.0,4,ساعتين,5,0,$5.00,يومين,4,5,125.0,.Mahmoud S,https://khamsat.com/user/mahmoud_salem356,True,بائع نشيط,5.0,4,66.67%,1,5,ساعتين
برمجة وتطوير,https://khamsat.com/programming,برمجة بايثون,https://khamsat.com/programming/python-programming,كتابة أكواد برمجية وحل تمارين C C++ C# PYTHON JAVA,https://khamsat.com/programming/python-programming/2452527-%D9%83%D8%AA%D8%A7%D8%A8%D8%A9-%D8%A3%D9%83%D9%88%D8%A7%D8%AF-%D8%A8%D8%B1%D9%85%D8%AC%D9%8A%D8%A9-%D9%88%D8%AD%D9%84-%D8%AA%D9%85%D8%A7%D8%B1%D9%8A%D9%86-c-c-c-python-java,5.0,7,ساعتين,11,0,$5.00,يوم واحد,7,5,85.0,.Taher R,https://khamsat.com/user/rhanditaher,True,بائع مميز,5.0,8,95.16%,7,12,ساعة
برمجة وتطوير,https://khamsat.com/programming,برمجة بايثون,https://khamsat.com/programming/python-programming,حلول مبتكرة باستخدام Python أتمتة، برمجة واجهات، وغيرها,https://khamsat.com/programming/python-programming/2953280-%D8%AD%D9%84%D9%88%D9%84-%D9%85%D8%A8%D8%AA%D9%83%D8%B1%D8%A9-%D8%A8%D8%A7%D8%B3%D8%AA%D8%AE%D8%AF%D8%A7%D9%85-python-%D8%A3%D8%AA%D9%85%D8%AA%D8%A9-%D8%A8%D8%B1%D9%85%D8%AC%D8%A9-%D9%88%D8%A7%D8%AC%D9%87%D8%A7%D8%AA-%D9%88%D8%BA%D9%8A%D8%B1%D9%87%D8%A7,5.0,1,ساعة,1,0,$5.00,يوم واحد,1,5,95.0,أحمد س.,https://khamsat.com/user/zakria_naser,True,بائع مميز,5.0,21,98.45%,6,22,ساعتين
برمجة وتطوير,https://khamsat.com/programming,برمجة بايثون,https://khamsat.com/programming/python-programming,تطوير الواجهة الخلفية لمواقع وتطبيقات الويب باستخدام بايثون,https://khamsat.com/programming/python-programming/2957288-%D8%AA%D8%B7%D9%88%D9%8A%D8%B1-%D8%A7%D9%84%D9%88%D8%A7%D8%AC%D9%87%D8%A9-%D8%A7%D9%84%D8%AE%D9%84%D9%81%D9%8A%D8%A9-%D9%84%D9%85%D9%88%D8%A7%D9%82%D8%B9-%D9%88%D8%AA%D8%B7%D8%A8%D9%8A%D9%82%D8%A7%D8%AA-%D8%A7%D9%84%D9%88%D9%8A%D8%A8-%D8%A8%D8%A7%D8%B3%D8%AA%D8%AE%D8%AF%D8%A7%D9%85-%D8%A8%D8%A7%D9%8A%D8%AB%D9%88%D9%86,5.0,1,5 أيام,1,0,$5.00,يوم واحد,1,3,45.0,ايمن ع.,https://khamsat.com/user/ayasgo,True,بائع جديد,5.0,1,100.0%,4,1,5 أيام
برمجة وتطوير,https://khamsat.com/programming,برمجة بايثون,https://khamsat.com/programming/python-programming,كتابه اكواد وحل مشاكل python,https://khamsat.com/programming/python-programming/2625118-%D9%83%D8%AA%D8%A7%D8%A8%D9%87-%D8%A7%D9%83%D9%88%D8%A7%D8%AF-%D9%88%D8%AD%D9%84-%D9%85%D8%B4%D8%A7%D9%83%D9%84-python,5.0,10,ساعة,11,0,$5.00,يوم واحد,10,5,175.0,.Mahmoud M,https://khamsat.com/user/mahmoudatia7,True,بائع نشيط,5.0,19,97.83%,3,22,ساعة
برمجة وتطوير,https://khamsat.com/programming,برمجة بايثون,https://khamsat.com/programming/python-programming,تطوير الواجهة الخلفية لمواقع وتطبيقات الويب Django framework,https://khamsat.com/programming/python-programming/2242373-%D8%AA%D8%B7%D9%88%D9%8A%D8%B1-%D8%A7%D9%84%D9%88%D8%A7%D8%AC%D9%87%D8%A9-%D8%A7%D9%84%D8%AE%D9%84%D9%81%D9%8A%D8%A9-%D9%84%D9%85%D9%88%D8%A7%D9%82%D8%B9-%D9%88%D8%AA%D8%B7%D8%A8%D9%8A%D9%82%D8%A7%D8%AA-%D8%A7%D9%84%D9%88%D9%8A%D8%A8-django-framework,5.0,3,ساعة,4,0,$10.00,أربعة أيام,3,4,105.0,.Muzamil A,https://khamsat.com/user/mly88207,True,بائع نشيط,5.0,5,87.5%,3,5,ساعة
برمجة وتطوير,https://khamsat.com/programming,برمجة بايثون,https://khamsat.com/programming/python-programming,أي مشروع أو مسألة تتطلب برمجة بواسطة لغة Python,https://khamsat.com/programming/python-programming/2076602-%D8%A3%D9%8A-%D9%85%D8%B4%D8%B1%D9%88%D8%B9-%D8%A3%D9%88-%D9%85%D8%B3%D8%A3%D9%84%D8%A9-%D8%AA%D8%AA%D8%B7%D9%84%D8%A8-%D8%A8%D8%B1%D9%85%D8%AC%D8%A9-%D8%A8%D9%88%D8%A7%D8%B3%D8%B7%D8%A9-%D9%84%D8%BA%D8%A9-python,4.5,14,6 دقائق,22,0,$5.00,يومين,14,5,100.0,.Abdulrahman M,https://khamsat.com/user/abdulrahman_mansour,True,بائع مميز,4.5,14,99.01%,1,22,4 ساعات
برمجة وتطوير,https://khamsat.com/programming,برمجة بايثون,https://khamsat.com/programming/python-programming,تطوير حلول برمجية مخصصة بلغة Python,https://khamsat.com/programming/python-programming/2175495-%D8%AA%D8%B7%D9%88%D9%8A%D8%B1-%D8%AD%D9%84%D9%88%D9%84-%D8%A8%D8%B1%D9%85%D8%AC%D9%8A%D8%A9-%D9%85%D8%AE%D8%B5%D8%B5%D8%A9-%D8%A8%D9%84%D8%BA%D8%A9-python,4.5,39,25 دقيقة,44,0,$5.00,يوم واحد,25,5,390.0,.Hamza E,https://khamsat.com/user/hamzaekhwan,True,بائع مميز,4.5,45,93.41%,3,47,23 دقيقة
برمجة وتطوير,https://khamsat.com/programming,برمجة بايثون,https://khamsat.com/programming/python-programming,كتابة كود برمجي أو تعديله باستخدام إطار العمل Django,https://khamsat.com/programming/python-programming/2397792-%D9%83%D8%AA%D8%A7%D8%A8%D8%A9-%D9%83%D9%88%D8%AF-%D8%A8%D8%B1%D9%85%D8%AC%D9%8A-%D8%A3%D9%88-%D8%AA%D8%B9%D8%AF%D9%8A%D9%84%D9%87-%D8%A8%D8%A7%D8%B3%D8%AA%D8%AE%D8%AF%D8%A7%D9%85-%D8%A5%D8%B7%D8%A7%D8%B1-%D8%A7%D9%84%D8%B9%D9%85%D9%84-django,5.0,3,4 ساعات,3,0,$10.00,يومين,3,3,20.0,مسعود ز.,https://khamsat.com/user/bilal90,True,بائع جديد,5.0,3,100.0%,3,3,6 ساعات
برمجة وتطوير,https://khamsat.com/programming,برمجة بايثون,https://khamsat.com/programming/python-programming,كتابة أكواد برمجية ب ++Python Java C# C C,https://khamsat.com/programming/python-programming/2780578-%D9%83%D8%AA%D8%A7%D8%A8%D8%A9-%D8%A3%D9%83%D9%88%D8%A7%D8%AF-%D8%A8%D8%B1%D9%85%D8%AC%D9%8A%D8%A9-%D8%A8-python-java-c-c-c,5.0,1,3 ساعات,4,0,$5.00,يوم واحد,1,2,35.0,.Abdelmounaim E,https://khamsat.com/user/zerrad,True,بائع نشيط,5.0,2,89.47%,5,4,3 ساعات
برمجة وتطوير,https://khamsat.com/programming,برمجة بايثون,https://khamsat.com/programming/python-programming,خدمة الأتمتة باستخدام سكربتات Python (Automation),https://khamsat.com/programming/python-programming/2619734-%D8%AE%D8%AF%D9%85%D8%A9-%D8%A7%D9%84%D8%A3%D8%AA%D9%85%D8%AA%D8%A9-%D8%A8%D8%A7%D8%B3%D8%AA%D8%AE%D8%AF%D8%A7%D9%85-%D8%B3%D9%83%D8%B1%D8%A8%D8%AA%D8%A7%D8%AA-python-automation,5.0,5,يوم,5,0,$5.00,يومين,5,4,75.0,.Abd El Halim E,https://khamsat.com/user/el_mokhtar_1430,True,بائع مميز,5.0,62,90.07%,9,77,13 ساعة
برمجة وتطوير,https://khamsat.com/programming,برمجة بايثون,https://khamsat.com/programming/python-programming,بناء classification model (تصنيف ),https://khamsat.com/programming/python-programming/2528223-%D8%A8%D9%86%D8%A7%D8%A1-classification-model-%D8%AA%D8%B5%D9%86%D9%8A%D9%81,5.0,2,4 ساعات,3,0,$10.00,يوم واحد,2,2,140.0,علياء ع.,https://khamsat.com/user/alyaa_omar1,True,بائع نشيط,5.0,6,100.0%,3,7,13 ساعة
برمجة وتطوير,https://khamsat.com/programming,برمجة بايثون,https://khamsat.com/programming/python-programming,"كتابة أكواد برمجية احترافية C++, c#, python, java, ...",https://khamsat.com/programming/python-programming/1600335-%D9%83%D8%AA%D8%A7%D8%A8%D8%A9-%D8%A3%D9%83%D9%88%D8%A7%D8%AF-%D8%A8%D8%B1%D9%85%D8%AC%D9%8A%D8%A9-%D8%A7%D8%AD%D8%AA%D8%B1%D8%A7%D9%81%D9%8A%D8%A9-c-c-python-java-,5.0,18,25 دقيقة,22,0,$5.00,يوم واحد,18,5,200.0,علي خ.,https://khamsat.com/user/ali-khaddour,True,بائع مميز,5.0,25,91.07%,2,27,13 ساعة
برمجة وتطوير,https://khamsat.com/programming,برمجة بايثون,https://khamsat.com/programming/python-programming,كتابه البرامح بالغه البايثون تعمل مع الاردينو,https://khamsat.com/programming/python-programming/944507-%D9%83%D8%AA%D8%A7%D8%A8%D9%87-%D8%A7%D9%84%D8%A8%D8%B1%D8%A7%D9%85%D8%AD-%D8%A8%D8%A7%D9%84%D8%BA%D9%87-%D8%A7%D9%84%D8%A8%D8%A7%D9%8A%D8%AB%D9%88%D9%86-%D8%AA%D8%B9%D9%85%D9%84-%D9%85%D8%B9-%D8%A7%D9%84%D8%A7%D8%B1%D8%AF%D9%8A%D9%86%D9%88,5.0,3,19 ساعة,4,0,$5.00,يوم واحد,3,2,25.0,.Mohamed M,https://khamsat.com/user/redeagle20,True,بائع نشيط,5.0,5,87.5%,4,6,يومين
برمجة وتطوير,https://khamsat.com/programming,برمجة بايثون,https://khamsat.com/programming/python-programming,حلول برمجية متخصصة باستخدام البايثون,https://khamsat.com/programming/python-programming/2842682-%D8%AD%D9%84%D9%88%D9%84-%D8%A8%D8%B1%D9%85%D8%AC%D9%8A%D8%A9-%D9%85%D8%AA%D8%AE%D8%B5%D8%B5%D8%A9-%D8%A8%D8%A7%D8%B3%D8%AA%D8%AE%D8%AF%D8%A7%D9%85-%D8%A7%D9%84%D8%A8%D8%A7%D9%8A%D8%AB%D9%88%D9%86,5.0,2,10 دقائق,2,0,$5.00,يوم واحد,2,2,25.0,.Badr Eddine H,https://khamsat.com/user/badr_harcha,True,بائع جديد,5.0,2,100.0%,2,2,10 دقائق
برمجة وتطوير,https://khamsat.com/programming,برمجة بايثون,https://khamsat.com/programming/python-programming,حل المشاكل البرمجية في برنامج python أو موقع Django,https://khamsat.com/programming/python-programming/1712166-%D8%AD%D9%84-%D8%A7%D9%84%D9%85%D8%B4%D8%A7%D9%83%D9%84-%D8%A7%D9%84%D8%A8%D8%B1%D9%85%D8%AC%D9%8A%D8%A9-%D9%81%D9%8A-%D8%A8%D8%B1%D9%86%D8%A7%D9%85%D8%AC-python-%D8%A3%D9%88-%D9%85%D9%88%D9%82%D8%B9-django,4.5,11,5 ساعات,13,0,$5.00,يوم واحد,11,5,200.0,.Achraf O,https://khamsat.com/user/achrafouk,True,بائع مميز,4.5,47,73.74%,6,53,4 ساعات
برمجة وتطوير,https://khamsat.com/programming,برمجة بايثون,https://khamsat.com/programming/python-programming,كتابة أكواد وحل مشاكل بايثون مع الشرح python,https://khamsat.com/programming/python-programming/2928410-%D9%83%D8%AA%D8%A7%D8%A8%D8%A9-%D8%A3%D9%83%D9%88%D8%A7%D8%AF-%D9%88%D8%AD%D9%84-%D9%85%D8%B4%D8%A7%D9%83%D9%84-%D8%A8%D8%A7%D9%8A%D8%AB%D9%88%D9%86-%D9%85%D8%B9-%D8%A7%D9%84%D8%B4%D8%B1%D8%AD-python,5.0,1,35 دقيقة,1,0,$5.00,أسبوع,1,2,25.0,.Elsayed A,https://khamsat.com/user/elsayed_ahmed_101,True,بائع نشيط,4.5,13,95.83%,6,17,ساعة
برمجة وتطوير,https://khamsat.com/programming,برمجة بايثون,https://khamsat.com/programming/python-programming,كتابة كود برمجي احترافي او تعديله او حل تمارين بلغة Python,https://khamsat.com/programming/python-programming/2370843-%D9%83%D8%AA%D8%A7%D8%A8%D8%A9-%D9%83%D9%88%D8%AF-%D8%A8%D8%B1%D9%85%D8%AC%D9%8A-%D8%A7%D8%AD%D8%AA%D8%B1%D8%A7%D9%81%D9%8A-%D8%A7%D9%88-%D8%AA%D8%B9%D8%AF%D9%8A%D9%84%D9%87-%D8%A7%D9%88-%D8%AD%D9%84-%D8%AA%D9%85%D8%A7%D8%B1%D9%8A%D9%86-%D8%A8%D9%84%D8%BA%D8%A9-python,5.0,8,يوم,9,0,$5.00,يوم واحد,8,5,185.0,.Zyad T,https://khamsat.com/user/zyad_tawfik,True,بائع نشيط,5.0,8,100.0%,1,9,يوم
برمجة وتطوير,https://khamsat.com/programming,برمجة بايثون,https://khamsat.com/programming/python-programming,برمجة ومساعدة في حل مسائل بايثون solving python problems,https://khamsat.com/programming/python-programming/2831691-%D8%A8%D8%B1%D9%85%D8%AC%D8%A9-%D9%88%D9%85%D8%B3%D8%A7%D8%B9%D8%AF%D8%A9-%D9%81%D9%8A-%D8%AD%D9%84-%D9%85%D8%B3%D8%A7%D8%A6%D9%84-%D8%A8%D8%A7%D9%8A%D8%AB%D9%88%D9%86-solving-python-problems,5.0,2,4 دقائق,2,0,$5.00,يومين,2,4,25.0,محمد ع.,https://khamsat.com/user/mido15717,True,بائع جديد,5.0,4,100.0%,2,4,ساعة
برمجة وتطوير,https://khamsat.com/programming,برمجة بايثون,https://khamsat.com/programming/python-programming,حل مسائل برمجية باستخدام اى لغة برمجة,https://khamsat.com/programming/python-programming/2766663-%D8%AD%D9%84-%D9%85%D8%B3%D8%A7%D8%A6%D9%84-%D8%A8%D8%B1%D9%85%D8%AC%D9%8A%D8%A9-%D8%A8%D8%A7%D8%B3%D8%AA%D8%AE%D8%AF%D8%A7%D9%85-%D8%A7%D9%89-%D9%84%D8%BA%D8%A9-%D8%A8%D8%B1%D9%85%D8%AC%D8%A9,5.0,1,6 دقائق,1,0,$5.00,يوم واحد,1,3,30.0,.Marwan A,https://khamsat.com/user/marwan225,True,بائع جديد,5.0,3,100.0%,2,3,21 دقيقة
برمجة وتطوير,https://khamsat.com/programming,برمجة بايثون,https://khamsat.com/programming/python-programming,استخراج البيانات والمعلومات من المواقع باستخدام Pytohn,https://khamsat.com/programming/python-programming/2817227-%D8%A7%D8%B3%D8%AA%D8%AE%D8%B1%D8%A7%D8%AC-%D8%A7%D9%84%D8%A8%D9%8A%D8%A7%D9%86%D8%A7%D8%AA-%D9%88%D8%A7%D9%84%D9%85%D8%B9%D9%84%D9%88%D9%85%D8%A7%D8%AA-%D9%85%D9%86-%D8%A7%D9%84%D9%85%D9%88%D8%A7%D9%82%D8%B9-%D8%A8%D8%A7%D8%B3%D8%AA%D8%AE%D8%AF%D8%A7%D9%85-pytohn,5.0,1,14 دقيقة,1,0,$5.00,يوم واحد,1,4,65.0,.Ahmed T,https://khamsat.com/user/ahmedtawfik_1572000,True,بائع جديد,5.0,1,100.0%,1,1,14 دقيقة
برمجة وتطوير,https://khamsat.com/programming,برمجة بايثون,https://khamsat.com/programming/python-programming,كتابة اكواد وحل مشاكل الكود Python,https://khamsat.com/programming/python-programming/2919512-%D9%83%D8%AA%D8%A7%D8%A8%D8%A9-%D8%A7%D9%83%D9%88%D8%A7%D8%AF-%D9%88%D8%AD%D9%84-%D9%85%D8%B4%D8%A7%D9%83%D9%84-%D8%A7%D9%84%D9%83%D9%88%D8%AF-python,1.0,1,25 دقيقة,1,0,$5.00,يوم واحد,1,4,80.0,مصطفى ع.,https://khamsat.com/user/mostafa_elmelegy,True,بائع جديد,1.0,1,100.0%,2,1,25 دقيقة
برمجة وتطوير,https://khamsat.com/programming,برمجة بايثون,https://khamsat.com/programming/python-programming,تثبيت AutoGPT علي الكومبيوتر الماك او الويندوز,https://khamsat.com/programming/python-programming/2540354-%D8%AA%D8%AB%D8%A8%D9%8A%D8%AA-autogpt-%D8%B9%D9%84%D9%8A-%D8%A7%D9%84%D9%83%D9%88%D9%85%D8%A8%D9%8A%D9%88%D8%AA%D8%B1-%D8%A7%D9%84%D9%85%D8%A7%D9%83-%D8%A7%D9%88-%D8%A7%D9%84%D9%88%D9%8A%D9%86%D8%AF%D9%88%D8%B2,5.0,1,26 دقيقة,1,0,$10.00,يوم واحد,1,0,0.0,عبدالله ا.,https://khamsat.com/user/%D8%B9%D8%A8%D8%AF%D8%A7%D9%84%D9%84%D9%87-%D8%A7%D9%84%D9%87%D9%86%D8%AF%D8%A7%D9%88%D9%8A,True,بائع نشيط,5.0,9,94.44%,5,6,17 دقيقة
برمجة وتطوير,https://khamsat.com/programming,برمجة بايثون,https://khamsat.com/programming/python-programming,برمجة استراتيجيات التداول والمؤشرات باستخدام pine script,https://khamsat.com/programming/python-programming/2578685-%D8%A8%D8%B1%D9%85%D8%AC%D8%A9-%D8%A7%D8%B3%D8%AA%D8%B1%D8%A7%D8%AA%D9%8A%D8%AC%D9%8A%D8%A7%D8%AA-%D8%A7%D9%84%D8%AA%D8%AF%D8%A7%D9%88%D9%84-%D9%88%D8%A7%D9%84%D9%85%D8%A4%D8%B4%D8%B1%D8%A7%D8%AA-%D8%A8%D8%A7%D8%B3%D8%AA%D8%AE%D8%AF%D8%A7%D9%85-pine-script,5.0,4,7 دقائق,4,0,$10.00,يوم واحد,4,3,135.0,محمود ج.,https://khamsat.com/user/ma7moudgad,True,بائع نشيط,5.0,7,100.0%,4,6,ساعتين
برمجة وتطوير,https://khamsat.com/programming,برمجة Java و .NET,https://khamsat.com/programming/java-dot-net,كتابة أكواد #C و VB.NET لحل مشكلات برمجية,https://khamsat.com/programming/java-dot-net/1447776-%D9%83%D8%AA%D8%A7%D8%A8%D8%A9-%D8%A3%D9%83%D9%88%D8%A7%D8%AF-c-%D9%88-vb.net-%D9%84%D8%AD%D9%84-%D9%85%D8%B4%D9%83%D9%84%D8%A7%D8%AA-%D8%A8%D8%B1%D9%85%D8%AC%D9%8A%D8%A9,5.0,16,ساعة,19,0,$5.00,يوم واحد,16,1,5.0,عادل ب.,https://khamsat.com/user/adel-91,True,بائع مميز,5.0,64,98.48%,1,64,يوم
برمجة وتطوير,https://khamsat.com/programming,برمجة Java و .NET,https://khamsat.com/programming/java-dot-net,إصلاحات في لغتي الـJAVA و #C,https://khamsat.com/programming/java-dot-net/1221021-%D8%A5%D8%B5%D9%84%D8%A7%D8%AD%D8%A7%D8%AA-%D9%81%D9%8A-%D9%84%D8%BA%D8%AA%D9%8A-%D8%A7%D9%84%D9%80java-%D9%88-c,5.0,6,دقيقة,6,0,$5.00,يومين,6,1,10.0,.Mohamed Haroun E,https://khamsat.com/user/%D9%85%D8%AD%D9%85%D8%AF-%D9%87%D8%A7%D8%B1%D9%88%D9%86-%D8%A7%D9%84%D9%86%D9%81%D8%A7%D8%AA%D9%8A,True,بائع نشيط,5.0,11,80.43%,5,11,ساعتين
برمجة وتطوير,https://khamsat.com/programming,برمجة Java و .NET,https://khamsat.com/programming/java-dot-net,كتابة أكواد برمجية وحل تمارين بلغات برمجية ++C Java C# C,https://khamsat.com/programming/java-dot-net/1656182-%D9%83%D8%AA%D8%A7%D8%A8%D8%A9-%D8%A3%D9%83%D9%88%D8%A7%D8%AF-%D8%A8%D8%B1%D9%85%D8%AC%D9%8A%D8%A9-%D9%88%D8%AD%D9%84-%D8%AA%D9%85%D8%A7%D8%B1%D9%8A%D9%86-%D8%A8%D9%84%D8%BA%D8%A7%D8%AA-%D8%A8%D8%B1%D9%85%D8%AC%D9%8A%D8%A9-c-java-c-c,5.0,95,أقل من دقيقة,115,0,$10.00,يوم واحد,25,4,160.0,محمد ر.,https://khamsat.com/user/muhammad_ali_97,True,بائع مميز,5.0,105,90.81%,1,121,ساعة
برمجة وتطوير,https://khamsat.com/programming,برمجة Java و .NET,https://khamsat.com/programming/java-dot-net,برمجة مشروع بلغة جافا و تطبيق مفاهيم OOP,https://khamsat.com/programming/java-dot-net/1624882-%D8%A8%D8%B1%D9%85%D8%AC%D8%A9-%D9%85%D8%B4%D8%B1%D9%88%D8%B9-%D8%A8%D9%84%D8%BA%D8%A9-%D8%AC%D8%A7%D9%81%D8%A7-%D9%88-%D8%AA%D8%B7%D8%A8%D9%8A%D9%82-%D9%85%D9%81%D8%A7%D9%87%D9%8A%D9%85-oop,5.0,3,ساعة,4,0,$5.00,يوم واحد,3,2,20.0,هشام ع.,https://khamsat.com/user/%D9%87%D8%B4%D8%A7%D9%85-%D8%B9%D8%A8%D8%A7%D8%B3,True,بائع نشيط,5.0,10,84.38%,4,13,4 ساعات
برمجة وتطوير,https://khamsat.com/programming,برمجة Java و .NET,https://khamsat.com/programming/java-dot-net,كتابة اكواد برمجية وحل وظائف برمجة بمختلف اللغات مع الشرح,https://khamsat.com/programming/java-dot-net/1674633-%D9%83%D8%AA%D8%A7%D8%A8%D8%A9-%D8%A7%D9%83%D9%88%D8%A7%D8%AF-%D8%A8%D8%B1%D9%85%D8%AC%D9%8A%D8%A9-%D9%88%D8%AD%D9%84-%D9%88%D8%B8%D8%A7%D8%A6%D9%81-%D8%A8%D8%B1%D9%85%D8%AC%D8%A9-%D8%A8%D9%85%D8%AE%D8%AA%D9%84%D9%81-%D8%A7%D9%84%D9%84%D8%BA%D8%A7%D8%AA-%D9%85%D8%B9-%D8%A7%D9%84%D8%B4%D8%B1%D8%AD,4.5,16,11 يوم,17,0,$5.00,يوم واحد,16,3,35.0,.Hussien M,https://khamsat.com/user/hussienam,True,بائع نشيط,4.5,21,85.45%,4,19,4 أيام
برمجة وتطوير,https://khamsat.com/programming,برمجة Java و .NET,https://khamsat.com/programming/java-dot-net,سأكتب كود لبرنامجك بلغات برمجة Java و Python و C #,https://khamsat.com/programming/java-dot-net/2324896-%D8%B3%D8%A3%D9%83%D8%AA%D8%A8-%D9%83%D9%88%D8%AF-%D9%84%D8%A8%D8%B1%D9%86%D8%A7%D9%85%D8%AC%D9%83-%D8%A8%D9%84%D8%BA%D8%A7%D8%AA-%D8%A8%D8%B1%D9%85%D8%AC%D8%A9-java-%D9%88-python-%D9%88-c,5.0,6,6 ساعات,7,0,$15.00,يومين,6,4,200.0,.Ilyes O,https://khamsat.com/user/elyesomri,True,بائع نشيط,5.0,6,96.43%,2,7,4 ساعات
برمجة وتطوير,https://khamsat.com/programming,برمجة Java و .NET,https://khamsat.com/programming/java-dot-net,"خدمة تصميم خوارزميات التشفير بإستخدام لغة ++Java , C",https://khamsat.com/programming/java-dot-net/1967617-%D8%AE%D8%AF%D9%85%D8%A9-%D8%AA%D8%B5%D9%85%D9%8A%D9%85-%D8%AE%D9%88%D8%A7%D8%B1%D8%B2%D9%85%D9%8A%D8%A7%D8%AA-%D8%A7%D9%84%D8%AA%D8%B4%D9%81%D9%8A%D8%B1-%D8%A8%D8%A5%D8%B3%D8%AA%D8%AE%D8%AF%D8%A7%D9%85-%D9%84%D8%BA%D8%A9-java-c,5.0,2,ساعة,5,0,$10.00,يوم واحد,2,3,35.0,هاني م.,https://khamsat.com/user/hanimahii2,True,بائع مميز,5.0,47,95.78%,9,69,ساعة
برمجة وتطوير,https://khamsat.com/programming,برمجة Java و .NET,https://khamsat.com/programming/java-dot-net,نظام إدارة المستخدمين والتحكم في الأدوار والصلاحيات ASP.NET,https://khamsat.com/programming/java-dot-net/3023143-%D9%86%D8%B8%D8%A7%D9%85-%D8%A5%D8%AF%D8%A7%D8%B1%D8%A9-%D8%A7%D9%84%D9%85%D8%B3%D8%AA%D8%AE%D8%AF%D9%85%D9%8A%D9%86-%D9%88%D8%A7%D9%84%D8%AA%D8%AD%D9%83%D9%85-%D9%81%D9%8A-%D8%A7%D9%84%D8%A3%D8%AF%D9%88%D8%A7%D8%B1-%D9%88%D8%A7%D9%84%D8%B5%D9%84%D8%A7%D8%AD%D9%8A%D8%A7%D8%AA-asp.net,5.0,1,يوم,1,0,$5.00,يوم واحد,1,0,0.0,.Abdelrahman A,https://khamsat.com/user/abdo_a_kalaf,True,بائع جديد,5.0,1,100.0%,1,1,يوم
برمجة وتطوير,https://khamsat.com/programming,برمجة Java و .NET,https://khamsat.com/programming/java-dot-net,برمجة مشاريع بسيطة بلغة الجافا,https://khamsat.com/programming/java-dot-net/2910027-%D8%A8%D8%B1%D9%85%D8%AC%D8%A9-%D9%85%D8%B4%D8%A7%D8%B1%D9%8A%D8%B9-%D8%A8%D8%B3%D9%8A%D8%B7%D8%A9-%D8%A8%D9%84%D8%BA%D8%A9-%D8%A7%D9%84%D8%AC%D8%A7%D9%81%D8%A7,5.0,3,58 دقيقة,3,0,$5.00,يوم واحد,3,2,110.0,.Ola H,https://khamsat.com/user/ola_hamdy99,True,بائع جديد,5.0,4,100.0%,3,5,32 دقيقة
برمجة وتطوير,https://khamsat.com/programming,برمجة Java و .NET,https://khamsat.com/programming/java-dot-net,برمجة بلغة جافا وحل أي مشكلة تواجهها,https://khamsat.com/programming/java-dot-net/654971-%D8%A8%D8%B1%D9%85%D8%AC%D8%A9-%D8%A8%D9%84%D8%BA%D8%A9-%D8%AC%D8%A7%D9%81%D8%A7-%D9%88%D8%AD%D9%84-%D8%A3%D9%8A-%D9%85%D8%B4%D9%83%D9%84%D8%A9-%D8%AA%D9%88%D8%A7%D8%AC%D9%87%D9%87%D8%A7,5.0,11,13 ساعة,11,0,$5.00,ثلاثة أيام,11,0,0.0,بشير ب.,https://khamsat.com/user/%D8%A8%D8%B4%D9%8A%D8%B1-%D8%A8%D8%AF%D8%B1,True,بائع مميز,5.0,33,63.48%,1,31,8 ساعات
برمجة وتطوير,https://khamsat.com/programming,برمجة Java و .NET,https://khamsat.com/programming/java-dot-net,تطوير موقع ويب متكامل باستخدام ASP.net mvc core,https://khamsat.com/programming/java-dot-net/2523558-%D8%AA%D8%B7%D9%88%D9%8A%D8%B1-%D9%85%D9%88%D9%82%D8%B9-%D9%88%D9%8A%D8%A8-%D9%85%D8%AA%D9%83%D8%A7%D9%85%D9%84-%D8%A8%D8%A7%D8%B3%D8%AA%D8%AE%D8%AF%D8%A7%D9%85-asp.net-mvc-core,4.5,2,19 دقيقة,3,0,$10.00,أربعة أيام,2,2,15.0,مصطفى م.,https://khamsat.com/user/mustafa_muhabek,True,بائع جديد,4.5,2,100.0%,1,3,19 دقيقة
برمجة وتطوير,https://khamsat.com/programming,برمجة Java و .NET,https://khamsat.com/programming/java-dot-net,كتابة أكواد برمجية وحل مشكلات أي كود بأي لغة برمجة,https://khamsat.com/programming/java-dot-net/1654336-%D9%83%D8%AA%D8%A7%D8%A8%D8%A9-%D8%A3%D9%83%D9%88%D8%A7%D8%AF-%D8%A8%D8%B1%D9%85%D8%AC%D9%8A%D8%A9-%D9%88%D8%AD%D9%84-%D9%85%D8%B4%D9%83%D9%84%D8%A7%D8%AA-%D8%A3%D9%8A-%D9%83%D9%88%D8%AF-%D8%A8%D8%A3%D9%8A-%D9%84%D8%BA%D8%A9-%D8%A8%D8%B1%D9%85%D8%AC%D8%A9,5.0,10,14 ساعة,13,0,$25.00,ثلاثة أسابيع,10,5,230.0,.Monther A,https://khamsat.com/user/monther_albainy,True,بائع نشيط,5.0,13,86.96%,3,15,3 ساعات
برمجة وتطوير,https://khamsat.com/programming,برمجة Java و .NET,https://khamsat.com/programming/java-dot-net,كتابة الاكواد البرمجية وحل التمارين C C++ JAVA PYTHON,https://khamsat.com/programming/java-dot-net/2744446-%D9%83%D8%AA%D8%A7%D8%A8%D8%A9-%D8%A7%D9%84%D8%A7%D9%83%D9%88%D8%A7%D8%AF-%D8%A7%D9%84%D8%A8%D8%B1%D9%85%D8%AC%D9%8A%D8%A9-%D9%88%D8%AD%D9%84-%D8%A7%D9%84%D8%AA%D9%85%D8%A7%D8%B1%D9%8A%D9%86-c-c-java-python,5.0,1,6 ساعات,4,0,$5.00,يوم واحد,1,0,0.0,.Mohamed E,https://khamsat.com/user/medsaffarre,True,بائع نشيط,5.0,8,97.5%,3,12,3 ساعات
برمجة وتطوير,https://khamsat.com/programming,برمجة Java و .NET,https://khamsat.com/programming/java-dot-net,تنفيذ مشاريع صغيره بلغه جافا (Java) او مسائل برمجيه عن جافا,https://khamsat.com/programming/java-dot-net/2600825-%D8%AA%D9%86%D9%81%D9%8A%D8%B0-%D9%85%D8%B4%D8%A7%D8%B1%D9%8A%D8%B9-%D8%B5%D8%BA%D9%8A%D8%B1%D9%87-%D8%A8%D9%84%D8%BA%D9%87-%D8%AC%D8%A7%D9%81%D8%A7-java-%D8%A7%D9%88-%D9%85%D8%B3%D8%A7%D8%A6%D9%84-%D8%A8%D8%B1%D9%85%D8%AC%D9%8A%D9%87-%D8%B9%D9%86-%D8%AC%D8%A7%D9%81%D8%A7,5.0,11,ساعة,11,0,$5.00,يومين,11,4,60.0,.Ali M,https://khamsat.com/user/eng_ali_mohamed,True,بائع نشيط,5.0,11,100.0%,1,11,ساعة
برمجة وتطوير,https://khamsat.com/programming,برمجة Java و .NET,https://khamsat.com/programming/java-dot-net,سأقوم بتقديم أي دعم تطلبه في ما يخص لغة JAVA,https://khamsat.com/programming/java-dot-net/693737-%D8%B3%D8%A3%D9%82%D9%88%D9%85-%D8%A8%D8%AA%D9%82%D8%AF%D9%8A%D9%85-%D8%A3%D9%8A-%D8%AF%D8%B9%D9%85-%D8%AA%D8%B7%D9%84%D8%A8%D9%87-%D9%81%D9%8A-%D9%85%D8%A7-%D9%8A%D8%AE%D8%B5-%D9%84%D8%BA%D8%A9-java,4.5,10,16 دقيقة,11,0,$5.00,يوم واحد,10,3,30.0,نزار ا.,https://khamsat.com/user/nizaryous,True,بائع نشيط,4.5,11,95.24%,3,12,ساعة
برمجة وتطوير,https://khamsat.com/programming,برمجة Java و .NET,https://khamsat.com/programming/java-dot-net,برمجة تطبيقات وبرامج ويندوز وبرامج محاسبية بلغة السي شارب,https://khamsat.com/programming/java-dot-net/227223-%D8%A8%D8%B1%D9%85%D8%AC%D8%A9-%D8%AA%D8%B7%D8%A8%D9%8A%D9%82%D8%A7%D8%AA-%D9%88%D8%A8%D8%B1%D8%A7%D9%85%D8%AC-%D9%88%D9%8A%D9%86%D8%AF%D9%88%D8%B2-%D9%88%D8%A8%D8%B1%D8%A7%D9%85%D8%AC-%D9%85%D8%AD%D8%A7%D8%B3%D8%A8%D9%8A%D8%A9-%D8%A8%D9%84%D8%BA%D8%A9-%D8%A7%D9%84%D8%B3%D9%8A-%D8%B4%D8%A7%D8%B1%D8%A8,5.0,28,39 دقيقة,38,0,$5.00,أربعة أيام,25,3,30.0,.Muhammad K,https://khamsat.com/user/muhammad.khalifa.14,True,بائع موثوق,5.0,210,90.82%,3,227,11 ساعة
برمجة وتطوير,https://khamsat.com/programming,برمجة Java و .NET,https://khamsat.com/programming/java-dot-net,تكويد برامج جافا,https://khamsat.com/programming/java-dot-net/616608-%D8%AA%D9%83%D9%88%D9%8A%D8%AF-%D8%A8%D8%B1%D8%A7%D9%85%D8%AC-%D8%AC%D8%A7%D9%81%D8%A7,5.0,2,17 دقيقة,3,0,$5.00,يومين,2,1,50.0,أنيس ا.,https://khamsat.com/user/%D8%A3%D9%86%D9%8A%D8%B3-%D8%A8%D9%86-%D8%B9%D8%A8%D8%AF%D8%A7%D9%84%D9%84%D9%87,True,بائع نشيط,4.5,13,41.03%,3,19,3 ساعات
برمجة وتطوير,https://khamsat.com/programming,برمجة Java و .NET,https://khamsat.com/programming/java-dot-net,مراجعة واصلاح مشاكل وأخطاء برامج Java,https://khamsat.com/programming/java-dot-net/2162499-%D9%85%D8%B1%D8%A7%D8%AC%D8%B9%D8%A9-%D9%88%D8%A7%D8%B5%D9%84%D8%A7%D8%AD-%D9%85%D8%B4%D8%A7%D9%83%D9%84-%D9%88%D8%A3%D8%AE%D8%B7%D8%A7%D8%A1-%D8%A8%D8%B1%D8%A7%D9%85%D8%AC-java,5.0,5,يوم,5,0,$10.00,يوم واحد,5,2,15.0,جمال الدين ب.,https://khamsat.com/user/djamelbenz9645,True,بائع نشيط,5.0,11,94.12%,5,7,9 ساعات
برمجة وتطوير,https://khamsat.com/programming,برمجة Java و .NET,https://khamsat.com/programming/java-dot-net,إصلاح الأخطاء الموجودة في سكريبت Spring Boot,https://khamsat.com/programming/java-dot-net/1352768-%D8%A5%D8%B5%D9%84%D8%A7%D8%AD-%D8%A7%D9%84%D8%A3%D8%AE%D8%B7%D8%A7%D8%A1-%D8%A7%D9%84%D9%85%D9%88%D8%AC%D9%88%D8%AF%D8%A9-%D9%81%D9%8A-%D8%B3%D9%83%D8%B1%D9%8A%D8%A8%D8%AA-spring-boot,4.5,5,12 ساعة,6,0,$10.00,يوم واحد,5,3,225.0,.Mehdi J,https://khamsat.com/user/djinns,True,بائع نشيط,4.5,8,90.0%,3,6,15 ساعة
برمجة وتطوير,https://khamsat.com/programming,برمجة Java و .NET,https://khamsat.com/programming/java-dot-net,برمجه وتطوير بلغه الجافا,https://khamsat.com/programming/java-dot-net/1387933-%D8%A8%D8%B1%D9%85%D8%AC%D9%87-%D9%88%D8%AA%D8%B7%D9%88%D9%8A%D8%B1-%D8%A8%D9%84%D8%BA%D9%87-%D8%A7%D9%84%D8%AC%D8%A7%D9%81%D8%A7,5.0,8,4 ساعات,12,0,$5.00,أسبوع,8,5,260.0,رياض م.,https://khamsat.com/user/ryadfarouk,True,بائع نشيط,5.0,11,51.22%,1,15,ساعة
برمجة وتطوير,https://khamsat.com/programming,برمجة Java و .NET,https://khamsat.com/programming/java-dot-net,حل مشكلة في لغة جافا مع شرحها مقابل 5$,https://khamsat.com/programming/java-dot-net/1472021-%D8%AD%D9%84-%D9%85%D8%B4%D9%83%D9%84%D8%A9-%D9%81%D9%8A-%D9%84%D8%BA%D8%A9-%D8%AC%D8%A7%D9%81%D8%A7-%D9%85%D8%B9-%D8%B4%D8%B1%D8%AD%D9%87%D8%A7-%D9%85%D9%82%D8%A7%D8%A8%D9%84-5,5.0,2,5 ساعات,4,0,$5.00,يومين,2,5,165.0,.Rabah B,https://khamsat.com/user/brdev8991,True,بائع مميز,5.0,25,79.41%,4,27,10 ساعات
برمجة وتطوير,https://khamsat.com/programming,برمجة Java و .NET,https://khamsat.com/programming/java-dot-net,تطوير تطبيقات و برامج java spring boot,https://khamsat.com/programming/java-dot-net/2324908-%D8%AA%D8%B7%D9%88%D9%8A%D8%B1-%D8%AA%D8%B7%D8%A8%D9%8A%D9%82%D8%A7%D8%AA-%D9%88-%D8%A8%D8%B1%D8%A7%D9%85%D8%AC-java-spring-boot,0.0,0,ساعة,1,0,$10.00,ثلاثة أيام,0,2,35.0,.Ilyes O,https://khamsat.com/user/elyesomri,True,بائع نشيط,5.0,6,96.43%,2,7,4 ساعات
برمجة وتطوير,https://khamsat.com/programming,برمجة Java و .NET,https://khamsat.com/programming/java-dot-net,برمجة كود معقد بالجافا مع قواعد البيانات وشرحه للعميل,https://khamsat.com/programming/java-dot-net/1169791-%D8%A8%D8%B1%D9%85%D8%AC%D8%A9-%D9%83%D9%88%D8%AF-%D9%85%D8%B9%D9%82%D8%AF-%D8%A8%D8%A7%D9%84%D8%AC%D8%A7%D9%81%D8%A7-%D9%85%D8%B9-%D9%82%D9%88%D8%A7%D8%B9%D8%AF-%D8%A7%D9%84%D8%A8%D9%8A%D8%A7%D9%86%D8%A7%D8%AA-%D9%88%D8%B4%D8%B1%D8%AD%D9%87-%D9%84%D9%84%D8%B9%D9%85%D9%8A%D9%84,5.0,11,26 دقيقة,13,0,$10.00,يوم واحد,11,2,60.0,جابر ع.,https://khamsat.com/user/jaber-atia,True,بائع مميز,5.0,48,86.84%,5,39,ساعة
برمجة وتطوير,https://khamsat.com/programming,برمجة Java و .NET,https://khamsat.com/programming/java-dot-net,برمجة كل ما تريد بلغة الجافا بكل احترافية واتقان,https://khamsat.com/programming/java-dot-net/596977-%D8%A8%D8%B1%D9%85%D8%AC%D8%A9-%D9%83%D9%84-%D9%85%D8%A7-%D8%AA%D8%B1%D9%8A%D8%AF-%D8%A8%D9%84%D8%BA%D8%A9-%D8%A7%D9%84%D8%AC%D8%A7%D9%81%D8%A7-%D8%A8%D9%83%D9%84-%D8%A7%D8%AD%D8%AA%D8%B1%D8%A7%D9%81%D9%8A%D8%A9-%D9%88%D8%A7%D8%AA%D9%82%D8%A7%D9%86,5.0,6,9 أيام,8,0,$5.00,خمسة أيام,6,4,95.0,جمال الدين ب.,https://khamsat.com/user/dj.bourahla,True,بائع نشيط,5.0,6,59.26%,4,8,يومين
برمجة وتطوير,https://khamsat.com/programming,برمجة Java و .NET,https://khamsat.com/programming/java-dot-net,"كتابة أكواد برمجية حل مسائل بلغات برمجية ++ Java, Python , C",https://khamsat.com/programming/java-dot-net/3036440-%D9%83%D8%AA%D8%A7%D8%A8%D8%A9-%D8%A3%D9%83%D9%88%D8%A7%D8%AF-%D8%A8%D8%B1%D9%85%D8%AC%D9%8A%D8%A9-%D8%AD%D9%84-%D9%85%D8%B3%D8%A7%D8%A6%D9%84-%D8%A8%D9%84%D8%BA%D8%A7%D8%AA-%D8%A8%D8%B1%D9%85%D8%AC%D9%8A%D8%A9-java-python-c,0.0,0,لم يحسب,0,0,$5.00,يوم واحد,0,1,5.0,شروق م.,https://khamsat.com/user/shrouk_89,True,بائع جديد,0.0,0,لم يحسب بعد,1,0,لم يحسب
برمجة وتطوير,https://khamsat.com/programming,برمجة Java و .NET,https://khamsat.com/programming/java-dot-net,نظام بنك لإدارة العلاقه مع الزبائن باستخدام لغة جافا و sql,https://khamsat.com/programming/java-dot-net/1649603-%D9%86%D8%B8%D8%A7%D9%85-%D8%A8%D9%86%D9%83-%D9%84%D8%A5%D8%AF%D8%A7%D8%B1%D8%A9-%D8%A7%D9%84%D8%B9%D9%84%D8%A7%D9%82%D9%87-%D9%85%D8%B9-%D8%A7%D9%84%D8%B2%D8%A8%D8%A7%D8%A6%D9%86-%D8%A8%D8%A7%D8%B3%D8%AA%D8%AE%D8%AF%D8%A7%D9%85-%D9%84%D8%BA%D8%A9-%D8%AC%D8%A7%D9%81%D8%A7-%D9%88-sql,0.0,0,لم يحسب,0,0,$5.00,يومين,0,2,10.0,احمد ح.,https://khamsat.com/user/ahmad123hikmat,True,بائع جديد,0.0,0,لم يحسب بعد,1,0,لم يحسب
برمجة وتطوير,https://khamsat.com/programming,برمجة Java و .NET,https://khamsat.com/programming/java-dot-net,برمجة برامج تصحيح واستخراج وفلترة البيانات,https://khamsat.com/programming/java-dot-net/239229-%D8%A8%D8%B1%D9%85%D8%AC%D8%A9-%D8%A8%D8%B1%D8%A7%D9%85%D8%AC-%D8%AA%D8%B5%D8%AD%D9%8A%D8%AD-%D9%88%D8%A7%D8%B3%D8%AA%D8%AE%D8%B1%D8%A7%D8%AC-%D9%88%D9%81%D9%84%D8%AA%D8%B1%D8%A9-%D8%A7%D9%84%D8%A8%D9%8A%D8%A7%D9%86%D8%A7%D8%AA,5.0,3,ساعة,4,0,$5.00,ثلاثة أيام,3,0,0.0,.Wajdy E,https://khamsat.com/user/wajdy.essam,True,مشتري VIP,5.0,8,71.6%,2,11,3 ساعات
برمجة وتطوير,https://khamsat.com/programming,برمجة Java و .NET,https://khamsat.com/programming/java-dot-net,برمجة ب لغة JAVA ب احترافية عالية,https://khamsat.com/programming/java-dot-net/3043735-%D8%A8%D8%B1%D9%85%D8%AC%D8%A9-%D8%A8-%D9%84%D8%BA%D8%A9-java-%D8%A8-%D8%A7%D8%AD%D8%AA%D8%B1%D8%A7%D9%81%D9%8A%D8%A9-%D8%B9%D8%A7%D9%84%D9%8A%D8%A9,0.0,0,لم يحسب,0,0,$5.00,يوم واحد,0,2,10.0,.Lana T,https://khamsat.com/user/lana_eltaweel,True,مشتري جديد,5.0,1,50.0%,2,1,31 دقيقة
برمجة وتطوير,https://khamsat.com/programming,برمجة Java و .NET,https://khamsat.com/programming/java-dot-net,"مطور ويب ومبرمجHTML,CSS,JavaScript,BootStrap, API And MVC",https://khamsat.com/programming/java-dot-net/3050038-%D9%85%D8%B7%D9%88%D8%B1-%D9%88%D9%8A%D8%A8-%D9%88%D9%85%D8%A8%D8%B1%D9%85%D8%AChtmlcssjavascriptbootstrap-api-and-mvc,0.0,0,لم يحسب,0,0,$5.00,يوم واحد,0,1,5.0,.Mahmoud B,https://khamsat.com/user/mahmoudbakr1,True,بائع جديد,0.0,0,لم يحسب بعد,1,0,لم يحسب
برمجة وتطوير,https://khamsat.com/programming,برمجة Java و .NET,https://khamsat.com/programming/java-dot-net,تطوير وتصميم البرامج المتعلقة بـ Java,https://khamsat.com/programming/java-dot-net/2990102-%D8%AA%D8%B7%D9%88%D9%8A%D8%B1-%D9%88%D8%AA%D8%B5%D9%85%D9%8A%D9%85-%D8%A7%D9%84%D8%A8%D8%B1%D8%A7%D9%85%D8%AC-%D8%A7%D9%84%D9%85%D8%AA%D8%B9%D9%84%D9%82%D8%A9-%D8%A8%D9%80-java,0.0,0,لم يحسب,0,0,$5.00,يوم واحد,0,5,130.0,.Ibrahim A,https://khamsat.com/user/ebra_1,True,بائع نشيط,0.0,15,97.83%,5,19,ساعة
برمجة وتطوير,https://khamsat.com/programming,إنشاء تطبيق,https://khamsat.com/programming/full-app-creation,تنفيذ تطبيق IOS باستخدام Swift & SwiftUI,https://khamsat.com/programming/full-app-creation/2031001-%D8%AA%D9%86%D9%81%D9%8A%D8%B0-%D8%AA%D8%B7%D8%A8%D9%8A%D9%82-ios-%D8%A8%D8%A7%D8%B3%D8%AA%D8%AE%D8%AF%D8%A7%D9%85-swift-swiftui,4.5,31,22 دقيقة,32,1,$50.00,شهر,25,3,600.0,.Khaled M,https://khamsat.com/user/khaled_m2,True,بائع مميز,4.5,38,80.0%,1,34,5 ساعات
برمجة وتطوير,https://khamsat.com/programming,إنشاء تطبيق,https://khamsat.com/programming/full-app-creation,كود سورس تطبيق خلفيات ساعات احترافي Kotlin,https://khamsat.com/programming/full-app-creation/2648785-%D9%83%D9%88%D8%AF-%D8%B3%D9%88%D8%B1%D8%B3-%D8%AA%D8%B7%D8%A8%D9%8A%D9%82-%D8%AE%D9%84%D9%81%D9%8A%D8%A7%D8%AA-%D8%B3%D8%A7%D8%B9%D8%A7%D8%AA-%D8%A7%D8%AD%D8%AA%D8%B1%D8%A7%D9%81%D9%8A-kotlin,5.0,1,6 دقائق,2,0,$10.00,يوم واحد,1,5,175.0,.Emad S,https://khamsat.com/user/%D8%B5%D9%82%D8%B1-%D8%A7%D9%84%D8%B8%D9%84%D8%A7%D9%85,True,مشتري مميز,5.0,1,73.33%,5,8,ساعتين
برمجة وتطوير,https://khamsat.com/programming,إنشاء تطبيق,https://khamsat.com/programming/full-app-creation,تطوير تطبيقات أندرويد موبايل باستخدام جافا وكوتلن,https://khamsat.com/programming/full-app-creation/3052748-%D8%AA%D8%B7%D9%88%D9%8A%D8%B1-%D8%AA%D8%B7%D8%A8%D9%8A%D9%82%D8%A7%D8%AA-%D8%A3%D9%86%D8%AF%D8%B1%D9%88%D9%8A%D8%AF-%D9%85%D9%88%D8%A8%D8%A7%D9%8A%D9%84-%D8%A8%D8%A7%D8%B3%D8%AA%D8%AE%D8%AF%D8%A7%D9%85-%D8%AC%D8%A7%D9%81%D8%A7-%D9%88%D9%83%D9%88%D8%AA%D9%84%D9%86,5.0,1,دقيقة,1,0,$5.00,يوم واحد,1,0,0.0,.Alaa E,https://khamsat.com/user/alaaeissa012,True,بائع جديد,5.0,1,100.0%,1,1,دقيقة
برمجة وتطوير,https://khamsat.com/programming,إنشاء تطبيق,https://khamsat.com/programming/full-app-creation,برمجة تطبيقات الموبايل | Android و iOS,https://khamsat.com/programming/full-app-creation/2975144-%D8%A8%D8%B1%D9%85%D8%AC%D8%A9-%D8%AA%D8%B7%D8%A8%D9%8A%D9%82%D8%A7%D8%AA-%D8%A7%D9%84%D9%85%D9%88%D8%A8%D8%A7%D9%8A%D9%84-android-%D9%88-ios,5.0,1,9 ساعات,1,0,$25.00,ثلاثة أيام,1,5,475.0,محمد ا.,https://khamsat.com/user/m_elgahed,True,بائع مميز,4.5,31,90.98%,4,44,6 ساعات
برمجة وتطوير,https://khamsat.com/programming,إنشاء تطبيق,https://khamsat.com/programming/full-app-creation,انشاء تطبيق VPN للاندرويد,https://khamsat.com/programming/full-app-creation/2640780-%D8%A7%D9%86%D8%B4%D8%A7%D8%A1-%D8%AA%D8%B7%D8%A8%D9%8A%D9%82-vpn-%D9%84%D9%84%D8%A7%D9%86%D8%AF%D8%B1%D9%88%D9%8A%D8%AF,5.0,2,ساعة,4,0,$10.00,ثلاثة أيام,2,5,110.0,.Lahcen A,https://khamsat.com/user/mr_lm3gaze,True,بائع جديد,5.0,3,66.67%,1,4,ساعة
برمجة وتطوير,https://khamsat.com/programming,إنشاء تطبيق,https://khamsat.com/programming/full-app-creation,تصميم و برمجة تطبيق للجوال ANDROID و IOS بشكل احترافي,https://khamsat.com/programming/full-app-creation/2866005-%D8%AA%D8%B5%D9%85%D9%8A%D9%85-%D9%88-%D8%A8%D8%B1%D9%85%D8%AC%D8%A9-%D8%AA%D8%B7%D8%A8%D9%8A%D9%82-%D9%84%D9%84%D8%AC%D9%88%D8%A7%D9%84-android-%D9%88-ios-%D8%A8%D8%B4%D9%83%D9%84-%D8%A7%D8%AD%D8%AA%D8%B1%D8%A7%D9%81%D9%8A,5.0,1,3 ساعات,1,0,$25.00,يومين,1,4,325.0,.Abdelrahman S,https://khamsat.com/user/abd01200,True,بائع نشيط,5.0,5,100.0%,2,4,ساعة
برمجة وتطوير,https://khamsat.com/programming,إنشاء تطبيق,https://khamsat.com/programming/full-app-creation,أحصل على تطبيق طلبيات ونظام متكامل يعمل على Android و IOS,https://khamsat.com/programming/full-app-creation/2782510-%D8%A3%D8%AD%D8%B5%D9%84-%D8%B9%D9%84%D9%89-%D8%AA%D8%B7%D8%A8%D9%8A%D9%82-%D8%B7%D9%84%D8%A8%D9%8A%D8%A7%D8%AA-%D9%88%D9%86%D8%B8%D8%A7%D9%85-%D9%85%D8%AA%D9%83%D8%A7%D9%85%D9%84-%D9%8A%D8%B9%D9%85%D9%84-%D8%B9%D9%84%D9%89-android-%D9%88-ios,5.0,6,4 أيام,8,0,$25.00,يومين,6,5,500.0,فضيل ع.,https://khamsat.com/user/imotion,True,بائع نشيط,5.0,15,100.0%,3,15,يوم
برمجة وتطوير,https://khamsat.com/programming,إنشاء تطبيق,https://khamsat.com/programming/full-app-creation,تطوير تطبيقات iOS مبتكرة باستخدام Swift و SwiftUI,https://khamsat.com/programming/full-app-creation/3037942-%D8%AA%D8%B7%D9%88%D9%8A%D8%B1-%D8%AA%D8%B7%D8%A8%D9%8A%D9%82%D8%A7%D8%AA-ios-%D9%85%D8%A8%D8%AA%D9%83%D8%B1%D8%A9-%D8%A8%D8%A7%D8%B3%D8%AA%D8%AE%D8%AF%D8%A7%D9%85-swift-%D9%88-swiftui,0.0,0,يومين,1,0,$5.00,أسبوع,0,2,130.0,.Amneh S,https://khamsat.com/user/amneh_shalabyeh,True,بائع جديد,0.0,0,100.0%,1,1,يومين
برمجة وتطوير,https://khamsat.com/programming,إنشاء تطبيق,https://khamsat.com/programming/full-app-creation,برمجة تطبيق يعمل على نظام Android و IOS,https://khamsat.com/programming/full-app-creation/2008861-%D8%A8%D8%B1%D9%85%D8%AC%D8%A9-%D8%AA%D8%B7%D8%A8%D9%8A%D9%82-%D9%8A%D8%B9%D9%85%D9%84-%D8%B9%D9%84%D9%89-%D9%86%D8%B8%D8%A7%D9%85-android-%D9%88-ios,5.0,15,37 دقيقة,17,0,$25.00,يوم واحد,15,5,575.0,مروان ا.,https://khamsat.com/user/marwan_shaheen,True,بائع مميز,5.0,41,94.12%,3,36,ساعة
برمجة وتطوير,https://khamsat.com/programming,إنشاء تطبيق,https://khamsat.com/programming/full-app-creation,تحويل التصميم إلى تطبيق Flutter,https://khamsat.com/programming/full-app-creation/2885809-%D8%AA%D8%AD%D9%88%D9%8A%D9%84-%D8%A7%D9%84%D8%AA%D8%B5%D9%85%D9%8A%D9%85-%D8%A5%D9%84%D9%89-%D8%AA%D8%B7%D8%A8%D9%8A%D9%82-flutter,5.0,7,28 دقيقة,8,0,$5.00,يوم واحد,7,4,130.0,.Aya D,https://khamsat.com/user/aya_ali_d,True,بائع نشيط,5.0,7,100.0%,1,8,28 دقيقة
برمجة وتطوير,https://khamsat.com/programming,إنشاء تطبيق,https://khamsat.com/programming/full-app-creation,انشاء تطبيق اندرويد kotlin باعلى جوده.,https://khamsat.com/programming/full-app-creation/1725880-%D8%A7%D9%86%D8%B4%D8%A7%D8%A1-%D8%AA%D8%B7%D8%A8%D9%8A%D9%82-%D8%A7%D9%86%D8%AF%D8%B1%D9%88%D9%8A%D8%AF-kotlin-%D8%A8%D8%A7%D8%B9%D9%84%D9%89-%D8%AC%D9%88%D8%AF%D9%87,5.0,23,6 دقائق,27,0,$25.00,ثلاثة أيام,23,4,310.0,.Mahmoud G,https://khamsat.com/user/mahmoud_gaber,True,بائع مميز,5.0,52,96.58%,2,51,7 دقائق
برمجة وتطوير,https://khamsat.com/programming,إنشاء تطبيق,https://khamsat.com/programming/full-app-creation,تصميم وتحويل الجداول Excel الى تطبيق Web iOS Android,https://khamsat.com/programming/full-app-creation/2684984-%D8%AA%D8%B5%D9%85%D9%8A%D9%85-%D9%88%D8%AA%D8%AD%D9%88%D9%8A%D9%84-%D8%A7%D9%84%D8%AC%D8%AF%D8%A7%D9%88%D9%84-excel-%D8%A7%D9%84%D9%89-%D8%AA%D8%B7%D8%A8%D9%8A%D9%82-web-ios-android,5.0,5,12 دقيقة,5,0,$10.00,أربعة أيام,5,5,275.0,.Abdulla A,https://khamsat.com/user/abdulla_nsour,True,بائع جديد,5.0,6,100.0%,2,5,25 دقيقة
برمجة وتطوير,https://khamsat.com/programming,إنشاء تطبيق,https://khamsat.com/programming/full-app-creation,تطبيق تاكسي خدمات التوصيل أندرويد,https://khamsat.com/programming/full-app-creation/2737729-%D8%AA%D8%B7%D8%A8%D9%8A%D9%82-%D8%AA%D8%A7%D9%83%D8%B3%D9%8A-%D8%AE%D8%AF%D9%85%D8%A7%D8%AA-%D8%A7%D9%84%D8%AA%D9%88%D8%B5%D9%8A%D9%84-%D8%A3%D9%86%D8%AF%D8%B1%D9%88%D9%8A%D8%AF,5.0,2,6 ساعات,2,0,$25.00,ثلاثة أيام,2,3,200.0,زكريا ا.,https://khamsat.com/user/zakarya-zara,True,مشتري مميز,5.0,20,85.45%,2,24,3 ساعات
برمجة وتطوير,https://khamsat.com/programming,إنشاء تطبيق,https://khamsat.com/programming/full-app-creation,انشاء وتصميم تطبيقات احترافيه للاندرويد وios باستخدام فلاتر,https://khamsat.com/programming/full-app-creation/2542771-%D8%A7%D9%86%D8%B4%D8%A7%D8%A1-%D9%88%D8%AA%D8%B5%D9%85%D9%8A%D9%85-%D8%AA%D8%B7%D8%A8%D9%8A%D9%82%D8%A7%D8%AA-%D8%A7%D8%AD%D8%AA%D8%B1%D8%A7%D9%81%D9%8A%D9%87-%D9%84%D9%84%D8%A7%D9%86%D8%AF%D8%B1%D9%88%D9%8A%D8%AF-%D9%88ios-%D8%A8%D8%A7%D8%B3%D8%AA%D8%AE%D8%AF%D8%A7%D9%85-%D9%81%D9%84%D8%A7%D8%AA%D8%B1,4.5,11,23 ساعة,14,0,$10.00,ثلاثة أيام,11,5,105.0,.Ahmed H,https://khamsat.com/user/androidmasr,True,بائع نشيط,4.5,13,90.38%,4,16,21 ساعة
برمجة وتطوير,https://khamsat.com/programming,إنشاء تطبيق,https://khamsat.com/programming/full-app-creation,سأنشأ لك تطبيق لمشاهدة الافلام العالمية باسمك,https://khamsat.com/programming/full-app-creation/1039768-%D8%B3%D8%A3%D9%86%D8%B4%D8%A3-%D9%84%D9%83-%D8%AA%D8%B7%D8%A8%D9%8A%D9%82-%D9%84%D9%85%D8%B4%D8%A7%D9%87%D8%AF%D8%A9-%D8%A7%D9%84%D8%A7%D9%81%D9%84%D8%A7%D9%85-%D8%A7%D9%84%D8%B9%D8%A7%D9%84%D9%85%D9%8A%D8%A9-%D8%A8%D8%A7%D8%B3%D9%85%D9%83,4.5,20,يوم,26,0,$10.00,يومين,20,4,110.0,المهدي ا.,https://khamsat.com/user/%D9%85%D9%87%D8%AF%D9%8A-%D8%A7%D9%84%D9%85%D9%86%D9%88%D8%B1,True,بائع نشيط,4.5,27,80.0%,6,33,7 ساعات
برمجة وتطوير,https://khamsat.com/programming,إنشاء تطبيق,https://khamsat.com/programming/full-app-creation,احصل على تطبيق يعمل على نظام Android و IOS,https://khamsat.com/programming/full-app-creation/2226947-%D8%A7%D8%AD%D8%B5%D9%84-%D8%B9%D9%84%D9%89-%D8%AA%D8%B7%D8%A8%D9%8A%D9%82-%D9%8A%D8%B9%D9%85%D9%84-%D8%B9%D9%84%D9%89-%D9%86%D8%B8%D8%A7%D9%85-android-%D9%88-ios,4.5,7,4 ساعات,9,0,$25.00,ثلاثة أيام,7,5,240.0,مدثر ع.,https://khamsat.com/user/modather_ali0,True,بائع نشيط,4.5,12,84.85%,2,14,يوم
برمجة وتطوير,https://khamsat.com/programming,إنشاء تطبيق,https://khamsat.com/programming/full-app-creation,انشاء تطبيق موبايل بواسطه java او Kotlin,https://khamsat.com/programming/full-app-creation/3014951-%D8%A7%D9%86%D8%B4%D8%A7%D8%A1-%D8%AA%D8%B7%D8%A8%D9%8A%D9%82-%D9%85%D9%88%D8%A8%D8%A7%D9%8A%D9%84-%D8%A8%D9%88%D8%A7%D8%B3%D8%B7%D9%87-java-%D8%A7%D9%88-kotlin,5.0,1,10 دقائق,1,0,$5.00,يوم واحد,1,3,110.0,.Ahmed S,https://khamsat.com/user/ahmedsamy011,True,بائع جديد,5.0,1,100.0%,1,1,10 دقائق
برمجة وتطوير,https://khamsat.com/programming,إنشاء تطبيق,https://khamsat.com/programming/full-app-creation,انشاء تطبيق موبايل للايفون والاندرويد,https://khamsat.com/programming/full-app-creation/2992642-%D8%A7%D9%86%D8%B4%D8%A7%D8%A1-%D8%AA%D8%B7%D8%A8%D9%8A%D9%82-%D9%85%D9%88%D8%A8%D8%A7%D9%8A%D9%84-%D9%84%D9%84%D8%A7%D9%8A%D9%81%D9%88%D9%86-%D9%88%D8%A7%D9%84%D8%A7%D9%86%D8%AF%D8%B1%D9%88%D9%8A%D8%AF,5.0,3,ساعتين,3,0,$5.00,يومين,3,2,75.0,.Sura A,https://khamsat.com/user/iqsora,True,بائع نشيط,5.0,5,100.0%,2,3,3 ساعات
برمجة وتطوير,https://khamsat.com/programming,إنشاء تطبيق,https://khamsat.com/programming/full-app-creation,تصميم و برمجة تطبيق أندرويد لتسويق كوبونات الخصم بالعمولة,https://khamsat.com/programming/full-app-creation/2097000-%D8%AA%D8%B5%D9%85%D9%8A%D9%85-%D9%88-%D8%A8%D8%B1%D9%85%D8%AC%D8%A9-%D8%AA%D8%B7%D8%A8%D9%8A%D9%82-%D8%A3%D9%86%D8%AF%D8%B1%D9%88%D9%8A%D8%AF-%D9%84%D8%AA%D8%B3%D9%88%D9%8A%D9%82-%D9%83%D9%88%D8%A8%D9%88%D9%86%D8%A7%D8%AA-%D8%A7%D9%84%D8%AE%D8%B5%D9%85-%D8%A8%D8%A7%D9%84%D8%B9%D9%85%D9%88%D9%84%D8%A9,5.0,1,7 ساعات,1,0,$5.00,ثلاثة أيام,1,5,350.0,.Nawwar M,https://khamsat.com/user/nauwaar,True,بائع نشيط,5.0,5,65.0%,3,4,3 ساعات
برمجة وتطوير,https://khamsat.com/programming,إنشاء تطبيق,https://khamsat.com/programming/full-app-creation,خدمة Migration من ionic3 إلى ionic4,https://khamsat.com/programming/full-app-creation/1207819-%D8%AE%D8%AF%D9%85%D8%A9-migration-%D9%85%D9%86-ionic3-%D8%A5%D9%84%D9%89-ionic4,5.0,2,ساعة,5,0,$5.00,يوم واحد,2,4,120.0,غزلان ا.,https://khamsat.com/user/ghizlaneizza,True,بائع جديد,5.0,2,41.18%,3,5,3 ساعات
برمجة وتطوير,https://khamsat.com/programming,إنشاء تطبيق,https://khamsat.com/programming/full-app-creation,برمجة تطبيقات اندرويد مع تسليم السورس كود,https://khamsat.com/programming/full-app-creation/1364447-%D8%A8%D8%B1%D9%85%D8%AC%D8%A9-%D8%AA%D8%B7%D8%A8%D9%8A%D9%82%D8%A7%D8%AA-%D8%A7%D9%86%D8%AF%D8%B1%D9%88%D9%8A%D8%AF-%D9%85%D8%B9-%D8%AA%D8%B3%D9%84%D9%8A%D9%85-%D8%A7%D9%84%D8%B3%D9%88%D8%B1%D8%B3-%D9%83%D9%88%D8%AF,4.5,18,10 ساعات,26,0,$50.00,ثلاثة أيام,18,5,385.0,.Keroles A,https://khamsat.com/user/lxvll,True,بائع مميز,4.5,51,87.84%,6,55,5 ساعات
برمجة وتطوير,https://khamsat.com/programming,إنشاء تطبيق,https://khamsat.com/programming/full-app-creation,انشاء منصه مثل zoom متكامله,https://khamsat.com/programming/full-app-creation/1882576-%D8%A7%D9%86%D8%B4%D8%A7%D8%A1-%D9%85%D9%86%D8%B5%D9%87-%D9%85%D8%AB%D9%84-zoom-%D9%85%D8%AA%D9%83%D8%A7%D9%85%D9%84%D9%87,5.0,3,ساعة,3,0,$5.00,أسبوعين,3,5,475.0,.Mohamed A,https://khamsat.com/user/engahlawy20,True,بائع نشيط,5.0,13,95.83%,5,12,ساعتين
برمجة وتطوير,https://khamsat.com/programming,إنشاء تطبيق,https://khamsat.com/programming/full-app-creation,انشاء تطبيق اندرويد مع لوحة تحكم خاصة للتطبيق,https://khamsat.com/programming/full-app-creation/1998995-%D8%A7%D9%86%D8%B4%D8%A7%D8%A1-%D8%AA%D8%B7%D8%A8%D9%8A%D9%82-%D8%A7%D9%86%D8%AF%D8%B1%D9%88%D9%8A%D8%AF-%D9%85%D8%B9-%D9%84%D9%88%D8%AD%D8%A9-%D8%AA%D8%AD%D9%83%D9%85-%D8%AE%D8%A7%D8%B5%D8%A9-%D9%84%D9%84%D8%AA%D8%B7%D8%A8%D9%8A%D9%82,5.0,2,16 دقيقة,2,0,$20.00,خمسة أيام,2,2,200.0,احمد ي.,https://khamsat.com/user/ahmed_tarek_ya,True,بائع نشيط,5.0,11,83.33%,3,11,20 دقيقة
برمجة وتطوير,https://khamsat.com/programming,إنشاء تطبيق,https://khamsat.com/programming/full-app-creation,صنع تطبيقات وألعاب الواقع المعزز Augmented Reality,https://khamsat.com/programming/full-app-creation/1677940-%D8%B5%D9%86%D8%B9-%D8%AA%D8%B7%D8%A8%D9%8A%D9%82%D8%A7%D8%AA-%D9%88%D8%A3%D9%84%D8%B9%D8%A7%D8%A8-%D8%A7%D9%84%D9%88%D8%A7%D9%82%D8%B9-%D8%A7%D9%84%D9%85%D8%B9%D8%B2%D8%B2-augmented-reality,5.0,4,16 ساعة,5,1,$25.00,يوم واحد,4,5,370.0,.Assad A,https://khamsat.com/user/assadalabed,True,بائع نشيط,5.0,5,50.0%,2,6,11 ساعة
برمجة وتطوير,https://khamsat.com/programming,إنشاء تطبيق,https://khamsat.com/programming/full-app-creation,بناء تطبيق يعمل على نظام اندرويد,https://khamsat.com/programming/full-app-creation/1964767-%D8%A8%D9%86%D8%A7%D8%A1-%D8%AA%D8%B7%D8%A8%D9%8A%D9%82-%D9%8A%D8%B9%D9%85%D9%84-%D8%B9%D9%84%D9%89-%D9%86%D8%B8%D8%A7%D9%85-%D8%A7%D9%86%D8%AF%D8%B1%D9%88%D9%8A%D8%AF,5.0,22,37 دقيقة,24,0,$10.00,يوم واحد,22,5,290.0,مروان ا.,https://khamsat.com/user/marwan_shaheen,True,بائع مميز,5.0,41,94.12%,3,36,ساعة
برمجة وتطوير,https://khamsat.com/programming,إنشاء تطبيق,https://khamsat.com/programming/full-app-creation,اصمم لك تطبيق بسيط ( 3 شاشات ),https://khamsat.com/programming/full-app-creation/843616-%D8%A7%D8%B5%D9%85%D9%85-%D9%84%D9%83-%D8%AA%D8%B7%D8%A8%D9%8A%D9%82-%D8%A8%D8%B3%D9%8A%D8%B7-3-%D8%B4%D8%A7%D8%B4%D8%A7%D8%AA,5.0,8,ساعة,17,0,$5.00,يوم واحد,8,1,75.0,معاذ ا.,https://khamsat.com/user/moaz.alzeftawy,True,بائع مميز,5.0,8,81.33%,3,19,11 ساعة
برمجة وتطوير,https://khamsat.com/programming,إنشاء تطبيق,https://khamsat.com/programming/full-app-creation,إنشاء تطبيق احترافي للاندرويد و الايفون,https://khamsat.com/programming/full-app-creation/2064750-%D8%A5%D9%86%D8%B4%D8%A7%D8%A1-%D8%AA%D8%B7%D8%A8%D9%8A%D9%82-%D8%A7%D8%AD%D8%AA%D8%B1%D8%A7%D9%81%D9%8A-%D9%84%D9%84%D8%A7%D9%86%D8%AF%D8%B1%D9%88%D9%8A%D8%AF-%D9%88-%D8%A7%D9%84%D8%A7%D9%8A%D9%81%D9%88%D9%86,5.0,7,4 ساعات,10,0,$5.00,يوم واحد,7,5,500.0,لحسن ق.,https://khamsat.com/user/lahcene_dev,True,بائع نشيط,5.0,7,66.67%,1,10,4 ساعات
برمجة وتطوير,https://khamsat.com/programming,إنشاء تطبيق,https://khamsat.com/programming/full-app-creation,برمجة وتطوير تطبيق أندرويد,https://khamsat.com/programming/full-app-creation/2657374-%D8%A8%D8%B1%D9%85%D8%AC%D8%A9-%D9%88%D8%AA%D8%B7%D9%88%D9%8A%D8%B1-%D8%AA%D8%B7%D8%A8%D9%8A%D9%82-%D8%A3%D9%86%D8%AF%D8%B1%D9%88%D9%8A%D8%AF,5.0,2,ساعة,3,0,$25.00,أسبوع,2,1,100.0,.Sarah S,https://khamsat.com/user/%D8%B3%D8%A7%D8%B1%D8%A9-%D8%B5%D9%84%D8%A7%D8%AD-%D8%A7%D9%84%D8%AF%D9%8A%D9%86-%D9%85%D8%AD%D9%85%D8%AF,True,بائع نشيط,5.0,10,85.29%,2,9,4 ساعات
برمجة وتطوير,https://khamsat.com/programming,إنشاء تطبيق,https://khamsat.com/programming/full-app-creation,انشاء تطبيق اندرويد من الصفر,https://khamsat.com/programming/full-app-creation/2044217-%D8%A7%D9%86%D8%B4%D8%A7%D8%A1-%D8%AA%D8%B7%D8%A8%D9%8A%D9%82-%D8%A7%D9%86%D8%AF%D8%B1%D9%88%D9%8A%D8%AF-%D9%85%D9%86-%D8%A7%D9%84%D8%B5%D9%81%D8%B1,5.0,5,6 دقائق,5,0,$5.00,أسبوع,5,5,395.0,.Mahmoud T,https://khamsat.com/user/m_tharwat262,True,بائع مميز,5.0,39,85.14%,5,29,47 دقيقة
برمجة وتطوير,https://khamsat.com/programming,إنشاء تطبيق,https://khamsat.com/programming/full-app-creation,اصمم لك تطبيق اندرويد بسيط بلغة Java,https://khamsat.com/programming/full-app-creation/2979188-%D8%A7%D8%B5%D9%85%D9%85-%D9%84%D9%83-%D8%AA%D8%B7%D8%A8%D9%8A%D9%82-%D8%A7%D9%86%D8%AF%D8%B1%D9%88%D9%8A%D8%AF-%D8%A8%D8%B3%D9%8A%D8%B7-%D8%A8%D9%84%D8%BA%D8%A9-java,5.0,2,16 دقيقة,2,0,$5.00,ثلاثة أيام,2,3,20.0,.Ahmed E,https://khamsat.com/user/ahmed-elgend147,True,بائع جديد,5.0,2,100.0%,2,2,16 دقيقة
برمجة وتطوير,https://khamsat.com/programming,تعديل التطبيقات,https://khamsat.com/programming/app-customization,استخدم deep learning لتجعل تطبيقك افضل,https://khamsat.com/programming/app-customization/2364918-%D8%A7%D8%B3%D8%AA%D8%AE%D8%AF%D9%85-deep-learning-%D9%84%D8%AA%D8%AC%D8%B9%D9%84-%D8%AA%D8%B7%D8%A8%D9%8A%D9%82%D9%83-%D8%A7%D9%81%D8%B6%D9%84,5.0,3,8 ساعات,3,1,$25.00,أسبوع,3,4,100.0,وفاء ا.,https://khamsat.com/user/wafaa_abuzlfa,True,بائع نشيط,5.0,4,76.47%,4,4,21 ساعة
برمجة وتطوير,https://khamsat.com/programming,تعديل التطبيقات,https://khamsat.com/programming/app-customization,تعديل برامج من كود flutter,https://khamsat.com/programming/app-customization/1728182-%D8%AA%D8%B9%D8%AF%D9%8A%D9%84-%D8%A8%D8%B1%D8%A7%D9%85%D8%AC-%D9%85%D9%86-%D9%83%D9%88%D8%AF-flutter,5.0,11,4 ساعات,16,0,$10.00,ثلاثة أيام,11,4,135.0,.Mohmmed M,https://khamsat.com/user/mohmmed_malas,True,بائع مميز,5.0,39,96.61%,3,43,ساعتين
برمجة وتطوير,https://khamsat.com/programming,تعديل التطبيقات,https://khamsat.com/programming/app-customization,تعديل على تطبيق Flutter,https://khamsat.com/programming/app-customization/1684350-%D8%AA%D8%B9%D8%AF%D9%8A%D9%84-%D8%B9%D9%84%D9%89-%D8%AA%D8%B7%D8%A8%D9%8A%D9%82-flutter,5.0,17,4 ساعات,16,0,$5.00,يوم واحد,17,3,100.0,.Loai A,https://khamsat.com/user/l00ai,True,بائع نشيط,5.0,17,62.5%,2,17,5 ساعات
برمجة وتطوير,https://khamsat.com/programming,تعديل التطبيقات,https://khamsat.com/programming/app-customization,اضافة خاصية جديدة لتطبيقك,https://khamsat.com/programming/app-customization/1630958-%D8%A7%D8%B6%D8%A7%D9%81%D8%A9-%D8%AE%D8%A7%D8%B5%D9%8A%D8%A9-%D8%AC%D8%AF%D9%8A%D8%AF%D8%A9-%D9%84%D8%AA%D8%B7%D8%A8%D9%8A%D9%82%D9%83,5.0,1,يوم,1,0,$5.00,أربعة أيام,1,3,60.0,إسلام أ.,https://khamsat.com/user/islamrr,True,بائع نشيط,5.0,7,94.12%,4,6,12 ساعة
برمجة وتطوير,https://khamsat.com/programming,تعديل التطبيقات,https://khamsat.com/programming/app-customization,ربط تطبيقات فلاتر مع Firebase لتجربة استلام إشعارات فعّالة,https://khamsat.com/programming/app-customization/2897694-%D8%B1%D8%A8%D8%B7-%D8%AA%D8%B7%D8%A8%D9%8A%D9%82%D8%A7%D8%AA-%D9%81%D9%84%D8%A7%D8%AA%D8%B1-%D9%85%D8%B9-firebase-%D9%84%D8%AA%D8%AC%D8%B1%D8%A8%D8%A9-%D8%A7%D8%B3%D8%AA%D9%84%D8%A7%D9%85-%D8%A5%D8%B4%D8%B9%D8%A7%D8%B1%D8%A7%D8%AA-%D9%81%D8%B9%D8%A7%D9%84%D8%A9,5.0,4,51 دقيقة,4,0,$10.00,يوم واحد,4,3,200.0,.Mahmoud S,https://khamsat.com/user/mahmoud_saber19,True,بائع نشيط,5.0,30,100.0%,5,21,ساعة
برمجة وتطوير,https://khamsat.com/programming,تعديل التطبيقات,https://khamsat.com/programming/app-customization,اضافة او تعديل على تطبيق flutter,https://khamsat.com/programming/app-customization/1913999-%D8%A7%D8%B6%D8%A7%D9%81%D8%A9-%D8%A7%D9%88-%D8%AA%D8%B9%D8%AF%D9%8A%D9%84-%D8%B9%D9%84%D9%89-%D8%AA%D8%B7%D8%A8%D9%8A%D9%82-flutter,5.0,1,33 دقيقة,1,0,$5.00,يوم واحد,1,2,70.0,.Rafik M,https://khamsat.com/user/achil21,True,بائع جديد,5.0,1,50.0%,1,1,33 دقيقة
برمجة وتطوير,https://khamsat.com/programming,تعديل التطبيقات,https://khamsat.com/programming/app-customization,اصلاح أخطاء تطبيقات الاندرويد,https://khamsat.com/programming/app-customization/2671985-%D8%A7%D8%B5%D9%84%D8%A7%D8%AD-%D8%A3%D8%AE%D8%B7%D8%A7%D8%A1-%D8%AA%D8%B7%D8%A8%D9%8A%D9%82%D8%A7%D8%AA-%D8%A7%D9%84%D8%A7%D9%86%D8%AF%D8%B1%D9%88%D9%8A%D8%AF,5.0,5,3 أيام,7,0,$5.00,يوم واحد,5,1,5.0,.Mahmoud H,https://khamsat.com/user/mahmoudhamdyae,True,بائع نشيط,5.0,7,88.24%,3,8,يوم
برمجة وتطوير,https://khamsat.com/programming,تعديل التطبيقات,https://khamsat.com/programming/app-customization,تعديل وحل مشاكل الاندرويد,https://khamsat.com/programming/app-customization/1615600-%D8%AA%D8%B9%D8%AF%D9%8A%D9%84-%D9%88%D8%AD%D9%84-%D9%85%D8%B4%D8%A7%D9%83%D9%84-%D8%A7%D9%84%D8%A7%D9%86%D8%AF%D8%B1%D9%88%D9%8A%D8%AF,5.0,5,17 ساعة,6,0,$5.00,يومين,5,4,60.0,إسلام أ.,https://khamsat.com/user/islamrr,True,بائع نشيط,5.0,7,94.12%,4,6,12 ساعة
برمجة وتطوير,https://khamsat.com/programming,تعديل التطبيقات,https://khamsat.com/programming/app-customization,تعديل كود Flutter ليعمل على السيرفر الخاص بك,https://khamsat.com/programming/app-customization/1728200-%D8%AA%D8%B9%D8%AF%D9%8A%D9%84-%D9%83%D9%88%D8%AF-flutter-%D9%84%D9%8A%D8%B9%D9%85%D9%84-%D8%B9%D9%84%D9%89-%D8%A7%D9%84%D8%B3%D9%8A%D8%B1%D9%81%D8%B1-%D8%A7%D9%84%D8%AE%D8%A7%D8%B5-%D8%A8%D9%83,5.0,24,16 دقيقة,32,0,$10.00,ثلاثة أيام,24,5,95.0,.Mohmmed M,https://khamsat.com/user/mohmmed_malas,True,بائع مميز,5.0,39,96.61%,3,43,ساعتين
برمجة وتطوير,https://khamsat.com/programming,تعديل التطبيقات,https://khamsat.com/programming/app-customization,التعديل او اضافة جديدة على تطبيق فلاتر (flutter),https://khamsat.com/programming/app-customization/2570549-%D8%A7%D9%84%D8%AA%D8%B9%D8%AF%D9%8A%D9%84-%D8%A7%D9%88-%D8%A7%D8%B6%D8%A7%D9%81%D8%A9-%D8%AC%D8%AF%D9%8A%D8%AF%D8%A9-%D8%B9%D9%84%D9%89-%D8%AA%D8%B7%D8%A8%D9%8A%D9%82-%D9%81%D9%84%D8%A7%D8%AA%D8%B1-flutter,4.5,1,ساعتين,1,0,$5.00,يوم واحد,1,3,65.0,.Mohamed H,https://khamsat.com/user/mohhosnyabdalazeam,True,بائع جديد,5.0,2,100.0%,4,2,5 ساعات
برمجة وتطوير,https://khamsat.com/programming,تعديل التطبيقات,https://khamsat.com/programming/app-customization,اضافه خاصيه جديد (feature) او تعديل خاصيه في تطبيق الاندروبد,https://khamsat.com/programming/app-customization/1795886-%D8%A7%D8%B6%D8%A7%D9%81%D9%87-%D8%AE%D8%A7%D8%B5%D9%8A%D9%87-%D8%AC%D8%AF%D9%8A%D8%AF-feature-%D8%A7%D9%88-%D8%AA%D8%B9%D8%AF%D9%8A%D9%84-%D8%AE%D8%A7%D8%B5%D9%8A%D9%87-%D9%81%D9%8A-%D8%AA%D8%B7%D8%A8%D9%8A%D9%82-%D8%A7%D9%84%D8%A7%D9%86%D8%AF%D8%B1%D9%88%D8%A8%D8%AF,5.0,3,9 دقائق,4,0,$5.00,أسبوع,3,5,175.0,.Mahmoud T,https://khamsat.com/user/m_tharwat262,True,بائع مميز,5.0,39,85.14%,5,29,47 دقيقة
برمجة وتطوير,https://khamsat.com/programming,تعديل التطبيقات,https://khamsat.com/programming/app-customization,انشاء وتصميم وتعديل علي تطبيقات باستخدام فلاتر (Flutter),https://khamsat.com/programming/app-customization/2690421-%D8%A7%D9%86%D8%B4%D8%A7%D8%A1-%D9%88%D8%AA%D8%B5%D9%85%D9%8A%D9%85-%D9%88%D8%AA%D8%B9%D8%AF%D9%8A%D9%84-%D8%B9%D9%84%D9%8A-%D8%AA%D8%B7%D8%A8%D9%8A%D9%82%D8%A7%D8%AA-%D8%A8%D8%A7%D8%B3%D8%AA%D8%AE%D8%AF%D8%A7%D9%85-%D9%81%D9%84%D8%A7%D8%AA%D8%B1-flutter,5.0,2,40 دقيقة,4,0,$10.00,ثلاثة أيام,2,5,90.0,.Mahmoud A,https://khamsat.com/user/mahmoudabdulmajeed,True,بائع نشيط,5.0,4,85.71%,3,6,33 دقيقة
برمجة وتطوير,https://khamsat.com/programming,تعديل التطبيقات,https://khamsat.com/programming/app-customization,اضافات جديدة و ريسكن او تعديلات لتطبيق فلاتر (Flutter),https://khamsat.com/programming/app-customization/2884396-%D8%A7%D8%B6%D8%A7%D9%81%D8%A7%D8%AA-%D8%AC%D8%AF%D9%8A%D8%AF%D8%A9-%D9%88-%D8%B1%D9%8A%D8%B3%D9%83%D9%86-%D8%A7%D9%88-%D8%AA%D8%B9%D8%AF%D9%8A%D9%84%D8%A7%D8%AA-%D9%84%D8%AA%D8%B7%D8%A8%D9%8A%D9%82-%D9%81%D9%84%D8%A7%D8%AA%D8%B1-flutter,5.0,3,ساعة,3,0,$5.00,ثلاثة أيام,3,5,155.0,يـونس ه.,https://khamsat.com/user/younes_hellalet,True,بائع نشيط,5.0,13,82.61%,4,9,5 ساعات
برمجة وتطوير,https://khamsat.com/programming,تعديل التطبيقات,https://khamsat.com/programming/app-customization,التعديل او اضافة جديدة على تطبيق فلاتر (flutter),https://khamsat.com/programming/app-customization/2316437-%D8%A7%D9%84%D8%AA%D8%B9%D8%AF%D9%8A%D9%84-%D8%A7%D9%88-%D8%A7%D8%B6%D8%A7%D9%81%D8%A9-%D8%AC%D8%AF%D9%8A%D8%AF%D8%A9-%D8%B9%D9%84%D9%89-%D8%AA%D8%B7%D8%A8%D9%8A%D9%82-%D9%81%D9%84%D8%A7%D8%AA%D8%B1-flutter,5.0,7,ساعتين,8,0,$5.00,يوم واحد,7,3,65.0,.Ahmed S,https://khamsat.com/user/ahmedsamir1090,True,بائع مميز,5.0,27,97.14%,4,24,ساعة
برمجة وتطوير,https://khamsat.com/programming,تعديل التطبيقات,https://khamsat.com/programming/app-customization,ربط التطبيق flutter ب firebase,https://khamsat.com/programming/app-customization/3043552-%D8%B1%D8%A8%D8%B7-%D8%A7%D9%84%D8%AA%D8%B7%D8%A8%D9%8A%D9%82-flutter-%D8%A8-firebase,0.0,0,لم يحسب,0,0,$5.00,يوم واحد,0,1,5.0,.Mohamed M,https://khamsat.com/user/moohamedmagdyx,True,بائع جديد,0.0,0,لم يحسب بعد,1,0,لم يحسب
برمجة وتطوير,https://khamsat.com/programming,تعديل التطبيقات,https://khamsat.com/programming/app-customization,اجراء تعديلات على كود FLutter,https://khamsat.com/programming/app-customization/2999637-%D8%A7%D8%AC%D8%B1%D8%A7%D8%A1-%D8%AA%D8%B9%D8%AF%D9%8A%D9%84%D8%A7%D8%AA-%D8%B9%D9%84%D9%89-%D9%83%D9%88%D8%AF-flutter,0.0,0,لم يحسب,0,0,$5.00,يوم واحد,0,1,100.0,.Nabahat I,https://khamsat.com/user/nabahat_imane,False,بائع جديد,0.0,0,لم يحسب بعد,1,0,لم يحسب
برمجة وتطوير,https://khamsat.com/programming,تعديل التطبيقات,https://khamsat.com/programming/app-customization,تطوير وتعديل تطبيق الاندرويد,https://khamsat.com/programming/app-customization/3045511-%D8%AA%D8%B7%D9%88%D9%8A%D8%B1-%D9%88%D8%AA%D8%B9%D8%AF%D9%8A%D9%84-%D8%AA%D8%B7%D8%A8%D9%8A%D9%82-%D8%A7%D9%84%D8%A7%D9%86%D8%AF%D8%B1%D9%88%D9%8A%D8%AF,0.0,0,لم يحسب,0,0,$5.00,يومين,0,1,5.0,.Salma E,https://khamsat.com/user/salma_elteyb,True,بائع جديد,0.0,0,لم يحسب بعد,2,0,لم يحسب
برمجة وتطوير,https://khamsat.com/programming,تعديل التطبيقات,https://khamsat.com/programming/app-customization,خدمة إضافة الوضع الداكن Dark Mode لصفحه لتطبيقات Flutter,https://khamsat.com/programming/app-customization/3048273-%D8%AE%D8%AF%D9%85%D8%A9-%D8%A5%D8%B6%D8%A7%D9%81%D8%A9-%D8%A7%D9%84%D9%88%D8%B6%D8%B9-%D8%A7%D9%84%D8%AF%D8%A7%D9%83%D9%86-dark-mode-%D9%84%D8%B5%D9%81%D8%AD%D9%87-%D9%84%D8%AA%D8%B7%D8%A8%D9%8A%D9%82%D8%A7%D8%AA-flutter,0.0,0,لم يحسب,0,0,$5.00,ثلاثة أيام,0,0,0.0,احمد ص.,https://khamsat.com/user/ahmed0102086,True,بائع جديد,0.0,0,لم يحسب بعد,5,0,لم يحسب
برمجة وتطوير,https://khamsat.com/programming,تعديل التطبيقات,https://khamsat.com/programming/app-customization,تعديل برامج موبايل flutter,https://khamsat.com/programming/app-customization/3034297-%D8%AA%D8%B9%D8%AF%D9%8A%D9%84-%D8%A8%D8%B1%D8%A7%D9%85%D8%AC-%D9%85%D9%88%D8%A8%D8%A7%D9%8A%D9%84-flutter,0.0,0,لم يحسب,0,0,$10.00,ثلاثة أيام,0,1,5.0,.Ahmed R,https://khamsat.com/user/ahmed_ragaae56,True,بائع جديد,0.0,0,لم يحسب بعد,2,0,لم يحسب
برمجة وتطوير,https://khamsat.com/programming,تعديل التطبيقات,https://khamsat.com/programming/app-customization,تعديل برامج موبايل flutter,https://khamsat.com/programming/app-customization/2695026-%D8%AA%D8%B9%D8%AF%D9%8A%D9%84-%D8%A8%D8%B1%D8%A7%D9%85%D8%AC-%D9%85%D9%88%D8%A8%D8%A7%D9%8A%D9%84-flutter,0.0,0,لم يحسب,0,0,$10.00,ثلاثة أيام,0,3,35.0,احمد د.,https://khamsat.com/user/%D8%A7%D8%AD%D9%85%D8%AF-%D8%AF%D9%8A%D8%A7%D8%A8-%D9%85%D8%AD%D9%85%D8%AF,True,بائع جديد,0.0,1,100.0%,2,1,5 أيام
برمجة وتطوير,https://khamsat.com/programming,تعديل التطبيقات,https://khamsat.com/programming/app-customization,تعديل على تطبيق Flutter,https://khamsat.com/programming/app-customization/1747901-%D8%AA%D8%B9%D8%AF%D9%8A%D9%84-%D8%B9%D9%84%D9%89-%D8%AA%D8%B7%D8%A8%D9%8A%D9%82-flutter,5.0,4,ساعتين,4,0,$10.00,يوم واحد,4,5,185.0,.Ibrahim A,https://khamsat.com/user/dev_ibrahim_helmy,True,بائع نشيط,5.0,4,86.67%,1,4,ساعتين
برمجة وتطوير,https://khamsat.com/programming,تعديل التطبيقات,https://khamsat.com/programming/app-customization,اضافه خدمه او ميزه الى تطبيق Flutter,https://khamsat.com/programming/app-customization/2696617-%D8%A7%D8%B6%D8%A7%D9%81%D9%87-%D8%AE%D8%AF%D9%85%D9%87-%D8%A7%D9%88-%D9%85%D9%8A%D8%B2%D9%87-%D8%A7%D9%84%D9%89-%D8%AA%D8%B7%D8%A8%D9%8A%D9%82-flutter,0.0,0,لم يحسب,0,0,$10.00,ثلاثة أيام,0,1,5.0,.Abdallah E,https://khamsat.com/user/abdullah-essam,True,بائع جديد,4.5,3,88.89%,3,3,9 دقائق
برمجة وتطوير,https://khamsat.com/programming,تعديل التطبيقات,https://khamsat.com/programming/app-customization,تطوير تطبيقات و ألعاب الأندرويد أو التعديل عليها,https://khamsat.com/programming/app-customization/805704-%D8%AA%D8%B7%D9%88%D9%8A%D8%B1-%D8%AA%D8%B7%D8%A8%D9%8A%D9%82%D8%A7%D8%AA-%D9%88-%D8%A3%D9%84%D8%B9%D8%A7%D8%A8-%D8%A7%D9%84%D8%A3%D9%86%D8%AF%D8%B1%D9%88%D9%8A%D8%AF-%D8%A3%D9%88-%D8%A7%D9%84%D8%AA%D8%B9%D8%AF%D9%8A%D9%84-%D8%B9%D9%84%D9%8A%D9%87%D8%A7,5.0,17,22 ساعة,21,0,$25.00,ثلاثة أيام,17,5,425.0,.Ahmad A,https://khamsat.com/user/%D8%A3%D8%AD%D9%85%D8%AF-%D8%B9%D9%84%D9%8A-programmer,True,بائع مميز,5.0,31,72.45%,5,32,يوم
برمجة وتطوير,https://khamsat.com/programming,تعديل التطبيقات,https://khamsat.com/programming/app-customization,ربط تطبيق الموبايل بfire base,https://khamsat.com/programming/app-customization/3046124-%D8%B1%D8%A8%D8%B7-%D8%AA%D8%B7%D8%A8%D9%8A%D9%82-%D8%A7%D9%84%D9%85%D9%88%D8%A8%D8%A7%D9%8A%D9%84-%D8%A8fire-base,0.0,0,لم يحسب,0,0,$5.00,يوم واحد,0,2,10.0,احمد ا.,https://khamsat.com/user/ahmed_elghanam_7,True,بائع جديد,0.0,0,لم يحسب بعد,1,0,لم يحسب
برمجة وتطوير,https://khamsat.com/programming,تعديل التطبيقات,https://khamsat.com/programming/app-customization,ربط تطبيق flutter مع firebase,https://khamsat.com/programming/app-customization/3045756-%D8%B1%D8%A8%D8%B7-%D8%AA%D8%B7%D8%A8%D9%8A%D9%82-flutter-%D9%85%D8%B9-firebase,0.0,0,لم يحسب,0,0,$10.00,يوم واحد,0,2,20.0,.Moaaz A,https://khamsat.com/user/moaazahmed_work,True,بائع جديد,0.0,0,لم يحسب بعد,4,0,لم يحسب
برمجة وتطوير,https://khamsat.com/programming,تعديل التطبيقات,https://khamsat.com/programming/app-customization,التعديل واصلاح علي تطبيق فلاتر Flutter,https://khamsat.com/programming/app-customization/3052844-%D8%A7%D9%84%D8%AA%D8%B9%D8%AF%D9%8A%D9%84-%D9%88%D8%A7%D8%B5%D9%84%D8%A7%D8%AD-%D8%B9%D9%84%D9%8A-%D8%AA%D8%B7%D8%A8%D9%8A%D9%82-%D9%81%D9%84%D8%A7%D8%AA%D8%B1-flutter,0.0,0,لم يحسب,0,0,$5.00,يوم واحد,0,2,10.0,.Sarah A,https://khamsat.com/user/sarah_110,False,بائع جديد,0.0,0,لم يحسب بعد,3,0,لم يحسب
برمجة وتطوير,https://khamsat.com/programming,تعديل التطبيقات,https://khamsat.com/programming/app-customization,إضافة تسجيل الدخول عبر جوجل باستخدام فايربيز لتطبيقات فلاتر,https://khamsat.com/programming/app-customization/3040245-%D8%A5%D8%B6%D8%A7%D9%81%D8%A9-%D8%AA%D8%B3%D8%AC%D9%8A%D9%84-%D8%A7%D9%84%D8%AF%D8%AE%D9%88%D9%84-%D8%B9%D8%A8%D8%B1-%D8%AC%D9%88%D8%AC%D9%84-%D8%A8%D8%A7%D8%B3%D8%AA%D8%AE%D8%AF%D8%A7%D9%85-%D9%81%D8%A7%D9%8A%D8%B1%D8%A8%D9%8A%D8%B2-%D9%84%D8%AA%D8%B7%D8%A8%D9%8A%D9%82%D8%A7%D8%AA-%D9%81%D9%84%D8%A7%D8%AA%D8%B1,0.0,0,لم يحسب,0,0,$5.00,يوم واحد,0,0,0.0,.Mahmoud H,https://khamsat.com/user/mahmoudalashwah,True,بائع جديد,0.0,0,لم يحسب بعد,2,0,لم يحسب
برمجة وتطوير,https://khamsat.com/programming,تعديل التطبيقات,https://khamsat.com/programming/app-customization,تطوير تطبيق أندرويد باستخدام Java,https://khamsat.com/programming/app-customization/3035474-%D8%AA%D8%B7%D9%88%D9%8A%D8%B1-%D8%AA%D8%B7%D8%A8%D9%8A%D9%82-%D8%A3%D9%86%D8%AF%D8%B1%D9%88%D9%8A%D8%AF-%D8%A8%D8%A7%D8%B3%D8%AA%D8%AE%D8%AF%D8%A7%D9%85-java,0.0,0,لم يحسب,0,0,$5.00,يوم واحد,0,0,0.0,.Waleed K,https://khamsat.com/user/waleedelhamey,True,بائع جديد,0.0,0,لم يحسب بعد,3,0,لم يحسب
برمجة وتطوير,https://khamsat.com/programming,تعديل التطبيقات,https://khamsat.com/programming/app-customization,ربط تطبيق فلاتر Flutter بوسيلة الدفع PayPal,https://khamsat.com/programming/app-customization/2979075-%D8%B1%D8%A8%D8%B7-%D8%AA%D8%B7%D8%A8%D9%8A%D9%82-%D9%81%D9%84%D8%A7%D8%AA%D8%B1-flutter-%D8%A8%D9%88%D8%B3%D9%8A%D9%84%D8%A9-%D8%A7%D9%84%D8%AF%D9%81%D8%B9-paypal,0.0,0,لم يحسب,0,0,$10.00,يوم واحد,0,1,30.0,.Mostafa R,https://khamsat.com/user/mostafa_raafat,True,بائع جديد,0.0,0,لم يحسب بعد,2,0,لم يحسب
برمجة وتطوير,https://khamsat.com/programming,تعديل التطبيقات,https://khamsat.com/programming/app-customization,أقوم تعديل وتحسين تطبيق Flutter حسب الطلب,https://khamsat.com/programming/app-customization/3053446-%D8%A3%D9%82%D9%88%D9%85-%D8%AA%D8%B9%D8%AF%D9%8A%D9%84-%D9%88%D8%AA%D8%AD%D8%B3%D9%8A%D9%86-%D8%AA%D8%B7%D8%A8%D9%8A%D9%82-flutter-%D8%AD%D8%B3%D8%A8-%D8%A7%D9%84%D8%B7%D9%84%D8%A8,0.0,0,لم يحسب,0,0,$10.00,ثلاثة أيام,0,4,50.0,.Abdullah K,https://khamsat.com/user/abdullah_khidr,True,بائع جديد,0.0,0,لم يحسب بعد,2,0,لم يحسب
برمجة وتطوير,https://khamsat.com/programming,ريسكين التطبيقات,https://khamsat.com/programming/app-reskin,سوف اقوم بعمل ريسكين للتطبيقات flutter وnative,https://khamsat.com/programming/app-reskin/3040716-%D8%B3%D9%88%D9%81-%D8%A7%D9%82%D9%88%D9%85-%D8%A8%D8%B9%D9%85%D9%84-%D8%B1%D9%8A%D8%B3%D9%83%D9%8A%D9%86-%D9%84%D9%84%D8%AA%D8%B7%D8%A8%D9%8A%D9%82%D8%A7%D8%AA-flutter-%D9%88native,5.0,1,3 ساعات,1,0,$10.00,خمسة أيام,1,2,45.0,.Mark N,https://khamsat.com/user/mark15,True,بائع جديد,5.0,1,100.0%,4,1,3 ساعات
برمجة وتطوير,https://khamsat.com/programming,ريسكين التطبيقات,https://khamsat.com/programming/app-reskin,ريسكين احترافي للألعاب والتطبيقات الاندرويد,https://khamsat.com/programming/app-reskin/822367-%D8%B1%D9%8A%D8%B3%D9%83%D9%8A%D9%86-%D8%A7%D8%AD%D8%AA%D8%B1%D8%A7%D9%81%D9%8A-%D9%84%D9%84%D8%A3%D9%84%D8%B9%D8%A7%D8%A8-%D9%88%D8%A7%D9%84%D8%AA%D8%B7%D8%A8%D9%8A%D9%82%D8%A7%D8%AA-%D8%A7%D9%84%D8%A7%D9%86%D8%AF%D8%B1%D9%88%D9%8A%D8%AF,4.5,62,5 ساعات,70,0,$15.00,أربعة أيام,25,4,65.0,.El Sayed S,https://khamsat.com/user/mrsami-kamal,True,بائع مميز,4.5,155,79.72%,3,165,يوم
برمجة وتطوير,https://khamsat.com/programming,ريسكين التطبيقات,https://khamsat.com/programming/app-reskin,ريسكين لتطبيقات وألعاب الاندرويد,https://khamsat.com/programming/app-reskin/2479956-%D8%B1%D9%8A%D8%B3%D9%83%D9%8A%D9%86-%D9%84%D8%AA%D8%B7%D8%A8%D9%8A%D9%82%D8%A7%D8%AA-%D9%88%D8%A3%D9%84%D8%B9%D8%A7%D8%A8-%D8%A7%D9%84%D8%A7%D9%86%D8%AF%D8%B1%D9%88%D9%8A%D8%AF,5.0,2,ساعة,2,0,$5.00,يوم واحد,2,5,55.0,رضى ب.,https://khamsat.com/user/rebiapps,True,بائع جديد,4.5,5,85.71%,3,5,ساعة
برمجة وتطوير,https://khamsat.com/programming,ريسكين التطبيقات,https://khamsat.com/programming/app-reskin,عمل ريسكن كامل لتطبيقك شامل كل الخدمات,https://khamsat.com/programming/app-reskin/2778504-%D8%B9%D9%85%D9%84-%D8%B1%D9%8A%D8%B3%D9%83%D9%86-%D9%83%D8%A7%D9%85%D9%84-%D9%84%D8%AA%D8%B7%D8%A8%D9%8A%D9%82%D9%83-%D8%B4%D8%A7%D9%85%D9%84-%D9%83%D9%84-%D8%A7%D9%84%D8%AE%D8%AF%D9%85%D8%A7%D8%AA,5.0,4,50 دقيقة,4,0,$10.00,يوم واحد,4,0,0.0,.Sameh I,https://khamsat.com/user/sameh_eldeep85,True,بائع جديد,5.0,4,100.0%,2,4,50 دقيقة
برمجة وتطوير,https://khamsat.com/programming,ريسكين التطبيقات,https://khamsat.com/programming/app-reskin,ريسكن Reskin لأي لعبة بمحرك Construct 3,https://khamsat.com/programming/app-reskin/2043960-%D8%B1%D9%8A%D8%B3%D9%83%D9%86-reskin-%D9%84%D8%A3%D9%8A-%D9%84%D8%B9%D8%A8%D8%A9-%D8%A8%D9%85%D8%AD%D8%B1%D9%83-construct-3,5.0,1,3 ساعات,1,0,$5.00,يوم واحد,1,5,95.0,علاء ع.,https://khamsat.com/user/alaadel7,True,بائع جديد,5.0,1,100.0%,1,2,6 ساعات
برمجة وتطوير,https://khamsat.com/programming,ريسكين التطبيقات,https://khamsat.com/programming/app-reskin,سوف أقوم بريسكن تطبيق اندرويد codecanyon,https://khamsat.com/programming/app-reskin/2640416-%D8%B3%D9%88%D9%81-%D8%A3%D9%82%D9%88%D9%85-%D8%A8%D8%B1%D9%8A%D8%B3%D9%83%D9%86-%D8%AA%D8%B7%D8%A8%D9%8A%D9%82-%D8%A7%D9%86%D8%AF%D8%B1%D9%88%D9%8A%D8%AF-codecanyon,5.0,4,4 دقائق,4,0,$5.00,يوم واحد,4,4,40.0,حسين ا.,https://khamsat.com/user/hussein_97m,True,مشتري مميز,5.0,7,92.31%,4,8,ساعة
برمجة وتطوير,https://khamsat.com/programming,ريسكين التطبيقات,https://khamsat.com/programming/app-reskin,عمل ريسكن الألعاب ورسومات احترافية (Unity) Reskin,https://khamsat.com/programming/app-reskin/2820471-%D8%B9%D9%85%D9%84-%D8%B1%D9%8A%D8%B3%D9%83%D9%86-%D8%A7%D9%84%D8%A3%D9%84%D8%B9%D8%A7%D8%A8-%D9%88%D8%B1%D8%B3%D9%88%D9%85%D8%A7%D8%AA-%D8%A7%D8%AD%D8%AA%D8%B1%D8%A7%D9%81%D9%8A%D8%A9-unity-reskin,5.0,1,ساعة,2,0,$10.00,يومين,1,0,0.0,.Yazan D,https://khamsat.com/user/omaryazan92,True,بائع نشيط,3.5,10,61.9%,4,4,16 ساعة
برمجة وتطوير,https://khamsat.com/programming,ريسكين التطبيقات,https://khamsat.com/programming/app-reskin,ريسكن تطبيق او لعبة اندرويد حسب طلبك بسعر رمزي,https://khamsat.com/programming/app-reskin/2409916-%D8%B1%D9%8A%D8%B3%D9%83%D9%86-%D8%AA%D8%B7%D8%A8%D9%8A%D9%82-%D8%A7%D9%88-%D9%84%D8%B9%D8%A8%D8%A9-%D8%A7%D9%86%D8%AF%D8%B1%D9%88%D9%8A%D8%AF-%D8%AD%D8%B3%D8%A8-%D8%B7%D9%84%D8%A8%D9%83-%D8%A8%D8%B3%D8%B9%D8%B1-%D8%B1%D9%85%D8%B2%D9%8A,5.0,2,4 ساعات,2,0,$5.00,يوم واحد,2,5,80.0,.Mohamed S,https://khamsat.com/user/mohamed9410,True,بائع جديد,5.0,2,100.0%,1,2,4 ساعات
برمجة وتطوير,https://khamsat.com/programming,ريسكين التطبيقات,https://khamsat.com/programming/app-reskin,سأقوم بعمل ريسكن احترافي لاي تطبيق عن طريق برنامج الاندرويد,https://khamsat.com/programming/app-reskin/2531641-%D8%B3%D8%A3%D9%82%D9%88%D9%85-%D8%A8%D8%B9%D9%85%D9%84-%D8%B1%D9%8A%D8%B3%D9%83%D9%86-%D8%A7%D8%AD%D8%AA%D8%B1%D8%A7%D9%81%D9%8A-%D9%84%D8%A7%D9%8A-%D8%AA%D8%B7%D8%A8%D9%8A%D9%82-%D8%B9%D9%86-%D8%B7%D8%B1%D9%8A%D9%82-%D8%A8%D8%B1%D9%86%D8%A7%D9%85%D8%AC-%D8%A7%D9%84%D8%A7%D9%86%D8%AF%D8%B1%D9%88%D9%8A%D8%AF,5.0,2,17 دقيقة,5,0,$5.00,خمسة أيام,2,3,55.0,مازن م.,https://khamsat.com/user/mazenmohamed,True,بائع مميز,5.0,144,78.48%,9,147,16 ساعة
برمجة وتطوير,https://khamsat.com/programming,ريسكين التطبيقات,https://khamsat.com/programming/app-reskin,عمل ريسكين لاسم وأيقونة وباكج نيم التطبيق android,https://khamsat.com/programming/app-reskin/2579126-%D8%B9%D9%85%D9%84-%D8%B1%D9%8A%D8%B3%D9%83%D9%8A%D9%86-%D9%84%D8%A7%D8%B3%D9%85-%D9%88%D8%A3%D9%8A%D9%82%D9%88%D9%86%D8%A9-%D9%88%D8%A8%D8%A7%D9%83%D8%AC-%D9%86%D9%8A%D9%85-%D8%A7%D9%84%D8%AA%D8%B7%D8%A8%D9%8A%D9%82-android,5.0,1,28 دقيقة,1,0,$10.00,يوم واحد,1,1,10.0,مها ن.,https://khamsat.com/user/maha_nasrallah,True,بائع جديد,5.0,3,100.0%,5,2,4 ساعات
برمجة وتطوير,https://khamsat.com/programming,ريسكين التطبيقات,https://khamsat.com/programming/app-reskin,عمل رسكن لتطبيق ايفون (xcode),https://khamsat.com/programming/app-reskin/813579-%D8%B9%D9%85%D9%84-%D8%B1%D8%B3%D9%83%D9%86-%D9%84%D8%AA%D8%B7%D8%A8%D9%8A%D9%82-%D8%A7%D9%8A%D9%81%D9%88%D9%86-xcode,5.0,6,ساعة,7,0,$10.00,يوم واحد,6,3,140.0,.Yassine A,https://khamsat.com/user/appslix,True,بائع نشيط,5.0,14,60.34%,6,16,5 ساعات
برمجة وتطوير,https://khamsat.com/programming,ريسكين التطبيقات,https://khamsat.com/programming/app-reskin,ساقوم بعمل ريسيكن لتطبيقات الاندرويد ولوحه التحكم,https://khamsat.com/programming/app-reskin/1736368-%D8%B3%D8%A7%D9%82%D9%88%D9%85-%D8%A8%D8%B9%D9%85%D9%84-%D8%B1%D9%8A%D8%B3%D9%8A%D9%83%D9%86-%D9%84%D8%AA%D8%B7%D8%A8%D9%8A%D9%82%D8%A7%D8%AA-%D8%A7%D9%84%D8%A7%D9%86%D8%AF%D8%B1%D9%88%D9%8A%D8%AF-%D9%88%D9%84%D9%88%D8%AD%D9%87-%D8%A7%D9%84%D8%AA%D8%AD%D9%83%D9%85,5.0,4,ساعة,4,0,$5.00,خمسة أيام,4,4,150.0,.Mohamed A,https://khamsat.com/user/engahlawy20,True,بائع نشيط,5.0,13,95.83%,5,12,ساعتين
برمجة وتطوير,https://khamsat.com/programming,ريسكين التطبيقات,https://khamsat.com/programming/app-reskin,ريسكين تطبيق اندرويد من اختيارك,https://khamsat.com/programming/app-reskin/1675131-%D8%B1%D9%8A%D8%B3%D9%83%D9%8A%D9%86-%D8%AA%D8%B7%D8%A8%D9%8A%D9%82-%D8%A7%D9%86%D8%AF%D8%B1%D9%88%D9%8A%D8%AF-%D9%85%D9%86-%D8%A7%D8%AE%D8%AA%D9%8A%D8%A7%D8%B1%D9%83,3.5,6,يوم,5,0,$15.00,ثلاثة أيام,6,3,115.0,عدنان ك.,https://khamsat.com/user/adnan_kadalah,True,بائع نشيط,3.5,12,68.42%,5,9,14 ساعة
برمجة وتطوير,https://khamsat.com/programming,ريسكين التطبيقات,https://khamsat.com/programming/app-reskin,ريسكن تطبيق اندرويد codecanyon,https://khamsat.com/programming/app-reskin/2908314-%D8%B1%D9%8A%D8%B3%D9%83%D9%86-%D8%AA%D8%B7%D8%A8%D9%8A%D9%82-%D8%A7%D9%86%D8%AF%D8%B1%D9%88%D9%8A%D8%AF-codecanyon,5.0,1,12 دقيقة,2,0,$5.00,يوم واحد,1,1,10.0,.Mohamed A,https://khamsat.com/user/abodiab1,True,بائع جديد,5.0,3,44.44%,4,4,ساعة
برمجة وتطوير,https://khamsat.com/programming,ريسكين التطبيقات,https://khamsat.com/programming/app-reskin,كود سورس تطبيق PDF Cam Scanner لنظام Android,https://khamsat.com/programming/app-reskin/3042067-%D9%83%D9%88%D8%AF-%D8%B3%D9%88%D8%B1%D8%B3-%D8%AA%D8%B7%D8%A8%D9%8A%D9%82-pdf-cam-scanner-%D9%84%D9%86%D8%B8%D8%A7%D9%85-android,0.0,0,لم يحسب,0,0,$10.00,يوم واحد,0,0,0.0,امجد ع.,https://khamsat.com/user/amjadosman,True,بائع جديد,0.0,0,لم يحسب بعد,4,0,9 دقائق
برمجة وتطوير,https://khamsat.com/programming,ريسكين التطبيقات,https://khamsat.com/programming/app-reskin,ريسكين تطبيقات فلاتر Android + iOS,https://khamsat.com/programming/app-reskin/2818375-%D8%B1%D9%8A%D8%B3%D9%83%D9%8A%D9%86-%D8%AA%D8%B7%D8%A8%D9%8A%D9%82%D8%A7%D8%AA-%D9%81%D9%84%D8%A7%D8%AA%D8%B1-android-ios,0.0,0,لم يحسب,0,0,$10.00,يوم واحد,0,3,30.0,.Rawan A,https://khamsat.com/user/rawan_abdallah,True,بائع جديد,5.0,1,100.0%,3,1,6 ساعات
برمجة وتطوير,https://khamsat.com/programming,ريسكين التطبيقات,https://khamsat.com/programming/app-reskin,ريسكن تطبيق Flutter حسب طلبك، بسعر رمزى,https://khamsat.com/programming/app-reskin/2811995-%D8%B1%D9%8A%D8%B3%D9%83%D9%86-%D8%AA%D8%B7%D8%A8%D9%8A%D9%82-flutter-%D8%AD%D8%B3%D8%A8-%D8%B7%D9%84%D8%A8%D9%83-%D8%A8%D8%B3%D8%B9%D8%B1-%D8%B1%D9%85%D8%B2%D9%89,0.0,0,لم يحسب,0,0,$5.00,يوم واحد,0,4,165.0,.Mamoud E,https://khamsat.com/user/mahmoud_eltantawy,True,بائع جديد,5.0,1,100.0%,4,1,4 ساعات
برمجة وتطوير,https://khamsat.com/programming,ريسكين التطبيقات,https://khamsat.com/programming/app-reskin,حزمة 50 لعبة عالية الجودة HTML5 جاهزة للعرض لموقعك أو تطبيقك,https://khamsat.com/programming/app-reskin/2817680-%D8%AD%D8%B2%D9%85%D8%A9-50-%D9%84%D8%B9%D8%A8%D8%A9-%D8%B9%D8%A7%D9%84%D9%8A%D8%A9-%D8%A7%D9%84%D8%AC%D9%88%D8%AF%D8%A9-html5-%D8%AC%D8%A7%D9%87%D8%B2%D8%A9-%D9%84%D9%84%D8%B9%D8%B1%D8%B6-%D9%84%D9%85%D9%88%D9%82%D8%B9%D9%83-%D8%A3%D9%88-%D8%AA%D8%B7%D8%A8%D9%8A%D9%82%D9%83,0.0,0,لم يحسب,0,0,$15.00,يوم واحد,0,3,75.0,.Abdellah S,https://khamsat.com/user/abdellahthez5,True,بائع نشيط,3.0,3,57.14%,4,8,3 ساعات
برمجة وتطوير,https://khamsat.com/programming,ريسكين التطبيقات,https://khamsat.com/programming/app-reskin,ريسكين تطبيق أندرويد ReSkin android application,https://khamsat.com/programming/app-reskin/2747491-%D8%B1%D9%8A%D8%B3%D9%83%D9%8A%D9%86-%D8%AA%D8%B7%D8%A8%D9%8A%D9%82-%D8%A3%D9%86%D8%AF%D8%B1%D9%88%D9%8A%D8%AF-reskin-android-application,0.0,0,لم يحسب,0,0,$10.00,يوم واحد,0,4,20.0,.Mahmoud H,https://khamsat.com/user/mahmoudhamdyae,True,بائع نشيط,5.0,7,88.24%,3,8,يوم
برمجة وتطوير,https://khamsat.com/programming,ريسكين التطبيقات,https://khamsat.com/programming/app-reskin,ريسكين احترافي لتطبيقات الاندرويد,https://khamsat.com/programming/app-reskin/1940526-%D8%B1%D9%8A%D8%B3%D9%83%D9%8A%D9%86-%D8%A7%D8%AD%D8%AA%D8%B1%D8%A7%D9%81%D9%8A-%D9%84%D8%AA%D8%B7%D8%A8%D9%8A%D9%82%D8%A7%D8%AA-%D8%A7%D9%84%D8%A7%D9%86%D8%AF%D8%B1%D9%88%D9%8A%D8%AF,5.0,1,14 يوم,1,0,$5.00,يوم واحد,1,4,235.0,احمد ا.,https://khamsat.com/user/%D8%A7%D8%AD%D9%85%D8%AF%D8%B9%D8%A8%D8%AF%D8%A7%D9%84%D9%83%D8%B1%D9%8A%D9%85,True,بائع مميز,5.0,74,95.88%,6,77,يومين
برمجة وتطوير,https://khamsat.com/programming,ريسكين التطبيقات,https://khamsat.com/programming/app-reskin,ريسكين احترافي للتطبيقات والألعاب الخاصة بالاندرويد,https://khamsat.com/programming/app-reskin/864804-%D8%B1%D9%8A%D8%B3%D9%83%D9%8A%D9%86-%D8%A7%D8%AD%D8%AA%D8%B1%D8%A7%D9%81%D9%8A-%D9%84%D9%84%D8%AA%D8%B7%D8%A8%D9%8A%D9%82%D8%A7%D8%AA-%D9%88%D8%A7%D9%84%D8%A3%D9%84%D8%B9%D8%A7%D8%A8-%D8%A7%D9%84%D8%AE%D8%A7%D8%B5%D8%A9-%D8%A8%D8%A7%D9%84%D8%A7%D9%86%D8%AF%D8%B1%D9%88%D9%8A%D8%AF,4.5,32,14 دقيقة,35,0,$5.00,خمسة أيام,25,5,145.0,أحمد ع.,https://khamsat.com/user/ahmed-assou-maroufi,True,بائع مميز,4.5,59,73.68%,6,60,5 ساعات
برمجة وتطوير,https://khamsat.com/programming,ريسكين التطبيقات,https://khamsat.com/programming/app-reskin,عمل ريسكين شامل واحترافي للألعاب والتطبيقات الأندرويد,https://khamsat.com/programming/app-reskin/1929735-%D8%B9%D9%85%D9%84-%D8%B1%D9%8A%D8%B3%D9%83%D9%8A%D9%86-%D8%B4%D8%A7%D9%85%D9%84-%D9%88%D8%A7%D8%AD%D8%AA%D8%B1%D8%A7%D9%81%D9%8A-%D9%84%D9%84%D8%A3%D9%84%D8%B9%D8%A7%D8%A8-%D9%88%D8%A7%D9%84%D8%AA%D8%B7%D8%A8%D9%8A%D9%82%D8%A7%D8%AA-%D8%A7%D9%84%D8%A3%D9%86%D8%AF%D8%B1%D9%88%D9%8A%D8%AF,0.0,0,5 أيام,0,0,$5.00,ثلاثة أيام,0,5,115.0,.Oussama D,https://khamsat.com/user/oussamadahbi2021,True,بائع جديد,0.0,0,لم يحسب بعد,5,0,4 أيام
برمجة وتطوير,https://khamsat.com/programming,ريسكين التطبيقات,https://khamsat.com/programming/app-reskin,انشاء وتعديل برامج من كود Flutter لاندرويد وايفون,https://khamsat.com/programming/app-reskin/2979106-%D8%A7%D9%86%D8%B4%D8%A7%D8%A1-%D9%88%D8%AA%D8%B9%D8%AF%D9%8A%D9%84-%D8%A8%D8%B1%D8%A7%D9%85%D8%AC-%D9%85%D9%86-%D9%83%D9%88%D8%AF-flutter-%D9%84%D8%A7%D9%86%D8%AF%D8%B1%D9%88%D9%8A%D8%AF-%D9%88%D8%A7%D9%8A%D9%81%D9%88%D9%86,0.0,0,لم يحسب,0,0,$5.00,يومين,0,3,20.0,.Phantom S,https://khamsat.com/user/phantomsw,False,مشتري جديد,0.0,0,لم يحسب بعد,1,0,لم يحسب
برمجة وتطوير,https://khamsat.com/programming,ريسكين التطبيقات,https://khamsat.com/programming/app-reskin,رسكين يونيتي - resin unity3d,https://khamsat.com/programming/app-reskin/1013240-%D8%B1%D8%B3%D9%83%D9%8A%D9%86-%D9%8A%D9%88%D9%86%D9%8A%D8%AA%D9%8A-resin-unity3d,4.0,4,ساعة,4,0,$5.00,ثلاثة أيام,4,1,25.0,.Saad T,https://khamsat.com/user/unitydev,True,بائع نشيط,5.0,7,56.0%,3,11,12 ساعة
برمجة وتطوير,https://khamsat.com/programming,ريسكين التطبيقات,https://khamsat.com/programming/app-reskin,خدمة إعادة تصميم ريسكين لتطبيقات Flutter,https://khamsat.com/programming/app-reskin/3045707-%D8%AE%D8%AF%D9%85%D8%A9-%D8%A5%D8%B9%D8%A7%D8%AF%D8%A9-%D8%AA%D8%B5%D9%85%D9%8A%D9%85-%D8%B1%D9%8A%D8%B3%D9%83%D9%8A%D9%86-%D9%84%D8%AA%D8%B7%D8%A8%D9%8A%D9%82%D8%A7%D8%AA-flutter,0.0,0,لم يحسب,0,0,$10.00,أسبوع,0,0,0.0,.Mohamed G,https://khamsat.com/user/engmgehad,True,بائع جديد,0.0,0,لم يحسب بعد,5,0,لم يحسب
برمجة وتطوير,https://khamsat.com/programming,ريسكين التطبيقات,https://khamsat.com/programming/app-reskin,ريسكين لتطبيقات الموبايل المبنية ب flutter,https://khamsat.com/programming/app-reskin/2885763-%D8%B1%D9%8A%D8%B3%D9%83%D9%8A%D9%86-%D9%84%D8%AA%D8%B7%D8%A8%D9%8A%D9%82%D8%A7%D8%AA-%D8%A7%D9%84%D9%85%D9%88%D8%A8%D8%A7%D9%8A%D9%84-%D8%A7%D9%84%D9%85%D8%A8%D9%86%D9%8A%D8%A9-%D8%A8-flutter,0.0,0,لم يحسب,0,0,$5.00,أسبوع,0,0,0.0,صبحي ع.,https://khamsat.com/user/subhi_abdullah,False,بائع جديد,0.0,0,لم يحسب بعد,2,0,لم يحسب
برمجة وتطوير,https://khamsat.com/programming,ريسكين التطبيقات,https://khamsat.com/programming/app-reskin,عمل ريسيكن احترافي لتطبيقات الاندرويد,https://khamsat.com/programming/app-reskin/2673405-%D8%B9%D9%85%D9%84-%D8%B1%D9%8A%D8%B3%D9%8A%D9%83%D9%86-%D8%A7%D8%AD%D8%AA%D8%B1%D8%A7%D9%81%D9%8A-%D9%84%D8%AA%D8%B7%D8%A8%D9%8A%D9%82%D8%A7%D8%AA-%D8%A7%D9%84%D8%A7%D9%86%D8%AF%D8%B1%D9%88%D9%8A%D8%AF,0.0,0,لم يحسب,0,0,$5.00,ثلاثة أيام,0,5,105.0,.Mahmoud I,https://khamsat.com/user/mahmoud_elaraky,True,بائع جديد,0.0,0,لم يحسب بعد,2,0,لم يحسب
برمجة وتطوير,https://khamsat.com/programming,ريسكين التطبيقات,https://khamsat.com/programming/app-reskin,ريسكن احترافي لتطبيقات الأندرويد,https://khamsat.com/programming/app-reskin/2097143-%D8%B1%D9%8A%D8%B3%D9%83%D9%86-%D8%A7%D8%AD%D8%AA%D8%B1%D8%A7%D9%81%D9%8A-%D9%84%D8%AA%D8%B7%D8%A8%D9%8A%D9%82%D8%A7%D8%AA-%D8%A7%D9%84%D8%A3%D9%86%D8%AF%D8%B1%D9%88%D9%8A%D8%AF,0.0,0,ساعة,0,0,$5.00,يوم واحد,0,3,45.0,.Yasmeen A,https://khamsat.com/user/yasmeen_alhalaseh,False,بائع جديد,0.0,0,100.0%,4,1,ساعتين
برمجة وتطوير,https://khamsat.com/programming,ريسكين التطبيقات,https://khamsat.com/programming/app-reskin,تعديل تطبيقات Flutter من Codecanyon,https://khamsat.com/programming/app-reskin/2726616-%D8%AA%D8%B9%D8%AF%D9%8A%D9%84-%D8%AA%D8%B7%D8%A8%D9%8A%D9%82%D8%A7%D8%AA-flutter-%D9%85%D9%86-codecanyon,0.0,0,3 ساعات,0,0,$10.00,يوم واحد,0,5,70.0,انس ح.,https://khamsat.com/user/%D8%A3%D9%86%D8%B3-%D8%A3%D8%A8%D9%88-%D8%A7%D9%84%D8%A8%D8%A7%D8%B5%D8%B1,True,مشتري VIP,0.0,0,0.0%,1,0,3 ساعات
برمجة وتطوير,https://khamsat.com/programming,ريسكين التطبيقات,https://khamsat.com/programming/app-reskin,ريسكن تطبيق فلاتر حسب طلبك بأسعار رمزية,https://khamsat.com/programming/app-reskin/2403704-%D8%B1%D9%8A%D8%B3%D9%83%D9%86-%D8%AA%D8%B7%D8%A8%D9%8A%D9%82-%D9%81%D9%84%D8%A7%D8%AA%D8%B1-%D8%AD%D8%B3%D8%A8-%D8%B7%D9%84%D8%A8%D9%83-%D8%A8%D8%A3%D8%B3%D8%B9%D8%A7%D8%B1-%D8%B1%D9%85%D8%B2%D9%8A%D8%A9,5.0,3,6 دقائق,3,0,$5.00,يوم واحد,3,1,50.0,.Ahmed S,https://khamsat.com/user/ahmedsamir1090,True,بائع مميز,5.0,27,97.14%,4,24,ساعة
برمجة وتطوير,https://khamsat.com/programming,إصلاح مشكلات التطبيقات,https://khamsat.com/programming/app-bug-fix,اصلاح أخطاء تطبيقات الاندرويد جافا وكوتلن,https://khamsat.com/programming/app-bug-fix/2340597-%D8%A7%D8%B5%D9%84%D8%A7%D8%AD-%D8%A3%D8%AE%D8%B7%D8%A7%D8%A1-%D8%AA%D8%B7%D8%A8%D9%8A%D9%82%D8%A7%D8%AA-%D8%A7%D9%84%D8%A7%D9%86%D8%AF%D8%B1%D9%88%D9%8A%D8%AF-%D8%AC%D8%A7%D9%81%D8%A7-%D9%88%D9%83%D9%88%D8%AA%D9%84%D9%86,5.0,29,8 دقائق,30,0,$15.00,يومين,25,5,495.0,.Mahmoud G,https://khamsat.com/user/mahmoud_gaber,True,بائع مميز,5.0,52,96.58%,2,51,7 دقائق
برمجة وتطوير,https://khamsat.com/programming,إصلاح مشكلات التطبيقات,https://khamsat.com/programming/app-bug-fix,إصلاح جميع مشاكل المكاتب والتحديثات react native,https://khamsat.com/programming/app-bug-fix/2347482-%D8%A5%D8%B5%D9%84%D8%A7%D8%AD-%D8%AC%D9%85%D9%8A%D8%B9-%D9%85%D8%B4%D8%A7%D9%83%D9%84-%D8%A7%D9%84%D9%85%D9%83%D8%A7%D8%AA%D8%A8-%D9%88%D8%A7%D9%84%D8%AA%D8%AD%D8%AF%D9%8A%D8%AB%D8%A7%D8%AA-react-native,5.0,6,42 دقيقة,8,0,$5.00,يوم واحد,6,4,80.0,محمود ق.,https://khamsat.com/user/ma7moudjameel,True,بائع نشيط,5.0,7,100.0%,3,8,3 ساعات
برمجة وتطوير,https://khamsat.com/programming,إصلاح مشكلات التطبيقات,https://khamsat.com/programming/app-bug-fix,إصلاح الاخطاء والأعطال البرمجية للتطبيقات والألعاب,https://khamsat.com/programming/app-bug-fix/2174370-%D8%A5%D8%B5%D9%84%D8%A7%D8%AD-%D8%A7%D9%84%D8%A7%D8%AE%D8%B7%D8%A7%D8%A1-%D9%88%D8%A7%D9%84%D8%A3%D8%B9%D8%B7%D8%A7%D9%84-%D8%A7%D9%84%D8%A8%D8%B1%D9%85%D8%AC%D9%8A%D8%A9-%D9%84%D9%84%D8%AA%D8%B7%D8%A8%D9%8A%D9%82%D8%A7%D8%AA-%D9%88%D8%A7%D9%84%D8%A3%D9%84%D8%B9%D8%A7%D8%A8,4.5,3,18 دقيقة,4,0,$5.00,ثلاثة أيام,3,1,5.0,رضى ب.,https://khamsat.com/user/rebiapps,True,بائع جديد,4.5,5,85.71%,3,5,ساعة
برمجة وتطوير,https://khamsat.com/programming,إصلاح مشكلات التطبيقات,https://khamsat.com/programming/app-bug-fix,ربط تطبيق الاندرويد با الفايربيس وحل مشاكل الفايربيس,https://khamsat.com/programming/app-bug-fix/2632362-%D8%B1%D8%A8%D8%B7-%D8%AA%D8%B7%D8%A8%D9%8A%D9%82-%D8%A7%D9%84%D8%A7%D9%86%D8%AF%D8%B1%D9%88%D9%8A%D8%AF-%D8%A8%D8%A7-%D8%A7%D9%84%D9%81%D8%A7%D9%8A%D8%B1%D8%A8%D9%8A%D8%B3-%D9%88%D8%AD%D9%84-%D9%85%D8%B4%D8%A7%D9%83%D9%84-%D8%A7%D9%84%D9%81%D8%A7%D9%8A%D8%B1%D8%A8%D9%8A%D8%B3,5.0,1,5 ساعات,2,0,$10.00,ثلاثة أيام,1,5,75.0,ابراهيم ا.,https://khamsat.com/user/abr120,True,بائع نشيط,4.5,22,82.98%,9,19,3 ساعات
برمجة وتطوير,https://khamsat.com/programming,إصلاح مشكلات التطبيقات,https://khamsat.com/programming/app-bug-fix,اصلاح اخطاء وتعديل مشاريع flutter علي أندرويد استوديو,https://khamsat.com/programming/app-bug-fix/2717591-%D8%A7%D8%B5%D9%84%D8%A7%D8%AD-%D8%A7%D8%AE%D8%B7%D8%A7%D8%A1-%D9%88%D8%AA%D8%B9%D8%AF%D9%8A%D9%84-%D9%85%D8%B4%D8%A7%D8%B1%D9%8A%D8%B9-flutter-%D8%B9%D9%84%D9%8A-%D8%A3%D9%86%D8%AF%D8%B1%D9%88%D9%8A%D8%AF-%D8%A7%D8%B3%D8%AA%D9%88%D8%AF%D9%8A%D9%88,5.0,2,دقيقتين,4,0,$5.00,يوم واحد,2,1,10.0,.Abdelrahman M,https://khamsat.com/user/abdelrahman_7193,True,بائع نشيط,5.0,4,85.71%,2,7,10 دقائق
برمجة وتطوير,https://khamsat.com/programming,إصلاح مشكلات التطبيقات,https://khamsat.com/programming/app-bug-fix,تصحيح أخطاء تطبيقات الأندرويد على منصة الأندرويد أستديو,https://khamsat.com/programming/app-bug-fix/2319422-%D8%AA%D8%B5%D8%AD%D9%8A%D8%AD-%D8%A3%D8%AE%D8%B7%D8%A7%D8%A1-%D8%AA%D8%B7%D8%A8%D9%8A%D9%82%D8%A7%D8%AA-%D8%A7%D9%84%D8%A3%D9%86%D8%AF%D8%B1%D9%88%D9%8A%D8%AF-%D8%B9%D9%84%D9%89-%D9%85%D9%86%D8%B5%D8%A9-%D8%A7%D9%84%D8%A3%D9%86%D8%AF%D8%B1%D9%88%D9%8A%D8%AF-%D8%A3%D8%B3%D8%AA%D8%AF%D9%8A%D9%88,4.5,6,يوم,9,0,$5.00,يوم واحد,6,0,0.0,محمود م.,https://khamsat.com/user/engmahmoud95,True,بائع نشيط,4.5,18,83.67%,4,19,9 ساعات
برمجة وتطوير,https://khamsat.com/programming,إصلاح مشكلات التطبيقات,https://khamsat.com/programming/app-bug-fix,اصلاح اخطاء ومشاكل تطبيقك على android studio,https://khamsat.com/programming/app-bug-fix/743828-%D8%A7%D8%B5%D9%84%D8%A7%D8%AD-%D8%A7%D8%AE%D8%B7%D8%A7%D8%A1-%D9%88%D9%85%D8%B4%D8%A7%D9%83%D9%84-%D8%AA%D8%B7%D8%A8%D9%8A%D9%82%D9%83-%D8%B9%D9%84%D9%89-android-studio,4.5,43,16 ساعة,47,0,$10.00,أسبوع,25,5,215.0,.Izzedine E,https://khamsat.com/user/izzedine-eita,True,بائع مميز,4.5,142,91.2%,3,130,5 ساعات
برمجة وتطوير,https://khamsat.com/programming,إصلاح مشكلات التطبيقات,https://khamsat.com/programming/app-bug-fix,اصلاح الاخطاء البرمجيه في تطبيقات الاندرويد,https://khamsat.com/programming/app-bug-fix/1795555-%D8%A7%D8%B5%D9%84%D8%A7%D8%AD-%D8%A7%D9%84%D8%A7%D8%AE%D8%B7%D8%A7%D8%A1-%D8%A7%D9%84%D8%A8%D8%B1%D9%85%D8%AC%D9%8A%D9%87-%D9%81%D9%8A-%D8%AA%D8%B7%D8%A8%D9%8A%D9%82%D8%A7%D8%AA-%D8%A7%D9%84%D8%A7%D9%86%D8%AF%D8%B1%D9%88%D9%8A%D8%AF,5.0,8,8 دقائق,10,0,$5.00,أسبوع,8,3,30.0,.Mahmoud T,https://khamsat.com/user/m_tharwat262,True,بائع مميز,5.0,39,85.14%,5,29,47 دقيقة
برمجة وتطوير,https://khamsat.com/programming,إصلاح مشكلات التطبيقات,https://khamsat.com/programming/app-bug-fix,اصلاح اخطاء تطبيقك وتعديل جميعها,https://khamsat.com/programming/app-bug-fix/1719261-%D8%A7%D8%B5%D9%84%D8%A7%D8%AD-%D8%A7%D8%AE%D8%B7%D8%A7%D8%A1-%D8%AA%D8%B7%D8%A8%D9%8A%D9%82%D9%83-%D9%88%D8%AA%D8%B9%D8%AF%D9%8A%D9%84-%D8%AC%D9%85%D9%8A%D8%B9%D9%87%D8%A7,5.0,2,يوم,2,0,$10.00,يومين,2,0,0.0,.Yazan D,https://khamsat.com/user/omaryazan92,True,بائع نشيط,3.5,10,61.9%,4,4,16 ساعة
برمجة وتطوير,https://khamsat.com/programming,إصلاح مشكلات التطبيقات,https://khamsat.com/programming/app-bug-fix,اصلاح الاخطاء الخاصه بالاندرويد ستوديو (Android Studio),https://khamsat.com/programming/app-bug-fix/1800220-%D8%A7%D8%B5%D9%84%D8%A7%D8%AD-%D8%A7%D9%84%D8%A7%D8%AE%D8%B7%D8%A7%D8%A1-%D8%A7%D9%84%D8%AE%D8%A7%D8%B5%D9%87-%D8%A8%D8%A7%D9%84%D8%A7%D9%86%D8%AF%D8%B1%D9%88%D9%8A%D8%AF-%D8%B3%D8%AA%D9%88%D8%AF%D9%8A%D9%88-android-studio,5.0,15,7 دقائق,16,0,$5.00,يومين,15,4,50.0,.Mahmoud T,https://khamsat.com/user/m_tharwat262,True,بائع مميز,5.0,39,85.14%,5,29,47 دقيقة
برمجة وتطوير,https://khamsat.com/programming,إصلاح مشكلات التطبيقات,https://khamsat.com/programming/app-bug-fix,حل مشكلة فى تطبيقك فلاتر أو دارت,https://khamsat.com/programming/app-bug-fix/1609616-%D8%AD%D9%84-%D9%85%D8%B4%D9%83%D9%84%D8%A9-%D9%81%D9%89-%D8%AA%D8%B7%D8%A8%D9%8A%D9%82%D9%83-%D9%81%D9%84%D8%A7%D8%AA%D8%B1-%D8%A3%D9%88-%D8%AF%D8%A7%D8%B1%D8%AA,5.0,2,ساعتين,2,0,$5.00,يوم واحد,2,3,35.0,.Mohammed Saleh E,https://khamsat.com/user/mohammedsaleh99,True,بائع نشيط,5.0,17,90.91%,3,17,3 ساعات
برمجة وتطوير,https://khamsat.com/programming,إصلاح مشكلات التطبيقات,https://khamsat.com/programming/app-bug-fix,تصحيح اي اخطاء في تطبيقك باستعمال اندرويد ستوديو,https://khamsat.com/programming/app-bug-fix/1208161-%D8%AA%D8%B5%D8%AD%D9%8A%D8%AD-%D8%A7%D9%8A-%D8%A7%D8%AE%D8%B7%D8%A7%D8%A1-%D9%81%D9%8A-%D8%AA%D8%B7%D8%A8%D9%8A%D9%82%D9%83-%D8%A8%D8%A7%D8%B3%D8%AA%D8%B9%D9%85%D8%A7%D9%84-%D8%A7%D9%86%D8%AF%D8%B1%D9%88%D9%8A%D8%AF-%D8%B3%D8%AA%D9%88%D8%AF%D9%8A%D9%88,5.0,15,19 ساعة,15,0,$5.00,ثلاثة أيام,15,5,165.0,.Rabah B,https://khamsat.com/user/brdev8991,True,بائع مميز,5.0,25,79.41%,4,27,10 ساعات
برمجة وتطوير,https://khamsat.com/programming,إصلاح مشكلات التطبيقات,https://khamsat.com/programming/app-bug-fix,إصلاح الأخطاء البرمجية لتطبيقات Flutter,https://khamsat.com/programming/app-bug-fix/2125389-%D8%A5%D8%B5%D9%84%D8%A7%D8%AD-%D8%A7%D9%84%D8%A3%D8%AE%D8%B7%D8%A7%D8%A1-%D8%A7%D9%84%D8%A8%D8%B1%D9%85%D8%AC%D9%8A%D8%A9-%D9%84%D8%AA%D8%B7%D8%A8%D9%8A%D9%82%D8%A7%D8%AA-flutter,5.0,5,9 ساعات,6,0,$5.00,يومين,5,1,5.0,.Kamal E,https://khamsat.com/user/elmag,True,بائع مميز,5.0,29,88.61%,6,34,4 أيام
برمجة وتطوير,https://khamsat.com/programming,إصلاح مشكلات التطبيقات,https://khamsat.com/programming/app-bug-fix,حل مشاكل برمجة تطبيقات الأندرويد بلغة Java & Kotlin,https://khamsat.com/programming/app-bug-fix/1588545-%D8%AD%D9%84-%D9%85%D8%B4%D8%A7%D9%83%D9%84-%D8%A8%D8%B1%D9%85%D8%AC%D8%A9-%D8%AA%D8%B7%D8%A8%D9%8A%D9%82%D8%A7%D8%AA-%D8%A7%D9%84%D8%A3%D9%86%D8%AF%D8%B1%D9%88%D9%8A%D8%AF-%D8%A8%D9%84%D8%BA%D8%A9-java-kotlin,5.0,7,يوم,8,0,$5.00,يوم واحد,7,2,15.0,.Mahmoud E,https://khamsat.com/user/mahmoudalshawwa,True,بائع نشيط,5.0,9,94.29%,2,8,23 ساعة
برمجة وتطوير,https://khamsat.com/programming,إصلاح مشكلات التطبيقات,https://khamsat.com/programming/app-bug-fix,حل اي مشكلة في تطبيقك الاندرويد بواسطة اندرويد استيديو,https://khamsat.com/programming/app-bug-fix/2226753-%D8%AD%D9%84-%D8%A7%D9%8A-%D9%85%D8%B4%D9%83%D9%84%D8%A9-%D9%81%D9%8A-%D8%AA%D8%B7%D8%A8%D9%8A%D9%82%D9%83-%D8%A7%D9%84%D8%A7%D9%86%D8%AF%D8%B1%D9%88%D9%8A%D8%AF-%D8%A8%D9%88%D8%A7%D8%B3%D8%B7%D8%A9-%D8%A7%D9%86%D8%AF%D8%B1%D9%88%D9%8A%D8%AF-%D8%A7%D8%B3%D8%AA%D9%8A%D8%AF%D9%8A%D9%88,4.5,10,ساعة,14,0,$10.00,يوم واحد,10,5,180.0,ابراهيم ا.,https://khamsat.com/user/abr120,True,بائع نشيط,4.5,22,82.98%,9,19,3 ساعات
برمجة وتطوير,https://khamsat.com/programming,إصلاح مشكلات التطبيقات,https://khamsat.com/programming/app-bug-fix,حل أي مشكلة تواجهك في نظام الأندرويد,https://khamsat.com/programming/app-bug-fix/678185-%D8%AD%D9%84-%D8%A3%D9%8A-%D9%85%D8%B4%D9%83%D9%84%D8%A9-%D8%AA%D9%88%D8%A7%D8%AC%D9%87%D9%83-%D9%81%D9%8A-%D9%86%D8%B8%D8%A7%D9%85-%D8%A7%D9%84%D8%A3%D9%86%D8%AF%D8%B1%D9%88%D9%8A%D8%AF,5.0,2,37 دقيقة,3,0,$5.00,يومين,2,0,0.0,مجد ب.,https://khamsat.com/user/%D9%85%D8%AC%D8%AF-%D8%A8%D8%B4%D8%B1,True,بائع مميز,5.0,21,98.04%,4,23,5 ساعات
برمجة وتطوير,https://khamsat.com/programming,إصلاح مشكلات التطبيقات,https://khamsat.com/programming/app-bug-fix,برمجة تطبيق Ios احترافي او اصلاح مشاكل داخل التطبيق,https://khamsat.com/programming/app-bug-fix/1715131-%D8%A8%D8%B1%D9%85%D8%AC%D8%A9-%D8%AA%D8%B7%D8%A8%D9%8A%D9%82-ios-%D8%A7%D8%AD%D8%AA%D8%B1%D8%A7%D9%81%D9%8A-%D8%A7%D9%88-%D8%A7%D8%B5%D9%84%D8%A7%D8%AD-%D9%85%D8%B4%D8%A7%D9%83%D9%84-%D8%AF%D8%A7%D8%AE%D9%84-%D8%A7%D9%84%D8%AA%D8%B7%D8%A8%D9%8A%D9%82,5.0,2,يوم,2,0,$5.00,يوم واحد,2,5,205.0,وسام ا.,https://khamsat.com/user/wessam2014123,True,بائع جديد,5.0,4,21.43%,3,2,4 أيام
برمجة وتطوير,https://khamsat.com/programming,إصلاح مشكلات التطبيقات,https://khamsat.com/programming/app-bug-fix,إصلاح جميع المشكلات فى برنامج أندرويد أستوديو مشكله واحدة,https://khamsat.com/programming/app-bug-fix/879910-%D8%A5%D8%B5%D9%84%D8%A7%D8%AD-%D8%AC%D9%85%D9%8A%D8%B9-%D8%A7%D9%84%D9%85%D8%B4%D9%83%D9%84%D8%A7%D8%AA-%D9%81%D9%89-%D8%A8%D8%B1%D9%86%D8%A7%D9%85%D8%AC-%D8%A3%D9%86%D8%AF%D8%B1%D9%88%D9%8A%D8%AF-%D8%A3%D8%B3%D8%AA%D9%88%D8%AF%D9%8A%D9%88-%D9%85%D8%B4%D9%83%D9%84%D9%87-%D9%88%D8%A7%D8%AD%D8%AF%D8%A9,4.5,6,4 ساعات,5,0,$5.00,يوم واحد,6,0,0.0,.Ahmed D,https://khamsat.com/user/ahmed-m.-daoud,True,بائع مميز,5.0,119,94.79%,8,84,3 ساعات
برمجة وتطوير,https://khamsat.com/programming,إصلاح مشكلات التطبيقات,https://khamsat.com/programming/app-bug-fix,سوف أقوم بإصلاح الأخطاء وتتطوير تتطبيقات react native,https://khamsat.com/programming/app-bug-fix/1640095-%D8%B3%D9%88%D9%81-%D8%A3%D9%82%D9%88%D9%85-%D8%A8%D8%A5%D8%B5%D9%84%D8%A7%D8%AD-%D8%A7%D9%84%D8%A3%D8%AE%D8%B7%D8%A7%D8%A1-%D9%88%D8%AA%D8%AA%D8%B7%D9%88%D9%8A%D8%B1-%D8%AA%D8%AA%D8%B7%D8%A8%D9%8A%D9%82%D8%A7%D8%AA-react-native,4.5,6,11 دقيقة,5,0,$5.00,يومين,6,2,35.0,محمد غ.,https://khamsat.com/user/%D9%85%D8%AD%D9%85%D8%AF-%D8%BA%D9%88%D8%AF%D9%8A,True,بائع نشيط,4.5,6,58.82%,1,5,4 ساعات
برمجة وتطوير,https://khamsat.com/programming,إصلاح مشكلات التطبيقات,https://khamsat.com/programming/app-bug-fix,إصلاح مشكلة برمجية واحدة في برنامجك,https://khamsat.com/programming/app-bug-fix/613635-%D8%A5%D8%B5%D9%84%D8%A7%D8%AD-%D9%85%D8%B4%D9%83%D9%84%D8%A9-%D8%A8%D8%B1%D9%85%D8%AC%D9%8A%D8%A9-%D9%88%D8%A7%D8%AD%D8%AF%D8%A9-%D9%81%D9%8A-%D8%A8%D8%B1%D9%86%D8%A7%D9%85%D8%AC%D9%83,5.0,14,32 دقيقة,18,0,$5.00,يوم واحد,14,5,120.0,إبراهيم ا.,https://khamsat.com/user/%D8%A5%D8%A8%D8%B1%D8%A7%D9%87%D9%8A%D9%85-%D8%AD%D8%B3%D9%86-%D8%A7%D9%84%D8%AD%D9%86%D9%81%D9%8A,True,بائع مميز,5.0,19,98.86%,2,20,3 ساعات
برمجة وتطوير,https://khamsat.com/programming,إصلاح مشكلات التطبيقات,https://khamsat.com/programming/app-bug-fix,كتابه اكواد وحل مشاكل python Code,https://khamsat.com/programming/app-bug-fix/3045031-%D9%83%D8%AA%D8%A7%D8%A8%D9%87-%D8%A7%D9%83%D9%88%D8%A7%D8%AF-%D9%88%D8%AD%D9%84-%D9%85%D8%B4%D8%A7%D9%83%D9%84-python-code,0.0,0,لم يحسب,0,0,$5.00,يوم واحد,0,0,0.0,.Abdelrahman A,https://khamsat.com/user/abdelrahman2986,False,بائع جديد,0.0,0,لم يحسب بعد,5,0,لم يحسب
برمجة وتطوير,https://khamsat.com/programming,إصلاح مشكلات التطبيقات,https://khamsat.com/programming/app-bug-fix,اصلاح أخطاء تطبيقات الاندرويد (java / kotlin),https://khamsat.com/programming/app-bug-fix/2431857-%D8%A7%D8%B5%D9%84%D8%A7%D8%AD-%D8%A3%D8%AE%D8%B7%D8%A7%D8%A1-%D8%AA%D8%B7%D8%A8%D9%8A%D9%82%D8%A7%D8%AA-%D8%A7%D9%84%D8%A7%D9%86%D8%AF%D8%B1%D9%88%D9%8A%D8%AF-java-kotlin,0.0,0,6 ساعات,0,0,$5.00,يوم واحد,0,0,0.0,عبد الرحمن ع.,https://khamsat.com/user/abdelrahman_amer,True,بائع جديد,5.0,1,100.0%,4,1,3 ساعات
برمجة وتطوير,https://khamsat.com/programming,إصلاح مشكلات التطبيقات,https://khamsat.com/programming/app-bug-fix,مساعدة الطلاب في حل مسائل مساق الاندرويد مقابل 5 دولار,https://khamsat.com/programming/app-bug-fix/1569303-%D9%85%D8%B3%D8%A7%D8%B9%D8%AF%D8%A9-%D8%A7%D9%84%D8%B7%D9%84%D8%A7%D8%A8-%D9%81%D9%8A-%D8%AD%D9%84-%D9%85%D8%B3%D8%A7%D8%A6%D9%84-%D9%85%D8%B3%D8%A7%D9%82-%D8%A7%D9%84%D8%A7%D9%86%D8%AF%D8%B1%D9%88%D9%8A%D8%AF-%D9%85%D9%82%D8%A7%D8%A8%D9%84-5-%D8%AF%D9%88%D9%84%D8%A7%D8%B1,5.0,1,يوم,1,0,$5.00,يومين,1,5,280.0,احمد ا.,https://khamsat.com/user/%D8%A7%D8%AD%D9%85%D8%AF-%D8%B9%D9%84%D9%8A-2,True,بائع جديد,5.0,4,100.0%,4,3,10 ساعات
برمجة وتطوير,https://khamsat.com/programming,إصلاح مشكلات التطبيقات,https://khamsat.com/programming/app-bug-fix,حل المشاكل الخاصة بكود flutter,https://khamsat.com/programming/app-bug-fix/2158612-%D8%AD%D9%84-%D8%A7%D9%84%D9%85%D8%B4%D8%A7%D9%83%D9%84-%D8%A7%D9%84%D8%AE%D8%A7%D8%B5%D8%A9-%D8%A8%D9%83%D9%88%D8%AF-flutter,5.0,2,41 دقيقة,1,0,$10.00,ثلاثة أيام,2,3,45.0,.Mohamed H,https://khamsat.com/user/darknees,True,بائع نشيط,5.0,6,83.33%,3,5,3 ساعات
برمجة وتطوير,https://khamsat.com/programming,إصلاح مشكلات التطبيقات,https://khamsat.com/programming/app-bug-fix,إصلاح شامل للأخطاء والمشكلات التقنية في تطبيقات فلاتر,https://khamsat.com/programming/app-bug-fix/3047074-%D8%A5%D8%B5%D9%84%D8%A7%D8%AD-%D8%B4%D8%A7%D9%85%D9%84-%D9%84%D9%84%D8%A3%D8%AE%D8%B7%D8%A7%D8%A1-%D9%88%D8%A7%D9%84%D9%85%D8%B4%D9%83%D9%84%D8%A7%D8%AA-%D8%A7%D9%84%D8%AA%D9%82%D9%86%D9%8A%D8%A9-%D9%81%D9%8A-%D8%AA%D8%B7%D8%A8%D9%8A%D9%82%D8%A7%D8%AA-%D9%81%D9%84%D8%A7%D8%AA%D8%B1,0.0,0,لم يحسب,0,0,$10.00,ثلاثة أيام,0,0,0.0,.Youssef I,https://khamsat.com/user/youssef_esmail_you,True,بائع جديد,0.0,0,لم يحسب بعد,3,0,لم يحسب
برمجة وتطوير,https://khamsat.com/programming,إصلاح مشكلات التطبيقات,https://khamsat.com/programming/app-bug-fix,اصلاح الاخطاء البرمجية لكود Flutter,https://khamsat.com/programming/app-bug-fix/2116530-%D8%A7%D8%B5%D9%84%D8%A7%D8%AD-%D8%A7%D9%84%D8%A7%D8%AE%D8%B7%D8%A7%D8%A1-%D8%A7%D9%84%D8%A8%D8%B1%D9%85%D8%AC%D9%8A%D8%A9-%D9%84%D9%83%D9%88%D8%AF-flutter,5.0,3,4 ساعات,3,0,$10.00,خمسة أيام,3,4,255.0,سراج الدين ص.,https://khamsat.com/user/sragsakr,True,بائع جديد,5.0,5,70.0%,5,3,13 ساعة
برمجة وتطوير,https://khamsat.com/programming,إصلاح مشكلات التطبيقات,https://khamsat.com/programming/app-bug-fix,تحسين و إصلاح تطبيقات الأندرويد Java او Kotlin,https://khamsat.com/programming/app-bug-fix/3042474-%D8%AA%D8%AD%D8%B3%D9%8A%D9%86-%D9%88-%D8%A5%D8%B5%D9%84%D8%A7%D8%AD-%D8%AA%D8%B7%D8%A8%D9%8A%D9%82%D8%A7%D8%AA-%D8%A7%D9%84%D8%A3%D9%86%D8%AF%D8%B1%D9%88%D9%8A%D8%AF-java-%D8%A7%D9%88-kotlin,0.0,0,لم يحسب,0,0,$10.00,يوم واحد,0,3,110.0,.Aly H,https://khamsat.com/user/alyhesham,True,بائع جديد,0.0,0,لم يحسب بعد,2,0,لم يحسب
برمجة وتطوير,https://khamsat.com/programming,إصلاح مشكلات التطبيقات,https://khamsat.com/programming/app-bug-fix,إصلاح الأخطاء وتحسين تطبيقات الخاصة Flutter,https://khamsat.com/programming/app-bug-fix/3045081-%D8%A5%D8%B5%D9%84%D8%A7%D8%AD-%D8%A7%D9%84%D8%A3%D8%AE%D8%B7%D8%A7%D8%A1-%D9%88%D8%AA%D8%AD%D8%B3%D9%8A%D9%86-%D8%AA%D8%B7%D8%A8%D9%8A%D9%82%D8%A7%D8%AA-%D8%A7%D9%84%D8%AE%D8%A7%D8%B5%D8%A9-flutter,0.0,0,لم يحسب,0,0,$5.00,يوم واحد,0,2,20.0,.Moaaz A,https://khamsat.com/user/moaazahmed_work,True,بائع جديد,0.0,0,لم يحسب بعد,4,0,لم يحسب
برمجة وتطوير,https://khamsat.com/programming,إصلاح مشكلات التطبيقات,https://khamsat.com/programming/app-bug-fix,إعداد CI CD لتطبيق Flutter مع Flavors و fastlane و firebase,https://khamsat.com/programming/app-bug-fix/3039980-%D8%A5%D8%B9%D8%AF%D8%A7%D8%AF-ci-cd-%D9%84%D8%AA%D8%B7%D8%A8%D9%8A%D9%82-flutter-%D9%85%D8%B9-flavors-%D9%88-fastlane-%D9%88-firebase,0.0,0,لم يحسب,0,0,$5.00,يوم واحد,0,0,0.0,.Mahmoud H,https://khamsat.com/user/mahmoudalashwah,True,بائع جديد,0.0,0,لم يحسب بعد,2,0,لم يحسب
برمجة وتطوير,https://khamsat.com/programming,إصلاح مشكلات التطبيقات,https://khamsat.com/programming/app-bug-fix,تعديل و حل مشاكل تطبيق Flutter,https://khamsat.com/programming/app-bug-fix/3014831-%D8%AA%D8%B9%D8%AF%D9%8A%D9%84-%D9%88-%D8%AD%D9%84-%D9%85%D8%B4%D8%A7%D9%83%D9%84-%D8%AA%D8%B7%D8%A8%D9%8A%D9%82-flutter,0.0,0,لم يحسب,0,0,$5.00,يوم واحد,0,4,85.0,أحمد م.,https://khamsat.com/user/ahmed_abdelmoneim77,True,بائع جديد,0.0,0,لم يحسب بعد,2,0,لم يحسب
برمجة وتطوير,https://khamsat.com/programming,تحويل الموقع إلى تطبيق,https://khamsat.com/programming/convert-site-to-app,تحويل موقعك الى تطبيق ios باستخدام webview,https://khamsat.com/programming/convert-site-to-app/1794886-%D8%AA%D8%AD%D9%88%D9%8A%D9%84-%D9%85%D9%88%D9%82%D8%B9%D9%83-%D8%A7%D9%84%D9%89-%D8%AA%D8%B7%D8%A8%D9%8A%D9%82-ios-%D8%A8%D8%A7%D8%B3%D8%AA%D8%AE%D8%AF%D8%A7%D9%85-webview,4.5,20,21 ساعة,25,2,$10.00,ثلاثة أيام,20,5,100.0,.Mohamed S,https://khamsat.com/user/mohamedsaleh91,True,بائع مميز,4.5,51,94.03%,9,51,15 ساعة
برمجة وتطوير,https://khamsat.com/programming,تحويل الموقع إلى تطبيق,https://khamsat.com/programming/convert-site-to-app,تحويل موقعك الى تطبيق ios (تطبيقات webview),https://khamsat.com/programming/convert-site-to-app/1219737-%D8%AA%D8%AD%D9%88%D9%8A%D9%84-%D9%85%D9%88%D9%82%D8%B9%D9%83-%D8%A7%D9%84%D9%89-%D8%AA%D8%B7%D8%A8%D9%8A%D9%82-ios-%D8%AA%D8%B7%D8%A8%D9%8A%D9%82%D8%A7%D8%AA-webview,4.5,33,43 دقيقة,44,0,$5.00,ثلاثة أيام,25,3,170.0,.Abdilrahman G,https://khamsat.com/user/abdilrahman_gamal,True,بائع مميز,4.5,41,77.98%,5,49,12 ساعة
برمجة وتطوير,https://khamsat.com/programming,تحويل الموقع إلى تطبيق,https://khamsat.com/programming/convert-site-to-app,تحويل الموقع لتطبيق ايفون واندرويد بكود واحد WebView,https://khamsat.com/programming/convert-site-to-app/2837286-%D8%AA%D8%AD%D9%88%D9%8A%D9%84-%D8%A7%D9%84%D9%85%D9%88%D9%82%D8%B9-%D9%84%D8%AA%D8%B7%D8%A8%D9%8A%D9%82-%D8%A7%D9%8A%D9%81%D9%88%D9%86-%D9%88%D8%A7%D9%86%D8%AF%D8%B1%D9%88%D9%8A%D8%AF-%D8%A8%D9%83%D9%88%D8%AF-%D9%88%D8%A7%D8%AD%D8%AF-webview,5.0,6,15 دقيقة,7,3,$10.00,ثلاثة أيام,6,5,45.0,.Abdulwahab A,https://khamsat.com/user/%D8%B9%D8%A8%D8%AF%D8%A7%D9%84%D9%88%D9%87%D8%A7%D8%A8-%D8%B9%D8%A8%D8%AF%D8%A7%D9%84%D9%87%D8%A7%D8%AF%D9%8A,True,بائع نشيط,5.0,18,91.49%,1,18,3 ساعات
برمجة وتطوير,https://khamsat.com/programming,تحويل الموقع إلى تطبيق,https://khamsat.com/programming/convert-site-to-app,تحويل موقعك الووردبريس ومتجرك إلى تطبيق اندرويد,https://khamsat.com/programming/convert-site-to-app/1932953-%D8%AA%D8%AD%D9%88%D9%8A%D9%84-%D9%85%D9%88%D9%82%D8%B9%D9%83-%D8%A7%D9%84%D9%88%D9%88%D8%B1%D8%AF%D8%A8%D8%B1%D9%8A%D8%B3-%D9%88%D9%85%D8%AA%D8%AC%D8%B1%D9%83-%D8%A5%D9%84%D9%89-%D8%AA%D8%B7%D8%A8%D9%8A%D9%82-%D8%A7%D9%86%D8%AF%D8%B1%D9%88%D9%8A%D8%AF,5.0,2,3 ساعات,2,0,$5.00,يومين,2,4,25.0,.Youcef B,https://khamsat.com/user/benyoudz,True,بائع جديد,5.0,6,100.0%,2,6,ساعتين
برمجة وتطوير,https://khamsat.com/programming,تحويل الموقع إلى تطبيق,https://khamsat.com/programming/convert-site-to-app,تطبيق لموقعك للiphone,https://khamsat.com/programming/convert-site-to-app/1160699-%D8%AA%D8%B7%D8%A8%D9%8A%D9%82-%D9%84%D9%85%D9%88%D9%82%D8%B9%D9%83-%D9%84%D9%84iphone,5.0,28,4 أيام,35,0,$10.00,يوم واحد,25,2,75.0,.Ayman A,https://khamsat.com/user/ayman-2-1995,True,بائع مميز,5.0,31,97.62%,2,38,يوم
برمجة وتطوير,https://khamsat.com/programming,تحويل الموقع إلى تطبيق,https://khamsat.com/programming/convert-site-to-app,تحويل موقعك الى تطبيق اندرويد باستخدام webview,https://khamsat.com/programming/convert-site-to-app/1793872-%D8%AA%D8%AD%D9%88%D9%8A%D9%84-%D9%85%D9%88%D9%82%D8%B9%D9%83-%D8%A7%D9%84%D9%89-%D8%AA%D8%B7%D8%A8%D9%8A%D9%82-%D8%A7%D9%86%D8%AF%D8%B1%D9%88%D9%8A%D8%AF-%D8%A8%D8%A7%D8%B3%D8%AA%D8%AE%D8%AF%D8%A7%D9%85-webview,5.0,13,يومين,18,0,$5.00,يوم واحد,13,5,85.0,.Mohamed S,https://khamsat.com/user/mohamedsaleh91,True,بائع مميز,4.5,51,94.03%,9,51,15 ساعة
برمجة وتطوير,https://khamsat.com/programming,تحويل الموقع إلى تطبيق,https://khamsat.com/programming/convert-site-to-app,احول موقعك لتطبيق اندرويد إحترافي عن طريق WebView,https://khamsat.com/programming/convert-site-to-app/1331115-%D8%A7%D8%AD%D9%88%D9%84-%D9%85%D9%88%D9%82%D8%B9%D9%83-%D9%84%D8%AA%D8%B7%D8%A8%D9%8A%D9%82-%D8%A7%D9%86%D8%AF%D8%B1%D9%88%D9%8A%D8%AF-%D8%A5%D8%AD%D8%AA%D8%B1%D8%A7%D9%81%D9%8A-%D8%B9%D9%86-%D8%B7%D8%B1%D9%8A%D9%82-webview,5.0,11,ساعتين,10,0,$5.00,يوم واحد,11,5,30.0,محمد م.,https://khamsat.com/user/mohammed_mustafa2019,True,بائع نشيط,4.5,25,72.22%,2,22,11 ساعة
برمجة وتطوير,https://khamsat.com/programming,تحويل الموقع إلى تطبيق,https://khamsat.com/programming/convert-site-to-app,تحويل موقعك الى تطبيق اندرويد أو تطبيق ios (تطبيقات webview),https://khamsat.com/programming/convert-site-to-app/1080494-%D8%AA%D8%AD%D9%88%D9%8A%D9%84-%D9%85%D9%88%D9%82%D8%B9%D9%83-%D8%A7%D9%84%D9%89-%D8%AA%D8%B7%D8%A8%D9%8A%D9%82-%D8%A7%D9%86%D8%AF%D8%B1%D9%88%D9%8A%D8%AF-%D8%A3%D9%88-%D8%AA%D8%B7%D8%A8%D9%8A%D9%82-ios-%D8%AA%D8%B7%D8%A8%D9%8A%D9%82%D8%A7%D8%AA-webview,4.5,37,يوم,49,0,$10.00,ثلاثة أيام,25,2,40.0,أنسام ا.,https://khamsat.com/user/%D8%A3%D9%86%D8%B3%D8%A7%D9%85-%D8%A7%D9%84%D8%B4%D8%A7%D8%B9%D8%B1,True,بائع مميز,4.5,46,76.22%,5,60,8 ساعات
برمجة وتطوير,https://khamsat.com/programming,تحويل الموقع إلى تطبيق,https://khamsat.com/programming/convert-site-to-app,تحويل موقعك الى تطبيق جوال Android و IOS تطبيق WebView,https://khamsat.com/programming/convert-site-to-app/2595753-%D8%AA%D8%AD%D9%88%D9%8A%D9%84-%D9%85%D9%88%D9%82%D8%B9%D9%83-%D8%A7%D9%84%D9%89-%D8%AA%D8%B7%D8%A8%D9%8A%D9%82-%D8%AC%D9%88%D8%A7%D9%84-android-%D9%88-ios-%D8%AA%D8%B7%D8%A8%D9%8A%D9%82-webview,5.0,8,22 دقيقة,12,0,$10.00,يومين,8,4,50.0,.Mahmoud S,https://khamsat.com/user/mahmoud_saber19,True,بائع نشيط,5.0,30,100.0%,5,21,ساعة
برمجة وتطوير,https://khamsat.com/programming,تحويل الموقع إلى تطبيق,https://khamsat.com/programming/convert-site-to-app,تحويل مدونتك أو موقعك إلى تطبيق اندرويد,https://khamsat.com/programming/convert-site-to-app/1179141-%D8%AA%D8%AD%D9%88%D9%8A%D9%84-%D9%85%D8%AF%D9%88%D9%86%D8%AA%D9%83-%D8%A3%D9%88-%D9%85%D9%88%D9%82%D8%B9%D9%83-%D8%A5%D9%84%D9%89-%D8%AA%D8%B7%D8%A8%D9%8A%D9%82-%D8%A7%D9%86%D8%AF%D8%B1%D9%88%D9%8A%D8%AF,5.0,14,ساعة,14,0,$5.00,يوم واحد,14,4,50.0,جابر ع.,https://khamsat.com/user/jaber-atia,True,بائع مميز,5.0,48,86.84%,5,39,ساعة
برمجة وتطوير,https://khamsat.com/programming,تحويل الموقع إلى تطبيق,https://khamsat.com/programming/convert-site-to-app,تحويل موقعك الى تطبيق أندرويد (تطبيق WebView),https://khamsat.com/programming/convert-site-to-app/1771463-%D8%AA%D8%AD%D9%88%D9%8A%D9%84-%D9%85%D9%88%D9%82%D8%B9%D9%83-%D8%A7%D9%84%D9%89-%D8%AA%D8%B7%D8%A8%D9%8A%D9%82-%D8%A3%D9%86%D8%AF%D8%B1%D9%88%D9%8A%D8%AF-%D8%AA%D8%B7%D8%A8%D9%8A%D9%82-webview,5.0,30,4 ساعات,35,0,$5.00,يوم واحد,25,5,55.0,محمد ع.,https://khamsat.com/user/mohammedalian3,True,بائع مميز,5.0,59,96.13%,4,53,ساعتين
برمجة وتطوير,https://khamsat.com/programming,تحويل الموقع إلى تطبيق,https://khamsat.com/programming/convert-site-to-app,تحويل موقعك الى تطبيق اندرويد باستخدام webview,https://khamsat.com/programming/convert-site-to-app/1541869-%D8%AA%D8%AD%D9%88%D9%8A%D9%84-%D9%85%D9%88%D9%82%D8%B9%D9%83-%D8%A7%D9%84%D9%89-%D8%AA%D8%B7%D8%A8%D9%8A%D9%82-%D8%A7%D9%86%D8%AF%D8%B1%D9%88%D9%8A%D8%AF-%D8%A8%D8%A7%D8%B3%D8%AA%D8%AE%D8%AF%D8%A7%D9%85-webview,4.5,16,8 دقائق,19,0,$5.00,يوم واحد,16,5,125.0,.Ahmed M,https://khamsat.com/user/fouda1,True,بائع مميز,4.5,36,81.11%,6,38,ساعة
برمجة وتطوير,https://khamsat.com/programming,تحويل الموقع إلى تطبيق,https://khamsat.com/programming/convert-site-to-app,تحويل موقعك الى تطبيق يعمل على جميع الهواتف ويب فيو web view,https://khamsat.com/programming/convert-site-to-app/2207470-%D8%AA%D8%AD%D9%88%D9%8A%D9%84-%D9%85%D9%88%D9%82%D8%B9%D9%83-%D8%A7%D9%84%D9%89-%D8%AA%D8%B7%D8%A8%D9%8A%D9%82-%D9%8A%D8%B9%D9%85%D9%84-%D8%B9%D9%84%D9%89-%D8%AC%D9%85%D9%8A%D8%B9-%D8%A7%D9%84%D9%87%D9%88%D8%A7%D8%AA%D9%81-%D9%88%D9%8A%D8%A8-%D9%81%D9%8A%D9%88-web-view,4.5,18,ساعة,23,0,$5.00,يوم واحد,18,5,135.0,.Anas A,https://khamsat.com/user/anasasim,True,بائع مميز,4.5,38,96.59%,7,43,53 دقيقة
برمجة وتطوير,https://khamsat.com/programming,تحويل الموقع إلى تطبيق,https://khamsat.com/programming/convert-site-to-app,تحويل موقعك الالكتروني الي تطبيق اندرويد مع تسليم السورس كود,https://khamsat.com/programming/convert-site-to-app/1374875-%D8%AA%D8%AD%D9%88%D9%8A%D9%84-%D9%85%D9%88%D9%82%D8%B9%D9%83-%D8%A7%D9%84%D8%A7%D9%84%D9%83%D8%AA%D8%B1%D9%88%D9%86%D9%8A-%D8%A7%D9%84%D9%8A-%D8%AA%D8%B7%D8%A8%D9%8A%D9%82-%D8%A7%D9%86%D8%AF%D8%B1%D9%88%D9%8A%D8%AF-%D9%85%D8%B9-%D8%AA%D8%B3%D9%84%D9%8A%D9%85-%D8%A7%D9%84%D8%B3%D9%88%D8%B1%D8%B3-%D9%83%D9%88%D8%AF,4.5,15,10 ساعات,21,0,$50.00,ثلاثة أيام,15,4,105.0,.Keroles A,https://khamsat.com/user/lxvll,True,بائع مميز,4.5,51,87.84%,6,55,5 ساعات
برمجة وتطوير,https://khamsat.com/programming,تحويل الموقع إلى تطبيق,https://khamsat.com/programming/convert-site-to-app,برمجة ل عرض موقع الويب في تطبيق جوال,https://khamsat.com/programming/convert-site-to-app/1797146-%D8%A8%D8%B1%D9%85%D8%AC%D8%A9-%D9%84-%D8%B9%D8%B1%D8%B6-%D9%85%D9%88%D9%82%D8%B9-%D8%A7%D9%84%D9%88%D9%8A%D8%A8-%D9%81%D9%8A-%D8%AA%D8%B7%D8%A8%D9%8A%D9%82-%D8%AC%D9%88%D8%A7%D9%84,3.5,3,3 دقائق,3,0,$5.00,يوم واحد,3,4,60.0,.Eman A,https://khamsat.com/user/emanalziaan,True,بائع مميز,5.0,11,96.67%,2,11,يوم
برمجة وتطوير,https://khamsat.com/programming,تحويل الموقع إلى تطبيق,https://khamsat.com/programming/convert-site-to-app,تحويل موقعك الإلكتروني إلى تطبيق أندرويد.,https://khamsat.com/programming/convert-site-to-app/1980056-%D8%AA%D8%AD%D9%88%D9%8A%D9%84-%D9%85%D9%88%D9%82%D8%B9%D9%83-%D8%A7%D9%84%D8%A5%D9%84%D9%83%D8%AA%D8%B1%D9%88%D9%86%D9%8A-%D8%A5%D9%84%D9%89-%D8%AA%D8%B7%D8%A8%D9%8A%D9%82-%D8%A3%D9%86%D8%AF%D8%B1%D9%88%D9%8A%D8%AF,4.0,4,يوم,4,0,$5.00,يومين,4,5,50.0,.Hamid A,https://khamsat.com/user/hamidakcodes,True,بائع نشيط,4.0,9,75.0%,4,8,22 ساعة
برمجة وتطوير,https://khamsat.com/programming,تحويل الموقع إلى تطبيق,https://khamsat.com/programming/convert-site-to-app,حول موقعك الإلكتروني الى تطبيق باستخدام PWA,https://khamsat.com/programming/convert-site-to-app/2910772-%D8%AD%D9%88%D9%84-%D9%85%D9%88%D9%82%D8%B9%D9%83-%D8%A7%D9%84%D8%A5%D9%84%D9%83%D8%AA%D8%B1%D9%88%D9%86%D9%8A-%D8%A7%D9%84%D9%89-%D8%AA%D8%B7%D8%A8%D9%8A%D9%82-%D8%A8%D8%A7%D8%B3%D8%AA%D8%AE%D8%AF%D8%A7%D9%85-pwa,0.0,0,لم يحسب,0,0,$10.00,يومين,0,5,40.0,عبدالله ن.,https://khamsat.com/user/alnuaimi230,True,بائع جديد,0.0,0,100.0%,2,1,ساعتين
برمجة وتطوير,https://khamsat.com/programming,تحويل الموقع إلى تطبيق,https://khamsat.com/programming/convert-site-to-app,تحويل اي موقع الى تطبيق بشكل جميل وسريع وبدقة عالية,https://khamsat.com/programming/convert-site-to-app/2228997-%D8%AA%D8%AD%D9%88%D9%8A%D9%84-%D8%A7%D9%8A-%D9%85%D9%88%D9%82%D8%B9-%D8%A7%D9%84%D9%89-%D8%AA%D8%B7%D8%A8%D9%8A%D9%82-%D8%A8%D8%B4%D9%83%D9%84-%D8%AC%D9%85%D9%8A%D9%84-%D9%88%D8%B3%D8%B1%D9%8A%D8%B9-%D9%88%D8%A8%D8%AF%D9%82%D8%A9-%D8%B9%D8%A7%D9%84%D9%8A%D8%A9,4.5,3,يوم,3,0,$5.00,يوم واحد,3,1,25.0,سيرين ص.,https://khamsat.com/user/%D8%B3%D9%8A%D8%B1%D9%8A%D9%86-%D9%86%D8%A7%D9%87%D8%B6-%D8%B5%D9%82%D8%B1,True,بائع جديد,4.5,3,66.67%,2,3,12 ساعة
برمجة وتطوير,https://khamsat.com/programming,تحويل الموقع إلى تطبيق,https://khamsat.com/programming/convert-site-to-app,خدمة تحويل مواقع الويب إلى تطبيقات Android,https://khamsat.com/programming/convert-site-to-app/2913306-%D8%AE%D8%AF%D9%85%D8%A9-%D8%AA%D8%AD%D9%88%D9%8A%D9%84-%D9%85%D9%88%D8%A7%D9%82%D8%B9-%D8%A7%D9%84%D9%88%D9%8A%D8%A8-%D8%A5%D9%84%D9%89-%D8%AA%D8%B7%D8%A8%D9%8A%D9%82%D8%A7%D8%AA-android,0.0,0,لم يحسب,0,0,$5.00,يوم واحد,0,3,25.0,.Abdalla A,https://khamsat.com/user/abdalla01145854052,True,بائع جديد,0.0,0,لم يحسب بعد,1,0,لم يحسب
برمجة وتطوير,https://khamsat.com/programming,تحويل الموقع إلى تطبيق,https://khamsat.com/programming/convert-site-to-app,عمل تطبيق أندرويد الخاص بك او تحويل موقعك الى تطبيق,https://khamsat.com/programming/convert-site-to-app/1352573-%D8%B9%D9%85%D9%84-%D8%AA%D8%B7%D8%A8%D9%8A%D9%82-%D8%A3%D9%86%D8%AF%D8%B1%D9%88%D9%8A%D8%AF-%D8%A7%D9%84%D8%AE%D8%A7%D8%B5-%D8%A8%D9%83-%D8%A7%D9%88-%D8%AA%D8%AD%D9%88%D9%8A%D9%84-%D9%85%D9%88%D9%82%D8%B9%D9%83-%D8%A7%D9%84%D9%89-%D8%AA%D8%B7%D8%A8%D9%8A%D9%82,0.0,0,19 دقيقة,1,0,$5.00,يومين,0,5,220.0,.Soufiane E,https://khamsat.com/user/soufiane-el-hayty,True,بائع نشيط,5.0,10,89.47%,5,10,ساعتين
برمجة وتطوير,https://khamsat.com/programming,تحويل الموقع إلى تطبيق,https://khamsat.com/programming/convert-site-to-app,تحويل الواجهات المصممة إلى تطبيق فعّال باستخدام Flutter,https://khamsat.com/programming/convert-site-to-app/3044146-%D8%AA%D8%AD%D9%88%D9%8A%D9%84-%D8%A7%D9%84%D9%88%D8%A7%D8%AC%D9%87%D8%A7%D8%AA-%D8%A7%D9%84%D9%85%D8%B5%D9%85%D9%85%D8%A9-%D8%A5%D9%84%D9%89-%D8%AA%D8%B7%D8%A8%D9%8A%D9%82-%D9%81%D8%B9%D8%A7%D9%84-%D8%A8%D8%A7%D8%B3%D8%AA%D8%AE%D8%AF%D8%A7%D9%85-flutter,0.0,0,لم يحسب,0,0,$5.00,ثلاثة أيام,0,3,25.0,.Shimaa A,https://khamsat.com/user/shimaa_amer,True,بائع جديد,0.0,0,لم يحسب بعد,2,0,لم يحسب
برمجة وتطوير,https://khamsat.com/programming,تحويل الموقع إلى تطبيق,https://khamsat.com/programming/convert-site-to-app,تحتاج إلى تحويل الموقع الى تطبيق و رفع تطبيقك على IOS Apple,https://khamsat.com/programming/convert-site-to-app/3049388-%D8%AA%D8%AD%D8%AA%D8%A7%D8%AC-%D8%A5%D9%84%D9%89-%D8%AA%D8%AD%D9%88%D9%8A%D9%84-%D8%A7%D9%84%D9%85%D9%88%D9%82%D8%B9-%D8%A7%D9%84%D9%89-%D8%AA%D8%B7%D8%A8%D9%8A%D9%82-%D9%88-%D8%B1%D9%81%D8%B9-%D8%AA%D8%B7%D8%A8%D9%8A%D9%82%D9%83-%D8%B9%D9%84%D9%89-ios-apple,0.0,0,لم يحسب,0,0,$10.00,أربعة أيام,0,0,0.0,.Mohammed Salim H,https://khamsat.com/user/hosaria,True,مشتري جديد,0.0,0,لم يحسب بعد,5,0,لم يحسب
برمجة وتطوير,https://khamsat.com/programming,تحويل الموقع إلى تطبيق,https://khamsat.com/programming/convert-site-to-app,تحويل موقعك الى تطبيق جوال,https://khamsat.com/programming/convert-site-to-app/2928855-%D8%AA%D8%AD%D9%88%D9%8A%D9%84-%D9%85%D9%88%D9%82%D8%B9%D9%83-%D8%A7%D9%84%D9%89-%D8%AA%D8%B7%D8%A8%D9%8A%D9%82-%D8%AC%D9%88%D8%A7%D9%84,3.5,1,7 دقائق,1,0,$5.00,يومين,1,2,35.0,أحمد ا.,https://khamsat.com/user/elghetany_28,True,بائع جديد,3.5,7,58.33%,1,6,3 دقائق
برمجة وتطوير,https://khamsat.com/programming,تحويل الموقع إلى تطبيق,https://khamsat.com/programming/convert-site-to-app,تحويل موقعك إلى تطبيق أندرويد Web view,https://khamsat.com/programming/convert-site-to-app/3016222-%D8%AA%D8%AD%D9%88%D9%8A%D9%84-%D9%85%D9%88%D9%82%D8%B9%D9%83-%D8%A5%D9%84%D9%89-%D8%AA%D8%B7%D8%A8%D9%8A%D9%82-%D8%A3%D9%86%D8%AF%D8%B1%D9%88%D9%8A%D8%AF-web-view,0.0,0,لم يحسب,0,0,$10.00,ثلاثة أيام,0,3,40.0,هناء ا.,https://khamsat.com/user/hana_nabahin,True,بائع جديد,0.0,0,لم يحسب بعد,1,0,لم يحسب
برمجة وتطوير,https://khamsat.com/programming,تحويل الموقع إلى تطبيق,https://khamsat.com/programming/convert-site-to-app,تحويل موقعك إلى تطبيق أندرويد باستخدام Webview,https://khamsat.com/programming/convert-site-to-app/2828057-%D8%AA%D8%AD%D9%88%D9%8A%D9%84-%D9%85%D9%88%D9%82%D8%B9%D9%83-%D8%A5%D9%84%D9%89-%D8%AA%D8%B7%D8%A8%D9%8A%D9%82-%D8%A3%D9%86%D8%AF%D8%B1%D9%88%D9%8A%D8%AF-%D8%A8%D8%A7%D8%B3%D8%AA%D8%AE%D8%AF%D8%A7%D9%85-webview,0.0,0,لم يحسب,0,0,$10.00,يوم واحد,0,5,35.0,.Mohamed A,https://khamsat.com/user/medajdig,True,مشتري جاد,0.0,0,لم يحسب بعد,2,0,لم يحسب
برمجة وتطوير,https://khamsat.com/programming,تحويل الموقع إلى تطبيق,https://khamsat.com/programming/convert-site-to-app,تحويل موقعك الألكتوني الى تطبيق Android في نصف ساعة,https://khamsat.com/programming/convert-site-to-app/1451733-%D8%AA%D8%AD%D9%88%D9%8A%D9%84-%D9%85%D9%88%D9%82%D8%B9%D9%83-%D8%A7%D9%84%D8%A3%D9%84%D9%83%D8%AA%D9%88%D9%86%D9%8A-%D8%A7%D9%84%D9%89-%D8%AA%D8%B7%D8%A8%D9%8A%D9%82-android-%D9%81%D9%8A-%D9%86%D8%B5%D9%81-%D8%B3%D8%A7%D8%B9%D8%A9,0.0,0,لم يحسب,0,0,$5.00,يوم واحد,0,1,5.0,فارس ب.,https://khamsat.com/user/faresbk122,True,بائع نشيط,5.0,2,100.0%,3,2,يوم
برمجة وتطوير,https://khamsat.com/programming,تحويل الموقع إلى تطبيق,https://khamsat.com/programming/convert-site-to-app,تحويل موقعك الى تطبيق اندرويد تطبيقات WebView,https://khamsat.com/programming/convert-site-to-app/1791419-%D8%AA%D8%AD%D9%88%D9%8A%D9%84-%D9%85%D9%88%D9%82%D8%B9%D9%83-%D8%A7%D9%84%D9%89-%D8%AA%D8%B7%D8%A8%D9%8A%D9%82-%D8%A7%D9%86%D8%AF%D8%B1%D9%88%D9%8A%D8%AF-%D8%AA%D8%B7%D8%A8%D9%8A%D9%82%D8%A7%D8%AA-webview,0.0,0,لم يحسب,0,0,$10.00,يوم واحد,0,4,85.0,.Mohamed S,https://khamsat.com/user/normimo,True,بائع جديد,0.0,5,66.67%,1,5,49 دقيقة
برمجة وتطوير,https://khamsat.com/programming,تحويل الموقع إلى تطبيق,https://khamsat.com/programming/convert-site-to-app,تحويل موقعك الالكتروني الي تطبيق اندرويد + تسليم السورس كود,https://khamsat.com/programming/convert-site-to-app/1878864-%D8%AA%D8%AD%D9%88%D9%8A%D9%84-%D9%85%D9%88%D9%82%D8%B9%D9%83-%D8%A7%D9%84%D8%A7%D9%84%D9%83%D8%AA%D8%B1%D9%88%D9%86%D9%8A-%D8%A7%D9%84%D9%8A-%D8%AA%D8%B7%D8%A8%D9%8A%D9%82-%D8%A7%D9%86%D8%AF%D8%B1%D9%88%D9%8A%D8%AF-%D8%AA%D8%B3%D9%84%D9%8A%D9%85-%D8%A7%D9%84%D8%B3%D9%88%D8%B1%D8%B3-%D9%83%D9%88%D8%AF,0.0,0,8 أيام,0,0,$5.00,يومين,0,5,95.0,.Oussama D,https://khamsat.com/user/oussamadahbi2021,True,بائع جديد,0.0,0,لم يحسب بعد,5,0,4 أيام
برمجة وتطوير,https://khamsat.com/programming,تحويل الموقع إلى تطبيق,https://khamsat.com/programming/convert-site-to-app,برمجة وتطوير تطبيقات الأندرويد أو تحويل موقعك إلى تطبيق,https://khamsat.com/programming/convert-site-to-app/1189562-%D8%A8%D8%B1%D9%85%D8%AC%D8%A9-%D9%88%D8%AA%D8%B7%D9%88%D9%8A%D8%B1-%D8%AA%D8%B7%D8%A8%D9%8A%D9%82%D8%A7%D8%AA-%D8%A7%D9%84%D8%A3%D9%86%D8%AF%D8%B1%D9%88%D9%8A%D8%AF-%D8%A3%D9%88-%D8%AA%D8%AD%D9%88%D9%8A%D9%84-%D9%85%D9%88%D9%82%D8%B9%D9%83-%D8%A5%D9%84%D9%89-%D8%AA%D8%B7%D8%A8%D9%8A%D9%82,5.0,3,4 أيام,3,0,$5.00,يوم واحد,3,1,10.0,محمد ع.,https://khamsat.com/user/mohammadka98,True,بائع نشيط,5.0,7,73.68%,3,5,يومين
برمجة وتطوير,https://khamsat.com/programming,تحويل الموقع إلى تطبيق,https://khamsat.com/programming/convert-site-to-app,ساقوم بعمل لك تطبيق لمدونتك او موقعك احترافي في فتره بسيطه,https://khamsat.com/programming/convert-site-to-app/1528141-%D8%B3%D8%A7%D9%82%D9%88%D9%85-%D8%A8%D8%B9%D9%85%D9%84-%D9%84%D9%83-%D8%AA%D8%B7%D8%A8%D9%8A%D9%82-%D9%84%D9%85%D8%AF%D9%88%D9%86%D8%AA%D9%83-%D8%A7%D9%88-%D9%85%D9%88%D9%82%D8%B9%D9%83-%D8%A7%D8%AD%D8%AA%D8%B1%D8%A7%D9%81%D9%8A-%D9%81%D9%8A-%D9%81%D8%AA%D8%B1%D9%87-%D8%A8%D8%B3%D9%8A%D8%B7%D9%87,3.0,2,51 دقيقة,1,0,$5.00,يومين,2,4,20.0,.Mohamed A,https://khamsat.com/user/alkingzohary,True,بائع نشيط,5.0,14,70.0%,4,10,12 ساعة
برمجة وتطوير,https://khamsat.com/programming,رفع التطبيقات على المتاجر,https://khamsat.com/programming/upload-app-to-store,تطوير تطبيقك وعرضه على متجر أبل بأعلى معايير الجودة,https://khamsat.com/programming/upload-app-to-store/3001480-%D8%AA%D8%B7%D9%88%D9%8A%D8%B1-%D8%AA%D8%B7%D8%A8%D9%8A%D9%82%D9%83-%D9%88%D8%B9%D8%B1%D8%B6%D9%87-%D8%B9%D9%84%D9%89-%D9%85%D8%AA%D8%AC%D8%B1-%D8%A3%D8%A8%D9%84-%D8%A8%D8%A3%D8%B9%D9%84%D9%89-%D9%85%D8%B9%D8%A7%D9%8A%D9%8A%D8%B1-%D8%A7%D9%84%D8%AC%D9%88%D8%AF%D8%A9,0.0,0,4 أيام,1,0,$10.00,خمسة أيام,0,4,35.0,.Wael M,https://khamsat.com/user/wael_mohamed_ios,True,بائع نشيط,5.0,2,100.0%,2,4,يومين
برمجة وتطوير,https://khamsat.com/programming,رفع التطبيقات على المتاجر,https://khamsat.com/programming/upload-app-to-store,رفع تطبيقات Flutter على Apple App Store,https://khamsat.com/programming/upload-app-to-store/2890015-%D8%B1%D9%81%D8%B9-%D8%AA%D8%B7%D8%A8%D9%8A%D9%82%D8%A7%D8%AA-flutter-%D8%B9%D9%84%D9%89-apple-app-store,4.5,11,7 ساعات,10,0,$20.00,أسبوعين,11,5,55.0,بيتر م.,https://khamsat.com/user/peter.mouner,True,بائع نشيط,4.5,15,36.96%,2,13,8 ساعات
برمجة وتطوير,https://khamsat.com/programming,رفع التطبيقات على المتاجر,https://khamsat.com/programming/upload-app-to-store,نشر التطبيق علي جوجل بلاي,https://khamsat.com/programming/upload-app-to-store/2881925-%D9%86%D8%B4%D8%B1-%D8%A7%D9%84%D8%AA%D8%B7%D8%A8%D9%8A%D9%82-%D8%B9%D9%84%D9%8A-%D8%AC%D9%88%D8%AC%D9%84-%D8%A8%D9%84%D8%A7%D9%8A,5.0,4,16 دقيقة,4,0,$10.00,شهر,4,3,125.0,.Mohamed E,https://khamsat.com/user/elsherif_mohamed_412,True,بائع جديد,5.0,4,57.14%,3,4,16 دقيقة
برمجة وتطوير,https://khamsat.com/programming,رفع التطبيقات على المتاجر,https://khamsat.com/programming/upload-app-to-store,رفع ابلكيشن علي جوجل بلاي,https://khamsat.com/programming/upload-app-to-store/3038737-%D8%B1%D9%81%D8%B9-%D8%A7%D8%A8%D9%84%D9%83%D9%8A%D8%B4%D9%86-%D8%B9%D9%84%D9%8A-%D8%AC%D9%88%D8%AC%D9%84-%D8%A8%D9%84%D8%A7%D9%8A,5.0,1,ساعتين,1,0,$10.00,شهر,1,5,50.0,اسامه م.,https://khamsat.com/user/karim_mostafa618,True,مشتري جديد,5.0,1,100.0%,1,1,ساعتين
برمجة وتطوير,https://khamsat.com/programming,رفع التطبيقات على المتاجر,https://khamsat.com/programming/upload-app-to-store,نشر تطبيقك على متاجر التطبيقات بكل سهولة وسرعة,https://khamsat.com/programming/upload-app-to-store/3029086-%D9%86%D8%B4%D8%B1-%D8%AA%D8%B7%D8%A8%D9%8A%D9%82%D9%83-%D8%B9%D9%84%D9%89-%D9%85%D8%AA%D8%A7%D8%AC%D8%B1-%D8%A7%D9%84%D8%AA%D8%B7%D8%A8%D9%8A%D9%82%D8%A7%D8%AA-%D8%A8%D9%83%D9%84-%D8%B3%D9%87%D9%88%D9%84%D8%A9-%D9%88%D8%B3%D8%B1%D8%B9%D8%A9,5.0,3,ساعة,3,0,$5.00,شهر,3,1,5.0,.Hasan E,https://khamsat.com/user/hasan_elmustafa,True,بائع جديد,5.0,3,100.0%,2,3,ساعة
برمجة وتطوير,https://khamsat.com/programming,رفع التطبيقات على المتاجر,https://khamsat.com/programming/upload-app-to-store,نشر تطبيقات على متجر جوجل,https://khamsat.com/programming/upload-app-to-store/2963850-%D9%86%D8%B4%D8%B1-%D8%AA%D8%B7%D8%A8%D9%8A%D9%82%D8%A7%D8%AA-%D8%B9%D9%84%D9%89-%D9%85%D8%AA%D8%AC%D8%B1-%D8%AC%D9%88%D8%AC%D9%84,5.0,1,39 دقيقة,1,0,$10.00,شهر,1,1,100.0,زياد ب.,https://khamsat.com/user/ziyadbra2,True,بائع جديد,5.0,1,66.67%,3,1,39 دقيقة
برمجة وتطوير,https://khamsat.com/programming,رفع التطبيقات على المتاجر,https://khamsat.com/programming/upload-app-to-store,استطيع نشر تطبيقك الاندورويد على متجرجوجل ستور واى ستور اخر,https://khamsat.com/programming/upload-app-to-store/1633497-%D8%A7%D8%B3%D8%AA%D8%B7%D9%8A%D8%B9-%D9%86%D8%B4%D8%B1-%D8%AA%D8%B7%D8%A8%D9%8A%D9%82%D9%83-%D8%A7%D9%84%D8%A7%D9%86%D8%AF%D9%88%D8%B1%D9%88%D9%8A%D8%AF-%D8%B9%D9%84%D9%89-%D9%85%D8%AA%D8%AC%D8%B1%D8%AC%D9%88%D8%AC%D9%84-%D8%B3%D8%AA%D9%88%D8%B1-%D9%88%D8%A7%D9%89-%D8%B3%D8%AA%D9%88%D8%B1-%D8%A7%D8%AE%D8%B1,5.0,3,4 ساعات,3,1,$10.00,شهر,3,4,70.0,.Ashour G,https://khamsat.com/user/ashour_gomaa,True,بائع جديد,5.0,4,100.0%,4,3,4 ساعات
برمجة وتطوير,https://khamsat.com/programming,رفع التطبيقات على المتاجر,https://khamsat.com/programming/upload-app-to-store,رفع تطبيق Flutter على Google Play بسرعة واحترافية,https://khamsat.com/programming/upload-app-to-store/3022924-%D8%B1%D9%81%D8%B9-%D8%AA%D8%B7%D8%A8%D9%8A%D9%82-flutter-%D8%B9%D9%84%D9%89-google-play-%D8%A8%D8%B3%D8%B1%D8%B9%D8%A9-%D9%88%D8%A7%D8%AD%D8%AA%D8%B1%D8%A7%D9%81%D9%8A%D8%A9,5.0,1,ساعة,1,0,$10.00,يوم واحد,1,1,10.0,.Nehal A,https://khamsat.com/user/nehal_ashraf,True,بائع جديد,5.0,1,50.0%,1,1,ساعة
برمجة وتطوير,https://khamsat.com/programming,رفع التطبيقات على المتاجر,https://khamsat.com/programming/upload-app-to-store,رفع تطبيقك على حساب اب ستور,https://khamsat.com/programming/upload-app-to-store/2882440-%D8%B1%D9%81%D8%B9-%D8%AA%D8%B7%D8%A8%D9%8A%D9%82%D9%83-%D8%B9%D9%84%D9%89-%D8%AD%D8%B3%D8%A7%D8%A8-%D8%A7%D8%A8-%D8%B3%D8%AA%D9%88%D8%B1,5.0,5,7 ساعات,5,0,$10.00,ثلاثة أيام,5,4,70.0,.Mahmoud A,https://khamsat.com/user/mahmoud-hodhod,True,مشتري مميز,5.0,7,81.82%,5,5,ساعتين
برمجة وتطوير,https://khamsat.com/programming,رفع التطبيقات على المتاجر,https://khamsat.com/programming/upload-app-to-store,رفع تطبيقك الخاص على متجر جوجل بلاي,https://khamsat.com/programming/upload-app-to-store/1772325-%D8%B1%D9%81%D8%B9-%D8%AA%D8%B7%D8%A8%D9%8A%D9%82%D9%83-%D8%A7%D9%84%D8%AE%D8%A7%D8%B5-%D8%B9%D9%84%D9%89-%D9%85%D8%AA%D8%AC%D8%B1-%D8%AC%D9%88%D8%AC%D9%84-%D8%A8%D9%84%D8%A7%D9%8A,5.0,9,51 دقيقة,12,0,$5.00,شهر,9,1,10.0,محمد ع.,https://khamsat.com/user/mohammedalian3,True,بائع مميز,5.0,59,96.13%,4,53,ساعتين
برمجة وتطوير,https://khamsat.com/programming,رفع التطبيقات على المتاجر,https://khamsat.com/programming/upload-app-to-store,رفع تطبيقك على متجر أبل ستور في أسرع وقت ممكن,https://khamsat.com/programming/upload-app-to-store/1249766-%D8%B1%D9%81%D8%B9-%D8%AA%D8%B7%D8%A8%D9%8A%D9%82%D9%83-%D8%B9%D9%84%D9%89-%D9%85%D8%AA%D8%AC%D8%B1-%D8%A3%D8%A8%D9%84-%D8%B3%D8%AA%D9%88%D8%B1-%D9%81%D9%8A-%D8%A3%D8%B3%D8%B1%D8%B9-%D9%88%D9%82%D8%AA-%D9%85%D9%85%D9%83%D9%86,5.0,7,ساعة,7,0,$25.00,خمسة أيام,7,5,65.0,ياسر ع.,https://khamsat.com/user/yaserco,True,بائع نشيط,5.0,11,80.0%,2,7,6 ساعات
برمجة وتطوير,https://khamsat.com/programming,رفع التطبيقات على المتاجر,https://khamsat.com/programming/upload-app-to-store,رفع تطبيقك على Google Play,https://khamsat.com/programming/upload-app-to-store/2861959-%D8%B1%D9%81%D8%B9-%D8%AA%D8%B7%D8%A8%D9%8A%D9%82%D9%83-%D8%B9%D9%84%D9%89-google-play,5.0,1,7 دقائق,1,0,$5.00,شهر,1,2,15.0,احمد ح.,https://khamsat.com/user/ahmed_7ussein,False,بائع جديد,5.0,1,100.0%,2,1,ساعة
برمجة وتطوير,https://khamsat.com/programming,رفع التطبيقات على المتاجر,https://khamsat.com/programming/upload-app-to-store,رفع تطبيقك على google play store,https://khamsat.com/programming/upload-app-to-store/1274051-%D8%B1%D9%81%D8%B9-%D8%AA%D8%B7%D8%A8%D9%8A%D9%82%D9%83-%D8%B9%D9%84%D9%89-google-play-store,5.0,2,ساعة,3,0,$5.00,ثلاثة أيام,2,2,10.0,.Hocine D,https://khamsat.com/user/djouamaah,True,بائع جديد,5.0,3,75.0%,4,3,28 دقيقة
برمجة وتطوير,https://khamsat.com/programming,رفع التطبيقات على المتاجر,https://khamsat.com/programming/upload-app-to-store,رفع تطبيقك الاندرويد علي جوجل بلاي,https://khamsat.com/programming/upload-app-to-store/2914306-%D8%B1%D9%81%D8%B9-%D8%AA%D8%B7%D8%A8%D9%8A%D9%82%D9%83-%D8%A7%D9%84%D8%A7%D9%86%D8%AF%D8%B1%D9%88%D9%8A%D8%AF-%D8%B9%D9%84%D9%8A-%D8%AC%D9%88%D8%AC%D9%84-%D8%A8%D9%84%D8%A7%D9%8A,5.0,2,37 دقيقة,2,0,$10.00,شهر,2,2,10.0,.Mohamed A,https://khamsat.com/user/abodiab1,True,بائع جديد,5.0,3,44.44%,4,4,ساعة
برمجة وتطوير,https://khamsat.com/programming,رفع التطبيقات على المتاجر,https://khamsat.com/programming/upload-app-to-store,نشر تطبيقك الخاص على متجر جوجل بلاي Google Play Store,https://khamsat.com/programming/upload-app-to-store/2851434-%D9%86%D8%B4%D8%B1-%D8%AA%D8%B7%D8%A8%D9%8A%D9%82%D9%83-%D8%A7%D9%84%D8%AE%D8%A7%D8%B5-%D8%B9%D9%84%D9%89-%D9%85%D8%AA%D8%AC%D8%B1-%D8%AC%D9%88%D8%AC%D9%84-%D8%A8%D9%84%D8%A7%D9%8A-google-play-store,4.5,3,14 دقيقة,3,0,$10.00,شهر,3,2,20.0,.Mustafa A,https://khamsat.com/user/mustafa-a-abdallah,True,بائع جديد,4.5,3,66.67%,2,3,14 دقيقة
برمجة وتطوير,https://khamsat.com/programming,رفع التطبيقات على المتاجر,https://khamsat.com/programming/upload-app-to-store,رفع تطبيقات على IOS Apple Ap تحضير الإعدادات التي تسبق الرفع,https://khamsat.com/programming/upload-app-to-store/3049396-%D8%B1%D9%81%D8%B9-%D8%AA%D8%B7%D8%A8%D9%8A%D9%82%D8%A7%D8%AA-%D8%B9%D9%84%D9%89-ios-apple-ap-%D8%AA%D8%AD%D8%B6%D9%8A%D8%B1-%D8%A7%D9%84%D8%A5%D8%B9%D8%AF%D8%A7%D8%AF%D8%A7%D8%AA-%D8%A7%D9%84%D8%AA%D9%8A-%D8%AA%D8%B3%D8%A8%D9%82-%D8%A7%D9%84%D8%B1%D9%81%D8%B9,0.0,0,لم يحسب,0,0,$10.00,يومين,0,0,0.0,.Mohammed Salim H,https://khamsat.com/user/hosaria,True,مشتري جديد,0.0,0,لم يحسب بعد,5,0,لم يحسب
برمجة وتطوير,https://khamsat.com/programming,رفع التطبيقات على المتاجر,https://khamsat.com/programming/upload-app-to-store,رفع تطبيقك الخاص - جوجل بلاي - اب ستور,https://khamsat.com/programming/upload-app-to-store/1573829-%D8%B1%D9%81%D8%B9-%D8%AA%D8%B7%D8%A8%D9%8A%D9%82%D9%83-%D8%A7%D9%84%D8%AE%D8%A7%D8%B5-%D8%AC%D9%88%D8%AC%D9%84-%D8%A8%D9%84%D8%A7%D9%8A-%D8%A7%D8%A8-%D8%B3%D8%AA%D9%88%D8%B1,5.0,1,9 ساعات,1,0,$5.00,شهر,1,3,125.0,.Mohamed F,https://khamsat.com/user/abdo71236g,True,مشتري مميز,5.0,1,50.0%,3,1,3 ساعات
برمجة وتطوير,https://khamsat.com/programming,رفع التطبيقات على المتاجر,https://khamsat.com/programming/upload-app-to-store,نشر تطبيقات flutter او android او ios للمتجر,https://khamsat.com/programming/upload-app-to-store/2379917-%D9%86%D8%B4%D8%B1-%D8%AA%D8%B7%D8%A8%D9%8A%D9%82%D8%A7%D8%AA-flutter-%D8%A7%D9%88-android-%D8%A7%D9%88-ios-%D9%84%D9%84%D9%85%D8%AA%D8%AC%D8%B1,5.0,1,16 ساعة,1,0,$10.00,أسبوعين,1,2,25.0,علي ا.,https://khamsat.com/user/ao307,True,بائع جديد,5.0,1,100.0%,3,1,9 ساعات
برمجة وتطوير,https://khamsat.com/programming,رفع التطبيقات على المتاجر,https://khamsat.com/programming/upload-app-to-store,يمكنك رفع تطبيقك علي متجر جوجل بلاي,https://khamsat.com/programming/upload-app-to-store/3040307-%D9%8A%D9%85%D9%83%D9%86%D9%83-%D8%B1%D9%81%D8%B9-%D8%AA%D8%B7%D8%A8%D9%8A%D9%82%D9%83-%D8%B9%D9%84%D9%8A-%D9%85%D8%AA%D8%AC%D8%B1-%D8%AC%D9%88%D8%AC%D9%84-%D8%A8%D9%84%D8%A7%D9%8A,0.0,0,لم يحسب,0,0,$10.00,ثلاثة أيام,0,2,55.0,.Momen M,https://khamsat.com/user/momen_mahmoud,False,بائع جديد,0.0,0,لم يحسب بعد,1,0,لم يحسب
برمجة وتطوير,https://khamsat.com/programming,رفع التطبيقات على المتاجر,https://khamsat.com/programming/upload-app-to-store,رفع تطبيقات على Google App تحضير الإعدادات التي تسبق الرفع,https://khamsat.com/programming/upload-app-to-store/3049397-%D8%B1%D9%81%D8%B9-%D8%AA%D8%B7%D8%A8%D9%8A%D9%82%D8%A7%D8%AA-%D8%B9%D9%84%D9%89-google-app-%D8%AA%D8%AD%D8%B6%D9%8A%D8%B1-%D8%A7%D9%84%D8%A5%D8%B9%D8%AF%D8%A7%D8%AF%D8%A7%D8%AA-%D8%A7%D9%84%D8%AA%D9%8A-%D8%AA%D8%B3%D8%A8%D9%82-%D8%A7%D9%84%D8%B1%D9%81%D8%B9,0.0,0,لم يحسب,0,0,$10.00,خمسة أيام,0,1,100.0,.Mohammed Salim H,https://khamsat.com/user/hosaria,True,مشتري جديد,0.0,0,لم يحسب بعد,5,0,لم يحسب
برمجة وتطوير,https://khamsat.com/programming,رفع التطبيقات على المتاجر,https://khamsat.com/programming/upload-app-to-store,أختبار تطبيقات الموبايل والحصول علي اكثر من 10 مختبرين,https://khamsat.com/programming/upload-app-to-store/3052821-%D8%A3%D8%AE%D8%AA%D8%A8%D8%A7%D8%B1-%D8%AA%D8%B7%D8%A8%D9%8A%D9%82%D8%A7%D8%AA-%D8%A7%D9%84%D9%85%D9%88%D8%A8%D8%A7%D9%8A%D9%84-%D9%88%D8%A7%D9%84%D8%AD%D8%B5%D9%88%D9%84-%D8%B9%D9%84%D9%8A-%D8%A7%D9%83%D8%AB%D8%B1-%D9%85%D9%86-10-%D9%85%D8%AE%D8%AA%D8%A8%D8%B1%D9%8A%D9%86,0.0,0,لم يحسب,0,0,$5.00,أسبوعين,0,2,10.0,.Sarah A,https://khamsat.com/user/sarah_110,False,بائع جديد,0.0,0,لم يحسب بعد,3,0,لم يحسب
برمجة وتطوير,https://khamsat.com/programming,رفع التطبيقات على المتاجر,https://khamsat.com/programming/upload-app-to-store,صياغة سياسة الخصوصية للتطبيقات برابط مباشر,https://khamsat.com/programming/upload-app-to-store/2764803-%D8%B5%D9%8A%D8%A7%D8%BA%D8%A9-%D8%B3%D9%8A%D8%A7%D8%B3%D8%A9-%D8%A7%D9%84%D8%AE%D8%B5%D9%88%D8%B5%D9%8A%D8%A9-%D9%84%D9%84%D8%AA%D8%B7%D8%A8%D9%8A%D9%82%D8%A7%D8%AA-%D8%A8%D8%B1%D8%A7%D8%A8%D8%B7-%D9%85%D8%A8%D8%A7%D8%B4%D8%B1,0.0,0,لم يحسب,0,0,$5.00,يومين,0,4,50.0,.Sj P,https://khamsat.com/user/jarady,False,مشتري مميز,0.0,0,لم يحسب بعد,2,0,21 دقيقة
برمجة وتطوير,https://khamsat.com/programming,رفع التطبيقات على المتاجر,https://khamsat.com/programming/upload-app-to-store,تصميم صور عرض screenshots للتطبيق متجر ابل ستور + قوقل بلاي,https://khamsat.com/programming/upload-app-to-store/3042374-%D8%AA%D8%B5%D9%85%D9%8A%D9%85-%D8%B5%D9%88%D8%B1-%D8%B9%D8%B1%D8%B6-screenshots-%D9%84%D9%84%D8%AA%D8%B7%D8%A8%D9%8A%D9%82-%D9%85%D8%AA%D8%AC%D8%B1-%D8%A7%D8%A8%D9%84-%D8%B3%D8%AA%D9%88%D8%B1-%D9%82%D9%88%D9%82%D9%84-%D8%A8%D9%84%D8%A7%D9%8A,0.0,0,لم يحسب,0,0,$10.00,يوم واحد,0,2,10.0,عبدالله ا.,https://khamsat.com/user/abdullah811,False,مشتري جاد,0.0,0,لم يحسب بعد,2,0,لم يحسب
برمجة وتطوير,https://khamsat.com/programming,رفع التطبيقات على المتاجر,https://khamsat.com/programming/upload-app-to-store,رفع تطبيق فلاتر على ابل ستور,https://khamsat.com/programming/upload-app-to-store/2831463-%D8%B1%D9%81%D8%B9-%D8%AA%D8%B7%D8%A8%D9%8A%D9%82-%D9%81%D9%84%D8%A7%D8%AA%D8%B1-%D8%B9%D9%84%D9%89-%D8%A7%D8%A8%D9%84-%D8%B3%D8%AA%D9%88%D8%B1,0.0,0,لم يحسب,0,0,$10.00,ثلاثة أيام,0,2,25.0,.Ahmed M,https://khamsat.com/user/ahmed_motawe,True,بائع جديد,0.0,0,لم يحسب بعد,2,0,لم يحسب
برمجة وتطوير,https://khamsat.com/programming,رفع التطبيقات على المتاجر,https://khamsat.com/programming/upload-app-to-store,رفع التطبيق علي متجر التطبيقات جوجل بلاي Google Play,https://khamsat.com/programming/upload-app-to-store/2617023-%D8%B1%D9%81%D8%B9-%D8%A7%D9%84%D8%AA%D8%B7%D8%A8%D9%8A%D9%82-%D8%B9%D9%84%D9%8A-%D9%85%D8%AA%D8%AC%D8%B1-%D8%A7%D9%84%D8%AA%D8%B7%D8%A8%D9%8A%D9%82%D8%A7%D8%AA-%D8%AC%D9%88%D8%AC%D9%84-%D8%A8%D9%84%D8%A7%D9%8A-google-play,0.0,0,لم يحسب,0,0,$10.00,يوم واحد,0,3,25.0,محمد ب.,https://khamsat.com/user/mohamed_bahy0,True,بائع جديد,5.0,2,100.0%,4,1,لم يحسب
برمجة وتطوير,https://khamsat.com/programming,رفع التطبيقات على المتاجر,https://khamsat.com/programming/upload-app-to-store,رفع تطبيقات والالعاب لمتجر امزون,https://khamsat.com/programming/upload-app-to-store/3013947-%D8%B1%D9%81%D8%B9-%D8%AA%D8%B7%D8%A8%D9%8A%D9%82%D8%A7%D8%AA-%D9%88%D8%A7%D9%84%D8%A7%D9%84%D8%B9%D8%A7%D8%A8-%D9%84%D9%85%D8%AA%D8%AC%D8%B1-%D8%A7%D9%85%D8%B2%D9%88%D9%86,0.0,0,لم يحسب,0,0,$10.00,شهر,0,3,25.0,زياد ب.,https://khamsat.com/user/ziyadbra2,True,بائع جديد,5.0,1,66.67%,3,1,39 دقيقة
برمجة وتطوير,https://khamsat.com/programming,رفع التطبيقات على المتاجر,https://khamsat.com/programming/upload-app-to-store,رفع تطبيقات على متجر فيفو,https://khamsat.com/programming/upload-app-to-store/2905033-%D8%B1%D9%81%D8%B9-%D8%AA%D8%B7%D8%A8%D9%8A%D9%82%D8%A7%D8%AA-%D8%B9%D9%84%D9%89-%D9%85%D8%AA%D8%AC%D8%B1-%D9%81%D9%8A%D9%81%D9%88,0.0,0,لم يحسب,0,0,$5.00,أسبوعين,0,0,0.0,.Hamzeh A,https://khamsat.com/user/hamzehqatawneh,True,بائع جديد,1.0,1,0.0%,4,0,لم يحسب
برمجة وتطوير,https://khamsat.com/programming,رفع التطبيقات على المتاجر,https://khamsat.com/programming/upload-app-to-store,رفع مشاريع Node.js على استضافات سحابية مثل DigitalOcean وAWS,https://khamsat.com/programming/upload-app-to-store/2990931-%D8%B1%D9%81%D8%B9-%D9%85%D8%B4%D8%A7%D8%B1%D9%8A%D8%B9-node.js-%D8%B9%D9%84%D9%89-%D8%A7%D8%B3%D8%AA%D8%B6%D8%A7%D9%81%D8%A7%D8%AA-%D8%B3%D8%AD%D8%A7%D8%A8%D9%8A%D8%A9-%D9%85%D8%AB%D9%84-digitalocean-%D9%88aws,0.0,0,لم يحسب,0,0,$5.00,يومين,0,3,20.0,.Mohamed R,https://khamsat.com/user/moharef,True,بائع جديد,0.0,0,لم يحسب بعد,4,0,لم يحسب
برمجة وتطوير,https://khamsat.com/programming,رفع التطبيقات على المتاجر,https://khamsat.com/programming/upload-app-to-store,نشر تطبيقك علي متجر جوجل بلاي Google Play,https://khamsat.com/programming/upload-app-to-store/1787327-%D9%86%D8%B4%D8%B1-%D8%AA%D8%B7%D8%A8%D9%8A%D9%82%D9%83-%D8%B9%D9%84%D9%8A-%D9%85%D8%AA%D8%AC%D8%B1-%D8%AC%D9%88%D8%AC%D9%84-%D8%A8%D9%84%D8%A7%D9%8A-google-play,5.0,4,30 دقيقة,6,0,$15.00,شهر,4,2,15.0,.Ahmed M,https://khamsat.com/user/fouda1,True,بائع مميز,4.5,36,81.11%,6,38,ساعة
برمجة وتطوير,https://khamsat.com/programming,رفع التطبيقات على المتاجر,https://khamsat.com/programming/upload-app-to-store,نشر تطبيقك علي متجر جوجل بلاي Google Play,https://khamsat.com/programming/upload-app-to-store/2713090-%D9%86%D8%B4%D8%B1-%D8%AA%D8%B7%D8%A8%D9%8A%D9%82%D9%83-%D8%B9%D9%84%D9%8A-%D9%85%D8%AA%D8%AC%D8%B1-%D8%AC%D9%88%D8%AC%D9%84-%D8%A8%D9%84%D8%A7%D9%8A-google-play,5.0,4,14 دقيقة,4,0,$20.00,شهر,4,1,5.0,.Mahmoud S,https://khamsat.com/user/sheko201566,True,بائع نشيط,5.0,26,93.33%,5,21,ساعتين
برمجة وتطوير,https://khamsat.com/programming,إعلانات تطبيقات الجوال,https://khamsat.com/programming/app-monitization,إضافة إعلانات ads إلى تطبيقك,https://khamsat.com/programming/app-monitization/2695178-%D8%A5%D8%B6%D8%A7%D9%81%D8%A9-%D8%A5%D8%B9%D9%84%D8%A7%D9%86%D8%A7%D8%AA-ads-%D8%A5%D9%84%D9%89-%D8%AA%D8%B7%D8%A8%D9%8A%D9%82%D9%83,5.0,7,ساعة,7,0,$10.00,يوم واحد,7,3,35.0,أميرة ا.,https://khamsat.com/user/sandra_ibrahim,True,بائع مميز,5.0,252,98.06%,14,241,4 ساعات
برمجة وتطوير,https://khamsat.com/programming,إعلانات تطبيقات الجوال,https://khamsat.com/programming/app-monitization,إضافة اعلان admob الي تطبيقك الاندرويد,https://khamsat.com/programming/app-monitization/1836268-%D8%A5%D8%B6%D8%A7%D9%81%D8%A9-%D8%A7%D8%B9%D9%84%D8%A7%D9%86-admob-%D8%A7%D9%84%D9%8A-%D8%AA%D8%B7%D8%A8%D9%8A%D9%82%D9%83-%D8%A7%D9%84%D8%A7%D9%86%D8%AF%D8%B1%D9%88%D9%8A%D8%AF,5.0,1,9 ساعات,1,0,$5.00,يوم واحد,1,0,0.0,مها ن.,https://khamsat.com/user/maha_nasrallah,True,بائع جديد,5.0,3,100.0%,5,2,4 ساعات
برمجة وتطوير,https://khamsat.com/programming,إعلانات تطبيقات الجوال,https://khamsat.com/programming/app-monitization,اضافة اعلان فتح التطبيق من Admob الى تطبيق Flutter,https://khamsat.com/programming/app-monitization/2980277-%D8%A7%D8%B6%D8%A7%D9%81%D8%A9-%D8%A7%D8%B9%D9%84%D8%A7%D9%86-%D9%81%D8%AA%D8%AD-%D8%A7%D9%84%D8%AA%D8%B7%D8%A8%D9%8A%D9%82-%D9%85%D9%86-admob-%D8%A7%D9%84%D9%89-%D8%AA%D8%B7%D8%A8%D9%8A%D9%82-flutter,5.0,1,دقيقتين,1,0,$5.00,يوم واحد,1,1,10.0,عبدالله ي.,https://khamsat.com/user/abdallahywsf,True,مشتري جديد,5.0,1,100.0%,2,1,14 دقيقة
برمجة وتطوير,https://khamsat.com/programming,إعلانات تطبيقات الجوال,https://khamsat.com/programming/app-monitization,إضافة إعلانات Admob إلي تطبيق الأندرويد الخاص بك,https://khamsat.com/programming/app-monitization/2333226-%D8%A5%D8%B6%D8%A7%D9%81%D8%A9-%D8%A5%D8%B9%D9%84%D8%A7%D9%86%D8%A7%D8%AA-admob-%D8%A5%D9%84%D9%8A-%D8%AA%D8%B7%D8%A8%D9%8A%D9%82-%D8%A7%D9%84%D8%A3%D9%86%D8%AF%D8%B1%D9%88%D9%8A%D8%AF-%D8%A7%D9%84%D8%AE%D8%A7%D8%B5-%D8%A8%D9%83,5.0,8,ساعة,9,0,$5.00,يوم واحد,8,4,35.0,محمود م.,https://khamsat.com/user/engmahmoud95,True,بائع نشيط,4.5,18,83.67%,4,19,9 ساعات
برمجة وتطوير,https://khamsat.com/programming,إعلانات تطبيقات الجوال,https://khamsat.com/programming/app-monitization,اضافة اعلانات admob الى لعبتك,https://khamsat.com/programming/app-monitization/1946344-%D8%A7%D8%B6%D8%A7%D9%81%D8%A9-%D8%A7%D8%B9%D9%84%D8%A7%D9%86%D8%A7%D8%AA-admob-%D8%A7%D9%84%D9%89-%D9%84%D8%B9%D8%A8%D8%AA%D9%83,5.0,4,3 ساعات,5,0,$5.00,يوم واحد,4,2,10.0,.Saleh A,https://khamsat.com/user/salehmk139,True,بائع مميز,5.0,17,98.41%,6,20,5 أيام
برمجة وتطوير,https://khamsat.com/programming,إعلانات تطبيقات الجوال,https://khamsat.com/programming/app-monitization,ساقوم باضافة اعلانات Admob ا لعبتك,https://khamsat.com/programming/app-monitization/1007116-%D8%B3%D8%A7%D9%82%D9%88%D9%85-%D8%A8%D8%A7%D8%B6%D8%A7%D9%81%D8%A9-%D8%A7%D8%B9%D9%84%D8%A7%D9%86%D8%A7%D8%AA-admob-%D8%A7-%D9%84%D8%B9%D8%A8%D8%AA%D9%83,5.0,3,ساعة,6,0,$5.00,يوم واحد,3,1,45.0,.Saad T,https://khamsat.com/user/unitydev,True,بائع نشيط,5.0,7,56.0%,3,11,12 ساعة
برمجة وتطوير,https://khamsat.com/programming,إعلانات تطبيقات الجوال,https://khamsat.com/programming/app-monitization,اضافة اعلان المكافأه Rewarded جوجل ادموب Goole Admob,https://khamsat.com/programming/app-monitization/2874356-%D8%A7%D8%B6%D8%A7%D9%81%D8%A9-%D8%A7%D8%B9%D9%84%D8%A7%D9%86-%D8%A7%D9%84%D9%85%D9%83%D8%A7%D9%81%D8%A3%D9%87-rewarded-%D8%AC%D9%88%D8%AC%D9%84-%D8%A7%D8%AF%D9%85%D9%88%D8%A8-goole-admob,0.0,0,لم يحسب,0,0,$10.00,يوم واحد,0,4,140.0,.Hisham Z,https://khamsat.com/user/hisham_zakaria,True,بائع جديد,0.0,0,0.0%,5,0,27 دقيقة
برمجة وتطوير,https://khamsat.com/programming,إعلانات تطبيقات الجوال,https://khamsat.com/programming/app-monitization,إضافة اعلانات أدموب إلى تطبيقك بالطريقة الصحيحة,https://khamsat.com/programming/app-monitization/1454505-%D8%A5%D8%B6%D8%A7%D9%81%D8%A9-%D8%A7%D8%B9%D9%84%D8%A7%D9%86%D8%A7%D8%AA-%D8%A3%D8%AF%D9%85%D9%88%D8%A8-%D8%A5%D9%84%D9%89-%D8%AA%D8%B7%D8%A8%D9%8A%D9%82%D9%83-%D8%A8%D8%A7%D9%84%D8%B7%D8%B1%D9%8A%D9%82%D8%A9-%D8%A7%D9%84%D8%B5%D8%AD%D9%8A%D8%AD%D8%A9,5.0,9,10 ساعات,10,0,$5.00,يوم واحد,9,2,10.0,.Seven D,https://khamsat.com/user/sevendev,False,بائع نشيط,5.0,18,88.89%,3,16,3 ساعات
برمجة وتطوير,https://khamsat.com/programming,إعلانات تطبيقات الجوال,https://khamsat.com/programming/app-monitization,اضافة اعلان بيني Interstitial Ad جوجل ادموب Goole Admob,https://khamsat.com/programming/app-monitization/2874353-%D8%A7%D8%B6%D8%A7%D9%81%D8%A9-%D8%A7%D8%B9%D9%84%D8%A7%D9%86-%D8%A8%D9%8A%D9%86%D9%8A-interstitial-ad-%D8%AC%D9%88%D8%AC%D9%84-%D8%A7%D8%AF%D9%85%D9%88%D8%A8-goole-admob,0.0,0,لم يحسب,0,0,$10.00,يوم واحد,0,4,140.0,.Hisham Z,https://khamsat.com/user/hisham_zakaria,True,بائع جديد,0.0,0,0.0%,5,0,27 دقيقة
برمجة وتطوير,https://khamsat.com/programming,إعلانات تطبيقات الجوال,https://khamsat.com/programming/app-monitization,إضافة إعلانات الى تطبيق الموبايل الخاص بك ( Flutter ),https://khamsat.com/programming/app-monitization/2894745-%D8%A5%D8%B6%D8%A7%D9%81%D8%A9-%D8%A5%D8%B9%D9%84%D8%A7%D9%86%D8%A7%D8%AA-%D8%A7%D9%84%D9%89-%D8%AA%D8%B7%D8%A8%D9%8A%D9%82-%D8%A7%D9%84%D9%85%D9%88%D8%A8%D8%A7%D9%8A%D9%84-%D8%A7%D9%84%D8%AE%D8%A7%D8%B5-%D8%A8%D9%83-flutter,0.0,0,لم يحسب,0,0,$10.00,يوم واحد,0,2,15.0,.Mhamad I,https://khamsat.com/user/mhamad_ibrahem,False,بائع جديد,0.0,0,لم يحسب بعد,2,0,يوم
برمجة وتطوير,https://khamsat.com/programming,إعلانات تطبيقات الجوال,https://khamsat.com/programming/app-monitization,إضافة إعلانات AdMob في jetpack compose.,https://khamsat.com/programming/app-monitization/2997352-%D8%A5%D8%B6%D8%A7%D9%81%D8%A9-%D8%A5%D8%B9%D9%84%D8%A7%D9%86%D8%A7%D8%AA-admob-%D9%81%D9%8A-jetpack-compose,0.0,0,لم يحسب,0,0,$10.00,يومين,0,0,0.0,.Achraf Z,https://khamsat.com/user/achraf_ziane,True,بائع جديد,0.0,0,لم يحسب بعد,2,0,3 دقائق
برمجة وتطوير,https://khamsat.com/programming,إعلانات تطبيقات الجوال,https://khamsat.com/programming/app-monitization,إنشاء تطبيق لمدونتك أو موقعك بمميزات عالية + إعلانات Admob,https://khamsat.com/programming/app-monitization/1567957-%D8%A5%D9%86%D8%B4%D8%A7%D8%A1-%D8%AA%D8%B7%D8%A8%D9%8A%D9%82-%D9%84%D9%85%D8%AF%D9%88%D9%86%D8%AA%D9%83-%D8%A3%D9%88-%D9%85%D9%88%D9%82%D8%B9%D9%83-%D8%A8%D9%85%D9%85%D9%8A%D8%B2%D8%A7%D8%AA-%D8%B9%D8%A7%D9%84%D9%8A%D8%A9-%D8%A5%D8%B9%D9%84%D8%A7%D9%86%D8%A7%D8%AA-admob,0.0,0,لم يحسب,0,0,$5.00,يومين,0,2,10.0,.Youness A,https://khamsat.com/user/youness-adir,True,بائع جديد,0.0,0,لم يحسب بعد,2,0,لم يحسب
برمجة وتطوير,https://khamsat.com/programming,إعلانات تطبيقات الجوال,https://khamsat.com/programming/app-monitization,ساقوم بإضافة اعلانات (Mediation - Bidding ) الى تطبيقك,https://khamsat.com/programming/app-monitization/2037072-%D8%B3%D8%A7%D9%82%D9%88%D9%85-%D8%A8%D8%A5%D8%B6%D8%A7%D9%81%D8%A9-%D8%A7%D8%B9%D9%84%D8%A7%D9%86%D8%A7%D8%AA-mediation-bidding-%D8%A7%D9%84%D9%89-%D8%AA%D8%B7%D8%A8%D9%8A%D9%82%D9%83,0.0,0,دقيقة,0,0,$5.00,يوم واحد,0,2,10.0,محسن ب.,https://khamsat.com/user/%D9%85%D8%AD%D8%B3%D9%86-%D8%A8%D8%A7%D8%AF%D9%88%D8%B1,False,بائع جديد,0.0,2,0.0%,3,0,ساعة
برمجة وتطوير,https://khamsat.com/programming,إعلانات تطبيقات الجوال,https://khamsat.com/programming/app-monitization,تحويل PDF الي تطبيق اندرويد مع اضافة اعلانات AdMob,https://khamsat.com/programming/app-monitization/2269416-%D8%AA%D8%AD%D9%88%D9%8A%D9%84-pdf-%D8%A7%D9%84%D9%8A-%D8%AA%D8%B7%D8%A8%D9%8A%D9%82-%D8%A7%D9%86%D8%AF%D8%B1%D9%88%D9%8A%D8%AF-%D9%85%D8%B9-%D8%A7%D8%B6%D8%A7%D9%81%D8%A9-%D8%A7%D8%B9%D9%84%D8%A7%D9%86%D8%A7%D8%AA-admob,0.0,0,ساعة,0,0,$5.00,ثلاثة أيام,0,3,25.0,.Said M,https://khamsat.com/user/saheralialy,True,بائع مميز,5.0,112,72.2%,6,136,يوم
برمجة وتطوير,https://khamsat.com/programming,إعلانات تطبيقات الجوال,https://khamsat.com/programming/app-monitization,إضافة اعلانات داخل تطبيقات اندرويد للربح منها,https://khamsat.com/programming/app-monitization/2888863-%D8%A5%D8%B6%D8%A7%D9%81%D8%A9-%D8%A7%D8%B9%D9%84%D8%A7%D9%86%D8%A7%D8%AA-%D8%AF%D8%A7%D8%AE%D9%84-%D8%AA%D8%B7%D8%A8%D9%8A%D9%82%D8%A7%D8%AA-%D8%A7%D9%86%D8%AF%D8%B1%D9%88%D9%8A%D8%AF-%D9%84%D9%84%D8%B1%D8%A8%D8%AD-%D9%85%D9%86%D9%87%D8%A7,0.0,0,لم يحسب,0,0,$10.00,ثلاثة أيام,0,5,90.0,سفيان ا.,https://khamsat.com/user/jenoskon,True,بائع جديد,0.0,0,لم يحسب بعد,5,0,لم يحسب
برمجة وتطوير,https://khamsat.com/programming,إعلانات تطبيقات الجوال,https://khamsat.com/programming/app-monitization,إضافة إعلانات Admob إلي تطبيق الأندرويد الخاص بك,https://khamsat.com/programming/app-monitization/2765168-%D8%A5%D8%B6%D8%A7%D9%81%D8%A9-%D8%A5%D8%B9%D9%84%D8%A7%D9%86%D8%A7%D8%AA-admob-%D8%A5%D9%84%D9%8A-%D8%AA%D8%B7%D8%A8%D9%8A%D9%82-%D8%A7%D9%84%D8%A3%D9%86%D8%AF%D8%B1%D9%88%D9%8A%D8%AF-%D8%A7%D9%84%D8%AE%D8%A7%D8%B5-%D8%A8%D9%83,0.0,0,لم يحسب,0,0,$5.00,يوم واحد,0,0,0.0,.Abdellah E,https://khamsat.com/user/abdellah1423,True,بائع جديد,0.0,0,لم يحسب بعد,4,0,لم يحسب
برمجة وتطوير,https://khamsat.com/programming,إعلانات تطبيقات الجوال,https://khamsat.com/programming/app-monitization,اضافة اعلانات unity ads او google ads لالعاب الاندرويد,https://khamsat.com/programming/app-monitization/1972978-%D8%A7%D8%B6%D8%A7%D9%81%D8%A9-%D8%A7%D8%B9%D9%84%D8%A7%D9%86%D8%A7%D8%AA-unity-ads-%D8%A7%D9%88-google-ads-%D9%84%D8%A7%D9%84%D8%B9%D8%A7%D8%A8-%D8%A7%D9%84%D8%A7%D9%86%D8%AF%D8%B1%D9%88%D9%8A%D8%AF,4.5,1,4 ساعات,1,0,$10.00,خمسة أيام,1,2,40.0,.Mostafa M,https://khamsat.com/user/mostafamom13,True,بائع جديد,5.0,3,75.0%,2,5,5 ساعات
برمجة وتطوير,https://khamsat.com/programming,إعلانات تطبيقات الجوال,https://khamsat.com/programming/app-monitization,إضافة إعلانات لتطبيقك للبدأ في الربح منها,https://khamsat.com/programming/app-monitization/1208165-%D8%A5%D8%B6%D8%A7%D9%81%D8%A9-%D8%A5%D8%B9%D9%84%D8%A7%D9%86%D8%A7%D8%AA-%D9%84%D8%AA%D8%B7%D8%A8%D9%8A%D9%82%D9%83-%D9%84%D9%84%D8%A8%D8%AF%D8%A3-%D9%81%D9%8A-%D8%A7%D9%84%D8%B1%D8%A8%D8%AD-%D9%85%D9%86%D9%87%D8%A7,5.0,5,29 دقيقة,6,0,$5.00,ثلاثة أيام,5,1,35.0,.Rabah B,https://khamsat.com/user/brdev8991,True,بائع مميز,5.0,25,79.41%,4,27,10 ساعات
برمجة وتطوير,https://khamsat.com/programming,إعلانات تطبيقات الجوال,https://khamsat.com/programming/app-monitization,إضافة نموذج GDPR لإعلانات AdMob في تطبيق Flutter باحترافية,https://khamsat.com/programming/app-monitization/2980385-%D8%A5%D8%B6%D8%A7%D9%81%D8%A9-%D9%86%D9%85%D9%88%D8%B0%D8%AC-gdpr-%D9%84%D8%A5%D8%B9%D9%84%D8%A7%D9%86%D8%A7%D8%AA-admob-%D9%81%D9%8A-%D8%AA%D8%B7%D8%A8%D9%8A%D9%82-flutter-%D8%A8%D8%A7%D8%AD%D8%AA%D8%B1%D8%A7%D9%81%D9%8A%D8%A9,0.0,0,لم يحسب,0,0,$10.00,يوم واحد,0,0,0.0,عبدالله ي.,https://khamsat.com/user/abdallahywsf,True,مشتري جديد,5.0,1,100.0%,2,1,14 دقيقة
برمجة وتطوير,https://khamsat.com/programming,إعلانات تطبيقات الجوال,https://khamsat.com/programming/app-monitization,ساقوم بإضافة اعلانات الى لعبتك,https://khamsat.com/programming/app-monitization/1734368-%D8%B3%D8%A7%D9%82%D9%88%D9%85-%D8%A8%D8%A5%D8%B6%D8%A7%D9%81%D8%A9-%D8%A7%D8%B9%D9%84%D8%A7%D9%86%D8%A7%D8%AA-%D8%A7%D9%84%D9%89-%D9%84%D8%B9%D8%A8%D8%AA%D9%83,5.0,1,يوم,1,0,$5.00,يوم واحد,1,3,35.0,خليل ن.,https://khamsat.com/user/kahlilnaseer111,True,بائع جديد,5.0,4,81.82%,3,4,3 أيام
برمجة وتطوير,https://khamsat.com/programming,إعلانات تطبيقات الجوال,https://khamsat.com/programming/app-monitization,تصميم تطبيق اندرويد لمدونة أو موقع مع وضع اعلانات admob ب 5$,https://khamsat.com/programming/app-monitization/780774-%D8%AA%D8%B5%D9%85%D9%8A%D9%85-%D8%AA%D8%B7%D8%A8%D9%8A%D9%82-%D8%A7%D9%86%D8%AF%D8%B1%D9%88%D9%8A%D8%AF-%D9%84%D9%85%D8%AF%D9%88%D9%86%D8%A9-%D8%A3%D9%88-%D9%85%D9%88%D9%82%D8%B9-%D9%85%D8%B9-%D9%88%D8%B6%D8%B9-%D8%A7%D8%B9%D9%84%D8%A7%D9%86%D8%A7%D8%AA-admob-%D8%A8-5,0.0,0,4 ساعات,0,0,$5.00,يوم واحد,0,0,0.0,.Mohamed O,https://khamsat.com/user/mohamed5050,True,بائع جديد,0.0,0,لم يحسب بعد,1,0,ساعتين
برمجة وتطوير,https://khamsat.com/programming,إعلانات تطبيقات الجوال,https://khamsat.com/programming/app-monitization,اضافة اعلانات ادموب او اى شركه اعلانيه اخرى لتطبيقات اندرويد,https://khamsat.com/programming/app-monitization/2141991-%D8%A7%D8%B6%D8%A7%D9%81%D8%A9-%D8%A7%D8%B9%D9%84%D8%A7%D9%86%D8%A7%D8%AA-%D8%A7%D8%AF%D9%85%D9%88%D8%A8-%D8%A7%D9%88-%D8%A7%D9%89-%D8%B4%D8%B1%D9%83%D9%87-%D8%A7%D8%B9%D9%84%D8%A7%D9%86%D9%8A%D9%87-%D8%A7%D8%AE%D8%B1%D9%89-%D9%84%D8%AA%D8%B7%D8%A8%D9%8A%D9%82%D8%A7%D8%AA-%D8%A7%D9%86%D8%AF%D8%B1%D9%88%D9%8A%D8%AF,5.0,3,ساعة,4,0,$10.00,يوم واحد,3,1,5.0,.Moheb Y,https://khamsat.com/user/%D9%85%D8%B7%D9%88%D8%B1-%D8%A7%D9%86%D8%AF%D8%B1%D9%88%D9%8A%D8%AF,True,بائع نشيط,5.0,20,67.59%,6,27,يوم
برمجة وتطوير,https://khamsat.com/programming,إعلانات تطبيقات الجوال,https://khamsat.com/programming/app-monitization,تركيب اعلانات admob إلى تطبيقك,https://khamsat.com/programming/app-monitization/2457102-%D8%AA%D8%B1%D9%83%D9%8A%D8%A8-%D8%A7%D8%B9%D9%84%D8%A7%D9%86%D8%A7%D8%AA-admob-%D8%A5%D9%84%D9%89-%D8%AA%D8%B7%D8%A8%D9%8A%D9%82%D9%83,5.0,1,ساعة,1,0,$10.00,يوم واحد,1,2,25.0,.Safa F,https://khamsat.com/user/safaiqtifan,True,بائع نشيط,5.0,9,78.57%,5,9,7 ساعات
برمجة وتطوير,https://khamsat.com/programming,إعلانات تطبيقات الجوال,https://khamsat.com/programming/app-monitization,ساقوم بإضافة اعلانات ( Mediation ) الى تطبيقك او لعبتك,https://khamsat.com/programming/app-monitization/1301758-%D8%B3%D8%A7%D9%82%D9%88%D9%85-%D8%A8%D8%A5%D8%B6%D8%A7%D9%81%D8%A9-%D8%A7%D8%B9%D9%84%D8%A7%D9%86%D8%A7%D8%AA-mediation-%D8%A7%D9%84%D9%89-%D8%AA%D8%B7%D8%A8%D9%8A%D9%82%D9%83-%D8%A7%D9%88-%D9%84%D8%B9%D8%A8%D8%AA%D9%83,5.0,1,يوم,1,0,$5.00,يومين,1,3,65.0,بدر الدين ا.,https://khamsat.com/user/%D8%A8%D8%AF%D8%B1-%D8%A7%D9%84%D8%AF%D9%8A%D9%86-%D8%A7%D9%84%D8%AD%D9%88%D8%A7%D8%B5%D9%84%D9%8A,True,بائع نشيط,4.5,17,78.79%,8,24,يوم
برمجة وتطوير,https://khamsat.com/programming,إعلانات تطبيقات الجوال,https://khamsat.com/programming/app-monitization,إضافة إعلانات admob إلى تطبيقك flutter,https://khamsat.com/programming/app-monitization/3001168-%D8%A5%D8%B6%D8%A7%D9%81%D8%A9-%D8%A5%D8%B9%D9%84%D8%A7%D9%86%D8%A7%D8%AA-admob-%D8%A5%D9%84%D9%89-%D8%AA%D8%B7%D8%A8%D9%8A%D9%82%D9%83-flutter,0.0,0,لم يحسب,0,0,$10.00,يومين,0,0,0.0,محمد ح.,https://khamsat.com/user/mohamed_harby_refay,True,بائع جديد,0.0,0,لم يحسب بعد,3,0,لم يحسب
برمجة وتطوير,https://khamsat.com/programming,إعلانات تطبيقات الجوال,https://khamsat.com/programming/app-monitization,اضافة إعلانات Admob بإحترافية الى تطبيق الأندرويد الخاص بك,https://khamsat.com/programming/app-monitization/2674024-%D8%A7%D8%B6%D8%A7%D9%81%D8%A9-%D8%A5%D8%B9%D9%84%D8%A7%D9%86%D8%A7%D8%AA-admob-%D8%A8%D8%A5%D8%AD%D8%AA%D8%B1%D8%A7%D9%81%D9%8A%D8%A9-%D8%A7%D9%84%D9%89-%D8%AA%D8%B7%D8%A8%D9%8A%D9%82-%D8%A7%D9%84%D8%A3%D9%86%D8%AF%D8%B1%D9%88%D9%8A%D8%AF-%D8%A7%D9%84%D8%AE%D8%A7%D8%B5-%D8%A8%D9%83,0.0,0,لم يحسب,0,0,$5.00,يوم واحد,0,5,60.0,.Mahmoud I,https://khamsat.com/user/mahmoud_elaraky,True,بائع جديد,0.0,0,لم يحسب بعد,2,0,لم يحسب
برمجة وتطوير,https://khamsat.com/programming,إعلانات تطبيقات الجوال,https://khamsat.com/programming/app-monitization,إضافة اعلانات فايسبوك في لعبتك يونيتي |facebook unity3D,https://khamsat.com/programming/app-monitization/1559844-%D8%A5%D8%B6%D8%A7%D9%81%D8%A9-%D8%A7%D8%B9%D9%84%D8%A7%D9%86%D8%A7%D8%AA-%D9%81%D8%A7%D9%8A%D8%B3%D8%A8%D9%88%D9%83-%D9%81%D9%8A-%D9%84%D8%B9%D8%A8%D8%AA%D9%83-%D9%8A%D9%88%D9%86%D9%8A%D8%AA%D9%8A-facebook-unity3d,0.0,0,يوم,0,0,$5.00,يوم واحد,0,2,15.0,.Saad T,https://khamsat.com/user/unitydev,True,بائع نشيط,5.0,7,56.0%,3,11,12 ساعة
برمجة وتطوير,https://khamsat.com/programming,إعلانات تطبيقات الجوال,https://khamsat.com/programming/app-monitization,اضافة اعلانات ادموب على تطبيق في يونتي,https://khamsat.com/programming/app-monitization/2910896-%D8%A7%D8%B6%D8%A7%D9%81%D8%A9-%D8%A7%D8%B9%D9%84%D8%A7%D9%86%D8%A7%D8%AA-%D8%A7%D8%AF%D9%85%D9%88%D8%A8-%D8%B9%D9%84%D9%89-%D8%AA%D8%B7%D8%A8%D9%8A%D9%82-%D9%81%D9%8A-%D9%8A%D9%88%D9%86%D8%AA%D9%8A,0.0,0,لم يحسب,0,0,$10.00,أسبوع,0,0,0.0,.Khalid O,https://khamsat.com/user/khalidodeh,False,بائع جديد,0.0,0,لم يحسب بعد,2,0,لم يحسب
برمجة وتطوير,https://khamsat.com/programming,إعلانات تطبيقات الجوال,https://khamsat.com/programming/app-monitization,تطوير تطبيق أندرويد إحترافي + وضع إعلانات + تسليم سورس كود,https://khamsat.com/programming/app-monitization/1864661-%D8%AA%D8%B7%D9%88%D9%8A%D8%B1-%D8%AA%D8%B7%D8%A8%D9%8A%D9%82-%D8%A3%D9%86%D8%AF%D8%B1%D9%88%D9%8A%D8%AF-%D8%A5%D8%AD%D8%AA%D8%B1%D8%A7%D9%81%D9%8A-%D9%88%D8%B6%D8%B9-%D8%A5%D8%B9%D9%84%D8%A7%D9%86%D8%A7%D8%AA-%D8%AA%D8%B3%D9%84%D9%8A%D9%85-%D8%B3%D9%88%D8%B1%D8%B3-%D9%83%D9%88%D8%AF,0.0,0,يوم,0,0,$5.00,ثلاثة أيام,0,5,95.0,.Oussama D,https://khamsat.com/user/oussamadahbi2021,True,بائع جديد,0.0,0,لم يحسب بعد,5,0,4 أيام
برمجة وتطوير,https://khamsat.com/programming,إعلانات تطبيقات الجوال,https://khamsat.com/programming/app-monitization,إضافة إعلانات Admob إلى تطبيق Android بإستعمال Cordova,https://khamsat.com/programming/app-monitization/1647158-%D8%A5%D8%B6%D8%A7%D9%81%D8%A9-%D8%A5%D8%B9%D9%84%D8%A7%D9%86%D8%A7%D8%AA-admob-%D8%A5%D9%84%D9%89-%D8%AA%D8%B7%D8%A8%D9%8A%D9%82-android-%D8%A8%D8%A5%D8%B3%D8%AA%D8%B9%D9%85%D8%A7%D9%84-cordova,0.0,0,ساعة,0,0,$5.00,يوم واحد,0,0,0.0,انس ا.,https://khamsat.com/user/amejjoud,True,بائع مميز,5.0,26,96.15%,7,25,يوم
برمجة وتطوير,https://khamsat.com/programming,تطوير ألعاب الجوال,https://khamsat.com/programming/mobile-game-development,تصميم لعبة تعليمية احترافية,https://khamsat.com/programming/mobile-game-development/2990958-%D8%AA%D8%B5%D9%85%D9%8A%D9%85-%D9%84%D8%B9%D8%A8%D8%A9-%D8%AA%D8%B9%D9%84%D9%8A%D9%85%D9%8A%D8%A9-%D8%A7%D8%AD%D8%AA%D8%B1%D8%A7%D9%81%D9%8A%D8%A9,5.0,2,22 ساعة,2,1,$10.00,خمسة أيام,2,2,70.0,.Shereen A,https://khamsat.com/user/rodina_mahmoud3297,True,بائع جديد,5.0,2,100.0%,1,2,22 ساعة
برمجة وتطوير,https://khamsat.com/programming,تطوير ألعاب الجوال,https://khamsat.com/programming/mobile-game-development,تصميم برامج او العاب او مشاريع باستخدام ادوبي انيميت فلاش,https://khamsat.com/programming/mobile-game-development/484896-%D8%AA%D8%B5%D9%85%D9%8A%D9%85-%D8%A8%D8%B1%D8%A7%D9%85%D8%AC-%D8%A7%D9%88-%D8%A7%D9%84%D8%B9%D8%A7%D8%A8-%D8%A7%D9%88-%D9%85%D8%B4%D8%A7%D8%B1%D9%8A%D8%B9-%D8%A8%D8%A7%D8%B3%D8%AA%D8%AE%D8%AF%D8%A7%D9%85-%D8%A7%D8%AF%D9%88%D8%A8%D9%8A-%D8%A7%D9%86%D9%8A%D9%85%D9%8A%D8%AA-%D9%81%D9%84%D8%A7%D8%B4,4.5,17,12 ساعة,23,0,$25.00,ثلاثة أيام,17,4,335.0,.Naser K,https://khamsat.com/user/marahah,True,بائع مميز,4.5,46,95.39%,12,45,5 ساعات
برمجة وتطوير,https://khamsat.com/programming,تطوير ألعاب الجوال,https://khamsat.com/programming/mobile-game-development,تطوير لعبة هايبر كاجوال إطلاق نيران جاهزة للرفع علي المتجر,https://khamsat.com/programming/mobile-game-development/2989618-%D8%AA%D8%B7%D9%88%D9%8A%D8%B1-%D9%84%D8%B9%D8%A8%D8%A9-%D9%87%D8%A7%D9%8A%D8%A8%D8%B1-%D9%83%D8%A7%D8%AC%D9%88%D8%A7%D9%84-%D8%A5%D8%B7%D9%84%D8%A7%D9%82-%D9%86%D9%8A%D8%B1%D8%A7%D9%86-%D8%AC%D8%A7%D9%87%D8%B2%D8%A9-%D9%84%D9%84%D8%B1%D9%81%D8%B9-%D8%B9%D9%84%D9%8A-%D8%A7%D9%84%D9%85%D8%AA%D8%AC%D8%B1,5.0,1,4 ساعات,1,0,$10.00,ثلاثة أيام,1,5,190.0,خالد ا.,https://khamsat.com/user/khaledibrahem12,True,بائع جديد,5.0,3,88.89%,4,6,4 ساعات
برمجة وتطوير,https://khamsat.com/programming,تطوير ألعاب الجوال,https://khamsat.com/programming/mobile-game-development,كود سورس لعبة المليون في السيرة ب flutter,https://khamsat.com/programming/mobile-game-development/2999717-%D9%83%D9%88%D8%AF-%D8%B3%D9%88%D8%B1%D8%B3-%D9%84%D8%B9%D8%A8%D8%A9-%D8%A7%D9%84%D9%85%D9%84%D9%8A%D9%88%D9%86-%D9%81%D9%8A-%D8%A7%D9%84%D8%B3%D9%8A%D8%B1%D8%A9-%D8%A8-flutter,5.0,1,27 دقيقة,1,0,$10.00,يوم واحد,1,2,30.0,.Mohamdi A,https://khamsat.com/user/mohamdiebl,True,بائع جديد,5.0,1,100.0%,5,1,27 دقيقة
برمجة وتطوير,https://khamsat.com/programming,تطوير ألعاب الجوال,https://khamsat.com/programming/mobile-game-development,ساقوم بانشاء لعبة بسيطة 2D,https://khamsat.com/programming/mobile-game-development/1919111-%D8%B3%D8%A7%D9%82%D9%88%D9%85-%D8%A8%D8%A7%D9%86%D8%B4%D8%A7%D8%A1-%D9%84%D8%B9%D8%A8%D8%A9-%D8%A8%D8%B3%D9%8A%D8%B7%D8%A9-2d,5.0,7,3 ساعات,10,0,$5.00,يومين,7,5,115.0,.Saleh A,https://khamsat.com/user/salehmk139,True,بائع مميز,5.0,17,98.41%,6,20,5 أيام
برمجة وتطوير,https://khamsat.com/programming,تطوير ألعاب الجوال,https://khamsat.com/programming/mobile-game-development,تصميم وبرمجة أي لعبة أو درس بواسطة ماينكرافت التعليمية,https://khamsat.com/programming/mobile-game-development/2093164-%D8%AA%D8%B5%D9%85%D9%8A%D9%85-%D9%88%D8%A8%D8%B1%D9%85%D8%AC%D8%A9-%D8%A3%D9%8A-%D9%84%D8%B9%D8%A8%D8%A9-%D8%A3%D9%88-%D8%AF%D8%B1%D8%B3-%D8%A8%D9%88%D8%A7%D8%B3%D8%B7%D8%A9-%D9%85%D8%A7%D9%8A%D9%86%D9%83%D8%B1%D8%A7%D9%81%D8%AA-%D8%A7%D9%84%D8%AA%D8%B9%D9%84%D9%8A%D9%85%D9%8A%D8%A9,5.0,5,25 دقيقة,6,0,$5.00,يومين,5,1,100.0,.Hamed L,https://khamsat.com/user/clueder,True,بائع مميز,5.0,31,92.52%,3,34,3 ساعات
برمجة وتطوير,https://khamsat.com/programming,تطوير ألعاب الجوال,https://khamsat.com/programming/mobile-game-development,أقوم ببرمجة وتصميم وتطوير ألعاب 3d على الأندرويد (حدث واحد),https://khamsat.com/programming/mobile-game-development/1151859-%D8%A3%D9%82%D9%88%D9%85-%D8%A8%D8%A8%D8%B1%D9%85%D8%AC%D8%A9-%D9%88%D8%AA%D8%B5%D9%85%D9%8A%D9%85-%D9%88%D8%AA%D8%B7%D9%88%D9%8A%D8%B1-%D8%A3%D9%84%D8%B9%D8%A7%D8%A8-3d-%D8%B9%D9%84%D9%89-%D8%A7%D9%84%D8%A3%D9%86%D8%AF%D8%B1%D9%88%D9%8A%D8%AF-%D8%AD%D8%AF%D8%AB-%D9%88%D8%A7%D8%AD%D8%AF,5.0,5,ساعتين,8,0,$5.00,ثلاثة أيام,5,5,320.0,هيثم ك.,https://khamsat.com/user/haythem_kmal_msc,True,بائع مميز,5.0,37,84.0%,4,44,يومين
برمجة وتطوير,https://khamsat.com/programming,تطوير ألعاب الجوال,https://khamsat.com/programming/mobile-game-development,ريسكن لتطبيقات الالعاب عن طريق الاندرويد ستوديو,https://khamsat.com/programming/mobile-game-development/1715952-%D8%B1%D9%8A%D8%B3%D9%83%D9%86-%D9%84%D8%AA%D8%B7%D8%A8%D9%8A%D9%82%D8%A7%D8%AA-%D8%A7%D9%84%D8%A7%D9%84%D8%B9%D8%A7%D8%A8-%D8%B9%D9%86-%D8%B7%D8%B1%D9%8A%D9%82-%D8%A7%D9%84%D8%A7%D9%86%D8%AF%D8%B1%D9%88%D9%8A%D8%AF-%D8%B3%D8%AA%D9%88%D8%AF%D9%8A%D9%88,4.5,21,ساعة,27,0,$5.00,يوم واحد,21,2,10.0,.Mohammad T,https://khamsat.com/user/mohmartb95,True,بائع مميز,4.5,23,81.54%,6,30,3 أيام
برمجة وتطوير,https://khamsat.com/programming,تطوير ألعاب الجوال,https://khamsat.com/programming/mobile-game-development,ريسكن احترافي لتطبيق او لعبة من اختيارك,https://khamsat.com/programming/mobile-game-development/2153654-%D8%B1%D9%8A%D8%B3%D9%83%D9%86-%D8%A7%D8%AD%D8%AA%D8%B1%D8%A7%D9%81%D9%8A-%D9%84%D8%AA%D8%B7%D8%A8%D9%8A%D9%82-%D8%A7%D9%88-%D9%84%D8%B9%D8%A8%D8%A9-%D9%85%D9%86-%D8%A7%D8%AE%D8%AA%D9%8A%D8%A7%D8%B1%D9%83,5.0,1,ساعة,1,0,$10.00,يومين,1,3,95.0,.Mohammad W,https://khamsat.com/user/mohammad_alwardat92,True,بائع نشيط,5.0,4,73.33%,3,4,3 ساعات
برمجة وتطوير,https://khamsat.com/programming,تطوير ألعاب الجوال,https://khamsat.com/programming/mobile-game-development,ريسكن الألعاب (Unity) Reskin,https://khamsat.com/programming/mobile-game-development/2042239-%D8%B1%D9%8A%D8%B3%D9%83%D9%86-%D8%A7%D9%84%D8%A3%D9%84%D8%B9%D8%A7%D8%A8-unity-reskin,5.0,4,ساعة,5,0,$5.00,يومين,4,4,125.0,.Saleh A,https://khamsat.com/user/salehmk139,True,بائع مميز,5.0,17,98.41%,6,20,5 أيام
برمجة وتطوير,https://khamsat.com/programming,تطوير ألعاب الجوال,https://khamsat.com/programming/mobile-game-development,اضافة اعلانات جميع الشركات الاعلانيه الى لعبتك على unity,https://khamsat.com/programming/mobile-game-development/2644232-%D8%A7%D8%B6%D8%A7%D9%81%D8%A9-%D8%A7%D8%B9%D9%84%D8%A7%D9%86%D8%A7%D8%AA-%D8%AC%D9%85%D9%8A%D8%B9-%D8%A7%D9%84%D8%B4%D8%B1%D9%83%D8%A7%D8%AA-%D8%A7%D9%84%D8%A7%D8%B9%D9%84%D8%A7%D9%86%D9%8A%D9%87-%D8%A7%D9%84%D9%89-%D9%84%D8%B9%D8%A8%D8%AA%D9%83-%D8%B9%D9%84%D9%89-unity,5.0,4,4 ساعات,5,0,$10.00,يومين,4,2,15.0,عبدالله س.,https://khamsat.com/user/gamesmgnon54,True,بائع مميز,4.5,24,85.0%,3,17,ساعة
برمجة وتطوير,https://khamsat.com/programming,تطوير ألعاب الجوال,https://khamsat.com/programming/mobile-game-development,تصميم لعبة باستخام محرك الألعاب Unity و لغة برمجة C#,https://khamsat.com/programming/mobile-game-development/2498304-%D8%AA%D8%B5%D9%85%D9%8A%D9%85-%D9%84%D8%B9%D8%A8%D8%A9-%D8%A8%D8%A7%D8%B3%D8%AA%D8%AE%D8%A7%D9%85-%D9%85%D8%AD%D8%B1%D9%83-%D8%A7%D9%84%D8%A3%D9%84%D8%B9%D8%A7%D8%A8-unity-%D9%88-%D9%84%D8%BA%D8%A9-%D8%A8%D8%B1%D9%85%D8%AC%D8%A9-c,5.0,5,45 دقيقة,7,0,$10.00,ثلاثة أسابيع,5,4,245.0,محمد ا.,https://khamsat.com/user/muhammad_tarek_sayed,True,بائع نشيط,5.0,6,91.3%,2,8,ساعتين
برمجة وتطوير,https://khamsat.com/programming,تطوير ألعاب الجوال,https://khamsat.com/programming/mobile-game-development,سورس كود لعبة اندرويد احترافية فقط ب 5$,https://khamsat.com/programming/mobile-game-development/1940531-%D8%B3%D9%88%D8%B1%D8%B3-%D9%83%D9%88%D8%AF-%D9%84%D8%B9%D8%A8%D8%A9-%D8%A7%D9%86%D8%AF%D8%B1%D9%88%D9%8A%D8%AF-%D8%A7%D8%AD%D8%AA%D8%B1%D8%A7%D9%81%D9%8A%D8%A9-%D9%81%D9%82%D8%B7-%D8%A8-5,5.0,4,12 يوم,4,0,$5.00,يوم واحد,4,4,80.0,احمد ا.,https://khamsat.com/user/%D8%A7%D8%AD%D9%85%D8%AF%D8%B9%D8%A8%D8%AF%D8%A7%D9%84%D9%83%D8%B1%D9%8A%D9%85,True,بائع مميز,5.0,74,95.88%,6,77,يومين
برمجة وتطوير,https://khamsat.com/programming,تطوير ألعاب الجوال,https://khamsat.com/programming/mobile-game-development,سورس كود لعبة اندرويد احترافية فقط ب 5$,https://khamsat.com/programming/mobile-game-development/1939491-%D8%B3%D9%88%D8%B1%D8%B3-%D9%83%D9%88%D8%AF-%D9%84%D8%B9%D8%A8%D8%A9-%D8%A7%D9%86%D8%AF%D8%B1%D9%88%D9%8A%D8%AF-%D8%A7%D8%AD%D8%AA%D8%B1%D8%A7%D9%81%D9%8A%D8%A9-%D9%81%D9%82%D8%B7-%D8%A8-5,5.0,2,13 ساعة,4,0,$5.00,يوم واحد,2,4,70.0,احمد ا.,https://khamsat.com/user/%D8%A7%D8%AD%D9%85%D8%AF%D8%B9%D8%A8%D8%AF%D8%A7%D9%84%D9%83%D8%B1%D9%8A%D9%85,True,بائع مميز,5.0,74,95.88%,6,77,يومين
برمجة وتطوير,https://khamsat.com/programming,تطوير ألعاب الجوال,https://khamsat.com/programming/mobile-game-development,تصميم وتطوير لعبة هاتف 3D باعلي جودة والربح منها,https://khamsat.com/programming/mobile-game-development/2560149-%D8%AA%D8%B5%D9%85%D9%8A%D9%85-%D9%88%D8%AA%D8%B7%D9%88%D9%8A%D8%B1-%D9%84%D8%B9%D8%A8%D8%A9-%D9%87%D8%A7%D8%AA%D9%81-3d-%D8%A8%D8%A7%D8%B9%D9%84%D9%8A-%D8%AC%D9%88%D8%AF%D8%A9-%D9%88%D8%A7%D9%84%D8%B1%D8%A8%D8%AD-%D9%85%D9%86%D9%87%D8%A7,4.5,13,29 دقيقة,14,0,$45.00,أسبوعين,13,5,180.0,عبدالله س.,https://khamsat.com/user/gamesmgnon54,True,بائع مميز,4.5,24,85.0%,3,17,ساعة
برمجة وتطوير,https://khamsat.com/programming,تطوير ألعاب الجوال,https://khamsat.com/programming/mobile-game-development,احصل على لعبة تطابق الصور مسلية واربح منها - للاندرويد,https://khamsat.com/programming/mobile-game-development/1468580-%D8%A7%D8%AD%D8%B5%D9%84-%D8%B9%D9%84%D9%89-%D9%84%D8%B9%D8%A8%D8%A9-%D8%AA%D8%B7%D8%A7%D8%A8%D9%82-%D8%A7%D9%84%D8%B5%D9%88%D8%B1-%D9%85%D8%B3%D9%84%D9%8A%D8%A9-%D9%88%D8%A7%D8%B1%D8%A8%D8%AD-%D9%85%D9%86%D9%87%D8%A7-%D9%84%D9%84%D8%A7%D9%86%D8%AF%D8%B1%D9%88%D9%8A%D8%AF,5.0,3,6 أيام,3,0,$10.00,ثلاثة أيام,3,2,45.0,.Abubakr A,https://khamsat.com/user/bkri,True,بائع جديد,5.0,4,71.43%,4,4,يومين
برمجة وتطوير,https://khamsat.com/programming,تطوير ألعاب الجوال,https://khamsat.com/programming/mobile-game-development,تصميم العاب الاندرويد و iosو حتى pc من الالف الى الياء unity,https://khamsat.com/programming/mobile-game-development/1162111-%D8%AA%D8%B5%D9%85%D9%8A%D9%85-%D8%A7%D9%84%D8%B9%D8%A7%D8%A8-%D8%A7%D9%84%D8%A7%D9%86%D8%AF%D8%B1%D9%88%D9%8A%D8%AF-%D9%88-ios%D9%88-%D8%AD%D8%AA%D9%89-pc-%D9%85%D9%86-%D8%A7%D9%84%D8%A7%D9%84%D9%81-%D8%A7%D9%84%D9%89-%D8%A7%D9%84%D9%8A%D8%A7%D8%A1-unity,5.0,15,ساعة,16,0,$25.00,ثلاثة أيام,15,3,275.0,.Abdellah B,https://khamsat.com/user/abdellah-benahmed,True,بائع نشيط,5.0,16,77.42%,3,17,4 ساعات
برمجة وتطوير,https://khamsat.com/programming,تطوير ألعاب الجوال,https://khamsat.com/programming/mobile-game-development,اضافة ال admob للعبتك في ال unity,https://khamsat.com/programming/mobile-game-development/2179326-%D8%A7%D8%B6%D8%A7%D9%81%D8%A9-%D8%A7%D9%84-admob-%D9%84%D9%84%D8%B9%D8%A8%D8%AA%D9%83-%D9%81%D9%8A-%D8%A7%D9%84-unity,0.0,0,لم يحسب,0,0,$5.00,يوم واحد,0,2,10.0,.Ahcene R,https://khamsat.com/user/mootf,False,بائع جديد,0.0,0,لم يحسب بعد,5,0,26 يوم
برمجة وتطوير,https://khamsat.com/programming,تطوير ألعاب الجوال,https://khamsat.com/programming/mobile-game-development,انشاء لعبة 2d باستخدام unity,https://khamsat.com/programming/mobile-game-development/2174443-%D8%A7%D9%86%D8%B4%D8%A7%D8%A1-%D9%84%D8%B9%D8%A8%D8%A9-2d-%D8%A8%D8%A7%D8%B3%D8%AA%D8%AE%D8%AF%D8%A7%D9%85-unity,0.0,0,لم يحسب,0,0,$10.00,ثلاثة أيام,0,4,30.0,.Ahcene R,https://khamsat.com/user/mootf,False,بائع جديد,0.0,0,لم يحسب بعد,5,0,26 يوم
برمجة وتطوير,https://khamsat.com/programming,تطوير ألعاب الجوال,https://khamsat.com/programming/mobile-game-development,سأقوم بعمل لعبة أسئلة واجوبة ثنائية الابعاد,https://khamsat.com/programming/mobile-game-development/1718045-%D8%B3%D8%A3%D9%82%D9%88%D9%85-%D8%A8%D8%B9%D9%85%D9%84-%D9%84%D8%B9%D8%A8%D8%A9-%D8%A3%D8%B3%D8%A6%D9%84%D8%A9-%D9%88%D8%A7%D8%AC%D9%88%D8%A8%D8%A9-%D8%AB%D9%86%D8%A7%D8%A6%D9%8A%D8%A9-%D8%A7%D9%84%D8%A7%D8%A8%D8%B9%D8%A7%D8%AF,0.0,0,يوم,2,0,$5.00,خمسة أيام,0,2,70.0,.Saleh A,https://khamsat.com/user/salehmk139,True,بائع مميز,5.0,17,98.41%,6,20,5 أيام
برمجة وتطوير,https://khamsat.com/programming,تطوير ألعاب الجوال,https://khamsat.com/programming/mobile-game-development,ريسكن العاب الجوال ورفعها على ابل واندرويد ستور,https://khamsat.com/programming/mobile-game-development/1648323-%D8%B1%D9%8A%D8%B3%D9%83%D9%86-%D8%A7%D9%84%D8%B9%D8%A7%D8%A8-%D8%A7%D9%84%D8%AC%D9%88%D8%A7%D9%84-%D9%88%D8%B1%D9%81%D8%B9%D9%87%D8%A7-%D8%B9%D9%84%D9%89-%D8%A7%D8%A8%D9%84-%D9%88%D8%A7%D9%86%D8%AF%D8%B1%D9%88%D9%8A%D8%AF-%D8%B3%D8%AA%D9%88%D8%B1,5.0,9,ساعة,8,0,$20.00,يوم واحد,9,3,420.0,.Mohammad A,https://khamsat.com/user/mohammedarabiya,True,بائع مميز,5.0,88,89.09%,22,81,4 ساعات
برمجة وتطوير,https://khamsat.com/programming,تطوير ألعاب الجوال,https://khamsat.com/programming/mobile-game-development,سأعدل على تطبيق iptv او اي تطبيق او لعبة خاصة بالاندرويد,https://khamsat.com/programming/mobile-game-development/964371-%D8%B3%D8%A3%D8%B9%D8%AF%D9%84-%D8%B9%D9%84%D9%89-%D8%AA%D8%B7%D8%A8%D9%8A%D9%82-iptv-%D8%A7%D9%88-%D8%A7%D9%8A-%D8%AA%D8%B7%D8%A8%D9%8A%D9%82-%D8%A7%D9%88-%D9%84%D8%B9%D8%A8%D8%A9-%D8%AE%D8%A7%D8%B5%D8%A9-%D8%A8%D8%A7%D9%84%D8%A7%D9%86%D8%AF%D8%B1%D9%88%D9%8A%D8%AF,5.0,2,يومين,2,0,$5.00,يوم واحد,2,1,45.0,.Ilyass E,https://khamsat.com/user/elayachi,True,بائع جديد,5.0,2,60.0%,3,2,17 ساعة
برمجة وتطوير,https://khamsat.com/programming,تطوير ألعاب الجوال,https://khamsat.com/programming/mobile-game-development,برمجة لعبة أندرويد للهاتف بمحرك يونتي + الربح منها,https://khamsat.com/programming/mobile-game-development/1782471-%D8%A8%D8%B1%D9%85%D8%AC%D8%A9-%D9%84%D8%B9%D8%A8%D8%A9-%D8%A3%D9%86%D8%AF%D8%B1%D9%88%D9%8A%D8%AF-%D9%84%D9%84%D9%87%D8%A7%D8%AA%D9%81-%D8%A8%D9%85%D8%AD%D8%B1%D9%83-%D9%8A%D9%88%D9%86%D8%AA%D9%8A-%D8%A7%D9%84%D8%B1%D8%A8%D8%AD-%D9%85%D9%86%D9%87%D8%A7,5.0,11,ساعة,14,0,$10.00,أسبوعين,11,5,210.0,.Ayoub E,https://khamsat.com/user/mohammedessakhi,True,بائع نشيط,5.0,11,76.47%,2,14,4 ساعات
برمجة وتطوير,https://khamsat.com/programming,تطوير ألعاب الجوال,https://khamsat.com/programming/mobile-game-development,عمل لعبه تجميع صور مجزئه puzzle,https://khamsat.com/programming/mobile-game-development/2851390-%D8%B9%D9%85%D9%84-%D9%84%D8%B9%D8%A8%D9%87-%D8%AA%D8%AC%D9%85%D9%8A%D8%B9-%D8%B5%D9%88%D8%B1-%D9%85%D8%AC%D8%B2%D8%A6%D9%87-puzzle,0.0,0,لم يحسب,0,0,$10.00,ستة أيام,0,2,25.0,محمود م.,https://khamsat.com/user/m_a_h_m_0_u_d,True,بائع جديد,5.0,1,100.0%,3,1,50 دقيقة
برمجة وتطوير,https://khamsat.com/programming,تطوير ألعاب الجوال,https://khamsat.com/programming/mobile-game-development,تحويل المنهج الى لعبة تعليمية للأطفال سن 3-9 سنوات,https://khamsat.com/programming/mobile-game-development/2966430-%D8%AA%D8%AD%D9%88%D9%8A%D9%84-%D8%A7%D9%84%D9%85%D9%86%D9%87%D8%AC-%D8%A7%D9%84%D9%89-%D9%84%D8%B9%D8%A8%D8%A9-%D8%AA%D8%B9%D9%84%D9%8A%D9%85%D9%8A%D8%A9-%D9%84%D9%84%D8%A3%D8%B7%D9%81%D8%A7%D9%84-%D8%B3%D9%86-3-9-%D8%B3%D9%86%D9%88%D8%A7%D8%AA,0.0,0,لم يحسب,0,0,$10.00,خمسة أيام,0,4,20.0,امنيه ت.,https://khamsat.com/user/otamer2001,True,بائع جديد,0.0,0,لم يحسب بعد,2,0,لم يحسب
برمجة وتطوير,https://khamsat.com/programming,تطوير ألعاب الجوال,https://khamsat.com/programming/mobile-game-development,تطوير لعبة quiz 2d ب unity,https://khamsat.com/programming/mobile-game-development/3035199-%D8%AA%D8%B7%D9%88%D9%8A%D8%B1-%D9%84%D8%B9%D8%A8%D8%A9-quiz-2d-%D8%A8-unity,0.0,0,لم يحسب,0,0,$5.00,ثلاثة أيام,0,3,30.0,محمد الأمين إ.,https://khamsat.com/user/mohamedbikrdne,False,بائع جديد,0.0,0,لم يحسب بعد,1,0,لم يحسب
برمجة وتطوير,https://khamsat.com/programming,تطوير ألعاب الجوال,https://khamsat.com/programming/mobile-game-development,ريسكين احترافي للألعاب الأندرويد,https://khamsat.com/programming/mobile-game-development/1692769-%D8%B1%D9%8A%D8%B3%D9%83%D9%8A%D9%86-%D8%A7%D8%AD%D8%AA%D8%B1%D8%A7%D9%81%D9%8A-%D9%84%D9%84%D8%A3%D9%84%D8%B9%D8%A7%D8%A8-%D8%A7%D9%84%D8%A3%D9%86%D8%AF%D8%B1%D9%88%D9%8A%D8%AF,5.0,7,11 يوم,7,0,$5.00,يوم واحد,7,3,200.0,احمد ا.,https://khamsat.com/user/%D8%A7%D8%AD%D9%85%D8%AF%D8%B9%D8%A8%D8%AF%D8%A7%D9%84%D9%83%D8%B1%D9%8A%D9%85,True,بائع مميز,5.0,74,95.88%,6,77,يومين
برمجة وتطوير,https://khamsat.com/programming,تطوير ألعاب الجوال,https://khamsat.com/programming/mobile-game-development,سوف تحصل على كود سورس العاب اندرويد مميزه,https://khamsat.com/programming/mobile-game-development/1568371-%D8%B3%D9%88%D9%81-%D8%AA%D8%AD%D8%B5%D9%84-%D8%B9%D9%84%D9%89-%D9%83%D9%88%D8%AF-%D8%B3%D9%88%D8%B1%D8%B3-%D8%A7%D9%84%D8%B9%D8%A7%D8%A8-%D8%A7%D9%86%D8%AF%D8%B1%D9%88%D9%8A%D8%AF-%D9%85%D9%85%D9%8A%D8%B2%D9%87,0.0,0,6 أيام,0,0,$5.00,يوم واحد,0,0,0.0,.Kareem E,https://khamsat.com/user/kareem-eltony,False,مشتري جديد,0.0,0,0.0%,3,0,5 أيام
برمجة وتطوير,https://khamsat.com/programming,تطوير ألعاب الجوال,https://khamsat.com/programming/mobile-game-development,سورس كود لعبة اندرويد احترافية مثل كاندي كرش فقط ب 5$,https://khamsat.com/programming/mobile-game-development/1960282-%D8%B3%D9%88%D8%B1%D8%B3-%D9%83%D9%88%D8%AF-%D9%84%D8%B9%D8%A8%D8%A9-%D8%A7%D9%86%D8%AF%D8%B1%D9%88%D9%8A%D8%AF-%D8%A7%D8%AD%D8%AA%D8%B1%D8%A7%D9%81%D9%8A%D8%A9-%D9%85%D8%AB%D9%84-%D9%83%D8%A7%D9%86%D8%AF%D9%8A-%D9%83%D8%B1%D8%B4-%D9%81%D9%82%D8%B7-%D8%A8-5,4.5,2,ساعتين,2,0,$5.00,يوم واحد,2,5,210.0,احمد ا.,https://khamsat.com/user/%D8%A7%D8%AD%D9%85%D8%AF%D8%B9%D8%A8%D8%AF%D8%A7%D9%84%D9%83%D8%B1%D9%8A%D9%85,True,بائع مميز,5.0,74,95.88%,6,77,يومين
برمجة وتطوير,https://khamsat.com/programming,تطوير ألعاب الجوال,https://khamsat.com/programming/mobile-game-development,اقوم بصناعة لعبة 2d احترافية.,https://khamsat.com/programming/mobile-game-development/970917-%D8%A7%D9%82%D9%88%D9%85-%D8%A8%D8%B5%D9%86%D8%A7%D8%B9%D8%A9-%D9%84%D8%B9%D8%A8%D8%A9-2d-%D8%A7%D8%AD%D8%AA%D8%B1%D8%A7%D9%81%D9%8A%D8%A9,5.0,4,49 دقيقة,4,0,$5.00,أربعة أيام,4,4,60.0,احمد ع.,https://khamsat.com/user/%D8%A7%D8%AD%D9%85%D8%AF-%D8%AC%D9%85%D8%B9%D9%87-%D8%B9%D9%8A%D8%AF,True,بائع نشيط,4.5,25,87.76%,2,27,4 ساعات
برمجة وتطوير,https://khamsat.com/programming,تطوير ألعاب الفيديو,https://khamsat.com/programming/pc-game-development,سأقوم بصنع لك لعبة على منصه roblox,https://khamsat.com/programming/pc-game-development/2843101-%D8%B3%D8%A3%D9%82%D9%88%D9%85-%D8%A8%D8%B5%D9%86%D8%B9-%D9%84%D9%83-%D9%84%D8%B9%D8%A8%D8%A9-%D8%B9%D9%84%D9%89-%D9%85%D9%86%D8%B5%D9%87-roblox,5.0,2,3 ساعات,3,1,$10.00,شهر,2,5,35.0,.Elhalafawy K,https://khamsat.com/user/krantdv,True,بائع جديد,5.0,2,100.0%,3,3,3 ساعات
برمجة وتطوير,https://khamsat.com/programming,تطوير ألعاب الفيديو,https://khamsat.com/programming/pc-game-development,تطوير و تصميم و تعديل أي لعبة أو برنامج سكراتش للأطفال,https://khamsat.com/programming/pc-game-development/988770-%D8%AA%D8%B7%D9%88%D9%8A%D8%B1-%D9%88-%D8%AA%D8%B5%D9%85%D9%8A%D9%85-%D9%88-%D8%AA%D8%B9%D8%AF%D9%8A%D9%84-%D8%A3%D9%8A-%D9%84%D8%B9%D8%A8%D8%A9-%D8%A3%D9%88-%D8%A8%D8%B1%D9%86%D8%A7%D9%85%D8%AC-%D8%B3%D9%83%D8%B1%D8%A7%D8%AA%D8%B4-%D9%84%D9%84%D8%A3%D8%B7%D9%81%D8%A7%D9%84,5.0,14,9 ساعات,17,0,$5.00,أربعة أيام,14,2,40.0,.Hamed L,https://khamsat.com/user/clueder,True,بائع مميز,5.0,31,92.52%,3,34,3 ساعات
برمجة وتطوير,https://khamsat.com/programming,تطوير ألعاب الفيديو,https://khamsat.com/programming/pc-game-development,عمل تصميم وبرمجة لعبة ممتعة باستخدام يونيتي للPC/Android,https://khamsat.com/programming/pc-game-development/2915589-%D8%B9%D9%85%D9%84-%D8%AA%D8%B5%D9%85%D9%8A%D9%85-%D9%88%D8%A8%D8%B1%D9%85%D8%AC%D8%A9-%D9%84%D8%B9%D8%A8%D8%A9-%D9%85%D9%85%D8%AA%D8%B9%D8%A9-%D8%A8%D8%A7%D8%B3%D8%AA%D8%AE%D8%AF%D8%A7%D9%85-%D9%8A%D9%88%D9%86%D9%8A%D8%AA%D9%8A-%D9%84%D9%84pcandroid,5.0,1,8 ساعات,1,0,$5.00,أربعة أيام,1,0,0.0,.Yahya M,https://khamsat.com/user/yahia_1,True,بائع جديد,5.0,2,80.0%,2,2,4 ساعات
برمجة وتطوير,https://khamsat.com/programming,تطوير ألعاب الفيديو,https://khamsat.com/programming/pc-game-development,برمجة وتصميم لعبة سيارات في منطقتك السكنية,https://khamsat.com/programming/pc-game-development/1880889-%D8%A8%D8%B1%D9%85%D8%AC%D8%A9-%D9%88%D8%AA%D8%B5%D9%85%D9%8A%D9%85-%D9%84%D8%B9%D8%A8%D8%A9-%D8%B3%D9%8A%D8%A7%D8%B1%D8%A7%D8%AA-%D9%81%D9%8A-%D9%85%D9%86%D8%B7%D9%82%D8%AA%D9%83-%D8%A7%D9%84%D8%B3%D9%83%D9%86%D9%8A%D8%A9,5.0,9,6 ساعات,10,0,$5.00,أربعة أيام,9,2,175.0,محمد فراس ا.,https://khamsat.com/user/hasanest,True,بائع مميز,4.5,20,98.61%,8,26,4 ساعات
برمجة وتطوير,https://khamsat.com/programming,تطوير ألعاب الفيديو,https://khamsat.com/programming/pc-game-development,انشاء لعبة واقع افتراضي او واقع معزز VR/AR بأستخدام unity,https://khamsat.com/programming/pc-game-development/2966733-%D8%A7%D9%86%D8%B4%D8%A7%D8%A1-%D9%84%D8%B9%D8%A8%D8%A9-%D9%88%D8%A7%D9%82%D8%B9-%D8%A7%D9%81%D8%AA%D8%B1%D8%A7%D8%B6%D9%8A-%D8%A7%D9%88-%D9%88%D8%A7%D9%82%D8%B9-%D9%85%D8%B9%D8%B2%D8%B2-vrar-%D8%A8%D8%A3%D8%B3%D8%AA%D8%AE%D8%AF%D8%A7%D9%85-unity,5.0,1,9 ساعات,2,1,$10.00,يوم واحد,1,3,155.0,.Mohamed E,https://khamsat.com/user/moayman1,True,بائع نشيط,5.0,1,100.0%,1,2,9 ساعات
برمجة وتطوير,https://khamsat.com/programming,تطوير ألعاب الفيديو,https://khamsat.com/programming/pc-game-development,سأقوم بتطوير لعبة باستخدام محرك الألعاب Unity ولغة برمجة C#.,https://khamsat.com/programming/pc-game-development/2610232-%D8%B3%D8%A3%D9%82%D9%88%D9%85-%D8%A8%D8%AA%D8%B7%D9%88%D9%8A%D8%B1-%D9%84%D8%B9%D8%A8%D8%A9-%D8%A8%D8%A7%D8%B3%D8%AA%D8%AE%D8%AF%D8%A7%D9%85-%D9%85%D8%AD%D8%B1%D9%83-%D8%A7%D9%84%D8%A3%D9%84%D8%B9%D8%A7%D8%A8-unity-%D9%88%D9%84%D8%BA%D8%A9-%D8%A8%D8%B1%D9%85%D8%AC%D8%A9-c,0.0,0,ساعة,2,0,$10.00,أسبوع,0,0,0.0,عبد الصمد ا.,https://khamsat.com/user/inbox,True,بائع نشيط,0.0,0,90.91%,3,2,4 ساعات
برمجة وتطوير,https://khamsat.com/programming,تطوير ألعاب الفيديو,https://khamsat.com/programming/pc-game-development,تطوير العاب html5 js باستخدام محرك phaser 3 js,https://khamsat.com/programming/pc-game-development/2912254-%D8%AA%D8%B7%D9%88%D9%8A%D8%B1-%D8%A7%D9%84%D8%B9%D8%A7%D8%A8-html5-js-%D8%A8%D8%A7%D8%B3%D8%AA%D8%AE%D8%AF%D8%A7%D9%85-%D9%85%D8%AD%D8%B1%D9%83-phaser-3-js,0.0,0,لم يحسب,0,0,$50.00,خمسة أيام,0,0,0.0,.Naser K,https://khamsat.com/user/marahah,True,بائع مميز,4.5,46,95.39%,12,45,5 ساعات
برمجة وتطوير,https://khamsat.com/programming,تطوير ألعاب الفيديو,https://khamsat.com/programming/pc-game-development,تصميم Props بأسلوب Stylized لتطوير لعبتك بشكل احترافي,https://khamsat.com/programming/pc-game-development/3046737-%D8%AA%D8%B5%D9%85%D9%8A%D9%85-props-%D8%A8%D8%A3%D8%B3%D9%84%D9%88%D8%A8-stylized-%D9%84%D8%AA%D8%B7%D9%88%D9%8A%D8%B1-%D9%84%D8%B9%D8%A8%D8%AA%D9%83-%D8%A8%D8%B4%D9%83%D9%84-%D8%A7%D8%AD%D8%AA%D8%B1%D8%A7%D9%81%D9%8A,0.0,0,لم يحسب,0,0,$10.00,يوم واحد,0,4,50.0,.Khouzem B,https://khamsat.com/user/khouzem,True,بائع جديد,0.0,0,لم يحسب بعد,2,0,لم يحسب
برمجة وتطوير,https://khamsat.com/programming,تطوير ألعاب الفيديو,https://khamsat.com/programming/pc-game-development,تصميم وتطوير لعبة 2D بسيطة باستخدام Unity,https://khamsat.com/programming/pc-game-development/3041843-%D8%AA%D8%B5%D9%85%D9%8A%D9%85-%D9%88%D8%AA%D8%B7%D9%88%D9%8A%D8%B1-%D9%84%D8%B9%D8%A8%D8%A9-2d-%D8%A8%D8%B3%D9%8A%D8%B7%D8%A9-%D8%A8%D8%A7%D8%B3%D8%AA%D8%AE%D8%AF%D8%A7%D9%85-unity,0.0,0,لم يحسب,0,0,$5.00,ثلاثة أيام,0,0,0.0,.Abdallah C,https://khamsat.com/user/abidaldev,True,مستخدم جديد,0.0,0,لم يحسب بعد,0,0,لم يحسب
برمجة وتطوير,https://khamsat.com/programming,تطوير ألعاب الفيديو,https://khamsat.com/programming/pc-game-development,اصنع لعبتك الخاصة بلمسة احترافية – تطوير ألعاب 2D و3D,https://khamsat.com/programming/pc-game-development/3052209-%D8%A7%D8%B5%D9%86%D8%B9-%D9%84%D8%B9%D8%A8%D8%AA%D9%83-%D8%A7%D9%84%D8%AE%D8%A7%D8%B5%D8%A9-%D8%A8%D9%84%D9%85%D8%B3%D8%A9-%D8%A7%D8%AD%D8%AA%D8%B1%D8%A7%D9%81%D9%8A%D8%A9-%D8%AA%D8%B7%D9%88%D9%8A%D8%B1-%D8%A3%D9%84%D8%B9%D8%A7%D8%A8-2d-%D9%883d,0.0,0,لم يحسب,0,0,$5.00,ثلاثة أيام,0,1,5.0,.Zaid A,https://khamsat.com/user/zaid_programmer334,False,مشتري جديد,0.0,0,لم يحسب بعد,1,0,لم يحسب
برمجة وتطوير,https://khamsat.com/programming,تطوير ألعاب الفيديو,https://khamsat.com/programming/pc-game-development,صناعة لعبة تعليمية احترافية من نوع (تركيب القطع) حسب الطلب,https://khamsat.com/programming/pc-game-development/2708435-%D8%B5%D9%86%D8%A7%D8%B9%D8%A9-%D9%84%D8%B9%D8%A8%D8%A9-%D8%AA%D8%B9%D9%84%D9%8A%D9%85%D9%8A%D8%A9-%D8%A7%D8%AD%D8%AA%D8%B1%D8%A7%D9%81%D9%8A%D8%A9-%D9%85%D9%86-%D9%86%D9%88%D8%B9-%D8%AA%D8%B1%D9%83%D9%8A%D8%A8-%D8%A7%D9%84%D9%82%D8%B7%D8%B9-%D8%AD%D8%B3%D8%A8-%D8%A7%D9%84%D8%B7%D9%84%D8%A8,0.0,0,لم يحسب,0,0,$10.00,ثلاثة أيام,0,3,225.0,عبدالله د.,https://khamsat.com/user/abdullah_dalal,True,بائع جديد,0.0,0,لم يحسب بعد,4,0,لم يحسب
برمجة وتطوير,https://khamsat.com/programming,تطوير ألعاب الفيديو,https://khamsat.com/programming/pc-game-development,تصميم texture & material احترافي,https://khamsat.com/programming/pc-game-development/2855092-%D8%AA%D8%B5%D9%85%D9%8A%D9%85-texture-material-%D8%A7%D8%AD%D8%AA%D8%B1%D8%A7%D9%81%D9%8A,0.0,0,لم يحسب,0,0,$10.00,ثلاثة أيام,0,0,0.0,.Ahcene R,https://khamsat.com/user/mootf,False,بائع جديد,0.0,0,لم يحسب بعد,5,0,26 يوم
برمجة وتطوير,https://khamsat.com/programming,تطوير ألعاب الفيديو,https://khamsat.com/programming/pc-game-development,تطوير لعبة 3d او 2d احترافية علي محرك Unity,https://khamsat.com/programming/pc-game-development/2931647-%D8%AA%D8%B7%D9%88%D9%8A%D8%B1-%D9%84%D8%B9%D8%A8%D8%A9-3d-%D8%A7%D9%88-2d-%D8%A7%D8%AD%D8%AA%D8%B1%D8%A7%D9%81%D9%8A%D8%A9-%D8%B9%D9%84%D9%8A-%D9%85%D8%AD%D8%B1%D9%83-unity,0.0,0,لم يحسب,0,0,$10.00,أربعة أيام,0,1,10.0,.Ahmed M,https://khamsat.com/user/bmo_dev,True,بائع جديد,0.0,0,لم يحسب بعد,1,0,لم يحسب
برمجة وتطوير,https://khamsat.com/programming,تطوير ألعاب الفيديو,https://khamsat.com/programming/pc-game-development,تصميم stylized props احترافي لتطوير لعبتك,https://khamsat.com/programming/pc-game-development/2701094-%D8%AA%D8%B5%D9%85%D9%8A%D9%85-stylized-props-%D8%A7%D8%AD%D8%AA%D8%B1%D8%A7%D9%81%D9%8A-%D9%84%D8%AA%D8%B7%D9%88%D9%8A%D8%B1-%D9%84%D8%B9%D8%A8%D8%AA%D9%83,0.0,0,لم يحسب,0,0,$5.00,ثلاثة أيام,0,5,50.0,.Ahcene R,https://khamsat.com/user/mootf,False,بائع جديد,0.0,0,لم يحسب بعد,5,0,26 يوم
برمجة وتطوير,https://khamsat.com/programming,تطوير ألعاب الفيديو,https://khamsat.com/programming/pc-game-development,تصميم و برمجة و تطوير و تعديل أي لعبة أو برنامج سكراتش,https://khamsat.com/programming/pc-game-development/3004198-%D8%AA%D8%B5%D9%85%D9%8A%D9%85-%D9%88-%D8%A8%D8%B1%D9%85%D8%AC%D8%A9-%D9%88-%D8%AA%D8%B7%D9%88%D9%8A%D8%B1-%D9%88-%D8%AA%D8%B9%D8%AF%D9%8A%D9%84-%D8%A3%D9%8A-%D9%84%D8%B9%D8%A8%D8%A9-%D8%A3%D9%88-%D8%A8%D8%B1%D9%86%D8%A7%D9%85%D8%AC-%D8%B3%D9%83%D8%B1%D8%A7%D8%AA%D8%B4,0.0,0,لم يحسب,0,0,$10.00,يومين,0,5,35.0,رياض ا.,https://khamsat.com/user/riadhb22,True,بائع جديد,0.0,0,لم يحسب بعد,3,0,لم يحسب
برمجة وتطوير,https://khamsat.com/programming,تطوير ألعاب الفيديو,https://khamsat.com/programming/pc-game-development,تطوير ألعاب و تطبيقات تفاعلية باستخدام محرك Godot,https://khamsat.com/programming/pc-game-development/3003933-%D8%AA%D8%B7%D9%88%D9%8A%D8%B1-%D8%A3%D9%84%D8%B9%D8%A7%D8%A8-%D9%88-%D8%AA%D8%B7%D8%A8%D9%8A%D9%82%D8%A7%D8%AA-%D8%AA%D9%81%D8%A7%D8%B9%D9%84%D9%8A%D8%A9-%D8%A8%D8%A7%D8%B3%D8%AA%D8%AE%D8%AF%D8%A7%D9%85-%D9%85%D8%AD%D8%B1%D9%83-godot,0.0,0,لم يحسب,0,0,$5.00,ثلاثة أيام,0,3,15.0,.Ahmed A,https://khamsat.com/user/ahmed_435,False,بائع جديد,0.0,0,لم يحسب بعد,1,0,لم يحسب
برمجة وتطوير,https://khamsat.com/programming,تطوير ألعاب الفيديو,https://khamsat.com/programming/pc-game-development,تطوير الألعاب باستخدام بايثن,https://khamsat.com/programming/pc-game-development/2923906-%D8%AA%D8%B7%D9%88%D9%8A%D8%B1-%D8%A7%D9%84%D8%A3%D9%84%D8%B9%D8%A7%D8%A8-%D8%A8%D8%A7%D8%B3%D8%AA%D8%AE%D8%AF%D8%A7%D9%85-%D8%A8%D8%A7%D9%8A%D8%AB%D9%86,0.0,0,لم يحسب,0,0,$5.00,أسبوع,0,3,20.0,.Ayhem K,https://khamsat.com/user/ayhemkouki,False,بائع جديد,0.0,0,لم يحسب بعد,1,0,لم يحسب
برمجة وتطوير,https://khamsat.com/programming,تطوير ألعاب الفيديو,https://khamsat.com/programming/pc-game-development,تعريب ألعاب محرك Unreal Engine 4 و 5 بالذكاء الأصطناعي,https://khamsat.com/programming/pc-game-development/2828363-%D8%AA%D8%B9%D8%B1%D9%8A%D8%A8-%D8%A3%D9%84%D8%B9%D8%A7%D8%A8-%D9%85%D8%AD%D8%B1%D9%83-unreal-engine-4-%D9%88-5-%D8%A8%D8%A7%D9%84%D8%B0%D9%83%D8%A7%D8%A1-%D8%A7%D9%84%D8%A3%D8%B5%D8%B7%D9%86%D8%A7%D8%B9%D9%8A,0.0,0,لم يحسب,0,0,$10.00,أربعة أيام,0,3,215.0,.Mohamed A,https://khamsat.com/user/dremam,True,بائع جديد,0.0,0,لم يحسب بعد,3,0,لم يحسب
برمجة وتطوير,https://khamsat.com/programming,تطوير ألعاب الفيديو,https://khamsat.com/programming/pc-game-development,صناعة لعبة تعليمية احترافية من نوع (اختيار متعدد) حسب الطلب,https://khamsat.com/programming/pc-game-development/2707914-%D8%B5%D9%86%D8%A7%D8%B9%D8%A9-%D9%84%D8%B9%D8%A8%D8%A9-%D8%AA%D8%B9%D9%84%D9%8A%D9%85%D9%8A%D8%A9-%D8%A7%D8%AD%D8%AA%D8%B1%D8%A7%D9%81%D9%8A%D8%A9-%D9%85%D9%86-%D9%86%D9%88%D8%B9-%D8%A7%D8%AE%D8%AA%D9%8A%D8%A7%D8%B1-%D9%85%D8%AA%D8%B9%D8%AF%D8%AF-%D8%AD%D8%B3%D8%A8-%D8%A7%D9%84%D8%B7%D9%84%D8%A8,0.0,0,لم يحسب,0,0,$10.00,ثلاثة أيام,0,3,225.0,عبدالله د.,https://khamsat.com/user/abdullah_dalal,True,بائع جديد,0.0,0,لم يحسب بعد,4,0,لم يحسب
برمجة وتطوير,https://khamsat.com/programming,تطوير ألعاب الفيديو,https://khamsat.com/programming/pc-game-development,صناعة لعبة تعليمية متقنة من نوع المسارات المتحركة,https://khamsat.com/programming/pc-game-development/2704349-%D8%B5%D9%86%D8%A7%D8%B9%D8%A9-%D9%84%D8%B9%D8%A8%D8%A9-%D8%AA%D8%B9%D9%84%D9%8A%D9%85%D9%8A%D8%A9-%D9%85%D8%AA%D9%82%D9%86%D8%A9-%D9%85%D9%86-%D9%86%D9%88%D8%B9-%D8%A7%D9%84%D9%85%D8%B3%D8%A7%D8%B1%D8%A7%D8%AA-%D8%A7%D9%84%D9%85%D8%AA%D8%AD%D8%B1%D9%83%D8%A9,0.0,0,لم يحسب,0,0,$10.00,ثلاثة أيام,0,3,225.0,عبدالله د.,https://khamsat.com/user/abdullah_dalal,True,بائع جديد,0.0,0,لم يحسب بعد,4,0,لم يحسب
برمجة وتطوير,https://khamsat.com/programming,تطوير ألعاب الفيديو,https://khamsat.com/programming/pc-game-development,"انشاء اي نوع من الالعاب بوستخدام محرك الالعاب 2d, 3d unity",https://khamsat.com/programming/pc-game-development/2864423-%D8%A7%D9%86%D8%B4%D8%A7%D8%A1-%D8%A7%D9%8A-%D9%86%D9%88%D8%B9-%D9%85%D9%86-%D8%A7%D9%84%D8%A7%D9%84%D8%B9%D8%A7%D8%A8-%D8%A8%D9%88%D8%B3%D8%AA%D8%AE%D8%AF%D8%A7%D9%85-%D9%85%D8%AD%D8%B1%D9%83-%D8%A7%D9%84%D8%A7%D9%84%D8%B9%D8%A7%D8%A8-2d-3d-unity,5.0,3,21 دقيقة,3,0,$5.00,أسبوع,3,3,70.0,.Omar E,https://khamsat.com/user/omar_elshafey2,True,بائع جديد,5.0,3,87.5%,5,3,21 دقيقة
برمجة وتطوير,https://khamsat.com/programming,تطوير ألعاب الفيديو,https://khamsat.com/programming/pc-game-development,اصنع لعبة أحلامك باستخدام Unreal Engine 5 خدمة تطوير ألعاب,https://khamsat.com/programming/pc-game-development/2919470-%D8%A7%D8%B5%D9%86%D8%B9-%D9%84%D8%B9%D8%A8%D8%A9-%D8%A3%D8%AD%D9%84%D8%A7%D9%85%D9%83-%D8%A8%D8%A7%D8%B3%D8%AA%D8%AE%D8%AF%D8%A7%D9%85-unreal-engine-5-%D8%AE%D8%AF%D9%85%D8%A9-%D8%AA%D8%B7%D9%88%D9%8A%D8%B1-%D8%A3%D9%84%D8%B9%D8%A7%D8%A8,0.0,0,لم يحسب,0,0,$10.00,ثلاثة أسابيع,0,0,0.0,منير ع.,https://khamsat.com/user/mounir_odeh,False,بائع جديد,0.0,0,لم يحسب بعد,1,0,لم يحسب
برمجة وتطوير,https://khamsat.com/programming,تطوير ألعاب الفيديو,https://khamsat.com/programming/pc-game-development,صناعة لعبة تعليمية احترافية من نوع (توصيل) حسب الطلب,https://khamsat.com/programming/pc-game-development/2704452-%D8%B5%D9%86%D8%A7%D8%B9%D8%A9-%D9%84%D8%B9%D8%A8%D8%A9-%D8%AA%D8%B9%D9%84%D9%8A%D9%85%D9%8A%D8%A9-%D8%A7%D8%AD%D8%AA%D8%B1%D8%A7%D9%81%D9%8A%D8%A9-%D9%85%D9%86-%D9%86%D9%88%D8%B9-%D8%AA%D9%88%D8%B5%D9%8A%D9%84-%D8%AD%D8%B3%D8%A8-%D8%A7%D9%84%D8%B7%D9%84%D8%A8,0.0,0,لم يحسب,0,0,$10.00,ثلاثة أيام,0,3,225.0,عبدالله د.,https://khamsat.com/user/abdullah_dalal,True,بائع جديد,0.0,0,لم يحسب بعد,4,0,لم يحسب
برمجة وتطوير,https://khamsat.com/programming,تطوير ألعاب الفيديو,https://khamsat.com/programming/pc-game-development,تنفيذ لعبة مثل لعبة super mario,https://khamsat.com/programming/pc-game-development/2643183-%D8%AA%D9%86%D9%81%D9%8A%D8%B0-%D9%84%D8%B9%D8%A8%D8%A9-%D9%85%D8%AB%D9%84-%D9%84%D8%B9%D8%A8%D8%A9-super-mario,0.0,0,لم يحسب,0,0,$5.00,ستة أيام,0,1,15.0,.Aya G,https://khamsat.com/user/aya_ghanem5,True,مشتري جديد,0.0,0,لم يحسب بعد,5,0,5 ساعات
برمجة وتطوير,https://khamsat.com/programming,تطوير ألعاب الفيديو,https://khamsat.com/programming/pc-game-development,برمجة العاب 2d و 3d على محرك unity,https://khamsat.com/programming/pc-game-development/2758573-%D8%A8%D8%B1%D9%85%D8%AC%D8%A9-%D8%A7%D9%84%D8%B9%D8%A7%D8%A8-2d-%D9%88-3d-%D8%B9%D9%84%D9%89-%D9%85%D8%AD%D8%B1%D9%83-unity,0.0,0,لم يحسب,0,0,$10.00,شهر,0,1,5.0,.Monsif L,https://khamsat.com/user/monsif_la,False,بائع جديد,0.0,0,لم يحسب بعد,5,0,17 دقيقة
برمجة وتطوير,https://khamsat.com/programming,تطوير ألعاب الفيديو,https://khamsat.com/programming/pc-game-development,انشاء اي نوع من الالعاب بواسطة محرك الالعاب unity,https://khamsat.com/programming/pc-game-development/1900442-%D8%A7%D9%86%D8%B4%D8%A7%D8%A1-%D8%A7%D9%8A-%D9%86%D9%88%D8%B9-%D9%85%D9%86-%D8%A7%D9%84%D8%A7%D9%84%D8%B9%D8%A7%D8%A8-%D8%A8%D9%88%D8%A7%D8%B3%D8%B7%D8%A9-%D9%85%D8%AD%D8%B1%D9%83-%D8%A7%D9%84%D8%A7%D9%84%D8%B9%D8%A7%D8%A8-unity,5.0,2,5 ساعات,4,0,$10.00,أسبوعين,2,4,90.0,.Mostafa M,https://khamsat.com/user/mostafamom13,True,بائع جديد,5.0,3,75.0%,2,5,5 ساعات
برمجة وتطوير,https://khamsat.com/programming,تطوير ألعاب الفيديو,https://khamsat.com/programming/pc-game-development,تطويرألعاب 2D أو 3D باستخدام محرك unity3D,https://khamsat.com/programming/pc-game-development/2867120-%D8%AA%D8%B7%D9%88%D9%8A%D8%B1%D8%A3%D9%84%D8%B9%D8%A7%D8%A8-2d-%D8%A3%D9%88-3d-%D8%A8%D8%A7%D8%B3%D8%AA%D8%AE%D8%AF%D8%A7%D9%85-%D9%85%D8%AD%D8%B1%D9%83-unity3d,0.0,0,لم يحسب,0,0,$10.00,أسبوع,0,3,25.0,يحيى ب.,https://khamsat.com/user/yahya_bakour,True,بائع جديد,0.0,0,لم يحسب بعد,1,0,لم يحسب
برمجة وتطوير,https://khamsat.com/programming,تطوير ألعاب الفيديو,https://khamsat.com/programming/pc-game-development,تطوير سيرفر حرب السرير في لعبة ماين كرافت,https://khamsat.com/programming/pc-game-development/3013778-%D8%AA%D8%B7%D9%88%D9%8A%D8%B1-%D8%B3%D9%8A%D8%B1%D9%81%D8%B1-%D8%AD%D8%B1%D8%A8-%D8%A7%D9%84%D8%B3%D8%B1%D9%8A%D8%B1-%D9%81%D9%8A-%D9%84%D8%B9%D8%A8%D8%A9-%D9%85%D8%A7%D9%8A%D9%86-%D9%83%D8%B1%D8%A7%D9%81%D8%AA,0.0,0,لم يحسب,0,0,$5.00,أسبوع,0,2,10.0,.Laith A,https://khamsat.com/user/laithgaming0000,True,بائع جديد,0.0,0,لم يحسب بعد,1,0,لم يحسب
برمجة وتطوير,https://khamsat.com/programming,تطوير ألعاب الفيديو,https://khamsat.com/programming/pc-game-development,"برمجه , تطوير لعبه 2D على godot",https://khamsat.com/programming/pc-game-development/2961233-%D8%A8%D8%B1%D9%85%D8%AC%D9%87-%D8%AA%D8%B7%D9%88%D9%8A%D8%B1-%D9%84%D8%B9%D8%A8%D9%87-2d-%D8%B9%D9%84%D9%89-godot,0.0,0,لم يحسب,0,0,$5.00,أسبوع,0,1,5.0,ادم ي.,https://khamsat.com/user/adam11you_ssef,False,بائع جديد,0.0,0,لم يحسب بعد,1,0,لم يحسب
برمجة وتطوير,https://khamsat.com/programming,تطوير ألعاب الفيديو,https://khamsat.com/programming/pc-game-development,تصميم لعبة ثلاثية الابعاد,https://khamsat.com/programming/pc-game-development/2404064-%D8%AA%D8%B5%D9%85%D9%8A%D9%85-%D9%84%D8%B9%D8%A8%D8%A9-%D8%AB%D9%84%D8%A7%D8%AB%D9%8A%D8%A9-%D8%A7%D9%84%D8%A7%D8%A8%D8%B9%D8%A7%D8%AF,0.0,0,3 أيام,0,0,$5.00,ثلاثة أيام,0,0,0.0,.Mohamed D,https://khamsat.com/user/mohamed0779,False,بائع جديد,0.0,0,لم يحسب بعد,1,0,3 أيام
برمجة وتطوير,https://khamsat.com/programming,أنظمة التشغيل والبرمجيات,https://khamsat.com/programming/os-software-support,دعم فني لمشاكل الويندوز والتعريفات,https://khamsat.com/programming/os-software-support/2505324-%D8%AF%D8%B9%D9%85-%D9%81%D9%86%D9%8A-%D9%84%D9%85%D8%B4%D8%A7%D9%83%D9%84-%D8%A7%D9%84%D9%88%D9%8A%D9%86%D8%AF%D9%88%D8%B2-%D9%88%D8%A7%D9%84%D8%AA%D8%B9%D8%B1%D9%8A%D9%81%D8%A7%D8%AA,4.5,10,28 دقيقة,12,0,$10.00,يوم واحد,10,0,0.0,.Karim A,https://khamsat.com/user/karimayman9320,True,بائع نشيط,4.5,10,100.0%,1,12,28 دقيقة
برمجة وتطوير,https://khamsat.com/programming,أنظمة التشغيل والبرمجيات,https://khamsat.com/programming/os-software-support,مساعدة في تشغيل برنامج الحضور والانصراف BioTime8.5,https://khamsat.com/programming/os-software-support/1905930-%D9%85%D8%B3%D8%A7%D8%B9%D8%AF%D8%A9-%D9%81%D9%8A-%D8%AA%D8%B4%D8%BA%D9%8A%D9%84-%D8%A8%D8%B1%D9%86%D8%A7%D9%85%D8%AC-%D8%A7%D9%84%D8%AD%D8%B6%D9%88%D8%B1-%D9%88%D8%A7%D9%84%D8%A7%D9%86%D8%B5%D8%B1%D8%A7%D9%81-biotime8.5,5.0,10,18 دقيقة,11,0,$25.00,يوم واحد,10,1,100.0,.Ayman E,https://khamsat.com/user/aymanahmedx1,True,بائع نشيط,5.0,10,90.91%,3,11,ساعة
برمجة وتطوير,https://khamsat.com/programming,أنظمة التشغيل والبرمجيات,https://khamsat.com/programming/os-software-support,تصميم صفحات نوشن لتنظيم حياتك العمليه او الشخصيه Notion,https://khamsat.com/programming/os-software-support/2574357-%D8%AA%D8%B5%D9%85%D9%8A%D9%85-%D8%B5%D9%81%D8%AD%D8%A7%D8%AA-%D9%86%D9%88%D8%B4%D9%86-%D9%84%D8%AA%D9%86%D8%B8%D9%8A%D9%85-%D8%AD%D9%8A%D8%A7%D8%AA%D9%83-%D8%A7%D9%84%D8%B9%D9%85%D9%84%D9%8A%D9%87-%D8%A7%D9%88-%D8%A7%D9%84%D8%B4%D8%AE%D8%B5%D9%8A%D9%87-notion,5.0,10,ساعتين,14,0,$20.00,يوم واحد,10,4,320.0,.Amr S,https://khamsat.com/user/amrsayed94,True,بائع نشيط,5.0,10,89.47%,1,14,ساعتين
برمجة وتطوير,https://khamsat.com/programming,أنظمة التشغيل والبرمجيات,https://khamsat.com/programming/os-software-support,تقديم خدمات DevOps شاملة مع دمج أدوات مثل Jenkins وDocker,https://khamsat.com/programming/os-software-support/3047517-%D8%AA%D9%82%D8%AF%D9%8A%D9%85-%D8%AE%D8%AF%D9%85%D8%A7%D8%AA-devops-%D8%B4%D8%A7%D9%85%D9%84%D8%A9-%D9%85%D8%B9-%D8%AF%D9%85%D8%AC-%D8%A3%D8%AF%D9%88%D8%A7%D8%AA-%D9%85%D8%AB%D9%84-jenkins-%D9%88docker,0.0,0,لم يحسب,1,0,$5.00,يوم واحد,0,1,5.0,.Ahmed K,https://khamsat.com/user/ahmedkhamis16,True,بائع جديد,0.0,0,100.0%,1,1,لم يحسب
برمجة وتطوير,https://khamsat.com/programming,أنظمة التشغيل والبرمجيات,https://khamsat.com/programming/os-software-support,مساعدتك في تثبيت برنامج ميكروسوفت اوفيس علي الماك,https://khamsat.com/programming/os-software-support/2335091-%D9%85%D8%B3%D8%A7%D8%B9%D8%AF%D8%AA%D9%83-%D9%81%D9%8A-%D8%AA%D8%AB%D8%A8%D9%8A%D8%AA-%D8%A8%D8%B1%D9%86%D8%A7%D9%85%D8%AC-%D9%85%D9%8A%D9%83%D8%B1%D9%88%D8%B3%D9%88%D9%81%D8%AA-%D8%A7%D9%88%D9%81%D9%8A%D8%B3-%D8%B9%D9%84%D9%8A-%D8%A7%D9%84%D9%85%D8%A7%D9%83,5.0,3,4 دقائق,3,0,$10.00,يوم واحد,3,0,0.0,عبدالله ا.,https://khamsat.com/user/%D8%B9%D8%A8%D8%AF%D8%A7%D9%84%D9%84%D9%87-%D8%A7%D9%84%D9%87%D9%86%D8%AF%D8%A7%D9%88%D9%8A,True,بائع نشيط,5.0,9,94.44%,5,6,17 دقيقة
برمجة وتطوير,https://khamsat.com/programming,أنظمة التشغيل والبرمجيات,https://khamsat.com/programming/os-software-support,مساعدتك في تثبيت برامج adobe creative cloud علي الماك,https://khamsat.com/programming/os-software-support/2331166-%D9%85%D8%B3%D8%A7%D8%B9%D8%AF%D8%AA%D9%83-%D9%81%D9%8A-%D8%AA%D8%AB%D8%A8%D9%8A%D8%AA-%D8%A8%D8%B1%D8%A7%D9%85%D8%AC-adobe-creative-cloud-%D8%B9%D9%84%D9%8A-%D8%A7%D9%84%D9%85%D8%A7%D9%83,5.0,3,6 دقائق,3,0,$10.00,يوم واحد,3,2,30.0,عبدالله ا.,https://khamsat.com/user/%D8%B9%D8%A8%D8%AF%D8%A7%D9%84%D9%84%D9%87-%D8%A7%D9%84%D9%87%D9%86%D8%AF%D8%A7%D9%88%D9%8A,True,بائع نشيط,5.0,9,94.44%,5,6,17 دقيقة
برمجة وتطوير,https://khamsat.com/programming,أنظمة التشغيل والبرمجيات,https://khamsat.com/programming/os-software-support,تنفيذ مشاريع و برمجة و حل أي مسألة باستخدام MATLAB,https://khamsat.com/programming/os-software-support/734331-%D8%AA%D9%86%D9%81%D9%8A%D8%B0-%D9%85%D8%B4%D8%A7%D8%B1%D9%8A%D8%B9-%D9%88-%D8%A8%D8%B1%D9%85%D8%AC%D8%A9-%D9%88-%D8%AD%D9%84-%D8%A3%D9%8A-%D9%85%D8%B3%D8%A3%D9%84%D8%A9-%D8%A8%D8%A7%D8%B3%D8%AA%D8%AE%D8%AF%D8%A7%D9%85-matlab,4.5,5,ساعة,7,0,$10.00,أسبوع,5,1,25.0,.Hamdey E,https://khamsat.com/user/%D8%AD%D9%85%D8%AF%D9%8A-%D8%A7%D9%84%D8%A8%D8%B1%D9%85%D8%A7%D9%88%D9%8A,True,بائع مميز,4.5,11,87.25%,4,15,يوم
برمجة وتطوير,https://khamsat.com/programming,أنظمة التشغيل والبرمجيات,https://khamsat.com/programming/os-software-support,اصلاح جميع المشاكل المتعلقة بأجهزة الماكنتوش والأيفون عن بعد,https://khamsat.com/programming/os-software-support/2438204-%D8%A7%D8%B5%D9%84%D8%A7%D8%AD-%D8%AC%D9%85%D9%8A%D8%B9-%D8%A7%D9%84%D9%85%D8%B4%D8%A7%D9%83%D9%84-%D8%A7%D9%84%D9%85%D8%AA%D8%B9%D9%84%D9%82%D8%A9-%D8%A8%D8%A3%D8%AC%D9%87%D8%B2%D8%A9-%D8%A7%D9%84%D9%85%D8%A7%D9%83%D9%86%D8%AA%D9%88%D8%B4-%D9%88%D8%A7%D9%84%D8%A3%D9%8A%D9%81%D9%88%D9%86-%D8%B9%D9%86-%D8%A8%D8%B9%D8%AF,5.0,1,29 دقيقة,1,0,$5.00,يوم واحد,1,0,0.0,عبدالله ا.,https://khamsat.com/user/%D8%B9%D8%A8%D8%AF%D8%A7%D9%84%D9%84%D9%87-%D8%A7%D9%84%D9%87%D9%86%D8%AF%D8%A7%D9%88%D9%8A,True,بائع نشيط,5.0,9,94.44%,5,6,17 دقيقة
برمجة وتطوير,https://khamsat.com/programming,أنظمة التشغيل والبرمجيات,https://khamsat.com/programming/os-software-support,استطيع مساعدتك لحل مشكلات الويندوز,https://khamsat.com/programming/os-software-support/132660-%D8%A7%D8%B3%D8%AA%D8%B7%D9%8A%D8%B9-%D9%85%D8%B3%D8%A7%D8%B9%D8%AF%D8%AA%D9%83-%D9%84%D8%AD%D9%84-%D9%85%D8%B4%D9%83%D9%84%D8%A7%D8%AA-%D8%A7%D9%84%D9%88%D9%8A%D9%86%D8%AF%D9%88%D8%B2,5.0,7,4 ساعات,12,0,$10.00,أسبوع,7,1,20.0,شريف ا.,https://khamsat.com/user/shreif_said,True,بائع مميز,5.0,65,82.5%,9,93,4 ساعات
برمجة وتطوير,https://khamsat.com/programming,أنظمة التشغيل والبرمجيات,https://khamsat.com/programming/os-software-support,أكتب لك 100 سطر برمجي بلغة Matlab,https://khamsat.com/programming/os-software-support/477913-%D8%A3%D9%83%D8%AA%D8%A8-%D9%84%D9%83-100-%D8%B3%D8%B7%D8%B1-%D8%A8%D8%B1%D9%85%D8%AC%D9%8A-%D8%A8%D9%84%D8%BA%D8%A9-matlab,4.5,12,يوم,17,0,$5.00,يوم واحد,12,2,15.0,.Tarek B,https://khamsat.com/user/tarek_dz14,True,بائع مميز,4.5,107,75.27%,1,129,17 ساعة
برمجة وتطوير,https://khamsat.com/programming,أنظمة التشغيل والبرمجيات,https://khamsat.com/programming/os-software-support,دعم فني لأي مشكلة في برنامج ميكروسوفت اكسس,https://khamsat.com/programming/os-software-support/1124685-%D8%AF%D8%B9%D9%85-%D9%81%D9%86%D9%8A-%D9%84%D8%A3%D9%8A-%D9%85%D8%B4%D9%83%D9%84%D8%A9-%D9%81%D9%8A-%D8%A8%D8%B1%D9%86%D8%A7%D9%85%D8%AC-%D9%85%D9%8A%D9%83%D8%B1%D9%88%D8%B3%D9%88%D9%81%D8%AA-%D8%A7%D9%83%D8%B3%D8%B3,4.5,29,ساعة,33,0,$5.00,ثلاثة أيام,25,5,190.0,عبدالعاطى ا.,https://khamsat.com/user/%D8%B9%D8%A8%D8%AF%D8%A7%D9%84%D8%B9%D8%A7%D8%B7%D9%89-%D8%AD%D9%85%D8%AF%D8%A7%D9%86,True,بائع مميز,4.5,50,97.08%,4,50,ساعتين
برمجة وتطوير,https://khamsat.com/programming,أنظمة التشغيل والبرمجيات,https://khamsat.com/programming/os-software-support,حل جميع مشاكل نظام التشغيل الخاص بك عن بعد,https://khamsat.com/programming/os-software-support/2487734-%D8%AD%D9%84-%D8%AC%D9%85%D9%8A%D8%B9-%D9%85%D8%B4%D8%A7%D9%83%D9%84-%D9%86%D8%B8%D8%A7%D9%85-%D8%A7%D9%84%D8%AA%D8%B4%D8%BA%D9%8A%D9%84-%D8%A7%D9%84%D8%AE%D8%A7%D8%B5-%D8%A8%D9%83-%D8%B9%D9%86-%D8%A8%D8%B9%D8%AF,5.0,2,4 ساعات,5,0,$5.00,يوم واحد,2,2,110.0,.Adham R,https://khamsat.com/user/adhamredwan2,True,بائع جديد,5.0,2,71.43%,2,5,5 ساعات
برمجة وتطوير,https://khamsat.com/programming,أنظمة التشغيل والبرمجيات,https://khamsat.com/programming/os-software-support,برنامج ادارة العقارات والإيجارات الاصدار الثالث - 2023,https://khamsat.com/programming/os-software-support/2704288-%D8%A8%D8%B1%D9%86%D8%A7%D9%85%D8%AC-%D8%A7%D8%AF%D8%A7%D8%B1%D8%A9-%D8%A7%D9%84%D8%B9%D9%82%D8%A7%D8%B1%D8%A7%D8%AA-%D9%88%D8%A7%D9%84%D8%A5%D9%8A%D8%AC%D8%A7%D8%B1%D8%A7%D8%AA-%D8%A7%D9%84%D8%A7%D8%B5%D8%AF%D8%A7%D8%B1-%D8%A7%D9%84%D8%AB%D8%A7%D9%84%D8%AB-2023,5.0,3,ساعة,3,0,$50.00,أسبوع,3,2,75.0,خالد م.,https://khamsat.com/user/kh34d,True,بائع مميز,5.0,48,97.75%,11,47,4 ساعات
برمجة وتطوير,https://khamsat.com/programming,أنظمة التشغيل والبرمجيات,https://khamsat.com/programming/os-software-support,تصميم صفحات Notion لادارة جميع جوانب حياتك باحترافيه جدا,https://khamsat.com/programming/os-software-support/2584245-%D8%AA%D8%B5%D9%85%D9%8A%D9%85-%D8%B5%D9%81%D8%AD%D8%A7%D8%AA-notion-%D9%84%D8%A7%D8%AF%D8%A7%D8%B1%D8%A9-%D8%AC%D9%85%D9%8A%D8%B9-%D8%AC%D9%88%D8%A7%D9%86%D8%A8-%D8%AD%D9%8A%D8%A7%D8%AA%D9%83-%D8%A8%D8%A7%D8%AD%D8%AA%D8%B1%D8%A7%D9%81%D9%8A%D9%87-%D8%AC%D8%AF%D8%A7,5.0,1,3 ساعات,1,0,$5.00,يوم واحد,1,1,5.0,.Ammar E,https://khamsat.com/user/ammar_abbas,True,بائع جديد,5.0,1,100.0%,2,1,3 ساعات
برمجة وتطوير,https://khamsat.com/programming,أنظمة التشغيل والبرمجيات,https://khamsat.com/programming/os-software-support,خدمة الدعم الفني التقني لأجهزة الكومبيوتر والشبكات,https://khamsat.com/programming/os-software-support/1568384-%D8%AE%D8%AF%D9%85%D8%A9-%D8%A7%D9%84%D8%AF%D8%B9%D9%85-%D8%A7%D9%84%D9%81%D9%86%D9%8A-%D8%A7%D9%84%D8%AA%D9%82%D9%86%D9%8A-%D9%84%D8%A3%D8%AC%D9%87%D8%B2%D8%A9-%D8%A7%D9%84%D9%83%D9%88%D9%85%D8%A8%D9%8A%D9%88%D8%AA%D8%B1-%D9%88%D8%A7%D9%84%D8%B4%D8%A8%D9%83%D8%A7%D8%AA,5.0,7,12 دقيقة,6,0,$5.00,يوم واحد,7,3,85.0,.Mohamed H,https://khamsat.com/user/mohamed-hassan9,True,بائع نشيط,5.0,21,88.89%,5,20,ساعة
برمجة وتطوير,https://khamsat.com/programming,أنظمة التشغيل والبرمجيات,https://khamsat.com/programming/os-software-support,اقتراح اسكربتات وتطبيقات جاهزة لأي مشروع ترغب فيه,https://khamsat.com/programming/os-software-support/2765952-%D8%A7%D9%82%D8%AA%D8%B1%D8%A7%D8%AD-%D8%A7%D8%B3%D9%83%D8%B1%D8%A8%D8%AA%D8%A7%D8%AA-%D9%88%D8%AA%D8%B7%D8%A8%D9%8A%D9%82%D8%A7%D8%AA-%D8%AC%D8%A7%D9%87%D8%B2%D8%A9-%D9%84%D8%A3%D9%8A-%D9%85%D8%B4%D8%B1%D9%88%D8%B9-%D8%AA%D8%B1%D8%BA%D8%A8-%D9%81%D9%8A%D9%87,5.0,1,11 ساعة,1,0,$5.00,يوم واحد,1,3,15.0,عبد الله ا.,https://khamsat.com/user/almondass,True,مشتري مميز,5.0,1,100.0%,1,1,11 ساعة
برمجة وتطوير,https://khamsat.com/programming,أنظمة التشغيل والبرمجيات,https://khamsat.com/programming/os-software-support,دعم فني لحل جميع مشاكل نظام ويندوز و التعريفات و البرنامج,https://khamsat.com/programming/os-software-support/2892932-%D8%AF%D8%B9%D9%85-%D9%81%D9%86%D9%8A-%D9%84%D8%AD%D9%84-%D8%AC%D9%85%D9%8A%D8%B9-%D9%85%D8%B4%D8%A7%D9%83%D9%84-%D9%86%D8%B8%D8%A7%D9%85-%D9%88%D9%8A%D9%86%D8%AF%D9%88%D8%B2-%D9%88-%D8%A7%D9%84%D8%AA%D8%B9%D8%B1%D9%8A%D9%81%D8%A7%D8%AA-%D9%88-%D8%A7%D9%84%D8%A8%D8%B1%D9%86%D8%A7%D9%85%D8%AC,0.0,0,7 ساعات,1,0,$5.00,يوم واحد,0,0,0.0,.Mahmoud A,https://khamsat.com/user/mahmoudasal656,True,بائع جديد,0.0,0,100.0%,1,1,7 ساعات
برمجة وتطوير,https://khamsat.com/programming,أنظمة التشغيل والبرمجيات,https://khamsat.com/programming/os-software-support,الدعم الفني وحل مشاكل أنظمة التشغيل (Linux - Windows),https://khamsat.com/programming/os-software-support/1597876-%D8%A7%D9%84%D8%AF%D8%B9%D9%85-%D8%A7%D9%84%D9%81%D9%86%D9%8A-%D9%88%D8%AD%D9%84-%D9%85%D8%B4%D8%A7%D9%83%D9%84-%D8%A3%D9%86%D8%B8%D9%85%D8%A9-%D8%A7%D9%84%D8%AA%D8%B4%D8%BA%D9%8A%D9%84-linux-windows,5.0,3,8 ساعات,3,0,$10.00,يوم واحد,3,2,60.0,.Idris A,https://khamsat.com/user/idrisahmed,True,بائع نشيط,5.0,12,83.78%,8,12,3 ساعات
برمجة وتطوير,https://khamsat.com/programming,أنظمة التشغيل والبرمجيات,https://khamsat.com/programming/os-software-support,أصلاح أي مشكلة في الكمبيوتر والايفون (دعم فني ابل),https://khamsat.com/programming/os-software-support/2246462-%D8%A3%D8%B5%D9%84%D8%A7%D8%AD-%D8%A3%D9%8A-%D9%85%D8%B4%D9%83%D9%84%D8%A9-%D9%81%D9%8A-%D8%A7%D9%84%D9%83%D9%85%D8%A8%D9%8A%D9%88%D8%AA%D8%B1-%D9%88%D8%A7%D9%84%D8%A7%D9%8A%D9%81%D9%88%D9%86-%D8%AF%D8%B9%D9%85-%D9%81%D9%86%D9%8A-%D8%A7%D8%A8%D9%84,5.0,1,22 دقيقة,1,0,$5.00,يوم واحد,1,0,0.0,عبدالله ا.,https://khamsat.com/user/%D8%B9%D8%A8%D8%AF%D8%A7%D9%84%D9%84%D9%87-%D8%A7%D9%84%D9%87%D9%86%D8%AF%D8%A7%D9%88%D9%8A,True,بائع نشيط,5.0,9,94.44%,5,6,17 دقيقة
برمجة وتطوير,https://khamsat.com/programming,أنظمة التشغيل والبرمجيات,https://khamsat.com/programming/os-software-support,حل مشاكل Linux و تثبيت برامج و مكتبات,https://khamsat.com/programming/os-software-support/2807102-%D8%AD%D9%84-%D9%85%D8%B4%D8%A7%D9%83%D9%84-linux-%D9%88-%D8%AA%D8%AB%D8%A8%D9%8A%D8%AA-%D8%A8%D8%B1%D8%A7%D9%85%D8%AC-%D9%88-%D9%85%D9%83%D8%AA%D8%A8%D8%A7%D8%AA,5.0,1,26 دقيقة,1,0,$5.00,يوم واحد,1,5,45.0,.Saleh A,https://khamsat.com/user/salehbastwisy,True,بائع جديد,5.0,1,100.0%,4,1,26 دقيقة
برمجة وتطوير,https://khamsat.com/programming,أنظمة التشغيل والبرمجيات,https://khamsat.com/programming/os-software-support,مساعدة في تنزيل برامج وأنظمة تشغيل الويندوز ( Windows ),https://khamsat.com/programming/os-software-support/1885117-%D9%85%D8%B3%D8%A7%D8%B9%D8%AF%D8%A9-%D9%81%D9%8A-%D8%AA%D9%86%D8%B2%D9%8A%D9%84-%D8%A8%D8%B1%D8%A7%D9%85%D8%AC-%D9%88%D8%A3%D9%86%D8%B8%D9%85%D8%A9-%D8%AA%D8%B4%D8%BA%D9%8A%D9%84-%D8%A7%D9%84%D9%88%D9%8A%D9%86%D8%AF%D9%88%D8%B2-windows,5.0,1,50 دقيقة,1,0,$5.00,يوم واحد,1,1,5.0,محمود ز.,https://khamsat.com/user/%D9%85%D8%AD%D9%85%D9%88%D8%AF-%D8%B2%D9%83%D8%B1%D9%8A%D8%A7-%D8%B2%D9%83%D8%B1%D9%8A%D8%A7,True,بائع نشيط,5.0,17,89.36%,3,21,10 ساعات
برمجة وتطوير,https://khamsat.com/programming,أنظمة التشغيل والبرمجيات,https://khamsat.com/programming/os-software-support,دعم فنى لنظم تشغيل Microsoft Windows عن بعد,https://khamsat.com/programming/os-software-support/1627853-%D8%AF%D8%B9%D9%85-%D9%81%D9%86%D9%89-%D9%84%D9%86%D8%B8%D9%85-%D8%AA%D8%B4%D8%BA%D9%8A%D9%84-microsoft-windows-%D8%B9%D9%86-%D8%A8%D8%B9%D8%AF,5.0,5,23 دقيقة,8,0,$5.00,يوم واحد,5,0,0.0,.Abdelmonem A,https://khamsat.com/user/abdelmonem_ali,True,بائع نشيط,5.0,18,100.0%,6,23,52 دقيقة
برمجة وتطوير,https://khamsat.com/programming,أنظمة التشغيل والبرمجيات,https://khamsat.com/programming/os-software-support,انشاء أو حل مشاكل جميع انظمة Linux,https://khamsat.com/programming/os-software-support/2609492-%D8%A7%D9%86%D8%B4%D8%A7%D8%A1-%D8%A3%D9%88-%D8%AD%D9%84-%D9%85%D8%B4%D8%A7%D9%83%D9%84-%D8%AC%D9%85%D9%8A%D8%B9-%D8%A7%D9%86%D8%B8%D9%85%D8%A9-linux,5.0,11,6 ساعات,11,0,$10.00,يوم واحد,11,2,40.0,احمد ا.,https://khamsat.com/user/ahmedibrahem16,True,بائع مميز,5.0,94,98.48%,7,98,ساعتين
برمجة وتطوير,https://khamsat.com/programming,أنظمة التشغيل والبرمجيات,https://khamsat.com/programming/os-software-support,إصلاح جميع مشاكل الويندوز,https://khamsat.com/programming/os-software-support/2865276-%D8%A5%D8%B5%D9%84%D8%A7%D8%AD-%D8%AC%D9%85%D9%8A%D8%B9-%D9%85%D8%B4%D8%A7%D9%83%D9%84-%D8%A7%D9%84%D9%88%D9%8A%D9%86%D8%AF%D9%88%D8%B2,5.0,1,8 دقائق,1,0,$5.00,يوم واحد,1,0,0.0,مهاب ح.,https://khamsat.com/user/mohabhassan1883,True,بائع جديد,5.0,1,100.0%,1,1,8 دقائق
برمجة وتطوير,https://khamsat.com/programming,أنظمة التشغيل والبرمجيات,https://khamsat.com/programming/os-software-support,حل مشاكل الويندوز و الكمبيوتر,https://khamsat.com/programming/os-software-support/989715-%D8%AD%D9%84-%D9%85%D8%B4%D8%A7%D9%83%D9%84-%D8%A7%D9%84%D9%88%D9%8A%D9%86%D8%AF%D9%88%D8%B2-%D9%88-%D8%A7%D9%84%D9%83%D9%85%D8%A8%D9%8A%D9%88%D8%AA%D8%B1,5.0,2,7 ساعات,2,0,$5.00,يوم واحد,2,0,0.0,محمد ا.,https://khamsat.com/user/m.msoty,True,بائع نشيط,5.0,6,80.0%,5,6,4 ساعات
برمجة وتطوير,https://khamsat.com/programming,أنظمة التشغيل والبرمجيات,https://khamsat.com/programming/os-software-support,دعم تقني لانظمة تشغيل Microsoft Windows,https://khamsat.com/programming/os-software-support/2741383-%D8%AF%D8%B9%D9%85-%D8%AA%D9%82%D9%86%D9%8A-%D9%84%D8%A7%D9%86%D8%B8%D9%85%D8%A9-%D8%AA%D8%B4%D8%BA%D9%8A%D9%84-microsoft-windows,5.0,2,ساعة,2,0,$5.00,يوم واحد,2,0,0.0,نوار م.,https://khamsat.com/user/%D9%86%D9%88%D8%A7%D8%B1-%D9%85%D8%B1%D8%B9%D9%8A,True,بائع جديد,5.0,2,100.0%,3,2,ساعة
برمجة وتطوير,https://khamsat.com/programming,أنظمة التشغيل والبرمجيات,https://khamsat.com/programming/os-software-support,صيانة عن بعد و حل مشاكل الويندوز,https://khamsat.com/programming/os-software-support/1851296-%D8%B5%D9%8A%D8%A7%D9%86%D8%A9-%D8%B9%D9%86-%D8%A8%D8%B9%D8%AF-%D9%88-%D8%AD%D9%84-%D9%85%D8%B4%D8%A7%D9%83%D9%84-%D8%A7%D9%84%D9%88%D9%8A%D9%86%D8%AF%D9%88%D8%B2,5.0,8,ساعتين,10,0,$5.00,يوم واحد,8,0,0.0,.Mohamed S,https://khamsat.com/user/mohamed-saied-14,True,بائع نشيط,5.0,14,90.63%,6,17,ساعتين
برمجة وتطوير,https://khamsat.com/programming,أنظمة التشغيل والبرمجيات,https://khamsat.com/programming/os-software-support,إصلاح مشاكل السيرفرات windows server,https://khamsat.com/programming/os-software-support/2355343-%D8%A5%D8%B5%D9%84%D8%A7%D8%AD-%D9%85%D8%B4%D8%A7%D9%83%D9%84-%D8%A7%D9%84%D8%B3%D9%8A%D8%B1%D9%81%D8%B1%D8%A7%D8%AA-windows-server,5.0,1,5 ساعات,1,0,$10.00,يوم واحد,1,3,140.0,مصطفى ا.,https://khamsat.com/user/moustafa_elansary,True,بائع جديد,5.0,1,100.0%,1,1,5 ساعات
برمجة وتطوير,https://khamsat.com/programming,أنظمة التشغيل والبرمجيات,https://khamsat.com/programming/os-software-support,نمذجة ومحاكاة باستخدام Matlab & Simulink,https://khamsat.com/programming/os-software-support/1753833-%D9%86%D9%85%D8%B0%D8%AC%D8%A9-%D9%88%D9%85%D8%AD%D8%A7%D9%83%D8%A7%D8%A9-%D8%A8%D8%A7%D8%B3%D8%AA%D8%AE%D8%AF%D8%A7%D9%85-matlab-simulink,5.0,2,ساعة,2,0,$5.00,يوم واحد,2,1,10.0,.Sadik T,https://khamsat.com/user/sadiko88,True,بائع مميز,4.5,112,98.71%,7,135,ساعتين
برمجة وتطوير,https://khamsat.com/programming,أنظمة التشغيل والبرمجيات,https://khamsat.com/programming/os-software-support,دعم فنى لانظمة ويندوز سيرفر windows server,https://khamsat.com/programming/os-software-support/1653559-%D8%AF%D8%B9%D9%85-%D9%81%D9%86%D9%89-%D9%84%D8%A7%D9%86%D8%B8%D9%85%D8%A9-%D9%88%D9%8A%D9%86%D8%AF%D9%88%D8%B2-%D8%B3%D9%8A%D8%B1%D9%81%D8%B1-windows-server,5.0,6,ساعتين,9,0,$10.00,يومين,6,0,0.0,.Abdelmonem A,https://khamsat.com/user/abdelmonem_ali,True,بائع نشيط,5.0,18,100.0%,6,23,52 دقيقة
برمجة وتطوير,https://khamsat.com/programming,أمن وحماية البيانات,https://khamsat.com/programming/cybersecurity-data-protection,حماية برنامجك المصمم بميكروسوفت اكسس,https://khamsat.com/programming/cybersecurity-data-protection/1132897-%D8%AD%D9%85%D8%A7%D9%8A%D8%A9-%D8%A8%D8%B1%D9%86%D8%A7%D9%85%D8%AC%D9%83-%D8%A7%D9%84%D9%85%D8%B5%D9%85%D9%85-%D8%A8%D9%85%D9%8A%D9%83%D8%B1%D9%88%D8%B3%D9%88%D9%81%D8%AA-%D8%A7%D9%83%D8%B3%D8%B3,4.5,9,ساعة,10,0,$25.00,يومين,9,5,430.0,عبدالعاطى ا.,https://khamsat.com/user/%D8%B9%D8%A8%D8%AF%D8%A7%D9%84%D8%B9%D8%A7%D8%B7%D9%89-%D8%AD%D9%85%D8%AF%D8%A7%D9%86,True,بائع مميز,4.5,50,97.08%,4,50,ساعتين
برمجة وتطوير,https://khamsat.com/programming,أمن وحماية البيانات,https://khamsat.com/programming/cybersecurity-data-protection,عمل تهيئة كاملة لأجهزة الـ Fortigate (full conf.),https://khamsat.com/programming/cybersecurity-data-protection/2822912-%D8%B9%D9%85%D9%84-%D8%AA%D9%87%D9%8A%D8%A6%D8%A9-%D9%83%D8%A7%D9%85%D9%84%D8%A9-%D9%84%D8%A3%D8%AC%D9%87%D8%B2%D8%A9-%D8%A7%D9%84%D9%80-fortigate-full-conf,5.0,1,34 دقيقة,1,0,$10.00,يوم واحد,1,2,115.0,.Mohamed M,https://khamsat.com/user/trmagdy,True,مشتري جديد,5.0,1,100.0%,2,1,34 دقيقة
برمجة وتطوير,https://khamsat.com/programming,أمن وحماية البيانات,https://khamsat.com/programming/cybersecurity-data-protection,فحص حاسوبك فحص شامل من أي فيروسات وملفات ضارة,https://khamsat.com/programming/cybersecurity-data-protection/1162941-%D9%81%D8%AD%D8%B5-%D8%AD%D8%A7%D8%B3%D9%88%D8%A8%D9%83-%D9%81%D8%AD%D8%B5-%D8%B4%D8%A7%D9%85%D9%84-%D9%85%D9%86-%D8%A3%D9%8A-%D9%81%D9%8A%D8%B1%D9%88%D8%B3%D8%A7%D8%AA-%D9%88%D9%85%D9%84%D9%81%D8%A7%D8%AA-%D8%B6%D8%A7%D8%B1%D8%A9,5.0,1,16 دقيقة,1,0,$25.00,يومين,1,2,30.0,وليد ل.,https://khamsat.com/user/%D9%88%D9%84%D9%8A%D8%AF-%D9%84%D9%87%D9%84%D8%A7%D9%84%D9%8A,True,بائع مميز,5.0,47,86.0%,2,59,10 ساعات
برمجة وتطوير,https://khamsat.com/programming,أمن وحماية البيانات,https://khamsat.com/programming/cybersecurity-data-protection,أختبار اكتشاف ثغرات الويب Bug Bounty Hunting,https://khamsat.com/programming/cybersecurity-data-protection/2351371-%D8%A3%D8%AE%D8%AA%D8%A8%D8%A7%D8%B1-%D8%A7%D9%83%D8%AA%D8%B4%D8%A7%D9%81-%D8%AB%D8%BA%D8%B1%D8%A7%D8%AA-%D8%A7%D9%84%D9%88%D9%8A%D8%A8-bug-bounty-hunting,5.0,1,دقيقة,1,0,$5.00,يوم واحد,1,4,25.0,.Saher M,https://khamsat.com/user/saher_muhammed0,True,بائع جديد,5.0,1,100.0%,1,1,دقيقة
برمجة وتطوير,https://khamsat.com/programming,أمن وحماية البيانات,https://khamsat.com/programming/cybersecurity-data-protection,حل مشكلة فيروس الفدية وفك التشفير للملفات,https://khamsat.com/programming/cybersecurity-data-protection/1567927-%D8%AD%D9%84-%D9%85%D8%B4%D9%83%D9%84%D8%A9-%D9%81%D9%8A%D8%B1%D9%88%D8%B3-%D8%A7%D9%84%D9%81%D8%AF%D9%8A%D8%A9-%D9%88%D9%81%D9%83-%D8%A7%D9%84%D8%AA%D8%B4%D9%81%D9%8A%D8%B1-%D9%84%D9%84%D9%85%D9%84%D9%81%D8%A7%D8%AA,5.0,5,3 ساعات,6,0,$5.00,خمسة أيام,5,4,180.0,أحمد ع.,https://khamsat.com/user/ahmed_abdelkarim_1,True,بائع جديد,5.0,5,66.67%,1,6,3 ساعات
برمجة وتطوير,https://khamsat.com/programming,أمن وحماية البيانات,https://khamsat.com/programming/cybersecurity-data-protection,أختبار اكتشاف ثغرات الويب Bug Bounty Hunting,https://khamsat.com/programming/cybersecurity-data-protection/2754701-%D8%A3%D8%AE%D8%AA%D8%A8%D8%A7%D8%B1-%D8%A7%D9%83%D8%AA%D8%B4%D8%A7%D9%81-%D8%AB%D8%BA%D8%B1%D8%A7%D8%AA-%D8%A7%D9%84%D9%88%D9%8A%D8%A8-bug-bounty-hunting,0.0,0,لم يحسب,0,0,$10.00,ثلاثة أيام,0,3,35.0,.Mohamed N,https://khamsat.com/user/mr_array,False,بائع جديد,0.0,0,لم يحسب بعد,2,0,لم يحسب
برمجة وتطوير,https://khamsat.com/programming,أمن وحماية البيانات,https://khamsat.com/programming/cybersecurity-data-protection,تحليل أمان الشبكات وتقييم الثغرات الأمنية,https://khamsat.com/programming/cybersecurity-data-protection/3051562-%D8%AA%D8%AD%D9%84%D9%8A%D9%84-%D8%A3%D9%85%D8%A7%D9%86-%D8%A7%D9%84%D8%B4%D8%A8%D9%83%D8%A7%D8%AA-%D9%88%D8%AA%D9%82%D9%8A%D9%8A%D9%85-%D8%A7%D9%84%D8%AB%D8%BA%D8%B1%D8%A7%D8%AA-%D8%A7%D9%84%D8%A3%D9%85%D9%86%D9%8A%D8%A9,0.0,0,لم يحسب,0,0,$5.00,يومين,0,0,0.0,.Abdelhameed M,https://khamsat.com/user/abdelhameedm_166,True,بائع جديد,0.0,0,لم يحسب بعد,1,0,لم يحسب
برمجة وتطوير,https://khamsat.com/programming,أمن وحماية البيانات,https://khamsat.com/programming/cybersecurity-data-protection,قم بتأمين ملف الاكسل الخاص بك باسم المستخدم و كلمة المرور,https://khamsat.com/programming/cybersecurity-data-protection/2880504-%D9%82%D9%85-%D8%A8%D8%AA%D8%A3%D9%85%D9%8A%D9%86-%D9%85%D9%84%D9%81-%D8%A7%D9%84%D8%A7%D9%83%D8%B3%D9%84-%D8%A7%D9%84%D8%AE%D8%A7%D8%B5-%D8%A8%D9%83-%D8%A8%D8%A7%D8%B3%D9%85-%D8%A7%D9%84%D9%85%D8%B3%D8%AA%D8%AE%D8%AF%D9%85-%D9%88-%D9%83%D9%84%D9%85%D8%A9-%D8%A7%D9%84%D9%85%D8%B1%D9%88%D8%B1,0.0,0,لم يحسب,0,0,$10.00,ثلاثة أيام,0,3,30.0,.Rami G,https://khamsat.com/user/ramigamal,True,بائع جديد,0.0,0,لم يحسب بعد,2,0,4 أيام
برمجة وتطوير,https://khamsat.com/programming,أمن وحماية البيانات,https://khamsat.com/programming/cybersecurity-data-protection,حماية وتحسين سرعة موقعك وربطه مع Cloudflare,https://khamsat.com/programming/cybersecurity-data-protection/3019073-%D8%AD%D9%85%D8%A7%D9%8A%D8%A9-%D9%88%D8%AA%D8%AD%D8%B3%D9%8A%D9%86-%D8%B3%D8%B1%D8%B9%D8%A9-%D9%85%D9%88%D9%82%D8%B9%D9%83-%D9%88%D8%B1%D8%A8%D8%B7%D9%87-%D9%85%D8%B9-cloudflare,0.0,0,لم يحسب,0,0,$10.00,يوم واحد,0,1,10.0,.Ahmed A,https://khamsat.com/user/ahmed_attia85,False,بائع جديد,0.0,0,لم يحسب بعد,2,0,ساعة
برمجة وتطوير,https://khamsat.com/programming,أمن وحماية البيانات,https://khamsat.com/programming/cybersecurity-data-protection,خدمة حماية وتأمين المواقع الإلكترونية حماية موثوقة,https://khamsat.com/programming/cybersecurity-data-protection/2497133-%D8%AE%D8%AF%D9%85%D8%A9-%D8%AD%D9%85%D8%A7%D9%8A%D8%A9-%D9%88%D8%AA%D8%A3%D9%85%D9%8A%D9%86-%D8%A7%D9%84%D9%85%D9%88%D8%A7%D9%82%D8%B9-%D8%A7%D9%84%D8%A5%D9%84%D9%83%D8%AA%D8%B1%D9%88%D9%86%D9%8A%D8%A9-%D8%AD%D9%85%D8%A7%D9%8A%D8%A9-%D9%85%D9%88%D8%AB%D9%88%D9%82%D8%A9,0.0,0,لم يحسب,0,0,$10.00,يومين,0,1,50.0,.Sec T,https://khamsat.com/user/kamelrafat,False,بائع جديد,0.0,0,لم يحسب بعد,1,0,لم يحسب
برمجة وتطوير,https://khamsat.com/programming,أمن وحماية البيانات,https://khamsat.com/programming/cybersecurity-data-protection,تثبيت خادم جدار الحماية PFSENSE AND OPENSENSE,https://khamsat.com/programming/cybersecurity-data-protection/2856638-%D8%AA%D8%AB%D8%A8%D9%8A%D8%AA-%D8%AE%D8%A7%D8%AF%D9%85-%D8%AC%D8%AF%D8%A7%D8%B1-%D8%A7%D9%84%D8%AD%D9%85%D8%A7%D9%8A%D8%A9-pfsense-and-opensense,0.0,0,لم يحسب,0,0,$10.00,يوم واحد,0,0,0.0,حمزة ع.,https://khamsat.com/user/afife94,False,بائع جديد,0.0,0,لم يحسب بعد,4,0,لم يحسب
برمجة وتطوير,https://khamsat.com/programming,أمن وحماية البيانات,https://khamsat.com/programming/cybersecurity-data-protection,الدعم الفني لأنظمة Firewalls UTM,https://khamsat.com/programming/cybersecurity-data-protection/2841223-%D8%A7%D9%84%D8%AF%D8%B9%D9%85-%D8%A7%D9%84%D9%81%D9%86%D9%8A-%D9%84%D8%A3%D9%86%D8%B8%D9%85%D8%A9-firewalls-utm,3.0,2,55 دقيقة,1,0,$10.00,يوم واحد,2,0,0.0,محمد ع.,https://khamsat.com/user/mabkreno,True,بائع جديد,3.0,2,50.0%,3,1,4 ساعات
برمجة وتطوير,https://khamsat.com/programming,أمن وحماية البيانات,https://khamsat.com/programming/cybersecurity-data-protection,سوف اجيبك اسئلتك عن الأمن السيبراني وشهاداتها,https://khamsat.com/programming/cybersecurity-data-protection/2746182-%D8%B3%D9%88%D9%81-%D8%A7%D8%AC%D9%8A%D8%A8%D9%83-%D8%A7%D8%B3%D8%A6%D9%84%D8%AA%D9%83-%D8%B9%D9%86-%D8%A7%D9%84%D8%A3%D9%85%D9%86-%D8%A7%D9%84%D8%B3%D9%8A%D8%A8%D8%B1%D8%A7%D9%86%D9%8A-%D9%88%D8%B4%D9%87%D8%A7%D8%AF%D8%A7%D8%AA%D9%87%D8%A7,0.0,0,9 ساعات,1,0,$5.00,يوم واحد,0,1,20.0,.Abdualrhman D,https://khamsat.com/user/sp3cia1m4n,True,مشتري مميز,0.0,2,100.0%,1,7,5 ساعات
برمجة وتطوير,https://khamsat.com/programming,أمن وحماية البيانات,https://khamsat.com/programming/cybersecurity-data-protection,اقوم بتشفير بياناتك للحماية من الفيروسات,https://khamsat.com/programming/cybersecurity-data-protection/2986485-%D8%A7%D9%82%D9%88%D9%85-%D8%A8%D8%AA%D8%B4%D9%81%D9%8A%D8%B1-%D8%A8%D9%8A%D8%A7%D9%86%D8%A7%D8%AA%D9%83-%D9%84%D9%84%D8%AD%D9%85%D8%A7%D9%8A%D8%A9-%D9%85%D9%86-%D8%A7%D9%84%D9%81%D9%8A%D8%B1%D9%88%D8%B3%D8%A7%D8%AA,0.0,0,لم يحسب,0,0,$5.00,يوم واحد,0,4,55.0,.Mina A,https://khamsat.com/user/minamounir001,True,بائع جديد,0.0,0,لم يحسب بعد,4,0,لم يحسب
برمجة وتطوير,https://khamsat.com/programming,أمن وحماية البيانات,https://khamsat.com/programming/cybersecurity-data-protection,فك تشفير فيرس الفدية للفيدوهات والصور,https://khamsat.com/programming/cybersecurity-data-protection/1428326-%D9%81%D9%83-%D8%AA%D8%B4%D9%81%D9%8A%D8%B1-%D9%81%D9%8A%D8%B1%D8%B3-%D8%A7%D9%84%D9%81%D8%AF%D9%8A%D8%A9-%D9%84%D9%84%D9%81%D9%8A%D8%AF%D9%88%D9%87%D8%A7%D8%AA-%D9%88%D8%A7%D9%84%D8%B5%D9%88%D8%B1,5.0,1,10 ساعات,2,0,$5.00,ثلاثة أيام,1,4,75.0,عاهد ب.,https://khamsat.com/user/ahedbader,True,بائع جديد,5.0,1,90.0%,5,2,6 أيام
برمجة وتطوير,https://khamsat.com/programming,أمن وحماية البيانات,https://khamsat.com/programming/cybersecurity-data-protection,اختبار امان لتطبيقك ويندوز او لينكس 32 او 64 بت,https://khamsat.com/programming/cybersecurity-data-protection/2911367-%D8%A7%D8%AE%D8%AA%D8%A8%D8%A7%D8%B1-%D8%A7%D9%85%D8%A7%D9%86-%D9%84%D8%AA%D8%B7%D8%A8%D9%8A%D9%82%D9%83-%D9%88%D9%8A%D9%86%D8%AF%D9%88%D8%B2-%D8%A7%D9%88-%D9%84%D9%8A%D9%86%D9%83%D8%B3-32-%D8%A7%D9%88-64-%D8%A8%D8%AA,0.0,0,لم يحسب,0,0,$10.00,ثلاثة أيام,0,1,50.0,.Youssef A,https://khamsat.com/user/eljooker04,False,بائع جديد,0.0,0,لم يحسب بعد,1,0,لم يحسب
برمجة وتطوير,https://khamsat.com/programming,أمن وحماية البيانات,https://khamsat.com/programming/cybersecurity-data-protection,تحليل احترافي لملفات Wireshark - كشف الأنشطة المشبوهة وتحديد,https://khamsat.com/programming/cybersecurity-data-protection/3038167-%D8%AA%D8%AD%D9%84%D9%8A%D9%84-%D8%A7%D8%AD%D8%AA%D8%B1%D8%A7%D9%81%D9%8A-%D9%84%D9%85%D9%84%D9%81%D8%A7%D8%AA-wireshark-%D9%83%D8%B4%D9%81-%D8%A7%D9%84%D8%A3%D9%86%D8%B4%D8%B7%D8%A9-%D8%A7%D9%84%D9%85%D8%B4%D8%A8%D9%88%D9%87%D8%A9-%D9%88%D8%AA%D8%AD%D8%AF%D9%8A%D8%AF,0.0,0,لم يحسب,0,0,$5.00,يوم واحد,0,0,0.0,طارق ا.,https://khamsat.com/user/tarek_anwar,True,بائع جديد,0.0,0,لم يحسب بعد,2,0,لم يحسب
برمجة وتطوير,https://khamsat.com/programming,أمن وحماية البيانات,https://khamsat.com/programming/cybersecurity-data-protection,تركيب وربط شهادة الامان SSL على موقعك,https://khamsat.com/programming/cybersecurity-data-protection/3007218-%D8%AA%D8%B1%D9%83%D9%8A%D8%A8-%D9%88%D8%B1%D8%A8%D8%B7-%D8%B4%D9%87%D8%A7%D8%AF%D8%A9-%D8%A7%D9%84%D8%A7%D9%85%D8%A7%D9%86-ssl-%D8%B9%D9%84%D9%89-%D9%85%D9%88%D9%82%D8%B9%D9%83,0.0,0,لم يحسب,0,0,$10.00,يوم واحد,0,0,0.0,.Ehab D,https://khamsat.com/user/ehabdomi,False,بائع جديد,0.0,0,لم يحسب بعد,1,0,لم يحسب
برمجة وتطوير,https://khamsat.com/programming,أمن وحماية البيانات,https://khamsat.com/programming/cybersecurity-data-protection,اختبار الاختراق لتطبيقات الويب المكتوبة بلغة PHP,https://khamsat.com/programming/cybersecurity-data-protection/2692905-%D8%A7%D8%AE%D8%AA%D8%A8%D8%A7%D8%B1-%D8%A7%D9%84%D8%A7%D8%AE%D8%AA%D8%B1%D8%A7%D9%82-%D9%84%D8%AA%D8%B7%D8%A8%D9%8A%D9%82%D8%A7%D8%AA-%D8%A7%D9%84%D9%88%D9%8A%D8%A8-%D8%A7%D9%84%D9%85%D9%83%D8%AA%D9%88%D8%A8%D8%A9-%D8%A8%D9%84%D8%BA%D8%A9-php,0.0,0,لم يحسب,0,0,$10.00,يومين,0,2,70.0,.Yassine E,https://khamsat.com/user/yassin-el-jakani,True,بائع جديد,0.0,0,7.69%,5,1,3 ساعات
برمجة وتطوير,https://khamsat.com/programming,أمن وحماية البيانات,https://khamsat.com/programming/cybersecurity-data-protection,تدقيق شامل لأمان تطبيقات الويب باستخدام أدوات متقدمة وتقرير,https://khamsat.com/programming/cybersecurity-data-protection/2917672-%D8%AA%D8%AF%D9%82%D9%8A%D9%82-%D8%B4%D8%A7%D9%85%D9%84-%D9%84%D8%A3%D9%85%D8%A7%D9%86-%D8%AA%D8%B7%D8%A8%D9%8A%D9%82%D8%A7%D8%AA-%D8%A7%D9%84%D9%88%D9%8A%D8%A8-%D8%A8%D8%A7%D8%B3%D8%AA%D8%AE%D8%AF%D8%A7%D9%85-%D8%A3%D8%AF%D9%88%D8%A7%D8%AA-%D9%85%D8%AA%D9%82%D8%AF%D9%85%D8%A9-%D9%88%D8%AA%D9%82%D8%B1%D9%8A%D8%B1,0.0,0,لم يحسب,0,0,$10.00,يوم واحد,0,0,0.0,حمزة ع.,https://khamsat.com/user/afife94,False,بائع جديد,0.0,0,لم يحسب بعد,4,0,لم يحسب
برمجة وتطوير,https://khamsat.com/programming,أمن وحماية البيانات,https://khamsat.com/programming/cybersecurity-data-protection,تثبيت سيرفر استضافه مواقع متكامل في وقت قياسي,https://khamsat.com/programming/cybersecurity-data-protection/3025325-%D8%AA%D8%AB%D8%A8%D9%8A%D8%AA-%D8%B3%D9%8A%D8%B1%D9%81%D8%B1-%D8%A7%D8%B3%D8%AA%D8%B6%D8%A7%D9%81%D9%87-%D9%85%D9%88%D8%A7%D9%82%D8%B9-%D9%85%D8%AA%D9%83%D8%A7%D9%85%D9%84-%D9%81%D9%8A-%D9%88%D9%82%D8%AA-%D9%82%D9%8A%D8%A7%D8%B3%D9%8A,0.0,0,لم يحسب,0,0,$10.00,يوم واحد,0,2,10.0,.Aya N,https://khamsat.com/user/ayanasr1,True,بائع جديد,0.0,0,لم يحسب بعد,5,0,لم يحسب
برمجة وتطوير,https://khamsat.com/programming,أمن وحماية البيانات,https://khamsat.com/programming/cybersecurity-data-protection,التعامل مع جميع مشاكل الفايروو PFSense - Sophos-OpenSense,https://khamsat.com/programming/cybersecurity-data-protection/2917315-%D8%A7%D9%84%D8%AA%D8%B9%D8%A7%D9%85%D9%84-%D9%85%D8%B9-%D8%AC%D9%85%D9%8A%D8%B9-%D9%85%D8%B4%D8%A7%D9%83%D9%84-%D8%A7%D9%84%D9%81%D8%A7%D9%8A%D8%B1%D9%88%D9%88-pfsense-sophos-opensense,0.0,0,لم يحسب,0,0,$10.00,يوم واحد,0,0,0.0,حمزة ع.,https://khamsat.com/user/afife94,False,بائع جديد,0.0,0,لم يحسب بعد,4,0,لم يحسب
برمجة وتطوير,https://khamsat.com/programming,أمن وحماية البيانات,https://khamsat.com/programming/cybersecurity-data-protection,تركيب شهاده SSL certificate على سيرفر IIS,https://khamsat.com/programming/cybersecurity-data-protection/2847483-%D8%AA%D8%B1%D9%83%D9%8A%D8%A8-%D8%B4%D9%87%D8%A7%D8%AF%D9%87-ssl-certificate-%D8%B9%D9%84%D9%89-%D8%B3%D9%8A%D8%B1%D9%81%D8%B1-iis,0.0,0,لم يحسب,0,0,$10.00,يوم واحد,0,0,0.0,محمد ب.,https://khamsat.com/user/mohamed762762,False,بائع جديد,0.0,0,لم يحسب بعد,2,0,لم يحسب
برمجة وتطوير,https://khamsat.com/programming,أمن وحماية البيانات,https://khamsat.com/programming/cybersecurity-data-protection,10 نصائح لحماية اجهزتك الذكية او المكتبية من الاختراق,https://khamsat.com/programming/cybersecurity-data-protection/615868-10-%D9%86%D8%B5%D8%A7%D8%A6%D8%AD-%D9%84%D8%AD%D9%85%D8%A7%D9%8A%D8%A9-%D8%A7%D8%AC%D9%87%D8%B2%D8%AA%D9%83-%D8%A7%D9%84%D8%B0%D9%83%D9%8A%D8%A9-%D8%A7%D9%88-%D8%A7%D9%84%D9%85%D9%83%D8%AA%D8%A8%D9%8A%D8%A9-%D9%85%D9%86-%D8%A7%D9%84%D8%A7%D8%AE%D8%AA%D8%B1%D8%A7%D9%82,0.0,0,لم يحسب,0,0,$5.00,يومين,0,0,0.0,تامر ا.,https://khamsat.com/user/%D8%AA%D8%A7%D9%85%D8%B1%D8%B3%D9%8A%D8%AF-%D8%A7%D8%AD%D9%85%D8%AF,False,مشتري جديد,0.0,0,لم يحسب بعد,1,0,لم يحسب
برمجة وتطوير,https://khamsat.com/programming,أمن وحماية البيانات,https://khamsat.com/programming/cybersecurity-data-protection,الدعم الفني لأنظمة Firewalls Fortinet,https://khamsat.com/programming/cybersecurity-data-protection/2869797-%D8%A7%D9%84%D8%AF%D8%B9%D9%85-%D8%A7%D9%84%D9%81%D9%86%D9%8A-%D9%84%D8%A3%D9%86%D8%B8%D9%85%D8%A9-firewalls-fortinet,0.0,0,لم يحسب,0,0,$10.00,يوم واحد,0,4,255.0,.Adie A,https://khamsat.com/user/abdessamadbenyachcho,False,بائع جديد,0.0,0,لم يحسب بعد,2,0,لم يحسب
برمجة وتطوير,https://khamsat.com/programming,أمن وحماية البيانات,https://khamsat.com/programming/cybersecurity-data-protection,عمل تأمين لبرنامج الاكسس ضد الإختراق ونسخ أو نقل البيانات,https://khamsat.com/programming/cybersecurity-data-protection/2876746-%D8%B9%D9%85%D9%84-%D8%AA%D8%A3%D9%85%D9%8A%D9%86-%D9%84%D8%A8%D8%B1%D9%86%D8%A7%D9%85%D8%AC-%D8%A7%D9%84%D8%A7%D9%83%D8%B3%D8%B3-%D8%B6%D8%AF-%D8%A7%D9%84%D8%A5%D8%AE%D8%AA%D8%B1%D8%A7%D9%82-%D9%88%D9%86%D8%B3%D8%AE-%D8%A3%D9%88-%D9%86%D9%82%D9%84-%D8%A7%D9%84%D8%A8%D9%8A%D8%A7%D9%86%D8%A7%D8%AA,0.0,0,لم يحسب,0,0,$10.00,يومين,0,5,150.0,محمد ا.,https://khamsat.com/user/mohammad_el_masry,True,بائع جديد,5.0,3,100.0%,3,2,ساعة
برمجة وتطوير,https://khamsat.com/programming,أمن وحماية البيانات,https://khamsat.com/programming/cybersecurity-data-protection,تنصيب فايروول من أى شركة مصنعة و برمجته بالإعدادات المطلوبة,https://khamsat.com/programming/cybersecurity-data-protection/2325816-%D8%AA%D9%86%D8%B5%D9%8A%D8%A8-%D9%81%D8%A7%D9%8A%D8%B1%D9%88%D9%88%D9%84-%D9%85%D9%86-%D8%A3%D9%89-%D8%B4%D8%B1%D9%83%D8%A9-%D9%85%D8%B5%D9%86%D8%B9%D8%A9-%D9%88-%D8%A8%D8%B1%D9%85%D8%AC%D8%AA%D9%87-%D8%A8%D8%A7%D9%84%D8%A5%D8%B9%D8%AF%D8%A7%D8%AF%D8%A7%D8%AA-%D8%A7%D9%84%D9%85%D8%B7%D9%84%D9%88%D8%A8%D8%A9,0.0,0,ساعتين,0,0,$10.00,يوم واحد,0,5,90.0,.Mohamed E,https://khamsat.com/user/mohamedusama50,True,بائع نشيط,4.5,6,87.5%,6,7,23 ساعة
برمجة وتطوير,https://khamsat.com/programming,أمن وحماية البيانات,https://khamsat.com/programming/cybersecurity-data-protection,تثبيت و تعريف كافة منتجات Fortinet FortiGate,https://khamsat.com/programming/cybersecurity-data-protection/2738129-%D8%AA%D8%AB%D8%A8%D9%8A%D8%AA-%D9%88-%D8%AA%D8%B9%D8%B1%D9%8A%D9%81-%D9%83%D8%A7%D9%81%D8%A9-%D9%85%D9%86%D8%AA%D8%AC%D8%A7%D8%AA-fortinet-fortigate,0.0,0,لم يحسب,0,0,$10.00,يومين,0,4,80.0,.Mohammed S,https://khamsat.com/user/mohamedsamy588,True,بائع جديد,0.0,0,لم يحسب بعد,1,0,لم يحسب
برمجة وتطوير,https://khamsat.com/programming,أمن وحماية البيانات,https://khamsat.com/programming/cybersecurity-data-protection,حل مشاكل و بناء جدار الحماية firewall fortinet لشبكتك,https://khamsat.com/programming/cybersecurity-data-protection/2705796-%D8%AD%D9%84-%D9%85%D8%B4%D8%A7%D9%83%D9%84-%D9%88-%D8%A8%D9%86%D8%A7%D8%A1-%D8%AC%D8%AF%D8%A7%D8%B1-%D8%A7%D9%84%D8%AD%D9%85%D8%A7%D9%8A%D8%A9-firewall-fortinet-%D9%84%D8%B4%D8%A8%D9%83%D8%AA%D9%83,0.0,0,لم يحسب,0,0,$10.00,يومين,0,1,15.0,.Zakaria S,https://khamsat.com/user/zakaria_sari,True,بائع جديد,5.0,3,100.0%,5,4,ساعة
برمجة وتطوير,https://khamsat.com/programming,أمن وحماية البيانات,https://khamsat.com/programming/cybersecurity-data-protection,تجهيز الشركات للحصول على شهادة ارامكو للأمن السيبراني CCC,https://khamsat.com/programming/cybersecurity-data-protection/2974655-%D8%AA%D8%AC%D9%87%D9%8A%D8%B2-%D8%A7%D9%84%D8%B4%D8%B1%D9%83%D8%A7%D8%AA-%D9%84%D9%84%D8%AD%D8%B5%D9%88%D9%84-%D8%B9%D9%84%D9%89-%D8%B4%D9%87%D8%A7%D8%AF%D8%A9-%D8%A7%D8%B1%D8%A7%D9%85%D9%83%D9%88-%D9%84%D9%84%D8%A3%D9%85%D9%86-%D8%A7%D9%84%D8%B3%D9%8A%D8%A8%D8%B1%D8%A7%D9%86%D9%8A-ccc,0.0,0,لم يحسب,0,0,$10.00,ثلاثة أسابيع,0,0,0.0,سايبر ز.,https://khamsat.com/user/cyberzoal,False,بائع جديد,0.0,0,لم يحسب بعد,1,0,لم يحسب
برمجة وتطوير,https://khamsat.com/programming,استضافات ونطاقات,https://khamsat.com/programming/hosting-domain,الدعم الفني الإحترافي لشركات الإستضافة,https://khamsat.com/programming/hosting-domain/2738261-%D8%A7%D9%84%D8%AF%D8%B9%D9%85-%D8%A7%D9%84%D9%81%D9%86%D9%8A-%D8%A7%D9%84%D8%A5%D8%AD%D8%AA%D8%B1%D8%A7%D9%81%D9%8A-%D9%84%D8%B4%D8%B1%D9%83%D8%A7%D8%AA-%D8%A7%D9%84%D8%A5%D8%B3%D8%AA%D8%B6%D8%A7%D9%81%D8%A9,5.0,9,دقيقتين,13,0,$5.00,يوم واحد,9,5,100.0,.Mohamed H,https://khamsat.com/user/mh226,True,بائع مميز,5.0,174,91.93%,25,135,ساعة
برمجة وتطوير,https://khamsat.com/programming,استضافات ونطاقات,https://khamsat.com/programming/hosting-domain,دعم فني شامل لمشاكل الاستضافة والتطوير,https://khamsat.com/programming/hosting-domain/2961621-%D8%AF%D8%B9%D9%85-%D9%81%D9%86%D9%8A-%D8%B4%D8%A7%D9%85%D9%84-%D9%84%D9%85%D8%B4%D8%A7%D9%83%D9%84-%D8%A7%D9%84%D8%A7%D8%B3%D8%AA%D8%B6%D8%A7%D9%81%D8%A9-%D9%88%D8%A7%D9%84%D8%AA%D8%B7%D9%88%D9%8A%D8%B1,5.0,3,دقيقة,5,0,$10.00,يوم واحد,3,3,15.0,.Asmaa B,https://khamsat.com/user/asmaa_bayoumi19,True,بائع جديد,5.0,3,88.89%,3,5,دقيقة
برمجة وتطوير,https://khamsat.com/programming,استضافات ونطاقات,https://khamsat.com/programming/hosting-domain,خبير دومينات : أجيب على إستفساراتك بخصوص الدومينات,https://khamsat.com/programming/hosting-domain/980572-%D8%AE%D8%A8%D9%8A%D8%B1-%D8%AF%D9%88%D9%85%D9%8A%D9%86%D8%A7%D8%AA-%D8%A3%D8%AC%D9%8A%D8%A8-%D8%B9%D9%84%D9%89-%D8%A5%D8%B3%D8%AA%D9%81%D8%B3%D8%A7%D8%B1%D8%A7%D8%AA%D9%83-%D8%A8%D8%AE%D8%B5%D9%88%D8%B5-%D8%A7%D9%84%D8%AF%D9%88%D9%85%D9%8A%D9%86%D8%A7%D8%AA,5.0,13,19 دقيقة,21,0,$5.00,يوم واحد,13,0,0.0,.Abdelmadjid B,https://khamsat.com/user/ara,True,بائع مميز,4.5,89,86.31%,3,115,26 دقيقة
برمجة وتطوير,https://khamsat.com/programming,استضافات ونطاقات,https://khamsat.com/programming/hosting-domain,رفع مشروع دجانكو django على الهوست او سيرفر خاص vps,https://khamsat.com/programming/hosting-domain/2917188-%D8%B1%D9%81%D8%B9-%D9%85%D8%B4%D8%B1%D9%88%D8%B9-%D8%AF%D8%AC%D8%A7%D9%86%D9%83%D9%88-django-%D8%B9%D9%84%D9%89-%D8%A7%D9%84%D9%87%D9%88%D8%B3%D8%AA-%D8%A7%D9%88-%D8%B3%D9%8A%D8%B1%D9%81%D8%B1-%D8%AE%D8%A7%D8%B5-vps,5.0,1,4 ساعات,1,0,$10.00,يومين,1,2,25.0,.Ahmed S,https://khamsat.com/user/ahmedsheri,True,بائع نشيط,5.0,8,93.33%,7,7,7 ساعات
برمجة وتطوير,https://khamsat.com/programming,استضافات ونطاقات,https://khamsat.com/programming/hosting-domain,استضافه لموقعك لمدة سنة مع مساحة 10 جيجا,https://khamsat.com/programming/hosting-domain/2961953-%D8%A7%D8%B3%D8%AA%D8%B6%D8%A7%D9%81%D9%87-%D9%84%D9%85%D9%88%D9%82%D8%B9%D9%83-%D9%84%D9%85%D8%AF%D8%A9-%D8%B3%D9%86%D8%A9-%D9%85%D8%B9-%D9%85%D8%B3%D8%A7%D8%AD%D8%A9-10-%D8%AC%D9%8A%D8%AC%D8%A7,5.0,1,ساعة,1,0,$5.00,شهر,1,5,145.0,.Bahaa Ali A,https://khamsat.com/user/screemking,True,مشتري مميز,5.0,32,87.07%,2,38,10 ساعات
برمجة وتطوير,https://khamsat.com/programming,استضافات ونطاقات,https://khamsat.com/programming/hosting-domain,رفع موقعك على amazon aws أو digital ocean أو أي إستضافة أخرى,https://khamsat.com/programming/hosting-domain/2046101-%D8%B1%D9%81%D8%B9-%D9%85%D9%88%D9%82%D8%B9%D9%83-%D8%B9%D9%84%D9%89-amazon-aws-%D8%A3%D9%88-digital-ocean-%D8%A3%D9%88-%D8%A3%D9%8A-%D8%A5%D8%B3%D8%AA%D8%B6%D8%A7%D9%81%D8%A9-%D8%A3%D8%AE%D8%B1%D9%89,5.0,7,يوم,11,0,$10.00,يومين,7,1,10.0,.Ihab A,https://khamsat.com/user/lecrazy.wlidalhoma,True,بائع مميز,5.0,50,77.37%,2,66,11 ساعة
برمجة وتطوير,https://khamsat.com/programming,استضافات ونطاقات,https://khamsat.com/programming/hosting-domain,ربط الدومين او النطاق الخاص بك مع اي شركة إستضافة او سيرفر,https://khamsat.com/programming/hosting-domain/2152727-%D8%B1%D8%A8%D8%B7-%D8%A7%D9%84%D8%AF%D9%88%D9%85%D9%8A%D9%86-%D8%A7%D9%88-%D8%A7%D9%84%D9%86%D8%B7%D8%A7%D9%82-%D8%A7%D9%84%D8%AE%D8%A7%D8%B5-%D8%A8%D9%83-%D9%85%D8%B9-%D8%A7%D9%8A-%D8%B4%D8%B1%D9%83%D8%A9-%D8%A5%D8%B3%D8%AA%D8%B6%D8%A7%D9%81%D8%A9-%D8%A7%D9%88-%D8%B3%D9%8A%D8%B1%D9%81%D8%B1,5.0,10,ساعتين,10,0,$10.00,يومين,10,0,0.0,.Mahmoud A,https://khamsat.com/user/titotedx,True,بائع موثوق,5.0,162,81.65%,27,138,ساعتين
برمجة وتطوير,https://khamsat.com/programming,استضافات ونطاقات,https://khamsat.com/programming/hosting-domain,اختيار الاستضافة المناسبة و الاحترافية و الأقل تكلفة لموقعك,https://khamsat.com/programming/hosting-domain/2571713-%D8%A7%D8%AE%D8%AA%D9%8A%D8%A7%D8%B1-%D8%A7%D9%84%D8%A7%D8%B3%D8%AA%D8%B6%D8%A7%D9%81%D8%A9-%D8%A7%D9%84%D9%85%D9%86%D8%A7%D8%B3%D8%A8%D8%A9-%D9%88-%D8%A7%D9%84%D8%A7%D8%AD%D8%AA%D8%B1%D8%A7%D9%81%D9%8A%D8%A9-%D9%88-%D8%A7%D9%84%D8%A3%D9%82%D9%84-%D8%AA%D9%83%D9%84%D9%81%D8%A9-%D9%84%D9%85%D9%88%D9%82%D8%B9%D9%83,5.0,1,4 ساعات,3,0,$5.00,يوم واحد,1,5,25.0,.Khaled R,https://khamsat.com/user/khaled-f.-rashed,True,بائع مميز,5.0,44,76.86%,7,44,11 ساعة
برمجة وتطوير,https://khamsat.com/programming,استضافات ونطاقات,https://khamsat.com/programming/hosting-domain,إستشارات فنية فى إستضافة المواقع و السيرفرات و IT,https://khamsat.com/programming/hosting-domain/1862200-%D8%A5%D8%B3%D8%AA%D8%B4%D8%A7%D8%B1%D8%A7%D8%AA-%D9%81%D9%86%D9%8A%D8%A9-%D9%81%D9%89-%D8%A5%D8%B3%D8%AA%D8%B6%D8%A7%D9%81%D8%A9-%D8%A7%D9%84%D9%85%D9%88%D8%A7%D9%82%D8%B9-%D9%88-%D8%A7%D9%84%D8%B3%D9%8A%D8%B1%D9%81%D8%B1%D8%A7%D8%AA-%D9%88-it,5.0,17,8 ساعات,26,1,$5.00,يوم واحد,17,5,40.0,أيمن ا.,https://khamsat.com/user/aymantohamy,True,بائع مميز,5.0,67,94.87%,4,77,4 ساعات
برمجة وتطوير,https://khamsat.com/programming,استضافات ونطاقات,https://khamsat.com/programming/hosting-domain,حجز دومين واستضافة مجانية لموقعك,https://khamsat.com/programming/hosting-domain/2623722-%D8%AD%D8%AC%D8%B2-%D8%AF%D9%88%D9%85%D9%8A%D9%86-%D9%88%D8%A7%D8%B3%D8%AA%D8%B6%D8%A7%D9%81%D8%A9-%D9%85%D8%AC%D8%A7%D9%86%D9%8A%D8%A9-%D9%84%D9%85%D9%88%D9%82%D8%B9%D9%83,5.0,3,9 دقائق,3,0,$5.00,يومين,3,4,95.0,.Hassan H,https://khamsat.com/user/hassan-hassouna,True,بائع نشيط,5.0,9,84.62%,4,11,8 ساعات
برمجة وتطوير,https://khamsat.com/programming,استضافات ونطاقات,https://khamsat.com/programming/hosting-domain,إدارة سيرفر VPS و الإستضافة والدومين وخدمات AWS Cloud,https://khamsat.com/programming/hosting-domain/3036386-%D8%A5%D8%AF%D8%A7%D8%B1%D8%A9-%D8%B3%D9%8A%D8%B1%D9%81%D8%B1-vps-%D9%88-%D8%A7%D9%84%D8%A5%D8%B3%D8%AA%D8%B6%D8%A7%D9%81%D8%A9-%D9%88%D8%A7%D9%84%D8%AF%D9%88%D9%85%D9%8A%D9%86-%D9%88%D8%AE%D8%AF%D9%85%D8%A7%D8%AA-aws-cloud,0.0,0,لم يحسب,0,0,$10.00,يوم واحد,0,0,0.0,.Ahmed A,https://khamsat.com/user/ahmed-atta,True,بائع مميز,5.0,18,55.48%,3,26,11 ساعة
برمجة وتطوير,https://khamsat.com/programming,استضافات ونطاقات,https://khamsat.com/programming/hosting-domain,دعم واستشارات ومساعدة في خدمات السحابة Cloud,https://khamsat.com/programming/hosting-domain/3007085-%D8%AF%D8%B9%D9%85-%D9%88%D8%A7%D8%B3%D8%AA%D8%B4%D8%A7%D8%B1%D8%A7%D8%AA-%D9%88%D9%85%D8%B3%D8%A7%D8%B9%D8%AF%D8%A9-%D9%81%D9%8A-%D8%AE%D8%AF%D9%85%D8%A7%D8%AA-%D8%A7%D9%84%D8%B3%D8%AD%D8%A7%D8%A8%D8%A9-cloud,0.0,0,لم يحسب,0,0,$10.00,يومين,0,2,125.0,.Ismail S,https://khamsat.com/user/ismailsamy,True,بائع جديد,0.0,0,لم يحسب بعد,3,0,لم يحسب
برمجة وتطوير,https://khamsat.com/programming,استضافات ونطاقات,https://khamsat.com/programming/hosting-domain,تنصيب بريد الكتروني للشركات مع الدومين,https://khamsat.com/programming/hosting-domain/3019103-%D8%AA%D9%86%D8%B5%D9%8A%D8%A8-%D8%A8%D8%B1%D9%8A%D8%AF-%D8%A7%D9%84%D9%83%D8%AA%D8%B1%D9%88%D9%86%D9%8A-%D9%84%D9%84%D8%B4%D8%B1%D9%83%D8%A7%D8%AA-%D9%85%D8%B9-%D8%A7%D9%84%D8%AF%D9%88%D9%85%D9%8A%D9%86,0.0,0,لم يحسب,0,0,$10.00,ثلاثة أيام,0,0,0.0,محفوظ ب.,https://khamsat.com/user/mahfooz14,False,بائع جديد,0.0,0,لم يحسب بعد,1,0,لم يحسب
برمجة وتطوير,https://khamsat.com/programming,استضافات ونطاقات,https://khamsat.com/programming/hosting-domain,انشاء وادارة مساحة تخزين سحابية على امازون,https://khamsat.com/programming/hosting-domain/3041471-%D8%A7%D9%86%D8%B4%D8%A7%D8%A1-%D9%88%D8%A7%D8%AF%D8%A7%D8%B1%D8%A9-%D9%85%D8%B3%D8%A7%D8%AD%D8%A9-%D8%AA%D8%AE%D8%B2%D9%8A%D9%86-%D8%B3%D8%AD%D8%A7%D8%A8%D9%8A%D8%A9-%D8%B9%D9%84%D9%89-%D8%A7%D9%85%D8%A7%D8%B2%D9%88%D9%86,0.0,0,لم يحسب,0,0,$5.00,ثلاثة أيام,0,0,0.0,حمزة و.,https://khamsat.com/user/hamzashokrywarda,True,بائع جديد,0.0,0,لم يحسب بعد,2,0,لم يحسب
برمجة وتطوير,https://khamsat.com/programming,استضافات ونطاقات,https://khamsat.com/programming/hosting-domain,استضافة بمساحة قرص 50 جيجابايت مع الاعداد ودعم مجاني,https://khamsat.com/programming/hosting-domain/2746563-%D8%A7%D8%B3%D8%AA%D8%B6%D8%A7%D9%81%D8%A9-%D8%A8%D9%85%D8%B3%D8%A7%D8%AD%D8%A9-%D9%82%D8%B1%D8%B5-50-%D8%AC%D9%8A%D8%AC%D8%A7%D8%A8%D8%A7%D9%8A%D8%AA-%D9%85%D8%B9-%D8%A7%D9%84%D8%A7%D8%B9%D8%AF%D8%A7%D8%AF-%D9%88%D8%AF%D8%B9%D9%85-%D9%85%D8%AC%D8%A7%D9%86%D9%8A,0.0,0,لم يحسب,0,0,$10.00,يوم واحد,0,2,65.0,.Nour Eddine A,https://khamsat.com/user/mcvigaso.arbaouinoredin,True,مشتري VIP,4.5,3,66.67%,4,4,9 ساعات
برمجة وتطوير,https://khamsat.com/programming,استضافات ونطاقات,https://khamsat.com/programming/hosting-domain,دعم فني لكل من شركات الإستضافة السعوديه والنطاقات .sa,https://khamsat.com/programming/hosting-domain/2930322-%D8%AF%D8%B9%D9%85-%D9%81%D9%86%D9%8A-%D9%84%D9%83%D9%84-%D9%85%D9%86-%D8%B4%D8%B1%D9%83%D8%A7%D8%AA-%D8%A7%D9%84%D8%A5%D8%B3%D8%AA%D8%B6%D8%A7%D9%81%D8%A9-%D8%A7%D9%84%D8%B3%D8%B9%D9%88%D8%AF%D9%8A%D9%87-%D9%88%D8%A7%D9%84%D9%86%D8%B7%D8%A7%D9%82%D8%A7%D8%AA-.sa,0.0,0,لم يحسب,0,0,$5.00,يوم واحد,0,3,30.0,عبدالرحمن ط.,https://khamsat.com/user/abdelrahman161994,True,بائع جديد,0.0,0,لم يحسب بعد,1,0,لم يحسب
برمجة وتطوير,https://khamsat.com/programming,استضافات ونطاقات,https://khamsat.com/programming/hosting-domain,انشاء استضافه مجانيه لموقع على خدمات امازون السحابيه,https://khamsat.com/programming/hosting-domain/3041834-%D8%A7%D9%86%D8%B4%D8%A7%D8%A1-%D8%A7%D8%B3%D8%AA%D8%B6%D8%A7%D9%81%D9%87-%D9%85%D8%AC%D8%A7%D9%86%D9%8A%D9%87-%D9%84%D9%85%D9%88%D9%82%D8%B9-%D8%B9%D9%84%D9%89-%D8%AE%D8%AF%D9%85%D8%A7%D8%AA-%D8%A7%D9%85%D8%A7%D8%B2%D9%88%D9%86-%D8%A7%D9%84%D8%B3%D8%AD%D8%A7%D8%A8%D9%8A%D9%87,0.0,0,لم يحسب,0,0,$5.00,ثلاثة أيام,0,1,5.0,حمزة و.,https://khamsat.com/user/hamzashokrywarda,True,بائع جديد,0.0,0,لم يحسب بعد,2,0,لم يحسب
برمجة وتطوير,https://khamsat.com/programming,استضافات ونطاقات,https://khamsat.com/programming/hosting-domain,رفع صفحة هبوط أو موقع تم تطويره بLaravel على استضافتك,https://khamsat.com/programming/hosting-domain/3039510-%D8%B1%D9%81%D8%B9-%D8%B5%D9%81%D8%AD%D8%A9-%D9%87%D8%A8%D9%88%D8%B7-%D8%A3%D9%88-%D9%85%D9%88%D9%82%D8%B9-%D8%AA%D9%85-%D8%AA%D8%B7%D9%88%D9%8A%D8%B1%D9%87-%D8%A8laravel-%D8%B9%D9%84%D9%89-%D8%A7%D8%B3%D8%AA%D8%B6%D8%A7%D9%81%D8%AA%D9%83,0.0,0,لم يحسب,0,0,$5.00,يوم واحد,0,0,0.0,.Nafisa M,https://khamsat.com/user/nafisa_mamoon,False,بائع جديد,0.0,0,لم يحسب بعد,2,0,لم يحسب
برمجة وتطوير,https://khamsat.com/programming,استضافات ونطاقات,https://khamsat.com/programming/hosting-domain,ضبط الأعدادات الصحيحة لأي دومين وربطه بموقعك,https://khamsat.com/programming/hosting-domain/1612317-%D8%B6%D8%A8%D8%B7-%D8%A7%D9%84%D8%A3%D8%B9%D8%AF%D8%A7%D8%AF%D8%A7%D8%AA-%D8%A7%D9%84%D8%B5%D8%AD%D9%8A%D8%AD%D8%A9-%D9%84%D8%A3%D9%8A-%D8%AF%D9%88%D9%85%D9%8A%D9%86-%D9%88%D8%B1%D8%A8%D8%B7%D9%87-%D8%A8%D9%85%D9%88%D9%82%D8%B9%D9%83,5.0,3,10 ساعات,4,0,$5.00,يومين,3,0,0.0,.Mohammed Y,https://khamsat.com/user/mohammed_yassin,True,بائع مميز,4.5,59,91.89%,7,89,15 ساعة
برمجة وتطوير,https://khamsat.com/programming,استضافات ونطاقات,https://khamsat.com/programming/hosting-domain,ضبط وإعداد كامل لسيرفر استضافة الويب cPanel/Plesk,https://khamsat.com/programming/hosting-domain/2261493-%D8%B6%D8%A8%D8%B7-%D9%88%D8%A5%D8%B9%D8%AF%D8%A7%D8%AF-%D9%83%D8%A7%D9%85%D9%84-%D9%84%D8%B3%D9%8A%D8%B1%D9%81%D8%B1-%D8%A7%D8%B3%D8%AA%D8%B6%D8%A7%D9%81%D8%A9-%D8%A7%D9%84%D9%88%D9%8A%D8%A8-cpanelplesk,5.0,17,3 ساعات,19,0,$5.00,يوم واحد,17,3,65.0,عادل ر.,https://khamsat.com/user/adil_dev,True,بائع نشيط,5.0,19,73.81%,4,21,3 ساعات
برمجة وتطوير,https://khamsat.com/programming,استضافات ونطاقات,https://khamsat.com/programming/hosting-domain,حلول متكاملة لسيرفرات الاستضافة,https://khamsat.com/programming/hosting-domain/2799820-%D8%AD%D9%84%D9%88%D9%84-%D9%85%D8%AA%D9%83%D8%A7%D9%85%D9%84%D8%A9-%D9%84%D8%B3%D9%8A%D8%B1%D9%81%D8%B1%D8%A7%D8%AA-%D8%A7%D9%84%D8%A7%D8%B3%D8%AA%D8%B6%D8%A7%D9%81%D8%A9,0.0,0,لم يحسب,0,0,$10.00,ثلاثة أيام,0,4,85.0,.Abdullah A,https://khamsat.com/user/alterkawi,False,مشتري مميز,0.0,0,لم يحسب بعد,2,0,7 ساعات
برمجة وتطوير,https://khamsat.com/programming,استضافات ونطاقات,https://khamsat.com/programming/hosting-domain,استضافة الكود الخاص بك علي السيرفر,https://khamsat.com/programming/hosting-domain/3038441-%D8%A7%D8%B3%D8%AA%D8%B6%D8%A7%D9%81%D8%A9-%D8%A7%D9%84%D9%83%D9%88%D8%AF-%D8%A7%D9%84%D8%AE%D8%A7%D8%B5-%D8%A8%D9%83-%D8%B9%D9%84%D9%8A-%D8%A7%D9%84%D8%B3%D9%8A%D8%B1%D9%81%D8%B1,5.0,1,لم يحسب,1,0,$10.00,شهر,1,4,165.0,شادى ع.,https://khamsat.com/user/shaadyemad,True,بائع مميز,5.0,36,85.07%,2,38,13 ساعة
برمجة وتطوير,https://khamsat.com/programming,استضافات ونطاقات,https://khamsat.com/programming/hosting-domain,خدمة النشر والاستضافة لتطبيقات Django,https://khamsat.com/programming/hosting-domain/3043210-%D8%AE%D8%AF%D9%85%D8%A9-%D8%A7%D9%84%D9%86%D8%B4%D8%B1-%D9%88%D8%A7%D9%84%D8%A7%D8%B3%D8%AA%D8%B6%D8%A7%D9%81%D8%A9-%D9%84%D8%AA%D8%B7%D8%A8%D9%8A%D9%82%D8%A7%D8%AA-django,0.0,0,لم يحسب,0,0,$10.00,يومين,0,0,0.0,.Mahmoud M,https://khamsat.com/user/miiigo353,True,بائع جديد,0.0,0,لم يحسب بعد,4,0,لم يحسب
برمجة وتطوير,https://khamsat.com/programming,استضافات ونطاقات,https://khamsat.com/programming/hosting-domain,استضافة لينكس احترافية من Mawgat,https://khamsat.com/programming/hosting-domain/2723470-%D8%A7%D8%B3%D8%AA%D8%B6%D8%A7%D9%81%D8%A9-%D9%84%D9%8A%D9%86%D9%83%D8%B3-%D8%A7%D8%AD%D8%AA%D8%B1%D8%A7%D9%81%D9%8A%D8%A9-%D9%85%D9%86-mawgat,0.0,0,لم يحسب,0,0,$5.00,شهر,0,1,20.0,حسن أ.,https://khamsat.com/user/%D8%B3%D9%8A%D8%AF-%D9%81%D8%AA%D8%AD%D9%89,True,بائع مميز,4.5,247,89.06%,3,461,21 ساعة
برمجة وتطوير,https://khamsat.com/programming,استضافات ونطاقات,https://khamsat.com/programming/hosting-domain,ربط دومين أي شركة مع مدونة بلوجر,https://khamsat.com/programming/hosting-domain/1089358-%D8%B1%D8%A8%D8%B7-%D8%AF%D9%88%D9%85%D9%8A%D9%86-%D8%A3%D9%8A-%D8%B4%D8%B1%D9%83%D8%A9-%D9%85%D8%B9-%D9%85%D8%AF%D9%88%D9%86%D8%A9-%D8%A8%D9%84%D9%88%D8%AC%D8%B1,0.0,0,45 دقيقة,0,0,$5.00,يومين,0,0,0.0,.Haythem G,https://khamsat.com/user/haythem-galelem,True,بائع جديد,0.0,0,لم يحسب بعد,2,0,45 دقيقة
برمجة وتطوير,https://khamsat.com/programming,استضافات ونطاقات,https://khamsat.com/programming/hosting-domain,إستضافة نور Nour Host إستضافة مشتركة,https://khamsat.com/programming/hosting-domain/2637809-%D8%A5%D8%B3%D8%AA%D8%B6%D8%A7%D9%81%D8%A9-%D9%86%D9%88%D8%B1-nour-host-%D8%A5%D8%B3%D8%AA%D8%B6%D8%A7%D9%81%D8%A9-%D9%85%D8%B4%D8%AA%D8%B1%D9%83%D8%A9,5.0,4,ساعة,5,0,$5.00,شهر,4,4,120.0,أنس أ.,https://khamsat.com/user/anasosama94,True,بائع مميز,4.5,96,87.44%,15,138,5 ساعات
برمجة وتطوير,https://khamsat.com/programming,استضافات ونطاقات,https://khamsat.com/programming/hosting-domain,إستضافة غير محدودة بمواصفات غير محدودة Mostadaf,https://khamsat.com/programming/hosting-domain/2773647-%D8%A5%D8%B3%D8%AA%D8%B6%D8%A7%D9%81%D8%A9-%D8%BA%D9%8A%D8%B1-%D9%85%D8%AD%D8%AF%D9%88%D8%AF%D8%A9-%D8%A8%D9%85%D9%88%D8%A7%D8%B5%D9%81%D8%A7%D8%AA-%D8%BA%D9%8A%D8%B1-%D9%85%D8%AD%D8%AF%D9%88%D8%AF%D8%A9-mostadaf,0.0,0,لم يحسب,0,0,$5.00,يوم واحد,0,2,70.0,.Yassine B,https://khamsat.com/user/yasso1995,True,بائع جديد,5.0,3,88.89%,3,4,يومين
برمجة وتطوير,https://khamsat.com/programming,استضافات ونطاقات,https://khamsat.com/programming/hosting-domain,استضافه موقع بشكل محلي (مصر),https://khamsat.com/programming/hosting-domain/2986161-%D8%A7%D8%B3%D8%AA%D8%B6%D8%A7%D9%81%D9%87-%D9%85%D9%88%D9%82%D8%B9-%D8%A8%D8%B4%D9%83%D9%84-%D9%85%D8%AD%D9%84%D9%8A-%D9%85%D8%B5%D8%B1,0.0,0,لم يحسب,0,0,$10.00,يوم واحد,0,1,15.0,.Kirolos F,https://khamsat.com/user/kirolos_m,True,بائع جديد,0.0,0,لم يحسب بعد,1,0,لم يحسب
برمجة وتطوير,https://khamsat.com/programming,استضافات ونطاقات,https://khamsat.com/programming/hosting-domain,حجز دومين واستضافة مجانية لموقعك مع شهادة امان بلوحة سبانل,https://khamsat.com/programming/hosting-domain/2945866-%D8%AD%D8%AC%D8%B2-%D8%AF%D9%88%D9%85%D9%8A%D9%86-%D9%88%D8%A7%D8%B3%D8%AA%D8%B6%D8%A7%D9%81%D8%A9-%D9%85%D8%AC%D8%A7%D9%86%D9%8A%D8%A9-%D9%84%D9%85%D9%88%D9%82%D8%B9%D9%83-%D9%85%D8%B9-%D8%B4%D9%87%D8%A7%D8%AF%D8%A9-%D8%A7%D9%85%D8%A7%D9%86-%D8%A8%D9%84%D9%88%D8%AD%D8%A9-%D8%B3%D8%A8%D8%A7%D9%86%D9%84,0.0,0,لم يحسب,0,0,$5.00,يوم واحد,0,1,5.0,امجد خ.,https://khamsat.com/user/didou1234,True,بائع جديد,0.0,0,لم يحسب بعد,3,0,لم يحسب
برمجة وتطوير,https://khamsat.com/programming,استضافات ونطاقات,https://khamsat.com/programming/hosting-domain,إيجاد استضافة مناسبة لمتطلبات موقعك,https://khamsat.com/programming/hosting-domain/1539732-%D8%A5%D9%8A%D8%AC%D8%A7%D8%AF-%D8%A7%D8%B3%D8%AA%D8%B6%D8%A7%D9%81%D8%A9-%D9%85%D9%86%D8%A7%D8%B3%D8%A8%D8%A9-%D9%84%D9%85%D8%AA%D8%B7%D9%84%D8%A8%D8%A7%D8%AA-%D9%85%D9%88%D9%82%D8%B9%D9%83,5.0,1,9 دقائق,1,0,$5.00,يوم واحد,1,1,50.0,.Abd Alrhman A,https://khamsat.com/user/abda_net,True,بائع نشيط,5.0,26,97.87%,4,24,ساعة
برمجة وتطوير,https://khamsat.com/programming,السيرفرات ولينكس,https://khamsat.com/programming/linux,رفع الكتلة المعمارية الى السحابة وتشغيلها على الموبايل,https://khamsat.com/programming/linux/2465862-%D8%B1%D9%81%D8%B9-%D8%A7%D9%84%D9%83%D8%AA%D9%84%D8%A9-%D8%A7%D9%84%D9%85%D8%B9%D9%85%D8%A7%D8%B1%D9%8A%D8%A9-%D8%A7%D9%84%D9%89-%D8%A7%D9%84%D8%B3%D8%AD%D8%A7%D8%A8%D8%A9-%D9%88%D8%AA%D8%B4%D8%BA%D9%8A%D9%84%D9%87%D8%A7-%D8%B9%D9%84%D9%89-%D8%A7%D9%84%D9%85%D9%88%D8%A8%D8%A7%D9%8A%D9%84,5.0,2,4 ساعات,3,0,$25.00,يومين,2,1,50.0,محمد فراس ا.,https://khamsat.com/user/hasanest,True,بائع مميز,4.5,20,98.61%,8,26,4 ساعات
برمجة وتطوير,https://khamsat.com/programming,السيرفرات ولينكس,https://khamsat.com/programming/linux,تثبيت واعداد سيرفرات ويندوز لينوكس Linux Windows servers,https://khamsat.com/programming/linux/2849218-%D8%AA%D8%AB%D8%A8%D9%8A%D8%AA-%D9%88%D8%A7%D8%B9%D8%AF%D8%A7%D8%AF-%D8%B3%D9%8A%D8%B1%D9%81%D8%B1%D8%A7%D8%AA-%D9%88%D9%8A%D9%86%D8%AF%D9%88%D8%B2-%D9%84%D9%8A%D9%86%D9%88%D9%83%D8%B3-linux-windows-servers,5.0,9,دقيقتين,11,0,$20.00,يومين,9,2,45.0,.Salman K,https://khamsat.com/user/salman_kb,True,بائع مميز,5.0,21,98.18%,3,21,59 دقيقة
برمجة وتطوير,https://khamsat.com/programming,السيرفرات ولينكس,https://khamsat.com/programming/linux,التقديم والمساعدة في خدمات السحابة Cloud,https://khamsat.com/programming/linux/2847707-%D8%A7%D9%84%D8%AA%D9%82%D8%AF%D9%8A%D9%85-%D9%88%D8%A7%D9%84%D9%85%D8%B3%D8%A7%D8%B9%D8%AF%D8%A9-%D9%81%D9%8A-%D8%AE%D8%AF%D9%85%D8%A7%D8%AA-%D8%A7%D9%84%D8%B3%D8%AD%D8%A7%D8%A8%D8%A9-cloud,5.0,9,5 دقائق,10,0,$10.00,يومين,9,2,150.0,.Salman K,https://khamsat.com/user/salman_kb,True,بائع مميز,5.0,21,98.18%,3,21,59 دقيقة
برمجة وتطوير,https://khamsat.com/programming,السيرفرات ولينكس,https://khamsat.com/programming/linux,حل مشاكل وانشاء وإدارة السيرفرات,https://khamsat.com/programming/linux/2876900-%D8%AD%D9%84-%D9%85%D8%B4%D8%A7%D9%83%D9%84-%D9%88%D8%A7%D9%86%D8%B4%D8%A7%D8%A1-%D9%88%D8%A5%D8%AF%D8%A7%D8%B1%D8%A9-%D8%A7%D9%84%D8%B3%D9%8A%D8%B1%D9%81%D8%B1%D8%A7%D8%AA,5.0,15,53 دقيقة,19,0,$10.00,يوم واحد,15,4,140.0,.Majed J,https://khamsat.com/user/majedjamous,True,بائع مميز,5.0,51,100.0%,8,45,7 ساعات
برمجة وتطوير,https://khamsat.com/programming,السيرفرات ولينكس,https://khamsat.com/programming/linux,تحميل ERPNext على السيرفر الخاص بك,https://khamsat.com/programming/linux/2534129-%D8%AA%D8%AD%D9%85%D9%8A%D9%84-erpnext-%D8%B9%D9%84%D9%89-%D8%A7%D9%84%D8%B3%D9%8A%D8%B1%D9%81%D8%B1-%D8%A7%D9%84%D8%AE%D8%A7%D8%B5-%D8%A8%D9%83,5.0,7,ساعة,8,0,$10.00,يومين,7,2,35.0,محمود ه.,https://khamsat.com/user/mahmood_haroun,True,بائع نشيط,5.0,11,100.0%,2,11,38 دقيقة
برمجة وتطوير,https://khamsat.com/programming,السيرفرات ولينكس,https://khamsat.com/programming/linux,سأرفع موقعك على السيرفر الخاص بك باستخدام Docker مع SSL,https://khamsat.com/programming/linux/3009150-%D8%B3%D8%A3%D8%B1%D9%81%D8%B9-%D9%85%D9%88%D9%82%D8%B9%D9%83-%D8%B9%D9%84%D9%89-%D8%A7%D9%84%D8%B3%D9%8A%D8%B1%D9%81%D8%B1-%D8%A7%D9%84%D8%AE%D8%A7%D8%B5-%D8%A8%D9%83-%D8%A8%D8%A7%D8%B3%D8%AA%D8%AE%D8%AF%D8%A7%D9%85-docker-%D9%85%D8%B9-ssl,5.0,3,10 ساعات,3,0,$10.00,يومين,3,2,100.0,.Brahim O,https://khamsat.com/user/brahim-oulhaj,True,بائع جديد,5.0,3,100.0%,1,3,5 ساعات
برمجة وتطوير,https://khamsat.com/programming,السيرفرات ولينكس,https://khamsat.com/programming/linux,سارفع لك 10 فديوهات علي سيرفرات مشاهدة مقابل 5 دولار,https://khamsat.com/programming/linux/1614566-%D8%B3%D8%A7%D8%B1%D9%81%D8%B9-%D9%84%D9%83-10-%D9%81%D8%AF%D9%8A%D9%88%D9%87%D8%A7%D8%AA-%D8%B9%D9%84%D9%8A-%D8%B3%D9%8A%D8%B1%D9%81%D8%B1%D8%A7%D8%AA-%D9%85%D8%B4%D8%A7%D9%87%D8%AF%D8%A9-%D9%85%D9%82%D8%A7%D8%A8%D9%84-5-%D8%AF%D9%88%D9%84%D8%A7%D8%B1,5.0,1,7 ساعات,1,0,$5.00,يوم واحد,1,2,30.0,.Ahmed M,https://khamsat.com/user/ahmedmando201999,True,بائع نشيط,5.0,18,61.22%,5,14,ساعتين
برمجة وتطوير,https://khamsat.com/programming,السيرفرات ولينكس,https://khamsat.com/programming/linux,حل مشاكل سنترال Grandstream غراندستريم واعدادها,https://khamsat.com/programming/linux/1610413-%D8%AD%D9%84-%D9%85%D8%B4%D8%A7%D9%83%D9%84-%D8%B3%D9%86%D8%AA%D8%B1%D8%A7%D9%84-grandstream-%D8%BA%D8%B1%D8%A7%D9%86%D8%AF%D8%B3%D8%AA%D8%B1%D9%8A%D9%85-%D9%88%D8%A7%D8%B9%D8%AF%D8%A7%D8%AF%D9%87%D8%A7,5.0,11,6 دقائق,12,0,$10.00,يومين,11,5,320.0,.Majed J,https://khamsat.com/user/majedjamous,True,بائع مميز,5.0,51,100.0%,8,45,7 ساعات
برمجة وتطوير,https://khamsat.com/programming,السيرفرات ولينكس,https://khamsat.com/programming/linux,SMTP سيرفر مع ظبطت الاعدادات لأرسال ايميلات بشكل غير محدود,https://khamsat.com/programming/linux/2266269-smtp-%D8%B3%D9%8A%D8%B1%D9%81%D8%B1-%D9%85%D8%B9-%D8%B8%D8%A8%D8%B7%D8%AA-%D8%A7%D9%84%D8%A7%D8%B9%D8%AF%D8%A7%D8%AF%D8%A7%D8%AA-%D9%84%D8%A3%D8%B1%D8%B3%D8%A7%D9%84-%D8%A7%D9%8A%D9%85%D9%8A%D9%84%D8%A7%D8%AA-%D8%A8%D8%B4%D9%83%D9%84-%D8%BA%D9%8A%D8%B1-%D9%85%D8%AD%D8%AF%D9%88%D8%AF,5.0,4,5 ساعات,6,0,$25.00,خمسة أيام,4,5,50.0,محمد ن.,https://khamsat.com/user/%D8%A7%D9%84%D8%AE%D8%A8%D9%8A%D8%B1-%D8%A7%D9%84%D8%B9%D8%B1%D8%A8%D9%8A,True,بائع مميز,5.0,333,87.15%,24,460,10 ساعات
برمجة وتطوير,https://khamsat.com/programming,السيرفرات ولينكس,https://khamsat.com/programming/linux,ضبط وإعداد كامل لسيرفر استضافة الويب Cpanel,https://khamsat.com/programming/linux/2964671-%D8%B6%D8%A8%D8%B7-%D9%88%D8%A5%D8%B9%D8%AF%D8%A7%D8%AF-%D9%83%D8%A7%D9%85%D9%84-%D9%84%D8%B3%D9%8A%D8%B1%D9%81%D8%B1-%D8%A7%D8%B3%D8%AA%D8%B6%D8%A7%D9%81%D8%A9-%D8%A7%D9%84%D9%88%D9%8A%D8%A8-cpanel,5.0,3,7 دقائق,5,0,$10.00,يوم واحد,3,4,70.0,ثائر ا.,https://khamsat.com/user/thaer_jamaly,True,بائع نشيط,5.0,20,64.86%,4,20,4 ساعات
برمجة وتطوير,https://khamsat.com/programming,السيرفرات ولينكس,https://khamsat.com/programming/linux,تركيب لوحة تحكم WHM cPanel على السيرفر الخاص بك,https://khamsat.com/programming/linux/3003184-%D8%AA%D8%B1%D9%83%D9%8A%D8%A8-%D9%84%D9%88%D8%AD%D8%A9-%D8%AA%D8%AD%D9%83%D9%85-whm-cpanel-%D8%B9%D9%84%D9%89-%D8%A7%D9%84%D8%B3%D9%8A%D8%B1%D9%81%D8%B1-%D8%A7%D9%84%D8%AE%D8%A7%D8%B5-%D8%A8%D9%83,5.0,1,ساعتين,2,0,$50.00,يومين,1,2,150.0,.Salah S,https://khamsat.com/user/editor1,True,بائع موثوق,5.0,202,93.54%,10,225,4 ساعات
برمجة وتطوير,https://khamsat.com/programming,السيرفرات ولينكس,https://khamsat.com/programming/linux,تثبيت لوحة تحكم cPanel/WHM و ضبط اعداد السيرفر,https://khamsat.com/programming/linux/2253895-%D8%AA%D8%AB%D8%A8%D9%8A%D8%AA-%D9%84%D9%88%D8%AD%D8%A9-%D8%AA%D8%AD%D9%83%D9%85-cpanelwhm-%D9%88-%D8%B6%D8%A8%D8%B7-%D8%A7%D8%B9%D8%AF%D8%A7%D8%AF-%D8%A7%D9%84%D8%B3%D9%8A%D8%B1%D9%81%D8%B1,5.0,4,ساعة,5,0,$5.00,يومين,4,5,110.0,آدم ا.,https://khamsat.com/user/adam_ousama,True,بائع مميز,5.0,66,87.67%,8,57,4 ساعات
برمجة وتطوير,https://khamsat.com/programming,السيرفرات ولينكس,https://khamsat.com/programming/linux,تركيب وإعداد لوحة تحكم cPanel على السيرفر,https://khamsat.com/programming/linux/2067009-%D8%AA%D8%B1%D9%83%D9%8A%D8%A8-%D9%88%D8%A5%D8%B9%D8%AF%D8%A7%D8%AF-%D9%84%D9%88%D8%AD%D8%A9-%D8%AA%D8%AD%D9%83%D9%85-cpanel-%D8%B9%D9%84%D9%89-%D8%A7%D9%84%D8%B3%D9%8A%D8%B1%D9%81%D8%B1,5.0,1,ساعة,1,0,$25.00,ثلاثة أيام,1,3,30.0,.Ramy B,https://khamsat.com/user/codeart,True,بائع نشيط,5.0,7,92.86%,8,7,ساعة
برمجة وتطوير,https://khamsat.com/programming,السيرفرات ولينكس,https://khamsat.com/programming/linux,تركيب وإعداد نظام الموودل Moodle التعليمي العالمي,https://khamsat.com/programming/linux/1524233-%D8%AA%D8%B1%D9%83%D9%8A%D8%A8-%D9%88%D8%A5%D8%B9%D8%AF%D8%A7%D8%AF-%D9%86%D8%B8%D8%A7%D9%85-%D8%A7%D9%84%D9%85%D9%88%D9%88%D8%AF%D9%84-moodle-%D8%A7%D9%84%D8%AA%D8%B9%D9%84%D9%8A%D9%85%D9%8A-%D8%A7%D9%84%D8%B9%D8%A7%D9%84%D9%85%D9%8A,5.0,7,30 دقيقة,10,0,$5.00,يومين,7,5,45.0,.Hatem G,https://khamsat.com/user/hatemghaly,True,بائع نشيط,5.0,7,75.0%,3,10,13 ساعة
برمجة وتطوير,https://khamsat.com/programming,السيرفرات ولينكس,https://khamsat.com/programming/linux,انشاء سيرفر للبث المباشر على موقعك,https://khamsat.com/programming/linux/2451782-%D8%A7%D9%86%D8%B4%D8%A7%D8%A1-%D8%B3%D9%8A%D8%B1%D9%81%D8%B1-%D9%84%D9%84%D8%A8%D8%AB-%D8%A7%D9%84%D9%85%D8%A8%D8%A7%D8%B4%D8%B1-%D8%B9%D9%84%D9%89-%D9%85%D9%88%D9%82%D8%B9%D9%83,5.0,6,ساعة,7,0,$5.00,يوم واحد,6,5,85.0,.Nabil H,https://khamsat.com/user/ubuntuprog,True,بائع نشيط,5.0,17,69.77%,7,21,ساعتين
برمجة وتطوير,https://khamsat.com/programming,السيرفرات ولينكس,https://khamsat.com/programming/linux,اصلاح مشاكل الدومين الخاص بك وربط موقعك بالاستضافة DNS,https://khamsat.com/programming/linux/977118-%D8%A7%D8%B5%D9%84%D8%A7%D8%AD-%D9%85%D8%B4%D8%A7%D9%83%D9%84-%D8%A7%D9%84%D8%AF%D9%88%D9%85%D9%8A%D9%86-%D8%A7%D9%84%D8%AE%D8%A7%D8%B5-%D8%A8%D9%83-%D9%88%D8%B1%D8%A8%D8%B7-%D9%85%D9%88%D9%82%D8%B9%D9%83-%D8%A8%D8%A7%D9%84%D8%A7%D8%B3%D8%AA%D8%B6%D8%A7%D9%81%D8%A9-dns,5.0,7,20 ساعة,11,0,$5.00,يوم واحد,7,4,50.0,.Sultan M,https://khamsat.com/user/%D8%B1%D9%8A%D8%AF-%D8%B3%D9%8A-%D9%87%D9%88%D8%B3%D8%AA,True,بائع مميز,5.0,28,77.78%,5,32,16 ساعة
برمجة وتطوير,https://khamsat.com/programming,السيرفرات ولينكس,https://khamsat.com/programming/linux,تنصيب سيرفر سيسكو آيس من البداية إلى التشغيل,https://khamsat.com/programming/linux/2323676-%D8%AA%D9%86%D8%B5%D9%8A%D8%A8-%D8%B3%D9%8A%D8%B1%D9%81%D8%B1-%D8%B3%D9%8A%D8%B3%D9%83%D9%88-%D8%A2%D9%8A%D8%B3-%D9%85%D9%86-%D8%A7%D9%84%D8%A8%D8%AF%D8%A7%D9%8A%D8%A9-%D8%A5%D9%84%D9%89-%D8%A7%D9%84%D8%AA%D8%B4%D8%BA%D9%8A%D9%84,5.0,1,يومين,1,0,$10.00,يوم واحد,1,3,15.0,.Mohamed E,https://khamsat.com/user/mohamedusama50,True,بائع نشيط,4.5,6,87.5%,6,7,23 ساعة
برمجة وتطوير,https://khamsat.com/programming,السيرفرات ولينكس,https://khamsat.com/programming/linux,دعم فني لانظمة تشغيل ويندوز و السيرفرات,https://khamsat.com/programming/linux/2411780-%D8%AF%D8%B9%D9%85-%D9%81%D9%86%D9%8A-%D9%84%D8%A7%D9%86%D8%B8%D9%85%D8%A9-%D8%AA%D8%B4%D8%BA%D9%8A%D9%84-%D9%88%D9%8A%D9%86%D8%AF%D9%88%D8%B2-%D9%88-%D8%A7%D9%84%D8%B3%D9%8A%D8%B1%D9%81%D8%B1%D8%A7%D8%AA,5.0,1,يوم,1,0,$10.00,يوم واحد,1,3,180.0,.Bishoy S,https://khamsat.com/user/bishoy_samir,True,بائع جديد,5.0,2,100.0%,2,2,يومين
برمجة وتطوير,https://khamsat.com/programming,السيرفرات ولينكس,https://khamsat.com/programming/linux,إعداد سيرفرك الخاص وتثبيت لوحة تحكم به وحمايته بشكل احترافي,https://khamsat.com/programming/linux/2990229-%D8%A5%D8%B9%D8%AF%D8%A7%D8%AF-%D8%B3%D9%8A%D8%B1%D9%81%D8%B1%D9%83-%D8%A7%D9%84%D8%AE%D8%A7%D8%B5-%D9%88%D8%AA%D8%AB%D8%A8%D9%8A%D8%AA-%D9%84%D9%88%D8%AD%D8%A9-%D8%AA%D8%AD%D9%83%D9%85-%D8%A8%D9%87-%D9%88%D8%AD%D9%85%D8%A7%D9%8A%D8%AA%D9%87-%D8%A8%D8%B4%D9%83%D9%84-%D8%A7%D8%AD%D8%AA%D8%B1%D8%A7%D9%81%D9%8A,5.0,1,23 دقيقة,1,0,$5.00,يوم واحد,1,1,5.0,.Mahmoud A,https://khamsat.com/user/mahmoud-hodhod,True,مشتري مميز,5.0,7,81.82%,5,5,ساعتين
برمجة وتطوير,https://khamsat.com/programming,السيرفرات ولينكس,https://khamsat.com/programming/linux,عمل اعداد كامل للسيرفرات و vps,https://khamsat.com/programming/linux/178155-%D8%B9%D9%85%D9%84-%D8%A7%D8%B9%D8%AF%D8%A7%D8%AF-%D9%83%D8%A7%D9%85%D9%84-%D9%84%D9%84%D8%B3%D9%8A%D8%B1%D9%81%D8%B1%D8%A7%D8%AA-%D9%88-vps,5.0,56,ساعتين,117,0,$5.00,يوم واحد,25,5,70.0,.Bilal I,https://khamsat.com/user/bilal-izzat,True,بائع مميز,4.5,328,80.0%,8,455,10 ساعات
برمجة وتطوير,https://khamsat.com/programming,السيرفرات ولينكس,https://khamsat.com/programming/linux,اعداد سيرفرات البث للمواقع والتطبيقات RTMP M3U8,https://khamsat.com/programming/linux/2435604-%D8%A7%D8%B9%D8%AF%D8%A7%D8%AF-%D8%B3%D9%8A%D8%B1%D9%81%D8%B1%D8%A7%D8%AA-%D8%A7%D9%84%D8%A8%D8%AB-%D9%84%D9%84%D9%85%D9%88%D8%A7%D9%82%D8%B9-%D9%88%D8%A7%D9%84%D8%AA%D8%B7%D8%A8%D9%8A%D9%82%D8%A7%D8%AA-rtmp-m3u8,5.0,5,41 دقيقة,6,0,$5.00,يومين,5,3,80.0,سعيد ل.,https://khamsat.com/user/whmedia,True,بائع جديد,5.0,5,70.0%,2,6,41 دقيقة
برمجة وتطوير,https://khamsat.com/programming,السيرفرات ولينكس,https://khamsat.com/programming/linux,حلول متكاملة للسيرفرات ابتداءً من الإنشاء وحتى الإدارة,https://khamsat.com/programming/linux/2843219-%D8%AD%D9%84%D9%88%D9%84-%D9%85%D8%AA%D9%83%D8%A7%D9%85%D9%84%D8%A9-%D9%84%D9%84%D8%B3%D9%8A%D8%B1%D9%81%D8%B1%D8%A7%D8%AA-%D8%A7%D8%A8%D8%AA%D8%AF%D8%A7%D8%A1-%D9%85%D9%86-%D8%A7%D9%84%D8%A5%D9%86%D8%B4%D8%A7%D8%A1-%D9%88%D8%AD%D8%AA%D9%89-%D8%A7%D9%84%D8%A5%D8%AF%D8%A7%D8%B1%D8%A9,5.0,1,24 دقيقة,1,0,$10.00,يوم واحد,1,4,150.0,.Ahmed A,https://khamsat.com/user/ahmmeeedddd,True,بائع جديد,5.0,2,100.0%,3,2,55 دقيقة
برمجة وتطوير,https://khamsat.com/programming,السيرفرات ولينكس,https://khamsat.com/programming/linux,انشاء المخدمات السيرفرات وحل المشكلات,https://khamsat.com/programming/linux/2732744-%D8%A7%D9%86%D8%B4%D8%A7%D8%A1-%D8%A7%D9%84%D9%85%D8%AE%D8%AF%D9%85%D8%A7%D8%AA-%D8%A7%D9%84%D8%B3%D9%8A%D8%B1%D9%81%D8%B1%D8%A7%D8%AA-%D9%88%D8%AD%D9%84-%D8%A7%D9%84%D9%85%D8%B4%D9%83%D9%84%D8%A7%D8%AA,5.0,1,5 ساعات,2,0,$5.00,يوم واحد,1,0,0.0,.Yousef M,https://khamsat.com/user/yousefman29,True,بائع جديد,5.0,1,100.0%,1,2,5 ساعات
برمجة وتطوير,https://khamsat.com/programming,السيرفرات ولينكس,https://khamsat.com/programming/linux,بناء وادارة بيئة العمل الافتراضية VMware vsphere,https://khamsat.com/programming/linux/2075017-%D8%A8%D9%86%D8%A7%D8%A1-%D9%88%D8%A7%D8%AF%D8%A7%D8%B1%D8%A9-%D8%A8%D9%8A%D8%A6%D8%A9-%D8%A7%D9%84%D8%B9%D9%85%D9%84-%D8%A7%D9%84%D8%A7%D9%81%D8%AA%D8%B1%D8%A7%D8%B6%D9%8A%D8%A9-vmware-vsphere,5.0,1,ساعتين,2,0,$20.00,يوم واحد,1,0,0.0,.Hany Y,https://khamsat.com/user/hanyyounes,True,بائع نشيط,5.0,3,100.0%,2,6,ساعة
برمجة وتطوير,https://khamsat.com/programming,السيرفرات ولينكس,https://khamsat.com/programming/linux,الخدمة الكاملة لإعداد خوادم Nginx,https://khamsat.com/programming/linux/2080855-%D8%A7%D9%84%D8%AE%D8%AF%D9%85%D8%A9-%D8%A7%D9%84%D9%83%D8%A7%D9%85%D9%84%D8%A9-%D9%84%D8%A5%D8%B9%D8%AF%D8%A7%D8%AF-%D8%AE%D9%88%D8%A7%D8%AF%D9%85-nginx,4.5,4,ساعة,5,0,$5.00,يوم واحد,4,5,100.0,.Abdelaziz S,https://khamsat.com/user/abdelazizsharaf,True,بائع جديد,4.5,4,88.89%,2,5,ساعة
برمجة وتطوير,https://khamsat.com/programming,السيرفرات ولينكس,https://khamsat.com/programming/linux,سأقوم بتثبيت أحدث لوحة xui one - xtream ui,https://khamsat.com/programming/linux/2845249-%D8%B3%D8%A3%D9%82%D9%88%D9%85-%D8%A8%D8%AA%D8%AB%D8%A8%D9%8A%D8%AA-%D8%A3%D8%AD%D8%AF%D8%AB-%D9%84%D9%88%D8%AD%D8%A9-xui-one-xtream-ui,5.0,3,39 دقيقة,5,0,$10.00,يوم واحد,3,3,35.0,.Nabil H,https://khamsat.com/user/ubuntuprog,True,بائع نشيط,5.0,17,69.77%,7,21,ساعتين
برمجة وتطوير,https://khamsat.com/programming,السيرفرات ولينكس,https://khamsat.com/programming/linux,ضبط وإعداد وحماية السيرفرات,https://khamsat.com/programming/linux/773470-%D8%B6%D8%A8%D8%B7-%D9%88%D8%A5%D8%B9%D8%AF%D8%A7%D8%AF-%D9%88%D8%AD%D9%85%D8%A7%D9%8A%D8%A9-%D8%A7%D9%84%D8%B3%D9%8A%D8%B1%D9%81%D8%B1%D8%A7%D8%AA,5.0,54,15 دقيقة,68,0,$10.00,يوم واحد,25,5,55.0,.Mohammad A,https://khamsat.com/user/mak3000,True,بائع مميز,5.0,81,90.95%,4,91,ساعة
برمجة وتطوير,https://khamsat.com/programming,السيرفرات ولينكس,https://khamsat.com/programming/linux,انشاء وادارة وحل جميع مشاكل السيرفرات,https://khamsat.com/programming/linux/2793533-%D8%A7%D9%86%D8%B4%D8%A7%D8%A1-%D9%88%D8%A7%D8%AF%D8%A7%D8%B1%D8%A9-%D9%88%D8%AD%D9%84-%D8%AC%D9%85%D9%8A%D8%B9-%D9%85%D8%B4%D8%A7%D9%83%D9%84-%D8%A7%D9%84%D8%B3%D9%8A%D8%B1%D9%81%D8%B1%D8%A7%D8%AA,5.0,1,10 دقائق,1,0,$10.00,يوم واحد,1,0,0.0,.Mahmoud S,https://khamsat.com/user/mahmoud-saeed227,True,بائع جديد,5.0,1,20.0%,4,1,9 ساعات
برمجة وتطوير,https://khamsat.com/programming,السيرفرات ولينكس,https://khamsat.com/programming/linux,إصلاح مشاكل السيرفرات Linux أو Windows,https://khamsat.com/programming/linux/2233135-%D8%A5%D8%B5%D9%84%D8%A7%D8%AD-%D9%85%D8%B4%D8%A7%D9%83%D9%84-%D8%A7%D9%84%D8%B3%D9%8A%D8%B1%D9%81%D8%B1%D8%A7%D8%AA-linux-%D8%A3%D9%88-windows,5.0,7,4 ساعات,7,0,$10.00,يوم واحد,7,3,140.0,.Ahmad K,https://khamsat.com/user/ahmadkzha,True,بائع نشيط,5.0,14,92.31%,5,11,ساعتين
برمجة وتطوير,https://khamsat.com/programming,السيرفرات ولينكس,https://khamsat.com/programming/linux,بث مباشر لليوتيوب 24/7 جودة Full HD و 4K-Ultra HD,https://khamsat.com/programming/linux/2281332-%D8%A8%D8%AB-%D9%85%D8%A8%D8%A7%D8%B4%D8%B1-%D9%84%D9%84%D9%8A%D9%88%D8%AA%D9%8A%D9%88%D8%A8-247-%D8%AC%D9%88%D8%AF%D8%A9-full-hd-%D9%88-4k-ultra-hd,5.0,1,10 دقائق,1,0,$25.00,ثلاثة أيام,1,5,295.0,.Mohammad A,https://khamsat.com/user/mohammadalmais,True,بائع نشيط,5.0,22,97.56%,8,21,ساعة
برمجة وتطوير,https://khamsat.com/programming,شبكات,https://khamsat.com/programming/computer-networks,تصميم و تنفيذ شبكات ال Network باستخدام Packet Tracer,https://khamsat.com/programming/computer-networks/3039710-%D8%AA%D8%B5%D9%85%D9%8A%D9%85-%D9%88-%D8%AA%D9%86%D9%81%D9%8A%D8%B0-%D8%B4%D8%A8%D9%83%D8%A7%D8%AA-%D8%A7%D9%84-network-%D8%A8%D8%A7%D8%B3%D8%AA%D8%AE%D8%AF%D8%A7%D9%85-packet-tracer,5.0,2,49 دقيقة,2,0,$10.00,يوم واحد,2,2,20.0,.Mostafa M,https://khamsat.com/user/mostafamalek59,True,بائع نشيط,5.0,2,100.0%,2,2,49 دقيقة
برمجة وتطوير,https://khamsat.com/programming,شبكات,https://khamsat.com/programming/computer-networks,محاكاة شبكات حاسوبية باستخدام برنامج Cisco Packet Tracer,https://khamsat.com/programming/computer-networks/2661395-%D9%85%D8%AD%D8%A7%D9%83%D8%A7%D8%A9-%D8%B4%D8%A8%D9%83%D8%A7%D8%AA-%D8%AD%D8%A7%D8%B3%D9%88%D8%A8%D9%8A%D8%A9-%D8%A8%D8%A7%D8%B3%D8%AA%D8%AE%D8%AF%D8%A7%D9%85-%D8%A8%D8%B1%D9%86%D8%A7%D9%85%D8%AC-cisco-packet-tracer,5.0,35,24 دقيقة,36,0,$5.00,يومين,25,5,140.0,.Akram C,https://khamsat.com/user/akram_cha,True,بائع مميز,5.0,46,100.0%,5,40,16 دقيقة
برمجة وتطوير,https://khamsat.com/programming,شبكات,https://khamsat.com/programming/computer-networks,تصميم و برمجة جميع الشبكات في برنامج Cisco packet tracer,https://khamsat.com/programming/computer-networks/2063449-%D8%AA%D8%B5%D9%85%D9%8A%D9%85-%D9%88-%D8%A8%D8%B1%D9%85%D8%AC%D8%A9-%D8%AC%D9%85%D9%8A%D8%B9-%D8%A7%D9%84%D8%B4%D8%A8%D9%83%D8%A7%D8%AA-%D9%81%D9%8A-%D8%A8%D8%B1%D9%86%D8%A7%D9%85%D8%AC-cisco-packet-tracer,5.0,29,13 دقيقة,31,0,$10.00,أسبوعين,25,5,205.0,.Rafi L,https://khamsat.com/user/rafiloleki,True,بائع مميز,5.0,41,97.33%,4,40,53 دقيقة
برمجة وتطوير,https://khamsat.com/programming,شبكات,https://khamsat.com/programming/computer-networks,أقوم بتصميم شبكات Packet Tracer بشكل أحترافي,https://khamsat.com/programming/computer-networks/3037372-%D8%A3%D9%82%D9%88%D9%85-%D8%A8%D8%AA%D8%B5%D9%85%D9%8A%D9%85-%D8%B4%D8%A8%D9%83%D8%A7%D8%AA-packet-tracer-%D8%A8%D8%B4%D9%83%D9%84-%D8%A3%D8%AD%D8%AA%D8%B1%D8%A7%D9%81%D9%8A,0.0,0,37 دقيقة,1,0,$5.00,يوم واحد,0,1,10.0,.Ahmed S,https://khamsat.com/user/ahmedsameh03,True,بائع جديد,0.0,0,100.0%,2,1,37 دقيقة
برمجة وتطوير,https://khamsat.com/programming,شبكات,https://khamsat.com/programming/computer-networks,حل واعداد أي مختبر شبكات بواسطة برنامج Cisco Packet Tracer,https://khamsat.com/programming/computer-networks/2069677-%D8%AD%D9%84-%D9%88%D8%A7%D8%B9%D8%AF%D8%A7%D8%AF-%D8%A3%D9%8A-%D9%85%D8%AE%D8%AA%D8%A8%D8%B1-%D8%B4%D8%A8%D9%83%D8%A7%D8%AA-%D8%A8%D9%88%D8%A7%D8%B3%D8%B7%D8%A9-%D8%A8%D8%B1%D9%86%D8%A7%D9%85%D8%AC-cisco-packet-tracer,5.0,20,ساعتين,23,0,$10.00,يوم واحد,20,5,210.0,.Alaa S,https://khamsat.com/user/alaa_shoshara,True,بائع مميز,5.0,46,94.79%,6,57,51 دقيقة
برمجة وتطوير,https://khamsat.com/programming,شبكات,https://khamsat.com/programming/computer-networks,تنفيذ جميع مشاريع الشبكات على برنامج cisco packet tracer,https://khamsat.com/programming/computer-networks/2750908-%D8%AA%D9%86%D9%81%D9%8A%D8%B0-%D8%AC%D9%85%D9%8A%D8%B9-%D9%85%D8%B4%D8%A7%D8%B1%D9%8A%D8%B9-%D8%A7%D9%84%D8%B4%D8%A8%D9%83%D8%A7%D8%AA-%D8%B9%D9%84%D9%89-%D8%A8%D8%B1%D9%86%D8%A7%D9%85%D8%AC-cisco-packet-tracer,4.5,17,4 ساعات,24,0,$5.00,يومين,17,5,70.0,.Mostafa A,https://khamsat.com/user/mustafa_alamuri,True,بائع مميز,4.5,17,86.21%,1,24,4 ساعات
برمجة وتطوير,https://khamsat.com/programming,شبكات,https://khamsat.com/programming/computer-networks,تصميم جميع الشبكات باستخدام packet tracer و GNS3,https://khamsat.com/programming/computer-networks/2163579-%D8%AA%D8%B5%D9%85%D9%8A%D9%85-%D8%AC%D9%85%D9%8A%D8%B9-%D8%A7%D9%84%D8%B4%D8%A8%D9%83%D8%A7%D8%AA-%D8%A8%D8%A7%D8%B3%D8%AA%D8%AE%D8%AF%D8%A7%D9%85-packet-tracer-%D9%88-gns3,5.0,15,ساعتين,24,0,$10.00,يوم واحد,15,2,40.0,اديب م.,https://khamsat.com/user/adeeb2233,True,بائع مميز,4.5,110,93.5%,7,139,48 دقيقة
برمجة وتطوير,https://khamsat.com/programming,شبكات,https://khamsat.com/programming/computer-networks,"تصميم وبرمجة الشبكات ب EVE , packet tracer , GNS3",https://khamsat.com/programming/computer-networks/2618220-%D8%AA%D8%B5%D9%85%D9%8A%D9%85-%D9%88%D8%A8%D8%B1%D9%85%D8%AC%D8%A9-%D8%A7%D9%84%D8%B4%D8%A8%D9%83%D8%A7%D8%AA-%D8%A8-eve-packet-tracer-gns3,5.0,5,ساعة,5,0,$5.00,يوم واحد,5,5,90.0,.Mohamed E,https://khamsat.com/user/itman2000,True,بائع نشيط,4.5,14,75.0%,4,14,يوم
برمجة وتطوير,https://khamsat.com/programming,شبكات,https://khamsat.com/programming/computer-networks,محاكاة شبكات باستخدام برامج Packet Tracer EVE NG GNS3 eNSP,https://khamsat.com/programming/computer-networks/2674288-%D9%85%D8%AD%D8%A7%D9%83%D8%A7%D8%A9-%D8%B4%D8%A8%D9%83%D8%A7%D8%AA-%D8%A8%D8%A7%D8%B3%D8%AA%D8%AE%D8%AF%D8%A7%D9%85-%D8%A8%D8%B1%D8%A7%D9%85%D8%AC-packet-tracer-eve-ng-gns3-ensp,5.0,9,8 دقائق,10,0,$5.00,يومين,9,5,140.0,.Akram C,https://khamsat.com/user/akram_cha,True,بائع مميز,5.0,46,100.0%,5,40,16 دقيقة
برمجة وتطوير,https://khamsat.com/programming,شبكات,https://khamsat.com/programming/computer-networks,برمجة أجهزة مايكروتك Mikrotik,https://khamsat.com/programming/computer-networks/2643750-%D8%A8%D8%B1%D9%85%D8%AC%D8%A9-%D8%A3%D8%AC%D9%87%D8%B2%D8%A9-%D9%85%D8%A7%D9%8A%D9%83%D8%B1%D9%88%D8%AA%D9%83-mikrotik,5.0,10,ساعة,10,0,$10.00,يوم واحد,10,3,80.0,.Majed J,https://khamsat.com/user/majedjamous,True,بائع مميز,5.0,51,100.0%,8,45,7 ساعات
برمجة وتطوير,https://khamsat.com/programming,شبكات,https://khamsat.com/programming/computer-networks,حل مشاكل وبرمجة سنترالات IP وإعداد التحويلات والاتصالات,https://khamsat.com/programming/computer-networks/2752442-%D8%AD%D9%84-%D9%85%D8%B4%D8%A7%D9%83%D9%84-%D9%88%D8%A8%D8%B1%D9%85%D8%AC%D8%A9-%D8%B3%D9%86%D8%AA%D8%B1%D8%A7%D9%84%D8%A7%D8%AA-ip-%D9%88%D8%A5%D8%B9%D8%AF%D8%A7%D8%AF-%D8%A7%D9%84%D8%AA%D8%AD%D9%88%D9%8A%D9%84%D8%A7%D8%AA-%D9%88%D8%A7%D9%84%D8%A7%D8%AA%D8%B5%D8%A7%D9%84%D8%A7%D8%AA,5.0,3,47 دقيقة,3,0,$10.00,يوم واحد,3,2,50.0,محمد ع.,https://khamsat.com/user/salempc,True,مشتري جاد,5.0,3,100.0%,1,3,47 دقيقة
برمجة وتطوير,https://khamsat.com/programming,شبكات,https://khamsat.com/programming/computer-networks,تصميم وبرمجة الشبكات على EVE NG Packet Tracer GNS3,https://khamsat.com/programming/computer-networks/2400473-%D8%AA%D8%B5%D9%85%D9%8A%D9%85-%D9%88%D8%A8%D8%B1%D9%85%D8%AC%D8%A9-%D8%A7%D9%84%D8%B4%D8%A8%D9%83%D8%A7%D8%AA-%D8%B9%D9%84%D9%89-eve-ng-packet-tracer-gns3,5.0,4,3 ساعات,4,0,$5.00,يوم واحد,4,3,105.0,.Mohammad K,https://khamsat.com/user/mohmamad_khaddour_03,True,بائع نشيط,5.0,20,82.76%,4,17,ساعة
برمجة وتطوير,https://khamsat.com/programming,شبكات,https://khamsat.com/programming/computer-networks,حل جميع مشاكل الشبكات في برمجية Cisco packet tracer,https://khamsat.com/programming/computer-networks/1364617-%D8%AD%D9%84-%D8%AC%D9%85%D9%8A%D8%B9-%D9%85%D8%B4%D8%A7%D9%83%D9%84-%D8%A7%D9%84%D8%B4%D8%A8%D9%83%D8%A7%D8%AA-%D9%81%D9%8A-%D8%A8%D8%B1%D9%85%D8%AC%D9%8A%D8%A9-cisco-packet-tracer,5.0,19,28 دقيقة,26,0,$10.00,يوم واحد,19,4,150.0,.Omar F,https://khamsat.com/user/omaromari7,True,بائع نشيط,5.0,20,100.0%,1,27,4 ساعات
برمجة وتطوير,https://khamsat.com/programming,شبكات,https://khamsat.com/programming/computer-networks,تصميم وبرمجة مشاريع الشبكات على cisco packet tracer gns3,https://khamsat.com/programming/computer-networks/2650303-%D8%AA%D8%B5%D9%85%D9%8A%D9%85-%D9%88%D8%A8%D8%B1%D9%85%D8%AC%D8%A9-%D9%85%D8%B4%D8%A7%D8%B1%D9%8A%D8%B9-%D8%A7%D9%84%D8%B4%D8%A8%D9%83%D8%A7%D8%AA-%D8%B9%D9%84%D9%89-cisco-packet-tracer-gns3,5.0,1,44 دقيقة,4,0,$10.00,يوم واحد,1,2,10.0,.Adam L,https://khamsat.com/user/adamlegunini,True,بائع جديد,5.0,1,83.33%,4,4,44 دقيقة
برمجة وتطوير,https://khamsat.com/programming,شبكات,https://khamsat.com/programming/computer-networks,برمجة سويتش شبكة أو راوتر شبكة بالإعدادات المطلوبة لشبكة الع,https://khamsat.com/programming/computer-networks/2325768-%D8%A8%D8%B1%D9%85%D8%AC%D8%A9-%D8%B3%D9%88%D9%8A%D8%AA%D8%B4-%D8%B4%D8%A8%D9%83%D8%A9-%D8%A3%D9%88-%D8%B1%D8%A7%D9%88%D8%AA%D8%B1-%D8%B4%D8%A8%D9%83%D8%A9-%D8%A8%D8%A7%D9%84%D8%A5%D8%B9%D8%AF%D8%A7%D8%AF%D8%A7%D8%AA-%D8%A7%D9%84%D9%85%D8%B7%D9%84%D9%88%D8%A8%D8%A9-%D9%84%D8%B4%D8%A8%D9%83%D8%A9-%D8%A7%D9%84%D8%B9,4.5,5,يوم,6,0,$10.00,يوم واحد,5,5,85.0,.Mohamed E,https://khamsat.com/user/mohamedusama50,True,بائع نشيط,4.5,6,87.5%,6,7,23 ساعة
برمجة وتطوير,https://khamsat.com/programming,شبكات,https://khamsat.com/programming/computer-networks,Cisco packet tracer برمجة شبكات سيسكو وعمل شبكة على برنامج,https://khamsat.com/programming/computer-networks/2228963-cisco-packet-tracer-%D8%A8%D8%B1%D9%85%D8%AC%D8%A9-%D8%B4%D8%A8%D9%83%D8%A7%D8%AA-%D8%B3%D9%8A%D8%B3%D9%83%D9%88-%D9%88%D8%B9%D9%85%D9%84-%D8%B4%D8%A8%D9%83%D8%A9-%D8%B9%D9%84%D9%89-%D8%A8%D8%B1%D9%86%D8%A7%D9%85%D8%AC,5.0,4,5 ساعات,6,0,$15.00,يومين,4,5,60.0,إكرام ن.,https://khamsat.com/user/ekram_nasr,True,بائع مميز,5.0,15,94.29%,4,21,7 ساعات
برمجة وتطوير,https://khamsat.com/programming,شبكات,https://khamsat.com/programming/computer-networks,محاكاة شبكات حاسوبية باستخدام برنامج Huawei eNSP,https://khamsat.com/programming/computer-networks/2661475-%D9%85%D8%AD%D8%A7%D9%83%D8%A7%D8%A9-%D8%B4%D8%A8%D9%83%D8%A7%D8%AA-%D8%AD%D8%A7%D8%B3%D9%88%D8%A8%D9%8A%D8%A9-%D8%A8%D8%A7%D8%B3%D8%AA%D8%AE%D8%AF%D8%A7%D9%85-%D8%A8%D8%B1%D9%86%D8%A7%D9%85%D8%AC-huawei-ensp,5.0,2,15 دقيقة,2,0,$5.00,يومين,2,5,140.0,.Akram C,https://khamsat.com/user/akram_cha,True,بائع مميز,5.0,46,100.0%,5,40,16 دقيقة
برمجة وتطوير,https://khamsat.com/programming,شبكات,https://khamsat.com/programming/computer-networks,بناء شبكات خاصة بك او بشركتك برنامجPack Tracer,https://khamsat.com/programming/computer-networks/1982179-%D8%A8%D9%86%D8%A7%D8%A1-%D8%B4%D8%A8%D9%83%D8%A7%D8%AA-%D8%AE%D8%A7%D8%B5%D8%A9-%D8%A8%D9%83-%D8%A7%D9%88-%D8%A8%D8%B4%D8%B1%D9%83%D8%AA%D9%83-%D8%A8%D8%B1%D9%86%D8%A7%D9%85%D8%ACpack-tracer,5.0,4,49 دقيقة,4,0,$5.00,يوم واحد,4,5,50.0,حسام م.,https://khamsat.com/user/hssm736558084,True,بائع جديد,5.0,4,100.0%,2,4,19 ساعة
برمجة وتطوير,https://khamsat.com/programming,شبكات,https://khamsat.com/programming/computer-networks,تصميم واعداد مشاريع الشبكات وامن المعلومات بدقة وإنجاز,https://khamsat.com/programming/computer-networks/2927464-%D8%AA%D8%B5%D9%85%D9%8A%D9%85-%D9%88%D8%A7%D8%B9%D8%AF%D8%A7%D8%AF-%D9%85%D8%B4%D8%A7%D8%B1%D9%8A%D8%B9-%D8%A7%D9%84%D8%B4%D8%A8%D9%83%D8%A7%D8%AA-%D9%88%D8%A7%D9%85%D9%86-%D8%A7%D9%84%D9%85%D8%B9%D9%84%D9%88%D9%85%D8%A7%D8%AA-%D8%A8%D8%AF%D9%82%D8%A9-%D9%88%D8%A5%D9%86%D8%AC%D8%A7%D8%B2,5.0,1,ساعة,1,0,$5.00,يوم واحد,1,5,345.0,.Mohamed A,https://khamsat.com/user/mohamed_zaher999,True,بائع مميز,5.0,13,91.4%,1,16,33 دقيقة
برمجة وتطوير,https://khamsat.com/programming,شبكات,https://khamsat.com/programming/computer-networks,حل و برمجة جميع مشاكل الشبكات في برنامج Cisco packet tracer,https://khamsat.com/programming/computer-networks/2056715-%D8%AD%D9%84-%D9%88-%D8%A8%D8%B1%D9%85%D8%AC%D8%A9-%D8%AC%D9%85%D9%8A%D8%B9-%D9%85%D8%B4%D8%A7%D9%83%D9%84-%D8%A7%D9%84%D8%B4%D8%A8%D9%83%D8%A7%D8%AA-%D9%81%D9%8A-%D8%A8%D8%B1%D9%86%D8%A7%D9%85%D8%AC-cisco-packet-tracer,5.0,3,ساعة,3,0,$5.00,يوم واحد,3,3,45.0,.Zakaria S,https://khamsat.com/user/zakaria_sari,True,بائع جديد,5.0,3,100.0%,5,4,ساعة
برمجة وتطوير,https://khamsat.com/programming,شبكات,https://khamsat.com/programming/computer-networks,تخطيط الشبكات باستعمال برنامج VISIO,https://khamsat.com/programming/computer-networks/2580107-%D8%AA%D8%AE%D8%B7%D9%8A%D8%B7-%D8%A7%D9%84%D8%B4%D8%A8%D9%83%D8%A7%D8%AA-%D8%A8%D8%A7%D8%B3%D8%AA%D8%B9%D9%85%D8%A7%D9%84-%D8%A8%D8%B1%D9%86%D8%A7%D9%85%D8%AC-visio,0.0,0,21 ساعة,1,0,$10.00,يومين,0,0,0.0,.Merzak S,https://khamsat.com/user/merzaksadi,True,بائع جديد,5.0,4,100.0%,4,5,7 ساعات
برمجة وتطوير,https://khamsat.com/programming,شبكات,https://khamsat.com/programming/computer-networks,حظر الالعاب والتطبيقات الغير مرغوب فيها على جهاز مايكروتيك,https://khamsat.com/programming/computer-networks/1643671-%D8%AD%D8%B8%D8%B1-%D8%A7%D9%84%D8%A7%D9%84%D8%B9%D8%A7%D8%A8-%D9%88%D8%A7%D9%84%D8%AA%D8%B7%D8%A8%D9%8A%D9%82%D8%A7%D8%AA-%D8%A7%D9%84%D8%BA%D9%8A%D8%B1-%D9%85%D8%B1%D8%BA%D9%88%D8%A8-%D9%81%D9%8A%D9%87%D8%A7-%D8%B9%D9%84%D9%89-%D8%AC%D9%87%D8%A7%D8%B2-%D9%85%D8%A7%D9%8A%D9%83%D8%B1%D9%88%D8%AA%D9%8A%D9%83,5.0,1,5 ساعات,1,0,$5.00,يوم واحد,1,5,45.0,.Ahmed S,https://khamsat.com/user/ahmedsheri,True,بائع نشيط,5.0,8,93.33%,7,7,7 ساعات
برمجة وتطوير,https://khamsat.com/programming,شبكات,https://khamsat.com/programming/computer-networks,اقوم بعمل تصميم شبكي علي باكيت ترايسر بشكل احترافي,https://khamsat.com/programming/computer-networks/3043236-%D8%A7%D9%82%D9%88%D9%85-%D8%A8%D8%B9%D9%85%D9%84-%D8%AA%D8%B5%D9%85%D9%8A%D9%85-%D8%B4%D8%A8%D9%83%D9%8A-%D8%B9%D9%84%D9%8A-%D8%A8%D8%A7%D9%83%D9%8A%D8%AA-%D8%AA%D8%B1%D8%A7%D9%8A%D8%B3%D8%B1-%D8%A8%D8%B4%D9%83%D9%84-%D8%A7%D8%AD%D8%AA%D8%B1%D8%A7%D9%81%D9%8A,0.0,0,لم يحسب,0,0,$5.00,يوم واحد,0,0,0.0,خالد ف.,https://khamsat.com/user/khaledfarghaly,True,بائع جديد,0.0,0,لم يحسب بعد,1,0,لم يحسب
برمجة وتطوير,https://khamsat.com/programming,شبكات,https://khamsat.com/programming/computer-networks,تصميم شبكات احترافية باستخدام Packet Tracer,https://khamsat.com/programming/computer-networks/3042245-%D8%AA%D8%B5%D9%85%D9%8A%D9%85-%D8%B4%D8%A8%D9%83%D8%A7%D8%AA-%D8%A7%D8%AD%D8%AA%D8%B1%D8%A7%D9%81%D9%8A%D8%A9-%D8%A8%D8%A7%D8%B3%D8%AA%D8%AE%D8%AF%D8%A7%D9%85-packet-tracer,0.0,0,لم يحسب,0,0,$5.00,يوم واحد,0,4,60.0,.Rawda G,https://khamsat.com/user/rawda_gamal1,True,بائع جديد,0.0,0,لم يحسب بعد,1,0,لم يحسب
برمجة وتطوير,https://khamsat.com/programming,شبكات,https://khamsat.com/programming/computer-networks,اقوم بعمل تصميم شبكات احترافيCisco packet tracer,https://khamsat.com/programming/computer-networks/3039224-%D8%A7%D9%82%D9%88%D9%85-%D8%A8%D8%B9%D9%85%D9%84-%D8%AA%D8%B5%D9%85%D9%8A%D9%85-%D8%B4%D8%A8%D9%83%D8%A7%D8%AA-%D8%A7%D8%AD%D8%AA%D8%B1%D8%A7%D9%81%D9%8Acisco-packet-tracer,0.0,0,لم يحسب,0,0,$5.00,يوم واحد,0,0,0.0,.Omar K,https://khamsat.com/user/omar_khaled2003,True,بائع جديد,0.0,0,لم يحسب بعد,1,0,لم يحسب
برمجة وتطوير,https://khamsat.com/programming,شبكات,https://khamsat.com/programming/computer-networks,بناء واعداد شبكات الحاسب وحل جميع مشاكلها,https://khamsat.com/programming/computer-networks/2961947-%D8%A8%D9%86%D8%A7%D8%A1-%D9%88%D8%A7%D8%B9%D8%AF%D8%A7%D8%AF-%D8%B4%D8%A8%D9%83%D8%A7%D8%AA-%D8%A7%D9%84%D8%AD%D8%A7%D8%B3%D8%A8-%D9%88%D8%AD%D9%84-%D8%AC%D9%85%D9%8A%D8%B9-%D9%85%D8%B4%D8%A7%D9%83%D9%84%D9%87%D8%A7,0.0,0,لم يحسب,0,0,$10.00,يوم واحد,0,4,45.0,عبد الرحمن إ.,https://khamsat.com/user/abdelrahman2024,True,بائع جديد,5.0,1,100.0%,4,1,7 دقائق
برمجة وتطوير,https://khamsat.com/programming,شبكات,https://khamsat.com/programming/computer-networks,تصميم جميع مشاريع الشبكات باستخدام packet Tracer و GNS3,https://khamsat.com/programming/computer-networks/2994945-%D8%AA%D8%B5%D9%85%D9%8A%D9%85-%D8%AC%D9%85%D9%8A%D8%B9-%D9%85%D8%B4%D8%A7%D8%B1%D9%8A%D8%B9-%D8%A7%D9%84%D8%B4%D8%A8%D9%83%D8%A7%D8%AA-%D8%A8%D8%A7%D8%B3%D8%AA%D8%AE%D8%AF%D8%A7%D9%85-packet-tracer-%D9%88-gns3,0.0,0,12 دقيقة,0,0,$5.00,يوم واحد,0,3,35.0,.Ayoub Y,https://khamsat.com/user/ayoub_615,False,بائع جديد,0.0,0,لم يحسب بعد,3,0,12 دقيقة
برمجة وتطوير,https://khamsat.com/programming,شبكات,https://khamsat.com/programming/computer-networks,تصميم شبكات احترافية باستخدام Packet Tracer وEVE-NG,https://khamsat.com/programming/computer-networks/3039218-%D8%AA%D8%B5%D9%85%D9%8A%D9%85-%D8%B4%D8%A8%D9%83%D8%A7%D8%AA-%D8%A7%D8%AD%D8%AA%D8%B1%D8%A7%D9%81%D9%8A%D8%A9-%D8%A8%D8%A7%D8%B3%D8%AA%D8%AE%D8%AF%D8%A7%D9%85-packet-tracer-%D9%88eve-ng,0.0,0,لم يحسب,0,0,$5.00,يومين,0,2,10.0,محمد ا.,https://khamsat.com/user/mohamed_elshami555,True,بائع جديد,0.0,0,لم يحسب بعد,1,0,لم يحسب
برمجة وتطوير,https://khamsat.com/programming,شبكات,https://khamsat.com/programming/computer-networks,حلول وإعدادات شبكات احترافية للمؤسسات والأفراد,https://khamsat.com/programming/computer-networks/3042287-%D8%AD%D9%84%D9%88%D9%84-%D9%88%D8%A5%D8%B9%D8%AF%D8%A7%D8%AF%D8%A7%D8%AA-%D8%B4%D8%A8%D9%83%D8%A7%D8%AA-%D8%A7%D8%AD%D8%AA%D8%B1%D8%A7%D9%81%D9%8A%D8%A9-%D9%84%D9%84%D9%85%D8%A4%D8%B3%D8%B3%D8%A7%D8%AA-%D9%88%D8%A7%D9%84%D8%A3%D9%81%D8%B1%D8%A7%D8%AF,0.0,0,لم يحسب,0,0,$5.00,يومين,0,0,0.0,.Abdelhamed E,https://khamsat.com/user/abdelhamedelhafny,True,بائع جديد,0.0,0,لم يحسب بعد,1,0,لم يحسب
برمجة وتطوير,https://khamsat.com/programming,شبكات,https://khamsat.com/programming/computer-networks,تصميم شبكات بشكل إحترافى على Packet Tracer,https://khamsat.com/programming/computer-networks/3042215-%D8%AA%D8%B5%D9%85%D9%8A%D9%85-%D8%B4%D8%A8%D9%83%D8%A7%D8%AA-%D8%A8%D8%B4%D9%83%D9%84-%D8%A5%D8%AD%D8%AA%D8%B1%D8%A7%D9%81%D9%89-%D8%B9%D9%84%D9%89-packet-tracer,0.0,0,لم يحسب,0,0,$5.00,يومين,0,0,0.0,.Yasmin F,https://khamsat.com/user/yasmin_fayed,True,بائع جديد,0.0,0,لم يحسب بعد,1,0,لم يحسب
برمجة وتطوير,https://khamsat.com/programming,إدارة البريد الإلكتروني,https://khamsat.com/programming/email-management,عمل إيميل احترافي خاص بك أو بشركتك name@domain.com,https://khamsat.com/programming/email-management/2776572-%D8%B9%D9%85%D9%84-%D8%A5%D9%8A%D9%85%D9%8A%D9%84-%D8%A7%D8%AD%D8%AA%D8%B1%D8%A7%D9%81%D9%8A-%D8%AE%D8%A7%D8%B5-%D8%A8%D9%83-%D8%A3%D9%88-%D8%A8%D8%B4%D8%B1%D9%83%D8%AA%D9%83-namedomain.com,5.0,8,8 ساعات,9,0,$5.00,يومين,8,0,0.0,علي عبد الرحمن ع.,https://khamsat.com/user/tech_snatch_quest,True,بائع نشيط,5.0,20,100.0%,6,18,ساعتين
برمجة وتطوير,https://khamsat.com/programming,إدارة البريد الإلكتروني,https://khamsat.com/programming/email-management,إنشاء بريد إلكتروني إيميل رسمي إحترافي لمشروعكم الخاص,https://khamsat.com/programming/email-management/2650102-%D8%A5%D9%86%D8%B4%D8%A7%D8%A1-%D8%A8%D8%B1%D9%8A%D8%AF-%D8%A5%D9%84%D9%83%D8%AA%D8%B1%D9%88%D9%86%D9%8A-%D8%A5%D9%8A%D9%85%D9%8A%D9%84-%D8%B1%D8%B3%D9%85%D9%8A-%D8%A5%D8%AD%D8%AA%D8%B1%D8%A7%D9%81%D9%8A-%D9%84%D9%85%D8%B4%D8%B1%D9%88%D8%B9%D9%83%D9%85-%D8%A7%D9%84%D8%AE%D8%A7%D8%B5,5.0,9,53 دقيقة,10,0,$20.00,يوم واحد,9,3,85.0,.Heba A,https://khamsat.com/user/heba_elganzory,True,بائع مميز,5.0,123,90.91%,12,117,ساعتين
برمجة وتطوير,https://khamsat.com/programming,إدارة البريد الإلكتروني,https://khamsat.com/programming/email-management,إنشاء إيميل بدومينك الخاص,https://khamsat.com/programming/email-management/1289792-%D8%A5%D9%86%D8%B4%D8%A7%D8%A1-%D8%A5%D9%8A%D9%85%D9%8A%D9%84-%D8%A8%D8%AF%D9%88%D9%85%D9%8A%D9%86%D9%83-%D8%A7%D9%84%D8%AE%D8%A7%D8%B5,5.0,27,8 دقائق,31,0,$5.00,يوم واحد,25,0,0.0,أشرف أ.,https://khamsat.com/user/achraf-ouhsaine,True,بائع نشيط,5.0,27,81.4%,1,31,8 دقائق
برمجة وتطوير,https://khamsat.com/programming,إدارة البريد الإلكتروني,https://khamsat.com/programming/email-management,تعريب قوالب الإيميلات في WHMCS,https://khamsat.com/programming/email-management/451250-%D8%AA%D8%B9%D8%B1%D9%8A%D8%A8-%D9%82%D9%88%D8%A7%D9%84%D8%A8-%D8%A7%D9%84%D8%A5%D9%8A%D9%85%D9%8A%D9%84%D8%A7%D8%AA-%D9%81%D9%8A-whmcs,5.0,31,26 دقيقة,47,0,$5.00,يومين,25,0,0.0,.Zeinab M,https://khamsat.com/user/zeinab-magdy,True,بائع مميز,5.0,225,90.32%,5,273,58 دقيقة
برمجة وتطوير,https://khamsat.com/programming,إدارة البريد الإلكتروني,https://khamsat.com/programming/email-management,أنشاء بريد الالكتروني احترافي,https://khamsat.com/programming/email-management/2537976-%D8%A3%D9%86%D8%B4%D8%A7%D8%A1-%D8%A8%D8%B1%D9%8A%D8%AF-%D8%A7%D9%84%D8%A7%D9%84%D9%83%D8%AA%D8%B1%D9%88%D9%86%D9%8A-%D8%A7%D8%AD%D8%AA%D8%B1%D8%A7%D9%81%D9%8A,5.0,2,أقل من دقيقة,2,0,$10.00,يوم واحد,2,1,5.0,.Kamel B,https://khamsat.com/user/kamel-khairi,True,بائع نشيط,5.0,14,76.47%,6,12,57 دقيقة
برمجة وتطوير,https://khamsat.com/programming,إدارة البريد الإلكتروني,https://khamsat.com/programming/email-management,دعم فني و إعداد خدمة البريد الالكتروني باسم الدومين الخاص بك,https://khamsat.com/programming/email-management/2702446-%D8%AF%D8%B9%D9%85-%D9%81%D9%86%D9%8A-%D9%88-%D8%A5%D8%B9%D8%AF%D8%A7%D8%AF-%D8%AE%D8%AF%D9%85%D8%A9-%D8%A7%D9%84%D8%A8%D8%B1%D9%8A%D8%AF-%D8%A7%D9%84%D8%A7%D9%84%D9%83%D8%AA%D8%B1%D9%88%D9%86%D9%8A-%D8%A8%D8%A7%D8%B3%D9%85-%D8%A7%D9%84%D8%AF%D9%88%D9%85%D9%8A%D9%86-%D8%A7%D9%84%D8%AE%D8%A7%D8%B5-%D8%A8%D9%83,5.0,1,41 دقيقة,2,0,$5.00,أسبوع,1,0,0.0,.Islam E,https://khamsat.com/user/red.prince.p,True,بائع مميز,4.5,209,86.77%,12,254,7 ساعات
برمجة وتطوير,https://khamsat.com/programming,إدارة البريد الإلكتروني,https://khamsat.com/programming/email-management,بريد شخصي باسم شركتك Business Mails - Corporate Email,https://khamsat.com/programming/email-management/2900434-%D8%A8%D8%B1%D9%8A%D8%AF-%D8%B4%D8%AE%D8%B5%D9%8A-%D8%A8%D8%A7%D8%B3%D9%85-%D8%B4%D8%B1%D9%83%D8%AA%D9%83-business-mails-corporate-email,0.0,0,لم يحسب,0,0,$10.00,يوم واحد,0,1,10.0,.Nader G,https://khamsat.com/user/eng_nader,True,بائع جديد,0.0,0,لم يحسب بعد,2,0,لم يحسب
برمجة وتطوير,https://khamsat.com/programming,إدارة البريد الإلكتروني,https://khamsat.com/programming/email-management,عمل ايملات رسميه احترافه لجميع المواقع,https://khamsat.com/programming/email-management/2551266-%D8%B9%D9%85%D9%84-%D8%A7%D9%8A%D9%85%D9%84%D8%A7%D8%AA-%D8%B1%D8%B3%D9%85%D9%8A%D9%87-%D8%A7%D8%AD%D8%AA%D8%B1%D8%A7%D9%81%D9%87-%D9%84%D8%AC%D9%85%D9%8A%D8%B9-%D8%A7%D9%84%D9%85%D9%88%D8%A7%D9%82%D8%B9,0.0,0,لم يحسب,0,0,$5.00,يومين,0,0,0.0,.Abdelrhman E,https://khamsat.com/user/el7laby,True,بائع جديد,5.0,1,100.0%,2,1,14 ساعة
برمجة وتطوير,https://khamsat.com/programming,إدارة البريد الإلكتروني,https://khamsat.com/programming/email-management,انشاء ايميل في نطاق خاص باستخدام اسم النطاق المُختَار لشركتك,https://khamsat.com/programming/email-management/2917180-%D8%A7%D9%86%D8%B4%D8%A7%D8%A1-%D8%A7%D9%8A%D9%85%D9%8A%D9%84-%D9%81%D9%8A-%D9%86%D8%B7%D8%A7%D9%82-%D8%AE%D8%A7%D8%B5-%D8%A8%D8%A7%D8%B3%D8%AA%D8%AE%D8%AF%D8%A7%D9%85-%D8%A7%D8%B3%D9%85-%D8%A7%D9%84%D9%86%D8%B7%D8%A7%D9%82-%D8%A7%D9%84%D9%85%D8%AE%D8%AA%D8%A7%D8%B1-%D9%84%D8%B4%D8%B1%D9%83%D8%AA%D9%83,0.0,0,لم يحسب,0,0,$25.00,يومين,0,0,0.0,.Ahmed S,https://khamsat.com/user/ahmedsheri,True,بائع نشيط,5.0,8,93.33%,7,7,7 ساعات
برمجة وتطوير,https://khamsat.com/programming,إدارة البريد الإلكتروني,https://khamsat.com/programming/email-management,ربط بريدك الالكتروني مع برنامج Outlook,https://khamsat.com/programming/email-management/2823218-%D8%B1%D8%A8%D8%B7-%D8%A8%D8%B1%D9%8A%D8%AF%D9%83-%D8%A7%D9%84%D8%A7%D9%84%D9%83%D8%AA%D8%B1%D9%88%D9%86%D9%8A-%D9%85%D8%B9-%D8%A8%D8%B1%D9%86%D8%A7%D9%85%D8%AC-outlook,0.0,0,لم يحسب,0,0,$5.00,يوم واحد,0,3,70.0,.Mohamed E,https://khamsat.com/user/etchagha,True,بائع جديد,0.0,0,لم يحسب بعد,2,0,17 يوم
برمجة وتطوير,https://khamsat.com/programming,إدارة البريد الإلكتروني,https://khamsat.com/programming/email-management,ربط بريدك الالكتروني مع برنامج Outlook على جهاز حاسوبك,https://khamsat.com/programming/email-management/1804392-%D8%B1%D8%A8%D8%B7-%D8%A8%D8%B1%D9%8A%D8%AF%D9%83-%D8%A7%D9%84%D8%A7%D9%84%D9%83%D8%AA%D8%B1%D9%88%D9%86%D9%8A-%D9%85%D8%B9-%D8%A8%D8%B1%D9%86%D8%A7%D9%85%D8%AC-outlook-%D8%B9%D9%84%D9%89-%D8%AC%D9%87%D8%A7%D8%B2-%D8%AD%D8%A7%D8%B3%D9%88%D8%A8%D9%83,5.0,9,26 دقيقة,13,0,$5.00,يوم واحد,9,5,100.0,.Hani G,https://khamsat.com/user/hani-ghiath,True,بائع مميز,5.0,64,93.4%,9,66,ساعة
برمجة وتطوير,https://khamsat.com/programming,إدارة البريد الإلكتروني,https://khamsat.com/programming/email-management,أنشاء بريد الكتروني باسم شركتك,https://khamsat.com/programming/email-management/2899654-%D8%A3%D9%86%D8%B4%D8%A7%D8%A1-%D8%A8%D8%B1%D9%8A%D8%AF-%D8%A7%D9%84%D9%83%D8%AA%D8%B1%D9%88%D9%86%D9%8A-%D8%A8%D8%A7%D8%B3%D9%85-%D8%B4%D8%B1%D9%83%D8%AA%D9%83,0.0,0,لم يحسب,0,0,$10.00,يوم واحد,0,4,140.0,.Mohamed A,https://khamsat.com/user/mohamed-abo-ahmed,False,بائع جديد,0.0,0,لم يحسب بعد,1,0,لم يحسب
برمجة وتطوير,https://khamsat.com/programming,إدارة البريد الإلكتروني,https://khamsat.com/programming/email-management,إنشاء إيميل بأسم موقعك او دومينك الخاص بـ 5$ دولار,https://khamsat.com/programming/email-management/1695870-%D8%A5%D9%86%D8%B4%D8%A7%D8%A1-%D8%A5%D9%8A%D9%85%D9%8A%D9%84-%D8%A8%D8%A3%D8%B3%D9%85-%D9%85%D9%88%D9%82%D8%B9%D9%83-%D8%A7%D9%88-%D8%AF%D9%88%D9%85%D9%8A%D9%86%D9%83-%D8%A7%D9%84%D8%AE%D8%A7%D8%B5-%D8%A8%D9%80-5-%D8%AF%D9%88%D9%84%D8%A7%D8%B1,5.0,1,ساعتين,1,0,$5.00,يوم واحد,1,1,5.0,.Mohammed T,https://khamsat.com/user/mohammedtalaat1,True,مشتري جديد,5.0,1,25.0%,4,2,يوم
برمجة وتطوير,https://khamsat.com/programming,إدارة البريد الإلكتروني,https://khamsat.com/programming/email-management,سأقوم بفلترة الإيميلات وتحديد الصالحة للأرسال المحظورة,https://khamsat.com/programming/email-management/2942930-%D8%B3%D8%A3%D9%82%D9%88%D9%85-%D8%A8%D9%81%D9%84%D8%AA%D8%B1%D8%A9-%D8%A7%D9%84%D8%A5%D9%8A%D9%85%D9%8A%D9%84%D8%A7%D8%AA-%D9%88%D8%AA%D8%AD%D8%AF%D9%8A%D8%AF-%D8%A7%D9%84%D8%B5%D8%A7%D9%84%D8%AD%D8%A9-%D9%84%D9%84%D8%A3%D8%B1%D8%B3%D8%A7%D9%84-%D8%A7%D9%84%D9%85%D8%AD%D8%B8%D9%88%D8%B1%D8%A9,0.0,0,لم يحسب,0,0,$10.00,ثلاثة أيام,0,2,50.0,أحمد أ.,https://khamsat.com/user/ahmadsalem5,True,بائع نشيط,4.5,7,95.83%,7,12,8 ساعات
برمجة وتطوير,https://khamsat.com/programming,إدارة البريد الإلكتروني,https://khamsat.com/programming/email-management,إعداد بريد إلكتروني احترافي باسم موقعك او متجرك,https://khamsat.com/programming/email-management/2572439-%D8%A5%D8%B9%D8%AF%D8%A7%D8%AF-%D8%A8%D8%B1%D9%8A%D8%AF-%D8%A5%D9%84%D9%83%D8%AA%D8%B1%D9%88%D9%86%D9%8A-%D8%A7%D8%AD%D8%AA%D8%B1%D8%A7%D9%81%D9%8A-%D8%A8%D8%A7%D8%B3%D9%85-%D9%85%D9%88%D9%82%D8%B9%D9%83-%D8%A7%D9%88-%D9%85%D8%AA%D8%AC%D8%B1%D9%83,5.0,1,46 دقيقة,2,0,$5.00,يوم واحد,1,2,10.0,صالح ع.,https://khamsat.com/user/salihformat,True,بائع مميز,5.0,40,98.8%,8,51,ساعتين
برمجة وتطوير,https://khamsat.com/programming,إدارة البريد الإلكتروني,https://khamsat.com/programming/email-management,عمل سيرفر خاص لاستضافة ايميلات شركتك youremail@company.com,https://khamsat.com/programming/email-management/1987931-%D8%B9%D9%85%D9%84-%D8%B3%D9%8A%D8%B1%D9%81%D8%B1-%D8%AE%D8%A7%D8%B5-%D9%84%D8%A7%D8%B3%D8%AA%D8%B6%D8%A7%D9%81%D8%A9-%D8%A7%D9%8A%D9%85%D9%8A%D9%84%D8%A7%D8%AA-%D8%B4%D8%B1%D9%83%D8%AA%D9%83-youremailcompany.com,5.0,1,4 ساعات,3,0,$5.00,يوم واحد,1,2,125.0,.Hani G,https://khamsat.com/user/hani-ghiath,True,بائع مميز,5.0,64,93.4%,9,66,ساعة
برمجة وتطوير,https://khamsat.com/programming,إدارة البريد الإلكتروني,https://khamsat.com/programming/email-management,إنشاء إيميل رسمى لموقعك,https://khamsat.com/programming/email-management/1031940-%D8%A5%D9%86%D8%B4%D8%A7%D8%A1-%D8%A5%D9%8A%D9%85%D9%8A%D9%84-%D8%B1%D8%B3%D9%85%D9%89-%D9%84%D9%85%D9%88%D9%82%D8%B9%D9%83,0.0,0,17 دقيقة,0,0,$5.00,يوم واحد,0,0,0.0,وسيم ج.,https://khamsat.com/user/%D9%88%D8%B3%D9%8A%D9%85-%D8%AC%D9%85%D8%A7%D9%84-%D8%A7%D9%84%D8%AF%D8%B3%D9%88%D9%82%D9%89,True,بائع مميز,4.5,94,84.91%,7,100,ساعة
برمجة وتطوير,https://khamsat.com/programming,إدارة البريد الإلكتروني,https://khamsat.com/programming/email-management,اعداد بريد الكتروني احترافي لمتجرك او موقعك,https://khamsat.com/programming/email-management/2547559-%D8%A7%D8%B9%D8%AF%D8%A7%D8%AF-%D8%A8%D8%B1%D9%8A%D8%AF-%D8%A7%D9%84%D9%83%D8%AA%D8%B1%D9%88%D9%86%D9%8A-%D8%A7%D8%AD%D8%AA%D8%B1%D8%A7%D9%81%D9%8A-%D9%84%D9%85%D8%AA%D8%AC%D8%B1%D9%83-%D8%A7%D9%88-%D9%85%D9%88%D9%82%D8%B9%D9%83,5.0,5,24 دقيقة,5,0,$5.00,يوم واحد,5,2,10.0,محمد ع.,https://khamsat.com/user/muhammad-omerah,True,بائع مميز,5.0,102,93.37%,3,111,ساعتين
برمجة وتطوير,https://khamsat.com/programming,إدارة البريد الإلكتروني,https://khamsat.com/programming/email-management,إعداد شامل لخدمة بريد Zoho,https://khamsat.com/programming/email-management/752719-%D8%A5%D8%B9%D8%AF%D8%A7%D8%AF-%D8%B4%D8%A7%D9%85%D9%84-%D9%84%D8%AE%D8%AF%D9%85%D8%A9-%D8%A8%D8%B1%D9%8A%D8%AF-zoho,5.0,25,6 ساعات,33,0,$5.00,يوم واحد,25,3,30.0,.Ayman M,https://khamsat.com/user/aymanmmahfouz,True,بائع مميز,5.0,204,87.68%,7,213,5 ساعات
برمجة وتطوير,https://khamsat.com/programming,إدارة البريد الإلكتروني,https://khamsat.com/programming/email-management,نقل الإيميلات من استضافة الى أخرى,https://khamsat.com/programming/email-management/2394211-%D9%86%D9%82%D9%84-%D8%A7%D9%84%D8%A5%D9%8A%D9%85%D9%8A%D9%84%D8%A7%D8%AA-%D9%85%D9%86-%D8%A7%D8%B3%D8%AA%D8%B6%D8%A7%D9%81%D8%A9-%D8%A7%D9%84%D9%89-%D8%A3%D8%AE%D8%B1%D9%89,5.0,1,ساعة,1,0,$5.00,يوم واحد,1,5,75.0,.Mohamed H,https://khamsat.com/user/mh226,True,بائع مميز,5.0,174,91.93%,25,135,ساعة
برمجة وتطوير,https://khamsat.com/programming,إدارة البريد الإلكتروني,https://khamsat.com/programming/email-management,إنشاء إيميل رسمي بدومين موقعك أو متجرك,https://khamsat.com/programming/email-management/2442167-%D8%A5%D9%86%D8%B4%D8%A7%D8%A1-%D8%A5%D9%8A%D9%85%D9%8A%D9%84-%D8%B1%D8%B3%D9%85%D9%8A-%D8%A8%D8%AF%D9%88%D9%85%D9%8A%D9%86-%D9%85%D9%88%D9%82%D8%B9%D9%83-%D8%A3%D9%88-%D9%85%D8%AA%D8%AC%D8%B1%D9%83,5.0,1,22 ساعة,1,0,$10.00,ثلاثة أيام,1,1,5.0,.Rachid O,https://khamsat.com/user/raoua,True,بائع مميز,4.5,257,92.64%,5,375,22 ساعة
برمجة وتطوير,https://khamsat.com/programming,إدارة البريد الإلكتروني,https://khamsat.com/programming/email-management,سأنشيء لك اميل رسمي احترافي بإسم نطاق موقعك او دومينك,https://khamsat.com/programming/email-management/755555-%D8%B3%D8%A3%D9%86%D8%B4%D9%8A%D8%A1-%D9%84%D9%83-%D8%A7%D9%85%D9%8A%D9%84-%D8%B1%D8%B3%D9%85%D9%8A-%D8%A7%D8%AD%D8%AA%D8%B1%D8%A7%D9%81%D9%8A-%D8%A8%D8%A5%D8%B3%D9%85-%D9%86%D8%B7%D8%A7%D9%82-%D9%85%D9%88%D9%82%D8%B9%D9%83-%D8%A7%D9%88-%D8%AF%D9%88%D9%85%D9%8A%D9%86%D9%83,5.0,1,52 دقيقة,2,0,$5.00,يوم واحد,1,0,0.0,.Mohamed K,https://khamsat.com/user/%D9%83%D9%8A%D9%88-%D9%83%D8%A7%D8%B4,True,بائع مميز,4.5,217,84.49%,7,430,يوم
برمجة وتطوير,https://khamsat.com/programming,إدارة البريد الإلكتروني,https://khamsat.com/programming/email-management,ايميل باسم موقعك,https://khamsat.com/programming/email-management/27336-%D8%A7%D9%8A%D9%85%D9%8A%D9%84-%D8%A8%D8%A7%D8%B3%D9%85-%D9%85%D9%88%D9%82%D8%B9%D9%83,5.0,12,ساعتين,18,0,$5.00,يوم واحد,12,0,0.0,مصطفى م.,https://khamsat.com/user/maromere,True,بائع مميز,5.0,461,82.38%,18,523,ساعة
برمجة وتطوير,https://khamsat.com/programming,بوت ديسكورد,https://khamsat.com/programming/discord-bot,انشاء وتطوير بوت لسيرفر الديسكورد الخاص بك,https://khamsat.com/programming/discord-bot/3040110-%D8%A7%D9%86%D8%B4%D8%A7%D8%A1-%D9%88%D8%AA%D8%B7%D9%88%D9%8A%D8%B1-%D8%A8%D9%88%D8%AA-%D9%84%D8%B3%D9%8A%D8%B1%D9%81%D8%B1-%D8%A7%D9%84%D8%AF%D9%8A%D8%B3%D9%83%D9%88%D8%B1%D8%AF-%D8%A7%D9%84%D8%AE%D8%A7%D8%B5-%D8%A8%D9%83,5.0,2,دقيقة,2,0,$5.00,يوم واحد,2,5,35.0,.Huseein A,https://khamsat.com/user/huseein1,True,بائع جديد,5.0,2,100.0%,1,2,دقيقة
برمجة وتطوير,https://khamsat.com/programming,بوت ديسكورد,https://khamsat.com/programming/discord-bot,برمجة و تصميم و تجهيز سيرفر ديسكورد من الصفر الى الأحتراف,https://khamsat.com/programming/discord-bot/2881353-%D8%A8%D8%B1%D9%85%D8%AC%D8%A9-%D9%88-%D8%AA%D8%B5%D9%85%D9%8A%D9%85-%D9%88-%D8%AA%D8%AC%D9%87%D9%8A%D8%B2-%D8%B3%D9%8A%D8%B1%D9%81%D8%B1-%D8%AF%D9%8A%D8%B3%D9%83%D9%88%D8%B1%D8%AF-%D9%85%D9%86-%D8%A7%D9%84%D8%B5%D9%81%D8%B1-%D8%A7%D9%84%D9%89-%D8%A7%D9%84%D8%A3%D8%AD%D8%AA%D8%B1%D8%A7%D9%81,5.0,11,دقيقتين,11,0,$5.00,يوم واحد,11,5,105.0,.Abass R,https://khamsat.com/user/aborahal,True,بائع نشيط,5.0,13,94.44%,2,11,ساعة
برمجة وتطوير,https://khamsat.com/programming,بوت ديسكورد,https://khamsat.com/programming/discord-bot,تصميم سرفرات ديسكورد مع برمجة البوتات الخاصة به,https://khamsat.com/programming/discord-bot/2807645-%D8%AA%D8%B5%D9%85%D9%8A%D9%85-%D8%B3%D8%B1%D9%81%D8%B1%D8%A7%D8%AA-%D8%AF%D9%8A%D8%B3%D9%83%D9%88%D8%B1%D8%AF-%D9%85%D8%B9-%D8%A8%D8%B1%D9%85%D8%AC%D8%A9-%D8%A7%D9%84%D8%A8%D9%88%D8%AA%D8%A7%D8%AA-%D8%A7%D9%84%D8%AE%D8%A7%D8%B5%D8%A9-%D8%A8%D9%87,5.0,2,ساعة,2,0,$10.00,يوم واحد,2,4,55.0,.Mohamed Abd Elaziz G,https://khamsat.com/user/azizgesmi99,True,بائع جديد,5.0,4,100.0%,2,4,13 ساعة
برمجة وتطوير,https://khamsat.com/programming,بوت ديسكورد,https://khamsat.com/programming/discord-bot,تجهيز وتنسيق سيرفر ديسكورد من الصفر مع البوتات باحتراف,https://khamsat.com/programming/discord-bot/2022191-%D8%AA%D8%AC%D9%87%D9%8A%D8%B2-%D9%88%D8%AA%D9%86%D8%B3%D9%8A%D9%82-%D8%B3%D9%8A%D8%B1%D9%81%D8%B1-%D8%AF%D9%8A%D8%B3%D9%83%D9%88%D8%B1%D8%AF-%D9%85%D9%86-%D8%A7%D9%84%D8%B5%D9%81%D8%B1-%D9%85%D8%B9-%D8%A7%D9%84%D8%A8%D9%88%D8%AA%D8%A7%D8%AA-%D8%A8%D8%A7%D8%AD%D8%AA%D8%B1%D8%A7%D9%81,4.5,26,59 دقيقة,28,0,$10.00,يوم واحد,25,5,70.0,.Salaheldeen A,https://khamsat.com/user/seifali10,True,بائع نشيط,4.5,26,92.5%,2,28,59 دقيقة
برمجة وتطوير,https://khamsat.com/programming,بوت ديسكورد,https://khamsat.com/programming/discord-bot,تجميل الديسكورد الخاص بك من عادي الي سيرفر احترافي,https://khamsat.com/programming/discord-bot/2885623-%D8%AA%D8%AC%D9%85%D9%8A%D9%84-%D8%A7%D9%84%D8%AF%D9%8A%D8%B3%D9%83%D9%88%D8%B1%D8%AF-%D8%A7%D9%84%D8%AE%D8%A7%D8%B5-%D8%A8%D9%83-%D9%85%D9%86-%D8%B9%D8%A7%D8%AF%D9%8A-%D8%A7%D9%84%D9%8A-%D8%B3%D9%8A%D8%B1%D9%81%D8%B1-%D8%A7%D8%AD%D8%AA%D8%B1%D8%A7%D9%81%D9%8A,5.0,2,ساعتين,2,0,$5.00,يوم واحد,2,5,60.0,.Abass R,https://khamsat.com/user/aborahal,True,بائع نشيط,5.0,13,94.44%,2,11,ساعة
برمجة وتطوير,https://khamsat.com/programming,بوت ديسكورد,https://khamsat.com/programming/discord-bot,ترتيب وتنظيم سيرفر لمنصة ديسكورد Discord مع بوت خاص بالسيرفر,https://khamsat.com/programming/discord-bot/2419428-%D8%AA%D8%B1%D8%AA%D9%8A%D8%A8-%D9%88%D8%AA%D9%86%D8%B8%D9%8A%D9%85-%D8%B3%D9%8A%D8%B1%D9%81%D8%B1-%D9%84%D9%85%D9%86%D8%B5%D8%A9-%D8%AF%D9%8A%D8%B3%D9%83%D9%88%D8%B1%D8%AF-discord-%D9%85%D8%B9-%D8%A8%D9%88%D8%AA-%D8%AE%D8%A7%D8%B5-%D8%A8%D8%A7%D9%84%D8%B3%D9%8A%D8%B1%D9%81%D8%B1,5.0,14,45 دقيقة,16,1,$10.00,يومين,14,4,30.0,.Omar A,https://khamsat.com/user/%D8%B9%D9%85%D8%B1-%D8%B9%D8%A8%D8%AF,True,بائع نشيط,5.0,19,100.0%,2,20,12 ساعة
برمجة وتطوير,https://khamsat.com/programming,بوت ديسكورد,https://khamsat.com/programming/discord-bot,تصميم وتنسيق سيرفر ديسكورد من الصفر مع وضع البوتات باحتراف,https://khamsat.com/programming/discord-bot/2792560-%D8%AA%D8%B5%D9%85%D9%8A%D9%85-%D9%88%D8%AA%D9%86%D8%B3%D9%8A%D9%82-%D8%B3%D9%8A%D8%B1%D9%81%D8%B1-%D8%AF%D9%8A%D8%B3%D9%83%D9%88%D8%B1%D8%AF-%D9%85%D9%86-%D8%A7%D9%84%D8%B5%D9%81%D8%B1-%D9%85%D8%B9-%D9%88%D8%B6%D8%B9-%D8%A7%D9%84%D8%A8%D9%88%D8%AA%D8%A7%D8%AA-%D8%A8%D8%A7%D8%AD%D8%AA%D8%B1%D8%A7%D9%81,5.0,2,يوم,2,0,$10.00,يوم واحد,2,3,45.0,.Mohamed Abd Elaziz G,https://khamsat.com/user/azizgesmi99,True,بائع جديد,5.0,4,100.0%,2,4,13 ساعة
برمجة وتطوير,https://khamsat.com/programming,بوت ديسكورد,https://khamsat.com/programming/discord-bot,برمجة بوت خاص بسيرفرك على منصة Discord,https://khamsat.com/programming/discord-bot/2266333-%D8%A8%D8%B1%D9%85%D8%AC%D8%A9-%D8%A8%D9%88%D8%AA-%D8%AE%D8%A7%D8%B5-%D8%A8%D8%B3%D9%8A%D8%B1%D9%81%D8%B1%D9%83-%D8%B9%D9%84%D9%89-%D9%85%D9%86%D8%B5%D8%A9-discord,5.0,1,3 ساعات,2,0,$5.00,ثلاثة أيام,1,3,60.0,احمد خ.,https://khamsat.com/user/ahmed_mondo,True,بائع جديد,5.0,1,100.0%,1,2,3 ساعات
برمجة وتطوير,https://khamsat.com/programming,بوت ديسكورد,https://khamsat.com/programming/discord-bot,برمجة بوتات لمنصة ديسكورد Discord بمميزات رائعة,https://khamsat.com/programming/discord-bot/2316963-%D8%A8%D8%B1%D9%85%D8%AC%D8%A9-%D8%A8%D9%88%D8%AA%D8%A7%D8%AA-%D9%84%D9%85%D9%86%D8%B5%D8%A9-%D8%AF%D9%8A%D8%B3%D9%83%D9%88%D8%B1%D8%AF-discord-%D8%A8%D9%85%D9%85%D9%8A%D8%B2%D8%A7%D8%AA-%D8%B1%D8%A7%D8%A6%D8%B9%D8%A9,5.0,5,23 ساعة,5,0,$5.00,يومين,5,5,55.0,.Omar A,https://khamsat.com/user/%D8%B9%D9%85%D8%B1-%D8%B9%D8%A8%D8%AF,True,بائع نشيط,5.0,19,100.0%,2,20,12 ساعة
برمجة وتطوير,https://khamsat.com/programming,بوت ديسكورد,https://khamsat.com/programming/discord-bot,تجهيز وبرمجة سيرفر ديسكورد من الصفر الى الأحتراف مع البوتات,https://khamsat.com/programming/discord-bot/2869096-%D8%AA%D8%AC%D9%87%D9%8A%D8%B2-%D9%88%D8%A8%D8%B1%D9%85%D8%AC%D8%A9-%D8%B3%D9%8A%D8%B1%D9%81%D8%B1-%D8%AF%D9%8A%D8%B3%D9%83%D9%88%D8%B1%D8%AF-%D9%85%D9%86-%D8%A7%D9%84%D8%B5%D9%81%D8%B1-%D8%A7%D9%84%D9%89-%D8%A7%D9%84%D8%A3%D8%AD%D8%AA%D8%B1%D8%A7%D9%81-%D9%85%D8%B9-%D8%A7%D9%84%D8%A8%D9%88%D8%AA%D8%A7%D8%AA,5.0,8,20 دقيقة,9,0,$5.00,يوم واحد,8,4,50.0,.Ali E,https://khamsat.com/user/layer_discord,True,بائع نشيط,5.0,8,83.33%,2,9,20 دقيقة
برمجة وتطوير,https://khamsat.com/programming,بوت ديسكورد,https://khamsat.com/programming/discord-bot,برمجة بوتات ديسكورد discord bots,https://khamsat.com/programming/discord-bot/2369198-%D8%A8%D8%B1%D9%85%D8%AC%D8%A9-%D8%A8%D9%88%D8%AA%D8%A7%D8%AA-%D8%AF%D9%8A%D8%B3%D9%83%D9%88%D8%B1%D8%AF-discord-bots,5.0,4,دقيقة,4,0,$10.00,خمسة أيام,4,0,0.0,.Abdulaziz A,https://khamsat.com/user/abdulaziz_122,True,بائع جديد,5.0,4,80.0%,3,4,دقيقة
برمجة وتطوير,https://khamsat.com/programming,بوت ديسكورد,https://khamsat.com/programming/discord-bot,انشاء بوت لسيرفر الديسكورد الخاص بك,https://khamsat.com/programming/discord-bot/2107030-%D8%A7%D9%86%D8%B4%D8%A7%D8%A1-%D8%A8%D9%88%D8%AA-%D9%84%D8%B3%D9%8A%D8%B1%D9%81%D8%B1-%D8%A7%D9%84%D8%AF%D9%8A%D8%B3%D9%83%D9%88%D8%B1%D8%AF-%D8%A7%D9%84%D8%AE%D8%A7%D8%B5-%D8%A8%D9%83,5.0,3,ساعة,3,1,$5.00,يومين,3,2,55.0,.Amine E,https://khamsat.com/user/aminecrafter101,True,بائع جديد,5.0,3,66.67%,4,3,ساعة
برمجة وتطوير,https://khamsat.com/programming,بوت ديسكورد,https://khamsat.com/programming/discord-bot,أبرمج بوت خاص بسيرفرك على منصة discord,https://khamsat.com/programming/discord-bot/2141197-%D8%A3%D8%A8%D8%B1%D9%85%D8%AC-%D8%A8%D9%88%D8%AA-%D8%AE%D8%A7%D8%B5-%D8%A8%D8%B3%D9%8A%D8%B1%D9%81%D8%B1%D9%83-%D8%B9%D9%84%D9%89-%D9%85%D9%86%D8%B5%D8%A9-discord,5.0,2,7 ساعات,2,0,$30.00,يوم واحد,2,2,120.0,.Achraf O,https://khamsat.com/user/achrafouk,True,بائع مميز,4.5,47,73.74%,6,53,4 ساعات
برمجة وتطوير,https://khamsat.com/programming,بوت ديسكورد,https://khamsat.com/programming/discord-bot,برمجة سيرفر دسكورد كامل مع البوتات,https://khamsat.com/programming/discord-bot/2036771-%D8%A8%D8%B1%D9%85%D8%AC%D8%A9-%D8%B3%D9%8A%D8%B1%D9%81%D8%B1-%D8%AF%D8%B3%D9%83%D9%88%D8%B1%D8%AF-%D9%83%D8%A7%D9%85%D9%84-%D9%85%D8%B9-%D8%A7%D9%84%D8%A8%D9%88%D8%AA%D8%A7%D8%AA,5.0,2,25 دقيقة,2,0,$5.00,يوم واحد,2,4,60.0,.Mohammed A,https://khamsat.com/user/mohammed_abu_sada,True,بائع جديد,5.0,2,100.0%,3,2,14 دقيقة
برمجة وتطوير,https://khamsat.com/programming,بوت ديسكورد,https://khamsat.com/programming/discord-bot,مطور ومبرمج بوتات ديسكورد,https://khamsat.com/programming/discord-bot/3049453-%D9%85%D8%B7%D9%88%D8%B1-%D9%88%D9%85%D8%A8%D8%B1%D9%85%D8%AC-%D8%A8%D9%88%D8%AA%D8%A7%D8%AA-%D8%AF%D9%8A%D8%B3%D9%83%D9%88%D8%B1%D8%AF,0.0,0,لم يحسب,0,0,$5.00,يوم واحد,0,5,30.0,محمود ع.,https://khamsat.com/user/x2mmdd,False,بائع جديد,0.0,0,لم يحسب بعد,1,0,لم يحسب
برمجة وتطوير,https://khamsat.com/programming,بوت ديسكورد,https://khamsat.com/programming/discord-bot,Discord Bots - تصميم وبرمجة بوتات ديسكورد,https://khamsat.com/programming/discord-bot/3034573-discord-bots-%D8%AA%D8%B5%D9%85%D9%8A%D9%85-%D9%88%D8%A8%D8%B1%D9%85%D8%AC%D8%A9-%D8%A8%D9%88%D8%AA%D8%A7%D8%AA-%D8%AF%D9%8A%D8%B3%D9%83%D9%88%D8%B1%D8%AF,0.0,0,لم يحسب,0,0,$10.00,يوم واحد,0,2,30.0,احمد ط.,https://khamsat.com/user/ahmedtalaat2077,False,بائع جديد,0.0,0,لم يحسب بعد,1,0,لم يحسب
برمجة وتطوير,https://khamsat.com/programming,بوت ديسكورد,https://khamsat.com/programming/discord-bot,أضافات سيرفر ديسكورد مميزة واحترافية,https://khamsat.com/programming/discord-bot/2886082-%D8%A3%D8%B6%D8%A7%D9%81%D8%A7%D8%AA-%D8%B3%D9%8A%D8%B1%D9%81%D8%B1-%D8%AF%D9%8A%D8%B3%D9%83%D9%88%D8%B1%D8%AF-%D9%85%D9%85%D9%8A%D8%B2%D8%A9-%D9%88%D8%A7%D8%AD%D8%AA%D8%B1%D8%A7%D9%81%D9%8A%D8%A9,0.0,0,لم يحسب,0,0,$5.00,يوم واحد,0,4,35.0,.Ali E,https://khamsat.com/user/layer_discord,True,بائع نشيط,5.0,8,83.33%,2,9,20 دقيقة
برمجة وتطوير,https://khamsat.com/programming,بوت ديسكورد,https://khamsat.com/programming/discord-bot,برمجة بروجيكتات بوتات ديسكورد وداشبوردات باحترافية عن طريق N,https://khamsat.com/programming/discord-bot/2967960-%D8%A8%D8%B1%D9%85%D8%AC%D8%A9-%D8%A8%D8%B1%D9%88%D8%AC%D9%8A%D9%83%D8%AA%D8%A7%D8%AA-%D8%A8%D9%88%D8%AA%D8%A7%D8%AA-%D8%AF%D9%8A%D8%B3%D9%83%D9%88%D8%B1%D8%AF-%D9%88%D8%AF%D8%A7%D8%B4%D8%A8%D9%88%D8%B1%D8%AF%D8%A7%D8%AA-%D8%A8%D8%A7%D8%AD%D8%AA%D8%B1%D8%A7%D9%81%D9%8A%D8%A9-%D8%B9%D9%86-%D8%B7%D8%B1%D9%8A%D9%82-n,0.0,0,لم يحسب,0,0,$5.00,خمسة أيام,0,0,0.0,احمد ع.,https://khamsat.com/user/abkrenodev,True,بائع جديد,0.0,0,لم يحسب بعد,1,0,لم يحسب
برمجة وتطوير,https://khamsat.com/programming,بوت ديسكورد,https://khamsat.com/programming/discord-bot,تجهيز وبناء سيرفرات Discord احترافية مع اضافه وبرمجه بوتات,https://khamsat.com/programming/discord-bot/3026825-%D8%AA%D8%AC%D9%87%D9%8A%D8%B2-%D9%88%D8%A8%D9%86%D8%A7%D8%A1-%D8%B3%D9%8A%D8%B1%D9%81%D8%B1%D8%A7%D8%AA-discord-%D8%A7%D8%AD%D8%AA%D8%B1%D8%A7%D9%81%D9%8A%D8%A9-%D9%85%D8%B9-%D8%A7%D8%B6%D8%A7%D9%81%D9%87-%D9%88%D8%A8%D8%B1%D9%85%D8%AC%D9%87-%D8%A8%D9%88%D8%AA%D8%A7%D8%AA,0.0,0,لم يحسب,0,0,$5.00,يوم واحد,0,5,40.0,يوسف ا.,https://khamsat.com/user/kitfox,False,بائع جديد,0.0,0,لم يحسب بعد,1,0,لم يحسب
برمجة وتطوير,https://khamsat.com/programming,بوت ديسكورد,https://khamsat.com/programming/discord-bot,برمجة بوت ديسكورد مع لوحة تحكم,https://khamsat.com/programming/discord-bot/2959647-%D8%A8%D8%B1%D9%85%D8%AC%D8%A9-%D8%A8%D9%88%D8%AA-%D8%AF%D9%8A%D8%B3%D9%83%D9%88%D8%B1%D8%AF-%D9%85%D8%B9-%D9%84%D9%88%D8%AD%D8%A9-%D8%AA%D8%AD%D9%83%D9%85,0.0,0,لم يحسب,0,0,$10.00,أربعة أيام,0,2,100.0,.Mohamed A,https://khamsat.com/user/naroxeg,True,بائع جديد,0.0,0,لم يحسب بعد,1,0,لم يحسب
برمجة وتطوير,https://khamsat.com/programming,بوت ديسكورد,https://khamsat.com/programming/discord-bot,برمجة بوتات ديسكورد Discord بمميزات رائعة,https://khamsat.com/programming/discord-bot/2939976-%D8%A8%D8%B1%D9%85%D8%AC%D8%A9-%D8%A8%D9%88%D8%AA%D8%A7%D8%AA-%D8%AF%D9%8A%D8%B3%D9%83%D9%88%D8%B1%D8%AF-discord-%D8%A8%D9%85%D9%85%D9%8A%D8%B2%D8%A7%D8%AA-%D8%B1%D8%A7%D8%A6%D8%B9%D8%A9,0.0,0,لم يحسب,0,0,$5.00,يوم واحد,0,3,20.0,.Mohamed S,https://khamsat.com/user/aboshaheen553,True,بائع جديد,0.0,0,لم يحسب بعد,4,0,لم يحسب
برمجة وتطوير,https://khamsat.com/programming,بوت ديسكورد,https://khamsat.com/programming/discord-bot,انشاء وتنسيق سيرفر ديسكورد من الصفر مع البوتات بكل حرفية,https://khamsat.com/programming/discord-bot/2532288-%D8%A7%D9%86%D8%B4%D8%A7%D8%A1-%D9%88%D8%AA%D9%86%D8%B3%D9%8A%D9%82-%D8%B3%D9%8A%D8%B1%D9%81%D8%B1-%D8%AF%D9%8A%D8%B3%D9%83%D9%88%D8%B1%D8%AF-%D9%85%D9%86-%D8%A7%D9%84%D8%B5%D9%81%D8%B1-%D9%85%D8%B9-%D8%A7%D9%84%D8%A8%D9%88%D8%AA%D8%A7%D8%AA-%D8%A8%D9%83%D9%84-%D8%AD%D8%B1%D9%81%D9%8A%D8%A9,0.0,0,8 ساعات,0,0,$5.00,يومين,0,0,0.0,.Yassine H,https://khamsat.com/user/hn-yssin,True,بائع جديد,5.0,5,100.0%,2,4,يوم
برمجة وتطوير,https://khamsat.com/programming,بوت ديسكورد,https://khamsat.com/programming/discord-bot,برمجة اي بوت ديسكورد تريده بأسعار رمزية(متوفر اصلاح المشاكل),https://khamsat.com/programming/discord-bot/2770696-%D8%A8%D8%B1%D9%85%D8%AC%D8%A9-%D8%A7%D9%8A-%D8%A8%D9%88%D8%AA-%D8%AF%D9%8A%D8%B3%D9%83%D9%88%D8%B1%D8%AF-%D8%AA%D8%B1%D9%8A%D8%AF%D9%87-%D8%A8%D8%A3%D8%B3%D8%B9%D8%A7%D8%B1-%D8%B1%D9%85%D8%B2%D9%8A%D8%A9%D9%85%D8%AA%D9%88%D9%81%D8%B1-%D8%A7%D8%B5%D9%84%D8%A7%D8%AD-%D8%A7%D9%84%D9%85%D8%B4%D8%A7%D9%83%D9%84,0.0,0,لم يحسب,0,0,$5.00,يوم واحد,0,3,30.0,.Youssef M,https://khamsat.com/user/youssefforwork,True,بائع جديد,0.0,0,لم يحسب بعد,1,0,لم يحسب
برمجة وتطوير,https://khamsat.com/programming,بوت ديسكورد,https://khamsat.com/programming/discord-bot,برمجة بوتات ديسكورد من احسن الجودة,https://khamsat.com/programming/discord-bot/2798771-%D8%A8%D8%B1%D9%85%D8%AC%D8%A9-%D8%A8%D9%88%D8%AA%D8%A7%D8%AA-%D8%AF%D9%8A%D8%B3%D9%83%D9%88%D8%B1%D8%AF-%D9%85%D9%86-%D8%A7%D8%AD%D8%B3%D9%86-%D8%A7%D9%84%D8%AC%D9%88%D8%AF%D8%A9,0.0,0,لم يحسب,0,0,$5.00,يومين,0,3,25.0,.Sidal O,https://khamsat.com/user/ifoundsidal,False,بائع جديد,0.0,0,لم يحسب بعد,1,0,لم يحسب
برمجة وتطوير,https://khamsat.com/programming,بوت ديسكورد,https://khamsat.com/programming/discord-bot,تطوير مستخدم روبوت في discord (discord bot),https://khamsat.com/programming/discord-bot/2592361-%D8%AA%D8%B7%D9%88%D9%8A%D8%B1-%D9%85%D8%B3%D8%AA%D8%AE%D8%AF%D9%85-%D8%B1%D9%88%D8%A8%D9%88%D8%AA-%D9%81%D9%8A-discord-discord-bot,0.0,0,3 ساعات,0,0,$5.00,ثلاثة أيام,0,1,20.0,محمد ا.,https://khamsat.com/user/mohammed_alshoaili,True,بائع جديد,0.0,0,لم يحسب بعد,3,0,3 ساعات
برمجة وتطوير,https://khamsat.com/programming,بوت ديسكورد,https://khamsat.com/programming/discord-bot,برمجة بوت ديسكورد Programing Discord BOT بلغة بيثون,https://khamsat.com/programming/discord-bot/2764545-%D8%A8%D8%B1%D9%85%D8%AC%D8%A9-%D8%A8%D9%88%D8%AA-%D8%AF%D9%8A%D8%B3%D9%83%D9%88%D8%B1%D8%AF-programing-discord-bot-%D8%A8%D9%84%D8%BA%D8%A9-%D8%A8%D9%8A%D8%AB%D9%88%D9%86,0.0,0,لم يحسب,0,0,$5.00,أسبوع,0,3,30.0,.Fouad B,https://khamsat.com/user/fox372,True,بائع جديد,5.0,1,100.0%,3,1,ساعة
برمجة وتطوير,https://khamsat.com/programming,بوت ديسكورد,https://khamsat.com/programming/discord-bot,برمجة بوت لسيرفر ديسكورد كامل,https://khamsat.com/programming/discord-bot/1102060-%D8%A8%D8%B1%D9%85%D8%AC%D8%A9-%D8%A8%D9%88%D8%AA-%D9%84%D8%B3%D9%8A%D8%B1%D9%81%D8%B1-%D8%AF%D9%8A%D8%B3%D9%83%D9%88%D8%B1%D8%AF-%D9%83%D8%A7%D9%85%D9%84,0.0,0,52 دقيقة,0,0,$10.00,يومين,0,1,5.0,.Amr E,https://khamsat.com/user/martin43103,True,بائع جديد,0.0,0,0.0%,2,0,ساعة
برمجة وتطوير,https://khamsat.com/programming,بوت ديسكورد,https://khamsat.com/programming/discord-bot,برمجة سيرفرك الديسكورد بشكل احترافي ومميز,https://khamsat.com/programming/discord-bot/2487820-%D8%A8%D8%B1%D9%85%D8%AC%D8%A9-%D8%B3%D9%8A%D8%B1%D9%81%D8%B1%D9%83-%D8%A7%D9%84%D8%AF%D9%8A%D8%B3%D9%83%D9%88%D8%B1%D8%AF-%D8%A8%D8%B4%D9%83%D9%84-%D8%A7%D8%AD%D8%AA%D8%B1%D8%A7%D9%81%D9%8A-%D9%88%D9%85%D9%85%D9%8A%D8%B2,0.0,0,6 ساعات,0,0,$10.00,يوم واحد,0,5,180.0,.Adham R,https://khamsat.com/user/adhamredwan2,True,بائع جديد,5.0,2,71.43%,2,5,5 ساعات
برمجة وتطوير,https://khamsat.com/programming,بوت تليجرام,https://khamsat.com/programming/telegram-bot,انشاء بوتات تلغرام الذكية: ارتقِ بخدماتك واجذب عملائك,https://khamsat.com/programming/telegram-bot/2919106-%D8%A7%D9%86%D8%B4%D8%A7%D8%A1-%D8%A8%D9%88%D8%AA%D8%A7%D8%AA-%D8%AA%D9%84%D8%BA%D8%B1%D8%A7%D9%85-%D8%A7%D9%84%D8%B0%D9%83%D9%8A%D8%A9-%D8%A7%D8%B1%D8%AA%D9%82-%D8%A8%D8%AE%D8%AF%D9%85%D8%A7%D8%AA%D9%83-%D9%88%D8%A7%D8%AC%D8%B0%D8%A8-%D8%B9%D9%85%D9%84%D8%A7%D8%A6%D9%83,5.0,4,ساعة,4,0,$10.00,يومين,4,5,120.0,ثامر ب.,https://khamsat.com/user/benhana,True,بائع جديد,5.0,6,88.89%,1,8,46 دقيقة
برمجة وتطوير,https://khamsat.com/programming,بوت تليجرام,https://khamsat.com/programming/telegram-bot,برمجة بوت لقناتك للتيلغرام,https://khamsat.com/programming/telegram-bot/2382817-%D8%A8%D8%B1%D9%85%D8%AC%D8%A9-%D8%A8%D9%88%D8%AA-%D9%84%D9%82%D9%86%D8%A7%D8%AA%D9%83-%D9%84%D9%84%D8%AA%D9%8A%D9%84%D8%BA%D8%B1%D8%A7%D9%85,3.0,2,13 دقيقة,2,0,$10.00,يوم واحد,2,0,0.0,نجم الدين ز.,https://khamsat.com/user/zidane1,True,بائع نشيط,5.0,9,89.47%,4,8,يوم
برمجة وتطوير,https://khamsat.com/programming,بوت تليجرام,https://khamsat.com/programming/telegram-bot,برمجة وتطوير بوت تيليجرام,https://khamsat.com/programming/telegram-bot/2656533-%D8%A8%D8%B1%D9%85%D8%AC%D8%A9-%D9%88%D8%AA%D8%B7%D9%88%D9%8A%D8%B1-%D8%A8%D9%88%D8%AA-%D8%AA%D9%8A%D9%84%D9%8A%D8%AC%D8%B1%D8%A7%D9%85,5.0,14,10 دقائق,16,0,$5.00,ثلاثة أيام,14,3,35.0,حيدرة ا.,https://khamsat.com/user/haidaraibrahim,True,بائع نشيط,5.0,14,93.02%,1,16,10 دقائق
برمجة وتطوير,https://khamsat.com/programming,بوت تليجرام,https://khamsat.com/programming/telegram-bot,برمجه بوت تلغرام تفاعلي telegram bot,https://khamsat.com/programming/telegram-bot/2556906-%D8%A8%D8%B1%D9%85%D8%AC%D9%87-%D8%A8%D9%88%D8%AA-%D8%AA%D9%84%D8%BA%D8%B1%D8%A7%D9%85-%D8%AA%D9%81%D8%A7%D8%B9%D9%84%D9%8A-telegram-bot,5.0,1,11 ساعة,1,0,$10.00,يوم واحد,1,3,40.0,.Paula E,https://khamsat.com/user/paula07x,True,بائع نشيط,4.5,24,80.0%,8,28,6 ساعات
برمجة وتطوير,https://khamsat.com/programming,بوت تليجرام,https://khamsat.com/programming/telegram-bot,بوت تليجرام للتنبيه عند توافر منتج في موقع معين,https://khamsat.com/programming/telegram-bot/2965382-%D8%A8%D9%88%D8%AA-%D8%AA%D9%84%D9%8A%D8%AC%D8%B1%D8%A7%D9%85-%D9%84%D9%84%D8%AA%D9%86%D8%A8%D9%8A%D9%87-%D8%B9%D9%86%D8%AF-%D8%AA%D9%88%D8%A7%D9%81%D8%B1-%D9%85%D9%86%D8%AA%D8%AC-%D9%81%D9%8A-%D9%85%D9%88%D9%82%D8%B9-%D9%85%D8%B9%D9%8A%D9%86,5.0,1,ساعتين,1,0,$10.00,يوم واحد,1,3,55.0,احمد ا.,https://khamsat.com/user/ahmed_esmail_web,True,بائع جديد,5.0,1,100.0%,3,1,ساعتين
برمجة وتطوير,https://khamsat.com/programming,بوت تليجرام,https://khamsat.com/programming/telegram-bot,بوت تليجرام نشر تلقائي يقوم بنقل الرسائل من قنوات تليجرام,https://khamsat.com/programming/telegram-bot/2776800-%D8%A8%D9%88%D8%AA-%D8%AA%D9%84%D9%8A%D8%AC%D8%B1%D8%A7%D9%85-%D9%86%D8%B4%D8%B1-%D8%AA%D9%84%D9%82%D8%A7%D8%A6%D9%8A-%D9%8A%D9%82%D9%88%D9%85-%D8%A8%D9%86%D9%82%D9%84-%D8%A7%D9%84%D8%B1%D8%B3%D8%A7%D8%A6%D9%84-%D9%85%D9%86-%D9%82%D9%86%D9%88%D8%A7%D8%AA-%D8%AA%D9%84%D9%8A%D8%AC%D8%B1%D8%A7%D9%85,5.0,5,18 دقيقة,5,0,$10.00,يومين,5,2,15.0,.Mohamed E,https://khamsat.com/user/mohamedelhendy,True,بائع جديد,5.0,5,77.78%,2,5,18 دقيقة
برمجة وتطوير,https://khamsat.com/programming,بوت تليجرام,https://khamsat.com/programming/telegram-bot,برمجة بوت تيليجرام بلغة PHP أو Python بحسب طلبك.,https://khamsat.com/programming/telegram-bot/2944157-%D8%A8%D8%B1%D9%85%D8%AC%D8%A9-%D8%A8%D9%88%D8%AA-%D8%AA%D9%8A%D9%84%D9%8A%D8%AC%D8%B1%D8%A7%D9%85-%D8%A8%D9%84%D8%BA%D8%A9-php-%D8%A3%D9%88-python-%D8%A8%D8%AD%D8%B3%D8%A8-%D8%B7%D9%84%D8%A8%D9%83,5.0,4,ساعة,4,0,$5.00,ثلاثة أيام,4,4,65.0,.Mishary N,https://khamsat.com/user/bots_pro,True,بائع جديد,5.0,4,80.0%,1,4,ساعة
برمجة وتطوير,https://khamsat.com/programming,بوت تليجرام,https://khamsat.com/programming/telegram-bot,برمجة بوت تيليجرام بشكل احترافي,https://khamsat.com/programming/telegram-bot/1911837-%D8%A8%D8%B1%D9%85%D8%AC%D8%A9-%D8%A8%D9%88%D8%AA-%D8%AA%D9%8A%D9%84%D9%8A%D8%AC%D8%B1%D8%A7%D9%85-%D8%A8%D8%B4%D9%83%D9%84-%D8%A7%D8%AD%D8%AA%D8%B1%D8%A7%D9%81%D9%8A,5.0,1,12 ساعة,1,0,$5.00,ثلاثة أيام,1,4,245.0,احمد ا.,https://khamsat.com/user/%D8%A7%D8%AD%D9%85%D8%AF-%D8%B9%D9%84%D9%8A-2,True,بائع جديد,5.0,4,100.0%,4,3,10 ساعات
برمجة وتطوير,https://khamsat.com/programming,بوت تليجرام,https://khamsat.com/programming/telegram-bot,أقوم بانشاء و تصميم بوت على تيليغرام بالمواصفات التي تريدها.,https://khamsat.com/programming/telegram-bot/1908321-%D8%A3%D9%82%D9%88%D9%85-%D8%A8%D8%A7%D9%86%D8%B4%D8%A7%D8%A1-%D9%88-%D8%AA%D8%B5%D9%85%D9%8A%D9%85-%D8%A8%D9%88%D8%AA-%D8%B9%D9%84%D9%89-%D8%AA%D9%8A%D9%84%D9%8A%D8%BA%D8%B1%D8%A7%D9%85-%D8%A8%D8%A7%D9%84%D9%85%D9%88%D8%A7%D8%B5%D9%81%D8%A7%D8%AA-%D8%A7%D9%84%D8%AA%D9%8A-%D8%AA%D8%B1%D9%8A%D8%AF%D9%87%D8%A7,5.0,7,6 ساعات,8,0,$10.00,ستة أيام,7,3,75.0,.Hasan A,https://khamsat.com/user/hasan_12c,True,بائع مميز,5.0,18,97.53%,5,18,5 ساعات
برمجة وتطوير,https://khamsat.com/programming,بوت تليجرام,https://khamsat.com/programming/telegram-bot,بوت صانع البوتات على تليجرام,https://khamsat.com/programming/telegram-bot/3010386-%D8%A8%D9%88%D8%AA-%D8%B5%D8%A7%D9%86%D8%B9-%D8%A7%D9%84%D8%A8%D9%88%D8%AA%D8%A7%D8%AA-%D8%B9%D9%84%D9%89-%D8%AA%D9%84%D9%8A%D8%AC%D8%B1%D8%A7%D9%85,0.0,0,لم يحسب,0,0,$10.00,يوم واحد,0,5,75.0,.Hassen D,https://khamsat.com/user/hassandhwi,True,بائع جديد,0.0,0,لم يحسب بعد,5,0,لم يحسب
برمجة وتطوير,https://khamsat.com/programming,بوت تليجرام,https://khamsat.com/programming/telegram-bot,برمجة وتطوير بوتات تلغرام أو واتساب إحترافية,https://khamsat.com/programming/telegram-bot/3040098-%D8%A8%D8%B1%D9%85%D8%AC%D8%A9-%D9%88%D8%AA%D8%B7%D9%88%D9%8A%D8%B1-%D8%A8%D9%88%D8%AA%D8%A7%D8%AA-%D8%AA%D9%84%D8%BA%D8%B1%D8%A7%D9%85-%D8%A3%D9%88-%D9%88%D8%A7%D8%AA%D8%B3%D8%A7%D8%A8-%D8%A5%D8%AD%D8%AA%D8%B1%D8%A7%D9%81%D9%8A%D8%A9,0.0,0,لم يحسب,0,0,$10.00,ثلاثة أيام,0,3,20.0,.Mabrouk Moadh C,https://khamsat.com/user/moadh_704,True,بائع جديد,0.0,0,لم يحسب بعد,2,0,لم يحسب
برمجة وتطوير,https://khamsat.com/programming,بوت تليجرام,https://khamsat.com/programming/telegram-bot,إنشاء تليجرام بوت بالغة البايثون,https://khamsat.com/programming/telegram-bot/2469262-%D8%A5%D9%86%D8%B4%D8%A7%D8%A1-%D8%AA%D9%84%D9%8A%D8%AC%D8%B1%D8%A7%D9%85-%D8%A8%D9%88%D8%AA-%D8%A8%D8%A7%D9%84%D8%BA%D8%A9-%D8%A7%D9%84%D8%A8%D8%A7%D9%8A%D8%AB%D9%88%D9%86,0.0,0,ساعة,0,0,$5.00,أربعة أيام,0,4,50.0,محمد م.,https://khamsat.com/user/mohamedmahrous069,True,بائع جديد,0.0,0,لم يحسب بعد,3,0,ساعة
برمجة وتطوير,https://khamsat.com/programming,بوت تليجرام,https://khamsat.com/programming/telegram-bot,برمجة بوت تلغرام وربطه مع المنصات المختلفة,https://khamsat.com/programming/telegram-bot/1970162-%D8%A8%D8%B1%D9%85%D8%AC%D8%A9-%D8%A8%D9%88%D8%AA-%D8%AA%D9%84%D8%BA%D8%B1%D8%A7%D9%85-%D9%88%D8%B1%D8%A8%D8%B7%D9%87-%D9%85%D8%B9-%D8%A7%D9%84%D9%85%D9%86%D8%B5%D8%A7%D8%AA-%D8%A7%D9%84%D9%85%D8%AE%D8%AA%D9%84%D9%81%D8%A9,3.5,4,4 دقائق,4,0,$25.00,أسبوعين,4,1,15.0,.Yaman J,https://khamsat.com/user/yaman_jaddouh,True,بائع نشيط,5.0,10,93.75%,3,13,3 ساعات
برمجة وتطوير,https://khamsat.com/programming,بوت تليجرام,https://khamsat.com/programming/telegram-bot,إنشاء ورفع بوت تيليجرام بفكرتك الخاصة,https://khamsat.com/programming/telegram-bot/2467032-%D8%A5%D9%86%D8%B4%D8%A7%D8%A1-%D9%88%D8%B1%D9%81%D8%B9-%D8%A8%D9%88%D8%AA-%D8%AA%D9%8A%D9%84%D9%8A%D8%AC%D8%B1%D8%A7%D9%85-%D8%A8%D9%81%D9%83%D8%B1%D8%AA%D9%83-%D8%A7%D9%84%D8%AE%D8%A7%D8%B5%D8%A9,5.0,7,43 دقيقة,8,0,$30.00,ثلاثة أيام,7,3,60.0,.Waleed S,https://khamsat.com/user/%D9%88%D9%84%D9%8A%D8%AF%D8%B5%D9%84%D8%A7%D8%AD,True,بائع مميز,5.0,59,84.3%,2,78,12 ساعة
برمجة وتطوير,https://khamsat.com/programming,بوت تليجرام,https://khamsat.com/programming/telegram-bot,انشاء بوت علي التليجرام، تسليم الكود البرمجي للبوت,https://khamsat.com/programming/telegram-bot/2422730-%D8%A7%D9%86%D8%B4%D8%A7%D8%A1-%D8%A8%D9%88%D8%AA-%D8%B9%D9%84%D9%8A-%D8%A7%D9%84%D8%AA%D9%84%D9%8A%D8%AC%D8%B1%D8%A7%D9%85-%D8%AA%D8%B3%D9%84%D9%8A%D9%85-%D8%A7%D9%84%D9%83%D9%88%D8%AF-%D8%A7%D9%84%D8%A8%D8%B1%D9%85%D8%AC%D9%8A-%D9%84%D9%84%D8%A8%D9%88%D8%AA,5.0,35,13 ساعة,38,1,$5.00,يومين,25,5,350.0,شادى ع.,https://khamsat.com/user/shaadyemad,True,بائع مميز,5.0,36,85.07%,2,38,13 ساعة
برمجة وتطوير,https://khamsat.com/programming,بوت تليجرام,https://khamsat.com/programming/telegram-bot,انشاء بوت تليجرام للدراسه بإحترافيه,https://khamsat.com/programming/telegram-bot/2440661-%D8%A7%D9%86%D8%B4%D8%A7%D8%A1-%D8%A8%D9%88%D8%AA-%D8%AA%D9%84%D9%8A%D8%AC%D8%B1%D8%A7%D9%85-%D9%84%D9%84%D8%AF%D8%B1%D8%A7%D8%B3%D9%87-%D8%A8%D8%A5%D8%AD%D8%AA%D8%B1%D8%A7%D9%81%D9%8A%D9%87,0.0,0,يومين,0,0,$10.00,يوم واحد,0,2,50.0,.Karim A,https://khamsat.com/user/karim_abdelaziz,True,بائع جديد,0.0,0,لم يحسب بعد,2,0,يوم
برمجة وتطوير,https://khamsat.com/programming,بوت تليجرام,https://khamsat.com/programming/telegram-bot,صناعه وبرمجة بوت تلجرام,https://khamsat.com/programming/telegram-bot/2770731-%D8%B5%D9%86%D8%A7%D8%B9%D9%87-%D9%88%D8%A8%D8%B1%D9%85%D8%AC%D8%A9-%D8%A8%D9%88%D8%AA-%D8%AA%D9%84%D8%AC%D8%B1%D8%A7%D9%85,0.0,0,لم يحسب,0,0,$5.00,خمسة أيام,0,0,0.0,.Mohammed A,https://khamsat.com/user/mohamme_abdulrahman,False,بائع جديد,0.0,0,لم يحسب بعد,1,0,لم يحسب
برمجة وتطوير,https://khamsat.com/programming,بوت تليجرام,https://khamsat.com/programming/telegram-bot,تطوير بوتات تليجرام ذكية وفعّالة لعملك,https://khamsat.com/programming/telegram-bot/3026179-%D8%AA%D8%B7%D9%88%D9%8A%D8%B1-%D8%A8%D9%88%D8%AA%D8%A7%D8%AA-%D8%AA%D9%84%D9%8A%D8%AC%D8%B1%D8%A7%D9%85-%D8%B0%D9%83%D9%8A%D8%A9-%D9%88%D9%81%D8%B9%D8%A7%D9%84%D8%A9-%D9%84%D8%B9%D9%85%D9%84%D9%83,5.0,1,25 دقيقة,1,1,$5.00,يومين,1,5,115.0,.Muamal H,https://khamsat.com/user/muamal1234,True,مشتري جديد,5.0,1,100.0%,1,1,25 دقيقة
برمجة وتطوير,https://khamsat.com/programming,بوت تليجرام,https://khamsat.com/programming/telegram-bot,برمجة بوت شات تليجرام بلغة بايثون,https://khamsat.com/programming/telegram-bot/2902979-%D8%A8%D8%B1%D9%85%D8%AC%D8%A9-%D8%A8%D9%88%D8%AA-%D8%B4%D8%A7%D8%AA-%D8%AA%D9%84%D9%8A%D8%AC%D8%B1%D8%A7%D9%85-%D8%A8%D9%84%D8%BA%D8%A9-%D8%A8%D8%A7%D9%8A%D8%AB%D9%88%D9%86,0.0,0,لم يحسب,0,0,$5.00,يوم واحد,0,1,5.0,.Marwan G,https://khamsat.com/user/yngwiee,True,بائع جديد,0.0,0,لم يحسب بعد,1,0,لم يحسب
برمجة وتطوير,https://khamsat.com/programming,بوت تليجرام,https://khamsat.com/programming/telegram-bot,إنشاء وتطوير بوت على تيليجرام,https://khamsat.com/programming/telegram-bot/2933493-%D8%A5%D9%86%D8%B4%D8%A7%D8%A1-%D9%88%D8%AA%D8%B7%D9%88%D9%8A%D8%B1-%D8%A8%D9%88%D8%AA-%D8%B9%D9%84%D9%89-%D8%AA%D9%8A%D9%84%D9%8A%D8%AC%D8%B1%D8%A7%D9%85,0.0,0,لم يحسب,0,0,$5.00,يوم واحد,0,0,0.0,.Hamdi M,https://khamsat.com/user/hamdi_17,False,بائع جديد,0.0,0,لم يحسب بعد,1,0,لم يحسب
برمجة وتطوير,https://khamsat.com/programming,بوت تليجرام,https://khamsat.com/programming/telegram-bot,تصميم بوت تليغرام خاص بك تواصل ، متجر,https://khamsat.com/programming/telegram-bot/2879938-%D8%AA%D8%B5%D9%85%D9%8A%D9%85-%D8%A8%D9%88%D8%AA-%D8%AA%D9%84%D9%8A%D8%BA%D8%B1%D8%A7%D9%85-%D8%AE%D8%A7%D8%B5-%D8%A8%D9%83-%D8%AA%D9%88%D8%A7%D8%B5%D9%84-%D9%85%D8%AA%D8%AC%D8%B1,0.0,0,لم يحسب,0,0,$10.00,يوم واحد,0,3,40.0,.Securion D,https://khamsat.com/user/securion,False,بائع جديد,0.0,0,لم يحسب بعد,1,0,لم يحسب
برمجة وتطوير,https://khamsat.com/programming,بوت تليجرام,https://khamsat.com/programming/telegram-bot,برمجة بوت تليجرام بلغة بايثون,https://khamsat.com/programming/telegram-bot/2831059-%D8%A8%D8%B1%D9%85%D8%AC%D8%A9-%D8%A8%D9%88%D8%AA-%D8%AA%D9%84%D9%8A%D8%AC%D8%B1%D8%A7%D9%85-%D8%A8%D9%84%D8%BA%D8%A9-%D8%A8%D8%A7%D9%8A%D8%AB%D9%88%D9%86,5.0,7,دقيقة,7,0,$15.00,يومين,7,5,80.0,ديفيد ل.,https://khamsat.com/user/davidlabib,True,بائع مميز,5.0,149,100.0%,8,112,دقيقة
برمجة وتطوير,https://khamsat.com/programming,بوت تليجرام,https://khamsat.com/programming/telegram-bot,برمجة تطبيق رد ألي على العملاء عبر بوت تلغرام,https://khamsat.com/programming/telegram-bot/793157-%D8%A8%D8%B1%D9%85%D8%AC%D8%A9-%D8%AA%D8%B7%D8%A8%D9%8A%D9%82-%D8%B1%D8%AF-%D8%A3%D9%84%D9%8A-%D8%B9%D9%84%D9%89-%D8%A7%D9%84%D8%B9%D9%85%D9%84%D8%A7%D8%A1-%D8%B9%D8%A8%D8%B1-%D8%A8%D9%88%D8%AA-%D8%AA%D9%84%D8%BA%D8%B1%D8%A7%D9%85,0.0,0,20 ساعة,0,0,$5.00,يوم واحد,0,0,0.0,.Nour N,https://khamsat.com/user/nourafamia,True,بائع جديد,0.0,0,لم يحسب بعد,3,0,10 ساعات
برمجة وتطوير,https://khamsat.com/programming,بوت تليجرام,https://khamsat.com/programming/telegram-bot,برمجة بوتات التليجرام telegram bot,https://khamsat.com/programming/telegram-bot/2922059-%D8%A8%D8%B1%D9%85%D8%AC%D8%A9-%D8%A8%D9%88%D8%AA%D8%A7%D8%AA-%D8%A7%D9%84%D8%AA%D9%84%D9%8A%D8%AC%D8%B1%D8%A7%D9%85-telegram-bot,0.0,0,لم يحسب,0,0,$5.00,يوم واحد,0,0,0.0,.Amine E,https://khamsat.com/user/aminecrafter101,True,بائع جديد,5.0,3,66.67%,4,3,ساعة
برمجة وتطوير,https://khamsat.com/programming,بوت تليجرام,https://khamsat.com/programming/telegram-bot,تصميم بوت تليجرام ( ردود آلية ),https://khamsat.com/programming/telegram-bot/2772239-%D8%AA%D8%B5%D9%85%D9%8A%D9%85-%D8%A8%D9%88%D8%AA-%D8%AA%D9%84%D9%8A%D8%AC%D8%B1%D8%A7%D9%85-%D8%B1%D8%AF%D9%88%D8%AF-%D8%A2%D9%84%D9%8A%D8%A9,0.0,0,لم يحسب,0,0,$5.00,يومين,0,4,130.0,.Osama I,https://khamsat.com/user/osamaibrahim20,True,بائع جديد,0.0,0,لم يحسب بعد,3,0,8 دقائق
برمجة وتطوير,https://khamsat.com/programming,بوت تليجرام,https://khamsat.com/programming/telegram-bot,تصميم صفحة دعم العملاء مع تكامل نظام تلغرام للرد التلقائي,https://khamsat.com/programming/telegram-bot/3022722-%D8%AA%D8%B5%D9%85%D9%8A%D9%85-%D8%B5%D9%81%D8%AD%D8%A9-%D8%AF%D8%B9%D9%85-%D8%A7%D9%84%D8%B9%D9%85%D9%84%D8%A7%D8%A1-%D9%85%D8%B9-%D8%AA%D9%83%D8%A7%D9%85%D9%84-%D9%86%D8%B8%D8%A7%D9%85-%D8%AA%D9%84%D8%BA%D8%B1%D8%A7%D9%85-%D9%84%D9%84%D8%B1%D8%AF-%D8%A7%D9%84%D8%AA%D9%84%D9%82%D8%A7%D8%A6%D9%8A,0.0,0,لم يحسب,0,0,$10.00,أسبوع,0,0,0.0,.Hatem A,https://khamsat.com/user/hatem_husam,True,بائع جديد,0.0,0,لم يحسب بعد,1,0,لم يحسب
برمجة وتطوير,https://khamsat.com/programming,بوت تليجرام,https://khamsat.com/programming/telegram-bot,برمجة بوت التليجرام بلغة بايثون,https://khamsat.com/programming/telegram-bot/2862403-%D8%A8%D8%B1%D9%85%D8%AC%D8%A9-%D8%A8%D9%88%D8%AA-%D8%A7%D9%84%D8%AA%D9%84%D9%8A%D8%AC%D8%B1%D8%A7%D9%85-%D8%A8%D9%84%D8%BA%D8%A9-%D8%A8%D8%A7%D9%8A%D8%AB%D9%88%D9%86,0.0,0,لم يحسب,0,0,$10.00,أسبوع,0,1,5.0,.Muzamil A,https://khamsat.com/user/mly88207,True,بائع نشيط,5.0,5,87.5%,3,5,ساعة
برمجة وتطوير,https://khamsat.com/programming,بوت تليجرام,https://khamsat.com/programming/telegram-bot,بأرخص الاسعار برمجة بوتات تيليجرام تعديل إضافة إنشاء,https://khamsat.com/programming/telegram-bot/2807669-%D8%A8%D8%A3%D8%B1%D8%AE%D8%B5-%D8%A7%D9%84%D8%A7%D8%B3%D8%B9%D8%A7%D8%B1-%D8%A8%D8%B1%D9%85%D8%AC%D8%A9-%D8%A8%D9%88%D8%AA%D8%A7%D8%AA-%D8%AA%D9%8A%D9%84%D9%8A%D8%AC%D8%B1%D8%A7%D9%85-%D8%AA%D8%B9%D8%AF%D9%8A%D9%84-%D8%A5%D8%B6%D8%A7%D9%81%D8%A9-%D8%A5%D9%86%D8%B4%D8%A7%D8%A1,0.0,0,لم يحسب,0,0,$10.00,أسبوع,0,0,0.0,.Saif S,https://khamsat.com/user/saif_samer_1,False,بائع جديد,0.0,0,لم يحسب بعد,1,0,لم يحسب
برمجة وتطوير,https://khamsat.com/programming,بوت تليجرام,https://khamsat.com/programming/telegram-bot,إنشاء بوت تلجرام ببايثون bot telegram with python,https://khamsat.com/programming/telegram-bot/1826547-%D8%A5%D9%86%D8%B4%D8%A7%D8%A1-%D8%A8%D9%88%D8%AA-%D8%AA%D9%84%D8%AC%D8%B1%D8%A7%D9%85-%D8%A8%D8%A8%D8%A7%D9%8A%D8%AB%D9%88%D9%86-bot-telegram-with-python,0.0,0,ساعة,1,0,$5.00,ثلاثة أيام,0,0,0.0,أيوب ع.,https://khamsat.com/user/ayoub_allali,True,بائع نشيط,5.0,9,88.89%,6,12,ساعة
برمجة وتطوير,https://khamsat.com/programming,بوت تليجرام,https://khamsat.com/programming/telegram-bot,برمجة بوتات تليجرام احترافية - تنفيذ أوتوماتيكي لمهامك,https://khamsat.com/programming/telegram-bot/3039182-%D8%A8%D8%B1%D9%85%D8%AC%D8%A9-%D8%A8%D9%88%D8%AA%D8%A7%D8%AA-%D8%AA%D9%84%D9%8A%D8%AC%D8%B1%D8%A7%D9%85-%D8%A7%D8%AD%D8%AA%D8%B1%D8%A7%D9%81%D9%8A%D8%A9-%D8%AA%D9%86%D9%81%D9%8A%D8%B0-%D8%A3%D9%88%D8%AA%D9%88%D9%85%D8%A7%D8%AA%D9%8A%D9%83%D9%8A-%D9%84%D9%85%D9%87%D8%A7%D9%85%D9%83,0.0,0,لم يحسب,0,0,$5.00,يوم واحد,0,5,60.0,.Marwan E,https://khamsat.com/user/marwaneldesouki,True,بائع جديد,5.0,4,100.0%,4,4,ساعة
برمجة وتطوير,https://khamsat.com/programming,بوت ماسنجر,https://khamsat.com/programming/messenger-bot,انشاء ماسنجر بوت,https://khamsat.com/programming/messenger-bot/654922-%D8%A7%D9%86%D8%B4%D8%A7%D8%A1-%D9%85%D8%A7%D8%B3%D9%86%D8%AC%D8%B1-%D8%A8%D9%88%D8%AA,5.0,3,33 دقيقة,5,0,$5.00,أسبوع,3,0,0.0,.Ahmed M,https://khamsat.com/user/amashal,True,بائع نشيط,5.0,11,95.12%,4,15,3 ساعات
برمجة وتطوير,https://khamsat.com/programming,بوت ماسنجر,https://khamsat.com/programming/messenger-bot,دعم فني للماسنجر بوت عن طريق موقع chatfuel,https://khamsat.com/programming/messenger-bot/656236-%D8%AF%D8%B9%D9%85-%D9%81%D9%86%D9%8A-%D9%84%D9%84%D9%85%D8%A7%D8%B3%D9%86%D8%AC%D8%B1-%D8%A8%D9%88%D8%AA-%D8%B9%D9%86-%D8%B7%D8%B1%D9%8A%D9%82-%D9%85%D9%88%D9%82%D8%B9-chatfuel,5.0,1,11 ساعة,1,0,$5.00,يومين,1,0,0.0,.Ahmed M,https://khamsat.com/user/amashal,True,بائع نشيط,5.0,11,95.12%,4,15,3 ساعات
برمجة وتطوير,https://khamsat.com/programming,بوت ماسنجر,https://khamsat.com/programming/messenger-bot,اضف مراسله ماسنجر الفيس بك الي موقعك facebook messenger,https://khamsat.com/programming/messenger-bot/992359-%D8%A7%D8%B6%D9%81-%D9%85%D8%B1%D8%A7%D8%B3%D9%84%D9%87-%D9%85%D8%A7%D8%B3%D9%86%D8%AC%D8%B1-%D8%A7%D9%84%D9%81%D9%8A%D8%B3-%D8%A8%D9%83-%D8%A7%D9%84%D9%8A-%D9%85%D9%88%D9%82%D8%B9%D9%83-facebook-messenger,0.0,0,لم يحسب,0,0,$5.00,يوم واحد,0,0,0.0,احمد غ.,https://khamsat.com/user/ahmed-ghaly,True,بائع مميز,4.5,131,89.62%,6,139,ساعة
برمجة وتطوير,https://khamsat.com/programming,بوت ماسنجر,https://khamsat.com/programming/messenger-bot,"انشاء بوت رد الى على التعليقات و الرسائل فيسبوك , انستغرام",https://khamsat.com/programming/messenger-bot/2896654-%D8%A7%D9%86%D8%B4%D8%A7%D8%A1-%D8%A8%D9%88%D8%AA-%D8%B1%D8%AF-%D8%A7%D9%84%D9%89-%D8%B9%D9%84%D9%89-%D8%A7%D9%84%D8%AA%D8%B9%D9%84%D9%8A%D9%82%D8%A7%D8%AA-%D9%88-%D8%A7%D9%84%D8%B1%D8%B3%D8%A7%D8%A6%D9%84-%D9%81%D9%8A%D8%B3%D8%A8%D9%88%D9%83-%D8%A7%D9%86%D8%B3%D8%AA%D8%BA%D8%B1%D8%A7%D9%85,0.0,0,لم يحسب,0,0,$10.00,يوم واحد,0,5,45.0,.Yousef N,https://khamsat.com/user/ahmednasrallh,True,بائع جديد,0.0,0,لم يحسب بعد,2,0,لم يحسب
برمجة وتطوير,https://khamsat.com/programming,بوت ماسنجر,https://khamsat.com/programming/messenger-bot,بوت رد الى على التعليقات والرسائل فيسبوك وانستغرام,https://khamsat.com/programming/messenger-bot/2902278-%D8%A8%D9%88%D8%AA-%D8%B1%D8%AF-%D8%A7%D9%84%D9%89-%D8%B9%D9%84%D9%89-%D8%A7%D9%84%D8%AA%D8%B9%D9%84%D9%8A%D9%82%D8%A7%D8%AA-%D9%88%D8%A7%D9%84%D8%B1%D8%B3%D8%A7%D8%A6%D9%84-%D9%81%D9%8A%D8%B3%D8%A8%D9%88%D9%83-%D9%88%D8%A7%D9%86%D8%B3%D8%AA%D8%BA%D8%B1%D8%A7%D9%85,0.0,0,لم يحسب,0,0,$10.00,يوم واحد,0,4,25.0,.Yousef N,https://khamsat.com/user/ahmednasrallh,True,بائع جديد,0.0,0,لم يحسب بعد,2,0,لم يحسب
برمجة وتطوير,https://khamsat.com/programming,بوت ماسنجر,https://khamsat.com/programming/messenger-bot,صناعة بوت فايسبوك/مسنجر الخاص بك,https://khamsat.com/programming/messenger-bot/2566128-%D8%B5%D9%86%D8%A7%D8%B9%D8%A9-%D8%A8%D9%88%D8%AA-%D9%81%D8%A7%D9%8A%D8%B3%D8%A8%D9%88%D9%83%D9%85%D8%B3%D9%86%D8%AC%D8%B1-%D8%A7%D9%84%D8%AE%D8%A7%D8%B5-%D8%A8%D9%83,0.0,0,لم يحسب,0,0,$5.00,ثلاثة أيام,0,0,0.0,.Amine E,https://khamsat.com/user/aminecrafter101,True,بائع جديد,5.0,3,66.67%,4,3,ساعة
برمجة وتطوير,https://khamsat.com/programming,بوت واتساب,https://khamsat.com/programming/whatsapp-bot,بوت واتساب احترافي وبدون اي اشتراكات,https://khamsat.com/programming/whatsapp-bot/2933277-%D8%A8%D9%88%D8%AA-%D9%88%D8%A7%D8%AA%D8%B3%D8%A7%D8%A8-%D8%A7%D8%AD%D8%AA%D8%B1%D8%A7%D9%81%D9%8A-%D9%88%D8%A8%D8%AF%D9%88%D9%86-%D8%A7%D9%8A-%D8%A7%D8%B4%D8%AA%D8%B1%D8%A7%D9%83%D8%A7%D8%AA,5.0,3,يوم,4,0,$10.00,يوم واحد,3,2,15.0,.Ashraf M,https://khamsat.com/user/ashraf_mostafa_123,True,بائع جديد,5.0,4,50.0%,4,4,22 ساعة
برمجة وتطوير,https://khamsat.com/programming,بوت واتساب,https://khamsat.com/programming/whatsapp-bot,برمجة بوتات واتساب و تليجرام,https://khamsat.com/programming/whatsapp-bot/2341248-%D8%A8%D8%B1%D9%85%D8%AC%D8%A9-%D8%A8%D9%88%D8%AA%D8%A7%D8%AA-%D9%88%D8%A7%D8%AA%D8%B3%D8%A7%D8%A8-%D9%88-%D8%AA%D9%84%D9%8A%D8%AC%D8%B1%D8%A7%D9%85,5.0,11,4 ساعات,15,1,$10.00,أسبوع,11,4,510.0,.Osama E,https://khamsat.com/user/0mnnm0,True,بائع مميز,5.0,65,76.92%,3,72,16 ساعة
برمجة وتطوير,https://khamsat.com/programming,بوت واتساب,https://khamsat.com/programming/whatsapp-bot,صنع بوت واتساب ردود آلية,https://khamsat.com/programming/whatsapp-bot/1516601-%D8%B5%D9%86%D8%B9-%D8%A8%D9%88%D8%AA-%D9%88%D8%A7%D8%AA%D8%B3%D8%A7%D8%A8-%D8%B1%D8%AF%D9%88%D8%AF-%D8%A2%D9%84%D9%8A%D8%A9,5.0,22,ساعة,32,1,$10.00,ثلاثة أيام,22,3,140.0,عدي م.,https://khamsat.com/user/commnder,True,بائع مميز,5.0,25,85.0%,2,36,3 ساعات
برمجة وتطوير,https://khamsat.com/programming,بوت واتساب,https://khamsat.com/programming/whatsapp-bot,تصميم شات بوت احترافي للواتساب للرد على العملاء,https://khamsat.com/programming/whatsapp-bot/2902960-%D8%AA%D8%B5%D9%85%D9%8A%D9%85-%D8%B4%D8%A7%D8%AA-%D8%A8%D9%88%D8%AA-%D8%A7%D8%AD%D8%AA%D8%B1%D8%A7%D9%81%D9%8A-%D9%84%D9%84%D9%88%D8%A7%D8%AA%D8%B3%D8%A7%D8%A8-%D9%84%D9%84%D8%B1%D8%AF-%D8%B9%D9%84%D9%89-%D8%A7%D9%84%D8%B9%D9%85%D9%84%D8%A7%D8%A1,0.0,0,لم يحسب,0,0,$10.00,ثلاثة أيام,0,4,160.0,عدنان ش.,https://khamsat.com/user/ads294,True,بائع جديد,0.0,0,لم يحسب بعد,1,0,لم يحسب
برمجة وتطوير,https://khamsat.com/programming,بوت واتساب,https://khamsat.com/programming/whatsapp-bot,تصميم بوتات واتساب و ماسنجر بوت,https://khamsat.com/programming/whatsapp-bot/2623402-%D8%AA%D8%B5%D9%85%D9%8A%D9%85-%D8%A8%D9%88%D8%AA%D8%A7%D8%AA-%D9%88%D8%A7%D8%AA%D8%B3%D8%A7%D8%A8-%D9%88-%D9%85%D8%A7%D8%B3%D9%86%D8%AC%D8%B1-%D8%A8%D9%88%D8%AA,0.0,0,8 دقائق,0,0,$5.00,يومين,0,3,20.0,.Osama I,https://khamsat.com/user/osamaibrahim20,True,بائع جديد,0.0,0,لم يحسب بعد,3,0,8 دقائق
برمجة وتطوير,https://khamsat.com/programming,بوت واتساب,https://khamsat.com/programming/whatsapp-bot,برمجه بوت واتس اب للردود التلقائية,https://khamsat.com/programming/whatsapp-bot/2974621-%D8%A8%D8%B1%D9%85%D8%AC%D9%87-%D8%A8%D9%88%D8%AA-%D9%88%D8%A7%D8%AA%D8%B3-%D8%A7%D8%A8-%D9%84%D9%84%D8%B1%D8%AF%D9%88%D8%AF-%D8%A7%D9%84%D8%AA%D9%84%D9%82%D8%A7%D8%A6%D9%8A%D8%A9,0.0,0,لم يحسب,0,0,$10.00,يوم واحد,0,2,30.0,.Dev M,https://khamsat.com/user/mohammed5099,False,مشتري جديد,0.0,0,لم يحسب بعد,2,0,لم يحسب
برمجة وتطوير,https://khamsat.com/programming,بوت واتساب,https://khamsat.com/programming/whatsapp-bot,برمجة بوت للواتساب الردود الآلية,https://khamsat.com/programming/whatsapp-bot/2724827-%D8%A8%D8%B1%D9%85%D8%AC%D8%A9-%D8%A8%D9%88%D8%AA-%D9%84%D9%84%D9%88%D8%A7%D8%AA%D8%B3%D8%A7%D8%A8-%D8%A7%D9%84%D8%B1%D8%AF%D9%88%D8%AF-%D8%A7%D9%84%D8%A2%D9%84%D9%8A%D8%A9,0.0,0,52 دقيقة,0,0,$10.00,يومين,0,3,125.0,معتز ع.,https://khamsat.com/user/mutazhadad,True,مشتري مميز,0.0,0,0.0%,2,0,52 دقيقة
برمجة وتطوير,https://khamsat.com/programming,بوت واتساب,https://khamsat.com/programming/whatsapp-bot,شات بوت للواتس اب + مربوط بالموقع الخاص فيك,https://khamsat.com/programming/whatsapp-bot/2683767-%D8%B4%D8%A7%D8%AA-%D8%A8%D9%88%D8%AA-%D9%84%D9%84%D9%88%D8%A7%D8%AA%D8%B3-%D8%A7%D8%A8-%D9%85%D8%B1%D8%A8%D9%88%D8%B7-%D8%A8%D8%A7%D9%84%D9%85%D9%88%D9%82%D8%B9-%D8%A7%D9%84%D8%AE%D8%A7%D8%B5-%D9%81%D9%8A%D9%83,0.0,0,لم يحسب,0,0,$10.00,يوم واحد,0,3,40.0,.Saad A,https://khamsat.com/user/%D8%B3%D8%B9%D8%AF-%D8%A7%D9%84%D8%BA%D8%A7%D9%85%D8%AF%D9%8A007,False,مشتري جاد,0.0,0,لم يحسب بعد,2,0,50 دقيقة
برمجة وتطوير,https://khamsat.com/programming,بوت واتساب,https://khamsat.com/programming/whatsapp-bot,بوت واتساب لجميع المجالات مع رمز الاستجابة السريعة QR Code,https://khamsat.com/programming/whatsapp-bot/2756963-%D8%A8%D9%88%D8%AA-%D9%88%D8%A7%D8%AA%D8%B3%D8%A7%D8%A8-%D9%84%D8%AC%D9%85%D9%8A%D8%B9-%D8%A7%D9%84%D9%85%D8%AC%D8%A7%D9%84%D8%A7%D8%AA-%D9%85%D8%B9-%D8%B1%D9%85%D8%B2-%D8%A7%D9%84%D8%A7%D8%B3%D8%AA%D8%AC%D8%A7%D8%A8%D8%A9-%D8%A7%D9%84%D8%B3%D8%B1%D9%8A%D8%B9%D8%A9-qr-code,0.0,0,لم يحسب,0,0,$25.00,أسبوع,0,1,20.0,.Anas J,https://khamsat.com/user/anasjco,True,بائع نشيط,5.0,11,68.18%,9,14,3 أيام
برمجة وتطوير,https://khamsat.com/programming,بوت واتساب,https://khamsat.com/programming/whatsapp-bot,برمجة واتساب بوت من خلال البوابة الرسمية للواتساب,https://khamsat.com/programming/whatsapp-bot/2867733-%D8%A8%D8%B1%D9%85%D8%AC%D8%A9-%D9%88%D8%A7%D8%AA%D8%B3%D8%A7%D8%A8-%D8%A8%D9%88%D8%AA-%D9%85%D9%86-%D8%AE%D9%84%D8%A7%D9%84-%D8%A7%D9%84%D8%A8%D9%88%D8%A7%D8%A8%D8%A9-%D8%A7%D9%84%D8%B1%D8%B3%D9%85%D9%8A%D8%A9-%D9%84%D9%84%D9%88%D8%A7%D8%AA%D8%B3%D8%A7%D8%A8,0.0,0,35 دقيقة,0,0,$5.00,خمسة أيام,0,3,130.0,.Ahmed M,https://khamsat.com/user/amashal,True,بائع نشيط,5.0,11,95.12%,4,15,3 ساعات
برمجة وتطوير,https://khamsat.com/programming,بوت واتساب,https://khamsat.com/programming/whatsapp-bot,شات بوت تليجرام واتساب وماسنجر,https://khamsat.com/programming/whatsapp-bot/2868307-%D8%B4%D8%A7%D8%AA-%D8%A8%D9%88%D8%AA-%D8%AA%D9%84%D9%8A%D8%AC%D8%B1%D8%A7%D9%85-%D9%88%D8%A7%D8%AA%D8%B3%D8%A7%D8%A8-%D9%88%D9%85%D8%A7%D8%B3%D9%86%D8%AC%D8%B1,0.0,0,53 دقيقة,1,1,$10.00,ثلاثة أيام,0,1,10.0,.Ahmed E,https://khamsat.com/user/ahmed_byclick,True,بائع نشيط,4.5,7,100.0%,3,9,30 دقيقة
برمجة وتطوير,https://khamsat.com/programming,بوت واتساب,https://khamsat.com/programming/whatsapp-bot,برمجه وصنع بوت واتساب احترافي,https://khamsat.com/programming/whatsapp-bot/2818745-%D8%A8%D8%B1%D9%85%D8%AC%D9%87-%D9%88%D8%B5%D9%86%D8%B9-%D8%A8%D9%88%D8%AA-%D9%88%D8%A7%D8%AA%D8%B3%D8%A7%D8%A8-%D8%A7%D8%AD%D8%AA%D8%B1%D8%A7%D9%81%D9%8A,0.0,0,8 ساعات,0,0,$10.00,يومين,0,2,15.0,.Ashraf M,https://khamsat.com/user/ashraf_mostafa_123,True,بائع جديد,5.0,4,50.0%,4,4,22 ساعة
برمجة وتطوير,https://khamsat.com/programming,بوت واتساب,https://khamsat.com/programming/whatsapp-bot,برمجة بوت واتس اب بدون حساب ميتا او فيس بوك,https://khamsat.com/programming/whatsapp-bot/2854353-%D8%A8%D8%B1%D9%85%D8%AC%D8%A9-%D8%A8%D9%88%D8%AA-%D9%88%D8%A7%D8%AA%D8%B3-%D8%A7%D8%A8-%D8%A8%D8%AF%D9%88%D9%86-%D8%AD%D8%B3%D8%A7%D8%A8-%D9%85%D9%8A%D8%AA%D8%A7-%D8%A7%D9%88-%D9%81%D9%8A%D8%B3-%D8%A8%D9%88%D9%83,0.0,0,لم يحسب,0,0,$20.00,يومين,0,0,0.0,.Abdulmonem T,https://khamsat.com/user/abdotarek44,True,بائع نشيط,5.0,8,91.67%,4,8,8 ساعات
برمجة وتطوير,https://khamsat.com/programming,بوت واتساب,https://khamsat.com/programming/whatsapp-bot,خدمة المجيب الآلي عبر الواتساب chatbot,https://khamsat.com/programming/whatsapp-bot/2340257-%D8%AE%D8%AF%D9%85%D8%A9-%D8%A7%D9%84%D9%85%D8%AC%D9%8A%D8%A8-%D8%A7%D9%84%D8%A2%D9%84%D9%8A-%D8%B9%D8%A8%D8%B1-%D8%A7%D9%84%D9%88%D8%A7%D8%AA%D8%B3%D8%A7%D8%A8-chatbot,5.0,3,48 دقيقة,3,1,$10.00,يوم واحد,3,0,0.0,يحيى ا.,https://khamsat.com/user/yahya2307,True,بائع نشيط,5.0,14,89.19%,7,13,3 ساعات
برمجة وتطوير,https://khamsat.com/programming,بوت واتساب,https://khamsat.com/programming/whatsapp-bot,تنصيب سكربت Stackposts للواتساب Waziper علي سيرفر AAPANEL,https://khamsat.com/programming/whatsapp-bot/2852875-%D8%AA%D9%86%D8%B5%D9%8A%D8%A8-%D8%B3%D9%83%D8%B1%D8%A8%D8%AA-stackposts-%D9%84%D9%84%D9%88%D8%A7%D8%AA%D8%B3%D8%A7%D8%A8-waziper-%D8%B9%D9%84%D9%8A-%D8%B3%D9%8A%D8%B1%D9%81%D8%B1-aapanel,0.0,0,لم يحسب,0,0,$50.00,يوم واحد,0,3,150.0,.Mahmoud A,https://khamsat.com/user/titotedx,True,بائع موثوق,5.0,162,81.65%,27,138,ساعتين
