Category Name,Category URL,Service Name,Service URL,Offer Name,Offer URL,Offer Stars,Offer Raters,Offer Response Time,Offer Buyers,Pending,Price,Duration,Reviews,Available Additions,Additions Price,Owner Name,Owner URL,Owner Verified,Owner Level,Owner Stars,Owner Raters,Owner Completion Rate,Owner Services,Owner Customers,Owner Response Time
بيانات,https://khamsat.com/data,استخراج البيانات,https://khamsat.com/data/web-scraping,اجمع معلومات من اي موقع بشكل آلي او نظم بياناتك او اتمت عملك,https://khamsat.com/data/web-scraping/2684601-%D8%A7%D8%AC%D9%85%D8%B9-%D9%85%D8%B9%D9%84%D9%88%D9%85%D8%A7%D8%AA-%D9%85%D9%86-%D8%A7%D9%8A-%D9%85%D9%88%D9%82%D8%B9-%D8%A8%D8%B4%D9%83%D9%84-%D8%A2%D9%84%D9%8A-%D8%A7%D9%88-%D9%86%D8%B8%D9%85-%D8%A8%D9%8A%D8%A7%D9%86%D8%A7%D8%AA%D9%83-%D8%A7%D9%88-%D8%A7%D8%AA%D9%85%D8%AA-%D8%B9%D9%85%D9%84%D9%83,5.0,2,12 ساعة,2,0,$10.00,يومين,2,2,110.0,.Mohamad A,https://khamsat.com/user/mohamad_cp,True,بائع جديد,5.0,2,100.0%,1,2,12 ساعة
بيانات,https://khamsat.com/data,استخراج البيانات,https://khamsat.com/data/web-scraping,استخراج بيانات من مواقع الويب Web Scraping,https://khamsat.com/data/web-scraping/2976756-%D8%A7%D8%B3%D8%AA%D8%AE%D8%B1%D8%A7%D8%AC-%D8%A8%D9%8A%D8%A7%D9%86%D8%A7%D8%AA-%D9%85%D9%86-%D9%85%D9%88%D8%A7%D9%82%D8%B9-%D8%A7%D9%84%D9%88%D9%8A%D8%A8-web-scraping,5.0,1,ساعة,1,0,$5.00,يومين,1,1,20.0,.Omayma A,https://khamsat.com/user/omayma_ali,True,بائع جديد,5.0,1,100.0%,2,1,ساعة
بيانات,https://khamsat.com/data,استخراج البيانات,https://khamsat.com/data/web-scraping,استخراج بيانات متاجر سلة بالسعودية,https://khamsat.com/data/web-scraping/2788070-%D8%A7%D8%B3%D8%AA%D8%AE%D8%B1%D8%A7%D8%AC-%D8%A8%D9%8A%D8%A7%D9%86%D8%A7%D8%AA-%D9%85%D8%AA%D8%A7%D8%AC%D8%B1-%D8%B3%D9%84%D8%A9-%D8%A8%D8%A7%D9%84%D8%B3%D8%B9%D9%88%D8%AF%D9%8A%D8%A9,4.5,2,10 دقائق,2,0,$5.00,يوم واحد,2,5,150.0,.Muhammad A,https://khamsat.com/user/muhammad_abdallah,True,بائع جديد,4.5,2,100.0%,5,2,10 دقائق
بيانات,https://khamsat.com/data,استخراج البيانات,https://khamsat.com/data/web-scraping,استخراج ايميلات الشركات السعودية بجميع التخصصات محدثة 2024,https://khamsat.com/data/web-scraping/3033432-%D8%A7%D8%B3%D8%AA%D8%AE%D8%B1%D8%A7%D8%AC-%D8%A7%D9%8A%D9%85%D9%8A%D9%84%D8%A7%D8%AA-%D8%A7%D9%84%D8%B4%D8%B1%D9%83%D8%A7%D8%AA-%D8%A7%D9%84%D8%B3%D8%B9%D9%88%D8%AF%D9%8A%D8%A9-%D8%A8%D8%AC%D9%85%D9%8A%D8%B9-%D8%A7%D9%84%D8%AA%D8%AE%D8%B5%D8%B5%D8%A7%D8%AA-%D9%85%D8%AD%D8%AF%D8%AB%D8%A9-2024,0.0,0,3 دقائق,1,0,$25.00,يوم واحد,0,0,0.0,عمر م.,https://khamsat.com/user/omar_mohamed622,True,بائع مميز,5.0,99,99.38%,12,111,11 دقيقة
بيانات,https://khamsat.com/data,استخراج البيانات,https://khamsat.com/data/web-scraping,تجميع واستخراج البيانات من الانترنت,https://khamsat.com/data/web-scraping/2337631-%D8%AA%D8%AC%D9%85%D9%8A%D8%B9-%D9%88%D8%A7%D8%B3%D8%AA%D8%AE%D8%B1%D8%A7%D8%AC-%D8%A7%D9%84%D8%A8%D9%8A%D8%A7%D9%86%D8%A7%D8%AA-%D9%85%D9%86-%D8%A7%D9%84%D8%A7%D9%86%D8%AA%D8%B1%D9%86%D8%AA,5.0,4,ساعتين,6,1,$5.00,ثلاثة أيام,4,4,85.0,الشيماء م.,https://khamsat.com/user/shimaa_ali44,True,بائع مميز,5.0,28,100.0%,3,26,ساعة
بيانات,https://khamsat.com/data,استخراج البيانات,https://khamsat.com/data/web-scraping,سحب او استخراج البيانات من مواقع الويب web scraping,https://khamsat.com/data/web-scraping/2916265-%D8%B3%D8%AD%D8%A8-%D8%A7%D9%88-%D8%A7%D8%B3%D8%AA%D8%AE%D8%B1%D8%A7%D8%AC-%D8%A7%D9%84%D8%A8%D9%8A%D8%A7%D9%86%D8%A7%D8%AA-%D9%85%D9%86-%D9%85%D9%88%D8%A7%D9%82%D8%B9-%D8%A7%D9%84%D9%88%D9%8A%D8%A8-web-scraping,5.0,5,ساعة,5,0,$5.00,يومين,5,5,90.0,.Ahmed F,https://khamsat.com/user/ahmed_shehta_fouda,True,بائع نشيط,5.0,7,84.21%,2,5,45 دقيقة
بيانات,https://khamsat.com/data,استخراج البيانات,https://khamsat.com/data/web-scraping,ارقام المكاتب والشركات العقارية في السعودية,https://khamsat.com/data/web-scraping/2964198-%D8%A7%D8%B1%D9%82%D8%A7%D9%85-%D8%A7%D9%84%D9%85%D9%83%D8%A7%D8%AA%D8%A8-%D9%88%D8%A7%D9%84%D8%B4%D8%B1%D9%83%D8%A7%D8%AA-%D8%A7%D9%84%D8%B9%D9%82%D8%A7%D8%B1%D9%8A%D8%A9-%D9%81%D9%8A-%D8%A7%D9%84%D8%B3%D8%B9%D9%88%D8%AF%D9%8A%D8%A9,4.5,3,ساعة,5,0,$15.00,يوم واحد,3,1,20.0,خوجلي ع.,https://khamsat.com/user/%D8%AE%D9%88%D8%AC%D9%84%D9%8A-%D8%B9%D9%84%D9%8A,True,بائع نشيط,5.0,6,100.0%,7,18,ساعتين
بيانات,https://khamsat.com/data,استخراج البيانات,https://khamsat.com/data/web-scraping,خدمة استخراج البيانات web Scraping مع واجهة رسومية,https://khamsat.com/data/web-scraping/3027114-%D8%AE%D8%AF%D9%85%D8%A9-%D8%A7%D8%B3%D8%AA%D8%AE%D8%B1%D8%A7%D8%AC-%D8%A7%D9%84%D8%A8%D9%8A%D8%A7%D9%86%D8%A7%D8%AA-web-scraping-%D9%85%D8%B9-%D9%88%D8%A7%D8%AC%D9%87%D8%A9-%D8%B1%D8%B3%D9%88%D9%85%D9%8A%D8%A9,5.0,1,30 دقيقة,2,0,$10.00,يومين,1,5,115.0,يوسف ا.,https://khamsat.com/user/%D9%8A%D9%88%D8%B3%D9%81-%D8%A7%D9%84%D8%B2%D9%87%D8%B1%D9%8A,True,بائع جديد,5.0,1,100.0%,1,2,31 دقيقة
بيانات,https://khamsat.com/data,استخراج البيانات,https://khamsat.com/data/web-scraping,استخراج بيانات المتاجر السعوديه من موقع معروف,https://khamsat.com/data/web-scraping/2769458-%D8%A7%D8%B3%D8%AA%D8%AE%D8%B1%D8%A7%D8%AC-%D8%A8%D9%8A%D8%A7%D9%86%D8%A7%D8%AA-%D8%A7%D9%84%D9%85%D8%AA%D8%A7%D8%AC%D8%B1-%D8%A7%D9%84%D8%B3%D8%B9%D9%88%D8%AF%D9%8A%D9%87-%D9%85%D9%86-%D9%85%D9%88%D9%82%D8%B9-%D9%85%D8%B9%D8%B1%D9%88%D9%81,5.0,6,15 ساعة,9,0,$40.00,يومين,6,0,0.0,حسام الدين ج.,https://khamsat.com/user/%D8%AD%D8%B3%D8%A7%D9%85-%D8%A7%D9%84%D8%AF%D9%8A%D9%86-%D8%AC%D9%85%D8%A7%D9%84-%D8%B3%D9%8A%D8%AF,True,بائع مميز,5.0,69,95.56%,3,86,4 ساعات
بيانات,https://khamsat.com/data,استخراج البيانات,https://khamsat.com/data/web-scraping,استخراج احدث ايميلات وتفاصيل الشركات السعودية 2024,https://khamsat.com/data/web-scraping/3034894-%D8%A7%D8%B3%D8%AA%D8%AE%D8%B1%D8%A7%D8%AC-%D8%A7%D8%AD%D8%AF%D8%AB-%D8%A7%D9%8A%D9%85%D9%8A%D9%84%D8%A7%D8%AA-%D9%88%D8%AA%D9%81%D8%A7%D8%B5%D9%8A%D9%84-%D8%A7%D9%84%D8%B4%D8%B1%D9%83%D8%A7%D8%AA-%D8%A7%D9%84%D8%B3%D8%B9%D9%88%D8%AF%D9%8A%D8%A9-2024,5.0,1,8 دقائق,1,0,$10.00,يومين,1,4,170.0,محمود س.,https://khamsat.com/user/mahmoud_moh1,True,بائع جديد,5.0,2,100.0%,5,1,7 دقائق
بيانات,https://khamsat.com/data,استخراج البيانات,https://khamsat.com/data/web-scraping,داتا وارقام الشركات الطبية في السعودية,https://khamsat.com/data/web-scraping/2964174-%D8%AF%D8%A7%D8%AA%D8%A7-%D9%88%D8%A7%D8%B1%D9%82%D8%A7%D9%85-%D8%A7%D9%84%D8%B4%D8%B1%D9%83%D8%A7%D8%AA-%D8%A7%D9%84%D8%B7%D8%A8%D9%8A%D8%A9-%D9%81%D9%8A-%D8%A7%D9%84%D8%B3%D8%B9%D9%88%D8%AF%D9%8A%D8%A9,0.0,0,3 ساعات,4,0,$15.00,يوم واحد,0,0,0.0,خوجلي ع.,https://khamsat.com/user/%D8%AE%D9%88%D8%AC%D9%84%D9%8A-%D8%B9%D9%84%D9%8A,True,بائع نشيط,5.0,6,100.0%,7,18,ساعتين
بيانات,https://khamsat.com/data,استخراج البيانات,https://khamsat.com/data/web-scraping,استخراج بيانات المصانع السعودية من وزارة الصناعة السعودية,https://khamsat.com/data/web-scraping/2769752-%D8%A7%D8%B3%D8%AA%D8%AE%D8%B1%D8%A7%D8%AC-%D8%A8%D9%8A%D8%A7%D9%86%D8%A7%D8%AA-%D8%A7%D9%84%D9%85%D8%B5%D8%A7%D9%86%D8%B9-%D8%A7%D9%84%D8%B3%D8%B9%D9%88%D8%AF%D9%8A%D8%A9-%D9%85%D9%86-%D9%88%D8%B2%D8%A7%D8%B1%D8%A9-%D8%A7%D9%84%D8%B5%D9%86%D8%A7%D8%B9%D8%A9-%D8%A7%D9%84%D8%B3%D8%B9%D9%88%D8%AF%D9%8A%D8%A9,5.0,3,12 دقيقة,8,0,$25.00,يوم واحد,3,0,0.0,حسام الدين ج.,https://khamsat.com/user/%D8%AD%D8%B3%D8%A7%D9%85-%D8%A7%D9%84%D8%AF%D9%8A%D9%86-%D8%AC%D9%85%D8%A7%D9%84-%D8%B3%D9%8A%D8%AF,True,بائع مميز,5.0,69,95.56%,3,86,4 ساعات
بيانات,https://khamsat.com/data,استخراج البيانات,https://khamsat.com/data/web-scraping,الحصول على ايميلات لقسم الموارد البشرية في السعودية,https://khamsat.com/data/web-scraping/2884229-%D8%A7%D9%84%D8%AD%D8%B5%D9%88%D9%84-%D8%B9%D9%84%D9%89-%D8%A7%D9%8A%D9%85%D9%8A%D9%84%D8%A7%D8%AA-%D9%84%D9%82%D8%B3%D9%85-%D8%A7%D9%84%D9%85%D9%88%D8%A7%D8%B1%D8%AF-%D8%A7%D9%84%D8%A8%D8%B4%D8%B1%D9%8A%D8%A9-%D9%81%D9%8A-%D8%A7%D9%84%D8%B3%D8%B9%D9%88%D8%AF%D9%8A%D8%A9,5.0,7,ساعة,11,0,$5.00,يوم واحد,7,0,0.0,.Saad E,https://khamsat.com/user/saadebrahem,True,بائع نشيط,5.0,8,85.71%,2,12,9 ساعات
بيانات,https://khamsat.com/data,استخراج البيانات,https://khamsat.com/data/web-scraping,تجميع بيانات شركات في أي مجال من أي فى دولة الشرق الأوسط,https://khamsat.com/data/web-scraping/2687677-%D8%AA%D8%AC%D9%85%D9%8A%D8%B9-%D8%A8%D9%8A%D8%A7%D9%86%D8%A7%D8%AA-%D8%B4%D8%B1%D9%83%D8%A7%D8%AA-%D9%81%D9%8A-%D8%A3%D9%8A-%D9%85%D8%AC%D8%A7%D9%84-%D9%85%D9%86-%D8%A3%D9%8A-%D9%81%D9%89-%D8%AF%D9%88%D9%84%D8%A9-%D8%A7%D9%84%D8%B4%D8%B1%D9%82-%D8%A7%D9%84%D8%A3%D9%88%D8%B3%D8%B7,4.5,6,11 ساعة,10,0,$10.00,يومين,6,2,140.0,أحمد أ.,https://khamsat.com/user/ahmadsalem5,True,بائع نشيط,4.5,7,95.83%,7,12,8 ساعات
بيانات,https://khamsat.com/data,استخراج البيانات,https://khamsat.com/data/web-scraping,إنشاء سكريبت Web Scrapping,https://khamsat.com/data/web-scraping/1617938-%D8%A5%D9%86%D8%B4%D8%A7%D8%A1-%D8%B3%D9%83%D8%B1%D9%8A%D8%A8%D8%AA-web-scrapping,5.0,8,27 دقيقة,9,0,$5.00,يومين,8,4,25.0,.Mostafa E,https://khamsat.com/user/mostafa_ehab,True,بائع نشيط,5.0,10,93.33%,1,13,يومين
بيانات,https://khamsat.com/data,استخراج البيانات,https://khamsat.com/data/web-scraping,سحب بيانات منصة معروف السعودية للمتاجر,https://khamsat.com/data/web-scraping/3012008-%D8%B3%D8%AD%D8%A8-%D8%A8%D9%8A%D8%A7%D9%86%D8%A7%D8%AA-%D9%85%D9%86%D8%B5%D8%A9-%D9%85%D8%B9%D8%B1%D9%88%D9%81-%D8%A7%D9%84%D8%B3%D8%B9%D9%88%D8%AF%D9%8A%D8%A9-%D9%84%D9%84%D9%85%D8%AA%D8%A7%D8%AC%D8%B1,5.0,1,28 دقيقة,2,0,$5.00,يومين,1,1,5.0,.Khaled I,https://khamsat.com/user/kh_55,True,بائع جديد,5.0,1,100.0%,4,2,28 دقيقة
بيانات,https://khamsat.com/data,استخراج البيانات,https://khamsat.com/data/web-scraping,استخراج البيانات Web Scraping,https://khamsat.com/data/web-scraping/2867898-%D8%A7%D8%B3%D8%AA%D8%AE%D8%B1%D8%A7%D8%AC-%D8%A7%D9%84%D8%A8%D9%8A%D8%A7%D9%86%D8%A7%D8%AA-web-scraping,5.0,5,يوم,6,0,$10.00,يوم واحد,5,5,185.0,.Ibrahim E,https://khamsat.com/user/ibrahimenayeh,True,بائع نشيط,5.0,14,96.55%,2,16,18 ساعة
بيانات,https://khamsat.com/data,استخراج البيانات,https://khamsat.com/data/web-scraping,استخراج كافة البيانات من جميع انواع مواقع الويب Web Scraping,https://khamsat.com/data/web-scraping/2723588-%D8%A7%D8%B3%D8%AA%D8%AE%D8%B1%D8%A7%D8%AC-%D9%83%D8%A7%D9%81%D8%A9-%D8%A7%D9%84%D8%A8%D9%8A%D8%A7%D9%86%D8%A7%D8%AA-%D9%85%D9%86-%D8%AC%D9%85%D9%8A%D8%B9-%D8%A7%D9%86%D9%88%D8%A7%D8%B9-%D9%85%D9%88%D8%A7%D9%82%D8%B9-%D8%A7%D9%84%D9%88%D9%8A%D8%A8-web-scraping,5.0,13,ساعة,14,0,$5.00,يومين,13,5,65.0,.Amr A,https://khamsat.com/user/amr_alaa_eldin,True,بائع مميز,5.0,22,94.34%,4,17,ساعة
بيانات,https://khamsat.com/data,استخراج البيانات,https://khamsat.com/data/web-scraping,بيانات شركات ومؤسسات اثاث وديكور,https://khamsat.com/data/web-scraping/2837333-%D8%A8%D9%8A%D8%A7%D9%86%D8%A7%D8%AA-%D8%B4%D8%B1%D9%83%D8%A7%D8%AA-%D9%88%D9%85%D8%A4%D8%B3%D8%B3%D8%A7%D8%AA-%D8%A7%D8%AB%D8%A7%D8%AB-%D9%88%D8%AF%D9%8A%D9%83%D9%88%D8%B1,4.5,4,14 ساعة,7,0,$5.00,يوم واحد,4,0,0.0,.Fakiha B,https://khamsat.com/user/hadeer_elhoseny,True,بائع جديد,4.5,4,100.0%,3,7,14 ساعة
بيانات,https://khamsat.com/data,استخراج البيانات,https://khamsat.com/data/web-scraping,استخراج بيانات المتاجر الإلكترونية السعوديه من موقع معروف,https://khamsat.com/data/web-scraping/2736039-%D8%A7%D8%B3%D8%AA%D8%AE%D8%B1%D8%A7%D8%AC-%D8%A8%D9%8A%D8%A7%D9%86%D8%A7%D8%AA-%D8%A7%D9%84%D9%85%D8%AA%D8%A7%D8%AC%D8%B1-%D8%A7%D9%84%D8%A5%D9%84%D9%83%D8%AA%D8%B1%D9%88%D9%86%D9%8A%D8%A9-%D8%A7%D9%84%D8%B3%D8%B9%D9%88%D8%AF%D9%8A%D9%87-%D9%85%D9%86-%D9%85%D9%88%D9%82%D8%B9-%D9%85%D8%B9%D8%B1%D9%88%D9%81,5.0,19,52 دقيقة,24,0,$20.00,يومين,19,0,0.0,.Ahmed K,https://khamsat.com/user/ahmed11560,True,بائع مميز,5.0,49,98.65%,4,50,ساعة
بيانات,https://khamsat.com/data,استخراج البيانات,https://khamsat.com/data/web-scraping,جمع وإستخراج البيانات من جميع المواقع بستخدام python,https://khamsat.com/data/web-scraping/2891487-%D8%AC%D9%85%D8%B9-%D9%88%D8%A5%D8%B3%D8%AA%D8%AE%D8%B1%D8%A7%D8%AC-%D8%A7%D9%84%D8%A8%D9%8A%D8%A7%D9%86%D8%A7%D8%AA-%D9%85%D9%86-%D8%AC%D9%85%D9%8A%D8%B9-%D8%A7%D9%84%D9%85%D9%88%D8%A7%D9%82%D8%B9-%D8%A8%D8%B3%D8%AA%D8%AE%D8%AF%D8%A7%D9%85-python,5.0,2,12 ساعة,3,0,$5.00,يوم واحد,2,3,165.0,.Ahmed G,https://khamsat.com/user/ahmed98gamal,True,بائع جديد,5.0,2,100.0%,1,3,7 ساعات
بيانات,https://khamsat.com/data,استخراج البيانات,https://khamsat.com/data/web-scraping,"سحب البيانات المرئية من مواقع الأنترنت (""ويب سكرابنغ"")",https://khamsat.com/data/web-scraping/1917486-%D8%B3%D8%AD%D8%A8-%D8%A7%D9%84%D8%A8%D9%8A%D8%A7%D9%86%D8%A7%D8%AA-%D8%A7%D9%84%D9%85%D8%B1%D8%A6%D9%8A%D8%A9-%D9%85%D9%86-%D9%85%D9%88%D8%A7%D9%82%D8%B9-%D8%A7%D9%84%D8%A3%D9%86%D8%AA%D8%B1%D9%86%D8%AA-%D9%88%D9%8A%D8%A8-%D8%B3%D9%83%D8%B1%D8%A7%D8%A8%D9%86%D8%BA,5.0,9,28 دقيقة,10,0,$5.00,يوم واحد,9,3,155.0,عامر ش.,https://khamsat.com/user/ameur1812,True,بائع نشيط,5.0,17,88.89%,3,21,5 ساعات
بيانات,https://khamsat.com/data,استخراج البيانات,https://khamsat.com/data/web-scraping,إستخراج و تنقيب البيانات من مواقع الانترنت (Web Scraping),https://khamsat.com/data/web-scraping/1169810-%D8%A5%D8%B3%D8%AA%D8%AE%D8%B1%D8%A7%D8%AC-%D9%88-%D8%AA%D9%86%D9%82%D9%8A%D8%A8-%D8%A7%D9%84%D8%A8%D9%8A%D8%A7%D9%86%D8%A7%D8%AA-%D9%85%D9%86-%D9%85%D9%88%D8%A7%D9%82%D8%B9-%D8%A7%D9%84%D8%A7%D9%86%D8%AA%D8%B1%D9%86%D8%AA-web-scraping,5.0,60,ساعة,70,0,$5.00,يومين,25,5,215.0,حسام الدين ج.,https://khamsat.com/user/%D8%AD%D8%B3%D8%A7%D9%85-%D8%A7%D9%84%D8%AF%D9%8A%D9%86-%D8%AC%D9%85%D8%A7%D9%84-%D8%B3%D9%8A%D8%AF,True,بائع مميز,5.0,69,95.56%,3,86,4 ساعات
بيانات,https://khamsat.com/data,استخراج البيانات,https://khamsat.com/data/web-scraping,قائمة مكاتب المحاماة والاستشارات القانونية في السعودية,https://khamsat.com/data/web-scraping/2586641-%D9%82%D8%A7%D8%A6%D9%85%D8%A9-%D9%85%D9%83%D8%A7%D8%AA%D8%A8-%D8%A7%D9%84%D9%85%D8%AD%D8%A7%D9%85%D8%A7%D8%A9-%D9%88%D8%A7%D9%84%D8%A7%D8%B3%D8%AA%D8%B4%D8%A7%D8%B1%D8%A7%D8%AA-%D8%A7%D9%84%D9%82%D8%A7%D9%86%D9%88%D9%86%D9%8A%D8%A9-%D9%81%D9%8A-%D8%A7%D9%84%D8%B3%D8%B9%D9%88%D8%AF%D9%8A%D8%A9,5.0,2,ساعة,5,0,$5.00,يوم واحد,2,0,0.0,.Hazem Y,https://khamsat.com/user/hazem_yasser2025,True,بائع نشيط,4.5,17,97.37%,9,31,57 دقيقة
بيانات,https://khamsat.com/data,استخراج البيانات,https://khamsat.com/data/web-scraping,استخراج البيانات من المواقع الاكترونية,https://khamsat.com/data/web-scraping/2906788-%D8%A7%D8%B3%D8%AA%D8%AE%D8%B1%D8%A7%D8%AC-%D8%A7%D9%84%D8%A8%D9%8A%D8%A7%D9%86%D8%A7%D8%AA-%D9%85%D9%86-%D8%A7%D9%84%D9%85%D9%88%D8%A7%D9%82%D8%B9-%D8%A7%D9%84%D8%A7%D9%83%D8%AA%D8%B1%D9%88%D9%86%D9%8A%D8%A9,5.0,2,ساعة,2,0,$5.00,يوم واحد,2,4,125.0,.Bassel F,https://khamsat.com/user/bassel-fathy,True,بائع جديد,5.0,2,100.0%,4,2,ساعة
بيانات,https://khamsat.com/data,استخراج البيانات,https://khamsat.com/data/web-scraping,استخراج بيانات مصانع سعوديه من المركز الوطني السعودي,https://khamsat.com/data/web-scraping/2768855-%D8%A7%D8%B3%D8%AA%D8%AE%D8%B1%D8%A7%D8%AC-%D8%A8%D9%8A%D8%A7%D9%86%D8%A7%D8%AA-%D9%85%D8%B5%D8%A7%D9%86%D8%B9-%D8%B3%D8%B9%D9%88%D8%AF%D9%8A%D9%87-%D9%85%D9%86-%D8%A7%D9%84%D9%85%D8%B1%D9%83%D8%B2-%D8%A7%D9%84%D9%88%D8%B7%D9%86%D9%8A-%D8%A7%D9%84%D8%B3%D8%B9%D9%88%D8%AF%D9%8A,5.0,7,3 دقائق,9,0,$5.00,يومين,7,3,30.0,.Ahmed K,https://khamsat.com/user/ahmed11560,True,بائع مميز,5.0,49,98.65%,4,50,ساعة
بيانات,https://khamsat.com/data,استخراج البيانات,https://khamsat.com/data/web-scraping,استخراج البيانات 1500كلمة من مواقع الويب وتحويلها إلى Excel,https://khamsat.com/data/web-scraping/1409862-%D8%A7%D8%B3%D8%AA%D8%AE%D8%B1%D8%A7%D8%AC-%D8%A7%D9%84%D8%A8%D9%8A%D8%A7%D9%86%D8%A7%D8%AA-1500%D9%83%D9%84%D9%85%D8%A9-%D9%85%D9%86-%D9%85%D9%88%D8%A7%D9%82%D8%B9-%D8%A7%D9%84%D9%88%D9%8A%D8%A8-%D9%88%D8%AA%D8%AD%D9%88%D9%8A%D9%84%D9%87%D8%A7-%D8%A5%D9%84%D9%89-excel,5.0,10,ساعتين,14,0,$5.00,يوم واحد,10,3,65.0,.Asmaa G,https://khamsat.com/user/asmaa_gomaa503,True,بائع مميز,5.0,44,89.52%,5,52,4 ساعات
بيانات,https://khamsat.com/data,استخراج البيانات,https://khamsat.com/data/web-scraping,Extract data from Google Maps|سحب بينات غوغل مابس في دقائق,https://khamsat.com/data/web-scraping/2302671-extract-data-from-google-maps%D8%B3%D8%AD%D8%A8-%D8%A8%D9%8A%D9%86%D8%A7%D8%AA-%D8%BA%D9%88%D8%BA%D9%84-%D9%85%D8%A7%D8%A8%D8%B3-%D9%81%D9%8A-%D8%AF%D9%82%D8%A7%D8%A6%D9%82,5.0,8,11 دقيقة,11,0,$5.00,يوم واحد,8,2,45.0,عامر ش.,https://khamsat.com/user/ameur1812,True,بائع نشيط,5.0,17,88.89%,3,21,5 ساعات
بيانات,https://khamsat.com/data,استخراج البيانات,https://khamsat.com/data/web-scraping,سأقوم أليـــا باستخراج البيانات من مختلف المواقع الالكترونية,https://khamsat.com/data/web-scraping/2556233-%D8%B3%D8%A3%D9%82%D9%88%D9%85-%D8%A3%D9%84%D9%8A%D9%80%D9%80%D9%80%D8%A7-%D8%A8%D8%A7%D8%B3%D8%AA%D8%AE%D8%B1%D8%A7%D8%AC-%D8%A7%D9%84%D8%A8%D9%8A%D8%A7%D9%86%D8%A7%D8%AA-%D9%85%D9%86-%D9%85%D8%AE%D8%AA%D9%84%D9%81-%D8%A7%D9%84%D9%85%D9%88%D8%A7%D9%82%D8%B9-%D8%A7%D9%84%D8%A7%D9%84%D9%83%D8%AA%D8%B1%D9%88%D9%86%D9%8A%D8%A9,5.0,2,3 أيام,3,0,$5.00,يوم واحد,2,4,130.0,.Abd El Halim E,https://khamsat.com/user/el_mokhtar_1430,True,بائع مميز,5.0,62,90.07%,9,77,13 ساعة
بيانات,https://khamsat.com/data,استخراج البيانات,https://khamsat.com/data/web-scraping,استخراج داتا Google Maps بيانات خرائط جوجل مصنفة,https://khamsat.com/data/web-scraping/2902786-%D8%A7%D8%B3%D8%AA%D8%AE%D8%B1%D8%A7%D8%AC-%D8%AF%D8%A7%D8%AA%D8%A7-google-maps-%D8%A8%D9%8A%D8%A7%D9%86%D8%A7%D8%AA-%D8%AE%D8%B1%D8%A7%D8%A6%D8%B7-%D8%AC%D9%88%D8%AC%D9%84-%D9%85%D8%B5%D9%86%D9%81%D8%A9,5.0,5,ساعتين,6,0,$5.00,يومين,5,3,15.0,.Aml A,https://khamsat.com/user/amlahmed89,True,بائع نشيط,5.0,10,100.0%,5,14,3 ساعات
بيانات,https://khamsat.com/data,جمع البيانات,https://khamsat.com/data/data-collection,تصميم استمارات واستبيانات إبداعية لنتائج دقيقة وتنظيم مثالي,https://khamsat.com/data/data-collection/3043281-%D8%AA%D8%B5%D9%85%D9%8A%D9%85-%D8%A7%D8%B3%D8%AA%D9%85%D8%A7%D8%B1%D8%A7%D8%AA-%D9%88%D8%A7%D8%B3%D8%AA%D8%A8%D9%8A%D8%A7%D9%86%D8%A7%D8%AA-%D8%A5%D8%A8%D8%AF%D8%A7%D8%B9%D9%8A%D8%A9-%D9%84%D9%86%D8%AA%D8%A7%D8%A6%D8%AC-%D8%AF%D9%82%D9%8A%D9%82%D8%A9-%D9%88%D8%AA%D9%86%D8%B8%D9%8A%D9%85-%D9%85%D8%AB%D8%A7%D9%84%D9%8A,5.0,1,لم يحسب,1,0,$25.00,يومين,1,5,425.0,.Marwan A,https://khamsat.com/user/aoubaida,True,بائع مميز,5.0,68,92.99%,2,72,3 دقائق
بيانات,https://khamsat.com/data,جمع البيانات,https://khamsat.com/data/data-collection,سحب داتا شركات من خرائط جوجل وترتيبها في جدول اكسل,https://khamsat.com/data/data-collection/2967782-%D8%B3%D8%AD%D8%A8-%D8%AF%D8%A7%D8%AA%D8%A7-%D8%B4%D8%B1%D9%83%D8%A7%D8%AA-%D9%85%D9%86-%D8%AE%D8%B1%D8%A7%D8%A6%D8%B7-%D8%AC%D9%88%D8%AC%D9%84-%D9%88%D8%AA%D8%B1%D8%AA%D9%8A%D8%A8%D9%87%D8%A7-%D9%81%D9%8A-%D8%AC%D8%AF%D9%88%D9%84-%D8%A7%D9%83%D8%B3%D9%84,5.0,3,26 دقيقة,4,0,$10.00,يومين,3,5,275.0,أحمد منتصر ح.,https://khamsat.com/user/montaser_hallak,True,مشتري مميز,5.0,4,100.0%,5,5,14 دقيقة
بيانات,https://khamsat.com/data,جمع البيانات,https://khamsat.com/data/data-collection,أضافة ردود على الاستبيانات,https://khamsat.com/data/data-collection/2880925-%D8%A3%D8%B6%D8%A7%D9%81%D8%A9-%D8%B1%D8%AF%D9%88%D8%AF-%D8%B9%D9%84%D9%89-%D8%A7%D9%84%D8%A7%D8%B3%D8%AA%D8%A8%D9%8A%D8%A7%D9%86%D8%A7%D8%AA,5.0,21,7 ساعات,40,3,$15.00,يومين,21,4,165.0,رؤى ع.,https://khamsat.com/user/roua_abdulfatah,True,بائع مميز,5.0,22,95.0%,2,40,3 ساعات
بيانات,https://khamsat.com/data,جمع البيانات,https://khamsat.com/data/data-collection,جمع مشاركين لملء استبيانات,https://khamsat.com/data/data-collection/2091136-%D8%AC%D9%85%D8%B9-%D9%85%D8%B4%D8%A7%D8%B1%D9%83%D9%8A%D9%86-%D9%84%D9%85%D9%84%D8%A1-%D8%A7%D8%B3%D8%AA%D8%A8%D9%8A%D8%A7%D9%86%D8%A7%D8%AA,4.5,54,ساعة,86,1,$10.00,ثلاثة أيام,25,5,265.0,.Ali A,https://khamsat.com/user/ali_alkhateeb,True,بائع مميز,4.5,56,93.83%,3,86,5 ساعات
بيانات,https://khamsat.com/data,جمع البيانات,https://khamsat.com/data/data-collection,جمع وتعبئه استبيانات ( نماذج ),https://khamsat.com/data/data-collection/2642530-%D8%AC%D9%85%D8%B9-%D9%88%D8%AA%D8%B9%D8%A8%D8%A6%D9%87-%D8%A7%D8%B3%D8%AA%D8%A8%D9%8A%D8%A7%D9%86%D8%A7%D8%AA-%D9%86%D9%85%D8%A7%D8%B0%D8%AC,5.0,1,21 دقيقة,1,0,$5.00,يوم واحد,1,5,130.0,.Islam S,https://khamsat.com/user/islamsaidmohamed,True,بائع جديد,5.0,2,66.67%,3,2,4 ساعات
بيانات,https://khamsat.com/data,جمع البيانات,https://khamsat.com/data/data-collection,قائمة مكاتب وشركات المحاماه في المملكة العربية السعودية,https://khamsat.com/data/data-collection/2916598-%D9%82%D8%A7%D8%A6%D9%85%D8%A9-%D9%85%D9%83%D8%A7%D8%AA%D8%A8-%D9%88%D8%B4%D8%B1%D9%83%D8%A7%D8%AA-%D8%A7%D9%84%D9%85%D8%AD%D8%A7%D9%85%D8%A7%D9%87-%D9%81%D9%8A-%D8%A7%D9%84%D9%85%D9%85%D9%84%D9%83%D8%A9-%D8%A7%D9%84%D8%B9%D8%B1%D8%A8%D9%8A%D8%A9-%D8%A7%D9%84%D8%B3%D8%B9%D9%88%D8%AF%D9%8A%D8%A9,5.0,4,14 دقيقة,10,0,$5.00,يوم واحد,4,3,30.0,.Hazem Y,https://khamsat.com/user/hazem_yasser2025,True,بائع نشيط,4.5,17,97.37%,9,31,57 دقيقة
بيانات,https://khamsat.com/data,جمع البيانات,https://khamsat.com/data/data-collection,نموذج فتح حساب اجل للشركات والمؤسسات,https://khamsat.com/data/data-collection/2794357-%D9%86%D9%85%D9%88%D8%B0%D8%AC-%D9%81%D8%AA%D8%AD-%D8%AD%D8%B3%D8%A7%D8%A8-%D8%A7%D8%AC%D9%84-%D9%84%D9%84%D8%B4%D8%B1%D9%83%D8%A7%D8%AA-%D9%88%D8%A7%D9%84%D9%85%D8%A4%D8%B3%D8%B3%D8%A7%D8%AA,3.5,3,يوم,12,0,$20.00,يوم واحد,3,1,15.0,.Mohamad A,https://khamsat.com/user/moh_sad,True,بائع نشيط,3.5,4,100.0%,9,14,23 ساعة
بيانات,https://khamsat.com/data,جمع البيانات,https://khamsat.com/data/data-collection,قائمة بإيميلات قسم المشتريات شركة بالسعودية,https://khamsat.com/data/data-collection/2849337-%D9%82%D8%A7%D8%A6%D9%85%D8%A9-%D8%A8%D8%A5%D9%8A%D9%85%D9%8A%D9%84%D8%A7%D8%AA-%D9%82%D8%B3%D9%85-%D8%A7%D9%84%D9%85%D8%B4%D8%AA%D8%B1%D9%8A%D8%A7%D8%AA-%D8%B4%D8%B1%D9%83%D8%A9-%D8%A8%D8%A7%D9%84%D8%B3%D8%B9%D9%88%D8%AF%D9%8A%D8%A9,4.0,1,16 ساعة,6,0,$10.00,يوم واحد,1,0,0.0,.Mahmoud O,https://khamsat.com/user/mahmood7221,False,بائع نشيط,5.0,3,82.35%,3,13,10 ساعات
بيانات,https://khamsat.com/data,جمع البيانات,https://khamsat.com/data/data-collection,تعبئة استبيانات بسعر رمزي,https://khamsat.com/data/data-collection/1881837-%D8%AA%D8%B9%D8%A8%D8%A6%D8%A9-%D8%A7%D8%B3%D8%AA%D8%A8%D9%8A%D8%A7%D9%86%D8%A7%D8%AA-%D8%A8%D8%B3%D8%B9%D8%B1-%D8%B1%D9%85%D8%B2%D9%8A,3.5,5,ساعتين,7,0,$5.00,يوم واحد,5,2,55.0,.Eman A,https://khamsat.com/user/eman_z,True,بائع نشيط,5.0,17,64.62%,2,20,5 ساعات
بيانات,https://khamsat.com/data,جمع البيانات,https://khamsat.com/data/data-collection,تصميم نماذج غوغل فورم Google Forms وانشاء استبيان,https://khamsat.com/data/data-collection/2591419-%D8%AA%D8%B5%D9%85%D9%8A%D9%85-%D9%86%D9%85%D8%A7%D8%B0%D8%AC-%D8%BA%D9%88%D8%BA%D9%84-%D9%81%D9%88%D8%B1%D9%85-google-forms-%D9%88%D8%A7%D9%86%D8%B4%D8%A7%D8%A1-%D8%A7%D8%B3%D8%AA%D8%A8%D9%8A%D8%A7%D9%86,5.0,19,ساعتين,23,0,$5.00,يوم واحد,19,1,20.0,.Dina Y,https://khamsat.com/user/dinayoussef669,True,بائع مميز,5.0,65,97.67%,10,54,5 ساعات
بيانات,https://khamsat.com/data,جمع البيانات,https://khamsat.com/data/data-collection,تصميم استبيان الكتروني لتجميع الاستجوابات لتحليل بحثك العملي,https://khamsat.com/data/data-collection/2970724-%D8%AA%D8%B5%D9%85%D9%8A%D9%85-%D8%A7%D8%B3%D8%AA%D8%A8%D9%8A%D8%A7%D9%86-%D8%A7%D9%84%D9%83%D8%AA%D8%B1%D9%88%D9%86%D9%8A-%D9%84%D8%AA%D8%AC%D9%85%D9%8A%D8%B9-%D8%A7%D9%84%D8%A7%D8%B3%D8%AA%D8%AC%D9%88%D8%A7%D8%A8%D8%A7%D8%AA-%D9%84%D8%AA%D8%AD%D9%84%D9%8A%D9%84-%D8%A8%D8%AD%D8%AB%D9%83-%D8%A7%D9%84%D8%B9%D9%85%D9%84%D9%8A,5.0,1,4 ساعات,1,0,$5.00,يوم واحد,1,4,115.0,.Paula F,https://khamsat.com/user/masry_fouad,True,بائع مميز,5.0,58,93.24%,11,48,ساعتين
بيانات,https://khamsat.com/data,جمع البيانات,https://khamsat.com/data/data-collection,تعبئة نموذج استبانات لمشاريع دراسية وابحاث,https://khamsat.com/data/data-collection/2082298-%D8%AA%D8%B9%D8%A8%D8%A6%D8%A9-%D9%86%D9%85%D9%88%D8%B0%D8%AC-%D8%A7%D8%B3%D8%AA%D8%A8%D8%A7%D9%86%D8%A7%D8%AA-%D9%84%D9%85%D8%B4%D8%A7%D8%B1%D9%8A%D8%B9-%D8%AF%D8%B1%D8%A7%D8%B3%D9%8A%D8%A9-%D9%88%D8%A7%D8%A8%D8%AD%D8%A7%D8%AB,5.0,9,5 ساعات,15,0,$5.00,يومين,9,4,85.0,جاسم م.,https://khamsat.com/user/jassem_shehadeh93,True,بائع نشيط,5.0,9,88.0%,2,15,ساعة
بيانات,https://khamsat.com/data,جمع البيانات,https://khamsat.com/data/data-collection,عمل اختبارات واستبيانات على نماذج غوغل فورم google form,https://khamsat.com/data/data-collection/1592873-%D8%B9%D9%85%D9%84-%D8%A7%D8%AE%D8%AA%D8%A8%D8%A7%D8%B1%D8%A7%D8%AA-%D9%88%D8%A7%D8%B3%D8%AA%D8%A8%D9%8A%D8%A7%D9%86%D8%A7%D8%AA-%D8%B9%D9%84%D9%89-%D9%86%D9%85%D8%A7%D8%B0%D8%AC-%D8%BA%D9%88%D8%BA%D9%84-%D9%81%D9%88%D8%B1%D9%85-google-form,5.0,46,5 ساعات,71,0,$5.00,يوم واحد,25,4,80.0,.Amir N,https://khamsat.com/user/miro0o,True,بائع مميز,5.0,54,92.62%,7,83,11 ساعة
بيانات,https://khamsat.com/data,جمع البيانات,https://khamsat.com/data/data-collection,عمل بحث على الانترنت وجمع المعلومات وتنسيقها عربي أوانجليزي,https://khamsat.com/data/data-collection/2772571-%D8%B9%D9%85%D9%84-%D8%A8%D8%AD%D8%AB-%D8%B9%D9%84%D9%89-%D8%A7%D9%84%D8%A7%D9%86%D8%AA%D8%B1%D9%86%D8%AA-%D9%88%D8%AC%D9%85%D8%B9-%D8%A7%D9%84%D9%85%D8%B9%D9%84%D9%88%D9%85%D8%A7%D8%AA-%D9%88%D8%AA%D9%86%D8%B3%D9%8A%D9%82%D9%87%D8%A7-%D8%B9%D8%B1%D8%A8%D9%8A-%D8%A3%D9%88%D8%A7%D9%86%D8%AC%D9%84%D9%8A%D8%B2%D9%8A,5.0,11,يوم,11,2,$5.00,يومين,11,4,50.0,سالي س.,https://khamsat.com/user/sallyelkhateeb,True,بائع نشيط,5.0,12,94.44%,6,12,17 ساعة
بيانات,https://khamsat.com/data,جمع البيانات,https://khamsat.com/data/data-collection,صناعة الاختبارات و الاستبيانات على google forms,https://khamsat.com/data/data-collection/1781742-%D8%B5%D9%86%D8%A7%D8%B9%D8%A9-%D8%A7%D9%84%D8%A7%D8%AE%D8%AA%D8%A8%D8%A7%D8%B1%D8%A7%D8%AA-%D9%88-%D8%A7%D9%84%D8%A7%D8%B3%D8%AA%D8%A8%D9%8A%D8%A7%D9%86%D8%A7%D8%AA-%D8%B9%D9%84%D9%89-google-forms,5.0,2,6 ساعات,2,0,$5.00,يوم واحد,2,1,5.0,.Sarhan E,https://khamsat.com/user/sarhan_emad_sarhan,True,بائع جديد,5.0,3,100.0%,2,2,6 ساعات
بيانات,https://khamsat.com/data,جمع البيانات,https://khamsat.com/data/data-collection,إنشاء استبيان أو اختبار باستخدام نماذج غوغل google forms,https://khamsat.com/data/data-collection/2779577-%D8%A5%D9%86%D8%B4%D8%A7%D8%A1-%D8%A7%D8%B3%D8%AA%D8%A8%D9%8A%D8%A7%D9%86-%D8%A3%D9%88-%D8%A7%D8%AE%D8%AA%D8%A8%D8%A7%D8%B1-%D8%A8%D8%A7%D8%B3%D8%AA%D8%AE%D8%AF%D8%A7%D9%85-%D9%86%D9%85%D8%A7%D8%B0%D8%AC-%D8%BA%D9%88%D8%BA%D9%84-google-forms,5.0,2,ساعتين,2,0,$5.00,يوم واحد,2,5,35.0,لين د.,https://khamsat.com/user/leendrbas,True,بائع مميز,5.0,48,100.0%,4,53,ساعة
بيانات,https://khamsat.com/data,جمع البيانات,https://khamsat.com/data/data-collection,استخراج بيانات شركات سعوديه في جميع المجالات,https://khamsat.com/data/data-collection/2857676-%D8%A7%D8%B3%D8%AA%D8%AE%D8%B1%D8%A7%D8%AC-%D8%A8%D9%8A%D8%A7%D9%86%D8%A7%D8%AA-%D8%B4%D8%B1%D9%83%D8%A7%D8%AA-%D8%B3%D8%B9%D9%88%D8%AF%D9%8A%D9%87-%D9%81%D9%8A-%D8%AC%D9%85%D9%8A%D8%B9-%D8%A7%D9%84%D9%85%D8%AC%D8%A7%D9%84%D8%A7%D8%AA,5.0,1,8 دقائق,2,0,$5.00,يوم واحد,1,0,0.0,.Mahmoud N,https://khamsat.com/user/mahoud_nasser,True,بائع نشيط,4.5,7,85.0%,4,8,3 ساعات
بيانات,https://khamsat.com/data,جمع البيانات,https://khamsat.com/data/data-collection,تصميم نماذج جوجل Google Forms احترافية,https://khamsat.com/data/data-collection/2944775-%D8%AA%D8%B5%D9%85%D9%8A%D9%85-%D9%86%D9%85%D8%A7%D8%B0%D8%AC-%D8%AC%D9%88%D8%AC%D9%84-google-forms-%D8%A7%D8%AD%D8%AA%D8%B1%D8%A7%D9%81%D9%8A%D8%A9,5.0,1,دقيقتين,1,0,$5.00,يوم واحد,1,0,0.0,.Dena A,https://khamsat.com/user/denaalashqar,True,بائع جديد,5.0,1,100.0%,1,1,دقيقتين
بيانات,https://khamsat.com/data,جمع البيانات,https://khamsat.com/data/data-collection,تصميم استبيان ورقي + الكتروني على جوجل فورم,https://khamsat.com/data/data-collection/2733699-%D8%AA%D8%B5%D9%85%D9%8A%D9%85-%D8%A7%D8%B3%D8%AA%D8%A8%D9%8A%D8%A7%D9%86-%D9%88%D8%B1%D9%82%D9%8A-%D8%A7%D9%84%D9%83%D8%AA%D8%B1%D9%88%D9%86%D9%8A-%D8%B9%D9%84%D9%89-%D8%AC%D9%88%D8%AC%D9%84-%D9%81%D9%88%D8%B1%D9%85,5.0,1,6 ساعات,1,0,$10.00,يوم واحد,1,0,0.0,المعز ع.,https://khamsat.com/user/almoez3,True,بائع نشيط,5.0,10,65.63%,7,6,يوم
بيانات,https://khamsat.com/data,جمع البيانات,https://khamsat.com/data/data-collection,اعطيك 20 موقع عبر العالم لبيع اي منتج بين يديك مضمون و مجربة,https://khamsat.com/data/data-collection/856257-%D8%A7%D8%B9%D8%B7%D9%8A%D9%83-20-%D9%85%D9%88%D9%82%D8%B9-%D8%B9%D8%A8%D8%B1-%D8%A7%D9%84%D8%B9%D8%A7%D9%84%D9%85-%D9%84%D8%A8%D9%8A%D8%B9-%D8%A7%D9%8A-%D9%85%D9%86%D8%AA%D8%AC-%D8%A8%D9%8A%D9%86-%D9%8A%D8%AF%D9%8A%D9%83-%D9%85%D8%B6%D9%85%D9%88%D9%86-%D9%88-%D9%85%D8%AC%D8%B1%D8%A8%D8%A9,5.0,1,يوم,4,0,$5.00,يوم واحد,1,2,35.0,.Abderrazak B,https://khamsat.com/user/barhoum-abderrazak,True,بائع جديد,5.0,3,100.0%,2,6,3 أيام
بيانات,https://khamsat.com/data,جمع البيانات,https://khamsat.com/data/data-collection,تصميم نماذج فورم ، Google form,https://khamsat.com/data/data-collection/2578813-%D8%AA%D8%B5%D9%85%D9%8A%D9%85-%D9%86%D9%85%D8%A7%D8%B0%D8%AC-%D9%81%D9%88%D8%B1%D9%85-google-form,4.5,2,31 دقيقة,2,0,$5.00,يوم واحد,2,2,70.0,.Abedallh A,https://khamsat.com/user/abedallh_99,True,بائع مميز,3.5,21,86.67%,8,24,47 دقيقة
بيانات,https://khamsat.com/data,جمع البيانات,https://khamsat.com/data/data-collection,عمل استبيان عن أي موضوع تختاره,https://khamsat.com/data/data-collection/1367969-%D8%B9%D9%85%D9%84-%D8%A7%D8%B3%D8%AA%D8%A8%D9%8A%D8%A7%D9%86-%D8%B9%D9%86-%D8%A3%D9%8A-%D9%85%D9%88%D8%B6%D9%88%D8%B9-%D8%AA%D8%AE%D8%AA%D8%A7%D8%B1%D9%87,4.5,15,ساعة,27,0,$10.00,يومين,15,3,15.0,.Omar A,https://khamsat.com/user/shaban-muslmani,True,بائع مميز,4.5,60,90.5%,5,86,ساعة
بيانات,https://khamsat.com/data,جمع البيانات,https://khamsat.com/data/data-collection,انشاء اختبار او استبيان او نموذج باستخدام Google Forms,https://khamsat.com/data/data-collection/2503580-%D8%A7%D9%86%D8%B4%D8%A7%D8%A1-%D8%A7%D8%AE%D8%AA%D8%A8%D8%A7%D8%B1-%D8%A7%D9%88-%D8%A7%D8%B3%D8%AA%D8%A8%D9%8A%D8%A7%D9%86-%D8%A7%D9%88-%D9%86%D9%85%D9%88%D8%B0%D8%AC-%D8%A8%D8%A7%D8%B3%D8%AA%D8%AE%D8%AF%D8%A7%D9%85-google-forms,5.0,10,ساعة,15,0,$5.00,يوم واحد,10,2,10.0,صالح ع.,https://khamsat.com/user/salihformat,True,بائع مميز,5.0,40,98.8%,8,51,ساعتين
بيانات,https://khamsat.com/data,جمع البيانات,https://khamsat.com/data/data-collection,تصميم إستبيانات على جوجل درايف,https://khamsat.com/data/data-collection/1338446-%D8%AA%D8%B5%D9%85%D9%8A%D9%85-%D8%A5%D8%B3%D8%AA%D8%A8%D9%8A%D8%A7%D9%86%D8%A7%D8%AA-%D8%B9%D9%84%D9%89-%D8%AC%D9%88%D8%AC%D9%84-%D8%AF%D8%B1%D8%A7%D9%8A%D9%81,5.0,1,4 ساعات,1,0,$5.00,يومين,1,0,0.0,.Asmaa A,https://khamsat.com/user/%D8%A7%D8%B3%D9%85%D8%A7%D8%A1-%D8%B9%D8%A8%D8%AF%D8%A7%D9%84%D8%AD%D9%81%D9%8A%D8%B8,True,بائع مميز,4.5,39,89.37%,3,45,7 ساعات
بيانات,https://khamsat.com/data,جمع البيانات,https://khamsat.com/data/data-collection,إنشاء استبيان الكتروني,https://khamsat.com/data/data-collection/664423-%D8%A5%D9%86%D8%B4%D8%A7%D8%A1-%D8%A7%D8%B3%D8%AA%D8%A8%D9%8A%D8%A7%D9%86-%D8%A7%D9%84%D9%83%D8%AA%D8%B1%D9%88%D9%86%D9%8A,4.5,11,يوم,11,0,$5.00,يوم واحد,11,0,0.0,صبحي ب.,https://khamsat.com/user/%D8%B5%D8%A8%D8%AD%D9%8A-%D8%A8%D9%83%D9%88%D8%B4,True,بائع مميز,5.0,25,89.57%,3,32,17 ساعة
بيانات,https://khamsat.com/data,جمع البيانات,https://khamsat.com/data/data-collection,جوجل فورم google form اختبارات استبيانات طلبات توظيف,https://khamsat.com/data/data-collection/2866767-%D8%AC%D9%88%D8%AC%D9%84-%D9%81%D9%88%D8%B1%D9%85-google-form-%D8%A7%D8%AE%D8%AA%D8%A8%D8%A7%D8%B1%D8%A7%D8%AA-%D8%A7%D8%B3%D8%AA%D8%A8%D9%8A%D8%A7%D9%86%D8%A7%D8%AA-%D8%B7%D9%84%D8%A8%D8%A7%D8%AA-%D8%AA%D9%88%D8%B8%D9%8A%D9%81,5.0,6,ساعة,8,0,$5.00,يوم واحد,6,4,25.0,.Ereny F,https://khamsat.com/user/ereny_samir,True,بائع مميز,5.0,30,100.0%,9,28,ساعة
بيانات,https://khamsat.com/data,جمع البيانات,https://khamsat.com/data/data-collection,تصميم نماذج جوجل google forms,https://khamsat.com/data/data-collection/2411478-%D8%AA%D8%B5%D9%85%D9%8A%D9%85-%D9%86%D9%85%D8%A7%D8%B0%D8%AC-%D8%AC%D9%88%D8%AC%D9%84-google-forms,4.5,4,32 دقيقة,6,0,$5.00,يوم واحد,4,2,45.0,جميل ح.,https://khamsat.com/user/jameelkhamdan_99,True,بائع مميز,5.0,33,88.71%,8,34,ساعتين
بيانات,https://khamsat.com/data,جمع البيانات,https://khamsat.com/data/data-collection,بيانات المجمعات الطبية بالسعودية Medical Complexes Data,https://khamsat.com/data/data-collection/2820006-%D8%A8%D9%8A%D8%A7%D9%86%D8%A7%D8%AA-%D8%A7%D9%84%D9%85%D8%AC%D9%85%D8%B9%D8%A7%D8%AA-%D8%A7%D9%84%D8%B7%D8%A8%D9%8A%D8%A9-%D8%A8%D8%A7%D9%84%D8%B3%D8%B9%D9%88%D8%AF%D9%8A%D8%A9-medical-complexes-data,0.0,0,50 دقيقة,1,0,$10.00,يوم واحد,0,0,0.0,.Bahmed B,https://khamsat.com/user/ahmed-hamidi,True,بائع مميز,5.0,35,96.0%,6,40,4 ساعات
بيانات,https://khamsat.com/data,جمع البيانات,https://khamsat.com/data/data-collection,إنشاء استبيان أو اختبار إلكتروني باستخدام نماذج Google,https://khamsat.com/data/data-collection/1780301-%D8%A5%D9%86%D8%B4%D8%A7%D8%A1-%D8%A7%D8%B3%D8%AA%D8%A8%D9%8A%D8%A7%D9%86-%D8%A3%D9%88-%D8%A7%D8%AE%D8%AA%D8%A8%D8%A7%D8%B1-%D8%A5%D9%84%D9%83%D8%AA%D8%B1%D9%88%D9%86%D9%8A-%D8%A8%D8%A7%D8%B3%D8%AA%D8%AE%D8%AF%D8%A7%D9%85-%D9%86%D9%85%D8%A7%D8%B0%D8%AC-google,5.0,3,ساعتين,3,0,$5.00,يوم واحد,3,1,5.0,شيماء أ.,https://khamsat.com/user/shimaaoda,True,بائع جديد,5.0,9,100.0%,4,7,ساعة
بيانات,https://khamsat.com/data,جمع البيانات,https://khamsat.com/data/data-collection,"أعلام دول العالم مجتمعه مع أسمائها "" بعاصمة ومساحة كل دولة """,https://khamsat.com/data/data-collection/825277-%D8%A3%D8%B9%D9%84%D8%A7%D9%85-%D8%AF%D9%88%D9%84-%D8%A7%D9%84%D8%B9%D8%A7%D9%84%D9%85-%D9%85%D8%AC%D8%AA%D9%85%D8%B9%D9%87-%D9%85%D8%B9-%D8%A3%D8%B3%D9%85%D8%A7%D8%A6%D9%87%D8%A7-%D8%A8%D8%B9%D8%A7%D8%B5%D9%85%D8%A9-%D9%88%D9%85%D8%B3%D8%A7%D8%AD%D8%A9-%D9%83%D9%84-%D8%AF%D9%88%D9%84%D8%A9,0.0,0,5 ساعات,2,0,$5.00,يوم واحد,0,0,0.0,.Said M,https://khamsat.com/user/saheralialy,True,بائع مميز,5.0,112,72.2%,6,136,يوم
بيانات,https://khamsat.com/data,تحليل البيانات,https://khamsat.com/data/data-analytics,التحليل الاحصائي باستخدام برنامج ( SPSS & Eviews ),https://khamsat.com/data/data-analytics/2477521-%D8%A7%D9%84%D8%AA%D8%AD%D9%84%D9%8A%D9%84-%D8%A7%D9%84%D8%A7%D8%AD%D8%B5%D8%A7%D8%A6%D9%8A-%D8%A8%D8%A7%D8%B3%D8%AA%D8%AE%D8%AF%D8%A7%D9%85-%D8%A8%D8%B1%D9%86%D8%A7%D9%85%D8%AC-spss-eviews,5.0,10,59 دقيقة,10,0,$5.00,يومين,10,5,315.0,.Reda R,https://khamsat.com/user/%D8%B1%D8%B6%D8%A7-%D8%A7%D9%84%D8%A8%D9%84%D8%AA%D8%A7%D8%AC%D9%8A,True,بائع مميز,5.0,29,93.14%,5,31,18 ساعة
بيانات,https://khamsat.com/data,تحليل البيانات,https://khamsat.com/data/data-analytics,التحليل الاحصائي باستخدام برنامج أموس AMOS,https://khamsat.com/data/data-analytics/2453453-%D8%A7%D9%84%D8%AA%D8%AD%D9%84%D9%8A%D9%84-%D8%A7%D9%84%D8%A7%D8%AD%D8%B5%D8%A7%D8%A6%D9%8A-%D8%A8%D8%A7%D8%B3%D8%AA%D8%AE%D8%AF%D8%A7%D9%85-%D8%A8%D8%B1%D9%86%D8%A7%D9%85%D8%AC-%D8%A3%D9%85%D9%88%D8%B3-amos,5.0,1,6 ساعات,2,0,$5.00,يومين,1,5,375.0,.Mohammed A,https://khamsat.com/user/abutaha_moh20,True,بائع مميز,5.0,42,90.6%,2,49,ساعتين
بيانات,https://khamsat.com/data,تحليل البيانات,https://khamsat.com/data/data-analytics,التحليل الاحصائي باستخدام Excel R Minitab SPSS,https://khamsat.com/data/data-analytics/2754573-%D8%A7%D9%84%D8%AA%D8%AD%D9%84%D9%8A%D9%84-%D8%A7%D9%84%D8%A7%D8%AD%D8%B5%D8%A7%D8%A6%D9%8A-%D8%A8%D8%A7%D8%B3%D8%AA%D8%AE%D8%AF%D8%A7%D9%85-excel-r-minitab-spss,5.0,45,30 دقيقة,55,0,$5.00,يوم واحد,25,5,85.0,.Adel D,https://khamsat.com/user/adeldaod,True,بائع مميز,5.0,47,99.22%,3,58,19 دقيقة
بيانات,https://khamsat.com/data,تحليل البيانات,https://khamsat.com/data/data-analytics,تحليل احصائي للاستبيان باستخدام spss,https://khamsat.com/data/data-analytics/2273084-%D8%AA%D8%AD%D9%84%D9%8A%D9%84-%D8%A7%D8%AD%D8%B5%D8%A7%D8%A6%D9%8A-%D9%84%D9%84%D8%A7%D8%B3%D8%AA%D8%A8%D9%8A%D8%A7%D9%86-%D8%A8%D8%A7%D8%B3%D8%AA%D8%AE%D8%AF%D8%A7%D9%85-spss,5.0,14,29 دقيقة,20,0,$5.00,يومين,14,4,75.0,.Nada D,https://khamsat.com/user/nada_djoudi,True,بائع نشيط,5.0,15,90.0%,2,21,6 ساعات
بيانات,https://khamsat.com/data,تحليل البيانات,https://khamsat.com/data/data-analytics,التحليل الإحصائي بإستخدام SPSS,https://khamsat.com/data/data-analytics/2012891-%D8%A7%D9%84%D8%AA%D8%AD%D9%84%D9%8A%D9%84-%D8%A7%D9%84%D8%A5%D8%AD%D8%B5%D8%A7%D8%A6%D9%8A-%D8%A8%D8%A5%D8%B3%D8%AA%D8%AE%D8%AF%D8%A7%D9%85-spss,5.0,55,4 ساعات,85,3,$5.00,يوم واحد,25,5,230.0,أحمد ش.,https://khamsat.com/user/ahmed_naseem,True,بائع مميز,5.0,77,98.18%,4,103,16 ساعة
بيانات,https://khamsat.com/data,تحليل البيانات,https://khamsat.com/data/data-analytics,التحليل الإحصائي باستخدام برنامج SPSS,https://khamsat.com/data/data-analytics/2688941-%D8%A7%D9%84%D8%AA%D8%AD%D9%84%D9%8A%D9%84-%D8%A7%D9%84%D8%A5%D8%AD%D8%B5%D8%A7%D8%A6%D9%8A-%D8%A8%D8%A7%D8%B3%D8%AA%D8%AE%D8%AF%D8%A7%D9%85-%D8%A8%D8%B1%D9%86%D8%A7%D9%85%D8%AC-spss,5.0,21,30 دقيقة,36,0,$10.00,ثلاثة أيام,21,3,30.0,.Sara E,https://khamsat.com/user/sara_ezzat4045,True,بائع مميز,5.0,45,98.83%,11,61,3 ساعات
بيانات,https://khamsat.com/data,تحليل البيانات,https://khamsat.com/data/data-analytics,تحليل احصائي لبيانات باستخدام برامج SPSS، Smart PLS، و NVivo,https://khamsat.com/data/data-analytics/2687377-%D8%AA%D8%AD%D9%84%D9%8A%D9%84-%D8%A7%D8%AD%D8%B5%D8%A7%D8%A6%D9%8A-%D9%84%D8%A8%D9%8A%D8%A7%D9%86%D8%A7%D8%AA-%D8%A8%D8%A7%D8%B3%D8%AA%D8%AE%D8%AF%D8%A7%D9%85-%D8%A8%D8%B1%D8%A7%D9%85%D8%AC-spss-smart-pls-%D9%88-nvivo,5.0,1,4 أيام,4,1,$5.00,يوم واحد,1,0,0.0,.Rania A,https://khamsat.com/user/raniaamri,True,بائع مميز,4.5,29,82.78%,3,42,20 ساعة
بيانات,https://khamsat.com/data,تحليل البيانات,https://khamsat.com/data/data-analytics,تحليل بيانات البحوث الأكاديمية باستعمال الـ SPSS,https://khamsat.com/data/data-analytics/2450869-%D8%AA%D8%AD%D9%84%D9%8A%D9%84-%D8%A8%D9%8A%D8%A7%D9%86%D8%A7%D8%AA-%D8%A7%D9%84%D8%A8%D8%AD%D9%88%D8%AB-%D8%A7%D9%84%D8%A3%D9%83%D8%A7%D8%AF%D9%8A%D9%85%D9%8A%D8%A9-%D8%A8%D8%A7%D8%B3%D8%AA%D8%B9%D9%85%D8%A7%D9%84-%D8%A7%D9%84%D9%80-spss,5.0,31,30 دقيقة,45,1,$5.00,يوم واحد,25,4,95.0,.Chaima Z,https://khamsat.com/user/chaimaztn,True,بائع مميز,5.0,32,98.89%,1,46,30 دقيقة
بيانات,https://khamsat.com/data,تحليل البيانات,https://khamsat.com/data/data-analytics,تحليل استراتيجي لكافة الأعمال والشركات,https://khamsat.com/data/data-analytics/1910620-%D8%AA%D8%AD%D9%84%D9%8A%D9%84-%D8%A7%D8%B3%D8%AA%D8%B1%D8%A7%D8%AA%D9%8A%D8%AC%D9%8A-%D9%84%D9%83%D8%A7%D9%81%D8%A9-%D8%A7%D9%84%D8%A3%D8%B9%D9%85%D8%A7%D9%84-%D9%88%D8%A7%D9%84%D8%B4%D8%B1%D9%83%D8%A7%D8%AA,5.0,15,يوم,28,0,$50.00,يومين,15,5,330.0,إيمان ع.,https://khamsat.com/user/eabdelfattah,True,بائع مميز,5.0,18,84.95%,3,31,يوم
بيانات,https://khamsat.com/data,تحليل البيانات,https://khamsat.com/data/data-analytics,اكسل داشبورد Excel Dashboard,https://khamsat.com/data/data-analytics/2714349-%D8%A7%D9%83%D8%B3%D9%84-%D8%AF%D8%A7%D8%B4%D8%A8%D9%88%D8%B1%D8%AF-excel-dashboard,5.0,63,48 دقيقة,82,0,$10.00,يومين,25,5,85.0,محمد ا.,https://khamsat.com/user/mohamed_elseadawy1,True,بائع مميز,5.0,199,99.55%,6,213,ساعة
بيانات,https://khamsat.com/data,تحليل البيانات,https://khamsat.com/data/data-analytics,التحليل الاحصائي باستخدام برنامج SPSS,https://khamsat.com/data/data-analytics/1076293-%D8%A7%D9%84%D8%AA%D8%AD%D9%84%D9%8A%D9%84-%D8%A7%D9%84%D8%A7%D8%AD%D8%B5%D8%A7%D8%A6%D9%8A-%D8%A8%D8%A7%D8%B3%D8%AA%D8%AE%D8%AF%D8%A7%D9%85-%D8%A8%D8%B1%D9%86%D8%A7%D9%85%D8%AC-spss,5.0,77,7 ساعات,96,1,$30.00,يومين,25,4,185.0,.Hanan M,https://khamsat.com/user/aya7aja,True,بائع مميز,5.0,186,95.9%,5,218,3 ساعات
بيانات,https://khamsat.com/data,تحليل البيانات,https://khamsat.com/data/data-analytics,التحليل الاحصائي باستخدام برنامج AMOS,https://khamsat.com/data/data-analytics/1510571-%D8%A7%D9%84%D8%AA%D8%AD%D9%84%D9%8A%D9%84-%D8%A7%D9%84%D8%A7%D8%AD%D8%B5%D8%A7%D8%A6%D9%8A-%D8%A8%D8%A7%D8%B3%D8%AA%D8%AE%D8%AF%D8%A7%D9%85-%D8%A8%D8%B1%D9%86%D8%A7%D9%85%D8%AC-amos,5.0,9,ساعة,12,0,$5.00,ثلاثة أيام,9,3,170.0,مهند علي ك.,https://khamsat.com/user/mohanadail30,True,بائع مميز,5.0,109,93.72%,5,141,6 ساعات
بيانات,https://khamsat.com/data,تحليل البيانات,https://khamsat.com/data/data-analytics,التحليل الاحصائي باستخدام برنامج spss و برنامج E-views,https://khamsat.com/data/data-analytics/2702345-%D8%A7%D9%84%D8%AA%D8%AD%D9%84%D9%8A%D9%84-%D8%A7%D9%84%D8%A7%D8%AD%D8%B5%D8%A7%D8%A6%D9%8A-%D8%A8%D8%A7%D8%B3%D8%AA%D8%AE%D8%AF%D8%A7%D9%85-%D8%A8%D8%B1%D9%86%D8%A7%D9%85%D8%AC-spss-%D9%88-%D8%A8%D8%B1%D9%86%D8%A7%D9%85%D8%AC-e-views,5.0,8,29 دقيقة,9,0,$5.00,يومين,8,5,315.0,.Hozaifa K,https://khamsat.com/user/hozaifa14,True,بائع نشيط,5.0,8,92.31%,2,9,29 دقيقة
بيانات,https://khamsat.com/data,تحليل البيانات,https://khamsat.com/data/data-analytics,التحليل الاحصائي باستخدام SPSS,https://khamsat.com/data/data-analytics/1419357-%D8%A7%D9%84%D8%AA%D8%AD%D9%84%D9%8A%D9%84-%D8%A7%D9%84%D8%A7%D8%AD%D8%B5%D8%A7%D8%A6%D9%8A-%D8%A8%D8%A7%D8%B3%D8%AA%D8%AE%D8%AF%D8%A7%D9%85-spss,5.0,57,57 دقيقة,89,0,$5.00,ثلاثة أيام,25,3,225.0,مهند علي ك.,https://khamsat.com/user/mohanadail30,True,بائع مميز,5.0,109,93.72%,5,141,6 ساعات
بيانات,https://khamsat.com/data,تحليل البيانات,https://khamsat.com/data/data-analytics,التحليل الإحصائي باستخدام SPSS,https://khamsat.com/data/data-analytics/2928654-%D8%A7%D9%84%D8%AA%D8%AD%D9%84%D9%8A%D9%84-%D8%A7%D9%84%D8%A5%D8%AD%D8%B5%D8%A7%D8%A6%D9%8A-%D8%A8%D8%A7%D8%B3%D8%AA%D8%AE%D8%AF%D8%A7%D9%85-spss,5.0,1,لم يحسب,1,0,$10.00,يوم واحد,1,0,0.0,حيدر ا.,https://khamsat.com/user/%D8%AD%D9%8A%D8%AF%D8%B1-%D9%87%D8%B4%D8%A7%D9%85-%D8%A7%D8%A8%D8%B1%D8%A7%D9%87%D9%8A%D9%85,True,بائع جديد,5.0,1,100.0%,3,1,لم يحسب
بيانات,https://khamsat.com/data,تحليل البيانات,https://khamsat.com/data/data-analytics,التحليل الاحصائي لجميع الرسائل والابحاث EVIEWS SPSS R AMOS,https://khamsat.com/data/data-analytics/2887741-%D8%A7%D9%84%D8%AA%D8%AD%D9%84%D9%8A%D9%84-%D8%A7%D9%84%D8%A7%D8%AD%D8%B5%D8%A7%D8%A6%D9%8A-%D9%84%D8%AC%D9%85%D9%8A%D8%B9-%D8%A7%D9%84%D8%B1%D8%B3%D8%A7%D8%A6%D9%84-%D9%88%D8%A7%D9%84%D8%A7%D8%A8%D8%AD%D8%A7%D8%AB-eviews-spss-r-amos,5.0,4,ساعة,4,0,$10.00,يومين,4,5,260.0,.Ehab A,https://khamsat.com/user/ehab_esmai_ahmed,True,بائع جديد,5.0,5,66.67%,2,4,ساعتين
بيانات,https://khamsat.com/data,تحليل البيانات,https://khamsat.com/data/data-analytics,خدمة التحليل الاحصائي للابحاث بإستخدام IBM SPSS,https://khamsat.com/data/data-analytics/2318049-%D8%AE%D8%AF%D9%85%D8%A9-%D8%A7%D9%84%D8%AA%D8%AD%D9%84%D9%8A%D9%84-%D8%A7%D9%84%D8%A7%D8%AD%D8%B5%D8%A7%D8%A6%D9%8A-%D9%84%D9%84%D8%A7%D8%A8%D8%AD%D8%A7%D8%AB-%D8%A8%D8%A5%D8%B3%D8%AA%D8%AE%D8%AF%D8%A7%D9%85-ibm-spss,5.0,6,5 ساعات,7,0,$5.00,يوم واحد,6,2,50.0,إسماعيل أ.,https://khamsat.com/user/ismaelahmedahmed,True,بائع مميز,4.5,27,86.08%,3,32,5 ساعات
بيانات,https://khamsat.com/data,تحليل البيانات,https://khamsat.com/data/data-analytics,تحليل بيانات وانشاء الجورزم باستخدام تعلم الآلة ML,https://khamsat.com/data/data-analytics/2332958-%D8%AA%D8%AD%D9%84%D9%8A%D9%84-%D8%A8%D9%8A%D8%A7%D9%86%D8%A7%D8%AA-%D9%88%D8%A7%D9%86%D8%B4%D8%A7%D8%A1-%D8%A7%D9%84%D8%AC%D9%88%D8%B1%D8%B2%D9%85-%D8%A8%D8%A7%D8%B3%D8%AA%D8%AE%D8%AF%D8%A7%D9%85-%D8%AA%D8%B9%D9%84%D9%85-%D8%A7%D9%84%D8%A2%D9%84%D8%A9-ml,5.0,8,55 دقيقة,13,0,$10.00,يوم واحد,8,0,0.0,.Omar E,https://khamsat.com/user/omaar-elsherif,True,بائع نشيط,5.0,8,100.0%,1,13,55 دقيقة
بيانات,https://khamsat.com/data,تحليل البيانات,https://khamsat.com/data/data-analytics,التحليل الإحصائي للابحاث والدراسات SPSS R Jamovi,https://khamsat.com/data/data-analytics/2817783-%D8%A7%D9%84%D8%AA%D8%AD%D9%84%D9%8A%D9%84-%D8%A7%D9%84%D8%A5%D8%AD%D8%B5%D8%A7%D8%A6%D9%8A-%D9%84%D9%84%D8%A7%D8%A8%D8%AD%D8%A7%D8%AB-%D9%88%D8%A7%D9%84%D8%AF%D8%B1%D8%A7%D8%B3%D8%A7%D8%AA-spss-r-jamovi,5.0,3,ساعة,3,0,$5.00,يوم واحد,3,3,60.0,ابراهيم ع.,https://khamsat.com/user/first0,True,بائع نشيط,5.0,3,100.0%,1,3,ساعة
بيانات,https://khamsat.com/data,تحليل البيانات,https://khamsat.com/data/data-analytics,تحليل البيانات وعرض رسوم لها وبناء نماذج,https://khamsat.com/data/data-analytics/2965514-%D8%AA%D8%AD%D9%84%D9%8A%D9%84-%D8%A7%D9%84%D8%A8%D9%8A%D8%A7%D9%86%D8%A7%D8%AA-%D9%88%D8%B9%D8%B1%D8%B6-%D8%B1%D8%B3%D9%88%D9%85-%D9%84%D9%87%D8%A7-%D9%88%D8%A8%D9%86%D8%A7%D8%A1-%D9%86%D9%85%D8%A7%D8%B0%D8%AC,5.0,4,12 دقيقة,6,0,$5.00,يوم واحد,4,4,20.0,.Khaled A,https://khamsat.com/user/khaled_abdul_aal_74,True,بائع نشيط,5.0,5,100.0%,4,8,6 دقائق
بيانات,https://khamsat.com/data,تحليل البيانات,https://khamsat.com/data/data-analytics,تحليل البيانات في اكسل ( excel ) مع ترجمتها لتقارير وداشبورد,https://khamsat.com/data/data-analytics/2267044-%D8%AA%D8%AD%D9%84%D9%8A%D9%84-%D8%A7%D9%84%D8%A8%D9%8A%D8%A7%D9%86%D8%A7%D8%AA-%D9%81%D9%8A-%D8%A7%D9%83%D8%B3%D9%84-excel-%D9%85%D8%B9-%D8%AA%D8%B1%D8%AC%D9%85%D8%AA%D9%87%D8%A7-%D9%84%D8%AA%D9%82%D8%A7%D8%B1%D9%8A%D8%B1-%D9%88%D8%AF%D8%A7%D8%B4%D8%A8%D9%88%D8%B1%D8%AF,5.0,29,ساعة,40,1,$5.00,يوم واحد,25,5,115.0,عامر ض.,https://khamsat.com/user/amer_dabaan,True,بائع مميز,5.0,76,99.29%,6,86,49 دقيقة
بيانات,https://khamsat.com/data,تحليل البيانات,https://khamsat.com/data/data-analytics,التحليل الاحصائى للأبحاث الطبية spss,https://khamsat.com/data/data-analytics/2501018-%D8%A7%D9%84%D8%AA%D8%AD%D9%84%D9%8A%D9%84-%D8%A7%D9%84%D8%A7%D8%AD%D8%B5%D8%A7%D8%A6%D9%89-%D9%84%D9%84%D8%A3%D8%A8%D8%AD%D8%A7%D8%AB-%D8%A7%D9%84%D8%B7%D8%A8%D9%8A%D8%A9-spss,5.0,6,يومين,9,0,$10.00,يوم واحد,6,4,140.0,دينا ا.,https://khamsat.com/user/dr_dina787,True,بائع نشيط,5.0,7,85.71%,3,10,21 ساعة
بيانات,https://khamsat.com/data,تحليل البيانات,https://khamsat.com/data/data-analytics,التحليل الاحصائي باستخدام برنامج SPSS,https://khamsat.com/data/data-analytics/2378998-%D8%A7%D9%84%D8%AA%D8%AD%D9%84%D9%8A%D9%84-%D8%A7%D9%84%D8%A7%D8%AD%D8%B5%D8%A7%D8%A6%D9%8A-%D8%A8%D8%A7%D8%B3%D8%AA%D8%AE%D8%AF%D8%A7%D9%85-%D8%A8%D8%B1%D9%86%D8%A7%D9%85%D8%AC-spss,5.0,1,29 دقيقة,3,1,$5.00,يومين,1,5,175.0,.Haneen A,https://khamsat.com/user/haneenal_attar,False,بائع جديد,5.0,3,83.33%,4,3,10 دقائق
بيانات,https://khamsat.com/data,تحليل البيانات,https://khamsat.com/data/data-analytics,تحليل إحصائي للبيانات العلمية والطبية,https://khamsat.com/data/data-analytics/2866669-%D8%AA%D8%AD%D9%84%D9%8A%D9%84-%D8%A5%D8%AD%D8%B5%D8%A7%D8%A6%D9%8A-%D9%84%D9%84%D8%A8%D9%8A%D8%A7%D9%86%D8%A7%D8%AA-%D8%A7%D9%84%D8%B9%D9%84%D9%85%D9%8A%D8%A9-%D9%88%D8%A7%D9%84%D8%B7%D8%A8%D9%8A%D8%A9,5.0,7,15 دقيقة,7,0,$20.00,يوم واحد,7,4,270.0,ديلور ش.,https://khamsat.com/user/dilawer_charo7,True,بائع نشيط,5.0,15,88.57%,3,16,8 ساعات
بيانات,https://khamsat.com/data,تحليل البيانات,https://khamsat.com/data/data-analytics,تحليل استبيان و استكمال بحثك باللغتين الانجليزية و العربية,https://khamsat.com/data/data-analytics/2888738-%D8%AA%D8%AD%D9%84%D9%8A%D9%84-%D8%A7%D8%B3%D8%AA%D8%A8%D9%8A%D8%A7%D9%86-%D9%88-%D8%A7%D8%B3%D8%AA%D9%83%D9%85%D8%A7%D9%84-%D8%A8%D8%AD%D8%AB%D9%83-%D8%A8%D8%A7%D9%84%D9%84%D8%BA%D8%AA%D9%8A%D9%86-%D8%A7%D9%84%D8%A7%D9%86%D8%AC%D9%84%D9%8A%D8%B2%D9%8A%D8%A9-%D9%88-%D8%A7%D9%84%D8%B9%D8%B1%D8%A8%D9%8A%D8%A9,5.0,4,54 دقيقة,7,0,$10.00,يوم واحد,4,2,90.0,.Paula F,https://khamsat.com/user/masry_fouad,True,بائع مميز,5.0,58,93.24%,11,48,ساعتين
بيانات,https://khamsat.com/data,تحليل البيانات,https://khamsat.com/data/data-analytics,تحليل البيانات باستخدام لغة برمجة R,https://khamsat.com/data/data-analytics/2814883-%D8%AA%D8%AD%D9%84%D9%8A%D9%84-%D8%A7%D9%84%D8%A8%D9%8A%D8%A7%D9%86%D8%A7%D8%AA-%D8%A8%D8%A7%D8%B3%D8%AA%D8%AE%D8%AF%D8%A7%D9%85-%D9%84%D8%BA%D8%A9-%D8%A8%D8%B1%D9%85%D8%AC%D8%A9-r,5.0,3,19 دقيقة,4,0,$10.00,ثلاثة أيام,3,2,15.0,.Sara E,https://khamsat.com/user/sara_ezzat4045,True,بائع مميز,5.0,45,98.83%,11,61,3 ساعات
بيانات,https://khamsat.com/data,تحليل البيانات,https://khamsat.com/data/data-analytics,التحليل الإحصائي البحوث والرسائل العلمية باستخدام SPSS,https://khamsat.com/data/data-analytics/2307230-%D8%A7%D9%84%D8%AA%D8%AD%D9%84%D9%8A%D9%84-%D8%A7%D9%84%D8%A5%D8%AD%D8%B5%D8%A7%D8%A6%D9%8A-%D8%A7%D9%84%D8%A8%D8%AD%D9%88%D8%AB-%D9%88%D8%A7%D9%84%D8%B1%D8%B3%D8%A7%D8%A6%D9%84-%D8%A7%D9%84%D8%B9%D9%84%D9%85%D9%8A%D8%A9-%D8%A8%D8%A7%D8%B3%D8%AA%D8%AE%D8%AF%D8%A7%D9%85-spss,5.0,21,50 دقيقة,25,0,$10.00,يوم واحد,21,5,240.0,دعاء م.,https://khamsat.com/user/doaa128,True,بائع مميز,5.0,93,98.74%,4,115,ساعة
بيانات,https://khamsat.com/data,تحليل البيانات,https://khamsat.com/data/data-analytics,التحليل الاحصائي باستخدام برنامج SPSS,https://khamsat.com/data/data-analytics/1154659-%D8%A7%D9%84%D8%AA%D8%AD%D9%84%D9%8A%D9%84-%D8%A7%D9%84%D8%A7%D8%AD%D8%B5%D8%A7%D8%A6%D9%8A-%D8%A8%D8%A7%D8%B3%D8%AA%D8%AE%D8%AF%D8%A7%D9%85-%D8%A8%D8%B1%D9%86%D8%A7%D9%85%D8%AC-spss,4.5,113,11 دقيقة,139,0,$5.00,يوم واحد,25,3,200.0,عبدالحميد ه.,https://khamsat.com/user/abdelhamedmostafa,True,بائع مميز,4.5,139,85.65%,3,159,24 دقيقة
بيانات,https://khamsat.com/data,تحليل البيانات,https://khamsat.com/data/data-analytics,تحليل إحصائي باستخدام برنامج spss,https://khamsat.com/data/data-analytics/2430112-%D8%AA%D8%AD%D9%84%D9%8A%D9%84-%D8%A5%D8%AD%D8%B5%D8%A7%D8%A6%D9%8A-%D8%A8%D8%A7%D8%B3%D8%AA%D8%AE%D8%AF%D8%A7%D9%85-%D8%A8%D8%B1%D9%86%D8%A7%D9%85%D8%AC-spss,5.0,8,ساعة,9,0,$5.00,يوم واحد,8,4,50.0,ندى ح.,https://khamsat.com/user/nada_hussien_205,True,بائع مميز,5.0,19,96.88%,5,14,46 دقيقة
بيانات,https://khamsat.com/data,تحليل البيانات,https://khamsat.com/data/data-analytics,تصميم داشبورد Dashboard لوحات تفاعلية على برنامج Power BI,https://khamsat.com/data/data-analytics/2924903-%D8%AA%D8%B5%D9%85%D9%8A%D9%85-%D8%AF%D8%A7%D8%B4%D8%A8%D9%88%D8%B1%D8%AF-dashboard-%D9%84%D9%88%D8%AD%D8%A7%D8%AA-%D8%AA%D9%81%D8%A7%D8%B9%D9%84%D9%8A%D8%A9-%D8%B9%D9%84%D9%89-%D8%A8%D8%B1%D9%86%D8%A7%D9%85%D8%AC-power-bi,5.0,5,4 دقائق,6,0,$5.00,يوم واحد,5,4,40.0,.Mohamed E,https://khamsat.com/user/mohamed_elkhateb5,True,بائع جديد,5.0,5,100.0%,2,6,4 دقائق
بيانات,https://khamsat.com/data,معالجة البيانات,https://khamsat.com/data/data-processing,تصميم جداول وادخال البيانات وإظهار النتائج في رسوم بيانية,https://khamsat.com/data/data-processing/2809316-%D8%AA%D8%B5%D9%85%D9%8A%D9%85-%D8%AC%D8%AF%D8%A7%D9%88%D9%84-%D9%88%D8%A7%D8%AF%D8%AE%D8%A7%D9%84-%D8%A7%D9%84%D8%A8%D9%8A%D8%A7%D9%86%D8%A7%D8%AA-%D9%88%D8%A5%D8%B8%D9%87%D8%A7%D8%B1-%D8%A7%D9%84%D9%86%D8%AA%D8%A7%D8%A6%D8%AC-%D9%81%D9%8A-%D8%B1%D8%B3%D9%88%D9%85-%D8%A8%D9%8A%D8%A7%D9%86%D9%8A%D8%A9,5.0,9,8 دقائق,11,0,$5.00,يوم واحد,9,4,45.0,.Mamdouh M,https://khamsat.com/user/mamdouh_mohamed663,True,بائع نشيط,5.0,9,100.0%,2,11,8 دقائق
بيانات,https://khamsat.com/data,معالجة البيانات,https://khamsat.com/data/data-processing,تصميم الجداول المركبة والمعقدة في الوورد - الإكسل,https://khamsat.com/data/data-processing/2754544-%D8%AA%D8%B5%D9%85%D9%8A%D9%85-%D8%A7%D9%84%D8%AC%D8%AF%D8%A7%D9%88%D9%84-%D8%A7%D9%84%D9%85%D8%B1%D9%83%D8%A8%D8%A9-%D9%88%D8%A7%D9%84%D9%85%D8%B9%D9%82%D8%AF%D8%A9-%D9%81%D9%8A-%D8%A7%D9%84%D9%88%D9%88%D8%B1%D8%AF-%D8%A7%D9%84%D8%A5%D9%83%D8%B3%D9%84,5.0,2,54 دقيقة,2,0,$5.00,يوم واحد,2,5,75.0,ياسمين ا.,https://khamsat.com/user/ph_yasmin,True,بائع مميز,5.0,31,100.0%,2,35,ساعة
بيانات,https://khamsat.com/data,معالجة البيانات,https://khamsat.com/data/data-processing,انشاء ملف اكسل احترافى Excel,https://khamsat.com/data/data-processing/2553661-%D8%A7%D9%86%D8%B4%D8%A7%D8%A1-%D9%85%D9%84%D9%81-%D8%A7%D9%83%D8%B3%D9%84-%D8%A7%D8%AD%D8%AA%D8%B1%D8%A7%D9%81%D9%89-excel,5.0,115,17 دقيقة,142,0,$5.00,يومين,25,5,45.0,محمد ا.,https://khamsat.com/user/mohamed_elseadawy1,True,بائع مميز,5.0,199,99.55%,6,213,ساعة
بيانات,https://khamsat.com/data,معالجة البيانات,https://khamsat.com/data/data-processing,برمجة اكسيل اعمل برنامج اكسيل VBA,https://khamsat.com/data/data-processing/2594425-%D8%A8%D8%B1%D9%85%D8%AC%D8%A9-%D8%A7%D9%83%D8%B3%D9%8A%D9%84-%D8%A7%D8%B9%D9%85%D9%84-%D8%A8%D8%B1%D9%86%D8%A7%D9%85%D8%AC-%D8%A7%D9%83%D8%B3%D9%8A%D9%84-vba,5.0,12,6 ساعات,16,0,$15.00,يومين,12,5,80.0,.Ahmed A,https://khamsat.com/user/ahmed_sharaf2,True,بائع مميز,4.5,51,94.03%,14,55,9 ساعات
بيانات,https://khamsat.com/data,معالجة البيانات,https://khamsat.com/data/data-processing,اعداد ملف اكسل مع دوال وواجهة استخدام -Excel,https://khamsat.com/data/data-processing/1306066-%D8%A7%D8%B9%D8%AF%D8%A7%D8%AF-%D9%85%D9%84%D9%81-%D8%A7%D9%83%D8%B3%D9%84-%D9%85%D8%B9-%D8%AF%D9%88%D8%A7%D9%84-%D9%88%D9%88%D8%A7%D8%AC%D9%87%D8%A9-%D8%A7%D8%B3%D8%AA%D8%AE%D8%AF%D8%A7%D9%85-excel,5.0,53,يوم,72,0,$5.00,يوم واحد,25,4,75.0,.Ali A,https://khamsat.com/user/ali_alnadous,True,بائع مميز,5.0,61,92.57%,1,77,7 ساعات
بيانات,https://khamsat.com/data,معالجة البيانات,https://khamsat.com/data/data-processing,تصميم جدول اكسل ذكي يتفاعل مع ماتقم به من اعمال,https://khamsat.com/data/data-processing/2184787-%D8%AA%D8%B5%D9%85%D9%8A%D9%85-%D8%AC%D8%AF%D9%88%D9%84-%D8%A7%D9%83%D8%B3%D9%84-%D8%B0%D9%83%D9%8A-%D9%8A%D8%AA%D9%81%D8%A7%D8%B9%D9%84-%D9%85%D8%B9-%D9%85%D8%A7%D8%AA%D9%82%D9%85-%D8%A8%D9%87-%D9%85%D9%86-%D8%A7%D8%B9%D9%85%D8%A7%D9%84,4.5,11,36 دقيقة,28,0,$5.00,يوم واحد,11,4,95.0,.Mohammad S,https://khamsat.com/user/mohammadst,True,بائع مميز,4.5,13,80.6%,2,31,54 دقيقة
بيانات,https://khamsat.com/data,معالجة البيانات,https://khamsat.com/data/data-processing,مساعدتك بتحضير بياناتك في برنامج الاكسيل بمخرجات محترفة,https://khamsat.com/data/data-processing/2123358-%D9%85%D8%B3%D8%A7%D8%B9%D8%AF%D8%AA%D9%83-%D8%A8%D8%AA%D8%AD%D8%B6%D9%8A%D8%B1-%D8%A8%D9%8A%D8%A7%D9%86%D8%A7%D8%AA%D9%83-%D9%81%D9%8A-%D8%A8%D8%B1%D9%86%D8%A7%D9%85%D8%AC-%D8%A7%D9%84%D8%A7%D9%83%D8%B3%D9%8A%D9%84-%D8%A8%D9%85%D8%AE%D8%B1%D8%AC%D8%A7%D8%AA-%D9%85%D8%AD%D8%AA%D8%B1%D9%81%D8%A9,4.5,13,ساعة,14,0,$10.00,يوم واحد,13,5,240.0,.Mohamed E,https://khamsat.com/user/mohamdedeid,True,بائع نشيط,4.5,36,89.09%,10,32,ساعة
بيانات,https://khamsat.com/data,معالجة البيانات,https://khamsat.com/data/data-processing,تصميم جداول ورسومات الاكسيل excel وطريقة العرض الاحترافية,https://khamsat.com/data/data-processing/2810842-%D8%AA%D8%B5%D9%85%D9%8A%D9%85-%D8%AC%D8%AF%D8%A7%D9%88%D9%84-%D9%88%D8%B1%D8%B3%D9%88%D9%85%D8%A7%D8%AA-%D8%A7%D9%84%D8%A7%D9%83%D8%B3%D9%8A%D9%84-excel-%D9%88%D8%B7%D8%B1%D9%8A%D9%82%D8%A9-%D8%A7%D9%84%D8%B9%D8%B1%D8%B6-%D8%A7%D9%84%D8%A7%D8%AD%D8%AA%D8%B1%D8%A7%D9%81%D9%8A%D8%A9,5.0,7,10 دقائق,8,0,$5.00,يوم واحد,7,2,15.0,.Ebrahim M,https://khamsat.com/user/ebrahim_mokible,True,بائع مميز,5.0,28,100.0%,2,30,11 دقيقة
بيانات,https://khamsat.com/data,معالجة البيانات,https://khamsat.com/data/data-processing,نموذج إكسل لتقييم أداء موظف عربي وانجليزي,https://khamsat.com/data/data-processing/2768016-%D9%86%D9%85%D9%88%D8%B0%D8%AC-%D8%A5%D9%83%D8%B3%D9%84-%D9%84%D8%AA%D9%82%D9%8A%D9%8A%D9%85-%D8%A3%D8%AF%D8%A7%D8%A1-%D9%85%D9%88%D8%B8%D9%81-%D8%B9%D8%B1%D8%A8%D9%8A-%D9%88%D8%A7%D9%86%D8%AC%D9%84%D9%8A%D8%B2%D9%8A,5.0,1,3 دقائق,2,0,$10.00,يوم واحد,1,0,0.0,.Mohamad A,https://khamsat.com/user/moh_sad,True,بائع نشيط,3.5,4,100.0%,9,14,23 ساعة
بيانات,https://khamsat.com/data,معالجة البيانات,https://khamsat.com/data/data-processing,تصميم معادلة اكسل خاصة بمشروعك,https://khamsat.com/data/data-processing/1887602-%D8%AA%D8%B5%D9%85%D9%8A%D9%85-%D9%85%D8%B9%D8%A7%D8%AF%D9%84%D8%A9-%D8%A7%D9%83%D8%B3%D9%84-%D8%AE%D8%A7%D8%B5%D8%A9-%D8%A8%D9%85%D8%B4%D8%B1%D9%88%D8%B9%D9%83,5.0,36,48 دقيقة,43,0,$5.00,يومين,25,4,90.0,.Mohamed H,https://khamsat.com/user/mohamed_abdo1999,True,بائع مميز,5.0,49,98.88%,5,56,ساعة
بيانات,https://khamsat.com/data,معالجة البيانات,https://khamsat.com/data/data-processing,تقديم خدمات Excel,https://khamsat.com/data/data-processing/618785-%D8%AA%D9%82%D8%AF%D9%8A%D9%85-%D8%AE%D8%AF%D9%85%D8%A7%D8%AA-excel,5.0,45,6 ساعات,55,0,$5.00,يوم واحد,25,5,160.0,محمد ل.,https://khamsat.com/user/%D9%85%D8%AD%D9%85%D8%AF-%D9%84%D8%A8%D8%A7%D8%A8%D9%8A%D8%AF%D9%8A,True,بائع مميز,5.0,68,89.05%,4,87,5 ساعات
بيانات,https://khamsat.com/data,معالجة البيانات,https://khamsat.com/data/data-processing,جميع خدمات الإكسيل الإحترافية - Excel,https://khamsat.com/data/data-processing/2482120-%D8%AC%D9%85%D9%8A%D8%B9-%D8%AE%D8%AF%D9%85%D8%A7%D8%AA-%D8%A7%D9%84%D8%A5%D9%83%D8%B3%D9%8A%D9%84-%D8%A7%D9%84%D8%A5%D8%AD%D8%AA%D8%B1%D8%A7%D9%81%D9%8A%D8%A9-excel,5.0,21,ساعتين,23,0,$5.00,يوم واحد,21,3,35.0,.Yasser T,https://khamsat.com/user/yassertarek28,True,بائع نشيط,5.0,27,84.78%,2,28,3 ساعات
بيانات,https://khamsat.com/data,معالجة البيانات,https://khamsat.com/data/data-processing,اكسل شيت لجميع خدماتك لانجاز اعمالك,https://khamsat.com/data/data-processing/2620081-%D8%A7%D9%83%D8%B3%D9%84-%D8%B4%D9%8A%D8%AA-%D9%84%D8%AC%D9%85%D9%8A%D8%B9-%D8%AE%D8%AF%D9%85%D8%A7%D8%AA%D9%83-%D9%84%D8%A7%D9%86%D8%AC%D8%A7%D8%B2-%D8%A7%D8%B9%D9%85%D8%A7%D9%84%D9%83,5.0,6,يوم,10,0,$5.00,يوم واحد,6,4,50.0,.Christin W,https://khamsat.com/user/tenawageh,True,بائع نشيط,5.0,7,100.0%,5,13,14 ساعة
بيانات,https://khamsat.com/data,معالجة البيانات,https://khamsat.com/data/data-processing,إنشاء وتعديل ملفات الاكسل باحترافية عالية وجودة مضمونة .,https://khamsat.com/data/data-processing/2790610-%D8%A5%D9%86%D8%B4%D8%A7%D8%A1-%D9%88%D8%AA%D8%B9%D8%AF%D9%8A%D9%84-%D9%85%D9%84%D9%81%D8%A7%D8%AA-%D8%A7%D9%84%D8%A7%D9%83%D8%B3%D9%84-%D8%A8%D8%A7%D8%AD%D8%AA%D8%B1%D8%A7%D9%81%D9%8A%D8%A9-%D8%B9%D8%A7%D9%84%D9%8A%D8%A9-%D9%88%D8%AC%D9%88%D8%AF%D8%A9-%D9%85%D8%B6%D9%85%D9%88%D9%86%D8%A9-,5.0,1,56 دقيقة,1,0,$5.00,يوم واحد,1,2,20.0,هيثم د.,https://khamsat.com/user/haithemdabbas,True,بائع جديد,5.0,3,100.0%,2,3,48 دقيقة
بيانات,https://khamsat.com/data,معالجة البيانات,https://khamsat.com/data/data-processing,خدمات Excel الإحترافية والمتكاملة,https://khamsat.com/data/data-processing/1601589-%D8%AE%D8%AF%D9%85%D8%A7%D8%AA-excel-%D8%A7%D9%84%D8%A5%D8%AD%D8%AA%D8%B1%D8%A7%D9%81%D9%8A%D8%A9-%D9%88%D8%A7%D9%84%D9%85%D8%AA%D9%83%D8%A7%D9%85%D9%84%D8%A9,5.0,26,46 دقيقة,36,0,$5.00,يوم واحد,25,5,105.0,.Mohammed I,https://khamsat.com/user/mohammed_ibrahim84,True,بائع موثوق,4.5,147,98.08%,6,143,ساعة
بيانات,https://khamsat.com/data,معالجة البيانات,https://khamsat.com/data/data-processing,عمل مخطط زمني احترافي لمشروعك على اكسل,https://khamsat.com/data/data-processing/2273980-%D8%B9%D9%85%D9%84-%D9%85%D8%AE%D8%B7%D8%B7-%D8%B2%D9%85%D9%86%D9%8A-%D8%A7%D8%AD%D8%AA%D8%B1%D8%A7%D9%81%D9%8A-%D9%84%D9%85%D8%B4%D8%B1%D9%88%D8%B9%D9%83-%D8%B9%D9%84%D9%89-%D8%A7%D9%83%D8%B3%D9%84,5.0,1,19 ساعة,1,0,$5.00,ثلاثة أيام,1,2,15.0,.Dalia Y,https://khamsat.com/user/dalia_yousry,True,بائع مميز,5.0,26,100.0%,7,33,3 ساعات
بيانات,https://khamsat.com/data,معالجة البيانات,https://khamsat.com/data/data-processing,حول فكرتك الي اكسيل احترافي متقدم,https://khamsat.com/data/data-processing/2640159-%D8%AD%D9%88%D9%84-%D9%81%D9%83%D8%B1%D8%AA%D9%83-%D8%A7%D9%84%D9%8A-%D8%A7%D9%83%D8%B3%D9%8A%D9%84-%D8%A7%D8%AD%D8%AA%D8%B1%D8%A7%D9%81%D9%8A-%D9%85%D8%AA%D9%82%D8%AF%D9%85,5.0,3,5 دقائق,3,0,$5.00,يوم واحد,3,5,210.0,.Mohamed E,https://khamsat.com/user/mohamdedeid,True,بائع نشيط,4.5,36,89.09%,10,32,ساعة
بيانات,https://khamsat.com/data,معالجة البيانات,https://khamsat.com/data/data-processing,المساعدة في تسجيل معادلات إكسيل وحل مشكلاتها,https://khamsat.com/data/data-processing/1650663-%D8%A7%D9%84%D9%85%D8%B3%D8%A7%D8%B9%D8%AF%D8%A9-%D9%81%D9%8A-%D8%AA%D8%B3%D8%AC%D9%8A%D9%84-%D9%85%D8%B9%D8%A7%D8%AF%D9%84%D8%A7%D8%AA-%D8%A5%D9%83%D8%B3%D9%8A%D9%84-%D9%88%D8%AD%D9%84-%D9%85%D8%B4%D9%83%D9%84%D8%A7%D8%AA%D9%87%D8%A7,5.0,18,ساعة,26,0,$5.00,يوم واحد,18,5,100.0,احمد ا.,https://khamsat.com/user/aa641995,False,بائع مميز,5.0,34,86.25%,3,39,ساعة
بيانات,https://khamsat.com/data,معالجة البيانات,https://khamsat.com/data/data-processing,تقديم خدمة واحدة في برنامج اكسل سواء معادلات-تصميم-حلول,https://khamsat.com/data/data-processing/478556-%D8%AA%D9%82%D8%AF%D9%8A%D9%85-%D8%AE%D8%AF%D9%85%D8%A9-%D9%88%D8%A7%D8%AD%D8%AF%D8%A9-%D9%81%D9%8A-%D8%A8%D8%B1%D9%86%D8%A7%D9%85%D8%AC-%D8%A7%D9%83%D8%B3%D9%84-%D8%B3%D9%88%D8%A7%D8%A1-%D9%85%D8%B9%D8%A7%D8%AF%D9%84%D8%A7%D8%AA-%D8%AA%D8%B5%D9%85%D9%8A%D9%85-%D8%AD%D9%84%D9%88%D9%84,5.0,10,12 ساعة,13,0,$5.00,يومين,10,3,30.0,.Muhammed M,https://khamsat.com/user/al-mohandes,True,بائع مميز,4.5,112,92.41%,4,129,23 ساعة
بيانات,https://khamsat.com/data,معالجة البيانات,https://khamsat.com/data/data-processing,احصل على ملف Excel بشكل احترافي يناسب عملك وبسعر مناسب,https://khamsat.com/data/data-processing/2023812-%D8%A7%D8%AD%D8%B5%D9%84-%D8%B9%D9%84%D9%89-%D9%85%D9%84%D9%81-excel-%D8%A8%D8%B4%D9%83%D9%84-%D8%A7%D8%AD%D8%AA%D8%B1%D8%A7%D9%81%D9%8A-%D9%8A%D9%86%D8%A7%D8%B3%D8%A8-%D8%B9%D9%85%D9%84%D9%83-%D9%88%D8%A8%D8%B3%D8%B9%D8%B1-%D9%85%D9%86%D8%A7%D8%B3%D8%A8,5.0,7,ساعتين,9,0,$5.00,أربعة أيام,7,3,35.0,.Dina M,https://khamsat.com/user/dina_magdy92,True,بائع نشيط,5.0,10,95.24%,3,11,7 ساعات
بيانات,https://khamsat.com/data,معالجة البيانات,https://khamsat.com/data/data-processing,تصميم شيت اكسل بشكل احترافى .,https://khamsat.com/data/data-processing/2510398-%D8%AA%D8%B5%D9%85%D9%8A%D9%85-%D8%B4%D9%8A%D8%AA-%D8%A7%D9%83%D8%B3%D9%84-%D8%A8%D8%B4%D9%83%D9%84-%D8%A7%D8%AD%D8%AA%D8%B1%D8%A7%D9%81%D9%89-,5.0,8,27 دقيقة,7,0,$5.00,يومين,8,5,100.0,.Beshoy E,https://khamsat.com/user/beshoyemad1234,True,بائع نشيط,5.0,8,81.25%,4,7,27 دقيقة
بيانات,https://khamsat.com/data,معالجة البيانات,https://khamsat.com/data/data-processing,جميع خدمات اكسال (Excel),https://khamsat.com/data/data-processing/1164276-%D8%AC%D9%85%D9%8A%D8%B9-%D8%AE%D8%AF%D9%85%D8%A7%D8%AA-%D8%A7%D9%83%D8%B3%D8%A7%D9%84-excel,5.0,7,ساعتين,12,0,$5.00,يوم واحد,7,0,0.0,ريمة ع.,https://khamsat.com/user/ryma18,True,بائع مميز,5.0,38,90.78%,4,61,5 ساعات
بيانات,https://khamsat.com/data,معالجة البيانات,https://khamsat.com/data/data-processing,ساقوم باي عمل باكسل,https://khamsat.com/data/data-processing/1559139-%D8%B3%D8%A7%D9%82%D9%88%D9%85-%D8%A8%D8%A7%D9%8A-%D8%B9%D9%85%D9%84-%D8%A8%D8%A7%D9%83%D8%B3%D9%84,4.5,13,5 ساعات,14,0,$5.00,يوم واحد,13,0,0.0,راشد ب.,https://khamsat.com/user/benrached,True,بائع مميز,4.5,17,95.65%,3,16,4 ساعات
بيانات,https://khamsat.com/data,معالجة البيانات,https://khamsat.com/data/data-processing,خدمات الاكسيل Excel الاحترافي,https://khamsat.com/data/data-processing/2435300-%D8%AE%D8%AF%D9%85%D8%A7%D8%AA-%D8%A7%D9%84%D8%A7%D9%83%D8%B3%D9%8A%D9%84-excel-%D8%A7%D9%84%D8%A7%D8%AD%D8%AA%D8%B1%D8%A7%D9%81%D9%8A,4.5,5,25 دقيقة,6,0,$5.00,يومين,5,4,30.0,خالد ع.,https://khamsat.com/user/khalidabdelaziz,True,بائع نشيط,4.5,5,91.67%,2,6,25 دقيقة
بيانات,https://khamsat.com/data,معالجة البيانات,https://khamsat.com/data/data-processing,"اعداد جداول , معادلات , حسابات, برنامج إكسيل حسب احتياجك",https://khamsat.com/data/data-processing/1584600-%D8%A7%D8%B9%D8%AF%D8%A7%D8%AF-%D8%AC%D8%AF%D8%A7%D9%88%D9%84-%D9%85%D8%B9%D8%A7%D8%AF%D9%84%D8%A7%D8%AA-%D8%AD%D8%B3%D8%A7%D8%A8%D8%A7%D8%AA-%D8%A8%D8%B1%D9%86%D8%A7%D9%85%D8%AC-%D8%A5%D9%83%D8%B3%D9%8A%D9%84-%D8%AD%D8%B3%D8%A8-%D8%A7%D8%AD%D8%AA%D9%8A%D8%A7%D8%AC%D9%83,5.0,23,14 دقيقة,31,0,$5.00,يوم واحد,23,5,80.0,علاء ر.,https://khamsat.com/user/alaa011,True,بائع مميز,5.0,166,92.05%,12,206,ساعة
بيانات,https://khamsat.com/data,معالجة البيانات,https://khamsat.com/data/data-processing,تصميم جدول Excel مخصص لاحتياجاتك,https://khamsat.com/data/data-processing/3014783-%D8%AA%D8%B5%D9%85%D9%8A%D9%85-%D8%AC%D8%AF%D9%88%D9%84-excel-%D9%85%D8%AE%D8%B5%D8%B5-%D9%84%D8%A7%D8%AD%D8%AA%D9%8A%D8%A7%D8%AC%D8%A7%D8%AA%D9%83,0.0,0,لم يحسب,1,0,$10.00,يومين,0,4,65.0,.Hasan E,https://khamsat.com/user/hasa_elhammo,True,بائع نشيط,5.0,6,100.0%,6,8,12 دقيقة
بيانات,https://khamsat.com/data,معالجة البيانات,https://khamsat.com/data/data-processing,تصميم برامج حسابات تجارية ومالية علي Excel,https://khamsat.com/data/data-processing/1005430-%D8%AA%D8%B5%D9%85%D9%8A%D9%85-%D8%A8%D8%B1%D8%A7%D9%85%D8%AC-%D8%AD%D8%B3%D8%A7%D8%A8%D8%A7%D8%AA-%D8%AA%D8%AC%D8%A7%D8%B1%D9%8A%D8%A9-%D9%88%D9%85%D8%A7%D9%84%D9%8A%D8%A9-%D8%B9%D9%84%D9%8A-excel,5.0,31,8 ساعات,31,0,$30.00,خمسة أيام,25,4,55.0,.Mahmoud M,https://khamsat.com/user/mahmoudmeky,True,بائع مميز,5.0,152,99.69%,5,159,5 ساعات
بيانات,https://khamsat.com/data,معالجة البيانات,https://khamsat.com/data/data-processing,سأساعدك بتحضير بياناتك في برنامج الاكسل بمخرجات محترفة,https://khamsat.com/data/data-processing/1270598-%D8%B3%D8%A3%D8%B3%D8%A7%D8%B9%D8%AF%D9%83-%D8%A8%D8%AA%D8%AD%D8%B6%D9%8A%D8%B1-%D8%A8%D9%8A%D8%A7%D9%86%D8%A7%D8%AA%D9%83-%D9%81%D9%8A-%D8%A8%D8%B1%D9%86%D8%A7%D9%85%D8%AC-%D8%A7%D9%84%D8%A7%D9%83%D8%B3%D9%84-%D8%A8%D9%85%D8%AE%D8%B1%D8%AC%D8%A7%D8%AA-%D9%85%D8%AD%D8%AA%D8%B1%D9%81%D8%A9,4.5,76,ساعة,105,0,$5.00,يوم واحد,25,5,115.0,محمد ا.,https://khamsat.com/user/mohdxfiras,True,بائع مميز,4.5,99,88.54%,2,131,37 دقيقة
بيانات,https://khamsat.com/data,معالجة البيانات,https://khamsat.com/data/data-processing,انشاء برنامج على الاكسيل,https://khamsat.com/data/data-processing/958388-%D8%A7%D9%86%D8%B4%D8%A7%D8%A1-%D8%A8%D8%B1%D9%86%D8%A7%D9%85%D8%AC-%D8%B9%D9%84%D9%89-%D8%A7%D9%84%D8%A7%D9%83%D8%B3%D9%8A%D9%84,5.0,15,11 ساعة,17,0,$15.00,يومين,15,1,15.0,.Ahmed F,https://khamsat.com/user/ahmed-fathy-mohamed0,True,بائع نشيط,5.0,20,93.75%,10,22,ساعتين
بيانات,https://khamsat.com/data,معالجة البيانات,https://khamsat.com/data/data-processing,إدخال ومعالجة البيانات (وورد -بوربوينت- اكسل),https://khamsat.com/data/data-processing/2765777-%D8%A5%D8%AF%D8%AE%D8%A7%D9%84-%D9%88%D9%85%D8%B9%D8%A7%D9%84%D8%AC%D8%A9-%D8%A7%D9%84%D8%A8%D9%8A%D8%A7%D9%86%D8%A7%D8%AA-%D9%88%D9%88%D8%B1%D8%AF-%D8%A8%D9%88%D8%B1%D8%A8%D9%88%D9%8A%D9%86%D8%AA-%D8%A7%D9%83%D8%B3%D9%84,4.5,8,25 دقيقة,13,0,$5.00,يوم واحد,8,0,0.0,جمانه ع.,https://khamsat.com/user/lateen_1,True,بائع مميز,4.5,13,98.28%,2,19,17 دقيقة
بيانات,https://khamsat.com/data,علم البيانات وتعلم الآلة,https://khamsat.com/data/data-science-ml,بناء موديل مستخدما خوارزميات machine learningاوdeep learning,https://khamsat.com/data/data-science-ml/2213863-%D8%A8%D9%86%D8%A7%D8%A1-%D9%85%D9%88%D8%AF%D9%8A%D9%84-%D9%85%D8%B3%D8%AA%D8%AE%D8%AF%D9%85%D8%A7-%D8%AE%D9%88%D8%A7%D8%B1%D8%B2%D9%85%D9%8A%D8%A7%D8%AA-machine-learning%D8%A7%D9%88deep-learning,5.0,7,51 دقيقة,9,2,$10.00,يوم واحد,7,5,295.0,.Mohamed E,https://khamsat.com/user/mohamed8522,True,بائع نشيط,5.0,9,88.24%,4,12,48 دقيقة
بيانات,https://khamsat.com/data,علم البيانات وتعلم الآلة,https://khamsat.com/data/data-science-ml,انشاء اي module في تعلم الالة او تعلم العميق machine learning,https://khamsat.com/data/data-science-ml/1537930-%D8%A7%D9%86%D8%B4%D8%A7%D8%A1-%D8%A7%D9%8A-module-%D9%81%D9%8A-%D8%AA%D8%B9%D9%84%D9%85-%D8%A7%D9%84%D8%A7%D9%84%D8%A9-%D8%A7%D9%88-%D8%AA%D8%B9%D9%84%D9%85-%D8%A7%D9%84%D8%B9%D9%85%D9%8A%D9%82-machine-learning,4.5,27,5 ساعات,51,0,$5.00,يومين,25,5,290.0,عبد الحفيظ ز.,https://khamsat.com/user/hafid345,True,بائع نشيط,4.5,29,92.86%,4,55,يومين
بيانات,https://khamsat.com/data,علم البيانات وتعلم الآلة,https://khamsat.com/data/data-science-ml,انشاء نماذج تعلم الألة (Creating machine learning models),https://khamsat.com/data/data-science-ml/2369108-%D8%A7%D9%86%D8%B4%D8%A7%D8%A1-%D9%86%D9%85%D8%A7%D8%B0%D8%AC-%D8%AA%D8%B9%D9%84%D9%85-%D8%A7%D9%84%D8%A3%D9%84%D8%A9-creating-machine-learning-models,5.0,6,13 دقيقة,11,0,$5.00,يوم واحد,6,5,240.0,.Mohammed H,https://khamsat.com/user/mo_hassan_elsayed,True,بائع نشيط,5.0,7,97.06%,2,11,ساعتين
بيانات,https://khamsat.com/data,علم البيانات وتعلم الآلة,https://khamsat.com/data/data-science-ml,عمل نموذج تعلم الألة ونشر النموذج علي موقع ويب Flask,https://khamsat.com/data/data-science-ml/2877571-%D8%B9%D9%85%D9%84-%D9%86%D9%85%D9%88%D8%B0%D8%AC-%D8%AA%D8%B9%D9%84%D9%85-%D8%A7%D9%84%D8%A3%D9%84%D8%A9-%D9%88%D9%86%D8%B4%D8%B1-%D8%A7%D9%84%D9%86%D9%85%D9%88%D8%B0%D8%AC-%D8%B9%D9%84%D9%8A-%D9%85%D9%88%D9%82%D8%B9-%D9%88%D9%8A%D8%A8-flask,5.0,3,ساعة,3,0,$5.00,يوم واحد,3,3,160.0,.Mohamed T,https://khamsat.com/user/mohamedtawfik19,True,بائع نشيط,5.0,8,100.0%,3,7,ساعة
بيانات,https://khamsat.com/data,علم البيانات وتعلم الآلة,https://khamsat.com/data/data-science-ml,بناء مودل تعلم الالة machine learning,https://khamsat.com/data/data-science-ml/2593149-%D8%A8%D9%86%D8%A7%D8%A1-%D9%85%D9%88%D8%AF%D9%84-%D8%AA%D8%B9%D9%84%D9%85-%D8%A7%D9%84%D8%A7%D9%84%D8%A9-machine-learning,5.0,2,ساعتين,3,0,$10.00,أسبوع,2,4,75.0,احمد ع.,https://khamsat.com/user/aahmeed,True,بائع نشيط,5.0,6,100.0%,3,8,ساعة
بيانات,https://khamsat.com/data,علم البيانات وتعلم الآلة,https://khamsat.com/data/data-science-ml,عمل مودل تعليم الالة Machine Learning وربطها ببرنامج لل PC,https://khamsat.com/data/data-science-ml/2230427-%D8%B9%D9%85%D9%84-%D9%85%D9%88%D8%AF%D9%84-%D8%AA%D8%B9%D9%84%D9%8A%D9%85-%D8%A7%D9%84%D8%A7%D9%84%D8%A9-machine-learning-%D9%88%D8%B1%D8%A8%D8%B7%D9%87%D8%A7-%D8%A8%D8%A8%D8%B1%D9%86%D8%A7%D9%85%D8%AC-%D9%84%D9%84-pc,5.0,2,ساعتين,3,0,$25.00,يومين,2,3,80.0,.Amr A,https://khamsat.com/user/amralaa96,True,بائع نشيط,4.5,13,96.0%,3,16,ساعتين
بيانات,https://khamsat.com/data,علم البيانات وتعلم الآلة,https://khamsat.com/data/data-science-ml,بناء مودل تعلم الالة machine learning او تعلم عميق,https://khamsat.com/data/data-science-ml/2689698-%D8%A8%D9%86%D8%A7%D8%A1-%D9%85%D9%88%D8%AF%D9%84-%D8%AA%D8%B9%D9%84%D9%85-%D8%A7%D9%84%D8%A7%D9%84%D8%A9-machine-learning-%D8%A7%D9%88-%D8%AA%D8%B9%D9%84%D9%85-%D8%B9%D9%85%D9%8A%D9%82,5.0,15,ساعة,16,0,$5.00,خمسة أيام,15,5,100.0,.Noureldin A,https://khamsat.com/user/nour_311,True,بائع نشيط,5.0,15,100.0%,1,16,ساعة
بيانات,https://khamsat.com/data,علم البيانات وتعلم الآلة,https://khamsat.com/data/data-science-ml,عمل نموذج تعلم الآلة او نموذج تعلم عميق,https://khamsat.com/data/data-science-ml/2916374-%D8%B9%D9%85%D9%84-%D9%86%D9%85%D9%88%D8%B0%D8%AC-%D8%AA%D8%B9%D9%84%D9%85-%D8%A7%D9%84%D8%A2%D9%84%D8%A9-%D8%A7%D9%88-%D9%86%D9%85%D9%88%D8%B0%D8%AC-%D8%AA%D8%B9%D9%84%D9%85-%D8%B9%D9%85%D9%8A%D9%82,5.0,2,15 دقيقة,1,0,$5.00,يوم واحد,2,4,75.0,.Ahmed F,https://khamsat.com/user/ahmed_shehta_fouda,True,بائع نشيط,5.0,7,84.21%,2,5,45 دقيقة
بيانات,https://khamsat.com/data,علم البيانات وتعلم الآلة,https://khamsat.com/data/data-science-ml,انشاء خوارزميات التعلم الالي (Machine learning),https://khamsat.com/data/data-science-ml/2496207-%D8%A7%D9%86%D8%B4%D8%A7%D8%A1-%D8%AE%D9%88%D8%A7%D8%B1%D8%B2%D9%85%D9%8A%D8%A7%D8%AA-%D8%A7%D9%84%D8%AA%D8%B9%D9%84%D9%85-%D8%A7%D9%84%D8%A7%D9%84%D9%8A-machine-learning,5.0,10,دقيقتين,10,0,$5.00,يوم واحد,10,3,15.0,.Abdelrahman M,https://khamsat.com/user/abdelrahman_mesbah,True,بائع نشيط,5.0,13,96.97%,3,10,6 دقائق
بيانات,https://khamsat.com/data,علم البيانات وتعلم الآلة,https://khamsat.com/data/data-science-ml,بناء موديل تعلم الالة او تعلم عميق (Machine/Deep Learning),https://khamsat.com/data/data-science-ml/2121549-%D8%A8%D9%86%D8%A7%D8%A1-%D9%85%D9%88%D8%AF%D9%8A%D9%84-%D8%AA%D8%B9%D9%84%D9%85-%D8%A7%D9%84%D8%A7%D9%84%D8%A9-%D8%A7%D9%88-%D8%AA%D8%B9%D9%84%D9%85-%D8%B9%D9%85%D9%8A%D9%82-machinedeep-learning,5.0,3,36 دقيقة,3,0,$5.00,يومين,3,3,70.0,.Mohamed S,https://khamsat.com/user/ishams,True,بائع نشيط,5.0,15,97.62%,5,21,ساعتين
بيانات,https://khamsat.com/data,علم البيانات وتعلم الآلة,https://khamsat.com/data/data-science-ml,بناء موديل تعلم الالة او تعلم عميق Machine & Deep Learning,https://khamsat.com/data/data-science-ml/2977300-%D8%A8%D9%86%D8%A7%D8%A1-%D9%85%D9%88%D8%AF%D9%8A%D9%84-%D8%AA%D8%B9%D9%84%D9%85-%D8%A7%D9%84%D8%A7%D9%84%D8%A9-%D8%A7%D9%88-%D8%AA%D8%B9%D9%84%D9%85-%D8%B9%D9%85%D9%8A%D9%82-machine-deeplearning,5.0,1,5 دقائق,1,0,$5.00,يوم واحد,1,5,205.0,.Mahmoud B,https://khamsat.com/user/eng_mahmoud_badr,True,بائع نشيط,5.0,7,88.0%,2,10,8 ساعات
بيانات,https://khamsat.com/data,علم البيانات وتعلم الآلة,https://khamsat.com/data/data-science-ml,المساعدة في انشاء مشاريع Machine Learning و Deep learning,https://khamsat.com/data/data-science-ml/2055370-%D8%A7%D9%84%D9%85%D8%B3%D8%A7%D8%B9%D8%AF%D8%A9-%D9%81%D9%8A-%D8%A7%D9%86%D8%B4%D8%A7%D8%A1-%D9%85%D8%B4%D8%A7%D8%B1%D9%8A%D8%B9-machine-learning-%D9%88-deep-learning,5.0,6,3 ساعات,10,0,$5.00,يوم واحد,6,2,230.0,.Yassine O,https://khamsat.com/user/yassine_ouhammou,True,بائع مميز,5.0,18,96.3%,3,20,يوم
بيانات,https://khamsat.com/data,علم البيانات وتعلم الآلة,https://khamsat.com/data/data-science-ml,إنشاء نماذج مخصصة للتعلم العميق و تعلم الآلة,https://khamsat.com/data/data-science-ml/2625385-%D8%A5%D9%86%D8%B4%D8%A7%D8%A1-%D9%86%D9%85%D8%A7%D8%B0%D8%AC-%D9%85%D8%AE%D8%B5%D8%B5%D8%A9-%D9%84%D9%84%D8%AA%D8%B9%D9%84%D9%85-%D8%A7%D9%84%D8%B9%D9%85%D9%8A%D9%82-%D9%88-%D8%AA%D8%B9%D9%84%D9%85-%D8%A7%D9%84%D8%A2%D9%84%D8%A9,5.0,5,4 ساعات,6,0,$15.00,خمسة أيام,5,1,10.0,.Marco N,https://khamsat.com/user/marco_nashaat,True,بائع نشيط,5.0,15,89.19%,7,16,ساعتين
بيانات,https://khamsat.com/data,علم البيانات وتعلم الآلة,https://khamsat.com/data/data-science-ml,إنشاء Model لتعلم الآلة والتعلم العميق ML & DL,https://khamsat.com/data/data-science-ml/2346736-%D8%A5%D9%86%D8%B4%D8%A7%D8%A1-model-%D9%84%D8%AA%D8%B9%D9%84%D9%85-%D8%A7%D9%84%D8%A2%D9%84%D8%A9-%D9%88%D8%A7%D9%84%D8%AA%D8%B9%D9%84%D9%85-%D8%A7%D9%84%D8%B9%D9%85%D9%8A%D9%82-ml-dl,5.0,2,4 ساعات,2,0,$5.00,يومين,2,2,20.0,.Abdalrahman A,https://khamsat.com/user/abdalrahman_elnashar,True,بائع جديد,5.0,3,100.0%,2,4,ساعتين
بيانات,https://khamsat.com/data,علم البيانات وتعلم الآلة,https://khamsat.com/data/data-science-ml,انشاء خوارزميات التعلم الالي (Machine learning),https://khamsat.com/data/data-science-ml/1462209-%D8%A7%D9%86%D8%B4%D8%A7%D8%A1-%D8%AE%D9%88%D8%A7%D8%B1%D8%B2%D9%85%D9%8A%D8%A7%D8%AA-%D8%A7%D9%84%D8%AA%D8%B9%D9%84%D9%85-%D8%A7%D9%84%D8%A7%D9%84%D9%8A-machine-learning,4.5,9,7 ساعات,12,0,$5.00,يوم واحد,9,0,0.0,يوسف ل.,https://khamsat.com/user/youssefmk,True,بائع نشيط,4.5,14,58.33%,4,15,3 ساعات
بيانات,https://khamsat.com/data,علم البيانات وتعلم الآلة,https://khamsat.com/data/data-science-ml,بناء أي مودل ذكاء صناعي Machine Learning / Deep Learning,https://khamsat.com/data/data-science-ml/2119499-%D8%A8%D9%86%D8%A7%D8%A1-%D8%A3%D9%8A-%D9%85%D9%88%D8%AF%D9%84-%D8%B0%D9%83%D8%A7%D8%A1-%D8%B5%D9%86%D8%A7%D8%B9%D9%8A-machine-learning-deep-learning,5.0,9,11 ساعة,12,0,$10.00,يوم واحد,9,5,390.0,.Madeleine A,https://khamsat.com/user/madlen1122,True,بائع نشيط,5.0,12,94.29%,2,13,13 ساعة
بيانات,https://khamsat.com/data,علم البيانات وتعلم الآلة,https://khamsat.com/data/data-science-ml,تكوين مودل ذكي يعتمد على خوارزميات تعلم الآلة,https://khamsat.com/data/data-science-ml/2328748-%D8%AA%D9%83%D9%88%D9%8A%D9%86-%D9%85%D9%88%D8%AF%D9%84-%D8%B0%D9%83%D9%8A-%D9%8A%D8%B9%D8%AA%D9%85%D8%AF-%D8%B9%D9%84%D9%89-%D8%AE%D9%88%D8%A7%D8%B1%D8%B2%D9%85%D9%8A%D8%A7%D8%AA-%D8%AA%D8%B9%D9%84%D9%85-%D8%A7%D9%84%D8%A2%D9%84%D8%A9,4.5,2,8 ساعات,2,0,$25.00,يومين,2,3,275.0,علي س.,https://khamsat.com/user/alrehawi,True,بائع مميز,4.5,22,96.67%,6,42,9 ساعات
بيانات,https://khamsat.com/data,علم البيانات وتعلم الآلة,https://khamsat.com/data/data-science-ml,انشاء نماذج لتعلم الالة Deep Learning Machine Learning,https://khamsat.com/data/data-science-ml/2681889-%D8%A7%D9%86%D8%B4%D8%A7%D8%A1-%D9%86%D9%85%D8%A7%D8%B0%D8%AC-%D9%84%D8%AA%D8%B9%D9%84%D9%85-%D8%A7%D9%84%D8%A7%D9%84%D8%A9-deep-learning-machine-learning,5.0,1,18 ساعة,1,0,$5.00,يومين,1,2,25.0,.Ahmed E,https://khamsat.com/user/elheity,True,بائع جديد,5.0,1,60.0%,1,1,18 ساعة
بيانات,https://khamsat.com/data,علم البيانات وتعلم الآلة,https://khamsat.com/data/data-science-ml,موديل تعليم الالة machine learning model,https://khamsat.com/data/data-science-ml/3042319-%D9%85%D9%88%D8%AF%D9%8A%D9%84-%D8%AA%D8%B9%D9%84%D9%8A%D9%85-%D8%A7%D9%84%D8%A7%D9%84%D8%A9-machine-learning-model,0.0,0,لم يحسب,0,0,$5.00,يوم واحد,0,2,15.0,.Sahar M,https://khamsat.com/user/sahar_mah3r,False,بائع جديد,0.0,0,لم يحسب بعد,1,0,لم يحسب
بيانات,https://khamsat.com/data,علم البيانات وتعلم الآلة,https://khamsat.com/data/data-science-ml,بناء مودل اى للتعلم الالي أو التعلم العميق ML & DL,https://khamsat.com/data/data-science-ml/3045135-%D8%A8%D9%86%D8%A7%D8%A1-%D9%85%D9%88%D8%AF%D9%84-%D8%A7%D9%89-%D9%84%D9%84%D8%AA%D8%B9%D9%84%D9%85-%D8%A7%D9%84%D8%A7%D9%84%D9%8A-%D8%A3%D9%88-%D8%A7%D9%84%D8%AA%D8%B9%D9%84%D9%85-%D8%A7%D9%84%D8%B9%D9%85%D9%8A%D9%82-ml-dl,0.0,0,لم يحسب,0,0,$5.00,يوم واحد,0,2,15.0,.Hussein A,https://khamsat.com/user/hussein_adel_1,True,بائع جديد,0.0,0,لم يحسب بعد,2,0,لم يحسب
بيانات,https://khamsat.com/data,علم البيانات وتعلم الآلة,https://khamsat.com/data/data-science-ml,نماذج تعلم الآلة لتحليل دقيق وتوقعات تساعدك على النجاح,https://khamsat.com/data/data-science-ml/3041507-%D9%86%D9%85%D8%A7%D8%B0%D8%AC-%D8%AA%D8%B9%D9%84%D9%85-%D8%A7%D9%84%D8%A2%D9%84%D8%A9-%D9%84%D8%AA%D8%AD%D9%84%D9%8A%D9%84-%D8%AF%D9%82%D9%8A%D9%82-%D9%88%D8%AA%D9%88%D9%82%D8%B9%D8%A7%D8%AA-%D8%AA%D8%B3%D8%A7%D8%B9%D8%AF%D9%83-%D8%B9%D9%84%D9%89-%D8%A7%D9%84%D9%86%D8%AC%D8%A7%D8%AD,0.0,0,لم يحسب,0,0,$10.00,يوم واحد,0,5,165.0,.Amr A,https://khamsat.com/user/amr_amer7,True,بائع جديد,0.0,0,لم يحسب بعد,3,0,لم يحسب
بيانات,https://khamsat.com/data,علم البيانات وتعلم الآلة,https://khamsat.com/data/data-science-ml,بناء وتدريب نماذج تعلم الآلة,https://khamsat.com/data/data-science-ml/3051410-%D8%A8%D9%86%D8%A7%D8%A1-%D9%88%D8%AA%D8%AF%D8%B1%D9%8A%D8%A8-%D9%86%D9%85%D8%A7%D8%B0%D8%AC-%D8%AA%D8%B9%D9%84%D9%85-%D8%A7%D9%84%D8%A2%D9%84%D8%A9,0.0,0,لم يحسب,0,0,$5.00,يومين,0,5,80.0,.Mohamed W,https://khamsat.com/user/mohammed_waseem,True,بائع جديد,0.0,0,لم يحسب بعد,2,0,لم يحسب
بيانات,https://khamsat.com/data,علم البيانات وتعلم الآلة,https://khamsat.com/data/data-science-ml,بناء موديل بإستخدام Machine learning & deep learning,https://khamsat.com/data/data-science-ml/3031432-%D8%A8%D9%86%D8%A7%D8%A1-%D9%85%D9%88%D8%AF%D9%8A%D9%84-%D8%A8%D8%A5%D8%B3%D8%AA%D8%AE%D8%AF%D8%A7%D9%85-machine-learning-deep-learning,0.0,0,لم يحسب,0,0,$10.00,يومين,0,1,5.0,.Mohammed E,https://khamsat.com/user/mahetemy,True,بائع جديد,0.0,0,لم يحسب بعد,3,0,لم يحسب
بيانات,https://khamsat.com/data,علم البيانات وتعلم الآلة,https://khamsat.com/data/data-science-ml,انشاء نموذج تعلم آلة ML او تعلم عميق DL model,https://khamsat.com/data/data-science-ml/2867130-%D8%A7%D9%86%D8%B4%D8%A7%D8%A1-%D9%86%D9%85%D9%88%D8%B0%D8%AC-%D8%AA%D8%B9%D9%84%D9%85-%D8%A2%D9%84%D8%A9-ml-%D8%A7%D9%88-%D8%AA%D8%B9%D9%84%D9%85-%D8%B9%D9%85%D9%8A%D9%82-dl-model,0.0,0,لم يحسب,0,0,$5.00,يومين,0,4,65.0,محمد م.,https://khamsat.com/user/mousazzz,True,بائع جديد,0.0,0,لم يحسب بعد,1,0,لم يحسب
بيانات,https://khamsat.com/data,علم البيانات وتعلم الآلة,https://khamsat.com/data/data-science-ml,انشاء نماذج ذكاء اصطناعي وتعلم الآلة Machine Learning Models,https://khamsat.com/data/data-science-ml/2967219-%D8%A7%D9%86%D8%B4%D8%A7%D8%A1-%D9%86%D9%85%D8%A7%D8%B0%D8%AC-%D8%B0%D9%83%D8%A7%D8%A1-%D8%A7%D8%B5%D8%B7%D9%86%D8%A7%D8%B9%D9%8A-%D9%88%D8%AA%D8%B9%D9%84%D9%85-%D8%A7%D9%84%D8%A2%D9%84%D8%A9-machine-learning-models,5.0,1,ساعة,1,0,$10.00,يومين,1,4,90.0,خالد ش.,https://khamsat.com/user/khaledshakerrr,True,بائع جديد,5.0,2,100.0%,3,3,6 ساعات
بيانات,https://khamsat.com/data,علم البيانات وتعلم الآلة,https://khamsat.com/data/data-science-ml,تطوير خوارزميات تعلم الاله Machine learning,https://khamsat.com/data/data-science-ml/2618415-%D8%AA%D8%B7%D9%88%D9%8A%D8%B1-%D8%AE%D9%88%D8%A7%D8%B1%D8%B2%D9%85%D9%8A%D8%A7%D8%AA-%D8%AA%D8%B9%D9%84%D9%85-%D8%A7%D9%84%D8%A7%D9%84%D9%87-machine-learning,0.0,0,لم يحسب,0,0,$5.00,يوم واحد,0,3,105.0,.Mohmed B,https://khamsat.com/user/mohamed_bayoumi88,True,بائع جديد,0.0,0,لم يحسب بعد,1,0,لم يحسب
بيانات,https://khamsat.com/data,علم البيانات وتعلم الآلة,https://khamsat.com/data/data-science-ml,انشاء موديل قوى فى تعلم الاله,https://khamsat.com/data/data-science-ml/3050705-%D8%A7%D9%86%D8%B4%D8%A7%D8%A1-%D9%85%D9%88%D8%AF%D9%8A%D9%84-%D9%82%D9%88%D9%89-%D9%81%D9%89-%D8%AA%D8%B9%D9%84%D9%85-%D8%A7%D9%84%D8%A7%D9%84%D9%87,0.0,0,لم يحسب,0,0,$5.00,يوم واحد,0,4,35.0,محمد ه.,https://khamsat.com/user/mohamed_haytham99,True,بائع جديد,0.0,0,لم يحسب بعد,2,0,لم يحسب
بيانات,https://khamsat.com/data,علم البيانات وتعلم الآلة,https://khamsat.com/data/data-science-ml,ربط مودل machine / deep learning ب flask,https://khamsat.com/data/data-science-ml/2515443-%D8%B1%D8%A8%D8%B7-%D9%85%D9%88%D8%AF%D9%84-machine-deep-learning-%D8%A8-flask,5.0,1,4 ساعات,2,0,$10.00,يوم واحد,1,2,45.0,فاطمة ا.,https://khamsat.com/user/fatimaas6618,True,بائع جديد,5.0,6,47.06%,2,8,3 ساعات
بيانات,https://khamsat.com/data,علم البيانات وتعلم الآلة,https://khamsat.com/data/data-science-ml,بناء مودل Machine Leaening and Deep Learning,https://khamsat.com/data/data-science-ml/3019595-%D8%A8%D9%86%D8%A7%D8%A1-%D9%85%D9%88%D8%AF%D9%84-machine-leaening-and-deep-learning,0.0,0,لم يحسب,0,0,$5.00,يوم واحد,0,5,140.0,.Sara G,https://khamsat.com/user/sara_gamil_mohamed,True,بائع جديد,0.0,0,لم يحسب بعد,1,0,لم يحسب
بيانات,https://khamsat.com/data,علم البيانات وتعلم الآلة,https://khamsat.com/data/data-science-ml,انشاء موديل التعلم العميق متخصص فى الرؤية الحاسوبية,https://khamsat.com/data/data-science-ml/3050698-%D8%A7%D9%86%D8%B4%D8%A7%D8%A1-%D9%85%D9%88%D8%AF%D9%8A%D9%84-%D8%A7%D9%84%D8%AA%D8%B9%D9%84%D9%85-%D8%A7%D9%84%D8%B9%D9%85%D9%8A%D9%82-%D9%85%D8%AA%D8%AE%D8%B5%D8%B5-%D9%81%D9%89-%D8%A7%D9%84%D8%B1%D8%A4%D9%8A%D8%A9-%D8%A7%D9%84%D8%AD%D8%A7%D8%B3%D9%88%D8%A8%D9%8A%D8%A9,0.0,0,لم يحسب,0,0,$10.00,يوم واحد,0,2,20.0,محمد ه.,https://khamsat.com/user/mohamed_haytham99,True,بائع جديد,0.0,0,لم يحسب بعد,2,0,لم يحسب
بيانات,https://khamsat.com/data,لوحات البيانات,https://khamsat.com/data/data-dashboards,داش بورد Dashboard لوحات تفاعلية على برنامج Power BI,https://khamsat.com/data/data-dashboards/2117406-%D8%AF%D8%A7%D8%B4-%D8%A8%D9%88%D8%B1%D8%AF-dashboard-%D9%84%D9%88%D8%AD%D8%A7%D8%AA-%D8%AA%D9%81%D8%A7%D8%B9%D9%84%D9%8A%D8%A9-%D8%B9%D9%84%D9%89-%D8%A8%D8%B1%D9%86%D8%A7%D9%85%D8%AC-power-bi,5.0,67,3 دقائق,72,0,$30.00,يوم واحد,25,5,465.0,.Marwan A,https://khamsat.com/user/aoubaida,True,بائع مميز,5.0,68,92.99%,2,72,3 دقائق
بيانات,https://khamsat.com/data,لوحات البيانات,https://khamsat.com/data/data-dashboards,امتلك ملف إكسيل خاص مع داش بورد تفاعلي Excel with Dashboard.,https://khamsat.com/data/data-dashboards/2249431-%D8%A7%D9%85%D8%AA%D9%84%D9%83-%D9%85%D9%84%D9%81-%D8%A5%D9%83%D8%B3%D9%8A%D9%84-%D8%AE%D8%A7%D8%B5-%D9%85%D8%B9-%D8%AF%D8%A7%D8%B4-%D8%A8%D9%88%D8%B1%D8%AF-%D8%AA%D9%81%D8%A7%D8%B9%D9%84%D9%8A-excel-with-dashboard,5.0,40,20 دقيقة,52,2,$30.00,يوم واحد,25,5,215.0,.Islam S,https://khamsat.com/user/islamkhattab,True,بائع مميز,5.0,59,97.25%,3,65,28 دقيقة
بيانات,https://khamsat.com/data,لوحات البيانات,https://khamsat.com/data/data-dashboards,عمل داشبورد بواسطة برنامج باور بي اي Power BI,https://khamsat.com/data/data-dashboards/1953789-%D8%B9%D9%85%D9%84-%D8%AF%D8%A7%D8%B4%D8%A8%D9%88%D8%B1%D8%AF-%D8%A8%D9%88%D8%A7%D8%B3%D8%B7%D8%A9-%D8%A8%D8%B1%D9%86%D8%A7%D9%85%D8%AC-%D8%A8%D8%A7%D9%88%D8%B1-%D8%A8%D9%8A-%D8%A7%D9%8A-power-bi,5.0,17,4 ساعات,23,0,$5.00,يوم واحد,17,5,265.0,عبدالله ا.,https://khamsat.com/user/a_elsaholi,True,بائع مميز,5.0,90,96.71%,17,115,ساعتين
بيانات,https://khamsat.com/data,لوحات البيانات,https://khamsat.com/data/data-dashboards,Dashboard امتلك داشبورد أونلاين على جوجل داتا ستوديو,https://khamsat.com/data/data-dashboards/2646005-dashboard-%D8%A7%D9%85%D8%AA%D9%84%D9%83-%D8%AF%D8%A7%D8%B4%D8%A8%D9%88%D8%B1%D8%AF-%D8%A3%D9%88%D9%86%D9%84%D8%A7%D9%8A%D9%86-%D8%B9%D9%84%D9%89-%D8%AC%D9%88%D8%AC%D9%84-%D8%AF%D8%A7%D8%AA%D8%A7-%D8%B3%D8%AA%D9%88%D8%AF%D9%8A%D9%88,5.0,12,9 دقائق,15,0,$25.00,يوم واحد,12,5,125.0,.Islam S,https://khamsat.com/user/islamkhattab,True,بائع مميز,5.0,59,97.25%,3,65,28 دقيقة
بيانات,https://khamsat.com/data,لوحات البيانات,https://khamsat.com/data/data-dashboards,بناء وتصميم داش بورد dashboard تفاعلي على الاكسل,https://khamsat.com/data/data-dashboards/2622747-%D8%A8%D9%86%D8%A7%D8%A1-%D9%88%D8%AA%D8%B5%D9%85%D9%8A%D9%85-%D8%AF%D8%A7%D8%B4-%D8%A8%D9%88%D8%B1%D8%AF-dashboard-%D8%AA%D9%81%D8%A7%D8%B9%D9%84%D9%8A-%D8%B9%D9%84%D9%89-%D8%A7%D9%84%D8%A7%D9%83%D8%B3%D9%84,4.5,21,يوم,29,0,$5.00,يومين,21,5,195.0,.Ahmed Y,https://khamsat.com/user/ahmed_yousri6,True,بائع مميز,4.5,46,98.94%,6,46,6 ساعات
بيانات,https://khamsat.com/data,لوحات البيانات,https://khamsat.com/data/data-dashboards,كود VBA اكسل لتنفيذ مهام مكررة في الاكسل بشكل تلقائي,https://khamsat.com/data/data-dashboards/2984020-%D9%83%D9%88%D8%AF-vba-%D8%A7%D9%83%D8%B3%D9%84-%D9%84%D8%AA%D9%86%D9%81%D9%8A%D8%B0-%D9%85%D9%87%D8%A7%D9%85-%D9%85%D9%83%D8%B1%D8%B1%D8%A9-%D9%81%D9%8A-%D8%A7%D9%84%D8%A7%D9%83%D8%B3%D9%84-%D8%A8%D8%B4%D9%83%D9%84-%D8%AA%D9%84%D9%82%D8%A7%D8%A6%D9%8A,5.0,5,12 دقيقة,8,0,$10.00,يوم واحد,5,4,70.0,.Hasan E,https://khamsat.com/user/hasa_elhammo,True,بائع نشيط,5.0,6,100.0%,6,8,12 دقيقة
بيانات,https://khamsat.com/data,لوحات البيانات,https://khamsat.com/data/data-dashboards,عمل داش بورد Dashboard ورسوم بيانية,https://khamsat.com/data/data-dashboards/1174280-%D8%B9%D9%85%D9%84-%D8%AF%D8%A7%D8%B4-%D8%A8%D9%88%D8%B1%D8%AF-dashboard-%D9%88%D8%B1%D8%B3%D9%88%D9%85-%D8%A8%D9%8A%D8%A7%D9%86%D9%8A%D8%A9,4.5,9,8 ساعات,21,0,$5.00,يوم واحد,9,5,115.0,.Mohamed H,https://khamsat.com/user/mo_wagdy,True,بائع مميز,4.5,40,89.13%,6,59,3 ساعات
بيانات,https://khamsat.com/data,لوحات البيانات,https://khamsat.com/data/data-dashboards,داشبورد Dashboard تفاعلية وتحليل بيانات على Excel,https://khamsat.com/data/data-dashboards/1855983-%D8%AF%D8%A7%D8%B4%D8%A8%D9%88%D8%B1%D8%AF-dashboard-%D8%AA%D9%81%D8%A7%D8%B9%D9%84%D9%8A%D8%A9-%D9%88%D8%AA%D8%AD%D9%84%D9%8A%D9%84-%D8%A8%D9%8A%D8%A7%D9%86%D8%A7%D8%AA-%D8%B9%D9%84%D9%89-excel,5.0,12,ساعتين,19,0,$10.00,يومين,12,5,115.0,.Mahmoud A,https://khamsat.com/user/mahmoudelmahdy001,True,بائع مميز,5.0,14,100.0%,2,20,ساعة
بيانات,https://khamsat.com/data,لوحات البيانات,https://khamsat.com/data/data-dashboards,عمل داشبورد تفاعلى Interactive Dashboard بإستخدام Power BI,https://khamsat.com/data/data-dashboards/2469163-%D8%B9%D9%85%D9%84-%D8%AF%D8%A7%D8%B4%D8%A8%D9%88%D8%B1%D8%AF-%D8%AA%D9%81%D8%A7%D8%B9%D9%84%D9%89-interactive-dashboard-%D8%A8%D8%A5%D8%B3%D8%AA%D8%AE%D8%AF%D8%A7%D9%85-power-bi,5.0,11,16 دقيقة,13,1,$10.00,يومين,11,4,110.0,محمد ا.,https://khamsat.com/user/mohamed_elseadawy1,True,بائع مميز,5.0,199,99.55%,6,213,ساعة
بيانات,https://khamsat.com/data,لوحات البيانات,https://khamsat.com/data/data-dashboards,تصميم Dashboard تفاعلي وعمل تقارير PowerBI,https://khamsat.com/data/data-dashboards/2675304-%D8%AA%D8%B5%D9%85%D9%8A%D9%85-dashboard-%D8%AA%D9%81%D8%A7%D8%B9%D9%84%D9%8A-%D9%88%D8%B9%D9%85%D9%84-%D8%AA%D9%82%D8%A7%D8%B1%D9%8A%D8%B1-powerbi,4.5,8,8 ساعات,10,0,$10.00,ثلاثة أيام,8,5,75.0,.Ali E,https://khamsat.com/user/ali_elbatrawy,True,بائع نشيط,4.5,9,90.91%,2,11,5 ساعات
بيانات,https://khamsat.com/data,لوحات البيانات,https://khamsat.com/data/data-dashboards,تصميم و إنشاء داشبورد ديناميكي احترافي - Excel Dashboard,https://khamsat.com/data/data-dashboards/2828341-%D8%AA%D8%B5%D9%85%D9%8A%D9%85-%D9%88-%D8%A5%D9%86%D8%B4%D8%A7%D8%A1-%D8%AF%D8%A7%D8%B4%D8%A8%D9%88%D8%B1%D8%AF-%D8%AF%D9%8A%D9%86%D8%A7%D9%85%D9%8A%D9%83%D9%8A-%D8%A7%D8%AD%D8%AA%D8%B1%D8%A7%D9%81%D9%8A-excel-dashboard,5.0,3,ساعة,7,0,$10.00,ثلاثة أيام,3,5,70.0,.Mohamed A,https://khamsat.com/user/dr_mohamedabdelael,True,بائع نشيط,5.0,6,100.0%,3,9,ساعة
بيانات,https://khamsat.com/data,لوحات البيانات,https://khamsat.com/data/data-dashboards,تصميم Dashboard تفاعلية على برنامج Power BI و Excel,https://khamsat.com/data/data-dashboards/3030816-%D8%AA%D8%B5%D9%85%D9%8A%D9%85-dashboard-%D8%AA%D9%81%D8%A7%D8%B9%D9%84%D9%8A%D8%A9-%D8%B9%D9%84%D9%89-%D8%A8%D8%B1%D9%86%D8%A7%D9%85%D8%AC-power-bi-%D9%88-excel,5.0,2,ساعتين,2,0,$5.00,يوم واحد,2,4,80.0,.Ayman R,https://khamsat.com/user/ayman_rezk,True,بائع جديد,5.0,2,100.0%,1,2,ساعتين
بيانات,https://khamsat.com/data,لوحات البيانات,https://khamsat.com/data/data-dashboards,انشاء داشبورد Dashboard تفاعلية Excel,https://khamsat.com/data/data-dashboards/2559166-%D8%A7%D9%86%D8%B4%D8%A7%D8%A1-%D8%AF%D8%A7%D8%B4%D8%A8%D9%88%D8%B1%D8%AF-dashboard-%D8%AA%D9%81%D8%A7%D8%B9%D9%84%D9%8A%D8%A9-excel,4.5,28,3 ساعات,39,0,$15.00,أربعة أيام,25,5,45.0,.Youssra S,https://khamsat.com/user/youssra_salah,True,بائع مميز,4.5,32,87.29%,3,41,3 ساعات
بيانات,https://khamsat.com/data,لوحات البيانات,https://khamsat.com/data/data-dashboards,داش بورد Dynamic Dashboard لوحات تفاعلية على برنامج Excel,https://khamsat.com/data/data-dashboards/2605146-%D8%AF%D8%A7%D8%B4-%D8%A8%D9%88%D8%B1%D8%AF-dynamic-dashboard-%D9%84%D9%88%D8%AD%D8%A7%D8%AA-%D8%AA%D9%81%D8%A7%D8%B9%D9%84%D9%8A%D8%A9-%D8%B9%D9%84%D9%89-%D8%A8%D8%B1%D9%86%D8%A7%D9%85%D8%AC-excel,5.0,3,7 دقائق,4,0,$10.00,يومين,3,4,140.0,.Eslam M,https://khamsat.com/user/eslam_mohamed_2010,True,بائع جديد,5.0,5,75.0%,4,5,3 ساعات
بيانات,https://khamsat.com/data,لوحات البيانات,https://khamsat.com/data/data-dashboards,انشاء داش بورد باستخدام الPower BI,https://khamsat.com/data/data-dashboards/2815292-%D8%A7%D9%86%D8%B4%D8%A7%D8%A1-%D8%AF%D8%A7%D8%B4-%D8%A8%D9%88%D8%B1%D8%AF-%D8%A8%D8%A7%D8%B3%D8%AA%D8%AE%D8%AF%D8%A7%D9%85-%D8%A7%D9%84power-bi,5.0,2,أقل من دقيقة,4,0,$10.00,يومين,2,1,5.0,.Reem A,https://khamsat.com/user/reemorere33,True,بائع نشيط,5.0,12,100.0%,4,13,5 ساعات
بيانات,https://khamsat.com/data,لوحات البيانات,https://khamsat.com/data/data-dashboards,داشبورد Dashboard تفاعلية وتحليل بيانات على Power BI,https://khamsat.com/data/data-dashboards/2925534-%D8%AF%D8%A7%D8%B4%D8%A8%D9%88%D8%B1%D8%AF-dashboard-%D8%AA%D9%81%D8%A7%D8%B9%D9%84%D9%8A%D8%A9-%D9%88%D8%AA%D8%AD%D9%84%D9%8A%D9%84-%D8%A8%D9%8A%D8%A7%D9%86%D8%A7%D8%AA-%D8%B9%D9%84%D9%89-power-bi,5.0,2,24 دقيقة,2,0,$10.00,ثلاثة أيام,2,4,170.0,.Mahmoud A,https://khamsat.com/user/mahmoudelmahdy001,True,بائع مميز,5.0,14,100.0%,2,20,ساعة
بيانات,https://khamsat.com/data,لوحات البيانات,https://khamsat.com/data/data-dashboards,داش بورد تفاعلية علي برنامج power BI,https://khamsat.com/data/data-dashboards/2646355-%D8%AF%D8%A7%D8%B4-%D8%A8%D9%88%D8%B1%D8%AF-%D8%AA%D9%81%D8%A7%D8%B9%D9%84%D9%8A%D8%A9-%D8%B9%D9%84%D9%8A-%D8%A8%D8%B1%D9%86%D8%A7%D9%85%D8%AC-power-bi,5.0,5,3 دقائق,9,0,$5.00,ثلاثة أيام,5,3,60.0,.Sara E,https://khamsat.com/user/sara_ezzat4045,True,بائع مميز,5.0,45,98.83%,11,61,3 ساعات
بيانات,https://khamsat.com/data,لوحات البيانات,https://khamsat.com/data/data-dashboards,بناء داشبورد ديناميكي إحترافي Excel Dashboard,https://khamsat.com/data/data-dashboards/2798498-%D8%A8%D9%86%D8%A7%D8%A1-%D8%AF%D8%A7%D8%B4%D8%A8%D9%88%D8%B1%D8%AF-%D8%AF%D9%8A%D9%86%D8%A7%D9%85%D9%8A%D9%83%D9%8A-%D8%A5%D8%AD%D8%AA%D8%B1%D8%A7%D9%81%D9%8A-excel-dashboard,5.0,13,9 ساعات,17,0,$5.00,يومين,13,5,120.0,.Mohamed A,https://khamsat.com/user/mohamed_alakhrety,True,بائع نشيط,5.0,20,100.0%,3,22,4 ساعات
بيانات,https://khamsat.com/data,لوحات البيانات,https://khamsat.com/data/data-dashboards,تصميم لوحة بيانات باستخدام الاكسيل,https://khamsat.com/data/data-dashboards/2907910-%D8%AA%D8%B5%D9%85%D9%8A%D9%85-%D9%84%D9%88%D8%AD%D8%A9-%D8%A8%D9%8A%D8%A7%D9%86%D8%A7%D8%AA-%D8%A8%D8%A7%D8%B3%D8%AA%D8%AE%D8%AF%D8%A7%D9%85-%D8%A7%D9%84%D8%A7%D9%83%D8%B3%D9%8A%D9%84,5.0,3,دقيقة,3,0,$10.00,يومين,3,2,15.0,.Sohila M,https://khamsat.com/user/sohila_mohey_kotb,True,بائع جديد,5.0,5,100.0%,4,3,28 دقيقة
بيانات,https://khamsat.com/data,لوحات البيانات,https://khamsat.com/data/data-dashboards,تحليل البيانات وإنشاء تقارير Excel تفاعلية ومرئية,https://khamsat.com/data/data-dashboards/2963232-%D8%AA%D8%AD%D9%84%D9%8A%D9%84-%D8%A7%D9%84%D8%A8%D9%8A%D8%A7%D9%86%D8%A7%D8%AA-%D9%88%D8%A5%D9%86%D8%B4%D8%A7%D8%A1-%D8%AA%D9%82%D8%A7%D8%B1%D9%8A%D8%B1-excel-%D8%AA%D9%81%D8%A7%D8%B9%D9%84%D9%8A%D8%A9-%D9%88%D9%85%D8%B1%D8%A6%D9%8A%D8%A9,5.0,1,ساعتين,1,0,$5.00,يومين,1,2,15.0,.Ibrahim S,https://khamsat.com/user/ibrahim_fathy2,True,بائع جديد,5.0,1,100.0%,2,1,ساعتين
بيانات,https://khamsat.com/data,لوحات البيانات,https://khamsat.com/data/data-dashboards,تصميم داشبورد تفاعلية بشكل احترافي باستخدام Power BI,https://khamsat.com/data/data-dashboards/2769100-%D8%AA%D8%B5%D9%85%D9%8A%D9%85-%D8%AF%D8%A7%D8%B4%D8%A8%D9%88%D8%B1%D8%AF-%D8%AA%D9%81%D8%A7%D8%B9%D9%84%D9%8A%D8%A9-%D8%A8%D8%B4%D9%83%D9%84-%D8%A7%D8%AD%D8%AA%D8%B1%D8%A7%D9%81%D9%8A-%D8%A8%D8%A7%D8%B3%D8%AA%D8%AE%D8%AF%D8%A7%D9%85-power-bi,4.5,6,46 دقيقة,6,0,$10.00,يوم واحد,6,3,100.0,عمرو ع.,https://khamsat.com/user/amrabdelgawad98,True,بائع جديد,4.5,6,100.0%,1,6,46 دقيقة
بيانات,https://khamsat.com/data,لوحات البيانات,https://khamsat.com/data/data-dashboards,داش بورد Dashboard لوحات تفاعلية على برنامج Power BI,https://khamsat.com/data/data-dashboards/2829782-%D8%AF%D8%A7%D8%B4-%D8%A8%D9%88%D8%B1%D8%AF-dashboard-%D9%84%D9%88%D8%AD%D8%A7%D8%AA-%D8%AA%D9%81%D8%A7%D8%B9%D9%84%D9%8A%D8%A9-%D8%B9%D9%84%D9%89-%D8%A8%D8%B1%D9%86%D8%A7%D9%85%D8%AC-power-bi,5.0,2,12 ساعة,2,0,$5.00,يوم واحد,2,4,80.0,.Abdellatif N,https://khamsat.com/user/abdellatif_nagy,True,بائع جديد,3.5,5,100.0%,4,6,6 ساعات
بيانات,https://khamsat.com/data,لوحات البيانات,https://khamsat.com/data/data-dashboards,تصميم داش بورد احترافي وسهل الاستخدام بواسطة Tableau,https://khamsat.com/data/data-dashboards/2884693-%D8%AA%D8%B5%D9%85%D9%8A%D9%85-%D8%AF%D8%A7%D8%B4-%D8%A8%D9%88%D8%B1%D8%AF-%D8%A7%D8%AD%D8%AA%D8%B1%D8%A7%D9%81%D9%8A-%D9%88%D8%B3%D9%87%D9%84-%D8%A7%D9%84%D8%A7%D8%B3%D8%AA%D8%AE%D8%AF%D8%A7%D9%85-%D8%A8%D9%88%D8%A7%D8%B3%D8%B7%D8%A9-tableau,5.0,2,7 دقائق,2,0,$5.00,يوم واحد,2,3,25.0,.Oussama A,https://khamsat.com/user/amejaloussama,True,بائع جديد,5.0,2,100.0%,2,2,7 دقائق
بيانات,https://khamsat.com/data,لوحات البيانات,https://khamsat.com/data/data-dashboards,داشبورد Dashboard لوحات تفاعلية على برنامج Power BI,https://khamsat.com/data/data-dashboards/1981439-%D8%AF%D8%A7%D8%B4%D8%A8%D9%88%D8%B1%D8%AF-dashboard-%D9%84%D9%88%D8%AD%D8%A7%D8%AA-%D8%AA%D9%81%D8%A7%D8%B9%D9%84%D9%8A%D8%A9-%D8%B9%D9%84%D9%89-%D8%A8%D8%B1%D9%86%D8%A7%D9%85%D8%AC-power-bi,5.0,47,53 دقيقة,53,0,$10.00,يوم واحد,25,5,460.0,.Rabea D,https://khamsat.com/user/rab_dam,True,بائع مميز,5.0,214,96.32%,8,216,يوم
بيانات,https://khamsat.com/data,لوحات البيانات,https://khamsat.com/data/data-dashboards,عمل Dashboard تفاعلية احترافية باستخدام Looker Studio,https://khamsat.com/data/data-dashboards/1742580-%D8%B9%D9%85%D9%84-dashboard-%D8%AA%D9%81%D8%A7%D8%B9%D9%84%D9%8A%D8%A9-%D8%A7%D8%AD%D8%AA%D8%B1%D8%A7%D9%81%D9%8A%D8%A9-%D8%A8%D8%A7%D8%B3%D8%AA%D8%AE%D8%AF%D8%A7%D9%85-looker-studio,5.0,8,4 ساعات,13,0,$20.00,ثلاثة أيام,8,5,60.0,عبد الرحمن ي.,https://khamsat.com/user/abdulrahmanyasen,True,بائع مميز,4.5,32,86.96%,5,47,4 ساعات
بيانات,https://khamsat.com/data,لوحات البيانات,https://khamsat.com/data/data-dashboards,تصميم داشبورد تفاعلية بشكل احترافي - Excel Dashboard,https://khamsat.com/data/data-dashboards/2496535-%D8%AA%D8%B5%D9%85%D9%8A%D9%85-%D8%AF%D8%A7%D8%B4%D8%A8%D9%88%D8%B1%D8%AF-%D8%AA%D9%81%D8%A7%D8%B9%D9%84%D9%8A%D8%A9-%D8%A8%D8%B4%D9%83%D9%84-%D8%A7%D8%AD%D8%AA%D8%B1%D8%A7%D9%81%D9%8A-excel-dashboard,5.0,41,ساعة,53,0,$10.00,يومين,25,5,120.0,.Ahmed A,https://khamsat.com/user/a7md_3b3al,True,بائع مميز,5.0,158,98.13%,10,131,6 ساعات
بيانات,https://khamsat.com/data,لوحات البيانات,https://khamsat.com/data/data-dashboards,اعداد ملف اكسيل مع داشبورد تفاعلية Excel,https://khamsat.com/data/data-dashboards/2603877-%D8%A7%D8%B9%D8%AF%D8%A7%D8%AF-%D9%85%D9%84%D9%81-%D8%A7%D9%83%D8%B3%D9%8A%D9%84-%D9%85%D8%B9-%D8%AF%D8%A7%D8%B4%D8%A8%D9%88%D8%B1%D8%AF-%D8%AA%D9%81%D8%A7%D8%B9%D9%84%D9%8A%D8%A9-excel,4.5,15,41 دقيقة,18,0,$10.00,يوم واحد,15,4,225.0,.Mahmoud T,https://khamsat.com/user/mahmoudmtwfiq,True,بائع نشيط,4.5,21,97.14%,5,23,ساعة
بيانات,https://khamsat.com/data,لوحات البيانات,https://khamsat.com/data/data-dashboards,داش بورد تفاعلي لتحليل البيانات Dashboard على الاكسيل,https://khamsat.com/data/data-dashboards/3025023-%D8%AF%D8%A7%D8%B4-%D8%A8%D9%88%D8%B1%D8%AF-%D8%AA%D9%81%D8%A7%D8%B9%D9%84%D9%8A-%D9%84%D8%AA%D8%AD%D9%84%D9%8A%D9%84-%D8%A7%D9%84%D8%A8%D9%8A%D8%A7%D9%86%D8%A7%D8%AA-dashboard-%D8%B9%D9%84%D9%89%D8%A7%D9%84%D8%A7%D9%83%D8%B3%D9%8A%D9%84,5.0,2,8 ساعات,2,0,$5.00,يوم واحد,2,5,190.0,رنيم ع.,https://khamsat.com/user/raneem_abdallah,True,بائع جديد,5.0,2,100.0%,3,2,8 ساعات
بيانات,https://khamsat.com/data,لوحات البيانات,https://khamsat.com/data/data-dashboards,داش بورد Dashboard لوحات تفاعلية على برنامج Power BI,https://khamsat.com/data/data-dashboards/2317621-%D8%AF%D8%A7%D8%B4-%D8%A8%D9%88%D8%B1%D8%AF-dashboard-%D9%84%D9%88%D8%AD%D8%A7%D8%AA-%D8%AA%D9%81%D8%A7%D8%B9%D9%84%D9%8A%D8%A9-%D8%B9%D9%84%D9%89-%D8%A8%D8%B1%D9%86%D8%A7%D9%85%D8%AC-power-bi,5.0,1,3 ساعات,2,0,$10.00,يوم واحد,1,4,40.0,.Ahmed S,https://khamsat.com/user/ahmedsami8281,True,بائع نشيط,5.0,7,92.5%,3,8,3 ساعات
بيانات,https://khamsat.com/data,لوحات البيانات,https://khamsat.com/data/data-dashboards,لوحات تفاعلية مميزة على الPowerBI,https://khamsat.com/data/data-dashboards/2504835-%D9%84%D9%88%D8%AD%D8%A7%D8%AA-%D8%AA%D9%81%D8%A7%D8%B9%D9%84%D9%8A%D8%A9-%D9%85%D9%85%D9%8A%D8%B2%D8%A9-%D8%B9%D9%84%D9%89-%D8%A7%D9%84powerbi,5.0,14,12 ساعة,15,0,$5.00,ثلاثة أيام,14,4,60.0,.Farah H,https://khamsat.com/user/farahheliel123,True,بائع مميز,5.0,94,90.7%,11,49,يوم
بيانات,https://khamsat.com/data,رسوم ومخططات بيانية,https://khamsat.com/data/charts-graphs,"تصميم مخططات UML لتحليل النظم ""Software Engineering""",https://khamsat.com/data/charts-graphs/2123607-%D8%AA%D8%B5%D9%85%D9%8A%D9%85-%D9%85%D8%AE%D8%B7%D8%B7%D8%A7%D8%AA-uml-%D9%84%D8%AA%D8%AD%D9%84%D9%8A%D9%84-%D8%A7%D9%84%D9%86%D8%B8%D9%85-software-engineering,4.5,67,ساعتين,95,0,$5.00,يوم واحد,25,5,290.0,.Soliman M,https://khamsat.com/user/soliman_mohammed2,True,بائع مميز,4.5,107,97.7%,10,141,3 ساعات
بيانات,https://khamsat.com/data,رسوم ومخططات بيانية,https://khamsat.com/data/charts-graphs,تصميم مخططات UML,https://khamsat.com/data/charts-graphs/2441698-%D8%AA%D8%B5%D9%85%D9%8A%D9%85-%D9%85%D8%AE%D8%B7%D8%B7%D8%A7%D8%AA-uml,5.0,18,ساعة,22,0,$10.00,يوم واحد,18,3,30.0,.Kheder A,https://khamsat.com/user/eng_kheder_asfour,True,بائع مميز,5.0,21,96.49%,3,25,ساعتين
بيانات,https://khamsat.com/data,رسوم ومخططات بيانية,https://khamsat.com/data/charts-graphs,تصميم مخططات UML لنظام برمجي,https://khamsat.com/data/charts-graphs/2552729-%D8%AA%D8%B5%D9%85%D9%8A%D9%85-%D9%85%D8%AE%D8%B7%D8%B7%D8%A7%D8%AA-uml-%D9%84%D9%86%D8%B8%D8%A7%D9%85-%D8%A8%D8%B1%D9%85%D8%AC%D9%8A,5.0,16,3 ساعات,33,0,$5.00,يوم واحد,16,3,30.0,.Fadi A,https://khamsat.com/user/fadi_aana,True,بائع مميز,5.0,24,94.52%,5,40,5 ساعات
بيانات,https://khamsat.com/data,رسوم ومخططات بيانية,https://khamsat.com/data/charts-graphs,تنفيذ مخططات System analyses لتحليل المشاريع و جدولتها,https://khamsat.com/data/charts-graphs/1682536-%D8%AA%D9%86%D9%81%D9%8A%D8%B0-%D9%85%D8%AE%D8%B7%D8%B7%D8%A7%D8%AA-system-analyses-%D9%84%D8%AA%D8%AD%D9%84%D9%8A%D9%84-%D8%A7%D9%84%D9%85%D8%B4%D8%A7%D8%B1%D9%8A%D8%B9-%D9%88-%D8%AC%D8%AF%D9%88%D9%84%D8%AA%D9%87%D8%A7,5.0,21,5 دقائق,25,0,$5.00,أسبوعين,21,5,365.0,.Ahmed S,https://khamsat.com/user/ahmed_saied2019,True,بائع مميز,5.0,33,94.2%,5,39,49 دقيقة
بيانات,https://khamsat.com/data,رسوم ومخططات بيانية,https://khamsat.com/data/charts-graphs,تحليل النظم وإنشاء مخططات UML,https://khamsat.com/data/charts-graphs/1597963-%D8%AA%D8%AD%D9%84%D9%8A%D9%84-%D8%A7%D9%84%D9%86%D8%B8%D9%85-%D9%88%D8%A5%D9%86%D8%B4%D8%A7%D8%A1-%D9%85%D8%AE%D8%B7%D8%B7%D8%A7%D8%AA-uml,4.5,30,46 دقيقة,60,0,$5.00,يوم واحد,25,3,35.0,ميس س.,https://khamsat.com/user/mais_gh_saad,True,بائع مميز,4.5,43,94.12%,8,83,4 ساعات
بيانات,https://khamsat.com/data,رسوم ومخططات بيانية,https://khamsat.com/data/charts-graphs,تصميم أي نوع من مخططات uml لموقع كامل,https://khamsat.com/data/charts-graphs/2750564-%D8%AA%D8%B5%D9%85%D9%8A%D9%85-%D8%A3%D9%8A-%D9%86%D9%88%D8%B9-%D9%85%D9%86-%D9%85%D8%AE%D8%B7%D8%B7%D8%A7%D8%AA-uml-%D9%84%D9%85%D9%88%D9%82%D8%B9-%D9%83%D8%A7%D9%85%D9%84,5.0,2,ساعة,2,0,$10.00,يوم واحد,2,2,20.0,عمار ا.,https://khamsat.com/user/ammaralesrawi,True,بائع جديد,5.0,3,80.0%,3,3,ساعتين
بيانات,https://khamsat.com/data,رسوم ومخططات بيانية,https://khamsat.com/data/charts-graphs,دراسة تحليلية وتصميمية لمشروع برمجي باستخدام اداة UML,https://khamsat.com/data/charts-graphs/2981872-%D8%AF%D8%B1%D8%A7%D8%B3%D8%A9-%D8%AA%D8%AD%D9%84%D9%8A%D9%84%D9%8A%D8%A9-%D9%88%D8%AA%D8%B5%D9%85%D9%8A%D9%85%D9%8A%D8%A9-%D9%84%D9%85%D8%B4%D8%B1%D9%88%D8%B9-%D8%A8%D8%B1%D9%85%D8%AC%D9%8A-%D8%A8%D8%A7%D8%B3%D8%AA%D8%AE%D8%AF%D8%A7%D9%85-%D8%A7%D8%AF%D8%A7%D8%A9-uml,5.0,2,3 ساعات,3,1,$5.00,يوم واحد,2,4,125.0,سهير ا.,https://khamsat.com/user/karmentor23,True,بائع جديد,5.0,2,100.0%,3,3,3 ساعات
بيانات,https://khamsat.com/data,رسوم ومخططات بيانية,https://khamsat.com/data/charts-graphs,تحليل النظم والتطبيقات والمشاريع وإنشاء مخططات UML Diagrams,https://khamsat.com/data/charts-graphs/2530776-%D8%AA%D8%AD%D9%84%D9%8A%D9%84-%D8%A7%D9%84%D9%86%D8%B8%D9%85-%D9%88%D8%A7%D9%84%D8%AA%D8%B7%D8%A8%D9%8A%D9%82%D8%A7%D8%AA-%D9%88%D8%A7%D9%84%D9%85%D8%B4%D8%A7%D8%B1%D9%8A%D8%B9-%D9%88%D8%A5%D9%86%D8%B4%D8%A7%D8%A1-%D9%85%D8%AE%D8%B7%D8%B7%D8%A7%D8%AA-uml-diagrams,5.0,6,ساعة,10,0,$5.00,يومين,6,5,75.0,.Shimaa M,https://khamsat.com/user/shaimaa_99,True,بائع مميز,5.0,52,88.89%,6,67,52 دقيقة
بيانات,https://khamsat.com/data,رسوم ومخططات بيانية,https://khamsat.com/data/charts-graphs,تصميم Dashboard احترافية وتحليل بيانات على Excel,https://khamsat.com/data/charts-graphs/2959923-%D8%AA%D8%B5%D9%85%D9%8A%D9%85-dashboard-%D8%A7%D8%AD%D8%AA%D8%B1%D8%A7%D9%81%D9%8A%D8%A9-%D9%88%D8%AA%D8%AD%D9%84%D9%8A%D9%84-%D8%A8%D9%8A%D8%A7%D9%86%D8%A7%D8%AA-%D8%B9%D9%84%D9%89-excel,0.0,0,ساعة,1,0,$5.00,يوم واحد,0,4,100.0,.Reham E,https://khamsat.com/user/eng_rehamelmekawy,True,بائع جديد,5.0,3,100.0%,4,3,3 ساعات
بيانات,https://khamsat.com/data,رسوم ومخططات بيانية,https://khamsat.com/data/charts-graphs,عمل خريطة تدفق بالمنطق في كل العلوم,https://khamsat.com/data/charts-graphs/1024118-%D8%B9%D9%85%D9%84-%D8%AE%D8%B1%D9%8A%D8%B7%D8%A9-%D8%AA%D8%AF%D9%81%D9%82-%D8%A8%D8%A7%D9%84%D9%85%D9%86%D8%B7%D9%82-%D9%81%D9%8A-%D9%83%D9%84-%D8%A7%D9%84%D8%B9%D9%84%D9%88%D9%85,5.0,5,16 دقيقة,7,0,$5.00,يوم واحد,5,3,35.0,منى أ.,https://khamsat.com/user/monaaboelinien,True,بائع مميز,5.0,55,80.42%,6,52,3 ساعات
بيانات,https://khamsat.com/data,رسوم ومخططات بيانية,https://khamsat.com/data/charts-graphs,تصميم قواعد معطيات وتحليل النظم UML SQL,https://khamsat.com/data/charts-graphs/2469872-%D8%AA%D8%B5%D9%85%D9%8A%D9%85-%D9%82%D9%88%D8%A7%D8%B9%D8%AF-%D9%85%D8%B9%D8%B7%D9%8A%D8%A7%D8%AA-%D9%88%D8%AA%D8%AD%D9%84%D9%8A%D9%84-%D8%A7%D9%84%D9%86%D8%B8%D9%85-uml-sql,5.0,2,16 دقيقة,2,0,$15.00,يوم واحد,2,3,155.0,.Mohammad K,https://khamsat.com/user/mohmamad_khaddour_03,True,بائع نشيط,5.0,20,82.76%,4,17,ساعة
بيانات,https://khamsat.com/data,رسوم ومخططات بيانية,https://khamsat.com/data/charts-graphs,عمل رسم مخطط لخطوت العمل Flow chart ببرنامج Visio,https://khamsat.com/data/charts-graphs/1644073-%D8%B9%D9%85%D9%84-%D8%B1%D8%B3%D9%85-%D9%85%D8%AE%D8%B7%D8%B7-%D9%84%D8%AE%D8%B7%D9%88%D8%AA-%D8%A7%D9%84%D8%B9%D9%85%D9%84-flow-chart-%D8%A8%D8%A8%D8%B1%D9%86%D8%A7%D9%85%D8%AC-visio,4.5,11,6 ساعات,22,0,$10.00,يوم واحد,11,5,50.0,مريم س.,https://khamsat.com/user/dr_mariam_samir,True,بائع مميز,4.5,13,86.36%,3,24,14 ساعة
بيانات,https://khamsat.com/data,رسوم ومخططات بيانية,https://khamsat.com/data/charts-graphs,داش بورد Dashboard على برنامج Power BI,https://khamsat.com/data/charts-graphs/2906588-%D8%AF%D8%A7%D8%B4-%D8%A8%D9%88%D8%B1%D8%AF-dashboard-%D8%B9%D9%84%D9%89-%D8%A8%D8%B1%D9%86%D8%A7%D9%85%D8%AC-power-bi,0.0,0,4 ساعات,1,0,$5.00,يوم واحد,0,1,10.0,.Elsayed S,https://khamsat.com/user/sayed_said93,True,بائع جديد,0.0,0,100.0%,3,1,4 ساعات
بيانات,https://khamsat.com/data,رسوم ومخططات بيانية,https://khamsat.com/data/charts-graphs,إنشاء الرسوم البيانية والرسوم التوضيحية العلمية.,https://khamsat.com/data/charts-graphs/2467933-%D8%A5%D9%86%D8%B4%D8%A7%D8%A1-%D8%A7%D9%84%D8%B1%D8%B3%D9%88%D9%85-%D8%A7%D9%84%D8%A8%D9%8A%D8%A7%D9%86%D9%8A%D8%A9-%D9%88%D8%A7%D9%84%D8%B1%D8%B3%D9%88%D9%85-%D8%A7%D9%84%D8%AA%D9%88%D8%B6%D9%8A%D8%AD%D9%8A%D8%A9-%D8%A7%D9%84%D8%B9%D9%84%D9%85%D9%8A%D8%A9,5.0,5,8 ساعات,5,0,$5.00,يوم واحد,5,1,20.0,.Jaouad M,https://khamsat.com/user/jawad1937,True,بائع نشيط,5.0,5,85.71%,3,5,8 ساعات
بيانات,https://khamsat.com/data,رسوم ومخططات بيانية,https://khamsat.com/data/charts-graphs,تصميم UML diagrams لتحليل النظم,https://khamsat.com/data/charts-graphs/2142600-%D8%AA%D8%B5%D9%85%D9%8A%D9%85-uml-diagrams-%D9%84%D8%AA%D8%AD%D9%84%D9%8A%D9%84-%D8%A7%D9%84%D9%86%D8%B8%D9%85,5.0,1,ساعة,1,0,$5.00,يومين,1,2,15.0,سماء ا.,https://khamsat.com/user/samaa_mohamed6,True,بائع نشيط,5.0,5,86.96%,6,10,ساعتين
بيانات,https://khamsat.com/data,رسوم ومخططات بيانية,https://khamsat.com/data/charts-graphs,انشاء و تصميم UML Diagram لقاعده بيانات,https://khamsat.com/data/charts-graphs/2070976-%D8%A7%D9%86%D8%B4%D8%A7%D8%A1-%D9%88-%D8%AA%D8%B5%D9%85%D9%8A%D9%85-uml-diagram-%D9%84%D9%82%D8%A7%D8%B9%D8%AF%D9%87-%D8%A8%D9%8A%D8%A7%D9%86%D8%A7%D8%AA,4.5,5,دقيقة,7,0,$10.00,يوم واحد,5,0,0.0,نهى م.,https://khamsat.com/user/noha_salah98,True,بائع نشيط,4.5,8,81.48%,2,8,ساعة
بيانات,https://khamsat.com/data,رسوم ومخططات بيانية,https://khamsat.com/data/charts-graphs,رسم مخطط هيكلي للعمل (خطوات العمل) Flow Chart بـ Visio,https://khamsat.com/data/charts-graphs/1928996-%D8%B1%D8%B3%D9%85-%D9%85%D8%AE%D8%B7%D8%B7-%D9%87%D9%8A%D9%83%D9%84%D9%8A-%D9%84%D9%84%D8%B9%D9%85%D9%84-%D8%AE%D8%B7%D9%88%D8%A7%D8%AA-%D8%A7%D9%84%D8%B9%D9%85%D9%84-flow-chart-%D8%A8%D9%80-visio,5.0,47,49 دقيقة,88,0,$5.00,يومين,25,2,20.0,سعيد م.,https://khamsat.com/user/said_kamsa,True,بائع مميز,5.0,53,95.63%,4,94,ساعتين
بيانات,https://khamsat.com/data,رسوم ومخططات بيانية,https://khamsat.com/data/charts-graphs,تصميم مخططات UML لمشروعك البرمجي,https://khamsat.com/data/charts-graphs/2113805-%D8%AA%D8%B5%D9%85%D9%8A%D9%85-%D9%85%D8%AE%D8%B7%D8%B7%D8%A7%D8%AA-uml-%D9%84%D9%85%D8%B4%D8%B1%D9%88%D8%B9%D9%83-%D8%A7%D9%84%D8%A8%D8%B1%D9%85%D8%AC%D9%8A,5.0,4,ساعة,6,0,$5.00,يوم واحد,4,2,15.0,هبه ش.,https://khamsat.com/user/hebakshaheen,True,بائع نشيط,5.0,16,93.02%,6,20,4 ساعات
بيانات,https://khamsat.com/data,رسوم ومخططات بيانية,https://khamsat.com/data/charts-graphs,تصميم UML diagrams لتحليل النظم,https://khamsat.com/data/charts-graphs/2040359-%D8%AA%D8%B5%D9%85%D9%8A%D9%85-uml-diagrams-%D9%84%D8%AA%D8%AD%D9%84%D9%8A%D9%84-%D8%A7%D9%84%D9%86%D8%B8%D9%85,5.0,17,ساعة,21,0,$5.00,يومين,17,4,55.0,هدى ا.,https://khamsat.com/user/hoda_elgamal,True,بائع مميز,5.0,24,91.25%,9,28,يوم
بيانات,https://khamsat.com/data,رسوم ومخططات بيانية,https://khamsat.com/data/charts-graphs,"انشاء تقرير تفاعلي ورسومات بيانية TABLEAU , Power BI , EXCEL",https://khamsat.com/data/charts-graphs/1601901-%D8%A7%D9%86%D8%B4%D8%A7%D8%A1-%D8%AA%D9%82%D8%B1%D9%8A%D8%B1-%D8%AA%D9%81%D8%A7%D8%B9%D9%84%D9%8A-%D9%88%D8%B1%D8%B3%D9%88%D9%85%D8%A7%D8%AA-%D8%A8%D9%8A%D8%A7%D9%86%D9%8A%D8%A9-tableau-power-bi-excel,4.5,6,8 ساعات,8,0,$5.00,ثلاثة أيام,6,3,75.0,.Elhadj Ali B,https://khamsat.com/user/bekaddour_elhadj_ali,True,بائع مميز,4.5,15,95.08%,5,17,11 ساعة
بيانات,https://khamsat.com/data,رسوم ومخططات بيانية,https://khamsat.com/data/charts-graphs,"رسم مخططات UML.ERD, Cmap تشرح برنامجك او موقعك",https://khamsat.com/data/charts-graphs/1655141-%D8%B1%D8%B3%D9%85-%D9%85%D8%AE%D8%B7%D8%B7%D8%A7%D8%AA-uml.erd-cmap-%D8%AA%D8%B4%D8%B1%D8%AD-%D8%A8%D8%B1%D9%86%D8%A7%D9%85%D8%AC%D9%83-%D8%A7%D9%88-%D9%85%D9%88%D9%82%D8%B9%D9%83,5.0,3,ساعة,3,0,$5.00,يومين,3,4,65.0,.Sana G,https://khamsat.com/user/sana_gh_habbal,True,بائع نشيط,5.0,9,100.0%,4,19,5 ساعات
بيانات,https://khamsat.com/data,رسوم ومخططات بيانية,https://khamsat.com/data/charts-graphs,تصميم رسوم تفاعلية (Graphs/Charts) بإستخدام Power BI,https://khamsat.com/data/charts-graphs/2025502-%D8%AA%D8%B5%D9%85%D9%8A%D9%85-%D8%B1%D8%B3%D9%88%D9%85-%D8%AA%D9%81%D8%A7%D8%B9%D9%84%D9%8A%D8%A9-graphscharts-%D8%A8%D8%A5%D8%B3%D8%AA%D8%AE%D8%AF%D8%A7%D9%85-power-bi,5.0,1,3 ساعات,3,0,$5.00,يومين,1,4,40.0,هويدا ع.,https://khamsat.com/user/howaida_allam,True,بائع جديد,5.0,1,100.0%,3,3,ساعتين
بيانات,https://khamsat.com/data,رسوم ومخططات بيانية,https://khamsat.com/data/charts-graphs,رسم مخططات وتصميم UML diagrams لتحليل النظم,https://khamsat.com/data/charts-graphs/2108182-%D8%B1%D8%B3%D9%85-%D9%85%D8%AE%D8%B7%D8%B7%D8%A7%D8%AA-%D9%88%D8%AA%D8%B5%D9%85%D9%8A%D9%85-uml-diagrams-%D9%84%D8%AA%D8%AD%D9%84%D9%8A%D9%84-%D8%A7%D9%84%D9%86%D8%B8%D9%85,5.0,1,4 أيام,1,0,$5.00,يوم واحد,1,1,5.0,.Sohila E,https://khamsat.com/user/sohila_ezzelarab98,True,بائع نشيط,5.0,4,84.62%,6,2,يوم
بيانات,https://khamsat.com/data,رسوم ومخططات بيانية,https://khamsat.com/data/charts-graphs,العاب تفاعلية لأطفال الروضة,https://khamsat.com/data/charts-graphs/2557956-%D8%A7%D9%84%D8%B9%D8%A7%D8%A8-%D8%AA%D9%81%D8%A7%D8%B9%D9%84%D9%8A%D8%A9-%D9%84%D8%A3%D8%B7%D9%81%D8%A7%D9%84-%D8%A7%D9%84%D8%B1%D9%88%D8%B6%D8%A9,0.0,0,لم يحسب,0,0,$10.00,يومين,0,1,5.0,.Maryam S,https://khamsat.com/user/kidshere,False,بائع جديد,0.0,0,لم يحسب بعد,2,0,لم يحسب
بيانات,https://khamsat.com/data,رسوم ومخططات بيانية,https://khamsat.com/data/charts-graphs,رسم مخططات UML & ERD & CMAP,https://khamsat.com/data/charts-graphs/2276217-%D8%B1%D8%B3%D9%85-%D9%85%D8%AE%D8%B7%D8%B7%D8%A7%D8%AA-uml-erd-cmap,5.0,2,35 دقيقة,3,0,$5.00,يوم واحد,2,4,80.0,ايه ا.,https://khamsat.com/user/aya_almada7,True,بائع نشيط,5.0,22,84.31%,4,27,3 ساعات
بيانات,https://khamsat.com/data,رسوم ومخططات بيانية,https://khamsat.com/data/charts-graphs,تصميم لوحات تحكم Dashboards احترافية لتحليل البيانات,https://khamsat.com/data/charts-graphs/2947621-%D8%AA%D8%B5%D9%85%D9%8A%D9%85-%D9%84%D9%88%D8%AD%D8%A7%D8%AA-%D8%AA%D8%AD%D9%83%D9%85-dashboards-%D8%A7%D8%AD%D8%AA%D8%B1%D8%A7%D9%81%D9%8A%D8%A9-%D9%84%D8%AA%D8%AD%D9%84%D9%8A%D9%84-%D8%A7%D9%84%D8%A8%D9%8A%D8%A7%D9%86%D8%A7%D8%AA,0.0,0,لم يحسب,0,0,$5.00,يوم واحد,0,0,0.0,عمر ب.,https://khamsat.com/user/eng_omar381,True,بائع جديد,0.0,0,لم يحسب بعد,5,0,لم يحسب
بيانات,https://khamsat.com/data,رسوم ومخططات بيانية,https://khamsat.com/data/charts-graphs,تصميم لوحة تفاعلية باستخدام Power Bi لتحليل البيانات,https://khamsat.com/data/charts-graphs/3016396-%D8%AA%D8%B5%D9%85%D9%8A%D9%85-%D9%84%D9%88%D8%AD%D8%A9-%D8%AA%D9%81%D8%A7%D8%B9%D9%84%D9%8A%D8%A9-%D8%A8%D8%A7%D8%B3%D8%AA%D8%AE%D8%AF%D8%A7%D9%85-power-bi-%D9%84%D8%AA%D8%AD%D9%84%D9%8A%D9%84-%D8%A7%D9%84%D8%A8%D9%8A%D8%A7%D9%86%D8%A7%D8%AA,0.0,0,لم يحسب,0,0,$5.00,يومين,0,0,0.0,محمد ا.,https://khamsat.com/user/mohamed-elsaadi,True,بائع جديد,0.0,0,لم يحسب بعد,4,0,لم يحسب
بيانات,https://khamsat.com/data,رسوم ومخططات بيانية,https://khamsat.com/data/charts-graphs,انشاء داشبورد احترافية باستخدام برنامج tableau,https://khamsat.com/data/charts-graphs/3030078-%D8%A7%D9%86%D8%B4%D8%A7%D8%A1-%D8%AF%D8%A7%D8%B4%D8%A8%D9%88%D8%B1%D8%AF-%D8%A7%D8%AD%D8%AA%D8%B1%D8%A7%D9%81%D9%8A%D8%A9-%D8%A8%D8%A7%D8%B3%D8%AA%D8%AE%D8%AF%D8%A7%D9%85-%D8%A8%D8%B1%D9%86%D8%A7%D9%85%D8%AC-tableau,0.0,0,لم يحسب,0,0,$5.00,خمسة أيام,0,0,0.0,.Chaima G,https://khamsat.com/user/chaima_ghemati,True,بائع جديد,0.0,0,لم يحسب بعد,2,0,لم يحسب
بيانات,https://khamsat.com/data,رسوم ومخططات بيانية,https://khamsat.com/data/charts-graphs,تصميم وتطوير لوحة بيانات تفاعلية Data Dashboard,https://khamsat.com/data/charts-graphs/3047511-%D8%AA%D8%B5%D9%85%D9%8A%D9%85-%D9%88%D8%AA%D8%B7%D9%88%D9%8A%D8%B1-%D9%84%D9%88%D8%AD%D8%A9-%D8%A8%D9%8A%D8%A7%D9%86%D8%A7%D8%AA-%D8%AA%D9%81%D8%A7%D8%B9%D9%84%D9%8A%D8%A9-data-dashboard,0.0,0,لم يحسب,0,0,$5.00,أربعة أيام,0,1,5.0,.Mahmoud A,https://khamsat.com/user/mahmoud_mohamed_04,True,بائع جديد,0.0,0,لم يحسب بعد,2,0,لم يحسب
بيانات,https://khamsat.com/data,رسوم ومخططات بيانية,https://khamsat.com/data/charts-graphs,داشبورد Dashboard لوحات تفاعلية على برنامج Power BI,https://khamsat.com/data/charts-graphs/2977479-%D8%AF%D8%A7%D8%B4%D8%A8%D9%88%D8%B1%D8%AF-dashboard-%D9%84%D9%88%D8%AD%D8%A7%D8%AA-%D8%AA%D9%81%D8%A7%D8%B9%D9%84%D9%8A%D8%A9-%D8%B9%D9%84%D9%89-%D8%A8%D8%B1%D9%86%D8%A7%D9%85%D8%AC-power-bi,0.0,0,لم يحسب,0,0,$5.00,يومين,0,4,80.0,عمر ن.,https://khamsat.com/user/omar_nafe3,True,بائع جديد,0.0,0,لم يحسب بعد,1,0,لم يحسب
بيانات,https://khamsat.com/data,نظم المعلومات الجغرافية GIS,https://khamsat.com/data/gis,قيام بأعمال نظم المعلومات الجغرافية gis والاستشعار عن بعد,https://khamsat.com/data/gis/2769369-%D9%82%D9%8A%D8%A7%D9%85-%D8%A8%D8%A3%D8%B9%D9%85%D8%A7%D9%84-%D9%86%D8%B8%D9%85-%D8%A7%D9%84%D9%85%D8%B9%D9%84%D9%88%D9%85%D8%A7%D8%AA-%D8%A7%D9%84%D8%AC%D8%BA%D8%B1%D8%A7%D9%81%D9%8A%D8%A9-gis-%D9%88%D8%A7%D9%84%D8%A7%D8%B3%D8%AA%D8%B4%D8%B9%D8%A7%D8%B1-%D8%B9%D9%86-%D8%A8%D8%B9%D8%AF,5.0,10,12 دقيقة,18,0,$5.00,يوم واحد,10,3,50.0,رمضان س.,https://khamsat.com/user/emedsed66,True,بائع مميز,5.0,10,96.83%,1,18,12 دقيقة
بيانات,https://khamsat.com/data,نظم المعلومات الجغرافية GIS,https://khamsat.com/data/gis,إنتاج الخرائط التفاعلية المسارات الثابتة,https://khamsat.com/data/gis/2564047-%D8%A5%D9%86%D8%AA%D8%A7%D8%AC-%D8%A7%D9%84%D8%AE%D8%B1%D8%A7%D8%A6%D8%B7-%D8%A7%D9%84%D8%AA%D9%81%D8%A7%D8%B9%D9%84%D9%8A%D8%A9-%D8%A7%D9%84%D9%85%D8%B3%D8%A7%D8%B1%D8%A7%D8%AA-%D8%A7%D9%84%D8%AB%D8%A7%D8%A8%D8%AA%D8%A9,5.0,2,8 ساعات,3,0,$10.00,خمسة أيام,2,5,115.0,.Ebrahim T,https://khamsat.com/user/ebrahim_taher,True,بائع جديد,5.0,2,75.0%,3,3,8 ساعات
بيانات,https://khamsat.com/data,نظم المعلومات الجغرافية GIS,https://khamsat.com/data/gis,صياغة الخرائط والرسوم البيانية بجميع أصنافها بطريقة محترفة,https://khamsat.com/data/gis/2310746-%D8%B5%D9%8A%D8%A7%D8%BA%D8%A9-%D8%A7%D9%84%D8%AE%D8%B1%D8%A7%D8%A6%D8%B7-%D9%88%D8%A7%D9%84%D8%B1%D8%B3%D9%88%D9%85-%D8%A7%D9%84%D8%A8%D9%8A%D8%A7%D9%86%D9%8A%D8%A9-%D8%A8%D8%AC%D9%85%D9%8A%D8%B9-%D8%A3%D8%B5%D9%86%D8%A7%D9%81%D9%87%D8%A7-%D8%A8%D8%B7%D8%B1%D9%8A%D9%82%D8%A9-%D9%85%D8%AD%D8%AA%D8%B1%D9%81%D8%A9,5.0,10,ساعة,11,1,$5.00,يومين,10,1,25.0,.Brahim J,https://khamsat.com/user/bbjaz,True,بائع نشيط,5.0,11,75.0%,2,11,ساعتين
بيانات,https://khamsat.com/data,نظم المعلومات الجغرافية GIS,https://khamsat.com/data/gis,تصميم ورسم الخرائط نظم المعلومات الجغرافية GIS,https://khamsat.com/data/gis/2859595-%D8%AA%D8%B5%D9%85%D9%8A%D9%85-%D9%88%D8%B1%D8%B3%D9%85-%D8%A7%D9%84%D8%AE%D8%B1%D8%A7%D8%A6%D8%B7-%D9%86%D8%B8%D9%85-%D8%A7%D9%84%D9%85%D8%B9%D9%84%D9%88%D9%85%D8%A7%D8%AA-%D8%A7%D9%84%D8%AC%D8%BA%D8%B1%D8%A7%D9%81%D9%8A%D8%A9-gis,5.0,1,6 ساعات,2,0,$10.00,يوم واحد,1,0,0.0,.Nehal A,https://khamsat.com/user/nehal117,True,بائع نشيط,5.0,1,100.0%,1,2,6 ساعات
بيانات,https://khamsat.com/data,نظم المعلومات الجغرافية GIS,https://khamsat.com/data/gis,تصميم مختلف أنواع الخرائط للباحثين,https://khamsat.com/data/gis/1410809-%D8%AA%D8%B5%D9%85%D9%8A%D9%85-%D9%85%D8%AE%D8%AA%D9%84%D9%81-%D8%A3%D9%86%D9%88%D8%A7%D8%B9-%D8%A7%D9%84%D8%AE%D8%B1%D8%A7%D8%A6%D8%B7-%D9%84%D9%84%D8%A8%D8%A7%D8%AD%D8%AB%D9%8A%D9%86,5.0,13,3 ساعات,21,0,$10.00,يومين,13,5,205.0,عبد الرحيم ا.,https://khamsat.com/user/abderrahim96,True,بائع مميز,5.0,47,93.29%,3,61,يوم
بيانات,https://khamsat.com/data,نظم المعلومات الجغرافية GIS,https://khamsat.com/data/gis,القيام بمشاريع نظم المعلومات الجغرافية (GIS),https://khamsat.com/data/gis/1367559-%D8%A7%D9%84%D9%82%D9%8A%D8%A7%D9%85-%D8%A8%D9%85%D8%B4%D8%A7%D8%B1%D9%8A%D8%B9-%D9%86%D8%B8%D9%85-%D8%A7%D9%84%D9%85%D8%B9%D9%84%D9%88%D9%85%D8%A7%D8%AA-%D8%A7%D9%84%D8%AC%D8%BA%D8%B1%D8%A7%D9%81%D9%8A%D8%A9-gis,5.0,29,3 أيام,38,0,$10.00,يومين,25,5,315.0,عبد الرحيم ا.,https://khamsat.com/user/abderrahim96,True,بائع مميز,5.0,47,93.29%,3,61,يوم
بيانات,https://khamsat.com/data,نظم المعلومات الجغرافية GIS,https://khamsat.com/data/gis,تنفيذ مشاريع نظم المعلومات الجغرافية GIS,https://khamsat.com/data/gis/2766741-%D8%AA%D9%86%D9%81%D9%8A%D8%B0-%D9%85%D8%B4%D8%A7%D8%B1%D9%8A%D8%B9-%D9%86%D8%B8%D9%85-%D8%A7%D9%84%D9%85%D8%B9%D9%84%D9%88%D9%85%D8%A7%D8%AA-%D8%A7%D9%84%D8%AC%D8%BA%D8%B1%D8%A7%D9%81%D9%8A%D8%A9-gis,5.0,8,9 دقائق,9,0,$5.00,يومين,8,1,5.0,.Mohamed S,https://khamsat.com/user/mohammed_gis,True,بائع نشيط,5.0,17,100.0%,2,15,20 دقيقة
بيانات,https://khamsat.com/data,نظم المعلومات الجغرافية GIS,https://khamsat.com/data/gis,تصميم وتحليل الخرائط نظم المعلومات الجغرافية GIS,https://khamsat.com/data/gis/2749164-%D8%AA%D8%B5%D9%85%D9%8A%D9%85-%D9%88%D8%AA%D8%AD%D9%84%D9%8A%D9%84-%D8%A7%D9%84%D8%AE%D8%B1%D8%A7%D8%A6%D8%B7-%D9%86%D8%B8%D9%85-%D8%A7%D9%84%D9%85%D8%B9%D9%84%D9%88%D9%85%D8%A7%D8%AA-%D8%A7%D9%84%D8%AC%D8%BA%D8%B1%D8%A7%D9%81%D9%8A%D8%A9-gis,5.0,9,31 دقيقة,9,0,$10.00,يوم واحد,9,3,45.0,.Mohamed S,https://khamsat.com/user/mohammed_gis,True,بائع نشيط,5.0,17,100.0%,2,15,20 دقيقة
بيانات,https://khamsat.com/data,نظم المعلومات الجغرافية GIS,https://khamsat.com/data/gis,انجاز خريطة عالية الجودة لأي موضوع,https://khamsat.com/data/gis/769722-%D8%A7%D9%86%D8%AC%D8%A7%D8%B2-%D8%AE%D8%B1%D9%8A%D8%B7%D8%A9-%D8%B9%D8%A7%D9%84%D9%8A%D8%A9-%D8%A7%D9%84%D8%AC%D9%88%D8%AF%D8%A9-%D9%84%D8%A3%D9%8A-%D9%85%D9%88%D8%B6%D9%88%D8%B9,5.0,12,يوم,15,0,$5.00,يومين,12,3,70.0,خالد ا.,https://khamsat.com/user/%D8%AE%D8%A7%D9%84%D8%AF-%D8%A7%D9%84%D8%AD%D9%8A%D8%B1%D8%B4%D9%8A,True,بائع مميز,5.0,22,85.85%,8,25,6 ساعات
بيانات,https://khamsat.com/data,نظم المعلومات الجغرافية GIS,https://khamsat.com/data/gis,تصميم خرائط جغرافية ع الارك برو,https://khamsat.com/data/gis/2868034-%D8%AA%D8%B5%D9%85%D9%8A%D9%85-%D8%AE%D8%B1%D8%A7%D8%A6%D8%B7-%D8%AC%D8%BA%D8%B1%D8%A7%D9%81%D9%8A%D8%A9-%D8%B9-%D8%A7%D9%84%D8%A7%D8%B1%D9%83-%D8%A8%D8%B1%D9%88,5.0,1,دقيقتين,2,0,$5.00,يوم واحد,1,1,5.0,.Yousef S,https://khamsat.com/user/yousef232,True,بائع نشيط,5.0,5,100.0%,4,4,دقيقة
بيانات,https://khamsat.com/data,نظم المعلومات الجغرافية GIS,https://khamsat.com/data/gis,إنشاء وتصميم كل انواع خرائط (نظم المعلومات الجغرافية GIS,https://khamsat.com/data/gis/2381422-%D8%A5%D9%86%D8%B4%D8%A7%D8%A1-%D9%88%D8%AA%D8%B5%D9%85%D9%8A%D9%85-%D9%83%D9%84-%D8%A7%D9%86%D9%88%D8%A7%D8%B9-%D8%AE%D8%B1%D8%A7%D8%A6%D8%B7-%D9%86%D8%B8%D9%85-%D8%A7%D9%84%D9%85%D8%B9%D9%84%D9%88%D9%85%D8%A7%D8%AA-%D8%A7%D9%84%D8%AC%D8%BA%D8%B1%D8%A7%D9%81%D9%8A%D8%A9-gis,4.5,2,ساعة,2,0,$10.00,أسبوع,2,5,90.0,مصطفي ع.,https://khamsat.com/user/%D9%85%D8%B5%D8%B7%D9%81%D9%8A-%D8%B9%D8%A8%D8%AF%D9%87-%D8%B9%D8%A8%D8%AF%D8%A7%D9%84%D9%84%D8%B7%D9%8A%D9%81,True,بائع نشيط,3.0,7,92.0%,6,7,8 ساعات
بيانات,https://khamsat.com/data,نظم المعلومات الجغرافية GIS,https://khamsat.com/data/gis,التحليل الهيدرولوجي واستخراج الشبكات المائية Hydrology,https://khamsat.com/data/gis/2733540-%D8%A7%D9%84%D8%AA%D8%AD%D9%84%D9%8A%D9%84-%D8%A7%D9%84%D9%87%D9%8A%D8%AF%D8%B1%D9%88%D9%84%D9%88%D8%AC%D9%8A-%D9%88%D8%A7%D8%B3%D8%AA%D8%AE%D8%B1%D8%A7%D8%AC-%D8%A7%D9%84%D8%B4%D8%A8%D9%83%D8%A7%D8%AA-%D8%A7%D9%84%D9%85%D8%A7%D8%A6%D9%8A%D8%A9-hydrology,5.0,1,ساعة,1,0,$5.00,يوم واحد,1,0,0.0,.Nada A,https://khamsat.com/user/nada_allam123,True,بائع جديد,5.0,1,100.0%,3,1,ساعة
بيانات,https://khamsat.com/data,نظم المعلومات الجغرافية GIS,https://khamsat.com/data/gis,التحليلات المكانية الجغرافية,https://khamsat.com/data/gis/2855795-%D8%A7%D9%84%D8%AA%D8%AD%D9%84%D9%8A%D9%84%D8%A7%D8%AA-%D8%A7%D9%84%D9%85%D9%83%D8%A7%D9%86%D9%8A%D8%A9-%D8%A7%D9%84%D8%AC%D8%BA%D8%B1%D8%A7%D9%81%D9%8A%D8%A9,0.0,0,دقيقتين,1,0,$5.00,يوم واحد,0,0,0.0,.Mohamed A,https://khamsat.com/user/mo_maaty25,True,بائع نشيط,5.0,2,100.0%,3,3,21 دقيقة
بيانات,https://khamsat.com/data,نظم المعلومات الجغرافية GIS,https://khamsat.com/data/gis,تصميم خرائط جغرافية واخراج بشكل جميل ودقيق,https://khamsat.com/data/gis/2855622-%D8%AA%D8%B5%D9%85%D9%8A%D9%85-%D8%AE%D8%B1%D8%A7%D8%A6%D8%B7-%D8%AC%D8%BA%D8%B1%D8%A7%D9%81%D9%8A%D8%A9-%D9%88%D8%A7%D8%AE%D8%B1%D8%A7%D8%AC-%D8%A8%D8%B4%D9%83%D9%84-%D8%AC%D9%85%D9%8A%D9%84-%D9%88%D8%AF%D9%82%D9%8A%D9%82,5.0,1,40 دقيقة,3,0,$5.00,يوم واحد,1,0,0.0,.Mohamed A,https://khamsat.com/user/mo_maaty25,True,بائع نشيط,5.0,2,100.0%,3,3,21 دقيقة
بيانات,https://khamsat.com/data,نظم المعلومات الجغرافية GIS,https://khamsat.com/data/gis,تصميم خرائط ثنائية وثلاثية الابعاد 2D and 3D maps,https://khamsat.com/data/gis/765508-%D8%AA%D8%B5%D9%85%D9%8A%D9%85-%D8%AE%D8%B1%D8%A7%D8%A6%D8%B7-%D8%AB%D9%86%D8%A7%D8%A6%D9%8A%D8%A9-%D9%88%D8%AB%D9%84%D8%A7%D8%AB%D9%8A%D8%A9-%D8%A7%D9%84%D8%A7%D8%A8%D8%B9%D8%A7%D8%AF-2d-and-3d-maps,5.0,3,3 ساعات,4,0,$10.00,يومين,3,0,0.0,.Hamdey E,https://khamsat.com/user/%D8%AD%D9%85%D8%AF%D9%8A-%D8%A7%D9%84%D8%A8%D8%B1%D9%85%D8%A7%D9%88%D9%8A,True,بائع مميز,4.5,11,87.25%,4,15,يوم
بيانات,https://khamsat.com/data,نظم المعلومات الجغرافية GIS,https://khamsat.com/data/gis,انتاج خرائط و صور جوية,https://khamsat.com/data/gis/659165-%D8%A7%D9%86%D8%AA%D8%A7%D8%AC-%D8%AE%D8%B1%D8%A7%D8%A6%D8%B7-%D9%88-%D8%B5%D9%88%D8%B1-%D8%AC%D9%88%D9%8A%D8%A9,5.0,2,4 ساعات,3,0,$10.00,أسبوعين,2,0,0.0,سامية ب.,https://khamsat.com/user/%D8%B3%D8%A7%D9%85%D9%8A%D8%A9-%D8%A8%D9%88%D9%86%D8%A7%D8%A8,True,بائع نشيط,5.0,16,70.77%,4,15,يومين
بيانات,https://khamsat.com/data,نظم المعلومات الجغرافية GIS,https://khamsat.com/data/gis,انشاء ورسم خرائط وقواعد بيانات نظم المعلومات الجغرافية,https://khamsat.com/data/gis/2455814-%D8%A7%D9%86%D8%B4%D8%A7%D8%A1-%D9%88%D8%B1%D8%B3%D9%85-%D8%AE%D8%B1%D8%A7%D8%A6%D8%B7-%D9%88%D9%82%D9%88%D8%A7%D8%B9%D8%AF-%D8%A8%D9%8A%D8%A7%D9%86%D8%A7%D8%AA-%D9%86%D8%B8%D9%85-%D8%A7%D9%84%D9%85%D8%B9%D9%84%D9%88%D9%85%D8%A7%D8%AA-%D8%A7%D9%84%D8%AC%D8%BA%D8%B1%D8%A7%D9%81%D9%8A%D8%A9,0.0,0,5 دقائق,2,0,$10.00,يومين,0,1,5.0,محمد ص.,https://khamsat.com/user/abu_mansoor,True,بائع جديد,0.0,0,75.0%,2,2,5 دقائق
بيانات,https://khamsat.com/data,نظم المعلومات الجغرافية GIS,https://khamsat.com/data/gis,رسم خرائط بواسطة ArcGIS Desktop و ArcGIS Pro و QGIS,https://khamsat.com/data/gis/2279873-%D8%B1%D8%B3%D9%85-%D8%AE%D8%B1%D8%A7%D8%A6%D8%B7-%D8%A8%D9%88%D8%A7%D8%B3%D8%B7%D8%A9-arcgis-desktop-%D9%88-arcgis-pro-%D9%88-qgis,5.0,3,4 ساعات,5,0,$10.00,أسبوعين,3,2,15.0,.Amira A,https://khamsat.com/user/amiraramadan24,True,بائع نشيط,5.0,3,59.09%,1,5,4 ساعات
بيانات,https://khamsat.com/data,نظم المعلومات الجغرافية GIS,https://khamsat.com/data/gis,تحليل البيانات الجغرافية باستخدام برامج GIS,https://khamsat.com/data/gis/2910086-%D8%AA%D8%AD%D9%84%D9%8A%D9%84-%D8%A7%D9%84%D8%A8%D9%8A%D8%A7%D9%86%D8%A7%D8%AA-%D8%A7%D9%84%D8%AC%D8%BA%D8%B1%D8%A7%D9%81%D9%8A%D8%A9-%D8%A8%D8%A7%D8%B3%D8%AA%D8%AE%D8%AF%D8%A7%D9%85-%D8%A8%D8%B1%D8%A7%D9%85%D8%AC-gis,5.0,1,35 دقيقة,1,0,$5.00,يوم واحد,1,3,15.0,.Tareq Z,https://khamsat.com/user/tareq_zain,True,بائع مميز,4.5,15,91.39%,5,17,3 ساعات
بيانات,https://khamsat.com/data,نظم المعلومات الجغرافية GIS,https://khamsat.com/data/gis,تصنيف الغطاء الأرضي وتحليل الصور الفضائية بدقة عالية,https://khamsat.com/data/gis/3040075-%D8%AA%D8%B5%D9%86%D9%8A%D9%81-%D8%A7%D9%84%D8%BA%D8%B7%D8%A7%D8%A1-%D8%A7%D9%84%D8%A3%D8%B1%D8%B6%D9%8A-%D9%88%D8%AA%D8%AD%D9%84%D9%8A%D9%84-%D8%A7%D9%84%D8%B5%D9%88%D8%B1-%D8%A7%D9%84%D9%81%D8%B6%D8%A7%D8%A6%D9%8A%D8%A9-%D8%A8%D8%AF%D9%82%D8%A9-%D8%B9%D8%A7%D9%84%D9%8A%D8%A9,0.0,0,لم يحسب,0,0,$5.00,يوم واحد,0,0,0.0,.Nada A,https://khamsat.com/user/nada_allam123,True,بائع جديد,5.0,1,100.0%,3,1,ساعة
بيانات,https://khamsat.com/data,نظم المعلومات الجغرافية GIS,https://khamsat.com/data/gis,صور جوية قديمه لأي موقع بالعالم,https://khamsat.com/data/gis/3047372-%D8%B5%D9%88%D8%B1-%D8%AC%D9%88%D9%8A%D8%A9-%D9%82%D8%AF%D9%8A%D9%85%D9%87-%D9%84%D8%A3%D9%8A-%D9%85%D9%88%D9%82%D8%B9-%D8%A8%D8%A7%D9%84%D8%B9%D8%A7%D9%84%D9%85,0.0,0,لم يحسب,0,0,$5.00,يوم واحد,0,0,0.0,مختار ا.,https://khamsat.com/user/mokhtarambatt,True,بائع جديد,0.0,0,لم يحسب بعد,1,0,لم يحسب
بيانات,https://khamsat.com/data,نظم المعلومات الجغرافية GIS,https://khamsat.com/data/gis,لإنشاء خريطة أقمار صناعية للمساحة,https://khamsat.com/data/gis/3049212-%D9%84%D8%A5%D9%86%D8%B4%D8%A7%D8%A1-%D8%AE%D8%B1%D9%8A%D8%B7%D8%A9-%D8%A3%D9%82%D9%85%D8%A7%D8%B1-%D8%B5%D9%86%D8%A7%D8%B9%D9%8A%D8%A9-%D9%84%D9%84%D9%85%D8%B3%D8%A7%D8%AD%D8%A9,0.0,0,لم يحسب,0,0,$5.00,يوم واحد,0,0,0.0,كريم ا.,https://khamsat.com/user/kareemtranslator,True,بائع جديد,0.0,0,لم يحسب بعد,3,0,لم يحسب
بيانات,https://khamsat.com/data,نظم المعلومات الجغرافية GIS,https://khamsat.com/data/gis,القيام بأعمال نظم المعلومات الجغرافية gis,https://khamsat.com/data/gis/3044934-%D8%A7%D9%84%D9%82%D9%8A%D8%A7%D9%85-%D8%A8%D8%A3%D8%B9%D9%85%D8%A7%D9%84-%D9%86%D8%B8%D9%85-%D8%A7%D9%84%D9%85%D8%B9%D9%84%D9%88%D9%85%D8%A7%D8%AA-%D8%A7%D9%84%D8%AC%D8%BA%D8%B1%D8%A7%D9%81%D9%8A%D8%A9-gis,0.0,0,لم يحسب,0,0,$5.00,يوم واحد,0,0,0.0,.Mohamed A,https://khamsat.com/user/mohamed_aboshehata,True,بائع جديد,0.0,0,لم يحسب بعد,1,0,لم يحسب
بيانات,https://khamsat.com/data,نظم المعلومات الجغرافية GIS,https://khamsat.com/data/gis,خدمة تحليل نظم المعلومات الجغرافية باستخدام ArcGIS Pro و QGI,https://khamsat.com/data/gis/3034048-%D8%AE%D8%AF%D9%85%D8%A9-%D8%AA%D8%AD%D9%84%D9%8A%D9%84-%D9%86%D8%B8%D9%85-%D8%A7%D9%84%D9%85%D8%B9%D9%84%D9%88%D9%85%D8%A7%D8%AA-%D8%A7%D9%84%D8%AC%D8%BA%D8%B1%D8%A7%D9%81%D9%8A%D8%A9-%D8%A8%D8%A7%D8%B3%D8%AA%D8%AE%D8%AF%D8%A7%D9%85-arcgis-pro-%D9%88-qgi,0.0,0,لم يحسب,0,0,$10.00,يوم واحد,0,5,30.0,.Jana A,https://khamsat.com/user/janama1,True,بائع جديد,0.0,0,لم يحسب بعد,1,0,لم يحسب
بيانات,https://khamsat.com/data,نظم المعلومات الجغرافية GIS,https://khamsat.com/data/gis,خدمة تحديد وتحليل وتصنيف منطقة العمل تصنيف مراقب,https://khamsat.com/data/gis/2921779-%D8%AE%D8%AF%D9%85%D8%A9-%D8%AA%D8%AD%D8%AF%D9%8A%D8%AF-%D9%88%D8%AA%D8%AD%D9%84%D9%8A%D9%84-%D9%88%D8%AA%D8%B5%D9%86%D9%8A%D9%81-%D9%85%D9%86%D8%B7%D9%82%D8%A9-%D8%A7%D9%84%D8%B9%D9%85%D9%84-%D8%AA%D8%B5%D9%86%D9%8A%D9%81-%D9%85%D8%B1%D8%A7%D9%82%D8%A8,0.0,0,لم يحسب,0,0,$5.00,يوم واحد,0,0,0.0,.Wael F,https://khamsat.com/user/waelfathy27,True,بائع جديد,0.0,0,لم يحسب بعد,3,0,لم يحسب
بيانات,https://khamsat.com/data,نظم المعلومات الجغرافية GIS,https://khamsat.com/data/gis,خدمات الخرائط الرقمية تشمل تصميم وإنشاء الخرائط الإلكترونية,https://khamsat.com/data/gis/3043828-%D8%AE%D8%AF%D9%85%D8%A7%D8%AA-%D8%A7%D9%84%D8%AE%D8%B1%D8%A7%D8%A6%D8%B7-%D8%A7%D9%84%D8%B1%D9%82%D9%85%D9%8A%D8%A9-%D8%AA%D8%B4%D9%85%D9%84-%D8%AA%D8%B5%D9%85%D9%8A%D9%85-%D9%88%D8%A5%D9%86%D8%B4%D8%A7%D8%A1-%D8%A7%D9%84%D8%AE%D8%B1%D8%A7%D8%A6%D8%B7-%D8%A7%D9%84%D8%A5%D9%84%D9%83%D8%AA%D8%B1%D9%88%D9%86%D9%8A%D8%A9,0.0,0,لم يحسب,0,0,$5.00,يومين,0,0,0.0,كريم ا.,https://khamsat.com/user/kareemtranslator,True,بائع جديد,0.0,0,لم يحسب بعد,3,0,لم يحسب
بيانات,https://khamsat.com/data,نظم المعلومات الجغرافية GIS,https://khamsat.com/data/gis,تطوير خريطة تفاعلية لنظام المعلومات الجغرافية (GIS),https://khamsat.com/data/gis/3049204-%D8%AA%D8%B7%D9%88%D9%8A%D8%B1-%D8%AE%D8%B1%D9%8A%D8%B7%D8%A9-%D8%AA%D9%81%D8%A7%D8%B9%D9%84%D9%8A%D8%A9-%D9%84%D9%86%D8%B8%D8%A7%D9%85-%D8%A7%D9%84%D9%85%D8%B9%D9%84%D9%88%D9%85%D8%A7%D8%AA-%D8%A7%D9%84%D8%AC%D8%BA%D8%B1%D8%A7%D9%81%D9%8A%D8%A9-gis,0.0,0,لم يحسب,0,0,$10.00,يومين,0,0,0.0,كريم ا.,https://khamsat.com/user/kareemtranslator,True,بائع جديد,0.0,0,لم يحسب بعد,3,0,لم يحسب
بيانات,https://khamsat.com/data,نظم المعلومات الجغرافية GIS,https://khamsat.com/data/gis,تصميم خرائط ثلاثية الابعاد (3D Map).,https://khamsat.com/data/gis/2591675-%D8%AA%D8%B5%D9%85%D9%8A%D9%85-%D8%AE%D8%B1%D8%A7%D8%A6%D8%B7-%D8%AB%D9%84%D8%A7%D8%AB%D9%8A%D8%A9-%D8%A7%D9%84%D8%A7%D8%A8%D8%B9%D8%A7%D8%AF-3d-map,0.0,0,لم يحسب,0,0,$10.00,يوم واحد,0,1,5.0,محمد ص.,https://khamsat.com/user/abu_mansoor,True,بائع جديد,0.0,0,75.0%,2,2,5 دقائق
بيانات,https://khamsat.com/data,نظم المعلومات الجغرافية GIS,https://khamsat.com/data/gis,خدمات نظم معلومات جغرافية واستشعار عن بعد,https://khamsat.com/data/gis/3043353-%D8%AE%D8%AF%D9%85%D8%A7%D8%AA-%D9%86%D8%B8%D9%85-%D9%85%D8%B9%D9%84%D9%88%D9%85%D8%A7%D8%AA-%D8%AC%D8%BA%D8%B1%D8%A7%D9%81%D9%8A%D8%A9-%D9%88%D8%A7%D8%B3%D8%AA%D8%B4%D8%B9%D8%A7%D8%B1-%D8%B9%D9%86-%D8%A8%D8%B9%D8%AF,0.0,0,لم يحسب,0,0,$5.00,يومين,0,4,80.0,رمزي ع.,https://khamsat.com/user/ramzi84,True,بائع جديد,0.0,0,لم يحسب بعد,1,0,لم يحسب
بيانات,https://khamsat.com/data,نظم المعلومات الجغرافية GIS,https://khamsat.com/data/gis,التحليل الهيدرولوجي واستخراج شبكة الاودية,https://khamsat.com/data/gis/2945890-%D8%A7%D9%84%D8%AA%D8%AD%D9%84%D9%8A%D9%84-%D8%A7%D9%84%D9%87%D9%8A%D8%AF%D8%B1%D9%88%D9%84%D9%88%D8%AC%D9%8A-%D9%88%D8%A7%D8%B3%D8%AA%D8%AE%D8%B1%D8%A7%D8%AC-%D8%B4%D8%A8%D9%83%D8%A9-%D8%A7%D9%84%D8%A7%D9%88%D8%AF%D9%8A%D8%A9,0.0,0,لم يحسب,0,0,$5.00,يوم واحد,0,0,0.0,.Noha T,https://khamsat.com/user/nouha_tarek,True,بائع جديد,0.0,0,لم يحسب بعد,2,0,لم يحسب
بيانات,https://khamsat.com/data,إدخال بيانات,https://khamsat.com/data/data-entry,تصميم استمارة ( نموذج ) PDF رائع يسهل عليك أعمالك,https://khamsat.com/data/data-entry/1180678-%D8%AA%D8%B5%D9%85%D9%8A%D9%85-%D8%A7%D8%B3%D8%AA%D9%85%D8%A7%D8%B1%D8%A9-%D9%86%D9%85%D9%88%D8%B0%D8%AC-pdf-%D8%B1%D8%A7%D8%A6%D8%B9-%D9%8A%D8%B3%D9%87%D9%84-%D8%B9%D9%84%D9%8A%D9%83-%D8%A3%D8%B9%D9%85%D8%A7%D9%84%D9%83,5.0,30,ساعة,33,0,$10.00,يوم واحد,25,5,125.0,.Mahmoud M,https://khamsat.com/user/mahmoudmeky,True,بائع مميز,5.0,152,99.69%,5,159,5 ساعات
بيانات,https://khamsat.com/data,إدخال بيانات,https://khamsat.com/data/data-entry,ملف اكسل Excel لإدارة المهام متوفر بالانجليزي و العربي,https://khamsat.com/data/data-entry/2755100-%D9%85%D9%84%D9%81-%D8%A7%D9%83%D8%B3%D9%84-excel-%D9%84%D8%A5%D8%AF%D8%A7%D8%B1%D8%A9-%D8%A7%D9%84%D9%85%D9%87%D8%A7%D9%85-%D9%85%D8%AA%D9%88%D9%81%D8%B1-%D8%A8%D8%A7%D9%84%D8%A7%D9%86%D8%AC%D9%84%D9%8A%D8%B2%D9%8A-%D9%88-%D8%A7%D9%84%D8%B9%D8%B1%D8%A8%D9%8A,5.0,20,4 ساعات,40,0,$10.00,يوم واحد,20,1,20.0,عبدالإله ف.,https://khamsat.com/user/abdulelahf,True,بائع نشيط,5.0,21,89.36%,2,42,ساعتين
بيانات,https://khamsat.com/data,إدخال بيانات,https://khamsat.com/data/data-entry,انشاء نموذج استمارة رسمية pdf قابلة للملء بشكل إحترافي,https://khamsat.com/data/data-entry/575771-%D8%A7%D9%86%D8%B4%D8%A7%D8%A1-%D9%86%D9%85%D9%88%D8%B0%D8%AC-%D8%A7%D8%B3%D8%AA%D9%85%D8%A7%D8%B1%D8%A9-%D8%B1%D8%B3%D9%85%D9%8A%D8%A9-pdf-%D9%82%D8%A7%D8%A8%D9%84%D8%A9-%D9%84%D9%84%D9%85%D9%84%D8%A1-%D8%A8%D8%B4%D9%83%D9%84-%D8%A5%D8%AD%D8%AA%D8%B1%D8%A7%D9%81%D9%8A,4.5,39,3 ساعات,54,0,$10.00,أربعة أيام,25,5,40.0,.Ahmed G,https://khamsat.com/user/ahmed-ghoraba,True,بائع مميز,5.0,118,92.18%,4,160,7 ساعات
بيانات,https://khamsat.com/data,إدخال بيانات,https://khamsat.com/data/data-entry,إدخال البيانات والمنتجات إلي التطبيقات والمواقع والمتاجر,https://khamsat.com/data/data-entry/1698899-%D8%A5%D8%AF%D8%AE%D8%A7%D9%84-%D8%A7%D9%84%D8%A8%D9%8A%D8%A7%D9%86%D8%A7%D8%AA-%D9%88%D8%A7%D9%84%D9%85%D9%86%D8%AA%D8%AC%D8%A7%D8%AA-%D8%A5%D9%84%D9%8A-%D8%A7%D9%84%D8%AA%D8%B7%D8%A8%D9%8A%D9%82%D8%A7%D8%AA-%D9%88%D8%A7%D9%84%D9%85%D9%88%D8%A7%D9%82%D8%B9-%D9%88%D8%A7%D9%84%D9%85%D8%AA%D8%A7%D8%AC%D8%B1,5.0,13,10 دقائق,14,0,$5.00,يومين,13,5,105.0,أحمد س.,https://khamsat.com/user/ahmed_eid20,True,بائع مميز,5.0,26,97.22%,4,25,ساعة
بيانات,https://khamsat.com/data,إدخال بيانات,https://khamsat.com/data/data-entry,خدمة إدخال بيانات بدقة واحترافية,https://khamsat.com/data/data-entry/2962756-%D8%AE%D8%AF%D9%85%D8%A9-%D8%A5%D8%AF%D8%AE%D8%A7%D9%84-%D8%A8%D9%8A%D8%A7%D9%86%D8%A7%D8%AA-%D8%A8%D8%AF%D9%82%D8%A9-%D9%88%D8%A7%D8%AD%D8%AA%D8%B1%D8%A7%D9%81%D9%8A%D8%A9,5.0,2,ساعة,4,0,$5.00,أسبوع,2,2,30.0,اسماء ط.,https://khamsat.com/user/a1s2m3a4a5_19,True,بائع جديد,5.0,2,90.0%,4,5,ساعة
بيانات,https://khamsat.com/data,إدخال بيانات,https://khamsat.com/data/data-entry,تعديل في محتويات ملفات PDF,https://khamsat.com/data/data-entry/985589-%D8%AA%D8%B9%D8%AF%D9%8A%D9%84-%D9%81%D9%8A-%D9%85%D8%AD%D8%AA%D9%88%D9%8A%D8%A7%D8%AA-%D9%85%D9%84%D9%81%D8%A7%D8%AA-pdf,5.0,28,32 دقيقة,32,0,$5.00,يوم واحد,25,5,60.0,.Khaled M,https://khamsat.com/user/s-h-u-t-d-o-w-n,True,بائع مميز,5.0,30,92.77%,1,36,5 ساعات
بيانات,https://khamsat.com/data,إدخال بيانات,https://khamsat.com/data/data-entry,إضافة أسئلة في نماذج قوقل فورم Google Form وعمل QR Code له,https://khamsat.com/data/data-entry/1938691-%D8%A5%D8%B6%D8%A7%D9%81%D8%A9-%D8%A3%D8%B3%D8%A6%D9%84%D8%A9-%D9%81%D9%8A-%D9%86%D9%85%D8%A7%D8%B0%D8%AC-%D9%82%D9%88%D9%82%D9%84-%D9%81%D9%88%D8%B1%D9%85-google-form-%D9%88%D8%B9%D9%85%D9%84-qr-code-%D9%84%D9%87,5.0,8,26 دقيقة,10,0,$5.00,يوم واحد,8,4,50.0,احمد س.,https://khamsat.com/user/ahmedsamier7,True,بائع نشيط,5.0,10,100.0%,3,11,ساعة
بيانات,https://khamsat.com/data,إدخال بيانات,https://khamsat.com/data/data-entry,عمل جدول زمني على برنامج MS project,https://khamsat.com/data/data-entry/1710398-%D8%B9%D9%85%D9%84-%D8%AC%D8%AF%D9%88%D9%84-%D8%B2%D9%85%D9%86%D9%8A-%D8%B9%D9%84%D9%89-%D8%A8%D8%B1%D9%86%D8%A7%D9%85%D8%AC-ms-project,5.0,4,12 ساعة,6,0,$10.00,يوم واحد,4,2,30.0,شهد ع.,https://khamsat.com/user/shahed_ashour,True,بائع نشيط,5.0,6,86.96%,1,7,13 ساعة
بيانات,https://khamsat.com/data,إدخال بيانات,https://khamsat.com/data/data-entry,طباعة ابحاث وتنسيق ملفات بشكل احترافي,https://khamsat.com/data/data-entry/1902244-%D8%B7%D8%A8%D8%A7%D8%B9%D8%A9-%D8%A7%D8%A8%D8%AD%D8%A7%D8%AB-%D9%88%D8%AA%D9%86%D8%B3%D9%8A%D9%82-%D9%85%D9%84%D9%81%D8%A7%D8%AA-%D8%A8%D8%B4%D9%83%D9%84-%D8%A7%D8%AD%D8%AA%D8%B1%D8%A7%D9%81%D9%8A,5.0,16,11 ساعة,19,0,$5.00,يوم واحد,16,3,45.0,.Osama H,https://khamsat.com/user/ossm,True,بائع نشيط,5.0,18,91.3%,4,21,3 ساعات
بيانات,https://khamsat.com/data,إدخال بيانات,https://khamsat.com/data/data-entry,ادخال البيانات وتفريغ الملفات بكافة الأشكال إلي word,https://khamsat.com/data/data-entry/1168588-%D8%A7%D8%AF%D8%AE%D8%A7%D9%84-%D8%A7%D9%84%D8%A8%D9%8A%D8%A7%D9%86%D8%A7%D8%AA-%D9%88%D8%AA%D9%81%D8%B1%D9%8A%D8%BA-%D8%A7%D9%84%D9%85%D9%84%D9%81%D8%A7%D8%AA-%D8%A8%D9%83%D8%A7%D9%81%D8%A9-%D8%A7%D9%84%D8%A3%D8%B4%D9%83%D8%A7%D9%84-%D8%A5%D9%84%D9%8A-word,4.5,92,49 دقيقة,111,1,$5.00,يوم واحد,25,5,140.0,رحاب ص.,https://khamsat.com/user/rehab_saleh,True,بائع مميز,4.5,122,95.57%,2,140,6 ساعات
بيانات,https://khamsat.com/data,إدخال بيانات,https://khamsat.com/data/data-entry,ادخال البيانات وتفريغها من ملفات PDF او صور على Word,https://khamsat.com/data/data-entry/1368010-%D8%A7%D8%AF%D8%AE%D8%A7%D9%84-%D8%A7%D9%84%D8%A8%D9%8A%D8%A7%D9%86%D8%A7%D8%AA-%D9%88%D8%AA%D9%81%D8%B1%D9%8A%D8%BA%D9%87%D8%A7-%D9%85%D9%86-%D9%85%D9%84%D9%81%D8%A7%D8%AA-pdf-%D8%A7%D9%88-%D8%B5%D9%88%D8%B1-%D8%B9%D9%84%D9%89-word,5.0,14,يوم,19,0,$5.00,يوم واحد,14,3,60.0,.Mohammed I,https://khamsat.com/user/mohammedc,True,بائع مميز,5.0,41,99.11%,2,50,15 ساعة
بيانات,https://khamsat.com/data,إدخال بيانات,https://khamsat.com/data/data-entry,إدخال البيانات مرفوقة بالاشكال البيانية,https://khamsat.com/data/data-entry/2694601-%D8%A5%D8%AF%D8%AE%D8%A7%D9%84-%D8%A7%D9%84%D8%A8%D9%8A%D8%A7%D9%86%D8%A7%D8%AA-%D9%85%D8%B1%D9%81%D9%88%D9%82%D8%A9-%D8%A8%D8%A7%D9%84%D8%A7%D8%B4%D9%83%D8%A7%D9%84-%D8%A7%D9%84%D8%A8%D9%8A%D8%A7%D9%86%D9%8A%D8%A9,5.0,4,ساعة,8,0,$5.00,يوم واحد,4,1,5.0,ليث ر.,https://khamsat.com/user/raadlaith33,True,بائع نشيط,5.0,11,73.21%,4,18,ساعتين
بيانات,https://khamsat.com/data,إدخال بيانات,https://khamsat.com/data/data-entry,إدخال وتنسيق البيانات على word بدقة عالية,https://khamsat.com/data/data-entry/3024531-%D8%A5%D8%AF%D8%AE%D8%A7%D9%84-%D9%88%D8%AA%D9%86%D8%B3%D9%8A%D9%82-%D8%A7%D9%84%D8%A8%D9%8A%D8%A7%D9%86%D8%A7%D8%AA-%D8%B9%D9%84%D9%89-word-%D8%A8%D8%AF%D9%82%D8%A9-%D8%B9%D8%A7%D9%84%D9%8A%D8%A9,5.0,1,6 دقائق,1,0,$5.00,يوم واحد,1,4,85.0,.Siham H,https://khamsat.com/user/siham_123456,True,بائع جديد,5.0,3,100.0%,1,3,33 دقيقة
بيانات,https://khamsat.com/data,إدخال بيانات,https://khamsat.com/data/data-entry,إدخال بيانات وتنظيمها بدقة وسرعة عالية عربي/فرنسي/إنجليزي,https://khamsat.com/data/data-entry/1698522-%D8%A5%D8%AF%D8%AE%D8%A7%D9%84-%D8%A8%D9%8A%D8%A7%D9%86%D8%A7%D8%AA-%D9%88%D8%AA%D9%86%D8%B8%D9%8A%D9%85%D9%87%D8%A7-%D8%A8%D8%AF%D9%82%D8%A9-%D9%88%D8%B3%D8%B1%D8%B9%D8%A9-%D8%B9%D8%A7%D9%84%D9%8A%D8%A9-%D8%B9%D8%B1%D8%A8%D9%8A%D9%81%D8%B1%D9%86%D8%B3%D9%8A%D8%A5%D9%86%D8%AC%D9%84%D9%8A%D8%B2%D9%8A,5.0,4,11 ساعة,7,0,$5.00,يوم واحد,4,5,105.0,ابتسام ب.,https://khamsat.com/user/ibtissam_ben,True,بائع مميز,5.0,15,100.0%,7,19,3 ساعات
بيانات,https://khamsat.com/data,إدخال بيانات,https://khamsat.com/data/data-entry,تنسيق جميع الملفات Word باحترافية ودقة,https://khamsat.com/data/data-entry/2889453-%D8%AA%D9%86%D8%B3%D9%8A%D9%82-%D8%AC%D9%85%D9%8A%D8%B9-%D8%A7%D9%84%D9%85%D9%84%D9%81%D8%A7%D8%AA-word-%D8%A8%D8%A7%D8%AD%D8%AA%D8%B1%D8%A7%D9%81%D9%8A%D8%A9-%D9%88%D8%AF%D9%82%D8%A9,5.0,2,3 ساعات,2,0,$5.00,يوم واحد,2,5,105.0,مصطفي ج.,https://khamsat.com/user/moustafa_muhammed22,True,بائع جديد,5.0,2,100.0%,2,2,3 ساعات
بيانات,https://khamsat.com/data,إدخال بيانات,https://khamsat.com/data/data-entry,إدخال بيانات ومنتجات في اكسيل او في تطبيقات و مواقع و متاجر,https://khamsat.com/data/data-entry/2879077-%D8%A5%D8%AF%D8%AE%D8%A7%D9%84-%D8%A8%D9%8A%D8%A7%D9%86%D8%A7%D8%AA-%D9%88%D9%85%D9%86%D8%AA%D8%AC%D8%A7%D8%AA-%D9%81%D9%8A-%D8%A7%D9%83%D8%B3%D9%8A%D9%84-%D8%A7%D9%88-%D9%81%D9%8A-%D8%AA%D8%B7%D8%A8%D9%8A%D9%82%D8%A7%D8%AA-%D9%88-%D9%85%D9%88%D8%A7%D9%82%D8%B9-%D9%88-%D9%85%D8%AA%D8%A7%D8%AC%D8%B1,5.0,1,7 ساعات,1,0,$5.00,يوم واحد,1,5,125.0,.Mohamed S,https://khamsat.com/user/mo_salah11,True,بائع جديد,5.0,3,90.0%,5,3,يومين
بيانات,https://khamsat.com/data,إدخال بيانات,https://khamsat.com/data/data-entry,كتابة 35 صفحة على برنامج word بدقة واحترافية عربى وانجليزى,https://khamsat.com/data/data-entry/806202-%D9%83%D8%AA%D8%A7%D8%A8%D8%A9-35-%D8%B5%D9%81%D8%AD%D8%A9-%D8%B9%D9%84%D9%89-%D8%A8%D8%B1%D9%86%D8%A7%D9%85%D8%AC-word-%D8%A8%D8%AF%D9%82%D8%A9-%D9%88%D8%A7%D8%AD%D8%AA%D8%B1%D8%A7%D9%81%D9%8A%D8%A9-%D8%B9%D8%B1%D8%A8%D9%89-%D9%88%D8%A7%D9%86%D8%AC%D9%84%D9%8A%D8%B2%D9%89,5.0,14,3 ساعات,17,0,$5.00,يومين,14,2,25.0,.Nouran A,https://khamsat.com/user/nouran-adel,True,بائع مميز,5.0,36,98.5%,2,43,ساعة
بيانات,https://khamsat.com/data,إدخال بيانات,https://khamsat.com/data/data-entry,تصميم ملف pdf تفاعلي ( interactive PDF ),https://khamsat.com/data/data-entry/1060862-%D8%AA%D8%B5%D9%85%D9%8A%D9%85-%D9%85%D9%84%D9%81-pdf-%D8%AA%D9%81%D8%A7%D8%B9%D9%84%D9%8A-interactive-pdf,5.0,30,18 ساعة,34,0,$5.00,ثلاثة أيام,25,5,140.0,ناريمان ا.,https://khamsat.com/user/layan_abood,True,بائع مميز,5.0,62,97.3%,13,48,10 ساعات
بيانات,https://khamsat.com/data,إدخال بيانات,https://khamsat.com/data/data-entry,ادخال بيانات وتنسيقها على الاكسل,https://khamsat.com/data/data-entry/2778042-%D8%A7%D8%AF%D8%AE%D8%A7%D9%84-%D8%A8%D9%8A%D8%A7%D9%86%D8%A7%D8%AA-%D9%88%D8%AA%D9%86%D8%B3%D9%8A%D9%82%D9%87%D8%A7-%D8%B9%D9%84%D9%89-%D8%A7%D9%84%D8%A7%D9%83%D8%B3%D9%84,4.5,7,5 دقائق,8,0,$5.00,يوم واحد,7,0,0.0,.Dina Y,https://khamsat.com/user/dinayoussef669,True,بائع مميز,5.0,65,97.67%,10,54,5 ساعات
بيانات,https://khamsat.com/data,إدخال بيانات,https://khamsat.com/data/data-entry,تفريغ النصوص وإدخال البيانات مع ترتيبها وتنسيقها,https://khamsat.com/data/data-entry/2858695-%D8%AA%D9%81%D8%B1%D9%8A%D8%BA-%D8%A7%D9%84%D9%86%D8%B5%D9%88%D8%B5-%D9%88%D8%A5%D8%AF%D8%AE%D8%A7%D9%84-%D8%A7%D9%84%D8%A8%D9%8A%D8%A7%D9%86%D8%A7%D8%AA-%D9%85%D8%B9-%D8%AA%D8%B1%D8%AA%D9%8A%D8%A8%D9%87%D8%A7-%D9%88%D8%AA%D9%86%D8%B3%D9%8A%D9%82%D9%87%D8%A7,5.0,5,3 ساعات,5,0,$5.00,يوم واحد,5,3,35.0,سمية م.,https://khamsat.com/user/somiyamk,True,بائع نشيط,4.5,20,88.57%,3,21,ساعة
بيانات,https://khamsat.com/data,إدخال بيانات,https://khamsat.com/data/data-entry,ادخال البيانات لملفات اكسل,https://khamsat.com/data/data-entry/2252358-%D8%A7%D8%AF%D8%AE%D8%A7%D9%84-%D8%A7%D9%84%D8%A8%D9%8A%D8%A7%D9%86%D8%A7%D8%AA-%D9%84%D9%85%D9%84%D9%81%D8%A7%D8%AA-%D8%A7%D9%83%D8%B3%D9%84,4.5,13,3 دقائق,16,0,$5.00,يومين,13,2,15.0,.Tareq Z,https://khamsat.com/user/tareq_zain,True,بائع مميز,4.5,15,91.39%,5,17,3 ساعات
بيانات,https://khamsat.com/data,إدخال بيانات,https://khamsat.com/data/data-entry,إدخال بيانات وكتابة على الوورد مع التنسيق والترتيب,https://khamsat.com/data/data-entry/1797771-%D8%A5%D8%AF%D8%AE%D8%A7%D9%84-%D8%A8%D9%8A%D8%A7%D9%86%D8%A7%D8%AA-%D9%88%D9%83%D8%AA%D8%A7%D8%A8%D8%A9-%D8%B9%D9%84%D9%89-%D8%A7%D9%84%D9%88%D9%88%D8%B1%D8%AF-%D9%85%D8%B9-%D8%A7%D9%84%D8%AA%D9%86%D8%B3%D9%8A%D9%82-%D9%88%D8%A7%D9%84%D8%AA%D8%B1%D8%AA%D9%8A%D8%A8,5.0,4,40 دقيقة,4,0,$5.00,يوم واحد,4,5,95.0,نشوان ا.,https://khamsat.com/user/nashwan2020,True,بائع مميز,5.0,62,92.8%,4,74,23 ساعة
بيانات,https://khamsat.com/data,إدخال بيانات,https://khamsat.com/data/data-entry,عمل شيت اكسل يحتوي على 20 صفحة أو 500 خلية مقابل 5 دولار,https://khamsat.com/data/data-entry/1003927-%D8%B9%D9%85%D9%84-%D8%B4%D9%8A%D8%AA-%D8%A7%D9%83%D8%B3%D9%84-%D9%8A%D8%AD%D8%AA%D9%88%D9%8A-%D8%B9%D9%84%D9%89-20-%D8%B5%D9%81%D8%AD%D8%A9-%D8%A3%D9%88-500-%D8%AE%D9%84%D9%8A%D8%A9-%D9%85%D9%82%D8%A7%D8%A8%D9%84-5-%D8%AF%D9%88%D9%84%D8%A7%D8%B1,5.0,7,15 ساعة,8,0,$5.00,يوم واحد,7,3,20.0,.Muhammad M,https://khamsat.com/user/muhammadmustafa88,True,بائع مميز,4.5,66,92.67%,3,89,4 ساعات
بيانات,https://khamsat.com/data,إدخال بيانات,https://khamsat.com/data/data-entry,تفريغ البيانات الي شيت اكسل,https://khamsat.com/data/data-entry/2857767-%D8%AA%D9%81%D8%B1%D9%8A%D8%BA-%D8%A7%D9%84%D8%A8%D9%8A%D8%A7%D9%86%D8%A7%D8%AA-%D8%A7%D9%84%D9%8A-%D8%B4%D9%8A%D8%AA-%D8%A7%D9%83%D8%B3%D9%84,5.0,2,ساعة,3,0,$5.00,يومين,2,3,45.0,.Mohamed G,https://khamsat.com/user/mohamed_gamal630,True,بائع جديد,5.0,4,50.0%,5,5,6 ساعات
بيانات,https://khamsat.com/data,إدخال بيانات,https://khamsat.com/data/data-entry,تنسيق أوراق Word و Excel وعروض PowerPoint,https://khamsat.com/data/data-entry/42436-%D8%AA%D9%86%D8%B3%D9%8A%D9%82-%D8%A3%D9%88%D8%B1%D8%A7%D9%82-word-%D9%88-excel-%D9%88%D8%B9%D8%B1%D9%88%D8%B6-powerpoint,5.0,33,4 ساعات,44,0,$5.00,يوم واحد,25,2,15.0,.Mustafa F,https://khamsat.com/user/mustafa-fayeq,True,بائع موثوق,4.5,256,95.75%,4,329,4 ساعات
بيانات,https://khamsat.com/data,إدخال بيانات,https://khamsat.com/data/data-entry,ادخال و تنسيق البيانات في الاكسيل,https://khamsat.com/data/data-entry/2752842-%D8%A7%D8%AF%D8%AE%D8%A7%D9%84-%D9%88-%D8%AA%D9%86%D8%B3%D9%8A%D9%82-%D8%A7%D9%84%D8%A8%D9%8A%D8%A7%D9%86%D8%A7%D8%AA-%D9%81%D9%8A-%D8%A7%D9%84%D8%A7%D9%83%D8%B3%D9%8A%D9%84,5.0,2,ساعتين,2,0,$5.00,يوم واحد,2,4,70.0,محمد ا.,https://khamsat.com/user/esbtan01060392660,True,بائع نشيط,5.0,5,100.0%,2,3,ساعتين
بيانات,https://khamsat.com/data,إدخال بيانات,https://khamsat.com/data/data-entry,طباعة صفحات A4 على ملف word الوورد و تنسيقها,https://khamsat.com/data/data-entry/2831758-%D8%B7%D8%A8%D8%A7%D8%B9%D8%A9-%D8%B5%D9%81%D8%AD%D8%A7%D8%AA-a4-%D8%B9%D9%84%D9%89-%D9%85%D9%84%D9%81-word-%D8%A7%D9%84%D9%88%D9%88%D8%B1%D8%AF-%D9%88-%D8%AA%D9%86%D8%B3%D9%8A%D9%82%D9%87%D8%A7,5.0,2,34 دقيقة,2,0,$5.00,يوم واحد,2,2,35.0,.Nader A,https://khamsat.com/user/nader_abed,True,بائع جديد,5.0,3,100.0%,3,6,ساعة
بيانات,https://khamsat.com/data,إدخال بيانات,https://khamsat.com/data/data-entry,ادخال بيانات وجدولتها وتحليلها باستخدام Microsoft Excel,https://khamsat.com/data/data-entry/2130063-%D8%A7%D8%AF%D8%AE%D8%A7%D9%84-%D8%A8%D9%8A%D8%A7%D9%86%D8%A7%D8%AA-%D9%88%D8%AC%D8%AF%D9%88%D9%84%D8%AA%D9%87%D8%A7-%D9%88%D8%AA%D8%AD%D9%84%D9%8A%D9%84%D9%87%D8%A7-%D8%A8%D8%A7%D8%B3%D8%AA%D8%AE%D8%AF%D8%A7%D9%85-microsoft-excel,4.5,13,أقل من دقيقة,19,0,$5.00,يوم واحد,13,4,195.0,.George N,https://khamsat.com/user/george_nabil_bulis,True,بائع مميز,4.5,17,98.48%,3,24,43 دقيقة
بيانات,https://khamsat.com/data,إدخال بيانات,https://khamsat.com/data/data-entry,كتابة على برنامج الورد 5 ورقات مقابل 5$,https://khamsat.com/data/data-entry/1244424-%D9%83%D8%AA%D8%A7%D8%A8%D8%A9-%D8%B9%D9%84%D9%89-%D8%A8%D8%B1%D9%86%D8%A7%D9%85%D8%AC-%D8%A7%D9%84%D9%88%D8%B1%D8%AF-5-%D9%88%D8%B1%D9%82%D8%A7%D8%AA-%D9%85%D9%82%D8%A7%D8%A8%D9%84-5,5.0,7,4 أيام,11,0,$5.00,يوم واحد,7,3,20.0,.Mohammed I,https://khamsat.com/user/mohammedc,True,بائع مميز,5.0,41,99.11%,2,50,15 ساعة
بيانات,https://khamsat.com/data,إدخال بيانات,https://khamsat.com/data/data-entry,كتابة 30 صفحة ورد مقابل 5$,https://khamsat.com/data/data-entry/1604416-%D9%83%D8%AA%D8%A7%D8%A8%D8%A9-30-%D8%B5%D9%81%D8%AD%D8%A9-%D9%88%D8%B1%D8%AF-%D9%85%D9%82%D8%A7%D8%A8%D9%84-5,5.0,7,ساعتين,9,0,$5.00,يومين,7,4,50.0,.Esraa R,https://khamsat.com/user/esraa2323reda,True,بائع نشيط,5.0,10,86.36%,4,13,36 دقيقة
بيانات,https://khamsat.com/data,قواعد البيانات,https://khamsat.com/data/databases,دليل شامل للمتاجر الكترونية في مختلف الدول,https://khamsat.com/data/databases/3031040-%D8%AF%D9%84%D9%8A%D9%84-%D8%B4%D8%A7%D9%85%D9%84-%D9%84%D9%84%D9%85%D8%AA%D8%A7%D8%AC%D8%B1-%D8%A7%D9%84%D9%83%D8%AA%D8%B1%D9%88%D9%86%D9%8A%D8%A9-%D9%81%D9%8A-%D9%85%D8%AE%D8%AA%D9%84%D9%81-%D8%A7%D9%84%D8%AF%D9%88%D9%84,0.0,0,53 دقيقة,1,0,$10.00,يوم واحد,0,3,90.0,.Toqa A,https://khamsat.com/user/toqa_elesnawi,True,بائع مميز,4.5,77,96.43%,13,112,ساعة
بيانات,https://khamsat.com/data,قواعد البيانات,https://khamsat.com/data/databases,دليل شركات النقل والخدمات اللوجستية في السعودية,https://khamsat.com/data/databases/2812330-%D8%AF%D9%84%D9%8A%D9%84-%D8%B4%D8%B1%D9%83%D8%A7%D8%AA-%D8%A7%D9%84%D9%86%D9%82%D9%84-%D9%88%D8%A7%D9%84%D8%AE%D8%AF%D9%85%D8%A7%D8%AA-%D8%A7%D9%84%D9%84%D9%88%D8%AC%D8%B3%D8%AA%D9%8A%D8%A9-%D9%81%D9%8A-%D8%A7%D9%84%D8%B3%D8%B9%D9%88%D8%AF%D9%8A%D8%A9,4.5,7,ساعتين,17,0,$10.00,يوم واحد,7,0,0.0,.Ali F,https://khamsat.com/user/ali_enviro,True,بائع نشيط,4.5,9,91.67%,5,21,ساعتين
بيانات,https://khamsat.com/data,قواعد البيانات,https://khamsat.com/data/databases,ملف كامل لبيانات الشركات السعودية الصغيرة والمتوسطة,https://khamsat.com/data/databases/2901767-%D9%85%D9%84%D9%81-%D9%83%D8%A7%D9%85%D9%84-%D9%84%D8%A8%D9%8A%D8%A7%D9%86%D8%A7%D8%AA-%D8%A7%D9%84%D8%B4%D8%B1%D9%83%D8%A7%D8%AA-%D8%A7%D9%84%D8%B3%D8%B9%D9%88%D8%AF%D9%8A%D8%A9-%D8%A7%D9%84%D8%B5%D8%BA%D9%8A%D8%B1%D8%A9-%D9%88%D8%A7%D9%84%D9%85%D8%AA%D9%88%D8%B3%D8%B7%D8%A9,5.0,3,ساعتين,7,0,$15.00,يوم واحد,3,1,35.0,.Asmaa S,https://khamsat.com/user/asmasaber,True,بائع مميز,5.0,24,94.29%,10,49,ساعة
بيانات,https://khamsat.com/data,قواعد البيانات,https://khamsat.com/data/databases,عمل قواعد بيانات و ارشفة معلومات على برنامج اكسسAccess,https://khamsat.com/data/databases/1961498-%D8%B9%D9%85%D9%84-%D9%82%D9%88%D8%A7%D8%B9%D8%AF-%D8%A8%D9%8A%D8%A7%D9%86%D8%A7%D8%AA-%D9%88-%D8%A7%D8%B1%D8%B4%D9%81%D8%A9-%D9%85%D8%B9%D9%84%D9%88%D9%85%D8%A7%D8%AA-%D8%B9%D9%84%D9%89-%D8%A8%D8%B1%D9%86%D8%A7%D9%85%D8%AC-%D8%A7%D9%83%D8%B3%D8%B3access,5.0,6,3 ساعات,8,0,$5.00,يومين,6,4,195.0,.Ammar A,https://khamsat.com/user/a_alfaisal,True,بائع نشيط,5.0,10,96.0%,6,12,11 ساعة
بيانات,https://khamsat.com/data,قواعد البيانات,https://khamsat.com/data/databases,برمجة قواعد بيانات Microsoft SQL Server و Oracle باحترافيه,https://khamsat.com/data/databases/2022038-%D8%A8%D8%B1%D9%85%D8%AC%D8%A9-%D9%82%D9%88%D8%A7%D8%B9%D8%AF-%D8%A8%D9%8A%D8%A7%D9%86%D8%A7%D8%AA-microsoft-sql-server-%D9%88-oracle-%D8%A8%D8%A7%D8%AD%D8%AA%D8%B1%D8%A7%D9%81%D9%8A%D9%87,5.0,15,8 دقائق,17,0,$5.00,يوم واحد,15,3,35.0,.Mina Z,https://khamsat.com/user/mina_elkholy,True,بائع مميز,5.0,23,98.11%,3,21,24 دقيقة
بيانات,https://khamsat.com/data,قواعد البيانات,https://khamsat.com/data/databases,دليل مكاتب الاستشارت البيئية ونقل المخلفات ومختبرات الرصد,https://khamsat.com/data/databases/2836714-%D8%AF%D9%84%D9%8A%D9%84-%D9%85%D9%83%D8%A7%D8%AA%D8%A8-%D8%A7%D9%84%D8%A7%D8%B3%D8%AA%D8%B4%D8%A7%D8%B1%D8%AA-%D8%A7%D9%84%D8%A8%D9%8A%D8%A6%D9%8A%D8%A9-%D9%88%D9%86%D9%82%D9%84-%D8%A7%D9%84%D9%85%D8%AE%D9%84%D9%81%D8%A7%D8%AA-%D9%88%D9%85%D8%AE%D8%AA%D8%A8%D8%B1%D8%A7%D8%AA-%D8%A7%D9%84%D8%B1%D8%B5%D8%AF,5.0,1,ساعة,2,0,$10.00,يوم واحد,1,1,5.0,.Ali F,https://khamsat.com/user/ali_enviro,True,بائع نشيط,4.5,9,91.67%,5,21,ساعتين
بيانات,https://khamsat.com/data,قواعد البيانات,https://khamsat.com/data/databases,دليل شركات ووكالة العمرة بالسعودية ووكلائها في الخارج,https://khamsat.com/data/databases/2837823-%D8%AF%D9%84%D9%8A%D9%84-%D8%B4%D8%B1%D9%83%D8%A7%D8%AA-%D9%88%D9%88%D9%83%D8%A7%D9%84%D8%A9-%D8%A7%D9%84%D8%B9%D9%85%D8%B1%D8%A9-%D8%A8%D8%A7%D9%84%D8%B3%D8%B9%D9%88%D8%AF%D9%8A%D8%A9-%D9%88%D9%88%D9%83%D9%84%D8%A7%D8%A6%D9%87%D8%A7-%D9%81%D9%8A-%D8%A7%D9%84%D8%AE%D8%A7%D8%B1%D8%AC,0.0,0,ساعتين,3,0,$10.00,يوم واحد,0,1,10.0,.Ali F,https://khamsat.com/user/ali_enviro,True,بائع نشيط,4.5,9,91.67%,5,21,ساعتين
بيانات,https://khamsat.com/data,قواعد البيانات,https://khamsat.com/data/databases,عمل داشبورد باستخدام باور بي Interactive power bi dashboard,https://khamsat.com/data/databases/2841719-%D8%B9%D9%85%D9%84-%D8%AF%D8%A7%D8%B4%D8%A8%D9%88%D8%B1%D8%AF-%D8%A8%D8%A7%D8%B3%D8%AA%D8%AE%D8%AF%D8%A7%D9%85-%D8%A8%D8%A7%D9%88%D8%B1-%D8%A8%D9%8A-interactive-power-bi-dashboard,5.0,1,ساعتين,1,0,$5.00,ثلاثة أيام,1,2,15.0,.Norhan S,https://khamsat.com/user/norhanshaban,True,بائع نشيط,5.0,6,100.0%,2,10,3 ساعات
بيانات,https://khamsat.com/data,قواعد البيانات,https://khamsat.com/data/databases,تصميم قاعدة بيانات اكسس Acess مع نماذج وتقارير احترافية,https://khamsat.com/data/databases/2893869-%D8%AA%D8%B5%D9%85%D9%8A%D9%85-%D9%82%D8%A7%D8%B9%D8%AF%D8%A9-%D8%A8%D9%8A%D8%A7%D9%86%D8%A7%D8%AA-%D8%A7%D9%83%D8%B3%D8%B3-acess-%D9%85%D8%B9-%D9%86%D9%85%D8%A7%D8%B0%D8%AC-%D9%88%D8%AA%D9%82%D8%A7%D8%B1%D9%8A%D8%B1-%D8%A7%D8%AD%D8%AA%D8%B1%D8%A7%D9%81%D9%8A%D8%A9,5.0,6,45 دقيقة,12,1,$10.00,ثلاثة أيام,6,4,55.0,.Sara E,https://khamsat.com/user/sara_ezzat4045,True,بائع مميز,5.0,45,98.83%,11,61,3 ساعات
بيانات,https://khamsat.com/data,قواعد البيانات,https://khamsat.com/data/databases,انشاء قاعده بيانات باستخدام SQL Server,https://khamsat.com/data/databases/1653046-%D8%A7%D9%86%D8%B4%D8%A7%D8%A1-%D9%82%D8%A7%D8%B9%D8%AF%D9%87-%D8%A8%D9%8A%D8%A7%D9%86%D8%A7%D8%AA-%D8%A8%D8%A7%D8%B3%D8%AA%D8%AE%D8%AF%D8%A7%D9%85-sql-server,5.0,3,11 يوم,3,0,$5.00,ثلاثة أيام,3,3,125.0,.Nawal Z,https://khamsat.com/user/nawal_zaki,True,بائع نشيط,5.0,5,97.06%,3,6,8 أيام
بيانات,https://khamsat.com/data,قواعد البيانات,https://khamsat.com/data/databases,تصميم قاعدة بيانات عن طريق Erd,https://khamsat.com/data/databases/2750022-%D8%AA%D8%B5%D9%85%D9%8A%D9%85-%D9%82%D8%A7%D8%B9%D8%AF%D8%A9-%D8%A8%D9%8A%D8%A7%D9%86%D8%A7%D8%AA-%D8%B9%D9%86-%D8%B7%D8%B1%D9%8A%D9%82-erd,4.0,4,12 ساعة,4,0,$10.00,ثلاثة أيام,4,2,10.0,.Sara E,https://khamsat.com/user/sara_ezzat4045,True,بائع مميز,5.0,45,98.83%,11,61,3 ساعات
بيانات,https://khamsat.com/data,قواعد البيانات,https://khamsat.com/data/databases,تصميم وإنشاء قواعد بيانات SQL الخاصة بشركتك أو التعديل عليها,https://khamsat.com/data/databases/2962518-%D8%AA%D8%B5%D9%85%D9%8A%D9%85-%D9%88%D8%A5%D9%86%D8%B4%D8%A7%D8%A1-%D9%82%D9%88%D8%A7%D8%B9%D8%AF-%D8%A8%D9%8A%D8%A7%D9%86%D8%A7%D8%AA-sql-%D8%A7%D9%84%D8%AE%D8%A7%D8%B5%D8%A9-%D8%A8%D8%B4%D8%B1%D9%83%D8%AA%D9%83-%D8%A3%D9%88-%D8%A7%D9%84%D8%AA%D8%B9%D8%AF%D9%8A%D9%84-%D8%B9%D9%84%D9%8A%D9%87%D8%A7,5.0,2,7 دقائق,2,0,$5.00,يوم واحد,2,2,10.0,محمد ك.,https://khamsat.com/user/ku18m,True,بائع جديد,5.0,2,100.0%,3,2,7 دقائق
بيانات,https://khamsat.com/data,قواعد البيانات,https://khamsat.com/data/databases,اقدم لك خدمات Access الإحترافية لمساعدتك في إنجاز عملك,https://khamsat.com/data/databases/1646633-%D8%A7%D9%82%D8%AF%D9%85-%D9%84%D9%83-%D8%AE%D8%AF%D9%85%D8%A7%D8%AA-access-%D8%A7%D9%84%D8%A5%D8%AD%D8%AA%D8%B1%D8%A7%D9%81%D9%8A%D8%A9-%D9%84%D9%85%D8%B3%D8%A7%D8%B9%D8%AF%D8%AA%D9%83-%D9%81%D9%8A-%D8%A5%D9%86%D8%AC%D8%A7%D8%B2-%D8%B9%D9%85%D9%84%D9%83,5.0,14,ساعتين,16,0,$5.00,يوم واحد,14,5,135.0,.Mohammed I,https://khamsat.com/user/mohammed_ibrahim84,True,بائع موثوق,4.5,147,98.08%,6,143,ساعة
بيانات,https://khamsat.com/data,قواعد البيانات,https://khamsat.com/data/databases,انشاء قاعدة بيانات باستحدام Sql server,https://khamsat.com/data/databases/2035674-%D8%A7%D9%86%D8%B4%D8%A7%D8%A1-%D9%82%D8%A7%D8%B9%D8%AF%D8%A9-%D8%A8%D9%8A%D8%A7%D9%86%D8%A7%D8%AA-%D8%A8%D8%A7%D8%B3%D8%AA%D8%AD%D8%AF%D8%A7%D9%85-sql-server,5.0,3,9 ساعات,4,0,$5.00,ثلاثة أيام,3,0,0.0,دعاء م.,https://khamsat.com/user/doaa12_mohamed,True,بائع نشيط,5.0,7,96.0%,5,5,ساعتين
بيانات,https://khamsat.com/data,قواعد البيانات,https://khamsat.com/data/databases,تصميم ومتابعة جدول زمنى ب مايكروسوفت بروجكت MS Project,https://khamsat.com/data/databases/1452508-%D8%AA%D8%B5%D9%85%D9%8A%D9%85-%D9%88%D9%85%D8%AA%D8%A7%D8%A8%D8%B9%D8%A9-%D8%AC%D8%AF%D9%88%D9%84-%D8%B2%D9%85%D9%86%D9%89-%D8%A8-%D9%85%D8%A7%D9%8A%D9%83%D8%B1%D9%88%D8%B3%D9%88%D9%81%D8%AA-%D8%A8%D8%B1%D9%88%D8%AC%D9%83%D8%AA-ms-project,5.0,23,28 دقيقة,41,0,$5.00,ثلاثة أيام,23,4,35.0,.Ahmed G,https://khamsat.com/user/a.a.genidy,True,بائع مميز,5.0,52,93.47%,3,79,4 ساعات
بيانات,https://khamsat.com/data,قواعد البيانات,https://khamsat.com/data/databases,إعداد قاعدة بيانات على برنامج الأكسس (Access),https://khamsat.com/data/databases/1802631-%D8%A5%D8%B9%D8%AF%D8%A7%D8%AF-%D9%82%D8%A7%D8%B9%D8%AF%D8%A9-%D8%A8%D9%8A%D8%A7%D9%86%D8%A7%D8%AA-%D8%B9%D9%84%D9%89-%D8%A8%D8%B1%D9%86%D8%A7%D9%85%D8%AC-%D8%A7%D9%84%D8%A3%D9%83%D8%B3%D8%B3-access,5.0,3,3 دقائق,3,0,$5.00,يوم واحد,3,5,205.0,.Osama M,https://khamsat.com/user/osama1998mm,True,بائع جديد,5.0,7,85.71%,5,5,51 دقيقة
بيانات,https://khamsat.com/data,قواعد البيانات,https://khamsat.com/data/databases,تصميم ERD كامل لقاعدة البيانات وتوضيح العلاقات بين الجداول,https://khamsat.com/data/databases/2037298-%D8%AA%D8%B5%D9%85%D9%8A%D9%85-erd-%D9%83%D8%A7%D9%85%D9%84-%D9%84%D9%82%D8%A7%D8%B9%D8%AF%D8%A9-%D8%A7%D9%84%D8%A8%D9%8A%D8%A7%D9%86%D8%A7%D8%AA-%D9%88%D8%AA%D9%88%D8%B6%D9%8A%D8%AD-%D8%A7%D9%84%D8%B9%D9%84%D8%A7%D9%82%D8%A7%D8%AA-%D8%A8%D9%8A%D9%86-%D8%A7%D9%84%D8%AC%D8%AF%D8%A7%D9%88%D9%84,0.0,0,52 دقيقة,1,0,$5.00,ثلاثة أيام,0,0,0.0,عزة ب.,https://khamsat.com/user/azza_bahaa67,True,بائع نشيط,3.5,3,86.67%,5,3,3 ساعات
بيانات,https://khamsat.com/data,قواعد البيانات,https://khamsat.com/data/databases,داتا وسطاء عقاريين بالسعودية بملف اكسيل,https://khamsat.com/data/databases/2784930-%D8%AF%D8%A7%D8%AA%D8%A7-%D9%88%D8%B3%D8%B7%D8%A7%D8%A1-%D8%B9%D9%82%D8%A7%D8%B1%D9%8A%D9%8A%D9%86-%D8%A8%D8%A7%D9%84%D8%B3%D8%B9%D9%88%D8%AF%D9%8A%D8%A9-%D8%A8%D9%85%D9%84%D9%81-%D8%A7%D9%83%D8%B3%D9%8A%D9%84,5.0,8,22 دقيقة,14,0,$10.00,يوم واحد,8,1,10.0,.Yousef M,https://khamsat.com/user/yousif-egy,True,بائع مميز,5.0,85,95.45%,6,96,46 دقيقة
بيانات,https://khamsat.com/data,قواعد البيانات,https://khamsat.com/data/databases,توفير قاعدة بيانات الموسسات التجارية في مدينة الرياض,https://khamsat.com/data/databases/2908604-%D8%AA%D9%88%D9%81%D9%8A%D8%B1-%D9%82%D8%A7%D8%B9%D8%AF%D8%A9-%D8%A8%D9%8A%D8%A7%D9%86%D8%A7%D8%AA-%D8%A7%D9%84%D9%85%D9%88%D8%B3%D8%B3%D8%A7%D8%AA-%D8%A7%D9%84%D8%AA%D8%AC%D8%A7%D8%B1%D9%8A%D8%A9-%D9%81%D9%8A-%D9%85%D8%AF%D9%8A%D9%86%D8%A9-%D8%A7%D9%84%D8%B1%D9%8A%D8%A7%D8%B6,0.0,0,9 ساعات,1,0,$5.00,يوم واحد,0,1,5.0,.Yasir M,https://khamsat.com/user/yasir37,False,بائع جديد,0.0,0,100.0%,1,1,9 ساعات
بيانات,https://khamsat.com/data,قواعد البيانات,https://khamsat.com/data/databases,"تصميم قاعدة بيانات , أو المساعدة في مهمة سيكول",https://khamsat.com/data/databases/612772-%D8%AA%D8%B5%D9%85%D9%8A%D9%85-%D9%82%D8%A7%D8%B9%D8%AF%D8%A9-%D8%A8%D9%8A%D8%A7%D9%86%D8%A7%D8%AA-%D8%A3%D9%88-%D8%A7%D9%84%D9%85%D8%B3%D8%A7%D8%B9%D8%AF%D8%A9-%D9%81%D9%8A-%D9%85%D9%87%D9%85%D8%A9-%D8%B3%D9%8A%D9%83%D9%88%D9%84,5.0,5,5 ساعات,5,0,$5.00,يوم واحد,5,0,0.0,إبراهيم ا.,https://khamsat.com/user/%D8%A5%D8%A8%D8%B1%D8%A7%D9%87%D9%8A%D9%85-%D8%AD%D8%B3%D9%86-%D8%A7%D9%84%D8%AD%D9%86%D9%81%D9%8A,True,بائع مميز,5.0,19,98.86%,2,20,3 ساعات
بيانات,https://khamsat.com/data,قواعد البيانات,https://khamsat.com/data/databases,تصميم قاعدة بيانات erd فى الوقت المحدد,https://khamsat.com/data/databases/1784608-%D8%AA%D8%B5%D9%85%D9%8A%D9%85-%D9%82%D8%A7%D8%B9%D8%AF%D8%A9-%D8%A8%D9%8A%D8%A7%D9%86%D8%A7%D8%AA-erd-%D9%81%D9%89-%D8%A7%D9%84%D9%88%D9%82%D8%AA-%D8%A7%D9%84%D9%85%D8%AD%D8%AF%D8%AF,5.0,4,ساعة,4,0,$5.00,يومين,4,0,0.0,.Tasneem G,https://khamsat.com/user/tasneemgad,True,بائع جديد,5.0,5,100.0%,2,5,15 ساعة
بيانات,https://khamsat.com/data,قواعد البيانات,https://khamsat.com/data/databases,إعداد قاعدة بيانات على برنامج الأكسس (Access),https://khamsat.com/data/databases/2272705-%D8%A5%D8%B9%D8%AF%D8%A7%D8%AF-%D9%82%D8%A7%D8%B9%D8%AF%D8%A9-%D8%A8%D9%8A%D8%A7%D9%86%D8%A7%D8%AA-%D8%B9%D9%84%D9%89-%D8%A8%D8%B1%D9%86%D8%A7%D9%85%D8%AC-%D8%A7%D9%84%D8%A3%D9%83%D8%B3%D8%B3-access,5.0,5,3 ساعات,6,0,$5.00,يوم واحد,5,5,130.0,.Rahma E,https://khamsat.com/user/rahma_149,True,بائع نشيط,5.0,5,70.0%,2,6,ساعة
بيانات,https://khamsat.com/data,قواعد البيانات,https://khamsat.com/data/databases,مساعدة و حل و تصميم اي شيئ خاص ب قواعد البيانات Sql database,https://khamsat.com/data/databases/1204070-%D9%85%D8%B3%D8%A7%D8%B9%D8%AF%D8%A9-%D9%88-%D8%AD%D9%84-%D9%88-%D8%AA%D8%B5%D9%85%D9%8A%D9%85-%D8%A7%D9%8A-%D8%B4%D9%8A%D8%A6-%D8%AE%D8%A7%D8%B5-%D8%A8-%D9%82%D9%88%D8%A7%D8%B9%D8%AF-%D8%A7%D9%84%D8%A8%D9%8A%D8%A7%D9%86%D8%A7%D8%AA-sql-database,4.5,27,7 ساعات,33,0,$5.00,يوم واحد,25,3,60.0,.Sid Ahmed A,https://khamsat.com/user/sidahmedaboura,True,بائع مميز,4.5,44,83.96%,6,45,3 ساعات
بيانات,https://khamsat.com/data,قواعد البيانات,https://khamsat.com/data/databases,تصميم سكريبت PHP & MYSQL خاص,https://khamsat.com/data/databases/1645860-%D8%AA%D8%B5%D9%85%D9%8A%D9%85-%D8%B3%D9%83%D8%B1%D9%8A%D8%A8%D8%AA-php-mysql-%D8%AE%D8%A7%D8%B5,5.0,10,14 دقيقة,13,0,$5.00,يوم واحد,10,3,30.0,يوسف ا.,https://khamsat.com/user/almodhesh_plus2000,True,بائع نشيط,5.0,17,81.82%,2,16,14 دقيقة
بيانات,https://khamsat.com/data,قواعد البيانات,https://khamsat.com/data/databases,تصميم قواعد بيانات والبرامج علي Microsoft Access,https://khamsat.com/data/databases/2091164-%D8%AA%D8%B5%D9%85%D9%8A%D9%85-%D9%82%D9%88%D8%A7%D8%B9%D8%AF-%D8%A8%D9%8A%D8%A7%D9%86%D8%A7%D8%AA-%D9%88%D8%A7%D9%84%D8%A8%D8%B1%D8%A7%D9%85%D8%AC-%D8%B9%D9%84%D9%8A-microsoft-access,5.0,5,8 ساعات,7,0,$15.00,يومين,5,0,0.0,احمد ح.,https://khamsat.com/user/ahmed_hassan_mohamme,True,بائع مميز,5.0,25,93.46%,6,26,ساعة
بيانات,https://khamsat.com/data,قواعد البيانات,https://khamsat.com/data/databases,إنشاء و تعديل على سكريبت php و mysql,https://khamsat.com/data/databases/2002700-%D8%A5%D9%86%D8%B4%D8%A7%D8%A1-%D9%88-%D8%AA%D8%B9%D8%AF%D9%8A%D9%84-%D8%B9%D9%84%D9%89-%D8%B3%D9%83%D8%B1%D9%8A%D8%A8%D8%AA-php-%D9%88-mysql,5.0,1,ساعتين,1,0,$5.00,ثلاثة أيام,1,0,0.0,ادريس ع.,https://khamsat.com/user/soft_developper,True,بائع جديد,5.0,2,100.0%,2,1,ساعة
بيانات,https://khamsat.com/data,قواعد البيانات,https://khamsat.com/data/databases,انشاء و صيانه و تعديل قواعد بيانات - ماي اس كيو ال - MYSQL,https://khamsat.com/data/databases/2255717-%D8%A7%D9%86%D8%B4%D8%A7%D8%A1-%D9%88-%D8%B5%D9%8A%D8%A7%D9%86%D9%87-%D9%88-%D8%AA%D8%B9%D8%AF%D9%8A%D9%84-%D9%82%D9%88%D8%A7%D8%B9%D8%AF-%D8%A8%D9%8A%D8%A7%D9%86%D8%A7%D8%AA-%D9%85%D8%A7%D9%8A-%D8%A7%D8%B3-%D9%83%D9%8A%D9%88-%D8%A7%D9%84-mysql,5.0,5,أقل من دقيقة,6,0,$15.00,أسبوع,5,2,80.0,احمد ح.,https://khamsat.com/user/ahmed_hassan_mohamme,True,بائع مميز,5.0,25,93.46%,6,26,ساعة
بيانات,https://khamsat.com/data,قواعد البيانات,https://khamsat.com/data/databases,برمجة اسكربتات PHP وقواعد البيانات MYSQL,https://khamsat.com/data/databases/1367241-%D8%A8%D8%B1%D9%85%D8%AC%D8%A9-%D8%A7%D8%B3%D9%83%D8%B1%D8%A8%D8%AA%D8%A7%D8%AA-php-%D9%88%D9%82%D9%88%D8%A7%D8%B9%D8%AF-%D8%A7%D9%84%D8%A8%D9%8A%D8%A7%D9%86%D8%A7%D8%AA-mysql,5.0,1,3 ساعات,2,0,$5.00,يوم واحد,1,4,155.0,.Mohammed H,https://khamsat.com/user/wordpress_edit,True,بائع نشيط,4.5,20,67.86%,3,29,3 ساعات
بيانات,https://khamsat.com/data,قواعد البيانات,https://khamsat.com/data/databases,إنشاء قاعده بيانات باستخدام MySQL,https://khamsat.com/data/databases/2077562-%D8%A5%D9%86%D8%B4%D8%A7%D8%A1-%D9%82%D8%A7%D8%B9%D8%AF%D9%87-%D8%A8%D9%8A%D8%A7%D9%86%D8%A7%D8%AA-%D8%A8%D8%A7%D8%B3%D8%AA%D8%AE%D8%AF%D8%A7%D9%85-mysql,5.0,8,21 دقيقة,13,0,$10.00,يوم واحد,8,1,10.0,.Lith A,https://khamsat.com/user/lith_allouch,True,بائع مميز,5.0,19,94.74%,3,20,ساعتين
بيانات,https://khamsat.com/data,قواعد البيانات,https://khamsat.com/data/databases,قاعدة بيانات لمتاجر سلة هواتف وايميلات ولينكات,https://khamsat.com/data/databases/2879052-%D9%82%D8%A7%D8%B9%D8%AF%D8%A9-%D8%A8%D9%8A%D8%A7%D9%86%D8%A7%D8%AA-%D9%84%D9%85%D8%AA%D8%A7%D8%AC%D8%B1-%D8%B3%D9%84%D8%A9-%D9%87%D9%88%D8%A7%D8%AA%D9%81-%D9%88%D8%A7%D9%8A%D9%85%D9%8A%D9%84%D8%A7%D8%AA-%D9%88%D9%84%D9%8A%D9%86%D9%83%D8%A7%D8%AA,0.0,0,20 ساعة,1,0,$15.00,ثلاثة أيام,0,0,0.0,.Tarek A,https://khamsat.com/user/tarek_ayad8889,True,بائع نشيط,5.0,8,79.41%,4,22,4 ساعات
