Category Name,Category URL,Service Name,Service URL,Offer Name,Offer URL,Offer Stars,Offer Raters,Offer Response Time,Offer Buyers,Pending,Price,Duration,Reviews,Available Additions,Additions Price,Owner Name,Owner URL,Owner Verified,Owner Level,Owner Stars,Owner Raters,Owner Completion Rate,Owner Services,Owner Customers,Owner Response Time
فيديو وأنيميشن,https://khamsat.com/video-design,مونتاج فيديو,https://khamsat.com/video-design/video-editing,مونتاج احترافي لجميع انواع الفيديوهات,https://khamsat.com/video-design/video-editing/1279448-%D9%85%D9%88%D9%86%D8%AA%D8%A7%D8%AC-%D8%A7%D8%AD%D8%AA%D8%B1%D8%A7%D9%81%D9%8A-%D9%84%D8%AC%D9%85%D9%8A%D8%B9-%D8%A7%D9%86%D9%88%D8%A7%D8%B9-%D8%A7%D9%84%D9%81%D9%8A%D8%AF%D9%8A%D9%88%D9%87%D8%A7%D8%AA,4.5,141,ساعتين,176,0,$10.00,يوم واحد,25,5,420.0,.Younes A,https://khamsat.com/user/younesmediapub,True,بائع مميز,4.5,157,90.91%,2,191,8 ساعات
فيديو وأنيميشن,https://khamsat.com/video-design,مونتاج فيديو,https://khamsat.com/video-design/video-editing,مونتاج فيديو احترافي عالي الجودة لقناتك على اليوتيوب,https://khamsat.com/video-design/video-editing/2949380-%D9%85%D9%88%D9%86%D8%AA%D8%A7%D8%AC-%D9%81%D9%8A%D8%AF%D9%8A%D9%88-%D8%A7%D8%AD%D8%AA%D8%B1%D8%A7%D9%81%D9%8A-%D8%B9%D8%A7%D9%84%D9%8A-%D8%A7%D9%84%D8%AC%D9%88%D8%AF%D8%A9-%D9%84%D9%82%D9%86%D8%A7%D8%AA%D9%83-%D8%B9%D9%84%D9%89-%D8%A7%D9%84%D9%8A%D9%88%D8%AA%D9%8A%D9%88%D8%A8,4.5,5,18 دقيقة,6,0,$10.00,يومين,5,4,40.0,علي ن.,https://khamsat.com/user/ali_nagah_ali,True,بائع نشيط,4.5,10,100.0%,6,10,29 دقيقة
فيديو وأنيميشن,https://khamsat.com/video-design,مونتاج فيديو,https://khamsat.com/video-design/video-editing,"إضافة vfx , cgi , نماذج 3d إلى الفيديو الخاص بك بشكل واقعي",https://khamsat.com/video-design/video-editing/2671565-%D8%A5%D8%B6%D8%A7%D9%81%D8%A9-vfx-cgi-%D9%86%D9%85%D8%A7%D8%B0%D8%AC-3d-%D8%A5%D9%84%D9%89-%D8%A7%D9%84%D9%81%D9%8A%D8%AF%D9%8A%D9%88-%D8%A7%D9%84%D8%AE%D8%A7%D8%B5-%D8%A8%D9%83-%D8%A8%D8%B4%D9%83%D9%84-%D9%88%D8%A7%D9%82%D8%B9%D9%8A,5.0,1,40 دقيقة,2,0,$10.00,ثلاثة أيام,1,2,125.0,براء ا.,https://khamsat.com/user/baraaalshnaye,True,بائع جديد,5.0,1,100.0%,1,2,40 دقيقة
فيديو وأنيميشن,https://khamsat.com/video-design,مونتاج فيديو,https://khamsat.com/video-design/video-editing,انتاج فيديو لقناتك علي يوتيوب,https://khamsat.com/video-design/video-editing/1218282-%D8%A7%D9%86%D8%AA%D8%A7%D8%AC-%D9%81%D9%8A%D8%AF%D9%8A%D9%88-%D9%84%D9%82%D9%86%D8%A7%D8%AA%D9%83-%D8%B9%D9%84%D9%8A-%D9%8A%D9%88%D8%AA%D9%8A%D9%88%D8%A8,5.0,25,13 ساعة,33,0,$20.00,يوم واحد,25,3,95.0,عبده ا.,https://khamsat.com/user/abdulsameareda_1,True,بائع مميز,5.0,81,98.55%,6,102,4 ساعات
فيديو وأنيميشن,https://khamsat.com/video-design,مونتاج فيديو,https://khamsat.com/video-design/video-editing,مونتاج الفيديو AJ+,https://khamsat.com/video-design/video-editing/1257329-%D9%85%D9%88%D9%86%D8%AA%D8%A7%D8%AC-%D8%A7%D9%84%D9%81%D9%8A%D8%AF%D9%8A%D9%88-aj,4.5,11,9 دقائق,12,0,$15.00,يوم واحد,11,3,275.0,عبده ا.,https://khamsat.com/user/abdulsameareda_1,True,بائع مميز,5.0,81,98.55%,6,102,4 ساعات
فيديو وأنيميشن,https://khamsat.com/video-design,مونتاج فيديو,https://khamsat.com/video-design/video-editing,مونتاج وتحرير الفيديوهات بشكل متكامل,https://khamsat.com/video-design/video-editing/2715606-%D9%85%D9%88%D9%86%D8%AA%D8%A7%D8%AC-%D9%88%D8%AA%D8%AD%D8%B1%D9%8A%D8%B1-%D8%A7%D9%84%D9%81%D9%8A%D8%AF%D9%8A%D9%88%D9%87%D8%A7%D8%AA-%D8%A8%D8%B4%D9%83%D9%84-%D9%85%D8%AA%D9%83%D8%A7%D9%85%D9%84,4.5,5,دقيقتين,5,0,$5.00,أربعة أيام,5,4,35.0,.John A,https://khamsat.com/user/m_john,True,بائع نشيط,4.5,5,100.0%,1,5,ساعة
فيديو وأنيميشن,https://khamsat.com/video-design,مونتاج فيديو,https://khamsat.com/video-design/video-editing,مونتاج وتصميم الفيديوهات بشكل احترافي,https://khamsat.com/video-design/video-editing/2280155-%D9%85%D9%88%D9%86%D8%AA%D8%A7%D8%AC-%D9%88%D8%AA%D8%B5%D9%85%D9%8A%D9%85-%D8%A7%D9%84%D9%81%D9%8A%D8%AF%D9%8A%D9%88%D9%87%D8%A7%D8%AA-%D8%A8%D8%B4%D9%83%D9%84-%D8%A7%D8%AD%D8%AA%D8%B1%D8%A7%D9%81%D9%8A,4.5,15,37 دقيقة,16,0,$15.00,يومين,15,2,15.0,.Ayman E,https://khamsat.com/user/the-empire,True,بائع مميز,4.5,37,95.56%,4,34,ساعتين
فيديو وأنيميشن,https://khamsat.com/video-design,مونتاج فيديو,https://khamsat.com/video-design/video-editing,مونتاج احترافي للفيديوهات القصيرة والطويلة,https://khamsat.com/video-design/video-editing/3034539-%D9%85%D9%88%D9%86%D8%AA%D8%A7%D8%AC-%D8%A7%D8%AD%D8%AA%D8%B1%D8%A7%D9%81%D9%8A-%D9%84%D9%84%D9%81%D9%8A%D8%AF%D9%8A%D9%88%D9%87%D8%A7%D8%AA-%D8%A7%D9%84%D9%82%D8%B5%D9%8A%D8%B1%D8%A9-%D9%88%D8%A7%D9%84%D8%B7%D9%88%D9%8A%D9%84%D8%A9,5.0,2,12 ساعة,2,0,$5.00,يوم واحد,2,5,125.0,.Ayoub K,https://khamsat.com/user/ayoub_kh_31,True,بائع جديد,5.0,2,100.0%,1,2,12 ساعة
فيديو وأنيميشن,https://khamsat.com/video-design,مونتاج فيديو,https://khamsat.com/video-design/video-editing,مونتاج فيديوهات قصيرة ريلز ويوتويوب بطريقة مميزة وجذابة,https://khamsat.com/video-design/video-editing/3026767-%D9%85%D9%88%D9%86%D8%AA%D8%A7%D8%AC-%D9%81%D9%8A%D8%AF%D9%8A%D9%88%D9%87%D8%A7%D8%AA-%D9%82%D8%B5%D9%8A%D8%B1%D8%A9-%D8%B1%D9%8A%D9%84%D8%B2-%D9%88%D9%8A%D9%88%D8%AA%D9%88%D9%8A%D9%88%D8%A8-%D8%A8%D8%B7%D8%B1%D9%8A%D9%82%D8%A9-%D9%85%D9%85%D9%8A%D8%B2%D8%A9-%D9%88%D8%AC%D8%B0%D8%A7%D8%A8%D8%A9,0.0,0,5 دقائق,1,1,$5.00,يوم واحد,0,1,10.0,.Aya M,https://khamsat.com/user/ayaa_mohamed,True,بائع جديد,0.0,0,100.0%,1,1,5 دقائق
فيديو وأنيميشن,https://khamsat.com/video-design,مونتاج فيديو,https://khamsat.com/video-design/video-editing,مونتاج الفيديو بطريقة احترافية,https://khamsat.com/video-design/video-editing/2279793-%D9%85%D9%88%D9%86%D8%AA%D8%A7%D8%AC-%D8%A7%D9%84%D9%81%D9%8A%D8%AF%D9%8A%D9%88-%D8%A8%D8%B7%D8%B1%D9%8A%D9%82%D8%A9-%D8%A7%D8%AD%D8%AA%D8%B1%D8%A7%D9%81%D9%8A%D8%A9,5.0,5,7 ساعات,8,0,$20.00,يومين,5,1,5.0,.Ayman E,https://khamsat.com/user/the-empire,True,بائع مميز,4.5,37,95.56%,4,34,ساعتين
فيديو وأنيميشن,https://khamsat.com/video-design,مونتاج فيديو,https://khamsat.com/video-design/video-editing,سأقوم بعمل مونتاج احترافي,https://khamsat.com/video-design/video-editing/1761407-%D8%B3%D8%A3%D9%82%D9%88%D9%85-%D8%A8%D8%B9%D9%85%D9%84-%D9%85%D9%88%D9%86%D8%AA%D8%A7%D8%AC-%D8%A7%D8%AD%D8%AA%D8%B1%D8%A7%D9%81%D9%8A,5.0,20,48 دقيقة,25,0,$5.00,يومين,20,4,160.0,.Zayd A,https://khamsat.com/user/zaid202,True,بائع نشيط,5.0,21,74.6%,2,26,30 دقيقة
فيديو وأنيميشن,https://khamsat.com/video-design,مونتاج فيديو,https://khamsat.com/video-design/video-editing,مونتاج فيديو طويل او قصير,https://khamsat.com/video-design/video-editing/2987872-%D9%85%D9%88%D9%86%D8%AA%D8%A7%D8%AC-%D9%81%D9%8A%D8%AF%D9%8A%D9%88-%D8%B7%D9%88%D9%8A%D9%84-%D8%A7%D9%88-%D9%82%D8%B5%D9%8A%D8%B1,4.5,2,7 ساعات,2,0,$5.00,ثلاثة أيام,2,0,0.0,.Marco H,https://khamsat.com/user/marco523,True,بائع جديد,4.5,2,100.0%,1,2,7 ساعات
فيديو وأنيميشن,https://khamsat.com/video-design,مونتاج فيديو,https://khamsat.com/video-design/video-editing,مونتاج وتعديل الفديوهات القصيرة والطويلة,https://khamsat.com/video-design/video-editing/2797427-%D9%85%D9%88%D9%86%D8%AA%D8%A7%D8%AC-%D9%88%D8%AA%D8%B9%D8%AF%D9%8A%D9%84-%D8%A7%D9%84%D9%81%D8%AF%D9%8A%D9%88%D9%87%D8%A7%D8%AA-%D8%A7%D9%84%D9%82%D8%B5%D9%8A%D8%B1%D8%A9-%D9%88%D8%A7%D9%84%D8%B7%D9%88%D9%8A%D9%84%D8%A9,4.5,5,31 دقيقة,5,0,$5.00,يومين,5,2,15.0,احمد ح.,https://khamsat.com/user/ahmed_astro,True,بائع نشيط,4.5,5,96.67%,1,5,31 دقيقة
فيديو وأنيميشن,https://khamsat.com/video-design,مونتاج فيديو,https://khamsat.com/video-design/video-editing,تصميم ومونتاج فيديو احترافي,https://khamsat.com/video-design/video-editing/2440516-%D8%AA%D8%B5%D9%85%D9%8A%D9%85-%D9%88%D9%85%D9%88%D9%86%D8%AA%D8%A7%D8%AC-%D9%81%D9%8A%D8%AF%D9%8A%D9%88-%D8%A7%D8%AD%D8%AA%D8%B1%D8%A7%D9%81%D9%8A,5.0,23,51 دقيقة,28,0,$5.00,يومين,23,5,35.0,.Omar N,https://khamsat.com/user/civilnabilio,True,بائع نشيط,5.0,23,91.49%,1,28,51 دقيقة
فيديو وأنيميشن,https://khamsat.com/video-design,مونتاج فيديو,https://khamsat.com/video-design/video-editing,عمل مونتاج للفيديوهات والتعديلات,https://khamsat.com/video-design/video-editing/963107-%D8%B9%D9%85%D9%84-%D9%85%D9%88%D9%86%D8%AA%D8%A7%D8%AC-%D9%84%D9%84%D9%81%D9%8A%D8%AF%D9%8A%D9%88%D9%87%D8%A7%D8%AA-%D9%88%D8%A7%D9%84%D8%AA%D8%B9%D8%AF%D9%8A%D9%84%D8%A7%D8%AA,5.0,20,ساعتين,32,0,$10.00,يومين,20,3,45.0,.Ahmed S,https://khamsat.com/user/ahmed-seleem,True,بائع مميز,5.0,21,90.0%,2,37,4 ساعات
فيديو وأنيميشن,https://khamsat.com/video-design,مونتاج فيديو,https://khamsat.com/video-design/video-editing,مونتاج احترافي لجميع انواع فيديوهات اليوتيوب,https://khamsat.com/video-design/video-editing/2881761-%D9%85%D9%88%D9%86%D8%AA%D8%A7%D8%AC-%D8%A7%D8%AD%D8%AA%D8%B1%D8%A7%D9%81%D9%8A-%D9%84%D8%AC%D9%85%D9%8A%D8%B9-%D8%A7%D9%86%D9%88%D8%A7%D8%B9-%D9%81%D9%8A%D8%AF%D9%8A%D9%88%D9%87%D8%A7%D8%AA-%D8%A7%D9%84%D9%8A%D9%88%D8%AA%D9%8A%D9%88%D8%A8,5.0,4,5 ساعات,6,0,$10.00,ثلاثة أيام,4,5,80.0,ادم ا.,https://khamsat.com/user/adam_ebrahim525,True,بائع جديد,5.0,4,77.78%,2,6,5 ساعات
فيديو وأنيميشن,https://khamsat.com/video-design,مونتاج فيديو,https://khamsat.com/video-design/video-editing,مونتاج فيديوهات ريلز و فيديوهات تعليمية ووثائقية,https://khamsat.com/video-design/video-editing/2905621-%D9%85%D9%88%D9%86%D8%AA%D8%A7%D8%AC-%D9%81%D9%8A%D8%AF%D9%8A%D9%88%D9%87%D8%A7%D8%AA-%D8%B1%D9%8A%D9%84%D8%B2-%D9%88-%D9%81%D9%8A%D8%AF%D9%8A%D9%88%D9%87%D8%A7%D8%AA-%D8%AA%D8%B9%D9%84%D9%8A%D9%85%D9%8A%D8%A9-%D9%88%D9%88%D8%AB%D8%A7%D8%A6%D9%82%D9%8A%D8%A9,5.0,8,ساعة,9,0,$5.00,يوم واحد,8,4,30.0,.Mohammed A,https://khamsat.com/user/mohammed3ziz,True,بائع نشيط,5.0,10,96.0%,4,9,ساعة
فيديو وأنيميشن,https://khamsat.com/video-design,مونتاج فيديو,https://khamsat.com/video-design/video-editing,سأقدم لك مونتاج فيديو مذهل,https://khamsat.com/video-design/video-editing/1378324-%D8%B3%D8%A3%D9%82%D8%AF%D9%85-%D9%84%D9%83-%D9%85%D9%88%D9%86%D8%AA%D8%A7%D8%AC-%D9%81%D9%8A%D8%AF%D9%8A%D9%88-%D9%85%D8%B0%D9%87%D9%84,5.0,14,21 ساعة,16,0,$5.00,يوم واحد,14,3,15.0,عبد الرحيم ا.,https://khamsat.com/user/%D8%B9%D8%A8%D8%AF-%D8%A7%D9%84%D8%B1%D8%AD%D9%8A%D9%85-%D8%A7%D9%84%D9%87%D8%B3%D9%83%D9%88%D8%B1%D9%8A,True,بائع نشيط,5.0,16,82.98%,2,19,21 ساعة
فيديو وأنيميشن,https://khamsat.com/video-design,مونتاج فيديو,https://khamsat.com/video-design/video-editing,مونتاج إحترافي لليوتيوب بجودة عالية FULL HD,https://khamsat.com/video-design/video-editing/1622841-%D9%85%D9%88%D9%86%D8%AA%D8%A7%D8%AC-%D8%A5%D8%AD%D8%AA%D8%B1%D8%A7%D9%81%D9%8A-%D9%84%D9%84%D9%8A%D9%88%D8%AA%D9%8A%D9%88%D8%A8-%D8%A8%D8%AC%D9%88%D8%AF%D8%A9-%D8%B9%D8%A7%D9%84%D9%8A%D8%A9-full-hd,5.0,14,8 ساعات,17,0,$10.00,أربعة أيام,14,3,105.0,.Oussama B,https://khamsat.com/user/ouss-boss,True,بائع مميز,5.0,40,93.2%,4,51,4 ساعات
فيديو وأنيميشن,https://khamsat.com/video-design,مونتاج فيديو,https://khamsat.com/video-design/video-editing,تصميم فيديو اعلاني احترافي لمنتجك او صفحتك,https://khamsat.com/video-design/video-editing/3040115-%D8%AA%D8%B5%D9%85%D9%8A%D9%85-%D9%81%D9%8A%D8%AF%D9%8A%D9%88-%D8%A7%D8%B9%D9%84%D8%A7%D9%86%D9%8A-%D8%A7%D8%AD%D8%AA%D8%B1%D8%A7%D9%81%D9%8A-%D9%84%D9%85%D9%86%D8%AA%D8%AC%D9%83-%D8%A7%D9%88-%D8%B5%D9%81%D8%AD%D8%AA%D9%83,0.0,0,7 دقائق,1,0,$5.00,يوم واحد,0,2,10.0,.Mohammed Anis H,https://khamsat.com/user/anis_hafsfi23,True,بائع جديد,0.0,0,100.0%,1,1,7 دقائق
فيديو وأنيميشن,https://khamsat.com/video-design,مونتاج فيديو,https://khamsat.com/video-design/video-editing,تصميم فيديو احترافي بجودة عالية 100٪,https://khamsat.com/video-design/video-editing/1593886-%D8%AA%D8%B5%D9%85%D9%8A%D9%85-%D9%81%D9%8A%D8%AF%D9%8A%D9%88-%D8%A7%D8%AD%D8%AA%D8%B1%D8%A7%D9%81%D9%8A-%D8%A8%D8%AC%D9%88%D8%AF%D8%A9-%D8%B9%D8%A7%D9%84%D9%8A%D8%A9-100,5.0,19,ساعتين,32,0,$5.00,يوم واحد,19,5,245.0,زينب ا.,https://khamsat.com/user/h_amas93,True,بائع مميز,5.0,47,93.41%,6,65,يوم
فيديو وأنيميشن,https://khamsat.com/video-design,مونتاج فيديو,https://khamsat.com/video-design/video-editing,عمل مونتاج فيديو إحترافى ومميز,https://khamsat.com/video-design/video-editing/2312842-%D8%B9%D9%85%D9%84-%D9%85%D9%88%D9%86%D8%AA%D8%A7%D8%AC-%D9%81%D9%8A%D8%AF%D9%8A%D9%88-%D8%A5%D8%AD%D8%AA%D8%B1%D8%A7%D9%81%D9%89-%D9%88%D9%85%D9%85%D9%8A%D8%B2,5.0,24,13 دقيقة,28,1,$5.00,يومين,24,2,25.0,.Ahmed R,https://khamsat.com/user/ahmedragap,True,بائع مميز,5.0,48,89.89%,5,52,3 ساعات
فيديو وأنيميشن,https://khamsat.com/video-design,مونتاج فيديو,https://khamsat.com/video-design/video-editing,عمل مونتاج بتقنية Vedio Graph بإحترافية شامل التعديلات,https://khamsat.com/video-design/video-editing/1827591-%D8%B9%D9%85%D9%84-%D9%85%D9%88%D9%86%D8%AA%D8%A7%D8%AC-%D8%A8%D8%AA%D9%82%D9%86%D9%8A%D8%A9-vedio-graph-%D8%A8%D8%A5%D8%AD%D8%AA%D8%B1%D8%A7%D9%81%D9%8A%D8%A9-%D8%B4%D8%A7%D9%85%D9%84-%D8%A7%D9%84%D8%AA%D8%B9%D8%AF%D9%8A%D9%84%D8%A7%D8%AA,5.0,19,ساعة,19,0,$5.00,يومين,19,2,15.0,.Mohamed H,https://khamsat.com/user/mohamed_hassan54,True,بائع نشيط,5.0,27,100.0%,4,25,ساعة
فيديو وأنيميشن,https://khamsat.com/video-design,مونتاج فيديو,https://khamsat.com/video-design/video-editing,مونتاج فيديو احترافي وبجودة 1080 أو 4k,https://khamsat.com/video-design/video-editing/1171042-%D9%85%D9%88%D9%86%D8%AA%D8%A7%D8%AC-%D9%81%D9%8A%D8%AF%D9%8A%D9%88-%D8%A7%D8%AD%D8%AA%D8%B1%D8%A7%D9%81%D9%8A-%D9%88%D8%A8%D8%AC%D9%88%D8%AF%D8%A9-1080-%D8%A3%D9%88-4k,4.5,49,18 دقيقة,56,0,$50.00,أربعة أيام,25,4,450.0,أحمد ع.,https://khamsat.com/user/mr.danger.record,True,مشتري VIP,4.5,49,93.71%,1,56,18 دقيقة
فيديو وأنيميشن,https://khamsat.com/video-design,مونتاج فيديو,https://khamsat.com/video-design/video-editing,مونتاج فيديو لتلاوة آيات أو سور من القرآن,https://khamsat.com/video-design/video-editing/2021249-%D9%85%D9%88%D9%86%D8%AA%D8%A7%D8%AC-%D9%81%D9%8A%D8%AF%D9%8A%D9%88-%D9%84%D8%AA%D9%84%D8%A7%D9%88%D8%A9-%D8%A2%D9%8A%D8%A7%D8%AA-%D8%A3%D9%88-%D8%B3%D9%88%D8%B1-%D9%85%D9%86-%D8%A7%D9%84%D9%82%D8%B1%D8%A2%D9%86,5.0,3,ساعة,3,0,$5.00,ثلاثة أيام,3,5,120.0,أحمد ش.,https://khamsat.com/user/ahmedshoukry1,True,بائع نشيط,5.0,11,93.94%,4,12,7 ساعات
فيديو وأنيميشن,https://khamsat.com/video-design,مونتاج فيديو,https://khamsat.com/video-design/video-editing,مونتاج لفيديوهاتك علي اليوتيوب والسوشيال ميديا ٥ دقائق,https://khamsat.com/video-design/video-editing/1937877-%D9%85%D9%88%D9%86%D8%AA%D8%A7%D8%AC-%D9%84%D9%81%D9%8A%D8%AF%D9%8A%D9%88%D9%87%D8%A7%D8%AA%D9%83-%D8%B9%D9%84%D9%8A-%D8%A7%D9%84%D9%8A%D9%88%D8%AA%D9%8A%D9%88%D8%A8-%D9%88%D8%A7%D9%84%D8%B3%D9%88%D8%B4%D9%8A%D8%A7%D9%84-%D9%85%D9%8A%D8%AF%D9%8A%D8%A7-%D8%AF%D9%82%D8%A7%D8%A6%D9%82,4.5,13,22 ساعة,14,0,$10.00,أسبوع,13,5,70.0,إسراء ف.,https://khamsat.com/user/esraaf11,True,بائع نشيط,4.5,26,88.68%,2,29,8 ساعات
فيديو وأنيميشن,https://khamsat.com/video-design,مونتاج فيديو,https://khamsat.com/video-design/video-editing,مونتاج إحترافي,https://khamsat.com/video-design/video-editing/1023573-%D9%85%D9%88%D9%86%D8%AA%D8%A7%D8%AC-%D8%A5%D8%AD%D8%AA%D8%B1%D8%A7%D9%81%D9%8A,4.5,65,35 دقيقة,82,0,$50.00,يومين,25,4,300.0,نورالدين ق.,https://khamsat.com/user/%D9%86%D9%88%D8%B1%D8%A7%D9%84%D8%AF%D9%8A%D9%86-%D9%82%D8%B1%D8%A7%D9%88%D9%8A,True,بائع مميز,4.5,73,76.42%,1,91,ساعة
فيديو وأنيميشن,https://khamsat.com/video-design,مونتاج فيديو,https://khamsat.com/video-design/video-editing,مونتاج احترافي لجميع الفديوهات,https://khamsat.com/video-design/video-editing/2490816-%D9%85%D9%88%D9%86%D8%AA%D8%A7%D8%AC-%D8%A7%D8%AD%D8%AA%D8%B1%D8%A7%D9%81%D9%8A-%D9%84%D8%AC%D9%85%D9%8A%D8%B9-%D8%A7%D9%84%D9%81%D8%AF%D9%8A%D9%88%D9%87%D8%A7%D8%AA,5.0,7,19 ساعة,7,0,$5.00,يوم واحد,7,3,45.0,.Hend H,https://khamsat.com/user/haendhaamd,True,بائع نشيط,5.0,15,86.36%,7,9,4 ساعات
فيديو وأنيميشن,https://khamsat.com/video-design,مونتاج فيديو,https://khamsat.com/video-design/video-editing,تعديل فيديوهات باحترافية,https://khamsat.com/video-design/video-editing/1404057-%D8%AA%D8%B9%D8%AF%D9%8A%D9%84-%D9%81%D9%8A%D8%AF%D9%8A%D9%88%D9%87%D8%A7%D8%AA-%D8%A8%D8%A7%D8%AD%D8%AA%D8%B1%D8%A7%D9%81%D9%8A%D8%A9,4.5,33,58 دقيقة,48,0,$15.00,ثلاثة أيام,25,5,110.0,.Faiz Mohamed Salah O,https://khamsat.com/user/ouali_faiz,True,بائع مميز,4.5,38,85.51%,4,52,ساعة
فيديو وأنيميشن,https://khamsat.com/video-design,مونتاج فيديو,https://khamsat.com/video-design/video-editing,اقدم لك مونتاج إحترافي لفديوهاتك,https://khamsat.com/video-design/video-editing/1298092-%D8%A7%D9%82%D8%AF%D9%85-%D9%84%D9%83-%D9%85%D9%88%D9%86%D8%AA%D8%A7%D8%AC-%D8%A5%D8%AD%D8%AA%D8%B1%D8%A7%D9%81%D9%8A-%D9%84%D9%81%D8%AF%D9%8A%D9%88%D9%87%D8%A7%D8%AA%D9%83,5.0,18,11 ساعة,23,0,$10.00,يومين,18,3,60.0,محمد إ.,https://khamsat.com/user/mohamed9065,True,بائع مميز,5.0,26,91.67%,3,30,يوم
فيديو وأنيميشن,https://khamsat.com/video-design,ترجمة فيديو,https://khamsat.com/video-design/translate-videos,عمل ملف ترجمة نصية subtitles لمقاطع الفيديو من الإنجليزية للعربية والعكس,https://khamsat.com/video-design/translate-videos/627380-%D8%B9%D9%85%D9%84-%D9%85%D9%84%D9%81-%D8%AA%D8%B1%D8%AC%D9%85%D8%A9-%D9%86%D8%B5%D9%8A%D8%A9-subtitles-%D9%84%D9%85%D9%82%D8%A7%D8%B7%D8%B9-%D8%A7%D9%84%D9%81%D9%8A%D8%AF%D9%8A%D9%88-%D9%85%D9%86-%D8%A7%D9%84%D8%A5%D9%86%D8%AC%D9%84%D9%8A%D8%B2%D9%8A%D8%A9-%D9%84%D9%84%D8%B9%D8%B1%D8%A8%D9%8A%D8%A9-%D9%88%D8%A7%D9%84%D8%B9%D9%83%D8%B3,4.5,39,ساعتين,53,0,$5.00,يوم واحد,25,5,105.0,عمرو ه.,https://khamsat.com/user/%D8%B9%D9%85%D8%B1%D9%88-%D9%87%D8%B4%D8%A7%D9%85-%D8%AF%D8%A7%D9%87%D8%B4,True,بائع مميز,4.5,50,92.75%,1,66,8 ساعات
فيديو وأنيميشن,https://khamsat.com/video-design,ترجمة فيديو,https://khamsat.com/video-design/translate-videos,ترجمة فيديوهات من البرتغالية الى العربية والعكس,https://khamsat.com/video-design/translate-videos/1045293-%D8%AA%D8%B1%D8%AC%D9%85%D8%A9-%D9%81%D9%8A%D8%AF%D9%8A%D9%88%D9%87%D8%A7%D8%AA-%D9%85%D9%86-%D8%A7%D9%84%D8%A8%D8%B1%D8%AA%D8%BA%D8%A7%D9%84%D9%8A%D8%A9-%D8%A7%D9%84%D9%89-%D8%A7%D9%84%D8%B9%D8%B1%D8%A8%D9%8A%D8%A9-%D9%88%D8%A7%D9%84%D8%B9%D9%83%D8%B3,4.5,6,3 ساعات,8,0,$5.00,يوم واحد,6,3,20.0,عبد اللطيف ف.,https://khamsat.com/user/%D9%86%D8%AC%D9%8A%D8%A8-%D9%83%D8%A7%D8%B2%D8%A7,True,بائع نشيط,4.5,23,93.62%,6,32,17 ساعة
فيديو وأنيميشن,https://khamsat.com/video-design,ترجمة فيديو,https://khamsat.com/video-design/translate-videos,ترجمة مقاطع اليوتيوب والفيديو باحترافية ودقة كبيرة من العربية للإنجليزية والعكس,https://khamsat.com/video-design/translate-videos/322499-%D8%AA%D8%B1%D8%AC%D9%85%D8%A9-%D9%85%D9%82%D8%A7%D8%B7%D8%B9-%D8%A7%D9%84%D9%8A%D9%88%D8%AA%D9%8A%D9%88%D8%A8-%D9%88%D8%A7%D9%84%D9%81%D9%8A%D8%AF%D9%8A%D9%88-%D8%A8%D8%A7%D8%AD%D8%AA%D8%B1%D8%A7%D9%81%D9%8A%D8%A9-%D9%88%D8%AF%D9%82%D8%A9-%D9%83%D8%A8%D9%8A%D8%B1%D8%A9-%D9%85%D9%86-%D8%A7%D9%84%D8%B9%D8%B1%D8%A8%D9%8A%D8%A9-%D9%84%D9%84%D8%A5%D9%86%D8%AC%D9%84%D9%8A%D8%B2%D9%8A%D8%A9-%D9%88%D8%A7%D9%84%D8%B9%D9%83%D8%B3,5.0,154,ساعتين,243,0,$5.00,يوم واحد,25,4,165.0,.Abdullah S,https://khamsat.com/user/abdullah.semary,True,بائع مميز,5.0,164,97.03%,1,255,يوم
فيديو وأنيميشن,https://khamsat.com/video-design,ترجمة فيديو,https://khamsat.com/video-design/translate-videos,أترجم لك فيديوهات اليوتيوب من الإنجليزية للعربية,https://khamsat.com/video-design/translate-videos/960490-%D8%A3%D8%AA%D8%B1%D8%AC%D9%85-%D9%84%D9%83-%D9%81%D9%8A%D8%AF%D9%8A%D9%88%D9%87%D8%A7%D8%AA-%D8%A7%D9%84%D9%8A%D9%88%D8%AA%D9%8A%D9%88%D8%A8-%D9%85%D9%86-%D8%A7%D9%84%D8%A5%D9%86%D8%AC%D9%84%D9%8A%D8%B2%D9%8A%D8%A9-%D9%84%D9%84%D8%B9%D8%B1%D8%A8%D9%8A%D8%A9,5.0,59,10 ساعات,79,0,$5.00,يوم واحد,25,5,115.0,.Ahmed M,https://khamsat.com/user/%D8%A7%D8%AD%D9%85%D8%AF-%D8%A7%D9%84%D8%B3%D9%88%D9%8A%D8%B3%D9%8A,True,بائع مميز,5.0,68,97.39%,5,85,ساعتين
فيديو وأنيميشن,https://khamsat.com/video-design,ترجمة فيديو,https://khamsat.com/video-design/translate-videos,ترجمة فيديوهات من اللغة الانجليزية للعربية والعكس,https://khamsat.com/video-design/translate-videos/521434-%D8%AA%D8%B1%D8%AC%D9%85%D8%A9-%D9%81%D9%8A%D8%AF%D9%8A%D9%88%D9%87%D8%A7%D8%AA-%D9%85%D9%86-%D8%A7%D9%84%D9%84%D8%BA%D8%A9-%D8%A7%D9%84%D8%A7%D9%86%D8%AC%D9%84%D9%8A%D8%B2%D9%8A%D8%A9-%D9%84%D9%84%D8%B9%D8%B1%D8%A8%D9%8A%D8%A9-%D9%88%D8%A7%D9%84%D8%B9%D9%83%D8%B3,4.5,25,8 ساعات,31,0,$5.00,يوم واحد,25,5,65.0,.Waleed A,https://khamsat.com/user/%D9%88%D9%84%D9%8A%D8%AF-%D8%B9%D8%A7%D8%B5%D9%85,True,بائع مميز,5.0,80,93.46%,3,96,7 ساعات
فيديو وأنيميشن,https://khamsat.com/video-design,ترجمة فيديو,https://khamsat.com/video-design/translate-videos,ترجمة الفيديوهات باحترافية من الإنجليزية إلى العربية والعكس,https://khamsat.com/video-design/translate-videos/389929-%D8%AA%D8%B1%D8%AC%D9%85%D8%A9-%D8%A7%D9%84%D9%81%D9%8A%D8%AF%D9%8A%D9%88%D9%87%D8%A7%D8%AA-%D8%A8%D8%A7%D8%AD%D8%AA%D8%B1%D8%A7%D9%81%D9%8A%D8%A9-%D9%85%D9%86-%D8%A7%D9%84%D8%A5%D9%86%D8%AC%D9%84%D9%8A%D8%B2%D9%8A%D8%A9-%D8%A5%D9%84%D9%89-%D8%A7%D9%84%D8%B9%D8%B1%D8%A8%D9%8A%D8%A9-%D9%88%D8%A7%D9%84%D8%B9%D9%83%D8%B3,4.5,34,ساعتين,41,0,$5.00,ثلاثة أيام,25,3,20.0,.Shadi A,https://khamsat.com/user/shady-max,True,بائع مميز,4.5,73,80.66%,2,85,8 ساعات
فيديو وأنيميشن,https://khamsat.com/video-design,ترجمة فيديو,https://khamsat.com/video-design/translate-videos,اضافة وتنسيق نصوص الترجمة مع الفيديو,https://khamsat.com/video-design/translate-videos/1704675-%D8%A7%D8%B6%D8%A7%D9%81%D8%A9-%D9%88%D8%AA%D9%86%D8%B3%D9%8A%D9%82-%D9%86%D8%B5%D9%88%D8%B5-%D8%A7%D9%84%D8%AA%D8%B1%D8%AC%D9%85%D8%A9-%D9%85%D8%B9-%D8%A7%D9%84%D9%81%D9%8A%D8%AF%D9%8A%D9%88,5.0,6,8 دقائق,7,0,$5.00,يوم واحد,6,5,75.0,وجيه س.,https://khamsat.com/user/wajeehsammour,True,بائع نشيط,5.0,12,93.94%,1,9,6 ساعات
فيديو وأنيميشن,https://khamsat.com/video-design,ترجمة فيديو,https://khamsat.com/video-design/translate-videos,ترجمة مقطع فيديو أو صوتي بين العربية والإنجليزية,https://khamsat.com/video-design/translate-videos/1050365-%D8%AA%D8%B1%D8%AC%D9%85%D8%A9-%D9%85%D9%82%D8%B7%D8%B9-%D9%81%D9%8A%D8%AF%D9%8A%D9%88-%D8%A3%D9%88-%D8%B5%D9%88%D8%AA%D9%8A-%D8%A8%D9%8A%D9%86-%D8%A7%D9%84%D8%B9%D8%B1%D8%A8%D9%8A%D8%A9-%D9%88%D8%A7%D9%84%D8%A5%D9%86%D8%AC%D9%84%D9%8A%D8%B2%D9%8A%D8%A9,4.5,17,ساعتين,20,0,$5.00,يوم واحد,17,5,75.0,.Mohamed E,https://khamsat.com/user/mohamed_elzoghpy,True,بائع مميز,4.5,83,89.52%,2,111,4 ساعات
فيديو وأنيميشن,https://khamsat.com/video-design,ترجمة فيديو,https://khamsat.com/video-design/translate-videos,خدمة ترجمة مقاطع الفيديو من الانجليزية الى العربية,https://khamsat.com/video-design/translate-videos/1265803-%D8%AE%D8%AF%D9%85%D8%A9-%D8%AA%D8%B1%D8%AC%D9%85%D8%A9-%D9%85%D9%82%D8%A7%D8%B7%D8%B9-%D8%A7%D9%84%D9%81%D9%8A%D8%AF%D9%8A%D9%88-%D9%85%D9%86-%D8%A7%D9%84%D8%A7%D9%86%D8%AC%D9%84%D9%8A%D8%B2%D9%8A%D8%A9-%D8%A7%D9%84%D9%89-%D8%A7%D9%84%D8%B9%D8%B1%D8%A8%D9%8A%D8%A9,4.5,40,58 دقيقة,50,0,$5.00,يوم واحد,25,5,310.0,.Cyril K,https://khamsat.com/user/cyril,True,بائع مميز,4.5,67,94.77%,11,70,28 دقيقة
فيديو وأنيميشن,https://khamsat.com/video-design,ترجمة فيديو,https://khamsat.com/video-design/translate-videos,ترجمة الفيديوهات من اللغة العربية إلى الإنجليزية والعكس,https://khamsat.com/video-design/translate-videos/890106-%D8%AA%D8%B1%D8%AC%D9%85%D8%A9-%D8%A7%D9%84%D9%81%D9%8A%D8%AF%D9%8A%D9%88%D9%87%D8%A7%D8%AA-%D9%85%D9%86-%D8%A7%D9%84%D9%84%D8%BA%D8%A9-%D8%A7%D9%84%D8%B9%D8%B1%D8%A8%D9%8A%D8%A9-%D8%A5%D9%84%D9%89-%D8%A7%D9%84%D8%A5%D9%86%D8%AC%D9%84%D9%8A%D8%B2%D9%8A%D8%A9-%D9%88%D8%A7%D9%84%D8%B9%D9%83%D8%B3,5.0,6,11 ساعة,9,0,$10.00,يوم واحد,6,3,35.0,.Madonna B,https://khamsat.com/user/%D9%85%D8%A7%D8%AF%D9%88%D9%86%D8%A7-%D8%A8%D8%B1%D8%AA%D9%89,True,بائع مميز,5.0,10,89.63%,4,11,21 ساعة
فيديو وأنيميشن,https://khamsat.com/video-design,ترجمة فيديو,https://khamsat.com/video-design/translate-videos,ترجمة أي مقطع فيديو من اللغة الإنجليزية إلى اللغة العربية,https://khamsat.com/video-design/translate-videos/2558406-%D8%AA%D8%B1%D8%AC%D9%85%D8%A9-%D8%A3%D9%8A-%D9%85%D9%82%D8%B7%D8%B9-%D9%81%D9%8A%D8%AF%D9%8A%D9%88-%D9%85%D9%86-%D8%A7%D9%84%D9%84%D8%BA%D8%A9-%D8%A7%D9%84%D8%A5%D9%86%D8%AC%D9%84%D9%8A%D8%B2%D9%8A%D8%A9-%D8%A5%D9%84%D9%89-%D8%A7%D9%84%D9%84%D8%BA%D8%A9-%D8%A7%D9%84%D8%B9%D8%B1%D8%A8%D9%8A%D8%A9,5.0,1,22 ساعة,1,0,$25.00,يوم واحد,1,2,100.0,ختام ا.,https://khamsat.com/user/khitamy991,True,بائع نشيط,4.5,12,97.78%,2,11,6 ساعات
فيديو وأنيميشن,https://khamsat.com/video-design,ترجمة فيديو,https://khamsat.com/video-design/translate-videos,ترجمة الفيديوهات والأفلام والمسلسلات من اللغة الانجليزية إلى العربية,https://khamsat.com/video-design/translate-videos/26378-%D8%AA%D8%B1%D8%AC%D9%85%D8%A9-%D8%A7%D9%84%D9%81%D9%8A%D8%AF%D9%8A%D9%88%D9%87%D8%A7%D8%AA-%D9%88%D8%A7%D9%84%D8%A3%D9%81%D9%84%D8%A7%D9%85-%D9%88%D8%A7%D9%84%D9%85%D8%B3%D9%84%D8%B3%D9%84%D8%A7%D8%AA-%D9%85%D9%86-%D8%A7%D9%84%D9%84%D8%BA%D8%A9-%D8%A7%D9%84%D8%A7%D9%86%D8%AC%D9%84%D9%8A%D8%B2%D9%8A%D8%A9-%D8%A5%D9%84%D9%89-%D8%A7%D9%84%D8%B9%D8%B1%D8%A8%D9%8A%D8%A9,4.5,22,5 ساعات,38,0,$5.00,يوم واحد,22,5,215.0,.Tariq S,https://khamsat.com/user/thestar14ever,True,بائع مميز,4.5,50,81.72%,2,76,9 ساعات
فيديو وأنيميشن,https://khamsat.com/video-design,ترجمة فيديو,https://khamsat.com/video-design/translate-videos,سأضيف الترجمة الإنجليزية للفيديو العربي الخاص بك,https://khamsat.com/video-design/translate-videos/1862835-%D8%B3%D8%A3%D8%B6%D9%8A%D9%81-%D8%A7%D9%84%D8%AA%D8%B1%D8%AC%D9%85%D8%A9-%D8%A7%D9%84%D8%A5%D9%86%D8%AC%D9%84%D9%8A%D8%B2%D9%8A%D8%A9-%D9%84%D9%84%D9%81%D9%8A%D8%AF%D9%8A%D9%88-%D8%A7%D9%84%D8%B9%D8%B1%D8%A8%D9%8A-%D8%A7%D9%84%D8%AE%D8%A7%D8%B5-%D8%A8%D9%83,5.0,3,13 دقيقة,3,0,$5.00,يومين,3,5,80.0,موسى م.,https://khamsat.com/user/%D9%85%D9%88%D8%B3%D9%89-%D9%85%D8%B9%D9%88%D8%B4%D9%8A,True,بائع مميز,4.5,86,93.35%,3,97,ساعة
فيديو وأنيميشن,https://khamsat.com/video-design,ترجمة فيديو,https://khamsat.com/video-design/translate-videos,ترجمة الفيديوهات من اللغة الإنجليزية إلى العربية والعكس,https://khamsat.com/video-design/translate-videos/2715923-%D8%AA%D8%B1%D8%AC%D9%85%D8%A9-%D8%A7%D9%84%D9%81%D9%8A%D8%AF%D9%8A%D9%88%D9%87%D8%A7%D8%AA-%D9%85%D9%86-%D8%A7%D9%84%D9%84%D8%BA%D8%A9-%D8%A7%D9%84%D8%A5%D9%86%D8%AC%D9%84%D9%8A%D8%B2%D9%8A%D8%A9-%D8%A5%D9%84%D9%89-%D8%A7%D9%84%D8%B9%D8%B1%D8%A8%D9%8A%D8%A9-%D9%88%D8%A7%D9%84%D8%B9%D9%83%D8%B3,5.0,2,50 دقيقة,2,0,$5.00,يوم واحد,2,5,105.0,جهاد ا.,https://khamsat.com/user/jehadd_pss18,True,بائع نشيط,5.0,8,100.0%,5,4,ساعة
فيديو وأنيميشن,https://khamsat.com/video-design,ترجمة فيديو,https://khamsat.com/video-design/translate-videos,ترجمة لمقاطع الفيديو احترافية باللغتين العربية والإنجليزية,https://khamsat.com/video-design/translate-videos/3027269-%D8%AA%D8%B1%D8%AC%D9%85%D8%A9-%D9%84%D9%85%D9%82%D8%A7%D8%B7%D8%B9-%D8%A7%D9%84%D9%81%D9%8A%D8%AF%D9%8A%D9%88-%D8%A7%D8%AD%D8%AA%D8%B1%D8%A7%D9%81%D9%8A%D8%A9-%D8%A8%D8%A7%D9%84%D9%84%D8%BA%D8%AA%D9%8A%D9%86-%D8%A7%D9%84%D8%B9%D8%B1%D8%A8%D9%8A%D8%A9-%D9%88%D8%A7%D9%84%D8%A5%D9%86%D8%AC%D9%84%D9%8A%D8%B2%D9%8A%D8%A9,5.0,1,18 دقيقة,1,0,$5.00,يوم واحد,1,5,105.0,خالد ح.,https://khamsat.com/user/khaledsenpai,True,بائع مميز,5.0,38,95.18%,4,48,4 ساعات
فيديو وأنيميشن,https://khamsat.com/video-design,ترجمة فيديو,https://khamsat.com/video-design/translate-videos,ترجمة مقاطع فيديو بالانكليزية والعربية,https://khamsat.com/video-design/translate-videos/1466726-%D8%AA%D8%B1%D8%AC%D9%85%D8%A9-%D9%85%D9%82%D8%A7%D8%B7%D8%B9-%D9%81%D9%8A%D8%AF%D9%8A%D9%88-%D8%A8%D8%A7%D9%84%D8%A7%D9%86%D9%83%D9%84%D9%8A%D8%B2%D9%8A%D8%A9-%D9%88%D8%A7%D9%84%D8%B9%D8%B1%D8%A8%D9%8A%D8%A9,4.5,33,ساعتين,50,0,$10.00,يوم واحد,25,5,85.0,هبة الله ع.,https://khamsat.com/user/hibatranslator,True,بائع مميز,4.5,38,96.95%,3,54,يومين
فيديو وأنيميشن,https://khamsat.com/video-design,ترجمة فيديو,https://khamsat.com/video-design/translate-videos,ترجمة مقاطع الفيديو من الإنجليزية إلى العربية والعكس,https://khamsat.com/video-design/translate-videos/2159988-%D8%AA%D8%B1%D8%AC%D9%85%D8%A9-%D9%85%D9%82%D8%A7%D8%B7%D8%B9-%D8%A7%D9%84%D9%81%D9%8A%D8%AF%D9%8A%D9%88-%D9%85%D9%86-%D8%A7%D9%84%D8%A5%D9%86%D8%AC%D9%84%D9%8A%D8%B2%D9%8A%D8%A9-%D8%A5%D9%84%D9%89-%D8%A7%D9%84%D8%B9%D8%B1%D8%A8%D9%8A%D8%A9-%D9%88%D8%A7%D9%84%D8%B9%D9%83%D8%B3,5.0,4,يوم,5,0,$5.00,يوم واحد,4,2,25.0,.Lara A,https://khamsat.com/user/lara_ramadan1,True,بائع مميز,5.0,22,98.41%,5,18,15 ساعة
فيديو وأنيميشن,https://khamsat.com/video-design,ترجمة فيديو,https://khamsat.com/video-design/translate-videos,مزامنة ملفات ترجمة لمقاطع فيديو,https://khamsat.com/video-design/translate-videos/1660672-%D9%85%D8%B2%D8%A7%D9%85%D9%86%D8%A9-%D9%85%D9%84%D9%81%D8%A7%D8%AA-%D8%AA%D8%B1%D8%AC%D9%85%D8%A9-%D9%84%D9%85%D9%82%D8%A7%D8%B7%D8%B9-%D9%81%D9%8A%D8%AF%D9%8A%D9%88,5.0,2,23 دقيقة,2,0,$5.00,يوم واحد,2,4,100.0,.Mohamed H,https://khamsat.com/user/mohammed9m9x7k,True,بائع نشيط,0.0,3,92.31%,5,7,4 ساعات
فيديو وأنيميشن,https://khamsat.com/video-design,ترجمة فيديو,https://khamsat.com/video-design/translate-videos,ترجمة سكريب مقطع فيديو وضبط التزامن من الإنجليزية للعربية,https://khamsat.com/video-design/translate-videos/1464889-%D8%AA%D8%B1%D8%AC%D9%85%D8%A9-%D8%B3%D9%83%D8%B1%D9%8A%D8%A8-%D9%85%D9%82%D8%B7%D8%B9-%D9%81%D9%8A%D8%AF%D9%8A%D9%88-%D9%88%D8%B6%D8%A8%D8%B7-%D8%A7%D9%84%D8%AA%D8%B2%D8%A7%D9%85%D9%86-%D9%85%D9%86-%D8%A7%D9%84%D8%A5%D9%86%D8%AC%D9%84%D9%8A%D8%B2%D9%8A%D8%A9-%D9%84%D9%84%D8%B9%D8%B1%D8%A8%D9%8A%D8%A9,5.0,2,3 دقائق,3,0,$5.00,يوم واحد,2,2,300.0,.Cyril K,https://khamsat.com/user/cyril,True,بائع مميز,4.5,67,94.77%,11,70,28 دقيقة
فيديو وأنيميشن,https://khamsat.com/video-design,ترجمة فيديو,https://khamsat.com/video-design/translate-videos,سأترجم من أي ملف فيديو من العربية إلى العربية الفصحى أو العامية,https://khamsat.com/video-design/translate-videos/1684840-%D8%B3%D8%A3%D8%AA%D8%B1%D8%AC%D9%85-%D9%85%D9%86-%D8%A3%D9%8A-%D9%85%D9%84%D9%81-%D9%81%D9%8A%D8%AF%D9%8A%D9%88-%D9%85%D9%86-%D8%A7%D9%84%D8%B9%D8%B1%D8%A8%D9%8A%D8%A9-%D8%A5%D9%84%D9%89-%D8%A7%D9%84%D8%B9%D8%B1%D8%A8%D9%8A%D8%A9-%D8%A7%D9%84%D9%81%D8%B5%D8%AD%D9%89-%D8%A3%D9%88-%D8%A7%D9%84%D8%B9%D8%A7%D9%85%D9%8A%D8%A9,5.0,1,يوم,1,0,$5.00,يوم واحد,1,2,10.0,سارة ب.,https://khamsat.com/user/sara_benissa_5,False,بائع مميز,5.0,14,96.97%,4,16,17 ساعة
فيديو وأنيميشن,https://khamsat.com/video-design,ترجمة فيديو,https://khamsat.com/video-design/translate-videos,ترجمة فيديوهات من الإسبانية الى العربية والعكس,https://khamsat.com/video-design/translate-videos/639464-%D8%AA%D8%B1%D8%AC%D9%85%D8%A9-%D9%81%D9%8A%D8%AF%D9%8A%D9%88%D9%87%D8%A7%D8%AA-%D9%85%D9%86-%D8%A7%D9%84%D8%A5%D8%B3%D8%A8%D8%A7%D9%86%D9%8A%D8%A9-%D8%A7%D9%84%D9%89-%D8%A7%D9%84%D8%B9%D8%B1%D8%A8%D9%8A%D8%A9-%D9%88%D8%A7%D9%84%D8%B9%D9%83%D8%B3,5.0,12,13 دقيقة,19,0,$5.00,يومين,12,2,15.0,.Ahmed M,https://khamsat.com/user/ahmed_bangora,True,بائع مميز,5.0,14,99.7%,3,20,6 ساعات
فيديو وأنيميشن,https://khamsat.com/video-design,ترجمة فيديو,https://khamsat.com/video-design/translate-videos,مزامنة الترجمة مع فيديو 20 دقيقة,https://khamsat.com/video-design/translate-videos/1847834-%D9%85%D8%B2%D8%A7%D9%85%D9%86%D8%A9-%D8%A7%D9%84%D8%AA%D8%B1%D8%AC%D9%85%D8%A9-%D9%85%D8%B9-%D9%81%D9%8A%D8%AF%D9%8A%D9%88-20-%D8%AF%D9%82%D9%8A%D9%82%D8%A9,5.0,1,21 ساعة,1,0,$5.00,يوم واحد,1,2,30.0,هادي ا.,https://khamsat.com/user/hadi_sparrow,True,بائع نشيط,5.0,2,91.67%,2,2,يوم
فيديو وأنيميشن,https://khamsat.com/video-design,ترجمة فيديو,https://khamsat.com/video-design/translate-videos,ترجمة الفيديوهات من الفرنسية الى العربية والعكس,https://khamsat.com/video-design/translate-videos/2658720-%D8%AA%D8%B1%D8%AC%D9%85%D8%A9-%D8%A7%D9%84%D9%81%D9%8A%D8%AF%D9%8A%D9%88%D9%87%D8%A7%D8%AA-%D9%85%D9%86-%D8%A7%D9%84%D9%81%D8%B1%D9%86%D8%B3%D9%8A%D8%A9-%D8%A7%D9%84%D9%89-%D8%A7%D9%84%D8%B9%D8%B1%D8%A8%D9%8A%D8%A9-%D9%88%D8%A7%D9%84%D8%B9%D9%83%D8%B3,4.5,1,3 ساعات,1,0,$5.00,يومين,1,0,0.0,سمير ع.,https://khamsat.com/user/samirsamir2023,True,بائع جديد,4.5,1,100.0%,5,1,3 ساعات
فيديو وأنيميشن,https://khamsat.com/video-design,ترجمة فيديو,https://khamsat.com/video-design/translate-videos,ترجمة فيديو او ملف صوتي باللغتين الانجليزية والعربية,https://khamsat.com/video-design/translate-videos/1626883-%D8%AA%D8%B1%D8%AC%D9%85%D8%A9-%D9%81%D9%8A%D8%AF%D9%8A%D9%88-%D8%A7%D9%88-%D9%85%D9%84%D9%81-%D8%B5%D9%88%D8%AA%D9%8A-%D8%A8%D8%A7%D9%84%D9%84%D8%BA%D8%AA%D9%8A%D9%86-%D8%A7%D9%84%D8%A7%D9%86%D8%AC%D9%84%D9%8A%D8%B2%D9%8A%D8%A9-%D9%88%D8%A7%D9%84%D8%B9%D8%B1%D8%A8%D9%8A%D8%A9,5.0,4,ساعة,4,0,$5.00,يومين,4,4,175.0,مريم ف.,https://khamsat.com/user/maryamferwana,True,بائع نشيط,5.0,7,96.15%,4,7,ساعتين
فيديو وأنيميشن,https://khamsat.com/video-design,ترجمة فيديو,https://khamsat.com/video-design/translate-videos,أترجم لك أي فيلم أو مسلسل من العربية للانجليزية,https://khamsat.com/video-design/translate-videos/1103750-%D8%A3%D8%AA%D8%B1%D8%AC%D9%85-%D9%84%D9%83-%D8%A3%D9%8A-%D9%81%D9%8A%D9%84%D9%85-%D8%A3%D9%88-%D9%85%D8%B3%D9%84%D8%B3%D9%84-%D9%85%D9%86-%D8%A7%D9%84%D8%B9%D8%B1%D8%A8%D9%8A%D8%A9-%D9%84%D9%84%D8%A7%D9%86%D8%AC%D9%84%D9%8A%D8%B2%D9%8A%D8%A9,5.0,3,11 دقيقة,1,0,$5.00,يوم واحد,3,5,75.0,.Samer N,https://khamsat.com/user/sam-nad,True,بائع نشيط,5.0,7,70.37%,5,6,6 ساعات
فيديو وأنيميشن,https://khamsat.com/video-design,ترجمة فيديو,https://khamsat.com/video-design/translate-videos,ترجمة الفيديوهات و الوثائق من الاسبانية الى العربية و العكس,https://khamsat.com/video-design/translate-videos/3004715-%D8%AA%D8%B1%D8%AC%D9%85%D8%A9-%D8%A7%D9%84%D9%81%D9%8A%D8%AF%D9%8A%D9%88%D9%87%D8%A7%D8%AA-%D9%88-%D8%A7%D9%84%D9%88%D8%AB%D8%A7%D8%A6%D9%82-%D9%85%D9%86-%D8%A7%D9%84%D8%A7%D8%B3%D8%A8%D8%A7%D9%86%D9%8A%D8%A9-%D8%A7%D9%84%D9%89-%D8%A7%D9%84%D8%B9%D8%B1%D8%A8%D9%8A%D8%A9-%D9%88-%D8%A7%D9%84%D8%B9%D9%83%D8%B3,0.0,0,لم يحسب,0,0,$5.00,يوم واحد,0,0,0.0,سمير ع.,https://khamsat.com/user/samirsamir2023,True,بائع جديد,4.5,1,100.0%,5,1,3 ساعات
فيديو وأنيميشن,https://khamsat.com/video-design,ترجمة فيديو,https://khamsat.com/video-design/translate-videos,ترجمة مقاطع اليوتيوب والمسلسلات من الانجليزية للعربية والعكس,https://khamsat.com/video-design/translate-videos/2583632-%D8%AA%D8%B1%D8%AC%D9%85%D8%A9-%D9%85%D9%82%D8%A7%D8%B7%D8%B9-%D8%A7%D9%84%D9%8A%D9%88%D8%AA%D9%8A%D9%88%D8%A8-%D9%88%D8%A7%D9%84%D9%85%D8%B3%D9%84%D8%B3%D9%84%D8%A7%D8%AA-%D9%85%D9%86-%D8%A7%D9%84%D8%A7%D9%86%D8%AC%D9%84%D9%8A%D8%B2%D9%8A%D8%A9-%D9%84%D9%84%D8%B9%D8%B1%D8%A8%D9%8A%D8%A9-%D9%88%D8%A7%D9%84%D8%B9%D9%83%D8%B3,0.0,0,لم يحسب,0,0,$5.00,يومين,0,1,5.0,عائشة أ.,https://khamsat.com/user/eishah,False,مشتري جديد,0.0,0,لم يحسب بعد,1,0,لم يحسب
فيديو وأنيميشن,https://khamsat.com/video-design,ترجمة فيديو,https://khamsat.com/video-design/translate-videos,ترجمةمقاطع الفيديو باللغتين العربية والإنجليزية والعكسsubtitle,https://khamsat.com/video-design/translate-videos/3041702-%D8%AA%D8%B1%D8%AC%D9%85%D8%A9%D9%85%D9%82%D8%A7%D8%B7%D8%B9-%D8%A7%D9%84%D9%81%D9%8A%D8%AF%D9%8A%D9%88-%D8%A8%D8%A7%D9%84%D9%84%D8%BA%D8%AA%D9%8A%D9%86-%D8%A7%D9%84%D8%B9%D8%B1%D8%A8%D9%8A%D8%A9-%D9%88%D8%A7%D9%84%D8%A5%D9%86%D8%AC%D9%84%D9%8A%D8%B2%D9%8A%D8%A9-%D9%88%D8%A7%D9%84%D8%B9%D9%83%D8%B3subtitle,0.0,0,لم يحسب,0,0,$5.00,يوم واحد,0,0,0.0,.Aya M,https://khamsat.com/user/aya_mahmoud119,True,بائع جديد,0.0,0,لم يحسب بعد,2,0,لم يحسب
فيديو وأنيميشن,https://khamsat.com/video-design,ترجمة فيديو,https://khamsat.com/video-design/translate-videos,اضافة وترجمة مقاطع الفيديو من الانجليزية الى العربية والعكس,https://khamsat.com/video-design/translate-videos/3021265-%D8%A7%D8%B6%D8%A7%D9%81%D8%A9-%D9%88%D8%AA%D8%B1%D8%AC%D9%85%D8%A9-%D9%85%D9%82%D8%A7%D8%B7%D8%B9-%D8%A7%D9%84%D9%81%D9%8A%D8%AF%D9%8A%D9%88-%D9%85%D9%86-%D8%A7%D9%84%D8%A7%D9%86%D8%AC%D9%84%D9%8A%D8%B2%D9%8A%D8%A9-%D8%A7%D9%84%D9%89-%D8%A7%D9%84%D8%B9%D8%B1%D8%A8%D9%8A%D8%A9-%D9%88%D8%A7%D9%84%D8%B9%D9%83%D8%B3,0.0,0,لم يحسب,0,0,$5.00,يوم واحد,0,5,100.0,.Naeem Y,https://khamsat.com/user/naeem_yahia21,False,بائع جديد,0.0,0,لم يحسب بعد,2,0,لم يحسب
فيديو وأنيميشن,https://khamsat.com/video-design,ترجمة فيديو,https://khamsat.com/video-design/translate-videos,ترجمة فيديو من الإنجليزية إلى العربية والعكس,https://khamsat.com/video-design/translate-videos/2969265-%D8%AA%D8%B1%D8%AC%D9%85%D8%A9-%D9%81%D9%8A%D8%AF%D9%8A%D9%88-%D9%85%D9%86-%D8%A7%D9%84%D8%A5%D9%86%D8%AC%D9%84%D9%8A%D8%B2%D9%8A%D8%A9-%D8%A5%D9%84%D9%89-%D8%A7%D9%84%D8%B9%D8%B1%D8%A8%D9%8A%D8%A9-%D9%88%D8%A7%D9%84%D8%B9%D9%83%D8%B3,0.0,0,لم يحسب,0,0,$5.00,يوم واحد,0,4,40.0,محمد ن.,https://khamsat.com/user/exitooo,True,بائع جديد,0.0,0,لم يحسب بعد,5,0,لم يحسب
فيديو وأنيميشن,https://khamsat.com/video-design,تصميم انترو,https://khamsat.com/video-design/video-intro,تصميم انترو احترافي عالي الجودة,https://khamsat.com/video-design/video-intro/2972489-%D8%AA%D8%B5%D9%85%D9%8A%D9%85-%D8%A7%D9%86%D8%AA%D8%B1%D9%88-%D8%A7%D8%AD%D8%AA%D8%B1%D8%A7%D9%81%D9%8A-%D8%B9%D8%A7%D9%84%D9%8A-%D8%A7%D9%84%D8%AC%D9%88%D8%AF%D8%A9,4.5,5,4 دقائق,10,0,$5.00,يومين,5,3,45.0,.Ramadan A,https://khamsat.com/user/ramadan_ammar,True,بائع نشيط,4.5,6,100.0%,2,12,5 دقائق
فيديو وأنيميشن,https://khamsat.com/video-design,تصميم انترو,https://khamsat.com/video-design/video-intro,عمل مقدمة لقنوات اليوتيوب و التيك توك,https://khamsat.com/video-design/video-intro/2913642-%D8%B9%D9%85%D9%84-%D9%85%D9%82%D8%AF%D9%85%D8%A9-%D9%84%D9%82%D9%86%D9%88%D8%A7%D8%AA-%D8%A7%D9%84%D9%8A%D9%88%D8%AA%D9%8A%D9%88%D8%A8-%D9%88-%D8%A7%D9%84%D8%AA%D9%8A%D9%83-%D8%AA%D9%88%D9%83,5.0,2,لم يحسب,2,0,$10.00,يومين,2,1,5.0,.Ahmed H,https://khamsat.com/user/ahmed-elhusseny,True,بائع نشيط,5.0,16,97.56%,4,19,7 ساعات
فيديو وأنيميشن,https://khamsat.com/video-design,تصميم انترو,https://khamsat.com/video-design/video-intro,اصمم لك مقدمة فيديو مميزة Intro,https://khamsat.com/video-design/video-intro/1245898-%D8%A7%D8%B5%D9%85%D9%85-%D9%84%D9%83-%D9%85%D9%82%D8%AF%D9%85%D8%A9-%D9%81%D9%8A%D8%AF%D9%8A%D9%88-%D9%85%D9%85%D9%8A%D8%B2%D8%A9-intro,5.0,46,4 ساعات,66,0,$20.00,ثلاثة أيام,25,5,105.0,.Oussama H,https://khamsat.com/user/oussama-hadouar,True,بائع مميز,4.5,178,93.37%,5,231,ساعتين
فيديو وأنيميشن,https://khamsat.com/video-design,تصميم انترو,https://khamsat.com/video-design/video-intro,ساصنع فيديو Story أو حالة لسناب شات أو انستاجرام أو تيك توك,https://khamsat.com/video-design/video-intro/1337464-%D8%B3%D8%A7%D8%B5%D9%86%D8%B9-%D9%81%D9%8A%D8%AF%D9%8A%D9%88-story-%D8%A3%D9%88-%D8%AD%D8%A7%D9%84%D8%A9-%D9%84%D8%B3%D9%86%D8%A7%D8%A8-%D8%B4%D8%A7%D8%AA-%D8%A3%D9%88-%D8%A7%D9%86%D8%B3%D8%AA%D8%A7%D8%AC%D8%B1%D8%A7%D9%85-%D8%A3%D9%88-%D8%AA%D9%8A%D9%83-%D8%AA%D9%88%D9%83,4.5,14,أقل من دقيقة,19,0,$15.00,يومين,14,4,50.0,عمر أ.,https://khamsat.com/user/omarabohashem,True,بائع نشيط,4.5,16,87.69%,1,20,20 ساعة
فيديو وأنيميشن,https://khamsat.com/video-design,تصميم انترو,https://khamsat.com/video-design/video-intro,انترو احترافي قناتك على يوتيوب,https://khamsat.com/video-design/video-intro/1557332-%D8%A7%D9%86%D8%AA%D8%B1%D9%88-%D8%A7%D8%AD%D8%AA%D8%B1%D8%A7%D9%81%D9%8A-%D9%82%D9%86%D8%A7%D8%AA%D9%83-%D8%B9%D9%84%D9%89-%D9%8A%D9%88%D8%AA%D9%8A%D9%88%D8%A8,4.5,47,ساعة,57,0,$10.00,يومين,25,5,80.0,.Mustafa E,https://khamsat.com/user/joker_mustafa,True,بائع مميز,4.5,55,96.12%,2,66,18 ساعة
فيديو وأنيميشن,https://khamsat.com/video-design,تصميم انترو,https://khamsat.com/video-design/video-intro,مقدمة انترو احترافية للشركات واليوتيوب,https://khamsat.com/video-design/video-intro/1643286-%D9%85%D9%82%D8%AF%D9%85%D8%A9-%D8%A7%D9%86%D8%AA%D8%B1%D9%88-%D8%A7%D8%AD%D8%AA%D8%B1%D8%A7%D9%81%D9%8A%D8%A9-%D9%84%D9%84%D8%B4%D8%B1%D9%83%D8%A7%D8%AA-%D9%88%D8%A7%D9%84%D9%8A%D9%88%D8%AA%D9%8A%D9%88%D8%A8,5.0,32,24 دقيقة,37,0,$5.00,يوم واحد,25,4,45.0,محمد ع.,https://khamsat.com/user/elnady2030,True,بائع مميز,5.0,54,98.0%,4,57,3 ساعات
فيديو وأنيميشن,https://khamsat.com/video-design,تصميم انترو,https://khamsat.com/video-design/video-intro,تصميم زر الإشتراك بصورة قناة اليوتيوب + شاشة نهاية + إنترو.,https://khamsat.com/video-design/video-intro/1730177-%D8%AA%D8%B5%D9%85%D9%8A%D9%85-%D8%B2%D8%B1-%D8%A7%D9%84%D8%A5%D8%B4%D8%AA%D8%B1%D8%A7%D9%83-%D8%A8%D8%B5%D9%88%D8%B1%D8%A9-%D9%82%D9%86%D8%A7%D8%A9-%D8%A7%D9%84%D9%8A%D9%88%D8%AA%D9%8A%D9%88%D8%A8-%D8%B4%D8%A7%D8%B4%D8%A9-%D9%86%D9%87%D8%A7%D9%8A%D8%A9-%D8%A5%D9%86%D8%AA%D8%B1%D9%88,5.0,42,5 ساعات,49,0,$10.00,يومين,25,5,135.0,علاء م.,https://khamsat.com/user/alaaee,True,بائع مميز,5.0,56,86.67%,4,54,يوم
فيديو وأنيميشن,https://khamsat.com/video-design,تصميم انترو,https://khamsat.com/video-design/video-intro,مقدمة فيديوهات intro احترافية,https://khamsat.com/video-design/video-intro/2963924-%D9%85%D9%82%D8%AF%D9%85%D8%A9-%D9%81%D9%8A%D8%AF%D9%8A%D9%88%D9%87%D8%A7%D8%AA-intro-%D8%A7%D8%AD%D8%AA%D8%B1%D8%A7%D9%81%D9%8A%D8%A9,0.0,0,20 دقيقة,2,0,$5.00,يوم واحد,0,4,45.0,.Rahma A,https://khamsat.com/user/rahmaabdin,True,بائع جديد,0.0,1,100.0%,5,4,24 دقيقة
فيديو وأنيميشن,https://khamsat.com/video-design,تصميم انترو,https://khamsat.com/video-design/video-intro,تصميم انترو تحريك شعار Logo Animation Intro,https://khamsat.com/video-design/video-intro/2931081-%D8%AA%D8%B5%D9%85%D9%8A%D9%85-%D8%A7%D9%86%D8%AA%D8%B1%D9%88-%D8%AA%D8%AD%D8%B1%D9%8A%D9%83-%D8%B4%D8%B9%D8%A7%D8%B1-logo-animation-intro,5.0,1,31 دقيقة,1,0,$50.00,ثلاثة أيام,1,3,350.0,.Ahmad A,https://khamsat.com/user/ahmad-aljaber,True,بائع موثوق,5.0,363,81.52%,8,477,10 ساعات
فيديو وأنيميشن,https://khamsat.com/video-design,تصميم انترو,https://khamsat.com/video-design/video-intro,عمل انترو مميز لأي لوجو أو قناة,https://khamsat.com/video-design/video-intro/1090145-%D8%B9%D9%85%D9%84-%D8%A7%D9%86%D8%AA%D8%B1%D9%88-%D9%85%D9%85%D9%8A%D8%B2-%D9%84%D8%A3%D9%8A-%D9%84%D9%88%D8%AC%D9%88-%D8%A3%D9%88-%D9%82%D9%86%D8%A7%D8%A9,5.0,71,ساعة,83,0,$20.00,يوم واحد,25,5,215.0,محمد ع.,https://khamsat.com/user/mohammad-abd-elkader,True,بائع مميز,5.0,75,96.88%,4,89,4 ساعات
فيديو وأنيميشن,https://khamsat.com/video-design,تصميم انترو,https://khamsat.com/video-design/video-intro,أصمم لك مقدمة انترو احترافية للوغو الخاص بك أو لشركتك,https://khamsat.com/video-design/video-intro/1997145-%D8%A3%D8%B5%D9%85%D9%85-%D9%84%D9%83-%D9%85%D9%82%D8%AF%D9%85%D8%A9-%D8%A7%D9%86%D8%AA%D8%B1%D9%88-%D8%A7%D8%AD%D8%AA%D8%B1%D8%A7%D9%81%D9%8A%D8%A9-%D9%84%D9%84%D9%88%D8%BA%D9%88-%D8%A7%D9%84%D8%AE%D8%A7%D8%B5-%D8%A8%D9%83-%D8%A3%D9%88-%D9%84%D8%B4%D8%B1%D9%83%D8%AA%D9%83,4.5,13,10 دقائق,16,0,$25.00,ثلاثة أيام,13,5,260.0,قتيبه ا.,https://khamsat.com/user/kutayba32,True,بائع مميز,4.5,25,87.72%,2,23,ساعة
فيديو وأنيميشن,https://khamsat.com/video-design,تصميم انترو,https://khamsat.com/video-design/video-intro,"تصميم عرض فيديو "" Intro 3D "" إحترافي وجذاب بـ 5 دولار فقط",https://khamsat.com/video-design/video-intro/1170064-%D8%AA%D8%B5%D9%85%D9%8A%D9%85-%D8%B9%D8%B1%D8%B6-%D9%81%D9%8A%D8%AF%D9%8A%D9%88-intro-3d-%D8%A5%D8%AD%D8%AA%D8%B1%D8%A7%D9%81%D9%8A-%D9%88%D8%AC%D8%B0%D8%A7%D8%A8-%D8%A8%D9%80-5-%D8%AF%D9%88%D9%84%D8%A7%D8%B1-%D9%81%D9%82%D8%B7,5.0,6,5 ساعات,7,0,$5.00,يوم واحد,6,1,5.0,.Ahmed F,https://khamsat.com/user/ahmed-ftelina,True,بائع مميز,4.5,42,91.11%,5,54,6 ساعات
فيديو وأنيميشن,https://khamsat.com/video-design,تصميم انترو,https://khamsat.com/video-design/video-intro,تصميم أنترو نص ثلاثي الابعاد,https://khamsat.com/video-design/video-intro/2910135-%D8%AA%D8%B5%D9%85%D9%8A%D9%85-%D8%A3%D9%86%D8%AA%D8%B1%D9%88-%D9%86%D8%B5-%D8%AB%D9%84%D8%A7%D8%AB%D9%8A-%D8%A7%D9%84%D8%A7%D8%A8%D8%B9%D8%A7%D8%AF,5.0,1,لم يحسب,1,0,$10.00,يوم واحد,1,0,0.0,.Yusif M,https://khamsat.com/user/yusifmohamed,True,بائع جديد,5.0,2,100.0%,2,2,33 دقيقة
فيديو وأنيميشن,https://khamsat.com/video-design,تصميم انترو,https://khamsat.com/video-design/video-intro,سأصمم لك مقدمات فيديو انترو 3d باحترافية,https://khamsat.com/video-design/video-intro/2048351-%D8%B3%D8%A3%D8%B5%D9%85%D9%85-%D9%84%D9%83-%D9%85%D9%82%D8%AF%D9%85%D8%A7%D8%AA-%D9%81%D9%8A%D8%AF%D9%8A%D9%88-%D8%A7%D9%86%D8%AA%D8%B1%D9%88-3d-%D8%A8%D8%A7%D8%AD%D8%AA%D8%B1%D8%A7%D9%81%D9%8A%D8%A9,4.5,49,يوم,64,0,$20.00,يومين,25,5,100.0,.Omar A,https://khamsat.com/user/omar_koh,True,بائع مميز,4.5,123,93.36%,6,151,9 ساعات
فيديو وأنيميشن,https://khamsat.com/video-design,تصميم انترو,https://khamsat.com/video-design/video-intro,انترو احترافى لقنوات الألعاب على يوتيوب,https://khamsat.com/video-design/video-intro/1290739-%D8%A7%D9%86%D8%AA%D8%B1%D9%88-%D8%A7%D8%AD%D8%AA%D8%B1%D8%A7%D9%81%D9%89-%D9%84%D9%82%D9%86%D9%88%D8%A7%D8%AA-%D8%A7%D9%84%D8%A3%D9%84%D8%B9%D8%A7%D8%A8-%D8%B9%D9%84%D9%89-%D9%8A%D9%88%D8%AA%D9%8A%D9%88%D8%A8,5.0,46,ساعة,59,0,$10.00,يوم واحد,25,5,55.0,.Mohamed S,https://khamsat.com/user/mohmed.allashram,True,بائع مميز,5.0,139,95.26%,10,145,6 ساعات
فيديو وأنيميشن,https://khamsat.com/video-design,تصميم انترو,https://khamsat.com/video-design/video-intro,تصميم انترو لشعار شخصي او قناة يوتيوب,https://khamsat.com/video-design/video-intro/2354229-%D8%AA%D8%B5%D9%85%D9%8A%D9%85-%D8%A7%D9%86%D8%AA%D8%B1%D9%88-%D9%84%D8%B4%D8%B9%D8%A7%D8%B1-%D8%B4%D8%AE%D8%B5%D9%8A-%D8%A7%D9%88-%D9%82%D9%86%D8%A7%D8%A9-%D9%8A%D9%88%D8%AA%D9%8A%D9%88%D8%A8,4.5,13,ساعتين,14,0,$15.00,يومين,13,3,40.0,عبدالسلام د.,https://khamsat.com/user/abdslam_daw22,True,بائع مميز,4.5,56,83.49%,5,60,7 ساعات
فيديو وأنيميشن,https://khamsat.com/video-design,تصميم انترو,https://khamsat.com/video-design/video-intro,تصميم فيديو intro و outro,https://khamsat.com/video-design/video-intro/2671822-%D8%AA%D8%B5%D9%85%D9%8A%D9%85-%D9%81%D9%8A%D8%AF%D9%8A%D9%88-intro-%D9%88-outro,5.0,5,23 ساعة,6,0,$5.00,يوم واحد,5,5,105.0,عبدالرحمن س.,https://khamsat.com/user/abdo_samy515,True,بائع نشيط,5.0,5,100.0%,5,8,12 ساعة
فيديو وأنيميشن,https://khamsat.com/video-design,تصميم انترو,https://khamsat.com/video-design/video-intro,انترو احترافي للشعار الخاص بك او اسم شركتك او فيلمك,https://khamsat.com/video-design/video-intro/1535002-%D8%A7%D9%86%D8%AA%D8%B1%D9%88-%D8%A7%D8%AD%D8%AA%D8%B1%D8%A7%D9%81%D9%8A-%D9%84%D9%84%D8%B4%D8%B9%D8%A7%D8%B1-%D8%A7%D9%84%D8%AE%D8%A7%D8%B5-%D8%A8%D9%83-%D8%A7%D9%88-%D8%A7%D8%B3%D9%85-%D8%B4%D8%B1%D9%83%D8%AA%D9%83-%D8%A7%D9%88-%D9%81%D9%8A%D9%84%D9%85%D9%83,5.0,12,5 ساعات,13,0,$5.00,ثلاثة أيام,12,5,210.0,.Adlene D,https://khamsat.com/user/adlene12000,True,بائع نشيط,5.0,26,79.17%,1,22,20 ساعة
فيديو وأنيميشن,https://khamsat.com/video-design,تصميم انترو,https://khamsat.com/video-design/video-intro,انشاء انترو يوتيوب بشكل احترافي,https://khamsat.com/video-design/video-intro/2345401-%D8%A7%D9%86%D8%B4%D8%A7%D8%A1-%D8%A7%D9%86%D8%AA%D8%B1%D9%88-%D9%8A%D9%88%D8%AA%D9%8A%D9%88%D8%A8-%D8%A8%D8%B4%D9%83%D9%84-%D8%A7%D8%AD%D8%AA%D8%B1%D8%A7%D9%81%D9%8A,5.0,1,46 دقيقة,1,0,$10.00,يوم واحد,1,0,0.0,.Ayman E,https://khamsat.com/user/the-empire,True,بائع مميز,4.5,37,95.56%,4,34,ساعتين
فيديو وأنيميشن,https://khamsat.com/video-design,تصميم انترو,https://khamsat.com/video-design/video-intro,تصميم مقدمة فيديو Intro إحترافية,https://khamsat.com/video-design/video-intro/1488304-%D8%AA%D8%B5%D9%85%D9%8A%D9%85-%D9%85%D9%82%D8%AF%D9%85%D8%A9-%D9%81%D9%8A%D8%AF%D9%8A%D9%88-intro-%D8%A5%D8%AD%D8%AA%D8%B1%D8%A7%D9%81%D9%8A%D8%A9,4.5,49,11 دقيقة,72,0,$10.00,يوم واحد,25,5,50.0,عبد الحليم ق.,https://khamsat.com/user/halim_kobbi,True,بائع مميز,4.5,131,96.41%,4,140,ساعة
فيديو وأنيميشن,https://khamsat.com/video-design,تصميم انترو,https://khamsat.com/video-design/video-intro,سأصمم لك انترو انيق وعصري بعيدا عن التعقيدات والمشتتات,https://khamsat.com/video-design/video-intro/2879556-%D8%B3%D8%A3%D8%B5%D9%85%D9%85-%D9%84%D9%83-%D8%A7%D9%86%D8%AA%D8%B1%D9%88-%D8%A7%D9%86%D9%8A%D9%82-%D9%88%D8%B9%D8%B5%D8%B1%D9%8A-%D8%A8%D8%B9%D9%8A%D8%AF%D8%A7-%D8%B9%D9%86-%D8%A7%D9%84%D8%AA%D8%B9%D9%82%D9%8A%D8%AF%D8%A7%D8%AA-%D9%88%D8%A7%D9%84%D9%85%D8%B4%D8%AA%D8%AA%D8%A7%D8%AA,5.0,1,ساعة,1,0,$10.00,يومين,1,5,45.0,محمد تاج ق.,https://khamsat.com/user/mohamadtagkyais,True,بائع مميز,4.5,15,95.65%,5,14,ساعتين
فيديو وأنيميشن,https://khamsat.com/video-design,تصميم انترو,https://khamsat.com/video-design/video-intro,اصمم لك مقدمة انترو احترافية مثل الشركات الكبرى,https://khamsat.com/video-design/video-intro/743959-%D8%A7%D8%B5%D9%85%D9%85-%D9%84%D9%83-%D9%85%D9%82%D8%AF%D9%85%D8%A9-%D8%A7%D9%86%D8%AA%D8%B1%D9%88-%D8%A7%D8%AD%D8%AA%D8%B1%D8%A7%D9%81%D9%8A%D8%A9-%D9%85%D8%AB%D9%84-%D8%A7%D9%84%D8%B4%D8%B1%D9%83%D8%A7%D8%AA-%D8%A7%D9%84%D9%83%D8%A8%D8%B1%D9%89,4.5,79,11 ساعة,110,0,$25.00,يومين,25,3,50.0,.Ahmed K,https://khamsat.com/user/ahmed-khalaad,True,بائع مميز,4.5,122,91.04%,2,151,4 ساعات
فيديو وأنيميشن,https://khamsat.com/video-design,تصميم انترو,https://khamsat.com/video-design/video-intro,احصل على 2 انترو 3d احترافية,https://khamsat.com/video-design/video-intro/1397672-%D8%A7%D8%AD%D8%B5%D9%84-%D8%B9%D9%84%D9%89-2-%D8%A7%D9%86%D8%AA%D8%B1%D9%88-3d-%D8%A7%D8%AD%D8%AA%D8%B1%D8%A7%D9%81%D9%8A%D8%A9,5.0,20,19 ساعة,20,0,$15.00,يوم واحد,20,2,20.0,.Mostafa E,https://khamsat.com/user/ebtkar-team,True,بائع مميز,5.0,111,95.54%,10,109,13 ساعة
فيديو وأنيميشن,https://khamsat.com/video-design,تصميم انترو,https://khamsat.com/video-design/video-intro,اختر INTRO احترافية وبدقة عالية فقط,https://khamsat.com/video-design/video-intro/1699116-%D8%A7%D8%AE%D8%AA%D8%B1-intro-%D8%A7%D8%AD%D8%AA%D8%B1%D8%A7%D9%81%D9%8A%D8%A9-%D9%88%D8%A8%D8%AF%D9%82%D8%A9-%D8%B9%D8%A7%D9%84%D9%8A%D8%A9-%D9%81%D9%82%D8%B7,4.5,16,8 ساعات,27,0,$5.00,يومين,16,3,55.0,.Mohammed D,https://khamsat.com/user/fivegrup,True,بائع مميز,4.5,31,93.22%,5,44,6 ساعات
فيديو وأنيميشن,https://khamsat.com/video-design,تصميم انترو,https://khamsat.com/video-design/video-intro,انترو احترافي مدهش - اقوى عروض الانتروهات ب 5$,https://khamsat.com/video-design/video-intro/813108-%D8%A7%D9%86%D8%AA%D8%B1%D9%88-%D8%A7%D8%AD%D8%AA%D8%B1%D8%A7%D9%81%D9%8A-%D9%85%D8%AF%D9%87%D8%B4-%D8%A7%D9%82%D9%88%D9%89-%D8%B9%D8%B1%D9%88%D8%B6-%D8%A7%D9%84%D8%A7%D9%86%D8%AA%D8%B1%D9%88%D9%87%D8%A7%D8%AA-%D8%A8-5,4.5,9,14 ساعة,17,0,$5.00,يومين,9,2,15.0,.Ahmed T,https://khamsat.com/user/%D8%A3%D8%AD%D9%85%D8%AF-%D8%B7%D9%88%D9%85%D8%A7%D8%B4,True,بائع مميز,4.5,85,85.43%,3,113,20 ساعة
فيديو وأنيميشن,https://khamsat.com/video-design,تصميم انترو,https://khamsat.com/video-design/video-intro,سأصمم لك مقدمة فيديو احترافية INTRO بجودة عالية FULL HD,https://khamsat.com/video-design/video-intro/1895782-%D8%B3%D8%A3%D8%B5%D9%85%D9%85-%D9%84%D9%83-%D9%85%D9%82%D8%AF%D9%85%D8%A9-%D9%81%D9%8A%D8%AF%D9%8A%D9%88-%D8%A7%D8%AD%D8%AA%D8%B1%D8%A7%D9%81%D9%8A%D8%A9-intro-%D8%A8%D8%AC%D9%88%D8%AF%D8%A9-%D8%B9%D8%A7%D9%84%D9%8A%D8%A9-full-hd,5.0,4,ساعة,4,0,$5.00,يوم واحد,4,1,5.0,.Djelloul K,https://khamsat.com/user/ishak-jacob,True,بائع نشيط,5.0,5,68.75%,4,4,يومين
فيديو وأنيميشن,https://khamsat.com/video-design,تصميم انترو,https://khamsat.com/video-design/video-intro,سوف اصمم لك مقدمه فيديو احترافيه (انترو) مقابل5$,https://khamsat.com/video-design/video-intro/1292550-%D8%B3%D9%88%D9%81-%D8%A7%D8%B5%D9%85%D9%85-%D9%84%D9%83-%D9%85%D9%82%D8%AF%D9%85%D9%87-%D9%81%D9%8A%D8%AF%D9%8A%D9%88-%D8%A7%D8%AD%D8%AA%D8%B1%D8%A7%D9%81%D9%8A%D9%87-%D8%A7%D9%86%D8%AA%D8%B1%D9%88-%D9%85%D9%82%D8%A7%D8%A8%D9%845,5.0,3,ساعتين,3,0,$5.00,يوم واحد,3,3,35.0,سعيد م.,https://khamsat.com/user/saeed_mohamad,True,بائع نشيط,5.0,68,73.37%,7,84,يوم
فيديو وأنيميشن,https://khamsat.com/video-design,تصميم انترو,https://khamsat.com/video-design/video-intro,تصميم مقدمة انترو من بين 35 مقدمة انترو احترافية,https://khamsat.com/video-design/video-intro/2389018-%D8%AA%D8%B5%D9%85%D9%8A%D9%85-%D9%85%D9%82%D8%AF%D9%85%D8%A9-%D8%A7%D9%86%D8%AA%D8%B1%D9%88-%D9%85%D9%86-%D8%A8%D9%8A%D9%86-35-%D9%85%D9%82%D8%AF%D9%85%D8%A9-%D8%A7%D9%86%D8%AA%D8%B1%D9%88-%D8%A7%D8%AD%D8%AA%D8%B1%D8%A7%D9%81%D9%8A%D8%A9,4.5,16,ساعة,16,0,$5.00,يوم واحد,16,5,65.0,اياد ع.,https://khamsat.com/user/eyad_adel,True,بائع نشيط,4.5,16,75.0%,1,16,ساعة
فيديو وأنيميشن,https://khamsat.com/video-design,تصميم انترو,https://khamsat.com/video-design/video-intro,تصميم intro او outro احترافي,https://khamsat.com/video-design/video-intro/621858-%D8%AA%D8%B5%D9%85%D9%8A%D9%85-intro-%D8%A7%D9%88-outro-%D8%A7%D8%AD%D8%AA%D8%B1%D8%A7%D9%81%D9%8A,4.5,55,ساعة,68,0,$5.00,ثلاثة أيام,25,0,0.0,.Saad E,https://khamsat.com/user/ettahirisaad,True,بائع مميز,4.5,79,77.72%,7,95,ساعة
فيديو وأنيميشن,https://khamsat.com/video-design,تصميم انترو,https://khamsat.com/video-design/video-intro,انترو أو اوترو احترافي لألعاب الفيديو و مواضيع متنوعة,https://khamsat.com/video-design/video-intro/1154346-%D8%A7%D9%86%D8%AA%D8%B1%D9%88-%D8%A3%D9%88-%D8%A7%D9%88%D8%AA%D8%B1%D9%88-%D8%A7%D8%AD%D8%AA%D8%B1%D8%A7%D9%81%D9%8A-%D9%84%D8%A3%D9%84%D8%B9%D8%A7%D8%A8-%D8%A7%D9%84%D9%81%D9%8A%D8%AF%D9%8A%D9%88-%D9%88-%D9%85%D9%88%D8%A7%D8%B6%D9%8A%D8%B9-%D9%85%D8%AA%D9%86%D9%88%D8%B9%D8%A9,5.0,2,يوم,3,0,$5.00,يوم واحد,2,2,10.0,عبد العظيم ر.,https://khamsat.com/user/abdou_boulaam,True,بائع مميز,4.5,63,82.09%,11,81,11 ساعة
فيديو وأنيميشن,https://khamsat.com/video-design,تحريك شخصيات,https://khamsat.com/video-design/animation,3d انميشن احترافي وابداعي,https://khamsat.com/video-design/animation/2762424-3d-%D8%A7%D9%86%D9%85%D9%8A%D8%B4%D9%86-%D8%A7%D8%AD%D8%AA%D8%B1%D8%A7%D9%81%D9%8A-%D9%88%D8%A7%D8%A8%D8%AF%D8%A7%D8%B9%D9%8A,5.0,4,دقيقتين,6,0,$25.00,أسبوع,4,5,190.0,.Hanin J,https://khamsat.com/user/haninrj,True,بائع نشيط,5.0,10,97.3%,2,11,10 ساعات
فيديو وأنيميشن,https://khamsat.com/video-design,تحريك شخصيات,https://khamsat.com/video-design/animation,تصميم فيديو أنيمشن او رسوم متحركة,https://khamsat.com/video-design/animation/1792087-%D8%AA%D8%B5%D9%85%D9%8A%D9%85-%D9%81%D9%8A%D8%AF%D9%8A%D9%88-%D8%A3%D9%86%D9%8A%D9%85%D8%B4%D9%86-%D8%A7%D9%88-%D8%B1%D8%B3%D9%88%D9%85-%D9%85%D8%AA%D8%AD%D8%B1%D9%83%D8%A9,4.5,16,ساعة,24,0,$10.00,يوم واحد,16,5,380.0,عبدالسلام د.,https://khamsat.com/user/abdslam_daw22,True,بائع مميز,4.5,56,83.49%,5,60,7 ساعات
فيديو وأنيميشن,https://khamsat.com/video-design,تحريك شخصيات,https://khamsat.com/video-design/animation,تصميم فيلم كرتون رسوم متحركة بشكل مبدع وإحترافي بإذن الله,https://khamsat.com/video-design/animation/1585550-%D8%AA%D8%B5%D9%85%D9%8A%D9%85-%D9%81%D9%8A%D9%84%D9%85-%D9%83%D8%B1%D8%AA%D9%88%D9%86-%D8%B1%D8%B3%D9%88%D9%85-%D9%85%D8%AA%D8%AD%D8%B1%D9%83%D8%A9-%D8%A8%D8%B4%D9%83%D9%84-%D9%85%D8%A8%D8%AF%D8%B9-%D9%88%D8%A5%D8%AD%D8%AA%D8%B1%D8%A7%D9%81%D9%8A-%D8%A8%D8%A5%D8%B0%D9%86-%D8%A7%D9%84%D9%84%D9%87,5.0,39,ساعة,48,1,$5.00,يومين,25,5,775.0,.Ahmed E,https://khamsat.com/user/ahmed_esmat33,True,بائع مميز,5.0,39,100.0%,1,48,ساعتين
فيديو وأنيميشن,https://khamsat.com/video-design,تحريك شخصيات,https://khamsat.com/video-design/animation,تصميم فيديوهات قصيرة 3d animation اوصور 3d متحركة بصيغة gif,https://khamsat.com/video-design/animation/1680608-%D8%AA%D8%B5%D9%85%D9%8A%D9%85-%D9%81%D9%8A%D8%AF%D9%8A%D9%88%D9%87%D8%A7%D8%AA-%D9%82%D8%B5%D9%8A%D8%B1%D8%A9-3d-animation-%D8%A7%D9%88%D8%B5%D9%88%D8%B1-3d-%D9%85%D8%AA%D8%AD%D8%B1%D9%83%D8%A9-%D8%A8%D8%B5%D9%8A%D8%BA%D8%A9-gif,5.0,8,ساعتين,13,0,$5.00,أسبوع,8,2,145.0,.Ahmed S,https://khamsat.com/user/hmedo_sebgagui,True,بائع نشيط,5.0,9,91.89%,5,13,ساعة
فيديو وأنيميشن,https://khamsat.com/video-design,تحريك شخصيات,https://khamsat.com/video-design/animation,سأقوم بعمل فيديو أنيميشن 2D animation احترافي,https://khamsat.com/video-design/animation/2876369-%D8%B3%D8%A3%D9%82%D9%88%D9%85-%D8%A8%D8%B9%D9%85%D9%84-%D9%81%D9%8A%D8%AF%D9%8A%D9%88-%D8%A3%D9%86%D9%8A%D9%85%D9%8A%D8%B4%D9%86-2d-animation-%D8%A7%D8%AD%D8%AA%D8%B1%D8%A7%D9%81%D9%8A,4.5,5,يوم,5,0,$5.00,يوم واحد,5,3,70.0,.Ahmed G,https://khamsat.com/user/ahmegamal62,True,بائع نشيط,4.5,5,100.0%,1,5,يوم
فيديو وأنيميشن,https://khamsat.com/video-design,تحريك شخصيات,https://khamsat.com/video-design/animation,تحريك شخصيات وتفاعل المجسمات والبيئة المحيطة,https://khamsat.com/video-design/animation/1198780-%D8%AA%D8%AD%D8%B1%D9%8A%D9%83-%D8%B4%D8%AE%D8%B5%D9%8A%D8%A7%D8%AA-%D9%88%D8%AA%D9%81%D8%A7%D8%B9%D9%84-%D8%A7%D9%84%D9%85%D8%AC%D8%B3%D9%85%D8%A7%D8%AA-%D9%88%D8%A7%D9%84%D8%A8%D9%8A%D8%A6%D8%A9-%D8%A7%D9%84%D9%85%D8%AD%D9%8A%D8%B7%D8%A9,5.0,5,6 ساعات,7,0,$5.00,أربعة أيام,5,5,220.0,هيثم ك.,https://khamsat.com/user/haythem_kmal_msc,True,بائع مميز,5.0,37,84.0%,4,44,يومين
فيديو وأنيميشن,https://khamsat.com/video-design,تحريك شخصيات,https://khamsat.com/video-design/animation,فيديوهات انمىشن و فيديوهات كارتون بأسلوب استديوهات الانمى,https://khamsat.com/video-design/animation/1996324-%D9%81%D9%8A%D8%AF%D9%8A%D9%88%D9%87%D8%A7%D8%AA-%D8%A7%D9%86%D9%85%D9%89%D8%B4%D9%86-%D9%88-%D9%81%D9%8A%D8%AF%D9%8A%D9%88%D9%87%D8%A7%D8%AA-%D9%83%D8%A7%D8%B1%D8%AA%D9%88%D9%86-%D8%A8%D8%A3%D8%B3%D9%84%D9%88%D8%A8-%D8%A7%D8%B3%D8%AA%D8%AF%D9%8A%D9%88%D9%87%D8%A7%D8%AA-%D8%A7%D9%84%D8%A7%D9%86%D9%85%D9%89,5.0,4,يوم,4,0,$25.00,يومين,4,4,220.0,.Mostafa M,https://khamsat.com/user/mostam,True,بائع نشيط,5.0,8,90.0%,3,11,10 ساعات
فيديو وأنيميشن,https://khamsat.com/video-design,تحريك شخصيات,https://khamsat.com/video-design/animation,رسم وتحريك انميشن,https://khamsat.com/video-design/animation/1011980-%D8%B1%D8%B3%D9%85-%D9%88%D8%AA%D8%AD%D8%B1%D9%8A%D9%83-%D8%A7%D9%86%D9%85%D9%8A%D8%B4%D9%86,4.5,13,6 دقائق,11,0,$50.00,أسبوع,13,2,25.0,.Walaa S,https://khamsat.com/user/walaa-shaker,True,بائع مميز,4.5,37,79.22%,6,24,يوم
فيديو وأنيميشن,https://khamsat.com/video-design,تحريك شخصيات,https://khamsat.com/video-design/animation,نقوم برسم و تحريك شخصيات 2D لأفلامك ومشاريعك الخاصة,https://khamsat.com/video-design/animation/2820482-%D9%86%D9%82%D9%88%D9%85-%D8%A8%D8%B1%D8%B3%D9%85-%D9%88-%D8%AA%D8%AD%D8%B1%D9%8A%D9%83-%D8%B4%D8%AE%D8%B5%D9%8A%D8%A7%D8%AA-2d-%D9%84%D8%A3%D9%81%D9%84%D8%A7%D9%85%D9%83-%D9%88%D9%85%D8%B4%D8%A7%D8%B1%D9%8A%D8%B9%D9%83-%D8%A7%D9%84%D8%AE%D8%A7%D8%B5%D8%A9,5.0,2,ساعة,2,0,$10.00,أسبوع,2,2,25.0,علي س.,https://khamsat.com/user/amardesigner,True,بائع نشيط,5.0,3,100.0%,3,3,5 ساعات
فيديو وأنيميشن,https://khamsat.com/video-design,تحريك شخصيات,https://khamsat.com/video-design/animation,تصميم فيديو أنيميشن على موقع Animaker,https://khamsat.com/video-design/animation/2119478-%D8%AA%D8%B5%D9%85%D9%8A%D9%85-%D9%81%D9%8A%D8%AF%D9%8A%D9%88-%D8%A3%D9%86%D9%8A%D9%85%D9%8A%D8%B4%D9%86-%D8%B9%D9%84%D9%89-%D9%85%D9%88%D9%82%D8%B9-animaker,4.5,15,10 ساعات,18,0,$10.00,ثلاثة أيام,15,2,10.0,رغد ن.,https://khamsat.com/user/raghad354,True,بائع نشيط,4.5,17,88.89%,4,19,11 ساعة
فيديو وأنيميشن,https://khamsat.com/video-design,تحريك شخصيات,https://khamsat.com/video-design/animation,رسم وتحريك شخصيات كرتونية في مشهد باحترافية,https://khamsat.com/video-design/animation/2949576-%D8%B1%D8%B3%D9%85-%D9%88%D8%AA%D8%AD%D8%B1%D9%8A%D9%83-%D8%B4%D8%AE%D8%B5%D9%8A%D8%A7%D8%AA-%D9%83%D8%B1%D8%AA%D9%88%D9%86%D9%8A%D8%A9-%D9%81%D9%8A-%D9%85%D8%B4%D9%87%D8%AF-%D8%A8%D8%A7%D8%AD%D8%AA%D8%B1%D8%A7%D9%81%D9%8A%D8%A9,5.0,4,3 دقائق,5,0,$5.00,يومين,4,0,0.0,.Kareem R,https://khamsat.com/user/kareeem_raslaann,True,بائع نشيط,5.0,4,100.0%,1,5,3 دقائق
فيديو وأنيميشن,https://khamsat.com/video-design,تحريك شخصيات,https://khamsat.com/video-design/animation,عمل اي نوع انميشين 2D تريد,https://khamsat.com/video-design/animation/3010145-%D8%B9%D9%85%D9%84-%D8%A7%D9%8A-%D9%86%D9%88%D8%B9-%D8%A7%D9%86%D9%85%D9%8A%D8%B4%D9%8A%D9%86-2d-%D8%AA%D8%B1%D9%8A%D8%AF,5.0,1,14 دقيقة,1,0,$5.00,ثلاثة أيام,1,4,70.0,.Mohamed H,https://khamsat.com/user/mohamed_khaled_noor,True,بائع جديد,5.0,1,100.0%,2,1,14 دقيقة
فيديو وأنيميشن,https://khamsat.com/video-design,تحريك شخصيات,https://khamsat.com/video-design/animation,تصميم فيديو أنيميشن شخصيات متحركة Animation,https://khamsat.com/video-design/animation/2533439-%D8%AA%D8%B5%D9%85%D9%8A%D9%85-%D9%81%D9%8A%D8%AF%D9%8A%D9%88-%D8%A3%D9%86%D9%8A%D9%85%D9%8A%D8%B4%D9%86-%D8%B4%D8%AE%D8%B5%D9%8A%D8%A7%D8%AA-%D9%85%D8%AA%D8%AD%D8%B1%D9%83%D8%A9-animation,5.0,4,15 دقيقة,7,1,$20.00,ثلاثة أيام,4,5,165.0,.Sherif A,https://khamsat.com/user/sherifali22,True,بائع مميز,4.5,51,96.15%,9,57,ساعتين
فيديو وأنيميشن,https://khamsat.com/video-design,تحريك شخصيات,https://khamsat.com/video-design/animation,تصميم فيديو أعلان كارتون انيميشن 3D,https://khamsat.com/video-design/animation/1641406-%D8%AA%D8%B5%D9%85%D9%8A%D9%85-%D9%81%D9%8A%D8%AF%D9%8A%D9%88-%D8%A3%D8%B9%D9%84%D8%A7%D9%86-%D9%83%D8%A7%D8%B1%D8%AA%D9%88%D9%86-%D8%A7%D9%86%D9%8A%D9%85%D9%8A%D8%B4%D9%86-3d,5.0,1,3 أيام,1,0,$5.00,أسبوع,1,1,5.0,.Mohamed S,https://khamsat.com/user/walker_ouis,True,بائع نشيط,4.5,10,96.97%,7,17,يوم
فيديو وأنيميشن,https://khamsat.com/video-design,تحريك شخصيات,https://khamsat.com/video-design/animation,عمل فيديو انيميشن 3D,https://khamsat.com/video-design/animation/1500756-%D8%B9%D9%85%D9%84-%D9%81%D9%8A%D8%AF%D9%8A%D9%88-%D8%A7%D9%86%D9%8A%D9%85%D9%8A%D8%B4%D9%86-3d,5.0,18,ساعتين,21,0,$50.00,أسبوعين,18,5,375.0,.Ayat W,https://khamsat.com/user/teacherpen315,True,بائع مميز,5.0,28,84.29%,10,27,ساعة
فيديو وأنيميشن,https://khamsat.com/video-design,تحريك شخصيات,https://khamsat.com/video-design/animation,صناعة رسوم متحركة تو دي انميشن,https://khamsat.com/video-design/animation/3027271-%D8%B5%D9%86%D8%A7%D8%B9%D8%A9-%D8%B1%D8%B3%D9%88%D9%85-%D9%85%D8%AA%D8%AD%D8%B1%D9%83%D8%A9-%D8%AA%D9%88-%D8%AF%D9%8A-%D8%A7%D9%86%D9%85%D9%8A%D8%B4%D9%86,0.0,0,لم يحسب,0,0,$5.00,يومين,0,4,95.0,.Amani A,https://khamsat.com/user/saru,True,بائع جديد,0.0,0,لم يحسب بعد,3,0,يومين
فيديو وأنيميشن,https://khamsat.com/video-design,تحريك شخصيات,https://khamsat.com/video-design/animation,تحريك الصور وانشاء فيديو حسب الطلب,https://khamsat.com/video-design/animation/3045422-%D8%AA%D8%AD%D8%B1%D9%8A%D9%83-%D8%A7%D9%84%D8%B5%D9%88%D8%B1-%D9%88%D8%A7%D9%86%D8%B4%D8%A7%D8%A1-%D9%81%D9%8A%D8%AF%D9%8A%D9%88-%D8%AD%D8%B3%D8%A8-%D8%A7%D9%84%D8%B7%D9%84%D8%A8,0.0,0,لم يحسب,0,0,$5.00,يوم واحد,0,1,5.0,.Ismail N,https://khamsat.com/user/naitdaoud,False,بائع جديد,0.0,0,لم يحسب بعد,2,0,لم يحسب
فيديو وأنيميشن,https://khamsat.com/video-design,تحريك شخصيات,https://khamsat.com/video-design/animation,صناعة الرسوم المتحركة أو فيديو قصص اطفال احترافي,https://khamsat.com/video-design/animation/2851112-%D8%B5%D9%86%D8%A7%D8%B9%D8%A9-%D8%A7%D9%84%D8%B1%D8%B3%D9%88%D9%85-%D8%A7%D9%84%D9%85%D8%AA%D8%AD%D8%B1%D9%83%D8%A9-%D8%A3%D9%88-%D9%81%D9%8A%D8%AF%D9%8A%D9%88-%D9%82%D8%B5%D8%B5-%D8%A7%D8%B7%D9%81%D8%A7%D9%84-%D8%A7%D8%AD%D8%AA%D8%B1%D8%A7%D9%81%D9%8A,0.0,0,لم يحسب,0,0,$10.00,خمسة أيام,0,5,145.0,فلاش ت.,https://khamsat.com/user/flashtoons,False,مشتري VIP,0.0,0,لم يحسب بعد,3,0,لم يحسب
فيديو وأنيميشن,https://khamsat.com/video-design,تحريك شخصيات,https://khamsat.com/video-design/animation,عمل 3d أنميشن ورسوم متحركة,https://khamsat.com/video-design/animation/2043105-%D8%B9%D9%85%D9%84-3d-%D8%A3%D9%86%D9%85%D9%8A%D8%B4%D9%86-%D9%88%D8%B1%D8%B3%D9%88%D9%85-%D9%85%D8%AA%D8%AD%D8%B1%D9%83%D8%A9,0.0,0,33 دقيقة,0,0,$5.00,ستة أيام,0,3,15.0,.Taha Q,https://khamsat.com/user/%D9%85%D8%AD%D9%85%D8%AF-%D8%A7%D9%84%D9%82%D9%87%D8%A7%D9%84%D9%8A,True,بائع جديد,0.0,0,لم يحسب بعد,3,0,36 دقيقة
فيديو وأنيميشن,https://khamsat.com/video-design,تحريك شخصيات,https://khamsat.com/video-design/animation,تصميم فيديوهات 3d animation 3 دى أو صور 3d متحركة,https://khamsat.com/video-design/animation/2190204-%D8%AA%D8%B5%D9%85%D9%8A%D9%85-%D9%81%D9%8A%D8%AF%D9%8A%D9%88%D9%87%D8%A7%D8%AA-3d-animation-3-%D8%AF%D9%89-%D8%A3%D9%88-%D8%B5%D9%88%D8%B1-3d-%D9%85%D8%AA%D8%AD%D8%B1%D9%83%D8%A9,4.5,1,8 ساعات,1,0,$10.00,خمسة أيام,1,0,0.0,.Karirm D,https://khamsat.com/user/karimdiab77,True,بائع جديد,4.5,1,100.0%,1,1,8 ساعات
فيديو وأنيميشن,https://khamsat.com/video-design,تحريك شخصيات,https://khamsat.com/video-design/animation,تصميم فيديوهات قصيرة 3D animation لقصتك بشكل احترافي,https://khamsat.com/video-design/animation/3052332-%D8%AA%D8%B5%D9%85%D9%8A%D9%85-%D9%81%D9%8A%D8%AF%D9%8A%D9%88%D9%87%D8%A7%D8%AA-%D9%82%D8%B5%D9%8A%D8%B1%D8%A9-3d-animation-%D9%84%D9%82%D8%B5%D8%AA%D9%83-%D8%A8%D8%B4%D9%83%D9%84-%D8%A7%D8%AD%D8%AA%D8%B1%D8%A7%D9%81%D9%8A,0.0,0,لم يحسب,0,0,$10.00,أسبوع,0,4,70.0,طارق ا.,https://khamsat.com/user/tarek_ismael,True,بائع جديد,0.0,0,لم يحسب بعد,1,0,لم يحسب
فيديو وأنيميشن,https://khamsat.com/video-design,تحريك شخصيات,https://khamsat.com/video-design/animation,كرتون gif او video لموقعك الالكتروني,https://khamsat.com/video-design/animation/2881720-%D9%83%D8%B1%D8%AA%D9%88%D9%86-gif-%D8%A7%D9%88-video-%D9%84%D9%85%D9%88%D9%82%D8%B9%D9%83-%D8%A7%D9%84%D8%A7%D9%84%D9%83%D8%AA%D8%B1%D9%88%D9%86%D9%8A,0.0,0,لم يحسب,0,0,$10.00,ثلاثة أيام,0,0,0.0,علي س.,https://khamsat.com/user/amardesigner,True,بائع نشيط,5.0,3,100.0%,3,3,5 ساعات
فيديو وأنيميشن,https://khamsat.com/video-design,تحريك شخصيات,https://khamsat.com/video-design/animation,فيديوهات انيمشن ثنائه الابعاد,https://khamsat.com/video-design/animation/2952830-%D9%81%D9%8A%D8%AF%D9%8A%D9%88%D9%87%D8%A7%D8%AA-%D8%A7%D9%86%D9%8A%D9%85%D8%B4%D9%86-%D8%AB%D9%86%D8%A7%D8%A6%D9%87-%D8%A7%D9%84%D8%A7%D8%A8%D8%B9%D8%A7%D8%AF,0.0,0,لم يحسب,0,0,$10.00,خمسة أيام,0,0,0.0,.Mervat A,https://khamsat.com/user/mervat_adel,True,بائع جديد,0.0,0,لم يحسب بعد,2,0,لم يحسب
فيديو وأنيميشن,https://khamsat.com/video-design,تحريك شخصيات,https://khamsat.com/video-design/animation,تصميم فيديو انيميشن 3D إعلاني أو تعليمي,https://khamsat.com/video-design/animation/2461678-%D8%AA%D8%B5%D9%85%D9%8A%D9%85-%D9%81%D9%8A%D8%AF%D9%8A%D9%88-%D8%A7%D9%86%D9%8A%D9%85%D9%8A%D8%B4%D9%86-3d-%D8%A5%D8%B9%D9%84%D8%A7%D9%86%D9%8A-%D8%A3%D9%88-%D8%AA%D8%B9%D9%84%D9%8A%D9%85%D9%8A,1.0,1,5 دقائق,1,0,$5.00,ستة أيام,1,3,160.0,أيمن أ.,https://khamsat.com/user/aymaneamghar,True,بائع جديد,1.0,1,50.0%,5,1,5 دقائق
فيديو وأنيميشن,https://khamsat.com/video-design,تحريك شخصيات,https://khamsat.com/video-design/animation,تصميــم أنميشن و رسوم متحركة,https://khamsat.com/video-design/animation/1771984-%D8%AA%D8%B5%D9%85%D9%8A%D9%80%D9%80%D9%85-%D8%A3%D9%86%D9%85%D9%8A%D8%B4%D9%86-%D9%88-%D8%B1%D8%B3%D9%88%D9%85-%D9%85%D8%AA%D8%AD%D8%B1%D9%83%D8%A9,4.0,4,3 ساعات,4,0,$10.00,يوم واحد,4,4,145.0,سماح د.,https://khamsat.com/user/samahdasan,True,بائع نشيط,4.0,6,100.0%,5,5,ساعة
فيديو وأنيميشن,https://khamsat.com/video-design,تحريك شخصيات,https://khamsat.com/video-design/animation,رسوم متحركه للأطفال ولترفيه,https://khamsat.com/video-design/animation/2853447-%D8%B1%D8%B3%D9%88%D9%85-%D9%85%D8%AA%D8%AD%D8%B1%D9%83%D9%87-%D9%84%D9%84%D8%A3%D8%B7%D9%81%D8%A7%D9%84-%D9%88%D9%84%D8%AA%D8%B1%D9%81%D9%8A%D9%87,0.0,0,لم يحسب,0,0,$10.00,ثلاثة أسابيع,0,0,0.0,.Ezzaldin A,https://khamsat.com/user/ezzaldin_eyad,True,بائع جديد,0.0,2,100.0%,3,2,15 دقيقة
فيديو وأنيميشن,https://khamsat.com/video-design,تحريك شخصيات,https://khamsat.com/video-design/animation,تحريك جميع شخصيات 3D جودة عالية,https://khamsat.com/video-design/animation/2359813-%D8%AA%D8%AD%D8%B1%D9%8A%D9%83-%D8%AC%D9%85%D9%8A%D8%B9-%D8%B4%D8%AE%D8%B5%D9%8A%D8%A7%D8%AA-3d-%D8%AC%D9%88%D8%AF%D8%A9-%D8%B9%D8%A7%D9%84%D9%8A%D8%A9,0.0,0,ساعة,0,0,$10.00,يومين,0,3,220.0,.Ali B,https://khamsat.com/user/alibzayed,True,بائع جديد,0.0,0,لم يحسب بعد,1,0,ساعة
فيديو وأنيميشن,https://khamsat.com/video-design,تحريك شخصيات,https://khamsat.com/video-design/animation,تصميم ومونتاج رسوم متحرکة,https://khamsat.com/video-design/animation/1530015-%D8%AA%D8%B5%D9%85%D9%8A%D9%85-%D9%88%D9%85%D9%88%D9%86%D8%AA%D8%A7%D8%AC-%D8%B1%D8%B3%D9%88%D9%85-%D9%85%D8%AA%D8%AD%D8%B1%D8%A9,4.5,8,يوم,8,0,$5.00,يومين,8,5,125.0,.Esmail K,https://khamsat.com/user/%D9%82%D8%A7%D8%A6%D8%AF,True,بائع مميز,4.5,50,86.49%,3,64,13 ساعة
فيديو وأنيميشن,https://khamsat.com/video-design,تحريك شخصيات,https://khamsat.com/video-design/animation,انتج لك فيديو اعلاني أو أنيميشن 2D أو 3D كما تريد,https://khamsat.com/video-design/animation/2297828-%D8%A7%D9%86%D8%AA%D8%AC-%D9%84%D9%83-%D9%81%D9%8A%D8%AF%D9%8A%D9%88-%D8%A7%D8%B9%D9%84%D8%A7%D9%86%D9%8A-%D8%A3%D9%88-%D8%A3%D9%86%D9%8A%D9%85%D9%8A%D8%B4%D9%86-2d-%D8%A3%D9%88-3d-%D9%83%D9%85%D8%A7-%D8%AA%D8%B1%D9%8A%D8%AF,5.0,4,3 دقائق,4,0,$5.00,أربعة أيام,4,0,0.0,.Mohamed S,https://khamsat.com/user/samyproduction,True,بائع جديد,5.0,4,57.14%,3,4,3 دقائق
فيديو وأنيميشن,https://khamsat.com/video-design,تحريك شخصيات,https://khamsat.com/video-design/animation,إنشاء فيديو أنيميشن,https://khamsat.com/video-design/animation/2642525-%D8%A5%D9%86%D8%B4%D8%A7%D8%A1-%D9%81%D9%8A%D8%AF%D9%8A%D9%88-%D8%A3%D9%86%D9%8A%D9%85%D9%8A%D8%B4%D9%86,0.0,0,لم يحسب,0,0,$10.00,ثلاثة أيام,0,2,10.0,محمد ح.,https://khamsat.com/user/%D9%85%D8%AD%D9%85%D8%AF-%D8%AD%D8%B3%D9%86-%D9%8A%D9%88%D9%86%D8%B3,True,بائع جديد,0.0,0,لم يحسب بعد,1,0,لم يحسب
فيديو وأنيميشن,https://khamsat.com/video-design,تحريك شعار,https://khamsat.com/video-design/logo-animation,تحريك شعار موشن جرافيك بطريقة احترافية,https://khamsat.com/video-design/logo-animation/2624196-%D8%AA%D8%AD%D8%B1%D9%8A%D9%83-%D8%B4%D8%B9%D8%A7%D8%B1-%D9%85%D9%88%D8%B4%D9%86-%D8%AC%D8%B1%D8%A7%D9%81%D9%8A%D9%83-%D8%A8%D8%B7%D8%B1%D9%8A%D9%82%D8%A9-%D8%A7%D8%AD%D8%AA%D8%B1%D8%A7%D9%81%D9%8A%D8%A9,5.0,41,ساعتين,50,0,$10.00,يومين,25,5,40.0,.Mohmed A,https://khamsat.com/user/mohmed_elmahfozy,True,بائع مميز,5.0,71,94.12%,3,82,13 ساعة
فيديو وأنيميشن,https://khamsat.com/video-design,تحريك شعار,https://khamsat.com/video-design/logo-animation,اصمم لك انترو احترافيه لقناتك او شعارك,https://khamsat.com/video-design/logo-animation/971656-%D8%A7%D8%B5%D9%85%D9%85-%D9%84%D9%83-%D8%A7%D9%86%D8%AA%D8%B1%D9%88-%D8%A7%D8%AD%D8%AA%D8%B1%D8%A7%D9%81%D9%8A%D9%87-%D9%84%D9%82%D9%86%D8%A7%D8%AA%D9%83-%D8%A7%D9%88-%D8%B4%D8%B9%D8%A7%D8%B1%D9%83,5.0,90,5 ساعات,115,0,$10.00,يومين,25,5,110.0,.Osama O,https://khamsat.com/user/osamaomar,True,بائع مميز,5.0,125,95.36%,13,153,8 ساعات
فيديو وأنيميشن,https://khamsat.com/video-design,تحريك شعار,https://khamsat.com/video-design/logo-animation,تحريك اللوجو بطريقة الموشن جرافيك لموقعك او شركتك,https://khamsat.com/video-design/logo-animation/2293183-%D8%AA%D8%AD%D8%B1%D9%8A%D9%83-%D8%A7%D9%84%D9%84%D9%88%D8%AC%D9%88-%D8%A8%D8%B7%D8%B1%D9%8A%D9%82%D8%A9-%D8%A7%D9%84%D9%85%D9%88%D8%B4%D9%86-%D8%AC%D8%B1%D8%A7%D9%81%D9%8A%D9%83-%D9%84%D9%85%D9%88%D9%82%D8%B9%D9%83-%D8%A7%D9%88-%D8%B4%D8%B1%D9%83%D8%AA%D9%83,4.5,11,4 ساعات,12,0,$30.00,يومين,11,2,10.0,حسن ا.,https://khamsat.com/user/hasan_2000,True,بائع مميز,5.0,79,98.0%,6,68,ساعة
فيديو وأنيميشن,https://khamsat.com/video-design,تحريك شعار,https://khamsat.com/video-design/logo-animation,تحريك اللوجو الخاص بك بشكل احترفي جدا,https://khamsat.com/video-design/logo-animation/2483592-%D8%AA%D8%AD%D8%B1%D9%8A%D9%83-%D8%A7%D9%84%D9%84%D9%88%D8%AC%D9%88-%D8%A7%D9%84%D8%AE%D8%A7%D8%B5-%D8%A8%D9%83-%D8%A8%D8%B4%D9%83%D9%84-%D8%A7%D8%AD%D8%AA%D8%B1%D9%81%D9%8A-%D8%AC%D8%AF%D8%A7,5.0,42,3 ساعات,46,0,$5.00,يومين,25,5,40.0,محمد غ.,https://khamsat.com/user/30medooooo,True,بائع مميز,5.0,46,100.0%,3,50,4 ساعات
فيديو وأنيميشن,https://khamsat.com/video-design,تحريك شعار,https://khamsat.com/video-design/logo-animation,تحريك شعار موشن جرافيك,https://khamsat.com/video-design/logo-animation/1309498-%D8%AA%D8%AD%D8%B1%D9%8A%D9%83-%D8%B4%D8%B9%D8%A7%D8%B1-%D9%85%D9%88%D8%B4%D9%86-%D8%AC%D8%B1%D8%A7%D9%81%D9%8A%D9%83,5.0,36,26 دقيقة,45,0,$30.00,أربعة أيام,25,5,115.0,.Hamza A,https://khamsat.com/user/hamzaaed,True,بائع مميز,5.0,91,91.91%,8,104,3 ساعات
فيديو وأنيميشن,https://khamsat.com/video-design,تحريك شعار,https://khamsat.com/video-design/logo-animation,تحريك احترافي لشعارك الخاص,https://khamsat.com/video-design/logo-animation/2472108-%D8%AA%D8%AD%D8%B1%D9%8A%D9%83-%D8%A7%D8%AD%D8%AA%D8%B1%D8%A7%D9%81%D9%8A-%D9%84%D8%B4%D8%B9%D8%A7%D8%B1%D9%83-%D8%A7%D9%84%D8%AE%D8%A7%D8%B5,5.0,27,ساعة,34,1,$10.00,يومين,25,4,25.0,.Mohamed A,https://khamsat.com/user/mohamed_ali_elezaby,True,بائع مميز,5.0,28,96.23%,2,34,ساعتين
فيديو وأنيميشن,https://khamsat.com/video-design,تحريك شعار,https://khamsat.com/video-design/logo-animation,تحريك شعارك بافكار مبتكرة,https://khamsat.com/video-design/logo-animation/2136893-%D8%AA%D8%AD%D8%B1%D9%8A%D9%83-%D8%B4%D8%B9%D8%A7%D8%B1%D9%83-%D8%A8%D8%A7%D9%81%D9%83%D8%A7%D8%B1-%D9%85%D8%A8%D8%AA%D9%83%D8%B1%D8%A9,5.0,12,7 ساعات,13,0,$15.00,خمسة أيام,12,3,15.0,.Salma M,https://khamsat.com/user/salma264,True,بائع نشيط,5.0,14,78.57%,1,16,7 ساعات
فيديو وأنيميشن,https://khamsat.com/video-design,تحريك شعار,https://khamsat.com/video-design/logo-animation,حرك مخطوطتك أو اللوجو المكتوب بالخط الكوفي بطريقة احترافية,https://khamsat.com/video-design/logo-animation/2503454-%D8%AD%D8%B1%D9%83-%D9%85%D8%AE%D8%B7%D9%88%D8%B7%D8%AA%D9%83-%D8%A3%D9%88-%D8%A7%D9%84%D9%84%D9%88%D8%AC%D9%88-%D8%A7%D9%84%D9%85%D9%83%D8%AA%D9%88%D8%A8-%D8%A8%D8%A7%D9%84%D8%AE%D8%B7-%D8%A7%D9%84%D9%83%D9%88%D9%81%D9%8A-%D8%A8%D8%B7%D8%B1%D9%8A%D9%82%D8%A9-%D8%A7%D8%AD%D8%AA%D8%B1%D8%A7%D9%81%D9%8A%D8%A9,4.5,6,16 دقيقة,6,0,$10.00,يومين,6,4,40.0,حمدان م.,https://khamsat.com/user/hemdan1999,True,بائع جديد,4.5,6,100.0%,3,6,16 دقيقة
فيديو وأنيميشن,https://khamsat.com/video-design,تحريك شعار,https://khamsat.com/video-design/logo-animation,تحريك شعار بشكل احترافي ومبتكر,https://khamsat.com/video-design/logo-animation/1795212-%D8%AA%D8%AD%D8%B1%D9%8A%D9%83-%D8%B4%D8%B9%D8%A7%D8%B1-%D8%A8%D8%B4%D9%83%D9%84-%D8%A7%D8%AD%D8%AA%D8%B1%D8%A7%D9%81%D9%8A-%D9%88%D9%85%D8%A8%D8%AA%D9%83%D8%B1,5.0,54,13 دقيقة,76,0,$10.00,يومين,25,5,70.0,.Mamoun A,https://khamsat.com/user/mamoonmotion,True,بائع مميز,5.0,142,96.08%,6,182,8 ساعات
فيديو وأنيميشن,https://khamsat.com/video-design,تحريك شعار,https://khamsat.com/video-design/logo-animation,تحريك شعارك من الصفر الي الاحترافيه 3 ثواني,https://khamsat.com/video-design/logo-animation/1742111-%D8%AA%D8%AD%D8%B1%D9%8A%D9%83-%D8%B4%D8%B9%D8%A7%D8%B1%D9%83-%D9%85%D9%86-%D8%A7%D9%84%D8%B5%D9%81%D8%B1-%D8%A7%D9%84%D9%8A-%D8%A7%D9%84%D8%A7%D8%AD%D8%AA%D8%B1%D8%A7%D9%81%D9%8A%D9%87-3-%D8%AB%D9%88%D8%A7%D9%86%D9%8A,5.0,8,5 ساعات,10,0,$25.00,يومين,8,5,265.0,محمد ا.,https://khamsat.com/user/mohammedalmadhoun,True,بائع نشيط,5.0,11,79.17%,3,13,3 ساعات
فيديو وأنيميشن,https://khamsat.com/video-design,تحريك شعار,https://khamsat.com/video-design/logo-animation,تحريك شعارك بافكار مبتكرة وجذابة,https://khamsat.com/video-design/logo-animation/2742421-%D8%AA%D8%AD%D8%B1%D9%8A%D9%83-%D8%B4%D8%B9%D8%A7%D8%B1%D9%83-%D8%A8%D8%A7%D9%81%D9%83%D8%A7%D8%B1-%D9%85%D8%A8%D8%AA%D9%83%D8%B1%D8%A9-%D9%88%D8%AC%D8%B0%D8%A7%D8%A8%D8%A9,5.0,2,ساعتين,2,0,$5.00,أربعة أيام,2,1,5.0,محمد ف.,https://khamsat.com/user/mohamed_kamal_e,True,بائع مميز,4.5,34,85.51%,4,50,ساعة
فيديو وأنيميشن,https://khamsat.com/video-design,تحريك شعار,https://khamsat.com/video-design/logo-animation,تحريك شعار بشكل احترافي ومبتكر,https://khamsat.com/video-design/logo-animation/2699544-%D8%AA%D8%AD%D8%B1%D9%8A%D9%83-%D8%B4%D8%B9%D8%A7%D8%B1-%D8%A8%D8%B4%D9%83%D9%84-%D8%A7%D8%AD%D8%AA%D8%B1%D8%A7%D9%81%D9%8A-%D9%88%D9%85%D8%A8%D8%AA%D9%83%D8%B1,5.0,6,13 ساعة,6,0,$10.00,يوم واحد,6,5,100.0,.Reda F,https://khamsat.com/user/fathereda,True,بائع نشيط,5.0,12,93.33%,4,11,4 ساعات
فيديو وأنيميشن,https://khamsat.com/video-design,تحريك شعار,https://khamsat.com/video-design/logo-animation,سوف أقوم بتحريك الشعار بشكل احترافي,https://khamsat.com/video-design/logo-animation/1254482-%D8%B3%D9%88%D9%81-%D8%A3%D9%82%D9%88%D9%85-%D8%A8%D8%AA%D8%AD%D8%B1%D9%8A%D9%83-%D8%A7%D9%84%D8%B4%D8%B9%D8%A7%D8%B1-%D8%A8%D8%B4%D9%83%D9%84-%D8%A7%D8%AD%D8%AA%D8%B1%D8%A7%D9%81%D9%8A,5.0,18,3 دقائق,18,0,$45.00,يومين,18,4,185.0,رياض ا.,https://khamsat.com/user/ryad123,True,بائع موثوق,5.0,331,98.9%,7,296,10 دقائق
فيديو وأنيميشن,https://khamsat.com/video-design,تحريك شعار,https://khamsat.com/video-design/logo-animation,فيديو انترو تهنئة العيد باسمك او شعارك 10ثواني,https://khamsat.com/video-design/logo-animation/1744396-%D9%81%D9%8A%D8%AF%D9%8A%D9%88-%D8%A7%D9%86%D8%AA%D8%B1%D9%88-%D8%AA%D9%87%D9%86%D8%A6%D8%A9-%D8%A7%D9%84%D8%B9%D9%8A%D8%AF-%D8%A8%D8%A7%D8%B3%D9%85%D9%83-%D8%A7%D9%88-%D8%B4%D8%B9%D8%A7%D8%B1%D9%83-10%D8%AB%D9%88%D8%A7%D9%86%D9%8A,5.0,6,20 دقيقة,7,0,$5.00,يوم واحد,6,2,25.0,.Mohammed E,https://khamsat.com/user/medelayati,True,بائع مميز,5.0,34,100.0%,4,35,ساعة
فيديو وأنيميشن,https://khamsat.com/video-design,تحريك شعار,https://khamsat.com/video-design/logo-animation,خدمة تحريك الشعار عن طريق الانيميشن,https://khamsat.com/video-design/logo-animation/1820160-%D8%AE%D8%AF%D9%85%D8%A9-%D8%AA%D8%AD%D8%B1%D9%8A%D9%83-%D8%A7%D9%84%D8%B4%D8%B9%D8%A7%D8%B1-%D8%B9%D9%86-%D8%B7%D8%B1%D9%8A%D9%82-%D8%A7%D9%84%D8%A7%D9%86%D9%8A%D9%85%D9%8A%D8%B4%D9%86,4.5,25,ساعة,34,1,$35.00,ثلاثة أيام,25,5,45.0,.Abdullah K,https://khamsat.com/user/abdullah-kamal,True,بائع مميز,4.5,74,86.59%,9,86,45 دقيقة
فيديو وأنيميشن,https://khamsat.com/video-design,تحريك شعار,https://khamsat.com/video-design/logo-animation,تحريك شعارات بتقنية الموشن جرافيك,https://khamsat.com/video-design/logo-animation/2842156-%D8%AA%D8%AD%D8%B1%D9%8A%D9%83-%D8%B4%D8%B9%D8%A7%D8%B1%D8%A7%D8%AA-%D8%A8%D8%AA%D9%82%D9%86%D9%8A%D8%A9-%D8%A7%D9%84%D9%85%D9%88%D8%B4%D9%86-%D8%AC%D8%B1%D8%A7%D9%81%D9%8A%D9%83,5.0,3,27 دقيقة,3,0,$10.00,يوم واحد,3,1,10.0,.Ahmed H,https://khamsat.com/user/ahmedhashem779,True,بائع نشيط,5.0,33,100.0%,2,32,29 دقيقة
فيديو وأنيميشن,https://khamsat.com/video-design,تحريك شعار,https://khamsat.com/video-design/logo-animation,تحريك شعار علامتك التجارية او قناتك باحتراف وتميز,https://khamsat.com/video-design/logo-animation/2862239-%D8%AA%D8%AD%D8%B1%D9%8A%D9%83-%D8%B4%D8%B9%D8%A7%D8%B1-%D8%B9%D9%84%D8%A7%D9%85%D8%AA%D9%83-%D8%A7%D9%84%D8%AA%D8%AC%D8%A7%D8%B1%D9%8A%D8%A9-%D8%A7%D9%88-%D9%82%D9%86%D8%A7%D8%AA%D9%83-%D8%A8%D8%A7%D8%AD%D8%AA%D8%B1%D8%A7%D9%81-%D9%88%D8%AA%D9%85%D9%8A%D8%B2,5.0,3,3 دقائق,3,0,$5.00,يوم واحد,3,2,15.0,.Khaled S,https://khamsat.com/user/khalledshaaban,True,بائع نشيط,5.0,11,65.22%,3,14,3 ساعات
فيديو وأنيميشن,https://khamsat.com/video-design,تحريك شعار,https://khamsat.com/video-design/logo-animation,تحريك بوستات سوشيال ميديا بجميع المقاسات باحترافية,https://khamsat.com/video-design/logo-animation/2436544-%D8%AA%D8%AD%D8%B1%D9%8A%D9%83-%D8%A8%D9%88%D8%B3%D8%AA%D8%A7%D8%AA-%D8%B3%D9%88%D8%B4%D9%8A%D8%A7%D9%84-%D9%85%D9%8A%D8%AF%D9%8A%D8%A7-%D8%A8%D8%AC%D9%85%D9%8A%D8%B9-%D8%A7%D9%84%D9%85%D9%82%D8%A7%D8%B3%D8%A7%D8%AA-%D8%A8%D8%A7%D8%AD%D8%AA%D8%B1%D8%A7%D9%81%D9%8A%D8%A9,5.0,6,ساعة,6,0,$10.00,ستة أيام,6,3,80.0,حسن ا.,https://khamsat.com/user/hasan_2000,True,بائع مميز,5.0,79,98.0%,6,68,ساعة
فيديو وأنيميشن,https://khamsat.com/video-design,تحريك شعار,https://khamsat.com/video-design/logo-animation,فيديو انترو تهنئة العيد او رمضان باسمك او شعارك,https://khamsat.com/video-design/logo-animation/2171260-%D9%81%D9%8A%D8%AF%D9%8A%D9%88-%D8%A7%D9%86%D8%AA%D8%B1%D9%88-%D8%AA%D9%87%D9%86%D8%A6%D8%A9-%D8%A7%D9%84%D8%B9%D9%8A%D8%AF-%D8%A7%D9%88-%D8%B1%D9%85%D8%B6%D8%A7%D9%86-%D8%A8%D8%A7%D8%B3%D9%85%D9%83-%D8%A7%D9%88-%D8%B4%D8%B9%D8%A7%D8%B1%D9%83,5.0,2,9 ساعات,2,0,$5.00,يومين,2,1,5.0,.Omar A,https://khamsat.com/user/omar_koh,True,بائع مميز,4.5,123,93.36%,6,151,9 ساعات
فيديو وأنيميشن,https://khamsat.com/video-design,تحريك شعار,https://khamsat.com/video-design/logo-animation,تحريك شعارات تجارية بشكل احترافي وجذاب,https://khamsat.com/video-design/logo-animation/2660699-%D8%AA%D8%AD%D8%B1%D9%8A%D9%83-%D8%B4%D8%B9%D8%A7%D8%B1%D8%A7%D8%AA-%D8%AA%D8%AC%D8%A7%D8%B1%D9%8A%D8%A9-%D8%A8%D8%B4%D9%83%D9%84-%D8%A7%D8%AD%D8%AA%D8%B1%D8%A7%D9%81%D9%8A-%D9%88%D8%AC%D8%B0%D8%A7%D8%A8,5.0,3,يوم,4,0,$10.00,يومين,3,1,40.0,.Mohammed E,https://khamsat.com/user/mohammednabahin,True,بائع نشيط,5.0,7,92.86%,3,7,يومين
فيديو وأنيميشن,https://khamsat.com/video-design,تحريك شعار,https://khamsat.com/video-design/logo-animation,تحريك شعار إحترافى خصيصاً لك,https://khamsat.com/video-design/logo-animation/2678018-%D8%AA%D8%AD%D8%B1%D9%8A%D9%83-%D8%B4%D8%B9%D8%A7%D8%B1-%D8%A5%D8%AD%D8%AA%D8%B1%D8%A7%D9%81%D9%89-%D8%AE%D8%B5%D9%8A%D8%B5%D8%A7-%D9%84%D9%83,5.0,2,8 دقائق,2,0,$15.00,يومين,2,0,0.0,.Mostafa M,https://khamsat.com/user/mostafa_m123999,True,بائع مميز,4.5,34,98.06%,3,34,11 دقيقة
فيديو وأنيميشن,https://khamsat.com/video-design,تحريك شعار,https://khamsat.com/video-design/logo-animation,انترو طائرة drone تحمل شعارك,https://khamsat.com/video-design/logo-animation/1294598-%D8%A7%D9%86%D8%AA%D8%B1%D9%88-%D8%B7%D8%A7%D8%A6%D8%B1%D8%A9-drone-%D8%AA%D8%AD%D9%85%D9%84-%D8%B4%D8%B9%D8%A7%D8%B1%D9%83,5.0,6,8 دقائق,6,0,$5.00,يوم واحد,6,1,5.0,.Mostafa E,https://khamsat.com/user/ebtkar-team,True,بائع مميز,5.0,111,95.54%,10,109,13 ساعة
فيديو وأنيميشن,https://khamsat.com/video-design,تحريك شعار,https://khamsat.com/video-design/logo-animation,تحريك الشعارات والمخطوطات بالموشن جرافيك,https://khamsat.com/video-design/logo-animation/2507358-%D8%AA%D8%AD%D8%B1%D9%8A%D9%83-%D8%A7%D9%84%D8%B4%D8%B9%D8%A7%D8%B1%D8%A7%D8%AA-%D9%88%D8%A7%D9%84%D9%85%D8%AE%D8%B7%D9%88%D8%B7%D8%A7%D8%AA-%D8%A8%D8%A7%D9%84%D9%85%D9%88%D8%B4%D9%86-%D8%AC%D8%B1%D8%A7%D9%81%D9%8A%D9%83,5.0,1,44 دقيقة,2,0,$10.00,يومين,1,2,20.0,الهيبة د.,https://khamsat.com/user/%D8%A7%D9%84%D9%87%D9%8A%D8%A8%D8%A9-%D8%AF%D8%A7%D8%AF%D8%A9,True,بائع نشيط,5.0,11,95.24%,3,15,7 ساعات
فيديو وأنيميشن,https://khamsat.com/video-design,تحريك شعار,https://khamsat.com/video-design/logo-animation,تحريك حصري و إحترافي لشعارك,https://khamsat.com/video-design/logo-animation/1736719-%D8%AA%D8%AD%D8%B1%D9%8A%D9%83-%D8%AD%D8%B5%D8%B1%D9%8A-%D9%88-%D8%A5%D8%AD%D8%AA%D8%B1%D8%A7%D9%81%D9%8A-%D9%84%D8%B4%D8%B9%D8%A7%D8%B1%D9%83,5.0,2,3 ساعات,2,0,$5.00,يومين,2,5,90.0,.Sidi Mohammed B,https://khamsat.com/user/un_expert,True,بائع نشيط,5.0,20,96.97%,4,17,7 ساعات
فيديو وأنيميشن,https://khamsat.com/video-design,تحريك شعار,https://khamsat.com/video-design/logo-animation,تحريك شعار لوجو متحرك بجميع المقاسات,https://khamsat.com/video-design/logo-animation/2867311-%D8%AA%D8%AD%D8%B1%D9%8A%D9%83-%D8%B4%D8%B9%D8%A7%D8%B1-%D9%84%D9%88%D8%AC%D9%88-%D9%85%D8%AA%D8%AD%D8%B1%D9%83-%D8%A8%D8%AC%D9%85%D9%8A%D8%B9-%D8%A7%D9%84%D9%85%D9%82%D8%A7%D8%B3%D8%A7%D8%AA,5.0,1,9 دقائق,1,0,$10.00,يومين,1,0,0.0,.Abd Elgayed R,https://khamsat.com/user/gedoram1941978,True,بائع مميز,4.5,47,95.7%,4,59,16 دقيقة
فيديو وأنيميشن,https://khamsat.com/video-design,تحريك شعار,https://khamsat.com/video-design/logo-animation,تحريك الشعارات بمختلف الطرق,https://khamsat.com/video-design/logo-animation/3048621-%D8%AA%D8%AD%D8%B1%D9%8A%D9%83-%D8%A7%D9%84%D8%B4%D8%B9%D8%A7%D8%B1%D8%A7%D8%AA-%D8%A8%D9%85%D8%AE%D8%AA%D9%84%D9%81-%D8%A7%D9%84%D8%B7%D8%B1%D9%82,0.0,0,لم يحسب,0,0,$10.00,يوم واحد,0,1,5.0,.Steven E,https://khamsat.com/user/steven_101,True,بائع جديد,0.0,0,لم يحسب بعد,2,0,لم يحسب
فيديو وأنيميشن,https://khamsat.com/video-design,تحريك شعار,https://khamsat.com/video-design/logo-animation,سأصنع لك فيديو لوغو موكب للوغو الخاص بك (video logo mockup),https://khamsat.com/video-design/logo-animation/2993336-%D8%B3%D8%A3%D8%B5%D9%86%D8%B9-%D9%84%D9%83-%D9%81%D9%8A%D8%AF%D9%8A%D9%88-%D9%84%D9%88%D8%BA%D9%88-%D9%85%D9%88%D9%83%D8%A8-%D9%84%D9%84%D9%88%D8%BA%D9%88-%D8%A7%D9%84%D8%AE%D8%A7%D8%B5-%D8%A8%D9%83-video-logo-mockup,0.0,0,لم يحسب,0,0,$5.00,يوم واحد,0,4,50.0,محمد تاج ق.,https://khamsat.com/user/mohamadtagkyais,True,بائع مميز,4.5,15,95.65%,5,14,ساعتين
فيديو وأنيميشن,https://khamsat.com/video-design,تحريك شعار,https://khamsat.com/video-design/logo-animation,إجعل شعارك ينبض بالحياة برقي و إحتراف و حداثة,https://khamsat.com/video-design/logo-animation/3042349-%D8%A5%D8%AC%D8%B9%D9%84-%D8%B4%D8%B9%D8%A7%D8%B1%D9%83-%D9%8A%D9%86%D8%A8%D8%B6-%D8%A8%D8%A7%D9%84%D8%AD%D9%8A%D8%A7%D8%A9-%D8%A8%D8%B1%D9%82%D9%8A-%D9%88-%D8%A5%D8%AD%D8%AA%D8%B1%D8%A7%D9%81-%D9%88-%D8%AD%D8%AF%D8%A7%D8%AB%D8%A9,0.0,0,لم يحسب,0,0,$10.00,يوم واحد,0,5,180.0,.Mahmoud S,https://khamsat.com/user/mahmoudsayedmetwally,True,بائع جديد,0.0,0,لم يحسب بعد,1,0,لم يحسب
فيديو وأنيميشن,https://khamsat.com/video-design,تحريك شعار,https://khamsat.com/video-design/logo-animation,تحريك شعار احترافي لإبراز هوية علامتك التجارية,https://khamsat.com/video-design/logo-animation/3034732-%D8%AA%D8%AD%D8%B1%D9%8A%D9%83-%D8%B4%D8%B9%D8%A7%D8%B1-%D8%A7%D8%AD%D8%AA%D8%B1%D8%A7%D9%81%D9%8A-%D9%84%D8%A5%D8%A8%D8%B1%D8%A7%D8%B2-%D9%87%D9%88%D9%8A%D8%A9-%D8%B9%D9%84%D8%A7%D9%85%D8%AA%D9%83-%D8%A7%D9%84%D8%AA%D8%AC%D8%A7%D8%B1%D9%8A%D8%A9,0.0,0,لم يحسب,0,0,$5.00,يومين,0,2,10.0,.Jugurtha M,https://khamsat.com/user/jugurtha_mekhoukhe06,True,بائع جديد,0.0,0,100.0%,4,1,ساعة
فيديو وأنيميشن,https://khamsat.com/video-design,تحريك شعار,https://khamsat.com/video-design/logo-animation,خدمة تحريك الشعار والكتابة عن طريق الانيميشن,https://khamsat.com/video-design/logo-animation/2086909-%D8%AE%D8%AF%D9%85%D8%A9-%D8%AA%D8%AD%D8%B1%D9%8A%D9%83-%D8%A7%D9%84%D8%B4%D8%B9%D8%A7%D8%B1-%D9%88%D8%A7%D9%84%D9%83%D8%AA%D8%A7%D8%A8%D8%A9-%D8%B9%D9%86-%D8%B7%D8%B1%D9%8A%D9%82-%D8%A7%D9%84%D8%A7%D9%86%D9%8A%D9%85%D9%8A%D8%B4%D9%86,0.0,0,8 ساعات,1,0,$5.00,يومين,0,4,35.0,عمر أ.,https://khamsat.com/user/omaroubeka,True,بائع نشيط,5.0,11,61.11%,6,16,ساعتين
فيديو وأنيميشن,https://khamsat.com/video-design,موشن جرافيك,https://khamsat.com/video-design/motion-graphics,فيديو موشن جرافيك مع تعليق صوتي,https://khamsat.com/video-design/motion-graphics/1755742-%D9%81%D9%8A%D8%AF%D9%8A%D9%88-%D9%85%D9%88%D8%B4%D9%86-%D8%AC%D8%B1%D8%A7%D9%81%D9%8A%D9%83-%D9%85%D8%B9-%D8%AA%D8%B9%D9%84%D9%8A%D9%82-%D8%B5%D9%88%D8%AA%D9%8A,5.0,288,17 ساعة,374,0,$5.00,يوم واحد,25,5,160.0,عبد الحميد ق.,https://khamsat.com/user/kamha,True,بائع مميز,5.0,396,96.74%,2,465,12 ساعة
فيديو وأنيميشن,https://khamsat.com/video-design,موشن جرافيك,https://khamsat.com/video-design/motion-graphics,موشن جرافيك احترافي مع تعليق صوتي مميز,https://khamsat.com/video-design/motion-graphics/2947551-%D9%85%D9%88%D8%B4%D9%86-%D8%AC%D8%B1%D8%A7%D9%81%D9%8A%D9%83-%D8%A7%D8%AD%D8%AA%D8%B1%D8%A7%D9%81%D9%8A-%D9%85%D8%B9-%D8%AA%D8%B9%D9%84%D9%8A%D9%82-%D8%B5%D9%88%D8%AA%D9%8A-%D9%85%D9%85%D9%8A%D8%B2,5.0,6,17 ساعة,10,0,$5.00,يوم واحد,6,5,185.0,.Ebrahim K,https://khamsat.com/user/ebrahim_kamall,True,بائع مميز,4.5,56,93.13%,2,72,8 ساعات
فيديو وأنيميشن,https://khamsat.com/video-design,موشن جرافيك,https://khamsat.com/video-design/motion-graphics,تصميم فيديو موشن جرافيك جذاب,https://khamsat.com/video-design/motion-graphics/2918040-%D8%AA%D8%B5%D9%85%D9%8A%D9%85-%D9%81%D9%8A%D8%AF%D9%8A%D9%88-%D9%85%D9%88%D8%B4%D9%86-%D8%AC%D8%B1%D8%A7%D9%81%D9%8A%D9%83-%D8%AC%D8%B0%D8%A7%D8%A8,5.0,11,ساعتين,11,0,$10.00,يوم واحد,11,5,150.0,ايه ا.,https://khamsat.com/user/ayaa2000,True,بائع نشيط,5.0,11,94.74%,2,11,ساعتين
فيديو وأنيميشن,https://khamsat.com/video-design,موشن جرافيك,https://khamsat.com/video-design/motion-graphics,موشن جرافيك احترافي كما تتمنى,https://khamsat.com/video-design/motion-graphics/2300190-%D9%85%D9%88%D8%B4%D9%86-%D8%AC%D8%B1%D8%A7%D9%81%D9%8A%D9%83-%D8%A7%D8%AD%D8%AA%D8%B1%D8%A7%D9%81%D9%8A-%D9%83%D9%85%D8%A7-%D8%AA%D8%AA%D9%85%D9%86%D9%89,4.5,132,32 دقيقة,171,1,$5.00,يومين,25,5,205.0,.Obada M,https://khamsat.com/user/obada_mrabia9,True,بائع مميز,4.5,132,99.1%,1,171,32 دقيقة
فيديو وأنيميشن,https://khamsat.com/video-design,موشن جرافيك,https://khamsat.com/video-design/motion-graphics,تصميم فيديو انيميشن ثلاثي الابعاد,https://khamsat.com/video-design/motion-graphics/2902226-%D8%AA%D8%B5%D9%85%D9%8A%D9%85-%D9%81%D9%8A%D8%AF%D9%8A%D9%88-%D8%A7%D9%86%D9%8A%D9%85%D9%8A%D8%B4%D9%86-%D8%AB%D9%84%D8%A7%D8%AB%D9%8A-%D8%A7%D9%84%D8%A7%D8%A8%D8%B9%D8%A7%D8%AF,4.5,2,6 ساعات,4,0,$50.00,خمسة أيام,2,3,350.0,.Mohamed M,https://khamsat.com/user/theleader4,True,بائع مميز,4.5,234,86.73%,3,336,4 ساعات
فيديو وأنيميشن,https://khamsat.com/video-design,موشن جرافيك,https://khamsat.com/video-design/motion-graphics,"فيديو موشن جرافيك احترافي بمقاس""سناب شات - انستغرام - ستوري""",https://khamsat.com/video-design/motion-graphics/2513378-%D9%81%D9%8A%D8%AF%D9%8A%D9%88-%D9%85%D9%88%D8%B4%D9%86-%D8%AC%D8%B1%D8%A7%D9%81%D9%8A%D9%83-%D8%A7%D8%AD%D8%AA%D8%B1%D8%A7%D9%81%D9%8A-%D8%A8%D9%85%D9%82%D8%A7%D8%B3%D8%B3%D9%86%D8%A7%D8%A8-%D8%B4%D8%A7%D8%AA-%D8%A7%D9%86%D8%B3%D8%AA%D8%BA%D8%B1%D8%A7%D9%85-%D8%B3%D8%AA%D9%88%D8%B1%D9%8A,5.0,31,ساعتين,43,0,$5.00,ثلاثة أيام,25,5,115.0,.Mohamed B,https://khamsat.com/user/mohamedben27,True,بائع مميز,5.0,42,97.47%,2,49,ساعة
فيديو وأنيميشن,https://khamsat.com/video-design,موشن جرافيك,https://khamsat.com/video-design/motion-graphics,تصميم فيديوهات الموشن جرافيك الابداعية,https://khamsat.com/video-design/motion-graphics/2317429-%D8%AA%D8%B5%D9%85%D9%8A%D9%85-%D9%81%D9%8A%D8%AF%D9%8A%D9%88%D9%87%D8%A7%D8%AA-%D8%A7%D9%84%D9%85%D9%88%D8%B4%D9%86-%D8%AC%D8%B1%D8%A7%D9%81%D9%8A%D9%83-%D8%A7%D9%84%D8%A7%D8%A8%D8%AF%D8%A7%D8%B9%D9%8A%D8%A9,5.0,25,15 دقيقة,30,0,$5.00,ثلاثة أيام,25,5,260.0,وارف د.,https://khamsat.com/user/waref_designer,True,بائع مميز,5.0,25,97.06%,1,30,15 دقيقة
فيديو وأنيميشن,https://khamsat.com/video-design,موشن جرافيك,https://khamsat.com/video-design/motion-graphics,فيديو موشن جرافيك وانيميشن,https://khamsat.com/video-design/motion-graphics/2772251-%D9%81%D9%8A%D8%AF%D9%8A%D9%88-%D9%85%D9%88%D8%B4%D9%86-%D8%AC%D8%B1%D8%A7%D9%81%D9%8A%D9%83-%D9%88%D8%A7%D9%86%D9%8A%D9%85%D9%8A%D8%B4%D9%86,4.5,17,5 ساعات,20,0,$5.00,ثلاثة أيام,17,3,170.0,.Fatma R,https://khamsat.com/user/shahdhassan_35,True,بائع نشيط,4.5,19,96.97%,4,21,يوم
فيديو وأنيميشن,https://khamsat.com/video-design,موشن جرافيك,https://khamsat.com/video-design/motion-graphics,موشن جرافيك احترافي لمتجرك أو مشروعك سناب شات,https://khamsat.com/video-design/motion-graphics/2997187-%D9%85%D9%88%D8%B4%D9%86-%D8%AC%D8%B1%D8%A7%D9%81%D9%8A%D9%83-%D8%A7%D8%AD%D8%AA%D8%B1%D8%A7%D9%81%D9%8A-%D9%84%D9%85%D8%AA%D8%AC%D8%B1%D9%83-%D8%A3%D9%88-%D9%85%D8%B4%D8%B1%D9%88%D8%B9%D9%83-%D8%B3%D9%86%D8%A7%D8%A8-%D8%B4%D8%A7%D8%AA,5.0,4,9 ساعات,4,0,$10.00,يوم واحد,4,5,135.0,عبدالله ت.,https://khamsat.com/user/abdullah_timraz,True,بائع جديد,5.0,4,100.0%,1,4,9 ساعات
فيديو وأنيميشن,https://khamsat.com/video-design,موشن جرافيك,https://khamsat.com/video-design/motion-graphics,فيديو موشن جرافيك احترافي لاصحاب المتاجر الالكترونية,https://khamsat.com/video-design/motion-graphics/2573305-%D9%81%D9%8A%D8%AF%D9%8A%D9%88-%D9%85%D9%88%D8%B4%D9%86-%D8%AC%D8%B1%D8%A7%D9%81%D9%8A%D9%83-%D8%A7%D8%AD%D8%AA%D8%B1%D8%A7%D9%81%D9%8A-%D9%84%D8%A7%D8%B5%D8%AD%D8%A7%D8%A8-%D8%A7%D9%84%D9%85%D8%AA%D8%A7%D8%AC%D8%B1-%D8%A7%D9%84%D8%A7%D9%84%D9%83%D8%AA%D8%B1%D9%88%D9%86%D9%8A%D8%A9,4.5,37,4 دقائق,39,0,$15.00,يومين,25,5,235.0,رياض ا.,https://khamsat.com/user/ryad123,True,بائع موثوق,5.0,331,98.9%,7,296,10 دقائق
فيديو وأنيميشن,https://khamsat.com/video-design,موشن جرافيك,https://khamsat.com/video-design/motion-graphics,عمل فيديوهات أنيمشن وموشن جرافيك دعائية,https://khamsat.com/video-design/motion-graphics/2417643-%D8%B9%D9%85%D9%84-%D9%81%D9%8A%D8%AF%D9%8A%D9%88%D9%87%D8%A7%D8%AA-%D8%A3%D9%86%D9%8A%D9%85%D8%B4%D9%86-%D9%88%D9%85%D9%88%D8%B4%D9%86-%D8%AC%D8%B1%D8%A7%D9%81%D9%8A%D9%83-%D8%AF%D8%B9%D8%A7%D8%A6%D9%8A%D8%A9,4.5,13,16 ساعة,14,0,$10.00,ثلاثة أيام,13,5,255.0,.Adham A,https://khamsat.com/user/adham-ali-ahmed,True,بائع نشيط,4.5,13,88.46%,2,14,16 ساعة
فيديو وأنيميشن,https://khamsat.com/video-design,موشن جرافيك,https://khamsat.com/video-design/motion-graphics,فيديو موشن جرافيك مطابق لشروط وسياسة سناب شات,https://khamsat.com/video-design/motion-graphics/2076167-%D9%81%D9%8A%D8%AF%D9%8A%D9%88-%D9%85%D9%88%D8%B4%D9%86-%D8%AC%D8%B1%D8%A7%D9%81%D9%8A%D9%83-%D9%85%D8%B7%D8%A7%D8%A8%D9%82-%D9%84%D8%B4%D8%B1%D9%88%D8%B7-%D9%88%D8%B3%D9%8A%D8%A7%D8%B3%D8%A9-%D8%B3%D9%86%D8%A7%D8%A8-%D8%B4%D8%A7%D8%AA,5.0,142,39 دقيقة,159,0,$15.00,يوم واحد,25,5,225.0,رياض ا.,https://khamsat.com/user/ryad123,True,بائع موثوق,5.0,331,98.9%,7,296,10 دقائق
فيديو وأنيميشن,https://khamsat.com/video-design,موشن جرافيك,https://khamsat.com/video-design/motion-graphics,تصميم فيديو موشن جرافيك إحترافي من الصفر,https://khamsat.com/video-design/motion-graphics/2936175-%D8%AA%D8%B5%D9%85%D9%8A%D9%85-%D9%81%D9%8A%D8%AF%D9%8A%D9%88-%D9%85%D9%88%D8%B4%D9%86-%D8%AC%D8%B1%D8%A7%D9%81%D9%8A%D9%83-%D8%A5%D8%AD%D8%AA%D8%B1%D8%A7%D9%81%D9%8A-%D9%85%D9%86-%D8%A7%D9%84%D8%B5%D9%81%D8%B1,5.0,10,يومين,12,2,$5.00,يوم واحد,10,5,130.0,.Hamza A,https://khamsat.com/user/hamza_alhoucin55,True,بائع نشيط,5.0,10,100.0%,1,12,يومين
فيديو وأنيميشن,https://khamsat.com/video-design,موشن جرافيك,https://khamsat.com/video-design/motion-graphics,تصميم فيديو موشن جرافيك احترافي,https://khamsat.com/video-design/motion-graphics/2791690-%D8%AA%D8%B5%D9%85%D9%8A%D9%85-%D9%81%D9%8A%D8%AF%D9%8A%D9%88-%D9%85%D9%88%D8%B4%D9%86-%D8%AC%D8%B1%D8%A7%D9%81%D9%8A%D9%83-%D8%A7%D8%AD%D8%AA%D8%B1%D8%A7%D9%81%D9%8A,5.0,7,ساعة,9,0,$10.00,ثلاثة أيام,7,5,140.0,.Nasser R,https://khamsat.com/user/nasser_mohammed,True,بائع مميز,5.0,58,87.86%,4,74,5 ساعات
فيديو وأنيميشن,https://khamsat.com/video-design,موشن جرافيك,https://khamsat.com/video-design/motion-graphics,تصميم فيديو ريلز موشن جرافيك وانيميشن,https://khamsat.com/video-design/motion-graphics/3041308-%D8%AA%D8%B5%D9%85%D9%8A%D9%85-%D9%81%D9%8A%D8%AF%D9%8A%D9%88-%D8%B1%D9%8A%D9%84%D8%B2-%D9%85%D9%88%D8%B4%D9%86-%D8%AC%D8%B1%D8%A7%D9%81%D9%8A%D9%83-%D9%88%D8%A7%D9%86%D9%8A%D9%85%D9%8A%D8%B4%D9%86,5.0,1,3 أيام,1,0,$5.00,ثلاثة أيام,1,3,170.0,.Fatma R,https://khamsat.com/user/shahdhassan_35,True,بائع نشيط,4.5,19,96.97%,4,21,يوم
فيديو وأنيميشن,https://khamsat.com/video-design,موشن جرافيك,https://khamsat.com/video-design/motion-graphics,تصميم فديو موشن جرافيك احترافي,https://khamsat.com/video-design/motion-graphics/2491927-%D8%AA%D8%B5%D9%85%D9%8A%D9%85-%D9%81%D8%AF%D9%8A%D9%88-%D9%85%D9%88%D8%B4%D9%86-%D8%AC%D8%B1%D8%A7%D9%81%D9%8A%D9%83-%D8%A7%D8%AD%D8%AA%D8%B1%D8%A7%D9%81%D9%8A,5.0,40,42 دقيقة,42,0,$10.00,ثلاثة أيام,25,2,300.0,.Omran A,https://khamsat.com/user/adhum185,True,بائع مميز,5.0,40,93.46%,1,42,42 دقيقة
فيديو وأنيميشن,https://khamsat.com/video-design,موشن جرافيك,https://khamsat.com/video-design/motion-graphics,تصميم فيديو موشن احترافي بقياسات مختلفة,https://khamsat.com/video-design/motion-graphics/2689040-%D8%AA%D8%B5%D9%85%D9%8A%D9%85-%D9%81%D9%8A%D8%AF%D9%8A%D9%88-%D9%85%D9%88%D8%B4%D9%86-%D8%A7%D8%AD%D8%AA%D8%B1%D8%A7%D9%81%D9%8A-%D8%A8%D9%82%D9%8A%D8%A7%D8%B3%D8%A7%D8%AA-%D9%85%D8%AE%D8%AA%D9%84%D9%81%D8%A9,4.5,26,يومين,41,1,$15.00,يومين,25,5,265.0,.Mahmoud M,https://khamsat.com/user/mahmoud_gmeel,True,بائع مميز,4.5,38,100.0%,2,53,22 ساعة
فيديو وأنيميشن,https://khamsat.com/video-design,موشن جرافيك,https://khamsat.com/video-design/motion-graphics,تصميم فيديو موشن جرافيك احترافي,https://khamsat.com/video-design/motion-graphics/2844434-%D8%AA%D8%B5%D9%85%D9%8A%D9%85-%D9%81%D9%8A%D8%AF%D9%8A%D9%88-%D9%85%D9%88%D8%B4%D9%86-%D8%AC%D8%B1%D8%A7%D9%81%D9%8A%D9%83-%D8%A7%D8%AD%D8%AA%D8%B1%D8%A7%D9%81%D9%8A,5.0,18,ساعتين,21,0,$5.00,ثلاثة أيام,18,5,205.0,.Asmaa M,https://khamsat.com/user/asmaamohamed_1997,True,بائع نشيط,5.0,19,86.67%,2,21,ساعة
فيديو وأنيميشن,https://khamsat.com/video-design,موشن جرافيك,https://khamsat.com/video-design/motion-graphics,تصميم فيديو موشن جرافيك احترافى,https://khamsat.com/video-design/motion-graphics/1734177-%D8%AA%D8%B5%D9%85%D9%8A%D9%85-%D9%81%D9%8A%D8%AF%D9%8A%D9%88-%D9%85%D9%88%D8%B4%D9%86-%D8%AC%D8%B1%D8%A7%D9%81%D9%8A%D9%83-%D8%A7%D8%AD%D8%AA%D8%B1%D8%A7%D9%81%D9%89,5.0,87,30 دقيقة,104,2,$5.00,ثلاثة أيام,25,5,235.0,.Ahmed A,https://khamsat.com/user/ahmed_ali108049,True,بائع مميز,5.0,101,95.59%,5,111,45 دقيقة
فيديو وأنيميشن,https://khamsat.com/video-design,موشن جرافيك,https://khamsat.com/video-design/motion-graphics,موشن جرافيك إبداعي لتعزيز تواجدك الرقمي,https://khamsat.com/video-design/motion-graphics/2924177-%D9%85%D9%88%D8%B4%D9%86-%D8%AC%D8%B1%D8%A7%D9%81%D9%8A%D9%83-%D8%A5%D8%A8%D8%AF%D8%A7%D8%B9%D9%8A-%D9%84%D8%AA%D8%B9%D8%B2%D9%8A%D8%B2-%D8%AA%D9%88%D8%A7%D8%AC%D8%AF%D9%83-%D8%A7%D9%84%D8%B1%D9%82%D9%85%D9%8A,4.5,6,7 دقائق,7,0,$5.00,ثلاثة أيام,6,4,155.0,.Bilal M,https://khamsat.com/user/bilal442,True,بائع نشيط,4.5,6,100.0%,1,7,7 دقائق
فيديو وأنيميشن,https://khamsat.com/video-design,موشن جرافيك,https://khamsat.com/video-design/motion-graphics,فيديو موشن جرافيك إعلاني وبشكل مبسط ومفهوم,https://khamsat.com/video-design/motion-graphics/2392091-%D9%81%D9%8A%D8%AF%D9%8A%D9%88-%D9%85%D9%88%D8%B4%D9%86-%D8%AC%D8%B1%D8%A7%D9%81%D9%8A%D9%83-%D8%A5%D8%B9%D9%84%D8%A7%D9%86%D9%8A-%D9%88%D8%A8%D8%B4%D9%83%D9%84-%D9%85%D8%A8%D8%B3%D8%B7-%D9%88%D9%85%D9%81%D9%87%D9%88%D9%85,5.0,83,9 دقائق,113,0,$15.00,يوم واحد,25,5,195.0,محمد ح.,https://khamsat.com/user/moh34,True,بائع مميز,5.0,181,98.85%,2,216,29 دقيقة
فيديو وأنيميشن,https://khamsat.com/video-design,موشن جرافيك,https://khamsat.com/video-design/motion-graphics,فيديو موشن جرافيك احترافي وابداعي لشركتك او تطبيقك او موقعك,https://khamsat.com/video-design/motion-graphics/1308524-%D9%81%D9%8A%D8%AF%D9%8A%D9%88-%D9%85%D9%88%D8%B4%D9%86-%D8%AC%D8%B1%D8%A7%D9%81%D9%8A%D9%83-%D8%A7%D8%AD%D8%AA%D8%B1%D8%A7%D9%81%D9%8A-%D9%88%D8%A7%D8%A8%D8%AF%D8%A7%D8%B9%D9%8A-%D9%84%D8%B4%D8%B1%D9%83%D8%AA%D9%83-%D8%A7%D9%88-%D8%AA%D8%B7%D8%A8%D9%8A%D9%82%D9%83-%D8%A7%D9%88-%D9%85%D9%88%D9%82%D8%B9%D9%83,5.0,177,19 ساعة,189,0,$5.00,ثلاثة أيام,25,5,395.0,علاء الدين ص.,https://khamsat.com/user/alaa_almhamad,True,بائع مميز,5.0,177,96.26%,1,189,19 ساعة
فيديو وأنيميشن,https://khamsat.com/video-design,موشن جرافيك,https://khamsat.com/video-design/motion-graphics,تصميم موشن جرافيك Motion graphics احترافي,https://khamsat.com/video-design/motion-graphics/2778477-%D8%AA%D8%B5%D9%85%D9%8A%D9%85-%D9%85%D9%88%D8%B4%D9%86-%D8%AC%D8%B1%D8%A7%D9%81%D9%8A%D9%83-motion-graphics-%D8%A7%D8%AD%D8%AA%D8%B1%D8%A7%D9%81%D9%8A,4.5,33,25 دقيقة,47,0,$20.00,ثلاثة أيام,25,5,220.0,.Abd Elgayed R,https://khamsat.com/user/gedoram1941978,True,بائع مميز,4.5,47,95.7%,4,59,16 دقيقة
فيديو وأنيميشن,https://khamsat.com/video-design,موشن جرافيك,https://khamsat.com/video-design/motion-graphics,تصميم فيديو إبداعي لنشاطك التجاري موشن غرافيك,https://khamsat.com/video-design/motion-graphics/3018445-%D8%AA%D8%B5%D9%85%D9%8A%D9%85-%D9%81%D9%8A%D8%AF%D9%8A%D9%88-%D8%A5%D8%A8%D8%AF%D8%A7%D8%B9%D9%8A-%D9%84%D9%86%D8%B4%D8%A7%D8%B7%D9%83-%D8%A7%D9%84%D8%AA%D8%AC%D8%A7%D8%B1%D9%8A-%D9%85%D9%88%D8%B4%D9%86-%D8%BA%D8%B1%D8%A7%D9%81%D9%8A%D9%83,5.0,6,45 دقيقة,6,0,$5.00,يوم واحد,6,5,175.0,.Mohamad M,https://khamsat.com/user/mohamad_mohdur,True,بائع جديد,5.0,6,100.0%,3,6,45 دقيقة
فيديو وأنيميشن,https://khamsat.com/video-design,موشن جرافيك,https://khamsat.com/video-design/motion-graphics,تصميم فيديو موشن غرافيك إبداعي,https://khamsat.com/video-design/motion-graphics/2671826-%D8%AA%D8%B5%D9%85%D9%8A%D9%85-%D9%81%D9%8A%D8%AF%D9%8A%D9%88-%D9%85%D9%88%D8%B4%D9%86-%D8%BA%D8%B1%D8%A7%D9%81%D9%8A%D9%83-%D8%A5%D8%A8%D8%AF%D8%A7%D8%B9%D9%8A,5.0,31,34 دقيقة,41,0,$5.00,يوم واحد,25,5,180.0,.Alaa B,https://khamsat.com/user/alaa37111,True,بائع مميز,5.0,34,90.91%,2,44,ساعة
فيديو وأنيميشن,https://khamsat.com/video-design,موشن جرافيك,https://khamsat.com/video-design/motion-graphics,تصميم فيديو موشن جرافيك احترافي,https://khamsat.com/video-design/motion-graphics/2128164-%D8%AA%D8%B5%D9%85%D9%8A%D9%85-%D9%81%D9%8A%D8%AF%D9%8A%D9%88-%D9%85%D9%88%D8%B4%D9%86-%D8%AC%D8%B1%D8%A7%D9%81%D9%8A%D9%83-%D8%A7%D8%AD%D8%AA%D8%B1%D8%A7%D9%81%D9%8A,5.0,11,5 دقائق,13,0,$5.00,يوم واحد,11,4,190.0,.Mohamed B,https://khamsat.com/user/mohamedben27,True,بائع مميز,5.0,42,97.47%,2,49,ساعة
فيديو وأنيميشن,https://khamsat.com/video-design,موشن جرافيك,https://khamsat.com/video-design/motion-graphics,تصميم فيديو موشن جرافيك 2d احترافي,https://khamsat.com/video-design/motion-graphics/2207475-%D8%AA%D8%B5%D9%85%D9%8A%D9%85-%D9%81%D9%8A%D8%AF%D9%8A%D9%88-%D9%85%D9%88%D8%B4%D9%86-%D8%AC%D8%B1%D8%A7%D9%81%D9%8A%D9%83-2d-%D8%A7%D8%AD%D8%AA%D8%B1%D8%A7%D9%81%D9%8A,5.0,10,5 ساعات,12,1,$10.00,يومين,10,3,150.0,ياسين ك.,https://khamsat.com/user/yasin_kishko,True,بائع مميز,5.0,28,96.91%,5,34,ساعة
فيديو وأنيميشن,https://khamsat.com/video-design,موشن جرافيك,https://khamsat.com/video-design/motion-graphics,موشن جرافيك احترافي بسعر ممتاز,https://khamsat.com/video-design/motion-graphics/2878864-%D9%85%D9%88%D8%B4%D9%86-%D8%AC%D8%B1%D8%A7%D9%81%D9%8A%D9%83-%D8%A7%D8%AD%D8%AA%D8%B1%D8%A7%D9%81%D9%8A-%D8%A8%D8%B3%D8%B9%D8%B1-%D9%85%D9%85%D8%AA%D8%A7%D8%B2,5.0,18,10 ساعات,19,0,$5.00,أربعة أيام,18,4,150.0,.Mohamed Adnan A,https://khamsat.com/user/adnanalkattan1259,True,بائع مميز,5.0,18,93.24%,1,19,10 ساعات
فيديو وأنيميشن,https://khamsat.com/video-design,موشن جرافيك,https://khamsat.com/video-design/motion-graphics,صمم فيديو إعلاني احترافي على سناب شات,https://khamsat.com/video-design/motion-graphics/2760268-%D8%B5%D9%85%D9%85-%D9%81%D9%8A%D8%AF%D9%8A%D9%88-%D8%A5%D8%B9%D9%84%D8%A7%D9%86%D9%8A-%D8%A7%D8%AD%D8%AA%D8%B1%D8%A7%D9%81%D9%8A-%D8%B9%D9%84%D9%89-%D8%B3%D9%86%D8%A7%D8%A8-%D8%B4%D8%A7%D8%AA,5.0,11,7 دقائق,18,0,$5.00,يومين,11,4,125.0,.Mahmoud M,https://khamsat.com/user/mahmoud_gmeel,True,بائع مميز,4.5,38,100.0%,2,53,22 ساعة
فيديو وأنيميشن,https://khamsat.com/video-design,موشن جرافيك,https://khamsat.com/video-design/motion-graphics,فيديو موشن جرافيك احترافي جداََ ومميز للغاية,https://khamsat.com/video-design/motion-graphics/1972391-%D9%81%D9%8A%D8%AF%D9%8A%D9%88-%D9%85%D9%88%D8%B4%D9%86-%D8%AC%D8%B1%D8%A7%D9%81%D9%8A%D9%83-%D8%A7%D8%AD%D8%AA%D8%B1%D8%A7%D9%81%D9%8A-%D8%AC%D8%AF%D8%A7-%D9%88%D9%85%D9%85%D9%8A%D8%B2-%D9%84%D9%84%D8%BA%D8%A7%D9%8A%D8%A9,5.0,52,20 دقيقة,57,0,$25.00,أربعة أيام,25,3,500.0,رياض ا.,https://khamsat.com/user/ryad123,True,بائع موثوق,5.0,331,98.9%,7,296,10 دقائق
فيديو وأنيميشن,https://khamsat.com/video-design,تصميم صور GIF,https://khamsat.com/video-design/gif,تحريك صور Gif أو JSON أو Lottie باحترافية عالية,https://khamsat.com/video-design/gif/2678411-%D8%AA%D8%AD%D8%B1%D9%8A%D9%83-%D8%B5%D9%88%D8%B1-gif-%D8%A3%D9%88-json-%D8%A3%D9%88-lottie-%D8%A8%D8%A7%D8%AD%D8%AA%D8%B1%D8%A7%D9%81%D9%8A%D8%A9-%D8%B9%D8%A7%D9%84%D9%8A%D8%A9,5.0,7,55 دقيقة,8,0,$25.00,ثلاثة أيام,7,5,105.0,.Hamza A,https://khamsat.com/user/hamzaaed,True,بائع مميز,5.0,91,91.91%,8,104,3 ساعات
فيديو وأنيميشن,https://khamsat.com/video-design,تصميم صور GIF,https://khamsat.com/video-design/gif,تصميم فيديو إعلاني احترافي جذاب,https://khamsat.com/video-design/gif/2158101-%D8%AA%D8%B5%D9%85%D9%8A%D9%85-%D9%81%D9%8A%D8%AF%D9%8A%D9%88-%D8%A5%D8%B9%D9%84%D8%A7%D9%86%D9%8A-%D8%A7%D8%AD%D8%AA%D8%B1%D8%A7%D9%81%D9%8A-%D8%AC%D8%B0%D8%A7%D8%A8,5.0,4,56 دقيقة,4,0,$5.00,يوم واحد,4,3,20.0,.Nour H,https://khamsat.com/user/nourhany1,True,بائع نشيط,5.0,15,100.0%,3,20,31 دقيقة
فيديو وأنيميشن,https://khamsat.com/video-design,تصميم صور GIF,https://khamsat.com/video-design/gif,رسم وتصميم صور متحركة بصيغة gif لمختلف الأغراض صورة واحدة مع حركة متكررة لمدة 5 ثوان,https://khamsat.com/video-design/gif/829240-%D8%B1%D8%B3%D9%85-%D9%88%D8%AA%D8%B5%D9%85%D9%8A%D9%85-%D8%B5%D9%88%D8%B1-%D9%85%D8%AA%D8%AD%D8%B1%D9%83%D8%A9-%D8%A8%D8%B5%D9%8A%D8%BA%D8%A9-gif-%D9%84%D9%85%D8%AE%D8%AA%D9%84%D9%81-%D8%A7%D9%84%D8%A3%D8%BA%D8%B1%D8%A7%D8%B6-%D8%B5%D9%88%D8%B1%D8%A9-%D9%88%D8%A7%D8%AD%D8%AF%D8%A9-%D9%85%D8%B9-%D8%AD%D8%B1%D9%83%D8%A9-%D9%85%D8%AA%D9%83%D8%B1%D8%B1%D8%A9-%D9%84%D9%85%D8%AF%D8%A9-5-%D8%AB%D9%88%D8%A7%D9%86,5.0,11,ساعة,15,0,$10.00,ثلاثة أيام,11,5,60.0,.Ayman A,https://khamsat.com/user/ayman,True,بائع مميز,5.0,149,95.66%,5,176,9 ساعات
فيديو وأنيميشن,https://khamsat.com/video-design,تصميم صور GIF,https://khamsat.com/video-design/gif,تصميم الصور المتحركة GiF,https://khamsat.com/video-design/gif/1454103-%D8%AA%D8%B5%D9%85%D9%8A%D9%85-%D8%A7%D9%84%D8%B5%D9%88%D8%B1-%D8%A7%D9%84%D9%85%D8%AA%D8%AD%D8%B1%D9%83%D8%A9-gif,5.0,7,44 دقيقة,10,0,$5.00,يوم واحد,7,3,45.0,.Mahmoud M,https://khamsat.com/user/mahmoud_mahdy,True,بائع نشيط,5.0,15,92.31%,2,19,7 ساعات
فيديو وأنيميشن,https://khamsat.com/video-design,تصميم صور GIF,https://khamsat.com/video-design/gif,سأجعل صورتك أو صورة حيوانك الأليف أو أي صورة تتكلم بإحترافية,https://khamsat.com/video-design/gif/2017548-%D8%B3%D8%A3%D8%AC%D8%B9%D9%84-%D8%B5%D9%88%D8%B1%D8%AA%D9%83-%D8%A3%D9%88-%D8%B5%D9%88%D8%B1%D8%A9-%D8%AD%D9%8A%D9%88%D8%A7%D9%86%D9%83-%D8%A7%D9%84%D8%A3%D9%84%D9%8A%D9%81-%D8%A3%D9%88-%D8%A3%D9%8A-%D8%B5%D9%88%D8%B1%D8%A9-%D8%AA%D8%AA%D9%83%D9%84%D9%85-%D8%A8%D8%A5%D8%AD%D8%AA%D8%B1%D8%A7%D9%81%D9%8A%D8%A9,5.0,3,ساعة,3,0,$5.00,يوم واحد,3,3,15.0,.Idrisse A,https://khamsat.com/user/idrisse-aribi,True,بائع مميز,4.5,65,94.68%,4,76,16 ساعة
فيديو وأنيميشن,https://khamsat.com/video-design,تصميم صور GIF,https://khamsat.com/video-design/gif,تصميم صور متحركة مميزة بصيغة GIF,https://khamsat.com/video-design/gif/3032815-%D8%AA%D8%B5%D9%85%D9%8A%D9%85-%D8%B5%D9%88%D8%B1-%D9%85%D8%AA%D8%AD%D8%B1%D9%83%D8%A9-%D9%85%D9%85%D9%8A%D8%B2%D8%A9-%D8%A8%D8%B5%D9%8A%D8%BA%D8%A9-gif,0.0,0,لم يحسب,0,0,$10.00,يومين,0,5,85.0,.Esraa A,https://khamsat.com/user/eb_55555,False,بائع جديد,0.0,0,لم يحسب بعد,1,0,لم يحسب
فيديو وأنيميشن,https://khamsat.com/video-design,تصميم صور GIF,https://khamsat.com/video-design/gif,رسم وتحريك شخصية كرتونية لمدة,https://khamsat.com/video-design/gif/1636401-%D8%B1%D8%B3%D9%85-%D9%88%D8%AA%D8%AD%D8%B1%D9%8A%D9%83-%D8%B4%D8%AE%D8%B5%D9%8A%D8%A9-%D9%83%D8%B1%D8%AA%D9%88%D9%86%D9%8A%D8%A9-%D9%84%D9%85%D8%AF%D8%A9,0.0,0,لم يحسب,0,0,$5.00,يوم واحد,0,5,85.0,Al Zahraa Shehab ا.,https://khamsat.com/user/alzahraashehab,False,بائع جديد,0.0,1,0.0%,1,0,4 ساعات
فيديو وأنيميشن,https://khamsat.com/video-design,تصميم صور GIF,https://khamsat.com/video-design/gif,تصميم الصور المتحركة GIF باحترافية عالية جدا,https://khamsat.com/video-design/gif/2920596-%D8%AA%D8%B5%D9%85%D9%8A%D9%85-%D8%A7%D9%84%D8%B5%D9%88%D8%B1-%D8%A7%D9%84%D9%85%D8%AA%D8%AD%D8%B1%D9%83%D8%A9-gif-%D8%A8%D8%A7%D8%AD%D8%AA%D8%B1%D8%A7%D9%81%D9%8A%D8%A9-%D8%B9%D8%A7%D9%84%D9%8A%D8%A9-%D8%AC%D8%AF%D8%A7,0.0,0,لم يحسب,0,0,$5.00,يوم واحد,0,4,60.0,.Mohamed A,https://khamsat.com/user/mohamed_motiongrapha,True,مشتري جديد,0.0,0,لم يحسب بعد,2,0,لم يحسب
فيديو وأنيميشن,https://khamsat.com/video-design,تصميم صور GIF,https://khamsat.com/video-design/gif,تصميم ملصقات متحركة لشخصية كرتونية جاهزة,https://khamsat.com/video-design/gif/3013023-%D8%AA%D8%B5%D9%85%D9%8A%D9%85-%D9%85%D9%84%D8%B5%D9%82%D8%A7%D8%AA-%D9%85%D8%AA%D8%AD%D8%B1%D9%83%D8%A9-%D9%84%D8%B4%D8%AE%D8%B5%D9%8A%D8%A9-%D9%83%D8%B1%D8%AA%D9%88%D9%86%D9%8A%D8%A9-%D8%AC%D8%A7%D9%87%D8%B2%D8%A9,0.0,0,لم يحسب,0,0,$10.00,ثلاثة أيام,0,2,10.0,.Mohamed H,https://khamsat.com/user/mohamed_khaled_noor,True,بائع جديد,5.0,1,100.0%,2,1,14 دقيقة
فيديو وأنيميشن,https://khamsat.com/video-design,تصميم صور GIF,https://khamsat.com/video-design/gif,15 أيقونة متحركة بصيغة gif,https://khamsat.com/video-design/gif/1889936-15-%D8%A3%D9%8A%D9%82%D9%88%D9%86%D8%A9-%D9%85%D8%AA%D8%AD%D8%B1%D9%83%D8%A9-%D8%A8%D8%B5%D9%8A%D8%BA%D8%A9-gif,0.0,0,21 ساعة,0,0,$5.00,يوم واحد,0,1,45.0,محمد ي.,https://khamsat.com/user/%D9%84%D9%85%D8%B3%D9%87,True,بائع مميز,5.0,32,88.95%,6,34,يومين
فيديو وأنيميشن,https://khamsat.com/video-design,تصميم صور GIF,https://khamsat.com/video-design/gif,انشاء جولات افتراضية صور ثلاثية الابعاد بتقنية عرض 360 درجة,https://khamsat.com/video-design/gif/2333103-%D8%A7%D9%86%D8%B4%D8%A7%D8%A1-%D8%AC%D9%88%D9%84%D8%A7%D8%AA-%D8%A7%D9%81%D8%AA%D8%B1%D8%A7%D8%B6%D9%8A%D8%A9-%D8%B5%D9%88%D8%B1-%D8%AB%D9%84%D8%A7%D8%AB%D9%8A%D8%A9-%D8%A7%D9%84%D8%A7%D8%A8%D8%B9%D8%A7%D8%AF-%D8%A8%D8%AA%D9%82%D9%86%D9%8A%D8%A9-%D8%B9%D8%B1%D8%B6-360-%D8%AF%D8%B1%D8%AC%D8%A9,0.0,0,5 ساعات,0,0,$10.00,يومين,0,0,0.0,باسم م.,https://khamsat.com/user/mrbesooo,True,بائع مميز,5.0,36,97.18%,5,45,ساعة
فيديو وأنيميشن,https://khamsat.com/video-design,تصميم صور GIF,https://khamsat.com/video-design/gif,تصميم صورة مصغره لليوتيوب لجلب المشاهدين,https://khamsat.com/video-design/gif/3044956-%D8%AA%D8%B5%D9%85%D9%8A%D9%85-%D8%B5%D9%88%D8%B1%D8%A9-%D9%85%D8%B5%D8%BA%D8%B1%D9%87-%D9%84%D9%84%D9%8A%D9%88%D8%AA%D9%8A%D9%88%D8%A8-%D9%84%D8%AC%D9%84%D8%A8-%D8%A7%D9%84%D9%85%D8%B4%D8%A7%D9%87%D8%AF%D9%8A%D9%86,0.0,0,لم يحسب,0,0,$5.00,يوم واحد,0,0,0.0,.Pmn E,https://khamsat.com/user/farhad56s,False,بائع جديد,0.0,0,لم يحسب بعد,1,0,لم يحسب
فيديو وأنيميشن,https://khamsat.com/video-design,تصميم صور GIF,https://khamsat.com/video-design/gif,تحريك المجسمات أو الشخصيات 3 دي,https://khamsat.com/video-design/gif/1651409-%D8%AA%D8%AD%D8%B1%D9%8A%D9%83-%D8%A7%D9%84%D9%85%D8%AC%D8%B3%D9%85%D8%A7%D8%AA-%D8%A3%D9%88-%D8%A7%D9%84%D8%B4%D8%AE%D8%B5%D9%8A%D8%A7%D8%AA-3-%D8%AF%D9%8A,0.0,0,3 ساعات,0,0,$5.00,خمسة أيام,0,3,45.0,.Ahmed S,https://khamsat.com/user/hmedo_sebgagui,True,بائع نشيط,5.0,9,91.89%,5,13,ساعة
فيديو وأنيميشن,https://khamsat.com/video-design,تصميم صور GIF,https://khamsat.com/video-design/gif,دعوه زفاف انيمشن رسوم متحركة بوصف قصير لقصه الزوجين معا,https://khamsat.com/video-design/gif/2381578-%D8%AF%D8%B9%D9%88%D9%87-%D8%B2%D9%81%D8%A7%D9%81-%D8%A7%D9%86%D9%8A%D9%85%D8%B4%D9%86-%D8%B1%D8%B3%D9%88%D9%85-%D9%85%D8%AA%D8%AD%D8%B1%D9%83%D8%A9-%D8%A8%D9%88%D8%B5%D9%81-%D9%82%D8%B5%D9%8A%D8%B1-%D9%84%D9%82%D8%B5%D9%87-%D8%A7%D9%84%D8%B2%D9%88%D8%AC%D9%8A%D9%86-%D9%85%D8%B9%D8%A7,0.0,0,لم يحسب,0,0,$10.00,خمسة أيام,0,1,15.0,.Eman A,https://khamsat.com/user/emanwaly,True,بائع جديد,5.0,1,100.0%,4,2,12 ساعة
فيديو وأنيميشن,https://khamsat.com/video-design,تصميم صور GIF,https://khamsat.com/video-design/gif,رسم و تصميم ستوري بورد storyboard للفيديو و الموشن جرافيك,https://khamsat.com/video-design/gif/2461972-%D8%B1%D8%B3%D9%85-%D9%88-%D8%AA%D8%B5%D9%85%D9%8A%D9%85-%D8%B3%D8%AA%D9%88%D8%B1%D9%8A-%D8%A8%D9%88%D8%B1%D8%AF-storyboard-%D9%84%D9%84%D9%81%D9%8A%D8%AF%D9%8A%D9%88-%D9%88-%D8%A7%D9%84%D9%85%D9%88%D8%B4%D9%86-%D8%AC%D8%B1%D8%A7%D9%81%D9%8A%D9%83,0.0,0,23 ساعة,0,0,$10.00,يومين,0,5,95.0,.Mohamed E,https://khamsat.com/user/mohamed_essam_abbas,True,بائع جديد,0.0,0,0.0%,4,0,يوم
فيديو وأنيميشن,https://khamsat.com/video-design,تصميم صور GIF,https://khamsat.com/video-design/gif,رسم شخصيات ووجوه باحترافيه بقلم الرصاص والفحم,https://khamsat.com/video-design/gif/2989952-%D8%B1%D8%B3%D9%85-%D8%B4%D8%AE%D8%B5%D9%8A%D8%A7%D8%AA-%D9%88%D9%88%D8%AC%D9%88%D9%87-%D8%A8%D8%A7%D8%AD%D8%AA%D8%B1%D8%A7%D9%81%D9%8A%D9%87-%D8%A8%D9%82%D9%84%D9%85-%D8%A7%D9%84%D8%B1%D8%B5%D8%A7%D8%B5-%D9%88%D8%A7%D9%84%D9%81%D8%AD%D9%85,0.0,0,لم يحسب,0,0,$10.00,أربعة أيام,0,0,0.0,آلاء ح.,https://khamsat.com/user/hadeel_yousef12,False,بائع جديد,0.0,0,لم يحسب بعد,1,0,لم يحسب
فيديو وأنيميشن,https://khamsat.com/video-design,تصميم صور GIF,https://khamsat.com/video-design/gif,صنع فيديو الانميشن بي احتراف,https://khamsat.com/video-design/gif/2529692-%D8%B5%D9%86%D8%B9-%D9%81%D9%8A%D8%AF%D9%8A%D9%88-%D8%A7%D9%84%D8%A7%D9%86%D9%85%D9%8A%D8%B4%D9%86-%D8%A8%D9%8A-%D8%A7%D8%AD%D8%AA%D8%B1%D8%A7%D9%81,0.0,0,لم يحسب,0,0,$5.00,يومين,0,5,255.0,محمد ا.,https://khamsat.com/user/mogogo123,False,بائع جديد,0.0,0,لم يحسب بعد,5,0,يوم
فيديو وأنيميشن,https://khamsat.com/video-design,تصميم صور GIF,https://khamsat.com/video-design/gif,انشاء فيديو رسوم متحركة للاطفال 2D,https://khamsat.com/video-design/gif/2431594-%D8%A7%D9%86%D8%B4%D8%A7%D8%A1-%D9%81%D9%8A%D8%AF%D9%8A%D9%88-%D8%B1%D8%B3%D9%88%D9%85-%D9%85%D8%AA%D8%AD%D8%B1%D9%83%D8%A9-%D9%84%D9%84%D8%A7%D8%B7%D9%81%D8%A7%D9%84-2d,0.0,0,لم يحسب,0,0,$10.00,يومين,0,2,40.0,عمر ح.,https://khamsat.com/user/omar_hags,True,بائع جديد,0.0,0,لم يحسب بعد,3,0,لم يحسب
فيديو وأنيميشن,https://khamsat.com/video-design,تصميم صور GIF,https://khamsat.com/video-design/gif,تصميم فيديوات كرتون قصيرة -رسوم متحركة-,https://khamsat.com/video-design/gif/2536178-%D8%AA%D8%B5%D9%85%D9%8A%D9%85-%D9%81%D9%8A%D8%AF%D9%8A%D9%88%D8%A7%D8%AA-%D9%83%D8%B1%D8%AA%D9%88%D9%86-%D9%82%D8%B5%D9%8A%D8%B1%D8%A9-%D8%B1%D8%B3%D9%88%D9%85-%D9%85%D8%AA%D8%AD%D8%B1%D9%83%D8%A9,0.0,0,لم يحسب,0,0,$10.00,يومين,0,0,0.0,.D One M,https://khamsat.com/user/muss_28,False,بائع جديد,0.0,0,لم يحسب بعد,1,0,لم يحسب
فيديو وأنيميشن,https://khamsat.com/video-design,تصميم صور GIF,https://khamsat.com/video-design/gif,تصميم الصور المتحركة بصيغة GIF لمشروعك,https://khamsat.com/video-design/gif/3018963-%D8%AA%D8%B5%D9%85%D9%8A%D9%85-%D8%A7%D9%84%D8%B5%D9%88%D8%B1-%D8%A7%D9%84%D9%85%D8%AA%D8%AD%D8%B1%D9%83%D8%A9-%D8%A8%D8%B5%D9%8A%D8%BA%D8%A9-gif-%D9%84%D9%85%D8%B4%D8%B1%D9%88%D8%B9%D9%83,0.0,0,لم يحسب,0,0,$10.00,خمسة أيام,0,3,65.0,.Radwan F,https://khamsat.com/user/rfathy,True,مشتري مميز,0.0,0,لم يحسب بعد,2,0,لم يحسب
فيديو وأنيميشن,https://khamsat.com/video-design,تصميم صور GIF,https://khamsat.com/video-design/gif,تصميم الصور المتحركة الاحترافية بصيغة GIF,https://khamsat.com/video-design/gif/2023049-%D8%AA%D8%B5%D9%85%D9%8A%D9%85-%D8%A7%D9%84%D8%B5%D9%88%D8%B1-%D8%A7%D9%84%D9%85%D8%AA%D8%AD%D8%B1%D9%83%D8%A9-%D8%A7%D9%84%D8%A7%D8%AD%D8%AA%D8%B1%D8%A7%D9%81%D9%8A%D8%A9-%D8%A8%D8%B5%D9%8A%D8%BA%D8%A9-gif,5.0,7,4 أيام,9,0,$5.00,يوم واحد,7,1,5.0,.Abdulrahman E,https://khamsat.com/user/boody-group,True,بائع مميز,4.5,173,85.82%,4,193,يوم
فيديو وأنيميشن,https://khamsat.com/video-design,تصميم صور GIF,https://khamsat.com/video-design/gif,فيديو احترافى للشركات ومكاتب الاستقدام,https://khamsat.com/video-design/gif/2438831-%D9%81%D9%8A%D8%AF%D9%8A%D9%88-%D8%A7%D8%AD%D8%AA%D8%B1%D8%A7%D9%81%D9%89-%D9%84%D9%84%D8%B4%D8%B1%D9%83%D8%A7%D8%AA-%D9%88%D9%85%D9%83%D8%A7%D8%AA%D8%A8-%D8%A7%D9%84%D8%A7%D8%B3%D8%AA%D9%82%D8%AF%D8%A7%D9%85,0.0,0,لم يحسب,0,0,$10.00,يوم واحد,0,4,40.0,.Marco A,https://khamsat.com/user/alwanatkidsacademy,True,بائع نشيط,5.0,6,100.0%,3,7,4 أيام
فيديو وأنيميشن,https://khamsat.com/video-design,تصميم صور GIF,https://khamsat.com/video-design/gif,تحويل الصورة الثابتة لفيديو متحرك,https://khamsat.com/video-design/gif/2387731-%D8%AA%D8%AD%D9%88%D9%8A%D9%84-%D8%A7%D9%84%D8%B5%D9%88%D8%B1%D8%A9-%D8%A7%D9%84%D8%AB%D8%A7%D8%A8%D8%AA%D8%A9-%D9%84%D9%81%D9%8A%D8%AF%D9%8A%D9%88-%D9%85%D8%AA%D8%AD%D8%B1%D9%83,5.0,2,21 دقيقة,3,0,$5.00,يوم واحد,2,0,0.0,.Mohammed A,https://khamsat.com/user/mohamme_alali,True,بائع مميز,4.5,160,97.09%,15,177,ساعتين
فيديو وأنيميشن,https://khamsat.com/video-design,تصميم صور GIF,https://khamsat.com/video-design/gif,تحريك أي جزء من صوره باستخدام برنامج الفوتوشوب والافتر أفكت,https://khamsat.com/video-design/gif/2451667-%D8%AA%D8%AD%D8%B1%D9%8A%D9%83-%D8%A3%D9%8A-%D8%AC%D8%B2%D8%A1-%D9%85%D9%86-%D8%B5%D9%88%D8%B1%D9%87-%D8%A8%D8%A7%D8%B3%D8%AA%D8%AE%D8%AF%D8%A7%D9%85-%D8%A8%D8%B1%D9%86%D8%A7%D9%85%D8%AC-%D8%A7%D9%84%D9%81%D9%88%D8%AA%D9%88%D8%B4%D9%88%D8%A8-%D9%88%D8%A7%D9%84%D8%A7%D9%81%D8%AA%D8%B1-%D8%A3%D9%81%D9%83%D8%AA,5.0,1,دقيقة,1,0,$5.00,يوم واحد,1,2,70.0,ليلى ا.,https://khamsat.com/user/%D8%AB%D8%B1%D9%8A%D8%A7-%D8%A7%D9%84%D8%AD%D9%85%D8%A7%D9%8A%D8%AF%D8%A9,True,مشتري VIP,4.5,195,97.04%,24,247,ساعتين
فيديو وأنيميشن,https://khamsat.com/video-design,رسوم متحركة للأطفال,https://khamsat.com/video-design/animation-for-kids,حرك صور قصتك او كتاباتك او روايتك وحولها كيفما تريد,https://khamsat.com/video-design/animation-for-kids/1356554-%D8%AD%D8%B1%D9%83-%D8%B5%D9%88%D8%B1-%D9%82%D8%B5%D8%AA%D9%83-%D8%A7%D9%88-%D9%83%D8%AA%D8%A7%D8%A8%D8%A7%D8%AA%D9%83-%D8%A7%D9%88-%D8%B1%D9%88%D8%A7%D9%8A%D8%AA%D9%83-%D9%88%D8%AD%D9%88%D9%84%D9%87%D8%A7-%D9%83%D9%8A%D9%81%D9%85%D8%A7-%D8%AA%D8%B1%D9%8A%D8%AF,5.0,5,ساعتين,7,0,$50.00,ثلاثة أيام,5,1,200.0,.Naser K,https://khamsat.com/user/marahah,True,بائع مميز,4.5,46,95.39%,12,45,5 ساعات
فيديو وأنيميشن,https://khamsat.com/video-design,رسوم متحركة للأطفال,https://khamsat.com/video-design/animation-for-kids,فيديو قصص كرتون مصورة للاطفال 3D,https://khamsat.com/video-design/animation-for-kids/2901051-%D9%81%D9%8A%D8%AF%D9%8A%D9%88-%D9%82%D8%B5%D8%B5-%D9%83%D8%B1%D8%AA%D9%88%D9%86-%D9%85%D8%B5%D9%88%D8%B1%D8%A9-%D9%84%D9%84%D8%A7%D8%B7%D9%81%D8%A7%D9%84-3d,4.0,2,ساعة,4,0,$10.00,يومين,2,4,65.0,مينا ا.,https://khamsat.com/user/mena_alfy91,True,بائع نشيط,5.0,8,100.0%,9,15,38 دقيقة
فيديو وأنيميشن,https://khamsat.com/video-design,رسوم متحركة للأطفال,https://khamsat.com/video-design/animation-for-kids,فيديو قصص قصيرة للاطفال 2D,https://khamsat.com/video-design/animation-for-kids/1910330-%D9%81%D9%8A%D8%AF%D9%8A%D9%88-%D9%82%D8%B5%D8%B5-%D9%82%D8%B5%D9%8A%D8%B1%D8%A9-%D9%84%D9%84%D8%A7%D8%B7%D9%81%D8%A7%D9%84-2d,5.0,12,ساعة,12,0,$5.00,يومين,12,1,5.0,رهام ع.,https://khamsat.com/user/reham1250,True,بائع نشيط,5.0,15,90.24%,9,18,ساعة
فيديو وأنيميشن,https://khamsat.com/video-design,رسوم متحركة للأطفال,https://khamsat.com/video-design/animation-for-kids,انشاء فيديوهات رسوم متحركة بالذكاء الاصطناعي,https://khamsat.com/video-design/animation-for-kids/2808957-%D8%A7%D9%86%D8%B4%D8%A7%D8%A1-%D9%81%D9%8A%D8%AF%D9%8A%D9%88%D9%87%D8%A7%D8%AA-%D8%B1%D8%B3%D9%88%D9%85-%D9%85%D8%AA%D8%AD%D8%B1%D9%83%D8%A9-%D8%A8%D8%A7%D9%84%D8%B0%D9%83%D8%A7%D8%A1-%D8%A7%D9%84%D8%A7%D8%B5%D8%B7%D9%86%D8%A7%D8%B9%D9%8A,4.5,3,12 دقيقة,3,0,$10.00,يومين,3,3,80.0,.Ahmed M,https://khamsat.com/user/ahmed_mostafa1412,True,بائع مميز,4.5,36,99.17%,6,39,4 ساعات
فيديو وأنيميشن,https://khamsat.com/video-design,رسوم متحركة للأطفال,https://khamsat.com/video-design/animation-for-kids,تصميم فيديو قصة للاطفال,https://khamsat.com/video-design/animation-for-kids/2289492-%D8%AA%D8%B5%D9%85%D9%8A%D9%85-%D9%81%D9%8A%D8%AF%D9%8A%D9%88-%D9%82%D8%B5%D8%A9-%D9%84%D9%84%D8%A7%D8%B7%D9%81%D8%A7%D9%84,5.0,15,ساعتين,17,0,$5.00,يومين,15,5,55.0,منة الله م.,https://khamsat.com/user/mennaallah_m,True,بائع نشيط,5.0,18,97.87%,5,19,ساعة
فيديو وأنيميشن,https://khamsat.com/video-design,رسوم متحركة للأطفال,https://khamsat.com/video-design/animation-for-kids,رسوم متحركة 2d,https://khamsat.com/video-design/animation-for-kids/2866421-%D8%B1%D8%B3%D9%88%D9%85-%D9%85%D8%AA%D8%AD%D8%B1%D9%83%D8%A9-2d,5.0,1,27 دقيقة,1,0,$50.00,خمسة أيام,1,5,240.0,.Ayat W,https://khamsat.com/user/teacherpen315,True,بائع مميز,5.0,28,84.29%,10,27,ساعة
فيديو وأنيميشن,https://khamsat.com/video-design,رسوم متحركة للأطفال,https://khamsat.com/video-design/animation-for-kids,رسم او تحريك رسوم كرتونيه,https://khamsat.com/video-design/animation-for-kids/1093114-%D8%B1%D8%B3%D9%85-%D8%A7%D9%88-%D8%AA%D8%AD%D8%B1%D9%8A%D9%83-%D8%B1%D8%B3%D9%88%D9%85-%D9%83%D8%B1%D8%AA%D9%88%D9%86%D9%8A%D9%87,5.0,3,17 ساعة,2,0,$50.00,أربعة أيام,3,1,50.0,.Walaa S,https://khamsat.com/user/walaa-shaker,True,بائع مميز,4.5,37,79.22%,6,24,يوم
فيديو وأنيميشن,https://khamsat.com/video-design,رسوم متحركة للأطفال,https://khamsat.com/video-design/animation-for-kids,تصميم قصة خاصة للأطفال طفلك هو بطل القصة,https://khamsat.com/video-design/animation-for-kids/2843869-%D8%AA%D8%B5%D9%85%D9%8A%D9%85-%D9%82%D8%B5%D8%A9-%D8%AE%D8%A7%D8%B5%D8%A9-%D9%84%D9%84%D8%A3%D8%B7%D9%81%D8%A7%D9%84-%D8%B7%D9%81%D9%84%D9%83-%D9%87%D9%88-%D8%A8%D8%B7%D9%84-%D8%A7%D9%84%D9%82%D8%B5%D8%A9,5.0,1,يوم,1,0,$10.00,أربعة أيام,1,0,0.0,عائشة م.,https://khamsat.com/user/aisha_moq,True,بائع جديد,5.0,1,100.0%,1,1,يوم
فيديو وأنيميشن,https://khamsat.com/video-design,رسوم متحركة للأطفال,https://khamsat.com/video-design/animation-for-kids,تصميم فيديو كارتوني 3D بشخصية متكلمة,https://khamsat.com/video-design/animation-for-kids/2971970-%D8%AA%D8%B5%D9%85%D9%8A%D9%85-%D9%81%D9%8A%D8%AF%D9%8A%D9%88-%D9%83%D8%A7%D8%B1%D8%AA%D9%88%D9%86%D9%8A-3d-%D8%A8%D8%B4%D8%AE%D8%B5%D9%8A%D8%A9-%D9%85%D8%AA%D9%83%D9%84%D9%85%D8%A9,0.0,0,لم يحسب,0,0,$10.00,يوم واحد,0,2,10.0,.Hassan A,https://khamsat.com/user/hassanalikhamis,True,بائع جديد,0.0,0,لم يحسب بعد,2,0,لم يحسب
فيديو وأنيميشن,https://khamsat.com/video-design,رسوم متحركة للأطفال,https://khamsat.com/video-design/animation-for-kids,صناعة رسوم متحركة للاطفال انميشن,https://khamsat.com/video-design/animation-for-kids/3028021-%D8%B5%D9%86%D8%A7%D8%B9%D8%A9-%D8%B1%D8%B3%D9%88%D9%85-%D9%85%D8%AA%D8%AD%D8%B1%D9%83%D8%A9-%D9%84%D9%84%D8%A7%D8%B7%D9%81%D8%A7%D9%84-%D8%A7%D9%86%D9%85%D9%8A%D8%B4%D9%86,0.0,0,لم يحسب,0,0,$5.00,يومين,0,2,80.0,.Amani A,https://khamsat.com/user/saru,True,بائع جديد,0.0,0,لم يحسب بعد,3,0,يومين
فيديو وأنيميشن,https://khamsat.com/video-design,رسوم متحركة للأطفال,https://khamsat.com/video-design/animation-for-kids,صناعة افلام ثلاثية الابعاد وتحويل رؤيتك إلى واقع,https://khamsat.com/video-design/animation-for-kids/3046793-%D8%B5%D9%86%D8%A7%D8%B9%D8%A9-%D8%A7%D9%81%D9%84%D8%A7%D9%85-%D8%AB%D9%84%D8%A7%D8%AB%D9%8A%D8%A9-%D8%A7%D9%84%D8%A7%D8%A8%D8%B9%D8%A7%D8%AF-%D9%88%D8%AA%D8%AD%D9%88%D9%8A%D9%84-%D8%B1%D8%A4%D9%8A%D8%AA%D9%83-%D8%A5%D9%84%D9%89-%D9%88%D8%A7%D9%82%D8%B9,0.0,0,لم يحسب,0,0,$5.00,ثلاثة أيام,0,0,0.0,هيثم م.,https://khamsat.com/user/haythammalek_1974,False,بائع جديد,0.0,0,لم يحسب بعد,1,0,لم يحسب
فيديو وأنيميشن,https://khamsat.com/video-design,رسوم متحركة للأطفال,https://khamsat.com/video-design/animation-for-kids,قصص قصيرة تعليمية للأطفال و للكل,https://khamsat.com/video-design/animation-for-kids/3025129-%D9%82%D8%B5%D8%B5-%D9%82%D8%B5%D9%8A%D8%B1%D8%A9-%D8%AA%D8%B9%D9%84%D9%8A%D9%85%D9%8A%D8%A9-%D9%84%D9%84%D8%A3%D8%B7%D9%81%D8%A7%D9%84-%D9%88-%D9%84%D9%84%D9%83%D9%84,0.0,0,لم يحسب,0,0,$5.00,يوم واحد,0,0,0.0,.Aya M,https://khamsat.com/user/liilistars,True,بائع جديد,0.0,0,لم يحسب بعد,1,0,لم يحسب
فيديو وأنيميشن,https://khamsat.com/video-design,رسوم متحركة للأطفال,https://khamsat.com/video-design/animation-for-kids,أنا أقوم بصناعة الرسوم المتحركة,https://khamsat.com/video-design/animation-for-kids/2913294-%D8%A3%D9%86%D8%A7-%D8%A3%D9%82%D9%88%D9%85-%D8%A8%D8%B5%D9%86%D8%A7%D8%B9%D8%A9-%D8%A7%D9%84%D8%B1%D8%B3%D9%88%D9%85-%D8%A7%D9%84%D9%85%D8%AA%D8%AD%D8%B1%D9%83%D8%A9,0.0,0,لم يحسب,0,0,$10.00,يوم واحد,0,0,0.0,.Abdalrhman S,https://khamsat.com/user/abdalrhmansaad531,False,بائع جديد,0.0,0,لم يحسب بعد,1,0,لم يحسب
فيديو وأنيميشن,https://khamsat.com/video-design,رسوم متحركة للأطفال,https://khamsat.com/video-design/animation-for-kids,عمل رسوم متحركة ثلاثية الابعاد3d animation,https://khamsat.com/video-design/animation-for-kids/3028029-%D8%B9%D9%85%D9%84-%D8%B1%D8%B3%D9%88%D9%85-%D9%85%D8%AA%D8%AD%D8%B1%D9%83%D8%A9-%D8%AB%D9%84%D8%A7%D8%AB%D9%8A%D8%A9-%D8%A7%D9%84%D8%A7%D8%A8%D8%B9%D8%A7%D8%AF3d-animation,0.0,0,لم يحسب,0,0,$10.00,يومين,0,3,100.0,.Amani A,https://khamsat.com/user/saru,True,بائع جديد,0.0,0,لم يحسب بعد,3,0,يومين
فيديو وأنيميشن,https://khamsat.com/video-design,رسوم متحركة للأطفال,https://khamsat.com/video-design/animation-for-kids,رسم شخصيات ورسم قصص أطفال,https://khamsat.com/video-design/animation-for-kids/3030045-%D8%B1%D8%B3%D9%85-%D8%B4%D8%AE%D8%B5%D9%8A%D8%A7%D8%AA-%D9%88%D8%B1%D8%B3%D9%85-%D9%82%D8%B5%D8%B5-%D8%A3%D8%B7%D9%81%D8%A7%D9%84,0.0,0,لم يحسب,0,0,$10.00,أربعة أيام,0,3,155.0,نسيبة ج.,https://khamsat.com/user/nosaiba_gebril,False,بائع جديد,0.0,0,لم يحسب بعد,1,0,لم يحسب
فيديو وأنيميشن,https://khamsat.com/video-design,رسوم متحركة للأطفال,https://khamsat.com/video-design/animation-for-kids,خدمة إنشاء فيديوهات رسوم متحركة بالذكاء الاصطناعي,https://khamsat.com/video-design/animation-for-kids/2979586-%D8%AE%D8%AF%D9%85%D8%A9-%D8%A5%D9%86%D8%B4%D8%A7%D8%A1-%D9%81%D9%8A%D8%AF%D9%8A%D9%88%D9%87%D8%A7%D8%AA-%D8%B1%D8%B3%D9%88%D9%85-%D9%85%D8%AA%D8%AD%D8%B1%D9%83%D8%A9-%D8%A8%D8%A7%D9%84%D8%B0%D9%83%D8%A7%D8%A1-%D8%A7%D9%84%D8%A7%D8%B5%D8%B7%D9%86%D8%A7%D8%B9%D9%8A,0.0,0,لم يحسب,0,0,$10.00,ثلاثة أيام,0,1,10.0,.Hesham A,https://khamsat.com/user/hesham-abdelkader,True,بائع نشيط,5.0,14,96.3%,5,16,يوم
فيديو وأنيميشن,https://khamsat.com/video-design,رسوم متحركة للأطفال,https://khamsat.com/video-design/animation-for-kids,تصميم فيلم كرتون رسوم متحركة بشكل مبدع وإحترافي,https://khamsat.com/video-design/animation-for-kids/2871023-%D8%AA%D8%B5%D9%85%D9%8A%D9%85-%D9%81%D9%8A%D9%84%D9%85-%D9%83%D8%B1%D8%AA%D9%88%D9%86-%D8%B1%D8%B3%D9%88%D9%85-%D9%85%D8%AA%D8%AD%D8%B1%D9%83%D8%A9-%D8%A8%D8%B4%D9%83%D9%84-%D9%85%D8%A8%D8%AF%D8%B9-%D9%88%D8%A5%D8%AD%D8%AA%D8%B1%D8%A7%D9%81%D9%8A,0.0,0,لم يحسب,0,0,$5.00,يوم واحد,0,3,20.0,.Mina T,https://khamsat.com/user/minatharwat415,False,بائع جديد,0.0,0,لم يحسب بعد,5,0,لم يحسب
فيديو وأنيميشن,https://khamsat.com/video-design,رسوم متحركة للأطفال,https://khamsat.com/video-design/animation-for-kids,خدمة تصميم مونتاج لفيديوهات تعليم الأطفال,https://khamsat.com/video-design/animation-for-kids/2513433-%D8%AE%D8%AF%D9%85%D8%A9-%D8%AA%D8%B5%D9%85%D9%8A%D9%85-%D9%85%D9%88%D9%86%D8%AA%D8%A7%D8%AC-%D9%84%D9%81%D9%8A%D8%AF%D9%8A%D9%88%D9%87%D8%A7%D8%AA-%D8%AA%D8%B9%D9%84%D9%8A%D9%85-%D8%A7%D9%84%D8%A3%D8%B7%D9%81%D8%A7%D9%84,0.0,0,لم يحسب,0,0,$25.00,يومين,0,1,100.0,.Ouahid E,https://khamsat.com/user/oua7id,True,بائع مميز,5.0,14,96.55%,6,20,ساعتين
فيديو وأنيميشن,https://khamsat.com/video-design,رسوم متحركة للأطفال,https://khamsat.com/video-design/animation-for-kids,تصميم فيديو كامل بالذكاء الاصطناعي - لقنوات اليوتيوب,https://khamsat.com/video-design/animation-for-kids/2850420-%D8%AA%D8%B5%D9%85%D9%8A%D9%85-%D9%81%D9%8A%D8%AF%D9%8A%D9%88-%D9%83%D8%A7%D9%85%D9%84-%D8%A8%D8%A7%D9%84%D8%B0%D9%83%D8%A7%D8%A1-%D8%A7%D9%84%D8%A7%D8%B5%D8%B7%D9%86%D8%A7%D8%B9%D9%8A-%D9%84%D9%82%D9%86%D9%88%D8%A7%D8%AA-%D8%A7%D9%84%D9%8A%D9%88%D8%AA%D9%8A%D9%88%D8%A8,0.0,0,لم يحسب,0,0,$10.00,ثلاثة أيام,0,4,45.0,.Ibrahem A,https://khamsat.com/user/ibrahemabdeen,True,مشتري جاد,0.0,0,لم يحسب بعد,3,0,لم يحسب
فيديو وأنيميشن,https://khamsat.com/video-design,رسوم متحركة للأطفال,https://khamsat.com/video-design/animation-for-kids,Storyboard - رسم ستورى بورد ابيض واسورد FHD,https://khamsat.com/video-design/animation-for-kids/2960074-storyboard-%D8%B1%D8%B3%D9%85-%D8%B3%D8%AA%D9%88%D8%B1%D9%89-%D8%A8%D9%88%D8%B1%D8%AF-%D8%A7%D8%A8%D9%8A%D8%B6-%D9%88%D8%A7%D8%B3%D9%88%D8%B1%D8%AF-fhd,0.0,0,لم يحسب,0,0,$10.00,يومين,0,5,70.0,.Dina E,https://khamsat.com/user/dina_elsharkawy,True,بائع جديد,0.0,0,لم يحسب بعد,1,0,لم يحسب
فيديو وأنيميشن,https://khamsat.com/video-design,رسوم متحركة للأطفال,https://khamsat.com/video-design/animation-for-kids,تصميم فيديو أنيميشن بالذكاء الصناعي,https://khamsat.com/video-design/animation-for-kids/2828364-%D8%AA%D8%B5%D9%85%D9%8A%D9%85-%D9%81%D9%8A%D8%AF%D9%8A%D9%88-%D8%A3%D9%86%D9%8A%D9%85%D9%8A%D8%B4%D9%86-%D8%A8%D8%A7%D9%84%D8%B0%D9%83%D8%A7%D8%A1-%D8%A7%D9%84%D8%B5%D9%86%D8%A7%D8%B9%D9%8A,5.0,1,ساعة,1,0,$5.00,ثلاثة أيام,1,1,10.0,.Rania H,https://khamsat.com/user/raniafhassoun,True,بائع جديد,5.0,1,100.0%,3,1,ساعة
فيديو وأنيميشن,https://khamsat.com/video-design,رسوم متحركة للأطفال,https://khamsat.com/video-design/animation-for-kids,صناعة فيديوهات كرتون باستخدام البرامج الخاصه بصناعة الكرتون,https://khamsat.com/video-design/animation-for-kids/2787976-%D8%B5%D9%86%D8%A7%D8%B9%D8%A9-%D9%81%D9%8A%D8%AF%D9%8A%D9%88%D9%87%D8%A7%D8%AA-%D9%83%D8%B1%D8%AA%D9%88%D9%86-%D8%A8%D8%A7%D8%B3%D8%AA%D8%AE%D8%AF%D8%A7%D9%85-%D8%A7%D9%84%D8%A8%D8%B1%D8%A7%D9%85%D8%AC-%D8%A7%D9%84%D8%AE%D8%A7%D8%B5%D9%87-%D8%A8%D8%B5%D9%86%D8%A7%D8%B9%D8%A9-%D8%A7%D9%84%D9%83%D8%B1%D8%AA%D9%88%D9%86,0.0,0,لم يحسب,0,0,$5.00,يومين,0,2,10.0,.Asmaa S,https://khamsat.com/user/asmaa_shokry22,True,بائع جديد,0.0,1,66.67%,5,2,يوم
فيديو وأنيميشن,https://khamsat.com/video-design,رسوم متحركة للأطفال,https://khamsat.com/video-design/animation-for-kids,صناعة فيديو رسوم متحركة بالذكاء الاصطناعي,https://khamsat.com/video-design/animation-for-kids/3037231-%D8%B5%D9%86%D8%A7%D8%B9%D8%A9-%D9%81%D9%8A%D8%AF%D9%8A%D9%88-%D8%B1%D8%B3%D9%88%D9%85-%D9%85%D8%AA%D8%AD%D8%B1%D9%83%D8%A9-%D8%A8%D8%A7%D9%84%D8%B0%D9%83%D8%A7%D8%A1-%D8%A7%D9%84%D8%A7%D8%B5%D8%B7%D9%86%D8%A7%D8%B9%D9%8A,0.0,0,لم يحسب,0,0,$10.00,يوم واحد,0,1,15.0,.Mohamed S,https://khamsat.com/user/mosaad2044,False,بائع جديد,0.0,0,لم يحسب بعد,4,0,لم يحسب
فيديو وأنيميشن,https://khamsat.com/video-design,رسوم متحركة للأطفال,https://khamsat.com/video-design/animation-for-kids,فيديو قصص كارتون وانمي مصورة للأطفال 3D مع اغاني للأطفال,https://khamsat.com/video-design/animation-for-kids/2991497-%D9%81%D9%8A%D8%AF%D9%8A%D9%88-%D9%82%D8%B5%D8%B5-%D9%83%D8%A7%D8%B1%D8%AA%D9%88%D9%86-%D9%88%D8%A7%D9%86%D9%85%D9%8A-%D9%85%D8%B5%D9%88%D8%B1%D8%A9-%D9%84%D9%84%D8%A3%D8%B7%D9%81%D8%A7%D9%84-3d-%D9%85%D8%B9-%D8%A7%D8%BA%D8%A7%D9%86%D9%8A-%D9%84%D9%84%D8%A3%D8%B7%D9%81%D8%A7%D9%84,0.0,0,لم يحسب,0,0,$5.00,يومين,0,5,50.0,محمود م.,https://khamsat.com/user/khadija_890,False,بائع جديد,0.0,0,لم يحسب بعد,3,0,لم يحسب
فيديو وأنيميشن,https://khamsat.com/video-design,رسوم متحركة للأطفال,https://khamsat.com/video-design/animation-for-kids,رسوم متحركة للاطفال 2D Animation,https://khamsat.com/video-design/animation-for-kids/2879222-%D8%B1%D8%B3%D9%88%D9%85-%D9%85%D8%AA%D8%AD%D8%B1%D9%83%D8%A9-%D9%84%D9%84%D8%A7%D8%B7%D9%81%D8%A7%D9%84-2d-animation,0.0,0,لم يحسب,0,0,$5.00,خمسة أيام,0,1,100.0,.Ibram E,https://khamsat.com/user/ibram_saad,True,بائع جديد,0.0,0,لم يحسب بعد,1,0,لم يحسب
فيديو وأنيميشن,https://khamsat.com/video-design,رسوم متحركة للأطفال,https://khamsat.com/video-design/animation-for-kids,تصميم مونتاج فيديو أغاني الأطفال,https://khamsat.com/video-design/animation-for-kids/2783086-%D8%AA%D8%B5%D9%85%D9%8A%D9%85-%D9%85%D9%88%D9%86%D8%AA%D8%A7%D8%AC-%D9%81%D9%8A%D8%AF%D9%8A%D9%88-%D8%A3%D8%BA%D8%A7%D9%86%D9%8A-%D8%A7%D9%84%D8%A3%D8%B7%D9%81%D8%A7%D9%84,5.0,3,19 دقيقة,3,0,$5.00,أربعة أيام,3,2,10.0,وجدان ا.,https://khamsat.com/user/wejdana066,True,بائع مميز,4.5,54,96.0%,6,49,42 دقيقة
فيديو وأنيميشن,https://khamsat.com/video-design,رسوم متحركة للأطفال,https://khamsat.com/video-design/animation-for-kids,ساقوم بتحويل قصصك الي فيديوهات لقصص كرتون مصورة للاطفال,https://khamsat.com/video-design/animation-for-kids/3006715-%D8%B3%D8%A7%D9%82%D9%88%D9%85-%D8%A8%D8%AA%D8%AD%D9%88%D9%8A%D9%84-%D9%82%D8%B5%D8%B5%D9%83-%D8%A7%D9%84%D9%8A-%D9%81%D9%8A%D8%AF%D9%8A%D9%88%D9%87%D8%A7%D8%AA-%D9%84%D9%82%D8%B5%D8%B5-%D9%83%D8%B1%D8%AA%D9%88%D9%86-%D9%85%D8%B5%D9%88%D8%B1%D8%A9-%D9%84%D9%84%D8%A7%D8%B7%D9%81%D8%A7%D9%84,0.0,0,لم يحسب,0,0,$5.00,يومين,0,2,15.0,.Mohamed E,https://khamsat.com/user/mo7amed_ezzat,False,بائع جديد,0.0,0,لم يحسب بعد,1,0,لم يحسب
فيديو وأنيميشن,https://khamsat.com/video-design,رسوم متحركة للأطفال,https://khamsat.com/video-design/animation-for-kids,تصميم فيديو أنيماشن ثلاثي الابعاد 3D Animation,https://khamsat.com/video-design/animation-for-kids/2859869-%D8%AA%D8%B5%D9%85%D9%8A%D9%85-%D9%81%D9%8A%D8%AF%D9%8A%D9%88-%D8%A3%D9%86%D9%8A%D9%85%D8%A7%D8%B4%D9%86-%D8%AB%D9%84%D8%A7%D8%AB%D9%8A-%D8%A7%D9%84%D8%A7%D8%A8%D8%B9%D8%A7%D8%AF-3d-animation,0.0,0,لم يحسب,0,0,$25.00,يومين,0,5,450.0,.Mohammed H,https://khamsat.com/user/moh_eza,True,بائع مميز,5.0,78,96.92%,5,96,6 ساعات
فيديو وأنيميشن,https://khamsat.com/video-design,رسوم متحركة للأطفال,https://khamsat.com/video-design/animation-for-kids,تصميم فيلم انيميشن ثلاثي الابعاد 3D animation film مع الشرح,https://khamsat.com/video-design/animation-for-kids/3012386-%D8%AA%D8%B5%D9%85%D9%8A%D9%85-%D9%81%D9%8A%D9%84%D9%85-%D8%A7%D9%86%D9%8A%D9%85%D9%8A%D8%B4%D9%86-%D8%AB%D9%84%D8%A7%D8%AB%D9%8A-%D8%A7%D9%84%D8%A7%D8%A8%D8%B9%D8%A7%D8%AF-3d-animation-film-%D9%85%D8%B9-%D8%A7%D9%84%D8%B4%D8%B1%D8%AD,0.0,0,لم يحسب,0,0,$10.00,يومين,0,5,105.0,شروق ش.,https://khamsat.com/user/sherouq_shams,True,بائع جديد,0.0,0,0.0%,4,0,7 دقائق
فيديو وأنيميشن,https://khamsat.com/video-design,رسوم متحركة للأطفال,https://khamsat.com/video-design/animation-for-kids,تصميم فيديو متحرك للأطفال أنيميشن على موقع أنيميكر,https://khamsat.com/video-design/animation-for-kids/2803327-%D8%AA%D8%B5%D9%85%D9%8A%D9%85-%D9%81%D9%8A%D8%AF%D9%8A%D9%88-%D9%85%D8%AA%D8%AD%D8%B1%D9%83-%D9%84%D9%84%D8%A3%D8%B7%D9%81%D8%A7%D9%84-%D8%A3%D9%86%D9%8A%D9%85%D9%8A%D8%B4%D9%86-%D8%B9%D9%84%D9%89-%D9%85%D9%88%D9%82%D8%B9-%D8%A3%D9%86%D9%8A%D9%85%D9%8A%D9%83%D8%B1,5.0,1,50 دقيقة,1,0,$10.00,ثلاثة أيام,1,2,50.0,أبوبكر ع.,https://khamsat.com/user/abobakre2003,True,مشتري مميز,5.0,6,41.18%,4,3,3 ساعات
فيديو وأنيميشن,https://khamsat.com/video-design,تصميم فيديوهات تعليمية,https://khamsat.com/video-design/elearning-video-production,تصميم و انتاج الفيديوهات التعليمية,https://khamsat.com/video-design/elearning-video-production/2643415-%D8%AA%D8%B5%D9%85%D9%8A%D9%85-%D9%88-%D8%A7%D9%86%D8%AA%D8%A7%D8%AC-%D8%A7%D9%84%D9%81%D9%8A%D8%AF%D9%8A%D9%88%D9%87%D8%A7%D8%AA-%D8%A7%D9%84%D8%AA%D8%B9%D9%84%D9%8A%D9%85%D9%8A%D8%A9,5.0,1,3 دقائق,1,0,$5.00,يوم واحد,1,5,35.0,.Ahmed H,https://khamsat.com/user/ahmed_ali23,True,بائع مميز,5.0,26,100.0%,5,27,22 ساعة
فيديو وأنيميشن,https://khamsat.com/video-design,تصميم فيديوهات تعليمية,https://khamsat.com/video-design/elearning-video-production,تصميم فيديو تعليمي احترافي,https://khamsat.com/video-design/elearning-video-production/2876395-%D8%AA%D8%B5%D9%85%D9%8A%D9%85-%D9%81%D9%8A%D8%AF%D9%8A%D9%88-%D8%AA%D8%B9%D9%84%D9%8A%D9%85%D9%8A-%D8%A7%D8%AD%D8%AA%D8%B1%D8%A7%D9%81%D9%8A,4.5,11,15 ساعة,12,1,$15.00,خمسة أيام,11,3,20.0,.Ahmed S,https://khamsat.com/user/dra7medsamir,True,بائع نشيط,4.5,11,97.37%,3,12,15 ساعة
فيديو وأنيميشن,https://khamsat.com/video-design,تصميم فيديوهات تعليمية,https://khamsat.com/video-design/elearning-video-production,انشاء فيديو تعليمي احترافي,https://khamsat.com/video-design/elearning-video-production/829115-%D8%A7%D9%86%D8%B4%D8%A7%D8%A1-%D9%81%D9%8A%D8%AF%D9%8A%D9%88-%D8%AA%D8%B9%D9%84%D9%8A%D9%85%D9%8A-%D8%A7%D8%AD%D8%AA%D8%B1%D8%A7%D9%81%D9%8A,5.0,8,15 ساعة,13,0,$5.00,يوم واحد,8,2,10.0,محمد الأمين ب.,https://khamsat.com/user/%D9%85%D8%AD%D9%85%D8%AF-%D8%A7%D9%84%D8%A3%D9%85%D9%8A%D9%86-%D8%A8%D9%86-%D9%8A%D9%85%D9%8A%D9%86%D8%A9,True,بائع مميز,5.0,160,91.6%,4,199,13 ساعة
فيديو وأنيميشن,https://khamsat.com/video-design,تصميم فيديوهات تعليمية,https://khamsat.com/video-design/elearning-video-production,تصميم فيديوهات تعليمية على اليوتيوب عربي انكليزي,https://khamsat.com/video-design/elearning-video-production/2864679-%D8%AA%D8%B5%D9%85%D9%8A%D9%85-%D9%81%D9%8A%D8%AF%D9%8A%D9%88%D9%87%D8%A7%D8%AA-%D8%AA%D8%B9%D9%84%D9%8A%D9%85%D9%8A%D8%A9-%D8%B9%D9%84%D9%89-%D8%A7%D9%84%D9%8A%D9%88%D8%AA%D9%8A%D9%88%D8%A8-%D8%B9%D8%B1%D8%A8%D9%8A-%D8%A7%D9%86%D9%83%D9%84%D9%8A%D8%B2%D9%8A,5.0,1,ساعتين,1,0,$5.00,يوم واحد,1,2,10.0,تاج الدين ق.,https://khamsat.com/user/tadjeddine_gh,True,بائع جديد,5.0,1,100.0%,2,1,ساعتين
فيديو وأنيميشن,https://khamsat.com/video-design,تصميم فيديوهات تعليمية,https://khamsat.com/video-design/elearning-video-production,تصميم فيديو لقناة تعليمية على اليوتيوب عربي انكليزي,https://khamsat.com/video-design/elearning-video-production/2145274-%D8%AA%D8%B5%D9%85%D9%8A%D9%85-%D9%81%D9%8A%D8%AF%D9%8A%D9%88-%D9%84%D9%82%D9%86%D8%A7%D8%A9-%D8%AA%D8%B9%D9%84%D9%8A%D9%85%D9%8A%D8%A9-%D8%B9%D9%84%D9%89-%D8%A7%D9%84%D9%8A%D9%88%D8%AA%D9%8A%D9%88%D8%A8-%D8%B9%D8%B1%D8%A8%D9%8A-%D8%A7%D9%86%D9%83%D9%84%D9%8A%D8%B2%D9%8A,5.0,3,3 ساعات,4,0,$5.00,أربعة أيام,3,2,10.0,رهام ع.,https://khamsat.com/user/reham1250,True,بائع نشيط,5.0,15,90.24%,9,18,ساعة
فيديو وأنيميشن,https://khamsat.com/video-design,تصميم فيديوهات تعليمية,https://khamsat.com/video-design/elearning-video-production,تصميمات ثلاثية الابعاد تخدم العملية التعليمية,https://khamsat.com/video-design/elearning-video-production/2897311-%D8%AA%D8%B5%D9%85%D9%8A%D9%85%D8%A7%D8%AA-%D8%AB%D9%84%D8%A7%D8%AB%D9%8A%D8%A9-%D8%A7%D9%84%D8%A7%D8%A8%D8%B9%D8%A7%D8%AF-%D8%AA%D8%AE%D8%AF%D9%85-%D8%A7%D9%84%D8%B9%D9%85%D9%84%D9%8A%D8%A9-%D8%A7%D9%84%D8%AA%D8%B9%D9%84%D9%8A%D9%85%D9%8A%D8%A9,0.0,0,لم يحسب,0,0,$10.00,يومين,0,0,0.0,احمد م.,https://khamsat.com/user/ahmed_elkheshn,True,بائع جديد,5.0,4,100.0%,4,4,ساعة
فيديو وأنيميشن,https://khamsat.com/video-design,تصميم فيديوهات تعليمية,https://khamsat.com/video-design/elearning-video-production,انشاء فيديو للقصص والفيديوهات التعليمية,https://khamsat.com/video-design/elearning-video-production/2978572-%D8%A7%D9%86%D8%B4%D8%A7%D8%A1-%D9%81%D9%8A%D8%AF%D9%8A%D9%88-%D9%84%D9%84%D9%82%D8%B5%D8%B5-%D9%88%D8%A7%D9%84%D9%81%D9%8A%D8%AF%D9%8A%D9%88%D9%87%D8%A7%D8%AA-%D8%A7%D9%84%D8%AA%D8%B9%D9%84%D9%8A%D9%85%D9%8A%D8%A9,0.0,0,لم يحسب,0,0,$10.00,ثلاثة أيام,0,4,30.0,.Mario H,https://khamsat.com/user/mario_hesham,True,بائع جديد,5.0,1,50.0%,3,1,ساعة
فيديو وأنيميشن,https://khamsat.com/video-design,تصميم فيديوهات تعليمية,https://khamsat.com/video-design/elearning-video-production,تعليم الإنجليزية بكل سهولة,https://khamsat.com/video-design/elearning-video-production/3026177-%D8%AA%D8%B9%D9%84%D9%8A%D9%85-%D8%A7%D9%84%D8%A5%D9%86%D8%AC%D9%84%D9%8A%D8%B2%D9%8A%D8%A9-%D8%A8%D9%83%D9%84-%D8%B3%D9%87%D9%88%D9%84%D8%A9,0.0,0,لم يحسب,0,0,$10.00,يوم واحد,0,2,20.0,.Racha C,https://khamsat.com/user/rachachinare65,True,بائع جديد,0.0,0,لم يحسب بعد,5,0,لم يحسب
فيديو وأنيميشن,https://khamsat.com/video-design,تصميم فيديوهات تعليمية,https://khamsat.com/video-design/elearning-video-production,صناعة فيديوهات تعليمية للإطفال,https://khamsat.com/video-design/elearning-video-production/2803615-%D8%B5%D9%86%D8%A7%D8%B9%D8%A9-%D9%81%D9%8A%D8%AF%D9%8A%D9%88%D9%87%D8%A7%D8%AA-%D8%AA%D8%B9%D9%84%D9%8A%D9%85%D9%8A%D8%A9-%D9%84%D9%84%D8%A5%D8%B7%D9%81%D8%A7%D9%84,0.0,0,لم يحسب,0,0,$5.00,يوم واحد,0,0,0.0,.Hanan A,https://khamsat.com/user/hana_abordan,True,بائع جديد,5.0,2,50.0%,3,1,26 دقيقة
فيديو وأنيميشن,https://khamsat.com/video-design,تصميم فيديوهات تعليمية,https://khamsat.com/video-design/elearning-video-production,مصمم فيديوهات ريلز سوشيال ميديا مختلفه,https://khamsat.com/video-design/elearning-video-production/2991673-%D9%85%D8%B5%D9%85%D9%85-%D9%81%D9%8A%D8%AF%D9%8A%D9%88%D9%87%D8%A7%D8%AA-%D8%B1%D9%8A%D9%84%D8%B2-%D8%B3%D9%88%D8%B4%D9%8A%D8%A7%D9%84-%D9%85%D9%8A%D8%AF%D9%8A%D8%A7-%D9%85%D8%AE%D8%AA%D9%84%D9%81%D9%87,0.0,0,لم يحسب,0,0,$5.00,ثلاثة أيام,0,0,0.0,حسين ا.,https://khamsat.com/user/hissin2024,False,بائع جديد,0.0,0,لم يحسب بعد,2,0,لم يحسب
فيديو وأنيميشن,https://khamsat.com/video-design,تصميم فيديوهات تعليمية,https://khamsat.com/video-design/elearning-video-production,تصميم وإنشاء شرح او فيديوا لمدة 7د لأي محتوى بقنوات اليوتيوب,https://khamsat.com/video-design/elearning-video-production/1341678-%D8%AA%D8%B5%D9%85%D9%8A%D9%85-%D9%88%D8%A5%D9%86%D8%B4%D8%A7%D8%A1-%D8%B4%D8%B1%D8%AD-%D8%A7%D9%88-%D9%81%D9%8A%D8%AF%D9%8A%D9%88%D8%A7-%D9%84%D9%85%D8%AF%D8%A9-7%D8%AF-%D9%84%D8%A3%D9%8A-%D9%85%D8%AD%D8%AA%D9%88%D9%89-%D8%A8%D9%82%D9%86%D9%88%D8%A7%D8%AA-%D8%A7%D9%84%D9%8A%D9%88%D8%AA%D9%8A%D9%88%D8%A8,0.0,0,10 ساعات,0,0,$5.00,يوم واحد,0,3,40.0,.Mohamed A,https://khamsat.com/user/mr_manoo,True,بائع جديد,5.0,1,50.0%,4,1,يوم
فيديو وأنيميشن,https://khamsat.com/video-design,تصميم فيديوهات تعليمية,https://khamsat.com/video-design/elearning-video-production,سأقوم بإنشاء فيديوهات قصيرة صالحين للربح من يوتيوب أو فيسبوك,https://khamsat.com/video-design/elearning-video-production/2868297-%D8%B3%D8%A3%D9%82%D9%88%D9%85-%D8%A8%D8%A5%D9%86%D8%B4%D8%A7%D8%A1-%D9%81%D9%8A%D8%AF%D9%8A%D9%88%D9%87%D8%A7%D8%AA-%D9%82%D8%B5%D9%8A%D8%B1%D8%A9-%D8%B5%D8%A7%D9%84%D8%AD%D9%8A%D9%86-%D9%84%D9%84%D8%B1%D8%A8%D8%AD-%D9%85%D9%86-%D9%8A%D9%88%D8%AA%D9%8A%D9%88%D8%A8-%D8%A3%D9%88-%D9%81%D9%8A%D8%B3%D8%A8%D9%88%D9%83,0.0,0,لم يحسب,0,0,$5.00,يوم واحد,0,1,10.0,احمد ا.,https://khamsat.com/user/%D8%A7%D8%AD%D9%85%D8%AF-%D8%A7%D8%B4%D8%B1%D9%81-%D8%A8%D8%AE%D9%8A%D8%AA,False,مشتري جاد,0.0,1,16.67%,1,1,15 ساعة
فيديو وأنيميشن,https://khamsat.com/video-design,تصميم فيديوهات تعليمية,https://khamsat.com/video-design/elearning-video-production,تصميم فيديوهات كرتونية تعليميه,https://khamsat.com/video-design/elearning-video-production/3024103-%D8%AA%D8%B5%D9%85%D9%8A%D9%85-%D9%81%D9%8A%D8%AF%D9%8A%D9%88%D9%87%D8%A7%D8%AA-%D9%83%D8%B1%D8%AA%D9%88%D9%86%D9%8A%D8%A9-%D8%AA%D8%B9%D9%84%D9%8A%D9%85%D9%8A%D9%87,0.0,0,لم يحسب,0,0,$5.00,يوم واحد,0,3,20.0,.Leen E,https://khamsat.com/user/dalia121_shouman,False,بائع جديد,0.0,0,لم يحسب بعد,1,0,لم يحسب
فيديو وأنيميشن,https://khamsat.com/video-design,تصميم فيديوهات تعليمية,https://khamsat.com/video-design/elearning-video-production,تصميم فيديو تعليمي مع الأمثلة والشروحات المطلوبة,https://khamsat.com/video-design/elearning-video-production/2567083-%D8%AA%D8%B5%D9%85%D9%8A%D9%85-%D9%81%D9%8A%D8%AF%D9%8A%D9%88-%D8%AA%D8%B9%D9%84%D9%8A%D9%85%D9%8A-%D9%85%D8%B9-%D8%A7%D9%84%D8%A3%D9%85%D8%AB%D9%84%D8%A9-%D9%88%D8%A7%D9%84%D8%B4%D8%B1%D9%88%D8%AD%D8%A7%D8%AA-%D8%A7%D9%84%D9%85%D8%B7%D9%84%D9%88%D8%A8%D8%A9,0.0,0,لم يحسب,0,0,$5.00,يومين,0,1,5.0,هشام م.,https://khamsat.com/user/hishammath10,True,بائع جديد,0.0,0,لم يحسب بعد,2,0,لم يحسب
فيديو وأنيميشن,https://khamsat.com/video-design,تصميم فيديوهات تعليمية,https://khamsat.com/video-design/elearning-video-production,تصميم فيديوهات تعليمية في كافة المجالات العلمية والادبية,https://khamsat.com/video-design/elearning-video-production/2685695-%D8%AA%D8%B5%D9%85%D9%8A%D9%85-%D9%81%D9%8A%D8%AF%D9%8A%D9%88%D9%87%D8%A7%D8%AA-%D8%AA%D8%B9%D9%84%D9%8A%D9%85%D9%8A%D8%A9-%D9%81%D9%8A-%D9%83%D8%A7%D9%81%D8%A9-%D8%A7%D9%84%D9%85%D8%AC%D8%A7%D9%84%D8%A7%D8%AA-%D8%A7%D9%84%D8%B9%D9%84%D9%85%D9%8A%D8%A9-%D9%88%D8%A7%D9%84%D8%A7%D8%AF%D8%A8%D9%8A%D8%A9,0.0,0,لم يحسب,0,0,$5.00,يومين,0,2,15.0,أسماء س.,https://khamsat.com/user/asma1hatem,True,بائع جديد,0.0,0,لم يحسب بعد,4,0,لم يحسب
فيديو وأنيميشن,https://khamsat.com/video-design,تصميم فيديوهات تعليمية,https://khamsat.com/video-design/elearning-video-production,عمل تعديل احترافي للفيديوهات الخاصة بمنصة يوتيوب,https://khamsat.com/video-design/elearning-video-production/3032245-%D8%B9%D9%85%D9%84-%D8%AA%D8%B9%D8%AF%D9%8A%D9%84-%D8%A7%D8%AD%D8%AA%D8%B1%D8%A7%D9%81%D9%8A-%D9%84%D9%84%D9%81%D9%8A%D8%AF%D9%8A%D9%88%D9%87%D8%A7%D8%AA-%D8%A7%D9%84%D8%AE%D8%A7%D8%B5%D8%A9-%D8%A8%D9%85%D9%86%D8%B5%D8%A9-%D9%8A%D9%88%D8%AA%D9%8A%D9%88%D8%A8,0.0,0,لم يحسب,0,0,$10.00,يوم واحد,0,0,0.0,.Faycal D,https://khamsat.com/user/keetosenpai,True,بائع جديد,5.0,2,100.0%,2,1,17 ساعة
فيديو وأنيميشن,https://khamsat.com/video-design,تصميم فيديوهات تعليمية,https://khamsat.com/video-design/elearning-video-production,تصميم عروض تقديمية احترافية,https://khamsat.com/video-design/elearning-video-production/2803652-%D8%AA%D8%B5%D9%85%D9%8A%D9%85-%D8%B9%D8%B1%D9%88%D8%B6-%D8%AA%D9%82%D8%AF%D9%8A%D9%85%D9%8A%D8%A9-%D8%A7%D8%AD%D8%AA%D8%B1%D8%A7%D9%81%D9%8A%D8%A9,0.0,0,لم يحسب,0,0,$10.00,يوم واحد,0,3,30.0,.Sabre G,https://khamsat.com/user/sabreguttoche,True,بائع جديد,0.0,0,لم يحسب بعد,3,0,لم يحسب
فيديو وأنيميشن,https://khamsat.com/video-design,تصميم فيديوهات تعليمية,https://khamsat.com/video-design/elearning-video-production,تصميم فيديو لشرح الدروس في العلوم والفيزياء,https://khamsat.com/video-design/elearning-video-production/3021763-%D8%AA%D8%B5%D9%85%D9%8A%D9%85-%D9%81%D9%8A%D8%AF%D9%8A%D9%88-%D9%84%D8%B4%D8%B1%D8%AD-%D8%A7%D9%84%D8%AF%D8%B1%D9%88%D8%B3-%D9%81%D9%8A-%D8%A7%D9%84%D8%B9%D9%84%D9%88%D9%85-%D9%88%D8%A7%D9%84%D9%81%D9%8A%D8%B2%D9%8A%D8%A7%D8%A1,0.0,0,لم يحسب,0,0,$5.00,يوم واحد,0,0,0.0,.Alaa A,https://khamsat.com/user/ala_aldasoqe64,True,بائع جديد,0.0,0,لم يحسب بعد,1,0,لم يحسب
فيديو وأنيميشن,https://khamsat.com/video-design,تصميم فيديوهات تعليمية,https://khamsat.com/video-design/elearning-video-production,عمل فيديو للقران الكريم بصوتك او بصوت اي شيخ,https://khamsat.com/video-design/elearning-video-production/3036382-%D8%B9%D9%85%D9%84-%D9%81%D9%8A%D8%AF%D9%8A%D9%88-%D9%84%D9%84%D9%82%D8%B1%D8%A7%D9%86-%D8%A7%D9%84%D9%83%D8%B1%D9%8A%D9%85-%D8%A8%D8%B5%D9%88%D8%AA%D9%83-%D8%A7%D9%88-%D8%A8%D8%B5%D9%88%D8%AA-%D8%A7%D9%8A-%D8%B4%D9%8A%D8%AE,0.0,0,لم يحسب,0,0,$10.00,يومين,0,3,45.0,.Baraa H,https://khamsat.com/user/baraahazemahmad,True,بائع جديد,0.0,3,75.0%,1,4,5 ساعات
فيديو وأنيميشن,https://khamsat.com/video-design,تصميم فيديوهات تعليمية,https://khamsat.com/video-design/elearning-video-production,عمل فيديو تعليمي ناطق تقدمه شخصية كرتونية 3D,https://khamsat.com/video-design/elearning-video-production/2970405-%D8%B9%D9%85%D9%84-%D9%81%D9%8A%D8%AF%D9%8A%D9%88-%D8%AA%D8%B9%D9%84%D9%8A%D9%85%D9%8A-%D9%86%D8%A7%D8%B7%D9%82-%D8%AA%D9%82%D8%AF%D9%85%D9%87-%D8%B4%D8%AE%D8%B5%D9%8A%D8%A9-%D9%83%D8%B1%D8%AA%D9%88%D9%86%D9%8A%D8%A9-3d,0.0,0,لم يحسب,0,0,$5.00,ثلاثة أيام,0,5,75.0,.Ahmed K,https://khamsat.com/user/dr-ahmed-kamel,True,مشتري جديد,0.0,0,100.0%,3,3,9 ساعات
فيديو وأنيميشن,https://khamsat.com/video-design,تصميم فيديوهات تعليمية,https://khamsat.com/video-design/elearning-video-production,مونتاج فيديوهات تعليمية (دروس - محاضرات) بكل احترافية,https://khamsat.com/video-design/elearning-video-production/2251602-%D9%85%D9%88%D9%86%D8%AA%D8%A7%D8%AC-%D9%81%D9%8A%D8%AF%D9%8A%D9%88%D9%87%D8%A7%D8%AA-%D8%AA%D8%B9%D9%84%D9%8A%D9%85%D9%8A%D8%A9-%D8%AF%D8%B1%D9%88%D8%B3-%D9%85%D8%AD%D8%A7%D8%B6%D8%B1%D8%A7%D8%AA-%D8%A8%D9%83%D9%84-%D8%A7%D8%AD%D8%AA%D8%B1%D8%A7%D9%81%D9%8A%D8%A9,0.0,0,يوم,0,0,$5.00,يوم واحد,0,4,145.0,.Wael A,https://khamsat.com/user/wael_arbab,True,بائع جديد,0.0,0,لم يحسب بعد,4,0,يوم
فيديو وأنيميشن,https://khamsat.com/video-design,تصميم فيديوهات تعليمية,https://khamsat.com/video-design/elearning-video-production,تصميم فيديوهات إبداعية وجذابة للإنستاغرام تيك توك وغيرها,https://khamsat.com/video-design/elearning-video-production/3005216-%D8%AA%D8%B5%D9%85%D9%8A%D9%85-%D9%81%D9%8A%D8%AF%D9%8A%D9%88%D9%87%D8%A7%D8%AA-%D8%A5%D8%A8%D8%AF%D8%A7%D8%B9%D9%8A%D8%A9-%D9%88%D8%AC%D8%B0%D8%A7%D8%A8%D8%A9-%D9%84%D9%84%D8%A5%D9%86%D8%B3%D8%AA%D8%A7%D8%BA%D8%B1%D8%A7%D9%85-%D8%AA%D9%8A%D9%83-%D8%AA%D9%88%D9%83-%D9%88%D8%BA%D9%8A%D8%B1%D9%87%D8%A7,0.0,0,لم يحسب,0,0,$5.00,يومين,0,5,40.0,.Anas K,https://khamsat.com/user/baghlouf9393,True,بائع جديد,0.0,0,لم يحسب بعد,3,0,لم يحسب
فيديو وأنيميشن,https://khamsat.com/video-design,تصميم فيديوهات تعليمية,https://khamsat.com/video-design/elearning-video-production,تصميم وإنتاج الفيديوهات التعليمية,https://khamsat.com/video-design/elearning-video-production/2625463-%D8%AA%D8%B5%D9%85%D9%8A%D9%85-%D9%88%D8%A5%D9%86%D8%AA%D8%A7%D8%AC-%D8%A7%D9%84%D9%81%D9%8A%D8%AF%D9%8A%D9%88%D9%87%D8%A7%D8%AA-%D8%A7%D9%84%D8%AA%D8%B9%D9%84%D9%8A%D9%85%D9%8A%D8%A9,5.0,1,ساعتين,1,0,$5.00,يوم واحد,1,0,0.0,محمد ا.,https://khamsat.com/user/eng_mohammad_kh,True,بائع مميز,5.0,61,95.54%,9,66,ساعتين
فيديو وأنيميشن,https://khamsat.com/video-design,تصميم فيديوهات تعليمية,https://khamsat.com/video-design/elearning-video-production,تصميم فيديوهات تعليمية لدروس انجليزي مع تعليق صوتي,https://khamsat.com/video-design/elearning-video-production/2200342-%D8%AA%D8%B5%D9%85%D9%8A%D9%85-%D9%81%D9%8A%D8%AF%D9%8A%D9%88%D9%87%D8%A7%D8%AA-%D8%AA%D8%B9%D9%84%D9%8A%D9%85%D9%8A%D8%A9-%D9%84%D8%AF%D8%B1%D9%88%D8%B3-%D8%A7%D9%86%D8%AC%D9%84%D9%8A%D8%B2%D9%8A-%D9%85%D8%B9-%D8%AA%D8%B9%D9%84%D9%8A%D9%82-%D8%B5%D9%88%D8%AA%D9%8A,5.0,4,4 دقائق,4,0,$5.00,يومين,4,5,55.0,شفاء ل.,https://khamsat.com/user/achifa,True,بائع مميز,5.0,67,93.8%,8,55,ساعة
فيديو وأنيميشن,https://khamsat.com/video-design,تصميم فيديوهات تعليمية,https://khamsat.com/video-design/elearning-video-production,تصميم فيديوهات whiteboard اعلانيه و تعليميه,https://khamsat.com/video-design/elearning-video-production/2945258-%D8%AA%D8%B5%D9%85%D9%8A%D9%85-%D9%81%D9%8A%D8%AF%D9%8A%D9%88%D9%87%D8%A7%D8%AA-whiteboard-%D8%A7%D8%B9%D9%84%D8%A7%D9%86%D9%8A%D9%87-%D9%88-%D8%AA%D8%B9%D9%84%D9%8A%D9%85%D9%8A%D9%87,0.0,0,لم يحسب,0,0,$5.00,يوم واحد,0,2,15.0,.Ghaith A,https://khamsat.com/user/ghaith_allatayfeh,True,بائع جديد,0.0,0,لم يحسب بعد,2,0,لم يحسب
فيديو وأنيميشن,https://khamsat.com/video-design,تصميم فيديوهات تعليمية,https://khamsat.com/video-design/elearning-video-production,تصميم فيديوهات باستخدام برنامج البور بوينت,https://khamsat.com/video-design/elearning-video-production/2975722-%D8%AA%D8%B5%D9%85%D9%8A%D9%85-%D9%81%D9%8A%D8%AF%D9%8A%D9%88%D9%87%D8%A7%D8%AA-%D8%A8%D8%A7%D8%B3%D8%AA%D8%AE%D8%AF%D8%A7%D9%85-%D8%A8%D8%B1%D9%86%D8%A7%D9%85%D8%AC-%D8%A7%D9%84%D8%A8%D9%88%D8%B1-%D8%A8%D9%88%D9%8A%D9%86%D8%AA,0.0,0,لم يحسب,0,0,$10.00,يومين,0,0,0.0,اشرف خ.,https://khamsat.com/user/ashraf_hameed,True,بائع جديد,0.0,0,لم يحسب بعد,3,0,لم يحسب
فيديو وأنيميشن,https://khamsat.com/video-design,تصميم فيديوهات تعليمية,https://khamsat.com/video-design/elearning-video-production,فيديو رسوم متحركة تعليمى 3D,https://khamsat.com/video-design/elearning-video-production/2816965-%D9%81%D9%8A%D8%AF%D9%8A%D9%88-%D8%B1%D8%B3%D9%88%D9%85-%D9%85%D8%AA%D8%AD%D8%B1%D9%83%D8%A9-%D8%AA%D8%B9%D9%84%D9%8A%D9%85%D9%89-3d,0.0,0,لم يحسب,0,0,$5.00,يومين,0,2,10.0,.Mohamed A,https://khamsat.com/user/mohamedalaa6060,True,بائع جديد,0.0,0,لم يحسب بعد,2,0,لم يحسب
فيديو وأنيميشن,https://khamsat.com/video-design,تصميم فيديوهات تعليمية,https://khamsat.com/video-design/elearning-video-production,تصميم فيديو تعليمي وكتب وقصص اطفال,https://khamsat.com/video-design/elearning-video-production/2951071-%D8%AA%D8%B5%D9%85%D9%8A%D9%85-%D9%81%D9%8A%D8%AF%D9%8A%D9%88-%D8%AA%D8%B9%D9%84%D9%8A%D9%85%D9%8A-%D9%88%D9%83%D8%AA%D8%A8-%D9%88%D9%82%D8%B5%D8%B5-%D8%A7%D8%B7%D9%81%D8%A7%D9%84,0.0,0,لم يحسب,0,0,$5.00,يوم واحد,0,0,0.0,.Eman E,https://khamsat.com/user/emanmohamed1234,False,بائع جديد,0.0,0,لم يحسب بعد,2,0,لم يحسب
فيديو وأنيميشن,https://khamsat.com/video-design,تصميم فيديوهات تعليمية,https://khamsat.com/video-design/elearning-video-production,تصميم فيديو تعليمي احترافي باللغتين العربية والإنجليزية,https://khamsat.com/video-design/elearning-video-production/2991523-%D8%AA%D8%B5%D9%85%D9%8A%D9%85-%D9%81%D9%8A%D8%AF%D9%8A%D9%88-%D8%AA%D8%B9%D9%84%D9%8A%D9%85%D9%8A-%D8%A7%D8%AD%D8%AA%D8%B1%D8%A7%D9%81%D9%8A-%D8%A8%D8%A7%D9%84%D9%84%D8%BA%D8%AA%D9%8A%D9%86-%D8%A7%D9%84%D8%B9%D8%B1%D8%A8%D9%8A%D8%A9-%D9%88%D8%A7%D9%84%D8%A5%D9%86%D8%AC%D9%84%D9%8A%D8%B2%D9%8A%D8%A9,0.0,0,لم يحسب,0,0,$5.00,يومين,0,4,20.0,محمود م.,https://khamsat.com/user/khadija_890,False,بائع جديد,0.0,0,لم يحسب بعد,3,0,لم يحسب
فيديو وأنيميشن,https://khamsat.com/video-design,تصميم فيديوهات تعليمية,https://khamsat.com/video-design/elearning-video-production,تصميمات الوايت بورد بإحترافية عالية وأسلوب مبسط ومنظم,https://khamsat.com/video-design/elearning-video-production/2776433-%D8%AA%D8%B5%D9%85%D9%8A%D9%85%D8%A7%D8%AA-%D8%A7%D9%84%D9%88%D8%A7%D9%8A%D8%AA-%D8%A8%D9%88%D8%B1%D8%AF-%D8%A8%D8%A5%D8%AD%D8%AA%D8%B1%D8%A7%D9%81%D9%8A%D8%A9-%D8%B9%D8%A7%D9%84%D9%8A%D8%A9-%D9%88%D8%A3%D8%B3%D9%84%D9%88%D8%A8-%D9%85%D8%A8%D8%B3%D8%B7-%D9%88%D9%85%D9%86%D8%B8%D9%85,0.0,0,لم يحسب,0,0,$5.00,يوم واحد,0,1,15.0,معلومات م.,https://khamsat.com/user/m3lomat_momt3a,False,مشتري جديد,0.0,0,لم يحسب بعد,2,0,4 ساعات
فيديو وأنيميشن,https://khamsat.com/video-design,تسجيل الشاشة,https://khamsat.com/video-design/screencasting-videos,سأقوم بعمل شرح صوتي لموقعك أو تطبيقك,https://khamsat.com/video-design/screencasting-videos/1458979-%D8%B3%D8%A3%D9%82%D9%88%D9%85-%D8%A8%D8%B9%D9%85%D9%84-%D8%B4%D8%B1%D8%AD-%D8%B5%D9%88%D8%AA%D9%8A-%D9%84%D9%85%D9%88%D9%82%D8%B9%D9%83-%D8%A3%D9%88-%D8%AA%D8%B7%D8%A8%D9%8A%D9%82%D9%83,5.0,34,18 ساعة,42,0,$10.00,ثلاثة أيام,25,1,10.0,.Alia D,https://khamsat.com/user/loush097,True,مشتري مميز,5.0,49,89.06%,4,53,يوم
فيديو وأنيميشن,https://khamsat.com/video-design,تسجيل الشاشة,https://khamsat.com/video-design/screencasting-videos,شرح موقعك الإلكتروني أو تطبيقك عبر تسجيل الشاشةscreen record,https://khamsat.com/video-design/screencasting-videos/1887114-%D8%B4%D8%B1%D8%AD-%D9%85%D9%88%D9%82%D8%B9%D9%83-%D8%A7%D9%84%D8%A5%D9%84%D9%83%D8%AA%D8%B1%D9%88%D9%86%D9%8A-%D8%A3%D9%88-%D8%AA%D8%B7%D8%A8%D9%8A%D9%82%D9%83-%D8%B9%D8%A8%D8%B1-%D8%AA%D8%B3%D8%AC%D9%8A%D9%84-%D8%A7%D9%84%D8%B4%D8%A7%D8%B4%D8%A9screen-record,5.0,11,4 ساعات,14,0,$10.00,ثلاثة أيام,11,3,85.0,محمد م.,https://khamsat.com/user/mohamed_white,True,بائع مميز,5.0,153,97.98%,3,160,ساعة
فيديو وأنيميشن,https://khamsat.com/video-design,تسجيل الشاشة,https://khamsat.com/video-design/screencasting-videos,استعراض المواقع وتسجيل الدورات والشروحات بصوت جذاب,https://khamsat.com/video-design/screencasting-videos/2823704-%D8%A7%D8%B3%D8%AA%D8%B9%D8%B1%D8%A7%D8%B6-%D8%A7%D9%84%D9%85%D9%88%D8%A7%D9%82%D8%B9-%D9%88%D8%AA%D8%B3%D8%AC%D9%8A%D9%84-%D8%A7%D9%84%D8%AF%D9%88%D8%B1%D8%A7%D8%AA-%D9%88%D8%A7%D9%84%D8%B4%D8%B1%D9%88%D8%AD%D8%A7%D8%AA-%D8%A8%D8%B5%D9%88%D8%AA-%D8%AC%D8%B0%D8%A7%D8%A8,5.0,1,5 ساعات,1,0,$5.00,يوم واحد,1,5,75.0,.Mahmoud K,https://khamsat.com/user/mahmood_1412,True,بائع جديد,5.0,2,60.0%,2,2,ساعتين
فيديو وأنيميشن,https://khamsat.com/video-design,تسجيل الشاشة,https://khamsat.com/video-design/screencasting-videos,تسجيل فيديوهات وشروحات,https://khamsat.com/video-design/screencasting-videos/1447081-%D8%AA%D8%B3%D8%AC%D9%8A%D9%84-%D9%81%D9%8A%D8%AF%D9%8A%D9%88%D9%87%D8%A7%D8%AA-%D9%88%D8%B4%D8%B1%D9%88%D8%AD%D8%A7%D8%AA,5.0,2,4 ساعات,2,0,$5.00,يوم واحد,2,5,40.0,يسين ص.,https://khamsat.com/user/yacinglish1992,True,بائع مميز,5.0,43,95.2%,4,54,6 ساعات
فيديو وأنيميشن,https://khamsat.com/video-design,تسجيل الشاشة,https://khamsat.com/video-design/screencasting-videos,شرح موقعك أو تطبيقك من خلال تسجيل الشاشة,https://khamsat.com/video-design/screencasting-videos/1720723-%D8%B4%D8%B1%D8%AD-%D9%85%D9%88%D9%82%D8%B9%D9%83-%D8%A3%D9%88-%D8%AA%D8%B7%D8%A8%D9%8A%D9%82%D9%83-%D9%85%D9%86-%D8%AE%D9%84%D8%A7%D9%84-%D8%AA%D8%B3%D8%AC%D9%8A%D9%84-%D8%A7%D9%84%D8%B4%D8%A7%D8%B4%D8%A9,3.0,2,7 ساعات,2,1,$10.00,يوم واحد,2,2,20.0,.Wafaa M,https://khamsat.com/user/flamingo_777,True,بائع مميز,5.0,46,85.37%,13,44,15 ساعة
فيديو وأنيميشن,https://khamsat.com/video-design,تسجيل الشاشة,https://khamsat.com/video-design/screencasting-videos,شرح موقعك الإلكتروني او تطبيقك عن طريق تصوير الشاشه,https://khamsat.com/video-design/screencasting-videos/2382779-%D8%B4%D8%B1%D8%AD-%D9%85%D9%88%D9%82%D8%B9%D9%83-%D8%A7%D9%84%D8%A5%D9%84%D9%83%D8%AA%D8%B1%D9%88%D9%86%D9%8A-%D8%A7%D9%88-%D8%AA%D8%B7%D8%A8%D9%8A%D9%82%D9%83-%D8%B9%D9%86-%D8%B7%D8%B1%D9%8A%D9%82-%D8%AA%D8%B5%D9%88%D9%8A%D8%B1-%D8%A7%D9%84%D8%B4%D8%A7%D8%B4%D9%87,5.0,3,ساعتين,4,0,$5.00,ثلاثة أيام,3,2,55.0,نصر ا.,https://khamsat.com/user/fadhlnasr,True,بائع مميز,4.5,40,93.42%,7,39,3 ساعات
فيديو وأنيميشن,https://khamsat.com/video-design,وايت بورد,https://khamsat.com/video-design/white-board,تصميم فيديو وايت بورد whiteboard إبداعي السبورة البيضاء,https://khamsat.com/video-design/white-board/1387444-%D8%AA%D8%B5%D9%85%D9%8A%D9%85-%D9%81%D9%8A%D8%AF%D9%8A%D9%88-%D9%88%D8%A7%D9%8A%D8%AA-%D8%A8%D9%88%D8%B1%D8%AF-whiteboard-%D8%A5%D8%A8%D8%AF%D8%A7%D8%B9%D9%8A-%D8%A7%D9%84%D8%B3%D8%A8%D9%88%D8%B1%D8%A9-%D8%A7%D9%84%D8%A8%D9%8A%D8%B6%D8%A7%D8%A1,5.0,106,50 دقيقة,126,0,$5.00,يومين,25,5,60.0,محمد م.,https://khamsat.com/user/mohamed_white,True,بائع مميز,5.0,153,97.98%,3,160,ساعة
فيديو وأنيميشن,https://khamsat.com/video-design,وايت بورد,https://khamsat.com/video-design/white-board,تصميم فيديو بطريقه الوايت بورد انميشن,https://khamsat.com/video-design/white-board/1223459-%D8%AA%D8%B5%D9%85%D9%8A%D9%85-%D9%81%D9%8A%D8%AF%D9%8A%D9%88-%D8%A8%D8%B7%D8%B1%D9%8A%D9%82%D9%87-%D8%A7%D9%84%D9%88%D8%A7%D9%8A%D8%AA-%D8%A8%D9%88%D8%B1%D8%AF-%D8%A7%D9%86%D9%85%D9%8A%D8%B4%D9%86,5.0,84,18 ساعة,97,0,$20.00,ثلاثة أيام,25,5,140.0,.Mohamed K,https://khamsat.com/user/mohamed_kamal_aldeeb,True,بائع مميز,5.0,120,89.45%,4,124,5 ساعات
فيديو وأنيميشن,https://khamsat.com/video-design,وايت بورد,https://khamsat.com/video-design/white-board,تصميم فيديو وايت بورد انميشن wihte board,https://khamsat.com/video-design/white-board/1244039-%D8%AA%D8%B5%D9%85%D9%8A%D9%85-%D9%81%D9%8A%D8%AF%D9%8A%D9%88-%D9%88%D8%A7%D9%8A%D8%AA-%D8%A8%D9%88%D8%B1%D8%AF-%D8%A7%D9%86%D9%85%D9%8A%D8%B4%D9%86-wihte-board,5.0,27,5 ساعات,32,0,$10.00,ثلاثة أيام,25,5,325.0,.Mohamed K,https://khamsat.com/user/mohamed_kamal_aldeeb,True,بائع مميز,5.0,120,89.45%,4,124,5 ساعات
فيديو وأنيميشن,https://khamsat.com/video-design,وايت بورد,https://khamsat.com/video-design/white-board,اقوم بتصميم فيديو whiteboard animation |وايت بورد,https://khamsat.com/video-design/white-board/2935765-%D8%A7%D9%82%D9%88%D9%85-%D8%A8%D8%AA%D8%B5%D9%85%D9%8A%D9%85-%D9%81%D9%8A%D8%AF%D9%8A%D9%88-whiteboard-animation-%D9%88%D8%A7%D9%8A%D8%AA-%D8%A8%D9%88%D8%B1%D8%AF,5.0,1,22 دقيقة,1,0,$5.00,يومين,1,5,90.0,وليد غ.,https://khamsat.com/user/walidmohammed506,True,بائع جديد,5.0,3,100.0%,5,2,49 دقيقة
فيديو وأنيميشن,https://khamsat.com/video-design,وايت بورد,https://khamsat.com/video-design/white-board,تصميم فيديو وايت بورد اعلاني احترافي,https://khamsat.com/video-design/white-board/1325061-%D8%AA%D8%B5%D9%85%D9%8A%D9%85-%D9%81%D9%8A%D8%AF%D9%8A%D9%88-%D9%88%D8%A7%D9%8A%D8%AA-%D8%A8%D9%88%D8%B1%D8%AF-%D8%A7%D8%B9%D9%84%D8%A7%D9%86%D9%8A-%D8%A7%D8%AD%D8%AA%D8%B1%D8%A7%D9%81%D9%8A,4.5,74,8 ساعات,83,0,$10.00,ثلاثة أيام,25,2,105.0,.Mohamed A,https://khamsat.com/user/mohamed-3tta,True,بائع مميز,4.5,128,90.7%,4,153,4 ساعات
فيديو وأنيميشن,https://khamsat.com/video-design,وايت بورد,https://khamsat.com/video-design/white-board,تصميم فيديو وايت بورد احترافي,https://khamsat.com/video-design/white-board/2369613-%D8%AA%D8%B5%D9%85%D9%8A%D9%85-%D9%81%D9%8A%D8%AF%D9%8A%D9%88-%D9%88%D8%A7%D9%8A%D8%AA-%D8%A8%D9%88%D8%B1%D8%AF-%D8%A7%D8%AD%D8%AA%D8%B1%D8%A7%D9%81%D9%8A,4.5,12,3 ساعات,13,0,$5.00,يومين,12,3,55.0,.Monzer Y,https://khamsat.com/user/monzer_j0,True,بائع مميز,4.5,12,93.15%,2,13,3 ساعات
فيديو وأنيميشن,https://khamsat.com/video-design,وايت بورد,https://khamsat.com/video-design/white-board,تصميم فيديو وايت بورد انيميشن ابداعي وجذاب,https://khamsat.com/video-design/white-board/2871087-%D8%AA%D8%B5%D9%85%D9%8A%D9%85-%D9%81%D9%8A%D8%AF%D9%8A%D9%88-%D9%88%D8%A7%D9%8A%D8%AA-%D8%A8%D9%88%D8%B1%D8%AF-%D8%A7%D9%86%D9%8A%D9%85%D9%8A%D8%B4%D9%86-%D8%A7%D8%A8%D8%AF%D8%A7%D8%B9%D9%8A-%D9%88%D8%AC%D8%B0%D8%A7%D8%A8,5.0,1,4 ساعات,1,0,$5.00,يوم واحد,1,5,80.0,.Ahmed M,https://khamsat.com/user/moussaart1,True,بائع مميز,4.5,49,80.0%,4,50,8 ساعات
فيديو وأنيميشن,https://khamsat.com/video-design,وايت بورد,https://khamsat.com/video-design/white-board,تصميم فديو اعلانى إحترافى بتقنية الوايت بور انميشن,https://khamsat.com/video-design/white-board/2650795-%D8%AA%D8%B5%D9%85%D9%8A%D9%85-%D9%81%D8%AF%D9%8A%D9%88-%D8%A7%D8%B9%D9%84%D8%A7%D9%86%D9%89-%D8%A5%D8%AD%D8%AA%D8%B1%D8%A7%D9%81%D9%89-%D8%A8%D8%AA%D9%82%D9%86%D9%8A%D8%A9-%D8%A7%D9%84%D9%88%D8%A7%D9%8A%D8%AA-%D8%A8%D9%88%D8%B1-%D8%A7%D9%86%D9%85%D9%8A%D8%B4%D9%86,4.5,9,21 دقيقة,9,0,$5.00,يومين,9,5,240.0,رائد ج.,https://khamsat.com/user/raeed_glal197,True,بائع نشيط,4.5,11,85.71%,5,11,36 دقيقة
فيديو وأنيميشن,https://khamsat.com/video-design,وايت بورد,https://khamsat.com/video-design/white-board,سأصمم لك فيديو اعلاني لتسويق منتجاتك,https://khamsat.com/video-design/white-board/114095-%D8%B3%D8%A3%D8%B5%D9%85%D9%85-%D9%84%D9%83-%D9%81%D9%8A%D8%AF%D9%8A%D9%88-%D8%A7%D8%B9%D9%84%D8%A7%D9%86%D9%8A-%D9%84%D8%AA%D8%B3%D9%88%D9%8A%D9%82-%D9%85%D9%86%D8%AA%D8%AC%D8%A7%D8%AA%D9%83,5.0,338,يومين,550,0,$5.00,أسبوع,25,3,175.0,.Qusai I,https://khamsat.com/user/qihbali,True,بائع موثوق,5.0,372,89.47%,2,584,17 ساعة
فيديو وأنيميشن,https://khamsat.com/video-design,وايت بورد,https://khamsat.com/video-design/white-board,تصميم فيديو وايت بورد Whiteboard احترافي,https://khamsat.com/video-design/white-board/1865314-%D8%AA%D8%B5%D9%85%D9%8A%D9%85-%D9%81%D9%8A%D8%AF%D9%8A%D9%88-%D9%88%D8%A7%D9%8A%D8%AA-%D8%A8%D9%88%D8%B1%D8%AF-whiteboard-%D8%A7%D8%AD%D8%AA%D8%B1%D8%A7%D9%81%D9%8A,5.0,13,15 ساعة,15,0,$10.00,ستة أيام,13,5,155.0,.Mohammed K,https://khamsat.com/user/mohammed-kaml,True,بائع مميز,5.0,20,88.52%,2,22,11 ساعة
فيديو وأنيميشن,https://khamsat.com/video-design,وايت بورد,https://khamsat.com/video-design/white-board,سأصمم لك فيديو وايت بورد إعلاني لسناب شات,https://khamsat.com/video-design/white-board/1925150-%D8%B3%D8%A3%D8%B5%D9%85%D9%85-%D9%84%D9%83-%D9%81%D9%8A%D8%AF%D9%8A%D9%88-%D9%88%D8%A7%D9%8A%D8%AA-%D8%A8%D9%88%D8%B1%D8%AF-%D8%A5%D8%B9%D9%84%D8%A7%D9%86%D9%8A-%D9%84%D8%B3%D9%86%D8%A7%D8%A8-%D8%B4%D8%A7%D8%AA,5.0,14,15 ساعة,19,0,$15.00,يومين,14,1,15.0,.Mohamed A,https://khamsat.com/user/mohamed-3tta,True,بائع مميز,4.5,128,90.7%,4,153,4 ساعات
فيديو وأنيميشن,https://khamsat.com/video-design,وايت بورد,https://khamsat.com/video-design/white-board,تصميم فيديو وايت بورد إعلاني لسناب شات,https://khamsat.com/video-design/white-board/2473269-%D8%AA%D8%B5%D9%85%D9%8A%D9%85-%D9%81%D9%8A%D8%AF%D9%8A%D9%88-%D9%88%D8%A7%D9%8A%D8%AA-%D8%A8%D9%88%D8%B1%D8%AF-%D8%A5%D8%B9%D9%84%D8%A7%D9%86%D9%8A-%D9%84%D8%B3%D9%86%D8%A7%D8%A8-%D8%B4%D8%A7%D8%AA,5.0,11,16 ساعة,11,0,$10.00,يوم واحد,11,5,125.0,عبدالرحمن ا.,https://khamsat.com/user/ab0animation,True,بائع مميز,5.0,32,94.74%,4,28,5 ساعات
فيديو وأنيميشن,https://khamsat.com/video-design,وايت بورد,https://khamsat.com/video-design/white-board,تصميم فيديوهات الوايت بورد بإحترافية عالية وأسلوب مبسط ومنظم,https://khamsat.com/video-design/white-board/1992087-%D8%AA%D8%B5%D9%85%D9%8A%D9%85-%D9%81%D9%8A%D8%AF%D9%8A%D9%88%D9%87%D8%A7%D8%AA-%D8%A7%D9%84%D9%88%D8%A7%D9%8A%D8%AA-%D8%A8%D9%88%D8%B1%D8%AF-%D8%A8%D8%A5%D8%AD%D8%AA%D8%B1%D8%A7%D9%81%D9%8A%D8%A9-%D8%B9%D8%A7%D9%84%D9%8A%D8%A9-%D9%88%D8%A3%D8%B3%D9%84%D9%88%D8%A8-%D9%85%D8%A8%D8%B3%D8%B7-%D9%88%D9%85%D9%86%D8%B8%D9%85,5.0,44,6 ساعات,47,0,$5.00,يوم واحد,25,5,80.0,.Hazem S,https://khamsat.com/user/hazem_sami,True,بائع مميز,5.0,55,98.56%,2,55,ساعتين
فيديو وأنيميشن,https://khamsat.com/video-design,وايت بورد,https://khamsat.com/video-design/white-board,أقوم بعمل فيديو احترافي بتقنية الوايت بورد,https://khamsat.com/video-design/white-board/827223-%D8%A3%D9%82%D9%88%D9%85-%D8%A8%D8%B9%D9%85%D9%84-%D9%81%D9%8A%D8%AF%D9%8A%D9%88-%D8%A7%D8%AD%D8%AA%D8%B1%D8%A7%D9%81%D9%8A-%D8%A8%D8%AA%D9%82%D9%86%D9%8A%D8%A9-%D8%A7%D9%84%D9%88%D8%A7%D9%8A%D8%AA-%D8%A8%D9%88%D8%B1%D8%AF,5.0,136,ساعتين,180,0,$5.00,ثلاثة أيام,25,5,90.0,محمد الأمين ب.,https://khamsat.com/user/%D9%85%D8%AD%D9%85%D8%AF-%D8%A7%D9%84%D8%A3%D9%85%D9%8A%D9%86-%D8%A8%D9%86-%D9%8A%D9%85%D9%8A%D9%86%D8%A9,True,بائع مميز,5.0,160,91.6%,4,199,13 ساعة
فيديو وأنيميشن,https://khamsat.com/video-design,وايت بورد,https://khamsat.com/video-design/white-board,أصمم لك اعلان او شرح بتقنية الوايت بورد أنيميشن,https://khamsat.com/video-design/white-board/964209-%D8%A3%D8%B5%D9%85%D9%85-%D9%84%D9%83-%D8%A7%D8%B9%D9%84%D8%A7%D9%86-%D8%A7%D9%88-%D8%B4%D8%B1%D8%AD-%D8%A8%D8%AA%D9%82%D9%86%D9%8A%D8%A9-%D8%A7%D9%84%D9%88%D8%A7%D9%8A%D8%AA-%D8%A8%D9%88%D8%B1%D8%AF-%D8%A3%D9%86%D9%8A%D9%85%D9%8A%D8%B4%D9%86,5.0,114,3 أيام,144,0,$15.00,يومين,25,5,390.0,عبدالرحمن ف.,https://khamsat.com/user/%D8%B9%D8%A8%D8%AF%D8%A7%D9%84%D8%B1%D8%AD%D9%85%D9%86-%D9%81%D8%B1%D8%BA%D9%84%D9%8A-%D8%B9%D9%84%D9%8A,True,بائع مميز,5.0,170,96.15%,2,197,20 ساعة
فيديو وأنيميشن,https://khamsat.com/video-design,وايت بورد,https://khamsat.com/video-design/white-board,تصميم فيديو وايت بورد إحترافي,https://khamsat.com/video-design/white-board/2482229-%D8%AA%D8%B5%D9%85%D9%8A%D9%85-%D9%81%D9%8A%D8%AF%D9%8A%D9%88-%D9%88%D8%A7%D9%8A%D8%AA-%D8%A8%D9%88%D8%B1%D8%AF-%D8%A5%D8%AD%D8%AA%D8%B1%D8%A7%D9%81%D9%8A,5.0,5,ساعتين,7,0,$5.00,يومين,5,5,110.0,جمال ا.,https://khamsat.com/user/gamalelgaria,True,بائع نشيط,5.0,5,100.0%,1,7,ساعتين
فيديو وأنيميشن,https://khamsat.com/video-design,وايت بورد,https://khamsat.com/video-design/white-board,سوف اصصمم لك فديو جرافيك وايت بوردعلى السبورة احترافي,https://khamsat.com/video-design/white-board/2825262-%D8%B3%D9%88%D9%81-%D8%A7%D8%B5%D8%B5%D9%85%D9%85-%D9%84%D9%83-%D9%81%D8%AF%D9%8A%D9%88-%D8%AC%D8%B1%D8%A7%D9%81%D9%8A%D9%83-%D9%88%D8%A7%D9%8A%D8%AA-%D8%A8%D9%88%D8%B1%D8%AF%D8%B9%D9%84%D9%89-%D8%A7%D9%84%D8%B3%D8%A8%D9%88%D8%B1%D8%A9-%D8%A7%D8%AD%D8%AA%D8%B1%D8%A7%D9%81%D9%8A,4.5,13,6 دقائق,12,0,$5.00,يوم واحد,13,4,155.0,.Mohamed A,https://khamsat.com/user/mohamedashraf2005,True,بائع نشيط,4.5,20,94.12%,3,19,55 دقيقة
فيديو وأنيميشن,https://khamsat.com/video-design,وايت بورد,https://khamsat.com/video-design/white-board,فيديو وايت بورد انيميشن,https://khamsat.com/video-design/white-board/1258318-%D9%81%D9%8A%D8%AF%D9%8A%D9%88-%D9%88%D8%A7%D9%8A%D8%AA-%D8%A8%D9%88%D8%B1%D8%AF-%D8%A7%D9%86%D9%8A%D9%85%D9%8A%D8%B4%D9%86,4.5,39,8 ساعات,48,0,$10.00,ثلاثة أيام,25,5,100.0,.Al Khader A,https://khamsat.com/user/khaderj,True,بائع مميز,4.5,46,96.67%,2,57,6 ساعات
فيديو وأنيميشن,https://khamsat.com/video-design,وايت بورد,https://khamsat.com/video-design/white-board,تصميم فيديو وايت بورد أنيميشن ممتع و احترافي,https://khamsat.com/video-design/white-board/2057197-%D8%AA%D8%B5%D9%85%D9%8A%D9%85-%D9%81%D9%8A%D8%AF%D9%8A%D9%88-%D9%88%D8%A7%D9%8A%D8%AA-%D8%A8%D9%88%D8%B1%D8%AF-%D8%A3%D9%86%D9%8A%D9%85%D9%8A%D8%B4%D9%86-%D9%85%D9%85%D8%AA%D8%B9-%D9%88-%D8%A7%D8%AD%D8%AA%D8%B1%D8%A7%D9%81%D9%8A,4.5,5,6 ساعات,4,0,$5.00,يوم واحد,5,3,45.0,.Fouad M,https://khamsat.com/user/fouad_eddin1,True,بائع مميز,5.0,16,88.52%,2,16,ساعتين
فيديو وأنيميشن,https://khamsat.com/video-design,وايت بورد,https://khamsat.com/video-design/white-board,اقوم بعمل فيديو دعائي جذاب جدا باستخدام الوايت بورد انيميشن,https://khamsat.com/video-design/white-board/2945590-%D8%A7%D9%82%D9%88%D9%85-%D8%A8%D8%B9%D9%85%D9%84-%D9%81%D9%8A%D8%AF%D9%8A%D9%88-%D8%AF%D8%B9%D8%A7%D8%A6%D9%8A-%D8%AC%D8%B0%D8%A7%D8%A8-%D8%AC%D8%AF%D8%A7-%D8%A8%D8%A7%D8%B3%D8%AA%D8%AE%D8%AF%D8%A7%D9%85-%D8%A7%D9%84%D9%88%D8%A7%D9%8A%D8%AA-%D8%A8%D9%88%D8%B1%D8%AF-%D8%A7%D9%86%D9%8A%D9%85%D9%8A%D8%B4%D9%86,5.0,1,ساعة,1,0,$5.00,يومين,1,3,155.0,وليد غ.,https://khamsat.com/user/walidmohammed506,True,بائع جديد,5.0,3,100.0%,5,2,49 دقيقة
فيديو وأنيميشن,https://khamsat.com/video-design,وايت بورد,https://khamsat.com/video-design/white-board,وايت بورد أنيميشن إعلاني لمنتجك,https://khamsat.com/video-design/white-board/2186535-%D9%88%D8%A7%D9%8A%D8%AA-%D8%A8%D9%88%D8%B1%D8%AF-%D8%A3%D9%86%D9%8A%D9%85%D9%8A%D8%B4%D9%86-%D8%A5%D8%B9%D9%84%D8%A7%D9%86%D9%8A-%D9%84%D9%85%D9%86%D8%AA%D8%AC%D9%83,5.0,10,دقيقة,10,0,$5.00,يوم واحد,10,5,170.0,عبدالرحمن ا.,https://khamsat.com/user/ab0animation,True,بائع مميز,5.0,32,94.74%,4,28,5 ساعات
فيديو وأنيميشن,https://khamsat.com/video-design,وايت بورد,https://khamsat.com/video-design/white-board,تصميم فيديو وايت بورد احترافي و بجودة عالية,https://khamsat.com/video-design/white-board/2199338-%D8%AA%D8%B5%D9%85%D9%8A%D9%85-%D9%81%D9%8A%D8%AF%D9%8A%D9%88-%D9%88%D8%A7%D9%8A%D8%AA-%D8%A8%D9%88%D8%B1%D8%AF-%D8%A7%D8%AD%D8%AA%D8%B1%D8%A7%D9%81%D9%8A-%D9%88-%D8%A8%D8%AC%D9%88%D8%AF%D8%A9-%D8%B9%D8%A7%D9%84%D9%8A%D8%A9,5.0,11,55 دقيقة,11,0,$5.00,يوم واحد,11,4,165.0,فاطمة الزهراء ز.,https://khamsat.com/user/zahraa_1379,True,بائع نشيط,5.0,13,100.0%,4,13,56 دقيقة
فيديو وأنيميشن,https://khamsat.com/video-design,وايت بورد,https://khamsat.com/video-design/white-board,فيديو بخاصية الوايت بورد انيميشن بمؤثرات صوتيه,https://khamsat.com/video-design/white-board/1678259-%D9%81%D9%8A%D8%AF%D9%8A%D9%88-%D8%A8%D8%AE%D8%A7%D8%B5%D9%8A%D8%A9-%D8%A7%D9%84%D9%88%D8%A7%D9%8A%D8%AA-%D8%A8%D9%88%D8%B1%D8%AF-%D8%A7%D9%86%D9%8A%D9%85%D9%8A%D8%B4%D9%86-%D8%A8%D9%85%D8%A4%D8%AB%D8%B1%D8%A7%D8%AA-%D8%B5%D9%88%D8%AA%D9%8A%D9%87,5.0,4,ساعة,5,0,$5.00,يوم واحد,4,5,75.0,.Saeed M,https://khamsat.com/user/saeed_m_elsayed,True,بائع نشيط,5.0,20,73.33%,6,28,5 ساعات
فيديو وأنيميشن,https://khamsat.com/video-design,وايت بورد,https://khamsat.com/video-design/white-board,سأصمم لك فيديو وايت بورد أنميشن بإحترافية,https://khamsat.com/video-design/white-board/2924293-%D8%B3%D8%A3%D8%B5%D9%85%D9%85-%D9%84%D9%83-%D9%81%D9%8A%D8%AF%D9%8A%D9%88-%D9%88%D8%A7%D9%8A%D8%AA-%D8%A8%D9%88%D8%B1%D8%AF-%D8%A3%D9%86%D9%85%D9%8A%D8%B4%D9%86-%D8%A8%D8%A5%D8%AD%D8%AA%D8%B1%D8%A7%D9%81%D9%8A%D8%A9,5.0,2,16 دقيقة,2,0,$5.00,ثلاثة أيام,2,5,50.0,اسامه ص.,https://khamsat.com/user/sherifosama26,True,بائع جديد,5.0,2,100.0%,1,2,16 دقيقة
فيديو وأنيميشن,https://khamsat.com/video-design,وايت بورد,https://khamsat.com/video-design/white-board,تصميم فيديو وايت بورد انيميشن whiteboard احترافي ومميز,https://khamsat.com/video-design/white-board/1663656-%D8%AA%D8%B5%D9%85%D9%8A%D9%85-%D9%81%D9%8A%D8%AF%D9%8A%D9%88-%D9%88%D8%A7%D9%8A%D8%AA-%D8%A8%D9%88%D8%B1%D8%AF-%D8%A7%D9%86%D9%8A%D9%85%D9%8A%D8%B4%D9%86-whiteboard-%D8%A7%D8%AD%D8%AA%D8%B1%D8%A7%D9%81%D9%8A-%D9%88%D9%85%D9%85%D9%8A%D8%B2,4.5,48,15 ساعة,61,0,$5.00,يومين,25,5,125.0,.Malik Y,https://khamsat.com/user/hamas_yossef,True,بائع مميز,4.5,67,97.02%,4,78,3 ساعات
فيديو وأنيميشن,https://khamsat.com/video-design,وايت بورد,https://khamsat.com/video-design/white-board,فيديو وايت بورد انيميشن,https://khamsat.com/video-design/white-board/1659325-%D9%81%D9%8A%D8%AF%D9%8A%D9%88-%D9%88%D8%A7%D9%8A%D8%AA-%D8%A8%D9%88%D8%B1%D8%AF-%D8%A7%D9%86%D9%8A%D9%85%D9%8A%D8%B4%D9%86,5.0,10,23 ساعة,14,0,$5.00,يوم واحد,10,5,105.0,.Saeed M,https://khamsat.com/user/saeed_m_elsayed,True,بائع نشيط,5.0,20,73.33%,6,28,5 ساعات
فيديو وأنيميشن,https://khamsat.com/video-design,وايت بورد,https://khamsat.com/video-design/white-board,تصميم فيديو وايت بورد باحترافية Whiteboard Animation,https://khamsat.com/video-design/white-board/1582222-%D8%AA%D8%B5%D9%85%D9%8A%D9%85-%D9%81%D9%8A%D8%AF%D9%8A%D9%88-%D9%88%D8%A7%D9%8A%D8%AA-%D8%A8%D9%88%D8%B1%D8%AF-%D8%A8%D8%A7%D8%AD%D8%AA%D8%B1%D8%A7%D9%81%D9%8A%D8%A9-whiteboard-animation,5.0,21,8 دقائق,26,0,$5.00,يوم واحد,21,5,155.0,أية ج.,https://khamsat.com/user/yo96,True,بائع مميز,5.0,32,93.18%,3,39,5 ساعات
فيديو وأنيميشن,https://khamsat.com/video-design,وايت بورد,https://khamsat.com/video-design/white-board,تقديم فيديوهات الوايت بورد المميزة,https://khamsat.com/video-design/white-board/2461663-%D8%AA%D9%82%D8%AF%D9%8A%D9%85-%D9%81%D9%8A%D8%AF%D9%8A%D9%88%D9%87%D8%A7%D8%AA-%D8%A7%D9%84%D9%88%D8%A7%D9%8A%D8%AA-%D8%A8%D9%88%D8%B1%D8%AF-%D8%A7%D9%84%D9%85%D9%85%D9%8A%D8%B2%D8%A9,4.5,10,3 ساعات,17,0,$5.00,يوم واحد,10,2,15.0,.Mohamed A,https://khamsat.com/user/hvdcbvxcbnvc,True,بائع نشيط,4.5,11,93.18%,2,17,ساعة
فيديو وأنيميشن,https://khamsat.com/video-design,وايت بورد,https://khamsat.com/video-design/white-board,تصميم فيديو وايت بورد اعلاني لمنتجك مع تعليق صوتي,https://khamsat.com/video-design/white-board/866485-%D8%AA%D8%B5%D9%85%D9%8A%D9%85-%D9%81%D9%8A%D8%AF%D9%8A%D9%88-%D9%88%D8%A7%D9%8A%D8%AA-%D8%A8%D9%88%D8%B1%D8%AF-%D8%A7%D8%B9%D9%84%D8%A7%D9%86%D9%8A-%D9%84%D9%85%D9%86%D8%AA%D8%AC%D9%83-%D9%85%D8%B9-%D8%AA%D8%B9%D9%84%D9%8A%D9%82-%D8%B5%D9%88%D8%AA%D9%8A,4.5,22,يوم,25,0,$5.00,يوم واحد,22,5,75.0,.Anwar A,https://khamsat.com/user/%D8%A7%D9%86%D9%88%D8%B1-%D8%A7%D8%AD%D9%85%D8%AF-%D8%A7%D9%86%D9%88%D8%B1,True,بائع مميز,4.5,33,77.78%,1,33,9 ساعات
فيديو وأنيميشن,https://khamsat.com/video-design,وايت بورد,https://khamsat.com/video-design/white-board,خدمة فيديو إعلاني بتقنية الوايتبورد لتسويق منتجك بشكل مبتكر,https://khamsat.com/video-design/white-board/2814337-%D8%AE%D8%AF%D9%85%D8%A9-%D9%81%D9%8A%D8%AF%D9%8A%D9%88-%D8%A5%D8%B9%D9%84%D8%A7%D9%86%D9%8A-%D8%A8%D8%AA%D9%82%D9%86%D9%8A%D8%A9-%D8%A7%D9%84%D9%88%D8%A7%D9%8A%D8%AA%D8%A8%D9%88%D8%B1%D8%AF-%D9%84%D8%AA%D8%B3%D9%88%D9%8A%D9%82-%D9%85%D9%86%D8%AA%D8%AC%D9%83-%D8%A8%D8%B4%D9%83%D9%84-%D9%85%D8%A8%D8%AA%D9%83%D8%B1,5.0,2,59 دقيقة,2,0,$10.00,يومين,2,5,110.0,.Mohamed A,https://khamsat.com/user/mohamed2020hany,True,بائع نشيط,5.0,9,92.31%,4,7,43 دقيقة
فيديو وأنيميشن,https://khamsat.com/video-design,فيديوهات سوشيال ميديا,https://khamsat.com/video-design/social-media-videos,انشاء فيديو الغاز لليوتيوب ولكل المنصات Quiz video,https://khamsat.com/video-design/social-media-videos/2903112-%D8%A7%D9%86%D8%B4%D8%A7%D8%A1-%D9%81%D9%8A%D8%AF%D9%8A%D9%88-%D8%A7%D9%84%D8%BA%D8%A7%D8%B2-%D9%84%D9%84%D9%8A%D9%88%D8%AA%D9%8A%D9%88%D8%A8-%D9%88%D9%84%D9%83%D9%84-%D8%A7%D9%84%D9%85%D9%86%D8%B5%D8%A7%D8%AA-quiz-video,5.0,2,3 ساعات,2,0,$10.00,ثلاثة أيام,2,3,25.0,.Mahmoud M,https://khamsat.com/user/mahmoud-shibl,True,بائع نشيط,5.0,8,97.06%,2,8,5 ساعات
فيديو وأنيميشن,https://khamsat.com/video-design,فيديوهات سوشيال ميديا,https://khamsat.com/video-design/social-media-videos,تصميم فيديو إعلاني احترافي للسناب شات,https://khamsat.com/video-design/social-media-videos/2895368-%D8%AA%D8%B5%D9%85%D9%8A%D9%85-%D9%81%D9%8A%D8%AF%D9%8A%D9%88-%D8%A5%D8%B9%D9%84%D8%A7%D9%86%D9%8A-%D8%A7%D8%AD%D8%AA%D8%B1%D8%A7%D9%81%D9%8A-%D9%84%D9%84%D8%B3%D9%86%D8%A7%D8%A8-%D8%B4%D8%A7%D8%AA,4.5,24,12 ساعة,29,0,$5.00,ثلاثة أيام,24,4,115.0,.Mohamad Hasan B,https://khamsat.com/user/hasan_ballout,True,بائع مميز,5.0,42,92.81%,2,49,12 ساعة
فيديو وأنيميشن,https://khamsat.com/video-design,فيديوهات سوشيال ميديا,https://khamsat.com/video-design/social-media-videos,اقدم لك تصميم فيديو اعلاني لمتجرك او منتجك بهدف التفاعل,https://khamsat.com/video-design/social-media-videos/2672933-%D8%A7%D9%82%D8%AF%D9%85-%D9%84%D9%83-%D8%AA%D8%B5%D9%85%D9%8A%D9%85-%D9%81%D9%8A%D8%AF%D9%8A%D9%88-%D8%A7%D8%B9%D9%84%D8%A7%D9%86%D9%8A-%D9%84%D9%85%D8%AA%D8%AC%D8%B1%D9%83-%D8%A7%D9%88-%D9%85%D9%86%D8%AA%D8%AC%D9%83-%D8%A8%D9%87%D8%AF%D9%81-%D8%A7%D9%84%D8%AA%D9%81%D8%A7%D8%B9%D9%84,4.5,59,12 ساعة,80,0,$10.00,يوم واحد,25,5,55.0,امين د.,https://khamsat.com/user/amine_m4,True,بائع مميز,4.5,59,95.3%,1,80,12 ساعة
فيديو وأنيميشن,https://khamsat.com/video-design,فيديوهات سوشيال ميديا,https://khamsat.com/video-design/social-media-videos,تصميم ستوري الانستغرام أو للسناب شات باحترافية ودقة عالية,https://khamsat.com/video-design/social-media-videos/1252720-%D8%AA%D8%B5%D9%85%D9%8A%D9%85-%D8%B3%D8%AA%D9%88%D8%B1%D9%8A-%D8%A7%D9%84%D8%A7%D9%86%D8%B3%D8%AA%D8%BA%D8%B1%D8%A7%D9%85-%D8%A3%D9%88-%D9%84%D9%84%D8%B3%D9%86%D8%A7%D8%A8-%D8%B4%D8%A7%D8%AA-%D8%A8%D8%A7%D8%AD%D8%AA%D8%B1%D8%A7%D9%81%D9%8A%D8%A9-%D9%88%D8%AF%D9%82%D8%A9-%D8%B9%D8%A7%D9%84%D9%8A%D8%A9,4.5,78,يومين,121,0,$10.00,يومين,25,2,30.0,.Younes L,https://khamsat.com/user/younesflp,True,بائع مميز,4.5,132,91.01%,3,169,11 ساعة
فيديو وأنيميشن,https://khamsat.com/video-design,فيديوهات سوشيال ميديا,https://khamsat.com/video-design/social-media-videos,مونتاج جميع أنواع الفيديوهات والإعلانات وقنوات يوتيوب,https://khamsat.com/video-design/social-media-videos/2223558-%D9%85%D9%88%D9%86%D8%AA%D8%A7%D8%AC-%D8%AC%D9%85%D9%8A%D8%B9-%D8%A3%D9%86%D9%88%D8%A7%D8%B9-%D8%A7%D9%84%D9%81%D9%8A%D8%AF%D9%8A%D9%88%D9%87%D8%A7%D8%AA-%D9%88%D8%A7%D9%84%D8%A5%D8%B9%D9%84%D8%A7%D9%86%D8%A7%D8%AA-%D9%88%D9%82%D9%86%D9%88%D8%A7%D8%AA-%D9%8A%D9%88%D8%AA%D9%8A%D9%88%D8%A8,5.0,47,ساعة,57,0,$5.00,يومين,25,4,115.0,يوسف ا.,https://khamsat.com/user/mohamed_abdallah1,True,بائع مميز,5.0,99,97.55%,10,83,27 دقيقة
فيديو وأنيميشن,https://khamsat.com/video-design,فيديوهات سوشيال ميديا,https://khamsat.com/video-design/social-media-videos,تقديم فيديو مصور مع ظهوري الشخصي بمعدات تسجيل احترافية,https://khamsat.com/video-design/video-design-services/2902657-%D8%AA%D9%82%D8%AF%D9%8A%D9%85-%D9%81%D9%8A%D8%AF%D9%8A%D9%88-%D9%85%D8%B5%D9%88%D8%B1-%D9%85%D8%B9-%D8%B8%D9%87%D9%88%D8%B1%D9%8A-%D8%A7%D9%84%D8%B4%D8%AE%D8%B5%D9%8A-%D8%A8%D9%85%D8%B9%D8%AF%D8%A7%D8%AA-%D8%AA%D8%B3%D8%AC%D9%8A%D9%84-%D8%A7%D8%AD%D8%AA%D8%B1%D8%A7%D9%81%D9%8A%D8%A9,0.0,0,لم يحسب,1,0,$50.00,يومين,0,2,35.0,عبده ا.,https://khamsat.com/user/abdulsameareda_1,True,بائع مميز,5.0,81,98.55%,6,102,4 ساعات
فيديو وأنيميشن,https://khamsat.com/video-design,فيديوهات سوشيال ميديا,https://khamsat.com/video-design/social-media-videos,اعلان موشن جرافيك احترافي بمقاس طولي سناب وستوري وتيك توك,https://khamsat.com/video-design/motion-graphics/2923195-%D8%A7%D8%B9%D9%84%D8%A7%D9%86-%D9%85%D9%88%D8%B4%D9%86-%D8%AC%D8%B1%D8%A7%D9%81%D9%8A%D9%83-%D8%A7%D8%AD%D8%AA%D8%B1%D8%A7%D9%81%D9%8A-%D8%A8%D9%85%D9%82%D8%A7%D8%B3-%D8%B7%D9%88%D9%84%D9%8A-%D8%B3%D9%86%D8%A7%D8%A8-%D9%88%D8%B3%D8%AA%D9%88%D8%B1%D9%8A-%D9%88%D8%AA%D9%8A%D9%83-%D8%AA%D9%88%D9%83,5.0,9,28 دقيقة,10,0,$20.00,أربعة أيام,9,5,285.0,.Islam M,https://khamsat.com/user/islammaher96,True,بائع نشيط,5.0,16,96.0%,3,14,17 دقيقة
فيديو وأنيميشن,https://khamsat.com/video-design,فيديوهات سوشيال ميديا,https://khamsat.com/video-design/social-media-videos,كتابة محتوى احترافي للريلز Reels لانستجرام وتيكتوك,https://khamsat.com/writing/social-media-copywriting/3021650-%D9%83%D8%AA%D8%A7%D8%A8%D8%A9-%D9%85%D8%AD%D8%AA%D9%88%D9%89-%D8%A7%D8%AD%D8%AA%D8%B1%D8%A7%D9%81%D9%8A-%D9%84%D9%84%D8%B1%D9%8A%D9%84%D8%B2-reels-%D9%84%D8%A7%D9%86%D8%B3%D8%AA%D8%AC%D8%B1%D8%A7%D9%85-%D9%88%D8%AA%D9%8A%D9%83%D8%AA%D9%88%D9%83,5.0,1,ساعة,1,0,$5.00,يوم واحد,1,3,85.0,.Cherif G,https://khamsat.com/user/cherif_gad,True,بائع نشيط,5.0,4,100.0%,7,4,4 ساعات
فيديو وأنيميشن,https://khamsat.com/video-design,فيديوهات سوشيال ميديا,https://khamsat.com/video-design/social-media-videos,إنشاء فيديو موشن جرافيك بمقاس تيك توك- سناب شات- ستوري-ريلز,https://khamsat.com/video-design/motion-graphics/2388753-%D8%A5%D9%86%D8%B4%D8%A7%D8%A1-%D9%81%D9%8A%D8%AF%D9%8A%D9%88-%D9%85%D9%88%D8%B4%D9%86-%D8%AC%D8%B1%D8%A7%D9%81%D9%8A%D9%83-%D8%A8%D9%85%D9%82%D8%A7%D8%B3-%D8%AA%D9%8A%D9%83-%D8%AA%D9%88%D9%83-%D8%B3%D9%86%D8%A7%D8%A8-%D8%B4%D8%A7%D8%AA-%D8%B3%D8%AA%D9%88%D8%B1%D9%8A-%D8%B1%D9%8A%D9%84%D8%B2,5.0,23,3 ساعات,30,0,$25.00,أربعة أيام,23,5,190.0,.Bassam A,https://khamsat.com/user/bassam_abu_shaban,True,بائع مميز,5.0,43,97.44%,4,48,ساعة
فيديو وأنيميشن,https://khamsat.com/video-design,فيديوهات سوشيال ميديا,https://khamsat.com/video-design/social-media-videos,تصميم فيديو ريلز موشن جرافيك وانيميشن,https://khamsat.com/video-design/motion-graphics/3041308-%D8%AA%D8%B5%D9%85%D9%8A%D9%85-%D9%81%D9%8A%D8%AF%D9%8A%D9%88-%D8%B1%D9%8A%D9%84%D8%B2-%D9%85%D9%88%D8%B4%D9%86-%D8%AC%D8%B1%D8%A7%D9%81%D9%8A%D9%83-%D9%88%D8%A7%D9%86%D9%8A%D9%85%D9%8A%D8%B4%D9%86,5.0,1,3 أيام,1,0,$5.00,ثلاثة أيام,1,3,170.0,.Fatma R,https://khamsat.com/user/shahdhassan_35,True,بائع نشيط,4.5,19,96.97%,4,21,يوم
فيديو وأنيميشن,https://khamsat.com/video-design,فيديوهات سوشيال ميديا,https://khamsat.com/video-design/social-media-videos,تصميم فيديو موشن جرافيك مقاسات السناب شات انستغرام وتيكتوك,https://khamsat.com/video-design/motion-graphics/2608436-%D8%AA%D8%B5%D9%85%D9%8A%D9%85-%D9%81%D9%8A%D8%AF%D9%8A%D9%88-%D9%85%D9%88%D8%B4%D9%86-%D8%AC%D8%B1%D8%A7%D9%81%D9%8A%D9%83-%D9%85%D9%82%D8%A7%D8%B3%D8%A7%D8%AA-%D8%A7%D9%84%D8%B3%D9%86%D8%A7%D8%A8-%D8%B4%D8%A7%D8%AA-%D8%A7%D9%86%D8%B3%D8%AA%D8%BA%D8%B1%D8%A7%D9%85-%D9%88%D8%AA%D9%8A%D9%83%D8%AA%D9%88%D9%83,5.0,48,18 دقيقة,64,0,$15.00,يوم واحد,25,5,195.0,محمد ح.,https://khamsat.com/user/moh34,True,بائع مميز,5.0,181,98.85%,2,216,29 دقيقة
فيديو وأنيميشن,https://khamsat.com/video-design,تصميم فيديو إعلاني,https://khamsat.com/video-design/video-ads,إعلان سناب شات مميز,https://khamsat.com/video-design/video-ads/1564174-%D8%A5%D8%B9%D9%84%D8%A7%D9%86-%D8%B3%D9%86%D8%A7%D8%A8-%D8%B4%D8%A7%D8%AA-%D9%85%D9%85%D9%8A%D8%B2,4.5,106,16 ساعة,135,0,$5.00,يوم واحد,25,5,75.0,عبد الحميد ق.,https://khamsat.com/user/kamha,True,بائع مميز,5.0,396,96.74%,2,465,12 ساعة
فيديو وأنيميشن,https://khamsat.com/video-design,تصميم فيديو إعلاني,https://khamsat.com/video-design/video-ads,تصوير شخصيات بفيديو ترويجي إحترافي لشركتك أو مشروعك,https://khamsat.com/video-design/video-ads/2051427-%D8%AA%D8%B5%D9%88%D9%8A%D8%B1-%D8%B4%D8%AE%D8%B5%D9%8A%D8%A7%D8%AA-%D8%A8%D9%81%D9%8A%D8%AF%D9%8A%D9%88-%D8%AA%D8%B1%D9%88%D9%8A%D8%AC%D9%8A-%D8%A5%D8%AD%D8%AA%D8%B1%D8%A7%D9%81%D9%8A-%D9%84%D8%B4%D8%B1%D9%83%D8%AA%D9%83-%D8%A3%D9%88-%D9%85%D8%B4%D8%B1%D9%88%D8%B9%D9%83,4.5,96,17 ساعة,121,0,$50.00,ثلاثة أيام,25,5,455.0,احمد ا.,https://khamsat.com/user/ahmedali091,True,بائع مميز,4.5,126,95.58%,3,151,5 ساعات
فيديو وأنيميشن,https://khamsat.com/video-design,تصميم فيديو إعلاني,https://khamsat.com/video-design/video-ads,شخص أمام الكاميرا لعرض خدماتك ومنتجات بطريقة جذابة,https://khamsat.com/video-design/video-ads/2812971-%D8%B4%D8%AE%D8%B5-%D8%A3%D9%85%D8%A7%D9%85-%D8%A7%D9%84%D9%83%D8%A7%D9%85%D9%8A%D8%B1%D8%A7-%D9%84%D8%B9%D8%B1%D8%B6-%D8%AE%D8%AF%D9%85%D8%A7%D8%AA%D9%83-%D9%88%D9%85%D9%86%D8%AA%D8%AC%D8%A7%D8%AA-%D8%A8%D8%B7%D8%B1%D9%8A%D9%82%D8%A9-%D8%AC%D8%B0%D8%A7%D8%A8%D8%A9,5.0,23,15 ساعة,27,0,$25.00,خمسة أيام,23,5,135.0,أحمد غ.,https://khamsat.com/user/%D8%A3%D8%AD%D9%85%D8%AF-%D8%BA%D9%86%D9%8A%D9%85,True,بائع نشيط,5.0,24,97.22%,5,27,7 ساعات
فيديو وأنيميشن,https://khamsat.com/video-design,تصميم فيديو إعلاني,https://khamsat.com/video-design/video-ads,إنشاء فيديو إعلاني لمنتوجك أو خدمتك,https://khamsat.com/video-design/video-ads/2268347-%D8%A5%D9%86%D8%B4%D8%A7%D8%A1-%D9%81%D9%8A%D8%AF%D9%8A%D9%88-%D8%A5%D8%B9%D9%84%D8%A7%D9%86%D9%8A-%D9%84%D9%85%D9%86%D8%AA%D9%88%D8%AC%D9%83-%D8%A3%D9%88-%D8%AE%D8%AF%D9%85%D8%AA%D9%83,5.0,58,ساعتين,66,0,$15.00,يومين,25,5,80.0,.Mina A,https://khamsat.com/user/miinasaleh,True,بائع مميز,5.0,75,94.64%,8,79,3 ساعات
فيديو وأنيميشن,https://khamsat.com/video-design,تصميم فيديو إعلاني,https://khamsat.com/video-design/video-ads,تصميم فيديو احترافى لتطبيقك على الجوال,https://khamsat.com/video-design/video-ads/2907167-%D8%AA%D8%B5%D9%85%D9%8A%D9%85-%D9%81%D9%8A%D8%AF%D9%8A%D9%88-%D8%A7%D8%AD%D8%AA%D8%B1%D8%A7%D9%81%D9%89-%D9%84%D8%AA%D8%B7%D8%A8%D9%8A%D9%82%D9%83-%D8%B9%D9%84%D9%89-%D8%A7%D9%84%D8%AC%D9%88%D8%A7%D9%84,5.0,5,20 دقيقة,6,0,$10.00,ثلاثة أيام,5,5,80.0,.Mohamed F,https://khamsat.com/user/mohamed_f771,True,بائع نشيط,5.0,5,100.0%,2,6,20 دقيقة
فيديو وأنيميشن,https://khamsat.com/video-design,تصميم فيديو إعلاني,https://khamsat.com/video-design/video-ads,تصميم فيديو إعلاني احترافي,https://khamsat.com/video-design/video-ads/2582244-%D8%AA%D8%B5%D9%85%D9%8A%D9%85-%D9%81%D9%8A%D8%AF%D9%8A%D9%88-%D8%A5%D8%B9%D9%84%D8%A7%D9%86%D9%8A-%D8%A7%D8%AD%D8%AA%D8%B1%D8%A7%D9%81%D9%8A,5.0,23,4 ساعات,31,0,$15.00,يومين,23,5,105.0,.Ahmed N,https://khamsat.com/user/ahmed_nassib,True,بائع نشيط,5.0,24,100.0%,3,31,3 ساعات
فيديو وأنيميشن,https://khamsat.com/video-design,تصميم فيديو إعلاني,https://khamsat.com/video-design/video-ads,عمل فيديو اعلاني ثلاثي الابعاد للمنتج الخاص بك,https://khamsat.com/video-design/video-ads/2844579-%D8%B9%D9%85%D9%84-%D9%81%D9%8A%D8%AF%D9%8A%D9%88-%D8%A7%D8%B9%D9%84%D8%A7%D9%86%D9%8A-%D8%AB%D9%84%D8%A7%D8%AB%D9%8A-%D8%A7%D9%84%D8%A7%D8%A8%D8%B9%D8%A7%D8%AF-%D9%84%D9%84%D9%85%D9%86%D8%AA%D8%AC-%D8%A7%D9%84%D8%AE%D8%A7%D8%B5-%D8%A8%D9%83,5.0,4,10 ساعات,4,0,$10.00,ثلاثة أيام,4,5,135.0,.Saleh Y,https://khamsat.com/user/salehyosri,True,بائع جديد,5.0,4,36.36%,1,4,10 ساعات
فيديو وأنيميشن,https://khamsat.com/video-design,تصميم فيديو إعلاني,https://khamsat.com/video-design/video-ads,اقدم لك تصميم فيديو اعلاني لمتجرك او منتجك,https://khamsat.com/video-design/video-ads/2624643-%D8%A7%D9%82%D8%AF%D9%85-%D9%84%D9%83-%D8%AA%D8%B5%D9%85%D9%8A%D9%85-%D9%81%D9%8A%D8%AF%D9%8A%D9%88-%D8%A7%D8%B9%D9%84%D8%A7%D9%86%D9%8A-%D9%84%D9%85%D8%AA%D8%AC%D8%B1%D9%83-%D8%A7%D9%88-%D9%85%D9%86%D8%AA%D8%AC%D9%83,4.5,123,13 ساعة,169,1,$10.00,يوم واحد,25,5,45.0,.Radia M,https://khamsat.com/user/sihem_merouche123,True,بائع مميز,4.5,135,92.73%,1,181,7 ساعات
فيديو وأنيميشن,https://khamsat.com/video-design,تصميم فيديو إعلاني,https://khamsat.com/video-design/video-ads,تصميم فيديو اعلان برومو بشكل احترافي,https://khamsat.com/video-design/video-ads/2397278-%D8%AA%D8%B5%D9%85%D9%8A%D9%85-%D9%81%D9%8A%D8%AF%D9%8A%D9%88-%D8%A7%D8%B9%D9%84%D8%A7%D9%86-%D8%A8%D8%B1%D9%88%D9%85%D9%88-%D8%A8%D8%B4%D9%83%D9%84-%D8%A7%D8%AD%D8%AA%D8%B1%D8%A7%D9%81%D9%8A,4.5,16,13 دقيقة,18,0,$35.00,ثلاثة أيام,16,2,25.0,.Ayman E,https://khamsat.com/user/the-empire,True,بائع مميز,4.5,37,95.56%,4,34,ساعتين
فيديو وأنيميشن,https://khamsat.com/video-design,تصميم فيديو إعلاني,https://khamsat.com/video-design/video-ads,تصميم فيديو اعلاني 3D احترافي بافضل جودة وبأحدث التقنيات,https://khamsat.com/video-design/video-ads/2859938-%D8%AA%D8%B5%D9%85%D9%8A%D9%85-%D9%81%D9%8A%D8%AF%D9%8A%D9%88-%D8%A7%D8%B9%D9%84%D8%A7%D9%86%D9%8A-3d-%D8%A7%D8%AD%D8%AA%D8%B1%D8%A7%D9%81%D9%8A-%D8%A8%D8%A7%D9%81%D8%B6%D9%84-%D8%AC%D9%88%D8%AF%D8%A9-%D9%88%D8%A8%D8%A3%D8%AD%D8%AF%D8%AB-%D8%A7%D9%84%D8%AA%D9%82%D9%86%D9%8A%D8%A7%D8%AA,5.0,6,3 دقائق,7,0,$10.00,يومين,6,4,225.0,.Haifa N,https://khamsat.com/user/haif40,True,بائع نشيط,5.0,6,66.67%,1,7,3 دقائق
فيديو وأنيميشن,https://khamsat.com/video-design,تصميم فيديو إعلاني,https://khamsat.com/video-design/video-ads,تصميم فيديو إعلاني احترافي لموقعك او شركتك,https://khamsat.com/video-design/video-ads/2778923-%D8%AA%D8%B5%D9%85%D9%8A%D9%85-%D9%81%D9%8A%D8%AF%D9%8A%D9%88-%D8%A5%D8%B9%D9%84%D8%A7%D9%86%D9%8A-%D8%A7%D8%AD%D8%AA%D8%B1%D8%A7%D9%81%D9%8A-%D9%84%D9%85%D9%88%D9%82%D8%B9%D9%83-%D8%A7%D9%88-%D8%B4%D8%B1%D9%83%D8%AA%D9%83,5.0,18,ساعة,22,0,$20.00,يومين,18,5,205.0,أحمد خ.,https://khamsat.com/user/%D9%85%D9%87%D9%86%D8%AF%D8%B3-%D8%A3%D8%AD%D9%85%D8%AF-%D8%AE%D9%84%D9%8A%D9%84,True,بائع مميز,5.0,75,96.26%,4,85,ساعة
فيديو وأنيميشن,https://khamsat.com/video-design,تصميم فيديو إعلاني,https://khamsat.com/video-design/video-ads,صناعة فيديو توعوي أو أعلاني,https://khamsat.com/video-design/video-ads/2530406-%D8%B5%D9%86%D8%A7%D8%B9%D8%A9-%D9%81%D9%8A%D8%AF%D9%8A%D9%88-%D8%AA%D9%88%D8%B9%D9%88%D9%8A-%D8%A3%D9%88-%D8%A3%D8%B9%D9%84%D8%A7%D9%86%D9%8A,4.5,10,15 ساعة,9,0,$25.00,أربعة أيام,10,4,55.0,.Mohammad A,https://khamsat.com/user/mohammad.aljorsy,True,مشتري مميز,4.5,11,74.07%,5,9,يومين
فيديو وأنيميشن,https://khamsat.com/video-design,تصميم فيديو إعلاني,https://khamsat.com/video-design/video-ads,عمل فديو اعلاني سناب شات,https://khamsat.com/video-design/video-ads/1464604-%D8%B9%D9%85%D9%84-%D9%81%D8%AF%D9%8A%D9%88-%D8%A7%D8%B9%D9%84%D8%A7%D9%86%D9%8A-%D8%B3%D9%86%D8%A7%D8%A8-%D8%B4%D8%A7%D8%AA,5.0,23,ساعة,40,0,$10.00,يومين,23,5,50.0,.Mostafa E,https://khamsat.com/user/mostafa_essam23,True,بائع مميز,5.0,29,92.21%,1,45,ساعة
فيديو وأنيميشن,https://khamsat.com/video-design,تصميم فيديو إعلاني,https://khamsat.com/video-design/video-ads,اعلان موشن جرافيك احترافي ومبتكر للسناب شات او انستغرام,https://khamsat.com/video-design/video-ads/2080949-%D8%A7%D8%B9%D9%84%D8%A7%D9%86-%D9%85%D9%88%D8%B4%D9%86-%D8%AC%D8%B1%D8%A7%D9%81%D9%8A%D9%83-%D8%A7%D8%AD%D8%AA%D8%B1%D8%A7%D9%81%D9%8A-%D9%88%D9%85%D8%A8%D8%AA%D9%83%D8%B1-%D9%84%D9%84%D8%B3%D9%86%D8%A7%D8%A8-%D8%B4%D8%A7%D8%AA-%D8%A7%D9%88-%D8%A7%D9%86%D8%B3%D8%AA%D8%BA%D8%B1%D8%A7%D9%85,5.0,67,ساعة,93,2,$15.00,ثلاثة أيام,25,5,155.0,.Mamoun A,https://khamsat.com/user/mamoonmotion,True,بائع مميز,5.0,142,96.08%,6,182,8 ساعات
فيديو وأنيميشن,https://khamsat.com/video-design,تصميم فيديو إعلاني,https://khamsat.com/video-design/video-ads,تصميم فيديو ترويجي متكامل لعملك,https://khamsat.com/video-design/video-ads/2637696-%D8%AA%D8%B5%D9%85%D9%8A%D9%85-%D9%81%D9%8A%D8%AF%D9%8A%D9%88-%D8%AA%D8%B1%D9%88%D9%8A%D8%AC%D9%8A-%D9%85%D8%AA%D9%83%D8%A7%D9%85%D9%84-%D9%84%D8%B9%D9%85%D9%84%D9%83,4.5,38,ساعتين,54,0,$10.00,يومين,25,5,165.0,.Ehab H,https://khamsat.com/user/ehab_haidar,True,بائع مميز,4.5,40,96.0%,3,56,ساعة
فيديو وأنيميشن,https://khamsat.com/video-design,تصميم فيديو إعلاني,https://khamsat.com/video-design/video-ads,تصميم فيديو عن العقار على أعلى مستوى,https://khamsat.com/video-design/video-ads/2370977-%D8%AA%D8%B5%D9%85%D9%8A%D9%85-%D9%81%D9%8A%D8%AF%D9%8A%D9%88-%D8%B9%D9%86-%D8%A7%D9%84%D8%B9%D9%82%D8%A7%D8%B1-%D8%B9%D9%84%D9%89-%D8%A3%D8%B9%D9%84%D9%89-%D9%85%D8%B3%D8%AA%D9%88%D9%89,4.5,10,5 ساعات,14,1,$10.00,ثلاثة أيام,10,5,190.0,ياسين ا.,https://khamsat.com/user/yassineprofessionel,True,بائع مميز,5.0,67,92.67%,7,85,15 ساعة
فيديو وأنيميشن,https://khamsat.com/video-design,تصميم فيديو إعلاني,https://khamsat.com/video-design/video-ads,اصمم لك ماتريد من فيديوهات اعلانية,https://khamsat.com/video-design/video-ads/830912-%D8%A7%D8%B5%D9%85%D9%85-%D9%84%D9%83-%D9%85%D8%A7%D8%AA%D8%B1%D9%8A%D8%AF-%D9%85%D9%86-%D9%81%D9%8A%D8%AF%D9%8A%D9%88%D9%87%D8%A7%D8%AA-%D8%A7%D8%B9%D9%84%D8%A7%D9%86%D9%8A%D8%A9,4.5,212,8 ساعات,302,0,$10.00,يوم واحد,25,5,350.0,.Ahmed A,https://khamsat.com/user/designs-ahmed,True,بائع مميز,4.5,322,93.75%,6,383,6 ساعات
فيديو وأنيميشن,https://khamsat.com/video-design,تصميم فيديو إعلاني,https://khamsat.com/video-design/video-ads,تصميم فيديو اعلاني مميز لترويج مشروعك او منتجاتك,https://khamsat.com/video-design/video-ads/2819065-%D8%AA%D8%B5%D9%85%D9%8A%D9%85-%D9%81%D9%8A%D8%AF%D9%8A%D9%88-%D8%A7%D8%B9%D9%84%D8%A7%D9%86%D9%8A-%D9%85%D9%85%D9%8A%D8%B2-%D9%84%D8%AA%D8%B1%D9%88%D9%8A%D8%AC-%D9%85%D8%B4%D8%B1%D9%88%D8%B9%D9%83-%D8%A7%D9%88-%D9%85%D9%86%D8%AA%D8%AC%D8%A7%D8%AA%D9%83,5.0,17,ساعة,22,0,$10.00,يومين,17,5,100.0,رضا م.,https://khamsat.com/user/reda_graphic,True,بائع موثوق,5.0,151,98.95%,7,162,ساعتين
فيديو وأنيميشن,https://khamsat.com/video-design,تصميم فيديو إعلاني,https://khamsat.com/video-design/video-ads,تصميم فيديو موشن جرافيك احترافي,https://khamsat.com/video-design/video-ads/2574148-%D8%AA%D8%B5%D9%85%D9%8A%D9%85-%D9%81%D9%8A%D8%AF%D9%8A%D9%88-%D9%85%D9%88%D8%B4%D9%86-%D8%AC%D8%B1%D8%A7%D9%81%D9%8A%D9%83-%D8%A7%D8%AD%D8%AA%D8%B1%D8%A7%D9%81%D9%8A,4.5,19,6 دقائق,22,0,$5.00,يومين,19,3,130.0,.Rahim A,https://khamsat.com/user/rahim_abdo,True,بائع مميز,5.0,121,89.83%,7,145,ساعة
فيديو وأنيميشن,https://khamsat.com/video-design,تصميم فيديو إعلاني,https://khamsat.com/video-design/video-ads,تصميم الفيديوهات الإعلانية والدعائية باعلى جودة,https://khamsat.com/video-design/video-ads/1747308-%D8%AA%D8%B5%D9%85%D9%8A%D9%85-%D8%A7%D9%84%D9%81%D9%8A%D8%AF%D9%8A%D9%88%D9%87%D8%A7%D8%AA-%D8%A7%D9%84%D8%A5%D8%B9%D9%84%D8%A7%D9%86%D9%8A%D8%A9-%D9%88%D8%A7%D9%84%D8%AF%D8%B9%D8%A7%D8%A6%D9%8A%D8%A9-%D8%A8%D8%A7%D8%B9%D9%84%D9%89-%D8%AC%D9%88%D8%AF%D8%A9,4.5,19,ساعة,24,0,$10.00,ثلاثة أيام,19,4,120.0,.Mamdouh N,https://khamsat.com/user/mamdouh-nagy,True,بائع نشيط,4.5,276,84.21%,5,326,8 ساعات
فيديو وأنيميشن,https://khamsat.com/video-design,تصميم فيديو إعلاني,https://khamsat.com/video-design/video-ads,عمل فيديوهات دعائية بالذكاء الاصطناعي,https://khamsat.com/video-design/video-ads/2730472-%D8%B9%D9%85%D9%84-%D9%81%D9%8A%D8%AF%D9%8A%D9%88%D9%87%D8%A7%D8%AA-%D8%AF%D8%B9%D8%A7%D8%A6%D9%8A%D8%A9-%D8%A8%D8%A7%D9%84%D8%B0%D9%83%D8%A7%D8%A1-%D8%A7%D9%84%D8%A7%D8%B5%D8%B7%D9%86%D8%A7%D8%B9%D9%8A,4.5,30,ساعتين,33,0,$10.00,يومين,25,1,10.0,.Ahmed M,https://khamsat.com/user/ahmed_mostafa1412,True,بائع مميز,4.5,36,99.17%,6,39,4 ساعات
فيديو وأنيميشن,https://khamsat.com/video-design,تصميم فيديو إعلاني,https://khamsat.com/video-design/video-ads,تصميم إعلان مميز لزيادة ترويج المنتجات والخدمات,https://khamsat.com/video-design/video-ads/3036854-%D8%AA%D8%B5%D9%85%D9%8A%D9%85-%D8%A5%D8%B9%D9%84%D8%A7%D9%86-%D9%85%D9%85%D9%8A%D8%B2-%D9%84%D8%B2%D9%8A%D8%A7%D8%AF%D8%A9-%D8%AA%D8%B1%D9%88%D9%8A%D8%AC-%D8%A7%D9%84%D9%85%D9%86%D8%AA%D8%AC%D8%A7%D8%AA-%D9%88%D8%A7%D9%84%D8%AE%D8%AF%D9%85%D8%A7%D8%AA,5.0,2,ساعة,2,0,$5.00,يومين,2,4,50.0,أحمد إ.,https://khamsat.com/user/easy_serves,True,بائع مميز,5.0,63,96.64%,2,75,ساعة
فيديو وأنيميشن,https://khamsat.com/video-design,تصميم فيديو إعلاني,https://khamsat.com/video-design/video-ads,أصمّم لك هذا الفيديو الترويجي لموقعك باللغة الإنجليزيّة,https://khamsat.com/video-design/video-ads/1327370-%D8%A3%D8%B5%D9%85%D9%85-%D9%84%D9%83-%D9%87%D8%B0%D8%A7-%D8%A7%D9%84%D9%81%D9%8A%D8%AF%D9%8A%D9%88-%D8%A7%D9%84%D8%AA%D8%B1%D9%88%D9%8A%D8%AC%D9%8A-%D9%84%D9%85%D9%88%D9%82%D8%B9%D9%83-%D8%A8%D8%A7%D9%84%D9%84%D8%BA%D8%A9-%D8%A7%D9%84%D8%A5%D9%86%D8%AC%D9%84%D9%8A%D8%B2%D9%8A%D8%A9,5.0,17,ساعتين,21,0,$10.00,ثلاثة أيام,17,5,195.0,هالة د.,https://khamsat.com/user/%D9%87%D8%A7%D9%84%D8%A9-%D8%AF%D9%82%D8%A7%D8%B4%D9%8A,True,بائع مميز,5.0,59,94.07%,2,62,4 ساعات
فيديو وأنيميشن,https://khamsat.com/video-design,تصميم فيديو إعلاني,https://khamsat.com/video-design/video-ads,انشاء فيديو اعلاني 3D خاص 3D MODEL ANIMATION,https://khamsat.com/video-design/video-ads/2940269-%D8%A7%D9%86%D8%B4%D8%A7%D8%A1-%D9%81%D9%8A%D8%AF%D9%8A%D9%88-%D8%A7%D8%B9%D9%84%D8%A7%D9%86%D9%8A-3d-%D8%AE%D8%A7%D8%B5-3d-model-animation,5.0,2,13 دقيقة,3,0,$10.00,أربعة أيام,2,4,225.0,.Saeed S,https://khamsat.com/user/saeed_shoraba,True,بائع جديد,5.0,2,90.0%,2,3,13 دقيقة
فيديو وأنيميشن,https://khamsat.com/video-design,تصميم فيديو إعلاني,https://khamsat.com/video-design/video-ads,أصمم لك فيديو اعلاني احترافي لترويج منتجاتك Full HD,https://khamsat.com/video-design/video-ads/1232882-%D8%A3%D8%B5%D9%85%D9%85-%D9%84%D9%83-%D9%81%D9%8A%D8%AF%D9%8A%D9%88-%D8%A7%D8%B9%D9%84%D8%A7%D9%86%D9%8A-%D8%A7%D8%AD%D8%AA%D8%B1%D8%A7%D9%81%D9%8A-%D9%84%D8%AA%D8%B1%D9%88%D9%8A%D8%AC-%D9%85%D9%86%D8%AA%D8%AC%D8%A7%D8%AA%D9%83-full-hd,4.5,28,ساعة,35,0,$25.00,يومين,25,2,80.0,.Younes L,https://khamsat.com/user/younesflp,True,بائع مميز,4.5,132,91.01%,3,169,11 ساعة
فيديو وأنيميشن,https://khamsat.com/video-design,تصميم فيديو إعلاني,https://khamsat.com/video-design/video-ads,تصميم إعلانات موشن جرافيك 10 ثواني بحجم رأسي 1080*1920,https://khamsat.com/video-design/video-ads/2081917-%D8%AA%D8%B5%D9%85%D9%8A%D9%85-%D8%A5%D8%B9%D9%84%D8%A7%D9%86%D8%A7%D8%AA-%D9%85%D9%88%D8%B4%D9%86-%D8%AC%D8%B1%D8%A7%D9%81%D9%8A%D9%83-10-%D8%AB%D9%88%D8%A7%D9%86%D9%8A-%D8%A8%D8%AD%D8%AC%D9%85-%D8%B1%D8%A3%D8%B3%D9%8A-10801920,4.5,16,6 ساعات,17,0,$25.00,يومين,16,0,0.0,.Mohamed H,https://khamsat.com/user/mohamedhotar,True,بائع مميز,4.5,99,75.71%,1,105,يوم
فيديو وأنيميشن,https://khamsat.com/video-design,تصميم فيديو إعلاني,https://khamsat.com/video-design/video-ads,تصميم فيديو اعلاني تيك توك,https://khamsat.com/video-design/video-ads/3014124-%D8%AA%D8%B5%D9%85%D9%8A%D9%85-%D9%81%D9%8A%D8%AF%D9%8A%D9%88-%D8%A7%D8%B9%D9%84%D8%A7%D9%86%D9%8A-%D8%AA%D9%8A%D9%83-%D8%AA%D9%88%D9%83,5.0,3,14 دقيقة,5,0,$5.00,يوم واحد,3,5,80.0,أحمد م.,https://khamsat.com/user/ahmed200546,True,بائع نشيط,5.0,8,100.0%,4,7,16 دقيقة
فيديو وأنيميشن,https://khamsat.com/video-design,تصميم فيديو إعلاني,https://khamsat.com/video-design/video-ads,تصميم ريلز احترافية مبتكرة,https://khamsat.com/video-design/video-ads/2686003-%D8%AA%D8%B5%D9%85%D9%8A%D9%85-%D8%B1%D9%8A%D9%84%D8%B2-%D8%A7%D8%AD%D8%AA%D8%B1%D8%A7%D9%81%D9%8A%D8%A9-%D9%85%D8%A8%D8%AA%D9%83%D8%B1%D8%A9,5.0,7,37 دقيقة,7,0,$5.00,يومين,7,3,15.0,احمد م.,https://khamsat.com/user/ahmedkalil2000,True,بائع نشيط,5.0,8,57.89%,5,7,40 دقيقة
فيديو وأنيميشن,https://khamsat.com/video-design,تصميم فيديو إعلاني,https://khamsat.com/video-design/video-ads,احصل على فيديو إعلاني مبتكر وجذاب لتسويق منتجاتك وخدماتك,https://khamsat.com/video-design/video-ads/2611258-%D8%A7%D8%AD%D8%B5%D9%84-%D8%B9%D9%84%D9%89-%D9%81%D9%8A%D8%AF%D9%8A%D9%88-%D8%A5%D8%B9%D9%84%D8%A7%D9%86%D9%8A-%D9%85%D8%A8%D8%AA%D9%83%D8%B1-%D9%88%D8%AC%D8%B0%D8%A7%D8%A8-%D9%84%D8%AA%D8%B3%D9%88%D9%8A%D9%82-%D9%85%D9%86%D8%AA%D8%AC%D8%A7%D8%AA%D9%83-%D9%88%D8%AE%D8%AF%D9%85%D8%A7%D8%AA%D9%83,5.0,1,4 ساعات,2,0,$50.00,أسبوع,1,1,20.0,.Mohamed A,https://khamsat.com/user/mohamed-3tta,True,بائع مميز,4.5,128,90.7%,4,153,4 ساعات
فيديو وأنيميشن,https://khamsat.com/video-design,تصميم فيديو إعلاني,https://khamsat.com/video-design/video-ads,تصميم فيديو اعلان سناب شات,https://khamsat.com/video-design/video-ads/2901150-%D8%AA%D8%B5%D9%85%D9%8A%D9%85-%D9%81%D9%8A%D8%AF%D9%8A%D9%88-%D8%A7%D8%B9%D9%84%D8%A7%D9%86-%D8%B3%D9%86%D8%A7%D8%A8-%D8%B4%D8%A7%D8%AA,3.5,3,31 دقيقة,4,0,$10.00,يوم واحد,3,3,75.0,اسامة ع.,https://khamsat.com/user/osama_ahmed_2020,True,بائع نشيط,4.5,16,86.84%,3,18,8 ساعات
فيديو وأنيميشن,https://khamsat.com/video-design,تصميم سلايد شو,https://khamsat.com/video-design/slideshow-videos,انشاء عروض تقديمية عصرية بطريقة الانفوغرافيك و3D,https://khamsat.com/video-design/slideshow-videos/2751896-%D8%A7%D9%86%D8%B4%D8%A7%D8%A1-%D8%B9%D8%B1%D9%88%D8%B6-%D8%AA%D9%82%D8%AF%D9%8A%D9%85%D9%8A%D8%A9-%D8%B9%D8%B5%D8%B1%D9%8A%D8%A9-%D8%A8%D8%B7%D8%B1%D9%8A%D9%82%D8%A9-%D8%A7%D9%84%D8%A7%D9%86%D9%81%D9%88%D8%BA%D8%B1%D8%A7%D9%81%D9%8A%D9%83-%D9%883d,5.0,3,4 ساعات,4,0,$10.00,يومين,3,5,85.0,سهيل ص.,https://khamsat.com/user/souhil213,True,بائع جديد,5.0,3,83.33%,1,4,4 ساعات
فيديو وأنيميشن,https://khamsat.com/video-design,تصميم سلايد شو,https://khamsat.com/video-design/slideshow-videos,تصميم عرض تقديمي احترافي وبدقة عالية,https://khamsat.com/video-design/slideshow-videos/2796470-%D8%AA%D8%B5%D9%85%D9%8A%D9%85-%D8%B9%D8%B1%D8%B6-%D8%AA%D9%82%D8%AF%D9%8A%D9%85%D9%8A-%D8%A7%D8%AD%D8%AA%D8%B1%D8%A7%D9%81%D9%8A-%D9%88%D8%A8%D8%AF%D9%82%D8%A9-%D8%B9%D8%A7%D9%84%D9%8A%D8%A9,5.0,1,ساعة,1,0,$5.00,يوم واحد,1,1,5.0,محمود س.,https://khamsat.com/user/%D9%85%D8%AD%D9%85%D9%88%D8%AF-%D8%B3%D9%84%D8%A7%D9%85%D8%A9-mahmoud,True,بائع جديد,5.0,1,100.0%,4,1,ساعة
فيديو وأنيميشن,https://khamsat.com/video-design,تصميم سلايد شو,https://khamsat.com/video-design/slideshow-videos,فيديوا إعلاني عبارة عن سلايدشوا لعرض الشقق و الأثاث,https://khamsat.com/video-design/slideshow-videos/1311685-%D9%81%D9%8A%D8%AF%D9%8A%D9%88%D8%A7-%D8%A5%D8%B9%D9%84%D8%A7%D9%86%D9%8A-%D8%B9%D8%A8%D8%A7%D8%B1%D8%A9-%D8%B9%D9%86-%D8%B3%D9%84%D8%A7%D9%8A%D8%AF%D8%B4%D9%88%D8%A7-%D9%84%D8%B9%D8%B1%D8%B6-%D8%A7%D9%84%D8%B4%D9%82%D9%82-%D9%88-%D8%A7%D9%84%D8%A3%D8%AB%D8%A7%D8%AB,5.0,4,18 دقيقة,5,0,$5.00,يوم واحد,4,0,0.0,.Hicham M,https://khamsat.com/user/hichammansouri,True,بائع مميز,5.0,61,94.12%,7,67,ساعة
فيديو وأنيميشن,https://khamsat.com/video-design,تصميم سلايد شو,https://khamsat.com/video-design/slideshow-videos,تصميم عروض ابداعية على البوربوينت,https://khamsat.com/video-design/slideshow-videos/2920490-%D8%AA%D8%B5%D9%85%D9%8A%D9%85-%D8%B9%D8%B1%D9%88%D8%B6-%D8%A7%D8%A8%D8%AF%D8%A7%D8%B9%D9%8A%D8%A9-%D8%B9%D9%84%D9%89-%D8%A7%D9%84%D8%A8%D9%88%D8%B1%D8%A8%D9%88%D9%8A%D9%86%D8%AA,0.0,0,لم يحسب,0,0,$5.00,ثلاثة أيام,0,3,25.0,.Iheb H,https://khamsat.com/user/ihebhammami,True,بائع جديد,0.0,0,لم يحسب بعد,2,0,لم يحسب
فيديو وأنيميشن,https://khamsat.com/video-design,تصميم سلايد شو,https://khamsat.com/video-design/slideshow-videos,سأحول صورك إلى عروض فيديو مذهلة (slideshow),https://khamsat.com/video-design/slideshow-videos/1407818-%D8%B3%D8%A3%D8%AD%D9%88%D9%84-%D8%B5%D9%88%D8%B1%D9%83-%D8%A5%D9%84%D9%89-%D8%B9%D8%B1%D9%88%D8%B6-%D9%81%D9%8A%D8%AF%D9%8A%D9%88-%D9%85%D8%B0%D9%87%D9%84%D8%A9-slideshow,5.0,1,ساعة,1,1,$10.00,ثلاثة أيام,1,5,90.0,.Mohamed S,https://khamsat.com/user/van-lone,True,بائع مميز,5.0,56,93.98%,13,66,17 ساعة
فيديو وأنيميشن,https://khamsat.com/video-design,تصميم سلايد شو,https://khamsat.com/video-design/slideshow-videos,اصمم لك فيديو اعلاني سلايد شو لشركتك او منتجك بشكل احترافي,https://khamsat.com/video-design/slideshow-videos/2790440-%D8%A7%D8%B5%D9%85%D9%85-%D9%84%D9%83-%D9%81%D9%8A%D8%AF%D9%8A%D9%88-%D8%A7%D8%B9%D9%84%D8%A7%D9%86%D9%8A-%D8%B3%D9%84%D8%A7%D9%8A%D8%AF-%D8%B4%D9%88-%D9%84%D8%B4%D8%B1%D9%83%D8%AA%D9%83-%D8%A7%D9%88-%D9%85%D9%86%D8%AA%D8%AC%D9%83-%D8%A8%D8%B4%D9%83%D9%84-%D8%A7%D8%AD%D8%AA%D8%B1%D8%A7%D9%81%D9%8A,5.0,1,3 ساعات,1,0,$5.00,يوم واحد,1,1,5.0,.Ibrahim S,https://khamsat.com/user/ibrahim_shaaban1967,True,بائع مميز,5.0,24,100.0%,3,27,5 ساعات
فيديو وأنيميشن,https://khamsat.com/video-design,تصميم سلايد شو,https://khamsat.com/video-design/slideshow-videos,فيديو تعريفي سلايد شو لشركتك أو لموقعك,https://khamsat.com/video-design/slideshow-videos/768450-%D9%81%D9%8A%D8%AF%D9%8A%D9%88-%D8%AA%D8%B9%D8%B1%D9%8A%D9%81%D9%8A-%D8%B3%D9%84%D8%A7%D9%8A%D8%AF-%D8%B4%D9%88-%D9%84%D8%B4%D8%B1%D9%83%D8%AA%D9%83-%D8%A3%D9%88-%D9%84%D9%85%D9%88%D9%82%D8%B9%D9%83,5.0,7,يومين,8,0,$5.00,يومين,7,3,220.0,.Mohamed M,https://khamsat.com/user/%D9%85%D8%AD%D9%85%D8%AF-%D9%85%D9%86%D8%B5%D9%88%D8%B1-%D9%85%D8%AD%D9%85%D8%AF-%D8%B3%D8%B9%D8%AF,True,بائع مميز,5.0,98,94.72%,8,111,11 ساعة
فيديو وأنيميشن,https://khamsat.com/video-design,دعوة زواج,https://khamsat.com/video-design/wedding,تصميم دعوات زفاف إلكترونية,https://khamsat.com/video-design/wedding/2199326-%D8%AA%D8%B5%D9%85%D9%8A%D9%85-%D8%AF%D8%B9%D9%88%D8%A7%D8%AA-%D8%B2%D9%81%D8%A7%D9%81-%D8%A5%D9%84%D9%83%D8%AA%D8%B1%D9%88%D9%86%D9%8A%D8%A9,5.0,4,4 ساعات,4,0,$5.00,يوم واحد,4,3,30.0,رزان ا.,https://khamsat.com/user/razan18ri,True,بائع نشيط,5.0,8,87.5%,2,8,ساعة
فيديو وأنيميشن,https://khamsat.com/video-design,دعوة زواج,https://khamsat.com/video-design/wedding,دعوة لحضور حفل زفاف بطريقة عصرية و جميلة بالذكاء الاصطناعى,https://khamsat.com/video-design/wedding/2902549-%D8%AF%D8%B9%D9%88%D8%A9-%D9%84%D8%AD%D8%B6%D9%88%D8%B1-%D8%AD%D9%81%D9%84-%D8%B2%D9%81%D8%A7%D9%81-%D8%A8%D8%B7%D8%B1%D9%8A%D9%82%D8%A9-%D8%B9%D8%B5%D8%B1%D9%8A%D8%A9-%D9%88-%D8%AC%D9%85%D9%8A%D9%84%D8%A9-%D8%A8%D8%A7%D9%84%D8%B0%D9%83%D8%A7%D8%A1-%D8%A7%D9%84%D8%A7%D8%B5%D8%B7%D9%86%D8%A7%D8%B9%D9%89,0.0,0,لم يحسب,0,0,$10.00,يوم واحد,0,1,5.0,مينا ا.,https://khamsat.com/user/mena_alfy91,True,بائع نشيط,5.0,8,100.0%,9,15,38 دقيقة
فيديو وأنيميشن,https://khamsat.com/video-design,دعوة زواج,https://khamsat.com/video-design/wedding,تصميم دعوة وتهنئة الكترونية لكل مناسبة سعيدة,https://khamsat.com/video-design/wedding/2761630-%D8%AA%D8%B5%D9%85%D9%8A%D9%85-%D8%AF%D8%B9%D9%88%D8%A9-%D9%88%D8%AA%D9%87%D9%86%D8%A6%D8%A9-%D8%A7%D9%84%D9%83%D8%AA%D8%B1%D9%88%D9%86%D9%8A%D8%A9-%D9%84%D9%83%D9%84-%D9%85%D9%86%D8%A7%D8%B3%D8%A8%D8%A9-%D8%B3%D8%B9%D9%8A%D8%AF%D8%A9,0.0,0,لم يحسب,0,0,$5.00,يومين,0,3,15.0,نصيرة ا.,https://khamsat.com/user/arican,False,بائع جديد,0.0,0,لم يحسب بعد,1,0,لم يحسب
فيديو وأنيميشن,https://khamsat.com/video-design,دعوة زواج,https://khamsat.com/video-design/wedding,تصميم دعوة زفاف - خطوبة - حنه فيديو,https://khamsat.com/video-design/wedding/3023801-%D8%AA%D8%B5%D9%85%D9%8A%D9%85-%D8%AF%D8%B9%D9%88%D8%A9-%D8%B2%D9%81%D8%A7%D9%81-%D8%AE%D8%B7%D9%88%D8%A8%D8%A9-%D8%AD%D9%86%D9%87-%D9%81%D9%8A%D8%AF%D9%8A%D9%88,0.0,0,لم يحسب,0,0,$5.00,يوم واحد,0,2,10.0,.Noha T,https://khamsat.com/user/nohatarek895,True,بائع جديد,0.0,0,لم يحسب بعد,5,0,لم يحسب
فيديو وأنيميشن,https://khamsat.com/video-design,دعوة زواج,https://khamsat.com/video-design/wedding,فيديو دعوة فرح أو خطوبة إلكترونية,https://khamsat.com/video-design/wedding/2770701-%D9%81%D9%8A%D8%AF%D9%8A%D9%88-%D8%AF%D8%B9%D9%88%D8%A9-%D9%81%D8%B1%D8%AD-%D8%A3%D9%88-%D8%AE%D8%B7%D9%88%D8%A8%D8%A9-%D8%A5%D9%84%D9%83%D8%AA%D8%B1%D9%88%D9%86%D9%8A%D8%A9,0.0,0,لم يحسب,0,0,$5.00,يوم واحد,0,0,0.0,.Rahma A,https://khamsat.com/user/rahmanofal,False,بائع جديد,0.0,0,لم يحسب بعد,1,0,لم يحسب
فيديو وأنيميشن,https://khamsat.com/video-design,دعوة زواج,https://khamsat.com/video-design/wedding,خدمة بطاقات الأفراح الإلكترونية,https://khamsat.com/video-design/wedding/2507492-%D8%AE%D8%AF%D9%85%D8%A9-%D8%A8%D8%B7%D8%A7%D9%82%D8%A7%D8%AA-%D8%A7%D9%84%D8%A3%D9%81%D8%B1%D8%A7%D8%AD-%D8%A7%D9%84%D8%A5%D9%84%D9%83%D8%AA%D8%B1%D9%88%D9%86%D9%8A%D8%A9,0.0,0,11 ساعة,0,0,$10.00,يوم واحد,0,1,5.0,حسين إ.,https://khamsat.com/user/dr_quality,True,بائع جديد,0.0,0,لم يحسب بعد,4,0,10 ساعات
فيديو وأنيميشن,https://khamsat.com/video-design,دعوة زواج,https://khamsat.com/video-design/wedding,تصميم دعوة زفاف عقد قران او اي مناسبة الكترونية,https://khamsat.com/video-design/wedding/1931334-%D8%AA%D8%B5%D9%85%D9%8A%D9%85-%D8%AF%D8%B9%D9%88%D8%A9-%D8%B2%D9%81%D8%A7%D9%81-%D8%B9%D9%82%D8%AF-%D9%82%D8%B1%D8%A7%D9%86-%D8%A7%D9%88-%D8%A7%D9%8A-%D9%85%D9%86%D8%A7%D8%B3%D8%A8%D8%A9-%D8%A7%D9%84%D9%83%D8%AA%D8%B1%D9%88%D9%86%D9%8A%D8%A9,5.0,13,51 دقيقة,15,0,$10.00,ثلاثة أيام,13,5,200.0,.Rasha K,https://khamsat.com/user/rashakhairallah,True,بائع مميز,5.0,76,96.45%,3,82,41 دقيقة
فيديو وأنيميشن,https://khamsat.com/video-design,دعوة زواج,https://khamsat.com/video-design/wedding,تصميم دعوة زفاف عقد قران على شكل فيديو,https://khamsat.com/video-design/wedding/2798301-%D8%AA%D8%B5%D9%85%D9%8A%D9%85-%D8%AF%D8%B9%D9%88%D8%A9-%D8%B2%D9%81%D8%A7%D9%81-%D8%B9%D9%82%D8%AF-%D9%82%D8%B1%D8%A7%D9%86-%D8%B9%D9%84%D9%89-%D8%B4%D9%83%D9%84-%D9%81%D9%8A%D8%AF%D9%8A%D9%88,0.0,0,لم يحسب,0,0,$5.00,يوم واحد,0,1,10.0,ايمن خ.,https://khamsat.com/user/flippokrix,True,بائع جديد,0.0,0,لم يحسب بعد,3,0,لم يحسب
فيديو وأنيميشن,https://khamsat.com/video-design,دعوة زواج,https://khamsat.com/video-design/wedding,تصميم دعوات أفراح في شكل فيديو رومانسي، كوميدي,https://khamsat.com/video-design/wedding/2729721-%D8%AA%D8%B5%D9%85%D9%8A%D9%85-%D8%AF%D8%B9%D9%88%D8%A7%D8%AA-%D8%A3%D9%81%D8%B1%D8%A7%D8%AD-%D9%81%D9%8A-%D8%B4%D9%83%D9%84-%D9%81%D9%8A%D8%AF%D9%8A%D9%88-%D8%B1%D9%88%D9%85%D8%A7%D9%86%D8%B3%D9%8A-%D9%83%D9%88%D9%85%D9%8A%D8%AF%D9%8A,0.0,0,لم يحسب,0,0,$5.00,يومين,0,0,0.0,.Yousef N,https://khamsat.com/user/yousef_143,False,بائع جديد,0.0,0,لم يحسب بعد,2,0,لم يحسب
فيديو وأنيميشن,https://khamsat.com/video-design,دعوة زواج,https://khamsat.com/video-design/wedding,اصمم لك دعوة زفاف فيديو الكترونية ورفعها عاليوتيوب,https://khamsat.com/video-design/wedding/320898-%D8%A7%D8%B5%D9%85%D9%85-%D9%84%D9%83-%D8%AF%D8%B9%D9%88%D8%A9-%D8%B2%D9%81%D8%A7%D9%81-%D9%81%D9%8A%D8%AF%D9%8A%D9%88-%D8%A7%D9%84%D9%83%D8%AA%D8%B1%D9%88%D9%86%D9%8A%D8%A9-%D9%88%D8%B1%D9%81%D8%B9%D9%87%D8%A7-%D8%B9%D8%A7%D9%84%D9%8A%D9%88%D8%AA%D9%8A%D9%88%D8%A8,4.5,9,ساعة,13,0,$5.00,يوم واحد,9,2,10.0,.Moustafa M,https://khamsat.com/user/mostafamahbob,True,بائع مميز,4.5,23,91.38%,5,30,يومين
فيديو وأنيميشن,https://khamsat.com/video-design,دعوة زواج,https://khamsat.com/video-design/wedding,تصميم دعوات عصرية واحترافية,https://khamsat.com/video-design/wedding/3023115-%D8%AA%D8%B5%D9%85%D9%8A%D9%85-%D8%AF%D8%B9%D9%88%D8%A7%D8%AA-%D8%B9%D8%B5%D8%B1%D9%8A%D8%A9-%D9%88%D8%A7%D8%AD%D8%AA%D8%B1%D8%A7%D9%81%D9%8A%D8%A9,0.0,0,لم يحسب,0,0,$5.00,يوم واحد,0,2,10.0,.Anas A,https://khamsat.com/user/anas_alshafie,False,بائع جديد,0.0,0,لم يحسب بعد,2,0,لم يحسب
فيديو وأنيميشن,https://khamsat.com/video-design,دعوة زواج,https://khamsat.com/video-design/wedding,تصميم دعوات زفاف شارك فرحك مع من تحب,https://khamsat.com/video-design/wedding/2760847-%D8%AA%D8%B5%D9%85%D9%8A%D9%85-%D8%AF%D8%B9%D9%88%D8%A7%D8%AA-%D8%B2%D9%81%D8%A7%D9%81-%D8%B4%D8%A7%D8%B1%D9%83-%D9%81%D8%B1%D8%AD%D9%83-%D9%85%D8%B9-%D9%85%D9%86-%D8%AA%D8%AD%D8%A8,0.0,0,لم يحسب,0,0,$5.00,يوم واحد,0,1,5.0,.Asmaa A,https://khamsat.com/user/a_s_m_a_20,False,بائع جديد,0.0,0,لم يحسب بعد,5,0,لم يحسب
فيديو وأنيميشن,https://khamsat.com/video-design,دعوة زواج,https://khamsat.com/video-design/wedding,تصميم دعوات فيديو احترافية,https://khamsat.com/video-design/wedding/2705519-%D8%AA%D8%B5%D9%85%D9%8A%D9%85-%D8%AF%D8%B9%D9%88%D8%A7%D8%AA-%D9%81%D9%8A%D8%AF%D9%8A%D9%88-%D8%A7%D8%AD%D8%AA%D8%B1%D8%A7%D9%81%D9%8A%D8%A9,0.0,0,لم يحسب,0,0,$5.00,يوم واحد,0,1,5.0,.Roaya R,https://khamsat.com/user/roaya138,False,بائع جديد,0.0,0,لم يحسب بعد,1,0,لم يحسب
فيديو وأنيميشن,https://khamsat.com/video-design,دعوة زواج,https://khamsat.com/video-design/wedding,تصميم فيديو توضيحى جذاب,https://khamsat.com/video-design/wedding/718832-%D8%AA%D8%B5%D9%85%D9%8A%D9%85-%D9%81%D9%8A%D8%AF%D9%8A%D9%88-%D8%AA%D9%88%D8%B6%D9%8A%D8%AD%D9%89-%D8%AC%D8%B0%D8%A7%D8%A8,0.0,0,لم يحسب,0,0,$5.00,يوم واحد,0,0,0.0,مها ا.,https://khamsat.com/user/mahaaliameen,False,بائع مميز,4.5,11,82.81%,3,14,يوم
فيديو وأنيميشن,https://khamsat.com/video-design,دعوة زواج,https://khamsat.com/video-design/wedding,صناعة سلايدر slideshow رائع لحفلات الزواج والخطوبة والاطفال,https://khamsat.com/video-design/wedding/1518485-%D8%B5%D9%86%D8%A7%D8%B9%D8%A9-%D8%B3%D9%84%D8%A7%D9%8A%D8%AF%D8%B1-slideshow-%D8%B1%D8%A7%D8%A6%D8%B9-%D9%84%D8%AD%D9%81%D9%84%D8%A7%D8%AA-%D8%A7%D9%84%D8%B2%D9%88%D8%A7%D8%AC-%D9%88%D8%A7%D9%84%D8%AE%D8%B7%D9%88%D8%A8%D8%A9-%D9%88%D8%A7%D9%84%D8%A7%D8%B7%D9%81%D8%A7%D9%84,0.0,0,لم يحسب,0,0,$5.00,يوم واحد,0,5,100.0,.Bilal E,https://khamsat.com/user/bilaleldebes,True,بائع نشيط,2.5,7,88.89%,8,10,10 ساعات
فيديو وأنيميشن,https://khamsat.com/video-design,دعوة زواج,https://khamsat.com/video-design/wedding,تصميم بشارة مولود او ملكه او زواج اوخطبه او تخرج,https://khamsat.com/video-design/wedding/1922167-%D8%AA%D8%B5%D9%85%D9%8A%D9%85-%D8%A8%D8%B4%D8%A7%D8%B1%D8%A9-%D9%85%D9%88%D9%84%D9%88%D8%AF-%D8%A7%D9%88-%D9%85%D9%84%D9%83%D9%87-%D8%A7%D9%88-%D8%B2%D9%88%D8%A7%D8%AC-%D8%A7%D9%88%D8%AE%D8%B7%D8%A8%D9%87-%D8%A7%D9%88-%D8%AA%D8%AE%D8%B1%D8%AC,0.0,0,43 دقيقة,0,0,$5.00,يومين,0,2,35.0,انهار ع.,https://khamsat.com/user/anharmohammed,True,بائع نشيط,5.0,11,92.68%,3,17,ساعتين
فيديو وأنيميشن,https://khamsat.com/video-design,دعوة زواج,https://khamsat.com/video-design/wedding,فيديو ( دعوة زفاف ),https://khamsat.com/video-design/wedding/1097384-%D9%81%D9%8A%D8%AF%D9%8A%D9%88-%D8%AF%D8%B9%D9%88%D8%A9-%D8%B2%D9%81%D8%A7%D9%81,5.0,2,4 ساعات,4,0,$5.00,يوم واحد,2,4,45.0,.Rula A,https://khamsat.com/user/rula-ajouz,True,بائع مميز,4.5,202,91.23%,7,226,3 ساعات
فيديو وأنيميشن,https://khamsat.com/video-design,دعوة زواج,https://khamsat.com/video-design/wedding,تصميم فيديو دعوة حضور لحفل زواج او اي مناسبة عائلية 20 تانية,https://khamsat.com/video-design/wedding/518660-%D8%AA%D8%B5%D9%85%D9%8A%D9%85-%D9%81%D9%8A%D8%AF%D9%8A%D9%88-%D8%AF%D8%B9%D9%88%D8%A9-%D8%AD%D8%B6%D9%88%D8%B1-%D9%84%D8%AD%D9%81%D9%84-%D8%B2%D9%88%D8%A7%D8%AC-%D8%A7%D9%88-%D8%A7%D9%8A-%D9%85%D9%86%D8%A7%D8%B3%D8%A8%D8%A9-%D8%B9%D8%A7%D8%A6%D9%84%D9%8A%D8%A9-20-%D8%AA%D8%A7%D9%86%D9%8A%D8%A9,5.0,8,3 ساعات,11,0,$10.00,يوم واحد,8,5,150.0,.Anas C,https://khamsat.com/user/anas.chakrane,True,بائع مميز,5.0,740,88.28%,25,795,4 ساعات
فيديو وأنيميشن,https://khamsat.com/video-design,دعوة زواج,https://khamsat.com/video-design/wedding,دعوه 3D لحفل زفافك او خطوبتك او مولودك,https://khamsat.com/video-design/wedding/2963119-%D8%AF%D8%B9%D9%88%D9%87-3d-%D9%84%D8%AD%D9%81%D9%84-%D8%B2%D9%81%D8%A7%D9%81%D9%83-%D8%A7%D9%88-%D8%AE%D8%B7%D9%88%D8%A8%D8%AA%D9%83-%D8%A7%D9%88-%D9%85%D9%88%D9%84%D9%88%D8%AF%D9%83,0.0,0,لم يحسب,0,0,$5.00,يوم واحد,0,0,0.0,.Aisha A,https://khamsat.com/user/aisha2004,True,مشتري جاد,5.0,1,50.0%,5,1,14 دقيقة
فيديو وأنيميشن,https://khamsat.com/video-design,دعوة زواج,https://khamsat.com/video-design/wedding,تصميم دعوات زفاف الاكترونيه,https://khamsat.com/video-design/wedding/2999435-%D8%AA%D8%B5%D9%85%D9%8A%D9%85-%D8%AF%D8%B9%D9%88%D8%A7%D8%AA-%D8%B2%D9%81%D8%A7%D9%81-%D8%A7%D9%84%D8%A7%D9%83%D8%AA%D8%B1%D9%88%D9%86%D9%8A%D9%87,0.0,0,لم يحسب,0,0,$10.00,يومين,0,3,35.0,انهار ع.,https://khamsat.com/user/anharmohammed,True,بائع نشيط,5.0,11,92.68%,3,17,ساعتين
فيديو وأنيميشن,https://khamsat.com/video-design,أعياد ومناسبات,https://khamsat.com/video-design/feasts,ستوري فيديو 10 ثوانى تهنئة شهر رمضان ب 5$ لمدة,https://khamsat.com/video-design/feasts/1716997-%D8%B3%D8%AA%D9%88%D8%B1%D9%8A-%D9%81%D9%8A%D8%AF%D9%8A%D9%88-10-%D8%AB%D9%88%D8%A7%D9%86%D9%89-%D8%AA%D9%87%D9%86%D8%A6%D8%A9-%D8%B4%D9%87%D8%B1-%D8%B1%D9%85%D8%B6%D8%A7%D9%86-%D8%A8-5-%D9%84%D9%85%D8%AF%D8%A9,5.0,17,4 ساعات,20,0,$5.00,يوم واحد,17,3,35.0,.Mohammed E,https://khamsat.com/user/medelayati,True,بائع مميز,5.0,34,100.0%,4,35,ساعة
فيديو وأنيميشن,https://khamsat.com/video-design,أعياد ومناسبات,https://khamsat.com/video-design/feasts,مقدمة فيديو احترافية لشهر رمضان باسمك وشعارك,https://khamsat.com/video-design/feasts/1652937-%D9%85%D9%82%D8%AF%D9%85%D8%A9-%D9%81%D9%8A%D8%AF%D9%8A%D9%88-%D8%A7%D8%AD%D8%AA%D8%B1%D8%A7%D9%81%D9%8A%D8%A9-%D9%84%D8%B4%D9%87%D8%B1-%D8%B1%D9%85%D8%B6%D8%A7%D9%86-%D8%A8%D8%A7%D8%B3%D9%85%D9%83-%D9%88%D8%B4%D8%B9%D8%A7%D8%B1%D9%83,4.5,10,20 دقيقة,13,0,$5.00,يوم واحد,10,3,20.0,محمد ع.,https://khamsat.com/user/elnady2030,True,بائع مميز,5.0,54,98.0%,4,57,3 ساعات
فيديو وأنيميشن,https://khamsat.com/video-design,أعياد ومناسبات,https://khamsat.com/video-design/feasts,فيديو مميز لتهنئة العيد للواتس اب,https://khamsat.com/video-design/feasts/571312-%D9%81%D9%8A%D8%AF%D9%8A%D9%88-%D9%85%D9%85%D9%8A%D8%B2-%D9%84%D8%AA%D9%87%D9%86%D8%A6%D8%A9-%D8%A7%D9%84%D8%B9%D9%8A%D8%AF-%D9%84%D9%84%D9%88%D8%A7%D8%AA%D8%B3-%D8%A7%D8%A8,5.0,20,3 ساعات,28,0,$5.00,يومين,20,5,40.0,.Designer A,https://khamsat.com/user/basem88,False,مشتري VIP,5.0,36,93.75%,3,36,5 ساعات
فيديو وأنيميشن,https://khamsat.com/video-design,أعياد ومناسبات,https://khamsat.com/video-design/feasts,تهنئة بمناسبة شهر رمضان فيديو موشن جرافيك احترافي ثري دي,https://khamsat.com/video-design/feasts/2067452-%D8%AA%D9%87%D9%86%D8%A6%D8%A9-%D8%A8%D9%85%D9%86%D8%A7%D8%B3%D8%A8%D8%A9-%D8%B4%D9%87%D8%B1-%D8%B1%D9%85%D8%B6%D8%A7%D9%86-%D9%81%D9%8A%D8%AF%D9%8A%D9%88-%D9%85%D9%88%D8%B4%D9%86-%D8%AC%D8%B1%D8%A7%D9%81%D9%8A%D9%83-%D8%A7%D8%AD%D8%AA%D8%B1%D8%A7%D9%81%D9%8A-%D8%AB%D8%B1%D9%8A-%D8%AF%D9%8A,5.0,2,5 ساعات,2,0,$20.00,يوم واحد,2,4,340.0,.Leena S,https://khamsat.com/user/leena_wael_saad,True,بائع مميز,4.5,25,88.16%,3,26,4 ساعات
فيديو وأنيميشن,https://khamsat.com/video-design,أعياد ومناسبات,https://khamsat.com/video-design/feasts,مونتاج فيديوهات أعياد ميلاد ومختلف المناسبات,https://khamsat.com/video-design/feasts/1907070-%D9%85%D9%88%D9%86%D8%AA%D8%A7%D8%AC-%D9%81%D9%8A%D8%AF%D9%8A%D9%88%D9%87%D8%A7%D8%AA-%D8%A3%D8%B9%D9%8A%D8%A7%D8%AF-%D9%85%D9%8A%D9%84%D8%A7%D8%AF-%D9%88%D9%85%D8%AE%D8%AA%D9%84%D9%81-%D8%A7%D9%84%D9%85%D9%86%D8%A7%D8%B3%D8%A8%D8%A7%D8%AA,5.0,14,4 ساعات,14,0,$5.00,يومين,14,5,100.0,عصام ر.,https://khamsat.com/user/djalal90,True,بائع مميز,4.5,105,92.66%,4,121,6 ساعات
فيديو وأنيميشن,https://khamsat.com/video-design,أعياد ومناسبات,https://khamsat.com/video-design/feasts,تصميم فيديو إنجازات لليوم الوطني السعودي 93,https://khamsat.com/video-design/feasts/2709880-%D8%AA%D8%B5%D9%85%D9%8A%D9%85-%D9%81%D9%8A%D8%AF%D9%8A%D9%88-%D8%A5%D9%86%D8%AC%D8%A7%D8%B2%D8%A7%D8%AA-%D9%84%D9%84%D9%8A%D9%88%D9%85-%D8%A7%D9%84%D9%88%D8%B7%D9%86%D9%8A-%D8%A7%D9%84%D8%B3%D8%B9%D9%88%D8%AF%D9%8A-93,5.0,14,20 ساعة,17,0,$10.00,يومين,14,5,105.0,.Raed A,https://khamsat.com/user/ra210,True,بائع مميز,4.5,46,93.26%,11,44,ساعتين
فيديو وأنيميشن,https://khamsat.com/video-design,أعياد ومناسبات,https://khamsat.com/video-design/feasts,انترو وتهنئة رمضانية للشهر الكريم بأسمك او بأسم قناتك 10 ثوانى 5$,https://khamsat.com/video-design/feasts/885111-%D8%A7%D9%86%D8%AA%D8%B1%D9%88-%D9%88%D8%AA%D9%87%D9%86%D8%A6%D8%A9-%D8%B1%D9%85%D8%B6%D8%A7%D9%86%D9%8A%D8%A9-%D9%84%D9%84%D8%B4%D9%87%D8%B1-%D8%A7%D9%84%D9%83%D8%B1%D9%8A%D9%85-%D8%A8%D8%A3%D8%B3%D9%85%D9%83-%D8%A7%D9%88-%D8%A8%D8%A3%D8%B3%D9%85-%D9%82%D9%86%D8%A7%D8%AA%D9%83-10-%D8%AB%D9%88%D8%A7%D9%86%D9%89-5,4.5,16,9 ساعات,20,0,$5.00,يومين,16,5,70.0,.Ahmed K,https://khamsat.com/user/ahmed-khalaad,True,بائع مميز,4.5,122,91.04%,2,151,4 ساعات
فيديو وأنيميشن,https://khamsat.com/video-design,أعياد ومناسبات,https://khamsat.com/video-design/feasts,فيديو تهنئة احترافية لعيد الاضحى المبارك,https://khamsat.com/video-design/feasts/1801413-%D9%81%D9%8A%D8%AF%D9%8A%D9%88-%D8%AA%D9%87%D9%86%D8%A6%D8%A9-%D8%A7%D8%AD%D8%AA%D8%B1%D8%A7%D9%81%D9%8A%D8%A9-%D9%84%D8%B9%D9%8A%D8%AF-%D8%A7%D9%84%D8%A7%D8%B6%D8%AD%D9%89-%D8%A7%D9%84%D9%85%D8%A8%D8%A7%D8%B1%D9%83,5.0,3,7 ساعات,5,0,$25.00,يوم واحد,3,1,25.0,.Leena S,https://khamsat.com/user/leena_wael_saad,True,بائع مميز,4.5,25,88.16%,3,26,4 ساعات
فيديو وأنيميشن,https://khamsat.com/video-design,أعياد ومناسبات,https://khamsat.com/video-design/feasts,انترو تهنئة بقدوم شهر رمضان,https://khamsat.com/video-design/feasts/1349410-%D8%A7%D9%86%D8%AA%D8%B1%D9%88-%D8%AA%D9%87%D9%86%D8%A6%D8%A9-%D8%A8%D9%82%D8%AF%D9%88%D9%85-%D8%B4%D9%87%D8%B1-%D8%B1%D9%85%D8%B6%D8%A7%D9%86,5.0,11,8 ساعات,12,0,$10.00,يوم واحد,11,1,10.0,.Mostafa E,https://khamsat.com/user/ebtkar-team,True,بائع مميز,5.0,111,95.54%,10,109,13 ساعة
فيديو وأنيميشن,https://khamsat.com/video-design,أعياد ومناسبات,https://khamsat.com/video-design/feasts,تصميم انترو رمضاني مميز واحترافي بسعر منافس وجودة متميزة,https://khamsat.com/video-design/feasts/1108372-%D8%AA%D8%B5%D9%85%D9%8A%D9%85-%D8%A7%D9%86%D8%AA%D8%B1%D9%88-%D8%B1%D9%85%D8%B6%D8%A7%D9%86%D9%8A-%D9%85%D9%85%D9%8A%D8%B2-%D9%88%D8%A7%D8%AD%D8%AA%D8%B1%D8%A7%D9%81%D9%8A-%D8%A8%D8%B3%D8%B9%D8%B1-%D9%85%D9%86%D8%A7%D9%81%D8%B3-%D9%88%D8%AC%D9%88%D8%AF%D8%A9-%D9%85%D8%AA%D9%85%D9%8A%D8%B2%D8%A9,5.0,10,يومين,12,0,$10.00,يومين,10,5,110.0,.Nada M,https://khamsat.com/user/nadam_e,True,بائع مميز,5.0,35,88.14%,8,37,12 ساعة
فيديو وأنيميشن,https://khamsat.com/video-design,أعياد ومناسبات,https://khamsat.com/video-design/feasts,مقدمة إسلامية مميزة لشهر رمضان والعيد باسمك وشعارك,https://khamsat.com/video-design/feasts/2047020-%D9%85%D9%82%D8%AF%D9%85%D8%A9-%D8%A5%D8%B3%D9%84%D8%A7%D9%85%D9%8A%D8%A9-%D9%85%D9%85%D9%8A%D8%B2%D8%A9-%D9%84%D8%B4%D9%87%D8%B1-%D8%B1%D9%85%D8%B6%D8%A7%D9%86-%D9%88%D8%A7%D9%84%D8%B9%D9%8A%D8%AF-%D8%A8%D8%A7%D8%B3%D9%85%D9%83-%D9%88%D8%B4%D8%B9%D8%A7%D8%B1%D9%83,4.5,3,8 ساعات,5,0,$5.00,يوم واحد,3,2,10.0,محمد ع.,https://khamsat.com/user/elnady2030,True,بائع مميز,5.0,54,98.0%,4,57,3 ساعات
فيديو وأنيميشن,https://khamsat.com/video-design,أعياد ومناسبات,https://khamsat.com/video-design/feasts,تصميم فيديو لستوري السناب او الانستغرام لتهنئة رمضان,https://khamsat.com/video-design/feasts/2068523-%D8%AA%D8%B5%D9%85%D9%8A%D9%85-%D9%81%D9%8A%D8%AF%D9%8A%D9%88-%D9%84%D8%B3%D8%AA%D9%88%D8%B1%D9%8A-%D8%A7%D9%84%D8%B3%D9%86%D8%A7%D8%A8-%D8%A7%D9%88-%D8%A7%D9%84%D8%A7%D9%86%D8%B3%D8%AA%D8%BA%D8%B1%D8%A7%D9%85-%D9%84%D8%AA%D9%87%D9%86%D8%A6%D8%A9-%D8%B1%D9%85%D8%B6%D8%A7%D9%86,5.0,1,11 دقيقة,2,0,$25.00,يومين,1,3,65.0,.Oussama H,https://khamsat.com/user/oussama-hadouar,True,بائع مميز,4.5,178,93.37%,5,231,ساعتين
فيديو وأنيميشن,https://khamsat.com/video-design,أعياد ومناسبات,https://khamsat.com/video-design/feasts,تصميم دعوة الكترونية خاصة بالمناسبات,https://khamsat.com/video-design/feasts/2999962-%D8%AA%D8%B5%D9%85%D9%8A%D9%85-%D8%AF%D8%B9%D9%88%D8%A9-%D8%A7%D9%84%D9%83%D8%AA%D8%B1%D9%88%D9%86%D9%8A%D8%A9-%D8%AE%D8%A7%D8%B5%D8%A9-%D8%A8%D8%A7%D9%84%D9%85%D9%86%D8%A7%D8%B3%D8%A8%D8%A7%D8%AA,0.0,0,لم يحسب,0,0,$5.00,يوم واحد,0,2,10.0,احمد غ.,https://khamsat.com/user/aboali2024,True,بائع جديد,0.0,0,لم يحسب بعد,3,0,لم يحسب
فيديو وأنيميشن,https://khamsat.com/video-design,أعياد ومناسبات,https://khamsat.com/video-design/feasts,تصميم فيديو مونتاج بشارة مولود او تخرج او زفاف,https://khamsat.com/video-design/feasts/2930226-%D8%AA%D8%B5%D9%85%D9%8A%D9%85-%D9%81%D9%8A%D8%AF%D9%8A%D9%88-%D9%85%D9%88%D9%86%D8%AA%D8%A7%D8%AC-%D8%A8%D8%B4%D8%A7%D8%B1%D8%A9-%D9%85%D9%88%D9%84%D9%88%D8%AF-%D8%A7%D9%88-%D8%AA%D8%AE%D8%B1%D8%AC-%D8%A7%D9%88-%D8%B2%D9%81%D8%A7%D9%81,0.0,0,لم يحسب,0,0,$5.00,يوم واحد,0,2,20.0,.Noor A,https://khamsat.com/user/noor1999,True,بائع جديد,0.0,0,لم يحسب بعد,2,0,لم يحسب
فيديو وأنيميشن,https://khamsat.com/video-design,أعياد ومناسبات,https://khamsat.com/video-design/feasts,ستوري تهنئة لرمضان والعيد باسمك وشعارك,https://khamsat.com/video-design/feasts/2852285-%D8%B3%D8%AA%D9%88%D8%B1%D9%8A-%D8%AA%D9%87%D9%86%D8%A6%D8%A9-%D9%84%D8%B1%D9%85%D8%B6%D8%A7%D9%86-%D9%88%D8%A7%D9%84%D8%B9%D9%8A%D8%AF-%D8%A8%D8%A7%D8%B3%D9%85%D9%83-%D9%88%D8%B4%D8%B9%D8%A7%D8%B1%D9%83,0.0,0,لم يحسب,0,0,$5.00,يوم واحد,0,2,10.0,محمد ع.,https://khamsat.com/user/elnady2030,True,بائع مميز,5.0,54,98.0%,4,57,3 ساعات
فيديو وأنيميشن,https://khamsat.com/video-design,أعياد ومناسبات,https://khamsat.com/video-design/feasts,تصميم تهنئة العيد التخرج وغيرها,https://khamsat.com/video-design/feasts/2617405-%D8%AA%D8%B5%D9%85%D9%8A%D9%85-%D8%AA%D9%87%D9%86%D8%A6%D8%A9-%D8%A7%D9%84%D8%B9%D9%8A%D8%AF-%D8%A7%D9%84%D8%AA%D8%AE%D8%B1%D8%AC-%D9%88%D8%BA%D9%8A%D8%B1%D9%87%D8%A7,0.0,0,لم يحسب,0,0,$5.00,يوم واحد,0,2,25.0,.Zolikha A,https://khamsat.com/user/zolikhaabdalla5,True,مشتري جديد,0.0,0,لم يحسب بعد,4,0,ساعتين
فيديو وأنيميشن,https://khamsat.com/video-design,أعياد ومناسبات,https://khamsat.com/video-design/feasts,تصميم فيديو دعوة زفاف ومناسبات خطوبة حنة زفاف سبوع تخرج,https://khamsat.com/video-design/feasts/2760534-%D8%AA%D8%B5%D9%85%D9%8A%D9%85-%D9%81%D9%8A%D8%AF%D9%8A%D9%88-%D8%AF%D8%B9%D9%88%D8%A9-%D8%B2%D9%81%D8%A7%D9%81-%D9%88%D9%85%D9%86%D8%A7%D8%B3%D8%A8%D8%A7%D8%AA-%D8%AE%D8%B7%D9%88%D8%A8%D8%A9-%D8%AD%D9%86%D8%A9-%D8%B2%D9%81%D8%A7%D9%81-%D8%B3%D8%A8%D9%88%D8%B9-%D8%AA%D8%AE%D8%B1%D8%AC,0.0,0,لم يحسب,0,0,$5.00,يوم واحد,0,0,0.0,.Mostfa A,https://khamsat.com/user/amaal-323,True,بائع نشيط,5.0,5,86.21%,3,11,يوم
فيديو وأنيميشن,https://khamsat.com/video-design,أعياد ومناسبات,https://khamsat.com/video-design/feasts,تصميم جرافيك احترافي تهنئة العيد,https://khamsat.com/video-design/feasts/2509735-%D8%AA%D8%B5%D9%85%D9%8A%D9%85-%D8%AC%D8%B1%D8%A7%D9%81%D9%8A%D9%83-%D8%A7%D8%AD%D8%AA%D8%B1%D8%A7%D9%81%D9%8A-%D8%AA%D9%87%D9%86%D8%A6%D8%A9-%D8%A7%D9%84%D8%B9%D9%8A%D8%AF,0.0,0,لم يحسب,0,0,$10.00,يوم واحد,0,0,0.0,حسين إ.,https://khamsat.com/user/dr_quality,True,بائع جديد,0.0,0,لم يحسب بعد,4,0,10 ساعات
فيديو وأنيميشن,https://khamsat.com/video-design,أعياد ومناسبات,https://khamsat.com/video-design/feasts,أصمم لك فيديو إحترافي لعرض صورك الخاصة بكل أمان,https://khamsat.com/video-design/feasts/1227034-%D8%A3%D8%B5%D9%85%D9%85-%D9%84%D9%83-%D9%81%D9%8A%D8%AF%D9%8A%D9%88-%D8%A5%D8%AD%D8%AA%D8%B1%D8%A7%D9%81%D9%8A-%D9%84%D8%B9%D8%B1%D8%B6-%D8%B5%D9%88%D8%B1%D9%83-%D8%A7%D9%84%D8%AE%D8%A7%D8%B5%D8%A9-%D8%A8%D9%83%D9%84-%D8%A3%D9%85%D8%A7%D9%86,5.0,2,9 ساعات,2,0,$5.00,يوم واحد,2,5,100.0,.Fatima N,https://khamsat.com/user/fatima-azahra,True,بائع مميز,4.5,53,93.18%,5,58,4 ساعات
فيديو وأنيميشن,https://khamsat.com/video-design,أعياد ومناسبات,https://khamsat.com/video-design/feasts,انشاء فيديو معايدة بالعيد باسمك او اسم شركتك واللوجو الخاص,https://khamsat.com/video-design/feasts/1743153-%D8%A7%D9%86%D8%B4%D8%A7%D8%A1-%D9%81%D9%8A%D8%AF%D9%8A%D9%88-%D9%85%D8%B9%D8%A7%D9%8A%D8%AF%D8%A9-%D8%A8%D8%A7%D9%84%D8%B9%D9%8A%D8%AF-%D8%A8%D8%A7%D8%B3%D9%85%D9%83-%D8%A7%D9%88-%D8%A7%D8%B3%D9%85-%D8%B4%D8%B1%D9%83%D8%AA%D9%83-%D9%88%D8%A7%D9%84%D9%84%D9%88%D8%AC%D9%88-%D8%A7%D9%84%D8%AE%D8%A7%D8%B5,0.0,0,14 ساعة,2,0,$10.00,يومين,0,3,30.0,هشام م.,https://khamsat.com/user/%D9%87%D8%B4%D8%A7%D9%85-%D9%85%D8%AD%D9%85%D8%AF-%D8%B1%D8%B2%D9%82-%D8%A7%D9%84%D9%81%D8%AE%D8%B1%D8%A7,True,بائع جديد,0.0,0,100.0%,1,2,14 ساعة
فيديو وأنيميشن,https://khamsat.com/video-design,أعياد ومناسبات,https://khamsat.com/video-design/feasts,تصميم بشارة مولود وبطاقات دعوة زفاف,https://khamsat.com/video-design/feasts/2806100-%D8%AA%D8%B5%D9%85%D9%8A%D9%85-%D8%A8%D8%B4%D8%A7%D8%B1%D8%A9-%D9%85%D9%88%D9%84%D9%88%D8%AF-%D9%88%D8%A8%D8%B7%D8%A7%D9%82%D8%A7%D8%AA-%D8%AF%D8%B9%D9%88%D8%A9-%D8%B2%D9%81%D8%A7%D9%81,0.0,0,لم يحسب,0,0,$5.00,يوم واحد,0,2,15.0,.Basil S,https://khamsat.com/user/%D8%A8%D8%A7%D8%B3%D9%84-%D8%B4%D8%B1%D9%8A%D9%85,True,بائع جديد,5.0,1,100.0%,5,2,4 ساعات
فيديو وأنيميشن,https://khamsat.com/video-design,أعياد ومناسبات,https://khamsat.com/video-design/feasts,فيديو تهنئة رمضان، عيد الفطر والاضحى بنطق اسم المهنئ بسعر منافس,https://khamsat.com/video-design/feasts/1112704-%D9%81%D9%8A%D8%AF%D9%8A%D9%88-%D8%AA%D9%87%D9%86%D8%A6%D8%A9-%D8%B1%D9%85%D8%B6%D8%A7%D9%86-%D8%B9%D9%8A%D8%AF-%D8%A7%D9%84%D9%81%D8%B7%D8%B1-%D9%88%D8%A7%D9%84%D8%A7%D8%B6%D8%AD%D9%89-%D8%A8%D9%86%D8%B7%D9%82-%D8%A7%D8%B3%D9%85-%D8%A7%D9%84%D9%85%D9%87%D9%86%D8%A6-%D8%A8%D8%B3%D8%B9%D8%B1-%D9%85%D9%86%D8%A7%D9%81%D8%B3,5.0,20,54 دقيقة,24,0,$5.00,يوم واحد,20,3,30.0,.Ahmed K,https://khamsat.com/user/%D8%A7%D8%AD%D9%85%D8%AF-%D8%AE%D8%A7%D9%84%D8%AF-%D8%B9%D8%A8%D8%AF-%D8%A7%D9%84%D8%AD%D9%83%D9%8A%D9%85,True,بائع نشيط,5.0,21,94.74%,1,26,يومين
فيديو وأنيميشن,https://khamsat.com/video-design,أعياد ومناسبات,https://khamsat.com/video-design/feasts,فيديو باسمك تهنئة العيد بمقاس الستوري,https://khamsat.com/video-design/feasts/2933456-%D9%81%D9%8A%D8%AF%D9%8A%D9%88-%D8%A8%D8%A7%D8%B3%D9%85%D9%83-%D8%AA%D9%87%D9%86%D8%A6%D8%A9-%D8%A7%D9%84%D8%B9%D9%8A%D8%AF-%D8%A8%D9%85%D9%82%D8%A7%D8%B3-%D8%A7%D9%84%D8%B3%D8%AA%D9%88%D8%B1%D9%8A,0.0,0,لم يحسب,0,0,$5.00,يوم واحد,0,3,25.0,.Designer A,https://khamsat.com/user/basem88,False,مشتري VIP,5.0,36,93.75%,3,36,5 ساعات
فيديو وأنيميشن,https://khamsat.com/video-design,أعياد ومناسبات,https://khamsat.com/video-design/feasts,انترو تهنئة بقدوم شهر رمضان المبارك Ramadan 2019/1440,https://khamsat.com/video-design/feasts/1111387-%D8%A7%D9%86%D8%AA%D8%B1%D9%88-%D8%AA%D9%87%D9%86%D8%A6%D8%A9-%D8%A8%D9%82%D8%AF%D9%88%D9%85-%D8%B4%D9%87%D8%B1-%D8%B1%D9%85%D8%B6%D8%A7%D9%86-%D8%A7%D9%84%D9%85%D8%A8%D8%A7%D8%B1%D9%83-ramadan-20191440,5.0,3,ساعتين,3,0,$5.00,يوم واحد,3,1,5.0,رضى ف.,https://khamsat.com/user/%D8%B1%D8%B6%D9%89-%D9%81%D8%B1%D8%A7%D8%AD,True,بائع نشيط,5.0,24,88.89%,2,23,3 ساعات
فيديو وأنيميشن,https://khamsat.com/video-design,أعياد ومناسبات,https://khamsat.com/video-design/feasts,انترو احترافي بمناسبة شهر رمضان المبارك,https://khamsat.com/video-design/feasts/1111331-%D8%A7%D9%86%D8%AA%D8%B1%D9%88-%D8%A7%D8%AD%D8%AA%D8%B1%D8%A7%D9%81%D9%8A-%D8%A8%D9%85%D9%86%D8%A7%D8%B3%D8%A8%D8%A9-%D8%B4%D9%87%D8%B1-%D8%B1%D9%85%D8%B6%D8%A7%D9%86-%D8%A7%D9%84%D9%85%D8%A8%D8%A7%D8%B1%D9%83,5.0,2,ساعة,2,0,$5.00,يوم واحد,2,2,10.0,رضى ف.,https://khamsat.com/user/%D8%B1%D8%B6%D9%89-%D9%81%D8%B1%D8%A7%D8%AD,True,بائع نشيط,5.0,24,88.89%,2,23,3 ساعات
فيديو وأنيميشن,https://khamsat.com/video-design,أعياد ومناسبات,https://khamsat.com/video-design/feasts,تصميم تهنئة رمضانية بمناسبة رمضان,https://khamsat.com/video-design/feasts/2072156-%D8%AA%D8%B5%D9%85%D9%8A%D9%85-%D8%AA%D9%87%D9%86%D8%A6%D8%A9-%D8%B1%D9%85%D8%B6%D8%A7%D9%86%D9%8A%D8%A9-%D8%A8%D9%85%D9%86%D8%A7%D8%B3%D8%A8%D8%A9-%D8%B1%D9%85%D8%B6%D8%A7%D9%86,0.0,0,19 دقيقة,0,0,$5.00,يوم واحد,0,1,15.0,.Bilal E,https://khamsat.com/user/bilaleldebes,True,بائع نشيط,2.5,7,88.89%,8,10,10 ساعات
فيديو وأنيميشن,https://khamsat.com/video-design,أعياد ومناسبات,https://khamsat.com/video-design/feasts,فيديو تهنئة .. رمضان مبارك .. يمكن التعديل مرة واحدة,https://khamsat.com/video-design/feasts/1328954-%D9%81%D9%8A%D8%AF%D9%8A%D9%88-%D8%AA%D9%87%D9%86%D8%A6%D8%A9-%D8%B1%D9%85%D8%B6%D8%A7%D9%86-%D9%85%D8%A8%D8%A7%D8%B1%D9%83-%D9%8A%D9%85%D9%83%D9%86-%D8%A7%D9%84%D8%AA%D8%B9%D8%AF%D9%8A%D9%84-%D9%85%D8%B1%D8%A9-%D9%88%D8%A7%D8%AD%D8%AF%D8%A9,0.0,0,لم يحسب,0,0,$5.00,يوم واحد,0,0,0.0,زياد ا.,https://khamsat.com/user/loun,True,بائع جديد,5.0,2,100.0%,3,2,48 دقيقة
فيديو وأنيميشن,https://khamsat.com/video-design,أعياد ومناسبات,https://khamsat.com/video-design/feasts,أنترو - عيد الأضحى,https://khamsat.com/video-design/feasts/401016-%D8%A3%D9%86%D8%AA%D8%B1%D9%88-%D8%B9%D9%8A%D8%AF-%D8%A7%D9%84%D8%A3%D8%B6%D8%AD%D9%89,5.0,28,5 ساعات,36,0,$5.00,يوم واحد,25,2,15.0,.Anas C,https://khamsat.com/user/anas.chakrane,True,بائع مميز,5.0,740,88.28%,25,795,4 ساعات
فيديو وأنيميشن,https://khamsat.com/video-design,أعياد ومناسبات,https://khamsat.com/video-design/feasts,عمل فيديو واحد احترافي وجذاب للتهنئة بعيد الأضحى,https://khamsat.com/video-design/feasts/1172964-%D8%B9%D9%85%D9%84-%D9%81%D9%8A%D8%AF%D9%8A%D9%88-%D9%88%D8%A7%D8%AD%D8%AF-%D8%A7%D8%AD%D8%AA%D8%B1%D8%A7%D9%81%D9%8A-%D9%88%D8%AC%D8%B0%D8%A7%D8%A8-%D9%84%D9%84%D8%AA%D9%87%D9%86%D8%A6%D8%A9-%D8%A8%D8%B9%D9%8A%D8%AF-%D8%A7%D9%84%D8%A3%D8%B6%D8%AD%D9%89,5.0,8,11 ساعة,10,0,$5.00,يوم واحد,8,0,0.0,.Mamdouh N,https://khamsat.com/user/mamdouh-nagy,True,بائع نشيط,4.5,276,84.21%,5,326,8 ساعات
فيديو وأنيميشن,https://khamsat.com/video-design,أعياد ومناسبات,https://khamsat.com/video-design/feasts,سأقدم لك مقدمة فيديو رائعة احترافية لشهر رمضان المبارك,https://khamsat.com/video-design/feasts/352826-%D8%B3%D8%A3%D9%82%D8%AF%D9%85-%D9%84%D9%83-%D9%85%D9%82%D8%AF%D9%85%D8%A9-%D9%81%D9%8A%D8%AF%D9%8A%D9%88-%D8%B1%D8%A7%D8%A6%D8%B9%D8%A9-%D8%A7%D8%AD%D8%AA%D8%B1%D8%A7%D9%81%D9%8A%D8%A9-%D9%84%D8%B4%D9%87%D8%B1-%D8%B1%D9%85%D8%B6%D8%A7%D9%86-%D8%A7%D9%84%D9%85%D8%A8%D8%A7%D8%B1%D9%83,5.0,19,يوم,28,0,$5.00,يوم واحد,19,0,0.0,.Driss D,https://khamsat.com/user/driss10,True,بائع مميز,5.0,523,90.15%,14,539,12 ساعة
