Category Name,Category URL,Service Name,Service URL,Offer Name,Offer URL,Offer Stars,Offer Raters,Offer Response Time,Offer Buyers,Pending,Price,Duration,Reviews,Available Additions,Additions Price,Owner Name,Owner URL,Owner Verified,Owner Level,Owner Stars,Owner Raters,Owner Completion Rate,Owner Services,Owner Customers,Owner Response Time
هندسة وعمارة,https://khamsat.com/engineering,تصميم مخططات معمارية,https://khamsat.com/engineering/architectural-plans,رسم هندسي للمخططات الهندسية باستخدام الاوتوكاد AutoCAD,https://khamsat.com/engineering/architectural-plans/1386283-%D8%B1%D8%B3%D9%85-%D9%87%D9%86%D8%AF%D8%B3%D9%8A-%D9%84%D9%84%D9%85%D8%AE%D8%B7%D8%B7%D8%A7%D8%AA-%D8%A7%D9%84%D9%87%D9%86%D8%AF%D8%B3%D9%8A%D8%A9-%D8%A8%D8%A7%D8%B3%D8%AA%D8%AE%D8%AF%D8%A7%D9%85-%D8%A7%D9%84%D8%A7%D9%88%D8%AA%D9%88%D9%83%D8%A7%D8%AF-autocad,5.0,6,ساعة,9,0,$10.00,يوم واحد,6,5,110.0,.Mahmoud E,https://khamsat.com/user/magmoud,True,بائع نشيط,5.0,9,100.0%,3,10,ساعة
هندسة وعمارة,https://khamsat.com/engineering,تصميم مخططات معمارية,https://khamsat.com/engineering/architectural-plans,الرسم والتعديل علي الاوتوكاد للمخططات المرسومة يدويا او PDF,https://khamsat.com/engineering/architectural-plans/2838292-%D8%A7%D9%84%D8%B1%D8%B3%D9%85-%D9%88%D8%A7%D9%84%D8%AA%D8%B9%D8%AF%D9%8A%D9%84-%D8%B9%D9%84%D9%8A-%D8%A7%D9%84%D8%A7%D9%88%D8%AA%D9%88%D9%83%D8%A7%D8%AF-%D9%84%D9%84%D9%85%D8%AE%D8%B7%D8%B7%D8%A7%D8%AA-%D8%A7%D9%84%D9%85%D8%B1%D8%B3%D9%88%D9%85%D8%A9-%D9%8A%D8%AF%D9%88%D9%8A%D8%A7-%D8%A7%D9%88-pdf,4.5,9,55 دقيقة,10,0,$10.00,ثلاثة أيام,9,3,30.0,.Omnia A,https://khamsat.com/user/omnia_hendy159,True,بائع نشيط,5.0,17,93.1%,4,21,18 دقيقة
هندسة وعمارة,https://khamsat.com/engineering,تصميم مخططات معمارية,https://khamsat.com/engineering/architectural-plans,رسم وتصميم واظهار المخططات المعمارية 2D ونمذجتها الى 3d,https://khamsat.com/engineering/architectural-plans/2785852-%D8%B1%D8%B3%D9%85-%D9%88%D8%AA%D8%B5%D9%85%D9%8A%D9%85-%D9%88%D8%A7%D8%B8%D9%87%D8%A7%D8%B1-%D8%A7%D9%84%D9%85%D8%AE%D8%B7%D8%B7%D8%A7%D8%AA-%D8%A7%D9%84%D9%85%D8%B9%D9%85%D8%A7%D8%B1%D9%8A%D8%A9-2d-%D9%88%D9%86%D9%85%D8%B0%D8%AC%D8%AA%D9%87%D8%A7-%D8%A7%D9%84%D9%89-3d,5.0,10,3 دقائق,13,2,$5.00,يوم واحد,10,5,255.0,سارة ت.,https://khamsat.com/user/taouti_95,True,بائع نشيط,5.0,16,93.55%,5,20,9 ساعات
هندسة وعمارة,https://khamsat.com/engineering,تصميم مخططات معمارية,https://khamsat.com/engineering/architectural-plans,رسم المخططات المعمارية علي برنامج الأوتوكاد,https://khamsat.com/engineering/architectural-plans/2930915-%D8%B1%D8%B3%D9%85-%D8%A7%D9%84%D9%85%D8%AE%D8%B7%D8%B7%D8%A7%D8%AA-%D8%A7%D9%84%D9%85%D8%B9%D9%85%D8%A7%D8%B1%D9%8A%D8%A9-%D8%B9%D9%84%D9%8A-%D8%A8%D8%B1%D9%86%D8%A7%D9%85%D8%AC-%D8%A7%D9%84%D8%A3%D9%88%D8%AA%D9%88%D9%83%D8%A7%D8%AF,5.0,3,5 ساعات,3,0,$5.00,يومين,3,5,110.0,.Ahmed A,https://khamsat.com/user/ahmed74177,True,بائع نشيط,4.5,10,93.1%,2,9,10 ساعات
هندسة وعمارة,https://khamsat.com/engineering,تصميم مخططات معمارية,https://khamsat.com/engineering/architectural-plans,أقوم بالتصميم المعماري لمبناك مع عرض مخطط ونموذج 3D واقعي,https://khamsat.com/engineering/architectural-plans/2265510-%D8%A3%D9%82%D9%88%D9%85-%D8%A8%D8%A7%D9%84%D8%AA%D8%B5%D9%85%D9%8A%D9%85-%D8%A7%D9%84%D9%85%D8%B9%D9%85%D8%A7%D8%B1%D9%8A-%D9%84%D9%85%D8%A8%D9%86%D8%A7%D9%83-%D9%85%D8%B9-%D8%B9%D8%B1%D8%B6-%D9%85%D8%AE%D8%B7%D8%B7-%D9%88%D9%86%D9%85%D9%88%D8%B0%D8%AC-3d-%D9%88%D8%A7%D9%82%D8%B9%D9%8A,5.0,7,10 ساعات,8,0,$5.00,يومين,7,4,75.0,طارق ب.,https://khamsat.com/user/tarekbenaissa,True,بائع نشيط,5.0,7,96.55%,2,8,10 ساعات
هندسة وعمارة,https://khamsat.com/engineering,تصميم مخططات معمارية,https://khamsat.com/engineering/architectural-plans,تصميم معماري لكافة المنشئات السكنية والادارية والخدمية,https://khamsat.com/engineering/architectural-plans/2685077-%D8%AA%D8%B5%D9%85%D9%8A%D9%85-%D9%85%D8%B9%D9%85%D8%A7%D8%B1%D9%8A-%D9%84%D9%83%D8%A7%D9%81%D8%A9-%D8%A7%D9%84%D9%85%D9%86%D8%B4%D8%A6%D8%A7%D8%AA-%D8%A7%D9%84%D8%B3%D9%83%D9%86%D9%8A%D8%A9-%D9%88%D8%A7%D9%84%D8%A7%D8%AF%D8%A7%D8%B1%D9%8A%D8%A9-%D9%88%D8%A7%D9%84%D8%AE%D8%AF%D9%85%D9%8A%D8%A9,4.5,18,4 دقائق,27,0,$5.00,ثلاثة أيام,18,5,200.0,.Amr E,https://khamsat.com/user/%D8%B9%D9%85%D8%B1%D9%88-%D8%A7%D9%84%D8%B3%D9%88%D9%8A%D8%B1%D9%83%D9%8A,True,بائع مميز,4.5,51,90.37%,11,64,ساعتين
هندسة وعمارة,https://khamsat.com/engineering,تصميم مخططات معمارية,https://khamsat.com/engineering/architectural-plans,رسم مخططات هندسية على الاوتوكاد Autocad 2D بسرعة و احترافية,https://khamsat.com/engineering/architectural-plans/2986517-%D8%B1%D8%B3%D9%85-%D9%85%D8%AE%D8%B7%D8%B7%D8%A7%D8%AA-%D9%87%D9%86%D8%AF%D8%B3%D9%8A%D8%A9-%D8%B9%D9%84%D9%89-%D8%A7%D9%84%D8%A7%D9%88%D8%AA%D9%88%D9%83%D8%A7%D8%AF-autocad-2d-%D8%A8%D8%B3%D8%B1%D8%B9%D8%A9-%D9%88-%D8%A7%D8%AD%D8%AA%D8%B1%D8%A7%D9%81%D9%8A%D8%A9,5.0,3,5 دقائق,3,0,$5.00,يوم واحد,3,5,130.0,يزن ا.,https://khamsat.com/user/yazanalkhatib98,True,بائع نشيط,5.0,8,60.0%,3,6,ساعة
هندسة وعمارة,https://khamsat.com/engineering,تصميم مخططات معمارية,https://khamsat.com/engineering/architectural-plans,رسم وتصميم مخططات معمارية,https://khamsat.com/engineering/architectural-plans/2925532-%D8%B1%D8%B3%D9%85-%D9%88%D8%AA%D8%B5%D9%85%D9%8A%D9%85-%D9%85%D8%AE%D8%B7%D8%B7%D8%A7%D8%AA-%D9%85%D8%B9%D9%85%D8%A7%D8%B1%D9%8A%D8%A9,5.0,6,46 دقيقة,9,0,$5.00,يومين,6,5,140.0,.Reem B,https://khamsat.com/user/reem_a_barahmah_98,True,بائع نشيط,5.0,6,90.0%,1,9,46 دقيقة
هندسة وعمارة,https://khamsat.com/engineering,تصميم مخططات معمارية,https://khamsat.com/engineering/architectural-plans,تصميم مخططات معمارية بشكل محترف وبدقة عالية,https://khamsat.com/engineering/architectural-plans/1994396-%D8%AA%D8%B5%D9%85%D9%8A%D9%85-%D9%85%D8%AE%D8%B7%D8%B7%D8%A7%D8%AA-%D9%85%D8%B9%D9%85%D8%A7%D8%B1%D9%8A%D8%A9-%D8%A8%D8%B4%D9%83%D9%84-%D9%85%D8%AD%D8%AA%D8%B1%D9%81-%D9%88%D8%A8%D8%AF%D9%82%D8%A9-%D8%B9%D8%A7%D9%84%D9%8A%D8%A9,4.5,21,ساعة,31,0,$5.00,يوم واحد,21,2,70.0,محمد ح.,https://khamsat.com/user/moo_hasan14,True,بائع مميز,4.5,48,98.17%,6,54,29 دقيقة
هندسة وعمارة,https://khamsat.com/engineering,تصميم مخططات معمارية,https://khamsat.com/engineering/architectural-plans,تصميم معماري كامل لمنزلك بنظام مودرن باسعار رخيصة,https://khamsat.com/engineering/architectural-plans/1862456-%D8%AA%D8%B5%D9%85%D9%8A%D9%85-%D9%85%D8%B9%D9%85%D8%A7%D8%B1%D9%8A-%D9%83%D8%A7%D9%85%D9%84-%D9%84%D9%85%D9%86%D8%B2%D9%84%D9%83-%D8%A8%D9%86%D8%B8%D8%A7%D9%85-%D9%85%D9%88%D8%AF%D8%B1%D9%86-%D8%A8%D8%A7%D8%B3%D8%B9%D8%A7%D8%B1-%D8%B1%D8%AE%D9%8A%D8%B5%D8%A9,5.0,9,6 دقائق,9,0,$5.00,أسبوعين,9,5,525.0,.Jubran S,https://khamsat.com/user/gbranmsalh,True,بائع مميز,5.0,22,92.54%,2,25,44 دقيقة
هندسة وعمارة,https://khamsat.com/engineering,تصميم مخططات معمارية,https://khamsat.com/engineering/architectural-plans,تحويل ورسم أي مخططات باستخدام اتوكاد او ريفت,https://khamsat.com/engineering/architectural-plans/2158924-%D8%AA%D8%AD%D9%88%D9%8A%D9%84-%D9%88%D8%B1%D8%B3%D9%85-%D8%A3%D9%8A-%D9%85%D8%AE%D8%B7%D8%B7%D8%A7%D8%AA-%D8%A8%D8%A7%D8%B3%D8%AA%D8%AE%D8%AF%D8%A7%D9%85-%D8%A7%D8%AA%D9%88%D9%83%D8%A7%D8%AF-%D8%A7%D9%88-%D8%B1%D9%8A%D9%81%D8%AA,5.0,21,49 دقيقة,30,0,$5.00,يومين,21,5,140.0,سليم ع.,https://khamsat.com/user/saleemaazzam,True,بائع مميز,5.0,26,100.0%,2,35,32 دقيقة
هندسة وعمارة,https://khamsat.com/engineering,تصميم مخططات معمارية,https://khamsat.com/engineering/architectural-plans,تصميم منزل او فيلا الخاصة بك,https://khamsat.com/engineering/architectural-plans/294653-%D8%AA%D8%B5%D9%85%D9%8A%D9%85-%D9%85%D9%86%D8%B2%D9%84-%D8%A7%D9%88-%D9%81%D9%8A%D9%84%D8%A7-%D8%A7%D9%84%D8%AE%D8%A7%D8%B5%D8%A9-%D8%A8%D9%83,4.5,77,45 دقيقة,132,0,$10.00,خمسة أيام,25,5,215.0,محمد ا.,https://khamsat.com/user/mohadj3s,True,بائع موثوق,4.5,316,93.15%,6,388,ساعة
هندسة وعمارة,https://khamsat.com/engineering,تصميم مخططات معمارية,https://khamsat.com/engineering/architectural-plans,سأقدم لك كافة الاعمال الاحترافية على برنامج أوتوكاد,https://khamsat.com/engineering/architectural-plans/2350769-%D8%B3%D8%A3%D9%82%D8%AF%D9%85-%D9%84%D9%83-%D9%83%D8%A7%D9%81%D8%A9-%D8%A7%D9%84%D8%A7%D8%B9%D9%85%D8%A7%D9%84-%D8%A7%D9%84%D8%A7%D8%AD%D8%AA%D8%B1%D8%A7%D9%81%D9%8A%D8%A9-%D8%B9%D9%84%D9%89-%D8%A8%D8%B1%D9%86%D8%A7%D9%85%D8%AC-%D8%A3%D9%88%D8%AA%D9%88%D9%83%D8%A7%D8%AF,5.0,17,12 ساعة,22,0,$5.00,يومين,17,5,400.0,.Orwa K,https://khamsat.com/user/orwa-kassem,True,بائع مميز,5.0,57,94.9%,2,60,8 ساعات
هندسة وعمارة,https://khamsat.com/engineering,تصميم مخططات معمارية,https://khamsat.com/engineering/architectural-plans,رسم المخططات المعمارية والزخارف باستخدام Autocad,https://khamsat.com/engineering/architectural-plans/2827381-%D8%B1%D8%B3%D9%85-%D8%A7%D9%84%D9%85%D8%AE%D8%B7%D8%B7%D8%A7%D8%AA-%D8%A7%D9%84%D9%85%D8%B9%D9%85%D8%A7%D8%B1%D9%8A%D8%A9-%D9%88%D8%A7%D9%84%D8%B2%D8%AE%D8%A7%D8%B1%D9%81-%D8%A8%D8%A7%D8%B3%D8%AA%D8%AE%D8%AF%D8%A7%D9%85-autocad,0.0,0,ساعة,1,0,$5.00,يومين,0,4,90.0,.Ali A,https://khamsat.com/user/aliahmad7,True,بائع جديد,0.0,0,100.0%,2,1,ساعة
هندسة وعمارة,https://khamsat.com/engineering,تصميم مخططات معمارية,https://khamsat.com/engineering/architectural-plans,تصميم إستراحات وشاليهات,https://khamsat.com/engineering/architectural-plans/438276-%D8%AA%D8%B5%D9%85%D9%8A%D9%85-%D8%A5%D8%B3%D8%AA%D8%B1%D8%A7%D8%AD%D8%A7%D8%AA-%D9%88%D8%B4%D8%A7%D9%84%D9%8A%D9%87%D8%A7%D8%AA,4.5,21,28 دقيقة,31,0,$10.00,ثلاثة أيام,21,5,395.0,محمد ا.,https://khamsat.com/user/mohadj3s,True,بائع موثوق,4.5,316,93.15%,6,388,ساعة
هندسة وعمارة,https://khamsat.com/engineering,تصميم مخططات معمارية,https://khamsat.com/engineering/architectural-plans,رسم مخططات الهندسة المعمارية بكل احترافية,https://khamsat.com/engineering/architectural-plans/1716943-%D8%B1%D8%B3%D9%85-%D9%85%D8%AE%D8%B7%D8%B7%D8%A7%D8%AA-%D8%A7%D9%84%D9%87%D9%86%D8%AF%D8%B3%D8%A9-%D8%A7%D9%84%D9%85%D8%B9%D9%85%D8%A7%D8%B1%D9%8A%D8%A9-%D8%A8%D9%83%D9%84-%D8%A7%D8%AD%D8%AA%D8%B1%D8%A7%D9%81%D9%8A%D8%A9,4.5,48,35 دقيقة,63,0,$5.00,يومين,25,3,90.0,.Mimouna B,https://khamsat.com/user/nouni27ben,True,بائع مميز,4.5,56,93.73%,5,73,33 دقيقة
هندسة وعمارة,https://khamsat.com/engineering,تصميم مخططات معمارية,https://khamsat.com/engineering/architectural-plans,رسم معمارى على الاتوكاد والريفيت,https://khamsat.com/engineering/architectural-plans/1271875-%D8%B1%D8%B3%D9%85-%D9%85%D8%B9%D9%85%D8%A7%D8%B1%D9%89-%D8%B9%D9%84%D9%89-%D8%A7%D9%84%D8%A7%D8%AA%D9%88%D9%83%D8%A7%D8%AF-%D9%88%D8%A7%D9%84%D8%B1%D9%8A%D9%81%D9%8A%D8%AA,5.0,27,يوم,33,0,$30.00,يوم واحد,25,5,300.0,.Doaa A,https://khamsat.com/user/doaaahmed95,True,بائع مميز,5.0,38,86.0%,3,44,يوم
هندسة وعمارة,https://khamsat.com/engineering,تصميم مخططات معمارية,https://khamsat.com/engineering/architectural-plans,تصميم معماري ومخططات تنفيذية باستخدام الاوتوكاد AUTOCAD,https://khamsat.com/engineering/architectural-plans/1673688-%D8%AA%D8%B5%D9%85%D9%8A%D9%85-%D9%85%D8%B9%D9%85%D8%A7%D8%B1%D9%8A-%D9%88%D9%85%D8%AE%D8%B7%D8%B7%D8%A7%D8%AA-%D8%AA%D9%86%D9%81%D9%8A%D8%B0%D9%8A%D8%A9-%D8%A8%D8%A7%D8%B3%D8%AA%D8%AE%D8%AF%D8%A7%D9%85-%D8%A7%D9%84%D8%A7%D9%88%D8%AA%D9%88%D9%83%D8%A7%D8%AF-autocad,4.5,13,12 ساعة,28,1,$5.00,يوم واحد,13,4,355.0,.Ali S,https://khamsat.com/user/salamoon,True,بائع مميز,4.5,104,86.7%,13,139,7 ساعات
هندسة وعمارة,https://khamsat.com/engineering,تصميم مخططات معمارية,https://khamsat.com/engineering/architectural-plans,الرسم 2D 3D للرسومات المعمارية ببرنامج الأوتوكاد والريفيت,https://khamsat.com/engineering/architectural-plans/2596551-%D8%A7%D9%84%D8%B1%D8%B3%D9%85-2d-3d-%D9%84%D9%84%D8%B1%D8%B3%D9%88%D9%85%D8%A7%D8%AA-%D8%A7%D9%84%D9%85%D8%B9%D9%85%D8%A7%D8%B1%D9%8A%D8%A9-%D8%A8%D8%A8%D8%B1%D9%86%D8%A7%D9%85%D8%AC-%D8%A7%D9%84%D8%A3%D9%88%D8%AA%D9%88%D9%83%D8%A7%D8%AF-%D9%88%D8%A7%D9%84%D8%B1%D9%8A%D9%81%D9%8A%D8%AA,5.0,4,3 دقائق,4,0,$5.00,أربعة أيام,4,4,40.0,.Asmaa M,https://khamsat.com/user/asmaamostafa233,True,بائع نشيط,5.0,4,100.0%,2,4,3 دقائق
هندسة وعمارة,https://khamsat.com/engineering,تصميم مخططات معمارية,https://khamsat.com/engineering/architectural-plans,أرسم مخططات هندسية على برنامج AutoCAD 2D بسرعة ودقة فائقة,https://khamsat.com/engineering/architectural-plans/48770-%D8%A3%D8%B1%D8%B3%D9%85-%D9%85%D8%AE%D8%B7%D8%B7%D8%A7%D8%AA-%D9%87%D9%86%D8%AF%D8%B3%D9%8A%D8%A9-%D8%B9%D9%84%D9%89-%D8%A8%D8%B1%D9%86%D8%A7%D9%85%D8%AC-autocad-2d-%D8%A8%D8%B3%D8%B1%D8%B9%D8%A9-%D9%88%D8%AF%D9%82%D8%A9-%D9%81%D8%A7%D8%A6%D9%82%D8%A9,4.5,123,7 ساعات,181,0,$10.00,يوم واحد,25,5,140.0,سليمان ك.,https://khamsat.com/user/slmo,True,بائع موثوق,4.5,204,97.19%,7,248,ساعتين
هندسة وعمارة,https://khamsat.com/engineering,تصميم مخططات معمارية,https://khamsat.com/engineering/architectural-plans,تصميم افكار واسكتشات معمارية مرسومة هاند,https://khamsat.com/engineering/architectural-plans/1304165-%D8%AA%D8%B5%D9%85%D9%8A%D9%85-%D8%A7%D9%81%D9%83%D8%A7%D8%B1-%D9%88%D8%A7%D8%B3%D9%83%D8%AA%D8%B4%D8%A7%D8%AA-%D9%85%D8%B9%D9%85%D8%A7%D8%B1%D9%8A%D8%A9-%D9%85%D8%B1%D8%B3%D9%88%D9%85%D8%A9-%D9%87%D8%A7%D9%86%D8%AF,5.0,10,17 ساعة,14,0,$10.00,ثلاثة أيام,10,2,35.0,.Doaa A,https://khamsat.com/user/doaaahmed95,True,بائع مميز,5.0,38,86.0%,3,44,يوم
هندسة وعمارة,https://khamsat.com/engineering,تصميم مخططات معمارية,https://khamsat.com/engineering/architectural-plans,رسم مخططات معمارية لجميع المنشئات على الاوتوكاد,https://khamsat.com/engineering/architectural-plans/1708095-%D8%B1%D8%B3%D9%85-%D9%85%D8%AE%D8%B7%D8%B7%D8%A7%D8%AA-%D9%85%D8%B9%D9%85%D8%A7%D8%B1%D9%8A%D8%A9-%D9%84%D8%AC%D9%85%D9%8A%D8%B9-%D8%A7%D9%84%D9%85%D9%86%D8%B4%D8%A6%D8%A7%D8%AA-%D8%B9%D9%84%D9%89-%D8%A7%D9%84%D8%A7%D9%88%D8%AA%D9%88%D9%83%D8%A7%D8%AF,5.0,63,9 دقائق,90,0,$5.00,ثلاثة أيام,25,5,395.0,.Abdelkhaleq S,https://khamsat.com/user/abd_elkhaleq,True,بائع مميز,5.0,108,97.8%,3,130,7 دقائق
هندسة وعمارة,https://khamsat.com/engineering,تصميم مخططات معمارية,https://khamsat.com/engineering/architectural-plans,رسم مخططات الهندسة المعمارية autocad,https://khamsat.com/engineering/architectural-plans/289940-%D8%B1%D8%B3%D9%85-%D9%85%D8%AE%D8%B7%D8%B7%D8%A7%D8%AA-%D8%A7%D9%84%D9%87%D9%86%D8%AF%D8%B3%D8%A9-%D8%A7%D9%84%D9%85%D8%B9%D9%85%D8%A7%D8%B1%D9%8A%D8%A9-autocad,4.5,153,ساعة,222,0,$5.00,ثلاثة أيام,25,5,255.0,محمد ا.,https://khamsat.com/user/mohadj3s,True,بائع موثوق,4.5,316,93.15%,6,388,ساعة
هندسة وعمارة,https://khamsat.com/engineering,تصميم مخططات معمارية,https://khamsat.com/engineering/architectural-plans,تصميم معمارى لمنزلك أو فيلتك بأستخدام الاوتوكاد,https://khamsat.com/engineering/architectural-plans/2047897-%D8%AA%D8%B5%D9%85%D9%8A%D9%85-%D9%85%D8%B9%D9%85%D8%A7%D8%B1%D9%89-%D9%84%D9%85%D9%86%D8%B2%D9%84%D9%83-%D8%A3%D9%88-%D9%81%D9%8A%D9%84%D8%AA%D9%83-%D8%A8%D8%A3%D8%B3%D8%AA%D8%AE%D8%AF%D8%A7%D9%85-%D8%A7%D9%84%D8%A7%D9%88%D8%AA%D9%88%D9%83%D8%A7%D8%AF,5.0,7,3 ساعات,19,0,$5.00,يومين,7,5,180.0,مريان ب.,https://khamsat.com/user/marianbanoub,True,بائع مميز,5.0,21,92.0%,5,34,ساعتين
هندسة وعمارة,https://khamsat.com/engineering,تصميم مخططات معمارية,https://khamsat.com/engineering/architectural-plans,مشاريع معمارية 3dmax تحويل أي مخطط 2d إلى 3d,https://khamsat.com/engineering/architectural-plans/468594-%D9%85%D8%B4%D8%A7%D8%B1%D9%8A%D8%B9-%D9%85%D8%B9%D9%85%D8%A7%D8%B1%D9%8A%D8%A9-3dmax-%D8%AA%D8%AD%D9%88%D9%8A%D9%84-%D8%A3%D9%8A-%D9%85%D8%AE%D8%B7%D8%B7-2d-%D8%A5%D9%84%D9%89-3d,5.0,13,13 ساعة,18,0,$25.00,ثلاثة أيام,13,3,350.0,.Yassin K,https://khamsat.com/user/yassin-kettanji,True,بائع مميز,5.0,15,82.46%,2,19,6 ساعات
هندسة وعمارة,https://khamsat.com/engineering,تصميم مخططات معمارية,https://khamsat.com/engineering/architectural-plans,تصميم مخططات لمشاريع هندسية,https://khamsat.com/engineering/architectural-plans/1361436-%D8%AA%D8%B5%D9%85%D9%8A%D9%85-%D9%85%D8%AE%D8%B7%D8%B7%D8%A7%D8%AA-%D9%84%D9%85%D8%B4%D8%A7%D8%B1%D9%8A%D8%B9-%D9%87%D9%86%D8%AF%D8%B3%D9%8A%D8%A9,5.0,6,يومين,13,0,$5.00,يومين,6,5,275.0,هبة الله ه.,https://khamsat.com/user/hebaa_helal,True,بائع مميز,4.5,26,92.37%,5,40,15 ساعة
هندسة وعمارة,https://khamsat.com/engineering,تصميم مخططات معمارية,https://khamsat.com/engineering/architectural-plans,رسم وتصميم احترافي 2d بسعر جد مميز,https://khamsat.com/engineering/architectural-plans/2311515-%D8%B1%D8%B3%D9%85-%D9%88%D8%AA%D8%B5%D9%85%D9%8A%D9%85-%D8%A7%D8%AD%D8%AA%D8%B1%D8%A7%D9%81%D9%8A-2d-%D8%A8%D8%B3%D8%B9%D8%B1-%D8%AC%D8%AF-%D9%85%D9%85%D9%8A%D8%B2,5.0,8,24 دقيقة,17,0,$5.00,يوم واحد,8,4,375.0,.Youcef S,https://khamsat.com/user/youcefsoum,True,بائع مميز,5.0,39,94.74%,4,53,ساعة
هندسة وعمارة,https://khamsat.com/engineering,تصميم مخططات معمارية,https://khamsat.com/engineering/architectural-plans,رسم مخطط هندسي معماري على برنامج autocad,https://khamsat.com/engineering/architectural-plans/1909676-%D8%B1%D8%B3%D9%85-%D9%85%D8%AE%D8%B7%D8%B7-%D9%87%D9%86%D8%AF%D8%B3%D9%8A-%D9%85%D8%B9%D9%85%D8%A7%D8%B1%D9%8A-%D8%B9%D9%84%D9%89-%D8%A8%D8%B1%D9%86%D8%A7%D9%85%D8%AC-autocad,4.5,16,13 دقيقة,31,0,$5.00,يوم واحد,16,3,190.0,.Aline M,https://khamsat.com/user/aline5335630,True,بائع مميز,4.5,32,83.08%,4,46,ساعة
هندسة وعمارة,https://khamsat.com/engineering,تصميم مخططات معمارية,https://khamsat.com/engineering/architectural-plans,رسم مخططات هندسة معمارية باتوكاد Autocad محترف و بأقل تكلفة,https://khamsat.com/engineering/architectural-plans/1406762-%D8%B1%D8%B3%D9%85-%D9%85%D8%AE%D8%B7%D8%B7%D8%A7%D8%AA-%D9%87%D9%86%D8%AF%D8%B3%D8%A9-%D9%85%D8%B9%D9%85%D8%A7%D8%B1%D9%8A%D8%A9-%D8%A8%D8%A7%D8%AA%D9%88%D9%83%D8%A7%D8%AF-autocad-%D9%85%D8%AD%D8%AA%D8%B1%D9%81-%D9%88-%D8%A8%D8%A3%D9%82%D9%84-%D8%AA%D9%83%D9%84%D9%81%D8%A9,5.0,28,3 دقائق,39,0,$50.00,أسبوع,25,5,570.0,.Mohamed Allaaeddine B,https://khamsat.com/user/urba_concept,True,بائع مميز,5.0,115,96.0%,4,121,14 ساعة
هندسة وعمارة,https://khamsat.com/engineering,تصميم مخططات معمارية,https://khamsat.com/engineering/architectural-plans,رسم مخططات معمارية 2D على برنامج الاوتوكاد,https://khamsat.com/engineering/architectural-plans/2284457-%D8%B1%D8%B3%D9%85-%D9%85%D8%AE%D8%B7%D8%B7%D8%A7%D8%AA-%D9%85%D8%B9%D9%85%D8%A7%D8%B1%D9%8A%D8%A9-2d-%D8%B9%D9%84%D9%89-%D8%A8%D8%B1%D9%86%D8%A7%D9%85%D8%AC-%D8%A7%D9%84%D8%A7%D9%88%D8%AA%D9%88%D9%83%D8%A7%D8%AF,5.0,9,ساعة,12,0,$5.00,يومين,9,5,100.0,إنصاف س.,https://khamsat.com/user/enssafsolaeman,True,بائع نشيط,5.0,9,92.0%,3,12,4 ساعات
هندسة وعمارة,https://khamsat.com/engineering,تصميم داخلي وديكور,https://khamsat.com/engineering/interior-design,تصميم بوثات للمعارض Booths Design,https://khamsat.com/engineering/interior-design/3047824-%D8%AA%D8%B5%D9%85%D9%8A%D9%85-%D8%A8%D9%88%D8%AB%D8%A7%D8%AA-%D9%84%D9%84%D9%85%D8%B9%D8%A7%D8%B1%D8%B6-booths-design,5.0,1,5 دقائق,1,0,$10.00,ثلاثة أيام,1,2,60.0,.Mustafa R,https://khamsat.com/user/mustafa_raslan,True,بائع جديد,5.0,1,100.0%,1,1,5 دقائق
هندسة وعمارة,https://khamsat.com/engineering,تصميم داخلي وديكور,https://khamsat.com/engineering/interior-design,تصاميم داخلية لشركات وشقق سكنية ومكاتب ومحلات تجارية,https://khamsat.com/engineering/interior-design/2933997-%D8%AA%D8%B5%D8%A7%D9%85%D9%8A%D9%85-%D8%AF%D8%A7%D8%AE%D9%84%D9%8A%D8%A9-%D9%84%D8%B4%D8%B1%D9%83%D8%A7%D8%AA-%D9%88%D8%B4%D9%82%D9%82-%D8%B3%D9%83%D9%86%D9%8A%D8%A9-%D9%88%D9%85%D9%83%D8%A7%D8%AA%D8%A8-%D9%88%D9%85%D8%AD%D9%84%D8%A7%D8%AA-%D8%AA%D8%AC%D8%A7%D8%B1%D9%8A%D8%A9,5.0,14,5 دقائق,20,2,$10.00,أربعة أيام,14,5,415.0,محمد غ.,https://khamsat.com/user/mohammad_ghareb,True,بائع نشيط,5.0,30,97.87%,4,30,3 ساعات
هندسة وعمارة,https://khamsat.com/engineering,تصميم داخلي وديكور,https://khamsat.com/engineering/interior-design,تصميم فراغات عمرانية داخلية,https://khamsat.com/engineering/interior-design/2755081-%D8%AA%D8%B5%D9%85%D9%8A%D9%85-%D9%81%D8%B1%D8%A7%D8%BA%D8%A7%D8%AA-%D8%B9%D9%85%D8%B1%D8%A7%D9%86%D9%8A%D8%A9-%D8%AF%D8%A7%D8%AE%D9%84%D9%8A%D8%A9,0.0,0,19 دقيقة,2,0,$5.00,يوم واحد,0,5,305.0,أحمد ب.,https://khamsat.com/user/a7med_soultan_99,True,بائع نشيط,5.0,5,92.31%,5,12,13 ساعة
هندسة وعمارة,https://khamsat.com/engineering,تصميم داخلي وديكور,https://khamsat.com/engineering/interior-design,تصاميم و ديكورات داخلية فخمة و عصرية,https://khamsat.com/engineering/interior-design/1955051-%D8%AA%D8%B5%D8%A7%D9%85%D9%8A%D9%85-%D9%88-%D8%AF%D9%8A%D9%83%D9%88%D8%B1%D8%A7%D8%AA-%D8%AF%D8%A7%D8%AE%D9%84%D9%8A%D8%A9-%D9%81%D8%AE%D9%85%D8%A9-%D9%88-%D8%B9%D8%B5%D8%B1%D9%8A%D8%A9,5.0,34,20 دقيقة,60,1,$5.00,ثلاثة أيام,25,5,560.0,.Obaida R,https://khamsat.com/user/obaida_rayes_94,True,بائع مميز,5.0,94,92.97%,6,115,يوم
هندسة وعمارة,https://khamsat.com/engineering,تصميم داخلي وديكور,https://khamsat.com/engineering/interior-design,تصميم ديكورات داخلية متكاملة,https://khamsat.com/engineering/interior-design/902943-%D8%AA%D8%B5%D9%85%D9%8A%D9%85-%D8%AF%D9%8A%D9%83%D9%88%D8%B1%D8%A7%D8%AA-%D8%AF%D8%A7%D8%AE%D9%84%D9%8A%D8%A9-%D9%85%D8%AA%D9%83%D8%A7%D9%85%D9%84%D8%A9,5.0,104,5 أيام,201,0,$25.00,أسبوع,25,5,365.0,احمد س.,https://khamsat.com/user/m3maari-90,True,بائع مميز,5.0,140,92.93%,8,231,يوم
هندسة وعمارة,https://khamsat.com/engineering,تصميم داخلي وديكور,https://khamsat.com/engineering/interior-design,تصميم فراغات داخلية بجودة عالية وأفضل الأسعار,https://khamsat.com/engineering/interior-design/2667238-%D8%AA%D8%B5%D9%85%D9%8A%D9%85-%D9%81%D8%B1%D8%A7%D8%BA%D8%A7%D8%AA-%D8%AF%D8%A7%D8%AE%D9%84%D9%8A%D8%A9-%D8%A8%D8%AC%D9%88%D8%AF%D8%A9-%D8%B9%D8%A7%D9%84%D9%8A%D8%A9-%D9%88%D8%A3%D9%81%D8%B6%D9%84-%D8%A7%D9%84%D8%A3%D8%B3%D8%B9%D8%A7%D8%B1,4.5,16,9 أيام,33,0,$5.00,يوم واحد,16,5,395.0,.Hajar A,https://khamsat.com/user/hajar_alaswad,True,بائع مميز,4.5,36,88.89%,2,60,4 أيام
هندسة وعمارة,https://khamsat.com/engineering,تصميم داخلي وديكور,https://khamsat.com/engineering/interior-design,تصميم داخلي لمنزل بالوان وتصميمات عصرية,https://khamsat.com/engineering/interior-design/2911831-%D8%AA%D8%B5%D9%85%D9%8A%D9%85-%D8%AF%D8%A7%D8%AE%D9%84%D9%8A-%D9%84%D9%85%D9%86%D8%B2%D9%84-%D8%A8%D8%A7%D9%84%D9%88%D8%A7%D9%86-%D9%88%D8%AA%D8%B5%D9%85%D9%8A%D9%85%D8%A7%D8%AA-%D8%B9%D8%B5%D8%B1%D9%8A%D8%A9,5.0,4,ساعة,8,0,$10.00,يومين,4,5,85.0,.Amgad T,https://khamsat.com/user/amgadd,True,بائع نشيط,5.0,9,91.43%,5,13,5 ساعات
هندسة وعمارة,https://khamsat.com/engineering,تصميم داخلي وديكور,https://khamsat.com/engineering/interior-design,تصميم ديكور داخلي,https://khamsat.com/engineering/interior-design/2435346-%D8%AA%D8%B5%D9%85%D9%8A%D9%85-%D8%AF%D9%8A%D9%83%D9%88%D8%B1-%D8%AF%D8%A7%D8%AE%D9%84%D9%8A,4.5,16,52 دقيقة,23,0,$10.00,يومين,16,5,335.0,حمود ا.,https://khamsat.com/user/hamoudhu,True,بائع مميز,4.5,16,86.42%,6,23,ساعة
هندسة وعمارة,https://khamsat.com/engineering,تصميم داخلي وديكور,https://khamsat.com/engineering/interior-design,تصاميم داخلية عصرية بجودة و واقعية,https://khamsat.com/engineering/interior-design/2047254-%D8%AA%D8%B5%D8%A7%D9%85%D9%8A%D9%85-%D8%AF%D8%A7%D8%AE%D9%84%D9%8A%D8%A9-%D8%B9%D8%B5%D8%B1%D9%8A%D8%A9-%D8%A8%D8%AC%D9%88%D8%AF%D8%A9-%D9%88-%D9%88%D8%A7%D9%82%D8%B9%D9%8A%D8%A9,4.5,16,14 ساعة,22,0,$5.00,ثلاثة أيام,16,5,495.0,.Sham A,https://khamsat.com/user/sham_ateek,True,بائع مميز,4.5,30,93.41%,2,39,8 ساعات
هندسة وعمارة,https://khamsat.com/engineering,تصميم داخلي وديكور,https://khamsat.com/engineering/interior-design,تصميم داخلي ينبع من خبرة كبيرة في هذا المجال,https://khamsat.com/engineering/interior-design/3009411-%D8%AA%D8%B5%D9%85%D9%8A%D9%85-%D8%AF%D8%A7%D8%AE%D9%84%D9%8A-%D9%8A%D9%86%D8%A8%D8%B9-%D9%85%D9%86-%D8%AE%D8%A8%D8%B1%D8%A9-%D9%83%D8%A8%D9%8A%D8%B1%D8%A9-%D9%81%D9%8A-%D9%87%D8%B0%D8%A7-%D8%A7%D9%84%D9%85%D8%AC%D8%A7%D9%84,5.0,2,ساعة,2,0,$5.00,يوم واحد,2,3,130.0,.Safaa T,https://khamsat.com/user/arch_safaa,False,بائع جديد,5.0,2,100.0%,1,2,ساعة
هندسة وعمارة,https://khamsat.com/engineering,تصميم داخلي وديكور,https://khamsat.com/engineering/interior-design,تصميم ديكور داخلي لأي فراغ باستخدام برنامج 3ds max,https://khamsat.com/engineering/interior-design/1860719-%D8%AA%D8%B5%D9%85%D9%8A%D9%85-%D8%AF%D9%8A%D9%83%D9%88%D8%B1-%D8%AF%D8%A7%D8%AE%D9%84%D9%8A-%D9%84%D8%A3%D9%8A-%D9%81%D8%B1%D8%A7%D8%BA-%D8%A8%D8%A7%D8%B3%D8%AA%D8%AE%D8%AF%D8%A7%D9%85-%D8%A8%D8%B1%D9%86%D8%A7%D9%85%D8%AC-3ds-max,5.0,19,ساعة,23,0,$5.00,أسبوع,19,5,395.0,.Haya A,https://khamsat.com/user/haya_asaad,True,بائع مميز,5.0,21,94.62%,2,23,ساعة
هندسة وعمارة,https://khamsat.com/engineering,تصميم داخلي وديكور,https://khamsat.com/engineering/interior-design,تصميم داخلي وخارجي وحدائق عامة ومنزلية,https://khamsat.com/engineering/interior-design/2470332-%D8%AA%D8%B5%D9%85%D9%8A%D9%85-%D8%AF%D8%A7%D8%AE%D9%84%D9%8A-%D9%88%D8%AE%D8%A7%D8%B1%D8%AC%D9%8A-%D9%88%D8%AD%D8%AF%D8%A7%D8%A6%D9%82-%D8%B9%D8%A7%D9%85%D8%A9-%D9%88%D9%85%D9%86%D8%B2%D9%84%D9%8A%D8%A9,4.5,20,10 ساعات,33,0,$5.00,يوم واحد,20,5,400.0,.Hajar A,https://khamsat.com/user/hajar_alaswad,True,بائع مميز,4.5,36,88.89%,2,60,4 أيام
هندسة وعمارة,https://khamsat.com/engineering,تصميم داخلي وديكور,https://khamsat.com/engineering/interior-design,تصميم داخلي وديكور بجوده عاليه من 3 نجوم ال 6 نجوم,https://khamsat.com/engineering/interior-design/1892793-%D8%AA%D8%B5%D9%85%D9%8A%D9%85-%D8%AF%D8%A7%D8%AE%D9%84%D9%8A-%D9%88%D8%AF%D9%8A%D9%83%D9%88%D8%B1-%D8%A8%D8%AC%D9%88%D8%AF%D9%87-%D8%B9%D8%A7%D9%84%D9%8A%D9%87-%D9%85%D9%86-3-%D9%86%D8%AC%D9%88%D9%85-%D8%A7%D9%84-6-%D9%86%D8%AC%D9%88%D9%85,4.5,55,ساعتين,76,1,$10.00,خمسة أيام,25,4,370.0,.Mosab M,https://khamsat.com/user/shield_studio,True,بائع مميز,4.5,57,88.48%,2,78,15 ساعة
هندسة وعمارة,https://khamsat.com/engineering,تصميم داخلي وديكور,https://khamsat.com/engineering/interior-design,تصميم معماري وديكور للفلل السكنية بشكل احترافي,https://khamsat.com/engineering/interior-design/2821446-%D8%AA%D8%B5%D9%85%D9%8A%D9%85-%D9%85%D8%B9%D9%85%D8%A7%D8%B1%D9%8A-%D9%88%D8%AF%D9%8A%D9%83%D9%88%D8%B1-%D9%84%D9%84%D9%81%D9%84%D9%84-%D8%A7%D9%84%D8%B3%D9%83%D9%86%D9%8A%D8%A9-%D8%A8%D8%B4%D9%83%D9%84-%D8%A7%D8%AD%D8%AA%D8%B1%D8%A7%D9%81%D9%8A,5.0,5,ساعة,5,0,$5.00,ثلاثة أيام,5,4,195.0,.Nataly T,https://khamsat.com/user/natalyalbank,True,بائع نشيط,5.0,5,100.0%,1,5,ساعة
هندسة وعمارة,https://khamsat.com/engineering,تصميم داخلي وديكور,https://khamsat.com/engineering/interior-design,شوب دروينج معماري لفيلا,https://khamsat.com/engineering/interior-design/2837779-%D8%B4%D9%88%D8%A8-%D8%AF%D8%B1%D9%88%D9%8A%D9%86%D8%AC-%D9%85%D8%B9%D9%85%D8%A7%D8%B1%D9%8A-%D9%84%D9%81%D9%8A%D9%84%D8%A7,5.0,2,يوم,2,0,$10.00,يومين,2,2,90.0,.Ahmad G,https://khamsat.com/user/ahmad_gomaa7,True,بائع نشيط,5.0,2,100.0%,5,2,يوم
هندسة وعمارة,https://khamsat.com/engineering,تصميم داخلي وديكور,https://khamsat.com/engineering/interior-design,تصاميم داخلية بأفكار عصرية ونتائج واقعية,https://khamsat.com/engineering/interior-design/2882893-%D8%AA%D8%B5%D8%A7%D9%85%D9%8A%D9%85-%D8%AF%D8%A7%D8%AE%D9%84%D9%8A%D8%A9-%D8%A8%D8%A3%D9%81%D9%83%D8%A7%D8%B1-%D8%B9%D8%B5%D8%B1%D9%8A%D8%A9-%D9%88%D9%86%D8%AA%D8%A7%D8%A6%D8%AC-%D9%88%D8%A7%D9%82%D8%B9%D9%8A%D8%A9,5.0,23,7 ساعات,33,3,$5.00,أسبوع,23,5,390.0,.Rahaf M,https://khamsat.com/user/rahaf_mohammad_998,True,بائع مميز,5.0,23,94.81%,1,33,7 ساعات
هندسة وعمارة,https://khamsat.com/engineering,تصميم داخلي وديكور,https://khamsat.com/engineering/interior-design,تصميم داخلي لجميع الفراغات المعماريه,https://khamsat.com/engineering/interior-design/3034630-%D8%AA%D8%B5%D9%85%D9%8A%D9%85-%D8%AF%D8%A7%D8%AE%D9%84%D9%8A-%D9%84%D8%AC%D9%85%D9%8A%D8%B9-%D8%A7%D9%84%D9%81%D8%B1%D8%A7%D8%BA%D8%A7%D8%AA-%D8%A7%D9%84%D9%85%D8%B9%D9%85%D8%A7%D8%B1%D9%8A%D9%87,5.0,1,26 دقيقة,1,0,$5.00,ثلاثة أيام,1,4,45.0,.Mohamed M,https://khamsat.com/user/mohamed_eltom,True,بائع جديد,5.0,1,100.0%,1,1,26 دقيقة
هندسة وعمارة,https://khamsat.com/engineering,تصميم داخلي وديكور,https://khamsat.com/engineering/interior-design,تصاميم معمارية داخلية و خارجية,https://khamsat.com/engineering/interior-design/2069837-%D8%AA%D8%B5%D8%A7%D9%85%D9%8A%D9%85-%D9%85%D8%B9%D9%85%D8%A7%D8%B1%D9%8A%D8%A9-%D8%AF%D8%A7%D8%AE%D9%84%D9%8A%D8%A9-%D9%88-%D8%AE%D8%A7%D8%B1%D8%AC%D9%8A%D8%A9,4.5,15,24 دقيقة,39,1,$5.00,ثلاثة أيام,15,5,395.0,علي ا.,https://khamsat.com/user/ali995,True,بائع نشيط,4.5,19,91.25%,4,46,يومين
هندسة وعمارة,https://khamsat.com/engineering,تصميم داخلي وديكور,https://khamsat.com/engineering/interior-design,تصميم داخلي وكافة أنواع الديكور بطريقة احرافية وجودة عالية,https://khamsat.com/engineering/interior-design/2850778-%D8%AA%D8%B5%D9%85%D9%8A%D9%85-%D8%AF%D8%A7%D8%AE%D9%84%D9%8A-%D9%88%D9%83%D8%A7%D9%81%D8%A9-%D8%A3%D9%86%D9%88%D8%A7%D8%B9-%D8%A7%D9%84%D8%AF%D9%8A%D9%83%D9%88%D8%B1-%D8%A8%D8%B7%D8%B1%D9%8A%D9%82%D8%A9-%D8%A7%D8%AD%D8%B1%D8%A7%D9%81%D9%8A%D8%A9-%D9%88%D8%AC%D9%88%D8%AF%D8%A9-%D8%B9%D8%A7%D9%84%D9%8A%D8%A9,5.0,4,11 ساعة,8,0,$5.00,يوم واحد,4,3,195.0,.Khaled N,https://khamsat.com/user/khaled_nabhan0,True,بائع مميز,4.5,21,96.67%,2,35,10 ساعات
هندسة وعمارة,https://khamsat.com/engineering,تصميم داخلي وديكور,https://khamsat.com/engineering/interior-design,ديكور داخلي متميز لفيلا او مكتب او محل تجاري,https://khamsat.com/engineering/interior-design/2877187-%D8%AF%D9%8A%D9%83%D9%88%D8%B1-%D8%AF%D8%A7%D8%AE%D9%84%D9%8A-%D9%85%D8%AA%D9%85%D9%8A%D8%B2-%D9%84%D9%81%D9%8A%D9%84%D8%A7-%D8%A7%D9%88-%D9%85%D9%83%D8%AA%D8%A8-%D8%A7%D9%88-%D9%85%D8%AD%D9%84-%D8%AA%D8%AC%D8%A7%D8%B1%D9%8A,4.5,2,3 ساعات,3,0,$5.00,ثلاثة أيام,2,5,265.0,.Shaza M,https://khamsat.com/user/shaza2641998,True,بائع نشيط,5.0,11,93.55%,5,11,11 ساعة
هندسة وعمارة,https://khamsat.com/engineering,تصميم داخلي وديكور,https://khamsat.com/engineering/interior-design,تصميم داخلي و ديكور يفوق المتوقع,https://khamsat.com/engineering/interior-design/2890466-%D8%AA%D8%B5%D9%85%D9%8A%D9%85-%D8%AF%D8%A7%D8%AE%D9%84%D9%8A-%D9%88-%D8%AF%D9%8A%D9%83%D9%88%D8%B1-%D9%8A%D9%81%D9%88%D9%82-%D8%A7%D9%84%D9%85%D8%AA%D9%88%D9%82%D8%B9,5.0,5,13 دقيقة,7,1,$5.00,يوم واحد,5,3,125.0,.Talal A,https://khamsat.com/user/talal_atassi,True,بائع مميز,5.0,14,93.1%,2,16,3 ساعات
هندسة وعمارة,https://khamsat.com/engineering,تصميم داخلي وديكور,https://khamsat.com/engineering/interior-design,تصاميم وديكورات داخلية واقعية وعصرية,https://khamsat.com/engineering/interior-design/2803761-%D8%AA%D8%B5%D8%A7%D9%85%D9%8A%D9%85-%D9%88%D8%AF%D9%8A%D9%83%D9%88%D8%B1%D8%A7%D8%AA-%D8%AF%D8%A7%D8%AE%D9%84%D9%8A%D8%A9-%D9%88%D8%A7%D9%82%D8%B9%D9%8A%D8%A9-%D9%88%D8%B9%D8%B5%D8%B1%D9%8A%D8%A9,5.0,1,14 دقيقة,4,0,$5.00,يوم واحد,1,4,275.0,مياده م.,https://khamsat.com/user/mayada_mashayeil,True,بائع نشيط,4.5,7,89.47%,2,11,18 ساعة
هندسة وعمارة,https://khamsat.com/engineering,تصميم داخلي وديكور,https://khamsat.com/engineering/interior-design,التصميم المعماري ثلاثي الأبعاد وتقديم الرسومات التنفيذية,https://khamsat.com/engineering/interior-design/2580327-%D8%A7%D9%84%D8%AA%D8%B5%D9%85%D9%8A%D9%85-%D8%A7%D9%84%D9%85%D8%B9%D9%85%D8%A7%D8%B1%D9%8A-%D8%AB%D9%84%D8%A7%D8%AB%D9%8A-%D8%A7%D9%84%D8%A3%D8%A8%D8%B9%D8%A7%D8%AF-%D9%88%D8%AA%D9%82%D8%AF%D9%8A%D9%85-%D8%A7%D9%84%D8%B1%D8%B3%D9%88%D9%85%D8%A7%D8%AA-%D8%A7%D9%84%D8%AA%D9%86%D9%81%D9%8A%D8%B0%D9%8A%D8%A9,4.5,10,5 ساعات,13,0,$5.00,يومين,10,4,245.0,.Odai A,https://khamsat.com/user/odai_alloush,True,بائع نشيط,4.5,12,92.31%,2,14,3 ساعات
هندسة وعمارة,https://khamsat.com/engineering,تصميم داخلي وديكور,https://khamsat.com/engineering/interior-design,تصميم الفراغات المعمارية الداخلية بدقة واحترافية عالي,https://khamsat.com/engineering/interior-design/2435210-%D8%AA%D8%B5%D9%85%D9%8A%D9%85-%D8%A7%D9%84%D9%81%D8%B1%D8%A7%D8%BA%D8%A7%D8%AA-%D8%A7%D9%84%D9%85%D8%B9%D9%85%D8%A7%D8%B1%D9%8A%D8%A9-%D8%A7%D9%84%D8%AF%D8%A7%D8%AE%D9%84%D9%8A%D8%A9-%D8%A8%D8%AF%D9%82%D8%A9-%D9%88%D8%A7%D8%AD%D8%AA%D8%B1%D8%A7%D9%81%D9%8A%D8%A9-%D8%B9%D8%A7%D9%84%D9%8A,4.5,16,12 ساعة,20,1,$5.00,يوم واحد,16,4,240.0,فادي خ.,https://khamsat.com/user/fadi_khazaal,True,بائع مميز,4.5,18,81.82%,2,21,6 ساعات
هندسة وعمارة,https://khamsat.com/engineering,تصميم داخلي وديكور,https://khamsat.com/engineering/interior-design,تصميم حمام داخلي MODERN STYLE رخامي,https://khamsat.com/engineering/interior-design/2912508-%D8%AA%D8%B5%D9%85%D9%8A%D9%85-%D8%AD%D9%85%D8%A7%D9%85-%D8%AF%D8%A7%D8%AE%D9%84%D9%8A-modern-style-%D8%B1%D8%AE%D8%A7%D9%85%D9%8A,5.0,5,4 دقائق,6,0,$5.00,يومين,5,4,80.0,.Amgad T,https://khamsat.com/user/amgadd,True,بائع نشيط,5.0,9,91.43%,5,13,5 ساعات
هندسة وعمارة,https://khamsat.com/engineering,تصميم داخلي وديكور,https://khamsat.com/engineering/interior-design,تصاميم معمارية داخلية بتقنية ال VR360 درجة,https://khamsat.com/engineering/interior-design/2891139-%D8%AA%D8%B5%D8%A7%D9%85%D9%8A%D9%85-%D9%85%D8%B9%D9%85%D8%A7%D8%B1%D9%8A%D8%A9-%D8%AF%D8%A7%D8%AE%D9%84%D9%8A%D8%A9-%D8%A8%D8%AA%D9%82%D9%86%D9%8A%D8%A9-%D8%A7%D9%84-vr360-%D8%AF%D8%B1%D8%AC%D8%A9,5.0,7,يومين,9,0,$10.00,يوم واحد,7,3,160.0,أحمد ح.,https://khamsat.com/user/ahmedhussainamin,True,بائع نشيط,5.0,15,100.0%,4,13,17 ساعة
هندسة وعمارة,https://khamsat.com/engineering,تصميم داخلي وديكور,https://khamsat.com/engineering/interior-design,تصميم داخلي وديكور فلل و شقق و صالات 3d,https://khamsat.com/engineering/interior-design/2109435-%D8%AA%D8%B5%D9%85%D9%8A%D9%85-%D8%AF%D8%A7%D8%AE%D9%84%D9%8A-%D9%88%D8%AF%D9%8A%D9%83%D9%88%D8%B1-%D9%81%D9%84%D9%84-%D9%88-%D8%B4%D9%82%D9%82-%D9%88-%D8%B5%D8%A7%D9%84%D8%A7%D8%AA-3d,4.5,15,3 ساعات,23,1,$5.00,يوم واحد,15,4,495.0,عبد الرزاق ا.,https://khamsat.com/user/abdulrazzakalsah,True,بائع مميز,4.5,32,92.55%,4,49,4 ساعات
هندسة وعمارة,https://khamsat.com/engineering,تصميم داخلي وديكور,https://khamsat.com/engineering/interior-design,تصميم داخلي وديكورات حسب ذوق الزبون,https://khamsat.com/engineering/interior-design/2778419-%D8%AA%D8%B5%D9%85%D9%8A%D9%85-%D8%AF%D8%A7%D8%AE%D9%84%D9%8A-%D9%88%D8%AF%D9%8A%D9%83%D9%88%D8%B1%D8%A7%D8%AA-%D8%AD%D8%B3%D8%A8-%D8%B0%D9%88%D9%82-%D8%A7%D9%84%D8%B2%D8%A8%D9%88%D9%86,4.0,4,6 ساعات,3,0,$5.00,ثلاثة أيام,4,5,210.0,ليليا س.,https://khamsat.com/user/architect10,True,بائع نشيط,4.0,8,55.56%,4,5,4 ساعات
هندسة وعمارة,https://khamsat.com/engineering,تصميم داخلي وديكور,https://khamsat.com/engineering/interior-design,تصميم ديكور داخلي أو خارجي بنتائج واقعية ومبهرة,https://khamsat.com/engineering/interior-design/1907806-%D8%AA%D8%B5%D9%85%D9%8A%D9%85-%D8%AF%D9%8A%D9%83%D9%88%D8%B1-%D8%AF%D8%A7%D8%AE%D9%84%D9%8A-%D8%A3%D9%88-%D8%AE%D8%A7%D8%B1%D8%AC%D9%8A-%D8%A8%D9%86%D8%AA%D8%A7%D8%A6%D8%AC-%D9%88%D8%A7%D9%82%D8%B9%D9%8A%D8%A9-%D9%88%D9%85%D8%A8%D9%87%D8%B1%D8%A9,4.5,29,ساعة,49,4,$10.00,ثلاثة أيام,25,5,410.0,سمهر ا.,https://khamsat.com/user/samhar_kh,True,بائع مميز,4.5,40,91.56%,3,56,15 ساعة
هندسة وعمارة,https://khamsat.com/engineering,تصميم داخلي وديكور,https://khamsat.com/engineering/interior-design,تصميم ديكور معماري داخلي و خارجي,https://khamsat.com/engineering/interior-design/2149054-%D8%AA%D8%B5%D9%85%D9%8A%D9%85-%D8%AF%D9%8A%D9%83%D9%88%D8%B1-%D9%85%D8%B9%D9%85%D8%A7%D8%B1%D9%8A-%D8%AF%D8%A7%D8%AE%D9%84%D9%8A-%D9%88-%D8%AE%D8%A7%D8%B1%D8%AC%D9%8A,5.0,11,4 ساعات,11,0,$5.00,أسبوع,11,5,250.0,حسن م.,https://khamsat.com/user/hasan_mahfod,True,بائع نشيط,5.0,11,97.37%,1,11,4 ساعات
هندسة وعمارة,https://khamsat.com/engineering,تصميم خارجي وواجهات,https://khamsat.com/engineering/exterior-design,تصميم خارجي باستخدام 3D MAX,https://khamsat.com/engineering/exterior-design/3042054-%D8%AA%D8%B5%D9%85%D9%8A%D9%85-%D8%AE%D8%A7%D8%B1%D8%AC%D9%8A-%D8%A8%D8%A7%D8%B3%D8%AA%D8%AE%D8%AF%D8%A7%D9%85-3d-max,5.0,1,يوم,2,0,$5.00,ثلاثة أيام,1,4,165.0,فارس م.,https://khamsat.com/user/fares_mahmood,True,بائع جديد,5.0,1,100.0%,2,2,يوم
هندسة وعمارة,https://khamsat.com/engineering,تصميم خارجي وواجهات,https://khamsat.com/engineering/exterior-design,تصميم خارجي واجهات فيلات ومباني متنوعة,https://khamsat.com/engineering/exterior-design/3034294-%D8%AA%D8%B5%D9%85%D9%8A%D9%85-%D8%AE%D8%A7%D8%B1%D8%AC%D9%8A-%D9%88%D8%A7%D8%AC%D9%87%D8%A7%D8%AA-%D9%81%D9%8A%D9%84%D8%A7%D8%AA-%D9%88%D9%85%D8%A8%D8%A7%D9%86%D9%8A-%D9%85%D8%AA%D9%86%D9%88%D8%B9%D8%A9,5.0,1,ساعة,1,0,$25.00,أربعة أيام,1,5,525.0,.Feras S,https://khamsat.com/user/feras_shadoud,True,بائع مميز,4.5,22,97.65%,3,32,يوم
هندسة وعمارة,https://khamsat.com/engineering,تصميم خارجي وواجهات,https://khamsat.com/engineering/exterior-design,تصميم خارجى Extrior design,https://khamsat.com/engineering/exterior-design/1513605-%D8%AA%D8%B5%D9%85%D9%8A%D9%85-%D8%AE%D8%A7%D8%B1%D8%AC%D9%89-extrior-design,5.0,12,3 دقائق,17,0,$5.00,أسبوع,12,3,195.0,.Eman M,https://khamsat.com/user/emaneltanahy,True,بائع مميز,5.0,54,94.49%,7,60,يوم
هندسة وعمارة,https://khamsat.com/engineering,تصميم خارجي وواجهات,https://khamsat.com/engineering/exterior-design,تصميم واجهات و مناظير خارجية بواقعية عالية,https://khamsat.com/engineering/exterior-design/3040080-%D8%AA%D8%B5%D9%85%D9%8A%D9%85-%D9%88%D8%A7%D8%AC%D9%87%D8%A7%D8%AA-%D9%88-%D9%85%D9%86%D8%A7%D8%B8%D9%8A%D8%B1-%D8%AE%D8%A7%D8%B1%D8%AC%D9%8A%D8%A9-%D8%A8%D9%88%D8%A7%D9%82%D8%B9%D9%8A%D8%A9-%D8%B9%D8%A7%D9%84%D9%8A%D8%A9,5.0,1,48 دقيقة,1,0,$10.00,يومين,1,5,160.0,أروي ع.,https://khamsat.com/user/arwa3mad,True,بائع جديد,5.0,1,100.0%,3,1,48 دقيقة
هندسة وعمارة,https://khamsat.com/engineering,تصميم خارجي وواجهات,https://khamsat.com/engineering/exterior-design,تصميم واجهات معمارية لكل 10 متر مربع,https://khamsat.com/engineering/exterior-design/1980143-%D8%AA%D8%B5%D9%85%D9%8A%D9%85-%D9%88%D8%A7%D8%AC%D9%87%D8%A7%D8%AA-%D9%85%D8%B9%D9%85%D8%A7%D8%B1%D9%8A%D8%A9-%D9%84%D9%83%D9%84-10-%D9%85%D8%AA%D8%B1-%D9%85%D8%B1%D8%A8%D8%B9,5.0,11,يومين,26,0,$5.00,يومين,11,3,245.0,.Amer S,https://khamsat.com/user/amer_sultan,True,بائع مميز,5.0,26,100.0%,4,42,23 ساعة
هندسة وعمارة,https://khamsat.com/engineering,تصميم خارجي وواجهات,https://khamsat.com/engineering/exterior-design,اصمم لك منزلك باحترافية عالية على برنامجي AutoCAD 3DSMAX,https://khamsat.com/engineering/exterior-design/1794353-%D8%A7%D8%B5%D9%85%D9%85-%D9%84%D9%83-%D9%85%D9%86%D8%B2%D9%84%D9%83-%D8%A8%D8%A7%D8%AD%D8%AA%D8%B1%D8%A7%D9%81%D9%8A%D8%A9-%D8%B9%D8%A7%D9%84%D9%8A%D8%A9-%D8%B9%D9%84%D9%89-%D8%A8%D8%B1%D9%86%D8%A7%D9%85%D8%AC%D9%8A-autocad-3dsmax,5.0,7,ساعة,10,0,$10.00,يومين,7,5,440.0,.Ali S,https://khamsat.com/user/alisaleh10,True,بائع مميز,4.5,28,94.49%,4,31,5 ساعات
هندسة وعمارة,https://khamsat.com/engineering,تصميم خارجي وواجهات,https://khamsat.com/engineering/exterior-design,تصميم داخلي وخارجي,https://khamsat.com/engineering/exterior-design/1371020-%D8%AA%D8%B5%D9%85%D9%8A%D9%85-%D8%AF%D8%A7%D8%AE%D9%84%D9%8A-%D9%88%D8%AE%D8%A7%D8%B1%D8%AC%D9%8A,4.5,33,36 دقيقة,44,0,$5.00,أربعة أيام,25,5,380.0,هاجر س.,https://khamsat.com/user/hagarseleem,True,بائع مميز,4.5,38,94.21%,1,48,ساعة
هندسة وعمارة,https://khamsat.com/engineering,تصميم خارجي وواجهات,https://khamsat.com/engineering/exterior-design,تصميم معماري وإظهار خارجي,https://khamsat.com/engineering/exterior-design/2771144-%D8%AA%D8%B5%D9%85%D9%8A%D9%85-%D9%85%D8%B9%D9%85%D8%A7%D8%B1%D9%8A-%D9%88%D8%A5%D8%B8%D9%87%D8%A7%D8%B1-%D8%AE%D8%A7%D8%B1%D8%AC%D9%8A,5.0,6,11 ساعة,8,0,$5.00,يوم واحد,6,5,75.0,سارة ت.,https://khamsat.com/user/taouti_95,True,بائع نشيط,5.0,16,93.55%,5,20,9 ساعات
هندسة وعمارة,https://khamsat.com/engineering,تصميم خارجي وواجهات,https://khamsat.com/engineering/exterior-design,تصميم واجهات معمارية لجميع المبانى,https://khamsat.com/engineering/exterior-design/2661577-%D8%AA%D8%B5%D9%85%D9%8A%D9%85-%D9%88%D8%A7%D8%AC%D9%87%D8%A7%D8%AA-%D9%85%D8%B9%D9%85%D8%A7%D8%B1%D9%8A%D8%A9-%D9%84%D8%AC%D9%85%D9%8A%D8%B9-%D8%A7%D9%84%D9%85%D8%A8%D8%A7%D9%86%D9%89,5.0,9,ساعة,11,0,$5.00,يومين,9,5,320.0,.Hadeer E,https://khamsat.com/user/hadeerezzat,True,بائع نشيط,5.0,12,100.0%,2,15,ساعتين
هندسة وعمارة,https://khamsat.com/engineering,تصميم خارجي وواجهات,https://khamsat.com/engineering/exterior-design,تصميم واجهات فيلل وكافة المشاريع المعماريه بدقه وابداع,https://khamsat.com/engineering/exterior-design/2368077-%D8%AA%D8%B5%D9%85%D9%8A%D9%85-%D9%88%D8%A7%D8%AC%D9%87%D8%A7%D8%AA-%D9%81%D9%8A%D9%84%D9%84-%D9%88%D9%83%D8%A7%D9%81%D8%A9-%D8%A7%D9%84%D9%85%D8%B4%D8%A7%D8%B1%D9%8A%D8%B9-%D8%A7%D9%84%D9%85%D8%B9%D9%85%D8%A7%D8%B1%D9%8A%D9%87-%D8%A8%D8%AF%D9%82%D9%87-%D9%88%D8%A7%D8%A8%D8%AF%D8%A7%D8%B9,5.0,4,15 دقيقة,4,0,$5.00,أسبوع,4,3,135.0,.Hager A,https://khamsat.com/user/hager_2022,True,بائع مميز,5.0,11,100.0%,5,12,ساعتين
هندسة وعمارة,https://khamsat.com/engineering,تصميم خارجي وواجهات,https://khamsat.com/engineering/exterior-design,انشاء نموذج ثلاثي الأبعاد 3D لمشروعك الخاص .,https://khamsat.com/engineering/exterior-design/1655844-%D8%A7%D9%86%D8%B4%D8%A7%D8%A1-%D9%86%D9%85%D9%88%D8%B0%D8%AC-%D8%AB%D9%84%D8%A7%D8%AB%D9%8A-%D8%A7%D9%84%D8%A3%D8%A8%D8%B9%D8%A7%D8%AF-3d-%D9%84%D9%85%D8%B4%D8%B1%D9%88%D8%B9%D9%83-%D8%A7%D9%84%D8%AE%D8%A7%D8%B5-,4.5,6,14 يوم,12,1,$5.00,يوم واحد,6,4,320.0,.Rabah B,https://khamsat.com/user/rabah_ads,True,بائع مميز,4.5,71,91.34%,5,107,3 أيام
هندسة وعمارة,https://khamsat.com/engineering,تصميم خارجي وواجهات,https://khamsat.com/engineering/exterior-design,تصميم واجهات خارجية بجميع الطرز و تصميم لاندسكيب,https://khamsat.com/engineering/exterior-design/2950446-%D8%AA%D8%B5%D9%85%D9%8A%D9%85-%D9%88%D8%A7%D8%AC%D9%87%D8%A7%D8%AA-%D8%AE%D8%A7%D8%B1%D8%AC%D9%8A%D8%A9-%D8%A8%D8%AC%D9%85%D9%8A%D8%B9-%D8%A7%D9%84%D8%B7%D8%B1%D8%B2-%D9%88-%D8%AA%D8%B5%D9%85%D9%8A%D9%85-%D9%84%D8%A7%D9%86%D8%AF%D8%B3%D9%83%D9%8A%D8%A8,5.0,3,3 ساعات,4,0,$10.00,خمسة أيام,3,5,320.0,.Hadeer E,https://khamsat.com/user/hadeerezzat,True,بائع نشيط,5.0,12,100.0%,2,15,ساعتين
هندسة وعمارة,https://khamsat.com/engineering,تصميم خارجي وواجهات,https://khamsat.com/engineering/exterior-design,تصميم معماري خارجي عصري لكل انواع مباني بمبالغ خيالية,https://khamsat.com/engineering/exterior-design/1392970-%D8%AA%D8%B5%D9%85%D9%8A%D9%85-%D9%85%D8%B9%D9%85%D8%A7%D8%B1%D9%8A-%D8%AE%D8%A7%D8%B1%D8%AC%D9%8A-%D8%B9%D8%B5%D8%B1%D9%8A-%D9%84%D9%83%D9%84-%D8%A7%D9%86%D9%88%D8%A7%D8%B9-%D9%85%D8%A8%D8%A7%D9%86%D9%8A-%D8%A8%D9%85%D8%A8%D8%A7%D9%84%D8%BA-%D8%AE%D9%8A%D8%A7%D9%84%D9%8A%D8%A9,5.0,45,11 دقيقة,54,0,$50.00,أسبوع,25,5,700.0,.Mohamed Allaaeddine B,https://khamsat.com/user/urba_concept,True,بائع مميز,5.0,115,96.0%,4,121,14 ساعة
هندسة وعمارة,https://khamsat.com/engineering,تصميم خارجي وواجهات,https://khamsat.com/engineering/exterior-design,تصميم خارجي مبنى سكني شقق سكنية,https://khamsat.com/engineering/exterior-design/2593374-%D8%AA%D8%B5%D9%85%D9%8A%D9%85-%D8%AE%D8%A7%D8%B1%D8%AC%D9%8A-%D9%85%D8%A8%D9%86%D9%89-%D8%B3%D9%83%D9%86%D9%8A-%D8%B4%D9%82%D9%82-%D8%B3%D9%83%D9%86%D9%8A%D8%A9,4.5,11,ساعة,12,0,$5.00,ثلاثة أيام,11,2,70.0,.Ahmad Ghazi D,https://khamsat.com/user/ahmaddbes,True,بائع مميز,4.5,21,100.0%,5,15,21 ساعة
هندسة وعمارة,https://khamsat.com/engineering,تصميم خارجي وواجهات,https://khamsat.com/engineering/exterior-design,تصميم وتنسيق واجهات وحدائق باحترافية عالية,https://khamsat.com/engineering/exterior-design/2168469-%D8%AA%D8%B5%D9%85%D9%8A%D9%85-%D9%88%D8%AA%D9%86%D8%B3%D9%8A%D9%82-%D9%88%D8%A7%D8%AC%D9%87%D8%A7%D8%AA-%D9%88%D8%AD%D8%AF%D8%A7%D8%A6%D9%82-%D8%A8%D8%A7%D8%AD%D8%AA%D8%B1%D8%A7%D9%81%D9%8A%D8%A9-%D8%B9%D8%A7%D9%84%D9%8A%D8%A9,4.5,17,10 ساعات,27,0,$5.00,يوم واحد,17,4,385.0,.Khaled N,https://khamsat.com/user/khaled_nabhan0,True,بائع مميز,4.5,21,96.67%,2,35,10 ساعات
هندسة وعمارة,https://khamsat.com/engineering,تصميم خارجي وواجهات,https://khamsat.com/engineering/exterior-design,تصميم واجهات معمارية ومناظير خارجية,https://khamsat.com/engineering/exterior-design/1659693-%D8%AA%D8%B5%D9%85%D9%8A%D9%85-%D9%88%D8%A7%D8%AC%D9%87%D8%A7%D8%AA-%D9%85%D8%B9%D9%85%D8%A7%D8%B1%D9%8A%D8%A9-%D9%88%D9%85%D9%86%D8%A7%D8%B8%D9%8A%D8%B1-%D8%AE%D8%A7%D8%B1%D8%AC%D9%8A%D8%A9,5.0,25,دقيقة,33,0,$10.00,أربعة أيام,25,2,90.0,.Aya E,https://khamsat.com/user/aya_elzoghby91,True,بائع مميز,5.0,50,98.68%,6,51,ساعة
هندسة وعمارة,https://khamsat.com/engineering,تصميم خارجي وواجهات,https://khamsat.com/engineering/exterior-design,تصميم 3D للواجهات المعمارية الخارجية باحترافية عالية جدا,https://khamsat.com/engineering/exterior-design/2078124-%D8%AA%D8%B5%D9%85%D9%8A%D9%85-3d-%D9%84%D9%84%D9%88%D8%A7%D8%AC%D9%87%D8%A7%D8%AA-%D8%A7%D9%84%D9%85%D8%B9%D9%85%D8%A7%D8%B1%D9%8A%D8%A9-%D8%A7%D9%84%D8%AE%D8%A7%D8%B1%D8%AC%D9%8A%D8%A9-%D8%A8%D8%A7%D8%AD%D8%AA%D8%B1%D8%A7%D9%81%D9%8A%D8%A9-%D8%B9%D8%A7%D9%84%D9%8A%D8%A9-%D8%AC%D8%AF%D8%A7,5.0,6,18 ساعة,8,0,$5.00,يومين,6,3,195.0,عبدالإله ح.,https://khamsat.com/user/abdalelah97hl,True,بائع نشيط,5.0,6,71.05%,1,8,10 ساعات
هندسة وعمارة,https://khamsat.com/engineering,تصميم خارجي وواجهات,https://khamsat.com/engineering/exterior-design,تصميم واجهات معمارية ومناظير خارجية 3d,https://khamsat.com/engineering/exterior-design/2109418-%D8%AA%D8%B5%D9%85%D9%8A%D9%85-%D9%88%D8%A7%D8%AC%D9%87%D8%A7%D8%AA-%D9%85%D8%B9%D9%85%D8%A7%D8%B1%D9%8A%D8%A9-%D9%88%D9%85%D9%86%D8%A7%D8%B8%D9%8A%D8%B1-%D8%AE%D8%A7%D8%B1%D8%AC%D9%8A%D8%A9-3d,4.5,16,26 دقيقة,31,0,$5.00,يوم واحد,16,4,515.0,عبد الرزاق ا.,https://khamsat.com/user/abdulrazzakalsah,True,بائع مميز,4.5,32,92.55%,4,49,4 ساعات
هندسة وعمارة,https://khamsat.com/engineering,تصميم خارجي وواجهات,https://khamsat.com/engineering/exterior-design,واجهة معمارية بتصميم حديث,https://khamsat.com/engineering/exterior-design/2818668-%D9%88%D8%A7%D8%AC%D9%87%D8%A9-%D9%85%D8%B9%D9%85%D8%A7%D8%B1%D9%8A%D8%A9-%D8%A8%D8%AA%D8%B5%D9%85%D9%8A%D9%85-%D8%AD%D8%AF%D9%8A%D8%AB,4.5,11,11 دقيقة,12,0,$10.00,ثلاثة أيام,11,5,355.0,محمد غ.,https://khamsat.com/user/mohammad_ghareb,True,بائع نشيط,5.0,30,97.87%,4,30,3 ساعات
هندسة وعمارة,https://khamsat.com/engineering,تصميم خارجي وواجهات,https://khamsat.com/engineering/exterior-design,تصميم واجهات فلل مع إخراج واقعي,https://khamsat.com/engineering/exterior-design/2269436-%D8%AA%D8%B5%D9%85%D9%8A%D9%85-%D9%88%D8%A7%D8%AC%D9%87%D8%A7%D8%AA-%D9%81%D9%84%D9%84-%D9%85%D8%B9-%D8%A5%D8%AE%D8%B1%D8%A7%D8%AC-%D9%88%D8%A7%D9%82%D8%B9%D9%8A,4.5,10,4 أيام,19,0,$10.00,ثلاثة أيام,10,5,275.0,لينا ع.,https://khamsat.com/user/lina_ali_96,True,بائع مميز,4.5,17,56.3%,4,26,يوم
هندسة وعمارة,https://khamsat.com/engineering,تصميم خارجي وواجهات,https://khamsat.com/engineering/exterior-design,تصميم خارجي لواجهات فلل ومباني سكنية,https://khamsat.com/engineering/exterior-design/2811972-%D8%AA%D8%B5%D9%85%D9%8A%D9%85-%D8%AE%D8%A7%D8%B1%D8%AC%D9%8A-%D9%84%D9%88%D8%A7%D8%AC%D9%87%D8%A7%D8%AA-%D9%81%D9%84%D9%84-%D9%88%D9%85%D8%A8%D8%A7%D9%86%D9%8A-%D8%B3%D9%83%D9%86%D9%8A%D8%A9,5.0,2,ساعة,5,0,$5.00,ثلاثة أيام,2,4,325.0,.Mohammed Aghiad S,https://khamsat.com/user/moaghiad55,True,بائع نشيط,3.5,10,87.5%,2,15,43 دقيقة
هندسة وعمارة,https://khamsat.com/engineering,تصميم خارجي وواجهات,https://khamsat.com/engineering/exterior-design,تصميم ديكور خارجي لفيلا سكنية,https://khamsat.com/engineering/exterior-design/2891772-%D8%AA%D8%B5%D9%85%D9%8A%D9%85-%D8%AF%D9%8A%D9%83%D9%88%D8%B1-%D8%AE%D8%A7%D8%B1%D8%AC%D9%8A-%D9%84%D9%81%D9%8A%D9%84%D8%A7-%D8%B3%D9%83%D9%86%D9%8A%D8%A9,5.0,2,ساعتين,3,0,$5.00,ثلاثة أيام,2,2,70.0,.Mohanad H,https://khamsat.com/user/mohanadhomse,True,بائع جديد,5.0,2,100.0%,2,3,ساعتين
هندسة وعمارة,https://khamsat.com/engineering,تصميم خارجي وواجهات,https://khamsat.com/engineering/exterior-design,تصميم واجهات معمارية مودرن وكلاسيكية,https://khamsat.com/engineering/exterior-design/2128706-%D8%AA%D8%B5%D9%85%D9%8A%D9%85-%D9%88%D8%A7%D8%AC%D9%87%D8%A7%D8%AA-%D9%85%D8%B9%D9%85%D8%A7%D8%B1%D9%8A%D8%A9-%D9%85%D9%88%D8%AF%D8%B1%D9%86-%D9%88%D9%83%D9%84%D8%A7%D8%B3%D9%8A%D9%83%D9%8A%D8%A9,3.5,4,7 أيام,9,0,$5.00,ثلاثة أيام,4,3,150.0,علي ا.,https://khamsat.com/user/ali995,True,بائع نشيط,4.5,19,91.25%,4,46,يومين
هندسة وعمارة,https://khamsat.com/engineering,تصميم خارجي وواجهات,https://khamsat.com/engineering/exterior-design,تصميم معماري خارجي ثلاثي الأبعاد 3D,https://khamsat.com/engineering/exterior-design/1501326-%D8%AA%D8%B5%D9%85%D9%8A%D9%85-%D9%85%D8%B9%D9%85%D8%A7%D8%B1%D9%8A-%D8%AE%D8%A7%D8%B1%D8%AC%D9%8A-%D8%AB%D9%84%D8%A7%D8%AB%D9%8A-%D8%A7%D9%84%D8%A3%D8%A8%D8%B9%D8%A7%D8%AF-3d,5.0,32,يوم,37,0,$50.00,خمسة أيام,25,5,750.0,.Bassel A,https://khamsat.com/user/bassel_ahmad,True,بائع مميز,5.0,58,92.08%,2,56,8 ساعات
هندسة وعمارة,https://khamsat.com/engineering,تصميم خارجي وواجهات,https://khamsat.com/engineering/exterior-design,تصميم فيلا سكنية من الداخل والخارج,https://khamsat.com/engineering/exterior-design/2418155-%D8%AA%D8%B5%D9%85%D9%8A%D9%85-%D9%81%D9%8A%D9%84%D8%A7-%D8%B3%D9%83%D9%86%D9%8A%D8%A9-%D9%85%D9%86-%D8%A7%D9%84%D8%AF%D8%A7%D8%AE%D9%84-%D9%88%D8%A7%D9%84%D8%AE%D8%A7%D8%B1%D8%AC,4.5,9,ساعتين,18,0,$5.00,يومين,9,4,350.0,.Omar A,https://khamsat.com/user/omar_abozaid234,True,بائع نشيط,4.5,14,64.58%,2,23,4 أيام
هندسة وعمارة,https://khamsat.com/engineering,تصميم خارجي وواجهات,https://khamsat.com/engineering/exterior-design,"تصميم خارجي واجهات سكنية 2d,3d Extrior design",https://khamsat.com/engineering/exterior-design/2822204-%D8%AA%D8%B5%D9%85%D9%8A%D9%85-%D8%AE%D8%A7%D8%B1%D8%AC%D9%8A-%D9%88%D8%A7%D8%AC%D9%87%D8%A7%D8%AA-%D8%B3%D9%83%D9%86%D9%8A%D8%A9-2d3d-extrior-design,5.0,3,8 ساعات,3,0,$5.00,ثلاثة أيام,3,2,70.0,.Ahmad Ghazi D,https://khamsat.com/user/ahmaddbes,True,بائع مميز,4.5,21,100.0%,5,15,21 ساعة
هندسة وعمارة,https://khamsat.com/engineering,تصميم خارجي وواجهات,https://khamsat.com/engineering/exterior-design,التصميم المعماري الخارجي باستخدام 3ds max,https://khamsat.com/engineering/exterior-design/1951782-%D8%A7%D9%84%D8%AA%D8%B5%D9%85%D9%8A%D9%85-%D8%A7%D9%84%D9%85%D8%B9%D9%85%D8%A7%D8%B1%D9%8A-%D8%A7%D9%84%D8%AE%D8%A7%D8%B1%D8%AC%D9%8A-%D8%A8%D8%A7%D8%B3%D8%AA%D8%AE%D8%AF%D8%A7%D9%85-3ds-max,5.0,3,5 ساعات,4,0,$25.00,يومين,3,3,275.0,بنان ع.,https://khamsat.com/user/benan,True,بائع نشيط,5.0,4,90.91%,3,5,15 ساعة
هندسة وعمارة,https://khamsat.com/engineering,تصميم خارجي وواجهات,https://khamsat.com/engineering/exterior-design,تصميم واجهات عصرية وديكور داخلي علي احدث مستوى,https://khamsat.com/engineering/exterior-design/1276442-%D8%AA%D8%B5%D9%85%D9%8A%D9%85-%D9%88%D8%A7%D8%AC%D9%87%D8%A7%D8%AA-%D8%B9%D8%B5%D8%B1%D9%8A%D8%A9-%D9%88%D8%AF%D9%8A%D9%83%D9%88%D8%B1-%D8%AF%D8%A7%D8%AE%D9%84%D9%8A-%D8%B9%D9%84%D9%8A-%D8%A7%D8%AD%D8%AF%D8%AB-%D9%85%D8%B3%D8%AA%D9%88%D9%89,5.0,17,ساعة,24,0,$20.00,خمسة أيام,17,4,260.0,.Aya M,https://khamsat.com/user/aasm_998,True,بائع مميز,5.0,75,79.89%,16,84,5 ساعات
هندسة وعمارة,https://khamsat.com/engineering,تصميم خارجي وواجهات,https://khamsat.com/engineering/exterior-design,تصميم معماري وانشائي لفيلات اقتصادية,https://khamsat.com/engineering/exterior-design/1628668-%D8%AA%D8%B5%D9%85%D9%8A%D9%85-%D9%85%D8%B9%D9%85%D8%A7%D8%B1%D9%8A-%D9%88%D8%A7%D9%86%D8%B4%D8%A7%D8%A6%D9%8A-%D9%84%D9%81%D9%8A%D9%84%D8%A7%D8%AA-%D8%A7%D9%82%D8%AA%D8%B5%D8%A7%D8%AF%D9%8A%D8%A9,4.5,18,48 دقيقة,33,0,$5.00,يوم واحد,18,5,410.0,.Ali S,https://khamsat.com/user/salamoon,True,بائع مميز,4.5,104,86.7%,13,139,7 ساعات
هندسة وعمارة,https://khamsat.com/engineering,تصميم خارجي وواجهات,https://khamsat.com/engineering/exterior-design,تصميم واجهات معمارية تجارية مبتكرة تعكس هوية عملك,https://khamsat.com/engineering/exterior-design/2999897-%D8%AA%D8%B5%D9%85%D9%8A%D9%85-%D9%88%D8%A7%D8%AC%D9%87%D8%A7%D8%AA-%D9%85%D8%B9%D9%85%D8%A7%D8%B1%D9%8A%D8%A9-%D8%AA%D8%AC%D8%A7%D8%B1%D9%8A%D8%A9-%D9%85%D8%A8%D8%AA%D9%83%D8%B1%D8%A9-%D8%AA%D8%B9%D9%83%D8%B3-%D9%87%D9%88%D9%8A%D8%A9-%D8%B9%D9%85%D9%84%D9%83,4.5,2,15 دقيقة,2,0,$10.00,ثلاثة أيام,2,2,75.0,.Ahmed S,https://khamsat.com/user/ahmedsulaiman77,True,بائع جديد,4.5,2,100.0%,2,2,15 دقيقة
هندسة وعمارة,https://khamsat.com/engineering,تصميم حدائق ولاند سكيب,https://khamsat.com/engineering/landscape-design,تصميم حديقة خارجية 3D سواء كانت منزلية او عامة,https://khamsat.com/engineering/landscape-design/2265117-%D8%AA%D8%B5%D9%85%D9%8A%D9%85-%D8%AD%D8%AF%D9%8A%D9%82%D8%A9-%D8%AE%D8%A7%D8%B1%D8%AC%D9%8A%D8%A9-3d-%D8%B3%D9%88%D8%A7%D8%A1-%D9%83%D8%A7%D9%86%D8%AA-%D9%85%D9%86%D8%B2%D9%84%D9%8A%D8%A9-%D8%A7%D9%88-%D8%B9%D8%A7%D9%85%D8%A9,4.5,12,13 دقيقة,18,1,$5.00,أسبوعين,12,5,490.0,ديانا ن.,https://khamsat.com/user/diananmn96,True,بائع مميز,5.0,19,93.06%,5,28,ساعة
هندسة وعمارة,https://khamsat.com/engineering,تصميم حدائق ولاند سكيب,https://khamsat.com/engineering/landscape-design,تصميم لاند سكيب landscape designe واظهاره,https://khamsat.com/engineering/landscape-design/2367112-%D8%AA%D8%B5%D9%85%D9%8A%D9%85-%D9%84%D8%A7%D9%86%D8%AF-%D8%B3%D9%83%D9%8A%D8%A8-landscape-designe-%D9%88%D8%A7%D8%B8%D9%87%D8%A7%D8%B1%D9%87,5.0,4,ساعة,8,0,$5.00,أسبوع,4,4,175.0,.Hager A,https://khamsat.com/user/hager_2022,True,بائع مميز,5.0,11,100.0%,5,12,ساعتين
هندسة وعمارة,https://khamsat.com/engineering,تصميم حدائق ولاند سكيب,https://khamsat.com/engineering/landscape-design,تصميم معماري خارجي للحدائق و فنائات و ارتدادات لبيتك باسعار منافسة.,https://khamsat.com/engineering/landscape-design/1655561-%D8%AA%D8%B5%D9%85%D9%8A%D9%85-%D9%85%D8%B9%D9%85%D8%A7%D8%B1%D9%8A-%D8%AE%D8%A7%D8%B1%D8%AC%D9%8A-%D9%84%D9%84%D8%AD%D8%AF%D8%A7%D8%A6%D9%82-%D9%88-%D9%81%D9%86%D8%A7%D8%A6%D8%A7%D8%AA-%D9%88-%D8%A7%D8%B1%D8%AA%D8%AF%D8%A7%D8%AF%D8%A7%D8%AA-%D9%84%D8%A8%D9%8A%D8%AA%D9%83-%D8%A8%D8%A7%D8%B3%D8%B9%D8%A7%D8%B1-%D9%85%D9%86%D8%A7%D9%81%D8%B3%D8%A9,5.0,15,3 أيام,16,0,$50.00,أسبوع,15,5,650.0,.Mohamed Allaaeddine B,https://khamsat.com/user/urba_concept,True,بائع مميز,5.0,115,96.0%,4,121,14 ساعة
هندسة وعمارة,https://khamsat.com/engineering,تصميم حدائق ولاند سكيب,https://khamsat.com/engineering/landscape-design,تصميم و رندر لاند سكاب باستخدام Lumion + Rhino,https://khamsat.com/engineering/landscape-design/2855646-%D8%AA%D8%B5%D9%85%D9%8A%D9%85-%D9%88-%D8%B1%D9%86%D8%AF%D8%B1-%D9%84%D8%A7%D9%86%D8%AF-%D8%B3%D9%83%D8%A7%D8%A8-%D8%A8%D8%A7%D8%B3%D8%AA%D8%AE%D8%AF%D8%A7%D9%85-lumion-rhino,5.0,3,6 ساعات,3,0,$5.00,يوم واحد,3,2,55.0,.Mohamad G,https://khamsat.com/user/mod_gh99,True,بائع جديد,5.0,4,100.0%,3,4,6 ساعات
هندسة وعمارة,https://khamsat.com/engineering,تصميم حدائق ولاند سكيب,https://khamsat.com/engineering/landscape-design,اصمم لك Landscape حصرية للاظهار المعماري والالعاب,https://khamsat.com/engineering/landscape-design/1838405-%D8%A7%D8%B5%D9%85%D9%85-%D9%84%D9%83-landscape-%D8%AD%D8%B5%D8%B1%D9%8A%D8%A9-%D9%84%D9%84%D8%A7%D8%B8%D9%87%D8%A7%D8%B1-%D8%A7%D9%84%D9%85%D8%B9%D9%85%D8%A7%D8%B1%D9%8A-%D9%88%D8%A7%D9%84%D8%A7%D9%84%D8%B9%D8%A7%D8%A8,5.0,1,ساعة,2,0,$5.00,أربعة أيام,1,3,55.0,محمد فراس ا.,https://khamsat.com/user/hasanest,True,بائع مميز,4.5,20,98.61%,8,26,4 ساعات
هندسة وعمارة,https://khamsat.com/engineering,تصميم حدائق ولاند سكيب,https://khamsat.com/engineering/landscape-design,تصميم الحدائق للفيلات واللاندسكيب للمزارع والمناطق المفتوحة,https://khamsat.com/engineering/landscape-design/2703278-%D8%AA%D8%B5%D9%85%D9%8A%D9%85-%D8%A7%D9%84%D8%AD%D8%AF%D8%A7%D8%A6%D9%82-%D9%84%D9%84%D9%81%D9%8A%D9%84%D8%A7%D8%AA-%D9%88%D8%A7%D9%84%D9%84%D8%A7%D9%86%D8%AF%D8%B3%D9%83%D9%8A%D8%A8-%D9%84%D9%84%D9%85%D8%B2%D8%A7%D8%B1%D8%B9-%D9%88%D8%A7%D9%84%D9%85%D9%86%D8%A7%D8%B7%D9%82-%D8%A7%D9%84%D9%85%D9%81%D8%AA%D9%88%D8%AD%D8%A9,5.0,4,7 ساعات,6,0,$10.00,أربعة أيام,4,3,105.0,باسل ح.,https://khamsat.com/user/bassel_hammoud,True,بائع مميز,5.0,38,96.15%,5,34,9 ساعات
هندسة وعمارة,https://khamsat.com/engineering,تصميم حدائق ولاند سكيب,https://khamsat.com/engineering/landscape-design,سأصمم المناظر الطبيعية الخاصة بك ، الحديقة ، الفناء الخلفي,https://khamsat.com/engineering/landscape-design/2070078-%D8%B3%D8%A3%D8%B5%D9%85%D9%85-%D8%A7%D9%84%D9%85%D9%86%D8%A7%D8%B8%D8%B1-%D8%A7%D9%84%D8%B7%D8%A8%D9%8A%D8%B9%D9%8A%D8%A9-%D8%A7%D9%84%D8%AE%D8%A7%D8%B5%D8%A9-%D8%A8%D9%83-%D8%A7%D9%84%D8%AD%D8%AF%D9%8A%D9%82%D8%A9-%D8%A7%D9%84%D9%81%D9%86%D8%A7%D8%A1-%D8%A7%D9%84%D8%AE%D9%84%D9%81%D9%8A,4.5,6,12 دقيقة,6,0,$10.00,يومين,6,4,55.0,منة الله م.,https://khamsat.com/user/%D9%85%D9%86%D8%A9-%D8%B1%D9%8A%D8%AD%D8%A7%D9%86,True,بائع نشيط,4.5,6,95.89%,2,7,15 ساعة
هندسة وعمارة,https://khamsat.com/engineering,تصميم حدائق ولاند سكيب,https://khamsat.com/engineering/landscape-design,تنسيق حدائق هندسة معمارية ورسومات تنفيذية,https://khamsat.com/engineering/landscape-design/2151636-%D8%AA%D9%86%D8%B3%D9%8A%D9%82-%D8%AD%D8%AF%D8%A7%D8%A6%D9%82-%D9%87%D9%86%D8%AF%D8%B3%D8%A9-%D9%85%D8%B9%D9%85%D8%A7%D8%B1%D9%8A%D8%A9-%D9%88%D8%B1%D8%B3%D9%88%D9%85%D8%A7%D8%AA-%D8%AA%D9%86%D9%81%D9%8A%D8%B0%D9%8A%D8%A9,4.5,5,21 دقيقة,8,2,$25.00,ثلاثة أيام,5,4,340.0,.Mustafa A,https://khamsat.com/user/mustafa_anas,True,بائع نشيط,4.5,8,65.22%,5,12,ساعتين
هندسة وعمارة,https://khamsat.com/engineering,تصميم حدائق ولاند سكيب,https://khamsat.com/engineering/landscape-design,تصميم حدائق ولاند سكيب للفيلات والاماكن العامة والخاصة,https://khamsat.com/engineering/landscape-design/2891649-%D8%AA%D8%B5%D9%85%D9%8A%D9%85-%D8%AD%D8%AF%D8%A7%D8%A6%D9%82-%D9%88%D9%84%D8%A7%D9%86%D8%AF-%D8%B3%D9%83%D9%8A%D8%A8-%D9%84%D9%84%D9%81%D9%8A%D9%84%D8%A7%D8%AA-%D9%88%D8%A7%D9%84%D8%A7%D9%85%D8%A7%D9%83%D9%86-%D8%A7%D9%84%D8%B9%D8%A7%D9%85%D8%A9-%D9%88%D8%A7%D9%84%D8%AE%D8%A7%D8%B5%D8%A9,5.0,4,4 ساعات,5,0,$5.00,يوم واحد,4,5,305.0,أحمد ح.,https://khamsat.com/user/ahmedhussainamin,True,بائع نشيط,5.0,15,100.0%,4,13,17 ساعة
هندسة وعمارة,https://khamsat.com/engineering,تصميم حدائق ولاند سكيب,https://khamsat.com/engineering/landscape-design,تصميم خارجي للاندسكيب و مسابح وحدائق,https://khamsat.com/engineering/landscape-design/2836426-%D8%AA%D8%B5%D9%85%D9%8A%D9%85-%D8%AE%D8%A7%D8%B1%D8%AC%D9%8A-%D9%84%D9%84%D8%A7%D9%86%D8%AF%D8%B3%D9%83%D9%8A%D8%A8-%D9%88-%D9%85%D8%B3%D8%A7%D8%A8%D8%AD-%D9%88%D8%AD%D8%AF%D8%A7%D8%A6%D9%82,3.5,2,يوم,2,0,$5.00,يومين,2,4,245.0,محمد أسعد ب.,https://khamsat.com/user/asaad_baradie01,True,بائع جديد,3.5,2,100.0%,4,2,يوم
هندسة وعمارة,https://khamsat.com/engineering,تصميم حدائق ولاند سكيب,https://khamsat.com/engineering/landscape-design,تصميم لاندسكيب وحدائق عامة وخاصة 2D,https://khamsat.com/engineering/landscape-design/2994514-%D8%AA%D8%B5%D9%85%D9%8A%D9%85-%D9%84%D8%A7%D9%86%D8%AF%D8%B3%D9%83%D9%8A%D8%A8-%D9%88%D8%AD%D8%AF%D8%A7%D8%A6%D9%82-%D8%B9%D8%A7%D9%85%D8%A9-%D9%88%D8%AE%D8%A7%D8%B5%D8%A9-2d,1.0,1,7 ساعات,1,0,$5.00,ثلاثة أيام,1,5,85.0,.Nourhan B,https://khamsat.com/user/nourhan_barakat_2,True,بائع نشيط,1.0,1,100.0%,1,1,7 ساعات
هندسة وعمارة,https://khamsat.com/engineering,تصميم حدائق ولاند سكيب,https://khamsat.com/engineering/landscape-design,LANDSCAPE DESIGN تصميم الموقع العام و الحدائق الخارجية,https://khamsat.com/engineering/landscape-design/2543685-landscape-design-%D8%AA%D8%B5%D9%85%D9%8A%D9%85-%D8%A7%D9%84%D9%85%D9%88%D9%82%D8%B9-%D8%A7%D9%84%D8%B9%D8%A7%D9%85-%D9%88-%D8%A7%D9%84%D8%AD%D8%AF%D8%A7%D8%A6%D9%82-%D8%A7%D9%84%D8%AE%D8%A7%D8%B1%D8%AC%D9%8A%D8%A9,5.0,5,6 ساعات,5,1,$5.00,أسبوع,5,3,175.0,.Raghda E,https://khamsat.com/user/raghda_elrabbat,True,بائع نشيط,5.0,13,92.31%,6,12,19 ساعة
هندسة وعمارة,https://khamsat.com/engineering,تصميم حدائق ولاند سكيب,https://khamsat.com/engineering/landscape-design,تصميم حديقة المنزل بشكل عصري و جذاب,https://khamsat.com/engineering/landscape-design/1629179-%D8%AA%D8%B5%D9%85%D9%8A%D9%85-%D8%AD%D8%AF%D9%8A%D9%82%D8%A9-%D8%A7%D9%84%D9%85%D9%86%D8%B2%D9%84-%D8%A8%D8%B4%D9%83%D9%84-%D8%B9%D8%B5%D8%B1%D9%8A-%D9%88-%D8%AC%D8%B0%D8%A7%D8%A8,5.0,7,5 دقائق,8,0,$25.00,أسبوعين,7,3,170.0,فاطمة ج.,https://khamsat.com/user/nesrine_92,True,بائع نشيط,5.0,16,100.0%,5,15,يومين
هندسة وعمارة,https://khamsat.com/engineering,تصميم حدائق ولاند سكيب,https://khamsat.com/engineering/landscape-design,تخطيط وتصميم الحدائق المنزلية والمسابح والمنتزهات العامة .,https://khamsat.com/engineering/landscape-design/1433378-%D8%AA%D8%AE%D8%B7%D9%8A%D8%B7-%D9%88%D8%AA%D8%B5%D9%85%D9%8A%D9%85-%D8%A7%D9%84%D8%AD%D8%AF%D8%A7%D8%A6%D9%82-%D8%A7%D9%84%D9%85%D9%86%D8%B2%D9%84%D9%8A%D8%A9-%D9%88%D8%A7%D9%84%D9%85%D8%B3%D8%A7%D8%A8%D8%AD-%D9%88%D8%A7%D9%84%D9%85%D9%86%D8%AA%D8%B2%D9%87%D8%A7%D8%AA-%D8%A7%D9%84%D8%B9%D8%A7%D9%85%D8%A9-,4.5,6,15 دقيقة,8,0,$25.00,ثلاثة أيام,6,4,500.0,.Aya M,https://khamsat.com/user/aasm_998,True,بائع مميز,5.0,75,79.89%,16,84,5 ساعات
هندسة وعمارة,https://khamsat.com/engineering,تصميم حدائق ولاند سكيب,https://khamsat.com/engineering/landscape-design,تصميم لاند سكيب وحدائق عامة وخاصة وجلسات 2D و3D,https://khamsat.com/engineering/landscape-design/2311849-%D8%AA%D8%B5%D9%85%D9%8A%D9%85-%D9%84%D8%A7%D9%86%D8%AF-%D8%B3%D9%83%D9%8A%D8%A8-%D9%88%D8%AD%D8%AF%D8%A7%D8%A6%D9%82-%D8%B9%D8%A7%D9%85%D8%A9-%D9%88%D8%AE%D8%A7%D8%B5%D8%A9-%D9%88%D8%AC%D9%84%D8%B3%D8%A7%D8%AA-2d-%D9%883d,5.0,1,ساعة,3,0,$5.00,يوم واحد,1,3,195.0,عبد الرزاق ا.,https://khamsat.com/user/abdulrazzakalsah,True,بائع مميز,4.5,32,92.55%,4,49,4 ساعات
هندسة وعمارة,https://khamsat.com/engineering,تصميم حدائق ولاند سكيب,https://khamsat.com/engineering/landscape-design,تصميم و ريندر لاند سكيب LandScape باحتراف لكل 8 م مربع,https://khamsat.com/engineering/landscape-design/2055224-%D8%AA%D8%B5%D9%85%D9%8A%D9%85-%D9%88-%D8%B1%D9%8A%D9%86%D8%AF%D8%B1-%D9%84%D8%A7%D9%86%D8%AF-%D8%B3%D9%83%D9%8A%D8%A8-landscape-%D8%A8%D8%A7%D8%AD%D8%AA%D8%B1%D8%A7%D9%81-%D9%84%D9%83%D9%84-8-%D9%85-%D9%85%D8%B1%D8%A8%D8%B9,5.0,2,40 دقيقة,2,0,$5.00,ثلاثة أيام,2,5,450.0,عبدالرزاق و.,https://khamsat.com/user/abd_weis,True,بائع جديد,5.0,2,100.0%,3,2,40 دقيقة
هندسة وعمارة,https://khamsat.com/engineering,تصميم حدائق ولاند سكيب,https://khamsat.com/engineering/landscape-design,تصميم معماري للحدائق والفلل والمنتزهات داخلي وخارجي,https://khamsat.com/engineering/landscape-design/1651326-%D8%AA%D8%B5%D9%85%D9%8A%D9%85-%D9%85%D8%B9%D9%85%D8%A7%D8%B1%D9%8A-%D9%84%D9%84%D8%AD%D8%AF%D8%A7%D8%A6%D9%82-%D9%88%D8%A7%D9%84%D9%81%D9%84%D9%84-%D9%88%D8%A7%D9%84%D9%85%D9%86%D8%AA%D8%B2%D9%87%D8%A7%D8%AA-%D8%AF%D8%A7%D8%AE%D9%84%D9%8A-%D9%88%D8%AE%D8%A7%D8%B1%D8%AC%D9%8A,4.5,9,14 دقيقة,12,0,$5.00,أربعة أيام,9,5,315.0,.Aya M,https://khamsat.com/user/aasm_998,True,بائع مميز,5.0,75,79.89%,16,84,5 ساعات
هندسة وعمارة,https://khamsat.com/engineering,تصميم حدائق ولاند سكيب,https://khamsat.com/engineering/landscape-design,LANDSCAPE SITE PLAN | تصميم خريطة لاندسكيب,https://khamsat.com/engineering/landscape-design/2908760-landscape-site-plan-%D8%AA%D8%B5%D9%85%D9%8A%D9%85-%D8%AE%D8%B1%D9%8A%D8%B7%D8%A9-%D9%84%D8%A7%D9%86%D8%AF%D8%B3%D9%83%D9%8A%D8%A8,5.0,1,12 ساعة,1,0,$5.00,ثلاثة أيام,1,2,45.0,.Mohamed Y,https://khamsat.com/user/mogoyoma,True,بائع جديد,5.0,1,100.0%,3,1,12 ساعة
هندسة وعمارة,https://khamsat.com/engineering,تصميم حدائق ولاند سكيب,https://khamsat.com/engineering/landscape-design,تصميم شبكات الرى للمزارع واللاندسكيب,https://khamsat.com/engineering/landscape-design/3014295-%D8%AA%D8%B5%D9%85%D9%8A%D9%85-%D8%B4%D8%A8%D9%83%D8%A7%D8%AA-%D8%A7%D9%84%D8%B1%D9%89-%D9%84%D9%84%D9%85%D8%B2%D8%A7%D8%B1%D8%B9-%D9%88%D8%A7%D9%84%D9%84%D8%A7%D9%86%D8%AF%D8%B3%D9%83%D9%8A%D8%A8,0.0,0,11 ساعة,1,0,$10.00,ثلاثة أيام,0,5,145.0,فادى ف.,https://khamsat.com/user/fady_fawzy98,True,بائع جديد,0.0,0,100.0%,2,1,11 ساعة
هندسة وعمارة,https://khamsat.com/engineering,تصميم حدائق ولاند سكيب,https://khamsat.com/engineering/landscape-design,تصميم معماري واجهات و حدائق ل الفلل السكنية,https://khamsat.com/engineering/landscape-design/1952080-%D8%AA%D8%B5%D9%85%D9%8A%D9%85-%D9%85%D8%B9%D9%85%D8%A7%D8%B1%D9%8A-%D9%88%D8%A7%D8%AC%D9%87%D8%A7%D8%AA-%D9%88-%D8%AD%D8%AF%D8%A7%D8%A6%D9%82-%D9%84-%D8%A7%D9%84%D9%81%D9%84%D9%84-%D8%A7%D9%84%D8%B3%D9%83%D9%86%D9%8A%D8%A9,5.0,1,يوم,3,0,$5.00,خمسة أيام,1,2,95.0,.Alla I,https://khamsat.com/user/alla_ismaeel,True,بائع مميز,5.0,17,95.71%,3,16,يوم
هندسة وعمارة,https://khamsat.com/engineering,تصميم حدائق ولاند سكيب,https://khamsat.com/engineering/landscape-design,تصميم وتنسيق لاندسكيب للحدائق/ البلكونات/ السطح,https://khamsat.com/engineering/landscape-design/2073422-%D8%AA%D8%B5%D9%85%D9%8A%D9%85-%D9%88%D8%AA%D9%86%D8%B3%D9%8A%D9%82-%D9%84%D8%A7%D9%86%D8%AF%D8%B3%D9%83%D9%8A%D8%A8-%D9%84%D9%84%D8%AD%D8%AF%D8%A7%D8%A6%D9%82-%D8%A7%D9%84%D8%A8%D9%84%D9%83%D9%88%D9%86%D8%A7%D8%AA-%D8%A7%D9%84%D8%B3%D8%B7%D8%AD,5.0,1,20 ساعة,1,0,$5.00,أسبوع,1,2,45.0,.Dalya S,https://khamsat.com/user/dalya_sadawi,True,بائع جديد,5.0,2,83.33%,5,2,17 ساعة
هندسة وعمارة,https://khamsat.com/engineering,تصميم حدائق ولاند سكيب,https://khamsat.com/engineering/landscape-design,تصميمات معمارية وتنفيذية وحدائق (بأقل الاسعار) cad&revit&max,https://khamsat.com/engineering/landscape-design/1848208-%D8%AA%D8%B5%D9%85%D9%8A%D9%85%D8%A7%D8%AA-%D9%85%D8%B9%D9%85%D8%A7%D8%B1%D9%8A%D8%A9-%D9%88%D8%AA%D9%86%D9%81%D9%8A%D8%B0%D9%8A%D8%A9-%D9%88%D8%AD%D8%AF%D8%A7%D8%A6%D9%82-%D8%A8%D8%A3%D9%82%D9%84-%D8%A7%D9%84%D8%A7%D8%B3%D8%B9%D8%A7%D8%B1-cadrevitmax,5.0,4,ساعتين,4,0,$5.00,أسبوع,4,3,110.0,آلاء ع.,https://khamsat.com/user/engalaa1,True,بائع جديد,5.0,4,100.0%,1,4,ساعتين
هندسة وعمارة,https://khamsat.com/engineering,تصميم حدائق ولاند سكيب,https://khamsat.com/engineering/landscape-design,تصميم حدائق ولاندسكيب وديكور خارجي,https://khamsat.com/engineering/landscape-design/2144041-%D8%AA%D8%B5%D9%85%D9%8A%D9%85-%D8%AD%D8%AF%D8%A7%D8%A6%D9%82-%D9%88%D9%84%D8%A7%D9%86%D8%AF%D8%B3%D9%83%D9%8A%D8%A8-%D9%88%D8%AF%D9%8A%D9%83%D9%88%D8%B1-%D8%AE%D8%A7%D8%B1%D8%AC%D9%8A,4.0,3,6 ساعات,4,0,$5.00,ثلاثة أيام,3,5,340.0,.Mojahed Y,https://khamsat.com/user/halimahmed07,True,بائع مميز,5.0,48,84.62%,2,77,3 ساعات
هندسة وعمارة,https://khamsat.com/engineering,تصميم حدائق ولاند سكيب,https://khamsat.com/engineering/landscape-design,تصميم اللاندسكيب 20 متر مربع,https://khamsat.com/engineering/landscape-design/1053741-%D8%AA%D8%B5%D9%85%D9%8A%D9%85-%D8%A7%D9%84%D9%84%D8%A7%D9%86%D8%AF%D8%B3%D9%83%D9%8A%D8%A8-20-%D9%85%D8%AA%D8%B1-%D9%85%D8%B1%D8%A8%D8%B9,5.0,3,ساعة,3,0,$25.00,ثلاثة أيام,3,0,0.0,.Doaa A,https://khamsat.com/user/doaa-asmar,True,بائع مميز,5.0,31,94.94%,5,45,3 أيام
هندسة وعمارة,https://khamsat.com/engineering,تصميم حدائق ولاند سكيب,https://khamsat.com/engineering/landscape-design,تصميم مباني سكنية تجارية حدائق,https://khamsat.com/engineering/landscape-design/1586841-%D8%AA%D8%B5%D9%85%D9%8A%D9%85-%D9%85%D8%A8%D8%A7%D9%86%D9%8A-%D8%B3%D9%83%D9%86%D9%8A%D8%A9-%D8%AA%D8%AC%D8%A7%D8%B1%D9%8A%D8%A9-%D8%AD%D8%AF%D8%A7%D8%A6%D9%82,5.0,1,5 ساعات,1,0,$5.00,ثلاثة أيام,1,2,30.0,.Islam A,https://khamsat.com/user/islam_alashqar,True,بائع مميز,4.5,46,88.64%,5,61,7 ساعات
هندسة وعمارة,https://khamsat.com/engineering,تصميم حدائق ولاند سكيب,https://khamsat.com/engineering/landscape-design,تصميم حدائق أعمال الاندسكيب- 3D&2D Autodesk Realtime Landsca,https://khamsat.com/engineering/landscape-design/2286687-%D8%AA%D8%B5%D9%85%D9%8A%D9%85-%D8%AD%D8%AF%D8%A7%D8%A6%D9%82-%D8%A3%D8%B9%D9%85%D8%A7%D9%84-%D8%A7%D9%84%D8%A7%D9%86%D8%AF%D8%B3%D9%83%D9%8A%D8%A8-3d2d-autodesk-realtime-landsca,4.0,1,7 ساعات,1,0,$10.00,أربعة أيام,1,5,275.0,.Mohamed A,https://khamsat.com/user/mohamedalhady,True,بائع جديد,4.0,1,100.0%,1,1,7 ساعات
هندسة وعمارة,https://khamsat.com/engineering,تصميم حدائق ولاند سكيب,https://khamsat.com/engineering/landscape-design,تصميم لاند سكيب لحديقتك بأفضل التصاميم وبأفضل الاسعار,https://khamsat.com/engineering/landscape-design/1781217-%D8%AA%D8%B5%D9%85%D9%8A%D9%85-%D9%84%D8%A7%D9%86%D8%AF-%D8%B3%D9%83%D9%8A%D8%A8-%D9%84%D8%AD%D8%AF%D9%8A%D9%82%D8%AA%D9%83-%D8%A8%D8%A3%D9%81%D8%B6%D9%84-%D8%A7%D9%84%D8%AA%D8%B5%D8%A7%D9%85%D9%8A%D9%85-%D9%88%D8%A8%D8%A3%D9%81%D8%B6%D9%84-%D8%A7%D9%84%D8%A7%D8%B3%D8%B9%D8%A7%D8%B1,5.0,1,ساعة,1,0,$5.00,يومين,1,5,445.0,.Diaaaldeen R,https://khamsat.com/user/diaaaldeen,True,بائع مميز,5.0,51,92.91%,4,60,يوم
هندسة وعمارة,https://khamsat.com/engineering,تصميم حدائق ولاند سكيب,https://khamsat.com/engineering/landscape-design,تصميم حدائق ولاندسكيب - Landscape,https://khamsat.com/engineering/landscape-design/3044762-%D8%AA%D8%B5%D9%85%D9%8A%D9%85-%D8%AD%D8%AF%D8%A7%D8%A6%D9%82-%D9%88%D9%84%D8%A7%D9%86%D8%AF%D8%B3%D9%83%D9%8A%D8%A8-landscape,0.0,0,لم يحسب,0,0,$5.00,يومين,0,1,10.0,.Ayah M,https://khamsat.com/user/ayah_muhammed14,True,بائع جديد,0.0,0,لم يحسب بعد,3,0,لم يحسب
هندسة وعمارة,https://khamsat.com/engineering,تصميم حدائق ولاند سكيب,https://khamsat.com/engineering/landscape-design,تصميم لاند سكيب وقعدات خارجية ب 5$كل 8متر مربع,https://khamsat.com/engineering/landscape-design/1768201-%D8%AA%D8%B5%D9%85%D9%8A%D9%85-%D9%84%D8%A7%D9%86%D8%AF-%D8%B3%D9%83%D9%8A%D8%A8-%D9%88%D9%82%D8%B9%D8%AF%D8%A7%D8%AA-%D8%AE%D8%A7%D8%B1%D8%AC%D9%8A%D8%A9-%D8%A8-5%D9%83%D9%84-8%D9%85%D8%AA%D8%B1-%D9%85%D8%B1%D8%A8%D8%B9,5.0,2,8 ساعات,2,0,$5.00,ثلاثة أيام,2,4,180.0,.Abdullah S,https://khamsat.com/user/abdullahsamhny,True,بائع جديد,5.0,3,85.71%,3,3,16 ساعة
هندسة وعمارة,https://khamsat.com/engineering,تصميم حدائق ولاند سكيب,https://khamsat.com/engineering/landscape-design,تصميم الحدائق والمنتزهات وللاندسكيب,https://khamsat.com/engineering/landscape-design/2916822-%D8%AA%D8%B5%D9%85%D9%8A%D9%85-%D8%A7%D9%84%D8%AD%D8%AF%D8%A7%D8%A6%D9%82-%D9%88%D8%A7%D9%84%D9%85%D9%86%D8%AA%D8%B2%D9%87%D8%A7%D8%AA-%D9%88%D9%84%D9%84%D8%A7%D9%86%D8%AF%D8%B3%D9%83%D9%8A%D8%A8,0.0,0,لم يحسب,0,0,$10.00,يوم واحد,0,1,20.0,.Shaimaa A,https://khamsat.com/user/shaimaarefaat162,True,بائع جديد,4.5,5,40.0%,5,3,3 ساعات
هندسة وعمارة,https://khamsat.com/engineering,تصاميم معمارية تجارية,https://khamsat.com/engineering/commercial-architectural-designs,تصميم 3d داخلي وخارجي لـ للمحلات التجارية والصيدليات,https://khamsat.com/engineering/commercial-architectural-designs/1394647-%D8%AA%D8%B5%D9%85%D9%8A%D9%85-3d-%D8%AF%D8%A7%D8%AE%D9%84%D9%8A-%D9%88%D8%AE%D8%A7%D8%B1%D8%AC%D9%8A-%D9%84%D9%80-%D9%84%D9%84%D9%85%D8%AD%D9%84%D8%A7%D8%AA-%D8%A7%D9%84%D8%AA%D8%AC%D8%A7%D8%B1%D9%8A%D8%A9-%D9%88%D8%A7%D9%84%D8%B5%D9%8A%D8%AF%D9%84%D9%8A%D8%A7%D8%AA,5.0,2,27 دقيقة,2,0,$5.00,خمسة أيام,2,2,110.0,.Mahmoud E,https://khamsat.com/user/magmoud,True,بائع نشيط,5.0,9,100.0%,3,10,ساعة
هندسة وعمارة,https://khamsat.com/engineering,تصاميم معمارية تجارية,https://khamsat.com/engineering/commercial-architectural-designs,خدمة تصميم بوثات Booths ومعارض متميزة,https://khamsat.com/engineering/commercial-architectural-designs/2955500-%D8%AE%D8%AF%D9%85%D8%A9-%D8%AA%D8%B5%D9%85%D9%8A%D9%85-%D8%A8%D9%88%D8%AB%D8%A7%D8%AA-booths-%D9%88%D9%85%D8%B9%D8%A7%D8%B1%D8%B6-%D9%85%D8%AA%D9%85%D9%8A%D8%B2%D8%A9,5.0,3,43 دقيقة,4,0,$5.00,يومين,3,5,295.0,.Hussein M,https://khamsat.com/user/hussein-morsy141,True,بائع مميز,4.5,67,88.54%,7,81,ساعتين
هندسة وعمارة,https://khamsat.com/engineering,تصاميم معمارية تجارية,https://khamsat.com/engineering/commercial-architectural-designs,تصميم كشك بوث محل واجهة محل تراك عصري وابداعي,https://khamsat.com/engineering/commercial-architectural-designs/2858317-%D8%AA%D8%B5%D9%85%D9%8A%D9%85-%D9%83%D8%B4%D9%83-%D8%A8%D9%88%D8%AB-%D9%85%D8%AD%D9%84-%D9%88%D8%A7%D8%AC%D9%87%D8%A9-%D9%85%D8%AD%D9%84-%D8%AA%D8%B1%D8%A7%D9%83-%D8%B9%D8%B5%D8%B1%D9%8A-%D9%88%D8%A7%D8%A8%D8%AF%D8%A7%D8%B9%D9%8A,5.0,19,43 دقيقة,22,1,$5.00,ثلاثة أيام,19,5,535.0,.Ahmed M,https://khamsat.com/user/ahmedmaher97,True,بائع مميز,5.0,76,94.61%,7,80,18 دقيقة
هندسة وعمارة,https://khamsat.com/engineering,تصاميم معمارية تجارية,https://khamsat.com/engineering/commercial-architectural-designs,تصميم داخلي و خارجي لمقاهي ومطاعم بسعر تنافسي,https://khamsat.com/engineering/commercial-architectural-designs/2335109-%D8%AA%D8%B5%D9%85%D9%8A%D9%85-%D8%AF%D8%A7%D8%AE%D9%84%D9%8A-%D9%88-%D8%AE%D8%A7%D8%B1%D8%AC%D9%8A-%D9%84%D9%85%D9%82%D8%A7%D9%87%D9%8A-%D9%88%D9%85%D8%B7%D8%A7%D8%B9%D9%85-%D8%A8%D8%B3%D8%B9%D8%B1-%D8%AA%D9%86%D8%A7%D9%81%D8%B3%D9%8A,5.0,7,ساعة,9,0,$5.00,أسبوع,7,4,540.0,.Youcef S,https://khamsat.com/user/youcefsoum,True,بائع مميز,5.0,39,94.74%,4,53,ساعة
هندسة وعمارة,https://khamsat.com/engineering,تصاميم معمارية تجارية,https://khamsat.com/engineering/commercial-architectural-designs,تصميم و تخطيط مطبخ مطعم و كافي و المقهى الخاص بنشاطك التجاري,https://khamsat.com/engineering/commercial-architectural-designs/2319818-%D8%AA%D8%B5%D9%85%D9%8A%D9%85-%D9%88-%D8%AA%D8%AE%D8%B7%D9%8A%D8%B7-%D9%85%D8%B7%D8%A8%D8%AE-%D9%85%D8%B7%D8%B9%D9%85-%D9%88-%D9%83%D8%A7%D9%81%D9%8A-%D9%88-%D8%A7%D9%84%D9%85%D9%82%D9%87%D9%89-%D8%A7%D9%84%D8%AE%D8%A7%D8%B5-%D8%A8%D9%86%D8%B4%D8%A7%D8%B7%D9%83-%D8%A7%D9%84%D8%AA%D8%AC%D8%A7%D8%B1%D9%8A,5.0,3,ساعة,5,1,$5.00,أربعة أيام,3,3,225.0,.Rabah B,https://khamsat.com/user/rabah_ads,True,بائع مميز,4.5,71,91.34%,5,107,3 أيام
هندسة وعمارة,https://khamsat.com/engineering,تصاميم معمارية تجارية,https://khamsat.com/engineering/commercial-architectural-designs,المتر المربع، تصميم بوث او كيوسك لعرض منتجات,https://khamsat.com/engineering/commercial-architectural-designs/974652-%D8%A7%D9%84%D9%85%D8%AA%D8%B1-%D8%A7%D9%84%D9%85%D8%B1%D8%A8%D8%B9-%D8%AA%D8%B5%D9%85%D9%8A%D9%85-%D8%A8%D9%88%D8%AB-%D8%A7%D9%88-%D9%83%D9%8A%D9%88%D8%B3%D9%83-%D9%84%D8%B9%D8%B1%D8%B6-%D9%85%D9%86%D8%AA%D8%AC%D8%A7%D8%AA,5.0,13,دقيقتين,22,0,$45.00,ثلاثة أيام,13,0,0.0,.Eman A,https://khamsat.com/user/%D8%A7%D9%8A%D9%85%D8%A7%D9%86-%D8%A7%D8%B4%D8%B1%D9%81,True,بائع مميز,5.0,63,92.93%,17,63,ساعة
هندسة وعمارة,https://khamsat.com/engineering,تصاميم معمارية تجارية,https://khamsat.com/engineering/commercial-architectural-designs,تصميم اكشاك للمولات طبقا للمواصفات ثنائي وثلاثي الابعاد,https://khamsat.com/engineering/commercial-architectural-designs/2186825-%D8%AA%D8%B5%D9%85%D9%8A%D9%85-%D8%A7%D9%83%D8%B4%D8%A7%D9%83-%D9%84%D9%84%D9%85%D9%88%D9%84%D8%A7%D8%AA-%D8%B7%D8%A8%D9%82%D8%A7-%D9%84%D9%84%D9%85%D9%88%D8%A7%D8%B5%D9%81%D8%A7%D8%AA-%D8%AB%D9%86%D8%A7%D8%A6%D9%8A-%D9%88%D8%AB%D9%84%D8%A7%D8%AB%D9%8A-%D8%A7%D9%84%D8%A7%D8%A8%D8%B9%D8%A7%D8%AF,4.5,7,20 دقيقة,10,1,$50.00,خمسة أيام,7,1,100.0,.Eman A,https://khamsat.com/user/%D8%A7%D9%8A%D9%85%D8%A7%D9%86-%D8%A7%D8%B4%D8%B1%D9%81,True,بائع مميز,5.0,63,92.93%,17,63,ساعة
هندسة وعمارة,https://khamsat.com/engineering,تصاميم معمارية تجارية,https://khamsat.com/engineering/commercial-architectural-designs,تصميم مناظير معمارية معرض بوث ستاند كشك,https://khamsat.com/engineering/commercial-architectural-designs/757916-%D8%AA%D8%B5%D9%85%D9%8A%D9%85-%D9%85%D9%86%D8%A7%D8%B8%D9%8A%D8%B1-%D9%85%D8%B9%D9%85%D8%A7%D8%B1%D9%8A%D8%A9-%D9%85%D8%B9%D8%B1%D8%B6-%D8%A8%D9%88%D8%AB-%D8%B3%D8%AA%D8%A7%D9%86%D8%AF-%D9%83%D8%B4%D9%83,5.0,26,دقيقة,37,0,$50.00,أسبوع,25,2,200.0,.Khaled L,https://khamsat.com/user/%D8%AE%D8%A7%D9%84%D8%AF-%D9%84%D8%B7%D9%81%D9%8A,True,بائع مميز,5.0,62,95.3%,5,57,6 ساعات
هندسة وعمارة,https://khamsat.com/engineering,تصاميم معمارية تجارية,https://khamsat.com/engineering/commercial-architectural-designs,تصميم معرض عربة بوث كشك استاند باحترافية,https://khamsat.com/engineering/commercial-architectural-designs/1984294-%D8%AA%D8%B5%D9%85%D9%8A%D9%85-%D9%85%D8%B9%D8%B1%D8%B6-%D8%B9%D8%B1%D8%A8%D8%A9-%D8%A8%D9%88%D8%AB-%D9%83%D8%B4%D9%83-%D8%A7%D8%B3%D8%AA%D8%A7%D9%86%D8%AF-%D8%A8%D8%A7%D8%AD%D8%AA%D8%B1%D8%A7%D9%81%D9%8A%D8%A9,5.0,21,ساعة,36,0,$5.00,أربعة أيام,21,5,115.0,.Kawther N,https://khamsat.com/user/kawternr,True,بائع مميز,4.5,65,89.07%,9,106,8 ساعات
هندسة وعمارة,https://khamsat.com/engineering,تصاميم معمارية تجارية,https://khamsat.com/engineering/commercial-architectural-designs,تصميم بوثات ومحلات ومقاه ومطاعم داخلي وخارجي,https://khamsat.com/engineering/commercial-architectural-designs/1247061-%D8%AA%D8%B5%D9%85%D9%8A%D9%85-%D8%A8%D9%88%D8%AB%D8%A7%D8%AA-%D9%88%D9%85%D8%AD%D9%84%D8%A7%D8%AA-%D9%88%D9%85%D9%82%D8%A7%D9%87-%D9%88%D9%85%D8%B7%D8%A7%D8%B9%D9%85-%D8%AF%D8%A7%D8%AE%D9%84%D9%8A-%D9%88%D8%AE%D8%A7%D8%B1%D8%AC%D9%8A,5.0,12,33 دقيقة,14,0,$5.00,ثلاثة أيام,12,4,375.0,.Mohamed H,https://khamsat.com/user/arch_mohamed_hamdy12,True,بائع نشيط,5.0,23,87.27%,3,25,ساعة
هندسة وعمارة,https://khamsat.com/engineering,تصاميم معمارية تجارية,https://khamsat.com/engineering/commercial-architectural-designs,تصميم بوث معرض استاند كشك استاندات عرض,https://khamsat.com/engineering/commercial-architectural-designs/1890954-%D8%AA%D8%B5%D9%85%D9%8A%D9%85-%D8%A8%D9%88%D8%AB-%D9%85%D8%B9%D8%B1%D8%B6-%D8%A7%D8%B3%D8%AA%D8%A7%D9%86%D8%AF-%D9%83%D8%B4%D9%83-%D8%A7%D8%B3%D8%AA%D8%A7%D9%86%D8%AF%D8%A7%D8%AA-%D8%B9%D8%B1%D8%B6,5.0,12,9 ساعات,14,0,$30.00,ثلاثة أيام,12,2,50.0,هبة أ.,https://khamsat.com/user/hiba1995,True,بائع مميز,5.0,33,89.33%,4,31,7 ساعات
هندسة وعمارة,https://khamsat.com/engineering,تصاميم معمارية تجارية,https://khamsat.com/engineering/commercial-architectural-designs,تصميم بوث كشك معارض,https://khamsat.com/engineering/commercial-architectural-designs/1232211-%D8%AA%D8%B5%D9%85%D9%8A%D9%85-%D8%A8%D9%88%D8%AB-%D9%83%D8%B4%D9%83-%D9%85%D8%B9%D8%A7%D8%B1%D8%B6,4.0,2,16 ساعة,8,0,$5.00,ثلاثة أيام,2,5,435.0,عمر ط.,https://khamsat.com/user/omar-tarek-rashed,True,بائع مميز,4.5,39,78.88%,3,55,يوم
هندسة وعمارة,https://khamsat.com/engineering,تصاميم معمارية تجارية,https://khamsat.com/engineering/commercial-architectural-designs,تصميم ثلاثى الابعاد 3D لواجهات المحلات التجارية,https://khamsat.com/engineering/commercial-architectural-designs/1511369-%D8%AA%D8%B5%D9%85%D9%8A%D9%85-%D8%AB%D9%84%D8%A7%D8%AB%D9%89-%D8%A7%D9%84%D8%A7%D8%A8%D8%B9%D8%A7%D8%AF-3d-%D9%84%D9%88%D8%A7%D8%AC%D9%87%D8%A7%D8%AA-%D8%A7%D9%84%D9%85%D8%AD%D9%84%D8%A7%D8%AA-%D8%A7%D9%84%D8%AA%D8%AC%D8%A7%D8%B1%D9%8A%D8%A9,5.0,7,5 ساعات,6,0,$5.00,أربعة أيام,7,2,20.0,بيشوى ظ.,https://khamsat.com/user/beshoyzareef2019,True,بائع مميز,4.5,81,92.16%,4,88,3 أيام
هندسة وعمارة,https://khamsat.com/engineering,تصاميم معمارية تجارية,https://khamsat.com/engineering/commercial-architectural-designs,تصميم داخلى للمحلات والمطاعم و المكاتب 2متر مربع,https://khamsat.com/engineering/commercial-architectural-designs/865022-%D8%AA%D8%B5%D9%85%D9%8A%D9%85-%D8%AF%D8%A7%D8%AE%D9%84%D9%89-%D9%84%D9%84%D9%85%D8%AD%D9%84%D8%A7%D8%AA-%D9%88%D8%A7%D9%84%D9%85%D8%B7%D8%A7%D8%B9%D9%85-%D9%88-%D8%A7%D9%84%D9%85%D9%83%D8%A7%D8%AA%D8%A8-2%D9%85%D8%AA%D8%B1-%D9%85%D8%B1%D8%A8%D8%B9,4.5,14,3 أيام,26,0,$5.00,ستة أيام,14,3,160.0,الاء ر.,https://khamsat.com/user/alaa-yassen,True,بائع مميز,5.0,39,90.85%,7,57,يوم
هندسة وعمارة,https://khamsat.com/engineering,تصاميم معمارية تجارية,https://khamsat.com/engineering/commercial-architectural-designs,تصميم بوث ( كشك)لمعرض او لمنتج بمول,https://khamsat.com/engineering/commercial-architectural-designs/1262207-%D8%AA%D8%B5%D9%85%D9%8A%D9%85-%D8%A8%D9%88%D8%AB-%D9%83%D8%B4%D9%83%D9%84%D9%85%D8%B9%D8%B1%D8%B6-%D8%A7%D9%88-%D9%84%D9%85%D9%86%D8%AA%D8%AC-%D8%A8%D9%85%D9%88%D9%84,4.5,6,يومين,9,0,$5.00,ثلاثة أيام,6,4,100.0,أيه ب.,https://khamsat.com/user/ayafathy1992,True,بائع مميز,4.5,15,89.89%,3,25,يوم
هندسة وعمارة,https://khamsat.com/engineering,تصاميم معمارية تجارية,https://khamsat.com/engineering/commercial-architectural-designs,تصميم بوثات وأجنحة المعارض واستاندات عرض,https://khamsat.com/engineering/commercial-architectural-designs/2677139-%D8%AA%D8%B5%D9%85%D9%8A%D9%85-%D8%A8%D9%88%D8%AB%D8%A7%D8%AA-%D9%88%D8%A3%D8%AC%D9%86%D8%AD%D8%A9-%D8%A7%D9%84%D9%85%D8%B9%D8%A7%D8%B1%D8%B6-%D9%88%D8%A7%D8%B3%D8%AA%D8%A7%D9%86%D8%AF%D8%A7%D8%AA-%D8%B9%D8%B1%D8%B6,5.0,5,21 دقيقة,5,1,$25.00,يومين,5,3,95.0,يوسف ط.,https://khamsat.com/user/%D9%8A%D9%88%D8%B3%D9%81-%D8%B7%D8%A7%D9%87%D8%B1,True,بائع نشيط,5.0,16,92.11%,4,15,3 ساعات
هندسة وعمارة,https://khamsat.com/engineering,تصاميم معمارية تجارية,https://khamsat.com/engineering/commercial-architectural-designs,تصميم بوثات و معارض و ستاندات عرض بأشكال رائعة ومتميزة,https://khamsat.com/engineering/commercial-architectural-designs/2474382-%D8%AA%D8%B5%D9%85%D9%8A%D9%85-%D8%A8%D9%88%D8%AB%D8%A7%D8%AA-%D9%88-%D9%85%D8%B9%D8%A7%D8%B1%D8%B6-%D9%88-%D8%B3%D8%AA%D8%A7%D9%86%D8%AF%D8%A7%D8%AA-%D8%B9%D8%B1%D8%B6-%D8%A8%D8%A3%D8%B4%D9%83%D8%A7%D9%84-%D8%B1%D8%A7%D8%A6%D8%B9%D8%A9-%D9%88%D9%85%D8%AA%D9%85%D9%8A%D8%B2%D8%A9,5.0,7,يوم,8,1,$5.00,ثلاثة أيام,7,5,265.0,آلاء ر.,https://khamsat.com/user/%D9%85-%D8%A2%D9%84%D8%A7%D8%A1-%D8%B1%D8%B4%D9%8A%D8%AF,True,بائع مميز,5.0,13,89.47%,1,16,16 ساعة
هندسة وعمارة,https://khamsat.com/engineering,تصاميم معمارية تجارية,https://khamsat.com/engineering/commercial-architectural-designs,تصميم 3d أجنحة معارض أو بوث أو كشك أو معارض,https://khamsat.com/engineering/commercial-architectural-designs/2031316-%D8%AA%D8%B5%D9%85%D9%8A%D9%85-3d-%D8%A3%D8%AC%D9%86%D8%AD%D8%A9-%D9%85%D8%B9%D8%A7%D8%B1%D8%B6-%D8%A3%D9%88-%D8%A8%D9%88%D8%AB-%D8%A3%D9%88-%D9%83%D8%B4%D9%83-%D8%A3%D9%88-%D9%85%D8%B9%D8%A7%D8%B1%D8%B6,4.5,6,5 دقائق,6,0,$5.00,يوم واحد,6,4,190.0,.Amr A,https://khamsat.com/user/amralsayed767,True,بائع جديد,4.5,6,38.89%,3,6,يوم
هندسة وعمارة,https://khamsat.com/engineering,تصاميم معمارية تجارية,https://khamsat.com/engineering/commercial-architectural-designs,عمل رفع مساحي لأي قطعة ارض و شيب فايل للرفع علي منصه (إحكام),https://khamsat.com/engineering/commercial-architectural-designs/1815611-%D8%B9%D9%85%D9%84-%D8%B1%D9%81%D8%B9-%D9%85%D8%B3%D8%A7%D8%AD%D9%8A-%D9%84%D8%A3%D9%8A-%D9%82%D8%B7%D8%B9%D8%A9-%D8%A7%D8%B1%D8%B6-%D9%88-%D8%B4%D9%8A%D8%A8-%D9%81%D8%A7%D9%8A%D9%84-%D9%84%D9%84%D8%B1%D9%81%D8%B9-%D8%B9%D9%84%D9%8A-%D9%85%D9%86%D8%B5%D9%87-%D8%A5%D8%AD%D9%83%D8%A7%D9%85,5.0,3,ساعتين,6,0,$5.00,يوم واحد,3,1,15.0,شريف ا.,https://khamsat.com/user/shreef_000,True,بائع نشيط,5.0,12,100.0%,8,16,ساعة
هندسة وعمارة,https://khamsat.com/engineering,تصاميم معمارية تجارية,https://khamsat.com/engineering/commercial-architectural-designs,تصميم 3d داخلي لـ أجنحة معارض أو بوث أو كشك,https://khamsat.com/engineering/commercial-architectural-designs/1020886-%D8%AA%D8%B5%D9%85%D9%8A%D9%85-3d-%D8%AF%D8%A7%D8%AE%D9%84%D9%8A-%D9%84%D9%80-%D8%A3%D8%AC%D9%86%D8%AD%D8%A9-%D9%85%D8%B9%D8%A7%D8%B1%D8%B6-%D8%A3%D9%88-%D8%A8%D9%88%D8%AB-%D8%A3%D9%88-%D9%83%D8%B4%D9%83,5.0,13,18 دقيقة,13,0,$40.00,ستة أيام,13,2,125.0,.Khaled L,https://khamsat.com/user/%D8%AE%D8%A7%D9%84%D8%AF-%D9%84%D8%B7%D9%81%D9%8A,True,بائع مميز,5.0,62,95.3%,5,57,6 ساعات
هندسة وعمارة,https://khamsat.com/engineering,تصاميم معمارية تجارية,https://khamsat.com/engineering/commercial-architectural-designs,تصميم المحلات التجارية بكافة أنواعها لكل 10 متر مربع,https://khamsat.com/engineering/commercial-architectural-designs/883887-%D8%AA%D8%B5%D9%85%D9%8A%D9%85-%D8%A7%D9%84%D9%85%D8%AD%D9%84%D8%A7%D8%AA-%D8%A7%D9%84%D8%AA%D8%AC%D8%A7%D8%B1%D9%8A%D8%A9-%D8%A8%D9%83%D8%A7%D9%81%D8%A9-%D8%A3%D9%86%D9%88%D8%A7%D8%B9%D9%87%D8%A7-%D9%84%D9%83%D9%84-10-%D9%85%D8%AA%D8%B1-%D9%85%D8%B1%D8%A8%D8%B9,5.0,9,3 أيام,15,0,$50.00,أسبوع,9,2,300.0,.Doaa A,https://khamsat.com/user/doaa-asmar,True,بائع مميز,5.0,31,94.94%,5,45,3 أيام
هندسة وعمارة,https://khamsat.com/engineering,تصاميم معمارية تجارية,https://khamsat.com/engineering/commercial-architectural-designs,تصميم واجهات تجارية وادارية و سكنية 3d بشكل واقعى,https://khamsat.com/engineering/commercial-architectural-designs/2524689-%D8%AA%D8%B5%D9%85%D9%8A%D9%85-%D9%88%D8%A7%D8%AC%D9%87%D8%A7%D8%AA-%D8%AA%D8%AC%D8%A7%D8%B1%D9%8A%D8%A9-%D9%88%D8%A7%D8%AF%D8%A7%D8%B1%D9%8A%D8%A9-%D9%88-%D8%B3%D9%83%D9%86%D9%8A%D8%A9-3d-%D8%A8%D8%B4%D9%83%D9%84-%D9%88%D8%A7%D9%82%D8%B9%D9%89,5.0,8,6 ساعات,12,1,$20.00,ثلاثة أيام,8,5,480.0,.Mahmoud A,https://khamsat.com/user/mahmoudmvh,True,بائع مميز,5.0,91,93.16%,5,118,6 ساعات
هندسة وعمارة,https://khamsat.com/engineering,تصاميم معمارية تجارية,https://khamsat.com/engineering/commercial-architectural-designs,تصميم ديكورات للمحلات التجارية والكافيهات بتقنية VR 360 درجة,https://khamsat.com/engineering/commercial-architectural-designs/2891658-%D8%AA%D8%B5%D9%85%D9%8A%D9%85-%D8%AF%D9%8A%D9%83%D9%88%D8%B1%D8%A7%D8%AA-%D9%84%D9%84%D9%85%D8%AD%D9%84%D8%A7%D8%AA-%D8%A7%D9%84%D8%AA%D8%AC%D8%A7%D8%B1%D9%8A%D8%A9-%D9%88%D8%A7%D9%84%D9%83%D8%A7%D9%81%D9%8A%D9%87%D8%A7%D8%AA-%D8%A8%D8%AA%D9%82%D9%86%D9%8A%D8%A9-vr-360-%D8%AF%D8%B1%D8%AC%D8%A9,5.0,2,50 دقيقة,2,0,$5.00,يوم واحد,2,4,175.0,أحمد ح.,https://khamsat.com/user/ahmedhussainamin,True,بائع نشيط,5.0,15,100.0%,4,13,17 ساعة
هندسة وعمارة,https://khamsat.com/engineering,تصاميم معمارية تجارية,https://khamsat.com/engineering/commercial-architectural-designs,تصميم داخلي 3d معرض فساتين وبدل عرائس,https://khamsat.com/engineering/commercial-architectural-designs/2599746-%D8%AA%D8%B5%D9%85%D9%8A%D9%85-%D8%AF%D8%A7%D8%AE%D9%84%D9%8A-3d-%D9%85%D8%B9%D8%B1%D8%B6-%D9%81%D8%B3%D8%A7%D8%AA%D9%8A%D9%86-%D9%88%D8%A8%D8%AF%D9%84-%D8%B9%D8%B1%D8%A7%D8%A6%D8%B3,5.0,1,يوم,1,0,$5.00,أسبوع,1,2,100.0,ليلى ا.,https://khamsat.com/user/lailaadel,True,بائع نشيط,5.0,1,100.0%,3,1,17 ساعة
هندسة وعمارة,https://khamsat.com/engineering,تصاميم معمارية تجارية,https://khamsat.com/engineering/commercial-architectural-designs,تصميم بوث ( كشك) منتج بمول / معارض,https://khamsat.com/engineering/commercial-architectural-designs/2025460-%D8%AA%D8%B5%D9%85%D9%8A%D9%85-%D8%A8%D9%88%D8%AB-%D9%83%D8%B4%D9%83-%D9%85%D9%86%D8%AA%D8%AC-%D8%A8%D9%85%D9%88%D9%84-%D9%85%D8%B9%D8%A7%D8%B1%D8%B6,5.0,2,7 ساعات,3,0,$5.00,ثلاثة أيام,2,3,80.0,.Mohamed H,https://khamsat.com/user/melbana_89,True,بائع نشيط,5.0,2,83.33%,6,3,20 ساعة
هندسة وعمارة,https://khamsat.com/engineering,تصاميم معمارية تجارية,https://khamsat.com/engineering/commercial-architectural-designs,تصميم معارض وأستاندات 3d بشكل احترافي,https://khamsat.com/engineering/commercial-architectural-designs/1766631-%D8%AA%D8%B5%D9%85%D9%8A%D9%85-%D9%85%D8%B9%D8%A7%D8%B1%D8%B6-%D9%88%D8%A3%D8%B3%D8%AA%D8%A7%D9%86%D8%AF%D8%A7%D8%AA-3d-%D8%A8%D8%B4%D9%83%D9%84-%D8%A7%D8%AD%D8%AA%D8%B1%D8%A7%D9%81%D9%8A,4.5,21,ساعة,23,0,$10.00,أربعة أيام,21,5,155.0,.Mahmoud R,https://khamsat.com/user/mahmoudreda1989,True,بائع مميز,4.5,52,86.67%,4,56,ساعة
هندسة وعمارة,https://khamsat.com/engineering,تصاميم معمارية تجارية,https://khamsat.com/engineering/commercial-architectural-designs,تصميم 3d لمعارض وكشك وبوث,https://khamsat.com/engineering/commercial-architectural-designs/2867224-%D8%AA%D8%B5%D9%85%D9%8A%D9%85-3d-%D9%84%D9%85%D8%B9%D8%A7%D8%B1%D8%B6-%D9%88%D9%83%D8%B4%D9%83-%D9%88%D8%A8%D9%88%D8%AB,5.0,2,22 دقيقة,2,0,$5.00,ثلاثة أيام,2,3,55.0,.Osama A,https://khamsat.com/user/osama_amirr,True,بائع نشيط,5.0,18,94.59%,6,21,30 دقيقة
هندسة وعمارة,https://khamsat.com/engineering,تصاميم معمارية تجارية,https://khamsat.com/engineering/commercial-architectural-designs,تصميم الخرائط المعمارية ، مبنى سكني ، مكتب ، مطعم وجميع المبان,https://khamsat.com/engineering/commercial-architectural-designs/1333721-%D8%AA%D8%B5%D9%85%D9%8A%D9%85-%D8%A7%D9%84%D8%AE%D8%B1%D8%A7%D8%A6%D8%B7-%D8%A7%D9%84%D9%85%D8%B9%D9%85%D8%A7%D8%B1%D9%8A%D8%A9-%D9%85%D8%A8%D9%86%D9%89-%D8%B3%D9%83%D9%86%D9%8A-%D9%85%D9%83%D8%AA%D8%A8-%D9%85%D8%B7%D8%B9%D9%85-%D9%88%D8%AC%D9%85%D9%8A%D8%B9-%D8%A7%D9%84%D9%85%D8%A8%D8%A7%D9%86,5.0,3,ساعتين,3,0,$5.00,يوم واحد,3,5,220.0,.Mohamed I,https://khamsat.com/user/m7md_ib,True,بائع جديد,5.0,3,100.0%,2,4,3 ساعات
هندسة وعمارة,https://khamsat.com/engineering,تصاميم معمارية تجارية,https://khamsat.com/engineering/commercial-architectural-designs,جميع تصاميم الثري دي ماكس المميزة و الإحترافية,https://khamsat.com/engineering/commercial-architectural-designs/1947657-%D8%AC%D9%85%D9%8A%D8%B9-%D8%AA%D8%B5%D8%A7%D9%85%D9%8A%D9%85-%D8%A7%D9%84%D8%AB%D8%B1%D9%8A-%D8%AF%D9%8A-%D9%85%D8%A7%D9%83%D8%B3-%D8%A7%D9%84%D9%85%D9%85%D9%8A%D8%B2%D8%A9-%D9%88-%D8%A7%D9%84%D8%A5%D8%AD%D8%AA%D8%B1%D8%A7%D9%81%D9%8A%D8%A9,5.0,2,18 ساعة,2,0,$5.00,أربعة أيام,2,5,160.0,.Aya O,https://khamsat.com/user/aya-osama-mohamed,True,بائع مميز,5.0,43,91.3%,6,43,18 ساعة
هندسة وعمارة,https://khamsat.com/engineering,تصاميم معمارية تجارية,https://khamsat.com/engineering/commercial-architectural-designs,تصميم بوث كشك استاند ثلاثي الابعاد بمنتهي الاحترافية,https://khamsat.com/engineering/commercial-architectural-designs/2902867-%D8%AA%D8%B5%D9%85%D9%8A%D9%85-%D8%A8%D9%88%D8%AB-%D9%83%D8%B4%D9%83-%D8%A7%D8%B3%D8%AA%D8%A7%D9%86%D8%AF-%D8%AB%D9%84%D8%A7%D8%AB%D9%8A-%D8%A7%D9%84%D8%A7%D8%A8%D8%B9%D8%A7%D8%AF-%D8%A8%D9%85%D9%86%D8%AA%D9%87%D9%8A-%D8%A7%D9%84%D8%A7%D8%AD%D8%AA%D8%B1%D8%A7%D9%81%D9%8A%D8%A9,5.0,7,11 دقيقة,7,0,$5.00,يوم واحد,7,1,5.0,محمد ف.,https://khamsat.com/user/mohamed_fawzi95,True,بائع مميز,5.0,36,100.0%,14,32,40 دقيقة
هندسة وعمارة,https://khamsat.com/engineering,إظهار معماري,https://khamsat.com/engineering/architectural-visualization,إظهار مساقط وبلانات معمارية 2D,https://khamsat.com/engineering/architectural-visualization/2370852-%D8%A5%D8%B8%D9%87%D8%A7%D8%B1-%D9%85%D8%B3%D8%A7%D9%82%D8%B7-%D9%88%D8%A8%D9%84%D8%A7%D9%86%D8%A7%D8%AA-%D9%85%D8%B9%D9%85%D8%A7%D8%B1%D9%8A%D8%A9-2d,5.0,1,21 دقيقة,2,0,$10.00,أربعة أيام,1,4,40.0,.Sultana A,https://khamsat.com/user/sultana_abosen,True,بائع نشيط,5.0,3,100.0%,4,7,4 ساعات
هندسة وعمارة,https://khamsat.com/engineering,إظهار معماري,https://khamsat.com/engineering/architectural-visualization,تصميم بوستر معماري احترافي,https://khamsat.com/engineering/architectural-visualization/2850314-%D8%AA%D8%B5%D9%85%D9%8A%D9%85-%D8%A8%D9%88%D8%B3%D8%AA%D8%B1-%D9%85%D8%B9%D9%85%D8%A7%D8%B1%D9%8A-%D8%A7%D8%AD%D8%AA%D8%B1%D8%A7%D9%81%D9%8A,5.0,3,4 أيام,4,1,$10.00,يومين,3,4,70.0,.Ola N,https://khamsat.com/user/olanayal,True,بائع نشيط,5.0,4,100.0%,2,6,يومين
هندسة وعمارة,https://khamsat.com/engineering,إظهار معماري,https://khamsat.com/engineering/architectural-visualization,اظهار مخططات معمارية فوتوشوب,https://khamsat.com/engineering/architectural-visualization/3015400-%D8%A7%D8%B8%D9%87%D8%A7%D8%B1-%D9%85%D8%AE%D8%B7%D8%B7%D8%A7%D8%AA-%D9%85%D8%B9%D9%85%D8%A7%D8%B1%D9%8A%D8%A9-%D9%81%D9%88%D8%AA%D9%88%D8%B4%D9%88%D8%A8,5.0,2,ساعة,3,0,$5.00,خمسة أيام,2,4,175.0,رهف ا.,https://khamsat.com/user/rahaf_arch,True,بائع جديد,5.0,2,100.0%,3,3,ساعة
هندسة وعمارة,https://khamsat.com/engineering,إظهار معماري,https://khamsat.com/engineering/architectural-visualization,اقوم بعمل بلانات 2d ونماذج 3d للمباني,https://khamsat.com/engineering/architectural-visualization/1315341-%D8%A7%D9%82%D9%88%D9%85-%D8%A8%D8%B9%D9%85%D9%84-%D8%A8%D9%84%D8%A7%D9%86%D8%A7%D8%AA-2d-%D9%88%D9%86%D9%85%D8%A7%D8%B0%D8%AC-3d-%D9%84%D9%84%D9%85%D8%A8%D8%A7%D9%86%D9%8A,5.0,13,27 دقيقة,25,0,$5.00,ثلاثة أيام,13,3,120.0,.Ghazal A,https://khamsat.com/user/ghazal_abbara,True,بائع مميز,4.5,52,84.81%,5,69,ساعة
هندسة وعمارة,https://khamsat.com/engineering,إظهار معماري,https://khamsat.com/engineering/architectural-visualization,اظهار معماري ثلاثي الابعاد دقيق وذو جودة عالية يجسد افكارك,https://khamsat.com/engineering/architectural-visualization/2299876-%D8%A7%D8%B8%D9%87%D8%A7%D8%B1-%D9%85%D8%B9%D9%85%D8%A7%D8%B1%D9%8A-%D8%AB%D9%84%D8%A7%D8%AB%D9%8A-%D8%A7%D9%84%D8%A7%D8%A8%D8%B9%D8%A7%D8%AF-%D8%AF%D9%82%D9%8A%D9%82-%D9%88%D8%B0%D9%88-%D8%AC%D9%88%D8%AF%D8%A9-%D8%B9%D8%A7%D9%84%D9%8A%D8%A9-%D9%8A%D8%AC%D8%B3%D8%AF-%D8%A7%D9%81%D9%83%D8%A7%D8%B1%D9%83,5.0,2,3 ساعات,2,0,$5.00,يومين,2,5,185.0,ليليا س.,https://khamsat.com/user/architect10,True,بائع نشيط,4.0,8,55.56%,4,5,4 ساعات
هندسة وعمارة,https://khamsat.com/engineering,إظهار معماري,https://khamsat.com/engineering/architectural-visualization,ثري دي بلان لاى شقه سكنيه باي مساحة مقابل 5 دولار لكل 20 م2,https://khamsat.com/engineering/architectural-visualization/630912-%D8%AB%D8%B1%D9%8A-%D8%AF%D9%8A-%D8%A8%D9%84%D8%A7%D9%86-%D9%84%D8%A7%D9%89-%D8%B4%D9%82%D9%87-%D8%B3%D9%83%D9%86%D9%8A%D9%87-%D8%A8%D8%A7%D9%8A-%D9%85%D8%B3%D8%A7%D8%AD%D8%A9-%D9%85%D9%82%D8%A7%D8%A8%D9%84-5-%D8%AF%D9%88%D9%84%D8%A7%D8%B1-%D9%84%D9%83%D9%84-20-%D9%852,5.0,20,9 دقائق,36,0,$5.00,يوم واحد,20,0,0.0,.Sara A,https://khamsat.com/user/sara-atito,True,بائع مميز,5.0,36,90.36%,2,64,يوم
هندسة وعمارة,https://khamsat.com/engineering,إظهار معماري,https://khamsat.com/engineering/architectural-visualization,تصميم واظهار معماري تودي ثري دي,https://khamsat.com/engineering/architectural-visualization/2916399-%D8%AA%D8%B5%D9%85%D9%8A%D9%85-%D9%88%D8%A7%D8%B8%D9%87%D8%A7%D8%B1-%D9%85%D8%B9%D9%85%D8%A7%D8%B1%D9%8A-%D8%AA%D9%88%D8%AF%D9%8A-%D8%AB%D8%B1%D9%8A-%D8%AF%D9%8A,0.0,0,ساعة,1,0,$10.00,أسبوع,0,5,375.0,رهف ا.,https://khamsat.com/user/rahaf_arch,True,بائع جديد,5.0,2,100.0%,3,3,ساعة
هندسة وعمارة,https://khamsat.com/engineering,إظهار معماري,https://khamsat.com/engineering/architectural-visualization,تصميم لوح معمارية ثلاثية الابعاد بأرقي اسلوب 5 $ لكل 5 متر,https://khamsat.com/engineering/architectural-visualization/1559813-%D8%AA%D8%B5%D9%85%D9%8A%D9%85-%D9%84%D9%88%D8%AD-%D9%85%D8%B9%D9%85%D8%A7%D8%B1%D9%8A%D8%A9-%D8%AB%D9%84%D8%A7%D8%AB%D9%8A%D8%A9-%D8%A7%D9%84%D8%A7%D8%A8%D8%B9%D8%A7%D8%AF-%D8%A8%D8%A3%D8%B1%D9%82%D9%8A-%D8%A7%D8%B3%D9%84%D9%88%D8%A8-5-%D9%84%D9%83%D9%84-5-%D9%85%D8%AA%D8%B1,5.0,3,6 ساعات,2,0,$5.00,ثلاثة أيام,3,2,150.0,.Mahmoud H,https://khamsat.com/user/mahmoud_lotfi,True,بائع مميز,4.5,25,88.24%,5,26,يوم
هندسة وعمارة,https://khamsat.com/engineering,إظهار معماري,https://khamsat.com/engineering/architectural-visualization,رفع ثري دي بيوت سكنية وفلل بأقل الأسعار,https://khamsat.com/engineering/architectural-visualization/1182266-%D8%B1%D9%81%D8%B9-%D8%AB%D8%B1%D9%8A-%D8%AF%D9%8A-%D8%A8%D9%8A%D9%88%D8%AA-%D8%B3%D9%83%D9%86%D9%8A%D8%A9-%D9%88%D9%81%D9%84%D9%84-%D8%A8%D8%A3%D9%82%D9%84-%D8%A7%D9%84%D8%A3%D8%B3%D8%B9%D8%A7%D8%B1,5.0,12,3 دقائق,16,0,$5.00,ثلاثة أيام,12,5,340.0,.Manwa A,https://khamsat.com/user/manwaalabadla,True,بائع نشيط,5.0,18,92.11%,4,23,4 ساعات
هندسة وعمارة,https://khamsat.com/engineering,إظهار معماري,https://khamsat.com/engineering/architectural-visualization,تصميم مخطط ثري دي 3d plan,https://khamsat.com/engineering/architectural-visualization/2609607-%D8%AA%D8%B5%D9%85%D9%8A%D9%85-%D9%85%D8%AE%D8%B7%D8%B7-%D8%AB%D8%B1%D9%8A-%D8%AF%D9%8A-3d-plan,5.0,3,12 ساعة,8,1,$25.00,يوم واحد,3,3,160.0,.Louay H,https://khamsat.com/user/louay555,True,بائع مميز,5.0,38,86.24%,7,51,5 ساعات
هندسة وعمارة,https://khamsat.com/engineering,إظهار معماري,https://khamsat.com/engineering/architectural-visualization,اظهار معمارى 3D animation,https://khamsat.com/engineering/architectural-visualization/2910946-%D8%A7%D8%B8%D9%87%D8%A7%D8%B1-%D9%85%D8%B9%D9%85%D8%A7%D8%B1%D9%89-3d-animation,5.0,1,يوم,1,0,$5.00,ستة أيام,1,5,260.0,.Moamen Y,https://khamsat.com/user/moame_yousef,True,بائع جديد,5.0,1,100.0%,3,1,يوم
هندسة وعمارة,https://khamsat.com/engineering,إظهار معماري,https://khamsat.com/engineering/architectural-visualization,اعمال المناظير الـ 3d للتصميم المعماري الداخلي والخارجي,https://khamsat.com/engineering/architectural-visualization/1219993-%D8%A7%D8%B9%D9%85%D8%A7%D9%84-%D8%A7%D9%84%D9%85%D9%86%D8%A7%D8%B8%D9%8A%D8%B1-%D8%A7%D9%84%D9%80-3d-%D9%84%D9%84%D8%AA%D8%B5%D9%85%D9%8A%D9%85-%D8%A7%D9%84%D9%85%D8%B9%D9%85%D8%A7%D8%B1%D9%8A-%D8%A7%D9%84%D8%AF%D8%A7%D8%AE%D9%84%D9%8A-%D9%88%D8%A7%D9%84%D8%AE%D8%A7%D8%B1%D8%AC%D9%8A,5.0,17,30 دقيقة,22,0,$5.00,أسبوع,17,5,370.0,.Hussein M,https://khamsat.com/user/hussein-morsy141,True,بائع مميز,4.5,67,88.54%,7,81,ساعتين
هندسة وعمارة,https://khamsat.com/engineering,إظهار معماري,https://khamsat.com/engineering/architectural-visualization,تصميم خارحي واجهات (اظهار ثلاثي الابعاد واقعي احترافى ),https://khamsat.com/engineering/architectural-visualization/2128350-%D8%AA%D8%B5%D9%85%D9%8A%D9%85-%D8%AE%D8%A7%D8%B1%D8%AD%D9%8A-%D9%88%D8%A7%D8%AC%D9%87%D8%A7%D8%AA-%D8%A7%D8%B8%D9%87%D8%A7%D8%B1-%D8%AB%D9%84%D8%A7%D8%AB%D9%8A-%D8%A7%D9%84%D8%A7%D8%A8%D8%B9%D8%A7%D8%AF-%D9%88%D8%A7%D9%82%D8%B9%D9%8A-%D8%A7%D8%AD%D8%AA%D8%B1%D8%A7%D9%81%D9%89,5.0,1,دقيقة,1,0,$5.00,ثلاثة أيام,1,2,75.0,محمد ف.,https://khamsat.com/user/mohamed_fadl85,True,بائع مميز,5.0,20,95.6%,10,24,ساعتين
هندسة وعمارة,https://khamsat.com/engineering,إظهار معماري,https://khamsat.com/engineering/architectural-visualization,تصميم 3d plan لمنزلك او فيلتك بأحدث التصميمات,https://khamsat.com/engineering/architectural-visualization/2045628-%D8%AA%D8%B5%D9%85%D9%8A%D9%85-3d-plan-%D9%84%D9%85%D9%86%D8%B2%D9%84%D9%83-%D8%A7%D9%88-%D9%81%D9%8A%D9%84%D8%AA%D9%83-%D8%A8%D8%A3%D8%AD%D8%AF%D8%AB-%D8%A7%D9%84%D8%AA%D8%B5%D9%85%D9%8A%D9%85%D8%A7%D8%AA,5.0,9,40 دقيقة,13,0,$5.00,ثلاثة أيام,9,3,170.0,مريان ب.,https://khamsat.com/user/marianbanoub,True,بائع مميز,5.0,21,92.0%,5,34,ساعتين
هندسة وعمارة,https://khamsat.com/engineering,إظهار معماري,https://khamsat.com/engineering/architectural-visualization,تصميم لوح معمارية ثلاثية الابعاد بأرقي اسلوب للفرش والخامات,https://khamsat.com/engineering/architectural-visualization/1273528-%D8%AA%D8%B5%D9%85%D9%8A%D9%85-%D9%84%D9%88%D8%AD-%D9%85%D8%B9%D9%85%D8%A7%D8%B1%D9%8A%D8%A9-%D8%AB%D9%84%D8%A7%D8%AB%D9%8A%D8%A9-%D8%A7%D9%84%D8%A7%D8%A8%D8%B9%D8%A7%D8%AF-%D8%A8%D8%A3%D8%B1%D9%82%D9%8A-%D8%A7%D8%B3%D9%84%D9%88%D8%A8-%D9%84%D9%84%D9%81%D8%B1%D8%B4-%D9%88%D8%A7%D9%84%D8%AE%D8%A7%D9%85%D8%A7%D8%AA,4.5,22,7 ساعات,23,0,$5.00,ثلاثة أيام,22,4,210.0,.Mahmoud L,https://khamsat.com/user/mahmoud_mourad,True,بائع مميز,5.0,70,91.38%,5,76,3 ساعات
هندسة وعمارة,https://khamsat.com/engineering,إظهار معماري,https://khamsat.com/engineering/architectural-visualization,رسم واظهار اي مخطط معماري بشكل 3D و 2D احترافي,https://khamsat.com/engineering/architectural-visualization/2214241-%D8%B1%D8%B3%D9%85-%D9%88%D8%A7%D8%B8%D9%87%D8%A7%D8%B1-%D8%A7%D9%8A-%D9%85%D8%AE%D8%B7%D8%B7-%D9%85%D8%B9%D9%85%D8%A7%D8%B1%D9%8A-%D8%A8%D8%B4%D9%83%D9%84-3d-%D9%88-2d-%D8%A7%D8%AD%D8%AA%D8%B1%D8%A7%D9%81%D9%8A,4.5,14,26 دقيقة,17,0,$5.00,أسبوع,14,5,270.0,مازن م.,https://khamsat.com/user/mazenmouaffak,True,بائع مميز,4.5,36,89.9%,5,43,ساعتين
هندسة وعمارة,https://khamsat.com/engineering,إظهار معماري,https://khamsat.com/engineering/architectural-visualization,اظهار معماري احترافي ومميز لجميع المخططات المعماريه,https://khamsat.com/engineering/architectural-visualization/2822809-%D8%A7%D8%B8%D9%87%D8%A7%D8%B1-%D9%85%D8%B9%D9%85%D8%A7%D8%B1%D9%8A-%D8%A7%D8%AD%D8%AA%D8%B1%D8%A7%D9%81%D9%8A-%D9%88%D9%85%D9%85%D9%8A%D8%B2-%D9%84%D8%AC%D9%85%D9%8A%D8%B9-%D8%A7%D9%84%D9%85%D8%AE%D8%B7%D8%B7%D8%A7%D8%AA-%D8%A7%D9%84%D9%85%D8%B9%D9%85%D8%A7%D8%B1%D9%8A%D9%87,5.0,2,9 دقائق,2,0,$10.00,يوم واحد,2,5,135.0,.Muhammad A,https://khamsat.com/user/mohamedamr_98,True,بائع جديد,5.0,2,100.0%,5,2,9 دقائق
هندسة وعمارة,https://khamsat.com/engineering,إظهار معماري,https://khamsat.com/engineering/architectural-visualization,إخراج المساقط المعمارية باستخدام الفوتوشوب مقابل 20 م,https://khamsat.com/engineering/architectural-visualization/1739984-%D8%A5%D8%AE%D8%B1%D8%A7%D8%AC-%D8%A7%D9%84%D9%85%D8%B3%D8%A7%D9%82%D8%B7-%D8%A7%D9%84%D9%85%D8%B9%D9%85%D8%A7%D8%B1%D9%8A%D8%A9-%D8%A8%D8%A7%D8%B3%D8%AA%D8%AE%D8%AF%D8%A7%D9%85-%D8%A7%D9%84%D9%81%D9%88%D8%AA%D9%88%D8%B4%D9%88%D8%A8-%D9%85%D9%82%D8%A7%D8%A8%D9%84-20-%D9%85,5.0,1,3 ساعات,2,0,$5.00,يومين,1,4,110.0,لين ت.,https://khamsat.com/user/%D9%84%D9%8A%D9%86-%D8%AA%D9%81%D8%A7%D8%AD%D9%87,True,بائع نشيط,5.0,7,97.22%,5,9,4 ساعات
هندسة وعمارة,https://khamsat.com/engineering,إظهار معماري,https://khamsat.com/engineering/architectural-visualization,تحويل المساقط ثنائية الأبعاد إلى ثلاثية الأبعاد 100متر مربع,https://khamsat.com/engineering/architectural-visualization/827627-%D8%AA%D8%AD%D9%88%D9%8A%D9%84-%D8%A7%D9%84%D9%85%D8%B3%D8%A7%D9%82%D8%B7-%D8%AB%D9%86%D8%A7%D8%A6%D9%8A%D8%A9-%D8%A7%D9%84%D8%A3%D8%A8%D8%B9%D8%A7%D8%AF-%D8%A5%D9%84%D9%89-%D8%AB%D9%84%D8%A7%D8%AB%D9%8A%D8%A9-%D8%A7%D9%84%D8%A3%D8%A8%D8%B9%D8%A7%D8%AF-100%D9%85%D8%AA%D8%B1-%D9%85%D8%B1%D8%A8%D8%B9,5.0,7,11 ساعة,10,0,$25.00,ثلاثة أيام,7,0,0.0,.Doaa A,https://khamsat.com/user/doaa-asmar,True,بائع مميز,5.0,31,94.94%,5,45,3 أيام
هندسة وعمارة,https://khamsat.com/engineering,إظهار معماري,https://khamsat.com/engineering/architectural-visualization,تحويل مخططات من 2D الى 3D بطريقة تسويقية احترافية,https://khamsat.com/engineering/architectural-visualization/2526729-%D8%AA%D8%AD%D9%88%D9%8A%D9%84-%D9%85%D8%AE%D8%B7%D8%B7%D8%A7%D8%AA-%D9%85%D9%86-2d-%D8%A7%D9%84%D9%89-3d-%D8%A8%D8%B7%D8%B1%D9%8A%D9%82%D8%A9-%D8%AA%D8%B3%D9%88%D9%8A%D9%82%D9%8A%D8%A9-%D8%A7%D8%AD%D8%AA%D8%B1%D8%A7%D9%81%D9%8A%D8%A9,4.5,4,يوم,5,1,$5.00,يومين,4,5,330.0,.Mohamed A,https://khamsat.com/user/mbasha20,True,بائع نشيط,4.5,7,76.47%,3,8,16 ساعة
هندسة وعمارة,https://khamsat.com/engineering,إظهار معماري,https://khamsat.com/engineering/architectural-visualization,عمل لوحة معمارية ثلاثية الابعاد لمنزلك او شقتك floor plan 3d,https://khamsat.com/engineering/architectural-visualization/1626592-%D8%B9%D9%85%D9%84-%D9%84%D9%88%D8%AD%D8%A9-%D9%85%D8%B9%D9%85%D8%A7%D8%B1%D9%8A%D8%A9-%D8%AB%D9%84%D8%A7%D8%AB%D9%8A%D8%A9-%D8%A7%D9%84%D8%A7%D8%A8%D8%B9%D8%A7%D8%AF-%D9%84%D9%85%D9%86%D8%B2%D9%84%D9%83-%D8%A7%D9%88-%D8%B4%D9%82%D8%AA%D9%83-floor-plan-3d,4.5,2,26 دقيقة,3,0,$10.00,ثلاثة أيام,2,4,360.0,محمد ا.,https://khamsat.com/user/mohadj3s,True,بائع موثوق,4.5,316,93.15%,6,388,ساعة
هندسة وعمارة,https://khamsat.com/engineering,إظهار معماري,https://khamsat.com/engineering/architectural-visualization,اظهار جميع المساقط الافقية و القطاعات المعمارية,https://khamsat.com/engineering/architectural-visualization/2005350-%D8%A7%D8%B8%D9%87%D8%A7%D8%B1-%D8%AC%D9%85%D9%8A%D8%B9-%D8%A7%D9%84%D9%85%D8%B3%D8%A7%D9%82%D8%B7-%D8%A7%D9%84%D8%A7%D9%81%D9%82%D9%8A%D8%A9-%D9%88-%D8%A7%D9%84%D9%82%D8%B7%D8%A7%D8%B9%D8%A7%D8%AA-%D8%A7%D9%84%D9%85%D8%B9%D9%85%D8%A7%D8%B1%D9%8A%D8%A9,5.0,3,16 ساعة,5,0,$5.00,يوم واحد,3,0,0.0,.Mohamed K,https://khamsat.com/user/mamed1111_kamal222,True,بائع نشيط,5.0,8,93.1%,5,6,5 ساعات
هندسة وعمارة,https://khamsat.com/engineering,إظهار معماري,https://khamsat.com/engineering/architectural-visualization,تصميم لوحات معمارية ثلاثية الابعاد 3D و توزيع الفرش .,https://khamsat.com/engineering/architectural-visualization/1956753-%D8%AA%D8%B5%D9%85%D9%8A%D9%85-%D9%84%D9%88%D8%AD%D8%A7%D8%AA-%D9%85%D8%B9%D9%85%D8%A7%D8%B1%D9%8A%D8%A9-%D8%AB%D9%84%D8%A7%D8%AB%D9%8A%D8%A9-%D8%A7%D9%84%D8%A7%D8%A8%D8%B9%D8%A7%D8%AF-3d-%D9%88-%D8%AA%D9%88%D8%B2%D9%8A%D8%B9-%D8%A7%D9%84%D9%81%D8%B1%D8%B4-,5.0,2,23 ساعة,2,0,$5.00,خمسة أيام,2,3,175.0,.Alla I,https://khamsat.com/user/alla_ismaeel,True,بائع مميز,5.0,17,95.71%,3,16,يوم
هندسة وعمارة,https://khamsat.com/engineering,إظهار معماري,https://khamsat.com/engineering/architectural-visualization,تصميم معماري وإظهار داخلي وخارجي احترافي 3dmax,https://khamsat.com/engineering/architectural-visualization/2280489-%D8%AA%D8%B5%D9%85%D9%8A%D9%85-%D9%85%D8%B9%D9%85%D8%A7%D8%B1%D9%8A-%D9%88%D8%A5%D8%B8%D9%87%D8%A7%D8%B1-%D8%AF%D8%A7%D8%AE%D9%84%D9%8A-%D9%88%D8%AE%D8%A7%D8%B1%D8%AC%D9%8A-%D8%A7%D8%AD%D8%AA%D8%B1%D8%A7%D9%81%D9%8A-3dmax,5.0,15,25 دقيقة,17,0,$5.00,ثلاثة أيام,15,5,625.0,دعاء س.,https://khamsat.com/user/doaa_sulaiman,True,بائع مميز,5.0,88,94.21%,6,69,يوم
هندسة وعمارة,https://khamsat.com/engineering,إظهار معماري,https://khamsat.com/engineering/architectural-visualization,عمل فيديو (انميشن) للتصميم المعمارى ( داخلى _ خارجى ),https://khamsat.com/engineering/architectural-visualization/2232820-%D8%B9%D9%85%D9%84-%D9%81%D9%8A%D8%AF%D9%8A%D9%88-%D8%A7%D9%86%D9%85%D9%8A%D8%B4%D9%86-%D9%84%D9%84%D8%AA%D8%B5%D9%85%D9%8A%D9%85-%D8%A7%D9%84%D9%85%D8%B9%D9%85%D8%A7%D8%B1%D9%89-%D8%AF%D8%A7%D8%AE%D9%84%D9%89-%D8%AE%D8%A7%D8%B1%D8%AC%D9%89,5.0,5,يوم,6,0,$5.00,يوم واحد,5,3,195.0,.Mostafa A,https://khamsat.com/user/mostafa_amer10,True,بائع نشيط,5.0,17,88.24%,4,18,12 ساعة
هندسة وعمارة,https://khamsat.com/engineering,إظهار معماري,https://khamsat.com/engineering/architectural-visualization,تصميم فوتوشوب معماري احترافي,https://khamsat.com/engineering/architectural-visualization/2776809-%D8%AA%D8%B5%D9%85%D9%8A%D9%85-%D9%81%D9%88%D8%AA%D9%88%D8%B4%D9%88%D8%A8-%D9%85%D8%B9%D9%85%D8%A7%D8%B1%D9%8A-%D8%A7%D8%AD%D8%AA%D8%B1%D8%A7%D9%81%D9%8A,5.0,1,8 دقائق,2,0,$10.00,يومين,1,3,30.0,.Ola N,https://khamsat.com/user/olanayal,True,بائع نشيط,5.0,4,100.0%,2,6,يومين
هندسة وعمارة,https://khamsat.com/engineering,إظهار معماري,https://khamsat.com/engineering/architectural-visualization,تحويل اي مخطط من الثنائي الابعاد الي ثلاثي الابعاد .,https://khamsat.com/engineering/architectural-visualization/1299768-%D8%AA%D8%AD%D9%88%D9%8A%D9%84-%D8%A7%D9%8A-%D9%85%D8%AE%D8%B7%D8%B7-%D9%85%D9%86-%D8%A7%D9%84%D8%AB%D9%86%D8%A7%D8%A6%D9%8A-%D8%A7%D9%84%D8%A7%D8%A8%D8%B9%D8%A7%D8%AF-%D8%A7%D9%84%D9%8A-%D8%AB%D9%84%D8%A7%D8%AB%D9%8A-%D8%A7%D9%84%D8%A7%D8%A8%D8%B9%D8%A7%D8%AF-,5.0,2,7 ساعات,5,0,$5.00,أربعة أيام,2,2,70.0,.Marian W,https://khamsat.com/user/marian_123,True,بائع نشيط,5.0,6,100.0%,4,9,7 ساعات
هندسة وعمارة,https://khamsat.com/engineering,إظهار معماري,https://khamsat.com/engineering/architectural-visualization,رسم او تحويل اي ملف او اسكتش الي رسم هندسي ثنائي الابعاد,https://khamsat.com/engineering/architectural-visualization/1285368-%D8%B1%D8%B3%D9%85-%D8%A7%D9%88-%D8%AA%D8%AD%D9%88%D9%8A%D9%84-%D8%A7%D9%8A-%D9%85%D9%84%D9%81-%D8%A7%D9%88-%D8%A7%D8%B3%D9%83%D8%AA%D8%B4-%D8%A7%D9%84%D9%8A-%D8%B1%D8%B3%D9%85-%D9%87%D9%86%D8%AF%D8%B3%D9%8A-%D8%AB%D9%86%D8%A7%D8%A6%D9%8A-%D8%A7%D9%84%D8%A7%D8%A8%D8%B9%D8%A7%D8%AF,5.0,4,13 ساعة,6,0,$5.00,يومين,4,2,30.0,.Marian W,https://khamsat.com/user/marian_123,True,بائع نشيط,5.0,6,100.0%,4,9,7 ساعات
هندسة وعمارة,https://khamsat.com/engineering,إظهار معماري,https://khamsat.com/engineering/architectural-visualization,ثري دى بلان لاى شقة سكنية مقابل 5$ لكل 20 متر مربع,https://khamsat.com/engineering/architectural-visualization/776687-%D8%AB%D8%B1%D9%8A-%D8%AF%D9%89-%D8%A8%D9%84%D8%A7%D9%86-%D9%84%D8%A7%D9%89-%D8%B4%D9%82%D8%A9-%D8%B3%D9%83%D9%86%D9%8A%D8%A9-%D9%85%D9%82%D8%A7%D8%A8%D9%84-5-%D9%84%D9%83%D9%84-20-%D9%85%D8%AA%D8%B1-%D9%85%D8%B1%D8%A8%D8%B9,5.0,10,ساعتين,13,0,$5.00,يومين,10,4,170.0,.Wafaa A,https://khamsat.com/user/%D9%88%D9%81%D8%A7%D8%A1-%D8%B9%D9%84%D9%89-%D8%A7%D9%84%D8%B1%D9%81%D8%A7%D8%B9%D9%89,True,بائع مميز,5.0,33,87.2%,10,31,8 ساعات
هندسة وعمارة,https://khamsat.com/engineering,إظهار معماري,https://khamsat.com/engineering/architectural-visualization,فوتوشوب معماري (اخراج،بوسترات),https://khamsat.com/engineering/architectural-visualization/1725310-%D9%81%D9%88%D8%AA%D9%88%D8%B4%D9%88%D8%A8-%D9%85%D8%B9%D9%85%D8%A7%D8%B1%D9%8A-%D8%A7%D8%AE%D8%B1%D8%A7%D8%AC%D8%A8%D9%88%D8%B3%D8%AA%D8%B1%D8%A7%D8%AA,5.0,1,6 دقائق,3,0,$10.00,ثلاثة أيام,1,0,0.0,.Ahmad I,https://khamsat.com/user/ahmad_ibrahem,True,بائع نشيط,5.0,19,96.0%,5,27,49 دقيقة
هندسة وعمارة,https://khamsat.com/engineering,أخرى,https://khamsat.com/engineering/architectural-engineering-services,تصميم معماري 3d مميز بمخططات تنفيذية دقيقة,https://khamsat.com/engineering/architectural-engineering-services/2322310-%D8%AA%D8%B5%D9%85%D9%8A%D9%85-%D9%85%D8%B9%D9%85%D8%A7%D8%B1%D9%8A-3d-%D9%85%D9%85%D9%8A%D8%B2-%D8%A8%D9%85%D8%AE%D8%B7%D8%B7%D8%A7%D8%AA-%D8%AA%D9%86%D9%81%D9%8A%D8%B0%D9%8A%D8%A9-%D8%AF%D9%82%D9%8A%D9%82%D8%A9,4.5,6,5 ساعات,6,0,$25.00,أربعة أيام,6,5,365.0,مهند ح.,https://khamsat.com/user/mohamad_4444,True,بائع نشيط,4.5,12,97.96%,6,12,6 ساعات
هندسة وعمارة,https://khamsat.com/engineering,أخرى,https://khamsat.com/engineering/architectural-engineering-services,تصاميم معمارية احترافية بأسعار مناسبة,https://khamsat.com/engineering/architectural-engineering-services/2763544-%D8%AA%D8%B5%D8%A7%D9%85%D9%8A%D9%85-%D9%85%D8%B9%D9%85%D8%A7%D8%B1%D9%8A%D8%A9-%D8%A7%D8%AD%D8%AA%D8%B1%D8%A7%D9%81%D9%8A%D8%A9-%D8%A8%D8%A3%D8%B3%D8%B9%D8%A7%D8%B1-%D9%85%D9%86%D8%A7%D8%B3%D8%A8%D8%A9,5.0,12,8 ساعات,14,0,$5.00,أسبوع,12,3,160.0,.Mohammed Deeb D,https://khamsat.com/user/mohammed_d_dabalouni,True,بائع مميز,5.0,12,100.0%,1,14,8 ساعات
هندسة وعمارة,https://khamsat.com/engineering,أخرى,https://khamsat.com/engineering/architectural-engineering-services,تصميم خارجي وحدائق عصري وبأنسب الأسعار لكل 5 متر,https://khamsat.com/engineering/architectural-engineering-services/2303743-%D8%AA%D8%B5%D9%85%D9%8A%D9%85-%D8%AE%D8%A7%D8%B1%D8%AC%D9%8A-%D9%88%D8%AD%D8%AF%D8%A7%D8%A6%D9%82-%D8%B9%D8%B5%D8%B1%D9%8A-%D9%88%D8%A8%D8%A3%D9%86%D8%B3%D8%A8-%D8%A7%D9%84%D8%A3%D8%B3%D8%B9%D8%A7%D8%B1-%D9%84%D9%83%D9%84-5-%D9%85%D8%AA%D8%B1,4.5,7,10 ساعات,10,0,$5.00,ثلاثة أيام,7,4,185.0,.Talal A,https://khamsat.com/user/talal_atassi,True,بائع مميز,5.0,14,93.1%,2,16,3 ساعات
هندسة وعمارة,https://khamsat.com/engineering,أخرى,https://khamsat.com/engineering/architectural-engineering-services,تصميم اسقف جبس _ اسقف معلقة,https://khamsat.com/engineering/architectural-engineering-services/2668053-%D8%AA%D8%B5%D9%85%D9%8A%D9%85-%D8%A7%D8%B3%D9%82%D9%81-%D8%AC%D8%A8%D8%B3-%D8%A7%D8%B3%D9%82%D9%81-%D9%85%D8%B9%D9%84%D9%82%D8%A9,5.0,4,23 دقيقة,4,0,$5.00,يوم واحد,4,5,235.0,سليم ع.,https://khamsat.com/user/saleemaazzam,True,بائع مميز,5.0,26,100.0%,2,35,32 دقيقة
هندسة وعمارة,https://khamsat.com/engineering,أخرى,https://khamsat.com/engineering/architectural-engineering-services,تصميم مجسمات 3D ثلاثية الابعاد,https://khamsat.com/engineering/architectural-engineering-services/2520515-%D8%AA%D8%B5%D9%85%D9%8A%D9%85-%D9%85%D8%AC%D8%B3%D9%85%D8%A7%D8%AA-3d-%D8%AB%D9%84%D8%A7%D8%AB%D9%8A%D8%A9-%D8%A7%D9%84%D8%A7%D8%A8%D8%B9%D8%A7%D8%AF,5.0,2,أقل من دقيقة,3,0,$10.00,ثلاثة أيام,2,3,30.0,.Bahaa Elsayed T,https://khamsat.com/user/bahaa_tattan,True,بائع جديد,5.0,3,71.43%,2,4,10 ساعات
هندسة وعمارة,https://khamsat.com/engineering,أخرى,https://khamsat.com/engineering/architectural-engineering-services,اي تصميم 3D على برنامج RHINO 7,https://khamsat.com/engineering/architectural-engineering-services/1991235-%D8%A7%D9%8A-%D8%AA%D8%B5%D9%85%D9%8A%D9%85-3d-%D8%B9%D9%84%D9%89-%D8%A8%D8%B1%D9%86%D8%A7%D9%85%D8%AC-rhino-7,5.0,3,13 ساعة,4,0,$5.00,أربعة أيام,3,3,20.0,عبداللطيف ح.,https://khamsat.com/user/aboodhouri,True,بائع نشيط,5.0,3,84.62%,1,4,13 ساعة
هندسة وعمارة,https://khamsat.com/engineering,أخرى,https://khamsat.com/engineering/architectural-engineering-services,تخطيط معمارى نموذجى وإقتراح إنشائى,https://khamsat.com/engineering/architectural-engineering-services/1176086-%D8%AA%D8%AE%D8%B7%D9%8A%D8%B7-%D9%85%D8%B9%D9%85%D8%A7%D8%B1%D9%89-%D9%86%D9%85%D9%88%D8%B0%D8%AC%D9%89-%D9%88%D8%A5%D9%82%D8%AA%D8%B1%D8%A7%D8%AD-%D8%A5%D9%86%D8%B4%D8%A7%D8%A6%D9%89,5.0,10,يوم,14,0,$5.00,يوم واحد,10,2,115.0,.Abdelaziz F,https://khamsat.com/user/aziz_foad,True,بائع نشيط,5.0,12,83.33%,7,17,9 ساعات
هندسة وعمارة,https://khamsat.com/engineering,أخرى,https://khamsat.com/engineering/architectural-engineering-services,التصميم الهندسي ببرنامج سوليدوورك,https://khamsat.com/engineering/architectural-engineering-services/966614-%D8%A7%D9%84%D8%AA%D8%B5%D9%85%D9%8A%D9%85-%D8%A7%D9%84%D9%87%D9%86%D8%AF%D8%B3%D9%8A-%D8%A8%D8%A8%D8%B1%D9%86%D8%A7%D9%85%D8%AC-%D8%B3%D9%88%D9%84%D9%8A%D8%AF%D9%88%D9%88%D8%B1%D9%83,3.5,4,25 دقيقة,5,0,$5.00,أسبوع,4,4,245.0,احمد ع.,https://khamsat.com/user/%D8%A7%D8%AD%D9%85%D8%AF-%D8%B9%D8%A8%D8%AF%D9%87-%D9%85%D8%AD%D9%85%D8%AF,False,بائع جديد,3.5,4,100.0%,1,5,25 دقيقة
هندسة وعمارة,https://khamsat.com/engineering,أخرى,https://khamsat.com/engineering/architectural-engineering-services,عمل مقايسةBOQ للبنود المعمارية,https://khamsat.com/engineering/architectural-engineering-services/3012121-%D8%B9%D9%85%D9%84-%D9%85%D9%82%D8%A7%D9%8A%D8%B3%D8%A9boq-%D9%84%D9%84%D8%A8%D9%86%D9%88%D8%AF-%D8%A7%D9%84%D9%85%D8%B9%D9%85%D8%A7%D8%B1%D9%8A%D8%A9,0.0,0,لم يحسب,0,0,$5.00,يوم واحد,0,2,15.0,رحاب ش.,https://khamsat.com/user/rehab_012,True,بائع جديد,0.0,0,لم يحسب بعد,1,0,لم يحسب
هندسة وعمارة,https://khamsat.com/engineering,أخرى,https://khamsat.com/engineering/architectural-engineering-services,اصمم لك تصاميم ثلاثية الابعاد لكل ما تتخيل مثال فيلا - منزل,https://khamsat.com/engineering/architectural-engineering-services/1635424-%D8%A7%D8%B5%D9%85%D9%85-%D9%84%D9%83-%D8%AA%D8%B5%D8%A7%D9%85%D9%8A%D9%85-%D8%AB%D9%84%D8%A7%D8%AB%D9%8A%D8%A9-%D8%A7%D9%84%D8%A7%D8%A8%D8%B9%D8%A7%D8%AF-%D9%84%D9%83%D9%84-%D9%85%D8%A7-%D8%AA%D8%AA%D8%AE%D9%8A%D9%84-%D9%85%D8%AB%D8%A7%D9%84-%D9%81%D9%8A%D9%84%D8%A7-%D9%85%D9%86%D8%B2%D9%84,0.0,0,لم يحسب,0,0,$5.00,يومين,0,1,100.0,.Seif F,https://khamsat.com/user/seif01,True,بائع جديد,0.0,0,لم يحسب بعد,3,0,لم يحسب
هندسة وعمارة,https://khamsat.com/engineering,أخرى,https://khamsat.com/engineering/architectural-engineering-services,تحويل مخططات معمارية من 2D إلى 3D على برنامج Rhino,https://khamsat.com/engineering/architectural-engineering-services/3013121-%D8%AA%D8%AD%D9%88%D9%8A%D9%84-%D9%85%D8%AE%D8%B7%D8%B7%D8%A7%D8%AA-%D9%85%D8%B9%D9%85%D8%A7%D8%B1%D9%8A%D8%A9-%D9%85%D9%86-2d-%D8%A5%D9%84%D9%89-3d-%D8%B9%D9%84%D9%89-%D8%A8%D8%B1%D9%86%D8%A7%D9%85%D8%AC-rhino,0.0,0,لم يحسب,0,0,$5.00,أربعة أيام,0,0,0.0,أفين ب.,https://khamsat.com/user/avin_bozan,False,بائع جديد,0.0,0,لم يحسب بعد,2,0,لم يحسب
هندسة وعمارة,https://khamsat.com/engineering,أخرى,https://khamsat.com/engineering/architectural-engineering-services,تصميمات هندسية 3d داخليه وخارجية,https://khamsat.com/engineering/architectural-engineering-services/2221247-%D8%AA%D8%B5%D9%85%D9%8A%D9%85%D8%A7%D8%AA-%D9%87%D9%86%D8%AF%D8%B3%D9%8A%D8%A9-3d-%D8%AF%D8%A7%D8%AE%D9%84%D9%8A%D9%87-%D9%88%D8%AE%D8%A7%D8%B1%D8%AC%D9%8A%D8%A9,0.0,0,لم يحسب,0,0,$5.00,خمسة أيام,0,4,65.0,.Omar T,https://khamsat.com/user/omar_taha6090,True,بائع جديد,0.0,0,لم يحسب بعد,1,0,4 ساعات
هندسة وعمارة,https://khamsat.com/engineering,أخرى,https://khamsat.com/engineering/architectural-engineering-services,مناظير ثلاثية الابعاد للمباني السكنية الادارية والتجارية,https://khamsat.com/engineering/architectural-engineering-services/1333260-%D9%85%D9%86%D8%A7%D8%B8%D9%8A%D8%B1-%D8%AB%D9%84%D8%A7%D8%AB%D9%8A%D8%A9-%D8%A7%D9%84%D8%A7%D8%A8%D8%B9%D8%A7%D8%AF-%D9%84%D9%84%D9%85%D8%A8%D8%A7%D9%86%D9%8A-%D8%A7%D9%84%D8%B3%D9%83%D9%86%D9%8A%D8%A9-%D8%A7%D9%84%D8%A7%D8%AF%D8%A7%D8%B1%D9%8A%D8%A9-%D9%88%D8%A7%D9%84%D8%AA%D8%AC%D8%A7%D8%B1%D9%8A%D8%A9,0.0,0,18 دقيقة,1,0,$5.00,يومين,0,2,10.0,ياسمين ب.,https://khamsat.com/user/beau_design,True,بائع جديد,0.0,0,100.0%,4,1,5 ساعات
هندسة وعمارة,https://khamsat.com/engineering,أخرى,https://khamsat.com/engineering/architectural-engineering-services,تصميم معارض واكشاك وايفنتات,https://khamsat.com/engineering/architectural-engineering-services/3043384-%D8%AA%D8%B5%D9%85%D9%8A%D9%85-%D9%85%D8%B9%D8%A7%D8%B1%D8%B6-%D9%88%D8%A7%D9%83%D8%B4%D8%A7%D9%83-%D9%88%D8%A7%D9%8A%D9%81%D9%86%D8%AA%D8%A7%D8%AA,0.0,0,لم يحسب,0,0,$5.00,ثلاثة أيام,0,2,40.0,.Rehab H,https://khamsat.com/user/rehab_hamzawy8,False,بائع جديد,0.0,0,لم يحسب بعد,1,0,لم يحسب
هندسة وعمارة,https://khamsat.com/engineering,أخرى,https://khamsat.com/engineering/architectural-engineering-services,تصميم معماري3d بطرز عصرية,https://khamsat.com/engineering/architectural-engineering-services/2334882-%D8%AA%D8%B5%D9%85%D9%8A%D9%85-%D9%85%D8%B9%D9%85%D8%A7%D8%B1%D9%8A3d-%D8%A8%D8%B7%D8%B1%D8%B2-%D8%B9%D8%B5%D8%B1%D9%8A%D8%A9,0.0,0,لم يحسب,0,0,$10.00,أربعة أيام,0,1,100.0,.Anas A,https://khamsat.com/user/anasnet630,True,بائع جديد,0.0,0,لم يحسب بعد,3,0,ساعة
هندسة وعمارة,https://khamsat.com/engineering,أخرى,https://khamsat.com/engineering/architectural-engineering-services,تصميم داخلي3D مع الرسومات التنفيذية وجدول للكميات والمواصفات,https://khamsat.com/engineering/architectural-engineering-services/2117352-%D8%AA%D8%B5%D9%85%D9%8A%D9%85-%D8%AF%D8%A7%D8%AE%D9%84%D9%8A3d-%D9%85%D8%B9-%D8%A7%D9%84%D8%B1%D8%B3%D9%88%D9%85%D8%A7%D8%AA-%D8%A7%D9%84%D8%AA%D9%86%D9%81%D9%8A%D8%B0%D9%8A%D8%A9-%D9%88%D8%AC%D8%AF%D9%88%D9%84-%D9%84%D9%84%D9%83%D9%85%D9%8A%D8%A7%D8%AA-%D9%88%D8%A7%D9%84%D9%85%D9%88%D8%A7%D8%B5%D9%81%D8%A7%D8%AA,0.0,0,ساعة,0,0,$5.00,خمسة أيام,0,2,45.0,منى ن.,https://khamsat.com/user/mona_nouh,True,بائع جديد,0.0,0,لم يحسب بعد,5,0,ساعة
هندسة وعمارة,https://khamsat.com/engineering,أخرى,https://khamsat.com/engineering/architectural-engineering-services,تصميم هندسي داخلي ثلاثي الابعاد,https://khamsat.com/engineering/architectural-engineering-services/1266574-%D8%AA%D8%B5%D9%85%D9%8A%D9%85-%D9%87%D9%86%D8%AF%D8%B3%D9%8A-%D8%AF%D8%A7%D8%AE%D9%84%D9%8A-%D8%AB%D9%84%D8%A7%D8%AB%D9%8A-%D8%A7%D9%84%D8%A7%D8%A8%D8%B9%D8%A7%D8%AF,0.0,0,لم يحسب,0,0,$5.00,أسبوع,0,3,30.0,حمادة ع.,https://khamsat.com/user/hamada_2006,True,بائع جديد,0.0,0,لم يحسب بعد,4,0,لم يحسب
هندسة وعمارة,https://khamsat.com/engineering,أخرى,https://khamsat.com/engineering/architectural-engineering-services,تنسيق وتصميم لوحات وبوسترات معمارية,https://khamsat.com/engineering/architectural-engineering-services/2927916-%D8%AA%D9%86%D8%B3%D9%8A%D9%82-%D9%88%D8%AA%D8%B5%D9%85%D9%8A%D9%85-%D9%84%D9%88%D8%AD%D8%A7%D8%AA-%D9%88%D8%A8%D9%88%D8%B3%D8%AA%D8%B1%D8%A7%D8%AA-%D9%85%D8%B9%D9%85%D8%A7%D8%B1%D9%8A%D8%A9,0.0,0,لم يحسب,0,0,$10.00,يومين,0,3,50.0,.Fatima Z,https://khamsat.com/user/fatima_za20,False,بائع جديد,0.0,0,لم يحسب بعد,4,0,لم يحسب
هندسة وعمارة,https://khamsat.com/engineering,أخرى,https://khamsat.com/engineering/architectural-engineering-services,عمل دراسات توضيحية(اسكتشات) لاظهار الفكرة بشكل جيد,https://khamsat.com/engineering/architectural-engineering-services/2485076-%D8%B9%D9%85%D9%84-%D8%AF%D8%B1%D8%A7%D8%B3%D8%A7%D8%AA-%D8%AA%D9%88%D8%B6%D9%8A%D8%AD%D9%8A%D8%A9%D8%A7%D8%B3%D9%83%D8%AA%D8%B4%D8%A7%D8%AA-%D9%84%D8%A7%D8%B8%D9%87%D8%A7%D8%B1-%D8%A7%D9%84%D9%81%D9%83%D8%B1%D8%A9-%D8%A8%D8%B4%D9%83%D9%84-%D8%AC%D9%8A%D8%AF,0.0,0,لم يحسب,0,0,$5.00,يوم واحد,0,2,70.0,.Nour G,https://khamsat.com/user/nourgohar20,False,بائع جديد,0.0,0,لم يحسب بعد,2,0,لم يحسب
هندسة وعمارة,https://khamsat.com/engineering,أخرى,https://khamsat.com/engineering/architectural-engineering-services,تصميم فراغ ثلاثى الابعاد يوضح تفاصيل المكان,https://khamsat.com/engineering/architectural-engineering-services/2032214-%D8%AA%D8%B5%D9%85%D9%8A%D9%85-%D9%81%D8%B1%D8%A7%D8%BA-%D8%AB%D9%84%D8%A7%D8%AB%D9%89-%D8%A7%D9%84%D8%A7%D8%A8%D8%B9%D8%A7%D8%AF-%D9%8A%D9%88%D8%B6%D8%AD-%D8%AA%D9%81%D8%A7%D8%B5%D9%8A%D9%84-%D8%A7%D9%84%D9%85%D9%83%D8%A7%D9%86,0.0,0,لم يحسب,0,0,$5.00,ثلاثة أيام,0,1,20.0,ايثار م.,https://khamsat.com/user/ethar_atef,False,بائع جديد,0.0,0,لم يحسب بعد,2,0,لم يحسب
هندسة وعمارة,https://khamsat.com/engineering,أخرى,https://khamsat.com/engineering/architectural-engineering-services,صمم منزلك علي الطراز الفرنسي رسم يدوي,https://khamsat.com/engineering/architectural-engineering-services/1842434-%D8%B5%D9%85%D9%85-%D9%85%D9%86%D8%B2%D9%84%D9%83-%D8%B9%D9%84%D9%8A-%D8%A7%D9%84%D8%B7%D8%B1%D8%A7%D8%B2-%D8%A7%D9%84%D9%81%D8%B1%D9%86%D8%B3%D9%8A-%D8%B1%D8%B3%D9%85-%D9%8A%D8%AF%D9%88%D9%8A,0.0,0,لم يحسب,0,0,$5.00,يوم واحد,0,2,80.0,.Hazem M,https://khamsat.com/user/hazem_268,True,بائع جديد,0.0,0,لم يحسب بعد,2,0,لم يحسب
هندسة وعمارة,https://khamsat.com/engineering,أخرى,https://khamsat.com/engineering/architectural-engineering-services,احصل علي تصميم ثلاثي الابعاد وعصري لحديقة منزلك,https://khamsat.com/engineering/architectural-engineering-services/1259507-%D8%A7%D8%AD%D8%B5%D9%84-%D8%B9%D9%84%D9%8A-%D8%AA%D8%B5%D9%85%D9%8A%D9%85-%D8%AB%D9%84%D8%A7%D8%AB%D9%8A-%D8%A7%D9%84%D8%A7%D8%A8%D8%B9%D8%A7%D8%AF-%D9%88%D8%B9%D8%B5%D8%B1%D9%8A-%D9%84%D8%AD%D8%AF%D9%8A%D9%82%D8%A9-%D9%85%D9%86%D8%B2%D9%84%D9%83,0.0,0,لم يحسب,0,0,$5.00,أسبوع,0,0,0.0,اسماعيل ص.,https://khamsat.com/user/ismail909,True,بائع جديد,0.0,0,لم يحسب بعد,3,0,لم يحسب
هندسة وعمارة,https://khamsat.com/engineering,أخرى,https://khamsat.com/engineering/architectural-engineering-services,تصميم ملفات dxf لليزر أو البلازما جاهزة للتقطيع,https://khamsat.com/engineering/architectural-engineering-services/2220349-%D8%AA%D8%B5%D9%85%D9%8A%D9%85-%D9%85%D9%84%D9%81%D8%A7%D8%AA-dxf-%D9%84%D9%84%D9%8A%D8%B2%D8%B1-%D8%A3%D9%88-%D8%A7%D9%84%D8%A8%D9%84%D8%A7%D8%B2%D9%85%D8%A7-%D8%AC%D8%A7%D9%87%D8%B2%D8%A9-%D9%84%D9%84%D8%AA%D9%82%D8%B7%D9%8A%D8%B9,0.0,0,4 ساعات,0,0,$10.00,ثلاثة أيام,0,0,0.0,.Mohamed G,https://khamsat.com/user/mohamed.ghed,False,بائع جديد,0.0,0,لم يحسب بعد,3,0,4 ساعات
هندسة وعمارة,https://khamsat.com/engineering,أخرى,https://khamsat.com/engineering/architectural-engineering-services,البرامج الزمنية بالبريمافيرا Primavera و MS Project,https://khamsat.com/engineering/architectural-engineering-services/2982787-%D8%A7%D9%84%D8%A8%D8%B1%D8%A7%D9%85%D8%AC-%D8%A7%D9%84%D8%B2%D9%85%D9%86%D9%8A%D8%A9-%D8%A8%D8%A7%D9%84%D8%A8%D8%B1%D9%8A%D9%85%D8%A7%D9%81%D9%8A%D8%B1%D8%A7-primavera-%D9%88-ms-project,0.0,0,لم يحسب,0,0,$5.00,يوم واحد,0,3,20.0,هيثم ا.,https://khamsat.com/user/graphiarch,True,بائع جديد,0.0,0,لم يحسب بعد,1,0,لم يحسب
هندسة وعمارة,https://khamsat.com/engineering,أخرى,https://khamsat.com/engineering/architectural-engineering-services,الرسم على برنامج الأوتوكاد,https://khamsat.com/engineering/architectural-engineering-services/2290783-%D8%A7%D9%84%D8%B1%D8%B3%D9%85-%D8%B9%D9%84%D9%89-%D8%A8%D8%B1%D9%86%D8%A7%D9%85%D8%AC-%D8%A7%D9%84%D8%A3%D9%88%D8%AA%D9%88%D9%83%D8%A7%D8%AF,0.0,0,لم يحسب,0,0,$5.00,أربعة أيام,0,0,0.0,.Qussai I,https://khamsat.com/user/bea-group,True,بائع جديد,0.0,0,لم يحسب بعد,2,0,لم يحسب
هندسة وعمارة,https://khamsat.com/engineering,أخرى,https://khamsat.com/engineering/architectural-engineering-services,تصميميات معمارية ولاندسكيب خارجية وداخلية,https://khamsat.com/engineering/architectural-engineering-services/1747438-%D8%AA%D8%B5%D9%85%D9%8A%D9%85%D9%8A%D8%A7%D8%AA-%D9%85%D8%B9%D9%85%D8%A7%D8%B1%D9%8A%D8%A9-%D9%88%D9%84%D8%A7%D9%86%D8%AF%D8%B3%D9%83%D9%8A%D8%A8-%D8%AE%D8%A7%D8%B1%D8%AC%D9%8A%D8%A9-%D9%88%D8%AF%D8%A7%D8%AE%D9%84%D9%8A%D8%A9,0.0,0,5 أيام,0,0,$5.00,يومين,0,4,350.0,رحمة أ.,https://khamsat.com/user/rahmaabozeinb1995,True,بائع جديد,0.0,0,لم يحسب بعد,2,0,يومين
هندسة وعمارة,https://khamsat.com/engineering,أخرى,https://khamsat.com/engineering/architectural-engineering-services,فرز الوحدات العقارية في المملكة العربية السعودية,https://khamsat.com/engineering/architectural-engineering-services/2857666-%D9%81%D8%B1%D8%B2-%D8%A7%D9%84%D9%88%D8%AD%D8%AF%D8%A7%D8%AA-%D8%A7%D9%84%D8%B9%D9%82%D8%A7%D8%B1%D9%8A%D8%A9-%D9%81%D9%8A-%D8%A7%D9%84%D9%85%D9%85%D9%84%D9%83%D8%A9-%D8%A7%D9%84%D8%B9%D8%B1%D8%A8%D9%8A%D8%A9-%D8%A7%D9%84%D8%B3%D8%B9%D9%88%D8%AF%D9%8A%D8%A9,0.0,0,لم يحسب,0,0,$10.00,ثلاثة أيام,0,5,200.0,مصطفى ر.,https://khamsat.com/user/moustafaramdan,True,بائع جديد,0.0,0,لم يحسب بعد,2,0,لم يحسب
هندسة وعمارة,https://khamsat.com/engineering,أخرى,https://khamsat.com/engineering/architectural-engineering-services,رسم كافة المشاريع المعماريه على برنامج الاوتوكاد,https://khamsat.com/engineering/architectural-engineering-services/2466492-%D8%B1%D8%B3%D9%85-%D9%83%D8%A7%D9%81%D8%A9-%D8%A7%D9%84%D9%85%D8%B4%D8%A7%D8%B1%D9%8A%D8%B9-%D8%A7%D9%84%D9%85%D8%B9%D9%85%D8%A7%D8%B1%D9%8A%D9%87-%D8%B9%D9%84%D9%89-%D8%A8%D8%B1%D9%86%D8%A7%D9%85%D8%AC-%D8%A7%D9%84%D8%A7%D9%88%D8%AA%D9%88%D9%83%D8%A7%D8%AF,0.0,0,لم يحسب,0,0,$5.00,يوم واحد,0,5,190.0,.Farahat M,https://khamsat.com/user/farh_mohammed,False,بائع جديد,0.0,0,لم يحسب بعد,1,0,لم يحسب
هندسة وعمارة,https://khamsat.com/engineering,أخرى,https://khamsat.com/engineering/architectural-engineering-services,تصميم لوحة دراسة موقع site analysis للطلبة,https://khamsat.com/engineering/architectural-engineering-services/2937885-%D8%AA%D8%B5%D9%85%D9%8A%D9%85-%D9%84%D9%88%D8%AD%D8%A9-%D8%AF%D8%B1%D8%A7%D8%B3%D8%A9-%D9%85%D9%88%D9%82%D8%B9-site-analysis-%D9%84%D9%84%D8%B7%D9%84%D8%A8%D8%A9,0.0,0,لم يحسب,0,0,$5.00,يوم واحد,0,0,0.0,شهد صلاح ع.,https://khamsat.com/user/shahdsalah,False,بائع جديد,0.0,0,لم يحسب بعد,3,0,لم يحسب
هندسة وعمارة,https://khamsat.com/engineering,أخرى,https://khamsat.com/engineering/architectural-engineering-services,5 متر مسطح تصميم داخلى او خارجى 3d,https://khamsat.com/engineering/architectural-engineering-services/1839309-5-%D9%85%D8%AA%D8%B1-%D9%85%D8%B3%D8%B7%D8%AD-%D8%AA%D8%B5%D9%85%D9%8A%D9%85-%D8%AF%D8%A7%D8%AE%D9%84%D9%89-%D8%A7%D9%88-%D8%AE%D8%A7%D8%B1%D8%AC%D9%89-3d,0.0,0,لم يحسب,0,0,$5.00,يومين,0,2,75.0,.Abdelaziz F,https://khamsat.com/user/aziz_foad,True,بائع نشيط,5.0,12,83.33%,7,17,9 ساعات
هندسة وعمارة,https://khamsat.com/engineering,تصميم إنشائي,https://khamsat.com/engineering/structural-design,التصميم الهندسي للأبنية البيتونية,https://khamsat.com/engineering/structural-design/1589112-%D8%A7%D9%84%D8%AA%D8%B5%D9%85%D9%8A%D9%85-%D8%A7%D9%84%D9%87%D9%86%D8%AF%D8%B3%D9%8A-%D9%84%D9%84%D8%A3%D8%A8%D9%86%D9%8A%D8%A9-%D8%A7%D9%84%D8%A8%D9%8A%D8%AA%D9%88%D9%86%D9%8A%D8%A9,5.0,7,5 ساعات,7,0,$5.00,أسبوع,7,5,300.0,.Ghinwa H,https://khamsat.com/user/ghinwa-hob,True,بائع نشيط,5.0,7,92.11%,3,7,4 أيام
هندسة وعمارة,https://khamsat.com/engineering,تصميم إنشائي,https://khamsat.com/engineering/structural-design,تصميم انشائي منشأت معدنيه,https://khamsat.com/engineering/structural-design/2846802-%D8%AA%D8%B5%D9%85%D9%8A%D9%85-%D8%A7%D9%86%D8%B4%D8%A7%D8%A6%D9%8A-%D9%85%D9%86%D8%B4%D8%A3%D8%AA-%D9%85%D8%B9%D8%AF%D9%86%D9%8A%D9%87,5.0,1,5 دقائق,1,0,$5.00,يومين,1,4,300.0,.Mohamed A,https://khamsat.com/user/mohamed_799,True,بائع جديد,5.0,1,100.0%,1,1,5 دقائق
هندسة وعمارة,https://khamsat.com/engineering,تصميم إنشائي,https://khamsat.com/engineering/structural-design,تصميم إنشائي ودراسة المنشآت المعدنية,https://khamsat.com/engineering/structural-design/3034932-%D8%AA%D8%B5%D9%85%D9%8A%D9%85-%D8%A5%D9%86%D8%B4%D8%A7%D8%A6%D9%8A-%D9%88%D8%AF%D8%B1%D8%A7%D8%B3%D8%A9-%D8%A7%D9%84%D9%85%D9%86%D8%B4%D8%A2%D8%AA-%D8%A7%D9%84%D9%85%D8%B9%D8%AF%D9%86%D9%8A%D8%A9,5.0,1,3 ساعات,1,0,$10.00,يومين,1,3,200.0,.Waleed S,https://khamsat.com/user/drengwaleed,True,بائع جديد,5.0,1,100.0%,2,1,3 ساعات
هندسة وعمارة,https://khamsat.com/engineering,تصميم إنشائي,https://khamsat.com/engineering/structural-design,تصميم جميع انواع المنشاءات الخرسانية والمعدنية,https://khamsat.com/engineering/structural-design/3000422-%D8%AA%D8%B5%D9%85%D9%8A%D9%85-%D8%AC%D9%85%D9%8A%D8%B9-%D8%A7%D9%86%D9%88%D8%A7%D8%B9-%D8%A7%D9%84%D9%85%D9%86%D8%B4%D8%A7%D8%A1%D8%A7%D8%AA-%D8%A7%D9%84%D8%AE%D8%B1%D8%B3%D8%A7%D9%86%D9%8A%D8%A9-%D9%88%D8%A7%D9%84%D9%85%D8%B9%D8%AF%D9%86%D9%8A%D8%A9,5.0,1,5 أيام,1,0,$5.00,أسبوع,1,2,120.0,.Yasser A,https://khamsat.com/user/yasser7anwar,True,بائع جديد,5.0,1,100.0%,2,1,5 أيام
هندسة وعمارة,https://khamsat.com/engineering,تصميم إنشائي,https://khamsat.com/engineering/structural-design,تصميم فلل معماري وانشائي مستغل ومميز,https://khamsat.com/engineering/structural-design/2583495-%D8%AA%D8%B5%D9%85%D9%8A%D9%85-%D9%81%D9%84%D9%84-%D9%85%D8%B9%D9%85%D8%A7%D8%B1%D9%8A-%D9%88%D8%A7%D9%86%D8%B4%D8%A7%D8%A6%D9%8A-%D9%85%D8%B3%D8%AA%D8%BA%D9%84-%D9%88%D9%85%D9%85%D9%8A%D8%B2,5.0,1,45 دقيقة,1,0,$5.00,أربعة أيام,1,3,275.0,سراج الدين ج.,https://khamsat.com/user/serajadeenjaber,True,بائع جديد,5.0,1,100.0%,2,1,45 دقيقة
هندسة وعمارة,https://khamsat.com/engineering,تصميم إنشائي,https://khamsat.com/engineering/structural-design,تصميم انشائي هندسي وحسابي لمنشات معدنية عبر Robot Structul,https://khamsat.com/engineering/structural-design/831364-%D8%AA%D8%B5%D9%85%D9%8A%D9%85-%D8%A7%D9%86%D8%B4%D8%A7%D8%A6%D9%8A-%D9%87%D9%86%D8%AF%D8%B3%D9%8A-%D9%88%D8%AD%D8%B3%D8%A7%D8%A8%D9%8A-%D9%84%D9%85%D9%86%D8%B4%D8%A7%D8%AA-%D9%85%D8%B9%D8%AF%D9%86%D9%8A%D8%A9-%D8%B9%D8%A8%D8%B1-robot-structul,5.0,9,11 ساعة,12,0,$5.00,ستة أيام,9,2,65.0,.Aymane H,https://khamsat.com/user/%D8%A3%D9%8A%D9%85%D9%86-aymane-hmme,True,بائع نشيط,5.0,9,100.0%,3,12,13 ساعة
هندسة وعمارة,https://khamsat.com/engineering,تصميم إنشائي,https://khamsat.com/engineering/structural-design,رسم المخططات التنفيذية للمشاريع الإنشائية,https://khamsat.com/engineering/structural-design/2297253-%D8%B1%D8%B3%D9%85-%D8%A7%D9%84%D9%85%D8%AE%D8%B7%D8%B7%D8%A7%D8%AA-%D8%A7%D9%84%D8%AA%D9%86%D9%81%D9%8A%D8%B0%D9%8A%D8%A9-%D9%84%D9%84%D9%85%D8%B4%D8%A7%D8%B1%D9%8A%D8%B9-%D8%A7%D9%84%D8%A5%D9%86%D8%B4%D8%A7%D8%A6%D9%8A%D8%A9,5.0,2,ساعتين,2,0,$20.00,يوم واحد,2,1,20.0,مهند ح.,https://khamsat.com/user/mohamad_4444,True,بائع نشيط,4.5,12,97.96%,6,12,6 ساعات
هندسة وعمارة,https://khamsat.com/engineering,تصميم إنشائي,https://khamsat.com/engineering/structural-design,تصميم وحساب ورسم المخططات الإنشائية AutoCAD,https://khamsat.com/engineering/structural-design/1048160-%D8%AA%D8%B5%D9%85%D9%8A%D9%85-%D9%88%D8%AD%D8%B3%D8%A7%D8%A8-%D9%88%D8%B1%D8%B3%D9%85-%D8%A7%D9%84%D9%85%D8%AE%D8%B7%D8%B7%D8%A7%D8%AA-%D8%A7%D9%84%D8%A5%D9%86%D8%B4%D8%A7%D8%A6%D9%8A%D8%A9-autocad,5.0,24,ساعة,31,0,$25.00,ثلاثة أيام,24,5,140.0,سليمان ك.,https://khamsat.com/user/slmo,True,بائع موثوق,4.5,204,97.19%,7,248,ساعتين
هندسة وعمارة,https://khamsat.com/engineering,تصميم إنشائي,https://khamsat.com/engineering/structural-design,مجموعة أدوات excel مفيدة لتصميم المنشآت الخرسانية,https://khamsat.com/engineering/structural-design/3018799-%D9%85%D8%AC%D9%85%D9%88%D8%B9%D8%A9-%D8%A3%D8%AF%D9%88%D8%A7%D8%AA-excel-%D9%85%D9%81%D9%8A%D8%AF%D8%A9-%D9%84%D8%AA%D8%B5%D9%85%D9%8A%D9%85-%D8%A7%D9%84%D9%85%D9%86%D8%B4%D8%A2%D8%AA-%D8%A7%D9%84%D8%AE%D8%B1%D8%B3%D8%A7%D9%86%D9%8A%D8%A9,5.0,1,لم يحسب,1,0,$5.00,ثلاثة أيام,1,0,0.0,.Mahmoud A,https://khamsat.com/user/mahabdelhay,True,بائع جديد,5.0,2,100.0%,4,2,37 دقيقة
هندسة وعمارة,https://khamsat.com/engineering,تصميم إنشائي,https://khamsat.com/engineering/structural-design,شرح كورس برنامج Robot Structural وتحليل العناصر الانشائية,https://khamsat.com/engineering/structural-design/2948127-%D8%B4%D8%B1%D8%AD-%D9%83%D9%88%D8%B1%D8%B3-%D8%A8%D8%B1%D9%86%D8%A7%D9%85%D8%AC-robot-structural-%D9%88%D8%AA%D8%AD%D9%84%D9%8A%D9%84-%D8%A7%D9%84%D8%B9%D9%86%D8%A7%D8%B5%D8%B1-%D8%A7%D9%84%D8%A7%D9%86%D8%B4%D8%A7%D8%A6%D9%8A%D8%A9,5.0,1,ساعتين,1,0,$10.00,ثلاثة أيام,1,2,115.0,شريف ا.,https://khamsat.com/user/shreef_000,True,بائع نشيط,5.0,12,100.0%,8,16,ساعة
هندسة وعمارة,https://khamsat.com/engineering,تصميم إنشائي,https://khamsat.com/engineering/structural-design,تصميم انشائي، ونمذجة المنشآت المعدنية ستيل steel strucures,https://khamsat.com/engineering/structural-design/2908951-%D8%AA%D8%B5%D9%85%D9%8A%D9%85-%D8%A7%D9%86%D8%B4%D8%A7%D8%A6%D9%8A-%D9%88%D9%86%D9%85%D8%B0%D8%AC%D8%A9-%D8%A7%D9%84%D9%85%D9%86%D8%B4%D8%A2%D8%AA-%D8%A7%D9%84%D9%85%D8%B9%D8%AF%D9%86%D9%8A%D8%A9-%D8%B3%D8%AA%D9%8A%D9%84-steel-strucures,4.5,3,ساعة,4,0,$5.00,ثلاثة أيام,3,4,155.0,.Ahmed M,https://khamsat.com/user/ahmedmagdymelegy,True,بائع نشيط,4.5,11,78.57%,5,5,يوم
هندسة وعمارة,https://khamsat.com/engineering,تصميم إنشائي,https://khamsat.com/engineering/structural-design,تصميم انشائي بالكود المصري او السعودي,https://khamsat.com/engineering/structural-design/2715761-%D8%AA%D8%B5%D9%85%D9%8A%D9%85-%D8%A7%D9%86%D8%B4%D8%A7%D8%A6%D9%8A-%D8%A8%D8%A7%D9%84%D9%83%D9%88%D8%AF-%D8%A7%D9%84%D9%85%D8%B5%D8%B1%D9%8A-%D8%A7%D9%88-%D8%A7%D9%84%D8%B3%D8%B9%D9%88%D8%AF%D9%8A,5.0,1,4 ساعات,1,0,$5.00,يوم واحد,1,5,170.0,.Reham E,https://khamsat.com/user/eng_rehamelmekawy,True,بائع جديد,5.0,3,100.0%,4,3,3 ساعات
هندسة وعمارة,https://khamsat.com/engineering,تصميم إنشائي,https://khamsat.com/engineering/structural-design,التصميم الانشائي لاي مبني وتجهيز اللوحات التنفيذية,https://khamsat.com/engineering/structural-design/1227884-%D8%A7%D9%84%D8%AA%D8%B5%D9%85%D9%8A%D9%85-%D8%A7%D9%84%D8%A7%D9%86%D8%B4%D8%A7%D8%A6%D9%8A-%D9%84%D8%A7%D9%8A-%D9%85%D8%A8%D9%86%D9%8A-%D9%88%D8%AA%D8%AC%D9%87%D9%8A%D8%B2-%D8%A7%D9%84%D9%84%D9%88%D8%AD%D8%A7%D8%AA-%D8%A7%D9%84%D8%AA%D9%86%D9%81%D9%8A%D8%B0%D9%8A%D8%A9,5.0,23,دقيقتين,24,0,$5.00,أربعة أيام,23,0,0.0,.Mina B,https://khamsat.com/user/mina_boules1,True,بائع نشيط,5.0,30,92.16%,4,28,ساعة
هندسة وعمارة,https://khamsat.com/engineering,تصميم إنشائي,https://khamsat.com/engineering/structural-design,رسم مخططات انشائية ومعمارية 2d على برنامج اتوكاد,https://khamsat.com/engineering/structural-design/1881250-%D8%B1%D8%B3%D9%85-%D9%85%D8%AE%D8%B7%D8%B7%D8%A7%D8%AA-%D8%A7%D9%86%D8%B4%D8%A7%D8%A6%D9%8A%D8%A9-%D9%88%D9%85%D8%B9%D9%85%D8%A7%D8%B1%D9%8A%D8%A9-2d-%D8%B9%D9%84%D9%89-%D8%A8%D8%B1%D9%86%D8%A7%D9%85%D8%AC-%D8%A7%D8%AA%D9%88%D9%83%D8%A7%D8%AF,5.0,3,8 دقائق,4,0,$10.00,يومين,3,1,10.0,.Mohammad Jamel N,https://khamsat.com/user/jamel_na,True,بائع نشيط,5.0,5,100.0%,2,6,56 دقيقة
هندسة وعمارة,https://khamsat.com/engineering,تصميم إنشائي,https://khamsat.com/engineering/structural-design,تخطيط البرنامج الزمني التفصيلي للمشروعات الأنشائية ومتعلقاته,https://khamsat.com/engineering/structural-design/1233407-%D8%AA%D8%AE%D8%B7%D9%8A%D8%B7-%D8%A7%D9%84%D8%A8%D8%B1%D9%86%D8%A7%D9%85%D8%AC-%D8%A7%D9%84%D8%B2%D9%85%D9%86%D9%8A-%D8%A7%D9%84%D8%AA%D9%81%D8%B5%D9%8A%D9%84%D9%8A-%D9%84%D9%84%D9%85%D8%B4%D8%B1%D9%88%D8%B9%D8%A7%D8%AA-%D8%A7%D9%84%D8%A3%D9%86%D8%B4%D8%A7%D8%A6%D9%8A%D8%A9-%D9%88%D9%85%D8%AA%D8%B9%D9%84%D9%82%D8%A7%D8%AA%D9%87,5.0,1,4 ساعات,2,0,$10.00,يومين,1,4,115.0,.Ahmed A,https://khamsat.com/user/ahmed-abdel-kader,True,مشتري مميز,5.0,1,100.0%,1,2,4 ساعات
هندسة وعمارة,https://khamsat.com/engineering,تصميم إنشائي,https://khamsat.com/engineering/structural-design,تصميم المنشآت المعدنية للمستودعات والمصانع والجراجات,https://khamsat.com/engineering/structural-design/1460590-%D8%AA%D8%B5%D9%85%D9%8A%D9%85-%D8%A7%D9%84%D9%85%D9%86%D8%B4%D8%A2%D8%AA-%D8%A7%D9%84%D9%85%D8%B9%D8%AF%D9%86%D9%8A%D8%A9-%D9%84%D9%84%D9%85%D8%B3%D8%AA%D9%88%D8%AF%D8%B9%D8%A7%D8%AA-%D9%88%D8%A7%D9%84%D9%85%D8%B5%D8%A7%D9%86%D8%B9-%D9%88%D8%A7%D9%84%D8%AC%D8%B1%D8%A7%D8%AC%D8%A7%D8%AA,5.0,5,24 دقيقة,6,0,$30.00,أسبوع,5,4,405.0,.Amr E,https://khamsat.com/user/%D8%B9%D9%85%D8%B1%D9%88-%D8%A7%D9%84%D8%B3%D9%88%D9%8A%D8%B1%D9%83%D9%8A,True,بائع مميز,4.5,51,90.37%,11,64,ساعتين
هندسة وعمارة,https://khamsat.com/engineering,تصميم إنشائي,https://khamsat.com/engineering/structural-design,التصميم الانشائي للمباني وعمل اللوحات التنفيذية,https://khamsat.com/engineering/structural-design/1879699-%D8%A7%D9%84%D8%AA%D8%B5%D9%85%D9%8A%D9%85-%D8%A7%D9%84%D8%A7%D9%86%D8%B4%D8%A7%D8%A6%D9%8A-%D9%84%D9%84%D9%85%D8%A8%D8%A7%D9%86%D9%8A-%D9%88%D8%B9%D9%85%D9%84-%D8%A7%D9%84%D9%84%D9%88%D8%AD%D8%A7%D8%AA-%D8%A7%D9%84%D8%AA%D9%86%D9%81%D9%8A%D8%B0%D9%8A%D8%A9,4.5,12,دقيقتين,14,0,$5.00,يومين,12,4,205.0,محمد أ.,https://khamsat.com/user/mohammed_samy_s,True,بائع مميز,4.5,20,90.24%,2,24,8 دقائق
هندسة وعمارة,https://khamsat.com/engineering,تصميم إنشائي,https://khamsat.com/engineering/structural-design,تصميم انشائي متكامل للمشروع,https://khamsat.com/engineering/structural-design/2916037-%D8%AA%D8%B5%D9%85%D9%8A%D9%85-%D8%A7%D9%86%D8%B4%D8%A7%D8%A6%D9%8A-%D9%85%D8%AA%D9%83%D8%A7%D9%85%D9%84-%D9%84%D9%84%D9%85%D8%B4%D8%B1%D9%88%D8%B9,5.0,1,17 ساعة,1,0,$5.00,خمسة أيام,1,3,215.0,عبدالعليم ا.,https://khamsat.com/user/abdulalim1,True,بائع جديد,5.0,2,100.0%,2,2,10 ساعات
هندسة وعمارة,https://khamsat.com/engineering,تصميم إنشائي,https://khamsat.com/engineering/structural-design,تصميم وتحليل كافة الأعمال الهندسية بواسطة البرامج الأنشائية,https://khamsat.com/engineering/structural-design/1424580-%D8%AA%D8%B5%D9%85%D9%8A%D9%85-%D9%88%D8%AA%D8%AD%D9%84%D9%8A%D9%84-%D9%83%D8%A7%D9%81%D8%A9-%D8%A7%D9%84%D8%A3%D8%B9%D9%85%D8%A7%D9%84-%D8%A7%D9%84%D9%87%D9%86%D8%AF%D8%B3%D9%8A%D8%A9-%D8%A8%D9%88%D8%A7%D8%B3%D8%B7%D8%A9-%D8%A7%D9%84%D8%A8%D8%B1%D8%A7%D9%85%D8%AC-%D8%A7%D9%84%D8%A3%D9%86%D8%B4%D8%A7%D8%A6%D9%8A%D8%A9,5.0,2,5 ساعات,3,0,$5.00,يومين,2,5,180.0,.Ahmed A,https://khamsat.com/user/ahmedanwerfares,True,بائع مميز,4.5,31,87.4%,3,34,ساعتين
هندسة وعمارة,https://khamsat.com/engineering,تصميم إنشائي,https://khamsat.com/engineering/structural-design,تصميم انشائي لكفاة المنشئات الخرسانية,https://khamsat.com/engineering/structural-design/1460625-%D8%AA%D8%B5%D9%85%D9%8A%D9%85-%D8%A7%D9%86%D8%B4%D8%A7%D8%A6%D9%8A-%D9%84%D9%83%D9%81%D8%A7%D8%A9-%D8%A7%D9%84%D9%85%D9%86%D8%B4%D8%A6%D8%A7%D8%AA-%D8%A7%D9%84%D8%AE%D8%B1%D8%B3%D8%A7%D9%86%D9%8A%D8%A9,5.0,2,3 دقائق,2,0,$30.00,خمسة أيام,2,5,385.0,.Amr E,https://khamsat.com/user/%D8%B9%D9%85%D8%B1%D9%88-%D8%A7%D9%84%D8%B3%D9%88%D9%8A%D8%B1%D9%83%D9%8A,True,بائع مميز,4.5,51,90.37%,11,64,ساعتين
هندسة وعمارة,https://khamsat.com/engineering,تصميم إنشائي,https://khamsat.com/engineering/structural-design,تخطيط وتنظيم عمراني وتصميم وتخطيط المشاريع والمدن الضخمة,https://khamsat.com/engineering/structural-design/1673251-%D8%AA%D8%AE%D8%B7%D9%8A%D8%B7-%D9%88%D8%AA%D9%86%D8%B8%D9%8A%D9%85-%D8%B9%D9%85%D8%B1%D8%A7%D9%86%D9%8A-%D9%88%D8%AA%D8%B5%D9%85%D9%8A%D9%85-%D9%88%D8%AA%D8%AE%D8%B7%D9%8A%D8%B7-%D8%A7%D9%84%D9%85%D8%B4%D8%A7%D8%B1%D9%8A%D8%B9-%D9%88%D8%A7%D9%84%D9%85%D8%AF%D9%86-%D8%A7%D9%84%D8%B6%D8%AE%D9%85%D8%A9,5.0,7,دقيقتين,6,0,$5.00,أسبوع,7,2,110.0,.Yamen A,https://khamsat.com/user/archyamenali98,True,بائع نشيط,5.0,17,93.1%,4,9,يوم
هندسة وعمارة,https://khamsat.com/engineering,تصميم إنشائي,https://khamsat.com/engineering/structural-design,النمذجة باستخدام برنامج ETABS,https://khamsat.com/engineering/structural-design/1648888-%D8%A7%D9%84%D9%86%D9%85%D8%B0%D8%AC%D8%A9-%D8%A8%D8%A7%D8%B3%D8%AA%D8%AE%D8%AF%D8%A7%D9%85-%D8%A8%D8%B1%D9%86%D8%A7%D9%85%D8%AC-etabs,5.0,3,7 ساعات,3,1,$5.00,يوم واحد,3,1,100.0,نقاء ق.,https://khamsat.com/user/naqa,True,بائع نشيط,5.0,5,87.5%,4,6,5 ساعات
هندسة وعمارة,https://khamsat.com/engineering,تصميم إنشائي,https://khamsat.com/engineering/structural-design,تصميم مخططات انشائية تنفيذية بكلفة اقتصادية,https://khamsat.com/engineering/structural-design/1673788-%D8%AA%D8%B5%D9%85%D9%8A%D9%85-%D9%85%D8%AE%D8%B7%D8%B7%D8%A7%D8%AA-%D8%A7%D9%86%D8%B4%D8%A7%D8%A6%D9%8A%D8%A9-%D8%AA%D9%86%D9%81%D9%8A%D8%B0%D9%8A%D8%A9-%D8%A8%D9%83%D9%84%D9%81%D8%A9-%D8%A7%D9%82%D8%AA%D8%B5%D8%A7%D8%AF%D9%8A%D8%A9,4.5,10,يومين,10,0,$5.00,ثلاثة أيام,10,3,170.0,.Ali S,https://khamsat.com/user/salamoon,True,بائع مميز,4.5,104,86.7%,13,139,7 ساعات
هندسة وعمارة,https://khamsat.com/engineering,تصميم إنشائي,https://khamsat.com/engineering/structural-design,عمل جميع المخططات المعمارية و الإنشائية,https://khamsat.com/engineering/structural-design/661206-%D8%B9%D9%85%D9%84-%D8%AC%D9%85%D9%8A%D8%B9-%D8%A7%D9%84%D9%85%D8%AE%D8%B7%D8%B7%D8%A7%D8%AA-%D8%A7%D9%84%D9%85%D8%B9%D9%85%D8%A7%D8%B1%D9%8A%D8%A9-%D9%88-%D8%A7%D9%84%D8%A5%D9%86%D8%B4%D8%A7%D8%A6%D9%8A%D8%A9,5.0,2,ساعة,3,0,$10.00,أسبوع,2,2,15.0,سامية ب.,https://khamsat.com/user/%D8%B3%D8%A7%D9%85%D9%8A%D8%A9-%D8%A8%D9%88%D9%86%D8%A7%D8%A8,True,بائع نشيط,5.0,16,70.77%,4,15,يومين
هندسة وعمارة,https://khamsat.com/engineering,تصميم إنشائي,https://khamsat.com/engineering/structural-design,مراجعة ومقارنة اللوحات المعمارية والإنشائية لكل لوحة خدمة,https://khamsat.com/engineering/structural-design/1952700-%D9%85%D8%B1%D8%A7%D8%AC%D8%B9%D8%A9-%D9%88%D9%85%D9%82%D8%A7%D8%B1%D9%86%D8%A9-%D8%A7%D9%84%D9%84%D9%88%D8%AD%D8%A7%D8%AA-%D8%A7%D9%84%D9%85%D8%B9%D9%85%D8%A7%D8%B1%D9%8A%D8%A9-%D9%88%D8%A7%D9%84%D8%A5%D9%86%D8%B4%D8%A7%D8%A6%D9%8A%D8%A9-%D9%84%D9%83%D9%84-%D9%84%D9%88%D8%AD%D8%A9-%D8%AE%D8%AF%D9%85%D8%A9,5.0,5,7 ساعات,8,0,$15.00,يوم واحد,5,0,0.0,محمد م.,https://khamsat.com/user/%D8%A7%D9%84%D9%82%D8%A7%D8%B6%D9%8A-%D8%A7%D9%84%D9%81%D8%A7%D8%B6%D9%84,True,بائع مميز,5.0,159,93.84%,19,199,3 ساعات
هندسة وعمارة,https://khamsat.com/engineering,تصميم إنشائي,https://khamsat.com/engineering/structural-design,تصميم انشائي للمنشآت المعدنية( هنجر معدني ) بالكود السعودي,https://khamsat.com/engineering/structural-design/2191549-%D8%AA%D8%B5%D9%85%D9%8A%D9%85-%D8%A7%D9%86%D8%B4%D8%A7%D8%A6%D9%8A-%D9%84%D9%84%D9%85%D9%86%D8%B4%D8%A2%D8%AA-%D8%A7%D9%84%D9%85%D8%B9%D8%AF%D9%86%D9%8A%D8%A9-%D9%87%D9%86%D8%AC%D8%B1-%D9%85%D8%B9%D8%AF%D9%86%D9%8A-%D8%A8%D8%A7%D9%84%D9%83%D9%88%D8%AF-%D8%A7%D9%84%D8%B3%D8%B9%D9%88%D8%AF%D9%8A,5.0,1,7 ساعات,1,0,$5.00,خمسة أيام,1,3,225.0,.Amjad A,https://khamsat.com/user/amjad262,True,بائع جديد,5.0,1,100.0%,4,1,يوم
هندسة وعمارة,https://khamsat.com/engineering,تصميم إنشائي,https://khamsat.com/engineering/structural-design,دراسة وتصميم الهياكل والمنشآت المعدنية مع جميع الرسومات,https://khamsat.com/engineering/structural-design/2272498-%D8%AF%D8%B1%D8%A7%D8%B3%D8%A9-%D9%88%D8%AA%D8%B5%D9%85%D9%8A%D9%85-%D8%A7%D9%84%D9%87%D9%8A%D8%A7%D9%83%D9%84-%D9%88%D8%A7%D9%84%D9%85%D9%86%D8%B4%D8%A2%D8%AA-%D8%A7%D9%84%D9%85%D8%B9%D8%AF%D9%86%D9%8A%D8%A9-%D9%85%D8%B9-%D8%AC%D9%85%D9%8A%D8%B9-%D8%A7%D9%84%D8%B1%D8%B3%D9%88%D9%85%D8%A7%D8%AA,0.0,0,ساعتين,2,0,$5.00,يومين,0,1,50.0,.Lahoucine A,https://khamsat.com/user/almouch97,True,بائع نشيط,3.5,3,56.52%,3,4,6 ساعات
هندسة وعمارة,https://khamsat.com/engineering,تصميم إنشائي,https://khamsat.com/engineering/structural-design,تصميمات إنشائية للمنشآت الخرسانية,https://khamsat.com/engineering/structural-design/2421062-%D8%AA%D8%B5%D9%85%D9%8A%D9%85%D8%A7%D8%AA-%D8%A5%D9%86%D8%B4%D8%A7%D8%A6%D9%8A%D8%A9-%D9%84%D9%84%D9%85%D9%86%D8%B4%D8%A2%D8%AA-%D8%A7%D9%84%D8%AE%D8%B1%D8%B3%D8%A7%D9%86%D9%8A%D8%A9,0.0,0,4 ساعات,1,0,$5.00,أربعة أيام,0,0,0.0,جمال ب.,https://khamsat.com/user/bouchareb1,True,بائع جديد,0.0,0,100.0%,5,1,ساعة
هندسة وعمارة,https://khamsat.com/engineering,تصميم إنشائي,https://khamsat.com/engineering/structural-design,تصميم إنشائي لجميع العناص الخرسانية,https://khamsat.com/engineering/structural-design/2992451-%D8%AA%D8%B5%D9%85%D9%8A%D9%85-%D8%A5%D9%86%D8%B4%D8%A7%D8%A6%D9%8A-%D9%84%D8%AC%D9%85%D9%8A%D8%B9-%D8%A7%D9%84%D8%B9%D9%86%D8%A7%D8%B5-%D8%A7%D9%84%D8%AE%D8%B1%D8%B3%D8%A7%D9%86%D9%8A%D8%A9,5.0,1,دقيقتين,1,0,$10.00,يومين,1,3,40.0,يونس ا.,https://khamsat.com/user/younisrajehalshami,True,بائع نشيط,5.0,7,100.0%,5,7,3 دقائق
هندسة وعمارة,https://khamsat.com/engineering,تصميم إنشائي,https://khamsat.com/engineering/structural-design,التحليل الانشائي علي البرامج الهندسية ايتابس سيف ساب وغيرها,https://khamsat.com/engineering/structural-design/2366738-%D8%A7%D9%84%D8%AA%D8%AD%D9%84%D9%8A%D9%84-%D8%A7%D9%84%D8%A7%D9%86%D8%B4%D8%A7%D8%A6%D9%8A-%D8%B9%D9%84%D9%8A-%D8%A7%D9%84%D8%A8%D8%B1%D8%A7%D9%85%D8%AC-%D8%A7%D9%84%D9%87%D9%86%D8%AF%D8%B3%D9%8A%D8%A9-%D8%A7%D9%8A%D8%AA%D8%A7%D8%A8%D8%B3-%D8%B3%D9%8A%D9%81-%D8%B3%D8%A7%D8%A8-%D9%88%D8%BA%D9%8A%D8%B1%D9%87%D8%A7,3.5,1,13 ساعة,1,0,$5.00,يوم واحد,1,1,35.0,.Hossam F,https://khamsat.com/user/stru,True,بائع نشيط,5.0,8,95.65%,5,18,6 ساعات
هندسة وعمارة,https://khamsat.com/engineering,حساب كميات الإنشاءات,https://khamsat.com/engineering/quantity-surveying,حساب كميات بنود الأعمال لمنزلك ومقارنتها مع كميات المقاول,https://khamsat.com/engineering/quantity-surveying/1361905-%D8%AD%D8%B3%D8%A7%D8%A8-%D9%83%D9%85%D9%8A%D8%A7%D8%AA-%D8%A8%D9%86%D9%88%D8%AF-%D8%A7%D9%84%D8%A3%D8%B9%D9%85%D8%A7%D9%84-%D9%84%D9%85%D9%86%D8%B2%D9%84%D9%83-%D9%88%D9%85%D9%82%D8%A7%D8%B1%D9%86%D8%AA%D9%87%D8%A7-%D9%85%D8%B9-%D9%83%D9%85%D9%8A%D8%A7%D8%AA-%D8%A7%D9%84%D9%85%D9%82%D8%A7%D9%88%D9%84,5.0,10,ساعة,13,0,$10.00,يومين,10,5,170.0,.Mohamed B,https://khamsat.com/user/modimaicon,True,بائع نشيط,5.0,15,93.02%,4,18,58 دقيقة
هندسة وعمارة,https://khamsat.com/engineering,حساب كميات الإنشاءات,https://khamsat.com/engineering/quantity-surveying,إعداد جداول تقطيع حديد التسليح بكفاءة عالية ودون هدر,https://khamsat.com/engineering/quantity-surveying/2917506-%D8%A5%D8%B9%D8%AF%D8%A7%D8%AF-%D8%AC%D8%AF%D8%A7%D9%88%D9%84-%D8%AA%D9%82%D8%B7%D9%8A%D8%B9-%D8%AD%D8%AF%D9%8A%D8%AF-%D8%A7%D9%84%D8%AA%D8%B3%D9%84%D9%8A%D8%AD-%D8%A8%D9%83%D9%81%D8%A7%D8%A1%D8%A9-%D8%B9%D8%A7%D9%84%D9%8A%D8%A9-%D9%88%D8%AF%D9%88%D9%86-%D9%87%D8%AF%D8%B1,4.5,2,3 دقائق,2,0,$5.00,يوم واحد,2,4,120.0,محمد ا.,https://khamsat.com/user/elbushra_mohamed,True,بائع جديد,4.5,4,43.75%,2,3,7 دقائق
هندسة وعمارة,https://khamsat.com/engineering,حساب كميات الإنشاءات,https://khamsat.com/engineering/quantity-surveying,حساب وحصر الكميات مع التسعير لمشاريع البناء المختلفة,https://khamsat.com/engineering/quantity-surveying/1503773-%D8%AD%D8%B3%D8%A7%D8%A8-%D9%88%D8%AD%D8%B5%D8%B1-%D8%A7%D9%84%D9%83%D9%85%D9%8A%D8%A7%D8%AA-%D9%85%D8%B9-%D8%A7%D9%84%D8%AA%D8%B3%D8%B9%D9%8A%D8%B1-%D9%84%D9%85%D8%B4%D8%A7%D8%B1%D9%8A%D8%B9-%D8%A7%D9%84%D8%A8%D9%86%D8%A7%D8%A1-%D8%A7%D9%84%D9%85%D8%AE%D8%AA%D9%84%D9%81%D8%A9,5.0,10,ساعة,19,0,$5.00,أسبوع,10,4,205.0,محمد ا.,https://khamsat.com/user/mohammedalkhedraa,True,بائع مميز,5.0,15,92.08%,9,28,3 ساعات
هندسة وعمارة,https://khamsat.com/engineering,حساب كميات الإنشاءات,https://khamsat.com/engineering/quantity-surveying,حساب كميات معمارية وإنشائية,https://khamsat.com/engineering/quantity-surveying/2626571-%D8%AD%D8%B3%D8%A7%D8%A8-%D9%83%D9%85%D9%8A%D8%A7%D8%AA-%D9%85%D8%B9%D9%85%D8%A7%D8%B1%D9%8A%D8%A9-%D9%88%D8%A5%D9%86%D8%B4%D8%A7%D8%A6%D9%8A%D8%A9,5.0,7,دقيقتين,7,0,$5.00,يوم واحد,7,1,15.0,محمد ع.,https://khamsat.com/user/mabduljaleel29,True,بائع نشيط,5.0,16,97.92%,4,14,3 دقائق
هندسة وعمارة,https://khamsat.com/engineering,حساب كميات الإنشاءات,https://khamsat.com/engineering/quantity-surveying,حساب الكميات الاحترافي للمشاريع,https://khamsat.com/engineering/quantity-surveying/3030449-%D8%AD%D8%B3%D8%A7%D8%A8-%D8%A7%D9%84%D9%83%D9%85%D9%8A%D8%A7%D8%AA-%D8%A7%D9%84%D8%A7%D8%AD%D8%AA%D8%B1%D8%A7%D9%81%D9%8A-%D9%84%D9%84%D9%85%D8%B4%D8%A7%D8%B1%D9%8A%D8%B9,5.0,2,يوم,2,0,$10.00,يومين,2,5,125.0,محمد ا.,https://khamsat.com/user/lumberjack,True,بائع مميز,5.0,95,92.57%,4,102,15 ساعة
هندسة وعمارة,https://khamsat.com/engineering,حساب كميات الإنشاءات,https://khamsat.com/engineering/quantity-surveying,اعداد جداول حساب كميات للعناصر الانشائية والمعمارية,https://khamsat.com/engineering/quantity-surveying/2078480-%D8%A7%D8%B9%D8%AF%D8%A7%D8%AF-%D8%AC%D8%AF%D8%A7%D9%88%D9%84-%D8%AD%D8%B3%D8%A7%D8%A8-%D9%83%D9%85%D9%8A%D8%A7%D8%AA-%D9%84%D9%84%D8%B9%D9%86%D8%A7%D8%B5%D8%B1-%D8%A7%D9%84%D8%A7%D9%86%D8%B4%D8%A7%D8%A6%D9%8A%D8%A9-%D9%88%D8%A7%D9%84%D9%85%D8%B9%D9%85%D8%A7%D8%B1%D9%8A%D8%A9,5.0,29,9 دقائق,34,1,$5.00,ثلاثة أيام,25,5,400.0,.Abdelkhaleq S,https://khamsat.com/user/abd_elkhaleq,True,بائع مميز,5.0,108,97.8%,3,130,7 دقائق
هندسة وعمارة,https://khamsat.com/engineering,حساب كميات الإنشاءات,https://khamsat.com/engineering/quantity-surveying,حساب كميات للعظم والتشطيبات,https://khamsat.com/engineering/quantity-surveying/2676811-%D8%AD%D8%B3%D8%A7%D8%A8-%D9%83%D9%85%D9%8A%D8%A7%D8%AA-%D9%84%D9%84%D8%B9%D8%B8%D9%85-%D9%88%D8%A7%D9%84%D8%AA%D8%B4%D8%B7%D9%8A%D8%A8%D8%A7%D8%AA,4.5,5,22 دقيقة,6,0,$5.00,يومين,5,5,235.0,.Safwan A,https://khamsat.com/user/safwanalglal,True,بائع جديد,4.5,5,69.23%,4,6,16 دقيقة
هندسة وعمارة,https://khamsat.com/engineering,حساب كميات الإنشاءات,https://khamsat.com/engineering/quantity-surveying,حساب كميات دقيقة وتفصيلية للمشاريع والمنازل والفيلا,https://khamsat.com/engineering/quantity-surveying/2068970-%D8%AD%D8%B3%D8%A7%D8%A8-%D9%83%D9%85%D9%8A%D8%A7%D8%AA-%D8%AF%D9%82%D9%8A%D9%82%D8%A9-%D9%88%D8%AA%D9%81%D8%B5%D9%8A%D9%84%D9%8A%D8%A9-%D9%84%D9%84%D9%85%D8%B4%D8%A7%D8%B1%D9%8A%D8%B9-%D9%88%D8%A7%D9%84%D9%85%D9%86%D8%A7%D8%B2%D9%84-%D9%88%D8%A7%D9%84%D9%81%D9%8A%D9%84%D8%A7,5.0,97,ساعة,127,2,$10.00,ثلاثة أيام,25,5,150.0,هيثم ش.,https://khamsat.com/user/haithem_shadad,True,بائع مميز,5.0,109,98.96%,3,133,3 ساعات
هندسة وعمارة,https://khamsat.com/engineering,حساب كميات الإنشاءات,https://khamsat.com/engineering/quantity-surveying,حساب كميات العظم و التشطيبات بشكل دقيق و مفصل,https://khamsat.com/engineering/quantity-surveying/2050431-%D8%AD%D8%B3%D8%A7%D8%A8-%D9%83%D9%85%D9%8A%D8%A7%D8%AA-%D8%A7%D9%84%D8%B9%D8%B8%D9%85-%D9%88-%D8%A7%D9%84%D8%AA%D8%B4%D8%B7%D9%8A%D8%A8%D8%A7%D8%AA-%D8%A8%D8%B4%D9%83%D9%84-%D8%AF%D9%82%D9%8A%D9%82-%D9%88-%D9%85%D9%81%D8%B5%D9%84,5.0,16,5 ساعات,21,0,$5.00,أربعة أيام,16,5,185.0,.Husam M,https://khamsat.com/user/husammuneer,True,بائع مميز,5.0,29,90.48%,3,29,3 ساعات
هندسة وعمارة,https://khamsat.com/engineering,حساب كميات الإنشاءات,https://khamsat.com/engineering/quantity-surveying,حساب/حصر الكميات والمواد لمشاريع البناء المتنوعة (Full BOM),https://khamsat.com/engineering/quantity-surveying/2483496-%D8%AD%D8%B3%D8%A7%D8%A8%D8%AD%D8%B5%D8%B1-%D8%A7%D9%84%D9%83%D9%85%D9%8A%D8%A7%D8%AA-%D9%88%D8%A7%D9%84%D9%85%D9%88%D8%A7%D8%AF-%D9%84%D9%85%D8%B4%D8%A7%D8%B1%D9%8A%D8%B9-%D8%A7%D9%84%D8%A8%D9%86%D8%A7%D8%A1-%D8%A7%D9%84%D9%85%D8%AA%D9%86%D9%88%D8%B9%D8%A9-full-bom,5.0,5,32 دقيقة,6,0,$5.00,يومين,5,5,100.0,.Ahmed A,https://khamsat.com/user/ahmedanwerfares,True,بائع مميز,4.5,31,87.4%,3,34,ساعتين
هندسة وعمارة,https://khamsat.com/engineering,حساب كميات الإنشاءات,https://khamsat.com/engineering/quantity-surveying,حساب الكميات وعمل مقايسه متكامله,https://khamsat.com/engineering/quantity-surveying/2453781-%D8%AD%D8%B3%D8%A7%D8%A8-%D8%A7%D9%84%D9%83%D9%85%D9%8A%D8%A7%D8%AA-%D9%88%D8%B9%D9%85%D9%84-%D9%85%D9%82%D8%A7%D9%8A%D8%B3%D9%87-%D9%85%D8%AA%D9%83%D8%A7%D9%85%D9%84%D9%87,5.0,2,13 ساعة,2,0,$10.00,يومين,2,2,50.0,محمد ع.,https://khamsat.com/user/civilarch94,True,بائع نشيط,5.0,3,87.5%,3,5,5 ساعات
هندسة وعمارة,https://khamsat.com/engineering,حساب كميات الإنشاءات,https://khamsat.com/engineering/quantity-surveying,تصميم أنشائي - شوب دروينج وتفريد حديد - جداول كميات وحصر,https://khamsat.com/engineering/quantity-surveying/1404837-%D8%AA%D8%B5%D9%85%D9%8A%D9%85-%D8%A3%D9%86%D8%B4%D8%A7%D8%A6%D9%8A-%D8%B4%D9%88%D8%A8-%D8%AF%D8%B1%D9%88%D9%8A%D9%86%D8%AC-%D9%88%D8%AA%D9%81%D8%B1%D9%8A%D8%AF-%D8%AD%D8%AF%D9%8A%D8%AF-%D8%AC%D8%AF%D8%A7%D9%88%D9%84-%D9%83%D9%85%D9%8A%D8%A7%D8%AA-%D9%88%D8%AD%D8%B5%D8%B1,5.0,6,5 ساعات,5,0,$5.00,يومين,6,5,65.0,.Mohamed H,https://khamsat.com/user/sorouhcons,True,بائع نشيط,5.0,9,100.0%,2,10,7 ساعات
هندسة وعمارة,https://khamsat.com/engineering,حساب كميات الإنشاءات,https://khamsat.com/engineering/quantity-surveying,REVIT STRUCTURE خدمه الرسم وحصر الكميات,https://khamsat.com/engineering/quantity-surveying/2525719-revit-structure-%D8%AE%D8%AF%D9%85%D9%87-%D8%A7%D9%84%D8%B1%D8%B3%D9%85-%D9%88%D8%AD%D8%B5%D8%B1-%D8%A7%D9%84%D9%83%D9%85%D9%8A%D8%A7%D8%AA,5.0,7,دقيقة,8,0,$25.00,ثلاثة أيام,7,1,10.0,احمد ي.,https://khamsat.com/user/ahmedyaser1011,True,بائع نشيط,5.0,11,96.0%,10,11,ساعة
هندسة وعمارة,https://khamsat.com/engineering,حساب كميات الإنشاءات,https://khamsat.com/engineering/quantity-surveying,حصر كميات الحديد والخرسانات بالتفصيل,https://khamsat.com/engineering/quantity-surveying/2437963-%D8%AD%D8%B5%D8%B1-%D9%83%D9%85%D9%8A%D8%A7%D8%AA-%D8%A7%D9%84%D8%AD%D8%AF%D9%8A%D8%AF-%D9%88%D8%A7%D9%84%D8%AE%D8%B1%D8%B3%D8%A7%D9%86%D8%A7%D8%AA-%D8%A8%D8%A7%D9%84%D8%AA%D9%81%D8%B5%D9%8A%D9%84,5.0,7,12 دقيقة,8,0,$5.00,يومين,7,1,10.0,.Khaled A,https://khamsat.com/user/khaledsaber4494,True,بائع مميز,5.0,32,84.0%,8,36,4 ساعات
هندسة وعمارة,https://khamsat.com/engineering,حساب كميات الإنشاءات,https://khamsat.com/engineering/quantity-surveying,حساب كميات حديد التسليح و الخرسانة لدور كامل.,https://khamsat.com/engineering/quantity-surveying/1658829-%D8%AD%D8%B3%D8%A7%D8%A8-%D9%83%D9%85%D9%8A%D8%A7%D8%AA-%D8%AD%D8%AF%D9%8A%D8%AF-%D8%A7%D9%84%D8%AA%D8%B3%D9%84%D9%8A%D8%AD-%D9%88-%D8%A7%D9%84%D8%AE%D8%B1%D8%B3%D8%A7%D9%86%D8%A9-%D9%84%D8%AF%D9%88%D8%B1-%D9%83%D8%A7%D9%85%D9%84,5.0,5,12 دقيقة,5,0,$5.00,يوم واحد,5,3,65.0,.Mohamed A,https://khamsat.com/user/mohammedsafwat_73,True,بائع نشيط,5.0,5,100.0%,1,5,12 دقيقة
هندسة وعمارة,https://khamsat.com/engineering,حساب كميات الإنشاءات,https://khamsat.com/engineering/quantity-surveying,حساب كميات الخرسانه والحديد والبلوك في السعودية,https://khamsat.com/engineering/quantity-surveying/2763518-%D8%AD%D8%B3%D8%A7%D8%A8-%D9%83%D9%85%D9%8A%D8%A7%D8%AA-%D8%A7%D9%84%D8%AE%D8%B1%D8%B3%D8%A7%D9%86%D9%87-%D9%88%D8%A7%D9%84%D8%AD%D8%AF%D9%8A%D8%AF-%D9%88%D8%A7%D9%84%D8%A8%D9%84%D9%88%D9%83-%D9%81%D9%8A-%D8%A7%D9%84%D8%B3%D8%B9%D9%88%D8%AF%D9%8A%D8%A9,0.0,0,10 ساعات,1,0,$5.00,يوم واحد,0,1,50.0,.Hossam F,https://khamsat.com/user/stru,True,بائع نشيط,5.0,8,95.65%,5,18,6 ساعات
هندسة وعمارة,https://khamsat.com/engineering,حساب كميات الإنشاءات,https://khamsat.com/engineering/quantity-surveying,حساب كميات للمشاريع و المباني بانواعها,https://khamsat.com/engineering/quantity-surveying/2216614-%D8%AD%D8%B3%D8%A7%D8%A8-%D9%83%D9%85%D9%8A%D8%A7%D8%AA-%D9%84%D9%84%D9%85%D8%B4%D8%A7%D8%B1%D9%8A%D8%B9-%D9%88-%D8%A7%D9%84%D9%85%D8%A8%D8%A7%D9%86%D9%8A-%D8%A8%D8%A7%D9%86%D9%88%D8%A7%D8%B9%D9%87%D8%A7,4.5,8,14 دقيقة,11,0,$5.00,يومين,8,4,150.0,محمد أ.,https://khamsat.com/user/mohammed_samy_s,True,بائع مميز,4.5,20,90.24%,2,24,8 دقائق
هندسة وعمارة,https://khamsat.com/engineering,حساب كميات الإنشاءات,https://khamsat.com/engineering/quantity-surveying,حصر خرسانات على برنامج الريفيت,https://khamsat.com/engineering/quantity-surveying/3005242-%D8%AD%D8%B5%D8%B1-%D8%AE%D8%B1%D8%B3%D8%A7%D9%86%D8%A7%D8%AA-%D8%B9%D9%84%D9%89-%D8%A8%D8%B1%D9%86%D8%A7%D9%85%D8%AC-%D8%A7%D9%84%D8%B1%D9%8A%D9%81%D9%8A%D8%AA,0.0,0,لم يحسب,1,0,$10.00,يوم واحد,0,1,10.0,يونس ا.,https://khamsat.com/user/younisrajehalshami,True,بائع نشيط,5.0,7,100.0%,5,7,3 دقائق
هندسة وعمارة,https://khamsat.com/engineering,حساب كميات الإنشاءات,https://khamsat.com/engineering/quantity-surveying,حساب كميات كافة بنود الأعمال الإنشائية,https://khamsat.com/engineering/quantity-surveying/2912083-%D8%AD%D8%B3%D8%A7%D8%A8-%D9%83%D9%85%D9%8A%D8%A7%D8%AA-%D9%83%D8%A7%D9%81%D8%A9-%D8%A8%D9%86%D9%88%D8%AF-%D8%A7%D9%84%D8%A3%D8%B9%D9%85%D8%A7%D9%84-%D8%A7%D9%84%D8%A5%D9%86%D8%B4%D8%A7%D8%A6%D9%8A%D8%A9,5.0,1,3 ساعات,1,0,$10.00,يومين,1,2,30.0,عبدالعليم ا.,https://khamsat.com/user/abdulalim1,True,بائع جديد,5.0,2,100.0%,2,2,10 ساعات
هندسة وعمارة,https://khamsat.com/engineering,حساب كميات الإنشاءات,https://khamsat.com/engineering/quantity-surveying,لوحات تنفيذية للبلاط والسيراميك مع حصر الكمية للدور الواحد,https://khamsat.com/engineering/quantity-surveying/2751271-%D9%84%D9%88%D8%AD%D8%A7%D8%AA-%D8%AA%D9%86%D9%81%D9%8A%D8%B0%D9%8A%D8%A9-%D9%84%D9%84%D8%A8%D9%84%D8%A7%D8%B7-%D9%88%D8%A7%D9%84%D8%B3%D9%8A%D8%B1%D8%A7%D9%85%D9%8A%D9%83-%D9%85%D8%B9-%D8%AD%D8%B5%D8%B1-%D8%A7%D9%84%D9%83%D9%85%D9%8A%D8%A9-%D9%84%D9%84%D8%AF%D9%88%D8%B1-%D8%A7%D9%84%D9%88%D8%A7%D8%AD%D8%AF,5.0,2,أقل من دقيقة,3,0,$25.00,يوم واحد,2,0,0.0,محمد م.,https://khamsat.com/user/%D8%A7%D9%84%D9%82%D8%A7%D8%B6%D9%8A-%D8%A7%D9%84%D9%81%D8%A7%D8%B6%D9%84,True,بائع مميز,5.0,159,93.84%,19,199,3 ساعات
هندسة وعمارة,https://khamsat.com/engineering,حساب كميات الإنشاءات,https://khamsat.com/engineering/quantity-surveying,حصر بنود الاعمال وحساب الكميات والتكلفة وعمل جدول زمني (100 م2 ),https://khamsat.com/engineering/quantity-surveying/836760-%D8%AD%D8%B5%D8%B1-%D8%A8%D9%86%D9%88%D8%AF-%D8%A7%D9%84%D8%A7%D8%B9%D9%85%D8%A7%D9%84-%D9%88%D8%AD%D8%B3%D8%A7%D8%A8-%D8%A7%D9%84%D9%83%D9%85%D9%8A%D8%A7%D8%AA-%D9%88%D8%A7%D9%84%D8%AA%D9%83%D9%84%D9%81%D8%A9-%D9%88%D8%B9%D9%85%D9%84-%D8%AC%D8%AF%D9%88%D9%84-%D8%B2%D9%85%D9%86%D9%8A-100-%D9%852,5.0,14,8 ساعات,21,0,$5.00,يومين,14,3,330.0,محمد م.,https://khamsat.com/user/%D8%A7%D9%84%D9%82%D8%A7%D8%B6%D9%8A-%D8%A7%D9%84%D9%81%D8%A7%D8%B6%D9%84,True,بائع مميز,5.0,159,93.84%,19,199,3 ساعات
هندسة وعمارة,https://khamsat.com/engineering,حساب كميات الإنشاءات,https://khamsat.com/engineering/quantity-surveying,حساب كميات الاعمال الانشائية,https://khamsat.com/engineering/quantity-surveying/2756148-%D8%AD%D8%B3%D8%A7%D8%A8-%D9%83%D9%85%D9%8A%D8%A7%D8%AA-%D8%A7%D9%84%D8%A7%D8%B9%D9%85%D8%A7%D9%84-%D8%A7%D9%84%D8%A7%D9%86%D8%B4%D8%A7%D8%A6%D9%8A%D8%A9,0.0,0,13 دقيقة,1,0,$5.00,يومين,0,5,150.0,.Sameh A,https://khamsat.com/user/sameh_mikhail2,True,بائع جديد,0.0,0,100.0%,3,1,13 دقيقة
هندسة وعمارة,https://khamsat.com/engineering,حساب كميات الإنشاءات,https://khamsat.com/engineering/quantity-surveying,اعداد التكاليف و اعمال الحصر للمشروعات الانشائيه,https://khamsat.com/engineering/quantity-surveying/2244281-%D8%A7%D8%B9%D8%AF%D8%A7%D8%AF-%D8%A7%D9%84%D8%AA%D9%83%D8%A7%D9%84%D9%8A%D9%81-%D9%88-%D8%A7%D8%B9%D9%85%D8%A7%D9%84-%D8%A7%D9%84%D8%AD%D8%B5%D8%B1-%D9%84%D9%84%D9%85%D8%B4%D8%B1%D9%88%D8%B9%D8%A7%D8%AA-%D8%A7%D9%84%D8%A7%D9%86%D8%B4%D8%A7%D8%A6%D9%8A%D9%87,0.0,0,17 ساعة,1,0,$10.00,خمسة أيام,0,1,10.0,.Yomna A,https://khamsat.com/user/yomna_tarawi,True,بائع مميز,4.5,19,96.1%,4,23,8 ساعات
هندسة وعمارة,https://khamsat.com/engineering,حساب كميات الإنشاءات,https://khamsat.com/engineering/quantity-surveying,حساب كميات للمشاريع الهندسية,https://khamsat.com/engineering/quantity-surveying/1580534-%D8%AD%D8%B3%D8%A7%D8%A8-%D9%83%D9%85%D9%8A%D8%A7%D8%AA-%D9%84%D9%84%D9%85%D8%B4%D8%A7%D8%B1%D9%8A%D8%B9-%D8%A7%D9%84%D9%87%D9%86%D8%AF%D8%B3%D9%8A%D8%A9,5.0,1,25 دقيقة,1,0,$5.00,يوم واحد,1,2,50.0,احمد ا.,https://khamsat.com/user/ahmedabuzbaida,True,بائع جديد,5.0,1,100.0%,5,1,12 ساعة
هندسة وعمارة,https://khamsat.com/engineering,حساب كميات الإنشاءات,https://khamsat.com/engineering/quantity-surveying,حساب كميات للبنود المعمارية للمباني والفلل والمدارس,https://khamsat.com/engineering/quantity-surveying/3041020-%D8%AD%D8%B3%D8%A7%D8%A8-%D9%83%D9%85%D9%8A%D8%A7%D8%AA-%D9%84%D9%84%D8%A8%D9%86%D9%88%D8%AF-%D8%A7%D9%84%D9%85%D8%B9%D9%85%D8%A7%D8%B1%D9%8A%D8%A9-%D9%84%D9%84%D9%85%D8%A8%D8%A7%D9%86%D9%8A-%D9%88%D8%A7%D9%84%D9%81%D9%84%D9%84-%D9%88%D8%A7%D9%84%D9%85%D8%AF%D8%A7%D8%B1%D8%B3,0.0,0,لم يحسب,0,0,$5.00,ثلاثة أيام,0,4,35.0,.Abdulkareem A,https://khamsat.com/user/engr_kareem,False,بائع جديد,0.0,0,لم يحسب بعد,1,0,لم يحسب
هندسة وعمارة,https://khamsat.com/engineering,حساب كميات الإنشاءات,https://khamsat.com/engineering/quantity-surveying,تقدير تكاليف مشاريع البناء و رسم لوحات و إعداد تقارير,https://khamsat.com/engineering/quantity-surveying/3030420-%D8%AA%D9%82%D8%AF%D9%8A%D8%B1-%D8%AA%D9%83%D8%A7%D9%84%D9%8A%D9%81-%D9%85%D8%B4%D8%A7%D8%B1%D9%8A%D8%B9-%D8%A7%D9%84%D8%A8%D9%86%D8%A7%D8%A1-%D9%88-%D8%B1%D8%B3%D9%85-%D9%84%D9%88%D8%AD%D8%A7%D8%AA-%D9%88-%D8%A5%D8%B9%D8%AF%D8%A7%D8%AF-%D8%AA%D9%82%D8%A7%D8%B1%D9%8A%D8%B1,0.0,0,لم يحسب,0,0,$5.00,يوم واحد,0,1,5.0,أحمد ج.,https://khamsat.com/user/ahmed_gomaa10,True,بائع جديد,0.0,0,لم يحسب بعد,1,0,لم يحسب
هندسة وعمارة,https://khamsat.com/engineering,حساب كميات الإنشاءات,https://khamsat.com/engineering/quantity-surveying,حصر كميات Quantity Surveying,https://khamsat.com/engineering/quantity-surveying/3030097-%D8%AD%D8%B5%D8%B1-%D9%83%D9%85%D9%8A%D8%A7%D8%AA-quantity-surveying,0.0,0,لم يحسب,0,0,$5.00,يوم واحد,0,0,0.0,.Walid W,https://khamsat.com/user/walid_wael,True,بائع جديد,0.0,0,لم يحسب بعد,4,0,لم يحسب
هندسة وعمارة,https://khamsat.com/engineering,حساب كميات الإنشاءات,https://khamsat.com/engineering/quantity-surveying,حساب كميات العظم والتشطيبات بدقة عالية - وخدمات هندسية,https://khamsat.com/engineering/quantity-surveying/3052686-%D8%AD%D8%B3%D8%A7%D8%A8-%D9%83%D9%85%D9%8A%D8%A7%D8%AA-%D8%A7%D9%84%D8%B9%D8%B8%D9%85-%D9%88%D8%A7%D9%84%D8%AA%D8%B4%D8%B7%D9%8A%D8%A8%D8%A7%D8%AA-%D8%A8%D8%AF%D9%82%D8%A9-%D8%B9%D8%A7%D9%84%D9%8A%D8%A9-%D9%88%D8%AE%D8%AF%D9%85%D8%A7%D8%AA-%D9%87%D9%86%D8%AF%D8%B3%D9%8A%D8%A9,0.0,0,لم يحسب,0,0,$10.00,يومين,0,0,0.0,محمد ع.,https://khamsat.com/user/eng_mno,True,بائع جديد,0.0,0,لم يحسب بعد,2,0,لم يحسب
هندسة وعمارة,https://khamsat.com/engineering,حساب كميات الإنشاءات,https://khamsat.com/engineering/quantity-surveying,حساب كميات المنشات و التشطيبات,https://khamsat.com/engineering/quantity-surveying/3037485-%D8%AD%D8%B3%D8%A7%D8%A8-%D9%83%D9%85%D9%8A%D8%A7%D8%AA-%D8%A7%D9%84%D9%85%D9%86%D8%B4%D8%A7%D8%AA-%D9%88-%D8%A7%D9%84%D8%AA%D8%B4%D8%B7%D9%8A%D8%A8%D8%A7%D8%AA,0.0,0,لم يحسب,0,0,$5.00,يومين,0,1,10.0,.Fady D,https://khamsat.com/user/fady_danial,True,بائع جديد,0.0,0,لم يحسب بعد,1,0,لم يحسب
هندسة وعمارة,https://khamsat.com/engineering,حساب كميات الإنشاءات,https://khamsat.com/engineering/quantity-surveying,حساب كميات دقيقة وتفصيلية للمشاريع والمنازل والفيلا,https://khamsat.com/engineering/quantity-surveying/3046410-%D8%AD%D8%B3%D8%A7%D8%A8-%D9%83%D9%85%D9%8A%D8%A7%D8%AA-%D8%AF%D9%82%D9%8A%D9%82%D8%A9-%D9%88%D8%AA%D9%81%D8%B5%D9%8A%D9%84%D9%8A%D8%A9-%D9%84%D9%84%D9%85%D8%B4%D8%A7%D8%B1%D9%8A%D8%B9-%D9%88%D8%A7%D9%84%D9%85%D9%86%D8%A7%D8%B2%D9%84-%D9%88%D8%A7%D9%84%D9%81%D9%8A%D9%84%D8%A7,0.0,0,لم يحسب,0,0,$5.00,يومين,0,5,150.0,محمد ش.,https://khamsat.com/user/mohammedshadad,True,بائع جديد,0.0,0,لم يحسب بعد,2,0,لم يحسب
هندسة وعمارة,https://khamsat.com/engineering,تصميم المخططات الكهربائية,https://khamsat.com/engineering/electrical-diagrams-design,تصميم الانارة ودراسات كهربائية,https://khamsat.com/engineering/electrical-diagrams-design/1531331-%D8%AA%D8%B5%D9%85%D9%8A%D9%85-%D8%A7%D9%84%D8%A7%D9%86%D8%A7%D8%B1%D8%A9-%D9%88%D8%AF%D8%B1%D8%A7%D8%B3%D8%A7%D8%AA-%D9%83%D9%87%D8%B1%D8%A8%D8%A7%D8%A6%D9%8A%D8%A9,4.5,25,17 ساعة,43,0,$25.00,يوم واحد,25,1,100.0,.Ali S,https://khamsat.com/user/salamoon,True,بائع مميز,4.5,104,86.7%,13,139,7 ساعات
هندسة وعمارة,https://khamsat.com/engineering,تصميم المخططات الكهربائية,https://khamsat.com/engineering/electrical-diagrams-design,تصميم توزيع كهربائي لأي مُنشأة,https://khamsat.com/engineering/electrical-diagrams-design/1455858-%D8%AA%D8%B5%D9%85%D9%8A%D9%85-%D8%AA%D9%88%D8%B2%D9%8A%D8%B9-%D9%83%D9%87%D8%B1%D8%A8%D8%A7%D8%A6%D9%8A-%D9%84%D8%A3%D9%8A-%D9%85%D9%86%D8%B4%D8%A3%D8%A9,5.0,27,14 دقيقة,44,0,$5.00,خمسة أيام,25,5,365.0,محمد ح.,https://khamsat.com/user/mo_ahmede19,True,بائع مميز,5.0,31,96.0%,2,51,ساعة
هندسة وعمارة,https://khamsat.com/engineering,تصميم المخططات الكهربائية,https://khamsat.com/engineering/electrical-diagrams-design,عمل رسومات شوب درونج للأعمال الكهربائية 150 متر مسطح مقابل 5 دولار,https://khamsat.com/engineering/electrical-diagrams-design/879430-%D8%B9%D9%85%D9%84-%D8%B1%D8%B3%D9%88%D9%85%D8%A7%D8%AA-%D8%B4%D9%88%D8%A8-%D8%AF%D8%B1%D9%88%D9%86%D8%AC-%D9%84%D9%84%D8%A3%D8%B9%D9%85%D8%A7%D9%84-%D8%A7%D9%84%D9%83%D9%87%D8%B1%D8%A8%D8%A7%D8%A6%D9%8A%D8%A9-150-%D9%85%D8%AA%D8%B1-%D9%85%D8%B3%D8%B7%D8%AD-%D9%85%D9%82%D8%A7%D8%A8%D9%84-5-%D8%AF%D9%88%D9%84%D8%A7%D8%B1,5.0,10,9 ساعات,21,0,$5.00,أربعة أيام,10,5,290.0,احمد ع.,https://khamsat.com/user/elbasha-ahmed,True,بائع مميز,5.0,65,99.15%,4,98,3 ساعات
هندسة وعمارة,https://khamsat.com/engineering,تصميم المخططات الكهربائية,https://khamsat.com/engineering/electrical-diagrams-design,دراسة إحترافية للإضاءة الكهربائية باستخدام برنامج DIALUX,https://khamsat.com/engineering/electrical-diagrams-design/1919882-%D8%AF%D8%B1%D8%A7%D8%B3%D8%A9-%D8%A5%D8%AD%D8%AA%D8%B1%D8%A7%D9%81%D9%8A%D8%A9-%D9%84%D9%84%D8%A5%D8%B6%D8%A7%D8%A1%D8%A9-%D8%A7%D9%84%D9%83%D9%87%D8%B1%D8%A8%D8%A7%D8%A6%D9%8A%D8%A9-%D8%A8%D8%A7%D8%B3%D8%AA%D8%AE%D8%AF%D8%A7%D9%85-%D8%A8%D8%B1%D9%86%D8%A7%D9%85%D8%AC-dialux,5.0,2,22 دقيقة,3,0,$5.00,يوم واحد,2,1,20.0,علاء ب.,https://khamsat.com/user/alaa_badroune,True,بائع مميز,4.5,14,90.65%,3,20,ساعة
هندسة وعمارة,https://khamsat.com/engineering,تصميم المخططات الكهربائية,https://khamsat.com/engineering/electrical-diagrams-design,رسم مخططات الكهرباء والتحكم والإتصالات AutoCAD,https://khamsat.com/engineering/electrical-diagrams-design/1048175-%D8%B1%D8%B3%D9%85-%D9%85%D8%AE%D8%B7%D8%B7%D8%A7%D8%AA-%D8%A7%D9%84%D9%83%D9%87%D8%B1%D8%A8%D8%A7%D8%A1-%D9%88%D8%A7%D9%84%D8%AA%D8%AD%D9%83%D9%85-%D9%88%D8%A7%D9%84%D8%A5%D8%AA%D8%B5%D8%A7%D9%84%D8%A7%D8%AA-autocad,5.0,9,34 دقيقة,18,0,$25.00,ثلاثة أيام,9,5,140.0,سليمان ك.,https://khamsat.com/user/slmo,True,بائع موثوق,4.5,204,97.19%,7,248,ساعتين
هندسة وعمارة,https://khamsat.com/engineering,تصميم المخططات الكهربائية,https://khamsat.com/engineering/electrical-diagrams-design,تصميم محطات الطاقة الشمسية,https://khamsat.com/engineering/electrical-diagrams-design/2389072-%D8%AA%D8%B5%D9%85%D9%8A%D9%85-%D9%85%D8%AD%D8%B7%D8%A7%D8%AA-%D8%A7%D9%84%D8%B7%D8%A7%D9%82%D8%A9-%D8%A7%D9%84%D8%B4%D9%85%D8%B3%D9%8A%D8%A9,4.5,2,40 دقيقة,3,0,$10.00,يوم واحد,2,5,190.0,محمود ج.,https://khamsat.com/user/%D9%85%D8%AD%D9%85%D9%88%D8%AF-%D8%AC%D9%85%D8%A7%D9%84-%D9%85%D8%AD%D9%85%D8%AF,True,بائع جديد,4.5,2,85.71%,2,3,ساعة
هندسة وعمارة,https://khamsat.com/engineering,تصميم المخططات الكهربائية,https://khamsat.com/engineering/electrical-diagrams-design,تصميم مخططات كهربائية احترافية للمباني والمشاريع,https://khamsat.com/engineering/electrical-diagrams-design/3001502-%D8%AA%D8%B5%D9%85%D9%8A%D9%85-%D9%85%D8%AE%D8%B7%D8%B7%D8%A7%D8%AA-%D9%83%D9%87%D8%B1%D8%A8%D8%A7%D8%A6%D9%8A%D8%A9-%D8%A7%D8%AD%D8%AA%D8%B1%D8%A7%D9%81%D9%8A%D8%A9-%D9%84%D9%84%D9%85%D8%A8%D8%A7%D9%86%D9%8A-%D9%88%D8%A7%D9%84%D9%85%D8%B4%D8%A7%D8%B1%D9%8A%D8%B9,4.5,1,5 ساعات,2,0,$10.00,ستة أيام,1,2,30.0,.Ahmed R,https://khamsat.com/user/ahmedrefat77,True,بائع جديد,4.5,1,100.0%,4,2,5 ساعات
هندسة وعمارة,https://khamsat.com/engineering,تصميم المخططات الكهربائية,https://khamsat.com/engineering/electrical-diagrams-design,تصميم نظام توزيع كهربي كامل لأي منشأة,https://khamsat.com/engineering/electrical-diagrams-design/1542056-%D8%AA%D8%B5%D9%85%D9%8A%D9%85-%D9%86%D8%B8%D8%A7%D9%85-%D8%AA%D9%88%D8%B2%D9%8A%D8%B9-%D9%83%D9%87%D8%B1%D8%A8%D9%8A-%D9%83%D8%A7%D9%85%D9%84-%D9%84%D8%A3%D9%8A-%D9%85%D9%86%D8%B4%D8%A3%D8%A9,5.0,5,3 ساعات,6,0,$5.00,يومين,5,3,110.0,.Ahmed O,https://khamsat.com/user/ahmedosama15,True,بائع جديد,5.0,7,81.82%,3,8,4 ساعات
هندسة وعمارة,https://khamsat.com/engineering,تصميم المخططات الكهربائية,https://khamsat.com/engineering/electrical-diagrams-design,لوحات كهرباء تصميم وتنفيذ,https://khamsat.com/engineering/electrical-diagrams-design/2814618-%D9%84%D9%88%D8%AD%D8%A7%D8%AA-%D9%83%D9%87%D8%B1%D8%A8%D8%A7%D8%A1-%D8%AA%D8%B5%D9%85%D9%8A%D9%85-%D9%88%D8%AA%D9%86%D9%81%D9%8A%D8%B0,5.0,1,ساعة,1,0,$10.00,يومين,1,2,15.0,.Azza I,https://khamsat.com/user/azza-abou-donia,True,بائع نشيط,4.5,19,89.36%,4,22,3 ساعات
هندسة وعمارة,https://khamsat.com/engineering,تصميم المخططات الكهربائية,https://khamsat.com/engineering/electrical-diagrams-design,اعداد وتصميم الدراسات الكهربية ورسم المخططات AUTOCAD,https://khamsat.com/engineering/electrical-diagrams-design/3035879-%D8%A7%D8%B9%D8%AF%D8%A7%D8%AF-%D9%88%D8%AA%D8%B5%D9%85%D9%8A%D9%85-%D8%A7%D9%84%D8%AF%D8%B1%D8%A7%D8%B3%D8%A7%D8%AA-%D8%A7%D9%84%D9%83%D9%87%D8%B1%D8%A8%D9%8A%D8%A9-%D9%88%D8%B1%D8%B3%D9%85-%D8%A7%D9%84%D9%85%D8%AE%D8%B7%D8%B7%D8%A7%D8%AA-autocad,0.0,0,لم يحسب,0,0,$5.00,ثلاثة أيام,0,5,175.0,.Abdulrhman A,https://khamsat.com/user/abdelrhmanahmed11,False,بائع جديد,0.0,0,لم يحسب بعد,1,0,لم يحسب
هندسة وعمارة,https://khamsat.com/engineering,تصميم المخططات الكهربائية,https://khamsat.com/engineering/electrical-diagrams-design,تصميم المخططات الكهربائية و مخططات التيار لكل المنشات,https://khamsat.com/engineering/electrical-diagrams-design/2986348-%D8%AA%D8%B5%D9%85%D9%8A%D9%85-%D8%A7%D9%84%D9%85%D8%AE%D8%B7%D8%B7%D8%A7%D8%AA-%D8%A7%D9%84%D9%83%D9%87%D8%B1%D8%A8%D8%A7%D8%A6%D9%8A%D8%A9-%D9%88-%D9%85%D8%AE%D8%B7%D8%B7%D8%A7%D8%AA-%D8%A7%D9%84%D8%AA%D9%8A%D8%A7%D8%B1-%D9%84%D9%83%D9%84-%D8%A7%D9%84%D9%85%D9%86%D8%B4%D8%A7%D8%AA,0.0,0,لم يحسب,0,0,$5.00,ثلاثة أيام,0,0,0.0,.Mohamed A,https://khamsat.com/user/mohamed_2544,True,بائع جديد,0.0,0,لم يحسب بعد,2,0,لم يحسب
هندسة وعمارة,https://khamsat.com/engineering,تصميم المخططات الكهربائية,https://khamsat.com/engineering/electrical-diagrams-design,تصميم الانظمة الكهربائية للمخططات الانشائية,https://khamsat.com/engineering/electrical-diagrams-design/3032440-%D8%AA%D8%B5%D9%85%D9%8A%D9%85-%D8%A7%D9%84%D8%A7%D9%86%D8%B8%D9%85%D8%A9-%D8%A7%D9%84%D9%83%D9%87%D8%B1%D8%A8%D8%A7%D8%A6%D9%8A%D8%A9-%D9%84%D9%84%D9%85%D8%AE%D8%B7%D8%B7%D8%A7%D8%AA-%D8%A7%D9%84%D8%A7%D9%86%D8%B4%D8%A7%D8%A6%D9%8A%D8%A9,0.0,0,لم يحسب,0,0,$5.00,يوم واحد,0,4,45.0,مريم ط.,https://khamsat.com/user/engineermariam90,False,بائع جديد,0.0,0,لم يحسب بعد,1,0,لم يحسب
هندسة وعمارة,https://khamsat.com/engineering,تصميم المخططات الكهربائية,https://khamsat.com/engineering/electrical-diagrams-design,عمل دوائر تحكم منطقي علي اجهزه PLC من شركه SCHNEIDER,https://khamsat.com/engineering/electrical-diagrams-design/2807522-%D8%B9%D9%85%D9%84-%D8%AF%D9%88%D8%A7%D8%A6%D8%B1-%D8%AA%D8%AD%D9%83%D9%85-%D9%85%D9%86%D8%B7%D9%82%D9%8A-%D8%B9%D9%84%D9%8A-%D8%A7%D8%AC%D9%87%D8%B2%D9%87-plc-%D9%85%D9%86-%D8%B4%D8%B1%D9%83%D9%87-schneider,5.0,1,21 دقيقة,1,0,$10.00,يوم واحد,1,2,30.0,.Abdalrhman W,https://khamsat.com/user/abdalrhmanwalid12,True,بائع جديد,5.0,1,100.0%,1,1,21 دقيقة
هندسة وعمارة,https://khamsat.com/engineering,تصميم المخططات الكهربائية,https://khamsat.com/engineering/electrical-diagrams-design,إعداد وتصميم الدراسات الكهربائية ورسم مخططات AutoCAD,https://khamsat.com/engineering/electrical-diagrams-design/2137517-%D8%A5%D8%B9%D8%AF%D8%A7%D8%AF-%D9%88%D8%AA%D8%B5%D9%85%D9%8A%D9%85-%D8%A7%D9%84%D8%AF%D8%B1%D8%A7%D8%B3%D8%A7%D8%AA-%D8%A7%D9%84%D9%83%D9%87%D8%B1%D8%A8%D8%A7%D8%A6%D9%8A%D8%A9-%D9%88%D8%B1%D8%B3%D9%85-%D9%85%D8%AE%D8%B7%D8%B7%D8%A7%D8%AA-autocad,5.0,9,يوم,17,1,$5.00,يوم واحد,9,5,375.0,.Omran S,https://khamsat.com/user/omran_shkair,True,بائع مميز,5.0,28,97.92%,3,40,12 ساعة
هندسة وعمارة,https://khamsat.com/engineering,تصميم المخططات الكهربائية,https://khamsat.com/engineering/electrical-diagrams-design,تصميم و توزيع المخططات الكهربائية و توزيع الإضاءة في المباني,https://khamsat.com/engineering/electrical-diagrams-design/3049926-%D8%AA%D8%B5%D9%85%D9%8A%D9%85-%D9%88-%D8%AA%D9%88%D8%B2%D9%8A%D8%B9-%D8%A7%D9%84%D9%85%D8%AE%D8%B7%D8%B7%D8%A7%D8%AA-%D8%A7%D9%84%D9%83%D9%87%D8%B1%D8%A8%D8%A7%D8%A6%D9%8A%D8%A9-%D9%88-%D8%AA%D9%88%D8%B2%D9%8A%D8%B9-%D8%A7%D9%84%D8%A5%D8%B6%D8%A7%D8%A1%D8%A9-%D9%81%D9%8A-%D8%A7%D9%84%D9%85%D8%A8%D8%A7%D9%86%D9%8A,0.0,0,لم يحسب,0,0,$5.00,يومين,0,0,0.0,.Dina M,https://khamsat.com/user/mdina28,False,بائع جديد,0.0,0,لم يحسب بعد,1,0,لم يحسب
هندسة وعمارة,https://khamsat.com/engineering,تصميم المخططات الكهربائية,https://khamsat.com/engineering/electrical-diagrams-design,تصميم الاعمال الكهربائية للمبانى والمنشئات المختلفة,https://khamsat.com/engineering/electrical-diagrams-design/3049406-%D8%AA%D8%B5%D9%85%D9%8A%D9%85-%D8%A7%D9%84%D8%A7%D8%B9%D9%85%D8%A7%D9%84-%D8%A7%D9%84%D9%83%D9%87%D8%B1%D8%A8%D8%A7%D8%A6%D9%8A%D8%A9-%D9%84%D9%84%D9%85%D8%A8%D8%A7%D9%86%D9%89-%D9%88%D8%A7%D9%84%D9%85%D9%86%D8%B4%D8%A6%D8%A7%D8%AA-%D8%A7%D9%84%D9%85%D8%AE%D8%AA%D9%84%D9%81%D8%A9,0.0,0,لم يحسب,0,0,$10.00,يومين,0,5,115.0,على ح.,https://khamsat.com/user/eng_ali81,False,بائع جديد,0.0,0,لم يحسب بعد,1,0,لم يحسب
هندسة وعمارة,https://khamsat.com/engineering,تصميم المخططات الكهربائية,https://khamsat.com/engineering/electrical-diagrams-design,تصميم منظومات التيار الخفيف بطريقة حديثة,https://khamsat.com/engineering/electrical-diagrams-design/3042557-%D8%AA%D8%B5%D9%85%D9%8A%D9%85-%D9%85%D9%86%D8%B8%D9%88%D9%85%D8%A7%D8%AA-%D8%A7%D9%84%D8%AA%D9%8A%D8%A7%D8%B1-%D8%A7%D9%84%D8%AE%D9%81%D9%8A%D9%81-%D8%A8%D8%B7%D8%B1%D9%8A%D9%82%D8%A9-%D8%AD%D8%AF%D9%8A%D8%AB%D8%A9,0.0,0,لم يحسب,0,0,$5.00,يوم واحد,0,3,155.0,.Ethar A,https://khamsat.com/user/etharalaa,False,بائع جديد,0.0,0,لم يحسب بعد,3,0,ساعة
هندسة وعمارة,https://khamsat.com/engineering,تصميم المخططات الكهربائية,https://khamsat.com/engineering/electrical-diagrams-design,عمل مخططات كهربائية لإنارة الشقق والفيلات,https://khamsat.com/engineering/electrical-diagrams-design/2514236-%D8%B9%D9%85%D9%84-%D9%85%D8%AE%D8%B7%D8%B7%D8%A7%D8%AA-%D9%83%D9%87%D8%B1%D8%A8%D8%A7%D8%A6%D9%8A%D8%A9-%D9%84%D8%A5%D9%86%D8%A7%D8%B1%D8%A9-%D8%A7%D9%84%D8%B4%D9%82%D9%82-%D9%88%D8%A7%D9%84%D9%81%D9%8A%D9%84%D8%A7%D8%AA,0.0,0,6 ساعات,1,0,$5.00,يوم واحد,0,4,70.0,عمرو خ.,https://khamsat.com/user/amr_khairy11,True,بائع جديد,0.0,0,100.0%,2,1,6 ساعات
هندسة وعمارة,https://khamsat.com/engineering,تصميم المخططات الكهربائية,https://khamsat.com/engineering/electrical-diagrams-design,تصميم ماخذ قوى بالانظمة العالمية المختلفة بطريقة ذكية,https://khamsat.com/engineering/electrical-diagrams-design/3040970-%D8%AA%D8%B5%D9%85%D9%8A%D9%85-%D9%85%D8%A7%D8%AE%D8%B0-%D9%82%D9%88%D9%89-%D8%A8%D8%A7%D9%84%D8%A7%D9%86%D8%B8%D9%85%D8%A9-%D8%A7%D9%84%D8%B9%D8%A7%D9%84%D9%85%D9%8A%D8%A9-%D8%A7%D9%84%D9%85%D8%AE%D8%AA%D9%84%D9%81%D8%A9-%D8%A8%D8%B7%D8%B1%D9%8A%D9%82%D8%A9-%D8%B0%D9%83%D9%8A%D8%A9,0.0,0,لم يحسب,0,0,$5.00,ثلاثة أيام,0,5,175.0,.Ethar A,https://khamsat.com/user/etharalaa,False,بائع جديد,0.0,0,لم يحسب بعد,3,0,ساعة
هندسة وعمارة,https://khamsat.com/engineering,تصميم المخططات الكهربائية,https://khamsat.com/engineering/electrical-diagrams-design,تصميم انارة وفق المواصفات بطريقة ابداعية,https://khamsat.com/engineering/electrical-diagrams-design/3040423-%D8%AA%D8%B5%D9%85%D9%8A%D9%85-%D8%A7%D9%86%D8%A7%D8%B1%D8%A9-%D9%88%D9%81%D9%82-%D8%A7%D9%84%D9%85%D9%88%D8%A7%D8%B5%D9%81%D8%A7%D8%AA-%D8%A8%D8%B7%D8%B1%D9%8A%D9%82%D8%A9-%D8%A7%D8%A8%D8%AF%D8%A7%D8%B9%D9%8A%D8%A9,0.0,0,لم يحسب,0,0,$5.00,ثلاثة أيام,0,2,60.0,.Ethar A,https://khamsat.com/user/etharalaa,False,بائع جديد,0.0,0,لم يحسب بعد,3,0,ساعة
هندسة وعمارة,https://khamsat.com/engineering,تصميم المخططات الكهربائية,https://khamsat.com/engineering/electrical-diagrams-design,تصميم توزيع اعمال الكهرباء,https://khamsat.com/engineering/electrical-diagrams-design/3047820-%D8%AA%D8%B5%D9%85%D9%8A%D9%85-%D8%AA%D9%88%D8%B2%D9%8A%D8%B9-%D8%A7%D8%B9%D9%85%D8%A7%D9%84-%D8%A7%D9%84%D9%83%D9%87%D8%B1%D8%A8%D8%A7%D8%A1,0.0,0,لم يحسب,0,0,$5.00,يومين,0,0,0.0,.Mohamed A,https://khamsat.com/user/mm22mo33,True,بائع جديد,0.0,0,لم يحسب بعد,1,0,لم يحسب
هندسة وعمارة,https://khamsat.com/engineering,تصميم المخططات الكهربائية,https://khamsat.com/engineering/electrical-diagrams-design,تصميمات احترافية للمشاريع كهرباء -تكييف - سباكة,https://khamsat.com/engineering/electrical-diagrams-design/3048184-%D8%AA%D8%B5%D9%85%D9%8A%D9%85%D8%A7%D8%AA-%D8%A7%D8%AD%D8%AA%D8%B1%D8%A7%D9%81%D9%8A%D8%A9-%D9%84%D9%84%D9%85%D8%B4%D8%A7%D8%B1%D9%8A%D8%B9-%D9%83%D9%87%D8%B1%D8%A8%D8%A7%D8%A1-%D8%AA%D9%83%D9%8A%D9%8A%D9%81-%D8%B3%D8%A8%D8%A7%D9%83%D8%A9,0.0,0,لم يحسب,0,0,$5.00,أربعة أيام,0,0,0.0,.Eng H,https://khamsat.com/user/engineer2007,False,بائع جديد,0.0,0,لم يحسب بعد,1,0,لم يحسب
هندسة وعمارة,https://khamsat.com/engineering,تصميم المخططات الكهربائية,https://khamsat.com/engineering/electrical-diagrams-design,رسم المخططات الكهربائية بإستخدام AutoCAD Electrical,https://khamsat.com/engineering/electrical-diagrams-design/3007975-%D8%B1%D8%B3%D9%85-%D8%A7%D9%84%D9%85%D8%AE%D8%B7%D8%B7%D8%A7%D8%AA-%D8%A7%D9%84%D9%83%D9%87%D8%B1%D8%A8%D8%A7%D8%A6%D9%8A%D8%A9-%D8%A8%D8%A5%D8%B3%D8%AA%D8%AE%D8%AF%D8%A7%D9%85-autocad-electrical,0.0,0,لم يحسب,0,0,$5.00,يومين,0,4,50.0,.Ghaith B,https://khamsat.com/user/ghaithbaz1,False,بائع جديد,0.0,0,لم يحسب بعد,1,0,لم يحسب
هندسة وعمارة,https://khamsat.com/engineering,تصميم المخططات الكهربائية,https://khamsat.com/engineering/electrical-diagrams-design,تصميم الأعمال الكهربيه والإناره,https://khamsat.com/engineering/electrical-diagrams-design/3048426-%D8%AA%D8%B5%D9%85%D9%8A%D9%85-%D8%A7%D9%84%D8%A3%D8%B9%D9%85%D8%A7%D9%84-%D8%A7%D9%84%D9%83%D9%87%D8%B1%D8%A8%D9%8A%D9%87-%D9%88%D8%A7%D9%84%D8%A5%D9%86%D8%A7%D8%B1%D9%87,0.0,0,لم يحسب,0,0,$10.00,خمسة أيام,0,2,30.0,.Mahmoud E,https://khamsat.com/user/mahmoudelqenawy,True,بائع جديد,0.0,0,لم يحسب بعد,1,0,لم يحسب
هندسة وعمارة,https://khamsat.com/engineering,تصميم المخططات الكهربائية,https://khamsat.com/engineering/electrical-diagrams-design,تصميم الإضاءة وعمل الحسابات الازمة لكل المنشات,https://khamsat.com/engineering/electrical-diagrams-design/2987659-%D8%AA%D8%B5%D9%85%D9%8A%D9%85-%D8%A7%D9%84%D8%A5%D8%B6%D8%A7%D8%A1%D8%A9-%D9%88%D8%B9%D9%85%D9%84-%D8%A7%D9%84%D8%AD%D8%B3%D8%A7%D8%A8%D8%A7%D8%AA-%D8%A7%D9%84%D8%A7%D8%B2%D9%85%D8%A9-%D9%84%D9%83%D9%84-%D8%A7%D9%84%D9%85%D9%86%D8%B4%D8%A7%D8%AA,0.0,0,لم يحسب,0,0,$5.00,يومين,0,1,5.0,.Mohamed A,https://khamsat.com/user/mohamed_2544,True,بائع جديد,0.0,0,لم يحسب بعد,2,0,لم يحسب
هندسة وعمارة,https://khamsat.com/engineering,تصميم المخططات الكهربائية,https://khamsat.com/engineering/electrical-diagrams-design,تصميم انظمة تيار الخفيف Light Current والتصميمات الكهربائية,https://khamsat.com/engineering/electrical-diagrams-design/2586233-%D8%AA%D8%B5%D9%85%D9%8A%D9%85-%D8%A7%D9%86%D8%B8%D9%85%D8%A9-%D8%AA%D9%8A%D8%A7%D8%B1-%D8%A7%D9%84%D8%AE%D9%81%D9%8A%D9%81-light-current-%D9%88%D8%A7%D9%84%D8%AA%D8%B5%D9%85%D9%8A%D9%85%D8%A7%D8%AA-%D8%A7%D9%84%D9%83%D9%87%D8%B1%D8%A8%D8%A7%D8%A6%D9%8A%D8%A9,5.0,1,17 ساعة,1,0,$20.00,يوم واحد,1,0,0.0,.Ahmed M,https://khamsat.com/user/ahmedhany2,True,بائع نشيط,5.0,28,100.0%,6,32,7 ساعات
هندسة وعمارة,https://khamsat.com/engineering,تصميم المخططات الكهربائية,https://khamsat.com/engineering/electrical-diagrams-design,تصميم الإنارة الداخلية للمنازل والشقق السكنية و الشركات,https://khamsat.com/engineering/electrical-diagrams-design/3045928-%D8%AA%D8%B5%D9%85%D9%8A%D9%85-%D8%A7%D9%84%D8%A5%D9%86%D8%A7%D8%B1%D8%A9-%D8%A7%D9%84%D8%AF%D8%A7%D8%AE%D9%84%D9%8A%D8%A9-%D9%84%D9%84%D9%85%D9%86%D8%A7%D8%B2%D9%84-%D9%88%D8%A7%D9%84%D8%B4%D9%82%D9%82-%D8%A7%D9%84%D8%B3%D9%83%D9%86%D9%8A%D8%A9-%D9%88-%D8%A7%D9%84%D8%B4%D8%B1%D9%83%D8%A7%D8%AA,0.0,0,لم يحسب,0,0,$10.00,يومين,0,5,70.0,.Tamim K,https://khamsat.com/user/tamim221,True,بائع جديد,0.0,0,لم يحسب بعد,1,0,لم يحسب
هندسة وعمارة,https://khamsat.com/engineering,تصميم المخططات الكهربائية,https://khamsat.com/engineering/electrical-diagrams-design,تصميم انارة و اضاءة داخلية للغرف و المنازل,https://khamsat.com/engineering/electrical-diagrams-design/2402467-%D8%AA%D8%B5%D9%85%D9%8A%D9%85-%D8%A7%D9%86%D8%A7%D8%B1%D8%A9-%D9%88-%D8%A7%D8%B6%D8%A7%D8%A1%D8%A9-%D8%AF%D8%A7%D8%AE%D9%84%D9%8A%D8%A9-%D9%84%D9%84%D8%BA%D8%B1%D9%81-%D9%88-%D8%A7%D9%84%D9%85%D9%86%D8%A7%D8%B2%D9%84,5.0,11,ساعة,14,0,$5.00,يوم واحد,11,3,195.0,.Ahmed S,https://khamsat.com/user/ahmed_sameh251,True,بائع نشيط,5.0,18,89.66%,4,21,ساعة
هندسة وعمارة,https://khamsat.com/engineering,تصميم المخططات الكهربائية,https://khamsat.com/engineering/electrical-diagrams-design,عمل تصميم لأنظمه التيار الخفيف - Light Current,https://khamsat.com/engineering/electrical-diagrams-design/2877310-%D8%B9%D9%85%D9%84-%D8%AA%D8%B5%D9%85%D9%8A%D9%85-%D9%84%D8%A3%D9%86%D8%B8%D9%85%D9%87-%D8%A7%D9%84%D8%AA%D9%8A%D8%A7%D8%B1-%D8%A7%D9%84%D8%AE%D9%81%D9%8A%D9%81-light-current,0.0,0,لم يحسب,0,0,$5.00,يومين,0,0,0.0,أحمد ه.,https://khamsat.com/user/ahmed_basuony,True,بائع جديد,0.0,0,لم يحسب بعد,5,0,لم يحسب
هندسة وعمارة,https://khamsat.com/engineering,لوحات دوائر PCB,https://khamsat.com/engineering/pcb,تصميم الدوائر الإلكترونية المتكاملة (IC Design),https://khamsat.com/engineering/pcb/3039193-%D8%AA%D8%B5%D9%85%D9%8A%D9%85-%D8%A7%D9%84%D8%AF%D9%88%D8%A7%D8%A6%D8%B1-%D8%A7%D9%84%D8%A5%D9%84%D9%83%D8%AA%D8%B1%D9%88%D9%86%D9%8A%D8%A9-%D8%A7%D9%84%D9%85%D8%AA%D9%83%D8%A7%D9%85%D9%84%D8%A9-ic-design,5.0,1,14 دقيقة,1,0,$5.00,يومين,1,3,40.0,عمر ع.,https://khamsat.com/user/omar_bahloul,True,بائع جديد,5.0,1,100.0%,1,1,14 دقيقة
هندسة وعمارة,https://khamsat.com/engineering,لوحات دوائر PCB,https://khamsat.com/engineering/pcb,"برمجة الدوائر الالكترونية الدقيقة (IC Design) VHDL,verilog",https://khamsat.com/engineering/pcb/2458443-%D8%A8%D8%B1%D9%85%D8%AC%D8%A9-%D8%A7%D9%84%D8%AF%D9%88%D8%A7%D8%A6%D8%B1-%D8%A7%D9%84%D8%A7%D9%84%D9%83%D8%AA%D8%B1%D9%88%D9%86%D9%8A%D8%A9-%D8%A7%D9%84%D8%AF%D9%82%D9%8A%D9%82%D8%A9-ic-design-vhdlverilog,5.0,9,7 ساعات,10,0,$5.00,يوم واحد,9,4,40.0,.Islam N,https://khamsat.com/user/islam_nasser3,True,بائع مميز,5.0,17,98.48%,2,25,4 ساعات
هندسة وعمارة,https://khamsat.com/engineering,لوحات دوائر PCB,https://khamsat.com/engineering/pcb,تطوير وانشاء واتمام مشاريع ألانظمه المدمجه AVR &PIC& Arduino,https://khamsat.com/engineering/pcb/2335831-%D8%AA%D8%B7%D9%88%D9%8A%D8%B1-%D9%88%D8%A7%D9%86%D8%B4%D8%A7%D8%A1-%D9%88%D8%A7%D8%AA%D9%85%D8%A7%D9%85-%D9%85%D8%B4%D8%A7%D8%B1%D9%8A%D8%B9-%D8%A3%D9%84%D8%A7%D9%86%D8%B8%D9%85%D9%87-%D8%A7%D9%84%D9%85%D8%AF%D9%85%D8%AC%D9%87-avr-pic-arduino,5.0,3,8 دقائق,3,0,$5.00,يومين,3,3,30.0,كريم م.,https://khamsat.com/user/karim_rayan,True,بائع نشيط,5.0,8,100.0%,2,8,24 دقيقة
هندسة وعمارة,https://khamsat.com/engineering,لوحات دوائر PCB,https://khamsat.com/engineering/pcb,تصميم دوائر الكترونيه ومحاكه لها علب برنامج multisim,https://khamsat.com/engineering/pcb/1449505-%D8%AA%D8%B5%D9%85%D9%8A%D9%85-%D8%AF%D9%88%D8%A7%D8%A6%D8%B1-%D8%A7%D9%84%D9%83%D8%AA%D8%B1%D9%88%D9%86%D9%8A%D9%87-%D9%88%D9%85%D8%AD%D8%A7%D9%83%D9%87-%D9%84%D9%87%D8%A7-%D8%B9%D9%84%D8%A8-%D8%A8%D8%B1%D9%86%D8%A7%D9%85%D8%AC-multisim,4.5,5,45 دقيقة,6,0,$5.00,يوم واحد,5,3,35.0,.Ahmed A,https://khamsat.com/user/ahmedsakr88,True,بائع نشيط,4.5,10,92.86%,4,11,يوم
هندسة وعمارة,https://khamsat.com/engineering,لوحات دوائر PCB,https://khamsat.com/engineering/pcb,تصميم مخططات دوائر الكترونية لانشاء انظمة تحكم او مشاريع,https://khamsat.com/engineering/pcb/1886883-%D8%AA%D8%B5%D9%85%D9%8A%D9%85-%D9%85%D8%AE%D8%B7%D8%B7%D8%A7%D8%AA-%D8%AF%D9%88%D8%A7%D8%A6%D8%B1-%D8%A7%D9%84%D9%83%D8%AA%D8%B1%D9%88%D9%86%D9%8A%D8%A9-%D9%84%D8%A7%D9%86%D8%B4%D8%A7%D8%A1-%D8%A7%D9%86%D8%B8%D9%85%D8%A9-%D8%AA%D8%AD%D9%83%D9%85-%D8%A7%D9%88-%D9%85%D8%B4%D8%A7%D8%B1%D9%8A%D8%B9,5.0,10,ساعة,12,0,$5.00,يومين,10,3,200.0,.Basil O,https://khamsat.com/user/basil_osrof,True,بائع نشيط,5.0,13,97.62%,2,15,49 دقيقة
هندسة وعمارة,https://khamsat.com/engineering,لوحات دوائر PCB,https://khamsat.com/engineering/pcb,تصميم الدوائر الكهربيه وتنفيذها بكل احترافية,https://khamsat.com/engineering/pcb/2775574-%D8%AA%D8%B5%D9%85%D9%8A%D9%85-%D8%A7%D9%84%D8%AF%D9%88%D8%A7%D8%A6%D8%B1-%D8%A7%D9%84%D9%83%D9%87%D8%B1%D8%A8%D9%8A%D9%87-%D9%88%D8%AA%D9%86%D9%81%D9%8A%D8%B0%D9%87%D8%A7-%D8%A8%D9%83%D9%84-%D8%A7%D8%AD%D8%AA%D8%B1%D8%A7%D9%81%D9%8A%D8%A9,5.0,1,يوم,1,0,$5.00,يومين,1,0,0.0,.Mohamed E,https://khamsat.com/user/medo_97,True,بائع نشيط,4.5,13,84.78%,4,20,14 ساعة
هندسة وعمارة,https://khamsat.com/engineering,لوحات دوائر PCB,https://khamsat.com/engineering/pcb,تصميم دارة مطبوعة PCB باحترافية عالية,https://khamsat.com/engineering/pcb/1963094-%D8%AA%D8%B5%D9%85%D9%8A%D9%85-%D8%AF%D8%A7%D8%B1%D8%A9-%D9%85%D8%B7%D8%A8%D9%88%D8%B9%D8%A9-pcb-%D8%A8%D8%A7%D8%AD%D8%AA%D8%B1%D8%A7%D9%81%D9%8A%D8%A9-%D8%B9%D8%A7%D9%84%D9%8A%D8%A9,5.0,5,4 ساعات,5,0,$20.00,يومين,5,5,160.0,.Mustafa Y,https://khamsat.com/user/steve_younes,True,بائع مميز,4.5,55,83.06%,9,50,50 دقيقة
هندسة وعمارة,https://khamsat.com/engineering,لوحات دوائر PCB,https://khamsat.com/engineering/pcb,تصميم دارة مطبوعة ( Printed Circuit Board) PCB,https://khamsat.com/engineering/pcb/2333974-%D8%AA%D8%B5%D9%85%D9%8A%D9%85-%D8%AF%D8%A7%D8%B1%D8%A9-%D9%85%D8%B7%D8%A8%D9%88%D8%B9%D8%A9-printed-circuit-board-pcb,4.0,1,7 دقائق,1,0,$10.00,يومين,1,5,140.0,.Mohamed K,https://khamsat.com/user/mohamedkhaled1995,True,بائع جديد,5.0,3,85.71%,4,3,ساعتين
هندسة وعمارة,https://khamsat.com/engineering,لوحات دوائر PCB,https://khamsat.com/engineering/pcb,تصميم دائره الكترونيه PCB Printed Circuit Board,https://khamsat.com/engineering/pcb/2774495-%D8%AA%D8%B5%D9%85%D9%8A%D9%85-%D8%AF%D8%A7%D8%A6%D8%B1%D9%87-%D8%A7%D9%84%D9%83%D8%AA%D8%B1%D9%88%D9%86%D9%8A%D9%87-pcb-printed-circuit-board,0.0,0,31 دقيقة,1,0,$10.00,أسبوع,0,5,190.0,.Mahmoud M,https://khamsat.com/user/mahmoud_kassem,True,بائع جديد,0.0,0,100.0%,2,1,3 ساعات
هندسة وعمارة,https://khamsat.com/engineering,لوحات دوائر PCB,https://khamsat.com/engineering/pcb,تصميم الأنظمة الالكترونية الرقمية على شرائح FPGA,https://khamsat.com/engineering/pcb/2717822-%D8%AA%D8%B5%D9%85%D9%8A%D9%85-%D8%A7%D9%84%D8%A3%D9%86%D8%B8%D9%85%D8%A9-%D8%A7%D9%84%D8%A7%D9%84%D9%83%D8%AA%D8%B1%D9%88%D9%86%D9%8A%D8%A9-%D8%A7%D9%84%D8%B1%D9%82%D9%85%D9%8A%D8%A9-%D8%B9%D9%84%D9%89-%D8%B4%D8%B1%D8%A7%D8%A6%D8%AD-fpga,5.0,2,ساعة,3,0,$10.00,يومين,2,5,175.0,.Lina Bassam S,https://khamsat.com/user/dr_lina2usa,True,بائع مميز,5.0,52,92.95%,9,52,5 ساعات
هندسة وعمارة,https://khamsat.com/engineering,لوحات دوائر PCB,https://khamsat.com/engineering/pcb,تصميم اللوائح المطبوعة ( Printed Circuit Board) PCB,https://khamsat.com/engineering/pcb/2153948-%D8%AA%D8%B5%D9%85%D9%8A%D9%85-%D8%A7%D9%84%D9%84%D9%88%D8%A7%D8%A6%D8%AD-%D8%A7%D9%84%D9%85%D8%B7%D8%A8%D9%88%D8%B9%D8%A9-printed-circuit-board-pcb,5.0,5,40 دقيقة,6,0,$5.00,يومين,5,0,0.0,كريم م.,https://khamsat.com/user/karim_rayan,True,بائع نشيط,5.0,8,100.0%,2,8,24 دقيقة
هندسة وعمارة,https://khamsat.com/engineering,لوحات دوائر PCB,https://khamsat.com/engineering/pcb,تصميم الدوائر المنطقية logic gates,https://khamsat.com/engineering/pcb/2334009-%D8%AA%D8%B5%D9%85%D9%8A%D9%85-%D8%A7%D9%84%D8%AF%D9%88%D8%A7%D8%A6%D8%B1-%D8%A7%D9%84%D9%85%D9%86%D8%B7%D9%82%D9%8A%D8%A9-logic-gates,5.0,2,3 ساعات,2,0,$10.00,يومين,2,3,145.0,.Mohamed K,https://khamsat.com/user/mohamedkhaled1995,True,بائع جديد,5.0,3,85.71%,4,3,ساعتين
هندسة وعمارة,https://khamsat.com/engineering,لوحات دوائر PCB,https://khamsat.com/engineering/pcb,تصميم دارات الكترونية مطبوعة PCB,https://khamsat.com/engineering/pcb/2718315-%D8%AA%D8%B5%D9%85%D9%8A%D9%85-%D8%AF%D8%A7%D8%B1%D8%A7%D8%AA-%D8%A7%D9%84%D9%83%D8%AA%D8%B1%D9%88%D9%86%D9%8A%D8%A9-%D9%85%D8%B7%D8%A8%D9%88%D8%B9%D8%A9-pcb,5.0,1,ساعة,1,0,$5.00,يوم واحد,1,2,30.0,طاهر ا.,https://khamsat.com/user/taher_aldada,True,بائع جديد,5.0,1,100.0%,4,1,ساعة
هندسة وعمارة,https://khamsat.com/engineering,لوحات دوائر PCB,https://khamsat.com/engineering/pcb,تصميم بورده الكترونيه - Printed Circuit Board (PCB) Design,https://khamsat.com/engineering/pcb/1878376-%D8%AA%D8%B5%D9%85%D9%8A%D9%85-%D8%A8%D9%88%D8%B1%D8%AF%D9%87-%D8%A7%D9%84%D9%83%D8%AA%D8%B1%D9%88%D9%86%D9%8A%D9%87-printed-circuit-board-pcb-design,0.0,0,17 ساعة,1,0,$5.00,يوم واحد,0,5,40.0,.Omar E,https://khamsat.com/user/omarelsobkey,True,بائع جديد,5.0,1,100.0%,2,2,9 ساعات
هندسة وعمارة,https://khamsat.com/engineering,لوحات دوائر PCB,https://khamsat.com/engineering/pcb,سأقوم بشرح تصميم دوائر المنطقية والبوردات المطبوعة PCB,https://khamsat.com/engineering/pcb/1730071-%D8%B3%D8%A3%D9%82%D9%88%D9%85-%D8%A8%D8%B4%D8%B1%D8%AD-%D8%AA%D8%B5%D9%85%D9%8A%D9%85-%D8%AF%D9%88%D8%A7%D8%A6%D8%B1-%D8%A7%D9%84%D9%85%D9%86%D8%B7%D9%82%D9%8A%D8%A9-%D9%88%D8%A7%D9%84%D8%A8%D9%88%D8%B1%D8%AF%D8%A7%D8%AA-%D8%A7%D9%84%D9%85%D8%B7%D8%A8%D9%88%D8%B9%D8%A9-pcb,5.0,8,يوم,10,0,$5.00,يوم واحد,8,4,95.0,.Mahmoud A,https://khamsat.com/user/mahmoudahmed123,True,بائع مميز,5.0,12,92.31%,3,13,يوم
هندسة وعمارة,https://khamsat.com/engineering,لوحات دوائر PCB,https://khamsat.com/engineering/pcb,رسم الدوائر المطبوعة (PCB) باستخدام برنامج eagle او proteus,https://khamsat.com/engineering/pcb/1023532-%D8%B1%D8%B3%D9%85-%D8%A7%D9%84%D8%AF%D9%88%D8%A7%D8%A6%D8%B1-%D8%A7%D9%84%D9%85%D8%B7%D8%A8%D9%88%D8%B9%D8%A9-pcb-%D8%A8%D8%A7%D8%B3%D8%AA%D8%AE%D8%AF%D8%A7%D9%85-%D8%A8%D8%B1%D9%86%D8%A7%D9%85%D8%AC-eagle-%D8%A7%D9%88-proteus,5.0,1,22 ساعة,1,0,$5.00,يوم واحد,1,2,15.0,محمد ح.,https://khamsat.com/user/hammodhasan,False,بائع جديد,5.0,1,50.0%,2,1,يوم
هندسة وعمارة,https://khamsat.com/engineering,لوحات دوائر PCB,https://khamsat.com/engineering/pcb,تصميم مخطط الدوائر الإلكترونية وعمل محاكاة بإستخدام Proteus,https://khamsat.com/engineering/pcb/2302744-%D8%AA%D8%B5%D9%85%D9%8A%D9%85-%D9%85%D8%AE%D8%B7%D8%B7-%D8%A7%D9%84%D8%AF%D9%88%D8%A7%D8%A6%D8%B1-%D8%A7%D9%84%D8%A5%D9%84%D9%83%D8%AA%D8%B1%D9%88%D9%86%D9%8A%D8%A9-%D9%88%D8%B9%D9%85%D9%84-%D9%85%D8%AD%D8%A7%D9%83%D8%A7%D8%A9-%D8%A8%D8%A5%D8%B3%D8%AA%D8%AE%D8%AF%D8%A7%D9%85-proteus,5.0,9,ساعة,8,0,$15.00,يوم واحد,9,4,40.0,حسام م.,https://khamsat.com/user/hossam_el_sayed,True,بائع مميز,5.0,44,90.77%,5,33,ساعتين
هندسة وعمارة,https://khamsat.com/engineering,لوحات دوائر PCB,https://khamsat.com/engineering/pcb,تصميم دائرة واحدة ديجيتال على برنامج logisim,https://khamsat.com/engineering/pcb/1916323-%D8%AA%D8%B5%D9%85%D9%8A%D9%85-%D8%AF%D8%A7%D8%A6%D8%B1%D8%A9-%D9%88%D8%A7%D8%AD%D8%AF%D8%A9-%D8%AF%D9%8A%D8%AC%D9%8A%D8%AA%D8%A7%D9%84-%D8%B9%D9%84%D9%89-%D8%A8%D8%B1%D9%86%D8%A7%D9%85%D8%AC-logisim,0.0,0,ساعة,2,0,$20.00,خمسة أيام,0,5,255.0,.Mohammed W,https://khamsat.com/user/mohamedwaledali,True,بائع مميز,4.5,83,84.87%,16,103,57 دقيقة
هندسة وعمارة,https://khamsat.com/engineering,لوحات دوائر PCB,https://khamsat.com/engineering/pcb,عمل اللوحات الإلكترونية المطبوعة,https://khamsat.com/engineering/pcb/2378896-%D8%B9%D9%85%D9%84-%D8%A7%D9%84%D9%84%D9%88%D8%AD%D8%A7%D8%AA-%D8%A7%D9%84%D8%A5%D9%84%D9%83%D8%AA%D8%B1%D9%88%D9%86%D9%8A%D8%A9-%D8%A7%D9%84%D9%85%D8%B7%D8%A8%D9%88%D8%B9%D8%A9,0.0,0,4 ساعات,0,0,$10.00,ثلاثة أيام,0,1,5.0,محمد إ.,https://khamsat.com/user/mohamed_yousry_i,True,بائع جديد,0.0,0,لم يحسب بعد,2,0,4 ساعات
هندسة وعمارة,https://khamsat.com/engineering,لوحات دوائر PCB,https://khamsat.com/engineering/pcb,لمن يريد تصميم اي مشروع علي الدوائر الالكترونية المطبوعة PCB,https://khamsat.com/engineering/pcb/1302806-%D9%84%D9%85%D9%86-%D9%8A%D8%B1%D9%8A%D8%AF-%D8%AA%D8%B5%D9%85%D9%8A%D9%85-%D8%A7%D9%8A-%D9%85%D8%B4%D8%B1%D9%88%D8%B9-%D8%B9%D9%84%D9%8A-%D8%A7%D9%84%D8%AF%D9%88%D8%A7%D8%A6%D8%B1-%D8%A7%D9%84%D8%A7%D9%84%D9%83%D8%AA%D8%B1%D9%88%D9%86%D9%8A%D8%A9-%D8%A7%D9%84%D9%85%D8%B7%D8%A8%D9%88%D8%B9%D8%A9-pcb,5.0,1,20 ساعة,2,0,$10.00,يومين,1,2,15.0,.Ahmed R,https://khamsat.com/user/ahmed_roushdy0,True,بائع جديد,5.0,1,100.0%,1,2,20 ساعة
هندسة وعمارة,https://khamsat.com/engineering,لوحات دوائر PCB,https://khamsat.com/engineering/pcb,تصميم الدوائر المتكاملة Digital IC &ASIC verilog VHDL,https://khamsat.com/engineering/pcb/3005233-%D8%AA%D8%B5%D9%85%D9%8A%D9%85-%D8%A7%D9%84%D8%AF%D9%88%D8%A7%D8%A6%D8%B1-%D8%A7%D9%84%D9%85%D8%AA%D9%83%D8%A7%D9%85%D9%84%D8%A9-digital-ic-asic-verilog-vhdl,0.0,0,لم يحسب,0,0,$5.00,يوم واحد,0,3,50.0,.Mohamed S,https://khamsat.com/user/mohamedalhady306,True,بائع جديد,0.0,0,لم يحسب بعد,1,0,لم يحسب
هندسة وعمارة,https://khamsat.com/engineering,لوحات دوائر PCB,https://khamsat.com/engineering/pcb,تصميم الدوائر الالكترونية,https://khamsat.com/engineering/pcb/2623354-%D8%AA%D8%B5%D9%85%D9%8A%D9%85-%D8%A7%D9%84%D8%AF%D9%88%D8%A7%D8%A6%D8%B1-%D8%A7%D9%84%D8%A7%D9%84%D9%83%D8%AA%D8%B1%D9%88%D9%86%D9%8A%D8%A9,0.0,0,لم يحسب,0,0,$5.00,يوم واحد,0,0,0.0,محمد زياد ا.,https://khamsat.com/user/ziad29480,True,بائع جديد,0.0,0,0.0%,4,0,7 ساعات
هندسة وعمارة,https://khamsat.com/engineering,لوحات دوائر PCB,https://khamsat.com/engineering/pcb,تصميم مخططات دوائر الكترونية,https://khamsat.com/engineering/pcb/2013411-%D8%AA%D8%B5%D9%85%D9%8A%D9%85-%D9%85%D8%AE%D8%B7%D8%B7%D8%A7%D8%AA-%D8%AF%D9%88%D8%A7%D8%A6%D8%B1-%D8%A7%D9%84%D9%83%D8%AA%D8%B1%D9%88%D9%86%D9%8A%D8%A9,0.0,0,لم يحسب,0,0,$5.00,ثلاثة أيام,0,0,0.0,.Ahmad D,https://khamsat.com/user/ahmadda12,True,بائع جديد,0.0,0,0.0%,4,0,ساعة
هندسة وعمارة,https://khamsat.com/engineering,لوحات دوائر PCB,https://khamsat.com/engineering/pcb,تصميم دوائر إلكترونية scamatic and pcb,https://khamsat.com/engineering/pcb/2814641-%D8%AA%D8%B5%D9%85%D9%8A%D9%85-%D8%AF%D9%88%D8%A7%D8%A6%D8%B1-%D8%A5%D9%84%D9%83%D8%AA%D8%B1%D9%88%D9%86%D9%8A%D8%A9-scamatic-and-pcb,0.0,0,لم يحسب,0,0,$5.00,يوم واحد,0,0,0.0,.Esmail G,https://khamsat.com/user/esmail_galal,True,بائع جديد,0.0,0,لم يحسب بعد,2,0,لم يحسب
هندسة وعمارة,https://khamsat.com/engineering,لوحات دوائر PCB,https://khamsat.com/engineering/pcb,تصميم الدارات الالكترونية الرقمية,https://khamsat.com/engineering/pcb/1849253-%D8%AA%D8%B5%D9%85%D9%8A%D9%85-%D8%A7%D9%84%D8%AF%D8%A7%D8%B1%D8%A7%D8%AA-%D8%A7%D9%84%D8%A7%D9%84%D9%83%D8%AA%D8%B1%D9%88%D9%86%D9%8A%D8%A9-%D8%A7%D9%84%D8%B1%D9%82%D9%85%D9%8A%D8%A9,5.0,4,36 دقيقة,5,0,$10.00,ثلاثة أيام,4,2,175.0,.Tariq K,https://khamsat.com/user/tkanaan,True,بائع نشيط,5.0,19,72.5%,6,16,3 ساعات
هندسة وعمارة,https://khamsat.com/engineering,لوحات دوائر PCB,https://khamsat.com/engineering/pcb,تصميم الدوائر الإلكترونية ومحاكاتها,https://khamsat.com/engineering/pcb/2542453-%D8%AA%D8%B5%D9%85%D9%8A%D9%85-%D8%A7%D9%84%D8%AF%D9%88%D8%A7%D8%A6%D8%B1-%D8%A7%D9%84%D8%A5%D9%84%D9%83%D8%AA%D8%B1%D9%88%D9%86%D9%8A%D8%A9-%D9%88%D9%85%D8%AD%D8%A7%D9%83%D8%A7%D8%AA%D9%87%D8%A7,0.0,0,9 ساعات,0,0,$5.00,يوم واحد,0,3,20.0,.Nabil B,https://khamsat.com/user/nabil_bouaaid,True,بائع جديد,5.0,1,100.0%,3,1,3 ساعات
هندسة وعمارة,https://khamsat.com/engineering,لوحات دوائر PCB,https://khamsat.com/engineering/pcb,تصميم الدوائر الالكترونية المطبوعة PCB Design,https://khamsat.com/engineering/pcb/2776438-%D8%AA%D8%B5%D9%85%D9%8A%D9%85-%D8%A7%D9%84%D8%AF%D9%88%D8%A7%D8%A6%D8%B1-%D8%A7%D9%84%D8%A7%D9%84%D9%83%D8%AA%D8%B1%D9%88%D9%86%D9%8A%D8%A9-%D8%A7%D9%84%D9%85%D8%B7%D8%A8%D9%88%D8%B9%D8%A9-pcb-design,0.0,0,لم يحسب,0,0,$5.00,ثلاثة أيام,0,5,50.0,.Raafat A,https://khamsat.com/user/raafat123_123,True,بائع جديد,5.0,1,100.0%,4,1,دقيقتين
هندسة وعمارة,https://khamsat.com/engineering,لوحات دوائر PCB,https://khamsat.com/engineering/pcb,تصميم الدوائر المطبوعة PCB,https://khamsat.com/engineering/pcb/2137021-%D8%AA%D8%B5%D9%85%D9%8A%D9%85-%D8%A7%D9%84%D8%AF%D9%88%D8%A7%D8%A6%D8%B1-%D8%A7%D9%84%D9%85%D8%B7%D8%A8%D9%88%D8%B9%D8%A9-pcb,0.0,0,ساعة,0,0,$10.00,يومين,0,3,95.0,عبدالرحيم أ.,https://khamsat.com/user/abadulrhem,True,بائع نشيط,5.0,5,100.0%,3,6,ساعة
هندسة وعمارة,https://khamsat.com/engineering,لوحات دوائر PCB,https://khamsat.com/engineering/pcb,تصميم الدوائر الإلكترونية المطبوعة (PCB) بكل احترافية,https://khamsat.com/engineering/pcb/2295347-%D8%AA%D8%B5%D9%85%D9%8A%D9%85-%D8%A7%D9%84%D8%AF%D9%88%D8%A7%D8%A6%D8%B1-%D8%A7%D9%84%D8%A5%D9%84%D9%83%D8%AA%D8%B1%D9%88%D9%86%D9%8A%D8%A9-%D8%A7%D9%84%D9%85%D8%B7%D8%A8%D9%88%D8%B9%D8%A9-pcb-%D8%A8%D9%83%D9%84-%D8%A7%D8%AD%D8%AA%D8%B1%D8%A7%D9%81%D9%8A%D8%A9,5.0,4,ساعة,4,0,$15.00,يوم واحد,4,5,45.0,حسام م.,https://khamsat.com/user/hossam_el_sayed,True,بائع مميز,5.0,44,90.77%,5,33,ساعتين
هندسة وعمارة,https://khamsat.com/engineering,لوحات دوائر PCB,https://khamsat.com/engineering/pcb,تصميم دائرة إلكترونية مطبوعة PCB باحترافية عالية,https://khamsat.com/engineering/pcb/2956878-%D8%AA%D8%B5%D9%85%D9%8A%D9%85-%D8%AF%D8%A7%D8%A6%D8%B1%D8%A9-%D8%A5%D9%84%D9%83%D8%AA%D8%B1%D9%88%D9%86%D9%8A%D8%A9-%D9%85%D8%B7%D8%A8%D9%88%D8%B9%D8%A9-pcb-%D8%A8%D8%A7%D8%AD%D8%AA%D8%B1%D8%A7%D9%81%D9%8A%D8%A9-%D8%B9%D8%A7%D9%84%D9%8A%D8%A9,0.0,0,لم يحسب,0,0,$10.00,يومين,0,2,10.0,.Ahmed T,https://khamsat.com/user/ahmed_ghattas,True,بائع جديد,0.0,0,لم يحسب بعد,2,0,لم يحسب
هندسة وعمارة,https://khamsat.com/engineering,الأنظمة المدمجة وIOT,https://khamsat.com/engineering/embedded-systems,برمجة لوحات الأردوينو مع نموذج محاكاة,https://khamsat.com/engineering/embedded-systems/1658519-%D8%A8%D8%B1%D9%85%D8%AC%D8%A9-%D9%84%D9%88%D8%AD%D8%A7%D8%AA-%D8%A7%D9%84%D8%A3%D8%B1%D8%AF%D9%88%D9%8A%D9%86%D9%88-%D9%85%D8%B9-%D9%86%D9%85%D9%88%D8%B0%D8%AC-%D9%85%D8%AD%D8%A7%D9%83%D8%A7%D8%A9,5.0,2,7 دقائق,2,0,$5.00,يومين,2,3,165.0,عبد الغني ا.,https://khamsat.com/user/abdalgani13,True,بائع نشيط,5.0,5,100.0%,2,6,ساعة
هندسة وعمارة,https://khamsat.com/engineering,الأنظمة المدمجة وIOT,https://khamsat.com/engineering/embedded-systems,تصميم سيستم KNX للبيوت الذكية,https://khamsat.com/engineering/embedded-systems/1684262-%D8%AA%D8%B5%D9%85%D9%8A%D9%85-%D8%B3%D9%8A%D8%B3%D8%AA%D9%85-knx-%D9%84%D9%84%D8%A8%D9%8A%D9%88%D8%AA-%D8%A7%D9%84%D8%B0%D9%83%D9%8A%D8%A9,5.0,17,56 دقيقة,21,0,$15.00,يومين,17,4,210.0,.Ahmed M,https://khamsat.com/user/ahmedhany2,True,بائع نشيط,5.0,28,100.0%,6,32,7 ساعات
هندسة وعمارة,https://khamsat.com/engineering,الأنظمة المدمجة وIOT,https://khamsat.com/engineering/embedded-systems,برمجة عشرون سطر على متحكم ESP01 و ESP32,https://khamsat.com/engineering/embedded-systems/2097833-%D8%A8%D8%B1%D9%85%D8%AC%D8%A9-%D8%B9%D8%B4%D8%B1%D9%88%D9%86-%D8%B3%D8%B7%D8%B1-%D8%B9%D9%84%D9%89-%D9%85%D8%AA%D8%AD%D9%83%D9%85-esp01-%D9%88-esp32,5.0,3,ساعتين,4,0,$10.00,يوم واحد,3,2,60.0,عبدالرحيم أ.,https://khamsat.com/user/abadulrhem,True,بائع نشيط,5.0,5,100.0%,3,6,ساعة
هندسة وعمارة,https://khamsat.com/engineering,الأنظمة المدمجة وIOT,https://khamsat.com/engineering/embedded-systems,اقوم بإنشاء مشاريع اردوينو,https://khamsat.com/engineering/embedded-systems/2421615-%D8%A7%D9%82%D9%88%D9%85-%D8%A8%D8%A5%D9%86%D8%B4%D8%A7%D8%A1-%D9%85%D8%B4%D8%A7%D8%B1%D9%8A%D8%B9-%D8%A7%D8%B1%D8%AF%D9%88%D9%8A%D9%86%D9%88,4.5,8,10 ساعات,11,0,$5.00,أسبوع,8,5,245.0,احمد ع.,https://khamsat.com/user/ahmed_atef9,True,بائع نشيط,4.5,12,97.22%,3,16,يومين
هندسة وعمارة,https://khamsat.com/engineering,الأنظمة المدمجة وIOT,https://khamsat.com/engineering/embedded-systems,برمجة مشاريع Arduino و ESP32,https://khamsat.com/engineering/embedded-systems/2521091-%D8%A8%D8%B1%D9%85%D8%AC%D8%A9-%D9%85%D8%B4%D8%A7%D8%B1%D9%8A%D8%B9-arduino-%D9%88-esp32,5.0,1,يومين,1,0,$20.00,يومين,1,2,55.0,.Wafae K,https://khamsat.com/user/wafa120,True,بائع مميز,5.0,43,87.27%,6,47,8 ساعات
هندسة وعمارة,https://khamsat.com/engineering,الأنظمة المدمجة وIOT,https://khamsat.com/engineering/embedded-systems,برمجة مشاريع احترافية Arduino & Nodemcu IOT,https://khamsat.com/engineering/embedded-systems/1662536-%D8%A8%D8%B1%D9%85%D8%AC%D8%A9-%D9%85%D8%B4%D8%A7%D8%B1%D9%8A%D8%B9-%D8%A7%D8%AD%D8%AA%D8%B1%D8%A7%D9%81%D9%8A%D8%A9-arduino-nodemcu-iot,4.5,36,8 دقائق,42,0,$40.00,يومين,25,5,440.0,.Mustafa Y,https://khamsat.com/user/steve_younes,True,بائع مميز,4.5,55,83.06%,9,50,50 دقيقة
هندسة وعمارة,https://khamsat.com/engineering,الأنظمة المدمجة وIOT,https://khamsat.com/engineering/embedded-systems,برمجة كود ببرنامج ماتلاب matlab,https://khamsat.com/engineering/embedded-systems/1686995-%D8%A8%D8%B1%D9%85%D8%AC%D8%A9-%D9%83%D9%88%D8%AF-%D8%A8%D8%A8%D8%B1%D9%86%D8%A7%D9%85%D8%AC-%D9%85%D8%A7%D8%AA%D9%84%D8%A7%D8%A8-matlab,5.0,39,5 دقائق,48,0,$5.00,يومين,25,4,185.0,.William S,https://khamsat.com/user/william_su,True,بائع مميز,5.0,56,93.51%,7,65,3 ساعات
هندسة وعمارة,https://khamsat.com/engineering,الأنظمة المدمجة وIOT,https://khamsat.com/engineering/embedded-systems,تنفيذ تقريرعن عمل مشاريع الIOT و Arduino والانظمة المدمجة,https://khamsat.com/engineering/embedded-systems/1633409-%D8%AA%D9%86%D9%81%D9%8A%D8%B0-%D8%AA%D9%82%D8%B1%D9%8A%D8%B1%D8%B9%D9%86-%D8%B9%D9%85%D9%84-%D9%85%D8%B4%D8%A7%D8%B1%D9%8A%D8%B9-%D8%A7%D9%84iot-%D9%88-arduino-%D9%88%D8%A7%D9%84%D8%A7%D9%86%D8%B8%D9%85%D8%A9-%D8%A7%D9%84%D9%85%D8%AF%D9%85%D8%AC%D8%A9,5.0,7,19 دقيقة,7,0,$5.00,أسبوعين,7,5,495.0,.Ahmed S,https://khamsat.com/user/ahmed_saied2019,True,بائع مميز,5.0,33,94.2%,5,39,49 دقيقة
هندسة وعمارة,https://khamsat.com/engineering,الأنظمة المدمجة وIOT,https://khamsat.com/engineering/embedded-systems,بناء مشروع اردوينو متكامل,https://khamsat.com/engineering/embedded-systems/2887758-%D8%A8%D9%86%D8%A7%D8%A1-%D9%85%D8%B4%D8%B1%D9%88%D8%B9-%D8%A7%D8%B1%D8%AF%D9%88%D9%8A%D9%86%D9%88-%D9%85%D8%AA%D9%83%D8%A7%D9%85%D9%84,5.0,3,3 ساعات,3,0,$5.00,ثلاثة أيام,3,4,35.0,.Mahmoud M,https://khamsat.com/user/mahmoud_mohamed21,True,بائع جديد,5.0,3,90.0%,2,3,3 ساعات
هندسة وعمارة,https://khamsat.com/engineering,الأنظمة المدمجة وIOT,https://khamsat.com/engineering/embedded-systems,عمل اي مشروع باستخدام الاردوينو Arduino وبرمجة الروبوتات,https://khamsat.com/engineering/embedded-systems/1894264-%D8%B9%D9%85%D9%84-%D8%A7%D9%8A-%D9%85%D8%B4%D8%B1%D9%88%D8%B9-%D8%A8%D8%A7%D8%B3%D8%AA%D8%AE%D8%AF%D8%A7%D9%85-%D8%A7%D9%84%D8%A7%D8%B1%D8%AF%D9%88%D9%8A%D9%86%D9%88-arduino-%D9%88%D8%A8%D8%B1%D9%85%D8%AC%D8%A9-%D8%A7%D9%84%D8%B1%D9%88%D8%A8%D9%88%D8%AA%D8%A7%D8%AA,5.0,7,18 ساعة,10,0,$5.00,يومين,7,5,105.0,.Kirolos K,https://khamsat.com/user/kiroloskhairy,True,بائع نشيط,5.0,7,89.47%,1,10,18 ساعة
هندسة وعمارة,https://khamsat.com/engineering,الأنظمة المدمجة وIOT,https://khamsat.com/engineering/embedded-systems,برمجة المشاريع الهندسية في مجال أنظمة التحكم Control systems,https://khamsat.com/engineering/embedded-systems/2668102-%D8%A8%D8%B1%D9%85%D8%AC%D8%A9-%D8%A7%D9%84%D9%85%D8%B4%D8%A7%D8%B1%D9%8A%D8%B9-%D8%A7%D9%84%D9%87%D9%86%D8%AF%D8%B3%D9%8A%D8%A9-%D9%81%D9%8A-%D9%85%D8%AC%D8%A7%D9%84-%D8%A3%D9%86%D8%B8%D9%85%D8%A9-%D8%A7%D9%84%D8%AA%D8%AD%D9%83%D9%85-control-systems,4.5,7,4 ساعات,7,0,$5.00,أسبوع,7,5,120.0,فارس ك.,https://khamsat.com/user/fares_kurdi,True,بائع نشيط,4.5,12,87.5%,2,10,4 ساعات
هندسة وعمارة,https://khamsat.com/engineering,الأنظمة المدمجة وIOT,https://khamsat.com/engineering/embedded-systems,"تطوير مشاريع IOT و برمجة Arduino,ESP32,ESP8266",https://khamsat.com/engineering/embedded-systems/2707002-%D8%AA%D8%B7%D9%88%D9%8A%D8%B1-%D9%85%D8%B4%D8%A7%D8%B1%D9%8A%D8%B9-iot-%D9%88-%D8%A8%D8%B1%D9%85%D8%AC%D8%A9-arduinoesp32esp8266,5.0,4,25 دقيقة,7,0,$5.00,يومين,4,4,85.0,.Mahmoud E,https://khamsat.com/user/mahmoud_sheemy,True,بائع نشيط,5.0,4,87.5%,2,7,25 دقيقة
هندسة وعمارة,https://khamsat.com/engineering,الأنظمة المدمجة وIOT,https://khamsat.com/engineering/embedded-systems,"برمجة (Arduino , esp ,avr , delta-plc) ومشاريع IoT",https://khamsat.com/engineering/embedded-systems/1980000-%D8%A8%D8%B1%D9%85%D8%AC%D8%A9-arduino-esp-avr-delta-plc-%D9%88%D9%85%D8%B4%D8%A7%D8%B1%D9%8A%D8%B9-iot,4.5,3,7 ساعات,4,0,$25.00,أسبوعين,3,0,0.0,.Yaman J,https://khamsat.com/user/yaman_jaddouh,True,بائع نشيط,5.0,10,93.75%,3,13,3 ساعات
هندسة وعمارة,https://khamsat.com/engineering,الأنظمة المدمجة وIOT,https://khamsat.com/engineering/embedded-systems,مطور برمجيات وأجهزة إنترنت الأشياء المدمجة,https://khamsat.com/engineering/embedded-systems/2826385-%D9%85%D8%B7%D9%88%D8%B1-%D8%A8%D8%B1%D9%85%D8%AC%D9%8A%D8%A7%D8%AA-%D9%88%D8%A3%D8%AC%D9%87%D8%B2%D8%A9-%D8%A5%D9%86%D8%AA%D8%B1%D9%86%D8%AA-%D8%A7%D9%84%D8%A3%D8%B4%D9%8A%D8%A7%D8%A1-%D8%A7%D9%84%D9%85%D8%AF%D9%85%D8%AC%D8%A9,5.0,1,23 ساعة,1,0,$10.00,يومين,1,0,0.0,.Mohamed Aziz A,https://khamsat.com/user/aziz_achour1904,True,بائع جديد,5.0,2,100.0%,2,1,11 ساعة
هندسة وعمارة,https://khamsat.com/engineering,الأنظمة المدمجة وIOT,https://khamsat.com/engineering/embedded-systems,برمجة مشاريع الأردوينو والAVR وال PIC بلغة ال C,https://khamsat.com/engineering/embedded-systems/2295255-%D8%A8%D8%B1%D9%85%D8%AC%D8%A9-%D9%85%D8%B4%D8%A7%D8%B1%D9%8A%D8%B9-%D8%A7%D9%84%D8%A3%D8%B1%D8%AF%D9%88%D9%8A%D9%86%D9%88-%D9%88%D8%A7%D9%84avr-%D9%88%D8%A7%D9%84-pic-%D8%A8%D9%84%D8%BA%D8%A9-%D8%A7%D9%84-c,5.0,11,49 دقيقة,11,0,$15.00,يوم واحد,11,5,80.0,حسام م.,https://khamsat.com/user/hossam_el_sayed,True,بائع مميز,5.0,44,90.77%,5,33,ساعتين
هندسة وعمارة,https://khamsat.com/engineering,الأنظمة المدمجة وIOT,https://khamsat.com/engineering/embedded-systems,برمجة مصعد الكترونى بـ اردوينو مع الحصول على كتاب المصعد,https://khamsat.com/engineering/embedded-systems/2809753-%D8%A8%D8%B1%D9%85%D8%AC%D8%A9-%D9%85%D8%B5%D8%B9%D8%AF-%D8%A7%D9%84%D9%83%D8%AA%D8%B1%D9%88%D9%86%D9%89-%D8%A8%D9%80-%D8%A7%D8%B1%D8%AF%D9%88%D9%8A%D9%86%D9%88-%D9%85%D8%B9-%D8%A7%D9%84%D8%AD%D8%B5%D9%88%D9%84-%D8%B9%D9%84%D9%89-%D9%83%D8%AA%D8%A7%D8%A8-%D8%A7%D9%84%D9%85%D8%B5%D8%B9%D8%AF,0.0,0,ساعة,2,0,$10.00,يوم واحد,0,1,15.0,.Ahmed S,https://khamsat.com/user/shokvat_service,True,بائع جديد,0.0,0,50.0%,1,2,ساعة
هندسة وعمارة,https://khamsat.com/engineering,الأنظمة المدمجة وIOT,https://khamsat.com/engineering/embedded-systems,تطوير برامج الأنظمة المندمجة وتصميم الروبوتات,https://khamsat.com/engineering/embedded-systems/2804240-%D8%AA%D8%B7%D9%88%D9%8A%D8%B1-%D8%A8%D8%B1%D8%A7%D9%85%D8%AC-%D8%A7%D9%84%D8%A3%D9%86%D8%B8%D9%85%D8%A9-%D8%A7%D9%84%D9%85%D9%86%D8%AF%D9%85%D8%AC%D8%A9-%D9%88%D8%AA%D8%B5%D9%85%D9%8A%D9%85-%D8%A7%D9%84%D8%B1%D9%88%D8%A8%D9%88%D8%AA%D8%A7%D8%AA,5.0,1,9 دقائق,1,0,$10.00,يوم واحد,1,3,65.0,.Mohamed Aziz A,https://khamsat.com/user/aziz_achour1904,True,بائع جديد,5.0,2,100.0%,2,1,11 ساعة
هندسة وعمارة,https://khamsat.com/engineering,الأنظمة المدمجة وIOT,https://khamsat.com/engineering/embedded-systems,اقوم بعمل اي مشروع باستخدام الاردوينو Arduino,https://khamsat.com/engineering/embedded-systems/738303-%D8%A7%D9%82%D9%88%D9%85-%D8%A8%D8%B9%D9%85%D9%84-%D8%A7%D9%8A-%D9%85%D8%B4%D8%B1%D9%88%D8%B9-%D8%A8%D8%A7%D8%B3%D8%AA%D8%AE%D8%AF%D8%A7%D9%85-%D8%A7%D9%84%D8%A7%D8%B1%D8%AF%D9%88%D9%8A%D9%86%D9%88-arduino,4.5,13,23 ساعة,23,0,$45.00,يومين,13,3,350.0,حسام ا.,https://khamsat.com/user/%D8%AD%D8%B3%D8%A7%D9%85-%D9%85%D8%AD%D9%85%D8%AF-%D8%A7%D8%A8%D8%B1%D8%A7%D9%87%D9%8A%D9%85,True,بائع مميز,4.5,38,78.08%,5,48,17 ساعة
هندسة وعمارة,https://khamsat.com/engineering,الأنظمة المدمجة وIOT,https://khamsat.com/engineering/embedded-systems,تصميم وتنفيذ دوائر إلكترونية ومشاريع الأردوينو,https://khamsat.com/engineering/embedded-systems/2919313-%D8%AA%D8%B5%D9%85%D9%8A%D9%85-%D9%88%D8%AA%D9%86%D9%81%D9%8A%D8%B0-%D8%AF%D9%88%D8%A7%D8%A6%D8%B1-%D8%A5%D9%84%D9%83%D8%AA%D8%B1%D9%88%D9%86%D9%8A%D8%A9-%D9%88%D9%85%D8%B4%D8%A7%D8%B1%D9%8A%D8%B9-%D8%A7%D9%84%D8%A3%D8%B1%D8%AF%D9%88%D9%8A%D9%86%D9%88,5.0,2,ساعتين,2,1,$15.00,يومين,2,2,25.0,محمد ماهر ا.,https://khamsat.com/user/maher_ibrahim,True,بائع مميز,5.0,32,92.86%,4,31,ساعتين
هندسة وعمارة,https://khamsat.com/engineering,الأنظمة المدمجة وIOT,https://khamsat.com/engineering/embedded-systems,برمجة مشاريع ESP32 و ESP8266 وربطها بال IOT Cloud,https://khamsat.com/engineering/embedded-systems/2470916-%D8%A8%D8%B1%D9%85%D8%AC%D8%A9-%D9%85%D8%B4%D8%A7%D8%B1%D9%8A%D8%B9-esp32-%D9%88-esp8266-%D9%88%D8%B1%D8%A8%D8%B7%D9%87%D8%A7-%D8%A8%D8%A7%D9%84-iot-cloud,5.0,3,ساعتين,3,0,$25.00,يومين,3,4,75.0,حسام م.,https://khamsat.com/user/hossam_el_sayed,True,بائع مميز,5.0,44,90.77%,5,33,ساعتين
هندسة وعمارة,https://khamsat.com/engineering,الأنظمة المدمجة وIOT,https://khamsat.com/engineering/embedded-systems,"تصميم مشاريع احترافية بستخدام Arduino , ESP32 & Nodmcu IOT",https://khamsat.com/engineering/embedded-systems/2341288-%D8%AA%D8%B5%D9%85%D9%8A%D9%85-%D9%85%D8%B4%D8%A7%D8%B1%D9%8A%D8%B9-%D8%A7%D8%AD%D8%AA%D8%B1%D8%A7%D9%81%D9%8A%D8%A9-%D8%A8%D8%B3%D8%AA%D8%AE%D8%AF%D8%A7%D9%85-arduino-esp32-nodmcu-iot,5.0,3,36 دقيقة,4,0,$5.00,يومين,3,2,105.0,.Basil O,https://khamsat.com/user/basil_osrof,True,بائع نشيط,5.0,13,97.62%,2,15,49 دقيقة
هندسة وعمارة,https://khamsat.com/engineering,الأنظمة المدمجة وIOT,https://khamsat.com/engineering/embedded-systems,محاكاة والتحكم في ذراع آلية Robot Arm,https://khamsat.com/engineering/embedded-systems/2897234-%D9%85%D8%AD%D8%A7%D9%83%D8%A7%D8%A9-%D9%88%D8%A7%D9%84%D8%AA%D8%AD%D9%83%D9%85-%D9%81%D9%8A-%D8%B0%D8%B1%D8%A7%D8%B9-%D8%A2%D9%84%D9%8A%D8%A9-robot-arm,5.0,1,ساعة,1,0,$10.00,يومين,1,3,175.0,يوسف ع.,https://khamsat.com/user/yousif_amr,True,بائع جديد,5.0,1,100.0%,5,1,ساعة
هندسة وعمارة,https://khamsat.com/engineering,الأنظمة المدمجة وIOT,https://khamsat.com/engineering/embedded-systems,تصميم ومحاكاة مشروع أردوينو (arduino) على برنامج proteus,https://khamsat.com/engineering/embedded-systems/1565192-%D8%AA%D8%B5%D9%85%D9%8A%D9%85-%D9%88%D9%85%D8%AD%D8%A7%D9%83%D8%A7%D8%A9-%D9%85%D8%B4%D8%B1%D9%88%D8%B9-%D8%A3%D8%B1%D8%AF%D9%88%D9%8A%D9%86%D9%88-arduino-%D8%B9%D9%84%D9%89-%D8%A8%D8%B1%D9%86%D8%A7%D9%85%D8%AC-proteus,5.0,1,14 ساعة,1,0,$5.00,يومين,1,3,160.0,مرفت م.,https://khamsat.com/user/thaer2net,True,بائع مميز,5.0,13,95.16%,4,18,6 ساعات
هندسة وعمارة,https://khamsat.com/engineering,الأنظمة المدمجة وIOT,https://khamsat.com/engineering/embedded-systems,انشاء مشاريع برمجة الاردوينو Arduino,https://khamsat.com/engineering/embedded-systems/2729938-%D8%A7%D9%86%D8%B4%D8%A7%D8%A1-%D9%85%D8%B4%D8%A7%D8%B1%D9%8A%D8%B9-%D8%A8%D8%B1%D9%85%D8%AC%D8%A9-%D8%A7%D9%84%D8%A7%D8%B1%D8%AF%D9%88%D9%8A%D9%86%D9%88-arduino,5.0,1,3 ساعات,1,0,$10.00,يومين,1,5,405.0,محمد ع.,https://khamsat.com/user/mo7e76533lion,True,بائع نشيط,5.0,7,90.91%,4,7,59 دقيقة
هندسة وعمارة,https://khamsat.com/engineering,الأنظمة المدمجة وIOT,https://khamsat.com/engineering/embedded-systems,إنشاء مشاريع كاملة في الأنظمة المدمجة Embedded Systems IOT,https://khamsat.com/engineering/embedded-systems/2549850-%D8%A5%D9%86%D8%B4%D8%A7%D8%A1-%D9%85%D8%B4%D8%A7%D8%B1%D9%8A%D8%B9-%D9%83%D8%A7%D9%85%D9%84%D8%A9-%D9%81%D9%8A-%D8%A7%D9%84%D8%A3%D9%86%D8%B8%D9%85%D8%A9-%D8%A7%D9%84%D9%85%D8%AF%D9%85%D8%AC%D8%A9-embedded-systems-iot,5.0,3,10 دقائق,3,0,$10.00,يومين,3,5,90.0,.Amr T,https://khamsat.com/user/amrmohamed2001,True,بائع جديد,5.0,5,100.0%,3,4,9 دقائق
هندسة وعمارة,https://khamsat.com/engineering,الأنظمة المدمجة وIOT,https://khamsat.com/engineering/embedded-systems,تصميم وتنفيذ الدوائر الإلكترونية لإنشاء أنظمة التحكم,https://khamsat.com/engineering/embedded-systems/2653693-%D8%AA%D8%B5%D9%85%D9%8A%D9%85-%D9%88%D8%AA%D9%86%D9%81%D9%8A%D8%B0-%D8%A7%D9%84%D8%AF%D9%88%D8%A7%D8%A6%D8%B1-%D8%A7%D9%84%D8%A5%D9%84%D9%83%D8%AA%D8%B1%D9%88%D9%86%D9%8A%D8%A9-%D9%84%D8%A5%D9%86%D8%B4%D8%A7%D8%A1-%D8%A3%D9%86%D8%B8%D9%85%D8%A9-%D8%A7%D9%84%D8%AA%D8%AD%D9%83%D9%85,5.0,1,4 دقائق,2,0,$10.00,يوم واحد,1,2,30.0,محمد ش.,https://khamsat.com/user/mohamed_shabana1399,True,بائع نشيط,5.0,1,91.67%,3,2,4 دقائق
هندسة وعمارة,https://khamsat.com/engineering,الأنظمة المدمجة وIOT,https://khamsat.com/engineering/embedded-systems,برمجة عشرين سطر على أي متحكم صغري Microcontrollers,https://khamsat.com/engineering/embedded-systems/1688967-%D8%A8%D8%B1%D9%85%D8%AC%D8%A9-%D8%B9%D8%B4%D8%B1%D9%8A%D9%86-%D8%B3%D8%B7%D8%B1-%D8%B9%D9%84%D9%89-%D8%A3%D9%8A-%D9%85%D8%AA%D8%AD%D9%83%D9%85-%D8%B5%D8%BA%D8%B1%D9%8A-microcontrollers,5.0,6,7 ساعات,13,0,$5.00,يومين,6,3,35.0,.William S,https://khamsat.com/user/william_su,True,بائع مميز,5.0,56,93.51%,7,65,3 ساعات
هندسة وعمارة,https://khamsat.com/engineering,الأنظمة المدمجة وIOT,https://khamsat.com/engineering/embedded-systems,برمجة المشاريع باستخدام الاردوينو Arduino,https://khamsat.com/engineering/embedded-systems/2226001-%D8%A8%D8%B1%D9%85%D8%AC%D8%A9-%D8%A7%D9%84%D9%85%D8%B4%D8%A7%D8%B1%D9%8A%D8%B9-%D8%A8%D8%A7%D8%B3%D8%AA%D8%AE%D8%AF%D8%A7%D9%85-%D8%A7%D9%84%D8%A7%D8%B1%D8%AF%D9%88%D9%8A%D9%86%D9%88-arduino,5.0,1,6 ساعات,2,0,$5.00,ثلاثة أيام,1,2,10.0,عبدالقادر خ.,https://khamsat.com/user/abdelqader_khalil,True,بائع جديد,5.0,1,66.67%,1,2,6 ساعات
هندسة وعمارة,https://khamsat.com/engineering,الأنظمة المدمجة وIOT,https://khamsat.com/engineering/embedded-systems,"مشاريع باستخدام STM32, AVR, PIC, Arduino, ESP32",https://khamsat.com/engineering/embedded-systems/2760398-%D9%85%D8%B4%D8%A7%D8%B1%D9%8A%D8%B9-%D8%A8%D8%A7%D8%B3%D8%AA%D8%AE%D8%AF%D8%A7%D9%85-stm32-avr-pic-arduino-esp32,5.0,6,دقيقتين,6,1,$5.00,يوم واحد,6,4,215.0,.Mohamed H,https://khamsat.com/user/muhammad_hassan1,True,بائع نشيط,5.0,28,88.64%,5,16,49 دقيقة
هندسة وعمارة,https://khamsat.com/engineering,الأنظمة المدمجة وIOT,https://khamsat.com/engineering/embedded-systems,"برمجة (Arduino , esp ,avr , delta-plc) ومشاريع IoT",https://khamsat.com/engineering/embedded-systems/2492316-%D8%A8%D8%B1%D9%85%D8%AC%D8%A9-arduino-esp-avr-delta-plc-%D9%88%D9%85%D8%B4%D8%A7%D8%B1%D9%8A%D8%B9-iot,5.0,2,13 دقيقة,2,0,$5.00,يوم واحد,2,0,0.0,طة ا.,https://khamsat.com/user/adnan_hassn,True,بائع جديد,5.0,2,80.0%,4,2,20 ساعة
هندسة وعمارة,https://khamsat.com/engineering,تصميم ميكانيكي,https://khamsat.com/engineering/mechanical-design,تصميم مشاريع هندسية 3D احترافية قابلة للتصنيع على SolidWorks,https://khamsat.com/engineering/mechanical-design/2790556-%D8%AA%D8%B5%D9%85%D9%8A%D9%85-%D9%85%D8%B4%D8%A7%D8%B1%D9%8A%D8%B9-%D9%87%D9%86%D8%AF%D8%B3%D9%8A%D8%A9-3d-%D8%A7%D8%AD%D8%AA%D8%B1%D8%A7%D9%81%D9%8A%D8%A9-%D9%82%D8%A7%D8%A8%D9%84%D8%A9-%D9%84%D9%84%D8%AA%D8%B5%D9%86%D9%8A%D8%B9-%D8%B9%D9%84%D9%89-solidworks,5.0,6,8 ساعات,10,1,$10.00,يومين,6,5,145.0,.Mohamed H,https://khamsat.com/user/mohamed_hamdan5,True,بائع نشيط,5.0,12,94.44%,2,15,5 ساعات
هندسة وعمارة,https://khamsat.com/engineering,تصميم ميكانيكي,https://khamsat.com/engineering/mechanical-design,تصميم هندسي متكامل بواسطة برنامج solidworks ( للقطعة ),https://khamsat.com/engineering/mechanical-design/1293826-%D8%AA%D8%B5%D9%85%D9%8A%D9%85-%D9%87%D9%86%D8%AF%D8%B3%D9%8A-%D9%85%D8%AA%D9%83%D8%A7%D9%85%D9%84-%D8%A8%D9%88%D8%A7%D8%B3%D8%B7%D8%A9-%D8%A8%D8%B1%D9%86%D8%A7%D9%85%D8%AC-solidworks-%D9%84%D9%84%D9%82%D8%B7%D8%B9%D8%A9,4.5,41,3 ساعات,46,0,$5.00,يوم واحد,25,3,75.0,احمد ق.,https://khamsat.com/user/kasm-777,True,بائع مميز,4.5,43,91.24%,2,46,6 ساعات
هندسة وعمارة,https://khamsat.com/engineering,تصميم ميكانيكي,https://khamsat.com/engineering/mechanical-design,دراسة وتصميم الهياكل والمنشآت المعدنية مع جميع الرسومات,https://khamsat.com/engineering/mechanical-design/1388262-%D8%AF%D8%B1%D8%A7%D8%B3%D8%A9-%D9%88%D8%AA%D8%B5%D9%85%D9%8A%D9%85-%D8%A7%D9%84%D9%87%D9%8A%D8%A7%D9%83%D9%84-%D9%88%D8%A7%D9%84%D9%85%D9%86%D8%B4%D8%A2%D8%AA-%D8%A7%D9%84%D9%85%D8%B9%D8%AF%D9%86%D9%8A%D8%A9-%D9%85%D8%B9-%D8%AC%D9%85%D9%8A%D8%B9-%D8%A7%D9%84%D8%B1%D8%B3%D9%88%D9%85%D8%A7%D8%AA,4.5,8,ساعة,11,0,$15.00,يومين,8,5,300.0,.Ilyas T,https://khamsat.com/user/ilyas_takellalet,True,بائع نشيط,4.5,8,80.0%,1,11,ساعة
هندسة وعمارة,https://khamsat.com/engineering,تصميم ميكانيكي,https://khamsat.com/engineering/mechanical-design,عمل محاكاة للموائع CFD-Analysis باستخدام برنامج ANSYS,https://khamsat.com/engineering/mechanical-design/2846637-%D8%B9%D9%85%D9%84-%D9%85%D8%AD%D8%A7%D9%83%D8%A7%D8%A9-%D9%84%D9%84%D9%85%D9%88%D8%A7%D8%A6%D8%B9-cfd-analysis-%D8%A8%D8%A7%D8%B3%D8%AA%D8%AE%D8%AF%D8%A7%D9%85-%D8%A8%D8%B1%D9%86%D8%A7%D9%85%D8%AC-ansys,5.0,1,45 دقيقة,1,0,$10.00,يوم واحد,1,5,210.0,.Walid M,https://khamsat.com/user/walid_m95,True,بائع جديد,5.0,1,100.0%,2,1,45 دقيقة
هندسة وعمارة,https://khamsat.com/engineering,تصميم ميكانيكي,https://khamsat.com/engineering/mechanical-design,اعمال الصاج sheet metal علي برنامج ال solidworks,https://khamsat.com/engineering/mechanical-design/2349869-%D8%A7%D8%B9%D9%85%D8%A7%D9%84-%D8%A7%D9%84%D8%B5%D8%A7%D8%AC-sheet-metal-%D8%B9%D9%84%D9%8A-%D8%A8%D8%B1%D9%86%D8%A7%D9%85%D8%AC-%D8%A7%D9%84-solidworks,5.0,6,13 دقيقة,6,0,$15.00,يومين,6,0,0.0,محمد ا.,https://khamsat.com/user/produc3_45,True,بائع مميز,5.0,31,96.97%,4,29,ساعة
هندسة وعمارة,https://khamsat.com/engineering,تصميم ميكانيكي,https://khamsat.com/engineering/mechanical-design,تصميم ميكانيكي 3D قابل للتصنيع باستخدام Catia V5,https://khamsat.com/engineering/mechanical-design/2945322-%D8%AA%D8%B5%D9%85%D9%8A%D9%85-%D9%85%D9%8A%D9%83%D8%A7%D9%86%D9%8A%D9%83%D9%8A-3d-%D9%82%D8%A7%D8%A8%D9%84-%D9%84%D9%84%D8%AA%D8%B5%D9%86%D9%8A%D8%B9-%D8%A8%D8%A7%D8%B3%D8%AA%D8%AE%D8%AF%D8%A7%D9%85-catia-v5,5.0,1,15 دقيقة,2,0,$10.00,ثلاثة أيام,1,1,100.0,أيمن ا.,https://khamsat.com/user/aymane8el,True,بائع جديد,5.0,1,100.0%,2,2,15 دقيقة
هندسة وعمارة,https://khamsat.com/engineering,تصميم ميكانيكي,https://khamsat.com/engineering/mechanical-design,تصميم وتحليل المنتجات باستخدام برنامج SOLIDWORKS,https://khamsat.com/engineering/mechanical-design/2543593-%D8%AA%D8%B5%D9%85%D9%8A%D9%85-%D9%88%D8%AA%D8%AD%D9%84%D9%8A%D9%84-%D8%A7%D9%84%D9%85%D9%86%D8%AA%D8%AC%D8%A7%D8%AA-%D8%A8%D8%A7%D8%B3%D8%AA%D8%AE%D8%AF%D8%A7%D9%85-%D8%A8%D8%B1%D9%86%D8%A7%D9%85%D8%AC-solidworks,5.0,17,10 ساعات,18,0,$10.00,يوم واحد,17,5,135.0,.Ahmad J,https://khamsat.com/user/ahmad_ta_jundi,True,بائع نشيط,5.0,18,100.0%,3,20,5 ساعات
هندسة وعمارة,https://khamsat.com/engineering,تصميم ميكانيكي,https://khamsat.com/engineering/mechanical-design,تصميم الأجزاء ثلاثية الأبعاد باستخدام برنامج SOLIDWORKS,https://khamsat.com/engineering/mechanical-design/2278192-%D8%AA%D8%B5%D9%85%D9%8A%D9%85-%D8%A7%D9%84%D8%A3%D8%AC%D8%B2%D8%A7%D8%A1-%D8%AB%D9%84%D8%A7%D8%AB%D9%8A%D8%A9-%D8%A7%D9%84%D8%A3%D8%A8%D8%B9%D8%A7%D8%AF-%D8%A8%D8%A7%D8%B3%D8%AA%D8%AE%D8%AF%D8%A7%D9%85-%D8%A8%D8%B1%D9%86%D8%A7%D9%85%D8%AC-solidworks,4.5,9,9 ساعات,15,0,$10.00,ثلاثة أيام,9,5,135.0,.Ahmad E,https://khamsat.com/user/ahmadmaher93,True,بائع نشيط,4.5,10,87.5%,3,16,5 ساعات
هندسة وعمارة,https://khamsat.com/engineering,تصميم ميكانيكي,https://khamsat.com/engineering/mechanical-design,تصميم اى شكل باحترافيه وعمل Stress Analysys على Solidworks,https://khamsat.com/engineering/mechanical-design/757152-%D8%AA%D8%B5%D9%85%D9%8A%D9%85-%D8%A7%D9%89-%D8%B4%D9%83%D9%84-%D8%A8%D8%A7%D8%AD%D8%AA%D8%B1%D8%A7%D9%81%D9%8A%D9%87-%D9%88%D8%B9%D9%85%D9%84-stress-analysys-%D8%B9%D9%84%D9%89-solidworks,4.5,31,31 دقيقة,37,0,$5.00,يوم واحد,25,5,195.0,محمود ع.,https://khamsat.com/user/ma7moud-3abbas,True,بائع مميز,4.5,31,87.64%,1,37,5 ساعات
هندسة وعمارة,https://khamsat.com/engineering,تصميم ميكانيكي,https://khamsat.com/engineering/mechanical-design,تصميم الأعمال الميكانيكية والكهربائية لحمامات السباحة,https://khamsat.com/engineering/mechanical-design/2546401-%D8%AA%D8%B5%D9%85%D9%8A%D9%85-%D8%A7%D9%84%D8%A3%D8%B9%D9%85%D8%A7%D9%84-%D8%A7%D9%84%D9%85%D9%8A%D9%83%D8%A7%D9%86%D9%8A%D9%83%D9%8A%D8%A9-%D9%88%D8%A7%D9%84%D9%83%D9%87%D8%B1%D8%A8%D8%A7%D8%A6%D9%8A%D8%A9-%D9%84%D8%AD%D9%85%D8%A7%D9%85%D8%A7%D8%AA-%D8%A7%D9%84%D8%B3%D8%A8%D8%A7%D8%AD%D8%A9,5.0,2,يوم,2,0,$20.00,ثلاثة أيام,2,5,295.0,.Hamed F,https://khamsat.com/user/%D8%AD%D8%A7%D9%85%D8%AF-%D9%81%D8%B1%D8%AC,True,بائع مميز,4.5,40,95.37%,3,49,4 ساعات
هندسة وعمارة,https://khamsat.com/engineering,تصميم ميكانيكي,https://khamsat.com/engineering/mechanical-design,جميع انواع نتائج تحاليل الجهد والقوة والهيكلية,https://khamsat.com/engineering/mechanical-design/2548829-%D8%AC%D9%85%D9%8A%D8%B9-%D8%A7%D9%86%D9%88%D8%A7%D8%B9-%D9%86%D8%AA%D8%A7%D8%A6%D8%AC-%D8%AA%D8%AD%D8%A7%D9%84%D9%8A%D9%84-%D8%A7%D9%84%D8%AC%D9%87%D8%AF-%D9%88%D8%A7%D9%84%D9%82%D9%88%D8%A9-%D9%88%D8%A7%D9%84%D9%87%D9%8A%D9%83%D9%84%D9%8A%D8%A9,5.0,6,26 دقيقة,6,0,$10.00,يوم واحد,6,2,15.0,.Omer B,https://khamsat.com/user/omerbekir,True,بائع نشيط,5.0,16,100.0%,4,13,14 دقيقة
هندسة وعمارة,https://khamsat.com/engineering,تصميم ميكانيكي,https://khamsat.com/engineering/mechanical-design,تصميم قطع وأشكال ثلاثية الأبعاد باستخدام سوليد ورك,https://khamsat.com/engineering/mechanical-design/2924551-%D8%AA%D8%B5%D9%85%D9%8A%D9%85-%D9%82%D8%B7%D8%B9-%D9%88%D8%A3%D8%B4%D9%83%D8%A7%D9%84-%D8%AB%D9%84%D8%A7%D8%AB%D9%8A%D8%A9-%D8%A7%D9%84%D8%A3%D8%A8%D8%B9%D8%A7%D8%AF-%D8%A8%D8%A7%D8%B3%D8%AA%D8%AE%D8%AF%D8%A7%D9%85-%D8%B3%D9%88%D9%84%D9%8A%D8%AF-%D9%88%D8%B1%D9%83,5.0,4,15 دقيقة,4,0,$5.00,أربعة أيام,4,5,90.0,شيرين ن.,https://khamsat.com/user/shereen232,True,بائع جديد,5.0,4,100.0%,1,4,15 دقيقة
هندسة وعمارة,https://khamsat.com/engineering,تصميم ميكانيكي,https://khamsat.com/engineering/mechanical-design,تصميم ميكانيكي وتحليل اجهادات وطابعة ثلاثية الابعاد,https://khamsat.com/engineering/mechanical-design/2343026-%D8%AA%D8%B5%D9%85%D9%8A%D9%85-%D9%85%D9%8A%D9%83%D8%A7%D9%86%D9%8A%D9%83%D9%8A-%D9%88%D8%AA%D8%AD%D9%84%D9%8A%D9%84-%D8%A7%D8%AC%D9%87%D8%A7%D8%AF%D8%A7%D8%AA-%D9%88%D8%B7%D8%A7%D8%A8%D8%B9%D8%A9-%D8%AB%D9%84%D8%A7%D8%AB%D9%8A%D8%A9-%D8%A7%D9%84%D8%A7%D8%A8%D8%B9%D8%A7%D8%AF,5.0,20,8 دقائق,21,0,$5.00,أربعة أيام,20,1,30.0,محمد ا.,https://khamsat.com/user/produc3_45,True,بائع مميز,5.0,31,96.97%,4,29,ساعة
هندسة وعمارة,https://khamsat.com/engineering,تصميم ميكانيكي,https://khamsat.com/engineering/mechanical-design,اعداد الحسابات والرسومات التصميمة والتنفيذية الكهروميكانيكة,https://khamsat.com/engineering/mechanical-design/2942951-%D8%A7%D8%B9%D8%AF%D8%A7%D8%AF-%D8%A7%D9%84%D8%AD%D8%B3%D8%A7%D8%A8%D8%A7%D8%AA-%D9%88%D8%A7%D9%84%D8%B1%D8%B3%D9%88%D9%85%D8%A7%D8%AA-%D8%A7%D9%84%D8%AA%D8%B5%D9%85%D9%8A%D9%85%D8%A9-%D9%88%D8%A7%D9%84%D8%AA%D9%86%D9%81%D9%8A%D8%B0%D9%8A%D8%A9-%D8%A7%D9%84%D9%83%D9%87%D8%B1%D9%88%D9%85%D9%8A%D9%83%D8%A7%D9%86%D9%8A%D9%83%D8%A9,5.0,1,ساعتين,1,0,$10.00,ثلاثة أيام,1,0,0.0,.Mohamed Z,https://khamsat.com/user/mohamedzaher33,True,بائع جديد,5.0,1,100.0%,1,1,ساعتين
هندسة وعمارة,https://khamsat.com/engineering,تصميم ميكانيكي,https://khamsat.com/engineering/mechanical-design,تصميم الاعمال الميكانيكية لحمامات السباحة 15 م2 / 5 $,https://khamsat.com/engineering/mechanical-design/1318417-%D8%AA%D8%B5%D9%85%D9%8A%D9%85-%D8%A7%D9%84%D8%A7%D8%B9%D9%85%D8%A7%D9%84-%D8%A7%D9%84%D9%85%D9%8A%D9%83%D8%A7%D9%86%D9%8A%D9%83%D9%8A%D8%A9-%D9%84%D8%AD%D9%85%D8%A7%D9%85%D8%A7%D8%AA-%D8%A7%D9%84%D8%B3%D8%A8%D8%A7%D8%AD%D8%A9-15-%D9%852-5,5.0,7,29 دقيقة,12,0,$5.00,ثلاثة أيام,7,3,75.0,.Rana M,https://khamsat.com/user/rana_magdy_altawab,True,بائع مميز,4.5,28,97.11%,5,41,3 ساعات
هندسة وعمارة,https://khamsat.com/engineering,تصميم ميكانيكي,https://khamsat.com/engineering/mechanical-design,عمل تصميم ثلاثى الابعاد باستخدام SolidWorks,https://khamsat.com/engineering/mechanical-design/1975262-%D8%B9%D9%85%D9%84-%D8%AA%D8%B5%D9%85%D9%8A%D9%85-%D8%AB%D9%84%D8%A7%D8%AB%D9%89-%D8%A7%D9%84%D8%A7%D8%A8%D8%B9%D8%A7%D8%AF-%D8%A8%D8%A7%D8%B3%D8%AA%D8%AE%D8%AF%D8%A7%D9%85-solidworks,5.0,3,ساعة,4,0,$5.00,يوم واحد,3,4,20.0,محمد ع.,https://khamsat.com/user/mohammad_antar,True,بائع نشيط,5.0,15,93.75%,5,14,16 ساعة
هندسة وعمارة,https://khamsat.com/engineering,تصميم ميكانيكي,https://khamsat.com/engineering/mechanical-design,تصميم و رسم ميكانيكي بأستخدام 3D modelling and assembly,https://khamsat.com/engineering/mechanical-design/2942785-%D8%AA%D8%B5%D9%85%D9%8A%D9%85-%D9%88-%D8%B1%D8%B3%D9%85-%D9%85%D9%8A%D9%83%D8%A7%D9%86%D9%8A%D9%83%D9%8A-%D8%A8%D8%A3%D8%B3%D8%AA%D8%AE%D8%AF%D8%A7%D9%85-3d-modelling-and-assembly,5.0,1,ساعة,1,0,$5.00,يومين,1,5,30.0,.Moaz Y,https://khamsat.com/user/moaz_yasser_hosni,True,بائع جديد,5.0,1,100.0%,1,1,ساعة
هندسة وعمارة,https://khamsat.com/engineering,تصميم ميكانيكي,https://khamsat.com/engineering/mechanical-design,تصميم ثلاثي الأبعاد لأي مشروع على برنامج Catia V5 بكل احترافية,https://khamsat.com/engineering/mechanical-design/1969932-%D8%AA%D8%B5%D9%85%D9%8A%D9%85-%D8%AB%D9%84%D8%A7%D8%AB%D9%8A-%D8%A7%D9%84%D8%A3%D8%A8%D8%B9%D8%A7%D8%AF-%D9%84%D8%A3%D9%8A-%D9%85%D8%B4%D8%B1%D9%88%D8%B9-%D8%B9%D9%84%D9%89-%D8%A8%D8%B1%D9%86%D8%A7%D9%85%D8%AC-catia-v5-%D8%A8%D9%83%D9%84-%D8%A7%D8%AD%D8%AA%D8%B1%D8%A7%D9%81%D9%8A%D8%A9,5.0,4,5 ساعات,4,0,$5.00,يومين,4,2,55.0,.Mohamed B,https://khamsat.com/user/mohamed_ben_driou,True,بائع جديد,5.0,4,71.43%,4,4,12 ساعة
هندسة وعمارة,https://khamsat.com/engineering,تصميم ميكانيكي,https://khamsat.com/engineering/mechanical-design,تصميم نماذج 3D رائعة وواقعية باستخدام SolidWorks,https://khamsat.com/engineering/mechanical-design/2640979-%D8%AA%D8%B5%D9%85%D9%8A%D9%85-%D9%86%D9%85%D8%A7%D8%B0%D8%AC-3d-%D8%B1%D8%A7%D8%A6%D8%B9%D8%A9-%D9%88%D9%88%D8%A7%D9%82%D8%B9%D9%8A%D8%A9-%D8%A8%D8%A7%D8%B3%D8%AA%D8%AE%D8%AF%D8%A7%D9%85-solidworks,5.0,2,29 دقيقة,2,0,$5.00,يوم واحد,2,4,20.0,.Mohamed A,https://khamsat.com/user/abo_shaita,True,بائع نشيط,5.0,4,100.0%,4,5,ساعة
هندسة وعمارة,https://khamsat.com/engineering,تصميم ميكانيكي,https://khamsat.com/engineering/mechanical-design,تصميم قطع باستخدام solidworks للتشغيل على ماكينات cnc,https://khamsat.com/engineering/mechanical-design/2854801-%D8%AA%D8%B5%D9%85%D9%8A%D9%85-%D9%82%D8%B7%D8%B9-%D8%A8%D8%A7%D8%B3%D8%AA%D8%AE%D8%AF%D8%A7%D9%85-solidworks-%D9%84%D9%84%D8%AA%D8%B4%D8%BA%D9%8A%D9%84-%D8%B9%D9%84%D9%89-%D9%85%D8%A7%D9%83%D9%8A%D9%86%D8%A7%D8%AA-cnc,5.0,1,أقل من دقيقة,1,0,$10.00,يوم واحد,1,1,5.0,عبدالمومن م.,https://khamsat.com/user/%D8%B9%D8%A8%D8%AF%D8%A7%D9%84%D9%85%D9%88%D9%85%D9%86-%D9%85%D8%AD%D8%B3%D9%86,True,بائع جديد,5.0,1,100.0%,5,1,4 أيام
هندسة وعمارة,https://khamsat.com/engineering,تصميم ميكانيكي,https://khamsat.com/engineering/mechanical-design,رسم و تصميم وتحليل هيكلى 2D و 3D على برنامج SOLIDWORKS,https://khamsat.com/engineering/mechanical-design/2260537-%D8%B1%D8%B3%D9%85-%D9%88-%D8%AA%D8%B5%D9%85%D9%8A%D9%85-%D9%88%D8%AA%D8%AD%D9%84%D9%8A%D9%84-%D9%87%D9%8A%D9%83%D9%84%D9%89-2d-%D9%88-3d-%D8%B9%D9%84%D9%89-%D8%A8%D8%B1%D9%86%D8%A7%D9%85%D8%AC-solidworks,5.0,9,40 دقيقة,10,0,$5.00,يوم واحد,9,5,145.0,.Mohamed S,https://khamsat.com/user/vmohamedsherifv,True,بائع نشيط,5.0,9,100.0%,1,10,40 دقيقة
هندسة وعمارة,https://khamsat.com/engineering,تصميم ميكانيكي,https://khamsat.com/engineering/mechanical-design,جميغ انواع تحاليل انتقال الحرارة,https://khamsat.com/engineering/mechanical-design/2754227-%D8%AC%D9%85%D9%8A%D8%BA-%D8%A7%D9%86%D9%88%D8%A7%D8%B9-%D8%AA%D8%AD%D8%A7%D9%84%D9%8A%D9%84-%D8%A7%D9%86%D8%AA%D9%82%D8%A7%D9%84-%D8%A7%D9%84%D8%AD%D8%B1%D8%A7%D8%B1%D8%A9,5.0,3,6 دقائق,3,0,$10.00,يوم واحد,3,2,10.0,.Omer B,https://khamsat.com/user/omerbekir,True,بائع نشيط,5.0,16,100.0%,4,13,14 دقيقة
هندسة وعمارة,https://khamsat.com/engineering,تصميم ميكانيكي,https://khamsat.com/engineering/mechanical-design,تصميم مشروع متكامل بأستخدام برنامج SolidWorks,https://khamsat.com/engineering/mechanical-design/1276973-%D8%AA%D8%B5%D9%85%D9%8A%D9%85-%D9%85%D8%B4%D8%B1%D9%88%D8%B9-%D9%85%D8%AA%D9%83%D8%A7%D9%85%D9%84-%D8%A8%D8%A3%D8%B3%D8%AA%D8%AE%D8%AF%D8%A7%D9%85-%D8%A8%D8%B1%D9%86%D8%A7%D9%85%D8%AC-solidworks,5.0,1,13 يوم,3,0,$5.00,يوم واحد,1,5,405.0,.Elsayed A,https://khamsat.com/user/elsayedahmed93,True,بائع جديد,5.0,1,100.0%,3,3,3 أيام
هندسة وعمارة,https://khamsat.com/engineering,تصميم ميكانيكي,https://khamsat.com/engineering/mechanical-design,تصميمات سوليد ووركس بشكل احترافي,https://khamsat.com/engineering/mechanical-design/2645441-%D8%AA%D8%B5%D9%85%D9%8A%D9%85%D8%A7%D8%AA-%D8%B3%D9%88%D9%84%D9%8A%D8%AF-%D9%88%D9%88%D8%B1%D9%83%D8%B3-%D8%A8%D8%B4%D9%83%D9%84-%D8%A7%D8%AD%D8%AA%D8%B1%D8%A7%D9%81%D9%8A,5.0,2,3 ساعات,3,0,$5.00,يوم واحد,2,0,0.0,.Mohamed A,https://khamsat.com/user/abo_shaita,True,بائع نشيط,5.0,4,100.0%,4,5,ساعة
هندسة وعمارة,https://khamsat.com/engineering,تصميم ميكانيكي,https://khamsat.com/engineering/mechanical-design,تصميم ورسم لوحه ثنائية الابعاد,https://khamsat.com/engineering/mechanical-design/1918970-%D8%AA%D8%B5%D9%85%D9%8A%D9%85-%D9%88%D8%B1%D8%B3%D9%85-%D9%84%D9%88%D8%AD%D9%87-%D8%AB%D9%86%D8%A7%D8%A6%D9%8A%D8%A9-%D8%A7%D9%84%D8%A7%D8%A8%D8%B9%D8%A7%D8%AF,5.0,2,4 ساعات,3,0,$50.00,يومين,2,1,15.0,.Mohamed B,https://khamsat.com/user/mohamed_hany_badr,True,بائع مميز,5.0,76,100.0%,9,83,3 ساعات
هندسة وعمارة,https://khamsat.com/engineering,تصميم ميكانيكي,https://khamsat.com/engineering/mechanical-design,عمل تصميم رسم هندسي قابل للتصنيع باستخدام برنامج solidworks,https://khamsat.com/engineering/mechanical-design/2321154-%D8%B9%D9%85%D9%84-%D8%AA%D8%B5%D9%85%D9%8A%D9%85-%D8%B1%D8%B3%D9%85-%D9%87%D9%86%D8%AF%D8%B3%D9%8A-%D9%82%D8%A7%D8%A8%D9%84-%D9%84%D9%84%D8%AA%D8%B5%D9%86%D9%8A%D8%B9-%D8%A8%D8%A7%D8%B3%D8%AA%D8%AE%D8%AF%D8%A7%D9%85-%D8%A8%D8%B1%D9%86%D8%A7%D9%85%D8%AC-solidworks,5.0,3,3 دقائق,4,0,$5.00,يوم واحد,3,4,130.0,.Hesham A,https://khamsat.com/user/hesham_ahmed13,True,بائع جديد,5.0,3,100.0%,1,4,3 دقائق
هندسة وعمارة,https://khamsat.com/engineering,تصميم ميكانيكي,https://khamsat.com/engineering/mechanical-design,عمل تصميم هيدروليكي للمسبح الخاص بك و الجاكوزي و الشلال,https://khamsat.com/engineering/mechanical-design/2611179-%D8%B9%D9%85%D9%84-%D8%AA%D8%B5%D9%85%D9%8A%D9%85-%D9%87%D9%8A%D8%AF%D8%B1%D9%88%D9%84%D9%8A%D9%83%D9%8A-%D9%84%D9%84%D9%85%D8%B3%D8%A8%D8%AD-%D8%A7%D9%84%D8%AE%D8%A7%D8%B5-%D8%A8%D9%83-%D9%88-%D8%A7%D9%84%D8%AC%D8%A7%D9%83%D9%88%D8%B2%D9%8A-%D9%88-%D8%A7%D9%84%D8%B4%D9%84%D8%A7%D9%84,4.5,3,14 ساعة,3,0,$10.00,يومين,3,1,200.0,سعد ع.,https://khamsat.com/user/esmailkamal123,True,بائع مميز,4.5,44,87.46%,4,52,3 ساعات
هندسة وعمارة,https://khamsat.com/engineering,تصميم ميكانيكي,https://khamsat.com/engineering/mechanical-design,تصميم قطع 3D على برنامج Fusion360,https://khamsat.com/engineering/mechanical-design/2097931-%D8%AA%D8%B5%D9%85%D9%8A%D9%85-%D9%82%D8%B7%D8%B9-3d-%D8%B9%D9%84%D9%89-%D8%A8%D8%B1%D9%86%D8%A7%D9%85%D8%AC-fusion360,5.0,2,39 دقيقة,2,0,$10.00,يومين,2,2,115.0,عبدالرحيم أ.,https://khamsat.com/user/abadulrhem,True,بائع نشيط,5.0,5,100.0%,3,6,ساعة
هندسة وعمارة,https://khamsat.com/engineering,تصميم ميكانيكي,https://khamsat.com/engineering/mechanical-design,أقدم لك تصميمات ثلاثية الأبعاد بـ Solidworks منتج واحد,https://khamsat.com/engineering/mechanical-design/951866-%D8%A3%D9%82%D8%AF%D9%85-%D9%84%D9%83-%D8%AA%D8%B5%D9%85%D9%8A%D9%85%D8%A7%D8%AA-%D8%AB%D9%84%D8%A7%D8%AB%D9%8A%D8%A9-%D8%A7%D9%84%D8%A3%D8%A8%D8%B9%D8%A7%D8%AF-%D8%A8%D9%80-solidworks-%D9%85%D9%86%D8%AA%D8%AC-%D9%88%D8%A7%D8%AD%D8%AF,4.5,21,18 ساعة,30,0,$10.00,يوم واحد,21,3,65.0,محمود ط.,https://khamsat.com/user/%D9%85%D8%AD%D9%85%D9%88%D8%AF-%D8%A3%D8%AD%D9%85%D8%AF-%D8%B7%D8%A7%D9%87%D8%B1,True,بائع مميز,4.5,26,83.67%,5,34,5 ساعات
هندسة وعمارة,https://khamsat.com/engineering,تصميم ميكانيكي,https://khamsat.com/engineering/mechanical-design,سأرسم لك قطعك الميكانيكية بكل سهولة,https://khamsat.com/engineering/mechanical-design/1013331-%D8%B3%D8%A3%D8%B1%D8%B3%D9%85-%D9%84%D9%83-%D9%82%D8%B7%D8%B9%D9%83-%D8%A7%D9%84%D9%85%D9%8A%D9%83%D8%A7%D9%86%D9%8A%D9%83%D9%8A%D8%A9-%D8%A8%D9%83%D9%84-%D8%B3%D9%87%D9%88%D9%84%D8%A9,4.5,17,36 دقيقة,21,0,$5.00,يومين,17,3,100.0,بدرالدين ع.,https://khamsat.com/user/cadworks2018,True,بائع مميز,4.5,44,94.96%,6,52,ساعتين
هندسة وعمارة,https://khamsat.com/engineering,أنظمة HVAC,https://khamsat.com/engineering/hvac,تصميم انظمة التدفئة والتكييف والتهوية HVAC System,https://khamsat.com/engineering/hvac/2854438-%D8%AA%D8%B5%D9%85%D9%8A%D9%85-%D8%A7%D9%86%D8%B8%D9%85%D8%A9-%D8%A7%D9%84%D8%AA%D8%AF%D9%81%D8%A6%D8%A9-%D9%88%D8%A7%D9%84%D8%AA%D9%83%D9%8A%D9%8A%D9%81-%D9%88%D8%A7%D9%84%D8%AA%D9%87%D9%88%D9%8A%D8%A9-hvac-system,5.0,3,يوم,3,0,$5.00,ثلاثة أيام,3,5,280.0,حسام ع.,https://khamsat.com/user/eng_hussam95,True,بائع نشيط,5.0,5,85.71%,5,4,يوم
هندسة وعمارة,https://khamsat.com/engineering,أنظمة HVAC,https://khamsat.com/engineering/hvac,تصميم جميع انظمة التكييف والتهوية,https://khamsat.com/engineering/hvac/1488243-%D8%AA%D8%B5%D9%85%D9%8A%D9%85-%D8%AC%D9%85%D9%8A%D8%B9-%D8%A7%D9%86%D8%B8%D9%85%D8%A9-%D8%A7%D9%84%D8%AA%D9%83%D9%8A%D9%8A%D9%81-%D9%88%D8%A7%D9%84%D8%AA%D9%87%D9%88%D9%8A%D8%A9,5.0,9,58 دقيقة,10,0,$5.00,أسبوع,9,5,220.0,.Mostafa A,https://khamsat.com/user/mostafa3zab,True,بائع مميز,5.0,11,97.1%,2,12,30 دقيقة
هندسة وعمارة,https://khamsat.com/engineering,أنظمة HVAC,https://khamsat.com/engineering/hvac,نمذجة أنظمة التكييف والسباكة باستخدام برنامج Revit MEP,https://khamsat.com/engineering/hvac/2855717-%D9%86%D9%85%D8%B0%D8%AC%D8%A9-%D8%A3%D9%86%D8%B8%D9%85%D8%A9-%D8%A7%D9%84%D8%AA%D9%83%D9%8A%D9%8A%D9%81-%D9%88%D8%A7%D9%84%D8%B3%D8%A8%D8%A7%D9%83%D8%A9-%D8%A8%D8%A7%D8%B3%D8%AA%D8%AE%D8%AF%D8%A7%D9%85-%D8%A8%D8%B1%D9%86%D8%A7%D9%85%D8%AC-revit-mep,5.0,2,23 ساعة,2,0,$10.00,ثلاثة أيام,2,1,10.0,حسام ع.,https://khamsat.com/user/eng_hussam95,True,بائع نشيط,5.0,5,85.71%,5,4,يوم
هندسة وعمارة,https://khamsat.com/engineering,أنظمة HVAC,https://khamsat.com/engineering/hvac,تصميم اعمال التكييف و التهوية و المخططات الكهروميكانيكية,https://khamsat.com/engineering/hvac/1989136-%D8%AA%D8%B5%D9%85%D9%8A%D9%85-%D8%A7%D8%B9%D9%85%D8%A7%D9%84-%D8%A7%D9%84%D8%AA%D9%83%D9%8A%D9%8A%D9%81-%D9%88-%D8%A7%D9%84%D8%AA%D9%87%D9%88%D9%8A%D8%A9-%D9%88-%D8%A7%D9%84%D9%85%D8%AE%D8%B7%D8%B7%D8%A7%D8%AA-%D8%A7%D9%84%D9%83%D9%87%D8%B1%D9%88%D9%85%D9%8A%D9%83%D8%A7%D9%86%D9%8A%D9%83%D9%8A%D8%A9,5.0,21,33 دقيقة,30,0,$5.00,أربعة أيام,21,5,100.0,سعد ع.,https://khamsat.com/user/esmailkamal123,True,بائع مميز,4.5,44,87.46%,4,52,3 ساعات
هندسة وعمارة,https://khamsat.com/engineering,أنظمة HVAC,https://khamsat.com/engineering/hvac,تصميم التكييف و التهوية بجميع انظمته لجميع المشروعات,https://khamsat.com/engineering/hvac/1487604-%D8%AA%D8%B5%D9%85%D9%8A%D9%85-%D8%A7%D9%84%D8%AA%D9%83%D9%8A%D9%8A%D9%81-%D9%88-%D8%A7%D9%84%D8%AA%D9%87%D9%88%D9%8A%D8%A9-%D8%A8%D8%AC%D9%85%D9%8A%D8%B9-%D8%A7%D9%86%D8%B8%D9%85%D8%AA%D9%87-%D9%84%D8%AC%D9%85%D9%8A%D8%B9-%D8%A7%D9%84%D9%85%D8%B4%D8%B1%D9%88%D8%B9%D8%A7%D8%AA,4.5,5,57 دقيقة,13,0,$5.00,ثلاثة أيام,5,0,0.0,.Rana M,https://khamsat.com/user/rana_magdy_altawab,True,بائع مميز,4.5,28,97.11%,5,41,3 ساعات
هندسة وعمارة,https://khamsat.com/engineering,أنظمة HVAC,https://khamsat.com/engineering/hvac,تقديم خدمات مراجعه و تصميم المخططات الخاصه بالتكيف المركزي,https://khamsat.com/engineering/hvac/2896572-%D8%AA%D9%82%D8%AF%D9%8A%D9%85-%D8%AE%D8%AF%D9%85%D8%A7%D8%AA-%D9%85%D8%B1%D8%A7%D8%AC%D8%B9%D9%87-%D9%88-%D8%AA%D8%B5%D9%85%D9%8A%D9%85-%D8%A7%D9%84%D9%85%D8%AE%D8%B7%D8%B7%D8%A7%D8%AA-%D8%A7%D9%84%D8%AE%D8%A7%D8%B5%D9%87-%D8%A8%D8%A7%D9%84%D8%AA%D9%83%D9%8A%D9%81-%D8%A7%D9%84%D9%85%D8%B1%D9%83%D8%B2%D9%8A,5.0,1,12 ساعة,1,0,$5.00,ثلاثة أيام,1,0,0.0,.Ahmed M,https://khamsat.com/user/ahmed-mamdouh-ahmed,True,بائع جديد,5.0,3,85.71%,2,4,يوم
هندسة وعمارة,https://khamsat.com/engineering,أنظمة HVAC,https://khamsat.com/engineering/hvac,تصميم HVAC علي برنامج revit & autocad,https://khamsat.com/engineering/hvac/3040036-%D8%AA%D8%B5%D9%85%D9%8A%D9%85-hvac-%D8%B9%D9%84%D9%8A-%D8%A8%D8%B1%D9%86%D8%A7%D9%85%D8%AC-revit-autocad,0.0,0,لم يحسب,0,0,$5.00,يوم واحد,0,3,30.0,Abdullah ص.,https://khamsat.com/user/abdullahsophy_56,False,بائع جديد,0.0,0,لم يحسب بعد,2,0,لم يحسب
هندسة وعمارة,https://khamsat.com/engineering,أنظمة HVAC,https://khamsat.com/engineering/hvac,تصميم مخططات HVAC & PLUMPING باحترافية عالية وباقل التكاليف,https://khamsat.com/engineering/hvac/2933040-%D8%AA%D8%B5%D9%85%D9%8A%D9%85-%D9%85%D8%AE%D8%B7%D8%B7%D8%A7%D8%AA-hvac-plumping-%D8%A8%D8%A7%D8%AD%D8%AA%D8%B1%D8%A7%D9%81%D9%8A%D8%A9-%D8%B9%D8%A7%D9%84%D9%8A%D8%A9-%D9%88%D8%A8%D8%A7%D9%82%D9%84-%D8%A7%D9%84%D8%AA%D9%83%D8%A7%D9%84%D9%8A%D9%81,0.0,0,لم يحسب,0,0,$5.00,يوم واحد,0,0,0.0,.Ameer A,https://khamsat.com/user/ameeraswad,False,بائع جديد,0.0,0,لم يحسب بعد,2,0,لم يحسب
هندسة وعمارة,https://khamsat.com/engineering,أنظمة HVAC,https://khamsat.com/engineering/hvac,تصميم مخططات التكييف والتدفئه والتهويه ومخططات الحريق,https://khamsat.com/engineering/hvac/3041643-%D8%AA%D8%B5%D9%85%D9%8A%D9%85-%D9%85%D8%AE%D8%B7%D8%B7%D8%A7%D8%AA-%D8%A7%D9%84%D8%AA%D9%83%D9%8A%D9%8A%D9%81-%D9%88%D8%A7%D9%84%D8%AA%D8%AF%D9%81%D8%A6%D9%87-%D9%88%D8%A7%D9%84%D8%AA%D9%87%D9%88%D9%8A%D9%87-%D9%88%D9%85%D8%AE%D8%B7%D8%B7%D8%A7%D8%AA-%D8%A7%D9%84%D8%AD%D8%B1%D9%8A%D9%82,0.0,0,لم يحسب,0,0,$10.00,ثلاثة أيام,0,0,0.0,.Ahmed G,https://khamsat.com/user/ahmedgad3070,True,بائع جديد,0.0,0,لم يحسب بعد,1,0,لم يحسب
هندسة وعمارة,https://khamsat.com/engineering,أنظمة HVAC,https://khamsat.com/engineering/hvac,تصميم انظمة التدفئة والتكييف والتهوية HVAC System,https://khamsat.com/engineering/hvac/2975180-%D8%AA%D8%B5%D9%85%D9%8A%D9%85-%D8%A7%D9%86%D8%B8%D9%85%D8%A9-%D8%A7%D9%84%D8%AA%D8%AF%D9%81%D8%A6%D8%A9-%D9%88%D8%A7%D9%84%D8%AA%D9%83%D9%8A%D9%8A%D9%81-%D9%88%D8%A7%D9%84%D8%AA%D9%87%D9%88%D9%8A%D8%A9-hvac-system,0.0,0,لم يحسب,0,0,$5.00,يوم واحد,0,0,0.0,.Hamza E,https://khamsat.com/user/hamzaelnahas,True,بائع جديد,0.0,0,لم يحسب بعد,2,0,لم يحسب
هندسة وعمارة,https://khamsat.com/engineering,أنظمة HVAC,https://khamsat.com/engineering/hvac,حساب احمال وتصميم خرط التكييف المركزى 16 متر مربع بى $5,https://khamsat.com/engineering/hvac/955434-%D8%AD%D8%B3%D8%A7%D8%A8-%D8%A7%D8%AD%D9%85%D8%A7%D9%84-%D9%88%D8%AA%D8%B5%D9%85%D9%8A%D9%85-%D8%AE%D8%B1%D8%B7-%D8%A7%D9%84%D8%AA%D9%83%D9%8A%D9%8A%D9%81-%D8%A7%D9%84%D9%85%D8%B1%D9%83%D8%B2%D9%89-16-%D9%85%D8%AA%D8%B1-%D9%85%D8%B1%D8%A8%D8%B9-%D8%A8%D9%89-5,5.0,2,11 ساعة,7,0,$5.00,أسبوعين,2,3,150.0,.Mohammed S,https://khamsat.com/user/mohammed-saifaldain,True,بائع مميز,5.0,11,87.32%,3,12,3 أيام
هندسة وعمارة,https://khamsat.com/engineering,أنظمة HVAC,https://khamsat.com/engineering/hvac,عمل تصاميم HVAC باستخدام الريفيت و الاوتوكاد,https://khamsat.com/engineering/hvac/2968976-%D8%B9%D9%85%D9%84-%D8%AA%D8%B5%D8%A7%D9%85%D9%8A%D9%85-hvac-%D8%A8%D8%A7%D8%B3%D8%AA%D8%AE%D8%AF%D8%A7%D9%85-%D8%A7%D9%84%D8%B1%D9%8A%D9%81%D9%8A%D8%AA-%D9%88-%D8%A7%D9%84%D8%A7%D9%88%D8%AA%D9%88%D9%83%D8%A7%D8%AF,0.0,0,لم يحسب,0,0,$5.00,ثلاثة أيام,0,0,0.0,.Hamza E,https://khamsat.com/user/hamzaelnahas,True,بائع جديد,0.0,0,لم يحسب بعد,2,0,لم يحسب
هندسة وعمارة,https://khamsat.com/engineering,أنظمة HVAC,https://khamsat.com/engineering/hvac,تصميم انظمة التكييف للمبانى السكنية,https://khamsat.com/engineering/hvac/984791-%D8%AA%D8%B5%D9%85%D9%8A%D9%85-%D8%A7%D9%86%D8%B8%D9%85%D8%A9-%D8%A7%D9%84%D8%AA%D9%83%D9%8A%D9%8A%D9%81-%D9%84%D9%84%D9%85%D8%A8%D8%A7%D9%86%D9%89-%D8%A7%D9%84%D8%B3%D9%83%D9%86%D9%8A%D8%A9,5.0,5,يوم,5,0,$5.00,أسبوعين,5,1,15.0,.Mohammed S,https://khamsat.com/user/mohammed-saifaldain,True,بائع مميز,5.0,11,87.32%,3,12,3 أيام
هندسة وعمارة,https://khamsat.com/engineering,أنظمة HVAC,https://khamsat.com/engineering/hvac,تصميم أنظمة التكييف المختلفة,https://khamsat.com/engineering/hvac/2883116-%D8%AA%D8%B5%D9%85%D9%8A%D9%85-%D8%A3%D9%86%D8%B8%D9%85%D8%A9-%D8%A7%D9%84%D8%AA%D9%83%D9%8A%D9%8A%D9%81-%D8%A7%D9%84%D9%85%D8%AE%D8%AA%D9%84%D9%81%D8%A9,0.0,0,لم يحسب,0,0,$5.00,يومين,0,2,20.0,حسين ع.,https://khamsat.com/user/hussein01093,True,بائع جديد,5.0,1,100.0%,4,1,26 دقيقة
هندسة وعمارة,https://khamsat.com/engineering,أنظمة HVAC,https://khamsat.com/engineering/hvac,دراسة وتصميم أنظمة التدفئة والتكييف والتهوية,https://khamsat.com/engineering/hvac/2713542-%D8%AF%D8%B1%D8%A7%D8%B3%D8%A9-%D9%88%D8%AA%D8%B5%D9%85%D9%8A%D9%85-%D8%A3%D9%86%D8%B8%D9%85%D8%A9-%D8%A7%D9%84%D8%AA%D8%AF%D9%81%D8%A6%D8%A9-%D9%88%D8%A7%D9%84%D8%AA%D9%83%D9%8A%D9%8A%D9%81-%D9%88%D8%A7%D9%84%D8%AA%D9%87%D9%88%D9%8A%D8%A9,0.0,0,لم يحسب,0,0,$5.00,أسبوع,0,0,0.0,.Shaza S,https://khamsat.com/user/shaza_31,False,بائع جديد,0.0,0,لم يحسب بعد,1,0,لم يحسب
هندسة وعمارة,https://khamsat.com/engineering,أنظمة HVAC,https://khamsat.com/engineering/hvac,"تصميم تصريف نظام التكييف HVAC ,انظمة التكييف,المياه المتكاثف",https://khamsat.com/engineering/hvac/2904558-%D8%AA%D8%B5%D9%85%D9%8A%D9%85-%D8%AA%D8%B5%D8%B1%D9%8A%D9%81-%D9%86%D8%B8%D8%A7%D9%85-%D8%A7%D9%84%D8%AA%D9%83%D9%8A%D9%8A%D9%81-hvac-%D8%A7%D9%86%D8%B8%D9%85%D8%A9-%D8%A7%D9%84%D8%AA%D9%83%D9%8A%D9%8A%D9%81%D8%A7%D9%84%D9%85%D9%8A%D8%A7%D9%87-%D8%A7%D9%84%D9%85%D8%AA%D9%83%D8%A7%D8%AB%D9%81,0.0,0,لم يحسب,0,0,$5.00,يومين,0,4,65.0,.Ahmad A,https://khamsat.com/user/eng_ahmad_alsaadi,True,بائع جديد,0.0,0,لم يحسب بعد,4,0,لم يحسب
هندسة وعمارة,https://khamsat.com/engineering,أنظمة HVAC,https://khamsat.com/engineering/hvac,تصميم جميع أنظمة التكييف HVAC,https://khamsat.com/engineering/hvac/2773574-%D8%AA%D8%B5%D9%85%D9%8A%D9%85-%D8%AC%D9%85%D9%8A%D8%B9-%D8%A3%D9%86%D8%B8%D9%85%D8%A9-%D8%A7%D9%84%D8%AA%D9%83%D9%8A%D9%8A%D9%81-hvac,0.0,0,لم يحسب,0,0,$5.00,ثلاثة أيام,0,0,0.0,.Mohamed B,https://khamsat.com/user/mohamed_bekheet,True,بائع جديد,0.0,0,لم يحسب بعد,1,0,لم يحسب
هندسة وعمارة,https://khamsat.com/engineering,أنظمة HVAC,https://khamsat.com/engineering/hvac,حساب احمال وتصميم التكييف المركزى 16 متر مربع بى $5,https://khamsat.com/engineering/hvac/1248153-%D8%AD%D8%B3%D8%A7%D8%A8-%D8%A7%D8%AD%D9%85%D8%A7%D9%84-%D9%88%D8%AA%D8%B5%D9%85%D9%8A%D9%85-%D8%A7%D9%84%D8%AA%D9%83%D9%8A%D9%8A%D9%81-%D8%A7%D9%84%D9%85%D8%B1%D9%83%D8%B2%D9%89-16-%D9%85%D8%AA%D8%B1-%D9%85%D8%B1%D8%A8%D8%B9-%D8%A8%D9%89-5,0.0,0,3 أيام,0,0,$5.00,ثلاثة أيام,0,0,0.0,.Afnan M,https://khamsat.com/user/am_afnan,True,بائع جديد,0.0,0,لم يحسب بعد,3,0,3 أيام
هندسة وعمارة,https://khamsat.com/engineering,أنظمة HVAC,https://khamsat.com/engineering/hvac,حسابات أحمال التكييف لمنزلك او شركتك و عمل اللوحات التصمييه,https://khamsat.com/engineering/hvac/1365214-%D8%AD%D8%B3%D8%A7%D8%A8%D8%A7%D8%AA-%D8%A3%D8%AD%D9%85%D8%A7%D9%84-%D8%A7%D9%84%D8%AA%D9%83%D9%8A%D9%8A%D9%81-%D9%84%D9%85%D9%86%D8%B2%D9%84%D9%83-%D8%A7%D9%88-%D8%B4%D8%B1%D9%83%D8%AA%D9%83-%D9%88-%D8%B9%D9%85%D9%84-%D8%A7%D9%84%D9%84%D9%88%D8%AD%D8%A7%D8%AA-%D8%A7%D9%84%D8%AA%D8%B5%D9%85%D9%8A%D9%8A%D9%87,0.0,0,لم يحسب,0,0,$5.00,أربعة أيام,0,0,0.0,.Afnan M,https://khamsat.com/user/am_afnan,True,بائع جديد,0.0,0,لم يحسب بعد,3,0,3 أيام
هندسة وعمارة,https://khamsat.com/engineering,أنظمة HVAC,https://khamsat.com/engineering/hvac,تصميم أعمال التكييف المركزى,https://khamsat.com/engineering/hvac/2853623-%D8%AA%D8%B5%D9%85%D9%8A%D9%85-%D8%A3%D8%B9%D9%85%D8%A7%D9%84-%D8%A7%D9%84%D8%AA%D9%83%D9%8A%D9%8A%D9%81-%D8%A7%D9%84%D9%85%D8%B1%D9%83%D8%B2%D9%89,0.0,0,لم يحسب,0,0,$5.00,يومين,0,5,90.0,رمضان شحاتة عبدالعزيز ا.,https://khamsat.com/user/r_sh_gad,False,بائع جديد,0.0,0,لم يحسب بعد,2,0,لم يحسب
هندسة وعمارة,https://khamsat.com/engineering,أنظمة HVAC,https://khamsat.com/engineering/hvac,دراسة أنظمة التكييف والتهوية HVAC,https://khamsat.com/engineering/hvac/2855768-%D8%AF%D8%B1%D8%A7%D8%B3%D8%A9-%D8%A3%D9%86%D8%B8%D9%85%D8%A9-%D8%A7%D9%84%D8%AA%D9%83%D9%8A%D9%8A%D9%81-%D9%88%D8%A7%D9%84%D8%AA%D9%87%D9%88%D9%8A%D8%A9-hvac,0.0,0,لم يحسب,0,0,$10.00,ثلاثة أيام,0,3,180.0,حسام ع.,https://khamsat.com/user/eng_hussam95,True,بائع نشيط,5.0,5,85.71%,5,4,يوم
هندسة وعمارة,https://khamsat.com/engineering,أنظمة HVAC,https://khamsat.com/engineering/hvac,تصميم انظمة التكييف المركزي HVAC وتصميم PLUMBING,https://khamsat.com/engineering/hvac/3043813-%D8%AA%D8%B5%D9%85%D9%8A%D9%85-%D8%A7%D9%86%D8%B8%D9%85%D8%A9-%D8%A7%D9%84%D8%AA%D9%83%D9%8A%D9%8A%D9%81-%D8%A7%D9%84%D9%85%D8%B1%D9%83%D8%B2%D9%8A-hvac-%D9%88%D8%AA%D8%B5%D9%85%D9%8A%D9%85-plumbing,0.0,0,لم يحسب,0,0,$5.00,يوم واحد,0,0,0.0,.Khaled M,https://khamsat.com/user/khaled_mohamed_19,True,بائع جديد,0.0,0,لم يحسب بعد,1,0,لم يحسب
هندسة وعمارة,https://khamsat.com/engineering,أنظمة HVAC,https://khamsat.com/engineering/hvac,تصميم مخططات التكييف الهندسية للفلل والمباني,https://khamsat.com/engineering/hvac/2433500-%D8%AA%D8%B5%D9%85%D9%8A%D9%85-%D9%85%D8%AE%D8%B7%D8%B7%D8%A7%D8%AA-%D8%A7%D9%84%D8%AA%D9%83%D9%8A%D9%8A%D9%81-%D8%A7%D9%84%D9%87%D9%86%D8%AF%D8%B3%D9%8A%D8%A9-%D9%84%D9%84%D9%81%D9%84%D9%84-%D9%88%D8%A7%D9%84%D9%85%D8%A8%D8%A7%D9%86%D9%8A,0.0,0,لم يحسب,0,0,$10.00,ثلاثة أيام,0,0,0.0,عدنان ب.,https://khamsat.com/user/adnan_baroudi,True,بائع جديد,0.0,0,لم يحسب بعد,4,0,5 ساعات
هندسة وعمارة,https://khamsat.com/engineering,أنظمة HVAC,https://khamsat.com/engineering/hvac,تصميم مخططات تكييف shop drawing,https://khamsat.com/engineering/hvac/2473059-%D8%AA%D8%B5%D9%85%D9%8A%D9%85-%D9%85%D8%AE%D8%B7%D8%B7%D8%A7%D8%AA-%D8%AA%D9%83%D9%8A%D9%8A%D9%81-shop-drawing,0.0,0,5 ساعات,0,0,$10.00,يومين,0,0,0.0,عدنان ب.,https://khamsat.com/user/adnan_baroudi,True,بائع جديد,0.0,0,لم يحسب بعد,4,0,5 ساعات
هندسة وعمارة,https://khamsat.com/engineering,أنظمة HVAC,https://khamsat.com/engineering/hvac,تصميم مخططات التكييف المركزي للفلل والمباني,https://khamsat.com/engineering/hvac/2711356-%D8%AA%D8%B5%D9%85%D9%8A%D9%85-%D9%85%D8%AE%D8%B7%D8%B7%D8%A7%D8%AA-%D8%A7%D9%84%D8%AA%D9%83%D9%8A%D9%8A%D9%81-%D8%A7%D9%84%D9%85%D8%B1%D9%83%D8%B2%D9%8A-%D9%84%D9%84%D9%81%D9%84%D9%84-%D9%88%D8%A7%D9%84%D9%85%D8%A8%D8%A7%D9%86%D9%8A,0.0,0,لم يحسب,0,0,$10.00,يومين,0,0,0.0,عدنان ب.,https://khamsat.com/user/adnan_baroudi,True,بائع جديد,0.0,0,لم يحسب بعد,4,0,5 ساعات
هندسة وعمارة,https://khamsat.com/engineering,أنظمة HVAC,https://khamsat.com/engineering/hvac,تصميم المخططات التنفيذية لأعمال التكييف لجميع المباني,https://khamsat.com/engineering/hvac/2344227-%D8%AA%D8%B5%D9%85%D9%8A%D9%85-%D8%A7%D9%84%D9%85%D8%AE%D8%B7%D8%B7%D8%A7%D8%AA-%D8%A7%D9%84%D8%AA%D9%86%D9%81%D9%8A%D8%B0%D9%8A%D8%A9-%D9%84%D8%A3%D8%B9%D9%85%D8%A7%D9%84-%D8%A7%D9%84%D8%AA%D9%83%D9%8A%D9%8A%D9%81-%D9%84%D8%AC%D9%85%D9%8A%D8%B9-%D8%A7%D9%84%D9%85%D8%A8%D8%A7%D9%86%D9%8A,0.0,0,لم يحسب,0,0,$5.00,ثلاثة أيام,0,4,115.0,.Mohamed Mourad Y,https://khamsat.com/user/mouradmep,True,بائع جديد,0.0,0,100.0%,5,1,21 ساعة
هندسة وعمارة,https://khamsat.com/engineering,أنظمة HVAC,https://khamsat.com/engineering/hvac,دراسةاعمال التكييف والتهوية HVAC باستخدام Autocad و Revit,https://khamsat.com/engineering/hvac/2795113-%D8%AF%D8%B1%D8%A7%D8%B3%D8%A9%D8%A7%D8%B9%D9%85%D8%A7%D9%84-%D8%A7%D9%84%D8%AA%D9%83%D9%8A%D9%8A%D9%81-%D9%88%D8%A7%D9%84%D8%AA%D9%87%D9%88%D9%8A%D8%A9-hvac-%D8%A8%D8%A7%D8%B3%D8%AA%D8%AE%D8%AF%D8%A7%D9%85-autocad-%D9%88-revit,0.0,0,لم يحسب,0,0,$5.00,يومين,0,0,0.0,زكريا ا.,https://khamsat.com/user/zakariah00,False,بائع جديد,0.0,0,لم يحسب بعد,1,0,لم يحسب
هندسة وعمارة,https://khamsat.com/engineering,أنظمة HVAC,https://khamsat.com/engineering/hvac,ساقوم بتقدير الاحمال الحرارية للمبنى المعماري,https://khamsat.com/engineering/hvac/2038807-%D8%B3%D8%A7%D9%82%D9%88%D9%85-%D8%A8%D8%AA%D9%82%D8%AF%D9%8A%D8%B1-%D8%A7%D9%84%D8%A7%D8%AD%D9%85%D8%A7%D9%84-%D8%A7%D9%84%D8%AD%D8%B1%D8%A7%D8%B1%D9%8A%D8%A9-%D9%84%D9%84%D9%85%D8%A8%D9%86%D9%89-%D8%A7%D9%84%D9%85%D8%B9%D9%85%D8%A7%D8%B1%D9%8A,0.0,0,لم يحسب,0,0,$5.00,ثلاثة أيام,0,2,20.0,.Mohamed Mourad Y,https://khamsat.com/user/mouradmep,True,بائع جديد,0.0,0,100.0%,5,1,21 ساعة
هندسة وعمارة,https://khamsat.com/engineering,أنظمة HVAC,https://khamsat.com/engineering/hvac,رسم وتصميم مخططات التكييف والتهوية HVAC Shop Drawing,https://khamsat.com/engineering/hvac/2587255-%D8%B1%D8%B3%D9%85-%D9%88%D8%AA%D8%B5%D9%85%D9%8A%D9%85-%D9%85%D8%AE%D8%B7%D8%B7%D8%A7%D8%AA-%D8%A7%D9%84%D8%AA%D9%83%D9%8A%D9%8A%D9%81-%D9%88%D8%A7%D9%84%D8%AA%D9%87%D9%88%D9%8A%D8%A9-hvac-shop-drawing,0.0,0,لم يحسب,0,0,$10.00,يومين,0,0,0.0,عدنان ب.,https://khamsat.com/user/adnan_baroudi,True,بائع جديد,0.0,0,لم يحسب بعد,4,0,5 ساعات
هندسة وعمارة,https://khamsat.com/engineering,أنظمة HVAC,https://khamsat.com/engineering/hvac,فيلل تصميم جميع اعمال التكييف والسباكة تغذية وصرف للفيلل,https://khamsat.com/engineering/hvac/2781533-%D9%81%D9%8A%D9%84%D9%84-%D8%AA%D8%B5%D9%85%D9%8A%D9%85-%D8%AC%D9%85%D9%8A%D8%B9-%D8%A7%D8%B9%D9%85%D8%A7%D9%84-%D8%A7%D9%84%D8%AA%D9%83%D9%8A%D9%8A%D9%81-%D9%88%D8%A7%D9%84%D8%B3%D8%A8%D8%A7%D9%83%D8%A9-%D8%AA%D8%BA%D8%B0%D9%8A%D8%A9-%D9%88%D8%B5%D8%B1%D9%81-%D9%84%D9%84%D9%81%D9%8A%D9%84%D9%84,0.0,0,لم يحسب,0,0,$10.00,ثلاثة أيام,0,1,40.0,احمد ا.,https://khamsat.com/user/engahmedakram,True,بائع جديد,0.0,0,لم يحسب بعد,5,0,لم يحسب
هندسة وعمارة,https://khamsat.com/engineering,أنظمة المياه والصرف,https://khamsat.com/engineering/plumbing-drainage-systems,رسم مخططات الميكانيك والصرف الصحي وإمداد المياه AutoCAD,https://khamsat.com/engineering/plumbing-drainage-systems/1048170-%D8%B1%D8%B3%D9%85-%D9%85%D8%AE%D8%B7%D8%B7%D8%A7%D8%AA-%D8%A7%D9%84%D9%85%D9%8A%D9%83%D8%A7%D9%86%D9%8A%D9%83-%D9%88%D8%A7%D9%84%D8%B5%D8%B1%D9%81-%D8%A7%D9%84%D8%B5%D8%AD%D9%8A-%D9%88%D8%A5%D9%85%D8%AF%D8%A7%D8%AF-%D8%A7%D9%84%D9%85%D9%8A%D8%A7%D9%87-autocad,5.0,27,4 ساعات,40,0,$10.00,يوم واحد,25,5,140.0,سليمان ك.,https://khamsat.com/user/slmo,True,بائع موثوق,4.5,204,97.19%,7,248,ساعتين
هندسة وعمارة,https://khamsat.com/engineering,أنظمة المياه والصرف,https://khamsat.com/engineering/plumbing-drainage-systems,تصميم حمامات السباحه والنوافير,https://khamsat.com/engineering/plumbing-drainage-systems/2770123-%D8%AA%D8%B5%D9%85%D9%8A%D9%85-%D8%AD%D9%85%D8%A7%D9%85%D8%A7%D8%AA-%D8%A7%D9%84%D8%B3%D8%A8%D8%A7%D8%AD%D9%87-%D9%88%D8%A7%D9%84%D9%86%D9%88%D8%A7%D9%81%D9%8A%D8%B1,5.0,1,26 دقيقة,1,0,$5.00,يومين,1,0,0.0,حسين ع.,https://khamsat.com/user/hussein01093,True,بائع جديد,5.0,1,100.0%,4,1,26 دقيقة
هندسة وعمارة,https://khamsat.com/engineering,أنظمة المياه والصرف,https://khamsat.com/engineering/plumbing-drainage-systems,تصميم الصرف الصحي و تغذية المياة للفيلا و المباني السكنية,https://khamsat.com/engineering/plumbing-drainage-systems/1465631-%D8%AA%D8%B5%D9%85%D9%8A%D9%85-%D8%A7%D9%84%D8%B5%D8%B1%D9%81-%D8%A7%D9%84%D8%B5%D8%AD%D9%8A-%D9%88-%D8%AA%D8%BA%D8%B0%D9%8A%D8%A9-%D8%A7%D9%84%D9%85%D9%8A%D8%A7%D8%A9-%D9%84%D9%84%D9%81%D9%8A%D9%84%D8%A7-%D9%88-%D8%A7%D9%84%D9%85%D8%A8%D8%A7%D9%86%D9%8A-%D8%A7%D9%84%D8%B3%D9%83%D9%86%D9%8A%D8%A9,4.5,8,3 ساعات,17,1,$15.00,يومين,8,1,75.0,.Rana M,https://khamsat.com/user/rana_magdy_altawab,True,بائع مميز,4.5,28,97.11%,5,41,3 ساعات
هندسة وعمارة,https://khamsat.com/engineering,أنظمة المياه والصرف,https://khamsat.com/engineering/plumbing-drainage-systems,تقديم الرسومات التنفيذية لاعمال السباكة في جميع المشروعات,https://khamsat.com/engineering/plumbing-drainage-systems/2010898-%D8%AA%D9%82%D8%AF%D9%8A%D9%85-%D8%A7%D9%84%D8%B1%D8%B3%D9%88%D9%85%D8%A7%D8%AA-%D8%A7%D9%84%D8%AA%D9%86%D9%81%D9%8A%D8%B0%D9%8A%D8%A9-%D9%84%D8%A7%D8%B9%D9%85%D8%A7%D9%84-%D8%A7%D9%84%D8%B3%D8%A8%D8%A7%D9%83%D8%A9-%D9%81%D9%8A-%D8%AC%D9%85%D9%8A%D8%B9-%D8%A7%D9%84%D9%85%D8%B4%D8%B1%D9%88%D8%B9%D8%A7%D8%AA,5.0,7,8 ساعات,8,1,$10.00,يومين,7,1,75.0,.Rana M,https://khamsat.com/user/rana_magdy_altawab,True,بائع مميز,4.5,28,97.11%,5,41,3 ساعات
هندسة وعمارة,https://khamsat.com/engineering,أنظمة المياه والصرف,https://khamsat.com/engineering/plumbing-drainage-systems,تصميم شبكات الري مزارع - حدائق - مسطحات خضراء,https://khamsat.com/engineering/plumbing-drainage-systems/2737244-%D8%AA%D8%B5%D9%85%D9%8A%D9%85-%D8%B4%D8%A8%D9%83%D8%A7%D8%AA-%D8%A7%D9%84%D8%B1%D9%8A-%D9%85%D8%B2%D8%A7%D8%B1%D8%B9-%D8%AD%D8%AF%D8%A7%D8%A6%D9%82-%D9%85%D8%B3%D8%B7%D8%AD%D8%A7%D8%AA-%D8%AE%D8%B6%D8%B1%D8%A7%D8%A1,0.0,0,5 ساعات,1,0,$5.00,أربعة أيام,0,1,5.0,.Amir S,https://khamsat.com/user/amirsa3id,True,بائع جديد,0.0,0,100.0%,2,1,5 ساعات
هندسة وعمارة,https://khamsat.com/engineering,أنظمة المياه والصرف,https://khamsat.com/engineering/plumbing-drainage-systems,تصميم شبكة مياة الشرب و الري بجميع ملحقاتها,https://khamsat.com/engineering/plumbing-drainage-systems/1465616-%D8%AA%D8%B5%D9%85%D9%8A%D9%85-%D8%B4%D8%A8%D9%83%D8%A9-%D9%85%D9%8A%D8%A7%D8%A9-%D8%A7%D9%84%D8%B4%D8%B1%D8%A8-%D9%88-%D8%A7%D9%84%D8%B1%D9%8A-%D8%A8%D8%AC%D9%85%D9%8A%D8%B9-%D9%85%D9%84%D8%AD%D9%82%D8%A7%D8%AA%D9%87%D8%A7,5.0,1,10 ساعات,1,0,$5.00,يوم واحد,1,2,50.0,.Rana M,https://khamsat.com/user/rana_magdy_altawab,True,بائع مميز,4.5,28,97.11%,5,41,3 ساعات
هندسة وعمارة,https://khamsat.com/engineering,أنظمة المياه والصرف,https://khamsat.com/engineering/plumbing-drainage-systems,"نمذجة شبكات المياه باستخدام وwatercad,watergems,waterhammer",https://khamsat.com/engineering/plumbing-drainage-systems/1104328-%D9%86%D9%85%D8%B0%D8%AC%D8%A9-%D8%B4%D8%A8%D9%83%D8%A7%D8%AA-%D8%A7%D9%84%D9%85%D9%8A%D8%A7%D9%87-%D8%A8%D8%A7%D8%B3%D8%AA%D8%AE%D8%AF%D8%A7%D9%85-%D9%88watercadwatergemswaterhammer,5.0,2,ساعتين,3,0,$5.00,خمسة أيام,2,1,5.0,.Jamelah S,https://khamsat.com/user/jamelahsalman123456,True,بائع نشيط,5.0,14,61.4%,2,10,ساعتين
هندسة وعمارة,https://khamsat.com/engineering,أنظمة المياه والصرف,https://khamsat.com/engineering/plumbing-drainage-systems,تصميم ثلاثي الابعاد لمعدات معالجة المياه,https://khamsat.com/engineering/plumbing-drainage-systems/3043026-%D8%AA%D8%B5%D9%85%D9%8A%D9%85-%D8%AB%D9%84%D8%A7%D8%AB%D9%8A-%D8%A7%D9%84%D8%A7%D8%A8%D8%B9%D8%A7%D8%AF-%D9%84%D9%85%D8%B9%D8%AF%D8%A7%D8%AA-%D9%85%D8%B9%D8%A7%D9%84%D8%AC%D8%A9-%D8%A7%D9%84%D9%85%D9%8A%D8%A7%D9%87,0.0,0,لم يحسب,0,0,$5.00,يوم واحد,0,1,5.0,.Abdullah A,https://khamsat.com/user/amer1195,True,بائع جديد,0.0,0,لم يحسب بعد,2,0,لم يحسب
هندسة وعمارة,https://khamsat.com/engineering,أنظمة المياه والصرف,https://khamsat.com/engineering/plumbing-drainage-systems,تصميم الصرف الصحي وتغذية المياة للفيلا والمباني السكنية,https://khamsat.com/engineering/plumbing-drainage-systems/2883420-%D8%AA%D8%B5%D9%85%D9%8A%D9%85-%D8%A7%D9%84%D8%B5%D8%B1%D9%81-%D8%A7%D9%84%D8%B5%D8%AD%D9%8A-%D9%88%D8%AA%D8%BA%D8%B0%D9%8A%D8%A9-%D8%A7%D9%84%D9%85%D9%8A%D8%A7%D8%A9-%D9%84%D9%84%D9%81%D9%8A%D9%84%D8%A7-%D9%88%D8%A7%D9%84%D9%85%D8%A8%D8%A7%D9%86%D9%8A-%D8%A7%D9%84%D8%B3%D9%83%D9%86%D9%8A%D8%A9,0.0,0,لم يحسب,0,0,$5.00,يوم واحد,0,2,25.0,حسين ع.,https://khamsat.com/user/hussein01093,True,بائع جديد,5.0,1,100.0%,4,1,26 دقيقة
هندسة وعمارة,https://khamsat.com/engineering,أنظمة المياه والصرف,https://khamsat.com/engineering/plumbing-drainage-systems,تصميم تغذية مياه الفيلا والمبانى السكنية والمباني التجارية,https://khamsat.com/engineering/plumbing-drainage-systems/2882807-%D8%AA%D8%B5%D9%85%D9%8A%D9%85-%D8%AA%D8%BA%D8%B0%D9%8A%D8%A9-%D9%85%D9%8A%D8%A7%D9%87-%D8%A7%D9%84%D9%81%D9%8A%D9%84%D8%A7-%D9%88%D8%A7%D9%84%D9%85%D8%A8%D8%A7%D9%86%D9%89-%D8%A7%D9%84%D8%B3%D9%83%D9%86%D9%8A%D8%A9-%D9%88%D8%A7%D9%84%D9%85%D8%A8%D8%A7%D9%86%D9%8A-%D8%A7%D9%84%D8%AA%D8%AC%D8%A7%D8%B1%D9%8A%D8%A9,0.0,0,لم يحسب,0,0,$5.00,يومين,0,5,45.0,.Ahmad A,https://khamsat.com/user/eng_ahmad_alsaadi,True,بائع جديد,0.0,0,لم يحسب بعد,4,0,لم يحسب
هندسة وعمارة,https://khamsat.com/engineering,أنظمة المياه والصرف,https://khamsat.com/engineering/plumbing-drainage-systems,تصميم مخططات السباكه و الاعمال الصحيه,https://khamsat.com/engineering/plumbing-drainage-systems/1734901-%D8%AA%D8%B5%D9%85%D9%8A%D9%85-%D9%85%D8%AE%D8%B7%D8%B7%D8%A7%D8%AA-%D8%A7%D9%84%D8%B3%D8%A8%D8%A7%D9%83%D9%87-%D9%88-%D8%A7%D9%84%D8%A7%D8%B9%D9%85%D8%A7%D9%84-%D8%A7%D9%84%D8%B5%D8%AD%D9%8A%D9%87,4.5,17,4 دقائق,25,2,$5.00,ثلاثة أيام,17,3,60.0,سعد ع.,https://khamsat.com/user/esmailkamal123,True,بائع مميز,4.5,44,87.46%,4,52,3 ساعات
هندسة وعمارة,https://khamsat.com/engineering,أنظمة المياه والصرف,https://khamsat.com/engineering/plumbing-drainage-systems,تصميم صرف صحي وتغذية مياه الفيلا والمبانى السكنية,https://khamsat.com/engineering/plumbing-drainage-systems/2872115-%D8%AA%D8%B5%D9%85%D9%8A%D9%85-%D8%B5%D8%B1%D9%81-%D8%B5%D8%AD%D9%8A-%D9%88%D8%AA%D8%BA%D8%B0%D9%8A%D8%A9-%D9%85%D9%8A%D8%A7%D9%87-%D8%A7%D9%84%D9%81%D9%8A%D9%84%D8%A7-%D9%88%D8%A7%D9%84%D9%85%D8%A8%D8%A7%D9%86%D9%89-%D8%A7%D9%84%D8%B3%D9%83%D9%86%D9%8A%D8%A9,0.0,0,لم يحسب,0,0,$10.00,يومين,0,4,65.0,أحمد س.,https://khamsat.com/user/ahmed_ghanayem,True,بائع جديد,0.0,0,لم يحسب بعد,1,0,لم يحسب
هندسة وعمارة,https://khamsat.com/engineering,أنظمة المياه والصرف,https://khamsat.com/engineering/plumbing-drainage-systems,تصميم أنظمة تغذية المياه والصرف الصحي Plumbing,https://khamsat.com/engineering/plumbing-drainage-systems/2855704-%D8%AA%D8%B5%D9%85%D9%8A%D9%85-%D8%A3%D9%86%D8%B8%D9%85%D8%A9-%D8%AA%D8%BA%D8%B0%D9%8A%D8%A9-%D8%A7%D9%84%D9%85%D9%8A%D8%A7%D9%87-%D9%88%D8%A7%D9%84%D8%B5%D8%B1%D9%81-%D8%A7%D9%84%D8%B5%D8%AD%D9%8A-plumbing,0.0,0,لم يحسب,0,0,$5.00,ثلاثة أيام,0,2,10.0,حسام ع.,https://khamsat.com/user/eng_hussam95,True,بائع نشيط,5.0,5,85.71%,5,4,يوم
هندسة وعمارة,https://khamsat.com/engineering,أنظمة المياه والصرف,https://khamsat.com/engineering/plumbing-drainage-systems,تصميم صرف صحي للمبانى السكنية والمجمعات التجارية والفلل.,https://khamsat.com/engineering/plumbing-drainage-systems/2882830-%D8%AA%D8%B5%D9%85%D9%8A%D9%85-%D8%B5%D8%B1%D9%81-%D8%B5%D8%AD%D9%8A-%D9%84%D9%84%D9%85%D8%A8%D8%A7%D9%86%D9%89-%D8%A7%D9%84%D8%B3%D9%83%D9%86%D9%8A%D8%A9-%D9%88%D8%A7%D9%84%D9%85%D8%AC%D9%85%D8%B9%D8%A7%D8%AA-%D8%A7%D9%84%D8%AA%D8%AC%D8%A7%D8%B1%D9%8A%D8%A9-%D9%88%D8%A7%D9%84%D9%81%D9%84%D9%84,0.0,0,لم يحسب,0,0,$10.00,ثلاثة أيام,0,5,110.0,.Ahmad A,https://khamsat.com/user/eng_ahmad_alsaadi,True,بائع جديد,0.0,0,لم يحسب بعد,4,0,لم يحسب
هندسة وعمارة,https://khamsat.com/engineering,أنظمة المياه والصرف,https://khamsat.com/engineering/plumbing-drainage-systems,تصميم الصرف الصحي و تغذية المياة للمباني والمسابح,https://khamsat.com/engineering/plumbing-drainage-systems/2939432-%D8%AA%D8%B5%D9%85%D9%8A%D9%85-%D8%A7%D9%84%D8%B5%D8%B1%D9%81-%D8%A7%D9%84%D8%B5%D8%AD%D9%8A-%D9%88-%D8%AA%D8%BA%D8%B0%D9%8A%D8%A9-%D8%A7%D9%84%D9%85%D9%8A%D8%A7%D8%A9-%D9%84%D9%84%D9%85%D8%A8%D8%A7%D9%86%D9%8A-%D9%88%D8%A7%D9%84%D9%85%D8%B3%D8%A7%D8%A8%D8%AD,0.0,0,لم يحسب,0,0,$5.00,ثلاثة أيام,0,0,0.0,عمار ب.,https://khamsat.com/user/ammar_basher1981,True,بائع جديد,0.0,0,لم يحسب بعد,1,0,لم يحسب
هندسة وعمارة,https://khamsat.com/engineering,أنظمة المياه والصرف,https://khamsat.com/engineering/plumbing-drainage-systems,تصميم نظم ري شبكات رئيسية، شبكات فرعية، أنظمة تحكم,https://khamsat.com/engineering/plumbing-drainage-systems/2982947-%D8%AA%D8%B5%D9%85%D9%8A%D9%85-%D9%86%D8%B8%D9%85-%D8%B1%D9%8A-%D8%B4%D8%A8%D9%83%D8%A7%D8%AA-%D8%B1%D8%A6%D9%8A%D8%B3%D9%8A%D8%A9-%D8%B4%D8%A8%D9%83%D8%A7%D8%AA-%D9%81%D8%B1%D8%B9%D9%8A%D8%A9-%D8%A3%D9%86%D8%B8%D9%85%D8%A9-%D8%AA%D8%AD%D9%83%D9%85,0.0,0,لم يحسب,0,0,$5.00,ثلاثة أيام,0,2,100.0,محمد ا.,https://khamsat.com/user/irrigation_23,False,بائع جديد,0.0,0,لم يحسب بعد,1,0,لم يحسب
هندسة وعمارة,https://khamsat.com/engineering,أنظمة المياه والصرف,https://khamsat.com/engineering/plumbing-drainage-systems,رسم وتصميم مخططات المكيكانيكا والصرف والمياه 50 م ب 5 دولا,https://khamsat.com/engineering/plumbing-drainage-systems/1744286-%D8%B1%D8%B3%D9%85-%D9%88%D8%AA%D8%B5%D9%85%D9%8A%D9%85-%D9%85%D8%AE%D8%B7%D8%B7%D8%A7%D8%AA-%D8%A7%D9%84%D9%85%D9%83%D9%8A%D9%83%D8%A7%D9%86%D9%8A%D9%83%D8%A7-%D9%88%D8%A7%D9%84%D8%B5%D8%B1%D9%81-%D9%88%D8%A7%D9%84%D9%85%D9%8A%D8%A7%D9%87-50-%D9%85-%D8%A8-5-%D8%AF%D9%88%D9%84%D8%A7,5.0,1,ساعتين,1,0,$5.00,أربعة أيام,1,0,0.0,.Ahmed A,https://khamsat.com/user/frist.man1,True,بائع مميز,4.5,25,89.91%,6,30,6 ساعات
هندسة وعمارة,https://khamsat.com/engineering,أنظمة المياه والصرف,https://khamsat.com/engineering/plumbing-drainage-systems,عمل ملفات ومشاريع المياه والصرف الصحي ArcGIS Pro,https://khamsat.com/engineering/plumbing-drainage-systems/2889519-%D8%B9%D9%85%D9%84-%D9%85%D9%84%D9%81%D8%A7%D8%AA-%D9%88%D9%85%D8%B4%D8%A7%D8%B1%D9%8A%D8%B9-%D8%A7%D9%84%D9%85%D9%8A%D8%A7%D9%87-%D9%88%D8%A7%D9%84%D8%B5%D8%B1%D9%81-%D8%A7%D9%84%D8%B5%D8%AD%D9%8A-arcgis-pro,0.0,0,لم يحسب,0,0,$10.00,ستة أيام,0,3,35.0,محمد ف.,https://khamsat.com/user/samiea5006,True,بائع جديد,0.0,0,لم يحسب بعد,2,0,لم يحسب
هندسة وعمارة,https://khamsat.com/engineering,أنظمة المياه والصرف,https://khamsat.com/engineering/plumbing-drainage-systems,تصميم شبكات المياه الشرب والصرف الصحى على برنامج الأتوكاد,https://khamsat.com/engineering/plumbing-drainage-systems/2869376-%D8%AA%D8%B5%D9%85%D9%8A%D9%85-%D8%B4%D8%A8%D9%83%D8%A7%D8%AA-%D8%A7%D9%84%D9%85%D9%8A%D8%A7%D9%87-%D8%A7%D9%84%D8%B4%D8%B1%D8%A8-%D9%88%D8%A7%D9%84%D8%B5%D8%B1%D9%81-%D8%A7%D9%84%D8%B5%D8%AD%D9%89-%D8%B9%D9%84%D9%89-%D8%A8%D8%B1%D9%86%D8%A7%D9%85%D8%AC-%D8%A7%D9%84%D8%A3%D8%AA%D9%88%D9%83%D8%A7%D8%AF,0.0,0,لم يحسب,0,0,$10.00,ثلاثة أيام,0,0,0.0,.Mohammad Nour H,https://khamsat.com/user/nour_2124,True,بائع جديد,0.0,0,لم يحسب بعد,1,0,لم يحسب
هندسة وعمارة,https://khamsat.com/engineering,أنظمة المياه والصرف,https://khamsat.com/engineering/plumbing-drainage-systems,تصميم اعمال تغذية وصرف المياه و السباكة Plumbing,https://khamsat.com/engineering/plumbing-drainage-systems/2685619-%D8%AA%D8%B5%D9%85%D9%8A%D9%85-%D8%A7%D8%B9%D9%85%D8%A7%D9%84-%D8%AA%D8%BA%D8%B0%D9%8A%D8%A9-%D9%88%D8%B5%D8%B1%D9%81-%D8%A7%D9%84%D9%85%D9%8A%D8%A7%D9%87-%D9%88-%D8%A7%D9%84%D8%B3%D8%A8%D8%A7%D9%83%D8%A9-plumbing,0.0,0,لم يحسب,0,0,$5.00,يوم واحد,0,2,30.0,احمد ا.,https://khamsat.com/user/engahmedakram,True,بائع جديد,0.0,0,لم يحسب بعد,5,0,لم يحسب
هندسة وعمارة,https://khamsat.com/engineering,أنظمة المياه والصرف,https://khamsat.com/engineering/plumbing-drainage-systems,تصميم وتحليل نماذج لشبكات المياه والصرف والأمطار,https://khamsat.com/engineering/plumbing-drainage-systems/2925374-%D8%AA%D8%B5%D9%85%D9%8A%D9%85-%D9%88%D8%AA%D8%AD%D9%84%D9%8A%D9%84-%D9%86%D9%85%D8%A7%D8%B0%D8%AC-%D9%84%D8%B4%D8%A8%D9%83%D8%A7%D8%AA-%D8%A7%D9%84%D9%85%D9%8A%D8%A7%D9%87-%D9%88%D8%A7%D9%84%D8%B5%D8%B1%D9%81-%D9%88%D8%A7%D9%84%D8%A3%D9%85%D8%B7%D8%A7%D8%B1,0.0,0,لم يحسب,0,0,$10.00,أسبوع,0,0,0.0,.Abdalrahim S,https://khamsat.com/user/abd_raheem,True,بائع جديد,0.0,0,لم يحسب بعد,3,0,لم يحسب
هندسة وعمارة,https://khamsat.com/engineering,أنظمة المياه والصرف,https://khamsat.com/engineering/plumbing-drainage-systems,رسم مخططات التغذية والصرف وانظمة مكافحة الحرائق,https://khamsat.com/engineering/plumbing-drainage-systems/2821621-%D8%B1%D8%B3%D9%85-%D9%85%D8%AE%D8%B7%D8%B7%D8%A7%D8%AA-%D8%A7%D9%84%D8%AA%D8%BA%D8%B0%D9%8A%D8%A9-%D9%88%D8%A7%D9%84%D8%B5%D8%B1%D9%81-%D9%88%D8%A7%D9%86%D8%B8%D9%85%D8%A9-%D9%85%D9%83%D8%A7%D9%81%D8%AD%D8%A9-%D8%A7%D9%84%D8%AD%D8%B1%D8%A7%D8%A6%D9%82,0.0,0,10 ساعات,0,0,$10.00,يومين,0,3,25.0,.Ahmed R,https://khamsat.com/user/ahmed_rehab25,True,بائع جديد,0.0,0,0.0%,2,0,10 ساعات
هندسة وعمارة,https://khamsat.com/engineering,أنظمة المياه والصرف,https://khamsat.com/engineering/plumbing-drainage-systems,رسم المخططات الصرف الصحي وامداد المياه والسباكة,https://khamsat.com/engineering/plumbing-drainage-systems/2731195-%D8%B1%D8%B3%D9%85-%D8%A7%D9%84%D9%85%D8%AE%D8%B7%D8%B7%D8%A7%D8%AA-%D8%A7%D9%84%D8%B5%D8%B1%D9%81-%D8%A7%D9%84%D8%B5%D8%AD%D9%8A-%D9%88%D8%A7%D9%85%D8%AF%D8%A7%D8%AF-%D8%A7%D9%84%D9%85%D9%8A%D8%A7%D9%87-%D9%88%D8%A7%D9%84%D8%B3%D8%A8%D8%A7%D9%83%D8%A9,0.0,0,لم يحسب,0,0,$5.00,ثلاثة أيام,0,4,125.0,.Amr E,https://khamsat.com/user/%D8%B9%D9%85%D8%B1%D9%88-%D8%A7%D9%84%D8%B3%D9%88%D9%8A%D8%B1%D9%83%D9%8A,True,بائع مميز,4.5,51,90.37%,11,64,ساعتين
هندسة وعمارة,https://khamsat.com/engineering,أنظمة المياه والصرف,https://khamsat.com/engineering/plumbing-drainage-systems,تصميم شبكة الصرف الصحي والمطر و تغذية المياه لجميع المشاريع,https://khamsat.com/engineering/plumbing-drainage-systems/2688341-%D8%AA%D8%B5%D9%85%D9%8A%D9%85-%D8%B4%D8%A8%D9%83%D8%A9-%D8%A7%D9%84%D8%B5%D8%B1%D9%81-%D8%A7%D9%84%D8%B5%D8%AD%D9%8A-%D9%88%D8%A7%D9%84%D9%85%D8%B7%D8%B1-%D9%88-%D8%AA%D8%BA%D8%B0%D9%8A%D8%A9-%D8%A7%D9%84%D9%85%D9%8A%D8%A7%D9%87-%D9%84%D8%AC%D9%85%D9%8A%D8%B9-%D8%A7%D9%84%D9%85%D8%B4%D8%A7%D8%B1%D9%8A%D8%B9,0.0,0,لم يحسب,0,0,$5.00,ثلاثة أيام,0,4,275.0,.Aya M,https://khamsat.com/user/aasm_998,True,بائع مميز,5.0,75,79.89%,16,84,5 ساعات
هندسة وعمارة,https://khamsat.com/engineering,أنظمة المياه والصرف,https://khamsat.com/engineering/plumbing-drainage-systems,تصميم انظمة السباكة والتكييف لكافة انواع المشاريع,https://khamsat.com/engineering/plumbing-drainage-systems/2196132-%D8%AA%D8%B5%D9%85%D9%8A%D9%85-%D8%A7%D9%86%D8%B8%D9%85%D8%A9-%D8%A7%D9%84%D8%B3%D8%A8%D8%A7%D9%83%D8%A9-%D9%88%D8%A7%D9%84%D8%AA%D9%83%D9%8A%D9%8A%D9%81-%D9%84%D9%83%D8%A7%D9%81%D8%A9-%D8%A7%D9%86%D9%88%D8%A7%D8%B9-%D8%A7%D9%84%D9%85%D8%B4%D8%A7%D8%B1%D9%8A%D8%B9,4.5,3,3 ساعات,4,0,$5.00,يوم واحد,3,3,100.0,.Ali S,https://khamsat.com/user/salamoon,True,بائع مميز,4.5,104,86.7%,13,139,7 ساعات
هندسة وعمارة,https://khamsat.com/engineering,أنظمة المياه والصرف,https://khamsat.com/engineering/plumbing-drainage-systems,تصميم الصرف الصحي و تغذية المياة للفيلا و المباني السكنية,https://khamsat.com/engineering/plumbing-drainage-systems/3040194-%D8%AA%D8%B5%D9%85%D9%8A%D9%85-%D8%A7%D9%84%D8%B5%D8%B1%D9%81-%D8%A7%D9%84%D8%B5%D8%AD%D9%8A-%D9%88-%D8%AA%D8%BA%D8%B0%D9%8A%D8%A9-%D8%A7%D9%84%D9%85%D9%8A%D8%A7%D8%A9-%D9%84%D9%84%D9%81%D9%8A%D9%84%D8%A7-%D9%88-%D8%A7%D9%84%D9%85%D8%A8%D8%A7%D9%86%D9%8A-%D8%A7%D9%84%D8%B3%D9%83%D9%86%D9%8A%D8%A9,0.0,0,25 دقيقة,0,2,$5.00,أربعة أيام,0,0,0.0,.Esraa E,https://khamsat.com/user/esraa_elshrbiny,False,بائع جديد,0.0,0,لم يحسب بعد,2,0,25 دقيقة
هندسة وعمارة,https://khamsat.com/engineering,أنظمة مكافحة الحريق,https://khamsat.com/engineering/fire-systems,تصميم مخططات الاطفاء ودراسة المضخة والخزان المناسب,https://khamsat.com/engineering/fire-systems/2869286-%D8%AA%D8%B5%D9%85%D9%8A%D9%85-%D9%85%D8%AE%D8%B7%D8%B7%D8%A7%D8%AA-%D8%A7%D9%84%D8%A7%D8%B7%D9%81%D8%A7%D8%A1-%D9%88%D8%AF%D8%B1%D8%A7%D8%B3%D8%A9-%D8%A7%D9%84%D9%85%D8%B6%D8%AE%D8%A9-%D9%88%D8%A7%D9%84%D8%AE%D8%B2%D8%A7%D9%86-%D8%A7%D9%84%D9%85%D9%86%D8%A7%D8%B3%D8%A8,4.5,4,ساعة,5,1,$10.00,أربعة أيام,4,4,65.0,.Noor A,https://khamsat.com/user/noor_alhomsi,True,بائع نشيط,4.5,10,77.27%,2,11,52 دقيقة
هندسة وعمارة,https://khamsat.com/engineering,أنظمة مكافحة الحريق,https://khamsat.com/engineering/fire-systems,تصميم مميز لأنظمة مكافحة الحريق مخططات اطفاء ومخططات الإنذار,https://khamsat.com/engineering/fire-systems/2892771-%D8%AA%D8%B5%D9%85%D9%8A%D9%85-%D9%85%D9%85%D9%8A%D8%B2-%D9%84%D8%A3%D9%86%D8%B8%D9%85%D8%A9-%D9%85%D9%83%D8%A7%D9%81%D8%AD%D8%A9-%D8%A7%D9%84%D8%AD%D8%B1%D9%8A%D9%82-%D9%85%D8%AE%D8%B7%D8%B7%D8%A7%D8%AA-%D8%A7%D8%B7%D9%81%D8%A7%D8%A1-%D9%88%D9%85%D8%AE%D8%B7%D8%B7%D8%A7%D8%AA-%D8%A7%D9%84%D8%A5%D9%86%D8%B0%D8%A7%D8%B1,5.0,1,5 ساعات,1,0,$10.00,يوم واحد,1,5,125.0,سمير ا.,https://khamsat.com/user/sameer_94,True,بائع جديد,5.0,1,100.0%,5,1,5 ساعات
هندسة وعمارة,https://khamsat.com/engineering,أنظمة مكافحة الحريق,https://khamsat.com/engineering/fire-systems,تصميم أنظمة مكافحة الحريق مخططات اطفاء ومخططات الإنذار,https://khamsat.com/engineering/fire-systems/2693985-%D8%AA%D8%B5%D9%85%D9%8A%D9%85-%D8%A3%D9%86%D8%B8%D9%85%D8%A9-%D9%85%D9%83%D8%A7%D9%81%D8%AD%D8%A9-%D8%A7%D9%84%D8%AD%D8%B1%D9%8A%D9%82-%D9%85%D8%AE%D8%B7%D8%B7%D8%A7%D8%AA-%D8%A7%D8%B7%D9%81%D8%A7%D8%A1-%D9%88%D9%85%D8%AE%D8%B7%D8%B7%D8%A7%D8%AA-%D8%A7%D9%84%D8%A5%D9%86%D8%B0%D8%A7%D8%B1,4.5,6,24 دقيقة,8,0,$10.00,يومين,6,5,130.0,.Noor A,https://khamsat.com/user/noor_alhomsi,True,بائع نشيط,4.5,10,77.27%,2,11,52 دقيقة
هندسة وعمارة,https://khamsat.com/engineering,أنظمة مكافحة الحريق,https://khamsat.com/engineering/fire-systems,تصميم وعمل الرسومات التنفيذية لاعمال مكافحة الحريق,https://khamsat.com/engineering/fire-systems/1488268-%D8%AA%D8%B5%D9%85%D9%8A%D9%85-%D9%88%D8%B9%D9%85%D9%84-%D8%A7%D9%84%D8%B1%D8%B3%D9%88%D9%85%D8%A7%D8%AA-%D8%A7%D9%84%D8%AA%D9%86%D9%81%D9%8A%D8%B0%D9%8A%D8%A9-%D9%84%D8%A7%D8%B9%D9%85%D8%A7%D9%84-%D9%85%D9%83%D8%A7%D9%81%D8%AD%D8%A9-%D8%A7%D9%84%D8%AD%D8%B1%D9%8A%D9%82,5.0,2,دقيقة,5,0,$5.00,أسبوع,2,2,95.0,.Mostafa A,https://khamsat.com/user/mostafa3zab,True,بائع مميز,5.0,11,97.1%,2,12,30 دقيقة
هندسة وعمارة,https://khamsat.com/engineering,أنظمة مكافحة الحريق,https://khamsat.com/engineering/fire-systems,تصميم اعمال مكافحة الحريق باحترافية,https://khamsat.com/engineering/fire-systems/3040040-%D8%AA%D8%B5%D9%85%D9%8A%D9%85-%D8%A7%D8%B9%D9%85%D8%A7%D9%84-%D9%85%D9%83%D8%A7%D9%81%D8%AD%D8%A9-%D8%A7%D9%84%D8%AD%D8%B1%D9%8A%D9%82-%D8%A8%D8%A7%D8%AD%D8%AA%D8%B1%D8%A7%D9%81%D9%8A%D8%A9,0.0,0,لم يحسب,0,0,$5.00,يومين,0,3,30.0,Abdullah ص.,https://khamsat.com/user/abdullahsophy_56,False,بائع جديد,0.0,0,لم يحسب بعد,2,0,لم يحسب
هندسة وعمارة,https://khamsat.com/engineering,أنظمة مكافحة الحريق,https://khamsat.com/engineering/fire-systems,تصميم الانظمة المختلفة لأعمال الحريق,https://khamsat.com/engineering/fire-systems/2883415-%D8%AA%D8%B5%D9%85%D9%8A%D9%85-%D8%A7%D9%84%D8%A7%D9%86%D8%B8%D9%85%D8%A9-%D8%A7%D9%84%D9%85%D8%AE%D8%AA%D9%84%D9%81%D8%A9-%D9%84%D8%A3%D8%B9%D9%85%D8%A7%D9%84-%D8%A7%D9%84%D8%AD%D8%B1%D9%8A%D9%82,0.0,0,لم يحسب,0,0,$5.00,يومين,0,2,50.0,حسين ع.,https://khamsat.com/user/hussein01093,True,بائع جديد,5.0,1,100.0%,4,1,26 دقيقة
هندسة وعمارة,https://khamsat.com/engineering,أنظمة مكافحة الحريق,https://khamsat.com/engineering/fire-systems,مهندس تصميم انظمة التكييف واطفاء الحريق والصرف الصحي,https://khamsat.com/engineering/fire-systems/2952173-%D9%85%D9%87%D9%86%D8%AF%D8%B3-%D8%AA%D8%B5%D9%85%D9%8A%D9%85-%D8%A7%D9%86%D8%B8%D9%85%D8%A9-%D8%A7%D9%84%D8%AA%D9%83%D9%8A%D9%8A%D9%81-%D9%88%D8%A7%D8%B7%D9%81%D8%A7%D8%A1-%D8%A7%D9%84%D8%AD%D8%B1%D9%8A%D9%82-%D9%88%D8%A7%D9%84%D8%B5%D8%B1%D9%81-%D8%A7%D9%84%D8%B5%D8%AD%D9%8A,0.0,0,لم يحسب,0,0,$5.00,يومين,0,0,0.0,.Mahmoud Z,https://khamsat.com/user/mahmoud-elsayed-zaki,True,بائع جديد,0.0,0,لم يحسب بعد,1,0,لم يحسب
هندسة وعمارة,https://khamsat.com/engineering,أنظمة مكافحة الحريق,https://khamsat.com/engineering/fire-systems,تصميم شبكة مكافحة الحرائق,https://khamsat.com/engineering/fire-systems/2824228-%D8%AA%D8%B5%D9%85%D9%8A%D9%85-%D8%B4%D8%A8%D9%83%D8%A9-%D9%85%D9%83%D8%A7%D9%81%D8%AD%D8%A9-%D8%A7%D9%84%D8%AD%D8%B1%D8%A7%D8%A6%D9%82,0.0,0,لم يحسب,0,0,$10.00,يومين,0,2,20.0,.Ahmed R,https://khamsat.com/user/ahmed_rehab25,True,بائع جديد,0.0,0,0.0%,2,0,10 ساعات
هندسة وعمارة,https://khamsat.com/engineering,أنظمة مكافحة الحريق,https://khamsat.com/engineering/fire-systems,تصميم أنظمة مكافحة الحريق,https://khamsat.com/engineering/fire-systems/2983548-%D8%AA%D8%B5%D9%85%D9%8A%D9%85-%D8%A3%D9%86%D8%B8%D9%85%D8%A9-%D9%85%D9%83%D8%A7%D9%81%D8%AD%D8%A9-%D8%A7%D9%84%D8%AD%D8%B1%D9%8A%D9%82,0.0,0,لم يحسب,0,0,$10.00,خمسة أيام,0,2,20.0,.Hend Ahmed M,https://khamsat.com/user/hendabutaleb,False,بائع جديد,0.0,0,لم يحسب بعد,1,0,لم يحسب
هندسة وعمارة,https://khamsat.com/engineering,أنظمة مكافحة الحريق,https://khamsat.com/engineering/fire-systems,تصميم انظمة اطفاء الحريق والسباكه والتكييف للمنازل 2D & 3D,https://khamsat.com/engineering/fire-systems/1063708-%D8%AA%D8%B5%D9%85%D9%8A%D9%85-%D8%A7%D9%86%D8%B8%D9%85%D8%A9-%D8%A7%D8%B7%D9%81%D8%A7%D8%A1-%D8%A7%D9%84%D8%AD%D8%B1%D9%8A%D9%82-%D9%88%D8%A7%D9%84%D8%B3%D8%A8%D8%A7%D9%83%D9%87-%D9%88%D8%A7%D9%84%D8%AA%D9%83%D9%8A%D9%8A%D9%81-%D9%84%D9%84%D9%85%D9%86%D8%A7%D8%B2%D9%84-2d-3d,5.0,2,3 أيام,2,0,$5.00,يوم واحد,2,1,25.0,.Mohammed S,https://khamsat.com/user/mohammed-saifaldain,True,بائع مميز,5.0,11,87.32%,3,12,3 أيام
هندسة وعمارة,https://khamsat.com/engineering,أنظمة مكافحة الحريق,https://khamsat.com/engineering/fire-systems,تصميم الرسومات المبدأية والتنفيذية لنظام اطفاء وانذار الحريق,https://khamsat.com/engineering/fire-systems/2978597-%D8%AA%D8%B5%D9%85%D9%8A%D9%85-%D8%A7%D9%84%D8%B1%D8%B3%D9%88%D9%85%D8%A7%D8%AA-%D8%A7%D9%84%D9%85%D8%A8%D8%AF%D8%A3%D9%8A%D8%A9-%D9%88%D8%A7%D9%84%D8%AA%D9%86%D9%81%D9%8A%D8%B0%D9%8A%D8%A9-%D9%84%D9%86%D8%B8%D8%A7%D9%85-%D8%A7%D8%B7%D9%81%D8%A7%D8%A1-%D9%88%D8%A7%D9%86%D8%B0%D8%A7%D8%B1-%D8%A7%D9%84%D8%AD%D8%B1%D9%8A%D9%82,0.0,0,لم يحسب,0,0,$5.00,أربعة أيام,0,1,20.0,نهى م.,https://khamsat.com/user/nohamohammed_1983,False,بائع جديد,0.0,0,لم يحسب بعد,1,0,لم يحسب
هندسة وعمارة,https://khamsat.com/engineering,أنظمة مكافحة الحريق,https://khamsat.com/engineering/fire-systems,تصميم اعمال مكافحة الحريق و الحسابات المطلوبة و غرفة المضخة,https://khamsat.com/engineering/fire-systems/2896236-%D8%AA%D8%B5%D9%85%D9%8A%D9%85-%D8%A7%D8%B9%D9%85%D8%A7%D9%84-%D9%85%D9%83%D8%A7%D9%81%D8%AD%D8%A9-%D8%A7%D9%84%D8%AD%D8%B1%D9%8A%D9%82-%D9%88-%D8%A7%D9%84%D8%AD%D8%B3%D8%A7%D8%A8%D8%A7%D8%AA-%D8%A7%D9%84%D9%85%D8%B7%D9%84%D9%88%D8%A8%D8%A9-%D9%88-%D8%BA%D8%B1%D9%81%D8%A9-%D8%A7%D9%84%D9%85%D8%B6%D8%AE%D8%A9,0.0,0,لم يحسب,0,0,$5.00,خمسة أيام,0,0,0.0,عبدالعظيم ف.,https://khamsat.com/user/abdelazimfathy,False,بائع جديد,0.0,0,لم يحسب بعد,1,0,لم يحسب
