Category Name,Category URL,Service Name,Service URL,Offer Name,Offer URL,Offer Stars,Offer Raters,Offer Response Time,Offer Buyers,Pending,Price,Duration,Reviews,Available Additions,Additions Price,Owner Name,Owner URL,Owner Verified,Owner Level,Owner Stars,Owner Raters,Owner Completion Rate,Owner Services,Owner Customers,Owner Response Time
تصميم,https://khamsat.com/designing,منشورات سوشيال ميديا,https://khamsat.com/designing/social-posts-banners,تصميم بوستات سوشيال ميديا,https://khamsat.com/designing/social-posts-banners/1573023-%D8%AA%D8%B5%D9%85%D9%8A%D9%85-%D8%A8%D9%88%D8%B3%D8%AA%D8%A7%D8%AA-%D8%B3%D9%88%D8%B4%D9%8A%D8%A7%D9%84-%D9%85%D9%8A%D8%AF%D9%8A%D8%A7,4.5,60,12 ساعة,76,0,$10.00,يومين,25,4,20.0,.Ibraheem K,https://khamsat.com/user/ibraheem_khateeb,True,بائع مميز,4.5,118,95.71%,3,136,4 ساعات
تصميم,https://khamsat.com/designing,منشورات سوشيال ميديا,https://khamsat.com/designing/social-posts-banners,تصاميم سوشيال ميديا احترافية,https://khamsat.com/designing/social-posts-banners/2290330-%D8%AA%D8%B5%D8%A7%D9%85%D9%8A%D9%85-%D8%B3%D9%88%D8%B4%D9%8A%D8%A7%D9%84-%D9%85%D9%8A%D8%AF%D9%8A%D8%A7-%D8%A7%D8%AD%D8%AA%D8%B1%D8%A7%D9%81%D9%8A%D8%A9,5.0,19,18 دقيقة,25,0,$20.00,يوم واحد,19,4,105.0,.Amjad A,https://khamsat.com/user/amjadabolebda,True,بائع مميز,5.0,30,93.85%,2,37,10 دقائق
تصميم,https://khamsat.com/designing,منشورات سوشيال ميديا,https://khamsat.com/designing/social-posts-banners,بوستات سوشيال ميديا احترافية,https://khamsat.com/designing/social-posts-banners/2020192-%D8%A8%D9%88%D8%B3%D8%AA%D8%A7%D8%AA-%D8%B3%D9%88%D8%B4%D9%8A%D8%A7%D9%84-%D9%85%D9%8A%D8%AF%D9%8A%D8%A7-%D8%A7%D8%AD%D8%AA%D8%B1%D8%A7%D9%81%D9%8A%D8%A9,5.0,15,يومين,16,0,$10.00,يوم واحد,15,2,10.0,طارق أ.,https://khamsat.com/user/tariqselmia,True,بائع مميز,5.0,34,96.9%,4,30,يوم
تصميم,https://khamsat.com/designing,منشورات سوشيال ميديا,https://khamsat.com/designing/social-posts-banners,خدمة تصميم منشورات احترافية (مواقع التواصل الاجتماعي),https://khamsat.com/designing/social-posts-banners/2176645-%D8%AE%D8%AF%D9%85%D8%A9-%D8%AA%D8%B5%D9%85%D9%8A%D9%85-%D9%85%D9%86%D8%B4%D9%88%D8%B1%D8%A7%D8%AA-%D8%A7%D8%AD%D8%AA%D8%B1%D8%A7%D9%81%D9%8A%D8%A9-%D9%85%D9%88%D8%A7%D9%82%D8%B9-%D8%A7%D9%84%D8%AA%D9%88%D8%A7%D8%B5%D9%84-%D8%A7%D9%84%D8%A7%D8%AC%D8%AA%D9%85%D8%A7%D8%B9%D9%8A,5.0,3,ساعتين,4,0,$5.00,يوم واحد,3,5,95.0,.Mohammed J,https://khamsat.com/user/mohammed_thraya,True,بائع مميز,5.0,31,100.0%,4,32,ساعتين
تصميم,https://khamsat.com/designing,منشورات سوشيال ميديا,https://khamsat.com/designing/social-posts-banners,سأصمم منشورًا إبداعيًا على وسائل التواصل الاجتماعي,https://khamsat.com/designing/social-posts-banners/1611281-%D8%B3%D8%A3%D8%B5%D9%85%D9%85-%D9%85%D9%86%D8%B4%D9%88%D8%B1%D8%A7-%D8%A5%D8%A8%D8%AF%D8%A7%D8%B9%D9%8A%D8%A7-%D8%B9%D9%84%D9%89-%D9%88%D8%B3%D8%A7%D8%A6%D9%84-%D8%A7%D9%84%D8%AA%D9%88%D8%A7%D8%B5%D9%84-%D8%A7%D9%84%D8%A7%D8%AC%D8%AA%D9%85%D8%A7%D8%B9%D9%8A,4.5,51,3 ساعات,68,0,$10.00,يوم واحد,25,3,60.0,.Ahmed E,https://khamsat.com/user/a-h-med-essa,True,بائع مميز,4.5,254,93.96%,4,298,23 ساعة
تصميم,https://khamsat.com/designing,منشورات سوشيال ميديا,https://khamsat.com/designing/social-posts-banners,تصميم بوست سوشال ميديا بشكل مختلف و إبداعي,https://khamsat.com/designing/social-posts-banners/2113102-%D8%AA%D8%B5%D9%85%D9%8A%D9%85-%D8%A8%D9%88%D8%B3%D8%AA-%D8%B3%D9%88%D8%B4%D8%A7%D9%84-%D9%85%D9%8A%D8%AF%D9%8A%D8%A7-%D8%A8%D8%B4%D9%83%D9%84-%D9%85%D8%AE%D8%AA%D9%84%D9%81-%D9%88-%D8%A5%D8%A8%D8%AF%D8%A7%D8%B9%D9%8A,5.0,28,17 ساعة,44,0,$10.00,يوم واحد,25,2,10.0,.Mohammed L,https://khamsat.com/user/kareem0001,True,بائع مميز,5.0,32,96.63%,1,47,13 ساعة
تصميم,https://khamsat.com/designing,منشورات سوشيال ميديا,https://khamsat.com/designing/social-posts-banners,تصميم بانرات احترافية لمواقع الويب ووسائل التواصل الاجتماعي,https://khamsat.com/designing/social-posts-banners/2533073-%D8%AA%D8%B5%D9%85%D9%8A%D9%85-%D8%A8%D8%A7%D9%86%D8%B1%D8%A7%D8%AA-%D8%A7%D8%AD%D8%AA%D8%B1%D8%A7%D9%81%D9%8A%D8%A9-%D9%84%D9%85%D9%88%D8%A7%D9%82%D8%B9-%D8%A7%D9%84%D9%88%D9%8A%D8%A8-%D9%88%D9%88%D8%B3%D8%A7%D8%A6%D9%84-%D8%A7%D9%84%D8%AA%D9%88%D8%A7%D8%B5%D9%84-%D8%A7%D9%84%D8%A7%D8%AC%D8%AA%D9%85%D8%A7%D8%B9%D9%8A,5.0,20,34 دقيقة,22,0,$10.00,يومين,20,4,75.0,عثمان خ.,https://khamsat.com/user/charafrobyo1,True,بائع مميز,5.0,133,97.29%,11,115,ساعة
تصميم,https://khamsat.com/designing,منشورات سوشيال ميديا,https://khamsat.com/designing/social-posts-banners,تصميمات سوشال ميديا عالية الجودة,https://khamsat.com/designing/social-posts-banners/3026090-%D8%AA%D8%B5%D9%85%D9%8A%D9%85%D8%A7%D8%AA-%D8%B3%D9%88%D8%B4%D8%A7%D9%84-%D9%85%D9%8A%D8%AF%D9%8A%D8%A7-%D8%B9%D8%A7%D9%84%D9%8A%D8%A9-%D8%A7%D9%84%D8%AC%D9%88%D8%AF%D8%A9,5.0,2,أقل من دقيقة,2,0,$5.00,يوم واحد,2,0,0.0,.Abdelhamid M,https://khamsat.com/user/abdelhamid209,True,بائع جديد,5.0,2,100.0%,5,2,أقل من دقيقة
تصميم,https://khamsat.com/designing,منشورات سوشيال ميديا,https://khamsat.com/designing/social-posts-banners,تصميم بوست احترافي للسوشال ميديا,https://khamsat.com/designing/social-posts-banners/1362459-%D8%AA%D8%B5%D9%85%D9%8A%D9%85-%D8%A8%D9%88%D8%B3%D8%AA-%D8%A7%D8%AD%D8%AA%D8%B1%D8%A7%D9%81%D9%8A-%D9%84%D9%84%D8%B3%D9%88%D8%B4%D8%A7%D9%84-%D9%85%D9%8A%D8%AF%D9%8A%D8%A7,5.0,203,4 ساعات,283,0,$35.00,يوم واحد,25,2,10.0,.Mohamed A,https://khamsat.com/user/amrbraw,True,بائع مميز,5.0,213,91.61%,1,287,ساعة
تصميم,https://khamsat.com/designing,منشورات سوشيال ميديا,https://khamsat.com/designing/social-posts-banners,تصميم ستوري للسناب شات او الانستقرام,https://khamsat.com/designing/social-posts-banners/1489347-%D8%AA%D8%B5%D9%85%D9%8A%D9%85-%D8%B3%D8%AA%D9%88%D8%B1%D9%8A-%D9%84%D9%84%D8%B3%D9%86%D8%A7%D8%A8-%D8%B4%D8%A7%D8%AA-%D8%A7%D9%88-%D8%A7%D9%84%D8%A7%D9%86%D8%B3%D8%AA%D9%82%D8%B1%D8%A7%D9%85,4.5,16,4 ساعات,20,0,$5.00,يومين,16,2,20.0,هشام ا.,https://khamsat.com/user/mohamed_ahmed_omar,True,بائع مميز,4.5,74,85.21%,2,82,ساعتين
تصميم,https://khamsat.com/designing,منشورات سوشيال ميديا,https://khamsat.com/designing/social-posts-banners,تصميم تصاميم سوشال ميديا احترافية,https://khamsat.com/designing/social-posts-banners/3052446-%D8%AA%D8%B5%D9%85%D9%8A%D9%85-%D8%AA%D8%B5%D8%A7%D9%85%D9%8A%D9%85-%D8%B3%D9%88%D8%B4%D8%A7%D9%84-%D9%85%D9%8A%D8%AF%D9%8A%D8%A7-%D8%A7%D8%AD%D8%AA%D8%B1%D8%A7%D9%81%D9%8A%D8%A9,5.0,1,49 دقيقة,1,0,$5.00,يوم واحد,1,5,110.0,.Fathi J,https://khamsat.com/user/fathi_design,True,بائع جديد,5.0,1,100.0%,1,1,49 دقيقة
تصميم,https://khamsat.com/designing,منشورات سوشيال ميديا,https://khamsat.com/designing/social-posts-banners,تصميم منشورات سوشيال ميديا فيسبوك انستجرام,https://khamsat.com/designing/social-posts-banners/2547639-%D8%AA%D8%B5%D9%85%D9%8A%D9%85-%D9%85%D9%86%D8%B4%D9%88%D8%B1%D8%A7%D8%AA-%D8%B3%D9%88%D8%B4%D9%8A%D8%A7%D9%84-%D9%85%D9%8A%D8%AF%D9%8A%D8%A7-%D9%81%D9%8A%D8%B3%D8%A8%D9%88%D9%83-%D8%A7%D9%86%D8%B3%D8%AA%D8%AC%D8%B1%D8%A7%D9%85,4.5,4,29 دقيقة,6,0,$10.00,يوم واحد,4,3,65.0,.Shady M,https://khamsat.com/user/shady_khodary,True,بائع نشيط,5.0,13,91.67%,3,14,3 ساعات
تصميم,https://khamsat.com/designing,منشورات سوشيال ميديا,https://khamsat.com/designing/social-posts-banners,تصاميم منشورات سوشال ميديا بأرقى أسلوب واحتراف,https://khamsat.com/designing/social-posts-banners/1803858-%D8%AA%D8%B5%D8%A7%D9%85%D9%8A%D9%85-%D9%85%D9%86%D8%B4%D9%88%D8%B1%D8%A7%D8%AA-%D8%B3%D9%88%D8%B4%D8%A7%D9%84-%D9%85%D9%8A%D8%AF%D9%8A%D8%A7-%D8%A8%D8%A3%D8%B1%D9%82%D9%89-%D8%A3%D8%B3%D9%84%D9%88%D8%A8-%D9%88%D8%A7%D8%AD%D8%AA%D8%B1%D8%A7%D9%81,4.5,30,20 دقيقة,39,0,$5.00,يومين,25,5,90.0,دينا ب.,https://khamsat.com/user/dinabadran,True,بائع مميز,4.5,60,97.73%,6,76,5 ساعات
تصميم,https://khamsat.com/designing,منشورات سوشيال ميديا,https://khamsat.com/designing/social-posts-banners,استلم تصميم سوشيال ميديا جذاب كانفا برو,https://khamsat.com/designing/social-posts-banners/2909572-%D8%A7%D8%B3%D8%AA%D9%84%D9%85-%D8%AA%D8%B5%D9%85%D9%8A%D9%85-%D8%B3%D9%88%D8%B4%D9%8A%D8%A7%D9%84-%D9%85%D9%8A%D8%AF%D9%8A%D8%A7-%D8%AC%D8%B0%D8%A7%D8%A8-%D9%83%D8%A7%D9%86%D9%81%D8%A7-%D8%A8%D8%B1%D9%88,5.0,1,3 ساعات,1,0,$5.00,يوم واحد,1,3,40.0,محمد ا.,https://khamsat.com/user/mohamedelbehary91,True,بائع نشيط,5.0,25,100.0%,3,25,ساعة
تصميم,https://khamsat.com/designing,منشورات سوشيال ميديا,https://khamsat.com/designing/social-posts-banners,تصميمات السوشيال ميديا فيس بوك تويتر انستجرام,https://khamsat.com/designing/social-posts-banners/811837-%D8%AA%D8%B5%D9%85%D9%8A%D9%85%D8%A7%D8%AA-%D8%A7%D9%84%D8%B3%D9%88%D8%B4%D9%8A%D8%A7%D9%84-%D9%85%D9%8A%D8%AF%D9%8A%D8%A7-%D9%81%D9%8A%D8%B3-%D8%A8%D9%88%D9%83-%D8%AA%D9%88%D9%8A%D8%AA%D8%B1-%D8%A7%D9%86%D8%B3%D8%AA%D8%AC%D8%B1%D8%A7%D9%85,5.0,26,3 ساعات,38,0,$10.00,يومين,25,3,25.0,محمد ا.,https://khamsat.com/user/%D9%85%D8%AD%D9%85%D8%AF-%D8%A7%D9%84%D9%86%D8%B9%D9%86%D8%A7%D8%B9,True,بائع مميز,5.0,90,82.88%,1,114,10 ساعات
تصميم,https://khamsat.com/designing,منشورات سوشيال ميديا,https://khamsat.com/designing/social-posts-banners,منشورات سوشيال ميديا إبداعية وإحترافية,https://khamsat.com/designing/social-posts-banners/3009252-%D9%85%D9%86%D8%B4%D9%88%D8%B1%D8%A7%D8%AA-%D8%B3%D9%88%D8%B4%D9%8A%D8%A7%D9%84-%D9%85%D9%8A%D8%AF%D9%8A%D8%A7-%D8%A5%D8%A8%D8%AF%D8%A7%D8%B9%D9%8A%D8%A9-%D9%88%D8%A5%D8%AD%D8%AA%D8%B1%D8%A7%D9%81%D9%8A%D8%A9,5.0,1,دقيقة,1,0,$10.00,يوم واحد,1,1,5.0,أريج م.,https://khamsat.com/user/areej_mahmoud01,True,بائع جديد,5.0,7,100.0%,4,4,14 دقيقة
تصميم,https://khamsat.com/designing,منشورات سوشيال ميديا,https://khamsat.com/designing/social-posts-banners,تصميم صور سوشل ميديا باستخدام كانفا,https://khamsat.com/designing/social-posts-banners/2065070-%D8%AA%D8%B5%D9%85%D9%8A%D9%85-%D8%B5%D9%88%D8%B1-%D8%B3%D9%88%D8%B4%D9%84-%D9%85%D9%8A%D8%AF%D9%8A%D8%A7-%D8%A8%D8%A7%D8%B3%D8%AA%D8%AE%D8%AF%D8%A7%D9%85-%D9%83%D8%A7%D9%86%D9%81%D8%A7,5.0,24,ساعة,28,0,$10.00,يومين,24,4,80.0,مرح ك.,https://khamsat.com/user/marah_bassam_kabes,True,بائع مميز,5.0,55,96.12%,9,50,11 ساعة
تصميم,https://khamsat.com/designing,منشورات سوشيال ميديا,https://khamsat.com/designing/social-posts-banners,تصميمات سويشال ميديا,https://khamsat.com/designing/social-posts-banners/1283349-%D8%AA%D8%B5%D9%85%D9%8A%D9%85%D8%A7%D8%AA-%D8%B3%D9%88%D9%8A%D8%B4%D8%A7%D9%84-%D9%85%D9%8A%D8%AF%D9%8A%D8%A7,5.0,2,39 دقيقة,4,0,$5.00,يوم واحد,2,3,170.0,.Ahmed A,https://khamsat.com/user/ahmed-amasha,True,بائع مميز,5.0,43,89.84%,6,56,7 ساعات
تصميم,https://khamsat.com/designing,منشورات سوشيال ميديا,https://khamsat.com/designing/social-posts-banners,تصميم بوستات للسوشيال ميديا,https://khamsat.com/designing/social-posts-banners/2157634-%D8%AA%D8%B5%D9%85%D9%8A%D9%85-%D8%A8%D9%88%D8%B3%D8%AA%D8%A7%D8%AA-%D9%84%D9%84%D8%B3%D9%88%D8%B4%D9%8A%D8%A7%D9%84-%D9%85%D9%8A%D8%AF%D9%8A%D8%A7,5.0,29,34 دقيقة,41,0,$5.00,يوم واحد,25,5,75.0,احمد ب.,https://khamsat.com/user/bandari6620,True,بائع مميز,5.0,60,90.97%,4,79,ساعتين
تصميم,https://khamsat.com/designing,منشورات سوشيال ميديا,https://khamsat.com/designing/social-posts-banners,تصميم وتنسيق حسابات انستغرام تصميم كاروسيل,https://khamsat.com/designing/social-posts-banners/2798245-%D8%AA%D8%B5%D9%85%D9%8A%D9%85-%D9%88%D8%AA%D9%86%D8%B3%D9%8A%D9%82-%D8%AD%D8%B3%D8%A7%D8%A8%D8%A7%D8%AA-%D8%A7%D9%86%D8%B3%D8%AA%D8%BA%D8%B1%D8%A7%D9%85-%D8%AA%D8%B5%D9%85%D9%8A%D9%85-%D9%83%D8%A7%D8%B1%D9%88%D8%B3%D9%8A%D9%84,5.0,2,ساعة,3,0,$10.00,ثلاثة أيام,2,5,235.0,.Samra A,https://khamsat.com/user/samraaidi,True,بائع جديد,5.0,2,100.0%,2,3,ساعة
تصميم,https://khamsat.com/designing,منشورات سوشيال ميديا,https://khamsat.com/designing/social-posts-banners,تصميمات سوشيال ميديا بطريقة احترافية وعصرية,https://khamsat.com/designing/social-posts-banners/2918313-%D8%AA%D8%B5%D9%85%D9%8A%D9%85%D8%A7%D8%AA-%D8%B3%D9%88%D8%B4%D9%8A%D8%A7%D9%84-%D9%85%D9%8A%D8%AF%D9%8A%D8%A7-%D8%A8%D8%B7%D8%B1%D9%8A%D9%82%D8%A9-%D8%A7%D8%AD%D8%AA%D8%B1%D8%A7%D9%81%D9%8A%D8%A9-%D9%88%D8%B9%D8%B5%D8%B1%D9%8A%D8%A9,5.0,3,ساعة,3,0,$5.00,يوم واحد,3,5,160.0,.Hamze D,https://khamsat.com/user/hamze_dawood20,True,بائع جديد,5.0,3,100.0%,1,3,ساعة
تصميم,https://khamsat.com/designing,منشورات سوشيال ميديا,https://khamsat.com/designing/social-posts-banners,تصميم سوشيال ميديا احترافي وعالي الجودة,https://khamsat.com/designing/social-posts-banners/2151051-%D8%AA%D8%B5%D9%85%D9%8A%D9%85-%D8%B3%D9%88%D8%B4%D9%8A%D8%A7%D9%84-%D9%85%D9%8A%D8%AF%D9%8A%D8%A7-%D8%A7%D8%AD%D8%AA%D8%B1%D8%A7%D9%81%D9%8A-%D9%88%D8%B9%D8%A7%D9%84%D9%8A-%D8%A7%D9%84%D8%AC%D9%88%D8%AF%D8%A9,4.5,7,3 ساعات,10,0,$10.00,يوم واحد,7,4,145.0,محمد ط.,https://khamsat.com/user/moham-mad-taha,True,بائع مميز,5.0,199,96.33%,4,236,3 ساعات
تصميم,https://khamsat.com/designing,منشورات سوشيال ميديا,https://khamsat.com/designing/social-posts-banners,تصميم بوست او منشور سوشيال ميديا احترافي Post Design,https://khamsat.com/designing/social-posts-banners/2964129-%D8%AA%D8%B5%D9%85%D9%8A%D9%85-%D8%A8%D9%88%D8%B3%D8%AA-%D8%A7%D9%88-%D9%85%D9%86%D8%B4%D9%88%D8%B1-%D8%B3%D9%88%D8%B4%D9%8A%D8%A7%D9%84-%D9%85%D9%8A%D8%AF%D9%8A%D8%A7-%D8%A7%D8%AD%D8%AA%D8%B1%D8%A7%D9%81%D9%8A-post-design,5.0,1,38 دقيقة,2,0,$5.00,ثلاثة أيام,1,4,60.0,.Eman A,https://khamsat.com/user/rodina_sadek,True,بائع نشيط,5.0,3,100.0%,3,5,3 ساعات
تصميم,https://khamsat.com/designing,منشورات سوشيال ميديا,https://khamsat.com/designing/social-posts-banners,تصميم سوشيال ميديا احترافي مقابل 5$ فقط,https://khamsat.com/designing/social-posts-banners/1620300-%D8%AA%D8%B5%D9%85%D9%8A%D9%85-%D8%B3%D9%88%D8%B4%D9%8A%D8%A7%D9%84-%D9%85%D9%8A%D8%AF%D9%8A%D8%A7-%D8%A7%D8%AD%D8%AA%D8%B1%D8%A7%D9%81%D9%8A-%D9%85%D9%82%D8%A7%D8%A8%D9%84-5-%D9%81%D9%82%D8%B7,5.0,5,4 ساعات,6,0,$5.00,يوم واحد,5,3,70.0,.Mohamed A,https://khamsat.com/user/mohamedgh12,True,بائع نشيط,5.0,5,88.89%,7,6,10 ساعات
تصميم,https://khamsat.com/designing,منشورات سوشيال ميديا,https://khamsat.com/designing/social-posts-banners,تصاميم بوستات وإعلانات سوشيال ميديا احترافية وبجودة عالية,https://khamsat.com/designing/social-posts-banners/2902186-%D8%AA%D8%B5%D8%A7%D9%85%D9%8A%D9%85-%D8%A8%D9%88%D8%B3%D8%AA%D8%A7%D8%AA-%D9%88%D8%A5%D8%B9%D9%84%D8%A7%D9%86%D8%A7%D8%AA-%D8%B3%D9%88%D8%B4%D9%8A%D8%A7%D9%84-%D9%85%D9%8A%D8%AF%D9%8A%D8%A7-%D8%A7%D8%AD%D8%AA%D8%B1%D8%A7%D9%81%D9%8A%D8%A9-%D9%88%D8%A8%D8%AC%D9%88%D8%AF%D8%A9-%D8%B9%D8%A7%D9%84%D9%8A%D8%A9,5.0,3,6 ساعات,3,0,$5.00,يوم واحد,3,4,45.0,.Mahmoud M,https://khamsat.com/user/mahmoudrozza_24,True,بائع جديد,5.0,3,100.0%,2,3,6 ساعات
تصميم,https://khamsat.com/designing,منشورات سوشيال ميديا,https://khamsat.com/designing/social-posts-banners,5 تصاميم سوشيال ميديا فقط.,https://khamsat.com/designing/social-posts-banners/1593769-5-%D8%AA%D8%B5%D8%A7%D9%85%D9%8A%D9%85-%D8%B3%D9%88%D8%B4%D9%8A%D8%A7%D9%84-%D9%85%D9%8A%D8%AF%D9%8A%D8%A7-%D9%81%D9%82%D8%B7,5.0,16,6 دقائق,26,0,$5.00,يوم واحد,16,5,60.0,.Mostafa G,https://khamsat.com/user/mostafaghazal,True,بائع مميز,5.0,35,81.08%,5,47,7 ساعات
تصميم,https://khamsat.com/designing,منشورات سوشيال ميديا,https://khamsat.com/designing/social-posts-banners,"""أصمم لك محتوى سوشيال ميديا احترافي يزيد من تفاعل جمهورك""",https://khamsat.com/designing/social-posts-banners/3052041-%D8%A3%D8%B5%D9%85%D9%85-%D9%84%D9%83-%D9%85%D8%AD%D8%AA%D9%88%D9%89-%D8%B3%D9%88%D8%B4%D9%8A%D8%A7%D9%84-%D9%85%D9%8A%D8%AF%D9%8A%D8%A7-%D8%A7%D8%AD%D8%AA%D8%B1%D8%A7%D9%81%D9%8A-%D9%8A%D8%B2%D9%8A%D8%AF-%D9%85%D9%86-%D8%AA%D9%81%D8%A7%D8%B9%D9%84-%D8%AC%D9%85%D9%87%D9%88%D8%B1%D9%83,5.0,1,لم يحسب,1,0,$10.00,يوم واحد,1,5,140.0,سجى أ.,https://khamsat.com/user/saja_abu_samra,True,بائع نشيط,5.0,6,100.0%,3,4,10 ساعات
تصميم,https://khamsat.com/designing,منشورات سوشيال ميديا,https://khamsat.com/designing/social-posts-banners,تصميم سوشيال ميديا احترافي,https://khamsat.com/designing/social-posts-banners/2152859-%D8%AA%D8%B5%D9%85%D9%8A%D9%85-%D8%B3%D9%88%D8%B4%D9%8A%D8%A7%D9%84-%D9%85%D9%8A%D8%AF%D9%8A%D8%A7-%D8%A7%D8%AD%D8%AA%D8%B1%D8%A7%D9%81%D9%8A,5.0,5,13 دقيقة,6,0,$5.00,يوم واحد,5,1,5.0,.Ahmed U,https://khamsat.com/user/ahmad_khalid_ubi,True,بائع جديد,5.0,5,100.0%,1,6,13 دقيقة
تصميم,https://khamsat.com/designing,منشورات سوشيال ميديا,https://khamsat.com/designing/social-posts-banners,تصميمات سوشيال ميديا إحترافية للدعاية و الاعلان,https://khamsat.com/designing/social-posts-banners/2677856-%D8%AA%D8%B5%D9%85%D9%8A%D9%85%D8%A7%D8%AA-%D8%B3%D9%88%D8%B4%D9%8A%D8%A7%D9%84-%D9%85%D9%8A%D8%AF%D9%8A%D8%A7-%D8%A5%D8%AD%D8%AA%D8%B1%D8%A7%D9%81%D9%8A%D8%A9-%D9%84%D9%84%D8%AF%D8%B9%D8%A7%D9%8A%D8%A9-%D9%88-%D8%A7%D9%84%D8%A7%D8%B9%D9%84%D8%A7%D9%86,5.0,10,ساعة,14,0,$5.00,يوم واحد,10,4,70.0,يوسف ا.,https://khamsat.com/user/mohamed_abdallah1,True,بائع مميز,5.0,99,97.55%,10,83,28 دقيقة
تصميم,https://khamsat.com/designing,منشورات سوشيال ميديا,https://khamsat.com/designing/social-posts-banners,تصميم بنرات سوشيال ميديا و بوستر و billboard,https://khamsat.com/designing/social-posts-banners/1809581-%D8%AA%D8%B5%D9%85%D9%8A%D9%85-%D8%A8%D9%86%D8%B1%D8%A7%D8%AA-%D8%B3%D9%88%D8%B4%D9%8A%D8%A7%D9%84-%D9%85%D9%8A%D8%AF%D9%8A%D8%A7-%D9%88-%D8%A8%D9%88%D8%B3%D8%AA%D8%B1-%D9%88-billboard,5.0,7,3 ساعات,8,0,$20.00,ثلاثة أيام,7,5,145.0,.Abeer A,https://khamsat.com/user/abeer_bin_snkar,True,بائع نشيط,5.0,23,97.67%,3,28,ساعتين
تصميم,https://khamsat.com/designing,إعلانات سوشيال ميديا,https://khamsat.com/designing/design-social-media-ads,تصميم إعلانات سوشيال ميديا,https://khamsat.com/designing/design-social-media-ads/3006282-%D8%AA%D8%B5%D9%85%D9%8A%D9%85-%D8%A5%D8%B9%D9%84%D8%A7%D9%86%D8%A7%D8%AA-%D8%B3%D9%88%D8%B4%D9%8A%D8%A7%D9%84-%D9%85%D9%8A%D8%AF%D9%8A%D8%A7,5.0,4,ساعتين,6,0,$15.00,يوم واحد,4,4,25.0,رغد أ.,https://khamsat.com/user/raghad_2shammala,True,بائع نشيط,5.0,20,100.0%,4,17,4 ساعات
تصميم,https://khamsat.com/designing,إعلانات سوشيال ميديا,https://khamsat.com/designing/design-social-media-ads,تصميم إعلانات سوشيال ميديا احترافية.,https://khamsat.com/designing/design-social-media-ads/1073822-%D8%AA%D8%B5%D9%85%D9%8A%D9%85-%D8%A5%D8%B9%D9%84%D8%A7%D9%86%D8%A7%D8%AA-%D8%B3%D9%88%D8%B4%D9%8A%D8%A7%D9%84-%D9%85%D9%8A%D8%AF%D9%8A%D8%A7-%D8%A7%D8%AD%D8%AA%D8%B1%D8%A7%D9%81%D9%8A%D8%A9,5.0,141,7 ساعات,190,0,$10.00,يومين,25,5,130.0,.Noura F,https://khamsat.com/user/nouran-fathi,True,بائع مميز,5.0,154,95.24%,1,196,ساعتين
تصميم,https://khamsat.com/designing,إعلانات سوشيال ميديا,https://khamsat.com/designing/design-social-media-ads,تصميم إعلانات سوشيال ميديا احترافية,https://khamsat.com/designing/design-social-media-ads/2844805-%D8%AA%D8%B5%D9%85%D9%8A%D9%85-%D8%A5%D8%B9%D9%84%D8%A7%D9%86%D8%A7%D8%AA-%D8%B3%D9%88%D8%B4%D9%8A%D8%A7%D9%84-%D9%85%D9%8A%D8%AF%D9%8A%D8%A7-%D8%A7%D8%AD%D8%AA%D8%B1%D8%A7%D9%81%D9%8A%D8%A9,5.0,3,6 ساعات,4,0,$5.00,يومين,3,4,90.0,معن س.,https://khamsat.com/user/maen_saffour,True,بائع نشيط,5.0,12,96.67%,2,16,7 ساعات
تصميم,https://khamsat.com/designing,إعلانات سوشيال ميديا,https://khamsat.com/designing/design-social-media-ads,تصميم اعلانات ومنشورات احترافية Advertising Designs,https://khamsat.com/designing/design-social-media-ads/2995317-%D8%AA%D8%B5%D9%85%D9%8A%D9%85-%D8%A7%D8%B9%D9%84%D8%A7%D9%86%D8%A7%D8%AA-%D9%88%D9%85%D9%86%D8%B4%D9%88%D8%B1%D8%A7%D8%AA-%D8%A7%D8%AD%D8%AA%D8%B1%D8%A7%D9%81%D9%8A%D8%A9-advertising-designs,5.0,3,5 ساعات,4,0,$5.00,يومين,3,4,45.0,اسراء ع.,https://khamsat.com/user/esraa_2134,True,بائع نشيط,5.0,6,90.91%,5,6,ساعة
تصميم,https://khamsat.com/designing,إعلانات سوشيال ميديا,https://khamsat.com/designing/design-social-media-ads,تصميم إعلانات سوشيال ميديا إحترافية وجذّابة,https://khamsat.com/designing/design-social-media-ads/1990960-%D8%AA%D8%B5%D9%85%D9%8A%D9%85-%D8%A5%D8%B9%D9%84%D8%A7%D9%86%D8%A7%D8%AA-%D8%B3%D9%88%D8%B4%D9%8A%D8%A7%D9%84-%D9%85%D9%8A%D8%AF%D9%8A%D8%A7-%D8%A5%D8%AD%D8%AA%D8%B1%D8%A7%D9%81%D9%8A%D8%A9-%D9%88%D8%AC%D8%B0%D8%A7%D8%A8%D8%A9,5.0,4,ساعتين,6,0,$5.00,يوم واحد,4,3,65.0,محمد س.,https://khamsat.com/user/mohammad_nour_aldeen,True,بائع نشيط,5.0,4,92.31%,1,6,ساعتين
تصميم,https://khamsat.com/designing,إعلانات سوشيال ميديا,https://khamsat.com/designing/design-social-media-ads,تصميم اعلانات سوشيال ميديا,https://khamsat.com/designing/design-social-media-ads/2902944-%D8%AA%D8%B5%D9%85%D9%8A%D9%85-%D8%A7%D8%B9%D9%84%D8%A7%D9%86%D8%A7%D8%AA-%D8%B3%D9%88%D8%B4%D9%8A%D8%A7%D9%84-%D9%85%D9%8A%D8%AF%D9%8A%D8%A7,5.0,1,لم يحسب,1,0,$10.00,يوم واحد,1,1,5.0,.Eslam A,https://khamsat.com/user/eslam_adel_aldraimli,True,بائع نشيط,5.0,10,100.0%,6,6,20 دقيقة
تصميم,https://khamsat.com/designing,إعلانات سوشيال ميديا,https://khamsat.com/designing/design-social-media-ads,تصميم إعلانات وبوستات السوشيال ميديا,https://khamsat.com/designing/design-social-media-ads/2717660-%D8%AA%D8%B5%D9%85%D9%8A%D9%85-%D8%A5%D8%B9%D9%84%D8%A7%D9%86%D8%A7%D8%AA-%D9%88%D8%A8%D9%88%D8%B3%D8%AA%D8%A7%D8%AA-%D8%A7%D9%84%D8%B3%D9%88%D8%B4%D9%8A%D8%A7%D9%84-%D9%85%D9%8A%D8%AF%D9%8A%D8%A7,5.0,13,55 دقيقة,15,0,$10.00,يوم واحد,13,2,105.0,.Mohamed E,https://khamsat.com/user/mo_rashdan,True,بائع نشيط,5.0,18,94.59%,2,20,51 دقيقة
تصميم,https://khamsat.com/designing,إعلانات سوشيال ميديا,https://khamsat.com/designing/design-social-media-ads,تصميم اعلانات سوشال ميديا,https://khamsat.com/designing/design-social-media-ads/1791258-%D8%AA%D8%B5%D9%85%D9%8A%D9%85-%D8%A7%D8%B9%D9%84%D8%A7%D9%86%D8%A7%D8%AA-%D8%B3%D9%88%D8%B4%D8%A7%D9%84-%D9%85%D9%8A%D8%AF%D9%8A%D8%A7,5.0,56,42 دقيقة,67,0,$5.00,يومين,25,5,255.0,.Rasha K,https://khamsat.com/user/rashakhairallah,True,بائع مميز,5.0,77,96.47%,3,83,42 دقيقة
تصميم,https://khamsat.com/designing,إعلانات سوشيال ميديا,https://khamsat.com/designing/design-social-media-ads,تصاميم إعلانية سوشيال ميديا,https://khamsat.com/designing/design-social-media-ads/1633954-%D8%AA%D8%B5%D8%A7%D9%85%D9%8A%D9%85-%D8%A5%D8%B9%D9%84%D8%A7%D9%86%D9%8A%D8%A9-%D8%B3%D9%88%D8%B4%D9%8A%D8%A7%D9%84-%D9%85%D9%8A%D8%AF%D9%8A%D8%A7,4.5,103,ساعة,150,0,$10.00,يوم واحد,25,5,365.0,ايمن م.,https://khamsat.com/user/ayman720,True,بائع مميز,4.5,171,97.09%,6,193,ساعتين
تصميم,https://khamsat.com/designing,إعلانات سوشيال ميديا,https://khamsat.com/designing/design-social-media-ads,تصميم بنر اعلاني للسوشيال ميديا,https://khamsat.com/designing/design-social-media-ads/1987566-%D8%AA%D8%B5%D9%85%D9%8A%D9%85-%D8%A8%D9%86%D8%B1-%D8%A7%D8%B9%D9%84%D8%A7%D9%86%D9%8A-%D9%84%D9%84%D8%B3%D9%88%D8%B4%D9%8A%D8%A7%D9%84-%D9%85%D9%8A%D8%AF%D9%8A%D8%A7,5.0,94,5 ساعات,108,0,$10.00,يومين,25,5,95.0,.Youssef F,https://khamsat.com/user/jo96designer,True,بائع مميز,5.0,138,95.55%,6,143,ساعة
تصميم,https://khamsat.com/designing,إعلانات سوشيال ميديا,https://khamsat.com/designing/design-social-media-ads,تصميم اعلانات سوشيال ميديا,https://khamsat.com/designing/design-social-media-ads/2036900-%D8%AA%D8%B5%D9%85%D9%8A%D9%85-%D8%A7%D8%B9%D9%84%D8%A7%D9%86%D8%A7%D8%AA-%D8%B3%D9%88%D8%B4%D9%8A%D8%A7%D9%84-%D9%85%D9%8A%D8%AF%D9%8A%D8%A7,5.0,27,ساعتين,34,0,$5.00,يوم واحد,25,5,70.0,.Dina M,https://khamsat.com/user/dina_moustafa2000,True,بائع مميز,5.0,27,94.94%,1,34,ساعتين
تصميم,https://khamsat.com/designing,إعلانات سوشيال ميديا,https://khamsat.com/designing/design-social-media-ads,اقدم لكم خدمة تصميم اعلانات السوشيال,https://khamsat.com/designing/design-social-media-ads/1021121-%D8%A7%D9%82%D8%AF%D9%85-%D9%84%D9%83%D9%85-%D8%AE%D8%AF%D9%85%D8%A9-%D8%AA%D8%B5%D9%85%D9%8A%D9%85-%D8%A7%D8%B9%D9%84%D8%A7%D9%86%D8%A7%D8%AA-%D8%A7%D9%84%D8%B3%D9%88%D8%B4%D9%8A%D8%A7%D9%84,4.5,67,3 ساعات,94,0,$5.00,ثلاثة أيام,25,5,70.0,.Adel A,https://khamsat.com/user/adel_ashour17,True,بائع مميز,4.5,85,95.4%,2,106,ساعة
تصميم,https://khamsat.com/designing,إعلانات سوشيال ميديا,https://khamsat.com/designing/design-social-media-ads,تصميم إعلانات السوشيال ميديا,https://khamsat.com/designing/design-social-media-ads/3020141-%D8%AA%D8%B5%D9%85%D9%8A%D9%85-%D8%A5%D8%B9%D9%84%D8%A7%D9%86%D8%A7%D8%AA-%D8%A7%D9%84%D8%B3%D9%88%D8%B4%D9%8A%D8%A7%D9%84-%D9%85%D9%8A%D8%AF%D9%8A%D8%A7,5.0,2,15 دقيقة,4,0,$5.00,يوم واحد,2,4,40.0,.Ibrahim M,https://khamsat.com/user/ibrahim_mekky,True,بائع نشيط,5.0,2,100.0%,1,4,15 دقيقة
تصميم,https://khamsat.com/designing,إعلانات سوشيال ميديا,https://khamsat.com/designing/design-social-media-ads,تصميم إعلانات سوشيال ميديا علي كانفا,https://khamsat.com/designing/design-social-media-ads/2714221-%D8%AA%D8%B5%D9%85%D9%8A%D9%85-%D8%A5%D8%B9%D9%84%D8%A7%D9%86%D8%A7%D8%AA-%D8%B3%D9%88%D8%B4%D9%8A%D8%A7%D9%84-%D9%85%D9%8A%D8%AF%D9%8A%D8%A7-%D8%B9%D9%84%D9%8A-%D9%83%D8%A7%D9%86%D9%81%D8%A7,4.5,14,36 دقيقة,22,0,$5.00,يومين,14,5,170.0,.Fatma F,https://khamsat.com/user/fatma_gomaa_22,True,بائع مميز,4.5,34,96.72%,10,43,45 دقيقة
تصميم,https://khamsat.com/designing,إعلانات سوشيال ميديا,https://khamsat.com/designing/design-social-media-ads,تصميم اعلانات سوشيال ميديا,https://khamsat.com/designing/design-social-media-ads/1392623-%D8%AA%D8%B5%D9%85%D9%8A%D9%85-%D8%A7%D8%B9%D9%84%D8%A7%D9%86%D8%A7%D8%AA-%D8%B3%D9%88%D8%B4%D9%8A%D8%A7%D9%84-%D9%85%D9%8A%D8%AF%D9%8A%D8%A7,5.0,96,يوم,118,1,$5.00,يومين,25,5,135.0,.Sabrein B,https://khamsat.com/user/sabrein,True,بائع مميز,5.0,114,92.33%,1,129,22 ساعة
تصميم,https://khamsat.com/designing,إعلانات سوشيال ميديا,https://khamsat.com/designing/design-social-media-ads,تصميم 3D للمنتجات بطريقة جذابة و ملفتة لانظار الزبائن,https://khamsat.com/designing/design-social-media-ads/2951259-%D8%AA%D8%B5%D9%85%D9%8A%D9%85-3d-%D9%84%D9%84%D9%85%D9%86%D8%AA%D8%AC%D8%A7%D8%AA-%D8%A8%D8%B7%D8%B1%D9%8A%D9%82%D8%A9-%D8%AC%D8%B0%D8%A7%D8%A8%D8%A9-%D9%88-%D9%85%D9%84%D9%81%D8%AA%D8%A9-%D9%84%D8%A7%D9%86%D8%B8%D8%A7%D8%B1-%D8%A7%D9%84%D8%B2%D8%A8%D8%A7%D8%A6%D9%86,0.0,0,5 ساعات,1,0,$10.00,يومين,0,3,35.0,.Ouhererre B,https://khamsat.com/user/irenderi,True,بائع جديد,0.0,0,100.0%,1,1,5 ساعات
تصميم,https://khamsat.com/designing,إعلانات سوشيال ميديا,https://khamsat.com/designing/design-social-media-ads,صمم أعلانات و بوستات سوشال ميديا بأحترافية,https://khamsat.com/designing/design-social-media-ads/2348468-%D8%B5%D9%85%D9%85-%D8%A3%D8%B9%D9%84%D8%A7%D9%86%D8%A7%D8%AA-%D9%88-%D8%A8%D9%88%D8%B3%D8%AA%D8%A7%D8%AA-%D8%B3%D9%88%D8%B4%D8%A7%D9%84-%D9%85%D9%8A%D8%AF%D9%8A%D8%A7-%D8%A8%D8%A3%D8%AD%D8%AA%D8%B1%D8%A7%D9%81%D9%8A%D8%A9,5.0,5,4 ساعات,6,0,$10.00,ثلاثة أيام,5,3,35.0,.Marah N,https://khamsat.com/user/marahnaim,True,بائع نشيط,5.0,11,85.71%,5,12,ساعتين
تصميم,https://khamsat.com/designing,إعلانات سوشيال ميديا,https://khamsat.com/designing/design-social-media-ads,تصميم بوست إعلان سوشيال ميديا مميز احترافي وعصري,https://khamsat.com/designing/design-social-media-ads/2946181-%D8%AA%D8%B5%D9%85%D9%8A%D9%85-%D8%A8%D9%88%D8%B3%D8%AA-%D8%A5%D8%B9%D9%84%D8%A7%D9%86-%D8%B3%D9%88%D8%B4%D9%8A%D8%A7%D9%84-%D9%85%D9%8A%D8%AF%D9%8A%D8%A7-%D9%85%D9%85%D9%8A%D8%B2-%D8%A7%D8%AD%D8%AA%D8%B1%D8%A7%D9%81%D9%8A-%D9%88%D8%B9%D8%B5%D8%B1%D9%8A,4.5,4,ساعتين,4,0,$5.00,يومين,4,4,35.0,احمد ا.,https://khamsat.com/user/ahmed_bassem696,True,بائع نشيط,5.0,8,100.0%,2,5,ساعة
تصميم,https://khamsat.com/designing,إعلانات سوشيال ميديا,https://khamsat.com/designing/design-social-media-ads,تصميم إعلانات وصور للسوشيال ميديا تصميم واحد,https://khamsat.com/designing/design-social-media-ads/911731-%D8%AA%D8%B5%D9%85%D9%8A%D9%85-%D8%A5%D8%B9%D9%84%D8%A7%D9%86%D8%A7%D8%AA-%D9%88%D8%B5%D9%88%D8%B1-%D9%84%D9%84%D8%B3%D9%88%D8%B4%D9%8A%D8%A7%D9%84-%D9%85%D9%8A%D8%AF%D9%8A%D8%A7-%D8%AA%D8%B5%D9%85%D9%8A%D9%85-%D9%88%D8%A7%D8%AD%D8%AF,5.0,50,ساعة,77,2,$5.00,يومين,25,4,75.0,محمد ع.,https://khamsat.com/user/mr-graphic,True,بائع مميز,4.5,158,96.66%,7,189,6 ساعات
تصميم,https://khamsat.com/designing,إعلانات سوشيال ميديا,https://khamsat.com/designing/design-social-media-ads,تصميم اعلانات سوشال ميديا,https://khamsat.com/designing/design-social-media-ads/2047355-%D8%AA%D8%B5%D9%85%D9%8A%D9%85-%D8%A7%D8%B9%D9%84%D8%A7%D9%86%D8%A7%D8%AA-%D8%B3%D9%88%D8%B4%D8%A7%D9%84-%D9%85%D9%8A%D8%AF%D9%8A%D8%A7,5.0,9,14 دقيقة,13,0,$5.00,ثلاثة أيام,9,3,255.0,.Shaza A,https://khamsat.com/user/shaza255,True,بائع مميز,5.0,34,97.67%,3,36,57 دقيقة
تصميم,https://khamsat.com/designing,إعلانات سوشيال ميديا,https://khamsat.com/designing/design-social-media-ads,تصميم بوستات و اعلانات سوشال ميديا,https://khamsat.com/designing/design-social-media-ads/1790913-%D8%AA%D8%B5%D9%85%D9%8A%D9%85-%D8%A8%D9%88%D8%B3%D8%AA%D8%A7%D8%AA-%D9%88-%D8%A7%D8%B9%D9%84%D8%A7%D9%86%D8%A7%D8%AA-%D8%B3%D9%88%D8%B4%D8%A7%D9%84-%D9%85%D9%8A%D8%AF%D9%8A%D8%A7,5.0,39,17 دقيقة,49,0,$5.00,ثلاثة أيام,25,3,15.0,تامر م.,https://khamsat.com/user/tamer2011_1,True,بائع مميز,4.5,136,97.58%,2,138,4 ساعات
تصميم,https://khamsat.com/designing,إعلانات سوشيال ميديا,https://khamsat.com/designing/design-social-media-ads,تصميم اعلان سوشال ميديا محترف,https://khamsat.com/designing/design-social-media-ads/1517253-%D8%AA%D8%B5%D9%85%D9%8A%D9%85-%D8%A7%D8%B9%D9%84%D8%A7%D9%86-%D8%B3%D9%88%D8%B4%D8%A7%D9%84-%D9%85%D9%8A%D8%AF%D9%8A%D8%A7-%D9%85%D8%AD%D8%AA%D8%B1%D9%81,5.0,36,8 دقائق,55,0,$10.00,يومين,25,5,40.0,.Seham A,https://khamsat.com/user/sehamalsharief1993,True,بائع مميز,5.0,53,94.97%,5,75,9 ساعات
تصميم,https://khamsat.com/designing,إعلانات سوشيال ميديا,https://khamsat.com/designing/design-social-media-ads,تصميم اعلانات post سوشيال ميديا احترافية,https://khamsat.com/designing/design-social-media-ads/2969620-%D8%AA%D8%B5%D9%85%D9%8A%D9%85-%D8%A7%D8%B9%D9%84%D8%A7%D9%86%D8%A7%D8%AA-post-%D8%B3%D9%88%D8%B4%D9%8A%D8%A7%D9%84-%D9%85%D9%8A%D8%AF%D9%8A%D8%A7-%D8%A7%D8%AD%D8%AA%D8%B1%D8%A7%D9%81%D9%8A%D8%A9,5.0,4,9 دقائق,4,0,$5.00,يوم واحد,4,5,30.0,.Aser Z,https://khamsat.com/user/aser_zorub,True,بائع جديد,5.0,4,100.0%,2,4,9 دقائق
تصميم,https://khamsat.com/designing,إعلانات سوشيال ميديا,https://khamsat.com/designing/design-social-media-ads,تصميم سوشيال ميدا لشركة عقارات,https://khamsat.com/designing/design-social-media-ads/2962875-%D8%AA%D8%B5%D9%85%D9%8A%D9%85-%D8%B3%D9%88%D8%B4%D9%8A%D8%A7%D9%84-%D9%85%D9%8A%D8%AF%D8%A7-%D9%84%D8%B4%D8%B1%D9%83%D8%A9-%D8%B9%D9%82%D8%A7%D8%B1%D8%A7%D8%AA,5.0,1,6 ساعات,1,0,$10.00,يومين,1,3,100.0,سندس ا.,https://khamsat.com/user/sondos20,True,بائع جديد,5.0,5,81.82%,5,5,ساعتين
تصميم,https://khamsat.com/designing,إعلانات سوشيال ميديا,https://khamsat.com/designing/design-social-media-ads,تصميم اعلانات وبوستات للسوشيال ميديا,https://khamsat.com/designing/design-social-media-ads/2908404-%D8%AA%D8%B5%D9%85%D9%8A%D9%85-%D8%A7%D8%B9%D9%84%D8%A7%D9%86%D8%A7%D8%AA-%D9%88%D8%A8%D9%88%D8%B3%D8%AA%D8%A7%D8%AA-%D9%84%D9%84%D8%B3%D9%88%D8%B4%D9%8A%D8%A7%D9%84-%D9%85%D9%8A%D8%AF%D9%8A%D8%A7,5.0,1,22 دقيقة,3,0,$10.00,يوم واحد,1,0,0.0,.Mohamed E,https://khamsat.com/user/mohammed123xx,True,بائع جديد,5.0,1,100.0%,1,3,23 ساعة
تصميم,https://khamsat.com/designing,إعلانات سوشيال ميديا,https://khamsat.com/designing/design-social-media-ads,تصميم احترافي للسوشيال ميديا,https://khamsat.com/designing/design-social-media-ads/3048710-%D8%AA%D8%B5%D9%85%D9%8A%D9%85-%D8%A7%D8%AD%D8%AA%D8%B1%D8%A7%D9%81%D9%8A-%D9%84%D9%84%D8%B3%D9%88%D8%B4%D9%8A%D8%A7%D9%84-%D9%85%D9%8A%D8%AF%D9%8A%D8%A7,5.0,1,14 دقيقة,2,0,$10.00,يوم واحد,1,4,30.0,محمد أ.,https://khamsat.com/user/%D9%85%D8%AD%D9%85%D8%AF-%D8%A7%D9%84%D8%A8%D8%B1%D9%82%D9%88%D9%86%D9%8A,True,بائع جديد,5.0,1,33.33%,2,2,8 دقائق
تصميم,https://khamsat.com/designing,إعلانات سوشيال ميديا,https://khamsat.com/designing/design-social-media-ads,اعلانات تصميمات سوشيال ميديا بنرات اعلانية,https://khamsat.com/designing/design-social-media-ads/2376243-%D8%A7%D8%B9%D9%84%D8%A7%D9%86%D8%A7%D8%AA-%D8%AA%D8%B5%D9%85%D9%8A%D9%85%D8%A7%D8%AA-%D8%B3%D9%88%D8%B4%D9%8A%D8%A7%D9%84-%D9%85%D9%8A%D8%AF%D9%8A%D8%A7-%D8%A8%D9%86%D8%B1%D8%A7%D8%AA-%D8%A7%D8%B9%D9%84%D8%A7%D9%86%D9%8A%D8%A9,5.0,62,ساعة,79,0,$10.00,يوم واحد,25,3,140.0,.Ensherah M,https://khamsat.com/user/shoshomohammad569,True,بائع مميز,5.0,70,94.79%,1,83,3 ساعات
تصميم,https://khamsat.com/designing,إعلانات سوشيال ميديا,https://khamsat.com/designing/design-social-media-ads,تصميم اعلان سناب شات احترافي,https://khamsat.com/designing/design-social-media-ads/2046722-%D8%AA%D8%B5%D9%85%D9%8A%D9%85-%D8%A7%D8%B9%D9%84%D8%A7%D9%86-%D8%B3%D9%86%D8%A7%D8%A8-%D8%B4%D8%A7%D8%AA-%D8%A7%D8%AD%D8%AA%D8%B1%D8%A7%D9%81%D9%8A,5.0,171,ساعة,221,0,$5.00,يوم واحد,25,4,90.0,.Anas N,https://khamsat.com/user/anasnadeem2000,True,بائع موثوق,5.0,260,97.13%,6,290,9 ساعات
تصميم,https://khamsat.com/designing,إعلانات سوشيال ميديا,https://khamsat.com/designing/design-social-media-ads,تصميم صور الحملات الاعلانيه علي شبكات التواصل,https://khamsat.com/designing/design-social-media-ads/657760-%D8%AA%D8%B5%D9%85%D9%8A%D9%85-%D8%B5%D9%88%D8%B1-%D8%A7%D9%84%D8%AD%D9%85%D9%84%D8%A7%D8%AA-%D8%A7%D9%84%D8%A7%D8%B9%D9%84%D8%A7%D9%86%D9%8A%D9%87-%D8%B9%D9%84%D9%8A-%D8%B4%D8%A8%D9%83%D8%A7%D8%AA-%D8%A7%D9%84%D8%AA%D9%88%D8%A7%D8%B5%D9%84,4.5,50,6 ساعات,71,0,$10.00,يوم واحد,25,4,90.0,.Ahmed M,https://khamsat.com/user/ahmed-almesselawy,True,بائع مميز,4.5,269,85.99%,2,370,5 ساعات
تصميم,https://khamsat.com/designing,إعلانات سوشيال ميديا,https://khamsat.com/designing/design-social-media-ads,تصميم اعلان سوشيال ميديا احترافي وجذاب,https://khamsat.com/designing/design-social-media-ads/2986910-%D8%AA%D8%B5%D9%85%D9%8A%D9%85-%D8%A7%D8%B9%D9%84%D8%A7%D9%86-%D8%B3%D9%88%D8%B4%D9%8A%D8%A7%D9%84-%D9%85%D9%8A%D8%AF%D9%8A%D8%A7-%D8%A7%D8%AD%D8%AA%D8%B1%D8%A7%D9%81%D9%8A-%D9%88%D8%AC%D8%B0%D8%A7%D8%A8,5.0,4,10 ساعات,4,0,$10.00,يوم واحد,4,4,35.0,احمد م.,https://khamsat.com/user/ahmedmahmoudon38hhs,True,بائع جديد,5.0,4,80.0%,1,4,10 ساعات
تصميم,https://khamsat.com/designing,صور مصغّرة,https://khamsat.com/designing/thumbnails-design,سأقوم بتصميم صور مصغرة جذابة على يوتيوب,https://khamsat.com/designing/thumbnails-design/2100941-%D8%B3%D8%A3%D9%82%D9%88%D9%85-%D8%A8%D8%AA%D8%B5%D9%85%D9%8A%D9%85-%D8%B5%D9%88%D8%B1-%D9%85%D8%B5%D8%BA%D8%B1%D8%A9-%D8%AC%D8%B0%D8%A7%D8%A8%D8%A9-%D8%B9%D9%84%D9%89-%D9%8A%D9%88%D8%AA%D9%8A%D9%88%D8%A8,4.5,25,ساعتين,31,0,$5.00,يوم واحد,25,3,35.0,.Mohammed O,https://khamsat.com/user/medouissadan,True,بائع مميز,4.5,34,96.81%,1,39,6 ساعات
تصميم,https://khamsat.com/designing,صور مصغّرة,https://khamsat.com/designing/thumbnails-design,سأقوم بتصميم صورة مصغرة (thumbnail) جذابة لفيديوهاتك,https://khamsat.com/designing/thumbnails-design/2260320-%D8%B3%D8%A3%D9%82%D9%88%D9%85-%D8%A8%D8%AA%D8%B5%D9%85%D9%8A%D9%85-%D8%B5%D9%88%D8%B1%D8%A9-%D9%85%D8%B5%D8%BA%D8%B1%D8%A9-thumbnail-%D8%AC%D8%B0%D8%A7%D8%A8%D8%A9-%D9%84%D9%81%D9%8A%D8%AF%D9%8A%D9%88%D9%87%D8%A7%D8%AA%D9%83,4.5,25,ساعة,25,0,$15.00,يوم واحد,25,1,10.0,.Aymane B,https://khamsat.com/user/mestir-design,True,بائع مميز,4.5,25,93.02%,3,25,ساعة
تصميم,https://khamsat.com/designing,صور مصغّرة,https://khamsat.com/designing/thumbnails-design,أقوم بتصميم صور مصغرة إحترافية وجذابة,https://khamsat.com/designing/thumbnails-design/2962858-%D8%A3%D9%82%D9%88%D9%85-%D8%A8%D8%AA%D8%B5%D9%85%D9%8A%D9%85-%D8%B5%D9%88%D8%B1-%D9%85%D8%B5%D8%BA%D8%B1%D8%A9-%D8%A5%D8%AD%D8%AA%D8%B1%D8%A7%D9%81%D9%8A%D8%A9-%D9%88%D8%AC%D8%B0%D8%A7%D8%A8%D8%A9,5.0,2,ساعة,4,0,$5.00,يوم واحد,2,4,50.0,محمد رؤوف ج.,https://khamsat.com/user/moetez_jellali,True,بائع جديد,5.0,5,87.5%,4,6,ساعتين
تصميم,https://khamsat.com/designing,صور مصغّرة,https://khamsat.com/designing/thumbnails-design,تصميم صورة مصغرة لليوتيوب,https://khamsat.com/designing/thumbnails-design/2223337-%D8%AA%D8%B5%D9%85%D9%8A%D9%85-%D8%B5%D9%88%D8%B1%D8%A9-%D9%85%D8%B5%D8%BA%D8%B1%D8%A9-%D9%84%D9%84%D9%8A%D9%88%D8%AA%D9%8A%D9%88%D8%A8,4.5,55,13 ساعة,65,0,$10.00,ثلاثة أيام,25,2,60.0,.Ahmed R,https://khamsat.com/user/ahmed_ragab_m,True,بائع مميز,4.5,55,95.48%,1,65,21 ساعة
تصميم,https://khamsat.com/designing,صور مصغّرة,https://khamsat.com/designing/thumbnails-design,تصميم صورة مصغرة اليوتيوب والفيسبوك,https://khamsat.com/designing/thumbnails-design/2132191-%D8%AA%D8%B5%D9%85%D9%8A%D9%85-%D8%B5%D9%88%D8%B1%D8%A9-%D9%85%D8%B5%D8%BA%D8%B1%D8%A9-%D8%A7%D9%84%D9%8A%D9%88%D8%AA%D9%8A%D9%88%D8%A8-%D9%88%D8%A7%D9%84%D9%81%D9%8A%D8%B3%D8%A8%D9%88%D9%83,5.0,10,ساعة,11,0,$10.00,يوم واحد,10,2,55.0,.Jamal E,https://khamsat.com/user/jamal_dhraoui,True,بائع نشيط,5.0,24,100.0%,5,23,يوم
تصميم,https://khamsat.com/designing,صور مصغّرة,https://khamsat.com/designing/thumbnails-design,تصميم صور ورسومات Vector Art,https://khamsat.com/designing/thumbnails-design/2879627-%D8%AA%D8%B5%D9%85%D9%8A%D9%85-%D8%B5%D9%88%D8%B1-%D9%88%D8%B1%D8%B3%D9%88%D9%85%D8%A7%D8%AA-vector-art,5.0,4,29 دقيقة,6,0,$10.00,يومين,4,4,130.0,أسماء ر.,https://khamsat.com/user/asmaa_reda289,True,بائع نشيط,5.0,14,100.0%,2,16,16 دقيقة
تصميم,https://khamsat.com/designing,صور مصغّرة,https://khamsat.com/designing/thumbnails-design,تصميم 3 صور مصغرة لفيديوهات يوتيوب,https://khamsat.com/designing/thumbnails-design/1586064-%D8%AA%D8%B5%D9%85%D9%8A%D9%85-3-%D8%B5%D9%88%D8%B1-%D9%85%D8%B5%D8%BA%D8%B1%D8%A9-%D9%84%D9%81%D9%8A%D8%AF%D9%8A%D9%88%D9%87%D8%A7%D8%AA-%D9%8A%D9%88%D8%AA%D9%8A%D9%88%D8%A8,4.5,21,42 دقيقة,34,0,$10.00,يوم واحد,21,4,35.0,عبد العظيم ر.,https://khamsat.com/user/abdou_boulaam,True,بائع مميز,4.5,63,82.09%,11,81,11 ساعة
تصميم,https://khamsat.com/designing,صور مصغّرة,https://khamsat.com/designing/thumbnails-design,تصميم صورة مصغرة لليوتيوب thumbnails youtube,https://khamsat.com/designing/thumbnails-design/2659582-%D8%AA%D8%B5%D9%85%D9%8A%D9%85-%D8%B5%D9%88%D8%B1%D8%A9-%D9%85%D8%B5%D8%BA%D8%B1%D8%A9-%D9%84%D9%84%D9%8A%D9%88%D8%AA%D9%8A%D9%88%D8%A8-thumbnails-youtube,4.5,14,6 دقائق,19,0,$5.00,يوم واحد,14,3,95.0,.Mohamed S,https://khamsat.com/user/saadaouimohamed410,True,بائع نشيط,4.5,16,93.33%,2,23,5 ساعات
تصميم,https://khamsat.com/designing,صور مصغّرة,https://khamsat.com/designing/thumbnails-design,صور مصغرة لقنوات اليوتيوب احترافية ومثالية,https://khamsat.com/designing/thumbnails-design/3011509-%D8%B5%D9%88%D8%B1-%D9%85%D8%B5%D8%BA%D8%B1%D8%A9-%D9%84%D9%82%D9%86%D9%88%D8%A7%D8%AA-%D8%A7%D9%84%D9%8A%D9%88%D8%AA%D9%8A%D9%88%D8%A8-%D8%A7%D8%AD%D8%AA%D8%B1%D8%A7%D9%81%D9%8A%D8%A9-%D9%88%D9%85%D8%AB%D8%A7%D9%84%D9%8A%D8%A9,5.0,1,ساعة,1,0,$5.00,يوم واحد,1,1,15.0,مهند ا.,https://khamsat.com/user/m762p,False,بائع جديد,5.0,1,100.0%,1,1,ساعة
تصميم,https://khamsat.com/designing,صور مصغّرة,https://khamsat.com/designing/thumbnails-design,تصميم صورة مصغرة لليوتيوب جذابة,https://khamsat.com/designing/thumbnails-design/2622225-%D8%AA%D8%B5%D9%85%D9%8A%D9%85-%D8%B5%D9%88%D8%B1%D8%A9-%D9%85%D8%B5%D8%BA%D8%B1%D8%A9-%D9%84%D9%84%D9%8A%D9%88%D8%AA%D9%8A%D9%88%D8%A8-%D8%AC%D8%B0%D8%A7%D8%A8%D8%A9,4.5,8,4 ساعات,7,0,$10.00,يوم واحد,8,4,85.0,.Omar O,https://khamsat.com/user/ruzex,True,بائع جديد,4.5,8,100.0%,2,7,4 ساعات
تصميم,https://khamsat.com/designing,صور مصغّرة,https://khamsat.com/designing/thumbnails-design,تصميم صورة مصغرة Thumbnail لليوتيوب,https://khamsat.com/designing/thumbnails-design/2493422-%D8%AA%D8%B5%D9%85%D9%8A%D9%85-%D8%B5%D9%88%D8%B1%D8%A9-%D9%85%D8%B5%D8%BA%D8%B1%D8%A9-thumbnail-%D9%84%D9%84%D9%8A%D9%88%D8%AA%D9%8A%D9%88%D8%A8,5.0,33,3 دقائق,38,0,$10.00,يوم واحد,25,4,190.0,.Ahmed Abdelkader B,https://khamsat.com/user/ahmedbrizini,True,بائع مميز,5.0,40,99.2%,3,43,41 دقيقة
تصميم,https://khamsat.com/designing,صور مصغّرة,https://khamsat.com/designing/thumbnails-design,تصميم غلاف احترافي لقنواتكم على اليوتيوب YouTube Banner,https://khamsat.com/designing/thumbnails-design/2133436-%D8%AA%D8%B5%D9%85%D9%8A%D9%85-%D8%BA%D9%84%D8%A7%D9%81-%D8%A7%D8%AD%D8%AA%D8%B1%D8%A7%D9%81%D9%8A-%D9%84%D9%82%D9%86%D9%88%D8%A7%D8%AA%D9%83%D9%85-%D8%B9%D9%84%D9%89-%D8%A7%D9%84%D9%8A%D9%88%D8%AA%D9%8A%D9%88%D8%A8-youtube-banner,4.5,6,4 ساعات,7,0,$10.00,يوم واحد,6,0,0.0,.Jamal E,https://khamsat.com/user/jamal_dhraoui,True,بائع نشيط,5.0,24,100.0%,5,23,يوم
تصميم,https://khamsat.com/designing,صور مصغّرة,https://khamsat.com/designing/thumbnails-design,انشاء صورة مصغرة لليوتيوب,https://khamsat.com/designing/thumbnails-design/1360210-%D8%A7%D9%86%D8%B4%D8%A7%D8%A1-%D8%B5%D9%88%D8%B1%D8%A9-%D9%85%D8%B5%D8%BA%D8%B1%D8%A9-%D9%84%D9%84%D9%8A%D9%88%D8%AA%D9%8A%D9%88%D8%A8,5.0,3,ساعتين,4,0,$5.00,يومين,3,3,40.0,سامي ع.,https://khamsat.com/user/arab.designer,True,بائع نشيط,5.0,28,88.89%,5,30,ساعة
تصميم,https://khamsat.com/designing,صور مصغّرة,https://khamsat.com/designing/thumbnails-design,تصاميم إبداعية لصناعة محتوى يوتيوب Thumbnail 2K FHD,https://khamsat.com/designing/thumbnails-design/1830181-%D8%AA%D8%B5%D8%A7%D9%85%D9%8A%D9%85-%D8%A5%D8%A8%D8%AF%D8%A7%D8%B9%D9%8A%D8%A9-%D9%84%D8%B5%D9%86%D8%A7%D8%B9%D8%A9-%D9%85%D8%AD%D8%AA%D9%88%D9%89-%D9%8A%D9%88%D8%AA%D9%8A%D9%88%D8%A8-thumbnail-2k-fhd,5.0,2,دقيقة,3,0,$5.00,يوم واحد,2,5,40.0,.Youcef B,https://khamsat.com/user/benyoudz,True,بائع جديد,5.0,6,100.0%,2,6,ساعتين
تصميم,https://khamsat.com/designing,صور مصغّرة,https://khamsat.com/designing/thumbnails-design,تصميم صور مصغرة احترافية لليوتيوب Thumbnails,https://khamsat.com/designing/thumbnails-design/2914919-%D8%AA%D8%B5%D9%85%D9%8A%D9%85-%D8%B5%D9%88%D8%B1-%D9%85%D8%B5%D8%BA%D8%B1%D8%A9-%D8%A7%D8%AD%D8%AA%D8%B1%D8%A7%D9%81%D9%8A%D8%A9-%D9%84%D9%84%D9%8A%D9%88%D8%AA%D9%8A%D9%88%D8%A8-thumbnails,5.0,2,16 دقيقة,2,0,$5.00,يوم واحد,2,5,60.0,محمود س.,https://khamsat.com/user/mahmoud7od3,True,بائع جديد,5.0,3,100.0%,4,3,23 دقيقة
تصميم,https://khamsat.com/designing,صور مصغّرة,https://khamsat.com/designing/thumbnails-design,تصميم صورة مصغرة لقناتك,https://khamsat.com/designing/thumbnails-design/1448970-%D8%AA%D8%B5%D9%85%D9%8A%D9%85-%D8%B5%D9%88%D8%B1%D8%A9-%D9%85%D8%B5%D8%BA%D8%B1%D8%A9-%D9%84%D9%82%D9%86%D8%A7%D8%AA%D9%83,5.0,3,4 أيام,3,0,$5.00,يوم واحد,3,0,0.0,محمد إ.,https://khamsat.com/user/mohamed9065,True,بائع مميز,5.0,26,91.67%,3,30,يوم
تصميم,https://khamsat.com/designing,صور مصغّرة,https://khamsat.com/designing/thumbnails-design,تصميم صورة مصغرة بشكل احترافي,https://khamsat.com/designing/thumbnails-design/2982164-%D8%AA%D8%B5%D9%85%D9%8A%D9%85-%D8%B5%D9%88%D8%B1%D8%A9-%D9%85%D8%B5%D8%BA%D8%B1%D8%A9-%D8%A8%D8%B4%D9%83%D9%84-%D8%A7%D8%AD%D8%AA%D8%B1%D8%A7%D9%81%D9%8A,5.0,2,4 ساعات,2,0,$5.00,يومين,2,0,0.0,.Nasre S,https://khamsat.com/user/nasre_68,True,بائع جديد,5.0,3,71.43%,2,2,ساعتين
تصميم,https://khamsat.com/designing,صور مصغّرة,https://khamsat.com/designing/thumbnails-design,تصميم صور مصغرة لليوتيوب - Thumbnail,https://khamsat.com/designing/thumbnails-design/2968354-%D8%AA%D8%B5%D9%85%D9%8A%D9%85-%D8%B5%D9%88%D8%B1-%D9%85%D8%B5%D8%BA%D8%B1%D8%A9-%D9%84%D9%84%D9%8A%D9%88%D8%AA%D9%8A%D9%88%D8%A8-thumbnail,5.0,1,ساعتين,2,0,$5.00,يوم واحد,1,1,10.0,صهيب ا.,https://khamsat.com/user/soheb2002,True,بائع جديد,5.0,1,100.0%,1,2,ساعتين
تصميم,https://khamsat.com/designing,صور مصغّرة,https://khamsat.com/designing/thumbnails-design,تصميم صور مصغرة لليوتيوب باحترافية,https://khamsat.com/designing/thumbnails-design/1006145-%D8%AA%D8%B5%D9%85%D9%8A%D9%85-%D8%B5%D9%88%D8%B1-%D9%85%D8%B5%D8%BA%D8%B1%D8%A9-%D9%84%D9%84%D9%8A%D9%88%D8%AA%D9%8A%D9%88%D8%A8-%D8%A8%D8%A7%D8%AD%D8%AA%D8%B1%D8%A7%D9%81%D9%8A%D8%A9,4.5,24,28 دقيقة,30,0,$10.00,يوم واحد,24,2,35.0,.Siradj El Islam L,https://khamsat.com/user/%D8%A7%D9%84%D8%B9%D8%A7%D8%B1%D9%85-%D8%A7%D8%B3%D9%84%D8%A7%D9%85,True,بائع مميز,4.5,27,91.53%,2,30,16 دقيقة
تصميم,https://khamsat.com/designing,صور مصغّرة,https://khamsat.com/designing/thumbnails-design,تصميم صور مصغرة إحترافية لليوتيوب,https://khamsat.com/designing/thumbnails-design/2509770-%D8%AA%D8%B5%D9%85%D9%8A%D9%85-%D8%B5%D9%88%D8%B1-%D9%85%D8%B5%D8%BA%D8%B1%D8%A9-%D8%A5%D8%AD%D8%AA%D8%B1%D8%A7%D9%81%D9%8A%D8%A9-%D9%84%D9%84%D9%8A%D9%88%D8%AA%D9%8A%D9%88%D8%A8,5.0,1,59 دقيقة,1,0,$10.00,يوم واحد,1,0,0.0,.Ilham I,https://khamsat.com/user/youssefichouaa,True,بائع نشيط,5.0,8,73.68%,2,8,ساعتين
تصميم,https://khamsat.com/designing,صور مصغّرة,https://khamsat.com/designing/thumbnails-design,تصميم صور مصغرة لفيديوهات اليوتيوب Youtube Thumbnail,https://khamsat.com/designing/thumbnails-design/2963322-%D8%AA%D8%B5%D9%85%D9%8A%D9%85-%D8%B5%D9%88%D8%B1-%D9%85%D8%B5%D8%BA%D8%B1%D8%A9-%D9%84%D9%81%D9%8A%D8%AF%D9%8A%D9%88%D9%87%D8%A7%D8%AA-%D8%A7%D9%84%D9%8A%D9%88%D8%AA%D9%8A%D9%88%D8%A8-youtube-thumbnail,5.0,1,15 دقيقة,1,0,$5.00,يوم واحد,1,3,95.0,.Ahmed A,https://khamsat.com/user/hmed_aab,True,بائع جديد,5.0,1,100.0%,3,1,15 دقيقة
تصميم,https://khamsat.com/designing,صور مصغّرة,https://khamsat.com/designing/thumbnails-design,تصميم صور مصغرة لليوتيوب,https://khamsat.com/designing/thumbnails-design/1859165-%D8%AA%D8%B5%D9%85%D9%8A%D9%85-%D8%B5%D9%88%D8%B1-%D9%85%D8%B5%D8%BA%D8%B1%D8%A9-%D9%84%D9%84%D9%8A%D9%88%D8%AA%D9%8A%D9%88%D8%A8,4.5,18,8 ساعات,28,0,$5.00,يوم واحد,18,3,25.0,علي ع.,https://khamsat.com/user/aliawwad_1,True,بائع مميز,4.5,28,94.64%,12,37,5 ساعات
تصميم,https://khamsat.com/designing,صور مصغّرة,https://khamsat.com/designing/thumbnails-design,تصميم صور Thumbnail لفيديوهات اليوتيوب لتزيد من مشاهداتك,https://khamsat.com/designing/thumbnails-design/2306476-%D8%AA%D8%B5%D9%85%D9%8A%D9%85-%D8%B5%D9%88%D8%B1-thumbnail-%D9%84%D9%81%D9%8A%D8%AF%D9%8A%D9%88%D9%87%D8%A7%D8%AA-%D8%A7%D9%84%D9%8A%D9%88%D8%AA%D9%8A%D9%88%D8%A8-%D9%84%D8%AA%D8%B2%D9%8A%D8%AF-%D9%85%D9%86-%D9%85%D8%B4%D8%A7%D9%87%D8%AF%D8%A7%D8%AA%D9%83,5.0,1,ساعة,1,0,$5.00,يوم واحد,1,0,0.0,عبدالله ا.,https://khamsat.com/user/%D8%B9%D8%A8%D8%AF%D8%A7%D9%84%D9%84%D9%87-%D8%A7%D9%84%D8%B9%D9%88%D8%A7%D8%AF,True,مشتري مميز,5.0,16,92.59%,5,19,4 ساعات
تصميم,https://khamsat.com/designing,صور مصغّرة,https://khamsat.com/designing/thumbnails-design,تصميم صور مصغرة احترافية لليوتيوب,https://khamsat.com/designing/thumbnails-design/2609476-%D8%AA%D8%B5%D9%85%D9%8A%D9%85-%D8%B5%D9%88%D8%B1-%D9%85%D8%B5%D8%BA%D8%B1%D8%A9-%D8%A7%D8%AD%D8%AA%D8%B1%D8%A7%D9%81%D9%8A%D8%A9-%D9%84%D9%84%D9%8A%D9%88%D8%AA%D9%8A%D9%88%D8%A8,4.5,5,ساعة,6,0,$5.00,يوم واحد,5,3,70.0,.Mahmoud E,https://khamsat.com/user/mahmoudelnakeeb,True,بائع جديد,4.5,5,85.71%,1,6,ساعة
تصميم,https://khamsat.com/designing,صور مصغّرة,https://khamsat.com/designing/thumbnails-design,تصميم صورة إحترافية مصغرة لليوتيوب لزيادة مشاهدات الفيديو,https://khamsat.com/designing/thumbnails-design/2604280-%D8%AA%D8%B5%D9%85%D9%8A%D9%85-%D8%B5%D9%88%D8%B1%D8%A9-%D8%A5%D8%AD%D8%AA%D8%B1%D8%A7%D9%81%D9%8A%D8%A9-%D9%85%D8%B5%D8%BA%D8%B1%D8%A9-%D9%84%D9%84%D9%8A%D9%88%D8%AA%D9%8A%D9%88%D8%A8-%D9%84%D8%B2%D9%8A%D8%A7%D8%AF%D8%A9-%D9%85%D8%B4%D8%A7%D9%87%D8%AF%D8%A7%D8%AA-%D8%A7%D9%84%D9%81%D9%8A%D8%AF%D9%8A%D9%88,5.0,5,5 دقائق,7,0,$5.00,يوم واحد,5,1,10.0,.Anas R,https://khamsat.com/user/leon_rashed,True,مشتري جاد,5.0,5,88.89%,5,7,7 ساعات
تصميم,https://khamsat.com/designing,صور مصغّرة,https://khamsat.com/designing/thumbnails-design,خدمة إنشاء الصور المصغرة لليوتيوب,https://khamsat.com/designing/thumbnails-design/2850065-%D8%AE%D8%AF%D9%85%D8%A9-%D8%A5%D9%86%D8%B4%D8%A7%D8%A1-%D8%A7%D9%84%D8%B5%D9%88%D8%B1-%D8%A7%D9%84%D9%85%D8%B5%D8%BA%D8%B1%D8%A9-%D9%84%D9%84%D9%8A%D9%88%D8%AA%D9%8A%D9%88%D8%A8,5.0,1,6 دقائق,1,0,$5.00,يوم واحد,1,0,0.0,عمر و.,https://khamsat.com/user/omar_ouchribou,True,بائع جديد,5.0,2,100.0%,5,2,13 ساعة
تصميم,https://khamsat.com/designing,صور مصغّرة,https://khamsat.com/designing/thumbnails-design,تصميم صور مصغرة فيديوهات الخاصة بك على اليوتيوب,https://khamsat.com/designing/thumbnails-design/1390550-%D8%AA%D8%B5%D9%85%D9%8A%D9%85-%D8%B5%D9%88%D8%B1-%D9%85%D8%B5%D8%BA%D8%B1%D8%A9-%D9%81%D9%8A%D8%AF%D9%8A%D9%88%D9%87%D8%A7%D8%AA-%D8%A7%D9%84%D8%AE%D8%A7%D8%B5%D8%A9-%D8%A8%D9%83-%D8%B9%D9%84%D9%89-%D8%A7%D9%84%D9%8A%D9%88%D8%AA%D9%8A%D9%88%D8%A8,5.0,13,ساعة,12,0,$5.00,يوم واحد,13,1,5.0,.Mehdi B,https://khamsat.com/user/mahdibannour,True,بائع نشيط,5.0,13,82.61%,4,12,يومين
تصميم,https://khamsat.com/designing,صور مصغّرة,https://khamsat.com/designing/thumbnails-design,صورة مصغرة مميزة لفيديوهاتك على اليوتيوب,https://khamsat.com/designing/thumbnails-design/1377428-%D8%B5%D9%88%D8%B1%D8%A9-%D9%85%D8%B5%D8%BA%D8%B1%D8%A9-%D9%85%D9%85%D9%8A%D8%B2%D8%A9-%D9%84%D9%81%D9%8A%D8%AF%D9%8A%D9%88%D9%87%D8%A7%D8%AA%D9%83-%D8%B9%D9%84%D9%89-%D8%A7%D9%84%D9%8A%D9%88%D8%AA%D9%8A%D9%88%D8%A8,5.0,2,16 ساعة,2,0,$10.00,ثلاثة أيام,2,2,55.0,.Abdullah N,https://khamsat.com/user/abdullah-nimeh,True,بائع مميز,5.0,38,96.7%,6,24,يوم
تصميم,https://khamsat.com/designing,صور مصغّرة,https://khamsat.com/designing/thumbnails-design,تصميم صور مصغرة احترافية لليوتوب وجميع المنصات,https://khamsat.com/designing/thumbnails-design/1905490-%D8%AA%D8%B5%D9%85%D9%8A%D9%85-%D8%B5%D9%88%D8%B1-%D9%85%D8%B5%D8%BA%D8%B1%D8%A9-%D8%A7%D8%AD%D8%AA%D8%B1%D8%A7%D9%81%D9%8A%D8%A9-%D9%84%D9%84%D9%8A%D9%88%D8%AA%D9%88%D8%A8-%D9%88%D8%AC%D9%85%D9%8A%D8%B9-%D8%A7%D9%84%D9%85%D9%86%D8%B5%D8%A7%D8%AA,5.0,1,ساعتين,1,0,$5.00,يوم واحد,1,3,55.0,.Abdelhakim L,https://khamsat.com/user/lakhyari_abdelhakim,True,بائع جديد,5.0,1,100.0%,2,1,ساعتين
تصميم,https://khamsat.com/designing,صور مصغّرة,https://khamsat.com/designing/thumbnails-design,اصمم لك بانر لليوتيوب احترافية بوقت وجيز,https://khamsat.com/designing/thumbnails-design/927361-%D8%A7%D8%B5%D9%85%D9%85-%D9%84%D9%83-%D8%A8%D8%A7%D9%86%D8%B1-%D9%84%D9%84%D9%8A%D9%88%D8%AA%D9%8A%D9%88%D8%A8-%D8%A7%D8%AD%D8%AA%D8%B1%D8%A7%D9%81%D9%8A%D8%A9-%D8%A8%D9%88%D9%82%D8%AA-%D9%88%D8%AC%D9%8A%D8%B2,5.0,31,ساعتين,34,0,$5.00,يوم واحد,25,1,10.0,أسامة د.,https://khamsat.com/user/oussama-daimallah,True,بائع مميز,5.0,40,89.71%,2,49,4 ساعات
تصميم,https://khamsat.com/designing,غلاف سوشيال ميديا,https://khamsat.com/designing/social-media-covers,تصاميم بوستات سوشل ميديا,https://khamsat.com/designing/social-media-covers/2642528-%D8%AA%D8%B5%D8%A7%D9%85%D9%8A%D9%85-%D8%A8%D9%88%D8%B3%D8%AA%D8%A7%D8%AA-%D8%B3%D9%88%D8%B4%D9%84-%D9%85%D9%8A%D8%AF%D9%8A%D8%A7,5.0,8,يوم,13,0,$10.00,يوم واحد,8,3,255.0,.Amer Z,https://khamsat.com/user/amerzantah,True,بائع مميز,5.0,40,98.0%,11,40,8 ساعات
تصميم,https://khamsat.com/designing,غلاف سوشيال ميديا,https://khamsat.com/designing/social-media-covers,تصميم صورة غلاف سوشيال اعلان برسم كرتوني ونضع شعارك وبياناتك,https://khamsat.com/designing/social-media-covers/2776279-%D8%AA%D8%B5%D9%85%D9%8A%D9%85-%D8%B5%D9%88%D8%B1%D8%A9-%D8%BA%D9%84%D8%A7%D9%81-%D8%B3%D9%88%D8%B4%D9%8A%D8%A7%D9%84-%D8%A7%D8%B9%D9%84%D8%A7%D9%86-%D8%A8%D8%B1%D8%B3%D9%85-%D9%83%D8%B1%D8%AA%D9%88%D9%86%D9%8A-%D9%88%D9%86%D8%B6%D8%B9-%D8%B4%D8%B9%D8%A7%D8%B1%D9%83-%D9%88%D8%A8%D9%8A%D8%A7%D9%86%D8%A7%D8%AA%D9%83,5.0,5,54 دقيقة,7,0,$5.00,ثلاثة أيام,5,5,55.0,احمد م.,https://khamsat.com/user/aammiinn,True,بائع مميز,5.0,67,90.82%,3,90,14 ساعة
تصميم,https://khamsat.com/designing,غلاف سوشيال ميديا,https://khamsat.com/designing/social-media-covers,تصميم غلاف إحترافي لقناتك على اليوتيوب,https://khamsat.com/designing/social-media-covers/1483724-%D8%AA%D8%B5%D9%85%D9%8A%D9%85-%D8%BA%D9%84%D8%A7%D9%81-%D8%A5%D8%AD%D8%AA%D8%B1%D8%A7%D9%81%D9%8A-%D9%84%D9%82%D9%86%D8%A7%D8%AA%D9%83-%D8%B9%D9%84%D9%89-%D8%A7%D9%84%D9%8A%D9%88%D8%AA%D9%8A%D9%88%D8%A8,5.0,53,ساعة,64,0,$10.00,يوم واحد,25,2,20.0,عبد الحليم ق.,https://khamsat.com/user/halim_kobbi,True,بائع مميز,4.5,131,96.41%,4,140,ساعة
تصميم,https://khamsat.com/designing,غلاف سوشيال ميديا,https://khamsat.com/designing/social-media-covers,تصميم غلاف لقناتك على اليوتيوب بحترافيه,https://khamsat.com/designing/social-media-covers/2490539-%D8%AA%D8%B5%D9%85%D9%8A%D9%85-%D8%BA%D9%84%D8%A7%D9%81-%D9%84%D9%82%D9%86%D8%A7%D8%AA%D9%83-%D8%B9%D9%84%D9%89-%D8%A7%D9%84%D9%8A%D9%88%D8%AA%D9%8A%D9%88%D8%A8-%D8%A8%D8%AD%D8%AA%D8%B1%D8%A7%D9%81%D9%8A%D9%87,4.0,4,يوم,5,0,$5.00,يوم واحد,4,4,95.0,.Abdulaziz B,https://khamsat.com/user/azeez2022,True,بائع نشيط,4.0,8,82.35%,4,9,10 ساعات
تصميم,https://khamsat.com/designing,غلاف سوشيال ميديا,https://khamsat.com/designing/social-media-covers,تصميم غلاف سوشيال ميديا احترافي يعكس هوية حسابك,https://khamsat.com/designing/social-media-covers/3038762-%D8%AA%D8%B5%D9%85%D9%8A%D9%85-%D8%BA%D9%84%D8%A7%D9%81-%D8%B3%D9%88%D8%B4%D9%8A%D8%A7%D9%84-%D9%85%D9%8A%D8%AF%D9%8A%D8%A7-%D8%A7%D8%AD%D8%AA%D8%B1%D8%A7%D9%81%D9%8A-%D9%8A%D8%B9%D9%83%D8%B3-%D9%87%D9%88%D9%8A%D8%A9-%D8%AD%D8%B3%D8%A7%D8%A8%D9%83,5.0,1,لم يحسب,1,0,$5.00,يومين,1,0,0.0,جيلان س.,https://khamsat.com/user/jellymony,True,بائع جديد,5.0,2,100.0%,4,2,13 ساعة
تصميم,https://khamsat.com/designing,غلاف سوشيال ميديا,https://khamsat.com/designing/social-media-covers,تصميم غلاف لقناتك على اليوتيوب او صفحة الفيس بوك,https://khamsat.com/designing/social-media-covers/811035-%D8%AA%D8%B5%D9%85%D9%8A%D9%85-%D8%BA%D9%84%D8%A7%D9%81-%D9%84%D9%82%D9%86%D8%A7%D8%AA%D9%83-%D8%B9%D9%84%D9%89-%D8%A7%D9%84%D9%8A%D9%88%D8%AA%D9%8A%D9%88%D8%A8-%D8%A7%D9%88-%D8%B5%D9%81%D8%AD%D8%A9-%D8%A7%D9%84%D9%81%D9%8A%D8%B3-%D8%A8%D9%88%D9%83,5.0,77,يوم,97,0,$10.00,يوم واحد,25,4,55.0,أية ع.,https://khamsat.com/user/good-work,True,بائع مميز,5.0,210,83.71%,5,238,8 ساعات
تصميم,https://khamsat.com/designing,غلاف سوشيال ميديا,https://khamsat.com/designing/social-media-covers,تصميم غلاف يوتيوب إحترافي قوي,https://khamsat.com/designing/social-media-covers/2008652-%D8%AA%D8%B5%D9%85%D9%8A%D9%85-%D8%BA%D9%84%D8%A7%D9%81-%D9%8A%D9%88%D8%AA%D9%8A%D9%88%D8%A8-%D8%A5%D8%AD%D8%AA%D8%B1%D8%A7%D9%81%D9%8A-%D9%82%D9%88%D9%8A,5.0,2,18 دقيقة,2,0,$20.00,يوم واحد,2,0,0.0,.Hicham M,https://khamsat.com/user/hichammansouri,True,بائع مميز,5.0,61,94.12%,7,67,ساعة
تصميم,https://khamsat.com/designing,غلاف سوشيال ميديا,https://khamsat.com/designing/social-media-covers,تصاميم سوشيال ميديا ابداعية - creative social media design,https://khamsat.com/designing/social-media-covers/2720466-%D8%AA%D8%B5%D8%A7%D9%85%D9%8A%D9%85-%D8%B3%D9%88%D8%B4%D9%8A%D8%A7%D9%84-%D9%85%D9%8A%D8%AF%D9%8A%D8%A7-%D8%A7%D8%A8%D8%AF%D8%A7%D8%B9%D9%8A%D8%A9-creative-social-media-design,5.0,3,29 دقيقة,3,0,$5.00,يوم واحد,3,2,20.0,.Ebrahem S,https://khamsat.com/user/hemasaad22,True,بائع جديد,5.0,6,75.0%,2,6,28 دقيقة
تصميم,https://khamsat.com/designing,غلاف سوشيال ميديا,https://khamsat.com/designing/social-media-covers,تصميم شعار يوتيوب او(Gaming) احترافي برسم صورتك فيكتور,https://khamsat.com/designing/social-media-covers/2249928-%D8%AA%D8%B5%D9%85%D9%8A%D9%85-%D8%B4%D8%B9%D8%A7%D8%B1-%D9%8A%D9%88%D8%AA%D9%8A%D9%88%D8%A8-%D8%A7%D9%88gaming-%D8%A7%D8%AD%D8%AA%D8%B1%D8%A7%D9%81%D9%8A-%D8%A8%D8%B1%D8%B3%D9%85-%D8%B5%D9%88%D8%B1%D8%AA%D9%83-%D9%81%D9%8A%D9%83%D8%AA%D9%88%D8%B1,4.5,12,9 ساعات,14,0,$10.00,ثلاثة أيام,12,5,45.0,منصف ز.,https://khamsat.com/user/mounssif611,True,بائع نشيط,4.5,14,96.15%,3,17,4 ساعات
تصميم,https://khamsat.com/designing,غلاف سوشيال ميديا,https://khamsat.com/designing/social-media-covers,سأصمم لك شعار gaming لقناة يوتيوب و صفحات الألعاب,https://khamsat.com/designing/social-media-covers/2416954-%D8%B3%D8%A3%D8%B5%D9%85%D9%85-%D9%84%D9%83-%D8%B4%D8%B9%D8%A7%D8%B1-gaming-%D9%84%D9%82%D9%86%D8%A7%D8%A9-%D9%8A%D9%88%D8%AA%D9%8A%D9%88%D8%A8-%D9%88-%D8%B5%D9%81%D8%AD%D8%A7%D8%AA-%D8%A7%D9%84%D8%A3%D9%84%D8%B9%D8%A7%D8%A8,5.0,1,12 ساعة,2,0,$15.00,يومين,1,1,5.0,.Jamal E,https://khamsat.com/user/jamal_dhraoui,True,بائع نشيط,5.0,24,100.0%,5,23,يوم
تصميم,https://khamsat.com/designing,غلاف سوشيال ميديا,https://khamsat.com/designing/social-media-covers,سأصمم لك غلاف لقناتك على يوتوب,https://khamsat.com/designing/social-media-covers/1872848-%D8%B3%D8%A3%D8%B5%D9%85%D9%85-%D9%84%D9%83-%D8%BA%D9%84%D8%A7%D9%81-%D9%84%D9%82%D9%86%D8%A7%D8%AA%D9%83-%D8%B9%D9%84%D9%89-%D9%8A%D9%88%D8%AA%D9%88%D8%A8,5.0,3,15 ساعة,4,0,$10.00,يوم واحد,3,3,15.0,ناصرالدين م.,https://khamsat.com/user/khaled_bour,True,بائع مميز,5.0,42,94.52%,3,45,4 ساعات
تصميم,https://khamsat.com/designing,غلاف سوشيال ميديا,https://khamsat.com/designing/social-media-covers,تصميم غلاف يوتوب YouTube banner احترافي,https://khamsat.com/designing/social-media-covers/1245077-%D8%AA%D8%B5%D9%85%D9%8A%D9%85-%D8%BA%D9%84%D8%A7%D9%81-%D9%8A%D9%88%D8%AA%D9%88%D8%A8-youtube-banner-%D8%A7%D8%AD%D8%AA%D8%B1%D8%A7%D9%81%D9%8A,5.0,1,11 ساعة,1,0,$10.00,يومين,1,3,35.0,.Salim B,https://khamsat.com/user/salim_ben,True,بائع مميز,4.5,125,79.44%,5,169,10 ساعات
تصميم,https://khamsat.com/designing,غلاف سوشيال ميديا,https://khamsat.com/designing/social-media-covers,تصميم غلاف فيس بوك جداب + صورة للبروفايل,https://khamsat.com/designing/social-media-covers/324091-%D8%AA%D8%B5%D9%85%D9%8A%D9%85-%D8%BA%D9%84%D8%A7%D9%81-%D9%81%D9%8A%D8%B3-%D8%A8%D9%88%D9%83-%D8%AC%D8%AF%D8%A7%D8%A8-%D8%B5%D9%88%D8%B1%D8%A9-%D9%84%D9%84%D8%A8%D8%B1%D9%88%D9%81%D8%A7%D9%8A%D9%84,5.0,13,يومين,16,0,$10.00,ثلاثة أيام,13,1,5.0,.Said E,https://khamsat.com/user/anassbeni,True,بائع مميز,5.0,78,80.09%,2,87,16 ساعة
تصميم,https://khamsat.com/designing,غلاف سوشيال ميديا,https://khamsat.com/designing/social-media-covers,تصميم Cover,https://khamsat.com/designing/social-media-covers/147266-%D8%AA%D8%B5%D9%85%D9%8A%D9%85-cover,5.0,14,ساعة,19,0,$5.00,ثلاثة أيام,14,1,5.0,.Abdelkrim M,https://khamsat.com/user/abdou18,True,بائع مميز,5.0,93,80.36%,3,122,ساعة
تصميم,https://khamsat.com/designing,غلاف سوشيال ميديا,https://khamsat.com/designing/social-media-covers,تصميم غلاف قناة يوتيوب إحترافي,https://khamsat.com/designing/social-media-covers/1773538-%D8%AA%D8%B5%D9%85%D9%8A%D9%85-%D8%BA%D9%84%D8%A7%D9%81-%D9%82%D9%86%D8%A7%D8%A9-%D9%8A%D9%88%D8%AA%D9%8A%D9%88%D8%A8-%D8%A5%D8%AD%D8%AA%D8%B1%D8%A7%D9%81%D9%8A,5.0,8,3 ساعات,8,0,$5.00,يومين,8,2,30.0,ممتاز ق.,https://khamsat.com/user/momtaz_kaseda,True,بائع نشيط,5.0,10,89.47%,3,14,23 ساعة
تصميم,https://khamsat.com/designing,غلاف سوشيال ميديا,https://khamsat.com/designing/social-media-covers,تصميم غلاف فيسبوك Facebook Cover متوافق مع جميع الشاشات.,https://khamsat.com/designing/social-media-covers/1953030-%D8%AA%D8%B5%D9%85%D9%8A%D9%85-%D8%BA%D9%84%D8%A7%D9%81-%D9%81%D9%8A%D8%B3%D8%A8%D9%88%D9%83-facebook-cover-%D9%85%D8%AA%D9%88%D8%A7%D9%81%D9%82-%D9%85%D8%B9-%D8%AC%D9%85%D9%8A%D8%B9-%D8%A7%D9%84%D8%B4%D8%A7%D8%B4%D8%A7%D8%AA,5.0,4,ساعتين,4,0,$20.00,يومين,4,1,10.0,علاء ا.,https://khamsat.com/user/%D8%B9%D9%84%D8%A7%D8%A1-%D8%A7%D9%84%D8%B5%D8%A7%D9%84%D8%AD,True,بائع موثوق,5.0,148,86.69%,23,145,3 ساعات
تصميم,https://khamsat.com/designing,غلاف سوشيال ميديا,https://khamsat.com/designing/social-media-covers,تصميم احترافي لصفحتك في فيس بوك أو تويتر أو خمسات أو يوتيوب,https://khamsat.com/designing/social-media-covers/1323970-%D8%AA%D8%B5%D9%85%D9%8A%D9%85-%D8%A7%D8%AD%D8%AA%D8%B1%D8%A7%D9%81%D9%8A-%D9%84%D8%B5%D9%81%D8%AD%D8%AA%D9%83-%D9%81%D9%8A-%D9%81%D9%8A%D8%B3-%D8%A8%D9%88%D9%83-%D8%A3%D9%88-%D8%AA%D9%88%D9%8A%D8%AA%D8%B1-%D8%A3%D9%88-%D8%AE%D9%85%D8%B3%D8%A7%D8%AA-%D8%A3%D9%88-%D9%8A%D9%88%D8%AA%D9%8A%D9%88%D8%A8,5.0,2,3 ساعات,2,0,$5.00,يوم واحد,2,0,0.0,.Anas M,https://khamsat.com/user/anas-mosad-erkat,True,بائع مميز,4.5,97,88.1%,10,119,3 ساعات
تصميم,https://khamsat.com/designing,غلاف سوشيال ميديا,https://khamsat.com/designing/social-media-covers,تصميم شعار احترافي لقناة يوتيوب YouTube,https://khamsat.com/designing/social-media-covers/1879915-%D8%AA%D8%B5%D9%85%D9%8A%D9%85-%D8%B4%D8%B9%D8%A7%D8%B1-%D8%A7%D8%AD%D8%AA%D8%B1%D8%A7%D9%81%D9%8A-%D9%84%D9%82%D9%86%D8%A7%D8%A9-%D9%8A%D9%88%D8%AA%D9%8A%D9%88%D8%A8-youtube,5.0,4,17 ساعة,5,0,$25.00,يومين,4,3,55.0,.Oussama B,https://khamsat.com/user/ouss-boss,True,بائع مميز,5.0,40,93.2%,4,51,4 ساعات
تصميم,https://khamsat.com/designing,غلاف سوشيال ميديا,https://khamsat.com/designing/social-media-covers,تصميم احترافي لغلاف قنواتكم Youtube Banner,https://khamsat.com/designing/social-media-covers/1672283-%D8%AA%D8%B5%D9%85%D9%8A%D9%85-%D8%A7%D8%AD%D8%AA%D8%B1%D8%A7%D9%81%D9%8A-%D9%84%D8%BA%D9%84%D8%A7%D9%81-%D9%82%D9%86%D9%88%D8%A7%D8%AA%D9%83%D9%85-youtube-banner,5.0,9,ساعة,14,0,$5.00,يوم واحد,9,0,0.0,.Mohamed B,https://khamsat.com/user/simo23berahall,True,بائع نشيط,5.0,9,80.95%,1,14,ساعة
تصميم,https://khamsat.com/designing,غلاف سوشيال ميديا,https://khamsat.com/designing/social-media-covers,"تصميم كوفر او بانر احترفي للقناتك (يوتيوب,تويتر,فايسبوك...)",https://khamsat.com/designing/social-media-covers/2274164-%D8%AA%D8%B5%D9%85%D9%8A%D9%85-%D9%83%D9%88%D9%81%D8%B1-%D8%A7%D9%88-%D8%A8%D8%A7%D9%86%D8%B1-%D8%A7%D8%AD%D8%AA%D8%B1%D9%81%D9%8A-%D9%84%D9%84%D9%82%D9%86%D8%A7%D8%AA%D9%83-%D9%8A%D9%88%D8%AA%D9%8A%D9%88%D8%A8%D8%AA%D9%88%D9%8A%D8%AA%D8%B1%D9%81%D8%A7%D9%8A%D8%B3%D8%A8%D9%88%D9%83,4.5,3,19 ساعة,4,0,$5.00,يوم واحد,3,4,35.0,مصطفى ب.,https://khamsat.com/user/stophdigital,True,بائع جديد,4.5,3,71.43%,3,4,7 ساعات
تصميم,https://khamsat.com/designing,غلاف سوشيال ميديا,https://khamsat.com/designing/social-media-covers,تصميم شعار و غلاف يوتيوب بجودة عالية,https://khamsat.com/designing/social-media-covers/2340783-%D8%AA%D8%B5%D9%85%D9%8A%D9%85-%D8%B4%D8%B9%D8%A7%D8%B1-%D9%88-%D8%BA%D9%84%D8%A7%D9%81-%D9%8A%D9%88%D8%AA%D9%8A%D9%88%D8%A8-%D8%A8%D8%AC%D9%88%D8%AF%D8%A9-%D8%B9%D8%A7%D9%84%D9%8A%D8%A9,5.0,4,29 دقيقة,4,0,$5.00,يوم واحد,4,1,10.0,حسين عبد الناصر ا.,https://khamsat.com/user/elakafhocine16,True,بائع جديد,5.0,4,100.0%,4,4,29 دقيقة
تصميم,https://khamsat.com/designing,غلاف سوشيال ميديا,https://khamsat.com/designing/social-media-covers,تصميم غلاف أو بنر احترافي لمتجرك الإلكتروني,https://khamsat.com/designing/social-media-covers/2499086-%D8%AA%D8%B5%D9%85%D9%8A%D9%85-%D8%BA%D9%84%D8%A7%D9%81-%D8%A3%D9%88-%D8%A8%D9%86%D8%B1-%D8%A7%D8%AD%D8%AA%D8%B1%D8%A7%D9%81%D9%8A-%D9%84%D9%85%D8%AA%D8%AC%D8%B1%D9%83-%D8%A7%D9%84%D8%A5%D9%84%D9%83%D8%AA%D8%B1%D9%88%D9%86%D9%8A,3.5,3,ساعة,6,0,$5.00,يوم واحد,3,2,20.0,.Imane A,https://khamsat.com/user/atbir,True,بائع مميز,4.5,61,85.37%,8,80,ساعتين
تصميم,https://khamsat.com/designing,غلاف سوشيال ميديا,https://khamsat.com/designing/social-media-covers,تصميم صوره احترافيه لخدمتك,https://khamsat.com/designing/social-media-covers/879581-%D8%AA%D8%B5%D9%85%D9%8A%D9%85-%D8%B5%D9%88%D8%B1%D9%87-%D8%A7%D8%AD%D8%AA%D8%B1%D8%A7%D9%81%D9%8A%D9%87-%D9%84%D8%AE%D8%AF%D9%85%D8%AA%D9%83,5.0,3,5 ساعات,5,0,$5.00,يومين,3,2,15.0,احمد ا.,https://khamsat.com/user/ahmed-diab88,True,بائع مميز,5.0,145,94.67%,7,155,3 ساعات
تصميم,https://khamsat.com/designing,غلاف سوشيال ميديا,https://khamsat.com/designing/social-media-covers,تصميم كوفر للفيسبوك 2 تصميم مقابل 5$,https://khamsat.com/designing/social-media-covers/892791-%D8%AA%D8%B5%D9%85%D9%8A%D9%85-%D9%83%D9%88%D9%81%D8%B1-%D9%84%D9%84%D9%81%D9%8A%D8%B3%D8%A8%D9%88%D9%83-2-%D8%AA%D8%B5%D9%85%D9%8A%D9%85-%D9%85%D9%82%D8%A7%D8%A8%D9%84-5,5.0,1,10 ساعات,1,0,$5.00,يومين,1,0,0.0,.Mostafa A,https://khamsat.com/user/mostafa-hady,True,بائع جديد,5.0,2,83.33%,4,2,19 ساعة
تصميم,https://khamsat.com/designing,غلاف سوشيال ميديا,https://khamsat.com/designing/social-media-covers,تصميم غلاف سوشيال ميديا باستخدام Canva,https://khamsat.com/designing/social-media-covers/2648008-%D8%AA%D8%B5%D9%85%D9%8A%D9%85-%D8%BA%D9%84%D8%A7%D9%81-%D8%B3%D9%88%D8%B4%D9%8A%D8%A7%D9%84-%D9%85%D9%8A%D8%AF%D9%8A%D8%A7-%D8%A8%D8%A7%D8%B3%D8%AA%D8%AE%D8%AF%D8%A7%D9%85-canva,5.0,1,لم يحسب,1,0,$5.00,يوم واحد,1,0,0.0,.Abeer A,https://khamsat.com/user/abeerayyad2,True,بائع نشيط,5.0,11,96.43%,4,8,17 دقيقة
تصميم,https://khamsat.com/designing,غلاف سوشيال ميديا,https://khamsat.com/designing/social-media-covers,"سوف أصمم لك غلاف للفيسبوك , لليوتيوب,تويتر وغيره",https://khamsat.com/designing/social-media-covers/2364858-%D8%B3%D9%88%D9%81-%D8%A3%D8%B5%D9%85%D9%85-%D9%84%D9%83-%D8%BA%D9%84%D8%A7%D9%81-%D9%84%D9%84%D9%81%D9%8A%D8%B3%D8%A8%D9%88%D9%83-%D9%84%D9%84%D9%8A%D9%88%D8%AA%D9%8A%D9%88%D8%A8%D8%AA%D9%88%D9%8A%D8%AA%D8%B1-%D9%88%D8%BA%D9%8A%D8%B1%D9%87,5.0,2,7 ساعات,3,0,$5.00,ثلاثة أيام,2,5,75.0,.Alaa A,https://khamsat.com/user/alaahamzaali,True,مشتري جاد,5.0,2,100.0%,2,3,4 ساعات
تصميم,https://khamsat.com/designing,غلاف سوشيال ميديا,https://khamsat.com/designing/social-media-covers,تصميم غلاف احترافي لصفحتك الشخصية على السوشيال ميديا,https://khamsat.com/designing/social-media-covers/1720927-%D8%AA%D8%B5%D9%85%D9%8A%D9%85-%D8%BA%D9%84%D8%A7%D9%81-%D8%A7%D8%AD%D8%AA%D8%B1%D8%A7%D9%81%D9%8A-%D9%84%D8%B5%D9%81%D8%AD%D8%AA%D9%83-%D8%A7%D9%84%D8%B4%D8%AE%D8%B5%D9%8A%D8%A9-%D8%B9%D9%84%D9%89-%D8%A7%D9%84%D8%B3%D9%88%D8%B4%D9%8A%D8%A7%D9%84-%D9%85%D9%8A%D8%AF%D9%8A%D8%A7,5.0,9,55 دقيقة,14,0,$10.00,يوم واحد,9,2,10.0,.Mohammed D,https://khamsat.com/user/muhammad1994,True,بائع مميز,5.0,292,94.36%,9,306,4 ساعات
تصميم,https://khamsat.com/designing,غلاف سوشيال ميديا,https://khamsat.com/designing/social-media-covers,تصميم غلاف فيس بوك + صورة لخدماتك فى خمسات,https://khamsat.com/designing/social-media-covers/325139-%D8%AA%D8%B5%D9%85%D9%8A%D9%85-%D8%BA%D9%84%D8%A7%D9%81-%D9%81%D9%8A%D8%B3-%D8%A8%D9%88%D9%83-%D8%B5%D9%88%D8%B1%D8%A9-%D9%84%D8%AE%D8%AF%D9%85%D8%A7%D8%AA%D9%83-%D9%81%D9%89-%D8%AE%D9%85%D8%B3%D8%A7%D8%AA,5.0,1,15 ساعة,3,0,$5.00,يوم واحد,1,1,10.0,.Mahmoud M,https://khamsat.com/user/mahmoud-mokhtar,True,بائع مميز,4.5,27,86.29%,5,34,7 ساعات
تصميم,https://khamsat.com/designing,غلاف سوشيال ميديا,https://khamsat.com/designing/social-media-covers,تصميم شعار احترافي,https://khamsat.com/designing/social-media-covers/102836-%D8%AA%D8%B5%D9%85%D9%8A%D9%85-%D8%B4%D8%B9%D8%A7%D8%B1-%D8%A7%D8%AD%D8%AA%D8%B1%D8%A7%D9%81%D9%8A,5.0,34,6 دقائق,45,0,$45.00,ثلاثة أيام,25,3,90.0,.Belahouel B,https://khamsat.com/user/stykag,True,بائع مميز,5.0,53,88.57%,2,74,ساعة
تصميم,https://khamsat.com/designing,غلاف سوشيال ميديا,https://khamsat.com/designing/social-media-covers,تصميم غلاف احترافي وراقي لــ رمضان (للفيس - تويتر -انستجرام),https://khamsat.com/designing/social-media-covers/879331-%D8%AA%D8%B5%D9%85%D9%8A%D9%85-%D8%BA%D9%84%D8%A7%D9%81-%D8%A7%D8%AD%D8%AA%D8%B1%D8%A7%D9%81%D9%8A-%D9%88%D8%B1%D8%A7%D9%82%D9%8A-%D9%84%D9%80%D9%80-%D8%B1%D9%85%D8%B6%D8%A7%D9%86-%D9%84%D9%84%D9%81%D9%8A%D8%B3-%D8%AA%D9%88%D9%8A%D8%AA%D8%B1-%D8%A7%D9%86%D8%B3%D8%AA%D8%AC%D8%B1%D8%A7%D9%85,5.0,4,ساعة,9,0,$5.00,يوم واحد,4,1,5.0,أميرة ص.,https://khamsat.com/user/%D8%A3%D9%85%D9%8A%D8%B1%D8%A9-%D8%B5%D9%84%D8%A7%D8%AD,True,بائع مميز,4.5,382,91.03%,9,506,3 ساعات
تصميم,https://khamsat.com/designing,فلاتر وعدسات,https://khamsat.com/designing/filters-lenses,تصميم فلتر سناب شات احترافي,https://khamsat.com/designing/filters-lenses/1011965-%D8%AA%D8%B5%D9%85%D9%8A%D9%85-%D9%81%D9%84%D8%AA%D8%B1-%D8%B3%D9%86%D8%A7%D8%A8-%D8%B4%D8%A7%D8%AA-%D8%A7%D8%AD%D8%AA%D8%B1%D8%A7%D9%81%D9%8A,5.0,35,ساعتين,46,0,$10.00,يوم واحد,25,4,45.0,نادية ب.,https://khamsat.com/user/%D9%86%D8%A7%D8%AF%D9%8A%D8%A9-%D8%A8%D8%A7%D9%82%D9%8A,True,بائع مميز,4.5,122,94.33%,17,135,ساعة
تصميم,https://khamsat.com/designing,فلاتر وعدسات,https://khamsat.com/designing/filters-lenses,تصميم عدسات سناب شات احترافيه,https://khamsat.com/designing/filters-lenses/1114994-%D8%AA%D8%B5%D9%85%D9%8A%D9%85-%D8%B9%D8%AF%D8%B3%D8%A7%D8%AA-%D8%B3%D9%86%D8%A7%D8%A8-%D8%B4%D8%A7%D8%AA-%D8%A7%D8%AD%D8%AA%D8%B1%D8%A7%D9%81%D9%8A%D9%87,4.5,87,7 ساعات,111,1,$10.00,يومين,25,4,90.0,.Sami A,https://khamsat.com/user/sami-saven,True,بائع مميز,4.5,101,79.41%,1,123,يوم
تصميم,https://khamsat.com/designing,فلاتر وعدسات,https://khamsat.com/designing/filters-lenses,فلتر سناب شات احترافي,https://khamsat.com/designing/filters-lenses/894156-%D9%81%D9%84%D8%AA%D8%B1-%D8%B3%D9%86%D8%A7%D8%A8-%D8%B4%D8%A7%D8%AA-%D8%A7%D8%AD%D8%AA%D8%B1%D8%A7%D9%81%D9%8A,4.5,35,5 ساعات,51,0,$5.00,ثلاثة أيام,25,4,50.0,.Bader A,https://khamsat.com/user/bader-alhamed,True,مشتري VIP,4.5,88,96.59%,6,122,ساعتين
تصميم,https://khamsat.com/designing,فلاتر وعدسات,https://khamsat.com/designing/filters-lenses,تصميم 10 هايلايت للانستغرام highlight,https://khamsat.com/designing/filters-lenses/1850183-%D8%AA%D8%B5%D9%85%D9%8A%D9%85-10-%D9%87%D8%A7%D9%8A%D9%84%D8%A7%D9%8A%D8%AA-%D9%84%D9%84%D8%A7%D9%86%D8%B3%D8%AA%D8%BA%D8%B1%D8%A7%D9%85-highlight,4.5,24,10 ساعات,35,0,$10.00,يومين,24,5,40.0,ذكاء م.,https://khamsat.com/user/zuke,True,بائع مميز,4.5,34,90.48%,9,44,3 ساعات
تصميم,https://khamsat.com/designing,فلاتر وعدسات,https://khamsat.com/designing/filters-lenses,تصميم عدسات فلاتر سناب شات باحترافية,https://khamsat.com/designing/filters-lenses/2317820-%D8%AA%D8%B5%D9%85%D9%8A%D9%85-%D8%B9%D8%AF%D8%B3%D8%A7%D8%AA-%D9%81%D9%84%D8%A7%D8%AA%D8%B1-%D8%B3%D9%86%D8%A7%D8%A8-%D8%B4%D8%A7%D8%AA-%D8%A8%D8%A7%D8%AD%D8%AA%D8%B1%D8%A7%D9%81%D9%8A%D8%A9,4.5,12,17 ساعة,17,0,$10.00,يومين,12,5,90.0,.Mohamed Djamel Eddine S,https://khamsat.com/user/dja_mel48,True,بائع نشيط,4.5,12,80.0%,1,17,17 ساعة
تصميم,https://khamsat.com/designing,فلاتر وعدسات,https://khamsat.com/designing/filters-lenses,اصمم لك فلتر سناب شات الخاص بمناسبتك,https://khamsat.com/designing/filters-lenses/744830-%D8%A7%D8%B5%D9%85%D9%85-%D9%84%D9%83-%D9%81%D9%84%D8%AA%D8%B1-%D8%B3%D9%86%D8%A7%D8%A8-%D8%B4%D8%A7%D8%AA-%D8%A7%D9%84%D8%AE%D8%A7%D8%B5-%D8%A8%D9%85%D9%86%D8%A7%D8%B3%D8%A8%D8%AA%D9%83,5.0,22,ساعتين,34,0,$5.00,يومين,22,3,15.0,.Islam G,https://khamsat.com/user/1abwmalk,True,بائع مميز,4.5,94,87.23%,4,111,3 أيام
تصميم,https://khamsat.com/designing,فلاتر وعدسات,https://khamsat.com/designing/filters-lenses,تصميم فلاتر سناب شات,https://khamsat.com/designing/filters-lenses/1317306-%D8%AA%D8%B5%D9%85%D9%8A%D9%85-%D9%81%D9%84%D8%A7%D8%AA%D8%B1-%D8%B3%D9%86%D8%A7%D8%A8-%D8%B4%D8%A7%D8%AA,5.0,2,3 ساعات,2,0,$10.00,يومين,2,5,70.0,محمد ف.,https://khamsat.com/user/%D9%85%D8%AD%D9%85%D8%AF-%D8%A3%D8%AD%D9%85%D8%AF-%D9%81%D8%A7%D8%B1%D8%B3,True,بائع موثوق,4.5,650,92.68%,18,776,ساعتين
تصميم,https://khamsat.com/designing,فلاتر وعدسات,https://khamsat.com/designing/filters-lenses,تصميم الرموز التعبيرية والشارات لخدمة الانتساب فى اليوتيوب,https://khamsat.com/designing/filters-lenses/2519461-%D8%AA%D8%B5%D9%85%D9%8A%D9%85-%D8%A7%D9%84%D8%B1%D9%85%D9%88%D8%B2-%D8%A7%D9%84%D8%AA%D8%B9%D8%A8%D9%8A%D8%B1%D9%8A%D8%A9-%D9%88%D8%A7%D9%84%D8%B4%D8%A7%D8%B1%D8%A7%D8%AA-%D9%84%D8%AE%D8%AF%D9%85%D8%A9-%D8%A7%D9%84%D8%A7%D9%86%D8%AA%D8%B3%D8%A7%D8%A8-%D9%81%D9%89-%D8%A7%D9%84%D9%8A%D9%88%D8%AA%D9%8A%D9%88%D8%A8,5.0,5,18 ساعة,9,0,$5.00,يومين,5,3,40.0,.Mariam A,https://khamsat.com/user/mariam_a_zanaty,True,بائع مميز,5.0,37,98.61%,2,49,9 ساعات
تصميم,https://khamsat.com/designing,فلاتر وعدسات,https://khamsat.com/designing/filters-lenses,تصميم هايلايت احترافي highlights للانستجرام Instagram,https://khamsat.com/designing/filters-lenses/3043204-%D8%AA%D8%B5%D9%85%D9%8A%D9%85-%D9%87%D8%A7%D9%8A%D9%84%D8%A7%D9%8A%D8%AA-%D8%A7%D8%AD%D8%AA%D8%B1%D8%A7%D9%81%D9%8A-highlights-%D9%84%D9%84%D8%A7%D9%86%D8%B3%D8%AA%D8%AC%D8%B1%D8%A7%D9%85-instagram,0.0,0,لم يحسب,0,0,$5.00,يوم واحد,0,5,55.0,ياسين م.,https://khamsat.com/user/yassin_110,True,بائع جديد,0.0,0,لم يحسب بعد,2,0,لم يحسب
تصميم,https://khamsat.com/designing,فلاتر وعدسات,https://khamsat.com/designing/filters-lenses,تعديل صور إحترافية بإستخدام لايتروم,https://khamsat.com/designing/filters-lenses/3017927-%D8%AA%D8%B9%D8%AF%D9%8A%D9%84-%D8%B5%D9%88%D8%B1-%D8%A5%D8%AD%D8%AA%D8%B1%D8%A7%D9%81%D9%8A%D8%A9-%D8%A8%D8%A5%D8%B3%D8%AA%D8%AE%D8%AF%D8%A7%D9%85-%D9%84%D8%A7%D9%8A%D8%AA%D8%B1%D9%88%D9%85,0.0,0,لم يحسب,0,0,$10.00,يوم واحد,0,0,0.0,.Ahmad A,https://khamsat.com/user/ahmadz999,True,بائع جديد,0.0,0,لم يحسب بعد,1,0,لم يحسب
تصميم,https://khamsat.com/designing,فلاتر وعدسات,https://khamsat.com/designing/filters-lenses,عمل فلتر سناب شات مناسباتكم خطبه وملكه وزواج وتخرج وعيد,https://khamsat.com/designing/filters-lenses/1885506-%D8%B9%D9%85%D9%84-%D9%81%D9%84%D8%AA%D8%B1-%D8%B3%D9%86%D8%A7%D8%A8-%D8%B4%D8%A7%D8%AA-%D9%85%D9%86%D8%A7%D8%B3%D8%A8%D8%A7%D8%AA%D9%83%D9%85-%D8%AE%D8%B7%D8%A8%D9%87-%D9%88%D9%85%D9%84%D9%83%D9%87-%D9%88%D8%B2%D9%88%D8%A7%D8%AC-%D9%88%D8%AA%D8%AE%D8%B1%D8%AC-%D9%88%D8%B9%D9%8A%D8%AF,5.0,1,3 ساعات,1,0,$5.00,يومين,1,3,35.0,انهار ع.,https://khamsat.com/user/anharmohammed,True,بائع نشيط,5.0,11,92.68%,3,17,ساعتين
تصميم,https://khamsat.com/designing,فلاتر وعدسات,https://khamsat.com/designing/filters-lenses,تصميم هاى لايت انستقرام احترافية ومميزة,https://khamsat.com/designing/filters-lenses/2962477-%D8%AA%D8%B5%D9%85%D9%8A%D9%85-%D9%87%D8%A7%D9%89-%D9%84%D8%A7%D9%8A%D8%AA-%D8%A7%D9%86%D8%B3%D8%AA%D9%82%D8%B1%D8%A7%D9%85-%D8%A7%D8%AD%D8%AA%D8%B1%D8%A7%D9%81%D9%8A%D8%A9-%D9%88%D9%85%D9%85%D9%8A%D8%B2%D8%A9,0.0,0,لم يحسب,0,0,$5.00,يوم واحد,0,0,0.0,.Doha E,https://khamsat.com/user/dohaelmalek,False,بائع جديد,0.0,0,لم يحسب بعد,3,0,لم يحسب
تصميم,https://khamsat.com/designing,فلاتر وعدسات,https://khamsat.com/designing/filters-lenses,تصميم فيلتر سناب شات و انستغرام,https://khamsat.com/designing/filters-lenses/2727494-%D8%AA%D8%B5%D9%85%D9%8A%D9%85-%D9%81%D9%8A%D9%84%D8%AA%D8%B1-%D8%B3%D9%86%D8%A7%D8%A8-%D8%B4%D8%A7%D8%AA-%D9%88-%D8%A7%D9%86%D8%B3%D8%AA%D8%BA%D8%B1%D8%A7%D9%85,0.0,0,لم يحسب,0,0,$10.00,يومين,0,0,0.0,.Saliha R,https://khamsat.com/user/re_sali,False,بائع جديد,0.0,0,لم يحسب بعد,1,0,لم يحسب
تصميم,https://khamsat.com/designing,فلاتر وعدسات,https://khamsat.com/designing/filters-lenses,تصميم فلتر علي سناب شات بشعار و اسم شركتك وموقعك الالكتروني,https://khamsat.com/designing/filters-lenses/2844735-%D8%AA%D8%B5%D9%85%D9%8A%D9%85-%D9%81%D9%84%D8%AA%D8%B1-%D8%B9%D9%84%D9%8A-%D8%B3%D9%86%D8%A7%D8%A8-%D8%B4%D8%A7%D8%AA-%D8%A8%D8%B4%D8%B9%D8%A7%D8%B1-%D9%88-%D8%A7%D8%B3%D9%85-%D8%B4%D8%B1%D9%83%D8%AA%D9%83-%D9%88%D9%85%D9%88%D9%82%D8%B9%D9%83-%D8%A7%D9%84%D8%A7%D9%84%D9%83%D8%AA%D8%B1%D9%88%D9%86%D9%8A,0.0,0,لم يحسب,0,0,$10.00,ثلاثة أيام,0,3,30.0,.Dalia A,https://khamsat.com/user/dmk4des,True,بائع جديد,0.0,0,لم يحسب بعد,4,0,لم يحسب
تصميم,https://khamsat.com/designing,فلاتر وعدسات,https://khamsat.com/designing/filters-lenses,انشاء عدسات سناب شات بجميع انوعها,https://khamsat.com/designing/filters-lenses/2879038-%D8%A7%D9%86%D8%B4%D8%A7%D8%A1-%D8%B9%D8%AF%D8%B3%D8%A7%D8%AA-%D8%B3%D9%86%D8%A7%D8%A8-%D8%B4%D8%A7%D8%AA-%D8%A8%D8%AC%D9%85%D9%8A%D8%B9-%D8%A7%D9%86%D9%88%D8%B9%D9%87%D8%A7,0.0,0,لم يحسب,0,0,$10.00,يومين,0,3,85.0,.Ahmad S,https://khamsat.com/user/ahmadsnaplens,False,بائع جديد,0.0,0,لم يحسب بعد,1,0,لم يحسب
تصميم,https://khamsat.com/designing,فلاتر وعدسات,https://khamsat.com/designing/filters-lenses,فلترك بين يديك خدمة تصميم فلاتر سناب شات رفعها على التطبيق,https://khamsat.com/designing/filters-lenses/2928884-%D9%81%D9%84%D8%AA%D8%B1%D9%83-%D8%A8%D9%8A%D9%86-%D9%8A%D8%AF%D9%8A%D9%83-%D8%AE%D8%AF%D9%85%D8%A9-%D8%AA%D8%B5%D9%85%D9%8A%D9%85-%D9%81%D9%84%D8%A7%D8%AA%D8%B1-%D8%B3%D9%86%D8%A7%D8%A8-%D8%B4%D8%A7%D8%AA-%D8%B1%D9%81%D8%B9%D9%87%D8%A7-%D8%B9%D9%84%D9%89-%D8%A7%D9%84%D8%AA%D8%B7%D8%A8%D9%8A%D9%82,0.0,0,لم يحسب,0,0,$10.00,يوم واحد,0,1,20.0,.Abderrahim M,https://khamsat.com/user/abderrahimmo,True,بائع جديد,0.0,0,لم يحسب بعد,4,0,لم يحسب
تصميم,https://khamsat.com/designing,فلاتر وعدسات,https://khamsat.com/designing/filters-lenses,تصميم highlight للأنستغرام لتظهر صفحتك بشكل جذاب,https://khamsat.com/designing/filters-lenses/1404771-%D8%AA%D8%B5%D9%85%D9%8A%D9%85-highlight-%D9%84%D9%84%D8%A3%D9%86%D8%B3%D8%AA%D8%BA%D8%B1%D8%A7%D9%85-%D9%84%D8%AA%D8%B8%D9%87%D8%B1-%D8%B5%D9%81%D8%AD%D8%AA%D9%83-%D8%A8%D8%B4%D9%83%D9%84-%D8%AC%D8%B0%D8%A7%D8%A8,5.0,3,ساعة,6,0,$5.00,يوم واحد,3,2,25.0,.Mostafa M,https://khamsat.com/user/mostafa-medjahdi,True,بائع مميز,4.5,150,98.66%,6,254,ساعتين
تصميم,https://khamsat.com/designing,فلاتر وعدسات,https://khamsat.com/designing/filters-lenses,تصميم هايلايت للانستقرام highlight احترافي بجودة عالية 5$,https://khamsat.com/designing/filters-lenses/1883205-%D8%AA%D8%B5%D9%85%D9%8A%D9%85-%D9%87%D8%A7%D9%8A%D9%84%D8%A7%D9%8A%D8%AA-%D9%84%D9%84%D8%A7%D9%86%D8%B3%D8%AA%D9%82%D8%B1%D8%A7%D9%85-highlight-%D8%A7%D8%AD%D8%AA%D8%B1%D8%A7%D9%81%D9%8A-%D8%A8%D8%AC%D9%88%D8%AF%D8%A9-%D8%B9%D8%A7%D9%84%D9%8A%D8%A9-5,4.5,11,4 ساعات,21,1,$5.00,يوم واحد,11,2,15.0,.Maryam A,https://khamsat.com/user/m_graphic,True,مشتري مميز,4.5,11,93.33%,3,21,7 ساعات
تصميم,https://khamsat.com/designing,فلاتر وعدسات,https://khamsat.com/designing/filters-lenses,تصميم highlight للأنستغرام لتزيين مظهر صفحتك,https://khamsat.com/designing/filters-lenses/2433993-%D8%AA%D8%B5%D9%85%D9%8A%D9%85-highlight-%D9%84%D9%84%D8%A3%D9%86%D8%B3%D8%AA%D8%BA%D8%B1%D8%A7%D9%85-%D9%84%D8%AA%D8%B2%D9%8A%D9%8A%D9%86-%D9%85%D8%B8%D9%87%D8%B1-%D8%B5%D9%81%D8%AD%D8%AA%D9%83,0.0,0,لم يحسب,0,0,$5.00,يوم واحد,0,1,10.0,.Marouan N,https://khamsat.com/user/naciri01,True,بائع جديد,0.0,0,لم يحسب بعد,4,0,لم يحسب
تصميم,https://khamsat.com/designing,فلاتر وعدسات,https://khamsat.com/designing/filters-lenses,تصميم خلفيات مختلفة لبرنامج zoom meeting,https://khamsat.com/designing/filters-lenses/2923508-%D8%AA%D8%B5%D9%85%D9%8A%D9%85-%D8%AE%D9%84%D9%81%D9%8A%D8%A7%D8%AA-%D9%85%D8%AE%D8%AA%D9%84%D9%81%D8%A9-%D9%84%D8%A8%D8%B1%D9%86%D8%A7%D9%85%D8%AC-zoom-meeting,0.0,0,لم يحسب,0,0,$10.00,يوم واحد,0,1,5.0,اسلام ح.,https://khamsat.com/user/islam_hegazy,True,مشتري جديد,0.0,0,لم يحسب بعد,1,0,لم يحسب
تصميم,https://khamsat.com/designing,فلاتر وعدسات,https://khamsat.com/designing/filters-lenses,تصميم عدسات سناب شات لجميع المناسبات والاعياد,https://khamsat.com/designing/filters-lenses/2916018-%D8%AA%D8%B5%D9%85%D9%8A%D9%85-%D8%B9%D8%AF%D8%B3%D8%A7%D8%AA-%D8%B3%D9%86%D8%A7%D8%A8-%D8%B4%D8%A7%D8%AA-%D9%84%D8%AC%D9%85%D9%8A%D8%B9-%D8%A7%D9%84%D9%85%D9%86%D8%A7%D8%B3%D8%A8%D8%A7%D8%AA-%D9%88%D8%A7%D9%84%D8%A7%D8%B9%D9%8A%D8%A7%D8%AF,0.0,0,لم يحسب,0,0,$5.00,يومين,0,0,0.0,.Rana N,https://khamsat.com/user/%D8%B1%D9%86%D8%A7%D8%A7-%D9%85%D8%AD%D9%85%D8%AF,False,بائع جديد,0.0,0,لم يحسب بعد,2,0,لم يحسب
تصميم,https://khamsat.com/designing,فلاتر وعدسات,https://khamsat.com/designing/filters-lenses,تصميم واجهة حساب تجاري على منصة instagram مع كافة الملحقات,https://khamsat.com/designing/filters-lenses/2955054-%D8%AA%D8%B5%D9%85%D9%8A%D9%85-%D9%88%D8%A7%D8%AC%D9%87%D8%A9-%D8%AD%D8%B3%D8%A7%D8%A8-%D8%AA%D8%AC%D8%A7%D8%B1%D9%8A-%D8%B9%D9%84%D9%89-%D9%85%D9%86%D8%B5%D8%A9-instagram-%D9%85%D8%B9-%D9%83%D8%A7%D9%81%D8%A9-%D8%A7%D9%84%D9%85%D9%84%D8%AD%D9%82%D8%A7%D8%AA,0.0,0,لم يحسب,0,0,$10.00,أربعة أيام,0,3,15.0,اثير س.,https://khamsat.com/user/%D8%A7%D8%AB%D9%8A%D8%B1-%D8%B3%D8%B9%D8%AF%D9%88%D9%86,False,بائع جديد,0.0,0,لم يحسب بعد,1,0,لم يحسب
تصميم,https://khamsat.com/designing,فلاتر وعدسات,https://khamsat.com/designing/filters-lenses,تصميم فلتر سناب شات / Snapchat,https://khamsat.com/designing/filters-lenses/1759661-%D8%AA%D8%B5%D9%85%D9%8A%D9%85-%D9%81%D9%84%D8%AA%D8%B1-%D8%B3%D9%86%D8%A7%D8%A8-%D8%B4%D8%A7%D8%AA-snapchat,0.0,0,يوم,0,0,$5.00,يوم واحد,0,1,5.0,وسيم ا.,https://khamsat.com/user/%D9%88%D8%B3%D9%8A%D9%85-%D8%A7%D9%84%D8%AC%D9%86%D9%8A%D8%AF,True,بائع نشيط,0.0,14,85.42%,1,33,7 ساعات
تصميم,https://khamsat.com/designing,فلاتر وعدسات,https://khamsat.com/designing/filters-lenses,تصميم فلاير - Flyer إحترافي خاص بشركتك,https://khamsat.com/designing/filters-lenses/2769284-%D8%AA%D8%B5%D9%85%D9%8A%D9%85-%D9%81%D9%84%D8%A7%D9%8A%D8%B1-flyer-%D8%A5%D8%AD%D8%AA%D8%B1%D8%A7%D9%81%D9%8A-%D8%AE%D8%A7%D8%B5-%D8%A8%D8%B4%D8%B1%D9%83%D8%AA%D9%83,0.0,0,لم يحسب,0,0,$10.00,يومين,0,1,5.0,.Omar N,https://khamsat.com/user/omar-nahed,True,بائع نشيط,5.0,14,71.43%,10,15,ساعة
تصميم,https://khamsat.com/designing,فلاتر وعدسات,https://khamsat.com/designing/filters-lenses,"تصميم فلاتر سناب شات وبطاقة تهنئة بمولد , تخرج , زفاف ,, أي",https://khamsat.com/designing/filters-lenses/2071930-%D8%AA%D8%B5%D9%85%D9%8A%D9%85-%D9%81%D9%84%D8%A7%D8%AA%D8%B1-%D8%B3%D9%86%D8%A7%D8%A8-%D8%B4%D8%A7%D8%AA-%D9%88%D8%A8%D8%B7%D8%A7%D9%82%D8%A9-%D8%AA%D9%87%D9%86%D8%A6%D8%A9-%D8%A8%D9%85%D9%88%D9%84%D8%AF-%D8%AA%D8%AE%D8%B1%D8%AC-%D8%B2%D9%81%D8%A7%D9%81-%D8%A3%D9%8A,0.0,0,16 دقيقة,0,0,$5.00,يومين,0,1,5.0,.Alaa F,https://khamsat.com/user/alaa_faraj,True,بائع جديد,0.0,0,لم يحسب بعد,2,0,ساعتين
تصميم,https://khamsat.com/designing,فلاتر وعدسات,https://khamsat.com/designing/filters-lenses,سأقوم بتصميم هايلايتس لحسابك على انستغرام,https://khamsat.com/designing/filters-lenses/1488253-%D8%B3%D8%A3%D9%82%D9%88%D9%85-%D8%A8%D8%AA%D8%B5%D9%85%D9%8A%D9%85-%D9%87%D8%A7%D9%8A%D9%84%D8%A7%D9%8A%D8%AA%D8%B3-%D9%84%D8%AD%D8%B3%D8%A7%D8%A8%D9%83-%D8%B9%D9%84%D9%89-%D8%A7%D9%86%D8%B3%D8%AA%D8%BA%D8%B1%D8%A7%D9%85,4.5,9,17 دقيقة,11,0,$5.00,يوم واحد,9,3,35.0,.Abderrahim A,https://khamsat.com/user/aramabdo,True,بائع مميز,4.5,79,86.67%,6,160,ساعتين
تصميم,https://khamsat.com/designing,فلاتر وعدسات,https://khamsat.com/designing/filters-lenses,تصميم ايقونات هايلايت للانستقرام,https://khamsat.com/designing/filters-lenses/1147956-%D8%AA%D8%B5%D9%85%D9%8A%D9%85-%D8%A7%D9%8A%D9%82%D9%88%D9%86%D8%A7%D8%AA-%D9%87%D8%A7%D9%8A%D9%84%D8%A7%D9%8A%D8%AA-%D9%84%D9%84%D8%A7%D9%86%D8%B3%D8%AA%D9%82%D8%B1%D8%A7%D9%85,5.0,1,ساعة,1,0,$5.00,يومين,1,2,15.0,.Bader A,https://khamsat.com/user/bader-alhamed,True,مشتري VIP,4.5,88,96.59%,6,122,ساعتين
تصميم,https://khamsat.com/designing,فلاتر وعدسات,https://khamsat.com/designing/filters-lenses,سأقوم بتصميم فلتر سناب شات مقابل 5$ دولار,https://khamsat.com/designing/filters-lenses/1683585-%D8%B3%D8%A3%D9%82%D9%88%D9%85-%D8%A8%D8%AA%D8%B5%D9%85%D9%8A%D9%85-%D9%81%D9%84%D8%AA%D8%B1-%D8%B3%D9%86%D8%A7%D8%A8-%D8%B4%D8%A7%D8%AA-%D9%85%D9%82%D8%A7%D8%A8%D9%84-5-%D8%AF%D9%88%D9%84%D8%A7%D8%B1,5.0,1,ساعة,2,1,$5.00,يوم واحد,1,2,10.0,.Abdenour G,https://khamsat.com/user/samsoum_54,True,بائع جديد,5.0,1,100.0%,4,2,ساعة
تصميم,https://khamsat.com/designing,فلاتر وعدسات,https://khamsat.com/designing/filters-lenses,تصميم هايلايت للانستقرام high light,https://khamsat.com/designing/filters-lenses/2946640-%D8%AA%D8%B5%D9%85%D9%8A%D9%85-%D9%87%D8%A7%D9%8A%D9%84%D8%A7%D9%8A%D8%AA-%D9%84%D9%84%D8%A7%D9%86%D8%B3%D8%AA%D9%82%D8%B1%D8%A7%D9%85-high-light,5.0,3,56 دقيقة,4,0,$5.00,يوم واحد,3,1,5.0,.Anas T,https://khamsat.com/user/anas_timraz,True,بائع مميز,5.0,46,100.0%,6,49,يوم
تصميم,https://khamsat.com/designing,فلاتر وعدسات,https://khamsat.com/designing/filters-lenses,سأصمم هايلايت Highlight احترافي مميز و جذاب لحساب الانستجرام,https://khamsat.com/designing/filters-lenses/1983761-%D8%B3%D8%A3%D8%B5%D9%85%D9%85-%D9%87%D8%A7%D9%8A%D9%84%D8%A7%D9%8A%D8%AA-highlight-%D8%A7%D8%AD%D8%AA%D8%B1%D8%A7%D9%81%D9%8A-%D9%85%D9%85%D9%8A%D8%B2-%D9%88-%D8%AC%D8%B0%D8%A7%D8%A8-%D9%84%D8%AD%D8%B3%D8%A7%D8%A8-%D8%A7%D9%84%D8%A7%D9%86%D8%B3%D8%AA%D8%AC%D8%B1%D8%A7%D9%85,5.0,5,ساعة,7,0,$5.00,يومين,5,5,35.0,.Asmaa S,https://khamsat.com/user/asmaa-sb,True,بائع مميز,5.0,116,96.72%,6,116,11 ساعة
تصميم,https://khamsat.com/designing,ملصقات تطبيقات التواصل,https://khamsat.com/designing/social-media-stickers,تصميم ملصقات مطبعية لمختلف القياسات,https://khamsat.com/designing/social-media-stickers/2309879-%D8%AA%D8%B5%D9%85%D9%8A%D9%85-%D9%85%D9%84%D8%B5%D9%82%D8%A7%D8%AA-%D9%85%D8%B7%D8%A8%D8%B9%D9%8A%D8%A9-%D9%84%D9%85%D8%AE%D8%AA%D9%84%D9%81-%D8%A7%D9%84%D9%82%D9%8A%D8%A7%D8%B3%D8%A7%D8%AA,5.0,7,6 ساعات,8,0,$25.00,يوم واحد,7,3,25.0,.Mohamed S,https://khamsat.com/user/mohammed-sliman-z,True,بائع مميز,5.0,87,96.48%,4,115,5 ساعات
تصميم,https://khamsat.com/designing,ملصقات تطبيقات التواصل,https://khamsat.com/designing/social-media-stickers,ملصقات واتساب دعائية لجذب العملاء,https://khamsat.com/designing/social-media-stickers/2448291-%D9%85%D9%84%D8%B5%D9%82%D8%A7%D8%AA-%D9%88%D8%A7%D8%AA%D8%B3%D8%A7%D8%A8-%D8%AF%D8%B9%D8%A7%D8%A6%D9%8A%D8%A9-%D9%84%D8%AC%D8%B0%D8%A8-%D8%A7%D9%84%D8%B9%D9%85%D9%84%D8%A7%D8%A1,5.0,4,49 دقيقة,4,0,$5.00,يوم واحد,4,2,10.0,.Dina F,https://khamsat.com/user/dinafaroukdesigns83,True,بائع جديد,5.0,4,100.0%,1,4,49 دقيقة
تصميم,https://khamsat.com/designing,ملصقات تطبيقات التواصل,https://khamsat.com/designing/social-media-stickers,تصميم ملصق لمنتج ليبل او استيكر,https://khamsat.com/designing/social-media-stickers/2818813-%D8%AA%D8%B5%D9%85%D9%8A%D9%85-%D9%85%D9%84%D8%B5%D9%82-%D9%84%D9%85%D9%86%D8%AA%D8%AC-%D9%84%D9%8A%D8%A8%D9%84-%D8%A7%D9%88-%D8%A7%D8%B3%D8%AA%D9%8A%D9%83%D8%B1,5.0,1,32 دقيقة,1,0,$10.00,يومين,1,2,25.0,.Tamer M,https://khamsat.com/user/ph-azhary,True,بائع جديد,5.0,1,100.0%,2,1,32 دقيقة
تصميم,https://khamsat.com/designing,ملصقات تطبيقات التواصل,https://khamsat.com/designing/social-media-stickers,احصل على ملصقك الخاص (WhatsApp Stickers),https://khamsat.com/designing/social-media-stickers/1008577-%D8%A7%D8%AD%D8%B5%D9%84-%D8%B9%D9%84%D9%89-%D9%85%D9%84%D8%B5%D9%82%D9%83-%D8%A7%D9%84%D8%AE%D8%A7%D8%B5-whatsapp-stickers,5.0,19,46 دقيقة,23,0,$5.00,يوم واحد,19,3,105.0,إسماعيل ز.,https://khamsat.com/user/esmaeelmz,True,بائع نشيط,5.0,19,97.14%,1,23,46 دقيقة
تصميم,https://khamsat.com/designing,ملصقات تطبيقات التواصل,https://khamsat.com/designing/social-media-stickers,صناعة استيكرات واتساب ثابتة او متحركة ( من فيديوهات ),https://khamsat.com/designing/social-media-stickers/2401817-%D8%B5%D9%86%D8%A7%D8%B9%D8%A9-%D8%A7%D8%B3%D8%AA%D9%8A%D9%83%D8%B1%D8%A7%D8%AA-%D9%88%D8%A7%D8%AA%D8%B3%D8%A7%D8%A8-%D8%AB%D8%A7%D8%A8%D8%AA%D8%A9-%D8%A7%D9%88-%D9%85%D8%AA%D8%AD%D8%B1%D9%83%D8%A9-%D9%85%D9%86-%D9%81%D9%8A%D8%AF%D9%8A%D9%88%D9%87%D8%A7%D8%AA,5.0,2,ساعتين,3,0,$5.00,يومين,2,5,85.0,.Bola K,https://khamsat.com/user/%D8%A8%D9%88%D9%84%D8%A7-%D9%83%D9%85%D8%A7%D9%84,True,بائع نشيط,5.0,2,100.0%,3,3,ساعتين
تصميم,https://khamsat.com/designing,ملصقات تطبيقات التواصل,https://khamsat.com/designing/social-media-stickers,احصل علي 10 ملصقات واتساب خاصين بك بشكل احترافي,https://khamsat.com/designing/social-media-stickers/1133554-%D8%A7%D8%AD%D8%B5%D9%84-%D8%B9%D9%84%D9%8A-10-%D9%85%D9%84%D8%B5%D9%82%D8%A7%D8%AA-%D9%88%D8%A7%D8%AA%D8%B3%D8%A7%D8%A8-%D8%AE%D8%A7%D8%B5%D9%8A%D9%86-%D8%A8%D9%83-%D8%A8%D8%B4%D9%83%D9%84-%D8%A7%D8%AD%D8%AA%D8%B1%D8%A7%D9%81%D9%8A,5.0,4,6 ساعات,5,0,$5.00,يومين,4,0,0.0,محمود م.,https://khamsat.com/user/mo-mshal,True,بائع مميز,5.0,75,93.72%,8,128,17 ساعة
تصميم,https://khamsat.com/designing,ملصقات تطبيقات التواصل,https://khamsat.com/designing/social-media-stickers,ساقوم بتحويل الصورة الى ملصق WhatsApp Stickers,https://khamsat.com/designing/social-media-stickers/2774238-%D8%B3%D8%A7%D9%82%D9%88%D9%85-%D8%A8%D8%AA%D8%AD%D9%88%D9%8A%D9%84-%D8%A7%D9%84%D8%B5%D9%88%D8%B1%D8%A9-%D8%A7%D9%84%D9%89-%D9%85%D9%84%D8%B5%D9%82-whatsapp-stickers,5.0,1,13 دقيقة,1,0,$5.00,يوم واحد,1,2,25.0,زكريا م.,https://khamsat.com/user/zakreia,True,بائع نشيط,5.0,15,74.07%,3,19,43 دقيقة
تصميم,https://khamsat.com/designing,ملصقات تطبيقات التواصل,https://khamsat.com/designing/social-media-stickers,تصميم ملصق للواتساب,https://khamsat.com/designing/social-media-stickers/1012957-%D8%AA%D8%B5%D9%85%D9%8A%D9%85-%D9%85%D9%84%D8%B5%D9%82-%D9%84%D9%84%D9%88%D8%A7%D8%AA%D8%B3%D8%A7%D8%A8,5.0,3,9 ساعات,3,0,$5.00,يومين,3,1,5.0,.Fawzy B,https://khamsat.com/user/fawzybalila,True,مشتري مميز,5.0,21,93.88%,2,30,8 ساعات
تصميم,https://khamsat.com/designing,ملصقات تطبيقات التواصل,https://khamsat.com/designing/social-media-stickers,سأقوم بإنشاء تصميمات ملصقات لطيفة واحترافية stickers,https://khamsat.com/designing/social-media-stickers/2949954-%D8%B3%D8%A3%D9%82%D9%88%D9%85-%D8%A8%D8%A5%D9%86%D8%B4%D8%A7%D8%A1-%D8%AA%D8%B5%D9%85%D9%8A%D9%85%D8%A7%D8%AA-%D9%85%D9%84%D8%B5%D9%82%D8%A7%D8%AA-%D9%84%D8%B7%D9%8A%D9%81%D8%A9-%D9%88%D8%A7%D8%AD%D8%AA%D8%B1%D8%A7%D9%81%D9%8A%D8%A9-stickers,0.0,0,لم يحسب,0,0,$5.00,يوم واحد,0,2,10.0,.Hanadi S,https://khamsat.com/user/hanadisameut,True,بائع جديد,0.0,0,لم يحسب بعد,1,0,لم يحسب
تصميم,https://khamsat.com/designing,ملصقات تطبيقات التواصل,https://khamsat.com/designing/social-media-stickers,تصميم هايلايت لحسابك في انستغرام,https://khamsat.com/designing/social-media-stickers/3021279-%D8%AA%D8%B5%D9%85%D9%8A%D9%85-%D9%87%D8%A7%D9%8A%D9%84%D8%A7%D9%8A%D8%AA-%D9%84%D8%AD%D8%B3%D8%A7%D8%A8%D9%83-%D9%81%D9%8A-%D8%A7%D9%86%D8%B3%D8%AA%D8%BA%D8%B1%D8%A7%D9%85,0.0,0,لم يحسب,0,0,$5.00,يوم واحد,0,2,15.0,.Ismail S,https://khamsat.com/user/ismasal,False,بائع جديد,0.0,0,لم يحسب بعد,2,0,لم يحسب
تصميم,https://khamsat.com/designing,ملصقات تطبيقات التواصل,https://khamsat.com/designing/social-media-stickers,تصميم ملصقات مخصصة لعشاق الأنمي، الكوميكس، والمشاهير,https://khamsat.com/designing/social-media-stickers/3015347-%D8%AA%D8%B5%D9%85%D9%8A%D9%85-%D9%85%D9%84%D8%B5%D9%82%D8%A7%D8%AA-%D9%85%D8%AE%D8%B5%D8%B5%D8%A9-%D9%84%D8%B9%D8%B4%D8%A7%D9%82-%D8%A7%D9%84%D8%A3%D9%86%D9%85%D9%8A-%D8%A7%D9%84%D9%83%D9%88%D9%85%D9%8A%D9%83%D8%B3-%D9%88%D8%A7%D9%84%D9%85%D8%B4%D8%A7%D9%87%D9%8A%D8%B1,0.0,0,لم يحسب,0,0,$5.00,يوم واحد,0,3,30.0,اسماعيل م.,https://khamsat.com/user/isam07,True,بائع جديد,0.0,0,لم يحسب بعد,3,0,لم يحسب
تصميم,https://khamsat.com/designing,ملصقات تطبيقات التواصل,https://khamsat.com/designing/social-media-stickers,تصميم غلاف علبة أو ملصق منتج للطباعة,https://khamsat.com/designing/social-media-stickers/2924187-%D8%AA%D8%B5%D9%85%D9%8A%D9%85-%D8%BA%D9%84%D8%A7%D9%81-%D8%B9%D9%84%D8%A8%D8%A9-%D8%A3%D9%88-%D9%85%D9%84%D8%B5%D9%82-%D9%85%D9%86%D8%AA%D8%AC-%D9%84%D9%84%D8%B7%D8%A8%D8%A7%D8%B9%D8%A9,0.0,0,لم يحسب,0,0,$10.00,يومين,0,0,0.0,.Hichem M,https://khamsat.com/user/hichem350z,True,بائع جديد,0.0,0,لم يحسب بعد,3,0,لم يحسب
تصميم,https://khamsat.com/designing,ملصقات تطبيقات التواصل,https://khamsat.com/designing/social-media-stickers,تصميم استيكر جذاب,https://khamsat.com/designing/social-media-stickers/2870998-%D8%AA%D8%B5%D9%85%D9%8A%D9%85-%D8%A7%D8%B3%D8%AA%D9%8A%D9%83%D8%B1-%D8%AC%D8%B0%D8%A7%D8%A8,0.0,0,لم يحسب,0,0,$5.00,يوم واحد,0,0,0.0,عبدالرحمن ع.,https://khamsat.com/user/abdelrahman2112,True,بائع جديد,0.0,0,100.0%,1,1,ساعتين
تصميم,https://khamsat.com/designing,ملصقات تطبيقات التواصل,https://khamsat.com/designing/social-media-stickers,ابتكر ملصقات مميزة بأي ستايل تريده,https://khamsat.com/designing/social-media-stickers/3010479-%D8%A7%D8%A8%D8%AA%D9%83%D8%B1-%D9%85%D9%84%D8%B5%D9%82%D8%A7%D8%AA-%D9%85%D9%85%D9%8A%D8%B2%D8%A9-%D8%A8%D8%A3%D9%8A-%D8%B3%D8%AA%D8%A7%D9%8A%D9%84-%D8%AA%D8%B1%D9%8A%D8%AF%D9%87,0.0,0,لم يحسب,0,0,$5.00,يوم واحد,0,3,30.0,اسماعيل م.,https://khamsat.com/user/isam07,True,بائع جديد,0.0,0,لم يحسب بعد,3,0,لم يحسب
تصميم,https://khamsat.com/designing,ملصقات تطبيقات التواصل,https://khamsat.com/designing/social-media-stickers,تصميم ملصقات خاصة بك للواتس اب,https://khamsat.com/designing/social-media-stickers/1403894-%D8%AA%D8%B5%D9%85%D9%8A%D9%85-%D9%85%D9%84%D8%B5%D9%82%D8%A7%D8%AA-%D8%AE%D8%A7%D8%B5%D8%A9-%D8%A8%D9%83-%D9%84%D9%84%D9%88%D8%A7%D8%AA%D8%B3-%D8%A7%D8%A8,0.0,0,لم يحسب,0,0,$5.00,أربعة أيام,0,2,10.0,.Saleem S,https://khamsat.com/user/saleem-shams,True,بائع مميز,0.0,56,70.47%,2,76,يومين
تصميم,https://khamsat.com/designing,ملصقات تطبيقات التواصل,https://khamsat.com/designing/social-media-stickers,تصميم صورة ملف شخصي لـ LinkedIn وInstagram وYouTube احترافي,https://khamsat.com/designing/social-media-stickers/2794243-%D8%AA%D8%B5%D9%85%D9%8A%D9%85-%D8%B5%D9%88%D8%B1%D8%A9-%D9%85%D9%84%D9%81-%D8%B4%D8%AE%D8%B5%D9%8A-%D9%84%D9%80-linkedin-%D9%88instagram-%D9%88youtube-%D8%A7%D8%AD%D8%AA%D8%B1%D8%A7%D9%81%D9%8A,0.0,0,لم يحسب,0,0,$5.00,يوم واحد,0,1,10.0,.Ay D,https://khamsat.com/user/ay_design,False,بائع جديد,0.0,0,لم يحسب بعد,2,0,لم يحسب
تصميم,https://khamsat.com/designing,ملصقات تطبيقات التواصل,https://khamsat.com/designing/social-media-stickers,تصميم ملصقات فريدة تناسب ذوقك وأسلوبك,https://khamsat.com/designing/social-media-stickers/3012368-%D8%AA%D8%B5%D9%85%D9%8A%D9%85-%D9%85%D9%84%D8%B5%D9%82%D8%A7%D8%AA-%D9%81%D8%B1%D9%8A%D8%AF%D8%A9-%D8%AA%D9%86%D8%A7%D8%B3%D8%A8-%D8%B0%D9%88%D9%82%D9%83-%D9%88%D8%A3%D8%B3%D9%84%D9%88%D8%A8%D9%83,0.0,0,لم يحسب,0,0,$5.00,يوم واحد,0,3,30.0,اسماعيل م.,https://khamsat.com/user/isam07,True,بائع جديد,0.0,0,لم يحسب بعد,3,0,لم يحسب
تصميم,https://khamsat.com/designing,ملصقات تطبيقات التواصل,https://khamsat.com/designing/social-media-stickers,تصميم ستيكرز وملصقات للطباعة,https://khamsat.com/designing/social-media-stickers/3011368-%D8%AA%D8%B5%D9%85%D9%8A%D9%85-%D8%B3%D8%AA%D9%8A%D9%83%D8%B1%D8%B2-%D9%88%D9%85%D9%84%D8%B5%D9%82%D8%A7%D8%AA-%D9%84%D9%84%D8%B7%D8%A8%D8%A7%D8%B9%D8%A9,0.0,0,لم يحسب,0,0,$5.00,يوم واحد,0,1,5.0,.Mohamed Islam H,https://khamsat.com/user/islam_1pro,False,بائع جديد,0.0,0,لم يحسب بعد,5,0,لم يحسب
تصميم,https://khamsat.com/designing,ملصقات تطبيقات التواصل,https://khamsat.com/designing/social-media-stickers,تصميم ملصقات نصية ( Stickers ) لـ واتساب,https://khamsat.com/designing/social-media-stickers/1973077-%D8%AA%D8%B5%D9%85%D9%8A%D9%85-%D9%85%D9%84%D8%B5%D9%82%D8%A7%D8%AA-%D9%86%D8%B5%D9%8A%D8%A9-stickers-%D9%84%D9%80-%D9%88%D8%A7%D8%AA%D8%B3%D8%A7%D8%A8,0.0,0,لم يحسب,0,0,$5.00,يوم واحد,0,0,0.0,.Mohamed M,https://khamsat.com/user/gis-arab-center,True,بائع جديد,5.0,3,100.0%,5,4,15 ساعة
تصميم,https://khamsat.com/designing,ملصقات تطبيقات التواصل,https://khamsat.com/designing/social-media-stickers,خدمة تحويل الصور الشخصية إلى ملصقات ستيكرز - stickers,https://khamsat.com/designing/social-media-stickers/2977480-%D8%AE%D8%AF%D9%85%D8%A9-%D8%AA%D8%AD%D9%88%D9%8A%D9%84-%D8%A7%D9%84%D8%B5%D9%88%D8%B1-%D8%A7%D9%84%D8%B4%D8%AE%D8%B5%D9%8A%D8%A9-%D8%A5%D9%84%D9%89-%D9%85%D9%84%D8%B5%D9%82%D8%A7%D8%AA-%D8%B3%D8%AA%D9%8A%D9%83%D8%B1%D8%B2-stickers,0.0,0,لم يحسب,0,0,$5.00,يوم واحد,0,5,50.0,عبدالله ا.,https://khamsat.com/user/kalkha_90,True,بائع جديد,0.0,0,لم يحسب بعد,3,0,لم يحسب
تصميم,https://khamsat.com/designing,ملصقات تطبيقات التواصل,https://khamsat.com/designing/social-media-stickers,ملصقات تطبيقات التواصل الاجتماعي,https://khamsat.com/designing/social-media-stickers/2962669-%D9%85%D9%84%D8%B5%D9%82%D8%A7%D8%AA-%D8%AA%D8%B7%D8%A8%D9%8A%D9%82%D8%A7%D8%AA-%D8%A7%D9%84%D8%AA%D9%88%D8%A7%D8%B5%D9%84-%D8%A7%D9%84%D8%A7%D8%AC%D8%AA%D9%85%D8%A7%D8%B9%D9%8A,0.0,0,لم يحسب,0,0,$5.00,يوم واحد,0,0,0.0,حنين ح.,https://khamsat.com/user/haneen_heedak,False,بائع جديد,0.0,0,لم يحسب بعد,2,0,لم يحسب
تصميم,https://khamsat.com/designing,ملصقات تطبيقات التواصل,https://khamsat.com/designing/social-media-stickers,تصميم ملصقات احترافية بدقة عالية تسليم سريع,https://khamsat.com/designing/social-media-stickers/2971391-%D8%AA%D8%B5%D9%85%D9%8A%D9%85-%D9%85%D9%84%D8%B5%D9%82%D8%A7%D8%AA-%D8%A7%D8%AD%D8%AA%D8%B1%D8%A7%D9%81%D9%8A%D8%A9-%D8%A8%D8%AF%D9%82%D8%A9-%D8%B9%D8%A7%D9%84%D9%8A%D8%A9-%D8%AA%D8%B3%D9%84%D9%8A%D9%85-%D8%B3%D8%B1%D9%8A%D8%B9,0.0,0,لم يحسب,0,0,$5.00,يوم واحد,0,0,0.0,.Mohamed T,https://khamsat.com/user/tamimtamim125,False,بائع جديد,0.0,0,لم يحسب بعد,1,0,لم يحسب
تصميم,https://khamsat.com/designing,ملصقات تطبيقات التواصل,https://khamsat.com/designing/social-media-stickers,ارسم ملصقات شخصيات وحيوانات أليفة كرتونية stickers,https://khamsat.com/designing/social-media-stickers/2874637-%D8%A7%D8%B1%D8%B3%D9%85-%D9%85%D9%84%D8%B5%D9%82%D8%A7%D8%AA-%D8%B4%D8%AE%D8%B5%D9%8A%D8%A7%D8%AA-%D9%88%D8%AD%D9%8A%D9%88%D8%A7%D9%86%D8%A7%D8%AA-%D8%A3%D9%84%D9%8A%D9%81%D8%A9-%D9%83%D8%B1%D8%AA%D9%88%D9%86%D9%8A%D8%A9-stickers,0.0,0,لم يحسب,0,0,$5.00,يوم واحد,0,0,0.0,.Moncif A,https://khamsat.com/user/moncef22,True,بائع جديد,0.0,0,لم يحسب بعد,3,0,37 دقيقة
تصميم,https://khamsat.com/designing,ملصقات تطبيقات التواصل,https://khamsat.com/designing/social-media-stickers,تصميم بطاقات المناسبات باللغتين العربية والانكليزية,https://khamsat.com/designing/social-media-stickers/2843801-%D8%AA%D8%B5%D9%85%D9%8A%D9%85-%D8%A8%D8%B7%D8%A7%D9%82%D8%A7%D8%AA-%D8%A7%D9%84%D9%85%D9%86%D8%A7%D8%B3%D8%A8%D8%A7%D8%AA-%D8%A8%D8%A7%D9%84%D9%84%D8%BA%D8%AA%D9%8A%D9%86-%D8%A7%D9%84%D8%B9%D8%B1%D8%A8%D9%8A%D8%A9-%D9%88%D8%A7%D9%84%D8%A7%D9%86%D9%83%D9%84%D9%8A%D8%B2%D9%8A%D8%A9,0.0,0,لم يحسب,0,0,$5.00,يوم واحد,0,1,5.0,.Rasha A,https://khamsat.com/user/rasha_alhomsi,True,بائع جديد,5.0,1,50.0%,2,1,لم يحسب
تصميم,https://khamsat.com/designing,ملصقات تطبيقات التواصل,https://khamsat.com/designing/social-media-stickers,ملصقات او استيكرات جذابة لتزيين اغراضك,https://khamsat.com/designing/social-media-stickers/2944433-%D9%85%D9%84%D8%B5%D9%82%D8%A7%D8%AA-%D8%A7%D9%88-%D8%A7%D8%B3%D8%AA%D9%8A%D9%83%D8%B1%D8%A7%D8%AA-%D8%AC%D8%B0%D8%A7%D8%A8%D8%A9-%D9%84%D8%AA%D8%B2%D9%8A%D9%8A%D9%86-%D8%A7%D8%BA%D8%B1%D8%A7%D8%B6%D9%83,0.0,0,لم يحسب,0,0,$10.00,ثلاثة أيام,0,1,5.0,.Hawazen D,https://khamsat.com/user/hzowolfie,False,بائع جديد,0.0,0,لم يحسب بعد,3,0,لم يحسب
تصميم,https://khamsat.com/designing,ملصقات تطبيقات التواصل,https://khamsat.com/designing/social-media-stickers,ملصقات جذابة سهلة الاستخدام,https://khamsat.com/designing/social-media-stickers/2944876-%D9%85%D9%84%D8%B5%D9%82%D8%A7%D8%AA-%D8%AC%D8%B0%D8%A7%D8%A8%D8%A9-%D8%B3%D9%87%D9%84%D8%A9-%D8%A7%D9%84%D8%A7%D8%B3%D8%AA%D8%AE%D8%AF%D8%A7%D9%85,0.0,0,لم يحسب,0,0,$5.00,ثلاثة أيام,0,0,0.0,.Mema G,https://khamsat.com/user/maram_omar11,False,بائع جديد,0.0,0,لم يحسب بعد,5,0,لم يحسب
تصميم,https://khamsat.com/designing,ملصقات تطبيقات التواصل,https://khamsat.com/designing/social-media-stickers,تصميم ملصقات إلكترونية أو جاهزة للطبع,https://khamsat.com/designing/social-media-stickers/2650835-%D8%AA%D8%B5%D9%85%D9%8A%D9%85-%D9%85%D9%84%D8%B5%D9%82%D8%A7%D8%AA-%D8%A5%D9%84%D9%83%D8%AA%D8%B1%D9%88%D9%86%D9%8A%D8%A9-%D8%A3%D9%88-%D8%AC%D8%A7%D9%87%D8%B2%D8%A9-%D9%84%D9%84%D8%B7%D8%A8%D8%B9,0.0,0,لم يحسب,0,0,$5.00,يومين,0,1,5.0,اميرة ا.,https://khamsat.com/user/amiraelsayed10,False,بائع جديد,0.0,0,لم يحسب بعد,5,0,لم يحسب
تصميم,https://khamsat.com/designing,ملصقات تطبيقات التواصل,https://khamsat.com/designing/social-media-stickers,اصمم لك عشر ستيكرات واتس اب بصورتك والكلام الذي تريده,https://khamsat.com/designing/social-media-stickers/1364950-%D8%A7%D8%B5%D9%85%D9%85-%D9%84%D9%83-%D8%B9%D8%B4%D8%B1-%D8%B3%D8%AA%D9%8A%D9%83%D8%B1%D8%A7%D8%AA-%D9%88%D8%A7%D8%AA%D8%B3-%D8%A7%D8%A8-%D8%A8%D8%B5%D9%88%D8%B1%D8%AA%D9%83-%D9%88%D8%A7%D9%84%D9%83%D9%84%D8%A7%D9%85-%D8%A7%D9%84%D8%B0%D9%8A-%D8%AA%D8%B1%D9%8A%D8%AF%D9%87,5.0,1,يومين,1,0,$5.00,يوم واحد,1,0,0.0,محمود ه.,https://khamsat.com/user/mahmoud_hilaly,True,بائع جديد,5.0,3,100.0%,3,4,23 ساعة
تصميم,https://khamsat.com/designing,ملصقات تطبيقات التواصل,https://khamsat.com/designing/social-media-stickers,مجموعة ملصقات نصية متحركة لـ واتساب بدون خلفية,https://khamsat.com/designing/social-media-stickers/1901494-%D9%85%D8%AC%D9%85%D9%88%D8%B9%D8%A9-%D9%85%D9%84%D8%B5%D9%82%D8%A7%D8%AA-%D9%86%D8%B5%D9%8A%D8%A9-%D9%85%D8%AA%D8%AD%D8%B1%D9%83%D8%A9-%D9%84%D9%80-%D9%88%D8%A7%D8%AA%D8%B3%D8%A7%D8%A8-%D8%A8%D8%AF%D9%88%D9%86-%D8%AE%D9%84%D9%81%D9%8A%D8%A9,5.0,4,28 دقيقة,5,0,$5.00,يوم واحد,4,3,35.0,مصطفى ع.,https://khamsat.com/user/mostafa_essam,True,بائع مميز,5.0,75,95.08%,12,76,51 دقيقة
تصميم,https://khamsat.com/designing,ملصقات تطبيقات التواصل,https://khamsat.com/designing/social-media-stickers,ملصقات ستيكرات مميزة وجذابة للحاسوب والهاتف,https://khamsat.com/designing/social-media-stickers/2428490-%D9%85%D9%84%D8%B5%D9%82%D8%A7%D8%AA-%D8%B3%D8%AA%D9%8A%D9%83%D8%B1%D8%A7%D8%AA-%D9%85%D9%85%D9%8A%D8%B2%D8%A9-%D9%88%D8%AC%D8%B0%D8%A7%D8%A8%D8%A9-%D9%84%D9%84%D8%AD%D8%A7%D8%B3%D9%88%D8%A8-%D9%88%D8%A7%D9%84%D9%87%D8%A7%D8%AA%D9%81,0.0,0,24 دقيقة,2,0,$5.00,يوم واحد,0,0,0.0,.Zhour B,https://khamsat.com/user/zahrabenalia,True,بائع جديد,0.0,0,50.0%,2,2,24 دقيقة
تصميم,https://khamsat.com/designing,تصميم صفحة هبوط,https://khamsat.com/designing/landing-page-design,تصميم واجهة ويب أو صفحة هبوط باستخدام figma أو Adobe XD,https://khamsat.com/designing/landing-page-design/2382307-%D8%AA%D8%B5%D9%85%D9%8A%D9%85-%D9%88%D8%A7%D8%AC%D9%87%D8%A9-%D9%88%D9%8A%D8%A8-%D8%A3%D9%88-%D8%B5%D9%81%D8%AD%D8%A9-%D9%87%D8%A8%D9%88%D8%B7-%D8%A8%D8%A7%D8%B3%D8%AA%D8%AE%D8%AF%D8%A7%D9%85-figma-%D8%A3%D9%88-adobe-xd,4.5,4,3 ساعات,4,0,$10.00,ثلاثة أيام,4,4,60.0,.Alaa B,https://khamsat.com/user/alaabasal_98,True,بائع نشيط,4.5,5,100.0%,2,5,8 ساعات
تصميم,https://khamsat.com/designing,تصميم صفحة هبوط,https://khamsat.com/designing/landing-page-design,تصميم صفحة هبوط (Landing Page) جذابة وعصرية بجودة عالية,https://khamsat.com/designing/landing-page-design/2171865-%D8%AA%D8%B5%D9%85%D9%8A%D9%85-%D8%B5%D9%81%D8%AD%D8%A9-%D9%87%D8%A8%D9%88%D8%B7-landing-page-%D8%AC%D8%B0%D8%A7%D8%A8%D8%A9-%D9%88%D8%B9%D8%B5%D8%B1%D9%8A%D8%A9-%D8%A8%D8%AC%D9%88%D8%AF%D8%A9-%D8%B9%D8%A7%D9%84%D9%8A%D8%A9,5.0,10,4 دقائق,13,1,$20.00,ثلاثة أيام,10,3,50.0,.Hadeel S,https://khamsat.com/user/hadeelshaer93,True,بائع نشيط,5.0,16,100.0%,4,18,ساعتين
تصميم,https://khamsat.com/designing,تصميم صفحة هبوط,https://khamsat.com/designing/landing-page-design,تصميم صفحة هبوط (landing page) باحترافية Resposive,https://khamsat.com/designing/landing-page-design/2941894-%D8%AA%D8%B5%D9%85%D9%8A%D9%85-%D8%B5%D9%81%D8%AD%D8%A9-%D9%87%D8%A8%D9%88%D8%B7-landing-page-%D8%A8%D8%A7%D8%AD%D8%AA%D8%B1%D8%A7%D9%81%D9%8A%D8%A9-resposive,5.0,2,51 دقيقة,2,0,$5.00,يومين,2,4,35.0,.Dina J,https://khamsat.com/user/dina_john,True,بائع جديد,5.0,2,100.0%,1,2,51 دقيقة
تصميم,https://khamsat.com/designing,تصميم صفحة هبوط,https://khamsat.com/designing/landing-page-design,تصميم صفحة هبوط Landing Page,https://khamsat.com/designing/landing-page-design/1925460-%D8%AA%D8%B5%D9%85%D9%8A%D9%85-%D8%B5%D9%81%D8%AD%D8%A9-%D9%87%D8%A8%D9%88%D8%B7-landing-page,5.0,1,4 ساعات,2,0,$5.00,يومين,1,5,90.0,نرمين ا.,https://khamsat.com/user/narmeens99,True,بائع نشيط,5.0,4,100.0%,4,6,3 أيام
تصميم,https://khamsat.com/designing,تصميم صفحة هبوط,https://khamsat.com/designing/landing-page-design,تصميم صفحات الهبوط Landing Page,https://khamsat.com/designing/landing-page-design/1901987-%D8%AA%D8%B5%D9%85%D9%8A%D9%85-%D8%B5%D9%81%D8%AD%D8%A7%D8%AA-%D8%A7%D9%84%D9%87%D8%A8%D9%88%D8%B7-landing-page,5.0,6,دقيقتين,9,0,$10.00,يومين,6,4,45.0,آية م.,https://khamsat.com/user/aya_maher4,True,بائع مميز,5.0,61,99.54%,2,67,ساعة
تصميم,https://khamsat.com/designing,تصميم صفحة هبوط,https://khamsat.com/designing/landing-page-design,تصميم صفحة هبوط Landing Page,https://khamsat.com/designing/landing-page-design/2696447-%D8%AA%D8%B5%D9%85%D9%8A%D9%85-%D8%B5%D9%81%D8%AD%D8%A9-%D9%87%D8%A8%D9%88%D8%B7-landing-page,5.0,2,47 دقيقة,2,0,$10.00,يومين,2,3,35.0,.Abdullah D,https://khamsat.com/user/abd93deeb,True,بائع مميز,5.0,31,91.3%,7,41,57 دقيقة
تصميم,https://khamsat.com/designing,تصميم صفحة هبوط,https://khamsat.com/designing/landing-page-design,تصميم صفحة هبوط إحترافية لشركة أو منتج,https://khamsat.com/designing/landing-page-design/2847843-%D8%AA%D8%B5%D9%85%D9%8A%D9%85-%D8%B5%D9%81%D8%AD%D8%A9-%D9%87%D8%A8%D9%88%D8%B7-%D8%A5%D8%AD%D8%AA%D8%B1%D8%A7%D9%81%D9%8A%D8%A9-%D9%84%D8%B4%D8%B1%D9%83%D8%A9-%D8%A3%D9%88-%D9%85%D9%86%D8%AA%D8%AC,5.0,2,12 دقيقة,3,0,$20.00,ثلاثة أيام,2,2,35.0,.Othmane A,https://khamsat.com/user/azzedinepub91,True,بائع نشيط,5.0,6,100.0%,5,7,ساعة
تصميم,https://khamsat.com/designing,تصميم صفحة هبوط,https://khamsat.com/designing/landing-page-design,تصميم صفحات هبوط بشكل احترافي Landing page,https://khamsat.com/designing/landing-page-design/2780565-%D8%AA%D8%B5%D9%85%D9%8A%D9%85-%D8%B5%D9%81%D8%AD%D8%A7%D8%AA-%D9%87%D8%A8%D9%88%D8%B7-%D8%A8%D8%B4%D9%83%D9%84-%D8%A7%D8%AD%D8%AA%D8%B1%D8%A7%D9%81%D9%8A-landing-page,5.0,3,55 دقيقة,3,0,$10.00,ثلاثة أيام,3,2,10.0,.Mohamed E,https://khamsat.com/user/mohamed_el_attar,True,بائع جديد,5.0,3,100.0%,2,3,55 دقيقة
تصميم,https://khamsat.com/designing,تصميم صفحة هبوط,https://khamsat.com/designing/landing-page-design,تصميم صفحة هبوط landing page,https://khamsat.com/designing/landing-page-design/1800508-%D8%AA%D8%B5%D9%85%D9%8A%D9%85-%D8%B5%D9%81%D8%AD%D8%A9-%D9%87%D8%A8%D9%88%D8%B7-landing-page,5.0,13,4 ساعات,13,0,$5.00,يومين,13,5,125.0,هبة أ.,https://khamsat.com/user/heba_abushaban,True,بائع نشيط,5.0,15,86.67%,2,14,3 ساعات
تصميم,https://khamsat.com/designing,تصميم صفحة هبوط,https://khamsat.com/designing/landing-page-design,سأقوم باعداد صفحة ويب ترتبط بجميع وسائل التواصل الاجتماعية,https://khamsat.com/designing/landing-page-design/2726596-%D8%B3%D8%A3%D9%82%D9%88%D9%85-%D8%A8%D8%A7%D8%B9%D8%AF%D8%A7%D8%AF-%D8%B5%D9%81%D8%AD%D8%A9-%D9%88%D9%8A%D8%A8-%D8%AA%D8%B1%D8%AA%D8%A8%D8%B7-%D8%A8%D8%AC%D9%85%D9%8A%D8%B9-%D9%88%D8%B3%D8%A7%D8%A6%D9%84-%D8%A7%D9%84%D8%AA%D9%88%D8%A7%D8%B5%D9%84-%D8%A7%D9%84%D8%A7%D8%AC%D8%AA%D9%85%D8%A7%D8%B9%D9%8A%D8%A9,5.0,3,14 دقيقة,3,0,$15.00,يوم واحد,3,1,50.0,.Mohamed G,https://khamsat.com/user/mohamedgimy471,True,بائع مميز,5.0,66,90.63%,7,67,4 ساعات
تصميم,https://khamsat.com/designing,تصميم صفحة هبوط,https://khamsat.com/designing/landing-page-design,تصميم صفحة هبوط Landing Page إحترافية لمتجر يوكان,https://khamsat.com/designing/landing-page-design/2868647-%D8%AA%D8%B5%D9%85%D9%8A%D9%85-%D8%B5%D9%81%D8%AD%D8%A9-%D9%87%D8%A8%D9%88%D8%B7-landing-page-%D8%A5%D8%AD%D8%AA%D8%B1%D8%A7%D9%81%D9%8A%D8%A9-%D9%84%D9%85%D8%AA%D8%AC%D8%B1-%D9%8A%D9%88%D9%83%D8%A7%D9%86,5.0,4,ساعة,7,0,$10.00,يومين,4,4,25.0,.Mohammed B,https://khamsat.com/user/digitaneo,True,بائع نشيط,5.0,14,96.3%,2,17,6 ساعات
تصميم,https://khamsat.com/designing,تصميم صفحة هبوط,https://khamsat.com/designing/landing-page-design,تصميم صفحات هبوط متكاملة لتعزيز نسبة التحويل landing pages,https://khamsat.com/designing/landing-page-design/3053503-%D8%AA%D8%B5%D9%85%D9%8A%D9%85-%D8%B5%D9%81%D8%AD%D8%A7%D8%AA-%D9%87%D8%A8%D9%88%D8%B7-%D9%85%D8%AA%D9%83%D8%A7%D9%85%D9%84%D8%A9-%D9%84%D8%AA%D8%B9%D8%B2%D9%8A%D8%B2-%D9%86%D8%B3%D8%A8%D8%A9-%D8%A7%D9%84%D8%AA%D8%AD%D9%88%D9%8A%D9%84-landing-pages,0.0,0,لم يحسب,0,0,$10.00,يوم واحد,0,3,15.0,محمد رضى ج.,https://khamsat.com/user/medreda444,True,بائع جديد,0.0,0,لم يحسب بعد,5,0,لم يحسب
تصميم,https://khamsat.com/designing,تصميم صفحة هبوط,https://khamsat.com/designing/landing-page-design,تصميم صفحة هبوط احترافية ومتجاوبة,https://khamsat.com/designing/landing-page-design/3052364-%D8%AA%D8%B5%D9%85%D9%8A%D9%85-%D8%B5%D9%81%D8%AD%D8%A9-%D9%87%D8%A8%D9%88%D8%B7-%D8%A7%D8%AD%D8%AA%D8%B1%D8%A7%D9%81%D9%8A%D8%A9-%D9%88%D9%85%D8%AA%D8%AC%D8%A7%D9%88%D8%A8%D8%A9,0.0,0,لم يحسب,0,0,$5.00,يوم واحد,0,3,20.0,يزيد ا.,https://khamsat.com/user/eng_yazid,True,بائع جديد,0.0,0,لم يحسب بعد,3,0,لم يحسب
تصميم,https://khamsat.com/designing,تصميم صفحة هبوط,https://khamsat.com/designing/landing-page-design,تصميم واجهات لصفحة هبوط و مواقع إلكترونية بإستخدام Figma,https://khamsat.com/designing/landing-page-design/2968854-%D8%AA%D8%B5%D9%85%D9%8A%D9%85-%D9%88%D8%A7%D8%AC%D9%87%D8%A7%D8%AA-%D9%84%D8%B5%D9%81%D8%AD%D8%A9-%D9%87%D8%A8%D9%88%D8%B7-%D9%88-%D9%85%D9%88%D8%A7%D9%82%D8%B9-%D8%A5%D9%84%D9%83%D8%AA%D8%B1%D9%88%D9%86%D9%8A%D8%A9-%D8%A8%D8%A5%D8%B3%D8%AA%D8%AE%D8%AF%D8%A7%D9%85-figma,0.0,0,لم يحسب,0,0,$5.00,يوم واحد,0,5,100.0,منة ز.,https://khamsat.com/user/menna_zakarya_248,True,بائع جديد,0.0,0,لم يحسب بعد,4,0,لم يحسب
تصميم,https://khamsat.com/designing,تصميم صفحة هبوط,https://khamsat.com/designing/landing-page-design,أصمم لك صفحة هبوط Landing page عصرية وجودة عالية UX UI,https://khamsat.com/designing/landing-page-design/1934267-%D8%A3%D8%B5%D9%85%D9%85-%D9%84%D9%83-%D8%B5%D9%81%D8%AD%D8%A9-%D9%87%D8%A8%D9%88%D8%B7-landing-page-%D8%B9%D8%B5%D8%B1%D9%8A%D8%A9-%D9%88%D8%AC%D9%88%D8%AF%D8%A9-%D8%B9%D8%A7%D9%84%D9%8A%D8%A9-ux-ui,5.0,2,50 دقيقة,3,0,$5.00,يوم واحد,2,3,40.0,هيا ا.,https://khamsat.com/user/haya_alnatour,True,بائع نشيط,5.0,10,94.44%,3,15,يوم
تصميم,https://khamsat.com/designing,تصميم صفحة هبوط,https://khamsat.com/designing/landing-page-design,سوف أقوم بتصميم صفحة الهبوط أو الصفحة الرئيسية في Figma,https://khamsat.com/designing/landing-page-design/3051506-%D8%B3%D9%88%D9%81-%D8%A3%D9%82%D9%88%D9%85-%D8%A8%D8%AA%D8%B5%D9%85%D9%8A%D9%85-%D8%B5%D9%81%D8%AD%D8%A9-%D8%A7%D9%84%D9%87%D8%A8%D9%88%D8%B7-%D8%A3%D9%88-%D8%A7%D9%84%D8%B5%D9%81%D8%AD%D8%A9-%D8%A7%D9%84%D8%B1%D8%A6%D9%8A%D8%B3%D9%8A%D8%A9-%D9%81%D9%8A-figma,0.0,0,لم يحسب,0,0,$10.00,ثلاثة أيام,0,4,40.0,.Asmemlakk D,https://khamsat.com/user/asmemlak,False,بائع جديد,0.0,0,لم يحسب بعد,1,0,لم يحسب
تصميم,https://khamsat.com/designing,تصميم صفحة هبوط,https://khamsat.com/designing/landing-page-design,تصميم صفحات الهبوط Landing Page احترافية,https://khamsat.com/designing/landing-page-design/2176289-%D8%AA%D8%B5%D9%85%D9%8A%D9%85-%D8%B5%D9%81%D8%AD%D8%A7%D8%AA-%D8%A7%D9%84%D9%87%D8%A8%D9%88%D8%B7-landing-page-%D8%A7%D8%AD%D8%AA%D8%B1%D8%A7%D9%81%D9%8A%D8%A9,4.5,2,4 ساعات,3,0,$10.00,يوم واحد,2,2,10.0,.Salha A,https://khamsat.com/user/salhaalassar,True,بائع جديد,4.5,3,100.0%,3,3,9 ساعات
تصميم,https://khamsat.com/designing,تصميم صفحة هبوط,https://khamsat.com/designing/landing-page-design,انشاء صفحات الهبوط landing page احترافية,https://khamsat.com/designing/landing-page-design/2172104-%D8%A7%D9%86%D8%B4%D8%A7%D8%A1-%D8%B5%D9%81%D8%AD%D8%A7%D8%AA-%D8%A7%D9%84%D9%87%D8%A8%D9%88%D8%B7-landing-page-%D8%A7%D8%AD%D8%AA%D8%B1%D8%A7%D9%81%D9%8A%D8%A9,0.0,0,3 ساعات,1,0,$10.00,يوم واحد,0,4,70.0,.Islam A,https://khamsat.com/user/islam_yazory,True,بائع نشيط,5.0,10,97.22%,3,14,ساعتين
تصميم,https://khamsat.com/designing,تصميم صفحة هبوط,https://khamsat.com/designing/landing-page-design,تصمميم صفحة هبوط لدروب سيرفس مع فورم اشتراك باي لغة,https://khamsat.com/designing/landing-page-design/2990791-%D8%AA%D8%B5%D9%85%D9%85%D9%8A%D9%85-%D8%B5%D9%81%D8%AD%D8%A9-%D9%87%D8%A8%D9%88%D8%B7-%D9%84%D8%AF%D8%B1%D9%88%D8%A8-%D8%B3%D9%8A%D8%B1%D9%81%D8%B3-%D9%85%D8%B9-%D9%81%D9%88%D8%B1%D9%85-%D8%A7%D8%B4%D8%AA%D8%B1%D8%A7%D9%83-%D8%A8%D8%A7%D9%8A-%D9%84%D8%BA%D8%A9,0.0,0,لم يحسب,0,0,$10.00,يوم واحد,0,1,10.0,.Rami M,https://khamsat.com/user/rami_mustafa,False,بائع جديد,0.0,0,لم يحسب بعد,1,0,لم يحسب
تصميم,https://khamsat.com/designing,تصميم صفحة هبوط,https://khamsat.com/designing/landing-page-design,انشاء صفحة هبوط مصممة حسب الطلب,https://khamsat.com/designing/landing-page-design/3028338-%D8%A7%D9%86%D8%B4%D8%A7%D8%A1-%D8%B5%D9%81%D8%AD%D8%A9-%D9%87%D8%A8%D9%88%D8%B7-%D9%85%D8%B5%D9%85%D9%85%D8%A9-%D8%AD%D8%B3%D8%A8-%D8%A7%D9%84%D8%B7%D9%84%D8%A8,0.0,0,لم يحسب,0,0,$5.00,يوم واحد,0,0,0.0,.Yasser B,https://khamsat.com/user/maramben2008,False,بائع جديد,0.0,0,لم يحسب بعد,5,0,لم يحسب
تصميم,https://khamsat.com/designing,تصميم صفحة هبوط,https://khamsat.com/designing/landing-page-design,تصميم صفحة هبوط إحترافية و مقنعة و عالية التحويل,https://khamsat.com/designing/landing-page-design/3052151-%D8%AA%D8%B5%D9%85%D9%8A%D9%85-%D8%B5%D9%81%D8%AD%D8%A9-%D9%87%D8%A8%D9%88%D8%B7-%D8%A5%D8%AD%D8%AA%D8%B1%D8%A7%D9%81%D9%8A%D8%A9-%D9%88-%D9%85%D9%82%D9%86%D8%B9%D8%A9-%D9%88-%D8%B9%D8%A7%D9%84%D9%8A%D8%A9-%D8%A7%D9%84%D8%AA%D8%AD%D9%88%D9%8A%D9%84,0.0,0,لم يحسب,0,0,$10.00,يومين,0,3,30.0,بشرى ج.,https://khamsat.com/user/bushra07,True,بائع جديد,0.0,0,لم يحسب بعد,1,0,لم يحسب
تصميم,https://khamsat.com/designing,تصميم صفحة هبوط,https://khamsat.com/designing/landing-page-design,تصميم صفحات الهبوط landing page بطريقة احترافية و إبداعية,https://khamsat.com/designing/landing-page-design/2958331-%D8%AA%D8%B5%D9%85%D9%8A%D9%85-%D8%B5%D9%81%D8%AD%D8%A7%D8%AA-%D8%A7%D9%84%D9%87%D8%A8%D9%88%D8%B7-landing-page-%D8%A8%D8%B7%D8%B1%D9%8A%D9%82%D8%A9-%D8%A7%D8%AD%D8%AA%D8%B1%D8%A7%D9%81%D9%8A%D8%A9-%D9%88-%D8%A5%D8%A8%D8%AF%D8%A7%D8%B9%D9%8A%D8%A9,0.0,0,لم يحسب,0,0,$10.00,يومين,0,0,0.0,.Lamiaa N,https://khamsat.com/user/siwar_3,False,بائع جديد,0.0,0,لم يحسب بعد,1,0,لم يحسب
تصميم,https://khamsat.com/designing,تصميم صفحة هبوط,https://khamsat.com/designing/landing-page-design,تصميم صفحة هبوط landing page,https://khamsat.com/designing/landing-page-design/2995895-%D8%AA%D8%B5%D9%85%D9%8A%D9%85-%D8%B5%D9%81%D8%AD%D8%A9-%D9%87%D8%A8%D9%88%D8%B7-landing-page,0.0,0,لم يحسب,0,0,$10.00,يومين,0,5,150.0,.Omar E,https://khamsat.com/user/omarelmorsy66,True,بائع جديد,0.0,0,لم يحسب بعد,4,0,لم يحسب
تصميم,https://khamsat.com/designing,تصميم صفحة هبوط,https://khamsat.com/designing/landing-page-design,تصميم صفحة هبوط (Landing Page) عصرية بواسطة فيجما (Figma),https://khamsat.com/designing/landing-page-design/2953495-%D8%AA%D8%B5%D9%85%D9%8A%D9%85-%D8%B5%D9%81%D8%AD%D8%A9-%D9%87%D8%A8%D9%88%D8%B7-landing-page-%D8%B9%D8%B5%D8%B1%D9%8A%D8%A9-%D8%A8%D9%88%D8%A7%D8%B3%D8%B7%D8%A9-%D9%81%D9%8A%D8%AC%D9%85%D8%A7-figma,0.0,0,لم يحسب,0,0,$10.00,يومين,0,0,0.0,.Esraa G,https://khamsat.com/user/esraa_gamal94,True,بائع جديد,0.0,0,لم يحسب بعد,3,0,لم يحسب
تصميم,https://khamsat.com/designing,تصميم صفحة هبوط,https://khamsat.com/designing/landing-page-design,تصميم واجهة مستخدم ويب احترافية,https://khamsat.com/designing/landing-page-design/2819772-%D8%AA%D8%B5%D9%85%D9%8A%D9%85-%D9%88%D8%A7%D8%AC%D9%87%D8%A9-%D9%85%D8%B3%D8%AA%D8%AE%D8%AF%D9%85-%D9%88%D9%8A%D8%A8-%D8%A7%D8%AD%D8%AA%D8%B1%D8%A7%D9%81%D9%8A%D8%A9,0.0,0,لم يحسب,0,0,$10.00,يوم واحد,0,0,0.0,.Aymen M,https://khamsat.com/user/aymen_md,True,بائع جديد,0.0,0,0.0%,3,0,دقيقة
تصميم,https://khamsat.com/designing,تصميم صفحة هبوط,https://khamsat.com/designing/landing-page-design,تصميم صفحة هبوط احترافية باستخدام Figma,https://khamsat.com/designing/landing-page-design/2999167-%D8%AA%D8%B5%D9%85%D9%8A%D9%85-%D8%B5%D9%81%D8%AD%D8%A9-%D9%87%D8%A8%D9%88%D8%B7-%D8%A7%D8%AD%D8%AA%D8%B1%D8%A7%D9%81%D9%8A%D8%A9-%D8%A8%D8%A7%D8%B3%D8%AA%D8%AE%D8%AF%D8%A7%D9%85-figma,0.0,0,لم يحسب,0,0,$10.00,يومين,0,1,5.0,.Mohamed S,https://khamsat.com/user/msaf,True,بائع جديد,0.0,0,لم يحسب بعد,2,0,لم يحسب
تصميم,https://khamsat.com/designing,تصميم صفحة هبوط,https://khamsat.com/designing/landing-page-design,صفحة هبوط متوافقه بجميع الشاشات,https://khamsat.com/designing/landing-page-design/2865812-%D8%B5%D9%81%D8%AD%D8%A9-%D9%87%D8%A8%D9%88%D8%B7-%D9%85%D8%AA%D9%88%D8%A7%D9%81%D9%82%D9%87-%D8%A8%D8%AC%D9%85%D9%8A%D8%B9-%D8%A7%D9%84%D8%B4%D8%A7%D8%B4%D8%A7%D8%AA,0.0,0,لم يحسب,0,0,$10.00,ثلاثة أيام,0,2,10.0,.Ahmed M,https://khamsat.com/user/ahmedmakled1,True,بائع جديد,0.0,0,لم يحسب بعد,3,0,لم يحسب
تصميم,https://khamsat.com/designing,تصميم صفحة هبوط,https://khamsat.com/designing/landing-page-design,انشاء صفحة هبوط للمتجر الإلكتروني,https://khamsat.com/designing/landing-page-design/3012292-%D8%A7%D9%86%D8%B4%D8%A7%D8%A1-%D8%B5%D9%81%D8%AD%D8%A9-%D9%87%D8%A8%D9%88%D8%B7-%D9%84%D9%84%D9%85%D8%AA%D8%AC%D8%B1-%D8%A7%D9%84%D8%A5%D9%84%D9%83%D8%AA%D8%B1%D9%88%D9%86%D9%8A,0.0,0,لم يحسب,0,0,$10.00,يوم واحد,0,0,0.0,.Oussama A,https://khamsat.com/user/leviack2,False,بائع جديد,0.0,0,لم يحسب بعد,1,0,لم يحسب
تصميم,https://khamsat.com/designing,تصميم صفحة هبوط,https://khamsat.com/designing/landing-page-design,صفحه هبوط جذابه وعصريه وبجوده عالية,https://khamsat.com/designing/landing-page-design/2904534-%D8%B5%D9%81%D8%AD%D9%87-%D9%87%D8%A8%D9%88%D8%B7-%D8%AC%D8%B0%D8%A7%D8%A8%D9%87-%D9%88%D8%B9%D8%B5%D8%B1%D9%8A%D9%87-%D9%88%D8%A8%D8%AC%D9%88%D8%AF%D9%87-%D8%B9%D8%A7%D9%84%D9%8A%D8%A9,0.0,0,لم يحسب,0,0,$5.00,يوم واحد,0,3,15.0,.Ahmed S,https://khamsat.com/user/yokosena,True,بائع جديد,0.0,0,لم يحسب بعد,1,0,لم يحسب
تصميم,https://khamsat.com/designing,تصميم صفحة هبوط,https://khamsat.com/designing/landing-page-design,تصميم صفحة هبوط للتسويق لمشروعك الخاص بطريقة تخدمك جيداً,https://khamsat.com/designing/landing-page-design/2820440-%D8%AA%D8%B5%D9%85%D9%8A%D9%85-%D8%B5%D9%81%D8%AD%D8%A9-%D9%87%D8%A8%D9%88%D8%B7-%D9%84%D9%84%D8%AA%D8%B3%D9%88%D9%8A%D9%82-%D9%84%D9%85%D8%B4%D8%B1%D9%88%D8%B9%D9%83-%D8%A7%D9%84%D8%AE%D8%A7%D8%B5-%D8%A8%D8%B7%D8%B1%D9%8A%D9%82%D8%A9-%D8%AA%D8%AE%D8%AF%D9%85%D9%83-%D8%AC%D9%8A%D8%AF%D8%A7,0.0,0,لم يحسب,0,0,$5.00,ثلاثة أيام,0,1,5.0,.Haya R,https://khamsat.com/user/haya_razzouk,True,بائع جديد,0.0,0,لم يحسب بعد,3,0,لم يحسب
تصميم,https://khamsat.com/designing,تصميم موقع,https://khamsat.com/designing/website-design,تصميم موقع متجر وورد بريس عصري حديث,https://khamsat.com/designing/website-design/2962710-%D8%AA%D8%B5%D9%85%D9%8A%D9%85-%D9%85%D9%88%D9%82%D8%B9-%D9%85%D8%AA%D8%AC%D8%B1-%D9%88%D9%88%D8%B1%D8%AF-%D8%A8%D8%B1%D9%8A%D8%B3-%D8%B9%D8%B5%D8%B1%D9%8A-%D8%AD%D8%AF%D9%8A%D8%AB,5.0,6,54 دقيقة,8,0,$10.00,يوم واحد,6,5,55.0,.Osamaa E,https://khamsat.com/user/osamaeidald,True,بائع نشيط,5.0,8,100.0%,6,9,28 دقيقة
تصميم,https://khamsat.com/designing,تصميم موقع,https://khamsat.com/designing/website-design,تصميم موقع الكترونى بتجربة مستخدم Ui ux designer,https://khamsat.com/designing/website-design/3036398-%D8%AA%D8%B5%D9%85%D9%8A%D9%85-%D9%85%D9%88%D9%82%D8%B9-%D8%A7%D9%84%D9%83%D8%AA%D8%B1%D9%88%D9%86%D9%89-%D8%A8%D8%AA%D8%AC%D8%B1%D8%A8%D8%A9-%D9%85%D8%B3%D8%AA%D8%AE%D8%AF%D9%85-ui-ux-designer,5.0,1,31 دقيقة,1,1,$10.00,أسبوع,1,4,190.0,.Kholod A,https://khamsat.com/user/kholodali,True,بائع جديد,5.0,3,100.0%,4,3,ساعة
تصميم,https://khamsat.com/designing,تصميم موقع,https://khamsat.com/designing/website-design,تصميم موقع الكتروني بwebflow,https://khamsat.com/designing/website-design/2570359-%D8%AA%D8%B5%D9%85%D9%8A%D9%85-%D9%85%D9%88%D9%82%D8%B9-%D8%A7%D9%84%D9%83%D8%AA%D8%B1%D9%88%D9%86%D9%8A-%D8%A8webflow,5.0,3,3 أيام,3,0,$5.00,يوم واحد,3,2,40.0,.Samiha H,https://khamsat.com/user/samihahussein,True,بائع نشيط,5.0,5,70.59%,3,5,يوم
تصميم,https://khamsat.com/designing,تصميم موقع,https://khamsat.com/designing/website-design,تصميم واجهة مستخدم لموقع ويب على Figma,https://khamsat.com/designing/website-design/2724173-%D8%AA%D8%B5%D9%85%D9%8A%D9%85-%D9%88%D8%A7%D8%AC%D9%87%D8%A9-%D9%85%D8%B3%D8%AA%D8%AE%D8%AF%D9%85-%D9%84%D9%85%D9%88%D9%82%D8%B9-%D9%88%D9%8A%D8%A8-%D8%B9%D9%84%D9%89-figma,5.0,11,16 ساعة,13,0,$5.00,يوم واحد,11,5,165.0,.Sara M,https://khamsat.com/user/sara-nagy,True,بائع نشيط,5.0,12,90.24%,2,16,9 ساعات
تصميم,https://khamsat.com/designing,تصميم موقع,https://khamsat.com/designing/website-design,تصميم صفحة شخصية portfolio احترافية و ديناميكية متجاوبة,https://khamsat.com/designing/website-design/2923735-%D8%AA%D8%B5%D9%85%D9%8A%D9%85-%D8%B5%D9%81%D8%AD%D8%A9-%D8%B4%D8%AE%D8%B5%D9%8A%D8%A9-portfolio-%D8%A7%D8%AD%D8%AA%D8%B1%D8%A7%D9%81%D9%8A%D8%A9-%D9%88-%D8%AF%D9%8A%D9%86%D8%A7%D9%85%D9%8A%D9%83%D9%8A%D8%A9-%D9%85%D8%AA%D8%AC%D8%A7%D9%88%D8%A8%D8%A9,5.0,5,9 دقائق,5,0,$5.00,يوم واحد,5,0,0.0,.Ahmed A,https://khamsat.com/user/ahmed_ali_ahmed557,True,بائع نشيط,5.0,7,100.0%,2,6,ساعتين
تصميم,https://khamsat.com/designing,تصميم موقع,https://khamsat.com/designing/website-design,تصميم واجهات موقع ويب UI UX,https://khamsat.com/designing/website-design/2735225-%D8%AA%D8%B5%D9%85%D9%8A%D9%85-%D9%88%D8%A7%D8%AC%D9%87%D8%A7%D8%AA-%D9%85%D9%88%D9%82%D8%B9-%D9%88%D9%8A%D8%A8-ui-ux,5.0,7,ساعة,9,0,$5.00,يومين,7,2,40.0,آية ح.,https://khamsat.com/user/aya_husein_20,True,بائع نشيط,5.0,13,97.3%,6,14,34 دقيقة
تصميم,https://khamsat.com/designing,تصميم موقع,https://khamsat.com/designing/website-design,تصميم وتكويد موقع HTML JavaScript Css3 وTailwind,https://khamsat.com/designing/website-design/2971737-%D8%AA%D8%B5%D9%85%D9%8A%D9%85-%D9%88%D8%AA%D9%83%D9%88%D9%8A%D8%AF-%D9%85%D9%88%D9%82%D8%B9-html-javascript-css3-%D9%88tailwind,4.5,3,يوم,4,0,$10.00,خمسة أيام,3,0,0.0,.Jacklien K,https://khamsat.com/user/jackleen_kmal,True,بائع نشيط,5.0,5,92.31%,3,6,15 ساعة
تصميم,https://khamsat.com/designing,تصميم موقع,https://khamsat.com/designing/website-design,تصميم متجر الكتروني IPTV بشكل احترافي لبيع باقات IPTV,https://khamsat.com/designing/website-design/2987883-%D8%AA%D8%B5%D9%85%D9%8A%D9%85-%D9%85%D8%AA%D8%AC%D8%B1-%D8%A7%D9%84%D9%83%D8%AA%D8%B1%D9%88%D9%86%D9%8A-iptv-%D8%A8%D8%B4%D9%83%D9%84-%D8%A7%D8%AD%D8%AA%D8%B1%D8%A7%D9%81%D9%8A-%D9%84%D8%A8%D9%8A%D8%B9-%D8%A8%D8%A7%D9%82%D8%A7%D8%AA-iptv,5.0,2,3 دقائق,2,0,$5.00,يوم واحد,2,3,30.0,.Adil C,https://khamsat.com/user/adilchouki,True,بائع جديد,5.0,2,80.0%,1,2,3 دقائق
تصميم,https://khamsat.com/designing,تصميم موقع,https://khamsat.com/designing/website-design,تصميم موقع ويب (responsive) متجاوب مع كل الشاشات,https://khamsat.com/designing/website-design/2219549-%D8%AA%D8%B5%D9%85%D9%8A%D9%85-%D9%85%D9%88%D9%82%D8%B9-%D9%88%D9%8A%D8%A8-responsive-%D9%85%D8%AA%D8%AC%D8%A7%D9%88%D8%A8-%D9%85%D8%B9-%D9%83%D9%84-%D8%A7%D9%84%D8%B4%D8%A7%D8%B4%D8%A7%D8%AA,5.0,2,ساعة,2,0,$10.00,يومين,2,2,25.0,.Islam A,https://khamsat.com/user/islam_yazory,True,بائع نشيط,5.0,10,97.22%,3,14,ساعتين
تصميم,https://khamsat.com/designing,تصميم موقع,https://khamsat.com/designing/website-design,UI UX انشاء واجهة موقع بشكل احترافي,https://khamsat.com/designing/website-design/2688070-ui-ux-%D8%A7%D9%86%D8%B4%D8%A7%D8%A1-%D9%88%D8%A7%D8%AC%D9%87%D8%A9-%D9%85%D9%88%D9%82%D8%B9-%D8%A8%D8%B4%D9%83%D9%84-%D8%A7%D8%AD%D8%AA%D8%B1%D8%A7%D9%81%D9%8A,5.0,4,ساعة,5,0,$10.00,يوم واحد,4,4,60.0,.Abdelhafid Z,https://khamsat.com/user/zeghibabdelhafid,True,بائع جديد,5.0,4,100.0%,2,5,ساعة
تصميم,https://khamsat.com/designing,تصميم موقع,https://khamsat.com/designing/website-design,تصميم و إنشاء موقع ووردبريس كامل,https://khamsat.com/designing/website-design/2903500-%D8%AA%D8%B5%D9%85%D9%8A%D9%85-%D9%88-%D8%A5%D9%86%D8%B4%D8%A7%D8%A1-%D9%85%D9%88%D9%82%D8%B9-%D9%88%D9%88%D8%B1%D8%AF%D8%A8%D8%B1%D9%8A%D8%B3-%D9%83%D8%A7%D9%85%D9%84,5.0,3,16 دقيقة,4,0,$10.00,يومين,3,4,105.0,عمر ه.,https://khamsat.com/user/omarhani01,True,بائع جديد,5.0,5,100.0%,4,4,6 ساعات
تصميم,https://khamsat.com/designing,تصميم موقع,https://khamsat.com/designing/website-design,تصميم مواقع واجهة مستخدم (UI/UX) إبداعية,https://khamsat.com/designing/website-design/2646452-%D8%AA%D8%B5%D9%85%D9%8A%D9%85-%D9%85%D9%88%D8%A7%D9%82%D8%B9-%D9%88%D8%A7%D8%AC%D9%87%D8%A9-%D9%85%D8%B3%D8%AA%D8%AE%D8%AF%D9%85-uiux-%D8%A5%D8%A8%D8%AF%D8%A7%D8%B9%D9%8A%D8%A9,5.0,8,ساعة,12,0,$5.00,يوم واحد,8,4,190.0,.Fatima B,https://khamsat.com/user/fatima_bh,True,بائع مميز,4.5,35,81.4%,2,38,8 ساعات
تصميم,https://khamsat.com/designing,تصميم موقع,https://khamsat.com/designing/website-design,تصميم مواقع ويب ux ui,https://khamsat.com/designing/website-design/2278062-%D8%AA%D8%B5%D9%85%D9%8A%D9%85-%D9%85%D9%88%D8%A7%D9%82%D8%B9-%D9%88%D9%8A%D8%A8-ux-ui,5.0,2,11 ساعة,2,0,$10.00,يومين,2,4,125.0,.Saleh H,https://khamsat.com/user/saleh_1hassouna,True,بائع نشيط,4.5,9,95.24%,2,10,8 ساعات
تصميم,https://khamsat.com/designing,تصميم موقع,https://khamsat.com/designing/website-design,انشاء portfolios website مواقع بورتفوليو شخصية احترافيه.,https://khamsat.com/designing/website-design/2962640-%D8%A7%D9%86%D8%B4%D8%A7%D8%A1-portfolios-website-%D9%85%D9%88%D8%A7%D9%82%D8%B9-%D8%A8%D9%88%D8%B1%D8%AA%D9%81%D9%88%D9%84%D9%8A%D9%88-%D8%B4%D8%AE%D8%B5%D9%8A%D8%A9-%D8%A7%D8%AD%D8%AA%D8%B1%D8%A7%D9%81%D9%8A%D9%87,4.5,4,17 ساعة,5,0,$10.00,ثلاثة أيام,4,3,25.0,محمد ص.,https://khamsat.com/user/moashraf12,True,بائع جديد,4.5,4,100.0%,2,5,17 ساعة
تصميم,https://khamsat.com/designing,تصميم موقع,https://khamsat.com/designing/website-design,تصميم موقع ووردبريس احترافي,https://khamsat.com/designing/website-design/2923191-%D8%AA%D8%B5%D9%85%D9%8A%D9%85-%D9%85%D9%88%D9%82%D8%B9-%D9%88%D9%88%D8%B1%D8%AF%D8%A8%D8%B1%D9%8A%D8%B3-%D8%A7%D8%AD%D8%AA%D8%B1%D8%A7%D9%81%D9%8A,5.0,1,7 دقائق,1,0,$10.00,يوم واحد,1,0,0.0,.Ahmed A,https://khamsat.com/user/ahmed_ali_ahmed557,True,بائع نشيط,5.0,7,100.0%,2,6,ساعتين
تصميم,https://khamsat.com/designing,تصميم موقع,https://khamsat.com/designing/website-design,تصميم واجهات المواقع باستخدام Figma,https://khamsat.com/designing/website-design/1863679-%D8%AA%D8%B5%D9%85%D9%8A%D9%85-%D9%88%D8%A7%D8%AC%D9%87%D8%A7%D8%AA-%D8%A7%D9%84%D9%85%D9%88%D8%A7%D9%82%D8%B9-%D8%A8%D8%A7%D8%B3%D8%AA%D8%AE%D8%AF%D8%A7%D9%85-figma,4.5,13,ساعتين,13,0,$15.00,ثلاثة أيام,13,5,390.0,.Zine Eddine T,https://khamsat.com/user/zineeddine_tabet,True,بائع مميز,4.5,30,93.06%,6,35,ساعتين
تصميم,https://khamsat.com/designing,تصميم موقع,https://khamsat.com/designing/website-design,موقع ويب أنيق وكامل الوظائف,https://khamsat.com/designing/website-design/2978178-%D9%85%D9%88%D9%82%D8%B9-%D9%88%D9%8A%D8%A8-%D8%A3%D9%86%D9%8A%D9%82-%D9%88%D9%83%D8%A7%D9%85%D9%84-%D8%A7%D9%84%D9%88%D8%B8%D8%A7%D8%A6%D9%81,5.0,3,يوم,3,1,$10.00,خمسة أيام,3,5,95.0,عبد المجيد ب.,https://khamsat.com/user/abdofowlers,True,بائع جديد,5.0,4,77.78%,5,5,5 ساعات
تصميم,https://khamsat.com/designing,تصميم موقع,https://khamsat.com/designing/website-design,تصميم واجهة المستخدم لموقع العقارات باستخدام figma,https://khamsat.com/designing/website-design/2969302-%D8%AA%D8%B5%D9%85%D9%8A%D9%85-%D9%88%D8%A7%D8%AC%D9%87%D8%A9-%D8%A7%D9%84%D9%85%D8%B3%D8%AA%D8%AE%D8%AF%D9%85-%D9%84%D9%85%D9%88%D9%82%D8%B9-%D8%A7%D9%84%D8%B9%D9%82%D8%A7%D8%B1%D8%A7%D8%AA-%D8%A8%D8%A7%D8%B3%D8%AA%D8%AE%D8%AF%D8%A7%D9%85-figma,5.0,1,11 ساعة,1,0,$10.00,ثلاثة أيام,1,3,75.0,.Zeinab M,https://khamsat.com/user/zeinab_mohammed0,True,بائع جديد,5.0,4,100.0%,5,3,12 ساعة
تصميم,https://khamsat.com/designing,تصميم موقع,https://khamsat.com/designing/website-design,تصميم موقع الويب الخاص بك وفقًا لرغباتك ( UI&UX design),https://khamsat.com/designing/website-design/1881792-%D8%AA%D8%B5%D9%85%D9%8A%D9%85-%D9%85%D9%88%D9%82%D8%B9-%D8%A7%D9%84%D9%88%D9%8A%D8%A8-%D8%A7%D9%84%D8%AE%D8%A7%D8%B5-%D8%A8%D9%83-%D9%88%D9%81%D9%82%D8%A7-%D9%84%D8%B1%D8%BA%D8%A8%D8%A7%D8%AA%D9%83-uiux-design,4.5,10,يومين,11,0,$10.00,يوم واحد,10,4,150.0,.Dhiya Eddine S,https://khamsat.com/user/dhiya_eddien_saouli,True,بائع نشيط,4.5,21,95.24%,5,24,11 ساعة
تصميم,https://khamsat.com/designing,تصميم موقع,https://khamsat.com/designing/website-design,تصميم واجهات المستخدم احترافي لموقعك (UX /UI),https://khamsat.com/designing/website-design/2416429-%D8%AA%D8%B5%D9%85%D9%8A%D9%85-%D9%88%D8%A7%D8%AC%D9%87%D8%A7%D8%AA-%D8%A7%D9%84%D9%85%D8%B3%D8%AA%D8%AE%D8%AF%D9%85-%D8%A7%D8%AD%D8%AA%D8%B1%D8%A7%D9%81%D9%8A-%D9%84%D9%85%D9%88%D9%82%D8%B9%D9%83-ux-ui,5.0,3,ساعتين,3,0,$10.00,يوم واحد,3,5,275.0,.Hassan K,https://khamsat.com/user/hassan_khalil11,True,بائع جديد,5.0,4,55.56%,2,5,ساعة
تصميم,https://khamsat.com/designing,تصميم موقع,https://khamsat.com/designing/website-design,انشاء متجر علي shopify من الصفر,https://khamsat.com/designing/website-design/3038588-%D8%A7%D9%86%D8%B4%D8%A7%D8%A1-%D9%85%D8%AA%D8%AC%D8%B1-%D8%B9%D9%84%D9%8A-shopify-%D9%85%D9%86-%D8%A7%D9%84%D8%B5%D9%81%D8%B1,0.0,0,ساعة,1,0,$5.00,يومين,0,1,5.0,.Eslam N,https://khamsat.com/user/eslam_jaksoo,True,بائع جديد,0.0,2,88.89%,1,4,ساعتين
تصميم,https://khamsat.com/designing,تصميم موقع,https://khamsat.com/designing/website-design,تصميم موقع كامل من خلال تقنية ال Bootstrap,https://khamsat.com/designing/website-design/2908735-%D8%AA%D8%B5%D9%85%D9%8A%D9%85-%D9%85%D9%88%D9%82%D8%B9-%D9%83%D8%A7%D9%85%D9%84-%D9%85%D9%86-%D8%AE%D9%84%D8%A7%D9%84-%D8%AA%D9%82%D9%86%D9%8A%D8%A9-%D8%A7%D9%84-bootstrap,5.0,1,36 دقيقة,1,0,$10.00,ثلاثة أيام,1,0,0.0,طارق ث.,https://khamsat.com/user/tarek191_123,True,بائع جديد,5.0,2,100.0%,5,2,22 دقيقة
تصميم,https://khamsat.com/designing,تصميم موقع,https://khamsat.com/designing/website-design,تصميم صفحات موقع ويب UX UI Design,https://khamsat.com/designing/website-design/1874809-%D8%AA%D8%B5%D9%85%D9%8A%D9%85-%D8%B5%D9%81%D8%AD%D8%A7%D8%AA-%D9%85%D9%88%D9%82%D8%B9-%D9%88%D9%8A%D8%A8-ux-ui-design,5.0,3,6 ساعات,4,0,$5.00,يومين,3,5,160.0,نرمين ا.,https://khamsat.com/user/narmeens99,True,بائع نشيط,5.0,4,100.0%,4,6,3 أيام
تصميم,https://khamsat.com/designing,تصميم موقع,https://khamsat.com/designing/website-design,تصميم واجهة المواقع باستخدام html CSS JavaScript,https://khamsat.com/designing/website-design/2528662-%D8%AA%D8%B5%D9%85%D9%8A%D9%85-%D9%88%D8%A7%D8%AC%D9%87%D8%A9-%D8%A7%D9%84%D9%85%D9%88%D8%A7%D9%82%D8%B9-%D8%A8%D8%A7%D8%B3%D8%AA%D8%AE%D8%AF%D8%A7%D9%85-html-css-javascript,5.0,1,5 دقائق,1,0,$10.00,ثلاثة أيام,1,4,45.0,مصطفي س.,https://khamsat.com/user/mustafaselim97,True,بائع جديد,5.0,2,100.0%,3,2,3 ساعات
تصميم,https://khamsat.com/designing,تصميم موقع,https://khamsat.com/designing/website-design,سأقوم ببناء و تصميم موقع ووردبريس سريع الاستجابة,https://khamsat.com/designing/website-design/2845537-%D8%B3%D8%A3%D9%82%D9%88%D9%85-%D8%A8%D8%A8%D9%86%D8%A7%D8%A1-%D9%88-%D8%AA%D8%B5%D9%85%D9%8A%D9%85-%D9%85%D9%88%D9%82%D8%B9-%D9%88%D9%88%D8%B1%D8%AF%D8%A8%D8%B1%D9%8A%D8%B3-%D8%B3%D8%B1%D9%8A%D8%B9-%D8%A7%D9%84%D8%A7%D8%B3%D8%AA%D8%AC%D8%A7%D8%A8%D8%A9,5.0,2,19 دقيقة,2,0,$20.00,ثلاثة أيام,2,4,195.0,محمد ا.,https://khamsat.com/user/mohamedg0maa1,True,بائع نشيط,4.5,15,55.56%,3,14,23 ساعة
تصميم,https://khamsat.com/designing,تصميم موقع,https://khamsat.com/designing/website-design,"تصميم واجهة واحده باستخدام html,css",https://khamsat.com/designing/website-design/1192642-%D8%AA%D8%B5%D9%85%D9%8A%D9%85-%D9%88%D8%A7%D8%AC%D9%87%D8%A9-%D9%88%D8%A7%D8%AD%D8%AF%D9%87-%D8%A8%D8%A7%D8%B3%D8%AA%D8%AE%D8%AF%D8%A7%D9%85-htmlcss,5.0,2,3 أيام,4,0,$5.00,يوم واحد,2,3,35.0,هالة ض.,https://khamsat.com/user/haladhair,True,بائع مميز,4.5,43,91.62%,4,59,يوم
تصميم,https://khamsat.com/designing,تصميم موقع,https://khamsat.com/designing/website-design,تصميم واجهة ويب احترافية وجذابة,https://khamsat.com/designing/website-design/2202341-%D8%AA%D8%B5%D9%85%D9%8A%D9%85-%D9%88%D8%A7%D8%AC%D9%87%D8%A9-%D9%88%D9%8A%D8%A8-%D8%A7%D8%AD%D8%AA%D8%B1%D8%A7%D9%81%D9%8A%D8%A9-%D9%88%D8%AC%D8%B0%D8%A7%D8%A8%D8%A9,5.0,5,38 دقيقة,5,0,$20.00,يومين,5,4,135.0,.Hadeel S,https://khamsat.com/user/hadeelshaer93,True,بائع نشيط,5.0,16,100.0%,4,18,ساعتين
تصميم,https://khamsat.com/designing,تصميم موقع,https://khamsat.com/designing/website-design,تصميم واجهة موقع HTML و CSS من اختيارك,https://khamsat.com/designing/website-design/2489065-%D8%AA%D8%B5%D9%85%D9%8A%D9%85-%D9%88%D8%A7%D8%AC%D9%87%D8%A9-%D9%85%D9%88%D9%82%D8%B9-html-%D9%88-css-%D9%85%D9%86-%D8%A7%D8%AE%D8%AA%D9%8A%D8%A7%D8%B1%D9%83,5.0,6,5 ساعات,7,0,$10.00,يوم واحد,6,2,15.0,.Younes H,https://khamsat.com/user/younes_hachad,True,بائع نشيط,5.0,16,91.67%,3,14,4 ساعات
تصميم,https://khamsat.com/designing,تصميم موقع,https://khamsat.com/designing/website-design,تصميم الواجهه الأماميه للمواقع Front End Developer,https://khamsat.com/designing/website-design/2426314-%D8%AA%D8%B5%D9%85%D9%8A%D9%85-%D8%A7%D9%84%D9%88%D8%A7%D8%AC%D9%87%D9%87-%D8%A7%D9%84%D8%A3%D9%85%D8%A7%D9%85%D9%8A%D9%87-%D9%84%D9%84%D9%85%D9%88%D8%A7%D9%82%D8%B9-front-end-developer,5.0,1,55 دقيقة,1,0,$5.00,يوم واحد,1,5,110.0,.Amir M,https://khamsat.com/user/amirmohamed142,True,بائع جديد,5.0,2,100.0%,2,1,28 دقيقة
تصميم,https://khamsat.com/designing,تصميم موقع,https://khamsat.com/designing/website-design,تصميم موقع الكتروني احترافي جذاب ومتميز,https://khamsat.com/designing/website-design/2794230-%D8%AA%D8%B5%D9%85%D9%8A%D9%85-%D9%85%D9%88%D9%82%D8%B9-%D8%A7%D9%84%D9%83%D8%AA%D8%B1%D9%88%D9%86%D9%8A-%D8%A7%D8%AD%D8%AA%D8%B1%D8%A7%D9%81%D9%8A-%D8%AC%D8%B0%D8%A7%D8%A8-%D9%88%D9%85%D8%AA%D9%85%D9%8A%D8%B2,5.0,4,8 دقائق,4,1,$5.00,ثلاثة أيام,4,4,45.0,.Fatma A,https://khamsat.com/user/fatma_elshemy,True,بائع جديد,5.0,4,87.5%,2,4,8 دقائق
تصميم,https://khamsat.com/designing,تصميم تطبيق,https://khamsat.com/designing/app-design,تصميم تجربة المستخدم لتطبيقات الجوال بستخدام figma,https://khamsat.com/designing/app-design/2790842-%D8%AA%D8%B5%D9%85%D9%8A%D9%85-%D8%AA%D8%AC%D8%B1%D8%A8%D8%A9-%D8%A7%D9%84%D9%85%D8%B3%D8%AA%D8%AE%D8%AF%D9%85-%D9%84%D8%AA%D8%B7%D8%A8%D9%8A%D9%82%D8%A7%D8%AA-%D8%A7%D9%84%D8%AC%D9%88%D8%A7%D9%84-%D8%A8%D8%B3%D8%AA%D8%AE%D8%AF%D8%A7%D9%85-figma,5.0,4,يومين,5,1,$5.00,يومين,4,3,95.0,.Mohamed S,https://khamsat.com/user/kareemshahat2007,True,بائع نشيط,5.0,6,91.67%,2,7,يوم
تصميم,https://khamsat.com/designing,تصميم تطبيق,https://khamsat.com/designing/app-design,إنشاء تصميم UI UX مذهل وسهل الاستخدام لتطبيق الهاتف الخاص بك,https://khamsat.com/designing/app-design/2488122-%D8%A5%D9%86%D8%B4%D8%A7%D8%A1-%D8%AA%D8%B5%D9%85%D9%8A%D9%85-ui-ux-%D9%85%D8%B0%D9%87%D9%84-%D9%88%D8%B3%D9%87%D9%84-%D8%A7%D9%84%D8%A7%D8%B3%D8%AA%D8%AE%D8%AF%D8%A7%D9%85-%D9%84%D8%AA%D8%B7%D8%A8%D9%8A%D9%82-%D8%A7%D9%84%D9%87%D8%A7%D8%AA%D9%81-%D8%A7%D9%84%D8%AE%D8%A7%D8%B5-%D8%A8%D9%83,4.5,27,15 ساعة,28,0,$5.00,يوم واحد,25,5,265.0,.Fatima B,https://khamsat.com/user/fatima_bh,True,بائع مميز,4.5,35,81.4%,2,38,8 ساعات
تصميم,https://khamsat.com/designing,تصميم تطبيق,https://khamsat.com/designing/app-design,تصميم واجهة موبايل فلاتر flutter,https://khamsat.com/designing/app-design/2755640-%D8%AA%D8%B5%D9%85%D9%8A%D9%85-%D9%88%D8%A7%D8%AC%D9%87%D8%A9-%D9%85%D9%88%D8%A8%D8%A7%D9%8A%D9%84-%D9%81%D9%84%D8%A7%D8%AA%D8%B1-flutter,5.0,2,دقيقتين,2,0,$5.00,يوم واحد,2,4,145.0,.Bairak N,https://khamsat.com/user/bairak_nassour,True,بائع نشيط,5.0,8,89.47%,7,9,11 دقيقة
تصميم,https://khamsat.com/designing,تصميم تطبيق,https://khamsat.com/designing/app-design,تصميم واجهة تطبيق جذابة و احترافية و مبتكرة,https://khamsat.com/designing/app-design/2711570-%D8%AA%D8%B5%D9%85%D9%8A%D9%85-%D9%88%D8%A7%D8%AC%D9%87%D8%A9-%D8%AA%D8%B7%D8%A8%D9%8A%D9%82-%D8%AC%D8%B0%D8%A7%D8%A8%D8%A9-%D9%88-%D8%A7%D8%AD%D8%AA%D8%B1%D8%A7%D9%81%D9%8A%D8%A9-%D9%88-%D9%85%D8%A8%D8%AA%D9%83%D8%B1%D8%A9,5.0,1,48 دقيقة,1,0,$10.00,يومين,1,4,120.0,شيماء أ.,https://khamsat.com/user/shimabuqasim,True,بائع جديد,5.0,3,57.14%,4,2,38 دقيقة
تصميم,https://khamsat.com/designing,تصميم تطبيق,https://khamsat.com/designing/app-design,تصميم واجهة مستخدم لتطبيق اندرويد أو IOS مقابل 5$,https://khamsat.com/designing/app-design/1662702-%D8%AA%D8%B5%D9%85%D9%8A%D9%85-%D9%88%D8%A7%D8%AC%D9%87%D8%A9-%D9%85%D8%B3%D8%AA%D8%AE%D8%AF%D9%85-%D9%84%D8%AA%D8%B7%D8%A8%D9%8A%D9%82-%D8%A7%D9%86%D8%AF%D8%B1%D9%88%D9%8A%D8%AF-%D8%A3%D9%88-ios-%D9%85%D9%82%D8%A7%D8%A8%D9%84-5,5.0,2,يومين,2,0,$5.00,يومين,2,4,130.0,.Noor F,https://khamsat.com/user/nooralfaleet,True,بائع نشيط,4.5,10,93.75%,4,13,22 ساعة
تصميم,https://khamsat.com/designing,تصميم تطبيق,https://khamsat.com/designing/app-design,تصميم واجهة مميزة لتطبيقات آي فون واندرويد UX UI باحترافية,https://khamsat.com/designing/app-design/2172012-%D8%AA%D8%B5%D9%85%D9%8A%D9%85-%D9%88%D8%A7%D8%AC%D9%87%D8%A9-%D9%85%D9%85%D9%8A%D8%B2%D8%A9-%D9%84%D8%AA%D8%B7%D8%A8%D9%8A%D9%82%D8%A7%D8%AA-%D8%A2%D9%8A-%D9%81%D9%88%D9%86-%D9%88%D8%A7%D9%86%D8%AF%D8%B1%D9%88%D9%8A%D8%AF-ux-ui-%D8%A8%D8%A7%D8%AD%D8%AA%D8%B1%D8%A7%D9%81%D9%8A%D8%A9,5.0,8,ساعة,12,0,$5.00,يومين,8,5,140.0,.Islam A,https://khamsat.com/user/islam_yazory,True,بائع نشيط,5.0,10,97.22%,3,14,ساعتين
تصميم,https://khamsat.com/designing,تصميم تطبيق,https://khamsat.com/designing/app-design,تصميم واجهة المستخدم للتطبيقات UI UX,https://khamsat.com/designing/app-design/2710230-%D8%AA%D8%B5%D9%85%D9%8A%D9%85-%D9%88%D8%A7%D8%AC%D9%87%D8%A9-%D8%A7%D9%84%D9%85%D8%B3%D8%AA%D8%AE%D8%AF%D9%85-%D9%84%D9%84%D8%AA%D8%B7%D8%A8%D9%8A%D9%82%D8%A7%D8%AA-ui-ux,4.5,6,17 ساعة,7,0,$10.00,ثلاثة أيام,6,4,205.0,عبدالله ا.,https://khamsat.com/user/gado2002,True,بائع جديد,4.5,7,88.89%,2,7,17 ساعة
تصميم,https://khamsat.com/designing,تصميم تطبيق,https://khamsat.com/designing/app-design,تحويل الواجهات من xd او figma الى XML,https://khamsat.com/designing/app-design/2625872-%D8%AA%D8%AD%D9%88%D9%8A%D9%84-%D8%A7%D9%84%D9%88%D8%A7%D8%AC%D9%87%D8%A7%D8%AA-%D9%85%D9%86-xd-%D8%A7%D9%88-figma-%D8%A7%D9%84%D9%89-xml,5.0,2,26 دقيقة,3,0,$5.00,يوم واحد,2,5,210.0,.Raghad M,https://khamsat.com/user/raghadmahmoud,True,بائع جديد,5.0,3,100.0%,3,3,26 دقيقة
تصميم,https://khamsat.com/designing,تصميم تطبيق,https://khamsat.com/designing/app-design,سأقوم بتصميم UX UI لتطبيقك ونموذج اولى في Figma XD,https://khamsat.com/designing/app-design/2611334-%D8%B3%D8%A3%D9%82%D9%88%D9%85-%D8%A8%D8%AA%D8%B5%D9%85%D9%8A%D9%85-ux-ui-%D9%84%D8%AA%D8%B7%D8%A8%D9%8A%D9%82%D9%83-%D9%88%D9%86%D9%85%D9%88%D8%B0%D8%AC-%D8%A7%D9%88%D9%84%D9%89-%D9%81%D9%8A-figma-xd,5.0,20,ساعة,23,0,$5.00,يوم واحد,20,5,195.0,.Mohamed H,https://khamsat.com/user/mohamzax93,True,بائع مميز,5.0,27,86.36%,2,27,43 دقيقة
تصميم,https://khamsat.com/designing,تصميم تطبيق,https://khamsat.com/designing/app-design,عمل تصميم لتطبيقات الموبايل عن طريق adobe xd,https://khamsat.com/designing/app-design/2076168-%D8%B9%D9%85%D9%84-%D8%AA%D8%B5%D9%85%D9%8A%D9%85-%D9%84%D8%AA%D8%B7%D8%A8%D9%8A%D9%82%D8%A7%D8%AA-%D8%A7%D9%84%D9%85%D9%88%D8%A8%D8%A7%D9%8A%D9%84-%D8%B9%D9%86-%D8%B7%D8%B1%D9%8A%D9%82-adobe-xd,5.0,2,ساعتين,3,0,$5.00,يومين,2,2,125.0,كريمان ع.,https://khamsat.com/user/kariman_5,True,بائع جديد,5.0,2,100.0%,2,3,ساعتين
تصميم,https://khamsat.com/designing,تصميم تطبيق,https://khamsat.com/designing/app-design,تصميم واجهات المستخدم لتطبيقات متجاوبة مع تجربة المستخدم,https://khamsat.com/designing/app-design/2621182-%D8%AA%D8%B5%D9%85%D9%8A%D9%85-%D9%88%D8%A7%D8%AC%D9%87%D8%A7%D8%AA-%D8%A7%D9%84%D9%85%D8%B3%D8%AA%D8%AE%D8%AF%D9%85-%D9%84%D8%AA%D8%B7%D8%A8%D9%8A%D9%82%D8%A7%D8%AA-%D9%85%D8%AA%D8%AC%D8%A7%D9%88%D8%A8%D8%A9-%D9%85%D8%B9-%D8%AA%D8%AC%D8%B1%D8%A8%D8%A9-%D8%A7%D9%84%D9%85%D8%B3%D8%AA%D8%AE%D8%AF%D9%85,5.0,4,ساعة,4,0,$10.00,يوم واحد,4,4,180.0,.Nour A,https://khamsat.com/user/nonofeb,True,بائع نشيط,5.0,5,90.91%,2,7,29 دقيقة
تصميم,https://khamsat.com/designing,تصميم تطبيق,https://khamsat.com/designing/app-design,تصميم صفحات الويب وتطبيقات الموبيل UXUI Design باحترافية,https://khamsat.com/designing/app-design/2984004-%D8%AA%D8%B5%D9%85%D9%8A%D9%85-%D8%B5%D9%81%D8%AD%D8%A7%D8%AA-%D8%A7%D9%84%D9%88%D9%8A%D8%A8-%D9%88%D8%AA%D8%B7%D8%A8%D9%8A%D9%82%D8%A7%D8%AA-%D8%A7%D9%84%D9%85%D9%88%D8%A8%D9%8A%D9%84-uxui-design-%D8%A8%D8%A7%D8%AD%D8%AA%D8%B1%D8%A7%D9%81%D9%8A%D8%A9,5.0,1,لم يحسب,1,0,$5.00,يوم واحد,1,3,35.0,أحمد ا.,https://khamsat.com/user/ahdahshan,True,بائع جديد,5.0,2,100.0%,2,2,21 دقيقة
تصميم,https://khamsat.com/designing,تصميم تطبيق,https://khamsat.com/designing/app-design,تصميم واجهات تطبيق Ux Ui (اندرويد أو ايفون),https://khamsat.com/designing/app-design/2057431-%D8%AA%D8%B5%D9%85%D9%8A%D9%85-%D9%88%D8%A7%D8%AC%D9%87%D8%A7%D8%AA-%D8%AA%D8%B7%D8%A8%D9%8A%D9%82-ux-ui-%D8%A7%D9%86%D8%AF%D8%B1%D9%88%D9%8A%D8%AF-%D8%A3%D9%88-%D8%A7%D9%8A%D9%81%D9%88%D9%86,5.0,6,13 ساعة,9,0,$5.00,ستة أيام,6,5,220.0,هبه ش.,https://khamsat.com/user/hebakshaheen,True,بائع نشيط,5.0,16,93.02%,6,20,4 ساعات
تصميم,https://khamsat.com/designing,تصميم تطبيق,https://khamsat.com/designing/app-design,تصميم واجهة تطبيق بشكل مميز واحترافي وبدقة عالية,https://khamsat.com/designing/app-design/2409507-%D8%AA%D8%B5%D9%85%D9%8A%D9%85-%D9%88%D8%A7%D8%AC%D9%87%D8%A9-%D8%AA%D8%B7%D8%A8%D9%8A%D9%82-%D8%A8%D8%B4%D9%83%D9%84-%D9%85%D9%85%D9%8A%D8%B2-%D9%88%D8%A7%D8%AD%D8%AA%D8%B1%D8%A7%D9%81%D9%8A-%D9%88%D8%A8%D8%AF%D9%82%D8%A9-%D8%B9%D8%A7%D9%84%D9%8A%D8%A9,5.0,5,5 ساعات,5,0,$5.00,يوم واحد,5,2,30.0,.Marah E,https://khamsat.com/user/mhmdsalah123,False,بائع نشيط,4.5,8,100.0%,2,6,ساعتين
تصميم,https://khamsat.com/designing,تصميم تطبيق,https://khamsat.com/designing/app-design,تصميم واجهات تطبيقات باستخدام adobe xd PSD,https://khamsat.com/designing/app-design/1293050-%D8%AA%D8%B5%D9%85%D9%8A%D9%85-%D9%88%D8%A7%D8%AC%D9%87%D8%A7%D8%AA-%D8%AA%D8%B7%D8%A8%D9%8A%D9%82%D8%A7%D8%AA-%D8%A8%D8%A7%D8%B3%D8%AA%D8%AE%D8%AF%D8%A7%D9%85-adobe-xd-psd,5.0,10,ساعتين,13,0,$5.00,ثلاثة أيام,10,4,55.0,إبتهال أ.,https://khamsat.com/user/ibtehalah93,True,بائع نشيط,5.0,10,93.94%,2,14,12 ساعة
تصميم,https://khamsat.com/designing,تصميم تطبيق,https://khamsat.com/designing/app-design,تصميم/تطوير ايقونات تطبيقات (Android) و(IOS)احترافية,https://khamsat.com/designing/app-design/1027927-%D8%AA%D8%B5%D9%85%D9%8A%D9%85%D8%AA%D8%B7%D9%88%D9%8A%D8%B1-%D8%A7%D9%8A%D9%82%D9%88%D9%86%D8%A7%D8%AA-%D8%AA%D8%B7%D8%A8%D9%8A%D9%82%D8%A7%D8%AA-android-%D9%88ios%D8%A7%D8%AD%D8%AA%D8%B1%D8%A7%D9%81%D9%8A%D8%A9,5.0,7,4 ساعات,7,0,$5.00,يومين,7,3,40.0,.Salim B,https://khamsat.com/user/salim_ben,True,بائع مميز,4.5,125,79.44%,5,169,10 ساعات
تصميم,https://khamsat.com/designing,تصميم تطبيق,https://khamsat.com/designing/app-design,تصميم واجهات UI/UX إحترافية لتطبيقات الاندرويد و الايفون,https://khamsat.com/designing/app-design/1747135-%D8%AA%D8%B5%D9%85%D9%8A%D9%85-%D9%88%D8%A7%D8%AC%D9%87%D8%A7%D8%AA-uiux-%D8%A5%D8%AD%D8%AA%D8%B1%D8%A7%D9%81%D9%8A%D8%A9-%D9%84%D8%AA%D8%B7%D8%A8%D9%8A%D9%82%D8%A7%D8%AA-%D8%A7%D9%84%D8%A7%D9%86%D8%AF%D8%B1%D9%88%D9%8A%D8%AF-%D9%88-%D8%A7%D9%84%D8%A7%D9%8A%D9%81%D9%88%D9%86,5.0,3,يوم,3,0,$5.00,يومين,3,4,80.0,.Rehab M,https://khamsat.com/user/rehab_mousa,True,بائع نشيط,5.0,12,70.97%,1,14,12 ساعة
تصميم,https://khamsat.com/designing,تصميم تطبيق,https://khamsat.com/designing/app-design,تصميم واجهات موبايل لمدة يوم,https://khamsat.com/designing/app-design/2277886-%D8%AA%D8%B5%D9%85%D9%8A%D9%85-%D9%88%D8%A7%D8%AC%D9%87%D8%A7%D8%AA-%D9%85%D9%88%D8%A8%D8%A7%D9%8A%D9%84-%D9%84%D9%85%D8%AF%D8%A9-%D9%8A%D9%88%D9%85,5.0,1,4 ساعات,1,0,$5.00,يوم واحد,1,5,180.0,.Malaak K,https://khamsat.com/user/malaak_khalil,True,بائع جديد,5.0,1,100.0%,2,1,ساعة
تصميم,https://khamsat.com/designing,تصميم تطبيق,https://khamsat.com/designing/app-design,تصميم واجهات المستخدم اندرويد او ايفون احترافية (UX /UI),https://khamsat.com/designing/app-design/2395617-%D8%AA%D8%B5%D9%85%D9%8A%D9%85-%D9%88%D8%A7%D8%AC%D9%87%D8%A7%D8%AA-%D8%A7%D9%84%D9%85%D8%B3%D8%AA%D8%AE%D8%AF%D9%85-%D8%A7%D9%86%D8%AF%D8%B1%D9%88%D9%8A%D8%AF-%D8%A7%D9%88-%D8%A7%D9%8A%D9%81%D9%88%D9%86-%D8%A7%D8%AD%D8%AA%D8%B1%D8%A7%D9%81%D9%8A%D8%A9-ux-ui,5.0,1,ساعة,2,0,$10.00,يومين,1,5,170.0,.Hassan K,https://khamsat.com/user/hassan_khalil11,True,بائع جديد,5.0,4,55.56%,2,5,ساعة
تصميم,https://khamsat.com/designing,تصميم تطبيق,https://khamsat.com/designing/app-design,تصميم واجهات لتطبيقات الموبايل عن طريق adobe xd / Figma,https://khamsat.com/designing/app-design/2213813-%D8%AA%D8%B5%D9%85%D9%8A%D9%85-%D9%88%D8%A7%D8%AC%D9%87%D8%A7%D8%AA-%D9%84%D8%AA%D8%B7%D8%A8%D9%8A%D9%82%D8%A7%D8%AA-%D8%A7%D9%84%D9%85%D9%88%D8%A8%D8%A7%D9%8A%D9%84-%D8%B9%D9%86-%D8%B7%D8%B1%D9%8A%D9%82-adobe-xd-figma,5.0,10,4 أيام,13,0,$5.00,يوم واحد,10,5,205.0,.Mohamed A,https://khamsat.com/user/mhmd_said,True,بائع نشيط,5.0,10,80.77%,1,13,4 أيام
تصميم,https://khamsat.com/designing,تصميم تطبيق,https://khamsat.com/designing/app-design,خدمات ui ux تصميم واجهات جذابة ومتقنة,https://khamsat.com/designing/app-design/2763427-%D8%AE%D8%AF%D9%85%D8%A7%D8%AA-ui-ux-%D8%AA%D8%B5%D9%85%D9%8A%D9%85-%D9%88%D8%A7%D8%AC%D9%87%D8%A7%D8%AA-%D8%AC%D8%B0%D8%A7%D8%A8%D8%A9-%D9%88%D9%85%D8%AA%D9%82%D9%86%D8%A9,5.0,1,15 دقيقة,4,0,$10.00,أسبوع,1,0,0.0,.Nihel R,https://khamsat.com/user/nihel_redjel,True,بائع نشيط,5.0,1,90.91%,1,4,15 دقيقة
تصميم,https://khamsat.com/designing,تصميم تطبيق,https://khamsat.com/designing/app-design,تصميم واجهات موبايل (UX/UI) مميزة ل (Android & iOS),https://khamsat.com/designing/app-design/2173374-%D8%AA%D8%B5%D9%85%D9%8A%D9%85-%D9%88%D8%A7%D8%AC%D9%87%D8%A7%D8%AA-%D9%85%D9%88%D8%A8%D8%A7%D9%8A%D9%84-uxui-%D9%85%D9%85%D9%8A%D8%B2%D8%A9-%D9%84-android-ios,5.0,1,16 ساعة,1,0,$5.00,يوم واحد,1,3,50.0,رؤى أ.,https://khamsat.com/user/roaa22,True,بائع جديد,5.0,2,100.0%,3,2,4 ساعات
تصميم,https://khamsat.com/designing,تصميم تطبيق,https://khamsat.com/designing/app-design,تصميم واجهة مستخدم UI للأندرويد و آيفون ببرنامج adobe xd,https://khamsat.com/designing/app-design/1874834-%D8%AA%D8%B5%D9%85%D9%8A%D9%85-%D9%88%D8%A7%D8%AC%D9%87%D8%A9-%D9%85%D8%B3%D8%AA%D8%AE%D8%AF%D9%85-ui-%D9%84%D9%84%D8%A3%D9%86%D8%AF%D8%B1%D9%88%D9%8A%D8%AF-%D9%88-%D8%A2%D9%8A%D9%81%D9%88%D9%86-%D8%A8%D8%A8%D8%B1%D9%86%D8%A7%D9%85%D8%AC-adobe-xd,5.0,8,يومين,9,0,$10.00,ثلاثة أيام,8,2,115.0,رامي ش.,https://khamsat.com/user/rami_chibani,True,بائع نشيط,5.0,14,82.86%,4,14,18 ساعة
تصميم,https://khamsat.com/designing,تصميم تطبيق,https://khamsat.com/designing/app-design,تصميم واجهات تطبيق اندرويد او آيفون مميزة واحترافية,https://khamsat.com/designing/app-design/2487682-%D8%AA%D8%B5%D9%85%D9%8A%D9%85-%D9%88%D8%A7%D8%AC%D9%87%D8%A7%D8%AA-%D8%AA%D8%B7%D8%A8%D9%8A%D9%82-%D8%A7%D9%86%D8%AF%D8%B1%D9%88%D9%8A%D8%AF-%D8%A7%D9%88-%D8%A2%D9%8A%D9%81%D9%88%D9%86-%D9%85%D9%85%D9%8A%D8%B2%D8%A9-%D9%88%D8%A7%D8%AD%D8%AA%D8%B1%D8%A7%D9%81%D9%8A%D8%A9,5.0,1,يومين,2,0,$5.00,يوم واحد,1,4,135.0,.Eman S,https://khamsat.com/user/eman_sal356,True,بائع نشيط,4.5,22,84.31%,3,24,16 ساعة
تصميم,https://khamsat.com/designing,تصميم تطبيق,https://khamsat.com/designing/app-design,تصميم UX/UI لتطبيقات الموبايل android and IOS,https://khamsat.com/designing/app-design/2622667-%D8%AA%D8%B5%D9%85%D9%8A%D9%85-uxui-%D9%84%D8%AA%D8%B7%D8%A8%D9%8A%D9%82%D8%A7%D8%AA-%D8%A7%D9%84%D9%85%D9%88%D8%A8%D8%A7%D9%8A%D9%84-android-and-ios,5.0,1,لم يحسب,1,0,$5.00,يوم واحد,1,5,185.0,.Raghad M,https://khamsat.com/user/raghadmahmoud,True,بائع جديد,5.0,3,100.0%,3,3,26 دقيقة
تصميم,https://khamsat.com/designing,تصميم تطبيق,https://khamsat.com/designing/app-design,تصميم واجهات تطبيقات وتجربة الاستخدام UX UI,https://khamsat.com/designing/app-design/2202487-%D8%AA%D8%B5%D9%85%D9%8A%D9%85-%D9%88%D8%A7%D8%AC%D9%87%D8%A7%D8%AA-%D8%AA%D8%B7%D8%A8%D9%8A%D9%82%D8%A7%D8%AA-%D9%88%D8%AA%D8%AC%D8%B1%D8%A8%D8%A9-%D8%A7%D9%84%D8%A7%D8%B3%D8%AA%D8%AE%D8%AF%D8%A7%D9%85-ux-ui,5.0,1,57 دقيقة,1,0,$5.00,يوم واحد,1,0,0.0,.Mohammed B,https://khamsat.com/user/bakhit0,True,بائع جديد,5.0,1,100.0%,1,1,57 دقيقة
تصميم,https://khamsat.com/designing,تصميم تطبيق,https://khamsat.com/designing/app-design,تصميم واجهة تطبيق اندرويد او ايفون على Adobe Xd,https://khamsat.com/designing/app-design/2763795-%D8%AA%D8%B5%D9%85%D9%8A%D9%85-%D9%88%D8%A7%D8%AC%D9%87%D8%A9-%D8%AA%D8%B7%D8%A8%D9%8A%D9%82-%D8%A7%D9%86%D8%AF%D8%B1%D9%88%D9%8A%D8%AF-%D8%A7%D9%88-%D8%A7%D9%8A%D9%81%D9%88%D9%86-%D8%B9%D9%84%D9%89-adobe-xd,5.0,1,ساعة,1,0,$5.00,يوم واحد,1,0,0.0,.Sama S,https://khamsat.com/user/eng_sama,True,بائع جديد,5.0,1,16.67%,5,1,33 دقيقة
تصميم,https://khamsat.com/designing,تصميم تطبيق,https://khamsat.com/designing/app-design,تصميم واجهات احترافية للأندرويد xml,https://khamsat.com/designing/app-design/2134835-%D8%AA%D8%B5%D9%85%D9%8A%D9%85-%D9%88%D8%A7%D8%AC%D9%87%D8%A7%D8%AA-%D8%A7%D8%AD%D8%AA%D8%B1%D8%A7%D9%81%D9%8A%D8%A9-%D9%84%D9%84%D8%A3%D9%86%D8%AF%D8%B1%D9%88%D9%8A%D8%AF-xml,5.0,3,11 دقيقة,3,0,$5.00,يوم واحد,3,3,35.0,محمد أ.,https://khamsat.com/user/mhmdabofhme,True,بائع جديد,5.0,6,88.89%,3,7,4 ساعات
تصميم,https://khamsat.com/designing,تصميم تطبيق,https://khamsat.com/designing/app-design,تصميم صفحة تسجيل دخول أو تسجيل مستخدم جديد لتطبيق هاتف,https://khamsat.com/designing/app-design/2522727-%D8%AA%D8%B5%D9%85%D9%8A%D9%85-%D8%B5%D9%81%D8%AD%D8%A9-%D8%AA%D8%B3%D8%AC%D9%8A%D9%84-%D8%AF%D8%AE%D9%88%D9%84-%D8%A3%D9%88-%D8%AA%D8%B3%D8%AC%D9%8A%D9%84-%D9%85%D8%B3%D8%AA%D8%AE%D8%AF%D9%85-%D8%AC%D8%AF%D9%8A%D8%AF-%D9%84%D8%AA%D8%B7%D8%A8%D9%8A%D9%82-%D9%87%D8%A7%D8%AA%D9%81,5.0,2,لم يحسب,2,0,$5.00,يومين,2,4,25.0,.Abdelrhman M,https://khamsat.com/user/abdo_alngar,True,بائع مميز,5.0,36,85.54%,6,41,ساعة
تصميم,https://khamsat.com/designing,تصميم تطبيق,https://khamsat.com/designing/app-design,أصمم لك واجهة مستخدم عصرية ل آي فون واندرويد UX UI باحترافية,https://khamsat.com/designing/app-design/1934261-%D8%A3%D8%B5%D9%85%D9%85-%D9%84%D9%83-%D9%88%D8%A7%D8%AC%D9%87%D8%A9-%D9%85%D8%B3%D8%AA%D8%AE%D8%AF%D9%85-%D8%B9%D8%B5%D8%B1%D9%8A%D8%A9-%D9%84-%D8%A2%D9%8A-%D9%81%D9%88%D9%86-%D9%88%D8%A7%D9%86%D8%AF%D8%B1%D9%88%D9%8A%D8%AF-ux-ui-%D8%A8%D8%A7%D8%AD%D8%AA%D8%B1%D8%A7%D9%81%D9%8A%D8%A9,5.0,5,55 دقيقة,9,0,$5.00,يوم واحد,5,5,85.0,هيا ا.,https://khamsat.com/user/haya_alnatour,True,بائع نشيط,5.0,10,94.44%,3,15,يوم
تصميم,https://khamsat.com/designing,تصميم UI/UX,https://khamsat.com/designing/uiux-design,تصميم واجهة المستخدم (UIUX),https://khamsat.com/designing/uiux-design/2235463-%D8%AA%D8%B5%D9%85%D9%8A%D9%85-%D9%88%D8%A7%D8%AC%D9%87%D8%A9-%D8%A7%D9%84%D9%85%D8%B3%D8%AA%D8%AE%D8%AF%D9%85-uiux,5.0,6,ساعتين,9,0,$5.00,يوم واحد,6,4,195.0,.Noor A,https://khamsat.com/user/nnoor_2002,True,بائع نشيط,5.0,6,92.86%,1,9,50 دقيقة
تصميم,https://khamsat.com/designing,تصميم UI/UX,https://khamsat.com/designing/uiux-design,تصميم تجربة المستخدم Ui ux designer,https://khamsat.com/designing/uiux-design/2767612-%D8%AA%D8%B5%D9%85%D9%8A%D9%85-%D8%AA%D8%AC%D8%B1%D8%A8%D8%A9-%D8%A7%D9%84%D9%85%D8%B3%D8%AA%D8%AE%D8%AF%D9%85-ui-ux-designer,4.5,15,19 ساعة,15,0,$10.00,ثلاثة أيام,15,3,115.0,.Alaa E,https://khamsat.com/user/alaaelmaghlany,True,بائع مميز,4.5,15,89.55%,1,15,19 ساعة
تصميم,https://khamsat.com/designing,تصميم UI/UX,https://khamsat.com/designing/uiux-design,تصميم واجهات Ui/Ux لتطبيقات الموبايل,https://khamsat.com/designing/uiux-design/1674858-%D8%AA%D8%B5%D9%85%D9%8A%D9%85-%D9%88%D8%A7%D8%AC%D9%87%D8%A7%D8%AA-uiux-%D9%84%D8%AA%D8%B7%D8%A8%D9%8A%D9%82%D8%A7%D8%AA-%D8%A7%D9%84%D9%85%D9%88%D8%A8%D8%A7%D9%8A%D9%84,5.0,55,ساعتين,60,0,$10.00,يومين,25,4,65.0,آية م.,https://khamsat.com/user/aya_maher4,True,بائع مميز,5.0,61,99.54%,2,67,ساعة
تصميم,https://khamsat.com/designing,تصميم UI/UX,https://khamsat.com/designing/uiux-design,تصميم واجهات مواقع وتطبيقات الكترونية ui &ux,https://khamsat.com/designing/uiux-design/2332489-%D8%AA%D8%B5%D9%85%D9%8A%D9%85-%D9%88%D8%A7%D8%AC%D9%87%D8%A7%D8%AA-%D9%85%D9%88%D8%A7%D9%82%D8%B9-%D9%88%D8%AA%D8%B7%D8%A8%D9%8A%D9%82%D8%A7%D8%AA-%D8%A7%D9%84%D9%83%D8%AA%D8%B1%D9%88%D9%86%D9%8A%D8%A9-ui-ux,4.5,24,10 ساعات,28,0,$10.00,يومين,24,4,140.0,.Shatha A,https://khamsat.com/user/shathaalkadri,True,بائع مميز,4.5,35,96.97%,7,34,4 ساعات
تصميم,https://khamsat.com/designing,تصميم UI/UX,https://khamsat.com/designing/uiux-design,تصميم-واجهات-و-تجربة-مستخدم-uxui,https://khamsat.com/designing/uiux-design/2429380-%D8%AA%D8%B5%D9%85%D9%8A%D9%85-%D9%88%D8%A7%D8%AC%D9%87%D8%A7%D8%AA-%D9%88-%D8%AA%D8%AC%D8%B1%D8%A8%D8%A9-%D9%85%D8%B3%D8%AA%D8%AE%D8%AF%D9%85-uxui,5.0,3,47 دقيقة,5,0,$10.00,يوم واحد,3,3,65.0,هداية أ.,https://khamsat.com/user/hedayaabukmail,True,بائع مميز,4.5,39,86.61%,7,48,ساعة
تصميم,https://khamsat.com/designing,تصميم UI/UX,https://khamsat.com/designing/uiux-design,تصميم واجهات مستخدم UI UX مذهلة لتطبيقات الmobile او الweb,https://khamsat.com/designing/uiux-design/2936587-%D8%AA%D8%B5%D9%85%D9%8A%D9%85-%D9%88%D8%A7%D8%AC%D9%87%D8%A7%D8%AA-%D9%85%D8%B3%D8%AA%D8%AE%D8%AF%D9%85-ui-ux-%D9%85%D8%B0%D9%87%D9%84%D8%A9-%D9%84%D8%AA%D8%B7%D8%A8%D9%8A%D9%82%D8%A7%D8%AA-%D8%A7%D9%84mobile-%D8%A7%D9%88-%D8%A7%D9%84web,5.0,3,10 ساعات,3,0,$5.00,يوم واحد,3,3,40.0,.Mayar M,https://khamsat.com/user/mayar2310,True,بائع نشيط,5.0,3,100.0%,1,3,10 ساعات
تصميم,https://khamsat.com/designing,تصميم UI/UX,https://khamsat.com/designing/uiux-design,تصميم واجهات و تجربة مستخدم UX UI,https://khamsat.com/designing/uiux-design/2047879-%D8%AA%D8%B5%D9%85%D9%8A%D9%85-%D9%88%D8%A7%D8%AC%D9%87%D8%A7%D8%AA-%D9%88-%D8%AA%D8%AC%D8%B1%D8%A8%D8%A9-%D9%85%D8%B3%D8%AA%D8%AE%D8%AF%D9%85-ux-ui,5.0,5,ساعة,8,0,$25.00,أربعة أيام,5,5,215.0,رامي ع.,https://khamsat.com/user/rida_elmily,True,بائع مميز,5.0,7,97.75%,3,10,ساعتين
تصميم,https://khamsat.com/designing,تصميم UI/UX,https://khamsat.com/designing/uiux-design,تصميم تجربة المستخدم لتطبيقات الجوال بستخدام adobe xd,https://khamsat.com/designing/uiux-design/2371794-%D8%AA%D8%B5%D9%85%D9%8A%D9%85-%D8%AA%D8%AC%D8%B1%D8%A8%D8%A9-%D8%A7%D9%84%D9%85%D8%B3%D8%AA%D8%AE%D8%AF%D9%85-%D9%84%D8%AA%D8%B7%D8%A8%D9%8A%D9%82%D8%A7%D8%AA-%D8%A7%D9%84%D8%AC%D9%88%D8%A7%D9%84-%D8%A8%D8%B3%D8%AA%D8%AE%D8%AF%D8%A7%D9%85-adobe-xd,4.5,4,12 ساعة,7,0,$10.00,يوم واحد,4,3,100.0,مصطفى م.,https://khamsat.com/user/mostafaega,True,بائع نشيط,4.5,6,79.17%,2,9,6 ساعات
تصميم,https://khamsat.com/designing,تصميم UI/UX,https://khamsat.com/designing/uiux-design,تصميم واجهات باستخدام Figma لأنظمة الويب والإدارية,https://khamsat.com/designing/uiux-design/3023797-%D8%AA%D8%B5%D9%85%D9%8A%D9%85-%D9%88%D8%A7%D8%AC%D9%87%D8%A7%D8%AA-%D8%A8%D8%A7%D8%B3%D8%AA%D8%AE%D8%AF%D8%A7%D9%85-figma-%D9%84%D8%A3%D9%86%D8%B8%D9%85%D8%A9-%D8%A7%D9%84%D9%88%D9%8A%D8%A8-%D9%88%D8%A7%D9%84%D8%A5%D8%AF%D8%A7%D8%B1%D9%8A%D8%A9,5.0,1,دقيقتين,1,0,$10.00,أسبوع,1,0,0.0,.Qamar Khodr Al Khafor K,https://khamsat.com/user/qamareng,True,بائع جديد,5.0,2,80.0%,2,1,13 دقيقة
تصميم,https://khamsat.com/designing,تصميم UI/UX,https://khamsat.com/designing/uiux-design,تصميم واجهة مستخدم لموقع UI UX,https://khamsat.com/designing/uiux-design/2803878-%D8%AA%D8%B5%D9%85%D9%8A%D9%85-%D9%88%D8%A7%D8%AC%D9%87%D8%A9-%D9%85%D8%B3%D8%AA%D8%AE%D8%AF%D9%85-%D9%84%D9%85%D9%88%D9%82%D8%B9-ui-ux,5.0,5,5 أيام,9,0,$5.00,يوم واحد,5,2,15.0,.Abdullah E,https://khamsat.com/user/abdullahelhadad205,True,بائع نشيط,5.0,6,95.0%,4,9,يومين
تصميم,https://khamsat.com/designing,تصميم UI/UX,https://khamsat.com/designing/uiux-design,تصميم UXUI لموقعك او تطبيقك,https://khamsat.com/designing/uiux-design/2547603-%D8%AA%D8%B5%D9%85%D9%8A%D9%85-uxui-%D9%84%D9%85%D9%88%D9%82%D8%B9%D9%83-%D8%A7%D9%88-%D8%AA%D8%B7%D8%A8%D9%8A%D9%82%D9%83,4.5,4,21 ساعة,4,0,$5.00,خمسة أيام,4,3,40.0,.Yehya B,https://khamsat.com/user/yehya_baroud,True,بائع جديد,4.5,4,66.67%,2,4,21 ساعة
تصميم,https://khamsat.com/designing,تصميم UI/UX,https://khamsat.com/designing/uiux-design,تصميم وتحليل واجهات احترافية UX/UI لخدمة - Web & App,https://khamsat.com/designing/uiux-design/2939124-%D8%AA%D8%B5%D9%85%D9%8A%D9%85-%D9%88%D8%AA%D8%AD%D9%84%D9%8A%D9%84-%D9%88%D8%A7%D8%AC%D9%87%D8%A7%D8%AA-%D8%A7%D8%AD%D8%AA%D8%B1%D8%A7%D9%81%D9%8A%D8%A9-uxui-%D9%84%D8%AE%D8%AF%D9%85%D8%A9-web-app,5.0,1,3 دقائق,1,0,$10.00,يوم واحد,1,5,120.0,.Alaa Eddin S,https://khamsat.com/user/alaasalem2002,True,بائع جديد,5.0,1,100.0%,1,1,3 دقائق
تصميم,https://khamsat.com/designing,تصميم UI/UX,https://khamsat.com/designing/uiux-design,تصميم واجهات التطبيقات والمواقع باستخدام adope xd او figma,https://khamsat.com/designing/uiux-design/2834900-%D8%AA%D8%B5%D9%85%D9%8A%D9%85-%D9%88%D8%A7%D8%AC%D9%87%D8%A7%D8%AA-%D8%A7%D9%84%D8%AA%D8%B7%D8%A8%D9%8A%D9%82%D8%A7%D8%AA-%D9%88%D8%A7%D9%84%D9%85%D9%88%D8%A7%D9%82%D8%B9-%D8%A8%D8%A7%D8%B3%D8%AA%D8%AE%D8%AF%D8%A7%D9%85-adope-xd-%D8%A7%D9%88-figma,5.0,9,59 دقيقة,14,0,$5.00,يوم واحد,9,5,95.0,.Mahmoud M,https://khamsat.com/user/mahmoudatia7,True,بائع نشيط,5.0,19,97.83%,3,22,ساعة
تصميم,https://khamsat.com/designing,تصميم UI/UX,https://khamsat.com/designing/uiux-design,تحليل و تصميم تجربة مستخدم UX/UI سواء ويب/ موبايل,https://khamsat.com/designing/uiux-design/1145654-%D8%AA%D8%AD%D9%84%D9%8A%D9%84-%D9%88-%D8%AA%D8%B5%D9%85%D9%8A%D9%85-%D8%AA%D8%AC%D8%B1%D8%A8%D8%A9-%D9%85%D8%B3%D8%AA%D8%AE%D8%AF%D9%85-uxui-%D8%B3%D9%88%D8%A7%D8%A1-%D9%88%D9%8A%D8%A8-%D9%85%D9%88%D8%A8%D8%A7%D9%8A%D9%84,5.0,7,يوم,8,0,$10.00,يومين,7,5,175.0,.Abeer B,https://khamsat.com/user/abeerbasala,True,بائع نشيط,5.0,10,83.87%,3,11,13 ساعة
تصميم,https://khamsat.com/designing,تصميم UI/UX,https://khamsat.com/designing/uiux-design,تصميم واجهة تطبيقات Ui للاندرويد و الأيفون,https://khamsat.com/designing/uiux-design/2988186-%D8%AA%D8%B5%D9%85%D9%8A%D9%85-%D9%88%D8%A7%D8%AC%D9%87%D8%A9-%D8%AA%D8%B7%D8%A8%D9%8A%D9%82%D8%A7%D8%AA-ui-%D9%84%D9%84%D8%A7%D9%86%D8%AF%D8%B1%D9%88%D9%8A%D8%AF-%D9%88-%D8%A7%D9%84%D8%A3%D9%8A%D9%81%D9%88%D9%86,0.0,0,لم يحسب,1,0,$5.00,يوم واحد,0,0,0.0,.Mohamed E,https://khamsat.com/user/mohamed2wael,True,بائع جديد,0.0,0,66.67%,3,1,ساعة
تصميم,https://khamsat.com/designing,تصميم UI/UX,https://khamsat.com/designing/uiux-design,تصميم واجهة المستخدم UI\UX,https://khamsat.com/designing/uiux-design/2895157-%D8%AA%D8%B5%D9%85%D9%8A%D9%85-%D9%88%D8%A7%D8%AC%D9%87%D8%A9-%D8%A7%D9%84%D9%85%D8%B3%D8%AA%D8%AE%D8%AF%D9%85-uiux,4.5,3,44 دقيقة,3,0,$10.00,أسبوع,3,4,125.0,.Houda N,https://khamsat.com/user/huda_97n,True,بائع جديد,4.5,3,100.0%,4,3,44 دقيقة
تصميم,https://khamsat.com/designing,تصميم UI/UX,https://khamsat.com/designing/uiux-design,تصميم واجهات مستخدم احترافية لتطبيقك او موقعك الإلكتروني .,https://khamsat.com/designing/uiux-design/2393804-%D8%AA%D8%B5%D9%85%D9%8A%D9%85-%D9%88%D8%A7%D8%AC%D9%87%D8%A7%D8%AA-%D9%85%D8%B3%D8%AA%D8%AE%D8%AF%D9%85-%D8%A7%D8%AD%D8%AA%D8%B1%D8%A7%D9%81%D9%8A%D8%A9-%D9%84%D8%AA%D8%B7%D8%A8%D9%8A%D9%82%D9%83-%D8%A7%D9%88-%D9%85%D9%88%D9%82%D8%B9%D9%83-%D8%A7%D9%84%D8%A5%D9%84%D9%83%D8%AA%D8%B1%D9%88%D9%86%D9%8A-,5.0,5,29 دقيقة,5,0,$5.00,يوم واحد,5,5,180.0,محمد ش.,https://khamsat.com/user/moohammed_shaheen,True,بائع نشيط,5.0,10,92.0%,3,11,5 ساعات
تصميم,https://khamsat.com/designing,تصميم UI/UX,https://khamsat.com/designing/uiux-design,تصميم واجهات تطبيقات ومواقع ويب UI.UX على Figma و Adobe Xd,https://khamsat.com/designing/uiux-design/1236476-%D8%AA%D8%B5%D9%85%D9%8A%D9%85-%D9%88%D8%A7%D8%AC%D9%87%D8%A7%D8%AA-%D8%AA%D8%B7%D8%A8%D9%8A%D9%82%D8%A7%D8%AA-%D9%88%D9%85%D9%88%D8%A7%D9%82%D8%B9-%D9%88%D9%8A%D8%A8-ui.ux-%D8%B9%D9%84%D9%89-figma-%D9%88-adobe-xd,4.5,59,4 ساعات,76,0,$10.00,يومين,25,5,145.0,.Hamilton D,https://khamsat.com/user/hamza7darwesh,True,بائع مميز,4.5,81,90.31%,2,92,ساعتين
تصميم,https://khamsat.com/designing,تصميم UI/UX,https://khamsat.com/designing/uiux-design,تصميم تجربة وواجهة المستخدم UI/UX (ويب + تطبيقات) احترافي,https://khamsat.com/designing/uiux-design/2535386-%D8%AA%D8%B5%D9%85%D9%8A%D9%85-%D8%AA%D8%AC%D8%B1%D8%A8%D8%A9-%D9%88%D9%88%D8%A7%D8%AC%D9%87%D8%A9-%D8%A7%D9%84%D9%85%D8%B3%D8%AA%D8%AE%D8%AF%D9%85-uiux-%D9%88%D9%8A%D8%A8-%D8%AA%D8%B7%D8%A8%D9%8A%D9%82%D8%A7%D8%AA-%D8%A7%D8%AD%D8%AA%D8%B1%D8%A7%D9%81%D9%8A,5.0,3,8 دقائق,4,0,$10.00,يومين,3,2,105.0,هدى ش.,https://khamsat.com/user/huda_sh_19,True,بائع جديد,5.0,5,85.71%,5,5,33 دقيقة
تصميم,https://khamsat.com/designing,تصميم UI/UX,https://khamsat.com/designing/uiux-design,تصميم واجهة المستخدم UI / UX Design,https://khamsat.com/designing/uiux-design/2958208-%D8%AA%D8%B5%D9%85%D9%8A%D9%85-%D9%88%D8%A7%D8%AC%D9%87%D8%A9-%D8%A7%D9%84%D9%85%D8%B3%D8%AA%D8%AE%D8%AF%D9%85-ui-ux-design,5.0,6,يوم,7,0,$5.00,يوم واحد,6,3,15.0,.Hamza K,https://khamsat.com/user/hamza_ui,True,بائع نشيط,5.0,6,62.5%,2,7,يوم
تصميم,https://khamsat.com/designing,تصميم UI/UX,https://khamsat.com/designing/uiux-design,تصميم وجهات mobile App web احترفية UI/UX design,https://khamsat.com/designing/uiux-design/2866693-%D8%AA%D8%B5%D9%85%D9%8A%D9%85-%D9%88%D8%AC%D9%87%D8%A7%D8%AA-mobile-app-web-%D8%A7%D8%AD%D8%AA%D8%B1%D9%81%D9%8A%D8%A9-uiux-design,5.0,2,ساعة,3,0,$5.00,يوم واحد,2,3,45.0,.Esraa H,https://khamsat.com/user/esraa_hassan79,True,بائع جديد,5.0,2,100.0%,1,3,ساعة
تصميم,https://khamsat.com/designing,تصميم UI/UX,https://khamsat.com/designing/uiux-design,"تصميم واجهة مستخدم "" أندرويد / أيفون / ويب """,https://khamsat.com/designing/uiux-design/2572325-%D8%AA%D8%B5%D9%85%D9%8A%D9%85-%D9%88%D8%A7%D8%AC%D9%87%D8%A9-%D9%85%D8%B3%D8%AA%D8%AE%D8%AF%D9%85-%D8%A3%D9%86%D8%AF%D8%B1%D9%88%D9%8A%D8%AF-%D8%A3%D9%8A%D9%81%D9%88%D9%86-%D9%88%D9%8A%D8%A8,5.0,3,ساعتين,3,0,$10.00,خمسة أيام,3,2,35.0,.Mahmoud E,https://khamsat.com/user/mahmoud_elsa3y,True,بائع نشيط,5.0,6,93.75%,3,7,ساعتين
تصميم,https://khamsat.com/designing,تصميم UI/UX,https://khamsat.com/designing/uiux-design,Ux Ui design تصميم واجهات مستخدم,https://khamsat.com/designing/uiux-design/2782194-ux-ui-design-%D8%AA%D8%B5%D9%85%D9%8A%D9%85-%D9%88%D8%A7%D8%AC%D9%87%D8%A7%D8%AA-%D9%85%D8%B3%D8%AA%D8%AE%D8%AF%D9%85,4.5,4,يومين,4,0,$5.00,يوم واحد,4,5,150.0,.Riham H,https://khamsat.com/user/riham_hassan_a,True,بائع نشيط,5.0,12,92.59%,3,11,19 ساعة
تصميم,https://khamsat.com/designing,تصميم UI/UX,https://khamsat.com/designing/uiux-design,سأقوم بتصميم UX UI لتطبيقك وموقعك في فيجما بشكل احترافي,https://khamsat.com/designing/uiux-design/2876198-%D8%B3%D8%A3%D9%82%D9%88%D9%85-%D8%A8%D8%AA%D8%B5%D9%85%D9%8A%D9%85-ux-ui-%D9%84%D8%AA%D8%B7%D8%A8%D9%8A%D9%82%D9%83-%D9%88%D9%85%D9%88%D9%82%D8%B9%D9%83-%D9%81%D9%8A-%D9%81%D9%8A%D8%AC%D9%85%D8%A7-%D8%A8%D8%B4%D9%83%D9%84-%D8%A7%D8%AD%D8%AA%D8%B1%D8%A7%D9%81%D9%8A,4.5,4,7 دقائق,4,0,$10.00,يوم واحد,4,4,30.0,.Ahmed F,https://khamsat.com/user/ahmedfadaly1,True,بائع جديد,4.5,4,100.0%,2,4,7 دقائق
تصميم,https://khamsat.com/designing,تصميم UI/UX,https://khamsat.com/designing/uiux-design,تصميم واجهة تطبيق اندرويد او ايفون او موقع ويب على Figma,https://khamsat.com/designing/uiux-design/2744656-%D8%AA%D8%B5%D9%85%D9%8A%D9%85-%D9%88%D8%A7%D8%AC%D9%87%D8%A9-%D8%AA%D8%B7%D8%A8%D9%8A%D9%82-%D8%A7%D9%86%D8%AF%D8%B1%D9%88%D9%8A%D8%AF-%D8%A7%D9%88-%D8%A7%D9%8A%D9%81%D9%88%D9%86-%D8%A7%D9%88-%D9%85%D9%88%D9%82%D8%B9-%D9%88%D9%8A%D8%A8-%D8%B9%D9%84%D9%89-figma,5.0,8,15 دقيقة,7,0,$5.00,يوم واحد,8,3,55.0,.Fatma A,https://khamsat.com/user/fatema_200,True,بائع نشيط,5.0,9,80.95%,1,8,42 دقيقة
تصميم,https://khamsat.com/designing,تصميم UI/UX,https://khamsat.com/designing/uiux-design,تصميم واجهة مستخدم جذابة وتفاعلية لتطبيقك,https://khamsat.com/designing/uiux-design/2792901-%D8%AA%D8%B5%D9%85%D9%8A%D9%85-%D9%88%D8%A7%D8%AC%D9%87%D8%A9-%D9%85%D8%B3%D8%AA%D8%AE%D8%AF%D9%85-%D8%AC%D8%B0%D8%A7%D8%A8%D8%A9-%D9%88%D8%AA%D9%81%D8%A7%D8%B9%D9%84%D9%8A%D8%A9-%D9%84%D8%AA%D8%B7%D8%A8%D9%8A%D9%82%D9%83,5.0,2,ساعتين,2,0,$10.00,يوم واحد,2,5,340.0,.Mohamed A,https://khamsat.com/user/mohamedaffara,True,بائع جديد,5.0,2,100.0%,1,2,ساعتين
تصميم,https://khamsat.com/designing,تصميم UI/UX,https://khamsat.com/designing/uiux-design,تصميم واجهات المواقع والتطبيقات باستخدام figma,https://khamsat.com/designing/uiux-design/2873657-%D8%AA%D8%B5%D9%85%D9%8A%D9%85-%D9%88%D8%A7%D8%AC%D9%87%D8%A7%D8%AA-%D8%A7%D9%84%D9%85%D9%88%D8%A7%D9%82%D8%B9-%D9%88%D8%A7%D9%84%D8%AA%D8%B7%D8%A8%D9%8A%D9%82%D8%A7%D8%AA-%D8%A8%D8%A7%D8%B3%D8%AA%D8%AE%D8%AF%D8%A7%D9%85-figma,5.0,1,ساعة,1,0,$10.00,يوم واحد,1,3,20.0,أحمد أمين بوحجر ا.,https://khamsat.com/user/elakkermi,True,بائع نشيط,5.0,7,91.67%,4,6,ساعتين
تصميم,https://khamsat.com/designing,تصميم UI/UX,https://khamsat.com/designing/uiux-design,تصميم واجهات مستخدم مذهلة لتطبيقات الهواتف المحمولة بمهارات,https://khamsat.com/designing/uiux-design/2871919-%D8%AA%D8%B5%D9%85%D9%8A%D9%85-%D9%88%D8%A7%D8%AC%D9%87%D8%A7%D8%AA-%D9%85%D8%B3%D8%AA%D8%AE%D8%AF%D9%85-%D9%85%D8%B0%D9%87%D9%84%D8%A9-%D9%84%D8%AA%D8%B7%D8%A8%D9%8A%D9%82%D8%A7%D8%AA-%D8%A7%D9%84%D9%87%D9%88%D8%A7%D8%AA%D9%81-%D8%A7%D9%84%D9%85%D8%AD%D9%85%D9%88%D9%84%D8%A9-%D8%A8%D9%85%D9%87%D8%A7%D8%B1%D8%A7%D8%AA,4.5,5,ساعتين,6,0,$5.00,يومين,5,1,100.0,.Mohamed A,https://khamsat.com/user/kingfredrick,True,بائع نشيط,4.5,7,86.49%,7,7,11 ساعة
تصميم,https://khamsat.com/designing,تصميم UI/UX,https://khamsat.com/designing/uiux-design,تصميم واجهات الموبايل ويب داش بورد صفحات الهبوط,https://khamsat.com/designing/uiux-design/2628796-%D8%AA%D8%B5%D9%85%D9%8A%D9%85-%D9%88%D8%A7%D8%AC%D9%87%D8%A7%D8%AA-%D8%A7%D9%84%D9%85%D9%88%D8%A8%D8%A7%D9%8A%D9%84-%D9%88%D9%8A%D8%A8-%D8%AF%D8%A7%D8%B4-%D8%A8%D9%88%D8%B1%D8%AF-%D8%B5%D9%81%D8%AD%D8%A7%D8%AA-%D8%A7%D9%84%D9%87%D8%A8%D9%88%D8%B7,5.0,1,دقيقتين,1,0,$5.00,يومين,1,5,155.0,.Eman K,https://khamsat.com/user/eman_keheil,True,بائع جديد,5.0,1,100.0%,1,1,دقيقتين
تصميم,https://khamsat.com/designing,تصميم UI/UX,https://khamsat.com/designing/uiux-design,تصميم تجربة مستخدم وواجهة تطبيق أو موقع باستخدام فيغما UX/UI,https://khamsat.com/designing/uiux-design/2805169-%D8%AA%D8%B5%D9%85%D9%8A%D9%85-%D8%AA%D8%AC%D8%B1%D8%A8%D8%A9-%D9%85%D8%B3%D8%AA%D8%AE%D8%AF%D9%85-%D9%88%D9%88%D8%A7%D8%AC%D9%87%D8%A9-%D8%AA%D8%B7%D8%A8%D9%8A%D9%82-%D8%A3%D9%88-%D9%85%D9%88%D9%82%D8%B9-%D8%A8%D8%A7%D8%B3%D8%AA%D8%AE%D8%AF%D8%A7%D9%85-%D9%81%D9%8A%D8%BA%D9%85%D8%A7-uxui,0.0,0,10 ساعات,1,0,$5.00,يوم واحد,0,5,130.0,لبنى ا.,https://khamsat.com/user/lubna2022,True,بائع مميز,5.0,13,96.15%,6,15,4 ساعات
تصميم,https://khamsat.com/designing,تصميم أيقونات,https://khamsat.com/designing/icon-design,تصميم ايقونات للويب والموبايل ابليكيشن,https://khamsat.com/designing/icon-design/1079077-%D8%AA%D8%B5%D9%85%D9%8A%D9%85-%D8%A7%D9%8A%D9%82%D9%88%D9%86%D8%A7%D8%AA-%D9%84%D9%84%D9%88%D9%8A%D8%A8-%D9%88%D8%A7%D9%84%D9%85%D9%88%D8%A8%D8%A7%D9%8A%D9%84-%D8%A7%D8%A8%D9%84%D9%8A%D9%83%D9%8A%D8%B4%D9%86,4.5,24,6 ساعات,34,0,$5.00,يومين,24,5,50.0,.Mostafa M,https://khamsat.com/user/maans,True,بائع مميز,4.5,24,89.29%,2,34,4 ساعات
تصميم,https://khamsat.com/designing,تصميم أيقونات,https://khamsat.com/designing/icon-design,تصميم أيقونات بسيطة وحديثة,https://khamsat.com/designing/icon-design/2955688-%D8%AA%D8%B5%D9%85%D9%8A%D9%85-%D8%A3%D9%8A%D9%82%D9%88%D9%86%D8%A7%D8%AA-%D8%A8%D8%B3%D9%8A%D8%B7%D8%A9-%D9%88%D8%AD%D8%AF%D9%8A%D8%AB%D8%A9,5.0,2,4 ساعات,2,0,$5.00,يومين,2,4,50.0,شكير ب.,https://khamsat.com/user/chakir1994,True,بائع جديد,5.0,3,100.0%,3,2,ساعتين
تصميم,https://khamsat.com/designing,تصميم أيقونات,https://khamsat.com/designing/icon-design,تصميم هايلايت انستغرام highlight احترافي,https://khamsat.com/designing/icon-design/2816281-%D8%AA%D8%B5%D9%85%D9%8A%D9%85-%D9%87%D8%A7%D9%8A%D9%84%D8%A7%D9%8A%D8%AA-%D8%A7%D9%86%D8%B3%D8%AA%D8%BA%D8%B1%D8%A7%D9%85-highlight-%D8%A7%D8%AD%D8%AA%D8%B1%D8%A7%D9%81%D9%8A,4.5,6,8 ساعات,8,0,$5.00,يوم واحد,6,5,45.0,.Mariam A,https://khamsat.com/user/mariamahmed116,True,بائع جديد,4.5,6,100.0%,4,8,8 ساعات
تصميم,https://khamsat.com/designing,تصميم أيقونات,https://khamsat.com/designing/icon-design,تصميم ايقونات هايلات انستقرام مميزة وجذابة,https://khamsat.com/designing/icon-design/2277647-%D8%AA%D8%B5%D9%85%D9%8A%D9%85-%D8%A7%D9%8A%D9%82%D9%88%D9%86%D8%A7%D8%AA-%D9%87%D8%A7%D9%8A%D9%84%D8%A7%D8%AA-%D8%A7%D9%86%D8%B3%D8%AA%D9%82%D8%B1%D8%A7%D9%85-%D9%85%D9%85%D9%8A%D8%B2%D8%A9-%D9%88%D8%AC%D8%B0%D8%A7%D8%A8%D8%A9,4.5,8,4 ساعات,12,0,$10.00,يوم واحد,8,2,35.0,حمزة أ.,https://khamsat.com/user/designer_2020,True,بائع نشيط,4.5,9,89.47%,1,14,ساعة
تصميم,https://khamsat.com/designing,تصميم أيقونات,https://khamsat.com/designing/icon-design,تصميم ايقونات موشن جرافيك,https://khamsat.com/designing/icon-design/2892412-%D8%AA%D8%B5%D9%85%D9%8A%D9%85-%D8%A7%D9%8A%D9%82%D9%88%D9%86%D8%A7%D8%AA-%D9%85%D9%88%D8%B4%D9%86-%D8%AC%D8%B1%D8%A7%D9%81%D9%8A%D9%83,5.0,1,ساعة,2,0,$5.00,يوم واحد,1,4,70.0,.Aslan A,https://khamsat.com/user/aslann,False,بائع جديد,5.0,2,75.0%,1,2,ساعتين
تصميم,https://khamsat.com/designing,تصميم أيقونات,https://khamsat.com/designing/icon-design,تصميم هايلايت انستغرام highlight بشكل احترافي ومميز,https://khamsat.com/designing/icon-design/2543491-%D8%AA%D8%B5%D9%85%D9%8A%D9%85-%D9%87%D8%A7%D9%8A%D9%84%D8%A7%D9%8A%D8%AA-%D8%A7%D9%86%D8%B3%D8%AA%D8%BA%D8%B1%D8%A7%D9%85-highlight-%D8%A8%D8%B4%D9%83%D9%84-%D8%A7%D8%AD%D8%AA%D8%B1%D8%A7%D9%81%D9%8A-%D9%88%D9%85%D9%85%D9%8A%D8%B2,5.0,5,ساعة,6,0,$10.00,يومين,5,5,30.0,ابوبكر الصديق س.,https://khamsat.com/user/sab_design,True,بائع جديد,5.0,5,100.0%,1,6,ساعة
تصميم,https://khamsat.com/designing,تصميم أيقونات,https://khamsat.com/designing/icon-design,تصميم ايقونات هاي لايت انستقرام احترافية ومميزة,https://khamsat.com/designing/icon-design/2531514-%D8%AA%D8%B5%D9%85%D9%8A%D9%85-%D8%A7%D9%8A%D9%82%D9%88%D9%86%D8%A7%D8%AA-%D9%87%D8%A7%D9%8A-%D9%84%D8%A7%D9%8A%D8%AA-%D8%A7%D9%86%D8%B3%D8%AA%D9%82%D8%B1%D8%A7%D9%85-%D8%A7%D8%AD%D8%AA%D8%B1%D8%A7%D9%81%D9%8A%D8%A9-%D9%88%D9%85%D9%85%D9%8A%D8%B2%D8%A9,5.0,3,4 ساعات,4,0,$10.00,يومين,3,3,25.0,نادية ب.,https://khamsat.com/user/%D9%86%D8%A7%D8%AF%D9%8A%D8%A9-%D8%A8%D8%A7%D9%82%D9%8A,True,بائع مميز,4.5,122,94.33%,17,135,ساعة
تصميم,https://khamsat.com/designing,تصميم أيقونات,https://khamsat.com/designing/icon-design,ايقونات عصرية (ICONS),https://khamsat.com/designing/icon-design/1206414-%D8%A7%D9%8A%D9%82%D9%88%D9%86%D8%A7%D8%AA-%D8%B9%D8%B5%D8%B1%D9%8A%D8%A9-icons,4.5,11,16 ساعة,13,0,$10.00,يومين,11,5,55.0,.Abdelaaziz A,https://khamsat.com/user/amayaziz,True,بائع نشيط,4.5,11,80.77%,1,13,8 ساعات
تصميم,https://khamsat.com/designing,تصميم أيقونات,https://khamsat.com/designing/icon-design,تصميم ايقونة مدهشة للتطبيقك تصميمين احترافيين,https://khamsat.com/designing/icon-design/804885-%D8%AA%D8%B5%D9%85%D9%8A%D9%85-%D8%A7%D9%8A%D9%82%D9%88%D9%86%D8%A9-%D9%85%D8%AF%D9%87%D8%B4%D8%A9-%D9%84%D9%84%D8%AA%D8%B7%D8%A8%D9%8A%D9%82%D9%83-%D8%AA%D8%B5%D9%85%D9%8A%D9%85%D9%8A%D9%86-%D8%A7%D8%AD%D8%AA%D8%B1%D8%A7%D9%81%D9%8A%D9%8A%D9%86,5.0,25,يومين,37,0,$5.00,يوم واحد,25,1,20.0,انور ا.,https://khamsat.com/user/anoiar-azo,True,بائع مميز,5.0,34,78.95%,6,45,يوم
تصميم,https://khamsat.com/designing,تصميم أيقونات,https://khamsat.com/designing/icon-design,تصميم الأيقونات بأسلوبك: خدمة تصميم ايقونات للمجلدات,https://khamsat.com/designing/icon-design/2846774-%D8%AA%D8%B5%D9%85%D9%8A%D9%85-%D8%A7%D9%84%D8%A3%D9%8A%D9%82%D9%88%D9%86%D8%A7%D8%AA-%D8%A8%D8%A3%D8%B3%D9%84%D9%88%D8%A8%D9%83-%D8%AE%D8%AF%D9%85%D8%A9-%D8%AA%D8%B5%D9%85%D9%8A%D9%85-%D8%A7%D9%8A%D9%82%D9%88%D9%86%D8%A7%D8%AA-%D9%84%D9%84%D9%85%D8%AC%D9%84%D8%AF%D8%A7%D8%AA,5.0,1,6 دقائق,1,0,$5.00,يوم واحد,1,3,30.0,عبدالرحمن ا.,https://khamsat.com/user/abd_elrahman_lotfy22,True,بائع جديد,5.0,1,100.0%,2,1,6 دقائق
تصميم,https://khamsat.com/designing,تصميم أيقونات,https://khamsat.com/designing/icon-design,تصميم أيقونات هاي لايت بشكل إحترافي ومميز,https://khamsat.com/designing/icon-design/2080013-%D8%AA%D8%B5%D9%85%D9%8A%D9%85-%D8%A3%D9%8A%D9%82%D9%88%D9%86%D8%A7%D8%AA-%D9%87%D8%A7%D9%8A-%D9%84%D8%A7%D9%8A%D8%AA-%D8%A8%D8%B4%D9%83%D9%84-%D8%A5%D8%AD%D8%AA%D8%B1%D8%A7%D9%81%D9%8A-%D9%88%D9%85%D9%85%D9%8A%D8%B2,5.0,8,16 ساعة,11,0,$5.00,يوم واحد,8,4,55.0,.Dawod A,https://khamsat.com/user/dawoad_taha,True,بائع مميز,5.0,122,95.74%,6,142,ساعتين
تصميم,https://khamsat.com/designing,تصميم أيقونات,https://khamsat.com/designing/icon-design,تصميم هايلايت ستوري انستغرام,https://khamsat.com/designing/icon-design/2394208-%D8%AA%D8%B5%D9%85%D9%8A%D9%85-%D9%87%D8%A7%D9%8A%D9%84%D8%A7%D9%8A%D8%AA-%D8%B3%D8%AA%D9%88%D8%B1%D9%8A-%D8%A7%D9%86%D8%B3%D8%AA%D8%BA%D8%B1%D8%A7%D9%85,5.0,2,4 ساعات,4,0,$5.00,يوم واحد,2,1,5.0,محمد ا.,https://khamsat.com/user/tijaniim,True,بائع نشيط,4.5,8,90.0%,5,14,ساعة
تصميم,https://khamsat.com/designing,تصميم أيقونات,https://khamsat.com/designing/icon-design,تصميم ايكونات فريد للويب الطباعه والسوشيال ميديا,https://khamsat.com/designing/icon-design/2906208-%D8%AA%D8%B5%D9%85%D9%8A%D9%85-%D8%A7%D9%8A%D9%83%D9%88%D9%86%D8%A7%D8%AA-%D9%81%D8%B1%D9%8A%D8%AF-%D9%84%D9%84%D9%88%D9%8A%D8%A8-%D8%A7%D9%84%D8%B7%D8%A8%D8%A7%D8%B9%D9%87-%D9%88%D8%A7%D9%84%D8%B3%D9%88%D8%B4%D9%8A%D8%A7%D9%84-%D9%85%D9%8A%D8%AF%D9%8A%D8%A7,0.0,0,لم يحسب,0,0,$5.00,يوم واحد,0,3,20.0,.Yas B,https://khamsat.com/user/yasminebebars,False,بائع جديد,0.0,0,لم يحسب بعد,2,0,لم يحسب
تصميم,https://khamsat.com/designing,تصميم أيقونات,https://khamsat.com/designing/icon-design,تصميم ايقونات ( الويب - ابلكشين - سوشيال ميديا ),https://khamsat.com/designing/icon-design/3020979-%D8%AA%D8%B5%D9%85%D9%8A%D9%85-%D8%A7%D9%8A%D9%82%D9%88%D9%86%D8%A7%D8%AA-%D8%A7%D9%84%D9%88%D9%8A%D8%A8-%D8%A7%D8%A8%D9%84%D9%83%D8%B4%D9%8A%D9%86-%D8%B3%D9%88%D8%B4%D9%8A%D8%A7%D9%84-%D9%85%D9%8A%D8%AF%D9%8A%D8%A7,0.0,0,لم يحسب,0,0,$10.00,يوم واحد,0,0,0.0,رانيا ع.,https://khamsat.com/user/rania_mohseen,True,بائع جديد,0.0,0,لم يحسب بعد,4,0,ساعتين
تصميم,https://khamsat.com/designing,تصميم أيقونات,https://khamsat.com/designing/icon-design,تصميم هايلايت Highlight انستجرام,https://khamsat.com/designing/icon-design/3015277-%D8%AA%D8%B5%D9%85%D9%8A%D9%85-%D9%87%D8%A7%D9%8A%D9%84%D8%A7%D9%8A%D8%AA-highlight-%D8%A7%D9%86%D8%B3%D8%AA%D8%AC%D8%B1%D8%A7%D9%85,0.0,0,لم يحسب,0,0,$5.00,يومين,0,0,0.0,.Abdullah T,https://khamsat.com/user/abdullahalfadani,True,بائع جديد,0.0,0,لم يحسب بعد,1,0,لم يحسب
تصميم,https://khamsat.com/designing,تصميم أيقونات,https://khamsat.com/designing/icon-design,"تصميم أيقونات للتطبيقات و المواقع""web and mobile app. icons""",https://khamsat.com/designing/icon-design/3032483-%D8%AA%D8%B5%D9%85%D9%8A%D9%85-%D8%A3%D9%8A%D9%82%D9%88%D9%86%D8%A7%D8%AA-%D9%84%D9%84%D8%AA%D8%B7%D8%A8%D9%8A%D9%82%D8%A7%D8%AA-%D9%88-%D8%A7%D9%84%D9%85%D9%88%D8%A7%D9%82%D8%B9web-and-mobile-app.-icons,0.0,0,لم يحسب,0,0,$10.00,ثلاثة أيام,0,2,25.0,.Engy A,https://khamsat.com/user/engy_99,False,بائع جديد,0.0,0,لم يحسب بعد,2,0,لم يحسب
تصميم,https://khamsat.com/designing,تصميم أيقونات,https://khamsat.com/designing/icon-design,تصميم ايقونات وهايلايت للانستا,https://khamsat.com/designing/icon-design/3024700-%D8%AA%D8%B5%D9%85%D9%8A%D9%85-%D8%A7%D9%8A%D9%82%D9%88%D9%86%D8%A7%D8%AA-%D9%88%D9%87%D8%A7%D9%8A%D9%84%D8%A7%D9%8A%D8%AA-%D9%84%D9%84%D8%A7%D9%86%D8%B3%D8%AA%D8%A7,0.0,0,لم يحسب,0,0,$5.00,يومين,0,2,10.0,.Wail E,https://khamsat.com/user/wail_ell,False,بائع جديد,0.0,0,لم يحسب بعد,2,0,لم يحسب
تصميم,https://khamsat.com/designing,تصميم أيقونات,https://khamsat.com/designing/icon-design,خدمة تصميم أيقونات مخصصة واحترافية تلبي احتياجاتك,https://khamsat.com/designing/icon-design/2934882-%D8%AE%D8%AF%D9%85%D8%A9-%D8%AA%D8%B5%D9%85%D9%8A%D9%85-%D8%A3%D9%8A%D9%82%D9%88%D9%86%D8%A7%D8%AA-%D9%85%D8%AE%D8%B5%D8%B5%D8%A9-%D9%88%D8%A7%D8%AD%D8%AA%D8%B1%D8%A7%D9%81%D9%8A%D8%A9-%D8%AA%D9%84%D8%A8%D9%8A-%D8%A7%D8%AD%D8%AA%D9%8A%D8%A7%D8%AC%D8%A7%D8%AA%D9%83,0.0,0,لم يحسب,0,0,$5.00,يوم واحد,0,1,5.0,.Oussama S,https://khamsat.com/user/oussdrawing,False,بائع جديد,0.0,0,لم يحسب بعد,1,0,لم يحسب
تصميم,https://khamsat.com/designing,تصميم أيقونات,https://khamsat.com/designing/icon-design,تصميم ايقونات انستقرام لحساب احترافى ومميز,https://khamsat.com/designing/icon-design/1305168-%D8%AA%D8%B5%D9%85%D9%8A%D9%85-%D8%A7%D9%8A%D9%82%D9%88%D9%86%D8%A7%D8%AA-%D8%A7%D9%86%D8%B3%D8%AA%D9%82%D8%B1%D8%A7%D9%85-%D9%84%D8%AD%D8%B3%D8%A7%D8%A8-%D8%A7%D8%AD%D8%AA%D8%B1%D8%A7%D9%81%D9%89-%D9%88%D9%85%D9%85%D9%8A%D8%B2,5.0,24,3 ساعات,31,1,$5.00,يومين,24,2,10.0,.Rana H,https://khamsat.com/user/ranahany,True,بائع مميز,5.0,30,98.82%,6,36,3 ساعات
تصميم,https://khamsat.com/designing,تصميم أيقونات,https://khamsat.com/designing/icon-design,أيقونات سوشل ميديا ثلاثية الأبعاد | 3D Social Media icons,https://khamsat.com/designing/icon-design/3013226-%D8%A3%D9%8A%D9%82%D9%88%D9%86%D8%A7%D8%AA-%D8%B3%D9%88%D8%B4%D9%84-%D9%85%D9%8A%D8%AF%D9%8A%D8%A7-%D8%AB%D9%84%D8%A7%D8%AB%D9%8A%D8%A9-%D8%A7%D9%84%D8%A3%D8%A8%D8%B9%D8%A7%D8%AF-3d-social-media-icons,0.0,0,لم يحسب,0,0,$5.00,يوم واحد,0,0,0.0,.Faihaa A,https://khamsat.com/user/feyha,False,بائع جديد,0.0,0,لم يحسب بعد,1,0,لم يحسب
تصميم,https://khamsat.com/designing,تصميم أيقونات,https://khamsat.com/designing/icon-design,ايقونات مميزة للتطبيقات المواقع مواقع التواصل الاجتماعي,https://khamsat.com/designing/icon-design/2965934-%D8%A7%D9%8A%D9%82%D9%88%D9%86%D8%A7%D8%AA-%D9%85%D9%85%D9%8A%D8%B2%D8%A9-%D9%84%D9%84%D8%AA%D8%B7%D8%A8%D9%8A%D9%82%D8%A7%D8%AA-%D8%A7%D9%84%D9%85%D9%88%D8%A7%D9%82%D8%B9-%D9%85%D9%88%D8%A7%D9%82%D8%B9-%D8%A7%D9%84%D8%AA%D9%88%D8%A7%D8%B5%D9%84-%D8%A7%D9%84%D8%A7%D8%AC%D8%AA%D9%85%D8%A7%D8%B9%D9%8A,0.0,0,لم يحسب,0,0,$10.00,يومين,0,0,0.0,.Sara K,https://khamsat.com/user/sara_nour01,False,بائع جديد,0.0,0,لم يحسب بعد,1,0,لم يحسب
تصميم,https://khamsat.com/designing,تصميم أيقونات,https://khamsat.com/designing/icon-design,تصميم ايقونة تطبيقات والعاب,https://khamsat.com/designing/icon-design/2993110-%D8%AA%D8%B5%D9%85%D9%8A%D9%85-%D8%A7%D9%8A%D9%82%D9%88%D9%86%D8%A9-%D8%AA%D8%B7%D8%A8%D9%8A%D9%82%D8%A7%D8%AA-%D9%88%D8%A7%D9%84%D8%B9%D8%A7%D8%A8,0.0,0,لم يحسب,0,0,$5.00,يوم واحد,0,3,35.0,.Abderahmane Z,https://khamsat.com/user/zizine,False,بائع جديد,0.0,0,لم يحسب بعد,5,0,لم يحسب
تصميم,https://khamsat.com/designing,تصميم أيقونات,https://khamsat.com/designing/icon-design,تصميم ايقونات انستجرام مميزة ومبتكرة,https://khamsat.com/designing/icon-design/2957852-%D8%AA%D8%B5%D9%85%D9%8A%D9%85-%D8%A7%D9%8A%D9%82%D9%88%D9%86%D8%A7%D8%AA-%D8%A7%D9%86%D8%B3%D8%AA%D8%AC%D8%B1%D8%A7%D9%85-%D9%85%D9%85%D9%8A%D8%B2%D8%A9-%D9%88%D9%85%D8%A8%D8%AA%D9%83%D8%B1%D8%A9,0.0,0,لم يحسب,0,0,$10.00,يوم واحد,0,1,15.0,.Mohamed K,https://khamsat.com/user/mahamad_khamis,True,بائع جديد,0.0,0,لم يحسب بعد,3,0,لم يحسب
تصميم,https://khamsat.com/designing,تصميم أيقونات,https://khamsat.com/designing/icon-design,تصميم ايقونات ورسومات احترافية ثلاثية الأبعاد 3D Graphics,https://khamsat.com/designing/icon-design/2982055-%D8%AA%D8%B5%D9%85%D9%8A%D9%85-%D8%A7%D9%8A%D9%82%D9%88%D9%86%D8%A7%D8%AA-%D9%88%D8%B1%D8%B3%D9%88%D9%85%D8%A7%D8%AA-%D8%A7%D8%AD%D8%AA%D8%B1%D8%A7%D9%81%D9%8A%D8%A9-%D8%AB%D9%84%D8%A7%D8%AB%D9%8A%D8%A9-%D8%A7%D9%84%D8%A3%D8%A8%D8%B9%D8%A7%D8%AF-3d-graphics,0.0,0,لم يحسب,0,0,$5.00,يوم واحد,0,2,10.0,.Nour E,https://khamsat.com/user/eng_nourelprpry,True,بائع جديد,0.0,0,لم يحسب بعد,1,0,لم يحسب
تصميم,https://khamsat.com/designing,تصميم أيقونات,https://khamsat.com/designing/icon-design,تصميم شعارات في اي من المجالات,https://khamsat.com/designing/icon-design/3014613-%D8%AA%D8%B5%D9%85%D9%8A%D9%85-%D8%B4%D8%B9%D8%A7%D8%B1%D8%A7%D8%AA-%D9%81%D9%8A-%D8%A7%D9%8A-%D9%85%D9%86-%D8%A7%D9%84%D9%85%D8%AC%D8%A7%D9%84%D8%A7%D8%AA,0.0,0,لم يحسب,0,0,$5.00,يوم واحد,0,2,35.0,أحمد ب.,https://khamsat.com/user/axp_007,False,بائع جديد,0.0,0,لم يحسب بعد,1,0,لم يحسب
تصميم,https://khamsat.com/designing,تصميم أيقونات,https://khamsat.com/designing/icon-design,تصميم ايقونات للمطبوعات ومواقع التواصل الاجتماعي,https://khamsat.com/designing/icon-design/2892288-%D8%AA%D8%B5%D9%85%D9%8A%D9%85-%D8%A7%D9%8A%D9%82%D9%88%D9%86%D8%A7%D8%AA-%D9%84%D9%84%D9%85%D8%B7%D8%A8%D9%88%D8%B9%D8%A7%D8%AA-%D9%88%D9%85%D9%88%D8%A7%D9%82%D8%B9-%D8%A7%D9%84%D8%AA%D9%88%D8%A7%D8%B5%D9%84-%D8%A7%D9%84%D8%A7%D8%AC%D8%AA%D9%85%D8%A7%D8%B9%D9%8A,0.0,0,لم يحسب,0,0,$5.00,يوم واحد,0,2,10.0,.Aya A,https://khamsat.com/user/aya_ahmed9899,True,بائع جديد,0.0,0,لم يحسب بعد,5,0,لم يحسب
تصميم,https://khamsat.com/designing,تصميم أيقونات,https://khamsat.com/designing/icon-design,تصميم ايقونات هاتف بشكل احترافي وانيق,https://khamsat.com/designing/icon-design/2908138-%D8%AA%D8%B5%D9%85%D9%8A%D9%85-%D8%A7%D9%8A%D9%82%D9%88%D9%86%D8%A7%D8%AA-%D9%87%D8%A7%D8%AA%D9%81-%D8%A8%D8%B4%D9%83%D9%84-%D8%A7%D8%AD%D8%AA%D8%B1%D8%A7%D9%81%D9%8A-%D9%88%D8%A7%D9%86%D9%8A%D9%82,0.0,0,لم يحسب,0,0,$5.00,يوم واحد,0,0,0.0,.Kunouz A,https://khamsat.com/user/kun_ouz,False,بائع جديد,0.0,0,لم يحسب بعد,1,0,لم يحسب
تصميم,https://khamsat.com/designing,تصميم أيقونات,https://khamsat.com/designing/icon-design,تصميم أيقونات للمواقع و التطبيقات و هايلايت للانستقرام,https://khamsat.com/designing/icon-design/2959367-%D8%AA%D8%B5%D9%85%D9%8A%D9%85-%D8%A3%D9%8A%D9%82%D9%88%D9%86%D8%A7%D8%AA-%D9%84%D9%84%D9%85%D9%88%D8%A7%D9%82%D8%B9-%D9%88-%D8%A7%D9%84%D8%AA%D8%B7%D8%A8%D9%8A%D9%82%D8%A7%D8%AA-%D9%88-%D9%87%D8%A7%D9%8A%D9%84%D8%A7%D9%8A%D8%AA-%D9%84%D9%84%D8%A7%D9%86%D8%B3%D8%AA%D9%82%D8%B1%D8%A7%D9%85,0.0,0,لم يحسب,0,0,$5.00,يومين,0,2,10.0,.Esra E,https://khamsat.com/user/esraaelsayed92,False,بائع جديد,0.0,0,لم يحسب بعد,1,0,لم يحسب
تصميم,https://khamsat.com/designing,تصميم أيقونات,https://khamsat.com/designing/icon-design,تصميم أيقونات فريدة بشكل احترافي,https://khamsat.com/designing/icon-design/2898902-%D8%AA%D8%B5%D9%85%D9%8A%D9%85-%D8%A3%D9%8A%D9%82%D9%88%D9%86%D8%A7%D8%AA-%D9%81%D8%B1%D9%8A%D8%AF%D8%A9-%D8%A8%D8%B4%D9%83%D9%84-%D8%A7%D8%AD%D8%AA%D8%B1%D8%A7%D9%81%D9%8A,0.0,0,لم يحسب,0,0,$5.00,يومين,0,3,20.0,.Oussama A,https://khamsat.com/user/ousala_design,False,بائع جديد,0.0,0,لم يحسب بعد,1,0,لم يحسب
تصميم,https://khamsat.com/designing,تصميم أيقونات,https://khamsat.com/designing/icon-design,تصميم شعارات، بوسترات، أيقونات احترافية، بطاقات أعمال,https://khamsat.com/designing/icon-design/2058651-%D8%AA%D8%B5%D9%85%D9%8A%D9%85-%D8%B4%D8%B9%D8%A7%D8%B1%D8%A7%D8%AA-%D8%A8%D9%88%D8%B3%D8%AA%D8%B1%D8%A7%D8%AA-%D8%A3%D9%8A%D9%82%D9%88%D9%86%D8%A7%D8%AA-%D8%A7%D8%AD%D8%AA%D8%B1%D8%A7%D9%81%D9%8A%D8%A9-%D8%A8%D8%B7%D8%A7%D9%82%D8%A7%D8%AA-%D8%A3%D8%B9%D9%85%D8%A7%D9%84,0.0,0,لم يحسب,0,0,$5.00,يومين,0,4,75.0,.Hala J,https://khamsat.com/user/ha1995,True,بائع جديد,5.0,1,100.0%,2,1,ساعة
تصميم,https://khamsat.com/designing,تصميم شعار,https://khamsat.com/designing/logo-design,تصميم شعار لمشروعك وتسليم الملف القابل للتعديل ملف المصدر,https://khamsat.com/designing/logo-design/2966900-%D8%AA%D8%B5%D9%85%D9%8A%D9%85-%D8%B4%D8%B9%D8%A7%D8%B1-%D9%84%D9%85%D8%B4%D8%B1%D9%88%D8%B9%D9%83-%D9%88%D8%AA%D8%B3%D9%84%D9%8A%D9%85-%D8%A7%D9%84%D9%85%D9%84%D9%81-%D8%A7%D9%84%D9%82%D8%A7%D8%A8%D9%84-%D9%84%D9%84%D8%AA%D8%B9%D8%AF%D9%8A%D9%84-%D9%85%D9%84%D9%81-%D8%A7%D9%84%D9%85%D8%B5%D8%AF%D8%B1,5.0,2,4 ساعات,3,1,$50.00,أربعة أيام,2,2,105.0,وفاء س.,https://khamsat.com/user/wafaa_sisalem,True,بائع مميز,5.0,51,95.96%,8,53,ساعتين
تصميم,https://khamsat.com/designing,تصميم شعار,https://khamsat.com/designing/logo-design,تصميم لوجو احترافي بجودة عالية,https://khamsat.com/designing/logo-design/2720874-%D8%AA%D8%B5%D9%85%D9%8A%D9%85-%D9%84%D9%88%D8%AC%D9%88-%D8%A7%D8%AD%D8%AA%D8%B1%D8%A7%D9%81%D9%8A-%D8%A8%D8%AC%D9%88%D8%AF%D8%A9-%D8%B9%D8%A7%D9%84%D9%8A%D8%A9,5.0,5,3 ساعات,7,0,$25.00,ثلاثة أيام,5,3,140.0,.Hassan A,https://khamsat.com/user/hassanhts88,True,بائع نشيط,5.0,18,92.86%,3,16,3 ساعات
تصميم,https://khamsat.com/designing,تصميم شعار,https://khamsat.com/designing/logo-design,تصميم شعارات احترافية,https://khamsat.com/designing/logo-design/2398226-%D8%AA%D8%B5%D9%85%D9%8A%D9%85-%D8%B4%D8%B9%D8%A7%D8%B1%D8%A7%D8%AA-%D8%A7%D8%AD%D8%AA%D8%B1%D8%A7%D9%81%D9%8A%D8%A9,5.0,11,دقيقة,14,0,$50.00,ثلاثة أيام,11,4,135.0,.Amjad A,https://khamsat.com/user/amjadabolebda,True,بائع مميز,5.0,30,93.85%,2,37,10 دقائق
تصميم,https://khamsat.com/designing,تصميم شعار,https://khamsat.com/designing/logo-design,سأصمم لك شعار Logo احترافي ومميز لمشروعك الخاص,https://khamsat.com/designing/logo-design/1735307-%D8%B3%D8%A3%D8%B5%D9%85%D9%85-%D9%84%D9%83-%D8%B4%D8%B9%D8%A7%D8%B1-logo-%D8%A7%D8%AD%D8%AA%D8%B1%D8%A7%D9%81%D9%8A-%D9%88%D9%85%D9%85%D9%8A%D8%B2-%D9%84%D9%85%D8%B4%D8%B1%D9%88%D8%B9%D9%83-%D8%A7%D9%84%D8%AE%D8%A7%D8%B5,4.5,175,36 دقيقة,238,0,$50.00,يومين,25,5,200.0,هشام ب.,https://khamsat.com/user/ibnsahara,True,بائع موثوق,4.5,202,94.71%,3,250,27 دقيقة
تصميم,https://khamsat.com/designing,تصميم شعار,https://khamsat.com/designing/logo-design,تصميم شعار ولوجو احترافي شخصي او تجاري,https://khamsat.com/designing/logo-design/2224010-%D8%AA%D8%B5%D9%85%D9%8A%D9%85-%D8%B4%D8%B9%D8%A7%D8%B1-%D9%88%D9%84%D9%88%D8%AC%D9%88-%D8%A7%D8%AD%D8%AA%D8%B1%D8%A7%D9%81%D9%8A-%D8%B4%D8%AE%D8%B5%D9%8A-%D8%A7%D9%88-%D8%AA%D8%AC%D8%A7%D8%B1%D9%8A,5.0,150,7 دقائق,176,0,$50.00,ثلاثة أيام,25,5,380.0,.Shady Z,https://khamsat.com/user/shadyzakaria,True,بائع مميز,5.0,154,98.64%,1,177,33 دقيقة
تصميم,https://khamsat.com/designing,تصميم شعار,https://khamsat.com/designing/logo-design,تصميم شعار مميز هادف,https://khamsat.com/designing/logo-design/1110328-%D8%AA%D8%B5%D9%85%D9%8A%D9%85-%D8%B4%D8%B9%D8%A7%D8%B1-%D9%85%D9%85%D9%8A%D8%B2-%D9%87%D8%A7%D8%AF%D9%81,4.5,61,ساعتين,108,0,$25.00,ثلاثة أيام,25,1,10.0,محمد الطاهر ت.,https://khamsat.com/user/%D9%85%D8%AD%D9%85%D8%AF-%D8%B7%D9%87-%D8%AA%D8%A8%D8%B1,True,بائع مميز,4.5,62,86.36%,1,110,19 ساعة
تصميم,https://khamsat.com/designing,تصميم شعار,https://khamsat.com/designing/logo-design,تصميم شعار بشكل احترافي ملفت للنظر وذات معنى,https://khamsat.com/designing/logo-design/2637819-%D8%AA%D8%B5%D9%85%D9%8A%D9%85-%D8%B4%D8%B9%D8%A7%D8%B1-%D8%A8%D8%B4%D9%83%D9%84-%D8%A7%D8%AD%D8%AA%D8%B1%D8%A7%D9%81%D9%8A-%D9%85%D9%84%D9%81%D8%AA-%D9%84%D9%84%D9%86%D8%B8%D8%B1-%D9%88%D8%B0%D8%A7%D8%AA-%D9%85%D8%B9%D9%86%D9%89,5.0,11,6 ساعات,11,0,$25.00,ثلاثة أيام,11,4,235.0,ادم ا.,https://khamsat.com/user/adamsayed,True,بائع مميز,5.0,51,97.58%,4,54,ساعتين
تصميم,https://khamsat.com/designing,تصميم شعار,https://khamsat.com/designing/logo-design,تصميم شعار إحترافي ومبتكر,https://khamsat.com/designing/logo-design/1773390-%D8%AA%D8%B5%D9%85%D9%8A%D9%85-%D8%B4%D8%B9%D8%A7%D8%B1-%D8%A5%D8%AD%D8%AA%D8%B1%D8%A7%D9%81%D9%8A-%D9%88%D9%85%D8%A8%D8%AA%D9%83%D8%B1,5.0,62,44 دقيقة,93,0,$30.00,يومين,25,4,55.0,.Yara M,https://khamsat.com/user/yara_abo_samra2,True,بائع مميز,5.0,98,94.92%,5,127,34 دقيقة
تصميم,https://khamsat.com/designing,تصميم شعار,https://khamsat.com/designing/logo-design,سأصمم لك شعاراً يلخص عملك بشكل إحترافي ومميز,https://khamsat.com/designing/logo-design/2694925-%D8%B3%D8%A3%D8%B5%D9%85%D9%85-%D9%84%D9%83-%D8%B4%D8%B9%D8%A7%D8%B1%D8%A7-%D9%8A%D9%84%D8%AE%D8%B5-%D8%B9%D9%85%D9%84%D9%83-%D8%A8%D8%B4%D9%83%D9%84-%D8%A5%D8%AD%D8%AA%D8%B1%D8%A7%D9%81%D9%8A-%D9%88%D9%85%D9%85%D9%8A%D8%B2,4.0,4,ساعة,4,0,$30.00,ثلاثة أيام,4,3,170.0,.Amer Z,https://khamsat.com/user/amerzantah,True,بائع مميز,5.0,40,98.0%,11,40,8 ساعات
تصميم,https://khamsat.com/designing,تصميم شعار,https://khamsat.com/designing/logo-design,تصميم شعار تايبوغرافي مميز وأنيق,https://khamsat.com/designing/logo-design/1860847-%D8%AA%D8%B5%D9%85%D9%8A%D9%85-%D8%B4%D8%B9%D8%A7%D8%B1-%D8%AA%D8%A7%D9%8A%D8%A8%D9%88%D8%BA%D8%B1%D8%A7%D9%81%D9%8A-%D9%85%D9%85%D9%8A%D8%B2-%D9%88%D8%A3%D9%86%D9%8A%D9%82,4.5,143,ساعة,178,0,$30.00,يومين,25,5,100.0,.Bushra A,https://khamsat.com/user/bushra_assi,True,بائع مميز,4.5,164,88.89%,6,187,5 ساعات
تصميم,https://khamsat.com/designing,تصميم شعار,https://khamsat.com/designing/logo-design,تصميم لوجو احترافي وفريد - Logo Design,https://khamsat.com/designing/logo-design/1644837-%D8%AA%D8%B5%D9%85%D9%8A%D9%85-%D9%84%D9%88%D8%AC%D9%88-%D8%A7%D8%AD%D8%AA%D8%B1%D8%A7%D9%81%D9%8A-%D9%88%D9%81%D8%B1%D9%8A%D8%AF-logo-design,5.0,23,3 ساعات,29,0,$25.00,ثلاثة أيام,23,4,265.0,.Ahmed I,https://khamsat.com/user/ahmed_ibrahim47,True,بائع نشيط,5.0,23,95.35%,1,29,7 ساعات
تصميم,https://khamsat.com/designing,تصميم شعار,https://khamsat.com/designing/logo-design,تصميم شعار احترافي لعلامتك التجارية,https://khamsat.com/designing/logo-design/2826734-%D8%AA%D8%B5%D9%85%D9%8A%D9%85-%D8%B4%D8%B9%D8%A7%D8%B1-%D8%A7%D8%AD%D8%AA%D8%B1%D8%A7%D9%81%D9%8A-%D9%84%D8%B9%D9%84%D8%A7%D9%85%D8%AA%D9%83-%D8%A7%D9%84%D8%AA%D8%AC%D8%A7%D8%B1%D9%8A%D8%A9,5.0,2,10 دقائق,2,0,$25.00,يومين,2,2,15.0,.Eslam A,https://khamsat.com/user/eslam_adel_aldraimli,True,بائع نشيط,5.0,10,100.0%,6,6,20 دقيقة
تصميم,https://khamsat.com/designing,تصميم شعار,https://khamsat.com/designing/logo-design,تصميم شعار احترافي ذات معنى وملفت لنظر,https://khamsat.com/designing/logo-design/2664438-%D8%AA%D8%B5%D9%85%D9%8A%D9%85-%D8%B4%D8%B9%D8%A7%D8%B1-%D8%A7%D8%AD%D8%AA%D8%B1%D8%A7%D9%81%D9%8A-%D8%B0%D8%A7%D8%AA-%D9%85%D8%B9%D9%86%D9%89-%D9%88%D9%85%D9%84%D9%81%D8%AA-%D9%84%D9%86%D8%B8%D8%B1,5.0,7,5 ساعات,9,0,$25.00,ثلاثة أيام,7,4,220.0,محمد ا.,https://khamsat.com/user/muhammadbayan,True,بائع مميز,5.0,24,89.86%,1,31,3 ساعات
تصميم,https://khamsat.com/designing,تصميم شعار,https://khamsat.com/designing/logo-design,تصميم شعار (لوقو) متميـز خاص بك أو لشركتك,https://khamsat.com/designing/logo-design/1419148-%D8%AA%D8%B5%D9%85%D9%8A%D9%85-%D8%B4%D8%B9%D8%A7%D8%B1-%D9%84%D9%88%D9%82%D9%88-%D9%85%D8%AA%D9%85%D9%8A%D9%80%D8%B2-%D8%AE%D8%A7%D8%B5-%D8%A8%D9%83-%D8%A3%D9%88-%D9%84%D8%B4%D8%B1%D9%83%D8%AA%D9%83,4.5,29,ساعتين,41,0,$45.00,يومين,25,5,95.0,.Atif E,https://khamsat.com/user/atif_omer,True,بائع مميز,4.5,215,97.15%,8,307,ساعتين
تصميم,https://khamsat.com/designing,تصميم شعار,https://khamsat.com/designing/logo-design,تصميم شعار لوجو إحترافي,https://khamsat.com/designing/logo-design/2562411-%D8%AA%D8%B5%D9%85%D9%8A%D9%85-%D8%B4%D8%B9%D8%A7%D8%B1-%D9%84%D9%88%D8%AC%D9%88-%D8%A5%D8%AD%D8%AA%D8%B1%D8%A7%D9%81%D9%8A,4.0,16,ساعة,23,0,$25.00,ثلاثة أيام,16,4,165.0,محمد م.,https://khamsat.com/user/somans73,True,بائع نشيط,4.0,34,79.25%,6,36,24 دقيقة
تصميم,https://khamsat.com/designing,تصميم شعار,https://khamsat.com/designing/logo-design,تصميم شعار لوغو احترافي يتناسب مع المحتوى المطلوب,https://khamsat.com/designing/logo-design/2701555-%D8%AA%D8%B5%D9%85%D9%8A%D9%85-%D8%B4%D8%B9%D8%A7%D8%B1-%D9%84%D9%88%D8%BA%D9%88-%D8%A7%D8%AD%D8%AA%D8%B1%D8%A7%D9%81%D9%8A-%D9%8A%D8%AA%D9%86%D8%A7%D8%B3%D8%A8-%D9%85%D8%B9-%D8%A7%D9%84%D9%85%D8%AD%D8%AA%D9%88%D9%89-%D8%A7%D9%84%D9%85%D8%B7%D9%84%D9%88%D8%A8,4.5,9,4 ساعات,16,0,$10.00,ثلاثة أيام,9,4,85.0,سعدالدين ا.,https://khamsat.com/user/saad_aldeen_aljress,True,بائع نشيط,4.5,21,89.47%,6,24,ساعتين
تصميم,https://khamsat.com/designing,تصميم شعار,https://khamsat.com/designing/logo-design,الاحترافية في تصميم الشعارات - LOGO Design #1,https://khamsat.com/designing/logo-design/705995-%D8%A7%D9%84%D8%A7%D8%AD%D8%AA%D8%B1%D8%A7%D9%81%D9%8A%D8%A9-%D9%81%D9%8A-%D8%AA%D8%B5%D9%85%D9%8A%D9%85-%D8%A7%D9%84%D8%B4%D8%B9%D8%A7%D8%B1%D8%A7%D8%AA-logo-design-1,4.5,38,ساعتين,53,0,$25.00,أربعة أيام,25,5,525.0,.Karam F,https://khamsat.com/user/rodesign,True,بائع مميز,4.5,70,83.49%,3,86,6 ساعات
تصميم,https://khamsat.com/designing,تصميم شعار,https://khamsat.com/designing/logo-design,تصميم شعار - لوجو,https://khamsat.com/designing/logo-design/462675-%D8%AA%D8%B5%D9%85%D9%8A%D9%85-%D8%B4%D8%B9%D8%A7%D8%B1-%D9%84%D9%88%D8%AC%D9%88,4.5,234,5 ساعات,343,0,$25.00,أربعة أيام,25,5,140.0,.Mohammed E,https://khamsat.com/user/km0,True,بائع مميز,4.5,326,94.23%,2,420,يوم
تصميم,https://khamsat.com/designing,تصميم شعار,https://khamsat.com/designing/logo-design,تصميم شعارات Logos بإحترافية ودقة عالية,https://khamsat.com/designing/logo-design/2121904-%D8%AA%D8%B5%D9%85%D9%8A%D9%85-%D8%B4%D8%B9%D8%A7%D8%B1%D8%A7%D8%AA-logos-%D8%A8%D8%A5%D8%AD%D8%AA%D8%B1%D8%A7%D9%81%D9%8A%D8%A9-%D9%88%D8%AF%D9%82%D8%A9-%D8%B9%D8%A7%D9%84%D9%8A%D8%A9,5.0,12,ساعتين,20,0,$30.00,يومين,12,5,90.0,هند م.,https://khamsat.com/user/hind_mokhdar,True,بائع مميز,5.0,120,93.64%,2,126,7 ساعات
تصميم,https://khamsat.com/designing,تصميم شعار,https://khamsat.com/designing/logo-design,تصميم لوجو لوغو لوقو logo باعلي دقة,https://khamsat.com/designing/logo-design/2682115-%D8%AA%D8%B5%D9%85%D9%8A%D9%85-%D9%84%D9%88%D8%AC%D9%88-%D9%84%D9%88%D8%BA%D9%88-%D9%84%D9%88%D9%82%D9%88-logo-%D8%A8%D8%A7%D8%B9%D9%84%D9%8A-%D8%AF%D9%82%D8%A9,4.5,24,3 ساعات,40,0,$10.00,أربعة أيام,24,3,25.0,محمد ف.,https://khamsat.com/user/mohamed_kamal_e,True,بائع مميز,4.5,34,85.51%,5,50,ساعة
تصميم,https://khamsat.com/designing,تصميم شعار,https://khamsat.com/designing/logo-design,لوجو مميز إحترافي وغيـر تقليدي,https://khamsat.com/designing/logo-design/948692-%D9%84%D9%88%D8%AC%D9%88-%D9%85%D9%85%D9%8A%D8%B2-%D8%A5%D8%AD%D8%AA%D8%B1%D8%A7%D9%81%D9%8A-%D9%88%D8%BA%D9%8A%D9%80%D8%B1-%D8%AA%D9%82%D9%84%D9%8A%D8%AF%D9%8A,5.0,20,8 ساعات,36,0,$50.00,يومين,20,5,375.0,.Adel O,https://khamsat.com/user/adel-omar,True,بائع مميز,5.0,88,92.83%,8,141,ساعتين
تصميم,https://khamsat.com/designing,تصميم شعار,https://khamsat.com/designing/logo-design,تصميم شعار إحترافي و مميز لشركتك أو نشاطك,https://khamsat.com/designing/logo-design/1859468-%D8%AA%D8%B5%D9%85%D9%8A%D9%85-%D8%B4%D8%B9%D8%A7%D8%B1-%D8%A5%D8%AD%D8%AA%D8%B1%D8%A7%D9%81%D9%8A-%D9%88-%D9%85%D9%85%D9%8A%D8%B2-%D9%84%D8%B4%D8%B1%D9%83%D8%AA%D9%83-%D8%A3%D9%88-%D9%86%D8%B4%D8%A7%D8%B7%D9%83,4.5,17,21 ساعة,21,0,$15.00,يوم واحد,17,1,10.0,.Ibrahim M,https://khamsat.com/user/billmou,True,بائع مميز,5.0,39,96.55%,2,47,15 ساعة
تصميم,https://khamsat.com/designing,تصميم شعار,https://khamsat.com/designing/logo-design,تصميم شعار احترافي لوقو,https://khamsat.com/designing/logo-design/2081786-%D8%AA%D8%B5%D9%85%D9%8A%D9%85-%D8%B4%D8%B9%D8%A7%D8%B1-%D8%A7%D8%AD%D8%AA%D8%B1%D8%A7%D9%81%D9%8A-%D9%84%D9%88%D9%82%D9%88,4.5,77,ساعة,106,0,$50.00,يوم واحد,25,2,110.0,.Yazan A,https://khamsat.com/user/yazan_al_derawi1,True,بائع مميز,4.5,111,93.92%,7,146,50 دقيقة
تصميم,https://khamsat.com/designing,تصميم شعار,https://khamsat.com/designing/logo-design,تصميم شعار انجليزي ( لوغو),https://khamsat.com/designing/logo-design/1813498-%D8%AA%D8%B5%D9%85%D9%8A%D9%85-%D8%B4%D8%B9%D8%A7%D8%B1-%D8%A7%D9%86%D8%AC%D9%84%D9%8A%D8%B2%D9%8A-%D9%84%D9%88%D8%BA%D9%88,5.0,17,ساعة,23,0,$10.00,ثلاثة أيام,17,2,25.0,.Raghad B,https://khamsat.com/user/raghad-basmajy,True,بائع نشيط,5.0,17,93.33%,5,23,ساعة
تصميم,https://khamsat.com/designing,تصميم شعار,https://khamsat.com/designing/logo-design,تصميم الشعارات بشكل مبدع واحترافي,https://khamsat.com/designing/logo-design/1888588-%D8%AA%D8%B5%D9%85%D9%8A%D9%85-%D8%A7%D9%84%D8%B4%D8%B9%D8%A7%D8%B1%D8%A7%D8%AA-%D8%A8%D8%B4%D9%83%D9%84-%D9%85%D8%A8%D8%AF%D8%B9-%D9%88%D8%A7%D8%AD%D8%AA%D8%B1%D8%A7%D9%81%D9%8A,4.5,26,19 ساعة,37,0,$20.00,يومين,25,4,180.0,دينا ب.,https://khamsat.com/user/dinabadran,True,بائع مميز,4.5,60,97.73%,6,76,5 ساعات
تصميم,https://khamsat.com/designing,تصميم شعار,https://khamsat.com/designing/logo-design,تصميم لوجو لشركتك بأفكار مبتكرة,https://khamsat.com/designing/logo-design/1616738-%D8%AA%D8%B5%D9%85%D9%8A%D9%85-%D9%84%D9%88%D8%AC%D9%88-%D9%84%D8%B4%D8%B1%D9%83%D8%AA%D9%83-%D8%A8%D8%A3%D9%81%D9%83%D8%A7%D8%B1-%D9%85%D8%A8%D8%AA%D9%83%D8%B1%D8%A9,4.5,60,8 ساعات,73,0,$50.00,يومين,25,3,235.0,اسامه ر.,https://khamsat.com/user/osamaalmsdahe,True,بائع مميز,4.5,73,85.89%,3,78,6 ساعات
تصميم,https://khamsat.com/designing,تصميم شعار,https://khamsat.com/designing/logo-design,تصميم شعار احترافي,https://khamsat.com/designing/logo-design/1195860-%D8%AA%D8%B5%D9%85%D9%8A%D9%85-%D8%B4%D8%B9%D8%A7%D8%B1-%D8%A7%D8%AD%D8%AA%D8%B1%D8%A7%D9%81%D9%8A,4.5,52,ساعة,68,0,$35.00,يومين,25,2,55.0,.Hazem H,https://khamsat.com/user/hazem_hosam,True,بائع مميز,4.5,57,90.51%,2,70,10 ساعات
تصميم,https://khamsat.com/designing,تصميم شعار,https://khamsat.com/designing/logo-design,تصميم لوجو بشكل احترافي وجذاب,https://khamsat.com/designing/logo-design/2067492-%D8%AA%D8%B5%D9%85%D9%8A%D9%85-%D9%84%D9%88%D8%AC%D9%88-%D8%A8%D8%B4%D9%83%D9%84-%D8%A7%D8%AD%D8%AA%D8%B1%D8%A7%D9%81%D9%8A-%D9%88%D8%AC%D8%B0%D8%A7%D8%A8,4.5,63,25 دقيقة,99,0,$30.00,يوم واحد,25,3,25.0,فائزة ز.,https://khamsat.com/user/fai_za,True,بائع مميز,4.5,87,96.0%,2,120,52 دقيقة
تصميم,https://khamsat.com/designing,تصميم شعار,https://khamsat.com/designing/logo-design,تصميم شعارات بشكل متميز واحترافي,https://khamsat.com/designing/logo-design/2261707-%D8%AA%D8%B5%D9%85%D9%8A%D9%85-%D8%B4%D8%B9%D8%A7%D8%B1%D8%A7%D8%AA-%D8%A8%D8%B4%D9%83%D9%84-%D9%85%D8%AA%D9%85%D9%8A%D8%B2-%D9%88%D8%A7%D8%AD%D8%AA%D8%B1%D8%A7%D9%81%D9%8A,4.5,12,14 دقيقة,18,0,$20.00,يومين,12,5,220.0,.Aymen B,https://khamsat.com/user/aymen87,True,بائع نشيط,4.5,12,95.24%,2,18,11 دقيقة
تصميم,https://khamsat.com/designing,تصميم شعار,https://khamsat.com/designing/logo-design,تصميم لوجو احترافي بستايل جيمينج,https://khamsat.com/designing/logo-design/2921726-%D8%AA%D8%B5%D9%85%D9%8A%D9%85-%D9%84%D9%88%D8%AC%D9%88-%D8%A7%D8%AD%D8%AA%D8%B1%D8%A7%D9%81%D9%8A-%D8%A8%D8%B3%D8%AA%D8%A7%D9%8A%D9%84-%D8%AC%D9%8A%D9%85%D9%8A%D9%86%D8%AC,5.0,1,5 ساعات,5,0,$10.00,ثلاثة أيام,1,2,25.0,.Yousef A,https://khamsat.com/user/vzax,True,بائع جديد,5.0,1,100.0%,5,5,5 ساعات
تصميم,https://khamsat.com/designing,تصميم هوية بصرية,https://khamsat.com/designing/brand-identity-design,تصميم هوية بصرية خاصة بعملك,https://khamsat.com/designing/brand-identity-design/3043190-%D8%AA%D8%B5%D9%85%D9%8A%D9%85-%D9%87%D9%88%D9%8A%D8%A9-%D8%A8%D8%B5%D8%B1%D9%8A%D8%A9-%D8%AE%D8%A7%D8%B5%D8%A9-%D8%A8%D8%B9%D9%85%D9%84%D9%83,5.0,1,ساعة,1,0,$10.00,أربعة أيام,1,5,25.0,.Ayham A,https://khamsat.com/user/ayham_12345,True,بائع جديد,5.0,1,100.0%,4,1,ساعة
تصميم,https://khamsat.com/designing,تصميم هوية بصرية,https://khamsat.com/designing/brand-identity-design,تصميم الهويات التجارية ( للشركات والمؤسسات) بإحترافية,https://khamsat.com/designing/brand-identity-design/2626825-%D8%AA%D8%B5%D9%85%D9%8A%D9%85-%D8%A7%D9%84%D9%87%D9%88%D9%8A%D8%A7%D8%AA-%D8%A7%D9%84%D8%AA%D8%AC%D8%A7%D8%B1%D9%8A%D8%A9-%D9%84%D9%84%D8%B4%D8%B1%D9%83%D8%A7%D8%AA-%D9%88%D8%A7%D9%84%D9%85%D8%A4%D8%B3%D8%B3%D8%A7%D8%AA-%D8%A8%D8%A5%D8%AD%D8%AA%D8%B1%D8%A7%D9%81%D9%8A%D8%A9,5.0,13,3 ساعات,17,0,$50.00,ثلاثة أيام,13,3,145.0,مصطفى م.,https://khamsat.com/user/elfak7r3ny,True,بائع مميز,5.0,79,94.9%,8,90,ساعة
تصميم,https://khamsat.com/designing,تصميم هوية بصرية,https://khamsat.com/designing/brand-identity-design,تصميم هوية بصرية احترافية ومميزة وجذابة لك ولمؤسستك,https://khamsat.com/designing/brand-identity-design/2941375-%D8%AA%D8%B5%D9%85%D9%8A%D9%85-%D9%87%D9%88%D9%8A%D8%A9-%D8%A8%D8%B5%D8%B1%D9%8A%D8%A9-%D8%A7%D8%AD%D8%AA%D8%B1%D8%A7%D9%81%D9%8A%D8%A9-%D9%88%D9%85%D9%85%D9%8A%D8%B2%D8%A9-%D9%88%D8%AC%D8%B0%D8%A7%D8%A8%D8%A9-%D9%84%D9%83-%D9%88%D9%84%D9%85%D8%A4%D8%B3%D8%B3%D8%AA%D9%83,5.0,13,ساعتين,18,0,$25.00,ثلاثة أيام,13,5,110.0,طارق خ.,https://khamsat.com/user/tarek_khamis,True,بائع نشيط,5.0,14,67.74%,2,19,ساعتين
تصميم,https://khamsat.com/designing,تصميم هوية بصرية,https://khamsat.com/designing/brand-identity-design,تصميم هوية بصرية مؤسسية متكاملة,https://khamsat.com/designing/brand-identity-design/3033141-%D8%AA%D8%B5%D9%85%D9%8A%D9%85-%D9%87%D9%88%D9%8A%D8%A9-%D8%A8%D8%B5%D8%B1%D9%8A%D8%A9-%D9%85%D8%A4%D8%B3%D8%B3%D9%8A%D8%A9-%D9%85%D8%AA%D9%83%D8%A7%D9%85%D9%84%D8%A9,5.0,4,3 ساعات,5,1,$10.00,أربعة أيام,4,5,120.0,.Nafeesa A,https://khamsat.com/user/nafdesigns,True,بائع جديد,5.0,4,83.33%,1,5,ساعة
تصميم,https://khamsat.com/designing,تصميم هوية بصرية,https://khamsat.com/designing/brand-identity-design,تصميم هوية بصرية للمشاريع بكافة أنواعها,https://khamsat.com/designing/brand-identity-design/2726257-%D8%AA%D8%B5%D9%85%D9%8A%D9%85-%D9%87%D9%88%D9%8A%D8%A9-%D8%A8%D8%B5%D8%B1%D9%8A%D8%A9-%D9%84%D9%84%D9%85%D8%B4%D8%A7%D8%B1%D9%8A%D8%B9-%D8%A8%D9%83%D8%A7%D9%81%D8%A9-%D8%A3%D9%86%D9%88%D8%A7%D8%B9%D9%87%D8%A7,5.0,5,10 دقائق,6,0,$10.00,ثلاثة أيام,5,5,145.0,جمانه ع.,https://khamsat.com/user/lateen_1,True,بائع مميز,4.5,13,98.28%,2,19,17 دقيقة
تصميم,https://khamsat.com/designing,تصميم هوية بصرية,https://khamsat.com/designing/brand-identity-design,تصميم هوية بصرية مميزة لشركتك أو عملك الخاص,https://khamsat.com/designing/brand-identity-design/2613876-%D8%AA%D8%B5%D9%85%D9%8A%D9%85-%D9%87%D9%88%D9%8A%D8%A9-%D8%A8%D8%B5%D8%B1%D9%8A%D8%A9-%D9%85%D9%85%D9%8A%D8%B2%D8%A9-%D9%84%D8%B4%D8%B1%D9%83%D8%AA%D9%83-%D8%A3%D9%88-%D8%B9%D9%85%D9%84%D9%83-%D8%A7%D9%84%D8%AE%D8%A7%D8%B5,5.0,9,3 دقائق,9,0,$25.00,ثلاثة أيام,9,4,235.0,محمد م.,https://khamsat.com/user/somans73,True,بائع نشيط,4.0,34,79.25%,6,36,24 دقيقة
تصميم,https://khamsat.com/designing,تصميم هوية بصرية,https://khamsat.com/designing/brand-identity-design,تصميم لبروفايل كتالوج مجلة كتاب,https://khamsat.com/designing/brand-identity-design/681135-%D8%AA%D8%B5%D9%85%D9%8A%D9%85-%D9%84%D8%A8%D8%B1%D9%88%D9%81%D8%A7%D9%8A%D9%84-%D9%83%D8%AA%D8%A7%D9%84%D9%88%D8%AC-%D9%85%D8%AC%D9%84%D8%A9-%D9%83%D8%AA%D8%A7%D8%A8,5.0,12,12 ساعة,13,0,$25.00,ثلاثة أيام,12,5,650.0,.Fatma E,https://khamsat.com/user/batoota-ali,True,بائع مميز,4.5,136,94.2%,11,146,7 ساعات
تصميم,https://khamsat.com/designing,تصميم هوية بصرية,https://khamsat.com/designing/brand-identity-design,تصميم هوية تجارية كاملة للشركات والمواقع,https://khamsat.com/designing/brand-identity-design/507783-%D8%AA%D8%B5%D9%85%D9%8A%D9%85-%D9%87%D9%88%D9%8A%D8%A9-%D8%AA%D8%AC%D8%A7%D8%B1%D9%8A%D8%A9-%D9%83%D8%A7%D9%85%D9%84%D8%A9-%D9%84%D9%84%D8%B4%D8%B1%D9%83%D8%A7%D8%AA-%D9%88%D8%A7%D9%84%D9%85%D9%88%D8%A7%D9%82%D8%B9,5.0,36,ساعة,59,0,$50.00,يوم واحد,25,5,750.0,.Ahmad A,https://khamsat.com/user/ahmad-aljaber,True,بائع موثوق,5.0,363,81.52%,8,477,10 ساعات
تصميم,https://khamsat.com/designing,تصميم هوية بصرية,https://khamsat.com/designing/brand-identity-design,تصميم هوية بصرية احترافية ومميزة,https://khamsat.com/designing/brand-identity-design/2807268-%D8%AA%D8%B5%D9%85%D9%8A%D9%85-%D9%87%D9%88%D9%8A%D8%A9-%D8%A8%D8%B5%D8%B1%D9%8A%D8%A9-%D8%A7%D8%AD%D8%AA%D8%B1%D8%A7%D9%81%D9%8A%D8%A9-%D9%88%D9%85%D9%85%D9%8A%D8%B2%D8%A9,5.0,11,ساعة,18,1,$35.00,ثلاثة أيام,11,3,105.0,خالد ا.,https://khamsat.com/user/khaled2016,True,بائع مميز,5.0,25,94.2%,4,27,ساعتين
تصميم,https://khamsat.com/designing,تصميم هوية بصرية,https://khamsat.com/designing/brand-identity-design,هويه بصريه كامله (Visual Identity),https://khamsat.com/designing/brand-identity-design/2293905-%D9%87%D9%88%D9%8A%D9%87-%D8%A8%D8%B5%D8%B1%D9%8A%D9%87-%D9%83%D8%A7%D9%85%D9%84%D9%87-visual-identity,4.5,7,ساعتين,10,0,$10.00,ثلاثة أيام,7,5,345.0,.Mostafa E,https://khamsat.com/user/mostafamelegy95,True,بائع مميز,4.5,46,85.87%,6,47,ساعة
تصميم,https://khamsat.com/designing,تصميم هوية بصرية,https://khamsat.com/designing/brand-identity-design,تصميم هوية بصرية كامله لشركة (براند) (Brand identity),https://khamsat.com/designing/brand-identity-design/1194472-%D8%AA%D8%B5%D9%85%D9%8A%D9%85-%D9%87%D9%88%D9%8A%D8%A9-%D8%A8%D8%B5%D8%B1%D9%8A%D8%A9-%D9%83%D8%A7%D9%85%D9%84%D9%87-%D9%84%D8%B4%D8%B1%D9%83%D8%A9-%D8%A8%D8%B1%D8%A7%D9%86%D8%AF-brand-identity,5.0,8,يوم,8,0,$50.00,يومين,8,5,600.0,.Essam H,https://khamsat.com/user/essam-hisham-99,True,بائع مميز,4.5,45,97.53%,8,43,15 ساعة
تصميم,https://khamsat.com/designing,تصميم هوية بصرية,https://khamsat.com/designing/brand-identity-design,تصميم هوية بصرية مميزة واحترافية .,https://khamsat.com/designing/brand-identity-design/2950470-%D8%AA%D8%B5%D9%85%D9%8A%D9%85-%D9%87%D9%88%D9%8A%D8%A9-%D8%A8%D8%B5%D8%B1%D9%8A%D8%A9-%D9%85%D9%85%D9%8A%D8%B2%D8%A9-%D9%88%D8%A7%D8%AD%D8%AA%D8%B1%D8%A7%D9%81%D9%8A%D8%A9-,5.0,4,49 دقيقة,7,0,$10.00,يوم واحد,4,2,15.0,حسين م.,https://khamsat.com/user/hossainmostafa,True,بائع نشيط,5.0,8,100.0%,4,11,ساعة
تصميم,https://khamsat.com/designing,تصميم هوية بصرية,https://khamsat.com/designing/brand-identity-design,خدمة تصميم الهويات التجارية الاحترافية والمميزة,https://khamsat.com/designing/brand-identity-design/2923404-%D8%AE%D8%AF%D9%85%D8%A9-%D8%AA%D8%B5%D9%85%D9%8A%D9%85-%D8%A7%D9%84%D9%87%D9%88%D9%8A%D8%A7%D8%AA-%D8%A7%D9%84%D8%AA%D8%AC%D8%A7%D8%B1%D9%8A%D8%A9-%D8%A7%D9%84%D8%A7%D8%AD%D8%AA%D8%B1%D8%A7%D9%81%D9%8A%D8%A9-%D9%88%D8%A7%D9%84%D9%85%D9%85%D9%8A%D8%B2%D8%A9,5.0,3,19 دقيقة,3,0,$50.00,يومين,3,5,210.0,.Mohcen H,https://khamsat.com/user/mohcen-hasan,True,بائع موثوق,5.0,464,96.4%,3,562,49 دقيقة
تصميم,https://khamsat.com/designing,تصميم هوية بصرية,https://khamsat.com/designing/brand-identity-design,تصميم هوية بصرية مميزة لشركتك,https://khamsat.com/designing/brand-identity-design/2687859-%D8%AA%D8%B5%D9%85%D9%8A%D9%85-%D9%87%D9%88%D9%8A%D8%A9-%D8%A8%D8%B5%D8%B1%D9%8A%D8%A9-%D9%85%D9%85%D9%8A%D8%B2%D8%A9-%D9%84%D8%B4%D8%B1%D9%83%D8%AA%D9%83,5.0,11,32 دقيقة,11,0,$15.00,يوم واحد,11,5,265.0,.Mahmoud E,https://khamsat.com/user/mahmoudel3zb2006,True,بائع نشيط,5.0,22,88.57%,4,23,13 دقيقة
تصميم,https://khamsat.com/designing,تصميم هوية بصرية,https://khamsat.com/designing/brand-identity-design,هوية بصرية شاملة للشركات والأنشطة التجارية,https://khamsat.com/designing/brand-identity-design/2454819-%D9%87%D9%88%D9%8A%D8%A9-%D8%A8%D8%B5%D8%B1%D9%8A%D8%A9-%D8%B4%D8%A7%D9%85%D9%84%D8%A9-%D9%84%D9%84%D8%B4%D8%B1%D9%83%D8%A7%D8%AA-%D9%88%D8%A7%D9%84%D8%A3%D9%86%D8%B4%D8%B7%D8%A9-%D8%A7%D9%84%D8%AA%D8%AC%D8%A7%D8%B1%D9%8A%D8%A9,4.5,12,5 ساعات,22,1,$50.00,ثلاثة أيام,12,5,550.0,.Adel O,https://khamsat.com/user/adel-omar,True,بائع مميز,5.0,88,92.83%,8,141,ساعتين
تصميم,https://khamsat.com/designing,تصميم هوية بصرية,https://khamsat.com/designing/brand-identity-design,تصميم الهوية البصرية بدون شعار,https://khamsat.com/designing/brand-identity-design/2720710-%D8%AA%D8%B5%D9%85%D9%8A%D9%85-%D8%A7%D9%84%D9%87%D9%88%D9%8A%D8%A9-%D8%A7%D9%84%D8%A8%D8%B5%D8%B1%D9%8A%D8%A9-%D8%A8%D8%AF%D9%88%D9%86-%D8%B4%D8%B9%D8%A7%D8%B1,5.0,4,ساعتين,5,0,$20.00,أربعة أيام,4,2,25.0,عبد الرحمن أنس ع.,https://khamsat.com/user/anes_rahim,True,بائع نشيط,5.0,6,100.0%,4,7,4 ساعات
تصميم,https://khamsat.com/designing,تصميم هوية بصرية,https://khamsat.com/designing/brand-identity-design,تصميم هوية بصرية كاملة تميز نشاطك بتصميمات والوان مميزة,https://khamsat.com/designing/brand-identity-design/2562145-%D8%AA%D8%B5%D9%85%D9%8A%D9%85-%D9%87%D9%88%D9%8A%D8%A9-%D8%A8%D8%B5%D8%B1%D9%8A%D8%A9-%D9%83%D8%A7%D9%85%D9%84%D8%A9-%D8%AA%D9%85%D9%8A%D8%B2-%D9%86%D8%B4%D8%A7%D8%B7%D9%83-%D8%A8%D8%AA%D8%B5%D9%85%D9%8A%D9%85%D8%A7%D8%AA-%D9%88%D8%A7%D9%84%D9%88%D8%A7%D9%86-%D9%85%D9%85%D9%8A%D8%B2%D8%A9,5.0,4,5 ساعات,5,1,$25.00,خمسة أيام,4,5,340.0,.Haitham F,https://khamsat.com/user/elfirgany,True,بائع نشيط,5.0,15,97.44%,3,13,يوم
تصميم,https://khamsat.com/designing,تصميم هوية بصرية,https://khamsat.com/designing/brand-identity-design,تصميم روشتة طبيب للعياده لجميع التخصصات,https://khamsat.com/designing/brand-identity-design/3007987-%D8%AA%D8%B5%D9%85%D9%8A%D9%85-%D8%B1%D9%88%D8%B4%D8%AA%D8%A9-%D8%B7%D8%A8%D9%8A%D8%A8-%D9%84%D9%84%D8%B9%D9%8A%D8%A7%D8%AF%D9%87-%D9%84%D8%AC%D9%85%D9%8A%D8%B9-%D8%A7%D9%84%D8%AA%D8%AE%D8%B5%D8%B5%D8%A7%D8%AA,5.0,1,لم يحسب,1,0,$5.00,يوم واحد,1,0,0.0,.Manar H,https://khamsat.com/user/manarhassan3639,True,بائع جديد,5.0,1,100.0%,2,1,لم يحسب
تصميم,https://khamsat.com/designing,تصميم هوية بصرية,https://khamsat.com/designing/brand-identity-design,تصميم أحد عناصر الهوية البصرية بشكل مميز واحترافي,https://khamsat.com/designing/brand-identity-design/2307606-%D8%AA%D8%B5%D9%85%D9%8A%D9%85-%D8%A3%D8%AD%D8%AF-%D8%B9%D9%86%D8%A7%D8%B5%D8%B1-%D8%A7%D9%84%D9%87%D9%88%D9%8A%D8%A9-%D8%A7%D9%84%D8%A8%D8%B5%D8%B1%D9%8A%D8%A9-%D8%A8%D8%B4%D9%83%D9%84-%D9%85%D9%85%D9%8A%D8%B2-%D9%88%D8%A7%D8%AD%D8%AA%D8%B1%D8%A7%D9%81%D9%8A,5.0,9,7 ساعات,12,0,$10.00,يومين,9,2,130.0,ريم ا.,https://khamsat.com/user/reem_nahed,True,بائع نشيط,5.0,28,92.86%,4,25,11 ساعة
تصميم,https://khamsat.com/designing,تصميم هوية بصرية,https://khamsat.com/designing/brand-identity-design,خدمة تصميم هوية بصرية تجارية - شخصية,https://khamsat.com/designing/brand-identity-design/2916877-%D8%AE%D8%AF%D9%85%D8%A9-%D8%AA%D8%B5%D9%85%D9%8A%D9%85-%D9%87%D9%88%D9%8A%D8%A9-%D8%A8%D8%B5%D8%B1%D9%8A%D8%A9-%D8%AA%D8%AC%D8%A7%D8%B1%D9%8A%D8%A9-%D8%B4%D8%AE%D8%B5%D9%8A%D8%A9,5.0,1,يومين,3,0,$10.00,يومين,1,5,85.0,.Bilal K,https://khamsat.com/user/bilal_kella,True,بائع جديد,5.0,1,100.0%,4,4,يوم
تصميم,https://khamsat.com/designing,تصميم هوية بصرية,https://khamsat.com/designing/brand-identity-design,تصميم هوية عصرية كاملة للشركات و المؤسسات و المواقع,https://khamsat.com/designing/brand-identity-design/616396-%D8%AA%D8%B5%D9%85%D9%8A%D9%85-%D9%87%D9%88%D9%8A%D8%A9-%D8%B9%D8%B5%D8%B1%D9%8A%D8%A9-%D9%83%D8%A7%D9%85%D9%84%D8%A9-%D9%84%D9%84%D8%B4%D8%B1%D9%83%D8%A7%D8%AA-%D9%88-%D8%A7%D9%84%D9%85%D8%A4%D8%B3%D8%B3%D8%A7%D8%AA-%D9%88-%D8%A7%D9%84%D9%85%D9%88%D8%A7%D9%82%D8%B9,5.0,27,10 ساعات,36,0,$50.00,أربعة أيام,25,4,550.0,.Abderrahim B,https://khamsat.com/user/%D8%B9%D8%A8%D8%AF-%D8%A7%D9%84%D8%B1%D8%AD%D9%8A%D9%85-%D8%A8%D9%88%D8%B1%D9%88%D8%A8%D8%A9,True,بائع مميز,5.0,69,97.99%,1,73,8 ساعات
تصميم,https://khamsat.com/designing,تصميم هوية بصرية,https://khamsat.com/designing/brand-identity-design,تصميم هوية بصرية كامله احترافية و مميزة,https://khamsat.com/designing/brand-identity-design/2946159-%D8%AA%D8%B5%D9%85%D9%8A%D9%85-%D9%87%D9%88%D9%8A%D8%A9-%D8%A8%D8%B5%D8%B1%D9%8A%D8%A9-%D9%83%D8%A7%D9%85%D9%84%D9%87-%D8%A7%D8%AD%D8%AA%D8%B1%D8%A7%D9%81%D9%8A%D8%A9-%D9%88-%D9%85%D9%85%D9%8A%D8%B2%D8%A9,5.0,2,10 ساعات,3,0,$10.00,ثلاثة أيام,2,2,10.0,.Gehad A,https://khamsat.com/user/gehadgedo,True,بائع جديد,5.0,3,80.0%,4,4,6 ساعات
تصميم,https://khamsat.com/designing,تصميم هوية بصرية,https://khamsat.com/designing/brand-identity-design,اصمم لك هوية بصرية جميلة,https://khamsat.com/designing/brand-identity-design/1478435-%D8%A7%D8%B5%D9%85%D9%85-%D9%84%D9%83-%D9%87%D9%88%D9%8A%D8%A9-%D8%A8%D8%B5%D8%B1%D9%8A%D8%A9-%D8%AC%D9%85%D9%8A%D9%84%D8%A9,5.0,1,6 دقائق,2,0,$25.00,يوم واحد,1,2,55.0,هنادي ا.,https://khamsat.com/user/hanadyalsaqqa,True,بائع مميز,4.5,30,91.89%,9,35,ساعة
تصميم,https://khamsat.com/designing,تصميم هوية بصرية,https://khamsat.com/designing/brand-identity-design,تصميم هويات بصرية احترافية,https://khamsat.com/designing/brand-identity-design/2068930-%D8%AA%D8%B5%D9%85%D9%8A%D9%85-%D9%87%D9%88%D9%8A%D8%A7%D8%AA-%D8%A8%D8%B5%D8%B1%D9%8A%D8%A9-%D8%A7%D8%AD%D8%AA%D8%B1%D8%A7%D9%81%D9%8A%D8%A9,5.0,11,ساعتين,13,0,$10.00,يوم واحد,11,3,35.0,براء أ.,https://khamsat.com/user/obadah5,True,بائع مميز,4.5,97,92.72%,2,117,ساعة
تصميم,https://khamsat.com/designing,تصميم هوية بصرية,https://khamsat.com/designing/brand-identity-design,تصميم هوية بصرية للافراد والشركات علامة تجارية,https://khamsat.com/designing/brand-identity-design/3011860-%D8%AA%D8%B5%D9%85%D9%8A%D9%85-%D9%87%D9%88%D9%8A%D8%A9-%D8%A8%D8%B5%D8%B1%D9%8A%D8%A9-%D9%84%D9%84%D8%A7%D9%81%D8%B1%D8%A7%D8%AF-%D9%88%D8%A7%D9%84%D8%B4%D8%B1%D9%83%D8%A7%D8%AA-%D8%B9%D9%84%D8%A7%D9%85%D8%A9-%D8%AA%D8%AC%D8%A7%D8%B1%D9%8A%D8%A9,4.5,4,ساعة,5,0,$5.00,ثلاثة أيام,4,4,115.0,.Sama H,https://khamsat.com/user/sama_hussen,True,بائع جديد,4.5,7,100.0%,4,7,43 دقيقة
تصميم,https://khamsat.com/designing,تصميم هوية بصرية,https://khamsat.com/designing/brand-identity-design,اقدم لكم تصميم هوية بصرية,https://khamsat.com/designing/brand-identity-design/1982634-%D8%A7%D9%82%D8%AF%D9%85-%D9%84%D9%83%D9%85-%D8%AA%D8%B5%D9%85%D9%8A%D9%85-%D9%87%D9%88%D9%8A%D8%A9-%D8%A8%D8%B5%D8%B1%D9%8A%D8%A9,5.0,6,ساعتين,11,0,$10.00,يوم واحد,6,0,0.0,أنس ا.,https://khamsat.com/user/saraabusalim,True,بائع نشيط,5.0,11,95.24%,3,15,8 ساعات
تصميم,https://khamsat.com/designing,تصميم هوية بصرية,https://khamsat.com/designing/brand-identity-design,تصميم الهوية البصرية الخاصة بشركتك بشكل مميز,https://khamsat.com/designing/brand-identity-design/2411835-%D8%AA%D8%B5%D9%85%D9%8A%D9%85-%D8%A7%D9%84%D9%87%D9%88%D9%8A%D8%A9-%D8%A7%D9%84%D8%A8%D8%B5%D8%B1%D9%8A%D8%A9-%D8%A7%D9%84%D8%AE%D8%A7%D8%B5%D8%A9-%D8%A8%D8%B4%D8%B1%D9%83%D8%AA%D9%83-%D8%A8%D8%B4%D9%83%D9%84-%D9%85%D9%85%D9%8A%D8%B2,5.0,14,ساعة,16,0,$50.00,يومين,14,5,235.0,بشير ب.,https://khamsat.com/user/aboabdallahbachir,True,بائع مميز,4.5,47,86.9%,6,51,ساعة
تصميم,https://khamsat.com/designing,تصميم هوية بصرية,https://khamsat.com/designing/brand-identity-design,تصميم هوية بصرية لشركة,https://khamsat.com/designing/brand-identity-design/2685468-%D8%AA%D8%B5%D9%85%D9%8A%D9%85-%D9%87%D9%88%D9%8A%D8%A9-%D8%A8%D8%B5%D8%B1%D9%8A%D8%A9-%D9%84%D8%B4%D8%B1%D9%83%D8%A9,5.0,2,52 دقيقة,2,0,$15.00,يومين,2,0,0.0,منى ح.,https://khamsat.com/user/monahemam,True,بائع نشيط,4.5,11,94.74%,9,12,37 دقيقة
تصميم,https://khamsat.com/designing,تصميم هوية بصرية,https://khamsat.com/designing/brand-identity-design,تصميم هوية بصرية مميزة واحترافية,https://khamsat.com/designing/brand-identity-design/2838253-%D8%AA%D8%B5%D9%85%D9%8A%D9%85-%D9%87%D9%88%D9%8A%D8%A9-%D8%A8%D8%B5%D8%B1%D9%8A%D8%A9-%D9%85%D9%85%D9%8A%D8%B2%D8%A9-%D9%88%D8%A7%D8%AD%D8%AA%D8%B1%D8%A7%D9%81%D9%8A%D8%A9,5.0,1,6 ساعات,3,0,$10.00,أربعة أيام,1,3,30.0,مي م.,https://khamsat.com/user/maiyidriis,True,بائع جديد,5.0,1,100.0%,4,3,6 ساعات
تصميم,https://khamsat.com/designing,تصميم هوية بصرية,https://khamsat.com/designing/brand-identity-design,تصميم هوية كاملة لشركة او براند صاعد,https://khamsat.com/designing/brand-identity-design/2075342-%D8%AA%D8%B5%D9%85%D9%8A%D9%85-%D9%87%D9%88%D9%8A%D8%A9-%D9%83%D8%A7%D9%85%D9%84%D8%A9-%D9%84%D8%B4%D8%B1%D9%83%D8%A9-%D8%A7%D9%88-%D8%A8%D8%B1%D8%A7%D9%86%D8%AF-%D8%B5%D8%A7%D8%B9%D8%AF,5.0,4,12 دقيقة,7,0,$50.00,أربعة أيام,4,4,70.0,عبد اللطيف ع.,https://khamsat.com/user/abdellatif_designe,True,بائع مميز,4.5,146,94.69%,4,165,ساعة
تصميم,https://khamsat.com/designing,تصميم بروفايل شركة,https://khamsat.com/designing/company-profile-design,تصميم بروفايل شركة Company profile,https://khamsat.com/designing/company-profile-design/2823525-%D8%AA%D8%B5%D9%85%D9%8A%D9%85-%D8%A8%D8%B1%D9%88%D9%81%D8%A7%D9%8A%D9%84-%D8%B4%D8%B1%D9%83%D8%A9-company-profile,5.0,19,ساعة,34,0,$20.00,ثلاثة أيام,19,4,100.0,.Yusuf D,https://khamsat.com/user/youssefdiab94,True,بائع مميز,5.0,44,88.95%,6,50,يوم
تصميم,https://khamsat.com/designing,تصميم بروفايل شركة,https://khamsat.com/designing/company-profile-design,تصميم بروفايل احترافي لشركتك,https://khamsat.com/designing/company-profile-design/2057937-%D8%AA%D8%B5%D9%85%D9%8A%D9%85-%D8%A8%D8%B1%D9%88%D9%81%D8%A7%D9%8A%D9%84-%D8%A7%D8%AD%D8%AA%D8%B1%D8%A7%D9%81%D9%8A-%D9%84%D8%B4%D8%B1%D9%83%D8%AA%D9%83,5.0,38,يومين,48,0,$10.00,يومين,25,5,340.0,.Mohsena S,https://khamsat.com/user/mohsena98,True,بائع مميز,5.0,57,93.81%,1,63,15 ساعة
تصميم,https://khamsat.com/designing,تصميم بروفايل شركة,https://khamsat.com/designing/company-profile-design,كتابة وتصميم بروفايل شركة احترافي، صنع بصمة لا تُنسى,https://khamsat.com/designing/company-profile-design/2895771-%D9%83%D8%AA%D8%A7%D8%A8%D8%A9-%D9%88%D8%AA%D8%B5%D9%85%D9%8A%D9%85-%D8%A8%D8%B1%D9%88%D9%81%D8%A7%D9%8A%D9%84-%D8%B4%D8%B1%D9%83%D8%A9-%D8%A7%D8%AD%D8%AA%D8%B1%D8%A7%D9%81%D9%8A-%D8%B5%D9%86%D8%B9-%D8%A8%D8%B5%D9%85%D8%A9-%D9%84%D8%A7-%D8%AA%D9%86%D8%B3%D9%89,4.5,29,ساعتين,37,0,$10.00,يوم واحد,25,5,90.0,اسطفانوس ك.,https://khamsat.com/user/estafanos,True,بائع مميز,4.5,51,93.26%,7,58,ساعتين
تصميم,https://khamsat.com/designing,تصميم بروفايل شركة,https://khamsat.com/designing/company-profile-design,تصميم بروفايل شركة إحترافي,https://khamsat.com/designing/company-profile-design/2925814-%D8%AA%D8%B5%D9%85%D9%8A%D9%85-%D8%A8%D8%B1%D9%88%D9%81%D8%A7%D9%8A%D9%84-%D8%B4%D8%B1%D9%83%D8%A9-%D8%A5%D8%AD%D8%AA%D8%B1%D8%A7%D9%81%D9%8A,4.5,4,8 ساعات,4,0,$5.00,يوم واحد,4,4,110.0,هند م.,https://khamsat.com/user/hind_mokhdar,True,بائع مميز,5.0,120,93.64%,2,126,7 ساعات
تصميم,https://khamsat.com/designing,تصميم بروفايل شركة,https://khamsat.com/designing/company-profile-design,تصميم بروفايل احترافي لشركتك أو مشروعك,https://khamsat.com/designing/company-profile-design/2480782-%D8%AA%D8%B5%D9%85%D9%8A%D9%85-%D8%A8%D8%B1%D9%88%D9%81%D8%A7%D9%8A%D9%84-%D8%A7%D8%AD%D8%AA%D8%B1%D8%A7%D9%81%D9%8A-%D9%84%D8%B4%D8%B1%D9%83%D8%AA%D9%83-%D8%A3%D9%88-%D9%85%D8%B4%D8%B1%D9%88%D8%B9%D9%83,4.5,6,30 دقيقة,9,0,$25.00,أربعة أيام,6,5,210.0,.Khadija T,https://khamsat.com/user/khadija_ism,True,بائع نشيط,4.5,18,86.36%,5,24,ساعة
تصميم,https://khamsat.com/designing,تصميم بروفايل شركة,https://khamsat.com/designing/company-profile-design,تصميم بروفايل احترافي لشركتك Company Profile,https://khamsat.com/designing/company-profile-design/2942301-%D8%AA%D8%B5%D9%85%D9%8A%D9%85-%D8%A8%D8%B1%D9%88%D9%81%D8%A7%D9%8A%D9%84-%D8%A7%D8%AD%D8%AA%D8%B1%D8%A7%D9%81%D9%8A-%D9%84%D8%B4%D8%B1%D9%83%D8%AA%D9%83-company-profile,5.0,2,33 دقيقة,5,1,$15.00,أربعة أيام,2,5,95.0,.Eslam A,https://khamsat.com/user/eslam_hisham18,True,بائع نشيط,5.0,19,95.74%,3,24,21 دقيقة
تصميم,https://khamsat.com/designing,تصميم بروفايل شركة,https://khamsat.com/designing/company-profile-design,تصميم بروفايل احترافي يلبي تطلعاتك ومتطلباتك,https://khamsat.com/designing/company-profile-design/2807493-%D8%AA%D8%B5%D9%85%D9%8A%D9%85-%D8%A8%D8%B1%D9%88%D9%81%D8%A7%D9%8A%D9%84-%D8%A7%D8%AD%D8%AA%D8%B1%D8%A7%D9%81%D9%8A-%D9%8A%D9%84%D8%A8%D9%8A-%D8%AA%D8%B7%D9%84%D8%B9%D8%A7%D8%AA%D9%83-%D9%88%D9%85%D8%AA%D8%B7%D9%84%D8%A8%D8%A7%D8%AA%D9%83,5.0,15,10 ساعات,20,0,$35.00,ثلاثة أيام,15,5,250.0,أمين ح.,https://khamsat.com/user/ameen_hamdoush,True,بائع مميز,4.5,78,98.92%,4,95,4 ساعات
تصميم,https://khamsat.com/designing,تصميم بروفايل شركة,https://khamsat.com/designing/company-profile-design,تصميم بروفايل شركة احترافي Company profile,https://khamsat.com/designing/company-profile-design/2994774-%D8%AA%D8%B5%D9%85%D9%8A%D9%85-%D8%A8%D8%B1%D9%88%D9%81%D8%A7%D9%8A%D9%84-%D8%B4%D8%B1%D9%83%D8%A9-%D8%A7%D8%AD%D8%AA%D8%B1%D8%A7%D9%81%D9%8A-company-profile,4.5,4,18 دقيقة,3,1,$5.00,يوم واحد,4,4,115.0,براء ا.,https://khamsat.com/user/khbaraa123,True,بائع نشيط,4.5,11,92.0%,3,11,ساعة
تصميم,https://khamsat.com/designing,تصميم بروفايل شركة,https://khamsat.com/designing/company-profile-design,تصميم إبداعي لبروفيال شركة,https://khamsat.com/designing/company-profile-design/2742745-%D8%AA%D8%B5%D9%85%D9%8A%D9%85-%D8%A5%D8%A8%D8%AF%D8%A7%D8%B9%D9%8A-%D9%84%D8%A8%D8%B1%D9%88%D9%81%D9%8A%D8%A7%D9%84-%D8%B4%D8%B1%D9%83%D8%A9,4.5,9,3 ساعات,15,0,$10.00,يومين,9,4,45.0,.Rowa M,https://khamsat.com/user/roamorsal,True,بائع مميز,5.0,20,89.66%,5,29,ساعة
تصميم,https://khamsat.com/designing,تصميم بروفايل شركة,https://khamsat.com/designing/company-profile-design,تصميم بروفايل أو كتالوج أو مجلة بشكل احترافي,https://khamsat.com/designing/company-profile-design/2629214-%D8%AA%D8%B5%D9%85%D9%8A%D9%85-%D8%A8%D8%B1%D9%88%D9%81%D8%A7%D9%8A%D9%84-%D8%A3%D9%88-%D9%83%D8%AA%D8%A7%D9%84%D9%88%D8%AC-%D8%A3%D9%88-%D9%85%D8%AC%D9%84%D8%A9-%D8%A8%D8%B4%D9%83%D9%84-%D8%A7%D8%AD%D8%AA%D8%B1%D8%A7%D9%81%D9%8A,5.0,9,7 ساعات,13,1,$5.00,يومين,9,5,180.0,معن س.,https://khamsat.com/user/maen_saffour,True,بائع نشيط,5.0,12,96.67%,2,16,7 ساعات
تصميم,https://khamsat.com/designing,تصميم بروفايل شركة,https://khamsat.com/designing/company-profile-design,تصميم بروفايل - كتالوج - ملف تعريفي Profile design,https://khamsat.com/designing/company-profile-design/2939147-%D8%AA%D8%B5%D9%85%D9%8A%D9%85-%D8%A8%D8%B1%D9%88%D9%81%D8%A7%D9%8A%D9%84-%D9%83%D8%AA%D8%A7%D9%84%D9%88%D8%AC-%D9%85%D9%84%D9%81-%D8%AA%D8%B9%D8%B1%D9%8A%D9%81%D9%8A-profile-design,5.0,2,ساعة,2,0,$50.00,يوم واحد,2,4,550.0,.Ahmad A,https://khamsat.com/user/ahmad-aljaber,True,بائع موثوق,5.0,363,81.52%,8,477,10 ساعات
تصميم,https://khamsat.com/designing,تصميم بروفايل شركة,https://khamsat.com/designing/company-profile-design,تصميم بروفايل بشكل ابداعي واحترافي,https://khamsat.com/designing/company-profile-design/2891174-%D8%AA%D8%B5%D9%85%D9%8A%D9%85-%D8%A8%D8%B1%D9%88%D9%81%D8%A7%D9%8A%D9%84-%D8%A8%D8%B4%D9%83%D9%84-%D8%A7%D8%A8%D8%AF%D8%A7%D8%B9%D9%8A-%D9%88%D8%A7%D8%AD%D8%AA%D8%B1%D8%A7%D9%81%D9%8A,5.0,6,30 دقيقة,8,0,$5.00,يومين,6,4,180.0,.Ahmed G,https://khamsat.com/user/ahmedgafar010,True,بائع نشيط,5.0,6,100.0%,1,8,30 دقيقة
تصميم,https://khamsat.com/designing,تصميم بروفايل شركة,https://khamsat.com/designing/company-profile-design,تصميم بروفايل Profile احترافي يعرض تفاصيل وخدمات شركتك.,https://khamsat.com/designing/company-profile-design/1738924-%D8%AA%D8%B5%D9%85%D9%8A%D9%85-%D8%A8%D8%B1%D9%88%D9%81%D8%A7%D9%8A%D9%84-profile-%D8%A7%D8%AD%D8%AA%D8%B1%D8%A7%D9%81%D9%8A-%D9%8A%D8%B9%D8%B1%D8%B6-%D8%AA%D9%81%D8%A7%D8%B5%D9%8A%D9%84-%D9%88%D8%AE%D8%AF%D9%85%D8%A7%D8%AA-%D8%B4%D8%B1%D9%83%D8%AA%D9%83,5.0,30,3 ساعات,39,1,$30.00,يومين,25,5,315.0,علاء ا.,https://khamsat.com/user/%D8%B9%D9%84%D8%A7%D8%A1-%D8%A7%D9%84%D8%B5%D8%A7%D9%84%D8%AD,True,بائع موثوق,5.0,148,86.69%,23,145,3 ساعات
تصميم,https://khamsat.com/designing,تصميم بروفايل شركة,https://khamsat.com/designing/company-profile-design,تصميم بروفايل وكتالوج شركتك بشكل احترافي لكل صفحة,https://khamsat.com/designing/company-profile-design/782624-%D8%AA%D8%B5%D9%85%D9%8A%D9%85-%D8%A8%D8%B1%D9%88%D9%81%D8%A7%D9%8A%D9%84-%D9%88%D9%83%D8%AA%D8%A7%D9%84%D9%88%D8%AC-%D8%B4%D8%B1%D9%83%D8%AA%D9%83-%D8%A8%D8%B4%D9%83%D9%84-%D8%A7%D8%AD%D8%AA%D8%B1%D8%A7%D9%81%D9%8A-%D9%84%D9%83%D9%84-%D8%B5%D9%81%D8%AD%D8%A9,4.5,44,يوم,72,0,$10.00,ثلاثة أيام,25,4,230.0,.Hasan A,https://khamsat.com/user/hassan-abu-daqen,True,بائع مميز,4.5,51,95.4%,3,79,يوم
تصميم,https://khamsat.com/designing,تصميم بروفايل شركة,https://khamsat.com/designing/company-profile-design,تصميم عرض السعر عقد التنفيذ احترافي،إبهار العملاء,https://khamsat.com/designing/company-profile-design/2944694-%D8%AA%D8%B5%D9%85%D9%8A%D9%85-%D8%B9%D8%B1%D8%B6-%D8%A7%D9%84%D8%B3%D8%B9%D8%B1-%D8%B9%D9%82%D8%AF-%D8%A7%D9%84%D8%AA%D9%86%D9%81%D9%8A%D8%B0-%D8%A7%D8%AD%D8%AA%D8%B1%D8%A7%D9%81%D9%8A%D8%A5%D8%A8%D9%87%D8%A7%D8%B1-%D8%A7%D9%84%D8%B9%D9%85%D9%84%D8%A7%D8%A1,4.5,10,6 دقائق,14,1,$15.00,يوم واحد,10,5,80.0,اسطفانوس ك.,https://khamsat.com/user/estafanos,True,بائع مميز,4.5,51,93.26%,7,58,ساعتين
تصميم,https://khamsat.com/designing,تصميم بروفايل شركة,https://khamsat.com/designing/company-profile-design,تصميم بروفايل شركة بشكل احترافى,https://khamsat.com/designing/company-profile-design/1483088-%D8%AA%D8%B5%D9%85%D9%8A%D9%85-%D8%A8%D8%B1%D9%88%D9%81%D8%A7%D9%8A%D9%84-%D8%B4%D8%B1%D9%83%D8%A9-%D8%A8%D8%B4%D9%83%D9%84-%D8%A7%D8%AD%D8%AA%D8%B1%D8%A7%D9%81%D9%89,5.0,12,13 دقيقة,13,0,$10.00,خمسة أيام,12,1,25.0,هنادي ا.,https://khamsat.com/user/hanadyalsaqqa,True,بائع مميز,4.5,30,91.89%,9,35,ساعة
تصميم,https://khamsat.com/designing,تصميم بروفايل شركة,https://khamsat.com/designing/company-profile-design,تصميم بروفايل شركات احترافي,https://khamsat.com/designing/company-profile-design/2297446-%D8%AA%D8%B5%D9%85%D9%8A%D9%85-%D8%A8%D8%B1%D9%88%D9%81%D8%A7%D9%8A%D9%84-%D8%B4%D8%B1%D9%83%D8%A7%D8%AA-%D8%A7%D8%AD%D8%AA%D8%B1%D8%A7%D9%81%D9%8A,5.0,1,34 دقيقة,2,0,$25.00,يومين,1,3,225.0,.Osama B,https://khamsat.com/user/osama_babiker,True,بائع نشيط,4.5,7,78.13%,2,8,ساعة
تصميم,https://khamsat.com/designing,تصميم بروفايل شركة,https://khamsat.com/designing/company-profile-design,تصميم بروفايل او ملف تعريفي احترافي بجودة و دقة عالية,https://khamsat.com/designing/company-profile-design/2763719-%D8%AA%D8%B5%D9%85%D9%8A%D9%85-%D8%A8%D8%B1%D9%88%D9%81%D8%A7%D9%8A%D9%84-%D8%A7%D9%88-%D9%85%D9%84%D9%81-%D8%AA%D8%B9%D8%B1%D9%8A%D9%81%D9%8A-%D8%A7%D8%AD%D8%AA%D8%B1%D8%A7%D9%81%D9%8A-%D8%A8%D8%AC%D9%88%D8%AF%D8%A9-%D9%88-%D8%AF%D9%82%D8%A9-%D8%B9%D8%A7%D9%84%D9%8A%D8%A9,4.5,15,ساعة,22,0,$10.00,يوم واحد,15,5,135.0,ريان عبد الرحمان ن.,https://khamsat.com/user/naimi32,True,بائع نشيط,4.5,16,75.76%,4,22,ساعة
تصميم,https://khamsat.com/designing,تصميم بروفايل شركة,https://khamsat.com/designing/company-profile-design,تصميم بروفايل شركة - ملف تعريفي - كاتالوج,https://khamsat.com/designing/company-profile-design/3016551-%D8%AA%D8%B5%D9%85%D9%8A%D9%85-%D8%A8%D8%B1%D9%88%D9%81%D8%A7%D9%8A%D9%84-%D8%B4%D8%B1%D9%83%D8%A9-%D9%85%D9%84%D9%81-%D8%AA%D8%B9%D8%B1%D9%8A%D9%81%D9%8A-%D9%83%D8%A7%D8%AA%D8%A7%D9%84%D9%88%D8%AC,5.0,1,ساعة,2,0,$25.00,ثلاثة أيام,1,1,25.0,علي م.,https://khamsat.com/user/xstar993,True,بائع مميز,5.0,127,92.07%,5,144,ساعة
تصميم,https://khamsat.com/designing,تصميم بروفايل شركة,https://khamsat.com/designing/company-profile-design,تصميم بروفايل شركتك / مؤسستك برؤية عصرية احترافية,https://khamsat.com/designing/company-profile-design/1576819-%D8%AA%D8%B5%D9%85%D9%8A%D9%85-%D8%A8%D8%B1%D9%88%D9%81%D8%A7%D9%8A%D9%84-%D8%B4%D8%B1%D9%83%D8%AA%D9%83-%D9%85%D8%A4%D8%B3%D8%B3%D8%AA%D9%83-%D8%A8%D8%B1%D8%A4%D9%8A%D8%A9-%D8%B9%D8%B5%D8%B1%D9%8A%D8%A9-%D8%A7%D8%AD%D8%AA%D8%B1%D8%A7%D9%81%D9%8A%D8%A9,5.0,35,32 دقيقة,38,0,$10.00,يومين,25,5,410.0,نور ا.,https://khamsat.com/user/%D9%86%D9%88%D8%B1-%D8%A7%D9%84%D8%AD%D8%B3%D9%86-%D8%A7%D9%84%D8%A8%D9%86%D8%A7,True,بائع مميز,5.0,40,80.28%,2,41,3 ساعات
تصميم,https://khamsat.com/designing,تصميم بروفايل شركة,https://khamsat.com/designing/company-profile-design,اعداد بروفايل شركة company profile كامل بكل الانواع,https://khamsat.com/designing/company-profile-design/1868287-%D8%A7%D8%B9%D8%AF%D8%A7%D8%AF-%D8%A8%D8%B1%D9%88%D9%81%D8%A7%D9%8A%D9%84-%D8%B4%D8%B1%D9%83%D8%A9-company-profile-%D9%83%D8%A7%D9%85%D9%84-%D8%A8%D9%83%D9%84-%D8%A7%D9%84%D8%A7%D9%86%D9%88%D8%A7%D8%B9,4.5,99,ساعة,138,2,$25.00,ثلاثة أيام,25,5,160.0,.Ali S,https://khamsat.com/user/ali_shaikh_shaban,True,بائع مميز,4.5,121,91.22%,2,161,4 ساعات
تصميم,https://khamsat.com/designing,تصميم بروفايل شركة,https://khamsat.com/designing/company-profile-design,تصميم بروفايل شركة بشكل احترافي ومميز,https://khamsat.com/designing/company-profile-design/2370755-%D8%AA%D8%B5%D9%85%D9%8A%D9%85-%D8%A8%D8%B1%D9%88%D9%81%D8%A7%D9%8A%D9%84-%D8%B4%D8%B1%D9%83%D8%A9-%D8%A8%D8%B4%D9%83%D9%84-%D8%A7%D8%AD%D8%AA%D8%B1%D8%A7%D9%81%D9%8A-%D9%88%D9%85%D9%85%D9%8A%D8%B2,4.5,5,يوم,5,0,$5.00,ثلاثة أيام,5,3,60.0,ريم ا.,https://khamsat.com/user/reem_nahed,True,بائع نشيط,5.0,28,92.86%,4,25,11 ساعة
تصميم,https://khamsat.com/designing,تصميم بروفايل شركة,https://khamsat.com/designing/company-profile-design,تصميم بروفيل شركات احترافي(Company Profile),https://khamsat.com/designing/company-profile-design/2855828-%D8%AA%D8%B5%D9%85%D9%8A%D9%85-%D8%A8%D8%B1%D9%88%D9%81%D9%8A%D9%84-%D8%B4%D8%B1%D9%83%D8%A7%D8%AA-%D8%A7%D8%AD%D8%AA%D8%B1%D8%A7%D9%81%D9%8Acompany-profile,5.0,7,15 دقيقة,10,0,$10.00,يومين,7,3,35.0,.Omnia A,https://khamsat.com/user/omnia_hendy159,True,بائع نشيط,5.0,17,93.1%,4,21,18 دقيقة
تصميم,https://khamsat.com/designing,تصميم بروفايل شركة,https://khamsat.com/designing/company-profile-design,تصميم بروفايل يعكس هويتك بطريقة احترافية وجذابة,https://khamsat.com/designing/company-profile-design/3023077-%D8%AA%D8%B5%D9%85%D9%8A%D9%85-%D8%A8%D8%B1%D9%88%D9%81%D8%A7%D9%8A%D9%84-%D9%8A%D8%B9%D9%83%D8%B3-%D9%87%D9%88%D9%8A%D8%AA%D9%83-%D8%A8%D8%B7%D8%B1%D9%8A%D9%82%D8%A9-%D8%A7%D8%AD%D8%AA%D8%B1%D8%A7%D9%81%D9%8A%D8%A9-%D9%88%D8%AC%D8%B0%D8%A7%D8%A8%D8%A9,5.0,2,18 ساعة,2,0,$10.00,يوم واحد,2,4,110.0,سجى أ.,https://khamsat.com/user/saja_abu_samra,True,بائع نشيط,5.0,6,100.0%,3,4,10 ساعات
تصميم,https://khamsat.com/designing,تصميم بروفايل شركة,https://khamsat.com/designing/company-profile-design,تصميم بروفايل احترافي مميز وعصري,https://khamsat.com/designing/company-profile-design/2068937-%D8%AA%D8%B5%D9%85%D9%8A%D9%85-%D8%A8%D8%B1%D9%88%D9%81%D8%A7%D9%8A%D9%84-%D8%A7%D8%AD%D8%AA%D8%B1%D8%A7%D9%81%D9%8A-%D9%85%D9%85%D9%8A%D8%B2-%D9%88%D8%B9%D8%B5%D8%B1%D9%8A,5.0,8,5 ساعات,10,0,$5.00,يوم واحد,8,4,55.0,داليا ا.,https://khamsat.com/user/saidawad1995,True,بائع مميز,5.0,74,89.53%,2,96,8 ساعات
تصميم,https://khamsat.com/designing,تصميم بروفايل شركة,https://khamsat.com/designing/company-profile-design,تصميم بروفايل شركات احترافي عصري,https://khamsat.com/designing/company-profile-design/1676428-%D8%AA%D8%B5%D9%85%D9%8A%D9%85-%D8%A8%D8%B1%D9%88%D9%81%D8%A7%D9%8A%D9%84-%D8%B4%D8%B1%D9%83%D8%A7%D8%AA-%D8%A7%D8%AD%D8%AA%D8%B1%D8%A7%D9%81%D9%8A-%D8%B9%D8%B5%D8%B1%D9%8A,4.5,25,6 دقائق,32,0,$5.00,يوم واحد,25,4,110.0,.Rufaida A,https://khamsat.com/user/rufaidaalqarnawi2020,True,بائع مميز,4.5,45,86.16%,5,49,ساعة
تصميم,https://khamsat.com/designing,تصميم بروفايل شركة,https://khamsat.com/designing/company-profile-design,تصميم بروفايل الشركات بشكل إبداعي,https://khamsat.com/designing/company-profile-design/2039158-%D8%AA%D8%B5%D9%85%D9%8A%D9%85-%D8%A8%D8%B1%D9%88%D9%81%D8%A7%D9%8A%D9%84-%D8%A7%D9%84%D8%B4%D8%B1%D9%83%D8%A7%D8%AA-%D8%A8%D8%B4%D9%83%D9%84-%D8%A5%D8%A8%D8%AF%D8%A7%D8%B9%D9%8A,4.5,28,13 ساعة,40,0,$5.00,يومين,25,5,160.0,.Bashar J,https://khamsat.com/user/bashar_jouda,True,بائع مميز,4.5,121,93.13%,5,147,6 ساعات
تصميم,https://khamsat.com/designing,تصميم بروفايل شركة,https://khamsat.com/designing/company-profile-design,تصميم بروفايل ملف تعريفي لشركتك باحترافية,https://khamsat.com/designing/company-profile-design/1958507-%D8%AA%D8%B5%D9%85%D9%8A%D9%85-%D8%A8%D8%B1%D9%88%D9%81%D8%A7%D9%8A%D9%84-%D9%85%D9%84%D9%81-%D8%AA%D8%B9%D8%B1%D9%8A%D9%81%D9%8A-%D9%84%D8%B4%D8%B1%D9%83%D8%AA%D9%83-%D8%A8%D8%A7%D8%AD%D8%AA%D8%B1%D8%A7%D9%81%D9%8A%D8%A9,5.0,10,ساعة,15,0,$10.00,يوم واحد,10,2,80.0,.Taher S,https://khamsat.com/user/taher_sayed,True,بائع نشيط,5.0,19,84.44%,6,25,ساعتين
تصميم,https://khamsat.com/designing,تصميم بروفايل شركة,https://khamsat.com/designing/company-profile-design,تصميم بروفايل شركة احترافي,https://khamsat.com/designing/company-profile-design/3013995-%D8%AA%D8%B5%D9%85%D9%8A%D9%85-%D8%A8%D8%B1%D9%88%D9%81%D8%A7%D9%8A%D9%84-%D8%B4%D8%B1%D9%83%D8%A9-%D8%A7%D8%AD%D8%AA%D8%B1%D8%A7%D9%81%D9%8A,5.0,2,6 دقائق,2,0,$5.00,يوم واحد,2,4,85.0,.Omar A,https://khamsat.com/user/omar_ayman_17,True,بائع نشيط,4.5,26,89.19%,3,28,6 ساعات
تصميم,https://khamsat.com/designing,تصميم بروفايل شركة,https://khamsat.com/designing/company-profile-design,تصميم بروفايل احترافي للشركات والمؤسسات (ملف تعريفي),https://khamsat.com/designing/company-profile-design/2457540-%D8%AA%D8%B5%D9%85%D9%8A%D9%85-%D8%A8%D8%B1%D9%88%D9%81%D8%A7%D9%8A%D9%84-%D8%A7%D8%AD%D8%AA%D8%B1%D8%A7%D9%81%D9%8A-%D9%84%D9%84%D8%B4%D8%B1%D9%83%D8%A7%D8%AA-%D9%88%D8%A7%D9%84%D9%85%D8%A4%D8%B3%D8%B3%D8%A7%D8%AA-%D9%85%D9%84%D9%81-%D8%AA%D8%B9%D8%B1%D9%8A%D9%81%D9%8A,5.0,7,ساعة,7,0,$20.00,أربعة أيام,7,4,115.0,.Maha E,https://khamsat.com/user/eng.mnooooosh,True,بائع مميز,5.0,205,93.82%,12,287,6 ساعات
تصميم,https://khamsat.com/designing,تصميم بطاقة عمل,https://khamsat.com/designing/business-cards,تصميم بطاقات عمل و بطاقات شخصية,https://khamsat.com/designing/business-cards/3044400-%D8%AA%D8%B5%D9%85%D9%8A%D9%85-%D8%A8%D8%B7%D8%A7%D9%82%D8%A7%D8%AA-%D8%B9%D9%85%D9%84-%D9%88-%D8%A8%D8%B7%D8%A7%D9%82%D8%A7%D8%AA-%D8%B4%D8%AE%D8%B5%D9%8A%D8%A9,4.5,1,6 دقائق,2,0,$10.00,أسبوع,1,1,5.0,حافظ غ.,https://khamsat.com/user/haveit,True,بائع جديد,4.5,2,85.71%,3,3,55 دقيقة
تصميم,https://khamsat.com/designing,تصميم بطاقة عمل,https://khamsat.com/designing/business-cards,تصميم بزنس كارد باحترافيه,https://khamsat.com/designing/business-cards/2905840-%D8%AA%D8%B5%D9%85%D9%8A%D9%85-%D8%A8%D8%B2%D9%86%D8%B3-%D9%83%D8%A7%D8%B1%D8%AF-%D8%A8%D8%A7%D8%AD%D8%AA%D8%B1%D8%A7%D9%81%D9%8A%D9%87,5.0,1,لم يحسب,1,0,$5.00,يوم واحد,1,0,0.0,.Eslam A,https://khamsat.com/user/eslam_adel_aldraimli,True,بائع نشيط,5.0,10,100.0%,6,6,20 دقيقة
تصميم,https://khamsat.com/designing,تصميم بطاقة عمل,https://khamsat.com/designing/business-cards,تصميم بطاقة اعمال بزنس كارد احترافية مناسبة لك,https://khamsat.com/designing/business-cards/3026799-%D8%AA%D8%B5%D9%85%D9%8A%D9%85-%D8%A8%D8%B7%D8%A7%D9%82%D8%A9-%D8%A7%D8%B9%D9%85%D8%A7%D9%84-%D8%A8%D8%B2%D9%86%D8%B3-%D9%83%D8%A7%D8%B1%D8%AF-%D8%A7%D8%AD%D8%AA%D8%B1%D8%A7%D9%81%D9%8A%D8%A9-%D9%85%D9%86%D8%A7%D8%B3%D8%A8%D8%A9-%D9%84%D9%83,5.0,2,45 دقيقة,3,0,$5.00,يوم واحد,2,2,40.0,.Khaled E,https://khamsat.com/user/elzayat711,True,بائع جديد,5.0,2,100.0%,4,3,45 دقيقة
تصميم,https://khamsat.com/designing,تصميم بطاقة عمل,https://khamsat.com/designing/business-cards,تصميم بزنس كارد الوجهين معاً لك أو لشركتك الخاصة,https://khamsat.com/designing/business-cards/1808793-%D8%AA%D8%B5%D9%85%D9%8A%D9%85-%D8%A8%D8%B2%D9%86%D8%B3-%D9%83%D8%A7%D8%B1%D8%AF-%D8%A7%D9%84%D9%88%D8%AC%D9%87%D9%8A%D9%86-%D9%85%D8%B9%D8%A7-%D9%84%D9%83-%D8%A3%D9%88-%D9%84%D8%B4%D8%B1%D9%83%D8%AA%D9%83-%D8%A7%D9%84%D8%AE%D8%A7%D8%B5%D8%A9,4.5,14,13 دقيقة,16,0,$20.00,يوم واحد,14,3,45.0,سفيان ب.,https://khamsat.com/user/belhadj_soufiane,True,بائع مميز,5.0,71,95.49%,5,79,ساعة
تصميم,https://khamsat.com/designing,تصميم بطاقة عمل,https://khamsat.com/designing/business-cards,تصميم بزنس كارد احترافي business card,https://khamsat.com/designing/business-cards/2443212-%D8%AA%D8%B5%D9%85%D9%8A%D9%85-%D8%A8%D8%B2%D9%86%D8%B3-%D9%83%D8%A7%D8%B1%D8%AF-%D8%A7%D8%AD%D8%AA%D8%B1%D8%A7%D9%81%D9%8A-business-card,4.5,19,9 دقائق,20,0,$20.00,يوم واحد,19,3,140.0,.Mahmoud A,https://khamsat.com/user/mahmoud_ayman_2,True,بائع نشيط,4.5,21,100.0%,2,22,23 دقيقة
تصميم,https://khamsat.com/designing,تصميم بطاقة عمل,https://khamsat.com/designing/business-cards,تصميم بطاقة عمل و ورق رسمي و فاتورة,https://khamsat.com/designing/business-cards/2325526-%D8%AA%D8%B5%D9%85%D9%8A%D9%85-%D8%A8%D8%B7%D8%A7%D9%82%D8%A9-%D8%B9%D9%85%D9%84-%D9%88-%D9%88%D8%B1%D9%82-%D8%B1%D8%B3%D9%85%D9%8A-%D9%88-%D9%81%D8%A7%D8%AA%D9%88%D8%B1%D8%A9,4.5,7,ساعة,6,0,$10.00,يومين,7,3,40.0,.Nassim G,https://khamsat.com/user/nassim9200,True,بائع نشيط,4.5,10,78.26%,6,12,59 دقيقة
تصميم,https://khamsat.com/designing,تصميم بطاقة عمل,https://khamsat.com/designing/business-cards,استلم بطاقة أعمال إحترافية ( Buisness Card ),https://khamsat.com/designing/business-cards/2306107-%D8%A7%D8%B3%D8%AA%D9%84%D9%85-%D8%A8%D8%B7%D8%A7%D9%82%D8%A9-%D8%A3%D8%B9%D9%85%D8%A7%D9%84-%D8%A5%D8%AD%D8%AA%D8%B1%D8%A7%D9%81%D9%8A%D8%A9-buisness-card,4.5,7,18 ساعة,9,0,$5.00,يوم واحد,7,2,10.0,.Haitam C,https://khamsat.com/user/haitam_chamrahi,True,بائع نشيط,4.5,56,88.0%,4,60,6 ساعات
تصميم,https://khamsat.com/designing,تصميم بطاقة عمل,https://khamsat.com/designing/business-cards,تصميم بطاقات الأعمال الاحترافية,https://khamsat.com/designing/business-cards/2080342-%D8%AA%D8%B5%D9%85%D9%8A%D9%85-%D8%A8%D8%B7%D8%A7%D9%82%D8%A7%D8%AA-%D8%A7%D9%84%D8%A3%D8%B9%D9%85%D8%A7%D9%84-%D8%A7%D9%84%D8%A7%D8%AD%D8%AA%D8%B1%D8%A7%D9%81%D9%8A%D8%A9,5.0,9,ساعة,9,0,$30.00,يوم واحد,9,1,15.0,.Mohcen H,https://khamsat.com/user/mohcen-hasan,True,بائع موثوق,5.0,464,96.4%,3,562,49 دقيقة
تصميم,https://khamsat.com/designing,تصميم بطاقة عمل,https://khamsat.com/designing/business-cards,تصميم بطاقات عمل (Business Card),https://khamsat.com/designing/business-cards/2326723-%D8%AA%D8%B5%D9%85%D9%8A%D9%85-%D8%A8%D8%B7%D8%A7%D9%82%D8%A7%D8%AA-%D8%B9%D9%85%D9%84-business-card,5.0,5,3 ساعات,4,0,$5.00,يومين,5,1,5.0,رغد أ.,https://khamsat.com/user/raghad_2shammala,True,بائع نشيط,5.0,20,100.0%,4,17,4 ساعات
تصميم,https://khamsat.com/designing,تصميم بطاقة عمل,https://khamsat.com/designing/business-cards,تصميم بزنس كارد احترافي ذو وجهين مع qr كود,https://khamsat.com/designing/business-cards/2882219-%D8%AA%D8%B5%D9%85%D9%8A%D9%85-%D8%A8%D8%B2%D9%86%D8%B3-%D9%83%D8%A7%D8%B1%D8%AF-%D8%A7%D8%AD%D8%AA%D8%B1%D8%A7%D9%81%D9%8A-%D8%B0%D9%88-%D9%88%D8%AC%D9%87%D9%8A%D9%86-%D9%85%D8%B9-qr-%D9%83%D9%88%D8%AF,5.0,4,ساعتين,4,1,$20.00,يومين,4,1,5.0,.Bushra A,https://khamsat.com/user/bushra_assi,True,بائع مميز,4.5,164,88.89%,6,187,5 ساعات
تصميم,https://khamsat.com/designing,تصميم بطاقة عمل,https://khamsat.com/designing/business-cards,تصميم كافة أنواع بطاقات العمل(Business card) بأفكار إبداعية,https://khamsat.com/designing/business-cards/2458549-%D8%AA%D8%B5%D9%85%D9%8A%D9%85-%D9%83%D8%A7%D9%81%D8%A9-%D8%A3%D9%86%D9%88%D8%A7%D8%B9-%D8%A8%D8%B7%D8%A7%D9%82%D8%A7%D8%AA-%D8%A7%D9%84%D8%B9%D9%85%D9%84business-card-%D8%A8%D8%A3%D9%81%D9%83%D8%A7%D8%B1-%D8%A5%D8%A8%D8%AF%D8%A7%D8%B9%D9%8A%D8%A9,5.0,1,3 ساعات,1,0,$5.00,يوم واحد,1,2,15.0,ميار ح.,https://khamsat.com/user/mayar_hamad,True,بائع جديد,5.0,1,100.0%,5,1,3 ساعات
تصميم,https://khamsat.com/designing,تصميم بطاقة عمل,https://khamsat.com/designing/business-cards,تصميم كرت شخصي او أعمال ببرنامج الاليستريتر لدقة اعلى,https://khamsat.com/designing/business-cards/2568057-%D8%AA%D8%B5%D9%85%D9%8A%D9%85-%D9%83%D8%B1%D8%AA-%D8%B4%D8%AE%D8%B5%D9%8A-%D8%A7%D9%88-%D8%A3%D8%B9%D9%85%D8%A7%D9%84-%D8%A8%D8%A8%D8%B1%D9%86%D8%A7%D9%85%D8%AC-%D8%A7%D9%84%D8%A7%D9%84%D9%8A%D8%B3%D8%AA%D8%B1%D9%8A%D8%AA%D8%B1-%D9%84%D8%AF%D9%82%D8%A9-%D8%A7%D8%B9%D9%84%D9%89,5.0,6,18 دقيقة,7,0,$10.00,يومين,6,0,0.0,سهير س.,https://khamsat.com/user/suheir1990,True,بائع مميز,5.0,29,100.0%,8,33,4 ساعات
تصميم,https://khamsat.com/designing,تصميم بطاقة عمل,https://khamsat.com/designing/business-cards,تصميم ( ورق مراسلات و ظرف مراسلات A4) لشركتك أونشاطك التجاري,https://khamsat.com/designing/business-cards/2438737-%D8%AA%D8%B5%D9%85%D9%8A%D9%85-%D9%88%D8%B1%D9%82-%D9%85%D8%B1%D8%A7%D8%B3%D9%84%D8%A7%D8%AA-%D9%88-%D8%B8%D8%B1%D9%81-%D9%85%D8%B1%D8%A7%D8%B3%D9%84%D8%A7%D8%AA-a4-%D9%84%D8%B4%D8%B1%D9%83%D8%AA%D9%83-%D8%A3%D9%88%D9%86%D8%B4%D8%A7%D8%B7%D9%83-%D8%A7%D9%84%D8%AA%D8%AC%D8%A7%D8%B1%D9%8A,5.0,5,35 دقيقة,6,0,$5.00,يوم واحد,5,4,65.0,.Ahmed T,https://khamsat.com/user/ahmedtarek558,True,بائع نشيط,5.0,14,95.83%,2,16,ساعة
تصميم,https://khamsat.com/designing,تصميم بطاقة عمل,https://khamsat.com/designing/business-cards,تصميم بطاقة أعمال احترافية,https://khamsat.com/designing/business-cards/2836081-%D8%AA%D8%B5%D9%85%D9%8A%D9%85-%D8%A8%D8%B7%D8%A7%D9%82%D8%A9-%D8%A3%D8%B9%D9%85%D8%A7%D9%84-%D8%A7%D8%AD%D8%AA%D8%B1%D8%A7%D9%81%D9%8A%D8%A9,5.0,7,ساعة,9,0,$10.00,يوم واحد,7,2,10.0,.Hassan Z,https://khamsat.com/user/hassan_gamal1993,True,بائع مميز,4.5,183,94.53%,4,218,ساعة
تصميم,https://khamsat.com/designing,تصميم بطاقة عمل,https://khamsat.com/designing/business-cards,تصميم كارت شخصي يعبر عن هويتك فريد ومميز.,https://khamsat.com/designing/business-cards/737342-%D8%AA%D8%B5%D9%85%D9%8A%D9%85-%D9%83%D8%A7%D8%B1%D8%AA-%D8%B4%D8%AE%D8%B5%D9%8A-%D9%8A%D8%B9%D8%A8%D8%B1-%D8%B9%D9%86-%D9%87%D9%88%D9%8A%D8%AA%D9%83-%D9%81%D8%B1%D9%8A%D8%AF-%D9%88%D9%85%D9%85%D9%8A%D8%B2,5.0,6,12 ساعة,7,0,$5.00,يومين,6,2,15.0,.Rana M,https://khamsat.com/user/rana-metawea,True,بائع مميز,4.5,108,97.73%,3,132,6 ساعات
تصميم,https://khamsat.com/designing,تصميم بطاقة عمل,https://khamsat.com/designing/business-cards,تصميم كرت شخصي بشكل احترافي,https://khamsat.com/designing/business-cards/2927806-%D8%AA%D8%B5%D9%85%D9%8A%D9%85-%D9%83%D8%B1%D8%AA-%D8%B4%D8%AE%D8%B5%D9%8A-%D8%A8%D8%B4%D9%83%D9%84-%D8%A7%D8%AD%D8%AA%D8%B1%D8%A7%D9%81%D9%8A,5.0,1,لم يحسب,1,0,$5.00,يوم واحد,1,0,0.0,نور ج.,https://khamsat.com/user/noor_mar3e,True,بائع نشيط,5.0,8,87.5%,3,7,10 دقائق
تصميم,https://khamsat.com/designing,تصميم بطاقة عمل,https://khamsat.com/designing/business-cards,تصميم بطاقة أعمالك بشكل احترافي,https://khamsat.com/designing/business-cards/1656992-%D8%AA%D8%B5%D9%85%D9%8A%D9%85-%D8%A8%D8%B7%D8%A7%D9%82%D8%A9-%D8%A3%D8%B9%D9%85%D8%A7%D9%84%D9%83-%D8%A8%D8%B4%D9%83%D9%84-%D8%A7%D8%AD%D8%AA%D8%B1%D8%A7%D9%81%D9%8A,5.0,20,10 ساعات,25,0,$10.00,يوم واحد,20,2,10.0,.Mohammed D,https://khamsat.com/user/muhammad1994,True,بائع مميز,5.0,292,94.36%,9,306,4 ساعات
تصميم,https://khamsat.com/designing,تصميم بطاقة عمل,https://khamsat.com/designing/business-cards,تصميم بطاقة أعمال Business card,https://khamsat.com/designing/business-cards/2778411-%D8%AA%D8%B5%D9%85%D9%8A%D9%85-%D8%A8%D8%B7%D8%A7%D9%82%D8%A9-%D8%A3%D8%B9%D9%85%D8%A7%D9%84-business-card,5.0,3,أقل من دقيقة,3,0,$5.00,يومين,3,1,5.0,.Georges S,https://khamsat.com/user/georges45,True,بائع نشيط,5.0,11,100.0%,2,13,23 دقيقة
تصميم,https://khamsat.com/designing,تصميم بطاقة عمل,https://khamsat.com/designing/business-cards,تصميم كرت عمل شخصي إحترافي للأفراد أو للشركات,https://khamsat.com/designing/business-cards/2645147-%D8%AA%D8%B5%D9%85%D9%8A%D9%85-%D9%83%D8%B1%D8%AA-%D8%B9%D9%85%D9%84-%D8%B4%D8%AE%D8%B5%D9%8A-%D8%A5%D8%AD%D8%AA%D8%B1%D8%A7%D9%81%D9%8A-%D9%84%D9%84%D8%A3%D9%81%D8%B1%D8%A7%D8%AF-%D8%A3%D9%88-%D9%84%D9%84%D8%B4%D8%B1%D9%83%D8%A7%D8%AA,0.0,0,لم يحسب,1,0,$5.00,يوم واحد,0,3,15.0,.Amer Z,https://khamsat.com/user/amerzantah,True,بائع مميز,5.0,40,98.0%,11,40,8 ساعات
تصميم,https://khamsat.com/designing,تصميم بطاقة عمل,https://khamsat.com/designing/business-cards,تصميم بزنس كارد,https://khamsat.com/designing/business-cards/971355-%D8%AA%D8%B5%D9%85%D9%8A%D9%85-%D8%A8%D8%B2%D9%86%D8%B3-%D9%83%D8%A7%D8%B1%D8%AF,5.0,17,3 ساعات,24,0,$10.00,يومين,17,4,65.0,.Najlaa A,https://khamsat.com/user/najlaa-abuouda,True,بائع نشيط,5.0,17,100.0%,4,24,52 دقيقة
تصميم,https://khamsat.com/designing,تصميم بطاقة عمل,https://khamsat.com/designing/business-cards,تصميم كارت بيزنس/ كارت شخصي احترافي,https://khamsat.com/designing/business-cards/789939-%D8%AA%D8%B5%D9%85%D9%8A%D9%85-%D9%83%D8%A7%D8%B1%D8%AA-%D8%A8%D9%8A%D8%B2%D9%86%D8%B3-%D9%83%D8%A7%D8%B1%D8%AA-%D8%B4%D8%AE%D8%B5%D9%8A-%D8%A7%D8%AD%D8%AA%D8%B1%D8%A7%D9%81%D9%8A,4.5,9,ساعة,13,0,$5.00,يومين,9,5,145.0,محمد ع.,https://khamsat.com/user/mr-graphic,True,بائع مميز,4.5,158,96.66%,7,189,6 ساعات
تصميم,https://khamsat.com/designing,تصميم بطاقة عمل,https://khamsat.com/designing/business-cards,تصميم بطاقة عمل,https://khamsat.com/designing/business-cards/1316201-%D8%AA%D8%B5%D9%85%D9%8A%D9%85-%D8%A8%D8%B7%D8%A7%D9%82%D8%A9-%D8%B9%D9%85%D9%84,5.0,29,8 ساعات,32,0,$10.00,يومين,25,3,155.0,محمد ع.,https://khamsat.com/user/wafai2011,True,بائع مميز,5.0,127,96.21%,9,134,3 ساعات
تصميم,https://khamsat.com/designing,تصميم بطاقة عمل,https://khamsat.com/designing/business-cards,تصميم كارت شخصي متميز(Business Card),https://khamsat.com/designing/business-cards/1235742-%D8%AA%D8%B5%D9%85%D9%8A%D9%85-%D9%83%D8%A7%D8%B1%D8%AA-%D8%B4%D8%AE%D8%B5%D9%8A-%D9%85%D8%AA%D9%85%D9%8A%D8%B2business-card,5.0,5,أقل من دقيقة,9,0,$5.00,يوم واحد,5,0,0.0,.Omar M,https://khamsat.com/user/omar_mm,True,بائع نشيط,5.0,11,88.1%,10,16,3 ساعات
تصميم,https://khamsat.com/designing,تصميم توقيع,https://khamsat.com/designing/signature,تصميم قالب لبريدك الإلكتروني,https://khamsat.com/designing/signature/3043520-%D8%AA%D8%B5%D9%85%D9%8A%D9%85-%D9%82%D8%A7%D9%84%D8%A8-%D9%84%D8%A8%D8%B1%D9%8A%D8%AF%D9%83-%D8%A7%D9%84%D8%A5%D9%84%D9%83%D8%AA%D8%B1%D9%88%D9%86%D9%8A,5.0,1,27 دقيقة,1,0,$10.00,يومين,1,4,30.0,.Walid B,https://khamsat.com/user/walid_belmahi,True,بائع جديد,5.0,1,100.0%,1,1,27 دقيقة
تصميم,https://khamsat.com/designing,تصميم توقيع,https://khamsat.com/designing/signature,اصمم لك توقيع شخصي احترافي جداً تبهر به زملائك,https://khamsat.com/designing/signature/1658116-%D8%A7%D8%B5%D9%85%D9%85-%D9%84%D9%83-%D8%AA%D9%88%D9%82%D9%8A%D8%B9-%D8%B4%D8%AE%D8%B5%D9%8A-%D8%A7%D8%AD%D8%AA%D8%B1%D8%A7%D9%81%D9%8A-%D8%AC%D8%AF%D8%A7-%D8%AA%D8%A8%D9%87%D8%B1-%D8%A8%D9%87-%D8%B2%D9%85%D9%84%D8%A7%D8%A6%D9%83,4.5,192,6 ساعات,299,0,$10.00,أربعة أيام,25,3,35.0,محمد ا.,https://khamsat.com/user/melokah90,True,بائع مميز,4.5,192,92.08%,1,299,6 ساعات
تصميم,https://khamsat.com/designing,تصميم توقيع,https://khamsat.com/designing/signature,تصميم توقيع شخصي بالخط العربي,https://khamsat.com/designing/signature/2995790-%D8%AA%D8%B5%D9%85%D9%8A%D9%85-%D8%AA%D9%88%D9%82%D9%8A%D8%B9-%D8%B4%D8%AE%D8%B5%D9%8A-%D8%A8%D8%A7%D9%84%D8%AE%D8%B7-%D8%A7%D9%84%D8%B9%D8%B1%D8%A8%D9%8A,5.0,4,ساعة,6,0,$10.00,يوم واحد,4,5,55.0,.Abdul Razzak S,https://khamsat.com/user/shaheen96,True,بائع مميز,5.0,164,99.11%,4,187,ساعتين
تصميم,https://khamsat.com/designing,تصميم توقيع,https://khamsat.com/designing/signature,تصميم توقيع بريد إلكتروني لك أو لشركتك بتنسيق HTML أو JPG,https://khamsat.com/designing/signature/2152894-%D8%AA%D8%B5%D9%85%D9%8A%D9%85-%D8%AA%D9%88%D9%82%D9%8A%D8%B9-%D8%A8%D8%B1%D9%8A%D8%AF-%D8%A5%D9%84%D9%83%D8%AA%D8%B1%D9%88%D9%86%D9%8A-%D9%84%D9%83-%D8%A3%D9%88-%D9%84%D8%B4%D8%B1%D9%83%D8%AA%D9%83-%D8%A8%D8%AA%D9%86%D8%B3%D9%8A%D9%82-html-%D8%A3%D9%88-jpg,4.5,12,4 ساعات,17,0,$25.00,يوم واحد,12,3,135.0,سفيان ب.,https://khamsat.com/user/belhadj_soufiane,True,بائع مميز,5.0,71,95.49%,5,79,ساعة
تصميم,https://khamsat.com/designing,تصميم توقيع,https://khamsat.com/designing/signature,تصميم وكتابة الأسماء والعبارات بالخط العربي الثلث,https://khamsat.com/designing/signature/2689063-%D8%AA%D8%B5%D9%85%D9%8A%D9%85-%D9%88%D9%83%D8%AA%D8%A7%D8%A8%D8%A9-%D8%A7%D9%84%D8%A3%D8%B3%D9%85%D8%A7%D8%A1-%D9%88%D8%A7%D9%84%D8%B9%D8%A8%D8%A7%D8%B1%D8%A7%D8%AA-%D8%A8%D8%A7%D9%84%D8%AE%D8%B7-%D8%A7%D9%84%D8%B9%D8%B1%D8%A8%D9%8A-%D8%A7%D9%84%D8%AB%D9%84%D8%AB,5.0,6,ساعة,7,0,$20.00,يومين,6,2,20.0,يوسف ع.,https://khamsat.com/user/yusufabdo,True,بائع نشيط,5.0,7,80.0%,3,8,44 دقيقة
تصميم,https://khamsat.com/designing,تصميم توقيع,https://khamsat.com/designing/signature,تصميم توقيع إحترافي بإسمك,https://khamsat.com/designing/signature/1804813-%D8%AA%D8%B5%D9%85%D9%8A%D9%85-%D8%AA%D9%88%D9%82%D9%8A%D8%B9-%D8%A5%D8%AD%D8%AA%D8%B1%D8%A7%D9%81%D9%8A-%D8%A8%D8%A5%D8%B3%D9%85%D9%83,5.0,24,ساعة,39,0,$25.00,يوم واحد,24,4,170.0,سفيان ب.,https://khamsat.com/user/belhadj_soufiane,True,بائع مميز,5.0,71,95.49%,5,79,ساعة
تصميم,https://khamsat.com/designing,تصميم توقيع,https://khamsat.com/designing/signature,اصمم لك توقيع شخصي احترافي جداً لتمييز ملفاتك,https://khamsat.com/designing/signature/2482413-%D8%A7%D8%B5%D9%85%D9%85-%D9%84%D9%83-%D8%AA%D9%88%D9%82%D9%8A%D8%B9-%D8%B4%D8%AE%D8%B5%D9%8A-%D8%A7%D8%AD%D8%AA%D8%B1%D8%A7%D9%81%D9%8A-%D8%AC%D8%AF%D8%A7-%D9%84%D8%AA%D9%85%D9%8A%D9%8A%D8%B2-%D9%85%D9%84%D9%81%D8%A7%D8%AA%D9%83,5.0,2,3 دقائق,5,0,$10.00,يوم واحد,2,0,0.0,.Mohamed A,https://khamsat.com/user/atlas_med,True,بائع نشيط,5.0,8,100.0%,8,14,4 ساعات
تصميم,https://khamsat.com/designing,تصميم توقيع,https://khamsat.com/designing/signature,توقيعـك الشخصي بخـط اليد,https://khamsat.com/designing/signature/952439-%D8%AA%D9%88%D9%82%D9%8A%D8%B9%D9%80%D9%83-%D8%A7%D9%84%D8%B4%D8%AE%D8%B5%D9%8A-%D8%A8%D8%AE%D9%80%D8%B7-%D8%A7%D9%84%D9%8A%D8%AF,4.5,15,15 دقيقة,32,0,$10.00,يومين,15,4,45.0,.Adel O,https://khamsat.com/user/adel-omar,True,بائع مميز,5.0,88,92.83%,8,141,ساعتين
تصميم,https://khamsat.com/designing,تصميم توقيع,https://khamsat.com/designing/signature,تصميم نموذج اقتباس جميل وجذاب بشكل احترافي,https://khamsat.com/designing/signature/2762952-%D8%AA%D8%B5%D9%85%D9%8A%D9%85-%D9%86%D9%85%D9%88%D8%B0%D8%AC-%D8%A7%D9%82%D8%AA%D8%A8%D8%A7%D8%B3-%D8%AC%D9%85%D9%8A%D9%84-%D9%88%D8%AC%D8%B0%D8%A7%D8%A8-%D8%A8%D8%B4%D9%83%D9%84-%D8%A7%D8%AD%D8%AA%D8%B1%D8%A7%D9%81%D9%8A,5.0,1,لم يحسب,1,0,$50.00,أسبوع,1,5,505.0,.Fathi G,https://khamsat.com/user/vianto,True,بائع موثوق,4.5,224,98.01%,28,142,6 ساعات
تصميم,https://khamsat.com/designing,تصميم توقيع,https://khamsat.com/designing/signature,إمضاء خاص بك للإيميلات بشكل حديث و احترافى - Email Signature,https://khamsat.com/designing/signature/2490532-%D8%A5%D9%85%D8%B6%D8%A7%D8%A1-%D8%AE%D8%A7%D8%B5-%D8%A8%D9%83-%D9%84%D9%84%D8%A5%D9%8A%D9%85%D9%8A%D9%84%D8%A7%D8%AA-%D8%A8%D8%B4%D9%83%D9%84-%D8%AD%D8%AF%D9%8A%D8%AB-%D9%88-%D8%A7%D8%AD%D8%AA%D8%B1%D8%A7%D9%81%D9%89-email-signature,0.0,0,4 دقائق,2,0,$5.00,يوم واحد,0,0,0.0,احمد ف.,https://khamsat.com/user/midosoliman,True,بائع جديد,0.0,0,100.0%,4,2,4 دقائق
تصميم,https://khamsat.com/designing,تصميم توقيع,https://khamsat.com/designing/signature,سأحول توقيعك الخاص إلى توقيع رقمي,https://khamsat.com/designing/signature/1103601-%D8%B3%D8%A3%D8%AD%D9%88%D9%84-%D8%AA%D9%88%D9%82%D9%8A%D8%B9%D9%83-%D8%A7%D9%84%D8%AE%D8%A7%D8%B5-%D8%A5%D9%84%D9%89-%D8%AA%D9%88%D9%82%D9%8A%D8%B9-%D8%B1%D9%82%D9%85%D9%8A,5.0,2,3 ساعات,4,0,$5.00,يوم واحد,2,0,0.0,.Zakariae K,https://khamsat.com/user/zakariii,True,بائع نشيط,5.0,6,90.91%,2,8,ساعتين
تصميم,https://khamsat.com/designing,تصميم توقيع,https://khamsat.com/designing/signature,تصميم توقيعك الخاص بك,https://khamsat.com/designing/signature/1502621-%D8%AA%D8%B5%D9%85%D9%8A%D9%85-%D8%AA%D9%88%D9%82%D9%8A%D8%B9%D9%83-%D8%A7%D9%84%D8%AE%D8%A7%D8%B5-%D8%A8%D9%83,4.5,5,16 ساعة,6,0,$5.00,يوم واحد,5,2,10.0,.Ahmed T,https://khamsat.com/user/ahmed_mohamed_thabet,True,بائع جديد,4.5,5,66.67%,3,6,16 ساعة
تصميم,https://khamsat.com/designing,تصميم توقيع,https://khamsat.com/designing/signature,تصميم شعار مميز و باحترافية,https://khamsat.com/designing/signature/2786417-%D8%AA%D8%B5%D9%85%D9%8A%D9%85-%D8%B4%D8%B9%D8%A7%D8%B1-%D9%85%D9%85%D9%8A%D8%B2-%D9%88-%D8%A8%D8%A7%D8%AD%D8%AA%D8%B1%D8%A7%D9%81%D9%8A%D8%A9,0.0,0,لم يحسب,0,0,$5.00,يوم واحد,0,0,0.0,.Mahmoud S,https://khamsat.com/user/mahmoudsaiedhemdan,False,بائع جديد,0.0,0,لم يحسب بعد,1,0,لم يحسب
تصميم,https://khamsat.com/designing,تصميم توقيع,https://khamsat.com/designing/signature,تصميم توقيع إحترافي بإسمك,https://khamsat.com/designing/signature/2538474-%D8%AA%D8%B5%D9%85%D9%8A%D9%85-%D8%AA%D9%88%D9%82%D9%8A%D8%B9-%D8%A5%D8%AD%D8%AA%D8%B1%D8%A7%D9%81%D9%8A-%D8%A8%D8%A5%D8%B3%D9%85%D9%83,0.0,0,5 دقائق,0,0,$5.00,يوم واحد,0,0,0.0,صهيب ع.,https://khamsat.com/user/sohaib1s,True,بائع جديد,5.0,2,40.0%,3,2,ساعة
تصميم,https://khamsat.com/designing,تصميم توقيع,https://khamsat.com/designing/signature,تصميم توقيع للبريد الإلكتروني png أو html قابل للنقر,https://khamsat.com/designing/signature/2992224-%D8%AA%D8%B5%D9%85%D9%8A%D9%85-%D8%AA%D9%88%D9%82%D9%8A%D8%B9-%D9%84%D9%84%D8%A8%D8%B1%D9%8A%D8%AF-%D8%A7%D9%84%D8%A5%D9%84%D9%83%D8%AA%D8%B1%D9%88%D9%86%D9%8A-png-%D8%A3%D9%88-html-%D9%82%D8%A7%D8%A8%D9%84-%D9%84%D9%84%D9%86%D9%82%D8%B1,0.0,0,لم يحسب,0,0,$5.00,يوم واحد,0,2,20.0,محمود ي.,https://khamsat.com/user/mahmoud_yousef91,False,بائع جديد,0.0,0,لم يحسب بعد,3,0,لم يحسب
تصميم,https://khamsat.com/designing,تصميم توقيع,https://khamsat.com/designing/signature,تصميم توقيع احترافي خاص بك,https://khamsat.com/designing/signature/2572744-%D8%AA%D8%B5%D9%85%D9%8A%D9%85-%D8%AA%D9%88%D9%82%D9%8A%D8%B9-%D8%A7%D8%AD%D8%AA%D8%B1%D8%A7%D9%81%D9%8A-%D8%AE%D8%A7%D8%B5-%D8%A8%D9%83,0.0,0,لم يحسب,0,0,$5.00,يوم واحد,0,2,15.0,أحمد م.,https://khamsat.com/user/ahmed_muhammed22,False,بائع جديد,0.0,0,لم يحسب بعد,2,0,لم يحسب
تصميم,https://khamsat.com/designing,تصميم توقيع,https://khamsat.com/designing/signature,توقيع إيميل احترافي يعكس هويتك المهنية,https://khamsat.com/designing/signature/3026337-%D8%AA%D9%88%D9%82%D9%8A%D8%B9-%D8%A5%D9%8A%D9%85%D9%8A%D9%84-%D8%A7%D8%AD%D8%AA%D8%B1%D8%A7%D9%81%D9%8A-%D9%8A%D8%B9%D9%83%D8%B3-%D9%87%D9%88%D9%8A%D8%AA%D9%83-%D8%A7%D9%84%D9%85%D9%87%D9%86%D9%8A%D8%A9,0.0,0,لم يحسب,0,0,$10.00,يوم واحد,0,0,0.0,أيمن ه.,https://khamsat.com/user/aymenmoh,True,بائع جديد,0.0,0,لم يحسب بعد,3,0,لم يحسب
تصميم,https://khamsat.com/designing,تصميم توقيع,https://khamsat.com/designing/signature,تصميم توقيع احترافي بأسمك,https://khamsat.com/designing/signature/3031582-%D8%AA%D8%B5%D9%85%D9%8A%D9%85-%D8%AA%D9%88%D9%82%D9%8A%D8%B9-%D8%A7%D8%AD%D8%AA%D8%B1%D8%A7%D9%81%D9%8A-%D8%A8%D8%A3%D8%B3%D9%85%D9%83,0.0,0,لم يحسب,0,0,$10.00,يوم واحد,0,2,15.0,كريم ع.,https://khamsat.com/user/kareem121o,False,بائع جديد,0.0,0,لم يحسب بعد,2,0,لم يحسب
تصميم,https://khamsat.com/designing,تصميم توقيع,https://khamsat.com/designing/signature,تحويل توقيع مكتوب باليد في ورقة الى توقيع الكتروني شفاف,https://khamsat.com/designing/signature/1765535-%D8%AA%D8%AD%D9%88%D9%8A%D9%84-%D8%AA%D9%88%D9%82%D9%8A%D8%B9-%D9%85%D9%83%D8%AA%D9%88%D8%A8-%D8%A8%D8%A7%D9%84%D9%8A%D8%AF-%D9%81%D9%8A-%D9%88%D8%B1%D9%82%D8%A9-%D8%A7%D9%84%D9%89-%D8%AA%D9%88%D9%82%D9%8A%D8%B9-%D8%A7%D9%84%D9%83%D8%AA%D8%B1%D9%88%D9%86%D9%8A-%D8%B4%D9%81%D8%A7%D9%81,0.0,0,6 ساعات,1,0,$10.00,يوم واحد,0,4,90.0,.Anouar N,https://khamsat.com/user/anouar-nahal,True,بائع نشيط,5.0,12,85.71%,8,27,13 ساعة
تصميم,https://khamsat.com/designing,تصميم توقيع,https://khamsat.com/designing/signature,اصمم لك توقيع شخصي بشكل مميز وابداعي,https://khamsat.com/designing/signature/2879507-%D8%A7%D8%B5%D9%85%D9%85-%D9%84%D9%83-%D8%AA%D9%88%D9%82%D9%8A%D8%B9-%D8%B4%D8%AE%D8%B5%D9%8A-%D8%A8%D8%B4%D9%83%D9%84-%D9%85%D9%85%D9%8A%D8%B2-%D9%88%D8%A7%D8%A8%D8%AF%D8%A7%D8%B9%D9%8A,0.0,0,لم يحسب,0,0,$10.00,يومين,0,2,25.0,راني ا.,https://khamsat.com/user/rani_98,True,بائع جديد,0.0,0,لم يحسب بعد,2,0,لم يحسب
تصميم,https://khamsat.com/designing,تصميم توقيع,https://khamsat.com/designing/signature,تصميم شعار بشكل إحترافي بجميع المقاسات,https://khamsat.com/designing/signature/2974070-%D8%AA%D8%B5%D9%85%D9%8A%D9%85-%D8%B4%D8%B9%D8%A7%D8%B1-%D8%A8%D8%B4%D9%83%D9%84-%D8%A5%D8%AD%D8%AA%D8%B1%D8%A7%D9%81%D9%8A-%D8%A8%D8%AC%D9%85%D9%8A%D8%B9-%D8%A7%D9%84%D9%85%D9%82%D8%A7%D8%B3%D8%A7%D8%AA,0.0,0,لم يحسب,0,0,$10.00,يومين,0,0,0.0,.Ayoub S,https://khamsat.com/user/ayoubfanaan,True,بائع جديد,0.0,0,لم يحسب بعد,2,0,لم يحسب
تصميم,https://khamsat.com/designing,تصميم توقيع,https://khamsat.com/designing/signature,تصميم متجر الكتروني IPTV بشكل احترافي لبيع باقات بثمن مناسب,https://khamsat.com/designing/signature/2910436-%D8%AA%D8%B5%D9%85%D9%8A%D9%85-%D9%85%D8%AA%D8%AC%D8%B1-%D8%A7%D9%84%D9%83%D8%AA%D8%B1%D9%88%D9%86%D9%8A-iptv-%D8%A8%D8%B4%D9%83%D9%84-%D8%A7%D8%AD%D8%AA%D8%B1%D8%A7%D9%81%D9%8A-%D9%84%D8%A8%D9%8A%D8%B9-%D8%A8%D8%A7%D9%82%D8%A7%D8%AA-%D8%A8%D8%AB%D9%85%D9%86-%D9%85%D9%86%D8%A7%D8%B3%D8%A8,0.0,0,لم يحسب,0,0,$5.00,يوم واحد,0,4,20.0,ياسين إ.,https://khamsat.com/user/yassineisslahi,True,بائع جديد,0.0,0,لم يحسب بعد,1,0,لم يحسب
تصميم,https://khamsat.com/designing,تصميم توقيع,https://khamsat.com/designing/signature,تصميم توقيع إحترافي وبسيط بإسمك.,https://khamsat.com/designing/signature/2709190-%D8%AA%D8%B5%D9%85%D9%8A%D9%85-%D8%AA%D9%88%D9%82%D9%8A%D8%B9-%D8%A5%D8%AD%D8%AA%D8%B1%D8%A7%D9%81%D9%8A-%D9%88%D8%A8%D8%B3%D9%8A%D8%B7-%D8%A8%D8%A5%D8%B3%D9%85%D9%83,5.0,4,ساعة,4,1,$5.00,يوم واحد,4,2,20.0,.Zakariae K,https://khamsat.com/user/zakariii,True,بائع نشيط,5.0,6,90.91%,2,8,ساعتين
تصميم,https://khamsat.com/designing,تصميم توقيع,https://khamsat.com/designing/signature,خدمه تصميم توقيعك الشخصي اليدوي بانفراد,https://khamsat.com/designing/signature/2788451-%D8%AE%D8%AF%D9%85%D9%87-%D8%AA%D8%B5%D9%85%D9%8A%D9%85-%D8%AA%D9%88%D9%82%D9%8A%D8%B9%D9%83-%D8%A7%D9%84%D8%B4%D8%AE%D8%B5%D9%8A-%D8%A7%D9%84%D9%8A%D8%AF%D9%88%D9%8A-%D8%A8%D8%A7%D9%86%D9%81%D8%B1%D8%A7%D8%AF,0.0,0,لم يحسب,0,0,$5.00,يوم واحد,0,2,10.0,.El Sayed S,https://khamsat.com/user/sayedsalama12,True,بائع جديد,0.0,0,لم يحسب بعد,2,0,لم يحسب
تصميم,https://khamsat.com/designing,تصميم توقيع,https://khamsat.com/designing/signature,تصميم توقيعات بأعلى جودة و اقل تكلفة,https://khamsat.com/designing/signature/2567440-%D8%AA%D8%B5%D9%85%D9%8A%D9%85-%D8%AA%D9%88%D9%82%D9%8A%D8%B9%D8%A7%D8%AA-%D8%A8%D8%A3%D8%B9%D9%84%D9%89-%D8%AC%D9%88%D8%AF%D8%A9-%D9%88-%D8%A7%D9%82%D9%84-%D8%AA%D9%83%D9%84%D9%81%D8%A9,0.0,0,لم يحسب,0,0,$5.00,يوم واحد,0,0,0.0,.Habeba I,https://khamsat.com/user/habeeba97,True,بائع جديد,5.0,1,100.0%,4,1,41 دقيقة
تصميم,https://khamsat.com/designing,تصميم توقيع,https://khamsat.com/designing/signature,تحويل توقيعك اليدوي إلى توقيع رقمي على المستندات,https://khamsat.com/designing/signature/2644304-%D8%AA%D8%AD%D9%88%D9%8A%D9%84-%D8%AA%D9%88%D9%82%D9%8A%D8%B9%D9%83-%D8%A7%D9%84%D9%8A%D8%AF%D9%88%D9%8A-%D8%A5%D9%84%D9%89-%D8%AA%D9%88%D9%82%D9%8A%D8%B9-%D8%B1%D9%82%D9%85%D9%8A-%D8%B9%D9%84%D9%89-%D8%A7%D9%84%D9%85%D8%B3%D8%AA%D9%86%D8%AF%D8%A7%D8%AA,0.0,0,لم يحسب,0,0,$5.00,يوم واحد,0,1,10.0,.Mariam A,https://khamsat.com/user/engineer_mariam_adel,False,بائع جديد,0.0,0,لم يحسب بعد,5,0,لم يحسب
تصميم,https://khamsat.com/designing,تصميم توقيع,https://khamsat.com/designing/signature,تصميم توقيع ايميل شركتك او الايميل الخاص بك بخمس دولار,https://khamsat.com/designing/signature/1535275-%D8%AA%D8%B5%D9%85%D9%8A%D9%85-%D8%AA%D9%88%D9%82%D9%8A%D8%B9-%D8%A7%D9%8A%D9%85%D9%8A%D9%84-%D8%B4%D8%B1%D9%83%D8%AA%D9%83-%D8%A7%D9%88-%D8%A7%D9%84%D8%A7%D9%8A%D9%85%D9%8A%D9%84-%D8%A7%D9%84%D8%AE%D8%A7%D8%B5-%D8%A8%D9%83-%D8%A8%D8%AE%D9%85%D8%B3-%D8%AF%D9%88%D9%84%D8%A7%D8%B1,0.0,0,لم يحسب,0,0,$5.00,يوم واحد,0,4,80.0,هيثم ا.,https://khamsat.com/user/%D9%87%D9%8A%D8%AB%D9%85-%D8%A7%D8%AC%D9%84%D9%8A%D9%84,True,بائع مميز,4.5,47,92.77%,3,69,3 ساعات
تصميم,https://khamsat.com/designing,تصميم توقيع,https://khamsat.com/designing/signature,تصميم توقيع شخصي ب9 طرق مختلفة,https://khamsat.com/designing/signature/2284016-%D8%AA%D8%B5%D9%85%D9%8A%D9%85-%D8%AA%D9%88%D9%82%D9%8A%D8%B9-%D8%B4%D8%AE%D8%B5%D9%8A-%D8%A89-%D8%B7%D8%B1%D9%82-%D9%85%D8%AE%D8%AA%D9%84%D9%81%D8%A9,3.0,2,43 دقيقة,3,0,$5.00,يومين,2,4,30.0,ذكاء م.,https://khamsat.com/user/zuke,True,بائع مميز,4.5,34,90.48%,9,44,3 ساعات
تصميم,https://khamsat.com/designing,تصميم توقيع,https://khamsat.com/designing/signature,انشاء توقيع الكترونى html تفاعلى لك او لشركتك,https://khamsat.com/designing/signature/3049848-%D8%A7%D9%86%D8%B4%D8%A7%D8%A1-%D8%AA%D9%88%D9%82%D9%8A%D8%B9-%D8%A7%D9%84%D9%83%D8%AA%D8%B1%D9%88%D9%86%D9%89-html-%D8%AA%D9%81%D8%A7%D8%B9%D9%84%D9%89-%D9%84%D9%83-%D8%A7%D9%88-%D9%84%D8%B4%D8%B1%D9%83%D8%AA%D9%83,0.0,0,لم يحسب,0,0,$5.00,يوم واحد,0,3,35.0,.Mohamed A,https://khamsat.com/user/m_al_mohamed,True,بائع جديد,0.0,0,لم يحسب بعد,4,0,9 دقائق
تصميم,https://khamsat.com/designing,تصميم توقيع,https://khamsat.com/designing/signature,تصميم توقيع احترافي شخصي او لشركتك,https://khamsat.com/designing/signature/3011267-%D8%AA%D8%B5%D9%85%D9%8A%D9%85-%D8%AA%D9%88%D9%82%D9%8A%D8%B9-%D8%A7%D8%AD%D8%AA%D8%B1%D8%A7%D9%81%D9%8A-%D8%B4%D8%AE%D8%B5%D9%8A-%D8%A7%D9%88-%D9%84%D8%B4%D8%B1%D9%83%D8%AA%D9%83,0.0,0,لم يحسب,0,0,$10.00,يوم واحد,0,0,0.0,منى ح.,https://khamsat.com/user/monahemam,True,بائع نشيط,4.5,11,94.74%,9,12,37 دقيقة
تصميم,https://khamsat.com/designing,تصميم مخطوطات,https://khamsat.com/designing/calligraphy,سأخطط لك أي اسم عربي اجنبي لتنفذه على الذهب,https://khamsat.com/designing/calligraphy/1054974-%D8%B3%D8%A3%D8%AE%D8%B7%D8%B7-%D9%84%D9%83-%D8%A3%D9%8A-%D8%A7%D8%B3%D9%85-%D8%B9%D8%B1%D8%A8%D9%8A-%D8%A7%D8%AC%D9%86%D8%A8%D9%8A-%D9%84%D8%AA%D9%86%D9%81%D8%B0%D9%87-%D8%B9%D9%84%D9%89-%D8%A7%D9%84%D8%B0%D9%87%D8%A8,5.0,14,24 دقيقة,22,0,$5.00,يوم واحد,14,5,175.0,حسام ص.,https://khamsat.com/user/abuqasim,True,بائع مميز,5.0,25,98.13%,1,37,30 دقيقة
تصميم,https://khamsat.com/designing,تصميم مخطوطات,https://khamsat.com/designing/calligraphy,أصمم لك مخطوطة اسم بالخط الكوفي المربع,https://khamsat.com/designing/calligraphy/2530513-%D8%A3%D8%B5%D9%85%D9%85-%D9%84%D9%83-%D9%85%D8%AE%D8%B7%D9%88%D8%B7%D8%A9-%D8%A7%D8%B3%D9%85-%D8%A8%D8%A7%D9%84%D8%AE%D8%B7-%D8%A7%D9%84%D9%83%D9%88%D9%81%D9%8A-%D8%A7%D9%84%D9%85%D8%B1%D8%A8%D8%B9,5.0,40,ساعتين,59,0,$5.00,يوم واحد,25,5,60.0,.Yahia C,https://khamsat.com/user/yahia_ch,True,بائع مميز,5.0,92,96.04%,3,112,ساعة
تصميم,https://khamsat.com/designing,تصميم مخطوطات,https://khamsat.com/designing/calligraphy,كتابة وتصميم المخطوطات والشعارات الخطية .,https://khamsat.com/designing/calligraphy/345731-%D9%83%D8%AA%D8%A7%D8%A8%D8%A9-%D9%88%D8%AA%D8%B5%D9%85%D9%8A%D9%85-%D8%A7%D9%84%D9%85%D8%AE%D8%B7%D9%88%D8%B7%D8%A7%D8%AA-%D9%88%D8%A7%D9%84%D8%B4%D8%B9%D8%A7%D8%B1%D8%A7%D8%AA-%D8%A7%D9%84%D8%AE%D8%B7%D9%8A%D8%A9-,4.5,169,7 ساعات,279,0,$50.00,ثلاثة أيام,25,5,290.0,محمد ر.,https://khamsat.com/user/%D9%85%D8%AD%D9%85%D8%AF-%D8%A3%D8%A8%D9%88-%D8%A7%D9%84%D9%84%D9%8A%D9%84,True,بائع موثوق,4.5,469,94.09%,1,657,23 ساعة
تصميم,https://khamsat.com/designing,تصميم مخطوطات,https://khamsat.com/designing/calligraphy,تصميم شعار او مخطوطة بخط الثلث,https://khamsat.com/designing/calligraphy/2258044-%D8%AA%D8%B5%D9%85%D9%8A%D9%85-%D8%B4%D8%B9%D8%A7%D8%B1-%D8%A7%D9%88-%D9%85%D8%AE%D8%B7%D9%88%D8%B7%D8%A9-%D8%A8%D8%AE%D8%B7-%D8%A7%D9%84%D8%AB%D9%84%D8%AB,4.5,32,42 دقيقة,48,0,$15.00,يومين,25,5,65.0,عبدالكريم ا.,https://khamsat.com/user/kareem3rahby,True,بائع مميز,4.5,161,96.3%,2,172,19 دقيقة
تصميم,https://khamsat.com/designing,تصميم مخطوطات,https://khamsat.com/designing/calligraphy,كتابة الأسماء و المخطوطات بخط الثلث,https://khamsat.com/designing/calligraphy/2245879-%D9%83%D8%AA%D8%A7%D8%A8%D8%A9-%D8%A7%D9%84%D8%A3%D8%B3%D9%85%D8%A7%D8%A1-%D9%88-%D8%A7%D9%84%D9%85%D8%AE%D8%B7%D9%88%D8%B7%D8%A7%D8%AA-%D8%A8%D8%AE%D8%B7-%D8%A7%D9%84%D8%AB%D9%84%D8%AB,5.0,29,32 دقيقة,35,0,$5.00,يوم واحد,25,5,50.0,.Abdul Razzak S,https://khamsat.com/user/shaheen96,True,بائع مميز,5.0,164,99.11%,4,187,ساعتين
تصميم,https://khamsat.com/designing,تصميم مخطوطات,https://khamsat.com/designing/calligraphy,أخط لك بخط الثُلث العربي الأصيل ،بأشكال مختلفة,https://khamsat.com/designing/calligraphy/2506776-%D8%A3%D8%AE%D8%B7-%D9%84%D9%83-%D8%A8%D8%AE%D8%B7-%D8%A7%D9%84%D8%AB%D9%84%D8%AB-%D8%A7%D9%84%D8%B9%D8%B1%D8%A8%D9%8A-%D8%A7%D9%84%D8%A3%D8%B5%D9%8A%D9%84-%D8%A8%D8%A3%D8%B4%D9%83%D8%A7%D9%84-%D9%85%D8%AE%D8%AA%D9%84%D9%81%D8%A9,5.0,8,5 دقائق,9,0,$5.00,يومين,8,5,70.0,أحمد ق.,https://khamsat.com/user/gfx_treasure,True,بائع نشيط,5.0,12,100.0%,9,11,14 دقيقة
تصميم,https://khamsat.com/designing,تصميم مخطوطات,https://khamsat.com/designing/calligraphy,تصميم الشعارات بالخط العربي,https://khamsat.com/designing/calligraphy/1950003-%D8%AA%D8%B5%D9%85%D9%8A%D9%85-%D8%A7%D9%84%D8%B4%D8%B9%D8%A7%D8%B1%D8%A7%D8%AA-%D8%A8%D8%A7%D9%84%D8%AE%D8%B7-%D8%A7%D9%84%D8%B9%D8%B1%D8%A8%D9%8A,5.0,105,ساعة,148,0,$5.00,يوم واحد,25,5,40.0,.Abdul Razzak S,https://khamsat.com/user/shaheen96,True,بائع مميز,5.0,164,99.11%,4,187,ساعتين
تصميم,https://khamsat.com/designing,تصميم مخطوطات,https://khamsat.com/designing/calligraphy,كتابة بالخط العربى الاسماء والعناوين بشكل جذاب,https://khamsat.com/designing/calligraphy/2033876-%D9%83%D8%AA%D8%A7%D8%A8%D8%A9-%D8%A8%D8%A7%D9%84%D8%AE%D8%B7-%D8%A7%D9%84%D8%B9%D8%B1%D8%A8%D9%89-%D8%A7%D9%84%D8%A7%D8%B3%D9%85%D8%A7%D8%A1-%D9%88%D8%A7%D9%84%D8%B9%D9%86%D8%A7%D9%88%D9%8A%D9%86-%D8%A8%D8%B4%D9%83%D9%84-%D8%AC%D8%B0%D8%A7%D8%A8,4.5,36,ساعة,42,0,$10.00,يومين,25,4,70.0,غيث ج.,https://khamsat.com/user/%D8%BA%D9%8A%D8%AB-%D8%AC%D9%88%D8%A7%D8%AF,True,بائع مميز,4.5,44,90.75%,2,49,ساعة
تصميم,https://khamsat.com/designing,تصميم مخطوطات,https://khamsat.com/designing/calligraphy,تصميم شعار متكامل بالخط الكوفي التربيعي,https://khamsat.com/designing/calligraphy/2197953-%D8%AA%D8%B5%D9%85%D9%8A%D9%85-%D8%B4%D8%B9%D8%A7%D8%B1-%D9%85%D8%AA%D9%83%D8%A7%D9%85%D9%84-%D8%A8%D8%A7%D9%84%D8%AE%D8%B7-%D8%A7%D9%84%D9%83%D9%88%D9%81%D9%8A-%D8%A7%D9%84%D8%AA%D8%B1%D8%A8%D9%8A%D8%B9%D9%8A,5.0,9,ساعتين,12,0,$35.00,يومين,9,2,20.0,.Atif E,https://khamsat.com/user/atif_omer,True,بائع مميز,4.5,215,97.15%,8,307,ساعتين
تصميم,https://khamsat.com/designing,تصميم مخطوطات,https://khamsat.com/designing/calligraphy,شعار احترافي بالخط العربي,https://khamsat.com/designing/calligraphy/2463699-%D8%B4%D8%B9%D8%A7%D8%B1-%D8%A7%D8%AD%D8%AA%D8%B1%D8%A7%D9%81%D9%8A-%D8%A8%D8%A7%D9%84%D8%AE%D8%B7-%D8%A7%D9%84%D8%B9%D8%B1%D8%A8%D9%8A,5.0,9,10 دقائق,10,0,$15.00,ثلاثة أيام,9,5,55.0,.Haitham S,https://khamsat.com/user/haith_zero,True,بائع نشيط,5.0,14,100.0%,4,15,15 دقيقة
تصميم,https://khamsat.com/designing,تصميم مخطوطات,https://khamsat.com/designing/calligraphy,تصميم الأسماء و المخطوطات بخط يدوي احترافي,https://khamsat.com/designing/calligraphy/2245099-%D8%AA%D8%B5%D9%85%D9%8A%D9%85-%D8%A7%D9%84%D8%A3%D8%B3%D9%85%D8%A7%D8%A1-%D9%88-%D8%A7%D9%84%D9%85%D8%AE%D8%B7%D9%88%D8%B7%D8%A7%D8%AA-%D8%A8%D8%AE%D8%B7-%D9%8A%D8%AF%D9%88%D9%8A-%D8%A7%D8%AD%D8%AA%D8%B1%D8%A7%D9%81%D9%8A,5.0,25,ساعة,29,0,$5.00,يوم واحد,25,5,40.0,.Abdul Razzak S,https://khamsat.com/user/shaheen96,True,بائع مميز,5.0,164,99.11%,4,187,ساعتين
تصميم,https://khamsat.com/designing,تصميم مخطوطات,https://khamsat.com/designing/calligraphy,كتابة الأسماء والعناوين بأجمل الخطوط العربية,https://khamsat.com/designing/calligraphy/1726555-%D9%83%D8%AA%D8%A7%D8%A8%D8%A9-%D8%A7%D9%84%D8%A3%D8%B3%D9%85%D8%A7%D8%A1-%D9%88%D8%A7%D9%84%D8%B9%D9%86%D8%A7%D9%88%D9%8A%D9%86-%D8%A8%D8%A3%D8%AC%D9%85%D9%84-%D8%A7%D9%84%D8%AE%D8%B7%D9%88%D8%B7-%D8%A7%D9%84%D8%B9%D8%B1%D8%A8%D9%8A%D8%A9,5.0,20,ساعتين,24,0,$25.00,يومين,20,4,70.0,عبدالله ص.,https://khamsat.com/user/abdullahfayyad_99,True,بائع مميز,4.5,82,94.24%,3,89,5 ساعات
تصميم,https://khamsat.com/designing,تصميم مخطوطات,https://khamsat.com/designing/calligraphy,كتابة مخطوطة شعار بالخط العربي,https://khamsat.com/designing/calligraphy/1870202-%D9%83%D8%AA%D8%A7%D8%A8%D8%A9-%D9%85%D8%AE%D8%B7%D9%88%D8%B7%D8%A9-%D8%B4%D8%B9%D8%A7%D8%B1-%D8%A8%D8%A7%D9%84%D8%AE%D8%B7-%D8%A7%D9%84%D8%B9%D8%B1%D8%A8%D9%8A,5.0,34,ساعة,49,1,$20.00,ثلاثة أيام,25,5,55.0,محمد س.,https://khamsat.com/user/mohammed_saeed0,True,بائع مميز,5.0,41,92.68%,2,53,ساعتين
تصميم,https://khamsat.com/designing,تصميم مخطوطات,https://khamsat.com/designing/calligraphy,مخطوطات بخط الثلث وبأعلى جودة يدويًا وبأعلى جودة- خطاط محترف,https://khamsat.com/designing/calligraphy/1327299-%D9%85%D8%AE%D8%B7%D9%88%D8%B7%D8%A7%D8%AA-%D8%A8%D8%AE%D8%B7-%D8%A7%D9%84%D8%AB%D9%84%D8%AB-%D9%88%D8%A8%D8%A3%D8%B9%D9%84%D9%89-%D8%AC%D9%88%D8%AF%D8%A9-%D9%8A%D8%AF%D9%88%D9%8A%D8%A7-%D9%88%D8%A8%D8%A3%D8%B9%D9%84%D9%89-%D8%AC%D9%88%D8%AF%D8%A9-%D8%AE%D8%B7%D8%A7%D8%B7-%D9%85%D8%AD%D8%AA%D8%B1%D9%81,5.0,49,يوم,62,1,$25.00,أربعة أيام,25,3,80.0,.Ahmed A,https://khamsat.com/user/hazem15azzam,True,بائع موثوق,5.0,183,90.24%,7,217,7 ساعات
تصميم,https://khamsat.com/designing,تصميم مخطوطات,https://khamsat.com/designing/calligraphy,تصميم مخطوطة بالخط الكوفي الهندسي,https://khamsat.com/designing/calligraphy/2938287-%D8%AA%D8%B5%D9%85%D9%8A%D9%85-%D9%85%D8%AE%D8%B7%D9%88%D8%B7%D8%A9-%D8%A8%D8%A7%D9%84%D8%AE%D8%B7-%D8%A7%D9%84%D9%83%D9%88%D9%81%D9%8A-%D8%A7%D9%84%D9%87%D9%86%D8%AF%D8%B3%D9%8A,0.0,0,ساعة,3,0,$5.00,يوم واحد,0,4,35.0,.Hamdy A,https://khamsat.com/user/hamdyaart,True,بائع جديد,0.0,0,100.0%,3,3,ساعة
تصميم,https://khamsat.com/designing,تصميم مخطوطات,https://khamsat.com/designing/calligraphy,تصميم شعار إحترافي بالخط العربي كاليجرافي تيبوجرافي,https://khamsat.com/designing/calligraphy/2098960-%D8%AA%D8%B5%D9%85%D9%8A%D9%85-%D8%B4%D8%B9%D8%A7%D8%B1-%D8%A5%D8%AD%D8%AA%D8%B1%D8%A7%D9%81%D9%8A-%D8%A8%D8%A7%D9%84%D8%AE%D8%B7-%D8%A7%D9%84%D8%B9%D8%B1%D8%A8%D9%8A-%D9%83%D8%A7%D9%84%D9%8A%D8%AC%D8%B1%D8%A7%D9%81%D9%8A-%D8%AA%D9%8A%D8%A8%D9%88%D8%AC%D8%B1%D8%A7%D9%81%D9%8A,5.0,43,3 ساعات,49,0,$50.00,ثلاثة أيام,25,3,270.0,عبدالهادي ب.,https://khamsat.com/user/abdelhadi_bouchrouaa,True,بائع مميز,5.0,97,91.37%,6,86,6 ساعات
تصميم,https://khamsat.com/designing,تصميم مخطوطات,https://khamsat.com/designing/calligraphy,تصميم الأسماء والشعارات بالخط العربي بجودة عالية,https://khamsat.com/designing/calligraphy/1417575-%D8%AA%D8%B5%D9%85%D9%8A%D9%85-%D8%A7%D9%84%D8%A3%D8%B3%D9%85%D8%A7%D8%A1-%D9%88%D8%A7%D9%84%D8%B4%D8%B9%D8%A7%D8%B1%D8%A7%D8%AA-%D8%A8%D8%A7%D9%84%D8%AE%D8%B7-%D8%A7%D9%84%D8%B9%D8%B1%D8%A8%D9%8A-%D8%A8%D8%AC%D9%88%D8%AF%D8%A9-%D8%B9%D8%A7%D9%84%D9%8A%D8%A9,4.5,56,3 ساعات,68,0,$25.00,يومين,25,5,75.0,عبدالله ص.,https://khamsat.com/user/abdullahfayyad_99,True,بائع مميز,4.5,82,94.24%,3,89,5 ساعات
تصميم,https://khamsat.com/designing,تصميم مخطوطات,https://khamsat.com/designing/calligraphy,كتابة أسماء وشعارات بالخط العربي,https://khamsat.com/designing/calligraphy/1622306-%D9%83%D8%AA%D8%A7%D8%A8%D8%A9-%D8%A3%D8%B3%D9%85%D8%A7%D8%A1-%D9%88%D8%B4%D8%B9%D8%A7%D8%B1%D8%A7%D8%AA-%D8%A8%D8%A7%D9%84%D8%AE%D8%B7-%D8%A7%D9%84%D8%B9%D8%B1%D8%A8%D9%8A,4.5,39,17 ساعة,49,0,$25.00,يومين,25,5,75.0,.Gohar A,https://khamsat.com/user/gohar_tony,True,بائع مميز,4.5,39,89.66%,1,49,17 ساعة
تصميم,https://khamsat.com/designing,تصميم مخطوطات,https://khamsat.com/designing/calligraphy,مخطوطات و اسماء وشعارات بالخط العربي,https://khamsat.com/designing/calligraphy/2028281-%D9%85%D8%AE%D8%B7%D9%88%D8%B7%D8%A7%D8%AA-%D9%88-%D8%A7%D8%B3%D9%85%D8%A7%D8%A1-%D9%88%D8%B4%D8%B9%D8%A7%D8%B1%D8%A7%D8%AA-%D8%A8%D8%A7%D9%84%D8%AE%D8%B7-%D8%A7%D9%84%D8%B9%D8%B1%D8%A8%D9%8A,5.0,85,18 ساعة,101,0,$15.00,يوم واحد,25,5,215.0,محمد ا.,https://khamsat.com/user/lumberjack,True,بائع مميز,5.0,95,92.57%,4,102,15 ساعة
تصميم,https://khamsat.com/designing,تصميم مخطوطات,https://khamsat.com/designing/calligraphy,مخطوطة بالخط العربي ثلث نسخ ديواني كوفي رقعة,https://khamsat.com/designing/calligraphy/2799172-%D9%85%D8%AE%D8%B7%D9%88%D8%B7%D8%A9-%D8%A8%D8%A7%D9%84%D8%AE%D8%B7-%D8%A7%D9%84%D8%B9%D8%B1%D8%A8%D9%8A-%D8%AB%D9%84%D8%AB-%D9%86%D8%B3%D8%AE-%D8%AF%D9%8A%D9%88%D8%A7%D9%86%D9%8A-%D9%83%D9%88%D9%81%D9%8A-%D8%B1%D9%82%D8%B9%D8%A9,5.0,4,دقيقتين,7,0,$5.00,يوم واحد,4,5,105.0,مقتدى ا.,https://khamsat.com/user/adam_designer,True,بائع نشيط,5.0,9,84.0%,5,15,ساعة
تصميم,https://khamsat.com/designing,تصميم مخطوطات,https://khamsat.com/designing/calligraphy,أكتب إسمك أو توقيع لمدونتك بالخط العربي,https://khamsat.com/designing/calligraphy/253663-%D8%A3%D9%83%D8%AA%D8%A8-%D8%A5%D8%B3%D9%85%D9%83-%D8%A3%D9%88-%D8%AA%D9%88%D9%82%D9%8A%D8%B9-%D9%84%D9%85%D8%AF%D9%88%D9%86%D8%AA%D9%83-%D8%A8%D8%A7%D9%84%D8%AE%D8%B7-%D8%A7%D9%84%D8%B9%D8%B1%D8%A8%D9%8A,5.0,35,12 ساعة,42,0,$10.00,يوم واحد,25,5,50.0,محمد ع.,https://khamsat.com/user/%D8%A3%D8%A8%D9%88-%D9%85%D8%B9%D8%A7%D8%B0,True,بائع مميز,5.0,35,89.89%,1,44,9 ساعات
تصميم,https://khamsat.com/designing,تصميم مخطوطات,https://khamsat.com/designing/calligraphy,تصميم المخطوطات والأسماء بخط الثلث,https://khamsat.com/designing/calligraphy/2584440-%D8%AA%D8%B5%D9%85%D9%8A%D9%85-%D8%A7%D9%84%D9%85%D8%AE%D8%B7%D9%88%D8%B7%D8%A7%D8%AA-%D9%88%D8%A7%D9%84%D8%A3%D8%B3%D9%85%D8%A7%D8%A1-%D8%A8%D8%AE%D8%B7-%D8%A7%D9%84%D8%AB%D9%84%D8%AB,5.0,20,14 دقيقة,23,0,$5.00,يوم واحد,20,4,35.0,.Yahia C,https://khamsat.com/user/yahia_ch,True,بائع مميز,5.0,92,96.04%,3,112,ساعة
تصميم,https://khamsat.com/designing,تصميم مخطوطات,https://khamsat.com/designing/calligraphy,مخطوطة بالخط العربي اليدوي الأصيل باحتراف وفي أقل من يومين,https://khamsat.com/designing/calligraphy/794026-%D9%85%D8%AE%D8%B7%D9%88%D8%B7%D8%A9-%D8%A8%D8%A7%D9%84%D8%AE%D8%B7-%D8%A7%D9%84%D8%B9%D8%B1%D8%A8%D9%8A-%D8%A7%D9%84%D9%8A%D8%AF%D9%88%D9%8A-%D8%A7%D9%84%D8%A3%D8%B5%D9%8A%D9%84-%D8%A8%D8%A7%D8%AD%D8%AA%D8%B1%D8%A7%D9%81-%D9%88%D9%81%D9%8A-%D8%A3%D9%82%D9%84-%D9%85%D9%86-%D9%8A%D9%88%D9%85%D9%8A%D9%86,5.0,59,53 دقيقة,71,0,$10.00,يومين,25,5,85.0,مصطفى ا.,https://khamsat.com/user/shoman,True,بائع مميز,5.0,71,98.54%,2,78,38 دقيقة
تصميم,https://khamsat.com/designing,تصميم مخطوطات,https://khamsat.com/designing/calligraphy,كاليجرافي تصميم كلمة مرسومة بالخط العربي الحر أو الأصلي,https://khamsat.com/designing/calligraphy/1731477-%D9%83%D8%A7%D9%84%D9%8A%D8%AC%D8%B1%D8%A7%D9%81%D9%8A-%D8%AA%D8%B5%D9%85%D9%8A%D9%85-%D9%83%D9%84%D9%85%D8%A9-%D9%85%D8%B1%D8%B3%D9%88%D9%85%D8%A9-%D8%A8%D8%A7%D9%84%D8%AE%D8%B7-%D8%A7%D9%84%D8%B9%D8%B1%D8%A8%D9%8A-%D8%A7%D9%84%D8%AD%D8%B1-%D8%A3%D9%88-%D8%A7%D9%84%D8%A3%D8%B5%D9%84%D9%8A,5.0,14,ساعة,23,0,$15.00,أسبوع,14,4,145.0,إسلام م.,https://khamsat.com/user/%D8%A5%D8%B3%D9%84%D8%A7%D9%85-%D9%85%D9%86%D9%8A%D8%B3%D9%8A,True,بائع نشيط,5.0,14,81.58%,1,23,ساعة
تصميم,https://khamsat.com/designing,تصميم مخطوطات,https://khamsat.com/designing/calligraphy,كتابة الأسماء والجمل بخط الثلث العربي الملكي,https://khamsat.com/designing/calligraphy/2803016-%D9%83%D8%AA%D8%A7%D8%A8%D8%A9-%D8%A7%D9%84%D8%A3%D8%B3%D9%85%D8%A7%D8%A1-%D9%88%D8%A7%D9%84%D8%AC%D9%85%D9%84-%D8%A8%D8%AE%D8%B7-%D8%A7%D9%84%D8%AB%D9%84%D8%AB-%D8%A7%D9%84%D8%B9%D8%B1%D8%A8%D9%8A-%D8%A7%D9%84%D9%85%D9%84%D9%83%D9%8A,5.0,1,ساعة,2,0,$5.00,ثلاثة أيام,1,5,55.0,صفاء ح.,https://khamsat.com/user/safaaaljezz,True,بائع نشيط,4.5,8,100.0%,6,11,ساعتين
تصميم,https://khamsat.com/designing,تصميم مخطوطات,https://khamsat.com/designing/calligraphy,دمج الاسماء معاً بالخط العربي بشكل أنيق وجذاب,https://khamsat.com/designing/calligraphy/2603296-%D8%AF%D9%85%D8%AC-%D8%A7%D9%84%D8%A7%D8%B3%D9%85%D8%A7%D8%A1-%D9%85%D8%B9%D8%A7-%D8%A8%D8%A7%D9%84%D8%AE%D8%B7-%D8%A7%D9%84%D8%B9%D8%B1%D8%A8%D9%8A-%D8%A8%D8%B4%D9%83%D9%84-%D8%A3%D9%86%D9%8A%D9%82-%D9%88%D8%AC%D8%B0%D8%A7%D8%A8,5.0,10,ساعة,15,0,$5.00,يوم واحد,10,5,25.0,أحمد ع.,https://khamsat.com/user/ahmed_asure,True,بائع نشيط,5.0,10,100.0%,2,15,ساعة
تصميم,https://khamsat.com/designing,تصميم مخطوطات,https://khamsat.com/designing/calligraphy,كتابة وتصميم المخطوطات والأسماء بالخط العربي ( كلك ),https://khamsat.com/designing/calligraphy/818424-%D9%83%D8%AA%D8%A7%D8%A8%D8%A9-%D9%88%D8%AA%D8%B5%D9%85%D9%8A%D9%85-%D8%A7%D9%84%D9%85%D8%AE%D8%B7%D9%88%D8%B7%D8%A7%D8%AA-%D9%88%D8%A7%D9%84%D8%A3%D8%B3%D9%85%D8%A7%D8%A1-%D8%A8%D8%A7%D9%84%D8%AE%D8%B7-%D8%A7%D9%84%D8%B9%D8%B1%D8%A8%D9%8A-%D9%83%D9%84%D9%83,4.5,60,11 ساعة,92,0,$10.00,يومين,25,4,80.0,.Muhamed A,https://khamsat.com/user/mamadu-eshahed,True,بائع مميز,4.5,104,91.86%,4,155,5 ساعات
تصميم,https://khamsat.com/designing,تصميم مخطوطات,https://khamsat.com/designing/calligraphy,تصميم شعار بالخط الكوفي المربع,https://khamsat.com/designing/calligraphy/416830-%D8%AA%D8%B5%D9%85%D9%8A%D9%85-%D8%B4%D8%B9%D8%A7%D8%B1-%D8%A8%D8%A7%D9%84%D8%AE%D8%B7-%D8%A7%D9%84%D9%83%D9%88%D9%81%D9%8A-%D8%A7%D9%84%D9%85%D8%B1%D8%A8%D8%B9,4.5,165,3 ساعات,270,0,$50.00,يومين,25,5,165.0,محمد ف.,https://khamsat.com/user/%D9%85%D8%AD%D9%85%D8%AF-%D8%A3%D8%AD%D9%85%D8%AF-%D9%81%D8%A7%D8%B1%D8%B3,True,بائع موثوق,4.5,650,92.68%,18,776,ساعتين
تصميم,https://khamsat.com/designing,تصميم مخطوطات,https://khamsat.com/designing/calligraphy,تصميم مخطوطة بخط الثلث,https://khamsat.com/designing/calligraphy/667828-%D8%AA%D8%B5%D9%85%D9%8A%D9%85-%D9%85%D8%AE%D8%B7%D9%88%D8%B7%D8%A9-%D8%A8%D8%AE%D8%B7-%D8%A7%D9%84%D8%AB%D9%84%D8%AB,5.0,49,49 دقيقة,73,0,$5.00,يوم واحد,25,5,30.0,.Oualid E,https://khamsat.com/user/walid-elmerzougui,True,بائع مميز,5.0,216,86.38%,3,293,4 ساعات
تصميم,https://khamsat.com/designing,تصميم مخطوطات,https://khamsat.com/designing/calligraphy,تصميم مخطوطة بالخط العربي,https://khamsat.com/designing/calligraphy/1907631-%D8%AA%D8%B5%D9%85%D9%8A%D9%85-%D9%85%D8%AE%D8%B7%D9%88%D8%B7%D8%A9-%D8%A8%D8%A7%D9%84%D8%AE%D8%B7-%D8%A7%D9%84%D8%B9%D8%B1%D8%A8%D9%8A,4.5,49,8 ساعات,75,0,$10.00,ثلاثة أيام,25,5,65.0,.Batoul K,https://khamsat.com/user/batoul24,True,بائع مميز,4.5,80,91.26%,4,111,4 ساعات
تصميم,https://khamsat.com/designing,تصميم ختم,https://khamsat.com/designing/stamp-design,خدمة تصميم ختم Stamp مخصص للشركات والمؤسسات وغيرها,https://khamsat.com/designing/stamp-design/2768812-%D8%AE%D8%AF%D9%85%D8%A9-%D8%AA%D8%B5%D9%85%D9%8A%D9%85-%D8%AE%D8%AA%D9%85-stamp-%D9%85%D8%AE%D8%B5%D8%B5-%D9%84%D9%84%D8%B4%D8%B1%D9%83%D8%A7%D8%AA-%D9%88%D8%A7%D9%84%D9%85%D8%A4%D8%B3%D8%B3%D8%A7%D8%AA-%D9%88%D8%BA%D9%8A%D8%B1%D9%87%D8%A7,4.5,6,4 ساعات,11,0,$5.00,يوم واحد,6,1,5.0,.Ali E,https://khamsat.com/user/abouraki,True,بائع مميز,5.0,88,95.88%,11,178,7 ساعات
تصميم,https://khamsat.com/designing,تصميم ختم,https://khamsat.com/designing/stamp-design,تصميم ختم الكتروني,https://khamsat.com/designing/stamp-design/1402003-%D8%AA%D8%B5%D9%85%D9%8A%D9%85-%D8%AE%D8%AA%D9%85-%D8%A7%D9%84%D9%83%D8%AA%D8%B1%D9%88%D9%86%D9%8A,4.5,38,ساعة,49,0,$5.00,يوم واحد,25,5,55.0,ساره م.,https://khamsat.com/user/sarahyusuf,True,بائع مميز,4.5,49,85.23%,3,57,ساعتين
تصميم,https://khamsat.com/designing,تصميم ختم,https://khamsat.com/designing/stamp-design,تصميم ختم Stamp وليترهيد لشركتك أو نشاطك التجاري,https://khamsat.com/designing/stamp-design/1959107-%D8%AA%D8%B5%D9%85%D9%8A%D9%85-%D8%AE%D8%AA%D9%85-stamp-%D9%88%D9%84%D9%8A%D8%AA%D8%B1%D9%87%D9%8A%D8%AF-%D9%84%D8%B4%D8%B1%D9%83%D8%AA%D9%83-%D8%A3%D9%88-%D9%86%D8%B4%D8%A7%D8%B7%D9%83-%D8%A7%D9%84%D8%AA%D8%AC%D8%A7%D8%B1%D9%8A,4.5,29,40 دقيقة,39,0,$10.00,يوم واحد,25,5,45.0,.Adel O,https://khamsat.com/user/adel-omar,True,بائع مميز,5.0,88,92.83%,8,141,ساعتين
تصميم,https://khamsat.com/designing,تصميم ختم,https://khamsat.com/designing/stamp-design,تصميم ختم احترافي ومميز خاص بك أو بشركتك,https://khamsat.com/designing/stamp-design/452988-%D8%AA%D8%B5%D9%85%D9%8A%D9%85-%D8%AE%D8%AA%D9%85-%D8%A7%D8%AD%D8%AA%D8%B1%D8%A7%D9%81%D9%8A-%D9%88%D9%85%D9%85%D9%8A%D8%B2-%D8%AE%D8%A7%D8%B5-%D8%A8%D9%83-%D8%A3%D9%88-%D8%A8%D8%B4%D8%B1%D9%83%D8%AA%D9%83,5.0,77,29 دقيقة,126,0,$20.00,يوم واحد,25,0,0.0,.Ahmed M,https://khamsat.com/user/ahmed-mofareh,True,بائع مميز,5.0,102,96.28%,2,155,8 ساعات
تصميم,https://khamsat.com/designing,تصميم ختم,https://khamsat.com/designing/stamp-design,تصميم ختم للشركات و الافراد احترافي و مميز,https://khamsat.com/designing/stamp-design/2872052-%D8%AA%D8%B5%D9%85%D9%8A%D9%85-%D8%AE%D8%AA%D9%85-%D9%84%D9%84%D8%B4%D8%B1%D9%83%D8%A7%D8%AA-%D9%88-%D8%A7%D9%84%D8%A7%D9%81%D8%B1%D8%A7%D8%AF-%D8%A7%D8%AD%D8%AA%D8%B1%D8%A7%D9%81%D9%8A-%D9%88-%D9%85%D9%85%D9%8A%D8%B2,5.0,2,لم يحسب,3,0,$5.00,يوم واحد,2,1,5.0,خالد ا.,https://khamsat.com/user/khaled2016,True,بائع مميز,5.0,25,94.2%,4,27,ساعتين
تصميم,https://khamsat.com/designing,تصميم ختم,https://khamsat.com/designing/stamp-design,تصميم ختم ( شخصي - شركة - مؤسسة ) بشكل مميز وانيق,https://khamsat.com/designing/stamp-design/2102092-%D8%AA%D8%B5%D9%85%D9%8A%D9%85-%D8%AE%D8%AA%D9%85-%D8%B4%D8%AE%D8%B5%D9%8A-%D8%B4%D8%B1%D9%83%D8%A9-%D9%85%D8%A4%D8%B3%D8%B3%D8%A9-%D8%A8%D8%B4%D9%83%D9%84-%D9%85%D9%85%D9%8A%D8%B2-%D9%88%D8%A7%D9%86%D9%8A%D9%82,5.0,20,ساعة,26,0,$15.00,يوم واحد,20,3,25.0,.Mohammad Z,https://khamsat.com/user/mohammad_zabadani95,True,بائع مميز,5.0,86,90.68%,6,78,49 دقيقة
تصميم,https://khamsat.com/designing,تصميم ختم,https://khamsat.com/designing/stamp-design,تصميم ختم Stamp لمؤسستك,https://khamsat.com/designing/stamp-design/1808606-%D8%AA%D8%B5%D9%85%D9%8A%D9%85-%D8%AE%D8%AA%D9%85-stamp-%D9%84%D9%85%D8%A4%D8%B3%D8%B3%D8%AA%D9%83,5.0,19,ساعة,22,0,$5.00,يوم واحد,19,3,30.0,مصطفى ب.,https://khamsat.com/user/mostafa.benchabane,True,بائع مميز,5.0,112,97.09%,5,125,ساعة
تصميم,https://khamsat.com/designing,تصميم ختم,https://khamsat.com/designing/stamp-design,تصميم ختم للشركات و المؤسسات,https://khamsat.com/designing/stamp-design/1248881-%D8%AA%D8%B5%D9%85%D9%8A%D9%85-%D8%AE%D8%AA%D9%85-%D9%84%D9%84%D8%B4%D8%B1%D9%83%D8%A7%D8%AA-%D9%88-%D8%A7%D9%84%D9%85%D8%A4%D8%B3%D8%B3%D8%A7%D8%AA,4.5,29,5 ساعات,41,0,$10.00,يوم واحد,25,0,0.0,.Mikhael B,https://khamsat.com/user/mike_abouzakham,True,بائع مميز,4.5,70,87.66%,6,93,10 ساعات
تصميم,https://khamsat.com/designing,تصميم ختم,https://khamsat.com/designing/stamp-design,تصميم اختام رسمية احترافية للشركات والأفراد,https://khamsat.com/designing/stamp-design/708772-%D8%AA%D8%B5%D9%85%D9%8A%D9%85-%D8%A7%D8%AE%D8%AA%D8%A7%D9%85-%D8%B1%D8%B3%D9%85%D9%8A%D8%A9-%D8%A7%D8%AD%D8%AA%D8%B1%D8%A7%D9%81%D9%8A%D8%A9-%D9%84%D9%84%D8%B4%D8%B1%D9%83%D8%A7%D8%AA-%D9%88%D8%A7%D9%84%D8%A3%D9%81%D8%B1%D8%A7%D8%AF,5.0,4,8 دقائق,7,0,$10.00,يومين,4,3,30.0,نادية ب.,https://khamsat.com/user/%D9%86%D8%A7%D8%AF%D9%8A%D8%A9-%D8%A8%D8%A7%D9%82%D9%8A,True,بائع مميز,4.5,122,94.33%,17,135,ساعة
تصميم,https://khamsat.com/designing,تصميم ختم,https://khamsat.com/designing/stamp-design,تصميم ختم احترافي ومميز لشركتك,https://khamsat.com/designing/stamp-design/2219211-%D8%AA%D8%B5%D9%85%D9%8A%D9%85-%D8%AE%D8%AA%D9%85-%D8%A7%D8%AD%D8%AA%D8%B1%D8%A7%D9%81%D9%8A-%D9%88%D9%85%D9%85%D9%8A%D8%B2-%D9%84%D8%B4%D8%B1%D9%83%D8%AA%D9%83,5.0,4,ساعتين,4,0,$10.00,يوم واحد,4,3,30.0,ياسمين ح.,https://khamsat.com/user/jasmin_hasan97,True,بائع نشيط,5.0,8,93.75%,5,9,16 ساعة
تصميم,https://khamsat.com/designing,تصميم ختم,https://khamsat.com/designing/stamp-design,تصميم ختم إحترافي للشركات والأفراد,https://khamsat.com/designing/stamp-design/1751460-%D8%AA%D8%B5%D9%85%D9%8A%D9%85-%D8%AE%D8%AA%D9%85-%D8%A5%D8%AD%D8%AA%D8%B1%D8%A7%D9%81%D9%8A-%D9%84%D9%84%D8%B4%D8%B1%D9%83%D8%A7%D8%AA-%D9%88%D8%A7%D9%84%D8%A3%D9%81%D8%B1%D8%A7%D8%AF,4.5,57,12 ساعة,75,0,$10.00,يوم واحد,25,1,10.0,كمال ا.,https://khamsat.com/user/kamallfass,True,بائع مميز,4.5,217,91.12%,6,242,3 ساعات
تصميم,https://khamsat.com/designing,تصميم ختم,https://khamsat.com/designing/stamp-design,تصميم أختام(stamp)احترافية للأفراد والشركات والمؤسسات,https://khamsat.com/designing/stamp-design/445589-%D8%AA%D8%B5%D9%85%D9%8A%D9%85-%D8%A3%D8%AE%D8%AA%D8%A7%D9%85stamp%D8%A7%D8%AD%D8%AA%D8%B1%D8%A7%D9%81%D9%8A%D8%A9-%D9%84%D9%84%D8%A3%D9%81%D8%B1%D8%A7%D8%AF-%D9%88%D8%A7%D9%84%D8%B4%D8%B1%D9%83%D8%A7%D8%AA-%D9%88%D8%A7%D9%84%D9%85%D8%A4%D8%B3%D8%B3%D8%A7%D8%AA,5.0,35,54 دقيقة,52,0,$15.00,يومين,25,5,65.0,محمد ف.,https://khamsat.com/user/%D9%85%D8%AD%D9%85%D8%AF-%D8%A3%D8%AD%D9%85%D8%AF-%D9%81%D8%A7%D8%B1%D8%B3,True,بائع موثوق,4.5,650,92.68%,18,776,ساعتين
تصميم,https://khamsat.com/designing,تصميم ختم,https://khamsat.com/designing/stamp-design,تصميم ختم Stamp رسمي للاستخدامات الورقية والإلكترونية.,https://khamsat.com/designing/stamp-design/2164942-%D8%AA%D8%B5%D9%85%D9%8A%D9%85-%D8%AE%D8%AA%D9%85-stamp-%D8%B1%D8%B3%D9%85%D9%8A-%D9%84%D9%84%D8%A7%D8%B3%D8%AA%D8%AE%D8%AF%D8%A7%D9%85%D8%A7%D8%AA-%D8%A7%D9%84%D9%88%D8%B1%D9%82%D9%8A%D8%A9-%D9%88%D8%A7%D9%84%D8%A5%D9%84%D9%83%D8%AA%D8%B1%D9%88%D9%86%D9%8A%D8%A9,5.0,4,33 دقيقة,4,0,$10.00,يومين,4,2,15.0,علاء ا.,https://khamsat.com/user/%D8%B9%D9%84%D8%A7%D8%A1-%D8%A7%D9%84%D8%B5%D8%A7%D9%84%D8%AD,True,بائع موثوق,5.0,148,86.69%,23,145,3 ساعات
تصميم,https://khamsat.com/designing,تصميم ختم,https://khamsat.com/designing/stamp-design,تصميم ختم احترافي للأفراد والشركات والمؤسسات,https://khamsat.com/designing/stamp-design/2728395-%D8%AA%D8%B5%D9%85%D9%8A%D9%85-%D8%AE%D8%AA%D9%85-%D8%A7%D8%AD%D8%AA%D8%B1%D8%A7%D9%81%D9%8A-%D9%84%D9%84%D8%A3%D9%81%D8%B1%D8%A7%D8%AF-%D9%88%D8%A7%D9%84%D8%B4%D8%B1%D9%83%D8%A7%D8%AA-%D9%88%D8%A7%D9%84%D9%85%D8%A4%D8%B3%D8%B3%D8%A7%D8%AA,4.5,7,27 دقيقة,7,0,$25.00,يوم واحد,7,4,95.0,سامح أ.,https://khamsat.com/user/samih_2020,True,بائع نشيط,5.0,23,97.22%,4,28,ساعة
تصميم,https://khamsat.com/designing,تصميم ختم,https://khamsat.com/designing/stamp-design,تصميم ختم (stamp) إحترافي للشركات والأفراد,https://khamsat.com/designing/stamp-design/2604167-%D8%AA%D8%B5%D9%85%D9%8A%D9%85-%D8%AE%D8%AA%D9%85-stamp-%D8%A5%D8%AD%D8%AA%D8%B1%D8%A7%D9%81%D9%8A-%D9%84%D9%84%D8%B4%D8%B1%D9%83%D8%A7%D8%AA-%D9%88%D8%A7%D9%84%D8%A3%D9%81%D8%B1%D8%A7%D8%AF,5.0,2,12 دقيقة,4,0,$5.00,يوم واحد,2,4,25.0,.Mamdouh M,https://khamsat.com/user/mm-3,True,بائع مميز,5.0,53,81.25%,10,66,6 ساعات
تصميم,https://khamsat.com/designing,تصميم ختم,https://khamsat.com/designing/stamp-design,تحويل شعارك الى ختم يمكن طباعته على الورق,https://khamsat.com/designing/stamp-design/944282-%D8%AA%D8%AD%D9%88%D9%8A%D9%84-%D8%B4%D8%B9%D8%A7%D8%B1%D9%83-%D8%A7%D9%84%D9%89-%D8%AE%D8%AA%D9%85-%D9%8A%D9%85%D9%83%D9%86-%D8%B7%D8%A8%D8%A7%D8%B9%D8%AA%D9%87-%D8%B9%D9%84%D9%89-%D8%A7%D9%84%D9%88%D8%B1%D9%82,5.0,6,23 دقيقة,7,0,$5.00,يوم واحد,6,0,0.0,.Anas M,https://khamsat.com/user/anas-mosad-erkat,True,بائع مميز,4.5,97,88.1%,10,119,3 ساعات
تصميم,https://khamsat.com/designing,تصميم ختم,https://khamsat.com/designing/stamp-design,تحويل شعارك لختم Stamp حقيقي أو صورة يمكن طباعته علي الورق,https://khamsat.com/designing/stamp-design/2014573-%D8%AA%D8%AD%D9%88%D9%8A%D9%84-%D8%B4%D8%B9%D8%A7%D8%B1%D9%83-%D9%84%D8%AE%D8%AA%D9%85-stamp-%D8%AD%D9%82%D9%8A%D9%82%D9%8A-%D8%A3%D9%88-%D8%B5%D9%88%D8%B1%D8%A9-%D9%8A%D9%85%D9%83%D9%86-%D8%B7%D8%A8%D8%A7%D8%B9%D8%AA%D9%87-%D8%B9%D9%84%D9%8A-%D8%A7%D9%84%D9%88%D8%B1%D9%82,5.0,5,49 دقيقة,5,0,$5.00,يوم واحد,5,4,30.0,.Mostafa G,https://khamsat.com/user/mostafaghazal,True,بائع مميز,5.0,35,81.08%,5,47,7 ساعات
تصميم,https://khamsat.com/designing,تصميم ختم,https://khamsat.com/designing/stamp-design,تصميم أختام (stamp) حقيقية لتصبح صورة يمكن طباعته على الورق,https://khamsat.com/designing/stamp-design/2207940-%D8%AA%D8%B5%D9%85%D9%8A%D9%85-%D8%A3%D8%AE%D8%AA%D8%A7%D9%85-stamp-%D8%AD%D9%82%D9%8A%D9%82%D9%8A%D8%A9-%D9%84%D8%AA%D8%B5%D8%A8%D8%AD-%D8%B5%D9%88%D8%B1%D8%A9-%D9%8A%D9%85%D9%83%D9%86-%D8%B7%D8%A8%D8%A7%D8%B9%D8%AA%D9%87-%D8%B9%D9%84%D9%89-%D8%A7%D9%84%D9%88%D8%B1%D9%82,5.0,15,24 دقيقة,19,0,$10.00,يوم واحد,15,5,50.0,حمزة ج.,https://khamsat.com/user/jalale_hamza,True,بائع مميز,5.0,132,93.81%,7,153,ساعتين
تصميم,https://khamsat.com/designing,تصميم ختم,https://khamsat.com/designing/stamp-design,تصميم ختم إحترافي جاهز للطباعة,https://khamsat.com/designing/stamp-design/2770332-%D8%AA%D8%B5%D9%85%D9%8A%D9%85-%D8%AE%D8%AA%D9%85-%D8%A5%D8%AD%D8%AA%D8%B1%D8%A7%D9%81%D9%8A-%D8%AC%D8%A7%D9%87%D8%B2-%D9%84%D9%84%D8%B7%D8%A8%D8%A7%D8%B9%D8%A9,0.0,0,لم يحسب,1,0,$5.00,يوم واحد,0,3,15.0,.Amer Z,https://khamsat.com/user/amerzantah,True,بائع مميز,5.0,40,98.0%,11,40,8 ساعات
تصميم,https://khamsat.com/designing,تصميم ختم,https://khamsat.com/designing/stamp-design,تصميم ختم متناسق مع شعارك,https://khamsat.com/designing/stamp-design/2685373-%D8%AA%D8%B5%D9%85%D9%8A%D9%85-%D8%AE%D8%AA%D9%85-%D9%85%D8%AA%D9%86%D8%A7%D8%B3%D9%82-%D9%85%D8%B9-%D8%B4%D8%B9%D8%A7%D8%B1%D9%83,5.0,2,ساعتين,4,0,$5.00,يوم واحد,2,0,0.0,عبدالله ج.,https://khamsat.com/user/gd_abdo_j,True,بائع جديد,5.0,2,80.0%,5,4,ساعتين
تصميم,https://khamsat.com/designing,تصميم ختم,https://khamsat.com/designing/stamp-design,تصميم ختم فريد يلبي إحتياجاتك,https://khamsat.com/designing/stamp-design/3044045-%D8%AA%D8%B5%D9%85%D9%8A%D9%85-%D8%AE%D8%AA%D9%85-%D9%81%D8%B1%D9%8A%D8%AF-%D9%8A%D9%84%D8%A8%D9%8A-%D8%A5%D8%AD%D8%AA%D9%8A%D8%A7%D8%AC%D8%A7%D8%AA%D9%83,0.0,0,لم يحسب,0,0,$5.00,يوم واحد,0,1,5.0,عبدالرحمن ز.,https://khamsat.com/user/abdoshalapy,True,بائع جديد,0.0,0,لم يحسب بعد,3,0,لم يحسب
تصميم,https://khamsat.com/designing,تصميم ختم,https://khamsat.com/designing/stamp-design,أختام شخصية وتجارية بإبداع واحترافية,https://khamsat.com/designing/stamp-design/3029519-%D8%A3%D8%AE%D8%AA%D8%A7%D9%85-%D8%B4%D8%AE%D8%B5%D9%8A%D8%A9-%D9%88%D8%AA%D8%AC%D8%A7%D8%B1%D9%8A%D8%A9-%D8%A8%D8%A5%D8%A8%D8%AF%D8%A7%D8%B9-%D9%88%D8%A7%D8%AD%D8%AA%D8%B1%D8%A7%D9%81%D9%8A%D8%A9,0.0,0,لم يحسب,0,0,$5.00,يوم واحد,0,0,0.0,.Sarah A,https://khamsat.com/user/sara_alshamaa,False,مستخدم جديد,0.0,0,لم يحسب بعد,0,0,لم يحسب
تصميم,https://khamsat.com/designing,تصميم ختم,https://khamsat.com/designing/stamp-design,تصميم ختم إحترافي للشركات المؤسسات او الأفراد,https://khamsat.com/designing/stamp-design/2978567-%D8%AA%D8%B5%D9%85%D9%8A%D9%85-%D8%AE%D8%AA%D9%85-%D8%A5%D8%AD%D8%AA%D8%B1%D8%A7%D9%81%D9%8A-%D9%84%D9%84%D8%B4%D8%B1%D9%83%D8%A7%D8%AA-%D8%A7%D9%84%D9%85%D8%A4%D8%B3%D8%B3%D8%A7%D8%AA-%D8%A7%D9%88-%D8%A7%D9%84%D8%A3%D9%81%D8%B1%D8%A7%D8%AF,0.0,0,لم يحسب,0,0,$5.00,يومين,0,0,0.0,خولة ا.,https://khamsat.com/user/khaaoula_145,True,بائع جديد,5.0,1,100.0%,3,1,8 ساعات
تصميم,https://khamsat.com/designing,تصميم ختم,https://khamsat.com/designing/stamp-design,تصميم ختم بكافة الأشكال و المقاسات,https://khamsat.com/designing/stamp-design/1634385-%D8%AA%D8%B5%D9%85%D9%8A%D9%85-%D8%AE%D8%AA%D9%85-%D8%A8%D9%83%D8%A7%D9%81%D8%A9-%D8%A7%D9%84%D8%A3%D8%B4%D9%83%D8%A7%D9%84-%D9%88-%D8%A7%D9%84%D9%85%D9%82%D8%A7%D8%B3%D8%A7%D8%AA,5.0,29,ساعة,40,0,$10.00,أسبوع,25,4,185.0,أدهم خ.,https://khamsat.com/user/adhamkhaaled1,True,بائع مميز,5.0,402,96.14%,7,359,ساعتين
تصميم,https://khamsat.com/designing,تصميم ختم,https://khamsat.com/designing/stamp-design,تصميم أختام(stamp)حقيقيةاحترافية للشركات باشكاله المتنوعة,https://khamsat.com/designing/stamp-design/2908826-%D8%AA%D8%B5%D9%85%D9%8A%D9%85-%D8%A3%D8%AE%D8%AA%D8%A7%D9%85stamp%D8%AD%D9%82%D9%8A%D9%82%D9%8A%D8%A9%D8%A7%D8%AD%D8%AA%D8%B1%D8%A7%D9%81%D9%8A%D8%A9-%D9%84%D9%84%D8%B4%D8%B1%D9%83%D8%A7%D8%AA-%D8%A8%D8%A7%D8%B4%D9%83%D8%A7%D9%84%D9%87-%D8%A7%D9%84%D9%85%D8%AA%D9%86%D9%88%D8%B9%D8%A9,0.0,0,لم يحسب,0,0,$10.00,يوم واحد,0,4,30.0,.Nour S,https://khamsat.com/user/nour_designs,True,بائع جديد,0.0,0,لم يحسب بعد,5,0,لم يحسب
تصميم,https://khamsat.com/designing,تصميم ختم,https://khamsat.com/designing/stamp-design,تصميم أختام(stamp)احترافية للأفراد والشركات والمؤسسات,https://khamsat.com/designing/stamp-design/2367693-%D8%AA%D8%B5%D9%85%D9%8A%D9%85-%D8%A3%D8%AE%D8%AA%D8%A7%D9%85stamp%D8%A7%D8%AD%D8%AA%D8%B1%D8%A7%D9%81%D9%8A%D8%A9-%D9%84%D9%84%D8%A3%D9%81%D8%B1%D8%A7%D8%AF-%D9%88%D8%A7%D9%84%D8%B4%D8%B1%D9%83%D8%A7%D8%AA-%D9%88%D8%A7%D9%84%D9%85%D8%A4%D8%B3%D8%B3%D8%A7%D8%AA,0.0,0,لم يحسب,0,0,$5.00,يوم واحد,0,1,5.0,.Aya A,https://khamsat.com/user/ayaahmedanwar_23,True,بائع جديد,5.0,2,50.0%,5,1,10 دقائق
تصميم,https://khamsat.com/designing,تصميم ختم,https://khamsat.com/designing/stamp-design,تصميم ختم إحترافي بتصميم مبتكر يلبي إحتياجاتك,https://khamsat.com/designing/stamp-design/3020483-%D8%AA%D8%B5%D9%85%D9%8A%D9%85-%D8%AE%D8%AA%D9%85-%D8%A5%D8%AD%D8%AA%D8%B1%D8%A7%D9%81%D9%8A-%D8%A8%D8%AA%D8%B5%D9%85%D9%8A%D9%85-%D9%85%D8%A8%D8%AA%D9%83%D8%B1-%D9%8A%D9%84%D8%A8%D9%8A-%D8%A5%D8%AD%D8%AA%D9%8A%D8%A7%D8%AC%D8%A7%D8%AA%D9%83,0.0,0,لم يحسب,0,0,$10.00,يوم واحد,0,3,35.0,وليد ش.,https://khamsat.com/user/walid_chaib55,True,بائع جديد,0.0,0,لم يحسب بعد,3,0,لم يحسب
تصميم,https://khamsat.com/designing,تصميم ختم,https://khamsat.com/designing/stamp-design,تصميم ختم إحترافي مميز للشركات والأفراد,https://khamsat.com/designing/stamp-design/2275717-%D8%AA%D8%B5%D9%85%D9%8A%D9%85-%D8%AE%D8%AA%D9%85-%D8%A5%D8%AD%D8%AA%D8%B1%D8%A7%D9%81%D9%8A-%D9%85%D9%85%D9%8A%D8%B2-%D9%84%D9%84%D8%B4%D8%B1%D9%83%D8%A7%D8%AA-%D9%88%D8%A7%D9%84%D8%A3%D9%81%D8%B1%D8%A7%D8%AF,5.0,13,5 دقائق,17,0,$5.00,يوم واحد,13,3,15.0,إيمان ر.,https://khamsat.com/user/emanramadan30788,True,بائع مميز,5.0,198,99.72%,7,180,6 دقائق
تصميم,https://khamsat.com/designing,تصميم ختم,https://khamsat.com/designing/stamp-design,خدمة تصميم ختم احترافي مميز,https://khamsat.com/designing/stamp-design/1779263-%D8%AE%D8%AF%D9%85%D8%A9-%D8%AA%D8%B5%D9%85%D9%8A%D9%85-%D8%AE%D8%AA%D9%85-%D8%A7%D8%AD%D8%AA%D8%B1%D8%A7%D9%81%D9%8A-%D9%85%D9%85%D9%8A%D8%B2,0.0,0,4 دقائق,1,0,$5.00,يومين,0,3,25.0,.Mohammed Y,https://khamsat.com/user/moyounis2020,True,بائع مميز,5.0,22,89.47%,5,27,يوم
تصميم,https://khamsat.com/designing,تصميم ختم,https://khamsat.com/designing/stamp-design,مصمم إحترافي في الأختام الأصلية,https://khamsat.com/designing/stamp-design/2877992-%D9%85%D8%B5%D9%85%D9%85-%D8%A5%D8%AD%D8%AA%D8%B1%D8%A7%D9%81%D9%8A-%D9%81%D9%8A-%D8%A7%D9%84%D8%A3%D8%AE%D8%AA%D8%A7%D9%85-%D8%A7%D9%84%D8%A3%D8%B5%D9%84%D9%8A%D8%A9,0.0,0,لم يحسب,0,0,$5.00,يوم واحد,0,2,10.0,عبدالسلام ف.,https://khamsat.com/user/fouzcom,True,بائع جديد,0.0,0,لم يحسب بعد,1,0,لم يحسب
تصميم,https://khamsat.com/designing,تصميم QR Code,https://khamsat.com/designing/qr-code-design,انشاء 8 باركود ووضع اللوغو الخاص بك عليه باحترافيه QR CODE,https://khamsat.com/designing/qr-code-design/1624897-%D8%A7%D9%86%D8%B4%D8%A7%D8%A1-8-%D8%A8%D8%A7%D8%B1%D9%83%D9%88%D8%AF-%D9%88%D9%88%D8%B6%D8%B9-%D8%A7%D9%84%D9%84%D9%88%D8%BA%D9%88-%D8%A7%D9%84%D8%AE%D8%A7%D8%B5-%D8%A8%D9%83-%D8%B9%D9%84%D9%8A%D9%87-%D8%A8%D8%A7%D8%AD%D8%AA%D8%B1%D8%A7%D9%81%D9%8A%D9%87-qr-code,5.0,16,8 ساعات,29,0,$5.00,يوم واحد,16,1,5.0,محمود م.,https://khamsat.com/user/mo-mshal,True,بائع مميز,5.0,75,93.72%,8,128,17 ساعة
تصميم,https://khamsat.com/designing,تصميم QR Code,https://khamsat.com/designing/qr-code-design,تصميم QR code بطريقة جميلة وملفتة للنظر بشعارك الخاض بك,https://khamsat.com/designing/qr-code-design/1525473-%D8%AA%D8%B5%D9%85%D9%8A%D9%85-qr-code-%D8%A8%D8%B7%D8%B1%D9%8A%D9%82%D8%A9-%D8%AC%D9%85%D9%8A%D9%84%D8%A9-%D9%88%D9%85%D9%84%D9%81%D8%AA%D8%A9-%D9%84%D9%84%D9%86%D8%B8%D8%B1-%D8%A8%D8%B4%D8%B9%D8%A7%D8%B1%D9%83-%D8%A7%D9%84%D8%AE%D8%A7%D8%B6-%D8%A8%D9%83,4.5,5,ساعة,6,0,$5.00,يوم واحد,5,3,15.0,لينا ا.,https://khamsat.com/user/linaelseed,True,بائع نشيط,4.5,10,100.0%,2,11,3 ساعات
تصميم,https://khamsat.com/designing,تصميم QR Code,https://khamsat.com/designing/qr-code-design,خدمة توليد رموز الاستجابة السريعة المخصصة,https://khamsat.com/designing/qr-code-design/2602976-%D8%AE%D8%AF%D9%85%D8%A9-%D8%AA%D9%88%D9%84%D9%8A%D8%AF-%D8%B1%D9%85%D9%88%D8%B2-%D8%A7%D9%84%D8%A7%D8%B3%D8%AA%D8%AC%D8%A7%D8%A8%D8%A9-%D8%A7%D9%84%D8%B3%D8%B1%D9%8A%D8%B9%D8%A9-%D8%A7%D9%84%D9%85%D8%AE%D8%B5%D8%B5%D8%A9,5.0,1,دقيقتين,4,0,$5.00,يوم واحد,1,2,45.0,.Lina Bassam S,https://khamsat.com/user/dr_lina2usa,True,بائع مميز,5.0,52,92.95%,9,52,5 ساعات
تصميم,https://khamsat.com/designing,تصميم QR Code,https://khamsat.com/designing/qr-code-design,صناعة QR CODE مميز لوسائل التواصل الاجتماعي الخاص بك,https://khamsat.com/designing/qr-code-design/2477246-%D8%B5%D9%86%D8%A7%D8%B9%D8%A9-qr-code-%D9%85%D9%85%D9%8A%D8%B2-%D9%84%D9%88%D8%B3%D8%A7%D8%A6%D9%84-%D8%A7%D9%84%D8%AA%D9%88%D8%A7%D8%B5%D9%84-%D8%A7%D9%84%D8%A7%D8%AC%D8%AA%D9%85%D8%A7%D8%B9%D9%8A-%D8%A7%D9%84%D8%AE%D8%A7%D8%B5-%D8%A8%D9%83,5.0,1,3 ساعات,1,0,$5.00,يوم واحد,1,0,0.0,.Abdallah M,https://khamsat.com/user/apdallh257,True,بائع جديد,4.5,5,69.23%,5,7,ساعة
تصميم,https://khamsat.com/designing,تصميم QR Code,https://khamsat.com/designing/qr-code-design,انشاء QR CODE (باركود) ووضع اللوغو الخاص بك عليه,https://khamsat.com/designing/qr-code-design/2719233-%D8%A7%D9%86%D8%B4%D8%A7%D8%A1-qr-code-%D8%A8%D8%A7%D8%B1%D9%83%D9%88%D8%AF-%D9%88%D9%88%D8%B6%D8%B9-%D8%A7%D9%84%D9%84%D9%88%D8%BA%D9%88-%D8%A7%D9%84%D8%AE%D8%A7%D8%B5-%D8%A8%D9%83-%D8%B9%D9%84%D9%8A%D9%87,0.0,0,6 ساعات,1,0,$5.00,يوم واحد,0,2,10.0,.Mostafa A,https://khamsat.com/user/mostafa_alaa99,True,بائع نشيط,4.5,14,100.0%,4,14,ساعتين
تصميم,https://khamsat.com/designing,تصميم QR Code,https://khamsat.com/designing/qr-code-design,انشاء QR code للوجو الخاص بموقعك,https://khamsat.com/designing/qr-code-design/2881046-%D8%A7%D9%86%D8%B4%D8%A7%D8%A1-qr-code-%D9%84%D9%84%D9%88%D8%AC%D9%88-%D8%A7%D9%84%D8%AE%D8%A7%D8%B5-%D8%A8%D9%85%D9%88%D9%82%D8%B9%D9%83,5.0,1,لم يحسب,1,0,$10.00,يوم واحد,1,0,0.0,جهاد م.,https://khamsat.com/user/gehadmarawan,True,بائع جديد,5.0,1,50.0%,5,1,دقيقتين
تصميم,https://khamsat.com/designing,تصميم QR Code,https://khamsat.com/designing/qr-code-design,انشاء QR code لوكيشن location- اى رابط - صور - PDF- رقم هاتف,https://khamsat.com/designing/qr-code-design/1540642-%D8%A7%D9%86%D8%B4%D8%A7%D8%A1-qr-code-%D9%84%D9%88%D9%83%D9%8A%D8%B4%D9%86-location-%D8%A7%D9%89-%D8%B1%D8%A7%D8%A8%D8%B7-%D8%B5%D9%88%D8%B1-pdf-%D8%B1%D9%82%D9%85-%D9%87%D8%A7%D8%AA%D9%81,5.0,1,لم يحسب,2,0,$5.00,يوم واحد,1,1,5.0,.Mohamed A,https://khamsat.com/user/mido-elter,True,بائع مميز,4.5,56,82.76%,6,73,11 ساعة
تصميم,https://khamsat.com/designing,تصميم QR Code,https://khamsat.com/designing/qr-code-design,تصميم باركود ماسح ضوئي QR بشكل احترافي وعصري,https://khamsat.com/designing/qr-code-design/2504252-%D8%AA%D8%B5%D9%85%D9%8A%D9%85-%D8%A8%D8%A7%D8%B1%D9%83%D9%88%D8%AF-%D9%85%D8%A7%D8%B3%D8%AD-%D8%B6%D9%88%D8%A6%D9%8A-qr-%D8%A8%D8%B4%D9%83%D9%84-%D8%A7%D8%AD%D8%AA%D8%B1%D8%A7%D9%81%D9%8A-%D9%88%D8%B9%D8%B5%D8%B1%D9%8A,5.0,1,ساعة,1,0,$5.00,يوم واحد,1,1,10.0,.Kareem M,https://khamsat.com/user/kareem_mahmoud55,True,بائع جديد,5.0,1,100.0%,5,1,7 ساعات
تصميم,https://khamsat.com/designing,تصميم QR Code,https://khamsat.com/designing/qr-code-design,تحويل روابط الي qr code,https://khamsat.com/designing/qr-code-design/3052038-%D8%AA%D8%AD%D9%88%D9%8A%D9%84-%D8%B1%D9%88%D8%A7%D8%A8%D8%B7-%D8%A7%D9%84%D9%8A-qr-code,0.0,0,لم يحسب,0,0,$5.00,يوم واحد,0,1,5.0,.Ahmed K,https://khamsat.com/user/zeta,True,بائع جديد,5.0,3,100.0%,3,2,يوم
تصميم,https://khamsat.com/designing,تصميم QR Code,https://khamsat.com/designing/qr-code-design,تصميم QR Code خاص بموقعك الألكتروني,https://khamsat.com/designing/qr-code-design/3047061-%D8%AA%D8%B5%D9%85%D9%8A%D9%85-qr-code-%D8%AE%D8%A7%D8%B5-%D8%A8%D9%85%D9%88%D9%82%D8%B9%D9%83-%D8%A7%D9%84%D8%A3%D9%84%D9%83%D8%AA%D8%B1%D9%88%D9%86%D9%8A,0.0,0,لم يحسب,0,0,$5.00,يوم واحد,0,0,0.0,.Tasneem A,https://khamsat.com/user/tasnym12,True,بائع جديد,0.0,0,لم يحسب بعد,1,0,لم يحسب
تصميم,https://khamsat.com/designing,تصميم QR Code,https://khamsat.com/designing/qr-code-design,عمل باركود بطريقه احترافيه,https://khamsat.com/designing/qr-code-design/3034631-%D8%B9%D9%85%D9%84-%D8%A8%D8%A7%D8%B1%D9%83%D9%88%D8%AF-%D8%A8%D8%B7%D8%B1%D9%8A%D9%82%D9%87-%D8%A7%D8%AD%D8%AA%D8%B1%D8%A7%D9%81%D9%8A%D9%87,0.0,0,لم يحسب,0,0,$5.00,يوم واحد,0,0,0.0,احمد م.,https://khamsat.com/user/cr7_aom,True,بائع جديد,0.0,0,لم يحسب بعد,5,0,لم يحسب
تصميم,https://khamsat.com/designing,تصميم QR Code,https://khamsat.com/designing/qr-code-design,عمل QR code للمواقع و اي لينكات,https://khamsat.com/designing/qr-code-design/3021850-%D8%B9%D9%85%D9%84-qr-code-%D9%84%D9%84%D9%85%D9%88%D8%A7%D9%82%D8%B9-%D9%88-%D8%A7%D9%8A-%D9%84%D9%8A%D9%86%D9%83%D8%A7%D8%AA,0.0,0,لم يحسب,0,0,$5.00,يوم واحد,0,1,5.0,.Mina M,https://khamsat.com/user/mano_magdy,False,بائع جديد,0.0,0,لم يحسب بعد,1,0,لم يحسب
تصميم,https://khamsat.com/designing,تصميم QR Code,https://khamsat.com/designing/qr-code-design,تصميم QR CODE مودرن عليه لوجو الموقع,https://khamsat.com/designing/qr-code-design/3026077-%D8%AA%D8%B5%D9%85%D9%8A%D9%85-qr-code-%D9%85%D9%88%D8%AF%D8%B1%D9%86-%D8%B9%D9%84%D9%8A%D9%87-%D9%84%D9%88%D8%AC%D9%88-%D8%A7%D9%84%D9%85%D9%88%D9%82%D8%B9,0.0,0,لم يحسب,0,0,$5.00,يوم واحد,0,0,0.0,.Ahmed H,https://khamsat.com/user/ahmed_1193,True,مستخدم جديد,0.0,0,لم يحسب بعد,0,0,لم يحسب
تصميم,https://khamsat.com/designing,تصميم QR Code,https://khamsat.com/designing/qr-code-design,رمز الاستجابة السريعة لموقعك او اي رابط يحمل شعارك,https://khamsat.com/designing/qr-code-design/2811682-%D8%B1%D9%85%D8%B2-%D8%A7%D9%84%D8%A7%D8%B3%D8%AA%D8%AC%D8%A7%D8%A8%D8%A9-%D8%A7%D9%84%D8%B3%D8%B1%D9%8A%D8%B9%D8%A9-%D9%84%D9%85%D9%88%D9%82%D8%B9%D9%83-%D8%A7%D9%88-%D8%A7%D9%8A-%D8%B1%D8%A7%D8%A8%D8%B7-%D9%8A%D8%AD%D9%85%D9%84-%D8%B4%D8%B9%D8%A7%D8%B1%D9%83,5.0,1,7 دقائق,1,0,$5.00,يوم واحد,1,1,5.0,.Youssef O,https://khamsat.com/user/barkil,True,بائع جديد,5.0,1,100.0%,4,1,7 دقائق
تصميم,https://khamsat.com/designing,تصميم QR Code,https://khamsat.com/designing/qr-code-design,تصميم كود QR احترافي لموقعك أو نشاطك التجاري,https://khamsat.com/designing/qr-code-design/3035769-%D8%AA%D8%B5%D9%85%D9%8A%D9%85-%D9%83%D9%88%D8%AF-qr-%D8%A7%D8%AD%D8%AA%D8%B1%D8%A7%D9%81%D9%8A-%D9%84%D9%85%D9%88%D9%82%D8%B9%D9%83-%D8%A3%D9%88-%D9%86%D8%B4%D8%A7%D8%B7%D9%83-%D8%A7%D9%84%D8%AA%D8%AC%D8%A7%D8%B1%D9%8A,0.0,0,لم يحسب,0,0,$5.00,يوم واحد,0,2,10.0,ايه ز.,https://khamsat.com/user/aya_zidan,True,بائع جديد,0.0,0,لم يحسب بعد,1,0,لم يحسب
تصميم,https://khamsat.com/designing,تصميم QR Code,https://khamsat.com/designing/qr-code-design,تصميم QR code احترافي خاص بك,https://khamsat.com/designing/qr-code-design/2976092-%D8%AA%D8%B5%D9%85%D9%8A%D9%85-qr-code-%D8%A7%D8%AD%D8%AA%D8%B1%D8%A7%D9%81%D9%8A-%D8%AE%D8%A7%D8%B5-%D8%A8%D9%83,0.0,0,لم يحسب,0,0,$5.00,يوم واحد,0,1,5.0,.Hossam G,https://khamsat.com/user/mourad_el97,False,بائع جديد,0.0,0,لم يحسب بعد,5,0,لم يحسب
تصميم,https://khamsat.com/designing,تصميم QR Code,https://khamsat.com/designing/qr-code-design,احصل على QR Code الخاص بك باشكال جميلة وحسب بياناتك,https://khamsat.com/designing/qr-code-design/1546556-%D8%A7%D8%AD%D8%B5%D9%84-%D8%B9%D9%84%D9%89-qr-code-%D8%A7%D9%84%D8%AE%D8%A7%D8%B5-%D8%A8%D9%83-%D8%A8%D8%A7%D8%B4%D9%83%D8%A7%D9%84-%D8%AC%D9%85%D9%8A%D9%84%D8%A9-%D9%88%D8%AD%D8%B3%D8%A8-%D8%A8%D9%8A%D8%A7%D9%86%D8%A7%D8%AA%D9%83,5.0,8,11 دقيقة,8,0,$5.00,يوم واحد,8,0,0.0,محمد ع.,https://khamsat.com/user/wafai2011,True,بائع مميز,5.0,127,96.21%,9,134,3 ساعات
تصميم,https://khamsat.com/designing,تصميم QR Code,https://khamsat.com/designing/qr-code-design,تصميم QR Code لبياناتك (رقم تليفون - صفحتك الشخصية - وغيرها),https://khamsat.com/designing/qr-code-design/2470769-%D8%AA%D8%B5%D9%85%D9%8A%D9%85-qr-code-%D9%84%D8%A8%D9%8A%D8%A7%D9%86%D8%A7%D8%AA%D9%83-%D8%B1%D9%82%D9%85-%D8%AA%D9%84%D9%8A%D9%81%D9%88%D9%86-%D8%B5%D9%81%D8%AD%D8%AA%D9%83-%D8%A7%D9%84%D8%B4%D8%AE%D8%B5%D9%8A%D8%A9-%D9%88%D8%BA%D9%8A%D8%B1%D9%87%D8%A7,0.0,0,لم يحسب,0,0,$5.00,يوم واحد,0,0,0.0,.Ahmed H,https://khamsat.com/user/ahmed_h01,True,بائع جديد,0.0,0,لم يحسب بعد,1,0,لم يحسب
تصميم,https://khamsat.com/designing,تصميم QR Code,https://khamsat.com/designing/qr-code-design,أنشاء رمز QR Code بدقة عالية وأشكال متنوعة وبطريقة احترافية,https://khamsat.com/designing/qr-code-design/3041159-%D8%A3%D9%86%D8%B4%D8%A7%D8%A1-%D8%B1%D9%85%D8%B2-qr-code-%D8%A8%D8%AF%D9%82%D8%A9-%D8%B9%D8%A7%D9%84%D9%8A%D8%A9-%D9%88%D8%A3%D8%B4%D9%83%D8%A7%D9%84-%D9%85%D8%AA%D9%86%D9%88%D8%B9%D8%A9-%D9%88%D8%A8%D8%B7%D8%B1%D9%8A%D9%82%D8%A9-%D8%A7%D8%AD%D8%AA%D8%B1%D8%A7%D9%81%D9%8A%D8%A9,0.0,0,لم يحسب,0,0,$5.00,يوم واحد,0,0,0.0,عامر ا.,https://khamsat.com/user/ameralmosa,False,بائع جديد,0.0,0,لم يحسب بعد,1,0,لم يحسب
تصميم,https://khamsat.com/designing,تصميم QR Code,https://khamsat.com/designing/qr-code-design,انشاء باركود للموقع الخاص بك بكل احترافية,https://khamsat.com/designing/qr-code-design/2356556-%D8%A7%D9%86%D8%B4%D8%A7%D8%A1-%D8%A8%D8%A7%D8%B1%D9%83%D9%88%D8%AF-%D9%84%D9%84%D9%85%D9%88%D9%82%D8%B9-%D8%A7%D9%84%D8%AE%D8%A7%D8%B5-%D8%A8%D9%83-%D8%A8%D9%83%D9%84-%D8%A7%D8%AD%D8%AA%D8%B1%D8%A7%D9%81%D9%8A%D8%A9,5.0,1,ساعة,2,0,$5.00,يوم واحد,1,3,30.0,.Walid I,https://khamsat.com/user/khwalid1234,True,بائع جديد,5.0,1,100.0%,2,2,ساعة
تصميم,https://khamsat.com/designing,تصميم QR Code,https://khamsat.com/designing/qr-code-design,إنشاء أكواد QR احترافية لمختلف الاستخدمات,https://khamsat.com/designing/qr-code-design/2946989-%D8%A5%D9%86%D8%B4%D8%A7%D8%A1-%D8%A3%D9%83%D9%88%D8%A7%D8%AF-qr-%D8%A7%D8%AD%D8%AA%D8%B1%D8%A7%D9%81%D9%8A%D8%A9-%D9%84%D9%85%D8%AE%D8%AA%D9%84%D9%81-%D8%A7%D9%84%D8%A7%D8%B3%D8%AA%D8%AE%D8%AF%D9%85%D8%A7%D8%AA,0.0,0,لم يحسب,0,0,$5.00,يوم واحد,0,1,5.0,.Abdelrahman M,https://khamsat.com/user/am3900r,True,بائع جديد,0.0,0,لم يحسب بعد,3,0,لم يحسب
تصميم,https://khamsat.com/designing,تصميم QR Code,https://khamsat.com/designing/qr-code-design,أقوي QR Code لأي موقع وأي منصة ودمج الصورة بال QR Code,https://khamsat.com/designing/qr-code-design/3006418-%D8%A3%D9%82%D9%88%D9%8A-qr-code-%D9%84%D8%A3%D9%8A-%D9%85%D9%88%D9%82%D8%B9-%D9%88%D8%A3%D9%8A-%D9%85%D9%86%D8%B5%D8%A9-%D9%88%D8%AF%D9%85%D8%AC-%D8%A7%D9%84%D8%B5%D9%88%D8%B1%D8%A9-%D8%A8%D8%A7%D9%84-qr-code,0.0,0,لم يحسب,0,0,$5.00,يوم واحد,0,0,0.0,.Awad A,https://khamsat.com/user/ahmed_awad247,False,بائع جديد,0.0,0,لم يحسب بعد,1,0,لم يحسب
تصميم,https://khamsat.com/designing,تصميم QR Code,https://khamsat.com/designing/qr-code-design,أحصل علي 2 QR-Code بشكل إحترافي بالشعار الخاص بك,https://khamsat.com/designing/qr-code-design/2539813-%D8%A3%D8%AD%D8%B5%D9%84-%D8%B9%D9%84%D9%8A-2-qr-code-%D8%A8%D8%B4%D9%83%D9%84-%D8%A5%D8%AD%D8%AA%D8%B1%D8%A7%D9%81%D9%8A-%D8%A8%D8%A7%D9%84%D8%B4%D8%B9%D8%A7%D8%B1-%D8%A7%D9%84%D8%AE%D8%A7%D8%B5-%D8%A8%D9%83,0.0,0,لم يحسب,0,0,$5.00,يوم واحد,0,1,5.0,عمار ا.,https://khamsat.com/user/amarmostafa7,True,بائع جديد,0.0,0,لم يحسب بعد,1,0,لم يحسب
تصميم,https://khamsat.com/designing,تصميم QR Code,https://khamsat.com/designing/qr-code-design,إنشاء كود QR CODE (باركود),https://khamsat.com/designing/qr-code-design/2810249-%D8%A5%D9%86%D8%B4%D8%A7%D8%A1-%D9%83%D9%88%D8%AF-qr-code-%D8%A8%D8%A7%D8%B1%D9%83%D9%88%D8%AF,0.0,0,لم يحسب,0,0,$5.00,يوم واحد,0,0,0.0,.Abdulaziz B,https://khamsat.com/user/azeez2022,True,بائع نشيط,4.0,8,82.35%,4,9,10 ساعات
تصميم,https://khamsat.com/designing,تصميم QR Code,https://khamsat.com/designing/qr-code-design,تصميم رموز QR مخصصة لتعزيز تواصلك الرقمي,https://khamsat.com/designing/qr-code-design/2976862-%D8%AA%D8%B5%D9%85%D9%8A%D9%85-%D8%B1%D9%85%D9%88%D8%B2-qr-%D9%85%D8%AE%D8%B5%D8%B5%D8%A9-%D9%84%D8%AA%D8%B9%D8%B2%D9%8A%D8%B2-%D8%AA%D9%88%D8%A7%D8%B5%D9%84%D9%83-%D8%A7%D9%84%D8%B1%D9%82%D9%85%D9%8A,0.0,0,لم يحسب,0,0,$5.00,يوم واحد,0,3,15.0,أحمد ا.,https://khamsat.com/user/ahmedmenari,False,بائع جديد,0.0,0,لم يحسب بعد,2,0,لم يحسب
تصميم,https://khamsat.com/designing,تصميم QR Code,https://khamsat.com/designing/qr-code-design,تصميم QR code عصرى ومميز جدا,https://khamsat.com/designing/qr-code-design/3009416-%D8%AA%D8%B5%D9%85%D9%8A%D9%85-qr-code-%D8%B9%D8%B5%D8%B1%D9%89-%D9%88%D9%85%D9%85%D9%8A%D8%B2-%D8%AC%D8%AF%D8%A7,0.0,0,لم يحسب,0,0,$5.00,يوم واحد,0,1,5.0,.Mohamed M,https://khamsat.com/user/mohamedsaad3,False,بائع جديد,0.0,0,لم يحسب بعد,1,0,لم يحسب
تصميم,https://khamsat.com/designing,تصميم QR Code,https://khamsat.com/designing/qr-code-design,تصميم qr code بالالوان و الصيغ المطلوبة,https://khamsat.com/designing/qr-code-design/2884555-%D8%AA%D8%B5%D9%85%D9%8A%D9%85-qr-code-%D8%A8%D8%A7%D9%84%D8%A7%D9%84%D9%88%D8%A7%D9%86-%D9%88-%D8%A7%D9%84%D8%B5%D9%8A%D8%BA-%D8%A7%D9%84%D9%85%D8%B7%D9%84%D9%88%D8%A8%D8%A9,0.0,0,لم يحسب,0,0,$5.00,يوم واحد,0,0,0.0,بلال ا.,https://khamsat.com/user/belal_elshyal010,True,بائع جديد,0.0,0,لم يحسب بعد,2,0,لم يحسب
تصميم,https://khamsat.com/designing,تصميم QR Code,https://khamsat.com/designing/qr-code-design,إنشاء رموز QR مخصصة لتلبية احتياجات عملك,https://khamsat.com/designing/qr-code-design/3015444-%D8%A5%D9%86%D8%B4%D8%A7%D8%A1-%D8%B1%D9%85%D9%88%D8%B2-qr-%D9%85%D8%AE%D8%B5%D8%B5%D8%A9-%D9%84%D8%AA%D9%84%D8%A8%D9%8A%D8%A9-%D8%A7%D8%AD%D8%AA%D9%8A%D8%A7%D8%AC%D8%A7%D8%AA-%D8%B9%D9%85%D9%84%D9%83,0.0,0,لم يحسب,0,0,$5.00,يوم واحد,0,2,10.0,.David A,https://khamsat.com/user/da4lans,True,بائع جديد,0.0,0,لم يحسب بعد,4,0,لم يحسب
تصميم,https://khamsat.com/designing,تصميم QR Code,https://khamsat.com/designing/qr-code-design,تحويل اي روابط او حسابات و pdf او ارقام او... الي QR CODE,https://khamsat.com/designing/qr-code-design/2607035-%D8%AA%D8%AD%D9%88%D9%8A%D9%84-%D8%A7%D9%8A-%D8%B1%D9%88%D8%A7%D8%A8%D8%B7-%D8%A7%D9%88-%D8%AD%D8%B3%D8%A7%D8%A8%D8%A7%D8%AA-%D9%88-pdf-%D8%A7%D9%88-%D8%A7%D8%B1%D9%82%D8%A7%D9%85-%D8%A7%D9%88.-%D8%A7%D9%84%D9%8A-qr-code,0.0,0,لم يحسب,0,0,$5.00,يوم واحد,0,1,5.0,.Mohamed F,https://khamsat.com/user/mohamed_fawzi_oka,False,بائع جديد,0.0,0,لم يحسب بعد,2,0,لم يحسب
تصميم,https://khamsat.com/designing,تصميم QR Code,https://khamsat.com/designing/qr-code-design,تصميم business-card باحترافية مميزة+اضافة كود qr,https://khamsat.com/designing/qr-code-design/2091016-%D8%AA%D8%B5%D9%85%D9%8A%D9%85-business-card-%D8%A8%D8%A7%D8%AD%D8%AA%D8%B1%D8%A7%D9%81%D9%8A%D8%A9-%D9%85%D9%85%D9%8A%D8%B2%D8%A9%D8%A7%D8%B6%D8%A7%D9%81%D8%A9-%D9%83%D9%88%D8%AF-qr,5.0,2,ساعتين,4,0,$5.00,يوم واحد,2,0,0.0,.Rewaa F,https://khamsat.com/user/rewaa_fouad,True,بائع مميز,5.0,24,92.96%,4,23,3 ساعات
تصميم,https://khamsat.com/designing,تعديل الصور,https://khamsat.com/designing/photo-editing,ساقوم بعمل تعديل على باستخدام LightRoom,https://khamsat.com/designing/photo-editing/1380614-%D8%B3%D8%A7%D9%82%D9%88%D9%85-%D8%A8%D8%B9%D9%85%D9%84-%D8%AA%D8%B9%D8%AF%D9%8A%D9%84-%D8%B9%D9%84%D9%89-%D8%A8%D8%A7%D8%B3%D8%AA%D8%AE%D8%AF%D8%A7%D9%85-lightroom,5.0,1,لم يحسب,1,0,$10.00,يوم واحد,1,2,60.0,.Alilouche A,https://khamsat.com/user/ahmed_yac,True,بائع جديد,5.0,1,100.0%,1,1,لم يحسب
تصميم,https://khamsat.com/designing,تعديل الصور,https://khamsat.com/designing/photo-editing,عمل اي تعديل مطلوب على الصوره بالفوتوشوبRetouch,https://khamsat.com/designing/photo-editing/2147623-%D8%B9%D9%85%D9%84-%D8%A7%D9%8A-%D8%AA%D8%B9%D8%AF%D9%8A%D9%84-%D9%85%D8%B7%D9%84%D9%88%D8%A8-%D8%B9%D9%84%D9%89-%D8%A7%D9%84%D8%B5%D9%88%D8%B1%D9%87-%D8%A8%D8%A7%D9%84%D9%81%D9%88%D8%AA%D9%88%D8%B4%D9%88%D8%A8retouch,5.0,29,27 دقيقة,37,0,$5.00,يوم واحد,25,5,115.0,ليلى ا.,https://khamsat.com/user/%D8%AB%D8%B1%D9%8A%D8%A7-%D8%A7%D9%84%D8%AD%D9%85%D8%A7%D9%8A%D8%AF%D8%A9,True,مشتري VIP,4.5,195,97.04%,24,247,ساعتين
تصميم,https://khamsat.com/designing,تعديل الصور,https://khamsat.com/designing/photo-editing,دمج وتعديل الصور بإتقان,https://khamsat.com/designing/photo-editing/2870542-%D8%AF%D9%85%D8%AC-%D9%88%D8%AA%D8%B9%D8%AF%D9%8A%D9%84-%D8%A7%D9%84%D8%B5%D9%88%D8%B1-%D8%A8%D8%A5%D8%AA%D9%82%D8%A7%D9%86,5.0,14,ساعة,15,0,$5.00,يومين,14,5,50.0,.Nour A,https://khamsat.com/user/nour_abras,True,بائع نشيط,5.0,14,97.83%,4,15,ساعة
تصميم,https://khamsat.com/designing,تعديل الصور,https://khamsat.com/designing/photo-editing,تعديل الصور بجودة واحترافية عالية,https://khamsat.com/designing/photo-editing/1513737-%D8%AA%D8%B9%D8%AF%D9%8A%D9%84-%D8%A7%D9%84%D8%B5%D9%88%D8%B1-%D8%A8%D8%AC%D9%88%D8%AF%D8%A9-%D9%88%D8%A7%D8%AD%D8%AA%D8%B1%D8%A7%D9%81%D9%8A%D8%A9-%D8%B9%D8%A7%D9%84%D9%8A%D8%A9,5.0,35,10 ساعات,42,0,$5.00,يوم واحد,25,4,100.0,.Dana D,https://khamsat.com/user/danadiab,True,بائع موثوق,5.0,114,98.57%,4,131,4 ساعات
تصميم,https://khamsat.com/designing,تعديل الصور,https://khamsat.com/designing/photo-editing,تعديل الصور بجودة واحترافية عالية,https://khamsat.com/designing/photo-editing/1958819-%D8%AA%D8%B9%D8%AF%D9%8A%D9%84-%D8%A7%D9%84%D8%B5%D9%88%D8%B1-%D8%A8%D8%AC%D9%88%D8%AF%D8%A9-%D9%88%D8%A7%D8%AD%D8%AA%D8%B1%D8%A7%D9%81%D9%8A%D8%A9-%D8%B9%D8%A7%D9%84%D9%8A%D8%A9,5.0,14,25 دقيقة,20,0,$5.00,يوم واحد,14,1,10.0,.Khalid E,https://khamsat.com/user/khalidkhadrawy,True,بائع مميز,5.0,29,90.77%,9,30,ساعة
تصميم,https://khamsat.com/designing,تعديل الصور,https://khamsat.com/designing/photo-editing,تحويل اي صورة او شكل الى فيكتور,https://khamsat.com/designing/photo-editing/2919216-%D8%AA%D8%AD%D9%88%D9%8A%D9%84-%D8%A7%D9%8A-%D8%B5%D9%88%D8%B1%D8%A9-%D8%A7%D9%88-%D8%B4%D9%83%D9%84-%D8%A7%D9%84%D9%89-%D9%81%D9%8A%D9%83%D8%AA%D9%88%D8%B1,5.0,1,لم يحسب,1,0,$5.00,يوم واحد,1,4,25.0,جورج ط.,https://khamsat.com/user/george74426,True,بائع نشيط,5.0,7,100.0%,6,7,14 ساعة
تصميم,https://khamsat.com/designing,تعديل الصور,https://khamsat.com/designing/photo-editing,ازالة العيوب وتجميل الصور باستخدام ادوبي فوتوشوب,https://khamsat.com/designing/photo-editing/2967862-%D8%A7%D8%B2%D8%A7%D9%84%D8%A9-%D8%A7%D9%84%D8%B9%D9%8A%D9%88%D8%A8-%D9%88%D8%AA%D8%AC%D9%85%D9%8A%D9%84-%D8%A7%D9%84%D8%B5%D9%88%D8%B1-%D8%A8%D8%A7%D8%B3%D8%AA%D8%AE%D8%AF%D8%A7%D9%85-%D8%A7%D8%AF%D9%88%D8%A8%D9%8A-%D9%81%D9%88%D8%AA%D9%88%D8%B4%D9%88%D8%A8,5.0,1,32 دقيقة,1,0,$5.00,يوم واحد,1,4,50.0,.Ahmed K,https://khamsat.com/user/ahmed_khaled_54,True,بائع جديد,5.0,2,100.0%,3,2,22 دقيقة
تصميم,https://khamsat.com/designing,تعديل الصور,https://khamsat.com/designing/photo-editing,خدمة تعديل الصور باستخدام Adobe Photoshop,https://khamsat.com/designing/photo-editing/2074028-%D8%AE%D8%AF%D9%85%D8%A9-%D8%AA%D8%B9%D8%AF%D9%8A%D9%84-%D8%A7%D9%84%D8%B5%D9%88%D8%B1-%D8%A8%D8%A7%D8%B3%D8%AA%D8%AE%D8%AF%D8%A7%D9%85-adobe-photoshop,5.0,23,59 دقيقة,30,0,$10.00,يومين,23,4,50.0,.Karam A,https://khamsat.com/user/kemo552,True,بائع مميز,5.0,38,93.62%,7,43,ساعة
تصميم,https://khamsat.com/designing,تعديل الصور,https://khamsat.com/designing/photo-editing,حل مشاكل عيوب الصور الملتقطة لنشرها,https://khamsat.com/designing/photo-editing/2269314-%D8%AD%D9%84-%D9%85%D8%B4%D8%A7%D9%83%D9%84-%D8%B9%D9%8A%D9%88%D8%A8-%D8%A7%D9%84%D8%B5%D9%88%D8%B1-%D8%A7%D9%84%D9%85%D9%84%D8%AA%D9%82%D8%B7%D8%A9-%D9%84%D9%86%D8%B4%D8%B1%D9%87%D8%A7,5.0,1,4 دقائق,2,0,$10.00,يوم واحد,1,1,10.0,.Mahfoud Z,https://khamsat.com/user/yourgraphicdeseigner,True,بائع مميز,5.0,29,98.94%,5,31,3 ساعات
تصميم,https://khamsat.com/designing,تعديل الصور,https://khamsat.com/designing/photo-editing,"تصميم صور للقصص والروايات بجودة عالية, أنواع مختلفة",https://khamsat.com/designing/photo-editing/2799660-%D8%AA%D8%B5%D9%85%D9%8A%D9%85-%D8%B5%D9%88%D8%B1-%D9%84%D9%84%D9%82%D8%B5%D8%B5-%D9%88%D8%A7%D9%84%D8%B1%D9%88%D8%A7%D9%8A%D8%A7%D8%AA-%D8%A8%D8%AC%D9%88%D8%AF%D8%A9-%D8%B9%D8%A7%D9%84%D9%8A%D8%A9-%D8%A3%D9%86%D9%88%D8%A7%D8%B9-%D9%85%D8%AE%D8%AA%D9%84%D9%81%D8%A9,5.0,1,لم يحسب,1,0,$5.00,يوم واحد,1,5,90.0,.Mohamed E,https://khamsat.com/user/mohamed_lmouden,True,بائع نشيط,5.0,11,100.0%,7,12,3 ساعات
تصميم,https://khamsat.com/designing,تعديل الصور,https://khamsat.com/designing/photo-editing,أعدل أي صورة تريدها أيا كان التعديل بالفوتوشوب بشكل إحترافي,https://khamsat.com/designing/photo-editing/2736145-%D8%A3%D8%B9%D8%AF%D9%84-%D8%A3%D9%8A-%D8%B5%D9%88%D8%B1%D8%A9-%D8%AA%D8%B1%D9%8A%D8%AF%D9%87%D8%A7-%D8%A3%D9%8A%D8%A7-%D9%83%D8%A7%D9%86-%D8%A7%D9%84%D8%AA%D8%B9%D8%AF%D9%8A%D9%84-%D8%A8%D8%A7%D9%84%D9%81%D9%88%D8%AA%D9%88%D8%B4%D9%88%D8%A8-%D8%A8%D8%B4%D9%83%D9%84-%D8%A5%D8%AD%D8%AA%D8%B1%D8%A7%D9%81%D9%8A,5.0,11,3 دقائق,11,0,$15.00,يوم واحد,11,1,5.0,ياسر س.,https://khamsat.com/user/yaser_sawas,True,بائع مميز,5.0,16,100.0%,1,15,10 دقائق
تصميم,https://khamsat.com/designing,تعديل الصور,https://khamsat.com/designing/photo-editing,تعديل الصور بالذكاء الاصطناعي للفوتوشوب,https://khamsat.com/designing/photo-editing/2694640-%D8%AA%D8%B9%D8%AF%D9%8A%D9%84-%D8%A7%D9%84%D8%B5%D9%88%D8%B1-%D8%A8%D8%A7%D9%84%D8%B0%D9%83%D8%A7%D8%A1-%D8%A7%D9%84%D8%A7%D8%B5%D8%B7%D9%86%D8%A7%D8%B9%D9%8A-%D9%84%D9%84%D9%81%D9%88%D8%AA%D9%88%D8%B4%D9%88%D8%A8,5.0,2,50 دقيقة,3,0,$5.00,يوم واحد,2,1,5.0,عبدالرحيم ا.,https://khamsat.com/user/rahou7,True,بائع نشيط,5.0,14,76.47%,4,16,ساعة
تصميم,https://khamsat.com/designing,تعديل الصور,https://khamsat.com/designing/photo-editing,تعديلات على الصور الشخصية,https://khamsat.com/designing/photo-editing/151836-%D8%AA%D8%B9%D8%AF%D9%8A%D9%84%D8%A7%D8%AA-%D8%B9%D9%84%D9%89-%D8%A7%D9%84%D8%B5%D9%88%D8%B1-%D8%A7%D9%84%D8%B4%D8%AE%D8%B5%D9%8A%D8%A9,5.0,3,ساعة,7,0,$5.00,ثلاثة أيام,3,1,15.0,.Abdelkrim M,https://khamsat.com/user/abdou18,True,بائع مميز,5.0,93,80.36%,3,122,ساعة
تصميم,https://khamsat.com/designing,تعديل الصور,https://khamsat.com/designing/photo-editing,تصميم ديجيتال كولاج كرييتف,https://khamsat.com/designing/photo-editing/2564449-%D8%AA%D8%B5%D9%85%D9%8A%D9%85-%D8%AF%D9%8A%D8%AC%D9%8A%D8%AA%D8%A7%D9%84-%D9%83%D9%88%D9%84%D8%A7%D8%AC-%D9%83%D8%B1%D9%8A%D9%8A%D8%AA%D9%81,4.5,2,دقيقة,4,0,$10.00,يومين,2,0,0.0,.Esraa M,https://khamsat.com/user/israa_mah25,True,بائع نشيط,4.5,2,91.67%,2,4,دقيقة
تصميم,https://khamsat.com/designing,تعديل الصور,https://khamsat.com/designing/photo-editing,تعديل صور بجودة عالية وكتابة محتوى عليهم,https://khamsat.com/designing/photo-editing/843257-%D8%AA%D8%B9%D8%AF%D9%8A%D9%84-%D8%B5%D9%88%D8%B1-%D8%A8%D8%AC%D9%88%D8%AF%D8%A9-%D8%B9%D8%A7%D9%84%D9%8A%D8%A9-%D9%88%D9%83%D8%AA%D8%A7%D8%A8%D8%A9-%D9%85%D8%AD%D8%AA%D9%88%D9%89-%D8%B9%D9%84%D9%8A%D9%87%D9%85,5.0,5,19 دقيقة,5,0,$5.00,يومين,5,0,0.0,هند م.,https://khamsat.com/user/%D9%87%D9%86%D8%AF-%D9%85%D9%86%D8%B5%D9%88%D8%B1,True,بائع نشيط,5.0,13,55.77%,2,13,ساعتين
تصميم,https://khamsat.com/designing,تعديل الصور,https://khamsat.com/designing/photo-editing,تعديل الصور باحترافية عالية على الفوتوشوب ب $5,https://khamsat.com/designing/photo-editing/1582954-%D8%AA%D8%B9%D8%AF%D9%8A%D9%84-%D8%A7%D9%84%D8%B5%D9%88%D8%B1-%D8%A8%D8%A7%D8%AD%D8%AA%D8%B1%D8%A7%D9%81%D9%8A%D8%A9-%D8%B9%D8%A7%D9%84%D9%8A%D8%A9-%D8%B9%D9%84%D9%89-%D8%A7%D9%84%D9%81%D9%88%D8%AA%D9%88%D8%B4%D9%88%D8%A8-%D8%A8-5,5.0,4,14 ساعة,4,0,$5.00,يوم واحد,4,4,50.0,.Ahmad A,https://khamsat.com/user/ahmad963963,True,بائع مميز,4.5,21,82.81%,4,26,5 ساعات
تصميم,https://khamsat.com/designing,تعديل الصور,https://khamsat.com/designing/photo-editing,خدمة رفع جودة الصور وتحسين ألوانها,https://khamsat.com/designing/photo-editing/2845344-%D8%AE%D8%AF%D9%85%D8%A9-%D8%B1%D9%81%D8%B9-%D8%AC%D9%88%D8%AF%D8%A9-%D8%A7%D9%84%D8%B5%D9%88%D8%B1-%D9%88%D8%AA%D8%AD%D8%B3%D9%8A%D9%86-%D8%A3%D9%84%D9%88%D8%A7%D9%86%D9%87%D8%A7,4.5,5,دقيقتين,5,0,$5.00,يوم واحد,5,1,10.0,.Zeyad A,https://khamsat.com/user/ziad-abdo,True,بائع جديد,4.5,5,88.89%,2,5,دقيقتين
تصميم,https://khamsat.com/designing,تعديل الصور,https://khamsat.com/designing/photo-editing,Photo Manipulation|تعديل وتصميم الصور,https://khamsat.com/designing/photo-editing/2528498-photo-manipulation%D8%AA%D8%B9%D8%AF%D9%8A%D9%84-%D9%88%D8%AA%D8%B5%D9%85%D9%8A%D9%85-%D8%A7%D9%84%D8%B5%D9%88%D8%B1,4.5,5,5 ساعات,5,0,$5.00,يوم واحد,5,3,15.0,عبدالرحمن ا.,https://khamsat.com/user/abdulrhaman_alshami,True,بائع نشيط,4.5,11,88.46%,5,13,3 ساعات
تصميم,https://khamsat.com/designing,تعديل الصور,https://khamsat.com/designing/photo-editing,تحسين ومعالجة والتعديل على الصور,https://khamsat.com/designing/photo-editing/3043033-%D8%AA%D8%AD%D8%B3%D9%8A%D9%86-%D9%88%D9%85%D8%B9%D8%A7%D9%84%D8%AC%D8%A9-%D9%88%D8%A7%D9%84%D8%AA%D8%B9%D8%AF%D9%8A%D9%84-%D8%B9%D9%84%D9%89-%D8%A7%D9%84%D8%B5%D9%88%D8%B1,0.0,0,دقيقة,1,0,$5.00,يوم واحد,0,1,5.0,احمد ع.,https://khamsat.com/user/ahmed_ali_1991,True,بائع نشيط,5.0,16,100.0%,6,18,21 دقيقة
تصميم,https://khamsat.com/designing,تعديل الصور,https://khamsat.com/designing/photo-editing,تعديل الصور مثل ( مسح الخلفية - تغيير الألوان - إضافات),https://khamsat.com/designing/photo-editing/2645319-%D8%AA%D8%B9%D8%AF%D9%8A%D9%84-%D8%A7%D9%84%D8%B5%D9%88%D8%B1-%D9%85%D8%AB%D9%84-%D9%85%D8%B3%D8%AD-%D8%A7%D9%84%D8%AE%D9%84%D9%81%D9%8A%D8%A9-%D8%AA%D8%BA%D9%8A%D9%8A%D8%B1-%D8%A7%D9%84%D8%A3%D9%84%D9%88%D8%A7%D9%86-%D8%A5%D8%B6%D8%A7%D9%81%D8%A7%D8%AA,5.0,1,لم يحسب,1,0,$5.00,يوم واحد,1,0,0.0,.Amer Z,https://khamsat.com/user/amerzantah,True,بائع مميز,5.0,40,98.0%,11,40,8 ساعات
تصميم,https://khamsat.com/designing,تعديل الصور,https://khamsat.com/designing/photo-editing,تعديل الصور ودمج الصور بالفوتوشوب Photoshop,https://khamsat.com/designing/photo-editing/2227222-%D8%AA%D8%B9%D8%AF%D9%8A%D9%84-%D8%A7%D9%84%D8%B5%D9%88%D8%B1-%D9%88%D8%AF%D9%85%D8%AC-%D8%A7%D9%84%D8%B5%D9%88%D8%B1-%D8%A8%D8%A7%D9%84%D9%81%D9%88%D8%AA%D9%88%D8%B4%D9%88%D8%A8-photoshop,5.0,9,27 دقيقة,11,0,$10.00,ثلاثة أيام,9,0,0.0,عبدالرحيم ا.,https://khamsat.com/user/rahou7,True,بائع نشيط,5.0,14,76.47%,4,16,ساعة
تصميم,https://khamsat.com/designing,تعديل الصور,https://khamsat.com/designing/photo-editing,سأقوم بدمج صورك الخاصة مع اي خلفية بشكل سينيمائي وباحترافية,https://khamsat.com/designing/photo-editing/2392026-%D8%B3%D8%A3%D9%82%D9%88%D9%85-%D8%A8%D8%AF%D9%85%D8%AC-%D8%B5%D9%88%D8%B1%D9%83-%D8%A7%D9%84%D8%AE%D8%A7%D8%B5%D8%A9-%D9%85%D8%B9-%D8%A7%D9%8A-%D8%AE%D9%84%D9%81%D9%8A%D8%A9-%D8%A8%D8%B4%D9%83%D9%84-%D8%B3%D9%8A%D9%86%D9%8A%D9%85%D8%A7%D8%A6%D9%8A-%D9%88%D8%A8%D8%A7%D8%AD%D8%AA%D8%B1%D8%A7%D9%81%D9%8A%D8%A9,5.0,3,3 ساعات,3,0,$25.00,أسبوع,3,0,0.0,عبدالرحيم ا.,https://khamsat.com/user/rahou7,True,بائع نشيط,5.0,14,76.47%,4,16,ساعة
تصميم,https://khamsat.com/designing,تعديل الصور,https://khamsat.com/designing/photo-editing,تعديل الصور بواسطة الفوتوشوب,https://khamsat.com/designing/photo-editing/2342027-%D8%AA%D8%B9%D8%AF%D9%8A%D9%84-%D8%A7%D9%84%D8%B5%D9%88%D8%B1-%D8%A8%D9%88%D8%A7%D8%B3%D8%B7%D8%A9-%D8%A7%D9%84%D9%81%D9%88%D8%AA%D9%88%D8%B4%D9%88%D8%A8,5.0,1,ساعة,1,0,$10.00,ثلاثة أيام,1,0,0.0,.Doaa A,https://khamsat.com/user/doaa_ashour,True,بائع نشيط,5.0,6,100.0%,4,6,55 دقيقة
تصميم,https://khamsat.com/designing,تعديل الصور,https://khamsat.com/designing/photo-editing,التعديل على الصور باستخدام الفوتوشوب,https://khamsat.com/designing/photo-editing/1489914-%D8%A7%D9%84%D8%AA%D8%B9%D8%AF%D9%8A%D9%84-%D8%B9%D9%84%D9%89-%D8%A7%D9%84%D8%B5%D9%88%D8%B1-%D8%A8%D8%A7%D8%B3%D8%AA%D8%AE%D8%AF%D8%A7%D9%85-%D8%A7%D9%84%D9%81%D9%88%D8%AA%D9%88%D8%B4%D9%88%D8%A8,5.0,8,17 دقيقة,11,0,$10.00,يوم واحد,8,3,30.0,.Ahmed S,https://khamsat.com/user/ahmed_megaman,True,بائع مميز,4.5,56,95.21%,8,80,ساعة
تصميم,https://khamsat.com/designing,تعديل الصور,https://khamsat.com/designing/photo-editing,أقوم بالتعديل على اى صورة على الفوتوشوب او تنفيذ افكارك صورةواحدة,https://khamsat.com/designing/photo-editing/826836-%D8%A3%D9%82%D9%88%D9%85-%D8%A8%D8%A7%D9%84%D8%AA%D8%B9%D8%AF%D9%8A%D9%84-%D8%B9%D9%84%D9%89-%D8%A7%D9%89-%D8%B5%D9%88%D8%B1%D8%A9-%D8%B9%D9%84%D9%89-%D8%A7%D9%84%D9%81%D9%88%D8%AA%D9%88%D8%B4%D9%88%D8%A8-%D8%A7%D9%88-%D8%AA%D9%86%D9%81%D9%8A%D8%B0-%D8%A7%D9%81%D9%83%D8%A7%D8%B1%D9%83-%D8%B5%D9%88%D8%B1%D8%A9%D9%88%D8%A7%D8%AD%D8%AF%D8%A9,4.5,48,يوم,62,0,$10.00,يوم واحد,25,2,65.0,أية ع.,https://khamsat.com/user/good-work,True,بائع مميز,5.0,210,83.71%,5,238,8 ساعات
تصميم,https://khamsat.com/designing,تعديل الصور,https://khamsat.com/designing/photo-editing,التعديل والتصميم باستخدام برنامج Photoshop,https://khamsat.com/designing/photo-editing/1903602-%D8%A7%D9%84%D8%AA%D8%B9%D8%AF%D9%8A%D9%84-%D9%88%D8%A7%D9%84%D8%AA%D8%B5%D9%85%D9%8A%D9%85-%D8%A8%D8%A7%D8%B3%D8%AA%D8%AE%D8%AF%D8%A7%D9%85-%D8%A8%D8%B1%D9%86%D8%A7%D9%85%D8%AC-photoshop,5.0,8,5 أيام,9,0,$5.00,أربعة أيام,8,0,0.0,.Yamen H,https://khamsat.com/user/hannoush,True,بائع مميز,5.0,20,92.96%,5,15,يوم
تصميم,https://khamsat.com/designing,تعديل الصور,https://khamsat.com/designing/photo-editing,خدمة فوتوشوب لتحرير الصور 3 صور,https://khamsat.com/designing/photo-editing/1898787-%D8%AE%D8%AF%D9%85%D8%A9-%D9%81%D9%88%D8%AA%D9%88%D8%B4%D9%88%D8%A8-%D9%84%D8%AA%D8%AD%D8%B1%D9%8A%D8%B1-%D8%A7%D9%84%D8%B5%D9%88%D8%B1-3-%D8%B5%D9%88%D8%B1,0.0,0,8 ساعات,1,0,$5.00,يوم واحد,0,3,45.0,.Mohamed H,https://khamsat.com/user/mohammed9m9x7k,True,بائع نشيط,0.0,3,92.31%,5,7,4 ساعات
تصميم,https://khamsat.com/designing,تعديل الصور,https://khamsat.com/designing/photo-editing,تحويل الصورة من شكلها الاصلي الى شكل مميز وجميل بالكلمات,https://khamsat.com/designing/photo-editing/1512316-%D8%AA%D8%AD%D9%88%D9%8A%D9%84-%D8%A7%D9%84%D8%B5%D9%88%D8%B1%D8%A9-%D9%85%D9%86-%D8%B4%D9%83%D9%84%D9%87%D8%A7-%D8%A7%D9%84%D8%A7%D8%B5%D9%84%D9%8A-%D8%A7%D9%84%D9%89-%D8%B4%D9%83%D9%84-%D9%85%D9%85%D9%8A%D8%B2-%D9%88%D8%AC%D9%85%D9%8A%D9%84-%D8%A8%D8%A7%D9%84%D9%83%D9%84%D9%85%D8%A7%D8%AA,5.0,3,20 ساعة,3,0,$10.00,يوم واحد,3,4,85.0,.Huda A,https://khamsat.com/user/hudaarram,True,بائع نشيط,5.0,6,88.0%,1,6,9 ساعات
تصميم,https://khamsat.com/designing,تعديل الصور,https://khamsat.com/designing/photo-editing,سأقوم بتصميم او تعديل أي شيء لك بالفوتوشوب والاليستريتور,https://khamsat.com/designing/photo-editing/634652-%D8%B3%D8%A3%D9%82%D9%88%D9%85-%D8%A8%D8%AA%D8%B5%D9%85%D9%8A%D9%85-%D8%A7%D9%88-%D8%AA%D8%B9%D8%AF%D9%8A%D9%84-%D8%A3%D9%8A-%D8%B4%D9%8A%D8%A1-%D9%84%D9%83-%D8%A8%D8%A7%D9%84%D9%81%D9%88%D8%AA%D9%88%D8%B4%D9%88%D8%A8-%D9%88%D8%A7%D9%84%D8%A7%D9%84%D9%8A%D8%B3%D8%AA%D8%B1%D9%8A%D8%AA%D9%88%D8%B1,4.5,26,9 دقائق,33,0,$5.00,ثلاثة أيام,25,4,75.0,صالح ا.,https://khamsat.com/user/saleh-xl,True,بائع مميز,4.5,26,90.54%,3,34,3 ساعات
تصميم,https://khamsat.com/designing,تعديل الصور,https://khamsat.com/designing/photo-editing,قص وتغيير خلفيات الصور والمنتجات وتعديل الالوان والاضاءه,https://khamsat.com/designing/photo-editing/2192077-%D9%82%D8%B5-%D9%88%D8%AA%D8%BA%D9%8A%D9%8A%D8%B1-%D8%AE%D9%84%D9%81%D9%8A%D8%A7%D8%AA-%D8%A7%D9%84%D8%B5%D9%88%D8%B1-%D9%88%D8%A7%D9%84%D9%85%D9%86%D8%AA%D8%AC%D8%A7%D8%AA-%D9%88%D8%AA%D8%B9%D8%AF%D9%8A%D9%84-%D8%A7%D9%84%D8%A7%D9%84%D9%88%D8%A7%D9%86-%D9%88%D8%A7%D9%84%D8%A7%D8%B6%D8%A7%D8%A1%D9%87,5.0,1,ساعة,1,0,$5.00,يوم واحد,1,3,35.0,.Mamdouh M,https://khamsat.com/user/mm-3,True,بائع مميز,5.0,53,81.25%,10,66,6 ساعات
تصميم,https://khamsat.com/designing,إزالة خلفية الصور,https://khamsat.com/designing/background-removal,حذف وتفريغ أو تغيير خلفيات 25 صورة باحترافية تامه,https://khamsat.com/designing/background-removal/1097481-%D8%AD%D8%B0%D9%81-%D9%88%D8%AA%D9%81%D8%B1%D9%8A%D8%BA-%D8%A3%D9%88-%D8%AA%D8%BA%D9%8A%D9%8A%D8%B1-%D8%AE%D9%84%D9%81%D9%8A%D8%A7%D8%AA-25-%D8%B5%D9%88%D8%B1%D8%A9-%D8%A8%D8%A7%D8%AD%D8%AA%D8%B1%D8%A7%D9%81%D9%8A%D8%A9-%D8%AA%D8%A7%D9%85%D9%87,5.0,78,دقيقتين,114,0,$5.00,يوم واحد,25,3,30.0,.Reda Y,https://khamsat.com/user/redauons,True,بائع مميز,5.0,153,99.21%,4,214,ساعة
تصميم,https://khamsat.com/designing,إزالة خلفية الصور,https://khamsat.com/designing/background-removal,ازالة الخلفية من الصور بشكل احترافي,https://khamsat.com/designing/background-removal/3037716-%D8%A7%D8%B2%D8%A7%D9%84%D8%A9-%D8%A7%D9%84%D8%AE%D9%84%D9%81%D9%8A%D8%A9-%D9%85%D9%86-%D8%A7%D9%84%D8%B5%D9%88%D8%B1-%D8%A8%D8%B4%D9%83%D9%84-%D8%A7%D8%AD%D8%AA%D8%B1%D8%A7%D9%81%D9%8A,5.0,1,20 دقيقة,1,0,$10.00,يوم واحد,1,3,65.0,.Wael S,https://khamsat.com/user/waelshojaa,True,بائع جديد,5.0,1,100.0%,5,1,20 دقيقة
تصميم,https://khamsat.com/designing,إزالة خلفية الصور,https://khamsat.com/designing/background-removal,قص وتفريغ وتعديل خلفيات الصور والمنتجات 20 صورة باحترافية,https://khamsat.com/designing/background-removal/1785665-%D9%82%D8%B5-%D9%88%D8%AA%D9%81%D8%B1%D9%8A%D8%BA-%D9%88%D8%AA%D8%B9%D8%AF%D9%8A%D9%84-%D8%AE%D9%84%D9%81%D9%8A%D8%A7%D8%AA-%D8%A7%D9%84%D8%B5%D9%88%D8%B1-%D9%88%D8%A7%D9%84%D9%85%D9%86%D8%AA%D8%AC%D8%A7%D8%AA-20-%D8%B5%D9%88%D8%B1%D8%A9-%D8%A8%D8%A7%D8%AD%D8%AA%D8%B1%D8%A7%D9%81%D9%8A%D8%A9,5.0,36,5 دقائق,45,0,$10.00,يوم واحد,25,5,100.0,باسم م.,https://khamsat.com/user/mrbesooo,True,بائع مميز,5.0,36,97.18%,5,45,ساعة
تصميم,https://khamsat.com/designing,إزالة خلفية الصور,https://khamsat.com/designing/background-removal,تعديل الصور بإحترافية أجعل أحلامك حقيقة,https://khamsat.com/designing/background-removal/2823789-%D8%AA%D8%B9%D8%AF%D9%8A%D9%84-%D8%A7%D9%84%D8%B5%D9%88%D8%B1-%D8%A8%D8%A5%D8%AD%D8%AA%D8%B1%D8%A7%D9%81%D9%8A%D8%A9-%D8%A3%D8%AC%D8%B9%D9%84-%D8%A3%D8%AD%D9%84%D8%A7%D9%85%D9%83-%D8%AD%D9%82%D9%8A%D9%82%D8%A9,5.0,1,ساعة,1,0,$5.00,يوم واحد,1,2,10.0,لينة ف.,https://khamsat.com/user/lina_lily,True,بائع نشيط,4.5,7,100.0%,4,9,ساعة
تصميم,https://khamsat.com/designing,إزالة خلفية الصور,https://khamsat.com/designing/background-removal,إزالة الخلفية من 15 صورة باحترافية مع الحفاظ على جودة الصور.,https://khamsat.com/designing/background-removal/2173051-%D8%A5%D8%B2%D8%A7%D9%84%D8%A9-%D8%A7%D9%84%D8%AE%D9%84%D9%81%D9%8A%D8%A9-%D9%85%D9%86-15-%D8%B5%D9%88%D8%B1%D8%A9-%D8%A8%D8%A7%D8%AD%D8%AA%D8%B1%D8%A7%D9%81%D9%8A%D8%A9-%D9%85%D8%B9-%D8%A7%D9%84%D8%AD%D9%81%D8%A7%D8%B8-%D8%B9%D9%84%D9%89-%D8%AC%D9%88%D8%AF%D8%A9-%D8%A7%D9%84%D8%B5%D9%88%D8%B1,5.0,3,ساعتين,3,0,$5.00,يوم واحد,3,3,30.0,.Yacine B,https://khamsat.com/user/belli_yacine,True,بائع نشيط,5.0,7,80.0%,1,6,ساعتين
تصميم,https://khamsat.com/designing,إزالة خلفية الصور,https://khamsat.com/designing/background-removal,قص وتفريغ وتعديل خلفيات الصور والمنتجات,https://khamsat.com/designing/background-removal/2166146-%D9%82%D8%B5-%D9%88%D8%AA%D9%81%D8%B1%D9%8A%D8%BA-%D9%88%D8%AA%D8%B9%D8%AF%D9%8A%D9%84-%D8%AE%D9%84%D9%81%D9%8A%D8%A7%D8%AA-%D8%A7%D9%84%D8%B5%D9%88%D8%B1-%D9%88%D8%A7%D9%84%D9%85%D9%86%D8%AA%D8%AC%D8%A7%D8%AA,5.0,5,37 دقيقة,5,0,$10.00,يوم واحد,5,0,0.0,.Mohammad O,https://khamsat.com/user/m7amad3baid,True,بائع نشيط,5.0,8,76.47%,3,7,22 دقيقة
تصميم,https://khamsat.com/designing,إزالة خلفية الصور,https://khamsat.com/designing/background-removal,إزالة أو تفريغ خلفية الصورة,https://khamsat.com/designing/background-removal/2090996-%D8%A5%D8%B2%D8%A7%D9%84%D8%A9-%D8%A3%D9%88-%D8%AA%D9%81%D8%B1%D9%8A%D8%BA-%D8%AE%D9%84%D9%81%D9%8A%D8%A9-%D8%A7%D9%84%D8%B5%D9%88%D8%B1%D8%A9,5.0,1,16 دقيقة,2,0,$5.00,يوم واحد,1,2,20.0,.Rafeka A,https://khamsat.com/user/rafeka123,True,بائع مميز,5.0,23,95.45%,3,30,ساعة
تصميم,https://khamsat.com/designing,إزالة خلفية الصور,https://khamsat.com/designing/background-removal,قص وازالة الخلفية باستخدام Adobe Photoshop,https://khamsat.com/designing/background-removal/2875004-%D9%82%D8%B5-%D9%88%D8%A7%D8%B2%D8%A7%D9%84%D8%A9-%D8%A7%D9%84%D8%AE%D9%84%D9%81%D9%8A%D8%A9-%D8%A8%D8%A7%D8%B3%D8%AA%D8%AE%D8%AF%D8%A7%D9%85-adobe-photoshop,5.0,1,17 ساعة,1,0,$5.00,يوم واحد,1,2,15.0,.Karim M,https://khamsat.com/user/karimmahmoud612,True,بائع جديد,5.0,3,90.0%,4,5,9 ساعات
تصميم,https://khamsat.com/designing,إزالة خلفية الصور,https://khamsat.com/designing/background-removal,تعديل الصور وإزالة الخلفية بدقة واحترافية,https://khamsat.com/designing/background-removal/1879125-%D8%AA%D8%B9%D8%AF%D9%8A%D9%84-%D8%A7%D9%84%D8%B5%D9%88%D8%B1-%D9%88%D8%A5%D8%B2%D8%A7%D9%84%D8%A9-%D8%A7%D9%84%D8%AE%D9%84%D9%81%D9%8A%D8%A9-%D8%A8%D8%AF%D9%82%D8%A9-%D9%88%D8%A7%D8%AD%D8%AA%D8%B1%D8%A7%D9%81%D9%8A%D8%A9,5.0,8,10 دقائق,8,0,$5.00,يومين,8,5,115.0,نافع ه.,https://khamsat.com/user/%D9%86%D8%A7%D9%81%D8%B9-%D8%A7%D9%84%D8%AE%D8%B2%D8%B9%D9%84%D9%8A,True,بائع نشيط,5.0,18,100.0%,5,17,10 دقائق
تصميم,https://khamsat.com/designing,إزالة خلفية الصور,https://khamsat.com/designing/background-removal,سأفرغ صوركم بدقة واحترافية,https://khamsat.com/designing/background-removal/1189979-%D8%B3%D8%A3%D9%81%D8%B1%D8%BA-%D8%B5%D9%88%D8%B1%D9%83%D9%85-%D8%A8%D8%AF%D9%82%D8%A9-%D9%88%D8%A7%D8%AD%D8%AA%D8%B1%D8%A7%D9%81%D9%8A%D8%A9,5.0,4,12 ساعة,5,0,$5.00,يوم واحد,4,4,160.0,.Abdelhamid A,https://khamsat.com/user/nervalam007,True,بائع نشيط,5.0,13,87.88%,2,15,6 ساعات
تصميم,https://khamsat.com/designing,إزالة خلفية الصور,https://khamsat.com/designing/background-removal,إزالة الخلفية وتعديل الصور على الفوتوشوب,https://khamsat.com/designing/background-removal/3002218-%D8%A5%D8%B2%D8%A7%D9%84%D8%A9-%D8%A7%D9%84%D8%AE%D9%84%D9%81%D9%8A%D8%A9-%D9%88%D8%AA%D8%B9%D8%AF%D9%8A%D9%84-%D8%A7%D9%84%D8%B5%D9%88%D8%B1-%D8%B9%D9%84%D9%89-%D8%A7%D9%84%D9%81%D9%88%D8%AA%D9%88%D8%B4%D9%88%D8%A8,5.0,3,53 دقيقة,6,0,$5.00,يوم واحد,3,2,15.0,هشام ا.,https://khamsat.com/user/hissham14,True,بائع نشيط,4.5,30,93.62%,6,31,ساعة
تصميم,https://khamsat.com/designing,إزالة خلفية الصور,https://khamsat.com/designing/background-removal,تغيير خلفية الصور والمنتجات,https://khamsat.com/designing/background-removal/2837292-%D8%AA%D8%BA%D9%8A%D9%8A%D8%B1-%D8%AE%D9%84%D9%81%D9%8A%D8%A9-%D8%A7%D9%84%D8%B5%D9%88%D8%B1-%D9%88%D8%A7%D9%84%D9%85%D9%86%D8%AA%D8%AC%D8%A7%D8%AA,5.0,1,يوم,2,0,$5.00,يوم واحد,1,2,55.0,نجلاء ي.,https://khamsat.com/user/naglaa123a,True,بائع جديد,5.0,2,100.0%,5,3,18 ساعة
تصميم,https://khamsat.com/designing,إزالة خلفية الصور,https://khamsat.com/designing/background-removal,قص الصور وتغيير الخلفية بإحترافية (20 صورة),https://khamsat.com/designing/background-removal/2164261-%D9%82%D8%B5-%D8%A7%D9%84%D8%B5%D9%88%D8%B1-%D9%88%D8%AA%D8%BA%D9%8A%D9%8A%D8%B1-%D8%A7%D9%84%D8%AE%D9%84%D9%81%D9%8A%D8%A9-%D8%A8%D8%A5%D8%AD%D8%AA%D8%B1%D8%A7%D9%81%D9%8A%D8%A9-20-%D8%B5%D9%88%D8%B1%D8%A9,4.5,7,ساعة,7,0,$5.00,يوم واحد,7,3,25.0,.Mohammed E,https://khamsat.com/user/mohammedeljammal,True,بائع نشيط,4.5,20,96.88%,4,17,يوم
تصميم,https://khamsat.com/designing,إزالة خلفية الصور,https://khamsat.com/designing/background-removal,إزالة الأشياء الغير مرغوب بها وتعديل صورك بإحترافية,https://khamsat.com/designing/background-removal/1887915-%D8%A5%D8%B2%D8%A7%D9%84%D8%A9-%D8%A7%D9%84%D8%A3%D8%B4%D9%8A%D8%A7%D8%A1-%D8%A7%D9%84%D8%BA%D9%8A%D8%B1-%D9%85%D8%B1%D8%BA%D9%88%D8%A8-%D8%A8%D9%87%D8%A7-%D9%88%D8%AA%D8%B9%D8%AF%D9%8A%D9%84-%D8%B5%D9%88%D8%B1%D9%83-%D8%A8%D8%A5%D8%AD%D8%AA%D8%B1%D8%A7%D9%81%D9%8A%D8%A9,5.0,1,14 دقيقة,1,0,$5.00,يوم واحد,1,5,35.0,نافع ه.,https://khamsat.com/user/%D9%86%D8%A7%D9%81%D8%B9-%D8%A7%D9%84%D8%AE%D8%B2%D8%B9%D9%84%D9%8A,True,بائع نشيط,5.0,18,100.0%,5,17,10 دقائق
تصميم,https://khamsat.com/designing,إزالة خلفية الصور,https://khamsat.com/designing/background-removal,تعديل الصور و إزالة الخلفية بالفوتوشوب Photoshop,https://khamsat.com/designing/background-removal/1703193-%D8%AA%D8%B9%D8%AF%D9%8A%D9%84-%D8%A7%D9%84%D8%B5%D9%88%D8%B1-%D9%88-%D8%A5%D8%B2%D8%A7%D9%84%D8%A9-%D8%A7%D9%84%D8%AE%D9%84%D9%81%D9%8A%D8%A9-%D8%A8%D8%A7%D9%84%D9%81%D9%88%D8%AA%D9%88%D8%B4%D9%88%D8%A8-photoshop,5.0,124,16 دقيقة,173,1,$5.00,يوم واحد,25,4,65.0,.Emad A,https://khamsat.com/user/emadismail,True,بائع مميز,5.0,148,95.16%,5,194,21 دقيقة
تصميم,https://khamsat.com/designing,إزالة خلفية الصور,https://khamsat.com/designing/background-removal,إزالة الخلفية أو تغيير الخلفية أو إزالة شيء من الصور,https://khamsat.com/designing/background-removal/1503515-%D8%A5%D8%B2%D8%A7%D9%84%D8%A9-%D8%A7%D9%84%D8%AE%D9%84%D9%81%D9%8A%D8%A9-%D8%A3%D9%88-%D8%AA%D8%BA%D9%8A%D9%8A%D8%B1-%D8%A7%D9%84%D8%AE%D9%84%D9%81%D9%8A%D8%A9-%D8%A3%D9%88-%D8%A5%D8%B2%D8%A7%D9%84%D8%A9-%D8%B4%D9%8A%D8%A1-%D9%85%D9%86-%D8%A7%D9%84%D8%B5%D9%88%D8%B1,5.0,11,ساعتين,14,0,$5.00,يوم واحد,11,5,75.0,عبد الحليم ق.,https://khamsat.com/user/halim_kobbi,True,بائع مميز,4.5,131,96.41%,4,140,ساعة
تصميم,https://khamsat.com/designing,إزالة خلفية الصور,https://khamsat.com/designing/background-removal,التعديل على الصور وإزالة الخلفية بإحترافية,https://khamsat.com/designing/background-removal/2996862-%D8%A7%D9%84%D8%AA%D8%B9%D8%AF%D9%8A%D9%84-%D8%B9%D9%84%D9%89-%D8%A7%D9%84%D8%B5%D9%88%D8%B1-%D9%88%D8%A5%D8%B2%D8%A7%D9%84%D8%A9-%D8%A7%D9%84%D8%AE%D9%84%D9%81%D9%8A%D8%A9-%D8%A8%D8%A5%D8%AD%D8%AA%D8%B1%D8%A7%D9%81%D9%8A%D8%A9,5.0,1,ساعة,1,0,$5.00,يوم واحد,1,3,55.0,.Ethar M,https://khamsat.com/user/gelan18,True,بائع جديد,5.0,1,100.0%,1,1,ساعة
تصميم,https://khamsat.com/designing,إزالة خلفية الصور,https://khamsat.com/designing/background-removal,تعديل وازاله خلفيات الصور واعمال فوتشوب,https://khamsat.com/designing/background-removal/2944858-%D8%AA%D8%B9%D8%AF%D9%8A%D9%84-%D9%88%D8%A7%D8%B2%D8%A7%D9%84%D9%87-%D8%AE%D9%84%D9%81%D9%8A%D8%A7%D8%AA-%D8%A7%D9%84%D8%B5%D9%88%D8%B1-%D9%88%D8%A7%D8%B9%D9%85%D8%A7%D9%84-%D9%81%D9%88%D8%AA%D8%B4%D9%88%D8%A8,5.0,1,لم يحسب,1,0,$5.00,يوم واحد,1,0,0.0,محمد ا.,https://khamsat.com/user/m_elkazaz,True,بائع جديد,5.0,1,100.0%,2,1,لم يحسب
تصميم,https://khamsat.com/designing,إزالة خلفية الصور,https://khamsat.com/designing/background-removal,تفريغ وقص الصور وتعديلها بإحترافيه 2 صوره,https://khamsat.com/designing/background-removal/1830056-%D8%AA%D9%81%D8%B1%D9%8A%D8%BA-%D9%88%D9%82%D8%B5-%D8%A7%D9%84%D8%B5%D9%88%D8%B1-%D9%88%D8%AA%D8%B9%D8%AF%D9%8A%D9%84%D9%87%D8%A7-%D8%A8%D8%A5%D8%AD%D8%AA%D8%B1%D8%A7%D9%81%D9%8A%D9%87-2-%D8%B5%D9%88%D8%B1%D9%87,5.0,1,ساعتين,1,0,$5.00,يوم واحد,1,3,25.0,محمود ا.,https://khamsat.com/user/%D9%85%D8%AD%D9%85%D9%88%D8%AF-%D8%A7%D9%84%D9%87%D8%A7%D8%B4%D9%85%D9%8A,True,بائع جديد,5.0,1,100.0%,2,1,ساعة
تصميم,https://khamsat.com/designing,إزالة خلفية الصور,https://khamsat.com/designing/background-removal,تفريغ صور مع التنسيق,https://khamsat.com/designing/background-removal/2504770-%D8%AA%D9%81%D8%B1%D9%8A%D8%BA-%D8%B5%D9%88%D8%B1-%D9%85%D8%B9-%D8%A7%D9%84%D8%AA%D9%86%D8%B3%D9%8A%D9%82,5.0,1,ساعة,1,0,$5.00,يوم واحد,1,1,5.0,.Rahma A,https://khamsat.com/user/rahmaip,True,مشتري جديد,5.0,3,100.0%,3,2,ساعتين
تصميم,https://khamsat.com/designing,إزالة خلفية الصور,https://khamsat.com/designing/background-removal,ازالة الخلفية وتصحيح الألوان: صور مذهلة بدون خلفية,https://khamsat.com/designing/background-removal/2735985-%D8%A7%D8%B2%D8%A7%D9%84%D8%A9-%D8%A7%D9%84%D8%AE%D9%84%D9%81%D9%8A%D8%A9-%D9%88%D8%AA%D8%B5%D8%AD%D9%8A%D8%AD-%D8%A7%D9%84%D8%A3%D9%84%D9%88%D8%A7%D9%86-%D8%B5%D9%88%D8%B1-%D9%85%D8%B0%D9%87%D9%84%D8%A9-%D8%A8%D8%AF%D9%88%D9%86-%D8%AE%D9%84%D9%81%D9%8A%D8%A9,0.0,0,10 دقائق,1,0,$5.00,يوم واحد,0,4,40.0,.Hazem E,https://khamsat.com/user/hazem_elshalma,True,بائع جديد,0.0,0,100.0%,5,1,10 دقائق
تصميم,https://khamsat.com/designing,إزالة خلفية الصور,https://khamsat.com/designing/background-removal,تفريغ وازالة خلفية الصور بمنتهي الدقة والمهارة,https://khamsat.com/designing/background-removal/796883-%D8%AA%D9%81%D8%B1%D9%8A%D8%BA-%D9%88%D8%A7%D8%B2%D8%A7%D9%84%D8%A9-%D8%AE%D9%84%D9%81%D9%8A%D8%A9-%D8%A7%D9%84%D8%B5%D9%88%D8%B1-%D8%A8%D9%85%D9%86%D8%AA%D9%87%D9%8A-%D8%A7%D9%84%D8%AF%D9%82%D8%A9-%D9%88%D8%A7%D9%84%D9%85%D9%87%D8%A7%D8%B1%D8%A9,5.0,27,3 ساعات,40,0,$5.00,ثلاثة أيام,25,2,15.0,.Hamada E,https://khamsat.com/user/hamada-ezzat,True,بائع مميز,4.5,351,94.66%,4,412,3 ساعات
تصميم,https://khamsat.com/designing,إزالة خلفية الصور,https://khamsat.com/designing/background-removal,تفريغ وقص 50 صورة وتسليمك الملفات كاملة بصيغة png,https://khamsat.com/designing/background-removal/1664534-%D8%AA%D9%81%D8%B1%D9%8A%D8%BA-%D9%88%D9%82%D8%B5-50-%D8%B5%D9%88%D8%B1%D8%A9-%D9%88%D8%AA%D8%B3%D9%84%D9%8A%D9%85%D9%83-%D8%A7%D9%84%D9%85%D9%84%D9%81%D8%A7%D8%AA-%D9%83%D8%A7%D9%85%D9%84%D8%A9-%D8%A8%D8%B5%D9%8A%D8%BA%D8%A9-png,5.0,23,7 ساعات,29,0,$10.00,يومين,23,2,55.0,.Manar A,https://khamsat.com/user/manar-alsalhi,True,بائع مميز,5.0,39,98.17%,7,41,3 ساعات
تصميم,https://khamsat.com/designing,إزالة خلفية الصور,https://khamsat.com/designing/background-removal,ازالة وتفريغ الخلفية من الصورة,https://khamsat.com/designing/background-removal/1892705-%D8%A7%D8%B2%D8%A7%D9%84%D8%A9-%D9%88%D8%AA%D9%81%D8%B1%D9%8A%D8%BA-%D8%A7%D9%84%D8%AE%D9%84%D9%81%D9%8A%D8%A9-%D9%85%D9%86-%D8%A7%D9%84%D8%B5%D9%88%D8%B1%D8%A9,5.0,4,13 دقيقة,5,0,$5.00,يوم واحد,4,0,0.0,.Khalid E,https://khamsat.com/user/khalidkhadrawy,True,بائع مميز,5.0,29,90.77%,9,30,ساعة
تصميم,https://khamsat.com/designing,إزالة خلفية الصور,https://khamsat.com/designing/background-removal,حذف وتفريغ أو تغيير خلفيات 10 صورة باحترافية تامه,https://khamsat.com/designing/background-removal/2181327-%D8%AD%D8%B0%D9%81-%D9%88%D8%AA%D9%81%D8%B1%D9%8A%D8%BA-%D8%A3%D9%88-%D8%AA%D8%BA%D9%8A%D9%8A%D8%B1-%D8%AE%D9%84%D9%81%D9%8A%D8%A7%D8%AA-10-%D8%B5%D9%88%D8%B1%D8%A9-%D8%A8%D8%A7%D8%AD%D8%AA%D8%B1%D8%A7%D9%81%D9%8A%D8%A9-%D8%AA%D8%A7%D9%85%D9%87,5.0,1,51 دقيقة,1,0,$20.00,يومين,1,4,70.0,.Ebrahem H,https://khamsat.com/user/ebrahem_hassan1,True,بائع نشيط,5.0,9,85.71%,4,9,4 ساعات
تصميم,https://khamsat.com/designing,إزالة خلفية الصور,https://khamsat.com/designing/background-removal,أستطيع تفريغ عدد ٢٠ صورة مقابل ٥ دولار,https://khamsat.com/designing/background-removal/1212867-%D8%A3%D8%B3%D8%AA%D8%B7%D9%8A%D8%B9-%D8%AA%D9%81%D8%B1%D9%8A%D8%BA-%D8%B9%D8%AF%D8%AF-%D8%B5%D9%88%D8%B1%D8%A9-%D9%85%D9%82%D8%A7%D8%A8%D9%84-%D8%AF%D9%88%D9%84%D8%A7%D8%B1,5.0,2,يوم,4,0,$5.00,يومين,2,1,5.0,.Doaa S,https://khamsat.com/user/halamohammed222,True,بائع نشيط,5.0,29,85.96%,2,27,16 ساعة
تصميم,https://khamsat.com/designing,إزالة خلفية الصور,https://khamsat.com/designing/background-removal,حذف وتغريغ وتعديل خلفيات صورة باحترافية,https://khamsat.com/designing/background-removal/2844651-%D8%AD%D8%B0%D9%81-%D9%88%D8%AA%D8%BA%D8%B1%D9%8A%D8%BA-%D9%88%D8%AA%D8%B9%D8%AF%D9%8A%D9%84-%D8%AE%D9%84%D9%81%D9%8A%D8%A7%D8%AA-%D8%B5%D9%88%D8%B1%D8%A9-%D8%A8%D8%A7%D8%AD%D8%AA%D8%B1%D8%A7%D9%81%D9%8A%D8%A9,5.0,4,34 دقيقة,5,0,$5.00,يوم واحد,4,4,30.0,.Raed A,https://khamsat.com/user/ra210,True,بائع مميز,4.5,46,93.26%,11,44,ساعتين
تصميم,https://khamsat.com/designing,إزالة خلفية الصور,https://khamsat.com/designing/background-removal,قص وتفريغ 20صورة مقابل 5$ دولار,https://khamsat.com/designing/background-removal/1194754-%D9%82%D8%B5-%D9%88%D8%AA%D9%81%D8%B1%D9%8A%D8%BA-20%D8%B5%D9%88%D8%B1%D8%A9-%D9%85%D9%82%D8%A7%D8%A8%D9%84-5-%D8%AF%D9%88%D9%84%D8%A7%D8%B1,5.0,2,دقيقة,5,0,$5.00,يوم واحد,2,4,140.0,.Akram M,https://khamsat.com/user/akram_mohamed10,True,بائع جديد,5.0,2,88.89%,3,5,20 دقيقة
تصميم,https://khamsat.com/designing,إزالة خلفية الصور,https://khamsat.com/designing/background-removal,خدمة احترافية لإزالة خلفيات الصور بدقة عالية,https://khamsat.com/designing/background-removal/3048689-%D8%AE%D8%AF%D9%85%D8%A9-%D8%A7%D8%AD%D8%AA%D8%B1%D8%A7%D9%81%D9%8A%D8%A9-%D9%84%D8%A5%D8%B2%D8%A7%D9%84%D8%A9-%D8%AE%D9%84%D9%81%D9%8A%D8%A7%D8%AA-%D8%A7%D9%84%D8%B5%D9%88%D8%B1-%D8%A8%D8%AF%D9%82%D8%A9-%D8%B9%D8%A7%D9%84%D9%8A%D8%A9,0.0,0,لم يحسب,0,0,$5.00,يوم واحد,0,2,15.0,.Mariem B,https://khamsat.com/user/maryem_benjaballah,True,بائع جديد,0.0,0,لم يحسب بعد,3,0,لم يحسب
تصميم,https://khamsat.com/designing,إزالة خلفية الصور,https://khamsat.com/designing/background-removal,حذف وتفريغ خلفيات الصور باحترافية تامة,https://khamsat.com/designing/background-removal/2968806-%D8%AD%D8%B0%D9%81-%D9%88%D8%AA%D9%81%D8%B1%D9%8A%D8%BA-%D8%AE%D9%84%D9%81%D9%8A%D8%A7%D8%AA-%D8%A7%D9%84%D8%B5%D9%88%D8%B1-%D8%A8%D8%A7%D8%AD%D8%AA%D8%B1%D8%A7%D9%81%D9%8A%D8%A9-%D8%AA%D8%A7%D9%85%D8%A9,0.0,0,لم يحسب,0,0,$5.00,يوم واحد,0,3,30.0,.Haj A,https://khamsat.com/user/haj_ali24,False,بائع جديد,0.0,0,لم يحسب بعد,1,0,لم يحسب
تصميم,https://khamsat.com/designing,ترميم الصور القديمة,https://khamsat.com/designing/photo-restoration,استعيد ذكرياتك بأمان: خدمة ترميم الصور القديمة بإتقان,https://khamsat.com/designing/photo-restoration/2825753-%D8%A7%D8%B3%D8%AA%D8%B9%D9%8A%D8%AF-%D8%B0%D9%83%D8%B1%D9%8A%D8%A7%D8%AA%D9%83-%D8%A8%D8%A3%D9%85%D8%A7%D9%86-%D8%AE%D8%AF%D9%85%D8%A9-%D8%AA%D8%B1%D9%85%D9%8A%D9%85-%D8%A7%D9%84%D8%B5%D9%88%D8%B1-%D8%A7%D9%84%D9%82%D8%AF%D9%8A%D9%85%D8%A9-%D8%A8%D8%A5%D8%AA%D9%82%D8%A7%D9%86,4.5,6,ساعة,9,0,$5.00,يوم واحد,6,1,10.0,لينة ف.,https://khamsat.com/user/lina_lily,True,بائع نشيط,4.5,7,100.0%,4,9,ساعة
تصميم,https://khamsat.com/designing,ترميم الصور القديمة,https://khamsat.com/designing/photo-restoration,إصلاح الصور القديمة وتوضيحها,https://khamsat.com/designing/photo-restoration/2448964-%D8%A5%D8%B5%D9%84%D8%A7%D8%AD-%D8%A7%D9%84%D8%B5%D9%88%D8%B1-%D8%A7%D9%84%D9%82%D8%AF%D9%8A%D9%85%D8%A9-%D9%88%D8%AA%D9%88%D8%B6%D9%8A%D8%AD%D9%87%D8%A7,4.5,3,ساعة,6,0,$10.00,يوم واحد,3,1,10.0,.Mohamed I,https://khamsat.com/user/mohamed-ismail60,True,بائع نشيط,4.5,13,94.12%,3,15,6 أيام
تصميم,https://khamsat.com/designing,ترميم الصور القديمة,https://khamsat.com/designing/photo-restoration,ترميم ورفع جودة الصور القديمة في اقل من ساعة بـ5$.,https://khamsat.com/designing/photo-restoration/1627718-%D8%AA%D8%B1%D9%85%D9%8A%D9%85-%D9%88%D8%B1%D9%81%D8%B9-%D8%AC%D9%88%D8%AF%D8%A9-%D8%A7%D9%84%D8%B5%D9%88%D8%B1-%D8%A7%D9%84%D9%82%D8%AF%D9%8A%D9%85%D8%A9-%D9%81%D9%8A-%D8%A7%D9%82%D9%84-%D9%85%D9%86-%D8%B3%D8%A7%D8%B9%D8%A9-%D8%A8%D9%805,5.0,1,يوم,2,0,$5.00,يوم واحد,1,1,15.0,.Mostafa G,https://khamsat.com/user/mostafaghazal,True,بائع مميز,5.0,35,81.08%,5,47,7 ساعات
تصميم,https://khamsat.com/designing,ترميم الصور القديمة,https://khamsat.com/designing/photo-restoration,تعديل وترميم الصور القديمة والتالفة بجودة عالية جدا,https://khamsat.com/designing/photo-restoration/2014936-%D8%AA%D8%B9%D8%AF%D9%8A%D9%84-%D9%88%D8%AA%D8%B1%D9%85%D9%8A%D9%85-%D8%A7%D9%84%D8%B5%D9%88%D8%B1-%D8%A7%D9%84%D9%82%D8%AF%D9%8A%D9%85%D8%A9-%D9%88%D8%A7%D9%84%D8%AA%D8%A7%D9%84%D9%81%D8%A9-%D8%A8%D8%AC%D9%88%D8%AF%D8%A9-%D8%B9%D8%A7%D9%84%D9%8A%D8%A9-%D8%AC%D8%AF%D8%A7,5.0,4,16 ساعة,4,1,$5.00,يوم واحد,4,1,10.0,.Mahfoud Z,https://khamsat.com/user/yourgraphicdeseigner,True,بائع مميز,5.0,29,98.94%,5,31,3 ساعات
تصميم,https://khamsat.com/designing,ترميم الصور القديمة,https://khamsat.com/designing/photo-restoration,تلوين الصور القديمة باحترافية,https://khamsat.com/designing/photo-restoration/1188185-%D8%AA%D9%84%D9%88%D9%8A%D9%86-%D8%A7%D9%84%D8%B5%D9%88%D8%B1-%D8%A7%D9%84%D9%82%D8%AF%D9%8A%D9%85%D8%A9-%D8%A8%D8%A7%D8%AD%D8%AA%D8%B1%D8%A7%D9%81%D9%8A%D8%A9,5.0,6,6 ساعات,7,0,$5.00,يوم واحد,6,2,50.0,.Abdelhamid A,https://khamsat.com/user/nervalam007,True,بائع نشيط,5.0,13,87.88%,2,15,6 ساعات
تصميم,https://khamsat.com/designing,ترميم الصور القديمة,https://khamsat.com/designing/photo-restoration,تعديل وتحسين ومعالجة الصور وازالة الخدوش والعيوب,https://khamsat.com/designing/photo-restoration/2394519-%D8%AA%D8%B9%D8%AF%D9%8A%D9%84-%D9%88%D8%AA%D8%AD%D8%B3%D9%8A%D9%86-%D9%88%D9%85%D8%B9%D8%A7%D9%84%D8%AC%D8%A9-%D8%A7%D9%84%D8%B5%D9%88%D8%B1-%D9%88%D8%A7%D8%B2%D8%A7%D9%84%D8%A9-%D8%A7%D9%84%D8%AE%D8%AF%D9%88%D8%B4-%D9%88%D8%A7%D9%84%D8%B9%D9%8A%D9%88%D8%A8,4.5,24,21 دقيقة,31,0,$5.00,يوم واحد,24,5,175.0,.Ahmed H,https://khamsat.com/user/ahmedhellmy,True,بائع مميز,5.0,60,97.64%,5,64,42 دقيقة
تصميم,https://khamsat.com/designing,ترميم الصور القديمة,https://khamsat.com/designing/photo-restoration,تحويل الصور من ابيض واسود الي صوره الوان عاليه الدقه,https://khamsat.com/designing/photo-restoration/3045954-%D8%AA%D8%AD%D9%88%D9%8A%D9%84-%D8%A7%D9%84%D8%B5%D9%88%D8%B1-%D9%85%D9%86-%D8%A7%D8%A8%D9%8A%D8%B6-%D9%88%D8%A7%D8%B3%D9%88%D8%AF-%D8%A7%D9%84%D9%8A-%D8%B5%D9%88%D8%B1%D9%87-%D8%A7%D9%84%D9%88%D8%A7%D9%86-%D8%B9%D8%A7%D9%84%D9%8A%D9%87-%D8%A7%D9%84%D8%AF%D9%82%D9%87,0.0,0,لم يحسب,0,0,$10.00,يوم واحد,0,0,0.0,.Omar K,https://khamsat.com/user/omar_kotb25,False,بائع جديد,0.0,0,لم يحسب بعد,1,0,لم يحسب
تصميم,https://khamsat.com/designing,ترميم الصور القديمة,https://khamsat.com/designing/photo-restoration,ذكرياتك بأمان ترميم الصور القديمة باحترافية,https://khamsat.com/designing/photo-restoration/3053501-%D8%B0%D9%83%D8%B1%D9%8A%D8%A7%D8%AA%D9%83-%D8%A8%D8%A3%D9%85%D8%A7%D9%86-%D8%AA%D8%B1%D9%85%D9%8A%D9%85-%D8%A7%D9%84%D8%B5%D9%88%D8%B1-%D8%A7%D9%84%D9%82%D8%AF%D9%8A%D9%85%D8%A9-%D8%A8%D8%A7%D8%AD%D8%AA%D8%B1%D8%A7%D9%81%D9%8A%D8%A9,0.0,0,لم يحسب,0,0,$5.00,يوم واحد,0,1,5.0,ابراهيم أ.,https://khamsat.com/user/ebrahim4444,True,بائع جديد,0.0,0,لم يحسب بعد,4,0,لم يحسب
تصميم,https://khamsat.com/designing,ترميم الصور القديمة,https://khamsat.com/designing/photo-restoration,ترميم الصور القديمة ورفع جودة الصور,https://khamsat.com/designing/photo-restoration/3044922-%D8%AA%D8%B1%D9%85%D9%8A%D9%85-%D8%A7%D9%84%D8%B5%D9%88%D8%B1-%D8%A7%D9%84%D9%82%D8%AF%D9%8A%D9%85%D8%A9-%D9%88%D8%B1%D9%81%D8%B9-%D8%AC%D9%88%D8%AF%D8%A9-%D8%A7%D9%84%D8%B5%D9%88%D8%B1,0.0,0,لم يحسب,0,0,$5.00,يوم واحد,0,3,40.0,صابر ا.,https://khamsat.com/user/sardwedo1,False,بائع جديد,0.0,0,لم يحسب بعد,2,0,لم يحسب
تصميم,https://khamsat.com/designing,ترميم الصور القديمة,https://khamsat.com/designing/photo-restoration,ترميم الصور القديمة المقطعة والتالفة .. كل صورة 5$,https://khamsat.com/designing/photo-restoration/1869925-%D8%AA%D8%B1%D9%85%D9%8A%D9%85-%D8%A7%D9%84%D8%B5%D9%88%D8%B1-%D8%A7%D9%84%D9%82%D8%AF%D9%8A%D9%85%D8%A9-%D8%A7%D9%84%D9%85%D9%82%D8%B7%D8%B9%D8%A9-%D9%88%D8%A7%D9%84%D8%AA%D8%A7%D9%84%D9%81%D8%A9-%D9%83%D9%84-%D8%B5%D9%88%D8%B1%D8%A9-5,5.0,4,4 ساعات,7,0,$5.00,يومين,4,1,5.0,.Amna A,https://khamsat.com/user/aaaaaaaab2012,True,بائع مميز,4.5,14,96.55%,4,20,6 ساعات
تصميم,https://khamsat.com/designing,ترميم الصور القديمة,https://khamsat.com/designing/photo-restoration,تعديل صور قديمه بواسطه فوتوشوب,https://khamsat.com/designing/photo-restoration/2307147-%D8%AA%D8%B9%D8%AF%D9%8A%D9%84-%D8%B5%D9%88%D8%B1-%D9%82%D8%AF%D9%8A%D9%85%D9%87-%D8%A8%D9%88%D8%A7%D8%B3%D8%B7%D9%87-%D9%81%D9%88%D8%AA%D9%88%D8%B4%D9%88%D8%A8,5.0,2,ساعة,1,0,$5.00,يوم واحد,2,2,10.0,كاريمان م.,https://khamsat.com/user/kariman_mosa,True,بائع جديد,5.0,3,50.0%,4,3,3 ساعات
تصميم,https://khamsat.com/designing,ترميم الصور القديمة,https://khamsat.com/designing/photo-restoration,ترميم احترافي للصور القديمة واستعادة ذكرياتك بأفضل جودة,https://khamsat.com/designing/photo-restoration/3010123-%D8%AA%D8%B1%D9%85%D9%8A%D9%85-%D8%A7%D8%AD%D8%AA%D8%B1%D8%A7%D9%81%D9%8A-%D9%84%D9%84%D8%B5%D9%88%D8%B1-%D8%A7%D9%84%D9%82%D8%AF%D9%8A%D9%85%D8%A9-%D9%88%D8%A7%D8%B3%D8%AA%D8%B9%D8%A7%D8%AF%D8%A9-%D8%B0%D9%83%D8%B1%D9%8A%D8%A7%D8%AA%D9%83-%D8%A8%D8%A3%D9%81%D8%B6%D9%84-%D8%AC%D9%88%D8%AF%D8%A9,0.0,0,لم يحسب,0,0,$5.00,يوم واحد,0,3,25.0,.Abdullah E,https://khamsat.com/user/aaselghouull,True,بائع جديد,0.0,0,لم يحسب بعد,3,0,لم يحسب
تصميم,https://khamsat.com/designing,ترميم الصور القديمة,https://khamsat.com/designing/photo-restoration,ترميم الصور القديمة والتالفة,https://khamsat.com/designing/photo-restoration/3052336-%D8%AA%D8%B1%D9%85%D9%8A%D9%85-%D8%A7%D9%84%D8%B5%D9%88%D8%B1-%D8%A7%D9%84%D9%82%D8%AF%D9%8A%D9%85%D8%A9-%D9%88%D8%A7%D9%84%D8%AA%D8%A7%D9%84%D9%81%D8%A9,0.0,0,لم يحسب,0,0,$5.00,يومين,0,0,0.0,.Malek B,https://khamsat.com/user/malek-ben-rejeb,True,بائع جديد,0.0,0,لم يحسب بعد,2,0,لم يحسب
تصميم,https://khamsat.com/designing,ترميم الصور القديمة,https://khamsat.com/designing/photo-restoration,ترميم و تلوين الصور القديمة بجودة عالية و إحترافية,https://khamsat.com/designing/photo-restoration/3032056-%D8%AA%D8%B1%D9%85%D9%8A%D9%85-%D9%88-%D8%AA%D9%84%D9%88%D9%8A%D9%86-%D8%A7%D9%84%D8%B5%D9%88%D8%B1-%D8%A7%D9%84%D9%82%D8%AF%D9%8A%D9%85%D8%A9-%D8%A8%D8%AC%D9%88%D8%AF%D8%A9-%D8%B9%D8%A7%D9%84%D9%8A%D8%A9-%D9%88-%D8%A5%D8%AD%D8%AA%D8%B1%D8%A7%D9%81%D9%8A%D8%A9,0.0,0,لم يحسب,0,0,$5.00,يوم واحد,0,0,0.0,.Peter M,https://khamsat.com/user/petermorris,True,بائع جديد,0.0,0,لم يحسب بعد,1,0,لم يحسب
تصميم,https://khamsat.com/designing,ترميم الصور القديمة,https://khamsat.com/designing/photo-restoration,تجديد وترميم ومعالجة الصور القديمة,https://khamsat.com/designing/photo-restoration/1957018-%D8%AA%D8%AC%D8%AF%D9%8A%D8%AF-%D9%88%D8%AA%D8%B1%D9%85%D9%8A%D9%85-%D9%88%D9%85%D8%B9%D8%A7%D9%84%D8%AC%D8%A9-%D8%A7%D9%84%D8%B5%D9%88%D8%B1-%D8%A7%D9%84%D9%82%D8%AF%D9%8A%D9%85%D8%A9,0.0,0,لم يحسب,0,0,$5.00,يوم واحد,0,0,0.0,زين أ.,https://khamsat.com/user/zainabeyh98,False,بائع جديد,0.0,0,لم يحسب بعد,2,0,لم يحسب
تصميم,https://khamsat.com/designing,ترميم الصور القديمة,https://khamsat.com/designing/photo-restoration,قم باصلاح وتلوين صورك القديمة وازالة الخدوش لتستعيد الذكريات,https://khamsat.com/designing/photo-restoration/3001037-%D9%82%D9%85-%D8%A8%D8%A7%D8%B5%D9%84%D8%A7%D8%AD-%D9%88%D8%AA%D9%84%D9%88%D9%8A%D9%86-%D8%B5%D9%88%D8%B1%D9%83-%D8%A7%D9%84%D9%82%D8%AF%D9%8A%D9%85%D8%A9-%D9%88%D8%A7%D8%B2%D8%A7%D9%84%D8%A9-%D8%A7%D9%84%D8%AE%D8%AF%D9%88%D8%B4-%D9%84%D8%AA%D8%B3%D8%AA%D8%B9%D9%8A%D8%AF-%D8%A7%D9%84%D8%B0%D9%83%D8%B1%D9%8A%D8%A7%D8%AA,0.0,0,لم يحسب,0,0,$5.00,يوم واحد,0,1,5.0,.Saif E,https://khamsat.com/user/saif_eldeen2220,False,بائع جديد,0.0,0,لم يحسب بعد,1,0,لم يحسب
تصميم,https://khamsat.com/designing,ترميم الصور القديمة,https://khamsat.com/designing/photo-restoration,تلوين وترميم الصور القديمة,https://khamsat.com/designing/photo-restoration/1953850-%D8%AA%D9%84%D9%88%D9%8A%D9%86-%D9%88%D8%AA%D8%B1%D9%85%D9%8A%D9%85-%D8%A7%D9%84%D8%B5%D9%88%D8%B1-%D8%A7%D9%84%D9%82%D8%AF%D9%8A%D9%85%D8%A9,0.0,0,لم يحسب,0,0,$5.00,يوم واحد,0,1,5.0,.Marina A,https://khamsat.com/user/marina96,True,بائع جديد,0.0,0,لم يحسب بعد,5,0,لم يحسب
تصميم,https://khamsat.com/designing,ترميم الصور القديمة,https://khamsat.com/designing/photo-restoration,تعديل وترميم وتلوين الصور ايا كانت حالتها,https://khamsat.com/designing/photo-restoration/2762141-%D8%AA%D8%B9%D8%AF%D9%8A%D9%84-%D9%88%D8%AA%D8%B1%D9%85%D9%8A%D9%85-%D9%88%D8%AA%D9%84%D9%88%D9%8A%D9%86-%D8%A7%D9%84%D8%B5%D9%88%D8%B1-%D8%A7%D9%8A%D8%A7-%D9%83%D8%A7%D9%86%D8%AA-%D8%AD%D8%A7%D9%84%D8%AA%D9%87%D8%A7,0.0,0,لم يحسب,0,0,$5.00,يوم واحد,0,0,0.0,حنان س.,https://khamsat.com/user/hanan_elsman22,True,بائع جديد,0.0,0,لم يحسب بعد,3,0,56 دقيقة
تصميم,https://khamsat.com/designing,ترميم الصور القديمة,https://khamsat.com/designing/photo-restoration,سأعيد الحياة إلى صورك من خلال تلوين الصور.,https://khamsat.com/designing/photo-restoration/3013990-%D8%B3%D8%A3%D8%B9%D9%8A%D8%AF-%D8%A7%D9%84%D8%AD%D9%8A%D8%A7%D8%A9-%D8%A5%D9%84%D9%89-%D8%B5%D9%88%D8%B1%D9%83-%D9%85%D9%86-%D8%AE%D9%84%D8%A7%D9%84-%D8%AA%D9%84%D9%88%D9%8A%D9%86-%D8%A7%D9%84%D8%B5%D9%88%D8%B1,0.0,0,لم يحسب,0,0,$5.00,يوم واحد,0,2,15.0,.David A,https://khamsat.com/user/da4lans,True,بائع جديد,0.0,0,لم يحسب بعد,4,0,لم يحسب
تصميم,https://khamsat.com/designing,ترميم الصور القديمة,https://khamsat.com/designing/photo-restoration,ترميم و تلوين صور قديمة,https://khamsat.com/designing/photo-restoration/2604574-%D8%AA%D8%B1%D9%85%D9%8A%D9%85-%D9%88-%D8%AA%D9%84%D9%88%D9%8A%D9%86-%D8%B5%D9%88%D8%B1-%D9%82%D8%AF%D9%8A%D9%85%D8%A9,0.0,0,لم يحسب,0,0,$5.00,يوم واحد,0,0,0.0,.Mohamed Amine C,https://khamsat.com/user/mohamed414_1,True,بائع جديد,0.0,0,لم يحسب بعد,5,0,3 أيام
تصميم,https://khamsat.com/designing,ترميم الصور القديمة,https://khamsat.com/designing/photo-restoration,سأصنع لك من الصورة القديمة تحفة حقيقة ترميم واعادة احياءها,https://khamsat.com/designing/photo-restoration/2749021-%D8%B3%D8%A3%D8%B5%D9%86%D8%B9-%D9%84%D9%83-%D9%85%D9%86-%D8%A7%D9%84%D8%B5%D9%88%D8%B1%D8%A9-%D8%A7%D9%84%D9%82%D8%AF%D9%8A%D9%85%D8%A9-%D8%AA%D8%AD%D9%81%D8%A9-%D8%AD%D9%82%D9%8A%D9%82%D8%A9-%D8%AA%D8%B1%D9%85%D9%8A%D9%85-%D9%88%D8%A7%D8%B9%D8%A7%D8%AF%D8%A9-%D8%A7%D8%AD%D9%8A%D8%A7%D8%A1%D9%87%D8%A7,0.0,0,لم يحسب,0,0,$5.00,يوم واحد,0,2,15.0,محمد ل.,https://khamsat.com/user/%D9%81%D8%A7%D8%B9%D9%84.%D8%AE%D9%8A%D8%B1,False,بائع جديد,0.0,0,لم يحسب بعد,1,0,لم يحسب
تصميم,https://khamsat.com/designing,ترميم الصور القديمة,https://khamsat.com/designing/photo-restoration,تحسين و رفع دقة الصور و جودتها,https://khamsat.com/designing/photo-restoration/2950287-%D8%AA%D8%AD%D8%B3%D9%8A%D9%86-%D9%88-%D8%B1%D9%81%D8%B9-%D8%AF%D9%82%D8%A9-%D8%A7%D9%84%D8%B5%D9%88%D8%B1-%D9%88-%D8%AC%D9%88%D8%AF%D8%AA%D9%87%D8%A7,0.0,0,لم يحسب,0,0,$5.00,يوم واحد,0,5,75.0,.Mohamed Z,https://khamsat.com/user/mody_zakaria,True,بائع جديد,0.0,0,0.0%,5,0,3 دقائق
تصميم,https://khamsat.com/designing,ترميم الصور القديمة,https://khamsat.com/designing/photo-restoration,تلوين ورفع جودة الصور القديمة الأبيض وأسود,https://khamsat.com/designing/photo-restoration/2938928-%D8%AA%D9%84%D9%88%D9%8A%D9%86-%D9%88%D8%B1%D9%81%D8%B9-%D8%AC%D9%88%D8%AF%D8%A9-%D8%A7%D9%84%D8%B5%D9%88%D8%B1-%D8%A7%D9%84%D9%82%D8%AF%D9%8A%D9%85%D8%A9-%D8%A7%D9%84%D8%A3%D8%A8%D9%8A%D8%B6-%D9%88%D8%A3%D8%B3%D9%88%D8%AF,0.0,0,لم يحسب,0,0,$5.00,يوم واحد,0,2,15.0,اشرف ف.,https://khamsat.com/user/niceshopping2022,True,بائع جديد,0.0,0,لم يحسب بعد,5,0,لم يحسب
تصميم,https://khamsat.com/designing,ترميم الصور القديمة,https://khamsat.com/designing/photo-restoration,تحسين الصور القديمة وتعديل إضاءتها وألوانها وإزالة شوائبها,https://khamsat.com/designing/photo-restoration/2931597-%D8%AA%D8%AD%D8%B3%D9%8A%D9%86-%D8%A7%D9%84%D8%B5%D9%88%D8%B1-%D8%A7%D9%84%D9%82%D8%AF%D9%8A%D9%85%D8%A9-%D9%88%D8%AA%D8%B9%D8%AF%D9%8A%D9%84-%D8%A5%D8%B6%D8%A7%D8%A1%D8%AA%D9%87%D8%A7-%D9%88%D8%A3%D9%84%D9%88%D8%A7%D9%86%D9%87%D8%A7-%D9%88%D8%A5%D8%B2%D8%A7%D9%84%D8%A9-%D8%B4%D9%88%D8%A7%D8%A6%D8%A8%D9%87%D8%A7,0.0,0,لم يحسب,0,0,$5.00,يوم واحد,0,5,30.0,.Mohammad E,https://khamsat.com/user/mohdemam2002,True,بائع جديد,0.0,0,لم يحسب بعد,5,0,لم يحسب
تصميم,https://khamsat.com/designing,ترميم الصور القديمة,https://khamsat.com/designing/photo-restoration,تعديل واحياء وترميم الصور القديمة والمهترئة,https://khamsat.com/designing/photo-restoration/2696652-%D8%AA%D8%B9%D8%AF%D9%8A%D9%84-%D9%88%D8%A7%D8%AD%D9%8A%D8%A7%D8%A1-%D9%88%D8%AA%D8%B1%D9%85%D9%8A%D9%85-%D8%A7%D9%84%D8%B5%D9%88%D8%B1-%D8%A7%D9%84%D9%82%D8%AF%D9%8A%D9%85%D8%A9-%D9%88%D8%A7%D9%84%D9%85%D9%87%D8%AA%D8%B1%D8%A6%D8%A9,5.0,1,ساعتين,4,0,$5.00,يوم واحد,1,1,5.0,محمد تاج ق.,https://khamsat.com/user/mohamadtagkyais,True,بائع مميز,4.5,15,95.65%,5,14,ساعتين
تصميم,https://khamsat.com/designing,ترميم الصور القديمة,https://khamsat.com/designing/photo-restoration,ترميم الصور القديمه واعادتها للحياة,https://khamsat.com/designing/photo-restoration/3037377-%D8%AA%D8%B1%D9%85%D9%8A%D9%85-%D8%A7%D9%84%D8%B5%D9%88%D8%B1-%D8%A7%D9%84%D9%82%D8%AF%D9%8A%D9%85%D9%87-%D9%88%D8%A7%D8%B9%D8%A7%D8%AF%D8%AA%D9%87%D8%A7-%D9%84%D9%84%D8%AD%D9%8A%D8%A7%D8%A9,0.0,0,لم يحسب,0,0,$5.00,ثلاثة أيام,0,1,5.0,يوسف ع.,https://khamsat.com/user/youssef_74m,True,بائع جديد,0.0,0,لم يحسب بعد,1,0,لم يحسب
تصميم,https://khamsat.com/designing,ترميم الصور القديمة,https://khamsat.com/designing/photo-restoration,ترميم الصور القديمة بجودة عالية,https://khamsat.com/designing/photo-restoration/3025036-%D8%AA%D8%B1%D9%85%D9%8A%D9%85-%D8%A7%D9%84%D8%B5%D9%88%D8%B1-%D8%A7%D9%84%D9%82%D8%AF%D9%8A%D9%85%D8%A9-%D8%A8%D8%AC%D9%88%D8%AF%D8%A9-%D8%B9%D8%A7%D9%84%D9%8A%D8%A9,0.0,0,لم يحسب,0,0,$5.00,يوم واحد,0,1,5.0,.Mostafa M,https://khamsat.com/user/mostafatifa132,True,بائع جديد,0.0,0,لم يحسب بعد,1,0,لم يحسب
تصميم,https://khamsat.com/designing,ترميم الصور القديمة,https://khamsat.com/designing/photo-restoration,ترميم صور قديمة متهالكة وتلوينها,https://khamsat.com/designing/photo-restoration/1934741-%D8%AA%D8%B1%D9%85%D9%8A%D9%85-%D8%B5%D9%88%D8%B1-%D9%82%D8%AF%D9%8A%D9%85%D8%A9-%D9%85%D8%AA%D9%87%D8%A7%D9%84%D9%83%D8%A9-%D9%88%D8%AA%D9%84%D9%88%D9%8A%D9%86%D9%87%D8%A7,0.0,0,لم يحسب,0,0,$10.00,يومين,0,3,30.0,.Dena A,https://khamsat.com/user/dina206,True,بائع جديد,5.0,1,100.0%,5,1,ساعة
تصميم,https://khamsat.com/designing,ترميم الصور القديمة,https://khamsat.com/designing/photo-restoration,تعديل وتحسين ومعالجة الصور وازالة الخدوش والعيوب,https://khamsat.com/designing/photo-restoration/2900741-%D8%AA%D8%B9%D8%AF%D9%8A%D9%84-%D9%88%D8%AA%D8%AD%D8%B3%D9%8A%D9%86-%D9%88%D9%85%D8%B9%D8%A7%D9%84%D8%AC%D8%A9-%D8%A7%D9%84%D8%B5%D9%88%D8%B1-%D9%88%D8%A7%D8%B2%D8%A7%D9%84%D8%A9-%D8%A7%D9%84%D8%AE%D8%AF%D9%88%D8%B4-%D9%88%D8%A7%D9%84%D8%B9%D9%8A%D9%88%D8%A8,0.0,0,لم يحسب,0,0,$5.00,يوم واحد,0,1,10.0,.Khalil A,https://khamsat.com/user/elgohary007,False,بائع جديد,0.0,0,لم يحسب بعد,2,0,لم يحسب
تصميم,https://khamsat.com/designing,تعديل صور المنتجات,https://khamsat.com/designing/product-image-editing,تفريغ صور لمنتجات عالية الجودة,https://khamsat.com/designing/product-image-editing/2580252-%D8%AA%D9%81%D8%B1%D9%8A%D8%BA-%D8%B5%D9%88%D8%B1-%D9%84%D9%85%D9%86%D8%AA%D8%AC%D8%A7%D8%AA-%D8%B9%D8%A7%D9%84%D9%8A%D8%A9-%D8%A7%D9%84%D8%AC%D9%88%D8%AF%D8%A9,5.0,6,ساعتين,11,0,$5.00,يوم واحد,6,3,65.0,نبيل ج.,https://khamsat.com/user/nabeelgehad,True,بائع مميز,5.0,48,100.0%,5,78,ساعتين
تصميم,https://khamsat.com/designing,تعديل صور المنتجات,https://khamsat.com/designing/product-image-editing,التعديل على صور المنتجات وتعديل خلفيات الصور,https://khamsat.com/designing/product-image-editing/2825016-%D8%A7%D9%84%D8%AA%D8%B9%D8%AF%D9%8A%D9%84-%D8%B9%D9%84%D9%89-%D8%B5%D9%88%D8%B1-%D8%A7%D9%84%D9%85%D9%86%D8%AA%D8%AC%D8%A7%D8%AA-%D9%88%D8%AA%D8%B9%D8%AF%D9%8A%D9%84-%D8%AE%D9%84%D9%81%D9%8A%D8%A7%D8%AA-%D8%A7%D9%84%D8%B5%D9%88%D8%B1,5.0,4,46 دقيقة,4,0,$5.00,يوم واحد,4,2,10.0,.Eslam A,https://khamsat.com/user/eslam_adel_aldraimli,True,بائع نشيط,5.0,10,100.0%,6,6,20 دقيقة
تصميم,https://khamsat.com/designing,تعديل صور المنتجات,https://khamsat.com/designing/product-image-editing,تصميم منتجات ثلاثية الأبعاد 3D واقعية و حسب الطلب,https://khamsat.com/designing/product-image-editing/2869650-%D8%AA%D8%B5%D9%85%D9%8A%D9%85-%D9%85%D9%86%D8%AA%D8%AC%D8%A7%D8%AA-%D8%AB%D9%84%D8%A7%D8%AB%D9%8A%D8%A9-%D8%A7%D9%84%D8%A3%D8%A8%D8%B9%D8%A7%D8%AF-3d-%D9%88%D8%A7%D9%82%D8%B9%D9%8A%D8%A9-%D9%88-%D8%AD%D8%B3%D8%A8-%D8%A7%D9%84%D8%B7%D9%84%D8%A8,5.0,3,46 دقيقة,4,0,$10.00,أربعة أيام,3,3,45.0,.Faiza Hind B,https://khamsat.com/user/hind8fz,True,بائع نشيط,5.0,3,90.91%,2,4,46 دقيقة
تصميم,https://khamsat.com/designing,تعديل صور المنتجات,https://khamsat.com/designing/product-image-editing,عمل صور المنتجات و اضافة اللوجو عليها لاستخدامها في الدعايه,https://khamsat.com/designing/product-image-editing/1218898-%D8%B9%D9%85%D9%84-%D8%B5%D9%88%D8%B1-%D8%A7%D9%84%D9%85%D9%86%D8%AA%D8%AC%D8%A7%D8%AA-%D9%88-%D8%A7%D8%B6%D8%A7%D9%81%D8%A9-%D8%A7%D9%84%D9%84%D9%88%D8%AC%D9%88-%D8%B9%D9%84%D9%8A%D9%87%D8%A7-%D9%84%D8%A7%D8%B3%D8%AA%D8%AE%D8%AF%D8%A7%D9%85%D9%87%D8%A7-%D9%81%D9%8A-%D8%A7%D9%84%D8%AF%D8%B9%D8%A7%D9%8A%D9%87,5.0,1,21 ساعة,1,0,$5.00,يوم واحد,1,2,30.0,حنا م.,https://khamsat.com/user/hanna1311,True,بائع نشيط,5.0,4,100.0%,5,4,5 ساعات
تصميم,https://khamsat.com/designing,تعديل صور المنتجات,https://khamsat.com/designing/product-image-editing,تعديل صور المنتجات بشكل احترافي خيالي,https://khamsat.com/designing/product-image-editing/3039358-%D8%AA%D8%B9%D8%AF%D9%8A%D9%84-%D8%B5%D9%88%D8%B1-%D8%A7%D9%84%D9%85%D9%86%D8%AA%D8%AC%D8%A7%D8%AA-%D8%A8%D8%B4%D9%83%D9%84-%D8%A7%D8%AD%D8%AA%D8%B1%D8%A7%D9%81%D9%8A-%D8%AE%D9%8A%D8%A7%D9%84%D9%8A,0.0,0,لم يحسب,0,0,$5.00,يومين,0,2,60.0,محمود ع.,https://khamsat.com/user/dr.gm,True,مشتري جديد,0.0,0,لم يحسب بعد,1,0,لم يحسب
تصميم,https://khamsat.com/designing,تعديل صور المنتجات,https://khamsat.com/designing/product-image-editing,ازالة خلفيات ثلاث صور لمنتجات لاستخدامها في التسويق,https://khamsat.com/designing/product-image-editing/2349031-%D8%A7%D8%B2%D8%A7%D9%84%D8%A9-%D8%AE%D9%84%D9%81%D9%8A%D8%A7%D8%AA-%D8%AB%D9%84%D8%A7%D8%AB-%D8%B5%D9%88%D8%B1-%D9%84%D9%85%D9%86%D8%AA%D8%AC%D8%A7%D8%AA-%D9%84%D8%A7%D8%B3%D8%AA%D8%AE%D8%AF%D8%A7%D9%85%D9%87%D8%A7-%D9%81%D9%8A-%D8%A7%D9%84%D8%AA%D8%B3%D9%88%D9%8A%D9%82,0.0,0,لم يحسب,0,0,$5.00,يوم واحد,0,2,10.0,.Abdalrhman S,https://khamsat.com/user/abod_9696,True,بائع جديد,0.0,0,لم يحسب بعد,5,0,لم يحسب
تصميم,https://khamsat.com/designing,تعديل صور المنتجات,https://khamsat.com/designing/product-image-editing,تصميم منتجك بتقنية ثلاثية الأبعاد 3D,https://khamsat.com/designing/product-image-editing/2959153-%D8%AA%D8%B5%D9%85%D9%8A%D9%85-%D9%85%D9%86%D8%AA%D8%AC%D9%83-%D8%A8%D8%AA%D9%82%D9%86%D9%8A%D8%A9-%D8%AB%D9%84%D8%A7%D8%AB%D9%8A%D8%A9-%D8%A7%D9%84%D8%A3%D8%A8%D8%B9%D8%A7%D8%AF-3d,0.0,0,لم يحسب,0,0,$25.00,يوم واحد,0,5,185.0,.Rayane Z,https://khamsat.com/user/rayane_zouggare,True,بائع نشيط,5.0,3,100.0%,2,4,13 ساعة
تصميم,https://khamsat.com/designing,تعديل صور المنتجات,https://khamsat.com/designing/product-image-editing,تعديل وتجهيز صور منتجاتك لموقعك الالكتروني بشكل احترافي,https://khamsat.com/designing/product-image-editing/3050990-%D8%AA%D8%B9%D8%AF%D9%8A%D9%84-%D9%88%D8%AA%D8%AC%D9%87%D9%8A%D8%B2-%D8%B5%D9%88%D8%B1-%D9%85%D9%86%D8%AA%D8%AC%D8%A7%D8%AA%D9%83-%D9%84%D9%85%D9%88%D9%82%D8%B9%D9%83-%D8%A7%D9%84%D8%A7%D9%84%D9%83%D8%AA%D8%B1%D9%88%D9%86%D9%8A-%D8%A8%D8%B4%D9%83%D9%84-%D8%A7%D8%AD%D8%AA%D8%B1%D8%A7%D9%81%D9%8A,0.0,0,لم يحسب,0,0,$10.00,ثلاثة أيام,0,5,215.0,علا ع.,https://khamsat.com/user/oajb12,True,بائع جديد,0.0,0,لم يحسب بعد,1,0,لم يحسب
تصميم,https://khamsat.com/designing,تعديل صور المنتجات,https://khamsat.com/designing/product-image-editing,إزالة الخلفية وتفريغ المنتجات بإستخدام الفوتوشوب,https://khamsat.com/designing/product-image-editing/2493311-%D8%A5%D8%B2%D8%A7%D9%84%D8%A9-%D8%A7%D9%84%D8%AE%D9%84%D9%81%D9%8A%D8%A9-%D9%88%D8%AA%D9%81%D8%B1%D9%8A%D8%BA-%D8%A7%D9%84%D9%85%D9%86%D8%AA%D8%AC%D8%A7%D8%AA-%D8%A8%D8%A5%D8%B3%D8%AA%D8%AE%D8%AF%D8%A7%D9%85-%D8%A7%D9%84%D9%81%D9%88%D8%AA%D9%88%D8%B4%D9%88%D8%A8,0.0,0,لم يحسب,0,0,$5.00,يوم واحد,0,0,0.0,احمد ع.,https://khamsat.com/user/ahmedabdullah87,True,بائع نشيط,4.5,13,73.08%,5,13,10 ساعات
تصميم,https://khamsat.com/designing,تعديل صور المنتجات,https://khamsat.com/designing/product-image-editing,تكوين صور على حسب الرغبة بواسطة الذكاء الصناعي,https://khamsat.com/designing/product-image-editing/3027801-%D8%AA%D9%83%D9%88%D9%8A%D9%86-%D8%B5%D9%88%D8%B1-%D8%B9%D9%84%D9%89-%D8%AD%D8%B3%D8%A8-%D8%A7%D9%84%D8%B1%D8%BA%D8%A8%D8%A9-%D8%A8%D9%88%D8%A7%D8%B3%D8%B7%D8%A9-%D8%A7%D9%84%D8%B0%D9%83%D8%A7%D8%A1-%D8%A7%D9%84%D8%B5%D9%86%D8%A7%D8%B9%D9%8A,0.0,0,لم يحسب,0,0,$10.00,يوم واحد,0,0,0.0,عبد الرحيم م.,https://khamsat.com/user/%D8%B9%D8%A8%D8%AF-%D8%A7%D9%84%D8%B1%D8%AD%D9%8A%D9%85-%D8%A7%D9%84%D9%85%D8%B9%D9%84%D9%85%D9%8A,True,بائع جديد,0.0,0,لم يحسب بعد,2,0,لم يحسب
تصميم,https://khamsat.com/designing,تعديل صور المنتجات,https://khamsat.com/designing/product-image-editing,تعديل وإضافة موكب لصور المنتجات,https://khamsat.com/designing/product-image-editing/3002605-%D8%AA%D8%B9%D8%AF%D9%8A%D9%84-%D9%88%D8%A5%D8%B6%D8%A7%D9%81%D8%A9-%D9%85%D9%88%D9%83%D8%A8-%D9%84%D8%B5%D9%88%D8%B1-%D8%A7%D9%84%D9%85%D9%86%D8%AA%D8%AC%D8%A7%D8%AA,0.0,0,لم يحسب,0,0,$10.00,يومين,0,0,0.0,.Mostafa T,https://khamsat.com/user/mostafa_taha_107,True,بائع جديد,0.0,0,لم يحسب بعد,4,0,لم يحسب
تصميم,https://khamsat.com/designing,تعديل صور المنتجات,https://khamsat.com/designing/product-image-editing,تعديل صور المنتجات و التعديل على خلفيات الصور,https://khamsat.com/designing/product-image-editing/3016634-%D8%AA%D8%B9%D8%AF%D9%8A%D9%84-%D8%B5%D9%88%D8%B1-%D8%A7%D9%84%D9%85%D9%86%D8%AA%D8%AC%D8%A7%D8%AA-%D9%88-%D8%A7%D9%84%D8%AA%D8%B9%D8%AF%D9%8A%D9%84-%D8%B9%D9%84%D9%89-%D8%AE%D9%84%D9%81%D9%8A%D8%A7%D8%AA-%D8%A7%D9%84%D8%B5%D9%88%D8%B1,0.0,0,لم يحسب,0,0,$5.00,يوم واحد,0,0,0.0,.Ayoub R,https://khamsat.com/user/2003ayoubraji,True,بائع جديد,0.0,0,لم يحسب بعد,2,0,لم يحسب
تصميم,https://khamsat.com/designing,تعديل صور المنتجات,https://khamsat.com/designing/product-image-editing,قص وتفريغ صور المنتجات مع تحسين الإضاءة والجودة,https://khamsat.com/designing/product-image-editing/2896019-%D9%82%D8%B5-%D9%88%D8%AA%D9%81%D8%B1%D9%8A%D8%BA-%D8%B5%D9%88%D8%B1-%D8%A7%D9%84%D9%85%D9%86%D8%AA%D8%AC%D8%A7%D8%AA-%D9%85%D8%B9-%D8%AA%D8%AD%D8%B3%D9%8A%D9%86-%D8%A7%D9%84%D8%A5%D8%B6%D8%A7%D8%A1%D8%A9-%D9%88%D8%A7%D9%84%D8%AC%D9%88%D8%AF%D8%A9,5.0,2,4 ساعات,3,1,$5.00,يوم واحد,2,4,35.0,.Ahmed A,https://khamsat.com/user/pixelharmony,True,بائع نشيط,5.0,11,95.45%,3,14,3 ساعات
تصميم,https://khamsat.com/designing,تعديل صور المنتجات,https://khamsat.com/designing/product-image-editing,تفريغ خلفية صور المنتجات و الصور العادية لليوتيوب أو أي شيئ,https://khamsat.com/designing/product-image-editing/2031154-%D8%AA%D9%81%D8%B1%D9%8A%D8%BA-%D8%AE%D9%84%D9%81%D9%8A%D8%A9-%D8%B5%D9%88%D8%B1-%D8%A7%D9%84%D9%85%D9%86%D8%AA%D8%AC%D8%A7%D8%AA-%D9%88-%D8%A7%D9%84%D8%B5%D9%88%D8%B1-%D8%A7%D9%84%D8%B9%D8%A7%D8%AF%D9%8A%D8%A9-%D9%84%D9%84%D9%8A%D9%88%D8%AA%D9%8A%D9%88%D8%A8-%D8%A3%D9%88-%D8%A3%D9%8A-%D8%B4%D9%8A%D8%A6,0.0,0,لم يحسب,0,0,$5.00,يوم واحد,0,1,5.0,تينهينان ق.,https://khamsat.com/user/tinhinane_14,True,بائع نشيط,5.0,8,63.33%,6,19,يوم
تصميم,https://khamsat.com/designing,تعديل صور المنتجات,https://khamsat.com/designing/product-image-editing,تصميم صور المنتجات اجذب الأنظار وأبرز منتجاتك,https://khamsat.com/designing/product-image-editing/2789452-%D8%AA%D8%B5%D9%85%D9%8A%D9%85-%D8%B5%D9%88%D8%B1-%D8%A7%D9%84%D9%85%D9%86%D8%AA%D8%AC%D8%A7%D8%AA-%D8%A7%D8%AC%D8%B0%D8%A8-%D8%A7%D9%84%D8%A3%D9%86%D8%B8%D8%A7%D8%B1-%D9%88%D8%A3%D8%A8%D8%B1%D8%B2-%D9%85%D9%86%D8%AA%D8%AC%D8%A7%D8%AA%D9%83,0.0,0,لم يحسب,0,0,$5.00,يوم واحد,0,2,25.0,النشار Alnashera ا.,https://khamsat.com/user/islamalnasher12346,False,بائع جديد,0.0,0,لم يحسب بعد,2,0,لم يحسب
تصميم,https://khamsat.com/designing,تعديل صور المنتجات,https://khamsat.com/designing/product-image-editing,تفريغ صور المنتجات وتحويلها الى png,https://khamsat.com/designing/product-image-editing/2756054-%D8%AA%D9%81%D8%B1%D9%8A%D8%BA-%D8%B5%D9%88%D8%B1-%D8%A7%D9%84%D9%85%D9%86%D8%AA%D8%AC%D8%A7%D8%AA-%D9%88%D8%AA%D8%AD%D9%88%D9%8A%D9%84%D9%87%D8%A7-%D8%A7%D9%84%D9%89-png,5.0,1,يوم,1,0,$25.00,أربعة أيام,1,2,100.0,.Mashael P,https://khamsat.com/user/fee_lingsart,True,بائع نشيط,4.5,25,76.47%,4,21,8 ساعات
تصميم,https://khamsat.com/designing,تعديل صور المنتجات,https://khamsat.com/designing/product-image-editing,تعديل صور المنتجات الدعائية باحترافية,https://khamsat.com/designing/product-image-editing/3029550-%D8%AA%D8%B9%D8%AF%D9%8A%D9%84-%D8%B5%D9%88%D8%B1-%D8%A7%D9%84%D9%85%D9%86%D8%AA%D8%AC%D8%A7%D8%AA-%D8%A7%D9%84%D8%AF%D8%B9%D8%A7%D8%A6%D9%8A%D8%A9-%D8%A8%D8%A7%D8%AD%D8%AA%D8%B1%D8%A7%D9%81%D9%8A%D8%A9,0.0,0,لم يحسب,0,0,$10.00,يوم واحد,0,3,40.0,.Mohamed M,https://khamsat.com/user/mohamedmehdi01,True,بائع جديد,0.0,0,لم يحسب بعد,2,0,لم يحسب
تصميم,https://khamsat.com/designing,تعديل صور المنتجات,https://khamsat.com/designing/product-image-editing,تعديل صور المنتجات الدعائية بأحترافية (5) صور,https://khamsat.com/designing/product-image-editing/1017188-%D8%AA%D8%B9%D8%AF%D9%8A%D9%84-%D8%B5%D9%88%D8%B1-%D8%A7%D9%84%D9%85%D9%86%D8%AA%D8%AC%D8%A7%D8%AA-%D8%A7%D9%84%D8%AF%D8%B9%D8%A7%D8%A6%D9%8A%D8%A9-%D8%A8%D8%A3%D8%AD%D8%AA%D8%B1%D8%A7%D9%81%D9%8A%D8%A9-5-%D8%B5%D9%88%D8%B1,5.0,56,6 ساعات,76,0,$5.00,يومين,25,4,75.0,مهند ا.,https://khamsat.com/user/mohanadrudwan,True,بائع مميز,5.0,113,92.72%,9,141,7 ساعات
تصميم,https://khamsat.com/designing,تعديل صور المنتجات,https://khamsat.com/designing/product-image-editing,إزالة خلفية صور المنتجات خلال 24 ساعة 50 صورة مقابل 5$,https://khamsat.com/designing/product-image-editing/1939312-%D8%A5%D8%B2%D8%A7%D9%84%D8%A9-%D8%AE%D9%84%D9%81%D9%8A%D8%A9-%D8%B5%D9%88%D8%B1-%D8%A7%D9%84%D9%85%D9%86%D8%AA%D8%AC%D8%A7%D8%AA-%D8%AE%D9%84%D8%A7%D9%84-24-%D8%B3%D8%A7%D8%B9%D8%A9-50-%D8%B5%D9%88%D8%B1%D8%A9-%D9%85%D9%82%D8%A7%D8%A8%D9%84-5,0.0,0,لم يحسب,0,0,$5.00,يوم واحد,0,1,10.0,.Sonya M,https://khamsat.com/user/jojo_ihm,False,بائع جديد,0.0,0,لم يحسب بعد,3,0,لم يحسب
تصميم,https://khamsat.com/designing,تعديل صور المنتجات,https://khamsat.com/designing/product-image-editing,عمل retouch على صور منتجات وغيرها,https://khamsat.com/designing/product-image-editing/2841218-%D8%B9%D9%85%D9%84-retouch-%D8%B9%D9%84%D9%89-%D8%B5%D9%88%D8%B1-%D9%85%D9%86%D8%AA%D8%AC%D8%A7%D8%AA-%D9%88%D8%BA%D9%8A%D8%B1%D9%87%D8%A7,0.0,0,لم يحسب,0,0,$5.00,يوم واحد,0,1,5.0,.Mahmoud M,https://khamsat.com/user/zawaya_studioo,False,بائع جديد,0.0,0,0.0%,3,0,7 دقائق
تصميم,https://khamsat.com/designing,تعديل صور المنتجات,https://khamsat.com/designing/product-image-editing,دمج الصور بإحترافية لمتجرك الإلكتروني أو لإعلانك لتكن طبيعية,https://khamsat.com/designing/product-image-editing/2597386-%D8%AF%D9%85%D8%AC-%D8%A7%D9%84%D8%B5%D9%88%D8%B1-%D8%A8%D8%A5%D8%AD%D8%AA%D8%B1%D8%A7%D9%81%D9%8A%D8%A9-%D9%84%D9%85%D8%AA%D8%AC%D8%B1%D9%83-%D8%A7%D9%84%D8%A5%D9%84%D9%83%D8%AA%D8%B1%D9%88%D9%86%D9%8A-%D8%A3%D9%88-%D9%84%D8%A5%D8%B9%D9%84%D8%A7%D9%86%D9%83-%D9%84%D8%AA%D9%83%D9%86-%D8%B7%D8%A8%D9%8A%D8%B9%D9%8A%D8%A9,0.0,0,لم يحسب,0,0,$10.00,يوم واحد,0,0,0.0,.Hamza M,https://khamsat.com/user/hamza_amonir,True,بائع جديد,0.0,0,لم يحسب بعد,4,0,لم يحسب
تصميم,https://khamsat.com/designing,تعديل صور المنتجات,https://khamsat.com/designing/product-image-editing,سأزيل خلفية صور المنتجات لتوافق متجرك,https://khamsat.com/designing/product-image-editing/2585018-%D8%B3%D8%A3%D8%B2%D9%8A%D9%84-%D8%AE%D9%84%D9%81%D9%8A%D8%A9-%D8%B5%D9%88%D8%B1-%D8%A7%D9%84%D9%85%D9%86%D8%AA%D8%AC%D8%A7%D8%AA-%D9%84%D8%AA%D9%88%D8%A7%D9%81%D9%82-%D9%85%D8%AA%D8%AC%D8%B1%D9%83,0.0,0,لم يحسب,0,0,$5.00,يوم واحد,0,4,80.0,عبدالله ش.,https://khamsat.com/user/%D8%A7%D9%84%D9%85%D8%AD%D8%AA%D8%B1%D9%81-%D8%B4%D8%AD%D9%88,True,بائع نشيط,4.5,18,76.67%,4,20,يوم
تصميم,https://khamsat.com/designing,تعديل صور المنتجات,https://khamsat.com/designing/product-image-editing,تعديل صور المنتجات وإزالة الخلفية,https://khamsat.com/designing/product-image-editing/2785430-%D8%AA%D8%B9%D8%AF%D9%8A%D9%84-%D8%B5%D9%88%D8%B1-%D8%A7%D9%84%D9%85%D9%86%D8%AA%D8%AC%D8%A7%D8%AA-%D9%88%D8%A5%D8%B2%D8%A7%D9%84%D8%A9-%D8%A7%D9%84%D8%AE%D9%84%D9%81%D9%8A%D8%A9,0.0,0,لم يحسب,0,0,$5.00,يوم واحد,0,0,0.0,أيوب ب.,https://khamsat.com/user/ayoub_benkacha97,False,بائع جديد,0.0,0,لم يحسب بعد,5,0,لم يحسب
تصميم,https://khamsat.com/designing,تعديل صور المنتجات,https://khamsat.com/designing/product-image-editing,تعديل صور المنتجات الدعائية باحترافية,https://khamsat.com/designing/product-image-editing/3008333-%D8%AA%D8%B9%D8%AF%D9%8A%D9%84-%D8%B5%D9%88%D8%B1-%D8%A7%D9%84%D9%85%D9%86%D8%AA%D8%AC%D8%A7%D8%AA-%D8%A7%D9%84%D8%AF%D8%B9%D8%A7%D8%A6%D9%8A%D8%A9-%D8%A8%D8%A7%D8%AD%D8%AA%D8%B1%D8%A7%D9%81%D9%8A%D8%A9,0.0,0,لم يحسب,0,0,$10.00,يوم واحد,0,5,140.0,.Heba A,https://khamsat.com/user/heba_elmahdwy,True,بائع جديد,0.0,0,لم يحسب بعد,4,0,لم يحسب
تصميم,https://khamsat.com/designing,تعديل صور المنتجات,https://khamsat.com/designing/product-image-editing,تفريق صور منتجاتك بشكل احترافي,https://khamsat.com/designing/product-image-editing/3038589-%D8%AA%D9%81%D8%B1%D9%8A%D9%82-%D8%B5%D9%88%D8%B1-%D9%85%D9%86%D8%AA%D8%AC%D8%A7%D8%AA%D9%83-%D8%A8%D8%B4%D9%83%D9%84-%D8%A7%D8%AD%D8%AA%D8%B1%D8%A7%D9%81%D9%8A,0.0,0,لم يحسب,0,0,$10.00,يوم واحد,0,0,0.0,.Wael S,https://khamsat.com/user/waelshojaa,True,بائع جديد,5.0,1,100.0%,5,1,20 دقيقة
تصميم,https://khamsat.com/designing,تعديل صور المنتجات,https://khamsat.com/designing/product-image-editing,عرض منتجاتك بشكل جذاب لموقعك الإلكتروني أو صفحتك,https://khamsat.com/designing/product-image-editing/2726874-%D8%B9%D8%B1%D8%B6-%D9%85%D9%86%D8%AA%D8%AC%D8%A7%D8%AA%D9%83-%D8%A8%D8%B4%D9%83%D9%84-%D8%AC%D8%B0%D8%A7%D8%A8-%D9%84%D9%85%D9%88%D9%82%D8%B9%D9%83-%D8%A7%D9%84%D8%A5%D9%84%D9%83%D8%AA%D8%B1%D9%88%D9%86%D9%8A-%D8%A3%D9%88-%D8%B5%D9%81%D8%AD%D8%AA%D9%83,0.0,0,لم يحسب,0,0,$5.00,يوم واحد,0,0,0.0,.Wail B,https://khamsat.com/user/wael_boukeffa,True,بائع جديد,0.0,0,لم يحسب بعد,2,0,لم يحسب
تصميم,https://khamsat.com/designing,تعديل صور المنتجات,https://khamsat.com/designing/product-image-editing,وضع المنتجات للمتاجر بخلفيات واقعية عن طريق التصميم,https://khamsat.com/designing/product-image-editing/2936768-%D9%88%D8%B6%D8%B9-%D8%A7%D9%84%D9%85%D9%86%D8%AA%D8%AC%D8%A7%D8%AA-%D9%84%D9%84%D9%85%D8%AA%D8%A7%D8%AC%D8%B1-%D8%A8%D8%AE%D9%84%D9%81%D9%8A%D8%A7%D8%AA-%D9%88%D8%A7%D9%82%D8%B9%D9%8A%D8%A9-%D8%B9%D9%86-%D8%B7%D8%B1%D9%8A%D9%82-%D8%A7%D9%84%D8%AA%D8%B5%D9%85%D9%8A%D9%85,0.0,0,لم يحسب,0,0,$5.00,يوم واحد,0,2,15.0,محمد ا.,https://khamsat.com/user/mohammedirsh,False,بائع جديد,0.0,0,لم يحسب بعد,1,0,لم يحسب
تصميم,https://khamsat.com/designing,تعديل صور المنتجات,https://khamsat.com/designing/product-image-editing,تعديل كامل لصورك وصور منتجك بالفوتوشوب + رفع جودة الصور 8k,https://khamsat.com/designing/product-image-editing/2982100-%D8%AA%D8%B9%D8%AF%D9%8A%D9%84-%D9%83%D8%A7%D9%85%D9%84-%D9%84%D8%B5%D9%88%D8%B1%D9%83-%D9%88%D8%B5%D9%88%D8%B1-%D9%85%D9%86%D8%AA%D8%AC%D9%83-%D8%A8%D8%A7%D9%84%D9%81%D9%88%D8%AA%D9%88%D8%B4%D9%88%D8%A8-%D8%B1%D9%81%D8%B9-%D8%AC%D9%88%D8%AF%D8%A9-%D8%A7%D9%84%D8%B5%D9%88%D8%B1-8k,0.0,0,لم يحسب,0,0,$5.00,يوم واحد,0,0,0.0,.Muhammed M,https://khamsat.com/user/muhammed_mahmoud,False,بائع جديد,0.0,0,لم يحسب بعد,1,0,لم يحسب
تصميم,https://khamsat.com/designing,تعديل صور المنتجات,https://khamsat.com/designing/product-image-editing,تصميم 3D لمنتجاتك تحتوي علي تفاصيل كما في الواقع,https://khamsat.com/designing/product-image-editing/2988252-%D8%AA%D8%B5%D9%85%D9%8A%D9%85-3d-%D9%84%D9%85%D9%86%D8%AA%D8%AC%D8%A7%D8%AA%D9%83-%D8%AA%D8%AD%D8%AA%D9%88%D9%8A-%D8%B9%D9%84%D9%8A-%D8%AA%D9%81%D8%A7%D8%B5%D9%8A%D9%84-%D9%83%D9%85%D8%A7-%D9%81%D9%8A-%D8%A7%D9%84%D9%88%D8%A7%D9%82%D8%B9,0.0,0,لم يحسب,0,0,$10.00,يوم واحد,0,3,55.0,محمد ع.,https://khamsat.com/user/mohammed19980,True,بائع جديد,0.0,0,لم يحسب بعد,1,0,لم يحسب
تصميم,https://khamsat.com/designing,تعديل صور المنتجات,https://khamsat.com/designing/product-image-editing,عرض المنتجات بطريقة احترافية,https://khamsat.com/designing/product-image-editing/2948944-%D8%B9%D8%B1%D8%B6-%D8%A7%D9%84%D9%85%D9%86%D8%AA%D8%AC%D8%A7%D8%AA-%D8%A8%D8%B7%D8%B1%D9%8A%D9%82%D8%A9-%D8%A7%D8%AD%D8%AA%D8%B1%D8%A7%D9%81%D9%8A%D8%A9,0.0,0,لم يحسب,0,0,$5.00,يوم واحد,0,1,5.0,.Mahmoud M,https://khamsat.com/user/mahmoud_0o,True,بائع جديد,0.0,0,لم يحسب بعد,2,0,لم يحسب
تصميم,https://khamsat.com/designing,التحويل إلى Vector,https://khamsat.com/designing/vector-tracing,إعادة رسم اللوغو بجودة عالية vector,https://khamsat.com/designing/vector-tracing/1386307-%D8%A5%D8%B9%D8%A7%D8%AF%D8%A9-%D8%B1%D8%B3%D9%85-%D8%A7%D9%84%D9%84%D9%88%D8%BA%D9%88-%D8%A8%D8%AC%D9%88%D8%AF%D8%A9-%D8%B9%D8%A7%D9%84%D9%8A%D8%A9-vector,5.0,86,ساعة,103,0,$5.00,يومين,25,3,35.0,.Yousef D,https://khamsat.com/user/yousef16,True,بائع مميز,5.0,103,94.69%,3,116,46 دقيقة
تصميم,https://khamsat.com/designing,التحويل إلى Vector,https://khamsat.com/designing/vector-tracing,اعادة رسم الشعارات بدقة عالية وبطريقة احترافيه,https://khamsat.com/designing/vector-tracing/2545497-%D8%A7%D8%B9%D8%A7%D8%AF%D8%A9-%D8%B1%D8%B3%D9%85-%D8%A7%D9%84%D8%B4%D8%B9%D8%A7%D8%B1%D8%A7%D8%AA-%D8%A8%D8%AF%D9%82%D8%A9-%D8%B9%D8%A7%D9%84%D9%8A%D8%A9-%D9%88%D8%A8%D8%B7%D8%B1%D9%8A%D9%82%D8%A9-%D8%A7%D8%AD%D8%AA%D8%B1%D8%A7%D9%81%D9%8A%D9%87,5.0,56,4 ساعات,64,0,$5.00,يوم واحد,25,5,50.0,احمد ا.,https://khamsat.com/user/ahmed-diab88,True,بائع مميز,5.0,145,94.67%,7,155,3 ساعات
تصميم,https://khamsat.com/designing,التحويل إلى Vector,https://khamsat.com/designing/vector-tracing,اعادة رسم شعار بأي صيغة فيكتور,https://khamsat.com/designing/vector-tracing/1948339-%D8%A7%D8%B9%D8%A7%D8%AF%D8%A9-%D8%B1%D8%B3%D9%85-%D8%B4%D8%B9%D8%A7%D8%B1-%D8%A8%D8%A3%D9%8A-%D8%B5%D9%8A%D8%BA%D8%A9-%D9%81%D9%8A%D9%83%D8%AA%D9%88%D8%B1,5.0,21,51 دقيقة,38,0,$5.00,يوم واحد,21,5,65.0,.Hamsa N,https://khamsat.com/user/hamsanader,True,بائع نشيط,5.0,21,94.12%,1,38,51 دقيقة
تصميم,https://khamsat.com/designing,التحويل إلى Vector,https://khamsat.com/designing/vector-tracing,إعد رسم شعارك باحترافية والتسليم فيكتور,https://khamsat.com/designing/vector-tracing/3028249-%D8%A5%D8%B9%D8%AF-%D8%B1%D8%B3%D9%85-%D8%B4%D8%B9%D8%A7%D8%B1%D9%83-%D8%A8%D8%A7%D8%AD%D8%AA%D8%B1%D8%A7%D9%81%D9%8A%D8%A9-%D9%88%D8%A7%D9%84%D8%AA%D8%B3%D9%84%D9%8A%D9%85-%D9%81%D9%8A%D9%83%D8%AA%D9%88%D8%B1,5.0,2,11 دقيقة,2,0,$5.00,يوم واحد,2,2,15.0,.Donia M,https://khamsat.com/user/donia_arab20,True,بائع جديد,5.0,4,88.89%,5,3,ساعة
تصميم,https://khamsat.com/designing,التحويل إلى Vector,https://khamsat.com/designing/vector-tracing,تحويل الشعار المبكسل الي فيكتور,https://khamsat.com/designing/vector-tracing/2589100-%D8%AA%D8%AD%D9%88%D9%8A%D9%84-%D8%A7%D9%84%D8%B4%D8%B9%D8%A7%D8%B1-%D8%A7%D9%84%D9%85%D8%A8%D9%83%D8%B3%D9%84-%D8%A7%D9%84%D9%8A-%D9%81%D9%8A%D9%83%D8%AA%D9%88%D8%B1,5.0,4,7 دقائق,6,0,$5.00,يوم واحد,4,3,35.0,.Youssef F,https://khamsat.com/user/jo96designer,True,بائع مميز,5.0,138,95.55%,6,143,ساعة
تصميم,https://khamsat.com/designing,التحويل إلى Vector,https://khamsat.com/designing/vector-tracing,تحويل أي صورة أو شكل إلى فيكتور,https://khamsat.com/designing/vector-tracing/1387781-%D8%AA%D8%AD%D9%88%D9%8A%D9%84-%D8%A3%D9%8A-%D8%B5%D9%88%D8%B1%D8%A9-%D8%A3%D9%88-%D8%B4%D9%83%D9%84-%D8%A5%D9%84%D9%89-%D9%81%D9%8A%D9%83%D8%AA%D9%88%D8%B1,4.5,17,ساعة,20,0,$5.00,يوم واحد,17,2,70.0,.Yousef D,https://khamsat.com/user/yousef16,True,بائع مميز,5.0,103,94.69%,3,116,46 دقيقة
تصميم,https://khamsat.com/designing,التحويل إلى Vector,https://khamsat.com/designing/vector-tracing,اعادة رسم أي صورة او شعار بدقة عالية فيكتور vector file,https://khamsat.com/designing/vector-tracing/781149-%D8%A7%D8%B9%D8%A7%D8%AF%D8%A9-%D8%B1%D8%B3%D9%85-%D8%A3%D9%8A-%D8%B5%D9%88%D8%B1%D8%A9-%D8%A7%D9%88-%D8%B4%D8%B9%D8%A7%D8%B1-%D8%A8%D8%AF%D9%82%D8%A9-%D8%B9%D8%A7%D9%84%D9%8A%D8%A9-%D9%81%D9%8A%D9%83%D8%AA%D9%88%D8%B1-vector-file,5.0,78,6 ساعات,95,0,$5.00,يومين,25,5,160.0,.Fatma S,https://khamsat.com/user/fatoma-sayed,True,بائع مميز,5.0,93,97.12%,3,103,5 ساعات
تصميم,https://khamsat.com/designing,التحويل إلى Vector,https://khamsat.com/designing/vector-tracing,إعادة رسم الشعارات LOGO بدقة عالية VECTOR,https://khamsat.com/designing/vector-tracing/2534062-%D8%A5%D8%B9%D8%A7%D8%AF%D8%A9-%D8%B1%D8%B3%D9%85-%D8%A7%D9%84%D8%B4%D8%B9%D8%A7%D8%B1%D8%A7%D8%AA-logo-%D8%A8%D8%AF%D9%82%D8%A9-%D8%B9%D8%A7%D9%84%D9%8A%D8%A9-vector,5.0,14,ساعة,18,0,$5.00,يوم واحد,14,3,20.0,.Aymen S,https://khamsat.com/user/aymensaidi,True,بائع نشيط,5.0,14,93.1%,1,18,ساعة
تصميم,https://khamsat.com/designing,التحويل إلى Vector,https://khamsat.com/designing/vector-tracing,سأعيد رسم شعارك/اللوجو الخاص بك بدقة عالية والتسليم vector,https://khamsat.com/designing/vector-tracing/1753086-%D8%B3%D8%A3%D8%B9%D9%8A%D8%AF-%D8%B1%D8%B3%D9%85-%D8%B4%D8%B9%D8%A7%D8%B1%D9%83%D8%A7%D9%84%D9%84%D9%88%D8%AC%D9%88-%D8%A7%D9%84%D8%AE%D8%A7%D8%B5-%D8%A8%D9%83-%D8%A8%D8%AF%D9%82%D8%A9-%D8%B9%D8%A7%D9%84%D9%8A%D8%A9-%D9%88%D8%A7%D9%84%D8%AA%D8%B3%D9%84%D9%8A%D9%85-vector,4.5,55,7 دقائق,69,0,$5.00,يوم واحد,25,5,50.0,محمد ع.,https://khamsat.com/user/hurghada,True,بائع مميز,4.5,72,98.39%,4,84,ساعة
تصميم,https://khamsat.com/designing,التحويل إلى Vector,https://khamsat.com/designing/vector-tracing,إعادة رسم شعار أو إي شئ جودته ضعيفة لفيكتور vector,https://khamsat.com/designing/vector-tracing/1394683-%D8%A5%D8%B9%D8%A7%D8%AF%D8%A9-%D8%B1%D8%B3%D9%85-%D8%B4%D8%B9%D8%A7%D8%B1-%D8%A3%D9%88-%D8%A5%D9%8A-%D8%B4%D8%A6-%D8%AC%D9%88%D8%AF%D8%AA%D9%87-%D8%B6%D8%B9%D9%8A%D9%81%D8%A9-%D9%84%D9%81%D9%8A%D9%83%D8%AA%D9%88%D8%B1-vector,5.0,18,8 دقائق,25,0,$10.00,ثلاثة أيام,18,4,45.0,رامي م.,https://khamsat.com/user/%D8%B1%D8%A7%D9%85%D9%89-%D8%B9%D9%85%D8%A7%D8%AF-%D8%A7%D9%84%D8%AF%D9%8A%D9%86,True,بائع مميز,4.5,128,85.26%,5,183,9 ساعات
تصميم,https://khamsat.com/designing,التحويل إلى Vector,https://khamsat.com/designing/vector-tracing,سأقوم بأعادة رسم شعارك بجودة عالية وفيكتور,https://khamsat.com/designing/vector-tracing/2853824-%D8%B3%D8%A3%D9%82%D9%88%D9%85-%D8%A8%D8%A3%D8%B9%D8%A7%D8%AF%D8%A9-%D8%B1%D8%B3%D9%85-%D8%B4%D8%B9%D8%A7%D8%B1%D9%83-%D8%A8%D8%AC%D9%88%D8%AF%D8%A9-%D8%B9%D8%A7%D9%84%D9%8A%D8%A9-%D9%88%D9%81%D9%8A%D9%83%D8%AA%D9%88%D8%B1,5.0,7,25 دقيقة,7,0,$5.00,يوم واحد,7,1,10.0,مصطفي ا.,https://khamsat.com/user/mostafa_ahmed_100,True,بائع نشيط,4.5,25,97.44%,5,24,3 ساعات
تصميم,https://khamsat.com/designing,التحويل إلى Vector,https://khamsat.com/designing/vector-tracing,اعادة رسم الشعار بدقة عالية والتسليم فيكتور بسرعة ووقت قياسي,https://khamsat.com/designing/vector-tracing/1195050-%D8%A7%D8%B9%D8%A7%D8%AF%D8%A9-%D8%B1%D8%B3%D9%85-%D8%A7%D9%84%D8%B4%D8%B9%D8%A7%D8%B1-%D8%A8%D8%AF%D9%82%D8%A9-%D8%B9%D8%A7%D9%84%D9%8A%D8%A9-%D9%88%D8%A7%D9%84%D8%AA%D8%B3%D9%84%D9%8A%D9%85-%D9%81%D9%8A%D9%83%D8%AA%D9%88%D8%B1-%D8%A8%D8%B3%D8%B1%D8%B9%D8%A9-%D9%88%D9%88%D9%82%D8%AA-%D9%82%D9%8A%D8%A7%D8%B3%D9%8A,5.0,162,26 دقيقة,188,0,$10.00,يوم واحد,25,5,95.0,.Olfat G,https://khamsat.com/user/olfatghazaleh,True,بائع مميز,5.0,222,92.56%,5,246,54 دقيقة
تصميم,https://khamsat.com/designing,التحويل إلى Vector,https://khamsat.com/designing/vector-tracing,إعادة رسم شعارك بأحترافية خلال ساعات والتسليم فيكتور,https://khamsat.com/designing/vector-tracing/2223809-%D8%A5%D8%B9%D8%A7%D8%AF%D8%A9-%D8%B1%D8%B3%D9%85-%D8%B4%D8%B9%D8%A7%D8%B1%D9%83-%D8%A8%D8%A3%D8%AD%D8%AA%D8%B1%D8%A7%D9%81%D9%8A%D8%A9-%D8%AE%D9%84%D8%A7%D9%84-%D8%B3%D8%A7%D8%B9%D8%A7%D8%AA-%D9%88%D8%A7%D9%84%D8%AA%D8%B3%D9%84%D9%8A%D9%85-%D9%81%D9%8A%D9%83%D8%AA%D9%88%D8%B1,5.0,9,3 ساعات,11,0,$5.00,يوم واحد,9,3,15.0,.Mamdouh M,https://khamsat.com/user/mm-3,True,بائع مميز,5.0,53,81.25%,10,66,6 ساعات
تصميم,https://khamsat.com/designing,التحويل إلى Vector,https://khamsat.com/designing/vector-tracing,سأرسم لك صورتك كرتون فيكتور ارت vector art بستايلات مختلفة,https://khamsat.com/designing/vector-tracing/2132284-%D8%B3%D8%A3%D8%B1%D8%B3%D9%85-%D9%84%D9%83-%D8%B5%D9%88%D8%B1%D8%AA%D9%83-%D9%83%D8%B1%D8%AA%D9%88%D9%86-%D9%81%D9%8A%D9%83%D8%AA%D9%88%D8%B1-%D8%A7%D8%B1%D8%AA-vector-art-%D8%A8%D8%B3%D8%AA%D8%A7%D9%8A%D9%84%D8%A7%D8%AA-%D9%85%D8%AE%D8%AA%D9%84%D9%81%D8%A9,5.0,4,ساعة,4,0,$20.00,يومين,4,2,40.0,.Jamal E,https://khamsat.com/user/jamal_dhraoui,True,بائع نشيط,5.0,24,100.0%,5,23,يوم
تصميم,https://khamsat.com/designing,التحويل إلى Vector,https://khamsat.com/designing/vector-tracing,إعادة رسم الشعار تحويل أي صورة أو شكل إلى فيكتور خلال ساعات,https://khamsat.com/designing/vector-tracing/2799859-%D8%A5%D8%B9%D8%A7%D8%AF%D8%A9-%D8%B1%D8%B3%D9%85-%D8%A7%D9%84%D8%B4%D8%B9%D8%A7%D8%B1-%D8%AA%D8%AD%D9%88%D9%8A%D9%84-%D8%A3%D9%8A-%D8%B5%D9%88%D8%B1%D8%A9-%D8%A3%D9%88-%D8%B4%D9%83%D9%84-%D8%A5%D9%84%D9%89-%D9%81%D9%8A%D9%83%D8%AA%D9%88%D8%B1-%D8%AE%D9%84%D8%A7%D9%84-%D8%B3%D8%A7%D8%B9%D8%A7%D8%AA,5.0,4,5 دقائق,5,0,$5.00,يوم واحد,4,4,55.0,أحمد ص.,https://khamsat.com/user/ahmed_salah_habib,True,بائع مميز,4.5,28,98.86%,7,31,ساعة
تصميم,https://khamsat.com/designing,التحويل إلى Vector,https://khamsat.com/designing/vector-tracing,تحويل صور من Bitmap إلى Vector مقابل 5$ فقط,https://khamsat.com/designing/vector-tracing/1135919-%D8%AA%D8%AD%D9%88%D9%8A%D9%84-%D8%B5%D9%88%D8%B1-%D9%85%D9%86-bitmap-%D8%A5%D9%84%D9%89-vector-%D9%85%D9%82%D8%A7%D8%A8%D9%84-5-%D9%81%D9%82%D8%B7,5.0,2,54 دقيقة,2,0,$5.00,ثلاثة أيام,2,1,5.0,.Mohamed Haroun E,https://khamsat.com/user/%D9%85%D8%AD%D9%85%D8%AF-%D9%87%D8%A7%D8%B1%D9%88%D9%86-%D8%A7%D9%84%D9%86%D9%81%D8%A7%D8%AA%D9%8A,True,بائع نشيط,5.0,11,80.43%,5,11,ساعتين
تصميم,https://khamsat.com/designing,التحويل إلى Vector,https://khamsat.com/designing/vector-tracing,حول صورك الى Vector باحترافية عالية,https://khamsat.com/designing/vector-tracing/2801316-%D8%AD%D9%88%D9%84-%D8%B5%D9%88%D8%B1%D9%83-%D8%A7%D9%84%D9%89-vector-%D8%A8%D8%A7%D8%AD%D8%AA%D8%B1%D8%A7%D9%81%D9%8A%D8%A9-%D8%B9%D8%A7%D9%84%D9%8A%D8%A9,5.0,1,4 دقائق,1,0,$20.00,يومين,1,3,25.0,.Mustafa Y,https://khamsat.com/user/steve_younes,True,بائع مميز,4.5,55,83.06%,9,50,50 دقيقة
تصميم,https://khamsat.com/designing,التحويل إلى Vector,https://khamsat.com/designing/vector-tracing,اعاده رسم الشعار وتحويله إلى فيكتور vector بجودة عالية,https://khamsat.com/designing/vector-tracing/2691468-%D8%A7%D8%B9%D8%A7%D8%AF%D9%87-%D8%B1%D8%B3%D9%85-%D8%A7%D9%84%D8%B4%D8%B9%D8%A7%D8%B1-%D9%88%D8%AA%D8%AD%D9%88%D9%8A%D9%84%D9%87-%D8%A5%D9%84%D9%89-%D9%81%D9%8A%D9%83%D8%AA%D9%88%D8%B1-vector-%D8%A8%D8%AC%D9%88%D8%AF%D8%A9-%D8%B9%D8%A7%D9%84%D9%8A%D8%A9,5.0,1,4 دقائق,2,0,$10.00,يوم واحد,1,0,0.0,منى ح.,https://khamsat.com/user/monahemam,True,بائع نشيط,4.5,11,94.74%,9,12,37 دقيقة
تصميم,https://khamsat.com/designing,التحويل إلى Vector,https://khamsat.com/designing/vector-tracing,اعادة رسم الشعار اللوغو بدقة عالية خلال ساعات والتسليم فيكتور,https://khamsat.com/designing/vector-tracing/745549-%D8%A7%D8%B9%D8%A7%D8%AF%D8%A9-%D8%B1%D8%B3%D9%85-%D8%A7%D9%84%D8%B4%D8%B9%D8%A7%D8%B1-%D8%A7%D9%84%D9%84%D9%88%D8%BA%D9%88-%D8%A8%D8%AF%D9%82%D8%A9-%D8%B9%D8%A7%D9%84%D9%8A%D8%A9-%D8%AE%D9%84%D8%A7%D9%84-%D8%B3%D8%A7%D8%B9%D8%A7%D8%AA-%D9%88%D8%A7%D9%84%D8%AA%D8%B3%D9%84%D9%8A%D9%85-%D9%81%D9%8A%D9%83%D8%AA%D9%88%D8%B1,4.5,185,20 دقيقة,225,0,$15.00,يوم واحد,25,5,155.0,.Maher N,https://khamsat.com/user/mahir-nadir,True,بائع مميز,4.5,540,94.64%,13,554,34 دقيقة
تصميم,https://khamsat.com/designing,التحويل إلى Vector,https://khamsat.com/designing/vector-tracing,اعادة رسم صورة شخصية شعار لوغو و تقديمها ب جودة عالية,https://khamsat.com/designing/vector-tracing/2794386-%D8%A7%D8%B9%D8%A7%D8%AF%D8%A9-%D8%B1%D8%B3%D9%85-%D8%B5%D9%88%D8%B1%D8%A9-%D8%B4%D8%AE%D8%B5%D9%8A%D8%A9-%D8%B4%D8%B9%D8%A7%D8%B1-%D9%84%D9%88%D8%BA%D9%88-%D9%88-%D8%AA%D9%82%D8%AF%D9%8A%D9%85%D9%87%D8%A7-%D8%A8-%D8%AC%D9%88%D8%AF%D8%A9-%D8%B9%D8%A7%D9%84%D9%8A%D8%A9,5.0,3,8 ساعات,3,0,$5.00,يومين,3,1,5.0,علي ي.,https://khamsat.com/user/alashlash,True,بائع جديد,5.0,3,57.14%,1,3,8 ساعات
تصميم,https://khamsat.com/designing,التحويل إلى Vector,https://khamsat.com/designing/vector-tracing,تصميم شعار الوجه فيكتور ارت Minimalist face logo,https://khamsat.com/designing/vector-tracing/2285047-%D8%AA%D8%B5%D9%85%D9%8A%D9%85-%D8%B4%D8%B9%D8%A7%D8%B1-%D8%A7%D9%84%D9%88%D8%AC%D9%87-%D9%81%D9%8A%D9%83%D8%AA%D9%88%D8%B1-%D8%A7%D8%B1%D8%AA-minimalist-face-logo,5.0,2,ساعتين,3,0,$10.00,يومين,2,5,45.0,منصف ز.,https://khamsat.com/user/mounssif611,True,بائع نشيط,4.5,14,96.15%,3,17,4 ساعات
تصميم,https://khamsat.com/designing,التحويل إلى Vector,https://khamsat.com/designing/vector-tracing,تحويل أى صورة أو شعار من بكسل إلى فكتور (3 صور مقابل 5$),https://khamsat.com/designing/vector-tracing/923701-%D8%AA%D8%AD%D9%88%D9%8A%D9%84-%D8%A3%D9%89-%D8%B5%D9%88%D8%B1%D8%A9-%D8%A3%D9%88-%D8%B4%D8%B9%D8%A7%D8%B1-%D9%85%D9%86-%D8%A8%D9%83%D8%B3%D9%84-%D8%A5%D9%84%D9%89-%D9%81%D9%83%D8%AA%D9%88%D8%B1-3-%D8%B5%D9%88%D8%B1-%D9%85%D9%82%D8%A7%D8%A8%D9%84-5,5.0,8,4 أيام,10,0,$5.00,يومين,8,2,10.0,.Mostafa E,https://khamsat.com/user/ebtkar-team,True,بائع مميز,5.0,111,95.54%,10,109,13 ساعة
تصميم,https://khamsat.com/designing,التحويل إلى Vector,https://khamsat.com/designing/vector-tracing,ارسم صورتك فيكتور ارت باحترافيه,https://khamsat.com/designing/vector-tracing/1099991-%D8%A7%D8%B1%D8%B3%D9%85-%D8%B5%D9%88%D8%B1%D8%AA%D9%83-%D9%81%D9%8A%D9%83%D8%AA%D9%88%D8%B1-%D8%A7%D8%B1%D8%AA-%D8%A8%D8%A7%D8%AD%D8%AA%D8%B1%D8%A7%D9%81%D9%8A%D9%87,5.0,12,7 أيام,13,0,$5.00,يومين,12,4,35.0,.Mostafa N,https://khamsat.com/user/mostafa-nasser-mahm,True,بائع نشيط,5.0,12,80.95%,1,13,7 أيام
تصميم,https://khamsat.com/designing,التحويل إلى Vector,https://khamsat.com/designing/vector-tracing,إعادة رسم لوجو قديم وتحويله إلى Vector وتسليمه PNG,https://khamsat.com/designing/vector-tracing/1081080-%D8%A5%D8%B9%D8%A7%D8%AF%D8%A9-%D8%B1%D8%B3%D9%85-%D9%84%D9%88%D8%AC%D9%88-%D9%82%D8%AF%D9%8A%D9%85-%D9%88%D8%AA%D8%AD%D9%88%D9%8A%D9%84%D9%87-%D8%A5%D9%84%D9%89-vector-%D9%88%D8%AA%D8%B3%D9%84%D9%8A%D9%85%D9%87-png,5.0,5,48 دقيقة,6,0,$5.00,يومين,5,3,35.0,.Islam S,https://khamsat.com/user/islam-sallam,True,بائع مميز,4.5,86,88.48%,3,114,5 ساعات
تصميم,https://khamsat.com/designing,التحويل إلى Vector,https://khamsat.com/designing/vector-tracing,تحويل اي صوره لوجو شعار من بكسل الي فيكتور,https://khamsat.com/designing/vector-tracing/778249-%D8%AA%D8%AD%D9%88%D9%8A%D9%84-%D8%A7%D9%8A-%D8%B5%D9%88%D8%B1%D9%87-%D9%84%D9%88%D8%AC%D9%88-%D8%B4%D8%B9%D8%A7%D8%B1-%D9%85%D9%86-%D8%A8%D9%83%D8%B3%D9%84-%D8%A7%D9%84%D9%8A-%D9%81%D9%8A%D9%83%D8%AA%D9%88%D8%B1,5.0,11,ساعة,15,0,$5.00,يومين,11,5,80.0,.Fatma S,https://khamsat.com/user/fatoma-sayed,True,بائع مميز,5.0,93,97.12%,3,103,5 ساعات
تصميم,https://khamsat.com/designing,التحويل إلى Vector,https://khamsat.com/designing/vector-tracing,إعادة رسم الشعار وتحويله إلى صورة فيكتور ذات جودة عالية,https://khamsat.com/designing/vector-tracing/2079964-%D8%A5%D8%B9%D8%A7%D8%AF%D8%A9-%D8%B1%D8%B3%D9%85-%D8%A7%D9%84%D8%B4%D8%B9%D8%A7%D8%B1-%D9%88%D8%AA%D8%AD%D9%88%D9%8A%D9%84%D9%87-%D8%A5%D9%84%D9%89-%D8%B5%D9%88%D8%B1%D8%A9-%D9%81%D9%8A%D9%83%D8%AA%D9%88%D8%B1-%D8%B0%D8%A7%D8%AA-%D8%AC%D9%88%D8%AF%D8%A9-%D8%B9%D8%A7%D9%84%D9%8A%D8%A9,5.0,4,ساعتين,10,0,$10.00,يوم واحد,4,3,20.0,.Dawod A,https://khamsat.com/user/dawoad_taha,True,بائع مميز,5.0,122,95.74%,6,142,ساعتين
تصميم,https://khamsat.com/designing,التحويل إلى Vector,https://khamsat.com/designing/vector-tracing,تحويل اي صورة او شعار الي فيكتور,https://khamsat.com/designing/vector-tracing/2136325-%D8%AA%D8%AD%D9%88%D9%8A%D9%84-%D8%A7%D9%8A-%D8%B5%D9%88%D8%B1%D8%A9-%D8%A7%D9%88-%D8%B4%D8%B9%D8%A7%D8%B1-%D8%A7%D9%84%D9%8A-%D9%81%D9%8A%D9%83%D8%AA%D9%88%D8%B1,4.5,1,8 دقائق,1,0,$5.00,يوم واحد,1,0,0.0,.Abdelrahman M,https://khamsat.com/user/abdelrahmanmostafa11,True,بائع جديد,0.0,1,75.0%,5,3,ساعتين
تصميم,https://khamsat.com/designing,التحويل إلى Vector,https://khamsat.com/designing/vector-tracing,رسم اي تصميم تريده بصيغة DXF للعمل علي ماكينات ال CNC,https://khamsat.com/designing/vector-tracing/3038893-%D8%B1%D8%B3%D9%85-%D8%A7%D9%8A-%D8%AA%D8%B5%D9%85%D9%8A%D9%85-%D8%AA%D8%B1%D9%8A%D8%AF%D9%87-%D8%A8%D8%B5%D9%8A%D8%BA%D8%A9-dxf-%D9%84%D9%84%D8%B9%D9%85%D9%84-%D8%B9%D9%84%D9%8A-%D9%85%D8%A7%D9%83%D9%8A%D9%86%D8%A7%D8%AA-%D8%A7%D9%84-cnc,0.0,0,لم يحسب,0,0,$5.00,يوم واحد,0,3,20.0,كريم ي.,https://khamsat.com/user/%D9%83%D8%B1%D9%8A%D9%85-%D9%8A%D8%A7%D8%B3%D8%B1-%D8%AD%D8%A7%D9%85%D8%AF,True,بائع نشيط,5.0,10,73.21%,4,16,يوم
تصميم,https://khamsat.com/designing,التحويل إلى Vector,https://khamsat.com/designing/vector-tracing,إعادة رسم اللوجو بجودة عالية فيكتور,https://khamsat.com/designing/vector-tracing/3051608-%D8%A5%D8%B9%D8%A7%D8%AF%D8%A9-%D8%B1%D8%B3%D9%85-%D8%A7%D9%84%D9%84%D9%88%D8%AC%D9%88-%D8%A8%D8%AC%D9%88%D8%AF%D8%A9-%D8%B9%D8%A7%D9%84%D9%8A%D8%A9-%D9%81%D9%8A%D9%83%D8%AA%D9%88%D8%B1,0.0,0,لم يحسب,0,0,$5.00,يومين,0,3,45.0,.Ahmed E,https://khamsat.com/user/ahmedzoka211,True,بائع جديد,0.0,0,لم يحسب بعد,1,0,لم يحسب
تصميم,https://khamsat.com/designing,التحويل إلى Vector,https://khamsat.com/designing/vector-tracing,تصميم فيكتور احترافي بجودة عالية,https://khamsat.com/designing/vector-tracing/2300419-%D8%AA%D8%B5%D9%85%D9%8A%D9%85-%D9%81%D9%8A%D9%83%D8%AA%D9%88%D8%B1-%D8%A7%D8%AD%D8%AA%D8%B1%D8%A7%D9%81%D9%8A-%D8%A8%D8%AC%D9%88%D8%AF%D8%A9-%D8%B9%D8%A7%D9%84%D9%8A%D8%A9,5.0,1,ساعتين,1,1,$5.00,يوم واحد,1,5,180.0,مراد ل.,https://khamsat.com/user/lafrikh,True,بائع مميز,5.0,139,93.26%,11,128,4 ساعات
تصميم,https://khamsat.com/designing,تصميم بنرات إعلانية,https://khamsat.com/designing/banners-design,تصميم صورك خدماتك جودة عالية Full Hd,https://khamsat.com/designing/banners-design/180241-%D8%AA%D8%B5%D9%85%D9%8A%D9%85-%D8%B5%D9%88%D8%B1%D9%83-%D8%AE%D8%AF%D9%85%D8%A7%D8%AA%D9%83-%D8%AC%D9%88%D8%AF%D8%A9-%D8%B9%D8%A7%D9%84%D9%8A%D8%A9-full-hd,5.0,41,15 ساعة,55,0,$5.00,يوم واحد,25,5,175.0,احمد م.,https://khamsat.com/user/aammiinn,True,بائع مميز,5.0,67,90.82%,3,90,14 ساعة
تصميم,https://khamsat.com/designing,تصميم بنرات إعلانية,https://khamsat.com/designing/banners-design,تصميم إعلانات وبنرات مميزة للمواقع والمنتديات,https://khamsat.com/designing/banners-design/3011795-%D8%AA%D8%B5%D9%85%D9%8A%D9%85-%D8%A5%D8%B9%D9%84%D8%A7%D9%86%D8%A7%D8%AA-%D9%88%D8%A8%D9%86%D8%B1%D8%A7%D8%AA-%D9%85%D9%85%D9%8A%D8%B2%D8%A9-%D9%84%D9%84%D9%85%D9%88%D8%A7%D9%82%D8%B9-%D9%88%D8%A7%D9%84%D9%85%D9%86%D8%AA%D8%AF%D9%8A%D8%A7%D8%AA,5.0,3,ساعة,5,0,$5.00,يوم واحد,3,4,105.0,.Ahmed A,https://khamsat.com/user/reback,True,بائع مميز,5.0,77,84.64%,7,90,6 ساعات
تصميم,https://khamsat.com/designing,تصميم بنرات إعلانية,https://khamsat.com/designing/banners-design,تصميم بنر لليوم الوطني السعودي بإحترافية عالية,https://khamsat.com/designing/banners-design/3009385-%D8%AA%D8%B5%D9%85%D9%8A%D9%85-%D8%A8%D9%86%D8%B1-%D9%84%D9%84%D9%8A%D9%88%D9%85-%D8%A7%D9%84%D9%88%D8%B7%D9%86%D9%8A-%D8%A7%D9%84%D8%B3%D8%B9%D9%88%D8%AF%D9%8A-%D8%A8%D8%A5%D8%AD%D8%AA%D8%B1%D8%A7%D9%81%D9%8A%D8%A9-%D8%B9%D8%A7%D9%84%D9%8A%D8%A9,5.0,3,15 دقيقة,3,0,$5.00,يوم واحد,3,0,0.0,البراء ا.,https://khamsat.com/user/albara_1,True,بائع جديد,5.0,3,100.0%,3,3,15 دقيقة
تصميم,https://khamsat.com/designing,تصميم بنرات إعلانية,https://khamsat.com/designing/banners-design,تصميم ثلاث بنرات إعلانية ثابته أو بنر واحد متحرك بمقاسات مختلفة,https://khamsat.com/designing/banners-design/824300-%D8%AA%D8%B5%D9%85%D9%8A%D9%85-%D8%AB%D9%84%D8%A7%D8%AB-%D8%A8%D9%86%D8%B1%D8%A7%D8%AA-%D8%A5%D8%B9%D9%84%D8%A7%D9%86%D9%8A%D8%A9-%D8%AB%D8%A7%D8%A8%D8%AA%D9%87-%D8%A3%D9%88-%D8%A8%D9%86%D8%B1-%D9%88%D8%A7%D8%AD%D8%AF-%D9%85%D8%AA%D8%AD%D8%B1%D9%83-%D8%A8%D9%85%D9%82%D8%A7%D8%B3%D8%A7%D8%AA-%D9%85%D8%AE%D8%AA%D9%84%D9%81%D8%A9,4.5,126,ساعة,186,0,$20.00,يومين,25,2,35.0,.Hamada E,https://khamsat.com/user/hamada-ezzat,True,بائع مميز,4.5,351,94.66%,4,412,3 ساعات
تصميم,https://khamsat.com/designing,تصميم بنرات إعلانية,https://khamsat.com/designing/banners-design,تصميم بنرات بمقاسات المواقع والويبسايت,https://khamsat.com/designing/banners-design/2113796-%D8%AA%D8%B5%D9%85%D9%8A%D9%85-%D8%A8%D9%86%D8%B1%D8%A7%D8%AA-%D8%A8%D9%85%D9%82%D8%A7%D8%B3%D8%A7%D8%AA-%D8%A7%D9%84%D9%85%D9%88%D8%A7%D9%82%D8%B9-%D9%88%D8%A7%D9%84%D9%88%D9%8A%D8%A8%D8%B3%D8%A7%D9%8A%D8%AA,5.0,52,ساعتين,74,1,$5.00,يوم واحد,25,5,55.0,.Mahmoud M,https://khamsat.com/user/mahmoud_mohamed_rama,True,بائع مميز,5.0,59,86.57%,3,80,ساعتين
تصميم,https://khamsat.com/designing,تصميم بنرات إعلانية,https://khamsat.com/designing/banners-design,تصميم بنر إحترافي ومميز وجذاب لمتجرك,https://khamsat.com/designing/banners-design/2732517-%D8%AA%D8%B5%D9%85%D9%8A%D9%85-%D8%A8%D9%86%D8%B1-%D8%A5%D8%AD%D8%AA%D8%B1%D8%A7%D9%81%D9%8A-%D9%88%D9%85%D9%85%D9%8A%D8%B2-%D9%88%D8%AC%D8%B0%D8%A7%D8%A8-%D9%84%D9%85%D8%AA%D8%AC%D8%B1%D9%83,5.0,2,46 دقيقة,2,0,$5.00,يوم واحد,2,3,45.0,.Ahmed M,https://khamsat.com/user/henryyy12,True,بائع جديد,5.0,2,100.0%,5,2,46 دقيقة
تصميم,https://khamsat.com/designing,تصميم بنرات إعلانية,https://khamsat.com/designing/banners-design,تصميم بنرات مواقع إعلانية,https://khamsat.com/designing/banners-design/2959951-%D8%AA%D8%B5%D9%85%D9%8A%D9%85-%D8%A8%D9%86%D8%B1%D8%A7%D8%AA-%D9%85%D9%88%D8%A7%D9%82%D8%B9-%D8%A5%D8%B9%D9%84%D8%A7%D9%86%D9%8A%D8%A9,5.0,1,39 دقيقة,1,0,$10.00,يومين,1,5,95.0,.Youssef F,https://khamsat.com/user/jo96designer,True,بائع مميز,5.0,138,95.55%,6,143,ساعة
تصميم,https://khamsat.com/designing,تصميم بنرات إعلانية,https://khamsat.com/designing/banners-design,تصميم بوسترات احترافية للسناب شات والستوري,https://khamsat.com/designing/banners-design/1907615-%D8%AA%D8%B5%D9%85%D9%8A%D9%85-%D8%A8%D9%88%D8%B3%D8%AA%D8%B1%D8%A7%D8%AA-%D8%A7%D8%AD%D8%AA%D8%B1%D8%A7%D9%81%D9%8A%D8%A9-%D9%84%D9%84%D8%B3%D9%86%D8%A7%D8%A8-%D8%B4%D8%A7%D8%AA-%D9%88%D8%A7%D9%84%D8%B3%D8%AA%D9%88%D8%B1%D9%8A,5.0,49,5 ساعات,75,0,$10.00,يوم واحد,25,2,15.0,محمد ط.,https://khamsat.com/user/moham-mad-taha,True,بائع مميز,5.0,199,96.33%,4,236,3 ساعات
تصميم,https://khamsat.com/designing,تصميم بنرات إعلانية,https://khamsat.com/designing/banners-design,تصميم بنرات احترافية و إبداعية,https://khamsat.com/designing/banners-design/2325462-%D8%AA%D8%B5%D9%85%D9%8A%D9%85-%D8%A8%D9%86%D8%B1%D8%A7%D8%AA-%D8%A7%D8%AD%D8%AA%D8%B1%D8%A7%D9%81%D9%8A%D8%A9-%D9%88-%D8%A5%D8%A8%D8%AF%D8%A7%D8%B9%D9%8A%D8%A9,5.0,6,ساعة,7,0,$5.00,يومين,6,2,15.0,رغد أ.,https://khamsat.com/user/raghad_2shammala,True,بائع نشيط,5.0,20,100.0%,4,17,4 ساعات
تصميم,https://khamsat.com/designing,تصميم بنرات إعلانية,https://khamsat.com/designing/banners-design,تصميم بانر لمتجرك على منصة سلة او زد,https://khamsat.com/designing/banners-design/2879218-%D8%AA%D8%B5%D9%85%D9%8A%D9%85-%D8%A8%D8%A7%D9%86%D8%B1-%D9%84%D9%85%D8%AA%D8%AC%D8%B1%D9%83-%D8%B9%D9%84%D9%89-%D9%85%D9%86%D8%B5%D8%A9-%D8%B3%D9%84%D8%A9-%D8%A7%D9%88-%D8%B2%D8%AF,5.0,4,10 ساعات,7,0,$10.00,يومين,4,3,55.0,.Ahmed E,https://khamsat.com/user/a-h-med-essa,True,بائع مميز,4.5,254,93.96%,4,298,23 ساعة
تصميم,https://khamsat.com/designing,تصميم بنرات إعلانية,https://khamsat.com/designing/banners-design,تصميم بوسترات احترافية,https://khamsat.com/designing/banners-design/348801-%D8%AA%D8%B5%D9%85%D9%8A%D9%85-%D8%A8%D9%88%D8%B3%D8%AA%D8%B1%D8%A7%D8%AA-%D8%A7%D8%AD%D8%AA%D8%B1%D8%A7%D9%81%D9%8A%D8%A9,5.0,20,39 دقيقة,24,0,$15.00,ثلاثة أيام,20,3,165.0,.Mahmoud H,https://khamsat.com/user/mmm.attia,True,بائع مميز,5.0,31,98.0%,3,37,4 ساعات
تصميم,https://khamsat.com/designing,تصميم بنرات إعلانية,https://khamsat.com/designing/banners-design,تصميم بنرات احترافية مختلفة,https://khamsat.com/designing/banners-design/2567941-%D8%AA%D8%B5%D9%85%D9%8A%D9%85-%D8%A8%D9%86%D8%B1%D8%A7%D8%AA-%D8%A7%D8%AD%D8%AA%D8%B1%D8%A7%D9%81%D9%8A%D8%A9-%D9%85%D8%AE%D8%AA%D9%84%D9%81%D8%A9,5.0,3,10 ساعات,5,0,$5.00,يومين,3,4,90.0,سهير س.,https://khamsat.com/user/suheir1990,True,بائع مميز,5.0,29,100.0%,8,33,4 ساعات
تصميم,https://khamsat.com/designing,تصميم بنرات إعلانية,https://khamsat.com/designing/banners-design,تصميم بانرات وبوسترات إعلانيه بمختلف انواعها,https://khamsat.com/designing/banners-design/2883753-%D8%AA%D8%B5%D9%85%D9%8A%D9%85-%D8%A8%D8%A7%D9%86%D8%B1%D8%A7%D8%AA-%D9%88%D8%A8%D9%88%D8%B3%D8%AA%D8%B1%D8%A7%D8%AA-%D8%A5%D8%B9%D9%84%D8%A7%D9%86%D9%8A%D9%87-%D8%A8%D9%85%D8%AE%D8%AA%D9%84%D9%81-%D8%A7%D9%86%D9%88%D8%A7%D8%B9%D9%87%D8%A7,4.5,29,35 دقيقة,40,0,$5.00,يوم واحد,25,4,60.0,.Omar H,https://khamsat.com/user/omar_naser56,True,بائع مميز,4.5,33,98.57%,3,43,13 دقيقة
تصميم,https://khamsat.com/designing,تصميم بنرات إعلانية,https://khamsat.com/designing/banners-design,تصميم بانرات إحترافية,https://khamsat.com/designing/banners-design/2067055-%D8%AA%D8%B5%D9%85%D9%8A%D9%85-%D8%A8%D8%A7%D9%86%D8%B1%D8%A7%D8%AA-%D8%A5%D8%AD%D8%AA%D8%B1%D8%A7%D9%81%D9%8A%D8%A9,5.0,14,أقل من دقيقة,17,0,$25.00,يوم واحد,14,2,25.0,سفيان ب.,https://khamsat.com/user/belhadj_soufiane,True,بائع مميز,5.0,71,95.49%,5,79,ساعة
تصميم,https://khamsat.com/designing,تصميم بنرات إعلانية,https://khamsat.com/designing/banners-design,تصميم بنرات جذابة لمتجرك على سلة أو زد,https://khamsat.com/designing/banners-design/2778210-%D8%AA%D8%B5%D9%85%D9%8A%D9%85-%D8%A8%D9%86%D8%B1%D8%A7%D8%AA-%D8%AC%D8%B0%D8%A7%D8%A8%D8%A9-%D9%84%D9%85%D8%AA%D8%AC%D8%B1%D9%83-%D8%B9%D9%84%D9%89-%D8%B3%D9%84%D8%A9-%D8%A3%D9%88-%D8%B2%D8%AF,5.0,16,15 دقيقة,18,0,$10.00,يوم واحد,16,4,60.0,مصطفى ب.,https://khamsat.com/user/mostafa.benchabane,True,بائع مميز,5.0,112,97.09%,5,125,ساعة
تصميم,https://khamsat.com/designing,تصميم بنرات إعلانية,https://khamsat.com/designing/banners-design,تصميم بوسترات إحترافية تحقق لك غرضك الاعلاني,https://khamsat.com/designing/banners-design/934933-%D8%AA%D8%B5%D9%85%D9%8A%D9%85-%D8%A8%D9%88%D8%B3%D8%AA%D8%B1%D8%A7%D8%AA-%D8%A5%D8%AD%D8%AA%D8%B1%D8%A7%D9%81%D9%8A%D8%A9-%D8%AA%D8%AD%D9%82%D9%82-%D9%84%D9%83-%D8%BA%D8%B1%D8%B6%D9%83-%D8%A7%D9%84%D8%A7%D8%B9%D9%84%D8%A7%D9%86%D9%8A,5.0,189,41 دقيقة,254,0,$10.00,يوم واحد,25,4,35.0,بلال م.,https://khamsat.com/user/bilmed,True,بائع موثوق,5.0,429,94.46%,8,446,ساعتين
تصميم,https://khamsat.com/designing,تصميم بنرات إعلانية,https://khamsat.com/designing/banners-design,تصاميم طباعية وإعلانية,https://khamsat.com/designing/banners-design/394685-%D8%AA%D8%B5%D8%A7%D9%85%D9%8A%D9%85-%D8%B7%D8%A8%D8%A7%D8%B9%D9%8A%D8%A9-%D9%88%D8%A5%D8%B9%D9%84%D8%A7%D9%86%D9%8A%D8%A9,5.0,39,ساعة,61,2,$10.00,ثلاثة أيام,25,3,35.0,.Abdullah T,https://khamsat.com/user/ba9amat,True,بائع مميز,5.0,95,92.62%,10,118,17 ساعة
تصميم,https://khamsat.com/designing,تصميم بنرات إعلانية,https://khamsat.com/designing/banners-design,تصميم البنرات الاعلانية بكل المقاسات,https://khamsat.com/designing/banners-design/1240817-%D8%AA%D8%B5%D9%85%D9%8A%D9%85-%D8%A7%D9%84%D8%A8%D9%86%D8%B1%D8%A7%D8%AA-%D8%A7%D9%84%D8%A7%D8%B9%D9%84%D8%A7%D9%86%D9%8A%D8%A9-%D8%A8%D9%83%D9%84-%D8%A7%D9%84%D9%85%D9%82%D8%A7%D8%B3%D8%A7%D8%AA,5.0,203,41 دقيقة,291,0,$5.00,يوم واحد,25,3,70.0,ربا خ.,https://khamsat.com/user/ruba_khamis,True,بائع مميز,5.0,207,95.21%,2,292,ساعة
تصميم,https://khamsat.com/designing,تصميم بنرات إعلانية,https://khamsat.com/designing/banners-design,تصميم بانر احترافي لمتجر سلة أو زد salla banner,https://khamsat.com/designing/banners-design/2852400-%D8%AA%D8%B5%D9%85%D9%8A%D9%85-%D8%A8%D8%A7%D9%86%D8%B1-%D8%A7%D8%AD%D8%AA%D8%B1%D8%A7%D9%81%D9%8A-%D9%84%D9%85%D8%AA%D8%AC%D8%B1-%D8%B3%D9%84%D8%A9-%D8%A3%D9%88-%D8%B2%D8%AF-salla-banner,4.5,20,43 دقيقة,22,0,$5.00,يوم واحد,20,5,190.0,سلسبيل ز.,https://khamsat.com/user/salsabil_z,True,بائع نشيط,4.5,30,97.87%,5,31,ساعتين
تصميم,https://khamsat.com/designing,تصميم بنرات إعلانية,https://khamsat.com/designing/banners-design,تصميم بنرات إعلانية احترافية,https://khamsat.com/designing/banners-design/1969125-%D8%AA%D8%B5%D9%85%D9%8A%D9%85-%D8%A8%D9%86%D8%B1%D8%A7%D8%AA-%D8%A5%D8%B9%D9%84%D8%A7%D9%86%D9%8A%D8%A9-%D8%A7%D8%AD%D8%AA%D8%B1%D8%A7%D9%81%D9%8A%D8%A9,5.0,11,5 ساعات,15,0,$10.00,يومين,11,5,185.0,.Ahmad Q,https://khamsat.com/user/ahmedqatrawy,True,بائع مميز,4.5,142,95.15%,3,191,14 ساعة
تصميم,https://khamsat.com/designing,تصميم بنرات إعلانية,https://khamsat.com/designing/banners-design,تصميم بنرات وبوسترات إعلانية,https://khamsat.com/designing/banners-design/2706181-%D8%AA%D8%B5%D9%85%D9%8A%D9%85-%D8%A8%D9%86%D8%B1%D8%A7%D8%AA-%D9%88%D8%A8%D9%88%D8%B3%D8%AA%D8%B1%D8%A7%D8%AA-%D8%A5%D8%B9%D9%84%D8%A7%D9%86%D9%8A%D8%A9,5.0,8,11 دقيقة,16,0,$10.00,يومين,8,3,30.0,.Ahmed F,https://khamsat.com/user/ahmed_2628,True,بائع مميز,5.0,33,94.05%,3,45,7 ساعات
تصميم,https://khamsat.com/designing,تصميم بنرات إعلانية,https://khamsat.com/designing/banners-design,"تصميم (بنرات , اعلانات , بوسترات..) احترافية",https://khamsat.com/designing/banners-design/1075556-%D8%AA%D8%B5%D9%85%D9%8A%D9%85-%D8%A8%D9%86%D8%B1%D8%A7%D8%AA-%D8%A7%D8%B9%D9%84%D8%A7%D9%86%D8%A7%D8%AA-%D8%A8%D9%88%D8%B3%D8%AA%D8%B1%D8%A7%D8%AA.-%D8%A7%D8%AD%D8%AA%D8%B1%D8%A7%D9%81%D9%8A%D8%A9,4.5,128,ساعتين,168,0,$5.00,يومين,25,2,10.0,سعد أ.,https://khamsat.com/user/%D8%B3%D8%B9%D9%8A%D8%AF-%D8%A3%D8%B4%D8%B9%D9%88,True,بائع مميز,4.5,159,95.52%,3,195,3 ساعات
تصميم,https://khamsat.com/designing,تصميم بنرات إعلانية,https://khamsat.com/designing/banners-design,تصميم بنرات للسوشيال ميديا,https://khamsat.com/designing/banners-design/2032202-%D8%AA%D8%B5%D9%85%D9%8A%D9%85-%D8%A8%D9%86%D8%B1%D8%A7%D8%AA-%D9%84%D9%84%D8%B3%D9%88%D8%B4%D9%8A%D8%A7%D9%84-%D9%85%D9%8A%D8%AF%D9%8A%D8%A7,5.0,35,ساعتين,66,1,$5.00,يوم واحد,25,4,80.0,نبيل ج.,https://khamsat.com/user/nabeelgehad,True,بائع مميز,5.0,48,100.0%,5,78,ساعتين
تصميم,https://khamsat.com/designing,تصميم بنرات إعلانية,https://khamsat.com/designing/banners-design,تصميم صورة إعلانية مبهرة وجذابة وتحتوي على كل عناصر النجاح,https://khamsat.com/designing/banners-design/2139458-%D8%AA%D8%B5%D9%85%D9%8A%D9%85-%D8%B5%D9%88%D8%B1%D8%A9-%D8%A5%D8%B9%D9%84%D8%A7%D9%86%D9%8A%D8%A9-%D9%85%D8%A8%D9%87%D8%B1%D8%A9-%D9%88%D8%AC%D8%B0%D8%A7%D8%A8%D8%A9-%D9%88%D8%AA%D8%AD%D8%AA%D9%88%D9%8A-%D8%B9%D9%84%D9%89-%D9%83%D9%84-%D8%B9%D9%86%D8%A7%D8%B5%D8%B1-%D8%A7%D9%84%D9%86%D8%AC%D8%A7%D8%AD,5.0,19,6 ساعات,23,0,$40.00,أسبوع,19,4,175.0,.Fathi G,https://khamsat.com/user/vianto,True,بائع موثوق,4.5,224,98.01%,28,142,6 ساعات
تصميم,https://khamsat.com/designing,تصميم بنرات إعلانية,https://khamsat.com/designing/banners-design,تصميم اعلاني احترافي للمنتجات,https://khamsat.com/designing/banners-design/1748897-%D8%AA%D8%B5%D9%85%D9%8A%D9%85-%D8%A7%D8%B9%D9%84%D8%A7%D9%86%D9%8A-%D8%A7%D8%AD%D8%AA%D8%B1%D8%A7%D9%81%D9%8A-%D9%84%D9%84%D9%85%D9%86%D8%AA%D8%AC%D8%A7%D8%AA,5.0,16,18 دقيقة,27,0,$10.00,يوم واحد,16,3,15.0,.Hatem A,https://khamsat.com/user/hatem307,True,بائع مميز,5.0,32,96.74%,2,46,ساعة
تصميم,https://khamsat.com/designing,تصميم بنرات إعلانية,https://khamsat.com/designing/banners-design,تصميم بنرات مميزة Banners,https://khamsat.com/designing/banners-design/2972948-%D8%AA%D8%B5%D9%85%D9%8A%D9%85-%D8%A8%D9%86%D8%B1%D8%A7%D8%AA-%D9%85%D9%85%D9%8A%D8%B2%D8%A9-banners,5.0,6,4 ساعات,7,0,$5.00,يوم واحد,6,4,40.0,.Amany A,https://khamsat.com/user/amanyali_1,True,بائع نشيط,5.0,14,100.0%,5,14,3 ساعات
تصميم,https://khamsat.com/designing,تصميم بنرات إعلانية,https://khamsat.com/designing/banners-design,تصاميم canva pro احترافية لمنشورات انستغرام,https://khamsat.com/designing/banners-design/1867559-%D8%AA%D8%B5%D8%A7%D9%85%D9%8A%D9%85-canva-pro-%D8%A7%D8%AD%D8%AA%D8%B1%D8%A7%D9%81%D9%8A%D8%A9-%D9%84%D9%85%D9%86%D8%B4%D9%88%D8%B1%D8%A7%D8%AA-%D8%A7%D9%86%D8%B3%D8%AA%D8%BA%D8%B1%D8%A7%D9%85,5.0,12,3 ساعات,16,0,$5.00,يوم واحد,12,1,5.0,.Insaf H,https://khamsat.com/user/insaf13,True,بائع نشيط,5.0,15,97.5%,1,17,يومين
تصميم,https://khamsat.com/designing,تصميم بنرات إعلانية,https://khamsat.com/designing/banners-design,تصميم بنرات اعلانية للمواقع 3 بنرات,https://khamsat.com/designing/banners-design/1799777-%D8%AA%D8%B5%D9%85%D9%8A%D9%85-%D8%A8%D9%86%D8%B1%D8%A7%D8%AA-%D8%A7%D8%B9%D9%84%D8%A7%D9%86%D9%8A%D8%A9-%D9%84%D9%84%D9%85%D9%88%D8%A7%D9%82%D8%B9-3-%D8%A8%D9%86%D8%B1%D8%A7%D8%AA,4.5,77,8 ساعات,95,0,$5.00,يومين,25,2,60.0,تامر م.,https://khamsat.com/user/tamer2011_1,True,بائع مميز,4.5,136,97.58%,2,138,4 ساعات
تصميم,https://khamsat.com/designing,تصميم بنرات إعلانية,https://khamsat.com/designing/banners-design,تصميم بنرات وبوسترات إعلانية,https://khamsat.com/designing/banners-design/2642455-%D8%AA%D8%B5%D9%85%D9%8A%D9%85-%D8%A8%D9%86%D8%B1%D8%A7%D8%AA-%D9%88%D8%A8%D9%88%D8%B3%D8%AA%D8%B1%D8%A7%D8%AA-%D8%A5%D8%B9%D9%84%D8%A7%D9%86%D9%8A%D8%A9,5.0,1,لم يحسب,1,0,$10.00,يوم واحد,1,4,25.0,.Amer Z,https://khamsat.com/user/amerzantah,True,بائع مميز,5.0,40,98.0%,11,40,8 ساعات
تصميم,https://khamsat.com/designing,تصميم بنرات إعلانية,https://khamsat.com/designing/banners-design,إنشاء صور ولقطات شاشة احترافية لتطبيقك لنشره على المتاجر !!,https://khamsat.com/designing/banners-design/1523394-%D8%A5%D9%86%D8%B4%D8%A7%D8%A1-%D8%B5%D9%88%D8%B1-%D9%88%D9%84%D9%82%D8%B7%D8%A7%D8%AA-%D8%B4%D8%A7%D8%B4%D8%A9-%D8%A7%D8%AD%D8%AA%D8%B1%D8%A7%D9%81%D9%8A%D8%A9-%D9%84%D8%AA%D8%B7%D8%A8%D9%8A%D9%82%D9%83-%D9%84%D9%86%D8%B4%D8%B1%D9%87-%D8%B9%D9%84%D9%89-%D8%A7%D9%84%D9%85%D8%AA%D8%A7%D8%AC%D8%B1,5.0,1,لم يحسب,1,0,$5.00,يومين,1,3,30.0,.Ashour G,https://khamsat.com/user/ashour_gomaa,True,بائع جديد,5.0,4,100.0%,4,3,4 ساعات
تصميم,https://khamsat.com/designing,عبوات وأغلفة منتجات,https://khamsat.com/designing/packaging,تصميم التغليف والتعليب بكجينك أومبلاج,https://khamsat.com/designing/packaging/2026639-%D8%AA%D8%B5%D9%85%D9%8A%D9%85-%D8%A7%D9%84%D8%AA%D8%BA%D9%84%D9%8A%D9%81-%D9%88%D8%A7%D9%84%D8%AA%D8%B9%D9%84%D9%8A%D8%A8-%D8%A8%D9%83%D8%AC%D9%8A%D9%86%D9%83-%D8%A3%D9%88%D9%85%D8%A8%D9%84%D8%A7%D8%AC,4.5,51,ساعة,65,0,$25.00,يومين,25,5,130.0,حمزة م.,https://khamsat.com/user/memhamza,True,بائع مميز,4.5,62,89.62%,2,73,56 دقيقة
تصميم,https://khamsat.com/designing,عبوات وأغلفة منتجات,https://khamsat.com/designing/packaging,تصميم ستكرات المنتجات غلاف المنتجات تعبئة وتغليف احترافي,https://khamsat.com/designing/packaging/2616341-%D8%AA%D8%B5%D9%85%D9%8A%D9%85-%D8%B3%D8%AA%D9%83%D8%B1%D8%A7%D8%AA-%D8%A7%D9%84%D9%85%D9%86%D8%AA%D8%AC%D8%A7%D8%AA-%D8%BA%D9%84%D8%A7%D9%81-%D8%A7%D9%84%D9%85%D9%86%D8%AA%D8%AC%D8%A7%D8%AA-%D8%AA%D8%B9%D8%A8%D8%A6%D8%A9-%D9%88%D8%AA%D8%BA%D9%84%D9%8A%D9%81-%D8%A7%D8%AD%D8%AA%D8%B1%D8%A7%D9%81%D9%8A,5.0,4,23 دقيقة,5,0,$20.00,ثلاثة أيام,4,5,145.0,.Ghada S,https://khamsat.com/user/ghadashuhaibar4,True,بائع مميز,4.5,26,94.34%,8,35,ساعة
تصميم,https://khamsat.com/designing,عبوات وأغلفة منتجات,https://khamsat.com/designing/packaging,تصميم غلاف منتجات علبة ستيكر مغلفات تجارية,https://khamsat.com/designing/packaging/2750949-%D8%AA%D8%B5%D9%85%D9%8A%D9%85-%D8%BA%D9%84%D8%A7%D9%81-%D9%85%D9%86%D8%AA%D8%AC%D8%A7%D8%AA-%D8%B9%D9%84%D8%A8%D8%A9-%D8%B3%D8%AA%D9%8A%D9%83%D8%B1-%D9%85%D8%BA%D9%84%D9%81%D8%A7%D8%AA-%D8%AA%D8%AC%D8%A7%D8%B1%D9%8A%D8%A9,4.5,25,27 دقيقة,30,0,$5.00,ثلاثة أيام,25,4,50.0,.Laith S,https://khamsat.com/user/laith_shwaish,True,بائع مميز,4.5,26,92.98%,2,31,ساعتين
تصميم,https://khamsat.com/designing,عبوات وأغلفة منتجات,https://khamsat.com/designing/packaging,تصميم عبوات تغليف وشنط Packing لمنتجاتك بشكل مميز,https://khamsat.com/designing/packaging/2553166-%D8%AA%D8%B5%D9%85%D9%8A%D9%85-%D8%B9%D8%A8%D9%88%D8%A7%D8%AA-%D8%AA%D8%BA%D9%84%D9%8A%D9%81-%D9%88%D8%B4%D9%86%D8%B7-packing-%D9%84%D9%85%D9%86%D8%AA%D8%AC%D8%A7%D8%AA%D9%83-%D8%A8%D8%B4%D9%83%D9%84-%D9%85%D9%85%D9%8A%D8%B2,4.5,9,يومين,10,0,$15.00,ثلاثة أيام,9,5,110.0,.Haitham F,https://khamsat.com/user/elfirgany,True,بائع نشيط,5.0,15,97.44%,3,13,يوم
تصميم,https://khamsat.com/designing,عبوات وأغلفة منتجات,https://khamsat.com/designing/packaging,تصميم عبوات - علب - أكياس للمنتجات (Packaging Design),https://khamsat.com/designing/packaging/2937609-%D8%AA%D8%B5%D9%85%D9%8A%D9%85-%D8%B9%D8%A8%D9%88%D8%A7%D8%AA-%D8%B9%D9%84%D8%A8-%D8%A3%D9%83%D9%8A%D8%A7%D8%B3-%D9%84%D9%84%D9%85%D9%86%D8%AA%D8%AC%D8%A7%D8%AA-packaging-design,5.0,2,22 ساعة,2,0,$50.00,يومين,2,5,650.0,.Ahmad A,https://khamsat.com/user/ahmad-aljaber,True,بائع موثوق,5.0,363,81.52%,8,477,10 ساعات
تصميم,https://khamsat.com/designing,عبوات وأغلفة منتجات,https://khamsat.com/designing/packaging,تصميم عبوات تغليف و ملصقات و أكياس للمنتجات احترافية,https://khamsat.com/designing/packaging/2961141-%D8%AA%D8%B5%D9%85%D9%8A%D9%85-%D8%B9%D8%A8%D9%88%D8%A7%D8%AA-%D8%AA%D8%BA%D9%84%D9%8A%D9%81-%D9%88-%D9%85%D9%84%D8%B5%D9%82%D8%A7%D8%AA-%D9%88-%D8%A3%D9%83%D9%8A%D8%A7%D8%B3-%D9%84%D9%84%D9%85%D9%86%D8%AA%D8%AC%D8%A7%D8%AA-%D8%A7%D8%AD%D8%AA%D8%B1%D8%A7%D9%81%D9%8A%D8%A9,5.0,9,3 ساعات,8,0,$5.00,يومين,9,5,65.0,.Mohammad I,https://khamsat.com/user/mhmd_ibrahim24,True,بائع نشيط,5.0,9,70.0%,2,8,3 ساعات
تصميم,https://khamsat.com/designing,عبوات وأغلفة منتجات,https://khamsat.com/designing/packaging,تصميم أكواب ورقية بطريقة جذابة وفخمة,https://khamsat.com/designing/packaging/3018202-%D8%AA%D8%B5%D9%85%D9%8A%D9%85-%D8%A3%D9%83%D9%88%D8%A7%D8%A8-%D9%88%D8%B1%D9%82%D9%8A%D8%A9-%D8%A8%D8%B7%D8%B1%D9%8A%D9%82%D8%A9-%D8%AC%D8%B0%D8%A7%D8%A8%D8%A9-%D9%88%D9%81%D8%AE%D9%85%D8%A9,5.0,1,22 دقيقة,2,0,$10.00,يوم واحد,1,3,90.0,رمزي ص.,https://khamsat.com/user/ramzisadeki,True,بائع جديد,5.0,3,100.0%,4,3,20 دقيقة
تصميم,https://khamsat.com/designing,عبوات وأغلفة منتجات,https://khamsat.com/designing/packaging,تصميم ستيكر احترافي للمنتجات,https://khamsat.com/designing/packaging/1918387-%D8%AA%D8%B5%D9%85%D9%8A%D9%85-%D8%B3%D8%AA%D9%8A%D9%83%D8%B1-%D8%A7%D8%AD%D8%AA%D8%B1%D8%A7%D9%81%D9%8A-%D9%84%D9%84%D9%85%D9%86%D8%AA%D8%AC%D8%A7%D8%AA,5.0,5,27 دقيقة,6,0,$20.00,ثلاثة أيام,5,3,75.0,.Doaa A,https://khamsat.com/user/doaa_ashour,True,بائع نشيط,5.0,6,100.0%,4,6,55 دقيقة
تصميم,https://khamsat.com/designing,عبوات وأغلفة منتجات,https://khamsat.com/designing/packaging,تصميم جذاب وملفت لمنتجات التعبئة والتغليف,https://khamsat.com/designing/packaging/1574971-%D8%AA%D8%B5%D9%85%D9%8A%D9%85-%D8%AC%D8%B0%D8%A7%D8%A8-%D9%88%D9%85%D9%84%D9%81%D8%AA-%D9%84%D9%85%D9%86%D8%AA%D8%AC%D8%A7%D8%AA-%D8%A7%D9%84%D8%AA%D8%B9%D8%A8%D8%A6%D8%A9-%D9%88%D8%A7%D9%84%D8%AA%D8%BA%D9%84%D9%8A%D9%81,5.0,54,6 ساعات,85,0,$15.00,يومين,25,3,30.0,.Zineb C,https://khamsat.com/user/charzineb,True,بائع مميز,5.0,75,93.25%,2,103,6 ساعات
تصميم,https://khamsat.com/designing,عبوات وأغلفة منتجات,https://khamsat.com/designing/packaging,سأنشئ تصميمًا لعلبة تغليف لمنتجك ولمنتجك,https://khamsat.com/designing/packaging/1922359-%D8%B3%D8%A3%D9%86%D8%B4%D8%A6-%D8%AA%D8%B5%D9%85%D9%8A%D9%85%D8%A7-%D9%84%D8%B9%D9%84%D8%A8%D8%A9-%D8%AA%D8%BA%D9%84%D9%8A%D9%81-%D9%84%D9%85%D9%86%D8%AA%D8%AC%D9%83-%D9%88%D9%84%D9%85%D9%86%D8%AA%D8%AC%D9%83,5.0,10,ساعة,16,0,$50.00,ثلاثة أيام,10,4,170.0,محمد ا.,https://khamsat.com/user/mohamed123almdhoon,True,بائع مميز,5.0,20,97.47%,3,29,ساعة
تصميم,https://khamsat.com/designing,عبوات وأغلفة منتجات,https://khamsat.com/designing/packaging,تصميم وتغليف العلب packaging design,https://khamsat.com/designing/packaging/2277582-%D8%AA%D8%B5%D9%85%D9%8A%D9%85-%D9%88%D8%AA%D8%BA%D9%84%D9%8A%D9%81-%D8%A7%D9%84%D8%B9%D9%84%D8%A8-packaging-design,4.5,28,ساعة,39,0,$5.00,ثلاثة أيام,25,5,40.0,.Nada Y,https://khamsat.com/user/nada_yosry,True,بائع مميز,4.5,49,91.09%,4,56,ساعتين
تصميم,https://khamsat.com/designing,عبوات وأغلفة منتجات,https://khamsat.com/designing/packaging,تصميم التغليف للعلب والمنتجات يدوم فالذاكرة pacgaging,https://khamsat.com/designing/packaging/2907035-%D8%AA%D8%B5%D9%85%D9%8A%D9%85-%D8%A7%D9%84%D8%AA%D8%BA%D9%84%D9%8A%D9%81-%D9%84%D9%84%D8%B9%D9%84%D8%A8-%D9%88%D8%A7%D9%84%D9%85%D9%86%D8%AA%D8%AC%D8%A7%D8%AA-%D9%8A%D8%AF%D9%88%D9%85-%D9%81%D8%A7%D9%84%D8%B0%D8%A7%D9%83%D8%B1%D8%A9-pacgaging,5.0,1,3 ساعات,1,0,$20.00,ثلاثة أيام,1,3,60.0,السيد ا.,https://khamsat.com/user/sayedadel29,True,بائع نشيط,5.0,12,100.0%,4,15,3 ساعات
تصميم,https://khamsat.com/designing,عبوات وأغلفة منتجات,https://khamsat.com/designing/packaging,تصميم ملصق التغليف ، ملصق الجرة ، ملصق الزجاجة,https://khamsat.com/designing/packaging/2069460-%D8%AA%D8%B5%D9%85%D9%8A%D9%85-%D9%85%D9%84%D8%B5%D9%82-%D8%A7%D9%84%D8%AA%D8%BA%D9%84%D9%8A%D9%81-%D9%85%D9%84%D8%B5%D9%82-%D8%A7%D9%84%D8%AC%D8%B1%D8%A9-%D9%85%D9%84%D8%B5%D9%82-%D8%A7%D9%84%D8%B2%D8%AC%D8%A7%D8%AC%D8%A9,5.0,7,ساعة,8,0,$5.00,يومين,7,2,20.0,.Oussama B,https://khamsat.com/user/oussamabarr,True,بائع نشيط,5.0,16,75.41%,6,16,ساعتين
تصميم,https://khamsat.com/designing,عبوات وأغلفة منتجات,https://khamsat.com/designing/packaging,تصميم أغلفة وملصقات المنتجات والعبوات,https://khamsat.com/designing/packaging/2984258-%D8%AA%D8%B5%D9%85%D9%8A%D9%85-%D8%A3%D8%BA%D9%84%D9%81%D8%A9-%D9%88%D9%85%D9%84%D8%B5%D9%82%D8%A7%D8%AA-%D8%A7%D9%84%D9%85%D9%86%D8%AA%D8%AC%D8%A7%D8%AA-%D9%88%D8%A7%D9%84%D8%B9%D8%A8%D9%88%D8%A7%D8%AA,5.0,3,3 ساعات,4,0,$15.00,ثلاثة أيام,3,3,55.0,.Avin H,https://khamsat.com/user/avin_habash4,True,بائع نشيط,5.0,11,92.5%,5,13,5 ساعات
تصميم,https://khamsat.com/designing,عبوات وأغلفة منتجات,https://khamsat.com/designing/packaging,تصميم عبوات وملصقات منتجات مميزة وجذابة,https://khamsat.com/designing/packaging/2899305-%D8%AA%D8%B5%D9%85%D9%8A%D9%85-%D8%B9%D8%A8%D9%88%D8%A7%D8%AA-%D9%88%D9%85%D9%84%D8%B5%D9%82%D8%A7%D8%AA-%D9%85%D9%86%D8%AA%D8%AC%D8%A7%D8%AA-%D9%85%D9%85%D9%8A%D8%B2%D8%A9-%D9%88%D8%AC%D8%B0%D8%A7%D8%A8%D8%A9,4.5,25,ساعة,41,1,$10.00,يوم واحد,25,3,55.0,.Khadija R,https://khamsat.com/user/khadijadesign,True,بائع مميز,4.5,31,95.95%,6,46,ساعتين
تصميم,https://khamsat.com/designing,عبوات وأغلفة منتجات,https://khamsat.com/designing/packaging,تصميم بوكس تغليف للمنتجات 3d packaging,https://khamsat.com/designing/packaging/2867278-%D8%AA%D8%B5%D9%85%D9%8A%D9%85-%D8%A8%D9%88%D9%83%D8%B3-%D8%AA%D8%BA%D9%84%D9%8A%D9%81-%D9%84%D9%84%D9%85%D9%86%D8%AA%D8%AC%D8%A7%D8%AA-3d-packaging,5.0,11,28 دقيقة,13,1,$10.00,خمسة أيام,11,5,180.0,.Osama A,https://khamsat.com/user/osama_amirr,True,بائع نشيط,5.0,18,94.59%,6,21,30 دقيقة
تصميم,https://khamsat.com/designing,عبوات وأغلفة منتجات,https://khamsat.com/designing/packaging,تصميم منتجات تعبئة وتغليف علب ملصقات بشكل احترافي,https://khamsat.com/designing/packaging/2302553-%D8%AA%D8%B5%D9%85%D9%8A%D9%85-%D9%85%D9%86%D8%AA%D8%AC%D8%A7%D8%AA-%D8%AA%D8%B9%D8%A8%D8%A6%D8%A9-%D9%88%D8%AA%D8%BA%D9%84%D9%8A%D9%81-%D8%B9%D9%84%D8%A8-%D9%85%D9%84%D8%B5%D9%82%D8%A7%D8%AA-%D8%A8%D8%B4%D9%83%D9%84-%D8%A7%D8%AD%D8%AA%D8%B1%D8%A7%D9%81%D9%8A,5.0,2,ساعتين,3,0,$15.00,ثلاثة أيام,2,5,340.0,محمد ش.,https://khamsat.com/user/sharkk88,True,بائع مميز,5.0,36,96.83%,9,37,ساعة
تصميم,https://khamsat.com/designing,عبوات وأغلفة منتجات,https://khamsat.com/designing/packaging,ملصقات تجارية لمنتجك ستيكر,https://khamsat.com/designing/packaging/1728675-%D9%85%D9%84%D8%B5%D9%82%D8%A7%D8%AA-%D8%AA%D8%AC%D8%A7%D8%B1%D9%8A%D8%A9-%D9%84%D9%85%D9%86%D8%AA%D8%AC%D9%83-%D8%B3%D8%AA%D9%8A%D9%83%D8%B1,5.0,6,52 دقيقة,6,0,$10.00,يومين,6,5,40.0,محمد أ.,https://khamsat.com/user/dmohamed_ahmed,True,بائع نشيط,5.0,25,79.55%,4,28,يومين
تصميم,https://khamsat.com/designing,عبوات وأغلفة منتجات,https://khamsat.com/designing/packaging,تصميم اكياس بلاستيك او ورقية,https://khamsat.com/designing/packaging/1047724-%D8%AA%D8%B5%D9%85%D9%8A%D9%85-%D8%A7%D9%83%D9%8A%D8%A7%D8%B3-%D8%A8%D9%84%D8%A7%D8%B3%D8%AA%D9%8A%D9%83-%D8%A7%D9%88-%D9%88%D8%B1%D9%82%D9%8A%D8%A9,4.5,19,ساعتين,26,0,$15.00,يومين,19,1,5.0,.Mohamed A,https://khamsat.com/user/mido-elter,True,بائع مميز,4.5,56,82.76%,6,73,11 ساعة
تصميم,https://khamsat.com/designing,عبوات وأغلفة منتجات,https://khamsat.com/designing/packaging,تصميم غلاف بكج او علبة منتج للطباعة,https://khamsat.com/designing/packaging/2611903-%D8%AA%D8%B5%D9%85%D9%8A%D9%85-%D8%BA%D9%84%D8%A7%D9%81-%D8%A8%D9%83%D8%AC-%D8%A7%D9%88-%D8%B9%D9%84%D8%A8%D8%A9-%D9%85%D9%86%D8%AA%D8%AC-%D9%84%D9%84%D8%B7%D8%A8%D8%A7%D8%B9%D8%A9,5.0,32,4 ساعات,34,1,$25.00,يومين,25,5,145.0,عبد النور ب.,https://khamsat.com/user/abdennour_bkhlf,True,بائع مميز,5.0,39,83.33%,3,37,8 ساعات
تصميم,https://khamsat.com/designing,عبوات وأغلفة منتجات,https://khamsat.com/designing/packaging,تصميم أغلفة علب packaging design,https://khamsat.com/designing/packaging/2908403-%D8%AA%D8%B5%D9%85%D9%8A%D9%85-%D8%A3%D8%BA%D9%84%D9%81%D8%A9-%D8%B9%D9%84%D8%A8-packaging-design,4.5,4,10 ساعات,4,0,$10.00,أسبوع,4,5,45.0,.Youmna K,https://khamsat.com/user/youmna_l,True,بائع جديد,4.5,6,88.89%,3,6,يوم
تصميم,https://khamsat.com/designing,عبوات وأغلفة منتجات,https://khamsat.com/designing/packaging,تصميم أغلفة packaging design,https://khamsat.com/designing/packaging/2117764-%D8%AA%D8%B5%D9%85%D9%8A%D9%85-%D8%A3%D8%BA%D9%84%D9%81%D8%A9-packaging-design,5.0,11,ساعتين,16,1,$5.00,يومين,11,4,35.0,.Fatima A,https://khamsat.com/user/fatima_7je,True,بائع نشيط,5.0,20,94.23%,3,20,5 ساعات
تصميم,https://khamsat.com/designing,عبوات وأغلفة منتجات,https://khamsat.com/designing/packaging,تصميم استكرات بكج ، علبة ، مغلفات تجارية احترافية,https://khamsat.com/designing/packaging/2676029-%D8%AA%D8%B5%D9%85%D9%8A%D9%85-%D8%A7%D8%B3%D8%AA%D9%83%D8%B1%D8%A7%D8%AA-%D8%A8%D9%83%D8%AC-%D8%B9%D9%84%D8%A8%D8%A9-%D9%85%D8%BA%D9%84%D9%81%D8%A7%D8%AA-%D8%AA%D8%AC%D8%A7%D8%B1%D9%8A%D8%A9-%D8%A7%D8%AD%D8%AA%D8%B1%D8%A7%D9%81%D9%8A%D8%A9,5.0,3,12 دقيقة,3,0,$25.00,يومين,3,5,145.0,عبد النور ب.,https://khamsat.com/user/abdennour_bkhlf,True,بائع مميز,5.0,39,83.33%,3,37,8 ساعات
تصميم,https://khamsat.com/designing,عبوات وأغلفة منتجات,https://khamsat.com/designing/packaging,تصميم منتج واقعي ثلاثي الابعاد 3D,https://khamsat.com/designing/packaging/2740934-%D8%AA%D8%B5%D9%85%D9%8A%D9%85-%D9%85%D9%86%D8%AA%D8%AC-%D9%88%D8%A7%D9%82%D8%B9%D9%8A-%D8%AB%D9%84%D8%A7%D8%AB%D9%8A-%D8%A7%D9%84%D8%A7%D8%A8%D8%B9%D8%A7%D8%AF-3d,5.0,4,10 دقائق,4,0,$10.00,يومين,4,4,170.0,سيف و.,https://khamsat.com/user/seaf_waleed,True,بائع جديد,5.0,4,75.0%,5,4,10 دقائق
تصميم,https://khamsat.com/designing,عبوات وأغلفة منتجات,https://khamsat.com/designing/packaging,تصميم كيس وباكيت النايلون بطريقة إحترافية,https://khamsat.com/designing/packaging/2076126-%D8%AA%D8%B5%D9%85%D9%8A%D9%85-%D9%83%D9%8A%D8%B3-%D9%88%D8%A8%D8%A7%D9%83%D9%8A%D8%AA-%D8%A7%D9%84%D9%86%D8%A7%D9%8A%D9%84%D9%88%D9%86-%D8%A8%D8%B7%D8%B1%D9%8A%D9%82%D8%A9-%D8%A5%D8%AD%D8%AA%D8%B1%D8%A7%D9%81%D9%8A%D8%A9,5.0,9,34 دقيقة,12,0,$10.00,يومين,9,4,50.0,.Mohammed A,https://khamsat.com/user/mohammedmadhoun,True,بائع مميز,4.5,59,92.11%,8,66,ساعة
تصميم,https://khamsat.com/designing,عبوات وأغلفة منتجات,https://khamsat.com/designing/packaging,تصميم أكياس خبز - تصميم كيس خبز شفاف .,https://khamsat.com/designing/packaging/2190960-%D8%AA%D8%B5%D9%85%D9%8A%D9%85-%D8%A3%D9%83%D9%8A%D8%A7%D8%B3-%D8%AE%D8%A8%D8%B2-%D8%AA%D8%B5%D9%85%D9%8A%D9%85-%D9%83%D9%8A%D8%B3-%D8%AE%D8%A8%D8%B2-%D8%B4%D9%81%D8%A7%D9%81-,5.0,2,12 دقيقة,2,0,$10.00,يومين,2,5,70.0,عمر ه.,https://khamsat.com/user/%D8%B9%D9%85%D8%B1-%D9%87%D9%84%D8%A7%D9%841993,True,بائع جديد,4.5,6,85.71%,3,6,8 دقائق
تصميم,https://khamsat.com/designing,عبوات وأغلفة منتجات,https://khamsat.com/designing/packaging,تصميم تعبئه و تغليف ملصقات label,https://khamsat.com/designing/packaging/3026933-%D8%AA%D8%B5%D9%85%D9%8A%D9%85-%D8%AA%D8%B9%D8%A8%D8%A6%D9%87-%D9%88-%D8%AA%D8%BA%D9%84%D9%8A%D9%81-%D9%85%D9%84%D8%B5%D9%82%D8%A7%D8%AA-label,5.0,1,يوم,1,0,$5.00,يومين,1,2,20.0,.Eslam A,https://khamsat.com/user/eslam_ateff,True,بائع جديد,5.0,1,100.0%,3,1,يوم
تصميم,https://khamsat.com/designing,عبوات وأغلفة منتجات,https://khamsat.com/designing/packaging,تصميم استكر منتجات بأشكال وأحجام مختلفه,https://khamsat.com/designing/packaging/1635452-%D8%AA%D8%B5%D9%85%D9%8A%D9%85-%D8%A7%D8%B3%D8%AA%D9%83%D8%B1-%D9%85%D9%86%D8%AA%D8%AC%D8%A7%D8%AA-%D8%A8%D8%A3%D8%B4%D9%83%D8%A7%D9%84-%D9%88%D8%A3%D8%AD%D8%AC%D8%A7%D9%85-%D9%85%D8%AE%D8%AA%D9%84%D9%81%D9%87,4.5,6,ساعة,6,0,$10.00,يومين,6,1,15.0,اسامه ر.,https://khamsat.com/user/osamaalmsdahe,True,بائع مميز,4.5,73,85.89%,3,78,6 ساعات
تصميم,https://khamsat.com/designing,عبوات وأغلفة منتجات,https://khamsat.com/designing/packaging,تصميم علب كرتون هدايا وفشار اعياد ميلاد,https://khamsat.com/designing/packaging/2418123-%D8%AA%D8%B5%D9%85%D9%8A%D9%85-%D8%B9%D9%84%D8%A8-%D9%83%D8%B1%D8%AA%D9%88%D9%86-%D9%87%D8%AF%D8%A7%D9%8A%D8%A7-%D9%88%D9%81%D8%B4%D8%A7%D8%B1-%D8%A7%D8%B9%D9%8A%D8%A7%D8%AF-%D9%85%D9%8A%D9%84%D8%A7%D8%AF,5.0,3,ساعة,4,0,$5.00,يوم واحد,3,2,10.0,.Nada M,https://khamsat.com/user/nada_mohamed_h,True,بائع جديد,5.0,3,100.0%,4,4,ساعة
تصميم,https://khamsat.com/designing,عبوات وأغلفة منتجات,https://khamsat.com/designing/packaging,تصميم ليبل أو ملصق أو غلاف عبوة لمنتجاتك,https://khamsat.com/designing/packaging/1969765-%D8%AA%D8%B5%D9%85%D9%8A%D9%85-%D9%84%D9%8A%D8%A8%D9%84-%D8%A3%D9%88-%D9%85%D9%84%D8%B5%D9%82-%D8%A3%D9%88-%D8%BA%D9%84%D8%A7%D9%81-%D8%B9%D8%A8%D9%88%D8%A9-%D9%84%D9%85%D9%86%D8%AA%D8%AC%D8%A7%D8%AA%D9%83,5.0,2,18 دقيقة,2,0,$25.00,يوم واحد,2,2,65.0,.Cyril K,https://khamsat.com/user/cyril,True,بائع مميز,4.5,67,94.77%,11,70,28 دقيقة
تصميم,https://khamsat.com/designing,تصميم سيرة ذاتية,https://khamsat.com/designing/resume-design,تصميم سيرة ذاتية لغتين Ar أو En انفوجرافيك مميزة بجودة عالية,https://khamsat.com/designing/resume-design/2580390-%D8%AA%D8%B5%D9%85%D9%8A%D9%85-%D8%B3%D9%8A%D8%B1%D8%A9-%D8%B0%D8%A7%D8%AA%D9%8A%D8%A9-%D9%84%D8%BA%D8%AA%D9%8A%D9%86-ar-%D8%A3%D9%88-en-%D8%A7%D9%86%D9%81%D9%88%D8%AC%D8%B1%D8%A7%D9%81%D9%8A%D9%83-%D9%85%D9%85%D9%8A%D8%B2%D8%A9-%D8%A8%D8%AC%D9%88%D8%AF%D8%A9-%D8%B9%D8%A7%D9%84%D9%8A%D8%A9,5.0,28,ساعة,38,0,$10.00,يوم واحد,25,5,80.0,.Mahmoud M,https://khamsat.com/user/ma7moud-fekry,True,بائع مميز,4.5,78,93.75%,7,96,ساعة
تصميم,https://khamsat.com/designing,تصميم سيرة ذاتية,https://khamsat.com/designing/resume-design,تصميم سيرة ذاتية CV بإبداع ودقة,https://khamsat.com/designing/resume-design/286867-%D8%AA%D8%B5%D9%85%D9%8A%D9%85-%D8%B3%D9%8A%D8%B1%D8%A9-%D8%B0%D8%A7%D8%AA%D9%8A%D8%A9-cv-%D8%A8%D8%A5%D8%A8%D8%AF%D8%A7%D8%B9-%D9%88%D8%AF%D9%82%D8%A9,4.5,146,7 ساعات,235,0,$10.00,يوم واحد,25,5,115.0,.Bassem H,https://khamsat.com/user/goldeneagles_team,True,بائع مميز,4.5,199,91.46%,4,291,6 ساعات
تصميم,https://khamsat.com/designing,تصميم سيرة ذاتية,https://khamsat.com/designing/resume-design,تصميم السيرة الذاتية CV بأحدث نظام الـATS والطريقة الكندية,https://khamsat.com/designing/resume-design/2989782-%D8%AA%D8%B5%D9%85%D9%8A%D9%85-%D8%A7%D9%84%D8%B3%D9%8A%D8%B1%D8%A9-%D8%A7%D9%84%D8%B0%D8%A7%D8%AA%D9%8A%D8%A9-cv-%D8%A8%D8%A3%D8%AD%D8%AF%D8%AB-%D9%86%D8%B8%D8%A7%D9%85-%D8%A7%D9%84%D9%80ats-%D9%88%D8%A7%D9%84%D8%B7%D8%B1%D9%8A%D9%82%D8%A9-%D8%A7%D9%84%D9%83%D9%86%D8%AF%D9%8A%D8%A9,5.0,9,ساعتين,9,0,$15.00,يوم واحد,9,2,15.0,.Bishoy F,https://khamsat.com/user/bishoyfarag,True,بائع نشيط,5.0,19,96.43%,2,18,ساعة
تصميم,https://khamsat.com/designing,تصميم سيرة ذاتية,https://khamsat.com/designing/resume-design,تصميم سيرة ذاتية,https://khamsat.com/designing/resume-design/2369197-%D8%AA%D8%B5%D9%85%D9%8A%D9%85-%D8%B3%D9%8A%D8%B1%D8%A9-%D8%B0%D8%A7%D8%AA%D9%8A%D8%A9,4.5,17,ساعة,18,0,$15.00,يومين,17,4,35.0,.Amer Z,https://khamsat.com/user/amerzantah,True,بائع مميز,5.0,40,98.0%,11,40,8 ساعات
تصميم,https://khamsat.com/designing,تصميم سيرة ذاتية,https://khamsat.com/designing/resume-design,تصميم سيرة ذاتية CV مميّز بإحترافية عربية - إنجليزية,https://khamsat.com/designing/resume-design/2790443-%D8%AA%D8%B5%D9%85%D9%8A%D9%85-%D8%B3%D9%8A%D8%B1%D8%A9-%D8%B0%D8%A7%D8%AA%D9%8A%D8%A9-cv-%D9%85%D9%85%D9%8A%D8%B2-%D8%A8%D8%A5%D8%AD%D8%AA%D8%B1%D8%A7%D9%81%D9%8A%D8%A9-%D8%B9%D8%B1%D8%A8%D9%8A%D8%A9-%D8%A5%D9%86%D8%AC%D9%84%D9%8A%D8%B2%D9%8A%D8%A9,5.0,9,3 دقائق,12,0,$15.00,يوم واحد,9,4,50.0,.Heba A,https://khamsat.com/user/heba_elganzory,True,بائع مميز,5.0,123,90.91%,12,117,ساعتين
تصميم,https://khamsat.com/designing,تصميم سيرة ذاتية,https://khamsat.com/designing/resume-design,كتابة وتصميم سيرة ذاتية حديثة متوافقة مع نظام ATS,https://khamsat.com/designing/resume-design/2250269-%D9%83%D8%AA%D8%A7%D8%A8%D8%A9-%D9%88%D8%AA%D8%B5%D9%85%D9%8A%D9%85-%D8%B3%D9%8A%D8%B1%D8%A9-%D8%B0%D8%A7%D8%AA%D9%8A%D8%A9-%D8%AD%D8%AF%D9%8A%D8%AB%D8%A9-%D9%85%D8%AA%D9%88%D8%A7%D9%81%D9%82%D8%A9-%D9%85%D8%B9-%D9%86%D8%B8%D8%A7%D9%85-ats,4.5,55,دقيقتين,77,0,$25.00,ثلاثة أيام,25,3,30.0,صلاح الدين ب.,https://khamsat.com/user/barbarian-swileh,True,بائع مميز,4.5,58,96.15%,6,80,6 ساعات
تصميم,https://khamsat.com/designing,تصميم سيرة ذاتية,https://khamsat.com/designing/resume-design,تصميم السيرة الذاتية CV باحترافية,https://khamsat.com/designing/resume-design/2299572-%D8%AA%D8%B5%D9%85%D9%8A%D9%85-%D8%A7%D9%84%D8%B3%D9%8A%D8%B1%D8%A9-%D8%A7%D9%84%D8%B0%D8%A7%D8%AA%D9%8A%D8%A9-cv-%D8%A8%D8%A7%D8%AD%D8%AA%D8%B1%D8%A7%D9%81%D9%8A%D8%A9,5.0,54,20 ساعة,59,0,$20.00,يومين,25,5,65.0,.Mohamed S,https://khamsat.com/user/mselim1914,True,بائع مميز,5.0,64,100.0%,8,65,3 ساعات
تصميم,https://khamsat.com/designing,تصميم سيرة ذاتية,https://khamsat.com/designing/resume-design,تصميم سيرة ذاتية باللغتين بطريقة احترافية,https://khamsat.com/designing/resume-design/1742772-%D8%AA%D8%B5%D9%85%D9%8A%D9%85-%D8%B3%D9%8A%D8%B1%D8%A9-%D8%B0%D8%A7%D8%AA%D9%8A%D8%A9-%D8%A8%D8%A7%D9%84%D9%84%D8%BA%D8%AA%D9%8A%D9%86-%D8%A8%D8%B7%D8%B1%D9%8A%D9%82%D8%A9-%D8%A7%D8%AD%D8%AA%D8%B1%D8%A7%D9%81%D9%8A%D8%A9,4.5,154,ساعتين,222,0,$10.00,يوم واحد,25,5,40.0,محمد براء أ.,https://khamsat.com/user/%D8%A8%D8%B1%D8%A7%D8%A1-%D8%A3%D8%A8%D9%88%D8%A8%D9%83%D8%B1,True,بائع مميز,4.5,182,94.25%,14,248,ساعة
تصميم,https://khamsat.com/designing,تصميم سيرة ذاتية,https://khamsat.com/designing/resume-design,تصميم سيرة ذاتية إحترافية,https://khamsat.com/designing/resume-design/2162024-%D8%AA%D8%B5%D9%85%D9%8A%D9%85-%D8%B3%D9%8A%D8%B1%D8%A9-%D8%B0%D8%A7%D8%AA%D9%8A%D8%A9-%D8%A5%D8%AD%D8%AA%D8%B1%D8%A7%D9%81%D9%8A%D8%A9,5.0,32,دقيقة,39,0,$15.00,يوم واحد,25,2,15.0,.Mohamed B,https://khamsat.com/user/mohamed_hany_badr,True,بائع مميز,5.0,76,100.0%,9,83,3 ساعات
تصميم,https://khamsat.com/designing,تصميم سيرة ذاتية,https://khamsat.com/designing/resume-design,تصميم سيرة ذاتية احترافية,https://khamsat.com/designing/resume-design/1574142-%D8%AA%D8%B5%D9%85%D9%8A%D9%85-%D8%B3%D9%8A%D8%B1%D8%A9-%D8%B0%D8%A7%D8%AA%D9%8A%D8%A9-%D8%A7%D8%AD%D8%AA%D8%B1%D8%A7%D9%81%D9%8A%D8%A9,4.5,106,ساعة,158,0,$5.00,يومين,25,5,60.0,.Muhammet B,https://khamsat.com/user/mbaz993,True,بائع مميز,4.5,117,97.1%,8,169,6 ساعات
تصميم,https://khamsat.com/designing,تصميم سيرة ذاتية,https://khamsat.com/designing/resume-design,استلم سيرة ذاتية انفوجرافيك,https://khamsat.com/designing/resume-design/1036829-%D8%A7%D8%B3%D8%AA%D9%84%D9%85-%D8%B3%D9%8A%D8%B1%D8%A9-%D8%B0%D8%A7%D8%AA%D9%8A%D8%A9-%D8%A7%D9%86%D9%81%D9%88%D8%AC%D8%B1%D8%A7%D9%81%D9%8A%D9%83,4.5,213,26 دقيقة,300,0,$10.00,يوم واحد,25,3,40.0,.Hussein A,https://khamsat.com/user/hussein-assem,True,بائع مميز,4.5,355,94.34%,2,449,36 دقيقة
تصميم,https://khamsat.com/designing,تصميم سيرة ذاتية,https://khamsat.com/designing/resume-design,تصميم سيرة ذاتية CV احترافي,https://khamsat.com/designing/resume-design/2826052-%D8%AA%D8%B5%D9%85%D9%8A%D9%85-%D8%B3%D9%8A%D8%B1%D8%A9-%D8%B0%D8%A7%D8%AA%D9%8A%D8%A9-cv-%D8%A7%D8%AD%D8%AA%D8%B1%D8%A7%D9%81%D9%8A,5.0,8,دقيقة,10,0,$10.00,يوم واحد,8,4,45.0,فائزة ز.,https://khamsat.com/user/fai_za,True,بائع مميز,4.5,87,96.0%,2,120,52 دقيقة
تصميم,https://khamsat.com/designing,تصميم سيرة ذاتية,https://khamsat.com/designing/resume-design,تصميم سيرة ذاتية Profession CV مع خطاب تقديمي Cover Letter,https://khamsat.com/designing/resume-design/1406529-%D8%AA%D8%B5%D9%85%D9%8A%D9%85-%D8%B3%D9%8A%D8%B1%D8%A9-%D8%B0%D8%A7%D8%AA%D9%8A%D8%A9-profession-cv-%D9%85%D8%B9-%D8%AE%D8%B7%D8%A7%D8%A8-%D8%AA%D9%82%D8%AF%D9%8A%D9%85%D9%8A-cover-letter,4.5,25,3 ساعات,36,0,$5.00,يومين,25,4,25.0,.Mahmoud G,https://khamsat.com/user/mahmoudgamaleg,True,بائع مميز,4.5,30,87.06%,7,40,15 ساعة
تصميم,https://khamsat.com/designing,تصميم سيرة ذاتية,https://khamsat.com/designing/resume-design,تصميم سيرة ذاتية CV بشكل احترافي وجذاب,https://khamsat.com/designing/resume-design/1135048-%D8%AA%D8%B5%D9%85%D9%8A%D9%85-%D8%B3%D9%8A%D8%B1%D8%A9-%D8%B0%D8%A7%D8%AA%D9%8A%D8%A9-cv-%D8%A8%D8%B4%D9%83%D9%84-%D8%A7%D8%AD%D8%AA%D8%B1%D8%A7%D9%81%D9%8A-%D9%88%D8%AC%D8%B0%D8%A7%D8%A8,5.0,168,48 دقيقة,271,0,$10.00,يوم واحد,25,4,40.0,اشرف س.,https://khamsat.com/user/achrafinfo,True,بائع مميز,5.0,296,97.76%,2,423,35 دقيقة
تصميم,https://khamsat.com/designing,تصميم سيرة ذاتية,https://khamsat.com/designing/resume-design,تصميم السيره الذاتيه cv بشكل احترافى,https://khamsat.com/designing/resume-design/2559543-%D8%AA%D8%B5%D9%85%D9%8A%D9%85-%D8%A7%D9%84%D8%B3%D9%8A%D8%B1%D9%87-%D8%A7%D9%84%D8%B0%D8%A7%D8%AA%D9%8A%D9%87-cv-%D8%A8%D8%B4%D9%83%D9%84-%D8%A7%D8%AD%D8%AA%D8%B1%D8%A7%D9%81%D9%89,4.5,13,53 دقيقة,19,0,$5.00,يوم واحد,13,3,25.0,.Ismail N,https://khamsat.com/user/ismailnabil,True,بائع نشيط,4.5,13,95.0%,2,19,53 دقيقة
تصميم,https://khamsat.com/designing,تصميم سيرة ذاتية,https://khamsat.com/designing/resume-design,تصميم سيرة ذاتية احترافية بالعربي أو الإنجليزي CV,https://khamsat.com/designing/resume-design/1109627-%D8%AA%D8%B5%D9%85%D9%8A%D9%85-%D8%B3%D9%8A%D8%B1%D8%A9-%D8%B0%D8%A7%D8%AA%D9%8A%D8%A9-%D8%A7%D8%AD%D8%AA%D8%B1%D8%A7%D9%81%D9%8A%D8%A9-%D8%A8%D8%A7%D9%84%D8%B9%D8%B1%D8%A8%D9%8A-%D8%A3%D9%88-%D8%A7%D9%84%D8%A5%D9%86%D8%AC%D9%84%D9%8A%D8%B2%D9%8A-cv,4.5,15,9 ساعات,31,0,$10.00,يوم واحد,15,3,30.0,.Mahmoud H,https://khamsat.com/user/ma7moud33,True,بائع مميز,4.5,47,83.81%,7,78,11 ساعة
تصميم,https://khamsat.com/designing,تصميم سيرة ذاتية,https://khamsat.com/designing/resume-design,تصميم سيره ذاتيه احترافي لجذب الانتباه cv,https://khamsat.com/designing/resume-design/3013184-%D8%AA%D8%B5%D9%85%D9%8A%D9%85-%D8%B3%D9%8A%D8%B1%D9%87-%D8%B0%D8%A7%D8%AA%D9%8A%D9%87-%D8%A7%D8%AD%D8%AA%D8%B1%D8%A7%D9%81%D9%8A-%D9%84%D8%AC%D8%B0%D8%A8-%D8%A7%D9%84%D8%A7%D9%86%D8%AA%D8%A8%D8%A7%D9%87-cv,5.0,1,لم يحسب,1,0,$5.00,يوم واحد,1,3,20.0,.Mohamed S,https://khamsat.com/user/mosherifff91,True,بائع جديد,5.0,2,100.0%,2,1,13 دقيقة
تصميم,https://khamsat.com/designing,تصميم سيرة ذاتية,https://khamsat.com/designing/resume-design,كتابة وتصميم السيرة الذاتية متوافقة مع نظام ATS,https://khamsat.com/designing/resume-design/2949562-%D9%83%D8%AA%D8%A7%D8%A8%D8%A9-%D9%88%D8%AA%D8%B5%D9%85%D9%8A%D9%85-%D8%A7%D9%84%D8%B3%D9%8A%D8%B1%D8%A9-%D8%A7%D9%84%D8%B0%D8%A7%D8%AA%D9%8A%D8%A9-%D9%85%D8%AA%D9%88%D8%A7%D9%81%D9%82%D8%A9-%D9%85%D8%B9-%D9%86%D8%B8%D8%A7%D9%85-ats,5.0,3,دقيقة,5,0,$25.00,يوم واحد,3,1,10.0,سامي ا.,https://khamsat.com/user/samimohammedlafialsh,True,بائع نشيط,4.5,14,100.0%,4,18,7 دقائق
تصميم,https://khamsat.com/designing,تصميم سيرة ذاتية,https://khamsat.com/designing/resume-design,تصميم السيرة الذاتية CV بشكل جذاب باستخدام الانفوجرافيك,https://khamsat.com/designing/resume-design/840424-%D8%AA%D8%B5%D9%85%D9%8A%D9%85-%D8%A7%D9%84%D8%B3%D9%8A%D8%B1%D8%A9-%D8%A7%D9%84%D8%B0%D8%A7%D8%AA%D9%8A%D8%A9-cv-%D8%A8%D8%B4%D9%83%D9%84-%D8%AC%D8%B0%D8%A7%D8%A8-%D8%A8%D8%A7%D8%B3%D8%AA%D8%AE%D8%AF%D8%A7%D9%85-%D8%A7%D9%84%D8%A7%D9%86%D9%81%D9%88%D8%AC%D8%B1%D8%A7%D9%81%D9%8A%D9%83,4.5,207,5 ساعات,299,0,$5.00,يوم واحد,25,5,35.0,أميرة ص.,https://khamsat.com/user/%D8%A3%D9%85%D9%8A%D8%B1%D8%A9-%D8%B5%D9%84%D8%A7%D8%AD,True,بائع مميز,4.5,382,91.03%,9,506,3 ساعات
تصميم,https://khamsat.com/designing,تصميم سيرة ذاتية,https://khamsat.com/designing/resume-design,تصميم سيرة ذاتية CV احترافية,https://khamsat.com/designing/resume-design/2795228-%D8%AA%D8%B5%D9%85%D9%8A%D9%85-%D8%B3%D9%8A%D8%B1%D8%A9-%D8%B0%D8%A7%D8%AA%D9%8A%D8%A9-cv-%D8%A7%D8%AD%D8%AA%D8%B1%D8%A7%D9%81%D9%8A%D8%A9,5.0,14,9 ساعات,19,0,$5.00,يوم واحد,14,3,20.0,.Shymaa S,https://khamsat.com/user/almasrygraphics,True,بائع نشيط,5.0,14,96.67%,2,19,9 ساعات
تصميم,https://khamsat.com/designing,تصميم سيرة ذاتية,https://khamsat.com/designing/resume-design,انشاء و تصميم سيرة ذاتية C.V بشكل مميز وشيك,https://khamsat.com/designing/resume-design/3031732-%D8%A7%D9%86%D8%B4%D8%A7%D8%A1-%D9%88-%D8%AA%D8%B5%D9%85%D9%8A%D9%85-%D8%B3%D9%8A%D8%B1%D8%A9-%D8%B0%D8%A7%D8%AA%D9%8A%D8%A9-c.v-%D8%A8%D8%B4%D9%83%D9%84-%D9%85%D9%85%D9%8A%D8%B2-%D9%88%D8%B4%D9%8A%D9%83,5.0,1,لم يحسب,1,0,$10.00,يومين,1,1,5.0,عمرو ا.,https://khamsat.com/user/amr_ahmed92,False,بائع جديد,5.0,1,100.0%,4,1,لم يحسب
تصميم,https://khamsat.com/designing,تصميم سيرة ذاتية,https://khamsat.com/designing/resume-design,تصميم سيرة ذاتية CV احترافية مطابقة لنظام ATS,https://khamsat.com/designing/resume-design/2876214-%D8%AA%D8%B5%D9%85%D9%8A%D9%85-%D8%B3%D9%8A%D8%B1%D8%A9-%D8%B0%D8%A7%D8%AA%D9%8A%D8%A9-cv-%D8%A7%D8%AD%D8%AA%D8%B1%D8%A7%D9%81%D9%8A%D8%A9-%D9%85%D8%B7%D8%A7%D8%A8%D9%82%D8%A9-%D9%84%D9%86%D8%B8%D8%A7%D9%85-ats,4.5,5,ساعتين,6,0,$5.00,يوم واحد,5,3,15.0,.Alaa A,https://khamsat.com/user/alaaalielfaki87,True,بائع جديد,4.5,5,100.0%,4,6,ساعتين
تصميم,https://khamsat.com/designing,تصميم سيرة ذاتية,https://khamsat.com/designing/resume-design,إعداد سيرة ذاتية CV احترافية تتوافق مع ATS,https://khamsat.com/designing/resume-design/2823535-%D8%A5%D8%B9%D8%AF%D8%A7%D8%AF-%D8%B3%D9%8A%D8%B1%D8%A9-%D8%B0%D8%A7%D8%AA%D9%8A%D8%A9-cv-%D8%A7%D8%AD%D8%AA%D8%B1%D8%A7%D9%81%D9%8A%D8%A9-%D8%AA%D8%AA%D9%88%D8%A7%D9%81%D9%82-%D9%85%D8%B9-ats,5.0,35,23 دقيقة,40,1,$20.00,يوم واحد,25,5,110.0,أحمد ا.,https://khamsat.com/user/rfou,True,بائع مميز,5.0,151,97.84%,7,154,3 ساعات
تصميم,https://khamsat.com/designing,تصميم سيرة ذاتية,https://khamsat.com/designing/resume-design,تصميم السيرة الذاتية CV بإبداع ودقة,https://khamsat.com/designing/resume-design/719102-%D8%AA%D8%B5%D9%85%D9%8A%D9%85-%D8%A7%D9%84%D8%B3%D9%8A%D8%B1%D8%A9-%D8%A7%D9%84%D8%B0%D8%A7%D8%AA%D9%8A%D8%A9-cv-%D8%A8%D8%A5%D8%A8%D8%AF%D8%A7%D8%B9-%D9%88%D8%AF%D9%82%D8%A9,4.5,123,32 دقيقة,186,0,$20.00,يوم واحد,25,5,80.0,محمد ع.,https://khamsat.com/user/%D9%85%D8%AD%D9%85%D8%AF-%D8%B9%D8%B2%D8%AA-%D8%A7%D9%84%D9%82%D8%B7,True,بائع مميز,4.5,132,88.74%,2,192,ساعة
تصميم,https://khamsat.com/designing,تصميم سيرة ذاتية,https://khamsat.com/designing/resume-design,تصميم سيرة ذاتية cv بشكل احترافي جذاب,https://khamsat.com/designing/resume-design/2780209-%D8%AA%D8%B5%D9%85%D9%8A%D9%85-%D8%B3%D9%8A%D8%B1%D8%A9-%D8%B0%D8%A7%D8%AA%D9%8A%D8%A9-cv-%D8%A8%D8%B4%D9%83%D9%84-%D8%A7%D8%AD%D8%AA%D8%B1%D8%A7%D9%81%D9%8A-%D8%AC%D8%B0%D8%A7%D8%A8,5.0,1,47 دقيقة,2,0,$5.00,يومين,1,4,35.0,مصطفي م.,https://khamsat.com/user/mostafa_788,True,بائع جديد,5.0,1,100.0%,1,2,47 دقيقة
تصميم,https://khamsat.com/designing,تصميم سيرة ذاتية,https://khamsat.com/designing/resume-design,تصميم السيرة الذاتية,https://khamsat.com/designing/resume-design/3026898-%D8%AA%D8%B5%D9%85%D9%8A%D9%85-%D8%A7%D9%84%D8%B3%D9%8A%D8%B1%D8%A9-%D8%A7%D9%84%D8%B0%D8%A7%D8%AA%D9%8A%D8%A9,5.0,1,50 دقيقة,1,0,$5.00,يوم واحد,1,3,15.0,.Hasnaa R,https://khamsat.com/user/hasnaarefaat19,True,بائع جديد,5.0,1,100.0%,1,1,50 دقيقة
تصميم,https://khamsat.com/designing,تصميم سيرة ذاتية,https://khamsat.com/designing/resume-design,تصميم سيرة ذاتية CV مُميّزة بإحترافية Ar/En وبنظام ATS,https://khamsat.com/designing/resume-design/2965623-%D8%AA%D8%B5%D9%85%D9%8A%D9%85-%D8%B3%D9%8A%D8%B1%D8%A9-%D8%B0%D8%A7%D8%AA%D9%8A%D8%A9-cv-%D9%85%D9%85%D9%8A%D8%B2%D8%A9-%D8%A8%D8%A5%D8%AD%D8%AA%D8%B1%D8%A7%D9%81%D9%8A%D8%A9-aren-%D9%88%D8%A8%D9%86%D8%B8%D8%A7%D9%85-ats,0.0,0,دقيقتين,1,0,$15.00,ثلاثة أيام,0,1,15.0,.Hamdy S,https://khamsat.com/user/hamdysaeed19,True,بائع نشيط,5.0,8,89.47%,6,12,ساعة
تصميم,https://khamsat.com/designing,تصميم سيرة ذاتية,https://khamsat.com/designing/resume-design,تصميم سيرة ذاتية احترافية متوافقة مع نظام ATS,https://khamsat.com/designing/resume-design/3040390-%D8%AA%D8%B5%D9%85%D9%8A%D9%85-%D8%B3%D9%8A%D8%B1%D8%A9-%D8%B0%D8%A7%D8%AA%D9%8A%D8%A9-%D8%A7%D8%AD%D8%AA%D8%B1%D8%A7%D9%81%D9%8A%D8%A9-%D9%85%D8%AA%D9%88%D8%A7%D9%81%D9%82%D8%A9-%D9%85%D8%B9-%D9%86%D8%B8%D8%A7%D9%85-ats,5.0,1,أقل من دقيقة,1,0,$5.00,يوم واحد,1,4,20.0,محمد ع.,https://khamsat.com/user/mohamed_ahdy1985,True,بائع مميز,4.5,38,93.15%,9,47,4 ساعات
تصميم,https://khamsat.com/designing,تصميم سيرة ذاتية,https://khamsat.com/designing/resume-design,سيرة ذاتية احترافية CV,https://khamsat.com/designing/resume-design/2644540-%D8%B3%D9%8A%D8%B1%D8%A9-%D8%B0%D8%A7%D8%AA%D9%8A%D8%A9-%D8%A7%D8%AD%D8%AA%D8%B1%D8%A7%D9%81%D9%8A%D8%A9-cv,5.0,13,ساعة,22,1,$10.00,يوم واحد,13,5,30.0,آية ح.,https://khamsat.com/user/ayahhhaggag,True,بائع نشيط,5.0,13,94.29%,3,22,ساعة
تصميم,https://khamsat.com/designing,تصميم سيرة ذاتية,https://khamsat.com/designing/resume-design,احصل على سيرة ذاتية مميزة تضاعف فرص حصولك على الوظيفة,https://khamsat.com/designing/resume-design/2951343-%D8%A7%D8%AD%D8%B5%D9%84-%D8%B9%D9%84%D9%89-%D8%B3%D9%8A%D8%B1%D8%A9-%D8%B0%D8%A7%D8%AA%D9%8A%D8%A9-%D9%85%D9%85%D9%8A%D8%B2%D8%A9-%D8%AA%D8%B6%D8%A7%D8%B9%D9%81-%D9%81%D8%B1%D8%B5-%D8%AD%D8%B5%D9%88%D9%84%D9%83-%D8%B9%D9%84%D9%89-%D8%A7%D9%84%D9%88%D8%B8%D9%8A%D9%81%D8%A9,5.0,1,46 دقيقة,2,0,$5.00,يوم واحد,1,3,35.0,.Mohamed A,https://khamsat.com/user/mohamed2020hany,True,بائع نشيط,5.0,9,92.31%,4,7,43 دقيقة
تصميم,https://khamsat.com/designing,تصميم عروض تقديمية,https://khamsat.com/designing/presentation,تصميم عروض باوربوينت إحترافية Powerpoint presentation,https://khamsat.com/designing/presentation/2908224-%D8%AA%D8%B5%D9%85%D9%8A%D9%85-%D8%B9%D8%B1%D9%88%D8%B6-%D8%A8%D8%A7%D9%88%D8%B1%D8%A8%D9%88%D9%8A%D9%86%D8%AA-%D8%A5%D8%AD%D8%AA%D8%B1%D8%A7%D9%81%D9%8A%D8%A9-powerpoint-presentation,5.0,38,11 دقيقة,54,0,$5.00,يوم واحد,25,5,65.0,.Ali M,https://khamsat.com/user/alimohamed05,True,بائع مميز,5.0,54,99.17%,4,71,12 دقيقة
تصميم,https://khamsat.com/designing,تصميم عروض تقديمية,https://khamsat.com/designing/presentation,تصميم عرض تقديمي بوربوينت بشكل علمي، مرتب، جذاب، وعصري,https://khamsat.com/designing/presentation/2400076-%D8%AA%D8%B5%D9%85%D9%8A%D9%85-%D8%B9%D8%B1%D8%B6-%D8%AA%D9%82%D8%AF%D9%8A%D9%85%D9%8A-%D8%A8%D9%88%D8%B1%D8%A8%D9%88%D9%8A%D9%86%D8%AA-%D8%A8%D8%B4%D9%83%D9%84-%D8%B9%D9%84%D9%85%D9%8A-%D9%85%D8%B1%D8%AA%D8%A8-%D8%AC%D8%B0%D8%A7%D8%A8-%D9%88%D8%B9%D8%B5%D8%B1%D9%8A,5.0,135,ساعتين,177,1,$10.00,يوم واحد,25,5,110.0,عمار س.,https://khamsat.com/user/ammar_262,True,بائع مميز,5.0,216,96.65%,11,214,ساعة
تصميم,https://khamsat.com/designing,تصميم عروض تقديمية,https://khamsat.com/designing/presentation,تصميم عروض بوربوينت احترافية,https://khamsat.com/designing/presentation/2855959-%D8%AA%D8%B5%D9%85%D9%8A%D9%85-%D8%B9%D8%B1%D9%88%D8%B6-%D8%A8%D9%88%D8%B1%D8%A8%D9%88%D9%8A%D9%86%D8%AA-%D8%A7%D8%AD%D8%AA%D8%B1%D8%A7%D9%81%D9%8A%D8%A9,5.0,9,48 دقيقة,10,0,$5.00,يومين,9,4,45.0,ميسم ب.,https://khamsat.com/user/pinkie_pie,True,بائع نشيط,5.0,9,100.0%,2,10,48 دقيقة
تصميم,https://khamsat.com/designing,تصميم عروض تقديمية,https://khamsat.com/designing/presentation,صمم عرض تقديمي احترافي إنفوجرافيك,https://khamsat.com/designing/presentation/2962057-%D8%B5%D9%85%D9%85-%D8%B9%D8%B1%D8%B6-%D8%AA%D9%82%D8%AF%D9%8A%D9%85%D9%8A-%D8%A7%D8%AD%D8%AA%D8%B1%D8%A7%D9%81%D9%8A-%D8%A5%D9%86%D9%81%D9%88%D8%AC%D8%B1%D8%A7%D9%81%D9%8A%D9%83,0.0,0,دقيقتين,1,0,$5.00,يوم واحد,0,3,25.0,.Mohammed M,https://khamsat.com/user/mial1_mohammed1,True,بائع جديد,0.0,0,100.0%,2,1,دقيقتين
تصميم,https://khamsat.com/designing,تصميم عروض تقديمية,https://khamsat.com/designing/presentation,إعداد عرض تقديمي,https://khamsat.com/designing/presentation/1851480-%D8%A5%D8%B9%D8%AF%D8%A7%D8%AF-%D8%B9%D8%B1%D8%B6-%D8%AA%D9%82%D8%AF%D9%8A%D9%85%D9%8A,4.5,62,3 ساعات,83,0,$25.00,أسبوع,25,5,185.0,.Mohammed W,https://khamsat.com/user/mohamedwaledali,True,بائع مميز,4.5,83,84.87%,16,103,57 دقيقة
تصميم,https://khamsat.com/designing,تصميم عروض تقديمية,https://khamsat.com/designing/presentation,عمل عروض متحركة بالـPowerPoint بنكهة الـMotion graphic,https://khamsat.com/designing/presentation/724336-%D8%B9%D9%85%D9%84-%D8%B9%D8%B1%D9%88%D8%B6-%D9%85%D8%AA%D8%AD%D8%B1%D9%83%D8%A9-%D8%A8%D8%A7%D9%84%D9%80powerpoint-%D8%A8%D9%86%D9%83%D9%87%D8%A9-%D8%A7%D9%84%D9%80motion-graphic,5.0,76,38 دقيقة,117,0,$10.00,ثلاثة أيام,25,5,105.0,محمد ر.,https://khamsat.com/user/%D9%85%D8%AD%D9%85%D8%AF-%D8%AF%D8%B2%D9%8A%D8%B1%D9%8A,True,بائع مميز,5.0,120,93.44%,1,176,4 ساعات
تصميم,https://khamsat.com/designing,تصميم عروض تقديمية,https://khamsat.com/designing/presentation,تصميم عروض تقديمية مميزة تلبي طموحك,https://khamsat.com/designing/presentation/2937411-%D8%AA%D8%B5%D9%85%D9%8A%D9%85-%D8%B9%D8%B1%D9%88%D8%B6-%D8%AA%D9%82%D8%AF%D9%8A%D9%85%D9%8A%D8%A9-%D9%85%D9%85%D9%8A%D8%B2%D8%A9-%D8%AA%D9%84%D8%A8%D9%8A-%D8%B7%D9%85%D9%88%D8%AD%D9%83,4.5,9,ساعة,11,0,$5.00,يوم واحد,9,5,60.0,.Khaled A,https://khamsat.com/user/khaledfallah1972,True,بائع نشيط,4.5,18,100.0%,7,13,ساعتين
تصميم,https://khamsat.com/designing,تصميم عروض تقديمية,https://khamsat.com/designing/presentation,تصميم بريزنتيشن باوربوينت احترافي حصري مع انفوجراف,https://khamsat.com/designing/presentation/1659235-%D8%AA%D8%B5%D9%85%D9%8A%D9%85-%D8%A8%D8%B1%D9%8A%D8%B2%D9%86%D8%AA%D9%8A%D8%B4%D9%86-%D8%A8%D8%A7%D9%88%D8%B1%D8%A8%D9%88%D9%8A%D9%86%D8%AA-%D8%A7%D8%AD%D8%AA%D8%B1%D8%A7%D9%81%D9%8A-%D8%AD%D8%B5%D8%B1%D9%8A-%D9%85%D8%B9-%D8%A7%D9%86%D9%81%D9%88%D8%AC%D8%B1%D8%A7%D9%81,4.5,47,5 ساعات,79,0,$10.00,يومين,25,3,35.0,.Mahmoud A,https://khamsat.com/user/mahmouda1998,True,بائع مميز,4.5,47,95.53%,2,79,ساعتين
تصميم,https://khamsat.com/designing,تصميم عروض تقديمية,https://khamsat.com/designing/presentation,تصميم عروض بوربوينت احترافية,https://khamsat.com/designing/presentation/2003896-%D8%AA%D8%B5%D9%85%D9%8A%D9%85-%D8%B9%D8%B1%D9%88%D8%B6-%D8%A8%D9%88%D8%B1%D8%A8%D9%88%D9%8A%D9%86%D8%AA-%D8%A7%D8%AD%D8%AA%D8%B1%D8%A7%D9%81%D9%8A%D8%A9,4.5,46,12 ساعة,74,1,$15.00,يوم واحد,25,5,175.0,.Peter M,https://khamsat.com/user/peter-pepo,True,بائع مميز,4.5,196,95.14%,2,265,3 ساعات
تصميم,https://khamsat.com/designing,تصميم عروض تقديمية,https://khamsat.com/designing/presentation,تصميم عروض تقديمية بوربوينت بإحترافية,https://khamsat.com/designing/presentation/2551884-%D8%AA%D8%B5%D9%85%D9%8A%D9%85-%D8%B9%D8%B1%D9%88%D8%B6-%D8%AA%D9%82%D8%AF%D9%8A%D9%85%D9%8A%D8%A9-%D8%A8%D9%88%D8%B1%D8%A8%D9%88%D9%8A%D9%86%D8%AA-%D8%A8%D8%A5%D8%AD%D8%AA%D8%B1%D8%A7%D9%81%D9%8A%D8%A9,5.0,75,54 دقيقة,101,0,$5.00,يوم واحد,25,5,100.0,محمد ع.,https://khamsat.com/user/mohamed_hossam555,True,بائع مميز,5.0,81,92.78%,2,105,19 دقيقة
تصميم,https://khamsat.com/designing,تصميم عروض تقديمية,https://khamsat.com/designing/presentation,تصميم عرض بوربوينت احترافي مميز,https://khamsat.com/designing/presentation/2034732-%D8%AA%D8%B5%D9%85%D9%8A%D9%85-%D8%B9%D8%B1%D8%B6-%D8%A8%D9%88%D8%B1%D8%A8%D9%88%D9%8A%D9%86%D8%AA-%D8%A7%D8%AD%D8%AA%D8%B1%D8%A7%D9%81%D9%8A-%D9%85%D9%85%D9%8A%D8%B2,4.5,75,12 ساعة,98,0,$10.00,يومين,25,4,245.0,أنوار س.,https://khamsat.com/user/anwaar_saeid,True,بائع مميز,4.5,90,94.96%,2,110,6 ساعات
تصميم,https://khamsat.com/designing,تصميم عروض تقديمية,https://khamsat.com/designing/presentation,تصميم عروض تقديمية بريزنتيشن احترافى وشروحات للمحاضرات,https://khamsat.com/designing/presentation/2954745-%D8%AA%D8%B5%D9%85%D9%8A%D9%85-%D8%B9%D8%B1%D9%88%D8%B6-%D8%AA%D9%82%D8%AF%D9%8A%D9%85%D9%8A%D8%A9-%D8%A8%D8%B1%D9%8A%D8%B2%D9%86%D8%AA%D9%8A%D8%B4%D9%86-%D8%A7%D8%AD%D8%AA%D8%B1%D8%A7%D9%81%D9%89-%D9%88%D8%B4%D8%B1%D9%88%D8%AD%D8%A7%D8%AA-%D9%84%D9%84%D9%85%D8%AD%D8%A7%D8%B6%D8%B1%D8%A7%D8%AA,5.0,3,18 دقيقة,3,0,$5.00,يوم واحد,3,3,25.0,نهى ا.,https://khamsat.com/user/maryamg9,True,بائع نشيط,5.0,9,100.0%,4,12,47 دقيقة
تصميم,https://khamsat.com/designing,تصميم عروض تقديمية,https://khamsat.com/designing/presentation,تصميم وتطوير محتوى تعليمى بإستخدام Articulate storyline,https://khamsat.com/designing/presentation/2873292-%D8%AA%D8%B5%D9%85%D9%8A%D9%85-%D9%88%D8%AA%D8%B7%D9%88%D9%8A%D8%B1-%D9%85%D8%AD%D8%AA%D9%88%D9%89-%D8%AA%D8%B9%D9%84%D9%8A%D9%85%D9%89-%D8%A8%D8%A5%D8%B3%D8%AA%D8%AE%D8%AF%D8%A7%D9%85-articulate-storyline,5.0,7,46 دقيقة,7,0,$5.00,خمسة أيام,7,2,15.0,.Hager S,https://khamsat.com/user/hager_salah2001,True,بائع نشيط,5.0,7,100.0%,1,7,46 دقيقة
تصميم,https://khamsat.com/designing,تصميم عروض تقديمية,https://khamsat.com/designing/presentation,حول عرضك على Powerpoint، إلى عرض أنيق وملفت,https://khamsat.com/designing/presentation/1830786-%D8%AD%D9%88%D9%84-%D8%B9%D8%B1%D8%B6%D9%83-%D8%B9%D9%84%D9%89-powerpoint-%D8%A5%D9%84%D9%89-%D8%B9%D8%B1%D8%B6-%D8%A3%D9%86%D9%8A%D9%82-%D9%88%D9%85%D9%84%D9%81%D8%AA,5.0,3,يوم,4,0,$5.00,أسبوع,3,3,40.0,محمد أمين م.,https://khamsat.com/user/amine_47,True,بائع نشيط,5.0,17,91.3%,6,17,16 ساعة
تصميم,https://khamsat.com/designing,تصميم عروض تقديمية,https://khamsat.com/designing/presentation,تصميم عرض تقدمي برزينتيشن باور بوينت بشكل احترافي مميز,https://khamsat.com/designing/presentation/2585956-%D8%AA%D8%B5%D9%85%D9%8A%D9%85-%D8%B9%D8%B1%D8%B6-%D8%AA%D9%82%D8%AF%D9%85%D9%8A-%D8%A8%D8%B1%D8%B2%D9%8A%D9%86%D8%AA%D9%8A%D8%B4%D9%86-%D8%A8%D8%A7%D9%88%D8%B1-%D8%A8%D9%88%D9%8A%D9%86%D8%AA-%D8%A8%D8%B4%D9%83%D9%84-%D8%A7%D8%AD%D8%AA%D8%B1%D8%A7%D9%81%D9%8A-%D9%85%D9%85%D9%8A%D8%B2,4.5,39,ساعة,49,0,$10.00,يومين,25,5,70.0,سميره ا.,https://khamsat.com/user/samiramahmoedelabaay,True,بائع مميز,4.5,107,97.37%,4,144,ساعة
تصميم,https://khamsat.com/designing,تصميم عروض تقديمية,https://khamsat.com/designing/presentation,تصميم عرض تقديمي بوربوينت بشكل احترافي، واضح، وعصري,https://khamsat.com/designing/presentation/2550994-%D8%AA%D8%B5%D9%85%D9%8A%D9%85-%D8%B9%D8%B1%D8%B6-%D8%AA%D9%82%D8%AF%D9%8A%D9%85%D9%8A-%D8%A8%D9%88%D8%B1%D8%A8%D9%88%D9%8A%D9%86%D8%AA-%D8%A8%D8%B4%D9%83%D9%84-%D8%A7%D8%AD%D8%AA%D8%B1%D8%A7%D9%81%D9%8A-%D9%88%D8%A7%D8%B6%D8%AD-%D9%88%D8%B9%D8%B5%D8%B1%D9%8A,5.0,17,ساعتين,24,0,$10.00,يوم واحد,17,4,100.0,رامز س.,https://khamsat.com/user/ezo87,True,بائع مميز,5.0,32,98.86%,5,38,ساعة
تصميم,https://khamsat.com/designing,تصميم عروض تقديمية,https://khamsat.com/designing/presentation,انشاء وتصميم عروض تقديمية باوربوينت,https://khamsat.com/designing/presentation/2193719-%D8%A7%D9%86%D8%B4%D8%A7%D8%A1-%D9%88%D8%AA%D8%B5%D9%85%D9%8A%D9%85-%D8%B9%D8%B1%D9%88%D8%B6-%D8%AA%D9%82%D8%AF%D9%8A%D9%85%D9%8A%D8%A9-%D8%A8%D8%A7%D9%88%D8%B1%D8%A8%D9%88%D9%8A%D9%86%D8%AA,5.0,7,7 ساعات,9,0,$5.00,يوم واحد,7,4,50.0,.Kholod M,https://khamsat.com/user/nada_mohamed212,True,بائع مميز,5.0,20,98.18%,2,19,12 ساعة
تصميم,https://khamsat.com/designing,تصميم عروض تقديمية,https://khamsat.com/designing/presentation,عرض باور بوينت انفوغرافيك احترافي,https://khamsat.com/designing/presentation/1545341-%D8%B9%D8%B1%D8%B6-%D8%A8%D8%A7%D9%88%D8%B1-%D8%A8%D9%88%D9%8A%D9%86%D8%AA-%D8%A7%D9%86%D9%81%D9%88%D8%BA%D8%B1%D8%A7%D9%81%D9%8A%D9%83-%D8%A7%D8%AD%D8%AA%D8%B1%D8%A7%D9%81%D9%8A,4.5,5,4 ساعات,8,0,$5.00,يومين,5,2,15.0,.Majd S,https://khamsat.com/user/majd_serhan,True,بائع مميز,4.5,24,92.66%,3,44,16 ساعة
تصميم,https://khamsat.com/designing,تصميم عروض تقديمية,https://khamsat.com/designing/presentation,تصميم عرض باوربوينت بشكل مميز واحترافي,https://khamsat.com/designing/presentation/1646190-%D8%AA%D8%B5%D9%85%D9%8A%D9%85-%D8%B9%D8%B1%D8%B6-%D8%A8%D8%A7%D9%88%D8%B1%D8%A8%D9%88%D9%8A%D9%86%D8%AA-%D8%A8%D8%B4%D9%83%D9%84-%D9%85%D9%85%D9%8A%D8%B2-%D9%88%D8%A7%D8%AD%D8%AA%D8%B1%D8%A7%D9%81%D9%8A,5.0,20,ساعة,29,0,$5.00,يوم واحد,20,3,80.0,دعاء ع.,https://khamsat.com/user/doaa_ezzat,True,بائع مميز,5.0,73,98.17%,2,88,4 ساعات
تصميم,https://khamsat.com/designing,تصميم عروض تقديمية,https://khamsat.com/designing/presentation,عروض تقديمية احترافية وعصرية باستخدام برنامج البوربوينت,https://khamsat.com/designing/presentation/2692407-%D8%B9%D8%B1%D9%88%D8%B6-%D8%AA%D9%82%D8%AF%D9%8A%D9%85%D9%8A%D8%A9-%D8%A7%D8%AD%D8%AA%D8%B1%D8%A7%D9%81%D9%8A%D8%A9-%D9%88%D8%B9%D8%B5%D8%B1%D9%8A%D8%A9-%D8%A8%D8%A7%D8%B3%D8%AA%D8%AE%D8%AF%D8%A7%D9%85-%D8%A8%D8%B1%D9%86%D8%A7%D9%85%D8%AC-%D8%A7%D9%84%D8%A8%D9%88%D8%B1%D8%A8%D9%88%D9%8A%D9%86%D8%AA,5.0,7,ساعة,10,0,$10.00,يوم واحد,7,5,150.0,أنس س.,https://khamsat.com/user/anas_5586,True,بائع نشيط,5.0,12,100.0%,3,12,30 دقيقة
تصميم,https://khamsat.com/designing,تصميم عروض تقديمية,https://khamsat.com/designing/presentation,عروض تقديمية احترافية وجذابة بنكهة الموشن غرافيك,https://khamsat.com/designing/presentation/2383384-%D8%B9%D8%B1%D9%88%D8%B6-%D8%AA%D9%82%D8%AF%D9%8A%D9%85%D9%8A%D8%A9-%D8%A7%D8%AD%D8%AA%D8%B1%D8%A7%D9%81%D9%8A%D8%A9-%D9%88%D8%AC%D8%B0%D8%A7%D8%A8%D8%A9-%D8%A8%D9%86%D9%83%D9%87%D8%A9-%D8%A7%D9%84%D9%85%D9%88%D8%B4%D9%86-%D8%BA%D8%B1%D8%A7%D9%81%D9%8A%D9%83,5.0,11,يوم,14,0,$15.00,يومين,11,5,75.0,روعة س.,https://khamsat.com/user/r_solaiman,True,بائع مميز,5.0,83,98.45%,11,86,7 ساعات
تصميم,https://khamsat.com/designing,تصميم عروض تقديمية,https://khamsat.com/designing/presentation,تصميم عروض تقديمية PowerPoint احترافية وإبداعية,https://khamsat.com/designing/presentation/1224271-%D8%AA%D8%B5%D9%85%D9%8A%D9%85-%D8%B9%D8%B1%D9%88%D8%B6-%D8%AA%D9%82%D8%AF%D9%8A%D9%85%D9%8A%D8%A9-powerpoint-%D8%A7%D8%AD%D8%AA%D8%B1%D8%A7%D9%81%D9%8A%D8%A9-%D9%88%D8%A5%D8%A8%D8%AF%D8%A7%D8%B9%D9%8A%D8%A9,4.5,31,4 أيام,50,0,$40.00,يومين,25,1,15.0,.Anas N,https://khamsat.com/user/%D8%A3%D9%86%D8%B3-%D9%86%D8%B5%D8%B1,False,بائع مميز,4.5,59,91.94%,1,85,17 ساعة
تصميم,https://khamsat.com/designing,تصميم عروض تقديمية,https://khamsat.com/designing/presentation,تصميم عرض بوروبوينت مميز Presentation,https://khamsat.com/designing/presentation/2609687-%D8%AA%D8%B5%D9%85%D9%8A%D9%85-%D8%B9%D8%B1%D8%B6-%D8%A8%D9%88%D8%B1%D9%88%D8%A8%D9%88%D9%8A%D9%86%D8%AA-%D9%85%D9%85%D9%8A%D8%B2-presentation,5.0,5,14 ساعة,6,0,$5.00,يوم واحد,5,5,160.0,.Mohammed R,https://khamsat.com/user/moahmedramdan,True,بائع مميز,5.0,78,96.72%,3,83,5 ساعات
تصميم,https://khamsat.com/designing,تصميم عروض تقديمية,https://khamsat.com/designing/presentation,تصميم عرض تقديمي برزنتيشن احترافي,https://khamsat.com/designing/presentation/2574381-%D8%AA%D8%B5%D9%85%D9%8A%D9%85-%D8%B9%D8%B1%D8%B6-%D8%AA%D9%82%D8%AF%D9%8A%D9%85%D9%8A-%D8%A8%D8%B1%D8%B2%D9%86%D8%AA%D9%8A%D8%B4%D9%86-%D8%A7%D8%AD%D8%AA%D8%B1%D8%A7%D9%81%D9%8A,4.5,16,ساعة,28,0,$5.00,يومين,16,4,60.0,أسماء ا.,https://khamsat.com/user/asmaa1777,True,بائع مميز,4.5,45,97.85%,6,64,41 دقيقة
تصميم,https://khamsat.com/designing,تصميم عروض تقديمية,https://khamsat.com/designing/presentation,تصميم عرض تقديمي احترافي باستخدام الpowerpoint,https://khamsat.com/designing/presentation/2816374-%D8%AA%D8%B5%D9%85%D9%8A%D9%85-%D8%B9%D8%B1%D8%B6-%D8%AA%D9%82%D8%AF%D9%8A%D9%85%D9%8A-%D8%A7%D8%AD%D8%AA%D8%B1%D8%A7%D9%81%D9%8A-%D8%A8%D8%A7%D8%B3%D8%AA%D8%AE%D8%AF%D8%A7%D9%85-%D8%A7%D9%84powerpoint,5.0,5,13 ساعة,6,0,$10.00,يومين,5,1,5.0,.Reem A,https://khamsat.com/user/reemorere33,True,بائع نشيط,5.0,12,100.0%,4,13,5 ساعات
تصميم,https://khamsat.com/designing,تصميم عروض تقديمية,https://khamsat.com/designing/presentation,انشاء عروض تقديميه بوربوينت,https://khamsat.com/designing/presentation/2329207-%D8%A7%D9%86%D8%B4%D8%A7%D8%A1-%D8%B9%D8%B1%D9%88%D8%B6-%D8%AA%D9%82%D8%AF%D9%8A%D9%85%D9%8A%D9%87-%D8%A8%D9%88%D8%B1%D8%A8%D9%88%D9%8A%D9%86%D8%AA,5.0,2,21 دقيقة,2,0,$5.00,يوم واحد,2,3,20.0,.Mohamed A,https://khamsat.com/user/mohamedashraf0011,True,بائع نشيط,4.5,14,91.67%,5,17,ساعتين
تصميم,https://khamsat.com/designing,تصميم عروض تقديمية,https://khamsat.com/designing/presentation,تصميم عروض تقديمية متقدمة ( PowerPoint ),https://khamsat.com/designing/presentation/812167-%D8%AA%D8%B5%D9%85%D9%8A%D9%85-%D8%B9%D8%B1%D9%88%D8%B6-%D8%AA%D9%82%D8%AF%D9%8A%D9%85%D9%8A%D8%A9-%D9%85%D8%AA%D9%82%D8%AF%D9%85%D8%A9-powerpoint,4.5,145,ساعتين,218,0,$10.00,يومين,25,5,75.0,.Peter M,https://khamsat.com/user/peter-pepo,True,بائع مميز,4.5,196,95.14%,2,265,3 ساعات
تصميم,https://khamsat.com/designing,تصميم عروض تقديمية,https://khamsat.com/designing/presentation,تصميم عروض تقديمية بهوية خاصة وبشكل احترافي,https://khamsat.com/designing/presentation/2862560-%D8%AA%D8%B5%D9%85%D9%8A%D9%85-%D8%B9%D8%B1%D9%88%D8%B6-%D8%AA%D9%82%D8%AF%D9%8A%D9%85%D9%8A%D8%A9-%D8%A8%D9%87%D9%88%D9%8A%D8%A9-%D8%AE%D8%A7%D8%B5%D8%A9-%D9%88%D8%A8%D8%B4%D9%83%D9%84-%D8%A7%D8%AD%D8%AA%D8%B1%D8%A7%D9%81%D9%8A,5.0,1,ساعة,2,0,$10.00,يوم واحد,1,4,65.0,.Yusuf D,https://khamsat.com/user/youssefdiab94,True,بائع مميز,5.0,44,88.95%,6,50,يوم
تصميم,https://khamsat.com/designing,تصميم عروض تقديمية,https://khamsat.com/designing/presentation,مصمم عروض تقديمية بور بوينت انفوجرافيك,https://khamsat.com/designing/presentation/2737153-%D9%85%D8%B5%D9%85%D9%85-%D8%B9%D8%B1%D9%88%D8%B6-%D8%AA%D9%82%D8%AF%D9%8A%D9%85%D9%8A%D8%A9-%D8%A8%D9%88%D8%B1-%D8%A8%D9%88%D9%8A%D9%86%D8%AA-%D8%A7%D9%86%D9%81%D9%88%D8%AC%D8%B1%D8%A7%D9%81%D9%8A%D9%83,5.0,2,9 أيام,2,0,$5.00,يوم واحد,2,3,20.0,.Mohab E,https://khamsat.com/user/emadmo,True,بائع جديد,5.0,3,100.0%,1,2,4 أيام
تصميم,https://khamsat.com/designing,تصميم عروض تقديمية,https://khamsat.com/designing/presentation,تصميم عروض تقديمية باوربوينت بطريقة مميزة و جذابة,https://khamsat.com/designing/presentation/2789374-%D8%AA%D8%B5%D9%85%D9%8A%D9%85-%D8%B9%D8%B1%D9%88%D8%B6-%D8%AA%D9%82%D8%AF%D9%8A%D9%85%D9%8A%D8%A9-%D8%A8%D8%A7%D9%88%D8%B1%D8%A8%D9%88%D9%8A%D9%86%D8%AA-%D8%A8%D8%B7%D8%B1%D9%8A%D9%82%D8%A9-%D9%85%D9%85%D9%8A%D8%B2%D8%A9-%D9%88-%D8%AC%D8%B0%D8%A7%D8%A8%D8%A9,5.0,2,23 دقيقة,3,0,$5.00,يومين,2,5,105.0,.Ikram T,https://khamsat.com/user/toureche_ikram24,True,بائع جديد,5.0,2,100.0%,4,3,23 دقيقة
تصميم,https://khamsat.com/designing,تصميم إنفوجرافيك,https://khamsat.com/designing/infographics-design,تصميم الانفوجرافيك,https://khamsat.com/designing/infographics-design/2036547-%D8%AA%D8%B5%D9%85%D9%8A%D9%85-%D8%A7%D9%84%D8%A7%D9%86%D9%81%D9%88%D8%AC%D8%B1%D8%A7%D9%81%D9%8A%D9%83,4.5,13,5 دقائق,20,0,$5.00,يوم واحد,13,2,10.0,هداية أ.,https://khamsat.com/user/hedayaabukmail,True,بائع مميز,4.5,39,86.61%,7,48,ساعة
تصميم,https://khamsat.com/designing,تصميم إنفوجرافيك,https://khamsat.com/designing/infographics-design,تصميم انفوغرافيك احترافي بطريقة مميزة ومبسطة,https://khamsat.com/designing/infographics-design/2560694-%D8%AA%D8%B5%D9%85%D9%8A%D9%85-%D8%A7%D9%86%D9%81%D9%88%D8%BA%D8%B1%D8%A7%D9%81%D9%8A%D9%83-%D8%A7%D8%AD%D8%AA%D8%B1%D8%A7%D9%81%D9%8A-%D8%A8%D8%B7%D8%B1%D9%8A%D9%82%D8%A9-%D9%85%D9%85%D9%8A%D8%B2%D8%A9-%D9%88%D9%85%D8%A8%D8%B3%D8%B7%D8%A9,5.0,8,3 ساعات,11,0,$10.00,يومين,8,2,20.0,.Hejazi T,https://khamsat.com/user/hejazi969696,True,بائع نشيط,4.5,25,95.24%,3,28,ساعة
تصميم,https://khamsat.com/designing,تصميم إنفوجرافيك,https://khamsat.com/designing/infographics-design,تصميم إنفوجرافيك بشكل مميز ومُفصل,https://khamsat.com/designing/infographics-design/3009217-%D8%AA%D8%B5%D9%85%D9%8A%D9%85-%D8%A5%D9%86%D9%81%D9%88%D8%AC%D8%B1%D8%A7%D9%81%D9%8A%D9%83-%D8%A8%D8%B4%D9%83%D9%84-%D9%85%D9%85%D9%8A%D8%B2-%D9%88%D9%85%D9%81%D8%B5%D9%84,5.0,2,أقل من دقيقة,2,0,$10.00,يوم واحد,2,1,5.0,أريج م.,https://khamsat.com/user/areej_mahmoud01,True,بائع جديد,5.0,7,100.0%,4,4,14 دقيقة
تصميم,https://khamsat.com/designing,تصميم إنفوجرافيك,https://khamsat.com/designing/infographics-design,تصميم إنفوجرافيك احترافي,https://khamsat.com/designing/infographics-design/2022058-%D8%AA%D8%B5%D9%85%D9%8A%D9%85-%D8%A5%D9%86%D9%81%D9%88%D8%AC%D8%B1%D8%A7%D9%81%D9%8A%D9%83-%D8%A7%D8%AD%D8%AA%D8%B1%D8%A7%D9%81%D9%8A,5.0,12,ساعتين,17,0,$10.00,يوم واحد,12,3,15.0,طارق أ.,https://khamsat.com/user/tariqselmia,True,بائع مميز,5.0,34,96.9%,4,30,يوم
تصميم,https://khamsat.com/designing,تصميم إنفوجرافيك,https://khamsat.com/designing/infographics-design,تصميم انفوجرافيك (infographic) بسيط ومميز وجذاب,https://khamsat.com/designing/infographics-design/2251117-%D8%AA%D8%B5%D9%85%D9%8A%D9%85-%D8%A7%D9%86%D9%81%D9%88%D8%AC%D8%B1%D8%A7%D9%81%D9%8A%D9%83-infographic-%D8%A8%D8%B3%D9%8A%D8%B7-%D9%88%D9%85%D9%85%D9%8A%D8%B2-%D9%88%D8%AC%D8%B0%D8%A7%D8%A8,5.0,25,22 دقيقة,33,0,$10.00,يومين,25,3,20.0,أحمد ا.,https://khamsat.com/user/ahmed_attal,True,بائع مميز,4.5,85,94.86%,6,98,3 ساعات
تصميم,https://khamsat.com/designing,تصميم إنفوجرافيك,https://khamsat.com/designing/infographics-design,"تصميم انفوجرافيك""Infographic"" بطريقة مبتكرة وجذابة",https://khamsat.com/designing/infographics-design/2103942-%D8%AA%D8%B5%D9%85%D9%8A%D9%85-%D8%A7%D9%86%D9%81%D9%88%D8%AC%D8%B1%D8%A7%D9%81%D9%8A%D9%83infographic-%D8%A8%D8%B7%D8%B1%D9%8A%D9%82%D8%A9-%D9%85%D8%A8%D8%AA%D9%83%D8%B1%D8%A9-%D9%88%D8%AC%D8%B0%D8%A7%D8%A8%D8%A9,4.5,30,ساعة,39,0,$5.00,يومين,25,4,55.0,.Abduallah A,https://khamsat.com/user/abdash,True,بائع مميز,4.5,37,92.55%,4,43,ساعتين
تصميم,https://khamsat.com/designing,تصميم إنفوجرافيك,https://khamsat.com/designing/infographics-design,إنشاء عروض تقديمية (بوربوينت انفوجرافيك ، وورد) باحترافية,https://khamsat.com/designing/infographics-design/2135707-%D8%A5%D9%86%D8%B4%D8%A7%D8%A1-%D8%B9%D8%B1%D9%88%D8%B6-%D8%AA%D9%82%D8%AF%D9%8A%D9%85%D9%8A%D8%A9-%D8%A8%D9%88%D8%B1%D8%A8%D9%88%D9%8A%D9%86%D8%AA-%D8%A7%D9%86%D9%81%D9%88%D8%AC%D8%B1%D8%A7%D9%81%D9%8A%D9%83-%D9%88%D9%88%D8%B1%D8%AF-%D8%A8%D8%A7%D8%AD%D8%AA%D8%B1%D8%A7%D9%81%D9%8A%D8%A9,4.5,29,35 دقيقة,42,0,$5.00,يوم واحد,25,1,15.0,اخلاص أ.,https://khamsat.com/user/ekhlas_ayman,True,بائع مميز,4.5,41,95.28%,6,53,24 دقيقة
تصميم,https://khamsat.com/designing,تصميم إنفوجرافيك,https://khamsat.com/designing/infographics-design,تصميم إنفوجرافيك وخرائط ذهنية بشكل احترافي ومميز,https://khamsat.com/designing/infographics-design/2838256-%D8%AA%D8%B5%D9%85%D9%8A%D9%85-%D8%A5%D9%86%D9%81%D9%88%D8%AC%D8%B1%D8%A7%D9%81%D9%8A%D9%83-%D9%88%D8%AE%D8%B1%D8%A7%D8%A6%D8%B7-%D8%B0%D9%87%D9%86%D9%8A%D8%A9-%D8%A8%D8%B4%D9%83%D9%84-%D8%A7%D8%AD%D8%AA%D8%B1%D8%A7%D9%81%D9%8A-%D9%88%D9%85%D9%85%D9%8A%D8%B2,5.0,1,دقيقة,2,0,$5.00,يوم واحد,1,5,70.0,محمد براء أ.,https://khamsat.com/user/%D8%A8%D8%B1%D8%A7%D8%A1-%D8%A3%D8%A8%D9%88%D8%A8%D9%83%D8%B1,True,بائع مميز,4.5,182,94.25%,14,248,ساعة
تصميم,https://khamsat.com/designing,تصميم إنفوجرافيك,https://khamsat.com/designing/infographics-design,تصميمات انفو جرافيك مبتكرة واحترافية,https://khamsat.com/designing/infographics-design/355438-%D8%AA%D8%B5%D9%85%D9%8A%D9%85%D8%A7%D8%AA-%D8%A7%D9%86%D9%81%D9%88-%D8%AC%D8%B1%D8%A7%D9%81%D9%8A%D9%83-%D9%85%D8%A8%D8%AA%D9%83%D8%B1%D8%A9-%D9%88%D8%A7%D8%AD%D8%AA%D8%B1%D8%A7%D9%81%D9%8A%D8%A9,5.0,69,يوم,104,0,$10.00,ثلاثة أيام,25,4,65.0,.Ahmed G,https://khamsat.com/user/ahmed-ghoraba,True,بائع مميز,5.0,118,92.18%,4,160,7 ساعات
تصميم,https://khamsat.com/designing,تصميم إنفوجرافيك,https://khamsat.com/designing/infographics-design,تصميم عروض تقديمية باوربوينت انفوجرافيك بالعربية والإنجليزية,https://khamsat.com/designing/infographics-design/2248104-%D8%AA%D8%B5%D9%85%D9%8A%D9%85-%D8%B9%D8%B1%D9%88%D8%B6-%D8%AA%D9%82%D8%AF%D9%8A%D9%85%D9%8A%D8%A9-%D8%A8%D8%A7%D9%88%D8%B1%D8%A8%D9%88%D9%8A%D9%86%D8%AA-%D8%A7%D9%86%D9%81%D9%88%D8%AC%D8%B1%D8%A7%D9%81%D9%8A%D9%83-%D8%A8%D8%A7%D9%84%D8%B9%D8%B1%D8%A8%D9%8A%D8%A9-%D9%88%D8%A7%D9%84%D8%A5%D9%86%D8%AC%D9%84%D9%8A%D8%B2%D9%8A%D8%A9,5.0,99,10 دقائق,130,0,$5.00,يوم واحد,25,5,185.0,.Ahmed B,https://khamsat.com/user/dr_ahmed_badr,True,بائع مميز,5.0,114,95.7%,5,137,26 دقيقة
تصميم,https://khamsat.com/designing,تصميم إنفوجرافيك,https://khamsat.com/designing/infographics-design,تصميم انفوجرافيك,https://khamsat.com/designing/infographics-design/1240796-%D8%AA%D8%B5%D9%85%D9%8A%D9%85-%D8%A7%D9%86%D9%81%D9%88%D8%AC%D8%B1%D8%A7%D9%81%D9%8A%D9%83,5.0,35,5 ساعات,38,0,$10.00,يوم واحد,25,3,35.0,حمزة ع.,https://khamsat.com/user/hamza_designer,True,بائع مميز,5.0,55,93.24%,3,53,ساعة
تصميم,https://khamsat.com/designing,تصميم إنفوجرافيك,https://khamsat.com/designing/infographics-design,تصميم وتكوين خرائط ذهنية وتعليمية,https://khamsat.com/designing/infographics-design/2353635-%D8%AA%D8%B5%D9%85%D9%8A%D9%85-%D9%88%D8%AA%D9%83%D9%88%D9%8A%D9%86-%D8%AE%D8%B1%D8%A7%D8%A6%D8%B7-%D8%B0%D9%87%D9%86%D9%8A%D8%A9-%D9%88%D8%AA%D8%B9%D9%84%D9%8A%D9%85%D9%8A%D8%A9,5.0,5,ساعة,5,0,$5.00,يوم واحد,5,4,25.0,.Ibrahem A,https://khamsat.com/user/iibrahematef,True,بائع نشيط,4.5,22,96.97%,9,19,3 ساعات
تصميم,https://khamsat.com/designing,تصميم إنفوجرافيك,https://khamsat.com/designing/infographics-design,تصميمات إنفوجرافيك إحترافية,https://khamsat.com/designing/infographics-design/1995842-%D8%AA%D8%B5%D9%85%D9%8A%D9%85%D8%A7%D8%AA-%D8%A5%D9%86%D9%81%D9%88%D8%AC%D8%B1%D8%A7%D9%81%D9%8A%D9%83-%D8%A5%D8%AD%D8%AA%D8%B1%D8%A7%D9%81%D9%8A%D8%A9,5.0,11,6 ساعات,15,0,$5.00,يومين,11,5,60.0,محمد ا.,https://khamsat.com/user/mohammed_afifi1,True,بائع نشيط,5.0,16,97.96%,3,17,3 ساعات
تصميم,https://khamsat.com/designing,تصميم إنفوجرافيك,https://khamsat.com/designing/infographics-design,تصميم شجرة العائلة,https://khamsat.com/designing/infographics-design/1220142-%D8%AA%D8%B5%D9%85%D9%8A%D9%85-%D8%B4%D8%AC%D8%B1%D8%A9-%D8%A7%D9%84%D8%B9%D8%A7%D8%A6%D9%84%D8%A9,4.5,12,يوم,17,0,$5.00,أسبوعين,12,4,225.0,عبدالرحمن ع.,https://khamsat.com/user/abdulrahmanabbas,True,بائع نشيط,4.5,17,88.89%,4,23,13 ساعة
تصميم,https://khamsat.com/designing,تصميم إنفوجرافيك,https://khamsat.com/designing/infographics-design,تصميم انفوغرافيك احترافي عالي الجودة,https://khamsat.com/designing/infographics-design/2572564-%D8%AA%D8%B5%D9%85%D9%8A%D9%85-%D8%A7%D9%86%D9%81%D9%88%D8%BA%D8%B1%D8%A7%D9%81%D9%8A%D9%83-%D8%A7%D8%AD%D8%AA%D8%B1%D8%A7%D9%81%D9%8A-%D8%B9%D8%A7%D9%84%D9%8A-%D8%A7%D9%84%D8%AC%D9%88%D8%AF%D8%A9,5.0,7,4 ساعات,8,0,$5.00,يوم واحد,7,5,50.0,جوسلين خ.,https://khamsat.com/user/josy,True,بائع نشيط,5.0,20,94.59%,4,20,ساعة
تصميم,https://khamsat.com/designing,تصميم إنفوجرافيك,https://khamsat.com/designing/infographics-design,تصميم انفوجرافيك احترافي مميز وجذاب Infographic,https://khamsat.com/designing/infographics-design/3032826-%D8%AA%D8%B5%D9%85%D9%8A%D9%85-%D8%A7%D9%86%D9%81%D9%88%D8%AC%D8%B1%D8%A7%D9%81%D9%8A%D9%83-%D8%A7%D8%AD%D8%AA%D8%B1%D8%A7%D9%81%D9%8A-%D9%85%D9%85%D9%8A%D8%B2-%D9%88%D8%AC%D8%B0%D8%A7%D8%A8-infographic,4.5,1,38 دقيقة,1,0,$5.00,ثلاثة أيام,1,5,30.0,يوسف ح.,https://khamsat.com/user/yousefhussamattia,True,بائع نشيط,5.0,10,90.91%,4,5,ساعتين
تصميم,https://khamsat.com/designing,تصميم إنفوجرافيك,https://khamsat.com/designing/infographics-design,انفوجرافيك ثابت عصري واحترافي ومميز,https://khamsat.com/designing/infographics-design/1091498-%D8%A7%D9%86%D9%81%D9%88%D8%AC%D8%B1%D8%A7%D9%81%D9%8A%D9%83-%D8%AB%D8%A7%D8%A8%D8%AA-%D8%B9%D8%B5%D8%B1%D9%8A-%D9%88%D8%A7%D8%AD%D8%AA%D8%B1%D8%A7%D9%81%D9%8A-%D9%88%D9%85%D9%85%D9%8A%D8%B2,5.0,28,6 ساعات,31,0,$5.00,يومين,25,2,10.0,.Samar I,https://khamsat.com/user/samar-sammour,True,بائع مميز,4.5,133,83.74%,4,160,12 ساعة
تصميم,https://khamsat.com/designing,تصميم إنفوجرافيك,https://khamsat.com/designing/infographics-design,أقدم تصميم انفوجرافيك احترافي,https://khamsat.com/designing/infographics-design/1481214-%D8%A3%D9%82%D8%AF%D9%85-%D8%AA%D8%B5%D9%85%D9%8A%D9%85-%D8%A7%D9%86%D9%81%D9%88%D8%AC%D8%B1%D8%A7%D9%81%D9%8A%D9%83-%D8%A7%D8%AD%D8%AA%D8%B1%D8%A7%D9%81%D9%8A,5.0,7,5 ساعات,9,0,$10.00,يومين,7,2,30.0,.Reham N,https://khamsat.com/user/rihamnnsr,True,بائع نشيط,5.0,15,90.91%,3,17,يوم
تصميم,https://khamsat.com/designing,تصميم إنفوجرافيك,https://khamsat.com/designing/infographics-design,تصميم انفوجرافيك Infographic,https://khamsat.com/designing/infographics-design/2761396-%D8%AA%D8%B5%D9%85%D9%8A%D9%85-%D8%A7%D9%86%D9%81%D9%88%D8%AC%D8%B1%D8%A7%D9%81%D9%8A%D9%83-infographic,5.0,4,3 ساعات,5,1,$5.00,يوم واحد,4,1,5.0,.Ereny F,https://khamsat.com/user/ereny_samir,True,بائع مميز,5.0,30,100.0%,9,29,ساعة
تصميم,https://khamsat.com/designing,تصميم إنفوجرافيك,https://khamsat.com/designing/infographics-design,تصميم إنفوجرافيك بشكل احترافي,https://khamsat.com/designing/infographics-design/2743572-%D8%AA%D8%B5%D9%85%D9%8A%D9%85-%D8%A5%D9%86%D9%81%D9%88%D8%AC%D8%B1%D8%A7%D9%81%D9%8A%D9%83-%D8%A8%D8%B4%D9%83%D9%84-%D8%A7%D8%AD%D8%AA%D8%B1%D8%A7%D9%81%D9%8A,5.0,4,6 أيام,6,0,$5.00,يوم واحد,4,0,0.0,.Ekram D,https://khamsat.com/user/ekram_al_darwish,True,بائع نشيط,5.0,9,100.0%,5,14,يوم
تصميم,https://khamsat.com/designing,تصميم إنفوجرافيك,https://khamsat.com/designing/infographics-design,تصميم شجرة العائلة (مشجرات الانساب),https://khamsat.com/designing/infographics-design/2865571-%D8%AA%D8%B5%D9%85%D9%8A%D9%85-%D8%B4%D8%AC%D8%B1%D8%A9-%D8%A7%D9%84%D8%B9%D8%A7%D8%A6%D9%84%D8%A9-%D9%85%D8%B4%D8%AC%D8%B1%D8%A7%D8%AA-%D8%A7%D9%84%D8%A7%D9%86%D8%B3%D8%A7%D8%A8,5.0,1,3 ساعات,1,0,$5.00,أسبوع,1,4,250.0,.Hazem H,https://khamsat.com/user/samemha20,True,بائع جديد,5.0,1,50.0%,1,1,3 ساعات
تصميم,https://khamsat.com/designing,تصميم إنفوجرافيك,https://khamsat.com/designing/infographics-design,تصميم إنفوجراف احترافى ومتميز,https://khamsat.com/designing/infographics-design/1973875-%D8%AA%D8%B5%D9%85%D9%8A%D9%85-%D8%A5%D9%86%D9%81%D9%88%D8%AC%D8%B1%D8%A7%D9%81-%D8%A7%D8%AD%D8%AA%D8%B1%D8%A7%D9%81%D9%89-%D9%88%D9%85%D8%AA%D9%85%D9%8A%D8%B2,5.0,2,ساعتين,2,0,$5.00,ثلاثة أيام,2,1,35.0,.Nour Elden O,https://khamsat.com/user/nour_elden_osama,True,بائع نشيط,4.5,8,100.0%,2,12,يوم
تصميم,https://khamsat.com/designing,تصميم إنفوجرافيك,https://khamsat.com/designing/infographics-design,400 شريحة بوربوينت برسوم انفوجرافيك جاهزة,https://khamsat.com/designing/infographics-design/1287788-400-%D8%B4%D8%B1%D9%8A%D8%AD%D8%A9-%D8%A8%D9%88%D8%B1%D8%A8%D9%88%D9%8A%D9%86%D8%AA-%D8%A8%D8%B1%D8%B3%D9%88%D9%85-%D8%A7%D9%86%D9%81%D9%88%D8%AC%D8%B1%D8%A7%D9%81%D9%8A%D9%83-%D8%AC%D8%A7%D9%87%D8%B2%D8%A9,5.0,37,4 ساعات,68,0,$5.00,يوم واحد,25,2,10.0,.Mohamed N,https://khamsat.com/user/arch-nasr,True,بائع مميز,5.0,42,98.78%,2,74,ساعتين
تصميم,https://khamsat.com/designing,تصميم إنفوجرافيك,https://khamsat.com/designing/infographics-design,تصميم شجرة العائلة الخاصة بك,https://khamsat.com/designing/infographics-design/811140-%D8%AA%D8%B5%D9%85%D9%8A%D9%85-%D8%B4%D8%AC%D8%B1%D8%A9-%D8%A7%D9%84%D8%B9%D8%A7%D8%A6%D9%84%D8%A9-%D8%A7%D9%84%D8%AE%D8%A7%D8%B5%D8%A9-%D8%A8%D9%83,4.5,11,5 ساعات,14,0,$25.00,يومين,11,5,195.0,أسماء د.,https://khamsat.com/user/zaradou,True,بائع نشيط,4.5,17,54.43%,3,25,12 ساعة
تصميم,https://khamsat.com/designing,تصميم إنفوجرافيك,https://khamsat.com/designing/infographics-design,التصميم بأسلوب الأنفوجراف,https://khamsat.com/designing/infographics-design/663114-%D8%A7%D9%84%D8%AA%D8%B5%D9%85%D9%8A%D9%85-%D8%A8%D8%A3%D8%B3%D9%84%D9%88%D8%A8-%D8%A7%D9%84%D8%A3%D9%86%D9%81%D9%88%D8%AC%D8%B1%D8%A7%D9%81,4.0,10,10 ساعات,13,0,$10.00,يومين,10,1,5.0,يوسف ا.,https://khamsat.com/user/%D8%A3%D8%A8%D9%88-%D8%A5%D8%B3%D8%AD%D8%A7%D9%82-%D9%8A%D9%88%D8%B3%D9%81-%D8%A8%D9%86-%D9%85%D8%AD,True,بائع مميز,4.5,186,72.92%,7,208,7 ساعات
تصميم,https://khamsat.com/designing,تصميم إنفوجرافيك,https://khamsat.com/designing/infographics-design,رسوم توضيحية وبيانية علمية,https://khamsat.com/designing/infographics-design/2498636-%D8%B1%D8%B3%D9%88%D9%85-%D8%AA%D9%88%D8%B6%D9%8A%D8%AD%D9%8A%D8%A9-%D9%88%D8%A8%D9%8A%D8%A7%D9%86%D9%8A%D8%A9-%D8%B9%D9%84%D9%85%D9%8A%D8%A9,5.0,1,3 دقائق,1,0,$10.00,ثلاثة أيام,1,2,60.0,ضياء ب.,https://khamsat.com/user/dyaa_bassiony8,True,بائع جديد,5.0,1,100.0%,3,1,يوم
تصميم,https://khamsat.com/designing,تصميم إنفوجرافيك,https://khamsat.com/designing/infographics-design,تصميم انفوجرافيك (info graphic) عالي الجودة,https://khamsat.com/designing/infographics-design/1372337-%D8%AA%D8%B5%D9%85%D9%8A%D9%85-%D8%A7%D9%86%D9%81%D9%88%D8%AC%D8%B1%D8%A7%D9%81%D9%8A%D9%83-info-graphic-%D8%B9%D8%A7%D9%84%D9%8A-%D8%A7%D9%84%D8%AC%D9%88%D8%AF%D8%A9,5.0,25,5 ساعات,41,0,$5.00,يوم واحد,25,3,45.0,داليا ا.,https://khamsat.com/user/daliaadel1,True,بائع مميز,5.0,46,94.07%,3,71,8 ساعات
تصميم,https://khamsat.com/designing,تصميم إنفوجرافيك,https://khamsat.com/designing/infographics-design,تصميمات جذابة وصور انفو جرافيك,https://khamsat.com/designing/infographics-design/1730082-%D8%AA%D8%B5%D9%85%D9%8A%D9%85%D8%A7%D8%AA-%D8%AC%D8%B0%D8%A7%D8%A8%D8%A9-%D9%88%D8%B5%D9%88%D8%B1-%D8%A7%D9%86%D9%81%D9%88-%D8%AC%D8%B1%D8%A7%D9%81%D9%8A%D9%83,4.5,12,4 ساعات,13,0,$10.00,يوم واحد,12,4,25.0,هشام م.,https://khamsat.com/user/%D9%87%D8%B4%D8%A7%D9%85-%D9%85%D8%AD%D9%85%D8%AF-%D8%B3%D9%8A%D8%AF,True,بائع نشيط,4.5,15,93.55%,3,13,6 ساعات
تصميم,https://khamsat.com/designing,تصميم إنفوجرافيك,https://khamsat.com/designing/infographics-design,تصميم الإنفوجرافيك -Infographic Design-,https://khamsat.com/designing/infographics-design/952129-%D8%AA%D8%B5%D9%85%D9%8A%D9%85-%D8%A7%D9%84%D8%A5%D9%86%D9%81%D9%88%D8%AC%D8%B1%D8%A7%D9%81%D9%8A%D9%83-infographic-design,5.0,3,32 دقيقة,6,0,$10.00,يومين,3,1,5.0,.Anas M,https://khamsat.com/user/anas-mosad-erkat,True,بائع مميز,4.5,97,88.1%,10,119,3 ساعات
تصميم,https://khamsat.com/designing,تصميم إنفوجرافيك,https://khamsat.com/designing/infographics-design,تصميم عروض تقديمية باوربوينت انفوجرافيك تسويقي أو تعليمي,https://khamsat.com/designing/infographics-design/2265939-%D8%AA%D8%B5%D9%85%D9%8A%D9%85-%D8%B9%D8%B1%D9%88%D8%B6-%D8%AA%D9%82%D8%AF%D9%8A%D9%85%D9%8A%D8%A9-%D8%A8%D8%A7%D9%88%D8%B1%D8%A8%D9%88%D9%8A%D9%86%D8%AA-%D8%A7%D9%86%D9%81%D9%88%D8%AC%D8%B1%D8%A7%D9%81%D9%8A%D9%83-%D8%AA%D8%B3%D9%88%D9%8A%D9%82%D9%8A-%D8%A3%D9%88-%D8%AA%D8%B9%D9%84%D9%8A%D9%85%D9%8A,5.0,6,16 ساعة,9,0,$5.00,يوم واحد,6,5,40.0,.Mahmoud B,https://khamsat.com/user/eng_mahmoud_badr,True,بائع نشيط,5.0,7,88.0%,2,10,8 ساعات
تصميم,https://khamsat.com/designing,شهادات شكر وتقدير,https://khamsat.com/designing/certificates,تصميم شهادات بشكل احترافي / تحفيظ قران / تكريم لدرجة عالية,https://khamsat.com/designing/certificates/2870618-%D8%AA%D8%B5%D9%85%D9%8A%D9%85-%D8%B4%D9%87%D8%A7%D8%AF%D8%A7%D8%AA-%D8%A8%D8%B4%D9%83%D9%84-%D8%A7%D8%AD%D8%AA%D8%B1%D8%A7%D9%81%D9%8A-%D8%AA%D8%AD%D9%81%D9%8A%D8%B8-%D9%82%D8%B1%D8%A7%D9%86-%D8%AA%D9%83%D8%B1%D9%8A%D9%85-%D9%84%D8%AF%D8%B1%D8%AC%D8%A9-%D8%B9%D8%A7%D9%84%D9%8A%D8%A9,5.0,1,لم يحسب,1,0,$5.00,يوم واحد,1,2,10.0,وليد غ.,https://khamsat.com/user/walidmohammed506,True,بائع جديد,5.0,3,100.0%,5,2,49 دقيقة
تصميم,https://khamsat.com/designing,شهادات شكر وتقدير,https://khamsat.com/designing/certificates,تصميم شهادة شكر وتقدير احترافية,https://khamsat.com/designing/certificates/2793863-%D8%AA%D8%B5%D9%85%D9%8A%D9%85-%D8%B4%D9%87%D8%A7%D8%AF%D8%A9-%D8%B4%D9%83%D8%B1-%D9%88%D8%AA%D9%82%D8%AF%D9%8A%D8%B1-%D8%A7%D8%AD%D8%AA%D8%B1%D8%A7%D9%81%D9%8A%D8%A9,5.0,11,35 دقيقة,13,0,$10.00,يومين,11,4,85.0,.Heba A,https://khamsat.com/user/heba_elganzory,True,بائع مميز,5.0,123,90.91%,12,117,ساعتين
تصميم,https://khamsat.com/designing,شهادات شكر وتقدير,https://khamsat.com/designing/certificates,تصميم شهادات تقدير بشكل احترافي وبسيط,https://khamsat.com/designing/certificates/3006706-%D8%AA%D8%B5%D9%85%D9%8A%D9%85-%D8%B4%D9%87%D8%A7%D8%AF%D8%A7%D8%AA-%D8%AA%D9%82%D8%AF%D9%8A%D8%B1-%D8%A8%D8%B4%D9%83%D9%84-%D8%A7%D8%AD%D8%AA%D8%B1%D8%A7%D9%81%D9%8A-%D9%88%D8%A8%D8%B3%D9%8A%D8%B7,0.0,0,ساعتين,1,0,$5.00,يوم واحد,0,1,10.0,.Esraa N,https://khamsat.com/user/esraa_nabil_mostafa,True,بائع جديد,0.0,0,100.0%,2,1,ساعتين
تصميم,https://khamsat.com/designing,شهادات شكر وتقدير,https://khamsat.com/designing/certificates,تصميم شهادات تقدير باحترافية,https://khamsat.com/designing/certificates/2625010-%D8%AA%D8%B5%D9%85%D9%8A%D9%85-%D8%B4%D9%87%D8%A7%D8%AF%D8%A7%D8%AA-%D8%AA%D9%82%D8%AF%D9%8A%D8%B1-%D8%A8%D8%A7%D8%AD%D8%AA%D8%B1%D8%A7%D9%81%D9%8A%D8%A9,5.0,1,12 دقيقة,2,0,$5.00,يوم واحد,1,5,60.0,إسراء م.,https://khamsat.com/user/esraa_mabrouk44,True,بائع جديد,5.0,1,100.0%,5,2,ساعتين
تصميم,https://khamsat.com/designing,شهادات شكر وتقدير,https://khamsat.com/designing/certificates,تصميم وكتابة شهادات الشكر والتقدير والعرفان وكذا التحفيز للطلاب,https://khamsat.com/designing/certificates/3025281-%D8%AA%D8%B5%D9%85%D9%8A%D9%85-%D9%88%D9%83%D8%AA%D8%A7%D8%A8%D8%A9-%D8%B4%D9%87%D8%A7%D8%AF%D8%A7%D8%AA-%D8%A7%D9%84%D8%B4%D9%83%D8%B1-%D9%88%D8%A7%D9%84%D8%AA%D9%82%D8%AF%D9%8A%D8%B1-%D9%88%D8%A7%D9%84%D8%B9%D8%B1%D9%81%D8%A7%D9%86-%D9%88%D9%83%D8%B0%D8%A7-%D8%A7%D9%84%D8%AA%D8%AD%D9%81%D9%8A%D8%B2-%D9%84%D9%84%D8%B7%D9%84%D8%A7%D8%A8,0.0,0,لم يحسب,0,0,$5.00,يوم واحد,0,0,0.0,شهيناز ب.,https://khamsat.com/user/chahinaz_python,False,بائع جديد,0.0,0,لم يحسب بعد,2,0,لم يحسب
تصميم,https://khamsat.com/designing,شهادات شكر وتقدير,https://khamsat.com/designing/certificates,تصميم شهادة تقديرية جذابة,https://khamsat.com/designing/certificates/3040283-%D8%AA%D8%B5%D9%85%D9%8A%D9%85-%D8%B4%D9%87%D8%A7%D8%AF%D8%A9-%D8%AA%D9%82%D8%AF%D9%8A%D8%B1%D9%8A%D8%A9-%D8%AC%D8%B0%D8%A7%D8%A8%D8%A9,0.0,0,لم يحسب,0,0,$5.00,يوم واحد,0,1,5.0,مودة ع.,https://khamsat.com/user/mawada_abdalbagi123,False,بائع جديد,0.0,0,لم يحسب بعد,5,0,لم يحسب
تصميم,https://khamsat.com/designing,شهادات شكر وتقدير,https://khamsat.com/designing/certificates,تصميم شهادات الشكر والتقدير وشهادات التميز والتخرج,https://khamsat.com/designing/certificates/2722936-%D8%AA%D8%B5%D9%85%D9%8A%D9%85-%D8%B4%D9%87%D8%A7%D8%AF%D8%A7%D8%AA-%D8%A7%D9%84%D8%B4%D9%83%D8%B1-%D9%88%D8%A7%D9%84%D8%AA%D9%82%D8%AF%D9%8A%D8%B1-%D9%88%D8%B4%D9%87%D8%A7%D8%AF%D8%A7%D8%AA-%D8%A7%D9%84%D8%AA%D9%85%D9%8A%D8%B2-%D9%88%D8%A7%D9%84%D8%AA%D8%AE%D8%B1%D8%AC,0.0,0,لم يحسب,0,0,$5.00,يوم واحد,0,1,10.0,.Abdessalam M,https://khamsat.com/user/mrabtabdessalam,True,بائع جديد,0.0,0,لم يحسب بعد,4,0,لم يحسب
تصميم,https://khamsat.com/designing,شهادات شكر وتقدير,https://khamsat.com/designing/certificates,تصميم شهادات شكر و تقدير مميّزة واحترافية,https://khamsat.com/designing/certificates/3028650-%D8%AA%D8%B5%D9%85%D9%8A%D9%85-%D8%B4%D9%87%D8%A7%D8%AF%D8%A7%D8%AA-%D8%B4%D9%83%D8%B1-%D9%88-%D8%AA%D9%82%D8%AF%D9%8A%D8%B1-%D9%85%D9%85%D9%8A%D8%B2%D8%A9-%D9%88%D8%A7%D8%AD%D8%AA%D8%B1%D8%A7%D9%81%D9%8A%D8%A9,0.0,0,لم يحسب,0,0,$5.00,يوم واحد,0,0,0.0,ياسمين ع.,https://khamsat.com/user/yb768999,True,بائع جديد,0.0,0,لم يحسب بعد,4,0,لم يحسب
تصميم,https://khamsat.com/designing,شهادات شكر وتقدير,https://khamsat.com/designing/certificates,تصميم شهادات تقدير وشهادات تكريم,https://khamsat.com/designing/certificates/2318724-%D8%AA%D8%B5%D9%85%D9%8A%D9%85-%D8%B4%D9%87%D8%A7%D8%AF%D8%A7%D8%AA-%D8%AA%D9%82%D8%AF%D9%8A%D8%B1-%D9%88%D8%B4%D9%87%D8%A7%D8%AF%D8%A7%D8%AA-%D8%AA%D9%83%D8%B1%D9%8A%D9%85,0.0,0,لم يحسب,0,0,$5.00,يوم واحد,0,1,5.0,.Ahmed K,https://khamsat.com/user/ahmed_kareem07,True,بائع جديد,5.0,1,100.0%,3,1,16 ساعة
تصميم,https://khamsat.com/designing,شهادات شكر وتقدير,https://khamsat.com/designing/certificates,تصاميم علي الورد وربطها بقاعدة البيانات علي الاكسل,https://khamsat.com/designing/certificates/2777031-%D8%AA%D8%B5%D8%A7%D9%85%D9%8A%D9%85-%D8%B9%D9%84%D9%8A-%D8%A7%D9%84%D9%88%D8%B1%D8%AF-%D9%88%D8%B1%D8%A8%D8%B7%D9%87%D8%A7-%D8%A8%D9%82%D8%A7%D8%B9%D8%AF%D8%A9-%D8%A7%D9%84%D8%A8%D9%8A%D8%A7%D9%86%D8%A7%D8%AA-%D8%B9%D9%84%D9%8A-%D8%A7%D9%84%D8%A7%D9%83%D8%B3%D9%84,0.0,0,لم يحسب,0,0,$10.00,يومين,0,2,35.0,.Mohamed H,https://khamsat.com/user/mohamed_abdo1999,True,بائع مميز,5.0,49,98.88%,5,56,ساعة
تصميم,https://khamsat.com/designing,شهادات شكر وتقدير,https://khamsat.com/designing/certificates,تصميم شهادة شكر وتقدير بشكل احترافي,https://khamsat.com/designing/certificates/2962651-%D8%AA%D8%B5%D9%85%D9%8A%D9%85-%D8%B4%D9%87%D8%A7%D8%AF%D8%A9-%D8%B4%D9%83%D8%B1-%D9%88%D8%AA%D9%82%D8%AF%D9%8A%D8%B1-%D8%A8%D8%B4%D9%83%D9%84-%D8%A7%D8%AD%D8%AA%D8%B1%D8%A7%D9%81%D9%8A,0.0,0,لم يحسب,0,0,$5.00,يوم واحد,0,2,10.0,.Mostafa S,https://khamsat.com/user/mostafa_saad97,True,بائع جديد,5.0,1,100.0%,3,1,يوم
تصميم,https://khamsat.com/designing,شهادات شكر وتقدير,https://khamsat.com/designing/certificates,نقدم لكم خدمة تصميم شهادات تخرج وتقدير,https://khamsat.com/designing/certificates/2878067-%D9%86%D9%82%D8%AF%D9%85-%D9%84%D9%83%D9%85-%D8%AE%D8%AF%D9%85%D8%A9-%D8%AA%D8%B5%D9%85%D9%8A%D9%85-%D8%B4%D9%87%D8%A7%D8%AF%D8%A7%D8%AA-%D8%AA%D8%AE%D8%B1%D8%AC-%D9%88%D8%AA%D9%82%D8%AF%D9%8A%D8%B1,0.0,0,لم يحسب,0,0,$5.00,يومين,0,0,0.0,سامر م.,https://khamsat.com/user/s2m0a1r0,True,بائع جديد,0.0,0,لم يحسب بعد,1,0,لم يحسب
تصميم,https://khamsat.com/designing,شهادات شكر وتقدير,https://khamsat.com/designing/certificates,تصميم شهادات شكر وتقدير باحترافية,https://khamsat.com/designing/certificates/2908654-%D8%AA%D8%B5%D9%85%D9%8A%D9%85-%D8%B4%D9%87%D8%A7%D8%AF%D8%A7%D8%AA-%D8%B4%D9%83%D8%B1-%D9%88%D8%AA%D9%82%D8%AF%D9%8A%D8%B1-%D8%A8%D8%A7%D8%AD%D8%AA%D8%B1%D8%A7%D9%81%D9%8A%D8%A9,0.0,0,لم يحسب,0,0,$5.00,يوم واحد,0,1,5.0,.Tasneem I,https://khamsat.com/user/tasneem-zedan,True,بائع جديد,5.0,1,100.0%,4,1,6 ساعات
تصميم,https://khamsat.com/designing,شهادات شكر وتقدير,https://khamsat.com/designing/certificates,تصميم شهادة شكر وتقدير لجميع المجالات,https://khamsat.com/designing/certificates/2496292-%D8%AA%D8%B5%D9%85%D9%8A%D9%85-%D8%B4%D9%87%D8%A7%D8%AF%D8%A9-%D8%B4%D9%83%D8%B1-%D9%88%D8%AA%D9%82%D8%AF%D9%8A%D8%B1-%D9%84%D8%AC%D9%85%D9%8A%D8%B9-%D8%A7%D9%84%D9%85%D8%AC%D8%A7%D9%84%D8%A7%D8%AA,0.0,0,لم يحسب,0,0,$5.00,يومين,0,0,0.0,.Magdy A,https://khamsat.com/user/magdyabdelmaged35,True,بائع جديد,0.0,0,لم يحسب بعد,2,0,لم يحسب
تصميم,https://khamsat.com/designing,شهادات شكر وتقدير,https://khamsat.com/designing/certificates,تصميم بطاقة أو شهادة بإحترافية عالية,https://khamsat.com/designing/certificates/1307009-%D8%AA%D8%B5%D9%85%D9%8A%D9%85-%D8%A8%D8%B7%D8%A7%D9%82%D8%A9-%D8%A3%D9%88-%D8%B4%D9%87%D8%A7%D8%AF%D8%A9-%D8%A8%D8%A5%D8%AD%D8%AA%D8%B1%D8%A7%D9%81%D9%8A%D8%A9-%D8%B9%D8%A7%D9%84%D9%8A%D8%A9,0.0,0,لم يحسب,0,0,$5.00,يومين,0,5,100.0,.Abderrahim M,https://khamsat.com/user/abderrahim-el-haouzi,False,بائع جديد,0.0,4,72.73%,2,3,18 ساعة
تصميم,https://khamsat.com/designing,شهادات شكر وتقدير,https://khamsat.com/designing/certificates,تصميم شهادات التقدير للطلاب,https://khamsat.com/designing/certificates/2452935-%D8%AA%D8%B5%D9%85%D9%8A%D9%85-%D8%B4%D9%87%D8%A7%D8%AF%D8%A7%D8%AA-%D8%A7%D9%84%D8%AA%D9%82%D8%AF%D9%8A%D8%B1-%D9%84%D9%84%D8%B7%D9%84%D8%A7%D8%A8,0.0,0,لم يحسب,0,0,$5.00,يوم واحد,0,1,5.0,عبدالله ا.,https://khamsat.com/user/drabduallah,True,بائع نشيط,4.5,7,86.67%,2,9,4 ساعات
تصميم,https://khamsat.com/designing,شهادات شكر وتقدير,https://khamsat.com/designing/certificates,تصميم شهادات تقدير certificate of achievement,https://khamsat.com/designing/certificates/3014698-%D8%AA%D8%B5%D9%85%D9%8A%D9%85-%D8%B4%D9%87%D8%A7%D8%AF%D8%A7%D8%AA-%D8%AA%D9%82%D8%AF%D9%8A%D8%B1-certificate-of-achievement,0.0,0,لم يحسب,0,0,$5.00,يوم واحد,0,1,5.0,.Aya G,https://khamsat.com/user/ayaaz189,False,بائع جديد,0.0,0,لم يحسب بعد,3,0,لم يحسب
تصميم,https://khamsat.com/designing,شهادات شكر وتقدير,https://khamsat.com/designing/certificates,تصميم شهادات شكر وتقدير باحترافية عالية,https://khamsat.com/designing/certificates/2830660-%D8%AA%D8%B5%D9%85%D9%8A%D9%85-%D8%B4%D9%87%D8%A7%D8%AF%D8%A7%D8%AA-%D8%B4%D9%83%D8%B1-%D9%88%D8%AA%D9%82%D8%AF%D9%8A%D8%B1-%D8%A8%D8%A7%D8%AD%D8%AA%D8%B1%D8%A7%D9%81%D9%8A%D8%A9-%D8%B9%D8%A7%D9%84%D9%8A%D8%A9,0.0,0,لم يحسب,0,0,$5.00,يوم واحد,0,4,20.0,.Abdalemalk A,https://khamsat.com/user/abdalemalkadel,True,بائع جديد,0.0,1,لم يحسب بعد,3,0,دقيقتين
تصميم,https://khamsat.com/designing,شهادات شكر وتقدير,https://khamsat.com/designing/certificates,تصميم شهادات الشكر والتقدير,https://khamsat.com/designing/certificates/3026224-%D8%AA%D8%B5%D9%85%D9%8A%D9%85-%D8%B4%D9%87%D8%A7%D8%AF%D8%A7%D8%AA-%D8%A7%D9%84%D8%B4%D9%83%D8%B1-%D9%88%D8%A7%D9%84%D8%AA%D9%82%D8%AF%D9%8A%D8%B1,0.0,0,لم يحسب,0,0,$5.00,يوم واحد,0,2,20.0,.Racha C,https://khamsat.com/user/rachachinare65,True,بائع جديد,0.0,0,لم يحسب بعد,5,0,لم يحسب
تصميم,https://khamsat.com/designing,شهادات شكر وتقدير,https://khamsat.com/designing/certificates,تصميم شهادة شكر و تقدير احترافية,https://khamsat.com/designing/certificates/2991908-%D8%AA%D8%B5%D9%85%D9%8A%D9%85-%D8%B4%D9%87%D8%A7%D8%AF%D8%A9-%D8%B4%D9%83%D8%B1-%D9%88-%D8%AA%D9%82%D8%AF%D9%8A%D8%B1-%D8%A7%D8%AD%D8%AA%D8%B1%D8%A7%D9%81%D9%8A%D8%A9,0.0,0,لم يحسب,0,0,$5.00,يوم واحد,0,1,5.0,عبدالرحمن م.,https://khamsat.com/user/abdelrahman2597,False,بائع جديد,0.0,0,لم يحسب بعد,2,0,لم يحسب
تصميم,https://khamsat.com/designing,شهادات شكر وتقدير,https://khamsat.com/designing/certificates,تصميم شهادات شكر وتقدير احترافية,https://khamsat.com/designing/certificates/2966769-%D8%AA%D8%B5%D9%85%D9%8A%D9%85-%D8%B4%D9%87%D8%A7%D8%AF%D8%A7%D8%AA-%D8%B4%D9%83%D8%B1-%D9%88%D8%AA%D9%82%D8%AF%D9%8A%D8%B1-%D8%A7%D8%AD%D8%AA%D8%B1%D8%A7%D9%81%D9%8A%D8%A9,0.0,0,لم يحسب,0,0,$5.00,يوم واحد,0,1,10.0,.Marwa S,https://khamsat.com/user/marwa_srk20,True,بائع جديد,0.0,0,لم يحسب بعد,2,0,لم يحسب
تصميم,https://khamsat.com/designing,شهادات شكر وتقدير,https://khamsat.com/designing/certificates,تصميم شهادات تقدير او شكر بأشكال مختلفة,https://khamsat.com/designing/certificates/2483197-%D8%AA%D8%B5%D9%85%D9%8A%D9%85-%D8%B4%D9%87%D8%A7%D8%AF%D8%A7%D8%AA-%D8%AA%D9%82%D8%AF%D9%8A%D8%B1-%D8%A7%D9%88-%D8%B4%D9%83%D8%B1-%D8%A8%D8%A3%D8%B4%D9%83%D8%A7%D9%84-%D9%85%D8%AE%D8%AA%D9%84%D9%81%D8%A9,0.0,0,لم يحسب,0,0,$5.00,يوم واحد,0,0,0.0,.Abdulrahman M,https://khamsat.com/user/abdulrahman656,False,بائع جديد,0.0,0,لم يحسب بعد,3,0,6 دقائق
تصميم,https://khamsat.com/designing,شهادات شكر وتقدير,https://khamsat.com/designing/certificates,شهادات شكر وتقدير احترافية وبسيطه ( Nice Certificate ),https://khamsat.com/designing/certificates/3043705-%D8%B4%D9%87%D8%A7%D8%AF%D8%A7%D8%AA-%D8%B4%D9%83%D8%B1-%D9%88%D8%AA%D9%82%D8%AF%D9%8A%D8%B1-%D8%A7%D8%AD%D8%AA%D8%B1%D8%A7%D9%81%D9%8A%D8%A9-%D9%88%D8%A8%D8%B3%D9%8A%D8%B7%D9%87-nice-certificate,0.0,0,لم يحسب,0,0,$5.00,يومين,0,5,90.0,.Mayar A,https://khamsat.com/user/meroabo,True,بائع جديد,0.0,0,لم يحسب بعد,1,0,لم يحسب
تصميم,https://khamsat.com/designing,شهادات شكر وتقدير,https://khamsat.com/designing/certificates,تصميم شهادات تقدير مجسمة ودروع مجسمة بمختلف انواعها,https://khamsat.com/designing/certificates/3030885-%D8%AA%D8%B5%D9%85%D9%8A%D9%85-%D8%B4%D9%87%D8%A7%D8%AF%D8%A7%D8%AA-%D8%AA%D9%82%D8%AF%D9%8A%D8%B1-%D9%85%D8%AC%D8%B3%D9%85%D8%A9-%D9%88%D8%AF%D8%B1%D9%88%D8%B9-%D9%85%D8%AC%D8%B3%D9%85%D8%A9-%D8%A8%D9%85%D8%AE%D8%AA%D9%84%D9%81-%D8%A7%D9%86%D9%88%D8%A7%D8%B9%D9%87%D8%A7,0.0,0,لم يحسب,0,0,$5.00,يوم واحد,0,0,0.0,سامح ي.,https://khamsat.com/user/sameh-yehia,True,بائع جديد,0.0,0,لم يحسب بعد,4,0,لم يحسب
تصميم,https://khamsat.com/designing,شهادات شكر وتقدير,https://khamsat.com/designing/certificates,تصميمات شهادات شكر وتقدير,https://khamsat.com/designing/certificates/2962060-%D8%AA%D8%B5%D9%85%D9%8A%D9%85%D8%A7%D8%AA-%D8%B4%D9%87%D8%A7%D8%AF%D8%A7%D8%AA-%D8%B4%D9%83%D8%B1-%D9%88%D8%AA%D9%82%D8%AF%D9%8A%D8%B1,0.0,0,لم يحسب,0,0,$5.00,يومين,0,0,0.0,.Ibrahim M,https://khamsat.com/user/ebrahim229,True,بائع جديد,0.0,0,لم يحسب بعد,2,0,لم يحسب
تصميم,https://khamsat.com/designing,شهادات شكر وتقدير,https://khamsat.com/designing/certificates,اعداد الشواهد التقديرية والتكريمية لكافة المناسبات,https://khamsat.com/designing/certificates/2538100-%D8%A7%D8%B9%D8%AF%D8%A7%D8%AF-%D8%A7%D9%84%D8%B4%D9%88%D8%A7%D9%87%D8%AF-%D8%A7%D9%84%D8%AA%D9%82%D8%AF%D9%8A%D8%B1%D9%8A%D8%A9-%D9%88%D8%A7%D9%84%D8%AA%D9%83%D8%B1%D9%8A%D9%85%D9%8A%D8%A9-%D9%84%D9%83%D8%A7%D9%81%D8%A9-%D8%A7%D9%84%D9%85%D9%86%D8%A7%D8%B3%D8%A8%D8%A7%D8%AA,0.0,0,5 دقائق,0,0,$5.00,يوم واحد,0,4,65.0,النكية ا.,https://khamsat.com/user/nguiya,False,بائع جديد,0.0,0,لم يحسب بعد,2,0,ساعة
تصميم,https://khamsat.com/designing,شهادات شكر وتقدير,https://khamsat.com/designing/certificates,تصاميم شهادات شكر وتقدير بإحترافية,https://khamsat.com/designing/certificates/2963684-%D8%AA%D8%B5%D8%A7%D9%85%D9%8A%D9%85-%D8%B4%D9%87%D8%A7%D8%AF%D8%A7%D8%AA-%D8%B4%D9%83%D8%B1-%D9%88%D8%AA%D9%82%D8%AF%D9%8A%D8%B1-%D8%A8%D8%A5%D8%AD%D8%AA%D8%B1%D8%A7%D9%81%D9%8A%D8%A9,0.0,0,لم يحسب,0,0,$5.00,يومين,0,0,0.0,.Ibrahim M,https://khamsat.com/user/ebrahim229,True,بائع جديد,0.0,0,لم يحسب بعد,2,0,لم يحسب
تصميم,https://khamsat.com/designing,شهادات شكر وتقدير,https://khamsat.com/designing/certificates,كتابة وتنسيق ملفات الباور بوينت power point,https://khamsat.com/designing/certificates/3016592-%D9%83%D8%AA%D8%A7%D8%A8%D8%A9-%D9%88%D8%AA%D9%86%D8%B3%D9%8A%D9%82-%D9%85%D9%84%D9%81%D8%A7%D8%AA-%D8%A7%D9%84%D8%A8%D8%A7%D9%88%D8%B1-%D8%A8%D9%88%D9%8A%D9%86%D8%AA-power-point,0.0,0,لم يحسب,0,0,$5.00,يوم واحد,0,2,25.0,محمد ع.,https://khamsat.com/user/m9k8d3_fh8,False,بائع جديد,0.0,0,لم يحسب بعد,1,0,لم يحسب
تصميم,https://khamsat.com/designing,شهادات شكر وتقدير,https://khamsat.com/designing/certificates,تصميم شهادات رسمية للاكاديميات والبرامج,https://khamsat.com/designing/certificates/2893431-%D8%AA%D8%B5%D9%85%D9%8A%D9%85-%D8%B4%D9%87%D8%A7%D8%AF%D8%A7%D8%AA-%D8%B1%D8%B3%D9%85%D9%8A%D8%A9-%D9%84%D9%84%D8%A7%D9%83%D8%A7%D8%AF%D9%8A%D9%85%D9%8A%D8%A7%D8%AA-%D9%88%D8%A7%D9%84%D8%A8%D8%B1%D8%A7%D9%85%D8%AC,0.0,0,لم يحسب,0,0,$5.00,أربعة أيام,0,1,5.0,متجر إ.,https://khamsat.com/user/lobbna,False,بائع جديد,0.0,0,لم يحسب بعد,2,0,لم يحسب
تصميم,https://khamsat.com/designing,شهادات شكر وتقدير,https://khamsat.com/designing/certificates,"تصميم شهـادات تقدير , بطاقات تهنئة , دعوة زفاف مميزة",https://khamsat.com/designing/certificates/2200629-%D8%AA%D8%B5%D9%85%D9%8A%D9%85-%D8%B4%D9%87%D9%80%D8%A7%D8%AF%D8%A7%D8%AA-%D8%AA%D9%82%D8%AF%D9%8A%D8%B1-%D8%A8%D8%B7%D8%A7%D9%82%D8%A7%D8%AA-%D8%AA%D9%87%D9%86%D8%A6%D8%A9-%D8%AF%D8%B9%D9%88%D8%A9-%D8%B2%D9%81%D8%A7%D9%81-%D9%85%D9%85%D9%8A%D8%B2%D8%A9,0.0,0,ساعتين,0,0,$5.00,يوم واحد,0,4,25.0,.Mamdouh M,https://khamsat.com/user/mm-3,True,بائع مميز,5.0,53,81.25%,10,66,6 ساعات
تصميم,https://khamsat.com/designing,تنسيق كتب,https://khamsat.com/designing/book-layout-design,تصميم وتنسيق كتب - كتيبات بإحترافية على انديزاين - وورد - بوربوينت,https://khamsat.com/designing/book-layout-design/1866660-%D8%AA%D8%B5%D9%85%D9%8A%D9%85-%D9%88%D8%AA%D9%86%D8%B3%D9%8A%D9%82-%D9%83%D8%AA%D8%A8-%D9%83%D8%AA%D9%8A%D8%A8%D8%A7%D8%AA-%D8%A8%D8%A5%D8%AD%D8%AA%D8%B1%D8%A7%D9%81%D9%8A%D8%A9-%D8%B9%D9%84%D9%89-%D8%A7%D9%86%D8%AF%D9%8A%D8%B2%D8%A7%D9%8A%D9%86-%D9%88%D9%88%D8%B1%D8%AF-%D8%A8%D9%88%D8%B1%D8%A8%D9%88%D9%8A%D9%86%D8%AA,4.5,119,39 دقيقة,156,0,$15.00,خمسة أيام,25,5,200.0,.Mohammed A,https://khamsat.com/user/muhamed_mansour22,True,بائع مميز,4.5,362,94.77%,1,396,4 ساعات
تصميم,https://khamsat.com/designing,تنسيق كتب,https://khamsat.com/designing/book-layout-design,تصميم وتنسيق كتب وكتيبات تقرير، مجلات احترافية عالية,https://khamsat.com/designing/book-layout-design/3033746-%D8%AA%D8%B5%D9%85%D9%8A%D9%85-%D9%88%D8%AA%D9%86%D8%B3%D9%8A%D9%82-%D9%83%D8%AA%D8%A8-%D9%88%D9%83%D8%AA%D9%8A%D8%A8%D8%A7%D8%AA-%D8%AA%D9%82%D8%B1%D9%8A%D8%B1-%D9%85%D8%AC%D9%84%D8%A7%D8%AA-%D8%A7%D8%AD%D8%AA%D8%B1%D8%A7%D9%81%D9%8A%D8%A9-%D8%B9%D8%A7%D9%84%D9%8A%D8%A9,5.0,1,دقيقة,2,0,$10.00,يومين,1,5,195.0,.Karim A,https://khamsat.com/user/karimabdelazize,True,بائع نشيط,5.0,11,100.0%,2,12,3 دقائق
تصميم,https://khamsat.com/designing,تنسيق كتب,https://khamsat.com/designing/book-layout-design,تصميم وتنسيق وإخراج كتاب بشكل احترافي على برنامج ادوبي انديزاين,https://khamsat.com/designing/book-layout-design/2649340-%D8%AA%D8%B5%D9%85%D9%8A%D9%85-%D9%88%D8%AA%D9%86%D8%B3%D9%8A%D9%82-%D9%88%D8%A5%D8%AE%D8%B1%D8%A7%D8%AC-%D9%83%D8%AA%D8%A7%D8%A8-%D8%A8%D8%B4%D9%83%D9%84-%D8%A7%D8%AD%D8%AA%D8%B1%D8%A7%D9%81%D9%8A-%D8%B9%D9%84%D9%89-%D8%A8%D8%B1%D9%86%D8%A7%D9%85%D8%AC-%D8%A7%D8%AF%D9%88%D8%A8%D9%8A-%D8%A7%D9%86%D8%AF%D9%8A%D8%B2%D8%A7%D9%8A%D9%86,5.0,16,يوم,21,0,$20.00,يومين,16,5,345.0,.Abdulqader A,https://khamsat.com/user/abdulqadeer,True,بائع مميز,5.0,31,90.54%,3,37,7 ساعات
تصميم,https://khamsat.com/designing,تنسيق كتب,https://khamsat.com/designing/book-layout-design,تصميم وتنسيق الكتب بكل احترافية على الانديزاين,https://khamsat.com/designing/book-layout-design/2646731-%D8%AA%D8%B5%D9%85%D9%8A%D9%85-%D9%88%D8%AA%D9%86%D8%B3%D9%8A%D9%82-%D8%A7%D9%84%D9%83%D8%AA%D8%A8-%D8%A8%D9%83%D9%84-%D8%A7%D8%AD%D8%AA%D8%B1%D8%A7%D9%81%D9%8A%D8%A9-%D8%B9%D9%84%D9%89-%D8%A7%D9%84%D8%A7%D9%86%D8%AF%D9%8A%D8%B2%D8%A7%D9%8A%D9%86,5.0,7,4 ساعات,12,0,$20.00,ثلاثة أيام,7,5,355.0,سامح أ.,https://khamsat.com/user/samih_2020,True,بائع نشيط,5.0,23,97.22%,4,28,ساعة
تصميم,https://khamsat.com/designing,تنسيق كتب,https://khamsat.com/designing/book-layout-design,أضف لمسة فنية لقصصك من خلال تصميم المطبوعات,https://khamsat.com/designing/book-layout-design/2818271-%D8%A3%D8%B6%D9%81-%D9%84%D9%85%D8%B3%D8%A9-%D9%81%D9%86%D9%8A%D8%A9-%D9%84%D9%82%D8%B5%D8%B5%D9%83-%D9%85%D9%86-%D8%AE%D9%84%D8%A7%D9%84-%D8%AA%D8%B5%D9%85%D9%8A%D9%85-%D8%A7%D9%84%D9%85%D8%B7%D8%A8%D9%88%D8%B9%D8%A7%D8%AA,5.0,13,ساعتين,17,0,$5.00,ثلاثة أيام,13,5,245.0,محمد ف.,https://khamsat.com/user/mohammed_flaifl,True,بائع مميز,5.0,21,94.44%,3,23,ساعتين
تصميم,https://khamsat.com/designing,تنسيق كتب,https://khamsat.com/designing/book-layout-design,تصميم وتنسيق الكتب باحترافية على الانديزاين,https://khamsat.com/designing/book-layout-design/2939285-%D8%AA%D8%B5%D9%85%D9%8A%D9%85-%D9%88%D8%AA%D9%86%D8%B3%D9%8A%D9%82-%D8%A7%D9%84%D9%83%D8%AA%D8%A8-%D8%A8%D8%A7%D8%AD%D8%AA%D8%B1%D8%A7%D9%81%D9%8A%D8%A9-%D8%B9%D9%84%D9%89-%D8%A7%D9%84%D8%A7%D9%86%D8%AF%D9%8A%D8%B2%D8%A7%D9%8A%D9%86,5.0,2,10 ساعات,4,1,$10.00,يومين,2,4,180.0,.Ali T,https://khamsat.com/user/atareq926,True,بائع نشيط,5.0,2,100.0%,1,4,10 ساعات
تصميم,https://khamsat.com/designing,تنسيق كتب,https://khamsat.com/designing/book-layout-design,تنسيق رسائل ماجستير ودكتوراة,https://khamsat.com/designing/book-layout-design/2840700-%D8%AA%D9%86%D8%B3%D9%8A%D9%82-%D8%B1%D8%B3%D8%A7%D8%A6%D9%84-%D9%85%D8%A7%D8%AC%D8%B3%D8%AA%D9%8A%D8%B1-%D9%88%D8%AF%D9%83%D8%AA%D9%88%D8%B1%D8%A7%D8%A9,5.0,12,8 دقائق,16,0,$5.00,يوم واحد,12,5,175.0,ليلى أ.,https://khamsat.com/user/laila_adeeb,True,بائع نشيط,5.0,21,97.14%,8,23,36 دقيقة
تصميم,https://khamsat.com/designing,تنسيق كتب,https://khamsat.com/designing/book-layout-design,تنسيق ملفات وورد احترافية,https://khamsat.com/designing/book-layout-design/2185145-%D8%AA%D9%86%D8%B3%D9%8A%D9%82-%D9%85%D9%84%D9%81%D8%A7%D8%AA-%D9%88%D9%88%D8%B1%D8%AF-%D8%A7%D8%AD%D8%AA%D8%B1%D8%A7%D9%81%D9%8A%D8%A9,4.5,58,يوم,72,0,$5.00,يوم واحد,25,3,65.0,.Basma A,https://khamsat.com/user/basma_attia,True,بائع مميز,4.5,158,94.63%,5,165,6 ساعات
تصميم,https://khamsat.com/designing,تنسيق كتب,https://khamsat.com/designing/book-layout-design,تصميم كتاب تلوين للكبار المحتوى الداخلي kdp,https://khamsat.com/designing/book-layout-design/2886746-%D8%AA%D8%B5%D9%85%D9%8A%D9%85-%D9%83%D8%AA%D8%A7%D8%A8-%D8%AA%D9%84%D9%88%D9%8A%D9%86-%D9%84%D9%84%D9%83%D8%A8%D8%A7%D8%B1-%D8%A7%D9%84%D9%85%D8%AD%D8%AA%D9%88%D9%89-%D8%A7%D9%84%D8%AF%D8%A7%D8%AE%D9%84%D9%8A-kdp,5.0,1,3 أيام,1,0,$5.00,يوم واحد,1,2,30.0,.Shaimaa K,https://khamsat.com/user/creativegirl,True,بائع نشيط,5.0,1,83.33%,5,1,3 أيام
تصميم,https://khamsat.com/designing,تنسيق كتب,https://khamsat.com/designing/book-layout-design,اصمم كتب الاطفال التعليمية من الصفر وكتب التلوين والتخمين,https://khamsat.com/designing/book-layout-design/1641880-%D8%A7%D8%B5%D9%85%D9%85-%D9%83%D8%AA%D8%A8-%D8%A7%D9%84%D8%A7%D8%B7%D9%81%D8%A7%D9%84-%D8%A7%D9%84%D8%AA%D8%B9%D9%84%D9%8A%D9%85%D9%8A%D8%A9-%D9%85%D9%86-%D8%A7%D9%84%D8%B5%D9%81%D8%B1-%D9%88%D9%83%D8%AA%D8%A8-%D8%A7%D9%84%D8%AA%D9%84%D9%88%D9%8A%D9%86-%D9%88%D8%A7%D9%84%D8%AA%D8%AE%D9%85%D9%8A%D9%86,5.0,3,ساعتين,3,0,$5.00,ستة أيام,3,4,365.0,.Mai M,https://khamsat.com/user/om_omar,True,بائع مميز,5.0,55,100.0%,11,56,ساعتين
تصميم,https://khamsat.com/designing,تنسيق كتب,https://khamsat.com/designing/book-layout-design,تنسيق أو تعديل الملفات و الكتب و المحاضرات,https://khamsat.com/designing/book-layout-design/2844104-%D8%AA%D9%86%D8%B3%D9%8A%D9%82-%D8%A3%D9%88-%D8%AA%D8%B9%D8%AF%D9%8A%D9%84-%D8%A7%D9%84%D9%85%D9%84%D9%81%D8%A7%D8%AA-%D9%88-%D8%A7%D9%84%D9%83%D8%AA%D8%A8-%D9%88-%D8%A7%D9%84%D9%85%D8%AD%D8%A7%D8%B6%D8%B1%D8%A7%D8%AA,5.0,2,22 ساعة,2,0,$5.00,يوم واحد,2,2,15.0,.Hanan A,https://khamsat.com/user/h9_ali,True,بائع مميز,5.0,28,98.46%,5,35,15 ساعة
تصميم,https://khamsat.com/designing,تنسيق كتب,https://khamsat.com/designing/book-layout-design,تصميم مجلة إلكترونية أو ورقية و بروشور أو فلاير فقط,https://khamsat.com/designing/book-layout-design/1442381-%D8%AA%D8%B5%D9%85%D9%8A%D9%85-%D9%85%D8%AC%D9%84%D8%A9-%D8%A5%D9%84%D9%83%D8%AA%D8%B1%D9%88%D9%86%D9%8A%D8%A9-%D8%A3%D9%88-%D9%88%D8%B1%D9%82%D9%8A%D8%A9-%D9%88-%D8%A8%D8%B1%D9%88%D8%B4%D9%88%D8%B1-%D8%A3%D9%88-%D9%81%D9%84%D8%A7%D9%8A%D8%B1-%D9%81%D9%82%D8%B7,4.5,19,3 دقائق,32,0,$5.00,يومين,19,5,170.0,.Mohammed R,https://khamsat.com/user/mohammedramadan362,True,بائع مميز,4.5,19,82.81%,1,32,3 دقائق
تصميم,https://khamsat.com/designing,تنسيق كتب,https://khamsat.com/designing/book-layout-design,تصميم غلاف كتاب أو كتالوج وتصميم وتنسيق الصفحات الداخلية,https://khamsat.com/designing/book-layout-design/3038488-%D8%AA%D8%B5%D9%85%D9%8A%D9%85-%D8%BA%D9%84%D8%A7%D9%81-%D9%83%D8%AA%D8%A7%D8%A8-%D8%A3%D9%88-%D9%83%D8%AA%D8%A7%D9%84%D9%88%D8%AC-%D9%88%D8%AA%D8%B5%D9%85%D9%8A%D9%85-%D9%88%D8%AA%D9%86%D8%B3%D9%8A%D9%82-%D8%A7%D9%84%D8%B5%D9%81%D8%AD%D8%A7%D8%AA-%D8%A7%D9%84%D8%AF%D8%A7%D8%AE%D9%84%D9%8A%D8%A9,5.0,1,6 ساعات,2,0,$5.00,يوم واحد,1,5,45.0,.Asmaa H,https://khamsat.com/user/asmaa_hany,True,بائع جديد,5.0,1,100.0%,1,2,6 ساعات
تصميم,https://khamsat.com/designing,تنسيق كتب,https://khamsat.com/designing/book-layout-design,تصميم ملف pdf تفاعلي(interactive pdf),https://khamsat.com/designing/book-layout-design/1682821-%D8%AA%D8%B5%D9%85%D9%8A%D9%85-%D9%85%D9%84%D9%81-pdf-%D8%AA%D9%81%D8%A7%D8%B9%D9%84%D9%8Ainteractive-pdf,4.5,27,ساعتين,31,0,$5.00,يومين,25,5,170.0,ايمن م.,https://khamsat.com/user/ayman720,True,بائع مميز,4.5,171,97.09%,6,193,ساعتين
تصميم,https://khamsat.com/designing,تنسيق كتب,https://khamsat.com/designing/book-layout-design,إضافة رأس (Header) وتذييل(Footer) وعلامة مائية (Watermark),https://khamsat.com/designing/book-layout-design/2667163-%D8%A5%D8%B6%D8%A7%D9%81%D8%A9-%D8%B1%D8%A3%D8%B3-header-%D9%88%D8%AA%D8%B0%D9%8A%D9%8A%D9%84footer-%D9%88%D8%B9%D9%84%D8%A7%D9%85%D8%A9-%D9%85%D8%A7%D8%A6%D9%8A%D8%A9-watermark,4.5,4,يوم,6,0,$5.00,يوم واحد,4,2,30.0,.Heba A,https://khamsat.com/user/heba_elganzory,True,بائع مميز,5.0,123,90.91%,12,117,ساعتين
تصميم,https://khamsat.com/designing,تنسيق كتب,https://khamsat.com/designing/book-layout-design,تصميم المطبوعات (كتب، مجلات، فلاير، بروشور...الخ),https://khamsat.com/designing/book-layout-design/1033249-%D8%AA%D8%B5%D9%85%D9%8A%D9%85-%D8%A7%D9%84%D9%85%D8%B7%D8%A8%D9%88%D8%B9%D8%A7%D8%AA-%D9%83%D8%AA%D8%A8-%D9%85%D8%AC%D9%84%D8%A7%D8%AA-%D9%81%D9%84%D8%A7%D9%8A%D8%B1-%D8%A8%D8%B1%D9%88%D8%B4%D9%88%D8%B1.%D8%A7%D9%84%D8%AE,4.5,23,يوم,37,1,$25.00,ثلاثة أيام,23,5,375.0,بهاء ع.,https://khamsat.com/user/%D8%A8%D9%87%D8%A7%D8%A1-%D8%B9%D9%84%D9%8A,True,بائع مميز,4.5,55,79.63%,1,88,16 ساعة
تصميم,https://khamsat.com/designing,تنسيق كتب,https://khamsat.com/designing/book-layout-design,تصميم ملف تعريفي احترافي Company Profile,https://khamsat.com/designing/book-layout-design/2685718-%D8%AA%D8%B5%D9%85%D9%8A%D9%85-%D9%85%D9%84%D9%81-%D8%AA%D8%B9%D8%B1%D9%8A%D9%81%D9%8A-%D8%A7%D8%AD%D8%AA%D8%B1%D8%A7%D9%81%D9%8A-company-profile,5.0,10,ساعتين,14,2,$5.00,يوم واحد,10,4,90.0,.Halema A,https://khamsat.com/user/ashqarhalema,True,بائع مميز,5.0,28,97.37%,3,37,5 ساعات
تصميم,https://khamsat.com/designing,تنسيق كتب,https://khamsat.com/designing/book-layout-design,تصميم كتالوجات وبروفايلات بأسلوب الأنفوجراف,https://khamsat.com/designing/book-layout-design/680152-%D8%AA%D8%B5%D9%85%D9%8A%D9%85-%D9%83%D8%AA%D8%A7%D9%84%D9%88%D8%AC%D8%A7%D8%AA-%D9%88%D8%A8%D8%B1%D9%88%D9%81%D8%A7%D9%8A%D9%84%D8%A7%D8%AA-%D8%A8%D8%A3%D8%B3%D9%84%D9%88%D8%A8-%D8%A7%D9%84%D8%A3%D9%86%D9%81%D9%88%D8%AC%D8%B1%D8%A7%D9%81,5.0,18,5 ساعات,23,0,$5.00,أربعة أيام,18,3,95.0,يوسف ا.,https://khamsat.com/user/%D8%A3%D8%A8%D9%88-%D8%A5%D8%B3%D8%AD%D8%A7%D9%82-%D9%8A%D9%88%D8%B3%D9%81-%D8%A8%D9%86-%D9%85%D8%AD,True,بائع مميز,4.5,186,72.92%,7,208,7 ساعات
تصميم,https://khamsat.com/designing,تنسيق كتب,https://khamsat.com/designing/book-layout-design,تصميم وتنسيق كتب، كتيبات باحترافية على انديزاين، بوربوينت,https://khamsat.com/designing/book-layout-design/2881402-%D8%AA%D8%B5%D9%85%D9%8A%D9%85-%D9%88%D8%AA%D9%86%D8%B3%D9%8A%D9%82-%D9%83%D8%AA%D8%A8-%D9%83%D8%AA%D9%8A%D8%A8%D8%A7%D8%AA-%D8%A8%D8%A7%D8%AD%D8%AA%D8%B1%D8%A7%D9%81%D9%8A%D8%A9-%D8%B9%D9%84%D9%89-%D8%A7%D9%86%D8%AF%D9%8A%D8%B2%D8%A7%D9%8A%D9%86-%D8%A8%D9%88%D8%B1%D8%A8%D9%88%D9%8A%D9%86%D8%AA,5.0,17,7 دقائق,17,1,$10.00,خمسة أيام,17,5,165.0,.Ghazi H,https://khamsat.com/user/ghazidesigner98,True,بائع نشيط,5.0,21,96.0%,5,18,ساعة
تصميم,https://khamsat.com/designing,تنسيق كتب,https://khamsat.com/designing/book-layout-design,تنسيق رسائل الماجستير والدكتوراه والأبحاث الجامعية,https://khamsat.com/designing/book-layout-design/2506358-%D8%AA%D9%86%D8%B3%D9%8A%D9%82-%D8%B1%D8%B3%D8%A7%D8%A6%D9%84-%D8%A7%D9%84%D9%85%D8%A7%D8%AC%D8%B3%D8%AA%D9%8A%D8%B1-%D9%88%D8%A7%D9%84%D8%AF%D9%83%D8%AA%D9%88%D8%B1%D8%A7%D9%87-%D9%88%D8%A7%D9%84%D8%A3%D8%A8%D8%AD%D8%A7%D8%AB-%D8%A7%D9%84%D8%AC%D8%A7%D9%85%D8%B9%D9%8A%D8%A9,5.0,3,17 ساعة,8,0,$10.00,يوم واحد,3,1,75.0,.Maher M,https://khamsat.com/user/maher2034,True,بائع مميز,4.5,52,86.23%,11,76,6 ساعات
تصميم,https://khamsat.com/designing,تنسيق كتب,https://khamsat.com/designing/book-layout-design,تنسيق وتصميم وكتابة الكتب InDesign,https://khamsat.com/designing/book-layout-design/2743074-%D8%AA%D9%86%D8%B3%D9%8A%D9%82-%D9%88%D8%AA%D8%B5%D9%85%D9%8A%D9%85-%D9%88%D9%83%D8%AA%D8%A7%D8%A8%D8%A9-%D8%A7%D9%84%D9%83%D8%AA%D8%A8-indesign,5.0,15,ساعتين,20,2,$5.00,أسبوع,15,5,100.0,.Khloud E,https://khamsat.com/user/khloud_elanosy,True,بائع نشيط,5.0,16,89.74%,2,20,ساعة
تصميم,https://khamsat.com/designing,تنسيق كتب,https://khamsat.com/designing/book-layout-design,تصميم كتالوج أو مجلة أو كتاب,https://khamsat.com/designing/book-layout-design/2216473-%D8%AA%D8%B5%D9%85%D9%8A%D9%85-%D9%83%D8%AA%D8%A7%D9%84%D9%88%D8%AC-%D8%A3%D9%88-%D9%85%D8%AC%D9%84%D8%A9-%D8%A3%D9%88-%D9%83%D8%AA%D8%A7%D8%A8,5.0,2,10 ساعات,2,0,$5.00,أربعة أيام,2,3,25.0,.Somaia A,https://khamsat.com/user/somaia_gd,True,بائع نشيط,5.0,6,83.87%,2,6,23 ساعة
تصميم,https://khamsat.com/designing,تنسيق كتب,https://khamsat.com/designing/book-layout-design,تصميم وتنسيق الكتب والمجلات بكل احترافية على الانديزاين,https://khamsat.com/designing/book-layout-design/856832-%D8%AA%D8%B5%D9%85%D9%8A%D9%85-%D9%88%D8%AA%D9%86%D8%B3%D9%8A%D9%82-%D8%A7%D9%84%D9%83%D8%AA%D8%A8-%D9%88%D8%A7%D9%84%D9%85%D8%AC%D9%84%D8%A7%D8%AA-%D8%A8%D9%83%D9%84-%D8%A7%D8%AD%D8%AA%D8%B1%D8%A7%D9%81%D9%8A%D8%A9-%D8%B9%D9%84%D9%89-%D8%A7%D9%84%D8%A7%D9%86%D8%AF%D9%8A%D8%B2%D8%A7%D9%8A%D9%86,5.0,54,19 ساعة,71,0,$20.00,أربعة أيام,25,4,235.0,إجلان أ.,https://khamsat.com/user/ijlanita,True,بائع مميز,5.0,181,96.22%,4,197,6 ساعات
تصميم,https://khamsat.com/designing,تنسيق كتب,https://khamsat.com/designing/book-layout-design,تصميم مطوية,https://khamsat.com/designing/book-layout-design/225475-%D8%AA%D8%B5%D9%85%D9%8A%D9%85-%D9%85%D8%B7%D9%88%D9%8A%D8%A9,0.0,0,19 دقيقة,1,0,$5.00,يومين,0,5,65.0,يوسف ا.,https://khamsat.com/user/%D8%A3%D8%A8%D9%88-%D8%A5%D8%B3%D8%AD%D8%A7%D9%82-%D9%8A%D9%88%D8%B3%D9%81-%D8%A8%D9%86-%D9%85%D8%AD,True,بائع مميز,4.5,186,72.92%,7,208,7 ساعات
تصميم,https://khamsat.com/designing,تنسيق كتب,https://khamsat.com/designing/book-layout-design,تصميم كتب مع الغلاف باحترافية وجودة عالية,https://khamsat.com/designing/book-layout-design/1467231-%D8%AA%D8%B5%D9%85%D9%8A%D9%85-%D9%83%D8%AA%D8%A8-%D9%85%D8%B9-%D8%A7%D9%84%D8%BA%D9%84%D8%A7%D9%81-%D8%A8%D8%A7%D8%AD%D8%AA%D8%B1%D8%A7%D9%81%D9%8A%D8%A9-%D9%88%D8%AC%D9%88%D8%AF%D8%A9-%D8%B9%D8%A7%D9%84%D9%8A%D8%A9,4.5,70,3 ساعات,75,1,$30.00,يومين,25,5,510.0,.Abdalroof S,https://khamsat.com/user/abdalroof,True,بائع مميز,4.5,110,95.33%,3,106,ساعة
تصميم,https://khamsat.com/designing,تنسيق كتب,https://khamsat.com/designing/book-layout-design,الإخراج الفني وتنسيق الكتب للطباعة والنشر,https://khamsat.com/designing/book-layout-design/1456091-%D8%A7%D9%84%D8%A5%D8%AE%D8%B1%D8%A7%D8%AC-%D8%A7%D9%84%D9%81%D9%86%D9%8A-%D9%88%D8%AA%D9%86%D8%B3%D9%8A%D9%82-%D8%A7%D9%84%D9%83%D8%AA%D8%A8-%D9%84%D9%84%D8%B7%D8%A8%D8%A7%D8%B9%D8%A9-%D9%88%D8%A7%D9%84%D9%86%D8%B4%D8%B1,5.0,22,13 دقيقة,26,0,$10.00,يومين,22,5,95.0,يونس ب.,https://khamsat.com/user/bakayan1984,True,مشتري مميز,5.0,22,92.16%,1,26,7 دقائق
تصميم,https://khamsat.com/designing,تنسيق كتب,https://khamsat.com/designing/book-layout-design,تصميم وتنسيق كتب بروفايل مجلات نوتة دفاتر مفكرة,https://khamsat.com/designing/book-layout-design/1513533-%D8%AA%D8%B5%D9%85%D9%8A%D9%85-%D9%88%D8%AA%D9%86%D8%B3%D9%8A%D9%82-%D9%83%D8%AA%D8%A8-%D8%A8%D8%B1%D9%88%D9%81%D8%A7%D9%8A%D9%84-%D9%85%D8%AC%D9%84%D8%A7%D8%AA-%D9%86%D9%88%D8%AA%D8%A9-%D8%AF%D9%81%D8%A7%D8%AA%D8%B1-%D9%85%D9%81%D9%83%D8%B1%D8%A9,4.5,9,11 ساعة,14,0,$50.00,ستة أيام,9,5,220.0,امل ا.,https://khamsat.com/user/amalmahmmud,True,بائع مميز,4.5,72,88.29%,5,72,12 ساعة
تصميم,https://khamsat.com/designing,تنسيق كتب,https://khamsat.com/designing/book-layout-design,التصميم الداخلي والاخراج الفني للكتب والمجلات,https://khamsat.com/designing/book-layout-design/775488-%D8%A7%D9%84%D8%AA%D8%B5%D9%85%D9%8A%D9%85-%D8%A7%D9%84%D8%AF%D8%A7%D8%AE%D9%84%D9%8A-%D9%88%D8%A7%D9%84%D8%A7%D8%AE%D8%B1%D8%A7%D8%AC-%D8%A7%D9%84%D9%81%D9%86%D9%8A-%D9%84%D9%84%D9%83%D8%AA%D8%A8-%D9%88%D8%A7%D9%84%D9%85%D8%AC%D9%84%D8%A7%D8%AA,5.0,3,44 دقيقة,3,0,$5.00,ثلاثة أيام,3,4,105.0,يوسف ا.,https://khamsat.com/user/%D8%A3%D8%A8%D9%88-%D8%A5%D8%B3%D8%AD%D8%A7%D9%82-%D9%8A%D9%88%D8%B3%D9%81-%D8%A8%D9%86-%D9%85%D8%AD,True,بائع مميز,4.5,186,72.92%,7,208,7 ساعات
تصميم,https://khamsat.com/designing,تنسيق كتب,https://khamsat.com/designing/book-layout-design,تصميم الكتب وتنسيقها بواسطة الإنديزاين,https://khamsat.com/designing/book-layout-design/1746427-%D8%AA%D8%B5%D9%85%D9%8A%D9%85-%D8%A7%D9%84%D9%83%D8%AA%D8%A8-%D9%88%D8%AA%D9%86%D8%B3%D9%8A%D9%82%D9%87%D8%A7-%D8%A8%D9%88%D8%A7%D8%B3%D8%B7%D8%A9-%D8%A7%D9%84%D8%A5%D9%86%D8%AF%D9%8A%D8%B2%D8%A7%D9%8A%D9%86,4.5,9,33 دقيقة,9,0,$5.00,ثلاثة أيام,9,2,95.0,.Mona A,https://khamsat.com/user/mona_2020,True,بائع مميز,4.5,68,93.14%,2,83,ساعتين
تصميم,https://khamsat.com/designing,تنسيق كتب,https://khamsat.com/designing/book-layout-design,تصميم كتاب إلكتروني قابل للطباعة والأغلفة والتصميم الداخلي,https://khamsat.com/designing/book-layout-design/2674079-%D8%AA%D8%B5%D9%85%D9%8A%D9%85-%D9%83%D8%AA%D8%A7%D8%A8-%D8%A5%D9%84%D9%83%D8%AA%D8%B1%D9%88%D9%86%D9%8A-%D9%82%D8%A7%D8%A8%D9%84-%D9%84%D9%84%D8%B7%D8%A8%D8%A7%D8%B9%D8%A9-%D9%88%D8%A7%D9%84%D8%A3%D8%BA%D9%84%D9%81%D8%A9-%D9%88%D8%A7%D9%84%D8%AA%D8%B5%D9%85%D9%8A%D9%85-%D8%A7%D9%84%D8%AF%D8%A7%D8%AE%D9%84%D9%8A,5.0,1,16 دقيقة,1,0,$25.00,ثلاثة أيام,1,5,190.0,.Ahmed M,https://khamsat.com/user/ahmedem,True,بائع مميز,4.5,30,91.36%,4,34,14 ساعة
تصميم,https://khamsat.com/designing,تصميم غلاف كتاب,https://khamsat.com/designing/covers-design,التصميم المبدع لأغلفة وصفحات المجلات والكتب وبروفايل الشركات,https://khamsat.com/designing/covers-design/2341183-%D8%A7%D9%84%D8%AA%D8%B5%D9%85%D9%8A%D9%85-%D8%A7%D9%84%D9%85%D8%A8%D8%AF%D8%B9-%D9%84%D8%A3%D8%BA%D9%84%D9%81%D8%A9-%D9%88%D8%B5%D9%81%D8%AD%D8%A7%D8%AA-%D8%A7%D9%84%D9%85%D8%AC%D9%84%D8%A7%D8%AA-%D9%88%D8%A7%D9%84%D9%83%D8%AA%D8%A8-%D9%88%D8%A8%D8%B1%D9%88%D9%81%D8%A7%D9%8A%D9%84-%D8%A7%D9%84%D8%B4%D8%B1%D9%83%D8%A7%D8%AA,5.0,25,7 ساعات,28,0,$10.00,يوم واحد,25,5,130.0,نهال ص.,https://khamsat.com/user/nihal_22,True,بائع مميز,5.0,45,96.8%,5,45,3 ساعات
تصميم,https://khamsat.com/designing,تصميم غلاف كتاب,https://khamsat.com/designing/covers-design,تصميم غلاف مطبوعاتك بدقه وتميز,https://khamsat.com/designing/covers-design/2827710-%D8%AA%D8%B5%D9%85%D9%8A%D9%85-%D8%BA%D9%84%D8%A7%D9%81-%D9%85%D8%B7%D8%A8%D9%88%D8%B9%D8%A7%D8%AA%D9%83-%D8%A8%D8%AF%D9%82%D9%87-%D9%88%D8%AA%D9%85%D9%8A%D8%B2,5.0,2,3 دقائق,2,1,$10.00,ثلاثة أيام,2,3,20.0,.Eslam A,https://khamsat.com/user/eslam_adel_aldraimli,True,بائع نشيط,5.0,10,100.0%,6,6,20 دقيقة
تصميم,https://khamsat.com/designing,تصميم غلاف كتاب,https://khamsat.com/designing/covers-design,تصميم غلاف كتاب أو رواية بأسلوب مميز وجميل,https://khamsat.com/designing/covers-design/2842532-%D8%AA%D8%B5%D9%85%D9%8A%D9%85-%D8%BA%D9%84%D8%A7%D9%81-%D9%83%D8%AA%D8%A7%D8%A8-%D8%A3%D9%88-%D8%B1%D9%88%D8%A7%D9%8A%D8%A9-%D8%A8%D8%A3%D8%B3%D9%84%D9%88%D8%A8-%D9%85%D9%85%D9%8A%D8%B2-%D9%88%D8%AC%D9%85%D9%8A%D9%84,5.0,6,3 ساعات,7,0,$10.00,يومين,6,3,30.0,.Akram M,https://khamsat.com/user/akram_medkour,True,بائع جديد,5.0,6,88.89%,1,7,3 ساعات
تصميم,https://khamsat.com/designing,تصميم غلاف كتاب,https://khamsat.com/designing/covers-design,تصميم غلاف كتاب احترافى ومميز,https://khamsat.com/designing/covers-design/2739447-%D8%AA%D8%B5%D9%85%D9%8A%D9%85-%D8%BA%D9%84%D8%A7%D9%81-%D9%83%D8%AA%D8%A7%D8%A8-%D8%A7%D8%AD%D8%AA%D8%B1%D8%A7%D9%81%D9%89-%D9%88%D9%85%D9%85%D9%8A%D8%B2,5.0,26,6 دقائق,32,0,$5.00,يوم واحد,25,5,40.0,.Fatema O,https://khamsat.com/user/fatema_omar,True,بائع مميز,5.0,41,98.63%,8,46,يوم
تصميم,https://khamsat.com/designing,تصميم غلاف كتاب,https://khamsat.com/designing/covers-design,تصميم أغلفة كتب إبداعية واحترافية,https://khamsat.com/designing/covers-design/2998375-%D8%AA%D8%B5%D9%85%D9%8A%D9%85-%D8%A3%D8%BA%D9%84%D9%81%D8%A9-%D9%83%D8%AA%D8%A8-%D8%A5%D8%A8%D8%AF%D8%A7%D8%B9%D9%8A%D8%A9-%D9%88%D8%A7%D8%AD%D8%AA%D8%B1%D8%A7%D9%81%D9%8A%D8%A9,4.5,2,يوم,2,0,$5.00,يوم واحد,2,0,0.0,.Ahmed E,https://khamsat.com/user/ahmedelh,True,بائع نشيط,4.5,2,100.0%,4,2,يوم
تصميم,https://khamsat.com/designing,تصميم غلاف كتاب,https://khamsat.com/designing/covers-design,تصميم غلاف كتاب احترافي وجذاب,https://khamsat.com/designing/covers-design/2990184-%D8%AA%D8%B5%D9%85%D9%8A%D9%85-%D8%BA%D9%84%D8%A7%D9%81-%D9%83%D8%AA%D8%A7%D8%A8-%D8%A7%D8%AD%D8%AA%D8%B1%D8%A7%D9%81%D9%8A-%D9%88%D8%AC%D8%B0%D8%A7%D8%A8,5.0,5,8 ساعات,7,0,$5.00,يوم واحد,5,4,40.0,أميرة م.,https://khamsat.com/user/amiramoawad,True,بائع نشيط,5.0,7,39.29%,4,7,3 ساعات
تصميم,https://khamsat.com/designing,تصميم غلاف كتاب,https://khamsat.com/designing/covers-design,ساساعدك في تصميم غلاف كتاب لكندل امازون,https://khamsat.com/designing/covers-design/1749330-%D8%B3%D8%A7%D8%B3%D8%A7%D8%B9%D8%AF%D9%83-%D9%81%D9%8A-%D8%AA%D8%B5%D9%85%D9%8A%D9%85-%D8%BA%D9%84%D8%A7%D9%81-%D9%83%D8%AA%D8%A7%D8%A8-%D9%84%D9%83%D9%86%D8%AF%D9%84-%D8%A7%D9%85%D8%A7%D8%B2%D9%88%D9%86,5.0,1,4 ساعات,1,0,$5.00,يوم واحد,1,5,95.0,ليلى ا.,https://khamsat.com/user/%D8%AB%D8%B1%D9%8A%D8%A7-%D8%A7%D9%84%D8%AD%D9%85%D8%A7%D9%8A%D8%AF%D8%A9,True,مشتري VIP,4.5,195,97.04%,24,247,ساعتين
تصميم,https://khamsat.com/designing,تصميم غلاف كتاب,https://khamsat.com/designing/covers-design,تصميم أغلفة كتب,https://khamsat.com/designing/covers-design/1845968-%D8%AA%D8%B5%D9%85%D9%8A%D9%85-%D8%A3%D8%BA%D9%84%D9%81%D8%A9-%D9%83%D8%AA%D8%A8,5.0,19,دقيقة,22,0,$10.00,يومين,19,3,45.0,.Ravan Z,https://khamsat.com/user/ravan_zeydan8,True,بائع مميز,5.0,54,92.35%,4,61,4 ساعات
تصميم,https://khamsat.com/designing,تصميم غلاف كتاب,https://khamsat.com/designing/covers-design,تصميم غلاف كتاب أو رواية بشكل احترافي,https://khamsat.com/designing/covers-design/2845698-%D8%AA%D8%B5%D9%85%D9%8A%D9%85-%D8%BA%D9%84%D8%A7%D9%81-%D9%83%D8%AA%D8%A7%D8%A8-%D8%A3%D9%88-%D8%B1%D9%88%D8%A7%D9%8A%D8%A9-%D8%A8%D8%B4%D9%83%D9%84-%D8%A7%D8%AD%D8%AA%D8%B1%D8%A7%D9%81%D9%8A,5.0,4,8 دقائق,6,0,$30.00,يوم واحد,4,1,20.0,.Amir M,https://khamsat.com/user/amir_clever10,True,بائع مميز,4.5,36,98.52%,9,42,23 دقيقة
تصميم,https://khamsat.com/designing,تصميم غلاف كتاب,https://khamsat.com/designing/covers-design,تصميم غلاف كتاب,https://khamsat.com/designing/covers-design/1193800-%D8%AA%D8%B5%D9%85%D9%8A%D9%85-%D8%BA%D9%84%D8%A7%D9%81-%D9%83%D8%AA%D8%A7%D8%A8,4.5,57,22 دقيقة,70,0,$10.00,يومين,25,3,35.0,بيشوى ظ.,https://khamsat.com/user/beshoyzareef2019,True,بائع مميز,4.5,81,92.16%,4,88,3 أيام
تصميم,https://khamsat.com/designing,تصميم غلاف كتاب,https://khamsat.com/designing/covers-design,تصميم اغلفة كتب ومشاريع تخرح,https://khamsat.com/designing/covers-design/2798877-%D8%AA%D8%B5%D9%85%D9%8A%D9%85-%D8%A7%D8%BA%D9%84%D9%81%D8%A9-%D9%83%D8%AA%D8%A8-%D9%88%D9%85%D8%B4%D8%A7%D8%B1%D9%8A%D8%B9-%D8%AA%D8%AE%D8%B1%D8%AD,5.0,1,لم يحسب,1,0,$5.00,يوم واحد,1,0,0.0,عامر ق.,https://khamsat.com/user/ameer198,True,بائع جديد,3.5,4,87.5%,3,4,11 ساعة
تصميم,https://khamsat.com/designing,تصميم غلاف كتاب,https://khamsat.com/designing/covers-design,اصمم لك غلاف كتاب مبتكر و مميز للطباعة او للنشر على المواقع,https://khamsat.com/designing/covers-design/2999239-%D8%A7%D8%B5%D9%85%D9%85-%D9%84%D9%83-%D8%BA%D9%84%D8%A7%D9%81-%D9%83%D8%AA%D8%A7%D8%A8-%D9%85%D8%A8%D8%AA%D9%83%D8%B1-%D9%88-%D9%85%D9%85%D9%8A%D8%B2-%D9%84%D9%84%D8%B7%D8%A8%D8%A7%D8%B9%D8%A9-%D8%A7%D9%88-%D9%84%D9%84%D9%86%D8%B4%D8%B1-%D8%B9%D9%84%D9%89-%D8%A7%D9%84%D9%85%D9%88%D8%A7%D9%82%D8%B9,5.0,3,4 ساعات,4,0,$5.00,يوم واحد,3,5,45.0,اسراء ه.,https://khamsat.com/user/asraa_hany,True,بائع جديد,5.0,3,80.0%,1,4,4 ساعات
تصميم,https://khamsat.com/designing,تصميم غلاف كتاب,https://khamsat.com/designing/covers-design,تصميم غلاف كتاب أو مجلة وتنسيق المحتوى الداخلى,https://khamsat.com/designing/covers-design/1217393-%D8%AA%D8%B5%D9%85%D9%8A%D9%85-%D8%BA%D9%84%D8%A7%D9%81-%D9%83%D8%AA%D8%A7%D8%A8-%D8%A3%D9%88-%D9%85%D8%AC%D9%84%D8%A9-%D9%88%D8%AA%D9%86%D8%B3%D9%8A%D9%82-%D8%A7%D9%84%D9%85%D8%AD%D8%AA%D9%88%D9%89-%D8%A7%D9%84%D8%AF%D8%A7%D8%AE%D9%84%D9%89,4.5,37,22 ساعة,41,0,$20.00,يومين,25,3,110.0,.Mohamed A,https://khamsat.com/user/ashrymedia,True,بائع مميز,4.5,45,95.24%,3,48,4 ساعات
تصميم,https://khamsat.com/designing,تصميم غلاف كتاب,https://khamsat.com/designing/covers-design,تصميم مذكرة غلاف و اوراق داخلية جاهزة للطباعة و حسب الطلب,https://khamsat.com/designing/covers-design/2256859-%D8%AA%D8%B5%D9%85%D9%8A%D9%85-%D9%85%D8%B0%D9%83%D8%B1%D8%A9-%D8%BA%D9%84%D8%A7%D9%81-%D9%88-%D8%A7%D9%88%D8%B1%D8%A7%D9%82-%D8%AF%D8%A7%D8%AE%D9%84%D9%8A%D8%A9-%D8%AC%D8%A7%D9%87%D8%B2%D8%A9-%D9%84%D9%84%D8%B7%D8%A8%D8%A7%D8%B9%D8%A9-%D9%88-%D8%AD%D8%B3%D8%A8-%D8%A7%D9%84%D8%B7%D9%84%D8%A8,5.0,8,ساعتين,10,0,$5.00,ثلاثة أيام,8,4,110.0,إسلام ش.,https://khamsat.com/user/islemchaabnia10,True,بائع نشيط,5.0,8,96.67%,5,10,ساعتين
تصميم,https://khamsat.com/designing,تصميم غلاف كتاب,https://khamsat.com/designing/covers-design,تصميم غلاف كتب مجلات الاوراق الداخلية جاهزة للطباعة,https://khamsat.com/designing/covers-design/2808956-%D8%AA%D8%B5%D9%85%D9%8A%D9%85-%D8%BA%D9%84%D8%A7%D9%81-%D9%83%D8%AA%D8%A8-%D9%85%D8%AC%D9%84%D8%A7%D8%AA-%D8%A7%D9%84%D8%A7%D9%88%D8%B1%D8%A7%D9%82-%D8%A7%D9%84%D8%AF%D8%A7%D8%AE%D9%84%D9%8A%D8%A9-%D8%AC%D8%A7%D9%87%D8%B2%D8%A9-%D9%84%D9%84%D8%B7%D8%A8%D8%A7%D8%B9%D8%A9,5.0,10,25 دقيقة,10,0,$10.00,أربعة أيام,10,5,175.0,.Ahmed E,https://khamsat.com/user/ahmedabdelbaset9,True,بائع نشيط,5.0,19,100.0%,4,16,ساعة
تصميم,https://khamsat.com/designing,تصميم غلاف كتاب,https://khamsat.com/designing/covers-design,تصميم غلاف احترافي للكتب والمجلات,https://khamsat.com/designing/covers-design/3016420-%D8%AA%D8%B5%D9%85%D9%8A%D9%85-%D8%BA%D9%84%D8%A7%D9%81-%D8%A7%D8%AD%D8%AA%D8%B1%D8%A7%D9%81%D9%8A-%D9%84%D9%84%D9%83%D8%AA%D8%A8-%D9%88%D8%A7%D9%84%D9%85%D8%AC%D9%84%D8%A7%D8%AA,0.0,0,لم يحسب,1,0,$15.00,يومين,0,2,25.0,.Mahmoud E,https://khamsat.com/user/mahmoudellbody5,True,بائع نشيط,5.0,15,100.0%,3,14,ساعة
تصميم,https://khamsat.com/designing,تصميم غلاف كتاب,https://khamsat.com/designing/covers-design,احصل على تصميم غلاف كتاب ينقل محتوى كتابك لتحفة فنية,https://khamsat.com/designing/covers-design/2835554-%D8%A7%D8%AD%D8%B5%D9%84-%D8%B9%D9%84%D9%89-%D8%AA%D8%B5%D9%85%D9%8A%D9%85-%D8%BA%D9%84%D8%A7%D9%81-%D9%83%D8%AA%D8%A7%D8%A8-%D9%8A%D9%86%D9%82%D9%84-%D9%85%D8%AD%D8%AA%D9%88%D9%89-%D9%83%D8%AA%D8%A7%D8%A8%D9%83-%D9%84%D8%AA%D8%AD%D9%81%D8%A9-%D9%81%D9%86%D9%8A%D8%A9,5.0,2,3 ساعات,2,0,$10.00,يومين,2,0,0.0,محمود ن.,https://khamsat.com/user/mahmoud823,True,بائع جديد,5.0,2,100.0%,1,2,3 ساعات
تصميم,https://khamsat.com/designing,تصميم غلاف كتاب,https://khamsat.com/designing/covers-design,تصميم مذكرة او بلانر غلاف واوراق داخلية جاهزة للطباعة,https://khamsat.com/designing/covers-design/2808311-%D8%AA%D8%B5%D9%85%D9%8A%D9%85-%D9%85%D8%B0%D9%83%D8%B1%D8%A9-%D8%A7%D9%88-%D8%A8%D9%84%D8%A7%D9%86%D8%B1-%D8%BA%D9%84%D8%A7%D9%81-%D9%88%D8%A7%D9%88%D8%B1%D8%A7%D9%82-%D8%AF%D8%A7%D8%AE%D9%84%D9%8A%D8%A9-%D8%AC%D8%A7%D9%87%D8%B2%D8%A9-%D9%84%D9%84%D8%B7%D8%A8%D8%A7%D8%B9%D8%A9,5.0,2,3 دقائق,3,0,$5.00,يومين,2,5,65.0,.Myrna M,https://khamsat.com/user/mernamohammed,True,بائع نشيط,4.5,9,95.12%,5,12,7 ساعات
تصميم,https://khamsat.com/designing,تصميم غلاف كتاب,https://khamsat.com/designing/covers-design,تصميم غلاف مجلة مميز واحترافي,https://khamsat.com/designing/covers-design/2750065-%D8%AA%D8%B5%D9%85%D9%8A%D9%85-%D8%BA%D9%84%D8%A7%D9%81-%D9%85%D8%AC%D9%84%D8%A9-%D9%85%D9%85%D9%8A%D8%B2-%D9%88%D8%A7%D8%AD%D8%AA%D8%B1%D8%A7%D9%81%D9%8A,5.0,1,6 ساعات,2,0,$25.00,يومين,1,0,0.0,سهير س.,https://khamsat.com/user/suheir1990,True,بائع مميز,5.0,29,100.0%,8,33,4 ساعات
تصميم,https://khamsat.com/designing,تصميم غلاف كتاب,https://khamsat.com/designing/covers-design,تصميم رائع غلاف كتابك,https://khamsat.com/designing/covers-design/840405-%D8%AA%D8%B5%D9%85%D9%8A%D9%85-%D8%B1%D8%A7%D8%A6%D8%B9-%D8%BA%D9%84%D8%A7%D9%81-%D9%83%D8%AA%D8%A7%D8%A8%D9%83,4.5,33,13 ساعة,49,0,$5.00,يومين,25,3,20.0,.Anass F,https://khamsat.com/user/anassanass,True,بائع مميز,4.5,43,81.01%,3,57,يوم
تصميم,https://khamsat.com/designing,تصميم غلاف كتاب,https://khamsat.com/designing/covers-design,تصميم غلاف فيسبوك إحترافي لجميع المجالات والتخصصات,https://khamsat.com/designing/covers-design/1011297-%D8%AA%D8%B5%D9%85%D9%8A%D9%85-%D8%BA%D9%84%D8%A7%D9%81-%D9%81%D9%8A%D8%B3%D8%A8%D9%88%D9%83-%D8%A5%D8%AD%D8%AA%D8%B1%D8%A7%D9%81%D9%8A-%D9%84%D8%AC%D9%85%D9%8A%D8%B9-%D8%A7%D9%84%D9%85%D8%AC%D8%A7%D9%84%D8%A7%D8%AA-%D9%88%D8%A7%D9%84%D8%AA%D8%AE%D8%B5%D8%B5%D8%A7%D8%AA,5.0,15,16 دقيقة,20,0,$10.00,يوم واحد,15,3,20.0,.Mohammed M,https://khamsat.com/user/mohasat120,True,بائع مميز,4.5,151,89.02%,2,198,يوم
تصميم,https://khamsat.com/designing,تصميم غلاف كتاب,https://khamsat.com/designing/covers-design,500 تصميم غلاف للكتب والمجلات,https://khamsat.com/designing/covers-design/2071399-500-%D8%AA%D8%B5%D9%85%D9%8A%D9%85-%D8%BA%D9%84%D8%A7%D9%81-%D9%84%D9%84%D9%83%D8%AA%D8%A8-%D9%88%D8%A7%D9%84%D9%85%D8%AC%D9%84%D8%A7%D8%AA,5.0,5,31 دقيقة,8,0,$10.00,يوم واحد,5,4,50.0,.Mohamed F,https://khamsat.com/user/mohamed_elnahar,True,بائع مميز,5.0,24,85.0%,3,29,يوم
تصميم,https://khamsat.com/designing,تصميم غلاف كتاب,https://khamsat.com/designing/covers-design,تصميم أغلفة كُتب وروايات وتنسيق الشكل الداخلى,https://khamsat.com/designing/covers-design/2746468-%D8%AA%D8%B5%D9%85%D9%8A%D9%85-%D8%A3%D8%BA%D9%84%D9%81%D8%A9-%D9%83%D8%AA%D8%A8-%D9%88%D8%B1%D9%88%D8%A7%D9%8A%D8%A7%D8%AA-%D9%88%D8%AA%D9%86%D8%B3%D9%8A%D9%82-%D8%A7%D9%84%D8%B4%D9%83%D9%84-%D8%A7%D9%84%D8%AF%D8%A7%D8%AE%D9%84%D9%89,5.0,2,7 ساعات,2,0,$15.00,يوم واحد,2,3,25.0,.Abdelrahman M,https://khamsat.com/user/abdelrahman_mostaf2,True,بائع نشيط,5.0,8,84.62%,4,5,ساعتين
تصميم,https://khamsat.com/designing,تصميم غلاف كتاب,https://khamsat.com/designing/covers-design,غلاف كتابك مثلما تريد احترافية التصميم وشكل جذاب لكتابك,https://khamsat.com/designing/covers-design/1011269-%D8%BA%D9%84%D8%A7%D9%81-%D9%83%D8%AA%D8%A7%D8%A8%D9%83-%D9%85%D8%AB%D9%84%D9%85%D8%A7-%D8%AA%D8%B1%D9%8A%D8%AF-%D8%A7%D8%AD%D8%AA%D8%B1%D8%A7%D9%81%D9%8A%D8%A9-%D8%A7%D9%84%D8%AA%D8%B5%D9%85%D9%8A%D9%85-%D9%88%D8%B4%D9%83%D9%84-%D8%AC%D8%B0%D8%A7%D8%A8-%D9%84%D9%83%D8%AA%D8%A7%D8%A8%D9%83,4.5,79,18 ساعة,85,1,$15.00,يوم واحد,25,5,200.0,.Mohamed A,https://khamsat.com/user/abuelhana,True,بائع مميز,4.5,79,91.72%,1,85,12 ساعة
تصميم,https://khamsat.com/designing,تصميم غلاف كتاب,https://khamsat.com/designing/covers-design,تصميم غلاف كتاب او مجلة احترافي,https://khamsat.com/designing/covers-design/1329466-%D8%AA%D8%B5%D9%85%D9%8A%D9%85-%D8%BA%D9%84%D8%A7%D9%81-%D9%83%D8%AA%D8%A7%D8%A8-%D8%A7%D9%88-%D9%85%D8%AC%D9%84%D8%A9-%D8%A7%D8%AD%D8%AA%D8%B1%D8%A7%D9%81%D9%8A,5.0,10,ساعتين,11,0,$15.00,يومين,10,2,40.0,.Benabdellah S,https://khamsat.com/user/bella-sekkouri,True,بائع مميز,4.5,53,93.85%,5,46,9 ساعات
تصميم,https://khamsat.com/designing,تصميم غلاف كتاب,https://khamsat.com/designing/covers-design,تصميم غلاف كتاب احترافي بشكل جذاب حسب دوقك,https://khamsat.com/designing/covers-design/2750530-%D8%AA%D8%B5%D9%85%D9%8A%D9%85-%D8%BA%D9%84%D8%A7%D9%81-%D9%83%D8%AA%D8%A7%D8%A8-%D8%A7%D8%AD%D8%AA%D8%B1%D8%A7%D9%81%D9%8A-%D8%A8%D8%B4%D9%83%D9%84-%D8%AC%D8%B0%D8%A7%D8%A8-%D8%AD%D8%B3%D8%A8-%D8%AF%D9%88%D9%82%D9%83,5.0,2,ساعتين,3,0,$5.00,يوم واحد,2,3,15.0,.Mohamed E,https://khamsat.com/user/mohamed_lmouden,True,بائع نشيط,5.0,11,100.0%,7,12,3 ساعات
تصميم,https://khamsat.com/designing,تصميم غلاف كتاب,https://khamsat.com/designing/covers-design,تصميم أغلفة لكتب KDP,https://khamsat.com/designing/covers-design/1375828-%D8%AA%D8%B5%D9%85%D9%8A%D9%85-%D8%A3%D8%BA%D9%84%D9%81%D8%A9-%D9%84%D9%83%D8%AA%D8%A8-kdp,5.0,19,ساعة,22,0,$5.00,يومين,19,2,15.0,يوسف ا.,https://khamsat.com/user/desing_me,True,بائع مميز,5.0,21,92.86%,2,23,57 دقيقة
تصميم,https://khamsat.com/designing,تصميم غلاف كتاب,https://khamsat.com/designing/covers-design,تصميم غلاف كتاب أو مذكرة من اختيارك يميز كتابك ويجعله عصري,https://khamsat.com/designing/covers-design/2968471-%D8%AA%D8%B5%D9%85%D9%8A%D9%85-%D8%BA%D9%84%D8%A7%D9%81-%D9%83%D8%AA%D8%A7%D8%A8-%D8%A3%D9%88-%D9%85%D8%B0%D9%83%D8%B1%D8%A9-%D9%85%D9%86-%D8%A7%D8%AE%D8%AA%D9%8A%D8%A7%D8%B1%D9%83-%D9%8A%D9%85%D9%8A%D8%B2-%D9%83%D8%AA%D8%A7%D8%A8%D9%83-%D9%88%D9%8A%D8%AC%D8%B9%D9%84%D9%87-%D8%B9%D8%B5%D8%B1%D9%8A,4.5,4,ساعة,4,0,$10.00,يوم واحد,4,1,5.0,محمود ا.,https://khamsat.com/user/memoelkhawaga,True,بائع جديد,4.5,4,71.43%,1,4,ساعة
تصميم,https://khamsat.com/designing,تصميم غلاف كتاب,https://khamsat.com/designing/covers-design,تصميم أغلفة المجلات والكتب,https://khamsat.com/designing/covers-design/938762-%D8%AA%D8%B5%D9%85%D9%8A%D9%85-%D8%A3%D8%BA%D9%84%D9%81%D8%A9-%D8%A7%D9%84%D9%85%D8%AC%D9%84%D8%A7%D8%AA-%D9%88%D8%A7%D9%84%D9%83%D8%AA%D8%A8,4.5,51,21 ساعة,66,0,$15.00,ثلاثة أيام,25,5,80.0,يحيي ز.,https://khamsat.com/user/yhia-zakaria,True,بائع مميز,4.5,61,85.89%,4,73,6 ساعات
تصميم,https://khamsat.com/designing,تصميم غلاف كتاب,https://khamsat.com/designing/covers-design,تصميم غلاف لمجلات ، كتب وتصميم للصفحات الداخلية,https://khamsat.com/designing/covers-design/1947294-%D8%AA%D8%B5%D9%85%D9%8A%D9%85-%D8%BA%D9%84%D8%A7%D9%81-%D9%84%D9%85%D8%AC%D9%84%D8%A7%D8%AA-%D9%83%D8%AA%D8%A8-%D9%88%D8%AA%D8%B5%D9%85%D9%8A%D9%85-%D9%84%D9%84%D8%B5%D9%81%D8%AD%D8%A7%D8%AA-%D8%A7%D9%84%D8%AF%D8%A7%D8%AE%D9%84%D9%8A%D8%A9,4.5,6,12 دقيقة,6,0,$5.00,يومين,6,4,85.0,هداية أ.,https://khamsat.com/user/hedayaabukmail,True,بائع مميز,4.5,39,86.61%,7,48,ساعة
تصميم,https://khamsat.com/designing,فلاير وبروشور ورول اب,https://khamsat.com/designing/brochure-flyer,تصميم وكتابة بروفايل شركة - كتالوج - كتيب أو كتاب إلكتروني,https://khamsat.com/designing/brochure-flyer/2625178-%D8%AA%D8%B5%D9%85%D9%8A%D9%85-%D9%88%D9%83%D8%AA%D8%A7%D8%A8%D8%A9-%D8%A8%D8%B1%D9%88%D9%81%D8%A7%D9%8A%D9%84-%D8%B4%D8%B1%D9%83%D8%A9-%D9%83%D8%AA%D8%A7%D9%84%D9%88%D8%AC-%D9%83%D8%AA%D9%8A%D8%A8-%D8%A3%D9%88-%D9%83%D8%AA%D8%A7%D8%A8-%D8%A5%D9%84%D9%83%D8%AA%D8%B1%D9%88%D9%86%D9%8A,5.0,12,ساعة,12,0,$50.00,أسبوعين,12,5,750.0,.Fathi G,https://khamsat.com/user/vianto,True,بائع موثوق,4.5,224,98.01%,28,142,6 ساعات
تصميم,https://khamsat.com/designing,فلاير وبروشور ورول اب,https://khamsat.com/designing/brochure-flyer,سأقوم بتصميم مطوية سفر إلى أي بلد في العالم بإحترافية عاليه,https://khamsat.com/designing/brochure-flyer/2908491-%D8%B3%D8%A3%D9%82%D9%88%D9%85-%D8%A8%D8%AA%D8%B5%D9%85%D9%8A%D9%85-%D9%85%D8%B7%D9%88%D9%8A%D8%A9-%D8%B3%D9%81%D8%B1-%D8%A5%D9%84%D9%89-%D8%A3%D9%8A-%D8%A8%D9%84%D8%AF-%D9%81%D9%8A-%D8%A7%D9%84%D8%B9%D8%A7%D9%84%D9%85-%D8%A8%D8%A5%D8%AD%D8%AA%D8%B1%D8%A7%D9%81%D9%8A%D8%A9-%D8%B9%D8%A7%D9%84%D9%8A%D9%87,5.0,3,8 دقائق,4,0,$15.00,يوم واحد,3,1,15.0,.Nabil K,https://khamsat.com/user/nabilkhadraoui,True,بائع مميز,5.0,9,100.0%,9,9,ساعة
تصميم,https://khamsat.com/designing,فلاير وبروشور ورول اب,https://khamsat.com/designing/brochure-flyer,تصميم بروشور، فلاير Brochure-flayer design,https://khamsat.com/designing/brochure-flyer/2837686-%D8%AA%D8%B5%D9%85%D9%8A%D9%85-%D8%A8%D8%B1%D9%88%D8%B4%D9%88%D8%B1-%D9%81%D9%84%D8%A7%D9%8A%D8%B1-brochure-flayer-design,5.0,4,35 دقيقة,4,0,$25.00,ثلاثة أيام,4,1,10.0,.Rasha S,https://khamsat.com/user/rasha_sisalem,True,بائع نشيط,5.0,12,97.44%,3,11,4 ساعات
تصميم,https://khamsat.com/designing,فلاير وبروشور ورول اب,https://khamsat.com/designing/brochure-flyer,تصميم بروشور احترافي لمنتجك,https://khamsat.com/designing/brochure-flyer/2910718-%D8%AA%D8%B5%D9%85%D9%8A%D9%85-%D8%A8%D8%B1%D9%88%D8%B4%D9%88%D8%B1-%D8%A7%D8%AD%D8%AA%D8%B1%D8%A7%D9%81%D9%8A-%D9%84%D9%85%D9%86%D8%AA%D8%AC%D9%83,5.0,7,ساعتين,9,0,$20.00,ثلاثة أيام,7,2,25.0,محمد ف.,https://khamsat.com/user/mohammed_flaifl,True,بائع مميز,5.0,21,94.44%,3,23,ساعتين
تصميم,https://khamsat.com/designing,فلاير وبروشور ورول اب,https://khamsat.com/designing/brochure-flyer,تصميم بروشور إحترافي,https://khamsat.com/designing/brochure-flyer/2368255-%D8%AA%D8%B5%D9%85%D9%8A%D9%85-%D8%A8%D8%B1%D9%88%D8%B4%D9%88%D8%B1-%D8%A5%D8%AD%D8%AA%D8%B1%D8%A7%D9%81%D9%8A,5.0,2,30 دقيقة,2,0,$30.00,يومين,2,3,40.0,.Amer Z,https://khamsat.com/user/amerzantah,True,بائع مميز,5.0,40,98.0%,11,40,8 ساعات
تصميم,https://khamsat.com/designing,فلاير وبروشور ورول اب,https://khamsat.com/designing/brochure-flyer,تصميم جذاب لبروفايل شركة Company Profile أو كتالوج أو مجلة,https://khamsat.com/designing/brochure-flyer/2291218-%D8%AA%D8%B5%D9%85%D9%8A%D9%85-%D8%AC%D8%B0%D8%A7%D8%A8-%D9%84%D8%A8%D8%B1%D9%88%D9%81%D8%A7%D9%8A%D9%84-%D8%B4%D8%B1%D9%83%D8%A9-company-profile-%D8%A3%D9%88-%D9%83%D8%AA%D8%A7%D9%84%D9%88%D8%AC-%D8%A3%D9%88-%D9%85%D8%AC%D9%84%D8%A9,5.0,13,ساعة,21,2,$10.00,يومين,13,5,220.0,ياسر م.,https://khamsat.com/user/yasserelturky,True,بائع مميز,5.0,19,98.15%,7,26,15 ساعة
تصميم,https://khamsat.com/designing,فلاير وبروشور ورول اب,https://khamsat.com/designing/brochure-flyer,تصميم ورق مراسلات ( letterhead ),https://khamsat.com/designing/brochure-flyer/2118305-%D8%AA%D8%B5%D9%85%D9%8A%D9%85-%D9%88%D8%B1%D9%82-%D9%85%D8%B1%D8%A7%D8%B3%D9%84%D8%A7%D8%AA-letterhead,5.0,63,4 دقائق,75,0,$5.00,يوم واحد,25,4,20.0,إيمان ر.,https://khamsat.com/user/emanramadan30788,True,بائع مميز,5.0,198,99.72%,7,180,6 دقائق
تصميم,https://khamsat.com/designing,فلاير وبروشور ورول اب,https://khamsat.com/designing/brochure-flyer,تصميم بروفايل اوكتالوج او كتيب او فلاير او برشور,https://khamsat.com/designing/brochure-flyer/2251222-%D8%AA%D8%B5%D9%85%D9%8A%D9%85-%D8%A8%D8%B1%D9%88%D9%81%D8%A7%D9%8A%D9%84-%D8%A7%D9%88%D9%83%D8%AA%D8%A7%D9%84%D9%88%D8%AC-%D8%A7%D9%88-%D9%83%D8%AA%D9%8A%D8%A8-%D8%A7%D9%88-%D9%81%D9%84%D8%A7%D9%8A%D8%B1-%D8%A7%D9%88-%D8%A8%D8%B1%D8%B4%D9%88%D8%B1,4.5,25,30 دقيقة,31,0,$10.00,أربعة أيام,25,5,240.0,.Mostafa E,https://khamsat.com/user/mostafamelegy95,True,بائع مميز,4.5,46,85.87%,6,47,ساعة
تصميم,https://khamsat.com/designing,فلاير وبروشور ورول اب,https://khamsat.com/designing/brochure-flyer,تصميم ليتر هيد أو أوراق المراسلات (Letterhead),https://khamsat.com/designing/brochure-flyer/1358082-%D8%AA%D8%B5%D9%85%D9%8A%D9%85-%D9%84%D9%8A%D8%AA%D8%B1-%D9%87%D9%8A%D8%AF-%D8%A3%D9%88-%D8%A3%D9%88%D8%B1%D8%A7%D9%82-%D8%A7%D9%84%D9%85%D8%B1%D8%A7%D8%B3%D9%84%D8%A7%D8%AA-letterhead,5.0,33,30 دقيقة,45,0,$10.00,يوم واحد,25,2,20.0,.Anas M,https://khamsat.com/user/anas-mosad-erkat,True,بائع مميز,4.5,97,88.1%,10,119,3 ساعات
تصميم,https://khamsat.com/designing,فلاير وبروشور ورول اب,https://khamsat.com/designing/brochure-flyer,تصميم مطوية أو بروشور Brochure بشكل احترافي,https://khamsat.com/designing/brochure-flyer/2745873-%D8%AA%D8%B5%D9%85%D9%8A%D9%85-%D9%85%D8%B7%D9%88%D9%8A%D8%A9-%D8%A3%D9%88-%D8%A8%D8%B1%D9%88%D8%B4%D9%88%D8%B1-brochure-%D8%A8%D8%B4%D9%83%D9%84-%D8%A7%D8%AD%D8%AA%D8%B1%D8%A7%D9%81%D9%8A,5.0,1,أقل من دقيقة,2,0,$10.00,ثلاثة أيام,1,2,10.0,محمود ا.,https://khamsat.com/user/mahmoudderraz,True,بائع مميز,5.0,106,94.43%,2,115,ساعتين
تصميم,https://khamsat.com/designing,فلاير وبروشور ورول اب,https://khamsat.com/designing/brochure-flyer,تصميم فلاير والبروشور والرول اب,https://khamsat.com/designing/brochure-flyer/2378937-%D8%AA%D8%B5%D9%85%D9%8A%D9%85-%D9%81%D9%84%D8%A7%D9%8A%D8%B1-%D9%88%D8%A7%D9%84%D8%A8%D8%B1%D9%88%D8%B4%D9%88%D8%B1-%D9%88%D8%A7%D9%84%D8%B1%D9%88%D9%84-%D8%A7%D8%A8,4.5,23,57 دقيقة,26,0,$15.00,ثلاثة أيام,23,2,20.0,هشام ع.,https://khamsat.com/user/hisham_elnajjar,True,بائع مميز,5.0,53,100.0%,2,61,3 ساعات
تصميم,https://khamsat.com/designing,فلاير وبروشور ورول اب,https://khamsat.com/designing/brochure-flyer,تصميم البروفايلات أو البروشورات التجارية للطباعة بجودة عالية,https://khamsat.com/designing/brochure-flyer/888413-%D8%AA%D8%B5%D9%85%D9%8A%D9%85-%D8%A7%D9%84%D8%A8%D8%B1%D9%88%D9%81%D8%A7%D9%8A%D9%84%D8%A7%D8%AA-%D8%A3%D9%88-%D8%A7%D9%84%D8%A8%D8%B1%D9%88%D8%B4%D9%88%D8%B1%D8%A7%D8%AA-%D8%A7%D9%84%D8%AA%D8%AC%D8%A7%D8%B1%D9%8A%D8%A9-%D9%84%D9%84%D8%B7%D8%A8%D8%A7%D8%B9%D8%A9-%D8%A8%D8%AC%D9%88%D8%AF%D8%A9-%D8%B9%D8%A7%D9%84%D9%8A%D8%A9,4.5,81,14 ساعة,114,1,$5.00,يومين,25,5,200.0,محمد ع.,https://khamsat.com/user/mr-graphic,True,بائع مميز,4.5,158,96.66%,7,189,6 ساعات
تصميم,https://khamsat.com/designing,فلاير وبروشور ورول اب,https://khamsat.com/designing/brochure-flyer,"تصميم ورق مراسلات او ليترهيد "" Letter Head """,https://khamsat.com/designing/brochure-flyer/2590635-%D8%AA%D8%B5%D9%85%D9%8A%D9%85-%D9%88%D8%B1%D9%82-%D9%85%D8%B1%D8%A7%D8%B3%D9%84%D8%A7%D8%AA-%D8%A7%D9%88-%D9%84%D9%8A%D8%AA%D8%B1%D9%87%D9%8A%D8%AF-letter-head,0.0,0,36 دقيقة,2,0,$10.00,يومين,0,4,35.0,.Ahmed M,https://khamsat.com/user/omar7mohamed,True,بائع مميز,5.0,25,96.49%,11,35,27 دقيقة
تصميم,https://khamsat.com/designing,فلاير وبروشور ورول اب,https://khamsat.com/designing/brochure-flyer,تصميم بروفايل شركة او مؤسسة,https://khamsat.com/designing/brochure-flyer/2523142-%D8%AA%D8%B5%D9%85%D9%8A%D9%85-%D8%A8%D8%B1%D9%88%D9%81%D8%A7%D9%8A%D9%84-%D8%B4%D8%B1%D9%83%D8%A9-%D8%A7%D9%88-%D9%85%D8%A4%D8%B3%D8%B3%D8%A9,4.5,8,48 دقيقة,10,2,$10.00,يومين,8,4,95.0,أمينة ب.,https://khamsat.com/user/amina1_abdalah,True,بائع نشيط,4.5,10,100.0%,6,12,30 دقيقة
تصميم,https://khamsat.com/designing,فلاير وبروشور ورول اب,https://khamsat.com/designing/brochure-flyer,تصميم ورقيات ومطبوعات (رول آب، فلاير، بروشور، ورقة عمل،ID..),https://khamsat.com/designing/brochure-flyer/2081582-%D8%AA%D8%B5%D9%85%D9%8A%D9%85-%D9%88%D8%B1%D9%82%D9%8A%D8%A7%D8%AA-%D9%88%D9%85%D8%B7%D8%A8%D9%88%D8%B9%D8%A7%D8%AA-%D8%B1%D9%88%D9%84-%D8%A2%D8%A8-%D9%81%D9%84%D8%A7%D9%8A%D8%B1-%D8%A8%D8%B1%D9%88%D8%B4%D9%88%D8%B1-%D9%88%D8%B1%D9%82%D8%A9-%D8%B9%D9%85%D9%84id,4.5,10,6 ساعات,13,0,$5.00,يوم واحد,10,5,100.0,.Rama I,https://khamsat.com/user/rama_istanbulli,True,بائع نشيط,4.5,16,100.0%,3,16,9 ساعات
تصميم,https://khamsat.com/designing,فلاير وبروشور ورول اب,https://khamsat.com/designing/brochure-flyer,تصميم بوستر لمشروع معماري,https://khamsat.com/designing/brochure-flyer/2669989-%D8%AA%D8%B5%D9%85%D9%8A%D9%85-%D8%A8%D9%88%D8%B3%D8%AA%D8%B1-%D9%84%D9%85%D8%B4%D8%B1%D9%88%D8%B9-%D9%85%D8%B9%D9%85%D8%A7%D8%B1%D9%8A,5.0,2,6 ساعات,4,0,$10.00,يومين,2,1,5.0,.Diana S,https://khamsat.com/user/diana_shanina,True,بائع نشيط,5.0,3,100.0%,3,5,4 ساعات
تصميم,https://khamsat.com/designing,فلاير وبروشور ورول اب,https://khamsat.com/designing/brochure-flyer,تصميم ستاند رول أب إعلاني,https://khamsat.com/designing/brochure-flyer/1633846-%D8%AA%D8%B5%D9%85%D9%8A%D9%85-%D8%B3%D8%AA%D8%A7%D9%86%D8%AF-%D8%B1%D9%88%D9%84-%D8%A3%D8%A8-%D8%A5%D8%B9%D9%84%D8%A7%D9%86%D9%8A,5.0,16,8 ساعات,24,0,$25.00,أسبوعين,16,3,85.0,أدهم خ.,https://khamsat.com/user/adhamkhaaled1,True,بائع مميز,5.0,402,96.14%,7,359,ساعتين
تصميم,https://khamsat.com/designing,فلاير وبروشور ورول اب,https://khamsat.com/designing/brochure-flyer,تصميم إحترافي برشور - فلاير - رول اب,https://khamsat.com/designing/brochure-flyer/2076925-%D8%AA%D8%B5%D9%85%D9%8A%D9%85-%D8%A5%D8%AD%D8%AA%D8%B1%D8%A7%D9%81%D9%8A-%D8%A8%D8%B1%D8%B4%D9%88%D8%B1-%D9%81%D9%84%D8%A7%D9%8A%D8%B1-%D8%B1%D9%88%D9%84-%D8%A7%D8%A8,4.5,17,ساعة,21,0,$10.00,يومين,17,4,35.0,.Abdullah D,https://khamsat.com/user/abd93deeb,True,بائع مميز,5.0,31,91.3%,7,41,57 دقيقة
تصميم,https://khamsat.com/designing,فلاير وبروشور ورول اب,https://khamsat.com/designing/brochure-flyer,تصميم برشور فلاير رول اب,https://khamsat.com/designing/brochure-flyer/1391332-%D8%AA%D8%B5%D9%85%D9%8A%D9%85-%D8%A8%D8%B1%D8%B4%D9%88%D8%B1-%D9%81%D9%84%D8%A7%D9%8A%D8%B1-%D8%B1%D9%88%D9%84-%D8%A7%D8%A8,4.5,30,ساعة,37,0,$5.00,ثلاثة أيام,25,4,60.0,امل ا.,https://khamsat.com/user/amalmahmmud,True,بائع مميز,4.5,72,88.29%,5,72,12 ساعة
تصميم,https://khamsat.com/designing,فلاير وبروشور ورول اب,https://khamsat.com/designing/brochure-flyer,عمل بروشور او كتالوج احترافي يبرز شركتك,https://khamsat.com/designing/brochure-flyer/2347563-%D8%B9%D9%85%D9%84-%D8%A8%D8%B1%D9%88%D8%B4%D9%88%D8%B1-%D8%A7%D9%88-%D9%83%D8%AA%D8%A7%D9%84%D9%88%D8%AC-%D8%A7%D8%AD%D8%AA%D8%B1%D8%A7%D9%81%D9%8A-%D9%8A%D8%A8%D8%B1%D8%B2-%D8%B4%D8%B1%D9%83%D8%AA%D9%83,5.0,1,53 دقيقة,2,1,$10.00,يوم واحد,1,2,25.0,.Mohamed R,https://khamsat.com/user/mohamed_reffat,True,بائع جديد,5.0,1,100.0%,3,2,53 دقيقة
تصميم,https://khamsat.com/designing,فلاير وبروشور ورول اب,https://khamsat.com/designing/brochure-flyer,تصميم بوستر سوشيال ميديا,https://khamsat.com/designing/brochure-flyer/753178-%D8%AA%D8%B5%D9%85%D9%8A%D9%85-%D8%A8%D9%88%D8%B3%D8%AA%D8%B1-%D8%B3%D9%88%D8%B4%D9%8A%D8%A7%D9%84-%D9%85%D9%8A%D8%AF%D9%8A%D8%A7,4.5,133,يوم,207,0,$5.00,يومين,25,3,25.0,أحمد ت.,https://khamsat.com/user/%D8%A3%D8%AD%D9%85%D8%AF-%D8%AA%D8%A7%D8%AC-%D8%AD%D8%B3%D9%8A%D9%86,True,بائع مميز,4.5,191,93.77%,4,281,4 أيام
تصميم,https://khamsat.com/designing,فلاير وبروشور ورول اب,https://khamsat.com/designing/brochure-flyer,تصميم فلاير (Flyer) احترافي ومميز,https://khamsat.com/designing/brochure-flyer/1183417-%D8%AA%D8%B5%D9%85%D9%8A%D9%85-%D9%81%D9%84%D8%A7%D9%8A%D8%B1-flyer-%D8%A7%D8%AD%D8%AA%D8%B1%D8%A7%D9%81%D9%8A-%D9%88%D9%85%D9%85%D9%8A%D8%B2,5.0,19,ساعة,25,0,$10.00,يوم واحد,19,5,80.0,بلال م.,https://khamsat.com/user/bilmed,True,بائع موثوق,5.0,429,94.46%,8,446,ساعتين
تصميم,https://khamsat.com/designing,فلاير وبروشور ورول اب,https://khamsat.com/designing/brochure-flyer,تصميم بانرات اعلانية احترافية بكل المقاسات,https://khamsat.com/designing/brochure-flyer/741794-%D8%AA%D8%B5%D9%85%D9%8A%D9%85-%D8%A8%D8%A7%D9%86%D8%B1%D8%A7%D8%AA-%D8%A7%D8%B9%D9%84%D8%A7%D9%86%D9%8A%D8%A9-%D8%A7%D8%AD%D8%AA%D8%B1%D8%A7%D9%81%D9%8A%D8%A9-%D8%A8%D9%83%D9%84-%D8%A7%D9%84%D9%85%D9%82%D8%A7%D8%B3%D8%A7%D8%AA,4.5,61,55 دقيقة,78,0,$10.00,يومين,25,5,330.0,.Rana M,https://khamsat.com/user/rana-metawea,True,بائع مميز,4.5,108,97.73%,3,132,6 ساعات
تصميم,https://khamsat.com/designing,فلاير وبروشور ورول اب,https://khamsat.com/designing/brochure-flyer,سأصمم لك رول اب جذاب بحرفية ودقه عالية للطباعة,https://khamsat.com/designing/brochure-flyer/2350263-%D8%B3%D8%A3%D8%B5%D9%85%D9%85-%D9%84%D9%83-%D8%B1%D9%88%D9%84-%D8%A7%D8%A8-%D8%AC%D8%B0%D8%A7%D8%A8-%D8%A8%D8%AD%D8%B1%D9%81%D9%8A%D8%A9-%D9%88%D8%AF%D9%82%D9%87-%D8%B9%D8%A7%D9%84%D9%8A%D8%A9-%D9%84%D9%84%D8%B7%D8%A8%D8%A7%D8%B9%D8%A9,4.5,3,3 ساعات,4,0,$10.00,ثلاثة أيام,3,2,10.0,.Marah N,https://khamsat.com/user/marahnaim,True,بائع نشيط,5.0,11,85.71%,5,12,ساعتين
تصميم,https://khamsat.com/designing,فلاير وبروشور ورول اب,https://khamsat.com/designing/brochure-flyer,إعداد بروفايل شركة Company Profileاحترافي ومميز,https://khamsat.com/designing/brochure-flyer/1494660-%D8%A5%D8%B9%D8%AF%D8%A7%D8%AF-%D8%A8%D8%B1%D9%88%D9%81%D8%A7%D9%8A%D9%84-%D8%B4%D8%B1%D9%83%D8%A9-company-profile%D8%A7%D8%AD%D8%AA%D8%B1%D8%A7%D9%81%D9%8A-%D9%88%D9%85%D9%85%D9%8A%D8%B2,5.0,12,ساعة,14,0,$35.00,يومين,12,4,80.0,.Ahmed L,https://khamsat.com/user/sodaahmed,True,بائع مميز,5.0,107,93.99%,9,89,ساعتين
تصميم,https://khamsat.com/designing,فلاير وبروشور ورول اب,https://khamsat.com/designing/brochure-flyer,تصميم فلاير وبروشور,https://khamsat.com/designing/brochure-flyer/1217456-%D8%AA%D8%B5%D9%85%D9%8A%D9%85-%D9%81%D9%84%D8%A7%D9%8A%D8%B1-%D9%88%D8%A8%D8%B1%D9%88%D8%B4%D9%88%D8%B1,5.0,5,ساعتين,7,0,$30.00,ثلاثة أيام,5,1,10.0,.Mohamed A,https://khamsat.com/user/ashrymedia,True,بائع مميز,4.5,45,95.24%,3,48,4 ساعات
تصميم,https://khamsat.com/designing,فلاير وبروشور ورول اب,https://khamsat.com/designing/brochure-flyer,تصميم بروشور احترافي,https://khamsat.com/designing/brochure-flyer/1494277-%D8%AA%D8%B5%D9%85%D9%8A%D9%85-%D8%A8%D8%B1%D9%88%D8%B4%D9%88%D8%B1-%D8%A7%D8%AD%D8%AA%D8%B1%D8%A7%D9%81%D9%8A,5.0,74,يوم,119,0,$15.00,يوم واحد,25,5,165.0,.Rafiq B,https://khamsat.com/user/rafiqbelqas,True,بائع مميز,5.0,144,96.59%,3,211,11 ساعة
تصميم,https://khamsat.com/designing,فلاير وبروشور ورول اب,https://khamsat.com/designing/brochure-flyer,خدمة تصميم البرشورات الإعلانية بشكل احترافي.,https://khamsat.com/designing/brochure-flyer/1458899-%D8%AE%D8%AF%D9%85%D8%A9-%D8%AA%D8%B5%D9%85%D9%8A%D9%85-%D8%A7%D9%84%D8%A8%D8%B1%D8%B4%D9%88%D8%B1%D8%A7%D8%AA-%D8%A7%D9%84%D8%A5%D8%B9%D9%84%D8%A7%D9%86%D9%8A%D8%A9-%D8%A8%D8%B4%D9%83%D9%84-%D8%A7%D8%AD%D8%AA%D8%B1%D8%A7%D9%81%D9%8A,5.0,25,12 ساعة,31,0,$10.00,يوم واحد,25,1,5.0,رائد ط.,https://khamsat.com/user/raed_tareq,True,بائع مميز,5.0,41,93.57%,2,45,3 ساعات
تصميم,https://khamsat.com/designing,فلاير وبروشور ورول اب,https://khamsat.com/designing/brochure-flyer,تصميم فلاير أو بروشور بإحترافية تامة,https://khamsat.com/designing/brochure-flyer/1431601-%D8%AA%D8%B5%D9%85%D9%8A%D9%85-%D9%81%D9%84%D8%A7%D9%8A%D8%B1-%D8%A3%D9%88-%D8%A8%D8%B1%D9%88%D8%B4%D9%88%D8%B1-%D8%A8%D8%A5%D8%AD%D8%AA%D8%B1%D8%A7%D9%81%D9%8A%D8%A9-%D8%AA%D8%A7%D9%85%D8%A9,4.5,26,32 دقيقة,29,0,$10.00,يوم واحد,25,2,20.0,كمال ا.,https://khamsat.com/user/kamallfass,True,بائع مميز,4.5,217,91.12%,6,242,3 ساعات
تصميم,https://khamsat.com/designing,فلاير وبروشور ورول اب,https://khamsat.com/designing/brochure-flyer,مطويات العلوم للصف الثالث الابتدائي الفصل الدراسي الاول,https://khamsat.com/designing/brochure-flyer/996918-%D9%85%D8%B7%D9%88%D9%8A%D8%A7%D8%AA-%D8%A7%D9%84%D8%B9%D9%84%D9%88%D9%85-%D9%84%D9%84%D8%B5%D9%81-%D8%A7%D9%84%D8%AB%D8%A7%D9%84%D8%AB-%D8%A7%D9%84%D8%A7%D8%A8%D8%AA%D8%AF%D8%A7%D8%A6%D9%8A-%D8%A7%D9%84%D9%81%D8%B5%D9%84-%D8%A7%D9%84%D8%AF%D8%B1%D8%A7%D8%B3%D9%8A-%D8%A7%D9%84%D8%A7%D9%88%D9%84,5.0,4,ساعة,8,0,$5.00,يومين,4,5,110.0,خديجة م.,https://khamsat.com/user/khadoj_artist,True,بائع نشيط,5.0,4,100.0%,2,8,ساعة
تصميم,https://khamsat.com/designing,مطبوعات مكتبية,https://khamsat.com/designing/stationery,ورق مراسلات احترافي يعكس هوية شركتك، تصميم Letter Head مميز,https://khamsat.com/designing/stationery/2951492-%D9%88%D8%B1%D9%82-%D9%85%D8%B1%D8%A7%D8%B3%D9%84%D8%A7%D8%AA-%D8%A7%D8%AD%D8%AA%D8%B1%D8%A7%D9%81%D9%8A-%D9%8A%D8%B9%D9%83%D8%B3-%D9%87%D9%88%D9%8A%D8%A9-%D8%B4%D8%B1%D9%83%D8%AA%D9%83-%D8%AA%D8%B5%D9%85%D9%8A%D9%85-letter-head-%D9%85%D9%85%D9%8A%D8%B2,5.0,1,لم يحسب,1,0,$10.00,يومين,1,4,55.0,عثمان خ.,https://khamsat.com/user/charafrobyo1,True,بائع مميز,5.0,133,97.29%,11,115,ساعة
تصميم,https://khamsat.com/designing,مطبوعات مكتبية,https://khamsat.com/designing/stationery,تصميم نموذج استمارة ( PDF ) قابل للتعبئة والملء,https://khamsat.com/designing/stationery/2226348-%D8%AA%D8%B5%D9%85%D9%8A%D9%85-%D9%86%D9%85%D9%88%D8%B0%D8%AC-%D8%A7%D8%B3%D8%AA%D9%85%D8%A7%D8%B1%D8%A9-pdf-%D9%82%D8%A7%D8%A8%D9%84-%D9%84%D9%84%D8%AA%D8%B9%D8%A8%D8%A6%D8%A9-%D9%88%D8%A7%D9%84%D9%85%D9%84%D8%A1,4.5,52,ساعة,63,0,$5.00,يوم واحد,25,4,35.0,.Michael S,https://khamsat.com/user/michealsk,True,بائع مميز,4.5,63,99.47%,7,72,ساعة
تصميم,https://khamsat.com/designing,مطبوعات مكتبية,https://khamsat.com/designing/stationery,تصميم مجلة كتاب بشكل ابداعى,https://khamsat.com/designing/stationery/2961831-%D8%AA%D8%B5%D9%85%D9%8A%D9%85-%D9%85%D8%AC%D9%84%D8%A9-%D9%83%D8%AA%D8%A7%D8%A8-%D8%A8%D8%B4%D9%83%D9%84-%D8%A7%D8%A8%D8%AF%D8%A7%D8%B9%D9%89,5.0,3,6 أيام,3,0,$10.00,ثلاثة أيام,3,5,165.0,.Zienab A,https://khamsat.com/user/olanasser22,True,بائع نشيط,5.0,5,78.57%,5,5,3 أيام
تصميم,https://khamsat.com/designing,مطبوعات مكتبية,https://khamsat.com/designing/stationery,تصميم نموذج PDF استمارة قابل للتعبئة بتصاميم مخصصة احترافية,https://khamsat.com/designing/stationery/2941471-%D8%AA%D8%B5%D9%85%D9%8A%D9%85-%D9%86%D9%85%D9%88%D8%B0%D8%AC-pdf-%D8%A7%D8%B3%D8%AA%D9%85%D8%A7%D8%B1%D8%A9-%D9%82%D8%A7%D8%A8%D9%84-%D9%84%D9%84%D8%AA%D8%B9%D8%A8%D8%A6%D8%A9-%D8%A8%D8%AA%D8%B5%D8%A7%D9%85%D9%8A%D9%85-%D9%85%D8%AE%D8%B5%D8%B5%D8%A9-%D8%A7%D8%AD%D8%AA%D8%B1%D8%A7%D9%81%D9%8A%D8%A9,4.5,6,4 ساعات,6,0,$5.00,يومين,6,5,35.0,خالد س.,https://khamsat.com/user/pandaworks,True,بائع نشيط,5.0,11,78.26%,6,13,ساعتين
تصميم,https://khamsat.com/designing,مطبوعات مكتبية,https://khamsat.com/designing/stationery,تصميم Letter Head او ورق المراسلات,https://khamsat.com/designing/stationery/863124-%D8%AA%D8%B5%D9%85%D9%8A%D9%85-letter-head-%D8%A7%D9%88-%D9%88%D8%B1%D9%82-%D8%A7%D9%84%D9%85%D8%B1%D8%A7%D8%B3%D9%84%D8%A7%D8%AA,5.0,71,33 دقيقة,100,0,$15.00,يوم واحد,25,2,20.0,.Mohamed G,https://khamsat.com/user/mohamed-gamal18,True,بائع مميز,5.0,130,87.0%,3,168,ساعة
تصميم,https://khamsat.com/designing,مطبوعات مكتبية,https://khamsat.com/designing/stationery,تصميم بطاقات تهنئة لمختلف المناسبات,https://khamsat.com/designing/stationery/2803062-%D8%AA%D8%B5%D9%85%D9%8A%D9%85-%D8%A8%D8%B7%D8%A7%D9%82%D8%A7%D8%AA-%D8%AA%D9%87%D9%86%D8%A6%D8%A9-%D9%84%D9%85%D8%AE%D8%AA%D9%84%D9%81-%D8%A7%D9%84%D9%85%D9%86%D8%A7%D8%B3%D8%A8%D8%A7%D8%AA,0.0,0,49 دقيقة,1,0,$5.00,يومين,0,1,5.0,ناجية ف.,https://khamsat.com/user/soleilsoon,True,بائع نشيط,4.5,12,90.0%,4,14,17 ساعة
تصميم,https://khamsat.com/designing,مطبوعات مكتبية,https://khamsat.com/designing/stationery,تصميم فاتورة ضريبية /عرض سعر/سند قبض /سند وصل,https://khamsat.com/designing/stationery/1780946-%D8%AA%D8%B5%D9%85%D9%8A%D9%85-%D9%81%D8%A7%D8%AA%D9%88%D8%B1%D8%A9-%D8%B6%D8%B1%D9%8A%D8%A8%D9%8A%D8%A9-%D8%B9%D8%B1%D8%B6-%D8%B3%D8%B9%D8%B1%D8%B3%D9%86%D8%AF-%D9%82%D8%A8%D8%B6-%D8%B3%D9%86%D8%AF-%D9%88%D8%B5%D9%84,5.0,21,4 أيام,26,0,$5.00,يومين,21,5,40.0,.Mohammed Y,https://khamsat.com/user/moyounis2020,True,بائع مميز,5.0,22,89.47%,5,27,يوم
تصميم,https://khamsat.com/designing,مطبوعات مكتبية,https://khamsat.com/designing/stationery,تصميم اوراق المراسلات او (Letterhead),https://khamsat.com/designing/stationery/2624085-%D8%AA%D8%B5%D9%85%D9%8A%D9%85-%D8%A7%D9%88%D8%B1%D8%A7%D9%82-%D8%A7%D9%84%D9%85%D8%B1%D8%A7%D8%B3%D9%84%D8%A7%D8%AA-%D8%A7%D9%88-letterhead,4.5,7,3 ساعات,9,0,$5.00,يوم واحد,7,2,10.0,.Rami R,https://khamsat.com/user/ramiredasamir,True,بائع نشيط,4.5,13,96.0%,4,15,ساعة
تصميم,https://khamsat.com/designing,مطبوعات مكتبية,https://khamsat.com/designing/stationery,عمل جميع المطبوعات الون + ابيض و اسود ( روشتة - بروشور ),https://khamsat.com/designing/stationery/2764959-%D8%B9%D9%85%D9%84-%D8%AC%D9%85%D9%8A%D8%B9-%D8%A7%D9%84%D9%85%D8%B7%D8%A8%D9%88%D8%B9%D8%A7%D8%AA-%D8%A7%D9%84%D9%88%D9%86-%D8%A7%D8%A8%D9%8A%D8%B6-%D9%88-%D8%A7%D8%B3%D9%88%D8%AF-%D8%B1%D9%88%D8%B4%D8%AA%D8%A9-%D8%A8%D8%B1%D9%88%D8%B4%D9%88%D8%B1,5.0,2,ساعتين,2,0,$5.00,يوم واحد,2,1,5.0,.Abdallah A,https://khamsat.com/user/sampoxaro,True,بائع جديد,5.0,3,75.0%,3,2,ساعتين
تصميم,https://khamsat.com/designing,مطبوعات مكتبية,https://khamsat.com/designing/stationery,تصميم نماذج احترافية Design Forms,https://khamsat.com/designing/stationery/1593868-%D8%AA%D8%B5%D9%85%D9%8A%D9%85-%D9%86%D9%85%D8%A7%D8%B0%D8%AC-%D8%A7%D8%AD%D8%AA%D8%B1%D8%A7%D9%81%D9%8A%D8%A9-design-forms,4.5,33,يوم,45,0,$5.00,يوم واحد,25,4,95.0,عبد الغني د.,https://khamsat.com/user/abedtech20,True,بائع مميز,4.5,44,93.75%,4,58,12 ساعة
تصميم,https://khamsat.com/designing,مطبوعات مكتبية,https://khamsat.com/designing/stationery,تقويم مكتبي احترافي أو تصميم تقويم جداري 2023 ( calendar ),https://khamsat.com/designing/stationery/2359546-%D8%AA%D9%82%D9%88%D9%8A%D9%85-%D9%85%D9%83%D8%AA%D8%A8%D9%8A-%D8%A7%D8%AD%D8%AA%D8%B1%D8%A7%D9%81%D9%8A-%D8%A3%D9%88-%D8%AA%D8%B5%D9%85%D9%8A%D9%85-%D8%AA%D9%82%D9%88%D9%8A%D9%85-%D8%AC%D8%AF%D8%A7%D8%B1%D9%8A-2023-calendar,5.0,2,6 ساعات,3,0,$5.00,يومين,2,3,50.0,.Oussama B,https://khamsat.com/user/oussamabarr,True,بائع نشيط,5.0,16,75.41%,6,16,ساعتين
تصميم,https://khamsat.com/designing,مطبوعات مكتبية,https://khamsat.com/designing/stationery,عمل ANKI Flashcards لمحاضراتك وكتبك.,https://khamsat.com/designing/stationery/2426270-%D8%B9%D9%85%D9%84-anki-flashcards-%D9%84%D9%85%D8%AD%D8%A7%D8%B6%D8%B1%D8%A7%D8%AA%D9%83-%D9%88%D9%83%D8%AA%D8%A8%D9%83,5.0,2,48 دقيقة,3,0,$5.00,يومين,2,5,215.0,.Mahmoud Z,https://khamsat.com/user/nmmz1998,True,بائع جديد,5.0,2,87.5%,3,3,13 ساعة
تصميم,https://khamsat.com/designing,مطبوعات مكتبية,https://khamsat.com/designing/stationery,تصميم ورق مراسلات بشكل إحترافي لنشاطك التجاري,https://khamsat.com/designing/stationery/1500251-%D8%AA%D8%B5%D9%85%D9%8A%D9%85-%D9%88%D8%B1%D9%82-%D9%85%D8%B1%D8%A7%D8%B3%D9%84%D8%A7%D8%AA-%D8%A8%D8%B4%D9%83%D9%84-%D8%A5%D8%AD%D8%AA%D8%B1%D8%A7%D9%81%D9%8A-%D9%84%D9%86%D8%B4%D8%A7%D8%B7%D9%83-%D8%A7%D9%84%D8%AA%D8%AC%D8%A7%D8%B1%D9%8A,5.0,24,3 ساعات,34,0,$10.00,يوم واحد,24,4,20.0,كمال ا.,https://khamsat.com/user/kamallfass,True,بائع مميز,4.5,217,91.12%,6,242,3 ساعات
تصميم,https://khamsat.com/designing,مطبوعات مكتبية,https://khamsat.com/designing/stationery,تصميم خطاب رسمي أوراق لشركتك باحترافية وتميز كليشة,https://khamsat.com/designing/stationery/2860384-%D8%AA%D8%B5%D9%85%D9%8A%D9%85-%D8%AE%D8%B7%D8%A7%D8%A8-%D8%B1%D8%B3%D9%85%D9%8A-%D8%A3%D9%88%D8%B1%D8%A7%D9%82-%D9%84%D8%B4%D8%B1%D9%83%D8%AA%D9%83-%D8%A8%D8%A7%D8%AD%D8%AA%D8%B1%D8%A7%D9%81%D9%8A%D8%A9-%D9%88%D8%AA%D9%85%D9%8A%D8%B2-%D9%83%D9%84%D9%8A%D8%B4%D8%A9,5.0,1,ساعة,2,0,$5.00,يوم واحد,1,2,10.0,.Khaled S,https://khamsat.com/user/khalledshaaban,True,بائع نشيط,5.0,11,65.22%,3,14,3 ساعات
تصميم,https://khamsat.com/designing,مطبوعات مكتبية,https://khamsat.com/designing/stationery,تصميم بطاقات تعليمية واستراتيجيات التعلم النشط,https://khamsat.com/designing/stationery/2740744-%D8%AA%D8%B5%D9%85%D9%8A%D9%85-%D8%A8%D8%B7%D8%A7%D9%82%D8%A7%D8%AA-%D8%AA%D8%B9%D9%84%D9%8A%D9%85%D9%8A%D8%A9-%D9%88%D8%A7%D8%B3%D8%AA%D8%B1%D8%A7%D8%AA%D9%8A%D8%AC%D9%8A%D8%A7%D8%AA-%D8%A7%D9%84%D8%AA%D8%B9%D9%84%D9%85-%D8%A7%D9%84%D9%86%D8%B4%D8%B7,5.0,4,57 دقيقة,4,0,$5.00,يوم واحد,4,5,70.0,.Noura B,https://khamsat.com/user/nstudentservice,True,بائع جديد,5.0,7,80.0%,5,5,ساعة
تصميم,https://khamsat.com/designing,مطبوعات مكتبية,https://khamsat.com/designing/stationery,تصميم اوراق تعليمية جاهزة للطباعة للاطفال مابين 3 و 10 سنوات,https://khamsat.com/designing/stationery/2850742-%D8%AA%D8%B5%D9%85%D9%8A%D9%85-%D8%A7%D9%88%D8%B1%D8%A7%D9%82-%D8%AA%D8%B9%D9%84%D9%8A%D9%85%D9%8A%D8%A9-%D8%AC%D8%A7%D9%87%D8%B2%D8%A9-%D9%84%D9%84%D8%B7%D8%A8%D8%A7%D8%B9%D8%A9-%D9%84%D9%84%D8%A7%D8%B7%D9%81%D8%A7%D9%84-%D9%85%D8%A7%D8%A8%D9%8A%D9%86-3-%D9%88-10-%D8%B3%D9%86%D9%88%D8%A7%D8%AA,5.0,2,40 دقيقة,2,0,$5.00,يومين,2,1,5.0,.Khadija A,https://khamsat.com/user/khadija20aouam07,True,بائع جديد,5.0,3,100.0%,5,3,29 دقيقة
تصميم,https://khamsat.com/designing,مطبوعات مكتبية,https://khamsat.com/designing/stationery,نصميم ملصقات تعريفية تيكت لاطفال المدارس و استيكر لأدو,https://khamsat.com/designing/stationery/2667655-%D9%86%D8%B5%D9%85%D9%8A%D9%85-%D9%85%D9%84%D8%B5%D9%82%D8%A7%D8%AA-%D8%AA%D8%B9%D8%B1%D9%8A%D9%81%D9%8A%D8%A9-%D8%AA%D9%8A%D9%83%D8%AA-%D9%84%D8%A7%D8%B7%D9%81%D8%A7%D9%84-%D8%A7%D9%84%D9%85%D8%AF%D8%A7%D8%B1%D8%B3-%D9%88-%D8%A7%D8%B3%D8%AA%D9%8A%D9%83%D8%B1-%D9%84%D8%A3%D8%AF%D9%88,5.0,1,6 ساعات,2,0,$5.00,يومين,1,2,10.0,اية م.,https://khamsat.com/user/aya_magdy81,True,بائع جديد,5.0,1,100.0%,1,2,6 ساعات
تصميم,https://khamsat.com/designing,مطبوعات مكتبية,https://khamsat.com/designing/stationery,تصميم ليترهيد أو ورق المراسلات letterhead,https://khamsat.com/designing/stationery/2512760-%D8%AA%D8%B5%D9%85%D9%8A%D9%85-%D9%84%D9%8A%D8%AA%D8%B1%D9%87%D9%8A%D8%AF-%D8%A3%D9%88-%D9%88%D8%B1%D9%82-%D8%A7%D9%84%D9%85%D8%B1%D8%A7%D8%B3%D9%84%D8%A7%D8%AA-letterhead,5.0,2,ساعة,2,0,$15.00,يوم واحد,2,1,5.0,.Hala B,https://khamsat.com/user/hala_boulkheloua18,True,بائع مميز,4.5,31,83.33%,5,29,ساعتين
تصميم,https://khamsat.com/designing,مطبوعات مكتبية,https://khamsat.com/designing/stationery,عمل امساكية تفاعلية بعلامتك التجارية,https://khamsat.com/designing/stationery/2847400-%D8%B9%D9%85%D9%84-%D8%A7%D9%85%D8%B3%D8%A7%D9%83%D9%8A%D8%A9-%D8%AA%D9%81%D8%A7%D8%B9%D9%84%D9%8A%D8%A9-%D8%A8%D8%B9%D9%84%D8%A7%D9%85%D8%AA%D9%83-%D8%A7%D9%84%D8%AA%D8%AC%D8%A7%D8%B1%D9%8A%D8%A9,0.0,0,ساعة,1,0,$10.00,يومين,0,1,10.0,.Ashraf A,https://khamsat.com/user/ashrafabozaid,True,بائع جديد,5.0,2,83.33%,4,4,50 دقيقة
تصميم,https://khamsat.com/designing,مطبوعات مكتبية,https://khamsat.com/designing/stationery,تصميم ورقة مراسلات letterhead,https://khamsat.com/designing/stationery/897260-%D8%AA%D8%B5%D9%85%D9%8A%D9%85-%D9%88%D8%B1%D9%82%D8%A9-%D9%85%D8%B1%D8%A7%D8%B3%D9%84%D8%A7%D8%AA-letterhead,5.0,24,ساعة,27,1,$10.00,يومين,24,3,20.0,مروة م.,https://khamsat.com/user/mrwa-mahmoud,True,بائع نشيط,5.0,25,95.12%,6,27,4 ساعات
تصميم,https://khamsat.com/designing,مطبوعات مكتبية,https://khamsat.com/designing/stationery,سأصمم ورق مرسلات و كارت شخصي Letter Head مميز وفريد لشركتك,https://khamsat.com/designing/stationery/1776312-%D8%B3%D8%A3%D8%B5%D9%85%D9%85-%D9%88%D8%B1%D9%82-%D9%85%D8%B1%D8%B3%D9%84%D8%A7%D8%AA-%D9%88-%D9%83%D8%A7%D8%B1%D8%AA-%D8%B4%D8%AE%D8%B5%D9%8A-letter-head-%D9%85%D9%85%D9%8A%D8%B2-%D9%88%D9%81%D8%B1%D9%8A%D8%AF-%D9%84%D8%B4%D8%B1%D9%83%D8%AA%D9%83,5.0,7,20 دقيقة,12,0,$5.00,يوم واحد,7,5,40.0,.Maryam K,https://khamsat.com/user/maryam2022,True,بائع مميز,4.5,55,93.19%,5,75,8 ساعات
تصميم,https://khamsat.com/designing,مطبوعات مكتبية,https://khamsat.com/designing/stationery,تصميم منظم يومي وقائمة مهام يومية بطريقة محترفة,https://khamsat.com/designing/stationery/2572544-%D8%AA%D8%B5%D9%85%D9%8A%D9%85-%D9%85%D9%86%D8%B8%D9%85-%D9%8A%D9%88%D9%85%D9%8A-%D9%88%D9%82%D8%A7%D8%A6%D9%85%D8%A9-%D9%85%D9%87%D8%A7%D9%85-%D9%8A%D9%88%D9%85%D9%8A%D8%A9-%D8%A8%D8%B7%D8%B1%D9%8A%D9%82%D8%A9-%D9%85%D8%AD%D8%AA%D8%B1%D9%81%D8%A9,5.0,1,ساعة,2,0,$5.00,يوم واحد,1,2,45.0,رهام د.,https://khamsat.com/user/demigha_riham,True,بائع جديد,5.0,1,100.0%,1,2,ساعة
تصميم,https://khamsat.com/designing,مطبوعات مكتبية,https://khamsat.com/designing/stationery,تصميم احترافي لأوراق مراسلات,https://khamsat.com/designing/stationery/2882917-%D8%AA%D8%B5%D9%85%D9%8A%D9%85-%D8%A7%D8%AD%D8%AA%D8%B1%D8%A7%D9%81%D9%8A-%D9%84%D8%A3%D9%88%D8%B1%D8%A7%D9%82-%D9%85%D8%B1%D8%A7%D8%B3%D9%84%D8%A7%D8%AA,4.5,1,21 ساعة,1,0,$10.00,يوم واحد,1,1,5.0,.Bushra A,https://khamsat.com/user/bushra_assi,True,بائع مميز,4.5,164,88.89%,6,187,5 ساعات
تصميم,https://khamsat.com/designing,مطبوعات مكتبية,https://khamsat.com/designing/stationery,أصمم كتب التلوين للكبار والصغار من الصفر,https://khamsat.com/designing/stationery/3049609-%D8%A3%D8%B5%D9%85%D9%85-%D9%83%D8%AA%D8%A8-%D8%A7%D9%84%D8%AA%D9%84%D9%88%D9%8A%D9%86-%D9%84%D9%84%D9%83%D8%A8%D8%A7%D8%B1-%D9%88%D8%A7%D9%84%D8%B5%D8%BA%D8%A7%D8%B1-%D9%85%D9%86-%D8%A7%D9%84%D8%B5%D9%81%D8%B1,0.0,0,لم يحسب,0,0,$5.00,يوم واحد,0,3,25.0,.Ahmed Amine D,https://khamsat.com/user/amine_0017,False,بائع جديد,0.0,0,لم يحسب بعد,4,0,لم يحسب
تصميم,https://khamsat.com/designing,مطبوعات مكتبية,https://khamsat.com/designing/stationery,تصميم روشتات عصريه واحترافية لعيادتك,https://khamsat.com/designing/stationery/3052060-%D8%AA%D8%B5%D9%85%D9%8A%D9%85-%D8%B1%D9%88%D8%B4%D8%AA%D8%A7%D8%AA-%D8%B9%D8%B5%D8%B1%D9%8A%D9%87-%D9%88%D8%A7%D8%AD%D8%AA%D8%B1%D8%A7%D9%81%D9%8A%D8%A9-%D9%84%D8%B9%D9%8A%D8%A7%D8%AF%D8%AA%D9%83,0.0,0,لم يحسب,0,0,$5.00,يومين,0,0,0.0,.Mahmoud Y,https://khamsat.com/user/mahmoud1456781,False,بائع جديد,0.0,0,لم يحسب بعد,1,0,لم يحسب
تصميم,https://khamsat.com/designing,مطبوعات مكتبية,https://khamsat.com/designing/stationery,إنشاء صورتك الشخصية بالخطوط العربية,https://khamsat.com/designing/stationery/3054123-%D8%A5%D9%86%D8%B4%D8%A7%D8%A1-%D8%B5%D9%88%D8%B1%D8%AA%D9%83-%D8%A7%D9%84%D8%B4%D8%AE%D8%B5%D9%8A%D8%A9-%D8%A8%D8%A7%D9%84%D8%AE%D8%B7%D9%88%D8%B7-%D8%A7%D9%84%D8%B9%D8%B1%D8%A8%D9%8A%D8%A9,0.0,0,لم يحسب,0,0,$10.00,يومين,0,1,5.0,ياسين ب.,https://khamsat.com/user/yacingraphics,True,بائع جديد,0.0,0,لم يحسب بعد,1,0,لم يحسب
تصميم,https://khamsat.com/designing,مطبوعات مكتبية,https://khamsat.com/designing/stationery,تصميم بطاقات تعليمية جاهزة للطباعة,https://khamsat.com/designing/stationery/2928451-%D8%AA%D8%B5%D9%85%D9%8A%D9%85-%D8%A8%D8%B7%D8%A7%D9%82%D8%A7%D8%AA-%D8%AA%D8%B9%D9%84%D9%8A%D9%85%D9%8A%D8%A9-%D8%AC%D8%A7%D9%87%D8%B2%D8%A9-%D9%84%D9%84%D8%B7%D8%A8%D8%A7%D8%B9%D8%A9,0.0,0,لم يحسب,0,0,$5.00,يوم واحد,0,1,5.0,فاطمة ا.,https://khamsat.com/user/fatin_zahra17,False,بائع جديد,0.0,0,لم يحسب بعد,3,0,لم يحسب
تصميم,https://khamsat.com/designing,مطبوعات مكتبية,https://khamsat.com/designing/stationery,دفاتر للتدوين جاهز للطباعة/notebook,https://khamsat.com/designing/stationery/2849381-%D8%AF%D9%81%D8%A7%D8%AA%D8%B1-%D9%84%D9%84%D8%AA%D8%AF%D9%88%D9%8A%D9%86-%D8%AC%D8%A7%D9%87%D8%B2-%D9%84%D9%84%D8%B7%D8%A8%D8%A7%D8%B9%D8%A9notebook,0.0,0,لم يحسب,0,0,$10.00,يوم واحد,0,0,0.0,.Romaissa B,https://khamsat.com/user/romaissa7,False,بائع جديد,0.0,0,لم يحسب بعد,3,0,لم يحسب
تصميم,https://khamsat.com/designing,مطبوعات مكتبية,https://khamsat.com/designing/stationery,أقدم لك حزمة من أحرف الهجاء,https://khamsat.com/designing/stationery/3044478-%D8%A3%D9%82%D8%AF%D9%85-%D9%84%D9%83-%D8%AD%D8%B2%D9%85%D8%A9-%D9%85%D9%86-%D8%A3%D8%AD%D8%B1%D9%81-%D8%A7%D9%84%D9%87%D8%AC%D8%A7%D8%A1,0.0,0,لم يحسب,0,0,$5.00,يومين,0,1,5.0,.Thecute B,https://khamsat.com/user/thecutebox,False,بائع جديد,0.0,0,لم يحسب بعد,1,0,لم يحسب
تصميم,https://khamsat.com/designing,مطبوعات مكتبية,https://khamsat.com/designing/stationery,قالب العودة إلى المدرسة - قابل للتعديل في Word,https://khamsat.com/designing/stationery/3012114-%D9%82%D8%A7%D9%84%D8%A8-%D8%A7%D9%84%D8%B9%D9%88%D8%AF%D8%A9-%D8%A5%D9%84%D9%89-%D8%A7%D9%84%D9%85%D8%AF%D8%B1%D8%B3%D8%A9-%D9%82%D8%A7%D8%A8%D9%84-%D9%84%D9%84%D8%AA%D8%B9%D8%AF%D9%8A%D9%84-%D9%81%D9%8A-word,0.0,0,لم يحسب,0,0,$10.00,يوم واحد,0,1,10.0,.Arwa C,https://khamsat.com/user/arwacraft,False,بائع جديد,0.0,0,لم يحسب بعد,4,0,لم يحسب
تصميم,https://khamsat.com/designing,تصميم منيو,https://khamsat.com/designing/menu-design,منيو مطعم او كوفى شوب وتسليم الملف psd + jpg,https://khamsat.com/designing/menu-design/1503786-%D9%85%D9%86%D9%8A%D9%88-%D9%85%D8%B7%D8%B9%D9%85-%D8%A7%D9%88-%D9%83%D9%88%D9%81%D9%89-%D8%B4%D9%88%D8%A8-%D9%88%D8%AA%D8%B3%D9%84%D9%8A%D9%85-%D8%A7%D9%84%D9%85%D9%84%D9%81-psd-jpg,4.5,40,ساعة,54,0,$10.00,يوم واحد,25,5,110.0,.Mohammed M,https://khamsat.com/user/mmorshedy,True,بائع مميز,4.5,90,95.17%,7,112,3 ساعات
تصميم,https://khamsat.com/designing,تصميم منيو,https://khamsat.com/designing/menu-design,منيو Menu مطاعم أو كوفى شوب PDF + PNG جاهز للطبع,https://khamsat.com/designing/menu-design/2903190-%D9%85%D9%86%D9%8A%D9%88-menu-%D9%85%D8%B7%D8%A7%D8%B9%D9%85-%D8%A3%D9%88-%D9%83%D9%88%D9%81%D9%89-%D8%B4%D9%88%D8%A8-pdf-png-%D8%AC%D8%A7%D9%87%D8%B2-%D9%84%D9%84%D8%B7%D8%A8%D8%B9,5.0,5,52 دقيقة,6,0,$5.00,يومين,5,4,25.0,خالد س.,https://khamsat.com/user/pandaworks,True,بائع نشيط,5.0,11,78.26%,6,13,ساعتين
تصميم,https://khamsat.com/designing,تصميم منيو,https://khamsat.com/designing/menu-design,تصميم منيو مطعم جذاب و رائع,https://khamsat.com/designing/menu-design/1817447-%D8%AA%D8%B5%D9%85%D9%8A%D9%85-%D9%85%D9%86%D9%8A%D9%88-%D9%85%D8%B7%D8%B9%D9%85-%D8%AC%D8%B0%D8%A7%D8%A8-%D9%88-%D8%B1%D8%A7%D8%A6%D8%B9,5.0,25,ساعة,35,0,$20.00,ثلاثة أيام,25,2,30.0,.Mohammed S,https://khamsat.com/user/mhmdsalha,True,بائع مميز,5.0,38,95.24%,3,44,ساعتين
تصميم,https://khamsat.com/designing,تصميم منيو,https://khamsat.com/designing/menu-design,تصميم منيو احترافي لمطعمك,https://khamsat.com/designing/menu-design/2820031-%D8%AA%D8%B5%D9%85%D9%8A%D9%85-%D9%85%D9%86%D9%8A%D9%88-%D8%A7%D8%AD%D8%AA%D8%B1%D8%A7%D9%81%D9%8A-%D9%84%D9%85%D8%B7%D8%B9%D9%85%D9%83,5.0,8,26 دقيقة,8,0,$5.00,يوم واحد,8,3,30.0,خالد ا.,https://khamsat.com/user/khalad_ayman,True,بائع نشيط,5.0,16,100.0%,5,14,ساعة
تصميم,https://khamsat.com/designing,تصميم منيو,https://khamsat.com/designing/menu-design,تصميم منيو مطعم بشكل احترافي,https://khamsat.com/designing/menu-design/2480169-%D8%AA%D8%B5%D9%85%D9%8A%D9%85-%D9%85%D9%86%D9%8A%D9%88-%D9%85%D8%B7%D8%B9%D9%85-%D8%A8%D8%B4%D9%83%D9%84-%D8%A7%D8%AD%D8%AA%D8%B1%D8%A7%D9%81%D9%8A,5.0,15,4 ساعات,15,0,$10.00,يومين,15,5,55.0,.Eman D,https://khamsat.com/user/eman_aldalou,True,بائع نشيط,5.0,16,85.19%,7,15,ساعة
تصميم,https://khamsat.com/designing,تصميم منيو,https://khamsat.com/designing/menu-design,تصميم قائمة طعام / منيو للمطاعم والكافيهات بجودة عالية,https://khamsat.com/designing/menu-design/1624744-%D8%AA%D8%B5%D9%85%D9%8A%D9%85-%D9%82%D8%A7%D8%A6%D9%85%D8%A9-%D8%B7%D8%B9%D8%A7%D9%85-%D9%85%D9%86%D9%8A%D9%88-%D9%84%D9%84%D9%85%D8%B7%D8%A7%D8%B9%D9%85-%D9%88%D8%A7%D9%84%D9%83%D8%A7%D9%81%D9%8A%D9%87%D8%A7%D8%AA-%D8%A8%D8%AC%D9%88%D8%AF%D8%A9-%D8%B9%D8%A7%D9%84%D9%8A%D8%A9,5.0,2,28 دقيقة,6,0,$5.00,ثلاثة أيام,2,3,30.0,محمد ع.,https://khamsat.com/user/mr-graphic,True,بائع مميز,4.5,158,96.66%,7,189,6 ساعات
تصميم,https://khamsat.com/designing,تصميم منيو,https://khamsat.com/designing/menu-design,تصميم مينيو للشاشات digital screen Menu للمطاعم و الكافيه,https://khamsat.com/designing/menu-design/2807688-%D8%AA%D8%B5%D9%85%D9%8A%D9%85-%D9%85%D9%8A%D9%86%D9%8A%D9%88-%D9%84%D9%84%D8%B4%D8%A7%D8%B4%D8%A7%D8%AA-digital-screen-menu-%D9%84%D9%84%D9%85%D8%B7%D8%A7%D8%B9%D9%85-%D9%88-%D8%A7%D9%84%D9%83%D8%A7%D9%81%D9%8A%D9%87,5.0,3,3 ساعات,3,0,$5.00,يومين,3,3,35.0,.Walid H,https://khamsat.com/user/karimwaw,True,بائع نشيط,4.5,11,100.0%,4,8,5 ساعات
تصميم,https://khamsat.com/designing,تصميم منيو,https://khamsat.com/designing/menu-design,تصميم قائمة منيو MENU احترافي,https://khamsat.com/designing/menu-design/2610940-%D8%AA%D8%B5%D9%85%D9%8A%D9%85-%D9%82%D8%A7%D8%A6%D9%85%D8%A9-%D9%85%D9%86%D9%8A%D9%88-menu-%D8%A7%D8%AD%D8%AA%D8%B1%D8%A7%D9%81%D9%8A,5.0,1,ساعتين,1,0,$10.00,ثلاثة أيام,1,3,20.0,أحمد ع.,https://khamsat.com/user/kiingahmed,True,بائع جديد,5.0,1,100.0%,1,1,ساعتين
تصميم,https://khamsat.com/designing,تصميم منيو,https://khamsat.com/designing/menu-design,تصميم شعار او منيو,https://khamsat.com/designing/menu-design/786162-%D8%AA%D8%B5%D9%85%D9%8A%D9%85-%D8%B4%D8%B9%D8%A7%D8%B1-%D8%A7%D9%88-%D9%85%D9%86%D9%8A%D9%88,5.0,27,ساعة,38,0,$5.00,يوم واحد,25,1,5.0,محمد ت.,https://khamsat.com/user/%D9%85%D8%AD%D9%85%D9%88%D8%AF-%D9%83%D8%A7%D8%B6%D9%85,True,بائع مميز,5.0,33,86.52%,4,47,4 ساعات
تصميم,https://khamsat.com/designing,تصميم منيو,https://khamsat.com/designing/menu-design,تصميم احترافي لمنيو مطعم او كافيه,https://khamsat.com/designing/menu-design/2488153-%D8%AA%D8%B5%D9%85%D9%8A%D9%85-%D8%A7%D8%AD%D8%AA%D8%B1%D8%A7%D9%81%D9%8A-%D9%84%D9%85%D9%86%D9%8A%D9%88-%D9%85%D8%B7%D8%B9%D9%85-%D8%A7%D9%88-%D9%83%D8%A7%D9%81%D9%8A%D9%87,4.5,12,3 ساعات,22,0,$5.00,يوم واحد,12,5,40.0,.Yossef Y,https://khamsat.com/user/yossef_yasser,True,بائع مميز,4.5,22,88.89%,6,30,ساعة
تصميم,https://khamsat.com/designing,تصميم منيو,https://khamsat.com/designing/menu-design,تصميم منيو عصري لصفحة واحدة,https://khamsat.com/designing/menu-design/782636-%D8%AA%D8%B5%D9%85%D9%8A%D9%85-%D9%85%D9%86%D9%8A%D9%88-%D8%B9%D8%B5%D8%B1%D9%8A-%D9%84%D8%B5%D9%81%D8%AD%D8%A9-%D9%88%D8%A7%D8%AD%D8%AF%D8%A9,5.0,3,3 أيام,8,0,$10.00,ثلاثة أيام,3,1,10.0,.Hasan A,https://khamsat.com/user/hassan-abu-daqen,True,بائع مميز,4.5,51,95.4%,3,79,يوم
تصميم,https://khamsat.com/designing,تصميم منيو,https://khamsat.com/designing/menu-design,تصميم فلاير وبروشور,https://khamsat.com/designing/menu-design/2087318-%D8%AA%D8%B5%D9%85%D9%8A%D9%85-%D9%81%D9%84%D8%A7%D9%8A%D8%B1-%D9%88%D8%A8%D8%B1%D9%88%D8%B4%D9%88%D8%B1,4.5,12,ساعة,17,0,$10.00,يومين,12,5,55.0,.Asia A,https://khamsat.com/user/asia_a_obaida2,True,بائع نشيط,4.5,14,94.44%,6,20,13 ساعة
تصميم,https://khamsat.com/designing,تصميم منيو,https://khamsat.com/designing/menu-design,تصميم منيو احترافي ومبتكر لمطعمك,https://khamsat.com/designing/menu-design/2816607-%D8%AA%D8%B5%D9%85%D9%8A%D9%85-%D9%85%D9%86%D9%8A%D9%88-%D8%A7%D8%AD%D8%AA%D8%B1%D8%A7%D9%81%D9%8A-%D9%88%D9%85%D8%A8%D8%AA%D9%83%D8%B1-%D9%84%D9%85%D8%B7%D8%B9%D9%85%D9%83,4.5,11,8 ساعات,12,0,$5.00,يوم واحد,11,2,35.0,مصطفي ا.,https://khamsat.com/user/mostafa_ahmed_100,True,بائع نشيط,4.5,25,97.44%,5,24,3 ساعات
تصميم,https://khamsat.com/designing,تصميم منيو,https://khamsat.com/designing/menu-design,تصميم منيو احترافي لمطعمك وبجودة عالية قابلة للطباعة,https://khamsat.com/designing/menu-design/2780784-%D8%AA%D8%B5%D9%85%D9%8A%D9%85-%D9%85%D9%86%D9%8A%D9%88-%D8%A7%D8%AD%D8%AA%D8%B1%D8%A7%D9%81%D9%8A-%D9%84%D9%85%D8%B7%D8%B9%D9%85%D9%83-%D9%88%D8%A8%D8%AC%D9%88%D8%AF%D8%A9-%D8%B9%D8%A7%D9%84%D9%8A%D8%A9-%D9%82%D8%A7%D8%A8%D9%84%D8%A9-%D9%84%D9%84%D8%B7%D8%A8%D8%A7%D8%B9%D8%A9,5.0,5,31 دقيقة,7,0,$25.00,يومين,5,5,170.0,.Nader E,https://khamsat.com/user/betrend98,True,بائع نشيط,4.5,18,96.88%,7,17,16 ساعة
تصميم,https://khamsat.com/designing,تصميم منيو,https://khamsat.com/designing/menu-design,خدمة تصميم منيو كامل و قائمة اسعار,https://khamsat.com/designing/menu-design/1903032-%D8%AE%D8%AF%D9%85%D8%A9-%D8%AA%D8%B5%D9%85%D9%8A%D9%85-%D9%85%D9%86%D9%8A%D9%88-%D9%83%D8%A7%D9%85%D9%84-%D9%88-%D9%82%D8%A7%D8%A6%D9%85%D8%A9-%D8%A7%D8%B3%D8%B9%D8%A7%D8%B1,5.0,4,4 ساعات,5,0,$5.00,يوم واحد,4,2,10.0,يوسف م.,https://khamsat.com/user/yousef_mo20,False,بائع نشيط,5.0,7,93.75%,7,8,3 ساعات
تصميم,https://khamsat.com/designing,تصميم منيو,https://khamsat.com/designing/menu-design,تصميم قائمة طعام وكافيه احترافي مقابل 5 دولار,https://khamsat.com/designing/menu-design/1553526-%D8%AA%D8%B5%D9%85%D9%8A%D9%85-%D9%82%D8%A7%D8%A6%D9%85%D8%A9-%D8%B7%D8%B9%D8%A7%D9%85-%D9%88%D9%83%D8%A7%D9%81%D9%8A%D9%87-%D8%A7%D8%AD%D8%AA%D8%B1%D8%A7%D9%81%D9%8A-%D9%85%D9%82%D8%A7%D8%A8%D9%84-5-%D8%AF%D9%88%D9%84%D8%A7%D8%B1,3.0,1,10 ساعات,1,0,$5.00,يومين,1,2,25.0,.Ahmed A,https://khamsat.com/user/ahmedabozid,True,بائع نشيط,5.0,6,90.91%,5,6,3 ساعات
تصميم,https://khamsat.com/designing,تصميم منيو,https://khamsat.com/designing/menu-design,تصميم Menu احترافي يناسب مطعمك أو المقهى الخاص بك,https://khamsat.com/designing/menu-design/2517393-%D8%AA%D8%B5%D9%85%D9%8A%D9%85-menu-%D8%A7%D8%AD%D8%AA%D8%B1%D8%A7%D9%81%D9%8A-%D9%8A%D9%86%D8%A7%D8%B3%D8%A8-%D9%85%D8%B7%D8%B9%D9%85%D9%83-%D8%A3%D9%88-%D8%A7%D9%84%D9%85%D9%82%D9%87%D9%89-%D8%A7%D9%84%D8%AE%D8%A7%D8%B5-%D8%A8%D9%83,5.0,1,6 ساعات,1,0,$5.00,يوم واحد,1,1,5.0,.Samir O,https://khamsat.com/user/samirounich,True,بائع جديد,5.0,1,66.67%,3,1,6 ساعات
تصميم,https://khamsat.com/designing,تصميم منيو,https://khamsat.com/designing/menu-design,تصميم منيو مطعم ومقهى احترافي,https://khamsat.com/designing/menu-design/2829074-%D8%AA%D8%B5%D9%85%D9%8A%D9%85-%D9%85%D9%86%D9%8A%D9%88-%D9%85%D8%B7%D8%B9%D9%85-%D9%88%D9%85%D9%82%D9%87%D9%89-%D8%A7%D8%AD%D8%AA%D8%B1%D8%A7%D9%81%D9%8A,5.0,1,ساعة,2,0,$10.00,يوم واحد,1,4,20.0,ابتسام ع.,https://khamsat.com/user/ibtissem95,True,بائع جديد,5.0,1,100.0%,4,2,ساعة
تصميم,https://khamsat.com/designing,تصميم منيو,https://khamsat.com/designing/menu-design,تصميم مينيو Menu احترافي للمطاعم والمقاهي,https://khamsat.com/designing/menu-design/2464520-%D8%AA%D8%B5%D9%85%D9%8A%D9%85-%D9%85%D9%8A%D9%86%D9%8A%D9%88-menu-%D8%A7%D8%AD%D8%AA%D8%B1%D8%A7%D9%81%D9%8A-%D9%84%D9%84%D9%85%D8%B7%D8%A7%D8%B9%D9%85-%D9%88%D8%A7%D9%84%D9%85%D9%82%D8%A7%D9%87%D9%8A,4.5,6,ساعة,6,0,$10.00,يوم واحد,6,5,130.0,.Walid H,https://khamsat.com/user/karimwaw,True,بائع نشيط,4.5,11,100.0%,4,8,5 ساعات
تصميم,https://khamsat.com/designing,تصميم منيو,https://khamsat.com/designing/menu-design,تصميم منيو ابداعي ومتناسق لمطعمك,https://khamsat.com/designing/menu-design/2838939-%D8%AA%D8%B5%D9%85%D9%8A%D9%85-%D9%85%D9%86%D9%8A%D9%88-%D8%A7%D8%A8%D8%AF%D8%A7%D8%B9%D9%8A-%D9%88%D9%85%D8%AA%D9%86%D8%A7%D8%B3%D9%82-%D9%84%D9%85%D8%B7%D8%B9%D9%85%D9%83,4.5,5,43 دقيقة,10,1,$5.00,يوم واحد,5,3,20.0,.Seif Eldeen H,https://khamsat.com/user/seif_hesham_1,True,بائع نشيط,4.5,7,100.0%,4,13,26 دقيقة
تصميم,https://khamsat.com/designing,تصميم منيو,https://khamsat.com/designing/menu-design,تصميم منيو قائمة الطعام,https://khamsat.com/designing/menu-design/2746114-%D8%AA%D8%B5%D9%85%D9%8A%D9%85-%D9%85%D9%86%D9%8A%D9%88-%D9%82%D8%A7%D8%A6%D9%85%D8%A9-%D8%A7%D9%84%D8%B7%D8%B9%D8%A7%D9%85,5.0,2,20 دقيقة,2,0,$15.00,ثلاثة أيام,2,3,35.0,.Bayan A,https://khamsat.com/user/bayanalfayad97,True,بائع نشيط,5.0,11,94.74%,4,9,17 دقيقة
تصميم,https://khamsat.com/designing,تصميم منيو,https://khamsat.com/designing/menu-design,تصميم منيو مطعم أو كافية Menu Design,https://khamsat.com/designing/menu-design/2798339-%D8%AA%D8%B5%D9%85%D9%8A%D9%85-%D9%85%D9%86%D9%8A%D9%88-%D9%85%D8%B7%D8%B9%D9%85-%D8%A3%D9%88-%D9%83%D8%A7%D9%81%D9%8A%D8%A9-menu-design,5.0,3,ساعة,4,0,$5.00,يوم واحد,3,5,55.0,أحمد ص.,https://khamsat.com/user/ahmed_salah_habib,True,بائع مميز,4.5,28,98.86%,7,31,ساعة
تصميم,https://khamsat.com/designing,تصميم منيو,https://khamsat.com/designing/menu-design,تصميم منيو كافيه أو مطعم إحترافي وعصري,https://khamsat.com/designing/menu-design/1647366-%D8%AA%D8%B5%D9%85%D9%8A%D9%85-%D9%85%D9%86%D9%8A%D9%88-%D9%83%D8%A7%D9%81%D9%8A%D9%87-%D8%A3%D9%88-%D9%85%D8%B7%D8%B9%D9%85-%D8%A5%D8%AD%D8%AA%D8%B1%D8%A7%D9%81%D9%8A-%D9%88%D8%B9%D8%B5%D8%B1%D9%8A,5.0,92,6 ساعات,128,2,$5.00,يومين,25,5,70.0,.Reham F,https://khamsat.com/user/reham_fathy46,True,بائع مميز,5.0,128,98.16%,4,153,4 ساعات
تصميم,https://khamsat.com/designing,تصميم منيو,https://khamsat.com/designing/menu-design,تصميم قائمة طعام وكافيه احترافي,https://khamsat.com/designing/menu-design/3046234-%D8%AA%D8%B5%D9%85%D9%8A%D9%85-%D9%82%D8%A7%D8%A6%D9%85%D8%A9-%D8%B7%D8%B9%D8%A7%D9%85-%D9%88%D9%83%D8%A7%D9%81%D9%8A%D9%87-%D8%A7%D8%AD%D8%AA%D8%B1%D8%A7%D9%81%D9%8A,0.0,0,لم يحسب,0,0,$5.00,يوم واحد,0,2,25.0,.Abderrahim Y,https://khamsat.com/user/yassef18,True,بائع جديد,0.0,0,لم يحسب بعد,1,0,لم يحسب
تصميم,https://khamsat.com/designing,تصميم منيو,https://khamsat.com/designing/menu-design,منيو مطعم احترافي للمطاعم والكافيه,https://khamsat.com/designing/menu-design/2629505-%D9%85%D9%86%D9%8A%D9%88-%D9%85%D8%B7%D8%B9%D9%85-%D8%A7%D8%AD%D8%AA%D8%B1%D8%A7%D9%81%D9%8A-%D9%84%D9%84%D9%85%D8%B7%D8%A7%D8%B9%D9%85-%D9%88%D8%A7%D9%84%D9%83%D8%A7%D9%81%D9%8A%D9%87,0.0,0,لم يحسب,0,0,$5.00,يوم واحد,0,0,0.0,عبد الرحمن ا.,https://khamsat.com/user/elabd10,True,بائع جديد,0.0,0,لم يحسب بعد,2,0,لم يحسب
تصميم,https://khamsat.com/designing,تصميم منيو,https://khamsat.com/designing/menu-design,تصميم منيو متكامل لعرض أطباقك باحترافية,https://khamsat.com/designing/menu-design/3044020-%D8%AA%D8%B5%D9%85%D9%8A%D9%85-%D9%85%D9%86%D9%8A%D9%88-%D9%85%D8%AA%D9%83%D8%A7%D9%85%D9%84-%D9%84%D8%B9%D8%B1%D8%B6-%D8%A3%D8%B7%D8%A8%D8%A7%D9%82%D9%83-%D8%A8%D8%A7%D8%AD%D8%AA%D8%B1%D8%A7%D9%81%D9%8A%D8%A9,0.0,0,لم يحسب,0,0,$5.00,يومين,0,0,0.0,الاء ا.,https://khamsat.com/user/aalaa00,True,بائع جديد,0.0,0,لم يحسب بعد,1,0,لم يحسب
تصميم,https://khamsat.com/designing,تصميم منيو,https://khamsat.com/designing/menu-design,تصميم منيو عصري و جذاب لنشاطك التجاري سواء كان كافيه مطعم,https://khamsat.com/designing/menu-design/3017857-%D8%AA%D8%B5%D9%85%D9%8A%D9%85-%D9%85%D9%86%D9%8A%D9%88-%D8%B9%D8%B5%D8%B1%D9%8A-%D9%88-%D8%AC%D8%B0%D8%A7%D8%A8-%D9%84%D9%86%D8%B4%D8%A7%D8%B7%D9%83-%D8%A7%D9%84%D8%AA%D8%AC%D8%A7%D8%B1%D9%8A-%D8%B3%D9%88%D8%A7%D8%A1-%D9%83%D8%A7%D9%86-%D9%83%D8%A7%D9%81%D9%8A%D9%87-%D9%85%D8%B7%D8%B9%D9%85,0.0,0,لم يحسب,0,0,$5.00,يومين,0,0,0.0,.Nada S,https://khamsat.com/user/nada_327,True,مستخدم جديد,0.0,0,لم يحسب بعد,0,0,لم يحسب
تصميم,https://khamsat.com/designing,تصميم منيو,https://khamsat.com/designing/menu-design,تصميم منيو احترافي متناسق لمطعم او كافيه,https://khamsat.com/designing/menu-design/2914084-%D8%AA%D8%B5%D9%85%D9%8A%D9%85-%D9%85%D9%86%D9%8A%D9%88-%D8%A7%D8%AD%D8%AA%D8%B1%D8%A7%D9%81%D9%8A-%D9%85%D8%AA%D9%86%D8%A7%D8%B3%D9%82-%D9%84%D9%85%D8%B7%D8%B9%D9%85-%D8%A7%D9%88-%D9%83%D8%A7%D9%81%D9%8A%D9%87,0.0,0,لم يحسب,0,0,$10.00,يومين,0,0,0.0,رضوى ا.,https://khamsat.com/user/radwa_elhawary,True,مستخدم جديد,0.0,0,لم يحسب بعد,0,0,لم يحسب
تصميم,https://khamsat.com/designing,تصميم منيو,https://khamsat.com/designing/menu-design,تصميم قائمة مطعم اوقائمة المقهى,https://khamsat.com/designing/menu-design/1628657-%D8%AA%D8%B5%D9%85%D9%8A%D9%85-%D9%82%D8%A7%D8%A6%D9%85%D8%A9-%D9%85%D8%B7%D8%B9%D9%85-%D8%A7%D9%88%D9%82%D8%A7%D8%A6%D9%85%D8%A9-%D8%A7%D9%84%D9%85%D9%82%D9%87%D9%89,0.0,0,لم يحسب,0,0,$5.00,يومين,0,1,10.0,المهدي ل.,https://khamsat.com/user/devloper_12,True,بائع جديد,5.0,1,100.0%,4,2,58 دقيقة
تصميم,https://khamsat.com/designing,تصميم منيو,https://khamsat.com/designing/menu-design,تصميم منيو بشكل إحترافي لمطعم أو كافيه,https://khamsat.com/designing/menu-design/2658104-%D8%AA%D8%B5%D9%85%D9%8A%D9%85-%D9%85%D9%86%D9%8A%D9%88-%D8%A8%D8%B4%D9%83%D9%84-%D8%A5%D8%AD%D8%AA%D8%B1%D8%A7%D9%81%D9%8A-%D9%84%D9%85%D8%B7%D8%B9%D9%85-%D8%A3%D9%88-%D9%83%D8%A7%D9%81%D9%8A%D9%87,5.0,7,3 ساعات,7,0,$5.00,يوم واحد,7,2,10.0,.Islam I,https://khamsat.com/user/islamibrahim29488,True,بائع نشيط,5.0,14,95.0%,8,12,ساعة
تصميم,https://khamsat.com/designing,رسوم كرتونية,https://khamsat.com/designing/cartoons,رسم قصص أطفال بأساليب متنوعة,https://khamsat.com/designing/cartoons/2972627-%D8%B1%D8%B3%D9%85-%D9%82%D8%B5%D8%B5-%D8%A3%D8%B7%D9%81%D8%A7%D9%84-%D8%A8%D8%A3%D8%B3%D8%A7%D9%84%D9%8A%D8%A8-%D9%85%D8%AA%D9%86%D9%88%D8%B9%D8%A9,5.0,2,4 ساعات,2,1,$10.00,يومين,2,5,140.0,هالة ح.,https://khamsat.com/user/hala_hejazii,True,بائع جديد,5.0,2,100.0%,1,2,4 ساعات
تصميم,https://khamsat.com/designing,رسوم كرتونية,https://khamsat.com/designing/cartoons,ساقوم برسم قصص للاطفال بجوده عاليه,https://khamsat.com/designing/cartoons/2721552-%D8%B3%D8%A7%D9%82%D9%88%D9%85-%D8%A8%D8%B1%D8%B3%D9%85-%D9%82%D8%B5%D8%B5-%D9%84%D9%84%D8%A7%D8%B7%D9%81%D8%A7%D9%84-%D8%A8%D8%AC%D9%88%D8%AF%D9%87-%D8%B9%D8%A7%D9%84%D9%8A%D9%87,5.0,2,3 أيام,2,0,$5.00,يومين,2,4,145.0,.Manar A,https://khamsat.com/user/manar_hamdi1,True,بائع نشيط,5.0,5,93.88%,2,5,يوم
تصميم,https://khamsat.com/designing,رسوم كرتونية,https://khamsat.com/designing/cartoons,رسم قصص الأطفال ومشاهد كرتونية احترافية,https://khamsat.com/designing/cartoons/2474350-%D8%B1%D8%B3%D9%85-%D9%82%D8%B5%D8%B5-%D8%A7%D9%84%D8%A3%D8%B7%D9%81%D8%A7%D9%84-%D9%88%D9%85%D8%B4%D8%A7%D9%87%D8%AF-%D9%83%D8%B1%D8%AA%D9%88%D9%86%D9%8A%D8%A9-%D8%A7%D8%AD%D8%AA%D8%B1%D8%A7%D9%81%D9%8A%D8%A9,4.5,5,يوم,4,0,$5.00,يومين,5,3,65.0,عمار م.,https://khamsat.com/user/ammar_art,True,بائع مميز,5.0,57,95.38%,5,61,13 ساعة
تصميم,https://khamsat.com/designing,رسوم كرتونية,https://khamsat.com/designing/cartoons,تصميم شخصيات انمي او كرتون,https://khamsat.com/designing/cartoons/2423878-%D8%AA%D8%B5%D9%85%D9%8A%D9%85-%D8%B4%D8%AE%D8%B5%D9%8A%D8%A7%D8%AA-%D8%A7%D9%86%D9%85%D9%8A-%D8%A7%D9%88-%D9%83%D8%B1%D8%AA%D9%88%D9%86,5.0,2,3 ساعات,2,2,$10.00,ثلاثة أيام,2,3,25.0,اميرة ا.,https://khamsat.com/user/amera59,True,بائع جديد,5.0,2,100.0%,4,2,3 ساعات
تصميم,https://khamsat.com/designing,رسوم كرتونية,https://khamsat.com/designing/cartoons,تصميم مجسمات ثلاثية الابعاد لأستعماله في لعبة أو أنيميشن,https://khamsat.com/designing/cartoons/2370795-%D8%AA%D8%B5%D9%85%D9%8A%D9%85-%D9%85%D8%AC%D8%B3%D9%85%D8%A7%D8%AA-%D8%AB%D9%84%D8%A7%D8%AB%D9%8A%D8%A9-%D8%A7%D9%84%D8%A7%D8%A8%D8%B9%D8%A7%D8%AF-%D9%84%D8%A3%D8%B3%D8%AA%D8%B9%D9%85%D8%A7%D9%84%D9%87-%D9%81%D9%8A-%D9%84%D8%B9%D8%A8%D8%A9-%D8%A3%D9%88-%D8%A3%D9%86%D9%8A%D9%85%D9%8A%D8%B4%D9%86,5.0,3,13 ساعة,4,0,$5.00,يوم واحد,3,3,15.0,.Rayane Z,https://khamsat.com/user/rayane_zouggare,True,بائع نشيط,5.0,3,100.0%,2,4,13 ساعة
تصميم,https://khamsat.com/designing,رسوم كرتونية,https://khamsat.com/designing/cartoons,سأقوم برسم قصص الأطفال,https://khamsat.com/designing/cartoons/1022404-%D8%B3%D8%A3%D9%82%D9%88%D9%85-%D8%A8%D8%B1%D8%B3%D9%85-%D9%82%D8%B5%D8%B5-%D8%A7%D9%84%D8%A3%D8%B7%D9%81%D8%A7%D9%84,4.5,58,ساعة,72,0,$10.00,يومين,25,3,120.0,.Rofayda E,https://khamsat.com/user/%D8%A7%D9%84%D8%A3%D8%B1%D9%86%D8%A8%D8%A9-%D8%A7%D9%84%D9%88%D8%B1%D8%AF%D9%8A%D8%A9,True,بائع مميز,4.5,77,98.42%,3,92,5 ساعات
تصميم,https://khamsat.com/designing,رسوم كرتونية,https://khamsat.com/designing/cartoons,تصميم ورسم الكتروني في كافة المجالات من كاريكاتير وغيره,https://khamsat.com/designing/cartoons/2867714-%D8%AA%D8%B5%D9%85%D9%8A%D9%85-%D9%88%D8%B1%D8%B3%D9%85-%D8%A7%D9%84%D9%83%D8%AA%D8%B1%D9%88%D9%86%D9%8A-%D9%81%D9%8A-%D9%83%D8%A7%D9%81%D8%A9-%D8%A7%D9%84%D9%85%D8%AC%D8%A7%D9%84%D8%A7%D8%AA-%D9%85%D9%86-%D9%83%D8%A7%D8%B1%D9%8A%D9%83%D8%A7%D8%AA%D9%8A%D8%B1-%D9%88%D8%BA%D9%8A%D8%B1%D9%87,5.0,11,3 ساعات,13,0,$5.00,يومين,11,2,55.0,آية الله ا.,https://khamsat.com/user/aya_ibrahim88,True,بائع نشيط,5.0,13,100.0%,3,14,4 ساعات
تصميم,https://khamsat.com/designing,رسوم كرتونية,https://khamsat.com/designing/cartoons,رسم عائلة كرتونية بهيأة سعودية جميلة ورائعة,https://khamsat.com/designing/cartoons/2491634-%D8%B1%D8%B3%D9%85-%D8%B9%D8%A7%D8%A6%D9%84%D8%A9-%D9%83%D8%B1%D8%AA%D9%88%D9%86%D9%8A%D8%A9-%D8%A8%D9%87%D9%8A%D8%A3%D8%A9-%D8%B3%D8%B9%D9%88%D8%AF%D9%8A%D8%A9-%D8%AC%D9%85%D9%8A%D9%84%D8%A9-%D9%88%D8%B1%D8%A7%D8%A6%D8%B9%D8%A9,5.0,2,8 أيام,2,0,$50.00,أربعة أيام,2,5,30.0,.Aya S,https://khamsat.com/user/aya_salah23,True,بائع مميز,5.0,15,85.94%,7,12,3 أيام
تصميم,https://khamsat.com/designing,رسوم كرتونية,https://khamsat.com/designing/cartoons,سأرسم لك صورة كرتونية متميزة,https://khamsat.com/designing/cartoons/1458311-%D8%B3%D8%A3%D8%B1%D8%B3%D9%85-%D9%84%D9%83-%D8%B5%D9%88%D8%B1%D8%A9-%D9%83%D8%B1%D8%AA%D9%88%D9%86%D9%8A%D8%A9-%D9%85%D8%AA%D9%85%D9%8A%D8%B2%D8%A9,5.0,31,ساعتين,40,0,$15.00,يومين,25,5,60.0,زهير ا.,https://khamsat.com/user/zohir_dr,True,بائع مميز,5.0,36,92.81%,2,44,ساعة
تصميم,https://khamsat.com/designing,رسوم كرتونية,https://khamsat.com/designing/cartoons,ارسم قصص للأطفال بأساليب متنوعة,https://khamsat.com/designing/cartoons/1642213-%D8%A7%D8%B1%D8%B3%D9%85-%D9%82%D8%B5%D8%B5-%D9%84%D9%84%D8%A3%D8%B7%D9%81%D8%A7%D9%84-%D8%A8%D8%A3%D8%B3%D8%A7%D9%84%D9%8A%D8%A8-%D9%85%D8%AA%D9%86%D9%88%D8%B9%D8%A9,5.0,15,12 يوم,18,0,$10.00,يوم واحد,15,3,165.0,.Maryam H,https://khamsat.com/user/maryam_hadoush,True,بائع مميز,5.0,15,87.1%,4,18,12 يوم
تصميم,https://khamsat.com/designing,رسوم كرتونية,https://khamsat.com/designing/cartoons,صمم منتجاتك ثنائية الأبعاد,https://khamsat.com/designing/cartoons/2376842-%D8%B5%D9%85%D9%85-%D9%85%D9%86%D8%AA%D8%AC%D8%A7%D8%AA%D9%83-%D8%AB%D9%86%D8%A7%D8%A6%D9%8A%D8%A9-%D8%A7%D9%84%D8%A3%D8%A8%D8%B9%D8%A7%D8%AF,5.0,2,ساعتين,5,0,$25.00,يوم واحد,2,4,335.0,رضوه س.,https://khamsat.com/user/radwadesigner,True,بائع مميز,5.0,99,91.64%,9,109,ساعتين
تصميم,https://khamsat.com/designing,رسوم كرتونية,https://khamsat.com/designing/cartoons,رسم مشاهد لقصة أو رواية أو كتاب تعليمي,https://khamsat.com/designing/cartoons/2324964-%D8%B1%D8%B3%D9%85-%D9%85%D8%B4%D8%A7%D9%87%D8%AF-%D9%84%D9%82%D8%B5%D8%A9-%D8%A3%D9%88-%D8%B1%D9%88%D8%A7%D9%8A%D8%A9-%D8%A3%D9%88-%D9%83%D8%AA%D8%A7%D8%A8-%D8%AA%D8%B9%D9%84%D9%8A%D9%85%D9%8A,5.0,3,52 دقيقة,4,0,$25.00,يومين,3,5,125.0,.Yasser E,https://khamsat.com/user/yasserelgazzar,True,بائع نشيط,5.0,17,91.84%,2,22,44 دقيقة
تصميم,https://khamsat.com/designing,رسوم كرتونية,https://khamsat.com/designing/cartoons,سأقوم برسم قصص للاطفال بأسلوب لطيف ومشوق,https://khamsat.com/designing/cartoons/2929451-%D8%B3%D8%A3%D9%82%D9%88%D9%85-%D8%A8%D8%B1%D8%B3%D9%85-%D9%82%D8%B5%D8%B5-%D9%84%D9%84%D8%A7%D8%B7%D9%81%D8%A7%D9%84-%D8%A8%D8%A3%D8%B3%D9%84%D9%88%D8%A8-%D9%84%D8%B7%D9%8A%D9%81-%D9%88%D9%85%D8%B4%D9%88%D9%82,5.0,2,3 ساعات,2,0,$5.00,يوم واحد,2,5,225.0,.Rowa A,https://khamsat.com/user/%D8%B1%D8%A4%D9%89-%D8%A7%D9%84%D8%AE%D8%B7%D9%8A%D8%A8,True,بائع نشيط,5.0,2,100.0%,1,2,3 ساعات
تصميم,https://khamsat.com/designing,رسوم كرتونية,https://khamsat.com/designing/cartoons,سوف ارسم لك صورة بالرصاص باحترافية,https://khamsat.com/designing/cartoons/579830-%D8%B3%D9%88%D9%81-%D8%A7%D8%B1%D8%B3%D9%85-%D9%84%D9%83-%D8%B5%D9%88%D8%B1%D8%A9-%D8%A8%D8%A7%D9%84%D8%B1%D8%B5%D8%A7%D8%B5-%D8%A8%D8%A7%D8%AD%D8%AA%D8%B1%D8%A7%D9%81%D9%8A%D8%A9,4.5,79,6 ساعات,105,0,$10.00,ثلاثة أيام,25,5,75.0,.Saeed Mahmoud M,https://khamsat.com/user/%D8%B3%D8%B9%D9%8A%D8%AF-%D9%85%D8%AA%D9%88%D9%84%D9%89,True,بائع مميز,4.5,86,96.59%,1,109,3 ساعات
تصميم,https://khamsat.com/designing,رسوم كرتونية,https://khamsat.com/designing/cartoons,رسومات ولوحات فنية اصلية بدقة عالية لمتاجر print on demand,https://khamsat.com/designing/cartoons/2934348-%D8%B1%D8%B3%D9%88%D9%85%D8%A7%D8%AA-%D9%88%D9%84%D9%88%D8%AD%D8%A7%D8%AA-%D9%81%D9%86%D9%8A%D8%A9-%D8%A7%D8%B5%D9%84%D9%8A%D8%A9-%D8%A8%D8%AF%D9%82%D8%A9-%D8%B9%D8%A7%D9%84%D9%8A%D8%A9-%D9%84%D9%85%D8%AA%D8%A7%D8%AC%D8%B1-print-on-demand,5.0,2,5 ساعات,3,0,$5.00,يومين,2,1,10.0,آية الله ا.,https://khamsat.com/user/aya_ibrahim88,True,بائع نشيط,5.0,13,100.0%,3,14,4 ساعات
تصميم,https://khamsat.com/designing,رسوم كرتونية,https://khamsat.com/designing/cartoons,رسم فيكتور لافلام الرسوم المتحركة والقصص,https://khamsat.com/designing/cartoons/1676707-%D8%B1%D8%B3%D9%85-%D9%81%D9%8A%D9%83%D8%AA%D9%88%D8%B1-%D9%84%D8%A7%D9%81%D9%84%D8%A7%D9%85-%D8%A7%D9%84%D8%B1%D8%B3%D9%88%D9%85-%D8%A7%D9%84%D9%85%D8%AA%D8%AD%D8%B1%D9%83%D8%A9-%D9%88%D8%A7%D9%84%D9%82%D8%B5%D8%B5,5.0,22,10 ساعات,34,0,$10.00,يوم واحد,22,5,165.0,رضوه س.,https://khamsat.com/user/radwadesigner,True,بائع مميز,5.0,99,91.64%,9,109,ساعتين
تصميم,https://khamsat.com/designing,رسوم كرتونية,https://khamsat.com/designing/cartoons,رسم كاريكاتيري يدوي,https://khamsat.com/designing/cartoons/439046-%D8%B1%D8%B3%D9%85-%D9%83%D8%A7%D8%B1%D9%8A%D9%83%D8%A7%D8%AA%D9%8A%D8%B1%D9%8A-%D9%8A%D8%AF%D9%88%D9%8A,5.0,74,28 دقيقة,99,0,$10.00,ثلاثة أيام,25,5,70.0,.Ayman A,https://khamsat.com/user/ayman,True,بائع مميز,5.0,149,95.66%,5,176,9 ساعات
تصميم,https://khamsat.com/designing,رسوم كرتونية,https://khamsat.com/designing/cartoons,رسم مشهد لقصة أطفال,https://khamsat.com/designing/cartoons/816034-%D8%B1%D8%B3%D9%85-%D9%85%D8%B4%D9%87%D8%AF-%D9%84%D9%82%D8%B5%D8%A9-%D8%A3%D8%B7%D9%81%D8%A7%D9%84,4.5,35,أقل من دقيقة,48,0,$10.00,يومين,25,2,105.0,.Hager B,https://khamsat.com/user/nafs-tawaqah,True,بائع مميز,4.5,35,88.5%,1,48,5 ساعات
تصميم,https://khamsat.com/designing,رسوم كرتونية,https://khamsat.com/designing/cartoons,تحويل فكرتك البرمجية لسكيتشات مرسومة,https://khamsat.com/designing/cartoons/1817122-%D8%AA%D8%AD%D9%88%D9%8A%D9%84-%D9%81%D9%83%D8%B1%D8%AA%D9%83-%D8%A7%D9%84%D8%A8%D8%B1%D9%85%D8%AC%D9%8A%D8%A9-%D9%84%D8%B3%D9%83%D9%8A%D8%AA%D8%B4%D8%A7%D8%AA-%D9%85%D8%B1%D8%B3%D9%88%D9%85%D8%A9,5.0,3,يومين,6,0,$5.00,يوم واحد,3,1,30.0,.Ahmed A,https://khamsat.com/user/ahmed_nabeel,True,بائع مميز,5.0,20,97.22%,3,28,12 ساعة
تصميم,https://khamsat.com/designing,رسوم كرتونية,https://khamsat.com/designing/cartoons,رسم وتصميم ستوري بورد لماشريع الموشن جرافيكس بكل احترافية,https://khamsat.com/designing/cartoons/2592261-%D8%B1%D8%B3%D9%85-%D9%88%D8%AA%D8%B5%D9%85%D9%8A%D9%85-%D8%B3%D8%AA%D9%88%D8%B1%D9%8A-%D8%A8%D9%88%D8%B1%D8%AF-%D9%84%D9%85%D8%A7%D8%B4%D8%B1%D9%8A%D8%B9-%D8%A7%D9%84%D9%85%D9%88%D8%B4%D9%86-%D8%AC%D8%B1%D8%A7%D9%81%D9%8A%D9%83%D8%B3-%D8%A8%D9%83%D9%84-%D8%A7%D8%AD%D8%AA%D8%B1%D8%A7%D9%81%D9%8A%D8%A9,5.0,1,12 دقيقة,2,0,$25.00,يوم واحد,1,0,0.0,.Samia A,https://khamsat.com/user/pasky,True,بائع نشيط,5.0,8,96.55%,3,10,18 ساعة
تصميم,https://khamsat.com/designing,رسوم كرتونية,https://khamsat.com/designing/cartoons,رسم خلفية لمشهد قصة,https://khamsat.com/designing/cartoons/2029145-%D8%B1%D8%B3%D9%85-%D8%AE%D9%84%D9%81%D9%8A%D8%A9-%D9%84%D9%85%D8%B4%D9%87%D8%AF-%D9%82%D8%B5%D8%A9,5.0,10,5 ساعات,13,0,$5.00,يومين,10,5,120.0,.Najat R,https://khamsat.com/user/natatchi,True,بائع نشيط,5.0,12,87.88%,4,15,4 ساعات
تصميم,https://khamsat.com/designing,رسوم كرتونية,https://khamsat.com/designing/cartoons,رسم شخصيّات ببرنامج illustrator,https://khamsat.com/designing/cartoons/1670769-%D8%B1%D8%B3%D9%85-%D8%B4%D8%AE%D8%B5%D9%8A%D8%A7%D8%AA-%D8%A8%D8%A8%D8%B1%D9%86%D8%A7%D9%85%D8%AC-illustrator,5.0,8,6 ساعات,11,0,$15.00,ثلاثة أيام,8,1,15.0,ناديا ح.,https://khamsat.com/user/nadia44,True,بائع مميز,5.0,19,96.61%,5,24,ساعة
تصميم,https://khamsat.com/designing,رسوم كرتونية,https://khamsat.com/designing/cartoons,رسم فيكتور أو شخصيات كارتونية فلات أرت,https://khamsat.com/designing/cartoons/743420-%D8%B1%D8%B3%D9%85-%D9%81%D9%8A%D9%83%D8%AA%D9%88%D8%B1-%D8%A3%D9%88-%D8%B4%D8%AE%D8%B5%D9%8A%D8%A7%D8%AA-%D9%83%D8%A7%D8%B1%D8%AA%D9%88%D9%86%D9%8A%D8%A9-%D9%81%D9%84%D8%A7%D8%AA-%D8%A3%D8%B1%D8%AA,5.0,42,49 دقيقة,56,0,$10.00,ثلاثة أيام,25,5,55.0,.Ayman A,https://khamsat.com/user/ayman,True,بائع مميز,5.0,149,95.66%,5,176,9 ساعات
تصميم,https://khamsat.com/designing,رسوم كرتونية,https://khamsat.com/designing/cartoons,رسم شخصية كرتونية عالية الجودة,https://khamsat.com/designing/cartoons/1753351-%D8%B1%D8%B3%D9%85-%D8%B4%D8%AE%D8%B5%D9%8A%D8%A9-%D9%83%D8%B1%D8%AA%D9%88%D9%86%D9%8A%D8%A9-%D8%B9%D8%A7%D9%84%D9%8A%D8%A9-%D8%A7%D9%84%D8%AC%D9%88%D8%AF%D8%A9,0.0,0,29 دقيقة,2,0,$10.00,ثلاثة أيام,0,2,140.0,عمرو أ.,https://khamsat.com/user/amr_sharfuddin,True,بائع جديد,3.0,5,77.78%,3,7,يوم
تصميم,https://khamsat.com/designing,رسوم كرتونية,https://khamsat.com/designing/cartoons,رسم وتصميم شخصية كرتونية,https://khamsat.com/designing/cartoons/1657462-%D8%B1%D8%B3%D9%85-%D9%88%D8%AA%D8%B5%D9%85%D9%8A%D9%85-%D8%B4%D8%AE%D8%B5%D9%8A%D8%A9-%D9%83%D8%B1%D8%AA%D9%88%D9%86%D9%8A%D8%A9,5.0,14,49 دقيقة,18,0,$25.00,ثلاثة أيام,14,5,125.0,.Yasser E,https://khamsat.com/user/yasserelgazzar,True,بائع نشيط,5.0,17,91.84%,2,22,44 دقيقة
تصميم,https://khamsat.com/designing,رسوم كرتونية,https://khamsat.com/designing/cartoons,رسم وتصميم شخصية كارتونية,https://khamsat.com/designing/cartoons/2402340-%D8%B1%D8%B3%D9%85-%D9%88%D8%AA%D8%B5%D9%85%D9%8A%D9%85-%D8%B4%D8%AE%D8%B5%D9%8A%D8%A9-%D9%83%D8%A7%D8%B1%D8%AA%D9%88%D9%86%D9%8A%D8%A9,5.0,7,3 ساعات,8,0,$10.00,يومين,7,5,90.0,.Qpsay E,https://khamsat.com/user/qosay_elhelo,True,بائع جديد,5.0,7,72.73%,3,8,ساعتين
تصميم,https://khamsat.com/designing,رسوم كرتونية,https://khamsat.com/designing/cartoons,تصميم جميع انواع الملصقات stickers,https://khamsat.com/designing/cartoons/2447760-%D8%AA%D8%B5%D9%85%D9%8A%D9%85-%D8%AC%D9%85%D9%8A%D8%B9-%D8%A7%D9%86%D9%88%D8%A7%D8%B9-%D8%A7%D9%84%D9%85%D9%84%D8%B5%D9%82%D8%A7%D8%AA-stickers,4.5,7,5 ساعات,11,0,$5.00,يوم واحد,7,5,50.0,.Weam M,https://khamsat.com/user/weam24,True,بائع نشيط,4.5,7,85.71%,1,11,5 ساعات
تصميم,https://khamsat.com/designing,رسوم كرتونية,https://khamsat.com/designing/cartoons,"رسم شخصية ""فيكتور"" لفيديوهات الموشن جرافيك , أفلام الكارتون",https://khamsat.com/designing/cartoons/2374655-%D8%B1%D8%B3%D9%85-%D8%B4%D8%AE%D8%B5%D9%8A%D8%A9-%D9%81%D9%8A%D9%83%D8%AA%D9%88%D8%B1-%D9%84%D9%81%D9%8A%D8%AF%D9%8A%D9%88%D9%87%D8%A7%D8%AA-%D8%A7%D9%84%D9%85%D9%88%D8%B4%D9%86-%D8%AC%D8%B1%D8%A7%D9%81%D9%8A%D9%83-%D8%A3%D9%81%D9%84%D8%A7%D9%85-%D8%A7%D9%84%D9%83%D8%A7%D8%B1%D8%AA%D9%88%D9%86,5.0,2,14 دقيقة,2,0,$25.00,يوم واحد,2,4,145.0,رضوه س.,https://khamsat.com/user/radwadesigner,True,بائع مميز,5.0,99,91.64%,9,109,ساعتين
تصميم,https://khamsat.com/designing,رسوم كرتونية,https://khamsat.com/designing/cartoons,رسم ديجيتال باستخدام فوتوشوب او اليستريتور,https://khamsat.com/designing/cartoons/1095240-%D8%B1%D8%B3%D9%85-%D8%AF%D9%8A%D8%AC%D9%8A%D8%AA%D8%A7%D9%84-%D8%A8%D8%A7%D8%B3%D8%AA%D8%AE%D8%AF%D8%A7%D9%85-%D9%81%D9%88%D8%AA%D9%88%D8%B4%D9%88%D8%A8-%D8%A7%D9%88-%D8%A7%D9%84%D9%8A%D8%B3%D8%AA%D8%B1%D9%8A%D8%AA%D9%88%D8%B1,5.0,65,20 ساعة,88,1,$10.00,خمسة أيام,25,5,180.0,.Abdelrhman A,https://khamsat.com/user/%D8%B9%D8%A8%D8%AF%D8%A7%D9%84%D8%B1%D8%AD%D9%85%D9%86-%D8%A7%D8%AD%D9%85%D8%AF-%D8%B9%D8%A8%D8%A7%D8%AF%D9%89,True,بائع مميز,5.0,92,86.76%,2,119,12 ساعة
تصميم,https://khamsat.com/designing,رسوم كرتونية,https://khamsat.com/designing/cartoons,سأحول صورتك إلى أنميشن أو رسوم كرتونية بتصميم احترافي,https://khamsat.com/designing/cartoons/1713199-%D8%B3%D8%A3%D8%AD%D9%88%D9%84-%D8%B5%D9%88%D8%B1%D8%AA%D9%83-%D8%A5%D9%84%D9%89-%D8%A3%D9%86%D9%85%D9%8A%D8%B4%D9%86-%D8%A3%D9%88-%D8%B1%D8%B3%D9%88%D9%85-%D9%83%D8%B1%D8%AA%D9%88%D9%86%D9%8A%D8%A9-%D8%A8%D8%AA%D8%B5%D9%85%D9%8A%D9%85-%D8%A7%D8%AD%D8%AA%D8%B1%D8%A7%D9%81%D9%8A,5.0,7,دقيقتين,8,0,$10.00,يومين,7,5,100.0,نافع ه.,https://khamsat.com/user/%D9%86%D8%A7%D9%81%D8%B9-%D8%A7%D9%84%D8%AE%D8%B2%D8%B9%D9%84%D9%8A,True,بائع نشيط,5.0,18,100.0%,5,17,10 دقائق
تصميم,https://khamsat.com/designing,بورتريه وكاريكاتير,https://khamsat.com/designing/portrait-and-caricature,رسم صور الجرافيك لك بجودة عالية,https://khamsat.com/designing/portrait-and-caricature/1615436-%D8%B1%D8%B3%D9%85-%D8%B5%D9%88%D8%B1-%D8%A7%D9%84%D8%AC%D8%B1%D8%A7%D9%81%D9%8A%D9%83-%D9%84%D9%83-%D8%A8%D8%AC%D9%88%D8%AF%D8%A9-%D8%B9%D8%A7%D9%84%D9%8A%D8%A9,5.0,46,ساعتين,68,0,$5.00,يوم واحد,25,4,50.0,.Reda Y,https://khamsat.com/user/redauons,True,بائع مميز,5.0,153,99.21%,4,214,ساعة
تصميم,https://khamsat.com/designing,بورتريه وكاريكاتير,https://khamsat.com/designing/portrait-and-caricature,ارسم صورتك أو صورة لعائلتك فيكتور,https://khamsat.com/designing/portrait-and-caricature/2376058-%D8%A7%D8%B1%D8%B3%D9%85-%D8%B5%D9%88%D8%B1%D8%AA%D9%83-%D8%A3%D9%88-%D8%B5%D9%88%D8%B1%D8%A9-%D9%84%D8%B9%D8%A7%D8%A6%D9%84%D8%AA%D9%83-%D9%81%D9%8A%D9%83%D8%AA%D9%88%D8%B1,5.0,6,38 دقيقة,9,0,$10.00,يوم واحد,6,5,85.0,رضوه س.,https://khamsat.com/user/radwadesigner,True,بائع مميز,5.0,99,91.64%,9,109,ساعتين
تصميم,https://khamsat.com/designing,بورتريه وكاريكاتير,https://khamsat.com/designing/portrait-and-caricature,رسم صورتك بالرصاص يدوي 100% بدون تدخل اي برامج,https://khamsat.com/designing/portrait-and-caricature/1108737-%D8%B1%D8%B3%D9%85-%D8%B5%D9%88%D8%B1%D8%AA%D9%83-%D8%A8%D8%A7%D9%84%D8%B1%D8%B5%D8%A7%D8%B5-%D9%8A%D8%AF%D9%88%D9%8A-100-%D8%A8%D8%AF%D9%88%D9%86-%D8%AA%D8%AF%D8%AE%D9%84-%D8%A7%D9%8A-%D8%A8%D8%B1%D8%A7%D9%85%D8%AC,5.0,27,دقيقتين,36,0,$5.00,يوم واحد,25,3,30.0,.Reda Y,https://khamsat.com/user/redauons,True,بائع مميز,5.0,153,99.21%,4,214,ساعة
تصميم,https://khamsat.com/designing,بورتريه وكاريكاتير,https://khamsat.com/designing/portrait-and-caricature,رسم باستخدام illustrator,https://khamsat.com/designing/portrait-and-caricature/1449204-%D8%B1%D8%B3%D9%85-%D8%A8%D8%A7%D8%B3%D8%AA%D8%AE%D8%AF%D8%A7%D9%85-illustrator,4.5,19,23 ساعة,24,0,$5.00,ثلاثة أيام,19,3,50.0,امل ا.,https://khamsat.com/user/amalmahmmud,True,بائع مميز,4.5,72,88.29%,5,72,12 ساعة
تصميم,https://khamsat.com/designing,بورتريه وكاريكاتير,https://khamsat.com/designing/portrait-and-caricature,كاريكاتير و comics,https://khamsat.com/designing/portrait-and-caricature/752616-%D9%83%D8%A7%D8%B1%D9%8A%D9%83%D8%A7%D8%AA%D9%8A%D8%B1-%D9%88-comics,5.0,37,3 ساعات,59,0,$10.00,يومين,25,5,45.0,إنجي ح.,https://khamsat.com/user/%D8%A5%D9%86%D8%AC%D9%8A-%D8%AD%D8%A8%D9%8A%D8%A8,True,بائع مميز,5.0,80,93.13%,3,110,11 ساعة
تصميم,https://khamsat.com/designing,بورتريه وكاريكاتير,https://khamsat.com/designing/portrait-and-caricature,سوف ارسم لك صورة بالرسم الرقمي ديجيتال,https://khamsat.com/designing/portrait-and-caricature/2772349-%D8%B3%D9%88%D9%81-%D8%A7%D8%B1%D8%B3%D9%85-%D9%84%D9%83-%D8%B5%D9%88%D8%B1%D8%A9-%D8%A8%D8%A7%D9%84%D8%B1%D8%B3%D9%85-%D8%A7%D9%84%D8%B1%D9%82%D9%85%D9%8A-%D8%AF%D9%8A%D8%AC%D9%8A%D8%AA%D8%A7%D9%84,5.0,1,3 ساعات,1,0,$10.00,ثلاثة أيام,1,1,10.0,.Sara A,https://khamsat.com/user/saraadel55,True,بائع جديد,5.0,1,100.0%,2,1,3 ساعات
تصميم,https://khamsat.com/designing,بورتريه وكاريكاتير,https://khamsat.com/designing/portrait-and-caricature,رسم بورتريه واقعي بالفحم والرصاص على ورق,https://khamsat.com/designing/portrait-and-caricature/1994373-%D8%B1%D8%B3%D9%85-%D8%A8%D9%88%D8%B1%D8%AA%D8%B1%D9%8A%D9%87-%D9%88%D8%A7%D9%82%D8%B9%D9%8A-%D8%A8%D8%A7%D9%84%D9%81%D8%AD%D9%85-%D9%88%D8%A7%D9%84%D8%B1%D8%B5%D8%A7%D8%B5-%D8%B9%D9%84%D9%89-%D9%88%D8%B1%D9%82,4.5,6,12 ساعة,8,0,$20.00,أربعة أيام,6,3,40.0,رضية م.,https://khamsat.com/user/radia_mohsen,True,بائع نشيط,4.5,6,90.91%,3,8,6 ساعات
تصميم,https://khamsat.com/designing,بورتريه وكاريكاتير,https://khamsat.com/designing/portrait-and-caricature,تصميم لوحة فنية جدارية تلصق على الحائط,https://khamsat.com/designing/portrait-and-caricature/2803533-%D8%AA%D8%B5%D9%85%D9%8A%D9%85-%D9%84%D9%88%D8%AD%D8%A9-%D9%81%D9%86%D9%8A%D8%A9-%D8%AC%D8%AF%D8%A7%D8%B1%D9%8A%D8%A9-%D8%AA%D9%84%D8%B5%D9%82-%D8%B9%D9%84%D9%89-%D8%A7%D9%84%D8%AD%D8%A7%D8%A6%D8%B7,5.0,1,يوم,1,0,$10.00,يومين,1,3,55.0,محمد محمد ب.,https://khamsat.com/user/mohamedbour133,False,بائع جديد,5.0,1,100.0%,3,1,يوم
تصميم,https://khamsat.com/designing,بورتريه وكاريكاتير,https://khamsat.com/designing/portrait-and-caricature,رسم ما تريده من انمي، او بورتريه بأسلوب كرتوني.,https://khamsat.com/designing/portrait-and-caricature/2095554-%D8%B1%D8%B3%D9%85-%D9%85%D8%A7-%D8%AA%D8%B1%D9%8A%D8%AF%D9%87-%D9%85%D9%86-%D8%A7%D9%86%D9%85%D9%8A-%D8%A7%D9%88-%D8%A8%D9%88%D8%B1%D8%AA%D8%B1%D9%8A%D9%87-%D8%A8%D8%A3%D8%B3%D9%84%D9%88%D8%A8-%D9%83%D8%B1%D8%AA%D9%88%D9%86%D9%8A,5.0,3,ساعة,5,0,$10.00,ثلاثة أيام,3,4,50.0,.Sarah A,https://khamsat.com/user/sarahxadel,True,بائع نشيط,5.0,3,100.0%,1,5,ساعة
تصميم,https://khamsat.com/designing,بورتريه وكاريكاتير,https://khamsat.com/designing/portrait-and-caricature,ارسم لك كاريكاتير عن اي موضوع,https://khamsat.com/designing/portrait-and-caricature/595833-%D8%A7%D8%B1%D8%B3%D9%85-%D9%84%D9%83-%D9%83%D8%A7%D8%B1%D9%8A%D9%83%D8%A7%D8%AA%D9%8A%D8%B1-%D8%B9%D9%86-%D8%A7%D9%8A-%D9%85%D9%88%D8%B6%D9%88%D8%B9,5.0,56,13 دقيقة,72,0,$5.00,يومين,25,5,205.0,.Hasan S,https://khamsat.com/user/hasancartoon,True,بائع مميز,5.0,192,96.21%,4,249,ساعتين
تصميم,https://khamsat.com/designing,بورتريه وكاريكاتير,https://khamsat.com/designing/portrait-and-caricature,رسم صورة شخصيه بالألوان أو بالرصاص,https://khamsat.com/designing/portrait-and-caricature/160851-%D8%B1%D8%B3%D9%85-%D8%B5%D9%88%D8%B1%D8%A9-%D8%B4%D8%AE%D8%B5%D9%8A%D9%87-%D8%A8%D8%A7%D9%84%D8%A3%D9%84%D9%88%D8%A7%D9%86-%D8%A3%D9%88-%D8%A8%D8%A7%D9%84%D8%B1%D8%B5%D8%A7%D8%B5,4.5,20,3 أيام,29,0,$5.00,ثلاثة أيام,20,4,50.0,احمد ن.,https://khamsat.com/user/adam-shahen,True,بائع نشيط,4.5,20,66.97%,1,29,3 أيام
تصميم,https://khamsat.com/designing,بورتريه وكاريكاتير,https://khamsat.com/designing/portrait-and-caricature,ارسم لك الستوري بورد لكل 4 مشاهد,https://khamsat.com/designing/portrait-and-caricature/1371077-%D8%A7%D8%B1%D8%B3%D9%85-%D9%84%D9%83-%D8%A7%D9%84%D8%B3%D8%AA%D9%88%D8%B1%D9%8A-%D8%A8%D9%88%D8%B1%D8%AF-%D9%84%D9%83%D9%84-4-%D9%85%D8%B4%D8%A7%D9%87%D8%AF,4.5,9,44 دقيقة,11,1,$10.00,يومين,9,5,70.0,عبدالغاني ب.,https://khamsat.com/user/%D8%B9%D8%A8%D8%AF%D8%A7%D9%84%D8%BA%D8%A7%D9%86%D9%8A-%D8%A8%D8%AD%D9%88%D8%B5,True,بائع مميز,4.5,13,81.82%,5,15,4 ساعات
تصميم,https://khamsat.com/designing,بورتريه وكاريكاتير,https://khamsat.com/designing/portrait-and-caricature,تصميم كاريكاتير ديجيتال وكروت افراح لاحلى المناسبات,https://khamsat.com/designing/portrait-and-caricature/2094419-%D8%AA%D8%B5%D9%85%D9%8A%D9%85-%D9%83%D8%A7%D8%B1%D9%8A%D9%83%D8%A7%D8%AA%D9%8A%D8%B1-%D8%AF%D9%8A%D8%AC%D9%8A%D8%AA%D8%A7%D9%84-%D9%88%D9%83%D8%B1%D9%88%D8%AA-%D8%A7%D9%81%D8%B1%D8%A7%D8%AD-%D9%84%D8%A7%D8%AD%D9%84%D9%89-%D8%A7%D9%84%D9%85%D9%86%D8%A7%D8%B3%D8%A8%D8%A7%D8%AA,4.5,9,33 دقيقة,10,0,$15.00,يومين,9,2,15.0,.Mena G,https://khamsat.com/user/menagamal,True,بائع نشيط,4.5,9,100.0%,3,10,5 ساعات
تصميم,https://khamsat.com/designing,بورتريه وكاريكاتير,https://khamsat.com/designing/portrait-and-caricature,طلبات رسم لوحة بورتريه شخصي,https://khamsat.com/designing/portrait-and-caricature/2418093-%D8%B7%D9%84%D8%A8%D8%A7%D8%AA-%D8%B1%D8%B3%D9%85-%D9%84%D9%88%D8%AD%D8%A9-%D8%A8%D9%88%D8%B1%D8%AA%D8%B1%D9%8A%D9%87-%D8%B4%D8%AE%D8%B5%D9%8A,0.0,0,4 دقائق,1,0,$10.00,أسبوعين,0,2,15.0,.Roaa K,https://khamsat.com/user/ruaa_ka,True,بائع نشيط,0.0,0,100.0%,3,4,ساعة
تصميم,https://khamsat.com/designing,بورتريه وكاريكاتير,https://khamsat.com/designing/portrait-and-caricature,رسم بورتريه بالفحم او الرصاص او الالوان حسب الطلب,https://khamsat.com/designing/portrait-and-caricature/2293963-%D8%B1%D8%B3%D9%85-%D8%A8%D9%88%D8%B1%D8%AA%D8%B1%D9%8A%D9%87-%D8%A8%D8%A7%D9%84%D9%81%D8%AD%D9%85-%D8%A7%D9%88-%D8%A7%D9%84%D8%B1%D8%B5%D8%A7%D8%B5-%D8%A7%D9%88-%D8%A7%D9%84%D8%A7%D9%84%D9%88%D8%A7%D9%86-%D8%AD%D8%B3%D8%A8-%D8%A7%D9%84%D8%B7%D9%84%D8%A8,5.0,1,3 ساعات,1,0,$50.00,يومين,1,0,0.0,.Nour H,https://khamsat.com/user/fn2021architecture,True,بائع مميز,4.5,44,93.1%,5,57,5 ساعات
تصميم,https://khamsat.com/designing,بورتريه وكاريكاتير,https://khamsat.com/designing/portrait-and-caricature,طلبات رسم لوحات وبورتريهات,https://khamsat.com/designing/portrait-and-caricature/2295275-%D8%B7%D9%84%D8%A8%D8%A7%D8%AA-%D8%B1%D8%B3%D9%85-%D9%84%D9%88%D8%AD%D8%A7%D8%AA-%D9%88%D8%A8%D9%88%D8%B1%D8%AA%D8%B1%D9%8A%D9%87%D8%A7%D8%AA,5.0,1,16 ساعة,2,0,$5.00,أسبوعين,1,1,5.0,.Tasneem K,https://khamsat.com/user/tasneemkatlan,True,بائع جديد,5.0,1,100.0%,1,2,16 ساعة
تصميم,https://khamsat.com/designing,بورتريه وكاريكاتير,https://khamsat.com/designing/portrait-and-caricature,سأجعل صورتك او صورة صديقك للوحة مختلفة بأسلوب الشخبطة,https://khamsat.com/designing/portrait-and-caricature/2631289-%D8%B3%D8%A3%D8%AC%D8%B9%D9%84-%D8%B5%D9%88%D8%B1%D8%AA%D9%83-%D8%A7%D9%88-%D8%B5%D9%88%D8%B1%D8%A9-%D8%B5%D8%AF%D9%8A%D9%82%D9%83-%D9%84%D9%84%D9%88%D8%AD%D8%A9-%D9%85%D8%AE%D8%AA%D9%84%D9%81%D8%A9-%D8%A8%D8%A3%D8%B3%D9%84%D9%88%D8%A8-%D8%A7%D9%84%D8%B4%D8%AE%D8%A8%D8%B7%D8%A9,5.0,2,8 ساعات,2,0,$5.00,يومين,2,4,35.0,.Ahmed H,https://khamsat.com/user/ahmed_1hussein,True,بائع جديد,5.0,2,100.0%,2,2,8 ساعات
تصميم,https://khamsat.com/designing,بورتريه وكاريكاتير,https://khamsat.com/designing/portrait-and-caricature,رسم بورتريه احترافي بقلم الرصاص,https://khamsat.com/designing/portrait-and-caricature/1399201-%D8%B1%D8%B3%D9%85-%D8%A8%D9%88%D8%B1%D8%AA%D8%B1%D9%8A%D9%87-%D8%A7%D8%AD%D8%AA%D8%B1%D8%A7%D9%81%D9%8A-%D8%A8%D9%82%D9%84%D9%85-%D8%A7%D9%84%D8%B1%D8%B5%D8%A7%D8%B5,5.0,9,ساعة,8,0,$5.00,ثلاثة أيام,9,5,45.0,.Kaoutar D,https://khamsat.com/user/kaoutar_dr,True,بائع نشيط,5.0,9,92.31%,1,8,ساعة
تصميم,https://khamsat.com/designing,بورتريه وكاريكاتير,https://khamsat.com/designing/portrait-and-caricature,خدمة رسم الأشخاص اليدوي والرقمي,https://khamsat.com/designing/portrait-and-caricature/1963145-%D8%AE%D8%AF%D9%85%D8%A9-%D8%B1%D8%B3%D9%85-%D8%A7%D9%84%D8%A3%D8%B4%D8%AE%D8%A7%D8%B5-%D8%A7%D9%84%D9%8A%D8%AF%D9%88%D9%8A-%D9%88%D8%A7%D9%84%D8%B1%D9%82%D9%85%D9%8A,0.0,0,4 ساعات,1,0,$10.00,يومين,0,2,50.0,.Manal I,https://khamsat.com/user/manal76,True,بائع جديد,0.0,0,100.0%,2,2,ساعتين
تصميم,https://khamsat.com/designing,بورتريه وكاريكاتير,https://khamsat.com/designing/portrait-and-caricature,رسم بورترية للعين بشكل مميز واحترافي,https://khamsat.com/designing/portrait-and-caricature/3049347-%D8%B1%D8%B3%D9%85-%D8%A8%D9%88%D8%B1%D8%AA%D8%B1%D9%8A%D8%A9-%D9%84%D9%84%D8%B9%D9%8A%D9%86-%D8%A8%D8%B4%D9%83%D9%84-%D9%85%D9%85%D9%8A%D8%B2-%D9%88%D8%A7%D8%AD%D8%AA%D8%B1%D8%A7%D9%81%D9%8A,0.0,0,لم يحسب,0,0,$5.00,يوم واحد,0,0,0.0,منال ا.,https://khamsat.com/user/manalll88,False,بائع جديد,0.0,0,لم يحسب بعد,2,0,لم يحسب
تصميم,https://khamsat.com/designing,بورتريه وكاريكاتير,https://khamsat.com/designing/portrait-and-caricature,تصميم صور جذابة وبشكل خيالي تكون على حسب المطالب تماما,https://khamsat.com/designing/portrait-and-caricature/2872094-%D8%AA%D8%B5%D9%85%D9%8A%D9%85-%D8%B5%D9%88%D8%B1-%D8%AC%D8%B0%D8%A7%D8%A8%D8%A9-%D9%88%D8%A8%D8%B4%D9%83%D9%84-%D8%AE%D9%8A%D8%A7%D9%84%D9%8A-%D8%AA%D9%83%D9%88%D9%86-%D8%B9%D9%84%D9%89-%D8%AD%D8%B3%D8%A8-%D8%A7%D9%84%D9%85%D8%B7%D8%A7%D9%84%D8%A8-%D8%AA%D9%85%D8%A7%D9%85%D8%A7,0.0,0,لم يحسب,0,0,$10.00,يومين,0,5,90.0,محمد محمد ب.,https://khamsat.com/user/mohamedbour133,False,بائع جديد,5.0,1,100.0%,3,1,يوم
تصميم,https://khamsat.com/designing,بورتريه وكاريكاتير,https://khamsat.com/designing/portrait-and-caricature,أرسم لك صورة بورترية جميلة.,https://khamsat.com/designing/portrait-and-caricature/2792752-%D8%A3%D8%B1%D8%B3%D9%85-%D9%84%D9%83-%D8%B5%D9%88%D8%B1%D8%A9-%D8%A8%D9%88%D8%B1%D8%AA%D8%B1%D9%8A%D8%A9-%D8%AC%D9%85%D9%8A%D9%84%D8%A9,0.0,0,لم يحسب,0,0,$10.00,يومين,0,3,35.0,.Reham W,https://khamsat.com/user/rehamwalid7288,True,بائع جديد,0.0,0,لم يحسب بعد,4,0,لم يحسب
تصميم,https://khamsat.com/designing,بورتريه وكاريكاتير,https://khamsat.com/designing/portrait-and-caricature,كاريكاتير ورسم شخصيات كرتونية على الفوتوشوب,https://khamsat.com/designing/portrait-and-caricature/897101-%D9%83%D8%A7%D8%B1%D9%8A%D9%83%D8%A7%D8%AA%D9%8A%D8%B1-%D9%88%D8%B1%D8%B3%D9%85-%D8%B4%D8%AE%D8%B5%D9%8A%D8%A7%D8%AA-%D9%83%D8%B1%D8%AA%D9%88%D9%86%D9%8A%D8%A9-%D8%B9%D9%84%D9%89-%D8%A7%D9%84%D9%81%D9%88%D8%AA%D9%88%D8%B4%D9%88%D8%A8,4.5,32,7 ساعات,42,0,$10.00,يومين,25,5,70.0,شريف س.,https://khamsat.com/user/%D8%B4%D8%B1%D9%8A%D9%81-%D8%B3%D9%85%D9%8A%D8%B1-%D8%AE%D9%84%D9%8A%D9%84,True,بائع مميز,4.5,229,92.89%,13,233,6 ساعات
تصميم,https://khamsat.com/designing,بورتريه وكاريكاتير,https://khamsat.com/designing/portrait-and-caricature,تصميم كاريكاتير وشخصيات كرتونية ديجيتال,https://khamsat.com/designing/portrait-and-caricature/3035733-%D8%AA%D8%B5%D9%85%D9%8A%D9%85-%D9%83%D8%A7%D8%B1%D9%8A%D9%83%D8%A7%D8%AA%D9%8A%D8%B1-%D9%88%D8%B4%D8%AE%D8%B5%D9%8A%D8%A7%D8%AA-%D9%83%D8%B1%D8%AA%D9%88%D9%86%D9%8A%D8%A9-%D8%AF%D9%8A%D8%AC%D9%8A%D8%AA%D8%A7%D9%84,0.0,0,لم يحسب,0,0,$10.00,ثلاثة أيام,0,1,10.0,.Nada A,https://khamsat.com/user/nadaamrghweba,True,بائع جديد,0.0,0,لم يحسب بعد,1,0,لم يحسب
تصميم,https://khamsat.com/designing,بورتريه وكاريكاتير,https://khamsat.com/designing/portrait-and-caricature,رسم بورتريه رقميdigital,https://khamsat.com/designing/portrait-and-caricature/3050865-%D8%B1%D8%B3%D9%85-%D8%A8%D9%88%D8%B1%D8%AA%D8%B1%D9%8A%D9%87-%D8%B1%D9%82%D9%85%D9%8Adigital,0.0,0,لم يحسب,0,0,$10.00,خمسة أيام,0,3,35.0,تقى م.,https://khamsat.com/user/tokahesham52,False,بائع جديد,0.0,0,لم يحسب بعد,2,0,لم يحسب
تصميم,https://khamsat.com/designing,بورتريه وكاريكاتير,https://khamsat.com/designing/portrait-and-caricature,رسم بورتريه يدوياً بالفحم,https://khamsat.com/designing/portrait-and-caricature/2068541-%D8%B1%D8%B3%D9%85-%D8%A8%D9%88%D8%B1%D8%AA%D8%B1%D9%8A%D9%87-%D9%8A%D8%AF%D9%88%D9%8A%D8%A7-%D8%A8%D8%A7%D9%84%D9%81%D8%AD%D9%85,0.0,0,13 ساعة,1,0,$5.00,يومين,0,4,30.0,.Israa M,https://khamsat.com/user/israa_mustafa16,True,بائع نشيط,5.0,3,85.19%,5,4,16 ساعة
تصميم,https://khamsat.com/designing,بورتريه وكاريكاتير,https://khamsat.com/designing/portrait-and-caricature,رسم صورتك بطريقة الأنميشن,https://khamsat.com/designing/portrait-and-caricature/3044260-%D8%B1%D8%B3%D9%85-%D8%B5%D9%88%D8%B1%D8%AA%D9%83-%D8%A8%D8%B7%D8%B1%D9%8A%D9%82%D8%A9-%D8%A7%D9%84%D8%A3%D9%86%D9%85%D9%8A%D8%B4%D9%86,0.0,0,لم يحسب,0,0,$5.00,يوم واحد,0,3,20.0,.Fatma Y,https://khamsat.com/user/fatma_y,True,بائع جديد,0.0,0,لم يحسب بعد,2,0,لم يحسب
تصميم,https://khamsat.com/designing,بورتريه وكاريكاتير,https://khamsat.com/designing/portrait-and-caricature,faceless digital drawing portrait رسم بورتريه رقمي,https://khamsat.com/designing/portrait-and-caricature/3044686-faceless-digital-drawing-portrait-%D8%B1%D8%B3%D9%85-%D8%A8%D9%88%D8%B1%D8%AA%D8%B1%D9%8A%D9%87-%D8%B1%D9%82%D9%85%D9%8A,0.0,0,لم يحسب,0,0,$5.00,يوم واحد,0,2,10.0,رزان ح.,https://khamsat.com/user/jana_2009,True,بائع جديد,0.0,0,لم يحسب بعد,4,0,لم يحسب
تصميم,https://khamsat.com/designing,بورتريه وكاريكاتير,https://khamsat.com/designing/portrait-and-caricature,تأليف وتصميم كتاب كوميكس قصة مصورة غير ملونة عربي او إنجليزي,https://khamsat.com/designing/portrait-and-caricature/3048054-%D8%AA%D8%A3%D9%84%D9%8A%D9%81-%D9%88%D8%AA%D8%B5%D9%85%D9%8A%D9%85-%D9%83%D8%AA%D8%A7%D8%A8-%D9%83%D9%88%D9%85%D9%8A%D9%83%D8%B3-%D9%82%D8%B5%D8%A9-%D9%85%D8%B5%D9%88%D8%B1%D8%A9-%D8%BA%D9%8A%D8%B1-%D9%85%D9%84%D9%88%D9%86%D8%A9-%D8%B9%D8%B1%D8%A8%D9%8A-%D8%A7%D9%88-%D8%A5%D9%86%D8%AC%D9%84%D9%8A%D8%B2%D9%8A,0.0,0,لم يحسب,0,0,$5.00,يوم واحد,0,2,10.0,.Ehab B,https://khamsat.com/user/matrex2018,True,بائع جديد,0.0,0,لم يحسب بعد,4,0,لم يحسب
تصميم,https://khamsat.com/designing,بورتريه وكاريكاتير,https://khamsat.com/designing/portrait-and-caricature,رسم الصورة ديجتال ارت Digital Art رسم رقمي بجودة عالية,https://khamsat.com/designing/portrait-and-caricature/2905468-%D8%B1%D8%B3%D9%85-%D8%A7%D9%84%D8%B5%D9%88%D8%B1%D8%A9-%D8%AF%D9%8A%D8%AC%D8%AA%D8%A7%D9%84-%D8%A7%D8%B1%D8%AA-digital-art-%D8%B1%D8%B3%D9%85-%D8%B1%D9%82%D9%85%D9%8A-%D8%A8%D8%AC%D9%88%D8%AF%D8%A9-%D8%B9%D8%A7%D9%84%D9%8A%D8%A9,0.0,0,لم يحسب,0,0,$5.00,يوم واحد,0,4,55.0,.Mohamed M,https://khamsat.com/user/mohamedalmahdy13,True,بائع نشيط,0.0,4,84.62%,1,5,17 ساعة
تصميم,https://khamsat.com/designing,تصميم رموز NFT,https://khamsat.com/designing/nft,تصميم صور NFT باحترافية مع ملف METADATA الخاص بحقوق ملكيتها,https://khamsat.com/designing/nft/2057117-%D8%AA%D8%B5%D9%85%D9%8A%D9%85-%D8%B5%D9%88%D8%B1-nft-%D8%A8%D8%A7%D8%AD%D8%AA%D8%B1%D8%A7%D9%81%D9%8A%D8%A9-%D9%85%D8%B9-%D9%85%D9%84%D9%81-metadata-%D8%A7%D9%84%D8%AE%D8%A7%D8%B5-%D8%A8%D8%AD%D9%82%D9%88%D9%82-%D9%85%D9%84%D9%83%D9%8A%D8%AA%D9%87%D8%A7,5.0,21,ساعة,28,0,$15.00,يوم واحد,21,4,235.0,سعيد ا.,https://khamsat.com/user/omarsaeed2022,True,بائع نشيط,5.0,21,100.0%,5,29,9 ساعات
تصميم,https://khamsat.com/designing,تصميم رموز NFT,https://khamsat.com/designing/nft,سأقوم بتصميم NFT art مميزة وفريدة من نوعها,https://khamsat.com/designing/nft/2061560-%D8%B3%D8%A3%D9%82%D9%88%D9%85-%D8%A8%D8%AA%D8%B5%D9%85%D9%8A%D9%85-nft-art-%D9%85%D9%85%D9%8A%D8%B2%D8%A9-%D9%88%D9%81%D8%B1%D9%8A%D8%AF%D8%A9-%D9%85%D9%86-%D9%86%D9%88%D8%B9%D9%87%D8%A7,5.0,3,10 ساعات,3,0,$5.00,يومين,3,3,40.0,وليد م.,https://khamsat.com/user/%D9%88%D9%84%D9%8A%D8%AF-%D9%85%D8%AD%D9%85%D8%AF-%D9%85%D8%AF%D9%86%D9%8A-%D9%85%D8%AD%D9%85%D8%AF,True,بائع جديد,5.0,6,71.43%,5,5,ساعتين
تصميم,https://khamsat.com/designing,تصميم رموز NFT,https://khamsat.com/designing/nft,سوف أقوم بتصميم ورسم أي bored ape nft من إختيارك,https://khamsat.com/designing/nft/1966227-%D8%B3%D9%88%D9%81-%D8%A3%D9%82%D9%88%D9%85-%D8%A8%D8%AA%D8%B5%D9%85%D9%8A%D9%85-%D9%88%D8%B1%D8%B3%D9%85-%D8%A3%D9%8A-bored-ape-nft-%D9%85%D9%86-%D8%A5%D8%AE%D8%AA%D9%8A%D8%A7%D8%B1%D9%83,5.0,1,3 ساعات,2,0,$10.00,يومين,1,1,5.0,عبدالله ش.,https://khamsat.com/user/%D8%A7%D9%84%D9%85%D8%AD%D8%AA%D8%B1%D9%81-%D8%B4%D8%AD%D9%88,True,بائع نشيط,4.5,18,76.67%,4,20,يوم
تصميم,https://khamsat.com/designing,تصميم رموز NFT,https://khamsat.com/designing/nft,رسم رسومات NFT حصرية لعرضها في معرضك الخاص,https://khamsat.com/designing/nft/2010904-%D8%B1%D8%B3%D9%85-%D8%B1%D8%B3%D9%88%D9%85%D8%A7%D8%AA-nft-%D8%AD%D8%B5%D8%B1%D9%8A%D8%A9-%D9%84%D8%B9%D8%B1%D8%B6%D9%87%D8%A7-%D9%81%D9%8A-%D9%85%D8%B9%D8%B1%D8%B6%D9%83-%D8%A7%D9%84%D8%AE%D8%A7%D8%B5,0.0,0,7 ساعات,0,0,$25.00,يوم واحد,0,1,100.0,عبد العظيم ر.,https://khamsat.com/user/abdou_boulaam,True,بائع مميز,4.5,63,82.09%,11,81,11 ساعة
تصميم,https://khamsat.com/designing,تصميم رموز NFT,https://khamsat.com/designing/nft,رسم ديجيتال او فيكتور NFT,https://khamsat.com/designing/nft/2841007-%D8%B1%D8%B3%D9%85-%D8%AF%D9%8A%D8%AC%D9%8A%D8%AA%D8%A7%D9%84-%D8%A7%D9%88-%D9%81%D9%8A%D9%83%D8%AA%D9%88%D8%B1-nft,0.0,0,لم يحسب,0,0,$10.00,ثلاثة أيام,0,2,10.0,.Soad H,https://khamsat.com/user/soadabdelhalim,True,بائع جديد,0.0,0,لم يحسب بعد,4,0,لم يحسب
تصميم,https://khamsat.com/designing,تصميم رموز NFT,https://khamsat.com/designing/nft,تصميم رموز NFT فريدة واحترافية تجذب الأنظار وتزيد قيمتها,https://khamsat.com/designing/nft/2983851-%D8%AA%D8%B5%D9%85%D9%8A%D9%85-%D8%B1%D9%85%D9%88%D8%B2-nft-%D9%81%D8%B1%D9%8A%D8%AF%D8%A9-%D9%88%D8%A7%D8%AD%D8%AA%D8%B1%D8%A7%D9%81%D9%8A%D8%A9-%D8%AA%D8%AC%D8%B0%D8%A8-%D8%A7%D9%84%D8%A3%D9%86%D8%B8%D8%A7%D8%B1-%D9%88%D8%AA%D8%B2%D9%8A%D8%AF-%D9%82%D9%8A%D9%85%D8%AA%D9%87%D8%A7,0.0,0,لم يحسب,0,0,$10.00,يومين,0,4,115.0,.Lakhder M,https://khamsat.com/user/lakhdere,False,بائع جديد,0.0,0,لم يحسب بعد,2,0,لم يحسب
تصميم,https://khamsat.com/designing,تصميم رموز NFT,https://khamsat.com/designing/nft,سوف اصمم لك مجموعاتك NFT بشكل احترافي 3D,https://khamsat.com/designing/nft/2300744-%D8%B3%D9%88%D9%81-%D8%A7%D8%B5%D9%85%D9%85-%D9%84%D9%83-%D9%85%D8%AC%D9%85%D9%88%D8%B9%D8%A7%D8%AA%D9%83-nft-%D8%A8%D8%B4%D9%83%D9%84-%D8%A7%D8%AD%D8%AA%D8%B1%D8%A7%D9%81%D9%8A-3d,0.0,0,5 دقائق,0,0,$50.00,ثلاثة أيام,0,0,0.0,.Ayyoub F,https://khamsat.com/user/innislamic,True,بائع مميز,5.0,97,70.46%,5,191,16 ساعة
تصميم,https://khamsat.com/designing,تصميم رموز NFT,https://khamsat.com/designing/nft,رسومات الـ ان اف تي NFT الأصول الرقمية الغير قابلة للإستبدال,https://khamsat.com/designing/nft/2557081-%D8%B1%D8%B3%D9%88%D9%85%D8%A7%D8%AA-%D8%A7%D9%84%D9%80-%D8%A7%D9%86-%D8%A7%D9%81-%D8%AA%D9%8A-nft-%D8%A7%D9%84%D8%A3%D8%B5%D9%88%D9%84-%D8%A7%D9%84%D8%B1%D9%82%D9%85%D9%8A%D8%A9-%D8%A7%D9%84%D8%BA%D9%8A%D8%B1-%D9%82%D8%A7%D8%A8%D9%84%D8%A9-%D9%84%D9%84%D8%A5%D8%B3%D8%AA%D8%A8%D8%AF%D8%A7%D9%84,0.0,0,ساعتين,1,0,$5.00,يوم واحد,0,5,275.0,.Ibrahim M,https://khamsat.com/user/senior_ibrahim,True,بائع مميز,4.5,61,88.96%,14,98,7 ساعات
تصميم,https://khamsat.com/designing,تصميم رموز NFT,https://khamsat.com/designing/nft,إنشاء مجموعة NFT احترافية لنشاطك التجاري أو علامتك التجارية,https://khamsat.com/designing/nft/2800142-%D8%A5%D9%86%D8%B4%D8%A7%D8%A1-%D9%85%D8%AC%D9%85%D9%88%D8%B9%D8%A9-nft-%D8%A7%D8%AD%D8%AA%D8%B1%D8%A7%D9%81%D9%8A%D8%A9-%D9%84%D9%86%D8%B4%D8%A7%D8%B7%D9%83-%D8%A7%D9%84%D8%AA%D8%AC%D8%A7%D8%B1%D9%8A-%D8%A3%D9%88-%D8%B9%D9%84%D8%A7%D9%85%D8%AA%D9%83-%D8%A7%D9%84%D8%AA%D8%AC%D8%A7%D8%B1%D9%8A%D8%A9,0.0,0,لم يحسب,0,0,$25.00,يوم واحد,0,0,0.0,محمد م.,https://khamsat.com/user/mohamed67987,True,بائع نشيط,0.0,5,100.0%,8,7,ساعتين
تصميم,https://khamsat.com/designing,تصميم رموز NFT,https://khamsat.com/designing/nft,رسم مجموعة رسومات NFT بأساليب متنوعة,https://khamsat.com/designing/nft/2651612-%D8%B1%D8%B3%D9%85-%D9%85%D8%AC%D9%85%D9%88%D8%B9%D8%A9-%D8%B1%D8%B3%D9%88%D9%85%D8%A7%D8%AA-nft-%D8%A8%D8%A3%D8%B3%D8%A7%D9%84%D9%8A%D8%A8-%D9%85%D8%AA%D9%86%D9%88%D8%B9%D8%A9,0.0,0,لم يحسب,0,0,$5.00,يوم واحد,0,5,255.0,.Maryam H,https://khamsat.com/user/maryam_hadoush,True,بائع مميز,5.0,15,87.1%,4,18,12 يوم
تصميم,https://khamsat.com/designing,تصميم رموز NFT,https://khamsat.com/designing/nft,رسم وتحويل الشخصيات الى NFT احترافي جاهز للنشر والتداول,https://khamsat.com/designing/nft/2569136-%D8%B1%D8%B3%D9%85-%D9%88%D8%AA%D8%AD%D9%88%D9%8A%D9%84-%D8%A7%D9%84%D8%B4%D8%AE%D8%B5%D9%8A%D8%A7%D8%AA-%D8%A7%D9%84%D9%89-nft-%D8%A7%D8%AD%D8%AA%D8%B1%D8%A7%D9%81%D9%8A-%D8%AC%D8%A7%D9%87%D8%B2-%D9%84%D9%84%D9%86%D8%B4%D8%B1-%D9%88%D8%A7%D9%84%D8%AA%D8%AF%D8%A7%D9%88%D9%84,0.0,0,لم يحسب,0,0,$10.00,يومين,0,0,0.0,.Ibrahem A,https://khamsat.com/user/eng_ibrahiem,True,بائع مميز,5.0,24,90.79%,6,31,4 ساعات
تصميم,https://khamsat.com/designing,تصميم رموز NFT,https://khamsat.com/designing/nft,تصميم صور NFT باحترافية وجودة عالية,https://khamsat.com/designing/nft/2110989-%D8%AA%D8%B5%D9%85%D9%8A%D9%85-%D8%B5%D9%88%D8%B1-nft-%D8%A8%D8%A7%D8%AD%D8%AA%D8%B1%D8%A7%D9%81%D9%8A%D8%A9-%D9%88%D8%AC%D9%88%D8%AF%D8%A9-%D8%B9%D8%A7%D9%84%D9%8A%D8%A9,5.0,1,7 ساعات,0,0,$25.00,ثلاثة أيام,1,2,30.0,.Heba E,https://khamsat.com/user/hebaelgelany1995_tr,True,بائع نشيط,5.0,11,86.36%,8,18,9 ساعات
تصميم,https://khamsat.com/designing,تصميم رموز NFT,https://khamsat.com/designing/nft,تصميم NFT مع توليد 10 ألف Nfts بملف Metadata,https://khamsat.com/designing/nft/2456808-%D8%AA%D8%B5%D9%85%D9%8A%D9%85-nft-%D9%85%D8%B9-%D8%AA%D9%88%D9%84%D9%8A%D8%AF-10-%D8%A3%D9%84%D9%81-nfts-%D8%A8%D9%85%D9%84%D9%81-metadata,5.0,1,19 ساعة,1,0,$10.00,ثلاثة أيام,1,2,150.0,لخضر ا.,https://khamsat.com/user/tidjani7lakhdar,True,بائع مميز,5.0,64,97.89%,10,82,6 ساعات
تصميم,https://khamsat.com/designing,تصميم رموز NFT,https://khamsat.com/designing/nft,ساقوم بتصميم رسمةNFT باحترافية.,https://khamsat.com/designing/nft/2004763-%D8%B3%D8%A7%D9%82%D9%88%D9%85-%D8%A8%D8%AA%D8%B5%D9%85%D9%8A%D9%85-%D8%B1%D8%B3%D9%85%D8%A9nft-%D8%A8%D8%A7%D8%AD%D8%AA%D8%B1%D8%A7%D9%81%D9%8A%D8%A9,5.0,1,21 دقيقة,1,0,$10.00,يومين,1,5,255.0,.Abdelkader H,https://khamsat.com/user/kader74,True,بائع جديد,5.0,1,50.0%,3,1,21 دقيقة
تصميم,https://khamsat.com/designing,تصميم أزياء,https://khamsat.com/designing/fashion-design,تصميم عبايات انيقة وجديدة,https://khamsat.com/designing/fashion-design/2959394-%D8%AA%D8%B5%D9%85%D9%8A%D9%85-%D8%B9%D8%A8%D8%A7%D9%8A%D8%A7%D8%AA-%D8%A7%D9%86%D9%8A%D9%82%D8%A9-%D9%88%D8%AC%D8%AF%D9%8A%D8%AF%D8%A9,5.0,1,ساعة,1,0,$5.00,يوم واحد,1,3,155.0,.Hadir J,https://khamsat.com/user/hadira29,True,بائع جديد,5.0,1,100.0%,5,1,ساعة
تصميم,https://khamsat.com/designing,تصميم أزياء,https://khamsat.com/designing/fashion-design,عمل تصميم تطريز على برنامج wilcom e2,https://khamsat.com/designing/fashion-design/1968070-%D8%B9%D9%85%D9%84-%D8%AA%D8%B5%D9%85%D9%8A%D9%85-%D8%AA%D8%B7%D8%B1%D9%8A%D8%B2-%D8%B9%D9%84%D9%89-%D8%A8%D8%B1%D9%86%D8%A7%D9%85%D8%AC-wilcom-e2,5.0,2,12 دقيقة,3,0,$5.00,يوم واحد,2,2,10.0,أنس ا.,https://khamsat.com/user/anaselreedy,True,بائع نشيط,5.0,2,100.0%,1,3,12 دقيقة
تصميم,https://khamsat.com/designing,تصميم أزياء,https://khamsat.com/designing/fashion-design,تصميم وشاح مخصص لكرة القدم للاندية الرياضية,https://khamsat.com/designing/fashion-design/2367643-%D8%AA%D8%B5%D9%85%D9%8A%D9%85-%D9%88%D8%B4%D8%A7%D8%AD-%D9%85%D8%AE%D8%B5%D8%B5-%D9%84%D9%83%D8%B1%D8%A9-%D8%A7%D9%84%D9%82%D8%AF%D9%85-%D9%84%D9%84%D8%A7%D9%86%D8%AF%D9%8A%D8%A9-%D8%A7%D9%84%D8%B1%D9%8A%D8%A7%D8%B6%D9%8A%D8%A9,5.0,2,3 ساعات,2,0,$20.00,يومين,2,0,0.0,.Sidahmed B,https://khamsat.com/user/sidahmed_designer,True,بائع نشيط,5.0,2,100.0%,1,2,4 أيام
تصميم,https://khamsat.com/designing,تصميم أزياء,https://khamsat.com/designing/fashion-design,تصميم باترن قابلة للتكرار جاهزة للطباعة,https://khamsat.com/designing/fashion-design/2128802-%D8%AA%D8%B5%D9%85%D9%8A%D9%85-%D8%A8%D8%A7%D8%AA%D8%B1%D9%86-%D9%82%D8%A7%D8%A8%D9%84%D8%A9-%D9%84%D9%84%D8%AA%D9%83%D8%B1%D8%A7%D8%B1-%D8%AC%D8%A7%D9%87%D8%B2%D8%A9-%D9%84%D9%84%D8%B7%D8%A8%D8%A7%D8%B9%D8%A9,5.0,7,ساعة,9,0,$10.00,يومين,7,4,45.0,.Safaa M,https://khamsat.com/user/mansour_safaa,True,بائع نشيط,5.0,7,100.0%,1,9,ساعة
تصميم,https://khamsat.com/designing,تصميم أزياء,https://khamsat.com/designing/fashion-design,ارسم تصاميم ازياء مميزة للنساء,https://khamsat.com/designing/fashion-design/1633517-%D8%A7%D8%B1%D8%B3%D9%85-%D8%AA%D8%B5%D8%A7%D9%85%D9%8A%D9%85-%D8%A7%D8%B2%D9%8A%D8%A7%D8%A1-%D9%85%D9%85%D9%8A%D8%B2%D8%A9-%D9%84%D9%84%D9%86%D8%B3%D8%A7%D8%A1,4.5,20,8 ساعات,34,0,$10.00,يوم واحد,20,1,30.0,.Wiame Z,https://khamsat.com/user/wiam1design,True,بائع مميز,4.5,20,95.06%,1,35,11 ساعة
تصميم,https://khamsat.com/designing,تصميم أزياء,https://khamsat.com/designing/fashion-design,تصميم ملابس رجالي ونسائي وأطفال التصميم الواحد,https://khamsat.com/designing/fashion-design/1839489-%D8%AA%D8%B5%D9%85%D9%8A%D9%85-%D9%85%D9%84%D8%A7%D8%A8%D8%B3-%D8%B1%D8%AC%D8%A7%D9%84%D9%8A-%D9%88%D9%86%D8%B3%D8%A7%D8%A6%D9%8A-%D9%88%D8%A3%D8%B7%D9%81%D8%A7%D9%84-%D8%A7%D9%84%D8%AA%D8%B5%D9%85%D9%8A%D9%85-%D8%A7%D9%84%D9%88%D8%A7%D8%AD%D8%AF,5.0,16,5 دقائق,23,1,$20.00,يومين,16,5,85.0,مي ح.,https://khamsat.com/user/maihamdi,True,بائع مميز,5.0,24,96.81%,2,33,27 دقيقة
تصميم,https://khamsat.com/designing,تصميم أزياء,https://khamsat.com/designing/fashion-design,الرسم المسطح للازياء النسائية,https://khamsat.com/designing/fashion-design/2809835-%D8%A7%D9%84%D8%B1%D8%B3%D9%85-%D8%A7%D9%84%D9%85%D8%B3%D8%B7%D8%AD-%D9%84%D9%84%D8%A7%D8%B2%D9%8A%D8%A7%D8%A1-%D8%A7%D9%84%D9%86%D8%B3%D8%A7%D8%A6%D9%8A%D8%A9,4.5,7,ساعتين,8,0,$15.00,يومين,7,3,125.0,.Esraa S,https://khamsat.com/user/esraasayedsoliman,True,بائع نشيط,4.5,13,94.59%,3,14,ساعة
تصميم,https://khamsat.com/designing,تصميم أزياء,https://khamsat.com/designing/fashion-design,تصميم 3D للملابس رجالي ونسائي وأطفال,https://khamsat.com/designing/fashion-design/2250417-%D8%AA%D8%B5%D9%85%D9%8A%D9%85-3d-%D9%84%D9%84%D9%85%D9%84%D8%A7%D8%A8%D8%B3-%D8%B1%D8%AC%D8%A7%D9%84%D9%8A-%D9%88%D9%86%D8%B3%D8%A7%D8%A6%D9%8A-%D9%88%D8%A3%D8%B7%D9%81%D8%A7%D9%84,5.0,7,6 ساعات,11,0,$20.00,ثلاثة أيام,7,5,95.0,.Mostafa M,https://khamsat.com/user/mostafayousf,True,بائع نشيط,5.0,7,93.55%,2,11,6 ساعات
تصميم,https://khamsat.com/designing,تصميم أزياء,https://khamsat.com/designing/fashion-design,تصميم أزياء نسائية مميزة رقمية او يدوية,https://khamsat.com/designing/fashion-design/2829266-%D8%AA%D8%B5%D9%85%D9%8A%D9%85-%D8%A3%D8%B2%D9%8A%D8%A7%D8%A1-%D9%86%D8%B3%D8%A7%D8%A6%D9%8A%D8%A9-%D9%85%D9%85%D9%8A%D8%B2%D8%A9-%D8%B1%D9%82%D9%85%D9%8A%D8%A9-%D8%A7%D9%88-%D9%8A%D8%AF%D9%88%D9%8A%D8%A9,5.0,4,دقيقتين,4,0,$15.00,ثلاثة أيام,4,1,75.0,.Esraa S,https://khamsat.com/user/esraasayedsoliman,True,بائع نشيط,4.5,13,94.59%,3,14,ساعة
تصميم,https://khamsat.com/designing,تصميم أزياء,https://khamsat.com/designing/fashion-design,رسم مسطح احترافي للأزياء لعلامتك التجارية,https://khamsat.com/designing/fashion-design/2228944-%D8%B1%D8%B3%D9%85-%D9%85%D8%B3%D8%B7%D8%AD-%D8%A7%D8%AD%D8%AA%D8%B1%D8%A7%D9%81%D9%8A-%D9%84%D9%84%D8%A3%D8%B2%D9%8A%D8%A7%D8%A1-%D9%84%D8%B9%D9%84%D8%A7%D9%85%D8%AA%D9%83-%D8%A7%D9%84%D8%AA%D8%AC%D8%A7%D8%B1%D9%8A%D8%A9,4.5,7,6 دقائق,9,0,$10.00,يوم واحد,7,1,10.0,.Hind D,https://khamsat.com/user/hind_darwish,True,بائع نشيط,4.5,7,94.12%,2,10,6 دقائق
تصميم,https://khamsat.com/designing,تصميم أزياء,https://khamsat.com/designing/fashion-design,تصميم ازياء نسائية بكل انواعها,https://khamsat.com/designing/fashion-design/2340905-%D8%AA%D8%B5%D9%85%D9%8A%D9%85-%D8%A7%D8%B2%D9%8A%D8%A7%D8%A1-%D9%86%D8%B3%D8%A7%D8%A6%D9%8A%D8%A9-%D8%A8%D9%83%D9%84-%D8%A7%D9%86%D9%88%D8%A7%D8%B9%D9%87%D8%A7,5.0,9,7 دقائق,12,0,$5.00,يومين,9,1,5.0,محمد ح.,https://khamsat.com/user/ww3300mm,True,بائع نشيط,5.0,9,100.0%,4,12,7 دقائق
تصميم,https://khamsat.com/designing,تصميم أزياء,https://khamsat.com/designing/fashion-design,تصميم الأزياء ورسم مسطح للملابس 2d و3d,https://khamsat.com/designing/fashion-design/2913758-%D8%AA%D8%B5%D9%85%D9%8A%D9%85-%D8%A7%D9%84%D8%A3%D8%B2%D9%8A%D8%A7%D8%A1-%D9%88%D8%B1%D8%B3%D9%85-%D9%85%D8%B3%D8%B7%D8%AD-%D9%84%D9%84%D9%85%D9%84%D8%A7%D8%A8%D8%B3-2d-%D9%883d,5.0,1,23 دقيقة,2,0,$5.00,يومين,1,2,10.0,.Alian G,https://khamsat.com/user/ali_ghanem_5,True,بائع جديد,5.0,1,100.0%,1,2,4 ساعات
تصميم,https://khamsat.com/designing,تصميم أزياء,https://khamsat.com/designing/fashion-design,تصميم باترن تكراري للطباعه علي الملابس والمفروشات والاسكارف,https://khamsat.com/designing/fashion-design/2808060-%D8%AA%D8%B5%D9%85%D9%8A%D9%85-%D8%A8%D8%A7%D8%AA%D8%B1%D9%86-%D8%AA%D9%83%D8%B1%D8%A7%D8%B1%D9%8A-%D9%84%D9%84%D8%B7%D8%A8%D8%A7%D8%B9%D9%87-%D8%B9%D9%84%D9%8A-%D8%A7%D9%84%D9%85%D9%84%D8%A7%D8%A8%D8%B3-%D9%88%D8%A7%D9%84%D9%85%D9%81%D8%B1%D9%88%D8%B4%D8%A7%D8%AA-%D9%88%D8%A7%D9%84%D8%A7%D8%B3%D9%83%D8%A7%D8%B1%D9%81,5.0,2,4 ساعات,2,0,$5.00,يوم واحد,2,3,15.0,.Reem G,https://khamsat.com/user/reemgalalah,True,بائع جديد,5.0,2,100.0%,2,2,4 ساعات
تصميم,https://khamsat.com/designing,تصميم أزياء,https://khamsat.com/designing/fashion-design,تصميم الازياء ثلاثيه الابعاد 3d garment,https://khamsat.com/designing/fashion-design/2519769-%D8%AA%D8%B5%D9%85%D9%8A%D9%85-%D8%A7%D9%84%D8%A7%D8%B2%D9%8A%D8%A7%D8%A1-%D8%AB%D9%84%D8%A7%D8%AB%D9%8A%D9%87-%D8%A7%D9%84%D8%A7%D8%A8%D8%B9%D8%A7%D8%AF-3d-garment,5.0,3,يومين,4,0,$20.00,أربعة أيام,3,5,85.0,.Nada E,https://khamsat.com/user/nada_elboghdadi,True,بائع نشيط,0.0,3,100.0%,3,7,يوم
تصميم,https://khamsat.com/designing,تصميم أزياء,https://khamsat.com/designing/fashion-design,تصميم ملفات تطريز,https://khamsat.com/designing/fashion-design/1954726-%D8%AA%D8%B5%D9%85%D9%8A%D9%85-%D9%85%D9%84%D9%81%D8%A7%D8%AA-%D8%AA%D8%B7%D8%B1%D9%8A%D8%B2,5.0,2,10 ساعات,4,0,$5.00,يوم واحد,2,3,65.0,.Yamen K,https://khamsat.com/user/yamen_ka,True,بائع نشيط,5.0,2,100.0%,2,4,5 ساعات
تصميم,https://khamsat.com/designing,تصميم أزياء,https://khamsat.com/designing/fashion-design,424 ملف مفتوح لتصاميم للميرش باي أمازون,https://khamsat.com/designing/fashion-design/1226052-424-%D9%85%D9%84%D9%81-%D9%85%D9%81%D8%AA%D9%88%D8%AD-%D9%84%D8%AA%D8%B5%D8%A7%D9%85%D9%8A%D9%85-%D9%84%D9%84%D9%85%D9%8A%D8%B1%D8%B4-%D8%A8%D8%A7%D9%8A-%D8%A3%D9%85%D8%A7%D8%B2%D9%88%D9%86,4.5,33,3 دقائق,60,0,$50.00,يوم واحد,25,4,45.0,ليلى ا.,https://khamsat.com/user/%D8%AB%D8%B1%D9%8A%D8%A7-%D8%A7%D9%84%D8%AD%D9%85%D8%A7%D9%8A%D8%AF%D8%A9,True,مشتري VIP,4.5,195,97.04%,24,247,ساعتين
تصميم,https://khamsat.com/designing,تصميم أزياء,https://khamsat.com/designing/fashion-design,تصميم عبايات خليجية انيقة ومميزة وجديدة,https://khamsat.com/designing/fashion-design/2821007-%D8%AA%D8%B5%D9%85%D9%8A%D9%85-%D8%B9%D8%A8%D8%A7%D9%8A%D8%A7%D8%AA-%D8%AE%D9%84%D9%8A%D8%AC%D9%8A%D8%A9-%D8%A7%D9%86%D9%8A%D9%82%D8%A9-%D9%88%D9%85%D9%85%D9%8A%D8%B2%D8%A9-%D9%88%D8%AC%D8%AF%D9%8A%D8%AF%D8%A9,5.0,9,ساعتين,12,0,$15.00,ثلاثة أيام,9,5,35.0,.Noura H,https://khamsat.com/user/nnoouurraa8811,True,بائع مميز,5.0,13,100.0%,3,16,ساعة
تصميم,https://khamsat.com/designing,تصميم أزياء,https://khamsat.com/designing/fashion-design,تصميم أزياء ورسمها بطريقة وأسلوب خاص,https://khamsat.com/designing/fashion-design/2071482-%D8%AA%D8%B5%D9%85%D9%8A%D9%85-%D8%A3%D8%B2%D9%8A%D8%A7%D8%A1-%D9%88%D8%B1%D8%B3%D9%85%D9%87%D8%A7-%D8%A8%D8%B7%D8%B1%D9%8A%D9%82%D8%A9-%D9%88%D8%A3%D8%B3%D9%84%D9%88%D8%A8-%D8%AE%D8%A7%D8%B5,4.5,3,ساعة,5,0,$10.00,يومين,3,4,80.0,.Batoul T,https://khamsat.com/user/batoul_taqi,True,بائع جديد,4.5,3,88.89%,1,5,ساعة
تصميم,https://khamsat.com/designing,تصميم أزياء,https://khamsat.com/designing/fashion-design,تصميم الأزياء والملابس الجاهزه,https://khamsat.com/designing/fashion-design/2108949-%D8%AA%D8%B5%D9%85%D9%8A%D9%85-%D8%A7%D9%84%D8%A3%D8%B2%D9%8A%D8%A7%D8%A1-%D9%88%D8%A7%D9%84%D9%85%D9%84%D8%A7%D8%A8%D8%B3-%D8%A7%D9%84%D8%AC%D8%A7%D9%87%D8%B2%D9%87,0.0,0,22 دقيقة,3,0,$10.00,ثلاثة أيام,0,2,20.0,.Nada E,https://khamsat.com/user/nada_elboghdadi,True,بائع نشيط,0.0,3,100.0%,3,7,يوم
تصميم,https://khamsat.com/designing,تصميم أزياء,https://khamsat.com/designing/fashion-design,الخدمة تصميم أزياء مميزة للنساء والسيدات,https://khamsat.com/designing/fashion-design/2809822-%D8%A7%D9%84%D8%AE%D8%AF%D9%85%D8%A9-%D8%AA%D8%B5%D9%85%D9%8A%D9%85-%D8%A3%D8%B2%D9%8A%D8%A7%D8%A1-%D9%85%D9%85%D9%8A%D8%B2%D8%A9-%D9%84%D9%84%D9%86%D8%B3%D8%A7%D8%A1-%D9%88%D8%A7%D9%84%D8%B3%D9%8A%D8%AF%D8%A7%D8%AA,5.0,2,ساعة,5,0,$15.00,ثلاثة أيام,2,2,90.0,.Esraa S,https://khamsat.com/user/esraasayedsoliman,True,بائع نشيط,4.5,13,94.59%,3,14,ساعة
تصميم,https://khamsat.com/designing,تصميم أزياء,https://khamsat.com/designing/fashion-design,أصمم أزياء أرسمها بطريقة مميزة,https://khamsat.com/designing/fashion-design/1598001-%D8%A3%D8%B5%D9%85%D9%85-%D8%A3%D8%B2%D9%8A%D8%A7%D8%A1-%D8%A3%D8%B1%D8%B3%D9%85%D9%87%D8%A7-%D8%A8%D8%B7%D8%B1%D9%8A%D9%82%D8%A9-%D9%85%D9%85%D9%8A%D8%B2%D8%A9,0.0,0,يوم,1,0,$10.00,يومين,0,2,25.0,.Sumaya A,https://khamsat.com/user/sumay1987,True,بائع نشيط,5.0,8,96.97%,5,11,يوم
تصميم,https://khamsat.com/designing,تصميم أزياء,https://khamsat.com/designing/fashion-design,تصميم باترون ديجيتال حريمي من صورة,https://khamsat.com/designing/fashion-design/2625297-%D8%AA%D8%B5%D9%85%D9%8A%D9%85-%D8%A8%D8%A7%D8%AA%D8%B1%D9%88%D9%86-%D8%AF%D9%8A%D8%AC%D9%8A%D8%AA%D8%A7%D9%84-%D8%AD%D8%B1%D9%8A%D9%85%D9%8A-%D9%85%D9%86-%D8%B5%D9%88%D8%B1%D8%A9,0.0,0,18 ساعة,1,0,$10.00,يوم واحد,0,1,15.0,عبد المجيد ي.,https://khamsat.com/user/megos111,True,بائع جديد,0.0,0,100.0%,2,1,18 ساعة
تصميم,https://khamsat.com/designing,تصميم أزياء,https://khamsat.com/designing/fashion-design,رسم أزياء حديثة وعصرية بمختلف القياسات والاعمار,https://khamsat.com/designing/fashion-design/3049342-%D8%B1%D8%B3%D9%85-%D8%A3%D8%B2%D9%8A%D8%A7%D8%A1-%D8%AD%D8%AF%D9%8A%D8%AB%D8%A9-%D9%88%D8%B9%D8%B5%D8%B1%D9%8A%D8%A9-%D8%A8%D9%85%D8%AE%D8%AA%D9%84%D9%81-%D8%A7%D9%84%D9%82%D9%8A%D8%A7%D8%B3%D8%A7%D8%AA-%D9%88%D8%A7%D9%84%D8%A7%D8%B9%D9%85%D8%A7%D8%B1,0.0,0,لم يحسب,0,0,$5.00,يوم واحد,0,0,0.0,منال ا.,https://khamsat.com/user/manalll88,False,بائع جديد,0.0,0,لم يحسب بعد,2,0,لم يحسب
تصميم,https://khamsat.com/designing,تصميم أزياء,https://khamsat.com/designing/fashion-design,تصميم باترن pattern للطباعة على الملابس,https://khamsat.com/designing/fashion-design/3049108-%D8%AA%D8%B5%D9%85%D9%8A%D9%85-%D8%A8%D8%A7%D8%AA%D8%B1%D9%86-pattern-%D9%84%D9%84%D8%B7%D8%A8%D8%A7%D8%B9%D8%A9-%D8%B9%D9%84%D9%89-%D8%A7%D9%84%D9%85%D9%84%D8%A7%D8%A8%D8%B3,0.0,0,لم يحسب,0,0,$10.00,يومين,0,0,0.0,.Taghreed M,https://khamsat.com/user/tagh_m22,False,بائع جديد,0.0,0,لم يحسب بعد,3,0,لم يحسب
تصميم,https://khamsat.com/designing,تصميم أزياء,https://khamsat.com/designing/fashion-design,تصميم حجاب باشكال عصريه وجذابه ومعاصره ترضى جميع الازواق,https://khamsat.com/designing/fashion-design/3050139-%D8%AA%D8%B5%D9%85%D9%8A%D9%85-%D8%AD%D8%AC%D8%A7%D8%A8-%D8%A8%D8%A7%D8%B4%D9%83%D8%A7%D9%84-%D8%B9%D8%B5%D8%B1%D9%8A%D9%87-%D9%88%D8%AC%D8%B0%D8%A7%D8%A8%D9%87-%D9%88%D9%85%D8%B9%D8%A7%D8%B5%D8%B1%D9%87-%D8%AA%D8%B1%D8%B6%D9%89-%D8%AC%D9%85%D9%8A%D8%B9-%D8%A7%D9%84%D8%A7%D8%B2%D9%88%D8%A7%D9%82,0.0,0,لم يحسب,0,0,$10.00,يوم واحد,0,0,0.0,ساره م.,https://khamsat.com/user/sara311mohsen,False,بائع جديد,0.0,0,لم يحسب بعد,2,0,لم يحسب
تصميم,https://khamsat.com/designing,تصميم أزياء,https://khamsat.com/designing/fashion-design,تصميم احترافي لموديلات حقائب نسائي راقية,https://khamsat.com/designing/fashion-design/3053143-%D8%AA%D8%B5%D9%85%D9%8A%D9%85-%D8%A7%D8%AD%D8%AA%D8%B1%D8%A7%D9%81%D9%8A-%D9%84%D9%85%D9%88%D8%AF%D9%8A%D9%84%D8%A7%D8%AA-%D8%AD%D9%82%D8%A7%D8%A6%D8%A8-%D9%86%D8%B3%D8%A7%D8%A6%D9%8A-%D8%B1%D8%A7%D9%82%D9%8A%D8%A9,0.0,0,لم يحسب,0,0,$5.00,ثلاثة أيام,0,4,40.0,دانيال ج.,https://khamsat.com/user/saeed_barout75,False,بائع جديد,0.0,0,لم يحسب بعد,1,0,لم يحسب
تصميم,https://khamsat.com/designing,تصميم أزياء,https://khamsat.com/designing/fashion-design,تصميم الباترن لجميع المطبوعات,https://khamsat.com/designing/fashion-design/3003657-%D8%AA%D8%B5%D9%85%D9%8A%D9%85-%D8%A7%D9%84%D8%A8%D8%A7%D8%AA%D8%B1%D9%86-%D9%84%D8%AC%D9%85%D9%8A%D8%B9-%D8%A7%D9%84%D9%85%D8%B7%D8%A8%D9%88%D8%B9%D8%A7%D8%AA,0.0,0,لم يحسب,0,0,$5.00,يومين,0,5,150.0,.Azza A,https://khamsat.com/user/aza_aziz,True,بائع جديد,0.0,0,لم يحسب بعد,5,0,لم يحسب
تصميم,https://khamsat.com/designing,تصميم أزياء,https://khamsat.com/designing/fashion-design,تصميم هودي اوتيشرت او شناتي,https://khamsat.com/designing/fashion-design/3048853-%D8%AA%D8%B5%D9%85%D9%8A%D9%85-%D9%87%D9%88%D8%AF%D9%8A-%D8%A7%D9%88%D8%AA%D9%8A%D8%B4%D8%B1%D8%AA-%D8%A7%D9%88-%D8%B4%D9%86%D8%A7%D8%AA%D9%8A,0.0,0,لم يحسب,0,0,$5.00,يوم واحد,0,0,0.0,محمد د.,https://khamsat.com/user/muhammedja,False,بائع جديد,0.0,0,لم يحسب بعد,1,0,لم يحسب
تصميم,https://khamsat.com/designing,تصميم أزياء,https://khamsat.com/designing/fashion-design,تصميم مختلفة وعصرية لبعض الفساتين بواستطي,https://khamsat.com/designing/fashion-design/3004805-%D8%AA%D8%B5%D9%85%D9%8A%D9%85-%D9%85%D8%AE%D8%AA%D9%84%D9%81%D8%A9-%D9%88%D8%B9%D8%B5%D8%B1%D9%8A%D8%A9-%D9%84%D8%A8%D8%B9%D8%B6-%D8%A7%D9%84%D9%81%D8%B3%D8%A7%D8%AA%D9%8A%D9%86-%D8%A8%D9%88%D8%A7%D8%B3%D8%AA%D8%B7%D9%8A,0.0,0,لم يحسب,0,0,$5.00,ثلاثة أيام,0,0,0.0,.Jana M,https://khamsat.com/user/janamostafa503,True,بائع جديد,0.0,0,لم يحسب بعد,4,0,لم يحسب
تصميم,https://khamsat.com/designing,تصميم أزياء,https://khamsat.com/designing/fashion-design,تصميم باترن تكراري للطباعة على الاقشمة والاغراض المختلفة,https://khamsat.com/designing/fashion-design/3037055-%D8%AA%D8%B5%D9%85%D9%8A%D9%85-%D8%A8%D8%A7%D8%AA%D8%B1%D9%86-%D8%AA%D9%83%D8%B1%D8%A7%D8%B1%D9%8A-%D9%84%D9%84%D8%B7%D8%A8%D8%A7%D8%B9%D8%A9-%D8%B9%D9%84%D9%89-%D8%A7%D9%84%D8%A7%D9%82%D8%B4%D9%85%D8%A9-%D9%88%D8%A7%D9%84%D8%A7%D8%BA%D8%B1%D8%A7%D8%B6-%D8%A7%D9%84%D9%85%D8%AE%D8%AA%D9%84%D9%81%D8%A9,0.0,0,لم يحسب,0,0,$10.00,يوم واحد,0,4,35.0,.Asmaa S,https://khamsat.com/user/asmaa_salah134,False,بائع جديد,0.0,0,لم يحسب بعد,2,0,لم يحسب
تصميم,https://khamsat.com/designing,تصميم تيشرتات,https://khamsat.com/designing/t-shirts,سأقوم بتصميم تصاميم merch by amazon + الكلمات المفتاحية,https://khamsat.com/designing/t-shirts/1926533-%D8%B3%D8%A3%D9%82%D9%88%D9%85-%D8%A8%D8%AA%D8%B5%D9%85%D9%8A%D9%85-%D8%AA%D8%B5%D8%A7%D9%85%D9%8A%D9%85-merch-by-amazon-%D8%A7%D9%84%D9%83%D9%84%D9%85%D8%A7%D8%AA-%D8%A7%D9%84%D9%85%D9%81%D8%AA%D8%A7%D8%AD%D9%8A%D8%A9,4.5,66,5 ساعات,84,0,$5.00,يوم واحد,25,2,105.0,محمد ا.,https://khamsat.com/user/mohamad890,True,بائع مميز,4.5,68,96.82%,5,85,6 ساعات
تصميم,https://khamsat.com/designing,تصميم تيشرتات,https://khamsat.com/designing/t-shirts,سأقوم بتصميم 3 تصاميم merch by amazon + الكلمات المفتاحية,https://khamsat.com/designing/t-shirts/989746-%D8%B3%D8%A3%D9%82%D9%88%D9%85-%D8%A8%D8%AA%D8%B5%D9%85%D9%8A%D9%85-3-%D8%AA%D8%B5%D8%A7%D9%85%D9%8A%D9%85-merch-by-amazon-%D8%A7%D9%84%D9%83%D9%84%D9%85%D8%A7%D8%AA-%D8%A7%D9%84%D9%85%D9%81%D8%AA%D8%A7%D8%AD%D9%8A%D8%A9,4.5,234,6 ساعات,294,0,$5.00,يوم واحد,25,5,45.0,.Hatim C,https://khamsat.com/user/%D8%AD%D8%A7%D8%AA%D9%85-%D8%B4%D8%A8%D8%A7%D8%B7,True,بائع مميز,4.5,236,95.74%,2,296,6 ساعات
تصميم,https://khamsat.com/designing,تصميم تيشرتات,https://khamsat.com/designing/t-shirts,تصميم تيشيرتات مصممة بعناية وحرفية عالية لتتميز عن الآخرين,https://khamsat.com/designing/t-shirts/2839677-%D8%AA%D8%B5%D9%85%D9%8A%D9%85-%D8%AA%D9%8A%D8%B4%D9%8A%D8%B1%D8%AA%D8%A7%D8%AA-%D9%85%D8%B5%D9%85%D9%85%D8%A9-%D8%A8%D8%B9%D9%86%D8%A7%D9%8A%D8%A9-%D9%88%D8%AD%D8%B1%D9%81%D9%8A%D8%A9-%D8%B9%D8%A7%D9%84%D9%8A%D8%A9-%D9%84%D8%AA%D8%AA%D9%85%D9%8A%D8%B2-%D8%B9%D9%86-%D8%A7%D9%84%D8%A2%D8%AE%D8%B1%D9%8A%D9%86,5.0,10,3 ساعات,14,0,$20.00,يومين,10,5,90.0,السيد ا.,https://khamsat.com/user/sayedadel29,True,بائع نشيط,5.0,12,100.0%,4,15,3 ساعات
تصميم,https://khamsat.com/designing,تصميم تيشرتات,https://khamsat.com/designing/t-shirts,سأصمم لك تيشرتات احترافية,https://khamsat.com/designing/t-shirts/1058218-%D8%B3%D8%A3%D8%B5%D9%85%D9%85-%D9%84%D9%83-%D8%AA%D9%8A%D8%B4%D8%B1%D8%AA%D8%A7%D8%AA-%D8%A7%D8%AD%D8%AA%D8%B1%D8%A7%D9%81%D9%8A%D8%A9,5.0,129,8 ساعات,163,0,$25.00,يومين,25,5,160.0,.Mohamed E,https://khamsat.com/user/m.ezz1282002,True,بائع مميز,5.0,149,89.1%,1,176,6 ساعات
تصميم,https://khamsat.com/designing,تصميم تيشرتات,https://khamsat.com/designing/t-shirts,تصميم تيشرت احترافي مع الكلمات المفتاحية و إختيار العنوان,https://khamsat.com/designing/t-shirts/1786260-%D8%AA%D8%B5%D9%85%D9%8A%D9%85-%D8%AA%D9%8A%D8%B4%D8%B1%D8%AA-%D8%A7%D8%AD%D8%AA%D8%B1%D8%A7%D9%81%D9%8A-%D9%85%D8%B9-%D8%A7%D9%84%D9%83%D9%84%D9%85%D8%A7%D8%AA-%D8%A7%D9%84%D9%85%D9%81%D8%AA%D8%A7%D8%AD%D9%8A%D8%A9-%D9%88-%D8%A5%D8%AE%D8%AA%D9%8A%D8%A7%D8%B1-%D8%A7%D9%84%D8%B9%D9%86%D9%88%D8%A7%D9%86,5.0,3,54 دقيقة,3,0,$5.00,يومين,3,0,0.0,.Imane S,https://khamsat.com/user/imanesya,True,بائع نشيط,5.0,11,94.44%,4,9,ساعتين
تصميم,https://khamsat.com/designing,تصميم تيشرتات,https://khamsat.com/designing/t-shirts,عمل أي تصميم لأي صورة تريدها للتطريز الالكتروني,https://khamsat.com/designing/t-shirts/1734472-%D8%B9%D9%85%D9%84-%D8%A3%D9%8A-%D8%AA%D8%B5%D9%85%D9%8A%D9%85-%D9%84%D8%A3%D9%8A-%D8%B5%D9%88%D8%B1%D8%A9-%D8%AA%D8%B1%D9%8A%D8%AF%D9%87%D8%A7-%D9%84%D9%84%D8%AA%D8%B7%D8%B1%D9%8A%D8%B2-%D8%A7%D9%84%D8%A7%D9%84%D9%83%D8%AA%D8%B1%D9%88%D9%86%D9%8A,4.5,13,9 ساعات,17,0,$5.00,يومين,13,1,5.0,.Ahmad Q,https://khamsat.com/user/engahmadqasem,True,بائع مميز,4.5,13,95.52%,1,17,9 ساعات
تصميم,https://khamsat.com/designing,تصميم تيشرتات,https://khamsat.com/designing/t-shirts,عمل تصميم لتيشيرت احترافي وفريد,https://khamsat.com/designing/t-shirts/1887734-%D8%B9%D9%85%D9%84-%D8%AA%D8%B5%D9%85%D9%8A%D9%85-%D9%84%D8%AA%D9%8A%D8%B4%D9%8A%D8%B1%D8%AA-%D8%A7%D8%AD%D8%AA%D8%B1%D8%A7%D9%81%D9%8A-%D9%88%D9%81%D8%B1%D9%8A%D8%AF,5.0,15,ساعة,21,0,$5.00,يومين,15,1,5.0,.Mohamed A,https://khamsat.com/user/mohamed0amin,True,بائع نشيط,5.0,15,89.58%,2,21,ساعتين
تصميم,https://khamsat.com/designing,تصميم تيشرتات,https://khamsat.com/designing/t-shirts,سأقوم بتصميم تيشيرت برسومات غريبة وعصرية.,https://khamsat.com/designing/t-shirts/2133847-%D8%B3%D8%A3%D9%82%D9%88%D9%85-%D8%A8%D8%AA%D8%B5%D9%85%D9%8A%D9%85-%D8%AA%D9%8A%D8%B4%D9%8A%D8%B1%D8%AA-%D8%A8%D8%B1%D8%B3%D9%88%D9%85%D8%A7%D8%AA-%D8%BA%D8%B1%D9%8A%D8%A8%D8%A9-%D9%88%D8%B9%D8%B5%D8%B1%D9%8A%D8%A9,5.0,9,51 دقيقة,10,0,$10.00,يومين,9,2,55.0,.Ibrahem A,https://khamsat.com/user/eng_ibrahiem,True,بائع مميز,5.0,24,90.79%,6,31,4 ساعات
تصميم,https://khamsat.com/designing,تصميم تيشرتات,https://khamsat.com/designing/t-shirts,تصميم تيشرتات احترافية ذات جودة عالية و بدون حقوق,https://khamsat.com/designing/t-shirts/1769115-%D8%AA%D8%B5%D9%85%D9%8A%D9%85-%D8%AA%D9%8A%D8%B4%D8%B1%D8%AA%D8%A7%D8%AA-%D8%A7%D8%AD%D8%AA%D8%B1%D8%A7%D9%81%D9%8A%D8%A9-%D8%B0%D8%A7%D8%AA-%D8%AC%D9%88%D8%AF%D8%A9-%D8%B9%D8%A7%D9%84%D9%8A%D8%A9-%D9%88-%D8%A8%D8%AF%D9%88%D9%86-%D8%AD%D9%82%D9%88%D9%82,5.0,6,28 دقيقة,7,0,$10.00,يومين,6,2,10.0,.Imane S,https://khamsat.com/user/imanesya,True,بائع نشيط,5.0,11,94.44%,4,9,ساعتين
تصميم,https://khamsat.com/designing,تصميم تيشرتات,https://khamsat.com/designing/t-shirts,تصميم تيشيرتات فريدة من نوعها لمتجرك,https://khamsat.com/designing/t-shirts/2453977-%D8%AA%D8%B5%D9%85%D9%8A%D9%85-%D8%AA%D9%8A%D8%B4%D9%8A%D8%B1%D8%AA%D8%A7%D8%AA-%D9%81%D8%B1%D9%8A%D8%AF%D8%A9-%D9%85%D9%86-%D9%86%D9%88%D8%B9%D9%87%D8%A7-%D9%84%D9%85%D8%AA%D8%AC%D8%B1%D9%83,5.0,3,ساعة,4,0,$5.00,ثلاثة أيام,3,5,35.0,محمد عبد الإله ب.,https://khamsat.com/user/mohamed_abdelillah,True,بائع جديد,5.0,3,100.0%,2,4,يوم
تصميم,https://khamsat.com/designing,تصميم تيشرتات,https://khamsat.com/designing/t-shirts,تصميم تيشيرت للأندية وأكاديميات رياضية,https://khamsat.com/designing/t-shirts/2992019-%D8%AA%D8%B5%D9%85%D9%8A%D9%85-%D8%AA%D9%8A%D8%B4%D9%8A%D8%B1%D8%AA-%D9%84%D9%84%D8%A3%D9%86%D8%AF%D9%8A%D8%A9-%D9%88%D8%A3%D9%83%D8%A7%D8%AF%D9%8A%D9%85%D9%8A%D8%A7%D8%AA-%D8%B1%D9%8A%D8%A7%D8%B6%D9%8A%D8%A9,5.0,1,11 ساعة,1,0,$5.00,يومين,1,0,0.0,.Mustafa M,https://khamsat.com/user/mustafa_7m0hamed,False,بائع جديد,5.0,1,100.0%,1,1,11 ساعة
تصميم,https://khamsat.com/designing,تصميم تيشرتات,https://khamsat.com/designing/t-shirts,تصميم تيشيرت احترافي رابح بجودة عالية لبيعها على امازون,https://khamsat.com/designing/t-shirts/1959692-%D8%AA%D8%B5%D9%85%D9%8A%D9%85-%D8%AA%D9%8A%D8%B4%D9%8A%D8%B1%D8%AA-%D8%A7%D8%AD%D8%AA%D8%B1%D8%A7%D9%81%D9%8A-%D8%B1%D8%A7%D8%A8%D8%AD-%D8%A8%D8%AC%D9%88%D8%AF%D8%A9-%D8%B9%D8%A7%D9%84%D9%8A%D8%A9-%D9%84%D8%A8%D9%8A%D8%B9%D9%87%D8%A7-%D8%B9%D9%84%D9%89-%D8%A7%D9%85%D8%A7%D8%B2%D9%88%D9%86,5.0,9,9 دقائق,11,0,$15.00,ثلاثة أيام,9,5,185.0,.Ahmed Y,https://khamsat.com/user/a.yousri,True,بائع نشيط,5.0,22,96.88%,7,28,7 دقائق
تصميم,https://khamsat.com/designing,تصميم تيشرتات,https://khamsat.com/designing/t-shirts,تحويل الصور و الافكار الى تصاميم تطريز,https://khamsat.com/designing/t-shirts/2608190-%D8%AA%D8%AD%D9%88%D9%8A%D9%84-%D8%A7%D9%84%D8%B5%D9%88%D8%B1-%D9%88-%D8%A7%D9%84%D8%A7%D9%81%D9%83%D8%A7%D8%B1-%D8%A7%D9%84%D9%89-%D8%AA%D8%B5%D8%A7%D9%85%D9%8A%D9%85-%D8%AA%D8%B7%D8%B1%D9%8A%D8%B2,5.0,5,يوم,5,1,$5.00,يوم واحد,5,1,45.0,.Djamel B,https://khamsat.com/user/boucharebdjamel,True,بائع نشيط,5.0,7,93.75%,1,6,18 ساعة
تصميم,https://khamsat.com/designing,تصميم تيشرتات,https://khamsat.com/designing/t-shirts,سأصمم لك تيشرتات للرفع في مواقع الطباعة عند الطلب او لنفسك,https://khamsat.com/designing/t-shirts/2386964-%D8%B3%D8%A3%D8%B5%D9%85%D9%85-%D9%84%D9%83-%D8%AA%D9%8A%D8%B4%D8%B1%D8%AA%D8%A7%D8%AA-%D9%84%D9%84%D8%B1%D9%81%D8%B9-%D9%81%D9%8A-%D9%85%D9%88%D8%A7%D9%82%D8%B9-%D8%A7%D9%84%D8%B7%D8%A8%D8%A7%D8%B9%D8%A9-%D8%B9%D9%86%D8%AF-%D8%A7%D9%84%D8%B7%D9%84%D8%A8-%D8%A7%D9%88-%D9%84%D9%86%D9%81%D8%B3%D9%83,5.0,3,6 ساعات,3,0,$5.00,يوم واحد,3,0,0.0,بلال ا.,https://khamsat.com/user/bilal_afkir,True,بائع نشيط,5.0,8,100.0%,7,6,ساعتين
تصميم,https://khamsat.com/designing,تصميم تيشرتات,https://khamsat.com/designing/t-shirts,تصميم 2 تيشرت,https://khamsat.com/designing/t-shirts/1761624-%D8%AA%D8%B5%D9%85%D9%8A%D9%85-2-%D8%AA%D9%8A%D8%B4%D8%B1%D8%AA,5.0,3,5 أيام,3,0,$10.00,يومين,3,0,0.0,.Sumaya A,https://khamsat.com/user/sumay1987,True,بائع نشيط,5.0,8,96.97%,5,11,يوم
تصميم,https://khamsat.com/designing,تصميم تيشرتات,https://khamsat.com/designing/t-shirts,تصميم تيشرتات مبتكرة ورائعة,https://khamsat.com/designing/t-shirts/2881396-%D8%AA%D8%B5%D9%85%D9%8A%D9%85-%D8%AA%D9%8A%D8%B4%D8%B1%D8%AA%D8%A7%D8%AA-%D9%85%D8%A8%D8%AA%D9%83%D8%B1%D8%A9-%D9%88%D8%B1%D8%A7%D8%A6%D8%B9%D8%A9,5.0,1,لم يحسب,2,0,$15.00,يومين,1,5,80.0,السيد ا.,https://khamsat.com/user/sayedadel29,True,بائع نشيط,5.0,12,100.0%,4,15,3 ساعات
تصميم,https://khamsat.com/designing,تصميم تيشرتات,https://khamsat.com/designing/t-shirts,سأقوم بتصميم تصاميم تيشرتات MBA + الكلمات المفتاحية,https://khamsat.com/designing/t-shirts/2576167-%D8%B3%D8%A3%D9%82%D9%88%D9%85-%D8%A8%D8%AA%D8%B5%D9%85%D9%8A%D9%85-%D8%AA%D8%B5%D8%A7%D9%85%D9%8A%D9%85-%D8%AA%D9%8A%D8%B4%D8%B1%D8%AA%D8%A7%D8%AA-mba-%D8%A7%D9%84%D9%83%D9%84%D9%85%D8%A7%D8%AA-%D8%A7%D9%84%D9%85%D9%81%D8%AA%D8%A7%D8%AD%D9%8A%D8%A9,5.0,1,50 دقيقة,2,0,$5.00,يوم واحد,1,5,50.0,كريم ا.,https://khamsat.com/user/karim2andam,True,بائع نشيط,4.5,8,86.67%,4,9,ساعة
تصميم,https://khamsat.com/designing,تصميم تيشرتات,https://khamsat.com/designing/t-shirts,أصمم لك تيشرتات مميزة,https://khamsat.com/designing/t-shirts/2024277-%D8%A3%D8%B5%D9%85%D9%85-%D9%84%D9%83-%D8%AA%D9%8A%D8%B4%D8%B1%D8%AA%D8%A7%D8%AA-%D9%85%D9%85%D9%8A%D8%B2%D8%A9,5.0,4,ساعة,6,0,$5.00,يوم واحد,4,2,25.0,.Ramy G,https://khamsat.com/user/ramy-g-seif,True,بائع نشيط,5.0,4,78.57%,2,6,52 دقيقة
تصميم,https://khamsat.com/designing,تصميم تيشرتات,https://khamsat.com/designing/t-shirts,الرسم باستخدام النصوص وتصميم التيشرتات,https://khamsat.com/designing/t-shirts/2250238-%D8%A7%D9%84%D8%B1%D8%B3%D9%85-%D8%A8%D8%A7%D8%B3%D8%AA%D8%AE%D8%AF%D8%A7%D9%85-%D8%A7%D9%84%D9%86%D8%B5%D9%88%D8%B5-%D9%88%D8%AA%D8%B5%D9%85%D9%8A%D9%85-%D8%A7%D9%84%D8%AA%D9%8A%D8%B4%D8%B1%D8%AA%D8%A7%D8%AA,5.0,1,4 ساعات,2,0,$10.00,يوم واحد,1,0,0.0,.Nada A,https://khamsat.com/user/nada_alsweer,True,بائع نشيط,4.0,9,94.44%,3,7,ساعتين
تصميم,https://khamsat.com/designing,تصميم تيشرتات,https://khamsat.com/designing/t-shirts,تصاميم تيشرتات لمشروعك على أمازون وريدبابل,https://khamsat.com/designing/t-shirts/2809924-%D8%AA%D8%B5%D8%A7%D9%85%D9%8A%D9%85-%D8%AA%D9%8A%D8%B4%D8%B1%D8%AA%D8%A7%D8%AA-%D9%84%D9%85%D8%B4%D8%B1%D9%88%D8%B9%D9%83-%D8%B9%D9%84%D9%89-%D8%A3%D9%85%D8%A7%D8%B2%D9%88%D9%86-%D9%88%D8%B1%D9%8A%D8%AF%D8%A8%D8%A7%D8%A8%D9%84,5.0,1,يوم,2,0,$10.00,يوم واحد,1,1,20.0,.Ziyad C,https://khamsat.com/user/digitalart1,True,بائع جديد,5.0,1,100.0%,2,2,20 ساعة
تصميم,https://khamsat.com/designing,تصميم تيشرتات,https://khamsat.com/designing/t-shirts,تصميم 5 تيشرتات ب 5$ (دولار),https://khamsat.com/designing/t-shirts/1194284-%D8%AA%D8%B5%D9%85%D9%8A%D9%85-5-%D8%AA%D9%8A%D8%B4%D8%B1%D8%AA%D8%A7%D8%AA-%D8%A8-5-%D8%AF%D9%88%D9%84%D8%A7%D8%B1,5.0,3,يوم,4,0,$5.00,يوم واحد,3,5,110.0,روان ج.,https://khamsat.com/user/%D8%B1%D9%88%D8%A7%D9%86-%D8%AC%D9%85%D8%A7%D9%84-%D9%85%D8%AD%D9%85%D8%AF,True,بائع مميز,4.5,68,87.97%,8,99,5 ساعات
تصميم,https://khamsat.com/designing,تصميم تيشرتات,https://khamsat.com/designing/t-shirts,تصميم تيشيرتات فريدة من نوعها لمتجرك,https://khamsat.com/designing/t-shirts/2759495-%D8%AA%D8%B5%D9%85%D9%8A%D9%85-%D8%AA%D9%8A%D8%B4%D9%8A%D8%B1%D8%AA%D8%A7%D8%AA-%D9%81%D8%B1%D9%8A%D8%AF%D8%A9-%D9%85%D9%86-%D9%86%D9%88%D8%B9%D9%87%D8%A7-%D9%84%D9%85%D8%AA%D8%AC%D8%B1%D9%83,5.0,2,5 ساعات,2,0,$10.00,ثلاثة أيام,2,3,30.0,.Fatma Elzahraa M,https://khamsat.com/user/fatmaelzahraa_97,True,بائع جديد,5.0,2,66.67%,2,2,5 ساعات
تصميم,https://khamsat.com/designing,تصميم تيشرتات,https://khamsat.com/designing/t-shirts,تصميم تيشرتات مربحة وترند بكلماتها المفتاحية,https://khamsat.com/designing/t-shirts/1402895-%D8%AA%D8%B5%D9%85%D9%8A%D9%85-%D8%AA%D9%8A%D8%B4%D8%B1%D8%AA%D8%A7%D8%AA-%D9%85%D8%B1%D8%A8%D8%AD%D8%A9-%D9%88%D8%AA%D8%B1%D9%86%D8%AF-%D8%A8%D9%83%D9%84%D9%85%D8%A7%D8%AA%D9%87%D8%A7-%D8%A7%D9%84%D9%85%D9%81%D8%AA%D8%A7%D8%AD%D9%8A%D8%A9,4.5,46,4 ساعات,67,1,$5.00,يوم واحد,25,5,40.0,هيثم ا.,https://khamsat.com/user/%D9%87%D9%8A%D8%AB%D9%85-%D8%A7%D8%AC%D9%84%D9%8A%D9%84,True,بائع مميز,4.5,47,92.77%,3,69,3 ساعات
تصميم,https://khamsat.com/designing,تصميم تيشرتات,https://khamsat.com/designing/t-shirts,تصميم ملابس وتيشرتات متنوعة,https://khamsat.com/designing/t-shirts/2659603-%D8%AA%D8%B5%D9%85%D9%8A%D9%85-%D9%85%D9%84%D8%A7%D8%A8%D8%B3-%D9%88%D8%AA%D9%8A%D8%B4%D8%B1%D8%AA%D8%A7%D8%AA-%D9%85%D8%AA%D9%86%D9%88%D8%B9%D8%A9,5.0,2,3 ساعات,6,0,$5.00,يوم واحد,2,4,55.0,مريم ب.,https://khamsat.com/user/maryam_bahaa123,True,بائع جديد,5.0,2,88.89%,3,6,3 ساعات
تصميم,https://khamsat.com/designing,تصميم تيشرتات,https://khamsat.com/designing/t-shirts,سأصمم لك تيشرتات مربحة لبيعها مع كلماتها المفتاحية,https://khamsat.com/designing/t-shirts/2190378-%D8%B3%D8%A3%D8%B5%D9%85%D9%85-%D9%84%D9%83-%D8%AA%D9%8A%D8%B4%D8%B1%D8%AA%D8%A7%D8%AA-%D9%85%D8%B1%D8%A8%D8%AD%D8%A9-%D9%84%D8%A8%D9%8A%D8%B9%D9%87%D8%A7-%D9%85%D8%B9-%D9%83%D9%84%D9%85%D8%A7%D8%AA%D9%87%D8%A7-%D8%A7%D9%84%D9%85%D9%81%D8%AA%D8%A7%D8%AD%D9%8A%D8%A9,4.5,5,16 دقيقة,5,0,$10.00,يوم واحد,5,4,30.0,كريم ا.,https://khamsat.com/user/karim2andam,True,بائع نشيط,4.5,8,86.67%,4,9,ساعة
تصميم,https://khamsat.com/designing,تصميم تيشرتات,https://khamsat.com/designing/t-shirts,تصميم T-shirt للطباعة أو البيع أونلاين + mockup,https://khamsat.com/designing/t-shirts/1313366-%D8%AA%D8%B5%D9%85%D9%8A%D9%85-t-shirt-%D9%84%D9%84%D8%B7%D8%A8%D8%A7%D8%B9%D8%A9-%D8%A3%D9%88-%D8%A7%D9%84%D8%A8%D9%8A%D8%B9-%D8%A3%D9%88%D9%86%D9%84%D8%A7%D9%8A%D9%86-mockup,5.0,10,ساعة,14,0,$5.00,يومين,10,3,20.0,.Keroles E,https://khamsat.com/user/kerols-ekram,True,بائع نشيط,5.0,10,92.11%,2,15,12 ساعة
تصميم,https://khamsat.com/designing,تصميم تيشرتات,https://khamsat.com/designing/t-shirts,تصميم تيشرتات لمواقع الطباعة بالطلب POD او للاستعمال الخاص,https://khamsat.com/designing/t-shirts/2648370-%D8%AA%D8%B5%D9%85%D9%8A%D9%85-%D8%AA%D9%8A%D8%B4%D8%B1%D8%AA%D8%A7%D8%AA-%D9%84%D9%85%D9%88%D8%A7%D9%82%D8%B9-%D8%A7%D9%84%D8%B7%D8%A8%D8%A7%D8%B9%D8%A9-%D8%A8%D8%A7%D9%84%D8%B7%D9%84%D8%A8-pod-%D8%A7%D9%88-%D9%84%D9%84%D8%A7%D8%B3%D8%AA%D8%B9%D9%85%D8%A7%D9%84-%D8%A7%D9%84%D8%AE%D8%A7%D8%B5,5.0,3,21 ساعة,4,1,$5.00,يومين,3,4,20.0,.Muhammed G,https://khamsat.com/user/muhammed99galal,True,بائع نشيط,5.0,5,100.0%,3,4,7 ساعات
تصميم,https://khamsat.com/designing,تصميم تيشرتات,https://khamsat.com/designing/t-shirts,تصميم تيشرتات للاصحاب الطباعة عند الطلب t-shirt design,https://khamsat.com/designing/t-shirts/2284725-%D8%AA%D8%B5%D9%85%D9%8A%D9%85-%D8%AA%D9%8A%D8%B4%D8%B1%D8%AA%D8%A7%D8%AA-%D9%84%D9%84%D8%A7%D8%B5%D8%AD%D8%A7%D8%A8-%D8%A7%D9%84%D8%B7%D8%A8%D8%A7%D8%B9%D8%A9-%D8%B9%D9%86%D8%AF-%D8%A7%D9%84%D8%B7%D9%84%D8%A8-t-shirt-design,5.0,1,5 أيام,1,0,$5.00,أربعة أيام,1,0,0.0,الحبيب ا.,https://khamsat.com/user/elhabib_elhrch,True,بائع جديد,5.0,3,100.0%,4,4,يومين
تصميم,https://khamsat.com/designing,تصميم تيشرتات,https://khamsat.com/designing/t-shirts,تصميم تيشرتات متميزة للطباعة بكل احترافية,https://khamsat.com/designing/t-shirts/2937760-%D8%AA%D8%B5%D9%85%D9%8A%D9%85-%D8%AA%D9%8A%D8%B4%D8%B1%D8%AA%D8%A7%D8%AA-%D9%85%D8%AA%D9%85%D9%8A%D8%B2%D8%A9-%D9%84%D9%84%D8%B7%D8%A8%D8%A7%D8%B9%D8%A9-%D8%A8%D9%83%D9%84-%D8%A7%D8%AD%D8%AA%D8%B1%D8%A7%D9%81%D9%8A%D8%A9,5.0,1,6 دقائق,1,0,$5.00,يومين,1,0,0.0,.May W,https://khamsat.com/user/mayelkhatib,True,بائع جديد,5.0,1,100.0%,2,1,6 دقائق
تصميم,https://khamsat.com/designing,تصميم تيشرتات,https://khamsat.com/designing/t-shirts,سأقوم بتصميم 2 تصاميم merch by amazon + الكلمات المفتاحية,https://khamsat.com/designing/t-shirts/1937994-%D8%B3%D8%A3%D9%82%D9%88%D9%85-%D8%A8%D8%AA%D8%B5%D9%85%D9%8A%D9%85-2-%D8%AA%D8%B5%D8%A7%D9%85%D9%8A%D9%85-merch-by-amazon-%D8%A7%D9%84%D9%83%D9%84%D9%85%D8%A7%D8%AA-%D8%A7%D9%84%D9%85%D9%81%D8%AA%D8%A7%D8%AD%D9%8A%D8%A9,5.0,1,4 ساعات,1,0,$5.00,يوم واحد,1,0,0.0,محمد ا.,https://khamsat.com/user/mohamad890,True,بائع مميز,4.5,68,96.82%,5,85,6 ساعات
تصميم,https://khamsat.com/designing,مجوهرات وإكسسوارات,https://khamsat.com/designing/jewelry-design,تصميم مجوهرات وعمل صورة أحترافيه لها .,https://khamsat.com/designing/jewelry-design/2373689-%D8%AA%D8%B5%D9%85%D9%8A%D9%85-%D9%85%D8%AC%D9%88%D9%87%D8%B1%D8%A7%D8%AA-%D9%88%D8%B9%D9%85%D9%84-%D8%B5%D9%88%D8%B1%D8%A9-%D8%A3%D8%AD%D8%AA%D8%B1%D8%A7%D9%81%D9%8A%D9%87-%D9%84%D9%87%D8%A7-,5.0,6,3 دقائق,6,0,$10.00,ثلاثة أيام,6,3,20.0,سارة ن.,https://khamsat.com/user/sara_khafaga,True,بائع نشيط,5.0,6,100.0%,1,6,3 دقائق
تصميم,https://khamsat.com/designing,مجوهرات وإكسسوارات,https://khamsat.com/designing/jewelry-design,تصميم مجوهرات 3D وتقديم صور للمنتج بجوده واقعيه,https://khamsat.com/designing/jewelry-design/2720521-%D8%AA%D8%B5%D9%85%D9%8A%D9%85-%D9%85%D8%AC%D9%88%D9%87%D8%B1%D8%A7%D8%AA-3d-%D9%88%D8%AA%D9%82%D8%AF%D9%8A%D9%85-%D8%B5%D9%88%D8%B1-%D9%84%D9%84%D9%85%D9%86%D8%AA%D8%AC-%D8%A8%D8%AC%D9%88%D8%AF%D9%87-%D9%88%D8%A7%D9%82%D8%B9%D9%8A%D9%87,0.0,0,13 ساعة,1,0,$10.00,يومين,0,2,15.0,أمير ع.,https://khamsat.com/user/amir887,True,بائع جديد,0.0,0,100.0%,2,1,13 ساعة
تصميم,https://khamsat.com/designing,مجوهرات وإكسسوارات,https://khamsat.com/designing/jewelry-design,تصميم المجوهرات وعرضها في صور واقعية,https://khamsat.com/designing/jewelry-design/1646725-%D8%AA%D8%B5%D9%85%D9%8A%D9%85-%D8%A7%D9%84%D9%85%D8%AC%D9%88%D9%87%D8%B1%D8%A7%D8%AA-%D9%88%D8%B9%D8%B1%D8%B6%D9%87%D8%A7-%D9%81%D9%8A-%D8%B5%D9%88%D8%B1-%D9%88%D8%A7%D9%82%D8%B9%D9%8A%D8%A9,5.0,4,4 دقائق,10,0,$15.00,ثلاثة أيام,4,3,20.0,.Mohamed A,https://khamsat.com/user/mohamed_abed,True,بائع نشيط,5.0,5,90.0%,1,12,7 ساعات
تصميم,https://khamsat.com/designing,مجوهرات وإكسسوارات,https://khamsat.com/designing/jewelry-design,تصميم الاسماء على سلسال (قلاده) لصياغتها ذهب فضه,https://khamsat.com/designing/jewelry-design/1977117-%D8%AA%D8%B5%D9%85%D9%8A%D9%85-%D8%A7%D9%84%D8%A7%D8%B3%D9%85%D8%A7%D8%A1-%D8%B9%D9%84%D9%89-%D8%B3%D9%84%D8%B3%D8%A7%D9%84-%D9%82%D9%84%D8%A7%D8%AF%D9%87-%D9%84%D8%B5%D9%8A%D8%A7%D8%BA%D8%AA%D9%87%D8%A7-%D8%B0%D9%87%D8%A8-%D9%81%D8%B6%D9%87,5.0,1,ساعة,1,0,$5.00,يوم واحد,1,2,15.0,حمزة ا.,https://khamsat.com/user/hamza_almashrqi,True,مشتري جديد,5.0,1,100.0%,1,1,ساعة
تصميم,https://khamsat.com/designing,مجوهرات وإكسسوارات,https://khamsat.com/designing/jewelry-design,تصميم مجوهرات ثلاثية ابعاد جاهرة للطباعة,https://khamsat.com/designing/jewelry-design/2604381-%D8%AA%D8%B5%D9%85%D9%8A%D9%85-%D9%85%D8%AC%D9%88%D9%87%D8%B1%D8%A7%D8%AA-%D8%AB%D9%84%D8%A7%D8%AB%D9%8A%D8%A9-%D8%A7%D8%A8%D8%B9%D8%A7%D8%AF-%D8%AC%D8%A7%D9%87%D8%B1%D8%A9-%D9%84%D9%84%D8%B7%D8%A8%D8%A7%D8%B9%D8%A9,5.0,3,دقيقتين,5,0,$10.00,يومين,3,1,5.0,.Merouane G,https://khamsat.com/user/ahic_team,True,بائع جديد,5.0,3,100.0%,1,5,دقيقتين
تصميم,https://khamsat.com/designing,مجوهرات وإكسسوارات,https://khamsat.com/designing/jewelry-design,تـصميم جميع أنواع قطع المجوهرات بشكل احترافي Jewelry design,https://khamsat.com/designing/jewelry-design/3048240-%D8%AA%D9%80%D8%B5%D9%85%D9%8A%D9%85-%D8%AC%D9%85%D9%8A%D8%B9-%D8%A3%D9%86%D9%88%D8%A7%D8%B9-%D9%82%D8%B7%D8%B9-%D8%A7%D9%84%D9%85%D8%AC%D9%88%D9%87%D8%B1%D8%A7%D8%AA-%D8%A8%D8%B4%D9%83%D9%84-%D8%A7%D8%AD%D8%AA%D8%B1%D8%A7%D9%81%D9%8A-jewelry-design,0.0,0,لم يحسب,0,0,$5.00,يومين,0,2,20.0,.Ahmed M,https://khamsat.com/user/ahmed_mamdouh9,True,بائع جديد,0.0,0,لم يحسب بعد,1,0,لم يحسب
تصميم,https://khamsat.com/designing,مجوهرات وإكسسوارات,https://khamsat.com/designing/jewelry-design,تصميم مجوهرات واكسسوارات 3D,https://khamsat.com/designing/jewelry-design/2859448-%D8%AA%D8%B5%D9%85%D9%8A%D9%85-%D9%85%D8%AC%D9%88%D9%87%D8%B1%D8%A7%D8%AA-%D9%88%D8%A7%D9%83%D8%B3%D8%B3%D9%88%D8%A7%D8%B1%D8%A7%D8%AA-3d,0.0,0,لم يحسب,0,0,$5.00,يومين,0,0,0.0,أحمد م.,https://khamsat.com/user/%D8%A3%D8%AD%D9%85%D8%AF-%D9%85%D8%AA%D9%88%D9%84%D9%89-%D9%85%D8%AD%D9%85%D8%AF,True,بائع جديد,0.0,0,لم يحسب بعد,1,0,لم يحسب
تصميم,https://khamsat.com/designing,مجوهرات وإكسسوارات,https://khamsat.com/designing/jewelry-design,تصميم مجوهرات تلاثية الابعاد 3D جاهزة للطباعة,https://khamsat.com/designing/jewelry-design/2448924-%D8%AA%D8%B5%D9%85%D9%8A%D9%85-%D9%85%D8%AC%D9%88%D9%87%D8%B1%D8%A7%D8%AA-%D8%AA%D9%84%D8%A7%D8%AB%D9%8A%D8%A9-%D8%A7%D9%84%D8%A7%D8%A8%D8%B9%D8%A7%D8%AF-3d-%D8%AC%D8%A7%D9%87%D8%B2%D8%A9-%D9%84%D9%84%D8%B7%D8%A8%D8%A7%D8%B9%D8%A9,0.0,0,دقيقتين,0,0,$5.00,يوم واحد,0,0,0.0,عماد أ.,https://khamsat.com/user/imad995,True,بائع نشيط,0.0,6,91.67%,1,7,3 ساعات
تصميم,https://khamsat.com/designing,مجوهرات وإكسسوارات,https://khamsat.com/designing/jewelry-design,سأقوم بتصميم مجوهرات ثلاثية الأبعاد,https://khamsat.com/designing/jewelry-design/2788012-%D8%B3%D8%A3%D9%82%D9%88%D9%85-%D8%A8%D8%AA%D8%B5%D9%85%D9%8A%D9%85-%D9%85%D8%AC%D9%88%D9%87%D8%B1%D8%A7%D8%AA-%D8%AB%D9%84%D8%A7%D8%AB%D9%8A%D8%A9-%D8%A7%D9%84%D8%A3%D8%A8%D8%B9%D8%A7%D8%AF,0.0,0,لم يحسب,0,0,$15.00,أربعة أيام,0,4,85.0,مروان ا.,https://khamsat.com/user/htmarouane,True,بائع نشيط,5.0,3,66.67%,4,4,8 ساعات
تصميم,https://khamsat.com/designing,مجوهرات وإكسسوارات,https://khamsat.com/designing/jewelry-design,تصميم مجوهرات تلاثية الابعاد 3D وعرضها في صور واقعية,https://khamsat.com/designing/jewelry-design/2933958-%D8%AA%D8%B5%D9%85%D9%8A%D9%85-%D9%85%D8%AC%D9%88%D9%87%D8%B1%D8%A7%D8%AA-%D8%AA%D9%84%D8%A7%D8%AB%D9%8A%D8%A9-%D8%A7%D9%84%D8%A7%D8%A8%D8%B9%D8%A7%D8%AF-3d-%D9%88%D8%B9%D8%B1%D8%B6%D9%87%D8%A7-%D9%81%D9%8A-%D8%B5%D9%88%D8%B1-%D9%88%D8%A7%D9%82%D8%B9%D9%8A%D8%A9,0.0,0,لم يحسب,0,0,$10.00,يومين,0,1,5.0,.Youssef M,https://khamsat.com/user/youssefmorris,True,بائع جديد,0.0,2,100.0%,2,2,9 ساعات
تصميم,https://khamsat.com/designing,مجوهرات وإكسسوارات,https://khamsat.com/designing/jewelry-design,تصميم مجوهرات واكسسورات ثلاثيه الابعاد بطريقه احترافيه,https://khamsat.com/designing/jewelry-design/2962760-%D8%AA%D8%B5%D9%85%D9%8A%D9%85-%D9%85%D8%AC%D9%88%D9%87%D8%B1%D8%A7%D8%AA-%D9%88%D8%A7%D9%83%D8%B3%D8%B3%D9%88%D8%B1%D8%A7%D8%AA-%D8%AB%D9%84%D8%A7%D8%AB%D9%8A%D9%87-%D8%A7%D9%84%D8%A7%D8%A8%D8%B9%D8%A7%D8%AF-%D8%A8%D8%B7%D8%B1%D9%8A%D9%82%D9%87-%D8%A7%D8%AD%D8%AA%D8%B1%D8%A7%D9%81%D9%8A%D9%87,0.0,0,لم يحسب,0,0,$10.00,أربعة أيام,0,0,0.0,.Mohamed E,https://khamsat.com/user/asmaaarafa,False,بائع جديد,0.0,0,لم يحسب بعد,1,0,لم يحسب
تصميم,https://khamsat.com/designing,مجوهرات وإكسسوارات,https://khamsat.com/designing/jewelry-design,تصميم مجوهرات - Jewellery Design,https://khamsat.com/designing/jewelry-design/2879921-%D8%AA%D8%B5%D9%85%D9%8A%D9%85-%D9%85%D8%AC%D9%88%D9%87%D8%B1%D8%A7%D8%AA-jewellery-design,0.0,0,لم يحسب,0,0,$10.00,يوم واحد,0,2,75.0,.Salma E,https://khamsat.com/user/se_10,False,بائع جديد,0.0,0,لم يحسب بعد,2,0,لم يحسب
تصميم,https://khamsat.com/designing,مجوهرات وإكسسوارات,https://khamsat.com/designing/jewelry-design,تصميم مجوهرات على برنامج Matrixgold,https://khamsat.com/designing/jewelry-design/2267392-%D8%AA%D8%B5%D9%85%D9%8A%D9%85-%D9%85%D8%AC%D9%88%D9%87%D8%B1%D8%A7%D8%AA-%D8%B9%D9%84%D9%89-%D8%A8%D8%B1%D9%86%D8%A7%D9%85%D8%AC-matrixgold,0.0,0,ساعة,0,0,$5.00,يومين,0,0,0.0,.Ahmed A,https://khamsat.com/user/ahmed_atyiea,True,بائع نشيط,5.0,1,90.91%,3,1,48 دقيقة
تصميم,https://khamsat.com/designing,تصميمات صناعية,https://khamsat.com/designing/industrial-engineering,تصميم صناعي ثلاثى الابعاد 3d design,https://khamsat.com/designing/industrial-engineering/2820456-%D8%AA%D8%B5%D9%85%D9%8A%D9%85-%D8%B5%D9%86%D8%A7%D8%B9%D9%8A-%D8%AB%D9%84%D8%A7%D8%AB%D9%89-%D8%A7%D9%84%D8%A7%D8%A8%D8%B9%D8%A7%D8%AF-3d-design,5.0,2,6 دقائق,2,0,$25.00,يومين,2,0,0.0,محمد ف.,https://khamsat.com/user/mohamed_fawzi95,True,بائع مميز,5.0,37,100.0%,14,33,40 دقيقة
تصميم,https://khamsat.com/designing,تصميمات صناعية,https://khamsat.com/designing/industrial-engineering,تصاميم صناعية موجه للطباعة 3D و التصنيع,https://khamsat.com/designing/industrial-engineering/2617346-%D8%AA%D8%B5%D8%A7%D9%85%D9%8A%D9%85-%D8%B5%D9%86%D8%A7%D8%B9%D9%8A%D8%A9-%D9%85%D9%88%D8%AC%D9%87-%D9%84%D9%84%D8%B7%D8%A8%D8%A7%D8%B9%D8%A9-3d-%D9%88-%D8%A7%D9%84%D8%AA%D8%B5%D9%86%D9%8A%D8%B9,5.0,11,ساعة,12,0,$10.00,ثلاثة أيام,11,4,255.0,وليد د.,https://khamsat.com/user/walid_d,True,بائع نشيط,5.0,16,96.15%,2,15,ساعتين
تصميم,https://khamsat.com/designing,تصميمات صناعية,https://khamsat.com/designing/industrial-engineering,نمذجة ثلاثية الأبعاد لمنتجك بشكل واقعي واحترافي,https://khamsat.com/designing/industrial-engineering/2609308-%D9%86%D9%85%D8%B0%D8%AC%D8%A9-%D8%AB%D9%84%D8%A7%D8%AB%D9%8A%D8%A9-%D8%A7%D9%84%D8%A3%D8%A8%D8%B9%D8%A7%D8%AF-%D9%84%D9%85%D9%86%D8%AA%D8%AC%D9%83-%D8%A8%D8%B4%D9%83%D9%84-%D9%88%D8%A7%D9%82%D8%B9%D9%8A-%D9%88%D8%A7%D8%AD%D8%AA%D8%B1%D8%A7%D9%81%D9%8A,5.0,2,10 دقائق,3,0,$40.00,أسبوع,2,5,230.0,.Hamza A,https://khamsat.com/user/hamzaaed,True,بائع مميز,5.0,91,91.91%,8,104,3 ساعات
تصميم,https://khamsat.com/designing,تصميمات صناعية,https://khamsat.com/designing/industrial-engineering,تصميم منتجات ثلاثية الأبعاد 3D,https://khamsat.com/designing/industrial-engineering/2412194-%D8%AA%D8%B5%D9%85%D9%8A%D9%85-%D9%85%D9%86%D8%AA%D8%AC%D8%A7%D8%AA-%D8%AB%D9%84%D8%A7%D8%AB%D9%8A%D8%A9-%D8%A7%D9%84%D8%A3%D8%A8%D8%B9%D8%A7%D8%AF-3d,4.5,8,3 ساعات,8,0,$10.00,أسبوعين,8,2,70.0,.Najah A,https://khamsat.com/user/kiramarr,True,بائع نشيط,4.5,8,73.68%,1,8,يومين
تصميم,https://khamsat.com/designing,تصميمات صناعية,https://khamsat.com/designing/industrial-engineering,عمل مودلينج تجسيد لمجسمات علي برنامج 3DMAX,https://khamsat.com/designing/industrial-engineering/2779164-%D8%B9%D9%85%D9%84-%D9%85%D9%88%D8%AF%D9%84%D9%8A%D9%86%D8%AC-%D8%AA%D8%AC%D8%B3%D9%8A%D8%AF-%D9%84%D9%85%D8%AC%D8%B3%D9%85%D8%A7%D8%AA-%D8%B9%D9%84%D9%8A-%D8%A8%D8%B1%D9%86%D8%A7%D9%85%D8%AC-3dmax,5.0,6,ساعة,10,0,$5.00,ثلاثة أيام,6,5,80.0,اسماء ث.,https://khamsat.com/user/asma8,True,بائع نشيط,5.0,9,68.0%,6,13,8 ساعات
تصميم,https://khamsat.com/designing,تصميمات صناعية,https://khamsat.com/designing/industrial-engineering,اصمم لك موديل ثرى دى,https://khamsat.com/designing/industrial-engineering/554073-%D8%A7%D8%B5%D9%85%D9%85-%D9%84%D9%83-%D9%85%D9%88%D8%AF%D9%8A%D9%84-%D8%AB%D8%B1%D9%89-%D8%AF%D9%89,5.0,21,7 ساعات,25,0,$25.00,يومين,21,5,190.0,.Ahmed A,https://khamsat.com/user/ahmed-mido8,True,بائع مميز,5.0,24,90.48%,5,28,3 ساعات
تصميم,https://khamsat.com/designing,تصميمات صناعية,https://khamsat.com/designing/industrial-engineering,تصميم 3d منتجك بطريقة احترافية باستخدام برنامج بلندر,https://khamsat.com/designing/industrial-engineering/2950687-%D8%AA%D8%B5%D9%85%D9%8A%D9%85-3d-%D9%85%D9%86%D8%AA%D8%AC%D9%83-%D8%A8%D8%B7%D8%B1%D9%8A%D9%82%D8%A9-%D8%A7%D8%AD%D8%AA%D8%B1%D8%A7%D9%81%D9%8A%D8%A9-%D8%A8%D8%A7%D8%B3%D8%AA%D8%AE%D8%AF%D8%A7%D9%85-%D8%A8%D8%B1%D9%86%D8%A7%D9%85%D8%AC-%D8%A8%D9%84%D9%86%D8%AF%D8%B1,5.0,4,8 دقائق,4,0,$25.00,ثلاثة أيام,4,3,70.0,.Saif El Islam S,https://khamsat.com/user/saidisaif2,True,بائع نشيط,5.0,9,80.95%,3,8,ساعة
تصميم,https://khamsat.com/designing,تصميمات صناعية,https://khamsat.com/designing/industrial-engineering,رسم الصور إلى خطوط الفكتور لماكنة CNC وتحضير برنامج G Code,https://khamsat.com/designing/industrial-engineering/1013348-%D8%B1%D8%B3%D9%85-%D8%A7%D9%84%D8%B5%D9%88%D8%B1-%D8%A5%D9%84%D9%89-%D8%AE%D8%B7%D9%88%D8%B7-%D8%A7%D9%84%D9%81%D9%83%D8%AA%D9%88%D8%B1-%D9%84%D9%85%D8%A7%D9%83%D9%86%D8%A9-cnc-%D9%88%D8%AA%D8%AD%D8%B6%D9%8A%D8%B1-%D8%A8%D8%B1%D9%86%D8%A7%D9%85%D8%AC-g-code,5.0,12,3 دقائق,18,0,$5.00,يومين,12,3,185.0,بدرالدين ع.,https://khamsat.com/user/cadworks2018,True,بائع مميز,4.5,44,94.96%,6,52,ساعتين
تصميم,https://khamsat.com/designing,تصميمات صناعية,https://khamsat.com/designing/industrial-engineering,تصميم مجسمات 3D لأي غرض,https://khamsat.com/designing/industrial-engineering/1574784-%D8%AA%D8%B5%D9%85%D9%8A%D9%85-%D9%85%D8%AC%D8%B3%D9%85%D8%A7%D8%AA-3d-%D9%84%D8%A3%D9%8A-%D8%BA%D8%B1%D8%B6,5.0,1,ساعة,3,0,$5.00,ثلاثة أيام,1,1,5.0,محمد ساري ا.,https://khamsat.com/user/sare12,True,بائع نشيط,5.0,7,93.75%,3,8,ساعتين
تصميم,https://khamsat.com/designing,تصميمات صناعية,https://khamsat.com/designing/industrial-engineering,تصميم منتجات 3d بمنتهى الاحترافية,https://khamsat.com/designing/industrial-engineering/2421155-%D8%AA%D8%B5%D9%85%D9%8A%D9%85-%D9%85%D9%86%D8%AA%D8%AC%D8%A7%D8%AA-3d-%D8%A8%D9%85%D9%86%D8%AA%D9%87%D9%89-%D8%A7%D9%84%D8%A7%D8%AD%D8%AA%D8%B1%D8%A7%D9%81%D9%8A%D8%A9,4.5,11,ساعة,14,0,$10.00,ثلاثة أيام,11,3,160.0,براء ا.,https://khamsat.com/user/baraa_zead,True,بائع نشيط,4.5,18,84.91%,3,19,22 دقيقة
تصميم,https://khamsat.com/designing,تصميمات صناعية,https://khamsat.com/designing/industrial-engineering,رسم اي ملف باستخدام الكوريل درو,https://khamsat.com/designing/industrial-engineering/2949517-%D8%B1%D8%B3%D9%85-%D8%A7%D9%8A-%D9%85%D9%84%D9%81-%D8%A8%D8%A7%D8%B3%D8%AA%D8%AE%D8%AF%D8%A7%D9%85-%D8%A7%D9%84%D9%83%D9%88%D8%B1%D9%8A%D9%84-%D8%AF%D8%B1%D9%88,0.0,0,12 دقيقة,2,0,$10.00,يوم واحد,0,0,0.0,.Alaa W,https://khamsat.com/user/alaa_wael33,True,بائع جديد,0.0,0,100.0%,1,2,12 دقيقة
تصميم,https://khamsat.com/designing,تصميمات صناعية,https://khamsat.com/designing/industrial-engineering,تصميم 3d لمنتجات الاثاث Furniture design,https://khamsat.com/designing/industrial-engineering/2845671-%D8%AA%D8%B5%D9%85%D9%8A%D9%85-3d-%D9%84%D9%85%D9%86%D8%AA%D8%AC%D8%A7%D8%AA-%D8%A7%D9%84%D8%A7%D8%AB%D8%A7%D8%AB-furniture-design,5.0,2,ساعة,3,0,$20.00,يوم واحد,2,3,155.0,.Idir H,https://khamsat.com/user/idir_35,True,بائع مميز,5.0,52,96.12%,5,50,5 ساعات
تصميم,https://khamsat.com/designing,تصميمات صناعية,https://khamsat.com/designing/industrial-engineering,عمل وتعديل التصاميم 3D وحل المشاكل المتعلقة بها,https://khamsat.com/designing/industrial-engineering/681212-%D8%B9%D9%85%D9%84-%D9%88%D8%AA%D8%B9%D8%AF%D9%8A%D9%84-%D8%A7%D9%84%D8%AA%D8%B5%D8%A7%D9%85%D9%8A%D9%85-3d-%D9%88%D8%AD%D9%84-%D8%A7%D9%84%D9%85%D8%B4%D8%A7%D9%83%D9%84-%D8%A7%D9%84%D9%85%D8%AA%D8%B9%D9%84%D9%82%D8%A9-%D8%A8%D9%87%D8%A7,5.0,14,7 دقائق,16,0,$5.00,يومين,14,3,75.0,احمد ا.,https://khamsat.com/user/%D8%A7%D8%AD%D9%85%D8%AF-%D8%A7%D8%A8%D9%88-%D8%A7%D9%84%D8%B1%D9%8A%D8%B4,True,بائع مميز,5.0,16,92.86%,1,20,ساعة
تصميم,https://khamsat.com/designing,تصميمات صناعية,https://khamsat.com/designing/industrial-engineering,تصميم مجسمات 3D وبيئة كاملة بإستخدام برنامج MAYA,https://khamsat.com/designing/industrial-engineering/1349800-%D8%AA%D8%B5%D9%85%D9%8A%D9%85-%D9%85%D8%AC%D8%B3%D9%85%D8%A7%D8%AA-3d-%D9%88%D8%A8%D9%8A%D8%A6%D8%A9-%D9%83%D8%A7%D9%85%D9%84%D8%A9-%D8%A8%D8%A5%D8%B3%D8%AA%D8%AE%D8%AF%D8%A7%D9%85-%D8%A8%D8%B1%D9%86%D8%A7%D9%85%D8%AC-maya,5.0,19,ساعة,28,1,$25.00,يومين,19,5,385.0,رضوه س.,https://khamsat.com/user/radwadesigner,True,بائع مميز,5.0,99,91.64%,9,109,ساعتين
تصميم,https://khamsat.com/designing,تصميمات صناعية,https://khamsat.com/designing/industrial-engineering,تصميم المنتجات والأجزاء والمطبوعات ثلاثية الأبعاد 3D,https://khamsat.com/designing/industrial-engineering/2593832-%D8%AA%D8%B5%D9%85%D9%8A%D9%85-%D8%A7%D9%84%D9%85%D9%86%D8%AA%D8%AC%D8%A7%D8%AA-%D9%88%D8%A7%D9%84%D8%A3%D8%AC%D8%B2%D8%A7%D8%A1-%D9%88%D8%A7%D9%84%D9%85%D8%B7%D8%A8%D9%88%D8%B9%D8%A7%D8%AA-%D8%AB%D9%84%D8%A7%D8%AB%D9%8A%D8%A9-%D8%A7%D9%84%D8%A3%D8%A8%D8%B9%D8%A7%D8%AF-3d,5.0,9,8 دقائق,9,0,$5.00,يومين,9,5,85.0,صفا ص.,https://khamsat.com/user/s_o,True,بائع نشيط,5.0,27,100.0%,3,29,43 دقيقة
تصميم,https://khamsat.com/designing,تصميمات صناعية,https://khamsat.com/designing/industrial-engineering,تصوير إعلان منتجات ثلاثي الأبعاد,https://khamsat.com/designing/industrial-engineering/2948269-%D8%AA%D8%B5%D9%88%D9%8A%D8%B1-%D8%A5%D8%B9%D9%84%D8%A7%D9%86-%D9%85%D9%86%D8%AA%D8%AC%D8%A7%D8%AA-%D8%AB%D9%84%D8%A7%D8%AB%D9%8A-%D8%A7%D9%84%D8%A3%D8%A8%D8%B9%D8%A7%D8%AF,5.0,6,22 دقيقة,9,1,$15.00,ثلاثة أيام,6,5,220.0,.Mostafa S,https://khamsat.com/user/m_shakweer,True,بائع نشيط,5.0,6,100.0%,1,9,22 دقيقة
تصميم,https://khamsat.com/designing,تصميمات صناعية,https://khamsat.com/designing/industrial-engineering,تصميم كأس بطولة ودروع التكريم لكافة المجالات 3D,https://khamsat.com/designing/industrial-engineering/3023847-%D8%AA%D8%B5%D9%85%D9%8A%D9%85-%D9%83%D8%A3%D8%B3-%D8%A8%D8%B7%D9%88%D9%84%D8%A9-%D9%88%D8%AF%D8%B1%D9%88%D8%B9-%D8%A7%D9%84%D8%AA%D9%83%D8%B1%D9%8A%D9%85-%D9%84%D9%83%D8%A7%D9%81%D8%A9-%D8%A7%D9%84%D9%85%D8%AC%D8%A7%D9%84%D8%A7%D8%AA-3d,5.0,1,3 ساعات,1,0,$5.00,يوم واحد,1,0,0.0,أحمد خ.,https://khamsat.com/user/ahmed_91,True,بائع مميز,4.5,65,92.39%,3,70,23 ساعة
تصميم,https://khamsat.com/designing,تصميمات صناعية,https://khamsat.com/designing/industrial-engineering,مصمم احترافي على الارت كام والكوريل 2Dو3D,https://khamsat.com/designing/industrial-engineering/2274432-%D9%85%D8%B5%D9%85%D9%85-%D8%A7%D8%AD%D8%AA%D8%B1%D8%A7%D9%81%D9%8A-%D8%B9%D9%84%D9%89-%D8%A7%D9%84%D8%A7%D8%B1%D8%AA-%D9%83%D8%A7%D9%85-%D9%88%D8%A7%D9%84%D9%83%D9%88%D8%B1%D9%8A%D9%84-2d%D9%883d,5.0,4,4 دقائق,9,0,$5.00,يومين,4,0,0.0,محمد ع.,https://khamsat.com/user/wolfapoyhys,True,بائع نشيط,5.0,4,100.0%,1,9,4 دقائق
تصميم,https://khamsat.com/designing,تصميمات صناعية,https://khamsat.com/designing/industrial-engineering,تصميم الأجزاء 3D واسطمبات الصاج وقوالب حقن البلاستيك والفوم,https://khamsat.com/designing/industrial-engineering/2040916-%D8%AA%D8%B5%D9%85%D9%8A%D9%85-%D8%A7%D9%84%D8%A3%D8%AC%D8%B2%D8%A7%D8%A1-3d-%D9%88%D8%A7%D8%B3%D8%B7%D9%85%D8%A8%D8%A7%D8%AA-%D8%A7%D9%84%D8%B5%D8%A7%D8%AC-%D9%88%D9%82%D9%88%D8%A7%D9%84%D8%A8-%D8%AD%D9%82%D9%86-%D8%A7%D9%84%D8%A8%D9%84%D8%A7%D8%B3%D8%AA%D9%8A%D9%83-%D9%88%D8%A7%D9%84%D9%81%D9%88%D9%85,5.0,6,9 ساعات,7,0,$50.00,ثلاثة أيام,6,5,150.0,.Mohamed B,https://khamsat.com/user/mohamed_hany_badr,True,بائع مميز,5.0,76,100.0%,9,83,3 ساعات
تصميم,https://khamsat.com/designing,تصميمات صناعية,https://khamsat.com/designing/industrial-engineering,عمل تصميمات علي الارت كام والكورل درو,https://khamsat.com/designing/industrial-engineering/2035921-%D8%B9%D9%85%D9%84-%D8%AA%D8%B5%D9%85%D9%8A%D9%85%D8%A7%D8%AA-%D8%B9%D9%84%D9%8A-%D8%A7%D9%84%D8%A7%D8%B1%D8%AA-%D9%83%D8%A7%D9%85-%D9%88%D8%A7%D9%84%D9%83%D9%88%D8%B1%D9%84-%D8%AF%D8%B1%D9%88,5.0,4,56 دقيقة,11,0,$5.00,يومين,4,3,70.0,.Mohamed M,https://khamsat.com/user/mohamedhamdymesalm,True,بائع نشيط,5.0,4,100.0%,1,11,56 دقيقة
تصميم,https://khamsat.com/designing,تصميمات صناعية,https://khamsat.com/designing/industrial-engineering,تصميم أثاث,https://khamsat.com/designing/industrial-engineering/1073301-%D8%AA%D8%B5%D9%85%D9%8A%D9%85-%D8%A3%D8%AB%D8%A7%D8%AB,5.0,3,8 ساعات,5,0,$25.00,يوم واحد,3,3,85.0,رنا ص.,https://khamsat.com/user/%D8%B1%D9%86%D8%A7-%D8%A7%D9%84%D8%B4%D8%A7%D9%88%D9%8A,True,بائع مميز,5.0,30,95.65%,5,45,4 ساعات
تصميم,https://khamsat.com/designing,تصميمات صناعية,https://khamsat.com/designing/industrial-engineering,تصميمات 3D باستخدام برنامج Blender,https://khamsat.com/designing/industrial-engineering/2822308-%D8%AA%D8%B5%D9%85%D9%8A%D9%85%D8%A7%D8%AA-3d-%D8%A8%D8%A7%D8%B3%D8%AA%D8%AE%D8%AF%D8%A7%D9%85-%D8%A8%D8%B1%D9%86%D8%A7%D9%85%D8%AC-blender,5.0,3,ساعة,4,0,$10.00,ثلاثة أيام,3,3,25.0,.Mohamed H,https://khamsat.com/user/m0hamed_hesham,True,بائع نشيط,5.0,3,92.31%,3,4,ساعة
تصميم,https://khamsat.com/designing,تصميمات صناعية,https://khamsat.com/designing/industrial-engineering,انشاء اعلان 3D للمنتجات مع خامات واقعية احترافية,https://khamsat.com/designing/industrial-engineering/2983696-%D8%A7%D9%86%D8%B4%D8%A7%D8%A1-%D8%A7%D8%B9%D9%84%D8%A7%D9%86-3d-%D9%84%D9%84%D9%85%D9%86%D8%AA%D8%AC%D8%A7%D8%AA-%D9%85%D8%B9-%D8%AE%D8%A7%D9%85%D8%A7%D8%AA-%D9%88%D8%A7%D9%82%D8%B9%D9%8A%D8%A9-%D8%A7%D8%AD%D8%AA%D8%B1%D8%A7%D9%81%D9%8A%D8%A9,4.0,2,5 دقائق,3,0,$5.00,يومين,2,3,40.0,.Mahmoud K,https://khamsat.com/user/mahmoud0khedr,True,بائع جديد,4.0,2,100.0%,1,3,5 دقائق
تصميم,https://khamsat.com/designing,تصميمات صناعية,https://khamsat.com/designing/industrial-engineering,تصميم موديل أو مجسم 3d low poly باستخدام برنامج blender,https://khamsat.com/designing/industrial-engineering/1152170-%D8%AA%D8%B5%D9%85%D9%8A%D9%85-%D9%85%D9%88%D8%AF%D9%8A%D9%84-%D8%A3%D9%88-%D9%85%D8%AC%D8%B3%D9%85-3d-low-poly-%D8%A8%D8%A7%D8%B3%D8%AA%D8%AE%D8%AF%D8%A7%D9%85-%D8%A8%D8%B1%D9%86%D8%A7%D9%85%D8%AC-blender,5.0,9,6 ساعات,10,0,$5.00,ستة أيام,9,5,235.0,هيثم ك.,https://khamsat.com/user/haythem_kmal_msc,True,بائع مميز,5.0,37,84.0%,4,44,يومين
تصميم,https://khamsat.com/designing,تصميمات صناعية,https://khamsat.com/designing/industrial-engineering,تصميم ثلاثي الأبعاد على برنامج fusion 360,https://khamsat.com/designing/industrial-engineering/2269179-%D8%AA%D8%B5%D9%85%D9%8A%D9%85-%D8%AB%D9%84%D8%A7%D8%AB%D9%8A-%D8%A7%D9%84%D8%A3%D8%A8%D8%B9%D8%A7%D8%AF-%D8%B9%D9%84%D9%89-%D8%A8%D8%B1%D9%86%D8%A7%D9%85%D8%AC-fusion-360,5.0,8,15 دقيقة,11,0,$5.00,يوم واحد,8,5,105.0,.Mahir A,https://khamsat.com/user/leith,True,بائع نشيط,5.0,8,92.86%,1,11,ساعة
تصميم,https://khamsat.com/designing,تصميمات صناعية,https://khamsat.com/designing/industrial-engineering,خدمة تصميم مجسمات ثلاثية الابعاد,https://khamsat.com/designing/industrial-engineering/2607820-%D8%AE%D8%AF%D9%85%D8%A9-%D8%AA%D8%B5%D9%85%D9%8A%D9%85-%D9%85%D8%AC%D8%B3%D9%85%D8%A7%D8%AA-%D8%AB%D9%84%D8%A7%D8%AB%D9%8A%D8%A9-%D8%A7%D9%84%D8%A7%D8%A8%D8%B9%D8%A7%D8%AF,5.0,3,ساعة,5,0,$15.00,أسبوع,3,2,15.0,.Mohammed F,https://khamsat.com/user/aceask01,True,بائع نشيط,5.0,4,100.0%,6,6,ساعة
تصميم,https://khamsat.com/designing,تصميمات صناعية,https://khamsat.com/designing/industrial-engineering,إظهار واقعي لمنتجك في شكل ثلاثي الأبعاد,https://khamsat.com/designing/industrial-engineering/1920866-%D8%A5%D8%B8%D9%87%D8%A7%D8%B1-%D9%88%D8%A7%D9%82%D8%B9%D9%8A-%D9%84%D9%85%D9%86%D8%AA%D8%AC%D9%83-%D9%81%D9%8A-%D8%B4%D9%83%D9%84-%D8%AB%D9%84%D8%A7%D8%AB%D9%8A-%D8%A7%D9%84%D8%A3%D8%A8%D8%B9%D8%A7%D8%AF,5.0,45,ساعتين,56,1,$5.00,ثلاثة أيام,25,5,205.0,محمد م.,https://khamsat.com/user/moshaf3,True,بائع مميز,5.0,107,87.13%,4,111,13 ساعة
تصميم,https://khamsat.com/designing,تصميمات صناعية,https://khamsat.com/designing/industrial-engineering,تصميم ثلاثي الأبعاد للمنتجات,https://khamsat.com/designing/industrial-engineering/2960028-%D8%AA%D8%B5%D9%85%D9%8A%D9%85-%D8%AB%D9%84%D8%A7%D8%AB%D9%8A-%D8%A7%D9%84%D8%A3%D8%A8%D8%B9%D8%A7%D8%AF-%D9%84%D9%84%D9%85%D9%86%D8%AA%D8%AC%D8%A7%D8%AA,5.0,1,3 دقائق,3,0,$10.00,ثلاثة أيام,1,3,85.0,.Abdelrahman T,https://khamsat.com/user/abdelrahmantaha13,True,بائع جديد,5.0,1,75.0%,2,3,3 دقائق
تصميم,https://khamsat.com/designing,تصميمات صناعية,https://khamsat.com/designing/industrial-engineering,تصميم ثلاثي الابعاد 3D Designer/Modeler,https://khamsat.com/designing/industrial-engineering/1745114-%D8%AA%D8%B5%D9%85%D9%8A%D9%85-%D8%AB%D9%84%D8%A7%D8%AB%D9%8A-%D8%A7%D9%84%D8%A7%D8%A8%D8%B9%D8%A7%D8%AF-3d-designermodeler,5.0,7,21 دقيقة,9,0,$15.00,يوم واحد,7,4,35.0,.Abdelrhman H,https://khamsat.com/user/abdo_hashem,True,بائع مميز,5.0,8,100.0%,1,10,5 أيام
تصميم,https://khamsat.com/designing,تصميمات صناعية,https://khamsat.com/designing/industrial-engineering,سوف أقوم بنمذجة أي مجسم ثلاثي الأبعاد 3D ببرنامج بليندار,https://khamsat.com/designing/industrial-engineering/1556921-%D8%B3%D9%88%D9%81-%D8%A3%D9%82%D9%88%D9%85-%D8%A8%D9%86%D9%85%D8%B0%D8%AC%D8%A9-%D8%A3%D9%8A-%D9%85%D8%AC%D8%B3%D9%85-%D8%AB%D9%84%D8%A7%D8%AB%D9%8A-%D8%A7%D9%84%D8%A3%D8%A8%D8%B9%D8%A7%D8%AF-3d-%D8%A8%D8%A8%D8%B1%D9%86%D8%A7%D9%85%D8%AC-%D8%A8%D9%84%D9%8A%D9%86%D8%AF%D8%A7%D8%B1,4.5,3,أقل من دقيقة,4,0,$10.00,يومين,3,1,10.0,بغداد ك.,https://khamsat.com/user/%D8%A8%D8%BA%D8%AF%D8%A7%D8%AF-%D9%83%D8%B1%D9%8A%D9%85,True,بائع نشيط,4.5,6,91.67%,5,9,48 دقيقة
تصميم,https://khamsat.com/designing,أخرى,https://khamsat.com/designing/3d-design-services,تصميم ثلاثي الأبعاد 3d لمنتجك الخاص وتقديمه بشكل واقعي,https://khamsat.com/designing/3d-design-services/2946343-%D8%AA%D8%B5%D9%85%D9%8A%D9%85-%D8%AB%D9%84%D8%A7%D8%AB%D9%8A-%D8%A7%D9%84%D8%A3%D8%A8%D8%B9%D8%A7%D8%AF-3d-%D9%84%D9%85%D9%86%D8%AA%D8%AC%D9%83-%D8%A7%D9%84%D8%AE%D8%A7%D8%B5-%D9%88%D8%AA%D9%82%D8%AF%D9%8A%D9%85%D9%87-%D8%A8%D8%B4%D9%83%D9%84%D9%88%D8%A7%D9%82%D8%B9%D9%8A,5.0,8,ساعتين,9,1,$10.00,ثلاثة أيام,8,3,225.0,طارق ف.,https://khamsat.com/user/tarik_lec,True,بائع نشيط,5.0,9,100.0%,2,10,14 ساعة
تصميم,https://khamsat.com/designing,أخرى,https://khamsat.com/designing/3d-design-services,تصميم شخصيات واشكال للطباعة 3d printing,https://khamsat.com/designing/3d-design-services/2819687-%D8%AA%D8%B5%D9%85%D9%8A%D9%85-%D8%B4%D8%AE%D8%B5%D9%8A%D8%A7%D8%AA-%D9%88%D8%A7%D8%B4%D9%83%D8%A7%D9%84-%D9%84%D9%84%D8%B7%D8%A8%D8%A7%D8%B9%D8%A9-3d-printing,5.0,3,11 ساعة,4,0,$10.00,يوم واحد,3,2,110.0,ياسر ح.,https://khamsat.com/user/yasserslama,True,بائع جديد,5.0,3,100.0%,2,4,11 ساعة
تصميم,https://khamsat.com/designing,أخرى,https://khamsat.com/designing/3d-design-services,تصميم أسماء للقص على الليزر,https://khamsat.com/designing/3d-design-services/2803194-%D8%AA%D8%B5%D9%85%D9%8A%D9%85-%D8%A3%D8%B3%D9%85%D8%A7%D8%A1-%D9%84%D9%84%D9%82%D8%B5-%D8%B9%D9%84%D9%89-%D8%A7%D9%84%D9%84%D9%8A%D8%B2%D8%B1,5.0,5,ساعتين,5,0,$5.00,يوم واحد,5,3,40.0,محمد ث.,https://khamsat.com/user/aboabdollah,True,بائع نشيط,5.0,5,100.0%,4,5,ساعتين
تصميم,https://khamsat.com/designing,أخرى,https://khamsat.com/designing/3d-design-services,تحويل صور منتجك الى مجسم 3d,https://khamsat.com/designing/3d-design-services/2765319-%D8%AA%D8%AD%D9%88%D9%8A%D9%84-%D8%B5%D9%88%D8%B1-%D9%85%D9%86%D8%AA%D8%AC%D9%83-%D8%A7%D9%84%D9%89-%D9%85%D8%AC%D8%B3%D9%85-3d,5.0,6,21 ساعة,6,0,$10.00,خمسة أيام,6,4,40.0,.Hanin J,https://khamsat.com/user/haninrj,True,بائع نشيط,5.0,10,97.3%,2,11,10 ساعات
تصميم,https://khamsat.com/designing,أخرى,https://khamsat.com/designing/3d-design-services,تصميمات داخلية ثلاثية الابعاد 3d interior design,https://khamsat.com/designing/3d-design-services/2782005-%D8%AA%D8%B5%D9%85%D9%8A%D9%85%D8%A7%D8%AA-%D8%AF%D8%A7%D8%AE%D9%84%D9%8A%D8%A9-%D8%AB%D9%84%D8%A7%D8%AB%D9%8A%D8%A9-%D8%A7%D9%84%D8%A7%D8%A8%D8%B9%D8%A7%D8%AF-3d-interior-design,4.5,4,9 ساعات,4,0,$5.00,يومين,4,3,110.0,.Kholoud S,https://khamsat.com/user/kholoud_sharawy,True,بائع نشيط,4.5,4,100.0%,1,4,9 ساعات
تصميم,https://khamsat.com/designing,أخرى,https://khamsat.com/designing/3d-design-services,تصميم ثلاثي ابعاد 3D عن طريق بلندر,https://khamsat.com/designing/3d-design-services/2752128-%D8%AA%D8%B5%D9%85%D9%8A%D9%85-%D8%AB%D9%84%D8%A7%D8%AB%D9%8A-%D8%A7%D8%A8%D8%B9%D8%A7%D8%AF-3d-%D8%B9%D9%86-%D8%B7%D8%B1%D9%8A%D9%82-%D8%A8%D9%84%D9%86%D8%AF%D8%B1,4.5,3,16 ساعة,3,0,$5.00,يوم واحد,3,1,10.0,.Mohamed El Amine G,https://khamsat.com/user/gnd_amine,True,بائع جديد,4.5,3,100.0%,1,3,16 ساعة
تصميم,https://khamsat.com/designing,أخرى,https://khamsat.com/designing/3d-design-services,سوف اقوم بأنشاء مجسمات ثلاثية الابعاد بخامات واقعية,https://khamsat.com/designing/3d-design-services/2358300-%D8%B3%D9%88%D9%81-%D8%A7%D9%82%D9%88%D9%85-%D8%A8%D8%A3%D9%86%D8%B4%D8%A7%D8%A1-%D9%85%D8%AC%D8%B3%D9%85%D8%A7%D8%AA-%D8%AB%D9%84%D8%A7%D8%AB%D9%8A%D8%A9-%D8%A7%D9%84%D8%A7%D8%A8%D8%B9%D8%A7%D8%AF-%D8%A8%D8%AE%D8%A7%D9%85%D8%A7%D8%AA-%D9%88%D8%A7%D9%82%D8%B9%D9%8A%D8%A9,5.0,1,6 ساعات,2,0,$10.00,ثلاثة أيام,1,1,5.0,.Hosam M,https://khamsat.com/user/hosam_ammar,True,بائع جديد,5.0,1,100.0%,2,2,6 ساعات
تصميم,https://khamsat.com/designing,أخرى,https://khamsat.com/designing/3d-design-services,تصميم شخصيات للطباعة 3d printing,https://khamsat.com/designing/3d-design-services/2945996-%D8%AA%D8%B5%D9%85%D9%8A%D9%85-%D8%B4%D8%AE%D8%B5%D9%8A%D8%A7%D8%AA-%D9%84%D9%84%D8%B7%D8%A8%D8%A7%D8%B9%D8%A9-3d-printing,5.0,1,10 ساعات,1,0,$10.00,ثلاثة أيام,1,3,90.0,.Monica F,https://khamsat.com/user/monicafayez6,True,بائع جديد,5.0,1,20.0%,1,1,10 ساعات
تصميم,https://khamsat.com/designing,أخرى,https://khamsat.com/designing/3d-design-services,تصميم ثلاثي الابعاد 3d للمنتجات وغيرها,https://khamsat.com/designing/3d-design-services/2750541-%D8%AA%D8%B5%D9%85%D9%8A%D9%85-%D8%AB%D9%84%D8%A7%D8%AB%D9%8A-%D8%A7%D9%84%D8%A7%D8%A8%D8%B9%D8%A7%D8%AF-3d-%D9%84%D9%84%D9%85%D9%86%D8%AA%D8%AC%D8%A7%D8%AA-%D9%88%D8%BA%D9%8A%D8%B1%D9%87%D8%A7,5.0,17,3 دقائق,20,2,$20.00,ثلاثة أيام,17,4,120.0,.Mohamed F,https://khamsat.com/user/mohamed_fayedd9,True,بائع نشيط,5.0,18,85.71%,1,21,دقيقتين
تصميم,https://khamsat.com/designing,أخرى,https://khamsat.com/designing/3d-design-services,تصميم مجسم 3D احترافي وعالي الجودة,https://khamsat.com/designing/3d-design-services/2833364-%D8%AA%D8%B5%D9%85%D9%8A%D9%85-%D9%85%D8%AC%D8%B3%D9%85-3d-%D8%A7%D8%AD%D8%AA%D8%B1%D8%A7%D9%81%D9%8A-%D9%88%D8%B9%D8%A7%D9%84%D9%8A-%D8%A7%D9%84%D8%AC%D9%88%D8%AF%D8%A9,0.0,0,4 دقائق,1,0,$5.00,يوم واحد,0,2,15.0,مصطفى س.,https://khamsat.com/user/mostfasalama,True,بائع جديد,5.0,2,100.0%,5,3,3 ساعات
تصميم,https://khamsat.com/designing,أخرى,https://khamsat.com/designing/3d-design-services,تصميم منتجات ثلاثية الابعاد,https://khamsat.com/designing/3d-design-services/2877357-%D8%AA%D8%B5%D9%85%D9%8A%D9%85-%D9%85%D9%86%D8%AA%D8%AC%D8%A7%D8%AA-%D8%AB%D9%84%D8%A7%D8%AB%D9%8A%D8%A9-%D8%A7%D9%84%D8%A7%D8%A8%D8%B9%D8%A7%D8%AF,5.0,1,37 دقيقة,1,1,$10.00,يومين,1,5,260.0,محمد ر.,https://khamsat.com/user/mohamed_nazzal,True,بائع جديد,5.0,1,100.0%,1,1,37 دقيقة
تصميم,https://khamsat.com/designing,أخرى,https://khamsat.com/designing/3d-design-services,تصميم منتجات Cosmetics,https://khamsat.com/designing/3d-design-services/2060113-%D8%AA%D8%B5%D9%85%D9%8A%D9%85-%D9%85%D9%86%D8%AA%D8%AC%D8%A7%D8%AA-cosmetics,5.0,6,دقيقتين,10,0,$10.00,يوم واحد,6,4,185.0,.Idir H,https://khamsat.com/user/idir_35,True,بائع مميز,5.0,52,96.12%,5,50,5 ساعات
تصميم,https://khamsat.com/designing,أخرى,https://khamsat.com/designing/3d-design-services,رسم و تصميم بطريقة One line art,https://khamsat.com/designing/3d-design-services/2906768-%D8%B1%D8%B3%D9%85-%D9%88-%D8%AA%D8%B5%D9%85%D9%8A%D9%85-%D8%A8%D8%B7%D8%B1%D9%8A%D9%82%D8%A9-one-line-art,5.0,1,ساعة,1,0,$5.00,يوم واحد,1,1,20.0,.Hala J,https://khamsat.com/user/ha1995,True,بائع جديد,5.0,1,100.0%,2,1,ساعة
تصميم,https://khamsat.com/designing,أخرى,https://khamsat.com/designing/3d-design-services,تصميم منتج 3D بشكل واقعى و تحريكه 360 درجة,https://khamsat.com/designing/3d-design-services/3040757-%D8%AA%D8%B5%D9%85%D9%8A%D9%85-%D9%85%D9%86%D8%AA%D8%AC-3d-%D8%A8%D8%B4%D9%83%D9%84-%D9%88%D8%A7%D9%82%D8%B9%D9%89-%D9%88-%D8%AA%D8%AD%D8%B1%D9%8A%D9%83%D9%87-360-%D8%AF%D8%B1%D8%AC%D8%A9,0.0,0,لم يحسب,0,0,$10.00,يومين,0,1,15.0,محمد أ.,https://khamsat.com/user/mohamed3150,True,بائع جديد,0.0,0,لم يحسب بعد,1,0,لم يحسب
تصميم,https://khamsat.com/designing,أخرى,https://khamsat.com/designing/3d-design-services,تصميم 3D باستخدام برنامج Solidworks,https://khamsat.com/designing/3d-design-services/2871147-%D8%AA%D8%B5%D9%85%D9%8A%D9%85-3d-%D8%A8%D8%A7%D8%B3%D8%AA%D8%AE%D8%AF%D8%A7%D9%85-%D8%A8%D8%B1%D9%86%D8%A7%D9%85%D8%AC-solidworks,0.0,0,لم يحسب,0,0,$10.00,يومين,0,4,55.0,.Al Motasem Biallah K,https://khamsat.com/user/motasem_khier_89,True,بائع جديد,0.0,0,لم يحسب بعد,1,0,لم يحسب
تصميم,https://khamsat.com/designing,أخرى,https://khamsat.com/designing/3d-design-services,رسم منتجاتك بشكل ثلاثي الأبعاد 3D بطريقة واقعية و احترافية,https://khamsat.com/designing/3d-design-services/2982517-%D8%B1%D8%B3%D9%85-%D9%85%D9%86%D8%AA%D8%AC%D8%A7%D8%AA%D9%83-%D8%A8%D8%B4%D9%83%D9%84-%D8%AB%D9%84%D8%A7%D8%AB%D9%8A-%D8%A7%D9%84%D8%A3%D8%A8%D8%B9%D8%A7%D8%AF-3d-%D8%A8%D8%B7%D8%B1%D9%8A%D9%82%D8%A9-%D9%88%D8%A7%D9%82%D8%B9%D9%8A%D8%A9-%D9%88-%D8%A7%D8%AD%D8%AA%D8%B1%D8%A7%D9%81%D9%8A%D8%A9,0.0,0,لم يحسب,0,0,$10.00,ثلاثة أيام,0,4,60.0,.Anas Y,https://khamsat.com/user/abuyounis2019,True,بائع جديد,0.0,0,لم يحسب بعد,1,0,لم يحسب
تصميم,https://khamsat.com/designing,أخرى,https://khamsat.com/designing/3d-design-services,عمل فواتير مميزه وبصوره احترافيه,https://khamsat.com/designing/3d-design-services/3033312-%D8%B9%D9%85%D9%84-%D9%81%D9%88%D8%A7%D8%AA%D9%8A%D8%B1-%D9%85%D9%85%D9%8A%D8%B2%D9%87-%D9%88%D8%A8%D8%B5%D9%88%D8%B1%D9%87-%D8%A7%D8%AD%D8%AA%D8%B1%D8%A7%D9%81%D9%8A%D9%87,0.0,0,لم يحسب,0,0,$10.00,يوم واحد,0,1,15.0,احمد م.,https://khamsat.com/user/cr7_aom,True,بائع جديد,0.0,0,لم يحسب بعد,5,0,لم يحسب
تصميم,https://khamsat.com/designing,أخرى,https://khamsat.com/designing/3d-design-services,قالب التقرير السنوي الاحترافي - قابل للتعديل في Word,https://khamsat.com/designing/3d-design-services/3012102-%D9%82%D8%A7%D9%84%D8%A8-%D8%A7%D9%84%D8%AA%D9%82%D8%B1%D9%8A%D8%B1-%D8%A7%D9%84%D8%B3%D9%86%D9%88%D9%8A-%D8%A7%D9%84%D8%A7%D8%AD%D8%AA%D8%B1%D8%A7%D9%81%D9%8A-%D9%82%D8%A7%D8%A8%D9%84-%D9%84%D9%84%D8%AA%D8%B9%D8%AF%D9%8A%D9%84-%D9%81%D9%8A-word,0.0,0,لم يحسب,0,0,$10.00,يوم واحد,0,1,10.0,.Arwa C,https://khamsat.com/user/arwacraft,False,بائع جديد,0.0,0,لم يحسب بعد,4,0,لم يحسب
تصميم,https://khamsat.com/designing,أخرى,https://khamsat.com/designing/3d-design-services,اقدم لك أفضل خلفيات ايس كريم,https://khamsat.com/designing/3d-design-services/2937690-%D8%A7%D9%82%D8%AF%D9%85-%D9%84%D9%83-%D8%A3%D9%81%D8%B6%D9%84-%D8%AE%D9%84%D9%81%D9%8A%D8%A7%D8%AA-%D8%A7%D9%8A%D8%B3-%D9%83%D8%B1%D9%8A%D9%85,0.0,0,لم يحسب,0,0,$5.00,يوم واحد,0,0,0.0,عبد ا.,https://khamsat.com/user/kffygkkj866,False,بائع جديد,0.0,0,لم يحسب بعد,5,0,لم يحسب
تصميم,https://khamsat.com/designing,أخرى,https://khamsat.com/designing/3d-design-services,3D وافكار ابداعية مختلفة بجودة عالية,https://khamsat.com/designing/3d-design-services/3050994-3d-%D9%88%D8%A7%D9%81%D9%83%D8%A7%D8%B1-%D8%A7%D8%A8%D8%AF%D8%A7%D8%B9%D9%8A%D8%A9-%D9%85%D8%AE%D8%AA%D9%84%D9%81%D8%A9-%D8%A8%D8%AC%D9%88%D8%AF%D8%A9-%D8%B9%D8%A7%D9%84%D9%8A%D8%A9,0.0,0,لم يحسب,0,0,$10.00,يومين,0,0,0.0,.Jaklen S,https://khamsat.com/user/jaklen_saad12,True,بائع جديد,0.0,0,لم يحسب بعد,4,0,لم يحسب
تصميم,https://khamsat.com/designing,أخرى,https://khamsat.com/designing/3d-design-services,تصميمات ثلاثيه الابعاد وانيميشن,https://khamsat.com/designing/3d-design-services/3048643-%D8%AA%D8%B5%D9%85%D9%8A%D9%85%D8%A7%D8%AA-%D8%AB%D9%84%D8%A7%D8%AB%D9%8A%D9%87-%D8%A7%D9%84%D8%A7%D8%A8%D8%B9%D8%A7%D8%AF-%D9%88%D8%A7%D9%86%D9%8A%D9%85%D9%8A%D8%B4%D9%86,0.0,0,لم يحسب,0,0,$5.00,يومين,0,3,40.0,.Abdulrhman R,https://khamsat.com/user/abdulrhman_3d,True,بائع جديد,0.0,0,لم يحسب بعد,1,0,لم يحسب
تصميم,https://khamsat.com/designing,أخرى,https://khamsat.com/designing/3d-design-services,إنشاء تصاميم ثلاثية الأبعاد Catia V5,https://khamsat.com/designing/3d-design-services/2945447-%D8%A5%D9%86%D8%B4%D8%A7%D8%A1-%D8%AA%D8%B5%D8%A7%D9%85%D9%8A%D9%85-%D8%AB%D9%84%D8%A7%D8%AB%D9%8A%D8%A9-%D8%A7%D9%84%D8%A3%D8%A8%D8%B9%D8%A7%D8%AF-catia-v5,0.0,0,لم يحسب,0,0,$5.00,يوم واحد,0,3,30.0,أيمن ا.,https://khamsat.com/user/aymane8el,True,بائع جديد,5.0,1,100.0%,2,2,15 دقيقة
تصميم,https://khamsat.com/designing,أخرى,https://khamsat.com/designing/3d-design-services,تصميم ثلاثي الأبعاد واقعي لمنتجك الخاص,https://khamsat.com/designing/3d-design-services/3035745-%D8%AA%D8%B5%D9%85%D9%8A%D9%85-%D8%AB%D9%84%D8%A7%D8%AB%D9%8A-%D8%A7%D9%84%D8%A3%D8%A8%D8%B9%D8%A7%D8%AF-%D9%88%D8%A7%D9%82%D8%B9%D9%8A-%D9%84%D9%85%D9%86%D8%AA%D8%AC%D9%83-%D8%A7%D9%84%D8%AE%D8%A7%D8%B5,0.0,0,لم يحسب,0,0,$10.00,ثلاثة أيام,0,2,35.0,.Ahmed R,https://khamsat.com/user/ahmed_r74,True,بائع جديد,0.0,0,لم يحسب بعد,1,0,لم يحسب
تصميم,https://khamsat.com/designing,أخرى,https://khamsat.com/designing/3d-design-services,تصميم منتاجات ثلاثية الابعاد (3D),https://khamsat.com/designing/3d-design-services/2981462-%D8%AA%D8%B5%D9%85%D9%8A%D9%85-%D9%85%D9%86%D8%AA%D8%A7%D8%AC%D8%A7%D8%AA-%D8%AB%D9%84%D8%A7%D8%AB%D9%8A%D8%A9-%D8%A7%D9%84%D8%A7%D8%A8%D8%B9%D8%A7%D8%AF-3d,0.0,0,لم يحسب,0,0,$10.00,يومين,0,5,65.0,.Saleh A,https://khamsat.com/user/saleh_ahmed21,True,بائع جديد,0.0,0,لم يحسب بعد,3,0,لم يحسب
تصميم,https://khamsat.com/designing,أخرى,https://khamsat.com/designing/3d-design-services,تصميم صورتك أو شعارك في علم متحرك,https://khamsat.com/designing/3d-design-services/2797599-%D8%AA%D8%B5%D9%85%D9%8A%D9%85-%D8%B5%D9%88%D8%B1%D8%AA%D9%83-%D8%A3%D9%88-%D8%B4%D8%B9%D8%A7%D8%B1%D9%83-%D9%81%D9%8A-%D8%B9%D9%84%D9%85-%D9%85%D8%AA%D8%AD%D8%B1%D9%83,0.0,0,لم يحسب,0,0,$5.00,يوم واحد,0,3,35.0,أيمن ا.,https://khamsat.com/user/aymn_alaatfy,True,بائع جديد,0.0,0,لم يحسب بعد,4,0,لم يحسب
تصميم,https://khamsat.com/designing,أخرى,https://khamsat.com/designing/3d-design-services,"تصميم مجسمات جاهزة للأستخدام بالألعاب (Unity, Godot, Etc)",https://khamsat.com/designing/3d-design-services/2981479-%D8%AA%D8%B5%D9%85%D9%8A%D9%85-%D9%85%D8%AC%D8%B3%D9%85%D8%A7%D8%AA-%D8%AC%D8%A7%D9%87%D8%B2%D8%A9-%D9%84%D9%84%D8%A3%D8%B3%D8%AA%D8%AE%D8%AF%D8%A7%D9%85-%D8%A8%D8%A7%D9%84%D8%A3%D9%84%D8%B9%D8%A7%D8%A8-unity-godot-etc,0.0,0,لم يحسب,0,0,$10.00,يوم واحد,0,3,75.0,.Saleh A,https://khamsat.com/user/saleh_ahmed21,True,بائع جديد,0.0,0,لم يحسب بعد,3,0,لم يحسب
تصميم,https://khamsat.com/designing,أخرى,https://khamsat.com/designing/3d-design-services,صنع نماذج و منتجات 3d بأسعار قليلة,https://khamsat.com/designing/3d-design-services/2924157-%D8%B5%D9%86%D8%B9-%D9%86%D9%85%D8%A7%D8%B0%D8%AC-%D9%88-%D9%85%D9%86%D8%AA%D8%AC%D8%A7%D8%AA-3d-%D8%A8%D8%A3%D8%B3%D8%B9%D8%A7%D8%B1-%D9%82%D9%84%D9%8A%D9%84%D8%A9,0.0,0,لم يحسب,0,0,$5.00,يومين,0,1,5.0,.Billal B,https://khamsat.com/user/blender_designer,False,بائع جديد,0.0,0,لم يحسب بعد,1,0,لم يحسب
تصميم,https://khamsat.com/designing,أخرى,https://khamsat.com/designing/3d-design-services,"تصميم الاثاث 3D, بمختلف الخامات وصور للمنتج بجوده عاليه",https://khamsat.com/designing/3d-design-services/2950148-%D8%AA%D8%B5%D9%85%D9%8A%D9%85-%D8%A7%D9%84%D8%A7%D8%AB%D8%A7%D8%AB-3d-%D8%A8%D9%85%D8%AE%D8%AA%D9%84%D9%81-%D8%A7%D9%84%D8%AE%D8%A7%D9%85%D8%A7%D8%AA-%D9%88%D8%B5%D9%88%D8%B1-%D9%84%D9%84%D9%85%D9%86%D8%AA%D8%AC-%D8%A8%D8%AC%D9%88%D8%AF%D9%87-%D8%B9%D8%A7%D9%84%D9%8A%D9%87,0.0,0,لم يحسب,0,0,$10.00,أربعة أيام,0,1,5.0,أمير ع.,https://khamsat.com/user/amir887,True,بائع جديد,0.0,0,100.0%,2,1,13 ساعة
تصميم,https://khamsat.com/designing,أخرى,https://khamsat.com/designing/3d-design-services,تصميم صور عالية الجودة باستخدام الذكاء الاصطناعي,https://khamsat.com/designing/3d-design-services/3028718-%D8%AA%D8%B5%D9%85%D9%8A%D9%85-%D8%B5%D9%88%D8%B1-%D8%B9%D8%A7%D9%84%D9%8A%D8%A9-%D8%A7%D9%84%D8%AC%D9%88%D8%AF%D8%A9-%D8%A8%D8%A7%D8%B3%D8%AA%D8%AE%D8%AF%D8%A7%D9%85-%D8%A7%D9%84%D8%B0%D9%83%D8%A7%D8%A1-%D8%A7%D9%84%D8%A7%D8%B5%D8%B7%D9%86%D8%A7%D8%B9%D9%8A,0.0,0,لم يحسب,0,0,$10.00,يوم واحد,0,5,190.0,.Hammam F,https://khamsat.com/user/hammoo_king,False,بائع جديد,0.0,0,لم يحسب بعد,2,0,لم يحسب
تصميم,https://khamsat.com/designing,أخرى,https://khamsat.com/designing/3d-design-services,تصميم رسومات dxf للعمل على ماكنات cnc ليزر,https://khamsat.com/designing/3d-design-services/3020955-%D8%AA%D8%B5%D9%85%D9%8A%D9%85-%D8%B1%D8%B3%D9%88%D9%85%D8%A7%D8%AA-dxf-%D9%84%D9%84%D8%B9%D9%85%D9%84-%D8%B9%D9%84%D9%89-%D9%85%D8%A7%D9%83%D9%86%D8%A7%D8%AA-cnc-%D9%84%D9%8A%D8%B2%D8%B1,0.0,0,لم يحسب,0,0,$5.00,يوم واحد,0,0,0.0,.Bodi M,https://khamsat.com/user/abdelrahmanmohamed_1,False,بائع جديد,0.0,0,لم يحسب بعد,1,0,لم يحسب
تصميم,https://khamsat.com/designing,دعوات زواج,https://khamsat.com/designing/wedding-invitation,تصميم دعوة زواج أحترافية,https://khamsat.com/designing/wedding-invitation/969491-%D8%AA%D8%B5%D9%85%D9%8A%D9%85-%D8%AF%D8%B9%D9%88%D8%A9-%D8%B2%D9%88%D8%A7%D8%AC-%D8%A3%D8%AD%D8%AA%D8%B1%D8%A7%D9%81%D9%8A%D8%A9,4.5,27,ساعتين,41,0,$5.00,يومين,25,5,35.0,.Bader A,https://khamsat.com/user/bader-alhamed,True,مشتري VIP,4.5,88,96.59%,6,122,ساعتين
تصميم,https://khamsat.com/designing,دعوات زواج,https://khamsat.com/designing/wedding-invitation,تصميم دعوات زواج إلكترونية,https://khamsat.com/designing/wedding-invitation/2618601-%D8%AA%D8%B5%D9%85%D9%8A%D9%85-%D8%AF%D8%B9%D9%88%D8%A7%D8%AA-%D8%B2%D9%88%D8%A7%D8%AC-%D8%A5%D9%84%D9%83%D8%AA%D8%B1%D9%88%D9%86%D9%8A%D8%A9,5.0,4,ساعة,5,0,$10.00,يوم واحد,4,3,20.0,براءة ا.,https://khamsat.com/user/baraa_aljaafreh90,True,بائع جديد,5.0,5,100.0%,5,6,ساعتين
تصميم,https://khamsat.com/designing,دعوات زواج,https://khamsat.com/designing/wedding-invitation,تصميم دعوة زفاف مميزة للسوشيال ميديا والطباعة,https://khamsat.com/designing/wedding-invitation/2146006-%D8%AA%D8%B5%D9%85%D9%8A%D9%85-%D8%AF%D8%B9%D9%88%D8%A9-%D8%B2%D9%81%D8%A7%D9%81-%D9%85%D9%85%D9%8A%D8%B2%D8%A9-%D9%84%D9%84%D8%B3%D9%88%D8%B4%D9%8A%D8%A7%D9%84-%D9%85%D9%8A%D8%AF%D9%8A%D8%A7-%D9%88%D8%A7%D9%84%D8%B7%D8%A8%D8%A7%D8%B9%D8%A9,5.0,34,ساعة,48,0,$5.00,يوم واحد,25,4,45.0,عماد ا.,https://khamsat.com/user/emad_alsamou,True,بائع مميز,5.0,42,97.65%,2,57,7 ساعات
تصميم,https://khamsat.com/designing,دعوات زواج,https://khamsat.com/designing/wedding-invitation,تصميم دعوة لأي مناسبة بفيديو مصمم خصيصا لك,https://khamsat.com/designing/wedding-invitation/3053896-%D8%AA%D8%B5%D9%85%D9%8A%D9%85-%D8%AF%D8%B9%D9%88%D8%A9-%D9%84%D8%A3%D9%8A-%D9%85%D9%86%D8%A7%D8%B3%D8%A8%D8%A9-%D8%A8%D9%81%D9%8A%D8%AF%D9%8A%D9%88-%D9%85%D8%B5%D9%85%D9%85-%D8%AE%D8%B5%D9%8A%D8%B5%D8%A7-%D9%84%D9%83,0.0,0,لم يحسب,0,0,$5.00,يوم واحد,0,2,10.0,.Ahmed A,https://khamsat.com/user/assyahmed,True,بائع جديد,0.0,0,لم يحسب بعد,4,0,لم يحسب
تصميم,https://khamsat.com/designing,دعوات زواج,https://khamsat.com/designing/wedding-invitation,تصميم بطاقة تهنئة عيد ميلاد نجاح او اي مناسبة تقدم كهدية,https://khamsat.com/designing/wedding-invitation/3050216-%D8%AA%D8%B5%D9%85%D9%8A%D9%85-%D8%A8%D8%B7%D8%A7%D9%82%D8%A9-%D8%AA%D9%87%D9%86%D8%A6%D8%A9-%D8%B9%D9%8A%D8%AF-%D9%85%D9%8A%D9%84%D8%A7%D8%AF-%D9%86%D8%AC%D8%A7%D8%AD-%D8%A7%D9%88-%D8%A7%D9%8A-%D9%85%D9%86%D8%A7%D8%B3%D8%A8%D8%A9-%D8%AA%D9%82%D8%AF%D9%85-%D9%83%D9%87%D8%AF%D9%8A%D8%A9,0.0,0,لم يحسب,0,0,$10.00,يوم واحد,0,4,20.0,فاطمة الزهراء ف.,https://khamsat.com/user/fatim09a,False,بائع جديد,0.0,0,لم يحسب بعد,2,0,لم يحسب
تصميم,https://khamsat.com/designing,دعوات زواج,https://khamsat.com/designing/wedding-invitation,تصميم دعوات زفاف مميزة تزيد من جمالية المناسبة,https://khamsat.com/designing/wedding-invitation/3042741-%D8%AA%D8%B5%D9%85%D9%8A%D9%85-%D8%AF%D8%B9%D9%88%D8%A7%D8%AA-%D8%B2%D9%81%D8%A7%D9%81-%D9%85%D9%85%D9%8A%D8%B2%D8%A9-%D8%AA%D8%B2%D9%8A%D8%AF-%D9%85%D9%86-%D8%AC%D9%85%D8%A7%D9%84%D9%8A%D8%A9-%D8%A7%D9%84%D9%85%D9%86%D8%A7%D8%B3%D8%A8%D8%A9,0.0,0,لم يحسب,0,0,$5.00,يوم واحد,0,0,0.0,عبد الله خ.,https://khamsat.com/user/khallouf1,False,بائع جديد,0.0,0,لم يحسب بعد,3,0,لم يحسب
تصميم,https://khamsat.com/designing,دعوات زواج,https://khamsat.com/designing/wedding-invitation,تصميم دعوة زواج احترافية,https://khamsat.com/designing/wedding-invitation/3050877-%D8%AA%D8%B5%D9%85%D9%8A%D9%85-%D8%AF%D8%B9%D9%88%D8%A9-%D8%B2%D9%88%D8%A7%D8%AC-%D8%A7%D8%AD%D8%AA%D8%B1%D8%A7%D9%81%D9%8A%D8%A9,0.0,0,لم يحسب,0,0,$5.00,يوم واحد,0,5,25.0,.Fatima S,https://khamsat.com/user/fatemasabora,True,بائع جديد,0.0,0,لم يحسب بعد,5,0,لم يحسب
تصميم,https://khamsat.com/designing,دعوات زواج,https://khamsat.com/designing/wedding-invitation,تصميمات فريدة للخطوبة والزفاف,https://khamsat.com/designing/wedding-invitation/3031111-%D8%AA%D8%B5%D9%85%D9%8A%D9%85%D8%A7%D8%AA-%D9%81%D8%B1%D9%8A%D8%AF%D8%A9-%D9%84%D9%84%D8%AE%D8%B7%D9%88%D8%A8%D8%A9-%D9%88%D8%A7%D9%84%D8%B2%D9%81%D8%A7%D9%81,0.0,0,لم يحسب,0,0,$5.00,يوم واحد,0,1,10.0,منى ب.,https://khamsat.com/user/mona_b2000,True,بائع جديد,0.0,0,لم يحسب بعد,4,0,لم يحسب
تصميم,https://khamsat.com/designing,دعوات زواج,https://khamsat.com/designing/wedding-invitation,تصميم دعوات زفاف Invetation,https://khamsat.com/designing/wedding-invitation/2879794-%D8%AA%D8%B5%D9%85%D9%8A%D9%85-%D8%AF%D8%B9%D9%88%D8%A7%D8%AA-%D8%B2%D9%81%D8%A7%D9%81-invetation,0.0,0,لم يحسب,0,0,$5.00,يوم واحد,0,1,10.0,.Kristen M,https://khamsat.com/user/kristen_medhat,True,بائع جديد,0.0,0,لم يحسب بعد,2,0,لم يحسب
تصميم,https://khamsat.com/designing,دعوات زواج,https://khamsat.com/designing/wedding-invitation,تصميم دعوة مميزة لحفل زفافك,https://khamsat.com/designing/wedding-invitation/2918417-%D8%AA%D8%B5%D9%85%D9%8A%D9%85-%D8%AF%D8%B9%D9%88%D8%A9-%D9%85%D9%85%D9%8A%D8%B2%D8%A9-%D9%84%D8%AD%D9%81%D9%84-%D8%B2%D9%81%D8%A7%D9%81%D9%83,0.0,0,لم يحسب,0,0,$5.00,يوم واحد,0,0,0.0,.Khadidja M,https://khamsat.com/user/khadidja_2003,False,بائع جديد,0.0,0,لم يحسب بعد,1,0,لم يحسب
تصميم,https://khamsat.com/designing,دعوات زواج,https://khamsat.com/designing/wedding-invitation,تصميم دعوات أكترونية وبطاقات تهنئه بالمناسبات كاتهنئةمولود,https://khamsat.com/designing/wedding-invitation/3053600-%D8%AA%D8%B5%D9%85%D9%8A%D9%85-%D8%AF%D8%B9%D9%88%D8%A7%D8%AA-%D8%A3%D9%83%D8%AA%D8%B1%D9%88%D9%86%D9%8A%D8%A9-%D9%88%D8%A8%D8%B7%D8%A7%D9%82%D8%A7%D8%AA-%D8%AA%D9%87%D9%86%D8%A6%D9%87-%D8%A8%D8%A7%D9%84%D9%85%D9%86%D8%A7%D8%B3%D8%A8%D8%A7%D8%AA-%D9%83%D8%A7%D8%AA%D9%87%D9%86%D8%A6%D8%A9%D9%85%D9%88%D9%84%D9%88%D8%AF,0.0,0,لم يحسب,0,0,$5.00,يومين,0,0,0.0,.Arwa B,https://khamsat.com/user/arwa1410binafif,False,بائع جديد,0.0,0,لم يحسب بعد,1,0,لم يحسب
تصميم,https://khamsat.com/designing,دعوات زواج,https://khamsat.com/designing/wedding-invitation,"أضف لمسة إبداعية لمناسباتك"" تصميم دعوات إلكترونية مميزة",https://khamsat.com/designing/wedding-invitation/3036790-%D8%A3%D8%B6%D9%81-%D9%84%D9%85%D8%B3%D8%A9-%D8%A5%D8%A8%D8%AF%D8%A7%D8%B9%D9%8A%D8%A9-%D9%84%D9%85%D9%86%D8%A7%D8%B3%D8%A8%D8%A7%D8%AA%D9%83-%D8%AA%D8%B5%D9%85%D9%8A%D9%85-%D8%AF%D8%B9%D9%88%D8%A7%D8%AA-%D8%A5%D9%84%D9%83%D8%AA%D8%B1%D9%88%D9%86%D9%8A%D8%A9-%D9%85%D9%85%D9%8A%D8%B2%D8%A9,0.0,0,لم يحسب,0,0,$5.00,يوم واحد,0,0,0.0,.Salsabail W,https://khamsat.com/user/salsabail_walid,False,بائع جديد,0.0,0,لم يحسب بعد,1,0,لم يحسب
تصميم,https://khamsat.com/designing,دعوات زواج,https://khamsat.com/designing/wedding-invitation,تصميم بطاقات الزفاف بجودة عالية,https://khamsat.com/designing/wedding-invitation/2957593-%D8%AA%D8%B5%D9%85%D9%8A%D9%85-%D8%A8%D8%B7%D8%A7%D9%82%D8%A7%D8%AA-%D8%A7%D9%84%D8%B2%D9%81%D8%A7%D9%81-%D8%A8%D8%AC%D9%88%D8%AF%D8%A9-%D8%B9%D8%A7%D9%84%D9%8A%D8%A9,0.0,0,لم يحسب,0,0,$5.00,يوم واحد,0,0,0.0,.Saliha Z,https://khamsat.com/user/ahilaszh,True,بائع جديد,0.0,0,لم يحسب بعد,1,0,لم يحسب
تصميم,https://khamsat.com/designing,دعوات زواج,https://khamsat.com/designing/wedding-invitation,تصميم دعوات للمناسبات المميزة,https://khamsat.com/designing/wedding-invitation/3035186-%D8%AA%D8%B5%D9%85%D9%8A%D9%85-%D8%AF%D8%B9%D9%88%D8%A7%D8%AA-%D9%84%D9%84%D9%85%D9%86%D8%A7%D8%B3%D8%A8%D8%A7%D8%AA-%D8%A7%D9%84%D9%85%D9%85%D9%8A%D8%B2%D8%A9,0.0,0,لم يحسب,0,0,$5.00,يوم واحد,0,4,60.0,حاتم ف.,https://khamsat.com/user/hatem_alfareed,True,بائع جديد,0.0,0,لم يحسب بعد,2,0,لم يحسب
تصميم,https://khamsat.com/designing,دعوات زواج,https://khamsat.com/designing/wedding-invitation,تصميم دعوة زفاف وخطوبة وكل المناسبات,https://khamsat.com/designing/wedding-invitation/3009823-%D8%AA%D8%B5%D9%85%D9%8A%D9%85-%D8%AF%D8%B9%D9%88%D8%A9-%D8%B2%D9%81%D8%A7%D9%81-%D9%88%D8%AE%D8%B7%D9%88%D8%A8%D8%A9-%D9%88%D9%83%D9%84-%D8%A7%D9%84%D9%85%D9%86%D8%A7%D8%B3%D8%A8%D8%A7%D8%AA,0.0,0,لم يحسب,0,0,$5.00,يوم واحد,0,1,5.0,.Alaa M,https://khamsat.com/user/alaamohammed_1,False,بائع جديد,0.0,0,لم يحسب بعد,4,0,لم يحسب
تصميم,https://khamsat.com/designing,دعوات زواج,https://khamsat.com/designing/wedding-invitation,تصميم دعوات زواج بطريقه رائعه واحترافيه,https://khamsat.com/designing/wedding-invitation/2807905-%D8%AA%D8%B5%D9%85%D9%8A%D9%85-%D8%AF%D8%B9%D9%88%D8%A7%D8%AA-%D8%B2%D9%88%D8%A7%D8%AC-%D8%A8%D8%B7%D8%B1%D9%8A%D9%82%D9%87-%D8%B1%D8%A7%D8%A6%D8%B9%D9%87-%D9%88%D8%A7%D8%AD%D8%AA%D8%B1%D8%A7%D9%81%D9%8A%D9%87,0.0,0,لم يحسب,0,0,$5.00,يوم واحد,0,0,0.0,هبه الله ع.,https://khamsat.com/user/hebaasar20,True,بائع جديد,5.0,1,100.0%,2,1,4 ساعات
تصميم,https://khamsat.com/designing,دعوات زواج,https://khamsat.com/designing/wedding-invitation,تصميم بطاقة دعوة زفاف و بطاقة التهنئة,https://khamsat.com/designing/wedding-invitation/2082564-%D8%AA%D8%B5%D9%85%D9%8A%D9%85-%D8%A8%D8%B7%D8%A7%D9%82%D8%A9-%D8%AF%D8%B9%D9%88%D8%A9-%D8%B2%D9%81%D8%A7%D9%81-%D9%88-%D8%A8%D8%B7%D8%A7%D9%82%D8%A9-%D8%A7%D9%84%D8%AA%D9%87%D9%86%D8%A6%D8%A9,0.0,0,لم يحسب,0,0,$5.00,يوم واحد,0,0,0.0,.Meryam Z,https://khamsat.com/user/zahidmeryem733,False,بائع جديد,0.0,0,لم يحسب بعد,3,0,لم يحسب
تصميم,https://khamsat.com/designing,دعوات زواج,https://khamsat.com/designing/wedding-invitation,تصميم دعوات زفاف وحفلات خطوبة السوشيال ميديا,https://khamsat.com/designing/wedding-invitation/2714964-%D8%AA%D8%B5%D9%85%D9%8A%D9%85-%D8%AF%D8%B9%D9%88%D8%A7%D8%AA-%D8%B2%D9%81%D8%A7%D9%81-%D9%88%D8%AD%D9%81%D9%84%D8%A7%D8%AA-%D8%AE%D8%B7%D9%88%D8%A8%D8%A9-%D8%A7%D9%84%D8%B3%D9%88%D8%B4%D9%8A%D8%A7%D9%84-%D9%85%D9%8A%D8%AF%D9%8A%D8%A7,0.0,0,لم يحسب,0,0,$5.00,يوم واحد,0,0,0.0,.Enas M,https://khamsat.com/user/enas_mohamed_a,True,بائع جديد,5.0,1,100.0%,4,1,13 دقيقة
تصميم,https://khamsat.com/designing,دعوات زواج,https://khamsat.com/designing/wedding-invitation,تصميم دعوة زواج بقوالب متعددة,https://khamsat.com/designing/wedding-invitation/3029789-%D8%AA%D8%B5%D9%85%D9%8A%D9%85-%D8%AF%D8%B9%D9%88%D8%A9-%D8%B2%D9%88%D8%A7%D8%AC-%D8%A8%D9%82%D9%88%D8%A7%D9%84%D8%A8-%D9%85%D8%AA%D8%B9%D8%AF%D8%AF%D8%A9,0.0,0,لم يحسب,0,0,$5.00,يوم واحد,0,4,20.0,متعب ا.,https://khamsat.com/user/muteb96,True,مشتري جديد,0.0,0,لم يحسب بعد,1,0,11 دقيقة
تصميم,https://khamsat.com/designing,دعوات زواج,https://khamsat.com/designing/wedding-invitation,تصميم كولاج لصور الزفاف والكابلز - جاهز للطباعة والتعليق,https://khamsat.com/designing/wedding-invitation/2872546-%D8%AA%D8%B5%D9%85%D9%8A%D9%85-%D9%83%D9%88%D9%84%D8%A7%D8%AC-%D9%84%D8%B5%D9%88%D8%B1-%D8%A7%D9%84%D8%B2%D9%81%D8%A7%D9%81-%D9%88%D8%A7%D9%84%D9%83%D8%A7%D8%A8%D9%84%D8%B2-%D8%AC%D8%A7%D9%87%D8%B2-%D9%84%D9%84%D8%B7%D8%A8%D8%A7%D8%B9%D8%A9-%D9%88%D8%A7%D9%84%D8%AA%D8%B9%D9%84%D9%8A%D9%82,0.0,0,لم يحسب,0,0,$5.00,يوم واحد,0,1,5.0,.Mohamed M,https://khamsat.com/user/mohamed_m_shoukry,True,بائع جديد,0.0,0,لم يحسب بعد,3,0,لم يحسب
تصميم,https://khamsat.com/designing,دعوات زواج,https://khamsat.com/designing/wedding-invitation,تصميم بطاقات تهنئة زواج - حفل تخرج - تهنئة بمولود مميزه,https://khamsat.com/designing/wedding-invitation/2970383-%D8%AA%D8%B5%D9%85%D9%8A%D9%85-%D8%A8%D8%B7%D8%A7%D9%82%D8%A7%D8%AA-%D8%AA%D9%87%D9%86%D8%A6%D8%A9-%D8%B2%D9%88%D8%A7%D8%AC-%D8%AD%D9%81%D9%84-%D8%AA%D8%AE%D8%B1%D8%AC-%D8%AA%D9%87%D9%86%D8%A6%D8%A9-%D8%A8%D9%85%D9%88%D9%84%D9%88%D8%AF-%D9%85%D9%85%D9%8A%D8%B2%D9%87,0.0,0,لم يحسب,0,0,$5.00,يوم واحد,0,3,30.0,مالك ا.,https://khamsat.com/user/malek7728,True,بائع جديد,0.0,0,لم يحسب بعد,4,0,لم يحسب
تصميم,https://khamsat.com/designing,دعوات زواج,https://khamsat.com/designing/wedding-invitation,تصميم بطاقات عيد ميلاد، زفاف،تهانى.,https://khamsat.com/designing/wedding-invitation/3006206-%D8%AA%D8%B5%D9%85%D9%8A%D9%85-%D8%A8%D8%B7%D8%A7%D9%82%D8%A7%D8%AA-%D8%B9%D9%8A%D8%AF-%D9%85%D9%8A%D9%84%D8%A7%D8%AF-%D8%B2%D9%81%D8%A7%D9%81%D8%AA%D9%87%D8%A7%D9%86%D9%89,0.0,0,لم يحسب,0,0,$5.00,يوم واحد,0,0,0.0,.Aaa A,https://khamsat.com/user/mariamhasen1234,False,بائع جديد,0.0,0,لم يحسب بعد,5,0,لم يحسب
تصميم,https://khamsat.com/designing,دعوات زواج,https://khamsat.com/designing/wedding-invitation,تصميم دعوات زواج مذهلة للسوشيال ميديا والطباعة,https://khamsat.com/designing/wedding-invitation/2921106-%D8%AA%D8%B5%D9%85%D9%8A%D9%85-%D8%AF%D8%B9%D9%88%D8%A7%D8%AA-%D8%B2%D9%88%D8%A7%D8%AC-%D9%85%D8%B0%D9%87%D9%84%D8%A9-%D9%84%D9%84%D8%B3%D9%88%D8%B4%D9%8A%D8%A7%D9%84-%D9%85%D9%8A%D8%AF%D9%8A%D8%A7-%D9%88%D8%A7%D9%84%D8%B7%D8%A8%D8%A7%D8%B9%D8%A9,0.0,0,لم يحسب,0,0,$5.00,يوم واحد,0,4,40.0,شكير ب.,https://khamsat.com/user/chakir1994,True,بائع جديد,5.0,3,100.0%,3,2,ساعتين
تصميم,https://khamsat.com/designing,دعوات زواج,https://khamsat.com/designing/wedding-invitation,تصميم دعوات لمختلف المناسبات,https://khamsat.com/designing/wedding-invitation/2935884-%D8%AA%D8%B5%D9%85%D9%8A%D9%85-%D8%AF%D8%B9%D9%88%D8%A7%D8%AA-%D9%84%D9%85%D8%AE%D8%AA%D9%84%D9%81-%D8%A7%D9%84%D9%85%D9%86%D8%A7%D8%B3%D8%A8%D8%A7%D8%AA,0.0,0,لم يحسب,0,0,$10.00,يوم واحد,0,2,20.0,.Wajed A,https://khamsat.com/user/wajd_kh,True,بائع جديد,0.0,0,لم يحسب بعد,2,0,لم يحسب
تصميم,https://khamsat.com/designing,دعوات زواج,https://khamsat.com/designing/wedding-invitation,تصميم دعوات زفاف وزواج وحفلات,https://khamsat.com/designing/wedding-invitation/3028642-%D8%AA%D8%B5%D9%85%D9%8A%D9%85-%D8%AF%D8%B9%D9%88%D8%A7%D8%AA-%D8%B2%D9%81%D8%A7%D9%81-%D9%88%D8%B2%D9%88%D8%A7%D8%AC-%D9%88%D8%AD%D9%81%D9%84%D8%A7%D8%AA,0.0,0,لم يحسب,0,0,$5.00,يوم واحد,0,1,10.0,.Youmna N,https://khamsat.com/user/youmna_nasser_ahmed,True,بائع جديد,0.0,0,لم يحسب بعد,2,0,لم يحسب
تصميم,https://khamsat.com/designing,دعوات زواج,https://khamsat.com/designing/wedding-invitation,تصميم دعوات إلكترونية زفات تخرج وبشارة مواليد حسب الطلب .,https://khamsat.com/designing/wedding-invitation/2986858-%D8%AA%D8%B5%D9%85%D9%8A%D9%85-%D8%AF%D8%B9%D9%88%D8%A7%D8%AA-%D8%A5%D9%84%D9%83%D8%AA%D8%B1%D9%88%D9%86%D9%8A%D8%A9-%D8%B2%D9%81%D8%A7%D8%AA-%D8%AA%D8%AE%D8%B1%D8%AC-%D9%88%D8%A8%D8%B4%D8%A7%D8%B1%D8%A9-%D9%85%D9%88%D8%A7%D9%84%D9%8A%D8%AF-%D8%AD%D8%B3%D8%A8-%D8%A7%D9%84%D8%B7%D9%84%D8%A8-,0.0,0,لم يحسب,0,0,$10.00,ثلاثة أيام,0,2,20.0,مريم ا.,https://khamsat.com/user/qad_q75_t7,False,بائع جديد,0.0,0,لم يحسب بعد,1,0,لم يحسب
تصميم,https://khamsat.com/designing,دعوات زواج,https://khamsat.com/designing/wedding-invitation,تصميم كارت دعوة مناسبات وكروت عمل,https://khamsat.com/designing/wedding-invitation/2991442-%D8%AA%D8%B5%D9%85%D9%8A%D9%85-%D9%83%D8%A7%D8%B1%D8%AA-%D8%AF%D8%B9%D9%88%D8%A9-%D9%85%D9%86%D8%A7%D8%B3%D8%A8%D8%A7%D8%AA-%D9%88%D9%83%D8%B1%D9%88%D8%AA-%D8%B9%D9%85%D9%84,0.0,0,لم يحسب,0,0,$5.00,يوم واحد,0,0,0.0,عبدالرحمن ع.,https://khamsat.com/user/%D8%B9%D8%A8%D8%AF%D8%A7%D9%84%D8%B1%D8%AD%D9%85%D9%86-%D8%B9%D8%A7%D9%85%D8%B1-%D9%85%D8%AD%D9%85%D8%AF,True,بائع نشيط,5.0,8,91.67%,3,14,ساعتين
تصميم,https://khamsat.com/designing,دعوات زواج,https://khamsat.com/designing/wedding-invitation,تصميم دعوات الزفاف ودعوات الخطوبة واعياد الميلاد,https://khamsat.com/designing/wedding-invitation/3014666-%D8%AA%D8%B5%D9%85%D9%8A%D9%85-%D8%AF%D8%B9%D9%88%D8%A7%D8%AA-%D8%A7%D9%84%D8%B2%D9%81%D8%A7%D9%81-%D9%88%D8%AF%D8%B9%D9%88%D8%A7%D8%AA-%D8%A7%D9%84%D8%AE%D8%B7%D9%88%D8%A8%D8%A9-%D9%88%D8%A7%D8%B9%D9%8A%D8%A7%D8%AF-%D8%A7%D9%84%D9%85%D9%8A%D9%84%D8%A7%D8%AF,0.0,0,لم يحسب,0,0,$5.00,يوم واحد,0,2,10.0,.Noha T,https://khamsat.com/user/nohatarek895,True,بائع جديد,0.0,0,لم يحسب بعد,5,0,لم يحسب
تصميم,https://khamsat.com/designing,دعوات زواج,https://khamsat.com/designing/wedding-invitation,انشاء بطاقات دعوة زفاف او مناسبات اخرى,https://khamsat.com/designing/wedding-invitation/2664331-%D8%A7%D9%86%D8%B4%D8%A7%D8%A1-%D8%A8%D8%B7%D8%A7%D9%82%D8%A7%D8%AA-%D8%AF%D8%B9%D9%88%D8%A9-%D8%B2%D9%81%D8%A7%D9%81-%D8%A7%D9%88-%D9%85%D9%86%D8%A7%D8%B3%D8%A8%D8%A7%D8%AA-%D8%A7%D8%AE%D8%B1%D9%89,0.0,0,لم يحسب,0,0,$10.00,ثلاثة أيام,0,1,20.0,نورا ر.,https://khamsat.com/user/noura_rafea,True,بائع نشيط,4.0,7,70.0%,4,8,40 دقيقة
تصميم,https://khamsat.com/designing,دعوات زواج,https://khamsat.com/designing/wedding-invitation,تصميم دعوات الزواج حسب الطلب,https://khamsat.com/designing/wedding-invitation/3028347-%D8%AA%D8%B5%D9%85%D9%8A%D9%85-%D8%AF%D8%B9%D9%88%D8%A7%D8%AA-%D8%A7%D9%84%D8%B2%D9%88%D8%A7%D8%AC-%D8%AD%D8%B3%D8%A8-%D8%A7%D9%84%D8%B7%D9%84%D8%A8,0.0,0,لم يحسب,0,0,$5.00,يوم واحد,0,0,0.0,.Yasser B,https://khamsat.com/user/maramben2008,False,بائع جديد,0.0,0,لم يحسب بعد,5,0,لم يحسب
تصميم,https://khamsat.com/designing,أعياد ومناسبات,https://khamsat.com/designing/feasts-designs,تصميم اليوم الوطني السعودي 93 (1445 - 2023),https://khamsat.com/designing/feasts-designs/2711250-%D8%AA%D8%B5%D9%85%D9%8A%D9%85-%D8%A7%D9%84%D9%8A%D9%88%D9%85-%D8%A7%D9%84%D9%88%D8%B7%D9%86%D9%8A-%D8%A7%D9%84%D8%B3%D8%B9%D9%88%D8%AF%D9%8A-93-1445-2023,4.5,4,ساعتين,7,0,$10.00,يومين,4,3,35.0,.Moustafa M,https://khamsat.com/user/mostafamahbob,True,بائع مميز,4.5,23,91.38%,5,30,يومين
تصميم,https://khamsat.com/designing,أعياد ومناسبات,https://khamsat.com/designing/feasts-designs,تصميم تهنئة بقدوم شهر رمضان المبارك,https://khamsat.com/designing/feasts-designs/1345365-%D8%AA%D8%B5%D9%85%D9%8A%D9%85-%D8%AA%D9%87%D9%86%D8%A6%D8%A9-%D8%A8%D9%82%D8%AF%D9%88%D9%85-%D8%B4%D9%87%D8%B1-%D8%B1%D9%85%D8%B6%D8%A7%D9%86-%D8%A7%D9%84%D9%85%D8%A8%D8%A7%D8%B1%D9%83,5.0,18,ساعتين,32,0,$5.00,يومين,18,4,35.0,محمد حسن ا.,https://khamsat.com/user/mhd_hasan_alshaar,True,بائع مميز,5.0,18,98.21%,1,32,ساعتين
تصميم,https://khamsat.com/designing,أعياد ومناسبات,https://khamsat.com/designing/feasts-designs,تصميم بطاقة معايدة لجميع المناسبات والأعياد والاحتفاليات,https://khamsat.com/designing/feasts-designs/2063116-%D8%AA%D8%B5%D9%85%D9%8A%D9%85-%D8%A8%D8%B7%D8%A7%D9%82%D8%A9-%D9%85%D8%B9%D8%A7%D9%8A%D8%AF%D8%A9-%D9%84%D8%AC%D9%85%D9%8A%D8%B9-%D8%A7%D9%84%D9%85%D9%86%D8%A7%D8%B3%D8%A8%D8%A7%D8%AA-%D9%88%D8%A7%D9%84%D8%A3%D8%B9%D9%8A%D8%A7%D8%AF-%D9%88%D8%A7%D9%84%D8%A7%D8%AD%D8%AA%D9%81%D8%A7%D9%84%D9%8A%D8%A7%D8%AA,5.0,8,3 دقائق,12,0,$30.00,أسبوع,8,5,120.0,.Fathi G,https://khamsat.com/user/vianto,True,بائع موثوق,4.5,224,98.01%,28,142,6 ساعات
تصميم,https://khamsat.com/designing,أعياد ومناسبات,https://khamsat.com/designing/feasts-designs,تصميم قوالب مناسبات معايدة-دعوة- مباركة-تهنئة,https://khamsat.com/designing/feasts-designs/2886095-%D8%AA%D8%B5%D9%85%D9%8A%D9%85-%D9%82%D9%88%D8%A7%D9%84%D8%A8-%D9%85%D9%86%D8%A7%D8%B3%D8%A8%D8%A7%D8%AA-%D9%85%D8%B9%D8%A7%D9%8A%D8%AF%D8%A9-%D8%AF%D8%B9%D9%88%D8%A9-%D9%85%D8%A8%D8%A7%D8%B1%D9%83%D8%A9-%D8%AA%D9%87%D9%86%D8%A6%D8%A9,5.0,3,يوم,3,0,$5.00,يوم واحد,3,5,125.0,.Enas A,https://khamsat.com/user/inas_ali1,True,بائع نشيط,5.0,14,82.93%,10,19,يوم
تصميم,https://khamsat.com/designing,أعياد ومناسبات,https://khamsat.com/designing/feasts-designs,تصميم بطاقة تهنئة العيد حصرية لهذه السنة (مع امكانية اتحريك),https://khamsat.com/designing/feasts-designs/2881313-%D8%AA%D8%B5%D9%85%D9%8A%D9%85-%D8%A8%D8%B7%D8%A7%D9%82%D8%A9-%D8%AA%D9%87%D9%86%D8%A6%D8%A9-%D8%A7%D9%84%D8%B9%D9%8A%D8%AF-%D8%AD%D8%B5%D8%B1%D9%8A%D8%A9-%D9%84%D9%87%D8%B0%D9%87-%D8%A7%D9%84%D8%B3%D9%86%D8%A9-%D9%85%D8%B9-%D8%A7%D9%85%D9%83%D8%A7%D9%86%D9%8A%D8%A9-%D8%A7%D8%AA%D8%AD%D8%B1%D9%8A%D9%83,5.0,3,ساعة,5,0,$5.00,يوم واحد,3,4,25.0,.Mohammed E,https://khamsat.com/user/medelayati,True,بائع مميز,5.0,34,100.0%,4,35,ساعة
تصميم,https://khamsat.com/designing,أعياد ومناسبات,https://khamsat.com/designing/feasts-designs,تهنئة بمناسبة الأعياد بشكل احترافي,https://khamsat.com/designing/feasts-designs/2170243-%D8%AA%D9%87%D9%86%D8%A6%D8%A9-%D8%A8%D9%85%D9%86%D8%A7%D8%B3%D8%A8%D8%A9-%D8%A7%D9%84%D8%A3%D8%B9%D9%8A%D8%A7%D8%AF-%D8%A8%D8%B4%D9%83%D9%84-%D8%A7%D8%AD%D8%AA%D8%B1%D8%A7%D9%81%D9%8A,5.0,2,يوم,4,0,$5.00,يوم واحد,2,1,5.0,محمد ا.,https://khamsat.com/user/abu_nehad,True,بائع نشيط,5.0,8,100.0%,4,9,9 ساعات
تصميم,https://khamsat.com/designing,أعياد ومناسبات,https://khamsat.com/designing/feasts-designs,"بمناسبة العام الجديد ,, تقويمك السنوي بـ 5$",https://khamsat.com/designing/feasts-designs/276841-%D8%A8%D9%85%D9%86%D8%A7%D8%B3%D8%A8%D8%A9-%D8%A7%D9%84%D8%B9%D8%A7%D9%85-%D8%A7%D9%84%D8%AC%D8%AF%D9%8A%D8%AF-%D8%AA%D9%82%D9%88%D9%8A%D9%85%D9%83-%D8%A7%D9%84%D8%B3%D9%86%D9%88%D9%8A-%D8%A8%D9%80-5,5.0,10,4 أيام,17,0,$5.00,أربعة أيام,10,5,90.0,.Mahmoud H,https://khamsat.com/user/designer-kenan,True,بائع مميز,5.0,43,90.27%,3,63,21 ساعة
تصميم,https://khamsat.com/designing,أعياد ومناسبات,https://khamsat.com/designing/feasts-designs,تصميم بطاقة تهنئة,https://khamsat.com/designing/feasts-designs/893632-%D8%AA%D8%B5%D9%85%D9%8A%D9%85-%D8%A8%D8%B7%D8%A7%D9%82%D8%A9-%D8%AA%D9%87%D9%86%D8%A6%D8%A9,5.0,15,17 ساعة,18,0,$5.00,يوم واحد,15,4,40.0,.Rawan R,https://khamsat.com/user/rawanhasan,True,بائع مميز,5.0,63,92.31%,6,71,14 ساعة
تصميم,https://khamsat.com/designing,أعياد ومناسبات,https://khamsat.com/designing/feasts-designs,تصميم بطاقات معايدة تهنئة مباركة كرت دعوة لجميع المناسبات,https://khamsat.com/designing/feasts-designs/2539593-%D8%AA%D8%B5%D9%85%D9%8A%D9%85-%D8%A8%D8%B7%D8%A7%D9%82%D8%A7%D8%AA-%D9%85%D8%B9%D8%A7%D9%8A%D8%AF%D8%A9-%D8%AA%D9%87%D9%86%D8%A6%D8%A9-%D9%85%D8%A8%D8%A7%D8%B1%D9%83%D8%A9-%D9%83%D8%B1%D8%AA-%D8%AF%D8%B9%D9%88%D8%A9-%D9%84%D8%AC%D9%85%D9%8A%D8%B9-%D8%A7%D9%84%D9%85%D9%86%D8%A7%D8%B3%D8%A8%D8%A7%D8%AA,5.0,3,48 دقيقة,5,0,$10.00,يومين,3,0,0.0,.Media H,https://khamsat.com/user/medo_hussien,True,بائع مميز,4.5,215,93.14%,5,205,ساعتين
تصميم,https://khamsat.com/designing,أعياد ومناسبات,https://khamsat.com/designing/feasts-designs,خدمة تصميم متكاملة لليوم الوطني السعودي 2024,https://khamsat.com/designing/feasts-designs/3001560-%D8%AE%D8%AF%D9%85%D8%A9-%D8%AA%D8%B5%D9%85%D9%8A%D9%85-%D9%85%D8%AA%D9%83%D8%A7%D9%85%D9%84%D8%A9-%D9%84%D9%84%D9%8A%D9%88%D9%85-%D8%A7%D9%84%D9%88%D8%B7%D9%86%D9%8A-%D8%A7%D9%84%D8%B3%D8%B9%D9%88%D8%AF%D9%8A-2024,5.0,1,ساعة,1,0,$10.00,يومين,1,3,35.0,.Moustafa M,https://khamsat.com/user/mostafamahbob,True,بائع مميز,4.5,23,91.38%,5,30,يومين
تصميم,https://khamsat.com/designing,أعياد ومناسبات,https://khamsat.com/designing/feasts-designs,تصميم بطاقة تهنئة لعيد الأضحى المبارك,https://khamsat.com/designing/feasts-designs/2178379-%D8%AA%D8%B5%D9%85%D9%8A%D9%85-%D8%A8%D8%B7%D8%A7%D9%82%D8%A9-%D8%AA%D9%87%D9%86%D8%A6%D8%A9-%D9%84%D8%B9%D9%8A%D8%AF-%D8%A7%D9%84%D8%A3%D8%B6%D8%AD%D9%89-%D8%A7%D9%84%D9%85%D8%A8%D8%A7%D8%B1%D9%83,5.0,2,7 ساعات,3,0,$10.00,يوم واحد,2,0,0.0,بسمة ص.,https://khamsat.com/user/basmasalah12,True,بائع جديد,5.0,4,90.0%,3,5,6 ساعات
تصميم,https://khamsat.com/designing,أعياد ومناسبات,https://khamsat.com/designing/feasts-designs,تصميم تهنئة لعيد الفطر المبارك,https://khamsat.com/designing/feasts-designs/2537061-%D8%AA%D8%B5%D9%85%D9%8A%D9%85-%D8%AA%D9%87%D9%86%D8%A6%D8%A9-%D9%84%D8%B9%D9%8A%D8%AF-%D8%A7%D9%84%D9%81%D8%B7%D8%B1-%D8%A7%D9%84%D9%85%D8%A8%D8%A7%D8%B1%D9%83,4.5,3,ساعة,4,0,$5.00,يوم واحد,3,1,5.0,.Omar S,https://khamsat.com/user/omarsalahnafea,True,بائع جديد,4.5,3,71.43%,5,4,ساعة
تصميم,https://khamsat.com/designing,أعياد ومناسبات,https://khamsat.com/designing/feasts-designs,تصميم تهنئة عيد الفطر,https://khamsat.com/designing/feasts-designs/2878818-%D8%AA%D8%B5%D9%85%D9%8A%D9%85-%D8%AA%D9%87%D9%86%D8%A6%D8%A9-%D8%B9%D9%8A%D8%AF-%D8%A7%D9%84%D9%81%D8%B7%D8%B1,5.0,3,6 دقائق,4,0,$5.00,يوم واحد,3,3,50.0,.Mario F,https://khamsat.com/user/mario1235,True,بائع جديد,5.0,4,100.0%,4,5,7 دقائق
تصميم,https://khamsat.com/designing,أعياد ومناسبات,https://khamsat.com/designing/feasts-designs,معايدة للمناسبات مميزة لمشروعك بشكل احترافى 2 معايدة,https://khamsat.com/designing/feasts-designs/887916-%D9%85%D8%B9%D8%A7%D9%8A%D8%AF%D8%A9-%D9%84%D9%84%D9%85%D9%86%D8%A7%D8%B3%D8%A8%D8%A7%D8%AA-%D9%85%D9%85%D9%8A%D8%B2%D8%A9-%D9%84%D9%85%D8%B4%D8%B1%D9%88%D8%B9%D9%83-%D8%A8%D8%B4%D9%83%D9%84-%D8%A7%D8%AD%D8%AA%D8%B1%D8%A7%D9%81%D9%89-2-%D9%85%D8%B9%D8%A7%D9%8A%D8%AF%D8%A9,5.0,3,11 ساعة,7,0,$5.00,ثلاثة أيام,3,1,5.0,مي س.,https://khamsat.com/user/%D9%85%D9%89-%D8%B9%D8%A7%D8%AF%D9%84-%D8%B3%D8%B9%D8%AF,True,بائع مميز,5.0,167,89.55%,3,195,18 ساعة
تصميم,https://khamsat.com/designing,أعياد ومناسبات,https://khamsat.com/designing/feasts-designs,تصميم تهنئة لـ: عيد الأضحى؛ عيد الفطر؛ رمضان,https://khamsat.com/designing/feasts-designs/1810368-%D8%AA%D8%B5%D9%85%D9%8A%D9%85-%D8%AA%D9%87%D9%86%D8%A6%D8%A9-%D9%84%D9%80-%D8%B9%D9%8A%D8%AF-%D8%A7%D9%84%D8%A3%D8%B6%D8%AD%D9%89-%D8%B9%D9%8A%D8%AF-%D8%A7%D9%84%D9%81%D8%B7%D8%B1-%D8%B1%D9%85%D8%B6%D8%A7%D9%86,5.0,6,24 دقيقة,7,0,$5.00,يوم واحد,6,0,0.0,سفيان ب.,https://khamsat.com/user/belhadj_soufiane,True,بائع مميز,5.0,71,95.49%,5,79,ساعة
تصميم,https://khamsat.com/designing,أعياد ومناسبات,https://khamsat.com/designing/feasts-designs,تصميم إحترافي للأفراح والمناسبات,https://khamsat.com/designing/feasts-designs/1870040-%D8%AA%D8%B5%D9%85%D9%8A%D9%85-%D8%A5%D8%AD%D8%AA%D8%B1%D8%A7%D9%81%D9%8A-%D9%84%D9%84%D8%A3%D9%81%D8%B1%D8%A7%D8%AD-%D9%88%D8%A7%D9%84%D9%85%D9%86%D8%A7%D8%B3%D8%A8%D8%A7%D8%AA,0.0,0,لم يحسب,1,0,$5.00,يومين,0,4,30.0,.Esam F,https://khamsat.com/user/%D8%B9%D8%B5%D8%A7%D9%85-%D8%A8%D8%AF%D8%B1%D8%A7%D9%86,True,بائع نشيط,5.0,2,100.0%,4,4,يوم
تصميم,https://khamsat.com/designing,أعياد ومناسبات,https://khamsat.com/designing/feasts-designs,تصميم بطاقات تهنئة عيد الأضحى وجميع المناسبات,https://khamsat.com/designing/feasts-designs/2171238-%D8%AA%D8%B5%D9%85%D9%8A%D9%85-%D8%A8%D8%B7%D8%A7%D9%82%D8%A7%D8%AA-%D8%AA%D9%87%D9%86%D8%A6%D8%A9-%D8%B9%D9%8A%D8%AF-%D8%A7%D9%84%D8%A3%D8%B6%D8%AD%D9%89-%D9%88%D8%AC%D9%85%D9%8A%D8%B9-%D8%A7%D9%84%D9%85%D9%86%D8%A7%D8%B3%D8%A8%D8%A7%D8%AA,5.0,2,5 أيام,2,0,$5.00,يوم واحد,2,3,20.0,.Mohammed E,https://khamsat.com/user/mohammedeljammal,True,بائع نشيط,4.5,20,96.88%,4,17,يوم
تصميم,https://khamsat.com/designing,أعياد ومناسبات,https://khamsat.com/designing/feasts-designs,تصميم بوستر او غلاف بمناسبة شهر رمضان فقط ب 5 دولارات تصميم واحد,https://khamsat.com/designing/feasts-designs/887881-%D8%AA%D8%B5%D9%85%D9%8A%D9%85-%D8%A8%D9%88%D8%B3%D8%AA%D8%B1-%D8%A7%D9%88-%D8%BA%D9%84%D8%A7%D9%81-%D8%A8%D9%85%D9%86%D8%A7%D8%B3%D8%A8%D8%A9-%D8%B4%D9%87%D8%B1-%D8%B1%D9%85%D8%B6%D8%A7%D9%86-%D9%81%D9%82%D8%B7-%D8%A8-5-%D8%AF%D9%88%D9%84%D8%A7%D8%B1%D8%A7%D8%AA-%D8%AA%D8%B5%D9%85%D9%8A%D9%85-%D9%88%D8%A7%D8%AD%D8%AF,5.0,2,15 دقيقة,5,0,$5.00,يوم واحد,2,0,0.0,محمد ت.,https://khamsat.com/user/%D9%85%D8%AD%D9%85%D9%88%D8%AF-%D9%83%D8%A7%D8%B6%D9%85,True,بائع مميز,5.0,33,86.52%,4,47,4 ساعات
تصميم,https://khamsat.com/designing,أعياد ومناسبات,https://khamsat.com/designing/feasts-designs,تصاميم اليوم الوطني السعودي 92 ( هي لنا دار),https://khamsat.com/designing/feasts-designs/2261398-%D8%AA%D8%B5%D8%A7%D9%85%D9%8A%D9%85-%D8%A7%D9%84%D9%8A%D9%88%D9%85-%D8%A7%D9%84%D9%88%D8%B7%D9%86%D9%8A-%D8%A7%D9%84%D8%B3%D8%B9%D9%88%D8%AF%D9%8A-92-%D9%87%D9%8A-%D9%84%D9%86%D8%A7-%D8%AF%D8%A7%D8%B1,4.5,8,16 دقيقة,11,1,$5.00,يوم واحد,8,2,15.0,.Israa A,https://khamsat.com/user/israa_shatat,True,بائع نشيط,4.5,8,96.0%,2,11,13 دقيقة
تصميم,https://khamsat.com/designing,أعياد ومناسبات,https://khamsat.com/designing/feasts-designs,تصميم تهنئة عيد الفطر المبارك فقط ب 5 دولارات تصميم واحد,https://khamsat.com/designing/feasts-designs/896790-%D8%AA%D8%B5%D9%85%D9%8A%D9%85-%D8%AA%D9%87%D9%86%D8%A6%D8%A9-%D8%B9%D9%8A%D8%AF-%D8%A7%D9%84%D9%81%D8%B7%D8%B1-%D8%A7%D9%84%D9%85%D8%A8%D8%A7%D8%B1%D9%83-%D9%81%D9%82%D8%B7-%D8%A8-5-%D8%AF%D9%88%D9%84%D8%A7%D8%B1%D8%A7%D8%AA-%D8%AA%D8%B5%D9%85%D9%8A%D9%85-%D9%88%D8%A7%D8%AD%D8%AF,5.0,3,5 ساعات,3,0,$5.00,يوم واحد,3,0,0.0,محمد ت.,https://khamsat.com/user/%D9%85%D8%AD%D9%85%D9%88%D8%AF-%D9%83%D8%A7%D8%B6%D9%85,True,بائع مميز,5.0,33,86.52%,4,47,4 ساعات
تصميم,https://khamsat.com/designing,أعياد ومناسبات,https://khamsat.com/designing/feasts-designs,تصميم بطاقات دعوة و تهنئة لكل المناسبات,https://khamsat.com/designing/feasts-designs/2492088-%D8%AA%D8%B5%D9%85%D9%8A%D9%85-%D8%A8%D8%B7%D8%A7%D9%82%D8%A7%D8%AA-%D8%AF%D8%B9%D9%88%D8%A9-%D9%88-%D8%AA%D9%87%D9%86%D8%A6%D8%A9-%D9%84%D9%83%D9%84-%D8%A7%D9%84%D9%85%D9%86%D8%A7%D8%B3%D8%A8%D8%A7%D8%AA,5.0,3,4 ساعات,3,0,$5.00,ثلاثة أيام,3,0,0.0,.Aicha B,https://khamsat.com/user/aichaleyla,True,بائع نشيط,5.0,10,94.74%,5,9,8 ساعات
تصميم,https://khamsat.com/designing,أعياد ومناسبات,https://khamsat.com/designing/feasts-designs,مفكرة شهر رمضان التفاعلية مع مجموعة ملصقات مجانية,https://khamsat.com/designing/feasts-designs/2401667-%D9%85%D9%81%D9%83%D8%B1%D8%A9-%D8%B4%D9%87%D8%B1-%D8%B1%D9%85%D8%B6%D8%A7%D9%86-%D8%A7%D9%84%D8%AA%D9%81%D8%A7%D8%B9%D9%84%D9%8A%D8%A9-%D9%85%D8%B9-%D9%85%D8%AC%D9%85%D9%88%D8%B9%D8%A9-%D9%85%D9%84%D8%B5%D9%82%D8%A7%D8%AA-%D9%85%D8%AC%D8%A7%D9%86%D9%8A%D8%A9,5.0,1,25 يوم,1,0,$10.00,يومين,1,3,120.0,.Mariam K,https://khamsat.com/user/mariamkhaled96,True,بائع جديد,5.0,3,75.0%,5,2,6 أيام
تصميم,https://khamsat.com/designing,أعياد ومناسبات,https://khamsat.com/designing/feasts-designs,تصميم تهنئة لرمضان - عيد الفطر - عيد الأضحى ) - تصميم واحد,https://khamsat.com/designing/feasts-designs/867353-%D8%AA%D8%B5%D9%85%D9%8A%D9%85-%D8%AA%D9%87%D9%86%D8%A6%D8%A9-%D9%84%D8%B1%D9%85%D8%B6%D8%A7%D9%86-%D8%B9%D9%8A%D8%AF-%D8%A7%D9%84%D9%81%D8%B7%D8%B1-%D8%B9%D9%8A%D8%AF-%D8%A7%D9%84%D8%A3%D8%B6%D8%AD%D9%89-%D8%AA%D8%B5%D9%85%D9%8A%D9%85-%D9%88%D8%A7%D8%AD%D8%AF,5.0,27,4 ساعات,53,0,$5.00,يوم واحد,25,2,10.0,أميرة ص.,https://khamsat.com/user/%D8%A3%D9%85%D9%8A%D8%B1%D8%A9-%D8%B5%D9%84%D8%A7%D8%AD,True,بائع مميز,4.5,382,91.03%,9,506,3 ساعات
تصميم,https://khamsat.com/designing,أعياد ومناسبات,https://khamsat.com/designing/feasts-designs,تصميم معايدة و تهنئة لكافة المناسبات والاعياد بشكل مميز !,https://khamsat.com/designing/feasts-designs/2619425-%D8%AA%D8%B5%D9%85%D9%8A%D9%85-%D9%85%D8%B9%D8%A7%D9%8A%D8%AF%D8%A9-%D9%88-%D8%AA%D9%87%D9%86%D8%A6%D8%A9-%D9%84%D9%83%D8%A7%D9%81%D8%A9-%D8%A7%D9%84%D9%85%D9%86%D8%A7%D8%B3%D8%A8%D8%A7%D8%AA-%D9%88%D8%A7%D9%84%D8%A7%D8%B9%D9%8A%D8%A7%D8%AF-%D8%A8%D8%B4%D9%83%D9%84-%D9%85%D9%85%D9%8A%D8%B2,5.0,4,8 ساعات,6,0,$5.00,يوم واحد,4,2,10.0,ياسين فدا ا.,https://khamsat.com/user/yassinalyaziji,True,بائع نشيط,5.0,5,83.33%,2,7,7 ساعات
تصميم,https://khamsat.com/designing,أعياد ومناسبات,https://khamsat.com/designing/feasts-designs,تصميم كرت تهنئة ومعايدة عيد الاضحي المبارك,https://khamsat.com/designing/feasts-designs/2171905-%D8%AA%D8%B5%D9%85%D9%8A%D9%85-%D9%83%D8%B1%D8%AA-%D8%AA%D9%87%D9%86%D8%A6%D8%A9-%D9%88%D9%85%D8%B9%D8%A7%D9%8A%D8%AF%D8%A9-%D8%B9%D9%8A%D8%AF-%D8%A7%D9%84%D8%A7%D8%B6%D8%AD%D9%8A-%D8%A7%D9%84%D9%85%D8%A8%D8%A7%D8%B1%D9%83,5.0,1,16 يوم,2,0,$5.00,يوم واحد,1,0,0.0,احمد ع.,https://khamsat.com/user/ahmad1818,True,بائع جديد,5.0,3,100.0%,5,3,8 أيام
تصميم,https://khamsat.com/designing,أعياد ومناسبات,https://khamsat.com/designing/feasts-designs,تصميم بطاقات التهنئة لكل المناسبات,https://khamsat.com/designing/feasts-designs/772216-%D8%AA%D8%B5%D9%85%D9%8A%D9%85-%D8%A8%D8%B7%D8%A7%D9%82%D8%A7%D8%AA-%D8%A7%D9%84%D8%AA%D9%87%D9%86%D8%A6%D8%A9-%D9%84%D9%83%D9%84-%D8%A7%D9%84%D9%85%D9%86%D8%A7%D8%B3%D8%A8%D8%A7%D8%AA,5.0,4,42 دقيقة,6,0,$10.00,يومين,4,5,40.0,نادية ب.,https://khamsat.com/user/%D9%86%D8%A7%D8%AF%D9%8A%D8%A9-%D8%A8%D8%A7%D9%82%D9%8A,True,بائع مميز,4.5,122,94.33%,17,135,ساعة
تصميم,https://khamsat.com/designing,أعياد ومناسبات,https://khamsat.com/designing/feasts-designs,تصميم تهنئة بمناسبة رمضان- عيد الفطر- عيد الاضحى,https://khamsat.com/designing/feasts-designs/1115084-%D8%AA%D8%B5%D9%85%D9%8A%D9%85-%D8%AA%D9%87%D9%86%D8%A6%D8%A9-%D8%A8%D9%85%D9%86%D8%A7%D8%B3%D8%A8%D8%A9-%D8%B1%D9%85%D8%B6%D8%A7%D9%86-%D8%B9%D9%8A%D8%AF-%D8%A7%D9%84%D9%81%D8%B7%D8%B1-%D8%B9%D9%8A%D8%AF-%D8%A7%D9%84%D8%A7%D8%B6%D8%AD%D9%89,4.5,17,36 دقيقة,27,1,$5.00,يوم واحد,17,3,45.0,.Ryad K,https://khamsat.com/user/ryad_kayali,True,بائع نشيط,4.5,19,93.88%,2,29,21 ساعة
تصميم,https://khamsat.com/designing,أعياد ومناسبات,https://khamsat.com/designing/feasts-designs,تصميم بطاقة افراح او اعياد ميلاد,https://khamsat.com/designing/feasts-designs/2261800-%D8%AA%D8%B5%D9%85%D9%8A%D9%85-%D8%A8%D8%B7%D8%A7%D9%82%D8%A9-%D8%A7%D9%81%D8%B1%D8%A7%D8%AD-%D8%A7%D9%88-%D8%A7%D8%B9%D9%8A%D8%A7%D8%AF-%D9%85%D9%8A%D9%84%D8%A7%D8%AF,4.0,1,ساعة,1,0,$5.00,يومين,1,2,10.0,هلا ا.,https://khamsat.com/user/halaghothani,True,بائع جديد,4.0,1,100.0%,5,1,ساعة
تصميم,https://khamsat.com/designing,أعياد ومناسبات,https://khamsat.com/designing/feasts-designs,تصميم ليوم التأسيس السعودي يوم بدينا,https://khamsat.com/designing/feasts-designs/2747610-%D8%AA%D8%B5%D9%85%D9%8A%D9%85-%D9%84%D9%8A%D9%88%D9%85-%D8%A7%D9%84%D8%AA%D8%A3%D8%B3%D9%8A%D8%B3-%D8%A7%D9%84%D8%B3%D8%B9%D9%88%D8%AF%D9%8A-%D9%8A%D9%88%D9%85-%D8%A8%D8%AF%D9%8A%D9%86%D8%A7,5.0,3,15 دقيقة,4,0,$10.00,يومين,3,0,0.0,.Hala S,https://khamsat.com/user/halasolieman,True,بائع مميز,5.0,43,98.79%,7,49,51 دقيقة
تصميم,https://khamsat.com/designing,أعياد ومناسبات,https://khamsat.com/designing/feasts-designs,تصميم للاعياد والمناسبات والتهاني,https://khamsat.com/designing/feasts-designs/1708725-%D8%AA%D8%B5%D9%85%D9%8A%D9%85-%D9%84%D9%84%D8%A7%D8%B9%D9%8A%D8%A7%D8%AF-%D9%88%D8%A7%D9%84%D9%85%D9%86%D8%A7%D8%B3%D8%A8%D8%A7%D8%AA-%D9%88%D8%A7%D9%84%D8%AA%D9%87%D8%A7%D9%86%D9%8A,5.0,18,ساعة,23,0,$5.00,يوم واحد,18,4,115.0,عبدالله ا.,https://khamsat.com/user/abdallah302147,True,بائع مميز,5.0,22,77.92%,3,26,ساعة
تصميم,https://khamsat.com/designing,Midjourney,https://khamsat.com/designing/midjourney,تنفيذ حلول إبداعية لأفكار منتجك بإستخدام الذكاء الإصطناعي,https://khamsat.com/designing/midjourney/2892857-%D8%AA%D9%86%D9%81%D9%8A%D8%B0-%D8%AD%D9%84%D9%88%D9%84-%D8%A5%D8%A8%D8%AF%D8%A7%D8%B9%D9%8A%D8%A9-%D9%84%D8%A3%D9%81%D9%83%D8%A7%D8%B1-%D9%85%D9%86%D8%AA%D8%AC%D9%83-%D8%A8%D8%A5%D8%B3%D8%AA%D8%AE%D8%AF%D8%A7%D9%85-%D8%A7%D9%84%D8%B0%D9%83%D8%A7%D8%A1-%D8%A7%D9%84%D8%A5%D8%B5%D8%B7%D9%86%D8%A7%D8%B9%D9%8A,5.0,3,8 دقائق,3,0,$10.00,يوم واحد,3,2,45.0,.Islam I,https://khamsat.com/user/islamibrahim29488,True,بائع نشيط,5.0,14,95.0%,8,12,ساعة
تصميم,https://khamsat.com/designing,Midjourney,https://khamsat.com/designing/midjourney,تصميم شخصيات 3d بالذكاء الاصطناعي,https://khamsat.com/designing/midjourney/2874130-%D8%AA%D8%B5%D9%85%D9%8A%D9%85-%D8%B4%D8%AE%D8%B5%D9%8A%D8%A7%D8%AA-3d-%D8%A8%D8%A7%D9%84%D8%B0%D9%83%D8%A7%D8%A1-%D8%A7%D9%84%D8%A7%D8%B5%D8%B7%D9%86%D8%A7%D8%B9%D9%8A,5.0,4,15 دقيقة,4,0,$10.00,يوم واحد,4,2,30.0,.Youssef M,https://khamsat.com/user/yousef_mohmed30,True,بائع نشيط,5.0,4,71.43%,1,4,8 دقائق
تصميم,https://khamsat.com/designing,Midjourney,https://khamsat.com/designing/midjourney,صور بالذكاء الصناعي مصممة لك متناسبة تماماً مع نشاطك التجاري,https://khamsat.com/designing/midjourney/2985627-%D8%B5%D9%88%D8%B1-%D8%A8%D8%A7%D9%84%D8%B0%D9%83%D8%A7%D8%A1-%D8%A7%D9%84%D8%B5%D9%86%D8%A7%D8%B9%D9%8A-%D9%85%D8%B5%D9%85%D9%85%D8%A9-%D9%84%D9%83-%D9%85%D8%AA%D9%86%D8%A7%D8%B3%D8%A8%D8%A9-%D8%AA%D9%85%D8%A7%D9%85%D8%A7-%D9%85%D8%B9-%D9%86%D8%B4%D8%A7%D8%B7%D9%83-%D8%A7%D9%84%D8%AA%D8%AC%D8%A7%D8%B1%D9%8A,0.0,0,لم يحسب,1,0,$10.00,يوم واحد,0,1,5.0,محمد ح.,https://khamsat.com/user/mhamide,True,بائع جديد,0.0,0,100.0%,2,1,لم يحسب
تصميم,https://khamsat.com/designing,Midjourney,https://khamsat.com/designing/midjourney,اصنع اوراق تلوين في اي مجال ترغب به,https://khamsat.com/designing/midjourney/2820860-%D8%A7%D8%B5%D9%86%D8%B9-%D8%A7%D9%88%D8%B1%D8%A7%D9%82-%D8%AA%D9%84%D9%88%D9%8A%D9%86-%D9%81%D9%8A-%D8%A7%D9%8A-%D9%85%D8%AC%D8%A7%D9%84-%D8%AA%D8%B1%D8%BA%D8%A8-%D8%A8%D9%87,5.0,5,3 ساعات,5,0,$5.00,يوم واحد,5,5,335.0,.Mai M,https://khamsat.com/user/om_omar,True,بائع مميز,5.0,55,100.0%,11,56,ساعتين
تصميم,https://khamsat.com/designing,Midjourney,https://khamsat.com/designing/midjourney,تصميم وتعديل الصور بالذكاء الإصطناعي حسب وصفك,https://khamsat.com/designing/midjourney/3000597-%D8%AA%D8%B5%D9%85%D9%8A%D9%85-%D9%88%D8%AA%D8%B9%D8%AF%D9%8A%D9%84-%D8%A7%D9%84%D8%B5%D9%88%D8%B1-%D8%A8%D8%A7%D9%84%D8%B0%D9%83%D8%A7%D8%A1-%D8%A7%D9%84%D8%A5%D8%B5%D8%B7%D9%86%D8%A7%D8%B9%D9%8A-%D8%AD%D8%B3%D8%A8-%D9%88%D8%B5%D9%81%D9%83,0.0,0,3 ساعات,1,0,$5.00,يوم واحد,0,2,20.0,.Walid S,https://khamsat.com/user/walidsalah95,True,بائع جديد,0.0,0,100.0%,2,1,3 ساعات
تصميم,https://khamsat.com/designing,Midjourney,https://khamsat.com/designing/midjourney,تصميم صور إبداعية باستخدام الذكاء الاصطناعي,https://khamsat.com/designing/midjourney/3021729-%D8%AA%D8%B5%D9%85%D9%8A%D9%85-%D8%B5%D9%88%D8%B1-%D8%A5%D8%A8%D8%AF%D8%A7%D8%B9%D9%8A%D8%A9-%D8%A8%D8%A7%D8%B3%D8%AA%D8%AE%D8%AF%D8%A7%D9%85-%D8%A7%D9%84%D8%B0%D9%83%D8%A7%D8%A1-%D8%A7%D9%84%D8%A7%D8%B5%D8%B7%D9%86%D8%A7%D8%B9%D9%8A,5.0,1,أقل من دقيقة,1,0,$5.00,يوم واحد,1,3,20.0,دعاء ر.,https://khamsat.com/user/shahd_saleem,False,بائع جديد,5.0,1,100.0%,5,1,أقل من دقيقة
تصميم,https://khamsat.com/designing,Midjourney,https://khamsat.com/designing/midjourney,صمم صور للمناسبات مع كتابة الاسم بالذكاء الصناعي,https://khamsat.com/designing/midjourney/2875058-%D8%B5%D9%85%D9%85-%D8%B5%D9%88%D8%B1-%D9%84%D9%84%D9%85%D9%86%D8%A7%D8%B3%D8%A8%D8%A7%D8%AA-%D9%85%D8%B9-%D9%83%D8%AA%D8%A7%D8%A8%D8%A9-%D8%A7%D9%84%D8%A7%D8%B3%D9%85-%D8%A8%D8%A7%D9%84%D8%B0%D9%83%D8%A7%D8%A1-%D8%A7%D9%84%D8%B5%D9%86%D8%A7%D8%B9%D9%8A,3.0,1,6 دقائق,2,0,$5.00,يوم واحد,1,2,35.0,.Ehab M,https://khamsat.com/user/ehabmohamed063,True,بائع جديد,3.0,2,66.67%,1,2,3 أيام
تصميم,https://khamsat.com/designing,Midjourney,https://khamsat.com/designing/midjourney,رسم صور بالذكاء الاصطناعي,https://khamsat.com/designing/midjourney/3052842-%D8%B1%D8%B3%D9%85-%D8%B5%D9%88%D8%B1-%D8%A8%D8%A7%D9%84%D8%B0%D9%83%D8%A7%D8%A1-%D8%A7%D9%84%D8%A7%D8%B5%D8%B7%D9%86%D8%A7%D8%B9%D9%8A,0.0,0,لم يحسب,0,0,$10.00,يوم واحد,0,1,10.0,فتية ع.,https://khamsat.com/user/almaza,True,بائع جديد,0.0,0,لم يحسب بعد,2,0,لم يحسب
تصميم,https://khamsat.com/designing,Midjourney,https://khamsat.com/designing/midjourney,توليد و تصميم صور بالذكاء الاصطناعي,https://khamsat.com/designing/midjourney/3043925-%D8%AA%D9%88%D9%84%D9%8A%D8%AF-%D9%88-%D8%AA%D8%B5%D9%85%D9%8A%D9%85-%D8%B5%D9%88%D8%B1-%D8%A8%D8%A7%D9%84%D8%B0%D9%83%D8%A7%D8%A1-%D8%A7%D9%84%D8%A7%D8%B5%D8%B7%D9%86%D8%A7%D8%B9%D9%8A,0.0,0,لم يحسب,0,0,$5.00,يوم واحد,0,3,45.0,.Naima I,https://khamsat.com/user/naimaz,True,بائع جديد,5.0,2,100.0%,5,2,59 دقيقة
تصميم,https://khamsat.com/designing,Midjourney,https://khamsat.com/designing/midjourney,تصميم شخصيات كرتونية 3D بالذكاء الاصطناعي,https://khamsat.com/designing/midjourney/2932763-%D8%AA%D8%B5%D9%85%D9%8A%D9%85-%D8%B4%D8%AE%D8%B5%D9%8A%D8%A7%D8%AA-%D9%83%D8%B1%D8%AA%D9%88%D9%86%D9%8A%D8%A9-3d-%D8%A8%D8%A7%D9%84%D8%B0%D9%83%D8%A7%D8%A1-%D8%A7%D9%84%D8%A7%D8%B5%D8%B7%D9%86%D8%A7%D8%B9%D9%8A,0.0,0,لم يحسب,0,0,$5.00,يوم واحد,0,0,0.0,أدهم ر.,https://khamsat.com/user/adhamragab200,False,بائع جديد,0.0,0,لم يحسب بعد,2,0,لم يحسب
تصميم,https://khamsat.com/designing,Midjourney,https://khamsat.com/designing/midjourney,تصميم ثمنيل سينمائي إحترافي بإستخدام MIdjourney,https://khamsat.com/designing/midjourney/2910259-%D8%AA%D8%B5%D9%85%D9%8A%D9%85-%D8%AB%D9%85%D9%86%D9%8A%D9%84-%D8%B3%D9%8A%D9%86%D9%85%D8%A7%D8%A6%D9%8A-%D8%A5%D8%AD%D8%AA%D8%B1%D8%A7%D9%81%D9%8A-%D8%A8%D8%A5%D8%B3%D8%AA%D8%AE%D8%AF%D8%A7%D9%85-midjourney,5.0,1,13 دقيقة,1,0,$5.00,يوم واحد,1,1,5.0,.Abdullah M,https://khamsat.com/user/nome,True,بائع جديد,5.0,1,100.0%,5,1,13 دقيقة
تصميم,https://khamsat.com/designing,Midjourney,https://khamsat.com/designing/midjourney,تصميم قصص الأطفال بإستخدام الذكاء الإصطناعي,https://khamsat.com/designing/midjourney/2911009-%D8%AA%D8%B5%D9%85%D9%8A%D9%85-%D9%82%D8%B5%D8%B5-%D8%A7%D9%84%D8%A3%D8%B7%D9%81%D8%A7%D9%84-%D8%A8%D8%A5%D8%B3%D8%AA%D8%AE%D8%AF%D8%A7%D9%85-%D8%A7%D9%84%D8%B0%D9%83%D8%A7%D8%A1-%D8%A7%D9%84%D8%A5%D8%B5%D8%B7%D9%86%D8%A7%D8%B9%D9%8A,0.0,0,لم يحسب,0,0,$5.00,يومين,0,2,30.0,.Mohamed E,https://khamsat.com/user/m07amed3ssam,False,بائع جديد,0.0,0,لم يحسب بعد,2,0,لم يحسب
تصميم,https://khamsat.com/designing,Midjourney,https://khamsat.com/designing/midjourney,عمل تصميم فني بإستخدام ْmidjourney,https://khamsat.com/designing/midjourney/3036607-%D8%B9%D9%85%D9%84-%D8%AA%D8%B5%D9%85%D9%8A%D9%85-%D9%81%D9%86%D9%8A-%D8%A8%D8%A5%D8%B3%D8%AA%D8%AE%D8%AF%D8%A7%D9%85-midjourney,0.0,0,لم يحسب,0,0,$5.00,خمسة أيام,0,0,0.0,.Sayed A,https://khamsat.com/user/sayed_800,True,بائع جديد,0.0,0,لم يحسب بعد,4,0,لم يحسب
تصميم,https://khamsat.com/designing,Midjourney,https://khamsat.com/designing/midjourney,إنشاء تصاميم عالية الجودة بإستخدام الذكاء الاصطناعي Ai,https://khamsat.com/designing/midjourney/2982300-%D8%A5%D9%86%D8%B4%D8%A7%D8%A1-%D8%AA%D8%B5%D8%A7%D9%85%D9%8A%D9%85-%D8%B9%D8%A7%D9%84%D9%8A%D8%A9-%D8%A7%D9%84%D8%AC%D9%88%D8%AF%D8%A9-%D8%A8%D8%A5%D8%B3%D8%AA%D8%AE%D8%AF%D8%A7%D9%85-%D8%A7%D9%84%D8%B0%D9%83%D8%A7%D8%A1-%D8%A7%D9%84%D8%A7%D8%B5%D8%B7%D9%86%D8%A7%D8%B9%D9%8A-ai,0.0,0,لم يحسب,0,0,$5.00,يوم واحد,0,0,0.0,إبراهيم ح.,https://khamsat.com/user/ihaboush2023,True,بائع جديد,0.0,0,لم يحسب بعد,3,0,45 دقيقة
تصميم,https://khamsat.com/designing,Midjourney,https://khamsat.com/designing/midjourney,تصميم صور بالذكاء الاصطناعي مهما كان هدفك,https://khamsat.com/designing/midjourney/2857194-%D8%AA%D8%B5%D9%85%D9%8A%D9%85-%D8%B5%D9%88%D8%B1-%D8%A8%D8%A7%D9%84%D8%B0%D9%83%D8%A7%D8%A1-%D8%A7%D9%84%D8%A7%D8%B5%D8%B7%D9%86%D8%A7%D8%B9%D9%8A-%D9%85%D9%87%D9%85%D8%A7-%D9%83%D8%A7%D9%86-%D9%87%D8%AF%D9%81%D9%83,4.5,3,51 دقيقة,5,0,$10.00,يوم واحد,3,0,0.0,.Ahmed W,https://khamsat.com/user/ahmed_wael_0,True,بائع جديد,4.5,3,88.89%,1,5,51 دقيقة
تصميم,https://khamsat.com/designing,Midjourney,https://khamsat.com/designing/midjourney,تصميم الصور باستخدام الذكاء الاصطناعي,https://khamsat.com/designing/midjourney/2761715-%D8%AA%D8%B5%D9%85%D9%8A%D9%85-%D8%A7%D9%84%D8%B5%D9%88%D8%B1-%D8%A8%D8%A7%D8%B3%D8%AA%D8%AE%D8%AF%D8%A7%D9%85-%D8%A7%D9%84%D8%B0%D9%83%D8%A7%D8%A1-%D8%A7%D9%84%D8%A7%D8%B5%D8%B7%D9%86%D8%A7%D8%B9%D9%8A,0.0,0,لم يحسب,0,0,$5.00,يوم واحد,0,0,0.0,.Beshoy A,https://khamsat.com/user/beshoy_atwan,True,بائع جديد,5.0,1,50.0%,5,1,36 دقيقة
تصميم,https://khamsat.com/designing,Midjourney,https://khamsat.com/designing/midjourney,حول كلماتك الى صور بالذكاء الاصطناعي AI,https://khamsat.com/designing/midjourney/2921926-%D8%AD%D9%88%D9%84-%D9%83%D9%84%D9%85%D8%A7%D8%AA%D9%83-%D8%A7%D9%84%D9%89-%D8%B5%D9%88%D8%B1-%D8%A8%D8%A7%D9%84%D8%B0%D9%83%D8%A7%D8%A1-%D8%A7%D9%84%D8%A7%D8%B5%D8%B7%D9%86%D8%A7%D8%B9%D9%8A-ai,0.0,0,لم يحسب,0,0,$10.00,يوم واحد,0,3,25.0,.Ahmed T,https://khamsat.com/user/ahmedthweib2021,True,بائع جديد,0.0,0,50.0%,3,1,38 دقيقة
تصميم,https://khamsat.com/designing,Midjourney,https://khamsat.com/designing/midjourney,تصميم صور بالذكاء الاصطناعي لجميع الإستخدامات,https://khamsat.com/designing/midjourney/2806240-%D8%AA%D8%B5%D9%85%D9%8A%D9%85-%D8%B5%D9%88%D8%B1-%D8%A8%D8%A7%D9%84%D8%B0%D9%83%D8%A7%D8%A1-%D8%A7%D9%84%D8%A7%D8%B5%D8%B7%D9%86%D8%A7%D8%B9%D9%8A-%D9%84%D8%AC%D9%85%D9%8A%D8%B9-%D8%A7%D9%84%D8%A5%D8%B3%D8%AA%D8%AE%D8%AF%D8%A7%D9%85%D8%A7%D8%AA,5.0,2,14 ساعة,4,0,$5.00,يوم واحد,2,0,0.0,.Ahmed M,https://khamsat.com/user/ahmed_mostafa1412,True,بائع مميز,4.5,36,99.17%,6,39,4 ساعات
تصميم,https://khamsat.com/designing,Midjourney,https://khamsat.com/designing/midjourney,خدمه تصاميم صور بالذكاء الاصطناعي,https://khamsat.com/designing/midjourney/3008001-%D8%AE%D8%AF%D9%85%D9%87-%D8%AA%D8%B5%D8%A7%D9%85%D9%8A%D9%85-%D8%B5%D9%88%D8%B1-%D8%A8%D8%A7%D9%84%D8%B0%D9%83%D8%A7%D8%A1-%D8%A7%D9%84%D8%A7%D8%B5%D8%B7%D9%86%D8%A7%D8%B9%D9%8A,0.0,0,لم يحسب,0,0,$5.00,يوم واحد,0,1,5.0,.Uzumaki N,https://khamsat.com/user/noor5719,False,بائع جديد,0.0,0,لم يحسب بعد,1,0,لم يحسب
تصميم,https://khamsat.com/designing,Midjourney,https://khamsat.com/designing/midjourney,تحرير وإنشاء الصور باحترافية باستخدام MidJourney,https://khamsat.com/designing/midjourney/3035864-%D8%AA%D8%AD%D8%B1%D9%8A%D8%B1-%D9%88%D8%A5%D9%86%D8%B4%D8%A7%D8%A1-%D8%A7%D9%84%D8%B5%D9%88%D8%B1-%D8%A8%D8%A7%D8%AD%D8%AA%D8%B1%D8%A7%D9%81%D9%8A%D8%A9-%D8%A8%D8%A7%D8%B3%D8%AA%D8%AE%D8%AF%D8%A7%D9%85-midjourney,0.0,0,لم يحسب,0,0,$5.00,يوم واحد,0,0,0.0,.Mahmoud E,https://khamsat.com/user/samaraboii,True,بائع جديد,0.0,0,لم يحسب بعد,3,0,لم يحسب
تصميم,https://khamsat.com/designing,Midjourney,https://khamsat.com/designing/midjourney,تحرير وإنشاء الصور باحترافية باستخدام ChatGPT,https://khamsat.com/designing/midjourney/3035877-%D8%AA%D8%AD%D8%B1%D9%8A%D8%B1-%D9%88%D8%A5%D9%86%D8%B4%D8%A7%D8%A1-%D8%A7%D9%84%D8%B5%D9%88%D8%B1-%D8%A8%D8%A7%D8%AD%D8%AA%D8%B1%D8%A7%D9%81%D9%8A%D8%A9-%D8%A8%D8%A7%D8%B3%D8%AA%D8%AE%D8%AF%D8%A7%D9%85-chatgpt,0.0,0,لم يحسب,0,0,$10.00,يوم واحد,0,0,0.0,.Mohamed S,https://khamsat.com/user/mohamed_saber_dev,True,بائع جديد,0.0,0,لم يحسب بعد,3,0,لم يحسب
تصميم,https://khamsat.com/designing,Midjourney,https://khamsat.com/designing/midjourney,تصميم أوراق تلوين مميزة للأطفال والكبار بتصاميم إبداعية,https://khamsat.com/designing/midjourney/3034312-%D8%AA%D8%B5%D9%85%D9%8A%D9%85-%D8%A3%D9%88%D8%B1%D8%A7%D9%82-%D8%AA%D9%84%D9%88%D9%8A%D9%86-%D9%85%D9%85%D9%8A%D8%B2%D8%A9-%D9%84%D9%84%D8%A3%D8%B7%D9%81%D8%A7%D9%84-%D9%88%D8%A7%D9%84%D9%83%D8%A8%D8%A7%D8%B1-%D8%A8%D8%AA%D8%B5%D8%A7%D9%85%D9%8A%D9%85-%D8%A5%D8%A8%D8%AF%D8%A7%D8%B9%D9%8A%D8%A9,0.0,0,لم يحسب,0,0,$5.00,يوم واحد,0,0,0.0,.An A,https://khamsat.com/user/zouheirechaouki,False,بائع جديد,0.0,0,لم يحسب بعد,1,0,لم يحسب
تصميم,https://khamsat.com/designing,Midjourney,https://khamsat.com/designing/midjourney,عمل صور احترافية بالذكاء الاصطناعي,https://khamsat.com/designing/midjourney/2819070-%D8%B9%D9%85%D9%84-%D8%B5%D9%88%D8%B1-%D8%A7%D8%AD%D8%AA%D8%B1%D8%A7%D9%81%D9%8A%D8%A9-%D8%A8%D8%A7%D9%84%D8%B0%D9%83%D8%A7%D8%A1-%D8%A7%D9%84%D8%A7%D8%B5%D8%B7%D9%86%D8%A7%D8%B9%D9%8A,0.0,0,4 دقائق,1,0,$5.00,يوم واحد,0,0,0.0,.Mostafa B,https://khamsat.com/user/mostafabil2003,True,بائع جديد,0.0,0,100.0%,1,1,4 دقائق
تصميم,https://khamsat.com/designing,Midjourney,https://khamsat.com/designing/midjourney,صتاعة أوراق التلوين للطباعة حسب الطلب,https://khamsat.com/designing/midjourney/3010877-%D8%B5%D8%AA%D8%A7%D8%B9%D8%A9-%D8%A3%D9%88%D8%B1%D8%A7%D9%82-%D8%A7%D9%84%D8%AA%D9%84%D9%88%D9%8A%D9%86-%D9%84%D9%84%D8%B7%D8%A8%D8%A7%D8%B9%D8%A9-%D8%AD%D8%B3%D8%A8-%D8%A7%D9%84%D8%B7%D9%84%D8%A8,0.0,0,لم يحسب,0,0,$5.00,يوم واحد,0,3,20.0,.Kousseila B,https://khamsat.com/user/kousseila,True,بائع جديد,0.0,0,لم يحسب بعد,2,0,لم يحسب
تصميم,https://khamsat.com/designing,Midjourney,https://khamsat.com/designing/midjourney,توليد صور بواسطة الذكاء الاصطناعي,https://khamsat.com/designing/midjourney/2994045-%D8%AA%D9%88%D9%84%D9%8A%D8%AF-%D8%B5%D9%88%D8%B1-%D8%A8%D9%88%D8%A7%D8%B3%D8%B7%D8%A9-%D8%A7%D9%84%D8%B0%D9%83%D8%A7%D8%A1-%D8%A7%D9%84%D8%A7%D8%B5%D8%B7%D9%86%D8%A7%D8%B9%D9%8A,0.0,0,لم يحسب,0,0,$5.00,يوم واحد,0,0,0.0,.Alaa A,https://khamsat.com/user/alaa_akkad,False,بائع جديد,0.0,0,لم يحسب بعد,1,0,لم يحسب
تصميم,https://khamsat.com/designing,Midjourney,https://khamsat.com/designing/midjourney,ابتكر تصميمك المميز:صمم لوجو وصور احترافية بالذكاء الاصطناعي,https://khamsat.com/designing/midjourney/3004629-%D8%A7%D8%A8%D8%AA%D9%83%D8%B1-%D8%AA%D8%B5%D9%85%D9%8A%D9%85%D9%83-%D8%A7%D9%84%D9%85%D9%85%D9%8A%D8%B2%D8%B5%D9%85%D9%85-%D9%84%D9%88%D8%AC%D9%88-%D9%88%D8%B5%D9%88%D8%B1-%D8%A7%D8%AD%D8%AA%D8%B1%D8%A7%D9%81%D9%8A%D8%A9-%D8%A8%D8%A7%D9%84%D8%B0%D9%83%D8%A7%D8%A1-%D8%A7%D9%84%D8%A7%D8%B5%D8%B7%D9%86%D8%A7%D8%B9%D9%8A,0.0,0,لم يحسب,0,0,$5.00,يوم واحد,0,5,30.0,محمد ا.,https://khamsat.com/user/mohamedai_1,True,بائع جديد,0.0,0,لم يحسب بعد,2,0,لم يحسب
تصميم,https://khamsat.com/designing,Midjourney,https://khamsat.com/designing/midjourney,تصميم صور احترافية باستخدام الذكاء الاصطناعي,https://khamsat.com/designing/midjourney/2827567-%D8%AA%D8%B5%D9%85%D9%8A%D9%85-%D8%B5%D9%88%D8%B1-%D8%A7%D8%AD%D8%AA%D8%B1%D8%A7%D9%81%D9%8A%D8%A9-%D8%A8%D8%A7%D8%B3%D8%AA%D8%AE%D8%AF%D8%A7%D9%85-%D8%A7%D9%84%D8%B0%D9%83%D8%A7%D8%A1-%D8%A7%D9%84%D8%A7%D8%B5%D8%B7%D9%86%D8%A7%D8%B9%D9%8A,0.0,0,لم يحسب,0,0,$5.00,يوم واحد,0,1,10.0,.Aida A,https://khamsat.com/user/saturn_graphic,True,بائع جديد,0.0,0,لم يحسب بعد,4,0,لم يحسب
تصميم,https://khamsat.com/designing,Midjourney,https://khamsat.com/designing/midjourney,إنشاء صور احترافية بالذكاء الإصطناعي,https://khamsat.com/designing/midjourney/3011412-%D8%A5%D9%86%D8%B4%D8%A7%D8%A1-%D8%B5%D9%88%D8%B1-%D8%A7%D8%AD%D8%AA%D8%B1%D8%A7%D9%81%D9%8A%D8%A9-%D8%A8%D8%A7%D9%84%D8%B0%D9%83%D8%A7%D8%A1-%D8%A7%D9%84%D8%A5%D8%B5%D8%B7%D9%86%D8%A7%D8%B9%D9%8A,0.0,0,لم يحسب,0,0,$5.00,يوم واحد,0,0,0.0,حسام ح.,https://khamsat.com/user/hossamgeo,False,بائع جديد,0.0,0,لم يحسب بعد,3,0,لم يحسب
تصميم,https://khamsat.com/designing,Midjourney,https://khamsat.com/designing/midjourney,تصميم صور بالذكاء الاصطناعي لأي استخدام,https://khamsat.com/designing/midjourney/2924725-%D8%AA%D8%B5%D9%85%D9%8A%D9%85-%D8%B5%D9%88%D8%B1-%D8%A8%D8%A7%D9%84%D8%B0%D9%83%D8%A7%D8%A1-%D8%A7%D9%84%D8%A7%D8%B5%D8%B7%D9%86%D8%A7%D8%B9%D9%8A-%D9%84%D8%A3%D9%8A-%D8%A7%D8%B3%D8%AA%D8%AE%D8%AF%D8%A7%D9%85,0.0,0,ساعة,1,0,$5.00,يومين,0,4,35.0,يحيى ص.,https://khamsat.com/user/salaheldin2,True,بائع مميز,4.5,24,88.89%,5,34,22 ساعة
تصميم,https://khamsat.com/designing,Midjourney,https://khamsat.com/designing/midjourney,تحويل النصوص إلى صور بسهولة وسرعة باستخدام الذكاء الاصطناعي,https://khamsat.com/designing/midjourney/2895730-%D8%AA%D8%AD%D9%88%D9%8A%D9%84-%D8%A7%D9%84%D9%86%D8%B5%D9%88%D8%B5-%D8%A5%D9%84%D9%89-%D8%B5%D9%88%D8%B1-%D8%A8%D8%B3%D9%87%D9%88%D9%84%D8%A9-%D9%88%D8%B3%D8%B1%D8%B9%D8%A9-%D8%A8%D8%A7%D8%B3%D8%AA%D8%AE%D8%AF%D8%A7%D9%85-%D8%A7%D9%84%D8%B0%D9%83%D8%A7%D8%A1-%D8%A7%D9%84%D8%A7%D8%B5%D8%B7%D9%86%D8%A7%D8%B9%D9%8A,0.0,0,لم يحسب,0,0,$5.00,يومين,0,0,0.0,.Weam M,https://khamsat.com/user/canada_wewe,False,بائع جديد,0.0,0,لم يحسب بعد,3,0,لم يحسب
تصميم,https://khamsat.com/designing,Stable Diffusion,https://khamsat.com/designing/stable-diffusion,صورة مميزة لك بالذكاء الاصطناعي,https://khamsat.com/designing/stable-diffusion/2816381-%D8%B5%D9%88%D8%B1%D8%A9-%D9%85%D9%85%D9%8A%D8%B2%D8%A9-%D9%84%D9%83-%D8%A8%D8%A7%D9%84%D8%B0%D9%83%D8%A7%D8%A1-%D8%A7%D9%84%D8%A7%D8%B5%D8%B7%D9%86%D8%A7%D8%B9%D9%8A,4.5,6,3 دقائق,6,0,$5.00,يومين,6,1,5.0,محمد الطاهر ص.,https://khamsat.com/user/kont94,True,بائع جديد,4.5,6,100.0%,5,6,3 دقائق
تصميم,https://khamsat.com/designing,Stable Diffusion,https://khamsat.com/designing/stable-diffusion,عمل شخصية كارتونية لأي هدف باستخدام الذكاء الاصطناعي,https://khamsat.com/designing/stable-diffusion/2926659-%D8%B9%D9%85%D9%84-%D8%B4%D8%AE%D8%B5%D9%8A%D8%A9-%D9%83%D8%A7%D8%B1%D8%AA%D9%88%D9%86%D9%8A%D8%A9-%D9%84%D8%A3%D9%8A-%D9%87%D8%AF%D9%81-%D8%A8%D8%A7%D8%B3%D8%AA%D8%AE%D8%AF%D8%A7%D9%85-%D8%A7%D9%84%D8%B0%D9%83%D8%A7%D8%A1-%D8%A7%D9%84%D8%A7%D8%B5%D8%B7%D9%86%D8%A7%D8%B9%D9%8A,5.0,1,7 ساعات,2,0,$5.00,يوم واحد,1,5,75.0,وليد ب.,https://khamsat.com/user/walidb01,True,بائع جديد,5.0,1,100.0%,2,2,7 ساعات
تصميم,https://khamsat.com/designing,Stable Diffusion,https://khamsat.com/designing/stable-diffusion,تحويل النصوص إلى صور مبتكرة بالذكاء الاصطناعي,https://khamsat.com/designing/stable-diffusion/2835224-%D8%AA%D8%AD%D9%88%D9%8A%D9%84-%D8%A7%D9%84%D9%86%D8%B5%D9%88%D8%B5-%D8%A5%D9%84%D9%89-%D8%B5%D9%88%D8%B1-%D9%85%D8%A8%D8%AA%D9%83%D8%B1%D8%A9-%D8%A8%D8%A7%D9%84%D8%B0%D9%83%D8%A7%D8%A1-%D8%A7%D9%84%D8%A7%D8%B5%D8%B7%D9%86%D8%A7%D8%B9%D9%8A,3.0,2,ساعة,2,0,$5.00,يوم واحد,2,0,0.0,.Edmon H,https://khamsat.com/user/mohamedtutu,True,بائع جديد,3.0,2,100.0%,4,2,ساعة
تصميم,https://khamsat.com/designing,Stable Diffusion,https://khamsat.com/designing/stable-diffusion,تصميم صور ابداعية لك باستخدام الذكاء الاصطناعي,https://khamsat.com/designing/stable-diffusion/3049468-%D8%AA%D8%B5%D9%85%D9%8A%D9%85-%D8%B5%D9%88%D8%B1-%D8%A7%D8%A8%D8%AF%D8%A7%D8%B9%D9%8A%D8%A9-%D9%84%D9%83-%D8%A8%D8%A7%D8%B3%D8%AA%D8%AE%D8%AF%D8%A7%D9%85-%D8%A7%D9%84%D8%B0%D9%83%D8%A7%D8%A1-%D8%A7%D9%84%D8%A7%D8%B5%D8%B7%D9%86%D8%A7%D8%B9%D9%8A,0.0,0,لم يحسب,0,0,$5.00,يوم واحد,0,0,0.0,عبدالرحمن ه.,https://khamsat.com/user/boodicool,True,بائع جديد,0.0,0,لم يحسب بعد,1,0,لم يحسب
تصميم,https://khamsat.com/designing,Stable Diffusion,https://khamsat.com/designing/stable-diffusion,الرسم باستخدام النصوص عن طريق الذكاء الاصطناعي,https://khamsat.com/designing/stable-diffusion/2991016-%D8%A7%D9%84%D8%B1%D8%B3%D9%85-%D8%A8%D8%A7%D8%B3%D8%AA%D8%AE%D8%AF%D8%A7%D9%85-%D8%A7%D9%84%D9%86%D8%B5%D9%88%D8%B5-%D8%B9%D9%86-%D8%B7%D8%B1%D9%8A%D9%82-%D8%A7%D9%84%D8%B0%D9%83%D8%A7%D8%A1-%D8%A7%D9%84%D8%A7%D8%B5%D8%B7%D9%86%D8%A7%D8%B9%D9%8A,0.0,0,لم يحسب,0,0,$5.00,يوم واحد,0,2,15.0,.Nour Eldeen K,https://khamsat.com/user/nour_elshobaki,True,بائع جديد,0.0,0,لم يحسب بعد,3,0,لم يحسب
تصميم,https://khamsat.com/designing,Stable Diffusion,https://khamsat.com/designing/stable-diffusion,انشاء صور شخصية لك بالذكاء الاصطناعى لجميع الاغراض,https://khamsat.com/designing/stable-diffusion/2999328-%D8%A7%D9%86%D8%B4%D8%A7%D8%A1-%D8%B5%D9%88%D8%B1-%D8%B4%D8%AE%D8%B5%D9%8A%D8%A9-%D9%84%D9%83-%D8%A8%D8%A7%D9%84%D8%B0%D9%83%D8%A7%D8%A1-%D8%A7%D9%84%D8%A7%D8%B5%D8%B7%D9%86%D8%A7%D8%B9%D9%89-%D9%84%D8%AC%D9%85%D9%8A%D8%B9-%D8%A7%D9%84%D8%A7%D8%BA%D8%B1%D8%A7%D8%B6,0.0,0,لم يحسب,0,0,$5.00,يومين,0,1,5.0,.Omar K,https://khamsat.com/user/kholeif_18511,True,بائع جديد,0.0,0,لم يحسب بعد,1,0,لم يحسب
تصميم,https://khamsat.com/designing,Stable Diffusion,https://khamsat.com/designing/stable-diffusion,تحويل أي وجه إلى كارتون باستخدام الذكاء الاصطناعي,https://khamsat.com/designing/stable-diffusion/2929395-%D8%AA%D8%AD%D9%88%D9%8A%D9%84-%D8%A3%D9%8A-%D9%88%D8%AC%D9%87-%D8%A5%D9%84%D9%89-%D9%83%D8%A7%D8%B1%D8%AA%D9%88%D9%86-%D8%A8%D8%A7%D8%B3%D8%AA%D8%AE%D8%AF%D8%A7%D9%85-%D8%A7%D9%84%D8%B0%D9%83%D8%A7%D8%A1-%D8%A7%D9%84%D8%A7%D8%B5%D8%B7%D9%86%D8%A7%D8%B9%D9%8A,0.0,0,لم يحسب,0,0,$5.00,يوم واحد,0,5,75.0,ياسر ر.,https://khamsat.com/user/yasserradwan,True,بائع جديد,0.0,0,لم يحسب بعد,2,0,لم يحسب
تصميم,https://khamsat.com/designing,Stable Diffusion,https://khamsat.com/designing/stable-diffusion,احصل على صورة ثري دي من وحي خيالك بالذكاء الاصطناعي,https://khamsat.com/designing/stable-diffusion/2858144-%D8%A7%D8%AD%D8%B5%D9%84-%D8%B9%D9%84%D9%89-%D8%B5%D9%88%D8%B1%D8%A9-%D8%AB%D8%B1%D9%8A-%D8%AF%D9%8A-%D9%85%D9%86-%D9%88%D8%AD%D9%8A-%D8%AE%D9%8A%D8%A7%D9%84%D9%83-%D8%A8%D8%A7%D9%84%D8%B0%D9%83%D8%A7%D8%A1-%D8%A7%D9%84%D8%A7%D8%B5%D8%B7%D9%86%D8%A7%D8%B9%D9%8A,0.0,0,لم يحسب,0,0,$5.00,يوم واحد,0,4,105.0,.Abdallah A,https://khamsat.com/user/abdallah-aboedres,True,بائع نشيط,5.0,15,70.31%,10,23,3 أيام
تصميم,https://khamsat.com/designing,Stable Diffusion,https://khamsat.com/designing/stable-diffusion,اصنع شخصية مع الذكاء الاصطناعي بستايل من اختيارك,https://khamsat.com/designing/stable-diffusion/2928743-%D8%A7%D8%B5%D9%86%D8%B9-%D8%B4%D8%AE%D8%B5%D9%8A%D8%A9-%D9%85%D8%B9-%D8%A7%D9%84%D8%B0%D9%83%D8%A7%D8%A1-%D8%A7%D9%84%D8%A7%D8%B5%D8%B7%D9%86%D8%A7%D8%B9%D9%8A-%D8%A8%D8%B3%D8%AA%D8%A7%D9%8A%D9%84-%D9%85%D9%86-%D8%A7%D8%AE%D8%AA%D9%8A%D8%A7%D8%B1%D9%83,0.0,0,لم يحسب,0,0,$5.00,يوم واحد,0,5,75.0,ياسر ر.,https://khamsat.com/user/yasserradwan,True,بائع جديد,0.0,0,لم يحسب بعد,2,0,لم يحسب
تصميم,https://khamsat.com/designing,Stable Diffusion,https://khamsat.com/designing/stable-diffusion,تصميم صور مبتكرة باستخدام الذكاء الاصطناعي,https://khamsat.com/designing/stable-diffusion/2917553-%D8%AA%D8%B5%D9%85%D9%8A%D9%85-%D8%B5%D9%88%D8%B1-%D9%85%D8%A8%D8%AA%D9%83%D8%B1%D8%A9-%D8%A8%D8%A7%D8%B3%D8%AA%D8%AE%D8%AF%D8%A7%D9%85-%D8%A7%D9%84%D8%B0%D9%83%D8%A7%D8%A1-%D8%A7%D9%84%D8%A7%D8%B5%D8%B7%D9%86%D8%A7%D8%B9%D9%8A,0.0,0,لم يحسب,0,0,$10.00,يوم واحد,0,0,0.0,.Yasmeen I,https://khamsat.com/user/yasmoibrahim_2024,True,بائع جديد,0.0,0,لم يحسب بعد,2,0,لم يحسب
تصميم,https://khamsat.com/designing,Stable Diffusion,https://khamsat.com/designing/stable-diffusion,سأقوم بعمل صورة فنية واقعية لوجهك باستخدام الذكاء الاصطناعي,https://khamsat.com/designing/stable-diffusion/2622677-%D8%B3%D8%A3%D9%82%D9%88%D9%85-%D8%A8%D8%B9%D9%85%D9%84-%D8%B5%D9%88%D8%B1%D8%A9-%D9%81%D9%86%D9%8A%D8%A9-%D9%88%D8%A7%D9%82%D8%B9%D9%8A%D8%A9-%D9%84%D9%88%D8%AC%D9%87%D9%83-%D8%A8%D8%A7%D8%B3%D8%AA%D8%AE%D8%AF%D8%A7%D9%85-%D8%A7%D9%84%D8%B0%D9%83%D8%A7%D8%A1-%D8%A7%D9%84%D8%A7%D8%B5%D8%B7%D9%86%D8%A7%D8%B9%D9%8A,5.0,6,41 دقيقة,7,0,$5.00,ثلاثة أيام,6,2,10.0,.Mohamed S,https://khamsat.com/user/mo_abdulsattar,True,بائع مميز,5.0,20,92.68%,9,23,ساعة
تصميم,https://khamsat.com/designing,Stable Diffusion,https://khamsat.com/designing/stable-diffusion,إنشاء صور مذهلة باستخدام الذكاء الاصطناعي لمشاريعك,https://khamsat.com/designing/stable-diffusion/3025899-%D8%A5%D9%86%D8%B4%D8%A7%D8%A1-%D8%B5%D9%88%D8%B1-%D9%85%D8%B0%D9%87%D9%84%D8%A9-%D8%A8%D8%A7%D8%B3%D8%AA%D8%AE%D8%AF%D8%A7%D9%85-%D8%A7%D9%84%D8%B0%D9%83%D8%A7%D8%A1-%D8%A7%D9%84%D8%A7%D8%B5%D8%B7%D9%86%D8%A7%D8%B9%D9%8A-%D9%84%D9%85%D8%B4%D8%A7%D8%B1%D9%8A%D8%B9%D9%83,0.0,0,لم يحسب,0,0,$5.00,يوم واحد,0,0,0.0,.Mohamed Nour E,https://khamsat.com/user/nourelhalaby,False,بائع جديد,0.0,0,لم يحسب بعد,1,0,لم يحسب
تصميم,https://khamsat.com/designing,Stable Diffusion,https://khamsat.com/designing/stable-diffusion,تغيير خلفية منتجك بالذكاء الاصطناعي صور للميديا والمتاجر,https://khamsat.com/designing/stable-diffusion/2925254-%D8%AA%D8%BA%D9%8A%D9%8A%D8%B1-%D8%AE%D9%84%D9%81%D9%8A%D8%A9-%D9%85%D9%86%D8%AA%D8%AC%D9%83-%D8%A8%D8%A7%D9%84%D8%B0%D9%83%D8%A7%D8%A1-%D8%A7%D9%84%D8%A7%D8%B5%D8%B7%D9%86%D8%A7%D8%B9%D9%8A-%D8%B5%D9%88%D8%B1-%D9%84%D9%84%D9%85%D9%8A%D8%AF%D9%8A%D8%A7-%D9%88%D8%A7%D9%84%D9%85%D8%AA%D8%A7%D8%AC%D8%B1,0.0,0,لم يحسب,0,0,$5.00,يوم واحد,0,5,75.0,وليد ب.,https://khamsat.com/user/walidb01,True,بائع جديد,5.0,1,100.0%,2,2,7 ساعات
تصميم,https://khamsat.com/designing,Stable Diffusion,https://khamsat.com/designing/stable-diffusion,حول رسمتك او رسمت ابنك او تصورك ل صورة ملونة ذات جودة عالية,https://khamsat.com/designing/stable-diffusion/2975869-%D8%AD%D9%88%D9%84-%D8%B1%D8%B3%D9%85%D8%AA%D9%83-%D8%A7%D9%88-%D8%B1%D8%B3%D9%85%D8%AA-%D8%A7%D8%A8%D9%86%D9%83-%D8%A7%D9%88-%D8%AA%D8%B5%D9%88%D8%B1%D9%83-%D9%84-%D8%B5%D9%88%D8%B1%D8%A9-%D9%85%D9%84%D9%88%D9%86%D8%A9-%D8%B0%D8%A7%D8%AA-%D8%AC%D9%88%D8%AF%D8%A9-%D8%B9%D8%A7%D9%84%D9%8A%D8%A9,0.0,0,لم يحسب,0,0,$5.00,يوم واحد,0,1,5.0,.Islam T,https://khamsat.com/user/islam_talha,True,بائع جديد,0.0,0,لم يحسب بعد,1,0,لم يحسب
تصميم,https://khamsat.com/designing,Stable Diffusion,https://khamsat.com/designing/stable-diffusion,تصميم صور بالذكاء الاصطناعي لجميع الأغراض,https://khamsat.com/designing/stable-diffusion/2916781-%D8%AA%D8%B5%D9%85%D9%8A%D9%85-%D8%B5%D9%88%D8%B1-%D8%A8%D8%A7%D9%84%D8%B0%D9%83%D8%A7%D8%A1-%D8%A7%D9%84%D8%A7%D8%B5%D8%B7%D9%86%D8%A7%D8%B9%D9%8A-%D9%84%D8%AC%D9%85%D9%8A%D8%B9-%D8%A7%D9%84%D8%A3%D8%BA%D8%B1%D8%A7%D8%B6,0.0,0,لم يحسب,0,0,$5.00,يوم واحد,0,0,0.0,.Hamza K,https://khamsat.com/user/hamza-karkich,True,بائع جديد,0.0,0,لم يحسب بعد,2,0,لم يحسب
تصميم,https://khamsat.com/designing,Stable Diffusion,https://khamsat.com/designing/stable-diffusion,سأقوم بعمل صورة كرتونية لوجهك باستخدام الذكاء الاصطناعي,https://khamsat.com/designing/stable-diffusion/2854796-%D8%B3%D8%A3%D9%82%D9%88%D9%85-%D8%A8%D8%B9%D9%85%D9%84-%D8%B5%D9%88%D8%B1%D8%A9-%D9%83%D8%B1%D8%AA%D9%88%D9%86%D9%8A%D8%A9-%D9%84%D9%88%D8%AC%D9%87%D9%83-%D8%A8%D8%A7%D8%B3%D8%AA%D8%AE%D8%AF%D8%A7%D9%85-%D8%A7%D9%84%D8%B0%D9%83%D8%A7%D8%A1-%D8%A7%D9%84%D8%A7%D8%B5%D8%B7%D9%86%D8%A7%D8%B9%D9%8A,0.0,0,لم يحسب,0,0,$5.00,يوم واحد,0,1,5.0,.Khalid E,https://khamsat.com/user/khalidkhadrawy,True,بائع مميز,5.0,29,90.77%,9,30,ساعة
تصميم,https://khamsat.com/designing,Stable Diffusion,https://khamsat.com/designing/stable-diffusion,تحويل الخيال في عقلك لصور عبر ذكاء الصناعي,https://khamsat.com/designing/stable-diffusion/3017246-%D8%AA%D8%AD%D9%88%D9%8A%D9%84-%D8%A7%D9%84%D8%AE%D9%8A%D8%A7%D9%84-%D9%81%D9%8A-%D8%B9%D9%82%D9%84%D9%83-%D9%84%D8%B5%D9%88%D8%B1-%D8%B9%D8%A8%D8%B1-%D8%B0%D9%83%D8%A7%D8%A1-%D8%A7%D9%84%D8%B5%D9%86%D8%A7%D8%B9%D9%8A,0.0,0,لم يحسب,0,0,$5.00,يوم واحد,0,5,105.0,.Heldn A,https://khamsat.com/user/heldn,True,مشتري مميز,5.0,3,100.0%,5,3,14 يوم
تصميم,https://khamsat.com/designing,Stable Diffusion,https://khamsat.com/designing/stable-diffusion,تحويل صورتك الى اي صورة تتخيلها بالذكاء الاصطناعي,https://khamsat.com/designing/stable-diffusion/2815700-%D8%AA%D8%AD%D9%88%D9%8A%D9%84-%D8%B5%D9%88%D8%B1%D8%AA%D9%83-%D8%A7%D9%84%D9%89-%D8%A7%D9%8A-%D8%B5%D9%88%D8%B1%D8%A9-%D8%AA%D8%AA%D8%AE%D9%8A%D9%84%D9%87%D8%A7-%D8%A8%D8%A7%D9%84%D8%B0%D9%83%D8%A7%D8%A1-%D8%A7%D9%84%D8%A7%D8%B5%D8%B7%D9%86%D8%A7%D8%B9%D9%8A,0.0,0,لم يحسب,0,0,$5.00,يوم واحد,0,0,0.0,.Ahmed M,https://khamsat.com/user/ahmed_mostafa1412,True,بائع مميز,4.5,36,99.17%,6,39,4 ساعات
تصميم,https://khamsat.com/designing,Stable Diffusion,https://khamsat.com/designing/stable-diffusion,صناعة الصور بالذكاء الاصطناعي,https://khamsat.com/designing/stable-diffusion/2497235-%D8%B5%D9%86%D8%A7%D8%B9%D8%A9-%D8%A7%D9%84%D8%B5%D9%88%D8%B1-%D8%A8%D8%A7%D9%84%D8%B0%D9%83%D8%A7%D8%A1-%D8%A7%D9%84%D8%A7%D8%B5%D8%B7%D9%86%D8%A7%D8%B9%D9%8A,5.0,1,9 دقائق,0,0,$10.00,يوم واحد,1,0,0.0,.Ayat W,https://khamsat.com/user/teacherpen315,True,بائع مميز,5.0,28,84.29%,11,27,ساعة
تصميم,https://khamsat.com/designing,Stable Diffusion,https://khamsat.com/designing/stable-diffusion,تصميم صورة عمل فني بتأثير الباردوليا ( الخداع البصري ),https://khamsat.com/designing/stable-diffusion/2709372-%D8%AA%D8%B5%D9%85%D9%8A%D9%85-%D8%B5%D9%88%D8%B1%D8%A9-%D8%B9%D9%85%D9%84-%D9%81%D9%86%D9%8A-%D8%A8%D8%AA%D8%A3%D8%AB%D9%8A%D8%B1-%D8%A7%D9%84%D8%A8%D8%A7%D8%B1%D8%AF%D9%88%D9%84%D9%8A%D8%A7-%D8%A7%D9%84%D8%AE%D8%AF%D8%A7%D8%B9-%D8%A7%D9%84%D8%A8%D8%B5%D8%B1%D9%8A,0.0,0,52 دقيقة,0,0,$5.00,ثلاثة أيام,0,0,0.0,.Mohamed S,https://khamsat.com/user/mo_abdulsattar,True,بائع مميز,5.0,20,92.68%,9,23,ساعة
تصميم,https://khamsat.com/designing,Stable Diffusion,https://khamsat.com/designing/stable-diffusion,تصميم صور بالذكاء الاصطناعي,https://khamsat.com/designing/stable-diffusion/2818636-%D8%AA%D8%B5%D9%85%D9%8A%D9%85-%D8%B5%D9%88%D8%B1-%D8%A8%D8%A7%D9%84%D8%B0%D9%83%D8%A7%D8%A1-%D8%A7%D9%84%D8%A7%D8%B5%D8%B7%D9%86%D8%A7%D8%B9%D9%8A,0.0,0,لم يحسب,0,0,$5.00,ثلاثة أيام,0,1,5.0,.Fadi S,https://khamsat.com/user/fadisaleh99,True,بائع جديد,5.0,3,88.89%,4,4,9 ساعات
تصميم,https://khamsat.com/designing,Stable Diffusion,https://khamsat.com/designing/stable-diffusion,تحويل صورتك الشخصية بواسطة الذكاء الاصطناعي,https://khamsat.com/designing/stable-diffusion/2995574-%D8%AA%D8%AD%D9%88%D9%8A%D9%84-%D8%B5%D9%88%D8%B1%D8%AA%D9%83-%D8%A7%D9%84%D8%B4%D8%AE%D8%B5%D9%8A%D8%A9-%D8%A8%D9%88%D8%A7%D8%B3%D8%B7%D8%A9-%D8%A7%D9%84%D8%B0%D9%83%D8%A7%D8%A1-%D8%A7%D9%84%D8%A7%D8%B5%D8%B7%D9%86%D8%A7%D8%B9%D9%8A,5.0,1,ساعتين,2,0,$5.00,يوم واحد,1,3,20.0,.Omar M,https://khamsat.com/user/omarmakram6,True,بائع نشيط,5.0,8,100.0%,3,8,3 ساعات
تصميم,https://khamsat.com/designing,Stable Diffusion,https://khamsat.com/designing/stable-diffusion,انشاء صور بالذكاء الاصطناعي وصور 3d وإنشاء صور انمي,https://khamsat.com/designing/stable-diffusion/2909632-%D8%A7%D9%86%D8%B4%D8%A7%D8%A1-%D8%B5%D9%88%D8%B1-%D8%A8%D8%A7%D9%84%D8%B0%D9%83%D8%A7%D8%A1-%D8%A7%D9%84%D8%A7%D8%B5%D8%B7%D9%86%D8%A7%D8%B9%D9%8A-%D9%88%D8%B5%D9%88%D8%B1-3d-%D9%88%D8%A5%D9%86%D8%B4%D8%A7%D8%A1-%D8%B5%D9%88%D8%B1-%D8%A7%D9%86%D9%85%D9%8A,0.0,0,ساعة,0,1,$5.00,يوم واحد,0,1,10.0,محمد د.,https://khamsat.com/user/mohammed1_9,True,بائع نشيط,5.0,13,78.95%,5,17,ساعة
