Category Name,Category URL,Service Name,Service URL,Offer Name,Offer URL,Offer Stars,Offer Raters,Offer Response Time,Offer Buyers,Pending,Price,Duration,Reviews,Available Additions,Additions Price,Owner Name,Owner URL,Owner Verified,Owner Level,Owner Stars,Owner Raters,Owner Completion Rate,Owner Services,Owner Customers,Owner Response Time
تعليم عن بعد,https://khamsat.com/training,تعلم اللغة العربية,https://khamsat.com/training/learn-arabic,دروس خاصة في اللغة العربية لمختلف المستويات والصفوف,https://khamsat.com/training/learn-arabic/2701472-%D8%AF%D8%B1%D9%88%D8%B3-%D8%AE%D8%A7%D8%B5%D8%A9-%D9%81%D9%8A-%D8%A7%D9%84%D9%84%D8%BA%D8%A9-%D8%A7%D9%84%D8%B9%D8%B1%D8%A8%D9%8A%D8%A9-%D9%84%D9%85%D8%AE%D8%AA%D9%84%D9%81-%D8%A7%D9%84%D9%85%D8%B3%D8%AA%D9%88%D9%8A%D8%A7%D8%AA-%D9%88%D8%A7%D9%84%D8%B5%D9%81%D9%88%D9%81,5.0,3,3 دقائق,3,0,$10.00,ثلاثة أيام,3,1,100.0,أسامة ا.,https://khamsat.com/user/usamaelhuseyn,True,بائع نشيط,5.0,5,84.62%,2,5,ساعة
تعليم عن بعد,https://khamsat.com/training,تعلم اللغة العربية,https://khamsat.com/training/learn-arabic,تعليم اللغة العربية عن بعد بأسلوب مبسط لكافة المراحل العمرية,https://khamsat.com/training/learn-arabic/1720826-%D8%AA%D8%B9%D9%84%D9%8A%D9%85-%D8%A7%D9%84%D9%84%D8%BA%D8%A9-%D8%A7%D9%84%D8%B9%D8%B1%D8%A8%D9%8A%D8%A9-%D8%B9%D9%86-%D8%A8%D8%B9%D8%AF-%D8%A8%D8%A3%D8%B3%D9%84%D9%88%D8%A8-%D9%85%D8%A8%D8%B3%D8%B7-%D9%84%D9%83%D8%A7%D9%81%D8%A9-%D8%A7%D9%84%D9%85%D8%B1%D8%A7%D8%AD%D9%84-%D8%A7%D9%84%D8%B9%D9%85%D8%B1%D9%8A%D8%A9,5.0,15,54 دقيقة,18,0,$5.00,يوم واحد,15,4,40.0,محمد ا.,https://khamsat.com/user/hhydra,True,بائع مميز,4.5,73,97.24%,4,84,5 ساعات
تعليم عن بعد,https://khamsat.com/training,تعلم اللغة العربية,https://khamsat.com/training/learn-arabic,شرح مبسط لقواعد النحو من الصفر إلى الإتقان,https://khamsat.com/training/learn-arabic/2988662-%D8%B4%D8%B1%D8%AD-%D9%85%D8%A8%D8%B3%D8%B7-%D9%84%D9%82%D9%88%D8%A7%D8%B9%D8%AF-%D8%A7%D9%84%D9%86%D8%AD%D9%88-%D9%85%D9%86-%D8%A7%D9%84%D8%B5%D9%81%D8%B1-%D8%A5%D9%84%D9%89-%D8%A7%D9%84%D8%A5%D8%AA%D9%82%D8%A7%D9%86,5.0,2,ساعتين,2,0,$5.00,يوم واحد,2,1,5.0,هدى ا.,https://khamsat.com/user/huda_elshazly,True,بائع جديد,5.0,2,85.71%,2,3,ساعة
تعليم عن بعد,https://khamsat.com/training,تعلم اللغة العربية,https://khamsat.com/training/learn-arabic,تدريس علم البلاغة العربية:علم المعاني،علم البيان، علم البديع,https://khamsat.com/training/learn-arabic/2649118-%D8%AA%D8%AF%D8%B1%D9%8A%D8%B3-%D8%B9%D9%84%D9%85-%D8%A7%D9%84%D8%A8%D9%84%D8%A7%D8%BA%D8%A9-%D8%A7%D9%84%D8%B9%D8%B1%D8%A8%D9%8A%D8%A9%D8%B9%D9%84%D9%85-%D8%A7%D9%84%D9%85%D8%B9%D8%A7%D9%86%D9%8A%D8%B9%D9%84%D9%85-%D8%A7%D9%84%D8%A8%D9%8A%D8%A7%D9%86-%D8%B9%D9%84%D9%85-%D8%A7%D9%84%D8%A8%D8%AF%D9%8A%D8%B9,5.0,2,10 دقائق,2,0,$10.00,يوم واحد,2,0,0.0,احمد ا.,https://khamsat.com/user/aboaasim2002,True,مشتري مميز,5.0,2,100.0%,2,2,10 دقائق
تعليم عن بعد,https://khamsat.com/training,تعلم اللغة العربية,https://khamsat.com/training/learn-arabic,إعراب القصائد والجمل وشرح كل ما يتعلق باللغة العربية,https://khamsat.com/training/learn-arabic/1777937-%D8%A5%D8%B9%D8%B1%D8%A7%D8%A8-%D8%A7%D9%84%D9%82%D8%B5%D8%A7%D8%A6%D8%AF-%D9%88%D8%A7%D9%84%D8%AC%D9%85%D9%84-%D9%88%D8%B4%D8%B1%D8%AD-%D9%83%D9%84-%D9%85%D8%A7-%D9%8A%D8%AA%D8%B9%D9%84%D9%82-%D8%A8%D8%A7%D9%84%D9%84%D8%BA%D8%A9-%D8%A7%D9%84%D8%B9%D8%B1%D8%A8%D9%8A%D8%A9,5.0,2,ساعة,3,0,$10.00,يوم واحد,2,2,20.0,وليد ح.,https://khamsat.com/user/wal20099945,True,بائع مميز,5.0,56,95.05%,5,75,3 ساعات
تعليم عن بعد,https://khamsat.com/training,تعلم اللغة العربية,https://khamsat.com/training/learn-arabic,المساعدة في واجبات اللغة العربية,https://khamsat.com/training/learn-arabic/1738584-%D8%A7%D9%84%D9%85%D8%B3%D8%A7%D8%B9%D8%AF%D8%A9-%D9%81%D9%8A-%D9%88%D8%A7%D8%AC%D8%A8%D8%A7%D8%AA-%D8%A7%D9%84%D9%84%D8%BA%D8%A9-%D8%A7%D9%84%D8%B9%D8%B1%D8%A8%D9%8A%D8%A9,5.0,6,16 دقيقة,6,0,$5.00,يوم واحد,6,2,30.0,بيان ر.,https://khamsat.com/user/bayan_rasheed,True,بائع مميز,5.0,42,92.06%,6,37,3 ساعات
تعليم عن بعد,https://khamsat.com/training,تعلم اللغة العربية,https://khamsat.com/training/learn-arabic,تدريس في فروع اللغة العربية,https://khamsat.com/training/learn-arabic/2491084-%D8%AA%D8%AF%D8%B1%D9%8A%D8%B3-%D9%81%D9%8A-%D9%81%D8%B1%D9%88%D8%B9-%D8%A7%D9%84%D9%84%D8%BA%D8%A9-%D8%A7%D9%84%D8%B9%D8%B1%D8%A8%D9%8A%D8%A9,5.0,3,ساعتين,3,0,$5.00,يوم واحد,3,0,0.0,.Saeb D,https://khamsat.com/user/saeb_daloul2023,True,بائع نشيط,4.5,10,97.56%,10,12,ساعتين
تعليم عن بعد,https://khamsat.com/training,تعلم اللغة العربية,https://khamsat.com/training/learn-arabic,إبداع بلاغي: أتقن فنون علم المعاني والبيان والبديع,https://khamsat.com/training/learn-arabic/2944713-%D8%A5%D8%A8%D8%AF%D8%A7%D8%B9-%D8%A8%D9%84%D8%A7%D8%BA%D9%8A-%D8%A3%D8%AA%D9%82%D9%86-%D9%81%D9%86%D9%88%D9%86-%D8%B9%D9%84%D9%85-%D8%A7%D9%84%D9%85%D8%B9%D8%A7%D9%86%D9%8A-%D9%88%D8%A7%D9%84%D8%A8%D9%8A%D8%A7%D9%86-%D9%88%D8%A7%D9%84%D8%A8%D8%AF%D9%8A%D8%B9,0.0,0,لم يحسب,1,0,$10.00,يوم واحد,0,2,25.0,أحمد ا.,https://khamsat.com/user/ahmedelaraby1992,True,بائع جديد,5.0,3,100.0%,5,7,ساعتين
تعليم عن بعد,https://khamsat.com/training,تعلم اللغة العربية,https://khamsat.com/training/learn-arabic,الاستفسارات اللغوية والاستشارات البحثية,https://khamsat.com/training/learn-arabic/2856570-%D8%A7%D9%84%D8%A7%D8%B3%D8%AA%D9%81%D8%B3%D8%A7%D8%B1%D8%A7%D8%AA-%D8%A7%D9%84%D9%84%D8%BA%D9%88%D9%8A%D8%A9-%D9%88%D8%A7%D9%84%D8%A7%D8%B3%D8%AA%D8%B4%D8%A7%D8%B1%D8%A7%D8%AA-%D8%A7%D9%84%D8%A8%D8%AD%D8%AB%D9%8A%D8%A9,5.0,1,3 ساعات,1,0,$5.00,يوم واحد,1,2,15.0,محمود ي.,https://khamsat.com/user/dr_yousef_nour2002,True,بائع جديد,5.0,1,100.0%,4,1,3 ساعات
تعليم عن بعد,https://khamsat.com/training,تعلم اللغة العربية,https://khamsat.com/training/learn-arabic,تعليم اللغة العربية بكل فروعها ولكل المراحل التعليمية,https://khamsat.com/training/learn-arabic/2524048-%D8%AA%D8%B9%D9%84%D9%8A%D9%85-%D8%A7%D9%84%D9%84%D8%BA%D8%A9-%D8%A7%D9%84%D8%B9%D8%B1%D8%A8%D9%8A%D8%A9-%D8%A8%D9%83%D9%84-%D9%81%D8%B1%D9%88%D8%B9%D9%87%D8%A7-%D9%88%D9%84%D9%83%D9%84-%D8%A7%D9%84%D9%85%D8%B1%D8%A7%D8%AD%D9%84-%D8%A7%D9%84%D8%AA%D8%B9%D9%84%D9%8A%D9%85%D9%8A%D8%A9,5.0,1,ساعتين,3,0,$5.00,يوم واحد,1,1,10.0,.Doaa M,https://khamsat.com/user/dm086268,True,بائع جديد,5.0,1,100.0%,1,3,ساعتين
تعليم عن بعد,https://khamsat.com/training,تعلم اللغة العربية,https://khamsat.com/training/learn-arabic,تعليم اللغة العربية باستخدام استراتيجيات التعليم الحديثة,https://khamsat.com/training/learn-arabic/2464263-%D8%AA%D8%B9%D9%84%D9%8A%D9%85-%D8%A7%D9%84%D9%84%D8%BA%D8%A9-%D8%A7%D9%84%D8%B9%D8%B1%D8%A8%D9%8A%D8%A9-%D8%A8%D8%A7%D8%B3%D8%AA%D8%AE%D8%AF%D8%A7%D9%85-%D8%A7%D8%B3%D8%AA%D8%B1%D8%A7%D8%AA%D9%8A%D8%AC%D9%8A%D8%A7%D8%AA-%D8%A7%D9%84%D8%AA%D8%B9%D9%84%D9%8A%D9%85-%D8%A7%D9%84%D8%AD%D8%AF%D9%8A%D8%AB%D8%A9,5.0,1,ساعتين,3,0,$10.00,يوم واحد,1,1,20.0,أحمد ا.,https://khamsat.com/user/ahmedelaraby1992,True,بائع جديد,5.0,3,100.0%,5,7,ساعتين
تعليم عن بعد,https://khamsat.com/training,تعلم اللغة العربية,https://khamsat.com/training/learn-arabic,تعليم قواعد اللغة العربية والاعراب,https://khamsat.com/training/learn-arabic/2200276-%D8%AA%D8%B9%D9%84%D9%8A%D9%85-%D9%82%D9%88%D8%A7%D8%B9%D8%AF-%D8%A7%D9%84%D9%84%D8%BA%D8%A9-%D8%A7%D9%84%D8%B9%D8%B1%D8%A8%D9%8A%D8%A9-%D9%88%D8%A7%D9%84%D8%A7%D8%B9%D8%B1%D8%A7%D8%A8,4.5,4,ساعة,5,0,$5.00,يوم واحد,4,0,0.0,.Mohammad A,https://khamsat.com/user/mohammadamin98,True,بائع جديد,4.5,5,81.82%,2,6,5 ساعات
تعليم عن بعد,https://khamsat.com/training,تعلم اللغة العربية,https://khamsat.com/training/learn-arabic,تدريس قواعد اللغة العربية,https://khamsat.com/training/learn-arabic/2484809-%D8%AA%D8%AF%D8%B1%D9%8A%D8%B3-%D9%82%D9%88%D8%A7%D8%B9%D8%AF-%D8%A7%D9%84%D9%84%D8%BA%D8%A9-%D8%A7%D9%84%D8%B9%D8%B1%D8%A8%D9%8A%D8%A9,5.0,1,ساعة,1,0,$5.00,يوم واحد,1,0,0.0,.Sara A,https://khamsat.com/user/saraadel1810,True,بائع جديد,5.0,2,100.0%,4,3,54 دقيقة
تعليم عن بعد,https://khamsat.com/training,تعلم اللغة العربية,https://khamsat.com/training/learn-arabic,تعليم اللغة العربية باستخدام استراتيجيات التعليم الحديثة,https://khamsat.com/training/learn-arabic/2331132-%D8%AA%D8%B9%D9%84%D9%8A%D9%85-%D8%A7%D9%84%D9%84%D8%BA%D8%A9-%D8%A7%D9%84%D8%B9%D8%B1%D8%A8%D9%8A%D8%A9-%D8%A8%D8%A7%D8%B3%D8%AA%D8%AE%D8%AF%D8%A7%D9%85-%D8%A7%D8%B3%D8%AA%D8%B1%D8%A7%D8%AA%D9%8A%D8%AC%D9%8A%D8%A7%D8%AA-%D8%A7%D9%84%D8%AA%D8%B9%D9%84%D9%8A%D9%85-%D8%A7%D9%84%D8%AD%D8%AF%D9%8A%D8%AB%D8%A9,4.5,4,3 ساعات,4,0,$5.00,يوم واحد,4,2,25.0,.Kholoud A,https://khamsat.com/user/kholoud_diab,True,بائع نشيط,4.5,10,90.32%,3,6,ساعة
تعليم عن بعد,https://khamsat.com/training,تعلم اللغة العربية,https://khamsat.com/training/learn-arabic,كورس تعليم القراءة والكتابة باللغة العربية,https://khamsat.com/training/learn-arabic/2136564-%D9%83%D9%88%D8%B1%D8%B3-%D8%AA%D8%B9%D9%84%D9%8A%D9%85-%D8%A7%D9%84%D9%82%D8%B1%D8%A7%D8%A1%D8%A9-%D9%88%D8%A7%D9%84%D9%83%D8%AA%D8%A7%D8%A8%D8%A9-%D8%A8%D8%A7%D9%84%D9%84%D8%BA%D8%A9-%D8%A7%D9%84%D8%B9%D8%B1%D8%A8%D9%8A%D8%A9,5.0,2,ساعة,5,0,$5.00,يوم واحد,2,0,0.0,أيمن أ.,https://khamsat.com/user/aymanahmedebrahem,True,بائع جديد,5.0,2,100.0%,1,5,ساعة
تعليم عن بعد,https://khamsat.com/training,تعلم اللغة العربية,https://khamsat.com/training/learn-arabic,تعليم اللغة العربية بفروعها في النحو والبلاغة والصرف,https://khamsat.com/training/learn-arabic/3045974-%D8%AA%D8%B9%D9%84%D9%8A%D9%85-%D8%A7%D9%84%D9%84%D8%BA%D8%A9-%D8%A7%D9%84%D8%B9%D8%B1%D8%A8%D9%8A%D8%A9-%D8%A8%D9%81%D8%B1%D9%88%D8%B9%D9%87%D8%A7-%D9%81%D9%8A-%D8%A7%D9%84%D9%86%D8%AD%D9%88-%D9%88%D8%A7%D9%84%D8%A8%D9%84%D8%A7%D8%BA%D8%A9-%D9%88%D8%A7%D9%84%D8%B5%D8%B1%D9%81,0.0,0,لم يحسب,0,0,$5.00,يوم واحد,0,0,0.0,خالد ط.,https://khamsat.com/user/kh2244,True,بائع جديد,0.0,0,لم يحسب بعد,1,0,لم يحسب
تعليم عن بعد,https://khamsat.com/training,تعلم اللغة العربية,https://khamsat.com/training/learn-arabic,شروحات لبرنامج ezcad 2 تتضمن كتب باللغة العربية,https://khamsat.com/training/learn-arabic/2504105-%D8%B4%D8%B1%D9%88%D8%AD%D8%A7%D8%AA-%D9%84%D8%A8%D8%B1%D9%86%D8%A7%D9%85%D8%AC-ezcad-2-%D8%AA%D8%AA%D8%B6%D9%85%D9%86-%D9%83%D8%AA%D8%A8-%D8%A8%D8%A7%D9%84%D9%84%D8%BA%D8%A9-%D8%A7%D9%84%D8%B9%D8%B1%D8%A8%D9%8A%D8%A9,5.0,1,13 دقيقة,1,0,$10.00,يومين,1,4,140.0,.Abdullah A,https://khamsat.com/user/eng_abdullah1103,False,بائع جديد,5.0,1,100.0%,2,1,13 دقيقة
تعليم عن بعد,https://khamsat.com/training,تعلم اللغة العربية,https://khamsat.com/training/learn-arabic,تأسيس الأطفال فى القراءة والكتابة+لغة عربية للإبتدائي,https://khamsat.com/training/learn-arabic/2658534-%D8%AA%D8%A3%D8%B3%D9%8A%D8%B3-%D8%A7%D9%84%D8%A3%D8%B7%D9%81%D8%A7%D9%84-%D9%81%D9%89-%D8%A7%D9%84%D9%82%D8%B1%D8%A7%D8%A1%D8%A9-%D9%88%D8%A7%D9%84%D9%83%D8%AA%D8%A7%D8%A8%D8%A9%D9%84%D8%BA%D8%A9-%D8%B9%D8%B1%D8%A8%D9%8A%D8%A9-%D9%84%D9%84%D8%A5%D8%A8%D8%AA%D8%AF%D8%A7%D8%A6%D9%8A,0.0,0,لم يحسب,0,0,$5.00,يوم واحد,0,2,80.0,.Rana M,https://khamsat.com/user/rana_mhmd,False,بائع جديد,0.0,0,لم يحسب بعد,2,0,لم يحسب
تعليم عن بعد,https://khamsat.com/training,تعلم اللغة العربية,https://khamsat.com/training/learn-arabic,تدريس النحو العربي لجميع المراحل,https://khamsat.com/training/learn-arabic/2942800-%D8%AA%D8%AF%D8%B1%D9%8A%D8%B3-%D8%A7%D9%84%D9%86%D8%AD%D9%88-%D8%A7%D9%84%D8%B9%D8%B1%D8%A8%D9%8A-%D9%84%D8%AC%D9%85%D9%8A%D8%B9-%D8%A7%D9%84%D9%85%D8%B1%D8%A7%D8%AD%D9%84,0.0,0,لم يحسب,0,0,$10.00,يوم واحد,0,1,10.0,احمد ا.,https://khamsat.com/user/aboaasim2002,True,مشتري مميز,5.0,2,100.0%,2,2,10 دقائق
تعليم عن بعد,https://khamsat.com/training,تعلم اللغة العربية,https://khamsat.com/training/learn-arabic,درس خصوصي في اللغة العربية المنهج السعودي,https://khamsat.com/training/learn-arabic/3002176-%D8%AF%D8%B1%D8%B3-%D8%AE%D8%B5%D9%88%D8%B5%D9%8A-%D9%81%D9%8A-%D8%A7%D9%84%D9%84%D8%BA%D8%A9-%D8%A7%D9%84%D8%B9%D8%B1%D8%A8%D9%8A%D8%A9-%D8%A7%D9%84%D9%85%D9%86%D9%87%D8%AC-%D8%A7%D9%84%D8%B3%D8%B9%D9%88%D8%AF%D9%8A,0.0,0,لم يحسب,0,0,$5.00,يومين,0,1,5.0,احمد ا.,https://khamsat.com/user/ahmedbakr86,False,بائع جديد,0.0,0,لم يحسب بعد,1,0,لم يحسب
تعليم عن بعد,https://khamsat.com/training,تعلم اللغة العربية,https://khamsat.com/training/learn-arabic,تعليم اللغة العربية نحو أدب بلاغة وتسهيل الفهم,https://khamsat.com/training/learn-arabic/3041385-%D8%AA%D8%B9%D9%84%D9%8A%D9%85-%D8%A7%D9%84%D9%84%D8%BA%D8%A9-%D8%A7%D9%84%D8%B9%D8%B1%D8%A8%D9%8A%D8%A9-%D9%86%D8%AD%D9%88-%D8%A3%D8%AF%D8%A8-%D8%A8%D9%84%D8%A7%D8%BA%D8%A9-%D9%88%D8%AA%D8%B3%D9%87%D9%8A%D9%84-%D8%A7%D9%84%D9%81%D9%87%D9%85,0.0,0,لم يحسب,0,0,$5.00,يوم واحد,0,0,0.0,دكتور عزوز ع.,https://khamsat.com/user/azouz_ali_salem5,False,بائع جديد,0.0,0,لم يحسب بعد,1,0,لم يحسب
تعليم عن بعد,https://khamsat.com/training,تعلم اللغة العربية,https://khamsat.com/training/learn-arabic,معلم لغة عربية للعرب ولغير الناطقين بها,https://khamsat.com/training/learn-arabic/3009795-%D9%85%D8%B9%D9%84%D9%85-%D9%84%D8%BA%D8%A9-%D8%B9%D8%B1%D8%A8%D9%8A%D8%A9-%D9%84%D9%84%D8%B9%D8%B1%D8%A8-%D9%88%D9%84%D8%BA%D9%8A%D8%B1-%D8%A7%D9%84%D9%86%D8%A7%D8%B7%D9%82%D9%8A%D9%86-%D8%A8%D9%87%D8%A7,0.0,0,لم يحسب,0,0,$5.00,يوم واحد,0,0,0.0,.Abeer S,https://khamsat.com/user/berosalah1994,True,بائع جديد,0.0,0,لم يحسب بعد,2,0,لم يحسب
تعليم عن بعد,https://khamsat.com/training,تعلم اللغة العربية,https://khamsat.com/training/learn-arabic,المساعدة في حل واجبات اللغة العربية لأطفالك,https://khamsat.com/training/learn-arabic/2109713-%D8%A7%D9%84%D9%85%D8%B3%D8%A7%D8%B9%D8%AF%D8%A9-%D9%81%D9%8A-%D8%AD%D9%84-%D9%88%D8%A7%D8%AC%D8%A8%D8%A7%D8%AA-%D8%A7%D9%84%D9%84%D8%BA%D8%A9-%D8%A7%D9%84%D8%B9%D8%B1%D8%A8%D9%8A%D8%A9-%D9%84%D8%A3%D8%B7%D9%81%D8%A7%D9%84%D9%83,0.0,0,3 دقائق,0,0,$5.00,يوم واحد,0,0,0.0,.Yassine Y,https://khamsat.com/user/yassine_son,True,بائع جديد,3.0,3,60.0%,4,2,5 ساعات
تعليم عن بعد,https://khamsat.com/training,تعلم اللغة العربية,https://khamsat.com/training/learn-arabic,تعليم وتحسين مستوى الاطفال في القراءة والكتابة,https://khamsat.com/training/learn-arabic/2579807-%D8%AA%D8%B9%D9%84%D9%8A%D9%85-%D9%88%D8%AA%D8%AD%D8%B3%D9%8A%D9%86-%D9%85%D8%B3%D8%AA%D9%88%D9%89-%D8%A7%D9%84%D8%A7%D8%B7%D9%81%D8%A7%D9%84-%D9%81%D9%8A-%D8%A7%D9%84%D9%82%D8%B1%D8%A7%D8%A1%D8%A9-%D9%88%D8%A7%D9%84%D9%83%D8%AA%D8%A7%D8%A8%D8%A9,5.0,2,4 ساعات,1,0,$5.00,شهر,2,3,115.0,.Ahlam I,https://khamsat.com/user/ahlamghrip,True,بائع جديد,5.0,2,20.0%,2,1,4 ساعات
تعليم عن بعد,https://khamsat.com/training,تعلم اللغة العربية,https://khamsat.com/training/learn-arabic,تأسيس اللغة العربية من الصفر للأطفال والأعاجم,https://khamsat.com/training/learn-arabic/2978421-%D8%AA%D8%A3%D8%B3%D9%8A%D8%B3-%D8%A7%D9%84%D9%84%D8%BA%D8%A9-%D8%A7%D9%84%D8%B9%D8%B1%D8%A8%D9%8A%D8%A9-%D9%85%D9%86-%D8%A7%D9%84%D8%B5%D9%81%D8%B1-%D9%84%D9%84%D8%A3%D8%B7%D9%81%D8%A7%D9%84-%D9%88%D8%A7%D9%84%D8%A3%D8%B9%D8%A7%D8%AC%D9%85,0.0,0,لم يحسب,0,0,$5.00,يوم واحد,0,0,0.0,.Asmaa M,https://khamsat.com/user/asmaa_morsy1998,True,بائع جديد,0.0,0,لم يحسب بعد,1,0,لم يحسب
تعليم عن بعد,https://khamsat.com/training,تعلم اللغة العربية,https://khamsat.com/training/learn-arabic,شرح دروس اللغة العربية,https://khamsat.com/training/learn-arabic/1559878-%D8%B4%D8%B1%D8%AD-%D8%AF%D8%B1%D9%88%D8%B3-%D8%A7%D9%84%D9%84%D8%BA%D8%A9-%D8%A7%D9%84%D8%B9%D8%B1%D8%A8%D9%8A%D8%A9,5.0,2,ساعة,3,0,$5.00,يوم واحد,2,0,0.0,.Nahed S,https://khamsat.com/user/nahedsamir,True,بائع نشيط,5.0,4,100.0%,4,6,3 ساعات
تعليم عن بعد,https://khamsat.com/training,تعلم اللغة العربية,https://khamsat.com/training/learn-arabic,تعلم كيفية كتابة المقال الاحترافي,https://khamsat.com/training/learn-arabic/2926779-%D8%AA%D8%B9%D9%84%D9%85-%D9%83%D9%8A%D9%81%D9%8A%D8%A9-%D9%83%D8%AA%D8%A7%D8%A8%D8%A9-%D8%A7%D9%84%D9%85%D9%82%D8%A7%D9%84-%D8%A7%D9%84%D8%A7%D8%AD%D8%AA%D8%B1%D8%A7%D9%81%D9%8A,5.0,1,ساعتين,1,0,$5.00,يوم واحد,1,0,0.0,.Ahmed A,https://khamsat.com/user/ahmedabdo8422,True,مشتري جديد,5.0,1,100.0%,4,1,ساعتين
تعليم عن بعد,https://khamsat.com/training,تعلم اللغة العربية,https://khamsat.com/training/learn-arabic,المساعدة في حل أسئلة اللغة العربية لجميع المراحل التعليمية.,https://khamsat.com/training/learn-arabic/1849823-%D8%A7%D9%84%D9%85%D8%B3%D8%A7%D8%B9%D8%AF%D8%A9-%D9%81%D9%8A-%D8%AD%D9%84-%D8%A3%D8%B3%D8%A6%D9%84%D8%A9-%D8%A7%D9%84%D9%84%D8%BA%D8%A9-%D8%A7%D9%84%D8%B9%D8%B1%D8%A8%D9%8A%D8%A9-%D9%84%D8%AC%D9%85%D9%8A%D8%B9-%D8%A7%D9%84%D9%85%D8%B1%D8%A7%D8%AD%D9%84-%D8%A7%D9%84%D8%AA%D8%B9%D9%84%D9%8A%D9%85%D9%8A%D8%A9,0.0,0,ساعة,0,0,$5.00,يوم واحد,0,2,10.0,اسراء ع.,https://khamsat.com/user/esraaalaa77,True,بائع جديد,5.0,6,100.0%,3,6,يوم
تعليم عن بعد,https://khamsat.com/training,تعلم اللغة العربية,https://khamsat.com/training/learn-arabic,المساعدة في حل الواجبات الجامعية في مجال اللغة العربية,https://khamsat.com/training/learn-arabic/2491067-%D8%A7%D9%84%D9%85%D8%B3%D8%A7%D8%B9%D8%AF%D8%A9-%D9%81%D9%8A-%D8%AD%D9%84-%D8%A7%D9%84%D9%88%D8%A7%D8%AC%D8%A8%D8%A7%D8%AA-%D8%A7%D9%84%D8%AC%D8%A7%D9%85%D8%B9%D9%8A%D8%A9-%D9%81%D9%8A-%D9%85%D8%AC%D8%A7%D9%84-%D8%A7%D9%84%D9%84%D8%BA%D8%A9-%D8%A7%D9%84%D8%B9%D8%B1%D8%A8%D9%8A%D8%A9,4.5,6,ساعتين,9,0,$5.00,يوم واحد,6,0,0.0,.Saeb D,https://khamsat.com/user/saeb_daloul2023,True,بائع نشيط,4.5,10,97.56%,10,12,ساعتين
تعليم عن بعد,https://khamsat.com/training,تعلم اللغة العربية,https://khamsat.com/training/learn-arabic,تصميم أوراق عمل للطفل بهدف محدد,https://khamsat.com/training/learn-arabic/2803301-%D8%AA%D8%B5%D9%85%D9%8A%D9%85-%D8%A3%D9%88%D8%B1%D8%A7%D9%82-%D8%B9%D9%85%D9%84-%D9%84%D9%84%D8%B7%D9%81%D9%84-%D8%A8%D9%87%D8%AF%D9%81-%D9%85%D8%AD%D8%AF%D8%AF,0.0,0,لم يحسب,0,0,$5.00,يوم واحد,0,1,5.0,.Maryam S,https://khamsat.com/user/kidshere,False,بائع جديد,0.0,0,لم يحسب بعد,2,0,لم يحسب
تعليم عن بعد,https://khamsat.com/training,تعلم اللغة الإنجليزية,https://khamsat.com/training/learn-english,تعلم اللغة الانجليزية وزيادة الثقة بالنفس,https://khamsat.com/training/learn-english/2598713-%D8%AA%D8%B9%D9%84%D9%85-%D8%A7%D9%84%D9%84%D8%BA%D8%A9-%D8%A7%D9%84%D8%A7%D9%86%D8%AC%D9%84%D9%8A%D8%B2%D9%8A%D8%A9-%D9%88%D8%B2%D9%8A%D8%A7%D8%AF%D8%A9-%D8%A7%D9%84%D8%AB%D9%82%D8%A9-%D8%A8%D8%A7%D9%84%D9%86%D9%81%D8%B3,5.0,7,9 أيام,8,0,$5.00,يوم واحد,7,2,175.0,.Ahmed H,https://khamsat.com/user/ahmedsamir204018,True,بائع نشيط,5.0,7,100.0%,2,8,9 أيام
تعليم عن بعد,https://khamsat.com/training,تعلم اللغة الإنجليزية,https://khamsat.com/training/learn-english,تأهيلك لإجتياز إختبار ستيب STEP بنجاح,https://khamsat.com/training/learn-english/3017501-%D8%AA%D8%A3%D9%87%D9%8A%D9%84%D9%83-%D9%84%D8%A5%D8%AC%D8%AA%D9%8A%D8%A7%D8%B2-%D8%A5%D8%AE%D8%AA%D8%A8%D8%A7%D8%B1-%D8%B3%D8%AA%D9%8A%D8%A8-step-%D8%A8%D9%86%D8%AC%D8%A7%D8%AD,0.0,0,ساعة,1,0,$10.00,يوم واحد,0,1,5.0,.Rady E,https://khamsat.com/user/rady_elshafey,True,بائع جديد,0.0,0,100.0%,2,1,ساعة
تعليم عن بعد,https://khamsat.com/training,تعلم اللغة الإنجليزية,https://khamsat.com/training/learn-english,كورسات محادثة انجليزية لكافة المستويات,https://khamsat.com/training/learn-english/2664599-%D9%83%D9%88%D8%B1%D8%B3%D8%A7%D8%AA-%D9%85%D8%AD%D8%A7%D8%AF%D8%AB%D8%A9-%D8%A7%D9%86%D8%AC%D9%84%D9%8A%D8%B2%D9%8A%D8%A9-%D9%84%D9%83%D8%A7%D9%81%D8%A9-%D8%A7%D9%84%D9%85%D8%B3%D8%AA%D9%88%D9%8A%D8%A7%D8%AA,5.0,9,3 دقائق,11,0,$10.00,يوم واحد,9,1,200.0,.Khalil L,https://khamsat.com/user/khalil87,True,بائع مميز,5.0,43,98.92%,12,44,19 دقيقة
تعليم عن بعد,https://khamsat.com/training,تعلم اللغة الإنجليزية,https://khamsat.com/training/learn-english,سأجعلك تتقن المحادثة الإنجليزية بطريقة الفطرة,https://khamsat.com/training/learn-english/2007252-%D8%B3%D8%A3%D8%AC%D8%B9%D9%84%D9%83-%D8%AA%D8%AA%D9%82%D9%86-%D8%A7%D9%84%D9%85%D8%AD%D8%A7%D8%AF%D8%AB%D8%A9-%D8%A7%D9%84%D8%A5%D9%86%D8%AC%D9%84%D9%8A%D8%B2%D9%8A%D8%A9-%D8%A8%D8%B7%D8%B1%D9%8A%D9%82%D8%A9-%D8%A7%D9%84%D9%81%D8%B7%D8%B1%D8%A9,5.0,26,21 دقيقة,34,0,$5.00,أربعة أيام,25,1,10.0,.Abd Alkader D,https://khamsat.com/user/abdalkader3,True,بائع مميز,5.0,81,96.88%,7,66,4 ساعات
تعليم عن بعد,https://khamsat.com/training,تعلم اللغة الإنجليزية,https://khamsat.com/training/learn-english,تعلم اللغة الإنجليزية من الصفر إلى الإحتراف,https://khamsat.com/training/learn-english/2655488-%D8%AA%D8%B9%D9%84%D9%85-%D8%A7%D9%84%D9%84%D8%BA%D8%A9-%D8%A7%D9%84%D8%A5%D9%86%D8%AC%D9%84%D9%8A%D8%B2%D9%8A%D8%A9-%D9%85%D9%86-%D8%A7%D9%84%D8%B5%D9%81%D8%B1-%D8%A5%D9%84%D9%89-%D8%A7%D9%84%D8%A5%D8%AD%D8%AA%D8%B1%D8%A7%D9%81,5.0,1,23 دقيقة,1,0,$10.00,يومين,1,5,115.0,.Nedjla K,https://khamsat.com/user/nedjla_ks,True,بائع نشيط,5.0,7,100.0%,3,8,ساعة
تعليم عن بعد,https://khamsat.com/training,تعلم اللغة الإنجليزية,https://khamsat.com/training/learn-english,تدريس عن بعد للغة الانجليزية من الصفر,https://khamsat.com/training/learn-english/1345585-%D8%AA%D8%AF%D8%B1%D9%8A%D8%B3-%D8%B9%D9%86-%D8%A8%D8%B9%D8%AF-%D9%84%D9%84%D8%BA%D8%A9-%D8%A7%D9%84%D8%A7%D9%86%D8%AC%D9%84%D9%8A%D8%B2%D9%8A%D8%A9-%D9%85%D9%86-%D8%A7%D9%84%D8%B5%D9%81%D8%B1,5.0,17,18 دقيقة,21,0,$10.00,يوم واحد,17,5,265.0,.Mouna O,https://khamsat.com/user/mouna_mina_12,True,بائع مميز,5.0,40,94.4%,1,46,27 دقيقة
تعليم عن بعد,https://khamsat.com/training,تعلم اللغة الإنجليزية,https://khamsat.com/training/learn-english,المساعدة فى تدريس اللغة الانجليزية لجميع المراحل,https://khamsat.com/training/learn-english/1758554-%D8%A7%D9%84%D9%85%D8%B3%D8%A7%D8%B9%D8%AF%D8%A9-%D9%81%D9%89-%D8%AA%D8%AF%D8%B1%D9%8A%D8%B3-%D8%A7%D9%84%D9%84%D8%BA%D8%A9-%D8%A7%D9%84%D8%A7%D9%86%D8%AC%D9%84%D9%8A%D8%B2%D9%8A%D8%A9-%D9%84%D8%AC%D9%85%D9%8A%D8%B9-%D8%A7%D9%84%D9%85%D8%B1%D8%A7%D8%AD%D9%84,5.0,12,ساعتين,18,0,$5.00,يوم واحد,12,2,50.0,ايمان م.,https://khamsat.com/user/eman_elsalakawy,True,بائع مميز,5.0,20,100.0%,3,23,10 ساعات
تعليم عن بعد,https://khamsat.com/training,تعلم اللغة الإنجليزية,https://khamsat.com/training/learn-english,كتاب ( مايندجرامر ) لتعليم قواعد اللغة الإنجليزية,https://khamsat.com/training/learn-english/2544781-%D9%83%D8%AA%D8%A7%D8%A8-%D9%85%D8%A7%D9%8A%D9%86%D8%AF%D8%AC%D8%B1%D8%A7%D9%85%D8%B1-%D9%84%D8%AA%D8%B9%D9%84%D9%8A%D9%85-%D9%82%D9%88%D8%A7%D8%B9%D8%AF-%D8%A7%D9%84%D9%84%D8%BA%D8%A9-%D8%A7%D9%84%D8%A5%D9%86%D8%AC%D9%84%D9%8A%D8%B2%D9%8A%D8%A9,4.5,9,49 دقيقة,23,0,$10.00,يوم واحد,9,0,0.0,مصطفى ف.,https://khamsat.com/user/%D9%85%D8%B5%D8%B7%D9%81%D9%8A-%D9%83%D8%A7%D8%A8%D9%88,True,بائع نشيط,4.5,9,100.0%,1,23,49 دقيقة
تعليم عن بعد,https://khamsat.com/training,تعلم اللغة الإنجليزية,https://khamsat.com/training/learn-english,دروس خصوصية لتعلم اللغة الإنجليزية,https://khamsat.com/training/learn-english/3024363-%D8%AF%D8%B1%D9%88%D8%B3-%D8%AE%D8%B5%D9%88%D8%B5%D9%8A%D8%A9-%D9%84%D8%AA%D8%B9%D9%84%D9%85-%D8%A7%D9%84%D9%84%D8%BA%D8%A9-%D8%A7%D9%84%D8%A5%D9%86%D8%AC%D9%84%D9%8A%D8%B2%D9%8A%D8%A9,5.0,1,10 دقائق,1,0,$5.00,يوم واحد,1,1,5.0,.Asrar Q,https://khamsat.com/user/as87_gf7,False,بائع جديد,5.0,1,100.0%,2,1,10 دقائق
تعليم عن بعد,https://khamsat.com/training,تعلم اللغة الإنجليزية,https://khamsat.com/training/learn-english,المساعدة في حل واجبات مادة اللغة الإنجليزية لجميع المراحل التعليمية,https://khamsat.com/training/learn-english/1221459-%D8%A7%D9%84%D9%85%D8%B3%D8%A7%D8%B9%D8%AF%D8%A9-%D9%81%D9%8A-%D8%AD%D9%84-%D9%88%D8%A7%D8%AC%D8%A8%D8%A7%D8%AA-%D9%85%D8%A7%D8%AF%D8%A9-%D8%A7%D9%84%D9%84%D8%BA%D8%A9-%D8%A7%D9%84%D8%A5%D9%86%D8%AC%D9%84%D9%8A%D8%B2%D9%8A%D8%A9-%D9%84%D8%AC%D9%85%D9%8A%D8%B9-%D8%A7%D9%84%D9%85%D8%B1%D8%A7%D8%AD%D9%84-%D8%A7%D9%84%D8%AA%D8%B9%D9%84%D9%8A%D9%85%D9%8A%D8%A9,4.5,23,3 ساعات,29,0,$5.00,يوم واحد,23,1,5.0,.Heba H,https://khamsat.com/user/the-ambassador,True,بائع مميز,4.5,25,91.78%,2,30,3 ساعات
تعليم عن بعد,https://khamsat.com/training,تعلم اللغة الإنجليزية,https://khamsat.com/training/learn-english,تدريس قواعد اللغة الانجليزية للطلاب حتى عمر ١٤ عام,https://khamsat.com/training/learn-english/2869482-%D8%AA%D8%AF%D8%B1%D9%8A%D8%B3-%D9%82%D9%88%D8%A7%D8%B9%D8%AF-%D8%A7%D9%84%D9%84%D8%BA%D8%A9-%D8%A7%D9%84%D8%A7%D9%86%D8%AC%D9%84%D9%8A%D8%B2%D9%8A%D8%A9-%D9%84%D9%84%D8%B7%D9%84%D8%A7%D8%A8-%D8%AD%D8%AA%D9%89-%D8%B9%D9%85%D8%B1-%D8%B9%D8%A7%D9%85,5.0,6,8 ساعات,6,0,$5.00,يومين,6,0,0.0,يارا ج.,https://khamsat.com/user/yarajarad994,True,بائع جديد,5.0,6,85.71%,4,6,8 ساعات
تعليم عن بعد,https://khamsat.com/training,تعلم اللغة الإنجليزية,https://khamsat.com/training/learn-english,تعلم اللغة الانجليزية بطريقة ممتعة و شيقة .,https://khamsat.com/training/learn-english/3045107-%D8%AA%D8%B9%D9%84%D9%85-%D8%A7%D9%84%D9%84%D8%BA%D8%A9-%D8%A7%D9%84%D8%A7%D9%86%D8%AC%D9%84%D9%8A%D8%B2%D9%8A%D8%A9-%D8%A8%D8%B7%D8%B1%D9%8A%D9%82%D8%A9-%D9%85%D9%85%D8%AA%D8%B9%D8%A9-%D9%88-%D8%B4%D9%8A%D9%82%D8%A9-,5.0,1,دقيقة,1,0,$5.00,يوم واحد,1,0,0.0,ايه م.,https://khamsat.com/user/aya123saleh,True,بائع جديد,5.0,1,100.0%,1,1,دقيقة
تعليم عن بعد,https://khamsat.com/training,تعلم اللغة الإنجليزية,https://khamsat.com/training/learn-english,المساعدة في حل واجبات اللغة الانجليزية (50 سؤال ),https://khamsat.com/training/learn-english/835407-%D8%A7%D9%84%D9%85%D8%B3%D8%A7%D8%B9%D8%AF%D8%A9-%D9%81%D9%8A-%D8%AD%D9%84-%D9%88%D8%A7%D8%AC%D8%A8%D8%A7%D8%AA-%D8%A7%D9%84%D9%84%D8%BA%D8%A9-%D8%A7%D9%84%D8%A7%D9%86%D8%AC%D9%84%D9%8A%D8%B2%D9%8A%D8%A9-50-%D8%B3%D8%A4%D8%A7%D9%84,5.0,21,ساعة,26,0,$5.00,يوم واحد,21,1,5.0,محمد ع.,https://khamsat.com/user/%D9%85%D8%AD%D9%85%D8%AF-%D8%B9%D8%A8%D8%AF-%D8%A7%D9%84%D8%B9%D8%A7%D8%B7%D9%8A-%D8%A7%D8%AD%D9%85%D8%AF,True,بائع مميز,5.0,56,94.74%,3,67,6 ساعات
تعليم عن بعد,https://khamsat.com/training,تعلم اللغة الإنجليزية,https://khamsat.com/training/learn-english,تعلم وممارسة اللغة الإنجليزية مع مختص تعليم اللغات الأجنبية,https://khamsat.com/training/learn-english/1437079-%D8%AA%D8%B9%D9%84%D9%85-%D9%88%D9%85%D9%85%D8%A7%D8%B1%D8%B3%D8%A9-%D8%A7%D9%84%D9%84%D8%BA%D8%A9-%D8%A7%D9%84%D8%A5%D9%86%D8%AC%D9%84%D9%8A%D8%B2%D9%8A%D8%A9-%D9%85%D8%B9-%D9%85%D8%AE%D8%AA%D8%B5-%D8%AA%D8%B9%D9%84%D9%8A%D9%85-%D8%A7%D9%84%D9%84%D8%BA%D8%A7%D8%AA-%D8%A7%D9%84%D8%A3%D8%AC%D9%86%D8%A8%D9%8A%D8%A9,5.0,5,4 ساعات,6,0,$5.00,يوم واحد,5,0,0.0,أحمد ي.,https://khamsat.com/user/med_y,True,بائع مميز,5.0,7,91.67%,1,7,يومين
تعليم عن بعد,https://khamsat.com/training,تعلم اللغة الإنجليزية,https://khamsat.com/training/learn-english,سأدربكم على ضيط تقنيات اجتياز امتحان الايلتس IELTS و TOEFL,https://khamsat.com/training/learn-english/2402788-%D8%B3%D8%A3%D8%AF%D8%B1%D8%A8%D9%83%D9%85-%D8%B9%D9%84%D9%89-%D8%B6%D9%8A%D8%B7-%D8%AA%D9%82%D9%86%D9%8A%D8%A7%D8%AA-%D8%A7%D8%AC%D8%AA%D9%8A%D8%A7%D8%B2-%D8%A7%D9%85%D8%AA%D8%AD%D8%A7%D9%86-%D8%A7%D9%84%D8%A7%D9%8A%D9%84%D8%AA%D8%B3-ielts-%D9%88-toefl,4.5,4,ساعة,5,0,$10.00,يوم واحد,4,1,5.0,سمية ب.,https://khamsat.com/user/maryamfatima,True,بائع نشيط,4.5,5,88.24%,4,11,ساعة
تعليم عن بعد,https://khamsat.com/training,تعلم اللغة الإنجليزية,https://khamsat.com/training/learn-english,تعليم أحترافي للغة الإنجليزية لكافة المستويات,https://khamsat.com/training/learn-english/2984804-%D8%AA%D8%B9%D9%84%D9%8A%D9%85-%D8%A3%D8%AD%D8%AA%D8%B1%D8%A7%D9%81%D9%8A-%D9%84%D9%84%D8%BA%D8%A9-%D8%A7%D9%84%D8%A5%D9%86%D8%AC%D9%84%D9%8A%D8%B2%D9%8A%D8%A9-%D9%84%D9%83%D8%A7%D9%81%D8%A9-%D8%A7%D9%84%D9%85%D8%B3%D8%AA%D9%88%D9%8A%D8%A7%D8%AA,5.0,1,4 ساعات,1,0,$5.00,يوم واحد,1,2,105.0,.Amr G,https://khamsat.com/user/amrghazy234,True,بائع جديد,5.0,2,100.0%,4,2,3 ساعات
تعليم عن بعد,https://khamsat.com/training,تعلم اللغة الإنجليزية,https://khamsat.com/training/learn-english,سأكون صديقك الذي تمارس معه اللغة الإنجليزية,https://khamsat.com/training/learn-english/2005482-%D8%B3%D8%A3%D9%83%D9%88%D9%86-%D8%B5%D8%AF%D9%8A%D9%82%D9%83-%D8%A7%D9%84%D8%B0%D9%8A-%D8%AA%D9%85%D8%A7%D8%B1%D8%B3-%D9%85%D8%B9%D9%87-%D8%A7%D9%84%D9%84%D8%BA%D8%A9-%D8%A7%D9%84%D8%A5%D9%86%D8%AC%D9%84%D9%8A%D8%B2%D9%8A%D8%A9,4.5,15,11 ساعة,16,0,$10.00,يومين,15,2,150.0,.Chaima E,https://khamsat.com/user/celkad,True,بائع نشيط,4.5,15,79.41%,1,16,11 ساعة
تعليم عن بعد,https://khamsat.com/training,تعلم اللغة الإنجليزية,https://khamsat.com/training/learn-english,كتابي الدليل الشاطر لإتقان اللغة الإنجليزية,https://khamsat.com/training/learn-english/1463099-%D9%83%D8%AA%D8%A7%D8%A8%D9%8A-%D8%A7%D9%84%D8%AF%D9%84%D9%8A%D9%84-%D8%A7%D9%84%D8%B4%D8%A7%D8%B7%D8%B1-%D9%84%D8%A5%D8%AA%D9%82%D8%A7%D9%86-%D8%A7%D9%84%D9%84%D8%BA%D8%A9-%D8%A7%D9%84%D8%A5%D9%86%D8%AC%D9%84%D9%8A%D8%B2%D9%8A%D8%A9,5.0,3,16 دقيقة,3,0,$15.00,يوم واحد,3,0,0.0,نبراس ا.,https://khamsat.com/user/nibras-alhadidi,True,بائع موثوق,5.0,210,99.58%,8,147,ساعة
تعليم عن بعد,https://khamsat.com/training,تعلم اللغة الإنجليزية,https://khamsat.com/training/learn-english,تقوية المحادثة في اللغة الإنكليزية,https://khamsat.com/training/learn-english/1272969-%D8%AA%D9%82%D9%88%D9%8A%D8%A9-%D8%A7%D9%84%D9%85%D8%AD%D8%A7%D8%AF%D8%AB%D8%A9-%D9%81%D9%8A-%D8%A7%D9%84%D9%84%D8%BA%D8%A9-%D8%A7%D9%84%D8%A5%D9%86%D9%83%D9%84%D9%8A%D8%B2%D9%8A%D8%A9,5.0,41,ساعة,63,0,$5.00,يوم واحد,25,2,90.0,محمد صبحي ب.,https://khamsat.com/user/mohamad-soubhi,True,بائع مميز,5.0,41,90.91%,2,63,ساعة
تعليم عن بعد,https://khamsat.com/training,تعلم اللغة الإنجليزية,https://khamsat.com/training/learn-english,هيا نتعلم اللغة الانجليزية للأطفال,https://khamsat.com/training/learn-english/966756-%D9%87%D9%8A%D8%A7-%D9%86%D8%AA%D8%B9%D9%84%D9%85-%D8%A7%D9%84%D9%84%D8%BA%D8%A9-%D8%A7%D9%84%D8%A7%D9%86%D8%AC%D9%84%D9%8A%D8%B2%D9%8A%D8%A9-%D9%84%D9%84%D8%A3%D8%B7%D9%81%D8%A7%D9%84,5.0,6,7 ساعات,7,0,$10.00,يوم واحد,6,5,260.0,.Chahinez H,https://khamsat.com/user/%D8%B4%D9%87%D9%8A%D9%86%D8%A7%D8%B2-%D8%AD%D9%83%D9%8A,True,بائع مميز,5.0,15,95.35%,4,18,ساعتين
تعليم عن بعد,https://khamsat.com/training,تعلم اللغة الإنجليزية,https://khamsat.com/training/learn-english,دروس لغة انجليزية ساساعدك علي فهم و تحدث اللغة الانجليزية,https://khamsat.com/training/learn-english/2194735-%D8%AF%D8%B1%D9%88%D8%B3-%D9%84%D8%BA%D8%A9-%D8%A7%D9%86%D8%AC%D9%84%D9%8A%D8%B2%D9%8A%D8%A9-%D8%B3%D8%A7%D8%B3%D8%A7%D8%B9%D8%AF%D9%83-%D8%B9%D9%84%D9%8A-%D9%81%D9%87%D9%85-%D9%88-%D8%AA%D8%AD%D8%AF%D8%AB-%D8%A7%D9%84%D9%84%D8%BA%D8%A9-%D8%A7%D9%84%D8%A7%D9%86%D8%AC%D9%84%D9%8A%D8%B2%D9%8A%D8%A9,5.0,2,26 دقيقة,2,0,$5.00,يوم واحد,2,3,110.0,سارة ا.,https://khamsat.com/user/%D8%B3%D8%A7%D8%B1%D8%A9-%D8%A7%D9%84%D8%B2%D9%81%D8%AA%D8%A7%D9%88%D9%8A,True,بائع جديد,5.0,2,100.0%,5,2,3 ساعات
تعليم عن بعد,https://khamsat.com/training,تعلم اللغة الإنجليزية,https://khamsat.com/training/learn-english,تعليم قواعد اللغة الإنجليزية بشكل أكاديمي مبسط لكافة المراحل,https://khamsat.com/training/learn-english/2718681-%D8%AA%D8%B9%D9%84%D9%8A%D9%85-%D9%82%D9%88%D8%A7%D8%B9%D8%AF-%D8%A7%D9%84%D9%84%D8%BA%D8%A9-%D8%A7%D9%84%D8%A5%D9%86%D8%AC%D9%84%D9%8A%D8%B2%D9%8A%D8%A9-%D8%A8%D8%B4%D9%83%D9%84-%D8%A3%D9%83%D8%A7%D8%AF%D9%8A%D9%85%D9%8A-%D9%85%D8%A8%D8%B3%D8%B7-%D9%84%D9%83%D8%A7%D9%81%D8%A9-%D8%A7%D9%84%D9%85%D8%B1%D8%A7%D8%AD%D9%84,5.0,3,5 ساعات,3,0,$5.00,يومين,3,0,0.0,.Rola H,https://khamsat.com/user/rolahaddad439,True,بائع جديد,5.0,3,100.0%,4,3,ساعتين
تعليم عن بعد,https://khamsat.com/training,تعلم اللغة الإنجليزية,https://khamsat.com/training/learn-english,تعليم اللغة الإنجليزية,https://khamsat.com/training/learn-english/1489376-%D8%AA%D8%B9%D9%84%D9%8A%D9%85-%D8%A7%D9%84%D9%84%D8%BA%D8%A9-%D8%A7%D9%84%D8%A5%D9%86%D8%AC%D9%84%D9%8A%D8%B2%D9%8A%D8%A9,5.0,5,ساعة,6,0,$10.00,يوم واحد,5,4,160.0,.Eman A,https://khamsat.com/user/noureen52017,True,بائع مميز,5.0,39,100.0%,3,46,28 دقيقة
تعليم عن بعد,https://khamsat.com/training,تعلم اللغة الإنجليزية,https://khamsat.com/training/learn-english,مساعدة في حل الواجبات المنزلية وشرح القواعد بالانجيليزي,https://khamsat.com/training/learn-english/2160164-%D9%85%D8%B3%D8%A7%D8%B9%D8%AF%D8%A9-%D9%81%D9%8A-%D8%AD%D9%84-%D8%A7%D9%84%D9%88%D8%A7%D8%AC%D8%A8%D8%A7%D8%AA-%D8%A7%D9%84%D9%85%D9%86%D8%B2%D9%84%D9%8A%D8%A9-%D9%88%D8%B4%D8%B1%D8%AD-%D8%A7%D9%84%D9%82%D9%88%D8%A7%D8%B9%D8%AF-%D8%A8%D8%A7%D9%84%D8%A7%D9%86%D8%AC%D9%8A%D9%84%D9%8A%D8%B2%D9%8A,5.0,7,21 ساعة,9,0,$5.00,يوم واحد,7,0,0.0,.Lara A,https://khamsat.com/user/lara_ramadan1,True,بائع مميز,5.0,22,98.41%,5,18,15 ساعة
تعليم عن بعد,https://khamsat.com/training,تعلم اللغة الإنجليزية,https://khamsat.com/training/learn-english,اعطيك ملف بة افضل طريقة لتعلم اللغة الانجليزية مقابل 5 $,https://khamsat.com/training/learn-english/873717-%D8%A7%D8%B9%D8%B7%D9%8A%D9%83-%D9%85%D9%84%D9%81-%D8%A8%D8%A9-%D8%A7%D9%81%D8%B6%D9%84-%D8%B7%D8%B1%D9%8A%D9%82%D8%A9-%D9%84%D8%AA%D8%B9%D9%84%D9%85-%D8%A7%D9%84%D9%84%D8%BA%D8%A9-%D8%A7%D9%84%D8%A7%D9%86%D8%AC%D9%84%D9%8A%D8%B2%D9%8A%D8%A9-%D9%85%D9%82%D8%A7%D8%A8%D9%84-5,5.0,34,ساعتين,66,0,$5.00,يوم واحد,25,5,75.0,احمد ح.,https://khamsat.com/user/ahmedhassan301,True,بائع مميز,5.0,43,94.44%,6,74,5 ساعات
تعليم عن بعد,https://khamsat.com/training,تعلم اللغة الإنجليزية,https://khamsat.com/training/learn-english,تدريس اللغة الإنجليزية لجميع المراحل تأسيس وقواعد,https://khamsat.com/training/learn-english/2904278-%D8%AA%D8%AF%D8%B1%D9%8A%D8%B3-%D8%A7%D9%84%D9%84%D8%BA%D8%A9-%D8%A7%D9%84%D8%A5%D9%86%D8%AC%D9%84%D9%8A%D8%B2%D9%8A%D8%A9-%D9%84%D8%AC%D9%85%D9%8A%D8%B9-%D8%A7%D9%84%D9%85%D8%B1%D8%A7%D8%AD%D9%84-%D8%AA%D8%A3%D8%B3%D9%8A%D8%B3-%D9%88%D9%82%D9%88%D8%A7%D8%B9%D8%AF,5.0,1,41 دقيقة,1,0,$5.00,يوم واحد,1,1,35.0,إيناس س.,https://khamsat.com/user/enassaeade10,True,بائع نشيط,5.0,9,100.0%,5,8,ساعتين
تعليم عن بعد,https://khamsat.com/training,تعلم اللغة الإنجليزية,https://khamsat.com/training/learn-english,المساعدة فى حل واجبات اللغة الانجليزية,https://khamsat.com/training/learn-english/1434795-%D8%A7%D9%84%D9%85%D8%B3%D8%A7%D8%B9%D8%AF%D8%A9-%D9%81%D9%89-%D8%AD%D9%84-%D9%88%D8%A7%D8%AC%D8%A8%D8%A7%D8%AA-%D8%A7%D9%84%D9%84%D8%BA%D8%A9-%D8%A7%D9%84%D8%A7%D9%86%D8%AC%D9%84%D9%8A%D8%B2%D9%8A%D8%A9,5.0,4,55 دقيقة,5,0,$5.00,يوم واحد,4,1,15.0,.Mohamed Y,https://khamsat.com/user/mohamed9o,True,بائع مميز,5.0,13,94.34%,1,14,ساعة
تعليم عن بعد,https://khamsat.com/training,تعلم اللغة الإنجليزية,https://khamsat.com/training/learn-english,سأدربك على انجليزية الأعمال لتكون مديرا أو موظفا ناجحا,https://khamsat.com/training/learn-english/2302349-%D8%B3%D8%A3%D8%AF%D8%B1%D8%A8%D9%83-%D8%B9%D9%84%D9%89-%D8%A7%D9%86%D8%AC%D9%84%D9%8A%D8%B2%D9%8A%D8%A9-%D8%A7%D9%84%D8%A3%D8%B9%D9%85%D8%A7%D9%84-%D9%84%D8%AA%D9%83%D9%88%D9%86-%D9%85%D8%AF%D9%8A%D8%B1%D8%A7-%D8%A3%D9%88-%D9%85%D9%88%D8%B8%D9%81%D8%A7-%D9%86%D8%A7%D8%AC%D8%AD%D8%A7,5.0,6,38 دقيقة,7,0,$5.00,خمسة أيام,6,1,5.0,.Abd Alkader D,https://khamsat.com/user/abdalkader3,True,بائع مميز,5.0,81,96.88%,7,66,4 ساعات
تعليم عن بعد,https://khamsat.com/training,تعلم اللغة الإنجليزية,https://khamsat.com/training/learn-english,رفيقك لاتقان اللغة الانجليزية محادثات كتابية وصوتية!,https://khamsat.com/training/learn-english/1379250-%D8%B1%D9%81%D9%8A%D9%82%D9%83-%D9%84%D8%A7%D8%AA%D9%82%D8%A7%D9%86-%D8%A7%D9%84%D9%84%D8%BA%D8%A9-%D8%A7%D9%84%D8%A7%D9%86%D8%AC%D9%84%D9%8A%D8%B2%D9%8A%D8%A9-%D9%85%D8%AD%D8%A7%D8%AF%D8%AB%D8%A7%D8%AA-%D9%83%D8%AA%D8%A7%D8%A8%D9%8A%D8%A9-%D9%88%D8%B5%D9%88%D8%AA%D9%8A%D8%A9,5.0,5,ساعتين,7,0,$5.00,يوم واحد,5,1,5.0,فاطمة ا.,https://khamsat.com/user/sarah_adam39,True,بائع مميز,4.5,42,88.49%,7,50,3 ساعات
تعليم عن بعد,https://khamsat.com/training,تعلم اللغة الإنجليزية,https://khamsat.com/training/learn-english,تعليم اللغة الإنجليزية عن بعد,https://khamsat.com/training/learn-english/2159884-%D8%AA%D8%B9%D9%84%D9%8A%D9%85-%D8%A7%D9%84%D9%84%D8%BA%D8%A9-%D8%A7%D9%84%D8%A5%D9%86%D8%AC%D9%84%D9%8A%D8%B2%D9%8A%D8%A9-%D8%B9%D9%86-%D8%A8%D8%B9%D8%AF,4.5,5,12 ساعة,10,1,$5.00,يوم واحد,5,2,30.0,.Nisrine T,https://khamsat.com/user/nisrine2303,True,بائع مميز,4.5,20,86.67%,4,28,4 ساعات
تعليم عن بعد,https://khamsat.com/training,تعلم اللغة الفرنسية,https://khamsat.com/training/learn-frensh,سأقدم لك شرح درس باللغة الفرنسية français french,https://khamsat.com/training/learn-frensh/2771342-%D8%B3%D8%A3%D9%82%D8%AF%D9%85-%D9%84%D9%83-%D8%B4%D8%B1%D8%AD-%D8%AF%D8%B1%D8%B3-%D8%A8%D8%A7%D9%84%D9%84%D8%BA%D8%A9-%D8%A7%D9%84%D9%81%D8%B1%D9%86%D8%B3%D9%8A%D8%A9-franais-french,5.0,5,9 ساعات,6,0,$5.00,يوم واحد,5,5,100.0,رنيم ع.,https://khamsat.com/user/raneemfrance,True,بائع جديد,5.0,5,88.89%,1,6,9 ساعات
تعليم عن بعد,https://khamsat.com/training,تعلم اللغة الفرنسية,https://khamsat.com/training/learn-frensh,أعلمك اللغة الفرنسية مستوى مبتدئ,https://khamsat.com/training/learn-frensh/1622282-%D8%A3%D8%B9%D9%84%D9%85%D9%83-%D8%A7%D9%84%D9%84%D8%BA%D8%A9-%D8%A7%D9%84%D9%81%D8%B1%D9%86%D8%B3%D9%8A%D8%A9-%D9%85%D8%B3%D8%AA%D9%88%D9%89-%D9%85%D8%A8%D8%AA%D8%AF%D8%A6,0.0,0,لم يحسب,0,0,$5.00,يوم واحد,0,0,0.0,رشيد ش.,https://khamsat.com/user/romynett,True,بائع جديد,4.5,1,100.0%,2,4,15 ساعة
تعليم عن بعد,https://khamsat.com/training,تعلم اللغة الفرنسية,https://khamsat.com/training/learn-frensh,معلم لغة فرنسية وشرح أي قاعدة أو درس,https://khamsat.com/training/learn-frensh/3011294-%D9%85%D8%B9%D9%84%D9%85-%D9%84%D8%BA%D8%A9-%D9%81%D8%B1%D9%86%D8%B3%D9%8A%D8%A9-%D9%88%D8%B4%D8%B1%D8%AD-%D8%A3%D9%8A-%D9%82%D8%A7%D8%B9%D8%AF%D8%A9-%D8%A3%D9%88-%D8%AF%D8%B1%D8%B3,0.0,0,لم يحسب,0,0,$5.00,يوم واحد,0,1,5.0,.Mohamed A,https://khamsat.com/user/abohamza10683,True,بائع جديد,0.0,0,لم يحسب بعد,2,0,لم يحسب
تعليم عن بعد,https://khamsat.com/training,تعلم اللغة الفرنسية,https://khamsat.com/training/learn-frensh,حل تمارين مادة اللفة الفرنسية من الابتدائي حتى الثانوي,https://khamsat.com/training/learn-frensh/2857955-%D8%AD%D9%84-%D8%AA%D9%85%D8%A7%D8%B1%D9%8A%D9%86-%D9%85%D8%A7%D8%AF%D8%A9-%D8%A7%D9%84%D9%84%D9%81%D8%A9-%D8%A7%D9%84%D9%81%D8%B1%D9%86%D8%B3%D9%8A%D8%A9-%D9%85%D9%86-%D8%A7%D9%84%D8%A7%D8%A8%D8%AA%D8%AF%D8%A7%D8%A6%D9%8A-%D8%AD%D8%AA%D9%89-%D8%A7%D9%84%D8%AB%D8%A7%D9%86%D9%88%D9%8A,0.0,0,لم يحسب,0,0,$5.00,يوم واحد,0,0,0.0,سمير ع.,https://khamsat.com/user/samirsamir2023,True,بائع جديد,4.5,1,100.0%,5,1,3 ساعات
تعليم عن بعد,https://khamsat.com/training,تعلم اللغة الفرنسية,https://khamsat.com/training/learn-frensh,تعلم اللغة الفرنسية للفتيات والسيدات والاطفال الصغار,https://khamsat.com/training/learn-frensh/3027467-%D8%AA%D8%B9%D9%84%D9%85-%D8%A7%D9%84%D9%84%D8%BA%D8%A9-%D8%A7%D9%84%D9%81%D8%B1%D9%86%D8%B3%D9%8A%D8%A9-%D9%84%D9%84%D9%81%D8%AA%D9%8A%D8%A7%D8%AA-%D9%88%D8%A7%D9%84%D8%B3%D9%8A%D8%AF%D8%A7%D8%AA-%D9%88%D8%A7%D9%84%D8%A7%D8%B7%D9%81%D8%A7%D9%84-%D8%A7%D9%84%D8%B5%D8%BA%D8%A7%D8%B1,0.0,0,لم يحسب,0,0,$5.00,شهر,0,1,30.0,.Istidraf H,https://khamsat.com/user/madrassatalandalouss,False,بائع جديد,0.0,0,لم يحسب بعد,1,0,لم يحسب
تعليم عن بعد,https://khamsat.com/training,تعلم اللغة الفرنسية,https://khamsat.com/training/learn-frensh,تعلم الفرنسية للاطفال والمبتدئين والدارسين البالغين,https://khamsat.com/training/learn-frensh/2018085-%D8%AA%D8%B9%D9%84%D9%85-%D8%A7%D9%84%D9%81%D8%B1%D9%86%D8%B3%D9%8A%D8%A9-%D9%84%D9%84%D8%A7%D8%B7%D9%81%D8%A7%D9%84-%D9%88%D8%A7%D9%84%D9%85%D8%A8%D8%AA%D8%AF%D8%A6%D9%8A%D9%86-%D9%88%D8%A7%D9%84%D8%AF%D8%A7%D8%B1%D8%B3%D9%8A%D9%86-%D8%A7%D9%84%D8%A8%D8%A7%D9%84%D8%BA%D9%8A%D9%86,5.0,2,3 أيام,2,0,$5.00,يومين,2,0,0.0,هند ت.,https://khamsat.com/user/hendmohamed25890,True,بائع جديد,5.0,2,75.0%,1,2,3 أيام
تعليم عن بعد,https://khamsat.com/training,تعلم اللغة الفرنسية,https://khamsat.com/training/learn-frensh,تدريس اللغه الفرنسيه français لجميع المراحل,https://khamsat.com/training/learn-frensh/2795023-%D8%AA%D8%AF%D8%B1%D9%8A%D8%B3-%D8%A7%D9%84%D9%84%D8%BA%D9%87-%D8%A7%D9%84%D9%81%D8%B1%D9%86%D8%B3%D9%8A%D9%87-franais-%D9%84%D8%AC%D9%85%D9%8A%D8%B9-%D8%A7%D9%84%D9%85%D8%B1%D8%A7%D8%AD%D9%84,0.0,0,لم يحسب,0,0,$5.00,يوم واحد,0,1,35.0,عصام س.,https://khamsat.com/user/%D8%B9%D8%B5%D8%A7%D9%85-%D8%B3%D8%B9,True,بائع جديد,0.0,0,لم يحسب بعد,2,0,لم يحسب
تعليم عن بعد,https://khamsat.com/training,تعلم اللغة الفرنسية,https://khamsat.com/training/learn-frensh,تعلم مهارات اللغه الفرنسيه لجميع الفئات العمرية,https://khamsat.com/training/learn-frensh/2906751-%D8%AA%D8%B9%D9%84%D9%85-%D9%85%D9%87%D8%A7%D8%B1%D8%A7%D8%AA-%D8%A7%D9%84%D9%84%D8%BA%D9%87-%D8%A7%D9%84%D9%81%D8%B1%D9%86%D8%B3%D9%8A%D9%87-%D9%84%D8%AC%D9%85%D9%8A%D8%B9-%D8%A7%D9%84%D9%81%D8%A6%D8%A7%D8%AA-%D8%A7%D9%84%D8%B9%D9%85%D8%B1%D9%8A%D8%A9,0.0,0,لم يحسب,0,0,$5.00,يوم واحد,0,3,105.0,ساره م.,https://khamsat.com/user/sara_mohammed_21,True,بائع جديد,0.0,0,لم يحسب بعد,1,0,لم يحسب
تعليم عن بعد,https://khamsat.com/training,تعلم اللغة الفرنسية,https://khamsat.com/training/learn-frensh,تعلم اللغة الفرنسية من الصفر,https://khamsat.com/training/learn-frensh/2226212-%D8%AA%D8%B9%D9%84%D9%85-%D8%A7%D9%84%D9%84%D8%BA%D8%A9-%D8%A7%D9%84%D9%81%D8%B1%D9%86%D8%B3%D9%8A%D8%A9-%D9%85%D9%86-%D8%A7%D9%84%D8%B5%D9%81%D8%B1,5.0,6,ساعة,7,0,$5.00,يومين,6,1,5.0,.Nedjla K,https://khamsat.com/user/nedjla_ks,True,بائع نشيط,5.0,7,100.0%,3,8,ساعة
تعليم عن بعد,https://khamsat.com/training,تعلم اللغة الفرنسية,https://khamsat.com/training/learn-frensh,خدمات في حل تمارين اللغة الفرنسية,https://khamsat.com/training/learn-frensh/2122315-%D8%AE%D8%AF%D9%85%D8%A7%D8%AA-%D9%81%D9%8A-%D8%AD%D9%84-%D8%AA%D9%85%D8%A7%D8%B1%D9%8A%D9%86-%D8%A7%D9%84%D9%84%D8%BA%D8%A9-%D8%A7%D9%84%D9%81%D8%B1%D9%86%D8%B3%D9%8A%D8%A9,0.0,0,لم يحسب,0,0,$5.00,يوم واحد,0,0,0.0,علي ا.,https://khamsat.com/user/alisyr1235,False,بائع جديد,0.0,0,لم يحسب بعد,1,0,لم يحسب
تعليم عن بعد,https://khamsat.com/training,تعلم اللغة الفرنسية,https://khamsat.com/training/learn-frensh,تعليم اللغة الفرنسية للأطفال والمبتدئين والبالغين,https://khamsat.com/training/learn-frensh/2808855-%D8%AA%D8%B9%D9%84%D9%8A%D9%85-%D8%A7%D9%84%D9%84%D8%BA%D8%A9-%D8%A7%D9%84%D9%81%D8%B1%D9%86%D8%B3%D9%8A%D8%A9-%D9%84%D9%84%D8%A3%D8%B7%D9%81%D8%A7%D9%84-%D9%88%D8%A7%D9%84%D9%85%D8%A8%D8%AA%D8%AF%D8%A6%D9%8A%D9%86-%D9%88%D8%A7%D9%84%D8%A8%D8%A7%D9%84%D8%BA%D9%8A%D9%86,0.0,0,لم يحسب,0,0,$5.00,يوم واحد,0,1,10.0,صبرينه ك.,https://khamsat.com/user/sabrina_ketfi_1972,True,بائع جديد,0.0,0,لم يحسب بعد,2,0,لم يحسب
تعليم عن بعد,https://khamsat.com/training,تعلم اللغة الفرنسية,https://khamsat.com/training/learn-frensh,سأساعدك علي فهم و تحدث اللغة الفرنسية بطلاقة جميع الأعمار,https://khamsat.com/training/learn-frensh/2977457-%D8%B3%D8%A3%D8%B3%D8%A7%D8%B9%D8%AF%D9%83-%D8%B9%D9%84%D9%8A-%D9%81%D9%87%D9%85-%D9%88-%D8%AA%D8%AD%D8%AF%D8%AB-%D8%A7%D9%84%D9%84%D8%BA%D8%A9-%D8%A7%D9%84%D9%81%D8%B1%D9%86%D8%B3%D9%8A%D8%A9-%D8%A8%D8%B7%D9%84%D8%A7%D9%82%D8%A9-%D8%AC%D9%85%D9%8A%D8%B9-%D8%A7%D9%84%D8%A3%D8%B9%D9%85%D8%A7%D8%B1,0.0,0,لم يحسب,0,0,$5.00,يومين,0,0,0.0,.Youssef D,https://khamsat.com/user/youssefd76,True,بائع جديد,0.0,0,لم يحسب بعد,1,0,لم يحسب
تعليم عن بعد,https://khamsat.com/training,تعلم اللغة الفرنسية,https://khamsat.com/training/learn-frensh,تعلم اللغة الفرنسية للغير الناطقين بها من الصفر,https://khamsat.com/training/learn-frensh/2955768-%D8%AA%D8%B9%D9%84%D9%85-%D8%A7%D9%84%D9%84%D8%BA%D8%A9-%D8%A7%D9%84%D9%81%D8%B1%D9%86%D8%B3%D9%8A%D8%A9-%D9%84%D9%84%D8%BA%D9%8A%D8%B1-%D8%A7%D9%84%D9%86%D8%A7%D8%B7%D9%82%D9%8A%D9%86-%D8%A8%D9%87%D8%A7-%D9%85%D9%86-%D8%A7%D9%84%D8%B5%D9%81%D8%B1,0.0,0,لم يحسب,0,0,$5.00,يوم واحد,0,0,0.0,.Khadija L,https://khamsat.com/user/etudiant20031,False,بائع جديد,0.0,0,لم يحسب بعد,1,0,لم يحسب
تعليم عن بعد,https://khamsat.com/training,تعلم اللغة الفرنسية,https://khamsat.com/training/learn-frensh,التدريب على المحادثة باللغة الفرنسية,https://khamsat.com/training/learn-frensh/2808865-%D8%A7%D9%84%D8%AA%D8%AF%D8%B1%D9%8A%D8%A8-%D8%B9%D9%84%D9%89-%D8%A7%D9%84%D9%85%D8%AD%D8%A7%D8%AF%D8%AB%D8%A9-%D8%A8%D8%A7%D9%84%D9%84%D8%BA%D8%A9-%D8%A7%D9%84%D9%81%D8%B1%D9%86%D8%B3%D9%8A%D8%A9,0.0,0,لم يحسب,0,0,$5.00,يوم واحد,0,1,10.0,صبرينه ك.,https://khamsat.com/user/sabrina_ketfi_1972,True,بائع جديد,0.0,0,لم يحسب بعد,2,0,لم يحسب
تعليم عن بعد,https://khamsat.com/training,تعلم اللغة الفرنسية,https://khamsat.com/training/learn-frensh,شرح جميع دروس اللغة الفرنسية أونلاين,https://khamsat.com/training/learn-frensh/2910774-%D8%B4%D8%B1%D8%AD-%D8%AC%D9%85%D9%8A%D8%B9-%D8%AF%D8%B1%D9%88%D8%B3-%D8%A7%D9%84%D9%84%D8%BA%D8%A9-%D8%A7%D9%84%D9%81%D8%B1%D9%86%D8%B3%D9%8A%D8%A9-%D8%A3%D9%88%D9%86%D9%84%D8%A7%D9%8A%D9%86,0.0,0,لم يحسب,0,0,$5.00,يوم واحد,0,1,5.0,.Reem S,https://khamsat.com/user/reem_shaker33,False,بائع جديد,0.0,0,لم يحسب بعد,3,0,لم يحسب
تعليم عن بعد,https://khamsat.com/training,تعلم اللغة الفرنسية,https://khamsat.com/training/learn-frensh,المساعدة في حل واجبات اللغة الفرنسية لجميع المراحل وشرحها,https://khamsat.com/training/learn-frensh/2916987-%D8%A7%D9%84%D9%85%D8%B3%D8%A7%D8%B9%D8%AF%D8%A9-%D9%81%D9%8A-%D8%AD%D9%84-%D9%88%D8%A7%D8%AC%D8%A8%D8%A7%D8%AA-%D8%A7%D9%84%D9%84%D8%BA%D8%A9-%D8%A7%D9%84%D9%81%D8%B1%D9%86%D8%B3%D9%8A%D8%A9-%D9%84%D8%AC%D9%85%D9%8A%D8%B9-%D8%A7%D9%84%D9%85%D8%B1%D8%A7%D8%AD%D9%84-%D9%88%D8%B4%D8%B1%D8%AD%D9%87%D8%A7,0.0,0,لم يحسب,0,0,$5.00,يوم واحد,0,5,75.0,.Safa H,https://khamsat.com/user/safahasan,False,بائع جديد,0.0,0,لم يحسب بعد,1,0,لم يحسب
تعليم عن بعد,https://khamsat.com/training,تعلم اللغة الفرنسية,https://khamsat.com/training/learn-frensh,تعلم اللغة الفرنسية عن بعد,https://khamsat.com/training/learn-frensh/2843935-%D8%AA%D8%B9%D9%84%D9%85-%D8%A7%D9%84%D9%84%D8%BA%D8%A9-%D8%A7%D9%84%D9%81%D8%B1%D9%86%D8%B3%D9%8A%D8%A9-%D8%B9%D9%86-%D8%A8%D8%B9%D8%AF,0.0,0,لم يحسب,0,0,$10.00,يوم واحد,0,1,5.0,مريم ع.,https://khamsat.com/user/mariamomran2423,True,بائع جديد,0.0,0,لم يحسب بعد,1,0,لم يحسب
تعليم عن بعد,https://khamsat.com/training,تعلم اللغة الفرنسية,https://khamsat.com/training/learn-frensh,سأجعلك تتحدث اللغة الفرنسية بطلاقة عبر المحادثة الجماعية,https://khamsat.com/training/learn-frensh/585848-%D8%B3%D8%A3%D8%AC%D8%B9%D9%84%D9%83-%D8%AA%D8%AA%D8%AD%D8%AF%D8%AB-%D8%A7%D9%84%D9%84%D8%BA%D8%A9-%D8%A7%D9%84%D9%81%D8%B1%D9%86%D8%B3%D9%8A%D8%A9-%D8%A8%D8%B7%D9%84%D8%A7%D9%82%D8%A9-%D8%B9%D8%A8%D8%B1-%D8%A7%D9%84%D9%85%D8%AD%D8%A7%D8%AF%D8%AB%D8%A9-%D8%A7%D9%84%D8%AC%D9%85%D8%A7%D8%B9%D9%8A%D8%A9,0.0,0,10 ساعات,0,0,$5.00,يوم واحد,0,2,70.0,.Mohamed Yassine A,https://khamsat.com/user/yac-le-vto,True,بائع مميز,5.0,21,89.66%,9,32,11 ساعة
تعليم عن بعد,https://khamsat.com/training,تعلم اللغة الفرنسية,https://khamsat.com/training/learn-frensh,شرح قواعد اللغه الفرنسيه مكتوبه بطريقه مبسطه,https://khamsat.com/training/learn-frensh/1956476-%D8%B4%D8%B1%D8%AD-%D9%82%D9%88%D8%A7%D8%B9%D8%AF-%D8%A7%D9%84%D9%84%D8%BA%D9%87-%D8%A7%D9%84%D9%81%D8%B1%D9%86%D8%B3%D9%8A%D9%87-%D9%85%D9%83%D8%AA%D9%88%D8%A8%D9%87-%D8%A8%D8%B7%D8%B1%D9%8A%D9%82%D9%87-%D9%85%D8%A8%D8%B3%D8%B7%D9%87,0.0,0,ساعة,0,0,$5.00,يوم واحد,0,1,5.0,.Shimaa A,https://khamsat.com/user/shimaa14,True,بائع نشيط,5.0,5,68.42%,6,8,3 ساعات
تعليم عن بعد,https://khamsat.com/training,تعلم اللغة الفرنسية,https://khamsat.com/training/learn-frensh,مساعدتك في اللغة الفرنسية,https://khamsat.com/training/learn-frensh/1941464-%D9%85%D8%B3%D8%A7%D8%B9%D8%AF%D8%AA%D9%83-%D9%81%D9%8A-%D8%A7%D9%84%D9%84%D8%BA%D8%A9-%D8%A7%D9%84%D9%81%D8%B1%D9%86%D8%B3%D9%8A%D8%A9,0.0,0,لم يحسب,0,0,$5.00,يوم واحد,0,2,15.0,.Amine M,https://khamsat.com/user/professor_amine,False,بائع جديد,0.0,0,لم يحسب بعد,2,0,19 ساعة
تعليم عن بعد,https://khamsat.com/training,تعلم اللغة الفرنسية,https://khamsat.com/training/learn-frensh,تعلم اللغة الفرنسية من الصفر معي,https://khamsat.com/training/learn-frensh/2326235-%D8%AA%D8%B9%D9%84%D9%85-%D8%A7%D9%84%D9%84%D8%BA%D8%A9-%D8%A7%D9%84%D9%81%D8%B1%D9%86%D8%B3%D9%8A%D8%A9-%D9%85%D9%86-%D8%A7%D9%84%D8%B5%D9%81%D8%B1-%D9%85%D8%B9%D9%8A,0.0,0,7 ساعات,0,0,$5.00,يومين,0,0,0.0,ريمة ع.,https://khamsat.com/user/ryma18,True,بائع مميز,5.0,38,90.78%,4,61,5 ساعات
تعليم عن بعد,https://khamsat.com/training,تعلم اللغة الفرنسية,https://khamsat.com/training/learn-frensh,تعلم اللغة الفرنسية من الصفر وشرح مناهج السعودية ومصر,https://khamsat.com/training/learn-frensh/3024578-%D8%AA%D8%B9%D9%84%D9%85-%D8%A7%D9%84%D9%84%D8%BA%D8%A9-%D8%A7%D9%84%D9%81%D8%B1%D9%86%D8%B3%D9%8A%D8%A9-%D9%85%D9%86-%D8%A7%D9%84%D8%B5%D9%81%D8%B1-%D9%88%D8%B4%D8%B1%D8%AD-%D9%85%D9%86%D8%A7%D9%87%D8%AC-%D8%A7%D9%84%D8%B3%D8%B9%D9%88%D8%AF%D9%8A%D8%A9-%D9%88%D9%85%D8%B5%D8%B1,0.0,0,لم يحسب,0,0,$5.00,يوم واحد,0,1,50.0,.Amir M,https://khamsat.com/user/amir_2020,True,بائع مميز,4.5,19,88.57%,5,30,3 ساعات
تعليم عن بعد,https://khamsat.com/training,تعلم اللغة الفرنسية,https://khamsat.com/training/learn-frensh,مساعدتك في واجباتك المدرسية (اللغة الفرنسية),https://khamsat.com/training/learn-frensh/1056481-%D9%85%D8%B3%D8%A7%D8%B9%D8%AF%D8%AA%D9%83-%D9%81%D9%8A-%D9%88%D8%A7%D8%AC%D8%A8%D8%A7%D8%AA%D9%83-%D8%A7%D9%84%D9%85%D8%AF%D8%B1%D8%B3%D9%8A%D8%A9-%D8%A7%D9%84%D9%84%D8%BA%D8%A9-%D8%A7%D9%84%D9%81%D8%B1%D9%86%D8%B3%D9%8A%D8%A9,0.0,0,لم يحسب,0,0,$5.00,يوم واحد,0,0,0.0,.Mohamed Salim R,https://khamsat.com/user/jani13,True,بائع مميز,0.0,16,97.01%,3,16,يوم
تعليم عن بعد,https://khamsat.com/training,تعلم اللغة الفرنسية,https://khamsat.com/training/learn-frensh,تعلم اللغة الفرنسية بطريقة فعالة و احترافية,https://khamsat.com/training/learn-frensh/1694051-%D8%AA%D8%B9%D9%84%D9%85-%D8%A7%D9%84%D9%84%D8%BA%D8%A9-%D8%A7%D9%84%D9%81%D8%B1%D9%86%D8%B3%D9%8A%D8%A9-%D8%A8%D8%B7%D8%B1%D9%8A%D9%82%D8%A9-%D9%81%D8%B9%D8%A7%D9%84%D8%A9-%D9%88-%D8%A7%D8%AD%D8%AA%D8%B1%D8%A7%D9%81%D9%8A%D8%A9,5.0,1,3 ساعات,1,0,$5.00,يوم واحد,1,3,65.0,.Meryem M,https://khamsat.com/user/meriem_ad,True,بائع مميز,5.0,223,97.88%,15,307,ساعة
تعليم عن بعد,https://khamsat.com/training,تعلم لغات أخرى,https://khamsat.com/training/learn-other-languages,التحضير لإمتحان TOEFL تويفل,https://khamsat.com/training/learn-other-languages/1616869-%D8%A7%D9%84%D8%AA%D8%AD%D8%B6%D9%8A%D8%B1-%D9%84%D8%A5%D9%85%D8%AA%D8%AD%D8%A7%D9%86-toefl-%D8%AA%D9%88%D9%8A%D9%81%D9%84,5.0,2,34 دقيقة,3,0,$35.00,شهر,2,2,150.0,ناديا م.,https://khamsat.com/user/m_shereef,True,بائع مميز,4.5,53,87.5%,7,55,9 ساعات
تعليم عن بعد,https://khamsat.com/training,تعلم لغات أخرى,https://khamsat.com/training/learn-other-languages,دورات و دروس لتعليم اللغة الالمانية,https://khamsat.com/training/learn-other-languages/2111686-%D8%AF%D9%88%D8%B1%D8%A7%D8%AA-%D9%88-%D8%AF%D8%B1%D9%88%D8%B3-%D9%84%D8%AA%D8%B9%D9%84%D9%8A%D9%85-%D8%A7%D9%84%D9%84%D8%BA%D8%A9-%D8%A7%D9%84%D8%A7%D9%84%D9%85%D8%A7%D9%86%D9%8A%D8%A9,5.0,6,11 ساعة,6,0,$10.00,يوم واحد,6,5,350.0,.Abdelrahman S,https://khamsat.com/user/a_s1995,True,بائع نشيط,5.0,9,95.45%,3,9,6 ساعات
تعليم عن بعد,https://khamsat.com/training,تعلم لغات أخرى,https://khamsat.com/training/learn-other-languages,محاضرة لتعلم اللغه الصينية,https://khamsat.com/training/learn-other-languages/1382115-%D9%85%D8%AD%D8%A7%D8%B6%D8%B1%D8%A9-%D9%84%D8%AA%D8%B9%D9%84%D9%85-%D8%A7%D9%84%D9%84%D8%BA%D9%87-%D8%A7%D9%84%D8%B5%D9%8A%D9%86%D9%8A%D8%A9,3.0,2,22 ساعة,3,0,$5.00,يوم واحد,2,4,170.0,.Shaimaa S,https://khamsat.com/user/shaimaashetta,True,بائع جديد,3.5,5,100.0%,3,5,يومين
تعليم عن بعد,https://khamsat.com/training,تعلم لغات أخرى,https://khamsat.com/training/learn-other-languages,محاضرة لتعلم اللغة اللإسبانية,https://khamsat.com/training/learn-other-languages/1519463-%D9%85%D8%AD%D8%A7%D8%B6%D8%B1%D8%A9-%D9%84%D8%AA%D8%B9%D9%84%D9%85-%D8%A7%D9%84%D9%84%D8%BA%D8%A9-%D8%A7%D9%84%D9%84%D8%A5%D8%B3%D8%A8%D8%A7%D9%86%D9%8A%D8%A9,3.5,3,3 أيام,3,0,$5.00,يوم واحد,3,0,0.0,.Shaimaa S,https://khamsat.com/user/shaimaashetta,True,بائع جديد,3.5,5,100.0%,3,5,يومين
تعليم عن بعد,https://khamsat.com/training,تعلم لغات أخرى,https://khamsat.com/training/learn-other-languages,شرح وفهم واتقان اللغة السواحيلية قرأة وكتابة واستماع,https://khamsat.com/training/learn-other-languages/2311461-%D8%B4%D8%B1%D8%AD-%D9%88%D9%81%D9%87%D9%85-%D9%88%D8%A7%D8%AA%D9%82%D8%A7%D9%86-%D8%A7%D9%84%D9%84%D8%BA%D8%A9-%D8%A7%D9%84%D8%B3%D9%88%D8%A7%D8%AD%D9%8A%D9%84%D9%8A%D8%A9-%D9%82%D8%B1%D8%A3%D8%A9-%D9%88%D9%83%D8%AA%D8%A7%D8%A8%D8%A9-%D9%88%D8%A7%D8%B3%D8%AA%D9%85%D8%A7%D8%B9,0.0,0,لم يحسب,0,0,$5.00,يوم واحد,0,3,180.0,.Ahmed W,https://khamsat.com/user/ahmedelsopkie111988,True,بائع جديد,0.0,0,لم يحسب بعد,3,0,لم يحسب
تعليم عن بعد,https://khamsat.com/training,تعلم لغات أخرى,https://khamsat.com/training/learn-other-languages,دروس أون لاين لتعلم اللغة التركية,https://khamsat.com/training/learn-other-languages/1615220-%D8%AF%D8%B1%D9%88%D8%B3-%D8%A3%D9%88%D9%86-%D9%84%D8%A7%D9%8A%D9%86-%D9%84%D8%AA%D8%B9%D9%84%D9%85-%D8%A7%D9%84%D9%84%D8%BA%D8%A9-%D8%A7%D9%84%D8%AA%D8%B1%D9%83%D9%8A%D8%A9,0.0,0,لم يحسب,0,0,$5.00,يوم واحد,0,1,5.0,غنى ا.,https://khamsat.com/user/rami_bilal,True,بائع نشيط,5.0,13,86.11%,6,17,12 ساعة
تعليم عن بعد,https://khamsat.com/training,تعلم لغات أخرى,https://khamsat.com/training/learn-other-languages,تعليم الأبجدية الكورية (الهانغول),https://khamsat.com/training/learn-other-languages/2634266-%D8%AA%D8%B9%D9%84%D9%8A%D9%85-%D8%A7%D9%84%D8%A3%D8%A8%D8%AC%D8%AF%D9%8A%D8%A9-%D8%A7%D9%84%D9%83%D9%88%D8%B1%D9%8A%D8%A9-%D8%A7%D9%84%D9%87%D8%A7%D9%86%D8%BA%D9%88%D9%84,5.0,1,14 ساعة,1,0,$5.00,ثلاثة أيام,1,0,0.0,لينة ريم ب.,https://khamsat.com/user/rym_belhani,True,بائع جديد,5.0,1,100.0%,2,1,14 ساعة
تعليم عن بعد,https://khamsat.com/training,تعلم لغات أخرى,https://khamsat.com/training/learn-other-languages,"تعليم اللغة التركية ""كافة المستويات"" - Zoom",https://khamsat.com/training/learn-other-languages/2431009-%D8%AA%D8%B9%D9%84%D9%8A%D9%85-%D8%A7%D9%84%D9%84%D8%BA%D8%A9-%D8%A7%D9%84%D8%AA%D8%B1%D9%83%D9%8A%D8%A9-%D9%83%D8%A7%D9%81%D8%A9-%D8%A7%D9%84%D9%85%D8%B3%D8%AA%D9%88%D9%8A%D8%A7%D8%AA-zoom,0.0,0,7 ساعات,0,0,$5.00,يوم واحد,0,0,0.0,.Motea D,https://khamsat.com/user/moteadam,True,بائع نشيط,5.0,5,100.0%,4,2,7 ساعات
تعليم عن بعد,https://khamsat.com/training,تعلم لغات أخرى,https://khamsat.com/training/learn-other-languages,تعليم اللغة التركية لغير الناطقين بها,https://khamsat.com/training/learn-other-languages/3044979-%D8%AA%D8%B9%D9%84%D9%8A%D9%85-%D8%A7%D9%84%D9%84%D8%BA%D8%A9-%D8%A7%D9%84%D8%AA%D8%B1%D9%83%D9%8A%D8%A9-%D9%84%D8%BA%D9%8A%D8%B1-%D8%A7%D9%84%D9%86%D8%A7%D8%B7%D9%82%D9%8A%D9%86-%D8%A8%D9%87%D8%A7,0.0,0,لم يحسب,0,0,$10.00,يوم واحد,0,0,0.0,رهف ر.,https://khamsat.com/user/rahaf_ramadan8,True,بائع جديد,0.0,3,100.0%,1,3,3 ساعات
تعليم عن بعد,https://khamsat.com/training,تعلم لغات أخرى,https://khamsat.com/training/learn-other-languages,تدريس اللغة الروسية باللغة العربية,https://khamsat.com/training/learn-other-languages/2912611-%D8%AA%D8%AF%D8%B1%D9%8A%D8%B3-%D8%A7%D9%84%D9%84%D8%BA%D8%A9-%D8%A7%D9%84%D8%B1%D9%88%D8%B3%D9%8A%D8%A9-%D8%A8%D8%A7%D9%84%D9%84%D8%BA%D8%A9-%D8%A7%D9%84%D8%B9%D8%B1%D8%A8%D9%8A%D8%A9,0.0,0,لم يحسب,0,0,$5.00,يوم واحد,0,0,0.0,.Noor E,https://khamsat.com/user/nurr_murr1,True,بائع جديد,0.0,0,لم يحسب بعد,1,0,لم يحسب
تعليم عن بعد,https://khamsat.com/training,تعلم لغات أخرى,https://khamsat.com/training/learn-other-languages,دورة تعليم اللغة التركية من الصفر للمبتدأين المستوى الأول A1,https://khamsat.com/training/learn-other-languages/2522941-%D8%AF%D9%88%D8%B1%D8%A9-%D8%AA%D8%B9%D9%84%D9%8A%D9%85-%D8%A7%D9%84%D9%84%D8%BA%D8%A9-%D8%A7%D9%84%D8%AA%D8%B1%D9%83%D9%8A%D8%A9-%D9%85%D9%86-%D8%A7%D9%84%D8%B5%D9%81%D8%B1-%D9%84%D9%84%D9%85%D8%A8%D8%AA%D8%AF%D8%A3%D9%8A%D9%86-%D8%A7%D9%84%D9%85%D8%B3%D8%AA%D9%88%D9%89-%D8%A7%D9%84%D8%A3%D9%88%D9%84-a1,0.0,0,11 ساعة,0,0,$10.00,يومين,0,1,100.0,إسراء ع.,https://khamsat.com/user/esraaatef01,True,بائع جديد,0.0,0,لم يحسب بعد,2,0,8 ساعات
تعليم عن بعد,https://khamsat.com/training,تعلم لغات أخرى,https://khamsat.com/training/learn-other-languages,تدريس أطفالكم في مبادئ و أساسيات اللغة الإننجليزية والعربية,https://khamsat.com/training/learn-other-languages/1687165-%D8%AA%D8%AF%D8%B1%D9%8A%D8%B3-%D8%A3%D8%B7%D9%81%D8%A7%D9%84%D9%83%D9%85-%D9%81%D9%8A-%D9%85%D8%A8%D8%A7%D8%AF%D8%A6-%D9%88-%D8%A3%D8%B3%D8%A7%D8%B3%D9%8A%D8%A7%D8%AA-%D8%A7%D9%84%D9%84%D8%BA%D8%A9-%D8%A7%D9%84%D8%A5%D9%86%D9%86%D8%AC%D9%84%D9%8A%D8%B2%D9%8A%D8%A9-%D9%88%D8%A7%D9%84%D8%B9%D8%B1%D8%A8%D9%8A%D8%A9,0.0,0,لم يحسب,0,0,$5.00,يوم واحد,0,0,0.0,هنية ي.,https://khamsat.com/user/haniay7,True,بائع جديد,5.0,1,100.0%,5,2,13 ساعة
تعليم عن بعد,https://khamsat.com/training,تعلم لغات أخرى,https://khamsat.com/training/learn-other-languages,أقوم بشرح وعمل واجبات لكليات قسم اللغة الصينية(السن،آداب),https://khamsat.com/training/learn-other-languages/2532889-%D8%A3%D9%82%D9%88%D9%85-%D8%A8%D8%B4%D8%B1%D8%AD-%D9%88%D8%B9%D9%85%D9%84-%D9%88%D8%A7%D8%AC%D8%A8%D8%A7%D8%AA-%D9%84%D9%83%D9%84%D9%8A%D8%A7%D8%AA-%D9%82%D8%B3%D9%85-%D8%A7%D9%84%D9%84%D8%BA%D8%A9-%D8%A7%D9%84%D8%B5%D9%8A%D9%86%D9%8A%D8%A9%D8%A7%D9%84%D8%B3%D9%86%D8%A2%D8%AF%D8%A7%D8%A8,0.0,0,لم يحسب,0,0,$5.00,يوم واحد,0,0,0.0,.Mona E,https://khamsat.com/user/mona_essam3335,True,بائع جديد,0.0,0,لم يحسب بعد,3,0,20 يوم
تعليم عن بعد,https://khamsat.com/training,تعلم لغات أخرى,https://khamsat.com/training/learn-other-languages,كورس تأسيس لغة ألمانية من الصفر من سن 6 سنوات حتى 60 سنة,https://khamsat.com/training/learn-other-languages/2939799-%D9%83%D9%88%D8%B1%D8%B3-%D8%AA%D8%A3%D8%B3%D9%8A%D8%B3-%D9%84%D8%BA%D8%A9-%D8%A3%D9%84%D9%85%D8%A7%D9%86%D9%8A%D8%A9-%D9%85%D9%86-%D8%A7%D9%84%D8%B5%D9%81%D8%B1-%D9%85%D9%86-%D8%B3%D9%86-6-%D8%B3%D9%86%D9%88%D8%A7%D8%AA-%D8%AD%D8%AA%D9%89-60-%D8%B3%D9%86%D8%A9,0.0,0,لم يحسب,0,0,$5.00,يوم واحد,0,0,0.0,.Aya N,https://khamsat.com/user/ayamnour,False,بائع جديد,0.0,0,لم يحسب بعد,1,0,لم يحسب
تعليم عن بعد,https://khamsat.com/training,تعلم لغات أخرى,https://khamsat.com/training/learn-other-languages,تدريس اللغة الصينية بداية من hsk 1 للاطفال والكبار,https://khamsat.com/training/learn-other-languages/2767532-%D8%AA%D8%AF%D8%B1%D9%8A%D8%B3-%D8%A7%D9%84%D9%84%D8%BA%D8%A9-%D8%A7%D9%84%D8%B5%D9%8A%D9%86%D9%8A%D8%A9-%D8%A8%D8%AF%D8%A7%D9%8A%D8%A9-%D9%85%D9%86-hsk-1-%D9%84%D9%84%D8%A7%D8%B7%D9%81%D8%A7%D9%84-%D9%88%D8%A7%D9%84%D9%83%D8%A8%D8%A7%D8%B1,5.0,1,يوم,1,0,$5.00,يوم واحد,1,3,90.0,.Eman A,https://khamsat.com/user/emanawad2020,True,بائع جديد,5.0,1,50.0%,1,1,17 ساعة
تعليم عن بعد,https://khamsat.com/training,تعلم لغات أخرى,https://khamsat.com/training/learn-other-languages,كورس اللغة الإيطالية,https://khamsat.com/training/learn-other-languages/2658345-%D9%83%D9%88%D8%B1%D8%B3-%D8%A7%D9%84%D9%84%D8%BA%D8%A9-%D8%A7%D9%84%D8%A5%D9%8A%D8%B7%D8%A7%D9%84%D9%8A%D8%A9,0.0,0,لم يحسب,0,0,$10.00,يوم واحد,0,0,0.0,.Eman K,https://khamsat.com/user/ematoptop,False,بائع جديد,0.0,0,لم يحسب بعد,1,0,لم يحسب
تعليم عن بعد,https://khamsat.com/training,تعلم لغات أخرى,https://khamsat.com/training/learn-other-languages,ابدا بتعلم اللغة التركية| محاضرات اسبوعية عبر زوم حتى تتحدث,https://khamsat.com/training/learn-other-languages/2595746-%D8%A7%D8%A8%D8%AF%D8%A7-%D8%A8%D8%AA%D8%B9%D9%84%D9%85-%D8%A7%D9%84%D9%84%D8%BA%D8%A9-%D8%A7%D9%84%D8%AA%D8%B1%D9%83%D9%8A%D8%A9-%D9%85%D8%AD%D8%A7%D8%B6%D8%B1%D8%A7%D8%AA-%D8%A7%D8%B3%D8%A8%D9%88%D8%B9%D9%8A%D8%A9-%D8%B9%D8%A8%D8%B1-%D8%B2%D9%88%D9%85-%D8%AD%D8%AA%D9%89-%D8%AA%D8%AA%D8%AD%D8%AF%D8%AB,0.0,0,50 دقيقة,0,0,$25.00,أسبوع,0,0,0.0,عمر خ.,https://khamsat.com/user/omarkhisro_ors,True,بائع مميز,4.5,51,83.95%,9,55,ساعتين
تعليم عن بعد,https://khamsat.com/training,تعلم لغات أخرى,https://khamsat.com/training/learn-other-languages,اعلمك اساسيات اللغة الصينية (10 دقائق),https://khamsat.com/training/learn-other-languages/1097157-%D8%A7%D8%B9%D9%84%D9%85%D9%83-%D8%A7%D8%B3%D8%A7%D8%B3%D9%8A%D8%A7%D8%AA-%D8%A7%D9%84%D9%84%D8%BA%D8%A9-%D8%A7%D9%84%D8%B5%D9%8A%D9%86%D9%8A%D8%A9-10-%D8%AF%D9%82%D8%A7%D8%A6%D9%82,5.0,1,ساعة,1,0,$5.00,يومين,1,4,85.0,أحمد ع.,https://khamsat.com/user/%D8%A3%D9%8A%D9%85%D9%86-%D8%A8%D8%B4%D8%B1,True,بائع نشيط,4.5,18,84.54%,3,28,يوم
تعليم عن بعد,https://khamsat.com/training,تعلم لغات أخرى,https://khamsat.com/training/learn-other-languages,دورة تدريب على المحادثة الأكثر إستخداما في الشارع(لغة تركية),https://khamsat.com/training/learn-other-languages/1861773-%D8%AF%D9%88%D8%B1%D8%A9-%D8%AA%D8%AF%D8%B1%D9%8A%D8%A8-%D8%B9%D9%84%D9%89-%D8%A7%D9%84%D9%85%D8%AD%D8%A7%D8%AF%D8%AB%D8%A9-%D8%A7%D9%84%D8%A3%D9%83%D8%AB%D8%B1-%D8%A5%D8%B3%D8%AA%D8%AE%D8%AF%D8%A7%D9%85%D8%A7-%D9%81%D9%8A-%D8%A7%D9%84%D8%B4%D8%A7%D8%B1%D8%B9%D9%84%D8%BA%D8%A9-%D8%AA%D8%B1%D9%83%D9%8A%D8%A9,5.0,1,10 ساعات,1,0,$5.00,يوم واحد,1,2,10.0,مهند ع.,https://khamsat.com/user/muhanad_enbtawe,True,بائع جديد,5.0,2,66.67%,3,1,3 ساعات
تعليم عن بعد,https://khamsat.com/training,تعلم لغات أخرى,https://khamsat.com/training/learn-other-languages,دورة تعلم اللغة الالمانية المستوي الاول A1,https://khamsat.com/training/learn-other-languages/3022387-%D8%AF%D9%88%D8%B1%D8%A9-%D8%AA%D8%B9%D9%84%D9%85-%D8%A7%D9%84%D9%84%D8%BA%D8%A9-%D8%A7%D9%84%D8%A7%D9%84%D9%85%D8%A7%D9%86%D9%8A%D8%A9-%D8%A7%D9%84%D9%85%D8%B3%D8%AA%D9%88%D9%8A-%D8%A7%D9%84%D8%A7%D9%88%D9%84-a1,0.0,0,لم يحسب,0,0,$10.00,يوم واحد,0,0,0.0,.Karim S,https://khamsat.com/user/karimsuwidan,True,بائع جديد,0.0,0,لم يحسب بعد,1,0,لم يحسب
تعليم عن بعد,https://khamsat.com/training,تعلم لغات أخرى,https://khamsat.com/training/learn-other-languages,تعلم اللغة التركية بسهولة وبشكل احترافي,https://khamsat.com/training/learn-other-languages/2291848-%D8%AA%D8%B9%D9%84%D9%85-%D8%A7%D9%84%D9%84%D8%BA%D8%A9-%D8%A7%D9%84%D8%AA%D8%B1%D9%83%D9%8A%D8%A9-%D8%A8%D8%B3%D9%87%D9%88%D9%84%D8%A9-%D9%88%D8%A8%D8%B4%D9%83%D9%84-%D8%A7%D8%AD%D8%AA%D8%B1%D8%A7%D9%81%D9%8A,0.0,0,لم يحسب,0,0,$5.00,يوم واحد,0,1,50.0,.Osman A,https://khamsat.com/user/osman_alosman,True,بائع جديد,0.0,0,لم يحسب بعد,3,0,لم يحسب
تعليم عن بعد,https://khamsat.com/training,تعلم لغات أخرى,https://khamsat.com/training/learn-other-languages,معلمة لغة صينية,https://khamsat.com/training/learn-other-languages/2775464-%D9%85%D8%B9%D9%84%D9%85%D8%A9-%D9%84%D8%BA%D8%A9-%D8%B5%D9%8A%D9%86%D9%8A%D8%A9,0.0,0,لم يحسب,0,0,$10.00,يوم واحد,0,0,0.0,.Mona E,https://khamsat.com/user/mona_essam3335,True,بائع جديد,0.0,0,لم يحسب بعد,3,0,20 يوم
تعليم عن بعد,https://khamsat.com/training,تعلم لغات أخرى,https://khamsat.com/training/learn-other-languages,كورس تأسيس لغة ألمانية للاطفال من سن 6 سنوات حتى سن 15 سنة,https://khamsat.com/training/learn-other-languages/2923234-%D9%83%D9%88%D8%B1%D8%B3-%D8%AA%D8%A3%D8%B3%D9%8A%D8%B3-%D9%84%D8%BA%D8%A9-%D8%A3%D9%84%D9%85%D8%A7%D9%86%D9%8A%D8%A9-%D9%84%D9%84%D8%A7%D8%B7%D9%81%D8%A7%D9%84-%D9%85%D9%86-%D8%B3%D9%86-6-%D8%B3%D9%86%D9%88%D8%A7%D8%AA-%D8%AD%D8%AA%D9%89-%D8%B3%D9%86-15-%D8%B3%D9%86%D8%A9,0.0,0,لم يحسب,0,0,$10.00,يوم واحد,0,1,15.0,أشرف ع.,https://khamsat.com/user/josooracademy,True,بائع جديد,0.0,0,لم يحسب بعد,5,0,لم يحسب
تعليم عن بعد,https://khamsat.com/training,تعلم لغات أخرى,https://khamsat.com/training/learn-other-languages,تعلم اللهجة الجزائرية بكل سهولة,https://khamsat.com/training/learn-other-languages/2763124-%D8%AA%D8%B9%D9%84%D9%85-%D8%A7%D9%84%D9%84%D9%87%D8%AC%D8%A9-%D8%A7%D9%84%D8%AC%D8%B2%D8%A7%D8%A6%D8%B1%D9%8A%D8%A9-%D8%A8%D9%83%D9%84-%D8%B3%D9%87%D9%88%D9%84%D8%A9,0.0,0,لم يحسب,0,0,$5.00,يومين,0,0,0.0,إيمان ا.,https://khamsat.com/user/azzar9aa,False,بائع جديد,0.0,0,لم يحسب بعد,2,0,لم يحسب
تعليم عن بعد,https://khamsat.com/training,تعلم لغات أخرى,https://khamsat.com/training/learn-other-languages,سأعطيك نسخه من كتابي الخطة لتعليمك تنظيم حياتك الماليه,https://khamsat.com/training/learn-other-languages/2743637-%D8%B3%D8%A3%D8%B9%D8%B7%D9%8A%D9%83-%D9%86%D8%B3%D8%AE%D9%87-%D9%85%D9%86-%D9%83%D8%AA%D8%A7%D8%A8%D9%8A-%D8%A7%D9%84%D8%AE%D8%B7%D8%A9-%D9%84%D8%AA%D8%B9%D9%84%D9%8A%D9%85%D9%83-%D8%AA%D9%86%D8%B8%D9%8A%D9%85-%D8%AD%D9%8A%D8%A7%D8%AA%D9%83-%D8%A7%D9%84%D9%85%D8%A7%D9%84%D9%8A%D9%87,0.0,0,لم يحسب,0,0,$5.00,يوم واحد,0,0,0.0,.Mozamil A,https://khamsat.com/user/mozamilaltoom,True,مشتري مميز,0.0,0,لم يحسب بعد,2,0,لم يحسب
تعليم عن بعد,https://khamsat.com/training,تعلم لغات أخرى,https://khamsat.com/training/learn-other-languages,محاضرة خطابات الضمان المحلية والدولية,https://khamsat.com/training/learn-other-languages/2887264-%D9%85%D8%AD%D8%A7%D8%B6%D8%B1%D8%A9-%D8%AE%D8%B7%D8%A7%D8%A8%D8%A7%D8%AA-%D8%A7%D9%84%D8%B6%D9%85%D8%A7%D9%86-%D8%A7%D9%84%D9%85%D8%AD%D9%84%D9%8A%D8%A9-%D9%88%D8%A7%D9%84%D8%AF%D9%88%D9%84%D9%8A%D8%A9,0.0,0,لم يحسب,0,0,$10.00,يوم واحد,0,1,10.0,.Hossam Y,https://khamsat.com/user/hossamyoussry,True,بائع جديد,0.0,0,لم يحسب بعد,2,0,لم يحسب
تعليم عن بعد,https://khamsat.com/training,تعلم لغات أخرى,https://khamsat.com/training/learn-other-languages,تعليم اللغة التركية بطريقة احترافية من الصفر (منهاج اسطنبول),https://khamsat.com/training/learn-other-languages/2986437-%D8%AA%D8%B9%D9%84%D9%8A%D9%85-%D8%A7%D9%84%D9%84%D8%BA%D8%A9-%D8%A7%D9%84%D8%AA%D8%B1%D9%83%D9%8A%D8%A9-%D8%A8%D8%B7%D8%B1%D9%8A%D9%82%D8%A9-%D8%A7%D8%AD%D8%AA%D8%B1%D8%A7%D9%81%D9%8A%D8%A9-%D9%85%D9%86-%D8%A7%D9%84%D8%B5%D9%81%D8%B1-%D9%85%D9%86%D9%87%D8%A7%D8%AC-%D8%A7%D8%B3%D8%B7%D9%86%D8%A8%D9%88%D9%84,0.0,0,لم يحسب,0,0,$5.00,يومين,0,0,0.0,حسن م.,https://khamsat.com/user/hasan876y,True,بائع جديد,0.0,0,لم يحسب بعد,2,0,لم يحسب
تعليم عن بعد,https://khamsat.com/training,تعلم لغات أخرى,https://khamsat.com/training/learn-other-languages,تعليم البرتغالية للراغبين في الهجرة إلى البرتغال أو البرازيل,https://khamsat.com/training/learn-other-languages/2057742-%D8%AA%D8%B9%D9%84%D9%8A%D9%85-%D8%A7%D9%84%D8%A8%D8%B1%D8%AA%D8%BA%D8%A7%D9%84%D9%8A%D8%A9-%D9%84%D9%84%D8%B1%D8%A7%D8%BA%D8%A8%D9%8A%D9%86-%D9%81%D9%8A-%D8%A7%D9%84%D9%87%D8%AC%D8%B1%D8%A9-%D8%A5%D9%84%D9%89-%D8%A7%D9%84%D8%A8%D8%B1%D8%AA%D8%BA%D8%A7%D9%84-%D8%A3%D9%88-%D8%A7%D9%84%D8%A8%D8%B1%D8%A7%D8%B2%D9%8A%D9%84,0.0,0,لم يحسب,0,0,$5.00,يوم واحد,0,1,20.0,خالد ش.,https://khamsat.com/user/khaled9988,True,بائع جديد,0.0,1,100.0%,3,1,يوم
تعليم عن بعد,https://khamsat.com/training,تعلم لغات أخرى,https://khamsat.com/training/learn-other-languages,تدريب علي نطق كلمات اللغة الصينيه,https://khamsat.com/training/learn-other-languages/2229068-%D8%AA%D8%AF%D8%B1%D9%8A%D8%A8-%D8%B9%D9%84%D9%8A-%D9%86%D8%B7%D9%82-%D9%83%D9%84%D9%85%D8%A7%D8%AA-%D8%A7%D9%84%D9%84%D8%BA%D8%A9-%D8%A7%D9%84%D8%B5%D9%8A%D9%86%D9%8A%D9%87,0.0,0,9 ساعات,0,0,$5.00,ثلاثة أيام,0,1,10.0,مصطفي ع.,https://khamsat.com/user/darsh86,True,بائع جديد,0.0,0,لم يحسب بعد,2,0,يومين
تعليم عن بعد,https://khamsat.com/training,تعلم لغات أخرى,https://khamsat.com/training/learn-other-languages,تدريس اللغة الالمانية للمراحل التعليمية المختلفة,https://khamsat.com/training/learn-other-languages/2861201-%D8%AA%D8%AF%D8%B1%D9%8A%D8%B3-%D8%A7%D9%84%D9%84%D8%BA%D8%A9-%D8%A7%D9%84%D8%A7%D9%84%D9%85%D8%A7%D9%86%D9%8A%D8%A9-%D9%84%D9%84%D9%85%D8%B1%D8%A7%D8%AD%D9%84-%D8%A7%D9%84%D8%AA%D8%B9%D9%84%D9%8A%D9%85%D9%8A%D8%A9-%D8%A7%D9%84%D9%85%D8%AE%D8%AA%D9%84%D9%81%D8%A9,0.0,0,لم يحسب,0,0,$5.00,يوم واحد,0,3,40.0,.Asmaa A,https://khamsat.com/user/asmaa_abdelfatah,False,بائع جديد,0.0,0,لم يحسب بعد,2,0,لم يحسب
تعليم عن بعد,https://khamsat.com/training,تعلم البرمجة,https://khamsat.com/training/learn-programming,سأخصر لك الطريق لتعلم البلوكشين ETH/TRX,https://khamsat.com/training/learn-programming/2361265-%D8%B3%D8%A3%D8%AE%D8%B5%D8%B1-%D9%84%D9%83-%D8%A7%D9%84%D8%B7%D8%B1%D9%8A%D9%82-%D9%84%D8%AA%D8%B9%D9%84%D9%85-%D8%A7%D9%84%D8%A8%D9%84%D9%88%D9%83%D8%B4%D9%8A%D9%86-ethtrx,5.0,4,19 دقيقة,5,0,$10.00,يوم واحد,4,0,0.0,.Obaida A,https://khamsat.com/user/abo-omar2016,True,بائع نشيط,5.0,5,96.55%,6,7,15 دقيقة
تعليم عن بعد,https://khamsat.com/training,تعلم البرمجة,https://khamsat.com/training/learn-programming,معلم برمجه خاص خطوه بخطوه,https://khamsat.com/training/learn-programming/2300122-%D9%85%D8%B9%D9%84%D9%85-%D8%A8%D8%B1%D9%85%D8%AC%D9%87-%D8%AE%D8%A7%D8%B5-%D8%AE%D8%B7%D9%88%D9%87-%D8%A8%D8%AE%D8%B7%D9%88%D9%87,5.0,6,57 دقيقة,9,0,$5.00,يوم واحد,6,5,125.0,.Eslam S,https://khamsat.com/user/eslamsaier,True,بائع نشيط,5.0,6,100.0%,5,9,22 ساعة
تعليم عن بعد,https://khamsat.com/training,تعلم البرمجة,https://khamsat.com/training/learn-programming,حل التمارين والمساعدة بالمسائل المتعقلة ب Dart & Flutter,https://khamsat.com/training/learn-programming/3043649-%D8%AD%D9%84-%D8%A7%D9%84%D8%AA%D9%85%D8%A7%D8%B1%D9%8A%D9%86-%D9%88%D8%A7%D9%84%D9%85%D8%B3%D8%A7%D8%B9%D8%AF%D8%A9-%D8%A8%D8%A7%D9%84%D9%85%D8%B3%D8%A7%D8%A6%D9%84-%D8%A7%D9%84%D9%85%D8%AA%D8%B9%D9%82%D9%84%D8%A9-%D8%A8-dart-flutter,0.0,0,لم يحسب,1,0,$5.00,يوم واحد,0,0,0.0,.Tamer M,https://khamsat.com/user/tamer_7mohamed,True,بائع جديد,0.0,0,100.0%,1,1,لم يحسب
تعليم عن بعد,https://khamsat.com/training,تعلم البرمجة,https://khamsat.com/training/learn-programming,حل مسائل في لغة بايثون او جافا,https://khamsat.com/training/learn-programming/1804599-%D8%AD%D9%84-%D9%85%D8%B3%D8%A7%D8%A6%D9%84-%D9%81%D9%8A-%D9%84%D8%BA%D8%A9-%D8%A8%D8%A7%D9%8A%D8%AB%D9%88%D9%86-%D8%A7%D9%88-%D8%AC%D8%A7%D9%81%D8%A7,5.0,8,يوم,10,0,$5.00,يومين,8,5,25.0,.Abdul Hadi A,https://khamsat.com/user/%D8%B9%D8%A8%D8%AF-%D8%A7%D9%84%D9%87%D8%A7%D8%AF%D9%8A-%D8%A3%D9%8A%D9%88%D8%A8,True,بائع نشيط,5.0,15,89.09%,1,17,8 ساعات
تعليم عن بعد,https://khamsat.com/training,تعلم البرمجة,https://khamsat.com/training/learn-programming,حل و وشرح أي تمرين باستخدام جافا JAVA,https://khamsat.com/training/learn-programming/2776145-%D8%AD%D9%84-%D9%88-%D9%88%D8%B4%D8%B1%D8%AD-%D8%A3%D9%8A-%D8%AA%D9%85%D8%B1%D9%8A%D9%86-%D8%A8%D8%A7%D8%B3%D8%AA%D8%AE%D8%AF%D8%A7%D9%85-%D8%AC%D8%A7%D9%81%D8%A7-java,5.0,7,6 دقائق,10,0,$5.00,يوم واحد,7,2,50.0,.Mohamed E,https://khamsat.com/user/medsaffarre,True,بائع نشيط,5.0,8,97.5%,3,12,3 ساعات
تعليم عن بعد,https://khamsat.com/training,تعلم البرمجة,https://khamsat.com/training/learn-programming,حل مسائل برمجية بلغة سي شارب c#,https://khamsat.com/training/learn-programming/2727853-%D8%AD%D9%84-%D9%85%D8%B3%D8%A7%D8%A6%D9%84-%D8%A8%D8%B1%D9%85%D8%AC%D9%8A%D8%A9-%D8%A8%D9%84%D8%BA%D8%A9-%D8%B3%D9%8A-%D8%B4%D8%A7%D8%B1%D8%A8-c,5.0,3,32 دقيقة,3,0,$5.00,يوم واحد,3,2,20.0,رشاد ا.,https://khamsat.com/user/rashad_rs,True,بائع نشيط,5.0,4,95.83%,2,5,4 ساعات
تعليم عن بعد,https://khamsat.com/training,تعلم البرمجة,https://khamsat.com/training/learn-programming,كورس تعليم البرمجة للأطفال واليافعين Scratch,https://khamsat.com/training/learn-programming/2650015-%D9%83%D9%88%D8%B1%D8%B3-%D8%AA%D8%B9%D9%84%D9%8A%D9%85-%D8%A7%D9%84%D8%A8%D8%B1%D9%85%D8%AC%D8%A9-%D9%84%D9%84%D8%A3%D8%B7%D9%81%D8%A7%D9%84-%D9%88%D8%A7%D9%84%D9%8A%D8%A7%D9%81%D8%B9%D9%8A%D9%86-scratch,5.0,3,7 دقائق,3,0,$5.00,يوم واحد,3,3,85.0,.Razan D,https://khamsat.com/user/gen1razan,True,بائع مميز,5.0,15,94.52%,5,21,6 ساعات
تعليم عن بعد,https://khamsat.com/training,تعلم البرمجة,https://khamsat.com/training/learn-programming,تبسيط مادة logic design & تصميم الدوائر الدقيقة Ic design,https://khamsat.com/training/learn-programming/2254582-%D8%AA%D8%A8%D8%B3%D9%8A%D8%B7-%D9%85%D8%A7%D8%AF%D8%A9-logic-design-%D8%AA%D8%B5%D9%85%D9%8A%D9%85-%D8%A7%D9%84%D8%AF%D9%88%D8%A7%D8%A6%D8%B1-%D8%A7%D9%84%D8%AF%D9%82%D9%8A%D9%82%D8%A9-ic-design,5.0,8,ساعة,15,0,$5.00,يوم واحد,8,4,40.0,.Islam N,https://khamsat.com/user/islam_nasser3,True,بائع مميز,5.0,17,98.48%,2,25,4 ساعات
تعليم عن بعد,https://khamsat.com/training,تعلم البرمجة,https://khamsat.com/training/learn-programming,شرح مشاريع Machine Learning بالعربي مع الاكود لغة بايثون,https://khamsat.com/training/learn-programming/2373289-%D8%B4%D8%B1%D8%AD-%D9%85%D8%B4%D8%A7%D8%B1%D9%8A%D8%B9-machine-learning-%D8%A8%D8%A7%D9%84%D8%B9%D8%B1%D8%A8%D9%8A-%D9%85%D8%B9-%D8%A7%D9%84%D8%A7%D9%83%D9%88%D8%AF-%D9%84%D8%BA%D8%A9-%D8%A8%D8%A7%D9%8A%D8%AB%D9%88%D9%86,5.0,6,17 دقيقة,8,0,$10.00,يوم واحد,6,5,215.0,.Karam A,https://khamsat.com/user/karam2001,True,بائع نشيط,5.0,7,90.0%,3,8,ساعة
تعليم عن بعد,https://khamsat.com/training,تعلم البرمجة,https://khamsat.com/training/learn-programming,شروحات دروس شبكات,https://khamsat.com/training/learn-programming/985723-%D8%B4%D8%B1%D9%88%D8%AD%D8%A7%D8%AA-%D8%AF%D8%B1%D9%88%D8%B3-%D8%B4%D8%A8%D9%83%D8%A7%D8%AA,5.0,8,11 دقيقة,9,0,$10.00,أسبوع,8,2,60.0,شريف ا.,https://khamsat.com/user/shreif_said,True,بائع مميز,5.0,65,82.5%,9,93,4 ساعات
تعليم عن بعد,https://khamsat.com/training,تعلم البرمجة,https://khamsat.com/training/learn-programming,برمجة وتدريب عن بعد في مجال الهندسة الكهربائية وإلالكترونية,https://khamsat.com/training/learn-programming/2571234-%D8%A8%D8%B1%D9%85%D8%AC%D8%A9-%D9%88%D8%AA%D8%AF%D8%B1%D9%8A%D8%A8-%D8%B9%D9%86-%D8%A8%D8%B9%D8%AF-%D9%81%D9%8A-%D9%85%D8%AC%D8%A7%D9%84-%D8%A7%D9%84%D9%87%D9%86%D8%AF%D8%B3%D8%A9-%D8%A7%D9%84%D9%83%D9%87%D8%B1%D8%A8%D8%A7%D8%A6%D9%8A%D8%A9-%D9%88%D8%A5%D9%84%D8%A7%D9%84%D9%83%D8%AA%D8%B1%D9%88%D9%86%D9%8A%D8%A9,5.0,1,35 دقيقة,1,0,$10.00,يومين,1,1,50.0,.Ali B,https://khamsat.com/user/aliboshi_1996,True,بائع جديد,5.0,2,100.0%,2,1,22 دقيقة
تعليم عن بعد,https://khamsat.com/training,تعلم البرمجة,https://khamsat.com/training/learn-programming,شرح مشاريع لتعلم الآلة Machine learning او التعلم العميق,https://khamsat.com/training/learn-programming/2593108-%D8%B4%D8%B1%D8%AD-%D9%85%D8%B4%D8%A7%D8%B1%D9%8A%D8%B9-%D9%84%D8%AA%D8%B9%D9%84%D9%85-%D8%A7%D9%84%D8%A2%D9%84%D8%A9-machine-learning-%D8%A7%D9%88-%D8%A7%D9%84%D8%AA%D8%B9%D9%84%D9%85-%D8%A7%D9%84%D8%B9%D9%85%D9%8A%D9%82,5.0,4,ساعة,5,0,$5.00,يوم واحد,4,4,155.0,احمد ع.,https://khamsat.com/user/aahmeed,True,بائع نشيط,5.0,6,100.0%,3,8,ساعة
تعليم عن بعد,https://khamsat.com/training,تعلم البرمجة,https://khamsat.com/training/learn-programming,شرح وحل وظائف ماتلاب او مشاريع مصغرّة Matlab projects,https://khamsat.com/training/learn-programming/2580386-%D8%B4%D8%B1%D8%AD-%D9%88%D8%AD%D9%84-%D9%88%D8%B8%D8%A7%D8%A6%D9%81-%D9%85%D8%A7%D8%AA%D9%84%D8%A7%D8%A8-%D8%A7%D9%88-%D9%85%D8%B4%D8%A7%D8%B1%D9%8A%D8%B9-%D9%85%D8%B5%D8%BA%D8%B1%D8%A9-matlab-projects,5.0,3,ساعتين,4,0,$10.00,يوم واحد,3,0,0.0,.Hassan S,https://khamsat.com/user/hassan_saker122,True,بائع نشيط,5.0,3,95.0%,3,4,ساعتين
تعليم عن بعد,https://khamsat.com/training,تعلم البرمجة,https://khamsat.com/training/learn-programming,تدريس شبكات الكمبيوتر,https://khamsat.com/training/learn-programming/1531185-%D8%AA%D8%AF%D8%B1%D9%8A%D8%B3-%D8%B4%D8%A8%D9%83%D8%A7%D8%AA-%D8%A7%D9%84%D9%83%D9%85%D8%A8%D9%8A%D9%88%D8%AA%D8%B1,5.0,22,21 ساعة,25,0,$10.00,يوم واحد,22,0,0.0,.Ashraf S,https://khamsat.com/user/ashraf_shawwa,True,بائع مميز,5.0,33,96.85%,4,34,10 ساعات
تعليم عن بعد,https://khamsat.com/training,تعلم البرمجة,https://khamsat.com/training/learn-programming,شرح مواضيع الخورازميات الاساسية والمتقدمة,https://khamsat.com/training/learn-programming/1645907-%D8%B4%D8%B1%D8%AD-%D9%85%D9%88%D8%A7%D8%B6%D9%8A%D8%B9-%D8%A7%D9%84%D8%AE%D9%88%D8%B1%D8%A7%D8%B2%D9%85%D9%8A%D8%A7%D8%AA-%D8%A7%D9%84%D8%A7%D8%B3%D8%A7%D8%B3%D9%8A%D8%A9-%D9%88%D8%A7%D9%84%D9%85%D8%AA%D9%82%D8%AF%D9%85%D8%A9,5.0,1,36 دقيقة,3,0,$5.00,أسبوعين,1,3,95.0,.Balqees M,https://khamsat.com/user/balqees1,True,بائع نشيط,5.0,15,81.4%,1,18,16 ساعة
تعليم عن بعد,https://khamsat.com/training,تعلم البرمجة,https://khamsat.com/training/learn-programming,تعليم أساسيات برمجة وتصميم الالعاب,https://khamsat.com/training/learn-programming/2017771-%D8%AA%D8%B9%D9%84%D9%8A%D9%85-%D8%A3%D8%B3%D8%A7%D8%B3%D9%8A%D8%A7%D8%AA-%D8%A8%D8%B1%D9%85%D8%AC%D8%A9-%D9%88%D8%AA%D8%B5%D9%85%D9%8A%D9%85-%D8%A7%D9%84%D8%A7%D9%84%D8%B9%D8%A7%D8%A8,5.0,2,33 دقيقة,3,0,$10.00,يوم واحد,2,0,0.0,محمد فراس ا.,https://khamsat.com/user/hasanest,True,بائع مميز,4.5,20,98.61%,8,26,4 ساعات
تعليم عن بعد,https://khamsat.com/training,تعلم البرمجة,https://khamsat.com/training/learn-programming,حل مسألة برمجية بسيطة بلغة الجافا,https://khamsat.com/training/learn-programming/1958926-%D8%AD%D9%84-%D9%85%D8%B3%D8%A3%D9%84%D8%A9-%D8%A8%D8%B1%D9%85%D8%AC%D9%8A%D8%A9-%D8%A8%D8%B3%D9%8A%D8%B7%D8%A9-%D8%A8%D9%84%D8%BA%D8%A9-%D8%A7%D9%84%D8%AC%D8%A7%D9%81%D8%A7,5.0,4,5 ساعات,4,0,$10.00,يومين,4,1,15.0,.Yousef M,https://khamsat.com/user/ali_mohamad488,True,بائع نشيط,5.0,5,93.33%,4,5,ساعتين
تعليم عن بعد,https://khamsat.com/training,تعلم البرمجة,https://khamsat.com/training/learn-programming,حل وشرح مسائل البرمجة بلغات جافا و سي بلس بلس و باسكال,https://khamsat.com/training/learn-programming/1578007-%D8%AD%D9%84-%D9%88%D8%B4%D8%B1%D8%AD-%D9%85%D8%B3%D8%A7%D8%A6%D9%84-%D8%A7%D9%84%D8%A8%D8%B1%D9%85%D8%AC%D8%A9-%D8%A8%D9%84%D8%BA%D8%A7%D8%AA-%D8%AC%D8%A7%D9%81%D8%A7-%D9%88-%D8%B3%D9%8A-%D8%A8%D9%84%D8%B3-%D8%A8%D9%84%D8%B3-%D9%88-%D8%A8%D8%A7%D8%B3%D9%83%D8%A7%D9%84,5.0,16,ساعة,23,0,$15.00,يوم واحد,16,1,45.0,.Ali Mohammed A,https://khamsat.com/user/ali_alsheakh,True,بائع مميز,5.0,22,88.89%,3,31,7 ساعات
تعليم عن بعد,https://khamsat.com/training,تعلم البرمجة,https://khamsat.com/training/learn-programming,تدريب لتصبح مطور برامج باستخدام دارت وفلاتر,https://khamsat.com/training/learn-programming/2320667-%D8%AA%D8%AF%D8%B1%D9%8A%D8%A8-%D9%84%D8%AA%D8%B5%D8%A8%D8%AD-%D9%85%D8%B7%D9%88%D8%B1-%D8%A8%D8%B1%D8%A7%D9%85%D8%AC-%D8%A8%D8%A7%D8%B3%D8%AA%D8%AE%D8%AF%D8%A7%D9%85-%D8%AF%D8%A7%D8%B1%D8%AA-%D9%88%D9%81%D9%84%D8%A7%D8%AA%D8%B1,5.0,6,3 دقائق,6,0,$5.00,يوم واحد,6,2,120.0,.Anwar S,https://khamsat.com/user/anwar_safy,True,بائع نشيط,5.0,9,86.67%,1,7,14 دقيقة
تعليم عن بعد,https://khamsat.com/training,تعلم البرمجة,https://khamsat.com/training/learn-programming,حل مسائل أنظمة التحكم control systemباستخدام الماتلاب MATLAB,https://khamsat.com/training/learn-programming/2506102-%D8%AD%D9%84-%D9%85%D8%B3%D8%A7%D8%A6%D9%84-%D8%A3%D9%86%D8%B8%D9%85%D8%A9-%D8%A7%D9%84%D8%AA%D8%AD%D9%83%D9%85-control-system%D8%A8%D8%A7%D8%B3%D8%AA%D8%AE%D8%AF%D8%A7%D9%85-%D8%A7%D9%84%D9%85%D8%A7%D8%AA%D9%84%D8%A7%D8%A8-matlab,5.0,4,يومين,5,0,$5.00,يومين,4,1,5.0,محمد ع.,https://khamsat.com/user/asy_mohammed,True,بائع نشيط,5.0,9,95.83%,5,8,يوم
تعليم عن بعد,https://khamsat.com/training,تعلم البرمجة,https://khamsat.com/training/learn-programming,مساعدة في حل واجبات بلغة الجافا و تطبيق مفاهيم الoop,https://khamsat.com/training/learn-programming/2824480-%D9%85%D8%B3%D8%A7%D8%B9%D8%AF%D8%A9-%D9%81%D9%8A-%D8%AD%D9%84-%D9%88%D8%A7%D8%AC%D8%A8%D8%A7%D8%AA-%D8%A8%D9%84%D8%BA%D8%A9-%D8%A7%D9%84%D8%AC%D8%A7%D9%81%D8%A7-%D9%88-%D8%AA%D8%B7%D8%A8%D9%8A%D9%82-%D9%85%D9%81%D8%A7%D9%87%D9%8A%D9%85-%D8%A7%D9%84oop,5.0,2,ساعتين,2,0,$5.00,يوم واحد,2,3,15.0,محمد ع.,https://khamsat.com/user/mido15717,True,بائع جديد,5.0,4,100.0%,2,4,ساعة
تعليم عن بعد,https://khamsat.com/training,تعلم البرمجة,https://khamsat.com/training/learn-programming,تعليم أساسيات و مبادئ البرمجة للأطفال,https://khamsat.com/training/learn-programming/1441504-%D8%AA%D8%B9%D9%84%D9%8A%D9%85-%D8%A3%D8%B3%D8%A7%D8%B3%D9%8A%D8%A7%D8%AA-%D9%88-%D9%85%D8%A8%D8%A7%D8%AF%D8%A6-%D8%A7%D9%84%D8%A8%D8%B1%D9%85%D8%AC%D8%A9-%D9%84%D9%84%D8%A3%D8%B7%D9%81%D8%A7%D9%84,5.0,6,ساعة,6,0,$10.00,ثلاثة أيام,6,2,25.0,.Eslam M,https://khamsat.com/user/emofficial2020,True,بائع جديد,5.0,6,87.5%,2,6,39 دقيقة
تعليم عن بعد,https://khamsat.com/training,تعلم البرمجة,https://khamsat.com/training/learn-programming,شرح دروس python و java و C,https://khamsat.com/training/learn-programming/2019912-%D8%B4%D8%B1%D8%AD-%D8%AF%D8%B1%D9%88%D8%B3-python-%D9%88-java-%D9%88-c,5.0,8,33 دقيقة,11,0,$5.00,يوم واحد,8,2,175.0,.Yassine O,https://khamsat.com/user/yassine_ouhammou,True,بائع مميز,5.0,18,96.3%,3,20,يوم
تعليم عن بعد,https://khamsat.com/training,تعلم البرمجة,https://khamsat.com/training/learn-programming,شرح مواد برمجية لغات البرمجة التصميم التعليمي,https://khamsat.com/training/learn-programming/2609321-%D8%B4%D8%B1%D8%AD-%D9%85%D9%88%D8%A7%D8%AF-%D8%A8%D8%B1%D9%85%D8%AC%D9%8A%D8%A9-%D9%84%D8%BA%D8%A7%D8%AA-%D8%A7%D9%84%D8%A8%D8%B1%D9%85%D8%AC%D8%A9-%D8%A7%D9%84%D8%AA%D8%B5%D9%85%D9%8A%D9%85-%D8%A7%D9%84%D8%AA%D8%B9%D9%84%D9%8A%D9%85%D9%8A,5.0,3,ساعة,3,0,$5.00,يوم واحد,3,4,85.0,.Lamiaa S,https://khamsat.com/user/lamiaa_selim,True,بائع نشيط,5.0,4,91.67%,5,4,8 ساعات
تعليم عن بعد,https://khamsat.com/training,تعلم البرمجة,https://khamsat.com/training/learn-programming,مساعدتك في حل تمارين او مشروعك في لغة سي شارب,https://khamsat.com/training/learn-programming/1070863-%D9%85%D8%B3%D8%A7%D8%B9%D8%AF%D8%AA%D9%83-%D9%81%D9%8A-%D8%AD%D9%84-%D8%AA%D9%85%D8%A7%D8%B1%D9%8A%D9%86-%D8%A7%D9%88-%D9%85%D8%B4%D8%B1%D9%88%D8%B9%D9%83-%D9%81%D9%8A-%D9%84%D8%BA%D8%A9-%D8%B3%D9%8A-%D8%B4%D8%A7%D8%B1%D8%A8,5.0,8,14 ساعة,8,0,$10.00,يوم واحد,8,0,0.0,.Kamal E,https://khamsat.com/user/elmag,True,بائع مميز,5.0,29,88.61%,6,34,4 أيام
تعليم عن بعد,https://khamsat.com/training,تعلم البرمجة,https://khamsat.com/training/learn-programming,حل وتصميم مشاريع بلغة python,https://khamsat.com/training/learn-programming/1526191-%D8%AD%D9%84-%D9%88%D8%AA%D8%B5%D9%85%D9%8A%D9%85-%D9%85%D8%B4%D8%A7%D8%B1%D9%8A%D8%B9-%D8%A8%D9%84%D8%BA%D8%A9-python,5.0,9,31 دقيقة,18,0,$5.00,يوم واحد,9,4,155.0,.Aseel S,https://khamsat.com/user/aseel_1993,True,بائع مميز,5.0,60,89.82%,4,73,ساعة
تعليم عن بعد,https://khamsat.com/training,تعلم البرمجة,https://khamsat.com/training/learn-programming,شرح مواد برمجية من قِبل عضو هيئة تدريس,https://khamsat.com/training/learn-programming/1672004-%D8%B4%D8%B1%D8%AD-%D9%85%D9%88%D8%A7%D8%AF-%D8%A8%D8%B1%D9%85%D8%AC%D9%8A%D8%A9-%D9%85%D9%86-%D9%82%D8%A8%D9%84-%D8%B9%D8%B6%D9%88-%D9%87%D9%8A%D8%A6%D8%A9-%D8%AA%D8%AF%D8%B1%D9%8A%D8%B3,5.0,13,يوم,18,0,$5.00,يوم واحد,13,3,65.0,.Safaa A,https://khamsat.com/user/safaaabdelnaser,True,بائع مميز,5.0,30,96.05%,3,31,18 ساعة
تعليم عن بعد,https://khamsat.com/training,تعلم البرمجة,https://khamsat.com/training/learn-programming,المساعده في حل او شرح تمارين بلغه جافاسكربت او بايثون,https://khamsat.com/training/learn-programming/1902685-%D8%A7%D9%84%D9%85%D8%B3%D8%A7%D8%B9%D8%AF%D9%87-%D9%81%D9%8A-%D8%AD%D9%84-%D8%A7%D9%88-%D8%B4%D8%B1%D8%AD-%D8%AA%D9%85%D8%A7%D8%B1%D9%8A%D9%86-%D8%A8%D9%84%D8%BA%D9%87-%D8%AC%D8%A7%D9%81%D8%A7%D8%B3%D9%83%D8%B1%D8%A8%D8%AA-%D8%A7%D9%88-%D8%A8%D8%A7%D9%8A%D8%AB%D9%88%D9%86,5.0,1,ساعتين,1,0,$5.00,يوم واحد,1,3,30.0,.Ahmed K,https://khamsat.com/user/zeta,True,بائع جديد,5.0,3,100.0%,3,2,يوم
تعليم عن بعد,https://khamsat.com/training,تعلم البرمجة,https://khamsat.com/training/learn-programming,تعلم بناء قواعد البيانات من نوع sql,https://khamsat.com/training/learn-programming/2326516-%D8%AA%D8%B9%D9%84%D9%85-%D8%A8%D9%86%D8%A7%D8%A1-%D9%82%D9%88%D8%A7%D8%B9%D8%AF-%D8%A7%D9%84%D8%A8%D9%8A%D8%A7%D9%86%D8%A7%D8%AA-%D9%85%D9%86-%D9%86%D9%88%D8%B9-sql,5.0,2,ساعتين,3,0,$10.00,يوم واحد,2,0,0.0,.Emad G,https://khamsat.com/user/emad-gamel-anton,True,بائع نشيط,5.0,6,91.3%,4,7,48 دقيقة
تعليم عن بعد,https://khamsat.com/training,تعلم البرمجة,https://khamsat.com/training/learn-programming,تقديم دروس واكواد في لغة البرمجة Delphi,https://khamsat.com/training/learn-programming/2099747-%D8%AA%D9%82%D8%AF%D9%8A%D9%85-%D8%AF%D8%B1%D9%88%D8%B3-%D9%88%D8%A7%D9%83%D9%88%D8%A7%D8%AF-%D9%81%D9%8A-%D9%84%D8%BA%D8%A9-%D8%A7%D9%84%D8%A8%D8%B1%D9%85%D8%AC%D8%A9-delphi,5.0,1,3 دقائق,1,0,$5.00,يوم واحد,1,0,0.0,عمر ق.,https://khamsat.com/user/amar-omar,True,بائع نشيط,5.0,12,94.12%,4,15,12 ساعة
تعليم عن بعد,https://khamsat.com/training,تعلم تصميم الجرافيك,https://khamsat.com/training/learn-designing,تعليم مبادئ التصميم على الفوتوشوب,https://khamsat.com/training/learn-designing/1004724-%D8%AA%D8%B9%D9%84%D9%8A%D9%85-%D9%85%D8%A8%D8%A7%D8%AF%D8%A6-%D8%A7%D9%84%D8%AA%D8%B5%D9%85%D9%8A%D9%85-%D8%B9%D9%84%D9%89-%D8%A7%D9%84%D9%81%D9%88%D8%AA%D9%88%D8%B4%D9%88%D8%A8,4.5,6,24 دقيقة,7,0,$5.00,يوم واحد,6,1,5.0,.Ragheb B,https://khamsat.com/user/raghebboubes,True,بائع مميز,4.5,45,86.73%,5,50,6 ساعات
تعليم عن بعد,https://khamsat.com/training,تعلم تصميم الجرافيك,https://khamsat.com/training/learn-designing,كورس تعلم الوايت بورد أنيميشين السبورة البيضاء,https://khamsat.com/training/learn-designing/1895525-%D9%83%D9%88%D8%B1%D8%B3-%D8%AA%D8%B9%D9%84%D9%85-%D8%A7%D9%84%D9%88%D8%A7%D9%8A%D8%AA-%D8%A8%D9%88%D8%B1%D8%AF-%D8%A3%D9%86%D9%8A%D9%85%D9%8A%D8%B4%D9%8A%D9%86-%D8%A7%D9%84%D8%B3%D8%A8%D9%88%D8%B1%D8%A9-%D8%A7%D9%84%D8%A8%D9%8A%D8%B6%D8%A7%D8%A1,3.5,3,ساعتين,5,0,$5.00,يوم واحد,3,1,5.0,.Omar M,https://khamsat.com/user/omar_mahmoud17,True,بائع جديد,3.5,3,100.0%,3,6,يوم
تعليم عن بعد,https://khamsat.com/training,تعلم تصميم الجرافيك,https://khamsat.com/training/learn-designing,محاضرة فى عدة مجالات في التصميم بمقابل 5 دولار,https://khamsat.com/training/learn-designing/647324-%D9%85%D8%AD%D8%A7%D8%B6%D8%B1%D8%A9-%D9%81%D9%89-%D8%B9%D8%AF%D8%A9-%D9%85%D8%AC%D8%A7%D9%84%D8%A7%D8%AA-%D9%81%D9%8A-%D8%A7%D9%84%D8%AA%D8%B5%D9%85%D9%8A%D9%85-%D8%A8%D9%85%D9%82%D8%A7%D8%A8%D9%84-5-%D8%AF%D9%88%D9%84%D8%A7%D8%B1,4.5,2,8 ساعات,2,0,$5.00,ثلاثة أيام,2,0,0.0,محمود ع.,https://khamsat.com/user/mastersoft,True,بائع مميز,4.5,38,92.2%,9,42,23 ساعة
تعليم عن بعد,https://khamsat.com/training,تعلم تصميم الجرافيك,https://khamsat.com/training/learn-designing,دورة تعليمية لرسم الرأس والوجه بإستخدام نظرية لوميس,https://khamsat.com/training/learn-designing/2637062-%D8%AF%D9%88%D8%B1%D8%A9-%D8%AA%D8%B9%D9%84%D9%8A%D9%85%D9%8A%D8%A9-%D9%84%D8%B1%D8%B3%D9%85-%D8%A7%D9%84%D8%B1%D8%A3%D8%B3-%D9%88%D8%A7%D9%84%D9%88%D8%AC%D9%87-%D8%A8%D8%A5%D8%B3%D8%AA%D8%AE%D8%AF%D8%A7%D9%85-%D9%86%D8%B8%D8%B1%D9%8A%D8%A9-%D9%84%D9%88%D9%85%D9%8A%D8%B3,5.0,1,28 دقيقة,1,0,$10.00,يوم واحد,1,0,0.0,.Marwan G,https://khamsat.com/user/marwan-gamal,True,بائع جديد,5.0,2,100.0%,5,2,28 دقيقة
تعليم عن بعد,https://khamsat.com/training,تعلم تصميم الجرافيك,https://khamsat.com/training/learn-designing,مواقع مهمة جدا لا غني عنها لأي مصمم تجعلك مصمم محترف بسهولة,https://khamsat.com/training/learn-designing/1135400-%D9%85%D9%88%D8%A7%D9%82%D8%B9-%D9%85%D9%87%D9%85%D8%A9-%D8%AC%D8%AF%D8%A7-%D9%84%D8%A7-%D8%BA%D9%86%D9%8A-%D8%B9%D9%86%D9%87%D8%A7-%D9%84%D8%A3%D9%8A-%D9%85%D8%B5%D9%85%D9%85-%D8%AA%D8%AC%D8%B9%D9%84%D9%83-%D9%85%D8%B5%D9%85%D9%85-%D9%85%D8%AD%D8%AA%D8%B1%D9%81-%D8%A8%D8%B3%D9%87%D9%88%D9%84%D8%A9,5.0,2,يومين,4,0,$5.00,يوم واحد,2,3,35.0,.Mariem K,https://khamsat.com/user/mariem84,True,بائع جديد,5.0,6,81.82%,5,9,22 ساعة
تعليم عن بعد,https://khamsat.com/training,تعلم تصميم الجرافيك,https://khamsat.com/training/learn-designing,دورة تصميم الجرافيك من الصفر للاحتراف,https://khamsat.com/training/learn-designing/2979542-%D8%AF%D9%88%D8%B1%D8%A9-%D8%AA%D8%B5%D9%85%D9%8A%D9%85-%D8%A7%D9%84%D8%AC%D8%B1%D8%A7%D9%81%D9%8A%D9%83-%D9%85%D9%86-%D8%A7%D9%84%D8%B5%D9%81%D8%B1-%D9%84%D9%84%D8%A7%D8%AD%D8%AA%D8%B1%D8%A7%D9%81,5.0,1,9 ساعات,1,0,$5.00,أسبوع,1,5,30.0,.Shaimaa A,https://khamsat.com/user/shaimaa.art,True,بائع مميز,4.5,32,88.54%,4,48,يومين
تعليم عن بعد,https://khamsat.com/training,تعلم تصميم الجرافيك,https://khamsat.com/training/learn-designing,دورة شرح نظام الانظمة الذكية KNX او اللاسلكية,https://khamsat.com/training/learn-designing/1684066-%D8%AF%D9%88%D8%B1%D8%A9-%D8%B4%D8%B1%D8%AD-%D9%86%D8%B8%D8%A7%D9%85-%D8%A7%D9%84%D8%A7%D9%86%D8%B8%D9%85%D8%A9-%D8%A7%D9%84%D8%B0%D9%83%D9%8A%D8%A9-knx-%D8%A7%D9%88-%D8%A7%D9%84%D9%84%D8%A7%D8%B3%D9%84%D9%83%D9%8A%D8%A9,5.0,8,9 ساعات,8,0,$25.00,يومين,8,2,100.0,.Ahmed M,https://khamsat.com/user/ahmedhany2,True,بائع نشيط,5.0,28,100.0%,6,32,7 ساعات
تعليم عن بعد,https://khamsat.com/training,تعلم تصميم الجرافيك,https://khamsat.com/training/learn-designing,تدريب على UI UX عبر منصة Figma,https://khamsat.com/training/learn-designing/2805362-%D8%AA%D8%AF%D8%B1%D9%8A%D8%A8-%D8%B9%D9%84%D9%89-ui-ux-%D8%B9%D8%A8%D8%B1-%D9%85%D9%86%D8%B5%D8%A9-figma,0.0,0,دقيقتين,1,0,$10.00,أسبوع,0,3,165.0,.Fakhri A,https://khamsat.com/user/fakhrialamin90,True,بائع جديد,0.0,0,100.0%,4,1,دقيقتين
تعليم عن بعد,https://khamsat.com/training,تعلم تصميم الجرافيك,https://khamsat.com/training/learn-designing,تعلم فن التحكم البصرى عن طريق التظليل بالقلم الرصاص,https://khamsat.com/training/learn-designing/2747872-%D8%AA%D8%B9%D9%84%D9%85-%D9%81%D9%86-%D8%A7%D9%84%D8%AA%D8%AD%D9%83%D9%85-%D8%A7%D9%84%D8%A8%D8%B5%D8%B1%D9%89-%D8%B9%D9%86-%D8%B7%D8%B1%D9%8A%D9%82-%D8%A7%D9%84%D8%AA%D8%B8%D9%84%D9%8A%D9%84-%D8%A8%D8%A7%D9%84%D9%82%D9%84%D9%85-%D8%A7%D9%84%D8%B1%D8%B5%D8%A7%D8%B5,0.0,0,لم يحسب,0,0,$5.00,يوم واحد,0,0,0.0,.Marwan G,https://khamsat.com/user/marwan-gamal,True,بائع جديد,5.0,2,100.0%,5,2,28 دقيقة
تعليم عن بعد,https://khamsat.com/training,تعلم تصميم الجرافيك,https://khamsat.com/training/learn-designing,تعلم كيف تصبح مصمم احترافي,https://khamsat.com/training/learn-designing/1351927-%D8%AA%D8%B9%D9%84%D9%85-%D9%83%D9%8A%D9%81-%D8%AA%D8%B5%D8%A8%D8%AD-%D9%85%D8%B5%D9%85%D9%85-%D8%A7%D8%AD%D8%AA%D8%B1%D8%A7%D9%81%D9%8A,5.0,2,يوم,3,0,$5.00,ثلاثة أيام,2,0,0.0,.Esam F,https://khamsat.com/user/%D8%B9%D8%B5%D8%A7%D9%85-%D8%A8%D8%AF%D8%B1%D8%A7%D9%86,True,بائع نشيط,5.0,2,100.0%,4,4,يوم
تعليم عن بعد,https://khamsat.com/training,تعلم تصميم الجرافيك,https://khamsat.com/training/learn-designing,كورس تعلم الفوتوشوب للمبتدئين,https://khamsat.com/training/learn-designing/3044576-%D9%83%D9%88%D8%B1%D8%B3-%D8%AA%D8%B9%D9%84%D9%85-%D8%A7%D9%84%D9%81%D9%88%D8%AA%D9%88%D8%B4%D9%88%D8%A8-%D9%84%D9%84%D9%85%D8%A8%D8%AA%D8%AF%D8%A6%D9%8A%D9%86,0.0,0,لم يحسب,0,0,$10.00,يوم واحد,0,4,165.0,.Mahmoud A,https://khamsat.com/user/mahmoud-el-roby,True,بائع جديد,0.0,0,لم يحسب بعد,2,0,دقيقة
تعليم عن بعد,https://khamsat.com/training,تعلم تصميم الجرافيك,https://khamsat.com/training/learn-designing,افضل أدوات التصميم بالذكاء الاصطناعي تقرير شامل,https://khamsat.com/training/learn-designing/2888192-%D8%A7%D9%81%D8%B6%D9%84-%D8%A3%D8%AF%D9%88%D8%A7%D8%AA-%D8%A7%D9%84%D8%AA%D8%B5%D9%85%D9%8A%D9%85-%D8%A8%D8%A7%D9%84%D8%B0%D9%83%D8%A7%D8%A1-%D8%A7%D9%84%D8%A7%D8%B5%D8%B7%D9%86%D8%A7%D8%B9%D9%8A-%D8%AA%D9%82%D8%B1%D9%8A%D8%B1-%D8%B4%D8%A7%D9%85%D9%84,0.0,0,لم يحسب,0,0,$5.00,يوم واحد,0,0,0.0,.Marwan A,https://khamsat.com/user/mrwan_1,True,بائع جديد,0.0,0,لم يحسب بعد,2,0,49 دقيقة
تعليم عن بعد,https://khamsat.com/training,تعلم تصميم الجرافيك,https://khamsat.com/training/learn-designing,تعليم برنامج البور بوينت بكل احترافية,https://khamsat.com/training/learn-designing/2524038-%D8%AA%D8%B9%D9%84%D9%8A%D9%85-%D8%A8%D8%B1%D9%86%D8%A7%D9%85%D8%AC-%D8%A7%D9%84%D8%A8%D9%88%D8%B1-%D8%A8%D9%88%D9%8A%D9%86%D8%AA-%D8%A8%D9%83%D9%84-%D8%A7%D8%AD%D8%AA%D8%B1%D8%A7%D9%81%D9%8A%D8%A9,0.0,0,لم يحسب,0,0,$5.00,يوم واحد,0,1,5.0,.Ahmed M,https://khamsat.com/user/ahmedmohamed_gra00,True,بائع جديد,0.0,0,0.0%,5,0,3 ساعات
تعليم عن بعد,https://khamsat.com/training,تعلم تصميم الجرافيك,https://khamsat.com/training/learn-designing,كتاب تعليم التصميم ببرنامج كانفا,https://khamsat.com/training/learn-designing/2693897-%D9%83%D8%AA%D8%A7%D8%A8-%D8%AA%D8%B9%D9%84%D9%8A%D9%85-%D8%A7%D9%84%D8%AA%D8%B5%D9%85%D9%8A%D9%85-%D8%A8%D8%A8%D8%B1%D9%86%D8%A7%D9%85%D8%AC-%D9%83%D8%A7%D9%86%D9%81%D8%A7,0.0,0,لم يحسب,2,0,$10.00,يوم واحد,0,0,0.0,زهره م.,https://khamsat.com/user/zahrah_18,False,بائع جديد,0.0,0,100.0%,3,2,لم يحسب
تعليم عن بعد,https://khamsat.com/training,تعلم تصميم الجرافيك,https://khamsat.com/training/learn-designing,دورة تصميم اللوحات الالكترونية باستخدام PROTUES,https://khamsat.com/training/learn-designing/1509849-%D8%AF%D9%88%D8%B1%D8%A9-%D8%AA%D8%B5%D9%85%D9%8A%D9%85-%D8%A7%D9%84%D9%84%D9%88%D8%AD%D8%A7%D8%AA-%D8%A7%D9%84%D8%A7%D9%84%D9%83%D8%AA%D8%B1%D9%88%D9%86%D9%8A%D8%A9-%D8%A8%D8%A7%D8%B3%D8%AA%D8%AE%D8%AF%D8%A7%D9%85-protues,0.0,0,ساعتين,0,0,$5.00,يوم واحد,0,0,0.0,.Ahmed A,https://khamsat.com/user/ahmed_abed_1992,True,بائع نشيط,5.0,15,92.31%,3,15,ساعتين
تعليم عن بعد,https://khamsat.com/training,تعلم تصميم الجرافيك,https://khamsat.com/training/learn-designing,اجاوبك على 5 أسئلة عن تصميمات الجرافيك والطباعة وفصل الالوان,https://khamsat.com/training/learn-designing/736185-%D8%A7%D8%AC%D8%A7%D9%88%D8%A8%D9%83-%D8%B9%D9%84%D9%89-5-%D8%A3%D8%B3%D8%A6%D9%84%D8%A9-%D8%B9%D9%86-%D8%AA%D8%B5%D9%85%D9%8A%D9%85%D8%A7%D8%AA-%D8%A7%D9%84%D8%AC%D8%B1%D8%A7%D9%81%D9%8A%D9%83-%D9%88%D8%A7%D9%84%D8%B7%D8%A8%D8%A7%D8%B9%D8%A9-%D9%88%D9%81%D8%B5%D9%84-%D8%A7%D9%84%D8%A7%D9%84%D9%88%D8%A7%D9%86,0.0,0,11 ساعة,0,0,$5.00,ثلاثة أيام,0,2,45.0,.Shaimaa A,https://khamsat.com/user/shaimaa.art,True,بائع مميز,4.5,32,88.54%,4,48,يومين
تعليم عن بعد,https://khamsat.com/training,تعلم تصميم الجرافيك,https://khamsat.com/training/learn-designing,كورس شرح برنامج باوربوينت كامل وطريقه عمل البريزنتيشن,https://khamsat.com/training/learn-designing/1504527-%D9%83%D9%88%D8%B1%D8%B3-%D8%B4%D8%B1%D8%AD-%D8%A8%D8%B1%D9%86%D8%A7%D9%85%D8%AC-%D8%A8%D8%A7%D9%88%D8%B1%D8%A8%D9%88%D9%8A%D9%86%D8%AA-%D9%83%D8%A7%D9%85%D9%84-%D9%88%D8%B7%D8%B1%D9%8A%D9%82%D9%87-%D8%B9%D9%85%D9%84-%D8%A7%D9%84%D8%A8%D8%B1%D9%8A%D8%B2%D9%86%D8%AA%D9%8A%D8%B4%D9%86,0.0,0,أقل من دقيقة,0,0,$5.00,يوم واحد,0,1,5.0,شريف ا.,https://khamsat.com/user/shreef_000,True,بائع نشيط,5.0,12,100.0%,8,16,ساعة
تعليم عن بعد,https://khamsat.com/training,تعلم تصميم الجرافيك,https://khamsat.com/training/learn-designing,تعليم الفوتوشوب عن بعد,https://khamsat.com/training/learn-designing/681656-%D8%AA%D8%B9%D9%84%D9%8A%D9%85-%D8%A7%D9%84%D9%81%D9%88%D8%AA%D9%88%D8%B4%D9%88%D8%A8-%D8%B9%D9%86-%D8%A8%D8%B9%D8%AF,5.0,4,يوم,8,0,$5.00,ثلاثة أيام,4,1,5.0,.Ahmed G,https://khamsat.com/user/ahmed7542,True,بائع مميز,5.0,120,86.91%,6,149,21 ساعة
تعليم عن بعد,https://khamsat.com/training,تعلم تصميم الجرافيك,https://khamsat.com/training/learn-designing,تعليم برنامج Realtime Landscaping Architect,https://khamsat.com/training/learn-designing/1259300-%D8%AA%D8%B9%D9%84%D9%8A%D9%85-%D8%A8%D8%B1%D9%86%D8%A7%D9%85%D8%AC-realtime-landscaping-architect,0.0,0,لم يحسب,0,0,$5.00,خمسة أيام,0,1,20.0,عبد الرحمن ا.,https://khamsat.com/user/%D8%B9%D8%A8%D8%AF-%D8%A7%D9%84%D8%B1%D8%AD%D9%85%D9%86-%D8%AC%D9%88%D9%8A%D8%AF%D8%A9,True,بائع جديد,0.0,0,لم يحسب بعد,2,0,لم يحسب
تعليم عن بعد,https://khamsat.com/training,تعلم تصميم الجرافيك,https://khamsat.com/training/learn-designing,تدريب على برنامج Adobe Illustrator,https://khamsat.com/training/learn-designing/1869624-%D8%AA%D8%AF%D8%B1%D9%8A%D8%A8-%D8%B9%D9%84%D9%89-%D8%A8%D8%B1%D9%86%D8%A7%D9%85%D8%AC-adobe-illustrator,5.0,2,12 ساعة,3,0,$5.00,يومين,2,2,40.0,.Yussef A,https://khamsat.com/user/yussef_aslan,True,بائع نشيط,5.0,7,96.55%,9,10,22 ساعة
تعليم عن بعد,https://khamsat.com/training,تعلم تصميم الجرافيك,https://khamsat.com/training/learn-designing,تعلم تصميم الأزياء بطريقة مبسطة,https://khamsat.com/training/learn-designing/2709529-%D8%AA%D8%B9%D9%84%D9%85-%D8%AA%D8%B5%D9%85%D9%8A%D9%85-%D8%A7%D9%84%D8%A3%D8%B2%D9%8A%D8%A7%D8%A1-%D8%A8%D8%B7%D8%B1%D9%8A%D9%82%D8%A9-%D9%85%D8%A8%D8%B3%D8%B7%D8%A9,0.0,0,لم يحسب,0,0,$5.00,يوم واحد,0,5,25.0,.Alaa A,https://khamsat.com/user/alaahm90,True,بائع جديد,0.0,0,لم يحسب بعد,4,0,لم يحسب
تعليم عن بعد,https://khamsat.com/training,تعلم تصميم الجرافيك,https://khamsat.com/training/learn-designing,دورة لتعليم برنامج Robot Structural,https://khamsat.com/training/learn-designing/1074205-%D8%AF%D9%88%D8%B1%D8%A9-%D9%84%D8%AA%D8%B9%D9%84%D9%8A%D9%85-%D8%A8%D8%B1%D9%86%D8%A7%D9%85%D8%AC-robot-structural,0.0,0,يوم,0,0,$5.00,أربعة أيام,0,1,50.0,.Aymane H,https://khamsat.com/user/%D8%A3%D9%8A%D9%85%D9%86-aymane-hmme,True,بائع نشيط,5.0,9,100.0%,3,12,13 ساعة
تعليم عن بعد,https://khamsat.com/training,تعلم تصميم الجرافيك,https://khamsat.com/training/learn-designing,تعلم برنامج التصميم ثري دي ماكس من الصفر للاحتراف 3ds Max,https://khamsat.com/training/learn-designing/2876895-%D8%AA%D8%B9%D9%84%D9%85-%D8%A8%D8%B1%D9%86%D8%A7%D9%85%D8%AC-%D8%A7%D9%84%D8%AA%D8%B5%D9%85%D9%8A%D9%85-%D8%AB%D8%B1%D9%8A-%D8%AF%D9%8A-%D9%85%D8%A7%D9%83%D8%B3-%D9%85%D9%86-%D8%A7%D9%84%D8%B5%D9%81%D8%B1-%D9%84%D9%84%D8%A7%D8%AD%D8%AA%D8%B1%D8%A7%D9%81-3ds-max,0.0,0,لم يحسب,0,0,$10.00,يوم واحد,0,3,50.0,.Lubna B,https://khamsat.com/user/lubnabah91,True,بائع جديد,5.0,1,100.0%,4,1,لم يحسب
تعليم عن بعد,https://khamsat.com/training,تعلم تصميم الجرافيك,https://khamsat.com/training/learn-designing,أقوم بتدريب مهندسين اللاندسكيب علي استعمال الريل تايم,https://khamsat.com/training/learn-designing/1261352-%D8%A3%D9%82%D9%88%D9%85-%D8%A8%D8%AA%D8%AF%D8%B1%D9%8A%D8%A8-%D9%85%D9%87%D9%86%D8%AF%D8%B3%D9%8A%D9%86-%D8%A7%D9%84%D9%84%D8%A7%D9%86%D8%AF%D8%B3%D9%83%D9%8A%D8%A8-%D8%B9%D9%84%D9%8A-%D8%A7%D8%B3%D8%AA%D8%B9%D9%85%D8%A7%D9%84-%D8%A7%D9%84%D8%B1%D9%8A%D9%84-%D8%AA%D8%A7%D9%8A%D9%85,0.0,0,لم يحسب,0,0,$5.00,يوم واحد,0,0,0.0,اسماعيل ص.,https://khamsat.com/user/ismail909,True,بائع جديد,0.0,0,لم يحسب بعد,3,0,لم يحسب
تعليم عن بعد,https://khamsat.com/training,تعلم تصميم الجرافيك,https://khamsat.com/training/learn-designing,تعلم التصميم الغارفيكي و الطباعي باستخدام برامج ادوبي,https://khamsat.com/training/learn-designing/2648787-%D8%AA%D8%B9%D9%84%D9%85-%D8%A7%D9%84%D8%AA%D8%B5%D9%85%D9%8A%D9%85-%D8%A7%D9%84%D8%BA%D8%A7%D8%B1%D9%81%D9%8A%D9%83%D9%8A-%D9%88-%D8%A7%D9%84%D8%B7%D8%A8%D8%A7%D8%B9%D9%8A-%D8%A8%D8%A7%D8%B3%D8%AA%D8%AE%D8%AF%D8%A7%D9%85-%D8%A8%D8%B1%D8%A7%D9%85%D8%AC-%D8%A7%D8%AF%D9%88%D8%A8%D9%8A,0.0,0,ساعة,1,0,$15.00,يوم واحد,0,0,0.0,.Yussef A,https://khamsat.com/user/yussef_aslan,True,بائع نشيط,5.0,7,96.55%,9,10,22 ساعة
تعليم عن بعد,https://khamsat.com/training,تعلم تصميم الجرافيك,https://khamsat.com/training/learn-designing,شرح أدوات وقوائم برنامج الفوتوشوب لتعديل الصور كاملة,https://khamsat.com/training/learn-designing/1973536-%D8%B4%D8%B1%D8%AD-%D8%A3%D8%AF%D9%88%D8%A7%D8%AA-%D9%88%D9%82%D9%88%D8%A7%D8%A6%D9%85-%D8%A8%D8%B1%D9%86%D8%A7%D9%85%D8%AC-%D8%A7%D9%84%D9%81%D9%88%D8%AA%D9%88%D8%B4%D9%88%D8%A8-%D9%84%D8%AA%D8%B9%D8%AF%D9%8A%D9%84-%D8%A7%D9%84%D8%B5%D9%88%D8%B1-%D9%83%D8%A7%D9%85%D9%84%D8%A9,0.0,0,ساعة,0,0,$5.00,يوم واحد,0,0,0.0,عبدالله ع.,https://khamsat.com/user/%D8%B9%D8%A8%D8%AF%D8%A7%D9%84%D9%84%D9%87-%D8%B4%D9%85%D8%B3-%D8%A7%D9%84%D8%AF%D9%8A%D9%86,False,بائع جديد,0.0,0,لم يحسب بعد,2,0,ساعة
تعليم عن بعد,https://khamsat.com/training,تعلم تصميم الجرافيك,https://khamsat.com/training/learn-designing,دورة تعلم الإنفوجرافيك مع شهادة معتمدة,https://khamsat.com/training/learn-designing/650745-%D8%AF%D9%88%D8%B1%D8%A9-%D8%AA%D8%B9%D9%84%D9%85-%D8%A7%D9%84%D8%A5%D9%86%D9%81%D9%88%D8%AC%D8%B1%D8%A7%D9%81%D9%8A%D9%83-%D9%85%D8%B9-%D8%B4%D9%87%D8%A7%D8%AF%D8%A9-%D9%85%D8%B9%D8%AA%D9%85%D8%AF%D8%A9,4.5,80,ساعة,168,0,$50.00,يوم واحد,25,2,10.0,.Ahmad A,https://khamsat.com/user/%D8%A3%D8%AD%D9%85%D8%AF-%D8%A7%D9%84%D9%81%D8%A7%D8%AE%D9%88%D8%B1%D9%8A,True,بائع موثوق,4.5,456,95.91%,10,624,ساعتين
تعليم عن بعد,https://khamsat.com/training,تعلم تصميم الجرافيك,https://khamsat.com/training/learn-designing,تدريب على برنامج Adobe Premiere Pro,https://khamsat.com/training/learn-designing/2181752-%D8%AA%D8%AF%D8%B1%D9%8A%D8%A8-%D8%B9%D9%84%D9%89-%D8%A8%D8%B1%D9%86%D8%A7%D9%85%D8%AC-adobe-premiere-pro,5.0,4,5 دقائق,6,1,$5.00,يوم واحد,4,2,40.0,.Yussef A,https://khamsat.com/user/yussef_aslan,True,بائع نشيط,5.0,7,96.55%,9,10,22 ساعة
تعليم عن بعد,https://khamsat.com/training,تعلم تصميم الجرافيك,https://khamsat.com/training/learn-designing,تعلم برنامج التصميم ثري دي ماكس3ds Max Workshops.,https://khamsat.com/training/learn-designing/1970145-%D8%AA%D8%B9%D9%84%D9%85-%D8%A8%D8%B1%D9%86%D8%A7%D9%85%D8%AC-%D8%A7%D9%84%D8%AA%D8%B5%D9%85%D9%8A%D9%85-%D8%AB%D8%B1%D9%8A-%D8%AF%D9%8A-%D9%85%D8%A7%D9%83%D8%B33ds-max-workshops,5.0,2,ساعتين,3,0,$5.00,يوم واحد,2,4,245.0,وائل م.,https://khamsat.com/user/wael_moussa,True,بائع جديد,5.0,2,100.0%,5,3,ساعتين
تعليم عن بعد,https://khamsat.com/training,تعلم تصميم الجرافيك,https://khamsat.com/training/learn-designing,دورات ودروس في الفوتوشوب من مبتدئ لصانع اعمال احترافية,https://khamsat.com/training/learn-designing/2004558-%D8%AF%D9%88%D8%B1%D8%A7%D8%AA-%D9%88%D8%AF%D8%B1%D9%88%D8%B3-%D9%81%D9%8A-%D8%A7%D9%84%D9%81%D9%88%D8%AA%D9%88%D8%B4%D9%88%D8%A8-%D9%85%D9%86-%D9%85%D8%A8%D8%AA%D8%AF%D8%A6-%D9%84%D8%B5%D8%A7%D9%86%D8%B9-%D8%A7%D8%B9%D9%85%D8%A7%D9%84-%D8%A7%D8%AD%D8%AA%D8%B1%D8%A7%D9%81%D9%8A%D8%A9,5.0,3,20 دقيقة,3,0,$10.00,يوم واحد,3,1,100.0,.Sedra S,https://khamsat.com/user/sedra7sa,True,بائع مميز,5.0,25,95.7%,8,21,8 ساعات
تعليم عن بعد,https://khamsat.com/training,تعلم الفيديو والأنيميشن,https://khamsat.com/training/learn-video-animation,دورة تكوينية في صناعة فيديو موشن جرافيك كاملة,https://khamsat.com/training/learn-video-animation/2179159-%D8%AF%D9%88%D8%B1%D8%A9-%D8%AA%D9%83%D9%88%D9%8A%D9%86%D9%8A%D8%A9-%D9%81%D9%8A-%D8%B5%D9%86%D8%A7%D8%B9%D8%A9-%D9%81%D9%8A%D8%AF%D9%8A%D9%88-%D9%85%D9%88%D8%B4%D9%86-%D8%AC%D8%B1%D8%A7%D9%81%D9%8A%D9%83-%D9%83%D8%A7%D9%85%D9%84%D8%A9,5.0,2,32 دقيقة,2,0,$10.00,يوم واحد,2,2,115.0,.Ibrahim A,https://khamsat.com/user/ibrahim_attya,True,بائع نشيط,4.5,7,90.91%,3,6,15 دقيقة
تعليم عن بعد,https://khamsat.com/training,تعلم الفيديو والأنيميشن,https://khamsat.com/training/learn-video-animation,تعليم اساسيات برنامج adobe premier,https://khamsat.com/training/learn-video-animation/1107870-%D8%AA%D8%B9%D9%84%D9%8A%D9%85-%D8%A7%D8%B3%D8%A7%D8%B3%D9%8A%D8%A7%D8%AA-%D8%A8%D8%B1%D9%86%D8%A7%D9%85%D8%AC-adobe-premier,4.5,5,4 دقائق,4,0,$5.00,يوم واحد,5,3,60.0,.Ibrahim A,https://khamsat.com/user/ibrahim_attya,True,بائع نشيط,4.5,7,90.91%,3,6,15 دقيقة
تعليم عن بعد,https://khamsat.com/training,تعلم الفيديو والأنيميشن,https://khamsat.com/training/learn-video-animation,تدريب عن بعد وتعلم موشن جرافيك 3D and 2D بشكل احترافي.,https://khamsat.com/training/learn-video-animation/2307170-%D8%AA%D8%AF%D8%B1%D9%8A%D8%A8-%D8%B9%D9%86-%D8%A8%D8%B9%D8%AF-%D9%88%D8%AA%D8%B9%D9%84%D9%85-%D9%85%D9%88%D8%B4%D9%86-%D8%AC%D8%B1%D8%A7%D9%81%D9%8A%D9%83-3d-and-2d-%D8%A8%D8%B4%D9%83%D9%84-%D8%A7%D8%AD%D8%AA%D8%B1%D8%A7%D9%81%D9%8A,0.0,0,4 ساعات,0,0,$15.00,يوم واحد,0,0,0.0,.Ayyoub F,https://khamsat.com/user/innislamic,True,بائع مميز,5.0,97,70.46%,5,191,16 ساعة
تعليم عن بعد,https://khamsat.com/training,تعلم الفيديو والأنيميشن,https://khamsat.com/training/learn-video-animation,تعلم اساسيات الموشن جرافيك ادوبي افترافكت,https://khamsat.com/training/learn-video-animation/2964573-%D8%AA%D8%B9%D9%84%D9%85-%D8%A7%D8%B3%D8%A7%D8%B3%D9%8A%D8%A7%D8%AA-%D8%A7%D9%84%D9%85%D9%88%D8%B4%D9%86-%D8%AC%D8%B1%D8%A7%D9%81%D9%8A%D9%83-%D8%A7%D8%AF%D9%88%D8%A8%D9%8A-%D8%A7%D9%81%D8%AA%D8%B1%D8%A7%D9%81%D9%83%D8%AA,0.0,0,لم يحسب,0,0,$10.00,يوم واحد,0,4,65.0,.Huda M,https://khamsat.com/user/huda3moudi,True,مشتري جاد,0.0,0,لم يحسب بعد,1,0,لم يحسب
تعليم عن بعد,https://khamsat.com/training,تعلم الفيديو والأنيميشن,https://khamsat.com/training/learn-video-animation,تعليم اساسيات الرسم بشكل عام والرسم الرقمي بشكل خاص,https://khamsat.com/training/learn-video-animation/2778366-%D8%AA%D8%B9%D9%84%D9%8A%D9%85-%D8%A7%D8%B3%D8%A7%D8%B3%D9%8A%D8%A7%D8%AA-%D8%A7%D9%84%D8%B1%D8%B3%D9%85-%D8%A8%D8%B4%D9%83%D9%84-%D8%B9%D8%A7%D9%85-%D9%88%D8%A7%D9%84%D8%B1%D8%B3%D9%85-%D8%A7%D9%84%D8%B1%D9%82%D9%85%D9%8A-%D8%A8%D8%B4%D9%83%D9%84-%D8%AE%D8%A7%D8%B5,0.0,0,لم يحسب,0,0,$5.00,يوم واحد,0,0,0.0,.Eman A,https://khamsat.com/user/emanwaly,True,بائع جديد,5.0,1,100.0%,4,2,12 ساعة
تعليم عن بعد,https://khamsat.com/training,تعلم الفيديو والأنيميشن,https://khamsat.com/training/learn-video-animation,اقدم لك دورة خاصة عن تفاصيل المونتاج,https://khamsat.com/training/learn-video-animation/2862765-%D8%A7%D9%82%D8%AF%D9%85-%D9%84%D9%83-%D8%AF%D9%88%D8%B1%D8%A9-%D8%AE%D8%A7%D8%B5%D8%A9-%D8%B9%D9%86-%D8%AA%D9%81%D8%A7%D8%B5%D9%8A%D9%84-%D8%A7%D9%84%D9%85%D9%88%D9%86%D8%AA%D8%A7%D8%AC,0.0,0,لم يحسب,0,0,$10.00,يوم واحد,0,0,0.0,على ع.,https://khamsat.com/user/mdmwnkbalrby_56543,False,بائع جديد,0.0,0,لم يحسب بعد,1,0,لم يحسب
تعليم عن بعد,https://khamsat.com/training,تعلم الفيديو والأنيميشن,https://khamsat.com/training/learn-video-animation,تعليم تحرير الفيديو باستخدام أدوبي بريميير,https://khamsat.com/training/learn-video-animation/1493565-%D8%AA%D8%B9%D9%84%D9%8A%D9%85-%D8%AA%D8%AD%D8%B1%D9%8A%D8%B1-%D8%A7%D9%84%D9%81%D9%8A%D8%AF%D9%8A%D9%88-%D8%A8%D8%A7%D8%B3%D8%AA%D8%AE%D8%AF%D8%A7%D9%85-%D8%A3%D8%AF%D9%88%D8%A8%D9%8A-%D8%A8%D8%B1%D9%8A%D9%85%D9%8A%D9%8A%D8%B1,5.0,2,9 ساعات,2,0,$5.00,يوم واحد,2,0,0.0,.Basma S,https://khamsat.com/user/basmasobh,True,بائع جديد,5.0,2,100.0%,4,2,9 ساعات
تعليم عن بعد,https://khamsat.com/training,تعلم الفيديو والأنيميشن,https://khamsat.com/training/learn-video-animation,التعلم عن بعد تعلم الانميشن,https://khamsat.com/training/learn-video-animation/2533545-%D8%A7%D9%84%D8%AA%D8%B9%D9%84%D9%85-%D8%B9%D9%86-%D8%A8%D8%B9%D8%AF-%D8%AA%D8%B9%D9%84%D9%85-%D8%A7%D9%84%D8%A7%D9%86%D9%85%D9%8A%D8%B4%D9%86,0.0,0,لم يحسب,0,0,$5.00,ثلاثة أيام,0,0,0.0,محمد ا.,https://khamsat.com/user/mogogo123,False,بائع جديد,0.0,0,لم يحسب بعد,5,0,يوم
تعليم عن بعد,https://khamsat.com/training,تعلم الفيديو والأنيميشن,https://khamsat.com/training/learn-video-animation,تعلم والتدريب عن بعد مونتاج الفيديوهات ببرنامج أدوبي بريمير,https://khamsat.com/training/learn-video-animation/2568091-%D8%AA%D8%B9%D9%84%D9%85-%D9%88%D8%A7%D9%84%D8%AA%D8%AF%D8%B1%D9%8A%D8%A8-%D8%B9%D9%86-%D8%A8%D8%B9%D8%AF-%D9%85%D9%88%D9%86%D8%AA%D8%A7%D8%AC-%D8%A7%D9%84%D9%81%D9%8A%D8%AF%D9%8A%D9%88%D9%87%D8%A7%D8%AA-%D8%A8%D8%A8%D8%B1%D9%86%D8%A7%D9%85%D8%AC-%D8%A3%D8%AF%D9%88%D8%A8%D9%8A-%D8%A8%D8%B1%D9%8A%D9%85%D9%8A%D8%B1,0.0,0,4 ساعات,2,0,$15.00,ثلاثة أيام,0,2,35.0,.Ahmed S,https://khamsat.com/user/ahmed-seleem,True,بائع مميز,5.0,21,90.0%,2,37,4 ساعات
تعليم عن بعد,https://khamsat.com/training,تعلم الفيديو والأنيميشن,https://khamsat.com/training/learn-video-animation,تعليم أساسيات المونتاج بإستخدام برنامج adobe premier pro,https://khamsat.com/training/learn-video-animation/2735111-%D8%AA%D8%B9%D9%84%D9%8A%D9%85-%D8%A3%D8%B3%D8%A7%D8%B3%D9%8A%D8%A7%D8%AA-%D8%A7%D9%84%D9%85%D9%88%D9%86%D8%AA%D8%A7%D8%AC-%D8%A8%D8%A5%D8%B3%D8%AA%D8%AE%D8%AF%D8%A7%D9%85-%D8%A8%D8%B1%D9%86%D8%A7%D9%85%D8%AC-adobe-premier-pro,5.0,2,3 ساعات,2,0,$5.00,يوم واحد,2,3,20.0,محمد ت.,https://khamsat.com/user/mehemet_turk81,True,بائع مميز,5.0,34,98.29%,2,35,ساعتين
تعليم عن بعد,https://khamsat.com/training,تعلم الفيديو والأنيميشن,https://khamsat.com/training/learn-video-animation,أساسيات تصوير الفيديو و التصوير السينمائي,https://khamsat.com/training/learn-video-animation/2954374-%D8%A3%D8%B3%D8%A7%D8%B3%D9%8A%D8%A7%D8%AA-%D8%AA%D8%B5%D9%88%D9%8A%D8%B1-%D8%A7%D9%84%D9%81%D9%8A%D8%AF%D9%8A%D9%88-%D9%88-%D8%A7%D9%84%D8%AA%D8%B5%D9%88%D9%8A%D8%B1-%D8%A7%D9%84%D8%B3%D9%8A%D9%86%D9%85%D8%A7%D8%A6%D9%8A,0.0,0,لم يحسب,0,0,$10.00,يوم واحد,0,0,0.0,.Yacine L,https://khamsat.com/user/yacine_lahcene,True,بائع جديد,5.0,2,100.0%,4,3,ساعة
تعليم عن بعد,https://khamsat.com/training,تعلم الفيديو والأنيميشن,https://khamsat.com/training/learn-video-animation,هتتعلم المونتاج من خبير 30 سنه في المونتاج,https://khamsat.com/training/learn-video-animation/2952787-%D9%87%D8%AA%D8%AA%D8%B9%D9%84%D9%85-%D8%A7%D9%84%D9%85%D9%88%D9%86%D8%AA%D8%A7%D8%AC-%D9%85%D9%86-%D8%AE%D8%A8%D9%8A%D8%B1-30-%D8%B3%D9%86%D9%87-%D9%81%D9%8A-%D8%A7%D9%84%D9%85%D9%88%D9%86%D8%AA%D8%A7%D8%AC,0.0,0,لم يحسب,0,0,$5.00,يوم واحد,0,0,0.0,.Maged A,https://khamsat.com/user/magedabdulhady369,True,بائع جديد,0.0,0,لم يحسب بعد,1,0,لم يحسب
تعليم عن بعد,https://khamsat.com/training,تعلم الفيديو والأنيميشن,https://khamsat.com/training/learn-video-animation,دروس تعليمية لبرنامج DaVinci Resolve,https://khamsat.com/training/learn-video-animation/2850048-%D8%AF%D8%B1%D9%88%D8%B3-%D8%AA%D8%B9%D9%84%D9%8A%D9%85%D9%8A%D8%A9-%D9%84%D8%A8%D8%B1%D9%86%D8%A7%D9%85%D8%AC-davinci-resolve,0.0,0,لم يحسب,0,0,$5.00,يوم واحد,0,2,10.0,.Omar K,https://khamsat.com/user/omaralkhudery,False,بائع جديد,0.0,0,لم يحسب بعد,2,0,لم يحسب
تعليم عن بعد,https://khamsat.com/training,تعلم الفيديو والأنيميشن,https://khamsat.com/training/learn-video-animation,كورس اونلاين لعمل شروحات ومونتاج الفيديو بواسطة camtasia,https://khamsat.com/training/learn-video-animation/375648-%D9%83%D9%88%D8%B1%D8%B3-%D8%A7%D9%88%D9%86%D9%84%D8%A7%D9%8A%D9%86-%D9%84%D8%B9%D9%85%D9%84-%D8%B4%D8%B1%D9%88%D8%AD%D8%A7%D8%AA-%D9%88%D9%85%D9%88%D9%86%D8%AA%D8%A7%D8%AC-%D8%A7%D9%84%D9%81%D9%8A%D8%AF%D9%8A%D9%88-%D8%A8%D9%88%D8%A7%D8%B3%D8%B7%D8%A9-camtasia,0.0,0,لم يحسب,0,0,$10.00,يومين,0,0,0.0,.Khaled A,https://khamsat.com/user/eng_khaledamin,True,بائع جديد,0.0,0,لم يحسب بعد,4,0,يوم
تعليم عن بعد,https://khamsat.com/training,تعلم الفيديو والأنيميشن,https://khamsat.com/training/learn-video-animation,تعلم عن بعد مونتاج الفيديوهات علي فيلمورا,https://khamsat.com/training/learn-video-animation/2881675-%D8%AA%D8%B9%D9%84%D9%85-%D8%B9%D9%86-%D8%A8%D8%B9%D8%AF-%D9%85%D9%88%D9%86%D8%AA%D8%A7%D8%AC-%D8%A7%D9%84%D9%81%D9%8A%D8%AF%D9%8A%D9%88%D9%87%D8%A7%D8%AA-%D8%B9%D9%84%D9%8A-%D9%81%D9%8A%D9%84%D9%85%D9%88%D8%B1%D8%A7,0.0,0,لم يحسب,0,0,$10.00,ثلاثة أيام,0,0,0.0,عمر ا.,https://khamsat.com/user/omar_ahmed2580,True,بائع نشيط,4.5,7,100.0%,3,10,16 ساعة
تعليم عن بعد,https://khamsat.com/training,تعلم الفيديو والأنيميشن,https://khamsat.com/training/learn-video-animation,تعلم تصميم افلام الكرتون باستخدام Synfig Studio,https://khamsat.com/training/learn-video-animation/2382397-%D8%AA%D8%B9%D9%84%D9%85-%D8%AA%D8%B5%D9%85%D9%8A%D9%85-%D8%A7%D9%81%D9%84%D8%A7%D9%85-%D8%A7%D9%84%D9%83%D8%B1%D8%AA%D9%88%D9%86-%D8%A8%D8%A7%D8%B3%D8%AA%D8%AE%D8%AF%D8%A7%D9%85-synfig-studio,0.0,0,لم يحسب,0,0,$10.00,يوم واحد,0,1,40.0,إسلام أ.,https://khamsat.com/user/islampharm,True,بائع جديد,5.0,2,50.0%,4,1,ساعة
تعليم عن بعد,https://khamsat.com/training,تعلم الفيديو والأنيميشن,https://khamsat.com/training/learn-video-animation,تعلم كيفيه إنشاء فيلم كرتوني ثلاثي الابعاد,https://khamsat.com/training/learn-video-animation/2334934-%D8%AA%D8%B9%D9%84%D9%85-%D9%83%D9%8A%D9%81%D9%8A%D9%87-%D8%A5%D9%86%D8%B4%D8%A7%D8%A1-%D9%81%D9%8A%D9%84%D9%85-%D9%83%D8%B1%D8%AA%D9%88%D9%86%D9%8A-%D8%AB%D9%84%D8%A7%D8%AB%D9%8A-%D8%A7%D9%84%D8%A7%D8%A8%D8%B9%D8%A7%D8%AF,0.0,0,11 ساعة,0,0,$5.00,يوم واحد,0,1,5.0,.Soad A,https://khamsat.com/user/soadamin,True,بائع جديد,0.0,0,لم يحسب بعد,4,0,11 ساعة
تعليم عن بعد,https://khamsat.com/training,تعلم الفيديو والأنيميشن,https://khamsat.com/training/learn-video-animation,تعلم تصميم الفيديوهات بطريقة الوايت بورد حتى الاحتراف,https://khamsat.com/training/learn-video-animation/1995365-%D8%AA%D8%B9%D9%84%D9%85-%D8%AA%D8%B5%D9%85%D9%8A%D9%85-%D8%A7%D9%84%D9%81%D9%8A%D8%AF%D9%8A%D9%88%D9%87%D8%A7%D8%AA-%D8%A8%D8%B7%D8%B1%D9%8A%D9%82%D8%A9-%D8%A7%D9%84%D9%88%D8%A7%D9%8A%D8%AA-%D8%A8%D9%88%D8%B1%D8%AF-%D8%AD%D8%AA%D9%89-%D8%A7%D9%84%D8%A7%D8%AD%D8%AA%D8%B1%D8%A7%D9%81,5.0,1,3 ساعات,3,0,$10.00,يوم واحد,1,0,0.0,.Amir E,https://khamsat.com/user/amirelsaied7,True,بائع مميز,5.0,79,84.66%,2,80,ساعة
تعليم عن بعد,https://khamsat.com/training,تعلم الفيديو والأنيميشن,https://khamsat.com/training/learn-video-animation,تدريب مونتاج جلسة واحدة من مدرب دولي,https://khamsat.com/training/learn-video-animation/2351420-%D8%AA%D8%AF%D8%B1%D9%8A%D8%A8-%D9%85%D9%88%D9%86%D8%AA%D8%A7%D8%AC-%D8%AC%D9%84%D8%B3%D8%A9-%D9%88%D8%A7%D8%AD%D8%AF%D8%A9-%D9%85%D9%86-%D9%85%D8%AF%D8%B1%D8%A8-%D8%AF%D9%88%D9%84%D9%8A,5.0,3,يومين,3,0,$10.00,يوم واحد,3,5,280.0,.Madi S,https://khamsat.com/user/madi_skaf,True,مشتري جديد,5.0,3,80.0%,3,3,6 أيام
تعليم عن بعد,https://khamsat.com/training,تعلم الفيديو والأنيميشن,https://khamsat.com/training/learn-video-animation,سوف اقوم بتعليمك المونتاج على برنامج Camtasia,https://khamsat.com/training/learn-video-animation/2120893-%D8%B3%D9%88%D9%81-%D8%A7%D9%82%D9%88%D9%85-%D8%A8%D8%AA%D8%B9%D9%84%D9%8A%D9%85%D9%83-%D8%A7%D9%84%D9%85%D9%88%D9%86%D8%AA%D8%A7%D8%AC-%D8%B9%D9%84%D9%89-%D8%A8%D8%B1%D9%86%D8%A7%D9%85%D8%AC-camtasia,5.0,1,32 دقيقة,1,0,$15.00,ثلاثة أيام,1,0,0.0,.Muhammet B,https://khamsat.com/user/mbaz993,True,بائع مميز,4.5,116,97.08%,8,167,6 ساعات
تعليم عن بعد,https://khamsat.com/training,تعلم الفيديو والأنيميشن,https://khamsat.com/training/learn-video-animation,تعليم تعديل الالوان باستخدام برنامج ادوبي بريمير برو,https://khamsat.com/training/learn-video-animation/2954257-%D8%AA%D8%B9%D9%84%D9%8A%D9%85-%D8%AA%D8%B9%D8%AF%D9%8A%D9%84-%D8%A7%D9%84%D8%A7%D9%84%D9%88%D8%A7%D9%86-%D8%A8%D8%A7%D8%B3%D8%AA%D8%AE%D8%AF%D8%A7%D9%85-%D8%A8%D8%B1%D9%86%D8%A7%D9%85%D8%AC-%D8%A7%D8%AF%D9%88%D8%A8%D9%8A-%D8%A8%D8%B1%D9%8A%D9%85%D9%8A%D8%B1-%D8%A8%D8%B1%D9%88,0.0,0,لم يحسب,0,0,$10.00,يوم واحد,0,3,95.0,.Yacine L,https://khamsat.com/user/yacine_lahcene,True,بائع جديد,5.0,2,100.0%,4,3,ساعة
تعليم عن بعد,https://khamsat.com/training,تعلم التسويق الرقمي,https://khamsat.com/training/learn-marketing,تنمية مهارات البيع الأساسية والقدرة على الاقناع,https://khamsat.com/training/learn-marketing/3014719-%D8%AA%D9%86%D9%85%D9%8A%D8%A9-%D9%85%D9%87%D8%A7%D8%B1%D8%A7%D8%AA-%D8%A7%D9%84%D8%A8%D9%8A%D8%B9-%D8%A7%D9%84%D8%A3%D8%B3%D8%A7%D8%B3%D9%8A%D8%A9-%D9%88%D8%A7%D9%84%D9%82%D8%AF%D8%B1%D8%A9-%D8%B9%D9%84%D9%89-%D8%A7%D9%84%D8%A7%D9%82%D9%86%D8%A7%D8%B9,5.0,2,6 ساعات,2,0,$10.00,يوم واحد,2,2,40.0,.Mohammad Fadi A,https://khamsat.com/user/fadi_almasri,True,بائع جديد,5.0,3,100.0%,5,2,يوم
تعليم عن بعد,https://khamsat.com/training,تعلم التسويق الرقمي,https://khamsat.com/training/learn-marketing,كورس كتابة محتوى السوشيال ميديا,https://khamsat.com/training/learn-marketing/2802609-%D9%83%D9%88%D8%B1%D8%B3-%D9%83%D8%AA%D8%A7%D8%A8%D8%A9-%D9%85%D8%AD%D8%AA%D9%88%D9%89-%D8%A7%D9%84%D8%B3%D9%88%D8%B4%D9%8A%D8%A7%D9%84-%D9%85%D9%8A%D8%AF%D9%8A%D8%A7,4.5,16,3 ساعات,75,0,$5.00,يوم واحد,16,0,0.0,.Alyaa E,https://khamsat.com/user/alyaa_777,True,بائع مميز,4.5,37,97.19%,3,101,3 ساعات
تعليم عن بعد,https://khamsat.com/training,تعلم التسويق الرقمي,https://khamsat.com/training/learn-marketing,كورس تدريبي على برنامج سناب شات Snapchat,https://khamsat.com/training/learn-marketing/2030665-%D9%83%D9%88%D8%B1%D8%B3-%D8%AA%D8%AF%D8%B1%D9%8A%D8%A8%D9%8A-%D8%B9%D9%84%D9%89-%D8%A8%D8%B1%D9%86%D8%A7%D9%85%D8%AC-%D8%B3%D9%86%D8%A7%D8%A8-%D8%B4%D8%A7%D8%AA-snapchat,4.5,21,ساعتين,43,0,$10.00,يوم واحد,21,2,15.0,على ا.,https://khamsat.com/user/dralidawod,True,بائع مميز,4.5,39,96.97%,11,69,4 ساعات
تعليم عن بعد,https://khamsat.com/training,تعلم التسويق الرقمي,https://khamsat.com/training/learn-marketing,دورة أنماط شخصيات العملاء والتعامل معها,https://khamsat.com/training/learn-marketing/2998633-%D8%AF%D9%88%D8%B1%D8%A9-%D8%A3%D9%86%D9%85%D8%A7%D8%B7-%D8%B4%D8%AE%D8%B5%D9%8A%D8%A7%D8%AA-%D8%A7%D9%84%D8%B9%D9%85%D9%84%D8%A7%D8%A1-%D9%88%D8%A7%D9%84%D8%AA%D8%B9%D8%A7%D9%85%D9%84-%D9%85%D8%B9%D9%87%D8%A7,5.0,1,لم يحسب,1,0,$10.00,يوم واحد,1,0,0.0,.Mohammad Fadi A,https://khamsat.com/user/fadi_almasri,True,بائع جديد,5.0,3,100.0%,5,2,يوم
تعليم عن بعد,https://khamsat.com/training,تعلم التسويق الرقمي,https://khamsat.com/training/learn-marketing,أقدم لك دورة خاصة في التيكتوك وكيفية الظهور في الاكسبلور,https://khamsat.com/training/learn-marketing/2568237-%D8%A3%D9%82%D8%AF%D9%85-%D9%84%D9%83-%D8%AF%D9%88%D8%B1%D8%A9-%D8%AE%D8%A7%D8%B5%D8%A9-%D9%81%D9%8A-%D8%A7%D9%84%D8%AA%D9%8A%D9%83%D8%AA%D9%88%D9%83-%D9%88%D9%83%D9%8A%D9%81%D9%8A%D8%A9-%D8%A7%D9%84%D8%B8%D9%87%D9%88%D8%B1-%D9%81%D9%8A-%D8%A7%D9%84%D8%A7%D9%83%D8%B3%D8%A8%D9%84%D9%88%D8%B1,5.0,4,ساعتين,13,0,$25.00,يوم واحد,4,0,0.0,.Abed A,https://khamsat.com/user/abed777,True,بائع نشيط,5.0,13,87.88%,2,27,ساعة
تعليم عن بعد,https://khamsat.com/training,تعلم التسويق الرقمي,https://khamsat.com/training/learn-marketing,كورس طريقة استهداف العملاء الصحيحة بكل سهولة,https://khamsat.com/training/learn-marketing/2627714-%D9%83%D9%88%D8%B1%D8%B3-%D8%B7%D8%B1%D9%8A%D9%82%D8%A9-%D8%A7%D8%B3%D8%AA%D9%87%D8%AF%D8%A7%D9%81-%D8%A7%D9%84%D8%B9%D9%85%D9%84%D8%A7%D8%A1-%D8%A7%D9%84%D8%B5%D8%AD%D9%8A%D8%AD%D8%A9-%D8%A8%D9%83%D9%84-%D8%B3%D9%87%D9%88%D9%84%D8%A9,5.0,2,يوم,5,0,$20.00,يوم واحد,2,0,0.0,أحمد ي.,https://khamsat.com/user/ahmedyasserofficial,True,بائع مميز,5.0,17,92.86%,2,18,8 ساعات
تعليم عن بعد,https://khamsat.com/training,تعلم التسويق الرقمي,https://khamsat.com/training/learn-marketing,احصل على الدليل الشامل للتسويق الكامل,https://khamsat.com/training/learn-marketing/1029387-%D8%A7%D8%AD%D8%B5%D9%84-%D8%B9%D9%84%D9%89-%D8%A7%D9%84%D8%AF%D9%84%D9%8A%D9%84-%D8%A7%D9%84%D8%B4%D8%A7%D9%85%D9%84-%D9%84%D9%84%D8%AA%D8%B3%D9%88%D9%8A%D9%82-%D8%A7%D9%84%D9%83%D8%A7%D9%85%D9%84,5.0,88,3 ساعات,134,0,$10.00,يوم واحد,25,1,100.0,إسماعيل ا.,https://khamsat.com/user/%D8%A5%D8%B3%D9%85%D8%A7%D8%B9%D9%8A%D9%84-%D8%A3%D8%AD%D9%85%D8%AF,True,بائع مميز,5.0,273,96.2%,14,340,7 ساعات
تعليم عن بعد,https://khamsat.com/training,تعلم التسويق الرقمي,https://khamsat.com/training/learn-marketing,تعلم استراتيجية ناجحة في اطلاق الحملات الإعلانية على الفايس,https://khamsat.com/training/learn-marketing/2469024-%D8%AA%D8%B9%D9%84%D9%85-%D8%A7%D8%B3%D8%AA%D8%B1%D8%A7%D8%AA%D9%8A%D8%AC%D9%8A%D8%A9-%D9%86%D8%A7%D8%AC%D8%AD%D8%A9-%D9%81%D9%8A-%D8%A7%D8%B7%D9%84%D8%A7%D9%82-%D8%A7%D9%84%D8%AD%D9%85%D9%84%D8%A7%D8%AA-%D8%A7%D9%84%D8%A5%D8%B9%D9%84%D8%A7%D9%86%D9%8A%D8%A9-%D8%B9%D9%84%D9%89-%D8%A7%D9%84%D9%81%D8%A7%D9%8A%D8%B3,5.0,1,25 دقيقة,2,0,$10.00,ثلاثة أيام,1,4,105.0,محسن ب.,https://khamsat.com/user/mohcine_aziz_22,True,بائع جديد,5.0,1,60.0%,5,2,25 دقيقة
تعليم عن بعد,https://khamsat.com/training,تعلم التسويق الرقمي,https://khamsat.com/training/learn-marketing,كتاب اسرار وتجارة الاشتراكات الرقمية,https://khamsat.com/training/learn-marketing/2711639-%D9%83%D8%AA%D8%A7%D8%A8-%D8%A7%D8%B3%D8%B1%D8%A7%D8%B1-%D9%88%D8%AA%D8%AC%D8%A7%D8%B1%D8%A9-%D8%A7%D9%84%D8%A7%D8%B4%D8%AA%D8%B1%D8%A7%D9%83%D8%A7%D8%AA-%D8%A7%D9%84%D8%B1%D9%82%D9%85%D9%8A%D8%A9,4.5,11,52 دقيقة,16,0,$10.00,يوم واحد,11,1,5.0,حسام ح.,https://khamsat.com/user/abdallah2022a,True,بائع مميز,4.5,62,92.86%,15,127,ساعة
تعليم عن بعد,https://khamsat.com/training,تعلم التسويق الرقمي,https://khamsat.com/training/learn-marketing,سأعطيك دليل إعداد المسوق الإلكتروني المحترف,https://khamsat.com/training/learn-marketing/55552-%D8%B3%D8%A3%D8%B9%D8%B7%D9%8A%D9%83-%D8%AF%D9%84%D9%8A%D9%84-%D8%A5%D8%B9%D8%AF%D8%A7%D8%AF-%D8%A7%D9%84%D9%85%D8%B3%D9%88%D9%82-%D8%A7%D9%84%D8%A5%D9%84%D9%83%D8%AA%D8%B1%D9%88%D9%86%D9%8A-%D8%A7%D9%84%D9%85%D8%AD%D8%AA%D8%B1%D9%81,4.5,104,4 ساعات,334,0,$5.00,يومين,25,0,0.0,.Abdelrhman A,https://khamsat.com/user/abode2000,True,بائع مميز,4.5,157,91.19%,3,448,4 ساعات
تعليم عن بعد,https://khamsat.com/training,تعلم التسويق الرقمي,https://khamsat.com/training/learn-marketing,دليلك للحصول على شهادة Hupspot Social Media Ceritification,https://khamsat.com/training/learn-marketing/1246998-%D8%AF%D9%84%D9%8A%D9%84%D9%83-%D9%84%D9%84%D8%AD%D8%B5%D9%88%D9%84-%D8%B9%D9%84%D9%89-%D8%B4%D9%87%D8%A7%D8%AF%D8%A9-hupspot-social-media-ceritification,5.0,14,10 ساعات,19,0,$5.00,يوم واحد,14,0,0.0,.Abderaouf B,https://khamsat.com/user/bfirst,True,بائع مميز,4.5,96,98.14%,4,92,9 ساعات
تعليم عن بعد,https://khamsat.com/training,تعلم التسويق الرقمي,https://khamsat.com/training/learn-marketing,ملف مفتوح لخطة تسويقية متكاملة بنموذج SOSTAC,https://khamsat.com/training/learn-marketing/2686068-%D9%85%D9%84%D9%81-%D9%85%D9%81%D8%AA%D9%88%D8%AD-%D9%84%D8%AE%D8%B7%D8%A9-%D8%AA%D8%B3%D9%88%D9%8A%D9%82%D9%8A%D8%A9-%D9%85%D8%AA%D9%83%D8%A7%D9%85%D9%84%D8%A9-%D8%A8%D9%86%D9%85%D9%88%D8%B0%D8%AC-sostac,5.0,5,ساعة,12,0,$10.00,يوم واحد,5,2,30.0,صابرين ج.,https://khamsat.com/user/eng-sabreen,True,بائع مميز,4.5,35,88.0%,10,56,18 ساعة
تعليم عن بعد,https://khamsat.com/training,تعلم التسويق الرقمي,https://khamsat.com/training/learn-marketing,دليلك للحصول على شهادة معتمدة Google Ads Search Certificate,https://khamsat.com/training/learn-marketing/1123276-%D8%AF%D9%84%D9%8A%D9%84%D9%83-%D9%84%D9%84%D8%AD%D8%B5%D9%88%D9%84-%D8%B9%D9%84%D9%89-%D8%B4%D9%87%D8%A7%D8%AF%D8%A9-%D9%85%D8%B9%D8%AA%D9%85%D8%AF%D8%A9-google-ads-search-certificate,4.5,32,11 ساعة,42,0,$5.00,يوم واحد,25,0,0.0,.Abderaouf B,https://khamsat.com/user/bfirst,True,بائع مميز,4.5,96,98.14%,4,92,9 ساعات
تعليم عن بعد,https://khamsat.com/training,تعلم التسويق الرقمي,https://khamsat.com/training/learn-marketing,كتاب إلكتروني لإحتراف فن كتابة الإعلانات المحتوى التسويقي,https://khamsat.com/training/learn-marketing/2836234-%D9%83%D8%AA%D8%A7%D8%A8-%D8%A5%D9%84%D9%83%D8%AA%D8%B1%D9%88%D9%86%D9%8A-%D9%84%D8%A5%D8%AD%D8%AA%D8%B1%D8%A7%D9%81-%D9%81%D9%86-%D9%83%D8%AA%D8%A7%D8%A8%D8%A9-%D8%A7%D9%84%D8%A5%D8%B9%D9%84%D8%A7%D9%86%D8%A7%D8%AA-%D8%A7%D9%84%D9%85%D8%AD%D8%AA%D9%88%D9%89-%D8%A7%D9%84%D8%AA%D8%B3%D9%88%D9%8A%D9%82%D9%8A,5.0,3,ساعتين,4,0,$5.00,يوم واحد,3,0,0.0,أمين ت.,https://khamsat.com/user/%D8%A3%D9%85%D9%8A%D9%86-%D8%A7%D9%84%D8%AA%D8%A7%D8%AF%D8%B1%D9%8A,True,بائع جديد,5.0,3,100.0%,1,4,ساعتين
تعليم عن بعد,https://khamsat.com/training,تعلم التسويق الرقمي,https://khamsat.com/training/learn-marketing,أقدم لك دليلك لإحتراف التسويق عبر الفيس بوك,https://khamsat.com/training/learn-marketing/339195-%D8%A3%D9%82%D8%AF%D9%85-%D9%84%D9%83-%D8%AF%D9%84%D9%8A%D9%84%D9%83-%D9%84%D8%A5%D8%AD%D8%AA%D8%B1%D8%A7%D9%81-%D8%A7%D9%84%D8%AA%D8%B3%D9%88%D9%8A%D9%82-%D8%B9%D8%A8%D8%B1-%D8%A7%D9%84%D9%81%D9%8A%D8%B3-%D8%A8%D9%88%D9%83,5.0,34,8 دقائق,106,0,$5.00,يومين,25,0,0.0,.Abdelrhman A,https://khamsat.com/user/abode2000,True,بائع مميز,4.5,157,91.19%,3,448,4 ساعات
تعليم عن بعد,https://khamsat.com/training,تعلم التسويق الرقمي,https://khamsat.com/training/learn-marketing,دليلك الشامل في التسويق الالكتروني من البداية الي الاحتراف,https://khamsat.com/training/learn-marketing/1824749-%D8%AF%D9%84%D9%8A%D9%84%D9%83-%D8%A7%D9%84%D8%B4%D8%A7%D9%85%D9%84-%D9%81%D9%8A-%D8%A7%D9%84%D8%AA%D8%B3%D9%88%D9%8A%D9%82-%D8%A7%D9%84%D8%A7%D9%84%D9%83%D8%AA%D8%B1%D9%88%D9%86%D9%8A-%D9%85%D9%86-%D8%A7%D9%84%D8%A8%D8%AF%D8%A7%D9%8A%D8%A9-%D8%A7%D9%84%D9%8A-%D8%A7%D9%84%D8%A7%D8%AD%D8%AA%D8%B1%D8%A7%D9%81,5.0,9,14 ساعة,17,0,$5.00,يوم واحد,9,1,10.0,لمياء ا.,https://khamsat.com/user/lamia66,True,بائع مميز,4.5,112,93.75%,5,154,4 ساعات
تعليم عن بعد,https://khamsat.com/training,تعلم التسويق الرقمي,https://khamsat.com/training/learn-marketing,سأعطيك نسخة من كتابي 101 فكرة لتسويق مطعمك وزيادة مبيعاته,https://khamsat.com/training/learn-marketing/1109436-%D8%B3%D8%A3%D8%B9%D8%B7%D9%8A%D9%83-%D9%86%D8%B3%D8%AE%D8%A9-%D9%85%D9%86-%D9%83%D8%AA%D8%A7%D8%A8%D9%8A-101-%D9%81%D9%83%D8%B1%D8%A9-%D9%84%D8%AA%D8%B3%D9%88%D9%8A%D9%82-%D9%85%D8%B7%D8%B9%D9%85%D9%83-%D9%88%D8%B2%D9%8A%D8%A7%D8%AF%D8%A9-%D9%85%D8%A8%D9%8A%D8%B9%D8%A7%D8%AA%D9%87,4.5,13,5 دقائق,26,0,$10.00,يوم واحد,13,0,0.0,.Haitham E,https://khamsat.com/user/ezz,True,بائع نشيط,4.5,13,100.0%,2,27,5 ساعات
تعليم عن بعد,https://khamsat.com/training,تعلم التسويق الرقمي,https://khamsat.com/training/learn-marketing,كتاب سيو ببساطة seo | دليلك المختصر لاحتراف السيو,https://khamsat.com/training/learn-marketing/830463-%D9%83%D8%AA%D8%A7%D8%A8-%D8%B3%D9%8A%D9%88-%D8%A8%D8%A8%D8%B3%D8%A7%D8%B7%D8%A9-seo-%D8%AF%D9%84%D9%8A%D9%84%D9%83-%D8%A7%D9%84%D9%85%D8%AE%D8%AA%D8%B5%D8%B1-%D9%84%D8%A7%D8%AD%D8%AA%D8%B1%D8%A7%D9%81-%D8%A7%D9%84%D8%B3%D9%8A%D9%88,5.0,31,5 ساعات,40,0,$5.00,يوم واحد,25,3,20.0,إسماعيل ا.,https://khamsat.com/user/%D8%A5%D8%B3%D9%85%D8%A7%D8%B9%D9%8A%D9%84-%D8%A3%D8%AD%D9%85%D8%AF,True,بائع مميز,5.0,273,96.2%,14,340,7 ساعات
تعليم عن بعد,https://khamsat.com/training,تعلم التسويق الرقمي,https://khamsat.com/training/learn-marketing,كورس التسويق الالكتروني الشامل - كورس الاحتراف,https://khamsat.com/training/learn-marketing/2139237-%D9%83%D9%88%D8%B1%D8%B3-%D8%A7%D9%84%D8%AA%D8%B3%D9%88%D9%8A%D9%82-%D8%A7%D9%84%D8%A7%D9%84%D9%83%D8%AA%D8%B1%D9%88%D9%86%D9%8A-%D8%A7%D9%84%D8%B4%D8%A7%D9%85%D9%84-%D9%83%D9%88%D8%B1%D8%B3-%D8%A7%D9%84%D8%A7%D8%AD%D8%AA%D8%B1%D8%A7%D9%81,5.0,4,يومين,9,0,$45.00,يوم واحد,4,1,200.0,إسماعيل ا.,https://khamsat.com/user/%D8%A5%D8%B3%D9%85%D8%A7%D8%B9%D9%8A%D9%84-%D8%A3%D8%AD%D9%85%D8%AF,True,بائع مميز,5.0,273,96.2%,14,340,7 ساعات
تعليم عن بعد,https://khamsat.com/training,تعلم التسويق الرقمي,https://khamsat.com/training/learn-marketing,كتيب عن أهم المصطلحات والنقاط الهامة فى التسويق الالكتروني,https://khamsat.com/training/learn-marketing/1025498-%D9%83%D8%AA%D9%8A%D8%A8-%D8%B9%D9%86-%D8%A3%D9%87%D9%85-%D8%A7%D9%84%D9%85%D8%B5%D8%B7%D9%84%D8%AD%D8%A7%D8%AA-%D9%88%D8%A7%D9%84%D9%86%D9%82%D8%A7%D8%B7-%D8%A7%D9%84%D9%87%D8%A7%D9%85%D8%A9-%D9%81%D9%89-%D8%A7%D9%84%D8%AA%D8%B3%D9%88%D9%8A%D9%82-%D8%A7%D9%84%D8%A7%D9%84%D9%83%D8%AA%D8%B1%D9%88%D9%86%D9%8A,5.0,7,6 أيام,15,0,$5.00,يومين,7,0,0.0,محمد ع.,https://khamsat.com/user/ezzmarketer,True,بائع نشيط,5.0,23,90.48%,2,35,3 أيام
تعليم عن بعد,https://khamsat.com/training,تعلم التسويق الرقمي,https://khamsat.com/training/learn-marketing,أعطيك كتابي:كيف كسبت 500 دولار من خمسات بكل سهولة,https://khamsat.com/training/learn-marketing/1337265-%D8%A3%D8%B9%D8%B7%D9%8A%D9%83-%D9%83%D8%AA%D8%A7%D8%A8%D9%8A%D9%83%D9%8A%D9%81-%D9%83%D8%B3%D8%A8%D8%AA-500-%D8%AF%D9%88%D9%84%D8%A7%D8%B1-%D9%85%D9%86-%D8%AE%D9%85%D8%B3%D8%A7%D8%AA-%D8%A8%D9%83%D9%84-%D8%B3%D9%87%D9%88%D9%84%D8%A9,5.0,6,ساعتين,15,0,$5.00,يوم واحد,6,0,0.0,إسماعيل ز.,https://khamsat.com/user/%D8%A5%D8%B3%D9%85%D8%A7%D8%B9%D9%8A%D9%84-%D8%B2%D8%AF%D9%83,True,بائع مميز,4.5,153,97.47%,4,216,5 ساعات
تعليم عن بعد,https://khamsat.com/training,تعلم التسويق الرقمي,https://khamsat.com/training/learn-marketing,تدريب وتطوير على برامج تنمية المهارات الشخصية ومهارات البيع,https://khamsat.com/training/learn-marketing/2828274-%D8%AA%D8%AF%D8%B1%D9%8A%D8%A8-%D9%88%D8%AA%D8%B7%D9%88%D9%8A%D8%B1-%D8%B9%D9%84%D9%89-%D8%A8%D8%B1%D8%A7%D9%85%D8%AC-%D8%AA%D9%86%D9%85%D9%8A%D8%A9-%D8%A7%D9%84%D9%85%D9%87%D8%A7%D8%B1%D8%A7%D8%AA-%D8%A7%D9%84%D8%B4%D8%AE%D8%B5%D9%8A%D8%A9-%D9%88%D9%85%D9%87%D8%A7%D8%B1%D8%A7%D8%AA-%D8%A7%D9%84%D8%A8%D9%8A%D8%B9,5.0,1,6 ساعات,1,0,$10.00,ثلاثة أيام,1,1,20.0,.Medhat S,https://khamsat.com/user/medhat_saa3d,True,بائع جديد,5.0,1,100.0%,2,1,6 ساعات
تعليم عن بعد,https://khamsat.com/training,تعلم التسويق الرقمي,https://khamsat.com/training/learn-marketing,مقدمة كورس اكتشف هويتك أو علامتك التجارية,https://khamsat.com/training/learn-marketing/1565641-%D9%85%D9%82%D8%AF%D9%85%D8%A9-%D9%83%D9%88%D8%B1%D8%B3-%D8%A7%D9%83%D8%AA%D8%B4%D9%81-%D9%87%D9%88%D9%8A%D8%AA%D9%83-%D8%A3%D9%88-%D8%B9%D9%84%D8%A7%D9%85%D8%AA%D9%83-%D8%A7%D9%84%D8%AA%D8%AC%D8%A7%D8%B1%D9%8A%D8%A9,5.0,1,16 ساعة,1,0,$10.00,ثلاثة أيام,1,1,75.0,.Ibrahim O,https://khamsat.com/user/ibrahimosama,True,بائع نشيط,4.5,26,75.82%,7,33,يومين
تعليم عن بعد,https://khamsat.com/training,تعلم التسويق الرقمي,https://khamsat.com/training/learn-marketing,أدوات المسوق الرقمي أفضل أدوات التسويق الالكتروني,https://khamsat.com/training/learn-marketing/1242942-%D8%A3%D8%AF%D9%88%D8%A7%D8%AA-%D8%A7%D9%84%D9%85%D8%B3%D9%88%D9%82-%D8%A7%D9%84%D8%B1%D9%82%D9%85%D9%8A-%D8%A3%D9%81%D8%B6%D9%84-%D8%A3%D8%AF%D9%88%D8%A7%D8%AA-%D8%A7%D9%84%D8%AA%D8%B3%D9%88%D9%8A%D9%82-%D8%A7%D9%84%D8%A7%D9%84%D9%83%D8%AA%D8%B1%D9%88%D9%86%D9%8A,4.5,39,3 ساعات,67,0,$5.00,يوم واحد,25,0,0.0,إسماعيل ا.,https://khamsat.com/user/%D8%A5%D8%B3%D9%85%D8%A7%D8%B9%D9%8A%D9%84-%D8%A3%D8%AD%D9%85%D8%AF,True,بائع مميز,5.0,273,96.2%,14,340,7 ساعات
تعليم عن بعد,https://khamsat.com/training,تعلم التسويق الرقمي,https://khamsat.com/training/learn-marketing,تعلم أسرار لزيادة مبيعات متجرك الاكتروني,https://khamsat.com/training/learn-marketing/2624331-%D8%AA%D8%B9%D9%84%D9%85-%D8%A3%D8%B3%D8%B1%D8%A7%D8%B1-%D9%84%D8%B2%D9%8A%D8%A7%D8%AF%D8%A9-%D9%85%D8%A8%D9%8A%D8%B9%D8%A7%D8%AA-%D9%85%D8%AA%D8%AC%D8%B1%D9%83-%D8%A7%D9%84%D8%A7%D9%83%D8%AA%D8%B1%D9%88%D9%86%D9%8A,5.0,1,58 دقيقة,4,0,$10.00,يوم واحد,1,1,5.0,حسام ح.,https://khamsat.com/user/abdallah2022a,True,بائع مميز,4.5,62,92.86%,15,127,ساعة
تعليم عن بعد,https://khamsat.com/training,تعلم التسويق الرقمي,https://khamsat.com/training/learn-marketing,كتاب احترف اعلانات غوغل أدس و اليوتيوب خطوة خطوة,https://khamsat.com/training/learn-marketing/1947597-%D9%83%D8%AA%D8%A7%D8%A8-%D8%A7%D8%AD%D8%AA%D8%B1%D9%81-%D8%A7%D8%B9%D9%84%D8%A7%D9%86%D8%A7%D8%AA-%D8%BA%D9%88%D8%BA%D9%84-%D8%A3%D8%AF%D8%B3-%D9%88-%D8%A7%D9%84%D9%8A%D9%88%D8%AA%D9%8A%D9%88%D8%A8-%D8%AE%D8%B7%D9%88%D8%A9-%D8%AE%D8%B7%D9%88%D8%A9,4.5,8,3 ساعات,21,0,$10.00,يوم واحد,8,3,85.0,باسم ب.,https://khamsat.com/user/bounebirat_bassem,True,بائع مميز,4.5,42,95.12%,14,65,5 ساعات
تعليم عن بعد,https://khamsat.com/training,تعلم التسويق الرقمي,https://khamsat.com/training/learn-marketing,اسألني حول يوتيوب ، يوتيوب بارتنر و أدسنس و أنا أجيب,https://khamsat.com/training/learn-marketing/497137-%D8%A7%D8%B3%D8%A3%D9%84%D9%86%D9%8A-%D8%AD%D9%88%D9%84-%D9%8A%D9%88%D8%AA%D9%8A%D9%88%D8%A8-%D9%8A%D9%88%D8%AA%D9%8A%D9%88%D8%A8-%D8%A8%D8%A7%D8%B1%D8%AA%D9%86%D8%B1-%D9%88-%D8%A3%D8%AF%D8%B3%D9%86%D8%B3-%D9%88-%D8%A3%D9%86%D8%A7-%D8%A3%D8%AC%D9%8A%D8%A8,5.0,11,4 ساعات,20,0,$15.00,يومين,11,3,55.0,.Samir Y,https://khamsat.com/user/samir-yagamy,True,بائع مميز,5.0,76,78.14%,7,85,9 ساعات
تعليم عن بعد,https://khamsat.com/training,تعلم التسويق الرقمي,https://khamsat.com/training/learn-marketing,دليل الشامل في احتراف التسويق الإلكتروني من تأليفي,https://khamsat.com/training/learn-marketing/2651216-%D8%AF%D9%84%D9%8A%D9%84-%D8%A7%D9%84%D8%B4%D8%A7%D9%85%D9%84-%D9%81%D9%8A-%D8%A7%D8%AD%D8%AA%D8%B1%D8%A7%D9%81-%D8%A7%D9%84%D8%AA%D8%B3%D9%88%D9%8A%D9%82-%D8%A7%D9%84%D8%A5%D9%84%D9%83%D8%AA%D8%B1%D9%88%D9%86%D9%8A-%D9%85%D9%86-%D8%AA%D8%A3%D9%84%D9%8A%D9%81%D9%8A,5.0,2,لم يحسب,1,0,$10.00,يوم واحد,2,1,35.0,.Otmane L,https://khamsat.com/user/otmanec100,True,مشتري مميز,5.0,8,63.16%,6,10,44 دقيقة
تعليم عن بعد,https://khamsat.com/training,تعلم التسويق الرقمي,https://khamsat.com/training/learn-marketing,كتاب ( 30 طريقة للتسويق الإلكتروني عبر التعليقات ) - أول كتاب من نوعه,https://khamsat.com/training/learn-marketing/540869-%D9%83%D8%AA%D8%A7%D8%A8-30-%D8%B7%D8%B1%D9%8A%D9%82%D8%A9-%D9%84%D9%84%D8%AA%D8%B3%D9%88%D9%8A%D9%82-%D8%A7%D9%84%D8%A5%D9%84%D9%83%D8%AA%D8%B1%D9%88%D9%86%D9%8A-%D8%B9%D8%A8%D8%B1-%D8%A7%D9%84%D8%AA%D8%B9%D9%84%D9%8A%D9%82%D8%A7%D8%AA-%D8%A3%D9%88%D9%84-%D9%83%D8%AA%D8%A7%D8%A8-%D9%85%D9%86-%D9%86%D9%88%D8%B9%D9%87,5.0,13,3 ساعات,25,0,$5.00,ثلاثة أيام,13,1,5.0,أسامة ح.,https://khamsat.com/user/%D8%A3%D8%B3%D8%A7%D9%85%D8%A9-%D8%AD%D9%85%D8%AF%D9%8A,True,بائع نشيط,5.0,13,96.15%,1,25,7 ساعات
تعليم عن بعد,https://khamsat.com/training,تعلم التسويق الرقمي,https://khamsat.com/training/learn-marketing,كتاب فن الاقتراب من الجمهور المستهدف,https://khamsat.com/training/learn-marketing/2605949-%D9%83%D8%AA%D8%A7%D8%A8-%D9%81%D9%86-%D8%A7%D9%84%D8%A7%D9%82%D8%AA%D8%B1%D8%A7%D8%A8-%D9%85%D9%86-%D8%A7%D9%84%D8%AC%D9%85%D9%87%D9%88%D8%B1-%D8%A7%D9%84%D9%85%D8%B3%D8%AA%D9%87%D8%AF%D9%81,5.0,6,7 دقائق,7,0,$15.00,يوم واحد,6,1,75.0,.Fathi G,https://khamsat.com/user/vianto,True,بائع موثوق,4.5,224,98.01%,28,142,6 ساعات
تعليم عن بعد,https://khamsat.com/training,شروحات هندسية,https://khamsat.com/training/learn-engineering,دورة CFPS، النجاح في امتحان CFPS في متناول يدك,https://khamsat.com/training/learn-engineering/2877329-%D8%AF%D9%88%D8%B1%D8%A9-cfps-%D8%A7%D9%84%D9%86%D8%AC%D8%A7%D8%AD-%D9%81%D9%8A-%D8%A7%D9%85%D8%AA%D8%AD%D8%A7%D9%86-cfps-%D9%81%D9%8A-%D9%85%D8%AA%D9%86%D8%A7%D9%88%D9%84-%D9%8A%D8%AF%D9%83,5.0,2,29 دقيقة,3,0,$10.00,أسبوع,2,2,150.0,.Mohamed A,https://khamsat.com/user/mmodawy,False,مشتري جاد,5.0,9,56.25%,1,8,16 ساعة
تعليم عن بعد,https://khamsat.com/training,شروحات هندسية,https://khamsat.com/training/learn-engineering,محاضرات وشرح هندسه إلكترونيات والاتصالات,https://khamsat.com/training/learn-engineering/2970629-%D9%85%D8%AD%D8%A7%D8%B6%D8%B1%D8%A7%D8%AA-%D9%88%D8%B4%D8%B1%D8%AD-%D9%87%D9%86%D8%AF%D8%B3%D9%87-%D8%A5%D9%84%D9%83%D8%AA%D8%B1%D9%88%D9%86%D9%8A%D8%A7%D8%AA-%D9%88%D8%A7%D9%84%D8%A7%D8%AA%D8%B5%D8%A7%D9%84%D8%A7%D8%AA,5.0,1,4 دقائق,1,0,$10.00,يوم واحد,1,1,10.0,اسماء ا.,https://khamsat.com/user/dr_eng_asmaa,True,بائع جديد,5.0,1,100.0%,1,1,4 دقائق
تعليم عن بعد,https://khamsat.com/training,شروحات هندسية,https://khamsat.com/training/learn-engineering,شرح مواد الهندسة الكهربائيه,https://khamsat.com/training/learn-engineering/2440744-%D8%B4%D8%B1%D8%AD-%D9%85%D9%88%D8%A7%D8%AF-%D8%A7%D9%84%D9%87%D9%86%D8%AF%D8%B3%D8%A9-%D8%A7%D9%84%D9%83%D9%87%D8%B1%D8%A8%D8%A7%D8%A6%D9%8A%D9%87,5.0,7,ساعتين,9,0,$10.00,ثلاثة أيام,7,5,195.0,.Amina Z,https://khamsat.com/user/aminazarief,True,بائع نشيط,5.0,7,90.0%,3,9,11 ساعة
تعليم عن بعد,https://khamsat.com/training,شروحات هندسية,https://khamsat.com/training/learn-engineering,شروحات وحل مسائل في الهندسة الكيميائية,https://khamsat.com/training/learn-engineering/2792864-%D8%B4%D8%B1%D9%88%D8%AD%D8%A7%D8%AA-%D9%88%D8%AD%D9%84-%D9%85%D8%B3%D8%A7%D8%A6%D9%84-%D9%81%D9%8A-%D8%A7%D9%84%D9%87%D9%86%D8%AF%D8%B3%D8%A9-%D8%A7%D9%84%D9%83%D9%8A%D9%85%D9%8A%D8%A7%D8%A6%D9%8A%D8%A9,5.0,3,3 ساعات,3,0,$10.00,يومين,3,3,70.0,.Zeinab K,https://khamsat.com/user/dr_eng_zeinab_khalil,True,بائع جديد,5.0,3,100.0%,1,3,3 ساعات
تعليم عن بعد,https://khamsat.com/training,شروحات هندسية,https://khamsat.com/training/learn-engineering,ملخص النيبوش باللغتين العربية والانجليزية الكتاب المفتوح,https://khamsat.com/training/learn-engineering/2781609-%D9%85%D9%84%D8%AE%D8%B5-%D8%A7%D9%84%D9%86%D9%8A%D8%A8%D9%88%D8%B4-%D8%A8%D8%A7%D9%84%D9%84%D8%BA%D8%AA%D9%8A%D9%86-%D8%A7%D9%84%D8%B9%D8%B1%D8%A8%D9%8A%D8%A9-%D9%88%D8%A7%D9%84%D8%A7%D9%86%D8%AC%D9%84%D9%8A%D8%B2%D9%8A%D8%A9-%D8%A7%D9%84%D9%83%D8%AA%D8%A7%D8%A8-%D8%A7%D9%84%D9%85%D9%81%D8%AA%D9%88%D8%AD,5.0,1,11 دقيقة,2,0,$5.00,يوم واحد,1,2,20.0,.Omer E,https://khamsat.com/user/a2omar,True,بائع نشيط,4.5,7,94.12%,5,7,16 ساعة
تعليم عن بعد,https://khamsat.com/training,شروحات هندسية,https://khamsat.com/training/learn-engineering,اعداد دليل كامل عن السلامة والصحة والبيئة (HSE),https://khamsat.com/training/learn-engineering/1983831-%D8%A7%D8%B9%D8%AF%D8%A7%D8%AF-%D8%AF%D9%84%D9%8A%D9%84-%D9%83%D8%A7%D9%85%D9%84-%D8%B9%D9%86-%D8%A7%D9%84%D8%B3%D9%84%D8%A7%D9%85%D8%A9-%D9%88%D8%A7%D9%84%D8%B5%D8%AD%D8%A9-%D9%88%D8%A7%D9%84%D8%A8%D9%8A%D8%A6%D8%A9-hse,5.0,3,38 دقيقة,3,0,$5.00,ستة أيام,3,3,25.0,حيدر ن.,https://khamsat.com/user/haider_91,True,بائع نشيط,4.5,7,95.24%,3,6,12 ساعة
تعليم عن بعد,https://khamsat.com/training,شروحات هندسية,https://khamsat.com/training/learn-engineering,المساعدة في شرح مفاهيم خاصّة بهندسة الاتصالات والالكترونيات,https://khamsat.com/training/learn-engineering/1686222-%D8%A7%D9%84%D9%85%D8%B3%D8%A7%D8%B9%D8%AF%D8%A9-%D9%81%D9%8A-%D8%B4%D8%B1%D8%AD-%D9%85%D9%81%D8%A7%D9%87%D9%8A%D9%85-%D8%AE%D8%A7%D8%B5%D8%A9-%D8%A8%D9%87%D9%86%D8%AF%D8%B3%D8%A9-%D8%A7%D9%84%D8%A7%D8%AA%D8%B5%D8%A7%D9%84%D8%A7%D8%AA-%D9%88%D8%A7%D9%84%D8%A7%D9%84%D9%83%D8%AA%D8%B1%D9%88%D9%86%D9%8A%D8%A7%D8%AA,5.0,6,4 أيام,6,0,$5.00,يوم واحد,6,5,225.0,.Sarah K,https://khamsat.com/user/sarah_khodr,True,بائع مميز,5.0,26,100.0%,2,28,يوم
تعليم عن بعد,https://khamsat.com/training,شروحات هندسية,https://khamsat.com/training/learn-engineering,المساعدة وشرح واجبات ومشاريع كلية الهندسة,https://khamsat.com/training/learn-engineering/1510047-%D8%A7%D9%84%D9%85%D8%B3%D8%A7%D8%B9%D8%AF%D8%A9-%D9%88%D8%B4%D8%B1%D8%AD-%D9%88%D8%A7%D8%AC%D8%A8%D8%A7%D8%AA-%D9%88%D9%85%D8%B4%D8%A7%D8%B1%D9%8A%D8%B9-%D9%83%D9%84%D9%8A%D8%A9-%D8%A7%D9%84%D9%87%D9%86%D8%AF%D8%B3%D8%A9,5.0,5,3 ساعات,7,0,$5.00,يومين,5,2,15.0,.Ahmed A,https://khamsat.com/user/ahmed_abed_1992,True,بائع نشيط,5.0,15,92.31%,3,15,ساعتين
تعليم عن بعد,https://khamsat.com/training,شروحات هندسية,https://khamsat.com/training/learn-engineering,سأساعدك في حل واجبات ومسائل الهندسة الكهربية,https://khamsat.com/training/learn-engineering/2763318-%D8%B3%D8%A3%D8%B3%D8%A7%D8%B9%D8%AF%D9%83-%D9%81%D9%8A-%D8%AD%D9%84-%D9%88%D8%A7%D8%AC%D8%A8%D8%A7%D8%AA-%D9%88%D9%85%D8%B3%D8%A7%D8%A6%D9%84-%D8%A7%D9%84%D9%87%D9%86%D8%AF%D8%B3%D8%A9-%D8%A7%D9%84%D9%83%D9%87%D8%B1%D8%A8%D9%8A%D8%A9,5.0,1,يوم,1,0,$5.00,يوم واحد,1,1,5.0,محمد ع.,https://khamsat.com/user/asy_mohammed,True,بائع نشيط,5.0,9,95.83%,5,8,يوم
تعليم عن بعد,https://khamsat.com/training,شروحات هندسية,https://khamsat.com/training/learn-engineering,المساعدة في فهم وحل المسائل في الهندسة الكهربائية,https://khamsat.com/training/learn-engineering/1449745-%D8%A7%D9%84%D9%85%D8%B3%D8%A7%D8%B9%D8%AF%D8%A9-%D9%81%D9%8A-%D9%81%D9%87%D9%85-%D9%88%D8%AD%D9%84-%D8%A7%D9%84%D9%85%D8%B3%D8%A7%D8%A6%D9%84-%D9%81%D9%8A-%D8%A7%D9%84%D9%87%D9%86%D8%AF%D8%B3%D8%A9-%D8%A7%D9%84%D9%83%D9%87%D8%B1%D8%A8%D8%A7%D8%A6%D9%8A%D8%A9,5.0,4,ساعة,8,0,$5.00,يومين,4,3,60.0,.Sara S,https://khamsat.com/user/sasid300,True,بائع نشيط,5.0,4,100.0%,1,8,ساعة
تعليم عن بعد,https://khamsat.com/training,شروحات هندسية,https://khamsat.com/training/learn-engineering,تعليم الرسم الهندسي بواسطةبرنامج الاوتكاد للدارسين والمهتمين,https://khamsat.com/training/learn-engineering/2103531-%D8%AA%D8%B9%D9%84%D9%8A%D9%85-%D8%A7%D9%84%D8%B1%D8%B3%D9%85-%D8%A7%D9%84%D9%87%D9%86%D8%AF%D8%B3%D9%8A-%D8%A8%D9%88%D8%A7%D8%B3%D8%B7%D8%A9%D8%A8%D8%B1%D9%86%D8%A7%D9%85%D8%AC-%D8%A7%D9%84%D8%A7%D9%88%D8%AA%D9%83%D8%A7%D8%AF-%D9%84%D9%84%D8%AF%D8%A7%D8%B1%D8%B3%D9%8A%D9%86-%D9%88%D8%A7%D9%84%D9%85%D9%87%D8%AA%D9%85%D9%8A%D9%86,5.0,1,45 دقيقة,1,0,$10.00,يوم واحد,1,2,40.0,محمد ا.,https://khamsat.com/user/mohammedalkhedraa,True,بائع مميز,5.0,15,92.08%,9,28,3 ساعات
تعليم عن بعد,https://khamsat.com/training,شروحات هندسية,https://khamsat.com/training/learn-engineering,تعليم كورس رسم PCB باستخدام برنامج ال Altium,https://khamsat.com/training/learn-engineering/2785024-%D8%AA%D8%B9%D9%84%D9%8A%D9%85-%D9%83%D9%88%D8%B1%D8%B3-%D8%B1%D8%B3%D9%85-pcb-%D8%A8%D8%A7%D8%B3%D8%AA%D8%AE%D8%AF%D8%A7%D9%85-%D8%A8%D8%B1%D9%86%D8%A7%D9%85%D8%AC-%D8%A7%D9%84-altium,5.0,1,دقيقتين,1,0,$10.00,يومين,1,2,15.0,.Raafat A,https://khamsat.com/user/raafat123_123,True,بائع جديد,5.0,1,100.0%,4,1,دقيقتين
تعليم عن بعد,https://khamsat.com/training,شروحات هندسية,https://khamsat.com/training/learn-engineering,تعليم برنامج AutoCAD من الصفر حتى الاحتراف,https://khamsat.com/training/learn-engineering/2754730-%D8%AA%D8%B9%D9%84%D9%8A%D9%85-%D8%A8%D8%B1%D9%86%D8%A7%D9%85%D8%AC-autocad-%D9%85%D9%86-%D8%A7%D9%84%D8%B5%D9%81%D8%B1-%D8%AD%D8%AA%D9%89-%D8%A7%D9%84%D8%A7%D8%AD%D8%AA%D8%B1%D8%A7%D9%81,5.0,1,لم يحسب,1,0,$5.00,يوم واحد,1,5,130.0,.Lubna B,https://khamsat.com/user/lubnabah91,True,بائع جديد,5.0,1,100.0%,4,1,لم يحسب
تعليم عن بعد,https://khamsat.com/training,شروحات هندسية,https://khamsat.com/training/learn-engineering,شرح وفهم جميع مواد الهندسة المدنية والتطبيق ع جميع المسائل.,https://khamsat.com/training/learn-engineering/1503192-%D8%B4%D8%B1%D8%AD-%D9%88%D9%81%D9%87%D9%85-%D8%AC%D9%85%D9%8A%D8%B9-%D9%85%D9%88%D8%A7%D8%AF-%D8%A7%D9%84%D9%87%D9%86%D8%AF%D8%B3%D8%A9-%D8%A7%D9%84%D9%85%D8%AF%D9%86%D9%8A%D8%A9-%D9%88%D8%A7%D9%84%D8%AA%D8%B7%D8%A8%D9%8A%D9%82-%D8%B9-%D8%AC%D9%85%D9%8A%D8%B9-%D8%A7%D9%84%D9%85%D8%B3%D8%A7%D8%A6%D9%84,5.0,4,48 دقيقة,5,0,$5.00,يوم واحد,4,1,40.0,شريف ا.,https://khamsat.com/user/shreef_000,True,بائع نشيط,5.0,12,100.0%,8,16,ساعة
تعليم عن بعد,https://khamsat.com/training,شروحات هندسية,https://khamsat.com/training/learn-engineering,المساعدة في حل مسائل الدارات الكهربائية والإلكترونية,https://khamsat.com/training/learn-engineering/2452825-%D8%A7%D9%84%D9%85%D8%B3%D8%A7%D8%B9%D8%AF%D8%A9-%D9%81%D9%8A-%D8%AD%D9%84-%D9%85%D8%B3%D8%A7%D8%A6%D9%84-%D8%A7%D9%84%D8%AF%D8%A7%D8%B1%D8%A7%D8%AA-%D8%A7%D9%84%D9%83%D9%87%D8%B1%D8%A8%D8%A7%D8%A6%D9%8A%D8%A9-%D9%88%D8%A7%D9%84%D8%A5%D9%84%D9%83%D8%AA%D8%B1%D9%88%D9%86%D9%8A%D8%A9,5.0,3,25 دقيقة,5,0,$20.00,يوم واحد,3,0,0.0,علي ا.,https://khamsat.com/user/allousht1,True,بائع مميز,5.0,16,92.59%,7,19,ساعتين
تعليم عن بعد,https://khamsat.com/training,شروحات هندسية,https://khamsat.com/training/learn-engineering,حل وشرح جميع المواد للهندسة المدنية والرياضيات والميكانيكا,https://khamsat.com/training/learn-engineering/2742041-%D8%AD%D9%84-%D9%88%D8%B4%D8%B1%D8%AD-%D8%AC%D9%85%D9%8A%D8%B9-%D8%A7%D9%84%D9%85%D9%88%D8%A7%D8%AF-%D9%84%D9%84%D9%87%D9%86%D8%AF%D8%B3%D8%A9-%D8%A7%D9%84%D9%85%D8%AF%D9%86%D9%8A%D8%A9-%D9%88%D8%A7%D9%84%D8%B1%D9%8A%D8%A7%D8%B6%D9%8A%D8%A7%D8%AA-%D9%88%D8%A7%D9%84%D9%85%D9%8A%D9%83%D8%A7%D9%86%D9%8A%D9%83%D8%A7,5.0,5,11 دقيقة,5,0,$10.00,يوم واحد,5,5,65.0,.Mohamed M,https://khamsat.com/user/mohamed_mahmo38,True,بائع جديد,5.0,5,100.0%,3,5,11 دقيقة
تعليم عن بعد,https://khamsat.com/training,شروحات هندسية,https://khamsat.com/training/learn-engineering,حل المسائل التي تتعلق بالكهرباء والالكترونيات,https://khamsat.com/training/learn-engineering/1759700-%D8%AD%D9%84-%D8%A7%D9%84%D9%85%D8%B3%D8%A7%D8%A6%D9%84-%D8%A7%D9%84%D8%AA%D9%8A-%D8%AA%D8%AA%D8%B9%D9%84%D9%82-%D8%A8%D8%A7%D9%84%D9%83%D9%87%D8%B1%D8%A8%D8%A7%D8%A1-%D9%88%D8%A7%D9%84%D8%A7%D9%84%D9%83%D8%AA%D8%B1%D9%88%D9%86%D9%8A%D8%A7%D8%AA,5.0,4,54 دقيقة,4,0,$5.00,يوم واحد,4,0,0.0,.Mohammad Baher K,https://khamsat.com/user/baher963,True,بائع نشيط,5.0,9,93.1%,5,8,ساعة
تعليم عن بعد,https://khamsat.com/training,شروحات هندسية,https://khamsat.com/training/learn-engineering,المساعدة في فهم ودراسة أي مسألة في الهندسة المدنية,https://khamsat.com/training/learn-engineering/1372345-%D8%A7%D9%84%D9%85%D8%B3%D8%A7%D8%B9%D8%AF%D8%A9-%D9%81%D9%8A-%D9%81%D9%87%D9%85-%D9%88%D8%AF%D8%B1%D8%A7%D8%B3%D8%A9-%D8%A3%D9%8A-%D9%85%D8%B3%D8%A3%D9%84%D8%A9-%D9%81%D9%8A-%D8%A7%D9%84%D9%87%D9%86%D8%AF%D8%B3%D8%A9-%D8%A7%D9%84%D9%85%D8%AF%D9%86%D9%8A%D8%A9,5.0,2,6 أيام,2,0,$5.00,يومين,2,5,230.0,.Abdulrahman W,https://khamsat.com/user/abd_alrhmann,True,بائع جديد,5.0,3,100.0%,3,3,يومين
تعليم عن بعد,https://khamsat.com/training,شروحات هندسية,https://khamsat.com/training/learn-engineering,شرح وحلول لكل ما يخص مواد هندسة الاتصالات والكهرباء والبرمجة,https://khamsat.com/training/learn-engineering/2038607-%D8%B4%D8%B1%D8%AD-%D9%88%D8%AD%D9%84%D9%88%D9%84-%D9%84%D9%83%D9%84-%D9%85%D8%A7-%D9%8A%D8%AE%D8%B5-%D9%85%D9%88%D8%A7%D8%AF-%D9%87%D9%86%D8%AF%D8%B3%D8%A9-%D8%A7%D9%84%D8%A7%D8%AA%D8%B5%D8%A7%D9%84%D8%A7%D8%AA-%D9%88%D8%A7%D9%84%D9%83%D9%87%D8%B1%D8%A8%D8%A7%D8%A1-%D9%88%D8%A7%D9%84%D8%A8%D8%B1%D9%85%D8%AC%D8%A9,4.5,3,9 دقائق,4,0,$10.00,يوم واحد,3,0,0.0,.Abdelrahman M,https://khamsat.com/user/abmohas97,True,بائع نشيط,4.5,8,68.89%,2,11,17 ساعة
تعليم عن بعد,https://khamsat.com/training,شروحات هندسية,https://khamsat.com/training/learn-engineering,شرح مواد الهندسة الميكانيكية,https://khamsat.com/training/learn-engineering/2249347-%D8%B4%D8%B1%D8%AD-%D9%85%D9%88%D8%A7%D8%AF-%D8%A7%D9%84%D9%87%D9%86%D8%AF%D8%B3%D8%A9-%D8%A7%D9%84%D9%85%D9%8A%D9%83%D8%A7%D9%86%D9%8A%D9%83%D9%8A%D8%A9,5.0,11,3 دقائق,12,0,$10.00,يوم واحد,11,4,340.0,.Hamed F,https://khamsat.com/user/%D8%AD%D8%A7%D9%85%D8%AF-%D9%81%D8%B1%D8%AC,True,بائع مميز,4.5,40,95.37%,3,49,4 ساعات
تعليم عن بعد,https://khamsat.com/training,شروحات هندسية,https://khamsat.com/training/learn-engineering,حل مسائل الدائرات الكهربائية لطلاب الكليات الهندسية,https://khamsat.com/training/learn-engineering/1073215-%D8%AD%D9%84-%D9%85%D8%B3%D8%A7%D8%A6%D9%84-%D8%A7%D9%84%D8%AF%D8%A7%D8%A6%D8%B1%D8%A7%D8%AA-%D8%A7%D9%84%D9%83%D9%87%D8%B1%D8%A8%D8%A7%D8%A6%D9%8A%D8%A9-%D9%84%D8%B7%D9%84%D8%A7%D8%A8-%D8%A7%D9%84%D9%83%D9%84%D9%8A%D8%A7%D8%AA-%D8%A7%D9%84%D9%87%D9%86%D8%AF%D8%B3%D9%8A%D8%A9,5.0,1,5 ساعات,2,0,$5.00,يوم واحد,1,3,50.0,علاء الدين ا.,https://khamsat.com/user/%D8%B9%D9%84%D8%A7%D8%A1%D8%A7%D9%84%D8%B9%D9%84%D9%8A,True,بائع مميز,5.0,21,95.08%,5,27,3 ساعات
تعليم عن بعد,https://khamsat.com/training,شروحات هندسية,https://khamsat.com/training/learn-engineering,كتابة أبحاث وتقارير أكاديمية في مجال هندسة الاتصالات,https://khamsat.com/training/learn-engineering/2006218-%D9%83%D8%AA%D8%A7%D8%A8%D8%A9-%D8%A3%D8%A8%D8%AD%D8%A7%D8%AB-%D9%88%D8%AA%D9%82%D8%A7%D8%B1%D9%8A%D8%B1-%D8%A3%D9%83%D8%A7%D8%AF%D9%8A%D9%85%D9%8A%D8%A9-%D9%81%D9%8A-%D9%85%D8%AC%D8%A7%D9%84-%D9%87%D9%86%D8%AF%D8%B3%D8%A9-%D8%A7%D9%84%D8%A7%D8%AA%D8%B5%D8%A7%D9%84%D8%A7%D8%AA,5.0,2,ساعة,2,0,$5.00,أربعة أيام,2,1,100.0,.Tariq K,https://khamsat.com/user/tkanaan,True,بائع نشيط,5.0,19,72.5%,6,16,3 ساعات
تعليم عن بعد,https://khamsat.com/training,شروحات هندسية,https://khamsat.com/training/learn-engineering,المساعدة في واجبات هندسة الاتصالات,https://khamsat.com/training/learn-engineering/2386383-%D8%A7%D9%84%D9%85%D8%B3%D8%A7%D8%B9%D8%AF%D8%A9-%D9%81%D9%8A-%D9%88%D8%A7%D8%AC%D8%A8%D8%A7%D8%AA-%D9%87%D9%86%D8%AF%D8%B3%D8%A9-%D8%A7%D9%84%D8%A7%D8%AA%D8%B5%D8%A7%D9%84%D8%A7%D8%AA,5.0,2,32 دقيقة,2,0,$5.00,يوم واحد,2,0,0.0,يزن ح.,https://khamsat.com/user/ayham_hassan2017,True,بائع نشيط,5.0,6,100.0%,2,6,ساعتين
تعليم عن بعد,https://khamsat.com/training,شروحات هندسية,https://khamsat.com/training/learn-engineering,شرح وحل مادة اللوجيك لطلاب كلية الهندسة Fundamental of Digit,https://khamsat.com/training/learn-engineering/2074280-%D8%B4%D8%B1%D8%AD-%D9%88%D8%AD%D9%84-%D9%85%D8%A7%D8%AF%D8%A9-%D8%A7%D9%84%D9%84%D9%88%D8%AC%D9%8A%D9%83-%D9%84%D8%B7%D9%84%D8%A7%D8%A8-%D9%83%D9%84%D9%8A%D8%A9-%D8%A7%D9%84%D9%87%D9%86%D8%AF%D8%B3%D8%A9-fundamental-of-digit,0.0,0,3 أيام,0,0,$5.00,يوم واحد,0,0,0.0,.Nada N,https://khamsat.com/user/nadaouda11,False,بائع جديد,0.0,0,لم يحسب بعد,3,0,3 أيام
تعليم عن بعد,https://khamsat.com/training,شروحات هندسية,https://khamsat.com/training/learn-engineering,حل واجبات ومسائل هندسية,https://khamsat.com/training/learn-engineering/1148586-%D8%AD%D9%84-%D9%88%D8%A7%D8%AC%D8%A8%D8%A7%D8%AA-%D9%88%D9%85%D8%B3%D8%A7%D8%A6%D9%84-%D9%87%D9%86%D8%AF%D8%B3%D9%8A%D8%A9,5.0,6,11 ساعة,8,0,$5.00,يوم واحد,6,5,75.0,سيف م.,https://khamsat.com/user/%D8%B3%D9%8A%D9%81-%D8%A7%D9%84%D9%85%D9%87%D9%86%D8%AF%D8%B3,True,بائع نشيط,5.0,6,100.0%,1,8,يومين
تعليم عن بعد,https://khamsat.com/training,شروحات هندسية,https://khamsat.com/training/learn-engineering,المساعدة في مشاريع الشبكات وأمن الشبكات وتطبيقاته,https://khamsat.com/training/learn-engineering/2806018-%D8%A7%D9%84%D9%85%D8%B3%D8%A7%D8%B9%D8%AF%D8%A9-%D9%81%D9%8A-%D9%85%D8%B4%D8%A7%D8%B1%D9%8A%D8%B9-%D8%A7%D9%84%D8%B4%D8%A8%D9%83%D8%A7%D8%AA-%D9%88%D8%A3%D9%85%D9%86-%D8%A7%D9%84%D8%B4%D8%A8%D9%83%D8%A7%D8%AA-%D9%88%D8%AA%D8%B7%D8%A8%D9%8A%D9%82%D8%A7%D8%AA%D9%87,4.5,1,4 ساعات,1,0,$10.00,أربعة أيام,1,4,165.0,.Tariq K,https://khamsat.com/user/tkanaan,True,بائع نشيط,5.0,19,72.5%,6,16,3 ساعات
تعليم عن بعد,https://khamsat.com/training,شروحات هندسية,https://khamsat.com/training/learn-engineering,محاضرات في برنامج الأوتوكاد والريفيت,https://khamsat.com/training/learn-engineering/2777430-%D9%85%D8%AD%D8%A7%D8%B6%D8%B1%D8%A7%D8%AA-%D9%81%D9%8A-%D8%A8%D8%B1%D9%86%D8%A7%D9%85%D8%AC-%D8%A7%D9%84%D8%A3%D9%88%D8%AA%D9%88%D9%83%D8%A7%D8%AF-%D9%88%D8%A7%D9%84%D8%B1%D9%8A%D9%81%D9%8A%D8%AA,0.0,0,لم يحسب,0,0,$10.00,يوم واحد,0,0,0.0,وليد ن.,https://khamsat.com/user/walidnijim1981,True,بائع جديد,0.0,0,لم يحسب بعد,3,0,لم يحسب
تعليم عن بعد,https://khamsat.com/training,شروحات هندسية,https://khamsat.com/training/learn-engineering,مساعدة في حل الوظائف وتنفيذ المشاريع باستخدام ماتلاب MATLAB,https://khamsat.com/training/learn-engineering/2700186-%D9%85%D8%B3%D8%A7%D8%B9%D8%AF%D8%A9-%D9%81%D9%8A-%D8%AD%D9%84-%D8%A7%D9%84%D9%88%D8%B8%D8%A7%D8%A6%D9%81-%D9%88%D8%AA%D9%86%D9%81%D9%8A%D8%B0-%D8%A7%D9%84%D9%85%D8%B4%D8%A7%D8%B1%D9%8A%D8%B9-%D8%A8%D8%A7%D8%B3%D8%AA%D8%AE%D8%AF%D8%A7%D9%85-%D9%85%D8%A7%D8%AA%D9%84%D8%A7%D8%A8-matlab,4.5,2,5 دقائق,2,0,$5.00,أسبوع,2,0,0.0,أحمد ع.,https://khamsat.com/user/ahmad_abdulhai,True,بائع جديد,4.5,2,100.0%,1,2,5 دقائق
تعليم عن بعد,https://khamsat.com/training,شروحات هندسية,https://khamsat.com/training/learn-engineering,حل مسائل الهندسه الميكانيكيه والكهربيه,https://khamsat.com/training/learn-engineering/2901142-%D8%AD%D9%84-%D9%85%D8%B3%D8%A7%D8%A6%D9%84-%D8%A7%D9%84%D9%87%D9%86%D8%AF%D8%B3%D9%87-%D8%A7%D9%84%D9%85%D9%8A%D9%83%D8%A7%D9%86%D9%8A%D9%83%D9%8A%D9%87-%D9%88%D8%A7%D9%84%D9%83%D9%87%D8%B1%D8%A8%D9%8A%D9%87,0.0,0,لم يحسب,0,0,$5.00,يوم واحد,0,2,15.0,.Ziad A,https://khamsat.com/user/ziadelbanna,True,بائع جديد,0.0,0,لم يحسب بعد,1,0,لم يحسب
تعليم عن بعد,https://khamsat.com/training,شروحات هندسية,https://khamsat.com/training/learn-engineering,المساعدة في الواجبات الهندسية,https://khamsat.com/training/learn-engineering/1882282-%D8%A7%D9%84%D9%85%D8%B3%D8%A7%D8%B9%D8%AF%D8%A9-%D9%81%D9%8A-%D8%A7%D9%84%D9%88%D8%A7%D8%AC%D8%A8%D8%A7%D8%AA-%D8%A7%D9%84%D9%87%D9%86%D8%AF%D8%B3%D9%8A%D8%A9,5.0,15,5 ساعات,22,0,$5.00,يوم واحد,15,4,50.0,.Hasan J,https://khamsat.com/user/ahmad_mhamad,True,بائع مميز,5.0,37,94.85%,2,58,ساعتين
تعليم عن بعد,https://khamsat.com/training,تعلم الرياضيات,https://khamsat.com/training/learn-math,شرح دروس الماث مرحلة الجامعة والماستر,https://khamsat.com/training/learn-math/2524966-%D8%B4%D8%B1%D8%AD-%D8%AF%D8%B1%D9%88%D8%B3-%D8%A7%D9%84%D9%85%D8%A7%D8%AB-%D9%85%D8%B1%D8%AD%D9%84%D8%A9-%D8%A7%D9%84%D8%AC%D8%A7%D9%85%D8%B9%D8%A9-%D9%88%D8%A7%D9%84%D9%85%D8%A7%D8%B3%D8%AA%D8%B1,5.0,11,28 دقيقة,11,0,$10.00,يوم واحد,11,3,45.0,.Mohamed A,https://khamsat.com/user/mhmd_97,True,بائع نشيط,5.0,11,96.55%,1,11,28 دقيقة
تعليم عن بعد,https://khamsat.com/training,تعلم الرياضيات,https://khamsat.com/training/learn-math,شرح دروس جامعيه في مجال الرياضيات,https://khamsat.com/training/learn-math/1825514-%D8%B4%D8%B1%D8%AD-%D8%AF%D8%B1%D9%88%D8%B3-%D8%AC%D8%A7%D9%85%D8%B9%D9%8A%D9%87-%D9%81%D9%8A-%D9%85%D8%AC%D8%A7%D9%84-%D8%A7%D9%84%D8%B1%D9%8A%D8%A7%D8%B6%D9%8A%D8%A7%D8%AA,5.0,19,12 ساعة,24,0,$10.00,يوم واحد,19,5,100.0,.Najla A,https://khamsat.com/user/najla1990,True,بائع مميز,5.0,71,89.55%,12,56,4 ساعات
تعليم عن بعد,https://khamsat.com/training,تعلم الرياضيات,https://khamsat.com/training/learn-math,حل تمارين ومسائل الرياضيات,https://khamsat.com/training/learn-math/2687611-%D8%AD%D9%84-%D8%AA%D9%85%D8%A7%D8%B1%D9%8A%D9%86-%D9%88%D9%85%D8%B3%D8%A7%D8%A6%D9%84-%D8%A7%D9%84%D8%B1%D9%8A%D8%A7%D8%B6%D9%8A%D8%A7%D8%AA,5.0,14,يومين,16,0,$5.00,يوم واحد,14,2,50.0,رشا ش.,https://khamsat.com/user/rashashablah,True,بائع مميز,5.0,28,96.47%,4,27,22 ساعة
تعليم عن بعد,https://khamsat.com/training,تعلم الرياضيات,https://khamsat.com/training/learn-math,تصميم اختبارات الكترونية,https://khamsat.com/training/learn-math/2939227-%D8%AA%D8%B5%D9%85%D9%8A%D9%85-%D8%A7%D8%AE%D8%AA%D8%A8%D8%A7%D8%B1%D8%A7%D8%AA-%D8%A7%D9%84%D9%83%D8%AA%D8%B1%D9%88%D9%86%D9%8A%D8%A9,5.0,1,3 ساعات,1,0,$20.00,يوم واحد,1,0,0.0,عائشة أ.,https://khamsat.com/user/aysha_24,True,بائع نشيط,5.0,14,83.78%,4,18,ساعة
تعليم عن بعد,https://khamsat.com/training,تعلم الرياضيات,https://khamsat.com/training/learn-math,شرح ومساعدة في حل مسائل الرياضيات,https://khamsat.com/training/learn-math/1793470-%D8%B4%D8%B1%D8%AD-%D9%88%D9%85%D8%B3%D8%A7%D8%B9%D8%AF%D8%A9-%D9%81%D9%8A-%D8%AD%D9%84-%D9%85%D8%B3%D8%A7%D8%A6%D9%84-%D8%A7%D9%84%D8%B1%D9%8A%D8%A7%D8%B6%D9%8A%D8%A7%D8%AA,5.0,8,18 ساعة,11,0,$5.00,يومين,8,3,120.0,.Najla A,https://khamsat.com/user/najla1990,True,بائع مميز,5.0,71,89.55%,12,56,4 ساعات
تعليم عن بعد,https://khamsat.com/training,تعلم الرياضيات,https://khamsat.com/training/learn-math,شرح مادة الرياضيات لجميع المراحل التعليمية,https://khamsat.com/training/learn-math/2253095-%D8%B4%D8%B1%D8%AD-%D9%85%D8%A7%D8%AF%D8%A9-%D8%A7%D9%84%D8%B1%D9%8A%D8%A7%D8%B6%D9%8A%D8%A7%D8%AA-%D9%84%D8%AC%D9%85%D9%8A%D8%B9-%D8%A7%D9%84%D9%85%D8%B1%D8%A7%D8%AD%D9%84-%D8%A7%D9%84%D8%AA%D8%B9%D9%84%D9%8A%D9%85%D9%8A%D8%A9,5.0,10,3 دقائق,17,0,$10.00,يوم واحد,10,0,0.0,.Ranya H,https://khamsat.com/user/ranya_9,True,بائع مميز,5.0,33,89.29%,1,45,57 دقيقة
تعليم عن بعد,https://khamsat.com/training,تعلم الرياضيات,https://khamsat.com/training/learn-math,مساعدة في الرياضيات والفيزياء,https://khamsat.com/training/learn-math/1379502-%D9%85%D8%B3%D8%A7%D8%B9%D8%AF%D8%A9-%D9%81%D9%8A-%D8%A7%D9%84%D8%B1%D9%8A%D8%A7%D8%B6%D9%8A%D8%A7%D8%AA-%D9%88%D8%A7%D9%84%D9%81%D9%8A%D8%B2%D9%8A%D8%A7%D8%A1,5.0,3,4 ساعات,3,0,$5.00,يوم واحد,3,1,5.0,.Reema A,https://khamsat.com/user/reema82,True,بائع مميز,4.5,26,92.62%,2,34,ساعتين
تعليم عن بعد,https://khamsat.com/training,تعلم الرياضيات,https://khamsat.com/training/learn-math,تأسيس مادة الرياضيات + قدرات كمي للمرحلة الثانوية,https://khamsat.com/training/learn-math/2277579-%D8%AA%D8%A3%D8%B3%D9%8A%D8%B3-%D9%85%D8%A7%D8%AF%D8%A9-%D8%A7%D9%84%D8%B1%D9%8A%D8%A7%D8%B6%D9%8A%D8%A7%D8%AA-%D9%82%D8%AF%D8%B1%D8%A7%D8%AA-%D9%83%D9%85%D9%8A-%D9%84%D9%84%D9%85%D8%B1%D8%AD%D9%84%D8%A9-%D8%A7%D9%84%D8%AB%D8%A7%D9%86%D9%88%D9%8A%D8%A9,5.0,5,دقيقة,7,0,$10.00,يوم واحد,5,2,175.0,سماح ح.,https://khamsat.com/user/samah96sweedan,True,بائع نشيط,5.0,16,96.08%,3,19,20 ساعة
تعليم عن بعد,https://khamsat.com/training,تعلم الرياضيات,https://khamsat.com/training/learn-math,شرح مواد الرياضيات عن بعد,https://khamsat.com/training/learn-math/2061892-%D8%B4%D8%B1%D8%AD-%D9%85%D9%88%D8%A7%D8%AF-%D8%A7%D9%84%D8%B1%D9%8A%D8%A7%D8%B6%D9%8A%D8%A7%D8%AA-%D8%B9%D9%86-%D8%A8%D8%B9%D8%AF,5.0,1,5 دقائق,2,0,$5.00,يوم واحد,1,1,5.0,.Hazem H,https://khamsat.com/user/hazem_hosam,True,بائع مميز,4.5,57,90.51%,2,70,10 ساعات
تعليم عن بعد,https://khamsat.com/training,تعلم الرياضيات,https://khamsat.com/training/learn-math,سوف أساعدك على فهم دروس الرياضيات,https://khamsat.com/training/learn-math/1647008-%D8%B3%D9%88%D9%81-%D8%A3%D8%B3%D8%A7%D8%B9%D8%AF%D9%83-%D8%B9%D9%84%D9%89-%D9%81%D9%87%D9%85-%D8%AF%D8%B1%D9%88%D8%B3-%D8%A7%D9%84%D8%B1%D9%8A%D8%A7%D8%B6%D9%8A%D8%A7%D8%AA,5.0,6,5 ساعات,6,0,$5.00,يوم واحد,6,1,50.0,عبد العزيز ي.,https://khamsat.com/user/abdelazizyagoubi,True,بائع نشيط,5.0,10,100.0%,2,12,4 ساعات
تعليم عن بعد,https://khamsat.com/training,تعلم الرياضيات,https://khamsat.com/training/learn-math,المساعدة في حل تمارين والمسائل في مواد الرياضيات الجامعية,https://khamsat.com/training/learn-math/1380800-%D8%A7%D9%84%D9%85%D8%B3%D8%A7%D8%B9%D8%AF%D8%A9-%D9%81%D9%8A-%D8%AD%D9%84-%D8%AA%D9%85%D8%A7%D8%B1%D9%8A%D9%86-%D9%88%D8%A7%D9%84%D9%85%D8%B3%D8%A7%D8%A6%D9%84-%D9%81%D9%8A-%D9%85%D9%88%D8%A7%D8%AF-%D8%A7%D9%84%D8%B1%D9%8A%D8%A7%D8%B6%D9%8A%D8%A7%D8%AA-%D8%A7%D9%84%D8%AC%D8%A7%D9%85%D8%B9%D9%8A%D8%A9,5.0,7,13 ساعة,9,0,$5.00,يومين,7,1,10.0,.Walaa A,https://khamsat.com/user/walaa_muk,True,بائع نشيط,5.0,9,95.65%,3,13,19 ساعة
تعليم عن بعد,https://khamsat.com/training,تعلم الرياضيات,https://khamsat.com/training/learn-math,مساعدة في حل مسائل الرياضيات والهندسة والجبر,https://khamsat.com/training/learn-math/1775213-%D9%85%D8%B3%D8%A7%D8%B9%D8%AF%D8%A9-%D9%81%D9%8A-%D8%AD%D9%84-%D9%85%D8%B3%D8%A7%D8%A6%D9%84-%D8%A7%D9%84%D8%B1%D9%8A%D8%A7%D8%B6%D9%8A%D8%A7%D8%AA-%D9%88%D8%A7%D9%84%D9%87%D9%86%D8%AF%D8%B3%D8%A9-%D9%88%D8%A7%D9%84%D8%AC%D8%A8%D8%B1,5.0,3,ساعتين,4,0,$5.00,يوم واحد,3,0,0.0,هدى م.,https://khamsat.com/user/emaabdo,True,بائع نشيط,5.0,7,83.33%,5,11,3 ساعات
تعليم عن بعد,https://khamsat.com/training,تعلم الرياضيات,https://khamsat.com/training/learn-math,شرح ومساعدة في فهم وحل مادة الرياضيات لكافة المراحل الدراسية,https://khamsat.com/training/learn-math/2731151-%D8%B4%D8%B1%D8%AD-%D9%88%D9%85%D8%B3%D8%A7%D8%B9%D8%AF%D8%A9-%D9%81%D9%8A-%D9%81%D9%87%D9%85-%D9%88%D8%AD%D9%84-%D9%85%D8%A7%D8%AF%D8%A9-%D8%A7%D9%84%D8%B1%D9%8A%D8%A7%D8%B6%D9%8A%D8%A7%D8%AA-%D9%84%D9%83%D8%A7%D9%81%D8%A9-%D8%A7%D9%84%D9%85%D8%B1%D8%A7%D8%AD%D9%84-%D8%A7%D9%84%D8%AF%D8%B1%D8%A7%D8%B3%D9%8A%D8%A9,0.0,0,يوم,1,0,$5.00,يوم واحد,0,2,25.0,.Waleed T,https://khamsat.com/user/waleed_765,True,بائع جديد,0.0,0,100.0%,2,1,يوم
تعليم عن بعد,https://khamsat.com/training,تعلم الرياضيات,https://khamsat.com/training/learn-math,المساعده بحل كل ما يتعلق بالرياضيات البسيطة والمتقدمة من مسائل وتمارين,https://khamsat.com/training/learn-math/1378396-%D8%A7%D9%84%D9%85%D8%B3%D8%A7%D8%B9%D8%AF%D9%87-%D8%A8%D8%AD%D9%84-%D9%83%D9%84-%D9%85%D8%A7-%D9%8A%D8%AA%D8%B9%D9%84%D9%82-%D8%A8%D8%A7%D9%84%D8%B1%D9%8A%D8%A7%D8%B6%D9%8A%D8%A7%D8%AA-%D8%A7%D9%84%D8%A8%D8%B3%D9%8A%D8%B7%D8%A9-%D9%88%D8%A7%D9%84%D9%85%D8%AA%D9%82%D8%AF%D9%85%D8%A9-%D9%85%D9%86-%D9%85%D8%B3%D8%A7%D8%A6%D9%84-%D9%88%D8%AA%D9%85%D8%A7%D8%B1%D9%8A%D9%86,5.0,2,4 ساعات,3,0,$5.00,يومين,2,3,25.0,.Walaa A,https://khamsat.com/user/walaa_muk,True,بائع نشيط,5.0,9,95.65%,3,13,19 ساعة
تعليم عن بعد,https://khamsat.com/training,تعلم الرياضيات,https://khamsat.com/training/learn-math,المساعدة في حل مسائل في الرياضيات,https://khamsat.com/training/learn-math/2278087-%D8%A7%D9%84%D9%85%D8%B3%D8%A7%D8%B9%D8%AF%D8%A9-%D9%81%D9%8A-%D8%AD%D9%84-%D9%85%D8%B3%D8%A7%D8%A6%D9%84-%D9%81%D9%8A-%D8%A7%D9%84%D8%B1%D9%8A%D8%A7%D8%B6%D9%8A%D8%A7%D8%AA,5.0,7,دقيقتين,13,0,$5.00,يوم واحد,7,3,15.0,محمد ا.,https://khamsat.com/user/abrideone,True,بائع مميز,5.0,19,97.14%,7,26,13 ساعة
تعليم عن بعد,https://khamsat.com/training,تعلم الرياضيات,https://khamsat.com/training/learn-math,دروس رياضيات لكافة المراحل,https://khamsat.com/training/learn-math/2720839-%D8%AF%D8%B1%D9%88%D8%B3-%D8%B1%D9%8A%D8%A7%D8%B6%D9%8A%D8%A7%D8%AA-%D9%84%D9%83%D8%A7%D9%81%D8%A9-%D8%A7%D9%84%D9%85%D8%B1%D8%A7%D8%AD%D9%84,5.0,6,5 ساعات,9,0,$5.00,يوم واحد,6,0,0.0,انجيلا د.,https://khamsat.com/user/angela_dayoub,True,بائع نشيط,5.0,8,100.0%,2,11,ساعتين
تعليم عن بعد,https://khamsat.com/training,تعلم الرياضيات,https://khamsat.com/training/learn-math,تدريس مادة الرياضيات لكافة المراحل المدرسية و الجامعية,https://khamsat.com/training/learn-math/2921424-%D8%AA%D8%AF%D8%B1%D9%8A%D8%B3-%D9%85%D8%A7%D8%AF%D8%A9-%D8%A7%D9%84%D8%B1%D9%8A%D8%A7%D8%B6%D9%8A%D8%A7%D8%AA-%D9%84%D9%83%D8%A7%D9%81%D8%A9-%D8%A7%D9%84%D9%85%D8%B1%D8%A7%D8%AD%D9%84-%D8%A7%D9%84%D9%85%D8%AF%D8%B1%D8%B3%D9%8A%D8%A9-%D9%88-%D8%A7%D9%84%D8%AC%D8%A7%D9%85%D8%B9%D9%8A%D8%A9,5.0,2,27 دقيقة,4,0,$5.00,يوم واحد,2,1,25.0,انجيلا د.,https://khamsat.com/user/angela_dayoub,True,بائع نشيط,5.0,8,100.0%,2,11,ساعتين
تعليم عن بعد,https://khamsat.com/training,تعلم الرياضيات,https://khamsat.com/training/learn-math,محاضرات شرح لمادة الفيزياء و الرياضيات نصف ساعة مقابل خدمة,https://khamsat.com/training/learn-math/1638900-%D9%85%D8%AD%D8%A7%D8%B6%D8%B1%D8%A7%D8%AA-%D8%B4%D8%B1%D8%AD-%D9%84%D9%85%D8%A7%D8%AF%D8%A9-%D8%A7%D9%84%D9%81%D9%8A%D8%B2%D9%8A%D8%A7%D8%A1-%D9%88-%D8%A7%D9%84%D8%B1%D9%8A%D8%A7%D8%B6%D9%8A%D8%A7%D8%AA-%D9%86%D8%B5%D9%81-%D8%B3%D8%A7%D8%B9%D8%A9-%D9%85%D9%82%D8%A7%D8%A8%D9%84-%D8%AE%D8%AF%D9%85%D8%A9,5.0,2,ساعتين,2,0,$5.00,يوم واحد,2,2,35.0,.Ahmed O,https://khamsat.com/user/ahmedosama15,True,بائع جديد,5.0,7,81.82%,3,8,4 ساعات
تعليم عن بعد,https://khamsat.com/training,تعلم الرياضيات,https://khamsat.com/training/learn-math,المساعدة في فهم وحل مسائل الرياضية والفيزيائية لكل مستويات,https://khamsat.com/training/learn-math/1644025-%D8%A7%D9%84%D9%85%D8%B3%D8%A7%D8%B9%D8%AF%D8%A9-%D9%81%D9%8A-%D9%81%D9%87%D9%85-%D9%88%D8%AD%D9%84-%D9%85%D8%B3%D8%A7%D8%A6%D9%84-%D8%A7%D9%84%D8%B1%D9%8A%D8%A7%D8%B6%D9%8A%D8%A9-%D9%88%D8%A7%D9%84%D9%81%D9%8A%D8%B2%D9%8A%D8%A7%D8%A6%D9%8A%D8%A9-%D9%84%D9%83%D9%84-%D9%85%D8%B3%D8%AA%D9%88%D9%8A%D8%A7%D8%AA,5.0,20,يوم,25,0,$5.00,يوم واحد,20,4,55.0,ياسر ا.,https://khamsat.com/user/yassernh,True,بائع مميز,5.0,20,98.89%,1,25,15 ساعة
تعليم عن بعد,https://khamsat.com/training,تعلم الرياضيات,https://khamsat.com/training/learn-math,تدريس مادة الرياضيات للمرحلة الابتدائية,https://khamsat.com/training/learn-math/2277410-%D8%AA%D8%AF%D8%B1%D9%8A%D8%B3-%D9%85%D8%A7%D8%AF%D8%A9-%D8%A7%D9%84%D8%B1%D9%8A%D8%A7%D8%B6%D9%8A%D8%A7%D8%AA-%D9%84%D9%84%D9%85%D8%B1%D8%AD%D9%84%D8%A9-%D8%A7%D9%84%D8%A7%D8%A8%D8%AA%D8%AF%D8%A7%D8%A6%D9%8A%D8%A9,5.0,6,13 دقيقة,6,0,$5.00,يوم واحد,6,1,30.0,سماح ح.,https://khamsat.com/user/samah96sweedan,True,بائع نشيط,5.0,16,96.08%,3,19,20 ساعة
تعليم عن بعد,https://khamsat.com/training,تعلم الرياضيات,https://khamsat.com/training/learn-math,مساعدة بحل مسائل رياضيات المرحلة الأساسية باللغة العربية والإنجليزية,https://khamsat.com/training/learn-math/2582548-%D9%85%D8%B3%D8%A7%D8%B9%D8%AF%D8%A9-%D8%A8%D8%AD%D9%84-%D9%85%D8%B3%D8%A7%D8%A6%D9%84-%D8%B1%D9%8A%D8%A7%D8%B6%D9%8A%D8%A7%D8%AA-%D8%A7%D9%84%D9%85%D8%B1%D8%AD%D9%84%D8%A9-%D8%A7%D9%84%D8%A3%D8%B3%D8%A7%D8%B3%D9%8A%D8%A9-%D8%A8%D8%A7%D9%84%D9%84%D8%BA%D8%A9-%D8%A7%D9%84%D8%B9%D8%B1%D8%A8%D9%8A%D8%A9-%D9%88%D8%A7%D9%84%D8%A5%D9%86%D8%AC%D9%84%D9%8A%D8%B2%D9%8A%D8%A9,5.0,2,6 ساعات,3,0,$5.00,يوم واحد,2,2,15.0,باسم ن.,https://khamsat.com/user/basem333,True,بائع جديد,5.0,3,100.0%,2,3,4 ساعات
تعليم عن بعد,https://khamsat.com/training,تعلم الرياضيات,https://khamsat.com/training/learn-math,المساعدة فى حل واجبات الرياضيات والمواد الهندسيه,https://khamsat.com/training/learn-math/1471300-%D8%A7%D9%84%D9%85%D8%B3%D8%A7%D8%B9%D8%AF%D8%A9-%D9%81%D9%89-%D8%AD%D9%84-%D9%88%D8%A7%D8%AC%D8%A8%D8%A7%D8%AA-%D8%A7%D9%84%D8%B1%D9%8A%D8%A7%D8%B6%D9%8A%D8%A7%D8%AA-%D9%88%D8%A7%D9%84%D9%85%D9%88%D8%A7%D8%AF-%D8%A7%D9%84%D9%87%D9%86%D8%AF%D8%B3%D9%8A%D9%87,5.0,2,4 ساعات,2,0,$5.00,يوم واحد,2,0,0.0,ايمن ا.,https://khamsat.com/user/aim4m,True,مشتري جاد,5.0,4,100.0%,4,4,6 ساعات
تعليم عن بعد,https://khamsat.com/training,تعلم الرياضيات,https://khamsat.com/training/learn-math,المساعده في حل تمارين في ماده الرياضيات لجميع المراحل الدراس,https://khamsat.com/training/learn-math/2194789-%D8%A7%D9%84%D9%85%D8%B3%D8%A7%D8%B9%D8%AF%D9%87-%D9%81%D9%8A-%D8%AD%D9%84-%D8%AA%D9%85%D8%A7%D8%B1%D9%8A%D9%86-%D9%81%D9%8A-%D9%85%D8%A7%D8%AF%D9%87-%D8%A7%D9%84%D8%B1%D9%8A%D8%A7%D8%B6%D9%8A%D8%A7%D8%AA-%D9%84%D8%AC%D9%85%D9%8A%D8%B9-%D8%A7%D9%84%D9%85%D8%B1%D8%A7%D8%AD%D9%84-%D8%A7%D9%84%D8%AF%D8%B1%D8%A7%D8%B3,5.0,1,دقيقتين,1,0,$5.00,يوم واحد,1,5,60.0,.Ahmed K,https://khamsat.com/user/ahmed_kareem07,True,بائع جديد,5.0,1,100.0%,3,1,16 ساعة
تعليم عن بعد,https://khamsat.com/training,تعلم الرياضيات,https://khamsat.com/training/learn-math,شرح و حل رياضيات لكل المراحل من الابتدائي الى الجامعي,https://khamsat.com/training/learn-math/1594059-%D8%B4%D8%B1%D8%AD-%D9%88-%D8%AD%D9%84-%D8%B1%D9%8A%D8%A7%D8%B6%D9%8A%D8%A7%D8%AA-%D9%84%D9%83%D9%84-%D8%A7%D9%84%D9%85%D8%B1%D8%A7%D8%AD%D9%84-%D9%85%D9%86-%D8%A7%D9%84%D8%A7%D8%A8%D8%AA%D8%AF%D8%A7%D8%A6%D9%8A-%D8%A7%D9%84%D9%89-%D8%A7%D9%84%D8%AC%D8%A7%D9%85%D8%B9%D9%8A,5.0,14,23 دقيقة,18,0,$5.00,يوم واحد,14,2,40.0,امل ع.,https://khamsat.com/user/amool_9,True,بائع مميز,5.0,23,90.54%,2,29,5 ساعات
تعليم عن بعد,https://khamsat.com/training,تعلم الرياضيات,https://khamsat.com/training/learn-math,دروس خصوصية في الرياضيات والفيزياء والكيمياء واللغة الإنجليز,https://khamsat.com/training/learn-math/2392778-%D8%AF%D8%B1%D9%88%D8%B3-%D8%AE%D8%B5%D9%88%D8%B5%D9%8A%D8%A9-%D9%81%D9%8A-%D8%A7%D9%84%D8%B1%D9%8A%D8%A7%D8%B6%D9%8A%D8%A7%D8%AA-%D9%88%D8%A7%D9%84%D9%81%D9%8A%D8%B2%D9%8A%D8%A7%D8%A1-%D9%88%D8%A7%D9%84%D9%83%D9%8A%D9%85%D9%8A%D8%A7%D8%A1-%D9%88%D8%A7%D9%84%D9%84%D8%BA%D8%A9-%D8%A7%D9%84%D8%A5%D9%86%D8%AC%D9%84%D9%8A%D8%B2,5.0,2,دقيقتين,3,0,$5.00,يوم واحد,2,5,190.0,بيان س.,https://khamsat.com/user/bayan_sakrouja97,True,بائع مميز,4.5,35,89.82%,7,55,47 دقيقة
تعليم عن بعد,https://khamsat.com/training,تعلم الرياضيات,https://khamsat.com/training/learn-math,صياغة أسئلة لمادة الرياضيات,https://khamsat.com/training/learn-math/2100776-%D8%B5%D9%8A%D8%A7%D8%BA%D8%A9-%D8%A3%D8%B3%D8%A6%D9%84%D8%A9-%D9%84%D9%85%D8%A7%D8%AF%D8%A9-%D8%A7%D9%84%D8%B1%D9%8A%D8%A7%D8%B6%D9%8A%D8%A7%D8%AA,5.0,2,4 أيام,2,0,$5.00,يوم واحد,2,3,30.0,.Eman S,https://khamsat.com/user/hassan2020_2020,True,بائع جديد,5.0,2,100.0%,4,2,4 أيام
تعليم عن بعد,https://khamsat.com/training,تعلم الرياضيات,https://khamsat.com/training/learn-math,شرح مادة الرياضيات والماث للصفوف المختلفه,https://khamsat.com/training/learn-math/2146417-%D8%B4%D8%B1%D8%AD-%D9%85%D8%A7%D8%AF%D8%A9-%D8%A7%D9%84%D8%B1%D9%8A%D8%A7%D8%B6%D9%8A%D8%A7%D8%AA-%D9%88%D8%A7%D9%84%D9%85%D8%A7%D8%AB-%D9%84%D9%84%D8%B5%D9%81%D9%88%D9%81-%D8%A7%D9%84%D9%85%D8%AE%D8%AA%D9%84%D9%81%D9%87,5.0,2,36 دقيقة,3,0,$5.00,يوم واحد,2,4,45.0,.Ashraf A,https://khamsat.com/user/ashrafabozaid,True,بائع جديد,5.0,2,83.33%,4,4,50 دقيقة
تعليم عن بعد,https://khamsat.com/training,تعلم الرياضيات,https://khamsat.com/training/learn-math,المساعدة في حل مسائل الرياضيات,https://khamsat.com/training/learn-math/1597317-%D8%A7%D9%84%D9%85%D8%B3%D8%A7%D8%B9%D8%AF%D8%A9-%D9%81%D9%8A-%D8%AD%D9%84-%D9%85%D8%B3%D8%A7%D8%A6%D9%84-%D8%A7%D9%84%D8%B1%D9%8A%D8%A7%D8%B6%D9%8A%D8%A7%D8%AA,5.0,12,3 ساعات,16,0,$5.00,يومين,12,3,170.0,ريما م.,https://khamsat.com/user/rima793,True,بائع مميز,5.0,17,100.0%,4,22,ساعتين
تعليم عن بعد,https://khamsat.com/training,تعلم الرياضيات,https://khamsat.com/training/learn-math,حل مسائل الرياضيات البحته(تفاضل و تكامل و جبر و حساب مثلثات),https://khamsat.com/training/learn-math/1064959-%D8%AD%D9%84-%D9%85%D8%B3%D8%A7%D8%A6%D9%84-%D8%A7%D9%84%D8%B1%D9%8A%D8%A7%D8%B6%D9%8A%D8%A7%D8%AA-%D8%A7%D9%84%D8%A8%D8%AD%D8%AA%D9%87%D8%AA%D9%81%D8%A7%D8%B6%D9%84-%D9%88-%D8%AA%D9%83%D8%A7%D9%85%D9%84-%D9%88-%D8%AC%D8%A8%D8%B1-%D9%88-%D8%AD%D8%B3%D8%A7%D8%A8-%D9%85%D8%AB%D9%84%D8%AB%D8%A7%D8%AA,5.0,2,10 دقائق,2,0,$5.00,يوم واحد,2,3,40.0,بيومى ع.,https://khamsat.com/user/bayoumi_adel,True,بائع جديد,5.0,4,100.0%,4,4,يومين
تعليم عن بعد,https://khamsat.com/training,تعلم الرياضيات,https://khamsat.com/training/learn-math,شرح أى درس فى الرياضيات أو القدرات أو التحصيلي بطريقة سهلة,https://khamsat.com/training/learn-math/1216554-%D8%B4%D8%B1%D8%AD-%D8%A3%D9%89-%D8%AF%D8%B1%D8%B3-%D9%81%D9%89-%D8%A7%D9%84%D8%B1%D9%8A%D8%A7%D8%B6%D9%8A%D8%A7%D8%AA-%D8%A3%D9%88-%D8%A7%D9%84%D9%82%D8%AF%D8%B1%D8%A7%D8%AA-%D8%A3%D9%88-%D8%A7%D9%84%D8%AA%D8%AD%D8%B5%D9%8A%D9%84%D9%8A-%D8%A8%D8%B7%D8%B1%D9%8A%D9%82%D8%A9-%D8%B3%D9%87%D9%84%D8%A9,5.0,9,10 أيام,18,0,$5.00,يوم واحد,9,4,180.0,محمود ا.,https://khamsat.com/user/mahmoud_elramly,True,بائع نشيط,5.0,9,100.0%,1,18,10 أيام
تعليم عن بعد,https://khamsat.com/training,شروحات طبية,https://khamsat.com/training/medicine-tutoring,شرح مواد الصيدلة الاكلينيكية والفارما والصيدلانيات,https://khamsat.com/training/medicine-tutoring/2863310-%D8%B4%D8%B1%D8%AD-%D9%85%D9%88%D8%A7%D8%AF-%D8%A7%D9%84%D8%B5%D9%8A%D8%AF%D9%84%D8%A9-%D8%A7%D9%84%D8%A7%D9%83%D9%84%D9%8A%D9%86%D9%8A%D9%83%D9%8A%D8%A9-%D9%88%D8%A7%D9%84%D9%81%D8%A7%D8%B1%D9%85%D8%A7-%D9%88%D8%A7%D9%84%D8%B5%D9%8A%D8%AF%D9%84%D8%A7%D9%86%D9%8A%D8%A7%D8%AA,5.0,2,31 دقيقة,3,0,$5.00,أربعة أيام,2,3,55.0,.Nourhan E,https://khamsat.com/user/nourhanmahmoud201163,True,بائع جديد,5.0,2,100.0%,1,3,31 دقيقة
تعليم عن بعد,https://khamsat.com/training,شروحات طبية,https://khamsat.com/training/medicine-tutoring,كتابة بحث طبي شامل وصياغة الأسئلة الطبية وحلّها بكفاءة,https://khamsat.com/training/medicine-tutoring/2343233-%D9%83%D8%AA%D8%A7%D8%A8%D8%A9-%D8%A8%D8%AD%D8%AB-%D8%B7%D8%A8%D9%8A-%D8%B4%D8%A7%D9%85%D9%84-%D9%88%D8%B5%D9%8A%D8%A7%D8%BA%D8%A9-%D8%A7%D9%84%D8%A3%D8%B3%D8%A6%D9%84%D8%A9-%D8%A7%D9%84%D8%B7%D8%A8%D9%8A%D8%A9-%D9%88%D8%AD%D9%84%D9%87%D8%A7-%D8%A8%D9%83%D9%81%D8%A7%D8%A1%D8%A9,5.0,6,48 دقيقة,10,0,$5.00,يوم واحد,6,5,65.0,حيدر ن.,https://khamsat.com/user/haidar214,True,بائع مميز,5.0,53,92.03%,15,56,ساعتين
تعليم عن بعد,https://khamsat.com/training,شروحات طبية,https://khamsat.com/training/medicine-tutoring,شرح مبسط للأحياء والكيمياء والمواد الطبية,https://khamsat.com/training/medicine-tutoring/2172074-%D8%B4%D8%B1%D8%AD-%D9%85%D8%A8%D8%B3%D8%B7-%D9%84%D9%84%D8%A3%D8%AD%D9%8A%D8%A7%D8%A1-%D9%88%D8%A7%D9%84%D9%83%D9%8A%D9%85%D9%8A%D8%A7%D8%A1-%D9%88%D8%A7%D9%84%D9%85%D9%88%D8%A7%D8%AF-%D8%A7%D9%84%D8%B7%D8%A8%D9%8A%D8%A9,5.0,6,22 دقيقة,6,0,$5.00,ثلاثة أيام,6,3,35.0,.Maha S,https://khamsat.com/user/mns912,True,بائع مميز,5.0,12,100.0%,3,8,ساعة
تعليم عن بعد,https://khamsat.com/training,شروحات طبية,https://khamsat.com/training/medicine-tutoring,شرح المواد الطبية بطريقة مبسطة,https://khamsat.com/training/medicine-tutoring/2532189-%D8%B4%D8%B1%D8%AD-%D8%A7%D9%84%D9%85%D9%88%D8%A7%D8%AF-%D8%A7%D9%84%D8%B7%D8%A8%D9%8A%D8%A9-%D8%A8%D8%B7%D8%B1%D9%8A%D9%82%D8%A9-%D9%85%D8%A8%D8%B3%D8%B7%D8%A9,5.0,4,ساعة,4,0,$5.00,يومين,4,4,55.0,.Maha S,https://khamsat.com/user/mns912,True,بائع مميز,5.0,12,100.0%,3,8,ساعة
تعليم عن بعد,https://khamsat.com/training,شروحات طبية,https://khamsat.com/training/medicine-tutoring,شرح مواد كلية الطب والمساعدة في فهم و حل أسئلتها,https://khamsat.com/training/medicine-tutoring/1950559-%D8%B4%D8%B1%D8%AD-%D9%85%D9%88%D8%A7%D8%AF-%D9%83%D9%84%D9%8A%D8%A9-%D8%A7%D9%84%D8%B7%D8%A8-%D9%88%D8%A7%D9%84%D9%85%D8%B3%D8%A7%D8%B9%D8%AF%D8%A9-%D9%81%D9%8A-%D9%81%D9%87%D9%85-%D9%88-%D8%AD%D9%84-%D8%A3%D8%B3%D8%A6%D9%84%D8%AA%D9%87%D8%A7,5.0,27,26 دقيقة,28,0,$5.00,يوم واحد,25,3,30.0,.Hafez S,https://khamsat.com/user/hafez98,True,بائع مميز,5.0,57,97.09%,4,31,ساعة
تعليم عن بعد,https://khamsat.com/training,شروحات طبية,https://khamsat.com/training/medicine-tutoring,المساعدة في حل اسئلة المواد الطبيه المختلفه,https://khamsat.com/training/medicine-tutoring/2234114-%D8%A7%D9%84%D9%85%D8%B3%D8%A7%D8%B9%D8%AF%D8%A9-%D9%81%D9%8A-%D8%AD%D9%84-%D8%A7%D8%B3%D8%A6%D9%84%D8%A9-%D8%A7%D9%84%D9%85%D9%88%D8%A7%D8%AF-%D8%A7%D9%84%D8%B7%D8%A8%D9%8A%D9%87-%D8%A7%D9%84%D9%85%D8%AE%D8%AA%D9%84%D9%81%D9%87,5.0,7,دقيقة,8,0,$5.00,يوم واحد,7,5,80.0,.Kerollos M,https://khamsat.com/user/dr_kerollos_magdy,True,بائع نشيط,5.0,15,90.0%,5,18,4 ساعات
تعليم عن بعد,https://khamsat.com/training,شروحات طبية,https://khamsat.com/training/medicine-tutoring,المساعدة بشرح موضوع بكلية الطب المخبري,https://khamsat.com/training/medicine-tutoring/1200950-%D8%A7%D9%84%D9%85%D8%B3%D8%A7%D8%B9%D8%AF%D8%A9-%D8%A8%D8%B4%D8%B1%D8%AD-%D9%85%D9%88%D8%B6%D9%88%D8%B9-%D8%A8%D9%83%D9%84%D9%8A%D8%A9-%D8%A7%D9%84%D8%B7%D8%A8-%D8%A7%D9%84%D9%85%D8%AE%D8%A8%D8%B1%D9%8A,5.0,8,4 ساعات,11,0,$5.00,يوم واحد,8,2,105.0,.Samah E,https://khamsat.com/user/samah-alshami,True,بائع مميز,5.0,44,93.67%,5,49,ساعتين
تعليم عن بعد,https://khamsat.com/training,شروحات طبية,https://khamsat.com/training/medicine-tutoring,شرح مادة الكيمياء والكيمياء الحيوية للكليات الطبية,https://khamsat.com/training/medicine-tutoring/2864293-%D8%B4%D8%B1%D8%AD-%D9%85%D8%A7%D8%AF%D8%A9-%D8%A7%D9%84%D9%83%D9%8A%D9%85%D9%8A%D8%A7%D8%A1-%D9%88%D8%A7%D9%84%D9%83%D9%8A%D9%85%D9%8A%D8%A7%D8%A1-%D8%A7%D9%84%D8%AD%D9%8A%D9%88%D9%8A%D8%A9-%D9%84%D9%84%D9%83%D9%84%D9%8A%D8%A7%D8%AA-%D8%A7%D9%84%D8%B7%D8%A8%D9%8A%D8%A9,5.0,1,لم يحسب,1,0,$10.00,يوم واحد,1,3,60.0,.Fatma A,https://khamsat.com/user/fa_tma,True,بائع مميز,5.0,22,88.52%,6,17,17 ساعة
تعليم عن بعد,https://khamsat.com/training,شروحات طبية,https://khamsat.com/training/medicine-tutoring,شرح دروس وواجبات طلاب الكليات الطبية,https://khamsat.com/training/medicine-tutoring/2335600-%D8%B4%D8%B1%D8%AD-%D8%AF%D8%B1%D9%88%D8%B3-%D9%88%D9%88%D8%A7%D8%AC%D8%A8%D8%A7%D8%AA-%D8%B7%D9%84%D8%A7%D8%A8-%D8%A7%D9%84%D9%83%D9%84%D9%8A%D8%A7%D8%AA-%D8%A7%D9%84%D8%B7%D8%A8%D9%8A%D8%A9,5.0,9,ساعة,13,0,$5.00,ثلاثة أيام,9,4,30.0,.Mahmoud S,https://khamsat.com/user/mahmoudseliem,True,بائع مميز,5.0,25,98.02%,9,37,6 ساعات
تعليم عن بعد,https://khamsat.com/training,شروحات طبية,https://khamsat.com/training/medicine-tutoring,شرح المنهج العلمي لطلاب الصف الثانوي لمادة البيولوجي,https://khamsat.com/training/medicine-tutoring/2773667-%D8%B4%D8%B1%D8%AD-%D8%A7%D9%84%D9%85%D9%86%D9%87%D8%AC-%D8%A7%D9%84%D8%B9%D9%84%D9%85%D9%8A-%D9%84%D8%B7%D9%84%D8%A7%D8%A8-%D8%A7%D9%84%D8%B5%D9%81-%D8%A7%D9%84%D8%AB%D8%A7%D9%86%D9%88%D9%8A-%D9%84%D9%85%D8%A7%D8%AF%D8%A9-%D8%A7%D9%84%D8%A8%D9%8A%D9%88%D9%84%D9%88%D8%AC%D9%8A,5.0,1,لم يحسب,1,0,$10.00,أربعة أيام,1,0,0.0,.Moussa A,https://khamsat.com/user/mossaatia,True,بائع جديد,5.0,2,100.0%,1,2,47 دقيقة
تعليم عن بعد,https://khamsat.com/training,شروحات طبية,https://khamsat.com/training/medicine-tutoring,شرح أى مادة طبية بالأخص مادة الجراحة ولتشريح,https://khamsat.com/training/medicine-tutoring/1815615-%D8%B4%D8%B1%D8%AD-%D8%A3%D9%89-%D9%85%D8%A7%D8%AF%D8%A9-%D8%B7%D8%A8%D9%8A%D8%A9-%D8%A8%D8%A7%D9%84%D8%A3%D8%AE%D8%B5-%D9%85%D8%A7%D8%AF%D8%A9-%D8%A7%D9%84%D8%AC%D8%B1%D8%A7%D8%AD%D8%A9-%D9%88%D9%84%D8%AA%D8%B4%D8%B1%D9%8A%D8%AD,5.0,5,16 دقيقة,6,0,$15.00,أربعة أيام,5,2,20.0,.Khaled B,https://khamsat.com/user/khaled-bonna,True,بائع مميز,5.0,32,93.27%,5,41,7 ساعات
تعليم عن بعد,https://khamsat.com/training,شروحات طبية,https://khamsat.com/training/medicine-tutoring,تقديم المساعدة في دراسة المواد الطبية,https://khamsat.com/training/medicine-tutoring/2457149-%D8%AA%D9%82%D8%AF%D9%8A%D9%85-%D8%A7%D9%84%D9%85%D8%B3%D8%A7%D8%B9%D8%AF%D8%A9-%D9%81%D9%8A-%D8%AF%D8%B1%D8%A7%D8%B3%D8%A9-%D8%A7%D9%84%D9%85%D9%88%D8%A7%D8%AF-%D8%A7%D9%84%D8%B7%D8%A8%D9%8A%D8%A9,5.0,1,11 دقيقة,2,0,$5.00,يوم واحد,1,1,5.0,.Rama M,https://khamsat.com/user/rama56samo,True,بائع نشيط,5.0,5,100.0%,3,9,9 دقائق
تعليم عن بعد,https://khamsat.com/training,شروحات طبية,https://khamsat.com/training/medicine-tutoring,شرح المواد والمواضيع الطبية ومادة البيولوجي,https://khamsat.com/training/medicine-tutoring/1966016-%D8%B4%D8%B1%D8%AD-%D8%A7%D9%84%D9%85%D9%88%D8%A7%D8%AF-%D9%88%D8%A7%D9%84%D9%85%D9%88%D8%A7%D8%B6%D9%8A%D8%B9-%D8%A7%D9%84%D8%B7%D8%A8%D9%8A%D8%A9-%D9%88%D9%85%D8%A7%D8%AF%D8%A9-%D8%A7%D9%84%D8%A8%D9%8A%D9%88%D9%84%D9%88%D8%AC%D9%8A,5.0,1,19 دقيقة,1,0,$10.00,يومين,1,1,5.0,.Muhammed G,https://khamsat.com/user/muhammed99galal,True,بائع نشيط,5.0,5,100.0%,3,4,7 ساعات
تعليم عن بعد,https://khamsat.com/training,شروحات طبية,https://khamsat.com/training/medicine-tutoring,شرح علوم واحياء وكيميا وفيزيا ومواد طبيه جميع المراحل,https://khamsat.com/training/medicine-tutoring/2075087-%D8%B4%D8%B1%D8%AD-%D8%B9%D9%84%D9%88%D9%85-%D9%88%D8%A7%D8%AD%D9%8A%D8%A7%D8%A1-%D9%88%D9%83%D9%8A%D9%85%D9%8A%D8%A7-%D9%88%D9%81%D9%8A%D8%B2%D9%8A%D8%A7-%D9%88%D9%85%D9%88%D8%A7%D8%AF-%D8%B7%D8%A8%D9%8A%D9%87-%D8%AC%D9%85%D9%8A%D8%B9-%D8%A7%D9%84%D9%85%D8%B1%D8%A7%D8%AD%D9%84,5.0,9,7 ساعات,9,0,$5.00,يوم واحد,9,2,20.0,.Hafez S,https://khamsat.com/user/hafez98,True,بائع مميز,5.0,57,97.09%,4,31,ساعة
تعليم عن بعد,https://khamsat.com/training,شروحات طبية,https://khamsat.com/training/medicine-tutoring,شرح مواد طب الاسنان بالساعة,https://khamsat.com/training/medicine-tutoring/2136408-%D8%B4%D8%B1%D8%AD-%D9%85%D9%88%D8%A7%D8%AF-%D8%B7%D8%A8-%D8%A7%D9%84%D8%A7%D8%B3%D9%86%D8%A7%D9%86-%D8%A8%D8%A7%D9%84%D8%B3%D8%A7%D8%B9%D8%A9,0.0,0,15 ساعة,1,0,$5.00,يوم واحد,0,1,5.0,.Mayar A,https://khamsat.com/user/mayarabdelsalam,True,بائع نشيط,0.0,2,100.0%,2,2,يوم
تعليم عن بعد,https://khamsat.com/training,شروحات طبية,https://khamsat.com/training/medicine-tutoring,تدريس المواضيع الطبية و الحيوية,https://khamsat.com/training/medicine-tutoring/1508606-%D8%AA%D8%AF%D8%B1%D9%8A%D8%B3-%D8%A7%D9%84%D9%85%D9%88%D8%A7%D8%B6%D9%8A%D8%B9-%D8%A7%D9%84%D8%B7%D8%A8%D9%8A%D8%A9-%D9%88-%D8%A7%D9%84%D8%AD%D9%8A%D9%88%D9%8A%D8%A9,5.0,11,50 دقيقة,12,0,$5.00,يوم واحد,11,5,145.0,.Ibrahim A,https://khamsat.com/user/ibrahim5200,True,بائع نشيط,5.0,15,100.0%,2,16,52 دقيقة
تعليم عن بعد,https://khamsat.com/training,شروحات طبية,https://khamsat.com/training/medicine-tutoring,"شرح مواد الكليات الطبية "" مادة اللافقاريات""",https://khamsat.com/training/medicine-tutoring/2916626-%D8%B4%D8%B1%D8%AD-%D9%85%D9%88%D8%A7%D8%AF-%D8%A7%D9%84%D9%83%D9%84%D9%8A%D8%A7%D8%AA-%D8%A7%D9%84%D8%B7%D8%A8%D9%8A%D8%A9-%D9%85%D8%A7%D8%AF%D8%A9-%D8%A7%D9%84%D9%84%D8%A7%D9%81%D9%82%D8%A7%D8%B1%D9%8A%D8%A7%D8%AA,5.0,1,لم يحسب,1,0,$5.00,يوم واحد,1,5,115.0,مي ع.,https://khamsat.com/user/mai_abdelfatah,True,بائع جديد,5.0,2,100.0%,5,1,لم يحسب
تعليم عن بعد,https://khamsat.com/training,شروحات طبية,https://khamsat.com/training/medicine-tutoring,شرح وتبسيط المواد الطبية لطلاب الجامعة,https://khamsat.com/training/medicine-tutoring/965733-%D8%B4%D8%B1%D8%AD-%D9%88%D8%AA%D8%A8%D8%B3%D9%8A%D8%B7-%D8%A7%D9%84%D9%85%D9%88%D8%A7%D8%AF-%D8%A7%D9%84%D8%B7%D8%A8%D9%8A%D8%A9-%D9%84%D8%B7%D9%84%D8%A7%D8%A8-%D8%A7%D9%84%D8%AC%D8%A7%D9%85%D8%B9%D8%A9,5.0,2,يوم,2,0,$5.00,يوم واحد,2,0,0.0,.Ghada A,https://khamsat.com/user/ghada-ali,True,بائع نشيط,5.0,12,82.61%,2,10,13 ساعة
تعليم عن بعد,https://khamsat.com/training,شروحات طبية,https://khamsat.com/training/medicine-tutoring,عمل أسئلة تقييمية منوعة من مادة طبية جاهزة,https://khamsat.com/training/medicine-tutoring/3039314-%D8%B9%D9%85%D9%84-%D8%A3%D8%B3%D8%A6%D9%84%D8%A9-%D8%AA%D9%82%D9%8A%D9%8A%D9%85%D9%8A%D8%A9-%D9%85%D9%86%D9%88%D8%B9%D8%A9-%D9%85%D9%86-%D9%85%D8%A7%D8%AF%D8%A9-%D8%B7%D8%A8%D9%8A%D8%A9-%D8%AC%D8%A7%D9%87%D8%B2%D8%A9,0.0,0,لم يحسب,0,0,$10.00,يوم واحد,0,3,30.0,محمدنور ع.,https://khamsat.com/user/m_noor277,True,بائع جديد,0.0,0,لم يحسب بعد,2,0,لم يحسب
تعليم عن بعد,https://khamsat.com/training,شروحات طبية,https://khamsat.com/training/medicine-tutoring,شرح المواد الطبية لطلبة كلية الطب وحل اسئلتها,https://khamsat.com/training/medicine-tutoring/2896793-%D8%B4%D8%B1%D8%AD-%D8%A7%D9%84%D9%85%D9%88%D8%A7%D8%AF-%D8%A7%D9%84%D8%B7%D8%A8%D9%8A%D8%A9-%D9%84%D8%B7%D9%84%D8%A8%D8%A9-%D9%83%D9%84%D9%8A%D8%A9-%D8%A7%D9%84%D8%B7%D8%A8-%D9%88%D8%AD%D9%84-%D8%A7%D8%B3%D8%A6%D9%84%D8%AA%D9%87%D8%A7,0.0,0,لم يحسب,0,0,$5.00,يوم واحد,0,0,0.0,.Ahmed A,https://khamsat.com/user/amaar2022,True,بائع جديد,0.0,0,لم يحسب بعد,1,0,لم يحسب
تعليم عن بعد,https://khamsat.com/training,شروحات طبية,https://khamsat.com/training/medicine-tutoring,شرح وتبسيط مادة الميكروبيولوجي وأمراض المناعة باحترافية,https://khamsat.com/training/medicine-tutoring/2743305-%D8%B4%D8%B1%D8%AD-%D9%88%D8%AA%D8%A8%D8%B3%D9%8A%D8%B7-%D9%85%D8%A7%D8%AF%D8%A9-%D8%A7%D9%84%D9%85%D9%8A%D9%83%D8%B1%D9%88%D8%A8%D9%8A%D9%88%D9%84%D9%88%D8%AC%D9%8A-%D9%88%D8%A3%D9%85%D8%B1%D8%A7%D8%B6-%D8%A7%D9%84%D9%85%D9%86%D8%A7%D8%B9%D8%A9-%D8%A8%D8%A7%D8%AD%D8%AA%D8%B1%D8%A7%D9%81%D9%8A%D8%A9,0.0,0,لم يحسب,0,0,$5.00,يوم واحد,0,2,10.0,شيماء م.,https://khamsat.com/user/%D8%B4%D9%8A%D9%85%D8%A7%D8%A1-%D9%85%D8%AD%D9%85%D8%AF-%D8%B5%D8%A7%D9%84%D8%AD,False,بائع جديد,0.0,0,لم يحسب بعد,1,0,32 دقيقة
تعليم عن بعد,https://khamsat.com/training,شروحات طبية,https://khamsat.com/training/medicine-tutoring,المساعدة في شرح حلول الأسئلة في مواد طب الأسنان التخصصية,https://khamsat.com/training/medicine-tutoring/1989191-%D8%A7%D9%84%D9%85%D8%B3%D8%A7%D8%B9%D8%AF%D8%A9-%D9%81%D9%8A-%D8%B4%D8%B1%D8%AD-%D8%AD%D9%84%D9%88%D9%84-%D8%A7%D9%84%D8%A3%D8%B3%D8%A6%D9%84%D8%A9-%D9%81%D9%8A-%D9%85%D9%88%D8%A7%D8%AF-%D8%B7%D8%A8-%D8%A7%D9%84%D8%A3%D8%B3%D9%86%D8%A7%D9%86-%D8%A7%D9%84%D8%AA%D8%AE%D8%B5%D8%B5%D9%8A%D8%A9,5.0,1,ساعتين,1,0,$5.00,ثلاثة أيام,1,4,155.0,دعاء م.,https://khamsat.com/user/doaa_maged_ismail_94,True,بائع جديد,5.0,2,100.0%,1,2,ساعتين
تعليم عن بعد,https://khamsat.com/training,شروحات طبية,https://khamsat.com/training/medicine-tutoring,شرح شامل ومبسط للمواد الطبية العلمية الأساسية,https://khamsat.com/training/medicine-tutoring/3038728-%D8%B4%D8%B1%D8%AD-%D8%B4%D8%A7%D9%85%D9%84-%D9%88%D9%85%D8%A8%D8%B3%D8%B7-%D9%84%D9%84%D9%85%D9%88%D8%A7%D8%AF-%D8%A7%D9%84%D8%B7%D8%A8%D9%8A%D8%A9-%D8%A7%D9%84%D8%B9%D9%84%D9%85%D9%8A%D8%A9-%D8%A7%D9%84%D8%A3%D8%B3%D8%A7%D8%B3%D9%8A%D8%A9,0.0,0,لم يحسب,0,0,$5.00,يومين,0,0,0.0,علاء الدين ا.,https://khamsat.com/user/alaaalfaqih,True,بائع جديد,0.0,0,لم يحسب بعد,2,0,لم يحسب
تعليم عن بعد,https://khamsat.com/training,شروحات طبية,https://khamsat.com/training/medicine-tutoring,شرح مادة علم العقاقير pharmacology,https://khamsat.com/training/medicine-tutoring/2695237-%D8%B4%D8%B1%D8%AD-%D9%85%D8%A7%D8%AF%D8%A9-%D8%B9%D9%84%D9%85-%D8%A7%D9%84%D8%B9%D9%82%D8%A7%D9%82%D9%8A%D8%B1-pharmacology,0.0,0,لم يحسب,0,0,$5.00,يوم واحد,0,3,15.0,.Amna A,https://khamsat.com/user/menna1520,False,بائع جديد,0.0,0,لم يحسب بعد,1,0,لم يحسب
تعليم عن بعد,https://khamsat.com/training,شروحات طبية,https://khamsat.com/training/medicine-tutoring,دروس في المواد الطبية للساعه,https://khamsat.com/training/medicine-tutoring/2119848-%D8%AF%D8%B1%D9%88%D8%B3-%D9%81%D9%8A-%D8%A7%D9%84%D9%85%D9%88%D8%A7%D8%AF-%D8%A7%D9%84%D8%B7%D8%A8%D9%8A%D8%A9-%D9%84%D9%84%D8%B3%D8%A7%D8%B9%D9%87,0.0,0,يومين,0,0,$5.00,يوم واحد,0,1,5.0,ايات ا.,https://khamsat.com/user/ayatbsharat90,True,بائع جديد,5.0,1,100.0%,4,1,4 أيام
تعليم عن بعد,https://khamsat.com/training,شروحات طبية,https://khamsat.com/training/medicine-tutoring,شرح أى مادة طبية بالأخص مادة الجراحة والتشريح,https://khamsat.com/training/medicine-tutoring/2460252-%D8%B4%D8%B1%D8%AD-%D8%A3%D9%89-%D9%85%D8%A7%D8%AF%D8%A9-%D8%B7%D8%A8%D9%8A%D8%A9-%D8%A8%D8%A7%D9%84%D8%A3%D8%AE%D8%B5-%D9%85%D8%A7%D8%AF%D8%A9-%D8%A7%D9%84%D8%AC%D8%B1%D8%A7%D8%AD%D8%A9-%D9%88%D8%A7%D9%84%D8%AA%D8%B4%D8%B1%D9%8A%D8%AD,0.0,0,لم يحسب,0,0,$10.00,يوم واحد,0,0,0.0,.Khaled B,https://khamsat.com/user/dr_khaledbonna,True,بائع نشيط,4.5,3,90.91%,5,4,8 ساعات
تعليم عن بعد,https://khamsat.com/training,شروحات طبية,https://khamsat.com/training/medicine-tutoring,شرح محاضرات المواد التمريضية لطلاب كلية العلوم الصحية,https://khamsat.com/training/medicine-tutoring/2691157-%D8%B4%D8%B1%D8%AD-%D9%85%D8%AD%D8%A7%D8%B6%D8%B1%D8%A7%D8%AA-%D8%A7%D9%84%D9%85%D9%88%D8%A7%D8%AF-%D8%A7%D9%84%D8%AA%D9%85%D8%B1%D9%8A%D8%B6%D9%8A%D8%A9-%D9%84%D8%B7%D9%84%D8%A7%D8%A8-%D9%83%D9%84%D9%8A%D8%A9-%D8%A7%D9%84%D8%B9%D9%84%D9%88%D9%85-%D8%A7%D9%84%D8%B5%D8%AD%D9%8A%D8%A9,0.0,0,لم يحسب,0,0,$5.00,يومين,0,5,80.0,ولاء ا.,https://khamsat.com/user/dr_engy,True,بائع جديد,0.0,0,لم يحسب بعد,2,0,لم يحسب
تعليم عن بعد,https://khamsat.com/training,شروحات طبية,https://khamsat.com/training/medicine-tutoring,تجميع اسئلة Quizlet مع اجوبتها للتدرب عليها لطلاب التمريض,https://khamsat.com/training/medicine-tutoring/2691179-%D8%AA%D8%AC%D9%85%D9%8A%D8%B9-%D8%A7%D8%B3%D8%A6%D9%84%D8%A9-quizlet-%D9%85%D8%B9-%D8%A7%D8%AC%D9%88%D8%A8%D8%AA%D9%87%D8%A7-%D9%84%D9%84%D8%AA%D8%AF%D8%B1%D8%A8-%D8%B9%D9%84%D9%8A%D9%87%D8%A7-%D9%84%D8%B7%D9%84%D8%A7%D8%A8-%D8%A7%D9%84%D8%AA%D9%85%D8%B1%D9%8A%D8%B6,0.0,0,لم يحسب,0,0,$10.00,ثلاثة أيام,0,3,75.0,ولاء ا.,https://khamsat.com/user/dr_engy,True,بائع جديد,0.0,0,لم يحسب بعد,2,0,لم يحسب
تعليم عن بعد,https://khamsat.com/training,شروحات طبية,https://khamsat.com/training/medicine-tutoring,خدمة شرح مواد الطب البشري,https://khamsat.com/training/medicine-tutoring/2625878-%D8%AE%D8%AF%D9%85%D8%A9-%D8%B4%D8%B1%D8%AD-%D9%85%D9%88%D8%A7%D8%AF-%D8%A7%D9%84%D8%B7%D8%A8-%D8%A7%D9%84%D8%A8%D8%B4%D8%B1%D9%8A,0.0,0,لم يحسب,0,0,$5.00,يومين,0,5,45.0,.Musab O,https://khamsat.com/user/musabokasha,True,بائع جديد,0.0,0,لم يحسب بعد,3,0,7 ساعات
تعليم عن بعد,https://khamsat.com/training,شروحات طبية,https://khamsat.com/training/medicine-tutoring,شرح وتبسيط المواد الطبية وعمل ملخصات لاى مادة طبية,https://khamsat.com/training/medicine-tutoring/1969025-%D8%B4%D8%B1%D8%AD-%D9%88%D8%AA%D8%A8%D8%B3%D9%8A%D8%B7-%D8%A7%D9%84%D9%85%D9%88%D8%A7%D8%AF-%D8%A7%D9%84%D8%B7%D8%A8%D9%8A%D8%A9-%D9%88%D8%B9%D9%85%D9%84-%D9%85%D9%84%D8%AE%D8%B5%D8%A7%D8%AA-%D9%84%D8%A7%D9%89-%D9%85%D8%A7%D8%AF%D8%A9-%D8%B7%D8%A8%D9%8A%D8%A9,0.0,0,3 أيام,0,0,$5.00,يوم واحد,0,2,10.0,.Mohamed E,https://khamsat.com/user/dr_mohamedelkomy,True,بائع جديد,0.0,0,0.0%,5,0,يوم
تعليم عن بعد,https://khamsat.com/training,تعلم العلوم,https://khamsat.com/training/learn-science,المساعدة في شرح وتبسيط واجبات الفيزياء والرياضيات,https://khamsat.com/training/learn-science/2948787-%D8%A7%D9%84%D9%85%D8%B3%D8%A7%D8%B9%D8%AF%D8%A9-%D9%81%D9%8A-%D8%B4%D8%B1%D8%AD-%D9%88%D8%AA%D8%A8%D8%B3%D9%8A%D8%B7-%D9%88%D8%A7%D8%AC%D8%A8%D8%A7%D8%AA-%D8%A7%D9%84%D9%81%D9%8A%D8%B2%D9%8A%D8%A7%D8%A1-%D9%88%D8%A7%D9%84%D8%B1%D9%8A%D8%A7%D8%B6%D9%8A%D8%A7%D8%AA,4.5,8,17 دقيقة,11,0,$5.00,يوم واحد,8,3,30.0,سامي ا.,https://khamsat.com/user/samimohammedlafialsh,True,بائع نشيط,4.5,14,100.0%,4,18,7 دقائق
تعليم عن بعد,https://khamsat.com/training,تعلم العلوم,https://khamsat.com/training/learn-science,تدرريس العلوم والأحياء كافة المراحل من الابتدائي إلى الجامعي,https://khamsat.com/training/learn-science/1592962-%D8%AA%D8%AF%D8%B1%D8%B1%D9%8A%D8%B3-%D8%A7%D9%84%D8%B9%D9%84%D9%88%D9%85-%D9%88%D8%A7%D9%84%D8%A3%D8%AD%D9%8A%D8%A7%D8%A1-%D9%83%D8%A7%D9%81%D8%A9-%D8%A7%D9%84%D9%85%D8%B1%D8%A7%D8%AD%D9%84-%D9%85%D9%86-%D8%A7%D9%84%D8%A7%D8%A8%D8%AA%D8%AF%D8%A7%D8%A6%D9%8A-%D8%A5%D9%84%D9%89-%D8%A7%D9%84%D8%AC%D8%A7%D9%85%D8%B9%D9%8A,5.0,4,14 دقيقة,4,0,$5.00,يوم واحد,4,1,40.0,احمد ع.,https://khamsat.com/user/ho953201,True,بائع جديد,5.0,4,100.0%,5,4,3 ساعات
تعليم عن بعد,https://khamsat.com/training,تعلم العلوم,https://khamsat.com/training/learn-science,شرح مواد العلوم السياسيه والاداره والتسويق لطلبه الجامعه,https://khamsat.com/training/learn-science/1295853-%D8%B4%D8%B1%D8%AD-%D9%85%D9%88%D8%A7%D8%AF-%D8%A7%D9%84%D8%B9%D9%84%D9%88%D9%85-%D8%A7%D9%84%D8%B3%D9%8A%D8%A7%D8%B3%D9%8A%D9%87-%D9%88%D8%A7%D9%84%D8%A7%D8%AF%D8%A7%D8%B1%D9%87-%D9%88%D8%A7%D9%84%D8%AA%D8%B3%D9%88%D9%8A%D9%82-%D9%84%D8%B7%D9%84%D8%A8%D9%87-%D8%A7%D9%84%D8%AC%D8%A7%D9%85%D8%B9%D9%87,4.5,14,يوم,15,0,$5.00,يومين,14,4,75.0,.Keroles S,https://khamsat.com/user/keroles3456,True,بائع مميز,4.5,54,81.27%,3,64,5 ساعات
تعليم عن بعد,https://khamsat.com/training,تعلم العلوم,https://khamsat.com/training/learn-science,المساعدة في حل مسائل الفيزياء والكيمياء,https://khamsat.com/training/learn-science/2338567-%D8%A7%D9%84%D9%85%D8%B3%D8%A7%D8%B9%D8%AF%D8%A9-%D9%81%D9%8A-%D8%AD%D9%84-%D9%85%D8%B3%D8%A7%D8%A6%D9%84-%D8%A7%D9%84%D9%81%D9%8A%D8%B2%D9%8A%D8%A7%D8%A1-%D9%88%D8%A7%D9%84%D9%83%D9%8A%D9%85%D9%8A%D8%A7%D8%A1,5.0,5,يومين,9,0,$10.00,يومين,5,3,60.0,محمد ا.,https://khamsat.com/user/abrideone,True,بائع مميز,5.0,19,97.14%,7,26,13 ساعة
تعليم عن بعد,https://khamsat.com/training,تعلم العلوم,https://khamsat.com/training/learn-science,شرح دروس فيزياء والرياضيات و المساعده في فهم و حل واجباتها,https://khamsat.com/training/learn-science/1827193-%D8%B4%D8%B1%D8%AD-%D8%AF%D8%B1%D9%88%D8%B3-%D9%81%D9%8A%D8%B2%D9%8A%D8%A7%D8%A1-%D9%88%D8%A7%D9%84%D8%B1%D9%8A%D8%A7%D8%B6%D9%8A%D8%A7%D8%AA-%D9%88-%D8%A7%D9%84%D9%85%D8%B3%D8%A7%D8%B9%D8%AF%D9%87-%D9%81%D9%8A-%D9%81%D9%87%D9%85-%D9%88-%D8%AD%D9%84-%D9%88%D8%A7%D8%AC%D8%A8%D8%A7%D8%AA%D9%87%D8%A7,5.0,5,7 ساعات,7,0,$5.00,يوم واحد,5,2,25.0,.Ebrahim B,https://khamsat.com/user/ebrahim_borg,True,بائع نشيط,5.0,5,100.0%,3,7,7 ساعات
تعليم عن بعد,https://khamsat.com/training,تعلم العلوم,https://khamsat.com/training/learn-science,حل وشرح مسائل الفيزياء للتعليم الاساسي والجامعي,https://khamsat.com/training/learn-science/1396557-%D8%AD%D9%84-%D9%88%D8%B4%D8%B1%D8%AD-%D9%85%D8%B3%D8%A7%D8%A6%D9%84-%D8%A7%D9%84%D9%81%D9%8A%D8%B2%D9%8A%D8%A7%D8%A1-%D9%84%D9%84%D8%AA%D8%B9%D9%84%D9%8A%D9%85-%D8%A7%D9%84%D8%A7%D8%B3%D8%A7%D8%B3%D9%8A-%D9%88%D8%A7%D9%84%D8%AC%D8%A7%D9%85%D8%B9%D9%8A,5.0,1,52 دقيقة,1,0,$5.00,أسبوع,1,1,10.0,.Ibrahim A,https://khamsat.com/user/ibrahimaziz,True,بائع نشيط,5.0,2,100.0%,2,2,ساعة
تعليم عن بعد,https://khamsat.com/training,تعلم العلوم,https://khamsat.com/training/learn-science,شرح دروس الكمياء للمراحل الجامعية وقبل الجامعية chemistry,https://khamsat.com/training/learn-science/2079947-%D8%B4%D8%B1%D8%AD-%D8%AF%D8%B1%D9%88%D8%B3-%D8%A7%D9%84%D9%83%D9%85%D9%8A%D8%A7%D8%A1-%D9%84%D9%84%D9%85%D8%B1%D8%A7%D8%AD%D9%84-%D8%A7%D9%84%D8%AC%D8%A7%D9%85%D8%B9%D9%8A%D8%A9-%D9%88%D9%82%D8%A8%D9%84-%D8%A7%D9%84%D8%AC%D8%A7%D9%85%D8%B9%D9%8A%D8%A9-chemistry,5.0,1,يوم,3,0,$10.00,يوم واحد,1,3,130.0,.Mohammed A,https://khamsat.com/user/mohammed_attwa,True,بائع جديد,5.0,1,100.0%,2,3,19 ساعة
تعليم عن بعد,https://khamsat.com/training,تعلم العلوم,https://khamsat.com/training/learn-science,تدريس مادة الفيزياء,https://khamsat.com/training/learn-science/1297954-%D8%AA%D8%AF%D8%B1%D9%8A%D8%B3-%D9%85%D8%A7%D8%AF%D8%A9-%D8%A7%D9%84%D9%81%D9%8A%D8%B2%D9%8A%D8%A7%D8%A1,5.0,2,ساعتين,2,0,$10.00,يوم واحد,2,0,0.0,.Abdelrahman A,https://khamsat.com/user/abdelrahman284,True,بائع جديد,5.0,2,66.67%,2,2,ساعتين
تعليم عن بعد,https://khamsat.com/training,تعلم العلوم,https://khamsat.com/training/learn-science,شرح وحل أسئلة مادة الكيمياء لجميع المراحل التعليمية,https://khamsat.com/training/learn-science/2948867-%D8%B4%D8%B1%D8%AD-%D9%88%D8%AD%D9%84-%D8%A3%D8%B3%D8%A6%D9%84%D8%A9-%D9%85%D8%A7%D8%AF%D8%A9-%D8%A7%D9%84%D9%83%D9%8A%D9%85%D9%8A%D8%A7%D8%A1-%D9%84%D8%AC%D9%85%D9%8A%D8%B9-%D8%A7%D9%84%D9%85%D8%B1%D8%A7%D8%AD%D9%84-%D8%A7%D9%84%D8%AA%D8%B9%D9%84%D9%8A%D9%85%D9%8A%D8%A9,4.5,8,4 دقائق,8,0,$5.00,يومين,8,2,15.0,.Mohamed K,https://khamsat.com/user/mohamed_kamel1993,True,بائع مميز,5.0,36,96.92%,5,24,7 دقائق
تعليم عن بعد,https://khamsat.com/training,تعلم العلوم,https://khamsat.com/training/learn-science,شرح وحل الوجبات في الكيمياء والاحياء عربي وانجليزى,https://khamsat.com/training/learn-science/856367-%D8%B4%D8%B1%D8%AD-%D9%88%D8%AD%D9%84-%D8%A7%D9%84%D9%88%D8%AC%D8%A8%D8%A7%D8%AA-%D9%81%D9%8A-%D8%A7%D9%84%D9%83%D9%8A%D9%85%D9%8A%D8%A7%D8%A1-%D9%88%D8%A7%D9%84%D8%A7%D8%AD%D9%8A%D8%A7%D8%A1-%D8%B9%D8%B1%D8%A8%D9%8A-%D9%88%D8%A7%D9%86%D8%AC%D9%84%D9%8A%D8%B2%D9%89,5.0,4,3 دقائق,7,0,$5.00,يوم واحد,4,1,15.0,سعاد ع.,https://khamsat.com/user/%D8%B3%D8%B9%D8%A7%D8%AF-%D9%86%D9%8A%D9%88%D8%AA%D9%86,True,بائع نشيط,5.0,9,85.71%,4,11,5 ساعات
تعليم عن بعد,https://khamsat.com/training,تعلم العلوم,https://khamsat.com/training/learn-science,شرح محاضرات ومسائل لطلبة علوم الحاسب وعلوم البيانات,https://khamsat.com/training/learn-science/2765061-%D8%B4%D8%B1%D8%AD-%D9%85%D8%AD%D8%A7%D8%B6%D8%B1%D8%A7%D8%AA-%D9%88%D9%85%D8%B3%D8%A7%D8%A6%D9%84-%D9%84%D8%B7%D9%84%D8%A8%D8%A9-%D8%B9%D9%84%D9%88%D9%85-%D8%A7%D9%84%D8%AD%D8%A7%D8%B3%D8%A8-%D9%88%D8%B9%D9%84%D9%88%D9%85-%D8%A7%D9%84%D8%A8%D9%8A%D8%A7%D9%86%D8%A7%D8%AA,5.0,1,لم يحسب,1,0,$10.00,أسبوع,1,0,0.0,هبة الله م.,https://khamsat.com/user/hebaallahmoh,True,بائع مميز,4.5,46,98.22%,3,62,5 ساعات
تعليم عن بعد,https://khamsat.com/training,تعلم العلوم,https://khamsat.com/training/learn-science,حل مسائل الفيزياء الطور المتوسط و الثانوي لكل المناهج 5 مسائل,https://khamsat.com/training/learn-science/785656-%D8%AD%D9%84-%D9%85%D8%B3%D8%A7%D8%A6%D9%84-%D8%A7%D9%84%D9%81%D9%8A%D8%B2%D9%8A%D8%A7%D8%A1-%D8%A7%D9%84%D8%B7%D9%88%D8%B1-%D8%A7%D9%84%D9%85%D8%AA%D9%88%D8%B3%D8%B7-%D9%88-%D8%A7%D9%84%D8%AB%D8%A7%D9%86%D9%88%D9%8A-%D9%84%D9%83%D9%84-%D8%A7%D9%84%D9%85%D9%86%D8%A7%D9%87%D8%AC-5-%D9%85%D8%B3%D8%A7%D8%A6%D9%84,5.0,6,5 ساعات,5,0,$5.00,يومين,6,1,5.0,لالة ع.,https://khamsat.com/user/lilou-hope,True,بائع نشيط,5.0,17,97.44%,4,18,7 أيام
تعليم عن بعد,https://khamsat.com/training,تعلم العلوم,https://khamsat.com/training/learn-science,تدريس تحصيلي كيمياء او أحياء المنهج السعودي,https://khamsat.com/training/learn-science/1909957-%D8%AA%D8%AF%D8%B1%D9%8A%D8%B3-%D8%AA%D8%AD%D8%B5%D9%8A%D9%84%D9%8A-%D9%83%D9%8A%D9%85%D9%8A%D8%A7%D8%A1-%D8%A7%D9%88-%D8%A3%D8%AD%D9%8A%D8%A7%D8%A1-%D8%A7%D9%84%D9%85%D9%86%D9%87%D8%AC-%D8%A7%D9%84%D8%B3%D8%B9%D9%88%D8%AF%D9%8A,5.0,1,13 دقيقة,1,0,$5.00,ثلاثة أسابيع,1,4,100.0,مصطفي ع.,https://khamsat.com/user/%D9%85%D8%B5%D8%B7%D9%81%D9%8A-%D8%B9%D8%A8%D8%AF%D9%87-%D8%B9%D8%A8%D8%AF%D8%A7%D9%84%D9%84%D8%B7%D9%8A%D9%81,True,بائع نشيط,3.0,7,92.0%,6,7,8 ساعات
تعليم عن بعد,https://khamsat.com/training,تعلم العلوم,https://khamsat.com/training/learn-science,تدريس مهنج تحصيلي الفيزياء,https://khamsat.com/training/learn-science/1278642-%D8%AA%D8%AF%D8%B1%D9%8A%D8%B3-%D9%85%D9%87%D9%86%D8%AC-%D8%AA%D8%AD%D8%B5%D9%8A%D9%84%D9%8A-%D8%A7%D9%84%D9%81%D9%8A%D8%B2%D9%8A%D8%A7%D8%A1,5.0,1,4 ساعات,1,0,$5.00,ثلاثة أسابيع,1,3,55.0,مصطفي ع.,https://khamsat.com/user/%D9%85%D8%B5%D8%B7%D9%81%D9%8A-%D8%B9%D8%A8%D8%AF%D9%87-%D8%B9%D8%A8%D8%AF%D8%A7%D9%84%D9%84%D8%B7%D9%8A%D9%81,True,بائع نشيط,3.0,7,92.0%,6,7,8 ساعات
تعليم عن بعد,https://khamsat.com/training,تعلم العلوم,https://khamsat.com/training/learn-science,حل مسائل الفيزياء للمراحل ما قبل الجامعى و الجامعى,https://khamsat.com/training/learn-science/1585695-%D8%AD%D9%84-%D9%85%D8%B3%D8%A7%D8%A6%D9%84-%D8%A7%D9%84%D9%81%D9%8A%D8%B2%D9%8A%D8%A7%D8%A1-%D9%84%D9%84%D9%85%D8%B1%D8%A7%D8%AD%D9%84-%D9%85%D8%A7-%D9%82%D8%A8%D9%84-%D8%A7%D9%84%D8%AC%D8%A7%D9%85%D8%B9%D9%89-%D9%88-%D8%A7%D9%84%D8%AC%D8%A7%D9%85%D8%B9%D9%89,5.0,1,يومين,1,0,$5.00,يوم واحد,1,3,40.0,بيومى ع.,https://khamsat.com/user/bayoumi_adel,True,بائع جديد,5.0,4,100.0%,4,4,يومين
تعليم عن بعد,https://khamsat.com/training,تعلم العلوم,https://khamsat.com/training/learn-science,معلم علوم جميع الصفوف وأحياء للصفوف الثانوية الثلاثة,https://khamsat.com/training/learn-science/3029585-%D9%85%D8%B9%D9%84%D9%85-%D8%B9%D9%84%D9%88%D9%85-%D8%AC%D9%85%D9%8A%D8%B9-%D8%A7%D9%84%D8%B5%D9%81%D9%88%D9%81-%D9%88%D8%A3%D8%AD%D9%8A%D8%A7%D8%A1-%D9%84%D9%84%D8%B5%D9%81%D9%88%D9%81-%D8%A7%D9%84%D8%AB%D8%A7%D9%86%D9%88%D9%8A%D8%A9-%D8%A7%D9%84%D8%AB%D9%84%D8%A7%D8%AB%D8%A9,0.0,0,لم يحسب,0,0,$5.00,يوم واحد,0,0,0.0,.Abeer S,https://khamsat.com/user/berosalah1994,True,بائع جديد,0.0,0,لم يحسب بعد,2,0,لم يحسب
تعليم عن بعد,https://khamsat.com/training,تعلم العلوم,https://khamsat.com/training/learn-science,شرح مبسط حلول الإستعداد للواجبات في الفيزياء و الكيمياء,https://khamsat.com/training/learn-science/2965524-%D8%B4%D8%B1%D8%AD-%D9%85%D8%A8%D8%B3%D8%B7-%D8%AD%D9%84%D9%88%D9%84-%D8%A7%D9%84%D8%A5%D8%B3%D8%AA%D8%B9%D8%AF%D8%A7%D8%AF-%D9%84%D9%84%D9%88%D8%A7%D8%AC%D8%A8%D8%A7%D8%AA-%D9%81%D9%8A-%D8%A7%D9%84%D9%81%D9%8A%D8%B2%D9%8A%D8%A7%D8%A1-%D9%88-%D8%A7%D9%84%D9%83%D9%8A%D9%85%D9%8A%D8%A7%D8%A1,0.0,0,لم يحسب,0,0,$5.00,يوم واحد,0,3,30.0,.Mohamed N,https://khamsat.com/user/nahmed_pc_2024,True,بائع جديد,0.0,0,لم يحسب بعد,1,0,لم يحسب
تعليم عن بعد,https://khamsat.com/training,تعلم العلوم,https://khamsat.com/training/learn-science,معلم علوم الكتروني وانشاء العاب تفاعليه تعليميه,https://khamsat.com/training/learn-science/2884563-%D9%85%D8%B9%D9%84%D9%85-%D8%B9%D9%84%D9%88%D9%85-%D8%A7%D9%84%D9%83%D8%AA%D8%B1%D9%88%D9%86%D9%8A-%D9%88%D8%A7%D9%86%D8%B4%D8%A7%D8%A1-%D8%A7%D9%84%D8%B9%D8%A7%D8%A8-%D8%AA%D9%81%D8%A7%D8%B9%D9%84%D9%8A%D9%87-%D8%AA%D8%B9%D9%84%D9%8A%D9%85%D9%8A%D9%87,0.0,0,لم يحسب,0,0,$5.00,يوم واحد,0,0,0.0,.Safaa M,https://khamsat.com/user/safaa93_hfdfujcxcbnj,True,بائع جديد,0.0,0,لم يحسب بعد,1,0,لم يحسب
تعليم عن بعد,https://khamsat.com/training,تعلم العلوم,https://khamsat.com/training/learn-science,حل مسائل كيمياء وفيزياء ورياضيات لطلبة المدارس والجامعات,https://khamsat.com/training/learn-science/2278814-%D8%AD%D9%84-%D9%85%D8%B3%D8%A7%D8%A6%D9%84-%D9%83%D9%8A%D9%85%D9%8A%D8%A7%D8%A1-%D9%88%D9%81%D9%8A%D8%B2%D9%8A%D8%A7%D8%A1-%D9%88%D8%B1%D9%8A%D8%A7%D8%B6%D9%8A%D8%A7%D8%AA-%D9%84%D8%B7%D9%84%D8%A8%D8%A9-%D8%A7%D9%84%D9%85%D8%AF%D8%A7%D8%B1%D8%B3-%D9%88%D8%A7%D9%84%D8%AC%D8%A7%D9%85%D8%B9%D8%A7%D8%AA,0.0,0,لم يحسب,0,0,$5.00,يوم واحد,0,1,5.0,.Ahmed E,https://khamsat.com/user/chemistsherbenye,True,بائع جديد,0.0,0,لم يحسب بعد,5,0,لم يحسب
تعليم عن بعد,https://khamsat.com/training,تعلم العلوم,https://khamsat.com/training/learn-science,مادة الكيمياء للصف الثالث الثانوي لغات منهج مصري,https://khamsat.com/training/learn-science/2924971-%D9%85%D8%A7%D8%AF%D8%A9-%D8%A7%D9%84%D9%83%D9%8A%D9%85%D9%8A%D8%A7%D8%A1-%D9%84%D9%84%D8%B5%D9%81-%D8%A7%D9%84%D8%AB%D8%A7%D9%84%D8%AB-%D8%A7%D9%84%D8%AB%D8%A7%D9%86%D9%88%D9%8A-%D9%84%D8%BA%D8%A7%D8%AA-%D9%85%D9%86%D9%87%D8%AC-%D9%85%D8%B5%D8%B1%D9%8A,0.0,0,لم يحسب,0,0,$5.00,يوم واحد,0,1,45.0,أشرف ع.,https://khamsat.com/user/josooracademy,True,بائع جديد,0.0,0,لم يحسب بعد,5,0,لم يحسب
تعليم عن بعد,https://khamsat.com/training,تعلم العلوم,https://khamsat.com/training/learn-science,اختبار الكتروني لجميع المراحل,https://khamsat.com/training/learn-science/2915039-%D8%A7%D8%AE%D8%AA%D8%A8%D8%A7%D8%B1-%D8%A7%D9%84%D9%83%D8%AA%D8%B1%D9%88%D9%86%D9%8A-%D9%84%D8%AC%D9%85%D9%8A%D8%B9-%D8%A7%D9%84%D9%85%D8%B1%D8%A7%D8%AD%D9%84,0.0,0,لم يحسب,0,0,$5.00,يوم واحد,0,1,10.0,.Mostafa R,https://khamsat.com/user/mostafaradi,True,بائع جديد,5.0,1,لم يحسب بعد,2,0,لم يحسب
تعليم عن بعد,https://khamsat.com/training,تعلم العلوم,https://khamsat.com/training/learn-science,تدريس كيمياء وفيزياء ورياضيات وتأسيس الإبتدائي,https://khamsat.com/training/learn-science/2640420-%D8%AA%D8%AF%D8%B1%D9%8A%D8%B3-%D9%83%D9%8A%D9%85%D9%8A%D8%A7%D8%A1-%D9%88%D9%81%D9%8A%D8%B2%D9%8A%D8%A7%D8%A1-%D9%88%D8%B1%D9%8A%D8%A7%D8%B6%D9%8A%D8%A7%D8%AA-%D9%88%D8%AA%D8%A3%D8%B3%D9%8A%D8%B3-%D8%A7%D9%84%D8%A5%D8%A8%D8%AA%D8%AF%D8%A7%D8%A6%D9%8A,0.0,0,لم يحسب,0,0,$5.00,يومين,0,0,0.0,.Manar A,https://khamsat.com/user/manar2023,False,بائع جديد,0.0,0,لم يحسب بعد,2,0,لم يحسب
تعليم عن بعد,https://khamsat.com/training,تعلم العلوم,https://khamsat.com/training/learn-science,تدريس مواد العلوم والبيولوجي والكيمياء,https://khamsat.com/training/learn-science/3046414-%D8%AA%D8%AF%D8%B1%D9%8A%D8%B3-%D9%85%D9%88%D8%A7%D8%AF-%D8%A7%D9%84%D8%B9%D9%84%D9%88%D9%85-%D9%88%D8%A7%D9%84%D8%A8%D9%8A%D9%88%D9%84%D9%88%D8%AC%D9%8A-%D9%88%D8%A7%D9%84%D9%83%D9%8A%D9%85%D9%8A%D8%A7%D8%A1,0.0,0,لم يحسب,0,0,$5.00,يوم واحد,0,1,5.0,.Somia T,https://khamsat.com/user/somiatahasaeed,True,بائع جديد,0.0,0,لم يحسب بعد,1,0,لم يحسب
تعليم عن بعد,https://khamsat.com/training,تعلم العلوم,https://khamsat.com/training/learn-science,مساعده بحل و شرح مسائل رياضيه و فيزياء هندسيه جميع السنين,https://khamsat.com/training/learn-science/1291248-%D9%85%D8%B3%D8%A7%D8%B9%D8%AF%D9%87-%D8%A8%D8%AD%D9%84-%D9%88-%D8%B4%D8%B1%D8%AD-%D9%85%D8%B3%D8%A7%D8%A6%D9%84-%D8%B1%D9%8A%D8%A7%D8%B6%D9%8A%D9%87-%D9%88-%D9%81%D9%8A%D8%B2%D9%8A%D8%A7%D8%A1-%D9%87%D9%86%D8%AF%D8%B3%D9%8A%D9%87-%D8%AC%D9%85%D9%8A%D8%B9-%D8%A7%D9%84%D8%B3%D9%86%D9%8A%D9%86,5.0,3,يوم,3,0,$5.00,يوم واحد,3,0,0.0,.Mostafa A,https://khamsat.com/user/mostafa_3b_maksoud,True,بائع نشيط,5.0,10,82.14%,5,16,يوم
تعليم عن بعد,https://khamsat.com/training,تعلم العلوم,https://khamsat.com/training/learn-science,تدريس القدرات والتحصيلي - والمناهج السعوديه (فيزياء -كيمياء),https://khamsat.com/training/learn-science/2285975-%D8%AA%D8%AF%D8%B1%D9%8A%D8%B3-%D8%A7%D9%84%D9%82%D8%AF%D8%B1%D8%A7%D8%AA-%D9%88%D8%A7%D9%84%D8%AA%D8%AD%D8%B5%D9%8A%D9%84%D9%8A-%D9%88%D8%A7%D9%84%D9%85%D9%86%D8%A7%D9%87%D8%AC-%D8%A7%D9%84%D8%B3%D8%B9%D9%88%D8%AF%D9%8A%D9%87-%D9%81%D9%8A%D8%B2%D9%8A%D8%A7%D8%A1-%D9%83%D9%8A%D9%85%D9%8A%D8%A7%D8%A1,0.0,0,40 دقيقة,0,0,$5.00,يوم واحد,0,3,50.0,مصطفي ع.,https://khamsat.com/user/%D9%85%D8%B5%D8%B7%D9%81%D9%8A-%D8%B9%D8%A8%D8%AF%D9%87-%D8%B9%D8%A8%D8%AF%D8%A7%D9%84%D9%84%D8%B7%D9%8A%D9%81,True,بائع نشيط,3.0,7,92.0%,6,7,8 ساعات
تعليم عن بعد,https://khamsat.com/training,تعلم العلوم,https://khamsat.com/training/learn-science,حل اسئلة مادتي الاحياء و الكيمياء,https://khamsat.com/training/learn-science/1101384-%D8%AD%D9%84-%D8%A7%D8%B3%D8%A6%D9%84%D8%A9-%D9%85%D8%A7%D8%AF%D8%AA%D9%8A-%D8%A7%D9%84%D8%A7%D8%AD%D9%8A%D8%A7%D8%A1-%D9%88-%D8%A7%D9%84%D9%83%D9%8A%D9%85%D9%8A%D8%A7%D8%A1,0.0,0,يوم,0,0,$5.00,يوم واحد,0,0,0.0,محمد عادل ف.,https://khamsat.com/user/mohammad_123,False,بائع جديد,0.0,0,لم يحسب بعد,2,0,17 ساعة
تعليم عن بعد,https://khamsat.com/training,تعلم العلوم,https://khamsat.com/training/learn-science,تدريس مواد العلوم والكيمياء,https://khamsat.com/training/learn-science/2987929-%D8%AA%D8%AF%D8%B1%D9%8A%D8%B3-%D9%85%D9%88%D8%A7%D8%AF-%D8%A7%D9%84%D8%B9%D9%84%D9%88%D9%85-%D9%88%D8%A7%D9%84%D9%83%D9%8A%D9%85%D9%8A%D8%A7%D8%A1,0.0,0,لم يحسب,0,0,$5.00,يومين,0,0,0.0,ولاء ص.,https://khamsat.com/user/walaa592,True,بائع جديد,0.0,0,لم يحسب بعد,1,0,لم يحسب
تعليم عن بعد,https://khamsat.com/training,تعلم العلوم,https://khamsat.com/training/learn-science,دراسة التاريخ صعبة ومملة إليك الحل معي,https://khamsat.com/training/learn-science/3006072-%D8%AF%D8%B1%D8%A7%D8%B3%D8%A9-%D8%A7%D9%84%D8%AA%D8%A7%D8%B1%D9%8A%D8%AE-%D8%B5%D8%B9%D8%A8%D8%A9-%D9%88%D9%85%D9%85%D9%84%D8%A9-%D8%A5%D9%84%D9%8A%D9%83-%D8%A7%D9%84%D8%AD%D9%84-%D9%85%D8%B9%D9%8A,0.0,0,لم يحسب,0,0,$5.00,أسبوع,0,0,0.0,رويدة ن.,https://khamsat.com/user/rowaida_na_25,True,بائع جديد,0.0,0,لم يحسب بعد,5,0,لم يحسب
تعليم عن بعد,https://khamsat.com/training,تعلم العلوم,https://khamsat.com/training/learn-science,حل اسئله الكيمياء العضويه والتحليلية,https://khamsat.com/training/learn-science/2280011-%D8%AD%D9%84-%D8%A7%D8%B3%D8%A6%D9%84%D9%87-%D8%A7%D9%84%D9%83%D9%8A%D9%85%D9%8A%D8%A7%D8%A1-%D8%A7%D9%84%D8%B9%D8%B6%D9%88%D9%8A%D9%87-%D9%88%D8%A7%D9%84%D8%AA%D8%AD%D9%84%D9%8A%D9%84%D9%8A%D8%A9,0.0,0,لم يحسب,0,0,$5.00,يوم واحد,0,1,5.0,.Ahmed E,https://khamsat.com/user/chemistsherbenye,True,بائع جديد,0.0,0,لم يحسب بعد,5,0,لم يحسب
تعليم عن بعد,https://khamsat.com/training,تعلم العلوم,https://khamsat.com/training/learn-science,شرح مادة العلوم للمرحلة الابتدائية والإعدادية,https://khamsat.com/training/learn-science/1901590-%D8%B4%D8%B1%D8%AD-%D9%85%D8%A7%D8%AF%D8%A9-%D8%A7%D9%84%D8%B9%D9%84%D9%88%D9%85-%D9%84%D9%84%D9%85%D8%B1%D8%AD%D9%84%D8%A9-%D8%A7%D9%84%D8%A7%D8%A8%D8%AA%D8%AF%D8%A7%D8%A6%D9%8A%D8%A9-%D9%88%D8%A7%D9%84%D8%A5%D8%B9%D8%AF%D8%A7%D8%AF%D9%8A%D8%A9,0.0,0,لم يحسب,0,0,$5.00,يوم واحد,0,0,0.0,.Sara M,https://khamsat.com/user/sara11_22,True,بائع جديد,0.0,0,لم يحسب بعد,3,0,لم يحسب
تعليم عن بعد,https://khamsat.com/training,تعلم المحاسبة,https://khamsat.com/training/learn-accounting,تدريب عملي ساعة واحدة اونلاين بالمحاسبة المالية,https://khamsat.com/training/learn-accounting/1819051-%D8%AA%D8%AF%D8%B1%D9%8A%D8%A8-%D8%B9%D9%85%D9%84%D9%8A-%D8%B3%D8%A7%D8%B9%D8%A9-%D9%88%D8%A7%D8%AD%D8%AF%D8%A9-%D8%A7%D9%88%D9%86%D9%84%D8%A7%D9%8A%D9%86-%D8%A8%D8%A7%D9%84%D9%85%D8%AD%D8%A7%D8%B3%D8%A8%D8%A9-%D8%A7%D9%84%D9%85%D8%A7%D9%84%D9%8A%D8%A9,5.0,6,7 ساعات,7,0,$10.00,أسبوع,6,3,190.0,.Akram M,https://khamsat.com/user/acc_akram_mamdouh,True,بائع نشيط,5.0,10,95.83%,3,10,3 ساعات
تعليم عن بعد,https://khamsat.com/training,تعلم المحاسبة,https://khamsat.com/training/learn-accounting,شرح مسألة في التحليل الكمي في مجال إدارة الأعمال,https://khamsat.com/training/learn-accounting/2311868-%D8%B4%D8%B1%D8%AD-%D9%85%D8%B3%D8%A3%D9%84%D8%A9-%D9%81%D9%8A-%D8%A7%D9%84%D8%AA%D8%AD%D9%84%D9%8A%D9%84-%D8%A7%D9%84%D9%83%D9%85%D9%8A-%D9%81%D9%8A-%D9%85%D8%AC%D8%A7%D9%84-%D8%A5%D8%AF%D8%A7%D8%B1%D8%A9-%D8%A7%D9%84%D8%A3%D8%B9%D9%85%D8%A7%D9%84,4.5,8,3 دقائق,9,0,$25.00,ثلاثة أيام,8,1,10.0,.Lina Bassam S,https://khamsat.com/user/dr_lina2usa,True,بائع مميز,5.0,52,92.95%,9,52,5 ساعات
تعليم عن بعد,https://khamsat.com/training,تعلم المحاسبة,https://khamsat.com/training/learn-accounting,شرح برنامج ZOHO BOOKS المحاسبي,https://khamsat.com/training/learn-accounting/1648106-%D8%B4%D8%B1%D8%AD-%D8%A8%D8%B1%D9%86%D8%A7%D9%85%D8%AC-zoho-books-%D8%A7%D9%84%D9%85%D8%AD%D8%A7%D8%B3%D8%A8%D9%8A,5.0,13,24 دقيقة,15,0,$10.00,يومين,13,5,240.0,.Ahmed Hazem A,https://khamsat.com/user/ahmedhzb,True,بائع مميز,5.0,21,100.0%,4,19,7 ساعات
تعليم عن بعد,https://khamsat.com/training,تعلم المحاسبة,https://khamsat.com/training/learn-accounting,أساعدك في حل تمارين وواجبات المحاسبة المالية مع الشرح,https://khamsat.com/training/learn-accounting/3007937-%D8%A3%D8%B3%D8%A7%D8%B9%D8%AF%D9%83-%D9%81%D9%8A-%D8%AD%D9%84-%D8%AA%D9%85%D8%A7%D8%B1%D9%8A%D9%86-%D9%88%D9%88%D8%A7%D8%AC%D8%A8%D8%A7%D8%AA-%D8%A7%D9%84%D9%85%D8%AD%D8%A7%D8%B3%D8%A8%D8%A9-%D8%A7%D9%84%D9%85%D8%A7%D9%84%D9%8A%D8%A9-%D9%85%D8%B9-%D8%A7%D9%84%D8%B4%D8%B1%D8%AD,5.0,1,دقيقة,1,0,$5.00,يوم واحد,1,2,20.0,.Sayed M,https://khamsat.com/user/sayed_moursy,True,بائع جديد,5.0,1,100.0%,1,1,دقيقة
تعليم عن بعد,https://khamsat.com/training,تعلم المحاسبة,https://khamsat.com/training/learn-accounting,كورس اصنع برنامجك المحاسبي بنفسك بـ Excel و VBA,https://khamsat.com/training/learn-accounting/2781632-%D9%83%D9%88%D8%B1%D8%B3-%D8%A7%D8%B5%D9%86%D8%B9-%D8%A8%D8%B1%D9%86%D8%A7%D9%85%D8%AC%D9%83-%D8%A7%D9%84%D9%85%D8%AD%D8%A7%D8%B3%D8%A8%D9%8A-%D8%A8%D9%86%D9%81%D8%B3%D9%83-%D8%A8%D9%80-excel-%D9%88-vba,4.0,1,لم يحسب,1,0,$50.00,أسبوعين,1,0,0.0,سيد ح.,https://khamsat.com/user/sayedsoftware,True,بائع مميز,5.0,24,96.88%,6,34,ساعتين
تعليم عن بعد,https://khamsat.com/training,تعلم المحاسبة,https://khamsat.com/training/learn-accounting,حل واجبات وتمارين مادتي مبادئ المحاسبة 1 ومبادئ المحاسبة 2,https://khamsat.com/training/learn-accounting/1797953-%D8%AD%D9%84-%D9%88%D8%A7%D8%AC%D8%A8%D8%A7%D8%AA-%D9%88%D8%AA%D9%85%D8%A7%D8%B1%D9%8A%D9%86-%D9%85%D8%A7%D8%AF%D8%AA%D9%8A-%D9%85%D8%A8%D8%A7%D8%AF%D8%A6-%D8%A7%D9%84%D9%85%D8%AD%D8%A7%D8%B3%D8%A8%D8%A9-1-%D9%88%D9%85%D8%A8%D8%A7%D8%AF%D8%A6-%D8%A7%D9%84%D9%85%D8%AD%D8%A7%D8%B3%D8%A8%D8%A9-2,4.0,4,23 ساعة,3,0,$5.00,يوم واحد,4,2,15.0,.Rawan N,https://khamsat.com/user/rawanhelmy,True,بائع جديد,4.0,4,72.73%,5,3,5 ساعات
تعليم عن بعد,https://khamsat.com/training,تعلم المحاسبة,https://khamsat.com/training/learn-accounting,ساجيبك عن 3 اسئلة متعلقة ببرنامج quickbooks online المحاسبي,https://khamsat.com/training/learn-accounting/1511325-%D8%B3%D8%A7%D8%AC%D9%8A%D8%A8%D9%83-%D8%B9%D9%86-3-%D8%A7%D8%B3%D8%A6%D9%84%D8%A9-%D9%85%D8%AA%D8%B9%D9%84%D9%82%D8%A9-%D8%A8%D8%A8%D8%B1%D9%86%D8%A7%D9%85%D8%AC-quickbooks-online-%D8%A7%D9%84%D9%85%D8%AD%D8%A7%D8%B3%D8%A8%D9%8A,5.0,4,ساعة,4,0,$5.00,يوم واحد,4,0,0.0,.Mohamed A,https://khamsat.com/user/mrayyes,True,بائع نشيط,5.0,18,82.35%,5,13,6 ساعات
تعليم عن بعد,https://khamsat.com/training,تعلم المحاسبة,https://khamsat.com/training/learn-accounting,حقيبه المحاسب المتكامله,https://khamsat.com/training/learn-accounting/1330566-%D8%AD%D9%82%D9%8A%D8%A8%D9%87-%D8%A7%D9%84%D9%85%D8%AD%D8%A7%D8%B3%D8%A8-%D8%A7%D9%84%D9%85%D8%AA%D9%83%D8%A7%D9%85%D9%84%D9%87,5.0,12,ساعتين,28,0,$5.00,يوم واحد,12,0,0.0,عمرو ش.,https://khamsat.com/user/amrshaaban23,True,بائع مميز,4.5,289,82.88%,21,516,8 ساعات
تعليم عن بعد,https://khamsat.com/training,تعلم المحاسبة,https://khamsat.com/training/learn-accounting,Oracle Financial Course - كورس لتعليم اوراكل شعبه محاسبه,https://khamsat.com/training/learn-accounting/2295363-oracle-financial-course-%D9%83%D9%88%D8%B1%D8%B3-%D9%84%D8%AA%D8%B9%D9%84%D9%8A%D9%85-%D8%A7%D9%88%D8%B1%D8%A7%D9%83%D9%84-%D8%B4%D8%B9%D8%A8%D9%87-%D9%85%D8%AD%D8%A7%D8%B3%D8%A8%D9%87,0.0,0,4 ساعات,2,0,$10.00,شهر,0,2,30.0,محمود ر.,https://khamsat.com/user/melshafey24,True,بائع جديد,0.0,0,100.0%,2,2,12 ساعة
تعليم عن بعد,https://khamsat.com/training,تعلم المحاسبة,https://khamsat.com/training/learn-accounting,دورات محاسبية والمساعدة في حل المسائل والواجبات,https://khamsat.com/training/learn-accounting/3028801-%D8%AF%D9%88%D8%B1%D8%A7%D8%AA-%D9%85%D8%AD%D8%A7%D8%B3%D8%A8%D9%8A%D8%A9-%D9%88%D8%A7%D9%84%D9%85%D8%B3%D8%A7%D8%B9%D8%AF%D8%A9-%D9%81%D9%8A-%D8%AD%D9%84-%D8%A7%D9%84%D9%85%D8%B3%D8%A7%D8%A6%D9%84-%D9%88%D8%A7%D9%84%D9%88%D8%A7%D8%AC%D8%A8%D8%A7%D8%AA,0.0,0,لم يحسب,0,0,$5.00,يومين,0,1,10.0,مازن ي.,https://khamsat.com/user/mazen_90,True,بائع جديد,0.0,0,لم يحسب بعد,2,0,لم يحسب
تعليم عن بعد,https://khamsat.com/training,تعلم المحاسبة,https://khamsat.com/training/learn-accounting,تعلم برنامج Odoo من الصفر إلى الاحتراف دروس شخصية وفعّالة,https://khamsat.com/training/learn-accounting/2798164-%D8%AA%D8%B9%D9%84%D9%85-%D8%A8%D8%B1%D9%86%D8%A7%D9%85%D8%AC-odoo-%D9%85%D9%86-%D8%A7%D9%84%D8%B5%D9%81%D8%B1-%D8%A5%D9%84%D9%89-%D8%A7%D9%84%D8%A7%D8%AD%D8%AA%D8%B1%D8%A7%D9%81-%D8%AF%D8%B1%D9%88%D8%B3-%D8%B4%D8%AE%D8%B5%D9%8A%D8%A9-%D9%88%D9%81%D8%B9%D8%A7%D9%84%D8%A9,0.0,0,لم يحسب,0,0,$10.00,يوم واحد,0,4,230.0,.Saif Eldin A,https://khamsat.com/user/saif-nasr-ali,True,بائع جديد,0.0,0,لم يحسب بعد,2,0,لم يحسب
تعليم عن بعد,https://khamsat.com/training,تعلم المحاسبة,https://khamsat.com/training/learn-accounting,المساعدة وشرح المحاسبة للمبتدئين,https://khamsat.com/training/learn-accounting/1532721-%D8%A7%D9%84%D9%85%D8%B3%D8%A7%D8%B9%D8%AF%D8%A9-%D9%88%D8%B4%D8%B1%D8%AD-%D8%A7%D9%84%D9%85%D8%AD%D8%A7%D8%B3%D8%A8%D8%A9-%D9%84%D9%84%D9%85%D8%A8%D8%AA%D8%AF%D8%A6%D9%8A%D9%86,5.0,8,ساعة,9,0,$5.00,يوم واحد,8,2,30.0,.Mohamed A,https://khamsat.com/user/mrayyes,True,بائع نشيط,5.0,18,82.35%,5,13,6 ساعات
تعليم عن بعد,https://khamsat.com/training,تعلم المحاسبة,https://khamsat.com/training/learn-accounting,شرح مواد ومشاريع بحوث دارسة MBA,https://khamsat.com/training/learn-accounting/2748876-%D8%B4%D8%B1%D8%AD-%D9%85%D9%88%D8%A7%D8%AF-%D9%88%D9%85%D8%B4%D8%A7%D8%B1%D9%8A%D8%B9-%D8%A8%D8%AD%D9%88%D8%AB-%D8%AF%D8%A7%D8%B1%D8%B3%D8%A9-mba,5.0,1,16 دقيقة,1,0,$10.00,ثلاثة أيام,1,0,0.0,.Emad I,https://khamsat.com/user/emad_consultant,True,بائع جديد,5.0,1,100.0%,1,1,16 دقيقة
تعليم عن بعد,https://khamsat.com/training,تعلم المحاسبة,https://khamsat.com/training/learn-accounting,اساعدك في تعلم و فهم أساسيات المحاسبة,https://khamsat.com/training/learn-accounting/2992810-%D8%A7%D8%B3%D8%A7%D8%B9%D8%AF%D9%83-%D9%81%D9%8A-%D8%AA%D8%B9%D9%84%D9%85-%D9%88-%D9%81%D9%87%D9%85-%D8%A3%D8%B3%D8%A7%D8%B3%D9%8A%D8%A7%D8%AA-%D8%A7%D9%84%D9%85%D8%AD%D8%A7%D8%B3%D8%A8%D8%A9,0.0,0,لم يحسب,0,0,$10.00,يوم واحد,0,0,0.0,.Accfin A,https://khamsat.com/user/accfin_academy,False,بائع جديد,0.0,0,لم يحسب بعد,1,0,لم يحسب
تعليم عن بعد,https://khamsat.com/training,تعلم المحاسبة,https://khamsat.com/training/learn-accounting,مساعدتك وشرح محاسبة باللغة العربية /الانجليزية,https://khamsat.com/training/learn-accounting/2677241-%D9%85%D8%B3%D8%A7%D8%B9%D8%AF%D8%AA%D9%83-%D9%88%D8%B4%D8%B1%D8%AD-%D9%85%D8%AD%D8%A7%D8%B3%D8%A8%D8%A9-%D8%A8%D8%A7%D9%84%D9%84%D8%BA%D8%A9-%D8%A7%D9%84%D8%B9%D8%B1%D8%A8%D9%8A%D8%A9-%D8%A7%D9%84%D8%A7%D9%86%D8%AC%D9%84%D9%8A%D8%B2%D9%8A%D8%A9,0.0,0,لم يحسب,0,0,$5.00,يوم واحد,0,0,0.0,كيرلس ح.,https://khamsat.com/user/kero_hanna2022,True,بائع جديد,0.0,0,لم يحسب بعد,3,0,7 ساعات
تعليم عن بعد,https://khamsat.com/training,تعلم المحاسبة,https://khamsat.com/training/learn-accounting,تعليم عن بعد لتحليل البيانات,https://khamsat.com/training/learn-accounting/3025667-%D8%AA%D8%B9%D9%84%D9%8A%D9%85-%D8%B9%D9%86-%D8%A8%D8%B9%D8%AF-%D9%84%D8%AA%D8%AD%D9%84%D9%8A%D9%84-%D8%A7%D9%84%D8%A8%D9%8A%D8%A7%D9%86%D8%A7%D8%AA,0.0,0,لم يحسب,0,0,$10.00,خمسة أيام,0,0,0.0,.Hadi H,https://khamsat.com/user/hadi_hebat,True,بائع جديد,0.0,0,لم يحسب بعد,1,0,لم يحسب
تعليم عن بعد,https://khamsat.com/training,تعلم المحاسبة,https://khamsat.com/training/learn-accounting,استخدام الاكسيل فى المحاسبة,https://khamsat.com/training/learn-accounting/2060854-%D8%A7%D8%B3%D8%AA%D8%AE%D8%AF%D8%A7%D9%85-%D8%A7%D9%84%D8%A7%D9%83%D8%B3%D9%8A%D9%84-%D9%81%D9%89-%D8%A7%D9%84%D9%85%D8%AD%D8%A7%D8%B3%D8%A8%D8%A9,0.0,0,16 دقيقة,2,0,$5.00,يوم واحد,0,4,110.0,.Mahmoud G,https://khamsat.com/user/acc_mahmoud_galal,True,بائع مميز,5.0,33,99.0%,7,43,12 ساعة
تعليم عن بعد,https://khamsat.com/training,تعلم المحاسبة,https://khamsat.com/training/learn-accounting,خدمة التعليم عن بعد في المحاسبة,https://khamsat.com/training/learn-accounting/2737947-%D8%AE%D8%AF%D9%85%D8%A9-%D8%A7%D9%84%D8%AA%D8%B9%D9%84%D9%8A%D9%85-%D8%B9%D9%86-%D8%A8%D8%B9%D8%AF-%D9%81%D9%8A-%D8%A7%D9%84%D9%85%D8%AD%D8%A7%D8%B3%D8%A8%D8%A9,0.0,0,لم يحسب,0,0,$5.00,يوم واحد,0,5,25.0,.Shaimaa A,https://khamsat.com/user/shaimaa_amin82,True,بائع جديد,0.0,0,لم يحسب بعد,5,0,لم يحسب
تعليم عن بعد,https://khamsat.com/training,تعلم المحاسبة,https://khamsat.com/training/learn-accounting,سأعلمك اساسيات المحاسبة وآلية اعداد القوائم والتقاريرالمالية,https://khamsat.com/training/learn-accounting/1908971-%D8%B3%D8%A3%D8%B9%D9%84%D9%85%D9%83-%D8%A7%D8%B3%D8%A7%D8%B3%D9%8A%D8%A7%D8%AA-%D8%A7%D9%84%D9%85%D8%AD%D8%A7%D8%B3%D8%A8%D8%A9-%D9%88%D8%A2%D9%84%D9%8A%D8%A9-%D8%A7%D8%B9%D8%AF%D8%A7%D8%AF-%D8%A7%D9%84%D9%82%D9%88%D8%A7%D8%A6%D9%85-%D9%88%D8%A7%D9%84%D8%AA%D9%82%D8%A7%D8%B1%D9%8A%D8%B1%D8%A7%D9%84%D9%85%D8%A7%D9%84%D9%8A%D8%A9,5.0,4,30 دقيقة,4,0,$35.00,يوم واحد,4,1,100.0,اسماعيل ك.,https://khamsat.com/user/ismail-kab,True,بائع موثوق,4.5,103,93.92%,10,109,4 ساعات
تعليم عن بعد,https://khamsat.com/training,تعلم المحاسبة,https://khamsat.com/training/learn-accounting,التدريب على اي برنامج محاسبي اون لاين (QuickBooks Xero Zoho),https://khamsat.com/training/learn-accounting/1868707-%D8%A7%D9%84%D8%AA%D8%AF%D8%B1%D9%8A%D8%A8-%D8%B9%D9%84%D9%89-%D8%A7%D9%8A-%D8%A8%D8%B1%D9%86%D8%A7%D9%85%D8%AC-%D9%85%D8%AD%D8%A7%D8%B3%D8%A8%D9%8A-%D8%A7%D9%88%D9%86-%D9%84%D8%A7%D9%8A%D9%86-quickbooks-xero-zoho,5.0,2,43 دقيقة,1,0,$5.00,شهر,2,1,100.0,.Mohamed A,https://khamsat.com/user/mrayyes,True,بائع نشيط,5.0,18,82.35%,5,13,6 ساعات
تعليم عن بعد,https://khamsat.com/training,تعلم المحاسبة,https://khamsat.com/training/learn-accounting,نقدم لكم مساعدة في حل و شرح مسائل المحاسبة,https://khamsat.com/training/learn-accounting/2023771-%D9%86%D9%82%D8%AF%D9%85-%D9%84%D9%83%D9%85-%D9%85%D8%B3%D8%A7%D8%B9%D8%AF%D8%A9-%D9%81%D9%8A-%D8%AD%D9%84-%D9%88-%D8%B4%D8%B1%D8%AD-%D9%85%D8%B3%D8%A7%D8%A6%D9%84-%D8%A7%D9%84%D9%85%D8%AD%D8%A7%D8%B3%D8%A8%D8%A9,5.0,9,أقل من دقيقة,10,0,$5.00,يوم واحد,9,0,0.0,.Mohammad A,https://khamsat.com/user/batoulqassem,True,بائع مميز,5.0,25,79.07%,12,30,11 ساعة
تعليم عن بعد,https://khamsat.com/training,تعلم المحاسبة,https://khamsat.com/training/learn-accounting,دليلك لتعلم الادارة المالية والتحليل المالي للمنشأت الصغيرة,https://khamsat.com/training/learn-accounting/2233507-%D8%AF%D9%84%D9%8A%D9%84%D9%83-%D9%84%D8%AA%D8%B9%D9%84%D9%85-%D8%A7%D9%84%D8%A7%D8%AF%D8%A7%D8%B1%D8%A9-%D8%A7%D9%84%D9%85%D8%A7%D9%84%D9%8A%D8%A9-%D9%88%D8%A7%D9%84%D8%AA%D8%AD%D9%84%D9%8A%D9%84-%D8%A7%D9%84%D9%85%D8%A7%D9%84%D9%8A-%D9%84%D9%84%D9%85%D9%86%D8%B4%D8%A3%D8%AA-%D8%A7%D9%84%D8%B5%D8%BA%D9%8A%D8%B1%D8%A9,0.0,0,لم يحسب,0,0,$15.00,يوم واحد,0,1,40.0,اسماعيل ك.,https://khamsat.com/user/ismail-kab,True,بائع موثوق,4.5,103,93.92%,10,109,4 ساعات
تعليم عن بعد,https://khamsat.com/training,تعلم المحاسبة,https://khamsat.com/training/learn-accounting,دورة في مبادئ المحاسبة ( المبادئ المحاسبية المقبولة عموما ),https://khamsat.com/training/learn-accounting/2055118-%D8%AF%D9%88%D8%B1%D8%A9-%D9%81%D9%8A-%D9%85%D8%A8%D8%A7%D8%AF%D8%A6-%D8%A7%D9%84%D9%85%D8%AD%D8%A7%D8%B3%D8%A8%D8%A9-%D8%A7%D9%84%D9%85%D8%A8%D8%A7%D8%AF%D8%A6-%D8%A7%D9%84%D9%85%D8%AD%D8%A7%D8%B3%D8%A8%D9%8A%D8%A9-%D8%A7%D9%84%D9%85%D9%82%D8%A8%D9%88%D9%84%D8%A9-%D8%B9%D9%85%D9%88%D9%85%D8%A7,5.0,1,20 دقيقة,2,0,$10.00,يوم واحد,1,0,0.0,.Mohammad A,https://khamsat.com/user/batoulqassem,True,بائع مميز,5.0,25,79.07%,12,30,11 ساعة
تعليم عن بعد,https://khamsat.com/training,تعلم المحاسبة,https://khamsat.com/training/learn-accounting,دورة في مبادئ المحاسبة المبادئ المحاسبية المقبولة عموما,https://khamsat.com/training/learn-accounting/2733733-%D8%AF%D9%88%D8%B1%D8%A9-%D9%81%D9%8A-%D9%85%D8%A8%D8%A7%D8%AF%D8%A6-%D8%A7%D9%84%D9%85%D8%AD%D8%A7%D8%B3%D8%A8%D8%A9-%D8%A7%D9%84%D9%85%D8%A8%D8%A7%D8%AF%D8%A6-%D8%A7%D9%84%D9%85%D8%AD%D8%A7%D8%B3%D8%A8%D9%8A%D8%A9-%D8%A7%D9%84%D9%85%D9%82%D8%A8%D9%88%D9%84%D8%A9-%D8%B9%D9%85%D9%88%D9%85%D8%A7,0.0,0,دقيقتين,0,1,$10.00,يومين,0,1,5.0,.Najwa A,https://khamsat.com/user/naj_3,True,بائع جديد,0.0,0,لم يحسب بعد,1,0,دقيقتين
تعليم عن بعد,https://khamsat.com/training,تعلم المحاسبة,https://khamsat.com/training/learn-accounting,دورة في المحاسبة الإدارية,https://khamsat.com/training/learn-accounting/2454255-%D8%AF%D9%88%D8%B1%D8%A9-%D9%81%D9%8A-%D8%A7%D9%84%D9%85%D8%AD%D8%A7%D8%B3%D8%A8%D8%A9-%D8%A7%D9%84%D8%A5%D8%AF%D8%A7%D8%B1%D9%8A%D8%A9,5.0,1,29 دقيقة,1,0,$20.00,يوم واحد,1,0,0.0,.Mohammad A,https://khamsat.com/user/batoulqassem,True,بائع مميز,5.0,25,79.07%,12,30,11 ساعة
تعليم عن بعد,https://khamsat.com/training,تعلم المحاسبة,https://khamsat.com/training/learn-accounting,كورس للتدريب علي اودو المحاسبي مع شهادة معتمدة Odoo Course,https://khamsat.com/training/learn-accounting/3021427-%D9%83%D9%88%D8%B1%D8%B3-%D9%84%D9%84%D8%AA%D8%AF%D8%B1%D9%8A%D8%A8-%D8%B9%D9%84%D9%8A-%D8%A7%D9%88%D8%AF%D9%88-%D8%A7%D9%84%D9%85%D8%AD%D8%A7%D8%B3%D8%A8%D9%8A-%D9%85%D8%B9-%D8%B4%D9%87%D8%A7%D8%AF%D8%A9-%D9%85%D8%B9%D8%AA%D9%85%D8%AF%D8%A9-odoo-course,0.0,0,لم يحسب,0,0,$45.00,يوم واحد,0,0,0.0,اسلام ا.,https://khamsat.com/user/eslam1001a,True,بائع مميز,4.5,64,90.71%,5,104,يوم
تعليم عن بعد,https://khamsat.com/training,تعلم المحاسبة,https://khamsat.com/training/learn-accounting,مشروع عملى للدورة المحاسبية كاملة,https://khamsat.com/training/learn-accounting/1246864-%D9%85%D8%B4%D8%B1%D9%88%D8%B9-%D8%B9%D9%85%D9%84%D9%89-%D9%84%D9%84%D8%AF%D9%88%D8%B1%D8%A9-%D8%A7%D9%84%D9%85%D8%AD%D8%A7%D8%B3%D8%A8%D9%8A%D8%A9-%D9%83%D8%A7%D9%85%D9%84%D8%A9,5.0,2,4 أيام,5,0,$5.00,يوم واحد,2,2,55.0,.Ahmed G,https://khamsat.com/user/%D8%A7%D8%AD%D9%85%D8%AF-%D8%AC%D9%85%D8%A7%D9%84-2222,True,بائع مميز,5.0,69,96.12%,7,83,4 أيام
تعليم عن بعد,https://khamsat.com/training,تعلم القرآن الكريم,https://khamsat.com/training/quran,حلقة خاصة بتعليم أحكام التجويد بطريقه سهلة وبسيطه,https://khamsat.com/training/quran/3039129-%D8%AD%D9%84%D9%82%D8%A9-%D8%AE%D8%A7%D8%B5%D8%A9-%D8%A8%D8%AA%D8%B9%D9%84%D9%8A%D9%85-%D8%A3%D8%AD%D9%83%D8%A7%D9%85-%D8%A7%D9%84%D8%AA%D8%AC%D9%88%D9%8A%D8%AF-%D8%A8%D8%B7%D8%B1%D9%8A%D9%82%D9%87-%D8%B3%D9%87%D9%84%D8%A9-%D9%88%D8%A8%D8%B3%D9%8A%D8%B7%D9%87,5.0,1,لم يحسب,1,0,$5.00,يوم واحد,1,0,0.0,مبروكة ا.,https://khamsat.com/user/abeer_332,True,بائع جديد,5.0,1,100.0%,3,1,لم يحسب
تعليم عن بعد,https://khamsat.com/training,تعلم القرآن الكريم,https://khamsat.com/training/quran,تحفيظ وشرح أحكام التجويد النظرية مع التطبيق عملياً,https://khamsat.com/training/quran/2285247-%D8%AA%D8%AD%D9%81%D9%8A%D8%B8-%D9%88%D8%B4%D8%B1%D8%AD-%D8%A3%D8%AD%D9%83%D8%A7%D9%85-%D8%A7%D9%84%D8%AA%D8%AC%D9%88%D9%8A%D8%AF-%D8%A7%D9%84%D9%86%D8%B8%D8%B1%D9%8A%D8%A9-%D9%85%D8%B9-%D8%A7%D9%84%D8%AA%D8%B7%D8%A8%D9%8A%D9%82-%D8%B9%D9%85%D9%84%D9%8A%D8%A7,5.0,2,15 دقيقة,3,0,$5.00,يوم واحد,2,0,0.0,.Abtsam G,https://khamsat.com/user/abtsamgalaga,True,بائع نشيط,5.0,2,100.0%,2,3,18 ساعة
تعليم عن بعد,https://khamsat.com/training,تعلم القرآن الكريم,https://khamsat.com/training/quran,تحفيظ قرآن برواية و اقرائه,https://khamsat.com/training/quran/2980077-%D8%AA%D8%AD%D9%81%D9%8A%D8%B8-%D9%82%D8%B1%D8%A2%D9%86-%D8%A8%D8%B1%D9%88%D8%A7%D9%8A%D8%A9-%D9%88-%D8%A7%D9%82%D8%B1%D8%A7%D8%A6%D9%87,5.0,1,3 ساعات,1,0,$5.00,يوم واحد,1,3,125.0,.Mohamed B,https://khamsat.com/user/elhafid12,False,بائع جديد,5.0,1,100.0%,1,1,3 ساعات
تعليم عن بعد,https://khamsat.com/training,تعلم القرآن الكريم,https://khamsat.com/training/quran,تحفيظ القرآن الكريم مع تدبر الآيات والتجويد للنساء والأطفال,https://khamsat.com/training/quran/2814949-%D8%AA%D8%AD%D9%81%D9%8A%D8%B8-%D8%A7%D9%84%D9%82%D8%B1%D8%A2%D9%86-%D8%A7%D9%84%D9%83%D8%B1%D9%8A%D9%85-%D9%85%D8%B9-%D8%AA%D8%AF%D8%A8%D8%B1-%D8%A7%D9%84%D8%A2%D9%8A%D8%A7%D8%AA-%D9%88%D8%A7%D9%84%D8%AA%D8%AC%D9%88%D9%8A%D8%AF-%D9%84%D9%84%D9%86%D8%B3%D8%A7%D8%A1-%D9%88%D8%A7%D9%84%D8%A3%D8%B7%D9%81%D8%A7%D9%84,5.0,3,أقل من دقيقة,3,0,$10.00,شهر,3,4,70.0,دعاء م.,https://khamsat.com/user/doaamohamedy,True,بائع نشيط,5.0,12,94.74%,4,11,7 دقائق
تعليم عن بعد,https://khamsat.com/training,تعلم القرآن الكريم,https://khamsat.com/training/quran,تحفيظ قرآن برواية و اقرائه محاضرة واحدة عبر ال skype,https://khamsat.com/training/quran/1208368-%D8%AA%D8%AD%D9%81%D9%8A%D8%B8-%D9%82%D8%B1%D8%A2%D9%86-%D8%A8%D8%B1%D9%88%D8%A7%D9%8A%D8%A9-%D9%88-%D8%A7%D9%82%D8%B1%D8%A7%D8%A6%D9%87-%D9%85%D8%AD%D8%A7%D8%B6%D8%B1%D8%A9-%D9%88%D8%A7%D8%AD%D8%AF%D8%A9-%D8%B9%D8%A8%D8%B1-%D8%A7%D9%84-skype,5.0,6,4 ساعات,8,0,$5.00,يوم واحد,6,5,200.0,محمد ع.,https://khamsat.com/user/mohamed_abdelzeze,True,بائع نشيط,5.0,6,91.3%,1,8,ساعتين
تعليم عن بعد,https://khamsat.com/training,تعلم القرآن الكريم,https://khamsat.com/training/quran,تعليم تحفيظ القران الكريم,https://khamsat.com/training/quran/1545334-%D8%AA%D8%B9%D9%84%D9%8A%D9%85-%D8%AA%D8%AD%D9%81%D9%8A%D8%B8-%D8%A7%D9%84%D9%82%D8%B1%D8%A7%D9%86-%D8%A7%D9%84%D9%83%D8%B1%D9%8A%D9%85,5.0,5,8 ساعات,5,0,$5.00,يوم واحد,5,0,0.0,.Mohamed G,https://khamsat.com/user/abomoaz2011,True,بائع نشيط,5.0,5,100.0%,1,5,8 ساعات
تعليم عن بعد,https://khamsat.com/training,تعلم القرآن الكريم,https://khamsat.com/training/quran,تحفيظ القرآن الكريم للنساء والأطفال بالتجويد,https://khamsat.com/training/quran/2843591-%D8%AA%D8%AD%D9%81%D9%8A%D8%B8-%D8%A7%D9%84%D9%82%D8%B1%D8%A2%D9%86-%D8%A7%D9%84%D9%83%D8%B1%D9%8A%D9%85-%D9%84%D9%84%D9%86%D8%B3%D8%A7%D8%A1-%D9%88%D8%A7%D9%84%D8%A3%D8%B7%D9%81%D8%A7%D9%84-%D8%A8%D8%A7%D9%84%D8%AA%D8%AC%D9%88%D9%8A%D8%AF,5.0,3,5 دقائق,3,0,$5.00,يوم واحد,3,2,15.0,.Mariam S,https://khamsat.com/user/mariamelkhateeb,True,بائع جديد,5.0,3,100.0%,2,3,5 دقائق
تعليم عن بعد,https://khamsat.com/training,تعلم القرآن الكريم,https://khamsat.com/training/quran,تعليم أحكام التجويد وتحفيظ القرآن الكريم لكافة الأعمار,https://khamsat.com/training/quran/1701609-%D8%AA%D8%B9%D9%84%D9%8A%D9%85-%D8%A3%D8%AD%D9%83%D8%A7%D9%85-%D8%A7%D9%84%D8%AA%D8%AC%D9%88%D9%8A%D8%AF-%D9%88%D8%AA%D8%AD%D9%81%D9%8A%D8%B8-%D8%A7%D9%84%D9%82%D8%B1%D8%A2%D9%86-%D8%A7%D9%84%D9%83%D8%B1%D9%8A%D9%85-%D9%84%D9%83%D8%A7%D9%81%D8%A9-%D8%A7%D9%84%D8%A3%D8%B9%D9%85%D8%A7%D8%B1,4.5,5,3 ساعات,5,0,$5.00,يوم واحد,5,4,90.0,رائد ص.,https://khamsat.com/user/raaed999,True,بائع نشيط,4.5,5,100.0%,1,5,3 ساعات
تعليم عن بعد,https://khamsat.com/training,تعلم القرآن الكريم,https://khamsat.com/training/quran,تعلم قراءة القرآن الكريم بالمقامات الثمانية والتجويد,https://khamsat.com/training/quran/1695935-%D8%AA%D8%B9%D9%84%D9%85-%D9%82%D8%B1%D8%A7%D8%A1%D8%A9-%D8%A7%D9%84%D9%82%D8%B1%D8%A2%D9%86-%D8%A7%D9%84%D9%83%D8%B1%D9%8A%D9%85-%D8%A8%D8%A7%D9%84%D9%85%D9%82%D8%A7%D9%85%D8%A7%D8%AA-%D8%A7%D9%84%D8%AB%D9%85%D8%A7%D9%86%D9%8A%D8%A9-%D9%88%D8%A7%D9%84%D8%AA%D8%AC%D9%88%D9%8A%D8%AF,5.0,3,ساعتين,3,0,$10.00,يوم واحد,3,0,0.0,عبد اللطيف م.,https://khamsat.com/user/abdul_latif96,True,بائع جديد,5.0,9,90.0%,2,8,ساعة
تعليم عن بعد,https://khamsat.com/training,تعلم القرآن الكريم,https://khamsat.com/training/quran,تحفيظ طفلك القرآن بطريقة مبتكرة,https://khamsat.com/training/quran/1738940-%D8%AA%D8%AD%D9%81%D9%8A%D8%B8-%D8%B7%D9%81%D9%84%D9%83-%D8%A7%D9%84%D9%82%D8%B1%D8%A2%D9%86-%D8%A8%D8%B7%D8%B1%D9%8A%D9%82%D8%A9-%D9%85%D8%A8%D8%AA%D9%83%D8%B1%D8%A9,5.0,1,17 ساعة,1,0,$5.00,يوم واحد,1,0,0.0,رنا ز.,https://khamsat.com/user/%D8%B1%D9%86%D8%A7-%D8%B2%D9%83%D8%B1%D9%8A%D8%A7,True,بائع مميز,4.5,29,87.3%,6,32,يوم
تعليم عن بعد,https://khamsat.com/training,تعلم القرآن الكريم,https://khamsat.com/training/quran,تحفيظ القرآن الكريم للكبار والصغار,https://khamsat.com/training/quran/2074989-%D8%AA%D8%AD%D9%81%D9%8A%D8%B8-%D8%A7%D9%84%D9%82%D8%B1%D8%A2%D9%86-%D8%A7%D9%84%D9%83%D8%B1%D9%8A%D9%85-%D9%84%D9%84%D9%83%D8%A8%D8%A7%D8%B1-%D9%88%D8%A7%D9%84%D8%B5%D8%BA%D8%A7%D8%B1,5.0,1,9 دقائق,1,0,$5.00,يوم واحد,1,0,0.0,.Mohamed B,https://khamsat.com/user/mohamed_hany_badr,True,بائع مميز,5.0,76,100.0%,9,83,3 ساعات
تعليم عن بعد,https://khamsat.com/training,تعلم القرآن الكريم,https://khamsat.com/training/quran,تمارين الأحبال الصوتية والفوكاليز لتحسين وتجميل الصوت,https://khamsat.com/training/quran/2854595-%D8%AA%D9%85%D8%A7%D8%B1%D9%8A%D9%86-%D8%A7%D9%84%D8%A3%D8%AD%D8%A8%D8%A7%D9%84-%D8%A7%D9%84%D8%B5%D9%88%D8%AA%D9%8A%D8%A9-%D9%88%D8%A7%D9%84%D9%81%D9%88%D9%83%D8%A7%D9%84%D9%8A%D8%B2-%D9%84%D8%AA%D8%AD%D8%B3%D9%8A%D9%86-%D9%88%D8%AA%D8%AC%D9%85%D9%8A%D9%84-%D8%A7%D9%84%D8%B5%D9%88%D8%AA,5.0,1,دقيقة,1,0,$5.00,أسبوع,1,0,0.0,.Samir M,https://khamsat.com/user/samir_abdelghni,True,بائع جديد,5.0,3,100.0%,3,3,32 دقيقة
تعليم عن بعد,https://khamsat.com/training,تعلم القرآن الكريم,https://khamsat.com/training/quran,شرح أحكام تجويد وتصحيح أخطاء قراءة وتحفيظ القرآن الكريم,https://khamsat.com/training/quran/1816841-%D8%B4%D8%B1%D8%AD-%D8%A3%D8%AD%D9%83%D8%A7%D9%85-%D8%AA%D8%AC%D9%88%D9%8A%D8%AF-%D9%88%D8%AA%D8%B5%D8%AD%D9%8A%D8%AD-%D8%A3%D8%AE%D8%B7%D8%A7%D8%A1-%D9%82%D8%B1%D8%A7%D8%A1%D8%A9-%D9%88%D8%AA%D8%AD%D9%81%D9%8A%D8%B8-%D8%A7%D9%84%D9%82%D8%B1%D8%A2%D9%86-%D8%A7%D9%84%D9%83%D8%B1%D9%8A%D9%85,5.0,5,6 دقائق,7,0,$5.00,ثلاثة أيام,5,3,125.0,حسن ح.,https://khamsat.com/user/hasanhamdy,True,بائع مميز,5.0,16,91.3%,1,15,39 دقيقة
تعليم عن بعد,https://khamsat.com/training,تعلم القرآن الكريم,https://khamsat.com/training/quran,تعليم تلاوة القرآن الكريم برواية حفص عن عاصم,https://khamsat.com/training/quran/2865712-%D8%AA%D8%B9%D9%84%D9%8A%D9%85-%D8%AA%D9%84%D8%A7%D9%88%D8%A9-%D8%A7%D9%84%D9%82%D8%B1%D8%A2%D9%86-%D8%A7%D9%84%D9%83%D8%B1%D9%8A%D9%85-%D8%A8%D8%B1%D9%88%D8%A7%D9%8A%D8%A9-%D8%AD%D9%81%D8%B5-%D8%B9%D9%86-%D8%B9%D8%A7%D8%B5%D9%85,5.0,1,10 ساعات,1,0,$5.00,أسبوع,1,0,0.0,.Aida A,https://khamsat.com/user/aida_esleem98,True,بائع جديد,5.0,1,88.89%,1,1,10 ساعات
تعليم عن بعد,https://khamsat.com/training,تعلم القرآن الكريم,https://khamsat.com/training/quran,استطيع الجلوس معك وتعليمك القران الكريم,https://khamsat.com/training/quran/982617-%D8%A7%D8%B3%D8%AA%D8%B7%D9%8A%D8%B9-%D8%A7%D9%84%D8%AC%D9%84%D9%88%D8%B3-%D9%85%D8%B9%D9%83-%D9%88%D8%AA%D8%B9%D9%84%D9%8A%D9%85%D9%83-%D8%A7%D9%84%D9%82%D8%B1%D8%A7%D9%86-%D8%A7%D9%84%D9%83%D8%B1%D9%8A%D9%85,5.0,4,دقيقة,5,0,$10.00,يوم واحد,4,2,30.0,ابراهيم ا.,https://khamsat.com/user/ibrahim-qiaty,True,بائع جديد,5.0,4,100.0%,1,5,دقيقة
تعليم عن بعد,https://khamsat.com/training,تعلم القرآن الكريم,https://khamsat.com/training/quran,تحفيظ وتعليم القرآن الكريم,https://khamsat.com/training/quran/2332047-%D8%AA%D8%AD%D9%81%D9%8A%D8%B8-%D9%88%D8%AA%D8%B9%D9%84%D9%8A%D9%85-%D8%A7%D9%84%D9%82%D8%B1%D8%A2%D9%86-%D8%A7%D9%84%D9%83%D8%B1%D9%8A%D9%85,5.0,3,5 ساعات,3,0,$10.00,يوم واحد,3,1,30.0,أفنان ك.,https://khamsat.com/user/afnanahmed1999,True,بائع نشيط,5.0,4,100.0%,1,4,ساعتين
تعليم عن بعد,https://khamsat.com/training,تعلم القرآن الكريم,https://khamsat.com/training/quran,تحفيظ القرآن الكريم للأطفال,https://khamsat.com/training/quran/2726195-%D8%AA%D8%AD%D9%81%D9%8A%D8%B8-%D8%A7%D9%84%D9%82%D8%B1%D8%A2%D9%86-%D8%A7%D9%84%D9%83%D8%B1%D9%8A%D9%85-%D9%84%D9%84%D8%A3%D8%B7%D9%81%D8%A7%D9%84,5.0,1,لم يحسب,1,0,$5.00,يوم واحد,1,3,25.0,اسلام ا.,https://khamsat.com/user/islam_hessi96,True,بائع نشيط,4.5,30,83.93%,3,23,3 ساعات
تعليم عن بعد,https://khamsat.com/training,تعلم القرآن الكريم,https://khamsat.com/training/quran,تحفيظ وإعطاء إجازات فالقرآن الكريم,https://khamsat.com/training/quran/3050289-%D8%AA%D8%AD%D9%81%D9%8A%D8%B8-%D9%88%D8%A5%D8%B9%D8%B7%D8%A7%D8%A1-%D8%A5%D8%AC%D8%A7%D8%B2%D8%A7%D8%AA-%D9%81%D8%A7%D9%84%D9%82%D8%B1%D8%A2%D9%86-%D8%A7%D9%84%D9%83%D8%B1%D9%8A%D9%85,0.0,0,لم يحسب,0,0,$5.00,يوم واحد,0,0,0.0,يوسف إ.,https://khamsat.com/user/yooussefeihab,True,بائع جديد,0.0,0,لم يحسب بعد,1,0,لم يحسب
تعليم عن بعد,https://khamsat.com/training,تعلم القرآن الكريم,https://khamsat.com/training/quran,تعليم وتحفيظ القرآن الكريم بأحكام التجويد والتفسير الميسر,https://khamsat.com/training/quran/2460663-%D8%AA%D8%B9%D9%84%D9%8A%D9%85-%D9%88%D8%AA%D8%AD%D9%81%D9%8A%D8%B8-%D8%A7%D9%84%D9%82%D8%B1%D8%A2%D9%86-%D8%A7%D9%84%D9%83%D8%B1%D9%8A%D9%85-%D8%A8%D8%A3%D8%AD%D9%83%D8%A7%D9%85-%D8%A7%D9%84%D8%AA%D8%AC%D9%88%D9%8A%D8%AF-%D9%88%D8%A7%D9%84%D8%AA%D9%81%D8%B3%D9%8A%D8%B1-%D8%A7%D9%84%D9%85%D9%8A%D8%B3%D8%B1,0.0,0,لم يحسب,0,0,$5.00,يوم واحد,0,0,0.0,عبدالله م.,https://khamsat.com/user/abdolaah_mosa,True,بائع جديد,0.0,0,لم يحسب بعد,1,0,لم يحسب
تعليم عن بعد,https://khamsat.com/training,تعلم القرآن الكريم,https://khamsat.com/training/quran,تدريس مادة المقامات الصوتية فى تلاوة القرآن والإنشاد أونلاين,https://khamsat.com/training/quran/2616325-%D8%AA%D8%AF%D8%B1%D9%8A%D8%B3-%D9%85%D8%A7%D8%AF%D8%A9-%D8%A7%D9%84%D9%85%D9%82%D8%A7%D9%85%D8%A7%D8%AA-%D8%A7%D9%84%D8%B5%D9%88%D8%AA%D9%8A%D8%A9-%D9%81%D9%89-%D8%AA%D9%84%D8%A7%D9%88%D8%A9-%D8%A7%D9%84%D9%82%D8%B1%D8%A2%D9%86-%D9%88%D8%A7%D9%84%D8%A5%D9%86%D8%B4%D8%A7%D8%AF-%D8%A3%D9%88%D9%86%D9%84%D8%A7%D9%8A%D9%86,5.0,2,ساعة,2,0,$5.00,أسبوع,2,0,0.0,.Samir M,https://khamsat.com/user/samir_abdelghni,True,بائع جديد,5.0,3,100.0%,3,3,32 دقيقة
تعليم عن بعد,https://khamsat.com/training,تعلم القرآن الكريم,https://khamsat.com/training/quran,تحفيظ القرآن الكريم بالأحكام,https://khamsat.com/training/quran/3034213-%D8%AA%D8%AD%D9%81%D9%8A%D8%B8-%D8%A7%D9%84%D9%82%D8%B1%D8%A2%D9%86-%D8%A7%D9%84%D9%83%D8%B1%D9%8A%D9%85-%D8%A8%D8%A7%D9%84%D8%A3%D8%AD%D9%83%D8%A7%D9%85,0.0,0,لم يحسب,0,0,$5.00,يوم واحد,0,1,5.0,.Eslam A,https://khamsat.com/user/e_1slam,False,بائع جديد,0.0,0,لم يحسب بعد,1,0,لم يحسب
تعليم عن بعد,https://khamsat.com/training,تعلم القرآن الكريم,https://khamsat.com/training/quran,تحفيظ قرآن بالتجويد للأطفال والسيدات,https://khamsat.com/training/quran/3028742-%D8%AA%D8%AD%D9%81%D9%8A%D8%B8-%D9%82%D8%B1%D8%A2%D9%86-%D8%A8%D8%A7%D9%84%D8%AA%D8%AC%D9%88%D9%8A%D8%AF-%D9%84%D9%84%D8%A3%D8%B7%D9%81%D8%A7%D9%84-%D9%88%D8%A7%D9%84%D8%B3%D9%8A%D8%AF%D8%A7%D8%AA,0.0,0,لم يحسب,0,0,$5.00,يوم واحد,0,4,175.0,.Amira M,https://khamsat.com/user/amira_hammouda_123,False,بائع جديد,0.0,0,لم يحسب بعد,1,0,لم يحسب
تعليم عن بعد,https://khamsat.com/training,تعلم القرآن الكريم,https://khamsat.com/training/quran,ضبط متشابهات القران بأسلوب لا ينسى,https://khamsat.com/training/quran/2833719-%D8%B6%D8%A8%D8%B7-%D9%85%D8%AA%D8%B4%D8%A7%D8%A8%D9%87%D8%A7%D8%AA-%D8%A7%D9%84%D9%82%D8%B1%D8%A7%D9%86-%D8%A8%D8%A3%D8%B3%D9%84%D9%88%D8%A8-%D9%84%D8%A7-%D9%8A%D9%86%D8%B3%D9%89,0.0,0,لم يحسب,0,0,$5.00,يوم واحد,0,0,0.0,عوض ا.,https://khamsat.com/user/awad_elassal,True,بائع جديد,5.0,7,81.82%,5,7,ساعة
تعليم عن بعد,https://khamsat.com/training,تعلم القرآن الكريم,https://khamsat.com/training/quran,تحفيظ القرآن الكريم وتصحيح التلاوة,https://khamsat.com/training/quran/3049002-%D8%AA%D8%AD%D9%81%D9%8A%D8%B8-%D8%A7%D9%84%D9%82%D8%B1%D8%A2%D9%86-%D8%A7%D9%84%D9%83%D8%B1%D9%8A%D9%85-%D9%88%D8%AA%D8%B5%D8%AD%D9%8A%D8%AD-%D8%A7%D9%84%D8%AA%D9%84%D8%A7%D9%88%D8%A9,0.0,0,لم يحسب,0,0,$5.00,يوم واحد,0,0,0.0,.Ibrahim S,https://khamsat.com/user/ibrahim_saeed_shahin,False,بائع جديد,0.0,0,لم يحسب بعد,2,0,لم يحسب
تعليم عن بعد,https://khamsat.com/training,تعلم القرآن الكريم,https://khamsat.com/training/quran,تحفيظ القران الكريم وتعليم التجويد,https://khamsat.com/training/quran/3033245-%D8%AA%D8%AD%D9%81%D9%8A%D8%B8-%D8%A7%D9%84%D9%82%D8%B1%D8%A7%D9%86-%D8%A7%D9%84%D9%83%D8%B1%D9%8A%D9%85-%D9%88%D8%AA%D8%B9%D9%84%D9%8A%D9%85-%D8%A7%D9%84%D8%AA%D8%AC%D9%88%D9%8A%D8%AF,0.0,0,لم يحسب,0,0,$5.00,يوم واحد,0,3,65.0,.Abdulrahman F,https://khamsat.com/user/abdulrahmanfarid,True,بائع جديد,0.0,0,لم يحسب بعد,1,0,لم يحسب
تعليم عن بعد,https://khamsat.com/training,تعلم القرآن الكريم,https://khamsat.com/training/quran,تعليم تجويد القرآن الكريم نظرياً وعملياً حتى الاتقان,https://khamsat.com/training/quran/1679041-%D8%AA%D8%B9%D9%84%D9%8A%D9%85-%D8%AA%D8%AC%D9%88%D9%8A%D8%AF-%D8%A7%D9%84%D9%82%D8%B1%D8%A2%D9%86-%D8%A7%D9%84%D9%83%D8%B1%D9%8A%D9%85-%D9%86%D8%B8%D8%B1%D9%8A%D8%A7-%D9%88%D8%B9%D9%85%D9%84%D9%8A%D8%A7-%D8%AD%D8%AA%D9%89-%D8%A7%D9%84%D8%A7%D8%AA%D9%82%D8%A7%D9%86,5.0,2,21 دقيقة,2,0,$5.00,ثلاثة أيام,2,1,5.0,.Eman A,https://khamsat.com/user/eman_barou,True,بائع مميز,5.0,18,91.25%,3,21,4 أيام
تعليم عن بعد,https://khamsat.com/training,تعلم القرآن الكريم,https://khamsat.com/training/quran,تعليم نور البيان للنساء والأطفال العرب وغير العرب,https://khamsat.com/training/quran/3033181-%D8%AA%D8%B9%D9%84%D9%8A%D9%85-%D9%86%D9%88%D8%B1-%D8%A7%D9%84%D8%A8%D9%8A%D8%A7%D9%86-%D9%84%D9%84%D9%86%D8%B3%D8%A7%D8%A1-%D9%88%D8%A7%D9%84%D8%A3%D8%B7%D9%81%D8%A7%D9%84-%D8%A7%D9%84%D8%B9%D8%B1%D8%A8-%D9%88%D8%BA%D9%8A%D8%B1-%D8%A7%D9%84%D8%B9%D8%B1%D8%A8,0.0,0,لم يحسب,0,0,$5.00,يوم واحد,0,2,45.0,.Rehab S,https://khamsat.com/user/rehabsamy2024,True,بائع جديد,0.0,0,لم يحسب بعد,3,0,لم يحسب
تعليم عن بعد,https://khamsat.com/training,تعلم القرآن الكريم,https://khamsat.com/training/quran,تحفيظ القرآن للنساء والأطفال العرب وغير العرب,https://khamsat.com/training/quran/3035871-%D8%AA%D8%AD%D9%81%D9%8A%D8%B8-%D8%A7%D9%84%D9%82%D8%B1%D8%A2%D9%86-%D9%84%D9%84%D9%86%D8%B3%D8%A7%D8%A1-%D9%88%D8%A7%D9%84%D8%A3%D8%B7%D9%81%D8%A7%D9%84-%D8%A7%D9%84%D8%B9%D8%B1%D8%A8-%D9%88%D8%BA%D9%8A%D8%B1-%D8%A7%D9%84%D8%B9%D8%B1%D8%A8,0.0,0,لم يحسب,0,0,$5.00,يوم واحد,0,2,55.0,.Rehab S,https://khamsat.com/user/rehabsamy2024,True,بائع جديد,0.0,0,لم يحسب بعد,3,0,لم يحسب
تعليم عن بعد,https://khamsat.com/training,تعلم القرآن الكريم,https://khamsat.com/training/quran,تحفيظ القران للصغار وللكبار بالاحكام والتجويد,https://khamsat.com/training/quran/2611243-%D8%AA%D8%AD%D9%81%D9%8A%D8%B8-%D8%A7%D9%84%D9%82%D8%B1%D8%A7%D9%86-%D9%84%D9%84%D8%B5%D8%BA%D8%A7%D8%B1-%D9%88%D9%84%D9%84%D9%83%D8%A8%D8%A7%D8%B1-%D8%A8%D8%A7%D9%84%D8%A7%D8%AD%D9%83%D8%A7%D9%85-%D9%88%D8%A7%D9%84%D8%AA%D8%AC%D9%88%D9%8A%D8%AF,5.0,1,14 ساعة,1,0,$5.00,يوم واحد,1,0,0.0,.Abdallah F,https://khamsat.com/user/abdallah_farouk031,True,بائع جديد,5.0,3,100.0%,4,3,7 ساعات
تعليم عن بعد,https://khamsat.com/training,تعلم القرآن الكريم,https://khamsat.com/training/quran,درس في تجويد أو تحفيظ القرآن الكريم,https://khamsat.com/training/quran/1015137-%D8%AF%D8%B1%D8%B3-%D9%81%D9%8A-%D8%AA%D8%AC%D9%88%D9%8A%D8%AF-%D8%A3%D9%88-%D8%AA%D8%AD%D9%81%D9%8A%D8%B8-%D8%A7%D9%84%D9%82%D8%B1%D8%A2%D9%86-%D8%A7%D9%84%D9%83%D8%B1%D9%8A%D9%85,0.0,0,يوم,0,0,$5.00,يوم واحد,0,3,30.0,رجاء ح.,https://khamsat.com/user/ragaahassan,False,بائع جديد,0.0,0,0.0%,4,0,يوم
تعليم عن بعد,https://khamsat.com/training,مساعدة بحل الواجبات,https://khamsat.com/training/school-help,تدريب وشرح للمحتوي ومشاريع تحليل البيانات ليوداستي,https://khamsat.com/training/school-help/2236401-%D8%AA%D8%AF%D8%B1%D9%8A%D8%A8-%D9%88%D8%B4%D8%B1%D8%AD-%D9%84%D9%84%D9%85%D8%AD%D8%AA%D9%88%D9%8A-%D9%88%D9%85%D8%B4%D8%A7%D8%B1%D9%8A%D8%B9-%D8%AA%D8%AD%D9%84%D9%8A%D9%84-%D8%A7%D9%84%D8%A8%D9%8A%D8%A7%D9%86%D8%A7%D8%AA-%D9%84%D9%8A%D9%88%D8%AF%D8%A7%D8%B3%D8%AA%D9%8A,5.0,13,ساعة,15,0,$10.00,يومين,13,3,30.0,.Mohamed H,https://khamsat.com/user/mohamed_abdo1999,True,بائع مميز,5.0,49,98.88%,5,56,ساعة
تعليم عن بعد,https://khamsat.com/training,مساعدة بحل الواجبات,https://khamsat.com/training/school-help,استشارات ونصائح عن كيفية إعداد الأبحاث والرسائل التربوية,https://khamsat.com/training/school-help/1094267-%D8%A7%D8%B3%D8%AA%D8%B4%D8%A7%D8%B1%D8%A7%D8%AA-%D9%88%D9%86%D8%B5%D8%A7%D8%A6%D8%AD-%D8%B9%D9%86-%D9%83%D9%8A%D9%81%D9%8A%D8%A9-%D8%A5%D8%B9%D8%AF%D8%A7%D8%AF-%D8%A7%D9%84%D8%A3%D8%A8%D8%AD%D8%A7%D8%AB-%D9%88%D8%A7%D9%84%D8%B1%D8%B3%D8%A7%D8%A6%D9%84-%D8%A7%D9%84%D8%AA%D8%B1%D8%A8%D9%88%D9%8A%D8%A9,5.0,26,9 ساعات,34,0,$5.00,ثلاثة أيام,25,5,425.0,اعتدال ش.,https://khamsat.com/user/%D8%A7%D8%B9%D8%AA%D8%AF%D8%A7%D9%84-%D8%B4%D9%85%D9%88%D8%B7,True,بائع مميز,5.0,87,89.84%,1,86,14 ساعة
تعليم عن بعد,https://khamsat.com/training,مساعدة بحل الواجبات,https://khamsat.com/training/school-help,"حل مسائل و مشاكل برمجية باللغات C ,C++ ,JAVA",https://khamsat.com/training/school-help/1605205-%D8%AD%D9%84-%D9%85%D8%B3%D8%A7%D8%A6%D9%84-%D9%88-%D9%85%D8%B4%D8%A7%D9%83%D9%84-%D8%A8%D8%B1%D9%85%D8%AC%D9%8A%D8%A9-%D8%A8%D8%A7%D9%84%D9%84%D8%BA%D8%A7%D8%AA-c-c-java,5.0,13,50 دقيقة,16,0,$10.00,يوم واحد,13,5,175.0,أميرة ا.,https://khamsat.com/user/sandra_ibrahim,True,بائع مميز,5.0,252,98.06%,14,241,4 ساعات
تعليم عن بعد,https://khamsat.com/training,مساعدة بحل الواجبات,https://khamsat.com/training/school-help,اساعدك في حل واجبات المحاسبة والتمويل عربي/انجليزي,https://khamsat.com/training/school-help/2476593-%D8%A7%D8%B3%D8%A7%D8%B9%D8%AF%D9%83-%D9%81%D9%8A-%D8%AD%D9%84-%D9%88%D8%A7%D8%AC%D8%A8%D8%A7%D8%AA-%D8%A7%D9%84%D9%85%D8%AD%D8%A7%D8%B3%D8%A8%D8%A9-%D9%88%D8%A7%D9%84%D8%AA%D9%85%D9%88%D9%8A%D9%84-%D8%B9%D8%B1%D8%A8%D9%8A%D8%A7%D9%86%D8%AC%D9%84%D9%8A%D8%B2%D9%8A,5.0,20,3 دقائق,29,0,$5.00,يوم واحد,20,3,20.0,.Mina M,https://khamsat.com/user/mina_saad_t,True,بائع مميز,5.0,21,92.0%,1,29,12 ساعة
تعليم عن بعد,https://khamsat.com/training,مساعدة بحل الواجبات,https://khamsat.com/training/school-help,حل جميع المسائل البرمجيه او اى سوال باستخدام بايثون python,https://khamsat.com/training/school-help/1042688-%D8%AD%D9%84-%D8%AC%D9%85%D9%8A%D8%B9-%D8%A7%D9%84%D9%85%D8%B3%D8%A7%D8%A6%D9%84-%D8%A7%D9%84%D8%A8%D8%B1%D9%85%D8%AC%D9%8A%D9%87-%D8%A7%D9%88-%D8%A7%D9%89-%D8%B3%D9%88%D8%A7%D9%84-%D8%A8%D8%A7%D8%B3%D8%AA%D8%AE%D8%AF%D8%A7%D9%85-%D8%A8%D8%A7%D9%8A%D8%AB%D9%88%D9%86-python,5.0,20,34 دقيقة,29,0,$5.00,يومين,20,5,160.0,نبيل ف.,https://khamsat.com/user/%D9%86%D8%A8%D9%8A%D9%84-%D9%81%D9%88%D8%B2%D9%89,True,بائع مميز,4.5,126,96.15%,3,117,ساعتين
تعليم عن بعد,https://khamsat.com/training,مساعدة بحل الواجبات,https://khamsat.com/training/school-help,المساعدة في حل الواجبات(عربي انكليزي رياضيات)للصفوف المختلفة,https://khamsat.com/training/school-help/2601820-%D8%A7%D9%84%D9%85%D8%B3%D8%A7%D8%B9%D8%AF%D8%A9-%D9%81%D9%8A-%D8%AD%D9%84-%D8%A7%D9%84%D9%88%D8%A7%D8%AC%D8%A8%D8%A7%D8%AA%D8%B9%D8%B1%D8%A8%D9%8A-%D8%A7%D9%86%D9%83%D9%84%D9%8A%D8%B2%D9%8A-%D8%B1%D9%8A%D8%A7%D8%B6%D9%8A%D8%A7%D8%AA%D9%84%D9%84%D8%B5%D9%81%D9%88%D9%81-%D8%A7%D9%84%D9%85%D8%AE%D8%AA%D9%84%D9%81%D8%A9,5.0,6,9 ساعات,8,0,$5.00,يوم واحد,6,3,30.0,.Aya A,https://khamsat.com/user/aya_abdulhaq,True,بائع مميز,5.0,20,93.75%,6,23,4 ساعات
تعليم عن بعد,https://khamsat.com/training,مساعدة بحل الواجبات,https://khamsat.com/training/school-help,حل لأى مسالة خاصة بمادة الاحصاء,https://khamsat.com/training/school-help/2541910-%D8%AD%D9%84-%D9%84%D8%A3%D9%89-%D9%85%D8%B3%D8%A7%D9%84%D8%A9-%D8%AE%D8%A7%D8%B5%D8%A9-%D8%A8%D9%85%D8%A7%D8%AF%D8%A9-%D8%A7%D9%84%D8%A7%D8%AD%D8%B5%D8%A7%D8%A1,4.5,20,7 ساعات,25,0,$5.00,يوم واحد,20,4,70.0,إسماعيل أ.,https://khamsat.com/user/ismaelahmedahmed,True,بائع مميز,4.5,27,86.25%,3,33,6 ساعات
تعليم عن بعد,https://khamsat.com/training,مساعدة بحل الواجبات,https://khamsat.com/training/school-help,المساعدة في حل واجبات البرمجه وقواعد البيانات,https://khamsat.com/training/school-help/684017-%D8%A7%D9%84%D9%85%D8%B3%D8%A7%D8%B9%D8%AF%D8%A9-%D9%81%D9%8A-%D8%AD%D9%84-%D9%88%D8%A7%D8%AC%D8%A8%D8%A7%D8%AA-%D8%A7%D9%84%D8%A8%D8%B1%D9%85%D8%AC%D9%87-%D9%88%D9%82%D9%88%D8%A7%D8%B9%D8%AF-%D8%A7%D9%84%D8%A8%D9%8A%D8%A7%D9%86%D8%A7%D8%AA,5.0,31,7 دقائق,36,0,$5.00,يوم واحد,25,0,0.0,.Ahmed D,https://khamsat.com/user/ahmed-m.-daoud,True,بائع مميز,5.0,119,94.79%,8,84,3 ساعات
تعليم عن بعد,https://khamsat.com/training,مساعدة بحل الواجبات,https://khamsat.com/training/school-help,شرح ماده شبكات الحاسب للطلبه الجامعيين,https://khamsat.com/training/school-help/1731980-%D8%B4%D8%B1%D8%AD-%D9%85%D8%A7%D8%AF%D9%87-%D8%B4%D8%A8%D9%83%D8%A7%D8%AA-%D8%A7%D9%84%D8%AD%D8%A7%D8%B3%D8%A8-%D9%84%D9%84%D8%B7%D9%84%D8%A8%D9%87-%D8%A7%D9%84%D8%AC%D8%A7%D9%85%D8%B9%D9%8A%D9%8A%D9%86,5.0,11,36 دقيقة,13,0,$25.00,يوم واحد,11,2,15.0,.Ramy B,https://khamsat.com/user/ramyjob,True,بائع نشيط,5.0,11,92.68%,1,14,8 أيام
تعليم عن بعد,https://khamsat.com/training,مساعدة بحل الواجبات,https://khamsat.com/training/school-help,حل جميع التمارين في السي شارب (C#),https://khamsat.com/training/school-help/1637665-%D8%AD%D9%84-%D8%AC%D9%85%D9%8A%D8%B9-%D8%A7%D9%84%D8%AA%D9%85%D8%A7%D8%B1%D9%8A%D9%86-%D9%81%D9%8A-%D8%A7%D9%84%D8%B3%D9%8A-%D8%B4%D8%A7%D8%B1%D8%A8-c,5.0,3,54 دقيقة,4,0,$5.00,يومين,3,4,75.0,.Kinan Q,https://khamsat.com/user/kinan-qassem,True,بائع جديد,5.0,4,66.67%,1,5,يوم
تعليم عن بعد,https://khamsat.com/training,مساعدة بحل الواجبات,https://khamsat.com/training/school-help,شرح اقتصاد,https://khamsat.com/training/school-help/1313421-%D8%B4%D8%B1%D8%AD-%D8%A7%D9%82%D8%AA%D8%B5%D8%A7%D8%AF,5.0,11,ساعتين,22,0,$5.00,يوم واحد,11,3,100.0,نبيل أ.,https://khamsat.com/user/nabilabozaid85,True,بائع مميز,5.0,40,89.49%,7,65,9 ساعات
تعليم عن بعد,https://khamsat.com/training,مساعدة بحل الواجبات,https://khamsat.com/training/school-help,أساعدك في حل واجبات وتمارين جافا Java خوارزميات وبرامج,https://khamsat.com/training/school-help/1693221-%D8%A3%D8%B3%D8%A7%D8%B9%D8%AF%D9%83-%D9%81%D9%8A-%D8%AD%D9%84-%D9%88%D8%A7%D8%AC%D8%A8%D8%A7%D8%AA-%D9%88%D8%AA%D9%85%D8%A7%D8%B1%D9%8A%D9%86-%D8%AC%D8%A7%D9%81%D8%A7-java-%D8%AE%D9%88%D8%A7%D8%B1%D8%B2%D9%85%D9%8A%D8%A7%D8%AA-%D9%88%D8%A8%D8%B1%D8%A7%D9%85%D8%AC,4.5,10,ساعة,15,0,$10.00,يومين,10,4,130.0,محمد ع.,https://khamsat.com/user/m047m3d,True,بائع مميز,4.5,67,85.38%,4,64,يوم
تعليم عن بعد,https://khamsat.com/training,مساعدة بحل الواجبات,https://khamsat.com/training/school-help,تصميم مشاريع اردوينو و IOT,https://khamsat.com/training/school-help/2453571-%D8%AA%D8%B5%D9%85%D9%8A%D9%85-%D9%85%D8%B4%D8%A7%D8%B1%D9%8A%D8%B9-%D8%A7%D8%B1%D8%AF%D9%88%D9%8A%D9%86%D9%88-%D9%88-iot,5.0,3,20 دقيقة,4,0,$10.00,أسبوع,3,4,235.0,احمد ع.,https://khamsat.com/user/ahmed_atef9,True,بائع نشيط,4.5,12,97.22%,3,16,يومين
تعليم عن بعد,https://khamsat.com/training,مساعدة بحل الواجبات,https://khamsat.com/training/school-help,حل مسائل البرمجة بلغة Java او ++C او C# او Python,https://khamsat.com/training/school-help/2118362-%D8%AD%D9%84-%D9%85%D8%B3%D8%A7%D8%A6%D9%84-%D8%A7%D9%84%D8%A8%D8%B1%D9%85%D8%AC%D8%A9-%D8%A8%D9%84%D8%BA%D8%A9-java-%D8%A7%D9%88-c-%D8%A7%D9%88-c-%D8%A7%D9%88-python,5.0,7,23 دقيقة,13,0,$5.00,يوم واحد,7,4,55.0,.Abanob E,https://khamsat.com/user/abanoub123,True,بائع مميز,5.0,31,97.32%,4,34,ساعتين
تعليم عن بعد,https://khamsat.com/training,مساعدة بحل الواجبات,https://khamsat.com/training/school-help,شرح المواد الإدارية والمساعدة على التفوق فى دراستك,https://khamsat.com/training/school-help/2748896-%D8%B4%D8%B1%D8%AD-%D8%A7%D9%84%D9%85%D9%88%D8%A7%D8%AF-%D8%A7%D9%84%D8%A5%D8%AF%D8%A7%D8%B1%D9%8A%D8%A9-%D9%88%D8%A7%D9%84%D9%85%D8%B3%D8%A7%D8%B9%D8%AF%D8%A9-%D8%B9%D9%84%D9%89-%D8%A7%D9%84%D8%AA%D9%81%D9%88%D9%82-%D9%81%D9%89-%D8%AF%D8%B1%D8%A7%D8%B3%D8%AA%D9%83,5.0,1,51 دقيقة,1,0,$10.00,يومين,1,2,75.0,.Ahmed A,https://khamsat.com/user/ahmed2020ali,True,بائع نشيط,5.0,15,85.29%,8,17,ساعتين
تعليم عن بعد,https://khamsat.com/training,مساعدة بحل الواجبات,https://khamsat.com/training/school-help,المساعدة في حل واجبات ماتلاب,https://khamsat.com/training/school-help/2727200-%D8%A7%D9%84%D9%85%D8%B3%D8%A7%D8%B9%D8%AF%D8%A9-%D9%81%D9%8A-%D8%AD%D9%84-%D9%88%D8%A7%D8%AC%D8%A8%D8%A7%D8%AA-%D9%85%D8%A7%D8%AA%D9%84%D8%A7%D8%A8,5.0,4,4 ساعات,4,0,$5.00,يوم واحد,4,3,45.0,يزن ح.,https://khamsat.com/user/ayham_hassan2017,True,بائع نشيط,5.0,6,100.0%,2,6,ساعتين
تعليم عن بعد,https://khamsat.com/training,مساعدة بحل الواجبات,https://khamsat.com/training/school-help,تريد المساعده في حل الواجبات الشرعيه ؟ نتشرف بمساعدتك,https://khamsat.com/training/school-help/2452888-%D8%AA%D8%B1%D9%8A%D8%AF-%D8%A7%D9%84%D9%85%D8%B3%D8%A7%D8%B9%D8%AF%D9%87-%D9%81%D9%8A-%D8%AD%D9%84-%D8%A7%D9%84%D9%88%D8%A7%D8%AC%D8%A8%D8%A7%D8%AA-%D8%A7%D9%84%D8%B4%D8%B1%D8%B9%D9%8A%D9%87-%D9%86%D8%AA%D8%B4%D8%B1%D9%81-%D8%A8%D9%85%D8%B3%D8%A7%D8%B9%D8%AF%D8%AA%D9%83,4.5,7,4 ساعات,9,0,$5.00,يوم واحد,7,3,35.0,عبدالله ا.,https://khamsat.com/user/drabduallah,True,بائع نشيط,4.5,7,86.67%,2,9,4 ساعات
تعليم عن بعد,https://khamsat.com/training,مساعدة بحل الواجبات,https://khamsat.com/training/school-help,مساعدة في التعليم عن بعد بما يتعلق بتقنية المعلومات (شبكات),https://khamsat.com/training/school-help/1341515-%D9%85%D8%B3%D8%A7%D8%B9%D8%AF%D8%A9-%D9%81%D9%8A-%D8%A7%D9%84%D8%AA%D8%B9%D9%84%D9%8A%D9%85-%D8%B9%D9%86-%D8%A8%D8%B9%D8%AF-%D8%A8%D9%85%D8%A7-%D9%8A%D8%AA%D8%B9%D9%84%D9%82-%D8%A8%D8%AA%D9%82%D9%86%D9%8A%D8%A9-%D8%A7%D9%84%D9%85%D8%B9%D9%84%D9%88%D9%85%D8%A7%D8%AA-%D8%B4%D8%A8%D9%83%D8%A7%D8%AA,5.0,6,3 ساعات,7,0,$5.00,يوم واحد,6,5,190.0,حمزة غ.,https://khamsat.com/user/hamza_ghanam,True,بائع مميز,5.0,18,90.32%,5,19,15 ساعة
تعليم عن بعد,https://khamsat.com/training,مساعدة بحل الواجبات,https://khamsat.com/training/school-help,المساعدة في حل الواجبات الجامعية,https://khamsat.com/training/school-help/2860723-%D8%A7%D9%84%D9%85%D8%B3%D8%A7%D8%B9%D8%AF%D8%A9-%D9%81%D9%8A-%D8%AD%D9%84-%D8%A7%D9%84%D9%88%D8%A7%D8%AC%D8%A8%D8%A7%D8%AA-%D8%A7%D9%84%D8%AC%D8%A7%D9%85%D8%B9%D9%8A%D8%A9,0.0,0,6 ساعات,2,0,$50.00,يوم واحد,0,0,0.0,علي ا.,https://khamsat.com/user/allousht1,True,بائع مميز,5.0,16,92.59%,7,19,ساعتين
تعليم عن بعد,https://khamsat.com/training,مساعدة بحل الواجبات,https://khamsat.com/training/school-help,مساعده طلبه حاسبات فى عمل البرامج وتعليم البرمجه,https://khamsat.com/training/school-help/1567855-%D9%85%D8%B3%D8%A7%D8%B9%D8%AF%D9%87-%D8%B7%D9%84%D8%A8%D9%87-%D8%AD%D8%A7%D8%B3%D8%A8%D8%A7%D8%AA-%D9%81%D9%89-%D8%B9%D9%85%D9%84-%D8%A7%D9%84%D8%A8%D8%B1%D8%A7%D9%85%D8%AC-%D9%88%D8%AA%D8%B9%D9%84%D9%8A%D9%85-%D8%A7%D9%84%D8%A8%D8%B1%D9%85%D8%AC%D9%87,5.0,9,7 ساعات,11,0,$5.00,يوم واحد,9,5,80.0,.Christen Z,https://khamsat.com/user/christen_zarif,True,بائع نشيط,5.0,13,91.11%,5,17,14 ساعة
تعليم عن بعد,https://khamsat.com/training,مساعدة بحل الواجبات,https://khamsat.com/training/school-help,شرح 4 صفحات متعلقة باقسام ادارة الاعمال,https://khamsat.com/training/school-help/1117120-%D8%B4%D8%B1%D8%AD-4-%D8%B5%D9%81%D8%AD%D8%A7%D8%AA-%D9%85%D8%AA%D8%B9%D9%84%D9%82%D8%A9-%D8%A8%D8%A7%D9%82%D8%B3%D8%A7%D9%85-%D8%A7%D8%AF%D8%A7%D8%B1%D8%A9-%D8%A7%D9%84%D8%A7%D8%B9%D9%85%D8%A7%D9%84,5.0,3,34 دقيقة,5,0,$5.00,يوم واحد,3,3,70.0,وليد ا.,https://khamsat.com/user/%D9%88%D9%84%D9%8A%D8%AF-%D8%A7%D9%84%D8%B9%D9%8A%D8%B4%D8%A7%D8%AA,True,مشتري مميز,5.0,3,83.33%,5,5,40 دقيقة
تعليم عن بعد,https://khamsat.com/training,مساعدة بحل الواجبات,https://khamsat.com/training/school-help,مساعدة بكل مايتعلق بالهندسة المعلوماتية,https://khamsat.com/training/school-help/1526212-%D9%85%D8%B3%D8%A7%D8%B9%D8%AF%D8%A9-%D8%A8%D9%83%D9%84-%D9%85%D8%A7%D9%8A%D8%AA%D8%B9%D9%84%D9%82-%D8%A8%D8%A7%D9%84%D9%87%D9%86%D8%AF%D8%B3%D8%A9-%D8%A7%D9%84%D9%85%D8%B9%D9%84%D9%88%D9%85%D8%A7%D8%AA%D9%8A%D8%A9,5.0,23,15 دقيقة,30,0,$5.00,يوم واحد,23,5,205.0,.Aseel S,https://khamsat.com/user/aseel_1993,True,بائع مميز,5.0,60,89.82%,4,73,ساعة
تعليم عن بعد,https://khamsat.com/training,مساعدة بحل الواجبات,https://khamsat.com/training/school-help,مساعدة في حل واجبات مادّة اللغة العربيّة ( نحو، بلاغة، عروض),https://khamsat.com/training/school-help/1871006-%D9%85%D8%B3%D8%A7%D8%B9%D8%AF%D8%A9-%D9%81%D9%8A-%D8%AD%D9%84-%D9%88%D8%A7%D8%AC%D8%A8%D8%A7%D8%AA-%D9%85%D8%A7%D8%AF%D8%A9-%D8%A7%D9%84%D9%84%D8%BA%D8%A9-%D8%A7%D9%84%D8%B9%D8%B1%D8%A8%D9%8A%D8%A9-%D9%86%D8%AD%D9%88-%D8%A8%D9%84%D8%A7%D8%BA%D8%A9-%D8%B9%D8%B1%D9%88%D8%B6,5.0,9,ساعتين,14,0,$10.00,يومين,9,2,10.0,محمود ز.,https://khamsat.com/user/%D9%85%D8%AD%D9%85%D9%88%D8%AF-%D8%B2%D9%83%D8%B1%D9%8A%D8%A7-%D8%B2%D9%83%D8%B1%D9%8A%D8%A7,True,بائع نشيط,5.0,17,89.36%,3,21,10 ساعات
تعليم عن بعد,https://khamsat.com/training,مساعدة بحل الواجبات,https://khamsat.com/training/school-help,تقديم المساعدة في حل الواجبات لطلاب المحاسبة,https://khamsat.com/training/school-help/2360508-%D8%AA%D9%82%D8%AF%D9%8A%D9%85-%D8%A7%D9%84%D9%85%D8%B3%D8%A7%D8%B9%D8%AF%D8%A9-%D9%81%D9%8A-%D8%AD%D9%84-%D8%A7%D9%84%D9%88%D8%A7%D8%AC%D8%A8%D8%A7%D8%AA-%D9%84%D8%B7%D9%84%D8%A7%D8%A8-%D8%A7%D9%84%D9%85%D8%AD%D8%A7%D8%B3%D8%A8%D8%A9,5.0,9,ساعتين,12,0,$5.00,يوم واحد,9,3,45.0,حسين ش.,https://khamsat.com/user/%D8%AD%D8%B3%D9%8A%D9%86-%D8%B4%D9%88%D8%B4%D8%A9,True,بائع نشيط,5.0,13,90.63%,5,15,ساعة
تعليم عن بعد,https://khamsat.com/training,مساعدة بحل الواجبات,https://khamsat.com/training/school-help,شرح مواد البرمجة وحل التمارين البرمجية,https://khamsat.com/training/school-help/1727594-%D8%B4%D8%B1%D8%AD-%D9%85%D9%88%D8%A7%D8%AF-%D8%A7%D9%84%D8%A8%D8%B1%D9%85%D8%AC%D8%A9-%D9%88%D8%AD%D9%84-%D8%A7%D9%84%D8%AA%D9%85%D8%A7%D8%B1%D9%8A%D9%86-%D8%A7%D9%84%D8%A8%D8%B1%D9%85%D8%AC%D9%8A%D8%A9,5.0,3,ساعة,4,0,$5.00,يوم واحد,3,4,85.0,.Mohammad B,https://khamsat.com/user/mohammad_bajaa,True,بائع نشيط,5.0,5,80.0%,5,7,ساعة
تعليم عن بعد,https://khamsat.com/training,مساعدة بحل الواجبات,https://khamsat.com/training/school-help,شرح و تبسيط مواد علميه لطلاب الكليات,https://khamsat.com/training/school-help/1032545-%D8%B4%D8%B1%D8%AD-%D9%88-%D8%AA%D8%A8%D8%B3%D9%8A%D8%B7-%D9%85%D9%88%D8%A7%D8%AF-%D8%B9%D9%84%D9%85%D9%8A%D9%87-%D9%84%D8%B7%D9%84%D8%A7%D8%A8-%D8%A7%D9%84%D9%83%D9%84%D9%8A%D8%A7%D8%AA,5.0,8,3 ساعات,15,0,$5.00,يومين,8,4,170.0,.Kirollos S,https://khamsat.com/user/kirollos_sobhy,True,بائع مميز,4.5,118,96.99%,4,176,5 ساعات
تعليم عن بعد,https://khamsat.com/training,مساعدة بحل الواجبات,https://khamsat.com/training/school-help,حل مسائل بلغة جافا و C++ مقابل 5$ للمسألة البسيطة,https://khamsat.com/training/school-help/853060-%D8%AD%D9%84-%D9%85%D8%B3%D8%A7%D8%A6%D9%84-%D8%A8%D9%84%D8%BA%D8%A9-%D8%AC%D8%A7%D9%81%D8%A7-%D9%88-c-%D9%85%D9%82%D8%A7%D8%A8%D9%84-5-%D9%84%D9%84%D9%85%D8%B3%D8%A3%D9%84%D8%A9-%D8%A7%D9%84%D8%A8%D8%B3%D9%8A%D8%B7%D8%A9,5.0,4,ساعة,5,0,$5.00,يومين,4,4,55.0,محمود ن.,https://khamsat.com/user/%D9%85%D8%AD%D9%85%D9%88%D8%AF-%D9%86%D8%A8%D9%8A%D9%84-%D9%85%D8%AD%D9%85%D9%88%D8%AF,True,بائع نشيط,5.0,10,89.66%,6,14,3 ساعات
تعليم عن بعد,https://khamsat.com/training,مساعدة بحل الواجبات,https://khamsat.com/training/school-help,مساعدة في إنجاز تمارين وأسئلة تتعلق بتقنية المعلومات (برمجة),https://khamsat.com/training/school-help/1209325-%D9%85%D8%B3%D8%A7%D8%B9%D8%AF%D8%A9-%D9%81%D9%8A-%D8%A5%D9%86%D8%AC%D8%A7%D8%B2-%D8%AA%D9%85%D8%A7%D8%B1%D9%8A%D9%86-%D9%88%D8%A3%D8%B3%D8%A6%D9%84%D8%A9-%D8%AA%D8%AA%D8%B9%D9%84%D9%82-%D8%A8%D8%AA%D9%82%D9%86%D9%8A%D8%A9-%D8%A7%D9%84%D9%85%D8%B9%D9%84%D9%88%D9%85%D8%A7%D8%AA-%D8%A8%D8%B1%D9%85%D8%AC%D8%A9,5.0,7,يوم,10,0,$5.00,يوم واحد,7,5,115.0,حمزة غ.,https://khamsat.com/user/hamza_ghanam,True,بائع مميز,5.0,18,90.32%,5,19,15 ساعة
تعليم عن بعد,https://khamsat.com/training,مساعدة بحل الواجبات,https://khamsat.com/training/school-help,حل واجبات اللغة الانكليزية مع الشرح,https://khamsat.com/training/school-help/2105891-%D8%AD%D9%84-%D9%88%D8%A7%D8%AC%D8%A8%D8%A7%D8%AA-%D8%A7%D9%84%D9%84%D8%BA%D8%A9-%D8%A7%D9%84%D8%A7%D9%86%D9%83%D9%84%D9%8A%D8%B2%D9%8A%D8%A9-%D9%85%D8%B9-%D8%A7%D9%84%D8%B4%D8%B1%D8%AD,5.0,2,3 ساعات,5,0,$5.00,يوم واحد,2,3,20.0,.Amani A,https://khamsat.com/user/amani_r97,True,بائع جديد,5.0,3,100.0%,2,5,ساعة
تعليم عن بعد,https://khamsat.com/training,مساعدة بحل الواجبات,https://khamsat.com/training/school-help,مساعدة في عمل واجبات ومشاريع الجافا,https://khamsat.com/training/school-help/1408710-%D9%85%D8%B3%D8%A7%D8%B9%D8%AF%D8%A9-%D9%81%D9%8A-%D8%B9%D9%85%D9%84-%D9%88%D8%A7%D8%AC%D8%A8%D8%A7%D8%AA-%D9%88%D9%85%D8%B4%D8%A7%D8%B1%D9%8A%D8%B9-%D8%A7%D9%84%D8%AC%D8%A7%D9%81%D8%A7,5.0,34,6 دقائق,38,0,$5.00,يوم واحد,25,5,355.0,محمد غ.,https://khamsat.com/user/spyker,True,بائع مميز,5.0,130,97.01%,4,168,34 دقيقة
تعليم عن بعد,https://khamsat.com/training,حقائب تدريبية,https://khamsat.com/training/training-packages,إعداد حقيبة تدريبية احترافية,https://khamsat.com/training/training-packages/2310755-%D8%A5%D8%B9%D8%AF%D8%A7%D8%AF-%D8%AD%D9%82%D9%8A%D8%A8%D8%A9-%D8%AA%D8%AF%D8%B1%D9%8A%D8%A8%D9%8A%D8%A9-%D8%A7%D8%AD%D8%AA%D8%B1%D8%A7%D9%81%D9%8A%D8%A9,5.0,3,ساعة,3,0,$5.00,يوم واحد,3,5,370.0,.Jehan S,https://khamsat.com/user/jehanshaban,True,بائع مميز,4.5,37,93.06%,3,45,ساعة
تعليم عن بعد,https://khamsat.com/training,حقائب تدريبية,https://khamsat.com/training/training-packages,اعداد حقائب تدريبية احترافية,https://khamsat.com/training/training-packages/2118982-%D8%A7%D8%B9%D8%AF%D8%A7%D8%AF-%D8%AD%D9%82%D8%A7%D8%A6%D8%A8-%D8%AA%D8%AF%D8%B1%D9%8A%D8%A8%D9%8A%D8%A9-%D8%A7%D8%AD%D8%AA%D8%B1%D8%A7%D9%81%D9%8A%D8%A9,4.5,18,3 ساعات,24,0,$5.00,يوم واحد,18,2,55.0,أمينة خ.,https://khamsat.com/user/amna_khaled,True,بائع مميز,4.5,27,85.96%,2,31,ساعة
تعليم عن بعد,https://khamsat.com/training,حقائب تدريبية,https://khamsat.com/training/training-packages,دورة تدريبية إدارة المشروعات الإحترافية PMP,https://khamsat.com/training/training-packages/2735989-%D8%AF%D9%88%D8%B1%D8%A9-%D8%AA%D8%AF%D8%B1%D9%8A%D8%A8%D9%8A%D8%A9-%D8%A5%D8%AF%D8%A7%D8%B1%D8%A9-%D8%A7%D9%84%D9%85%D8%B4%D8%B1%D9%88%D8%B9%D8%A7%D8%AA-%D8%A7%D9%84%D8%A5%D8%AD%D8%AA%D8%B1%D8%A7%D9%81%D9%8A%D8%A9-pmp,5.0,1,8 ساعات,1,2,$10.00,يوم واحد,1,0,0.0,.Ahmed E,https://khamsat.com/user/ahmed678elsayed,True,بائع جديد,5.0,1,75.0%,4,1,22 ساعة
تعليم عن بعد,https://khamsat.com/training,حقائب تدريبية,https://khamsat.com/training/training-packages,حقيبة تدريبية ودورات جاهزة للمدربين في مجالات عديدة,https://khamsat.com/training/training-packages/2545917-%D8%AD%D9%82%D9%8A%D8%A8%D8%A9-%D8%AA%D8%AF%D8%B1%D9%8A%D8%A8%D9%8A%D8%A9-%D9%88%D8%AF%D9%88%D8%B1%D8%A7%D8%AA-%D8%AC%D8%A7%D9%87%D8%B2%D8%A9-%D9%84%D9%84%D9%85%D8%AF%D8%B1%D8%A8%D9%8A%D9%86-%D9%81%D9%8A-%D9%85%D8%AC%D8%A7%D9%84%D8%A7%D8%AA-%D8%B9%D8%AF%D9%8A%D8%AF%D8%A9,4.5,18,50 دقيقة,19,0,$50.00,يوم واحد,18,0,0.0,فداء ح.,https://khamsat.com/user/%D9%81%D8%AF%D8%A7%D8%A1-%D8%AD%D9%88%D8%B1%D8%A7%D9%86%D9%8A,True,بائع مميز,5.0,51,92.69%,3,81,14 ساعة
تعليم عن بعد,https://khamsat.com/training,حقائب تدريبية,https://khamsat.com/training/training-packages,إعداد حقيبة تدريبية احترافية professional portfolio,https://khamsat.com/training/training-packages/1469000-%D8%A5%D8%B9%D8%AF%D8%A7%D8%AF-%D8%AD%D9%82%D9%8A%D8%A8%D8%A9-%D8%AA%D8%AF%D8%B1%D9%8A%D8%A8%D9%8A%D8%A9-%D8%A7%D8%AD%D8%AA%D8%B1%D8%A7%D9%81%D9%8A%D8%A9-professional-portfolio,4.5,19,يوم,39,0,$10.00,أسبوع,19,5,460.0,.Majd S,https://khamsat.com/user/majd_serhan,True,بائع مميز,4.5,24,92.66%,3,44,16 ساعة
تعليم عن بعد,https://khamsat.com/training,حقائب تدريبية,https://khamsat.com/training/training-packages,حقيبة تدريبية لبرنامج الأمن السيبراني,https://khamsat.com/training/training-packages/1324879-%D8%AD%D9%82%D9%8A%D8%A8%D8%A9-%D8%AA%D8%AF%D8%B1%D9%8A%D8%A8%D9%8A%D8%A9-%D9%84%D8%A8%D8%B1%D9%86%D8%A7%D9%85%D8%AC-%D8%A7%D9%84%D8%A3%D9%85%D9%86-%D8%A7%D9%84%D8%B3%D9%8A%D8%A8%D8%B1%D8%A7%D9%86%D9%8A,4.5,23,ساعتين,44,0,$5.00,يوم واحد,23,3,45.0,زهور ا.,https://khamsat.com/user/z0h00r_h,True,بائع مميز,4.5,40,98.13%,1,64,14 ساعة
تعليم عن بعد,https://khamsat.com/training,حقائب تدريبية,https://khamsat.com/training/training-packages,اعداد حقائب تدريبية احترافية,https://khamsat.com/training/training-packages/1089475-%D8%A7%D8%B9%D8%AF%D8%A7%D8%AF-%D8%AD%D9%82%D8%A7%D8%A6%D8%A8-%D8%AA%D8%AF%D8%B1%D9%8A%D8%A8%D9%8A%D8%A9-%D8%A7%D8%AD%D8%AA%D8%B1%D8%A7%D9%81%D9%8A%D8%A9,5.0,36,7 ساعات,76,1,$50.00,أسبوع,25,4,460.0,محمد ا.,https://khamsat.com/user/afifitech,True,بائع مميز,4.5,196,89.2%,10,276,4 ساعات
تعليم عن بعد,https://khamsat.com/training,حقائب تدريبية,https://khamsat.com/training/training-packages,تصميم حقائب تدريبية احترافية متميزة,https://khamsat.com/training/training-packages/2440906-%D8%AA%D8%B5%D9%85%D9%8A%D9%85-%D8%AD%D9%82%D8%A7%D8%A6%D8%A8-%D8%AA%D8%AF%D8%B1%D9%8A%D8%A8%D9%8A%D8%A9-%D8%A7%D8%AD%D8%AA%D8%B1%D8%A7%D9%81%D9%8A%D8%A9-%D9%85%D8%AA%D9%85%D9%8A%D8%B2%D8%A9,5.0,5,أقل من دقيقة,6,0,$10.00,يومين,5,5,65.0,جميل ح.,https://khamsat.com/user/jameelkhamdan_99,True,بائع مميز,5.0,33,88.71%,8,34,ساعتين
تعليم عن بعد,https://khamsat.com/training,حقائب تدريبية,https://khamsat.com/training/training-packages,حقيبة تدريبية لمنهج منتسورى لرياض الأطفال,https://khamsat.com/training/training-packages/1354999-%D8%AD%D9%82%D9%8A%D8%A8%D8%A9-%D8%AA%D8%AF%D8%B1%D9%8A%D8%A8%D9%8A%D8%A9-%D9%84%D9%85%D9%86%D9%87%D8%AC-%D9%85%D9%86%D8%AA%D8%B3%D9%88%D8%B1%D9%89-%D9%84%D8%B1%D9%8A%D8%A7%D8%B6-%D8%A7%D9%84%D8%A3%D8%B7%D9%81%D8%A7%D9%84,5.0,5,ساعة,7,0,$5.00,يومين,5,3,60.0,.Abeer A,https://khamsat.com/user/abeer_99,True,بائع مميز,4.5,21,98.04%,5,36,9 ساعات
تعليم عن بعد,https://khamsat.com/training,حقائب تدريبية,https://khamsat.com/training/training-packages,إعداد وتصميم الحقائب التدريبية,https://khamsat.com/training/training-packages/2794777-%D8%A5%D8%B9%D8%AF%D8%A7%D8%AF-%D9%88%D8%AA%D8%B5%D9%85%D9%8A%D9%85-%D8%A7%D9%84%D8%AD%D9%82%D8%A7%D8%A6%D8%A8-%D8%A7%D9%84%D8%AA%D8%AF%D8%B1%D9%8A%D8%A8%D9%8A%D8%A9,4.5,1,5 ساعات,3,0,$5.00,يوم واحد,1,3,65.0,عبدالرحمن ج.,https://khamsat.com/user/abdo_7amak,True,بائع جديد,4.5,1,100.0%,5,3,5 ساعات
تعليم عن بعد,https://khamsat.com/training,حقائب تدريبية,https://khamsat.com/training/training-packages,احصل على حقيبة تدريبية جاهزة في مجال إدارة فرق العمل..,https://khamsat.com/training/training-packages/1596476-%D8%A7%D8%AD%D8%B5%D9%84-%D8%B9%D9%84%D9%89-%D8%AD%D9%82%D9%8A%D8%A8%D8%A9-%D8%AA%D8%AF%D8%B1%D9%8A%D8%A8%D9%8A%D8%A9-%D8%AC%D8%A7%D9%87%D8%B2%D8%A9-%D9%81%D9%8A-%D9%85%D8%AC%D8%A7%D9%84-%D8%A5%D8%AF%D8%A7%D8%B1%D8%A9-%D9%81%D8%B1%D9%82-%D8%A7%D9%84%D8%B9%D9%85%D9%84,4.5,6,يوم,9,0,$5.00,يوم واحد,6,3,25.0,.Walaa A,https://khamsat.com/user/wlaa-beek,True,بائع نشيط,4.5,6,94.44%,3,9,13 ساعة
تعليم عن بعد,https://khamsat.com/training,حقائب تدريبية,https://khamsat.com/training/training-packages,إعداد حقيبة تدريبية مميزة باللغتين,https://khamsat.com/training/training-packages/1863524-%D8%A5%D8%B9%D8%AF%D8%A7%D8%AF-%D8%AD%D9%82%D9%8A%D8%A8%D8%A9-%D8%AA%D8%AF%D8%B1%D9%8A%D8%A8%D9%8A%D8%A9-%D9%85%D9%85%D9%8A%D8%B2%D8%A9-%D8%A8%D8%A7%D9%84%D9%84%D8%BA%D8%AA%D9%8A%D9%86,5.0,17,4 ساعات,19,0,$10.00,خمسة أيام,17,2,125.0,منى ع.,https://khamsat.com/user/monaabed_77,True,بائع مميز,5.0,82,92.37%,4,48,ساعة
تعليم عن بعد,https://khamsat.com/training,حقائب تدريبية,https://khamsat.com/training/training-packages,استشارات حول أساسيات إدارة وتنظيم الفعاليات,https://khamsat.com/training/training-packages/2565546-%D8%A7%D8%B3%D8%AA%D8%B4%D8%A7%D8%B1%D8%A7%D8%AA-%D8%AD%D9%88%D9%84-%D8%A3%D8%B3%D8%A7%D8%B3%D9%8A%D8%A7%D8%AA-%D8%A5%D8%AF%D8%A7%D8%B1%D8%A9-%D9%88%D8%AA%D9%86%D8%B8%D9%8A%D9%85-%D8%A7%D9%84%D9%81%D8%B9%D8%A7%D9%84%D9%8A%D8%A7%D8%AA,5.0,1,16 دقيقة,1,0,$10.00,يوم واحد,1,3,90.0,.Heba F,https://khamsat.com/user/golden_section,True,بائع نشيط,5.0,11,86.49%,6,17,ساعة
تعليم عن بعد,https://khamsat.com/training,حقائب تدريبية,https://khamsat.com/training/training-packages,"تقديم محتوي متقدم خاص بنظم المعلومات الجغرافية, GIS",https://khamsat.com/training/training-packages/2985401-%D8%AA%D9%82%D8%AF%D9%8A%D9%85-%D9%85%D8%AD%D8%AA%D9%88%D9%8A-%D9%85%D8%AA%D9%82%D8%AF%D9%85-%D8%AE%D8%A7%D8%B5-%D8%A8%D9%86%D8%B8%D9%85-%D8%A7%D9%84%D9%85%D8%B9%D9%84%D9%88%D9%85%D8%A7%D8%AA-%D8%A7%D9%84%D8%AC%D8%BA%D8%B1%D8%A7%D9%81%D9%8A%D8%A9-gis,5.0,1,40 دقيقة,1,0,$5.00,يومين,1,1,10.0,رحاب ف.,https://khamsat.com/user/rehab_fathy,True,بائع جديد,5.0,1,100.0%,4,1,40 دقيقة
تعليم عن بعد,https://khamsat.com/training,حقائب تدريبية,https://khamsat.com/training/training-packages,تصميم حقائب تدريبة احترافية على برنامج PowerPoint,https://khamsat.com/training/training-packages/1672570-%D8%AA%D8%B5%D9%85%D9%8A%D9%85-%D8%AD%D9%82%D8%A7%D8%A6%D8%A8-%D8%AA%D8%AF%D8%B1%D9%8A%D8%A8%D8%A9-%D8%A7%D8%AD%D8%AA%D8%B1%D8%A7%D9%81%D9%8A%D8%A9-%D8%B9%D9%84%D9%89-%D8%A8%D8%B1%D9%86%D8%A7%D9%85%D8%AC-powerpoint,5.0,1,13 ساعة,2,0,$5.00,يوم واحد,1,1,5.0,رشاد ا.,https://khamsat.com/user/rashad_rs,True,بائع نشيط,5.0,4,95.83%,2,5,4 ساعات
تعليم عن بعد,https://khamsat.com/training,حقائب تدريبية,https://khamsat.com/training/training-packages,حقيبة كيفية إعداد حقيبة تدريبية احترافية شاملة,https://khamsat.com/training/training-packages/2685717-%D8%AD%D9%82%D9%8A%D8%A8%D8%A9-%D9%83%D9%8A%D9%81%D9%8A%D8%A9-%D8%A5%D8%B9%D8%AF%D8%A7%D8%AF-%D8%AD%D9%82%D9%8A%D8%A8%D8%A9-%D8%AA%D8%AF%D8%B1%D9%8A%D8%A8%D9%8A%D8%A9-%D8%A7%D8%AD%D8%AA%D8%B1%D8%A7%D9%81%D9%8A%D8%A9-%D8%B4%D8%A7%D9%85%D9%84%D8%A9,5.0,2,3 دقائق,3,1,$10.00,خمسة أيام,2,3,50.0,أسماء أ.,https://khamsat.com/user/asmaaababker,True,بائع نشيط,5.0,7,100.0%,5,8,36 دقيقة
تعليم عن بعد,https://khamsat.com/training,حقائب تدريبية,https://khamsat.com/training/training-packages,أعداد حقيبة تدريبية,https://khamsat.com/training/training-packages/1524260-%D8%A3%D8%B9%D8%AF%D8%A7%D8%AF-%D8%AD%D9%82%D9%8A%D8%A8%D8%A9-%D8%AA%D8%AF%D8%B1%D9%8A%D8%A8%D9%8A%D8%A9,3.5,3,يوم,5,0,$5.00,ثلاثة أيام,3,4,285.0,.Ahmed A,https://khamsat.com/user/afifi82,True,بائع نشيط,3.5,3,88.46%,5,5,يوم
تعليم عن بعد,https://khamsat.com/training,حقائب تدريبية,https://khamsat.com/training/training-packages,تصميم حقائب تدريبية احترافية,https://khamsat.com/training/training-packages/2196159-%D8%AA%D8%B5%D9%85%D9%8A%D9%85-%D8%AD%D9%82%D8%A7%D8%A6%D8%A8-%D8%AA%D8%AF%D8%B1%D9%8A%D8%A8%D9%8A%D8%A9-%D8%A7%D8%AD%D8%AA%D8%B1%D8%A7%D9%81%D9%8A%D8%A9,4.5,4,يوم,6,0,$5.00,يومين,4,4,235.0,.Mohamed D,https://khamsat.com/user/mohamed_dahy,True,بائع نشيط,4.5,12,68.89%,4,19,يوم
تعليم عن بعد,https://khamsat.com/training,حقائب تدريبية,https://khamsat.com/training/training-packages,إعداد وتصميم الحقائب التدريبية للندوات والمؤتمرات وورش العمل,https://khamsat.com/training/training-packages/868665-%D8%A5%D8%B9%D8%AF%D8%A7%D8%AF-%D9%88%D8%AA%D8%B5%D9%85%D9%8A%D9%85-%D8%A7%D9%84%D8%AD%D9%82%D8%A7%D8%A6%D8%A8-%D8%A7%D9%84%D8%AA%D8%AF%D8%B1%D9%8A%D8%A8%D9%8A%D8%A9-%D9%84%D9%84%D9%86%D8%AF%D9%88%D8%A7%D8%AA-%D9%88%D8%A7%D9%84%D9%85%D8%A4%D8%AA%D9%85%D8%B1%D8%A7%D8%AA-%D9%88%D9%88%D8%B1%D8%B4-%D8%A7%D9%84%D8%B9%D9%85%D9%84,4.5,29,3 ساعات,37,2,$10.00,أربعة أيام,25,3,250.0,محمد ا.,https://khamsat.com/user/mohammed-alanany,True,بائع مميز,4.5,36,95.64%,6,48,9 ساعات
تعليم عن بعد,https://khamsat.com/training,حقائب تدريبية,https://khamsat.com/training/training-packages,إعداد محتوى حقيبة تدريبية,https://khamsat.com/training/training-packages/1570716-%D8%A5%D8%B9%D8%AF%D8%A7%D8%AF-%D9%85%D8%AD%D8%AA%D9%88%D9%89-%D8%AD%D9%82%D9%8A%D8%A8%D8%A9-%D8%AA%D8%AF%D8%B1%D9%8A%D8%A8%D9%8A%D8%A9,4.5,11,ساعة,13,0,$10.00,يوم واحد,11,4,185.0,ياسر ا.,https://khamsat.com/user/yosri_97,True,بائع نشيط,4.5,16,62.16%,2,17,39 دقيقة
تعليم عن بعد,https://khamsat.com/training,حقائب تدريبية,https://khamsat.com/training/training-packages,حقائب تدربية فى مهارة إدارة الأزمات,https://khamsat.com/training/training-packages/1940045-%D8%AD%D9%82%D8%A7%D8%A6%D8%A8-%D8%AA%D8%AF%D8%B1%D8%A8%D9%8A%D8%A9-%D9%81%D9%89-%D9%85%D9%87%D8%A7%D8%B1%D8%A9-%D8%A5%D8%AF%D8%A7%D8%B1%D8%A9-%D8%A7%D9%84%D8%A3%D8%B2%D9%85%D8%A7%D8%AA,4.5,7,44 دقيقة,11,0,$5.00,يوم واحد,7,1,5.0,على ا.,https://khamsat.com/user/dralidawod,True,بائع مميز,4.5,39,96.97%,11,69,4 ساعات
تعليم عن بعد,https://khamsat.com/training,حقائب تدريبية,https://khamsat.com/training/training-packages,حلول كتب مدارس المنهاج الدولي البريطاني cambridge,https://khamsat.com/training/training-packages/2738227-%D8%AD%D9%84%D9%88%D9%84-%D9%83%D8%AA%D8%A8-%D9%85%D8%AF%D8%A7%D8%B1%D8%B3-%D8%A7%D9%84%D9%85%D9%86%D9%87%D8%A7%D8%AC-%D8%A7%D9%84%D8%AF%D9%88%D9%84%D9%8A-%D8%A7%D9%84%D8%A8%D8%B1%D9%8A%D8%B7%D8%A7%D9%86%D9%8A-cambridge,5.0,1,16 دقيقة,2,0,$5.00,يوم واحد,1,1,5.0,.Abdelrahman A,https://khamsat.com/user/abedahmad2,True,مشتري مميز,5.0,1,57.14%,1,3,3 ساعات
تعليم عن بعد,https://khamsat.com/training,حقائب تدريبية,https://khamsat.com/training/training-packages,حقيبة مدرب السوروبان للاطفال والتلاميذ,https://khamsat.com/training/training-packages/1604042-%D8%AD%D9%82%D9%8A%D8%A8%D8%A9-%D9%85%D8%AF%D8%B1%D8%A8-%D8%A7%D9%84%D8%B3%D9%88%D8%B1%D9%88%D8%A8%D8%A7%D9%86-%D9%84%D9%84%D8%A7%D8%B7%D9%81%D8%A7%D9%84-%D9%88%D8%A7%D9%84%D8%AA%D9%84%D8%A7%D9%85%D9%8A%D8%B0,5.0,3,7 أيام,3,0,$5.00,يوم واحد,3,0,0.0,.Nabil H,https://khamsat.com/user/elhamzaouinabil,True,بائع جديد,5.0,3,100.0%,4,3,8 أيام
تعليم عن بعد,https://khamsat.com/training,حقائب تدريبية,https://khamsat.com/training/training-packages,حقائب تدربية فى مهارة الوعى الذاتى,https://khamsat.com/training/training-packages/1940025-%D8%AD%D9%82%D8%A7%D8%A6%D8%A8-%D8%AA%D8%AF%D8%B1%D8%A8%D9%8A%D8%A9-%D9%81%D9%89-%D9%85%D9%87%D8%A7%D8%B1%D8%A9-%D8%A7%D9%84%D9%88%D8%B9%D9%89-%D8%A7%D9%84%D8%B0%D8%A7%D8%AA%D9%89,5.0,5,25 دقيقة,6,0,$5.00,يومين,5,1,5.0,على ا.,https://khamsat.com/user/dralidawod,True,بائع مميز,4.5,39,96.97%,11,69,4 ساعات
تعليم عن بعد,https://khamsat.com/training,حقائب تدريبية,https://khamsat.com/training/training-packages,تصميم واعداد حقيبة تدريبية مميزة في ريادة الاعمال والمشاريع,https://khamsat.com/training/training-packages/2447309-%D8%AA%D8%B5%D9%85%D9%8A%D9%85-%D9%88%D8%A7%D8%B9%D8%AF%D8%A7%D8%AF-%D8%AD%D9%82%D9%8A%D8%A8%D8%A9-%D8%AA%D8%AF%D8%B1%D9%8A%D8%A8%D9%8A%D8%A9-%D9%85%D9%85%D9%8A%D8%B2%D8%A9-%D9%81%D9%8A-%D8%B1%D9%8A%D8%A7%D8%AF%D8%A9-%D8%A7%D9%84%D8%A7%D8%B9%D9%85%D8%A7%D9%84-%D9%88%D8%A7%D9%84%D9%85%D8%B4%D8%A7%D8%B1%D9%8A%D8%B9,5.0,2,3 ساعات,4,0,$10.00,يوم واحد,2,3,250.0,.Abedallh A,https://khamsat.com/user/abedallh_99,True,بائع مميز,3.5,21,86.67%,8,24,47 دقيقة
تعليم عن بعد,https://khamsat.com/training,حقائب تدريبية,https://khamsat.com/training/training-packages,حقائب تدريبة قيمة فى ادارة الوقت,https://khamsat.com/training/training-packages/1715317-%D8%AD%D9%82%D8%A7%D8%A6%D8%A8-%D8%AA%D8%AF%D8%B1%D9%8A%D8%A8%D8%A9-%D9%82%D9%8A%D9%85%D8%A9-%D9%81%D9%89-%D8%A7%D8%AF%D8%A7%D8%B1%D8%A9-%D8%A7%D9%84%D9%88%D9%82%D8%AA,5.0,4,3 ساعات,13,0,$10.00,يوم واحد,4,1,10.0,على ا.,https://khamsat.com/user/dralidawod,True,بائع مميز,4.5,39,96.97%,11,69,4 ساعات
تعليم عن بعد,https://khamsat.com/training,حقائب تدريبية,https://khamsat.com/training/training-packages,إعداد حقائب تدريبية مميزة,https://khamsat.com/training/training-packages/1793150-%D8%A5%D8%B9%D8%AF%D8%A7%D8%AF-%D8%AD%D9%82%D8%A7%D8%A6%D8%A8-%D8%AA%D8%AF%D8%B1%D9%8A%D8%A8%D9%8A%D8%A9-%D9%85%D9%85%D9%8A%D8%B2%D8%A9,5.0,14,ساعتين,16,0,$5.00,يوم واحد,14,4,170.0,نورة أ.,https://khamsat.com/user/nouraabodan,True,بائع مميز,4.5,127,99.55%,5,123,6 ساعات
تعليم عن بعد,https://khamsat.com/training,حقائب تدريبية,https://khamsat.com/training/training-packages,صياغة الحقائب التدريبية بالمعايير الدولية المعتمدة,https://khamsat.com/training/training-packages/2130037-%D8%B5%D9%8A%D8%A7%D8%BA%D8%A9-%D8%A7%D9%84%D8%AD%D9%82%D8%A7%D8%A6%D8%A8-%D8%A7%D9%84%D8%AA%D8%AF%D8%B1%D9%8A%D8%A8%D9%8A%D8%A9-%D8%A8%D8%A7%D9%84%D9%85%D8%B9%D8%A7%D9%8A%D9%8A%D8%B1-%D8%A7%D9%84%D8%AF%D9%88%D9%84%D9%8A%D8%A9-%D8%A7%D9%84%D9%85%D8%B9%D8%AA%D9%85%D8%AF%D8%A9,4.5,10,46 دقيقة,21,1,$5.00,يومين,10,3,200.0,أحمد ا.,https://khamsat.com/user/a0500908169,True,بائع مميز,4.5,11,91.38%,3,22,5 ساعات
تعليم عن بعد,https://khamsat.com/training,حقائب تدريبية,https://khamsat.com/training/training-packages,تصميم حقائب تدريبية مميزة ومتكاملة,https://khamsat.com/training/training-packages/2131218-%D8%AA%D8%B5%D9%85%D9%8A%D9%85-%D8%AD%D9%82%D8%A7%D8%A6%D8%A8-%D8%AA%D8%AF%D8%B1%D9%8A%D8%A8%D9%8A%D8%A9-%D9%85%D9%85%D9%8A%D8%B2%D8%A9-%D9%88%D9%85%D8%AA%D9%83%D8%A7%D9%85%D9%84%D8%A9,5.0,4,21 دقيقة,4,0,$5.00,خمسة أيام,4,5,260.0,ساره ص.,https://khamsat.com/user/sarasabry32,True,بائع مميز,5.0,23,89.71%,4,25,يومين
تعليم عن بعد,https://khamsat.com/training,حقائب تدريبية,https://khamsat.com/training/training-packages,إعداد وتصميم حقائب تدريبية,https://khamsat.com/training/training-packages/2745671-%D8%A5%D8%B9%D8%AF%D8%A7%D8%AF-%D9%88%D8%AA%D8%B5%D9%85%D9%8A%D9%85-%D8%AD%D9%82%D8%A7%D8%A6%D8%A8-%D8%AA%D8%AF%D8%B1%D9%8A%D8%A8%D9%8A%D8%A9,5.0,2,32 دقيقة,4,0,$5.00,يوم واحد,2,4,120.0,.Ahmed A,https://khamsat.com/user/ahmed_ashraf_77,True,بائع جديد,5.0,4,66.67%,3,6,ساعة
