Category Name,Category URL,Service Name,Service URL,Offer Name,Offer URL,Offer Stars,Offer Raters,Offer Response Time,Offer Buyers,Pending,Price,Duration,Reviews,Available Additions,Additions Price,Owner Name,Owner URL,Owner Verified,Owner Level,Owner Stars,Owner Raters,Owner Completion Rate,Owner Services,Owner Customers,Owner Response Time
صوتيات,https://khamsat.com/audio,تعليق صوتي,https://khamsat.com/audio/voice-over,تعليق صوتي نسائي (لهجة خليجية),https://khamsat.com/audio/voice-over/1868928-%D8%AA%D8%B9%D9%84%D9%8A%D9%82-%D8%B5%D9%88%D8%AA%D9%8A-%D9%86%D8%B3%D8%A7%D8%A6%D9%8A-%D9%84%D9%87%D8%AC%D8%A9-%D8%AE%D9%84%D9%8A%D8%AC%D9%8A%D8%A9,5.0,105,50 دقيقة,170,0,$5.00,يوم واحد,25,5,75.0,.Lamiaa S,https://khamsat.com/user/lamiaa-sallam,True,بائع مميز,5.0,250,97.13%,5,356,ساعة
صوتيات,https://khamsat.com/audio,تعليق صوتي,https://khamsat.com/audio/voice-over,تعليق وتسجيل صوتي إحترافي باللهجة الخليجية للموشن جرافيك,https://khamsat.com/audio/voice-over/2722614-%D8%AA%D8%B9%D9%84%D9%8A%D9%82-%D9%88%D8%AA%D8%B3%D8%AC%D9%8A%D9%84-%D8%B5%D9%88%D8%AA%D9%8A-%D8%A5%D8%AD%D8%AA%D8%B1%D8%A7%D9%81%D9%8A-%D8%A8%D8%A7%D9%84%D9%84%D9%87%D8%AC%D8%A9-%D8%A7%D9%84%D8%AE%D9%84%D9%8A%D8%AC%D9%8A%D8%A9-%D9%84%D9%84%D9%85%D9%88%D8%B4%D9%86-%D8%AC%D8%B1%D8%A7%D9%81%D9%8A%D9%83,5.0,3,ساعة,7,0,$15.00,يوم واحد,3,3,35.0,.Sumaiya A,https://khamsat.com/user/soma149,True,بائع موثوق,5.0,70,98.34%,3,101,20 ساعة
صوتيات,https://khamsat.com/audio,تعليق صوتي,https://khamsat.com/audio/voice-over,تعليق صوتي إحترافي باللغة العربية الفصحى و الدارجة المغربية,https://khamsat.com/audio/voice-over/3024225-%D8%AA%D8%B9%D9%84%D9%8A%D9%82-%D8%B5%D9%88%D8%AA%D9%8A-%D8%A5%D8%AD%D8%AA%D8%B1%D8%A7%D9%81%D9%8A-%D8%A8%D8%A7%D9%84%D9%84%D8%BA%D8%A9-%D8%A7%D9%84%D8%B9%D8%B1%D8%A8%D9%8A%D8%A9-%D8%A7%D9%84%D9%81%D8%B5%D8%AD%D9%89-%D9%88-%D8%A7%D9%84%D8%AF%D8%A7%D8%B1%D8%AC%D8%A9-%D8%A7%D9%84%D9%85%D8%BA%D8%B1%D8%A8%D9%8A%D8%A9,5.0,2,49 دقيقة,2,0,$5.00,يوم واحد,2,2,20.0,.Siham A,https://khamsat.com/user/siham_abdel1,True,بائع جديد,5.0,2,100.0%,1,2,49 دقيقة
صوتيات,https://khamsat.com/audio,تعليق صوتي,https://khamsat.com/audio/voice-over,تعليق صوتي نسائي احترافي بكافة الألوان الصوتية,https://khamsat.com/audio/voice-over/2640373-%D8%AA%D8%B9%D9%84%D9%8A%D9%82-%D8%B5%D9%88%D8%AA%D9%8A-%D9%86%D8%B3%D8%A7%D8%A6%D9%8A-%D8%A7%D8%AD%D8%AA%D8%B1%D8%A7%D9%81%D9%8A-%D8%A8%D9%83%D8%A7%D9%81%D8%A9-%D8%A7%D9%84%D8%A3%D9%84%D9%88%D8%A7%D9%86-%D8%A7%D9%84%D8%B5%D9%88%D8%AA%D9%8A%D8%A9,5.0,17,6 دقائق,20,0,$5.00,يوم واحد,17,5,100.0,ألاء د.,https://khamsat.com/user/alaa_diab95,True,بائع مميز,5.0,90,99.47%,4,99,13 دقيقة
صوتيات,https://khamsat.com/audio,تعليق صوتي,https://khamsat.com/audio/voice-over,بلهجة خليجية تعليق صوتي احترافي بصوت نسائي,https://khamsat.com/audio/voice-over/2824068-%D8%A8%D9%84%D9%87%D8%AC%D8%A9-%D8%AE%D9%84%D9%8A%D8%AC%D9%8A%D8%A9-%D8%AA%D8%B9%D9%84%D9%8A%D9%82-%D8%B5%D9%88%D8%AA%D9%8A-%D8%A7%D8%AD%D8%AA%D8%B1%D8%A7%D9%81%D9%8A-%D8%A8%D8%B5%D9%88%D8%AA-%D9%86%D8%B3%D8%A7%D8%A6%D9%8A,5.0,25,ساعة,37,0,$10.00,يوم واحد,25,4,80.0,.Alaa S,https://khamsat.com/user/alaa_saber23,True,بائع مميز,5.0,30,95.52%,3,40,ساعة
صوتيات,https://khamsat.com/audio,تعليق صوتي,https://khamsat.com/audio/voice-over,احصل على تسجيل صوتي احترافي لنصوصك خليجي_فصحى,https://khamsat.com/audio/voice-over/1280796-%D8%A7%D8%AD%D8%B5%D9%84-%D8%B9%D9%84%D9%89-%D8%AA%D8%B3%D8%AC%D9%8A%D9%84-%D8%B5%D9%88%D8%AA%D9%8A-%D8%A7%D8%AD%D8%AA%D8%B1%D8%A7%D9%81%D9%8A-%D9%84%D9%86%D8%B5%D9%88%D8%B5%D9%83-%D8%AE%D9%84%D9%8A%D8%AC%D9%8A_%D9%81%D8%B5%D8%AD%D9%89,4.5,180,ساعة,237,0,$5.00,ثلاثة أيام,25,5,120.0,أمير ا.,https://khamsat.com/user/ameer_almidane,True,بائع مميز,4.5,180,98.86%,1,237,ساعة
صوتيات,https://khamsat.com/audio,تعليق صوتي,https://khamsat.com/audio/voice-over,تعليق صوتي لكل مشاريعكم بصوت رجالي دافئ و تسجيل نقي,https://khamsat.com/audio/voice-over/1410845-%D8%AA%D8%B9%D9%84%D9%8A%D9%82-%D8%B5%D9%88%D8%AA%D9%8A-%D9%84%D9%83%D9%84-%D9%85%D8%B4%D8%A7%D8%B1%D9%8A%D8%B9%D9%83%D9%85-%D8%A8%D8%B5%D9%88%D8%AA-%D8%B1%D8%AC%D8%A7%D9%84%D9%8A-%D8%AF%D8%A7%D9%81%D8%A6-%D9%88-%D8%AA%D8%B3%D8%AC%D9%8A%D9%84-%D9%86%D9%82%D9%8A,5.0,35,3 أيام,43,0,$10.00,يومين,25,1,40.0,.Amine Taha Z,https://khamsat.com/user/amine_taha_vo,True,بائع مميز,5.0,35,97.04%,1,43,3 أيام
صوتيات,https://khamsat.com/audio,تعليق صوتي,https://khamsat.com/audio/voice-over,تعليق صوتي احترافي للموشن جرافيك,https://khamsat.com/audio/voice-over/451782-%D8%AA%D8%B9%D9%84%D9%8A%D9%82-%D8%B5%D9%88%D8%AA%D9%8A-%D8%A7%D8%AD%D8%AA%D8%B1%D8%A7%D9%81%D9%8A-%D9%84%D9%84%D9%85%D9%88%D8%B4%D9%86-%D8%AC%D8%B1%D8%A7%D9%81%D9%8A%D9%83,5.0,291,11 ساعة,450,0,$50.00,يوم واحد,25,3,350.0,.Ahmad A,https://khamsat.com/user/ahmad.aljerbi,True,بائع موثوق,5.0,343,95.51%,3,485,18 ساعة
صوتيات,https://khamsat.com/audio,تعليق صوتي,https://khamsat.com/audio/voice-over,تعليق صوتي لهجة سعودية باحترافية عالية,https://khamsat.com/audio/voice-over/2224070-%D8%AA%D8%B9%D9%84%D9%8A%D9%82-%D8%B5%D9%88%D8%AA%D9%8A-%D9%84%D9%87%D8%AC%D8%A9-%D8%B3%D8%B9%D9%88%D8%AF%D9%8A%D8%A9-%D8%A8%D8%A7%D8%AD%D8%AA%D8%B1%D8%A7%D9%81%D9%8A%D8%A9-%D8%B9%D8%A7%D9%84%D9%8A%D8%A9,5.0,52,3 ساعات,61,0,$5.00,يوم واحد,25,4,195.0,.Omaima H,https://khamsat.com/user/omaima2020mahmoud,True,بائع مميز,5.0,87,96.27%,3,89,3 ساعات
صوتيات,https://khamsat.com/audio,تعليق صوتي,https://khamsat.com/audio/voice-over,تعليق صوتي احترافي مميز بصوت فخم جهوري سعودي فصحى خليجي لكل مشاريعك الصوتية,https://khamsat.com/audio/voice-over/2804762-%D8%AA%D8%B9%D9%84%D9%8A%D9%82-%D8%B5%D9%88%D8%AA%D9%8A-%D8%A7%D8%AD%D8%AA%D8%B1%D8%A7%D9%81%D9%8A-%D9%85%D9%85%D9%8A%D8%B2-%D8%A8%D8%B5%D9%88%D8%AA-%D9%81%D8%AE%D9%85-%D8%AC%D9%87%D9%88%D8%B1%D9%8A-%D8%B3%D8%B9%D9%88%D8%AF%D9%8A-%D9%81%D8%B5%D8%AD%D9%89-%D8%AE%D9%84%D9%8A%D8%AC%D9%8A-%D9%84%D9%83%D9%84-%D9%85%D8%B4%D8%A7%D8%B1%D9%8A%D8%B9%D9%83-%D8%A7%D9%84%D8%B5%D9%88%D8%AA%D9%8A%D8%A9,5.0,12,7 ساعات,18,0,$5.00,يوم واحد,12,5,75.0,أحمد ي.,https://khamsat.com/user/a7mdmu,True,بائع نشيط,5.0,12,97.06%,1,18,7 ساعات
صوتيات,https://khamsat.com/audio,تعليق صوتي,https://khamsat.com/audio/voice-over,تعليق صوتي خليجي ل فيديو موشن جرافيك,https://khamsat.com/audio/voice-over/2457701-%D8%AA%D8%B9%D9%84%D9%8A%D9%82-%D8%B5%D9%88%D8%AA%D9%8A-%D8%AE%D9%84%D9%8A%D8%AC%D9%8A-%D9%84-%D9%81%D9%8A%D8%AF%D9%8A%D9%88-%D9%85%D9%88%D8%B4%D9%86-%D8%AC%D8%B1%D8%A7%D9%81%D9%8A%D9%83,5.0,24,5 ساعات,29,0,$5.00,يوم واحد,24,5,95.0,.Rami A,https://khamsat.com/user/ramyalmoghany,True,بائع مميز,5.0,24,100.0%,1,29,ساعتين
صوتيات,https://khamsat.com/audio,تعليق صوتي,https://khamsat.com/audio/voice-over,التعليق الصوتي الإحترافي على أعمالك وأفكارك,https://khamsat.com/audio/voice-over/709420-%D8%A7%D9%84%D8%AA%D8%B9%D9%84%D9%8A%D9%82-%D8%A7%D9%84%D8%B5%D9%88%D8%AA%D9%8A-%D8%A7%D9%84%D8%A5%D8%AD%D8%AA%D8%B1%D8%A7%D9%81%D9%8A-%D8%B9%D9%84%D9%89-%D8%A3%D8%B9%D9%85%D8%A7%D9%84%D9%83-%D9%88%D8%A3%D9%81%D9%83%D8%A7%D8%B1%D9%83,5.0,324,ساعتين,399,2,$5.00,ثلاثة أيام,25,5,120.0,سليمان ا.,https://khamsat.com/user/%D8%B3%D9%84%D9%8A%D9%85%D8%A7%D9%86-%D8%A7%D9%84%D9%85%D9%8A%D8%AF%D8%A7%D9%86%D9%8A,True,بائع موثوق,5.0,335,99.03%,1,401,ساعة
صوتيات,https://khamsat.com/audio,تعليق صوتي,https://khamsat.com/audio/voice-over,تعليق صوتي على النصوص بألوان متعددة,https://khamsat.com/audio/voice-over/2396274-%D8%AA%D8%B9%D9%84%D9%8A%D9%82-%D8%B5%D9%88%D8%AA%D9%8A-%D8%B9%D9%84%D9%89-%D8%A7%D9%84%D9%86%D8%B5%D9%88%D8%B5-%D8%A8%D8%A3%D9%84%D9%88%D8%A7%D9%86-%D9%85%D8%AA%D8%B9%D8%AF%D8%AF%D8%A9,5.0,12,10 ساعات,18,0,$15.00,يوم واحد,12,1,5.0,صهيب ج.,https://khamsat.com/user/souhaib_jomaa,True,بائع مميز,5.0,60,99.43%,3,75,11 ساعة
صوتيات,https://khamsat.com/audio,تعليق صوتي,https://khamsat.com/audio/voice-over,التعليق الصوتي باللغة العربية واللهجة الخليجية ل30ث,https://khamsat.com/audio/voice-over/1828021-%D8%A7%D9%84%D8%AA%D8%B9%D9%84%D9%8A%D9%82-%D8%A7%D9%84%D8%B5%D9%88%D8%AA%D9%8A-%D8%A8%D8%A7%D9%84%D9%84%D8%BA%D8%A9-%D8%A7%D9%84%D8%B9%D8%B1%D8%A8%D9%8A%D8%A9-%D9%88%D8%A7%D9%84%D9%84%D9%87%D8%AC%D8%A9-%D8%A7%D9%84%D8%AE%D9%84%D9%8A%D8%AC%D9%8A%D8%A9-%D9%8430%D8%AB,5.0,152,4 ساعات,191,0,$5.00,يوم واحد,25,5,100.0,.Haneen S,https://khamsat.com/user/haneen_salameh,True,بائع مميز,5.0,159,98.28%,2,195,ساعتين
صوتيات,https://khamsat.com/audio,تعليق صوتي,https://khamsat.com/audio/voice-over,تعليق صوتي سعودي احترافي للموشن جرافيك وفيديوهات الدعاية,https://khamsat.com/audio/voice-over/2400741-%D8%AA%D8%B9%D9%84%D9%8A%D9%82-%D8%B5%D9%88%D8%AA%D9%8A-%D8%B3%D8%B9%D9%88%D8%AF%D9%8A-%D8%A7%D8%AD%D8%AA%D8%B1%D8%A7%D9%81%D9%8A-%D9%84%D9%84%D9%85%D9%88%D8%B4%D9%86-%D8%AC%D8%B1%D8%A7%D9%81%D9%8A%D9%83-%D9%88%D9%81%D9%8A%D8%AF%D9%8A%D9%88%D9%87%D8%A7%D8%AA-%D8%A7%D9%84%D8%AF%D8%B9%D8%A7%D9%8A%D8%A9,5.0,28,5 ساعات,36,0,$10.00,يوم واحد,25,4,185.0,.Omaima H,https://khamsat.com/user/omaima2020mahmoud,True,بائع مميز,5.0,87,96.27%,3,89,3 ساعات
صوتيات,https://khamsat.com/audio,تعليق صوتي,https://khamsat.com/audio/voice-over,التعليق الصوتي باللغتين العربية والإنجليزية,https://khamsat.com/audio/voice-over/2176036-%D8%A7%D9%84%D8%AA%D8%B9%D9%84%D9%8A%D9%82-%D8%A7%D9%84%D8%B5%D9%88%D8%AA%D9%8A-%D8%A8%D8%A7%D9%84%D9%84%D8%BA%D8%AA%D9%8A%D9%86-%D8%A7%D9%84%D8%B9%D8%B1%D8%A8%D9%8A%D8%A9-%D9%88%D8%A7%D9%84%D8%A5%D9%86%D8%AC%D9%84%D9%8A%D8%B2%D9%8A%D8%A9,5.0,11,31 دقيقة,18,0,$10.00,يوم واحد,11,5,200.0,.Mohamed M,https://khamsat.com/user/mohammad_noureldin,True,بائع مميز,5.0,50,92.67%,5,80,7 ساعات
صوتيات,https://khamsat.com/audio,تعليق صوتي,https://khamsat.com/audio/voice-over,تسجيل صوت نسائي لفيديوهاتك 5$ لثلاثين كلمة,https://khamsat.com/audio/voice-over/853134-%D8%AA%D8%B3%D8%AC%D9%8A%D9%84-%D8%B5%D9%88%D8%AA-%D9%86%D8%B3%D8%A7%D8%A6%D9%8A-%D9%84%D9%81%D9%8A%D8%AF%D9%8A%D9%88%D9%87%D8%A7%D8%AA%D9%83-5-%D9%84%D8%AB%D9%84%D8%A7%D8%AB%D9%8A%D9%86-%D9%83%D9%84%D9%85%D8%A9,5.0,31,14 ساعة,41,0,$5.00,يومين,25,5,395.0,.Marwa A,https://khamsat.com/user/software-engineer,True,بائع مميز,5.0,42,98.36%,1,59,4 ساعات
صوتيات,https://khamsat.com/audio,تعليق صوتي,https://khamsat.com/audio/voice-over,تعليق صوتي بصوت مميز لمشاريعكم اعلانات وثائقي لهجات,https://khamsat.com/audio/voice-over/2536437-%D8%AA%D8%B9%D9%84%D9%8A%D9%82-%D8%B5%D9%88%D8%AA%D9%8A-%D8%A8%D8%B5%D9%88%D8%AA-%D9%85%D9%85%D9%8A%D8%B2-%D9%84%D9%85%D8%B4%D8%A7%D8%B1%D9%8A%D8%B9%D9%83%D9%85-%D8%A7%D8%B9%D9%84%D8%A7%D9%86%D8%A7%D8%AA-%D9%88%D8%AB%D8%A7%D8%A6%D9%82%D9%8A-%D9%84%D9%87%D8%AC%D8%A7%D8%AA,4.5,35,ساعة,50,0,$10.00,يوم واحد,25,2,55.0,أسامة ح.,https://khamsat.com/user/oussamahaddadvo,True,بائع مميز,4.5,35,87.72%,1,50,ساعة
صوتيات,https://khamsat.com/audio,تعليق صوتي,https://khamsat.com/audio/voice-over,التعليق الصوتي الاحترافي باللغة العربية والانجليزية,https://khamsat.com/audio/voice-over/1700029-%D8%A7%D9%84%D8%AA%D8%B9%D9%84%D9%8A%D9%82-%D8%A7%D9%84%D8%B5%D9%88%D8%AA%D9%8A-%D8%A7%D9%84%D8%A7%D8%AD%D8%AA%D8%B1%D8%A7%D9%81%D9%8A-%D8%A8%D8%A7%D9%84%D9%84%D8%BA%D8%A9-%D8%A7%D9%84%D8%B9%D8%B1%D8%A8%D9%8A%D8%A9-%D9%88%D8%A7%D9%84%D8%A7%D9%86%D8%AC%D9%84%D9%8A%D8%B2%D9%8A%D8%A9,5.0,46,3 ساعات,53,0,$25.00,يوم واحد,25,5,170.0,.Dina F,https://khamsat.com/user/dina_fahim,True,بائع مميز,5.0,50,97.76%,2,58,3 ساعات
صوتيات,https://khamsat.com/audio,تعليق صوتي,https://khamsat.com/audio/voice-over,تعليق صوتي احترافي باللغة العربية الفصحى وباللهجة السعودية,https://khamsat.com/audio/voice-over/2083875-%D8%AA%D8%B9%D9%84%D9%8A%D9%82-%D8%B5%D9%88%D8%AA%D9%8A-%D8%A7%D8%AD%D8%AA%D8%B1%D8%A7%D9%81%D9%8A-%D8%A8%D8%A7%D9%84%D9%84%D8%BA%D8%A9-%D8%A7%D9%84%D8%B9%D8%B1%D8%A8%D9%8A%D8%A9-%D8%A7%D9%84%D9%81%D8%B5%D8%AD%D9%89-%D9%88%D8%A8%D8%A7%D9%84%D9%84%D9%87%D8%AC%D8%A9-%D8%A7%D9%84%D8%B3%D8%B9%D9%88%D8%AF%D9%8A%D8%A9,4.5,43,7 ساعات,60,0,$50.00,يومين,25,5,415.0,تركي م.,https://khamsat.com/user/turki_vo,True,بائع مميز,4.5,43,95.93%,1,60,7 ساعات
صوتيات,https://khamsat.com/audio,تعليق صوتي,https://khamsat.com/audio/voice-over,تعليق صوتي وثائقي اعلاني اخباري,https://khamsat.com/audio/voice-over/2308225-%D8%AA%D8%B9%D9%84%D9%8A%D9%82-%D8%B5%D9%88%D8%AA%D9%8A-%D9%88%D8%AB%D8%A7%D8%A6%D9%82%D9%8A-%D8%A7%D8%B9%D9%84%D8%A7%D9%86%D9%8A-%D8%A7%D8%AE%D8%A8%D8%A7%D8%B1%D9%8A,5.0,7,29 دقيقة,7,0,$5.00,يومين,7,3,35.0,مروة أ.,https://khamsat.com/user/marwa_salah1997,True,بائع نشيط,5.0,7,97.06%,2,7,50 دقيقة
صوتيات,https://khamsat.com/audio,تعليق صوتي,https://khamsat.com/audio/voice-over,تعليق صوتى احترافى بأداء مميز وجذاب voice over,https://khamsat.com/audio/voice-over/2251658-%D8%AA%D8%B9%D9%84%D9%8A%D9%82-%D8%B5%D9%88%D8%AA%D9%89-%D8%A7%D8%AD%D8%AA%D8%B1%D8%A7%D9%81%D9%89-%D8%A8%D8%A3%D8%AF%D8%A7%D8%A1-%D9%85%D9%85%D9%8A%D8%B2-%D9%88%D8%AC%D8%B0%D8%A7%D8%A8-voice-over,5.0,24,6 ساعات,38,0,$5.00,يومين,24,5,80.0,.Mohamed S,https://khamsat.com/user/mohamed_samier,True,بائع مميز,5.0,24,98.78%,1,38,6 ساعات
صوتيات,https://khamsat.com/audio,تعليق صوتي,https://khamsat.com/audio/voice-over,تعليق صوتي سعودي احترافي يميز علامتك التجارية,https://khamsat.com/audio/voice-over/2919515-%D8%AA%D8%B9%D9%84%D9%8A%D9%82-%D8%B5%D9%88%D8%AA%D9%8A-%D8%B3%D8%B9%D9%88%D8%AF%D9%8A-%D8%A7%D8%AD%D8%AA%D8%B1%D8%A7%D9%81%D9%8A-%D9%8A%D9%85%D9%8A%D8%B2-%D8%B9%D9%84%D8%A7%D9%85%D8%AA%D9%83-%D8%A7%D9%84%D8%AA%D8%AC%D8%A7%D8%B1%D9%8A%D8%A9,4.5,5,4 ساعات,7,0,$10.00,يوم واحد,5,3,45.0,جهاد م.,https://khamsat.com/user/jehad_mousa14,True,بائع مميز,5.0,43,100.0%,3,57,5 ساعات
صوتيات,https://khamsat.com/audio,تعليق صوتي,https://khamsat.com/audio/voice-over,خدمة التعليق الصوتي باللغتين العربية و الإنجليزية,https://khamsat.com/audio/voice-over/1145631-%D8%AE%D8%AF%D9%85%D8%A9-%D8%A7%D9%84%D8%AA%D8%B9%D9%84%D9%8A%D9%82-%D8%A7%D9%84%D8%B5%D9%88%D8%AA%D9%8A-%D8%A8%D8%A7%D9%84%D9%84%D8%BA%D8%AA%D9%8A%D9%86-%D8%A7%D9%84%D8%B9%D8%B1%D8%A8%D9%8A%D8%A9-%D9%88-%D8%A7%D9%84%D8%A5%D9%86%D8%AC%D9%84%D9%8A%D8%B2%D9%8A%D8%A9,5.0,72,3 ساعات,92,0,$10.00,يومين,25,5,490.0,.Mohamed V,https://khamsat.com/user/vahfou10,True,بائع مميز,5.0,91,96.81%,3,114,5 ساعات
صوتيات,https://khamsat.com/audio,تعليق صوتي,https://khamsat.com/audio/voice-over,التعليق الصوتي الإحترافي (فويس أوفر).,https://khamsat.com/audio/voice-over/1732442-%D8%A7%D9%84%D8%AA%D8%B9%D9%84%D9%8A%D9%82-%D8%A7%D9%84%D8%B5%D9%88%D8%AA%D9%8A-%D8%A7%D9%84%D8%A5%D8%AD%D8%AA%D8%B1%D8%A7%D9%81%D9%8A-%D9%81%D9%88%D9%8A%D8%B3-%D8%A3%D9%88%D9%81%D8%B1,5.0,30,12 دقيقة,37,0,$5.00,يوم واحد,25,5,45.0,محمد م.,https://khamsat.com/user/mohamed_white,True,بائع مميز,5.0,153,97.98%,3,160,ساعة
صوتيات,https://khamsat.com/audio,تعليق صوتي,https://khamsat.com/audio/voice-over,تعليق صوتي إحترافي,https://khamsat.com/audio/voice-over/1099202-%D8%AA%D8%B9%D9%84%D9%8A%D9%82-%D8%B5%D9%88%D8%AA%D9%8A-%D8%A5%D8%AD%D8%AA%D8%B1%D8%A7%D9%81%D9%8A,4.5,141,58 دقيقة,202,0,$10.00,يومين,25,5,355.0,يوسف ا.,https://khamsat.com/user/yousef_shamali,True,بائع مميز,4.5,144,98.18%,1,206,ساعة
صوتيات,https://khamsat.com/audio,تعليق صوتي,https://khamsat.com/audio/voice-over,تعليق صوتي احترافي بسعر مميز و وقت قياسي,https://khamsat.com/audio/voice-over/824343-%D8%AA%D8%B9%D9%84%D9%8A%D9%82-%D8%B5%D9%88%D8%AA%D9%8A-%D8%A7%D8%AD%D8%AA%D8%B1%D8%A7%D9%81%D9%8A-%D8%A8%D8%B3%D8%B9%D8%B1-%D9%85%D9%85%D9%8A%D8%B2-%D9%88-%D9%88%D9%82%D8%AA-%D9%82%D9%8A%D8%A7%D8%B3%D9%8A,5.0,79,9 ساعات,144,0,$5.00,يومين,25,5,50.0,.Maher A,https://khamsat.com/user/maher-mezdari,True,بائع مميز,5.0,266,98.06%,1,358,3 ساعات
صوتيات,https://khamsat.com/audio,تعليق صوتي,https://khamsat.com/audio/voice-over,تعليق صوتي أُنثوي إحترافي باللهجة الخليجية.,https://khamsat.com/audio/voice-over/2776417-%D8%AA%D8%B9%D9%84%D9%8A%D9%82-%D8%B5%D9%88%D8%AA%D9%8A-%D8%A3%D9%86%D8%AB%D9%88%D9%8A-%D8%A5%D8%AD%D8%AA%D8%B1%D8%A7%D9%81%D9%8A-%D8%A8%D8%A7%D9%84%D9%84%D9%87%D8%AC%D8%A9-%D8%A7%D9%84%D8%AE%D9%84%D9%8A%D8%AC%D9%8A%D8%A9,5.0,57,7 ساعات,68,0,$5.00,يوم واحد,25,5,65.0,.Alshimaa M,https://khamsat.com/user/elshimaa99,True,بائع مميز,5.0,100,98.39%,2,113,3 ساعات
صوتيات,https://khamsat.com/audio,تعليق صوتي,https://khamsat.com/audio/voice-over,تعليق صوت مشهور واستوديو حقيقي فخامة الصوت يعود من جديد,https://khamsat.com/audio/voice-over/2300591-%D8%AA%D8%B9%D9%84%D9%8A%D9%82-%D8%B5%D9%88%D8%AA-%D9%85%D8%B4%D9%87%D9%88%D8%B1-%D9%88%D8%A7%D8%B3%D8%AA%D9%88%D8%AF%D9%8A%D9%88-%D8%AD%D9%82%D9%8A%D9%82%D9%8A-%D9%81%D8%AE%D8%A7%D9%85%D8%A9-%D8%A7%D9%84%D8%B5%D9%88%D8%AA-%D9%8A%D8%B9%D9%88%D8%AF-%D9%85%D9%86-%D8%AC%D8%AF%D9%8A%D8%AF,5.0,19,ساعة,20,0,$25.00,يوم واحد,19,5,255.0,جلاني ش.,https://khamsat.com/user/deepvoice,True,بائع مميز,5.0,28,98.33%,2,28,ساعة
صوتيات,https://khamsat.com/audio,تعليق صوتي,https://khamsat.com/audio/voice-over,تعليق صوتي نسائي احترافي (إعلاني),https://khamsat.com/audio/voice-over/2428935-%D8%AA%D8%B9%D9%84%D9%8A%D9%82-%D8%B5%D9%88%D8%AA%D9%8A-%D9%86%D8%B3%D8%A7%D8%A6%D9%8A-%D8%A7%D8%AD%D8%AA%D8%B1%D8%A7%D9%81%D9%8A-%D8%A5%D8%B9%D9%84%D8%A7%D9%86%D9%8A,4.5,23,ساعة,30,0,$5.00,يومين,23,5,130.0,مريم ح.,https://khamsat.com/user/mariam_habib90,True,بائع مميز,4.5,23,92.86%,1,30,ساعة
صوتيات,https://khamsat.com/audio,غناء,https://khamsat.com/audio/singing,أقدم خدمة الغناء بصوت جذاب,https://khamsat.com/audio/singing/2977446-%D8%A3%D9%82%D8%AF%D9%85-%D8%AE%D8%AF%D9%85%D8%A9-%D8%A7%D9%84%D8%BA%D9%86%D8%A7%D8%A1-%D8%A8%D8%B5%D9%88%D8%AA-%D8%AC%D8%B0%D8%A7%D8%A8,5.0,1,38 دقيقة,1,1,$10.00,خمسة أيام,1,5,40.0,.Heba Allah A,https://khamsat.com/user/hebaabdelhay111,True,بائع جديد,5.0,1,100.0%,2,1,38 دقيقة
صوتيات,https://khamsat.com/audio,غناء,https://khamsat.com/audio/singing,اغاني مختلفة بصوت نسائى مميز,https://khamsat.com/audio/singing/2833399-%D8%A7%D8%BA%D8%A7%D9%86%D9%8A-%D9%85%D8%AE%D8%AA%D9%84%D9%81%D8%A9-%D8%A8%D8%B5%D9%88%D8%AA-%D9%86%D8%B3%D8%A7%D8%A6%D9%89-%D9%85%D9%85%D9%8A%D8%B2,5.0,5,4 ساعات,5,0,$5.00,يومين,5,3,75.0,فاطمة زهرة د.,https://khamsat.com/user/fa93,True,بائع نشيط,5.0,5,100.0%,2,6,ساعتين
صوتيات,https://khamsat.com/audio,غناء,https://khamsat.com/audio/singing,الغناء بصوت نسائي,https://khamsat.com/audio/singing/2797586-%D8%A7%D9%84%D8%BA%D9%86%D8%A7%D8%A1-%D8%A8%D8%B5%D9%88%D8%AA-%D9%86%D8%B3%D8%A7%D8%A6%D9%8A,5.0,16,ساعة,18,0,$10.00,يوم واحد,16,3,90.0,.Eva A,https://khamsat.com/user/eve_abk,True,بائع نشيط,5.0,16,94.59%,1,18,ساعة
صوتيات,https://khamsat.com/audio,غناء,https://khamsat.com/audio/singing,اقدم خدمة الغناء بصوت رجالي,https://khamsat.com/audio/singing/3037729-%D8%A7%D9%82%D8%AF%D9%85-%D8%AE%D8%AF%D9%85%D8%A9-%D8%A7%D9%84%D8%BA%D9%86%D8%A7%D8%A1-%D8%A8%D8%B5%D9%88%D8%AA-%D8%B1%D8%AC%D8%A7%D9%84%D9%8A,0.0,0,7 ساعات,1,0,$10.00,خمسة أيام,0,5,55.0,.Mamdouh M,https://khamsat.com/user/mamdouh.moussa,True,بائع جديد,0.0,0,100.0%,2,1,7 ساعات
صوتيات,https://khamsat.com/audio,غناء,https://khamsat.com/audio/singing,أغاني راب حسب الطلب وإشهارات علي شكل اغنية راب,https://khamsat.com/audio/singing/1578445-%D8%A3%D8%BA%D8%A7%D9%86%D9%8A-%D8%B1%D8%A7%D8%A8-%D8%AD%D8%B3%D8%A8-%D8%A7%D9%84%D8%B7%D9%84%D8%A8-%D9%88%D8%A5%D8%B4%D9%87%D8%A7%D8%B1%D8%A7%D8%AA-%D8%B9%D9%84%D9%8A-%D8%B4%D9%83%D9%84-%D8%A7%D8%BA%D9%86%D9%8A%D8%A9-%D8%B1%D8%A7%D8%A8,5.0,78,48 دقيقة,100,0,$25.00,ثلاثة أيام,25,5,250.0,.Mohamed Lamine L,https://khamsat.com/user/glock,True,بائع مميز,5.0,82,99.42%,5,103,59 دقيقة
صوتيات,https://khamsat.com/audio,غناء,https://khamsat.com/audio/singing,تسجيل صوتي غناء أو نشيد لأي شيء تطلبه بحرفية عالية مدروسة,https://khamsat.com/audio/singing/2555497-%D8%AA%D8%B3%D8%AC%D9%8A%D9%84-%D8%B5%D9%88%D8%AA%D9%8A-%D8%BA%D9%86%D8%A7%D8%A1-%D8%A3%D9%88-%D9%86%D8%B4%D9%8A%D8%AF-%D9%84%D8%A3%D9%8A-%D8%B4%D9%8A%D8%A1-%D8%AA%D8%B7%D9%84%D8%A8%D9%87-%D8%A8%D8%AD%D8%B1%D9%81%D9%8A%D8%A9-%D8%B9%D8%A7%D9%84%D9%8A%D8%A9-%D9%85%D8%AF%D8%B1%D9%88%D8%B3%D8%A9,5.0,3,58 دقيقة,5,1,$10.00,أربعة أيام,3,5,150.0,عبدالرحمن ا.,https://khamsat.com/user/abd_ihab0,True,بائع نشيط,5.0,3,73.33%,3,5,ساعة
صوتيات,https://khamsat.com/audio,غناء,https://khamsat.com/audio/singing,تسجيل أناشيد دينية وأجتماعية وأناشيد أطفال بصوت احترافي,https://khamsat.com/audio/singing/2899948-%D8%AA%D8%B3%D8%AC%D9%8A%D9%84-%D8%A3%D9%86%D8%A7%D8%B4%D9%8A%D8%AF-%D8%AF%D9%8A%D9%86%D9%8A%D8%A9-%D9%88%D8%A3%D8%AC%D8%AA%D9%85%D8%A7%D8%B9%D9%8A%D8%A9-%D9%88%D8%A3%D9%86%D8%A7%D8%B4%D9%8A%D8%AF-%D8%A3%D8%B7%D9%81%D8%A7%D9%84-%D8%A8%D8%B5%D9%88%D8%AA-%D8%A7%D8%AD%D8%AA%D8%B1%D8%A7%D9%81%D9%8A,5.0,3,5 ساعات,3,1,$5.00,أسبوعين,3,2,85.0,علاء الدين ا.,https://khamsat.com/user/alaaeldeenelesnawy,True,بائع جديد,5.0,3,56.25%,1,3,5 ساعات
صوتيات,https://khamsat.com/audio,غناء,https://khamsat.com/audio/singing,اغنية بأسمك خاصة بيك لكل مناسبة زفاف او نجاح او عيد ميلاد,https://khamsat.com/audio/singing/2317771-%D8%A7%D8%BA%D9%86%D9%8A%D8%A9-%D8%A8%D8%A3%D8%B3%D9%85%D9%83-%D8%AE%D8%A7%D8%B5%D8%A9-%D8%A8%D9%8A%D9%83-%D9%84%D9%83%D9%84-%D9%85%D9%86%D8%A7%D8%B3%D8%A8%D8%A9-%D8%B2%D9%81%D8%A7%D9%81-%D8%A7%D9%88-%D9%86%D8%AC%D8%A7%D8%AD-%D8%A7%D9%88-%D8%B9%D9%8A%D8%AF-%D9%85%D9%8A%D9%84%D8%A7%D8%AF,5.0,36,ساعة,46,0,$15.00,أربعة أيام,25,5,125.0,.Mohammad H,https://khamsat.com/user/mohammad-hemdan,True,بائع مميز,5.0,43,96.4%,2,50,ساعة
صوتيات,https://khamsat.com/audio,غناء,https://khamsat.com/audio/singing,نصنع لك أغنية بأعلي جودة وأقل سعر,https://khamsat.com/audio/singing/1654207-%D9%86%D8%B5%D9%86%D8%B9-%D9%84%D9%83-%D8%A3%D8%BA%D9%86%D9%8A%D8%A9-%D8%A8%D8%A3%D8%B9%D9%84%D9%8A-%D8%AC%D9%88%D8%AF%D8%A9-%D9%88%D8%A3%D9%82%D9%84-%D8%B3%D8%B9%D8%B1,5.0,38,6 ساعات,46,0,$5.00,أسبوع,25,5,290.0,.Ayman B,https://khamsat.com/user/ayman_besher,True,بائع مميز,5.0,84,97.44%,11,83,ساعتين
صوتيات,https://khamsat.com/audio,غناء,https://khamsat.com/audio/singing,عمل أغنيه أو مهرجان بأسمك لفرحك أو لشركتك بجوده عاليه,https://khamsat.com/audio/singing/2654709-%D8%B9%D9%85%D9%84-%D8%A3%D8%BA%D9%86%D9%8A%D9%87-%D8%A3%D9%88-%D9%85%D9%87%D8%B1%D8%AC%D8%A7%D9%86-%D8%A8%D8%A3%D8%B3%D9%85%D9%83-%D9%84%D9%81%D8%B1%D8%AD%D9%83-%D8%A3%D9%88-%D9%84%D8%B4%D8%B1%D9%83%D8%AA%D9%83-%D8%A8%D8%AC%D9%88%D8%AF%D9%87-%D8%B9%D8%A7%D9%84%D9%8A%D9%87,5.0,6,14 ساعة,7,0,$5.00,ثلاثة أيام,6,3,105.0,إسماعيل ش.,https://khamsat.com/user/som3a_elasly,True,بائع نشيط,5.0,6,88.24%,1,7,14 ساعة
صوتيات,https://khamsat.com/audio,غناء,https://khamsat.com/audio/singing,تسجيل أغاني للأطفال بصوت بنات أو أولاد,https://khamsat.com/audio/singing/1698165-%D8%AA%D8%B3%D8%AC%D9%8A%D9%84-%D8%A3%D8%BA%D8%A7%D9%86%D9%8A-%D9%84%D9%84%D8%A3%D8%B7%D9%81%D8%A7%D9%84-%D8%A8%D8%B5%D9%88%D8%AA-%D8%A8%D9%86%D8%A7%D8%AA-%D8%A3%D9%88-%D8%A3%D9%88%D9%84%D8%A7%D8%AF,5.0,25,6 دقائق,26,1,$5.00,خمسة أيام,25,4,185.0,.Ayman B,https://khamsat.com/user/ayman_besher,True,بائع مميز,5.0,84,97.44%,11,83,ساعتين
صوتيات,https://khamsat.com/audio,غناء,https://khamsat.com/audio/singing,تسجيل وتعديل الزفات بالاسم,https://khamsat.com/audio/singing/2043050-%D8%AA%D8%B3%D8%AC%D9%8A%D9%84-%D9%88%D8%AA%D8%B9%D8%AF%D9%8A%D9%84-%D8%A7%D9%84%D8%B2%D9%81%D8%A7%D8%AA-%D8%A8%D8%A7%D9%84%D8%A7%D8%B3%D9%85,4.5,6,16 ساعة,9,0,$5.00,ثلاثة أيام,6,5,210.0,.Mohammed A,https://khamsat.com/user/alhasan_11,True,بائع نشيط,4.5,6,92.31%,2,9,8 ساعات
صوتيات,https://khamsat.com/audio,غناء,https://khamsat.com/audio/singing,تسجيل صوتي غناء لأي نص عربي/انجليزي لمدة دقيقة كاملة,https://khamsat.com/audio/singing/1256224-%D8%AA%D8%B3%D8%AC%D9%8A%D9%84-%D8%B5%D9%88%D8%AA%D9%8A-%D8%BA%D9%86%D8%A7%D8%A1-%D9%84%D8%A3%D9%8A-%D9%86%D8%B5-%D8%B9%D8%B1%D8%A8%D9%8A%D8%A7%D9%86%D8%AC%D9%84%D9%8A%D8%B2%D9%8A-%D9%84%D9%85%D8%AF%D8%A9-%D8%AF%D9%82%D9%8A%D9%82%D8%A9-%D9%83%D8%A7%D9%85%D9%84%D8%A9,5.0,20,30 دقيقة,26,0,$10.00,خمسة أيام,20,4,65.0,الحسن ا.,https://khamsat.com/user/alhassan92,True,بائع مميز,5.0,21,92.54%,1,28,3 أيام
صوتيات,https://khamsat.com/audio,غناء,https://khamsat.com/audio/singing,غناء عربي أغاني أطفال تسجيل إعلانات وأغاني إعلانية,https://khamsat.com/audio/singing/2695493-%D8%BA%D9%86%D8%A7%D8%A1-%D8%B9%D8%B1%D8%A8%D9%8A-%D8%A3%D8%BA%D8%A7%D9%86%D9%8A-%D8%A3%D8%B7%D9%81%D8%A7%D9%84-%D8%AA%D8%B3%D8%AC%D9%8A%D9%84-%D8%A5%D8%B9%D9%84%D8%A7%D9%86%D8%A7%D8%AA-%D9%88%D8%A3%D8%BA%D8%A7%D9%86%D9%8A-%D8%A5%D8%B9%D9%84%D8%A7%D9%86%D9%8A%D8%A9,4.5,4,12 ساعة,6,0,$5.00,يوم واحد,4,1,25.0,سندس د.,https://khamsat.com/user/soseta2019,True,بائع جديد,4.5,4,100.0%,1,6,12 ساعة
صوتيات,https://khamsat.com/audio,غناء,https://khamsat.com/audio/singing,غناء اغانى للاطفال بأصوات رجالى ونسائي,https://khamsat.com/audio/singing/2136873-%D8%BA%D9%86%D8%A7%D8%A1-%D8%A7%D8%BA%D8%A7%D9%86%D9%89-%D9%84%D9%84%D8%A7%D8%B7%D9%81%D8%A7%D9%84-%D8%A8%D8%A3%D8%B5%D9%88%D8%A7%D8%AA-%D8%B1%D8%AC%D8%A7%D9%84%D9%89-%D9%88%D9%86%D8%B3%D8%A7%D8%A6%D9%8A,5.0,1,ساعتين,3,0,$10.00,ثلاثة أيام,1,2,30.0,بيشوى م.,https://khamsat.com/user/beshoy_melad20,True,بائع نشيط,5.0,6,100.0%,5,10,6 ساعات
صوتيات,https://khamsat.com/audio,غناء,https://khamsat.com/audio/singing,عمل اغنية ومهرجان باسمك او لشركتك,https://khamsat.com/audio/singing/725397-%D8%B9%D9%85%D9%84-%D8%A7%D8%BA%D9%86%D9%8A%D8%A9-%D9%88%D9%85%D9%87%D8%B1%D8%AC%D8%A7%D9%86-%D8%A8%D8%A7%D8%B3%D9%85%D9%83-%D8%A7%D9%88-%D9%84%D8%B4%D8%B1%D9%83%D8%AA%D9%83,5.0,17,9 ساعات,20,0,$15.00,ثلاثة أيام,17,3,215.0,معاذ ش.,https://khamsat.com/user/%D9%85%D8%B9%D8%A7%D8%B0-%D8%A7%D8%A8%D8%B1%D8%A7%D9%87%D9%8A%D9%85-%D8%A7%D9%84%D8%B4%D8%B1%D9%8A%D9%81,True,بائع نشيط,5.0,19,93.33%,2,22,يوم
صوتيات,https://khamsat.com/audio,غناء,https://khamsat.com/audio/singing,نصنع لك اغنية بأعلي جودة وأقل سعر,https://khamsat.com/audio/singing/1654026-%D9%86%D8%B5%D9%86%D8%B9-%D9%84%D9%83-%D8%A7%D8%BA%D9%86%D9%8A%D8%A9-%D8%A8%D8%A3%D8%B9%D9%84%D9%8A-%D8%AC%D9%88%D8%AF%D8%A9-%D9%88%D8%A3%D9%82%D9%84-%D8%B3%D8%B9%D8%B1,4.5,9,ساعة,10,0,$10.00,يوم واحد,9,4,200.0,.Ayman B,https://khamsat.com/user/ayman_besher,True,بائع مميز,5.0,84,97.44%,11,83,ساعتين
صوتيات,https://khamsat.com/audio,غناء,https://khamsat.com/audio/singing,سأقوم بإنتاج اغنية من كلماتك,https://khamsat.com/audio/singing/2930598-%D8%B3%D8%A3%D9%82%D9%88%D9%85-%D8%A8%D8%A5%D9%86%D8%AA%D8%A7%D8%AC-%D8%A7%D8%BA%D9%86%D9%8A%D8%A9-%D9%85%D9%86-%D9%83%D9%84%D9%85%D8%A7%D8%AA%D9%83,5.0,3,ساعتين,3,0,$25.00,يوم واحد,3,3,150.0,.Bara M,https://khamsat.com/user/bara-khdoor,True,بائع مميز,5.0,77,58.36%,1,81,يوم
صوتيات,https://khamsat.com/audio,غناء,https://khamsat.com/audio/singing,تسجيل صوت وغناء لأي مقطع باللغة العربية,https://khamsat.com/audio/singing/2493555-%D8%AA%D8%B3%D8%AC%D9%8A%D9%84-%D8%B5%D9%88%D8%AA-%D9%88%D8%BA%D9%86%D8%A7%D8%A1-%D9%84%D8%A3%D9%8A-%D9%85%D9%82%D8%B7%D8%B9-%D8%A8%D8%A7%D9%84%D9%84%D8%BA%D8%A9-%D8%A7%D9%84%D8%B9%D8%B1%D8%A8%D9%8A%D8%A9,5.0,8,ساعة,8,0,$5.00,يومين,8,1,5.0,.Reham Z,https://khamsat.com/user/reham_zoghbi_97,True,بائع نشيط,5.0,29,100.0%,3,25,3 ساعات
صوتيات,https://khamsat.com/audio,غناء,https://khamsat.com/audio/singing,"تسجيل أي أغنية لأي مناسبة لفرح , عيد ميلاد , دعاية اعلانية",https://khamsat.com/audio/singing/1915539-%D8%AA%D8%B3%D8%AC%D9%8A%D9%84-%D8%A3%D9%8A-%D8%A3%D8%BA%D9%86%D9%8A%D8%A9-%D9%84%D8%A3%D9%8A-%D9%85%D9%86%D8%A7%D8%B3%D8%A8%D8%A9-%D9%84%D9%81%D8%B1%D8%AD-%D8%B9%D9%8A%D8%AF-%D9%85%D9%8A%D9%84%D8%A7%D8%AF-%D8%AF%D8%B9%D8%A7%D9%8A%D8%A9-%D8%A7%D8%B9%D9%84%D8%A7%D9%86%D9%8A%D8%A9,5.0,1,7 ساعات,4,0,$5.00,أسبوع,1,3,275.0,محمد ص.,https://khamsat.com/user/mohammedmajed,True,بائع نشيط,5.0,10,95.45%,4,16,8 ساعات
صوتيات,https://khamsat.com/audio,غناء,https://khamsat.com/audio/singing,أداء اغاني عربية وكرتونية بصوت رائع,https://khamsat.com/audio/singing/2181809-%D8%A3%D8%AF%D8%A7%D8%A1-%D8%A7%D8%BA%D8%A7%D9%86%D9%8A-%D8%B9%D8%B1%D8%A8%D9%8A%D8%A9-%D9%88%D9%83%D8%B1%D8%AA%D9%88%D9%86%D9%8A%D8%A9-%D8%A8%D8%B5%D9%88%D8%AA-%D8%B1%D8%A7%D8%A6%D8%B9,5.0,8,أقل من دقيقة,10,0,$10.00,ثلاثة أيام,8,3,55.0,.Marwa C,https://khamsat.com/user/maruuua,True,بائع نشيط,5.0,9,93.75%,4,10,21 دقيقة
صوتيات,https://khamsat.com/audio,غناء,https://khamsat.com/audio/singing,اناشيد اطفال او اناشيد مناجاة او مديح او شارات ل6ثواني,https://khamsat.com/audio/singing/1092808-%D8%A7%D9%86%D8%A7%D8%B4%D9%8A%D8%AF-%D8%A7%D8%B7%D9%81%D8%A7%D9%84-%D8%A7%D9%88-%D8%A7%D9%86%D8%A7%D8%B4%D9%8A%D8%AF-%D9%85%D9%86%D8%A7%D8%AC%D8%A7%D8%A9-%D8%A7%D9%88-%D9%85%D8%AF%D9%8A%D8%AD-%D8%A7%D9%88-%D8%B4%D8%A7%D8%B1%D8%A7%D8%AA-%D9%846%D8%AB%D9%88%D8%A7%D9%86%D9%8A,5.0,25,30 دقيقة,27,0,$5.00,أسبوع,25,5,475.0,باسل ع.,https://khamsat.com/user/ghadnoor,True,بائع مميز,5.0,25,64.56%,3,27,17 ساعة
صوتيات,https://khamsat.com/audio,غناء,https://khamsat.com/audio/singing,غناء الاعمال الصوتية الغنائية,https://khamsat.com/audio/singing/2301630-%D8%BA%D9%86%D8%A7%D8%A1-%D8%A7%D9%84%D8%A7%D8%B9%D9%85%D8%A7%D9%84-%D8%A7%D9%84%D8%B5%D9%88%D8%AA%D9%8A%D8%A9-%D8%A7%D9%84%D8%BA%D9%86%D8%A7%D8%A6%D9%8A%D8%A9,5.0,2,3 ساعات,2,0,$10.00,ثلاثة أيام,2,2,40.0,.Ahmed M,https://khamsat.com/user/ahmedmosaad2022,True,بائع جديد,5.0,2,100.0%,5,2,3 ساعات
صوتيات,https://khamsat.com/audio,غناء,https://khamsat.com/audio/singing,منشد وملحن للقصائد والزفات,https://khamsat.com/audio/singing/2845157-%D9%85%D9%86%D8%B4%D8%AF-%D9%88%D9%85%D9%84%D8%AD%D9%86-%D9%84%D9%84%D9%82%D8%B5%D8%A7%D8%A6%D8%AF-%D9%88%D8%A7%D9%84%D8%B2%D9%81%D8%A7%D8%AA,5.0,14,5 دقائق,14,0,$20.00,ثلاثة أيام,14,1,100.0,عبدالواحد ع.,https://khamsat.com/user/abdul_wahid11,True,بائع مميز,5.0,46,92.7%,4,59,5 ساعات
صوتيات,https://khamsat.com/audio,غناء,https://khamsat.com/audio/singing,انشاد مقاطع بدون موسيقى بصوت شجي للحكايات .. .اناشيد دينية,https://khamsat.com/audio/singing/1570270-%D8%A7%D9%86%D8%B4%D8%A7%D8%AF-%D9%85%D9%82%D8%A7%D8%B7%D8%B9-%D8%A8%D8%AF%D9%88%D9%86-%D9%85%D9%88%D8%B3%D9%8A%D9%82%D9%89-%D8%A8%D8%B5%D9%88%D8%AA-%D8%B4%D8%AC%D9%8A-%D9%84%D9%84%D8%AD%D9%83%D8%A7%D9%8A%D8%A7%D8%AA-.%D8%A7%D9%86%D8%A7%D8%B4%D9%8A%D8%AF-%D8%AF%D9%8A%D9%86%D9%8A%D8%A9,5.0,2,24 دقيقة,3,0,$5.00,يوم واحد,2,2,70.0,كوثر خ.,https://khamsat.com/user/kawtarkawtar,True,بائع مميز,5.0,33,90.48%,2,30,يوم
صوتيات,https://khamsat.com/audio,غناء,https://khamsat.com/audio/singing,انتاج وتوزيع الموسيقى كاملة من اغاني الطفال . اغاني اطفال,https://khamsat.com/audio/singing/1020406-%D8%A7%D9%86%D8%AA%D8%A7%D8%AC-%D9%88%D8%AA%D9%88%D8%B2%D9%8A%D8%B9-%D8%A7%D9%84%D9%85%D9%88%D8%B3%D9%8A%D9%82%D9%89-%D9%83%D8%A7%D9%85%D9%84%D8%A9-%D9%85%D9%86-%D8%A7%D8%BA%D8%A7%D9%86%D9%8A-%D8%A7%D9%84%D8%B7%D9%81%D8%A7%D9%84-%D8%A7%D8%BA%D8%A7%D9%86%D9%8A-%D8%A7%D8%B7%D9%81%D8%A7%D9%84,4.5,15,6 ساعات,20,0,$10.00,يومين,15,5,150.0,عبد الله ا.,https://khamsat.com/user/%D8%B9%D8%A8%D8%AF-%D8%A7%D9%84%D9%84%D9%87-%D8%AD%D9%84%D9%8A%D9%85,True,بائع مميز,4.5,92,87.97%,3,125,6 ساعات
صوتيات,https://khamsat.com/audio,غناء,https://khamsat.com/audio/singing,مغني محترف لكل الطبوع والايقاعات,https://khamsat.com/audio/singing/2565738-%D9%85%D8%BA%D9%86%D9%8A-%D9%85%D8%AD%D8%AA%D8%B1%D9%81-%D9%84%D9%83%D9%84-%D8%A7%D9%84%D8%B7%D8%A8%D9%88%D8%B9-%D9%88%D8%A7%D9%84%D8%A7%D9%8A%D9%82%D8%A7%D8%B9%D8%A7%D8%AA,5.0,2,17 ساعة,2,0,$10.00,يومين,2,4,200.0,رياض ب.,https://khamsat.com/user/riyad_beghidja,True,بائع نشيط,5.0,4,100.0%,3,4,11 ساعة
صوتيات,https://khamsat.com/audio,غناء,https://khamsat.com/audio/singing,أعمل أغنية خاصة بك مقابل 5$ دولار,https://khamsat.com/audio/singing/1454347-%D8%A3%D8%B9%D9%85%D9%84-%D8%A3%D8%BA%D9%86%D9%8A%D8%A9-%D8%AE%D8%A7%D8%B5%D8%A9-%D8%A8%D9%83-%D9%85%D9%82%D8%A7%D8%A8%D9%84-5-%D8%AF%D9%88%D9%84%D8%A7%D8%B1,4.5,16,ساعة,23,0,$5.00,ثلاثة أيام,16,3,90.0,.Nour E,https://khamsat.com/user/nor_eid,True,بائع مميز,4.5,28,85.0%,1,37,4 ساعات
صوتيات,https://khamsat.com/audio,غناء,https://khamsat.com/audio/singing,اسمك واسم حبيبتك في اغنية الدقيقة الواحده دقيقة الواحدة,https://khamsat.com/audio/singing/938636-%D8%A7%D8%B3%D9%85%D9%83-%D9%88%D8%A7%D8%B3%D9%85-%D8%AD%D8%A8%D9%8A%D8%A8%D8%AA%D9%83-%D9%81%D9%8A-%D8%A7%D8%BA%D9%86%D9%8A%D8%A9-%D8%A7%D9%84%D8%AF%D9%82%D9%8A%D9%82%D8%A9-%D8%A7%D9%84%D9%88%D8%A7%D8%AD%D8%AF%D9%87-%D8%AF%D9%82%D9%8A%D9%82%D8%A9-%D8%A7%D9%84%D9%88%D8%A7%D8%AD%D8%AF%D8%A9,4.5,32,9 ساعات,36,0,$5.00,ثلاثة أيام,25,5,475.0,.Mohamed N,https://khamsat.com/user/%D9%85%D8%AD%D9%85%D8%AF-%D8%A7%D8%A8%D9%88%D8%B4%D8%A7%D8%AF%D9%8A,True,بائع مميز,4.5,36,93.22%,1,37,8 ساعات
صوتيات,https://khamsat.com/audio,غناء,https://khamsat.com/audio/singing,الغناء او الترتيل لدقيقة كامله,https://khamsat.com/audio/singing/1362662-%D8%A7%D9%84%D8%BA%D9%86%D8%A7%D8%A1-%D8%A7%D9%88-%D8%A7%D9%84%D8%AA%D8%B1%D8%AA%D9%8A%D9%84-%D9%84%D8%AF%D9%82%D9%8A%D9%82%D8%A9-%D9%83%D8%A7%D9%85%D9%84%D9%87,5.0,5,يوم,6,0,$5.00,ستة أيام,5,5,55.0,مايكل ف.,https://khamsat.com/user/%D9%85%D8%A7%D9%8A%D9%83%D9%84-%D9%81%D9%8A%D9%83%D8%AA%D9%88%D8%B1,True,بائع نشيط,5.0,6,79.17%,6,7,22 ساعة
صوتيات,https://khamsat.com/audio,الرد الآلي IVR,https://khamsat.com/audio/ivr,الرد الالي IVR باللغتين العربية والإنجليزية,https://khamsat.com/audio/ivr/1589145-%D8%A7%D9%84%D8%B1%D8%AF-%D8%A7%D9%84%D8%A7%D9%84%D9%8A-ivr-%D8%A8%D8%A7%D9%84%D9%84%D8%BA%D8%AA%D9%8A%D9%86-%D8%A7%D9%84%D8%B9%D8%B1%D8%A8%D9%8A%D8%A9-%D9%88%D8%A7%D9%84%D8%A5%D9%86%D8%AC%D9%84%D9%8A%D8%B2%D9%8A%D8%A9,5.0,10,18 دقيقة,17,0,$5.00,يوم واحد,10,5,120.0,.Lamiaa S,https://khamsat.com/user/lamiaa-sallam,True,بائع مميز,5.0,250,97.13%,5,356,ساعة
صوتيات,https://khamsat.com/audio,الرد الآلي IVR,https://khamsat.com/audio/ivr,خدمة الرد الآلي IVR بصوت رجل,https://khamsat.com/audio/ivr/2705246-%D8%AE%D8%AF%D9%85%D8%A9-%D8%A7%D9%84%D8%B1%D8%AF-%D8%A7%D9%84%D8%A2%D9%84%D9%8A-ivr-%D8%A8%D8%B5%D9%88%D8%AA-%D8%B1%D8%AC%D9%84,5.0,3,ساعتين,8,0,$10.00,يومين,3,3,60.0,.Ahmed G,https://khamsat.com/user/ahmad_gebreel,True,بائع مميز,5.0,33,100.0%,2,40,34 دقيقة
صوتيات,https://khamsat.com/audio,الرد الآلي IVR,https://khamsat.com/audio/ivr,الرد الآلي التفاعلي IVR بصوت فخم ومميز,https://khamsat.com/audio/ivr/2510280-%D8%A7%D9%84%D8%B1%D8%AF-%D8%A7%D9%84%D8%A2%D9%84%D9%8A-%D8%A7%D9%84%D8%AA%D9%81%D8%A7%D8%B9%D9%84%D9%8A-ivr-%D8%A8%D8%B5%D9%88%D8%AA-%D9%81%D8%AE%D9%85-%D9%88%D9%85%D9%85%D9%8A%D8%B2,5.0,19,46 دقيقة,25,0,$5.00,يومين,19,5,200.0,.Gamal A,https://khamsat.com/user/gamal909,True,بائع مميز,5.0,28,98.08%,4,37,45 دقيقة
صوتيات,https://khamsat.com/audio,الرد الآلي IVR,https://khamsat.com/audio/ivr,تسجيل الرد الالى IVR باللغة العربية او الانجليزية,https://khamsat.com/audio/ivr/2901075-%D8%AA%D8%B3%D8%AC%D9%8A%D9%84-%D8%A7%D9%84%D8%B1%D8%AF-%D8%A7%D9%84%D8%A7%D9%84%D9%89-ivr-%D8%A8%D8%A7%D9%84%D9%84%D8%BA%D8%A9-%D8%A7%D9%84%D8%B9%D8%B1%D8%A8%D9%8A%D8%A9-%D8%A7%D9%88-%D8%A7%D9%84%D8%A7%D9%86%D8%AC%D9%84%D9%8A%D8%B2%D9%8A%D8%A9,5.0,1,ساعة,4,0,$5.00,يوم واحد,1,3,25.0,مينا ا.,https://khamsat.com/user/mena_alfy91,True,بائع نشيط,5.0,8,100.0%,9,15,38 دقيقة
صوتيات,https://khamsat.com/audio,الرد الآلي IVR,https://khamsat.com/audio/ivr,خدمة تسجيل نظام الرد الآلي بصوت متميز,https://khamsat.com/audio/ivr/2868438-%D8%AE%D8%AF%D9%85%D8%A9-%D8%AA%D8%B3%D8%AC%D9%8A%D9%84-%D9%86%D8%B8%D8%A7%D9%85-%D8%A7%D9%84%D8%B1%D8%AF-%D8%A7%D9%84%D8%A2%D9%84%D9%8A-%D8%A8%D8%B5%D9%88%D8%AA-%D9%85%D8%AA%D9%85%D9%8A%D8%B2,0.0,0,ساعة,2,0,$5.00,يوم واحد,0,3,30.0,.Nizar K,https://khamsat.com/user/nizarvoiceover,True,بائع جديد,0.0,1,87.5%,2,3,ساعة
صوتيات,https://khamsat.com/audio,الرد الآلي IVR,https://khamsat.com/audio/ivr,الرد الآلي IVR باللغة العربية و الإنجليزية بصوت أنثوي .,https://khamsat.com/audio/ivr/1792437-%D8%A7%D9%84%D8%B1%D8%AF-%D8%A7%D9%84%D8%A2%D9%84%D9%8A-ivr-%D8%A8%D8%A7%D9%84%D9%84%D8%BA%D8%A9-%D8%A7%D9%84%D8%B9%D8%B1%D8%A8%D9%8A%D8%A9-%D9%88-%D8%A7%D9%84%D8%A5%D9%86%D8%AC%D9%84%D9%8A%D8%B2%D9%8A%D8%A9-%D8%A8%D8%B5%D9%88%D8%AA-%D8%A3%D9%86%D8%AB%D9%88%D9%8A-,5.0,3,9 ساعات,5,0,$5.00,يوم واحد,3,5,150.0,شيماء ا.,https://khamsat.com/user/shymaabahjat,True,بائع مميز,5.0,74,93.57%,3,84,4 ساعات
صوتيات,https://khamsat.com/audio,الرد الآلي IVR,https://khamsat.com/audio/ivr,تسجيل صوتي لخدمة الرد الآلي على الهاتف بصوت فتاه(عربي،انجلش),https://khamsat.com/audio/ivr/639748-%D8%AA%D8%B3%D8%AC%D9%8A%D9%84-%D8%B5%D9%88%D8%AA%D9%8A-%D9%84%D8%AE%D8%AF%D9%85%D8%A9-%D8%A7%D9%84%D8%B1%D8%AF-%D8%A7%D9%84%D8%A2%D9%84%D9%8A-%D8%B9%D9%84%D9%89-%D8%A7%D9%84%D9%87%D8%A7%D8%AA%D9%81-%D8%A8%D8%B5%D9%88%D8%AA-%D9%81%D8%AA%D8%A7%D9%87%D8%B9%D8%B1%D8%A8%D9%8A%D8%A7%D9%86%D8%AC%D9%84%D8%B4,5.0,65,يوم,118,0,$5.00,أربعة أيام,25,5,140.0,هشام م.,https://khamsat.com/user/safwatt88,True,بائع مميز,4.5,196,90.03%,3,266,16 ساعة
صوتيات,https://khamsat.com/audio,الرد الآلي IVR,https://khamsat.com/audio/ivr,الرد الآلي النسائي بالعربية والانجليزية IVR,https://khamsat.com/audio/ivr/2112047-%D8%A7%D9%84%D8%B1%D8%AF-%D8%A7%D9%84%D8%A2%D9%84%D9%8A-%D8%A7%D9%84%D9%86%D8%B3%D8%A7%D8%A6%D9%8A-%D8%A8%D8%A7%D9%84%D8%B9%D8%B1%D8%A8%D9%8A%D8%A9-%D9%88%D8%A7%D9%84%D8%A7%D9%86%D8%AC%D9%84%D9%8A%D8%B2%D9%8A%D8%A9-ivr,5.0,4,ساعتين,6,0,$25.00,يوم واحد,4,1,5.0,.Dina F,https://khamsat.com/user/dina_fahim,True,بائع مميز,5.0,50,97.76%,2,58,3 ساعات
صوتيات,https://khamsat.com/audio,الرد الآلي IVR,https://khamsat.com/audio/ivr,تسجيل الرد الآلي IVR لشركتك بصوت أنثوي مميز,https://khamsat.com/audio/ivr/2611173-%D8%AA%D8%B3%D8%AC%D9%8A%D9%84-%D8%A7%D9%84%D8%B1%D8%AF-%D8%A7%D9%84%D8%A2%D9%84%D9%8A-ivr-%D9%84%D8%B4%D8%B1%D9%83%D8%AA%D9%83-%D8%A8%D8%B5%D9%88%D8%AA-%D8%A3%D9%86%D8%AB%D9%88%D9%8A-%D9%85%D9%85%D9%8A%D8%B2,5.0,1,9 ساعات,1,0,$5.00,يوم واحد,1,4,80.0,سليل غ.,https://khamsat.com/user/saleel_ghaben,True,بائع مميز,4.5,48,98.55%,2,58,13 ساعة
صوتيات,https://khamsat.com/audio,الرد الآلي IVR,https://khamsat.com/audio/ivr,تسجيل رد ألي 50 كلمة مقابل 5$,https://khamsat.com/audio/ivr/1869253-%D8%AA%D8%B3%D8%AC%D9%8A%D9%84-%D8%B1%D8%AF-%D8%A3%D9%84%D9%8A-50-%D9%83%D9%84%D9%85%D8%A9-%D9%85%D9%82%D8%A7%D8%A8%D9%84-5,5.0,5,ساعة,9,0,$5.00,يوم واحد,5,2,40.0,خليل ل.,https://khamsat.com/user/khalillakhrioui,True,بائع مميز,5.0,22,93.42%,2,36,8 ساعات
صوتيات,https://khamsat.com/audio,الرد الآلي IVR,https://khamsat.com/audio/ivr,الرد الآلي IVR لشركتك بصوت أنثوي 5$,https://khamsat.com/audio/ivr/1049767-%D8%A7%D9%84%D8%B1%D8%AF-%D8%A7%D9%84%D8%A2%D9%84%D9%8A-ivr-%D9%84%D8%B4%D8%B1%D9%83%D8%AA%D9%83-%D8%A8%D8%B5%D9%88%D8%AA-%D8%A3%D9%86%D8%AB%D9%88%D9%8A-5,4.5,53,21 ساعة,77,1,$5.00,يوم واحد,25,5,100.0,ابتسام أ.,https://khamsat.com/user/%D8%A7%D8%A8%D8%AA%D8%B3%D8%A7%D9%85-%D8%A3%D8%A8%D9%88-%D8%B4%D9%85%D8%A7%D9%84%D8%A9,True,بائع مميز,4.5,134,95.96%,1,174,10 ساعات
صوتيات,https://khamsat.com/audio,الرد الآلي IVR,https://khamsat.com/audio/ivr,تعليق صوتي نسائي رسائل الرد الآلي ivr بالعربية و الإنجليزية,https://khamsat.com/audio/ivr/2371331-%D8%AA%D8%B9%D9%84%D9%8A%D9%82-%D8%B5%D9%88%D8%AA%D9%8A-%D9%86%D8%B3%D8%A7%D8%A6%D9%8A-%D8%B1%D8%B3%D8%A7%D8%A6%D9%84-%D8%A7%D9%84%D8%B1%D8%AF-%D8%A7%D9%84%D8%A2%D9%84%D9%8A-ivr-%D8%A8%D8%A7%D9%84%D8%B9%D8%B1%D8%A8%D9%8A%D8%A9-%D9%88-%D8%A7%D9%84%D8%A5%D9%86%D8%AC%D9%84%D9%8A%D8%B2%D9%8A%D8%A9,5.0,2,ساعتين,3,0,$5.00,يوم واحد,2,4,130.0,أمل ف.,https://khamsat.com/user/amlfayek2020,True,بائع نشيط,5.0,26,83.72%,4,25,10 ساعات
صوتيات,https://khamsat.com/audio,الرد الآلي IVR,https://khamsat.com/audio/ivr,تسجيل رسائل الرد الآلي IVR بجودة عالية بالعربية والإنجليزية,https://khamsat.com/audio/ivr/686194-%D8%AA%D8%B3%D8%AC%D9%8A%D9%84-%D8%B1%D8%B3%D8%A7%D8%A6%D9%84-%D8%A7%D9%84%D8%B1%D8%AF-%D8%A7%D9%84%D8%A2%D9%84%D9%8A-ivr-%D8%A8%D8%AC%D9%88%D8%AF%D8%A9-%D8%B9%D8%A7%D9%84%D9%8A%D8%A9-%D8%A8%D8%A7%D9%84%D8%B9%D8%B1%D8%A8%D9%8A%D8%A9-%D9%88%D8%A7%D9%84%D8%A5%D9%86%D8%AC%D9%84%D9%8A%D8%B2%D9%8A%D8%A9,5.0,110,7 ساعات,181,2,$10.00,يومين,25,5,275.0,أروى ا.,https://khamsat.com/user/arwa-kh,True,بائع مميز,5.0,118,94.42%,1,191,يوم
صوتيات,https://khamsat.com/audio,الرد الآلي IVR,https://khamsat.com/audio/ivr,ردك الآلي وندائك الصوتي بخامة صوت فريدة lVR & Voice Call,https://khamsat.com/audio/ivr/2689489-%D8%B1%D8%AF%D9%83-%D8%A7%D9%84%D8%A2%D9%84%D9%8A-%D9%88%D9%86%D8%AF%D8%A7%D8%A6%D9%83-%D8%A7%D9%84%D8%B5%D9%88%D8%AA%D9%8A-%D8%A8%D8%AE%D8%A7%D9%85%D8%A9-%D8%B5%D9%88%D8%AA-%D9%81%D8%B1%D9%8A%D8%AF%D8%A9-lvr-voice-call,5.0,1,10 دقائق,1,0,$10.00,يوم واحد,1,2,60.0,.Garam M,https://khamsat.com/user/gharam_may,True,بائع نشيط,4.5,16,91.3%,4,18,27 دقيقة
صوتيات,https://khamsat.com/audio,الرد الآلي IVR,https://khamsat.com/audio/ivr,خدمة الرد الآلي IVR - الرسائل الصوتية للهاتف,https://khamsat.com/audio/ivr/1276475-%D8%AE%D8%AF%D9%85%D8%A9-%D8%A7%D9%84%D8%B1%D8%AF-%D8%A7%D9%84%D8%A2%D9%84%D9%8A-ivr-%D8%A7%D9%84%D8%B1%D8%B3%D8%A7%D8%A6%D9%84-%D8%A7%D9%84%D8%B5%D9%88%D8%AA%D9%8A%D8%A9-%D9%84%D9%84%D9%87%D8%A7%D8%AA%D9%81,5.0,15,4 ساعات,16,0,$25.00,يوم واحد,15,3,115.0,حسن ع.,https://khamsat.com/user/hassannakhal,True,بائع مميز,5.0,111,97.24%,3,125,9 ساعات
صوتيات,https://khamsat.com/audio,الرد الآلي IVR,https://khamsat.com/audio/ivr,تسجيل رد اَلي باللغة العربي بجودة عالية IVR,https://khamsat.com/audio/ivr/2058884-%D8%AA%D8%B3%D8%AC%D9%8A%D9%84-%D8%B1%D8%AF-%D8%A7%D9%84%D9%8A-%D8%A8%D8%A7%D9%84%D9%84%D8%BA%D8%A9-%D8%A7%D9%84%D8%B9%D8%B1%D8%A8%D9%8A-%D8%A8%D8%AC%D9%88%D8%AF%D8%A9-%D8%B9%D8%A7%D9%84%D9%8A%D8%A9-ivr,5.0,2,ساعتين,2,0,$5.00,يومين,2,5,75.0,.Ahmed Q,https://khamsat.com/user/ahmedqwaider1,True,بائع جديد,5.0,2,100.0%,1,2,ساعتين
صوتيات,https://khamsat.com/audio,الرد الآلي IVR,https://khamsat.com/audio/ivr,خدمة الرد الآلي IVR بصوت شاب باللغة العربية الفصحى,https://khamsat.com/audio/ivr/2994911-%D8%AE%D8%AF%D9%85%D8%A9-%D8%A7%D9%84%D8%B1%D8%AF-%D8%A7%D9%84%D8%A2%D9%84%D9%8A-ivr-%D8%A8%D8%B5%D9%88%D8%AA-%D8%B4%D8%A7%D8%A8-%D8%A8%D8%A7%D9%84%D9%84%D8%BA%D8%A9-%D8%A7%D9%84%D8%B9%D8%B1%D8%A8%D9%8A%D8%A9-%D8%A7%D9%84%D9%81%D8%B5%D8%AD%D9%89,0.0,0,لم يحسب,0,0,$5.00,يوم واحد,0,3,35.0,حسام ا.,https://khamsat.com/user/hossam_alamriti,True,بائع مميز,4.5,41,96.77%,3,46,ساعة
صوتيات,https://khamsat.com/audio,الرد الآلي IVR,https://khamsat.com/audio/ivr,تسجيل رسائل الرد الالي IVR,https://khamsat.com/audio/ivr/2975055-%D8%AA%D8%B3%D8%AC%D9%8A%D9%84-%D8%B1%D8%B3%D8%A7%D8%A6%D9%84-%D8%A7%D9%84%D8%B1%D8%AF-%D8%A7%D9%84%D8%A7%D9%84%D9%8A-ivr,0.0,0,لم يحسب,0,0,$5.00,يوم واحد,0,0,0.0,.Ahmad A,https://khamsat.com/user/ahmadalsayed1984,True,بائع جديد,0.0,0,لم يحسب بعد,3,0,لم يحسب
صوتيات,https://khamsat.com/audio,الرد الآلي IVR,https://khamsat.com/audio/ivr,رد ألى باللغة العربية الفصحى و الإنجليزية,https://khamsat.com/audio/ivr/2900437-%D8%B1%D8%AF-%D8%A3%D9%84%D9%89-%D8%A8%D8%A7%D9%84%D9%84%D8%BA%D8%A9-%D8%A7%D9%84%D8%B9%D8%B1%D8%A8%D9%8A%D8%A9-%D8%A7%D9%84%D9%81%D8%B5%D8%AD%D9%89-%D9%88-%D8%A7%D9%84%D8%A5%D9%86%D8%AC%D9%84%D9%8A%D8%B2%D9%8A%D8%A9,0.0,0,لم يحسب,0,0,$5.00,يوم واحد,0,3,20.0,.Rania E,https://khamsat.com/user/raniaelhouty2002,True,بائع جديد,0.0,0,لم يحسب بعد,3,0,لم يحسب
صوتيات,https://khamsat.com/audio,الرد الآلي IVR,https://khamsat.com/audio/ivr,"الرد الآلي IVR ""مجيب آلي"" بصوت أنثى احترافي",https://khamsat.com/audio/ivr/2611136-%D8%A7%D9%84%D8%B1%D8%AF-%D8%A7%D9%84%D8%A2%D9%84%D9%8A-ivr-%D9%85%D8%AC%D9%8A%D8%A8-%D8%A2%D9%84%D9%8A-%D8%A8%D8%B5%D9%88%D8%AA-%D8%A3%D9%86%D8%AB%D9%89-%D8%A7%D8%AD%D8%AA%D8%B1%D8%A7%D9%81%D9%8A,0.0,0,لم يحسب,0,0,$5.00,يومين,0,0,0.0,.Heba A,https://khamsat.com/user/%D9%87%D8%A8%D8%A9-%D8%A7%D9%84%D8%A8%D8%A7%D8%B4%D8%A7,False,بائع جديد,0.0,0,لم يحسب بعد,2,0,لم يحسب
صوتيات,https://khamsat.com/audio,الرد الآلي IVR,https://khamsat.com/audio/ivr,تسجيل خدمة الرد الآلي IVR بإحترافية وبجودة عالية,https://khamsat.com/audio/ivr/2943512-%D8%AA%D8%B3%D8%AC%D9%8A%D9%84-%D8%AE%D8%AF%D9%85%D8%A9-%D8%A7%D9%84%D8%B1%D8%AF-%D8%A7%D9%84%D8%A2%D9%84%D9%8A-ivr-%D8%A8%D8%A5%D8%AD%D8%AA%D8%B1%D8%A7%D9%81%D9%8A%D8%A9-%D9%88%D8%A8%D8%AC%D9%88%D8%AF%D8%A9-%D8%B9%D8%A7%D9%84%D9%8A%D8%A9,0.0,0,لم يحسب,0,0,$5.00,يوم واحد,0,0,0.0,محمد خ.,https://khamsat.com/user/%D9%85%D8%AD%D9%85%D8%AF-%D8%AE%D9%85%D9%8A%D9%84%D8%A9,True,بائع نشيط,0.0,10,89.29%,3,13,يومين
صوتيات,https://khamsat.com/audio,الرد الآلي IVR,https://khamsat.com/audio/ivr,تعليق صوتي احترافي نسائي لخدمة الرد الآلي IVR,https://khamsat.com/audio/ivr/2802575-%D8%AA%D8%B9%D9%84%D9%8A%D9%82-%D8%B5%D9%88%D8%AA%D9%8A-%D8%A7%D8%AD%D8%AA%D8%B1%D8%A7%D9%81%D9%8A-%D9%86%D8%B3%D8%A7%D8%A6%D9%8A-%D9%84%D8%AE%D8%AF%D9%85%D8%A9-%D8%A7%D9%84%D8%B1%D8%AF-%D8%A7%D9%84%D8%A2%D9%84%D9%8A-ivr,5.0,2,ساعتين,2,0,$10.00,يوم واحد,2,3,45.0,.Alaa S,https://khamsat.com/user/alaa_saber23,True,بائع مميز,5.0,30,95.52%,3,40,ساعة
صوتيات,https://khamsat.com/audio,الرد الآلي IVR,https://khamsat.com/audio/ivr,تسجيل صوتي لخدمة الرد الآلي (IVR) باللغة العربية والإنجليزية,https://khamsat.com/audio/ivr/2421436-%D8%AA%D8%B3%D8%AC%D9%8A%D9%84-%D8%B5%D9%88%D8%AA%D9%8A-%D9%84%D8%AE%D8%AF%D9%85%D8%A9-%D8%A7%D9%84%D8%B1%D8%AF-%D8%A7%D9%84%D8%A2%D9%84%D9%8A-ivr-%D8%A8%D8%A7%D9%84%D9%84%D8%BA%D8%A9-%D8%A7%D9%84%D8%B9%D8%B1%D8%A8%D9%8A%D8%A9-%D9%88%D8%A7%D9%84%D8%A5%D9%86%D8%AC%D9%84%D9%8A%D8%B2%D9%8A%D8%A9,5.0,6,3 دقائق,8,0,$10.00,يوم واحد,6,4,85.0,ألاء د.,https://khamsat.com/user/alaa_diab95,True,بائع مميز,5.0,90,99.47%,4,99,13 دقيقة
صوتيات,https://khamsat.com/audio,الرد الآلي IVR,https://khamsat.com/audio/ivr,خدمة الرد الآلى على المكالمات,https://khamsat.com/audio/ivr/3007699-%D8%AE%D8%AF%D9%85%D8%A9-%D8%A7%D9%84%D8%B1%D8%AF-%D8%A7%D9%84%D8%A2%D9%84%D9%89-%D8%B9%D9%84%D9%89-%D8%A7%D9%84%D9%85%D9%83%D8%A7%D9%84%D9%85%D8%A7%D8%AA,0.0,0,لم يحسب,0,0,$10.00,يوم واحد,0,0,0.0,.Rehab H,https://khamsat.com/user/rehab_h_hamdy,True,بائع جديد,5.0,1,85.71%,5,1,ساعتين
صوتيات,https://khamsat.com/audio,الرد الآلي IVR,https://khamsat.com/audio/ivr,تسجيل الرد الآلي باللغة العربية والإنجليزية,https://khamsat.com/audio/ivr/2571556-%D8%AA%D8%B3%D8%AC%D9%8A%D9%84-%D8%A7%D9%84%D8%B1%D8%AF-%D8%A7%D9%84%D8%A2%D9%84%D9%8A-%D8%A8%D8%A7%D9%84%D9%84%D8%BA%D8%A9-%D8%A7%D9%84%D8%B9%D8%B1%D8%A8%D9%8A%D8%A9-%D9%88%D8%A7%D9%84%D8%A5%D9%86%D8%AC%D9%84%D9%8A%D8%B2%D9%8A%D8%A9,5.0,1,دقيقة,1,0,$5.00,يوم واحد,1,0,0.0,صابرين ا.,https://khamsat.com/user/sabreenalsosi,True,بائع مميز,4.5,32,96.72%,3,34,3 ساعات
صوتيات,https://khamsat.com/audio,الرد الآلي IVR,https://khamsat.com/audio/ivr,أقدم لكم تسجيل صوتي لخدمة الرد الآلي IVR بجودة عالية,https://khamsat.com/audio/ivr/2995640-%D8%A3%D9%82%D8%AF%D9%85-%D9%84%D9%83%D9%85-%D8%AA%D8%B3%D8%AC%D9%8A%D9%84-%D8%B5%D9%88%D8%AA%D9%8A-%D9%84%D8%AE%D8%AF%D9%85%D8%A9-%D8%A7%D9%84%D8%B1%D8%AF-%D8%A7%D9%84%D8%A2%D9%84%D9%8A-ivr-%D8%A8%D8%AC%D9%88%D8%AF%D8%A9-%D8%B9%D8%A7%D9%84%D9%8A%D8%A9,0.0,0,لم يحسب,0,0,$5.00,يوم واحد,0,0,0.0,.Aeham A,https://khamsat.com/user/amjad_morapee,True,بائع جديد,0.0,0,لم يحسب بعد,1,0,لم يحسب
صوتيات,https://khamsat.com/audio,الرد الآلي IVR,https://khamsat.com/audio/ivr,الرد الالى على التليفون IVR,https://khamsat.com/audio/ivr/2951985-%D8%A7%D9%84%D8%B1%D8%AF-%D8%A7%D9%84%D8%A7%D9%84%D9%89-%D8%B9%D9%84%D9%89-%D8%A7%D9%84%D8%AA%D9%84%D9%8A%D9%81%D9%88%D9%86-ivr,0.0,0,لم يحسب,0,0,$5.00,يومين,0,5,120.0,.Annasimone E,https://khamsat.com/user/anna_armya,True,بائع جديد,0.0,0,لم يحسب بعد,2,0,لم يحسب
صوتيات,https://khamsat.com/audio,الرد الآلي IVR,https://khamsat.com/audio/ivr,خدمة الرد الالي للشركات و المؤسسات,https://khamsat.com/audio/ivr/2861397-%D8%AE%D8%AF%D9%85%D8%A9-%D8%A7%D9%84%D8%B1%D8%AF-%D8%A7%D9%84%D8%A7%D9%84%D9%8A-%D9%84%D9%84%D8%B4%D8%B1%D9%83%D8%A7%D8%AA-%D9%88-%D8%A7%D9%84%D9%85%D8%A4%D8%B3%D8%B3%D8%A7%D8%AA,0.0,0,لم يحسب,0,0,$5.00,يومين,0,0,0.0,دانه ق.,https://khamsat.com/user/dana_2024,False,بائع جديد,0.0,0,لم يحسب بعد,2,0,لم يحسب
صوتيات,https://khamsat.com/audio,الرد الآلي IVR,https://khamsat.com/audio/ivr,خدمة الرد الآلي عربي و إنجليزي بصوت نسائي 30ث ب 5$,https://khamsat.com/audio/ivr/1605476-%D8%AE%D8%AF%D9%85%D8%A9-%D8%A7%D9%84%D8%B1%D8%AF-%D8%A7%D9%84%D8%A2%D9%84%D9%8A-%D8%B9%D8%B1%D8%A8%D9%8A-%D9%88-%D8%A5%D9%86%D8%AC%D9%84%D9%8A%D8%B2%D9%8A-%D8%A8%D8%B5%D9%88%D8%AA-%D9%86%D8%B3%D8%A7%D8%A6%D9%8A-30%D8%AB-%D8%A8-5,4.5,11,22 ساعة,17,0,$5.00,يوم واحد,11,0,0.0,.Sama A,https://khamsat.com/user/sama1997,True,بائع مميز,4.5,107,97.94%,3,125,7 ساعات
صوتيات,https://khamsat.com/audio,الرد الآلي IVR,https://khamsat.com/audio/ivr,الرد الآلي باللغتين العربية والإنجليزية بجودة عالية,https://khamsat.com/audio/ivr/3042188-%D8%A7%D9%84%D8%B1%D8%AF-%D8%A7%D9%84%D8%A2%D9%84%D9%8A-%D8%A8%D8%A7%D9%84%D9%84%D8%BA%D8%AA%D9%8A%D9%86-%D8%A7%D9%84%D8%B9%D8%B1%D8%A8%D9%8A%D8%A9-%D9%88%D8%A7%D9%84%D8%A5%D9%86%D8%AC%D9%84%D9%8A%D8%B2%D9%8A%D8%A9-%D8%A8%D8%AC%D9%88%D8%AF%D8%A9-%D8%B9%D8%A7%D9%84%D9%8A%D8%A9,0.0,0,لم يحسب,0,0,$10.00,يومين,0,3,130.0,عفراء س.,https://khamsat.com/user/afraa_solemann,True,بائع نشيط,5.0,7,100.0%,4,11,ساعة
صوتيات,https://khamsat.com/audio,إنتاج وتلحين موسيقي,https://khamsat.com/audio/producers-composers,تلحين كلماتك لتكون اغنيتك المفضله,https://khamsat.com/audio/producers-composers/755680-%D8%AA%D9%84%D8%AD%D9%8A%D9%86-%D9%83%D9%84%D9%85%D8%A7%D8%AA%D9%83-%D9%84%D8%AA%D9%83%D9%88%D9%86-%D8%A7%D8%BA%D9%86%D9%8A%D8%AA%D9%83-%D8%A7%D9%84%D9%85%D9%81%D8%B6%D9%84%D9%87,5.0,4,22 ساعة,7,0,$20.00,أربعة أيام,4,5,375.0,محمود م.,https://khamsat.com/user/%D9%85%D8%AD%D9%85%D9%88%D8%AF-%D8%B9%D8%A7%D8%AF%D9%84-%D9%85%D8%B4%D8%B1%D9%81,True,بائع نشيط,5.0,4,100.0%,2,7,22 ساعة
صوتيات,https://khamsat.com/audio,إنتاج وتلحين موسيقي,https://khamsat.com/audio/producers-composers,التلحين والتوزيع الموسيقي,https://khamsat.com/audio/producers-composers/2891852-%D8%A7%D9%84%D8%AA%D9%84%D8%AD%D9%8A%D9%86-%D9%88%D8%A7%D9%84%D8%AA%D9%88%D8%B2%D9%8A%D8%B9-%D8%A7%D9%84%D9%85%D9%88%D8%B3%D9%8A%D9%82%D9%8A,5.0,4,3 دقائق,8,0,$5.00,يومين,4,3,120.0,نضال ا.,https://khamsat.com/user/oudzod,True,بائع نشيط,5.0,4,44.0%,1,8,3 دقائق
صوتيات,https://khamsat.com/audio,إنتاج وتلحين موسيقي,https://khamsat.com/audio/producers-composers,كتابة النوتة الموسيقية وتوزيع الألحان,https://khamsat.com/audio/producers-composers/2435895-%D9%83%D8%AA%D8%A7%D8%A8%D8%A9-%D8%A7%D9%84%D9%86%D9%88%D8%AA%D8%A9-%D8%A7%D9%84%D9%85%D9%88%D8%B3%D9%8A%D9%82%D9%8A%D8%A9-%D9%88%D8%AA%D9%88%D8%B2%D9%8A%D8%B9-%D8%A7%D9%84%D8%A3%D9%84%D8%AD%D8%A7%D9%86,5.0,1,لم يحسب,1,0,$5.00,خمسة أيام,1,0,0.0,محمود ح.,https://khamsat.com/user/dr_massoud,True,بائع جديد,5.0,1,100.0%,2,1,لم يحسب
صوتيات,https://khamsat.com/audio,إنتاج وتلحين موسيقي,https://khamsat.com/audio/producers-composers,انشاء لحن بيت راب تراب دريل شعبي,https://khamsat.com/audio/producers-composers/2831114-%D8%A7%D9%86%D8%B4%D8%A7%D8%A1-%D9%84%D8%AD%D9%86-%D8%A8%D9%8A%D8%AA-%D8%B1%D8%A7%D8%A8-%D8%AA%D8%B1%D8%A7%D8%A8-%D8%AF%D8%B1%D9%8A%D9%84-%D8%B4%D8%B9%D8%A8%D9%8A,5.0,2,26 دقيقة,2,0,$10.00,أسبوع,2,5,100.0,احمد ج.,https://khamsat.com/user/elbeh_music,True,بائع جديد,5.0,2,50.0%,3,2,26 دقيقة
صوتيات,https://khamsat.com/audio,إنتاج وتلحين موسيقي,https://khamsat.com/audio/producers-composers,توزيع موسيقي وإنتاج تلحين غناء,https://khamsat.com/audio/producers-composers/2591421-%D8%AA%D9%88%D8%B2%D9%8A%D8%B9-%D9%85%D9%88%D8%B3%D9%8A%D9%82%D9%8A-%D9%88%D8%A5%D9%86%D8%AA%D8%A7%D8%AC-%D8%AA%D9%84%D8%AD%D9%8A%D9%86-%D8%BA%D9%86%D8%A7%D8%A1,4.5,25,23 دقيقة,25,0,$5.00,خمسة أيام,25,3,60.0,.Ahmed E,https://khamsat.com/user/ahmed_elghwas,True,بائع مميز,4.5,37,97.25%,4,29,7 ساعات
صوتيات,https://khamsat.com/audio,إنتاج وتلحين موسيقي,https://khamsat.com/audio/producers-composers,سأقوم بعزف الألحان عالية الجودة لمشاريعك,https://khamsat.com/audio/producers-composers/2837358-%D8%B3%D8%A3%D9%82%D9%88%D9%85-%D8%A8%D8%B9%D8%B2%D9%81-%D8%A7%D9%84%D8%A3%D9%84%D8%AD%D8%A7%D9%86-%D8%B9%D8%A7%D9%84%D9%8A%D8%A9-%D8%A7%D9%84%D8%AC%D9%88%D8%AF%D8%A9-%D9%84%D9%85%D8%B4%D8%A7%D8%B1%D9%8A%D8%B9%D9%83,5.0,1,17 ساعة,1,1,$5.00,يومين,1,3,30.0,.Omar Elfarouk L,https://khamsat.com/user/farouk0707,True,بائع جديد,5.0,1,100.0%,1,1,17 ساعة
صوتيات,https://khamsat.com/audio,إنتاج وتلحين موسيقي,https://khamsat.com/audio/producers-composers,خدمة التلحين والتوزيع الموسيقي,https://khamsat.com/audio/producers-composers/2902153-%D8%AE%D8%AF%D9%85%D8%A9-%D8%A7%D9%84%D8%AA%D9%84%D8%AD%D9%8A%D9%86-%D9%88%D8%A7%D9%84%D8%AA%D9%88%D8%B2%D9%8A%D8%B9-%D8%A7%D9%84%D9%85%D9%88%D8%B3%D9%8A%D9%82%D9%8A,5.0,1,55 دقيقة,1,0,$10.00,أسبوع,1,2,25.0,.Mohammed F,https://khamsat.com/user/aceask01,True,بائع نشيط,5.0,4,100.0%,6,6,ساعة
صوتيات,https://khamsat.com/audio,إنتاج وتلحين موسيقي,https://khamsat.com/audio/producers-composers,سأقوم بتأليف موسيقي أصلية للأفلام والألعاب والفيديوهات,https://khamsat.com/audio/producers-composers/2776927-%D8%B3%D8%A3%D9%82%D9%88%D9%85-%D8%A8%D8%AA%D8%A3%D9%84%D9%8A%D9%81-%D9%85%D9%88%D8%B3%D9%8A%D9%82%D9%8A-%D8%A3%D8%B5%D9%84%D9%8A%D8%A9-%D9%84%D9%84%D8%A3%D9%81%D9%84%D8%A7%D9%85-%D9%88%D8%A7%D9%84%D8%A3%D9%84%D8%B9%D8%A7%D8%A8-%D9%88%D8%A7%D9%84%D9%81%D9%8A%D8%AF%D9%8A%D9%88%D9%87%D8%A7%D8%AA,5.0,4,ساعة,5,0,$10.00,ثلاثة أيام,4,2,110.0,موريس ر.,https://khamsat.com/user/mauricerizk,True,بائع جديد,5.0,4,100.0%,1,5,ساعة
صوتيات,https://khamsat.com/audio,إنتاج وتلحين موسيقي,https://khamsat.com/audio/producers-composers,"تلحين شعر غنائي, قصيدة, شعر عامي 5 دولار",https://khamsat.com/audio/producers-composers/1161800-%D8%AA%D9%84%D8%AD%D9%8A%D9%86-%D8%B4%D8%B9%D8%B1-%D8%BA%D9%86%D8%A7%D8%A6%D9%8A-%D9%82%D8%B5%D9%8A%D8%AF%D8%A9-%D8%B4%D8%B9%D8%B1-%D8%B9%D8%A7%D9%85%D9%8A-5-%D8%AF%D9%88%D9%84%D8%A7%D8%B1,4.5,24,15 ساعة,34,0,$5.00,يومين,24,4,120.0,خالد و.,https://khamsat.com/user/khaled_waleed_99,True,بائع نشيط,4.5,39,81.63%,4,49,3 ساعات
صوتيات,https://khamsat.com/audio,إنتاج وتلحين موسيقي,https://khamsat.com/audio/producers-composers,توزيع وتلحين وتأليف وصنع المزيكا والموسيقى,https://khamsat.com/audio/producers-composers/1310493-%D8%AA%D9%88%D8%B2%D9%8A%D8%B9-%D9%88%D8%AA%D9%84%D8%AD%D9%8A%D9%86-%D9%88%D8%AA%D8%A3%D9%84%D9%8A%D9%81-%D9%88%D8%B5%D9%86%D8%B9-%D8%A7%D9%84%D9%85%D8%B2%D9%8A%D9%83%D8%A7-%D9%88%D8%A7%D9%84%D9%85%D9%88%D8%B3%D9%8A%D9%82%D9%89,5.0,41,18 دقيقة,59,0,$15.00,أسبوع,25,5,435.0,.Marina A,https://khamsat.com/user/marina_ayman100,True,بائع مميز,5.0,41,96.12%,4,59,6 ساعات
صوتيات,https://khamsat.com/audio,إنتاج وتلحين موسيقي,https://khamsat.com/audio/producers-composers,توزيع موسيقي لاغنية او تلحين كلمات,https://khamsat.com/audio/producers-composers/1559557-%D8%AA%D9%88%D8%B2%D9%8A%D8%B9-%D9%85%D9%88%D8%B3%D9%8A%D9%82%D9%8A-%D9%84%D8%A7%D8%BA%D9%86%D9%8A%D8%A9-%D8%A7%D9%88-%D8%AA%D9%84%D8%AD%D9%8A%D9%86-%D9%83%D9%84%D9%85%D8%A7%D8%AA,4.5,15,8 أيام,21,0,$5.00,أسبوع,15,5,95.0,مايكل ر.,https://khamsat.com/user/micheal19,True,بائع مميز,4.5,15,87.5%,1,21,8 أيام
صوتيات,https://khamsat.com/audio,إنتاج وتلحين موسيقي,https://khamsat.com/audio/producers-composers,إنشاء وتأليف موسيقى أصلية للألعاب والتطبيقات ومقاطع الفيديو,https://khamsat.com/audio/producers-composers/1130191-%D8%A5%D9%86%D8%B4%D8%A7%D8%A1-%D9%88%D8%AA%D8%A3%D9%84%D9%8A%D9%81-%D9%85%D9%88%D8%B3%D9%8A%D9%82%D9%89-%D8%A3%D8%B5%D9%84%D9%8A%D8%A9-%D9%84%D9%84%D8%A3%D9%84%D8%B9%D8%A7%D8%A8-%D9%88%D8%A7%D9%84%D8%AA%D8%B7%D8%A8%D9%8A%D9%82%D8%A7%D8%AA-%D9%88%D9%85%D9%82%D8%A7%D8%B7%D8%B9-%D8%A7%D9%84%D9%81%D9%8A%D8%AF%D9%8A%D9%88,5.0,57,17 دقيقة,69,1,$5.00,أسبوع,25,1,200.0,هشام ب.,https://khamsat.com/user/%D9%87%D8%B4%D8%A7%D9%85-%D8%A8%D9%88%D8%A7%D9%84%D9%88%D8%A7%D9%84%D8%A8,True,بائع مميز,5.0,57,93.98%,1,69,10 دقائق
صوتيات,https://khamsat.com/audio,إنتاج وتلحين موسيقي,https://khamsat.com/audio/producers-composers,احصل على لحن فريد لمشروعك: خدمة إنتاج موسيقي متميزة,https://khamsat.com/audio/producers-composers/3025897-%D8%A7%D8%AD%D8%B5%D9%84-%D8%B9%D9%84%D9%89-%D9%84%D8%AD%D9%86-%D9%81%D8%B1%D9%8A%D8%AF-%D9%84%D9%85%D8%B4%D8%B1%D9%88%D8%B9%D9%83-%D8%AE%D8%AF%D9%85%D8%A9-%D8%A5%D9%86%D8%AA%D8%A7%D8%AC-%D9%85%D9%88%D8%B3%D9%8A%D9%82%D9%8A-%D9%85%D8%AA%D9%85%D9%8A%D8%B2%D8%A9,5.0,1,23 ساعة,1,0,$10.00,أسبوع,1,1,5.0,.Sami S,https://khamsat.com/user/swiji,True,بائع جديد,5.0,1,100.0%,2,1,23 ساعة
صوتيات,https://khamsat.com/audio,إنتاج وتلحين موسيقي,https://khamsat.com/audio/producers-composers,تأليف وتوزيع موسيقي اصلية,https://khamsat.com/audio/producers-composers/2602672-%D8%AA%D8%A3%D9%84%D9%8A%D9%81-%D9%88%D8%AA%D9%88%D8%B2%D9%8A%D8%B9-%D9%85%D9%88%D8%B3%D9%8A%D9%82%D9%8A-%D8%A7%D8%B5%D9%84%D9%8A%D8%A9,4.5,14,دقيقتين,16,0,$50.00,ثلاثة أيام,14,5,650.0,.Sameh A,https://khamsat.com/user/ahmed_helmy_2011,True,بائع مميز,5.0,107,94.43%,6,123,3 ساعات
صوتيات,https://khamsat.com/audio,إنتاج وتلحين موسيقي,https://khamsat.com/audio/producers-composers,تأليف أجمل لحن لقصيدتك وأحلى موسيقى تتفرد بها منشأتك,https://khamsat.com/audio/producers-composers/1717499-%D8%AA%D8%A3%D9%84%D9%8A%D9%81-%D8%A3%D8%AC%D9%85%D9%84-%D9%84%D8%AD%D9%86-%D9%84%D9%82%D8%B5%D9%8A%D8%AF%D8%AA%D9%83-%D9%88%D8%A3%D8%AD%D9%84%D9%89-%D9%85%D9%88%D8%B3%D9%8A%D9%82%D9%89-%D8%AA%D8%AA%D9%81%D8%B1%D8%AF-%D8%A8%D9%87%D8%A7-%D9%85%D9%86%D8%B4%D8%A3%D8%AA%D9%83,5.0,1,4 دقائق,1,0,$10.00,ثلاثة أيام,1,3,170.0,كمال ع.,https://khamsat.com/user/kamal_ibrahim22,True,بائع نشيط,5.0,1,84.21%,1,1,4 دقائق
صوتيات,https://khamsat.com/audio,إنتاج وتلحين موسيقي,https://khamsat.com/audio/producers-composers,كتابة وتلحين وتسجيل أي قصيد أو انشودة او اغنية,https://khamsat.com/audio/producers-composers/1607786-%D9%83%D8%AA%D8%A7%D8%A8%D8%A9-%D9%88%D8%AA%D9%84%D8%AD%D9%8A%D9%86-%D9%88%D8%AA%D8%B3%D8%AC%D9%8A%D9%84-%D8%A3%D9%8A-%D9%82%D8%B5%D9%8A%D8%AF-%D8%A3%D9%88-%D8%A7%D9%86%D8%B4%D9%88%D8%AF%D8%A9-%D8%A7%D9%88-%D8%A7%D8%BA%D9%86%D9%8A%D8%A9,5.0,8,10 ساعات,9,0,$5.00,أسبوع,8,3,250.0,محمد ص.,https://khamsat.com/user/mohammedmajed,True,بائع نشيط,5.0,10,95.45%,4,16,8 ساعات
صوتيات,https://khamsat.com/audio,إنتاج وتلحين موسيقي,https://khamsat.com/audio/producers-composers,تأليف و توزيع موسيقي بكل أشكاله,https://khamsat.com/audio/producers-composers/1906866-%D8%AA%D8%A3%D9%84%D9%8A%D9%81-%D9%88-%D8%AA%D9%88%D8%B2%D9%8A%D8%B9-%D9%85%D9%88%D8%B3%D9%8A%D9%82%D9%8A-%D8%A8%D9%83%D9%84-%D8%A3%D8%B4%D9%83%D8%A7%D9%84%D9%87,5.0,8,ساعة,11,0,$10.00,ثلاثة أيام,8,4,110.0,يوسف ب.,https://khamsat.com/user/y0ussef_bassem,True,بائع نشيط,5.0,10,56.36%,4,13,ساعتين
صوتيات,https://khamsat.com/audio,إنتاج وتلحين موسيقي,https://khamsat.com/audio/producers-composers,سأقوم بعزف. توزيع .هندسة وإنتاج موسيقى رائعة لجميع مشاريعك,https://khamsat.com/audio/producers-composers/1023002-%D8%B3%D8%A3%D9%82%D9%88%D9%85-%D8%A8%D8%B9%D8%B2%D9%81.-%D8%AA%D9%88%D8%B2%D9%8A%D8%B9-.%D9%87%D9%86%D8%AF%D8%B3%D8%A9-%D9%88%D8%A5%D9%86%D8%AA%D8%A7%D8%AC-%D9%85%D9%88%D8%B3%D9%8A%D9%82%D9%89-%D8%B1%D8%A7%D8%A6%D8%B9%D8%A9-%D9%84%D8%AC%D9%85%D9%8A%D8%B9-%D9%85%D8%B4%D8%A7%D8%B1%D9%8A%D8%B9%D9%83,4.5,74,3 ساعات,105,0,$5.00,ثلاثة أيام,25,5,100.0,عبد الله ا.,https://khamsat.com/user/%D8%B9%D8%A8%D8%AF-%D8%A7%D9%84%D9%84%D9%87-%D8%AD%D9%84%D9%8A%D9%85,True,بائع مميز,4.5,92,87.97%,3,125,6 ساعات
صوتيات,https://khamsat.com/audio,إنتاج وتلحين موسيقي,https://khamsat.com/audio/producers-composers,تلحين كلمات اغاني بكل الطبوع,https://khamsat.com/audio/producers-composers/2599515-%D8%AA%D9%84%D8%AD%D9%8A%D9%86-%D9%83%D9%84%D9%85%D8%A7%D8%AA-%D8%A7%D8%BA%D8%A7%D9%86%D9%8A-%D8%A8%D9%83%D9%84-%D8%A7%D9%84%D8%B7%D8%A8%D9%88%D8%B9,5.0,2,17 ساعة,4,0,$5.00,يومين,2,4,250.0,رياض ب.,https://khamsat.com/user/riyad_beghidja,True,بائع نشيط,5.0,4,100.0%,3,4,11 ساعة
صوتيات,https://khamsat.com/audio,إنتاج وتلحين موسيقي,https://khamsat.com/audio/producers-composers,ملحن موسيقي مصري /عربي /خليجي /غربي,https://khamsat.com/audio/producers-composers/2407804-%D9%85%D9%84%D8%AD%D9%86-%D9%85%D9%88%D8%B3%D9%8A%D9%82%D9%8A-%D9%85%D8%B5%D8%B1%D9%8A-%D8%B9%D8%B1%D8%A8%D9%8A-%D8%AE%D9%84%D9%8A%D8%AC%D9%8A-%D8%BA%D8%B1%D8%A8%D9%8A,5.0,2,8 ساعات,2,0,$10.00,أربعة أيام,2,3,275.0,.Hesham H,https://khamsat.com/user/mretsh2017,True,بائع نشيط,5.0,3,100.0%,2,3,18 ساعة
صوتيات,https://khamsat.com/audio,إنتاج وتلحين موسيقي,https://khamsat.com/audio/producers-composers,تعلم معزوفة جيتار اصلية خاصة فيك من تاليفك,https://khamsat.com/audio/producers-composers/2623014-%D8%AA%D8%B9%D9%84%D9%85-%D9%85%D8%B9%D8%B2%D9%88%D9%81%D8%A9-%D8%AC%D9%8A%D8%AA%D8%A7%D8%B1-%D8%A7%D8%B5%D9%84%D9%8A%D8%A9-%D8%AE%D8%A7%D8%B5%D8%A9-%D9%81%D9%8A%D9%83-%D9%85%D9%86-%D8%AA%D8%A7%D9%84%D9%8A%D9%81%D9%83,0.0,0,لم يحسب,1,0,$5.00,ثلاثة أيام,0,0,0.0,.Elias M,https://khamsat.com/user/mre2000,True,بائع جديد,0.0,0,100.0%,3,1,ساعتين
صوتيات,https://khamsat.com/audio,إنتاج وتلحين موسيقي,https://khamsat.com/audio/producers-composers,تأليف وتوزيع مقاطع موسيقية كخلفيات موسيقية لاعمالك,https://khamsat.com/audio/producers-composers/2596523-%D8%AA%D8%A3%D9%84%D9%8A%D9%81-%D9%88%D8%AA%D9%88%D8%B2%D9%8A%D8%B9-%D9%85%D9%82%D8%A7%D8%B7%D8%B9-%D9%85%D9%88%D8%B3%D9%8A%D9%82%D9%8A%D8%A9-%D9%83%D8%AE%D9%84%D9%81%D9%8A%D8%A7%D8%AA-%D9%85%D9%88%D8%B3%D9%8A%D9%82%D9%8A%D8%A9-%D9%84%D8%A7%D8%B9%D9%85%D8%A7%D9%84%D9%83,5.0,5,3 ساعات,5,1,$10.00,ستة أيام,5,5,230.0,.Mohamed H,https://khamsat.com/user/mohamed_halika,True,بائع نشيط,5.0,5,100.0%,4,5,3 ساعات
صوتيات,https://khamsat.com/audio,إنتاج وتلحين موسيقي,https://khamsat.com/audio/producers-composers,تلحين و توزيع اي عمل موسيقي ، هندسة صوتية ، موسيقى تصويرية,https://khamsat.com/audio/producers-composers/1335763-%D8%AA%D9%84%D8%AD%D9%8A%D9%86-%D9%88-%D8%AA%D9%88%D8%B2%D9%8A%D8%B9-%D8%A7%D9%8A-%D8%B9%D9%85%D9%84-%D9%85%D9%88%D8%B3%D9%8A%D9%82%D9%8A-%D9%87%D9%86%D8%AF%D8%B3%D8%A9-%D8%B5%D9%88%D8%AA%D9%8A%D8%A9-%D9%85%D9%88%D8%B3%D9%8A%D9%82%D9%89-%D8%AA%D8%B5%D9%88%D9%8A%D8%B1%D9%8A%D8%A9,5.0,9,يوم,13,0,$5.00,أربعة أيام,9,5,140.0,.Mario B,https://khamsat.com/user/dr_mario_botrous,True,بائع نشيط,5.0,9,94.29%,1,13,14 ساعة
صوتيات,https://khamsat.com/audio,إنتاج وتلحين موسيقي,https://khamsat.com/audio/producers-composers,سأنتج لك مقطع موسيقي حصري لاي غرض تجاري مكون من 20 تانية,https://khamsat.com/audio/producers-composers/2041767-%D8%B3%D8%A3%D9%86%D8%AA%D8%AC-%D9%84%D9%83-%D9%85%D9%82%D8%B7%D8%B9-%D9%85%D9%88%D8%B3%D9%8A%D9%82%D9%8A-%D8%AD%D8%B5%D8%B1%D9%8A-%D9%84%D8%A7%D9%8A-%D8%BA%D8%B1%D8%B6-%D8%AA%D8%AC%D8%A7%D8%B1%D9%8A-%D9%85%D9%83%D9%88%D9%86-%D9%85%D9%86-20-%D8%AA%D8%A7%D9%86%D9%8A%D8%A9,5.0,4,8 أيام,4,0,$5.00,يومين,4,4,135.0,.Zouhair E,https://khamsat.com/user/zouhair_elkhalfi,True,بائع نشيط,5.0,4,83.33%,1,4,8 أيام
صوتيات,https://khamsat.com/audio,إنتاج وتلحين موسيقي,https://khamsat.com/audio/producers-composers,تحليل مقامي تفصيلي لأي أغنية تريدها على أي آلة,https://khamsat.com/audio/producers-composers/2928862-%D8%AA%D8%AD%D9%84%D9%8A%D9%84-%D9%85%D9%82%D8%A7%D9%85%D9%8A-%D8%AA%D9%81%D8%B5%D9%8A%D9%84%D9%8A-%D9%84%D8%A3%D9%8A-%D8%A3%D8%BA%D9%86%D9%8A%D8%A9-%D8%AA%D8%B1%D9%8A%D8%AF%D9%87%D8%A7-%D8%B9%D9%84%D9%89-%D8%A3%D9%8A-%D8%A2%D9%84%D8%A9,4.5,1,5 ساعات,1,0,$15.00,ثلاثة أيام,1,4,40.0,.Aya R,https://khamsat.com/user/do5own,True,بائع مميز,5.0,44,89.25%,8,54,ساعتين
صوتيات,https://khamsat.com/audio,إنتاج وتلحين موسيقي,https://khamsat.com/audio/producers-composers,صنع الموسيقي الأصلية لأي أغنية بدون صوت المطرب,https://khamsat.com/audio/producers-composers/2163542-%D8%B5%D9%86%D8%B9-%D8%A7%D9%84%D9%85%D9%88%D8%B3%D9%8A%D9%82%D9%8A-%D8%A7%D9%84%D8%A3%D8%B5%D9%84%D9%8A%D8%A9-%D9%84%D8%A3%D9%8A-%D8%A3%D8%BA%D9%86%D9%8A%D8%A9-%D8%A8%D8%AF%D9%88%D9%86-%D8%B5%D9%88%D8%AA-%D8%A7%D9%84%D9%85%D8%B7%D8%B1%D8%A8,5.0,1,7 ساعات,2,0,$5.00,يوم واحد,1,4,70.0,اسلام ع.,https://khamsat.com/user/islam2darwish,True,بائع جديد,5.0,1,66.67%,5,2,3 ساعات
صوتيات,https://khamsat.com/audio,إنتاج وتلحين موسيقي,https://khamsat.com/audio/producers-composers,سأقوم بعزف توزيع هندسة وإنتاج موسيقى الخاصة بك لجميع مشاريعك,https://khamsat.com/audio/producers-composers/3051200-%D8%B3%D8%A3%D9%82%D9%88%D9%85-%D8%A8%D8%B9%D8%B2%D9%81-%D8%AA%D9%88%D8%B2%D9%8A%D8%B9-%D9%87%D9%86%D8%AF%D8%B3%D8%A9-%D9%88%D8%A5%D9%86%D8%AA%D8%A7%D8%AC-%D9%85%D9%88%D8%B3%D9%8A%D9%82%D9%89-%D8%A7%D9%84%D8%AE%D8%A7%D8%B5%D8%A9-%D8%A8%D9%83-%D9%84%D8%AC%D9%85%D9%8A%D8%B9-%D9%85%D8%B4%D8%A7%D8%B1%D9%8A%D8%B9%D9%83,0.0,0,لم يحسب,0,0,$5.00,يومين,0,2,50.0,.Ahmed Anis B,https://khamsat.com/user/ahmed-anis-bouchama,False,بائع جديد,0.0,0,لم يحسب بعد,1,0,لم يحسب
صوتيات,https://khamsat.com/audio,إنتاج وتلحين موسيقي,https://khamsat.com/audio/producers-composers,أقوم بتأليف موسيقي للأفلام والألعاب والفيديوهات والاغانى,https://khamsat.com/audio/producers-composers/3023035-%D8%A3%D9%82%D9%88%D9%85-%D8%A8%D8%AA%D8%A3%D9%84%D9%8A%D9%81-%D9%85%D9%88%D8%B3%D9%8A%D9%82%D9%8A-%D9%84%D9%84%D8%A3%D9%81%D9%84%D8%A7%D9%85-%D9%88%D8%A7%D9%84%D8%A3%D9%84%D8%B9%D8%A7%D8%A8-%D9%88%D8%A7%D9%84%D9%81%D9%8A%D8%AF%D9%8A%D9%88%D9%87%D8%A7%D8%AA-%D9%88%D8%A7%D9%84%D8%A7%D8%BA%D8%A7%D9%86%D9%89,0.0,0,لم يحسب,0,0,$10.00,ثلاثة أيام,0,0,0.0,.Anan A,https://khamsat.com/user/anan_adel31,True,بائع جديد,0.0,0,لم يحسب بعد,2,0,لم يحسب
صوتيات,https://khamsat.com/audio,إنتاج وتلحين موسيقي,https://khamsat.com/audio/producers-composers,تاليف موسيقى تصويرية اصلية مناسبة ل اي عمل فني,https://khamsat.com/audio/producers-composers/2879442-%D8%AA%D8%A7%D9%84%D9%8A%D9%81-%D9%85%D9%88%D8%B3%D9%8A%D9%82%D9%89-%D8%AA%D8%B5%D9%88%D9%8A%D8%B1%D9%8A%D8%A9-%D8%A7%D8%B5%D9%84%D9%8A%D8%A9-%D9%85%D9%86%D8%A7%D8%B3%D8%A8%D8%A9-%D9%84-%D8%A7%D9%8A-%D8%B9%D9%85%D9%84-%D9%81%D9%86%D9%8A,0.0,0,لم يحسب,0,0,$10.00,يومين,0,1,5.0,جوزيف ف.,https://khamsat.com/user/jozef_i_fouad,False,بائع جديد,0.0,0,لم يحسب بعد,3,0,لم يحسب
صوتيات,https://khamsat.com/audio,إنتاج وتلحين موسيقي,https://khamsat.com/audio/producers-composers,تدوين نوتة موسيقية لأي عمل موسيقي,https://khamsat.com/audio/producers-composers/2464175-%D8%AA%D8%AF%D9%88%D9%8A%D9%86-%D9%86%D9%88%D8%AA%D8%A9-%D9%85%D9%88%D8%B3%D9%8A%D9%82%D9%8A%D8%A9-%D9%84%D8%A3%D9%8A-%D8%B9%D9%85%D9%84-%D9%85%D9%88%D8%B3%D9%8A%D9%82%D9%8A,4.5,1,5 دقائق,1,0,$5.00,يومين,1,3,30.0,نانسي ف.,https://khamsat.com/user/dr_nancy_farouk88,True,بائع جديد,4.5,1,100.0%,2,1,29 دقيقة
صوتيات,https://khamsat.com/audio,الهندسة الصوتية,https://khamsat.com/audio/mixing,توزيع باستخدام الاصوات البشريه وعمل الارضيات الموسيقيه,https://khamsat.com/audio/mixing/2875952-%D8%AA%D9%88%D8%B2%D9%8A%D8%B9-%D8%A8%D8%A7%D8%B3%D8%AA%D8%AE%D8%AF%D8%A7%D9%85-%D8%A7%D9%84%D8%A7%D8%B5%D9%88%D8%A7%D8%AA-%D8%A7%D9%84%D8%A8%D8%B4%D8%B1%D9%8A%D9%87-%D9%88%D8%B9%D9%85%D9%84-%D8%A7%D9%84%D8%A7%D8%B1%D8%B6%D9%8A%D8%A7%D8%AA-%D8%A7%D9%84%D9%85%D9%88%D8%B3%D9%8A%D9%82%D9%8A%D9%87,4.5,6,18 ساعة,6,0,$25.00,خمسة أيام,6,1,35.0,.Ahmed E,https://khamsat.com/user/ahmed_elghwas,True,بائع مميز,4.5,37,97.25%,4,29,7 ساعات
صوتيات,https://khamsat.com/audio,الهندسة الصوتية,https://khamsat.com/audio/mixing,مونتاج صوتي و إزالة ضوضاء و ماستر كامل للملف الصوتي,https://khamsat.com/audio/mixing/2071508-%D9%85%D9%88%D9%86%D8%AA%D8%A7%D8%AC-%D8%B5%D9%88%D8%AA%D9%8A-%D9%88-%D8%A5%D8%B2%D8%A7%D9%84%D8%A9-%D8%B6%D9%88%D8%B6%D8%A7%D8%A1-%D9%88-%D9%85%D8%A7%D8%B3%D8%AA%D8%B1-%D9%83%D8%A7%D9%85%D9%84-%D9%84%D9%84%D9%85%D9%84%D9%81-%D8%A7%D9%84%D8%B5%D9%88%D8%AA%D9%8A,5.0,9,30 دقيقة,12,0,$10.00,يومين,9,5,150.0,.Ahmed H,https://khamsat.com/user/ahmed-elhusseny,True,بائع نشيط,5.0,16,97.56%,4,19,7 ساعات
صوتيات,https://khamsat.com/audio,الهندسة الصوتية,https://khamsat.com/audio/mixing,هندسة صوتية وازالة التشويش وتنقية الصوت واضافة مؤثرات,https://khamsat.com/audio/mixing/2363453-%D9%87%D9%86%D8%AF%D8%B3%D8%A9-%D8%B5%D9%88%D8%AA%D9%8A%D8%A9-%D9%88%D8%A7%D8%B2%D8%A7%D9%84%D8%A9-%D8%A7%D9%84%D8%AA%D8%B4%D9%88%D9%8A%D8%B4-%D9%88%D8%AA%D9%86%D9%82%D9%8A%D8%A9-%D8%A7%D9%84%D8%B5%D9%88%D8%AA-%D9%88%D8%A7%D8%B6%D8%A7%D9%81%D8%A9-%D9%85%D8%A4%D8%AB%D8%B1%D8%A7%D8%AA,5.0,26,6 ساعات,34,0,$5.00,يوم واحد,25,3,30.0,هارفى ا.,https://khamsat.com/user/harvey_emil,True,بائع مميز,5.0,26,100.0%,4,35,ساعتين
صوتيات,https://khamsat.com/audio,الهندسة الصوتية,https://khamsat.com/audio/mixing,هندسة صوتية احترافية واصوات الرعب والاثاره للألعاب gaming voices,https://khamsat.com/audio/mixing/2314817-%D9%87%D9%86%D8%AF%D8%B3%D8%A9-%D8%B5%D9%88%D8%AA%D9%8A%D8%A9-%D8%A7%D8%AD%D8%AA%D8%B1%D8%A7%D9%81%D9%8A%D8%A9-%D9%88%D8%A7%D8%B5%D9%88%D8%A7%D8%AA-%D8%A7%D9%84%D8%B1%D8%B9%D8%A8-%D9%88%D8%A7%D9%84%D8%A7%D8%AB%D8%A7%D8%B1%D9%87-%D9%84%D9%84%D8%A3%D9%84%D8%B9%D8%A7%D8%A8-gaming-voices,5.0,9,ساعة,10,0,$25.00,يوم واحد,9,5,230.0,جلاني ش.,https://khamsat.com/user/deepvoice,True,بائع مميز,5.0,28,98.33%,2,28,ساعة
صوتيات,https://khamsat.com/audio,الهندسة الصوتية,https://khamsat.com/audio/mixing,معالجة وهندسة صوتية للتلاوت القرآنية والمقاطع الصوتية,https://khamsat.com/audio/mixing/2896047-%D9%85%D8%B9%D8%A7%D9%84%D8%AC%D8%A9-%D9%88%D9%87%D9%86%D8%AF%D8%B3%D8%A9-%D8%B5%D9%88%D8%AA%D9%8A%D8%A9-%D9%84%D9%84%D8%AA%D9%84%D8%A7%D9%88%D8%AA-%D8%A7%D9%84%D9%82%D8%B1%D8%A2%D9%86%D9%8A%D8%A9-%D9%88%D8%A7%D9%84%D9%85%D9%82%D8%A7%D8%B7%D8%B9-%D8%A7%D9%84%D8%B5%D9%88%D8%AA%D9%8A%D8%A9,5.0,3,34 دقيقة,3,0,$5.00,يوم واحد,3,2,85.0,عمر ا.,https://khamsat.com/user/omaar_alameery,True,بائع جديد,5.0,3,100.0%,2,3,34 دقيقة
صوتيات,https://khamsat.com/audio,الهندسة الصوتية,https://khamsat.com/audio/mixing,تعديل صوت المغني أو المنشد أو القارئ وٱضافه المؤثرات,https://khamsat.com/audio/mixing/2731593-%D8%AA%D8%B9%D8%AF%D9%8A%D9%84-%D8%B5%D9%88%D8%AA-%D8%A7%D9%84%D9%85%D8%BA%D9%86%D9%8A-%D8%A3%D9%88-%D8%A7%D9%84%D9%85%D9%86%D8%B4%D8%AF-%D8%A3%D9%88-%D8%A7%D9%84%D9%82%D8%A7%D8%B1%D8%A6-%D9%88%D8%B6%D8%A7%D9%81%D9%87-%D8%A7%D9%84%D9%85%D8%A4%D8%AB%D8%B1%D8%A7%D8%AA,5.0,4,11 ساعة,4,0,$5.00,خمسة أيام,4,1,5.0,.Ahmed E,https://khamsat.com/user/ahmed_elghwas,True,بائع مميز,4.5,37,97.25%,4,29,7 ساعات
صوتيات,https://khamsat.com/audio,الهندسة الصوتية,https://khamsat.com/audio/mixing,إزالة التشويش وتنقية الصوت بشكل إحترافي,https://khamsat.com/audio/mixing/2998253-%D8%A5%D8%B2%D8%A7%D9%84%D8%A9-%D8%A7%D9%84%D8%AA%D8%B4%D9%88%D9%8A%D8%B4-%D9%88%D8%AA%D9%86%D9%82%D9%8A%D8%A9-%D8%A7%D9%84%D8%B5%D9%88%D8%AA-%D8%A8%D8%B4%D9%83%D9%84-%D8%A5%D8%AD%D8%AA%D8%B1%D8%A7%D9%81%D9%8A,5.0,1,6 دقائق,3,0,$5.00,يوم واحد,1,3,30.0,.Ramadan A,https://khamsat.com/user/ramadan_ammar,True,بائع نشيط,4.5,6,100.0%,2,12,5 دقائق
صوتيات,https://khamsat.com/audio,الهندسة الصوتية,https://khamsat.com/audio/mixing,هندسة صوتية واضافة المؤثرات للتسجيلات الصوتية واستقطاع نغمات,https://khamsat.com/audio/mixing/765774-%D9%87%D9%86%D8%AF%D8%B3%D8%A9-%D8%B5%D9%88%D8%AA%D9%8A%D8%A9-%D9%88%D8%A7%D8%B6%D8%A7%D9%81%D8%A9-%D8%A7%D9%84%D9%85%D8%A4%D8%AB%D8%B1%D8%A7%D8%AA-%D9%84%D9%84%D8%AA%D8%B3%D8%AC%D9%8A%D9%84%D8%A7%D8%AA-%D8%A7%D9%84%D8%B5%D9%88%D8%AA%D9%8A%D8%A9-%D9%88%D8%A7%D8%B3%D8%AA%D9%82%D8%B7%D8%A7%D8%B9-%D9%86%D8%BA%D9%85%D8%A7%D8%AA,4.5,89,9 ساعات,122,0,$5.00,يومين,25,5,135.0,.Waleed I,https://khamsat.com/user/%D9%88%D9%84%D9%8A%D8%AF-%D9%85%D8%AD%D9%85%D8%AF-%D8%A7%D9%84%D9%86%D8%AC%D8%A7%D8%B1,True,بائع مميز,4.5,119,92.11%,3,158,3 ساعات
صوتيات,https://khamsat.com/audio,الهندسة الصوتية,https://khamsat.com/audio/mixing,تحرير الصوتيات، هندسة متقدمة لإضافة المؤثرات وإزالة الضوضاء,https://khamsat.com/audio/mixing/3015607-%D8%AA%D8%AD%D8%B1%D9%8A%D8%B1-%D8%A7%D9%84%D8%B5%D9%88%D8%AA%D9%8A%D8%A7%D8%AA-%D9%87%D9%86%D8%AF%D8%B3%D8%A9-%D9%85%D8%AA%D9%82%D8%AF%D9%85%D8%A9-%D9%84%D8%A5%D8%B6%D8%A7%D9%81%D8%A9-%D8%A7%D9%84%D9%85%D8%A4%D8%AB%D8%B1%D8%A7%D8%AA-%D9%88%D8%A5%D8%B2%D8%A7%D9%84%D8%A9-%D8%A7%D9%84%D8%B6%D9%88%D8%B6%D8%A7%D8%A1,0.0,0,57 دقيقة,2,0,$5.00,يوم واحد,0,2,15.0,.Mourad M,https://khamsat.com/user/murad21,True,بائع جديد,0.0,0,100.0%,1,2,57 دقيقة
صوتيات,https://khamsat.com/audio,الهندسة الصوتية,https://khamsat.com/audio/mixing,تجهيز مقاطع صوتية موسيقية ومؤثرات صوتية للعروض المسرحية,https://khamsat.com/audio/mixing/765759-%D8%AA%D8%AC%D9%87%D9%8A%D8%B2-%D9%85%D9%82%D8%A7%D8%B7%D8%B9-%D8%B5%D9%88%D8%AA%D9%8A%D8%A9-%D9%85%D9%88%D8%B3%D9%8A%D9%82%D9%8A%D8%A9-%D9%88%D9%85%D8%A4%D8%AB%D8%B1%D8%A7%D8%AA-%D8%B5%D9%88%D8%AA%D9%8A%D8%A9-%D9%84%D9%84%D8%B9%D8%B1%D9%88%D8%B6-%D8%A7%D9%84%D9%85%D8%B3%D8%B1%D8%AD%D9%8A%D8%A9,5.0,9,31 دقيقة,12,0,$5.00,ثلاثة أيام,9,3,55.0,.Waleed I,https://khamsat.com/user/%D9%88%D9%84%D9%8A%D8%AF-%D9%85%D8%AD%D9%85%D8%AF-%D8%A7%D9%84%D9%86%D8%AC%D8%A7%D8%B1,True,بائع مميز,4.5,119,92.11%,3,158,3 ساعات
صوتيات,https://khamsat.com/audio,الهندسة الصوتية,https://khamsat.com/audio/mixing,تعديل وهندسة صوتية كإزاله ضوضاء واضافة مؤثرات وتأثيرات صوتية,https://khamsat.com/audio/mixing/1795298-%D8%AA%D8%B9%D8%AF%D9%8A%D9%84-%D9%88%D9%87%D9%86%D8%AF%D8%B3%D8%A9-%D8%B5%D9%88%D8%AA%D9%8A%D8%A9-%D9%83%D8%A5%D8%B2%D8%A7%D9%84%D9%87-%D8%B6%D9%88%D8%B6%D8%A7%D8%A1-%D9%88%D8%A7%D8%B6%D8%A7%D9%81%D8%A9-%D9%85%D8%A4%D8%AB%D8%B1%D8%A7%D8%AA-%D9%88%D8%AA%D8%A3%D8%AB%D9%8A%D8%B1%D8%A7%D8%AA-%D8%B5%D9%88%D8%AA%D9%8A%D8%A9,5.0,31,16 دقيقة,44,0,$5.00,يوم واحد,25,4,60.0,خالد ح.,https://khamsat.com/user/khaledsenpai,True,بائع مميز,5.0,38,95.18%,4,48,4 ساعات
صوتيات,https://khamsat.com/audio,الهندسة الصوتية,https://khamsat.com/audio/mixing,مونتاج صوتي احترافي جدا متنوع,https://khamsat.com/audio/mixing/2819082-%D9%85%D9%88%D9%86%D8%AA%D8%A7%D8%AC-%D8%B5%D9%88%D8%AA%D9%8A-%D8%A7%D8%AD%D8%AA%D8%B1%D8%A7%D9%81%D9%8A-%D8%AC%D8%AF%D8%A7-%D9%85%D8%AA%D9%86%D9%88%D8%B9,5.0,1,ساعتين,3,0,$10.00,يومين,1,4,25.0,.Mohamed H,https://khamsat.com/user/glitch55555,True,بائع جديد,5.0,1,100.0%,4,3,ساعتين
صوتيات,https://khamsat.com/audio,الهندسة الصوتية,https://khamsat.com/audio/mixing,تعديل صوتي وهندسة صوتية، ميكساج,https://khamsat.com/audio/mixing/2559325-%D8%AA%D8%B9%D8%AF%D9%8A%D9%84-%D8%B5%D9%88%D8%AA%D9%8A-%D9%88%D9%87%D9%86%D8%AF%D8%B3%D8%A9-%D8%B5%D9%88%D8%AA%D9%8A%D8%A9-%D9%85%D9%8A%D9%83%D8%B3%D8%A7%D8%AC,5.0,6,12 دقيقة,6,0,$5.00,ثلاثة أيام,6,2,30.0,توفيق م.,https://khamsat.com/user/tawfeek448,True,بائع جديد,5.0,6,90.0%,3,6,12 دقيقة
صوتيات,https://khamsat.com/audio,الهندسة الصوتية,https://khamsat.com/audio/mixing,هندسة صوتية إحترافية لأي مقطع صوتي,https://khamsat.com/audio/mixing/2447646-%D9%87%D9%86%D8%AF%D8%B3%D8%A9-%D8%B5%D9%88%D8%AA%D9%8A%D8%A9-%D8%A5%D8%AD%D8%AA%D8%B1%D8%A7%D9%81%D9%8A%D8%A9-%D9%84%D8%A3%D9%8A-%D9%85%D9%82%D8%B7%D8%B9-%D8%B5%D9%88%D8%AA%D9%8A,4.5,5,4 ساعات,5,0,$5.00,يوم واحد,5,2,15.0,.Saad H,https://khamsat.com/user/saad.hs,True,بائع جديد,4.5,6,72.73%,3,5,4 أيام
صوتيات,https://khamsat.com/audio,الهندسة الصوتية,https://khamsat.com/audio/mixing,سأقوم بعمل مكساج للاغنيه الخاصه بك,https://khamsat.com/audio/mixing/2375404-%D8%B3%D8%A3%D9%82%D9%88%D9%85-%D8%A8%D8%B9%D9%85%D9%84-%D9%85%D9%83%D8%B3%D8%A7%D8%AC-%D9%84%D9%84%D8%A7%D8%BA%D9%86%D9%8A%D9%87-%D8%A7%D9%84%D8%AE%D8%A7%D8%B5%D9%87-%D8%A8%D9%83,5.0,6,7 ساعات,7,0,$5.00,يومين,6,1,5.0,صلاح الدين ا.,https://khamsat.com/user/salahtayr,True,بائع نشيط,5.0,9,100.0%,4,9,16 ساعة
صوتيات,https://khamsat.com/audio,الهندسة الصوتية,https://khamsat.com/audio/mixing,تعديل الصوت وهندسته وتنقيته من الضوضاء وانشاءه بأفضل صورة,https://khamsat.com/audio/mixing/2808700-%D8%AA%D8%B9%D8%AF%D9%8A%D9%84-%D8%A7%D9%84%D8%B5%D9%88%D8%AA-%D9%88%D9%87%D9%86%D8%AF%D8%B3%D8%AA%D9%87-%D9%88%D8%AA%D9%86%D9%82%D9%8A%D8%AA%D9%87-%D9%85%D9%86-%D8%A7%D9%84%D8%B6%D9%88%D8%B6%D8%A7%D8%A1-%D9%88%D8%A7%D9%86%D8%B4%D8%A7%D8%A1%D9%87-%D8%A8%D8%A3%D9%81%D8%B6%D9%84-%D8%B5%D9%88%D8%B1%D8%A9,5.0,1,9 دقائق,1,0,$5.00,يوم واحد,1,4,35.0,محمد تاج ق.,https://khamsat.com/user/mohamadtagkyais,True,بائع مميز,4.5,15,95.65%,5,14,ساعتين
صوتيات,https://khamsat.com/audio,الهندسة الصوتية,https://khamsat.com/audio/mixing,تلحين وتسجيل أي قصيد أو انشودة او اغنية,https://khamsat.com/audio/mixing/2132876-%D8%AA%D9%84%D8%AD%D9%8A%D9%86-%D9%88%D8%AA%D8%B3%D8%AC%D9%8A%D9%84-%D8%A3%D9%8A-%D9%82%D8%B5%D9%8A%D8%AF-%D8%A3%D9%88-%D8%A7%D9%86%D8%B4%D9%88%D8%AF%D8%A9-%D8%A7%D9%88-%D8%A7%D8%BA%D9%86%D9%8A%D8%A9,5.0,1,9 ساعات,3,0,$5.00,يوم واحد,1,3,245.0,محمد ص.,https://khamsat.com/user/mohammedmajed,True,بائع نشيط,5.0,10,95.45%,4,16,8 ساعات
صوتيات,https://khamsat.com/audio,الهندسة الصوتية,https://khamsat.com/audio/mixing,إزالة الضوضاء - تعديل إحترافي للتعليق الصوتي,https://khamsat.com/audio/mixing/2489794-%D8%A5%D8%B2%D8%A7%D9%84%D8%A9-%D8%A7%D9%84%D8%B6%D9%88%D8%B6%D8%A7%D8%A1-%D8%AA%D8%B9%D8%AF%D9%8A%D9%84-%D8%A5%D8%AD%D8%AA%D8%B1%D8%A7%D9%81%D9%8A-%D9%84%D9%84%D8%AA%D8%B9%D9%84%D9%8A%D9%82-%D8%A7%D9%84%D8%B5%D9%88%D8%AA%D9%8A,0.0,0,4 دقائق,1,0,$5.00,يوم واحد,0,5,80.0,.Mahmoud M,https://khamsat.com/user/m3bcarenooo,True,بائع جديد,0.0,1,100.0%,1,2,6 ساعات
صوتيات,https://khamsat.com/audio,الهندسة الصوتية,https://khamsat.com/audio/mixing,هندسة صوتية ومزامنة فيديو 60 ثانية,https://khamsat.com/audio/mixing/1889886-%D9%87%D9%86%D8%AF%D8%B3%D8%A9-%D8%B5%D9%88%D8%AA%D9%8A%D8%A9-%D9%88%D9%85%D8%B2%D8%A7%D9%85%D9%86%D8%A9-%D9%81%D9%8A%D8%AF%D9%8A%D9%88-60-%D8%AB%D8%A7%D9%86%D9%8A%D8%A9,5.0,8,ساعة,8,0,$5.00,يومين,8,4,35.0,.Fatima Alzahraa A,https://khamsat.com/user/fatimaa_vo,True,بائع مميز,5.0,85,94.76%,5,95,3 ساعات
صوتيات,https://khamsat.com/audio,الهندسة الصوتية,https://khamsat.com/audio/mixing,سأقوم بعمل مساترينغ لأغنيتك,https://khamsat.com/audio/mixing/2375407-%D8%B3%D8%A3%D9%82%D9%88%D9%85-%D8%A8%D8%B9%D9%85%D9%84-%D9%85%D8%B3%D8%A7%D8%AA%D8%B1%D9%8A%D9%86%D8%BA-%D9%84%D8%A3%D8%BA%D9%86%D9%8A%D8%AA%D9%83,5.0,2,يوم,4,0,$5.00,يوم واحد,2,1,5.0,صلاح الدين ا.,https://khamsat.com/user/salahtayr,True,بائع نشيط,5.0,9,100.0%,4,9,16 ساعة
صوتيات,https://khamsat.com/audio,الهندسة الصوتية,https://khamsat.com/audio/mixing,هندسة صوتية وازالة الضوضاء والتشويش وتنقية الصوت باحترافية,https://khamsat.com/audio/mixing/2712846-%D9%87%D9%86%D8%AF%D8%B3%D8%A9-%D8%B5%D9%88%D8%AA%D9%8A%D8%A9-%D9%88%D8%A7%D8%B2%D8%A7%D9%84%D8%A9-%D8%A7%D9%84%D8%B6%D9%88%D8%B6%D8%A7%D8%A1-%D9%88%D8%A7%D9%84%D8%AA%D8%B4%D9%88%D9%8A%D8%B4-%D9%88%D8%AA%D9%86%D9%82%D9%8A%D8%A9-%D8%A7%D9%84%D8%B5%D9%88%D8%AA-%D8%A8%D8%A7%D8%AD%D8%AA%D8%B1%D8%A7%D9%81%D9%8A%D8%A9,5.0,7,ساعة,7,0,$5.00,يوم واحد,7,3,70.0,سائد ا.,https://khamsat.com/user/saed_akram,True,بائع مميز,5.0,55,99.28%,4,73,ساعة
صوتيات,https://khamsat.com/audio,الهندسة الصوتية,https://khamsat.com/audio/mixing,عمل ميكس وماستر لأي أغنية,https://khamsat.com/audio/mixing/1698146-%D8%B9%D9%85%D9%84-%D9%85%D9%8A%D9%83%D8%B3-%D9%88%D9%85%D8%A7%D8%B3%D8%AA%D8%B1-%D9%84%D8%A3%D9%8A-%D8%A3%D8%BA%D9%86%D9%8A%D8%A9,5.0,4,ساعة,5,0,$10.00,يومين,4,4,340.0,.Ayman B,https://khamsat.com/user/ayman_besher,True,بائع مميز,5.0,84,97.44%,11,83,ساعتين
صوتيات,https://khamsat.com/audio,الهندسة الصوتية,https://khamsat.com/audio/mixing,سأقوم بعمل مكساج لاغنيتك.,https://khamsat.com/audio/mixing/2816634-%D8%B3%D8%A3%D9%82%D9%88%D9%85-%D8%A8%D8%B9%D9%85%D9%84-%D9%85%D9%83%D8%B3%D8%A7%D8%AC-%D9%84%D8%A7%D8%BA%D9%86%D9%8A%D8%AA%D9%83,3.5,2,10 ساعات,2,0,$10.00,يومين,2,2,15.0,خالد ر.,https://khamsat.com/user/musicup,True,بائع نشيط,3.5,8,95.65%,4,9,5 ساعات
صوتيات,https://khamsat.com/audio,الهندسة الصوتية,https://khamsat.com/audio/mixing,هندسة صوتية للقرآن الكريم والأناشيد الدينية,https://khamsat.com/audio/mixing/2919639-%D9%87%D9%86%D8%AF%D8%B3%D8%A9-%D8%B5%D9%88%D8%AA%D9%8A%D8%A9-%D9%84%D9%84%D9%82%D8%B1%D8%A2%D9%86-%D8%A7%D9%84%D9%83%D8%B1%D9%8A%D9%85-%D9%88%D8%A7%D9%84%D8%A3%D9%86%D8%A7%D8%B4%D9%8A%D8%AF-%D8%A7%D9%84%D8%AF%D9%8A%D9%86%D9%8A%D8%A9,5.0,3,10 ساعات,3,1,$5.00,يومين,3,4,75.0,محمد ا.,https://khamsat.com/user/mohabdellatif12,True,بائع نشيط,5.0,13,100.0%,2,14,5 ساعات
صوتيات,https://khamsat.com/audio,الهندسة الصوتية,https://khamsat.com/audio/mixing,هندسه صوتيه للقرآن الكريم,https://khamsat.com/audio/mixing/2855741-%D9%87%D9%86%D8%AF%D8%B3%D9%87-%D8%B5%D9%88%D8%AA%D9%8A%D9%87-%D9%84%D9%84%D9%82%D8%B1%D8%A2%D9%86-%D8%A7%D9%84%D9%83%D8%B1%D9%8A%D9%85,5.0,2,4 دقائق,2,0,$5.00,يوم واحد,2,2,15.0,محمد إ.,https://khamsat.com/user/el_emam11,True,مشتري جاد,5.0,2,100.0%,2,2,دقيقتين
صوتيات,https://khamsat.com/audio,الهندسة الصوتية,https://khamsat.com/audio/mixing,خدمة الهندسة الصوتية المعالجة الصوتية المونتاج الصوتي,https://khamsat.com/audio/mixing/2376740-%D8%AE%D8%AF%D9%85%D8%A9-%D8%A7%D9%84%D9%87%D9%86%D8%AF%D8%B3%D8%A9-%D8%A7%D9%84%D8%B5%D9%88%D8%AA%D9%8A%D8%A9-%D8%A7%D9%84%D9%85%D8%B9%D8%A7%D9%84%D8%AC%D8%A9-%D8%A7%D9%84%D8%B5%D9%88%D8%AA%D9%8A%D8%A9-%D8%A7%D9%84%D9%85%D9%88%D9%86%D8%AA%D8%A7%D8%AC-%D8%A7%D9%84%D8%B5%D9%88%D8%AA%D9%8A,5.0,1,30 دقيقة,2,0,$5.00,يوم واحد,1,1,25.0,يوسف ي.,https://khamsat.com/user/yosef_059766,True,بائع نشيط,5.0,8,87.1%,5,8,7 ساعات
صوتيات,https://khamsat.com/audio,الهندسة الصوتية,https://khamsat.com/audio/mixing,سأقوم بمعالجة تسجيلك الصوتي وازالة الضوضاء والتشويش.,https://khamsat.com/audio/mixing/2375414-%D8%B3%D8%A3%D9%82%D9%88%D9%85-%D8%A8%D9%85%D8%B9%D8%A7%D9%84%D8%AC%D8%A9-%D8%AA%D8%B3%D8%AC%D9%8A%D9%84%D9%83-%D8%A7%D9%84%D8%B5%D9%88%D8%AA%D9%8A-%D9%88%D8%A7%D8%B2%D8%A7%D9%84%D8%A9-%D8%A7%D9%84%D8%B6%D9%88%D8%B6%D8%A7%D8%A1-%D9%88%D8%A7%D9%84%D8%AA%D8%B4%D9%88%D9%8A%D8%B4,5.0,1,ساعتين,1,0,$5.00,يوم واحد,1,2,30.0,صلاح الدين ا.,https://khamsat.com/user/salahtayr,True,بائع نشيط,5.0,9,100.0%,4,9,16 ساعة
صوتيات,https://khamsat.com/audio,الهندسة الصوتية,https://khamsat.com/audio/mixing,تحرير و معالجة صوتية و إضافة مؤثرات بصورة احترافية للبودكاست,https://khamsat.com/audio/mixing/2825139-%D8%AA%D8%AD%D8%B1%D9%8A%D8%B1-%D9%88-%D9%85%D8%B9%D8%A7%D9%84%D8%AC%D8%A9-%D8%B5%D9%88%D8%AA%D9%8A%D8%A9-%D9%88-%D8%A5%D8%B6%D8%A7%D9%81%D8%A9-%D9%85%D8%A4%D8%AB%D8%B1%D8%A7%D8%AA-%D8%A8%D8%B5%D9%88%D8%B1%D8%A9-%D8%A7%D8%AD%D8%AA%D8%B1%D8%A7%D9%81%D9%8A%D8%A9-%D9%84%D9%84%D8%A8%D9%88%D8%AF%D9%83%D8%A7%D8%B3%D8%AA,5.0,1,ساعتين,2,0,$5.00,يوم واحد,1,5,95.0,.Mohamed A,https://khamsat.com/user/muhammadashraf6550,True,بائع جديد,5.0,1,80.0%,1,2,ساعتين
صوتيات,https://khamsat.com/audio,الهندسة الصوتية,https://khamsat.com/audio/mixing,مونتاج صوتي وإزالة الضوضاء,https://khamsat.com/audio/mixing/3025591-%D9%85%D9%88%D9%86%D8%AA%D8%A7%D8%AC-%D8%B5%D9%88%D8%AA%D9%8A-%D9%88%D8%A5%D8%B2%D8%A7%D9%84%D8%A9-%D8%A7%D9%84%D8%B6%D9%88%D8%B6%D8%A7%D8%A1,0.0,0,لم يحسب,0,0,$5.00,يوم واحد,0,5,105.0,.Abdo N,https://khamsat.com/user/abd0_nabawy,False,بائع جديد,0.0,0,لم يحسب بعد,3,0,لم يحسب
صوتيات,https://khamsat.com/audio,الهندسة الصوتية,https://khamsat.com/audio/mixing,ميكساج وماسترينج وتركيب المؤثرات الصوتية,https://khamsat.com/audio/mixing/3006675-%D9%85%D9%8A%D9%83%D8%B3%D8%A7%D8%AC-%D9%88%D9%85%D8%A7%D8%B3%D8%AA%D8%B1%D9%8A%D9%86%D8%AC-%D9%88%D8%AA%D8%B1%D9%83%D9%8A%D8%A8-%D8%A7%D9%84%D9%85%D8%A4%D8%AB%D8%B1%D8%A7%D8%AA-%D8%A7%D9%84%D8%B5%D9%88%D8%AA%D9%8A%D8%A9,0.0,0,لم يحسب,0,0,$10.00,يوم واحد,0,5,70.0,عصام ش.,https://khamsat.com/user/%D8%B9%D8%B5%D8%A7%D9%85-%D8%B4%D9%88%D8%B4%D8%A9,True,بائع جديد,0.0,0,لم يحسب بعد,2,0,لم يحسب
صوتيات,https://khamsat.com/audio,إنتاج كتب صوتية,https://khamsat.com/audio/audiobook-production,أقدم لكم خدمة تسجيل الكتب مع لغة عربية سليمة وصوت مميز,https://khamsat.com/audio/audiobook-production/1974955-%D8%A3%D9%82%D8%AF%D9%85-%D9%84%D9%83%D9%85-%D8%AE%D8%AF%D9%85%D8%A9-%D8%AA%D8%B3%D8%AC%D9%8A%D9%84-%D8%A7%D9%84%D9%83%D8%AA%D8%A8-%D9%85%D8%B9-%D9%84%D8%BA%D8%A9-%D8%B9%D8%B1%D8%A8%D9%8A%D8%A9-%D8%B3%D9%84%D9%8A%D9%85%D8%A9-%D9%88%D8%B5%D9%88%D8%AA-%D9%85%D9%85%D9%8A%D8%B2,5.0,10,أقل من دقيقة,13,0,$10.00,يوم واحد,10,4,250.0,وسام أ.,https://khamsat.com/user/wisamkawkab,True,بائع مميز,5.0,11,98.15%,2,14,58 دقيقة
صوتيات,https://khamsat.com/audio,إنتاج كتب صوتية,https://khamsat.com/audio/audiobook-production,تسجيل صوتي للكتب، قصص، روايات، مقالات، ملخصات,https://khamsat.com/audio/audiobook-production/2278741-%D8%AA%D8%B3%D8%AC%D9%8A%D9%84-%D8%B5%D9%88%D8%AA%D9%8A-%D9%84%D9%84%D9%83%D8%AA%D8%A8-%D9%82%D8%B5%D8%B5-%D8%B1%D9%88%D8%A7%D9%8A%D8%A7%D8%AA-%D9%85%D9%82%D8%A7%D9%84%D8%A7%D8%AA-%D9%85%D9%84%D8%AE%D8%B5%D8%A7%D8%AA,4.5,3,4 ساعات,4,0,$10.00,يومين,3,3,55.0,.Mina A,https://khamsat.com/user/miinasaleh,True,بائع مميز,5.0,75,94.64%,8,79,3 ساعات
صوتيات,https://khamsat.com/audio,إنتاج كتب صوتية,https://khamsat.com/audio/audiobook-production,تسجيل وإنتاج كتاب صوتي رواية بودكاست,https://khamsat.com/audio/audiobook-production/2235366-%D8%AA%D8%B3%D8%AC%D9%8A%D9%84-%D9%88%D8%A5%D9%86%D8%AA%D8%A7%D8%AC-%D9%83%D8%AA%D8%A7%D8%A8-%D8%B5%D9%88%D8%AA%D9%8A-%D8%B1%D9%88%D8%A7%D9%8A%D8%A9-%D8%A8%D9%88%D8%AF%D9%83%D8%A7%D8%B3%D8%AA,5.0,6,3 ساعات,7,0,$5.00,يوم واحد,6,5,195.0,.Yamen M,https://khamsat.com/user/yamen_murad,True,بائع نشيط,5.0,7,90.91%,2,7,ساعتين
صوتيات,https://khamsat.com/audio,إنتاج كتب صوتية,https://khamsat.com/audio/audiobook-production,تأليف وتسجيل قصص قصيره للأطفال,https://khamsat.com/audio/audiobook-production/2750807-%D8%AA%D8%A3%D9%84%D9%8A%D9%81-%D9%88%D8%AA%D8%B3%D8%AC%D9%8A%D9%84-%D9%82%D8%B5%D8%B5-%D9%82%D8%B5%D9%8A%D8%B1%D9%87-%D9%84%D9%84%D8%A3%D8%B7%D9%81%D8%A7%D9%84,5.0,3,ساعة,4,0,$5.00,يوم واحد,3,1,5.0,.Rim M,https://khamsat.com/user/tannin,True,بائع نشيط,5.0,3,100.0%,1,4,ساعة
صوتيات,https://khamsat.com/audio,إنتاج كتب صوتية,https://khamsat.com/audio/audiobook-production,تسجيل رواية أوقصة أو كتاب صوتي و إنتاجه بجودة عالية...,https://khamsat.com/audio/audiobook-production/1598741-%D8%AA%D8%B3%D8%AC%D9%8A%D9%84-%D8%B1%D9%88%D8%A7%D9%8A%D8%A9-%D8%A3%D9%88%D9%82%D8%B5%D8%A9-%D8%A3%D9%88-%D9%83%D8%AA%D8%A7%D8%A8-%D8%B5%D9%88%D8%AA%D9%8A-%D9%88-%D8%A5%D9%86%D8%AA%D8%A7%D8%AC%D9%87-%D8%A8%D8%AC%D9%88%D8%AF%D8%A9-%D8%B9%D8%A7%D9%84%D9%8A%D8%A9,5.0,6,ساعة,8,0,$5.00,أسبوع,6,4,240.0,.Elhabib O,https://khamsat.com/user/abdallah_o,True,بائع مميز,5.0,106,93.95%,6,124,14 ساعة
صوتيات,https://khamsat.com/audio,إنتاج كتب صوتية,https://khamsat.com/audio/audiobook-production,قراءة الكتب الصوتية بكافة أنواعها,https://khamsat.com/audio/audiobook-production/2835957-%D9%82%D8%B1%D8%A7%D8%A1%D8%A9-%D8%A7%D9%84%D9%83%D8%AA%D8%A8-%D8%A7%D9%84%D8%B5%D9%88%D8%AA%D9%8A%D8%A9-%D8%A8%D9%83%D8%A7%D9%81%D8%A9-%D8%A3%D9%86%D9%88%D8%A7%D8%B9%D9%87%D8%A7,5.0,1,ساعتين,1,0,$10.00,يوم واحد,1,2,10.0,.Rehab H,https://khamsat.com/user/rehab_h_hamdy,True,بائع جديد,5.0,1,85.71%,5,1,ساعتين
صوتيات,https://khamsat.com/audio,إنتاج كتب صوتية,https://khamsat.com/audio/audiobook-production,تسجيل الكتب الصوتية/الروايات باللغة العربية الفصحى باحترافية,https://khamsat.com/audio/audiobook-production/2880484-%D8%AA%D8%B3%D8%AC%D9%8A%D9%84-%D8%A7%D9%84%D9%83%D8%AA%D8%A8-%D8%A7%D9%84%D8%B5%D9%88%D8%AA%D9%8A%D8%A9%D8%A7%D9%84%D8%B1%D9%88%D8%A7%D9%8A%D8%A7%D8%AA-%D8%A8%D8%A7%D9%84%D9%84%D8%BA%D8%A9-%D8%A7%D9%84%D8%B9%D8%B1%D8%A8%D9%8A%D8%A9-%D8%A7%D9%84%D9%81%D8%B5%D8%AD%D9%89-%D8%A8%D8%A7%D8%AD%D8%AA%D8%B1%D8%A7%D9%81%D9%8A%D8%A9,5.0,1,3 ساعات,2,0,$10.00,خمسة أيام,1,3,55.0,.Eslam Y,https://khamsat.com/user/eslam_elmasry,True,بائع جديد,5.0,1,100.0%,5,2,ساعتين
صوتيات,https://khamsat.com/audio,إنتاج كتب صوتية,https://khamsat.com/audio/audiobook-production,- تفريغ أي ملفات صوتية او pdf الى ملف وورد,https://khamsat.com/audio/audiobook-production/3035736-%D8%AA%D9%81%D8%B1%D9%8A%D8%BA-%D8%A3%D9%8A-%D9%85%D9%84%D9%81%D8%A7%D8%AA-%D8%B5%D9%88%D8%AA%D9%8A%D8%A9-%D8%A7%D9%88-pdf-%D8%A7%D9%84%D9%89-%D9%85%D9%84%D9%81-%D9%88%D9%88%D8%B1%D8%AF,0.0,0,لم يحسب,0,0,$5.00,يوم واحد,0,1,40.0,محمود م.,https://khamsat.com/user/mahmoudmaher1,True,بائع جديد,0.0,0,لم يحسب بعد,1,0,لم يحسب
صوتيات,https://khamsat.com/audio,إنتاج كتب صوتية,https://khamsat.com/audio/audiobook-production,تسجيل كتاب صوتي بلغة ممتازة وجودة عالية وأسلوب تفاعلي,https://khamsat.com/audio/audiobook-production/3014322-%D8%AA%D8%B3%D8%AC%D9%8A%D9%84-%D9%83%D8%AA%D8%A7%D8%A8-%D8%B5%D9%88%D8%AA%D9%8A-%D8%A8%D9%84%D8%BA%D8%A9-%D9%85%D9%85%D8%AA%D8%A7%D8%B2%D8%A9-%D9%88%D8%AC%D9%88%D8%AF%D8%A9-%D8%B9%D8%A7%D9%84%D9%8A%D8%A9-%D9%88%D8%A3%D8%B3%D9%84%D9%88%D8%A8-%D8%AA%D9%81%D8%A7%D8%B9%D9%84%D9%8A,0.0,0,لم يحسب,0,0,$5.00,يوم واحد,0,3,210.0,عمر س.,https://khamsat.com/user/om4rz,True,بائع جديد,0.0,0,لم يحسب بعد,2,0,لم يحسب
صوتيات,https://khamsat.com/audio,إنتاج كتب صوتية,https://khamsat.com/audio/audiobook-production,تسجيل قصص قصيرة للاطفال,https://khamsat.com/audio/audiobook-production/1037445-%D8%AA%D8%B3%D8%AC%D9%8A%D9%84-%D9%82%D8%B5%D8%B5-%D9%82%D8%B5%D9%8A%D8%B1%D8%A9-%D9%84%D9%84%D8%A7%D8%B7%D9%81%D8%A7%D9%84,5.0,8,4 ساعات,9,0,$5.00,يوم واحد,8,2,15.0,.Mouhammad Majd K,https://khamsat.com/user/majd-kashlan,True,بائع نشيط,5.0,8,96.97%,2,9,ساعة
صوتيات,https://khamsat.com/audio,إنتاج كتب صوتية,https://khamsat.com/audio/audiobook-production,التفريغ الصوتي للفيديو والكتب,https://khamsat.com/audio/audiobook-production/3047750-%D8%A7%D9%84%D8%AA%D9%81%D8%B1%D9%8A%D8%BA-%D8%A7%D9%84%D8%B5%D9%88%D8%AA%D9%8A-%D9%84%D9%84%D9%81%D9%8A%D8%AF%D9%8A%D9%88-%D9%88%D8%A7%D9%84%D9%83%D8%AA%D8%A8,0.0,0,لم يحسب,0,0,$5.00,يوم واحد,0,2,25.0,عبد الجليل م.,https://khamsat.com/user/themonsteramongmen87,True,بائع جديد,0.0,0,لم يحسب بعد,3,0,لم يحسب
صوتيات,https://khamsat.com/audio,إنتاج كتب صوتية,https://khamsat.com/audio/audiobook-production,إنتاج كتب مسموعة بصوت مرخم,https://khamsat.com/audio/audiobook-production/3027692-%D8%A5%D9%86%D8%AA%D8%A7%D8%AC-%D9%83%D8%AA%D8%A8-%D9%85%D8%B3%D9%85%D9%88%D8%B9%D8%A9-%D8%A8%D8%B5%D9%88%D8%AA-%D9%85%D8%B1%D8%AE%D9%85,0.0,0,لم يحسب,0,0,$10.00,يوم واحد,0,3,15.0,فؤاد ا.,https://khamsat.com/user/plumediaz,False,بائع جديد,0.0,0,لم يحسب بعد,5,0,لم يحسب
صوتيات,https://khamsat.com/audio,إنتاج كتب صوتية,https://khamsat.com/audio/audiobook-production,قصص أطفال صوتية,https://khamsat.com/audio/audiobook-production/2650791-%D9%82%D8%B5%D8%B5-%D8%A3%D8%B7%D9%81%D8%A7%D9%84-%D8%B5%D9%88%D8%AA%D9%8A%D8%A9,0.0,0,لم يحسب,0,0,$5.00,يومين,0,1,5.0,.Souad A,https://khamsat.com/user/souadali474,True,بائع نشيط,5.0,3,84.62%,3,8,3 ساعات
صوتيات,https://khamsat.com/audio,إنتاج كتب صوتية,https://khamsat.com/audio/audiobook-production,تسجيل صوتي للكتب قصص، روايات، مقالات، ملخصات,https://khamsat.com/audio/audiobook-production/2893622-%D8%AA%D8%B3%D8%AC%D9%8A%D9%84-%D8%B5%D9%88%D8%AA%D9%8A-%D9%84%D9%84%D9%83%D8%AA%D8%A8-%D9%82%D8%B5%D8%B5-%D8%B1%D9%88%D8%A7%D9%8A%D8%A7%D8%AA-%D9%85%D9%82%D8%A7%D9%84%D8%A7%D8%AA-%D9%85%D9%84%D8%AE%D8%B5%D8%A7%D8%AA,0.0,0,لم يحسب,0,0,$5.00,يومين,0,3,95.0,.Hajar L,https://khamsat.com/user/hajar_lhachimi0,True,بائع جديد,0.0,0,لم يحسب بعد,2,0,لم يحسب
صوتيات,https://khamsat.com/audio,إنتاج كتب صوتية,https://khamsat.com/audio/audiobook-production,رواية القصص القصيرة بإسلوب شيق وصوت مميز,https://khamsat.com/audio/audiobook-production/2933204-%D8%B1%D9%88%D8%A7%D9%8A%D8%A9-%D8%A7%D9%84%D9%82%D8%B5%D8%B5-%D8%A7%D9%84%D9%82%D8%B5%D9%8A%D8%B1%D8%A9-%D8%A8%D8%A5%D8%B3%D9%84%D9%88%D8%A8-%D8%B4%D9%8A%D9%82-%D9%88%D8%B5%D9%88%D8%AA-%D9%85%D9%85%D9%8A%D8%B2,0.0,0,لم يحسب,0,0,$30.00,يومين,0,0,0.0,وضاح ا.,https://khamsat.com/user/%D9%88%D8%B6%D8%A7%D8%AD-%D8%A7%D9%84%D9%85%D8%B1%D9%8A%D8%B3%D9%8A,True,بائع مميز,5.0,60,93.22%,6,59,ساعة
صوتيات,https://khamsat.com/audio,إنتاج كتب صوتية,https://khamsat.com/audio/audiobook-production,انتاج كتب صوتية باللغة العربية,https://khamsat.com/audio/audiobook-production/2974880-%D8%A7%D9%86%D8%AA%D8%A7%D8%AC-%D9%83%D8%AA%D8%A8-%D8%B5%D9%88%D8%AA%D9%8A%D8%A9-%D8%A8%D8%A7%D9%84%D9%84%D8%BA%D8%A9-%D8%A7%D9%84%D8%B9%D8%B1%D8%A8%D9%8A%D8%A9,0.0,0,لم يحسب,0,0,$5.00,يومين,0,0,0.0,جهاد ح.,https://khamsat.com/user/djoujou14,True,بائع نشيط,5.0,10,90.91%,5,9,ساعتين
صوتيات,https://khamsat.com/audio,إنتاج كتب صوتية,https://khamsat.com/audio/audiobook-production,تسجيل صوتي باللغة الفرنسية ( بجودة عالية واحترافية ),https://khamsat.com/audio/audiobook-production/2059396-%D8%AA%D8%B3%D8%AC%D9%8A%D9%84-%D8%B5%D9%88%D8%AA%D9%8A-%D8%A8%D8%A7%D9%84%D9%84%D8%BA%D8%A9-%D8%A7%D9%84%D9%81%D8%B1%D9%86%D8%B3%D9%8A%D8%A9-%D8%A8%D8%AC%D9%88%D8%AF%D8%A9-%D8%B9%D8%A7%D9%84%D9%8A%D8%A9-%D9%88%D8%A7%D8%AD%D8%AA%D8%B1%D8%A7%D9%81%D9%8A%D8%A9,0.0,0,لم يحسب,0,0,$5.00,يوم واحد,0,3,30.0,بدر الدين ك.,https://khamsat.com/user/badoo,False,مشتري مميز,0.0,0,لم يحسب بعد,1,0,لم يحسب
صوتيات,https://khamsat.com/audio,إنتاج كتب صوتية,https://khamsat.com/audio/audiobook-production,قراءة وتسجيل الكتب الصوتية باللغة العربية خصوصا الدينية,https://khamsat.com/audio/audiobook-production/2976653-%D9%82%D8%B1%D8%A7%D8%A1%D8%A9-%D9%88%D8%AA%D8%B3%D8%AC%D9%8A%D9%84-%D8%A7%D9%84%D9%83%D8%AA%D8%A8-%D8%A7%D9%84%D8%B5%D9%88%D8%AA%D9%8A%D8%A9-%D8%A8%D8%A7%D9%84%D9%84%D8%BA%D8%A9-%D8%A7%D9%84%D8%B9%D8%B1%D8%A8%D9%8A%D8%A9-%D8%AE%D8%B5%D9%88%D8%B5%D8%A7-%D8%A7%D9%84%D8%AF%D9%8A%D9%86%D9%8A%D8%A9,0.0,0,لم يحسب,0,0,$5.00,يومين,0,0,0.0,.Ashraf A,https://khamsat.com/user/ashraf_mamlouk,False,بائع جديد,0.0,0,لم يحسب بعد,2,0,لم يحسب
صوتيات,https://khamsat.com/audio,إنتاج كتب صوتية,https://khamsat.com/audio/audiobook-production,تحويل اي نص كتابي الي مقطع صوتي - عربي أو انجليزي,https://khamsat.com/audio/audiobook-production/2961862-%D8%AA%D8%AD%D9%88%D9%8A%D9%84-%D8%A7%D9%8A-%D9%86%D8%B5-%D9%83%D8%AA%D8%A7%D8%A8%D9%8A-%D8%A7%D9%84%D9%8A-%D9%85%D9%82%D8%B7%D8%B9-%D8%B5%D9%88%D8%AA%D9%8A-%D8%B9%D8%B1%D8%A8%D9%8A-%D8%A3%D9%88-%D8%A7%D9%86%D8%AC%D9%84%D9%8A%D8%B2%D9%8A,0.0,0,لم يحسب,0,0,$5.00,يوم واحد,0,5,100.0,.Tamer M,https://khamsat.com/user/hard-work,True,بائع مميز,5.0,77,95.63%,9,55,4 ساعات
صوتيات,https://khamsat.com/audio,إنتاج كتب صوتية,https://khamsat.com/audio/audiobook-production,صوتيات تسجيل الكتب الصوتية باللغة العربية واللغة الإنجليزية,https://khamsat.com/audio/audiobook-production/2993342-%D8%B5%D9%88%D8%AA%D9%8A%D8%A7%D8%AA-%D8%AA%D8%B3%D8%AC%D9%8A%D9%84-%D8%A7%D9%84%D9%83%D8%AA%D8%A8-%D8%A7%D9%84%D8%B5%D9%88%D8%AA%D9%8A%D8%A9-%D8%A8%D8%A7%D9%84%D9%84%D8%BA%D8%A9-%D8%A7%D9%84%D8%B9%D8%B1%D8%A8%D9%8A%D8%A9-%D9%88%D8%A7%D9%84%D9%84%D8%BA%D8%A9-%D8%A7%D9%84%D8%A5%D9%86%D8%AC%D9%84%D9%8A%D8%B2%D9%8A%D8%A9,0.0,0,لم يحسب,0,0,$5.00,يوم واحد,0,2,10.0,تسنيم ا.,https://khamsat.com/user/tassneem123,False,بائع جديد,0.0,0,لم يحسب بعد,2,0,لم يحسب
صوتيات,https://khamsat.com/audio,إنتاج كتب صوتية,https://khamsat.com/audio/audiobook-production,تحويل النصوص والكتب لصوت بعدة أصوات مختلفة حسب رغبة العميل,https://khamsat.com/audio/audiobook-production/2938787-%D8%AA%D8%AD%D9%88%D9%8A%D9%84-%D8%A7%D9%84%D9%86%D8%B5%D9%88%D8%B5-%D9%88%D8%A7%D9%84%D9%83%D8%AA%D8%A8-%D9%84%D8%B5%D9%88%D8%AA-%D8%A8%D8%B9%D8%AF%D8%A9-%D8%A3%D8%B5%D9%88%D8%A7%D8%AA-%D9%85%D8%AE%D8%AA%D9%84%D9%81%D8%A9-%D8%AD%D8%B3%D8%A8-%D8%B1%D8%BA%D8%A8%D8%A9-%D8%A7%D9%84%D8%B9%D9%85%D9%8A%D9%84,0.0,0,لم يحسب,0,0,$5.00,يوم واحد,0,4,105.0,عبد الغفور ف.,https://khamsat.com/user/reader_1,True,بائع جديد,0.0,0,لم يحسب بعد,1,0,لم يحسب
صوتيات,https://khamsat.com/audio,إنتاج كتب صوتية,https://khamsat.com/audio/audiobook-production,إلقاء صوتي كتب وروايات، قصص، شعر وخواطر، وتقارير,https://khamsat.com/audio/audiobook-production/2984200-%D8%A5%D9%84%D9%82%D8%A7%D8%A1-%D8%B5%D9%88%D8%AA%D9%8A-%D9%83%D8%AA%D8%A8-%D9%88%D8%B1%D9%88%D8%A7%D9%8A%D8%A7%D8%AA-%D9%82%D8%B5%D8%B5-%D8%B4%D8%B9%D8%B1-%D9%88%D8%AE%D9%88%D8%A7%D8%B7%D8%B1-%D9%88%D8%AA%D9%82%D8%A7%D8%B1%D9%8A%D8%B1,0.0,0,لم يحسب,0,0,$5.00,يوم واحد,0,3,60.0,مروة ع.,https://khamsat.com/user/marwa_isa,True,بائع جديد,5.0,1,100.0%,3,1,3 ساعات
صوتيات,https://khamsat.com/audio,إنتاج كتب صوتية,https://khamsat.com/audio/audiobook-production,تسجيل قصص أطفال تعليميه ترفيهيه لقناه يوتيوب أو غيرها,https://khamsat.com/audio/audiobook-production/2924772-%D8%AA%D8%B3%D8%AC%D9%8A%D9%84-%D9%82%D8%B5%D8%B5-%D8%A3%D8%B7%D9%81%D8%A7%D9%84-%D8%AA%D8%B9%D9%84%D9%8A%D9%85%D9%8A%D9%87-%D8%AA%D8%B1%D9%81%D9%8A%D9%87%D9%8A%D9%87-%D9%84%D9%82%D9%86%D8%A7%D9%87-%D9%8A%D9%88%D8%AA%D9%8A%D9%88%D8%A8-%D8%A3%D9%88-%D8%BA%D9%8A%D8%B1%D9%87%D8%A7,0.0,0,لم يحسب,0,0,$5.00,يوم واحد,0,3,125.0,.Nedaa K,https://khamsat.com/user/nedaa88,True,بائع جديد,0.0,0,50.0%,4,1,ساعتين
صوتيات,https://khamsat.com/audio,إنتاج كتب صوتية,https://khamsat.com/audio/audiobook-production,كتب صوتية باللغة العربية الفصحى و العامية المصرية,https://khamsat.com/audio/audiobook-production/2924032-%D9%83%D8%AA%D8%A8-%D8%B5%D9%88%D8%AA%D9%8A%D8%A9-%D8%A8%D8%A7%D9%84%D9%84%D8%BA%D8%A9-%D8%A7%D9%84%D8%B9%D8%B1%D8%A8%D9%8A%D8%A9-%D8%A7%D9%84%D9%81%D8%B5%D8%AD%D9%89-%D9%88-%D8%A7%D9%84%D8%B9%D8%A7%D9%85%D9%8A%D8%A9-%D8%A7%D9%84%D9%85%D8%B5%D8%B1%D9%8A%D8%A9,0.0,0,لم يحسب,0,0,$5.00,ثلاثة أيام,0,4,95.0,.Rania E,https://khamsat.com/user/raniaelhouty2002,True,بائع جديد,0.0,0,لم يحسب بعد,3,0,لم يحسب
صوتيات,https://khamsat.com/audio,إنتاج كتب صوتية,https://khamsat.com/audio/audiobook-production,"إلقاء صوتي كتب, روايات, وثائقيات وأي محتوى مرئي",https://khamsat.com/audio/audiobook-production/2993273-%D8%A5%D9%84%D9%82%D8%A7%D8%A1-%D8%B5%D9%88%D8%AA%D9%8A-%D9%83%D8%AA%D8%A8-%D8%B1%D9%88%D8%A7%D9%8A%D8%A7%D8%AA-%D9%88%D8%AB%D8%A7%D8%A6%D9%82%D9%8A%D8%A7%D8%AA-%D9%88%D8%A3%D9%8A-%D9%85%D8%AD%D8%AA%D9%88%D9%89-%D9%85%D8%B1%D8%A6%D9%8A,0.0,0,لم يحسب,0,0,$5.00,أسبوع,0,3,60.0,علياء أ.,https://khamsat.com/user/aliaa99asaad,True,بائع جديد,0.0,0,لم يحسب بعد,1,0,لم يحسب
صوتيات,https://khamsat.com/audio,إنتاج كتب صوتية,https://khamsat.com/audio/audiobook-production,الكتب والروايات المسموعه والتعليق الصوتي,https://khamsat.com/audio/audiobook-production/2871515-%D8%A7%D9%84%D9%83%D8%AA%D8%A8-%D9%88%D8%A7%D9%84%D8%B1%D9%88%D8%A7%D9%8A%D8%A7%D8%AA-%D8%A7%D9%84%D9%85%D8%B3%D9%85%D9%88%D8%B9%D9%87-%D9%88%D8%A7%D9%84%D8%AA%D8%B9%D9%84%D9%8A%D9%82-%D8%A7%D9%84%D8%B5%D9%88%D8%AA%D9%8A,0.0,0,لم يحسب,0,0,$5.00,يوم واحد,0,0,0.0,.Ayman A,https://khamsat.com/user/aymanjafe0,True,بائع جديد,0.0,0,لم يحسب بعد,2,0,لم يحسب
صوتيات,https://khamsat.com/audio,إنتاج كتب صوتية,https://khamsat.com/audio/audiobook-production,خدمة تحويل الكتب الورقية إلى كتب صوتية باللغة العربية,https://khamsat.com/audio/audiobook-production/2824824-%D8%AE%D8%AF%D9%85%D8%A9-%D8%AA%D8%AD%D9%88%D9%8A%D9%84-%D8%A7%D9%84%D9%83%D8%AA%D8%A8-%D8%A7%D9%84%D9%88%D8%B1%D9%82%D9%8A%D8%A9-%D8%A5%D9%84%D9%89-%D9%83%D8%AA%D8%A8-%D8%B5%D9%88%D8%AA%D9%8A%D8%A9-%D8%A8%D8%A7%D9%84%D9%84%D8%BA%D8%A9-%D8%A7%D9%84%D8%B9%D8%B1%D8%A8%D9%8A%D8%A9,0.0,0,لم يحسب,0,0,$5.00,يوم واحد,0,3,130.0,.Elhassan J,https://khamsat.com/user/%D8%A3%D8%A8%D9%88-%D8%B9%D9%84%D9%8A-%D8%A7%D9%84%D9%85%D9%8A%D8%B1%D8%BA%D8%AA%D9%8A,False,بائع جديد,0.0,0,لم يحسب بعد,1,0,لم يحسب
صوتيات,https://khamsat.com/audio,إنتاج كتب صوتية,https://khamsat.com/audio/audiobook-production,تفريغ الصوت أو الفيديو عربي أو إنجليزي إلى وورد بالتنسيق,https://khamsat.com/audio/audiobook-production/2861424-%D8%AA%D9%81%D8%B1%D9%8A%D8%BA-%D8%A7%D9%84%D8%B5%D9%88%D8%AA-%D8%A3%D9%88-%D8%A7%D9%84%D9%81%D9%8A%D8%AF%D9%8A%D9%88-%D8%B9%D8%B1%D8%A8%D9%8A-%D8%A3%D9%88-%D8%A5%D9%86%D8%AC%D9%84%D9%8A%D8%B2%D9%8A-%D8%A5%D9%84%D9%89-%D9%88%D9%88%D8%B1%D8%AF-%D8%A8%D8%A7%D9%84%D8%AA%D9%86%D8%B3%D9%8A%D9%82,0.0,0,لم يحسب,0,0,$5.00,يوم واحد,0,0,0.0,.Anwar E,https://khamsat.com/user/elbadisy,False,بائع جديد,0.0,0,لم يحسب بعد,4,0,لم يحسب
صوتيات,https://khamsat.com/audio,إنتاج كتب صوتية,https://khamsat.com/audio/audiobook-production,أسجل لك كتب وروايات كاملة بصوت رخيم,https://khamsat.com/audio/audiobook-production/2914017-%D8%A3%D8%B3%D8%AC%D9%84-%D9%84%D9%83-%D9%83%D8%AA%D8%A8-%D9%88%D8%B1%D9%88%D8%A7%D9%8A%D8%A7%D8%AA-%D9%83%D8%A7%D9%85%D9%84%D8%A9-%D8%A8%D8%B5%D9%88%D8%AA-%D8%B1%D8%AE%D9%8A%D9%85,0.0,0,لم يحسب,0,0,$5.00,يوم واحد,0,1,30.0,.Mahmoud A,https://khamsat.com/user/moeinstein,True,بائع نشيط,0.0,4,92.5%,2,8,3 أيام
صوتيات,https://khamsat.com/audio,إنتاج كتب صوتية,https://khamsat.com/audio/audiobook-production,خدمة تفريغ النصوص والكتب وتحويلها الى صوت,https://khamsat.com/audio/audiobook-production/2868734-%D8%AE%D8%AF%D9%85%D8%A9-%D8%AA%D9%81%D8%B1%D9%8A%D8%BA-%D8%A7%D9%84%D9%86%D8%B5%D9%88%D8%B5-%D9%88%D8%A7%D9%84%D9%83%D8%AA%D8%A8-%D9%88%D8%AA%D8%AD%D9%88%D9%8A%D9%84%D9%87%D8%A7-%D8%A7%D9%84%D9%89-%D8%B5%D9%88%D8%AA,0.0,0,لم يحسب,0,0,$5.00,يومين,0,1,5.0,فوزي ي.,https://khamsat.com/user/fawzyyossry,False,بائع جديد,0.0,0,لم يحسب بعد,1,0,لم يحسب
صوتيات,https://khamsat.com/audio,بودكاست,https://khamsat.com/audio/podcast-editing,تعليق صوتي للبودكاست احترافي باللغة الانجليزيه,https://khamsat.com/audio/podcast-editing/3028321-%D8%AA%D8%B9%D9%84%D9%8A%D9%82-%D8%B5%D9%88%D8%AA%D9%8A-%D9%84%D9%84%D8%A8%D9%88%D8%AF%D9%83%D8%A7%D8%B3%D8%AA-%D8%A7%D8%AD%D8%AA%D8%B1%D8%A7%D9%81%D9%8A-%D8%A8%D8%A7%D9%84%D9%84%D8%BA%D8%A9-%D8%A7%D9%84%D8%A7%D9%86%D8%AC%D9%84%D9%8A%D8%B2%D9%8A%D9%87,0.0,0,لم يحسب,0,0,$5.00,يوم واحد,0,5,70.0,.Rabab A,https://khamsat.com/user/rababatef,True,بائع جديد,0.0,0,لم يحسب بعد,2,0,لم يحسب
صوتيات,https://khamsat.com/audio,بودكاست,https://khamsat.com/audio/podcast-editing,تعليق صوتى بصوت شبابى نسائى لقصص وإعلانات وروايات وشعر وخواطر,https://khamsat.com/audio/podcast-editing/3047763-%D8%AA%D8%B9%D9%84%D9%8A%D9%82-%D8%B5%D9%88%D8%AA%D9%89-%D8%A8%D8%B5%D9%88%D8%AA-%D8%B4%D8%A8%D8%A7%D8%A8%D9%89-%D9%86%D8%B3%D8%A7%D8%A6%D9%89-%D9%84%D9%82%D8%B5%D8%B5-%D9%88%D8%A5%D8%B9%D9%84%D8%A7%D9%86%D8%A7%D8%AA-%D9%88%D8%B1%D9%88%D8%A7%D9%8A%D8%A7%D8%AA-%D9%88%D8%B4%D8%B9%D8%B1-%D9%88%D8%AE%D9%88%D8%A7%D8%B7%D8%B1,0.0,0,لم يحسب,0,0,$5.00,ثلاثة أيام,0,1,5.0,.Salma E,https://khamsat.com/user/salmaezzat_2024,False,بائع جديد,0.0,0,لم يحسب بعد,1,0,لم يحسب
صوتيات,https://khamsat.com/audio,بودكاست,https://khamsat.com/audio/podcast-editing,تعليق صوتي للبودكاست احترافي باللغة العربية,https://khamsat.com/audio/podcast-editing/2817068-%D8%AA%D8%B9%D9%84%D9%8A%D9%82-%D8%B5%D9%88%D8%AA%D9%8A-%D9%84%D9%84%D8%A8%D9%88%D8%AF%D9%83%D8%A7%D8%B3%D8%AA-%D8%A7%D8%AD%D8%AA%D8%B1%D8%A7%D9%81%D9%8A-%D8%A8%D8%A7%D9%84%D9%84%D8%BA%D8%A9-%D8%A7%D9%84%D8%B9%D8%B1%D8%A8%D9%8A%D8%A9,0.0,0,لم يحسب,0,0,$5.00,يوم واحد,0,4,35.0,محمد أمين ب.,https://khamsat.com/user/mohamed_amine2003,True,بائع جديد,0.0,0,لم يحسب بعد,3,0,لم يحسب
صوتيات,https://khamsat.com/audio,بودكاست,https://khamsat.com/audio/podcast-editing,"بودكاست ""تعديل صوتي- تنظيف للصوت- ميكساج""",https://khamsat.com/audio/podcast-editing/2715369-%D8%A8%D9%88%D8%AF%D9%83%D8%A7%D8%B3%D8%AA-%D8%AA%D8%B9%D8%AF%D9%8A%D9%84-%D8%B5%D9%88%D8%AA%D9%8A-%D8%AA%D9%86%D8%B8%D9%8A%D9%81-%D9%84%D9%84%D8%B5%D9%88%D8%AA-%D9%85%D9%8A%D9%83%D8%B3%D8%A7%D8%AC,0.0,0,لم يحسب,0,0,$5.00,يومين,0,3,65.0,توفيق م.,https://khamsat.com/user/tawfeek448,True,بائع جديد,5.0,6,90.0%,3,6,12 دقيقة
صوتيات,https://khamsat.com/audio,بودكاست,https://khamsat.com/audio/podcast-editing,تحرير البودكاست وتعديله بشكل احترافي,https://khamsat.com/audio/podcast-editing/2581287-%D8%AA%D8%AD%D8%B1%D9%8A%D8%B1-%D8%A7%D9%84%D8%A8%D9%88%D8%AF%D9%83%D8%A7%D8%B3%D8%AA-%D9%88%D8%AA%D8%B9%D8%AF%D9%8A%D9%84%D9%87-%D8%A8%D8%B4%D9%83%D9%84-%D8%A7%D8%AD%D8%AA%D8%B1%D8%A7%D9%81%D9%8A,5.0,2,14 ساعة,2,0,$5.00,يوم واحد,2,2,10.0,.Ghazi H,https://khamsat.com/user/ghazihubsan,True,بائع جديد,5.0,2,100.0%,2,3,14 ساعة
صوتيات,https://khamsat.com/audio,بودكاست,https://khamsat.com/audio/podcast-editing,بودكاست قصص رعب مصريه حقيقه,https://khamsat.com/audio/podcast-editing/2608518-%D8%A8%D9%88%D8%AF%D9%83%D8%A7%D8%B3%D8%AA-%D9%82%D8%B5%D8%B5-%D8%B1%D8%B9%D8%A8-%D9%85%D8%B5%D8%B1%D9%8A%D9%87-%D8%AD%D9%82%D9%8A%D9%82%D9%87,0.0,0,لم يحسب,0,0,$10.00,يوم واحد,0,1,75.0,.Mohammed S,https://khamsat.com/user/miidooooo,True,بائع جديد,0.0,0,100.0%,4,1,5 ساعات
صوتيات,https://khamsat.com/audio,بودكاست,https://khamsat.com/audio/podcast-editing,إزالة التشويش والضوضاء لتحسين جودة الصوت للبودكاست,https://khamsat.com/audio/podcast-editing/3035781-%D8%A5%D8%B2%D8%A7%D9%84%D8%A9-%D8%A7%D9%84%D8%AA%D8%B4%D9%88%D9%8A%D8%B4-%D9%88%D8%A7%D9%84%D8%B6%D9%88%D8%B6%D8%A7%D8%A1-%D9%84%D8%AA%D8%AD%D8%B3%D9%8A%D9%86-%D8%AC%D9%88%D8%AF%D8%A9-%D8%A7%D9%84%D8%B5%D9%88%D8%AA-%D9%84%D9%84%D8%A8%D9%88%D8%AF%D9%83%D8%A7%D8%B3%D8%AA,0.0,0,لم يحسب,0,0,$5.00,ثلاثة أيام,0,1,5.0,.Sami S,https://khamsat.com/user/swiji,True,بائع جديد,5.0,1,100.0%,2,1,23 ساعة
صوتيات,https://khamsat.com/audio,بودكاست,https://khamsat.com/audio/podcast-editing,اداء صوتى لاى محتوي بودكاست,https://khamsat.com/audio/podcast-editing/2940620-%D8%A7%D8%AF%D8%A7%D8%A1-%D8%B5%D9%88%D8%AA%D9%89-%D9%84%D8%A7%D9%89-%D9%85%D8%AD%D8%AA%D9%88%D9%8A-%D8%A8%D9%88%D8%AF%D9%83%D8%A7%D8%B3%D8%AA,0.0,0,لم يحسب,0,0,$5.00,يومين,0,0,0.0,.Ahmed M,https://khamsat.com/user/ahmed7320,False,بائع جديد,0.0,0,لم يحسب بعد,4,0,37 دقيقة
صوتيات,https://khamsat.com/audio,بودكاست,https://khamsat.com/audio/podcast-editing,مقدمة بودكاست بالعامية المصرية,https://khamsat.com/audio/podcast-editing/2308526-%D9%85%D9%82%D8%AF%D9%85%D8%A9-%D8%A8%D9%88%D8%AF%D9%83%D8%A7%D8%B3%D8%AA-%D8%A8%D8%A7%D9%84%D8%B9%D8%A7%D9%85%D9%8A%D8%A9-%D8%A7%D9%84%D9%85%D8%B5%D8%B1%D9%8A%D8%A9,0.0,0,لم يحسب,0,0,$10.00,يومين,0,1,100.0,.Shymaa G,https://khamsat.com/user/shymaa_magdy85,True,بائع جديد,0.0,0,لم يحسب بعد,3,0,لم يحسب
صوتيات,https://khamsat.com/audio,بودكاست,https://khamsat.com/audio/podcast-editing,هندسة ومعالجةصوتية لحلقات البودكاست والخطب الدينية,https://khamsat.com/audio/podcast-editing/2141354-%D9%87%D9%86%D8%AF%D8%B3%D8%A9-%D9%88%D9%85%D8%B9%D8%A7%D9%84%D8%AC%D8%A9%D8%B5%D9%88%D8%AA%D9%8A%D8%A9-%D9%84%D8%AD%D9%84%D9%82%D8%A7%D8%AA-%D8%A7%D9%84%D8%A8%D9%88%D8%AF%D9%83%D8%A7%D8%B3%D8%AA-%D9%88%D8%A7%D9%84%D8%AE%D8%B7%D8%A8-%D8%A7%D9%84%D8%AF%D9%8A%D9%86%D9%8A%D8%A9,5.0,9,ساعة,9,0,$5.00,يوم واحد,9,0,0.0,عبد الكريم أ.,https://khamsat.com/user/abdkarimlbn1,True,بائع مميز,4.5,103,97.98%,8,90,5 ساعات
صوتيات,https://khamsat.com/audio,بودكاست,https://khamsat.com/audio/podcast-editing,تسجيل حلقات بودكاست مميزة,https://khamsat.com/audio/podcast-editing/2134375-%D8%AA%D8%B3%D8%AC%D9%8A%D9%84-%D8%AD%D9%84%D9%82%D8%A7%D8%AA-%D8%A8%D9%88%D8%AF%D9%83%D8%A7%D8%B3%D8%AA-%D9%85%D9%85%D9%8A%D8%B2%D8%A9,5.0,7,8 ساعات,7,0,$10.00,يوم واحد,7,0,0.0,عبد الكريم أ.,https://khamsat.com/user/abdkarimlbn1,True,بائع مميز,4.5,103,97.98%,8,90,5 ساعات
صوتيات,https://khamsat.com/audio,بودكاست,https://khamsat.com/audio/podcast-editing,تعليق صوتي نسائي (لهجة خليجية),https://khamsat.com/audio/voice-over/1868928-%D8%AA%D8%B9%D9%84%D9%8A%D9%82-%D8%B5%D9%88%D8%AA%D9%8A-%D9%86%D8%B3%D8%A7%D8%A6%D9%8A-%D9%84%D9%87%D8%AC%D8%A9-%D8%AE%D9%84%D9%8A%D8%AC%D9%8A%D8%A9,5.0,105,50 دقيقة,170,0,$5.00,يوم واحد,25,5,75.0,.Lamiaa S,https://khamsat.com/user/lamiaa-sallam,True,بائع مميز,5.0,250,97.13%,5,356,ساعة
