Category Name,Category URL,Service Name,Service URL,Offer Name,Offer URL,Offer Stars,Offer Raters,Offer Response Time,Offer Buyers,Pending,Price,Duration,Reviews,Available Additions,Additions Price,Owner Name,Owner URL,Owner Verified,Owner Level,Owner Stars,Owner Raters,Owner Completion Rate,Owner Services,Owner Customers,Owner Response Time
كتابة وترجمة,https://khamsat.com/writing,الإنجليزية للعربية والعكس,https://khamsat.com/writing/english-arabic-translation,ترجمة طبية احترافية من اللغة الإنجليزية إلى العربية والعكس.,https://khamsat.com/writing/english-arabic-translation/2968251-%D8%AA%D8%B1%D8%AC%D9%85%D8%A9-%D8%B7%D8%A8%D9%8A%D8%A9-%D8%A7%D8%AD%D8%AA%D8%B1%D8%A7%D9%81%D9%8A%D8%A9-%D9%85%D9%86-%D8%A7%D9%84%D9%84%D8%BA%D8%A9-%D8%A7%D9%84%D8%A5%D9%86%D8%AC%D9%84%D9%8A%D8%B2%D9%8A%D8%A9-%D8%A5%D9%84%D9%89-%D8%A7%D9%84%D8%B9%D8%B1%D8%A8%D9%8A%D8%A9-%D9%88%D8%A7%D9%84%D8%B9%D9%83%D8%B3,5.0,1,ساعة,1,0,$5.00,ثلاثة أيام,1,4,110.0,.Mohamed K,https://khamsat.com/user/mohamedkamel2021,True,بائع جديد,5.0,1,100.0%,3,1,ساعة
كتابة وترجمة,https://khamsat.com/writing,الإنجليزية للعربية والعكس,https://khamsat.com/writing/english-arabic-translation,ترجمة من الإنجليزية للعربية والعكس,https://khamsat.com/writing/english-arabic-translation/604291-%D8%AA%D8%B1%D8%AC%D9%85%D8%A9-%D9%85%D9%86-%D8%A7%D9%84%D8%A5%D9%86%D8%AC%D9%84%D9%8A%D8%B2%D9%8A%D8%A9-%D9%84%D9%84%D8%B9%D8%B1%D8%A8%D9%8A%D8%A9-%D9%88%D8%A7%D9%84%D8%B9%D9%83%D8%B3,4.5,67,4 ساعات,108,0,$5.00,يوم واحد,25,5,365.0,.Hisham S,https://khamsat.com/user/hisham-salah,True,بائع مميز,4.5,101,96.47%,3,124,12 ساعة
كتابة وترجمة,https://khamsat.com/writing,الإنجليزية للعربية والعكس,https://khamsat.com/writing/english-arabic-translation,الترجمة من العربية إلى الإنكليزية وبالعكس,https://khamsat.com/writing/english-arabic-translation/1914279-%D8%A7%D9%84%D8%AA%D8%B1%D8%AC%D9%85%D8%A9-%D9%85%D9%86-%D8%A7%D9%84%D8%B9%D8%B1%D8%A8%D9%8A%D8%A9-%D8%A5%D9%84%D9%89-%D8%A7%D9%84%D8%A5%D9%86%D9%83%D9%84%D9%8A%D8%B2%D9%8A%D8%A9-%D9%88%D8%A8%D8%A7%D9%84%D8%B9%D9%83%D8%B3,5.0,30,14 دقيقة,42,0,$5.00,يوم واحد,25,5,130.0,مهى ر.,https://khamsat.com/user/maha_ri84,True,بائع مميز,5.0,54,97.14%,7,53,6 ساعات
كتابة وترجمة,https://khamsat.com/writing,الإنجليزية للعربية والعكس,https://khamsat.com/writing/english-arabic-translation,ترجمة مقاطع الفيديو من الإنجليزية إلى العربية وتسليمها سريعا,https://khamsat.com/writing/english-arabic-translation/722276-%D8%AA%D8%B1%D8%AC%D9%85%D8%A9-%D9%85%D9%82%D8%A7%D8%B7%D8%B9-%D8%A7%D9%84%D9%81%D9%8A%D8%AF%D9%8A%D9%88-%D9%85%D9%86-%D8%A7%D9%84%D8%A5%D9%86%D8%AC%D9%84%D9%8A%D8%B2%D9%8A%D8%A9-%D8%A5%D9%84%D9%89-%D8%A7%D9%84%D8%B9%D8%B1%D8%A8%D9%8A%D8%A9-%D9%88%D8%AA%D8%B3%D9%84%D9%8A%D9%85%D9%87%D8%A7-%D8%B3%D8%B1%D9%8A%D8%B9%D8%A7,5.0,135,3 ساعات,153,0,$5.00,يوم واحد,25,5,130.0,محمد ا.,https://khamsat.com/user/dr.-mohamed-alsheikh,True,بائع مميز,5.0,151,95.66%,1,157,ساعتين
كتابة وترجمة,https://khamsat.com/writing,الإنجليزية للعربية والعكس,https://khamsat.com/writing/english-arabic-translation,ترجمة مقالات احترافية بين اللغة العربية والانجليزية,https://khamsat.com/writing/english-arabic-translation/2433135-%D8%AA%D8%B1%D8%AC%D9%85%D8%A9-%D9%85%D9%82%D8%A7%D9%84%D8%A7%D8%AA-%D8%A7%D8%AD%D8%AA%D8%B1%D8%A7%D9%81%D9%8A%D8%A9-%D8%A8%D9%8A%D9%86-%D8%A7%D9%84%D9%84%D8%BA%D8%A9-%D8%A7%D9%84%D8%B9%D8%B1%D8%A8%D9%8A%D8%A9-%D9%88%D8%A7%D9%84%D8%A7%D9%86%D8%AC%D9%84%D9%8A%D8%B2%D9%8A%D8%A9,5.0,10,أقل من دقيقة,14,0,$5.00,يوم واحد,10,4,55.0,.Ebram A,https://khamsat.com/user/ebramadel,True,بائع مميز,5.0,62,89.33%,5,70,ساعة
كتابة وترجمة,https://khamsat.com/writing,الإنجليزية للعربية والعكس,https://khamsat.com/writing/english-arabic-translation,الترجمة من اللغة الإنجليزية إلى العربية والعكس,https://khamsat.com/writing/english-arabic-translation/420512-%D8%A7%D9%84%D8%AA%D8%B1%D8%AC%D9%85%D8%A9-%D9%85%D9%86-%D8%A7%D9%84%D9%84%D8%BA%D8%A9-%D8%A7%D9%84%D8%A5%D9%86%D8%AC%D9%84%D9%8A%D8%B2%D9%8A%D8%A9-%D8%A5%D9%84%D9%89-%D8%A7%D9%84%D8%B9%D8%B1%D8%A8%D9%8A%D8%A9-%D9%88%D8%A7%D9%84%D8%B9%D9%83%D8%B3,4.5,66,يوم,100,0,$10.00,يوم واحد,25,5,150.0,.Ismail S,https://khamsat.com/user/ahmed_ali21,True,بائع مميز,4.5,146,86.49%,2,185,8 ساعات
كتابة وترجمة,https://khamsat.com/writing,الإنجليزية للعربية والعكس,https://khamsat.com/writing/english-arabic-translation,ترجمة طبية من اللغة الانجليزية إلى اللغة العربية وتدقيق لغوي,https://khamsat.com/writing/english-arabic-translation/1662231-%D8%AA%D8%B1%D8%AC%D9%85%D8%A9-%D8%B7%D8%A8%D9%8A%D8%A9-%D9%85%D9%86-%D8%A7%D9%84%D9%84%D8%BA%D8%A9-%D8%A7%D9%84%D8%A7%D9%86%D8%AC%D9%84%D9%8A%D8%B2%D9%8A%D8%A9-%D8%A5%D9%84%D9%89-%D8%A7%D9%84%D9%84%D8%BA%D8%A9-%D8%A7%D9%84%D8%B9%D8%B1%D8%A8%D9%8A%D8%A9-%D9%88%D8%AA%D8%AF%D9%82%D9%8A%D9%82-%D9%84%D8%BA%D9%88%D9%8A,4.5,41,15 ساعة,59,0,$5.00,يومين,25,5,160.0,.Sabren I,https://khamsat.com/user/sabrenelhabony,True,بائع مميز,4.5,49,95.4%,3,69,5 ساعات
كتابة وترجمة,https://khamsat.com/writing,الإنجليزية للعربية والعكس,https://khamsat.com/writing/english-arabic-translation,ترجمة كتب مقالات رسائل من الانجليزية إلي العربية والعكس,https://khamsat.com/writing/english-arabic-translation/3031861-%D8%AA%D8%B1%D8%AC%D9%85%D8%A9-%D9%83%D8%AA%D8%A8-%D9%85%D9%82%D8%A7%D9%84%D8%A7%D8%AA-%D8%B1%D8%B3%D8%A7%D8%A6%D9%84-%D9%85%D9%86-%D8%A7%D9%84%D8%A7%D9%86%D8%AC%D9%84%D9%8A%D8%B2%D9%8A%D8%A9-%D8%A5%D9%84%D9%8A-%D8%A7%D9%84%D8%B9%D8%B1%D8%A8%D9%8A%D8%A9-%D9%88%D8%A7%D9%84%D8%B9%D9%83%D8%B3,5.0,1,يوم,1,0,$5.00,يوم واحد,1,5,110.0,.Mohamed M,https://khamsat.com/user/mohamedmasoud1,True,بائع نشيط,4.5,15,86.49%,5,13,8 ساعات
كتابة وترجمة,https://khamsat.com/writing,الإنجليزية للعربية والعكس,https://khamsat.com/writing/english-arabic-translation,ترجمة طبية متخصصة من اللغة الإنجليزية للغة العربية والعكس,https://khamsat.com/writing/english-arabic-translation/517658-%D8%AA%D8%B1%D8%AC%D9%85%D8%A9-%D8%B7%D8%A8%D9%8A%D8%A9-%D9%85%D8%AA%D8%AE%D8%B5%D8%B5%D8%A9-%D9%85%D9%86-%D8%A7%D9%84%D9%84%D8%BA%D8%A9-%D8%A7%D9%84%D8%A5%D9%86%D8%AC%D9%84%D9%8A%D8%B2%D9%8A%D8%A9-%D9%84%D9%84%D8%BA%D8%A9-%D8%A7%D9%84%D8%B9%D8%B1%D8%A8%D9%8A%D8%A9-%D9%88%D8%A7%D9%84%D8%B9%D9%83%D8%B3,5.0,25,يوم,42,0,$5.00,ثلاثة أيام,25,4,380.0,.Reham E,https://khamsat.com/user/reham_elnagar,True,بائع مميز,5.0,126,94.6%,5,171,13 ساعة
كتابة وترجمة,https://khamsat.com/writing,الإنجليزية للعربية والعكس,https://khamsat.com/writing/english-arabic-translation,اترجم لك من العربية للإنجليزية في أسرع وقت,https://khamsat.com/writing/english-arabic-translation/825322-%D8%A7%D8%AA%D8%B1%D8%AC%D9%85-%D9%84%D9%83-%D9%85%D9%86-%D8%A7%D9%84%D8%B9%D8%B1%D8%A8%D9%8A%D8%A9-%D9%84%D9%84%D8%A5%D9%86%D8%AC%D9%84%D9%8A%D8%B2%D9%8A%D8%A9-%D9%81%D9%8A-%D8%A3%D8%B3%D8%B1%D8%B9-%D9%88%D9%82%D8%AA,5.0,30,ساعة,46,0,$5.00,يوم واحد,25,5,90.0,.Hisham A,https://khamsat.com/user/hishama,True,بائع موثوق,5.0,258,88.26%,8,409,3 ساعات
كتابة وترجمة,https://khamsat.com/writing,الإنجليزية للعربية والعكس,https://khamsat.com/writing/english-arabic-translation,ترجمه ابحاث علميه كتب روايات من الانجليزيه للعربيه والعكس,https://khamsat.com/writing/english-arabic-translation/1055402-%D8%AA%D8%B1%D8%AC%D9%85%D9%87-%D8%A7%D8%A8%D8%AD%D8%A7%D8%AB-%D8%B9%D9%84%D9%85%D9%8A%D9%87-%D9%83%D8%AA%D8%A8-%D8%B1%D9%88%D8%A7%D9%8A%D8%A7%D8%AA-%D9%85%D9%86-%D8%A7%D9%84%D8%A7%D9%86%D8%AC%D9%84%D9%8A%D8%B2%D9%8A%D9%87-%D9%84%D9%84%D8%B9%D8%B1%D8%A8%D9%8A%D9%87-%D9%88%D8%A7%D9%84%D8%B9%D9%83%D8%B3,4.5,79,39 دقيقة,132,0,$5.00,أسبوع,25,5,195.0,.Kirollos S,https://khamsat.com/user/kirollos_sobhy,True,بائع مميز,4.5,118,96.99%,4,176,5 ساعات
كتابة وترجمة,https://khamsat.com/writing,الإنجليزية للعربية والعكس,https://khamsat.com/writing/english-arabic-translation,ترجمة من الإنجليزية إلى العربية والعكس,https://khamsat.com/writing/english-arabic-translation/1451141-%D8%AA%D8%B1%D8%AC%D9%85%D8%A9-%D9%85%D9%86-%D8%A7%D9%84%D8%A5%D9%86%D8%AC%D9%84%D9%8A%D8%B2%D9%8A%D8%A9-%D8%A5%D9%84%D9%89-%D8%A7%D9%84%D8%B9%D8%B1%D8%A8%D9%8A%D8%A9-%D9%88%D8%A7%D9%84%D8%B9%D9%83%D8%B3,5.0,57,47 دقيقة,93,0,$5.00,يوم واحد,25,5,200.0,.Saria A,https://khamsat.com/user/%D8%B3%D8%A7%D8%B1%D9%8A%D8%A9-%D8%A7%D9%84%D8%B9%D8%B4,True,بائع مميز,5.0,72,99.35%,3,107,ساعة
كتابة وترجمة,https://khamsat.com/writing,الإنجليزية للعربية والعكس,https://khamsat.com/writing/english-arabic-translation,ترجمة مختلف الملفات من الانكليزية الى العربية,https://khamsat.com/writing/english-arabic-translation/1579532-%D8%AA%D8%B1%D8%AC%D9%85%D8%A9-%D9%85%D8%AE%D8%AA%D9%84%D9%81-%D8%A7%D9%84%D9%85%D9%84%D9%81%D8%A7%D8%AA-%D9%85%D9%86-%D8%A7%D9%84%D8%A7%D9%86%D9%83%D9%84%D9%8A%D8%B2%D9%8A%D8%A9-%D8%A7%D9%84%D9%89-%D8%A7%D9%84%D8%B9%D8%B1%D8%A8%D9%8A%D8%A9,4.5,79,10 ساعات,120,0,$5.00,يومين,25,5,135.0,.Amjad A,https://khamsat.com/user/amjad_al_mawas,True,بائع مميز,4.5,97,98.24%,3,134,ساعتين
كتابة وترجمة,https://khamsat.com/writing,الإنجليزية للعربية والعكس,https://khamsat.com/writing/english-arabic-translation,ترجمة من الإنجليزية إلى العربية,https://khamsat.com/writing/english-arabic-translation/2812046-%D8%AA%D8%B1%D8%AC%D9%85%D8%A9-%D9%85%D9%86-%D8%A7%D9%84%D8%A5%D9%86%D8%AC%D9%84%D9%8A%D8%B2%D9%8A%D8%A9-%D8%A5%D9%84%D9%89-%D8%A7%D9%84%D8%B9%D8%B1%D8%A8%D9%8A%D8%A9,5.0,1,ساعة,2,0,$5.00,يوم واحد,1,5,75.0,.Mohammed H,https://khamsat.com/user/mohammedwm61,True,بائع مميز,5.0,28,97.41%,1,34,ساعة
كتابة وترجمة,https://khamsat.com/writing,الإنجليزية للعربية والعكس,https://khamsat.com/writing/english-arabic-translation,ترجمة من اللغة العربية للانجليزية والعكس,https://khamsat.com/writing/english-arabic-translation/1383590-%D8%AA%D8%B1%D8%AC%D9%85%D8%A9-%D9%85%D9%86-%D8%A7%D9%84%D9%84%D8%BA%D8%A9-%D8%A7%D9%84%D8%B9%D8%B1%D8%A8%D9%8A%D8%A9-%D9%84%D9%84%D8%A7%D9%86%D8%AC%D9%84%D9%8A%D8%B2%D9%8A%D8%A9-%D9%88%D8%A7%D9%84%D8%B9%D9%83%D8%B3,5.0,12,9 ساعات,17,0,$5.00,يومين,12,5,150.0,جادالله إ.,https://khamsat.com/user/jad_94,True,بائع مميز,5.0,12,97.14%,2,17,4 ساعات
كتابة وترجمة,https://khamsat.com/writing,الإنجليزية للعربية والعكس,https://khamsat.com/writing/english-arabic-translation,ترجمة دقيقة وشاملة للملفات التخصصية والعاجلة عربي إنجليزي,https://khamsat.com/writing/english-arabic-translation/1064658-%D8%AA%D8%B1%D8%AC%D9%85%D8%A9-%D8%AF%D9%82%D9%8A%D9%82%D8%A9-%D9%88%D8%B4%D8%A7%D9%85%D9%84%D8%A9-%D9%84%D9%84%D9%85%D9%84%D9%81%D8%A7%D8%AA-%D8%A7%D9%84%D8%AA%D8%AE%D8%B5%D8%B5%D9%8A%D8%A9-%D9%88%D8%A7%D9%84%D8%B9%D8%A7%D8%AC%D9%84%D8%A9-%D8%B9%D8%B1%D8%A8%D9%8A-%D8%A5%D9%86%D8%AC%D9%84%D9%8A%D8%B2%D9%8A,5.0,69,39 دقيقة,89,0,$5.00,يوم واحد,25,5,145.0,.Ahmed M,https://khamsat.com/user/580ahmed-morsy,True,بائع مميز,5.0,180,99.23%,4,192,ساعة
كتابة وترجمة,https://khamsat.com/writing,الإنجليزية للعربية والعكس,https://khamsat.com/writing/english-arabic-translation,ترجمة ملفات النصوص والصوت والفيديو من الانجليزية الى العربية,https://khamsat.com/writing/english-arabic-translation/662632-%D8%AA%D8%B1%D8%AC%D9%85%D8%A9-%D9%85%D9%84%D9%81%D8%A7%D8%AA-%D8%A7%D9%84%D9%86%D8%B5%D9%88%D8%B5-%D9%88%D8%A7%D9%84%D8%B5%D9%88%D8%AA-%D9%88%D8%A7%D9%84%D9%81%D9%8A%D8%AF%D9%8A%D9%88-%D9%85%D9%86-%D8%A7%D9%84%D8%A7%D9%86%D8%AC%D9%84%D9%8A%D8%B2%D9%8A%D8%A9-%D8%A7%D9%84%D9%89-%D8%A7%D9%84%D8%B9%D8%B1%D8%A8%D9%8A%D8%A9,5.0,124,39 دقيقة,180,0,$5.00,يومين,25,5,110.0,.Anmar F,https://khamsat.com/user/%D8%A7%D9%86%D9%85%D8%A7%D8%B1-%D9%81%D8%A7%D8%B6%D9%84,True,بائع مميز,5.0,130,93.99%,2,185,ساعة
كتابة وترجمة,https://khamsat.com/writing,الإنجليزية للعربية والعكس,https://khamsat.com/writing/english-arabic-translation,ترجمة احترافية من انجليزي الي عربي والعكس بدقة وجودة عالية,https://khamsat.com/writing/english-arabic-translation/2986583-%D8%AA%D8%B1%D8%AC%D9%85%D8%A9-%D8%A7%D8%AD%D8%AA%D8%B1%D8%A7%D9%81%D9%8A%D8%A9-%D9%85%D9%86-%D8%A7%D9%86%D8%AC%D9%84%D9%8A%D8%B2%D9%8A-%D8%A7%D9%84%D9%8A-%D8%B9%D8%B1%D8%A8%D9%8A-%D9%88%D8%A7%D9%84%D8%B9%D9%83%D8%B3-%D8%A8%D8%AF%D9%82%D8%A9-%D9%88%D8%AC%D9%88%D8%AF%D8%A9-%D8%B9%D8%A7%D9%84%D9%8A%D8%A9,5.0,2,17 دقيقة,3,0,$5.00,يوم واحد,2,2,10.0,هاشم ع.,https://khamsat.com/user/abo_maliks,True,بائع نشيط,5.0,4,86.67%,4,5,ساعتين
كتابة وترجمة,https://khamsat.com/writing,الإنجليزية للعربية والعكس,https://khamsat.com/writing/english-arabic-translation,ترجمة احترافية من الإنجليزية للعربية فقط في أسرع وقت,https://khamsat.com/writing/english-arabic-translation/7361-%D8%AA%D8%B1%D8%AC%D9%85%D8%A9-%D8%A7%D8%AD%D8%AA%D8%B1%D8%A7%D9%81%D9%8A%D8%A9-%D9%85%D9%86-%D8%A7%D9%84%D8%A5%D9%86%D8%AC%D9%84%D9%8A%D8%B2%D9%8A%D8%A9-%D9%84%D9%84%D8%B9%D8%B1%D8%A8%D9%8A%D8%A9-%D9%81%D9%82%D8%B7-%D9%81%D9%8A-%D8%A3%D8%B3%D8%B1%D8%B9-%D9%88%D9%82%D8%AA,5.0,173,6 دقائق,313,0,$5.00,يوم واحد,25,4,80.0,.Hisham A,https://khamsat.com/user/hishama,True,بائع موثوق,5.0,258,88.26%,8,409,3 ساعات
كتابة وترجمة,https://khamsat.com/writing,الإنجليزية للعربية والعكس,https://khamsat.com/writing/english-arabic-translation,ترجمة احترافية من الإنجليزية إلى العربية,https://khamsat.com/writing/english-arabic-translation/2913927-%D8%AA%D8%B1%D8%AC%D9%85%D8%A9-%D8%A7%D8%AD%D8%AA%D8%B1%D8%A7%D9%81%D9%8A%D8%A9-%D9%85%D9%86-%D8%A7%D9%84%D8%A5%D9%86%D8%AC%D9%84%D9%8A%D8%B2%D9%8A%D8%A9-%D8%A5%D9%84%D9%89-%D8%A7%D9%84%D8%B9%D8%B1%D8%A8%D9%8A%D8%A9,5.0,3,11 دقيقة,4,0,$5.00,يوم واحد,3,4,55.0,نورهان ع.,https://khamsat.com/user/nermeen_adel213,True,بائع مميز,5.0,34,98.31%,8,51,ساعتين
كتابة وترجمة,https://khamsat.com/writing,الإنجليزية للعربية والعكس,https://khamsat.com/writing/english-arabic-translation,ترجمة من اللغة الإنجليزية إلى العربية أو العكس,https://khamsat.com/writing/english-arabic-translation/708928-%D8%AA%D8%B1%D8%AC%D9%85%D8%A9-%D9%85%D9%86-%D8%A7%D9%84%D9%84%D8%BA%D8%A9-%D8%A7%D9%84%D8%A5%D9%86%D8%AC%D9%84%D9%8A%D8%B2%D9%8A%D8%A9-%D8%A5%D9%84%D9%89-%D8%A7%D9%84%D8%B9%D8%B1%D8%A8%D9%8A%D8%A9-%D8%A3%D9%88-%D8%A7%D9%84%D8%B9%D9%83%D8%B3,5.0,77,58 دقيقة,97,0,$15.00,خمسة أيام,25,3,30.0,.Ahmed M,https://khamsat.com/user/580ahmed-morsy,True,بائع مميز,5.0,180,99.23%,4,192,ساعة
كتابة وترجمة,https://khamsat.com/writing,الإنجليزية للعربية والعكس,https://khamsat.com/writing/english-arabic-translation,ترجمة أبحاث ومقالات من اللغة الإنكليزية إلى العربية,https://khamsat.com/writing/english-arabic-translation/1712227-%D8%AA%D8%B1%D8%AC%D9%85%D8%A9-%D8%A3%D8%A8%D8%AD%D8%A7%D8%AB-%D9%88%D9%85%D9%82%D8%A7%D9%84%D8%A7%D8%AA-%D9%85%D9%86-%D8%A7%D9%84%D9%84%D8%BA%D8%A9-%D8%A7%D9%84%D8%A5%D9%86%D9%83%D9%84%D9%8A%D8%B2%D9%8A%D8%A9-%D8%A5%D9%84%D9%89-%D8%A7%D9%84%D8%B9%D8%B1%D8%A8%D9%8A%D8%A9,5.0,10,5 ساعات,17,0,$5.00,أسبوع,10,5,170.0,.Mais H,https://khamsat.com/user/mais_hammod,False,بائع نشيط,5.0,14,95.92%,2,22,5 ساعات
كتابة وترجمة,https://khamsat.com/writing,الإنجليزية للعربية والعكس,https://khamsat.com/writing/english-arabic-translation,ترجمة محتوى فيديوهات من اللغة العربية إلى الإنجليزية والعكس,https://khamsat.com/writing/english-arabic-translation/1000378-%D8%AA%D8%B1%D8%AC%D9%85%D8%A9-%D9%85%D8%AD%D8%AA%D9%88%D9%89-%D9%81%D9%8A%D8%AF%D9%8A%D9%88%D9%87%D8%A7%D8%AA-%D9%85%D9%86-%D8%A7%D9%84%D9%84%D8%BA%D8%A9-%D8%A7%D9%84%D8%B9%D8%B1%D8%A8%D9%8A%D8%A9-%D8%A5%D9%84%D9%89-%D8%A7%D9%84%D8%A5%D9%86%D8%AC%D9%84%D9%8A%D8%B2%D9%8A%D8%A9-%D9%88%D8%A7%D9%84%D8%B9%D9%83%D8%B3,5.0,13,ساعة,16,0,$5.00,يوم واحد,13,2,70.0,محمد فاروق ب.,https://khamsat.com/user/%D9%85%D8%AD%D9%85%D8%AF-%D9%81%D8%A7%D8%B1%D9%88%D9%82-%D8%A7%D9%84%D8%AC%D8%B2%D8%A7%D8%A6%D8%B1%D9%8A,True,بائع مميز,5.0,64,82.16%,3,83,6 ساعات
كتابة وترجمة,https://khamsat.com/writing,الإنجليزية للعربية والعكس,https://khamsat.com/writing/english-arabic-translation,ترجمة فديوهات ومسلسلات من اللغة الانكليزية للعربية وبالعكس,https://khamsat.com/writing/english-arabic-translation/2529122-%D8%AA%D8%B1%D8%AC%D9%85%D8%A9-%D9%81%D8%AF%D9%8A%D9%88%D9%87%D8%A7%D8%AA-%D9%88%D9%85%D8%B3%D9%84%D8%B3%D9%84%D8%A7%D8%AA-%D9%85%D9%86-%D8%A7%D9%84%D9%84%D8%BA%D8%A9-%D8%A7%D9%84%D8%A7%D9%86%D9%83%D9%84%D9%8A%D8%B2%D9%8A%D8%A9-%D9%84%D9%84%D8%B9%D8%B1%D8%A8%D9%8A%D8%A9-%D9%88%D8%A8%D8%A7%D9%84%D8%B9%D9%83%D8%B3,5.0,9,ساعتين,11,0,$5.00,يومين,9,3,65.0,.Saeed A,https://khamsat.com/user/saedskaf,True,بائع نشيط,5.0,12,94.12%,2,14,5 ساعات
كتابة وترجمة,https://khamsat.com/writing,الإنجليزية للعربية والعكس,https://khamsat.com/writing/english-arabic-translation,ترجمة الكتب الهندسية والمراجع Text book من الإنجليزية والعربية,https://khamsat.com/writing/english-arabic-translation/614707-%D8%AA%D8%B1%D8%AC%D9%85%D8%A9-%D8%A7%D9%84%D9%83%D8%AA%D8%A8-%D8%A7%D9%84%D9%87%D9%86%D8%AF%D8%B3%D9%8A%D8%A9-%D9%88%D8%A7%D9%84%D9%85%D8%B1%D8%A7%D8%AC%D8%B9-text-book-%D9%85%D9%86-%D8%A7%D9%84%D8%A5%D9%86%D8%AC%D9%84%D9%8A%D8%B2%D9%8A%D8%A9-%D9%88%D8%A7%D9%84%D8%B9%D8%B1%D8%A8%D9%8A%D8%A9,5.0,43,ساعة,60,0,$5.00,ثلاثة أيام,25,5,365.0,أحمد أ.,https://khamsat.com/user/%D8%A3%D8%AD%D9%85%D8%AF-%D8%A3%D8%A8%D9%88%D8%A8%D9%83%D8%B1,True,بائع مميز,5.0,43,96.33%,1,60,37 دقيقة
كتابة وترجمة,https://khamsat.com/writing,الإنجليزية للعربية والعكس,https://khamsat.com/writing/english-arabic-translation,الترجمة من الانجليزية للعربية والعكس,https://khamsat.com/writing/english-arabic-translation/2532874-%D8%A7%D9%84%D8%AA%D8%B1%D8%AC%D9%85%D8%A9-%D9%85%D9%86-%D8%A7%D9%84%D8%A7%D9%86%D8%AC%D9%84%D9%8A%D8%B2%D9%8A%D8%A9-%D9%84%D9%84%D8%B9%D8%B1%D8%A8%D9%8A%D8%A9-%D9%88%D8%A7%D9%84%D8%B9%D9%83%D8%B3,5.0,1,ساعة,1,0,$5.00,يومين,1,2,20.0,عهد ا.,https://khamsat.com/user/um_maram222,True,بائع جديد,5.0,1,100.0%,3,1,ساعة
كتابة وترجمة,https://khamsat.com/writing,الإنجليزية للعربية والعكس,https://khamsat.com/writing/english-arabic-translation,ترجمة مقالات من الإنجليزية إلى العربية,https://khamsat.com/writing/english-arabic-translation/1881157-%D8%AA%D8%B1%D8%AC%D9%85%D8%A9-%D9%85%D9%82%D8%A7%D9%84%D8%A7%D8%AA-%D9%85%D9%86-%D8%A7%D9%84%D8%A5%D9%86%D8%AC%D9%84%D9%8A%D8%B2%D9%8A%D8%A9-%D8%A5%D9%84%D9%89-%D8%A7%D9%84%D8%B9%D8%B1%D8%A8%D9%8A%D8%A9,5.0,14,6 دقائق,17,0,$5.00,يومين,14,5,100.0,.Ali K,https://khamsat.com/user/alikhozama125,True,بائع مميز,5.0,50,96.03%,5,54,5 ساعات
كتابة وترجمة,https://khamsat.com/writing,الإنجليزية للعربية والعكس,https://khamsat.com/writing/english-arabic-translation,كافة خدمات الترجمة الكتابية و الصوتية من الانجليزية الى العربية,https://khamsat.com/writing/english-arabic-translation/2722559-%D9%83%D8%A7%D9%81%D8%A9-%D8%AE%D8%AF%D9%85%D8%A7%D8%AA-%D8%A7%D9%84%D8%AA%D8%B1%D8%AC%D9%85%D8%A9-%D8%A7%D9%84%D9%83%D8%AA%D8%A7%D8%A8%D9%8A%D8%A9-%D9%88-%D8%A7%D9%84%D8%B5%D9%88%D8%AA%D9%8A%D8%A9-%D9%85%D9%86-%D8%A7%D9%84%D8%A7%D9%86%D8%AC%D9%84%D9%8A%D8%B2%D9%8A%D8%A9-%D8%A7%D9%84%D9%89-%D8%A7%D9%84%D8%B9%D8%B1%D8%A8%D9%8A%D8%A9,5.0,2,أقل من دقيقة,3,0,$10.00,يومين,2,4,180.0,فؤاد ب.,https://khamsat.com/user/fuad_zeen,True,بائع نشيط,5.0,16,97.56%,5,14,ساعتين
كتابة وترجمة,https://khamsat.com/writing,الإنجليزية للعربية والعكس,https://khamsat.com/writing/english-arabic-translation,الترجمة الاحترافية من وإلى الإنجليزية والعربية,https://khamsat.com/writing/english-arabic-translation/2671575-%D8%A7%D9%84%D8%AA%D8%B1%D8%AC%D9%85%D8%A9-%D8%A7%D9%84%D8%A7%D8%AD%D8%AA%D8%B1%D8%A7%D9%81%D9%8A%D8%A9-%D9%85%D9%86-%D9%88%D8%A5%D9%84%D9%89-%D8%A7%D9%84%D8%A5%D9%86%D8%AC%D9%84%D9%8A%D8%B2%D9%8A%D8%A9-%D9%88%D8%A7%D9%84%D8%B9%D8%B1%D8%A8%D9%8A%D8%A9,5.0,5,19 ساعة,7,1,$5.00,يومين,5,5,45.0,.Reem E,https://khamsat.com/user/reememad_25,True,بائع نشيط,5.0,5,84.62%,1,7,19 ساعة
كتابة وترجمة,https://khamsat.com/writing,الإنجليزية للعربية والعكس,https://khamsat.com/writing/english-arabic-translation,ترجمة المقالات الطبية عربي انجليزى,https://khamsat.com/writing/english-arabic-translation/624203-%D8%AA%D8%B1%D8%AC%D9%85%D8%A9-%D8%A7%D9%84%D9%85%D9%82%D8%A7%D9%84%D8%A7%D8%AA-%D8%A7%D9%84%D8%B7%D8%A8%D9%8A%D8%A9-%D8%B9%D8%B1%D8%A8%D9%8A-%D8%A7%D9%86%D8%AC%D9%84%D9%8A%D8%B2%D9%89,5.0,13,7 دقائق,21,0,$5.00,يوم واحد,13,0,0.0,.Salim S,https://khamsat.com/user/salimpepo,True,بائع مميز,5.0,19,79.87%,7,29,7 ساعات
كتابة وترجمة,https://khamsat.com/writing,الفرنسية للعربية والعكس,https://khamsat.com/writing/french-arabic-translation,ترجمة كتاب من الإنجليزية أو الفرنسية إلى العربية,https://khamsat.com/writing/french-arabic-translation/1314502-%D8%AA%D8%B1%D8%AC%D9%85%D8%A9-%D9%83%D8%AA%D8%A7%D8%A8-%D9%85%D9%86-%D8%A7%D9%84%D8%A5%D9%86%D8%AC%D9%84%D9%8A%D8%B2%D9%8A%D8%A9-%D8%A3%D9%88-%D8%A7%D9%84%D9%81%D8%B1%D9%86%D8%B3%D9%8A%D8%A9-%D8%A5%D9%84%D9%89-%D8%A7%D9%84%D8%B9%D8%B1%D8%A8%D9%8A%D8%A9,4.5,5,4 ساعات,6,0,$5.00,ثلاثة أسابيع,5,1,35.0,نور ح.,https://khamsat.com/user/nourha,True,بائع نشيط,4.5,27,70.0%,6,40,يوم
كتابة وترجمة,https://khamsat.com/writing,الفرنسية للعربية والعكس,https://khamsat.com/writing/french-arabic-translation,ترجمة من اللغة العربية الى اللغة الفرنسية أو العكس,https://khamsat.com/writing/french-arabic-translation/1316584-%D8%AA%D8%B1%D8%AC%D9%85%D8%A9-%D9%85%D9%86-%D8%A7%D9%84%D9%84%D8%BA%D8%A9-%D8%A7%D9%84%D8%B9%D8%B1%D8%A8%D9%8A%D8%A9-%D8%A7%D9%84%D9%89-%D8%A7%D9%84%D9%84%D8%BA%D8%A9-%D8%A7%D9%84%D9%81%D8%B1%D9%86%D8%B3%D9%8A%D8%A9-%D8%A3%D9%88-%D8%A7%D9%84%D8%B9%D9%83%D8%B3,5.0,17,20 دقيقة,26,0,$5.00,يوم واحد,17,4,130.0,.Anis H,https://khamsat.com/user/ahannanou,True,بائع مميز,4.5,87,96.83%,11,127,36 دقيقة
كتابة وترجمة,https://khamsat.com/writing,الفرنسية للعربية والعكس,https://khamsat.com/writing/french-arabic-translation,ترجمة من و إلى اللغة العربية الفرنسية و الانجليزية,https://khamsat.com/writing/french-arabic-translation/1899035-%D8%AA%D8%B1%D8%AC%D9%85%D8%A9-%D9%85%D9%86-%D9%88-%D8%A5%D9%84%D9%89-%D8%A7%D9%84%D9%84%D8%BA%D8%A9-%D8%A7%D9%84%D8%B9%D8%B1%D8%A8%D9%8A%D8%A9-%D8%A7%D9%84%D9%81%D8%B1%D9%86%D8%B3%D9%8A%D8%A9-%D9%88-%D8%A7%D9%84%D8%A7%D9%86%D8%AC%D9%84%D9%8A%D8%B2%D9%8A%D8%A9,5.0,9,5 ساعات,12,0,$5.00,يومين,9,2,15.0,.Ahmed A,https://khamsat.com/user/ahmed_shbaiti,True,بائع مميز,5.0,9,96.08%,1,12,5 ساعات
كتابة وترجمة,https://khamsat.com/writing,الفرنسية للعربية والعكس,https://khamsat.com/writing/french-arabic-translation,ترجمة من اللغة الفرنسية إلى العربية والعكس,https://khamsat.com/writing/french-arabic-translation/634625-%D8%AA%D8%B1%D8%AC%D9%85%D8%A9-%D9%85%D9%86-%D8%A7%D9%84%D9%84%D8%BA%D8%A9-%D8%A7%D9%84%D9%81%D8%B1%D9%86%D8%B3%D9%8A%D8%A9-%D8%A5%D9%84%D9%89-%D8%A7%D9%84%D8%B9%D8%B1%D8%A8%D9%8A%D8%A9-%D9%88%D8%A7%D9%84%D8%B9%D9%83%D8%B3,5.0,10,5 ساعات,19,0,$5.00,ثلاثة أيام,10,3,90.0,معاد ع.,https://khamsat.com/user/%D9%85%D8%B9%D8%A7%D8%AF-%D8%B9%D9%84%D9%88%D8%A7%D9%86%D9%8A,True,بائع مميز,5.0,30,96.25%,6,44,5 ساعات
كتابة وترجمة,https://khamsat.com/writing,الفرنسية للعربية والعكس,https://khamsat.com/writing/french-arabic-translation,ترجمة سريعة و دقيقة من و إلى العربية / الإنجليزية / الفرنسية,https://khamsat.com/writing/french-arabic-translation/1453025-%D8%AA%D8%B1%D8%AC%D9%85%D8%A9-%D8%B3%D8%B1%D9%8A%D8%B9%D8%A9-%D9%88-%D8%AF%D9%82%D9%8A%D9%82%D8%A9-%D9%85%D9%86-%D9%88-%D8%A5%D9%84%D9%89-%D8%A7%D9%84%D8%B9%D8%B1%D8%A8%D9%8A%D8%A9-%D8%A7%D9%84%D8%A5%D9%86%D8%AC%D9%84%D9%8A%D8%B2%D9%8A%D8%A9-%D8%A7%D9%84%D9%81%D8%B1%D9%86%D8%B3%D9%8A%D8%A9,4.5,31,11 ساعة,51,0,$5.00,يوم واحد,25,5,160.0,.Meriem S,https://khamsat.com/user/sadaouimeriem,True,بائع مميز,4.5,36,95.04%,3,54,4 ساعات
كتابة وترجمة,https://khamsat.com/writing,الفرنسية للعربية والعكس,https://khamsat.com/writing/french-arabic-translation,ترجمة من الفرنسية للغة العربية,https://khamsat.com/writing/french-arabic-translation/2095331-%D8%AA%D8%B1%D8%AC%D9%85%D8%A9-%D9%85%D9%86-%D8%A7%D9%84%D9%81%D8%B1%D9%86%D8%B3%D9%8A%D8%A9-%D9%84%D9%84%D8%BA%D8%A9-%D8%A7%D9%84%D8%B9%D8%B1%D8%A8%D9%8A%D8%A9,5.0,5,ساعتين,6,0,$5.00,ثلاثة أيام,5,5,75.0,امال م.,https://khamsat.com/user/amalabdelhafiez12,True,بائع نشيط,5.0,8,100.0%,4,9,ساعة
كتابة وترجمة,https://khamsat.com/writing,الفرنسية للعربية والعكس,https://khamsat.com/writing/french-arabic-translation,الترجمة من اللغة العربية إلى اللغة الانكليزية وبالعكس,https://khamsat.com/writing/french-arabic-translation/2824305-%D8%A7%D9%84%D8%AA%D8%B1%D8%AC%D9%85%D8%A9-%D9%85%D9%86-%D8%A7%D9%84%D9%84%D8%BA%D8%A9-%D8%A7%D9%84%D8%B9%D8%B1%D8%A8%D9%8A%D8%A9-%D8%A5%D9%84%D9%89-%D8%A7%D9%84%D9%84%D8%BA%D8%A9-%D8%A7%D9%84%D8%A7%D9%86%D9%83%D9%84%D9%8A%D8%B2%D9%8A%D8%A9-%D9%88%D8%A8%D8%A7%D9%84%D8%B9%D9%83%D8%B3,5.0,1,4 ساعات,1,0,$5.00,يوم واحد,1,2,15.0,.Maram M,https://khamsat.com/user/maram_mohamad_34,True,بائع جديد,5.0,1,100.0%,2,1,4 ساعات
كتابة وترجمة,https://khamsat.com/writing,الفرنسية للعربية والعكس,https://khamsat.com/writing/french-arabic-translation,أترجم سيناريو أو قصة أو رواية من الفرنسية إلى العربية,https://khamsat.com/writing/french-arabic-translation/1173302-%D8%A3%D8%AA%D8%B1%D8%AC%D9%85-%D8%B3%D9%8A%D9%86%D8%A7%D8%B1%D9%8A%D9%88-%D8%A3%D9%88-%D9%82%D8%B5%D8%A9-%D8%A3%D9%88-%D8%B1%D9%88%D8%A7%D9%8A%D8%A9-%D9%85%D9%86-%D8%A7%D9%84%D9%81%D8%B1%D9%86%D8%B3%D9%8A%D8%A9-%D8%A5%D9%84%D9%89-%D8%A7%D9%84%D8%B9%D8%B1%D8%A8%D9%8A%D8%A9,5.0,2,يوم,2,0,$5.00,يومين,2,1,5.0,عبد الرحيم ش.,https://khamsat.com/user/abdou-cher,True,بائع نشيط,4.5,16,92.31%,4,21,يوم
كتابة وترجمة,https://khamsat.com/writing,الفرنسية للعربية والعكس,https://khamsat.com/writing/french-arabic-translation,ترجمة احترافية عربية فرنسية انجليزية 500 كلمة,https://khamsat.com/writing/french-arabic-translation/1429561-%D8%AA%D8%B1%D8%AC%D9%85%D8%A9-%D8%A7%D8%AD%D8%AA%D8%B1%D8%A7%D9%81%D9%8A%D8%A9-%D8%B9%D8%B1%D8%A8%D9%8A%D8%A9-%D9%81%D8%B1%D9%86%D8%B3%D9%8A%D8%A9-%D8%A7%D9%86%D8%AC%D9%84%D9%8A%D8%B2%D9%8A%D8%A9-500-%D9%83%D9%84%D9%85%D8%A9,5.0,3,10 دقائق,5,0,$5.00,أسبوع,3,4,260.0,حبيب الرحمان ق.,https://khamsat.com/user/george_mohamed,True,بائع نشيط,4.5,34,80.36%,7,37,7 ساعات
كتابة وترجمة,https://khamsat.com/writing,الفرنسية للعربية والعكس,https://khamsat.com/writing/french-arabic-translation,ترجمة من اللغة العربية إلى الفرنسية أو العكس 300 كلمة,https://khamsat.com/writing/french-arabic-translation/1217331-%D8%AA%D8%B1%D8%AC%D9%85%D8%A9-%D9%85%D9%86-%D8%A7%D9%84%D9%84%D8%BA%D8%A9-%D8%A7%D9%84%D8%B9%D8%B1%D8%A8%D9%8A%D8%A9-%D8%A5%D9%84%D9%89-%D8%A7%D9%84%D9%81%D8%B1%D9%86%D8%B3%D9%8A%D8%A9-%D8%A3%D9%88-%D8%A7%D9%84%D8%B9%D9%83%D8%B3-300-%D9%83%D9%84%D9%85%D8%A9,0.0,0,يوم,1,0,$5.00,يوم واحد,0,0,0.0,نورالدين د.,https://khamsat.com/user/bav19,True,بائع نشيط,5.0,10,100.0%,6,10,16 ساعة
كتابة وترجمة,https://khamsat.com/writing,الفرنسية للعربية والعكس,https://khamsat.com/writing/french-arabic-translation,ترجمة يدوية من العربية و الانجليزية إلى الفرنسية أو العكس.,https://khamsat.com/writing/french-arabic-translation/2640586-%D8%AA%D8%B1%D8%AC%D9%85%D8%A9-%D9%8A%D8%AF%D9%88%D9%8A%D8%A9-%D9%85%D9%86-%D8%A7%D9%84%D8%B9%D8%B1%D8%A8%D9%8A%D8%A9-%D9%88-%D8%A7%D9%84%D8%A7%D9%86%D8%AC%D9%84%D9%8A%D8%B2%D9%8A%D8%A9-%D8%A5%D9%84%D9%89-%D8%A7%D9%84%D9%81%D8%B1%D9%86%D8%B3%D9%8A%D8%A9-%D8%A3%D9%88-%D8%A7%D9%84%D8%B9%D9%83%D8%B3,5.0,1,8 دقائق,1,0,$5.00,يوم واحد,1,0,0.0,نوال أ.,https://khamsat.com/user/zaynab_24,True,بائع نشيط,5.0,10,91.3%,5,11,ساعة
كتابة وترجمة,https://khamsat.com/writing,الفرنسية للعربية والعكس,https://khamsat.com/writing/french-arabic-translation,تحويل نص من اللغة العربية إلى الإنجليزية أو الفرنسية يدويا.,https://khamsat.com/writing/french-arabic-translation/415315-%D8%AA%D8%AD%D9%88%D9%8A%D9%84-%D9%86%D8%B5-%D9%85%D9%86-%D8%A7%D9%84%D9%84%D8%BA%D8%A9-%D8%A7%D9%84%D8%B9%D8%B1%D8%A8%D9%8A%D8%A9-%D8%A5%D9%84%D9%89-%D8%A7%D9%84%D8%A5%D9%86%D8%AC%D9%84%D9%8A%D8%B2%D9%8A%D8%A9-%D8%A3%D9%88-%D8%A7%D9%84%D9%81%D8%B1%D9%86%D8%B3%D9%8A%D8%A9-%D9%8A%D8%AF%D9%88%D9%8A%D8%A7,5.0,2,54 دقيقة,2,0,$5.00,يوم واحد,2,0,0.0,.Abd Elmalk Y,https://khamsat.com/user/eyousso,True,بائع جديد,5.0,4,88.89%,12,6,يوم
كتابة وترجمة,https://khamsat.com/writing,الفرنسية للعربية والعكس,https://khamsat.com/writing/french-arabic-translation,خدمة ترجمة احترافية من اللغة الفرنسية إلى العربية والعكس,https://khamsat.com/writing/french-arabic-translation/3053942-%D8%AE%D8%AF%D9%85%D8%A9-%D8%AA%D8%B1%D8%AC%D9%85%D8%A9-%D8%A7%D8%AD%D8%AA%D8%B1%D8%A7%D9%81%D9%8A%D8%A9-%D9%85%D9%86-%D8%A7%D9%84%D9%84%D8%BA%D8%A9-%D8%A7%D9%84%D9%81%D8%B1%D9%86%D8%B3%D9%8A%D8%A9-%D8%A5%D9%84%D9%89-%D8%A7%D9%84%D8%B9%D8%B1%D8%A8%D9%8A%D8%A9-%D9%88%D8%A7%D9%84%D8%B9%D9%83%D8%B3,0.0,0,لم يحسب,0,0,$5.00,يوم واحد,0,0,0.0,.Monsieur A,https://khamsat.com/user/amr_eagle,False,بائع جديد,0.0,0,لم يحسب بعد,1,0,لم يحسب
كتابة وترجمة,https://khamsat.com/writing,الفرنسية للعربية والعكس,https://khamsat.com/writing/french-arabic-translation,الترجمة من اللغة العربية إلى اللغة الفرنسية والعكس,https://khamsat.com/writing/french-arabic-translation/3053507-%D8%A7%D9%84%D8%AA%D8%B1%D8%AC%D9%85%D8%A9-%D9%85%D9%86-%D8%A7%D9%84%D9%84%D8%BA%D8%A9-%D8%A7%D9%84%D8%B9%D8%B1%D8%A8%D9%8A%D8%A9-%D8%A5%D9%84%D9%89-%D8%A7%D9%84%D9%84%D8%BA%D8%A9-%D8%A7%D9%84%D9%81%D8%B1%D9%86%D8%B3%D9%8A%D8%A9-%D9%88%D8%A7%D9%84%D8%B9%D9%83%D8%B3,0.0,0,لم يحسب,0,0,$5.00,يوم واحد,0,0,0.0,.Khaoula B,https://khamsat.com/user/khaoula_bhrb,True,بائع جديد,0.0,0,لم يحسب بعد,4,0,لم يحسب
كتابة وترجمة,https://khamsat.com/writing,الفرنسية للعربية والعكس,https://khamsat.com/writing/french-arabic-translation,ترجمة دقيقة احترافية من وإلى الانجليزية والفرنسية والعربية,https://khamsat.com/writing/french-arabic-translation/3034084-%D8%AA%D8%B1%D8%AC%D9%85%D8%A9-%D8%AF%D9%82%D9%8A%D9%82%D8%A9-%D8%A7%D8%AD%D8%AA%D8%B1%D8%A7%D9%81%D9%8A%D8%A9-%D9%85%D9%86-%D9%88%D8%A5%D9%84%D9%89-%D8%A7%D9%84%D8%A7%D9%86%D8%AC%D9%84%D9%8A%D8%B2%D9%8A%D8%A9-%D9%88%D8%A7%D9%84%D9%81%D8%B1%D9%86%D8%B3%D9%8A%D8%A9-%D9%88%D8%A7%D9%84%D8%B9%D8%B1%D8%A8%D9%8A%D8%A9,0.0,0,لم يحسب,0,0,$5.00,يوم واحد,0,0,0.0,.Taha M,https://khamsat.com/user/taha242,True,بائع جديد,0.0,0,لم يحسب بعد,3,0,لم يحسب
كتابة وترجمة,https://khamsat.com/writing,الفرنسية للعربية والعكس,https://khamsat.com/writing/french-arabic-translation,ترجمة شامل للغتين الفرنسية والعربية,https://khamsat.com/writing/french-arabic-translation/2923275-%D8%AA%D8%B1%D8%AC%D9%85%D8%A9-%D8%B4%D8%A7%D9%85%D9%84-%D9%84%D9%84%D8%BA%D8%AA%D9%8A%D9%86-%D8%A7%D9%84%D9%81%D8%B1%D9%86%D8%B3%D9%8A%D8%A9-%D9%88%D8%A7%D9%84%D8%B9%D8%B1%D8%A8%D9%8A%D8%A9,0.0,0,لم يحسب,0,0,$5.00,يوم واحد,0,3,30.0,.Badis K,https://khamsat.com/user/badis86,True,بائع جديد,5.0,1,100.0%,4,1,6 دقائق
كتابة وترجمة,https://khamsat.com/writing,الفرنسية للعربية والعكس,https://khamsat.com/writing/french-arabic-translation,ترجمة احترافية من اللغة الفرنسية الى العربية و العكس,https://khamsat.com/writing/french-arabic-translation/3040776-%D8%AA%D8%B1%D8%AC%D9%85%D8%A9-%D8%A7%D8%AD%D8%AA%D8%B1%D8%A7%D9%81%D9%8A%D8%A9-%D9%85%D9%86-%D8%A7%D9%84%D9%84%D8%BA%D8%A9-%D8%A7%D9%84%D9%81%D8%B1%D9%86%D8%B3%D9%8A%D8%A9-%D8%A7%D9%84%D9%89-%D8%A7%D9%84%D8%B9%D8%B1%D8%A8%D9%8A%D8%A9-%D9%88-%D8%A7%D9%84%D8%B9%D9%83%D8%B3,0.0,0,لم يحسب,0,0,$5.00,يوم واحد,0,5,175.0,عبد الرؤوف ش.,https://khamsat.com/user/titeuf15,True,بائع جديد,0.0,0,لم يحسب بعد,3,0,لم يحسب
كتابة وترجمة,https://khamsat.com/writing,الفرنسية للعربية والعكس,https://khamsat.com/writing/french-arabic-translation,ترجمة من اللغة العربية الى الفرنسية او العكس,https://khamsat.com/writing/french-arabic-translation/3043285-%D8%AA%D8%B1%D8%AC%D9%85%D8%A9-%D9%85%D9%86-%D8%A7%D9%84%D9%84%D8%BA%D8%A9-%D8%A7%D9%84%D8%B9%D8%B1%D8%A8%D9%8A%D8%A9-%D8%A7%D9%84%D9%89-%D8%A7%D9%84%D9%81%D8%B1%D9%86%D8%B3%D9%8A%D8%A9-%D8%A7%D9%88-%D8%A7%D9%84%D8%B9%D9%83%D8%B3,0.0,0,لم يحسب,0,0,$10.00,يوم واحد,0,0,0.0,اماني ب.,https://khamsat.com/user/amani199268,False,بائع جديد,0.0,0,لم يحسب بعد,1,0,لم يحسب
كتابة وترجمة,https://khamsat.com/writing,الفرنسية للعربية والعكس,https://khamsat.com/writing/french-arabic-translation,ترجمة يدوية من الفرنسية للعربية و العكس,https://khamsat.com/writing/french-arabic-translation/1239780-%D8%AA%D8%B1%D8%AC%D9%85%D8%A9-%D9%8A%D8%AF%D9%88%D9%8A%D8%A9-%D9%85%D9%86-%D8%A7%D9%84%D9%81%D8%B1%D9%86%D8%B3%D9%8A%D8%A9-%D9%84%D9%84%D8%B9%D8%B1%D8%A8%D9%8A%D8%A9-%D9%88-%D8%A7%D9%84%D8%B9%D9%83%D8%B3,5.0,1,40 دقيقة,2,0,$5.00,يوم واحد,1,0,0.0,هشام ل.,https://khamsat.com/user/hicham_hl,True,بائع نشيط,3.5,13,78.95%,4,17,ساعتين
كتابة وترجمة,https://khamsat.com/writing,الفرنسية للعربية والعكس,https://khamsat.com/writing/french-arabic-translation,ترجمة مقالات و روايات من الفرنسية الى العربية و الانجليزية,https://khamsat.com/writing/french-arabic-translation/2957661-%D8%AA%D8%B1%D8%AC%D9%85%D8%A9-%D9%85%D9%82%D8%A7%D9%84%D8%A7%D8%AA-%D9%88-%D8%B1%D9%88%D8%A7%D9%8A%D8%A7%D8%AA-%D9%85%D9%86-%D8%A7%D9%84%D9%81%D8%B1%D9%86%D8%B3%D9%8A%D8%A9-%D8%A7%D9%84%D9%89-%D8%A7%D9%84%D8%B9%D8%B1%D8%A8%D9%8A%D8%A9-%D9%88-%D8%A7%D9%84%D8%A7%D9%86%D8%AC%D9%84%D9%8A%D8%B2%D9%8A%D8%A9,0.0,0,لم يحسب,0,0,$5.00,يوم واحد,0,1,5.0,ابراهيم م.,https://khamsat.com/user/ibrahim186,True,بائع جديد,0.0,0,لم يحسب بعد,2,0,لم يحسب
كتابة وترجمة,https://khamsat.com/writing,الفرنسية للعربية والعكس,https://khamsat.com/writing/french-arabic-translation,خدمة ترجمة من الفرنسية إلى العربية – [language corner ],https://khamsat.com/writing/french-arabic-translation/2995676-%D8%AE%D8%AF%D9%85%D8%A9-%D8%AA%D8%B1%D8%AC%D9%85%D8%A9-%D9%85%D9%86-%D8%A7%D9%84%D9%81%D8%B1%D9%86%D8%B3%D9%8A%D8%A9-%D8%A5%D9%84%D9%89-%D8%A7%D9%84%D8%B9%D8%B1%D8%A8%D9%8A%D8%A9-language-corner,0.0,0,لم يحسب,0,0,$5.00,يوم واحد,0,5,220.0,.Language C,https://khamsat.com/user/language_corner,False,بائع جديد,0.0,0,لم يحسب بعد,3,0,لم يحسب
كتابة وترجمة,https://khamsat.com/writing,الفرنسية للعربية والعكس,https://khamsat.com/writing/french-arabic-translation,ترجمة النصوص الفرنسية إلى العربية,https://khamsat.com/writing/french-arabic-translation/1151830-%D8%AA%D8%B1%D8%AC%D9%85%D8%A9-%D8%A7%D9%84%D9%86%D8%B5%D9%88%D8%B5-%D8%A7%D9%84%D9%81%D8%B1%D9%86%D8%B3%D9%8A%D8%A9-%D8%A5%D9%84%D9%89-%D8%A7%D9%84%D8%B9%D8%B1%D8%A8%D9%8A%D8%A9,0.0,0,لم يحسب,0,0,$5.00,ثلاثة أيام,0,1,20.0,.Badis B,https://khamsat.com/user/badis-beroman,True,بائع جديد,5.0,2,100.0%,5,2,14 ساعة
كتابة وترجمة,https://khamsat.com/writing,الفرنسية للعربية والعكس,https://khamsat.com/writing/french-arabic-translation,ترجمة من الفرنسية للعربية,https://khamsat.com/writing/french-arabic-translation/1956158-%D8%AA%D8%B1%D8%AC%D9%85%D8%A9-%D9%85%D9%86-%D8%A7%D9%84%D9%81%D8%B1%D9%86%D8%B3%D9%8A%D8%A9-%D9%84%D9%84%D8%B9%D8%B1%D8%A8%D9%8A%D8%A9,0.0,0,6 دقائق,0,0,$5.00,يوم واحد,0,0,0.0,علي ا.,https://khamsat.com/user/al_azaiza,True,بائع جديد,0.0,2,100.0%,2,2,ساعتين
كتابة وترجمة,https://khamsat.com/writing,الفرنسية للعربية والعكس,https://khamsat.com/writing/french-arabic-translation,ترجمة باللغه الفرنسية والعربية,https://khamsat.com/writing/french-arabic-translation/2809996-%D8%AA%D8%B1%D8%AC%D9%85%D8%A9-%D8%A8%D8%A7%D9%84%D9%84%D8%BA%D9%87-%D8%A7%D9%84%D9%81%D8%B1%D9%86%D8%B3%D9%8A%D8%A9-%D9%88%D8%A7%D9%84%D8%B9%D8%B1%D8%A8%D9%8A%D8%A9,0.0,0,لم يحسب,0,0,$5.00,يوم واحد,0,1,10.0,.Dina M,https://khamsat.com/user/dina_mosad,False,بائع جديد,0.0,0,لم يحسب بعد,1,0,لم يحسب
كتابة وترجمة,https://khamsat.com/writing,الفرنسية للعربية والعكس,https://khamsat.com/writing/french-arabic-translation,ترجمة من الفرنسية للعربية وبالعكس,https://khamsat.com/writing/french-arabic-translation/2796682-%D8%AA%D8%B1%D8%AC%D9%85%D8%A9-%D9%85%D9%86-%D8%A7%D9%84%D9%81%D8%B1%D9%86%D8%B3%D9%8A%D8%A9-%D9%84%D9%84%D8%B9%D8%B1%D8%A8%D9%8A%D8%A9-%D9%88%D8%A8%D8%A7%D9%84%D8%B9%D9%83%D8%B3,0.0,0,لم يحسب,0,0,$5.00,يوم واحد,0,0,0.0,.Salma H,https://khamsat.com/user/salmahoseen,True,بائع جديد,4.5,4,100.0%,3,4,ساعتين
كتابة وترجمة,https://khamsat.com/writing,الفرنسية للعربية والعكس,https://khamsat.com/writing/french-arabic-translation,ترجمة من العربية إلى الفرنسية والعكس,https://khamsat.com/writing/french-arabic-translation/3010781-%D8%AA%D8%B1%D8%AC%D9%85%D8%A9-%D9%85%D9%86-%D8%A7%D9%84%D8%B9%D8%B1%D8%A8%D9%8A%D8%A9-%D8%A5%D9%84%D9%89-%D8%A7%D9%84%D9%81%D8%B1%D9%86%D8%B3%D9%8A%D8%A9-%D9%88%D8%A7%D9%84%D8%B9%D9%83%D8%B3,0.0,0,لم يحسب,0,0,$5.00,يوم واحد,0,1,30.0,ياسر ا.,https://khamsat.com/user/yassiraj,True,بائع جديد,0.0,0,لم يحسب بعد,2,0,لم يحسب
كتابة وترجمة,https://khamsat.com/writing,الفرنسية للعربية والعكس,https://khamsat.com/writing/french-arabic-translation,ترجمة النصوص من الفرنسية الى العربية والعكس,https://khamsat.com/writing/french-arabic-translation/2548347-%D8%AA%D8%B1%D8%AC%D9%85%D8%A9-%D8%A7%D9%84%D9%86%D8%B5%D9%88%D8%B5-%D9%85%D9%86-%D8%A7%D9%84%D9%81%D8%B1%D9%86%D8%B3%D9%8A%D8%A9-%D8%A7%D9%84%D9%89-%D8%A7%D9%84%D8%B9%D8%B1%D8%A8%D9%8A%D8%A9-%D9%88%D8%A7%D9%84%D8%B9%D9%83%D8%B3,0.0,0,لم يحسب,0,0,$5.00,يومين,0,2,10.0,زياد خ.,https://khamsat.com/user/%D8%B2%D9%8A%D8%A7%D8%AF-%D8%AE%D8%A7%D9%84%D8%AF-%D8%A7%D8%AD%D9%85%D8%AF,True,بائع مميز,5.0,19,91.55%,6,27,يوم
كتابة وترجمة,https://khamsat.com/writing,الفرنسية للعربية والعكس,https://khamsat.com/writing/french-arabic-translation,سأترجم 500 كلمة مقابل 5$ من الفرنسية إلى العربية أو العكس,https://khamsat.com/writing/french-arabic-translation/1713680-%D8%B3%D8%A3%D8%AA%D8%B1%D8%AC%D9%85-500-%D9%83%D9%84%D9%85%D8%A9-%D9%85%D9%82%D8%A7%D8%A8%D9%84-5-%D9%85%D9%86-%D8%A7%D9%84%D9%81%D8%B1%D9%86%D8%B3%D9%8A%D8%A9-%D8%A5%D9%84%D9%89-%D8%A7%D9%84%D8%B9%D8%B1%D8%A8%D9%8A%D8%A9-%D8%A3%D9%88-%D8%A7%D9%84%D8%B9%D9%83%D8%B3,5.0,1,4 ساعات,2,0,$5.00,يوم واحد,1,0,0.0,سعيد ب.,https://khamsat.com/user/saidbane,True,بائع جديد,5.0,2,80.0%,4,3,ساعتين
كتابة وترجمة,https://khamsat.com/writing,الفرنسية للعربية والعكس,https://khamsat.com/writing/french-arabic-translation,اقدم خدمة ترجمة من اللغة الفرنسية الى العربية والعكس,https://khamsat.com/writing/french-arabic-translation/2987653-%D8%A7%D9%82%D8%AF%D9%85-%D8%AE%D8%AF%D9%85%D8%A9-%D8%AA%D8%B1%D8%AC%D9%85%D8%A9-%D9%85%D9%86-%D8%A7%D9%84%D9%84%D8%BA%D8%A9-%D8%A7%D9%84%D9%81%D8%B1%D9%86%D8%B3%D9%8A%D8%A9-%D8%A7%D9%84%D9%89-%D8%A7%D9%84%D8%B9%D8%B1%D8%A8%D9%8A%D8%A9-%D9%88%D8%A7%D9%84%D8%B9%D9%83%D8%B3,0.0,0,لم يحسب,0,0,$5.00,يومين,0,0,0.0,نادية ا.,https://khamsat.com/user/nadia99service,True,بائع جديد,0.0,0,لم يحسب بعد,1,0,لم يحسب
كتابة وترجمة,https://khamsat.com/writing,الفرنسية للعربية والعكس,https://khamsat.com/writing/french-arabic-translation,ترجمة طبية من الفرنسية إلى العربية,https://khamsat.com/writing/french-arabic-translation/2171663-%D8%AA%D8%B1%D8%AC%D9%85%D8%A9-%D8%B7%D8%A8%D9%8A%D8%A9-%D9%85%D9%86-%D8%A7%D9%84%D9%81%D8%B1%D9%86%D8%B3%D9%8A%D8%A9-%D8%A5%D9%84%D9%89-%D8%A7%D9%84%D8%B9%D8%B1%D8%A8%D9%8A%D8%A9,0.0,0,لم يحسب,0,0,$5.00,يوم واحد,0,1,5.0,.Amel R,https://khamsat.com/user/amelrbh,True,بائع جديد,0.0,0,لم يحسب بعد,1,0,لم يحسب
كتابة وترجمة,https://khamsat.com/writing,التركية للعربية والعكس,https://khamsat.com/writing/turkish-arabic-translation,ترجمة نصوص ومتون من اللغة العربية إلى التركية باحتراف,https://khamsat.com/writing/turkish-arabic-translation/1681873-%D8%AA%D8%B1%D8%AC%D9%85%D8%A9-%D9%86%D8%B5%D9%88%D8%B5-%D9%88%D9%85%D8%AA%D9%88%D9%86-%D9%85%D9%86-%D8%A7%D9%84%D9%84%D8%BA%D8%A9-%D8%A7%D9%84%D8%B9%D8%B1%D8%A8%D9%8A%D8%A9-%D8%A5%D9%84%D9%89-%D8%A7%D9%84%D8%AA%D8%B1%D9%83%D9%8A%D8%A9-%D8%A8%D8%A7%D8%AD%D8%AA%D8%B1%D8%A7%D9%81,5.0,12,يوم,20,0,$15.00,يومين,12,0,0.0,محمد سارية ع.,https://khamsat.com/user/timi,True,بائع مميز,5.0,32,98.88%,5,50,7 ساعات
كتابة وترجمة,https://khamsat.com/writing,التركية للعربية والعكس,https://khamsat.com/writing/turkish-arabic-translation,ترجمة من اللغة التركية إلى العربية وبالعكس,https://khamsat.com/writing/turkish-arabic-translation/2468911-%D8%AA%D8%B1%D8%AC%D9%85%D8%A9-%D9%85%D9%86-%D8%A7%D9%84%D9%84%D8%BA%D8%A9-%D8%A7%D9%84%D8%AA%D8%B1%D9%83%D9%8A%D8%A9-%D8%A5%D9%84%D9%89-%D8%A7%D9%84%D8%B9%D8%B1%D8%A8%D9%8A%D8%A9-%D9%88%D8%A8%D8%A7%D9%84%D8%B9%D9%83%D8%B3,5.0,2,51 دقيقة,2,0,$5.00,يوم واحد,2,5,185.0,.Shahd A,https://khamsat.com/user/shahd9ab,True,بائع نشيط,4.5,8,87.5%,3,11,52 دقيقة
كتابة وترجمة,https://khamsat.com/writing,التركية للعربية والعكس,https://khamsat.com/writing/turkish-arabic-translation,ترجمة من اللغة التركية إلى العربية و العكس باحتراف,https://khamsat.com/writing/turkish-arabic-translation/1584631-%D8%AA%D8%B1%D8%AC%D9%85%D8%A9-%D9%85%D9%86-%D8%A7%D9%84%D9%84%D8%BA%D8%A9-%D8%A7%D9%84%D8%AA%D8%B1%D9%83%D9%8A%D8%A9-%D8%A5%D9%84%D9%89-%D8%A7%D9%84%D8%B9%D8%B1%D8%A8%D9%8A%D8%A9-%D9%88-%D8%A7%D9%84%D8%B9%D9%83%D8%B3-%D8%A8%D8%A7%D8%AD%D8%AA%D8%B1%D8%A7%D9%81,5.0,4,يوم,5,0,$5.00,يومين,4,2,60.0,غنى ا.,https://khamsat.com/user/rami_bilal,True,بائع نشيط,5.0,13,86.11%,6,17,12 ساعة
كتابة وترجمة,https://khamsat.com/writing,التركية للعربية والعكس,https://khamsat.com/writing/turkish-arabic-translation,ترجمة ما بين اللغة العربية والتركية في كلا الاتجاهين,https://khamsat.com/writing/turkish-arabic-translation/2292532-%D8%AA%D8%B1%D8%AC%D9%85%D8%A9-%D9%85%D8%A7-%D8%A8%D9%8A%D9%86-%D8%A7%D9%84%D9%84%D8%BA%D8%A9-%D8%A7%D9%84%D8%B9%D8%B1%D8%A8%D9%8A%D8%A9-%D9%88%D8%A7%D9%84%D8%AA%D8%B1%D9%83%D9%8A%D8%A9-%D9%81%D9%8A-%D9%83%D9%84%D8%A7-%D8%A7%D9%84%D8%A7%D8%AA%D8%AC%D8%A7%D9%87%D9%8A%D9%86,5.0,2,16 دقيقة,3,0,$5.00,يوم واحد,2,3,30.0,.Nasrullah K,https://khamsat.com/user/nasrullah_kanan347,True,بائع جديد,5.0,2,100.0%,4,3,12 ساعة
كتابة وترجمة,https://khamsat.com/writing,التركية للعربية والعكس,https://khamsat.com/writing/turkish-arabic-translation,ترجمة من اللغة التركية الى العربية او بالعكس,https://khamsat.com/writing/turkish-arabic-translation/1483035-%D8%AA%D8%B1%D8%AC%D9%85%D8%A9-%D9%85%D9%86-%D8%A7%D9%84%D9%84%D8%BA%D8%A9-%D8%A7%D9%84%D8%AA%D8%B1%D9%83%D9%8A%D8%A9-%D8%A7%D9%84%D9%89-%D8%A7%D9%84%D8%B9%D8%B1%D8%A8%D9%8A%D8%A9-%D8%A7%D9%88-%D8%A8%D8%A7%D9%84%D8%B9%D9%83%D8%B3,5.0,10,دقيقتين,12,0,$10.00,يومين,10,1,10.0,.Ehsan A,https://khamsat.com/user/ehsan1,True,بائع مميز,5.0,24,100.0%,3,27,ساعتين
كتابة وترجمة,https://khamsat.com/writing,التركية للعربية والعكس,https://khamsat.com/writing/turkish-arabic-translation,ترجمة من التركية إلى العربية والعكس,https://khamsat.com/writing/turkish-arabic-translation/2405606-%D8%AA%D8%B1%D8%AC%D9%85%D8%A9-%D9%85%D9%86-%D8%A7%D9%84%D8%AA%D8%B1%D9%83%D9%8A%D8%A9-%D8%A5%D9%84%D9%89-%D8%A7%D9%84%D8%B9%D8%B1%D8%A8%D9%8A%D8%A9-%D9%88%D8%A7%D9%84%D8%B9%D9%83%D8%B3,5.0,3,3 ساعات,4,0,$5.00,يوم واحد,3,1,25.0,.Hussien A,https://khamsat.com/user/hussienabujasser,True,بائع جديد,5.0,3,100.0%,2,4,3 ساعات
كتابة وترجمة,https://khamsat.com/writing,التركية للعربية والعكس,https://khamsat.com/writing/turkish-arabic-translation,ترجمة من اللغة العثمانية الى اللغة العربية,https://khamsat.com/writing/turkish-arabic-translation/2816134-%D8%AA%D8%B1%D8%AC%D9%85%D8%A9-%D9%85%D9%86-%D8%A7%D9%84%D9%84%D8%BA%D8%A9-%D8%A7%D9%84%D8%B9%D8%AB%D9%85%D8%A7%D9%86%D9%8A%D8%A9-%D8%A7%D9%84%D9%89-%D8%A7%D9%84%D9%84%D8%BA%D8%A9-%D8%A7%D9%84%D8%B9%D8%B1%D8%A8%D9%8A%D8%A9,0.0,0,لم يحسب,0,0,$10.00,يومين,0,0,0.0,.Baha Eldeen R,https://khamsat.com/user/rj_baha,True,بائع جديد,0.0,0,لم يحسب بعد,2,0,لم يحسب
كتابة وترجمة,https://khamsat.com/writing,التركية للعربية والعكس,https://khamsat.com/writing/turkish-arabic-translation,ترجمة نصوص اللغة تركية الي لغة عربية و العكس,https://khamsat.com/writing/turkish-arabic-translation/2988911-%D8%AA%D8%B1%D8%AC%D9%85%D8%A9-%D9%86%D8%B5%D9%88%D8%B5-%D8%A7%D9%84%D9%84%D8%BA%D8%A9-%D8%AA%D8%B1%D9%83%D9%8A%D8%A9-%D8%A7%D9%84%D9%8A-%D9%84%D8%BA%D8%A9-%D8%B9%D8%B1%D8%A8%D9%8A%D8%A9-%D9%88-%D8%A7%D9%84%D8%B9%D9%83%D8%B3,0.0,0,لم يحسب,0,0,$5.00,يوم واحد,0,0,0.0,لؤي أ.,https://khamsat.com/user/loay_ahmed_220,False,بائع جديد,0.0,0,لم يحسب بعد,1,0,لم يحسب
كتابة وترجمة,https://khamsat.com/writing,التركية للعربية والعكس,https://khamsat.com/writing/turkish-arabic-translation,ترجمة النصوص من العربية الى التركية والعكس,https://khamsat.com/writing/turkish-arabic-translation/3016799-%D8%AA%D8%B1%D8%AC%D9%85%D8%A9-%D8%A7%D9%84%D9%86%D8%B5%D9%88%D8%B5-%D9%85%D9%86-%D8%A7%D9%84%D8%B9%D8%B1%D8%A8%D9%8A%D8%A9-%D8%A7%D9%84%D9%89-%D8%A7%D9%84%D8%AA%D8%B1%D9%83%D9%8A%D8%A9-%D9%88%D8%A7%D9%84%D8%B9%D9%83%D8%B3,0.0,0,لم يحسب,0,0,$5.00,يوم واحد,0,0,0.0,سمير ع.,https://khamsat.com/user/samirsamir2023,True,بائع جديد,4.5,1,100.0%,5,1,3 ساعات
كتابة وترجمة,https://khamsat.com/writing,التركية للعربية والعكس,https://khamsat.com/writing/turkish-arabic-translation,ترجمة إحترافية من اللغة التركية إلى اللغة العربية والعكس.,https://khamsat.com/writing/turkish-arabic-translation/2952457-%D8%AA%D8%B1%D8%AC%D9%85%D8%A9-%D8%A5%D8%AD%D8%AA%D8%B1%D8%A7%D9%81%D9%8A%D8%A9-%D9%85%D9%86-%D8%A7%D9%84%D9%84%D8%BA%D8%A9-%D8%A7%D9%84%D8%AA%D8%B1%D9%83%D9%8A%D8%A9-%D8%A5%D9%84%D9%89-%D8%A7%D9%84%D9%84%D8%BA%D8%A9-%D8%A7%D9%84%D8%B9%D8%B1%D8%A8%D9%8A%D8%A9-%D9%88%D8%A7%D9%84%D8%B9%D9%83%D8%B3,0.0,0,لم يحسب,0,0,$5.00,يومين,0,0,0.0,.Rawan T,https://khamsat.com/user/rawan_tantawi,False,بائع جديد,0.0,0,لم يحسب بعد,2,0,لم يحسب
كتابة وترجمة,https://khamsat.com/writing,التركية للعربية والعكس,https://khamsat.com/writing/turkish-arabic-translation,خدمات الترجمة الاحترافية من التركية إلى العربية,https://khamsat.com/writing/turkish-arabic-translation/3032393-%D8%AE%D8%AF%D9%85%D8%A7%D8%AA-%D8%A7%D9%84%D8%AA%D8%B1%D8%AC%D9%85%D8%A9-%D8%A7%D9%84%D8%A7%D8%AD%D8%AA%D8%B1%D8%A7%D9%81%D9%8A%D8%A9-%D9%85%D9%86-%D8%A7%D9%84%D8%AA%D8%B1%D9%83%D9%8A%D8%A9-%D8%A5%D9%84%D9%89-%D8%A7%D9%84%D8%B9%D8%B1%D8%A8%D9%8A%D8%A9,0.0,0,لم يحسب,0,0,$10.00,يوم واحد,0,0,0.0,.Muhammet Z,https://khamsat.com/user/muhammedzeynel,False,بائع جديد,0.0,0,لم يحسب بعد,1,0,لم يحسب
كتابة وترجمة,https://khamsat.com/writing,التركية للعربية والعكس,https://khamsat.com/writing/turkish-arabic-translation,ترجمة احترافية من اللغة التركية إلى اللغة العربية والعكس,https://khamsat.com/writing/turkish-arabic-translation/2471196-%D8%AA%D8%B1%D8%AC%D9%85%D8%A9-%D8%A7%D8%AD%D8%AA%D8%B1%D8%A7%D9%81%D9%8A%D8%A9-%D9%85%D9%86-%D8%A7%D9%84%D9%84%D8%BA%D8%A9-%D8%A7%D9%84%D8%AA%D8%B1%D9%83%D9%8A%D8%A9-%D8%A5%D9%84%D9%89-%D8%A7%D9%84%D9%84%D8%BA%D8%A9-%D8%A7%D9%84%D8%B9%D8%B1%D8%A8%D9%8A%D8%A9-%D9%88%D8%A7%D9%84%D8%B9%D9%83%D8%B3,0.0,0,لم يحسب,0,0,$5.00,يوم واحد,0,3,30.0,.Rawan N,https://khamsat.com/user/rawanhelmy,True,بائع جديد,4.0,4,72.73%,5,3,5 ساعات
كتابة وترجمة,https://khamsat.com/writing,التركية للعربية والعكس,https://khamsat.com/writing/turkish-arabic-translation,ترجمة احترافية من التركية إلى العربية والعكس,https://khamsat.com/writing/turkish-arabic-translation/3013060-%D8%AA%D8%B1%D8%AC%D9%85%D8%A9-%D8%A7%D8%AD%D8%AA%D8%B1%D8%A7%D9%81%D9%8A%D8%A9-%D9%85%D9%86-%D8%A7%D9%84%D8%AA%D8%B1%D9%83%D9%8A%D8%A9-%D8%A5%D9%84%D9%89-%D8%A7%D9%84%D8%B9%D8%B1%D8%A8%D9%8A%D8%A9-%D9%88%D8%A7%D9%84%D8%B9%D9%83%D8%B3,0.0,0,لم يحسب,0,0,$5.00,يوم واحد,0,0,0.0,محمود ن.,https://khamsat.com/user/ma7mo_udnoso7y,True,بائع جديد,0.0,0,لم يحسب بعد,1,0,لم يحسب
كتابة وترجمة,https://khamsat.com/writing,التركية للعربية والعكس,https://khamsat.com/writing/turkish-arabic-translation,ترجمة مقالات أو نصوص من العربية إلى التركية باحتراف و إتقان,https://khamsat.com/writing/turkish-arabic-translation/2842225-%D8%AA%D8%B1%D8%AC%D9%85%D8%A9-%D9%85%D9%82%D8%A7%D9%84%D8%A7%D8%AA-%D8%A3%D9%88-%D9%86%D8%B5%D9%88%D8%B5-%D9%85%D9%86-%D8%A7%D9%84%D8%B9%D8%B1%D8%A8%D9%8A%D8%A9-%D8%A5%D9%84%D9%89-%D8%A7%D9%84%D8%AA%D8%B1%D9%83%D9%8A%D8%A9-%D8%A8%D8%A7%D8%AD%D8%AA%D8%B1%D8%A7%D9%81-%D9%88-%D8%A5%D8%AA%D9%82%D8%A7%D9%86,0.0,0,لم يحسب,0,0,$5.00,يوم واحد,0,2,10.0,.Hajar M,https://khamsat.com/user/hajar_marei,True,بائع جديد,0.0,0,لم يحسب بعد,1,0,لم يحسب
كتابة وترجمة,https://khamsat.com/writing,التركية للعربية والعكس,https://khamsat.com/writing/turkish-arabic-translation,الترجمة النصية تركي - عربي,https://khamsat.com/writing/turkish-arabic-translation/2009208-%D8%A7%D9%84%D8%AA%D8%B1%D8%AC%D9%85%D8%A9-%D8%A7%D9%84%D9%86%D8%B5%D9%8A%D8%A9-%D8%AA%D8%B1%D9%83%D9%8A-%D8%B9%D8%B1%D8%A8%D9%8A,0.0,0,50 دقيقة,0,0,$5.00,يومين,0,5,140.0,.Omar S,https://khamsat.com/user/omar_9aleh,True,بائع جديد,5.0,1,100.0%,5,1,10 ساعات
كتابة وترجمة,https://khamsat.com/writing,التركية للعربية والعكس,https://khamsat.com/writing/turkish-arabic-translation,ترجمة احترافية من اللغة التركية إلى اللغة العربية والعكس,https://khamsat.com/writing/turkish-arabic-translation/2441463-%D8%AA%D8%B1%D8%AC%D9%85%D8%A9-%D8%A7%D8%AD%D8%AA%D8%B1%D8%A7%D9%81%D9%8A%D8%A9-%D9%85%D9%86-%D8%A7%D9%84%D9%84%D8%BA%D8%A9-%D8%A7%D9%84%D8%AA%D8%B1%D9%83%D9%8A%D8%A9-%D8%A5%D9%84%D9%89-%D8%A7%D9%84%D9%84%D8%BA%D8%A9-%D8%A7%D9%84%D8%B9%D8%B1%D8%A8%D9%8A%D8%A9-%D9%88%D8%A7%D9%84%D8%B9%D9%83%D8%B3,0.0,0,13 ساعة,0,0,$5.00,يومين,0,5,205.0,إسراء ع.,https://khamsat.com/user/esraaatef01,True,بائع جديد,0.0,0,لم يحسب بعد,2,0,8 ساعات
كتابة وترجمة,https://khamsat.com/writing,التركية للعربية والعكس,https://khamsat.com/writing/turkish-arabic-translation,الترجمة التركية الى العربية و العكس,https://khamsat.com/writing/turkish-arabic-translation/2974541-%D8%A7%D9%84%D8%AA%D8%B1%D8%AC%D9%85%D8%A9-%D8%A7%D9%84%D8%AA%D8%B1%D9%83%D9%8A%D8%A9-%D8%A7%D9%84%D9%89-%D8%A7%D9%84%D8%B9%D8%B1%D8%A8%D9%8A%D8%A9-%D9%88-%D8%A7%D9%84%D8%B9%D9%83%D8%B3,0.0,0,لم يحسب,0,0,$10.00,ثلاثة أيام,0,1,15.0,.Lobna A,https://khamsat.com/user/lobna1amr,False,بائع جديد,0.0,0,لم يحسب بعد,1,0,لم يحسب
كتابة وترجمة,https://khamsat.com/writing,التركية للعربية والعكس,https://khamsat.com/writing/turkish-arabic-translation,الترجمة من اللغة التركية إلي اللغه العربيه والعكس,https://khamsat.com/writing/turkish-arabic-translation/2944012-%D8%A7%D9%84%D8%AA%D8%B1%D8%AC%D9%85%D8%A9-%D9%85%D9%86-%D8%A7%D9%84%D9%84%D8%BA%D8%A9-%D8%A7%D9%84%D8%AA%D8%B1%D9%83%D9%8A%D8%A9-%D8%A5%D9%84%D9%8A-%D8%A7%D9%84%D9%84%D8%BA%D9%87-%D8%A7%D9%84%D8%B9%D8%B1%D8%A8%D9%8A%D9%87-%D9%88%D8%A7%D9%84%D8%B9%D9%83%D8%B3,0.0,0,لم يحسب,0,0,$5.00,يوم واحد,0,5,260.0,.Mostafa A,https://khamsat.com/user/mostafa_amr_127,True,بائع جديد,0.0,0,لم يحسب بعد,1,0,لم يحسب
كتابة وترجمة,https://khamsat.com/writing,التركية للعربية والعكس,https://khamsat.com/writing/turkish-arabic-translation,ترجمة ملفات و مستنادات من اللغة التركية للعربية والعكس,https://khamsat.com/writing/turkish-arabic-translation/3005926-%D8%AA%D8%B1%D8%AC%D9%85%D8%A9-%D9%85%D9%84%D9%81%D8%A7%D8%AA-%D9%88-%D9%85%D8%B3%D8%AA%D9%86%D8%A7%D8%AF%D8%A7%D8%AA-%D9%85%D9%86-%D8%A7%D9%84%D9%84%D8%BA%D8%A9-%D8%A7%D9%84%D8%AA%D8%B1%D9%83%D9%8A%D8%A9-%D9%84%D9%84%D8%B9%D8%B1%D8%A8%D9%8A%D8%A9-%D9%88%D8%A7%D9%84%D8%B9%D9%83%D8%B3,0.0,0,لم يحسب,0,0,$5.00,يوم واحد,0,1,5.0,حسن و.,https://khamsat.com/user/hassanwaleed71,False,بائع جديد,0.0,0,لم يحسب بعد,2,0,لم يحسب
كتابة وترجمة,https://khamsat.com/writing,التركية للعربية والعكس,https://khamsat.com/writing/turkish-arabic-translation,ترجمة من اللغة التركية الي اللغة العربية والانجليزية والعكس,https://khamsat.com/writing/turkish-arabic-translation/2942256-%D8%AA%D8%B1%D8%AC%D9%85%D8%A9-%D9%85%D9%86-%D8%A7%D9%84%D9%84%D8%BA%D8%A9-%D8%A7%D9%84%D8%AA%D8%B1%D9%83%D9%8A%D8%A9-%D8%A7%D9%84%D9%8A-%D8%A7%D9%84%D9%84%D8%BA%D8%A9-%D8%A7%D9%84%D8%B9%D8%B1%D8%A8%D9%8A%D8%A9-%D9%88%D8%A7%D9%84%D8%A7%D9%86%D8%AC%D9%84%D9%8A%D8%B2%D9%8A%D8%A9-%D9%88%D8%A7%D9%84%D8%B9%D9%83%D8%B3,0.0,0,لم يحسب,0,0,$5.00,يوم واحد,0,1,50.0,.Mohamed S,https://khamsat.com/user/mohamed_samir2,True,بائع جديد,0.0,0,لم يحسب بعد,2,0,لم يحسب
كتابة وترجمة,https://khamsat.com/writing,التركية للعربية والعكس,https://khamsat.com/writing/turkish-arabic-translation,الترجمة من اللغة العربية إلى اللغة التركية والعكس,https://khamsat.com/writing/turkish-arabic-translation/2472073-%D8%A7%D9%84%D8%AA%D8%B1%D8%AC%D9%85%D8%A9-%D9%85%D9%86-%D8%A7%D9%84%D9%84%D8%BA%D8%A9-%D8%A7%D9%84%D8%B9%D8%B1%D8%A8%D9%8A%D8%A9-%D8%A5%D9%84%D9%89-%D8%A7%D9%84%D9%84%D8%BA%D8%A9-%D8%A7%D9%84%D8%AA%D8%B1%D9%83%D9%8A%D8%A9-%D9%88%D8%A7%D9%84%D8%B9%D9%83%D8%B3,0.0,0,لم يحسب,0,0,$5.00,يومين,0,0,0.0,عبدالرحمن ا.,https://khamsat.com/user/abdurrahman_11,False,بائع جديد,0.0,0,لم يحسب بعد,1,0,لم يحسب
كتابة وترجمة,https://khamsat.com/writing,التركية للعربية والعكس,https://khamsat.com/writing/turkish-arabic-translation,ترجمه من التركي للعربي و العكس,https://khamsat.com/writing/turkish-arabic-translation/2910056-%D8%AA%D8%B1%D8%AC%D9%85%D9%87-%D9%85%D9%86-%D8%A7%D9%84%D8%AA%D8%B1%D9%83%D9%8A-%D9%84%D9%84%D8%B9%D8%B1%D8%A8%D9%8A-%D9%88-%D8%A7%D9%84%D8%B9%D9%83%D8%B3,0.0,0,لم يحسب,0,0,$5.00,يوم واحد,0,0,0.0,.Ammar M,https://khamsat.com/user/ammaryr,True,بائع جديد,0.0,0,لم يحسب بعد,2,0,لم يحسب
كتابة وترجمة,https://khamsat.com/writing,التركية للعربية والعكس,https://khamsat.com/writing/turkish-arabic-translation,"""الترجمة بين اللغات العربية و التركية والروسية """,https://khamsat.com/writing/turkish-arabic-translation/2968301-%D8%A7%D9%84%D8%AA%D8%B1%D8%AC%D9%85%D8%A9-%D8%A8%D9%8A%D9%86-%D8%A7%D9%84%D9%84%D8%BA%D8%A7%D8%AA-%D8%A7%D9%84%D8%B9%D8%B1%D8%A8%D9%8A%D8%A9-%D9%88-%D8%A7%D9%84%D8%AA%D8%B1%D9%83%D9%8A%D8%A9-%D9%88%D8%A7%D9%84%D8%B1%D9%88%D8%B3%D9%8A%D8%A9,0.0,0,لم يحسب,0,0,$5.00,يوم واحد,0,4,50.0,.Murat K,https://khamsat.com/user/murat722,False,بائع جديد,0.0,0,لم يحسب بعد,1,0,لم يحسب
كتابة وترجمة,https://khamsat.com/writing,التركية للعربية والعكس,https://khamsat.com/writing/turkish-arabic-translation,ترجمة فيديوهات ونصوص وكتب من التركية الى العربية وبالعكس,https://khamsat.com/writing/turkish-arabic-translation/2935309-%D8%AA%D8%B1%D8%AC%D9%85%D8%A9-%D9%81%D9%8A%D8%AF%D9%8A%D9%88%D9%87%D8%A7%D8%AA-%D9%88%D9%86%D8%B5%D9%88%D8%B5-%D9%88%D9%83%D8%AA%D8%A8-%D9%85%D9%86-%D8%A7%D9%84%D8%AA%D8%B1%D9%83%D9%8A%D8%A9-%D8%A7%D9%84%D9%89-%D8%A7%D9%84%D8%B9%D8%B1%D8%A8%D9%8A%D8%A9-%D9%88%D8%A8%D8%A7%D9%84%D8%B9%D9%83%D8%B3,0.0,0,لم يحسب,0,0,$5.00,يومين,0,3,25.0,.Karam A,https://khamsat.com/user/karamghassan,True,بائع جديد,0.0,0,لم يحسب بعد,2,0,يومين
كتابة وترجمة,https://khamsat.com/writing,التركية للعربية والعكس,https://khamsat.com/writing/turkish-arabic-translation,ترجمة من اللغة التركية الى العربية والعكس,https://khamsat.com/writing/turkish-arabic-translation/2870580-%D8%AA%D8%B1%D8%AC%D9%85%D8%A9-%D9%85%D9%86-%D8%A7%D9%84%D9%84%D8%BA%D8%A9-%D8%A7%D9%84%D8%AA%D8%B1%D9%83%D9%8A%D8%A9-%D8%A7%D9%84%D9%89-%D8%A7%D9%84%D8%B9%D8%B1%D8%A8%D9%8A%D8%A9-%D9%88%D8%A7%D9%84%D8%B9%D9%83%D8%B3,5.0,1,4 أيام,1,0,$5.00,يومين,1,2,30.0,فيصل احسان ر.,https://khamsat.com/user/oz7,True,بائع جديد,5.0,2,100.0%,2,3,يومين
كتابة وترجمة,https://khamsat.com/writing,التركية للعربية والعكس,https://khamsat.com/writing/turkish-arabic-translation,خدمتي ترجمه محترفه من اللغة العربية إلى التركيه والعكس,https://khamsat.com/writing/turkish-arabic-translation/2899760-%D8%AE%D8%AF%D9%85%D8%AA%D9%8A-%D8%AA%D8%B1%D8%AC%D9%85%D9%87-%D9%85%D8%AD%D8%AA%D8%B1%D9%81%D9%87-%D9%85%D9%86-%D8%A7%D9%84%D9%84%D8%BA%D8%A9-%D8%A7%D9%84%D8%B9%D8%B1%D8%A8%D9%8A%D8%A9-%D8%A5%D9%84%D9%89-%D8%A7%D9%84%D8%AA%D8%B1%D9%83%D9%8A%D9%87-%D9%88%D8%A7%D9%84%D8%B9%D9%83%D8%B3,0.0,0,لم يحسب,0,0,$5.00,يوم واحد,0,3,30.0,.Fatma Alzahraa K,https://khamsat.com/user/fatmaa_kh,True,بائع جديد,0.0,0,لم يحسب بعد,1,0,لم يحسب
كتابة وترجمة,https://khamsat.com/writing,التركية للعربية والعكس,https://khamsat.com/writing/turkish-arabic-translation,ترجمة نصوص من التركية إلى العربية والعكس,https://khamsat.com/writing/turkish-arabic-translation/3009843-%D8%AA%D8%B1%D8%AC%D9%85%D8%A9-%D9%86%D8%B5%D9%88%D8%B5-%D9%85%D9%86-%D8%A7%D9%84%D8%AA%D8%B1%D9%83%D9%8A%D8%A9-%D8%A5%D9%84%D9%89-%D8%A7%D9%84%D8%B9%D8%B1%D8%A8%D9%8A%D8%A9-%D9%88%D8%A7%D9%84%D8%B9%D9%83%D8%B3,0.0,0,لم يحسب,0,0,$5.00,يومين,0,3,30.0,عسل ا.,https://khamsat.com/user/asel_arkan,False,بائع جديد,0.0,0,لم يحسب بعد,1,0,لم يحسب
كتابة وترجمة,https://khamsat.com/writing,التركية للعربية والعكس,https://khamsat.com/writing/turkish-arabic-translation,الترجمة من اللغة التركية إلى العربية والعكس,https://khamsat.com/writing/turkish-arabic-translation/2928834-%D8%A7%D9%84%D8%AA%D8%B1%D8%AC%D9%85%D8%A9-%D9%85%D9%86-%D8%A7%D9%84%D9%84%D8%BA%D8%A9-%D8%A7%D9%84%D8%AA%D8%B1%D9%83%D9%8A%D8%A9-%D8%A5%D9%84%D9%89-%D8%A7%D9%84%D8%B9%D8%B1%D8%A8%D9%8A%D8%A9-%D9%88%D8%A7%D9%84%D8%B9%D9%83%D8%B3,0.0,0,لم يحسب,0,0,$5.00,يوم واحد,0,0,0.0,أحمد ا.,https://khamsat.com/user/ahmed_elshikhy6543,True,بائع جديد,0.0,0,لم يحسب بعد,1,0,لم يحسب
كتابة وترجمة,https://khamsat.com/writing,التركية للعربية والعكس,https://khamsat.com/writing/turkish-arabic-translation,ترجمة اكاديمية ، طبية ، علمية من اللغة التركية الى العربية,https://khamsat.com/writing/turkish-arabic-translation/2954740-%D8%AA%D8%B1%D8%AC%D9%85%D8%A9-%D8%A7%D9%83%D8%A7%D8%AF%D9%8A%D9%85%D9%8A%D8%A9-%D8%B7%D8%A8%D9%8A%D8%A9-%D8%B9%D9%84%D9%85%D9%8A%D8%A9-%D9%85%D9%86-%D8%A7%D9%84%D9%84%D8%BA%D8%A9-%D8%A7%D9%84%D8%AA%D8%B1%D9%83%D9%8A%D8%A9-%D8%A7%D9%84%D9%89-%D8%A7%D9%84%D8%B9%D8%B1%D8%A8%D9%8A%D8%A9,0.0,0,لم يحسب,0,0,$5.00,يوم واحد,0,2,15.0,جـنات ع.,https://khamsat.com/user/janota,True,بائع جديد,0.0,0,لم يحسب بعد,1,0,لم يحسب
كتابة وترجمة,https://khamsat.com/writing,التركية للعربية والعكس,https://khamsat.com/writing/turkish-arabic-translation,ترجمة اللغة التركية والعربية,https://khamsat.com/writing/turkish-arabic-translation/2941754-%D8%AA%D8%B1%D8%AC%D9%85%D8%A9-%D8%A7%D9%84%D9%84%D8%BA%D8%A9-%D8%A7%D9%84%D8%AA%D8%B1%D9%83%D9%8A%D8%A9-%D9%88%D8%A7%D9%84%D8%B9%D8%B1%D8%A8%D9%8A%D8%A9,0.0,0,لم يحسب,0,0,$5.00,يوم واحد,0,0,0.0,ر اما ر.,https://khamsat.com/user/r89_r98,False,بائع جديد,0.0,0,لم يحسب بعد,1,0,لم يحسب
كتابة وترجمة,https://khamsat.com/writing,الألمانية للعربية والعكس,https://khamsat.com/writing/german-arabic-translation,ترجمة احترافية من اللغة العربية الى الالمانية والعكس,https://khamsat.com/writing/german-arabic-translation/751927-%D8%AA%D8%B1%D8%AC%D9%85%D8%A9-%D8%A7%D8%AD%D8%AA%D8%B1%D8%A7%D9%81%D9%8A%D8%A9-%D9%85%D9%86-%D8%A7%D9%84%D9%84%D8%BA%D8%A9-%D8%A7%D9%84%D8%B9%D8%B1%D8%A8%D9%8A%D8%A9-%D8%A7%D9%84%D9%89-%D8%A7%D9%84%D8%A7%D9%84%D9%85%D8%A7%D9%86%D9%8A%D8%A9-%D9%88%D8%A7%D9%84%D8%B9%D9%83%D8%B3,5.0,51,3 ساعات,69,0,$5.00,يوم واحد,25,0,0.0,ندى ط.,https://khamsat.com/user/%D9%86%D8%AF%D9%89-%D8%B7%D8%A7%D8%B1%D9%82,True,بائع مميز,5.0,74,98.67%,5,94,3 أيام
كتابة وترجمة,https://khamsat.com/writing,الألمانية للعربية والعكس,https://khamsat.com/writing/german-arabic-translation,ترجمة من الألمانية إلى العربية,https://khamsat.com/writing/german-arabic-translation/2796592-%D8%AA%D8%B1%D8%AC%D9%85%D8%A9-%D9%85%D9%86-%D8%A7%D9%84%D8%A3%D9%84%D9%85%D8%A7%D9%86%D9%8A%D8%A9-%D8%A5%D9%84%D9%89-%D8%A7%D9%84%D8%B9%D8%B1%D8%A8%D9%8A%D8%A9,5.0,1,يوم,1,0,$5.00,يوم واحد,1,1,45.0,.Batool A,https://khamsat.com/user/batoolalbarri7,True,بائع جديد,5.0,3,100.0%,4,3,14 ساعة
كتابة وترجمة,https://khamsat.com/writing,الألمانية للعربية والعكس,https://khamsat.com/writing/german-arabic-translation,متحصص ترجمة من الالمانية الى العربية والعكس,https://khamsat.com/writing/german-arabic-translation/73985-%D9%85%D8%AA%D8%AD%D8%B5%D8%B5-%D8%AA%D8%B1%D8%AC%D9%85%D8%A9-%D9%85%D9%86-%D8%A7%D9%84%D8%A7%D9%84%D9%85%D8%A7%D9%86%D9%8A%D8%A9-%D8%A7%D9%84%D9%89-%D8%A7%D9%84%D8%B9%D8%B1%D8%A8%D9%8A%D8%A9-%D9%88%D8%A7%D9%84%D8%B9%D9%83%D8%B3,4.0,4,4 أيام,5,0,$5.00,يومين,4,5,60.0,.Amr F,https://khamsat.com/user/amrtito91,True,بائع نشيط,4.0,11,47.56%,1,11,21 ساعة
كتابة وترجمة,https://khamsat.com/writing,الألمانية للعربية والعكس,https://khamsat.com/writing/german-arabic-translation,اقوم بترجمه اللغه الالمانية الى اللغه العربية والعكس,https://khamsat.com/writing/german-arabic-translation/2110545-%D8%A7%D9%82%D9%88%D9%85-%D8%A8%D8%AA%D8%B1%D8%AC%D9%85%D9%87-%D8%A7%D9%84%D9%84%D8%BA%D9%87-%D8%A7%D9%84%D8%A7%D9%84%D9%85%D8%A7%D9%86%D9%8A%D8%A9-%D8%A7%D9%84%D9%89-%D8%A7%D9%84%D9%84%D8%BA%D9%87-%D8%A7%D9%84%D8%B9%D8%B1%D8%A8%D9%8A%D8%A9-%D9%88%D8%A7%D9%84%D8%B9%D9%83%D8%B3,5.0,3,ساعتين,4,0,$5.00,يومين,3,1,10.0,.Abdelrahman S,https://khamsat.com/user/a_s1995,True,بائع نشيط,5.0,9,95.45%,3,9,6 ساعات
كتابة وترجمة,https://khamsat.com/writing,الألمانية للعربية والعكس,https://khamsat.com/writing/german-arabic-translation,ترجمة من والي الانجليزية و الالمانية والعربية,https://khamsat.com/writing/german-arabic-translation/2890436-%D8%AA%D8%B1%D8%AC%D9%85%D8%A9-%D9%85%D9%86-%D9%88%D8%A7%D9%84%D9%8A-%D8%A7%D9%84%D8%A7%D9%86%D8%AC%D9%84%D9%8A%D8%B2%D9%8A%D8%A9-%D9%88-%D8%A7%D9%84%D8%A7%D9%84%D9%85%D8%A7%D9%86%D9%8A%D8%A9-%D9%88%D8%A7%D9%84%D8%B9%D8%B1%D8%A8%D9%8A%D8%A9,0.0,0,12 دقيقة,2,0,$5.00,يوم واحد,0,1,5.0,إبراهيم ا.,https://khamsat.com/user/ibrahim_essaqua,True,بائع جديد,0.0,0,100.0%,5,2,12 دقيقة
كتابة وترجمة,https://khamsat.com/writing,الألمانية للعربية والعكس,https://khamsat.com/writing/german-arabic-translation,الترجمة من الالمانية الى العربية والعكس,https://khamsat.com/writing/german-arabic-translation/3038973-%D8%A7%D9%84%D8%AA%D8%B1%D8%AC%D9%85%D8%A9-%D9%85%D9%86-%D8%A7%D9%84%D8%A7%D9%84%D9%85%D8%A7%D9%86%D9%8A%D8%A9-%D8%A7%D9%84%D9%89-%D8%A7%D9%84%D8%B9%D8%B1%D8%A8%D9%8A%D8%A9-%D9%88%D8%A7%D9%84%D8%B9%D9%83%D8%B3,0.0,0,لم يحسب,0,0,$5.00,يوم واحد,0,5,105.0,بيتر ا.,https://khamsat.com/user/peter20isak,True,بائع جديد,0.0,0,لم يحسب بعد,2,0,لم يحسب
كتابة وترجمة,https://khamsat.com/writing,الألمانية للعربية والعكس,https://khamsat.com/writing/german-arabic-translation,خدمات ترجمة اللغة الألمانية إلي العربية جودة واحترافية,https://khamsat.com/writing/german-arabic-translation/2760736-%D8%AE%D8%AF%D9%85%D8%A7%D8%AA-%D8%AA%D8%B1%D8%AC%D9%85%D8%A9-%D8%A7%D9%84%D9%84%D8%BA%D8%A9-%D8%A7%D9%84%D8%A3%D9%84%D9%85%D8%A7%D9%86%D9%8A%D8%A9-%D8%A5%D9%84%D9%8A-%D8%A7%D9%84%D8%B9%D8%B1%D8%A8%D9%8A%D8%A9-%D8%AC%D9%88%D8%AF%D8%A9-%D9%88%D8%A7%D8%AD%D8%AA%D8%B1%D8%A7%D9%81%D9%8A%D8%A9,0.0,0,لم يحسب,0,0,$5.00,يوم واحد,0,1,5.0,.Mahmoud M,https://khamsat.com/user/maansor,True,بائع جديد,0.0,0,لم يحسب بعد,1,0,لم يحسب
كتابة وترجمة,https://khamsat.com/writing,الألمانية للعربية والعكس,https://khamsat.com/writing/german-arabic-translation,ترجمة معتمدة للغة الألمانية من اللغة العربية والإنجليزية,https://khamsat.com/writing/german-arabic-translation/3026459-%D8%AA%D8%B1%D8%AC%D9%85%D8%A9-%D9%85%D8%B9%D8%AA%D9%85%D8%AF%D8%A9-%D9%84%D9%84%D8%BA%D8%A9-%D8%A7%D9%84%D8%A3%D9%84%D9%85%D8%A7%D9%86%D9%8A%D8%A9-%D9%85%D9%86-%D8%A7%D9%84%D9%84%D8%BA%D8%A9-%D8%A7%D9%84%D8%B9%D8%B1%D8%A8%D9%8A%D8%A9-%D9%88%D8%A7%D9%84%D8%A5%D9%86%D8%AC%D9%84%D9%8A%D8%B2%D9%8A%D8%A9,0.0,0,لم يحسب,0,0,$5.00,يوم واحد,0,1,10.0,.Kirolos G,https://khamsat.com/user/kirolosawadallah,True,بائع جديد,0.0,0,لم يحسب بعد,1,0,لم يحسب
كتابة وترجمة,https://khamsat.com/writing,الألمانية للعربية والعكس,https://khamsat.com/writing/german-arabic-translation,ترجمة مقاطع الفيديو من اللغة العربية الى الألمانية والعكس,https://khamsat.com/writing/german-arabic-translation/3012291-%D8%AA%D8%B1%D8%AC%D9%85%D8%A9-%D9%85%D9%82%D8%A7%D8%B7%D8%B9-%D8%A7%D9%84%D9%81%D9%8A%D8%AF%D9%8A%D9%88-%D9%85%D9%86-%D8%A7%D9%84%D9%84%D8%BA%D8%A9-%D8%A7%D9%84%D8%B9%D8%B1%D8%A8%D9%8A%D8%A9-%D8%A7%D9%84%D9%89-%D8%A7%D9%84%D8%A3%D9%84%D9%85%D8%A7%D9%86%D9%8A%D8%A9-%D9%88%D8%A7%D9%84%D8%B9%D9%83%D8%B3,0.0,0,لم يحسب,0,0,$5.00,يوم واحد,0,0,0.0,.Hicham N,https://khamsat.com/user/tarjamapro,True,بائع جديد,0.0,0,لم يحسب بعد,5,0,لم يحسب
كتابة وترجمة,https://khamsat.com/writing,الألمانية للعربية والعكس,https://khamsat.com/writing/german-arabic-translation,ترجمة من اللغة الألمانية إلى اللغة العربية و بالعكس,https://khamsat.com/writing/german-arabic-translation/2977852-%D8%AA%D8%B1%D8%AC%D9%85%D8%A9-%D9%85%D9%86-%D8%A7%D9%84%D9%84%D8%BA%D8%A9-%D8%A7%D9%84%D8%A3%D9%84%D9%85%D8%A7%D9%86%D9%8A%D8%A9-%D8%A5%D9%84%D9%89-%D8%A7%D9%84%D9%84%D8%BA%D8%A9-%D8%A7%D9%84%D8%B9%D8%B1%D8%A8%D9%8A%D8%A9-%D9%88-%D8%A8%D8%A7%D9%84%D8%B9%D9%83%D8%B3,0.0,0,لم يحسب,0,0,$5.00,يوم واحد,0,2,15.0,.Mmd B,https://khamsat.com/user/rextoc,True,بائع جديد,0.0,0,لم يحسب بعد,1,0,لم يحسب
كتابة وترجمة,https://khamsat.com/writing,الألمانية للعربية والعكس,https://khamsat.com/writing/german-arabic-translation,ترجمة مقالات ونصوص باللغة الألمانية للغة العربية وبالعكس,https://khamsat.com/writing/german-arabic-translation/3047589-%D8%AA%D8%B1%D8%AC%D9%85%D8%A9-%D9%85%D9%82%D8%A7%D9%84%D8%A7%D8%AA-%D9%88%D9%86%D8%B5%D9%88%D8%B5-%D8%A8%D8%A7%D9%84%D9%84%D8%BA%D8%A9-%D8%A7%D9%84%D8%A3%D9%84%D9%85%D8%A7%D9%86%D9%8A%D8%A9-%D9%84%D9%84%D8%BA%D8%A9-%D8%A7%D9%84%D8%B9%D8%B1%D8%A8%D9%8A%D8%A9-%D9%88%D8%A8%D8%A7%D9%84%D8%B9%D9%83%D8%B3,0.0,0,لم يحسب,0,0,$5.00,ثلاثة أيام,0,2,15.0,.Elaf A,https://khamsat.com/user/maya05,True,بائع جديد,0.0,0,لم يحسب بعد,1,0,لم يحسب
كتابة وترجمة,https://khamsat.com/writing,الألمانية للعربية والعكس,https://khamsat.com/writing/german-arabic-translation,ترجمة من الألمانية للعربية والعكس,https://khamsat.com/writing/german-arabic-translation/2969464-%D8%AA%D8%B1%D8%AC%D9%85%D8%A9-%D9%85%D9%86-%D8%A7%D9%84%D8%A3%D9%84%D9%85%D8%A7%D9%86%D9%8A%D8%A9-%D9%84%D9%84%D8%B9%D8%B1%D8%A8%D9%8A%D8%A9-%D9%88%D8%A7%D9%84%D8%B9%D9%83%D8%B3,0.0,0,لم يحسب,0,0,$5.00,يوم واحد,0,3,60.0,إسكندر ا.,https://khamsat.com/user/zouhirly,False,بائع جديد,0.0,0,لم يحسب بعد,2,0,لم يحسب
كتابة وترجمة,https://khamsat.com/writing,الألمانية للعربية والعكس,https://khamsat.com/writing/german-arabic-translation,ترجمة مقالات من العربية الى الألمانية و العكس,https://khamsat.com/writing/german-arabic-translation/3037360-%D8%AA%D8%B1%D8%AC%D9%85%D8%A9-%D9%85%D9%82%D8%A7%D9%84%D8%A7%D8%AA-%D9%85%D9%86-%D8%A7%D9%84%D8%B9%D8%B1%D8%A8%D9%8A%D8%A9-%D8%A7%D9%84%D9%89-%D8%A7%D9%84%D8%A3%D9%84%D9%85%D8%A7%D9%86%D9%8A%D8%A9-%D9%88-%D8%A7%D9%84%D8%B9%D9%83%D8%B3,0.0,0,لم يحسب,0,0,$5.00,يوم واحد,0,5,55.0,محمد أ.,https://khamsat.com/user/mo7amed165,True,بائع جديد,0.0,0,لم يحسب بعد,1,0,لم يحسب
كتابة وترجمة,https://khamsat.com/writing,الألمانية للعربية والعكس,https://khamsat.com/writing/german-arabic-translation,سأقوم بالترجمة من اللغة العربية للألمانية و العكس,https://khamsat.com/writing/german-arabic-translation/1786542-%D8%B3%D8%A3%D9%82%D9%88%D9%85-%D8%A8%D8%A7%D9%84%D8%AA%D8%B1%D8%AC%D9%85%D8%A9-%D9%85%D9%86-%D8%A7%D9%84%D9%84%D8%BA%D8%A9-%D8%A7%D9%84%D8%B9%D8%B1%D8%A8%D9%8A%D8%A9-%D9%84%D9%84%D8%A3%D9%84%D9%85%D8%A7%D9%86%D9%8A%D8%A9-%D9%88-%D8%A7%D9%84%D8%B9%D9%83%D8%B3,0.0,0,21 دقيقة,0,0,$5.00,يوم واحد,0,2,25.0,.Hamed S,https://khamsat.com/user/hamed-shehab-eldin,True,بائع مميز,4.5,39,96.5%,6,52,5 ساعات
كتابة وترجمة,https://khamsat.com/writing,الألمانية للعربية والعكس,https://khamsat.com/writing/german-arabic-translation,خدمات ترجمة احترافية بثلاث لغات:الألمانية،الإنجليزية،العربية,https://khamsat.com/writing/german-arabic-translation/3036266-%D8%AE%D8%AF%D9%85%D8%A7%D8%AA-%D8%AA%D8%B1%D8%AC%D9%85%D8%A9-%D8%A7%D8%AD%D8%AA%D8%B1%D8%A7%D9%81%D9%8A%D8%A9-%D8%A8%D8%AB%D9%84%D8%A7%D8%AB-%D9%84%D8%BA%D8%A7%D8%AA%D8%A7%D9%84%D8%A3%D9%84%D9%85%D8%A7%D9%86%D9%8A%D8%A9%D8%A7%D9%84%D8%A5%D9%86%D8%AC%D9%84%D9%8A%D8%B2%D9%8A%D8%A9%D8%A7%D9%84%D8%B9%D8%B1%D8%A8%D9%8A%D8%A9,0.0,0,لم يحسب,0,0,$5.00,يوم واحد,0,4,70.0,.Naser A,https://khamsat.com/user/naser_95,False,بائع جديد,0.0,0,لم يحسب بعد,1,0,لم يحسب
كتابة وترجمة,https://khamsat.com/writing,الألمانية للعربية والعكس,https://khamsat.com/writing/german-arabic-translation,ترجمه احترافيه من اللغة الألمانية الى العربيه والعكس,https://khamsat.com/writing/german-arabic-translation/2928939-%D8%AA%D8%B1%D8%AC%D9%85%D9%87-%D8%A7%D8%AD%D8%AA%D8%B1%D8%A7%D9%81%D9%8A%D9%87-%D9%85%D9%86-%D8%A7%D9%84%D9%84%D8%BA%D8%A9-%D8%A7%D9%84%D8%A3%D9%84%D9%85%D8%A7%D9%86%D9%8A%D8%A9-%D8%A7%D9%84%D9%89-%D8%A7%D9%84%D8%B9%D8%B1%D8%A8%D9%8A%D9%87-%D9%88%D8%A7%D9%84%D8%B9%D9%83%D8%B3,0.0,0,لم يحسب,0,0,$5.00,يوم واحد,0,5,155.0,.Mohamed H,https://khamsat.com/user/ewan1,True,بائع جديد,0.0,0,0.0%,5,0,9 ساعات
كتابة وترجمة,https://khamsat.com/writing,الألمانية للعربية والعكس,https://khamsat.com/writing/german-arabic-translation,ترجمه النصوص للغه الانجلزيه العربية الألمانية,https://khamsat.com/writing/german-arabic-translation/2756440-%D8%AA%D8%B1%D8%AC%D9%85%D9%87-%D8%A7%D9%84%D9%86%D8%B5%D9%88%D8%B5-%D9%84%D9%84%D8%BA%D9%87-%D8%A7%D9%84%D8%A7%D9%86%D8%AC%D9%84%D8%B2%D9%8A%D9%87-%D8%A7%D9%84%D8%B9%D8%B1%D8%A8%D9%8A%D8%A9-%D8%A7%D9%84%D8%A3%D9%84%D9%85%D8%A7%D9%86%D9%8A%D8%A9,0.0,0,لم يحسب,0,0,$5.00,يوم واحد,0,3,35.0,.Mostafa I,https://khamsat.com/user/mostafa_ibrahem1,False,بائع جديد,0.0,0,لم يحسب بعد,2,0,لم يحسب
كتابة وترجمة,https://khamsat.com/writing,الألمانية للعربية والعكس,https://khamsat.com/writing/german-arabic-translation,ترجمه المقالات والابحاث والكتب العلميه من الالمانيه للعربيه,https://khamsat.com/writing/german-arabic-translation/3036202-%D8%AA%D8%B1%D8%AC%D9%85%D9%87-%D8%A7%D9%84%D9%85%D9%82%D8%A7%D9%84%D8%A7%D8%AA-%D9%88%D8%A7%D9%84%D8%A7%D8%A8%D8%AD%D8%A7%D8%AB-%D9%88%D8%A7%D9%84%D9%83%D8%AA%D8%A8-%D8%A7%D9%84%D8%B9%D9%84%D9%85%D9%8A%D9%87-%D9%85%D9%86-%D8%A7%D9%84%D8%A7%D9%84%D9%85%D8%A7%D9%86%D9%8A%D9%87-%D9%84%D9%84%D8%B9%D8%B1%D8%A8%D9%8A%D9%87,0.0,0,لم يحسب,0,0,$10.00,يوم واحد,0,0,0.0,محمد خ.,https://khamsat.com/user/mohamed_khairy_elgha,False,بائع جديد,0.0,0,لم يحسب بعد,2,0,لم يحسب
كتابة وترجمة,https://khamsat.com/writing,الألمانية للعربية والعكس,https://khamsat.com/writing/german-arabic-translation,القيام بترجمة من الالمانية الى العربية والعكس,https://khamsat.com/writing/german-arabic-translation/3030783-%D8%A7%D9%84%D9%82%D9%8A%D8%A7%D9%85-%D8%A8%D8%AA%D8%B1%D8%AC%D9%85%D8%A9-%D9%85%D9%86-%D8%A7%D9%84%D8%A7%D9%84%D9%85%D8%A7%D9%86%D9%8A%D8%A9-%D8%A7%D9%84%D9%89-%D8%A7%D9%84%D8%B9%D8%B1%D8%A8%D9%8A%D8%A9-%D9%88%D8%A7%D9%84%D8%B9%D9%83%D8%B3,0.0,0,لم يحسب,0,0,$5.00,يوم واحد,0,1,10.0,.Omnia E,https://khamsat.com/user/omniaemad377,True,بائع جديد,0.0,0,لم يحسب بعد,1,0,لم يحسب
كتابة وترجمة,https://khamsat.com/writing,الألمانية للعربية والعكس,https://khamsat.com/writing/german-arabic-translation,أترجم العربية إلى الألمانية و من الألمانية إلى العربية,https://khamsat.com/writing/german-arabic-translation/2732357-%D8%A3%D8%AA%D8%B1%D8%AC%D9%85-%D8%A7%D9%84%D8%B9%D8%B1%D8%A8%D9%8A%D8%A9-%D8%A5%D9%84%D9%89-%D8%A7%D9%84%D8%A3%D9%84%D9%85%D8%A7%D9%86%D9%8A%D8%A9-%D9%88-%D9%85%D9%86-%D8%A7%D9%84%D8%A3%D9%84%D9%85%D8%A7%D9%86%D9%8A%D8%A9-%D8%A5%D9%84%D9%89-%D8%A7%D9%84%D8%B9%D8%B1%D8%A8%D9%8A%D8%A9,0.0,0,لم يحسب,0,0,$5.00,يوم واحد,0,2,80.0,.Mohammad A,https://khamsat.com/user/mohammaddu,True,بائع جديد,0.0,0,لم يحسب بعد,3,0,لم يحسب
كتابة وترجمة,https://khamsat.com/writing,الألمانية للعربية والعكس,https://khamsat.com/writing/german-arabic-translation,ترجمة ألمانية للغة العربيه او العكس,https://khamsat.com/writing/german-arabic-translation/3001791-%D8%AA%D8%B1%D8%AC%D9%85%D8%A9-%D8%A3%D9%84%D9%85%D8%A7%D9%86%D9%8A%D8%A9-%D9%84%D9%84%D8%BA%D8%A9-%D8%A7%D9%84%D8%B9%D8%B1%D8%A8%D9%8A%D9%87-%D8%A7%D9%88-%D8%A7%D9%84%D8%B9%D9%83%D8%B3,0.0,0,لم يحسب,0,0,$5.00,يوم واحد,0,1,10.0,.Karim A,https://khamsat.com/user/karim_ashraf209,True,بائع جديد,0.0,0,لم يحسب بعد,4,0,لم يحسب
كتابة وترجمة,https://khamsat.com/writing,الألمانية للعربية والعكس,https://khamsat.com/writing/german-arabic-translation,ترجمة من اللغة العربية الى الالمانية والعكس,https://khamsat.com/writing/german-arabic-translation/3024618-%D8%AA%D8%B1%D8%AC%D9%85%D8%A9-%D9%85%D9%86-%D8%A7%D9%84%D9%84%D8%BA%D8%A9-%D8%A7%D9%84%D8%B9%D8%B1%D8%A8%D9%8A%D8%A9-%D8%A7%D9%84%D9%89-%D8%A7%D9%84%D8%A7%D9%84%D9%85%D8%A7%D9%86%D9%8A%D8%A9-%D9%88%D8%A7%D9%84%D8%B9%D9%83%D8%B3,0.0,0,لم يحسب,0,0,$5.00,يوم واحد,0,0,0.0,محمد ب.,https://khamsat.com/user/ben_10m,False,بائع جديد,0.0,0,لم يحسب بعد,1,0,لم يحسب
كتابة وترجمة,https://khamsat.com/writing,الألمانية للعربية والعكس,https://khamsat.com/writing/german-arabic-translation,ترجمة من اللغة الألمانية إلى اللغة العربية,https://khamsat.com/writing/german-arabic-translation/2939966-%D8%AA%D8%B1%D8%AC%D9%85%D8%A9-%D9%85%D9%86-%D8%A7%D9%84%D9%84%D8%BA%D8%A9-%D8%A7%D9%84%D8%A3%D9%84%D9%85%D8%A7%D9%86%D9%8A%D8%A9-%D8%A5%D9%84%D9%89-%D8%A7%D9%84%D9%84%D8%BA%D8%A9-%D8%A7%D9%84%D8%B9%D8%B1%D8%A8%D9%8A%D8%A9,0.0,0,لم يحسب,0,0,$5.00,يوم واحد,0,1,50.0,.Mohamed S,https://khamsat.com/user/mohamed_samir2,True,بائع جديد,0.0,0,لم يحسب بعد,2,0,لم يحسب
كتابة وترجمة,https://khamsat.com/writing,الألمانية للعربية والعكس,https://khamsat.com/writing/german-arabic-translation,الترجمة من الألمانية إلى العربية,https://khamsat.com/writing/german-arabic-translation/2377275-%D8%A7%D9%84%D8%AA%D8%B1%D8%AC%D9%85%D8%A9-%D9%85%D9%86-%D8%A7%D9%84%D8%A3%D9%84%D9%85%D8%A7%D9%86%D9%8A%D8%A9-%D8%A5%D9%84%D9%89-%D8%A7%D9%84%D8%B9%D8%B1%D8%A8%D9%8A%D8%A9,0.0,0,ساعة,1,0,$5.00,يوم واحد,0,0,0.0,ريم م.,https://khamsat.com/user/reem_ahmad_99,True,بائع نشيط,4.5,7,100.0%,4,10,57 دقيقة
كتابة وترجمة,https://khamsat.com/writing,الألمانية للعربية والعكس,https://khamsat.com/writing/german-arabic-translation,ترجمة احترافية من اللغة الألمانية إلى اللغة العربية,https://khamsat.com/writing/german-arabic-translation/2508504-%D8%AA%D8%B1%D8%AC%D9%85%D8%A9-%D8%A7%D8%AD%D8%AA%D8%B1%D8%A7%D9%81%D9%8A%D8%A9-%D9%85%D9%86-%D8%A7%D9%84%D9%84%D8%BA%D8%A9-%D8%A7%D9%84%D8%A3%D9%84%D9%85%D8%A7%D9%86%D9%8A%D8%A9-%D8%A5%D9%84%D9%89-%D8%A7%D9%84%D9%84%D8%BA%D8%A9-%D8%A7%D9%84%D8%B9%D8%B1%D8%A8%D9%8A%D8%A9,5.0,2,ساعة,2,0,$5.00,يوم واحد,2,4,165.0,.Ali K,https://khamsat.com/user/alikhozama125,True,بائع مميز,5.0,50,96.03%,5,54,5 ساعات
كتابة وترجمة,https://khamsat.com/writing,الألمانية للعربية والعكس,https://khamsat.com/writing/german-arabic-translation,ترجمة دقيقة ومحترفة للنصوص عربي انجليزي فرنسي اسباني ألماني,https://khamsat.com/writing/german-arabic-translation/2920002-%D8%AA%D8%B1%D8%AC%D9%85%D8%A9-%D8%AF%D9%82%D9%8A%D9%82%D8%A9-%D9%88%D9%85%D8%AD%D8%AA%D8%B1%D9%81%D8%A9-%D9%84%D9%84%D9%86%D8%B5%D9%88%D8%B5-%D8%B9%D8%B1%D8%A8%D9%8A-%D8%A7%D9%86%D8%AC%D9%84%D9%8A%D8%B2%D9%8A-%D9%81%D8%B1%D9%86%D8%B3%D9%8A-%D8%A7%D8%B3%D8%A8%D8%A7%D9%86%D9%8A-%D8%A3%D9%84%D9%85%D8%A7%D9%86%D9%8A,0.0,0,لم يحسب,0,0,$5.00,يوم واحد,0,2,40.0,.Esraa M,https://khamsat.com/user/esraa_mahfouz1,True,بائع جديد,0.0,0,لم يحسب بعد,4,0,لم يحسب
كتابة وترجمة,https://khamsat.com/writing,الألمانية للعربية والعكس,https://khamsat.com/writing/german-arabic-translation,ترجمة من العربية للانكليزية والعكس,https://khamsat.com/writing/german-arabic-translation/2975124-%D8%AA%D8%B1%D8%AC%D9%85%D8%A9-%D9%85%D9%86-%D8%A7%D9%84%D8%B9%D8%B1%D8%A8%D9%8A%D8%A9-%D9%84%D9%84%D8%A7%D9%86%D9%83%D9%84%D9%8A%D8%B2%D9%8A%D8%A9-%D9%88%D8%A7%D9%84%D8%B9%D9%83%D8%B3,0.0,0,لم يحسب,0,0,$5.00,يوم واحد,0,2,15.0,.Amer A,https://khamsat.com/user/amer_alkazem7,False,بائع جديد,0.0,0,لم يحسب بعد,1,0,لم يحسب
كتابة وترجمة,https://khamsat.com/writing,الألمانية للعربية والعكس,https://khamsat.com/writing/german-arabic-translation,ترجمة احترافية من اللغة العربية الى الانجلزية,https://khamsat.com/writing/german-arabic-translation/2953825-%D8%AA%D8%B1%D8%AC%D9%85%D8%A9-%D8%A7%D8%AD%D8%AA%D8%B1%D8%A7%D9%81%D9%8A%D8%A9-%D9%85%D9%86-%D8%A7%D9%84%D9%84%D8%BA%D8%A9-%D8%A7%D9%84%D8%B9%D8%B1%D8%A8%D9%8A%D8%A9-%D8%A7%D9%84%D9%89-%D8%A7%D9%84%D8%A7%D9%86%D8%AC%D9%84%D8%B2%D9%8A%D8%A9,0.0,0,لم يحسب,0,0,$5.00,يوم واحد,0,0,0.0,ياسمين ا.,https://khamsat.com/user/yasmien3012009,False,بائع جديد,0.0,0,لم يحسب بعد,1,0,لم يحسب
كتابة وترجمة,https://khamsat.com/writing,الألمانية للعربية والعكس,https://khamsat.com/writing/german-arabic-translation,الترجمة من الألمانية إلى العربية,https://khamsat.com/writing/german-arabic-translation/2956993-%D8%A7%D9%84%D8%AA%D8%B1%D8%AC%D9%85%D8%A9-%D9%85%D9%86-%D8%A7%D9%84%D8%A3%D9%84%D9%85%D8%A7%D9%86%D9%8A%D8%A9-%D8%A5%D9%84%D9%89-%D8%A7%D9%84%D8%B9%D8%B1%D8%A8%D9%8A%D8%A9,0.0,0,لم يحسب,0,0,$5.00,يوم واحد,0,4,30.0,.Salah Eldin S,https://khamsat.com/user/salah_eldash,True,بائع جديد,0.0,0,لم يحسب بعد,2,0,لم يحسب
كتابة وترجمة,https://khamsat.com/writing,الألمانية للعربية والعكس,https://khamsat.com/writing/german-arabic-translation,ترجمة جميع أنواع النصوص من العربية إلي الألمانية و العكس,https://khamsat.com/writing/german-arabic-translation/2916735-%D8%AA%D8%B1%D8%AC%D9%85%D8%A9-%D8%AC%D9%85%D9%8A%D8%B9-%D8%A3%D9%86%D9%88%D8%A7%D8%B9-%D8%A7%D9%84%D9%86%D8%B5%D9%88%D8%B5-%D9%85%D9%86-%D8%A7%D9%84%D8%B9%D8%B1%D8%A8%D9%8A%D8%A9-%D8%A5%D9%84%D9%8A-%D8%A7%D9%84%D8%A3%D9%84%D9%85%D8%A7%D9%86%D9%8A%D8%A9-%D9%88-%D8%A7%D9%84%D8%B9%D9%83%D8%B3,0.0,0,لم يحسب,0,0,$5.00,يوم واحد,0,5,95.0,.Marina E,https://khamsat.com/user/marinaemad1,False,بائع جديد,0.0,0,لم يحسب بعد,1,0,لم يحسب
كتابة وترجمة,https://khamsat.com/writing,الصينية للعربية والعكس,https://khamsat.com/writing/chinese-arabic-translation,ترجمة من العربية الي الصينية او العكس,https://khamsat.com/writing/chinese-arabic-translation/2829409-%D8%AA%D8%B1%D8%AC%D9%85%D8%A9-%D9%85%D9%86-%D8%A7%D9%84%D8%B9%D8%B1%D8%A8%D9%8A%D8%A9-%D8%A7%D9%84%D9%8A-%D8%A7%D9%84%D8%B5%D9%8A%D9%86%D9%8A%D8%A9-%D8%A7%D9%88-%D8%A7%D9%84%D8%B9%D9%83%D8%B3,5.0,2,12 دقيقة,3,0,$5.00,يوم واحد,2,1,10.0,عبدالسلام ط.,https://khamsat.com/user/abdelsalam00,True,بائع نشيط,5.0,7,100.0%,3,10,20 ساعة
كتابة وترجمة,https://khamsat.com/writing,الصينية للعربية والعكس,https://khamsat.com/writing/chinese-arabic-translation,ترجمة اللغة الصينية إلى اللغة العربية والعكس,https://khamsat.com/writing/chinese-arabic-translation/3033040-%D8%AA%D8%B1%D8%AC%D9%85%D8%A9-%D8%A7%D9%84%D9%84%D8%BA%D8%A9-%D8%A7%D9%84%D8%B5%D9%8A%D9%86%D9%8A%D8%A9-%D8%A5%D9%84%D9%89-%D8%A7%D9%84%D9%84%D8%BA%D8%A9-%D8%A7%D9%84%D8%B9%D8%B1%D8%A8%D9%8A%D8%A9-%D9%88%D8%A7%D9%84%D8%B9%D9%83%D8%B3,5.0,1,ساعة,2,0,$5.00,يوم واحد,1,5,135.0,محمود م.,https://khamsat.com/user/mahmoud_m2009,True,بائع جديد,5.0,1,100.0%,3,2,ساعة
كتابة وترجمة,https://khamsat.com/writing,الصينية للعربية والعكس,https://khamsat.com/writing/chinese-arabic-translation,ترجمة من الصينية إلى العربية والعكس,https://khamsat.com/writing/chinese-arabic-translation/1944649-%D8%AA%D8%B1%D8%AC%D9%85%D8%A9-%D9%85%D9%86-%D8%A7%D9%84%D8%B5%D9%8A%D9%86%D9%8A%D8%A9-%D8%A5%D9%84%D9%89-%D8%A7%D9%84%D8%B9%D8%B1%D8%A8%D9%8A%D8%A9-%D9%88%D8%A7%D9%84%D8%B9%D9%83%D8%B3,5.0,10,ساعة,16,0,$5.00,يوم واحد,10,3,50.0,رنا ر.,https://khamsat.com/user/ranareda12,True,بائع نشيط,5.0,10,95.0%,1,16,ساعة
كتابة وترجمة,https://khamsat.com/writing,الصينية للعربية والعكس,https://khamsat.com/writing/chinese-arabic-translation,سوف أترجم من اللغه الصينيه إلى اللغه العربيه والعكس250 رمزا,https://khamsat.com/writing/chinese-arabic-translation/1200226-%D8%B3%D9%88%D9%81-%D8%A3%D8%AA%D8%B1%D8%AC%D9%85-%D9%85%D9%86-%D8%A7%D9%84%D9%84%D8%BA%D9%87-%D8%A7%D9%84%D8%B5%D9%8A%D9%86%D9%8A%D9%87-%D8%A5%D9%84%D9%89-%D8%A7%D9%84%D9%84%D8%BA%D9%87-%D8%A7%D9%84%D8%B9%D8%B1%D8%A8%D9%8A%D9%87-%D9%88%D8%A7%D9%84%D8%B9%D9%83%D8%B3250-%D8%B1%D9%85%D8%B2%D8%A7,5.0,3,4 ساعات,7,0,$5.00,يوم واحد,3,4,100.0,عيسى ن.,https://khamsat.com/user/essa_nabil94,True,بائع نشيط,5.0,6,94.74%,3,9,ساعتين
كتابة وترجمة,https://khamsat.com/writing,الصينية للعربية والعكس,https://khamsat.com/writing/chinese-arabic-translation,ترجمة من الصينية إلى العربية,https://khamsat.com/writing/chinese-arabic-translation/3050232-%D8%AA%D8%B1%D8%AC%D9%85%D8%A9-%D9%85%D9%86-%D8%A7%D9%84%D8%B5%D9%8A%D9%86%D9%8A%D8%A9-%D8%A5%D9%84%D9%89-%D8%A7%D9%84%D8%B9%D8%B1%D8%A8%D9%8A%D8%A9,0.0,0,لم يحسب,0,0,$5.00,يوم واحد,0,1,5.0,هدى م.,https://khamsat.com/user/huda_001,True,بائع جديد,0.0,0,لم يحسب بعد,1,0,لم يحسب
كتابة وترجمة,https://khamsat.com/writing,الصينية للعربية والعكس,https://khamsat.com/writing/chinese-arabic-translation,ترجمة من العربية الى الصينية والعكس,https://khamsat.com/writing/chinese-arabic-translation/3035759-%D8%AA%D8%B1%D8%AC%D9%85%D8%A9-%D9%85%D9%86-%D8%A7%D9%84%D8%B9%D8%B1%D8%A8%D9%8A%D8%A9-%D8%A7%D9%84%D9%89-%D8%A7%D9%84%D8%B5%D9%8A%D9%86%D9%8A%D8%A9-%D9%88%D8%A7%D9%84%D8%B9%D9%83%D8%B3,0.0,0,لم يحسب,0,0,$5.00,ثلاثة أيام,0,0,0.0,.Moly V,https://khamsat.com/user/vonsy,False,بائع جديد,0.0,0,لم يحسب بعد,1,0,لم يحسب
كتابة وترجمة,https://khamsat.com/writing,الصينية للعربية والعكس,https://khamsat.com/writing/chinese-arabic-translation,الترجمة من الصينية والى العربية والعكس,https://khamsat.com/writing/chinese-arabic-translation/2904048-%D8%A7%D9%84%D8%AA%D8%B1%D8%AC%D9%85%D8%A9-%D9%85%D9%86-%D8%A7%D9%84%D8%B5%D9%8A%D9%86%D9%8A%D8%A9-%D9%88%D8%A7%D9%84%D9%89-%D8%A7%D9%84%D8%B9%D8%B1%D8%A8%D9%8A%D8%A9-%D9%88%D8%A7%D9%84%D8%B9%D9%83%D8%B3,0.0,0,لم يحسب,0,0,$5.00,يومين,0,0,0.0,منة الله محمد رجب م.,https://khamsat.com/user/mooni1507,False,بائع جديد,0.0,0,لم يحسب بعد,3,0,لم يحسب
كتابة وترجمة,https://khamsat.com/writing,الصينية للعربية والعكس,https://khamsat.com/writing/chinese-arabic-translation,ترجمة احترافية من الصينية الى العربية والعكس,https://khamsat.com/writing/chinese-arabic-translation/3018776-%D8%AA%D8%B1%D8%AC%D9%85%D8%A9-%D8%A7%D8%AD%D8%AA%D8%B1%D8%A7%D9%81%D9%8A%D8%A9-%D9%85%D9%86-%D8%A7%D9%84%D8%B5%D9%8A%D9%86%D9%8A%D8%A9-%D8%A7%D9%84%D9%89-%D8%A7%D9%84%D8%B9%D8%B1%D8%A8%D9%8A%D8%A9-%D9%88%D8%A7%D9%84%D8%B9%D9%83%D8%B3,0.0,0,لم يحسب,0,0,$5.00,يومين,0,0,0.0,.Moamen W,https://khamsat.com/user/jfdsnfj_20,False,بائع جديد,0.0,0,لم يحسب بعد,1,0,لم يحسب
كتابة وترجمة,https://khamsat.com/writing,الصينية للعربية والعكس,https://khamsat.com/writing/chinese-arabic-translation,مترجمة للغة الصينية من صيني الي عربي والعكس,https://khamsat.com/writing/chinese-arabic-translation/2259515-%D9%85%D8%AA%D8%B1%D8%AC%D9%85%D8%A9-%D9%84%D9%84%D8%BA%D8%A9-%D8%A7%D9%84%D8%B5%D9%8A%D9%86%D9%8A%D8%A9-%D9%85%D9%86-%D8%B5%D9%8A%D9%86%D9%8A-%D8%A7%D9%84%D9%8A-%D8%B9%D8%B1%D8%A8%D9%8A-%D9%88%D8%A7%D9%84%D8%B9%D9%83%D8%B3,0.0,0,لم يحسب,0,0,$5.00,ثلاثة أيام,0,0,0.0,رؤى هشام م.,https://khamsat.com/user/roaahesham_12,False,بائع جديد,0.0,0,لم يحسب بعد,1,0,لم يحسب
كتابة وترجمة,https://khamsat.com/writing,الصينية للعربية والعكس,https://khamsat.com/writing/chinese-arabic-translation,ترجمه احترافيه من الصينية الى العربيه والعكس,https://khamsat.com/writing/chinese-arabic-translation/2929478-%D8%AA%D8%B1%D8%AC%D9%85%D9%87-%D8%A7%D8%AD%D8%AA%D8%B1%D8%A7%D9%81%D9%8A%D9%87-%D9%85%D9%86-%D8%A7%D9%84%D8%B5%D9%8A%D9%86%D9%8A%D8%A9-%D8%A7%D9%84%D9%89-%D8%A7%D9%84%D8%B9%D8%B1%D8%A8%D9%8A%D9%87-%D9%88%D8%A7%D9%84%D8%B9%D9%83%D8%B3,0.0,0,لم يحسب,0,0,$5.00,يوم واحد,0,5,145.0,.Mohamed H,https://khamsat.com/user/ewan1,True,بائع جديد,0.0,0,0.0%,5,0,9 ساعات
كتابة وترجمة,https://khamsat.com/writing,الصينية للعربية والعكس,https://khamsat.com/writing/chinese-arabic-translation,ترجمة من اللغة الصينية الي العربية,https://khamsat.com/writing/chinese-arabic-translation/280590-%D8%AA%D8%B1%D8%AC%D9%85%D8%A9-%D9%85%D9%86-%D8%A7%D9%84%D9%84%D8%BA%D8%A9-%D8%A7%D9%84%D8%B5%D9%8A%D9%86%D9%8A%D8%A9-%D8%A7%D9%84%D9%8A-%D8%A7%D9%84%D8%B9%D8%B1%D8%A8%D9%8A%D8%A9,0.0,0,يومين,0,0,$5.00,يوم واحد,0,0,0.0,.Mostafa M,https://khamsat.com/user/mostafa-momena,True,مشتري مميز,5.0,1,33.33%,2,2,يوم
كتابة وترجمة,https://khamsat.com/writing,الصينية للعربية والعكس,https://khamsat.com/writing/chinese-arabic-translation,ترجمة من اللغة الصينية إلى العربية والعكس,https://khamsat.com/writing/chinese-arabic-translation/2564520-%D8%AA%D8%B1%D8%AC%D9%85%D8%A9-%D9%85%D9%86-%D8%A7%D9%84%D9%84%D8%BA%D8%A9-%D8%A7%D9%84%D8%B5%D9%8A%D9%86%D9%8A%D8%A9-%D8%A5%D9%84%D9%89-%D8%A7%D9%84%D8%B9%D8%B1%D8%A8%D9%8A%D8%A9-%D9%88%D8%A7%D9%84%D8%B9%D9%83%D8%B3,0.0,0,لم يحسب,0,0,$5.00,يوم واحد,0,1,10.0,.Amr M,https://khamsat.com/user/amrmohsen_122,False,بائع جديد,0.0,0,لم يحسب بعد,1,0,لم يحسب
كتابة وترجمة,https://khamsat.com/writing,الصينية للعربية والعكس,https://khamsat.com/writing/chinese-arabic-translation,مترجم محترف من اللغة الصينية إلى اللغة العربية والعكس,https://khamsat.com/writing/chinese-arabic-translation/2664251-%D9%85%D8%AA%D8%B1%D8%AC%D9%85-%D9%85%D8%AD%D8%AA%D8%B1%D9%81-%D9%85%D9%86-%D8%A7%D9%84%D9%84%D8%BA%D8%A9-%D8%A7%D9%84%D8%B5%D9%8A%D9%86%D9%8A%D8%A9-%D8%A5%D9%84%D9%89-%D8%A7%D9%84%D9%84%D8%BA%D8%A9-%D8%A7%D9%84%D8%B9%D8%B1%D8%A8%D9%8A%D8%A9-%D9%88%D8%A7%D9%84%D8%B9%D9%83%D8%B3,5.0,1,56 دقيقة,1,0,$5.00,يوم واحد,1,5,135.0,محمد م.,https://khamsat.com/user/muthana50,True,بائع جديد,5.0,4,60.0%,5,3,54 دقيقة
كتابة وترجمة,https://khamsat.com/writing,الصينية للعربية والعكس,https://khamsat.com/writing/chinese-arabic-translation,اقدم ترجمة احترافية من اللغة العربية إلى الصينية والعكس,https://khamsat.com/writing/chinese-arabic-translation/2398525-%D8%A7%D9%82%D8%AF%D9%85-%D8%AA%D8%B1%D8%AC%D9%85%D8%A9-%D8%A7%D8%AD%D8%AA%D8%B1%D8%A7%D9%81%D9%8A%D8%A9-%D9%85%D9%86-%D8%A7%D9%84%D9%84%D8%BA%D8%A9-%D8%A7%D9%84%D8%B9%D8%B1%D8%A8%D9%8A%D8%A9-%D8%A5%D9%84%D9%89-%D8%A7%D9%84%D8%B5%D9%8A%D9%86%D9%8A%D8%A9-%D9%88%D8%A7%D9%84%D8%B9%D9%83%D8%B3,0.0,0,20 يوم,0,0,$5.00,يوم واحد,0,0,0.0,.Mona E,https://khamsat.com/user/mona_essam3335,True,بائع جديد,0.0,0,لم يحسب بعد,3,0,20 يوم
كتابة وترجمة,https://khamsat.com/writing,الصينية للعربية والعكس,https://khamsat.com/writing/chinese-arabic-translation,خدمة الترجمة الصينية إلى العربية والعكس,https://khamsat.com/writing/chinese-arabic-translation/2998298-%D8%AE%D8%AF%D9%85%D8%A9-%D8%A7%D9%84%D8%AA%D8%B1%D8%AC%D9%85%D8%A9-%D8%A7%D9%84%D8%B5%D9%8A%D9%86%D9%8A%D8%A9-%D8%A5%D9%84%D9%89-%D8%A7%D9%84%D8%B9%D8%B1%D8%A8%D9%8A%D8%A9-%D9%88%D8%A7%D9%84%D8%B9%D9%83%D8%B3,0.0,0,لم يحسب,0,0,$5.00,يوم واحد,0,5,105.0,.Language C,https://khamsat.com/user/language_corner,False,بائع جديد,0.0,0,لم يحسب بعد,3,0,لم يحسب
كتابة وترجمة,https://khamsat.com/writing,الصينية للعربية والعكس,https://khamsat.com/writing/chinese-arabic-translation,ترجمة من اللغة الصينية للغة العربية والعكس,https://khamsat.com/writing/chinese-arabic-translation/2424341-%D8%AA%D8%B1%D8%AC%D9%85%D8%A9-%D9%85%D9%86-%D8%A7%D9%84%D9%84%D8%BA%D8%A9-%D8%A7%D9%84%D8%B5%D9%8A%D9%86%D9%8A%D8%A9-%D9%84%D9%84%D8%BA%D8%A9-%D8%A7%D9%84%D8%B9%D8%B1%D8%A8%D9%8A%D8%A9-%D9%88%D8%A7%D9%84%D8%B9%D9%83%D8%B3,4.0,4,ساعة,4,0,$5.00,يومين,4,3,40.0,.Omar A,https://khamsat.com/user/omar_abdelrahman2001,True,بائع جديد,4.0,4,83.33%,1,4,ساعة
كتابة وترجمة,https://khamsat.com/writing,الصينية للعربية والعكس,https://khamsat.com/writing/chinese-arabic-translation,ترجمة من الصينية الماندرين إلى العربية أو الأنجليزية والعكس,https://khamsat.com/writing/chinese-arabic-translation/3019201-%D8%AA%D8%B1%D8%AC%D9%85%D8%A9-%D9%85%D9%86-%D8%A7%D9%84%D8%B5%D9%8A%D9%86%D9%8A%D8%A9-%D8%A7%D9%84%D9%85%D8%A7%D9%86%D8%AF%D8%B1%D9%8A%D9%86-%D8%A5%D9%84%D9%89-%D8%A7%D9%84%D8%B9%D8%B1%D8%A8%D9%8A%D8%A9-%D8%A3%D9%88-%D8%A7%D9%84%D8%A3%D9%86%D8%AC%D9%84%D9%8A%D8%B2%D9%8A%D8%A9-%D9%88%D8%A7%D9%84%D8%B9%D9%83%D8%B3,0.0,0,لم يحسب,0,0,$5.00,يومين,0,4,120.0,.Somia A,https://khamsat.com/user/somia_s0,False,بائع جديد,0.0,0,لم يحسب بعد,1,0,لم يحسب
كتابة وترجمة,https://khamsat.com/writing,الصينية للعربية والعكس,https://khamsat.com/writing/chinese-arabic-translation,ترجمه للانجليزيه و اليابانيه و الصينية و الكوريه الجنوبيه,https://khamsat.com/writing/chinese-arabic-translation/3005570-%D8%AA%D8%B1%D8%AC%D9%85%D9%87-%D9%84%D9%84%D8%A7%D9%86%D8%AC%D9%84%D9%8A%D8%B2%D9%8A%D9%87-%D9%88-%D8%A7%D9%84%D9%8A%D8%A7%D8%A8%D8%A7%D9%86%D9%8A%D9%87-%D9%88-%D8%A7%D9%84%D8%B5%D9%8A%D9%86%D9%8A%D8%A9-%D9%88-%D8%A7%D9%84%D9%83%D9%88%D8%B1%D9%8A%D9%87-%D8%A7%D9%84%D8%AC%D9%86%D9%88%D8%A8%D9%8A%D9%87,0.0,0,لم يحسب,0,0,$5.00,ثلاثة أيام,0,0,0.0,وليد ا.,https://khamsat.com/user/wesamm,True,بائع جديد,0.0,0,لم يحسب بعد,1,0,لم يحسب
كتابة وترجمة,https://khamsat.com/writing,الصينية للعربية والعكس,https://khamsat.com/writing/chinese-arabic-translation,ترجمة من الصينية إلى العربية او الانجليزية والعكس,https://khamsat.com/writing/chinese-arabic-translation/2999340-%D8%AA%D8%B1%D8%AC%D9%85%D8%A9-%D9%85%D9%86-%D8%A7%D9%84%D8%B5%D9%8A%D9%86%D9%8A%D8%A9-%D8%A5%D9%84%D9%89-%D8%A7%D9%84%D8%B9%D8%B1%D8%A8%D9%8A%D8%A9-%D8%A7%D9%88-%D8%A7%D9%84%D8%A7%D9%86%D8%AC%D9%84%D9%8A%D8%B2%D9%8A%D8%A9-%D9%88%D8%A7%D9%84%D8%B9%D9%83%D8%B3,0.0,0,لم يحسب,0,0,$5.00,يوم واحد,0,2,35.0,سما ر.,https://khamsat.com/user/sama_ehab40,True,بائع جديد,0.0,0,لم يحسب بعد,1,0,لم يحسب
كتابة وترجمة,https://khamsat.com/writing,الصينية للعربية والعكس,https://khamsat.com/writing/chinese-arabic-translation,ترجمة نصوص من اللغة الصينية الي اللغة العربية والعكس,https://khamsat.com/writing/chinese-arabic-translation/2949785-%D8%AA%D8%B1%D8%AC%D9%85%D8%A9-%D9%86%D8%B5%D9%88%D8%B5-%D9%85%D9%86-%D8%A7%D9%84%D9%84%D8%BA%D8%A9-%D8%A7%D9%84%D8%B5%D9%8A%D9%86%D9%8A%D8%A9-%D8%A7%D9%84%D9%8A-%D8%A7%D9%84%D9%84%D8%BA%D8%A9-%D8%A7%D9%84%D8%B9%D8%B1%D8%A8%D9%8A%D8%A9-%D9%88%D8%A7%D9%84%D8%B9%D9%83%D8%B3,0.0,0,لم يحسب,0,0,$5.00,يوم واحد,0,4,50.0,.Nour K,https://khamsat.com/user/blackpearl310,False,بائع جديد,0.0,0,لم يحسب بعد,3,0,لم يحسب
كتابة وترجمة,https://khamsat.com/writing,الصينية للعربية والعكس,https://khamsat.com/writing/chinese-arabic-translation,ترجمة من اللغة الصينية إلى اللغة العربية والعكس,https://khamsat.com/writing/chinese-arabic-translation/2922703-%D8%AA%D8%B1%D8%AC%D9%85%D8%A9-%D9%85%D9%86-%D8%A7%D9%84%D9%84%D8%BA%D8%A9-%D8%A7%D9%84%D8%B5%D9%8A%D9%86%D9%8A%D8%A9-%D8%A5%D9%84%D9%89-%D8%A7%D9%84%D9%84%D8%BA%D8%A9-%D8%A7%D9%84%D8%B9%D8%B1%D8%A8%D9%8A%D8%A9-%D9%88%D8%A7%D9%84%D8%B9%D9%83%D8%B3,0.0,0,لم يحسب,0,0,$5.00,يومين,0,0,0.0,.Heba A,https://khamsat.com/user/hebaabdelaziz929,True,بائع جديد,0.0,0,لم يحسب بعد,1,0,لم يحسب
كتابة وترجمة,https://khamsat.com/writing,الصينية للعربية والعكس,https://khamsat.com/writing/chinese-arabic-translation,الترجمة من العربية إلى الصينية والعكس,https://khamsat.com/writing/chinese-arabic-translation/3021792-%D8%A7%D9%84%D8%AA%D8%B1%D8%AC%D9%85%D8%A9-%D9%85%D9%86-%D8%A7%D9%84%D8%B9%D8%B1%D8%A8%D9%8A%D8%A9-%D8%A5%D9%84%D9%89-%D8%A7%D9%84%D8%B5%D9%8A%D9%86%D9%8A%D8%A9-%D9%88%D8%A7%D9%84%D8%B9%D9%83%D8%B3,0.0,0,لم يحسب,0,0,$5.00,يوم واحد,0,2,15.0,محمد ا.,https://khamsat.com/user/mhkarrar,True,بائع جديد,0.0,0,لم يحسب بعد,5,0,لم يحسب
كتابة وترجمة,https://khamsat.com/writing,الصينية للعربية والعكس,https://khamsat.com/writing/chinese-arabic-translation,ترجمة من اللغة العربية إلى الصينية أو العكس,https://khamsat.com/writing/chinese-arabic-translation/2988861-%D8%AA%D8%B1%D8%AC%D9%85%D8%A9-%D9%85%D9%86-%D8%A7%D9%84%D9%84%D8%BA%D8%A9-%D8%A7%D9%84%D8%B9%D8%B1%D8%A8%D9%8A%D8%A9-%D8%A5%D9%84%D9%89-%D8%A7%D9%84%D8%B5%D9%8A%D9%86%D9%8A%D8%A9-%D8%A3%D9%88-%D8%A7%D9%84%D8%B9%D9%83%D8%B3,0.0,0,لم يحسب,0,0,$5.00,يوم واحد,0,5,75.0,.Heba E,https://khamsat.com/user/hebaessam_1,False,بائع جديد,0.0,0,لم يحسب بعد,1,0,لم يحسب
كتابة وترجمة,https://khamsat.com/writing,الصينية للعربية والعكس,https://khamsat.com/writing/chinese-arabic-translation,ترجمة من الصينية إلى العربية والعكس,https://khamsat.com/writing/chinese-arabic-translation/2962440-%D8%AA%D8%B1%D8%AC%D9%85%D8%A9-%D9%85%D9%86-%D8%A7%D9%84%D8%B5%D9%8A%D9%86%D9%8A%D8%A9-%D8%A5%D9%84%D9%89-%D8%A7%D9%84%D8%B9%D8%B1%D8%A8%D9%8A%D8%A9-%D9%88%D8%A7%D9%84%D8%B9%D9%83%D8%B3,0.0,0,لم يحسب,0,0,$5.00,يوم واحد,0,0,0.0,.Philopateer E,https://khamsat.com/user/philopateer_alaa122,False,بائع جديد,0.0,0,لم يحسب بعد,1,0,لم يحسب
كتابة وترجمة,https://khamsat.com/writing,الصينية للعربية والعكس,https://khamsat.com/writing/chinese-arabic-translation,ترجمة الفيديوهات من وإلي اللغة العربية والأنجليزيه و الصينية,https://khamsat.com/writing/chinese-arabic-translation/1331465-%D8%AA%D8%B1%D8%AC%D9%85%D8%A9-%D8%A7%D9%84%D9%81%D9%8A%D8%AF%D9%8A%D9%88%D9%87%D8%A7%D8%AA-%D9%85%D9%86-%D9%88%D8%A5%D9%84%D9%8A-%D8%A7%D9%84%D9%84%D8%BA%D8%A9-%D8%A7%D9%84%D8%B9%D8%B1%D8%A8%D9%8A%D8%A9-%D9%88%D8%A7%D9%84%D8%A3%D9%86%D8%AC%D9%84%D9%8A%D8%B2%D9%8A%D9%87-%D9%88-%D8%A7%D9%84%D8%B5%D9%8A%D9%86%D9%8A%D8%A9,0.0,0,لم يحسب,0,0,$5.00,يوم واحد,0,4,75.0,.Waleed A,https://khamsat.com/user/waleedabdelrahm,True,بائع جديد,0.0,1,0.0%,2,0,9 أيام
كتابة وترجمة,https://khamsat.com/writing,الصينية للعربية والعكس,https://khamsat.com/writing/chinese-arabic-translation,ترجمة من اللغة العربية إلى الصينية والعكس,https://khamsat.com/writing/chinese-arabic-translation/2971062-%D8%AA%D8%B1%D8%AC%D9%85%D8%A9-%D9%85%D9%86-%D8%A7%D9%84%D9%84%D8%BA%D8%A9-%D8%A7%D9%84%D8%B9%D8%B1%D8%A8%D9%8A%D8%A9-%D8%A5%D9%84%D9%89-%D8%A7%D9%84%D8%B5%D9%8A%D9%86%D9%8A%D8%A9-%D9%88%D8%A7%D9%84%D8%B9%D9%83%D8%B3,0.0,0,لم يحسب,0,0,$5.00,يوم واحد,0,3,50.0,.Marouane T,https://khamsat.com/user/omarouaneo,False,بائع جديد,0.0,0,لم يحسب بعد,1,0,لم يحسب
كتابة وترجمة,https://khamsat.com/writing,الصينية للعربية والعكس,https://khamsat.com/writing/chinese-arabic-translation,ترجمة من اللغة الصينية الى اللغة العربية,https://khamsat.com/writing/chinese-arabic-translation/2950440-%D8%AA%D8%B1%D8%AC%D9%85%D8%A9-%D9%85%D9%86-%D8%A7%D9%84%D9%84%D8%BA%D8%A9-%D8%A7%D9%84%D8%B5%D9%8A%D9%86%D9%8A%D8%A9-%D8%A7%D9%84%D9%89-%D8%A7%D9%84%D9%84%D8%BA%D8%A9-%D8%A7%D9%84%D8%B9%D8%B1%D8%A8%D9%8A%D8%A9,0.0,0,لم يحسب,0,0,$5.00,يوم واحد,0,2,30.0,.Rewan N,https://khamsat.com/user/rawannasr_66,True,بائع جديد,0.0,0,لم يحسب بعد,1,0,لم يحسب
كتابة وترجمة,https://khamsat.com/writing,الصينية للعربية والعكس,https://khamsat.com/writing/chinese-arabic-translation,ترجمة احترافية من الصينية الى العربية والعكس,https://khamsat.com/writing/chinese-arabic-translation/2955423-%D8%AA%D8%B1%D8%AC%D9%85%D8%A9-%D8%A7%D8%AD%D8%AA%D8%B1%D8%A7%D9%81%D9%8A%D8%A9-%D9%85%D9%86-%D8%A7%D9%84%D8%B5%D9%8A%D9%86%D9%8A%D8%A9-%D8%A7%D9%84%D9%89-%D8%A7%D9%84%D8%B9%D8%B1%D8%A8%D9%8A%D8%A9-%D9%88%D8%A7%D9%84%D8%B9%D9%83%D8%B3,0.0,0,لم يحسب,0,0,$5.00,يوم واحد,0,5,125.0,اسية ح.,https://khamsat.com/user/assia1508,False,بائع جديد,0.0,0,لم يحسب بعد,4,0,لم يحسب
كتابة وترجمة,https://khamsat.com/writing,الصينية للعربية والعكس,https://khamsat.com/writing/chinese-arabic-translation,ترجمة احترافية من اللغة الصينية الي العربية والعكس,https://khamsat.com/writing/chinese-arabic-translation/2918078-%D8%AA%D8%B1%D8%AC%D9%85%D8%A9-%D8%A7%D8%AD%D8%AA%D8%B1%D8%A7%D9%81%D9%8A%D8%A9-%D9%85%D9%86-%D8%A7%D9%84%D9%84%D8%BA%D8%A9-%D8%A7%D9%84%D8%B5%D9%8A%D9%86%D9%8A%D8%A9-%D8%A7%D9%84%D9%8A-%D8%A7%D9%84%D8%B9%D8%B1%D8%A8%D9%8A%D8%A9-%D9%88%D8%A7%D9%84%D8%B9%D9%83%D8%B3,0.0,0,لم يحسب,0,0,$5.00,يوم واحد,0,4,25.0,عبدالرحمن أ.,https://khamsat.com/user/abdelrahmanahab,True,بائع جديد,0.0,0,لم يحسب بعد,1,0,لم يحسب
كتابة وترجمة,https://khamsat.com/writing,الصينية للعربية والعكس,https://khamsat.com/writing/chinese-arabic-translation,ترجمة المانهوا من اللغة الصينية إلى اللغة العربية,https://khamsat.com/writing/chinese-arabic-translation/2731270-%D8%AA%D8%B1%D8%AC%D9%85%D8%A9-%D8%A7%D9%84%D9%85%D8%A7%D9%86%D9%87%D9%88%D8%A7-%D9%85%D9%86-%D8%A7%D9%84%D9%84%D8%BA%D8%A9-%D8%A7%D9%84%D8%B5%D9%8A%D9%86%D9%8A%D8%A9-%D8%A5%D9%84%D9%89-%D8%A7%D9%84%D9%84%D8%BA%D8%A9-%D8%A7%D9%84%D8%B9%D8%B1%D8%A8%D9%8A%D8%A9,0.0,0,لم يحسب,0,0,$5.00,ثلاثة أيام,0,0,0.0,هدى ح.,https://khamsat.com/user/sakurisa_shop,True,بائع نشيط,5.0,5,93.88%,4,6,يوم
كتابة وترجمة,https://khamsat.com/writing,ترجمة لغات أخرى,https://khamsat.com/writing/other-language-translation,كافة خدمات الترجمة من العربية إلى الروسية وبالعكس,https://khamsat.com/writing/other-language-translation/2049974-%D9%83%D8%A7%D9%81%D8%A9-%D8%AE%D8%AF%D9%85%D8%A7%D8%AA-%D8%A7%D9%84%D8%AA%D8%B1%D8%AC%D9%85%D8%A9-%D9%85%D9%86-%D8%A7%D9%84%D8%B9%D8%B1%D8%A8%D9%8A%D8%A9-%D8%A5%D9%84%D9%89-%D8%A7%D9%84%D8%B1%D9%88%D8%B3%D9%8A%D8%A9-%D9%88%D8%A8%D8%A7%D9%84%D8%B9%D9%83%D8%B3,5.0,3,ساعتين,3,0,$25.00,يوم واحد,3,5,205.0,فؤاد ب.,https://khamsat.com/user/fuad_zeen,True,بائع نشيط,5.0,16,97.56%,5,14,ساعتين
كتابة وترجمة,https://khamsat.com/writing,ترجمة لغات أخرى,https://khamsat.com/writing/other-language-translation,ترجمة من اللغة العربية الانجليزية والفرنسية,https://khamsat.com/writing/other-language-translation/1471358-%D8%AA%D8%B1%D8%AC%D9%85%D8%A9-%D9%85%D9%86-%D8%A7%D9%84%D9%84%D8%BA%D8%A9-%D8%A7%D9%84%D8%B9%D8%B1%D8%A8%D9%8A%D8%A9-%D8%A7%D9%84%D8%A7%D9%86%D8%AC%D9%84%D9%8A%D8%B2%D9%8A%D8%A9-%D9%88%D8%A7%D9%84%D9%81%D8%B1%D9%86%D8%B3%D9%8A%D8%A9,5.0,29,7 ساعات,36,0,$5.00,يوم واحد,25,4,130.0,سناء م.,https://khamsat.com/user/sana_mms7,True,بائع مميز,5.0,37,96.64%,1,41,13 ساعة
كتابة وترجمة,https://khamsat.com/writing,ترجمة لغات أخرى,https://khamsat.com/writing/other-language-translation,ترجمة لغة عبرية الى اللغة العربية والعكس,https://khamsat.com/writing/other-language-translation/2169441-%D8%AA%D8%B1%D8%AC%D9%85%D8%A9-%D9%84%D8%BA%D8%A9-%D8%B9%D8%A8%D8%B1%D9%8A%D8%A9-%D8%A7%D9%84%D9%89-%D8%A7%D9%84%D9%84%D8%BA%D8%A9-%D8%A7%D9%84%D8%B9%D8%B1%D8%A8%D9%8A%D8%A9-%D9%88%D8%A7%D9%84%D8%B9%D9%83%D8%B3,5.0,2,ساعة,3,0,$5.00,يوم واحد,2,5,370.0,.Balsam A,https://khamsat.com/user/balsam_aljadili,True,بائع مميز,5.0,55,95.26%,5,53,5 ساعات
كتابة وترجمة,https://khamsat.com/writing,ترجمة لغات أخرى,https://khamsat.com/writing/other-language-translation,ترجمة احترافية دقيقة بين الانكليزية و العربية والفرنسية,https://khamsat.com/writing/other-language-translation/1916526-%D8%AA%D8%B1%D8%AC%D9%85%D8%A9-%D8%A7%D8%AD%D8%AA%D8%B1%D8%A7%D9%81%D9%8A%D8%A9-%D8%AF%D9%82%D9%8A%D9%82%D8%A9-%D8%A8%D9%8A%D9%86-%D8%A7%D9%84%D8%A7%D9%86%D9%83%D9%84%D9%8A%D8%B2%D9%8A%D8%A9-%D9%88-%D8%A7%D9%84%D8%B9%D8%B1%D8%A8%D9%8A%D8%A9-%D9%88%D8%A7%D9%84%D9%81%D8%B1%D9%86%D8%B3%D9%8A%D8%A9,5.0,2,56 دقيقة,3,0,$5.00,يوم واحد,2,1,75.0,.Radwan W,https://khamsat.com/user/radwan_wazzan,True,بائع جديد,5.0,5,87.5%,2,5,6 ساعات
كتابة وترجمة,https://khamsat.com/writing,ترجمة لغات أخرى,https://khamsat.com/writing/other-language-translation,ترجمه انجليزي وفرنسي وعربي,https://khamsat.com/writing/other-language-translation/2409029-%D8%AA%D8%B1%D8%AC%D9%85%D9%87-%D8%A7%D9%86%D8%AC%D9%84%D9%8A%D8%B2%D9%8A-%D9%88%D9%81%D8%B1%D9%86%D8%B3%D9%8A-%D9%88%D8%B9%D8%B1%D8%A8%D9%8A,5.0,8,21 دقيقة,12,0,$5.00,يوم واحد,8,5,220.0,ايمان ا.,https://khamsat.com/user/emanibrahim999,True,بائع نشيط,5.0,8,92.86%,1,12,21 دقيقة
كتابة وترجمة,https://khamsat.com/writing,ترجمة لغات أخرى,https://khamsat.com/writing/other-language-translation,ترجمة احترافية للنصوص والمقالات عربية برتغالية,https://khamsat.com/writing/other-language-translation/807393-%D8%AA%D8%B1%D8%AC%D9%85%D8%A9-%D8%A7%D8%AD%D8%AA%D8%B1%D8%A7%D9%81%D9%8A%D8%A9-%D9%84%D9%84%D9%86%D8%B5%D9%88%D8%B5-%D9%88%D8%A7%D9%84%D9%85%D9%82%D8%A7%D9%84%D8%A7%D8%AA-%D8%B9%D8%B1%D8%A8%D9%8A%D8%A9-%D8%A8%D8%B1%D8%AA%D8%BA%D8%A7%D9%84%D9%8A%D8%A9,4.5,15,7 ساعات,23,0,$5.00,يوم واحد,15,3,45.0,عبد اللطيف ف.,https://khamsat.com/user/%D9%86%D8%AC%D9%8A%D8%A8-%D9%83%D8%A7%D8%B2%D8%A7,True,بائع نشيط,4.5,23,93.62%,6,32,17 ساعة
كتابة وترجمة,https://khamsat.com/writing,ترجمة لغات أخرى,https://khamsat.com/writing/other-language-translation,ترجمة ألماني عربي والمانى انجليزى والعكس,https://khamsat.com/writing/other-language-translation/859604-%D8%AA%D8%B1%D8%AC%D9%85%D8%A9-%D8%A3%D9%84%D9%85%D8%A7%D9%86%D9%8A-%D8%B9%D8%B1%D8%A8%D9%8A-%D9%88%D8%A7%D9%84%D9%85%D8%A7%D9%86%D9%89-%D8%A7%D9%86%D8%AC%D9%84%D9%8A%D8%B2%D9%89-%D9%88%D8%A7%D9%84%D8%B9%D9%83%D8%B3,5.0,10,10 أيام,15,0,$5.00,شهر,10,3,70.0,دميانة م.,https://khamsat.com/user/%D8%AF%D9%85%D9%8A%D8%A7%D9%86%D8%A9-%D9%85%D9%88%D8%B1%D9%8A%D8%B3,True,بائع مميز,5.0,39,93.07%,5,50,يوم
كتابة وترجمة,https://khamsat.com/writing,ترجمة لغات أخرى,https://khamsat.com/writing/other-language-translation,ترجمة يدوية للغات الإسبانية الإنجليزية العربية والفرنسية,https://khamsat.com/writing/other-language-translation/1789232-%D8%AA%D8%B1%D8%AC%D9%85%D8%A9-%D9%8A%D8%AF%D9%88%D9%8A%D8%A9-%D9%84%D9%84%D8%BA%D8%A7%D8%AA-%D8%A7%D9%84%D8%A5%D8%B3%D8%A8%D8%A7%D9%86%D9%8A%D8%A9-%D8%A7%D9%84%D8%A5%D9%86%D8%AC%D9%84%D9%8A%D8%B2%D9%8A%D8%A9-%D8%A7%D9%84%D8%B9%D8%B1%D8%A8%D9%8A%D8%A9-%D9%88%D8%A7%D9%84%D9%81%D8%B1%D9%86%D8%B3%D9%8A%D8%A9,5.0,5,ساعتين,6,0,$5.00,يوم واحد,5,3,40.0,ابراهيم ب.,https://khamsat.com/user/brahimbamouh,True,بائع نشيط,5.0,6,100.0%,5,7,51 دقيقة
كتابة وترجمة,https://khamsat.com/writing,ترجمة لغات أخرى,https://khamsat.com/writing/other-language-translation,تحويل من العربية إلى اللاتينية Transliteration,https://khamsat.com/writing/other-language-translation/1245616-%D8%AA%D8%AD%D9%88%D9%8A%D9%84-%D9%85%D9%86-%D8%A7%D9%84%D8%B9%D8%B1%D8%A8%D9%8A%D8%A9-%D8%A5%D9%84%D9%89-%D8%A7%D9%84%D9%84%D8%A7%D8%AA%D9%8A%D9%86%D9%8A%D8%A9-transliteration,5.0,4,ساعة,6,0,$5.00,يوم واحد,4,3,45.0,.Ahmed S,https://khamsat.com/user/ahmed_megaman,True,بائع مميز,4.5,56,95.21%,8,80,ساعة
كتابة وترجمة,https://khamsat.com/writing,ترجمة لغات أخرى,https://khamsat.com/writing/other-language-translation,ترجمة احترافية كردي عربي ببراعة ودقة,https://khamsat.com/writing/other-language-translation/2572224-%D8%AA%D8%B1%D8%AC%D9%85%D8%A9-%D8%A7%D8%AD%D8%AA%D8%B1%D8%A7%D9%81%D9%8A%D8%A9-%D9%83%D8%B1%D8%AF%D9%8A-%D8%B9%D8%B1%D8%A8%D9%8A-%D8%A8%D8%A8%D8%B1%D8%A7%D8%B9%D8%A9-%D9%88%D8%AF%D9%82%D8%A9,5.0,1,ساعة,1,0,$5.00,يوم واحد,1,0,0.0,.Azad A,https://khamsat.com/user/%D8%A2%D8%B2%D8%A7%D8%AF-%D8%A7%D8%AD%D9%85%D8%AF,True,بائع نشيط,5.0,6,66.67%,1,6,6 ساعات
كتابة وترجمة,https://khamsat.com/writing,ترجمة لغات أخرى,https://khamsat.com/writing/other-language-translation,ترجمة اللغة اليابانية إلي اللغة العربية والعكس,https://khamsat.com/writing/other-language-translation/2171556-%D8%AA%D8%B1%D8%AC%D9%85%D8%A9-%D8%A7%D9%84%D9%84%D8%BA%D8%A9-%D8%A7%D9%84%D9%8A%D8%A7%D8%A8%D8%A7%D9%86%D9%8A%D8%A9-%D8%A5%D9%84%D9%8A-%D8%A7%D9%84%D9%84%D8%BA%D8%A9-%D8%A7%D9%84%D8%B9%D8%B1%D8%A8%D9%8A%D8%A9-%D9%88%D8%A7%D9%84%D8%B9%D9%83%D8%B3,5.0,5,18 دقيقة,8,0,$5.00,يومين,5,5,45.0,.Aliaa I,https://khamsat.com/user/aliaa_issam,True,بائع نشيط,5.0,6,97.37%,1,8,ساعة
كتابة وترجمة,https://khamsat.com/writing,ترجمة لغات أخرى,https://khamsat.com/writing/other-language-translation,الترجمة بين العربية الفرنسية والإنجليزية,https://khamsat.com/writing/other-language-translation/1222986-%D8%A7%D9%84%D8%AA%D8%B1%D8%AC%D9%85%D8%A9-%D8%A8%D9%8A%D9%86-%D8%A7%D9%84%D8%B9%D8%B1%D8%A8%D9%8A%D8%A9-%D8%A7%D9%84%D9%81%D8%B1%D9%86%D8%B3%D9%8A%D8%A9-%D9%88%D8%A7%D9%84%D8%A5%D9%86%D8%AC%D9%84%D9%8A%D8%B2%D9%8A%D8%A9,4.5,9,4 ساعات,11,0,$5.00,يوم واحد,9,3,225.0,نجيب ا.,https://khamsat.com/user/najibsn07,False,بائع نشيط,4.5,10,52.86%,6,12,20 ساعة
كتابة وترجمة,https://khamsat.com/writing,ترجمة لغات أخرى,https://khamsat.com/writing/other-language-translation,ترجمة اللغات ألمانية الإنجليزية التركية الفرنسية,https://khamsat.com/writing/other-language-translation/1182294-%D8%AA%D8%B1%D8%AC%D9%85%D8%A9-%D8%A7%D9%84%D9%84%D8%BA%D8%A7%D8%AA-%D8%A3%D9%84%D9%85%D8%A7%D9%86%D9%8A%D8%A9-%D8%A7%D9%84%D8%A5%D9%86%D8%AC%D9%84%D9%8A%D8%B2%D9%8A%D8%A9-%D8%A7%D9%84%D8%AA%D8%B1%D9%83%D9%8A%D8%A9-%D8%A7%D9%84%D9%81%D8%B1%D9%86%D8%B3%D9%8A%D8%A9,0.0,0,6 ساعات,2,0,$5.00,يوم واحد,0,1,75.0,فاطمة ع.,https://khamsat.com/user/fatma3allam,True,بائع نشيط,5.0,7,62.5%,3,9,9 ساعات
كتابة وترجمة,https://khamsat.com/writing,ترجمة لغات أخرى,https://khamsat.com/writing/other-language-translation,ترجمة من الروسية للعربية او العكس,https://khamsat.com/writing/other-language-translation/1133225-%D8%AA%D8%B1%D8%AC%D9%85%D8%A9-%D9%85%D9%86-%D8%A7%D9%84%D8%B1%D9%88%D8%B3%D9%8A%D8%A9-%D9%84%D9%84%D8%B9%D8%B1%D8%A8%D9%8A%D8%A9-%D8%A7%D9%88-%D8%A7%D9%84%D8%B9%D9%83%D8%B3,4.5,6,37 دقيقة,6,0,$5.00,يوم واحد,6,1,10.0,ضياء ا.,https://khamsat.com/user/alshokribillion,True,بائع مميز,4.5,21,85.94%,1,25,ساعتين
كتابة وترجمة,https://khamsat.com/writing,ترجمة لغات أخرى,https://khamsat.com/writing/other-language-translation,ترجمة اللغة النرويجية Norsk إلى العربي أو العكس,https://khamsat.com/writing/other-language-translation/1939497-%D8%AA%D8%B1%D8%AC%D9%85%D8%A9-%D8%A7%D9%84%D9%84%D8%BA%D8%A9-%D8%A7%D9%84%D9%86%D8%B1%D9%88%D9%8A%D8%AC%D9%8A%D8%A9-norsk-%D8%A5%D9%84%D9%89-%D8%A7%D9%84%D8%B9%D8%B1%D8%A8%D9%8A-%D8%A3%D9%88-%D8%A7%D9%84%D8%B9%D9%83%D8%B3,5.0,1,11 ساعة,1,0,$5.00,يومين,1,4,95.0,.Demetri S,https://khamsat.com/user/demetri-saeyd,True,مشتري جاد,5.0,6,66.67%,3,7,يوم
كتابة وترجمة,https://khamsat.com/writing,ترجمة لغات أخرى,https://khamsat.com/writing/other-language-translation,ترجمة من اللغة الفارسية إلى اللغة العربية,https://khamsat.com/writing/other-language-translation/1302861-%D8%AA%D8%B1%D8%AC%D9%85%D8%A9-%D9%85%D9%86-%D8%A7%D9%84%D9%84%D8%BA%D8%A9-%D8%A7%D9%84%D9%81%D8%A7%D8%B1%D8%B3%D9%8A%D8%A9-%D8%A5%D9%84%D9%89-%D8%A7%D9%84%D9%84%D8%BA%D8%A9-%D8%A7%D9%84%D8%B9%D8%B1%D8%A8%D9%8A%D8%A9,4.5,7,8 ساعات,5,0,$15.00,يوم واحد,7,3,205.0,.Abdulhussen S,https://khamsat.com/user/moham1098,True,بائع نشيط,4.5,8,63.33%,2,5,5 ساعات
كتابة وترجمة,https://khamsat.com/writing,ترجمة لغات أخرى,https://khamsat.com/writing/other-language-translation,ترجمة عربي فرنسي انجليزي Language Translator,https://khamsat.com/writing/other-language-translation/2296937-%D8%AA%D8%B1%D8%AC%D9%85%D8%A9-%D8%B9%D8%B1%D8%A8%D9%8A-%D9%81%D8%B1%D9%86%D8%B3%D9%8A-%D8%A7%D9%86%D8%AC%D9%84%D9%8A%D8%B2%D9%8A-language-translator,5.0,2,8 ساعات,4,0,$5.00,يوم واحد,2,3,40.0,.Belkis B,https://khamsat.com/user/belkis_bzg,True,بائع جديد,5.0,2,100.0%,2,4,5 ساعات
كتابة وترجمة,https://khamsat.com/writing,ترجمة لغات أخرى,https://khamsat.com/writing/other-language-translation,ترجمة احترافية في وقت وجيز GER ENG FR ESP AR,https://khamsat.com/writing/other-language-translation/1649453-%D8%AA%D8%B1%D8%AC%D9%85%D8%A9-%D8%A7%D8%AD%D8%AA%D8%B1%D8%A7%D9%81%D9%8A%D8%A9-%D9%81%D9%8A-%D9%88%D9%82%D8%AA-%D9%88%D8%AC%D9%8A%D8%B2-ger-eng-fr-esp-ar,5.0,8,ساعتين,10,0,$5.00,يومين,8,0,0.0,.Hakim B,https://khamsat.com/user/galzo,True,بائع نشيط,5.0,8,96.0%,8,10,ساعة
كتابة وترجمة,https://khamsat.com/writing,ترجمة لغات أخرى,https://khamsat.com/writing/other-language-translation,ترجمة نصوص من التركي للعربي وبالعكس,https://khamsat.com/writing/other-language-translation/1313504-%D8%AA%D8%B1%D8%AC%D9%85%D8%A9-%D9%86%D8%B5%D9%88%D8%B5-%D9%85%D9%86-%D8%A7%D9%84%D8%AA%D8%B1%D9%83%D9%8A-%D9%84%D9%84%D8%B9%D8%B1%D8%A8%D9%8A-%D9%88%D8%A8%D8%A7%D9%84%D8%B9%D9%83%D8%B3,5.0,4,ساعة,5,0,$5.00,يوم واحد,4,2,15.0,.Ali A,https://khamsat.com/user/alikko,True,بائع مميز,5.0,32,87.78%,4,30,ساعة
كتابة وترجمة,https://khamsat.com/writing,ترجمة لغات أخرى,https://khamsat.com/writing/other-language-translation,ترجمة احترافية يدوية إنجليزي فرنسي عربي,https://khamsat.com/writing/other-language-translation/2777542-%D8%AA%D8%B1%D8%AC%D9%85%D8%A9-%D8%A7%D8%AD%D8%AA%D8%B1%D8%A7%D9%81%D9%8A%D8%A9-%D9%8A%D8%AF%D9%88%D9%8A%D8%A9-%D8%A5%D9%86%D8%AC%D9%84%D9%8A%D8%B2%D9%8A-%D9%81%D8%B1%D9%86%D8%B3%D9%8A-%D8%B9%D8%B1%D8%A8%D9%8A,5.0,1,ساعة,4,0,$5.00,يوم واحد,1,5,75.0,.Soufiane S,https://khamsat.com/user/sxafou,True,بائع مميز,5.0,197,86.88%,1,358,21 ساعة
كتابة وترجمة,https://khamsat.com/writing,ترجمة لغات أخرى,https://khamsat.com/writing/other-language-translation,ترجمة احترافية ودقيقة للمحتوى الإنجليزي والعربي والعكس,https://khamsat.com/writing/other-language-translation/1797437-%D8%AA%D8%B1%D8%AC%D9%85%D8%A9-%D8%A7%D8%AD%D8%AA%D8%B1%D8%A7%D9%81%D9%8A%D8%A9-%D9%88%D8%AF%D9%82%D9%8A%D9%82%D8%A9-%D9%84%D9%84%D9%85%D8%AD%D8%AA%D9%88%D9%89-%D8%A7%D9%84%D8%A5%D9%86%D8%AC%D9%84%D9%8A%D8%B2%D9%8A-%D9%88%D8%A7%D9%84%D8%B9%D8%B1%D8%A8%D9%8A-%D9%88%D8%A7%D9%84%D8%B9%D9%83%D8%B3,5.0,2,10 دقائق,3,0,$5.00,يوم واحد,2,3,45.0,.Shoroq K,https://khamsat.com/user/shorooq21,True,بائع نشيط,5.0,11,94.74%,2,15,يوم
كتابة وترجمة,https://khamsat.com/writing,ترجمة لغات أخرى,https://khamsat.com/writing/other-language-translation,ترجمة من التركية إلى العربية او الانجليزية والعكس باحترافيه,https://khamsat.com/writing/other-language-translation/788685-%D8%AA%D8%B1%D8%AC%D9%85%D8%A9-%D9%85%D9%86-%D8%A7%D9%84%D8%AA%D8%B1%D9%83%D9%8A%D8%A9-%D8%A5%D9%84%D9%89-%D8%A7%D9%84%D8%B9%D8%B1%D8%A8%D9%8A%D8%A9-%D8%A7%D9%88-%D8%A7%D9%84%D8%A7%D9%86%D8%AC%D9%84%D9%8A%D8%B2%D9%8A%D8%A9-%D9%88%D8%A7%D9%84%D8%B9%D9%83%D8%B3-%D8%A8%D8%A7%D8%AD%D8%AA%D8%B1%D8%A7%D9%81%D9%8A%D9%87,4.5,26,3 ساعات,44,0,$5.00,يومين,25,5,80.0,باسم م.,https://khamsat.com/user/itshimaru,True,بائع مميز,4.5,28,84.21%,4,45,5 ساعات
كتابة وترجمة,https://khamsat.com/writing,ترجمة لغات أخرى,https://khamsat.com/writing/other-language-translation,أترجم من اللغة الأردية إلى اللغة العربية والعكس,https://khamsat.com/writing/other-language-translation/1850124-%D8%A3%D8%AA%D8%B1%D8%AC%D9%85-%D9%85%D9%86-%D8%A7%D9%84%D9%84%D8%BA%D8%A9-%D8%A7%D9%84%D8%A3%D8%B1%D8%AF%D9%8A%D8%A9-%D8%A5%D9%84%D9%89-%D8%A7%D9%84%D9%84%D8%BA%D8%A9-%D8%A7%D9%84%D8%B9%D8%B1%D8%A8%D9%8A%D8%A9-%D9%88%D8%A7%D9%84%D8%B9%D9%83%D8%B3,5.0,1,20 يوم,2,0,$5.00,يوم واحد,1,2,25.0,يوسف ع.,https://khamsat.com/user/jou2000,True,بائع جديد,5.0,1,100.0%,3,2,20 يوم
كتابة وترجمة,https://khamsat.com/writing,ترجمة لغات أخرى,https://khamsat.com/writing/other-language-translation,ترجمة أكاديمية أو عامة للعربية والفرنسية أو الإنجليزية,https://khamsat.com/writing/other-language-translation/1508424-%D8%AA%D8%B1%D8%AC%D9%85%D8%A9-%D8%A3%D9%83%D8%A7%D8%AF%D9%8A%D9%85%D9%8A%D8%A9-%D8%A3%D9%88-%D8%B9%D8%A7%D9%85%D8%A9-%D9%84%D9%84%D8%B9%D8%B1%D8%A8%D9%8A%D8%A9-%D9%88%D8%A7%D9%84%D9%81%D8%B1%D9%86%D8%B3%D9%8A%D8%A9-%D8%A3%D9%88-%D8%A7%D9%84%D8%A5%D9%86%D8%AC%D9%84%D9%8A%D8%B2%D9%8A%D8%A9,4.5,50,4 ساعات,73,0,$10.00,يوم واحد,25,5,255.0,.Meryem M,https://khamsat.com/user/meriem_ad,True,بائع مميز,5.0,223,97.88%,15,307,ساعة
كتابة وترجمة,https://khamsat.com/writing,ترجمة لغات أخرى,https://khamsat.com/writing/other-language-translation,ترجمة من الكردية إلى العربية أو الأنجليزية والعكس,https://khamsat.com/writing/other-language-translation/1957303-%D8%AA%D8%B1%D8%AC%D9%85%D8%A9-%D9%85%D9%86-%D8%A7%D9%84%D9%83%D8%B1%D8%AF%D9%8A%D8%A9-%D8%A5%D9%84%D9%89-%D8%A7%D9%84%D8%B9%D8%B1%D8%A8%D9%8A%D8%A9-%D8%A3%D9%88-%D8%A7%D9%84%D8%A3%D9%86%D8%AC%D9%84%D9%8A%D8%B2%D9%8A%D8%A9-%D9%88%D8%A7%D9%84%D8%B9%D9%83%D8%B3,5.0,3,3 دقائق,3,0,$5.00,يوم واحد,3,5,190.0,.Heldn A,https://khamsat.com/user/heldn,True,مشتري مميز,5.0,3,100.0%,5,3,14 يوم
كتابة وترجمة,https://khamsat.com/writing,ترجمة لغات أخرى,https://khamsat.com/writing/other-language-translation,أترجم لك من اللهجة المغربية إلى الفرنسية او العربية,https://khamsat.com/writing/other-language-translation/1115863-%D8%A3%D8%AA%D8%B1%D8%AC%D9%85-%D9%84%D9%83-%D9%85%D9%86-%D8%A7%D9%84%D9%84%D9%87%D8%AC%D8%A9-%D8%A7%D9%84%D9%85%D8%BA%D8%B1%D8%A8%D9%8A%D8%A9-%D8%A5%D9%84%D9%89-%D8%A7%D9%84%D9%81%D8%B1%D9%86%D8%B3%D9%8A%D8%A9-%D8%A7%D9%88-%D8%A7%D9%84%D8%B9%D8%B1%D8%A8%D9%8A%D8%A9,5.0,4,أقل من دقيقة,6,0,$5.00,يومين,4,0,0.0,هجر ص.,https://khamsat.com/user/hajarzaki,True,بائع نشيط,5.0,22,90.2%,3,22,ساعتين
كتابة وترجمة,https://khamsat.com/writing,ترجمة لغات أخرى,https://khamsat.com/writing/other-language-translation,سوف أترجم من الاسبانية للعربيه,https://khamsat.com/writing/other-language-translation/724694-%D8%B3%D9%88%D9%81-%D8%A3%D8%AA%D8%B1%D8%AC%D9%85-%D9%85%D9%86-%D8%A7%D9%84%D8%A7%D8%B3%D8%A8%D8%A7%D9%86%D9%8A%D8%A9-%D9%84%D9%84%D8%B9%D8%B1%D8%A8%D9%8A%D9%87,5.0,20,6 دقائق,28,0,$5.00,يوم واحد,20,2,20.0,فاطمة غ.,https://khamsat.com/user/%D9%81%D8%A7%D8%B7%D9%85%D8%A9-%D8%BA%D9%86%D9%8A%D9%85,True,بائع مميز,5.0,26,93.75%,3,35,ساعة
كتابة وترجمة,https://khamsat.com/writing,ترجمة لغات أخرى,https://khamsat.com/writing/other-language-translation,سوف أترجم بين الامازيغية والعربية والفرنسية والانجليزية,https://khamsat.com/writing/other-language-translation/2057708-%D8%B3%D9%88%D9%81-%D8%A3%D8%AA%D8%B1%D8%AC%D9%85-%D8%A8%D9%8A%D9%86-%D8%A7%D9%84%D8%A7%D9%85%D8%A7%D8%B2%D9%8A%D8%BA%D9%8A%D8%A9-%D9%88%D8%A7%D9%84%D8%B9%D8%B1%D8%A8%D9%8A%D8%A9-%D9%88%D8%A7%D9%84%D9%81%D8%B1%D9%86%D8%B3%D9%8A%D8%A9-%D9%88%D8%A7%D9%84%D8%A7%D9%86%D8%AC%D9%84%D9%8A%D8%B2%D9%8A%D8%A9,5.0,2,15 دقيقة,3,0,$5.00,يوم واحد,2,5,105.0,حكيم ب.,https://khamsat.com/user/kim06,True,بائع جديد,5.0,2,75.0%,4,3,7 دقائق
كتابة وترجمة,https://khamsat.com/writing,ترجمة لغات أخرى,https://khamsat.com/writing/other-language-translation,ترجمة من الإنجليزية والفرنسية إلى العربية أو العكس بإحترافية,https://khamsat.com/writing/other-language-translation/1672228-%D8%AA%D8%B1%D8%AC%D9%85%D8%A9-%D9%85%D9%86-%D8%A7%D9%84%D8%A5%D9%86%D8%AC%D9%84%D9%8A%D8%B2%D9%8A%D8%A9-%D9%88%D8%A7%D9%84%D9%81%D8%B1%D9%86%D8%B3%D9%8A%D8%A9-%D8%A5%D9%84%D9%89-%D8%A7%D9%84%D8%B9%D8%B1%D8%A8%D9%8A%D8%A9-%D8%A3%D9%88-%D8%A7%D9%84%D8%B9%D9%83%D8%B3-%D8%A8%D8%A5%D8%AD%D8%AA%D8%B1%D8%A7%D9%81%D9%8A%D8%A9,5.0,1,3 ساعات,1,0,$5.00,يوم واحد,1,5,80.0,ابتسام ب.,https://khamsat.com/user/ibtissam_ben,True,بائع مميز,5.0,15,100.0%,7,19,3 ساعات
كتابة وترجمة,https://khamsat.com/writing,ترجمة لغات أخرى,https://khamsat.com/writing/other-language-translation,ترجمة إحترافية من اللغة العربية إلى الفرنسية والإنجليزية,https://khamsat.com/writing/other-language-translation/2490763-%D8%AA%D8%B1%D8%AC%D9%85%D8%A9-%D8%A5%D8%AD%D8%AA%D8%B1%D8%A7%D9%81%D9%8A%D8%A9-%D9%85%D9%86-%D8%A7%D9%84%D9%84%D8%BA%D8%A9-%D8%A7%D9%84%D8%B9%D8%B1%D8%A8%D9%8A%D8%A9-%D8%A5%D9%84%D9%89-%D8%A7%D9%84%D9%81%D8%B1%D9%86%D8%B3%D9%8A%D8%A9-%D9%88%D8%A7%D9%84%D8%A5%D9%86%D8%AC%D9%84%D9%8A%D8%B2%D9%8A%D8%A9,5.0,4,ساعتين,3,0,$10.00,يوم واحد,4,0,0.0,فاطمة ا.,https://khamsat.com/user/fatima_basri,True,بائع جديد,5.0,4,90.0%,1,3,ساعتين
كتابة وترجمة,https://khamsat.com/writing,كتابة شعر,https://khamsat.com/writing/poetry-writing,أحول أفكارك ومشاعرَك إلى شعر موزون باسمك,https://khamsat.com/writing/poetry-writing/2456771-%D8%A3%D8%AD%D9%88%D9%84-%D8%A3%D9%81%D9%83%D8%A7%D8%B1%D9%83-%D9%88%D9%85%D8%B4%D8%A7%D8%B9%D8%B1%D9%83-%D8%A5%D9%84%D9%89-%D8%B4%D8%B9%D8%B1-%D9%85%D9%88%D8%B2%D9%88%D9%86-%D8%A8%D8%A7%D8%B3%D9%85%D9%83,5.0,4,32 دقيقة,6,0,$30.00,يوم واحد,4,5,390.0,محمد م.,https://khamsat.com/user/bahr,True,بائع مميز,5.0,82,98.75%,5,75,32 دقيقة
كتابة وترجمة,https://khamsat.com/writing,كتابة شعر,https://khamsat.com/writing/poetry-writing,شعر فصيح ونبطي، تنقيح، وزن، تعليم,https://khamsat.com/writing/poetry-writing/1995057-%D8%B4%D8%B9%D8%B1-%D9%81%D8%B5%D9%8A%D8%AD-%D9%88%D9%86%D8%A8%D8%B7%D9%8A-%D8%AA%D9%86%D9%82%D9%8A%D8%AD-%D9%88%D8%B2%D9%86-%D8%AA%D8%B9%D9%84%D9%8A%D9%85,5.0,18,ساعة,28,0,$25.00,يوم واحد,18,0,0.0,زكريا ا.,https://khamsat.com/user/zakash222,True,بائع مميز,5.0,18,92.42%,2,28,ساعة
كتابة وترجمة,https://khamsat.com/writing,كتابة شعر,https://khamsat.com/writing/poetry-writing,كتابة قصيدة شعرية باللغة العربية الفصحى,https://khamsat.com/writing/poetry-writing/1720393-%D9%83%D8%AA%D8%A7%D8%A8%D8%A9-%D9%82%D8%B5%D9%8A%D8%AF%D8%A9-%D8%B4%D8%B9%D8%B1%D9%8A%D8%A9-%D8%A8%D8%A7%D9%84%D9%84%D8%BA%D8%A9-%D8%A7%D9%84%D8%B9%D8%B1%D8%A8%D9%8A%D8%A9-%D8%A7%D9%84%D9%81%D8%B5%D8%AD%D9%89,5.0,69,ساعة,75,0,$5.00,ثلاثة أيام,25,5,475.0,ريما أ.,https://khamsat.com/user/rema_abumogdib88,True,بائع مميز,5.0,112,99.42%,6,103,29 دقيقة
كتابة وترجمة,https://khamsat.com/writing,كتابة شعر,https://khamsat.com/writing/poetry-writing,كتابة مواضيع ادبية وصف تعبير نصوص بطريقة جميلة وبسيطة,https://khamsat.com/writing/poetry-writing/1737389-%D9%83%D8%AA%D8%A7%D8%A8%D8%A9-%D9%85%D9%88%D8%A7%D8%B6%D9%8A%D8%B9-%D8%A7%D8%AF%D8%A8%D9%8A%D8%A9-%D9%88%D8%B5%D9%81-%D8%AA%D8%B9%D8%A8%D9%8A%D8%B1-%D9%86%D8%B5%D9%88%D8%B5-%D8%A8%D8%B7%D8%B1%D9%8A%D9%82%D8%A9-%D8%AC%D9%85%D9%8A%D9%84%D8%A9-%D9%88%D8%A8%D8%B3%D9%8A%D8%B7%D8%A9,4.5,21,6 ساعات,38,0,$10.00,ثلاثة أيام,21,5,195.0,.Bayan Q,https://khamsat.com/user/bayan_qanbaria,True,بائع مميز,4.5,31,99.22%,2,46,6 ساعات
كتابة وترجمة,https://khamsat.com/writing,كتابة شعر,https://khamsat.com/writing/poetry-writing,أمير الشعراء لتنقيح الأشعار وكتابة القصائد,https://khamsat.com/writing/poetry-writing/1567844-%D8%A3%D9%85%D9%8A%D8%B1-%D8%A7%D9%84%D8%B4%D8%B9%D8%B1%D8%A7%D8%A1-%D9%84%D8%AA%D9%86%D9%82%D9%8A%D8%AD-%D8%A7%D9%84%D8%A3%D8%B4%D8%B9%D8%A7%D8%B1-%D9%88%D9%83%D8%AA%D8%A7%D8%A8%D8%A9-%D8%A7%D9%84%D9%82%D8%B5%D8%A7%D8%A6%D8%AF,5.0,45,4 ساعات,58,1,$5.00,يوم واحد,25,5,105.0,عبد الرحمن ك.,https://khamsat.com/user/kerroumi_1884,True,بائع مميز,5.0,61,97.65%,3,79,ساعتين
كتابة وترجمة,https://khamsat.com/writing,كتابة شعر,https://khamsat.com/writing/poetry-writing,أستطيع كتابة أغنية او شعر لك,https://khamsat.com/writing/poetry-writing/1729375-%D8%A3%D8%B3%D8%AA%D8%B7%D9%8A%D8%B9-%D9%83%D8%AA%D8%A7%D8%A8%D8%A9-%D8%A3%D8%BA%D9%86%D9%8A%D8%A9-%D8%A7%D9%88-%D8%B4%D8%B9%D8%B1-%D9%84%D9%83,5.0,4,5 ساعات,6,0,$5.00,يومين,4,5,125.0,بيشوى م.,https://khamsat.com/user/beshoy_melad20,True,بائع نشيط,5.0,6,100.0%,5,10,6 ساعات
كتابة وترجمة,https://khamsat.com/writing,كتابة شعر,https://khamsat.com/writing/poetry-writing,كتابة قصائد وأناشيد لأصحاب القنوات والأفراد,https://khamsat.com/writing/poetry-writing/1652160-%D9%83%D8%AA%D8%A7%D8%A8%D8%A9-%D9%82%D8%B5%D8%A7%D8%A6%D8%AF-%D9%88%D8%A3%D9%86%D8%A7%D8%B4%D9%8A%D8%AF-%D9%84%D8%A3%D8%B5%D8%AD%D8%A7%D8%A8-%D8%A7%D9%84%D9%82%D9%86%D9%88%D8%A7%D8%AA-%D9%88%D8%A7%D9%84%D8%A3%D9%81%D8%B1%D8%A7%D8%AF,5.0,21,15 دقيقة,26,0,$10.00,يومين,21,5,210.0,أحمد ع.,https://khamsat.com/user/ahmed_282,True,بائع مميز,5.0,25,100.0%,3,33,ساعتين
كتابة وترجمة,https://khamsat.com/writing,كتابة شعر,https://khamsat.com/writing/poetry-writing,نظم 3 أبيات شعرية مخصّصة,https://khamsat.com/writing/poetry-writing/1103945-%D9%86%D8%B8%D9%85-3-%D8%A3%D8%A8%D9%8A%D8%A7%D8%AA-%D8%B4%D8%B9%D8%B1%D9%8A%D8%A9-%D9%85%D8%AE%D8%B5%D8%B5%D8%A9,5.0,19,14 ساعة,23,0,$5.00,يومين,19,5,75.0,هشام د.,https://khamsat.com/user/dahrar_hichem,True,بائع مميز,5.0,20,96.51%,3,24,5 ساعات
كتابة وترجمة,https://khamsat.com/writing,كتابة شعر,https://khamsat.com/writing/poetry-writing,تأليف الأبيات الشعرية في جميع المواضيع,https://khamsat.com/writing/poetry-writing/50984-%D8%AA%D8%A3%D9%84%D9%8A%D9%81-%D8%A7%D9%84%D8%A3%D8%A8%D9%8A%D8%A7%D8%AA-%D8%A7%D9%84%D8%B4%D8%B9%D8%B1%D9%8A%D8%A9-%D9%81%D9%8A-%D8%AC%D9%85%D9%8A%D8%B9-%D8%A7%D9%84%D9%85%D9%88%D8%A7%D8%B6%D9%8A%D8%B9,4.5,81,ساعة,103,0,$5.00,يومين,25,3,70.0,.Hassan O,https://khamsat.com/user/%D8%AD%D8%B3%D9%86-%D8%A3%D8%AD%D9%85%D8%AF-%D8%B9%D9%85%D8%B1,True,بائع مميز,4.5,101,93.24%,1,123,ساعة
كتابة وترجمة,https://khamsat.com/writing,كتابة شعر,https://khamsat.com/writing/poetry-writing,كتابة خواطر و عبارات و حكم أدبية,https://khamsat.com/writing/poetry-writing/2541882-%D9%83%D8%AA%D8%A7%D8%A8%D8%A9-%D8%AE%D9%88%D8%A7%D8%B7%D8%B1-%D9%88-%D8%B9%D8%A8%D8%A7%D8%B1%D8%A7%D8%AA-%D9%88-%D8%AD%D9%83%D9%85-%D8%A3%D8%AF%D8%A8%D9%8A%D8%A9,5.0,12,18 دقيقة,15,0,$5.00,يوم واحد,12,2,85.0,ريما أ.,https://khamsat.com/user/rema_abumogdib88,True,بائع مميز,5.0,112,99.42%,6,103,29 دقيقة
كتابة وترجمة,https://khamsat.com/writing,كتابة شعر,https://khamsat.com/writing/poetry-writing,كتابة خواطر واشعارا باللغة العربية,https://khamsat.com/writing/poetry-writing/2318306-%D9%83%D8%AA%D8%A7%D8%A8%D8%A9-%D8%AE%D9%88%D8%A7%D8%B7%D8%B1-%D9%88%D8%A7%D8%B4%D8%B9%D8%A7%D8%B1%D8%A7-%D8%A8%D8%A7%D9%84%D9%84%D8%BA%D8%A9-%D8%A7%D9%84%D8%B9%D8%B1%D8%A8%D9%8A%D8%A9,5.0,1,ساعتين,3,0,$5.00,ثلاثة أيام,1,3,60.0,.Mostafa N,https://khamsat.com/user/mostafanazmy,True,بائع نشيط,5.0,2,100.0%,2,3,ساعة
كتابة وترجمة,https://khamsat.com/writing,كتابة شعر,https://khamsat.com/writing/poetry-writing,قٌصيدة شعرية من اجلك خمسة ابيات,https://khamsat.com/writing/poetry-writing/820540-%D9%82%D8%B5%D9%8A%D8%AF%D8%A9-%D8%B4%D8%B9%D8%B1%D9%8A%D8%A9-%D9%85%D9%86-%D8%A7%D8%AC%D9%84%D9%83-%D8%AE%D9%85%D8%B3%D8%A9-%D8%A7%D8%A8%D9%8A%D8%A7%D8%AA,4.5,11,3 ساعات,15,0,$5.00,ثلاثة أيام,11,5,115.0,محمد ع.,https://khamsat.com/user/%D9%85%D8%AD%D9%85%D8%AF-%D8%B9%D8%A8%D8%AF-%D8%A7%D9%84%D8%B9%D8%A7%D8%B7%D9%8A-%D8%A7%D8%AD%D9%85%D8%AF,True,بائع مميز,5.0,56,94.74%,3,67,6 ساعات
كتابة وترجمة,https://khamsat.com/writing,كتابة شعر,https://khamsat.com/writing/poetry-writing,تأليف شعر عربي على البحور الخليلية عمودي,https://khamsat.com/writing/poetry-writing/2030269-%D8%AA%D8%A3%D9%84%D9%8A%D9%81-%D8%B4%D8%B9%D8%B1-%D8%B9%D8%B1%D8%A8%D9%8A-%D8%B9%D9%84%D9%89-%D8%A7%D9%84%D8%A8%D8%AD%D9%88%D8%B1-%D8%A7%D9%84%D8%AE%D9%84%D9%8A%D9%84%D9%8A%D8%A9-%D8%B9%D9%85%D9%88%D8%AF%D9%8A,4.5,25,ساعتين,33,0,$10.00,يوم واحد,25,4,55.0,.Hamed A,https://khamsat.com/user/hamed_alkhateeb,True,بائع مميز,4.5,30,95.12%,3,35,48 دقيقة
كتابة وترجمة,https://khamsat.com/writing,كتابة شعر,https://khamsat.com/writing/poetry-writing,تأليف خاطرة إبداعية حسب رغبتك,https://khamsat.com/writing/poetry-writing/2588492-%D8%AA%D8%A3%D9%84%D9%8A%D9%81-%D8%AE%D8%A7%D8%B7%D8%B1%D8%A9-%D8%A5%D8%A8%D8%AF%D8%A7%D8%B9%D9%8A%D8%A9-%D8%AD%D8%B3%D8%A8-%D8%B1%D8%BA%D8%A8%D8%AA%D9%83,4.5,2,3 دقائق,2,0,$5.00,يوم واحد,2,2,15.0,.Manar A,https://khamsat.com/user/manar_azzouza,True,بائع جديد,4.5,2,60.0%,3,2,3 دقائق
كتابة وترجمة,https://khamsat.com/writing,كتابة شعر,https://khamsat.com/writing/poetry-writing,تأليف أبيات شعرية موزونة باللُغةِ العربية الفصحى,https://khamsat.com/writing/poetry-writing/2903417-%D8%AA%D8%A3%D9%84%D9%8A%D9%81-%D8%A3%D8%A8%D9%8A%D8%A7%D8%AA-%D8%B4%D8%B9%D8%B1%D9%8A%D8%A9-%D9%85%D9%88%D8%B2%D9%88%D9%86%D8%A9-%D8%A8%D8%A7%D9%84%D9%84%D8%BA%D8%A9-%D8%A7%D9%84%D8%B9%D8%B1%D8%A8%D9%8A%D8%A9-%D8%A7%D9%84%D9%81%D8%B5%D8%AD%D9%89,5.0,6,3 ساعات,8,1,$5.00,يوم واحد,6,5,40.0,أحمد ا.,https://khamsat.com/user/ahmed0shaher0,True,بائع نشيط,5.0,6,96.15%,1,8,3 ساعات
كتابة وترجمة,https://khamsat.com/writing,كتابة شعر,https://khamsat.com/writing/poetry-writing,كتابة خواطر بالعربية الفصحى,https://khamsat.com/writing/poetry-writing/1626939-%D9%83%D8%AA%D8%A7%D8%A8%D8%A9-%D8%AE%D9%88%D8%A7%D8%B7%D8%B1-%D8%A8%D8%A7%D9%84%D8%B9%D8%B1%D8%A8%D9%8A%D8%A9-%D8%A7%D9%84%D9%81%D8%B5%D8%AD%D9%89,5.0,14,يومين,21,0,$10.00,يومين,14,5,225.0,حنان إ.,https://khamsat.com/user/hanan_medra,True,بائع مميز,5.0,46,99.18%,1,58,21 ساعة
كتابة وترجمة,https://khamsat.com/writing,كتابة شعر,https://khamsat.com/writing/poetry-writing,كتابة الشعر الحديث و الخواطر,https://khamsat.com/writing/poetry-writing/2576091-%D9%83%D8%AA%D8%A7%D8%A8%D8%A9-%D8%A7%D9%84%D8%B4%D8%B9%D8%B1-%D8%A7%D9%84%D8%AD%D8%AF%D9%8A%D8%AB-%D9%88-%D8%A7%D9%84%D8%AE%D9%88%D8%A7%D8%B7%D8%B1,5.0,6,7 ساعات,7,0,$5.00,يوم واحد,6,0,0.0,.Nesma H,https://khamsat.com/user/nesmahamed300,True,بائع مميز,5.0,20,97.7%,6,18,ساعتين
كتابة وترجمة,https://khamsat.com/writing,كتابة شعر,https://khamsat.com/writing/poetry-writing,أكتب أبيات شعريه موزونه لأي مناسبه زفة زواج أو تخرج,https://khamsat.com/writing/poetry-writing/1681499-%D8%A3%D9%83%D8%AA%D8%A8-%D8%A3%D8%A8%D9%8A%D8%A7%D8%AA-%D8%B4%D8%B9%D8%B1%D9%8A%D9%87-%D9%85%D9%88%D8%B2%D9%88%D9%86%D9%87-%D9%84%D8%A3%D9%8A-%D9%85%D9%86%D8%A7%D8%B3%D8%A8%D9%87-%D8%B2%D9%81%D8%A9-%D8%B2%D9%88%D8%A7%D8%AC-%D8%A3%D9%88-%D8%AA%D8%AE%D8%B1%D8%AC,5.0,24,4 ساعات,31,0,$20.00,ثلاثة أيام,24,3,160.0,خديجه ح.,https://khamsat.com/user/fatimafageer_1992,True,بائع مميز,5.0,32,98.91%,3,42,7 ساعات
كتابة وترجمة,https://khamsat.com/writing,كتابة شعر,https://khamsat.com/writing/poetry-writing,نظم أبيات شعرية موزونة حول موضوع من اختيارك,https://khamsat.com/writing/poetry-writing/2308525-%D9%86%D8%B8%D9%85-%D8%A3%D8%A8%D9%8A%D8%A7%D8%AA-%D8%B4%D8%B9%D8%B1%D9%8A%D8%A9-%D9%85%D9%88%D8%B2%D9%88%D9%86%D8%A9-%D8%AD%D9%88%D9%84-%D9%85%D9%88%D8%B6%D9%88%D8%B9-%D9%85%D9%86-%D8%A7%D8%AE%D8%AA%D9%8A%D8%A7%D8%B1%D9%83,4.5,6,18 دقيقة,11,0,$10.00,يوم واحد,6,3,60.0,طاهر ص.,https://khamsat.com/user/drtaher1993,True,بائع نشيط,4.5,6,93.33%,1,11,18 دقيقة
كتابة وترجمة,https://khamsat.com/writing,كتابة شعر,https://khamsat.com/writing/poetry-writing,كتابة قصيدة شعرية في التسويق أو أي موضوع آخر,https://khamsat.com/writing/poetry-writing/552083-%D9%83%D8%AA%D8%A7%D8%A8%D8%A9-%D9%82%D8%B5%D9%8A%D8%AF%D8%A9-%D8%B4%D8%B9%D8%B1%D9%8A%D8%A9-%D9%81%D9%8A-%D8%A7%D9%84%D8%AA%D8%B3%D9%88%D9%8A%D9%82-%D8%A3%D9%88-%D8%A3%D9%8A-%D9%85%D9%88%D8%B6%D9%88%D8%B9-%D8%A2%D8%AE%D8%B1,5.0,1,9 ساعات,3,0,$5.00,ثلاثة أيام,1,5,290.0,.Ahmed A,https://khamsat.com/user/ahmed-elsouq,True,بائع نشيط,5.0,1,94.44%,1,3,6 ساعات
كتابة وترجمة,https://khamsat.com/writing,كتابة شعر,https://khamsat.com/writing/poetry-writing,كتابة الشعر والخواطر في مختلف المجالات وبطريقة جذابة وشيقة,https://khamsat.com/writing/poetry-writing/2476665-%D9%83%D8%AA%D8%A7%D8%A8%D8%A9-%D8%A7%D9%84%D8%B4%D8%B9%D8%B1-%D9%88%D8%A7%D9%84%D8%AE%D9%88%D8%A7%D8%B7%D8%B1-%D9%81%D9%8A-%D9%85%D8%AE%D8%AA%D9%84%D9%81-%D8%A7%D9%84%D9%85%D8%AC%D8%A7%D9%84%D8%A7%D8%AA-%D9%88%D8%A8%D8%B7%D8%B1%D9%8A%D9%82%D8%A9-%D8%AC%D8%B0%D8%A7%D8%A8%D8%A9-%D9%88%D8%B4%D9%8A%D9%82%D8%A9,5.0,9,52 دقيقة,12,0,$10.00,يوم واحد,9,3,45.0,داوود ش.,https://khamsat.com/user/dcha,True,بائع مميز,5.0,67,93.33%,9,75,ساعة
كتابة وترجمة,https://khamsat.com/writing,كتابة شعر,https://khamsat.com/writing/poetry-writing,كتابة شعر قصائد أناشيد خواطر للقنوات والأفراد,https://khamsat.com/writing/poetry-writing/2519448-%D9%83%D8%AA%D8%A7%D8%A8%D8%A9-%D8%B4%D8%B9%D8%B1-%D9%82%D8%B5%D8%A7%D8%A6%D8%AF-%D8%A3%D9%86%D8%A7%D8%B4%D9%8A%D8%AF-%D8%AE%D9%88%D8%A7%D8%B7%D8%B1-%D9%84%D9%84%D9%82%D9%86%D9%88%D8%A7%D8%AA-%D9%88%D8%A7%D9%84%D8%A3%D9%81%D8%B1%D8%A7%D8%AF,5.0,3,ساعة,3,0,$10.00,يوم واحد,3,5,245.0,محمد ش.,https://khamsat.com/user/chayoub_mohammed,True,بائع مميز,5.0,70,92.35%,7,96,ساعة
كتابة وترجمة,https://khamsat.com/writing,كتابة شعر,https://khamsat.com/writing/poetry-writing,كتابة الشعر والنثر باللغة العربية الفصحى,https://khamsat.com/writing/poetry-writing/2776375-%D9%83%D8%AA%D8%A7%D8%A8%D8%A9-%D8%A7%D9%84%D8%B4%D8%B9%D8%B1-%D9%88%D8%A7%D9%84%D9%86%D8%AB%D8%B1-%D8%A8%D8%A7%D9%84%D9%84%D8%BA%D8%A9-%D8%A7%D9%84%D8%B9%D8%B1%D8%A8%D9%8A%D8%A9-%D8%A7%D9%84%D9%81%D8%B5%D8%AD%D9%89,5.0,3,8 دقائق,3,0,$5.00,ثلاثة أيام,3,3,55.0,أميرة م.,https://khamsat.com/user/amera_mohamedk,True,بائع جديد,5.0,3,100.0%,2,3,8 دقائق
كتابة وترجمة,https://khamsat.com/writing,كتابة شعر,https://khamsat.com/writing/poetry-writing,كتابة أنشودة للأطفال على شكل قصيدة بوزن وقافية,https://khamsat.com/writing/poetry-writing/1612670-%D9%83%D8%AA%D8%A7%D8%A8%D8%A9-%D8%A3%D9%86%D8%B4%D9%88%D8%AF%D8%A9-%D9%84%D9%84%D8%A3%D8%B7%D9%81%D8%A7%D9%84-%D8%B9%D9%84%D9%89-%D8%B4%D9%83%D9%84-%D9%82%D8%B5%D9%8A%D8%AF%D8%A9-%D8%A8%D9%88%D8%B2%D9%86-%D9%88%D9%82%D8%A7%D9%81%D9%8A%D8%A9,5.0,3,4 ساعات,4,0,$10.00,يوم واحد,3,2,25.0,وسيلة ط.,https://khamsat.com/user/dalyzai,True,بائع نشيط,5.0,19,66.67%,4,24,ساعة
كتابة وترجمة,https://khamsat.com/writing,كتابة شعر,https://khamsat.com/writing/poetry-writing,كتابة شعر حصري عن أي موضوع,https://khamsat.com/writing/poetry-writing/1667353-%D9%83%D8%AA%D8%A7%D8%A8%D8%A9-%D8%B4%D8%B9%D8%B1-%D8%AD%D8%B5%D8%B1%D9%8A-%D8%B9%D9%86-%D8%A3%D9%8A-%D9%85%D9%88%D8%B6%D9%88%D8%B9,5.0,25,9 دقائق,35,0,$10.00,يوم واحد,25,5,45.0,وليد ح.,https://khamsat.com/user/wal20099945,True,بائع مميز,5.0,56,95.05%,5,75,3 ساعات
كتابة وترجمة,https://khamsat.com/writing,كتابة شعر,https://khamsat.com/writing/poetry-writing,تأليف أبيات شعرية بالفصحى والعامية,https://khamsat.com/writing/poetry-writing/2280375-%D8%AA%D8%A3%D9%84%D9%8A%D9%81-%D8%A3%D8%A8%D9%8A%D8%A7%D8%AA-%D8%B4%D8%B9%D8%B1%D9%8A%D8%A9-%D8%A8%D8%A7%D9%84%D9%81%D8%B5%D8%AD%D9%89-%D9%88%D8%A7%D9%84%D8%B9%D8%A7%D9%85%D9%8A%D8%A9,4.5,3,يوم,3,0,$30.00,أسبوع,3,5,450.0,.Mahmoud E,https://khamsat.com/user/elmaghraby20,True,بائع مميز,5.0,44,97.8%,5,44,10 ساعات
كتابة وترجمة,https://khamsat.com/writing,كتابة شعر,https://khamsat.com/writing/poetry-writing,كتابة الأشعار بشكل مميّز (كأناشيد وغيرها),https://khamsat.com/writing/poetry-writing/2578290-%D9%83%D8%AA%D8%A7%D8%A8%D8%A9-%D8%A7%D9%84%D8%A3%D8%B4%D8%B9%D8%A7%D8%B1-%D8%A8%D8%B4%D9%83%D9%84-%D9%85%D9%85%D9%8A%D8%B2-%D9%83%D8%A3%D9%86%D8%A7%D8%B4%D9%8A%D8%AF-%D9%88%D8%BA%D9%8A%D8%B1%D9%87%D8%A7,5.0,2,3 دقائق,2,0,$5.00,يوم واحد,2,4,35.0,.Gheath H,https://khamsat.com/user/geath,True,بائع جديد,5.0,2,100.0%,2,2,ساعة
كتابة وترجمة,https://khamsat.com/writing,كتابة شعر,https://khamsat.com/writing/poetry-writing,كتابة قصة (صفحتين) خاطرة او قصيدة شعرية(صفحة) مقال(4 صفحات),https://khamsat.com/writing/poetry-writing/802708-%D9%83%D8%AA%D8%A7%D8%A8%D8%A9-%D9%82%D8%B5%D8%A9-%D8%B5%D9%81%D8%AD%D8%AA%D9%8A%D9%86-%D8%AE%D8%A7%D8%B7%D8%B1%D8%A9-%D8%A7%D9%88-%D9%82%D8%B5%D9%8A%D8%AF%D8%A9-%D8%B4%D8%B9%D8%B1%D9%8A%D8%A9%D8%B5%D9%81%D8%AD%D8%A9-%D9%85%D9%82%D8%A7%D9%844-%D8%B5%D9%81%D8%AD%D8%A7%D8%AA,5.0,6,9 دقائق,9,0,$10.00,يومين,6,1,5.0,إسماعيل ز.,https://khamsat.com/user/%D8%A5%D8%B3%D9%85%D8%A7%D8%B9%D9%8A%D9%84-%D8%B2%D8%AF%D9%83,True,بائع مميز,4.5,153,97.47%,4,216,5 ساعات
كتابة وترجمة,https://khamsat.com/writing,كتابة شعر,https://khamsat.com/writing/poetry-writing,كتابة النثر والخواطر,https://khamsat.com/writing/poetry-writing/1322047-%D9%83%D8%AA%D8%A7%D8%A8%D8%A9-%D8%A7%D9%84%D9%86%D8%AB%D8%B1-%D9%88%D8%A7%D9%84%D8%AE%D9%88%D8%A7%D8%B7%D8%B1,4.5,8,ساعتين,10,0,$5.00,يومين,8,0,0.0,.Mohammed A,https://khamsat.com/user/kalimat5,True,بائع نشيط,4.5,8,95.0%,2,10,17 ساعة
كتابة وترجمة,https://khamsat.com/writing,كتابة شعر,https://khamsat.com/writing/poetry-writing,كتابة خواطر لإهدائها لمن تحب,https://khamsat.com/writing/poetry-writing/2823725-%D9%83%D8%AA%D8%A7%D8%A8%D8%A9-%D8%AE%D9%88%D8%A7%D8%B7%D8%B1-%D9%84%D8%A5%D9%87%D8%AF%D8%A7%D8%A6%D9%87%D8%A7-%D9%84%D9%85%D9%86-%D8%AA%D8%AD%D8%A8,5.0,1,لم يحسب,1,0,$5.00,يوم واحد,1,4,50.0,زينب خ.,https://khamsat.com/user/zainab_khozama,True,بائع جديد,5.0,1,100.0%,3,1,لم يحسب
كتابة وترجمة,https://khamsat.com/writing,تأليف كتاب,https://khamsat.com/writing/book-writing,كتابة رواية إبداعية مشوقة باللغة العربية الفصحى,https://khamsat.com/writing/book-writing/2991443-%D9%83%D8%AA%D8%A7%D8%A8%D8%A9-%D8%B1%D9%88%D8%A7%D9%8A%D8%A9-%D8%A5%D8%A8%D8%AF%D8%A7%D8%B9%D9%8A%D8%A9-%D9%85%D8%B4%D9%88%D9%82%D8%A9-%D8%A8%D8%A7%D9%84%D9%84%D8%BA%D8%A9-%D8%A7%D9%84%D8%B9%D8%B1%D8%A8%D9%8A%D8%A9-%D8%A7%D9%84%D9%81%D8%B5%D8%AD%D9%89,5.0,2,دقيقتين,2,0,$10.00,يوم واحد,2,5,255.0,عبدالرحمن م.,https://khamsat.com/user/abde_lrahmano,True,بائع نشيط,5.0,18,95.92%,6,18,ساعة
كتابة وترجمة,https://khamsat.com/writing,تأليف كتاب,https://khamsat.com/writing/book-writing,كتابة وتأليف رواية كاملة حول اي موضع تريده,https://khamsat.com/writing/book-writing/2739944-%D9%83%D8%AA%D8%A7%D8%A8%D8%A9-%D9%88%D8%AA%D8%A3%D9%84%D9%8A%D9%81-%D8%B1%D9%88%D8%A7%D9%8A%D8%A9-%D9%83%D8%A7%D9%85%D9%84%D8%A9-%D8%AD%D9%88%D9%84-%D8%A7%D9%8A-%D9%85%D9%88%D8%B6%D8%B9-%D8%AA%D8%B1%D9%8A%D8%AF%D9%87,5.0,5,3 أيام,5,0,$10.00,يوم واحد,5,3,140.0,.Nada S,https://khamsat.com/user/nadakhaled77,True,بائع مميز,5.0,23,91.38%,5,25,17 ساعة
كتابة وترجمة,https://khamsat.com/writing,تأليف كتاب,https://khamsat.com/writing/book-writing,تأليف كتاب في جميع المجالات,https://khamsat.com/writing/book-writing/1768037-%D8%AA%D8%A3%D9%84%D9%8A%D9%81-%D9%83%D8%AA%D8%A7%D8%A8-%D9%81%D9%8A-%D8%AC%D9%85%D9%8A%D8%B9-%D8%A7%D9%84%D9%85%D8%AC%D8%A7%D9%84%D8%A7%D8%AA,5.0,7,9 ساعات,8,0,$50.00,يوم واحد,7,1,30.0,نبيل أ.,https://khamsat.com/user/nabilabozaid85,True,بائع مميز,5.0,40,89.49%,7,65,9 ساعات
كتابة وترجمة,https://khamsat.com/writing,تأليف كتاب,https://khamsat.com/writing/book-writing,أضخم كتاب يحتوي على أفكار مشاريع حقيقية بالشرح تناسب الجميع,https://khamsat.com/writing/book-writing/1026583-%D8%A3%D8%B6%D8%AE%D9%85-%D9%83%D8%AA%D8%A7%D8%A8-%D9%8A%D8%AD%D8%AA%D9%88%D9%8A-%D8%B9%D9%84%D9%89-%D8%A3%D9%81%D9%83%D8%A7%D8%B1-%D9%85%D8%B4%D8%A7%D8%B1%D9%8A%D8%B9-%D8%AD%D9%82%D9%8A%D9%82%D9%8A%D8%A9-%D8%A8%D8%A7%D9%84%D8%B4%D8%B1%D8%AD-%D8%AA%D9%86%D8%A7%D8%B3%D8%A8-%D8%A7%D9%84%D8%AC%D9%85%D9%8A%D8%B9,5.0,68,ساعة,105,0,$5.00,يوم واحد,25,4,20.0,أحمد م.,https://khamsat.com/user/ahmedmohsen865,True,بائع مميز,5.0,132,98.19%,8,196,5 ساعات
كتابة وترجمة,https://khamsat.com/writing,تأليف كتاب,https://khamsat.com/writing/book-writing,تأليف كتاب في أي موضوع تختاره,https://khamsat.com/writing/book-writing/2924734-%D8%AA%D8%A3%D9%84%D9%8A%D9%81-%D9%83%D8%AA%D8%A7%D8%A8-%D9%81%D9%8A-%D8%A3%D9%8A-%D9%85%D9%88%D8%B6%D9%88%D8%B9-%D8%AA%D8%AE%D8%AA%D8%A7%D8%B1%D9%87,5.0,2,دقيقتين,3,0,$50.00,ثلاثة أيام,2,2,150.0,ريما أ.,https://khamsat.com/user/rema_abumogdib88,True,بائع مميز,5.0,112,99.42%,6,103,29 دقيقة
كتابة وترجمة,https://khamsat.com/writing,تأليف كتاب,https://khamsat.com/writing/book-writing,كتابة كتاب كتيب مغامرات يوميات,https://khamsat.com/writing/book-writing/2752729-%D9%83%D8%AA%D8%A7%D8%A8%D8%A9-%D9%83%D8%AA%D8%A7%D8%A8-%D9%83%D8%AA%D9%8A%D8%A8-%D9%85%D8%BA%D8%A7%D9%85%D8%B1%D8%A7%D8%AA-%D9%8A%D9%88%D9%85%D9%8A%D8%A7%D8%AA,5.0,3,3 ساعات,5,0,$10.00,أسبوع,3,5,200.0,هديل ا.,https://khamsat.com/user/hadeelrays2,True,بائع مميز,5.0,37,99.26%,4,33,4 ساعات
كتابة وترجمة,https://khamsat.com/writing,تأليف كتاب,https://khamsat.com/writing/book-writing,كتاب بلا أحكام مسبقة أكثر من 1400 سؤال لتكتشف شخصيتك,https://khamsat.com/writing/book-writing/2657076-%D9%83%D8%AA%D8%A7%D8%A8-%D8%A8%D9%84%D8%A7-%D8%A3%D8%AD%D9%83%D8%A7%D9%85-%D9%85%D8%B3%D8%A8%D9%82%D8%A9-%D8%A3%D9%83%D8%AB%D8%B1-%D9%85%D9%86-1400-%D8%B3%D8%A4%D8%A7%D9%84-%D9%84%D8%AA%D9%83%D8%AA%D8%B4%D9%81-%D8%B4%D8%AE%D8%B5%D9%8A%D8%AA%D9%83,0.0,0,5 ساعات,4,0,$10.00,يوم واحد,0,3,40.0,أحمد ع.,https://khamsat.com/user/ahmad_abdelwhab,True,بائع جديد,0.0,0,100.0%,1,4,5 ساعات
كتابة وترجمة,https://khamsat.com/writing,تأليف كتاب,https://khamsat.com/writing/book-writing,كتاب الكتروني لطرق واسرار العطور,https://khamsat.com/writing/book-writing/2543500-%D9%83%D8%AA%D8%A7%D8%A8-%D8%A7%D9%84%D9%83%D8%AA%D8%B1%D9%88%D9%86%D9%8A-%D9%84%D8%B7%D8%B1%D9%82-%D9%88%D8%A7%D8%B3%D8%B1%D8%A7%D8%B1-%D8%A7%D9%84%D8%B9%D8%B7%D9%88%D8%B1,5.0,2,7 ساعات,3,0,$10.00,يوم واحد,2,1,5.0,منصور ع.,https://khamsat.com/user/mansoor-ali,True,بائع مميز,4.5,83,94.44%,14,120,12 ساعة
كتابة وترجمة,https://khamsat.com/writing,تأليف كتاب,https://khamsat.com/writing/book-writing,كتابة رواية أدبية ابداعية,https://khamsat.com/writing/book-writing/2571380-%D9%83%D8%AA%D8%A7%D8%A8%D8%A9-%D8%B1%D9%88%D8%A7%D9%8A%D8%A9-%D8%A3%D8%AF%D8%A8%D9%8A%D8%A9-%D8%A7%D8%A8%D8%AF%D8%A7%D8%B9%D9%8A%D8%A9,5.0,3,23 دقيقة,3,0,$50.00,شهر,3,4,400.0,رحيم ص.,https://khamsat.com/user/rahemsy,True,بائع مميز,5.0,33,86.67%,5,40,ساعتين
كتابة وترجمة,https://khamsat.com/writing,تأليف كتاب,https://khamsat.com/writing/book-writing,تأليف كتب بتشويق وإثارة ومتعة في القراءة في جميع المجالات,https://khamsat.com/writing/book-writing/1245467-%D8%AA%D8%A3%D9%84%D9%8A%D9%81-%D9%83%D8%AA%D8%A8-%D8%A8%D8%AA%D8%B4%D9%88%D9%8A%D9%82-%D9%88%D8%A5%D8%AB%D8%A7%D8%B1%D8%A9-%D9%88%D9%85%D8%AA%D8%B9%D8%A9-%D9%81%D9%8A-%D8%A7%D9%84%D9%82%D8%B1%D8%A7%D8%A1%D8%A9-%D9%81%D9%8A-%D8%AC%D9%85%D9%8A%D8%B9-%D8%A7%D9%84%D9%85%D8%AC%D8%A7%D9%84%D8%A7%D8%AA,4.5,19,33 دقيقة,26,1,$25.00,يومين,19,3,205.0,سامح م.,https://khamsat.com/user/abuabdullah81,True,بائع مميز,4.5,52,99.39%,6,58,3 ساعات
كتابة وترجمة,https://khamsat.com/writing,تأليف كتاب,https://khamsat.com/writing/book-writing,تأليف كتاب حول أي موضوع تريده,https://khamsat.com/writing/book-writing/2514953-%D8%AA%D8%A3%D9%84%D9%8A%D9%81-%D9%83%D8%AA%D8%A7%D8%A8-%D8%AD%D9%88%D9%84-%D8%A3%D9%8A-%D9%85%D9%88%D8%B6%D9%88%D8%B9-%D8%AA%D8%B1%D9%8A%D8%AF%D9%87,5.0,9,6 ساعات,10,0,$10.00,ثلاثة أيام,9,5,220.0,محمد ش.,https://khamsat.com/user/chayoub_mohammed,True,بائع مميز,5.0,70,92.35%,7,96,ساعة
كتابة وترجمة,https://khamsat.com/writing,تأليف كتاب,https://khamsat.com/writing/book-writing,كتابي الربح والنجاح من خدمة كتابة المقالات,https://khamsat.com/writing/book-writing/1317476-%D9%83%D8%AA%D8%A7%D8%A8%D9%8A-%D8%A7%D9%84%D8%B1%D8%A8%D8%AD-%D9%88%D8%A7%D9%84%D9%86%D8%AC%D8%A7%D8%AD-%D9%85%D9%86-%D8%AE%D8%AF%D9%85%D8%A9-%D9%83%D8%AA%D8%A7%D8%A8%D8%A9-%D8%A7%D9%84%D9%85%D9%82%D8%A7%D9%84%D8%A7%D8%AA,5.0,24,7 دقائق,27,0,$15.00,يوم واحد,24,0,0.0,نبراس ا.,https://khamsat.com/user/nibras-alhadidi,True,بائع موثوق,5.0,210,99.58%,8,147,ساعة
كتابة وترجمة,https://khamsat.com/writing,تأليف كتاب,https://khamsat.com/writing/book-writing,كتابي الطريق إلى عالم الكتابة والتأليف,https://khamsat.com/writing/book-writing/1306568-%D9%83%D8%AA%D8%A7%D8%A8%D9%8A-%D8%A7%D9%84%D8%B7%D8%B1%D9%8A%D9%82-%D8%A5%D9%84%D9%89-%D8%B9%D8%A7%D9%84%D9%85-%D8%A7%D9%84%D9%83%D8%AA%D8%A7%D8%A8%D8%A9-%D9%88%D8%A7%D9%84%D8%AA%D8%A3%D9%84%D9%8A%D9%81,5.0,10,42 دقيقة,11,0,$15.00,يوم واحد,10,1,5.0,نبراس ا.,https://khamsat.com/user/nibras-alhadidi,True,بائع موثوق,5.0,210,99.58%,8,147,ساعة
كتابة وترجمة,https://khamsat.com/writing,تأليف كتاب,https://khamsat.com/writing/book-writing,كتاب كيف تبدء وتدير مشروعك التجاري,https://khamsat.com/writing/book-writing/838489-%D9%83%D8%AA%D8%A7%D8%A8-%D9%83%D9%8A%D9%81-%D8%AA%D8%A8%D8%AF%D8%A1-%D9%88%D8%AA%D8%AF%D9%8A%D8%B1-%D9%85%D8%B4%D8%B1%D9%88%D8%B9%D9%83-%D8%A7%D9%84%D8%AA%D8%AC%D8%A7%D8%B1%D9%8A,4.5,7,يوم,8,0,$5.00,ثلاثة أيام,7,0,0.0,.Hosam A,https://khamsat.com/user/hosam15,True,مشتري مميز,4.5,32,98.65%,6,68,11 ساعة
كتابة وترجمة,https://khamsat.com/writing,تأليف كتاب,https://khamsat.com/writing/book-writing,حل مكعب الروبيك للمؤلفة مرام ماهر محفوظ,https://khamsat.com/writing/book-writing/2928417-%D8%AD%D9%84-%D9%85%D9%83%D8%B9%D8%A8-%D8%A7%D9%84%D8%B1%D9%88%D8%A8%D9%8A%D9%83-%D9%84%D9%84%D9%85%D8%A4%D9%84%D9%81%D8%A9-%D9%85%D8%B1%D8%A7%D9%85-%D9%85%D8%A7%D9%87%D8%B1-%D9%85%D8%AD%D9%81%D9%88%D8%B8,5.0,1,24 دقيقة,1,0,$5.00,يوم واحد,1,1,100.0,.Maram M,https://khamsat.com/user/maram_mahfouz138,True,بائع جديد,5.0,1,100.0%,5,1,24 دقيقة
كتابة وترجمة,https://khamsat.com/writing,تأليف كتاب,https://khamsat.com/writing/book-writing,كتابي الموسوم بين يديك | أريج كلمات قائد مكسور لـ عمر خسرو,https://khamsat.com/writing/book-writing/2595750-%D9%83%D8%AA%D8%A7%D8%A8%D9%8A-%D8%A7%D9%84%D9%85%D9%88%D8%B3%D9%88%D9%85-%D8%A8%D9%8A%D9%86-%D9%8A%D8%AF%D9%8A%D9%83-%D8%A3%D8%B1%D9%8A%D8%AC-%D9%83%D9%84%D9%85%D8%A7%D8%AA-%D9%82%D8%A7%D8%A6%D8%AF-%D9%85%D9%83%D8%B3%D9%88%D8%B1-%D9%84%D9%80-%D8%B9%D9%85%D8%B1-%D8%AE%D8%B3%D8%B1%D9%88,5.0,1,أقل من دقيقة,1,0,$5.00,يوم واحد,1,0,0.0,عمر خ.,https://khamsat.com/user/omarkhisro_ors,True,بائع مميز,4.5,51,83.95%,9,55,ساعتين
كتابة وترجمة,https://khamsat.com/writing,تأليف كتاب,https://khamsat.com/writing/book-writing,كتابي كيف تجعل خمسات مصدر دخلك الأساسي؟,https://khamsat.com/writing/book-writing/3037365-%D9%83%D8%AA%D8%A7%D8%A8%D9%8A-%D9%83%D9%8A%D9%81-%D8%AA%D8%AC%D8%B9%D9%84-%D8%AE%D9%85%D8%B3%D8%A7%D8%AA-%D9%85%D8%B5%D8%AF%D8%B1-%D8%AF%D8%AE%D9%84%D9%83-%D8%A7%D9%84%D8%A3%D8%B3%D8%A7%D8%B3%D9%8A,0.0,0,لم يحسب,1,0,$5.00,يوم واحد,0,0,0.0,محمود غ.,https://khamsat.com/user/mahmoudghonim_2212,True,بائع مميز,4.5,31,82.43%,8,41,44 دقيقة
كتابة وترجمة,https://khamsat.com/writing,تأليف كتاب,https://khamsat.com/writing/book-writing,كتابة رواية إبداعية بالمواصفات المطلوبة,https://khamsat.com/writing/book-writing/2929902-%D9%83%D8%AA%D8%A7%D8%A8%D8%A9-%D8%B1%D9%88%D8%A7%D9%8A%D8%A9-%D8%A5%D8%A8%D8%AF%D8%A7%D8%B9%D9%8A%D8%A9-%D8%A8%D8%A7%D9%84%D9%85%D9%88%D8%A7%D8%B5%D9%81%D8%A7%D8%AA-%D8%A7%D9%84%D9%85%D8%B7%D9%84%D9%88%D8%A8%D8%A9,5.0,1,41 دقيقة,1,0,$20.00,ثلاثة أيام,1,5,620.0,عبدالرحمن ا.,https://khamsat.com/user/abdelrahman_alksas,True,بائع مميز,5.0,47,93.75%,9,43,ساعة
كتابة وترجمة,https://khamsat.com/writing,تأليف كتاب,https://khamsat.com/writing/book-writing,سأكتب كتابًا إلكترونيًا لك عن أي موضوع,https://khamsat.com/writing/book-writing/2563671-%D8%B3%D8%A3%D9%83%D8%AA%D8%A8-%D9%83%D8%AA%D8%A7%D8%A8%D8%A7-%D8%A5%D9%84%D9%83%D8%AA%D8%B1%D9%88%D9%86%D9%8A%D8%A7-%D9%84%D9%83-%D8%B9%D9%86-%D8%A3%D9%8A-%D9%85%D9%88%D8%B6%D9%88%D8%B9,5.0,3,ساعة,3,0,$15.00,يومين,3,2,40.0,.Abdelgany F,https://khamsat.com/user/%D9%85%D8%A7%D8%B3%D8%AA%D8%B1%D8%B2-%D8%A7%D9%83%D8%A7%D8%AF%D9%8A%D9%85%D9%89,True,بائع نشيط,5.0,8,88.24%,7,7,ساعتين
كتابة وترجمة,https://khamsat.com/writing,تأليف كتاب,https://khamsat.com/writing/book-writing,كتاب كيف تخطط لمشروعك التجاري,https://khamsat.com/writing/book-writing/838495-%D9%83%D8%AA%D8%A7%D8%A8-%D9%83%D9%8A%D9%81-%D8%AA%D8%AE%D8%B7%D8%B7-%D9%84%D9%85%D8%B4%D8%B1%D9%88%D8%B9%D9%83-%D8%A7%D9%84%D8%AA%D8%AC%D8%A7%D8%B1%D9%8A,5.0,1,ساعة,5,0,$5.00,ثلاثة أيام,1,0,0.0,.Hosam A,https://khamsat.com/user/hosam15,True,مشتري مميز,4.5,32,98.65%,6,68,11 ساعة
كتابة وترجمة,https://khamsat.com/writing,تأليف كتاب,https://khamsat.com/writing/book-writing,كتاب: Airbnb .. غرفةٌ صغيرة، ضيفٌ سعيد,https://khamsat.com/writing/book-writing/1135728-%D9%83%D8%AA%D8%A7%D8%A8-airbnb-%D8%BA%D8%B1%D9%81%D8%A9-%D8%B5%D8%BA%D9%8A%D8%B1%D8%A9-%D8%B6%D9%8A%D9%81-%D8%B3%D8%B9%D9%8A%D8%AF,4.5,2,ساعتين,4,0,$5.00,يومين,2,1,5.0,أحمد ع.,https://khamsat.com/user/taekwo,True,مشتري جاد,4.5,2,100.0%,2,4,21 ساعة
كتابة وترجمة,https://khamsat.com/writing,تأليف كتاب,https://khamsat.com/writing/book-writing,كتابة كتب دينية على حسب مطلب المشتري وبسعر مميز,https://khamsat.com/writing/book-writing/3037302-%D9%83%D8%AA%D8%A7%D8%A8%D8%A9-%D9%83%D8%AA%D8%A8-%D8%AF%D9%8A%D9%86%D9%8A%D8%A9-%D8%B9%D9%84%D9%89-%D8%AD%D8%B3%D8%A8-%D9%85%D8%B7%D9%84%D8%A8-%D8%A7%D9%84%D9%85%D8%B4%D8%AA%D8%B1%D9%8A-%D9%88%D8%A8%D8%B3%D8%B9%D8%B1-%D9%85%D9%85%D9%8A%D8%B2,0.0,0,لم يحسب,0,0,$5.00,يوم واحد,0,0,0.0,أسامة ا.,https://khamsat.com/user/osamasy93462,True,بائع جديد,0.0,0,لم يحسب بعد,3,0,لم يحسب
كتابة وترجمة,https://khamsat.com/writing,تأليف كتاب,https://khamsat.com/writing/book-writing,"بيع كتابي الذي يحمل مفتاح النجاح"" كيف أصبح شابًّا ناجحًا""",https://khamsat.com/writing/book-writing/3046282-%D8%A8%D9%8A%D8%B9-%D9%83%D8%AA%D8%A7%D8%A8%D9%8A-%D8%A7%D9%84%D8%B0%D9%8A-%D9%8A%D8%AD%D9%85%D9%84-%D9%85%D9%81%D8%AA%D8%A7%D8%AD-%D8%A7%D9%84%D9%86%D8%AC%D8%A7%D8%AD-%D9%83%D9%8A%D9%81-%D8%A3%D8%B5%D8%A8%D8%AD-%D8%B4%D8%A7%D8%A8%D8%A7-%D9%86%D8%A7%D8%AC%D8%AD%D8%A7,0.0,0,لم يحسب,0,0,$5.00,ثلاثة أيام,0,0,0.0,مصطفى ا.,https://khamsat.com/user/mstfmhmdlmhwsh137000,True,بائع جديد,0.0,0,لم يحسب بعد,2,0,5 ساعات
كتابة وترجمة,https://khamsat.com/writing,تأليف كتاب,https://khamsat.com/writing/book-writing,تأليف كتاب كامل ومدقق لغويا يحتوي على فكرتك,https://khamsat.com/writing/book-writing/3045307-%D8%AA%D8%A3%D9%84%D9%8A%D9%81-%D9%83%D8%AA%D8%A7%D8%A8-%D9%83%D8%A7%D9%85%D9%84-%D9%88%D9%85%D8%AF%D9%82%D9%82-%D9%84%D8%BA%D9%88%D9%8A%D8%A7-%D9%8A%D8%AD%D8%AA%D9%88%D9%8A-%D8%B9%D9%84%D9%89-%D9%81%D9%83%D8%B1%D8%AA%D9%83,0.0,0,لم يحسب,0,0,$10.00,يوم واحد,0,0,0.0,.Ehab B,https://khamsat.com/user/matrex2018,True,بائع جديد,0.0,0,لم يحسب بعد,4,0,لم يحسب
كتابة وترجمة,https://khamsat.com/writing,تأليف كتاب,https://khamsat.com/writing/book-writing,كتاب شامل عن التسويق العصبي في اي اعلان لك,https://khamsat.com/writing/book-writing/3031259-%D9%83%D8%AA%D8%A7%D8%A8-%D8%B4%D8%A7%D9%85%D9%84-%D8%B9%D9%86-%D8%A7%D9%84%D8%AA%D8%B3%D9%88%D9%8A%D9%82-%D8%A7%D9%84%D8%B9%D8%B5%D8%A8%D9%8A-%D9%81%D9%8A-%D8%A7%D9%8A-%D8%A7%D8%B9%D9%84%D8%A7%D9%86-%D9%84%D9%83,0.0,0,لم يحسب,0,0,$5.00,يومين,0,0,0.0,اريج ج.,https://khamsat.com/user/areej_jamal22,False,بائع جديد,0.0,0,لم يحسب بعد,1,0,لم يحسب
كتابة وترجمة,https://khamsat.com/writing,تأليف كتاب,https://khamsat.com/writing/book-writing,كتيب بعنوان رحلة فريدة نحو اكتشاف ذاتك,https://khamsat.com/writing/book-writing/3021118-%D9%83%D8%AA%D9%8A%D8%A8-%D8%A8%D8%B9%D9%86%D9%88%D8%A7%D9%86-%D8%B1%D8%AD%D9%84%D8%A9-%D9%81%D8%B1%D9%8A%D8%AF%D8%A9-%D9%86%D8%AD%D9%88-%D8%A7%D9%83%D8%AA%D8%B4%D8%A7%D9%81-%D8%B0%D8%A7%D8%AA%D9%83,0.0,0,لم يحسب,0,0,$5.00,يوم واحد,0,0,0.0,.Samia M,https://khamsat.com/user/samia19890,False,بائع جديد,0.0,0,لم يحسب بعد,4,0,لم يحسب
كتابة وترجمة,https://khamsat.com/writing,تأليف كتاب,https://khamsat.com/writing/book-writing,نقل المخطوطات والملاحظات إلى Word,https://khamsat.com/writing/book-writing/3025777-%D9%86%D9%82%D9%84-%D8%A7%D9%84%D9%85%D8%AE%D8%B7%D9%88%D8%B7%D8%A7%D8%AA-%D9%88%D8%A7%D9%84%D9%85%D9%84%D8%A7%D8%AD%D8%B8%D8%A7%D8%AA-%D8%A5%D9%84%D9%89-word,0.0,0,لم يحسب,0,0,$5.00,يومين,0,3,40.0,محمد ع.,https://khamsat.com/user/asimraza,False,بائع جديد,0.0,0,لم يحسب بعد,1,0,لم يحسب
كتابة وترجمة,https://khamsat.com/writing,تأليف كتاب,https://khamsat.com/writing/book-writing,كتابة كتب إبداعية ومميزة في شتى المجالات,https://khamsat.com/writing/book-writing/3038961-%D9%83%D8%AA%D8%A7%D8%A8%D8%A9-%D9%83%D8%AA%D8%A8-%D8%A5%D8%A8%D8%AF%D8%A7%D8%B9%D9%8A%D8%A9-%D9%88%D9%85%D9%85%D9%8A%D8%B2%D8%A9-%D9%81%D9%8A-%D8%B4%D8%AA%D9%89-%D8%A7%D9%84%D9%85%D8%AC%D8%A7%D9%84%D8%A7%D8%AA,0.0,0,لم يحسب,0,0,$10.00,أسبوع,0,3,90.0,.Maha A,https://khamsat.com/user/maha_2002mou,True,بائع نشيط,4.5,6,100.0%,5,9,ساعتين
كتابة وترجمة,https://khamsat.com/writing,تأليف كتاب,https://khamsat.com/writing/book-writing,إنشاء كتاب إلكتروني بأي لغة جاهز للنشر - تأليف وكتابة,https://khamsat.com/writing/book-writing/3046471-%D8%A5%D9%86%D8%B4%D8%A7%D8%A1-%D9%83%D8%AA%D8%A7%D8%A8-%D8%A5%D9%84%D9%83%D8%AA%D8%B1%D9%88%D9%86%D9%8A-%D8%A8%D8%A3%D9%8A-%D9%84%D8%BA%D8%A9-%D8%AC%D8%A7%D9%87%D8%B2-%D9%84%D9%84%D9%86%D8%B4%D8%B1-%D8%AA%D8%A3%D9%84%D9%8A%D9%81-%D9%88%D9%83%D8%AA%D8%A7%D8%A8%D8%A9,0.0,0,لم يحسب,0,0,$5.00,يوم واحد,0,5,45.0,عمر س.,https://khamsat.com/user/omar1salem,True,بائع جديد,0.0,0,لم يحسب بعد,2,0,لم يحسب
كتابة وترجمة,https://khamsat.com/writing,تأليف كتاب,https://khamsat.com/writing/book-writing,تصميم كتب الكترونية وقصص اطفال وقصص مصورة,https://khamsat.com/writing/book-writing/2871419-%D8%AA%D8%B5%D9%85%D9%8A%D9%85-%D9%83%D8%AA%D8%A8-%D8%A7%D9%84%D9%83%D8%AA%D8%B1%D9%88%D9%86%D9%8A%D8%A9-%D9%88%D9%82%D8%B5%D8%B5-%D8%A7%D8%B7%D9%81%D8%A7%D9%84-%D9%88%D9%82%D8%B5%D8%B5-%D9%85%D8%B5%D9%88%D8%B1%D8%A9,0.0,0,لم يحسب,0,0,$10.00,يومين,0,1,5.0,.Shaaban A,https://khamsat.com/user/shaaban_almelhem111,False,بائع جديد,0.0,0,لم يحسب بعد,2,0,لم يحسب
كتابة وترجمة,https://khamsat.com/writing,كتابة قصص قصيرة,https://khamsat.com/writing/short-stories,كتابة رواية إبداعية باللغة العربية الفصحى,https://khamsat.com/writing/short-stories/2541865-%D9%83%D8%AA%D8%A7%D8%A8%D8%A9-%D8%B1%D9%88%D8%A7%D9%8A%D8%A9-%D8%A5%D8%A8%D8%AF%D8%A7%D8%B9%D9%8A%D8%A9-%D8%A8%D8%A7%D9%84%D9%84%D8%BA%D8%A9-%D8%A7%D9%84%D8%B9%D8%B1%D8%A8%D9%8A%D8%A9-%D8%A7%D9%84%D9%81%D8%B5%D8%AD%D9%89,5.0,15,22 دقيقة,17,0,$10.00,يوم واحد,15,4,360.0,ريما أ.,https://khamsat.com/user/rema_abumogdib88,True,بائع مميز,5.0,112,99.42%,6,103,29 دقيقة
كتابة وترجمة,https://khamsat.com/writing,كتابة قصص قصيرة,https://khamsat.com/writing/short-stories,كتابةُ القصصِ القصيرة والروايات,https://khamsat.com/writing/short-stories/1431309-%D9%83%D8%AA%D8%A7%D8%A8%D8%A9-%D8%A7%D9%84%D9%82%D8%B5%D8%B5-%D8%A7%D9%84%D9%82%D8%B5%D9%8A%D8%B1%D8%A9-%D9%88%D8%A7%D9%84%D8%B1%D9%88%D8%A7%D9%8A%D8%A7%D8%AA,4.5,13,7 ساعات,13,0,$10.00,ثلاثة أيام,13,2,300.0,محمد ا.,https://khamsat.com/user/el7amrawy,True,بائع مميز,4.5,14,82.56%,2,14,ساعتين
كتابة وترجمة,https://khamsat.com/writing,كتابة قصص قصيرة,https://khamsat.com/writing/short-stories,تأليف وكتابة قصة قصيرة تخدم أهدافك 500 كلمة,https://khamsat.com/writing/short-stories/989082-%D8%AA%D8%A3%D9%84%D9%8A%D9%81-%D9%88%D9%83%D8%AA%D8%A7%D8%A8%D8%A9-%D9%82%D8%B5%D8%A9-%D9%82%D8%B5%D9%8A%D8%B1%D8%A9-%D8%AA%D8%AE%D8%AF%D9%85-%D8%A3%D9%87%D8%AF%D8%A7%D9%81%D9%83-500-%D9%83%D9%84%D9%85%D8%A9,4.5,39,9 ساعات,56,0,$5.00,يوم واحد,25,4,55.0,أحمد م.,https://khamsat.com/user/fantastiq,True,بائع مميز,4.5,90,97.73%,4,111,6 ساعات
كتابة وترجمة,https://khamsat.com/writing,كتابة قصص قصيرة,https://khamsat.com/writing/short-stories,كتابة قصص قصيرة,https://khamsat.com/writing/short-stories/2689753-%D9%83%D8%AA%D8%A7%D8%A8%D8%A9-%D9%82%D8%B5%D8%B5-%D9%82%D8%B5%D9%8A%D8%B1%D8%A9,5.0,3,46 دقيقة,3,0,$5.00,يومين,3,4,140.0,.Mariam A,https://khamsat.com/user/mariamahmad888,True,بائع مميز,5.0,16,98.28%,8,14,ساعة
كتابة وترجمة,https://khamsat.com/writing,كتابة قصص قصيرة,https://khamsat.com/writing/short-stories,قصص قصيرة عادية وإعلانية والروايات باللغة العربية والعامية,https://khamsat.com/writing/short-stories/2663339-%D9%82%D8%B5%D8%B5-%D9%82%D8%B5%D9%8A%D8%B1%D8%A9-%D8%B9%D8%A7%D8%AF%D9%8A%D8%A9-%D9%88%D8%A5%D8%B9%D9%84%D8%A7%D9%86%D9%8A%D8%A9-%D9%88%D8%A7%D9%84%D8%B1%D9%88%D8%A7%D9%8A%D8%A7%D8%AA-%D8%A8%D8%A7%D9%84%D9%84%D8%BA%D8%A9-%D8%A7%D9%84%D8%B9%D8%B1%D8%A8%D9%8A%D8%A9-%D9%88%D8%A7%D9%84%D8%B9%D8%A7%D9%85%D9%8A%D8%A9,5.0,8,ساعتين,8,0,$10.00,يوم واحد,8,4,105.0,.Nesma H,https://khamsat.com/user/nesmahamed300,True,بائع مميز,5.0,20,97.7%,6,18,ساعتين
كتابة وترجمة,https://khamsat.com/writing,كتابة قصص قصيرة,https://khamsat.com/writing/short-stories,تأليف الراويات والكتب في شتي المجالات,https://khamsat.com/writing/short-stories/2618961-%D8%AA%D8%A3%D9%84%D9%8A%D9%81-%D8%A7%D9%84%D8%B1%D8%A7%D9%88%D9%8A%D8%A7%D8%AA-%D9%88%D8%A7%D9%84%D9%83%D8%AA%D8%A8-%D9%81%D9%8A-%D8%B4%D8%AA%D9%8A-%D8%A7%D9%84%D9%85%D8%AC%D8%A7%D9%84%D8%A7%D8%AA,4.5,6,ساعتين,9,0,$10.00,أسبوعين,6,4,165.0,.Maha A,https://khamsat.com/user/maha_2002mou,True,بائع نشيط,4.5,6,100.0%,5,9,ساعتين
كتابة وترجمة,https://khamsat.com/writing,كتابة قصص قصيرة,https://khamsat.com/writing/short-stories,كتابة قصص لجميع الفئات العمرية وفي مختلف المجالات,https://khamsat.com/writing/short-stories/2745124-%D9%83%D8%AA%D8%A7%D8%A8%D8%A9-%D9%82%D8%B5%D8%B5-%D9%84%D8%AC%D9%85%D9%8A%D8%B9-%D8%A7%D9%84%D9%81%D8%A6%D8%A7%D8%AA-%D8%A7%D9%84%D8%B9%D9%85%D8%B1%D9%8A%D8%A9-%D9%88%D9%81%D9%8A-%D9%85%D8%AE%D8%AA%D9%84%D9%81-%D8%A7%D9%84%D9%85%D8%AC%D8%A7%D9%84%D8%A7%D8%AA,5.0,8,5 ساعات,9,0,$10.00,يومين,8,5,75.0,.Mohamed E,https://khamsat.com/user/mohamed_lmouden,True,بائع نشيط,5.0,11,100.0%,7,12,3 ساعات
كتابة وترجمة,https://khamsat.com/writing,كتابة قصص قصيرة,https://khamsat.com/writing/short-stories,قصص أو مسرحيات أطفال هادفة ومشوقة,https://khamsat.com/writing/short-stories/1353556-%D9%82%D8%B5%D8%B5-%D8%A3%D9%88-%D9%85%D8%B3%D8%B1%D8%AD%D9%8A%D8%A7%D8%AA-%D8%A3%D8%B7%D9%81%D8%A7%D9%84-%D9%87%D8%A7%D8%AF%D9%81%D8%A9-%D9%88%D9%85%D8%B4%D9%88%D9%82%D8%A9,5.0,15,6 ساعات,17,0,$5.00,ثلاثة أيام,15,5,75.0,فرح ع.,https://khamsat.com/user/%D9%81%D8%B1%D8%ADfarah,True,بائع مميز,5.0,28,95.03%,3,32,6 ساعات
كتابة وترجمة,https://khamsat.com/writing,كتابة قصص قصيرة,https://khamsat.com/writing/short-stories,كتابة قصة قصيرة، رواية,https://khamsat.com/writing/short-stories/1426017-%D9%83%D8%AA%D8%A7%D8%A8%D8%A9-%D9%82%D8%B5%D8%A9-%D9%82%D8%B5%D9%8A%D8%B1%D8%A9-%D8%B1%D9%88%D8%A7%D9%8A%D8%A9,4.5,36,ساعة,48,0,$5.00,يوم واحد,25,5,430.0,عمر إ.,https://khamsat.com/user/alkatebwaalmotargem,True,بائع مميز,4.5,40,90.77%,2,53,ساعة
كتابة وترجمة,https://khamsat.com/writing,كتابة قصص قصيرة,https://khamsat.com/writing/short-stories,كتابة قصص مبتكرة تجسد أفكارك,https://khamsat.com/writing/short-stories/2698696-%D9%83%D8%AA%D8%A7%D8%A8%D8%A9-%D9%82%D8%B5%D8%B5-%D9%85%D8%A8%D8%AA%D9%83%D8%B1%D8%A9-%D8%AA%D8%AC%D8%B3%D8%AF-%D8%A3%D9%81%D9%83%D8%A7%D8%B1%D9%83,5.0,8,9 دقائق,8,0,$5.00,يوم واحد,8,2,25.0,ألاء ا.,https://khamsat.com/user/sidrabens,True,بائع نشيط,5.0,10,96.3%,4,12,ساعتين
كتابة وترجمة,https://khamsat.com/writing,كتابة قصص قصيرة,https://khamsat.com/writing/short-stories,قصة قصيرة مليئة بالإثارة والشجن من أجلك,https://khamsat.com/writing/short-stories/1077905-%D9%82%D8%B5%D8%A9-%D9%82%D8%B5%D9%8A%D8%B1%D8%A9-%D9%85%D9%84%D9%8A%D8%A6%D8%A9-%D8%A8%D8%A7%D9%84%D8%A5%D8%AB%D8%A7%D8%B1%D8%A9-%D9%88%D8%A7%D9%84%D8%B4%D8%AC%D9%86-%D9%85%D9%86-%D8%A3%D8%AC%D9%84%D9%83,5.0,5,16 دقيقة,7,0,$5.00,يومين,5,3,30.0,محمد ع.,https://khamsat.com/user/%D9%85%D8%AD%D9%85%D8%AF-%D8%B9%D8%A8%D8%AF-%D8%A7%D9%84%D8%B9%D8%A7%D8%B7%D9%8A-%D8%A7%D8%AD%D9%85%D8%AF,True,بائع مميز,5.0,56,94.74%,3,67,6 ساعات
كتابة وترجمة,https://khamsat.com/writing,كتابة قصص قصيرة,https://khamsat.com/writing/short-stories,كتابة القصص القصيرة جديدة,https://khamsat.com/writing/short-stories/1250505-%D9%83%D8%AA%D8%A7%D8%A8%D8%A9-%D8%A7%D9%84%D9%82%D8%B5%D8%B5-%D8%A7%D9%84%D9%82%D8%B5%D9%8A%D8%B1%D8%A9-%D8%AC%D8%AF%D9%8A%D8%AF%D8%A9,4.5,16,3 ساعات,21,0,$5.00,يوم واحد,16,2,20.0,.Ayman S,https://khamsat.com/user/aymansharaf54,True,بائع مميز,4.5,18,80.0%,2,22,4 ساعات
كتابة وترجمة,https://khamsat.com/writing,كتابة قصص قصيرة,https://khamsat.com/writing/short-stories,اكتب لك فكرة رواية أو قصة قصيرة,https://khamsat.com/writing/short-stories/2281737-%D8%A7%D9%83%D8%AA%D8%A8-%D9%84%D9%83-%D9%81%D9%83%D8%B1%D8%A9-%D8%B1%D9%88%D8%A7%D9%8A%D8%A9-%D8%A3%D9%88-%D9%82%D8%B5%D8%A9-%D9%82%D8%B5%D9%8A%D8%B1%D8%A9,5.0,15,يوم,17,0,$15.00,ثلاثة أيام,15,3,65.0,.Mahmoud E,https://khamsat.com/user/elmaghraby20,True,بائع مميز,5.0,44,97.8%,5,44,10 ساعات
كتابة وترجمة,https://khamsat.com/writing,كتابة قصص قصيرة,https://khamsat.com/writing/short-stories,كتابة قصص قصيرة تعليمية للأطفال,https://khamsat.com/writing/short-stories/3016069-%D9%83%D8%AA%D8%A7%D8%A8%D8%A9-%D9%82%D8%B5%D8%B5-%D9%82%D8%B5%D9%8A%D8%B1%D8%A9-%D8%AA%D8%B9%D9%84%D9%8A%D9%85%D9%8A%D8%A9-%D9%84%D9%84%D8%A3%D8%B7%D9%81%D8%A7%D9%84,5.0,2,3 دقائق,2,0,$5.00,يومين,2,3,20.0,.Omnia A,https://khamsat.com/user/omnia_ahmed87,True,بائع جديد,5.0,4,100.0%,4,3,46 دقيقة
كتابة وترجمة,https://khamsat.com/writing,كتابة قصص قصيرة,https://khamsat.com/writing/short-stories,قصص أطفال قصيره مفصله خصيصا لإبنك - كن بطل قصتك,https://khamsat.com/writing/short-stories/2789078-%D9%82%D8%B5%D8%B5-%D8%A3%D8%B7%D9%81%D8%A7%D9%84-%D9%82%D8%B5%D9%8A%D8%B1%D9%87-%D9%85%D9%81%D8%B5%D9%84%D9%87-%D8%AE%D8%B5%D9%8A%D8%B5%D8%A7-%D9%84%D8%A5%D8%A8%D9%86%D9%83-%D9%83%D9%86-%D8%A8%D8%B7%D9%84-%D9%82%D8%B5%D8%AA%D9%83,5.0,4,45 دقيقة,5,0,$10.00,ثلاثة أيام,4,2,15.0,أحمد ر.,https://khamsat.com/user/ahmed_rezk1212,True,بائع جديد,5.0,4,100.0%,2,5,45 دقيقة
كتابة وترجمة,https://khamsat.com/writing,كتابة قصص قصيرة,https://khamsat.com/writing/short-stories,تأليف قصة قصيرة عن اي موضوع تريده,https://khamsat.com/writing/short-stories/2377583-%D8%AA%D8%A3%D9%84%D9%8A%D9%81-%D9%82%D8%B5%D8%A9-%D9%82%D8%B5%D9%8A%D8%B1%D8%A9-%D8%B9%D9%86-%D8%A7%D9%8A-%D9%85%D9%88%D8%B6%D9%88%D8%B9-%D8%AA%D8%B1%D9%8A%D8%AF%D9%87,5.0,8,6 ساعات,10,0,$10.00,يوم واحد,8,4,75.0,.Nada S,https://khamsat.com/user/nadakhaled77,True,بائع مميز,5.0,23,91.38%,5,25,17 ساعة
كتابة وترجمة,https://khamsat.com/writing,كتابة قصص قصيرة,https://khamsat.com/writing/short-stories,كتابة قصص بيئيَّة توعويَة للأطفال,https://khamsat.com/writing/short-stories/1558665-%D9%83%D8%AA%D8%A7%D8%A8%D8%A9-%D9%82%D8%B5%D8%B5-%D8%A8%D9%8A%D8%A6%D9%8A%D8%A9-%D8%AA%D9%88%D8%B9%D9%88%D9%8A%D8%A9-%D9%84%D9%84%D8%A3%D8%B7%D9%81%D8%A7%D9%84,5.0,8,3 أيام,8,0,$5.00,يومين,8,2,15.0,علا خ.,https://khamsat.com/user/aulakhalil,True,بائع نشيط,5.0,8,100.0%,3,8,يومين
كتابة وترجمة,https://khamsat.com/writing,كتابة قصص قصيرة,https://khamsat.com/writing/short-stories,كتابة محتوى إبداعى روائى وقصصى,https://khamsat.com/writing/short-stories/2569070-%D9%83%D8%AA%D8%A7%D8%A8%D8%A9-%D9%85%D8%AD%D8%AA%D9%88%D9%89-%D8%A5%D8%A8%D8%AF%D8%A7%D8%B9%D9%89-%D8%B1%D9%88%D8%A7%D8%A6%D9%89-%D9%88%D9%82%D8%B5%D8%B5%D9%89,5.0,5,13 ساعة,5,0,$5.00,ثلاثة أيام,5,4,45.0,سلامه ي.,https://khamsat.com/user/salamagerges777,True,بائع نشيط,5.0,9,100.0%,5,10,6 ساعات
كتابة وترجمة,https://khamsat.com/writing,كتابة قصص قصيرة,https://khamsat.com/writing/short-stories,كتابة القصة القصيرة قصص أطفال قصص هادفة,https://khamsat.com/writing/short-stories/2419385-%D9%83%D8%AA%D8%A7%D8%A8%D8%A9-%D8%A7%D9%84%D9%82%D8%B5%D8%A9-%D8%A7%D9%84%D9%82%D8%B5%D9%8A%D8%B1%D8%A9-%D9%82%D8%B5%D8%B5-%D8%A3%D8%B7%D9%81%D8%A7%D9%84-%D9%82%D8%B5%D8%B5-%D9%87%D8%A7%D8%AF%D9%81%D8%A9,4.5,5,28 دقيقة,6,0,$5.00,ثلاثة أيام,5,2,20.0,.Khadija E,https://khamsat.com/user/elfakiry_khadija1,True,بائع نشيط,4.5,8,100.0%,5,7,3 ساعات
كتابة وترجمة,https://khamsat.com/writing,كتابة قصص قصيرة,https://khamsat.com/writing/short-stories,لك مني مؤلَّفًا إبداعيًا بأسلوب خالٍ من الأخطاء وحقوق ملكية,https://khamsat.com/writing/short-stories/2154202-%D9%84%D9%83-%D9%85%D9%86%D9%8A-%D9%85%D8%A4%D9%84%D9%81%D8%A7-%D8%A5%D8%A8%D8%AF%D8%A7%D8%B9%D9%8A%D8%A7-%D8%A8%D8%A3%D8%B3%D9%84%D9%88%D8%A8-%D8%AE%D8%A7%D9%84-%D9%85%D9%86-%D8%A7%D9%84%D8%A3%D8%AE%D8%B7%D8%A7%D8%A1-%D9%88%D8%AD%D9%82%D9%88%D9%82-%D9%85%D9%84%D9%83%D9%8A%D8%A9,3.0,2,يوم,3,0,$5.00,ثلاثة أسابيع,2,2,175.0,.Atika R,https://khamsat.com/user/a_tasnim,True,بائع جديد,3.0,2,60.0%,1,3,يوم
كتابة وترجمة,https://khamsat.com/writing,كتابة قصص قصيرة,https://khamsat.com/writing/short-stories,كتابة القصة القصيرة بأسلوب شيق وسهل,https://khamsat.com/writing/short-stories/2787001-%D9%83%D8%AA%D8%A7%D8%A8%D8%A9-%D8%A7%D9%84%D9%82%D8%B5%D8%A9-%D8%A7%D9%84%D9%82%D8%B5%D9%8A%D8%B1%D8%A9-%D8%A8%D8%A3%D8%B3%D9%84%D9%88%D8%A8-%D8%B4%D9%8A%D9%82-%D9%88%D8%B3%D9%87%D9%84,5.0,2,12 دقيقة,2,0,$5.00,يوم واحد,2,5,185.0,.Khalaid K,https://khamsat.com/user/khalaidkt,True,بائع نشيط,5.0,5,88.0%,3,5,50 دقيقة
كتابة وترجمة,https://khamsat.com/writing,كتابة قصص قصيرة,https://khamsat.com/writing/short-stories,الخدمة الأدبية الإبداعية | كتابة القصص والمنشورات |,https://khamsat.com/writing/short-stories/1380508-%D8%A7%D9%84%D8%AE%D8%AF%D9%85%D8%A9-%D8%A7%D9%84%D8%A3%D8%AF%D8%A8%D9%8A%D8%A9-%D8%A7%D9%84%D8%A5%D8%A8%D8%AF%D8%A7%D8%B9%D9%8A%D8%A9-%D9%83%D8%AA%D8%A7%D8%A8%D8%A9-%D8%A7%D9%84%D9%82%D8%B5%D8%B5-%D9%88%D8%A7%D9%84%D9%85%D9%86%D8%B4%D9%88%D8%B1%D8%A7%D8%AA,5.0,31,ساعتين,37,0,$15.00,يومين,25,5,95.0,أسامة ا.,https://khamsat.com/user/%D8%A3%D8%B3%D8%A7%D9%85%D8%A9-%D8%A7%D9%84%D8%A8%D8%B4%D8%A7%D8%B4,True,بائع مميز,5.0,86,91.93%,7,88,ساعة
كتابة وترجمة,https://khamsat.com/writing,كتابة قصص قصيرة,https://khamsat.com/writing/short-stories,كتابة قصص قصيرة، روايات .. اكتب لك وبأسمك قصص وروايات للنشر,https://khamsat.com/writing/short-stories/2928601-%D9%83%D8%AA%D8%A7%D8%A8%D8%A9-%D9%82%D8%B5%D8%B5-%D9%82%D8%B5%D9%8A%D8%B1%D8%A9-%D8%B1%D9%88%D8%A7%D9%8A%D8%A7%D8%AA-%D8%A7%D9%83%D8%AA%D8%A8-%D9%84%D9%83-%D9%88%D8%A8%D8%A3%D8%B3%D9%85%D9%83-%D9%82%D8%B5%D8%B5-%D9%88%D8%B1%D9%88%D8%A7%D9%8A%D8%A7%D8%AA-%D9%84%D9%84%D9%86%D8%B4%D8%B1,5.0,2,13 دقيقة,2,0,$10.00,يوم واحد,2,1,5.0,.Ashraf A,https://khamsat.com/user/ashrafadly_22,True,بائع جديد,5.0,3,100.0%,5,2,8 دقائق
كتابة وترجمة,https://khamsat.com/writing,كتابة قصص قصيرة,https://khamsat.com/writing/short-stories,كتابة رواية أو قصة قصيرة,https://khamsat.com/writing/short-stories/1622712-%D9%83%D8%AA%D8%A7%D8%A8%D8%A9-%D8%B1%D9%88%D8%A7%D9%8A%D8%A9-%D8%A3%D9%88-%D9%82%D8%B5%D8%A9-%D9%82%D8%B5%D9%8A%D8%B1%D8%A9,5.0,29,7 ساعات,43,1,$5.00,ثلاثة أيام,25,5,530.0,.Majd Aldin S,https://khamsat.com/user/majd999,True,بائع مميز,5.0,34,94.78%,3,46,23 ساعة
كتابة وترجمة,https://khamsat.com/writing,كتابة قصص قصيرة,https://khamsat.com/writing/short-stories,تأليف قصص قصيرة بالفصحي والعامية باسلوب شيق ولغة سليمة.,https://khamsat.com/writing/short-stories/2422630-%D8%AA%D8%A3%D9%84%D9%8A%D9%81-%D9%82%D8%B5%D8%B5-%D9%82%D8%B5%D9%8A%D8%B1%D8%A9-%D8%A8%D8%A7%D9%84%D9%81%D8%B5%D8%AD%D9%8A-%D9%88%D8%A7%D9%84%D8%B9%D8%A7%D9%85%D9%8A%D8%A9-%D8%A8%D8%A7%D8%B3%D9%84%D9%88%D8%A8-%D8%B4%D9%8A%D9%82-%D9%88%D9%84%D8%BA%D8%A9-%D8%B3%D9%84%D9%8A%D9%85%D8%A9,5.0,1,ساعة,2,0,$5.00,يوم واحد,1,0,0.0,.Azza M,https://khamsat.com/user/azza_mahmoud_64,True,بائع نشيط,5.0,1,100.0%,1,2,ساعة
كتابة وترجمة,https://khamsat.com/writing,كتابة قصص قصيرة,https://khamsat.com/writing/short-stories,كتابة محتوىً إبداعي(قصص،خواطر،..),https://khamsat.com/writing/short-stories/2708610-%D9%83%D8%AA%D8%A7%D8%A8%D8%A9-%D9%85%D8%AD%D8%AA%D9%88%D9%89-%D8%A5%D8%A8%D8%AF%D8%A7%D8%B9%D9%8A%D9%82%D8%B5%D8%B5%D8%AE%D9%88%D8%A7%D8%B7%D8%B1,5.0,2,ساعة,2,0,$5.00,يومين,2,3,60.0,.Bushra A,https://khamsat.com/user/bushra_al_khder,True,بائع جديد,5.0,2,100.0%,1,2,ساعة
كتابة وترجمة,https://khamsat.com/writing,كتابة قصص قصيرة,https://khamsat.com/writing/short-stories,تأليف القصص القصيرة والروايات,https://khamsat.com/writing/short-stories/2785931-%D8%AA%D8%A3%D9%84%D9%8A%D9%81-%D8%A7%D9%84%D9%82%D8%B5%D8%B5-%D8%A7%D9%84%D9%82%D8%B5%D9%8A%D8%B1%D8%A9-%D9%88%D8%A7%D9%84%D8%B1%D9%88%D8%A7%D9%8A%D8%A7%D8%AA,5.0,7,11 دقيقة,10,0,$5.00,يوم واحد,7,3,75.0,أسماء م.,https://khamsat.com/user/a_sma,True,بائع نشيط,5.0,11,100.0%,3,12,9 ساعات
كتابة وترجمة,https://khamsat.com/writing,كتابة قصص قصيرة,https://khamsat.com/writing/short-stories,كتابة قصة قصيرة لليوتيوب,https://khamsat.com/writing/short-stories/2304052-%D9%83%D8%AA%D8%A7%D8%A8%D8%A9-%D9%82%D8%B5%D8%A9-%D9%82%D8%B5%D9%8A%D8%B1%D8%A9-%D9%84%D9%84%D9%8A%D9%88%D8%AA%D9%8A%D9%88%D8%A8,5.0,5,يومين,6,0,$10.00,ثلاثة أيام,5,2,205.0,أسماء ع.,https://khamsat.com/user/%D8%A3%D8%B3%D9%85%D8%A7%D8%A1-%D8%B9%D8%A8%D8%AF-%D8%A7%D9%84%D9%86%D8%A7%D8%B5%D8%B1,True,بائع مميز,5.0,28,76.34%,2,28,12 ساعة
كتابة وترجمة,https://khamsat.com/writing,كتابة قصص قصيرة,https://khamsat.com/writing/short-stories,كتابة قصص بنكهة إبداعية بالعربية والانجليزية,https://khamsat.com/writing/short-stories/2607648-%D9%83%D8%AA%D8%A7%D8%A8%D8%A9-%D9%82%D8%B5%D8%B5-%D8%A8%D9%86%D9%83%D9%87%D8%A9-%D8%A5%D8%A8%D8%AF%D8%A7%D8%B9%D9%8A%D8%A9-%D8%A8%D8%A7%D9%84%D8%B9%D8%B1%D8%A8%D9%8A%D8%A9-%D9%88%D8%A7%D9%84%D8%A7%D9%86%D8%AC%D9%84%D9%8A%D8%B2%D9%8A%D8%A9,5.0,8,55 دقيقة,8,0,$5.00,يومين,8,3,165.0,سلسبيل أ.,https://khamsat.com/user/salsabeelloghod,True,بائع نشيط,5.0,15,100.0%,5,10,ساعة
كتابة وترجمة,https://khamsat.com/writing,كتابة قصص قصيرة,https://khamsat.com/writing/short-stories,سوف اكتب قصة قصيرة اراعي فيها الدقة و الابداع,https://khamsat.com/writing/short-stories/1808484-%D8%B3%D9%88%D9%81-%D8%A7%D9%83%D8%AA%D8%A8-%D9%82%D8%B5%D8%A9-%D9%82%D8%B5%D9%8A%D8%B1%D8%A9-%D8%A7%D8%B1%D8%A7%D8%B9%D9%8A-%D9%81%D9%8A%D9%87%D8%A7-%D8%A7%D9%84%D8%AF%D9%82%D8%A9-%D9%88-%D8%A7%D9%84%D8%A7%D8%A8%D8%AF%D8%A7%D8%B9,5.0,1,يوم,3,0,$5.00,ثلاثة أيام,1,0,0.0,.Nagham A,https://khamsat.com/user/nagham_arous,True,بائع جديد,5.0,1,100.0%,3,3,يوم
كتابة وترجمة,https://khamsat.com/writing,كتابة كلمات الأغاني,https://khamsat.com/writing/lyrics-writing,كتابة أغنية بالفصحى والعامية,https://khamsat.com/writing/lyrics-writing/2323249-%D9%83%D8%AA%D8%A7%D8%A8%D8%A9-%D8%A3%D8%BA%D9%86%D9%8A%D8%A9-%D8%A8%D8%A7%D9%84%D9%81%D8%B5%D8%AD%D9%89-%D9%88%D8%A7%D9%84%D8%B9%D8%A7%D9%85%D9%8A%D8%A9,5.0,14,34 دقيقة,17,0,$10.00,ثلاثة أيام,14,4,360.0,ريما أ.,https://khamsat.com/user/rema_abumogdib88,True,بائع مميز,5.0,112,99.42%,6,103,29 دقيقة
كتابة وترجمة,https://khamsat.com/writing,كتابة كلمات الأغاني,https://khamsat.com/writing/lyrics-writing,سوف اقوم بكتابة او تاليف اغنية باللغة العرية او العامية,https://khamsat.com/writing/lyrics-writing/1437229-%D8%B3%D9%88%D9%81-%D8%A7%D9%82%D9%88%D9%85-%D8%A8%D9%83%D8%AA%D8%A7%D8%A8%D8%A9-%D8%A7%D9%88-%D8%AA%D8%A7%D9%84%D9%8A%D9%81-%D8%A7%D8%BA%D9%86%D9%8A%D8%A9-%D8%A8%D8%A7%D9%84%D9%84%D8%BA%D8%A9-%D8%A7%D9%84%D8%B9%D8%B1%D9%8A%D8%A9-%D8%A7%D9%88-%D8%A7%D9%84%D8%B9%D8%A7%D9%85%D9%8A%D8%A9,4.5,22,ساعة,37,0,$10.00,ثلاثة أيام,22,4,35.0,.Ahmed E,https://khamsat.com/user/ahmed137,True,بائع مميز,4.5,26,96.74%,2,43,4 ساعات
كتابة وترجمة,https://khamsat.com/writing,كتابة كلمات الأغاني,https://khamsat.com/writing/lyrics-writing,كتابةالأناشيد والأغاني بطريقة احترافية حصرية,https://khamsat.com/writing/lyrics-writing/1667287-%D9%83%D8%AA%D8%A7%D8%A8%D8%A9%D8%A7%D9%84%D8%A3%D9%86%D8%A7%D8%B4%D9%8A%D8%AF-%D9%88%D8%A7%D9%84%D8%A3%D8%BA%D8%A7%D9%86%D9%8A-%D8%A8%D8%B7%D8%B1%D9%8A%D9%82%D8%A9-%D8%A7%D8%AD%D8%AA%D8%B1%D8%A7%D9%81%D9%8A%D8%A9-%D8%AD%D8%B5%D8%B1%D9%8A%D8%A9,4.5,21,23 ساعة,35,0,$10.00,يوم واحد,21,5,40.0,وليد ح.,https://khamsat.com/user/wal20099945,True,بائع مميز,5.0,56,95.05%,5,75,3 ساعات
كتابة وترجمة,https://khamsat.com/writing,كتابة كلمات الأغاني,https://khamsat.com/writing/lyrics-writing,كتابة كلمات أغاني للأطفال,https://khamsat.com/writing/lyrics-writing/1627589-%D9%83%D8%AA%D8%A7%D8%A8%D8%A9-%D9%83%D9%84%D9%85%D8%A7%D8%AA-%D8%A3%D8%BA%D8%A7%D9%86%D9%8A-%D9%84%D9%84%D8%A3%D8%B7%D9%81%D8%A7%D9%84,5.0,16,6 ساعات,23,0,$5.00,يوم واحد,16,1,5.0,رشا ر.,https://khamsat.com/user/rasha_riyad11,True,بائع مميز,5.0,32,96.94%,5,41,7 ساعات
كتابة وترجمة,https://khamsat.com/writing,كتابة كلمات الأغاني,https://khamsat.com/writing/lyrics-writing,كتابه كلمات أغاني جديده ومختلفة بشكل احترافي,https://khamsat.com/writing/lyrics-writing/2927180-%D9%83%D8%AA%D8%A7%D8%A8%D9%87-%D9%83%D9%84%D9%85%D8%A7%D8%AA-%D8%A3%D8%BA%D8%A7%D9%86%D9%8A-%D8%AC%D8%AF%D9%8A%D8%AF%D9%87-%D9%88%D9%85%D8%AE%D8%AA%D9%84%D9%81%D8%A9-%D8%A8%D8%B4%D9%83%D9%84-%D8%A7%D8%AD%D8%AA%D8%B1%D8%A7%D9%81%D9%8A,5.0,1,14 دقيقة,3,0,$10.00,يوم واحد,1,0,0.0,.Samer E,https://khamsat.com/user/samer30,True,بائع جديد,5.0,1,100.0%,1,3,14 دقيقة
كتابة وترجمة,https://khamsat.com/writing,كتابة كلمات الأغاني,https://khamsat.com/writing/lyrics-writing,كتابة كلمات أناشيد دينية وتعليمية,https://khamsat.com/writing/lyrics-writing/2977989-%D9%83%D8%AA%D8%A7%D8%A8%D8%A9-%D9%83%D9%84%D9%85%D8%A7%D8%AA-%D8%A3%D9%86%D8%A7%D8%B4%D9%8A%D8%AF-%D8%AF%D9%8A%D9%86%D9%8A%D8%A9-%D9%88%D8%AA%D8%B9%D9%84%D9%8A%D9%85%D9%8A%D8%A9,5.0,1,10 ساعات,1,0,$5.00,أربعة أيام,1,4,65.0,.Salma W,https://khamsat.com/user/sal_9494,True,بائع جديد,5.0,1,100.0%,3,1,10 ساعات
كتابة وترجمة,https://khamsat.com/writing,كتابة كلمات الأغاني,https://khamsat.com/writing/lyrics-writing,كتابة أناشيد إسلامية، للكبار والصغار بدون موسيقى,https://khamsat.com/writing/lyrics-writing/760809-%D9%83%D8%AA%D8%A7%D8%A8%D8%A9-%D8%A3%D9%86%D8%A7%D8%B4%D9%8A%D8%AF-%D8%A5%D8%B3%D9%84%D8%A7%D9%85%D9%8A%D8%A9-%D9%84%D9%84%D9%83%D8%A8%D8%A7%D8%B1-%D9%88%D8%A7%D9%84%D8%B5%D8%BA%D8%A7%D8%B1-%D8%A8%D8%AF%D9%88%D9%86-%D9%85%D9%88%D8%B3%D9%8A%D9%82%D9%89,5.0,5,ساعتين,8,0,$5.00,ستة أيام,5,2,15.0,هناء س.,https://khamsat.com/user/%D8%B1%D8%A7%D8%B3%D9%8A%D9%84-%D9%81%D9%8A%D8%A7%D8%B6,True,بائع مميز,5.0,156,87.3%,6,201,3 ساعات
كتابة وترجمة,https://khamsat.com/writing,كتابة كلمات الأغاني,https://khamsat.com/writing/lyrics-writing,كتابة أغنية راب باللغة العامية المصرية في أي موضوع تحب,https://khamsat.com/writing/lyrics-writing/1587272-%D9%83%D8%AA%D8%A7%D8%A8%D8%A9-%D8%A3%D8%BA%D9%86%D9%8A%D8%A9-%D8%B1%D8%A7%D8%A8-%D8%A8%D8%A7%D9%84%D9%84%D8%BA%D8%A9-%D8%A7%D9%84%D8%B9%D8%A7%D9%85%D9%8A%D8%A9-%D8%A7%D9%84%D9%85%D8%B5%D8%B1%D9%8A%D8%A9-%D9%81%D9%8A-%D8%A3%D9%8A-%D9%85%D9%88%D8%B6%D9%88%D8%B9-%D8%AA%D8%AD%D8%A8,5.0,4,7 ساعات,9,0,$10.00,ثلاثة أيام,4,3,35.0,.Ahmed E,https://khamsat.com/user/ahmed137,True,بائع مميز,4.5,26,96.74%,2,43,4 ساعات
كتابة وترجمة,https://khamsat.com/writing,كتابة كلمات الأغاني,https://khamsat.com/writing/lyrics-writing,كتابة اغانى للاطفال بالعامية المصرية والفصحى,https://khamsat.com/writing/lyrics-writing/2115108-%D9%83%D8%AA%D8%A7%D8%A8%D8%A9-%D8%A7%D8%BA%D8%A7%D9%86%D9%89-%D9%84%D9%84%D8%A7%D8%B7%D9%81%D8%A7%D9%84-%D8%A8%D8%A7%D9%84%D8%B9%D8%A7%D9%85%D9%8A%D8%A9-%D8%A7%D9%84%D9%85%D8%B5%D8%B1%D9%8A%D8%A9-%D9%88%D8%A7%D9%84%D9%81%D8%B5%D8%AD%D9%89,5.0,1,13 ساعة,1,0,$5.00,ثلاثة أيام,1,4,155.0,بيشوى م.,https://khamsat.com/user/beshoy_melad20,True,بائع نشيط,5.0,6,100.0%,5,10,6 ساعات
كتابة وترجمة,https://khamsat.com/writing,كتابة كلمات الأغاني,https://khamsat.com/writing/lyrics-writing,تأليف وكتابة أناشيد للأطفال وأناشيد أعراس,https://khamsat.com/writing/lyrics-writing/2799667-%D8%AA%D8%A3%D9%84%D9%8A%D9%81-%D9%88%D9%83%D8%AA%D8%A7%D8%A8%D8%A9-%D8%A3%D9%86%D8%A7%D8%B4%D9%8A%D8%AF-%D9%84%D9%84%D8%A3%D8%B7%D9%81%D8%A7%D9%84-%D9%88%D8%A3%D9%86%D8%A7%D8%B4%D9%8A%D8%AF-%D8%A3%D8%B9%D8%B1%D8%A7%D8%B3,0.0,0,لم يحسب,0,0,$10.00,ثلاثة أيام,0,2,10.0,سلام ا.,https://khamsat.com/user/salam_k,True,بائع جديد,0.0,0,لم يحسب بعد,1,0,لم يحسب
كتابة وترجمة,https://khamsat.com/writing,كتابة كلمات الأغاني,https://khamsat.com/writing/lyrics-writing,كتابة كلمات الاغاني بالاسبانية والروسية والعربية بكل لهجاتها,https://khamsat.com/writing/lyrics-writing/2626874-%D9%83%D8%AA%D8%A7%D8%A8%D8%A9-%D9%83%D9%84%D9%85%D8%A7%D8%AA-%D8%A7%D9%84%D8%A7%D8%BA%D8%A7%D9%86%D9%8A-%D8%A8%D8%A7%D9%84%D8%A7%D8%B3%D8%A8%D8%A7%D9%86%D9%8A%D8%A9-%D9%88%D8%A7%D9%84%D8%B1%D9%88%D8%B3%D9%8A%D8%A9-%D9%88%D8%A7%D9%84%D8%B9%D8%B1%D8%A8%D9%8A%D8%A9-%D8%A8%D9%83%D9%84-%D9%84%D9%87%D8%AC%D8%A7%D8%AA%D9%87%D8%A7,0.0,0,لم يحسب,0,0,$5.00,يوم واحد,0,5,80.0,عبد الغني ز.,https://khamsat.com/user/master_gamez,False,بائع جديد,0.0,0,لم يحسب بعد,4,0,لم يحسب
كتابة وترجمة,https://khamsat.com/writing,كتابة كلمات الأغاني,https://khamsat.com/writing/lyrics-writing,كتابة أغانى باللغة العامية واللغة العربية,https://khamsat.com/writing/lyrics-writing/2813317-%D9%83%D8%AA%D8%A7%D8%A8%D8%A9-%D8%A3%D8%BA%D8%A7%D9%86%D9%89-%D8%A8%D8%A7%D9%84%D9%84%D8%BA%D8%A9-%D8%A7%D9%84%D8%B9%D8%A7%D9%85%D9%8A%D8%A9-%D9%88%D8%A7%D9%84%D9%84%D8%BA%D8%A9-%D8%A7%D9%84%D8%B9%D8%B1%D8%A8%D9%8A%D8%A9,0.0,0,لم يحسب,0,0,$10.00,يوم واحد,0,0,0.0,.Ahmed B,https://khamsat.com/user/ahmed_elcoach,True,بائع جديد,0.0,0,لم يحسب بعد,4,0,لم يحسب
كتابة وترجمة,https://khamsat.com/writing,كتابة كلمات الأغاني,https://khamsat.com/writing/lyrics-writing,كتابة اغاني المناسبات وكلمات ومقدمات,https://khamsat.com/writing/lyrics-writing/2919919-%D9%83%D8%AA%D8%A7%D8%A8%D8%A9-%D8%A7%D8%BA%D8%A7%D9%86%D9%8A-%D8%A7%D9%84%D9%85%D9%86%D8%A7%D8%B3%D8%A8%D8%A7%D8%AA-%D9%88%D9%83%D9%84%D9%85%D8%A7%D8%AA-%D9%88%D9%85%D9%82%D8%AF%D9%85%D8%A7%D8%AA,0.0,0,لم يحسب,0,0,$10.00,خمسة أيام,0,2,45.0,اسمهان ا.,https://khamsat.com/user/asmahan_abuzahra89,False,بائع جديد,0.0,0,لم يحسب بعد,1,0,لم يحسب
كتابة وترجمة,https://khamsat.com/writing,كتابة كلمات الأغاني,https://khamsat.com/writing/lyrics-writing,تأليف أغانى بالعامية وباللغة العربية,https://khamsat.com/writing/lyrics-writing/2819276-%D8%AA%D8%A3%D9%84%D9%8A%D9%81-%D8%A3%D8%BA%D8%A7%D9%86%D9%89-%D8%A8%D8%A7%D9%84%D8%B9%D8%A7%D9%85%D9%8A%D8%A9-%D9%88%D8%A8%D8%A7%D9%84%D9%84%D8%BA%D8%A9-%D8%A7%D9%84%D8%B9%D8%B1%D8%A8%D9%8A%D8%A9,0.0,0,لم يحسب,0,0,$10.00,يوم واحد,0,2,35.0,.Ahmed B,https://khamsat.com/user/ahmed_elcoach,True,بائع جديد,0.0,0,لم يحسب بعد,4,0,لم يحسب
كتابة وترجمة,https://khamsat.com/writing,كتابة كلمات الأغاني,https://khamsat.com/writing/lyrics-writing,كلمات أغانى أطفال واغانى فى الطبيعة,https://khamsat.com/writing/lyrics-writing/3016148-%D9%83%D9%84%D9%85%D8%A7%D8%AA-%D8%A3%D8%BA%D8%A7%D9%86%D9%89-%D8%A3%D8%B7%D9%81%D8%A7%D9%84-%D9%88%D8%A7%D8%BA%D8%A7%D9%86%D9%89-%D9%81%D9%89-%D8%A7%D9%84%D8%B7%D8%A8%D9%8A%D8%B9%D8%A9,0.0,0,لم يحسب,0,0,$10.00,خمسة أيام,0,0,0.0,.Ali S,https://khamsat.com/user/sadeek1021953,True,بائع جديد,0.0,0,لم يحسب بعد,2,0,لم يحسب
كتابة وترجمة,https://khamsat.com/writing,كتابة كلمات الأغاني,https://khamsat.com/writing/lyrics-writing,كتابة كلمات أغاني حديثة وقديمة جاهزة للتلحين,https://khamsat.com/writing/lyrics-writing/2727863-%D9%83%D8%AA%D8%A7%D8%A8%D8%A9-%D9%83%D9%84%D9%85%D8%A7%D8%AA-%D8%A3%D8%BA%D8%A7%D9%86%D9%8A-%D8%AD%D8%AF%D9%8A%D8%AB%D8%A9-%D9%88%D9%82%D8%AF%D9%8A%D9%85%D8%A9-%D8%AC%D8%A7%D9%87%D8%B2%D8%A9-%D9%84%D9%84%D8%AA%D9%84%D8%AD%D9%8A%D9%86,0.0,0,ساعة,1,0,$10.00,يوم واحد,0,0,0.0,أغيد أ.,https://khamsat.com/user/aghyad_bofaour,True,بائع جديد,0.0,0,100.0%,2,1,ساعة
كتابة وترجمة,https://khamsat.com/writing,كتابة كلمات الأغاني,https://khamsat.com/writing/lyrics-writing,كتابة الأغاني بالعامية المصرية,https://khamsat.com/writing/lyrics-writing/2944942-%D9%83%D8%AA%D8%A7%D8%A8%D8%A9-%D8%A7%D9%84%D8%A3%D8%BA%D8%A7%D9%86%D9%8A-%D8%A8%D8%A7%D9%84%D8%B9%D8%A7%D9%85%D9%8A%D8%A9-%D8%A7%D9%84%D9%85%D8%B5%D8%B1%D9%8A%D8%A9,0.0,0,لم يحسب,0,0,$10.00,يوم واحد,0,3,155.0,.Dina H,https://khamsat.com/user/dina_hamouda,True,بائع جديد,0.0,0,لم يحسب بعد,3,0,لم يحسب
كتابة وترجمة,https://khamsat.com/writing,كتابة كلمات الأغاني,https://khamsat.com/writing/lyrics-writing,كتابة اغنية احترافية جداً بالعامية المصرية,https://khamsat.com/writing/lyrics-writing/3009163-%D9%83%D8%AA%D8%A7%D8%A8%D8%A9-%D8%A7%D8%BA%D9%86%D9%8A%D8%A9-%D8%A7%D8%AD%D8%AA%D8%B1%D8%A7%D9%81%D9%8A%D8%A9-%D8%AC%D8%AF%D8%A7-%D8%A8%D8%A7%D9%84%D8%B9%D8%A7%D9%85%D9%8A%D8%A9-%D8%A7%D9%84%D9%85%D8%B5%D8%B1%D9%8A%D8%A9,0.0,0,لم يحسب,0,0,$10.00,يومين,0,3,35.0,.Ali K,https://khamsat.com/user/ali-khallaf,True,بائع جديد,0.0,0,لم يحسب بعد,1,0,ساعة
كتابة وترجمة,https://khamsat.com/writing,كتابة كلمات الأغاني,https://khamsat.com/writing/lyrics-writing,كتابة الاغانى العاطفية و التنموية و الدعائية,https://khamsat.com/writing/lyrics-writing/3014455-%D9%83%D8%AA%D8%A7%D8%A8%D8%A9-%D8%A7%D9%84%D8%A7%D8%BA%D8%A7%D9%86%D9%89-%D8%A7%D9%84%D8%B9%D8%A7%D8%B7%D9%81%D9%8A%D8%A9-%D9%88-%D8%A7%D9%84%D8%AA%D9%86%D9%85%D9%88%D9%8A%D8%A9-%D9%88-%D8%A7%D9%84%D8%AF%D8%B9%D8%A7%D8%A6%D9%8A%D8%A9,0.0,0,لم يحسب,0,0,$10.00,ثلاثة أيام,0,2,70.0,.Ayman K,https://khamsat.com/user/aymanbaseil1980,False,بائع جديد,0.0,0,لم يحسب بعد,1,0,لم يحسب
كتابة وترجمة,https://khamsat.com/writing,كتابة كلمات الأغاني,https://khamsat.com/writing/lyrics-writing,كاتب أغاني باللهجه العاميه اللهجه الخليجيه والبدويه وما شبه,https://khamsat.com/writing/lyrics-writing/2899822-%D9%83%D8%A7%D8%AA%D8%A8-%D8%A3%D8%BA%D8%A7%D9%86%D9%8A-%D8%A8%D8%A7%D9%84%D9%84%D9%87%D8%AC%D9%87-%D8%A7%D9%84%D8%B9%D8%A7%D9%85%D9%8A%D9%87-%D8%A7%D9%84%D9%84%D9%87%D8%AC%D9%87-%D8%A7%D9%84%D8%AE%D9%84%D9%8A%D8%AC%D9%8A%D9%87-%D9%88%D8%A7%D9%84%D8%A8%D8%AF%D9%88%D9%8A%D9%87-%D9%88%D9%85%D8%A7-%D8%B4%D8%A8%D9%87,5.0,1,ساعة,1,0,$10.00,ثلاثة أيام,1,0,0.0,احمد ا.,https://khamsat.com/user/ahmad_songwriter,True,بائع جديد,5.0,1,50.0%,1,1,ساعة
كتابة وترجمة,https://khamsat.com/writing,كتابة كلمات الأغاني,https://khamsat.com/writing/lyrics-writing,كتابة أشعار و اغاني بالعامية و الفصحي و ارتجال في اي موضوع,https://khamsat.com/writing/lyrics-writing/3014679-%D9%83%D8%AA%D8%A7%D8%A8%D8%A9-%D8%A3%D8%B4%D8%B9%D8%A7%D8%B1-%D9%88-%D8%A7%D8%BA%D8%A7%D9%86%D9%8A-%D8%A8%D8%A7%D9%84%D8%B9%D8%A7%D9%85%D9%8A%D8%A9-%D9%88-%D8%A7%D9%84%D9%81%D8%B5%D8%AD%D9%8A-%D9%88-%D8%A7%D8%B1%D8%AA%D8%AC%D8%A7%D9%84-%D9%81%D9%8A-%D8%A7%D9%8A-%D9%85%D9%88%D8%B6%D9%88%D8%B9,0.0,0,لم يحسب,0,0,$5.00,يوم واحد,0,1,10.0,فيض ا.,https://khamsat.com/user/sh_55_ali,False,بائع جديد,0.0,0,لم يحسب بعد,1,0,لم يحسب
كتابة وترجمة,https://khamsat.com/writing,كتابة كلمات الأغاني,https://khamsat.com/writing/lyrics-writing,كتابة أغاني باللغتين العربية والانكليزية وتلحينها,https://khamsat.com/writing/lyrics-writing/2994907-%D9%83%D8%AA%D8%A7%D8%A8%D8%A9-%D8%A3%D8%BA%D8%A7%D9%86%D9%8A-%D8%A8%D8%A7%D9%84%D9%84%D8%BA%D8%AA%D9%8A%D9%86-%D8%A7%D9%84%D8%B9%D8%B1%D8%A8%D9%8A%D8%A9-%D9%88%D8%A7%D9%84%D8%A7%D9%86%D9%83%D9%84%D9%8A%D8%B2%D9%8A%D8%A9-%D9%88%D8%AA%D9%84%D8%AD%D9%8A%D9%86%D9%87%D8%A7,0.0,0,لم يحسب,0,0,$10.00,ثلاثة أيام,0,5,30.0,.علي A,https://khamsat.com/user/ali_ahmad_17,False,بائع جديد,0.0,0,لم يحسب بعد,1,0,لم يحسب
كتابة وترجمة,https://khamsat.com/writing,كتابة كلمات الأغاني,https://khamsat.com/writing/lyrics-writing,كتابة قصائد وأغاني بالعامية المصرية,https://khamsat.com/writing/lyrics-writing/2968847-%D9%83%D8%AA%D8%A7%D8%A8%D8%A9-%D9%82%D8%B5%D8%A7%D8%A6%D8%AF-%D9%88%D8%A3%D8%BA%D8%A7%D9%86%D9%8A-%D8%A8%D8%A7%D9%84%D8%B9%D8%A7%D9%85%D9%8A%D8%A9-%D8%A7%D9%84%D9%85%D8%B5%D8%B1%D9%8A%D8%A9,0.0,0,لم يحسب,0,0,$5.00,يوم واحد,0,5,75.0,.Mohamed A,https://khamsat.com/user/mohamed_awny54,True,بائع جديد,0.0,0,لم يحسب بعد,1,0,لم يحسب
كتابة وترجمة,https://khamsat.com/writing,كتابة كلمات الأغاني,https://khamsat.com/writing/lyrics-writing,كتابة كلمات راب قوية باللغة الإنجليزية و العربية,https://khamsat.com/writing/lyrics-writing/2940190-%D9%83%D8%AA%D8%A7%D8%A8%D8%A9-%D9%83%D9%84%D9%85%D8%A7%D8%AA-%D8%B1%D8%A7%D8%A8-%D9%82%D9%88%D9%8A%D8%A9-%D8%A8%D8%A7%D9%84%D9%84%D8%BA%D8%A9-%D8%A7%D9%84%D8%A5%D9%86%D8%AC%D9%84%D9%8A%D8%B2%D9%8A%D8%A9-%D9%88-%D8%A7%D9%84%D8%B9%D8%B1%D8%A8%D9%8A%D8%A9,0.0,0,لم يحسب,0,0,$5.00,يوم واحد,0,1,5.0,.Santiagio M,https://khamsat.com/user/santiago_morales,False,بائع جديد,0.0,0,لم يحسب بعد,2,0,لم يحسب
كتابة وترجمة,https://khamsat.com/writing,كتابة كلمات الأغاني,https://khamsat.com/writing/lyrics-writing,كتابة اغنية باللغة العامية المصرية بشكل احترافي وبأسرع وقت,https://khamsat.com/writing/lyrics-writing/2894993-%D9%83%D8%AA%D8%A7%D8%A8%D8%A9-%D8%A7%D8%BA%D9%86%D9%8A%D8%A9-%D8%A8%D8%A7%D9%84%D9%84%D8%BA%D8%A9-%D8%A7%D9%84%D8%B9%D8%A7%D9%85%D9%8A%D8%A9-%D8%A7%D9%84%D9%85%D8%B5%D8%B1%D9%8A%D8%A9-%D8%A8%D8%B4%D9%83%D9%84-%D8%A7%D8%AD%D8%AA%D8%B1%D8%A7%D9%81%D9%8A-%D9%88%D8%A8%D8%A3%D8%B3%D8%B1%D8%B9-%D9%88%D9%82%D8%AA,0.0,0,لم يحسب,0,0,$10.00,يوم واحد,0,3,25.0,جوزيف ك.,https://khamsat.com/user/%D8%AC%D9%88%D8%B2%D9%8A%D9%81-%D8%A7%D8%A8%D9%88-%D8%AC%D9%88%D8%AC%D9%88,True,بائع جديد,0.0,0,لم يحسب بعد,1,0,لم يحسب
كتابة وترجمة,https://khamsat.com/writing,كتابة كلمات الأغاني,https://khamsat.com/writing/lyrics-writing,كلمات ترسم المشاعر وتلامس القلوب، اطلب أغنيتك المخصصة,https://khamsat.com/writing/lyrics-writing/2652432-%D9%83%D9%84%D9%85%D8%A7%D8%AA-%D8%AA%D8%B1%D8%B3%D9%85-%D8%A7%D9%84%D9%85%D8%B4%D8%A7%D8%B9%D8%B1-%D9%88%D8%AA%D9%84%D8%A7%D9%85%D8%B3-%D8%A7%D9%84%D9%82%D9%84%D9%88%D8%A8-%D8%A7%D8%B7%D9%84%D8%A8-%D8%A3%D8%BA%D9%86%D9%8A%D8%AA%D9%83-%D8%A7%D9%84%D9%85%D8%AE%D8%B5%D8%B5%D8%A9,0.0,0,لم يحسب,0,0,$5.00,يوم واحد,0,3,20.0,.يقل R,https://khamsat.com/user/rahim23dzn,False,بائع جديد,0.0,0,لم يحسب بعد,4,0,لم يحسب
كتابة وترجمة,https://khamsat.com/writing,كتابة كلمات الأغاني,https://khamsat.com/writing/lyrics-writing,كتابة اغنية باللهجة العامية المصرية,https://khamsat.com/writing/lyrics-writing/2928114-%D9%83%D8%AA%D8%A7%D8%A8%D8%A9-%D8%A7%D8%BA%D9%86%D9%8A%D8%A9-%D8%A8%D8%A7%D9%84%D9%84%D9%87%D8%AC%D8%A9-%D8%A7%D9%84%D8%B9%D8%A7%D9%85%D9%8A%D8%A9-%D8%A7%D9%84%D9%85%D8%B5%D8%B1%D9%8A%D8%A9,0.0,0,لم يحسب,0,0,$10.00,يوم واحد,0,1,15.0,أحمد س.,https://khamsat.com/user/ahmed_samir_kamar,False,بائع جديد,0.0,0,لم يحسب بعد,2,0,لم يحسب
كتابة وترجمة,https://khamsat.com/writing,كتابة كلمات الأغاني,https://khamsat.com/writing/lyrics-writing,هوية موسيقية مميزة لعلامتك التجارية,https://khamsat.com/writing/lyrics-writing/2944523-%D9%87%D9%88%D9%8A%D8%A9-%D9%85%D9%88%D8%B3%D9%8A%D9%82%D9%8A%D8%A9-%D9%85%D9%85%D9%8A%D8%B2%D8%A9-%D9%84%D8%B9%D9%84%D8%A7%D9%85%D8%AA%D9%83-%D8%A7%D9%84%D8%AA%D8%AC%D8%A7%D8%B1%D9%8A%D8%A9,0.0,0,لم يحسب,0,0,$10.00,ثلاثة أيام,0,1,15.0,.Haitham A,https://khamsat.com/user/smarttouch_h,True,بائع جديد,0.0,0,لم يحسب بعد,3,0,لم يحسب
كتابة وترجمة,https://khamsat.com/writing,كتابة كلمات الأغاني,https://khamsat.com/writing/lyrics-writing,كتابة اغاني راب ترويجية عن اشخاص او منتجات,https://khamsat.com/writing/lyrics-writing/2843195-%D9%83%D8%AA%D8%A7%D8%A8%D8%A9-%D8%A7%D8%BA%D8%A7%D9%86%D9%8A-%D8%B1%D8%A7%D8%A8-%D8%AA%D8%B1%D9%88%D9%8A%D8%AC%D9%8A%D8%A9-%D8%B9%D9%86-%D8%A7%D8%B4%D8%AE%D8%A7%D8%B5-%D8%A7%D9%88-%D9%85%D9%86%D8%AA%D8%AC%D8%A7%D8%AA,0.0,0,لم يحسب,0,0,$5.00,ثلاثة أيام,0,0,0.0,.Rachid A,https://khamsat.com/user/chakibclan23,True,بائع جديد,0.0,0,لم يحسب بعد,1,0,لم يحسب
كتابة وترجمة,https://khamsat.com/writing,كتابة كلمات الأغاني,https://khamsat.com/writing/lyrics-writing,كتابة ( أغنية مناسبات - نشيد) بإحترافية,https://khamsat.com/writing/lyrics-writing/2244530-%D9%83%D8%AA%D8%A7%D8%A8%D8%A9-%D8%A3%D8%BA%D9%86%D9%8A%D8%A9-%D9%85%D9%86%D8%A7%D8%B3%D8%A8%D8%A7%D8%AA-%D9%86%D8%B4%D9%8A%D8%AF-%D8%A8%D8%A5%D8%AD%D8%AA%D8%B1%D8%A7%D9%81%D9%8A%D8%A9,0.0,0,4 ساعات,0,0,$5.00,يومين,0,0,0.0,هيثم م.,https://khamsat.com/user/%D9%87%D9%8A%D8%AB%D9%85-%D9%85%D9%85%D8%AA%D8%A7%D8%B2,True,بائع نشيط,0.0,14,95.83%,4,18,يومين
كتابة وترجمة,https://khamsat.com/writing,أخرى,https://khamsat.com/writing/creative-writing-services,نشر لك مقال جيست بوست في موقع إخباري خليجي,https://khamsat.com/writing/creative-writing-services/2993670-%D9%86%D8%B4%D8%B1-%D9%84%D9%83-%D9%85%D9%82%D8%A7%D9%84-%D8%AC%D9%8A%D8%B3%D8%AA-%D8%A8%D9%88%D8%B3%D8%AA-%D9%81%D9%8A-%D9%85%D9%88%D9%82%D8%B9-%D8%A5%D8%AE%D8%A8%D8%A7%D8%B1%D9%8A-%D8%AE%D9%84%D9%8A%D8%AC%D9%8A,5.0,1,ساعة,2,0,$10.00,شهر,1,3,60.0,اكرام ا.,https://khamsat.com/user/ekram1971,True,بائع جديد,5.0,1,100.0%,2,2,ساعة
كتابة وترجمة,https://khamsat.com/writing,أخرى,https://khamsat.com/writing/creative-writing-services,كتابة الاطار النظري Theoretical Framework انجلش عربي,https://khamsat.com/writing/creative-writing-services/2040643-%D9%83%D8%AA%D8%A7%D8%A8%D8%A9-%D8%A7%D9%84%D8%A7%D8%B7%D8%A7%D8%B1-%D8%A7%D9%84%D9%86%D8%B8%D8%B1%D9%8A-theoretical-framework-%D8%A7%D9%86%D8%AC%D9%84%D8%B4-%D8%B9%D8%B1%D8%A8%D9%8A,5.0,14,ساعتين,21,0,$10.00,يوم واحد,14,5,335.0,ابتسام ا.,https://khamsat.com/user/ibtissam_smairy1,True,بائع مميز,5.0,60,89.08%,4,80,5 ساعات
كتابة وترجمة,https://khamsat.com/writing,أخرى,https://khamsat.com/writing/creative-writing-services,خواطر أدبية باللغة العربية.,https://khamsat.com/writing/creative-writing-services/2811430-%D8%AE%D9%88%D8%A7%D8%B7%D8%B1-%D8%A3%D8%AF%D8%A8%D9%8A%D8%A9-%D8%A8%D8%A7%D9%84%D9%84%D8%BA%D8%A9-%D8%A7%D9%84%D8%B9%D8%B1%D8%A8%D9%8A%D8%A9,5.0,2,ساعة,2,0,$10.00,يوم واحد,2,0,0.0,بديعة ا.,https://khamsat.com/user/badiaazouine6,True,بائع جديد,5.0,2,87.5%,2,2,ساعة
كتابة وترجمة,https://khamsat.com/writing,أخرى,https://khamsat.com/writing/creative-writing-services,سأكتب لك مقال حصري مميّز 350 كلمة مقابل 5 دولار,https://khamsat.com/writing/creative-writing-services/1802021-%D8%B3%D8%A3%D9%83%D8%AA%D8%A8-%D9%84%D9%83-%D9%85%D9%82%D8%A7%D9%84-%D8%AD%D8%B5%D8%B1%D9%8A-%D9%85%D9%85%D9%8A%D8%B2-350-%D9%83%D9%84%D9%85%D8%A9-%D9%85%D9%82%D8%A7%D8%A8%D9%84-5-%D8%AF%D9%88%D9%84%D8%A7%D8%B1,5.0,1,13 ساعة,1,0,$5.00,يومين,1,1,25.0,ريحان ع.,https://khamsat.com/user/%D8%B1%D9%8A%D8%AD%D8%A7%D9%86-%D8%AA%D8%BA%D9%8A%D9%8A%D8%B1-%D8%AD%D8%B6%D8%A7%D8%B1%D9%8A,True,بائع مميز,5.0,44,95.49%,2,68,4 ساعات
كتابة وترجمة,https://khamsat.com/writing,أخرى,https://khamsat.com/writing/creative-writing-services,اقوم بكتابة محتوى في عدة مجالات,https://khamsat.com/writing/creative-writing-services/1066649-%D8%A7%D9%82%D9%88%D9%85-%D8%A8%D9%83%D8%AA%D8%A7%D8%A8%D8%A9-%D9%85%D8%AD%D8%AA%D9%88%D9%89-%D9%81%D9%8A-%D8%B9%D8%AF%D8%A9-%D9%85%D8%AC%D8%A7%D9%84%D8%A7%D8%AA,5.0,20,13 ساعة,34,0,$5.00,ثلاثة أيام,20,1,5.0,.Amina D,https://khamsat.com/user/amina08,True,بائع مميز,5.0,43,86.03%,6,64,يوم
كتابة وترجمة,https://khamsat.com/writing,أخرى,https://khamsat.com/writing/creative-writing-services,كتاب مذكرات صيدلي الجزء الأول مواقف وطرائف من الواقع,https://khamsat.com/writing/creative-writing-services/452717-%D9%83%D8%AA%D8%A7%D8%A8-%D9%85%D8%B0%D9%83%D8%B1%D8%A7%D8%AA-%D8%B5%D9%8A%D8%AF%D9%84%D9%8A-%D8%A7%D9%84%D8%AC%D8%B2%D8%A1-%D8%A7%D9%84%D8%A3%D9%88%D9%84-%D9%85%D9%88%D8%A7%D9%82%D9%81-%D9%88%D8%B7%D8%B1%D8%A7%D8%A6%D9%81-%D9%85%D9%86-%D8%A7%D9%84%D9%88%D8%A7%D9%82%D8%B9,5.0,6,24 دقيقة,6,0,$5.00,يوم واحد,6,0,0.0,.Ayman A,https://khamsat.com/user/ayman,True,بائع مميز,5.0,149,95.66%,5,176,9 ساعات
كتابة وترجمة,https://khamsat.com/writing,أخرى,https://khamsat.com/writing/creative-writing-services,كتابة محتوي ابداعي لمقالات وكتابة اسكريبتات ونصوص اعلانيه,https://khamsat.com/writing/creative-writing-services/1408888-%D9%83%D8%AA%D8%A7%D8%A8%D8%A9-%D9%85%D8%AD%D8%AA%D9%88%D9%8A-%D8%A7%D8%A8%D8%AF%D8%A7%D8%B9%D9%8A-%D9%84%D9%85%D9%82%D8%A7%D9%84%D8%A7%D8%AA-%D9%88%D9%83%D8%AA%D8%A7%D8%A8%D8%A9-%D8%A7%D8%B3%D9%83%D8%B1%D9%8A%D8%A8%D8%AA%D8%A7%D8%AA-%D9%88%D9%86%D8%B5%D9%88%D8%B5-%D8%A7%D8%B9%D9%84%D8%A7%D9%86%D9%8A%D9%87,5.0,3,يوم,4,0,$5.00,يومين,3,3,15.0,.Walaa A,https://khamsat.com/user/walaaazazy98,True,بائع جديد,5.0,3,83.33%,1,4,يوم
كتابة وترجمة,https://khamsat.com/writing,أخرى,https://khamsat.com/writing/creative-writing-services,سأقوم بإنشاء نموذج pdf قابل للتعبئة ، نموذج قابل للتحرير PDF,https://khamsat.com/writing/creative-writing-services/1858468-%D8%B3%D8%A3%D9%82%D9%88%D9%85-%D8%A8%D8%A5%D9%86%D8%B4%D8%A7%D8%A1-%D9%86%D9%85%D9%88%D8%B0%D8%AC-pdf-%D9%82%D8%A7%D8%A8%D9%84-%D9%84%D9%84%D8%AA%D8%B9%D8%A8%D8%A6%D8%A9-%D9%86%D9%85%D9%88%D8%B0%D8%AC-%D9%82%D8%A7%D8%A8%D9%84-%D9%84%D9%84%D8%AA%D8%AD%D8%B1%D9%8A%D8%B1-pdf,5.0,5,ساعة,6,0,$5.00,يوم واحد,5,4,50.0,.Abderrahim W,https://khamsat.com/user/abderrahimwaga,True,بائع نشيط,5.0,9,80.77%,5,13,ساعة
كتابة وترجمة,https://khamsat.com/writing,أخرى,https://khamsat.com/writing/creative-writing-services,كتابة خطابات للإلقاء فى المناسبات المختلفة,https://khamsat.com/writing/creative-writing-services/984828-%D9%83%D8%AA%D8%A7%D8%A8%D8%A9-%D8%AE%D8%B7%D8%A7%D8%A8%D8%A7%D8%AA-%D9%84%D9%84%D8%A5%D9%84%D9%82%D8%A7%D8%A1-%D9%81%D9%89-%D8%A7%D9%84%D9%85%D9%86%D8%A7%D8%B3%D8%A8%D8%A7%D8%AA-%D8%A7%D9%84%D9%85%D8%AE%D8%AA%D9%84%D9%81%D8%A9,5.0,1,40 دقيقة,1,0,$10.00,يوم واحد,1,1,10.0,.Mohammed E,https://khamsat.com/user/m_elshaer,True,بائع جديد,5.0,2,66.67%,4,2,25 دقيقة
كتابة وترجمة,https://khamsat.com/writing,أخرى,https://khamsat.com/writing/creative-writing-services,أعداد تقارير علمية لكتب فى مختلف المجالات,https://khamsat.com/writing/creative-writing-services/1607449-%D8%A3%D8%B9%D8%AF%D8%A7%D8%AF-%D8%AA%D9%82%D8%A7%D8%B1%D9%8A%D8%B1-%D8%B9%D9%84%D9%85%D9%8A%D8%A9-%D9%84%D9%83%D8%AA%D8%A8-%D9%81%D9%89-%D9%85%D8%AE%D8%AA%D9%84%D9%81-%D8%A7%D9%84%D9%85%D8%AC%D8%A7%D9%84%D8%A7%D8%AA,5.0,6,3 ساعات,6,0,$5.00,يوم واحد,6,3,30.0,أية س.,https://khamsat.com/user/aya_salim,True,بائع مميز,5.0,29,91.4%,5,28,5 ساعات
كتابة وترجمة,https://khamsat.com/writing,أخرى,https://khamsat.com/writing/creative-writing-services,إعداد خطابات للإلقاء في المناسبات المتنوعة.,https://khamsat.com/writing/creative-writing-services/3041931-%D8%A5%D8%B9%D8%AF%D8%A7%D8%AF-%D8%AE%D8%B7%D8%A7%D8%A8%D8%A7%D8%AA-%D9%84%D9%84%D8%A5%D9%84%D9%82%D8%A7%D8%A1-%D9%81%D9%8A-%D8%A7%D9%84%D9%85%D9%86%D8%A7%D8%B3%D8%A8%D8%A7%D8%AA-%D8%A7%D9%84%D9%85%D8%AA%D9%86%D9%88%D8%B9%D8%A9,0.0,0,لم يحسب,0,0,$5.00,يوم واحد,0,0,0.0,.Yassine B,https://khamsat.com/user/yassinebouridou,True,بائع جديد,0.0,0,لم يحسب بعد,4,0,لم يحسب
كتابة وترجمة,https://khamsat.com/writing,أخرى,https://khamsat.com/writing/creative-writing-services,مذكرة التخطيط والتطوير لعام 2024,https://khamsat.com/writing/creative-writing-services/2789566-%D9%85%D8%B0%D9%83%D8%B1%D8%A9-%D8%A7%D9%84%D8%AA%D8%AE%D8%B7%D9%8A%D8%B7-%D9%88%D8%A7%D9%84%D8%AA%D8%B7%D9%88%D9%8A%D8%B1-%D9%84%D8%B9%D8%A7%D9%85-2024,0.0,0,لم يحسب,0,0,$10.00,يوم واحد,0,0,0.0,احمد ح.,https://khamsat.com/user/dotdesign11,True,بائع نشيط,5.0,7,72.73%,4,8,3 ساعات
كتابة وترجمة,https://khamsat.com/writing,أخرى,https://khamsat.com/writing/creative-writing-services,كتابة بحث علمي مكتمل العناصر,https://khamsat.com/writing/creative-writing-services/3017842-%D9%83%D8%AA%D8%A7%D8%A8%D8%A9-%D8%A8%D8%AD%D8%AB-%D8%B9%D9%84%D9%85%D9%8A-%D9%85%D9%83%D8%AA%D9%85%D9%84-%D8%A7%D9%84%D8%B9%D9%86%D8%A7%D8%B5%D8%B1,0.0,0,لم يحسب,0,0,$10.00,ثلاثة أيام,0,5,75.0,سامر ع.,https://khamsat.com/user/samerlahipi,True,بائع جديد,0.0,0,لم يحسب بعد,2,0,لم يحسب
كتابة وترجمة,https://khamsat.com/writing,أخرى,https://khamsat.com/writing/creative-writing-services,كتابه وتنسيق ملفات وورد عربي و انجليزي,https://khamsat.com/writing/creative-writing-services/2992685-%D9%83%D8%AA%D8%A7%D8%A8%D9%87-%D9%88%D8%AA%D9%86%D8%B3%D9%8A%D9%82-%D9%85%D9%84%D9%81%D8%A7%D8%AA-%D9%88%D9%88%D8%B1%D8%AF-%D8%B9%D8%B1%D8%A8%D9%8A-%D9%88-%D8%A7%D9%86%D8%AC%D9%84%D9%8A%D8%B2%D9%8A,0.0,0,لم يحسب,0,0,$5.00,يومين,0,1,5.0,.Hager H,https://khamsat.com/user/hagerhassan_1,True,بائع جديد,0.0,0,لم يحسب بعد,2,0,لم يحسب
كتابة وترجمة,https://khamsat.com/writing,أخرى,https://khamsat.com/writing/creative-writing-services,كتابة إهداءات باللغة العربية,https://khamsat.com/writing/creative-writing-services/2472000-%D9%83%D8%AA%D8%A7%D8%A8%D8%A9-%D8%A5%D9%87%D8%AF%D8%A7%D8%A1%D8%A7%D8%AA-%D8%A8%D8%A7%D9%84%D9%84%D8%BA%D8%A9-%D8%A7%D9%84%D8%B9%D8%B1%D8%A8%D9%8A%D8%A9,0.0,0,لم يحسب,0,0,$5.00,يومين,0,3,30.0,رائف ا.,https://khamsat.com/user/rmae,True,بائع جديد,0.0,0,لم يحسب بعد,5,0,لم يحسب
كتابة وترجمة,https://khamsat.com/writing,أخرى,https://khamsat.com/writing/creative-writing-services,كتابة كلمة أو خطاب لأي مناسبة,https://khamsat.com/writing/creative-writing-services/1923769-%D9%83%D8%AA%D8%A7%D8%A8%D8%A9-%D9%83%D9%84%D9%85%D8%A9-%D8%A3%D9%88-%D8%AE%D8%B7%D8%A7%D8%A8-%D9%84%D8%A3%D9%8A-%D9%85%D9%86%D8%A7%D8%B3%D8%A8%D8%A9,5.0,1,3 ساعات,1,0,$5.00,يوم واحد,1,1,10.0,.Muhammad Y,https://khamsat.com/user/andalusian12,True,بائع جديد,5.0,1,100.0%,4,1,3 ساعات
كتابة وترجمة,https://khamsat.com/writing,أخرى,https://khamsat.com/writing/creative-writing-services,كتابه رواية سناريو فيلم او قصه قصيره مع التاليف,https://khamsat.com/writing/creative-writing-services/3017199-%D9%83%D8%AA%D8%A7%D8%A8%D9%87-%D8%B1%D9%88%D8%A7%D9%8A%D8%A9-%D8%B3%D9%86%D8%A7%D8%B1%D9%8A%D9%88-%D9%81%D9%8A%D9%84%D9%85-%D8%A7%D9%88-%D9%82%D8%B5%D9%87-%D9%82%D8%B5%D9%8A%D8%B1%D9%87-%D9%85%D8%B9-%D8%A7%D9%84%D8%AA%D8%A7%D9%84%D9%8A%D9%81,0.0,0,لم يحسب,0,0,$10.00,يوم واحد,0,3,80.0,ناصر ا.,https://khamsat.com/user/nwi9er,True,بائع جديد,0.0,0,لم يحسب بعد,2,0,لم يحسب
كتابة وترجمة,https://khamsat.com/writing,أخرى,https://khamsat.com/writing/creative-writing-services,كتابة نصوص إبداعية واقعية وخالية,https://khamsat.com/writing/creative-writing-services/2900246-%D9%83%D8%AA%D8%A7%D8%A8%D8%A9-%D9%86%D8%B5%D9%88%D8%B5-%D8%A5%D8%A8%D8%AF%D8%A7%D8%B9%D9%8A%D8%A9-%D9%88%D8%A7%D9%82%D8%B9%D9%8A%D8%A9-%D9%88%D8%AE%D8%A7%D9%84%D9%8A%D8%A9,0.0,0,لم يحسب,0,0,$5.00,يومين,0,0,0.0,.Sabah S,https://khamsat.com/user/mohamedkurdi12,False,بائع جديد,0.0,0,لم يحسب بعد,1,0,لم يحسب
كتابة وترجمة,https://khamsat.com/writing,أخرى,https://khamsat.com/writing/creative-writing-services,احصل على نص احترافي بلغة راقية 500 كلمة مقابل 5 دولار فقط,https://khamsat.com/writing/creative-writing-services/1498708-%D8%A7%D8%AD%D8%B5%D9%84-%D8%B9%D9%84%D9%89-%D9%86%D8%B5-%D8%A7%D8%AD%D8%AA%D8%B1%D8%A7%D9%81%D9%8A-%D8%A8%D9%84%D8%BA%D8%A9-%D8%B1%D8%A7%D9%82%D9%8A%D8%A9-500-%D9%83%D9%84%D9%85%D8%A9-%D9%85%D9%82%D8%A7%D8%A8%D9%84-5-%D8%AF%D9%88%D9%84%D8%A7%D8%B1-%D9%81%D9%82%D8%B7,0.0,0,لم يحسب,0,0,$5.00,يوم واحد,0,0,0.0,زينب م.,https://khamsat.com/user/zinebelbouddi,False,بائع جديد,0.0,0,لم يحسب بعد,1,0,لم يحسب
كتابة وترجمة,https://khamsat.com/writing,أخرى,https://khamsat.com/writing/creative-writing-services,كتابة مقال باللغة الانجليزية أو العربية من 500 كلمة,https://khamsat.com/writing/creative-writing-services/2111016-%D9%83%D8%AA%D8%A7%D8%A8%D8%A9-%D9%85%D9%82%D8%A7%D9%84-%D8%A8%D8%A7%D9%84%D9%84%D8%BA%D8%A9-%D8%A7%D9%84%D8%A7%D9%86%D8%AC%D9%84%D9%8A%D8%B2%D9%8A%D8%A9-%D8%A3%D9%88-%D8%A7%D9%84%D8%B9%D8%B1%D8%A8%D9%8A%D8%A9-%D9%85%D9%86-500-%D9%83%D9%84%D9%85%D8%A9,0.0,0,لم يحسب,0,0,$5.00,يوم واحد,0,0,0.0,عبدالملك س.,https://khamsat.com/user/abdelmalikmoham99,True,بائع جديد,0.0,0,لم يحسب بعد,2,0,لم يحسب
كتابة وترجمة,https://khamsat.com/writing,أخرى,https://khamsat.com/writing/creative-writing-services,كتابة نصوص ابداعية وخواطر حول رحلة العلاج النفسية,https://khamsat.com/writing/creative-writing-services/3001273-%D9%83%D8%AA%D8%A7%D8%A8%D8%A9-%D9%86%D8%B5%D9%88%D8%B5-%D8%A7%D8%A8%D8%AF%D8%A7%D8%B9%D9%8A%D8%A9-%D9%88%D8%AE%D9%88%D8%A7%D8%B7%D8%B1-%D8%AD%D9%88%D9%84-%D8%B1%D8%AD%D9%84%D8%A9-%D8%A7%D9%84%D8%B9%D9%84%D8%A7%D8%AC-%D8%A7%D9%84%D9%86%D9%81%D8%B3%D9%8A%D8%A9,0.0,0,لم يحسب,0,0,$5.00,يوم واحد,0,0,0.0,.Fairouz S,https://khamsat.com/user/fayrouz_saidi,True,بائع جديد,0.0,0,لم يحسب بعد,1,0,لم يحسب
كتابة وترجمة,https://khamsat.com/writing,أخرى,https://khamsat.com/writing/creative-writing-services,كتابة ملفات word احترافية ودقة عالية الجودة,https://khamsat.com/writing/creative-writing-services/2300437-%D9%83%D8%AA%D8%A7%D8%A8%D8%A9-%D9%85%D9%84%D9%81%D8%A7%D8%AA-word-%D8%A7%D8%AD%D8%AA%D8%B1%D8%A7%D9%81%D9%8A%D8%A9-%D9%88%D8%AF%D9%82%D8%A9-%D8%B9%D8%A7%D9%84%D9%8A%D8%A9-%D8%A7%D9%84%D8%AC%D9%88%D8%AF%D8%A9,0.0,0,لم يحسب,0,0,$5.00,يوم واحد,0,0,0.0,.Nora Mohamoud H,https://khamsat.com/user/noraaa000,False,بائع جديد,0.0,0,لم يحسب بعد,1,0,لم يحسب
كتابة وترجمة,https://khamsat.com/writing,أخرى,https://khamsat.com/writing/creative-writing-services,تنسيق و تعديل نصوص او بيانات اكسل و ورد,https://khamsat.com/writing/creative-writing-services/3001628-%D8%AA%D9%86%D8%B3%D9%8A%D9%82-%D9%88-%D8%AA%D8%B9%D8%AF%D9%8A%D9%84-%D9%86%D8%B5%D9%88%D8%B5-%D8%A7%D9%88-%D8%A8%D9%8A%D8%A7%D9%86%D8%A7%D8%AA-%D8%A7%D9%83%D8%B3%D9%84-%D9%88-%D9%88%D8%B1%D8%AF,0.0,0,لم يحسب,0,0,$5.00,يوم واحد,0,0,0.0,.Ziad R,https://khamsat.com/user/ziad_raouf57,False,بائع جديد,0.0,0,لم يحسب بعد,1,0,لم يحسب
كتابة وترجمة,https://khamsat.com/writing,أخرى,https://khamsat.com/writing/creative-writing-services,كتابة ملفات الوورد وتصميم البوربوينت لدى طلاب الكليات الطبية,https://khamsat.com/writing/creative-writing-services/1867097-%D9%83%D8%AA%D8%A7%D8%A8%D8%A9-%D9%85%D9%84%D9%81%D8%A7%D8%AA-%D8%A7%D9%84%D9%88%D9%88%D8%B1%D8%AF-%D9%88%D8%AA%D8%B5%D9%85%D9%8A%D9%85-%D8%A7%D9%84%D8%A8%D9%88%D8%B1%D8%A8%D9%88%D9%8A%D9%86%D8%AA-%D9%84%D8%AF%D9%89-%D8%B7%D9%84%D8%A7%D8%A8-%D8%A7%D9%84%D9%83%D9%84%D9%8A%D8%A7%D8%AA-%D8%A7%D9%84%D8%B7%D8%A8%D9%8A%D8%A9,0.0,0,لم يحسب,0,0,$5.00,يوم واحد,0,0,0.0,.Amr T,https://khamsat.com/user/amrtalab,True,بائع جديد,0.0,0,لم يحسب بعد,5,0,ساعة
كتابة وترجمة,https://khamsat.com/writing,أخرى,https://khamsat.com/writing/creative-writing-services,قراءة ونقد وتحرير الأعمال الأدبية,https://khamsat.com/writing/creative-writing-services/2954490-%D9%82%D8%B1%D8%A7%D8%A1%D8%A9-%D9%88%D9%86%D9%82%D8%AF-%D9%88%D8%AA%D8%AD%D8%B1%D9%8A%D8%B1-%D8%A7%D9%84%D8%A3%D8%B9%D9%85%D8%A7%D9%84-%D8%A7%D9%84%D8%A3%D8%AF%D8%A8%D9%8A%D8%A9,0.0,0,لم يحسب,0,0,$5.00,يوم واحد,0,3,35.0,فاتن د.,https://khamsat.com/user/dr_faten_desoky,True,بائع جديد,0.0,0,لم يحسب بعد,1,0,لم يحسب
كتابة وترجمة,https://khamsat.com/writing,أخرى,https://khamsat.com/writing/creative-writing-services,كتابات ابداعية كتابة خواطر بمختلف انواعها,https://khamsat.com/writing/creative-writing-services/2931883-%D9%83%D8%AA%D8%A7%D8%A8%D8%A7%D8%AA-%D8%A7%D8%A8%D8%AF%D8%A7%D8%B9%D9%8A%D8%A9-%D9%83%D8%AA%D8%A7%D8%A8%D8%A9-%D8%AE%D9%88%D8%A7%D8%B7%D8%B1-%D8%A8%D9%85%D8%AE%D8%AA%D9%84%D9%81-%D8%A7%D9%86%D9%88%D8%A7%D8%B9%D9%87%D8%A7,0.0,0,لم يحسب,0,0,$5.00,يوم واحد,0,1,10.0,هاجر ص.,https://khamsat.com/user/hajer27s,False,بائع جديد,0.0,0,لم يحسب بعد,2,0,لم يحسب
كتابة وترجمة,https://khamsat.com/writing,أخرى,https://khamsat.com/writing/creative-writing-services,خدمات الكتابة الحرة كتابة محتوى استثنائي يلامس القلوب,https://khamsat.com/writing/creative-writing-services/2920228-%D8%AE%D8%AF%D9%85%D8%A7%D8%AA-%D8%A7%D9%84%D9%83%D8%AA%D8%A7%D8%A8%D8%A9-%D8%A7%D9%84%D8%AD%D8%B1%D8%A9-%D9%83%D8%AA%D8%A7%D8%A8%D8%A9-%D9%85%D8%AD%D8%AA%D9%88%D9%89-%D8%A7%D8%B3%D8%AA%D8%AB%D9%86%D8%A7%D8%A6%D9%8A-%D9%8A%D9%84%D8%A7%D9%85%D8%B3-%D8%A7%D9%84%D9%82%D9%84%D9%88%D8%A8,0.0,0,لم يحسب,0,0,$5.00,يوم واحد,0,1,5.0,.Said A,https://khamsat.com/user/said_009,False,بائع جديد,0.0,0,لم يحسب بعد,1,0,لم يحسب
كتابة وترجمة,https://khamsat.com/writing,أخرى,https://khamsat.com/writing/creative-writing-services,تبيض فقعات المانجا والمانهو,https://khamsat.com/writing/creative-writing-services/2917149-%D8%AA%D8%A8%D9%8A%D8%B6-%D9%81%D9%82%D8%B9%D8%A7%D8%AA-%D8%A7%D9%84%D9%85%D8%A7%D9%86%D8%AC%D8%A7-%D9%88%D8%A7%D9%84%D9%85%D8%A7%D9%86%D9%87%D9%88,0.0,0,لم يحسب,0,0,$5.00,يوم واحد,0,1,5.0,عثمان ا.,https://khamsat.com/user/osman2021,True,بائع جديد,0.0,0,لم يحسب بعد,2,0,لم يحسب
كتابة وترجمة,https://khamsat.com/writing,أخرى,https://khamsat.com/writing/creative-writing-services,كتابة تقرير فريد ومميز باللغه العربيه والانجليزية,https://khamsat.com/writing/creative-writing-services/2876567-%D9%83%D8%AA%D8%A7%D8%A8%D8%A9-%D8%AA%D9%82%D8%B1%D9%8A%D8%B1-%D9%81%D8%B1%D9%8A%D8%AF-%D9%88%D9%85%D9%85%D9%8A%D8%B2-%D8%A8%D8%A7%D9%84%D9%84%D8%BA%D9%87-%D8%A7%D9%84%D8%B9%D8%B1%D8%A8%D9%8A%D9%87-%D9%88%D8%A7%D9%84%D8%A7%D9%86%D8%AC%D9%84%D9%8A%D8%B2%D9%8A%D8%A9,0.0,0,لم يحسب,0,0,$5.00,يوم واحد,0,5,90.0,.Ali E,https://khamsat.com/user/ali_elsyedd,True,بائع جديد,0.0,0,لم يحسب بعد,2,0,لم يحسب
كتابة وترجمة,https://khamsat.com/writing,أخرى,https://khamsat.com/writing/creative-writing-services,كتابة محتوى حصرى باللغة الانجليزية والعربية,https://khamsat.com/writing/creative-writing-services/2470634-%D9%83%D8%AA%D8%A7%D8%A8%D8%A9-%D9%85%D8%AD%D8%AA%D9%88%D9%89-%D8%AD%D8%B5%D8%B1%D9%89-%D8%A8%D8%A7%D9%84%D9%84%D8%BA%D8%A9-%D8%A7%D9%84%D8%A7%D9%86%D8%AC%D9%84%D9%8A%D8%B2%D9%8A%D8%A9-%D9%88%D8%A7%D9%84%D8%B9%D8%B1%D8%A8%D9%8A%D8%A9,0.0,0,لم يحسب,0,0,$5.00,يوم واحد,0,0,0.0,.Indexsrv H,https://khamsat.com/user/indexsrv,False,مشتري مميز,0.0,0,0.0%,1,0,19 ساعة
كتابة وترجمة,https://khamsat.com/writing,سيناريو فيديو,https://khamsat.com/writing/video-script,كتابة سكريبتات لفيديوهات اليوتيوب بقلمٍ لا يعرفُ النَّسخ,https://khamsat.com/writing/video-script/2334610-%D9%83%D8%AA%D8%A7%D8%A8%D8%A9-%D8%B3%D9%83%D8%B1%D9%8A%D8%A8%D8%AA%D8%A7%D8%AA-%D9%84%D9%81%D9%8A%D8%AF%D9%8A%D9%88%D9%87%D8%A7%D8%AA-%D8%A7%D9%84%D9%8A%D9%88%D8%AA%D9%8A%D9%88%D8%A8-%D8%A8%D9%82%D9%84%D9%85-%D9%84%D8%A7-%D9%8A%D8%B9%D8%B1%D9%81-%D8%A7%D9%84%D9%86%D8%B3%D8%AE,5.0,17,6 ساعات,22,0,$5.00,خمسة أيام,17,4,40.0,صبا ع.,https://khamsat.com/user/seba_ka,True,بائع مميز,5.0,31,95.83%,4,31,ساعتين
كتابة وترجمة,https://khamsat.com/writing,سيناريو فيديو,https://khamsat.com/writing/video-script,كتابة سيناريو اعلان موشن جرافيك,https://khamsat.com/writing/video-script/508798-%D9%83%D8%AA%D8%A7%D8%A8%D8%A9-%D8%B3%D9%8A%D9%86%D8%A7%D8%B1%D9%8A%D9%88-%D8%A7%D8%B9%D9%84%D8%A7%D9%86-%D9%85%D9%88%D8%B4%D9%86-%D8%AC%D8%B1%D8%A7%D9%81%D9%8A%D9%83,4.5,84,9 ساعات,120,0,$5.00,يوم واحد,25,3,30.0,سعدية ع.,https://khamsat.com/user/%D8%B3%D8%B9%D8%AF%D9%8A%D8%A9-%D8%B9%D8%A8%D8%AF-%D8%A7%D9%84%D8%AA%D9%88%D8%A7%D8%A8,True,بائع مميز,4.5,97,86.01%,1,134,يوم
كتابة وترجمة,https://khamsat.com/writing,سيناريو فيديو,https://khamsat.com/writing/video-script,كتابة سيناريو لفيديو موشن غرافيك,https://khamsat.com/writing/video-script/1442910-%D9%83%D8%AA%D8%A7%D8%A8%D8%A9-%D8%B3%D9%8A%D9%86%D8%A7%D8%B1%D9%8A%D9%88-%D9%84%D9%81%D9%8A%D8%AF%D9%8A%D9%88-%D9%85%D9%88%D8%B4%D9%86-%D8%BA%D8%B1%D8%A7%D9%81%D9%8A%D9%83,4.5,15,3 أيام,24,0,$5.00,يوم واحد,15,1,5.0,.Ounnas A,https://khamsat.com/user/abdelouahad-ounnas,True,بائع مميز,4.5,95,91.24%,2,116,يوم
كتابة وترجمة,https://khamsat.com/writing,سيناريو فيديو,https://khamsat.com/writing/video-script,كتابة وإعداد الحلقات لليوتيوب,https://khamsat.com/writing/video-script/3025840-%D9%83%D8%AA%D8%A7%D8%A8%D8%A9-%D9%88%D8%A5%D8%B9%D8%AF%D8%A7%D8%AF-%D8%A7%D9%84%D8%AD%D9%84%D9%82%D8%A7%D8%AA-%D9%84%D9%84%D9%8A%D9%88%D8%AA%D9%8A%D9%88%D8%A8,5.0,1,5 ساعات,1,0,$10.00,ثلاثة أيام,1,5,125.0,.Ali M,https://khamsat.com/user/ali_ljack86,True,مشتري مميز,5.0,1,100.0%,1,1,5 ساعات
كتابة وترجمة,https://khamsat.com/writing,سيناريو فيديو,https://khamsat.com/writing/video-script,كتابة محتوى يوتيوب حصري ومشوق,https://khamsat.com/writing/video-script/2077234-%D9%83%D8%AA%D8%A7%D8%A8%D8%A9-%D9%85%D8%AD%D8%AA%D9%88%D9%89-%D9%8A%D9%88%D8%AA%D9%8A%D9%88%D8%A8-%D8%AD%D8%B5%D8%B1%D9%8A-%D9%88%D9%85%D8%B4%D9%88%D9%82,4.5,22,ساعتين,29,0,$5.00,يومين,22,3,30.0,دعاء ح.,https://khamsat.com/user/duaa_hassn,True,بائع مميز,4.5,37,100.0%,2,42,ساعتين
كتابة وترجمة,https://khamsat.com/writing,سيناريو فيديو,https://khamsat.com/writing/video-script,كتابة سكربت لقناتك في اليوتيوب,https://khamsat.com/writing/video-script/1835380-%D9%83%D8%AA%D8%A7%D8%A8%D8%A9-%D8%B3%D9%83%D8%B1%D8%A8%D8%AA-%D9%84%D9%82%D9%86%D8%A7%D8%AA%D9%83-%D9%81%D9%8A-%D8%A7%D9%84%D9%8A%D9%88%D8%AA%D9%8A%D9%88%D8%A8,4.5,16,ساعة,20,0,$10.00,يوم واحد,16,4,70.0,.Essam A,https://khamsat.com/user/essamajami,True,بائع نشيط,4.5,21,87.27%,3,24,7 ساعات
كتابة وترجمة,https://khamsat.com/writing,سيناريو فيديو,https://khamsat.com/writing/video-script,كتابة سيناريو إعلان موشن جرافيك,https://khamsat.com/writing/video-script/1722895-%D9%83%D8%AA%D8%A7%D8%A8%D8%A9-%D8%B3%D9%8A%D9%86%D8%A7%D8%B1%D9%8A%D9%88-%D8%A5%D8%B9%D9%84%D8%A7%D9%86-%D9%85%D9%88%D8%B4%D9%86-%D8%AC%D8%B1%D8%A7%D9%81%D9%8A%D9%83,4.5,39,15 دقيقة,67,0,$5.00,يوم واحد,25,3,30.0,عبد العزيز م.,https://khamsat.com/user/abdelazizmanni,True,بائع مميز,4.5,108,92.45%,7,151,ساعتين
كتابة وترجمة,https://khamsat.com/writing,سيناريو فيديو,https://khamsat.com/writing/video-script,كتابة سيناريو إعلان لفكرة/خدمة/ منتج/مشروع,https://khamsat.com/writing/video-script/707191-%D9%83%D8%AA%D8%A7%D8%A8%D8%A9-%D8%B3%D9%8A%D9%86%D8%A7%D8%B1%D9%8A%D9%88-%D8%A5%D8%B9%D9%84%D8%A7%D9%86-%D9%84%D9%81%D9%83%D8%B1%D8%A9%D8%AE%D8%AF%D9%85%D8%A9-%D9%85%D9%86%D8%AA%D8%AC%D9%85%D8%B4%D8%B1%D9%88%D8%B9,4.5,23,12 دقيقة,27,0,$5.00,يومين,23,5,130.0,.Eman A,https://khamsat.com/user/eman-bendary,True,بائع مميز,4.5,28,76.67%,3,38,يوم
كتابة وترجمة,https://khamsat.com/writing,سيناريو فيديو,https://khamsat.com/writing/video-script,كتابة سكريبت او سيناريو لأي موضوع تريده,https://khamsat.com/writing/video-script/2506714-%D9%83%D8%AA%D8%A7%D8%A8%D8%A9-%D8%B3%D9%83%D8%B1%D9%8A%D8%A8%D8%AA-%D8%A7%D9%88-%D8%B3%D9%8A%D9%86%D8%A7%D8%B1%D9%8A%D9%88-%D9%84%D8%A3%D9%8A-%D9%85%D9%88%D8%B6%D9%88%D8%B9-%D8%AA%D8%B1%D9%8A%D8%AF%D9%87,5.0,8,دقيقتين,11,0,$5.00,يوم واحد,8,5,150.0,.Nada S,https://khamsat.com/user/nadakhaled77,True,بائع مميز,5.0,23,91.38%,5,25,17 ساعة
كتابة وترجمة,https://khamsat.com/writing,سيناريو فيديو,https://khamsat.com/writing/video-script,اكتب سيناريو قصير,https://khamsat.com/writing/video-script/576774-%D8%A7%D9%83%D8%AA%D8%A8-%D8%B3%D9%8A%D9%86%D8%A7%D8%B1%D9%8A%D9%88-%D9%82%D8%B5%D9%8A%D8%B1,5.0,29,59 دقيقة,60,0,$10.00,ثلاثة أيام,25,1,10.0,فداء ح.,https://khamsat.com/user/%D9%81%D8%AF%D8%A7%D8%A1-%D8%AD%D9%88%D8%B1%D8%A7%D9%86%D9%8A,True,بائع مميز,5.0,51,92.69%,3,81,14 ساعة
كتابة وترجمة,https://khamsat.com/writing,سيناريو فيديو,https://khamsat.com/writing/video-script,كتابة محتوى فيديو ليوتيوب,https://khamsat.com/writing/video-script/2635265-%D9%83%D8%AA%D8%A7%D8%A8%D8%A9-%D9%85%D8%AD%D8%AA%D9%88%D9%89-%D9%81%D9%8A%D8%AF%D9%8A%D9%88-%D9%84%D9%8A%D9%88%D8%AA%D9%8A%D9%88%D8%A8,5.0,7,ساعة,9,0,$10.00,يومين,7,4,65.0,.Suhaila M,https://khamsat.com/user/sohilamuhamme,True,بائع نشيط,5.0,8,100.0%,1,9,ساعة
كتابة وترجمة,https://khamsat.com/writing,سيناريو فيديو,https://khamsat.com/writing/video-script,اعداد محتوى يوتيوب، سكريبت يوتيوب مثل الدحيح ودوباميكافين,https://khamsat.com/writing/video-script/2496204-%D8%A7%D8%B9%D8%AF%D8%A7%D8%AF-%D9%85%D8%AD%D8%AA%D9%88%D9%89-%D9%8A%D9%88%D8%AA%D9%8A%D9%88%D8%A8-%D8%B3%D9%83%D8%B1%D9%8A%D8%A8%D8%AA-%D9%8A%D9%88%D8%AA%D9%8A%D9%88%D8%A8-%D9%85%D8%AB%D9%84-%D8%A7%D9%84%D8%AF%D8%AD%D9%8A%D8%AD-%D9%88%D8%AF%D9%88%D8%A8%D8%A7%D9%85%D9%8A%D9%83%D8%A7%D9%81%D9%8A%D9%86,4.5,5,12 ساعة,8,1,$10.00,خمسة أيام,5,4,70.0,خلود ب.,https://khamsat.com/user/benzegha_khouloud,True,بائع نشيط,4.5,8,77.19%,5,9,يومين
كتابة وترجمة,https://khamsat.com/writing,سيناريو فيديو,https://khamsat.com/writing/video-script,كتابة اسكربت لقنوات اليوتيوب محتوي القصص,https://khamsat.com/writing/video-script/2987415-%D9%83%D8%AA%D8%A7%D8%A8%D8%A9-%D8%A7%D8%B3%D9%83%D8%B1%D8%A8%D8%AA-%D9%84%D9%82%D9%86%D9%88%D8%A7%D8%AA-%D8%A7%D9%84%D9%8A%D9%88%D8%AA%D9%8A%D9%88%D8%A8-%D9%85%D8%AD%D8%AA%D9%88%D9%8A-%D8%A7%D9%84%D9%82%D8%B5%D8%B5,5.0,2,22 دقيقة,2,0,$10.00,يوم واحد,2,4,35.0,زينب ا.,https://khamsat.com/user/nora23_amjad,True,بائع جديد,5.0,2,60.0%,2,2,22 دقيقة
كتابة وترجمة,https://khamsat.com/writing,سيناريو فيديو,https://khamsat.com/writing/video-script,كتابة سيناريو وقصص قصيرة باحترافية عالية مع المونتاج,https://khamsat.com/writing/video-script/1545506-%D9%83%D8%AA%D8%A7%D8%A8%D8%A9-%D8%B3%D9%8A%D9%86%D8%A7%D8%B1%D9%8A%D9%88-%D9%88%D9%82%D8%B5%D8%B5-%D9%82%D8%B5%D9%8A%D8%B1%D8%A9-%D8%A8%D8%A7%D8%AD%D8%AA%D8%B1%D8%A7%D9%81%D9%8A%D8%A9-%D8%B9%D8%A7%D9%84%D9%8A%D8%A9-%D9%85%D8%B9-%D8%A7%D9%84%D9%85%D9%88%D9%86%D8%AA%D8%A7%D8%AC,5.0,10,ساعة,13,0,$5.00,يوم واحد,10,4,95.0,.Kholoud Y,https://khamsat.com/user/kholoud_25,True,بائع مميز,5.0,28,92.38%,11,37,ساعة
كتابة وترجمة,https://khamsat.com/writing,سيناريو فيديو,https://khamsat.com/writing/video-script,كتابة محتوى صفحات رياضية وكتابة محتوى يوتيوب رياضي,https://khamsat.com/writing/video-script/2307077-%D9%83%D8%AA%D8%A7%D8%A8%D8%A9-%D9%85%D8%AD%D8%AA%D9%88%D9%89-%D8%B5%D9%81%D8%AD%D8%A7%D8%AA-%D8%B1%D9%8A%D8%A7%D8%B6%D9%8A%D8%A9-%D9%88%D9%83%D8%AA%D8%A7%D8%A8%D8%A9-%D9%85%D8%AD%D8%AA%D9%88%D9%89-%D9%8A%D9%88%D8%AA%D9%8A%D9%88%D8%A8-%D8%B1%D9%8A%D8%A7%D8%B6%D9%8A,5.0,1,8 ساعات,7,0,$5.00,يوم واحد,1,3,90.0,محمد ا.,https://khamsat.com/user/moh_emad,True,بائع نشيط,5.0,2,94.44%,2,8,3 ساعات
كتابة وترجمة,https://khamsat.com/writing,سيناريو فيديو,https://khamsat.com/writing/video-script,كتابة سيناريو إعلاني (محترف - مميز - جذاب - راقي),https://khamsat.com/writing/video-script/1014633-%D9%83%D8%AA%D8%A7%D8%A8%D8%A9-%D8%B3%D9%8A%D9%86%D8%A7%D8%B1%D9%8A%D9%88-%D8%A5%D8%B9%D9%84%D8%A7%D9%86%D9%8A-%D9%85%D8%AD%D8%AA%D8%B1%D9%81-%D9%85%D9%85%D9%8A%D8%B2-%D8%AC%D8%B0%D8%A7%D8%A8-%D8%B1%D8%A7%D9%82%D9%8A,4.5,51,ساعة,75,0,$10.00,يوم واحد,25,4,55.0,.Moataz S,https://khamsat.com/user/moatazsaber,True,بائع مميز,4.5,67,82.53%,3,94,3 ساعات
كتابة وترجمة,https://khamsat.com/writing,سيناريو فيديو,https://khamsat.com/writing/video-script,سوف اقوم بكتابة سكريبت مناسب لمحتواك و بطريقة احترافية,https://khamsat.com/writing/video-script/1952519-%D8%B3%D9%88%D9%81-%D8%A7%D9%82%D9%88%D9%85-%D8%A8%D9%83%D8%AA%D8%A7%D8%A8%D8%A9-%D8%B3%D9%83%D8%B1%D9%8A%D8%A8%D8%AA-%D9%85%D9%86%D8%A7%D8%B3%D8%A8-%D9%84%D9%85%D8%AD%D8%AA%D9%88%D8%A7%D9%83-%D9%88-%D8%A8%D8%B7%D8%B1%D9%8A%D9%82%D8%A9-%D8%A7%D8%AD%D8%AA%D8%B1%D8%A7%D9%81%D9%8A%D8%A9,5.0,5,3 ساعات,8,0,$5.00,ثلاثة أيام,5,1,5.0,.Shady M,https://khamsat.com/user/shady_mohamed315,True,بائع نشيط,5.0,5,95.45%,2,8,ساعة
كتابة وترجمة,https://khamsat.com/writing,سيناريو فيديو,https://khamsat.com/writing/video-script,كتابة سيناريو احترافي لكل ما تريد,https://khamsat.com/writing/video-script/982991-%D9%83%D8%AA%D8%A7%D8%A8%D8%A9-%D8%B3%D9%8A%D9%86%D8%A7%D8%B1%D9%8A%D9%88-%D8%A7%D8%AD%D8%AA%D8%B1%D8%A7%D9%81%D9%8A-%D9%84%D9%83%D9%84-%D9%85%D8%A7-%D8%AA%D8%B1%D9%8A%D8%AF,5.0,32,10 ساعات,56,0,$5.00,يوم واحد,25,4,70.0,احمد ا.,https://khamsat.com/user/%D8%A8%D9%8A%D8%B3%D8%AA-%D9%86%D9%8A%D8%AA,True,بائع مميز,5.0,46,72.58%,3,68,5 ساعات
كتابة وترجمة,https://khamsat.com/writing,سيناريو فيديو,https://khamsat.com/writing/video-script,كتابة سكربتات لفيديوهات اليوتيوب,https://khamsat.com/writing/video-script/2284905-%D9%83%D8%AA%D8%A7%D8%A8%D8%A9-%D8%B3%D9%83%D8%B1%D8%A8%D8%AA%D8%A7%D8%AA-%D9%84%D9%81%D9%8A%D8%AF%D9%8A%D9%88%D9%87%D8%A7%D8%AA-%D8%A7%D9%84%D9%8A%D9%88%D8%AA%D9%8A%D9%88%D8%A8,5.0,23,13 دقيقة,31,0,$10.00,ثلاثة أيام,23,4,40.0,محمد ش.,https://khamsat.com/user/mohammadsharaf1,True,بائع مميز,5.0,31,98.77%,3,44,5 ساعات
كتابة وترجمة,https://khamsat.com/writing,سيناريو فيديو,https://khamsat.com/writing/video-script,كتابة اسكربت و محتوى لقناة يوتيوب و تيك توك و غيرهم,https://khamsat.com/writing/video-script/2184795-%D9%83%D8%AA%D8%A7%D8%A8%D8%A9-%D8%A7%D8%B3%D9%83%D8%B1%D8%A8%D8%AA-%D9%88-%D9%85%D8%AD%D8%AA%D9%88%D9%89-%D9%84%D9%82%D9%86%D8%A7%D8%A9-%D9%8A%D9%88%D8%AA%D9%8A%D9%88%D8%A8-%D9%88-%D8%AA%D9%8A%D9%83-%D8%AA%D9%88%D9%83-%D9%88-%D8%BA%D9%8A%D8%B1%D9%87%D9%85,5.0,20,6 ساعات,26,0,$5.00,ثلاثة أيام,20,3,45.0,سهام س.,https://khamsat.com/user/%D8%B3%D9%87%D8%A7%D9%85-%D8%B3%D9%84%D9%8A%D9%85,True,بائع مميز,5.0,65,85.59%,6,78,3 ساعات
كتابة وترجمة,https://khamsat.com/writing,سيناريو فيديو,https://khamsat.com/writing/video-script,كتابة لفيديو تاريخي لقناتك على اليوتيوب مثل الدحيح وأسألة نص الليل,https://khamsat.com/writing/video-script/2958979-%D9%83%D8%AA%D8%A7%D8%A8%D8%A9-%D9%84%D9%81%D9%8A%D8%AF%D9%8A%D9%88-%D8%AA%D8%A7%D8%B1%D9%8A%D8%AE%D9%8A-%D9%84%D9%82%D9%86%D8%A7%D8%AA%D9%83-%D8%B9%D9%84%D9%89-%D8%A7%D9%84%D9%8A%D9%88%D8%AA%D9%8A%D9%88%D8%A8-%D9%85%D8%AB%D9%84-%D8%A7%D9%84%D8%AF%D8%AD%D9%8A%D8%AD-%D9%88%D8%A3%D8%B3%D8%A3%D9%84%D8%A9-%D9%86%D8%B5-%D8%A7%D9%84%D9%84%D9%8A%D9%84,5.0,3,6 ساعات,3,0,$5.00,يوم واحد,3,2,10.0,محمد أ.,https://khamsat.com/user/a4af2020,True,بائع جديد,5.0,3,80.0%,3,3,4 أيام
كتابة وترجمة,https://khamsat.com/writing,سيناريو فيديو,https://khamsat.com/writing/video-script,كتابة حلقات وسكربتات لقناتك في اليوتيوب,https://khamsat.com/writing/video-script/1742721-%D9%83%D8%AA%D8%A7%D8%A8%D8%A9-%D8%AD%D9%84%D9%82%D8%A7%D8%AA-%D9%88%D8%B3%D9%83%D8%B1%D8%A8%D8%AA%D8%A7%D8%AA-%D9%84%D9%82%D9%86%D8%A7%D8%AA%D9%83-%D9%81%D9%8A-%D8%A7%D9%84%D9%8A%D9%88%D8%AA%D9%8A%D9%88%D8%A8,4.5,27,6 ساعات,32,0,$10.00,يوم واحد,25,5,200.0,.Mostafa S,https://khamsat.com/user/mostafa_skh,True,بائع مميز,4.5,34,77.55%,6,42,11 ساعة
كتابة وترجمة,https://khamsat.com/writing,سيناريو فيديو,https://khamsat.com/writing/video-script,كتابة سكربت فيلم قصير 300 كلمة,https://khamsat.com/writing/video-script/936975-%D9%83%D8%AA%D8%A7%D8%A8%D8%A9-%D8%B3%D9%83%D8%B1%D8%A8%D8%AA-%D9%81%D9%8A%D9%84%D9%85-%D9%82%D8%B5%D9%8A%D8%B1-300-%D9%83%D9%84%D9%85%D8%A9,4.5,23,11 ساعة,31,0,$5.00,يومين,23,5,130.0,أحمد م.,https://khamsat.com/user/fantastiq,True,بائع مميز,4.5,90,97.73%,4,111,6 ساعات
كتابة وترجمة,https://khamsat.com/writing,سيناريو فيديو,https://khamsat.com/writing/video-script,(نموذج) كامل وسهل لدراسة الجدوى الإقتصادية لمشروعك,https://khamsat.com/writing/video-script/1983556-%D9%86%D9%85%D9%88%D8%B0%D8%AC-%D9%83%D8%A7%D9%85%D9%84-%D9%88%D8%B3%D9%87%D9%84-%D9%84%D8%AF%D8%B1%D8%A7%D8%B3%D8%A9-%D8%A7%D9%84%D8%AC%D8%AF%D9%88%D9%89-%D8%A7%D9%84%D8%A5%D9%82%D8%AA%D8%B5%D8%A7%D8%AF%D9%8A%D8%A9-%D9%84%D9%85%D8%B4%D8%B1%D9%88%D8%B9%D9%83,5.0,2,دقيقة,5,0,$5.00,يوم واحد,2,1,100.0,اديب م.,https://khamsat.com/user/adeeb2233,True,بائع مميز,4.5,110,93.5%,7,139,48 دقيقة
كتابة وترجمة,https://khamsat.com/writing,سيناريو فيديو,https://khamsat.com/writing/video-script,كتابة حلقة يوتيوب,https://khamsat.com/writing/video-script/1450772-%D9%83%D8%AA%D8%A7%D8%A8%D8%A9-%D8%AD%D9%84%D9%82%D8%A9-%D9%8A%D9%88%D8%AA%D9%8A%D9%88%D8%A8,5.0,10,21 ساعة,11,0,$5.00,يومين,10,1,5.0,أسماء ع.,https://khamsat.com/user/%D8%A3%D8%B3%D9%85%D8%A7%D8%A1-%D8%B9%D8%A8%D8%AF-%D8%A7%D9%84%D9%86%D8%A7%D8%B5%D8%B1,True,بائع مميز,5.0,28,76.34%,2,28,12 ساعة
كتابة وترجمة,https://khamsat.com/writing,سيناريو فيديو,https://khamsat.com/writing/video-script,كتابة سيناريو احترافي,https://khamsat.com/writing/video-script/618158-%D9%83%D8%AA%D8%A7%D8%A8%D8%A9-%D8%B3%D9%8A%D9%86%D8%A7%D8%B1%D9%8A%D9%88-%D8%A7%D8%AD%D8%AA%D8%B1%D8%A7%D9%81%D9%8A,5.0,120,4 ساعات,159,1,$5.00,خمسة أيام,25,5,185.0,هناء س.,https://khamsat.com/user/%D8%B1%D8%A7%D8%B3%D9%8A%D9%84-%D9%81%D9%8A%D8%A7%D8%B6,True,بائع مميز,5.0,156,87.3%,6,201,3 ساعات
كتابة وترجمة,https://khamsat.com/writing,سيناريو فيديو,https://khamsat.com/writing/video-script,كتابة سيناريو اعلان موشن جرافيك او انيميشن,https://khamsat.com/writing/video-script/1575290-%D9%83%D8%AA%D8%A7%D8%A8%D8%A9-%D8%B3%D9%8A%D9%86%D8%A7%D8%B1%D9%8A%D9%88-%D8%A7%D8%B9%D9%84%D8%A7%D9%86-%D9%85%D9%88%D8%B4%D9%86-%D8%AC%D8%B1%D8%A7%D9%81%D9%8A%D9%83-%D8%A7%D9%88-%D8%A7%D9%86%D9%8A%D9%85%D9%8A%D8%B4%D9%86,5.0,5,22 دقيقة,6,0,$5.00,ثلاثة أيام,5,3,45.0,محمد م.,https://khamsat.com/user/nour_mahran,True,بائع جديد,5.0,5,90.0%,2,6,49 دقيقة
كتابة وترجمة,https://khamsat.com/writing,سيناريو فيديو,https://khamsat.com/writing/video-script,سيناريو موشن جرافيك تسويقي,https://khamsat.com/writing/video-script/2365834-%D8%B3%D9%8A%D9%86%D8%A7%D8%B1%D9%8A%D9%88-%D9%85%D9%88%D8%B4%D9%86-%D8%AC%D8%B1%D8%A7%D9%81%D9%8A%D9%83-%D8%AA%D8%B3%D9%88%D9%8A%D9%82%D9%8A,4.5,5,11 ساعة,4,0,$5.00,يوم واحد,5,1,25.0,.Elsaeed I,https://khamsat.com/user/saeed5o,True,بائع جديد,4.5,5,81.82%,2,4,11 ساعة
كتابة وترجمة,https://khamsat.com/writing,سيناريو فيديو,https://khamsat.com/writing/video-script,كتابة سكربت لـ ريل أو شورت الإنستغرام والتيكتوك واليوتيوب.,https://khamsat.com/writing/video-script/2878334-%D9%83%D8%AA%D8%A7%D8%A8%D8%A9-%D8%B3%D9%83%D8%B1%D8%A8%D8%AA-%D9%84%D9%80-%D8%B1%D9%8A%D9%84-%D8%A3%D9%88-%D8%B4%D9%88%D8%B1%D8%AA-%D8%A7%D9%84%D8%A5%D9%86%D8%B3%D8%AA%D8%BA%D8%B1%D8%A7%D9%85-%D9%88%D8%A7%D9%84%D8%AA%D9%8A%D9%83%D8%AA%D9%88%D9%83-%D9%88%D8%A7%D9%84%D9%8A%D9%88%D8%AA%D9%8A%D9%88%D8%A8,4.5,7,8 ساعات,12,0,$10.00,يومين,7,5,165.0,محمد ش.,https://khamsat.com/user/mohammadsharaf1,True,بائع مميز,5.0,31,98.77%,3,44,5 ساعات
كتابة وترجمة,https://khamsat.com/writing,سيناريو فيديو,https://khamsat.com/writing/video-script,اعداد سكربتات وسيناريوهات لفيديوهات اليوتيوب وكافة المنصات,https://khamsat.com/writing/video-script/2912010-%D8%A7%D8%B9%D8%AF%D8%A7%D8%AF-%D8%B3%D9%83%D8%B1%D8%A8%D8%AA%D8%A7%D8%AA-%D9%88%D8%B3%D9%8A%D9%86%D8%A7%D8%B1%D9%8A%D9%88%D9%87%D8%A7%D8%AA-%D9%84%D9%81%D9%8A%D8%AF%D9%8A%D9%88%D9%87%D8%A7%D8%AA-%D8%A7%D9%84%D9%8A%D9%88%D8%AA%D9%8A%D9%88%D8%A8-%D9%88%D9%83%D8%A7%D9%81%D8%A9-%D8%A7%D9%84%D9%85%D9%86%D8%B5%D8%A7%D8%AA,5.0,1,دقيقتين,1,0,$5.00,يوم واحد,1,1,10.0,.Ashraf A,https://khamsat.com/user/ashrafadly_22,True,بائع جديد,5.0,3,100.0%,5,2,8 دقائق
كتابة وترجمة,https://khamsat.com/writing,محتوى بودكاست,https://khamsat.com/writing/podcast-script,كتابة حلقة بودكاست في أي تخصص (فصحى أو عامية مصرية),https://khamsat.com/writing/podcast-script/1931749-%D9%83%D8%AA%D8%A7%D8%A8%D8%A9-%D8%AD%D9%84%D9%82%D8%A9-%D8%A8%D9%88%D8%AF%D9%83%D8%A7%D8%B3%D8%AA-%D9%81%D9%8A-%D8%A3%D9%8A-%D8%AA%D8%AE%D8%B5%D8%B5-%D9%81%D8%B5%D8%AD%D9%89-%D8%A3%D9%88-%D8%B9%D8%A7%D9%85%D9%8A%D8%A9-%D9%85%D8%B5%D8%B1%D9%8A%D8%A9,5.0,24,ساعة,31,0,$5.00,يوم واحد,24,5,75.0,أحمد س.,https://khamsat.com/user/ahmedsamysaeed,True,بائع مميز,5.0,44,99.22%,2,56,ساعة
كتابة وترجمة,https://khamsat.com/writing,محتوى بودكاست,https://khamsat.com/writing/podcast-script,كتابة محتوى بودكاست مميز وحصري,https://khamsat.com/writing/podcast-script/2477035-%D9%83%D8%AA%D8%A7%D8%A8%D8%A9-%D9%85%D8%AD%D8%AA%D9%88%D9%89-%D8%A8%D9%88%D8%AF%D9%83%D8%A7%D8%B3%D8%AA-%D9%85%D9%85%D9%8A%D8%B2-%D9%88%D8%AD%D8%B5%D8%B1%D9%8A,5.0,5,3 ساعات,7,0,$20.00,أربعة أيام,5,5,285.0,.Mahmoud E,https://khamsat.com/user/elmaghraby20,True,بائع مميز,5.0,44,97.8%,5,44,10 ساعات
كتابة وترجمة,https://khamsat.com/writing,محتوى بودكاست,https://khamsat.com/writing/podcast-script,كتابة اسكريبتات مثيرة للبودكاست واليوتيوب,https://khamsat.com/writing/podcast-script/2844445-%D9%83%D8%AA%D8%A7%D8%A8%D8%A9-%D8%A7%D8%B3%D9%83%D8%B1%D9%8A%D8%A8%D8%AA%D8%A7%D8%AA-%D9%85%D8%AB%D9%8A%D8%B1%D8%A9-%D9%84%D9%84%D8%A8%D9%88%D8%AF%D9%83%D8%A7%D8%B3%D8%AA-%D9%88%D8%A7%D9%84%D9%8A%D9%88%D8%AA%D9%8A%D9%88%D8%A8,5.0,7,ساعة,8,1,$5.00,يومين,7,5,60.0,عبدالرحمن م.,https://khamsat.com/user/abde_lrahmano,True,بائع نشيط,5.0,18,95.92%,6,18,ساعة
كتابة وترجمة,https://khamsat.com/writing,محتوى بودكاست,https://khamsat.com/writing/podcast-script,كتابة سيناريو Podcast script,https://khamsat.com/writing/podcast-script/1976839-%D9%83%D8%AA%D8%A7%D8%A8%D8%A9-%D8%B3%D9%8A%D9%86%D8%A7%D8%B1%D9%8A%D9%88-podcast-script,4.5,16,7 ساعات,21,0,$5.00,يومين,16,3,65.0,.Seham H,https://khamsat.com/user/%D8%B3%D9%87%D8%A7%D9%85-%D8%A7%D9%84%D9%85%D9%86%D8%B4%D8%A7%D9%88%D9%8A,True,بائع مميز,4.5,61,96.83%,8,72,7 ساعات
كتابة وترجمة,https://khamsat.com/writing,محتوى بودكاست,https://khamsat.com/writing/podcast-script,خدمة كتابة سيناريو محتوى بودكاست احترافي,https://khamsat.com/writing/podcast-script/3049035-%D8%AE%D8%AF%D9%85%D8%A9-%D9%83%D8%AA%D8%A7%D8%A8%D8%A9-%D8%B3%D9%8A%D9%86%D8%A7%D8%B1%D9%8A%D9%88-%D9%85%D8%AD%D8%AA%D9%88%D9%89-%D8%A8%D9%88%D8%AF%D9%83%D8%A7%D8%B3%D8%AA-%D8%A7%D8%AD%D8%AA%D8%B1%D8%A7%D9%81%D9%8A,0.0,0,لم يحسب,0,0,$10.00,يوم واحد,0,1,15.0,.Naoual E,https://khamsat.com/user/naoual_12,False,بائع جديد,0.0,0,لم يحسب بعد,4,0,لم يحسب
كتابة وترجمة,https://khamsat.com/writing,محتوى بودكاست,https://khamsat.com/writing/podcast-script,اعداد حلقة برنامج اذاعي مدة الحلقة نصف ساعة وذلك مقابل ٥ دولار عن كل حلقة,https://khamsat.com/writing/podcast-script/912526-%D8%A7%D8%B9%D8%AF%D8%A7%D8%AF-%D8%AD%D9%84%D9%82%D8%A9-%D8%A8%D8%B1%D9%86%D8%A7%D9%85%D8%AC-%D8%A7%D8%B0%D8%A7%D8%B9%D9%8A-%D9%85%D8%AF%D8%A9-%D8%A7%D9%84%D8%AD%D9%84%D9%82%D8%A9-%D9%86%D8%B5%D9%81-%D8%B3%D8%A7%D8%B9%D8%A9-%D9%88%D8%B0%D9%84%D9%83-%D9%85%D9%82%D8%A7%D8%A8%D9%84-%D8%AF%D9%88%D9%84%D8%A7%D8%B1-%D8%B9%D9%86-%D9%83%D9%84-%D8%AD%D9%84%D9%82%D8%A9,0.0,0,لم يحسب,0,0,$5.00,خمسة أيام,0,0,0.0,محمود خ.,https://khamsat.com/user/m_khattab007,True,بائع جديد,0.0,0,لم يحسب بعد,4,0,لم يحسب
كتابة وترجمة,https://khamsat.com/writing,محتوى بودكاست,https://khamsat.com/writing/podcast-script,كتابة محتوى بودكاست باللغة العربيّة,https://khamsat.com/writing/podcast-script/2734129-%D9%83%D8%AA%D8%A7%D8%A8%D8%A9-%D9%85%D8%AD%D8%AA%D9%88%D9%89-%D8%A8%D9%88%D8%AF%D9%83%D8%A7%D8%B3%D8%AA-%D8%A8%D8%A7%D9%84%D9%84%D8%BA%D8%A9-%D8%A7%D9%84%D8%B9%D8%B1%D8%A8%D9%8A%D8%A9,0.0,0,لم يحسب,0,0,$5.00,ثلاثة أيام,0,0,0.0,شهيرة ا.,https://khamsat.com/user/shahera_aj,True,بائع جديد,0.0,0,لم يحسب بعد,1,0,لم يحسب
كتابة وترجمة,https://khamsat.com/writing,محتوى بودكاست,https://khamsat.com/writing/podcast-script,لدي مهارة كتابية للعديد من مجالات البودكاست,https://khamsat.com/writing/podcast-script/2880000-%D9%84%D8%AF%D9%8A-%D9%85%D9%87%D8%A7%D8%B1%D8%A9-%D9%83%D8%AA%D8%A7%D8%A8%D9%8A%D8%A9-%D9%84%D9%84%D8%B9%D8%AF%D9%8A%D8%AF-%D9%85%D9%86-%D9%85%D8%AC%D8%A7%D9%84%D8%A7%D8%AA-%D8%A7%D9%84%D8%A8%D9%88%D8%AF%D9%83%D8%A7%D8%B3%D8%AA,0.0,0,لم يحسب,0,0,$5.00,يوم واحد,0,0,0.0,لين ا.,https://khamsat.com/user/leen_2005saw,True,بائع جديد,0.0,0,50.0%,1,1,3 دقائق
كتابة وترجمة,https://khamsat.com/writing,محتوى بودكاست,https://khamsat.com/writing/podcast-script,كتابة سيناريو Podcast script,https://khamsat.com/writing/podcast-script/2724005-%D9%83%D8%AA%D8%A7%D8%A8%D8%A9-%D8%B3%D9%8A%D9%86%D8%A7%D8%B1%D9%8A%D9%88-podcast-script,0.0,0,لم يحسب,0,0,$5.00,يوم واحد,0,2,30.0,الهام ا.,https://khamsat.com/user/sa_lam_islam,False,بائع جديد,0.0,0,لم يحسب بعد,1,0,لم يحسب
كتابة وترجمة,https://khamsat.com/writing,محتوى بودكاست,https://khamsat.com/writing/podcast-script,كتابة بودكاست، صناعة محتوى ،سكربت,https://khamsat.com/writing/podcast-script/3019028-%D9%83%D8%AA%D8%A7%D8%A8%D8%A9-%D8%A8%D9%88%D8%AF%D9%83%D8%A7%D8%B3%D8%AA-%D8%B5%D9%86%D8%A7%D8%B9%D8%A9-%D9%85%D8%AD%D8%AA%D9%88%D9%89-%D8%B3%D9%83%D8%B1%D8%A8%D8%AA,0.0,0,لم يحسب,0,0,$5.00,يوم واحد,0,0,0.0,شهد ش.,https://khamsat.com/user/shahed_shaderma21,False,بائع جديد,0.0,0,لم يحسب بعد,3,0,لم يحسب
كتابة وترجمة,https://khamsat.com/writing,محتوى بودكاست,https://khamsat.com/writing/podcast-script,تصميم شعارات لوغو بطريقة احترافية,https://khamsat.com/writing/podcast-script/2647124-%D8%AA%D8%B5%D9%85%D9%8A%D9%85-%D8%B4%D8%B9%D8%A7%D8%B1%D8%A7%D8%AA-%D9%84%D9%88%D8%BA%D9%88-%D8%A8%D8%B7%D8%B1%D9%8A%D9%82%D8%A9-%D8%A7%D8%AD%D8%AA%D8%B1%D8%A7%D9%81%D9%8A%D8%A9,0.0,0,لم يحسب,0,0,$5.00,يوم واحد,0,0,0.0,.Arena A,https://khamsat.com/user/gh67,False,بائع جديد,0.0,0,لم يحسب بعد,5,0,لم يحسب
كتابة وترجمة,https://khamsat.com/writing,محتوى بودكاست,https://khamsat.com/writing/podcast-script,كتلة محتوى بودكاست باحترافية كبيرة,https://khamsat.com/writing/podcast-script/2957949-%D9%83%D8%AA%D9%84%D8%A9-%D9%85%D8%AD%D8%AA%D9%88%D9%89-%D8%A8%D9%88%D8%AF%D9%83%D8%A7%D8%B3%D8%AA-%D8%A8%D8%A7%D8%AD%D8%AA%D8%B1%D8%A7%D9%81%D9%8A%D8%A9-%D9%83%D8%A8%D9%8A%D8%B1%D8%A9,0.0,0,لم يحسب,0,0,$5.00,يوم واحد,0,0,0.0,وائل تقي الدين ب.,https://khamsat.com/user/monsefboutra,False,بائع جديد,0.0,0,لم يحسب بعد,3,0,لم يحسب
كتابة وترجمة,https://khamsat.com/writing,محتوى بودكاست,https://khamsat.com/writing/podcast-script,كتابة محتوى وسيناريو للبودكاست,https://khamsat.com/writing/podcast-script/2991369-%D9%83%D8%AA%D8%A7%D8%A8%D8%A9-%D9%85%D8%AD%D8%AA%D9%88%D9%89-%D9%88%D8%B3%D9%8A%D9%86%D8%A7%D8%B1%D9%8A%D9%88-%D9%84%D9%84%D8%A8%D9%88%D8%AF%D9%83%D8%A7%D8%B3%D8%AA,0.0,0,لم يحسب,0,0,$10.00,يومين,0,2,135.0,.Mohammed A,https://khamsat.com/user/mohammed_ashraf98,True,بائع جديد,0.0,0,لم يحسب بعد,3,0,لم يحسب
كتابة وترجمة,https://khamsat.com/writing,محتوى بودكاست,https://khamsat.com/writing/podcast-script,كتابة سكريبت بودكاست أو سيناريو فيديو يوتيوب بدون نسخ,https://khamsat.com/writing/podcast-script/3032969-%D9%83%D8%AA%D8%A7%D8%A8%D8%A9-%D8%B3%D9%83%D8%B1%D9%8A%D8%A8%D8%AA-%D8%A8%D9%88%D8%AF%D9%83%D8%A7%D8%B3%D8%AA-%D8%A3%D9%88-%D8%B3%D9%8A%D9%86%D8%A7%D8%B1%D9%8A%D9%88-%D9%81%D9%8A%D8%AF%D9%8A%D9%88-%D9%8A%D9%88%D8%AA%D9%8A%D9%88%D8%A8-%D8%A8%D8%AF%D9%88%D9%86-%D9%86%D8%B3%D8%AE,0.0,0,لم يحسب,0,0,$5.00,ثلاثة أيام,0,3,15.0,محمد ح.,https://khamsat.com/user/mhamdy,True,بائع موثوق,5.0,172,92.67%,4,243,7 ساعات
كتابة وترجمة,https://khamsat.com/writing,محتوى بودكاست,https://khamsat.com/writing/podcast-script,كتابة محتوى بودكاست شائق وجذاب للعملاء والمستمعين,https://khamsat.com/writing/podcast-script/2908680-%D9%83%D8%AA%D8%A7%D8%A8%D8%A9-%D9%85%D8%AD%D8%AA%D9%88%D9%89-%D8%A8%D9%88%D8%AF%D9%83%D8%A7%D8%B3%D8%AA-%D8%B4%D8%A7%D8%A6%D9%82-%D9%88%D8%AC%D8%B0%D8%A7%D8%A8-%D9%84%D9%84%D8%B9%D9%85%D9%84%D8%A7%D8%A1-%D9%88%D8%A7%D9%84%D9%85%D8%B3%D8%AA%D9%85%D8%B9%D9%8A%D9%86,0.0,0,لم يحسب,0,0,$5.00,يومين,0,0,0.0,.Alaa H,https://khamsat.com/user/alaaihmaid,True,بائع جديد,0.0,0,لم يحسب بعد,1,0,لم يحسب
كتابة وترجمة,https://khamsat.com/writing,محتوى بودكاست,https://khamsat.com/writing/podcast-script,احصل على سيناريو بودكاست استثنائي يسحر الأذهان ويجذب المستمع,https://khamsat.com/writing/podcast-script/2652476-%D8%A7%D8%AD%D8%B5%D9%84-%D8%B9%D9%84%D9%89-%D8%B3%D9%8A%D9%86%D8%A7%D8%B1%D9%8A%D9%88-%D8%A8%D9%88%D8%AF%D9%83%D8%A7%D8%B3%D8%AA-%D8%A7%D8%B3%D8%AA%D8%AB%D9%86%D8%A7%D8%A6%D9%8A-%D9%8A%D8%B3%D8%AD%D8%B1-%D8%A7%D9%84%D8%A3%D8%B0%D9%87%D8%A7%D9%86-%D9%88%D9%8A%D8%AC%D8%B0%D8%A8-%D8%A7%D9%84%D9%85%D8%B3%D8%AA%D9%85%D8%B9,0.0,0,لم يحسب,0,0,$5.00,يوم واحد,0,3,35.0,.يقل R,https://khamsat.com/user/rahim23dzn,False,بائع جديد,0.0,0,لم يحسب بعد,4,0,لم يحسب
كتابة وترجمة,https://khamsat.com/writing,محتوى بودكاست,https://khamsat.com/writing/podcast-script,كتابة محتوى بودكاست Podcast.,https://khamsat.com/writing/podcast-script/2722270-%D9%83%D8%AA%D8%A7%D8%A8%D8%A9-%D9%85%D8%AD%D8%AA%D9%88%D9%89-%D8%A8%D9%88%D8%AF%D9%83%D8%A7%D8%B3%D8%AA-podcast,1.0,1,لم يحسب,0,0,$5.00,يومين,1,5,80.0,.Salma E,https://khamsat.com/user/selimaa,True,بائع جديد,5.0,4,83.33%,5,3,ساعة
كتابة وترجمة,https://khamsat.com/writing,محتوى بودكاست,https://khamsat.com/writing/podcast-script,محتوى بودكاست فصحى أو عامية مصرية في جميع التخصصات,https://khamsat.com/writing/podcast-script/2882535-%D9%85%D8%AD%D8%AA%D9%88%D9%89-%D8%A8%D9%88%D8%AF%D9%83%D8%A7%D8%B3%D8%AA-%D9%81%D8%B5%D8%AD%D9%89-%D8%A3%D9%88-%D8%B9%D8%A7%D9%85%D9%8A%D8%A9-%D9%85%D8%B5%D8%B1%D9%8A%D8%A9-%D9%81%D9%8A-%D8%AC%D9%85%D9%8A%D8%B9-%D8%A7%D9%84%D8%AA%D8%AE%D8%B5%D8%B5%D8%A7%D8%AA,0.0,0,لم يحسب,0,0,$5.00,يوم واحد,0,5,70.0,محمد ع.,https://khamsat.com/user/muhmdd,False,بائع مميز,5.0,102,95.38%,13,114,7 ساعات
كتابة وترجمة,https://khamsat.com/writing,سيناريو أفلام ومسلسلات,https://khamsat.com/writing/script-writing-services,كتابة وتأليف نصوص مسرحية أسكتش أو مونودراما أو مسرحية كاملة,https://khamsat.com/writing/script-writing-services/766032-%D9%83%D8%AA%D8%A7%D8%A8%D8%A9-%D9%88%D8%AA%D8%A3%D9%84%D9%8A%D9%81-%D9%86%D8%B5%D9%88%D8%B5-%D9%85%D8%B3%D8%B1%D8%AD%D9%8A%D8%A9-%D8%A3%D8%B3%D9%83%D8%AA%D8%B4-%D8%A3%D9%88-%D9%85%D9%88%D9%86%D9%88%D8%AF%D8%B1%D8%A7%D9%85%D8%A7-%D8%A3%D9%88-%D9%85%D8%B3%D8%B1%D8%AD%D9%8A%D8%A9-%D9%83%D8%A7%D9%85%D9%84%D8%A9,4.5,21,6 ساعات,32,0,$5.00,يومين,21,4,260.0,.Waleed I,https://khamsat.com/user/%D9%88%D9%84%D9%8A%D8%AF-%D9%85%D8%AD%D9%85%D8%AF-%D8%A7%D9%84%D9%86%D8%AC%D8%A7%D8%B1,True,بائع مميز,4.5,119,92.11%,3,158,3 ساعات
كتابة وترجمة,https://khamsat.com/writing,سيناريو أفلام ومسلسلات,https://khamsat.com/writing/script-writing-services,كتابة سيناريو مسلسل أو فيلم عن أي موضوع تريده,https://khamsat.com/writing/script-writing-services/2796546-%D9%83%D8%AA%D8%A7%D8%A8%D8%A9-%D8%B3%D9%8A%D9%86%D8%A7%D8%B1%D9%8A%D9%88-%D9%85%D8%B3%D9%84%D8%B3%D9%84-%D8%A3%D9%88-%D9%81%D9%8A%D9%84%D9%85-%D8%B9%D9%86-%D8%A3%D9%8A-%D9%85%D9%88%D8%B6%D9%88%D8%B9-%D8%AA%D8%B1%D9%8A%D8%AF%D9%87,5.0,2,59 دقيقة,2,0,$10.00,يوم واحد,2,4,250.0,.Nada S,https://khamsat.com/user/nadakhaled77,True,بائع مميز,5.0,23,91.38%,5,25,17 ساعة
كتابة وترجمة,https://khamsat.com/writing,سيناريو أفلام ومسلسلات,https://khamsat.com/writing/script-writing-services,كتابة اسكربت ومحتوى خاص بالأفلام والمسلسلات,https://khamsat.com/writing/script-writing-services/3026346-%D9%83%D8%AA%D8%A7%D8%A8%D8%A9-%D8%A7%D8%B3%D9%83%D8%B1%D8%A8%D8%AA-%D9%88%D9%85%D8%AD%D8%AA%D9%88%D9%89-%D8%AE%D8%A7%D8%B5-%D8%A8%D8%A7%D9%84%D8%A3%D9%81%D9%84%D8%A7%D9%85-%D9%88%D8%A7%D9%84%D9%85%D8%B3%D9%84%D8%B3%D9%84%D8%A7%D8%AA,5.0,1,3 دقائق,1,0,$10.00,يومين,1,2,20.0,.Abed A,https://khamsat.com/user/abed_adel,True,بائع جديد,5.0,1,100.0%,3,1,3 دقائق
كتابة وترجمة,https://khamsat.com/writing,سيناريو أفلام ومسلسلات,https://khamsat.com/writing/script-writing-services,كاتب نص حواري سيناريست,https://khamsat.com/writing/script-writing-services/2661191-%D9%83%D8%A7%D8%AA%D8%A8-%D9%86%D8%B5-%D8%AD%D9%88%D8%A7%D8%B1%D9%8A-%D8%B3%D9%8A%D9%86%D8%A7%D8%B1%D9%8A%D8%B3%D8%AA,4.5,2,ساعة,2,0,$10.00,ثلاثة أيام,2,3,65.0,ميساء ا.,https://khamsat.com/user/mysa2024,True,بائع جديد,4.5,3,100.0%,2,3,15 ساعة
كتابة وترجمة,https://khamsat.com/writing,سيناريو أفلام ومسلسلات,https://khamsat.com/writing/script-writing-services,كتابة سيناريو اذاعي او تلفزيوني باللغة العربية,https://khamsat.com/writing/script-writing-services/1938796-%D9%83%D8%AA%D8%A7%D8%A8%D8%A9-%D8%B3%D9%8A%D9%86%D8%A7%D8%B1%D9%8A%D9%88-%D8%A7%D8%B0%D8%A7%D8%B9%D9%8A-%D8%A7%D9%88-%D8%AA%D9%84%D9%81%D8%B2%D9%8A%D9%88%D9%86%D9%8A-%D8%A8%D8%A7%D9%84%D9%84%D8%BA%D8%A9-%D8%A7%D9%84%D8%B9%D8%B1%D8%A8%D9%8A%D8%A9,5.0,13,دقيقة,16,0,$10.00,يوم واحد,13,0,0.0,شاهر ب.,https://khamsat.com/user/shaher_basti,True,بائع مميز,5.0,34,98.15%,9,27,7 ساعات
كتابة وترجمة,https://khamsat.com/writing,سيناريو أفلام ومسلسلات,https://khamsat.com/writing/script-writing-services,كتابةقصص وسيناريوهات وتحويل الفيديو الى سينايو,https://khamsat.com/writing/script-writing-services/2124392-%D9%83%D8%AA%D8%A7%D8%A8%D8%A9%D9%82%D8%B5%D8%B5-%D9%88%D8%B3%D9%8A%D9%86%D8%A7%D8%B1%D9%8A%D9%88%D9%87%D8%A7%D8%AA-%D9%88%D8%AA%D8%AD%D9%88%D9%8A%D9%84-%D8%A7%D9%84%D9%81%D9%8A%D8%AF%D9%8A%D9%88-%D8%A7%D9%84%D9%89-%D8%B3%D9%8A%D9%86%D8%A7%D9%8A%D9%88,4.5,13,18 ساعة,17,0,$5.00,يوم واحد,13,4,160.0,.Narmeen A,https://khamsat.com/user/narmeenalwadia,True,بائع مميز,4.5,22,98.18%,7,29,4 ساعات
كتابة وترجمة,https://khamsat.com/writing,سيناريو أفلام ومسلسلات,https://khamsat.com/writing/script-writing-services,گاتب سيناريو وحوار كوميدي مسرح روايات قصص واقعية درامة رعب,https://khamsat.com/writing/script-writing-services/2114027-%D8%A7%D8%AA%D8%A8-%D8%B3%D9%8A%D9%86%D8%A7%D8%B1%D9%8A%D9%88-%D9%88%D8%AD%D9%88%D8%A7%D8%B1-%D9%83%D9%88%D9%85%D9%8A%D8%AF%D9%8A-%D9%85%D8%B3%D8%B1%D8%AD-%D8%B1%D9%88%D8%A7%D9%8A%D8%A7%D8%AA-%D9%82%D8%B5%D8%B5-%D9%88%D8%A7%D9%82%D8%B9%D9%8A%D8%A9-%D8%AF%D8%B1%D8%A7%D9%85%D8%A9-%D8%B1%D8%B9%D8%A8,5.0,7,13 ساعة,13,0,$10.00,يومين,7,5,445.0,محمد س.,https://khamsat.com/user/g_soltan,True,بائع مميز,5.0,18,90.91%,2,21,يومين
كتابة وترجمة,https://khamsat.com/writing,سيناريو أفلام ومسلسلات,https://khamsat.com/writing/script-writing-services,تأليف مسرحية قصيرة من فصل واحد,https://khamsat.com/writing/script-writing-services/989600-%D8%AA%D8%A3%D9%84%D9%8A%D9%81-%D9%85%D8%B3%D8%B1%D8%AD%D9%8A%D8%A9-%D9%82%D8%B5%D9%8A%D8%B1%D8%A9-%D9%85%D9%86-%D9%81%D8%B5%D9%84-%D9%88%D8%A7%D8%AD%D8%AF,5.0,5,20 دقيقة,11,0,$5.00,يومين,5,4,60.0,أحمد م.,https://khamsat.com/user/fantastiq,True,بائع مميز,4.5,90,97.73%,4,111,6 ساعات
كتابة وترجمة,https://khamsat.com/writing,سيناريو أفلام ومسلسلات,https://khamsat.com/writing/script-writing-services,كتابة سيناريوهات لافلام قصيرة ومسلسلات,https://khamsat.com/writing/script-writing-services/3031198-%D9%83%D8%AA%D8%A7%D8%A8%D8%A9-%D8%B3%D9%8A%D9%86%D8%A7%D8%B1%D9%8A%D9%88%D9%87%D8%A7%D8%AA-%D9%84%D8%A7%D9%81%D9%84%D8%A7%D9%85-%D9%82%D8%B5%D9%8A%D8%B1%D8%A9-%D9%88%D9%85%D8%B3%D9%84%D8%B3%D9%84%D8%A7%D8%AA,5.0,1,56 دقيقة,1,0,$10.00,أسبوع,1,5,205.0,إسلام م.,https://khamsat.com/user/%D8%A5%D8%B3%D9%84%D8%A7%D9%85-%D9%86%D8%AF%D8%A7,True,مشتري جديد,5.0,1,100.0%,2,1,56 دقيقة
كتابة وترجمة,https://khamsat.com/writing,سيناريو أفلام ومسلسلات,https://khamsat.com/writing/script-writing-services,كتابة اسكريبت مميز ومختلف,https://khamsat.com/writing/script-writing-services/1659067-%D9%83%D8%AA%D8%A7%D8%A8%D8%A9-%D8%A7%D8%B3%D9%83%D8%B1%D9%8A%D8%A8%D8%AA-%D9%85%D9%85%D9%8A%D8%B2-%D9%88%D9%85%D8%AE%D8%AA%D9%84%D9%81,5.0,22,يومين,28,0,$5.00,يوم واحد,22,5,180.0,.Mohamed I,https://khamsat.com/user/mohameda20,True,بائع مميز,5.0,33,94.29%,3,36,21 ساعة
كتابة وترجمة,https://khamsat.com/writing,سيناريو أفلام ومسلسلات,https://khamsat.com/writing/script-writing-services,كتابة سيناريو لفيلم قصير حول موضوع معين.,https://khamsat.com/writing/script-writing-services/1653740-%D9%83%D8%AA%D8%A7%D8%A8%D8%A9-%D8%B3%D9%8A%D9%86%D8%A7%D8%B1%D9%8A%D9%88-%D9%84%D9%81%D9%8A%D9%84%D9%85-%D9%82%D8%B5%D9%8A%D8%B1-%D8%AD%D9%88%D9%84-%D9%85%D9%88%D8%B6%D9%88%D8%B9-%D9%85%D8%B9%D9%8A%D9%86,5.0,43,5 دقائق,57,0,$5.00,يومين,25,5,250.0,عبد العزيز م.,https://khamsat.com/user/abdelazizmanni,True,بائع مميز,4.5,108,92.45%,7,151,ساعتين
كتابة وترجمة,https://khamsat.com/writing,سيناريو أفلام ومسلسلات,https://khamsat.com/writing/script-writing-services,كتابة سيناريوهات أفلام ومسلسلات منوعة,https://khamsat.com/writing/script-writing-services/2145249-%D9%83%D8%AA%D8%A7%D8%A8%D8%A9-%D8%B3%D9%8A%D9%86%D8%A7%D8%B1%D9%8A%D9%88%D9%87%D8%A7%D8%AA-%D8%A3%D9%81%D9%84%D8%A7%D9%85-%D9%88%D9%85%D8%B3%D9%84%D8%B3%D9%84%D8%A7%D8%AA-%D9%85%D9%86%D9%88%D8%B9%D8%A9,5.0,1,أقل من دقيقة,3,0,$25.00,أسبوع,1,2,60.0,أحمد ق.,https://khamsat.com/user/asdfghjkqweer,True,بائع نشيط,5.0,11,89.19%,2,13,5 ساعات
كتابة وترجمة,https://khamsat.com/writing,سيناريو أفلام ومسلسلات,https://khamsat.com/writing/script-writing-services,كتابة سيناريو مسلسل أو فيلم.,https://khamsat.com/writing/script-writing-services/2919231-%D9%83%D8%AA%D8%A7%D8%A8%D8%A9-%D8%B3%D9%8A%D9%86%D8%A7%D8%B1%D9%8A%D9%88-%D9%85%D8%B3%D9%84%D8%B3%D9%84-%D8%A3%D9%88-%D9%81%D9%8A%D9%84%D9%85,0.0,0,لم يحسب,0,0,$5.00,يوم واحد,0,5,230.0,.Ziad T,https://khamsat.com/user/tidier,True,بائع جديد,0.0,0,لم يحسب بعد,4,0,لم يحسب
كتابة وترجمة,https://khamsat.com/writing,سيناريو أفلام ومسلسلات,https://khamsat.com/writing/script-writing-services,كتابة سيناريوهات أفلام نظيفة ومناسبة للعائلة.,https://khamsat.com/writing/script-writing-services/3043827-%D9%83%D8%AA%D8%A7%D8%A8%D8%A9-%D8%B3%D9%8A%D9%86%D8%A7%D8%B1%D9%8A%D9%88%D9%87%D8%A7%D8%AA-%D8%A3%D9%81%D9%84%D8%A7%D9%85-%D9%86%D8%B8%D9%8A%D9%81%D8%A9-%D9%88%D9%85%D9%86%D8%A7%D8%B3%D8%A8%D8%A9-%D9%84%D9%84%D8%B9%D8%A7%D8%A6%D9%84%D8%A9,0.0,0,لم يحسب,0,0,$10.00,ثلاثة أيام,0,0,0.0,.Mohmad A,https://khamsat.com/user/mohmad83,True,بائع جديد,0.0,0,لم يحسب بعد,1,0,لم يحسب
كتابة وترجمة,https://khamsat.com/writing,سيناريو أفلام ومسلسلات,https://khamsat.com/writing/script-writing-services,تحويل أفكارك إلى سيناريو وحوار لبيعه لشركات الإنتاج الفني,https://khamsat.com/writing/script-writing-services/2585228-%D8%AA%D8%AD%D9%88%D9%8A%D9%84-%D8%A3%D9%81%D9%83%D8%A7%D8%B1%D9%83-%D8%A5%D9%84%D9%89-%D8%B3%D9%8A%D9%86%D8%A7%D8%B1%D9%8A%D9%88-%D9%88%D8%AD%D9%88%D8%A7%D8%B1-%D9%84%D8%A8%D9%8A%D8%B9%D9%87-%D9%84%D8%B4%D8%B1%D9%83%D8%A7%D8%AA-%D8%A7%D9%84%D8%A5%D9%86%D8%AA%D8%A7%D8%AC-%D8%A7%D9%84%D9%81%D9%86%D9%8A,0.0,0,4 ساعات,0,0,$5.00,ثلاثة أيام,0,2,40.0,المعتصم خ.,https://khamsat.com/user/almotasem_kh,True,بائع جديد,0.0,0,لم يحسب بعد,4,0,3 ساعات
كتابة وترجمة,https://khamsat.com/writing,سيناريو أفلام ومسلسلات,https://khamsat.com/writing/script-writing-services,مساعد مخرج عن بُعد، سأكتب لك خطة إخراج كاملة لفيلمك,https://khamsat.com/writing/script-writing-services/2586669-%D9%85%D8%B3%D8%A7%D8%B9%D8%AF-%D9%85%D8%AE%D8%B1%D8%AC-%D8%B9%D9%86-%D8%A8%D8%B9%D8%AF-%D8%B3%D8%A3%D9%83%D8%AA%D8%A8-%D9%84%D9%83-%D8%AE%D8%B7%D8%A9-%D8%A5%D8%AE%D8%B1%D8%A7%D8%AC-%D9%83%D8%A7%D9%85%D9%84%D8%A9-%D9%84%D9%81%D9%8A%D9%84%D9%85%D9%83,0.0,0,3 ساعات,0,0,$5.00,يومين,0,5,35.0,المعتصم خ.,https://khamsat.com/user/almotasem_kh,True,بائع جديد,0.0,0,لم يحسب بعد,4,0,3 ساعات
كتابة وترجمة,https://khamsat.com/writing,سيناريو أفلام ومسلسلات,https://khamsat.com/writing/script-writing-services,كاتب محتوى وسيناريو إبداعي,https://khamsat.com/writing/script-writing-services/2910667-%D9%83%D8%A7%D8%AA%D8%A8-%D9%85%D8%AD%D8%AA%D9%88%D9%89-%D9%88%D8%B3%D9%8A%D9%86%D8%A7%D8%B1%D9%8A%D9%88-%D8%A5%D8%A8%D8%AF%D8%A7%D8%B9%D9%8A,0.0,0,لم يحسب,0,0,$5.00,يومين,0,1,10.0,.Ahmed A,https://khamsat.com/user/ahmed_abdelrazek9,True,بائع جديد,0.0,0,لم يحسب بعد,1,0,لم يحسب
كتابة وترجمة,https://khamsat.com/writing,سيناريو أفلام ومسلسلات,https://khamsat.com/writing/script-writing-services,كتابة وتأليف مسرحية أو اسكتش مسرحي,https://khamsat.com/writing/script-writing-services/2455407-%D9%83%D8%AA%D8%A7%D8%A8%D8%A9-%D9%88%D8%AA%D8%A3%D9%84%D9%8A%D9%81-%D9%85%D8%B3%D8%B1%D8%AD%D9%8A%D8%A9-%D8%A3%D9%88-%D8%A7%D8%B3%D9%83%D8%AA%D8%B4-%D9%85%D8%B3%D8%B1%D8%AD%D9%8A,4.0,1,23 ساعة,1,0,$5.00,يوم واحد,1,2,15.0,.Alaa D,https://khamsat.com/user/alaa_m_dawoud,True,بائع نشيط,5.0,8,95.83%,3,10,10 ساعات
كتابة وترجمة,https://khamsat.com/writing,سيناريو أفلام ومسلسلات,https://khamsat.com/writing/script-writing-services,كتابة سيناريو فيلم قصير أو طويل,https://khamsat.com/writing/script-writing-services/3026026-%D9%83%D8%AA%D8%A7%D8%A8%D8%A9-%D8%B3%D9%8A%D9%86%D8%A7%D8%B1%D9%8A%D9%88-%D9%81%D9%8A%D9%84%D9%85-%D9%82%D8%B5%D9%8A%D8%B1-%D8%A3%D9%88-%D8%B7%D9%88%D9%8A%D9%84,0.0,0,لم يحسب,0,0,$10.00,يومين,0,0,0.0,عمرو ن.,https://khamsat.com/user/amransr,False,بائع جديد,0.0,0,لم يحسب بعد,3,0,لم يحسب
كتابة وترجمة,https://khamsat.com/writing,سيناريو أفلام ومسلسلات,https://khamsat.com/writing/script-writing-services,سيناريو فيلم سينمائي عراقي قصير,https://khamsat.com/writing/script-writing-services/2875764-%D8%B3%D9%8A%D9%86%D8%A7%D8%B1%D9%8A%D9%88-%D9%81%D9%8A%D9%84%D9%85-%D8%B3%D9%8A%D9%86%D9%85%D8%A7%D8%A6%D9%8A-%D8%B9%D8%B1%D8%A7%D9%82%D9%8A-%D9%82%D8%B5%D9%8A%D8%B1,0.0,0,لم يحسب,0,0,$10.00,يومين,0,0,0.0,عبود ا.,https://khamsat.com/user/director1988,False,بائع جديد,0.0,0,لم يحسب بعد,2,0,لم يحسب
كتابة وترجمة,https://khamsat.com/writing,سيناريو أفلام ومسلسلات,https://khamsat.com/writing/script-writing-services,كتابة سكربت فيديو تسويقي او شرح لمنتج او خدمة,https://khamsat.com/writing/script-writing-services/2066837-%D9%83%D8%AA%D8%A7%D8%A8%D8%A9-%D8%B3%D9%83%D8%B1%D8%A8%D8%AA-%D9%81%D9%8A%D8%AF%D9%8A%D9%88-%D8%AA%D8%B3%D9%88%D9%8A%D9%82%D9%8A-%D8%A7%D9%88-%D8%B4%D8%B1%D8%AD-%D9%84%D9%85%D9%86%D8%AA%D8%AC-%D8%A7%D9%88-%D8%AE%D8%AF%D9%85%D8%A9,0.0,0,لم يحسب,0,0,$5.00,يوم واحد,0,0,0.0,رؤى ح.,https://khamsat.com/user/rouaham,True,بائع مميز,5.0,21,96.43%,8,23,14 ساعة
كتابة وترجمة,https://khamsat.com/writing,سيناريو أفلام ومسلسلات,https://khamsat.com/writing/script-writing-services,كتابه سيناريو افلام ومسلسلات,https://khamsat.com/writing/script-writing-services/2921378-%D9%83%D8%AA%D8%A7%D8%A8%D9%87-%D8%B3%D9%8A%D9%86%D8%A7%D8%B1%D9%8A%D9%88-%D8%A7%D9%81%D9%84%D8%A7%D9%85-%D9%88%D9%85%D8%B3%D9%84%D8%B3%D9%84%D8%A7%D8%AA,0.0,0,لم يحسب,0,0,$5.00,يوم واحد,0,0,0.0,نهال ا.,https://khamsat.com/user/mnehal44,False,بائع جديد,0.0,0,لم يحسب بعد,1,0,لم يحسب
كتابة وترجمة,https://khamsat.com/writing,سيناريو أفلام ومسلسلات,https://khamsat.com/writing/script-writing-services,كتابة قصة وسيناريو وحوار - كوميدي دراما,https://khamsat.com/writing/script-writing-services/2925317-%D9%83%D8%AA%D8%A7%D8%A8%D8%A9-%D9%82%D8%B5%D8%A9-%D9%88%D8%B3%D9%8A%D9%86%D8%A7%D8%B1%D9%8A%D9%88-%D9%88%D8%AD%D9%88%D8%A7%D8%B1-%D9%83%D9%88%D9%85%D9%8A%D8%AF%D9%8A-%D8%AF%D8%B1%D8%A7%D9%85%D8%A7,0.0,0,لم يحسب,0,0,$5.00,شهر,0,0,0.0,نوره ا.,https://khamsat.com/user/norahalmhadani,False,بائع جديد,0.0,0,لم يحسب بعد,1,0,لم يحسب
كتابة وترجمة,https://khamsat.com/writing,سيناريو أفلام ومسلسلات,https://khamsat.com/writing/script-writing-services,السيناريست الصغيرة للأفلام الدرامية القصيرة,https://khamsat.com/writing/script-writing-services/2944055-%D8%A7%D9%84%D8%B3%D9%8A%D9%86%D8%A7%D8%B1%D9%8A%D8%B3%D8%AA-%D8%A7%D9%84%D8%B5%D8%BA%D9%8A%D8%B1%D8%A9-%D9%84%D9%84%D8%A3%D9%81%D9%84%D8%A7%D9%85-%D8%A7%D9%84%D8%AF%D8%B1%D8%A7%D9%85%D9%8A%D8%A9-%D8%A7%D9%84%D9%82%D8%B5%D9%8A%D8%B1%D8%A9,0.0,0,لم يحسب,0,0,$5.00,يومين,0,0,0.0,.Amera M,https://khamsat.com/user/amera_abdo25598,True,بائع جديد,0.0,0,لم يحسب بعد,1,0,لم يحسب
كتابة وترجمة,https://khamsat.com/writing,سيناريو أفلام ومسلسلات,https://khamsat.com/writing/script-writing-services,خدمة كتابة السيناريو الاحترافية لتحويل قصصك الى أعمال درامية,https://khamsat.com/writing/script-writing-services/2933856-%D8%AE%D8%AF%D9%85%D8%A9-%D9%83%D8%AA%D8%A7%D8%A8%D8%A9-%D8%A7%D9%84%D8%B3%D9%8A%D9%86%D8%A7%D8%B1%D9%8A%D9%88-%D8%A7%D9%84%D8%A7%D8%AD%D8%AA%D8%B1%D8%A7%D9%81%D9%8A%D8%A9-%D9%84%D8%AA%D8%AD%D9%88%D9%8A%D9%84-%D9%82%D8%B5%D8%B5%D9%83-%D8%A7%D9%84%D9%89-%D8%A3%D8%B9%D9%85%D8%A7%D9%84-%D8%AF%D8%B1%D8%A7%D9%85%D9%8A%D8%A9,0.0,0,لم يحسب,0,0,$5.00,يوم واحد,0,0,0.0,.Shireen A,https://khamsat.com/user/shireen_8989,False,بائع جديد,0.0,0,لم يحسب بعد,1,0,لم يحسب
كتابة وترجمة,https://khamsat.com/writing,سيناريو أفلام ومسلسلات,https://khamsat.com/writing/script-writing-services,كتابة سيناريو احترافي للأفلام والبرامج باللغة العربية,https://khamsat.com/writing/script-writing-services/2996450-%D9%83%D8%AA%D8%A7%D8%A8%D8%A9-%D8%B3%D9%8A%D9%86%D8%A7%D8%B1%D9%8A%D9%88-%D8%A7%D8%AD%D8%AA%D8%B1%D8%A7%D9%81%D9%8A-%D9%84%D9%84%D8%A3%D9%81%D9%84%D8%A7%D9%85-%D9%88%D8%A7%D9%84%D8%A8%D8%B1%D8%A7%D9%85%D8%AC-%D8%A8%D8%A7%D9%84%D9%84%D8%BA%D8%A9-%D8%A7%D9%84%D8%B9%D8%B1%D8%A8%D9%8A%D8%A9,0.0,0,لم يحسب,0,0,$5.00,يوم واحد,0,3,30.0,ملاك ا.,https://khamsat.com/user/malak_obm,False,بائع جديد,0.0,0,لم يحسب بعد,2,0,لم يحسب
كتابة وترجمة,https://khamsat.com/writing,سيناريو أفلام ومسلسلات,https://khamsat.com/writing/script-writing-services,كتابة سيناريو أفلام قصيرة,https://khamsat.com/writing/script-writing-services/2934958-%D9%83%D8%AA%D8%A7%D8%A8%D8%A9-%D8%B3%D9%8A%D9%86%D8%A7%D8%B1%D9%8A%D9%88-%D8%A3%D9%81%D9%84%D8%A7%D9%85-%D9%82%D8%B5%D9%8A%D8%B1%D8%A9,0.0,0,لم يحسب,0,0,$5.00,يومين,0,1,5.0,.Mohammed A,https://khamsat.com/user/mohammedbarokha,True,بائع جديد,0.0,0,لم يحسب بعد,1,0,لم يحسب
كتابة وترجمة,https://khamsat.com/writing,سيناريو أفلام ومسلسلات,https://khamsat.com/writing/script-writing-services,كتابة سيناريو وإسكتش (إبداعي+ إحترافي),https://khamsat.com/writing/script-writing-services/2285943-%D9%83%D8%AA%D8%A7%D8%A8%D8%A9-%D8%B3%D9%8A%D9%86%D8%A7%D8%B1%D9%8A%D9%88-%D9%88%D8%A5%D8%B3%D9%83%D8%AA%D8%B4-%D8%A5%D8%A8%D8%AF%D8%A7%D8%B9%D9%8A-%D8%A5%D8%AD%D8%AA%D8%B1%D8%A7%D9%81%D9%8A,0.0,0,ساعتين,0,0,$5.00,يوم واحد,0,2,15.0,هيثم م.,https://khamsat.com/user/%D9%87%D9%8A%D8%AB%D9%85-%D9%85%D9%85%D8%AA%D8%A7%D8%B2,True,بائع نشيط,0.0,14,95.83%,4,18,يومين
كتابة وترجمة,https://khamsat.com/writing,سيناريو أفلام ومسلسلات,https://khamsat.com/writing/script-writing-services,كتابة وتاليف سيناريو على كيفك,https://khamsat.com/writing/script-writing-services/2731326-%D9%83%D8%AA%D8%A7%D8%A8%D8%A9-%D9%88%D8%AA%D8%A7%D9%84%D9%8A%D9%81-%D8%B3%D9%8A%D9%86%D8%A7%D8%B1%D9%8A%D9%88-%D8%B9%D9%84%D9%89-%D9%83%D9%8A%D9%81%D9%83,0.0,0,لم يحسب,0,0,$10.00,يومين,0,4,165.0,.Amira S,https://khamsat.com/user/d_mira,True,بائع جديد,0.0,0,لم يحسب بعد,3,0,لم يحسب
كتابة وترجمة,https://khamsat.com/writing,سيناريو أفلام ومسلسلات,https://khamsat.com/writing/script-writing-services,كتابة سيناريو لسلسلة كوميدية أو لليوتيوب,https://khamsat.com/writing/script-writing-services/2924215-%D9%83%D8%AA%D8%A7%D8%A8%D8%A9-%D8%B3%D9%8A%D9%86%D8%A7%D8%B1%D9%8A%D9%88-%D9%84%D8%B3%D9%84%D8%B3%D9%84%D8%A9-%D9%83%D9%88%D9%85%D9%8A%D8%AF%D9%8A%D8%A9-%D8%A3%D9%88-%D9%84%D9%84%D9%8A%D9%88%D8%AA%D9%8A%D9%88%D8%A8,0.0,0,لم يحسب,0,0,$10.00,أربعة أيام,0,0,0.0,كاتب ا.,https://khamsat.com/user/anouarharch,False,بائع جديد,0.0,0,لم يحسب بعد,1,0,لم يحسب
كتابة وترجمة,https://khamsat.com/writing,محتوى تقني,https://khamsat.com/writing/tech-content,كتابة الأبحاث العلمية المتخصصة في علوم الحاسوب,https://khamsat.com/writing/tech-content/1648255-%D9%83%D8%AA%D8%A7%D8%A8%D8%A9-%D8%A7%D9%84%D8%A3%D8%A8%D8%AD%D8%A7%D8%AB-%D8%A7%D9%84%D8%B9%D9%84%D9%85%D9%8A%D8%A9-%D8%A7%D9%84%D9%85%D8%AA%D8%AE%D8%B5%D8%B5%D8%A9-%D9%81%D9%8A-%D8%B9%D9%84%D9%88%D9%85-%D8%A7%D9%84%D8%AD%D8%A7%D8%B3%D9%88%D8%A8,4.5,37,3 ساعات,59,0,$5.00,يوم واحد,25,5,150.0,.Gheithaa S,https://khamsat.com/user/laean_saleh,True,بائع مميز,4.5,37,95.48%,1,59,3 ساعات
كتابة وترجمة,https://khamsat.com/writing,محتوى تقني,https://khamsat.com/writing/tech-content,كتابة مقالات تقنية متنوعة احترافية,https://khamsat.com/writing/tech-content/2031571-%D9%83%D8%AA%D8%A7%D8%A8%D8%A9-%D9%85%D9%82%D8%A7%D9%84%D8%A7%D8%AA-%D8%AA%D9%82%D9%86%D9%8A%D8%A9-%D9%85%D8%AA%D9%86%D9%88%D8%B9%D8%A9-%D8%A7%D8%AD%D8%AA%D8%B1%D8%A7%D9%81%D9%8A%D8%A9,4.5,13,ساعة,17,0,$5.00,أسبوع,13,2,20.0,ريم ن.,https://khamsat.com/user/reem_nizam,True,بائع مميز,4.5,18,100.0%,3,22,يوم
كتابة وترجمة,https://khamsat.com/writing,محتوى تقني,https://khamsat.com/writing/tech-content,تقديم مراجعة لموقعك أو منتجك على مدونتي التقنية,https://khamsat.com/writing/tech-content/598208-%D8%AA%D9%82%D8%AF%D9%8A%D9%85-%D9%85%D8%B1%D8%A7%D8%AC%D8%B9%D8%A9-%D9%84%D9%85%D9%88%D9%82%D8%B9%D9%83-%D8%A3%D9%88-%D9%85%D9%86%D8%AA%D8%AC%D9%83-%D8%B9%D9%84%D9%89-%D9%85%D8%AF%D9%88%D9%86%D8%AA%D9%8A-%D8%A7%D9%84%D8%AA%D9%82%D9%86%D9%8A%D8%A9,5.0,5,ساعة,7,0,$25.00,شهر,5,3,95.0,محمد عيد د.,https://khamsat.com/user/mohamad-eid,True,بائع مميز,5.0,43,98.78%,8,72,46 دقيقة
كتابة وترجمة,https://khamsat.com/writing,محتوى تقني,https://khamsat.com/writing/tech-content,مقالات حصرية في مجال التقنية,https://khamsat.com/writing/tech-content/451625-%D9%85%D9%82%D8%A7%D9%84%D8%A7%D8%AA-%D8%AD%D8%B5%D8%B1%D9%8A%D8%A9-%D9%81%D9%8A-%D9%85%D8%AC%D8%A7%D9%84-%D8%A7%D9%84%D8%AA%D9%82%D9%86%D9%8A%D8%A9,5.0,8,10 دقائق,12,0,$5.00,ثلاثة أيام,8,4,50.0,.Mohamed S,https://khamsat.com/user/mohamed_saad,True,بائع مميز,5.0,55,79.18%,5,97,يوم
كتابة وترجمة,https://khamsat.com/writing,محتوى تقني,https://khamsat.com/writing/tech-content,كتابة مقالات تقنية باللغتين العربية والإنكليزية,https://khamsat.com/writing/tech-content/2041477-%D9%83%D8%AA%D8%A7%D8%A8%D8%A9-%D9%85%D9%82%D8%A7%D9%84%D8%A7%D8%AA-%D8%AA%D9%82%D9%86%D9%8A%D8%A9-%D8%A8%D8%A7%D9%84%D9%84%D8%BA%D8%AA%D9%8A%D9%86-%D8%A7%D9%84%D8%B9%D8%B1%D8%A8%D9%8A%D8%A9-%D9%88%D8%A7%D9%84%D8%A5%D9%86%D9%83%D9%84%D9%8A%D8%B2%D9%8A%D8%A9,5.0,16,8 ساعات,21,0,$5.00,يوم واحد,16,2,20.0,أيمن ا.,https://khamsat.com/user/ayman_ismaeil009,True,بائع مميز,5.0,20,88.89%,4,24,ساعتين
كتابة وترجمة,https://khamsat.com/writing,محتوى تقني,https://khamsat.com/writing/tech-content,احصل على مقالات تقنية,https://khamsat.com/writing/tech-content/1593171-%D8%A7%D8%AD%D8%B5%D9%84-%D8%B9%D9%84%D9%89-%D9%85%D9%82%D8%A7%D9%84%D8%A7%D8%AA-%D8%AA%D9%82%D9%86%D9%8A%D8%A9,5.0,10,ساعة,13,0,$5.00,ثلاثة أيام,10,1,25.0,هشام ح.,https://khamsat.com/user/heshamhussain,True,بائع مميز,5.0,18,92.42%,4,19,6 ساعات
كتابة وترجمة,https://khamsat.com/writing,محتوى تقني,https://khamsat.com/writing/tech-content,صياغة محتوى عربي و أجنبي أكاديمي أو متوافق مع SEO,https://khamsat.com/writing/tech-content/1733928-%D8%B5%D9%8A%D8%A7%D8%BA%D8%A9-%D9%85%D8%AD%D8%AA%D9%88%D9%89-%D8%B9%D8%B1%D8%A8%D9%8A-%D9%88-%D8%A3%D8%AC%D9%86%D8%A8%D9%8A-%D8%A3%D9%83%D8%A7%D8%AF%D9%8A%D9%85%D9%8A-%D8%A3%D9%88-%D9%85%D8%AA%D9%88%D8%A7%D9%81%D9%82-%D9%85%D8%B9-seo,5.0,17,4 ساعات,24,0,$5.00,يومين,17,4,175.0,هشام ه.,https://khamsat.com/user/hisham_h86,True,بائع موثوق,5.0,62,90.71%,7,68,6 ساعات
كتابة وترجمة,https://khamsat.com/writing,محتوى تقني,https://khamsat.com/writing/tech-content,كتابة مقالات في مجال تكنولوجيا المعلومات,https://khamsat.com/writing/tech-content/1859172-%D9%83%D8%AA%D8%A7%D8%A8%D8%A9-%D9%85%D9%82%D8%A7%D9%84%D8%A7%D8%AA-%D9%81%D9%8A-%D9%85%D8%AC%D8%A7%D9%84-%D8%AA%D9%83%D9%86%D9%88%D9%84%D9%88%D8%AC%D9%8A%D8%A7-%D8%A7%D9%84%D9%85%D8%B9%D9%84%D9%88%D9%85%D8%A7%D8%AA,5.0,11,يوم,17,0,$10.00,يومين,11,1,5.0,رؤى ح.,https://khamsat.com/user/rouaham,True,بائع مميز,5.0,21,96.43%,8,23,14 ساعة
كتابة وترجمة,https://khamsat.com/writing,محتوى تقني,https://khamsat.com/writing/tech-content,كتابة مقالات تقنية,https://khamsat.com/writing/tech-content/1729969-%D9%83%D8%AA%D8%A7%D8%A8%D8%A9-%D9%85%D9%82%D8%A7%D9%84%D8%A7%D8%AA-%D8%AA%D9%82%D9%86%D9%8A%D8%A9,4.5,7,3 أيام,7,0,$5.00,يوم واحد,7,2,40.0,.Rahaf A,https://khamsat.com/user/rahaf_abousaad,True,بائع مميز,4.5,45,95.83%,4,64,15 ساعة
كتابة وترجمة,https://khamsat.com/writing,محتوى تقني,https://khamsat.com/writing/tech-content,نشر جيست بوست وفولو في موقعي الشخصي ( نيتش تقني ),https://khamsat.com/writing/tech-content/2888753-%D9%86%D8%B4%D8%B1-%D8%AC%D9%8A%D8%B3%D8%AA-%D8%A8%D9%88%D8%B3%D8%AA-%D9%88%D9%81%D9%88%D9%84%D9%88-%D9%81%D9%8A-%D9%85%D9%88%D9%82%D8%B9%D9%8A-%D8%A7%D9%84%D8%B4%D8%AE%D8%B5%D9%8A-%D9%86%D9%8A%D8%AA%D8%B4-%D8%AA%D9%82%D9%86%D9%8A,5.0,4,58 دقيقة,6,0,$10.00,يوم واحد,4,2,15.0,.Shawky A,https://khamsat.com/user/shawky154152000,True,بائع جديد,5.0,4,90.0%,3,6,58 دقيقة
كتابة وترجمة,https://khamsat.com/writing,محتوى تقني,https://khamsat.com/writing/tech-content,كتابة محتوى تقني,https://khamsat.com/writing/tech-content/1423952-%D9%83%D8%AA%D8%A7%D8%A8%D8%A9-%D9%85%D8%AD%D8%AA%D9%88%D9%89-%D8%AA%D9%82%D9%86%D9%8A,4.5,57,3 ساعات,81,0,$5.00,يومين,25,5,165.0,محمد ا.,https://khamsat.com/user/mogtaba12,True,بائع موثوق,4.5,72,93.28%,4,104,ساعتين
كتابة وترجمة,https://khamsat.com/writing,محتوى تقني,https://khamsat.com/writing/tech-content,كتابة مقالات تقنية ذات جودة بلغة عربية و إنجليزية,https://khamsat.com/writing/tech-content/2594917-%D9%83%D8%AA%D8%A7%D8%A8%D8%A9-%D9%85%D9%82%D8%A7%D9%84%D8%A7%D8%AA-%D8%AA%D9%82%D9%86%D9%8A%D8%A9-%D8%B0%D8%A7%D8%AA-%D8%AC%D9%88%D8%AF%D8%A9-%D8%A8%D9%84%D8%BA%D8%A9-%D8%B9%D8%B1%D8%A8%D9%8A%D8%A9-%D9%88-%D8%A5%D9%86%D8%AC%D9%84%D9%8A%D8%B2%D9%8A%D8%A9,5.0,5,6 دقائق,6,0,$5.00,يوم واحد,5,0,0.0,حيدر ن.,https://khamsat.com/user/haidar214,True,بائع مميز,5.0,53,92.03%,15,56,ساعتين
كتابة وترجمة,https://khamsat.com/writing,محتوى تقني,https://khamsat.com/writing/tech-content,كتابة مقالات تقنية,https://khamsat.com/writing/tech-content/187202-%D9%83%D8%AA%D8%A7%D8%A8%D8%A9-%D9%85%D9%82%D8%A7%D9%84%D8%A7%D8%AA-%D8%AA%D9%82%D9%86%D9%8A%D8%A9,5.0,9,5 ساعات,12,0,$5.00,يومين,9,4,75.0,.Samar A,https://khamsat.com/user/samar-abdou,True,بائع مميز,5.0,40,88.46%,3,56,7 ساعات
كتابة وترجمة,https://khamsat.com/writing,محتوى تقني,https://khamsat.com/writing/tech-content,سأكتب لك مقال تقني متناسب مع SEO,https://khamsat.com/writing/tech-content/1394860-%D8%B3%D8%A3%D9%83%D8%AA%D8%A8-%D9%84%D9%83-%D9%85%D9%82%D8%A7%D9%84-%D8%AA%D9%82%D9%86%D9%8A-%D9%85%D8%AA%D9%86%D8%A7%D8%B3%D8%A8-%D9%85%D8%B9-seo,5.0,3,يوم,4,0,$10.00,يوم واحد,3,2,15.0,فراس أ.,https://khamsat.com/user/%D9%81%D8%B1%D8%A7%D8%B3-%D8%A3%D8%B4%D8%B1%D9%85,True,بائع مميز,5.0,77,92.04%,8,104,18 ساعة
كتابة وترجمة,https://khamsat.com/writing,محتوى تقني,https://khamsat.com/writing/tech-content,كتابة مقالات تقنية متوافقة مع شروط السيو,https://khamsat.com/writing/tech-content/2581561-%D9%83%D8%AA%D8%A7%D8%A8%D8%A9-%D9%85%D9%82%D8%A7%D9%84%D8%A7%D8%AA-%D8%AA%D9%82%D9%86%D9%8A%D8%A9-%D9%85%D8%AA%D9%88%D8%A7%D9%81%D9%82%D8%A9-%D9%85%D8%B9-%D8%B4%D8%B1%D9%88%D8%B7-%D8%A7%D9%84%D8%B3%D9%8A%D9%88,5.0,1,16 دقيقة,1,0,$5.00,يومين,1,0,0.0,بيلسان ع.,https://khamsat.com/user/baylasan71,True,بائع مميز,4.5,54,85.31%,4,79,3 ساعات
كتابة وترجمة,https://khamsat.com/writing,محتوى تقني,https://khamsat.com/writing/tech-content,كتابة 3 مقالات تقنية حصرية 100-100,https://khamsat.com/writing/tech-content/735706-%D9%83%D8%AA%D8%A7%D8%A8%D8%A9-3-%D9%85%D9%82%D8%A7%D9%84%D8%A7%D8%AA-%D8%AA%D9%82%D9%86%D9%8A%D8%A9-%D8%AD%D8%B5%D8%B1%D9%8A%D8%A9-100-100,5.0,4,22 ساعة,4,0,$5.00,أربعة أيام,4,5,195.0,.Toufik R,https://khamsat.com/user/nadirnow,True,بائع جديد,5.0,4,40.0%,2,4,7 ساعات
كتابة وترجمة,https://khamsat.com/writing,محتوى تقني,https://khamsat.com/writing/tech-content,مقال تكنولوجي او تقني او ذكاء اصطناعي مع مراعة السيو,https://khamsat.com/writing/tech-content/1726991-%D9%85%D9%82%D8%A7%D9%84-%D8%AA%D9%83%D9%86%D9%88%D9%84%D9%88%D8%AC%D9%8A-%D8%A7%D9%88-%D8%AA%D9%82%D9%86%D9%8A-%D8%A7%D9%88-%D8%B0%D9%83%D8%A7%D8%A1-%D8%A7%D8%B5%D8%B7%D9%86%D8%A7%D8%B9%D9%8A-%D9%85%D8%B9-%D9%85%D8%B1%D8%A7%D8%B9%D8%A9-%D8%A7%D9%84%D8%B3%D9%8A%D9%88,5.0,8,ساعتين,9,0,$5.00,يوم واحد,8,2,30.0,.Ahmad M,https://khamsat.com/user/ahmad1992_mukry,True,بائع نشيط,5.0,14,68.29%,3,15,ساعتين
كتابة وترجمة,https://khamsat.com/writing,محتوى تقني,https://khamsat.com/writing/tech-content,كتابة مقالة تقنية حصرية بجودة المحترفين,https://khamsat.com/writing/tech-content/294777-%D9%83%D8%AA%D8%A7%D8%A8%D8%A9-%D9%85%D9%82%D8%A7%D9%84%D8%A9-%D8%AA%D9%82%D9%86%D9%8A%D8%A9-%D8%AD%D8%B5%D8%B1%D9%8A%D8%A9-%D8%A8%D8%AC%D9%88%D8%AF%D8%A9-%D8%A7%D9%84%D9%85%D8%AD%D8%AA%D8%B1%D9%81%D9%8A%D9%86,5.0,18,18 ساعة,28,0,$5.00,يوم واحد,18,2,35.0,.Mohamed Z,https://khamsat.com/user/mohamed-zerki,True,بائع مميز,5.0,49,71.68%,5,78,9 ساعات
كتابة وترجمة,https://khamsat.com/writing,محتوى تقني,https://khamsat.com/writing/tech-content,اكتب لك مقال حصري عن آخر تطورات التكنلوجيا,https://khamsat.com/writing/tech-content/678671-%D8%A7%D9%83%D8%AA%D8%A8-%D9%84%D9%83-%D9%85%D9%82%D8%A7%D9%84-%D8%AD%D8%B5%D8%B1%D9%8A-%D8%B9%D9%86-%D8%A2%D8%AE%D8%B1-%D8%AA%D8%B7%D9%88%D8%B1%D8%A7%D8%AA-%D8%A7%D9%84%D8%AA%D9%83%D9%86%D9%84%D9%88%D8%AC%D9%8A%D8%A7,5.0,2,3 ساعات,2,0,$5.00,ثلاثة أيام,2,0,0.0,مجد ب.,https://khamsat.com/user/%D9%85%D8%AC%D8%AF-%D8%A8%D8%B4%D8%B1,True,بائع مميز,5.0,21,98.04%,4,23,5 ساعات
كتابة وترجمة,https://khamsat.com/writing,محتوى تقني,https://khamsat.com/writing/tech-content,كتابة التقارير التقنية في مجال الهندسة الكهربائية,https://khamsat.com/writing/tech-content/2081191-%D9%83%D8%AA%D8%A7%D8%A8%D8%A9-%D8%A7%D9%84%D8%AA%D9%82%D8%A7%D8%B1%D9%8A%D8%B1-%D8%A7%D9%84%D8%AA%D9%82%D9%86%D9%8A%D8%A9-%D9%81%D9%8A-%D9%85%D8%AC%D8%A7%D9%84-%D8%A7%D9%84%D9%87%D9%86%D8%AF%D8%B3%D8%A9-%D8%A7%D9%84%D9%83%D9%87%D8%B1%D8%A8%D8%A7%D8%A6%D9%8A%D8%A9,5.0,3,17 دقيقة,3,0,$10.00,ثلاثة أيام,3,3,210.0,.Tariq K,https://khamsat.com/user/tkanaan,True,بائع نشيط,5.0,19,72.5%,6,16,3 ساعات
كتابة وترجمة,https://khamsat.com/writing,محتوى تقني,https://khamsat.com/writing/tech-content,كتابة مقالات تقنية وعلمية وفق شروط السيو,https://khamsat.com/writing/tech-content/1965243-%D9%83%D8%AA%D8%A7%D8%A8%D8%A9-%D9%85%D9%82%D8%A7%D9%84%D8%A7%D8%AA-%D8%AA%D9%82%D9%86%D9%8A%D8%A9-%D9%88%D8%B9%D9%84%D9%85%D9%8A%D8%A9-%D9%88%D9%81%D9%82-%D8%B4%D8%B1%D9%88%D8%B7-%D8%A7%D9%84%D8%B3%D9%8A%D9%88,5.0,9,يوم,11,1,$5.00,يوم واحد,9,5,125.0,آصف ظ.,https://khamsat.com/user/assefza,True,بائع مميز,5.0,35,83.91%,6,36,12 ساعة
كتابة وترجمة,https://khamsat.com/writing,محتوى تقني,https://khamsat.com/writing/tech-content,كتابة مقالات في مجال تكنولوجيا المعلومات والادارة,https://khamsat.com/writing/tech-content/1709809-%D9%83%D8%AA%D8%A7%D8%A8%D8%A9-%D9%85%D9%82%D8%A7%D9%84%D8%A7%D8%AA-%D9%81%D9%8A-%D9%85%D8%AC%D8%A7%D9%84-%D8%AA%D9%83%D9%86%D9%88%D9%84%D9%88%D8%AC%D9%8A%D8%A7-%D8%A7%D9%84%D9%85%D8%B9%D9%84%D9%88%D9%85%D8%A7%D8%AA-%D9%88%D8%A7%D9%84%D8%A7%D8%AF%D8%A7%D8%B1%D8%A9,5.0,1,4 ساعات,1,0,$5.00,يوم واحد,1,1,5.0,شاهر ب.,https://khamsat.com/user/shaher_basti,True,بائع مميز,5.0,34,98.15%,9,27,7 ساعات
كتابة وترجمة,https://khamsat.com/writing,محتوى تقني,https://khamsat.com/writing/tech-content,اعداد دروس وصور تخص مجال الوقاية والامن الصناعي HSE,https://khamsat.com/writing/tech-content/2917805-%D8%A7%D8%B9%D8%AF%D8%A7%D8%AF-%D8%AF%D8%B1%D9%88%D8%B3-%D9%88%D8%B5%D9%88%D8%B1-%D8%AA%D8%AE%D8%B5-%D9%85%D8%AC%D8%A7%D9%84-%D8%A7%D9%84%D9%88%D9%82%D8%A7%D9%8A%D8%A9-%D9%88%D8%A7%D9%84%D8%A7%D9%85%D9%86-%D8%A7%D9%84%D8%B5%D9%86%D8%A7%D8%B9%D9%8A-hse,0.0,0,لم يحسب,0,0,$10.00,ثلاثة أيام,0,0,0.0,حمزة م.,https://khamsat.com/user/hamza01990,True,بائع جديد,0.0,0,لم يحسب بعد,1,0,لم يحسب
كتابة وترجمة,https://khamsat.com/writing,محتوى تقني,https://khamsat.com/writing/tech-content,إنشاء ومراجعة بروفايل لينكدان احترافي,https://khamsat.com/writing/tech-content/3046601-%D8%A5%D9%86%D8%B4%D8%A7%D8%A1-%D9%88%D9%85%D8%B1%D8%A7%D8%AC%D8%B9%D8%A9-%D8%A8%D8%B1%D9%88%D9%81%D8%A7%D9%8A%D9%84-%D9%84%D9%8A%D9%86%D9%83%D8%AF%D8%A7%D9%86-%D8%A7%D8%AD%D8%AA%D8%B1%D8%A7%D9%81%D9%8A,0.0,0,لم يحسب,0,0,$10.00,يوم واحد,0,2,20.0,نجوي ا.,https://khamsat.com/user/dr_nagwa_elmobark2,False,بائع جديد,0.0,0,لم يحسب بعد,4,0,لم يحسب
كتابة وترجمة,https://khamsat.com/writing,محتوى تقني,https://khamsat.com/writing/tech-content,كتابة معادلات و قوانين رياضية معقدة على برنامج word,https://khamsat.com/writing/tech-content/2991984-%D9%83%D8%AA%D8%A7%D8%A8%D8%A9-%D9%85%D8%B9%D8%A7%D8%AF%D9%84%D8%A7%D8%AA-%D9%88-%D9%82%D9%88%D8%A7%D9%86%D9%8A%D9%86-%D8%B1%D9%8A%D8%A7%D8%B6%D9%8A%D8%A9-%D9%85%D8%B9%D9%82%D8%AF%D8%A9-%D8%B9%D9%84%D9%89-%D8%A8%D8%B1%D9%86%D8%A7%D9%85%D8%AC-word,0.0,0,لم يحسب,0,0,$5.00,يوم واحد,0,2,25.0,سراج الدين ا.,https://khamsat.com/user/mr_alhusaini,False,بائع جديد,0.0,0,لم يحسب بعد,2,0,لم يحسب
كتابة وترجمة,https://khamsat.com/writing,محتوى تقني,https://khamsat.com/writing/tech-content,كتابة مقالات عن اى لاب توب 5اجهزة ب5 دولار,https://khamsat.com/writing/tech-content/40046-%D9%83%D8%AA%D8%A7%D8%A8%D8%A9-%D9%85%D9%82%D8%A7%D9%84%D8%A7%D8%AA-%D8%B9%D9%86-%D8%A7%D9%89-%D9%84%D8%A7%D8%A8-%D8%AA%D9%88%D8%A8-5%D8%A7%D8%AC%D9%87%D8%B2%D8%A9-%D8%A85-%D8%AF%D9%88%D9%84%D8%A7%D8%B1,0.0,0,7 ساعات,1,0,$5.00,يوم واحد,0,0,0.0,عمرو س.,https://khamsat.com/user/%D8%B9%D9%85%D8%B1%D9%88-%D8%B3%D8%B9%D8%AF,True,بائع جديد,0.0,2,61.54%,5,4,5 ساعات
كتابة وترجمة,https://khamsat.com/writing,محتوى تقني,https://khamsat.com/writing/tech-content,كتابة مقال حصري موافق لقواعد السيو,https://khamsat.com/writing/tech-content/2747172-%D9%83%D8%AA%D8%A7%D8%A8%D8%A9-%D9%85%D9%82%D8%A7%D9%84-%D8%AD%D8%B5%D8%B1%D9%8A-%D9%85%D9%88%D8%A7%D9%81%D9%82-%D9%84%D9%82%D9%88%D8%A7%D8%B9%D8%AF-%D8%A7%D9%84%D8%B3%D9%8A%D9%88,0.0,0,لم يحسب,0,0,$10.00,يومين,0,1,10.0,مصطفى ع.,https://khamsat.com/user/%D9%85%D8%AF%D9%8A%D9%86-%D8%A7%D8%AD%D9%85%D8%AF,True,مشتري مميز,5.0,9,90.0%,3,23,6 ساعات
كتابة وترجمة,https://khamsat.com/writing,محتوى تقني,https://khamsat.com/writing/tech-content,كتابة مقالات عن مجال التقنية,https://khamsat.com/writing/tech-content/2105073-%D9%83%D8%AA%D8%A7%D8%A8%D8%A9-%D9%85%D9%82%D8%A7%D9%84%D8%A7%D8%AA-%D8%B9%D9%86-%D9%85%D8%AC%D8%A7%D9%84-%D8%A7%D9%84%D8%AA%D9%82%D9%86%D9%8A%D8%A9,0.0,0,لم يحسب,0,0,$5.00,ثلاثة أيام,0,1,5.0,.Mostafa A,https://khamsat.com/user/mostafa_amaan,True,بائع جديد,0.0,0,لم يحسب بعد,3,0,لم يحسب
كتابة وترجمة,https://khamsat.com/writing,محتوى تقني,https://khamsat.com/writing/tech-content,كتابة المقالات التقنية بالعربية,https://khamsat.com/writing/tech-content/2856084-%D9%83%D8%AA%D8%A7%D8%A8%D8%A9-%D8%A7%D9%84%D9%85%D9%82%D8%A7%D9%84%D8%A7%D8%AA-%D8%A7%D9%84%D8%AA%D9%82%D9%86%D9%8A%D8%A9-%D8%A8%D8%A7%D9%84%D8%B9%D8%B1%D8%A8%D9%8A%D8%A9,5.0,1,لم يحسب,1,0,$5.00,يوم واحد,1,0,0.0,محمد ا.,https://khamsat.com/user/medikk90,True,بائع نشيط,5.0,16,62.5%,6,13,ساعة
كتابة وترجمة,https://khamsat.com/writing,محتوى تقني,https://khamsat.com/writing/tech-content,إنشاء خطة محتوى لمواقع التواصل,https://khamsat.com/writing/tech-content/2957164-%D8%A5%D9%86%D8%B4%D8%A7%D8%A1-%D8%AE%D8%B7%D8%A9-%D9%85%D8%AD%D8%AA%D9%88%D9%89-%D9%84%D9%85%D9%88%D8%A7%D9%82%D8%B9-%D8%A7%D9%84%D8%AA%D9%88%D8%A7%D8%B5%D9%84,0.0,0,لم يحسب,0,0,$5.00,خمسة أيام,0,0,0.0,حنين ا.,https://khamsat.com/user/hanin_basem,True,بائع جديد,0.0,0,لم يحسب بعد,3,0,لم يحسب
كتابة وترجمة,https://khamsat.com/writing,محتوى علمي,https://khamsat.com/writing/scientific-content,كتابة وتنسيق أبحاث وملازم رياضيات,https://khamsat.com/writing/scientific-content/2859309-%D9%83%D8%AA%D8%A7%D8%A8%D8%A9-%D9%88%D8%AA%D9%86%D8%B3%D9%8A%D9%82-%D8%A3%D8%A8%D8%AD%D8%A7%D8%AB-%D9%88%D9%85%D9%84%D8%A7%D8%B2%D9%85-%D8%B1%D9%8A%D8%A7%D8%B6%D9%8A%D8%A7%D8%AA,5.0,4,7 ساعات,6,1,$20.00,شهر,4,2,105.0,ابراهيم أ.,https://khamsat.com/user/ibrahim_abu_obaid,True,بائع مميز,5.0,4,100.0%,3,6,7 ساعات
كتابة وترجمة,https://khamsat.com/writing,محتوى علمي,https://khamsat.com/writing/scientific-content,كتابة اسئلة امتحانية و ملخصات احترافية شاملة لجميع المواد,https://khamsat.com/writing/scientific-content/3027002-%D9%83%D8%AA%D8%A7%D8%A8%D8%A9-%D8%A7%D8%B3%D8%A6%D9%84%D8%A9-%D8%A7%D9%85%D8%AA%D8%AD%D8%A7%D9%86%D9%8A%D8%A9-%D9%88-%D9%85%D9%84%D8%AE%D8%B5%D8%A7%D8%AA-%D8%A7%D8%AD%D8%AA%D8%B1%D8%A7%D9%81%D9%8A%D8%A9-%D8%B4%D8%A7%D9%85%D9%84%D8%A9-%D9%84%D8%AC%D9%85%D9%8A%D8%B9-%D8%A7%D9%84%D9%85%D9%88%D8%A7%D8%AF,5.0,2,55 دقيقة,2,0,$5.00,يوم واحد,2,4,75.0,.Siham H,https://khamsat.com/user/siham_123456,True,بائع جديد,5.0,3,100.0%,2,3,42 دقيقة
كتابة وترجمة,https://khamsat.com/writing,محتوى علمي,https://khamsat.com/writing/scientific-content,كتابة واعداد ابحاث في المحاسبة وادارة الاعمال,https://khamsat.com/writing/scientific-content/2802347-%D9%83%D8%AA%D8%A7%D8%A8%D8%A9-%D9%88%D8%A7%D8%B9%D8%AF%D8%A7%D8%AF-%D8%A7%D8%A8%D8%AD%D8%A7%D8%AB-%D9%81%D9%8A-%D8%A7%D9%84%D9%85%D8%AD%D8%A7%D8%B3%D8%A8%D8%A9-%D9%88%D8%A7%D8%AF%D8%A7%D8%B1%D8%A9-%D8%A7%D9%84%D8%A7%D8%B9%D9%85%D8%A7%D9%84,5.0,61,40 دقيقة,81,0,$5.00,يوم واحد,25,5,75.0,.Mohamed Y,https://khamsat.com/user/ahmed5515,True,بائع مميز,5.0,66,98.66%,5,83,33 دقيقة
كتابة وترجمة,https://khamsat.com/writing,محتوى علمي,https://khamsat.com/writing/scientific-content,إنشاء وكتابة محتوى الدورات التعليمية والالكترونية,https://khamsat.com/writing/scientific-content/2933459-%D8%A5%D9%86%D8%B4%D8%A7%D8%A1-%D9%88%D9%83%D8%AA%D8%A7%D8%A8%D8%A9-%D9%85%D8%AD%D8%AA%D9%88%D9%89-%D8%A7%D9%84%D8%AF%D9%88%D8%B1%D8%A7%D8%AA-%D8%A7%D9%84%D8%AA%D8%B9%D9%84%D9%8A%D9%85%D9%8A%D8%A9-%D9%88%D8%A7%D9%84%D8%A7%D9%84%D9%83%D8%AA%D8%B1%D9%88%D9%86%D9%8A%D8%A9,5.0,1,47 دقيقة,3,0,$5.00,يوم واحد,1,5,75.0,لمياء د.,https://khamsat.com/user/hind_tayseer,True,بائع نشيط,5.0,10,91.3%,3,17,4 ساعات
كتابة وترجمة,https://khamsat.com/writing,محتوى علمي,https://khamsat.com/writing/scientific-content,مختصر العلم خدمة كتابة بحوث علمية دقيقة ومتقدمة,https://khamsat.com/writing/scientific-content/2793510-%D9%85%D8%AE%D8%AA%D8%B5%D8%B1-%D8%A7%D9%84%D8%B9%D9%84%D9%85-%D8%AE%D8%AF%D9%85%D8%A9-%D9%83%D8%AA%D8%A7%D8%A8%D8%A9-%D8%A8%D8%AD%D9%88%D8%AB-%D8%B9%D9%84%D9%85%D9%8A%D8%A9-%D8%AF%D9%82%D9%8A%D9%82%D8%A9-%D9%88%D9%85%D8%AA%D9%82%D8%AF%D9%85%D8%A9,4.5,5,6 ساعات,9,1,$10.00,يوم واحد,5,5,155.0,.Ahmed E,https://khamsat.com/user/ahmed_kalka,True,بائع نشيط,4.5,14,100.0%,5,23,8 ساعات
كتابة وترجمة,https://khamsat.com/writing,محتوى علمي,https://khamsat.com/writing/scientific-content,باحث ديني للمساعدة في كتابة الابحاث العلمية الدينية .,https://khamsat.com/writing/scientific-content/2820925-%D8%A8%D8%A7%D8%AD%D8%AB-%D8%AF%D9%8A%D9%86%D9%8A-%D9%84%D9%84%D9%85%D8%B3%D8%A7%D8%B9%D8%AF%D8%A9-%D9%81%D9%8A-%D9%83%D8%AA%D8%A7%D8%A8%D8%A9-%D8%A7%D9%84%D8%A7%D8%A8%D8%AD%D8%A7%D8%AB-%D8%A7%D9%84%D8%B9%D9%84%D9%85%D9%8A%D8%A9-%D8%A7%D9%84%D8%AF%D9%8A%D9%86%D9%8A%D8%A9-,5.0,3,20 ساعة,6,0,$10.00,يومين,3,3,25.0,.Emad I,https://khamsat.com/user/babasalma,True,بائع نشيط,5.0,3,100.0%,3,6,20 ساعة
كتابة وترجمة,https://khamsat.com/writing,محتوى علمي,https://khamsat.com/writing/scientific-content,خدمة كتابة الابحاث العلمية بدقة متناهية,https://khamsat.com/writing/scientific-content/2871177-%D8%AE%D8%AF%D9%85%D8%A9-%D9%83%D8%AA%D8%A7%D8%A8%D8%A9-%D8%A7%D9%84%D8%A7%D8%A8%D8%AD%D8%A7%D8%AB-%D8%A7%D9%84%D8%B9%D9%84%D9%85%D9%8A%D8%A9-%D8%A8%D8%AF%D9%82%D8%A9-%D9%85%D8%AA%D9%86%D8%A7%D9%87%D9%8A%D8%A9,4.5,4,يوم,4,0,$10.00,يوم واحد,4,3,35.0,.Omer E,https://khamsat.com/user/a2omar,True,بائع نشيط,4.5,7,94.12%,5,7,16 ساعة
كتابة وترجمة,https://khamsat.com/writing,محتوى علمي,https://khamsat.com/writing/scientific-content,كتابة مقالات علمية ونصوص أدبيةو ملخصات,https://khamsat.com/writing/scientific-content/1219529-%D9%83%D8%AA%D8%A7%D8%A8%D8%A9-%D9%85%D9%82%D8%A7%D9%84%D8%A7%D8%AA-%D8%B9%D9%84%D9%85%D9%8A%D8%A9-%D9%88%D9%86%D8%B5%D9%88%D8%B5-%D8%A3%D8%AF%D8%A8%D9%8A%D8%A9%D9%88-%D9%85%D9%84%D8%AE%D8%B5%D8%A7%D8%AA,5.0,6,دقيقة,8,0,$5.00,يوم واحد,6,0,0.0,نورالدين د.,https://khamsat.com/user/bav19,True,بائع نشيط,5.0,10,100.0%,6,10,16 ساعة
كتابة وترجمة,https://khamsat.com/writing,محتوى علمي,https://khamsat.com/writing/scientific-content,كتابة محتوى تعليمي و تثقيفي,https://khamsat.com/writing/scientific-content/2645650-%D9%83%D8%AA%D8%A7%D8%A8%D8%A9-%D9%85%D8%AD%D8%AA%D9%88%D9%89-%D8%AA%D8%B9%D9%84%D9%8A%D9%85%D9%8A-%D9%88-%D8%AA%D8%AB%D9%82%D9%8A%D9%81%D9%8A,4.5,7,4 ساعات,7,0,$5.00,يوم واحد,7,1,45.0,.Fatiha M,https://khamsat.com/user/fatima_230,True,بائع نشيط,4.5,7,76.92%,2,7,ساعتين
كتابة وترجمة,https://khamsat.com/writing,محتوى علمي,https://khamsat.com/writing/scientific-content,إعداد بنك أسئلة للاختبارات والمساعدة في شرح إجاباتها,https://khamsat.com/writing/scientific-content/2921279-%D8%A5%D8%B9%D8%AF%D8%A7%D8%AF-%D8%A8%D9%86%D9%83-%D8%A3%D8%B3%D8%A6%D9%84%D8%A9-%D9%84%D9%84%D8%A7%D8%AE%D8%AA%D8%A8%D8%A7%D8%B1%D8%A7%D8%AA-%D9%88%D8%A7%D9%84%D9%85%D8%B3%D8%A7%D8%B9%D8%AF%D8%A9-%D9%81%D9%8A-%D8%B4%D8%B1%D8%AD-%D8%A5%D8%AC%D8%A7%D8%A8%D8%A7%D8%AA%D9%87%D8%A7,5.0,1,لم يحسب,1,0,$5.00,يوم واحد,1,5,120.0,حيدر ن.,https://khamsat.com/user/haidar214,True,بائع مميز,5.0,53,92.03%,15,56,ساعتين
كتابة وترجمة,https://khamsat.com/writing,محتوى علمي,https://khamsat.com/writing/scientific-content,كتابة مواضيع خاصة بالعلوم البيولوجية و البيئية,https://khamsat.com/writing/scientific-content/1809564-%D9%83%D8%AA%D8%A7%D8%A8%D8%A9-%D9%85%D9%88%D8%A7%D8%B6%D9%8A%D8%B9-%D8%AE%D8%A7%D8%B5%D8%A9-%D8%A8%D8%A7%D9%84%D8%B9%D9%84%D9%88%D9%85-%D8%A7%D9%84%D8%A8%D9%8A%D9%88%D9%84%D9%88%D8%AC%D9%8A%D8%A9-%D9%88-%D8%A7%D9%84%D8%A8%D9%8A%D8%A6%D9%8A%D8%A9,5.0,9,ساعتين,15,0,$10.00,يومين,9,2,45.0,.Sohila K,https://khamsat.com/user/sohilafatehallah_95,True,بائع مميز,5.0,29,88.99%,5,43,4 ساعات
كتابة وترجمة,https://khamsat.com/writing,محتوى علمي,https://khamsat.com/writing/scientific-content,المساعدة فى كتابة الأبحاث العلمية وتنسيقها,https://khamsat.com/writing/scientific-content/2816692-%D8%A7%D9%84%D9%85%D8%B3%D8%A7%D8%B9%D8%AF%D8%A9-%D9%81%D9%89-%D9%83%D8%AA%D8%A7%D8%A8%D8%A9-%D8%A7%D9%84%D8%A3%D8%A8%D8%AD%D8%A7%D8%AB-%D8%A7%D9%84%D8%B9%D9%84%D9%85%D9%8A%D8%A9-%D9%88%D8%AA%D9%86%D8%B3%D9%8A%D9%82%D9%87%D8%A7,5.0,6,8 ساعات,9,0,$5.00,أربعة أيام,6,2,35.0,.Sayed G,https://khamsat.com/user/sayedgalalsayed11223,True,بائع نشيط,5.0,11,95.45%,2,13,5 ساعات
كتابة وترجمة,https://khamsat.com/writing,محتوى علمي,https://khamsat.com/writing/scientific-content,كتابة مقالات و تقارير علمية و تربوية,https://khamsat.com/writing/scientific-content/1596524-%D9%83%D8%AA%D8%A7%D8%A8%D8%A9-%D9%85%D9%82%D8%A7%D9%84%D8%A7%D8%AA-%D9%88-%D8%AA%D9%82%D8%A7%D8%B1%D9%8A%D8%B1-%D8%B9%D9%84%D9%85%D9%8A%D8%A9-%D9%88-%D8%AA%D8%B1%D8%A8%D9%88%D9%8A%D8%A9,5.0,16,48 دقيقة,21,0,$5.00,يوم واحد,16,5,130.0,.Amel H,https://khamsat.com/user/amel_imy,True,بائع نشيط,5.0,16,92.16%,1,21,ساعة
كتابة وترجمة,https://khamsat.com/writing,محتوى علمي,https://khamsat.com/writing/scientific-content,كتابه محتوي علمي باللغتين العربية والإنجليزية,https://khamsat.com/writing/scientific-content/2770800-%D9%83%D8%AA%D8%A7%D8%A8%D9%87-%D9%85%D8%AD%D8%AA%D9%88%D9%8A-%D8%B9%D9%84%D9%85%D9%8A-%D8%A8%D8%A7%D9%84%D9%84%D8%BA%D8%AA%D9%8A%D9%86-%D8%A7%D9%84%D8%B9%D8%B1%D8%A8%D9%8A%D8%A9-%D9%88%D8%A7%D9%84%D8%A5%D9%86%D8%AC%D9%84%D9%8A%D8%B2%D9%8A%D8%A9,5.0,3,23 ساعة,3,0,$5.00,يومين,3,2,15.0,.Rania M,https://khamsat.com/user/raniamohamed2311,True,بائع نشيط,5.0,3,76.92%,2,3,12 ساعة
كتابة وترجمة,https://khamsat.com/writing,محتوى علمي,https://khamsat.com/writing/scientific-content,كتابة وتنسيق ملازم رياضيات كيمياء وفيزياء,https://khamsat.com/writing/scientific-content/2977598-%D9%83%D8%AA%D8%A7%D8%A8%D8%A9-%D9%88%D8%AA%D9%86%D8%B3%D9%8A%D9%82-%D9%85%D9%84%D8%A7%D8%B2%D9%85-%D8%B1%D9%8A%D8%A7%D8%B6%D9%8A%D8%A7%D8%AA-%D9%83%D9%8A%D9%85%D9%8A%D8%A7%D8%A1-%D9%88%D9%81%D9%8A%D8%B2%D9%8A%D8%A7%D8%A1,5.0,1,يوم,1,0,$5.00,يومين,1,2,15.0,.Nooran F,https://khamsat.com/user/noran_faris,True,بائع جديد,5.0,1,88.89%,1,1,يوم
كتابة وترجمة,https://khamsat.com/writing,محتوى علمي,https://khamsat.com/writing/scientific-content,كتابة المقالات في العلوم الفيزيائية,https://khamsat.com/writing/scientific-content/2389179-%D9%83%D8%AA%D8%A7%D8%A8%D8%A9-%D8%A7%D9%84%D9%85%D9%82%D8%A7%D9%84%D8%A7%D8%AA-%D9%81%D9%8A-%D8%A7%D9%84%D8%B9%D9%84%D9%88%D9%85-%D8%A7%D9%84%D9%81%D9%8A%D8%B2%D9%8A%D8%A7%D8%A6%D9%8A%D8%A9,5.0,1,4 ساعات,2,0,$5.00,خمسة أيام,1,4,100.0,جاسم ا.,https://khamsat.com/user/dr_jasemalfawwaz,True,بائع نشيط,5.0,1,90.91%,3,2,4 ساعات
كتابة وترجمة,https://khamsat.com/writing,محتوى علمي,https://khamsat.com/writing/scientific-content,كتابة بحوث علمية وحلقات بحث وفق المنهج العلمي,https://khamsat.com/writing/scientific-content/2934382-%D9%83%D8%AA%D8%A7%D8%A8%D8%A9-%D8%A8%D8%AD%D9%88%D8%AB-%D8%B9%D9%84%D9%85%D9%8A%D8%A9-%D9%88%D8%AD%D9%84%D9%82%D8%A7%D8%AA-%D8%A8%D8%AD%D8%AB-%D9%88%D9%81%D9%82-%D8%A7%D9%84%D9%85%D9%86%D9%87%D8%AC-%D8%A7%D9%84%D8%B9%D9%84%D9%85%D9%8A,0.0,0,47 دقيقة,1,0,$5.00,يوم واحد,0,3,35.0,جواد ا.,https://khamsat.com/user/jawad_159425,True,بائع جديد,0.0,0,100.0%,1,1,47 دقيقة
كتابة وترجمة,https://khamsat.com/writing,محتوى علمي,https://khamsat.com/writing/scientific-content,إعداد فصل من دليل سلامة الغذاء يحتوى على 5300 كلمة,https://khamsat.com/writing/scientific-content/2039635-%D8%A5%D8%B9%D8%AF%D8%A7%D8%AF-%D9%81%D8%B5%D9%84-%D9%85%D9%86-%D8%AF%D9%84%D9%8A%D9%84-%D8%B3%D9%84%D8%A7%D9%85%D8%A9-%D8%A7%D9%84%D8%BA%D8%B0%D8%A7%D8%A1-%D9%8A%D8%AD%D8%AA%D9%88%D9%89-%D8%B9%D9%84%D9%89-5300-%D9%83%D9%84%D9%85%D8%A9,5.0,1,يوم,2,0,$10.00,يوم واحد,1,1,40.0,.Abeer A,https://khamsat.com/user/abeer_99,True,بائع مميز,4.5,21,98.04%,5,36,9 ساعات
كتابة وترجمة,https://khamsat.com/writing,محتوى علمي,https://khamsat.com/writing/scientific-content,كتابة المحتوى التثقيفي التعليمي والتسويقي,https://khamsat.com/writing/scientific-content/2863334-%D9%83%D8%AA%D8%A7%D8%A8%D8%A9-%D8%A7%D9%84%D9%85%D8%AD%D8%AA%D9%88%D9%89-%D8%A7%D9%84%D8%AA%D8%AB%D9%82%D9%8A%D9%81%D9%8A-%D8%A7%D9%84%D8%AA%D8%B9%D9%84%D9%8A%D9%85%D9%8A-%D9%88%D8%A7%D9%84%D8%AA%D8%B3%D9%88%D9%8A%D9%82%D9%8A,5.0,1,ساعتين,5,0,$5.00,ستة أيام,1,1,20.0,.Mariam M,https://khamsat.com/user/mariam_premier,True,بائع جديد,5.0,1,75.0%,1,5,ساعتين
كتابة وترجمة,https://khamsat.com/writing,محتوى علمي,https://khamsat.com/writing/scientific-content,كتابة مقالات في علم الفيزياء,https://khamsat.com/writing/scientific-content/2124615-%D9%83%D8%AA%D8%A7%D8%A8%D8%A9-%D9%85%D9%82%D8%A7%D9%84%D8%A7%D8%AA-%D9%81%D9%8A-%D8%B9%D9%84%D9%85-%D8%A7%D9%84%D9%81%D9%8A%D8%B2%D9%8A%D8%A7%D8%A1,5.0,1,ساعتين,1,0,$5.00,يومين,1,5,240.0,.Muhammad A,https://khamsat.com/user/muhammad_monem,True,بائع نشيط,5.0,6,91.67%,4,6,7 ساعات
كتابة وترجمة,https://khamsat.com/writing,محتوى علمي,https://khamsat.com/writing/scientific-content,كتابه مقالات زراعية حصريه لك من شخص متخصص في الزراعة,https://khamsat.com/writing/scientific-content/2832114-%D9%83%D8%AA%D8%A7%D8%A8%D9%87-%D9%85%D9%82%D8%A7%D9%84%D8%A7%D8%AA-%D8%B2%D8%B1%D8%A7%D8%B9%D9%8A%D8%A9-%D8%AD%D8%B5%D8%B1%D9%8A%D9%87-%D9%84%D9%83-%D9%85%D9%86-%D8%B4%D8%AE%D8%B5-%D9%85%D8%AA%D8%AE%D8%B5%D8%B5-%D9%81%D9%8A-%D8%A7%D9%84%D8%B2%D8%B1%D8%A7%D8%B9%D8%A9,0.0,0,5 ساعات,1,0,$5.00,يوم واحد,0,4,75.0,محمد س.,https://khamsat.com/user/mohamedsamehofadel,True,بائع نشيط,5.0,6,80.77%,3,7,ساعتين
كتابة وترجمة,https://khamsat.com/writing,محتوى علمي,https://khamsat.com/writing/scientific-content,كتابة مقالات علمية باللغة العربية,https://khamsat.com/writing/scientific-content/2866907-%D9%83%D8%AA%D8%A7%D8%A8%D8%A9-%D9%85%D9%82%D8%A7%D9%84%D8%A7%D8%AA-%D8%B9%D9%84%D9%85%D9%8A%D8%A9-%D8%A8%D8%A7%D9%84%D9%84%D8%BA%D8%A9-%D8%A7%D9%84%D8%B9%D8%B1%D8%A8%D9%8A%D8%A9,5.0,1,ساعة,1,0,$5.00,يوم واحد,1,1,5.0,جمال أ.,https://khamsat.com/user/gamal_ahmed159,True,بائع جديد,5.0,1,100.0%,2,1,ساعة
كتابة وترجمة,https://khamsat.com/writing,محتوى علمي,https://khamsat.com/writing/scientific-content,كتابة مقالات حصرية وأبحاث علمية باللغة العربية,https://khamsat.com/writing/scientific-content/1503627-%D9%83%D8%AA%D8%A7%D8%A8%D8%A9-%D9%85%D9%82%D8%A7%D9%84%D8%A7%D8%AA-%D8%AD%D8%B5%D8%B1%D9%8A%D8%A9-%D9%88%D8%A3%D8%A8%D8%AD%D8%A7%D8%AB-%D8%B9%D9%84%D9%85%D9%8A%D8%A9-%D8%A8%D8%A7%D9%84%D9%84%D8%BA%D8%A9-%D8%A7%D9%84%D8%B9%D8%B1%D8%A8%D9%8A%D8%A9,5.0,13,18 ساعة,14,0,$5.00,يومين,13,2,35.0,.Brahim E,https://khamsat.com/user/brahim_elkhalil,True,بائع مميز,5.0,47,95.88%,2,52,14 ساعة
كتابة وترجمة,https://khamsat.com/writing,محتوى علمي,https://khamsat.com/writing/scientific-content,كتابة اختبارات دراسية بطرق احترافية باللغة العربية,https://khamsat.com/writing/scientific-content/1719729-%D9%83%D8%AA%D8%A7%D8%A8%D8%A9-%D8%A7%D8%AE%D8%AA%D8%A8%D8%A7%D8%B1%D8%A7%D8%AA-%D8%AF%D8%B1%D8%A7%D8%B3%D9%8A%D8%A9-%D8%A8%D8%B7%D8%B1%D9%82-%D8%A7%D8%AD%D8%AA%D8%B1%D8%A7%D9%81%D9%8A%D8%A9-%D8%A8%D8%A7%D9%84%D9%84%D8%BA%D8%A9-%D8%A7%D9%84%D8%B9%D8%B1%D8%A8%D9%8A%D8%A9,5.0,3,11 ساعة,4,0,$5.00,يوم واحد,3,2,70.0,محمد ا.,https://khamsat.com/user/hhydra,True,بائع مميز,4.5,73,97.24%,4,84,5 ساعات
كتابة وترجمة,https://khamsat.com/writing,محتوى علمي,https://khamsat.com/writing/scientific-content,كتابة محتوي إبداعي في مجال إدارة الأعمال والموارد البشرية,https://khamsat.com/writing/scientific-content/1883259-%D9%83%D8%AA%D8%A7%D8%A8%D8%A9-%D9%85%D8%AD%D8%AA%D9%88%D9%8A-%D8%A5%D8%A8%D8%AF%D8%A7%D8%B9%D9%8A-%D9%81%D9%8A-%D9%85%D8%AC%D8%A7%D9%84-%D8%A5%D8%AF%D8%A7%D8%B1%D8%A9-%D8%A7%D9%84%D8%A3%D8%B9%D9%85%D8%A7%D9%84-%D9%88%D8%A7%D9%84%D9%85%D9%88%D8%A7%D8%B1%D8%AF-%D8%A7%D9%84%D8%A8%D8%B4%D8%B1%D9%8A%D8%A9,4.5,14,6 ساعات,17,0,$25.00,يوم واحد,14,5,285.0,.Ali M,https://khamsat.com/user/abozied_1,True,بائع نشيط,4.5,17,75.0%,2,19,4 ساعات
كتابة وترجمة,https://khamsat.com/writing,محتوى علمي,https://khamsat.com/writing/scientific-content,سأكتب لك مقالاً علميا مع مصادر موثوقة,https://khamsat.com/writing/scientific-content/1528053-%D8%B3%D8%A3%D9%83%D8%AA%D8%A8-%D9%84%D9%83-%D9%85%D9%82%D8%A7%D9%84%D8%A7-%D8%B9%D9%84%D9%85%D9%8A%D8%A7-%D9%85%D8%B9-%D9%85%D8%B5%D8%A7%D8%AF%D8%B1-%D9%85%D9%88%D8%AB%D9%88%D9%82%D8%A9,5.0,3,5 أيام,6,0,$5.00,ثلاثة أيام,3,4,60.0,.Maria M,https://khamsat.com/user/maria-moussa,True,بائع نشيط,5.0,5,90.91%,3,7,يوم
كتابة وترجمة,https://khamsat.com/writing,محتوى علمي,https://khamsat.com/writing/scientific-content,كتابة مقالات علمية حصرية متوافقة مع السيو باللغة العربية,https://khamsat.com/writing/scientific-content/1936617-%D9%83%D8%AA%D8%A7%D8%A8%D8%A9-%D9%85%D9%82%D8%A7%D9%84%D8%A7%D8%AA-%D8%B9%D9%84%D9%85%D9%8A%D8%A9-%D8%AD%D8%B5%D8%B1%D9%8A%D8%A9-%D9%85%D8%AA%D9%88%D8%A7%D9%81%D9%82%D8%A9-%D9%85%D8%B9-%D8%A7%D9%84%D8%B3%D9%8A%D9%88-%D8%A8%D8%A7%D9%84%D9%84%D8%BA%D8%A9-%D8%A7%D9%84%D8%B9%D8%B1%D8%A8%D9%8A%D8%A9,5.0,1,33 دقيقة,2,0,$5.00,أسبوعين,1,1,5.0,.Dalia Y,https://khamsat.com/user/dalia_yousry,True,بائع مميز,5.0,26,100.0%,7,33,3 ساعات
كتابة وترجمة,https://khamsat.com/writing,محتوى علمي,https://khamsat.com/writing/scientific-content,كتابة أبحاث علمية و Literature Review في المجالات الهندسية,https://khamsat.com/writing/scientific-content/2862362-%D9%83%D8%AA%D8%A7%D8%A8%D8%A9-%D8%A3%D8%A8%D8%AD%D8%A7%D8%AB-%D8%B9%D9%84%D9%85%D9%8A%D8%A9-%D9%88-literature-review-%D9%81%D9%8A-%D8%A7%D9%84%D9%85%D8%AC%D8%A7%D9%84%D8%A7%D8%AA-%D8%A7%D9%84%D9%87%D9%86%D8%AF%D8%B3%D9%8A%D8%A9,5.0,4,ساعتين,5,0,$10.00,يومين,4,2,35.0,.Mohamed H,https://khamsat.com/user/muhammad_hassan1,True,بائع نشيط,5.0,28,88.64%,5,16,49 دقيقة
كتابة وترجمة,https://khamsat.com/writing,محتوى علمي,https://khamsat.com/writing/scientific-content,كتابة مقالات وأبحاث علمية,https://khamsat.com/writing/scientific-content/2044809-%D9%83%D8%AA%D8%A7%D8%A8%D8%A9-%D9%85%D9%82%D8%A7%D9%84%D8%A7%D8%AA-%D9%88%D8%A3%D8%A8%D8%AD%D8%A7%D8%AB-%D8%B9%D9%84%D9%85%D9%8A%D8%A9,5.0,1,أقل من دقيقة,2,0,$5.00,يوم واحد,1,4,50.0,يوسف م.,https://khamsat.com/user/yousef_mohamed_aly,True,بائع جديد,5.0,1,100.0%,1,2,3 دقائق
كتابة وترجمة,https://khamsat.com/writing,محتوى علمي,https://khamsat.com/writing/scientific-content,كاتبة محتوى علمي: مقالات أكاديمية او مقالات تبسيط علوم,https://khamsat.com/writing/scientific-content/3012323-%D9%83%D8%A7%D8%AA%D8%A8%D8%A9-%D9%85%D8%AD%D8%AA%D9%88%D9%89-%D8%B9%D9%84%D9%85%D9%8A-%D9%85%D9%82%D8%A7%D9%84%D8%A7%D8%AA-%D8%A3%D9%83%D8%A7%D8%AF%D9%8A%D9%85%D9%8A%D8%A9-%D8%A7%D9%88-%D9%85%D9%82%D8%A7%D9%84%D8%A7%D8%AA-%D8%AA%D8%A8%D8%B3%D9%8A%D8%B7-%D8%B9%D9%84%D9%88%D9%85,0.0,0,لم يحسب,0,0,$10.00,ثلاثة أيام,0,1,30.0,.Mohamed M,https://khamsat.com/user/mahfoud91,True,بائع جديد,0.0,0,لم يحسب بعد,1,0,لم يحسب
كتابة وترجمة,https://khamsat.com/writing,محتوى رياضي,https://khamsat.com/writing/sports-content,كتابة مقالات رياضية بطريقة إحترافية,https://khamsat.com/writing/sports-content/624040-%D9%83%D8%AA%D8%A7%D8%A8%D8%A9-%D9%85%D9%82%D8%A7%D9%84%D8%A7%D8%AA-%D8%B1%D9%8A%D8%A7%D8%B6%D9%8A%D8%A9-%D8%A8%D8%B7%D8%B1%D9%8A%D9%82%D8%A9-%D8%A5%D8%AD%D8%AA%D8%B1%D8%A7%D9%81%D9%8A%D8%A9,5.0,11,ساعة,17,0,$5.00,يوم واحد,11,5,540.0,مصطفى ا.,https://khamsat.com/user/%D9%85%D8%B5%D8%B7%D9%81%D9%89-%D8%A7%D9%84%D8%A8%D8%A7%D8%B4%D8%A7,True,بائع مميز,5.0,88,96.3%,5,121,ساعة
كتابة وترجمة,https://khamsat.com/writing,محتوى رياضي,https://khamsat.com/writing/sports-content,كتابة مقالات رياضية بطريقة احترافية,https://khamsat.com/writing/sports-content/2053223-%D9%83%D8%AA%D8%A7%D8%A8%D8%A9-%D9%85%D9%82%D8%A7%D9%84%D8%A7%D8%AA-%D8%B1%D9%8A%D8%A7%D8%B6%D9%8A%D8%A9-%D8%A8%D8%B7%D8%B1%D9%8A%D9%82%D8%A9-%D8%A7%D8%AD%D8%AA%D8%B1%D8%A7%D9%81%D9%8A%D8%A9,5.0,13,4 ساعات,24,0,$5.00,يومين,13,5,125.0,أدهم ا.,https://khamsat.com/user/adham_albasha7,True,بائع نشيط,5.0,13,100.0%,2,24,4 ساعات
كتابة وترجمة,https://khamsat.com/writing,محتوى رياضي,https://khamsat.com/writing/sports-content,كتابة المقالات الرياضية لصناع المحتوى على مواقع التواصل,https://khamsat.com/writing/sports-content/2635770-%D9%83%D8%AA%D8%A7%D8%A8%D8%A9-%D8%A7%D9%84%D9%85%D9%82%D8%A7%D9%84%D8%A7%D8%AA-%D8%A7%D9%84%D8%B1%D9%8A%D8%A7%D8%B6%D9%8A%D8%A9-%D9%84%D8%B5%D9%86%D8%A7%D8%B9-%D8%A7%D9%84%D9%85%D8%AD%D8%AA%D9%88%D9%89-%D8%B9%D9%84%D9%89-%D9%85%D9%88%D8%A7%D9%82%D8%B9-%D8%A7%D9%84%D8%AA%D9%88%D8%A7%D8%B5%D9%84,3.5,3,ساعتين,4,0,$5.00,يوم واحد,3,1,20.0,.Marouane B,https://khamsat.com/user/mirou1993,True,بائع نشيط,3.5,5,92.86%,4,6,15 ساعة
كتابة وترجمة,https://khamsat.com/writing,محتوى رياضي,https://khamsat.com/writing/sports-content,كتابة أخبار رياضة حصرية كل 10 أخبار,https://khamsat.com/writing/sports-content/2125859-%D9%83%D8%AA%D8%A7%D8%A8%D8%A9-%D8%A3%D8%AE%D8%A8%D8%A7%D8%B1-%D8%B1%D9%8A%D8%A7%D8%B6%D8%A9-%D8%AD%D8%B5%D8%B1%D9%8A%D8%A9-%D9%83%D9%84-10-%D8%A3%D8%AE%D8%A8%D8%A7%D8%B1,5.0,4,3 دقائق,6,0,$5.00,يوم واحد,4,3,30.0,.Abdelrahman K,https://khamsat.com/user/abdelrahman-anwar,True,بائع مميز,4.5,107,97.26%,5,106,4 ساعات
كتابة وترجمة,https://khamsat.com/writing,محتوى رياضي,https://khamsat.com/writing/sports-content,كتابة مقالات رياضية حصرية,https://khamsat.com/writing/sports-content/1429735-%D9%83%D8%AA%D8%A7%D8%A8%D8%A9-%D9%85%D9%82%D8%A7%D9%84%D8%A7%D8%AA-%D8%B1%D9%8A%D8%A7%D8%B6%D9%8A%D8%A9-%D8%AD%D8%B5%D8%B1%D9%8A%D8%A9,5.0,5,3 ساعات,6,0,$5.00,أربعة أيام,5,0,0.0,.Mohamed H,https://khamsat.com/user/mhoss96,True,بائع نشيط,5.0,8,61.54%,1,9,18 ساعة
كتابة وترجمة,https://khamsat.com/writing,محتوى رياضي,https://khamsat.com/writing/sports-content,كتابة محتوى رياضي,https://khamsat.com/writing/sports-content/2805031-%D9%83%D8%AA%D8%A7%D8%A8%D8%A9-%D9%85%D8%AD%D8%AA%D9%88%D9%89-%D8%B1%D9%8A%D8%A7%D8%B6%D9%8A,5.0,1,ساعتين,2,0,$10.00,ثلاثة أيام,1,4,205.0,عبد الرحمن ا.,https://khamsat.com/user/abdulrahman611,True,بائع جديد,5.0,1,85.71%,2,2,ساعتين
كتابة وترجمة,https://khamsat.com/writing,محتوى رياضي,https://khamsat.com/writing/sports-content,نشر مقالات رياضية على موقعك او مدونتك متوافقه مع السيو,https://khamsat.com/writing/sports-content/794069-%D9%86%D8%B4%D8%B1-%D9%85%D9%82%D8%A7%D9%84%D8%A7%D8%AA-%D8%B1%D9%8A%D8%A7%D8%B6%D9%8A%D8%A9-%D8%B9%D9%84%D9%89-%D9%85%D9%88%D9%82%D8%B9%D9%83-%D8%A7%D9%88-%D9%85%D8%AF%D9%88%D9%86%D8%AA%D9%83-%D9%85%D8%AA%D9%88%D8%A7%D9%81%D9%82%D9%87-%D9%85%D8%B9-%D8%A7%D9%84%D8%B3%D9%8A%D9%88,5.0,12,يوم,15,0,$5.00,يوم واحد,12,1,20.0,أحمد ع.,https://khamsat.com/user/rabso-elmonadel,True,بائع نشيط,5.0,27,51.14%,4,25,8 ساعات
كتابة وترجمة,https://khamsat.com/writing,محتوى رياضي,https://khamsat.com/writing/sports-content,كتابة مقالات رياضية بلغة سهلة وواضحة ومتوافقة مع السيو,https://khamsat.com/writing/sports-content/2458551-%D9%83%D8%AA%D8%A7%D8%A8%D8%A9-%D9%85%D9%82%D8%A7%D9%84%D8%A7%D8%AA-%D8%B1%D9%8A%D8%A7%D8%B6%D9%8A%D8%A9-%D8%A8%D9%84%D8%BA%D8%A9-%D8%B3%D9%87%D9%84%D8%A9-%D9%88%D9%88%D8%A7%D8%B6%D8%AD%D8%A9-%D9%88%D9%85%D8%AA%D9%88%D8%A7%D9%81%D9%82%D8%A9-%D9%85%D8%B9-%D8%A7%D9%84%D8%B3%D9%8A%D9%88,5.0,1,ساعة,1,0,$5.00,يوم واحد,1,1,5.0,.Anas A,https://khamsat.com/user/anasawwad11,True,مشتري جديد,5.0,1,100.0%,2,1,ساعة
كتابة وترجمة,https://khamsat.com/writing,محتوى رياضي,https://khamsat.com/writing/sports-content,كتابة محتوى رياضي متخصصة في جميع مجالات الرياضية,https://khamsat.com/writing/sports-content/2634375-%D9%83%D8%AA%D8%A7%D8%A8%D8%A9-%D9%85%D8%AD%D8%AA%D9%88%D9%89-%D8%B1%D9%8A%D8%A7%D8%B6%D9%8A-%D9%85%D8%AA%D8%AE%D8%B5%D8%B5%D8%A9-%D9%81%D9%8A-%D8%AC%D9%85%D9%8A%D8%B9-%D9%85%D8%AC%D8%A7%D9%84%D8%A7%D8%AA-%D8%A7%D9%84%D8%B1%D9%8A%D8%A7%D8%B6%D9%8A%D8%A9,5.0,1,ساعة,2,0,$10.00,يوم واحد,1,0,0.0,.Ahmed F,https://khamsat.com/user/af26,True,بائع جديد,5.0,1,100.0%,2,2,ساعة
كتابة وترجمة,https://khamsat.com/writing,محتوى رياضي,https://khamsat.com/writing/sports-content,كتابة مقالات رياضية حصرية كل 10 مقالات,https://khamsat.com/writing/sports-content/2125868-%D9%83%D8%AA%D8%A7%D8%A8%D8%A9-%D9%85%D9%82%D8%A7%D9%84%D8%A7%D8%AA-%D8%B1%D9%8A%D8%A7%D8%B6%D9%8A%D8%A9-%D8%AD%D8%B5%D8%B1%D9%8A%D8%A9-%D9%83%D9%84-10-%D9%85%D9%82%D8%A7%D9%84%D8%A7%D8%AA,0.0,0,لم يحسب,0,0,$5.00,يوم واحد,0,0,0.0,.Abdelrahman K,https://khamsat.com/user/abdelrahman-anwar,True,بائع مميز,4.5,107,97.26%,5,106,4 ساعات
كتابة وترجمة,https://khamsat.com/writing,محتوى رياضي,https://khamsat.com/writing/sports-content,مقالات كروية ورياضية احترافية,https://khamsat.com/writing/sports-content/2876273-%D9%85%D9%82%D8%A7%D9%84%D8%A7%D8%AA-%D9%83%D8%B1%D9%88%D9%8A%D8%A9-%D9%88%D8%B1%D9%8A%D8%A7%D8%B6%D9%8A%D8%A9-%D8%A7%D8%AD%D8%AA%D8%B1%D8%A7%D9%81%D9%8A%D8%A9,0.0,0,لم يحسب,0,0,$5.00,يوم واحد,0,2,10.0,.Abdallah S,https://khamsat.com/user/abdallahsayed7,True,بائع جديد,5.0,2,100.0%,4,2,21 دقيقة
كتابة وترجمة,https://khamsat.com/writing,محتوى رياضي,https://khamsat.com/writing/sports-content,كتابة محتوى رياضي مواقع ووسائل تواصل اجتماعي,https://khamsat.com/writing/sports-content/3045368-%D9%83%D8%AA%D8%A7%D8%A8%D8%A9-%D9%85%D8%AD%D8%AA%D9%88%D9%89-%D8%B1%D9%8A%D8%A7%D8%B6%D9%8A-%D9%85%D9%88%D8%A7%D9%82%D8%B9-%D9%88%D9%88%D8%B3%D8%A7%D8%A6%D9%84-%D8%AA%D9%88%D8%A7%D8%B5%D9%84-%D8%A7%D8%AC%D8%AA%D9%85%D8%A7%D8%B9%D9%8A,0.0,0,لم يحسب,0,0,$10.00,يوم واحد,0,0,0.0,.Ahmad M,https://khamsat.com/user/ahmadmagdygoal,False,بائع جديد,0.0,0,لم يحسب بعد,1,0,لم يحسب
كتابة وترجمة,https://khamsat.com/writing,محتوى رياضي,https://khamsat.com/writing/sports-content,كتابة مقالات رياضية حصرية على موقعك,https://khamsat.com/writing/sports-content/975774-%D9%83%D8%AA%D8%A7%D8%A8%D8%A9-%D9%85%D9%82%D8%A7%D9%84%D8%A7%D8%AA-%D8%B1%D9%8A%D8%A7%D8%B6%D9%8A%D8%A9-%D8%AD%D8%B5%D8%B1%D9%8A%D8%A9-%D8%B9%D9%84%D9%89-%D9%85%D9%88%D9%82%D8%B9%D9%83,5.0,26,ساعة,34,1,$5.00,أربعة أيام,25,1,10.0,.Kareem M,https://khamsat.com/user/kareem_morsy,True,بائع مميز,5.0,52,80.34%,5,68,14 ساعة
كتابة وترجمة,https://khamsat.com/writing,محتوى رياضي,https://khamsat.com/writing/sports-content,كتابة أخبار ومقالات فى شتى المجالات الرياضية,https://khamsat.com/writing/sports-content/3035051-%D9%83%D8%AA%D8%A7%D8%A8%D8%A9-%D8%A3%D8%AE%D8%A8%D8%A7%D8%B1-%D9%88%D9%85%D9%82%D8%A7%D9%84%D8%A7%D8%AA-%D9%81%D9%89-%D8%B4%D8%AA%D9%89-%D8%A7%D9%84%D9%85%D8%AC%D8%A7%D9%84%D8%A7%D8%AA-%D8%A7%D9%84%D8%B1%D9%8A%D8%A7%D8%B6%D9%8A%D8%A9,0.0,0,لم يحسب,0,0,$5.00,يوم واحد,0,3,30.0,عمر ر.,https://khamsat.com/user/omarrashwan2,True,بائع جديد,0.0,0,لم يحسب بعد,2,0,لم يحسب
كتابة وترجمة,https://khamsat.com/writing,محتوى رياضي,https://khamsat.com/writing/sports-content,كتابة معادلات الرياضيات والفيزياء والكيمياء بجودة عالية,https://khamsat.com/writing/sports-content/2810287-%D9%83%D8%AA%D8%A7%D8%A8%D8%A9-%D9%85%D8%B9%D8%A7%D8%AF%D9%84%D8%A7%D8%AA-%D8%A7%D9%84%D8%B1%D9%8A%D8%A7%D8%B6%D9%8A%D8%A7%D8%AA-%D9%88%D8%A7%D9%84%D9%81%D9%8A%D8%B2%D9%8A%D8%A7%D8%A1-%D9%88%D8%A7%D9%84%D9%83%D9%8A%D9%85%D9%8A%D8%A7%D8%A1-%D8%A8%D8%AC%D9%88%D8%AF%D8%A9-%D8%B9%D8%A7%D9%84%D9%8A%D8%A9,0.0,0,لم يحسب,0,0,$5.00,يوم واحد,0,3,175.0,.Maha M,https://khamsat.com/user/mahaahmohamed,True,بائع جديد,0.0,0,لم يحسب بعد,5,0,لم يحسب
كتابة وترجمة,https://khamsat.com/writing,محتوى رياضي,https://khamsat.com/writing/sports-content,كتابة اخبار رياضية عالمية و عربية او مقالات او سكريبتات,https://khamsat.com/writing/sports-content/1031339-%D9%83%D8%AA%D8%A7%D8%A8%D8%A9-%D8%A7%D8%AE%D8%A8%D8%A7%D8%B1-%D8%B1%D9%8A%D8%A7%D8%B6%D9%8A%D8%A9-%D8%B9%D8%A7%D9%84%D9%85%D9%8A%D8%A9-%D9%88-%D8%B9%D8%B1%D8%A8%D9%8A%D8%A9-%D8%A7%D9%88-%D9%85%D9%82%D8%A7%D9%84%D8%A7%D8%AA-%D8%A7%D9%88-%D8%B3%D9%83%D8%B1%D9%8A%D8%A8%D8%AA%D8%A7%D8%AA,5.0,1,22 ساعة,1,0,$5.00,يوم واحد,1,0,0.0,احمد م.,https://khamsat.com/user/%D8%A7%D8%AD%D9%85%D8%AF-%D9%85%D8%B5%D8%B7%D9%81%D9%8A-%D8%A8%D9%84%D8%A7%D9%84,True,بائع جديد,5.0,2,69.23%,1,6,3 أيام
كتابة وترجمة,https://khamsat.com/writing,محتوى رياضي,https://khamsat.com/writing/sports-content,عمل ملازم رياضيات للمرحلتين الإبتدائية والإعدادية,https://khamsat.com/writing/sports-content/2970314-%D8%B9%D9%85%D9%84-%D9%85%D9%84%D8%A7%D8%B2%D9%85-%D8%B1%D9%8A%D8%A7%D8%B6%D9%8A%D8%A7%D8%AA-%D9%84%D9%84%D9%85%D8%B1%D8%AD%D9%84%D8%AA%D9%8A%D9%86-%D8%A7%D9%84%D8%A5%D8%A8%D8%AA%D8%AF%D8%A7%D8%A6%D9%8A%D8%A9-%D9%88%D8%A7%D9%84%D8%A5%D8%B9%D8%AF%D8%A7%D8%AF%D9%8A%D8%A9,0.0,0,لم يحسب,0,0,$5.00,يوم واحد,0,0,0.0,.Allaa M,https://khamsat.com/user/allaa_123,True,بائع جديد,0.0,0,لم يحسب بعد,3,0,لم يحسب
كتابة وترجمة,https://khamsat.com/writing,محتوى رياضي,https://khamsat.com/writing/sports-content,كاتب محتوي مقالي جيد باتباع اساليب بسيطة الفهم,https://khamsat.com/writing/sports-content/3031975-%D9%83%D8%A7%D8%AA%D8%A8-%D9%85%D8%AD%D8%AA%D9%88%D9%8A-%D9%85%D9%82%D8%A7%D9%84%D9%8A-%D8%AC%D9%8A%D8%AF-%D8%A8%D8%A7%D8%AA%D8%A8%D8%A7%D8%B9-%D8%A7%D8%B3%D8%A7%D9%84%D9%8A%D8%A8-%D8%A8%D8%B3%D9%8A%D8%B7%D8%A9-%D8%A7%D9%84%D9%81%D9%87%D9%85,0.0,0,لم يحسب,0,0,$5.00,يومين,0,0,0.0,.Ahmed M,https://khamsat.com/user/aahmed_mamdouh1,False,بائع جديد,0.0,0,لم يحسب بعد,1,0,لم يحسب
كتابة وترجمة,https://khamsat.com/writing,محتوى رياضي,https://khamsat.com/writing/sports-content,كتابة المقالات الرياضية والأدبية,https://khamsat.com/writing/sports-content/2940099-%D9%83%D8%AA%D8%A7%D8%A8%D8%A9-%D8%A7%D9%84%D9%85%D9%82%D8%A7%D9%84%D8%A7%D8%AA-%D8%A7%D9%84%D8%B1%D9%8A%D8%A7%D8%B6%D9%8A%D8%A9-%D9%88%D8%A7%D9%84%D8%A3%D8%AF%D8%A8%D9%8A%D8%A9,0.0,0,لم يحسب,0,0,$5.00,يوم واحد,0,3,45.0,معتصم ا.,https://khamsat.com/user/motasem919,False,بائع جديد,0.0,0,لم يحسب بعد,1,0,لم يحسب
كتابة وترجمة,https://khamsat.com/writing,محتوى رياضي,https://khamsat.com/writing/sports-content,كتابة محتوى رياضي متميز كرة قدم لليوتيوب,https://khamsat.com/writing/sports-content/2807158-%D9%83%D8%AA%D8%A7%D8%A8%D8%A9-%D9%85%D8%AD%D8%AA%D9%88%D9%89-%D8%B1%D9%8A%D8%A7%D8%B6%D9%8A-%D9%85%D8%AA%D9%85%D9%8A%D8%B2-%D9%83%D8%B1%D8%A9-%D9%82%D8%AF%D9%85-%D9%84%D9%84%D9%8A%D9%88%D8%AA%D9%8A%D9%88%D8%A8,0.0,0,لم يحسب,0,0,$10.00,يوم واحد,0,0,0.0,.Mohammad Ali R,https://khamsat.com/user/mohamad_rajab,True,بائع جديد,0.0,0,لم يحسب بعد,3,0,لم يحسب
كتابة وترجمة,https://khamsat.com/writing,محتوى رياضي,https://khamsat.com/writing/sports-content,مقالات رياضية وتحليل فني أحترافي للكرة العالمية,https://khamsat.com/writing/sports-content/2997969-%D9%85%D9%82%D8%A7%D9%84%D8%A7%D8%AA-%D8%B1%D9%8A%D8%A7%D8%B6%D9%8A%D8%A9-%D9%88%D8%AA%D8%AD%D9%84%D9%8A%D9%84-%D9%81%D9%86%D9%8A-%D8%A3%D8%AD%D8%AA%D8%B1%D8%A7%D9%81%D9%8A-%D9%84%D9%84%D9%83%D8%B1%D8%A9-%D8%A7%D9%84%D8%B9%D8%A7%D9%84%D9%85%D9%8A%D8%A9,0.0,0,لم يحسب,0,0,$5.00,يوم واحد,0,0,0.0,.Ahmed A,https://khamsat.com/user/alnafrawy666,True,بائع جديد,0.0,0,لم يحسب بعد,2,0,لم يحسب
كتابة وترجمة,https://khamsat.com/writing,محتوى رياضي,https://khamsat.com/writing/sports-content,مقالات رياضية في جميع الإختصاصات الفردية و الجماعية,https://khamsat.com/writing/sports-content/2920723-%D9%85%D9%82%D8%A7%D9%84%D8%A7%D8%AA-%D8%B1%D9%8A%D8%A7%D8%B6%D9%8A%D8%A9-%D9%81%D9%8A-%D8%AC%D9%85%D9%8A%D8%B9-%D8%A7%D9%84%D8%A5%D8%AE%D8%AA%D8%B5%D8%A7%D8%B5%D8%A7%D8%AA-%D8%A7%D9%84%D9%81%D8%B1%D8%AF%D9%8A%D8%A9-%D9%88-%D8%A7%D9%84%D8%AC%D9%85%D8%A7%D8%B9%D9%8A%D8%A9,0.0,0,لم يحسب,0,0,$5.00,يوم واحد,0,1,5.0,شمس الدين ب.,https://khamsat.com/user/shams_0220,False,بائع جديد,0.0,0,لم يحسب بعد,1,0,لم يحسب
كتابة وترجمة,https://khamsat.com/writing,محتوى رياضي,https://khamsat.com/writing/sports-content,كتابة مقالات احترافية حول رياضة فنون القتال المتخلطة (MMA),https://khamsat.com/writing/sports-content/2782400-%D9%83%D8%AA%D8%A7%D8%A8%D8%A9-%D9%85%D9%82%D8%A7%D9%84%D8%A7%D8%AA-%D8%A7%D8%AD%D8%AA%D8%B1%D8%A7%D9%81%D9%8A%D8%A9-%D8%AD%D9%88%D9%84-%D8%B1%D9%8A%D8%A7%D8%B6%D8%A9-%D9%81%D9%86%D9%88%D9%86-%D8%A7%D9%84%D9%82%D8%AA%D8%A7%D9%84-%D8%A7%D9%84%D9%85%D8%AA%D8%AE%D9%84%D8%B7%D8%A9-mma,0.0,0,لم يحسب,0,0,$5.00,يوم واحد,0,0,0.0,محمد نور ا.,https://khamsat.com/user/mohamed_nour_jerbi,False,بائع جديد,0.0,0,لم يحسب بعد,1,0,لم يحسب
كتابة وترجمة,https://khamsat.com/writing,محتوى رياضي,https://khamsat.com/writing/sports-content,كتابة مقلات و اخبار رياضية,https://khamsat.com/writing/sports-content/2652523-%D9%83%D8%AA%D8%A7%D8%A8%D8%A9-%D9%85%D9%82%D9%84%D8%A7%D8%AA-%D9%88-%D8%A7%D8%AE%D8%A8%D8%A7%D8%B1-%D8%B1%D9%8A%D8%A7%D8%B6%D9%8A%D8%A9,0.0,0,لم يحسب,0,0,$5.00,يوم واحد,0,4,25.0,.يقل R,https://khamsat.com/user/rahim23dzn,False,بائع جديد,0.0,0,لم يحسب بعد,4,0,لم يحسب
كتابة وترجمة,https://khamsat.com/writing,محتوى رياضي,https://khamsat.com/writing/sports-content,محرر رياضي بما يتوافق مع السيو محرك غوغل,https://khamsat.com/writing/sports-content/2881366-%D9%85%D8%AD%D8%B1%D8%B1-%D8%B1%D9%8A%D8%A7%D8%B6%D9%8A-%D8%A8%D9%85%D8%A7-%D9%8A%D8%AA%D9%88%D8%A7%D9%81%D9%82-%D9%85%D8%B9-%D8%A7%D9%84%D8%B3%D9%8A%D9%88-%D9%85%D8%AD%D8%B1%D9%83-%D8%BA%D9%88%D8%BA%D9%84,0.0,0,لم يحسب,0,0,$5.00,يوم واحد,0,0,0.0,فارس أ.,https://khamsat.com/user/faressalmanabedalmon,True,بائع جديد,0.0,0,لم يحسب بعد,3,0,لم يحسب
كتابة وترجمة,https://khamsat.com/writing,محتوى رياضي,https://khamsat.com/writing/sports-content,كتابة مقالات عن محتوى كرة القدم,https://khamsat.com/writing/sports-content/2936624-%D9%83%D8%AA%D8%A7%D8%A8%D8%A9-%D9%85%D9%82%D8%A7%D9%84%D8%A7%D8%AA-%D8%B9%D9%86-%D9%85%D8%AD%D8%AA%D9%88%D9%89-%D9%83%D8%B1%D8%A9-%D8%A7%D9%84%D9%82%D8%AF%D9%85,0.0,0,لم يحسب,0,0,$10.00,يومين,0,0,0.0,.Mohamed A,https://khamsat.com/user/mohamed_235,False,بائع جديد,0.0,0,لم يحسب بعد,4,0,لم يحسب
كتابة وترجمة,https://khamsat.com/writing,محتوى رياضي,https://khamsat.com/writing/sports-content,كتابه مقالات عربي عن الرياضة والاندية الرياضة والمنتخبات,https://khamsat.com/writing/sports-content/2962912-%D9%83%D8%AA%D8%A7%D8%A8%D9%87-%D9%85%D9%82%D8%A7%D9%84%D8%A7%D8%AA-%D8%B9%D8%B1%D8%A8%D9%8A-%D8%B9%D9%86-%D8%A7%D9%84%D8%B1%D9%8A%D8%A7%D8%B6%D8%A9-%D9%88%D8%A7%D9%84%D8%A7%D9%86%D8%AF%D9%8A%D8%A9-%D8%A7%D9%84%D8%B1%D9%8A%D8%A7%D8%B6%D8%A9-%D9%88%D8%A7%D9%84%D9%85%D9%86%D8%AA%D8%AE%D8%A8%D8%A7%D8%AA,0.0,0,لم يحسب,0,0,$5.00,يومين,0,0,0.0,محسن ر.,https://khamsat.com/user/mohhsen_ragy88,True,بائع جديد,0.0,0,لم يحسب بعد,1,0,لم يحسب
كتابة وترجمة,https://khamsat.com/writing,محتوى رياضي,https://khamsat.com/writing/sports-content,سكربت ومحتوى عن كرة القدم,https://khamsat.com/writing/sports-content/2463021-%D8%B3%D9%83%D8%B1%D8%A8%D8%AA-%D9%88%D9%85%D8%AD%D8%AA%D9%88%D9%89-%D8%B9%D9%86-%D9%83%D8%B1%D8%A9-%D8%A7%D9%84%D9%82%D8%AF%D9%85,5.0,1,ساعة,2,1,$5.00,يوم واحد,1,4,55.0,.Abderraouf B,https://khamsat.com/user/raoufdix,True,بائع جديد,5.0,2,66.67%,4,4,يوم
كتابة وترجمة,https://khamsat.com/writing,محتوى رياضي,https://khamsat.com/writing/sports-content,كتابة مقالات رياضية حصرية,https://khamsat.com/writing/sports-content/2650828-%D9%83%D8%AA%D8%A7%D8%A8%D8%A9-%D9%85%D9%82%D8%A7%D9%84%D8%A7%D8%AA-%D8%B1%D9%8A%D8%A7%D8%B6%D9%8A%D8%A9-%D8%AD%D8%B5%D8%B1%D9%8A%D8%A9,0.0,0,لم يحسب,0,0,$5.00,يوم واحد,0,2,15.0,فوزي ب.,https://khamsat.com/user/privatefaouzi,True,بائع جديد,0.0,0,0.0%,2,0,أقل من دقيقة
كتابة وترجمة,https://khamsat.com/writing,محتوى رياضي,https://khamsat.com/writing/sports-content,خطة تغذية لتحسين الصحة بناءً على هدفك,https://khamsat.com/writing/sports-content/2772263-%D8%AE%D8%B7%D8%A9-%D8%AA%D8%BA%D8%B0%D9%8A%D8%A9-%D9%84%D8%AA%D8%AD%D8%B3%D9%8A%D9%86-%D8%A7%D9%84%D8%B5%D8%AD%D8%A9-%D8%A8%D9%86%D8%A7%D8%A1-%D8%B9%D9%84%D9%89-%D9%87%D8%AF%D9%81%D9%83,0.0,0,4 ساعات,0,0,$10.00,يوم واحد,0,2,80.0,.Muhammed H,https://khamsat.com/user/apoloman2015,True,بائع نشيط,4.5,16,85.0%,7,19,3 ساعات
كتابة وترجمة,https://khamsat.com/writing,محتوى قانوني,https://khamsat.com/writing/law-content,عنوان بحث قانوني حصري ومستحدث,https://khamsat.com/writing/law-content/2744755-%D8%B9%D9%86%D9%88%D8%A7%D9%86-%D8%A8%D8%AD%D8%AB-%D9%82%D8%A7%D9%86%D9%88%D9%86%D9%8A-%D8%AD%D8%B5%D8%B1%D9%8A-%D9%88%D9%85%D8%B3%D8%AA%D8%AD%D8%AF%D8%AB,5.0,6,7 أيام,7,0,$5.00,ثلاثة أيام,6,5,70.0,خيرة أمل د.,https://khamsat.com/user/lema01kayra,True,بائع مميز,5.0,29,94.81%,4,29,يوم
كتابة وترجمة,https://khamsat.com/writing,محتوى قانوني,https://khamsat.com/writing/law-content,كتابة المقالات والمحتوى في المجال القانوني,https://khamsat.com/writing/law-content/2867718-%D9%83%D8%AA%D8%A7%D8%A8%D8%A9-%D8%A7%D9%84%D9%85%D9%82%D8%A7%D9%84%D8%A7%D8%AA-%D9%88%D8%A7%D9%84%D9%85%D8%AD%D8%AA%D9%88%D9%89-%D9%81%D9%8A-%D8%A7%D9%84%D9%85%D8%AC%D8%A7%D9%84-%D8%A7%D9%84%D9%82%D8%A7%D9%86%D9%88%D9%86%D9%8A,4.5,10,43 دقيقة,10,0,$10.00,يومين,10,4,50.0,إسراء ص.,https://khamsat.com/user/israasalah,True,بائع مميز,5.0,32,93.06%,4,32,3 ساعات
كتابة وترجمة,https://khamsat.com/writing,محتوى قانوني,https://khamsat.com/writing/law-content,كتابة الشروط والاحكام للمواقع والتطبيقات السعودية,https://khamsat.com/writing/law-content/1980920-%D9%83%D8%AA%D8%A7%D8%A8%D8%A9-%D8%A7%D9%84%D8%B4%D8%B1%D9%88%D8%B7-%D9%88%D8%A7%D9%84%D8%A7%D8%AD%D9%83%D8%A7%D9%85-%D9%84%D9%84%D9%85%D9%88%D8%A7%D9%82%D8%B9-%D9%88%D8%A7%D9%84%D8%AA%D8%B7%D8%A8%D9%8A%D9%82%D8%A7%D8%AA-%D8%A7%D9%84%D8%B3%D8%B9%D9%88%D8%AF%D9%8A%D8%A9,4.5,5,5 دقائق,6,1,$35.00,أربعة أيام,5,2,90.0,.Aya H,https://khamsat.com/user/ayahasan,True,بائع مميز,4.5,103,90.59%,16,127,13 ساعة
كتابة وترجمة,https://khamsat.com/writing,محتوى قانوني,https://khamsat.com/writing/law-content,بيع كتابي مراجعة دستورية لجريمة التواجد لغاية غير مشروعة,https://khamsat.com/writing/law-content/3014843-%D8%A8%D9%8A%D8%B9-%D9%83%D8%AA%D8%A7%D8%A8%D9%8A-%D9%85%D8%B1%D8%A7%D8%AC%D8%B9%D8%A9-%D8%AF%D8%B3%D8%AA%D9%88%D8%B1%D9%8A%D8%A9-%D9%84%D8%AC%D8%B1%D9%8A%D9%85%D8%A9-%D8%A7%D9%84%D8%AA%D9%88%D8%A7%D8%AC%D8%AF-%D9%84%D8%BA%D8%A7%D9%8A%D8%A9-%D8%BA%D9%8A%D8%B1-%D9%85%D8%B4%D8%B1%D9%88%D8%B9%D8%A9,4.5,3,ساعة,6,0,$5.00,ثلاثة أيام,3,0,0.0,.Mohamed O,https://khamsat.com/user/law_mohamed93,True,بائع جديد,4.5,3,100.0%,2,6,ساعة
كتابة وترجمة,https://khamsat.com/writing,محتوى قانوني,https://khamsat.com/writing/law-content,كتابة المقالات والمحتوى في المجال القانوني,https://khamsat.com/writing/law-content/2751558-%D9%83%D8%AA%D8%A7%D8%A8%D8%A9-%D8%A7%D9%84%D9%85%D9%82%D8%A7%D9%84%D8%A7%D8%AA-%D9%88%D8%A7%D9%84%D9%85%D8%AD%D8%AA%D9%88%D9%89-%D9%81%D9%8A-%D8%A7%D9%84%D9%85%D8%AC%D8%A7%D9%84-%D8%A7%D9%84%D9%82%D8%A7%D9%86%D9%88%D9%86%D9%8A,5.0,15,8 ساعات,25,0,$10.00,يوم واحد,15,5,285.0,عبدالرحيم ا.,https://khamsat.com/user/abousouhail,True,بائع مميز,5.0,22,86.08%,3,33,7 ساعات
كتابة وترجمة,https://khamsat.com/writing,محتوى قانوني,https://khamsat.com/writing/law-content,كتابة صحف الدعاوى والمذكرات القانونية,https://khamsat.com/writing/law-content/2833918-%D9%83%D8%AA%D8%A7%D8%A8%D8%A9-%D8%B5%D8%AD%D9%81-%D8%A7%D9%84%D8%AF%D8%B9%D8%A7%D9%88%D9%89-%D9%88%D8%A7%D9%84%D9%85%D8%B0%D9%83%D8%B1%D8%A7%D8%AA-%D8%A7%D9%84%D9%82%D8%A7%D9%86%D9%88%D9%86%D9%8A%D8%A9,5.0,2,يومين,2,0,$10.00,يومين,2,3,115.0,.Walid S,https://khamsat.com/user/walidsoliman1,True,بائع جديد,5.0,2,100.0%,2,2,يومين
كتابة وترجمة,https://khamsat.com/writing,محتوى قانوني,https://khamsat.com/writing/law-content,كتابة مقالات قانونية احترافية,https://khamsat.com/writing/law-content/2629347-%D9%83%D8%AA%D8%A7%D8%A8%D8%A9-%D9%85%D9%82%D8%A7%D9%84%D8%A7%D8%AA-%D9%82%D8%A7%D9%86%D9%88%D9%86%D9%8A%D8%A9-%D8%A7%D8%AD%D8%AA%D8%B1%D8%A7%D9%81%D9%8A%D8%A9,5.0,7,يوم,10,0,$5.00,يومين,7,3,345.0,محمد ج.,https://khamsat.com/user/mohamedgalalahmed,True,بائع مميز,5.0,24,93.75%,8,41,12 ساعة
كتابة وترجمة,https://khamsat.com/writing,محتوى قانوني,https://khamsat.com/writing/law-content,كتابة سياسة خصوصية,https://khamsat.com/writing/law-content/1231674-%D9%83%D8%AA%D8%A7%D8%A8%D8%A9-%D8%B3%D9%8A%D8%A7%D8%B3%D8%A9-%D8%AE%D8%B5%D9%88%D8%B5%D9%8A%D8%A9,4.5,25,10 دقائق,35,0,$25.00,يومين,25,1,100.0,.Osama J,https://khamsat.com/user/osama123456,True,بائع مميز,4.5,133,95.23%,10,146,4 ساعات
كتابة وترجمة,https://khamsat.com/writing,محتوى قانوني,https://khamsat.com/writing/law-content,كتابة السياسات والأحكام متوافقة مع القانون السعودي,https://khamsat.com/writing/law-content/2062741-%D9%83%D8%AA%D8%A7%D8%A8%D8%A9-%D8%A7%D9%84%D8%B3%D9%8A%D8%A7%D8%B3%D8%A7%D8%AA-%D9%88%D8%A7%D9%84%D8%A3%D8%AD%D9%83%D8%A7%D9%85-%D9%85%D8%AA%D9%88%D8%A7%D9%81%D9%82%D8%A9-%D9%85%D8%B9-%D8%A7%D9%84%D9%82%D8%A7%D9%86%D9%88%D9%86-%D8%A7%D9%84%D8%B3%D8%B9%D9%88%D8%AF%D9%8A,5.0,8,25 دقيقة,13,0,$10.00,أسبوع,8,5,235.0,محمود ب.,https://khamsat.com/user/%D9%85%D8%AD%D9%85%D9%88%D8%AF-%D8%B3%D8%A7%D9%84%D9%85,True,بائع موثوق,4.5,275,97.47%,7,405,4 ساعات
كتابة وترجمة,https://khamsat.com/writing,محتوى قانوني,https://khamsat.com/writing/law-content,صياغة سياسات الخصوصية شروط والاحكام المواقع الإلكترونية والتطبيقات,https://khamsat.com/writing/law-content/1888685-%D8%B5%D9%8A%D8%A7%D8%BA%D8%A9-%D8%B3%D9%8A%D8%A7%D8%B3%D8%A7%D8%AA-%D8%A7%D9%84%D8%AE%D8%B5%D9%88%D8%B5%D9%8A%D8%A9-%D8%B4%D8%B1%D9%88%D8%B7-%D9%88%D8%A7%D9%84%D8%A7%D8%AD%D9%83%D8%A7%D9%85-%D8%A7%D9%84%D9%85%D9%88%D8%A7%D9%82%D8%B9-%D8%A7%D9%84%D8%A5%D9%84%D9%83%D8%AA%D8%B1%D9%88%D9%86%D9%8A%D8%A9-%D9%88%D8%A7%D9%84%D8%AA%D8%B7%D8%A8%D9%8A%D9%82%D8%A7%D8%AA,4.5,3,15 دقيقة,9,0,$25.00,يوم واحد,3,2,150.0,هيثم ع.,https://khamsat.com/user/haithamnaiel66,True,بائع نشيط,4.5,7,95.0%,10,15,يوم
كتابة وترجمة,https://khamsat.com/writing,محتوى قانوني,https://khamsat.com/writing/law-content,كتابة الدعاوى العمالية وفقا لنظام العمل السعودى,https://khamsat.com/writing/law-content/2790936-%D9%83%D8%AA%D8%A7%D8%A8%D8%A9-%D8%A7%D9%84%D8%AF%D8%B9%D8%A7%D9%88%D9%89-%D8%A7%D9%84%D8%B9%D9%85%D8%A7%D9%84%D9%8A%D8%A9-%D9%88%D9%81%D9%82%D8%A7-%D9%84%D9%86%D8%B8%D8%A7%D9%85-%D8%A7%D9%84%D8%B9%D9%85%D9%84-%D8%A7%D9%84%D8%B3%D8%B9%D9%88%D8%AF%D9%89,1.0,1,دقيقتين,3,0,$10.00,يومين,1,3,30.0,عوض ا.,https://khamsat.com/user/a_almorsi,True,بائع نشيط,5.0,3,86.67%,4,8,ساعة
كتابة وترجمة,https://khamsat.com/writing,محتوى قانوني,https://khamsat.com/writing/law-content,كتابة مقالات قانونية وأكاديمية حصرية,https://khamsat.com/writing/law-content/1919700-%D9%83%D8%AA%D8%A7%D8%A8%D8%A9-%D9%85%D9%82%D8%A7%D9%84%D8%A7%D8%AA-%D9%82%D8%A7%D9%86%D9%88%D9%86%D9%8A%D8%A9-%D9%88%D8%A3%D9%83%D8%A7%D8%AF%D9%8A%D9%85%D9%8A%D8%A9-%D8%AD%D8%B5%D8%B1%D9%8A%D8%A9,5.0,2,ساعة,4,0,$10.00,يوم واحد,2,4,50.0,.Ranim T,https://khamsat.com/user/ranim_tulip,True,بائع نشيط,5.0,16,100.0%,4,21,ساعة
كتابة وترجمة,https://khamsat.com/writing,محتوى قانوني,https://khamsat.com/writing/law-content,صياغة صحف الدعاوى والمذكرات القضائية,https://khamsat.com/writing/law-content/2370175-%D8%B5%D9%8A%D8%A7%D8%BA%D8%A9-%D8%B5%D8%AD%D9%81-%D8%A7%D9%84%D8%AF%D8%B9%D8%A7%D9%88%D9%89-%D9%88%D8%A7%D9%84%D9%85%D8%B0%D9%83%D8%B1%D8%A7%D8%AA-%D8%A7%D9%84%D9%82%D8%B6%D8%A7%D8%A6%D9%8A%D8%A9,5.0,3,9 ساعات,7,0,$20.00,يوم واحد,3,4,255.0,عبدالرحيم ا.,https://khamsat.com/user/abousouhail,True,بائع مميز,5.0,22,86.08%,3,33,7 ساعات
كتابة وترجمة,https://khamsat.com/writing,محتوى قانوني,https://khamsat.com/writing/law-content,كتابة لوائح الدعوى والمذكرات,https://khamsat.com/writing/law-content/2768457-%D9%83%D8%AA%D8%A7%D8%A8%D8%A9-%D9%84%D9%88%D8%A7%D8%A6%D8%AD-%D8%A7%D9%84%D8%AF%D8%B9%D9%88%D9%89-%D9%88%D8%A7%D9%84%D9%85%D8%B0%D9%83%D8%B1%D8%A7%D8%AA,0.0,0,3 ساعات,3,0,$20.00,يومين,0,2,30.0,عوض ا.,https://khamsat.com/user/a_almorsi,True,بائع نشيط,5.0,3,86.67%,4,8,ساعة
كتابة وترجمة,https://khamsat.com/writing,محتوى قانوني,https://khamsat.com/writing/law-content,كتابة خارطة طريق مكاتب وشركات المحاماة,https://khamsat.com/writing/law-content/1861372-%D9%83%D8%AA%D8%A7%D8%A8%D8%A9-%D8%AE%D8%A7%D8%B1%D8%B7%D8%A9-%D8%B7%D8%B1%D9%8A%D9%82-%D9%85%D9%83%D8%A7%D8%AA%D8%A8-%D9%88%D8%B4%D8%B1%D9%83%D8%A7%D8%AA-%D8%A7%D9%84%D9%85%D8%AD%D8%A7%D9%85%D8%A7%D8%A9,5.0,11,دقيقتين,17,0,$10.00,أربعة أيام,11,5,135.0,زينب ع.,https://khamsat.com/user/what98,True,بائع مميز,5.0,141,96.4%,12,158,ساعتين
كتابة وترجمة,https://khamsat.com/writing,محتوى قانوني,https://khamsat.com/writing/law-content,كتابة مقالات قانونية متخصصة باللغة العربية والانجليزي,https://khamsat.com/writing/law-content/1720834-%D9%83%D8%AA%D8%A7%D8%A8%D8%A9-%D9%85%D9%82%D8%A7%D9%84%D8%A7%D8%AA-%D9%82%D8%A7%D9%86%D9%88%D9%86%D9%8A%D8%A9-%D9%85%D8%AA%D8%AE%D8%B5%D8%B5%D8%A9-%D8%A8%D8%A7%D9%84%D9%84%D8%BA%D8%A9-%D8%A7%D9%84%D8%B9%D8%B1%D8%A8%D9%8A%D8%A9-%D9%88%D8%A7%D9%84%D8%A7%D9%86%D8%AC%D9%84%D9%8A%D8%B2%D9%8A,5.0,15,18 دقيقة,23,0,$10.00,يومين,15,4,170.0,زينب ع.,https://khamsat.com/user/what98,True,بائع مميز,5.0,141,96.4%,12,158,ساعتين
كتابة وترجمة,https://khamsat.com/writing,محتوى قانوني,https://khamsat.com/writing/law-content,كتابة مقالات قانونية حصرية موافقة لمعايير السيو,https://khamsat.com/writing/law-content/2696309-%D9%83%D8%AA%D8%A7%D8%A8%D8%A9-%D9%85%D9%82%D8%A7%D9%84%D8%A7%D8%AA-%D9%82%D8%A7%D9%86%D9%88%D9%86%D9%8A%D8%A9-%D8%AD%D8%B5%D8%B1%D9%8A%D8%A9-%D9%85%D9%88%D8%A7%D9%81%D9%82%D8%A9-%D9%84%D9%85%D8%B9%D8%A7%D9%8A%D9%8A%D8%B1-%D8%A7%D9%84%D8%B3%D9%8A%D9%88,0.0,0,يومين,1,0,$5.00,يومين,0,0,0.0,لبنى ا.,https://khamsat.com/user/lubna_adnan,True,بائع مميز,5.0,54,94.4%,3,68,9 ساعات
كتابة وترجمة,https://khamsat.com/writing,محتوى قانوني,https://khamsat.com/writing/law-content,كتابة بحث قانوني احترافي باللغة العربية والإنكليزية,https://khamsat.com/writing/law-content/2979316-%D9%83%D8%AA%D8%A7%D8%A8%D8%A9-%D8%A8%D8%AD%D8%AB-%D9%82%D8%A7%D9%86%D9%88%D9%86%D9%8A-%D8%A7%D8%AD%D8%AA%D8%B1%D8%A7%D9%81%D9%8A-%D8%A8%D8%A7%D9%84%D9%84%D8%BA%D8%A9-%D8%A7%D9%84%D8%B9%D8%B1%D8%A8%D9%8A%D8%A9-%D9%88%D8%A7%D9%84%D8%A5%D9%86%D9%83%D9%84%D9%8A%D8%B2%D9%8A%D8%A9,0.0,0,لم يحسب,0,0,$5.00,يوم واحد,0,2,15.0,.Hussein S,https://khamsat.com/user/hussein_sabah,True,بائع جديد,0.0,0,لم يحسب بعد,3,0,لم يحسب
كتابة وترجمة,https://khamsat.com/writing,محتوى قانوني,https://khamsat.com/writing/law-content,كتابة خطابات وشكاوي للجهات الرسمية والحكومية,https://khamsat.com/writing/law-content/2374144-%D9%83%D8%AA%D8%A7%D8%A8%D8%A9-%D8%AE%D8%B7%D8%A7%D8%A8%D8%A7%D8%AA-%D9%88%D8%B4%D9%83%D8%A7%D9%88%D9%8A-%D9%84%D9%84%D8%AC%D9%87%D8%A7%D8%AA-%D8%A7%D9%84%D8%B1%D8%B3%D9%85%D9%8A%D8%A9-%D9%88%D8%A7%D9%84%D8%AD%D9%83%D9%88%D9%85%D9%8A%D8%A9,5.0,8,9 ساعات,12,0,$10.00,يوم واحد,8,0,0.0,.Lama M,https://khamsat.com/user/lamamuhd,True,بائع نشيط,5.0,19,90.74%,6,26,ساعتين
كتابة وترجمة,https://khamsat.com/writing,محتوى قانوني,https://khamsat.com/writing/law-content,كتاب تعليقات على أحكام محكمة النقض في مسائل الأراضي ج1,https://khamsat.com/writing/law-content/3039018-%D9%83%D8%AA%D8%A7%D8%A8-%D8%AA%D8%B9%D9%84%D9%8A%D9%82%D8%A7%D8%AA-%D8%B9%D9%84%D9%89-%D8%A3%D8%AD%D9%83%D8%A7%D9%85-%D9%85%D8%AD%D9%83%D9%85%D8%A9-%D8%A7%D9%84%D9%86%D9%82%D8%B6-%D9%81%D9%8A-%D9%85%D8%B3%D8%A7%D8%A6%D9%84-%D8%A7%D9%84%D8%A3%D8%B1%D8%A7%D8%B6%D9%8A-%D8%AC1,0.0,0,لم يحسب,0,0,$10.00,خمسة أيام,0,0,0.0,.Mohamed O,https://khamsat.com/user/law_mohamed93,True,بائع جديد,4.5,3,100.0%,2,6,ساعة
كتابة وترجمة,https://khamsat.com/writing,محتوى قانوني,https://khamsat.com/writing/law-content,إعداد وتحرير بلاغ أو شكوى للإدعاء العام للتضرر من وقوع جريمة,https://khamsat.com/writing/law-content/3034672-%D8%A5%D8%B9%D8%AF%D8%A7%D8%AF-%D9%88%D8%AA%D8%AD%D8%B1%D9%8A%D8%B1-%D8%A8%D9%84%D8%A7%D8%BA-%D8%A3%D9%88-%D8%B4%D9%83%D9%88%D9%89-%D9%84%D9%84%D8%A5%D8%AF%D8%B9%D8%A7%D8%A1-%D8%A7%D9%84%D8%B9%D8%A7%D9%85-%D9%84%D9%84%D8%AA%D8%B6%D8%B1%D8%B1-%D9%85%D9%86-%D9%88%D9%82%D9%88%D8%B9-%D8%AC%D8%B1%D9%8A%D9%85%D8%A9,0.0,0,لم يحسب,0,0,$5.00,يوم واحد,0,1,5.0,طلال ح.,https://khamsat.com/user/talal_14,True,بائع جديد,0.0,0,لم يحسب بعد,4,0,11 دقيقة
كتابة وترجمة,https://khamsat.com/writing,محتوى قانوني,https://khamsat.com/writing/law-content,كتابة مقالات حصرية حول القوانين العربية,https://khamsat.com/writing/law-content/3012247-%D9%83%D8%AA%D8%A7%D8%A8%D8%A9-%D9%85%D9%82%D8%A7%D9%84%D8%A7%D8%AA-%D8%AD%D8%B5%D8%B1%D9%8A%D8%A9-%D8%AD%D9%88%D9%84-%D8%A7%D9%84%D9%82%D9%88%D8%A7%D9%86%D9%8A%D9%86-%D8%A7%D9%84%D8%B9%D8%B1%D8%A8%D9%8A%D8%A9,0.0,0,لم يحسب,0,0,$5.00,يوم واحد,0,0,0.0,هشام م.,https://khamsat.com/user/hishammath10,True,بائع جديد,0.0,0,لم يحسب بعد,2,0,لم يحسب
كتابة وترجمة,https://khamsat.com/writing,محتوى قانوني,https://khamsat.com/writing/law-content,تقديم الاستشارات القانونية,https://khamsat.com/writing/law-content/2846160-%D8%AA%D9%82%D8%AF%D9%8A%D9%85-%D8%A7%D9%84%D8%A7%D8%B3%D8%AA%D8%B4%D8%A7%D8%B1%D8%A7%D8%AA-%D8%A7%D9%84%D9%82%D8%A7%D9%86%D9%88%D9%86%D9%8A%D8%A9,0.0,0,لم يحسب,0,0,$10.00,يوم واحد,0,3,60.0,.Walid S,https://khamsat.com/user/walidsoliman1,True,بائع جديد,5.0,2,100.0%,2,2,يومين
كتابة وترجمة,https://khamsat.com/writing,محتوى قانوني,https://khamsat.com/writing/law-content,non-disclosure-agreement-اتفاقية سرية معلومات,https://khamsat.com/writing/law-content/2860103-non-disclosure-agreement-%D8%A7%D8%AA%D9%81%D8%A7%D9%82%D9%8A%D8%A9-%D8%B3%D8%B1%D9%8A%D8%A9-%D9%85%D8%B9%D9%84%D9%88%D9%85%D8%A7%D8%AA,0.0,0,لم يحسب,0,0,$5.00,يوم واحد,0,1,5.0,.Moustafa H,https://khamsat.com/user/acc_moustafa,True,بائع نشيط,5.0,4,91.67%,5,6,7 ساعات
كتابة وترجمة,https://khamsat.com/writing,محتوى قانوني,https://khamsat.com/writing/law-content,كتابة وصياغة العقود والاتفاقات المدنية والتجارية,https://khamsat.com/writing/law-content/3037927-%D9%83%D8%AA%D8%A7%D8%A8%D8%A9-%D9%88%D8%B5%D9%8A%D8%A7%D8%BA%D8%A9-%D8%A7%D9%84%D8%B9%D9%82%D9%88%D8%AF-%D9%88%D8%A7%D9%84%D8%A7%D8%AA%D9%81%D8%A7%D9%82%D8%A7%D8%AA-%D8%A7%D9%84%D9%85%D8%AF%D9%86%D9%8A%D8%A9-%D9%88%D8%A7%D9%84%D8%AA%D8%AC%D8%A7%D8%B1%D9%8A%D8%A9,0.0,0,لم يحسب,0,0,$5.00,يومين,0,0,0.0,.Elsayed E,https://khamsat.com/user/elsayedelbadrylawer,False,بائع جديد,0.0,0,لم يحسب بعد,2,0,لم يحسب
كتابة وترجمة,https://khamsat.com/writing,محتوى قانوني,https://khamsat.com/writing/law-content,كتابة ابحاث قانونية في مجال القانون المدني والأحوال الشخصية,https://khamsat.com/writing/law-content/3037967-%D9%83%D8%AA%D8%A7%D8%A8%D8%A9-%D8%A7%D8%A8%D8%AD%D8%A7%D8%AB-%D9%82%D8%A7%D9%86%D9%88%D9%86%D9%8A%D8%A9-%D9%81%D9%8A-%D9%85%D8%AC%D8%A7%D9%84-%D8%A7%D9%84%D9%82%D8%A7%D9%86%D9%88%D9%86-%D8%A7%D9%84%D9%85%D8%AF%D9%86%D9%8A-%D9%88%D8%A7%D9%84%D8%A3%D8%AD%D9%88%D8%A7%D9%84-%D8%A7%D9%84%D8%B4%D8%AE%D8%B5%D9%8A%D8%A9,0.0,0,لم يحسب,0,0,$10.00,يومين,0,0,0.0,.Elsayed E,https://khamsat.com/user/elsayedelbadrylawer,False,بائع جديد,0.0,0,لم يحسب بعد,2,0,لم يحسب
كتابة وترجمة,https://khamsat.com/writing,محتوى قانوني,https://khamsat.com/writing/law-content,صياغة كافة أنواع العقود القانونية وفقاً للانظمه القانونية,https://khamsat.com/writing/law-content/3036275-%D8%B5%D9%8A%D8%A7%D8%BA%D8%A9-%D9%83%D8%A7%D9%81%D8%A9-%D8%A3%D9%86%D9%88%D8%A7%D8%B9-%D8%A7%D9%84%D8%B9%D9%82%D9%88%D8%AF-%D8%A7%D9%84%D9%82%D8%A7%D9%86%D9%88%D9%86%D9%8A%D8%A9-%D9%88%D9%81%D9%82%D8%A7-%D9%84%D9%84%D8%A7%D9%86%D8%B8%D9%85%D9%87-%D8%A7%D9%84%D9%82%D8%A7%D9%86%D9%88%D9%86%D9%8A%D8%A9,0.0,0,لم يحسب,0,0,$5.00,يوم واحد,0,1,10.0,طلال ح.,https://khamsat.com/user/talal_14,True,بائع جديد,0.0,0,لم يحسب بعد,4,0,11 دقيقة
كتابة وترجمة,https://khamsat.com/writing,محتوى قانوني,https://khamsat.com/writing/law-content,الاستشارات القانونية في قضايا المنازعات الاسرية و المواريث,https://khamsat.com/writing/law-content/3017396-%D8%A7%D9%84%D8%A7%D8%B3%D8%AA%D8%B4%D8%A7%D8%B1%D8%A7%D8%AA-%D8%A7%D9%84%D9%82%D8%A7%D9%86%D9%88%D9%86%D9%8A%D8%A9-%D9%81%D9%8A-%D9%82%D8%B6%D8%A7%D9%8A%D8%A7-%D8%A7%D9%84%D9%85%D9%86%D8%A7%D8%B2%D8%B9%D8%A7%D8%AA-%D8%A7%D9%84%D8%A7%D8%B3%D8%B1%D9%8A%D8%A9-%D9%88-%D8%A7%D9%84%D9%85%D9%88%D8%A7%D8%B1%D9%8A%D8%AB,0.0,0,لم يحسب,0,0,$5.00,يوم واحد,0,0,0.0,طلال ح.,https://khamsat.com/user/talal_14,True,بائع جديد,0.0,0,لم يحسب بعد,4,0,11 دقيقة
كتابة وترجمة,https://khamsat.com/writing,محتوى قانوني,https://khamsat.com/writing/law-content,مقالات قانونية حصرية وغير منسوخة و متوافقة مع seo,https://khamsat.com/writing/law-content/2986996-%D9%85%D9%82%D8%A7%D9%84%D8%A7%D8%AA-%D9%82%D8%A7%D9%86%D9%88%D9%86%D9%8A%D8%A9-%D8%AD%D8%B5%D8%B1%D9%8A%D8%A9-%D9%88%D8%BA%D9%8A%D8%B1-%D9%85%D9%86%D8%B3%D9%88%D8%AE%D8%A9-%D9%88-%D9%85%D8%AA%D9%88%D8%A7%D9%81%D9%82%D8%A9-%D9%85%D8%B9-seo,0.0,0,لم يحسب,0,0,$5.00,يوم واحد,0,1,5.0,.Mohamad Hadi A,https://khamsat.com/user/mohamadalmoufti,True,بائع جديد,0.0,0,لم يحسب بعد,3,0,لم يحسب
كتابة وترجمة,https://khamsat.com/writing,محتوى قانوني,https://khamsat.com/writing/law-content,إعداد المذكرات واللوائح في أمور التقاضي,https://khamsat.com/writing/law-content/3011691-%D8%A5%D8%B9%D8%AF%D8%A7%D8%AF-%D8%A7%D9%84%D9%85%D8%B0%D9%83%D8%B1%D8%A7%D8%AA-%D9%88%D8%A7%D9%84%D9%84%D9%88%D8%A7%D8%A6%D8%AD-%D9%81%D9%8A-%D8%A3%D9%85%D9%88%D8%B1-%D8%A7%D9%84%D8%AA%D9%82%D8%A7%D8%B6%D9%8A,0.0,0,لم يحسب,0,0,$10.00,يوم واحد,0,5,120.0,احمد خ.,https://khamsat.com/user/ahmed7374,True,بائع جديد,0.0,0,لم يحسب بعد,4,0,لم يحسب
كتابة وترجمة,https://khamsat.com/writing,محتوى طبي وصحي,https://khamsat.com/writing/medical-content,مقالات طبية موثوقة متوافقة مع قواعد السيو باحترافية,https://khamsat.com/writing/medical-content/1809166-%D9%85%D9%82%D8%A7%D9%84%D8%A7%D8%AA-%D8%B7%D8%A8%D9%8A%D8%A9-%D9%85%D9%88%D8%AB%D9%88%D9%82%D8%A9-%D9%85%D8%AA%D9%88%D8%A7%D9%81%D9%82%D8%A9-%D9%85%D8%B9-%D9%82%D9%88%D8%A7%D8%B9%D8%AF-%D8%A7%D9%84%D8%B3%D9%8A%D9%88-%D8%A8%D8%A7%D8%AD%D8%AA%D8%B1%D8%A7%D9%81%D9%8A%D8%A9,4.5,12,يوم,17,1,$5.00,يومين,12,4,55.0,.Sarah M,https://khamsat.com/user/dr_sarah_mahmoud,True,بائع نشيط,4.5,12,96.0%,1,17,يوم
كتابة وترجمة,https://khamsat.com/writing,محتوى طبي وصحي,https://khamsat.com/writing/medical-content,كتابة مقال طبي حصري,https://khamsat.com/writing/medical-content/1940423-%D9%83%D8%AA%D8%A7%D8%A8%D8%A9-%D9%85%D9%82%D8%A7%D9%84-%D8%B7%D8%A8%D9%8A-%D8%AD%D8%B5%D8%B1%D9%8A,4.5,3,يوم,3,0,$5.00,يوم واحد,3,1,45.0,سارة ح.,https://khamsat.com/user/sara1234567890,True,بائع مميز,4.5,36,96.37%,3,48,يوم
كتابة وترجمة,https://khamsat.com/writing,محتوى طبي وصحي,https://khamsat.com/writing/medical-content,كتابة أبحاث طبية بمختلف أنواعها,https://khamsat.com/writing/medical-content/1527664-%D9%83%D8%AA%D8%A7%D8%A8%D8%A9-%D8%A3%D8%A8%D8%AD%D8%A7%D8%AB-%D8%B7%D8%A8%D9%8A%D8%A9-%D8%A8%D9%85%D8%AE%D8%AA%D9%84%D9%81-%D8%A3%D9%86%D9%88%D8%A7%D8%B9%D9%87%D8%A7,5.0,4,4 ساعات,4,0,$10.00,يومين,4,5,65.0,باسل ص.,https://khamsat.com/user/%D8%A8%D8%A7%D8%B3%D9%84-%D8%B5%D9%88%D9%81%D8%A7%D9%86,True,بائع جديد,5.0,5,100.0%,2,5,ساعتين
كتابة وترجمة,https://khamsat.com/writing,محتوى طبي وصحي,https://khamsat.com/writing/medical-content,كتابة مقالات طبية وتمريضية,https://khamsat.com/writing/medical-content/2376948-%D9%83%D8%AA%D8%A7%D8%A8%D8%A9-%D9%85%D9%82%D8%A7%D9%84%D8%A7%D8%AA-%D8%B7%D8%A8%D9%8A%D8%A9-%D9%88%D8%AA%D9%85%D8%B1%D9%8A%D8%B6%D9%8A%D8%A9,5.0,30,ساعة,35,0,$10.00,يومين,25,5,230.0,محمد ا.,https://khamsat.com/user/mohammed8fawaz,True,بائع مميز,5.0,38,96.03%,2,39,ساعة
كتابة وترجمة,https://khamsat.com/writing,محتوى طبي وصحي,https://khamsat.com/writing/medical-content,مقالة إخبارية عن دراسة طبية جديدة,https://khamsat.com/writing/medical-content/2114669-%D9%85%D9%82%D8%A7%D9%84%D8%A9-%D8%A5%D8%AE%D8%A8%D8%A7%D8%B1%D9%8A%D8%A9-%D8%B9%D9%86-%D8%AF%D8%B1%D8%A7%D8%B3%D8%A9-%D8%B7%D8%A8%D9%8A%D8%A9-%D8%AC%D8%AF%D9%8A%D8%AF%D8%A9,3.5,3,ساعة,4,0,$5.00,يوم واحد,3,4,50.0,.Ali S,https://khamsat.com/user/ali8899,True,بائع مميز,5.0,31,91.93%,3,41,ساعة
كتابة وترجمة,https://khamsat.com/writing,محتوى طبي وصحي,https://khamsat.com/writing/medical-content,كتابة مقالات طبية وعلمية (تغذية أو تجميل أو أخرى),https://khamsat.com/writing/medical-content/1998564-%D9%83%D8%AA%D8%A7%D8%A8%D8%A9-%D9%85%D9%82%D8%A7%D9%84%D8%A7%D8%AA-%D8%B7%D8%A8%D9%8A%D8%A9-%D9%88%D8%B9%D9%84%D9%85%D9%8A%D8%A9-%D8%AA%D8%BA%D8%B0%D9%8A%D8%A9-%D8%A3%D9%88-%D8%AA%D8%AC%D9%85%D9%8A%D9%84-%D8%A3%D9%88-%D8%A3%D8%AE%D8%B1%D9%89,5.0,14,58 دقيقة,16,0,$5.00,يوم واحد,14,5,215.0,.Fatma A,https://khamsat.com/user/fatmaawad2010,True,بائع مميز,5.0,24,96.59%,7,23,ساعة
كتابة وترجمة,https://khamsat.com/writing,محتوى طبي وصحي,https://khamsat.com/writing/medical-content,كتابة الأبحاث الطبية ونشرها في المجلات العالمية,https://khamsat.com/writing/medical-content/2866664-%D9%83%D8%AA%D8%A7%D8%A8%D8%A9-%D8%A7%D9%84%D8%A3%D8%A8%D8%AD%D8%A7%D8%AB-%D8%A7%D9%84%D8%B7%D8%A8%D9%8A%D8%A9-%D9%88%D9%86%D8%B4%D8%B1%D9%87%D8%A7-%D9%81%D9%8A-%D8%A7%D9%84%D9%85%D8%AC%D9%84%D8%A7%D8%AA-%D8%A7%D9%84%D8%B9%D8%A7%D9%84%D9%85%D9%8A%D8%A9,5.0,7,5 دقائق,10,1,$25.00,يومين,7,5,390.0,ديلور ش.,https://khamsat.com/user/dilawer_charo7,True,بائع نشيط,5.0,15,88.57%,3,16,3 ساعات
كتابة وترجمة,https://khamsat.com/writing,محتوى طبي وصحي,https://khamsat.com/writing/medical-content,عمل أبحاث طبية بشكل احترافي,https://khamsat.com/writing/medical-content/2114473-%D8%B9%D9%85%D9%84-%D8%A3%D8%A8%D8%AD%D8%A7%D8%AB-%D8%B7%D8%A8%D9%8A%D8%A9-%D8%A8%D8%B4%D9%83%D9%84-%D8%A7%D8%AD%D8%AA%D8%B1%D8%A7%D9%81%D9%8A,4.5,15,16 دقيقة,35,0,$10.00,يوم واحد,15,5,270.0,عبدالله ش.,https://khamsat.com/user/abdullah_sharaf,True,بائع مميز,4.5,23,97.67%,2,52,10 دقائق
كتابة وترجمة,https://khamsat.com/writing,محتوى طبي وصحي,https://khamsat.com/writing/medical-content,كتابة محتوى طبي غير منقول من مصادر طبية موثوقة,https://khamsat.com/writing/medical-content/1805887-%D9%83%D8%AA%D8%A7%D8%A8%D8%A9-%D9%85%D8%AD%D8%AA%D9%88%D9%89-%D8%B7%D8%A8%D9%8A-%D8%BA%D9%8A%D8%B1-%D9%85%D9%86%D9%82%D9%88%D9%84-%D9%85%D9%86-%D9%85%D8%B5%D8%A7%D8%AF%D8%B1-%D8%B7%D8%A8%D9%8A%D8%A9-%D9%85%D9%88%D8%AB%D9%88%D9%82%D8%A9,5.0,8,23 دقيقة,20,0,$10.00,ثلاثة أيام,8,2,15.0,.Esraa N,https://khamsat.com/user/esraa-ashraf2,True,بائع مميز,5.0,12,93.94%,2,24,8 ساعات
كتابة وترجمة,https://khamsat.com/writing,محتوى طبي وصحي,https://khamsat.com/writing/medical-content,كتابة محتوى طبي و عقاري متوافق مع معايير ال SEO,https://khamsat.com/writing/medical-content/1695251-%D9%83%D8%AA%D8%A7%D8%A8%D8%A9-%D9%85%D8%AD%D8%AA%D9%88%D9%89-%D8%B7%D8%A8%D9%8A-%D9%88-%D8%B9%D9%82%D8%A7%D8%B1%D9%8A-%D9%85%D8%AA%D9%88%D8%A7%D9%81%D9%82-%D9%85%D8%B9-%D9%85%D8%B9%D8%A7%D9%8A%D9%8A%D8%B1-%D8%A7%D9%84-seo,5.0,17,9 دقائق,27,0,$10.00,يوم واحد,17,3,160.0,.Ali K,https://khamsat.com/user/alikhozama125,True,بائع مميز,5.0,50,96.03%,5,54,5 ساعات
كتابة وترجمة,https://khamsat.com/writing,محتوى طبي وصحي,https://khamsat.com/writing/medical-content,كتابة محتوى طبي اختصاصي واحترافي مع مراعاة قواعد ال SEO,https://khamsat.com/writing/medical-content/2033003-%D9%83%D8%AA%D8%A7%D8%A8%D8%A9-%D9%85%D8%AD%D8%AA%D9%88%D9%89-%D8%B7%D8%A8%D9%8A-%D8%A7%D8%AE%D8%AA%D8%B5%D8%A7%D8%B5%D9%8A-%D9%88%D8%A7%D8%AD%D8%AA%D8%B1%D8%A7%D9%81%D9%8A-%D9%85%D8%B9-%D9%85%D8%B1%D8%A7%D8%B9%D8%A7%D8%A9-%D9%82%D9%88%D8%A7%D8%B9%D8%AF-%D8%A7%D9%84-seo,5.0,11,17 ساعة,15,0,$10.00,يومين,11,5,200.0,.Ali K,https://khamsat.com/user/alikhozama125,True,بائع مميز,5.0,50,96.03%,5,54,5 ساعات
كتابة وترجمة,https://khamsat.com/writing,محتوى طبي وصحي,https://khamsat.com/writing/medical-content,كتابة مقالات طبية بالعربيه او الانجليزيه,https://khamsat.com/writing/medical-content/2028043-%D9%83%D8%AA%D8%A7%D8%A8%D8%A9-%D9%85%D9%82%D8%A7%D9%84%D8%A7%D8%AA-%D8%B7%D8%A8%D9%8A%D8%A9-%D8%A8%D8%A7%D9%84%D8%B9%D8%B1%D8%A8%D9%8A%D9%87-%D8%A7%D9%88-%D8%A7%D9%84%D8%A7%D9%86%D8%AC%D9%84%D9%8A%D8%B2%D9%8A%D9%87,5.0,6,14 ساعة,10,0,$5.00,يومين,6,3,35.0,.Mahmoud S,https://khamsat.com/user/mahmoudseliem,True,بائع مميز,5.0,25,98.06%,9,37,6 ساعات
كتابة وترجمة,https://khamsat.com/writing,محتوى طبي وصحي,https://khamsat.com/writing/medical-content,كتابة مقال طبي مميز موافق لقواعد ال seo,https://khamsat.com/writing/medical-content/2353989-%D9%83%D8%AA%D8%A7%D8%A8%D8%A9-%D9%85%D9%82%D8%A7%D9%84-%D8%B7%D8%A8%D9%8A-%D9%85%D9%85%D9%8A%D8%B2-%D9%85%D9%88%D8%A7%D9%81%D9%82-%D9%84%D9%82%D9%88%D8%A7%D8%B9%D8%AF-%D8%A7%D9%84-seo,5.0,10,ساعتين,13,0,$5.00,يوم واحد,10,5,75.0,عبدالرحمن و.,https://khamsat.com/user/abdelrhman_waleed,True,بائع مميز,5.0,102,95.43%,6,112,4 ساعات
كتابة وترجمة,https://khamsat.com/writing,محتوى طبي وصحي,https://khamsat.com/writing/medical-content,كتابة محتوى حصري في مجال علم النفس والتحفيز. Eng-Ar,https://khamsat.com/writing/medical-content/2265515-%D9%83%D8%AA%D8%A7%D8%A8%D8%A9-%D9%85%D8%AD%D8%AA%D9%88%D9%89-%D8%AD%D8%B5%D8%B1%D9%8A-%D9%81%D9%8A-%D9%85%D8%AC%D8%A7%D9%84-%D8%B9%D9%84%D9%85-%D8%A7%D9%84%D9%86%D9%81%D8%B3-%D9%88%D8%A7%D9%84%D8%AA%D8%AD%D9%81%D9%8A%D8%B2.-eng-ar,4.5,16,يوم,17,0,$5.00,يوم واحد,16,4,65.0,.Rayan A,https://khamsat.com/user/rayanabdala258,True,بائع مميز,4.5,27,96.15%,2,32,12 ساعة
كتابة وترجمة,https://khamsat.com/writing,محتوى طبي وصحي,https://khamsat.com/writing/medical-content,كتابة المقالات الطبية والأبحاث المتخصصة (متوافر نماذج),https://khamsat.com/writing/medical-content/718379-%D9%83%D8%AA%D8%A7%D8%A8%D8%A9-%D8%A7%D9%84%D9%85%D9%82%D8%A7%D9%84%D8%A7%D8%AA-%D8%A7%D9%84%D8%B7%D8%A8%D9%8A%D8%A9-%D9%88%D8%A7%D9%84%D8%A3%D8%A8%D8%AD%D8%A7%D8%AB-%D8%A7%D9%84%D9%85%D8%AA%D8%AE%D8%B5%D8%B5%D8%A9-%D9%85%D8%AA%D9%88%D8%A7%D9%81%D8%B1-%D9%86%D9%85%D8%A7%D8%B0%D8%AC,5.0,11,6 أيام,16,0,$5.00,أسبوع,11,5,195.0,.Nour Elden T,https://khamsat.com/user/nour-torky,True,بائع مميز,5.0,39,94.76%,3,55,20 ساعة
كتابة وترجمة,https://khamsat.com/writing,محتوى طبي وصحي,https://khamsat.com/writing/medical-content,كتابة مقالات طبية احترافية متوافقة مع محركات البحث SEO,https://khamsat.com/writing/medical-content/2240053-%D9%83%D8%AA%D8%A7%D8%A8%D8%A9-%D9%85%D9%82%D8%A7%D9%84%D8%A7%D8%AA-%D8%B7%D8%A8%D9%8A%D8%A9-%D8%A7%D8%AD%D8%AA%D8%B1%D8%A7%D9%81%D9%8A%D8%A9-%D9%85%D8%AA%D9%88%D8%A7%D9%81%D9%82%D8%A9-%D9%85%D8%B9-%D9%85%D8%AD%D8%B1%D9%83%D8%A7%D8%AA-%D8%A7%D9%84%D8%A8%D8%AD%D8%AB-seo,5.0,3,8 ساعات,5,0,$5.00,يوم واحد,3,4,60.0,.Reham A,https://khamsat.com/user/rehamaysl,True,بائع نشيط,5.0,12,100.0%,3,11,8 ساعات
كتابة وترجمة,https://khamsat.com/writing,محتوى طبي وصحي,https://khamsat.com/writing/medical-content,كتابة مقالات طبية عربي وانجليزي وفقا للSEO,https://khamsat.com/writing/medical-content/2499567-%D9%83%D8%AA%D8%A7%D8%A8%D8%A9-%D9%85%D9%82%D8%A7%D9%84%D8%A7%D8%AA-%D8%B7%D8%A8%D9%8A%D8%A9-%D8%B9%D8%B1%D8%A8%D9%8A-%D9%88%D8%A7%D9%86%D8%AC%D9%84%D9%8A%D8%B2%D9%8A-%D9%88%D9%81%D9%82%D8%A7-%D9%84%D9%84seo,5.0,17,15 دقيقة,20,0,$5.00,يوم واحد,17,4,95.0,عمرو ف.,https://khamsat.com/user/amr26faisal,True,بائع مميز,5.0,46,94.05%,4,52,30 دقيقة
كتابة وترجمة,https://khamsat.com/writing,محتوى طبي وصحي,https://khamsat.com/writing/medical-content,كتابة مقالات طبية,https://khamsat.com/writing/medical-content/747103-%D9%83%D8%AA%D8%A7%D8%A8%D8%A9-%D9%85%D9%82%D8%A7%D9%84%D8%A7%D8%AA-%D8%B7%D8%A8%D9%8A%D8%A9,4.5,65,9 ساعات,93,0,$5.00,يومين,25,5,250.0,.Nourhan M,https://khamsat.com/user/%D9%86%D9%88%D8%B1%D9%87%D8%A7%D9%86-%D9%85%D9%85%D8%AF%D9%88%D8%AD,True,بائع مميز,4.5,75,87.42%,4,103,يوم
كتابة وترجمة,https://khamsat.com/writing,محتوى طبي وصحي,https://khamsat.com/writing/medical-content,كتابة مقالات طبية حصرية متوافقة مع قواعد السيو,https://khamsat.com/writing/medical-content/2530226-%D9%83%D8%AA%D8%A7%D8%A8%D8%A9-%D9%85%D9%82%D8%A7%D9%84%D8%A7%D8%AA-%D8%B7%D8%A8%D9%8A%D8%A9-%D8%AD%D8%B5%D8%B1%D9%8A%D8%A9-%D9%85%D8%AA%D9%88%D8%A7%D9%81%D9%82%D8%A9-%D9%85%D8%B9-%D9%82%D9%88%D8%A7%D8%B9%D8%AF-%D8%A7%D9%84%D8%B3%D9%8A%D9%88,5.0,10,5 ساعات,10,0,$5.00,يوم واحد,10,2,65.0,.Manal S,https://khamsat.com/user/manalsaleh26,True,بائع نشيط,5.0,10,95.83%,4,10,ساعة
كتابة وترجمة,https://khamsat.com/writing,محتوى طبي وصحي,https://khamsat.com/writing/medical-content,كتابة محتوى طبي تخصصي باللغتين العربية والإنكليزية,https://khamsat.com/writing/medical-content/1449493-%D9%83%D8%AA%D8%A7%D8%A8%D8%A9-%D9%85%D8%AD%D8%AA%D9%88%D9%89-%D8%B7%D8%A8%D9%8A-%D8%AA%D8%AE%D8%B5%D8%B5%D9%8A-%D8%A8%D8%A7%D9%84%D9%84%D8%BA%D8%AA%D9%8A%D9%86-%D8%A7%D9%84%D8%B9%D8%B1%D8%A8%D9%8A%D8%A9-%D9%88%D8%A7%D9%84%D8%A5%D9%86%D9%83%D9%84%D9%8A%D8%B2%D9%8A%D8%A9,5.0,5,7 دقائق,6,0,$5.00,يومين,5,5,175.0,آية ق.,https://khamsat.com/user/aya_qouli,True,بائع نشيط,5.0,7,78.18%,3,10,ساعتين
كتابة وترجمة,https://khamsat.com/writing,محتوى طبي وصحي,https://khamsat.com/writing/medical-content,كتابة المقالات الطبية والعلمية والأدبية باللغتين العربية والانكليزية,https://khamsat.com/writing/medical-content/1518975-%D9%83%D8%AA%D8%A7%D8%A8%D8%A9-%D8%A7%D9%84%D9%85%D9%82%D8%A7%D9%84%D8%A7%D8%AA-%D8%A7%D9%84%D8%B7%D8%A8%D9%8A%D8%A9-%D9%88%D8%A7%D9%84%D8%B9%D9%84%D9%85%D9%8A%D8%A9-%D9%88%D8%A7%D9%84%D8%A3%D8%AF%D8%A8%D9%8A%D8%A9-%D8%A8%D8%A7%D9%84%D9%84%D8%BA%D8%AA%D9%8A%D9%86-%D8%A7%D9%84%D8%B9%D8%B1%D8%A8%D9%8A%D8%A9-%D9%88%D8%A7%D9%84%D8%A7%D9%86%D9%83%D9%84%D9%8A%D8%B2%D9%8A%D8%A9,4.5,35,18 ساعة,52,0,$5.00,يومين,25,3,160.0,اسراء ا.,https://khamsat.com/user/israa25,True,بائع مميز,4.5,87,94.35%,3,102,21 ساعة
كتابة وترجمة,https://khamsat.com/writing,محتوى طبي وصحي,https://khamsat.com/writing/medical-content,كتابة محتوى طبي مميز باللغتين العربية والانجليزية,https://khamsat.com/writing/medical-content/2125812-%D9%83%D8%AA%D8%A7%D8%A8%D8%A9-%D9%85%D8%AD%D8%AA%D9%88%D9%89-%D8%B7%D8%A8%D9%8A-%D9%85%D9%85%D9%8A%D8%B2-%D8%A8%D8%A7%D9%84%D9%84%D8%BA%D8%AA%D9%8A%D9%86-%D8%A7%D9%84%D8%B9%D8%B1%D8%A8%D9%8A%D8%A9-%D9%88%D8%A7%D9%84%D8%A7%D9%86%D8%AC%D9%84%D9%8A%D8%B2%D9%8A%D8%A9,5.0,3,55 دقيقة,3,0,$10.00,يوم واحد,3,2,60.0,.Fatma A,https://khamsat.com/user/fatima_ahmed279,True,بائع نشيط,5.0,13,100.0%,4,13,يوم
كتابة وترجمة,https://khamsat.com/writing,محتوى طبي وصحي,https://khamsat.com/writing/medical-content,كتابة محتوى و مقالات طبية متوافقة مع السيو بنسبة100%,https://khamsat.com/writing/medical-content/3022974-%D9%83%D8%AA%D8%A7%D8%A8%D8%A9-%D9%85%D8%AD%D8%AA%D9%88%D9%89-%D9%88-%D9%85%D9%82%D8%A7%D9%84%D8%A7%D8%AA-%D8%B7%D8%A8%D9%8A%D8%A9-%D9%85%D8%AA%D9%88%D8%A7%D9%81%D9%82%D8%A9-%D9%85%D8%B9-%D8%A7%D9%84%D8%B3%D9%8A%D9%88-%D8%A8%D9%86%D8%B3%D8%A8%D8%A9100,0.0,0,ساعة,1,0,$5.00,يوم واحد,0,3,15.0,نورا س.,https://khamsat.com/user/noursalem_92,True,بائع جديد,0.0,0,100.0%,1,1,ساعة
كتابة وترجمة,https://khamsat.com/writing,محتوى طبي وصحي,https://khamsat.com/writing/medical-content,سوف أكتب لك محتوي طبي ومحترف وبالمراجع المعتمد,https://khamsat.com/writing/medical-content/1292949-%D8%B3%D9%88%D9%81-%D8%A3%D9%83%D8%AA%D8%A8-%D9%84%D9%83-%D9%85%D8%AD%D8%AA%D9%88%D9%8A-%D8%B7%D8%A8%D9%8A-%D9%88%D9%85%D8%AD%D8%AA%D8%B1%D9%81-%D9%88%D8%A8%D8%A7%D9%84%D9%85%D8%B1%D8%A7%D8%AC%D8%B9-%D8%A7%D9%84%D9%85%D8%B9%D8%AA%D9%85%D8%AF,5.0,1,ساعة,2,0,$5.00,يوم واحد,1,0,0.0,مازن ص.,https://khamsat.com/user/mazen1971,True,بائع مميز,5.0,19,85.64%,5,17,3 ساعات
كتابة وترجمة,https://khamsat.com/writing,محتوى طبي وصحي,https://khamsat.com/writing/medical-content,كتابة مقالات عن التغذية والأنظمة الغذائية والريجيم,https://khamsat.com/writing/medical-content/517441-%D9%83%D8%AA%D8%A7%D8%A8%D8%A9-%D9%85%D9%82%D8%A7%D9%84%D8%A7%D8%AA-%D8%B9%D9%86-%D8%A7%D9%84%D8%AA%D8%BA%D8%B0%D9%8A%D8%A9-%D9%88%D8%A7%D9%84%D8%A3%D9%86%D8%B8%D9%85%D8%A9-%D8%A7%D9%84%D8%BA%D8%B0%D8%A7%D8%A6%D9%8A%D8%A9-%D9%88%D8%A7%D9%84%D8%B1%D9%8A%D8%AC%D9%8A%D9%85,5.0,65,8 ساعات,90,0,$5.00,ثلاثة أيام,25,5,200.0,.Reham E,https://khamsat.com/user/reham_elnagar,True,بائع مميز,5.0,126,94.6%,5,171,13 ساعة
كتابة وترجمة,https://khamsat.com/writing,محتوى طبي وصحي,https://khamsat.com/writing/medical-content,كتابة مقالات الطبية وغير الطبية,https://khamsat.com/writing/medical-content/2316803-%D9%83%D8%AA%D8%A7%D8%A8%D8%A9-%D9%85%D9%82%D8%A7%D9%84%D8%A7%D8%AA-%D8%A7%D9%84%D8%B7%D8%A8%D9%8A%D8%A9-%D9%88%D8%BA%D9%8A%D8%B1-%D8%A7%D9%84%D8%B7%D8%A8%D9%8A%D8%A9,5.0,5,5 ساعات,6,0,$5.00,يوم واحد,5,1,15.0,.Mohammed A,https://khamsat.com/user/mohammedjayp,True,بائع نشيط,5.0,6,100.0%,2,7,3 ساعات
كتابة وترجمة,https://khamsat.com/writing,محتوى طبي وصحي,https://khamsat.com/writing/medical-content,كتابة محتوى دعم نفسي وتحفيز للذات ونصائح نفسية,https://khamsat.com/writing/medical-content/1767908-%D9%83%D8%AA%D8%A7%D8%A8%D8%A9-%D9%85%D8%AD%D8%AA%D9%88%D9%89-%D8%AF%D8%B9%D9%85-%D9%86%D9%81%D8%B3%D9%8A-%D9%88%D8%AA%D8%AD%D9%81%D9%8A%D8%B2-%D9%84%D9%84%D8%B0%D8%A7%D8%AA-%D9%88%D9%86%D8%B5%D8%A7%D8%A6%D8%AD-%D9%86%D9%81%D8%B3%D9%8A%D8%A9,5.0,5,4 ساعات,6,0,$5.00,يوم واحد,5,2,55.0,.Ayah J,https://khamsat.com/user/ayah_jabri,True,بائع نشيط,5.0,6,78.57%,3,7,9 ساعات
كتابة وترجمة,https://khamsat.com/writing,محتوى طبي وصحي,https://khamsat.com/writing/medical-content,كتابة مقالات طبية تخصصية باللغة العربية,https://khamsat.com/writing/medical-content/1649857-%D9%83%D8%AA%D8%A7%D8%A8%D8%A9-%D9%85%D9%82%D8%A7%D9%84%D8%A7%D8%AA-%D8%B7%D8%A8%D9%8A%D8%A9-%D8%AA%D8%AE%D8%B5%D8%B5%D9%8A%D8%A9-%D8%A8%D8%A7%D9%84%D9%84%D8%BA%D8%A9-%D8%A7%D9%84%D8%B9%D8%B1%D8%A8%D9%8A%D8%A9,5.0,2,17 ساعة,4,0,$10.00,ثلاثة أيام,2,0,0.0,بيان ع.,https://khamsat.com/user/bayan_assi,True,بائع مميز,4.5,85,85.96%,5,104,9 ساعات
كتابة وترجمة,https://khamsat.com/writing,محتوى طبي وصحي,https://khamsat.com/writing/medical-content,كتابة المحتوي الطبي، والعلمي,https://khamsat.com/writing/medical-content/2632353-%D9%83%D8%AA%D8%A7%D8%A8%D8%A9-%D8%A7%D9%84%D9%85%D8%AD%D8%AA%D9%88%D9%8A-%D8%A7%D9%84%D8%B7%D8%A8%D9%8A-%D9%88%D8%A7%D9%84%D8%B9%D9%84%D9%85%D9%8A,4.5,6,ساعتين,8,0,$10.00,يومين,6,3,25.0,.Fayrouz S,https://khamsat.com/user/fayrouz_1_soliman,True,بائع نشيط,4.5,7,100.0%,2,9,ساعة
كتابة وترجمة,https://khamsat.com/writing,محتوى طبي وصحي,https://khamsat.com/writing/medical-content,كتابة محتوى طبى متميز عربى أو إنجليزى,https://khamsat.com/writing/medical-content/1973879-%D9%83%D8%AA%D8%A7%D8%A8%D8%A9-%D9%85%D8%AD%D8%AA%D9%88%D9%89-%D8%B7%D8%A8%D9%89-%D9%85%D8%AA%D9%85%D9%8A%D8%B2-%D8%B9%D8%B1%D8%A8%D9%89-%D8%A3%D9%88-%D8%A5%D9%86%D8%AC%D9%84%D9%8A%D8%B2%D9%89,4.5,6,يومين,11,0,$5.00,ثلاثة أيام,6,4,235.0,.Nour Elden O,https://khamsat.com/user/nour_elden_osama,True,بائع نشيط,4.5,8,100.0%,2,12,يوم
كتابة وترجمة,https://khamsat.com/writing,محتوى ديني وتاريخي,https://khamsat.com/writing/history-religion-content,إعداد بحوث تاريخية تلبي احتياجاتك,https://khamsat.com/writing/history-religion-content/1333420-%D8%A5%D8%B9%D8%AF%D8%A7%D8%AF-%D8%A8%D8%AD%D9%88%D8%AB-%D8%AA%D8%A7%D8%B1%D9%8A%D8%AE%D9%8A%D8%A9-%D8%AA%D9%84%D8%A8%D9%8A-%D8%A7%D8%AD%D8%AA%D9%8A%D8%A7%D8%AC%D8%A7%D8%AA%D9%83,4.5,6,25 دقيقة,7,0,$5.00,يومين,6,4,130.0,أحمد م.,https://khamsat.com/user/ahmedmukhtargouda,True,بائع مميز,5.0,31,97.53%,6,26,3 ساعات
كتابة وترجمة,https://khamsat.com/writing,محتوى ديني وتاريخي,https://khamsat.com/writing/history-religion-content,مقالات في الشريعة الإسلامية,https://khamsat.com/writing/history-religion-content/1423109-%D9%85%D9%82%D8%A7%D9%84%D8%A7%D8%AA-%D9%81%D9%8A-%D8%A7%D9%84%D8%B4%D8%B1%D9%8A%D8%B9%D8%A9-%D8%A7%D9%84%D8%A5%D8%B3%D9%84%D8%A7%D9%85%D9%8A%D8%A9,5.0,7,3 ساعات,11,0,$5.00,يوم واحد,7,4,165.0,.Somaya M,https://khamsat.com/user/somaya_mahmoud,True,بائع مميز,5.0,7,98.11%,1,11,3 ساعات
كتابة وترجمة,https://khamsat.com/writing,محتوى ديني وتاريخي,https://khamsat.com/writing/history-religion-content,كتابة محتوى ديني وتاريخي للمواقع واليوتيوب,https://khamsat.com/writing/history-religion-content/2878929-%D9%83%D8%AA%D8%A7%D8%A8%D8%A9-%D9%85%D8%AD%D8%AA%D9%88%D9%89-%D8%AF%D9%8A%D9%86%D9%8A-%D9%88%D8%AA%D8%A7%D8%B1%D9%8A%D8%AE%D9%8A-%D9%84%D9%84%D9%85%D9%88%D8%A7%D9%82%D8%B9-%D9%88%D8%A7%D9%84%D9%8A%D9%88%D8%AA%D9%8A%D9%88%D8%A8,5.0,1,لم يحسب,1,0,$5.00,يومين,1,3,30.0,محمد ع.,https://khamsat.com/user/muhmdd,False,بائع مميز,5.0,102,95.38%,13,114,7 ساعات
كتابة وترجمة,https://khamsat.com/writing,محتوى ديني وتاريخي,https://khamsat.com/writing/history-religion-content,كتابة مقالات دينية سهلة في كل الفروع حصرية,https://khamsat.com/writing/history-religion-content/1264136-%D9%83%D8%AA%D8%A7%D8%A8%D8%A9-%D9%85%D9%82%D8%A7%D9%84%D8%A7%D8%AA-%D8%AF%D9%8A%D9%86%D9%8A%D8%A9-%D8%B3%D9%87%D9%84%D8%A9-%D9%81%D9%8A-%D9%83%D9%84-%D8%A7%D9%84%D9%81%D8%B1%D9%88%D8%B9-%D8%AD%D8%B5%D8%B1%D9%8A%D8%A9,5.0,7,ساعة,14,0,$5.00,يوم واحد,7,0,0.0,نبيل أ.,https://khamsat.com/user/nabilabozaid85,True,بائع مميز,5.0,40,89.49%,7,65,9 ساعات
كتابة وترجمة,https://khamsat.com/writing,محتوى ديني وتاريخي,https://khamsat.com/writing/history-religion-content,كتابة مقالات وأبحاث دينية واجتماعية خمس صفحات,https://khamsat.com/writing/history-religion-content/781512-%D9%83%D8%AA%D8%A7%D8%A8%D8%A9-%D9%85%D9%82%D8%A7%D9%84%D8%A7%D8%AA-%D9%88%D8%A3%D8%A8%D8%AD%D8%A7%D8%AB-%D8%AF%D9%8A%D9%86%D9%8A%D8%A9-%D9%88%D8%A7%D8%AC%D8%AA%D9%85%D8%A7%D8%B9%D9%8A%D8%A9-%D8%AE%D9%85%D8%B3-%D8%B5%D9%81%D8%AD%D8%A7%D8%AA,4.5,25,ساعة,27,1,$5.00,ثلاثة أيام,25,1,15.0,.Nada G,https://khamsat.com/user/%D9%86%D8%AF%D8%A7-%D8%BA%D8%B1%D8%A7%D8%A8,True,بائع مميز,4.5,25,85.66%,2,27,ساعة
كتابة وترجمة,https://khamsat.com/writing,محتوى ديني وتاريخي,https://khamsat.com/writing/history-religion-content,كتابة مقالات تاريخية,https://khamsat.com/writing/history-religion-content/1152866-%D9%83%D8%AA%D8%A7%D8%A8%D8%A9-%D9%85%D9%82%D8%A7%D9%84%D8%A7%D8%AA-%D8%AA%D8%A7%D8%B1%D9%8A%D8%AE%D9%8A%D8%A9,5.0,10,19 ساعة,14,0,$5.00,أسبوع,10,1,25.0,.Khalissa D,https://khamsat.com/user/khalissa_15,True,بائع مميز,4.5,22,90.18%,4,33,7 ساعات
كتابة وترجمة,https://khamsat.com/writing,محتوى ديني وتاريخي,https://khamsat.com/writing/history-religion-content,كتابة الابحاث الدينية والشرعية,https://khamsat.com/writing/history-religion-content/2846107-%D9%83%D8%AA%D8%A7%D8%A8%D8%A9-%D8%A7%D9%84%D8%A7%D8%A8%D8%AD%D8%A7%D8%AB-%D8%A7%D9%84%D8%AF%D9%8A%D9%86%D9%8A%D8%A9-%D9%88%D8%A7%D9%84%D8%B4%D8%B1%D8%B9%D9%8A%D8%A9,5.0,1,أقل من دقيقة,1,0,$5.00,خمسة أيام,1,1,20.0,مختار ل.,https://khamsat.com/user/mokhtaralesy,True,بائع جديد,5.0,2,90.0%,2,2,6 دقائق
كتابة وترجمة,https://khamsat.com/writing,محتوى ديني وتاريخي,https://khamsat.com/writing/history-religion-content,مقالات تاريخية واسلاميه مشوقة,https://khamsat.com/writing/history-religion-content/709061-%D9%85%D9%82%D8%A7%D9%84%D8%A7%D8%AA-%D8%AA%D8%A7%D8%B1%D9%8A%D8%AE%D9%8A%D8%A9-%D9%88%D8%A7%D8%B3%D9%84%D8%A7%D9%85%D9%8A%D9%87-%D9%85%D8%B4%D9%88%D9%82%D8%A9,4.0,3,ساعة,3,1,$5.00,يوم واحد,3,1,50.0,.Mohamed E,https://khamsat.com/user/dr-mohamed-ehab,True,بائع مميز,4.0,25,96.54%,3,28,يومين
كتابة وترجمة,https://khamsat.com/writing,محتوى ديني وتاريخي,https://khamsat.com/writing/history-religion-content,كتابة وإعداد أبحاث أكاديمية في مجال التاريخ,https://khamsat.com/writing/history-religion-content/3006907-%D9%83%D8%AA%D8%A7%D8%A8%D8%A9-%D9%88%D8%A5%D8%B9%D8%AF%D8%A7%D8%AF-%D8%A3%D8%A8%D8%AD%D8%A7%D8%AB-%D8%A3%D9%83%D8%A7%D8%AF%D9%8A%D9%85%D9%8A%D8%A9-%D9%81%D9%8A-%D9%85%D8%AC%D8%A7%D9%84-%D8%A7%D9%84%D8%AA%D8%A7%D8%B1%D9%8A%D8%AE,0.0,0,لم يحسب,0,0,$5.00,ثلاثة أيام,0,3,35.0,.Youssef S,https://khamsat.com/user/y_sh,True,بائع جديد,0.0,0,لم يحسب بعد,1,0,لم يحسب
كتابة وترجمة,https://khamsat.com/writing,محتوى ديني وتاريخي,https://khamsat.com/writing/history-religion-content,كتابة مقالات يوتيوب، دينية تربوية علمية,https://khamsat.com/writing/history-religion-content/1107921-%D9%83%D8%AA%D8%A7%D8%A8%D8%A9-%D9%85%D9%82%D8%A7%D9%84%D8%A7%D8%AA-%D9%8A%D9%88%D8%AA%D9%8A%D9%88%D8%A8-%D8%AF%D9%8A%D9%86%D9%8A%D8%A9-%D8%AA%D8%B1%D8%A8%D9%88%D9%8A%D8%A9-%D8%B9%D9%84%D9%85%D9%8A%D8%A9,4.5,12,28 دقيقة,12,0,$5.00,يوم واحد,12,4,145.0,سناء ا.,https://khamsat.com/user/sanazery109,True,بائع نشيط,4.5,22,75.86%,4,20,8 ساعات
كتابة وترجمة,https://khamsat.com/writing,محتوى ديني وتاريخي,https://khamsat.com/writing/history-religion-content,كتابة مقالات حصرية ومحترفة متوافقة مع SEO زيادة تفاعل جمهور,https://khamsat.com/writing/history-religion-content/3009862-%D9%83%D8%AA%D8%A7%D8%A8%D8%A9-%D9%85%D9%82%D8%A7%D9%84%D8%A7%D8%AA-%D8%AD%D8%B5%D8%B1%D9%8A%D8%A9-%D9%88%D9%85%D8%AD%D8%AA%D8%B1%D9%81%D8%A9-%D9%85%D8%AA%D9%88%D8%A7%D9%81%D9%82%D8%A9-%D9%85%D8%B9-seo-%D8%B2%D9%8A%D8%A7%D8%AF%D8%A9-%D8%AA%D9%81%D8%A7%D8%B9%D9%84-%D8%AC%D9%85%D9%87%D9%88%D8%B1,0.0,0,لم يحسب,0,0,$5.00,يوم واحد,0,0,0.0,سيد ع.,https://khamsat.com/user/ali_54a,True,بائع جديد,0.0,0,لم يحسب بعد,3,0,لم يحسب
كتابة وترجمة,https://khamsat.com/writing,محتوى ديني وتاريخي,https://khamsat.com/writing/history-religion-content,كتابة وتنسيق الأبحاث والمقالات التاريخية والدينية,https://khamsat.com/writing/history-religion-content/3034920-%D9%83%D8%AA%D8%A7%D8%A8%D8%A9-%D9%88%D8%AA%D9%86%D8%B3%D9%8A%D9%82-%D8%A7%D9%84%D8%A3%D8%A8%D8%AD%D8%A7%D8%AB-%D9%88%D8%A7%D9%84%D9%85%D9%82%D8%A7%D9%84%D8%A7%D8%AA-%D8%A7%D9%84%D8%AA%D8%A7%D8%B1%D9%8A%D8%AE%D9%8A%D8%A9-%D9%88%D8%A7%D9%84%D8%AF%D9%8A%D9%86%D9%8A%D8%A9,0.0,0,لم يحسب,0,0,$5.00,يومين,0,0,0.0,.Ahmed M,https://khamsat.com/user/joe_122,True,بائع جديد,0.0,0,لم يحسب بعد,1,0,لم يحسب
كتابة وترجمة,https://khamsat.com/writing,محتوى ديني وتاريخي,https://khamsat.com/writing/history-religion-content,كاتب مقالات باللغة العربية,https://khamsat.com/writing/history-religion-content/2983389-%D9%83%D8%A7%D8%AA%D8%A8-%D9%85%D9%82%D8%A7%D9%84%D8%A7%D8%AA-%D8%A8%D8%A7%D9%84%D9%84%D8%BA%D8%A9-%D8%A7%D9%84%D8%B9%D8%B1%D8%A8%D9%8A%D8%A9,0.0,0,لم يحسب,0,0,$5.00,يومين,0,3,40.0,هيثم ح.,https://khamsat.com/user/hais123_am,True,بائع جديد,0.0,0,لم يحسب بعد,2,0,لم يحسب
كتابة وترجمة,https://khamsat.com/writing,محتوى ديني وتاريخي,https://khamsat.com/writing/history-religion-content,مقالات شرعية وإسلامية حصرية ومتخصصة,https://khamsat.com/writing/history-religion-content/2707409-%D9%85%D9%82%D8%A7%D9%84%D8%A7%D8%AA-%D8%B4%D8%B1%D8%B9%D9%8A%D8%A9-%D9%88%D8%A5%D8%B3%D9%84%D8%A7%D9%85%D9%8A%D8%A9-%D8%AD%D8%B5%D8%B1%D9%8A%D8%A9-%D9%88%D9%85%D8%AA%D8%AE%D8%B5%D8%B5%D8%A9,0.0,0,لم يحسب,0,0,$5.00,يوم واحد,0,1,25.0,رجاء ح.,https://khamsat.com/user/ragaahassan,False,بائع جديد,0.0,0,0.0%,4,0,يوم
كتابة وترجمة,https://khamsat.com/writing,محتوى ديني وتاريخي,https://khamsat.com/writing/history-religion-content,كتابة قصص تاريخية ومحتوى ديني,https://khamsat.com/writing/history-religion-content/2911479-%D9%83%D8%AA%D8%A7%D8%A8%D8%A9-%D9%82%D8%B5%D8%B5-%D8%AA%D8%A7%D8%B1%D9%8A%D8%AE%D9%8A%D8%A9-%D9%88%D9%85%D8%AD%D8%AA%D9%88%D9%89-%D8%AF%D9%8A%D9%86%D9%8A,0.0,0,لم يحسب,0,0,$5.00,ثلاثة أيام,0,0,0.0,.Mahmod K,https://khamsat.com/user/mahmoodomaer31,False,بائع جديد,0.0,0,لم يحسب بعد,1,0,لم يحسب
كتابة وترجمة,https://khamsat.com/writing,محتوى ديني وتاريخي,https://khamsat.com/writing/history-religion-content,كتابة محتوى في الفقه الإسلامي,https://khamsat.com/writing/history-religion-content/2883659-%D9%83%D8%AA%D8%A7%D8%A8%D8%A9-%D9%85%D8%AD%D8%AA%D9%88%D9%89-%D9%81%D9%8A-%D8%A7%D9%84%D9%81%D9%82%D9%87-%D8%A7%D9%84%D8%A5%D8%B3%D9%84%D8%A7%D9%85%D9%8A,0.0,0,لم يحسب,0,0,$5.00,ثلاثة أيام,0,3,45.0,خالد ا.,https://khamsat.com/user/khaledalyousifi,True,بائع جديد,0.0,0,لم يحسب بعد,2,0,لم يحسب
كتابة وترجمة,https://khamsat.com/writing,محتوى ديني وتاريخي,https://khamsat.com/writing/history-religion-content,عمل جميع الابحاث الدينية والتاريخية,https://khamsat.com/writing/history-religion-content/2912501-%D8%B9%D9%85%D9%84-%D8%AC%D9%85%D9%8A%D8%B9-%D8%A7%D9%84%D8%A7%D8%A8%D8%AD%D8%A7%D8%AB-%D8%A7%D9%84%D8%AF%D9%8A%D9%86%D9%8A%D8%A9-%D9%88%D8%A7%D9%84%D8%AA%D8%A7%D8%B1%D9%8A%D8%AE%D9%8A%D8%A9,0.0,0,لم يحسب,0,0,$5.00,ثلاثة أيام,0,0,0.0,.Bassant T,https://khamsat.com/user/bassantzayed,True,بائع جديد,0.0,0,لم يحسب بعد,1,0,لم يحسب
كتابة وترجمة,https://khamsat.com/writing,محتوى ديني وتاريخي,https://khamsat.com/writing/history-religion-content,كتابة الآيات القرآنية بالرسم العثماني,https://khamsat.com/writing/history-religion-content/2916345-%D9%83%D8%AA%D8%A7%D8%A8%D8%A9-%D8%A7%D9%84%D8%A2%D9%8A%D8%A7%D8%AA-%D8%A7%D9%84%D9%82%D8%B1%D8%A2%D9%86%D9%8A%D8%A9-%D8%A8%D8%A7%D9%84%D8%B1%D8%B3%D9%85-%D8%A7%D9%84%D8%B9%D8%AB%D9%85%D8%A7%D9%86%D9%8A,0.0,0,لم يحسب,0,0,$5.00,يوم واحد,0,0,0.0,علي ي.,https://khamsat.com/user/gomma1981,True,بائع جديد,0.0,2,100.0%,4,2,13 ساعة
كتابة وترجمة,https://khamsat.com/writing,محتوى ديني وتاريخي,https://khamsat.com/writing/history-religion-content,رقائق دينية تدبر في الكتاب و السنة,https://khamsat.com/writing/history-religion-content/3023575-%D8%B1%D9%82%D8%A7%D8%A6%D9%82-%D8%AF%D9%8A%D9%86%D9%8A%D8%A9-%D8%AA%D8%AF%D8%A8%D8%B1-%D9%81%D9%8A-%D8%A7%D9%84%D9%83%D8%AA%D8%A7%D8%A8-%D9%88-%D8%A7%D9%84%D8%B3%D9%86%D8%A9,0.0,0,لم يحسب,0,0,$5.00,يوم واحد,0,0,0.0,محمد ا.,https://khamsat.com/user/mhkarrar,True,بائع جديد,0.0,0,لم يحسب بعد,5,0,لم يحسب
كتابة وترجمة,https://khamsat.com/writing,محتوى ديني وتاريخي,https://khamsat.com/writing/history-religion-content,مقالات تاريخية لاي حدث ونصوص دينية علمية,https://khamsat.com/writing/history-religion-content/2925648-%D9%85%D9%82%D8%A7%D9%84%D8%A7%D8%AA-%D8%AA%D8%A7%D8%B1%D9%8A%D8%AE%D9%8A%D8%A9-%D9%84%D8%A7%D9%8A-%D8%AD%D8%AF%D8%AB-%D9%88%D9%86%D8%B5%D9%88%D8%B5-%D8%AF%D9%8A%D9%86%D9%8A%D8%A9-%D8%B9%D9%84%D9%85%D9%8A%D8%A9,0.0,0,لم يحسب,0,0,$5.00,يوم واحد,0,1,35.0,.محمد A,https://khamsat.com/user/moalokla1911,False,بائع جديد,0.0,0,لم يحسب بعد,4,0,لم يحسب
كتابة وترجمة,https://khamsat.com/writing,محتوى ديني وتاريخي,https://khamsat.com/writing/history-religion-content,كتاب محتوي ديني و تاريخي اكاديمي بالغه العربيه والانجليزيه,https://khamsat.com/writing/history-religion-content/2868065-%D9%83%D8%AA%D8%A7%D8%A8-%D9%85%D8%AD%D8%AA%D9%88%D9%8A-%D8%AF%D9%8A%D9%86%D9%8A-%D9%88-%D8%AA%D8%A7%D8%B1%D9%8A%D8%AE%D9%8A-%D8%A7%D9%83%D8%A7%D8%AF%D9%8A%D9%85%D9%8A-%D8%A8%D8%A7%D9%84%D8%BA%D9%87-%D8%A7%D9%84%D8%B9%D8%B1%D8%A8%D9%8A%D9%87-%D9%88%D8%A7%D9%84%D8%A7%D9%86%D8%AC%D9%84%D9%8A%D8%B2%D9%8A%D9%87,0.0,0,لم يحسب,0,0,$10.00,يوم واحد,0,1,5.0,.Mohamed H,https://khamsat.com/user/mo0hany,False,بائع جديد,0.0,0,لم يحسب بعد,2,0,لم يحسب
كتابة وترجمة,https://khamsat.com/writing,محتوى ديني وتاريخي,https://khamsat.com/writing/history-religion-content,كتابة المقالات باللغة العربية الفصحى محتوى ديني,https://khamsat.com/writing/history-religion-content/2907898-%D9%83%D8%AA%D8%A7%D8%A8%D8%A9-%D8%A7%D9%84%D9%85%D9%82%D8%A7%D9%84%D8%A7%D8%AA-%D8%A8%D8%A7%D9%84%D9%84%D8%BA%D8%A9-%D8%A7%D9%84%D8%B9%D8%B1%D8%A8%D9%8A%D8%A9-%D8%A7%D9%84%D9%81%D8%B5%D8%AD%D9%89-%D9%85%D8%AD%D8%AA%D9%88%D9%89-%D8%AF%D9%8A%D9%86%D9%8A,0.0,0,لم يحسب,0,0,$5.00,يومين,0,0,0.0,أنس ا.,https://khamsat.com/user/anasselgeurraf,True,بائع جديد,0.0,0,لم يحسب بعد,1,0,لم يحسب
كتابة وترجمة,https://khamsat.com/writing,محتوى ديني وتاريخي,https://khamsat.com/writing/history-religion-content,كتابة مقالات دينية وتاريخية اسلامية بأسلوب سهل ومصادر موثوقة,https://khamsat.com/writing/history-religion-content/2999880-%D9%83%D8%AA%D8%A7%D8%A8%D8%A9-%D9%85%D9%82%D8%A7%D9%84%D8%A7%D8%AA-%D8%AF%D9%8A%D9%86%D9%8A%D8%A9-%D9%88%D8%AA%D8%A7%D8%B1%D9%8A%D8%AE%D9%8A%D8%A9-%D8%A7%D8%B3%D9%84%D8%A7%D9%85%D9%8A%D8%A9-%D8%A8%D8%A3%D8%B3%D9%84%D9%88%D8%A8-%D8%B3%D9%87%D9%84-%D9%88%D9%85%D8%B5%D8%A7%D8%AF%D8%B1-%D9%85%D9%88%D8%AB%D9%88%D9%82%D8%A9,0.0,0,لم يحسب,0,0,$5.00,يومين,0,0,0.0,.Eslam G,https://khamsat.com/user/ga3far22,False,بائع جديد,0.0,0,لم يحسب بعد,4,0,لم يحسب
كتابة وترجمة,https://khamsat.com/writing,محتوى ديني وتاريخي,https://khamsat.com/writing/history-religion-content,كتابة مقالات طبية بصورة سهلة وبسيطة تسهل الفهم,https://khamsat.com/writing/history-religion-content/2957938-%D9%83%D8%AA%D8%A7%D8%A8%D8%A9-%D9%85%D9%82%D8%A7%D9%84%D8%A7%D8%AA-%D8%B7%D8%A8%D9%8A%D8%A9-%D8%A8%D8%B5%D9%88%D8%B1%D8%A9-%D8%B3%D9%87%D9%84%D8%A9-%D9%88%D8%A8%D8%B3%D9%8A%D8%B7%D8%A9-%D8%AA%D8%B3%D9%87%D9%84-%D8%A7%D9%84%D9%81%D9%87%D9%85,0.0,0,لم يحسب,0,0,$10.00,يوم واحد,0,0,0.0,.Abo M,https://khamsat.com/user/abo_mehnna_2003,False,بائع جديد,0.0,0,لم يحسب بعد,1,0,لم يحسب
كتابة وترجمة,https://khamsat.com/writing,محتوى ديني وتاريخي,https://khamsat.com/writing/history-religion-content,كتابة أبحاث تاريخية و دينية,https://khamsat.com/writing/history-religion-content/2987572-%D9%83%D8%AA%D8%A7%D8%A8%D8%A9-%D8%A3%D8%A8%D8%AD%D8%A7%D8%AB-%D8%AA%D8%A7%D8%B1%D9%8A%D8%AE%D9%8A%D8%A9-%D9%88-%D8%AF%D9%8A%D9%86%D9%8A%D8%A9,0.0,0,لم يحسب,0,0,$5.00,يوم واحد,0,3,115.0,احمد ا.,https://khamsat.com/user/mkkh_1988,False,بائع جديد,0.0,0,لم يحسب بعد,2,0,لم يحسب
كتابة وترجمة,https://khamsat.com/writing,محتوى ديني وتاريخي,https://khamsat.com/writing/history-religion-content,كتابة المقالات الدينية والتاريخية ذات المحتوى التربوي,https://khamsat.com/writing/history-religion-content/2860189-%D9%83%D8%AA%D8%A7%D8%A8%D8%A9-%D8%A7%D9%84%D9%85%D9%82%D8%A7%D9%84%D8%A7%D8%AA-%D8%A7%D9%84%D8%AF%D9%8A%D9%86%D9%8A%D8%A9-%D9%88%D8%A7%D9%84%D8%AA%D8%A7%D8%B1%D9%8A%D8%AE%D9%8A%D8%A9-%D8%B0%D8%A7%D8%AA-%D8%A7%D9%84%D9%85%D8%AD%D8%AA%D9%88%D9%89-%D8%A7%D9%84%D8%AA%D8%B1%D8%A8%D9%88%D9%8A,0.0,0,لم يحسب,0,0,$10.00,يومين,0,0,0.0,.Salah S,https://khamsat.com/user/salahshaban_40,True,بائع جديد,0.0,0,لم يحسب بعد,5,0,لم يحسب
كتابة وترجمة,https://khamsat.com/writing,محتوى ديني وتاريخي,https://khamsat.com/writing/history-religion-content,كتابة ابحاث وتفسيرات دينبة لاسفار العهد القديم والجديد,https://khamsat.com/writing/history-religion-content/2739149-%D9%83%D8%AA%D8%A7%D8%A8%D8%A9-%D8%A7%D8%A8%D8%AD%D8%A7%D8%AB-%D9%88%D8%AA%D9%81%D8%B3%D9%8A%D8%B1%D8%A7%D8%AA-%D8%AF%D9%8A%D9%86%D8%A8%D8%A9-%D9%84%D8%A7%D8%B3%D9%81%D8%A7%D8%B1-%D8%A7%D9%84%D8%B9%D9%87%D8%AF-%D8%A7%D9%84%D9%82%D8%AF%D9%8A%D9%85-%D9%88%D8%A7%D9%84%D8%AC%D8%AF%D9%8A%D8%AF,0.0,0,لم يحسب,0,0,$5.00,يوم واحد,0,4,65.0,هاني ج.,https://khamsat.com/user/hanygb,True,بائع جديد,0.0,0,لم يحسب بعد,3,0,لم يحسب
كتابة وترجمة,https://khamsat.com/writing,محتوى ديني وتاريخي,https://khamsat.com/writing/history-religion-content,حياة النبي قبل بعثته و العالم من قبله,https://khamsat.com/writing/history-religion-content/2920885-%D8%AD%D9%8A%D8%A7%D8%A9-%D8%A7%D9%84%D9%86%D8%A8%D9%8A-%D9%82%D8%A8%D9%84-%D8%A8%D8%B9%D8%AB%D8%AA%D9%87-%D9%88-%D8%A7%D9%84%D8%B9%D8%A7%D9%84%D9%85-%D9%85%D9%86-%D9%82%D8%A8%D9%84%D9%87,0.0,0,لم يحسب,0,0,$5.00,ثلاثة أيام,0,0,0.0,.Ibrahim W,https://khamsat.com/user/ibrahim_waleed_m,False,بائع جديد,0.0,0,لم يحسب بعد,1,0,لم يحسب
كتابة وترجمة,https://khamsat.com/writing,محتوى ديني وتاريخي,https://khamsat.com/writing/history-religion-content,كتابة محتوى تاريخي يرفع قيمة قناتك,https://khamsat.com/writing/history-religion-content/2960247-%D9%83%D8%AA%D8%A7%D8%A8%D8%A9-%D9%85%D8%AD%D8%AA%D9%88%D9%89-%D8%AA%D8%A7%D8%B1%D9%8A%D8%AE%D9%8A-%D9%8A%D8%B1%D9%81%D8%B9-%D9%82%D9%8A%D9%85%D8%A9-%D9%82%D9%86%D8%A7%D8%AA%D9%83,0.0,0,لم يحسب,0,0,$5.00,يومين,0,3,30.0,أحمد م.,https://khamsat.com/user/ahmedmukhtargouda,True,بائع مميز,5.0,31,97.53%,6,26,3 ساعات
كتابة وترجمة,https://khamsat.com/writing,محتوى ديني وتاريخي,https://khamsat.com/writing/history-religion-content,كتابة خطب و كلمات للمحافل و التجمعات و المؤتمرات,https://khamsat.com/writing/history-religion-content/1927677-%D9%83%D8%AA%D8%A7%D8%A8%D8%A9-%D8%AE%D8%B7%D8%A8-%D9%88-%D9%83%D9%84%D9%85%D8%A7%D8%AA-%D9%84%D9%84%D9%85%D8%AD%D8%A7%D9%81%D9%84-%D9%88-%D8%A7%D9%84%D8%AA%D8%AC%D9%85%D8%B9%D8%A7%D8%AA-%D9%88-%D8%A7%D9%84%D9%85%D8%A4%D8%AA%D9%85%D8%B1%D8%A7%D8%AA,0.0,0,لم يحسب,0,0,$5.00,يوم واحد,0,0,0.0,.Mohamed Y,https://khamsat.com/user/mohamed_bn_yaseen,False,بائع جديد,0.0,0,0.0%,5,0,لم يحسب
كتابة وترجمة,https://khamsat.com/writing,محتوى مالي واقتصادي,https://khamsat.com/writing/economic-content,كتابة المقالات والبحوث في المجال الاقتصادي والمالي,https://khamsat.com/writing/economic-content/2045727-%D9%83%D8%AA%D8%A7%D8%A8%D8%A9-%D8%A7%D9%84%D9%85%D9%82%D8%A7%D9%84%D8%A7%D8%AA-%D9%88%D8%A7%D9%84%D8%A8%D8%AD%D9%88%D8%AB-%D9%81%D9%8A-%D8%A7%D9%84%D9%85%D8%AC%D8%A7%D9%84-%D8%A7%D9%84%D8%A7%D9%82%D8%AA%D8%B5%D8%A7%D8%AF%D9%8A-%D9%88%D8%A7%D9%84%D9%85%D8%A7%D9%84%D9%8A,4.5,12,44 دقيقة,18,0,$20.00,يومين,12,1,40.0,احمد إ.,https://khamsat.com/user/ahmad072,True,بائع مميز,4.5,117,94.31%,8,167,ساعتين
كتابة وترجمة,https://khamsat.com/writing,محتوى مالي واقتصادي,https://khamsat.com/writing/economic-content,كتابة مقالات وأبحاث عن الاقتصاد الإسلامي,https://khamsat.com/writing/economic-content/1913764-%D9%83%D8%AA%D8%A7%D8%A8%D8%A9-%D9%85%D9%82%D8%A7%D9%84%D8%A7%D8%AA-%D9%88%D8%A3%D8%A8%D8%AD%D8%A7%D8%AB-%D8%B9%D9%86-%D8%A7%D9%84%D8%A7%D9%82%D8%AA%D8%B5%D8%A7%D8%AF-%D8%A7%D9%84%D8%A5%D8%B3%D9%84%D8%A7%D9%85%D9%8A,4.5,9,أقل من دقيقة,10,0,$5.00,يومين,9,3,15.0,محمد ا.,https://khamsat.com/user/mohamad_alshikhbakr,True,بائع نشيط,4.5,10,79.31%,2,11,18 دقيقة
كتابة وترجمة,https://khamsat.com/writing,محتوى مالي واقتصادي,https://khamsat.com/writing/economic-content,كتابة مقالات مالية وإدارية متخصصة,https://khamsat.com/writing/economic-content/2353942-%D9%83%D8%AA%D8%A7%D8%A8%D8%A9-%D9%85%D9%82%D8%A7%D9%84%D8%A7%D8%AA-%D9%85%D8%A7%D9%84%D9%8A%D8%A9-%D9%88%D8%A5%D8%AF%D8%A7%D8%B1%D9%8A%D8%A9-%D9%85%D8%AA%D8%AE%D8%B5%D8%B5%D8%A9,4.5,12,ساعة,16,1,$10.00,يوم واحد,12,1,20.0,فاطمة ا.,https://khamsat.com/user/fatmah_84,True,بائع مميز,4.5,13,98.55%,5,18,3 ساعات
كتابة وترجمة,https://khamsat.com/writing,محتوى مالي واقتصادي,https://khamsat.com/writing/economic-content,كتابة ابحاث فى مجال الاقتصاد والادارة والتسويق,https://khamsat.com/writing/economic-content/2562688-%D9%83%D8%AA%D8%A7%D8%A8%D8%A9-%D8%A7%D8%A8%D8%AD%D8%A7%D8%AB-%D9%81%D9%89-%D9%85%D8%AC%D8%A7%D9%84-%D8%A7%D9%84%D8%A7%D9%82%D8%AA%D8%B5%D8%A7%D8%AF-%D9%88%D8%A7%D9%84%D8%A7%D8%AF%D8%A7%D8%B1%D8%A9-%D9%88%D8%A7%D9%84%D8%AA%D8%B3%D9%88%D9%8A%D9%82,5.0,51,10 دقائق,76,2,$5.00,يومين,25,5,170.0,.Mohamed K,https://khamsat.com/user/dr.mohamed-kamal,True,بائع مميز,5.0,112,95.53%,5,142,3 ساعات
كتابة وترجمة,https://khamsat.com/writing,محتوى مالي واقتصادي,https://khamsat.com/writing/economic-content,كتابة محتوى إحترافي للعملات الرقمية,https://khamsat.com/writing/economic-content/2018038-%D9%83%D8%AA%D8%A7%D8%A8%D8%A9-%D9%85%D8%AD%D8%AA%D9%88%D9%89-%D8%A5%D8%AD%D8%AA%D8%B1%D8%A7%D9%81%D9%8A-%D9%84%D9%84%D8%B9%D9%85%D9%84%D8%A7%D8%AA-%D8%A7%D9%84%D8%B1%D9%82%D9%85%D9%8A%D8%A9,5.0,1,5 ساعات,6,0,$5.00,يوم واحد,1,3,90.0,.Eslam M,https://khamsat.com/user/eslammaaitah,True,بائع نشيط,5.0,10,91.67%,2,17,14 ساعة
كتابة وترجمة,https://khamsat.com/writing,محتوى مالي واقتصادي,https://khamsat.com/writing/economic-content,كتابة محتوى عن العملات الرقمية والاقتصاد و ميتا فيرس,https://khamsat.com/writing/economic-content/1996057-%D9%83%D8%AA%D8%A7%D8%A8%D8%A9-%D9%85%D8%AD%D8%AA%D9%88%D9%89-%D8%B9%D9%86-%D8%A7%D9%84%D8%B9%D9%85%D9%84%D8%A7%D8%AA-%D8%A7%D9%84%D8%B1%D9%82%D9%85%D9%8A%D8%A9-%D9%88%D8%A7%D9%84%D8%A7%D9%82%D8%AA%D8%B5%D8%A7%D8%AF-%D9%88-%D9%85%D9%8A%D8%AA%D8%A7-%D9%81%D9%8A%D8%B1%D8%B3,5.0,9,21 ساعة,12,0,$5.00,ثلاثة أيام,9,3,30.0,.Eslam M,https://khamsat.com/user/eslammaaitah,True,بائع نشيط,5.0,10,91.67%,2,17,14 ساعة
كتابة وترجمة,https://khamsat.com/writing,محتوى مالي واقتصادي,https://khamsat.com/writing/economic-content,كتابة الأبحاث فى مجال الاقتصاد والتسويق والإدارة,https://khamsat.com/writing/economic-content/2848582-%D9%83%D8%AA%D8%A7%D8%A8%D8%A9-%D8%A7%D9%84%D8%A3%D8%A8%D8%AD%D8%A7%D8%AB-%D9%81%D9%89-%D9%85%D8%AC%D8%A7%D9%84-%D8%A7%D9%84%D8%A7%D9%82%D8%AA%D8%B5%D8%A7%D8%AF-%D9%88%D8%A7%D9%84%D8%AA%D8%B3%D9%88%D9%8A%D9%82-%D9%88%D8%A7%D9%84%D8%A5%D8%AF%D8%A7%D8%B1%D8%A9,4.5,11,3 ساعات,10,0,$5.00,يوم واحد,11,3,45.0,.Muhammed H,https://khamsat.com/user/apoloman2015,True,بائع نشيط,4.5,16,85.0%,7,19,3 ساعات
كتابة وترجمة,https://khamsat.com/writing,محتوى مالي واقتصادي,https://khamsat.com/writing/economic-content,كتابة مقالات في التسويق Marketing,https://khamsat.com/writing/economic-content/2835112-%D9%83%D8%AA%D8%A7%D8%A8%D8%A9-%D9%85%D9%82%D8%A7%D9%84%D8%A7%D8%AA-%D9%81%D9%8A-%D8%A7%D9%84%D8%AA%D8%B3%D9%88%D9%8A%D9%82-marketing,5.0,2,ساعة,2,0,$5.00,يوم واحد,2,5,55.0,.Aiman Q,https://khamsat.com/user/aqatena,True,بائع جديد,5.0,2,100.0%,3,2,ساعة
كتابة وترجمة,https://khamsat.com/writing,محتوى مالي واقتصادي,https://khamsat.com/writing/economic-content,كتابة مقالات في الاقتصاد والإدارة والتسويق الإلكتروني,https://khamsat.com/writing/economic-content/2641200-%D9%83%D8%AA%D8%A7%D8%A8%D8%A9-%D9%85%D9%82%D8%A7%D9%84%D8%A7%D8%AA-%D9%81%D9%8A-%D8%A7%D9%84%D8%A7%D9%82%D8%AA%D8%B5%D8%A7%D8%AF-%D9%88%D8%A7%D9%84%D8%A5%D8%AF%D8%A7%D8%B1%D8%A9-%D9%88%D8%A7%D9%84%D8%AA%D8%B3%D9%88%D9%8A%D9%82-%D8%A7%D9%84%D8%A5%D9%84%D9%83%D8%AA%D8%B1%D9%88%D9%86%D9%8A,4.5,14,6 ساعات,20,0,$10.00,يومين,14,3,35.0,مجدي م.,https://khamsat.com/user/drmagdymuhammad,True,بائع مميز,4.5,28,98.15%,2,37,10 ساعات
كتابة وترجمة,https://khamsat.com/writing,محتوى مالي واقتصادي,https://khamsat.com/writing/economic-content,استشارات ونقاشات احترافية في إدارة الأعمال والتسويق,https://khamsat.com/writing/economic-content/2938569-%D8%A7%D8%B3%D8%AA%D8%B4%D8%A7%D8%B1%D8%A7%D8%AA-%D9%88%D9%86%D9%82%D8%A7%D8%B4%D8%A7%D8%AA-%D8%A7%D8%AD%D8%AA%D8%B1%D8%A7%D9%81%D9%8A%D8%A9-%D9%81%D9%8A-%D8%A5%D8%AF%D8%A7%D8%B1%D8%A9-%D8%A7%D9%84%D8%A3%D8%B9%D9%85%D8%A7%D9%84-%D9%88%D8%A7%D9%84%D8%AA%D8%B3%D9%88%D9%8A%D9%82,0.0,0,لم يحسب,0,0,$10.00,يومين,0,2,15.0,احمد م.,https://khamsat.com/user/qonswa924,True,بائع جديد,0.0,0,لم يحسب بعد,5,0,لم يحسب
كتابة وترجمة,https://khamsat.com/writing,محتوى مالي واقتصادي,https://khamsat.com/writing/economic-content,كتابة مقالات احترافيه في مجال الاستثمار والأسواق المالية,https://khamsat.com/writing/economic-content/2994533-%D9%83%D8%AA%D8%A7%D8%A8%D8%A9-%D9%85%D9%82%D8%A7%D9%84%D8%A7%D8%AA-%D8%A7%D8%AD%D8%AA%D8%B1%D8%A7%D9%81%D9%8A%D9%87-%D9%81%D9%8A-%D9%85%D8%AC%D8%A7%D9%84-%D8%A7%D9%84%D8%A7%D8%B3%D8%AA%D8%AB%D9%85%D8%A7%D8%B1-%D9%88%D8%A7%D9%84%D8%A3%D8%B3%D9%88%D8%A7%D9%82-%D8%A7%D9%84%D9%85%D8%A7%D9%84%D9%8A%D8%A9,0.0,0,لم يحسب,0,0,$5.00,يوم واحد,0,2,15.0,.Abdelrhman A,https://khamsat.com/user/abdelrhman_adel1,False,بائع جديد,0.0,0,لم يحسب بعد,1,0,لم يحسب
كتابة وترجمة,https://khamsat.com/writing,محتوى مالي واقتصادي,https://khamsat.com/writing/economic-content,كتابة مقالات في المجال الاقتصادي و المالي تتوافق مع seo,https://khamsat.com/writing/economic-content/2918310-%D9%83%D8%AA%D8%A7%D8%A8%D8%A9-%D9%85%D9%82%D8%A7%D9%84%D8%A7%D8%AA-%D9%81%D9%8A-%D8%A7%D9%84%D9%85%D8%AC%D8%A7%D9%84-%D8%A7%D9%84%D8%A7%D9%82%D8%AA%D8%B5%D8%A7%D8%AF%D9%8A-%D9%88-%D8%A7%D9%84%D9%85%D8%A7%D9%84%D9%8A-%D8%AA%D8%AA%D9%88%D8%A7%D9%81%D9%82-%D9%85%D8%B9-seo,0.0,0,لم يحسب,0,0,$10.00,يوم واحد,0,2,20.0,محمد عبد العزيز غ.,https://khamsat.com/user/azizkhodja77,False,بائع جديد,0.0,0,لم يحسب بعد,2,0,لم يحسب
كتابة وترجمة,https://khamsat.com/writing,محتوى مالي واقتصادي,https://khamsat.com/writing/economic-content,كتابة مقالات في المجالات الاقتصادية,https://khamsat.com/writing/economic-content/1806048-%D9%83%D8%AA%D8%A7%D8%A8%D8%A9-%D9%85%D9%82%D8%A7%D9%84%D8%A7%D8%AA-%D9%81%D9%8A-%D8%A7%D9%84%D9%85%D8%AC%D8%A7%D9%84%D8%A7%D8%AA-%D8%A7%D9%84%D8%A7%D9%82%D8%AA%D8%B5%D8%A7%D8%AF%D9%8A%D8%A9,4.5,10,50 دقيقة,17,1,$5.00,ثلاثة أيام,10,5,205.0,اسمهان ل.,https://khamsat.com/user/lebsirismahene,True,بائع نشيط,4.5,13,94.29%,4,22,4 ساعات
كتابة وترجمة,https://khamsat.com/writing,محتوى مالي واقتصادي,https://khamsat.com/writing/economic-content,كتابة الاخبار الصحفية والمقالات,https://khamsat.com/writing/economic-content/2910809-%D9%83%D8%AA%D8%A7%D8%A8%D8%A9-%D8%A7%D9%84%D8%A7%D8%AE%D8%A8%D8%A7%D8%B1-%D8%A7%D9%84%D8%B5%D8%AD%D9%81%D9%8A%D8%A9-%D9%88%D8%A7%D9%84%D9%85%D9%82%D8%A7%D9%84%D8%A7%D8%AA,0.0,0,لم يحسب,0,0,$10.00,يوم واحد,0,1,5.0,.Mohammed A,https://khamsat.com/user/mamoudi1981,True,مشتري جاد,0.0,0,33.33%,2,2,4 ساعات
كتابة وترجمة,https://khamsat.com/writing,محتوى مالي واقتصادي,https://khamsat.com/writing/economic-content,كتابة مقالات عن العملات الرقمية تتصدر محركات البحث,https://khamsat.com/writing/economic-content/2956796-%D9%83%D8%AA%D8%A7%D8%A8%D8%A9-%D9%85%D9%82%D8%A7%D9%84%D8%A7%D8%AA-%D8%B9%D9%86-%D8%A7%D9%84%D8%B9%D9%85%D9%84%D8%A7%D8%AA-%D8%A7%D9%84%D8%B1%D9%82%D9%85%D9%8A%D8%A9-%D8%AA%D8%AA%D8%B5%D8%AF%D8%B1-%D9%85%D8%AD%D8%B1%D9%83%D8%A7%D8%AA-%D8%A7%D9%84%D8%A8%D8%AD%D8%AB,0.0,0,لم يحسب,0,0,$5.00,يوم واحد,0,5,160.0,.Donia E,https://khamsat.com/user/donia_elgedawy,True,بائع جديد,0.0,0,لم يحسب بعد,1,0,لم يحسب
كتابة وترجمة,https://khamsat.com/writing,محتوى مالي واقتصادي,https://khamsat.com/writing/economic-content,كتابة واعداد ابحاث في المحاسبة وادارة اعمال,https://khamsat.com/writing/economic-content/2939809-%D9%83%D8%AA%D8%A7%D8%A8%D8%A9-%D9%88%D8%A7%D8%B9%D8%AF%D8%A7%D8%AF-%D8%A7%D8%A8%D8%AD%D8%A7%D8%AB-%D9%81%D9%8A-%D8%A7%D9%84%D9%85%D8%AD%D8%A7%D8%B3%D8%A8%D8%A9-%D9%88%D8%A7%D8%AF%D8%A7%D8%B1%D8%A9-%D8%A7%D8%B9%D9%85%D8%A7%D9%84,0.0,0,لم يحسب,0,0,$10.00,يوم واحد,0,0,0.0,.Hadjer H,https://khamsat.com/user/rixaespinosa90,False,بائع جديد,0.0,0,لم يحسب بعد,4,0,لم يحسب
كتابة وترجمة,https://khamsat.com/writing,محتوى مالي واقتصادي,https://khamsat.com/writing/economic-content,كتابة محتوي التعريف بالشركات وخطهها ورؤيتها,https://khamsat.com/writing/economic-content/2674909-%D9%83%D8%AA%D8%A7%D8%A8%D8%A9-%D9%85%D8%AD%D8%AA%D9%88%D9%8A-%D8%A7%D9%84%D8%AA%D8%B9%D8%B1%D9%8A%D9%81-%D8%A8%D8%A7%D9%84%D8%B4%D8%B1%D9%83%D8%A7%D8%AA-%D9%88%D8%AE%D8%B7%D9%87%D9%87%D8%A7-%D9%88%D8%B1%D8%A4%D9%8A%D8%AA%D9%87%D8%A7,0.0,0,لم يحسب,0,0,$5.00,يوم واحد,0,2,35.0,.Ahmed S,https://khamsat.com/user/shmedshs,False,بائع جديد,0.0,0,لم يحسب بعد,3,0,لم يحسب
كتابة وترجمة,https://khamsat.com/writing,محتوى مالي واقتصادي,https://khamsat.com/writing/economic-content,كتابة محتوى مالي متميز لصفحاتك او مدونتك,https://khamsat.com/writing/economic-content/2884413-%D9%83%D8%AA%D8%A7%D8%A8%D8%A9-%D9%85%D8%AD%D8%AA%D9%88%D9%89-%D9%85%D8%A7%D9%84%D9%8A-%D9%85%D8%AA%D9%85%D9%8A%D8%B2-%D9%84%D8%B5%D9%81%D8%AD%D8%A7%D8%AA%D9%83-%D8%A7%D9%88-%D9%85%D8%AF%D9%88%D9%86%D8%AA%D9%83,0.0,0,لم يحسب,0,0,$15.00,يوم واحد,0,0,0.0,اسماعيل ك.,https://khamsat.com/user/ismail-kab,True,بائع موثوق,4.5,103,93.92%,10,109,4 ساعات
كتابة وترجمة,https://khamsat.com/writing,محتوى مالي واقتصادي,https://khamsat.com/writing/economic-content,كتابة مقال واحد في مجال العملات الرقمية,https://khamsat.com/writing/economic-content/2137228-%D9%83%D8%AA%D8%A7%D8%A8%D8%A9-%D9%85%D9%82%D8%A7%D9%84-%D9%88%D8%A7%D8%AD%D8%AF-%D9%81%D9%8A-%D9%85%D8%AC%D8%A7%D9%84-%D8%A7%D9%84%D8%B9%D9%85%D9%84%D8%A7%D8%AA-%D8%A7%D9%84%D8%B1%D9%82%D9%85%D9%8A%D8%A9,5.0,6,27 دقيقة,9,0,$10.00,أسبوع,6,2,25.0,.Nour H,https://khamsat.com/user/qsdfghkklm,True,بائع مميز,5.0,95,97.34%,13,80,ساعة
كتابة وترجمة,https://khamsat.com/writing,محتوى مالي واقتصادي,https://khamsat.com/writing/economic-content,كتابة مقالات جذابة وفق قواعد الSEO,https://khamsat.com/writing/economic-content/2712170-%D9%83%D8%AA%D8%A7%D8%A8%D8%A9-%D9%85%D9%82%D8%A7%D9%84%D8%A7%D8%AA-%D8%AC%D8%B0%D8%A7%D8%A8%D8%A9-%D9%88%D9%81%D9%82-%D9%82%D9%88%D8%A7%D8%B9%D8%AF-%D8%A7%D9%84seo,5.0,1,لم يحسب,1,0,$5.00,يومين,1,2,10.0,أسامة ب.,https://khamsat.com/user/osamaomar2000,True,بائع مميز,5.0,24,92.98%,4,23,6 ساعات
كتابة وترجمة,https://khamsat.com/writing,محتوى مالي واقتصادي,https://khamsat.com/writing/economic-content,كتابة محتوى احترافى عن سوق الكريبتو (العملات الرقمية),https://khamsat.com/writing/economic-content/2125938-%D9%83%D8%AA%D8%A7%D8%A8%D8%A9-%D9%85%D8%AD%D8%AA%D9%88%D9%89-%D8%A7%D8%AD%D8%AA%D8%B1%D8%A7%D9%81%D9%89-%D8%B9%D9%86-%D8%B3%D9%88%D9%82-%D8%A7%D9%84%D9%83%D8%B1%D9%8A%D8%A8%D8%AA%D9%88-%D8%A7%D9%84%D8%B9%D9%85%D9%84%D8%A7%D8%AA-%D8%A7%D9%84%D8%B1%D9%82%D9%85%D9%8A%D8%A9,5.0,2,5 ساعات,2,0,$5.00,يومين,2,2,15.0,.Mohamed K,https://khamsat.com/user/%D9%85%D8%AD%D9%85%D8%AF-%D9%83%D9%85%D8%A7%D9%84-%D9%81%D8%B1%D8%A7%D8%AC,True,بائع مميز,5.0,74,68.33%,5,90,12 ساعة
كتابة وترجمة,https://khamsat.com/writing,محتوى مالي واقتصادي,https://khamsat.com/writing/economic-content,كتابة محتوى محاسبي ومالي,https://khamsat.com/writing/economic-content/2845782-%D9%83%D8%AA%D8%A7%D8%A8%D8%A9-%D9%85%D8%AD%D8%AA%D9%88%D9%89-%D9%85%D8%AD%D8%A7%D8%B3%D8%A8%D9%8A-%D9%88%D9%85%D8%A7%D9%84%D9%8A,5.0,1,أقل من دقيقة,0,0,$10.00,ثلاثة أيام,1,0,0.0,راما ا.,https://khamsat.com/user/ramaalbringi,True,بائع مميز,4.5,26,82.86%,3,39,ساعة
كتابة وترجمة,https://khamsat.com/writing,محتوى مالي واقتصادي,https://khamsat.com/writing/economic-content,كتابة مقالة في مجال المال والاقتصاد والتجارة الالكترونية,https://khamsat.com/writing/economic-content/2729851-%D9%83%D8%AA%D8%A7%D8%A8%D8%A9-%D9%85%D9%82%D8%A7%D9%84%D8%A9-%D9%81%D9%8A-%D9%85%D8%AC%D8%A7%D9%84-%D8%A7%D9%84%D9%85%D8%A7%D9%84-%D9%88%D8%A7%D9%84%D8%A7%D9%82%D8%AA%D8%B5%D8%A7%D8%AF-%D9%88%D8%A7%D9%84%D8%AA%D8%AC%D8%A7%D8%B1%D8%A9-%D8%A7%D9%84%D8%A7%D9%84%D9%83%D8%AA%D8%B1%D9%88%D9%86%D9%8A%D8%A9,0.0,0,لم يحسب,0,0,$10.00,يومين,0,0,0.0,بومدين ا.,https://khamsat.com/user/%D8%A8%D9%88%D9%85%D8%AF%D9%8A%D9%86,True,بائع مميز,4.5,50,81.48%,8,54,15 ساعة
كتابة وترجمة,https://khamsat.com/writing,محتوى مالي واقتصادي,https://khamsat.com/writing/economic-content,كتابة مقالات احترافية عن الشركات الناشئة وريادة الأعمال,https://khamsat.com/writing/economic-content/3029942-%D9%83%D8%AA%D8%A7%D8%A8%D8%A9-%D9%85%D9%82%D8%A7%D9%84%D8%A7%D8%AA-%D8%A7%D8%AD%D8%AA%D8%B1%D8%A7%D9%81%D9%8A%D8%A9-%D8%B9%D9%86-%D8%A7%D9%84%D8%B4%D8%B1%D9%83%D8%A7%D8%AA-%D8%A7%D9%84%D9%86%D8%A7%D8%B4%D8%A6%D8%A9-%D9%88%D8%B1%D9%8A%D8%A7%D8%AF%D8%A9-%D8%A7%D9%84%D8%A3%D8%B9%D9%85%D8%A7%D9%84,0.0,0,لم يحسب,0,0,$10.00,يوم واحد,0,1,5.0,عمرو ا.,https://khamsat.com/user/amro-selim,True,بائع مميز,4.5,36,94.9%,10,52,13 ساعة
كتابة وترجمة,https://khamsat.com/writing,محتوى إخباري وسياسي,https://khamsat.com/writing/news-politics-content,أكتب لك خبرا صحفيا أو تقريرا صحفيا أو أي نوع صحفي آخر,https://khamsat.com/writing/news-politics-content/3017679-%D8%A3%D9%83%D8%AA%D8%A8-%D9%84%D9%83-%D8%AE%D8%A8%D8%B1%D8%A7-%D8%B5%D8%AD%D9%81%D9%8A%D8%A7-%D8%A3%D9%88-%D8%AA%D9%82%D8%B1%D9%8A%D8%B1%D8%A7-%D8%B5%D8%AD%D9%81%D9%8A%D8%A7-%D8%A3%D9%88-%D8%A3%D9%8A-%D9%86%D9%88%D8%B9-%D8%B5%D8%AD%D9%81%D9%8A-%D8%A2%D8%AE%D8%B1,5.0,3,27 دقيقة,3,0,$5.00,يوم واحد,3,4,50.0,مصطفى ع.,https://khamsat.com/user/mustapha6866,True,بائع مميز,5.0,18,92.55%,1,20,10 ساعات
كتابة وترجمة,https://khamsat.com/writing,محتوى إخباري وسياسي,https://khamsat.com/writing/news-politics-content,تحرير الخطابات الرسمية والمراسلات البرتكولية,https://khamsat.com/writing/news-politics-content/414930-%D8%AA%D8%AD%D8%B1%D9%8A%D8%B1-%D8%A7%D9%84%D8%AE%D8%B7%D8%A7%D8%A8%D8%A7%D8%AA-%D8%A7%D9%84%D8%B1%D8%B3%D9%85%D9%8A%D8%A9-%D9%88%D8%A7%D9%84%D9%85%D8%B1%D8%A7%D8%B3%D9%84%D8%A7%D8%AA-%D8%A7%D9%84%D8%A8%D8%B1%D8%AA%D9%83%D9%88%D9%84%D9%8A%D8%A9,4.5,18,3 ساعات,30,0,$5.00,يومين,18,5,75.0,فاطمة ا.,https://khamsat.com/user/%D8%A8%D9%86%D8%AA-%D8%A7%D9%84%D8%B1%D9%81%D8%A7%D8%B9%D9%8A,True,بائع نشيط,4.5,20,86.75%,4,31,ساعتين
كتابة وترجمة,https://khamsat.com/writing,محتوى إخباري وسياسي,https://khamsat.com/writing/news-politics-content,تحليل سياسي للاحداث الراهنه..وسرد تاريخي,https://khamsat.com/writing/news-politics-content/1002665-%D8%AA%D8%AD%D9%84%D9%8A%D9%84-%D8%B3%D9%8A%D8%A7%D8%B3%D9%8A-%D9%84%D9%84%D8%A7%D8%AD%D8%AF%D8%A7%D8%AB-%D8%A7%D9%84%D8%B1%D8%A7%D9%87%D9%86%D9%87.%D9%88%D8%B3%D8%B1%D8%AF-%D8%AA%D8%A7%D8%B1%D9%8A%D8%AE%D9%8A,4.5,10,ساعة,15,0,$5.00,يومين,10,5,110.0,.Muhammad E,https://khamsat.com/user/muhammad_elzakzouk,True,بائع نشيط,4.5,11,97.62%,2,16,7 أيام
كتابة وترجمة,https://khamsat.com/writing,محتوى إخباري وسياسي,https://khamsat.com/writing/news-politics-content,صناعة اخبار وتقارير إخبارية وأخرى استقصائية وقصصية,https://khamsat.com/writing/news-politics-content/2124383-%D8%B5%D9%86%D8%A7%D8%B9%D8%A9-%D8%A7%D8%AE%D8%A8%D8%A7%D8%B1-%D9%88%D8%AA%D9%82%D8%A7%D8%B1%D9%8A%D8%B1-%D8%A5%D8%AE%D8%A8%D8%A7%D8%B1%D9%8A%D8%A9-%D9%88%D8%A3%D8%AE%D8%B1%D9%89-%D8%A7%D8%B3%D8%AA%D9%82%D8%B5%D8%A7%D8%A6%D9%8A%D8%A9-%D9%88%D9%82%D8%B5%D8%B5%D9%8A%D8%A9,4.5,6,ساعتين,8,0,$10.00,يومين,6,5,140.0,صفاء ح.,https://khamsat.com/user/safaaaljezz,True,بائع نشيط,4.5,8,100.0%,6,11,ساعتين
كتابة وترجمة,https://khamsat.com/writing,محتوى إخباري وسياسي,https://khamsat.com/writing/news-politics-content,كتابة محتوى اخباري وسياسي,https://khamsat.com/writing/news-politics-content/2704653-%D9%83%D8%AA%D8%A7%D8%A8%D8%A9-%D9%85%D8%AD%D8%AA%D9%88%D9%89-%D8%A7%D8%AE%D8%A8%D8%A7%D8%B1%D9%8A-%D9%88%D8%B3%D9%8A%D8%A7%D8%B3%D9%8A,5.0,9,49 دقيقة,12,0,$5.00,يوم واحد,9,3,155.0,.Ahmed M,https://khamsat.com/user/ahmedmansour_12,True,بائع مميز,5.0,36,100.0%,3,41,ساعة
كتابة وترجمة,https://khamsat.com/writing,محتوى إخباري وسياسي,https://khamsat.com/writing/news-politics-content,كتابة الاخبار الصحفية والمقالات,https://khamsat.com/writing/news-politics-content/1879849-%D9%83%D8%AA%D8%A7%D8%A8%D8%A9-%D8%A7%D9%84%D8%A7%D8%AE%D8%A8%D8%A7%D8%B1-%D8%A7%D9%84%D8%B5%D8%AD%D9%81%D9%8A%D8%A9-%D9%88%D8%A7%D9%84%D9%85%D9%82%D8%A7%D9%84%D8%A7%D8%AA,4.5,17,26 دقيقة,27,0,$15.00,يوم واحد,17,3,115.0,عطية ب.,https://khamsat.com/user/ateya10,True,بائع مميز,4.5,30,97.3%,5,40,34 دقيقة
كتابة وترجمة,https://khamsat.com/writing,محتوى إخباري وسياسي,https://khamsat.com/writing/news-politics-content,كتابة مقالات إخبارية أو نصوص سردية قصصية,https://khamsat.com/writing/news-politics-content/2153533-%D9%83%D8%AA%D8%A7%D8%A8%D8%A9-%D9%85%D9%82%D8%A7%D9%84%D8%A7%D8%AA-%D8%A5%D8%AE%D8%A8%D8%A7%D8%B1%D9%8A%D8%A9-%D8%A3%D9%88-%D9%86%D8%B5%D9%88%D8%B5-%D8%B3%D8%B1%D8%AF%D9%8A%D8%A9-%D9%82%D8%B5%D8%B5%D9%8A%D8%A9,5.0,2,ساعة,3,0,$10.00,يومين,2,2,30.0,رجاء ب.,https://khamsat.com/user/rajaa5555,True,بائع نشيط,5.0,2,83.33%,1,3,ساعة
كتابة وترجمة,https://khamsat.com/writing,محتوى إخباري وسياسي,https://khamsat.com/writing/news-politics-content,كتابة مقالات إبداعيّة و تحاليل الأخبار,https://khamsat.com/writing/news-politics-content/2083822-%D9%83%D8%AA%D8%A7%D8%A8%D8%A9-%D9%85%D9%82%D8%A7%D9%84%D8%A7%D8%AA-%D8%A5%D8%A8%D8%AF%D8%A7%D8%B9%D9%8A%D8%A9-%D9%88-%D8%AA%D8%AD%D8%A7%D9%84%D9%8A%D9%84-%D8%A7%D9%84%D8%A3%D8%AE%D8%A8%D8%A7%D8%B1,5.0,4,ساعتين,5,0,$5.00,يومين,4,0,0.0,عائشة ي.,https://khamsat.com/user/aishayns22,True,بائع جديد,5.0,4,55.56%,3,5,ساعتين
كتابة وترجمة,https://khamsat.com/writing,محتوى إخباري وسياسي,https://khamsat.com/writing/news-politics-content,كتابة تقارير وأخبار صحفية,https://khamsat.com/writing/news-politics-content/1623710-%D9%83%D8%AA%D8%A7%D8%A8%D8%A9-%D8%AA%D9%82%D8%A7%D8%B1%D9%8A%D8%B1-%D9%88%D8%A3%D8%AE%D8%A8%D8%A7%D8%B1-%D8%B5%D8%AD%D9%81%D9%8A%D8%A9,5.0,3,6 أيام,3,0,$5.00,يوم واحد,3,2,25.0,زينب ا.,https://khamsat.com/user/h_amas93,True,بائع مميز,5.0,47,93.41%,6,65,يوم
كتابة وترجمة,https://khamsat.com/writing,محتوى إخباري وسياسي,https://khamsat.com/writing/news-politics-content,كتابة مقالات فى مجال السياسة والإعلام,https://khamsat.com/writing/news-politics-content/49908-%D9%83%D8%AA%D8%A7%D8%A8%D8%A9-%D9%85%D9%82%D8%A7%D9%84%D8%A7%D8%AA-%D9%81%D9%89-%D9%85%D8%AC%D8%A7%D9%84-%D8%A7%D9%84%D8%B3%D9%8A%D8%A7%D8%B3%D8%A9-%D9%88%D8%A7%D9%84%D8%A5%D8%B9%D9%84%D8%A7%D9%85,5.0,7,ساعة,8,0,$5.00,يومين,7,0,0.0,هشام ا.,https://khamsat.com/user/%D9%87%D8%B4%D8%A7%D9%85-%D8%A7%D9%84%D8%A8%D8%AD%D8%B1%D9%89,True,مشتري VIP,5.0,56,70.33%,2,86,22 ساعة
كتابة وترجمة,https://khamsat.com/writing,محتوى إخباري وسياسي,https://khamsat.com/writing/news-politics-content,كتابة خبر صحفي عن شركتك ومنتجاتك ومقالات متنوعة,https://khamsat.com/writing/news-politics-content/1727668-%D9%83%D8%AA%D8%A7%D8%A8%D8%A9-%D8%AE%D8%A8%D8%B1-%D8%B5%D8%AD%D9%81%D9%8A-%D8%B9%D9%86-%D8%B4%D8%B1%D9%83%D8%AA%D9%83-%D9%88%D9%85%D9%86%D8%AA%D8%AC%D8%A7%D8%AA%D9%83-%D9%88%D9%85%D9%82%D8%A7%D9%84%D8%A7%D8%AA-%D9%85%D8%AA%D9%86%D9%88%D8%B9%D8%A9,5.0,2,ساعتين,3,0,$5.00,يوم واحد,2,5,150.0,محمد ع.,https://khamsat.com/user/mohammad-saudi,True,بائع نشيط,5.0,13,97.44%,6,15,6 ساعات
كتابة وترجمة,https://khamsat.com/writing,محتوى إخباري وسياسي,https://khamsat.com/writing/news-politics-content,كتابة البيانات الاعلامية والقصص الخبرية,https://khamsat.com/writing/news-politics-content/2968482-%D9%83%D8%AA%D8%A7%D8%A8%D8%A9-%D8%A7%D9%84%D8%A8%D9%8A%D8%A7%D9%86%D8%A7%D8%AA-%D8%A7%D9%84%D8%A7%D8%B9%D9%84%D8%A7%D9%85%D9%8A%D8%A9-%D9%88%D8%A7%D9%84%D9%82%D8%B5%D8%B5-%D8%A7%D9%84%D8%AE%D8%A8%D8%B1%D9%8A%D8%A9,0.0,0,لم يحسب,0,0,$5.00,يوم واحد,0,1,5.0,.Wail M,https://khamsat.com/user/wailmobarak,True,بائع جديد,0.0,0,لم يحسب بعد,2,0,لم يحسب
كتابة وترجمة,https://khamsat.com/writing,محتوى إخباري وسياسي,https://khamsat.com/writing/news-politics-content,أكتب لك خبرا صحفيا أو تقريرا صحفيا أو أي نوع صحفي آخر,https://khamsat.com/writing/news-politics-content/3041612-%D8%A3%D9%83%D8%AA%D8%A8-%D9%84%D9%83-%D8%AE%D8%A8%D8%B1%D8%A7-%D8%B5%D8%AD%D9%81%D9%8A%D8%A7-%D8%A3%D9%88-%D8%AA%D9%82%D8%B1%D9%8A%D8%B1%D8%A7-%D8%B5%D8%AD%D9%81%D9%8A%D8%A7-%D8%A3%D9%88-%D8%A3%D9%8A-%D9%86%D9%88%D8%B9-%D8%B5%D8%AD%D9%81%D9%8A-%D8%A2%D8%AE%D8%B1,0.0,0,لم يحسب,0,0,$5.00,يوم واحد,0,4,50.0,أية م.,https://khamsat.com/user/ayamoharm13,False,بائع جديد,0.0,0,لم يحسب بعد,1,0,لم يحسب
كتابة وترجمة,https://khamsat.com/writing,محتوى إخباري وسياسي,https://khamsat.com/writing/news-politics-content,كتابة أخبار ومقالات مدعومة بالمصادر والخبراء,https://khamsat.com/writing/news-politics-content/3036454-%D9%83%D8%AA%D8%A7%D8%A8%D8%A9-%D8%A3%D8%AE%D8%A8%D8%A7%D8%B1-%D9%88%D9%85%D9%82%D8%A7%D9%84%D8%A7%D8%AA-%D9%85%D8%AF%D8%B9%D9%88%D9%85%D8%A9-%D8%A8%D8%A7%D9%84%D9%85%D8%B5%D8%A7%D8%AF%D8%B1-%D9%88%D8%A7%D9%84%D8%AE%D8%A8%D8%B1%D8%A7%D8%A1,0.0,0,لم يحسب,0,0,$5.00,يوم واحد,0,1,5.0,.Mahmoud E,https://khamsat.com/user/mahmoudsayed92,True,بائع جديد,0.0,0,لم يحسب بعد,1,0,لم يحسب
كتابة وترجمة,https://khamsat.com/writing,محتوى إخباري وسياسي,https://khamsat.com/writing/news-politics-content,كتابة مقالات صحفية بالعربية والانجليزية.,https://khamsat.com/writing/news-politics-content/2909277-%D9%83%D8%AA%D8%A7%D8%A8%D8%A9-%D9%85%D9%82%D8%A7%D9%84%D8%A7%D8%AA-%D8%B5%D8%AD%D9%81%D9%8A%D8%A9-%D8%A8%D8%A7%D9%84%D8%B9%D8%B1%D8%A8%D9%8A%D8%A9-%D9%88%D8%A7%D9%84%D8%A7%D9%86%D8%AC%D9%84%D9%8A%D8%B2%D9%8A%D8%A9,0.0,0,لم يحسب,0,0,$5.00,يوم واحد,0,1,35.0,.Jumana T,https://khamsat.com/user/jumanataiseer,True,بائع جديد,5.0,1,100.0%,4,1,ساعة
كتابة وترجمة,https://khamsat.com/writing,محتوى إخباري وسياسي,https://khamsat.com/writing/news-politics-content,كتابة الأخبار الصحفية بمهنية عالية,https://khamsat.com/writing/news-politics-content/2412670-%D9%83%D8%AA%D8%A7%D8%A8%D8%A9-%D8%A7%D9%84%D8%A3%D8%AE%D8%A8%D8%A7%D8%B1-%D8%A7%D9%84%D8%B5%D8%AD%D9%81%D9%8A%D8%A9-%D8%A8%D9%85%D9%87%D9%86%D9%8A%D8%A9-%D8%B9%D8%A7%D9%84%D9%8A%D8%A9,0.0,0,لم يحسب,0,0,$5.00,يوم واحد,0,2,15.0,حسن خ.,https://khamsat.com/user/hassan_khamis_saad,True,بائع جديد,0.0,0,لم يحسب بعد,5,0,لم يحسب
كتابة وترجمة,https://khamsat.com/writing,محتوى إخباري وسياسي,https://khamsat.com/writing/news-politics-content,كتابة الاخبار ومقالات الصحفية,https://khamsat.com/writing/news-politics-content/3038085-%D9%83%D8%AA%D8%A7%D8%A8%D8%A9-%D8%A7%D9%84%D8%A7%D8%AE%D8%A8%D8%A7%D8%B1-%D9%88%D9%85%D9%82%D8%A7%D9%84%D8%A7%D8%AA-%D8%A7%D9%84%D8%B5%D8%AD%D9%81%D9%8A%D8%A9,0.0,0,لم يحسب,0,0,$5.00,يوم واحد,0,0,0.0,.Karam H,https://khamsat.com/user/karameddine_2,False,بائع جديد,0.0,0,لم يحسب بعد,1,0,لم يحسب
كتابة وترجمة,https://khamsat.com/writing,محتوى إخباري وسياسي,https://khamsat.com/writing/news-politics-content,إعداد وتحرير الأخبار والتقارير الصحفية باحترافية,https://khamsat.com/writing/news-politics-content/3032613-%D8%A5%D8%B9%D8%AF%D8%A7%D8%AF-%D9%88%D8%AA%D8%AD%D8%B1%D9%8A%D8%B1-%D8%A7%D9%84%D8%A3%D8%AE%D8%A8%D8%A7%D8%B1-%D9%88%D8%A7%D9%84%D8%AA%D9%82%D8%A7%D8%B1%D9%8A%D8%B1-%D8%A7%D9%84%D8%B5%D8%AD%D9%81%D9%8A%D8%A9-%D8%A8%D8%A7%D8%AD%D8%AA%D8%B1%D8%A7%D9%81%D9%8A%D8%A9,0.0,0,لم يحسب,0,0,$5.00,يوم واحد,0,0,0.0,.Youssef G,https://khamsat.com/user/ymfj993455,True,بائع جديد,0.0,0,لم يحسب بعد,3,0,لم يحسب
كتابة وترجمة,https://khamsat.com/writing,محتوى إخباري وسياسي,https://khamsat.com/writing/news-politics-content,كتابة التقارير الصحفية باللغتين العربية والإنجليزية,https://khamsat.com/writing/news-politics-content/2877810-%D9%83%D8%AA%D8%A7%D8%A8%D8%A9-%D8%A7%D9%84%D8%AA%D9%82%D8%A7%D8%B1%D9%8A%D8%B1-%D8%A7%D9%84%D8%B5%D8%AD%D9%81%D9%8A%D8%A9-%D8%A8%D8%A7%D9%84%D9%84%D8%BA%D8%AA%D9%8A%D9%86-%D8%A7%D9%84%D8%B9%D8%B1%D8%A8%D9%8A%D8%A9-%D9%88%D8%A7%D9%84%D8%A5%D9%86%D8%AC%D9%84%D9%8A%D8%B2%D9%8A%D8%A9,0.0,0,لم يحسب,0,0,$10.00,خمسة أيام,0,0,0.0,لارا ص.,https://khamsat.com/user/larasabri401,True,بائع جديد,0.0,5,66.67%,3,6,15 ساعة
كتابة وترجمة,https://khamsat.com/writing,محتوى إخباري وسياسي,https://khamsat.com/writing/news-politics-content,التحرير الصحفي وكتابة المحتوى,https://khamsat.com/writing/news-politics-content/2949381-%D8%A7%D9%84%D8%AA%D8%AD%D8%B1%D9%8A%D8%B1-%D8%A7%D9%84%D8%B5%D8%AD%D9%81%D9%8A-%D9%88%D9%83%D8%AA%D8%A7%D8%A8%D8%A9-%D8%A7%D9%84%D9%85%D8%AD%D8%AA%D9%88%D9%89,0.0,0,لم يحسب,0,0,$5.00,يوم واحد,0,0,0.0,.Mohamed W,https://khamsat.com/user/mohamed_wahba2,False,بائع جديد,0.0,0,لم يحسب بعد,1,0,لم يحسب
كتابة وترجمة,https://khamsat.com/writing,محتوى إخباري وسياسي,https://khamsat.com/writing/news-politics-content,كتابة وتحرير المواد الصحفية والاعلامية,https://khamsat.com/writing/news-politics-content/2781424-%D9%83%D8%AA%D8%A7%D8%A8%D8%A9-%D9%88%D8%AA%D8%AD%D8%B1%D9%8A%D8%B1-%D8%A7%D9%84%D9%85%D9%88%D8%A7%D8%AF-%D8%A7%D9%84%D8%B5%D8%AD%D9%81%D9%8A%D8%A9-%D9%88%D8%A7%D9%84%D8%A7%D8%B9%D9%84%D8%A7%D9%85%D9%8A%D8%A9,0.0,0,لم يحسب,0,0,$10.00,يوم واحد,0,0,0.0,.Muhmad B,https://khamsat.com/user/muhmad_bitar,False,بائع جديد,0.0,0,لم يحسب بعد,1,0,لم يحسب
كتابة وترجمة,https://khamsat.com/writing,محتوى إخباري وسياسي,https://khamsat.com/writing/news-politics-content,كتابة المحتوى الاخبارى والسياسى,https://khamsat.com/writing/news-politics-content/2889940-%D9%83%D8%AA%D8%A7%D8%A8%D8%A9-%D8%A7%D9%84%D9%85%D8%AD%D8%AA%D9%88%D9%89-%D8%A7%D9%84%D8%A7%D8%AE%D8%A8%D8%A7%D8%B1%D9%89-%D9%88%D8%A7%D9%84%D8%B3%D9%8A%D8%A7%D8%B3%D9%89,0.0,0,لم يحسب,0,0,$5.00,يوم واحد,0,0,0.0,.Mohamed A,https://khamsat.com/user/babrez2,True,بائع جديد,0.0,0,لم يحسب بعد,3,0,لم يحسب
كتابة وترجمة,https://khamsat.com/writing,محتوى إخباري وسياسي,https://khamsat.com/writing/news-politics-content,كتابة مقالات في المجال السياسي والإعلامي,https://khamsat.com/writing/news-politics-content/2478442-%D9%83%D8%AA%D8%A7%D8%A8%D8%A9-%D9%85%D9%82%D8%A7%D9%84%D8%A7%D8%AA-%D9%81%D9%8A-%D8%A7%D9%84%D9%85%D8%AC%D8%A7%D9%84-%D8%A7%D9%84%D8%B3%D9%8A%D8%A7%D8%B3%D9%8A-%D9%88%D8%A7%D9%84%D8%A5%D8%B9%D9%84%D8%A7%D9%85%D9%8A,0.0,0,لم يحسب,0,0,$5.00,يوم واحد,0,1,5.0,.Maged A,https://khamsat.com/user/waged_alsaeygh,True,بائع جديد,0.0,0,0.0%,3,0,يوم
كتابة وترجمة,https://khamsat.com/writing,محتوى إخباري وسياسي,https://khamsat.com/writing/news-politics-content,إعداد جميع فنون الكتابة الصحفية الخبر التقرير التحقيق,https://khamsat.com/writing/news-politics-content/2938550-%D8%A5%D8%B9%D8%AF%D8%A7%D8%AF-%D8%AC%D9%85%D9%8A%D8%B9-%D9%81%D9%86%D9%88%D9%86-%D8%A7%D9%84%D9%83%D8%AA%D8%A7%D8%A8%D8%A9-%D8%A7%D9%84%D8%B5%D8%AD%D9%81%D9%8A%D8%A9-%D8%A7%D9%84%D8%AE%D8%A8%D8%B1-%D8%A7%D9%84%D8%AA%D9%82%D8%B1%D9%8A%D8%B1-%D8%A7%D9%84%D8%AA%D8%AD%D9%82%D9%8A%D9%82,0.0,0,لم يحسب,0,0,$5.00,يوم واحد,0,1,20.0,.Ahmed N,https://khamsat.com/user/al-anbary,True,بائع مميز,4.5,105,98.1%,5,125,20 ساعة
كتابة وترجمة,https://khamsat.com/writing,مقالات وتدوينات,https://khamsat.com/writing/articles-blogposts,كتابة Literature Review للأبحاث العلمية والمقالات,https://khamsat.com/writing/articles-blogposts/2617378-%D9%83%D8%AA%D8%A7%D8%A8%D8%A9-literature-review-%D9%84%D9%84%D8%A3%D8%A8%D8%AD%D8%A7%D8%AB-%D8%A7%D9%84%D8%B9%D9%84%D9%85%D9%8A%D8%A9-%D9%88%D8%A7%D9%84%D9%85%D9%82%D8%A7%D9%84%D8%A7%D8%AA,5.0,1,6 ساعات,2,0,$5.00,يوم واحد,1,5,110.0,.Esraa M,https://khamsat.com/user/esraasalah5567,True,بائع جديد,5.0,1,100.0%,1,2,6 ساعات
كتابة وترجمة,https://khamsat.com/writing,مقالات وتدوينات,https://khamsat.com/writing/articles-blogposts,كتابة مقالات ابداعية متوافقة مع سيو,https://khamsat.com/writing/articles-blogposts/2322244-%D9%83%D8%AA%D8%A7%D8%A8%D8%A9-%D9%85%D9%82%D8%A7%D9%84%D8%A7%D8%AA-%D8%A7%D8%A8%D8%AF%D8%A7%D8%B9%D9%8A%D8%A9-%D9%85%D8%AA%D9%88%D8%A7%D9%81%D9%82%D8%A9-%D9%85%D8%B9-%D8%B3%D9%8A%D9%88,5.0,2,ساعتين,2,0,$5.00,يومين,2,2,50.0,مريم فراح د.,https://khamsat.com/user/meryemfarah,True,بائع نشيط,5.0,22,96.0%,2,22,9 ساعات
كتابة وترجمة,https://khamsat.com/writing,مقالات وتدوينات,https://khamsat.com/writing/articles-blogposts,سأكتب لك مقالات متوافقة مع شروط السيو,https://khamsat.com/writing/articles-blogposts/1560261-%D8%B3%D8%A3%D9%83%D8%AA%D8%A8-%D9%84%D9%83-%D9%85%D9%82%D8%A7%D9%84%D8%A7%D8%AA-%D9%85%D8%AA%D9%88%D8%A7%D9%81%D9%82%D8%A9-%D9%85%D8%B9-%D8%B4%D8%B1%D9%88%D8%B7-%D8%A7%D9%84%D8%B3%D9%8A%D9%88,5.0,51,54 دقيقة,63,0,$5.00,يومين,25,5,505.0,تهاني ع.,https://khamsat.com/user/tahany92,True,بائع مميز,5.0,52,97.01%,1,63,ساعة
كتابة وترجمة,https://khamsat.com/writing,مقالات وتدوينات,https://khamsat.com/writing/articles-blogposts,كتابة مقالات حصرية ومتوافقة مع قواعد السيو,https://khamsat.com/writing/articles-blogposts/1615037-%D9%83%D8%AA%D8%A7%D8%A8%D8%A9-%D9%85%D9%82%D8%A7%D9%84%D8%A7%D8%AA-%D8%AD%D8%B5%D8%B1%D9%8A%D8%A9-%D9%88%D9%85%D8%AA%D9%88%D8%A7%D9%81%D9%82%D8%A9-%D9%85%D8%B9-%D9%82%D9%88%D8%A7%D8%B9%D8%AF-%D8%A7%D9%84%D8%B3%D9%8A%D9%88,4.5,87,23 دقيقة,112,0,$5.00,يومين,25,5,180.0,هبة س.,https://khamsat.com/user/%D8%AD%D8%B1%D8%A7%D8%A1-%D8%AD%D8%B1%D8%A7%D8%A1,True,بائع مميز,4.5,91,99.11%,2,112,27 دقيقة
كتابة وترجمة,https://khamsat.com/writing,مقالات وتدوينات,https://khamsat.com/writing/articles-blogposts,مقالات حصرية إبداعية,https://khamsat.com/writing/articles-blogposts/673780-%D9%85%D9%82%D8%A7%D9%84%D8%A7%D8%AA-%D8%AD%D8%B5%D8%B1%D9%8A%D8%A9-%D8%A5%D8%A8%D8%AF%D8%A7%D8%B9%D9%8A%D8%A9,5.0,90,7 دقائق,120,0,$5.00,يوم واحد,25,5,160.0,أحمد ج.,https://khamsat.com/user/%D8%A3%D8%AD%D9%85%D8%AF-%D8%AC%D9%85%D8%A7%D9%84-%D8%A7%D9%84%D9%87%D8%A7%D8%AF%D9%8A,True,بائع مميز,5.0,124,98.39%,2,158,34 دقيقة
كتابة وترجمة,https://khamsat.com/writing,مقالات وتدوينات,https://khamsat.com/writing/articles-blogposts,كتابة مقالات حصرية 100% لمدونتك في أي مجال تريده,https://khamsat.com/writing/articles-blogposts/1720544-%D9%83%D8%AA%D8%A7%D8%A8%D8%A9-%D9%85%D9%82%D8%A7%D9%84%D8%A7%D8%AA-%D8%AD%D8%B5%D8%B1%D9%8A%D8%A9-100-%D9%84%D9%85%D8%AF%D9%88%D9%86%D8%AA%D9%83-%D9%81%D9%8A-%D8%A3%D9%8A-%D9%85%D8%AC%D8%A7%D9%84-%D8%AA%D8%B1%D9%8A%D8%AF%D9%87,4.5,117,5 ساعات,166,0,$5.00,ثلاثة أيام,25,5,355.0,بدراء ا.,https://khamsat.com/user/badra1,True,بائع مميز,4.5,128,94.72%,2,169,3 ساعات
كتابة وترجمة,https://khamsat.com/writing,مقالات وتدوينات,https://khamsat.com/writing/articles-blogposts,كتابة مقالات ومدونات احترافية لأي موضوع,https://khamsat.com/writing/articles-blogposts/2229714-%D9%83%D8%AA%D8%A7%D8%A8%D8%A9-%D9%85%D9%82%D8%A7%D9%84%D8%A7%D8%AA-%D9%88%D9%85%D8%AF%D9%88%D9%86%D8%A7%D8%AA-%D8%A7%D8%AD%D8%AA%D8%B1%D8%A7%D9%81%D9%8A%D8%A9-%D9%84%D8%A3%D9%8A-%D9%85%D9%88%D8%B6%D9%88%D8%B9,4.5,2,3 أيام,3,0,$5.00,يوم واحد,2,5,85.0,.Enas A,https://khamsat.com/user/inas_ali1,True,بائع نشيط,5.0,14,82.93%,10,19,يوم
كتابة وترجمة,https://khamsat.com/writing,مقالات وتدوينات,https://khamsat.com/writing/articles-blogposts,كتابة مقالات حصرية ومتوافقة مع السيو,https://khamsat.com/writing/articles-blogposts/680817-%D9%83%D8%AA%D8%A7%D8%A8%D8%A9-%D9%85%D9%82%D8%A7%D9%84%D8%A7%D8%AA-%D8%AD%D8%B5%D8%B1%D9%8A%D8%A9-%D9%88%D9%85%D8%AA%D9%88%D8%A7%D9%81%D9%82%D8%A9-%D9%85%D8%B9-%D8%A7%D9%84%D8%B3%D9%8A%D9%88,4.5,268,4 ساعات,361,0,$5.00,يومين,25,5,215.0,إيمان ع.,https://khamsat.com/user/%D8%A5%D9%8A%D9%85%D8%A7%D9%86-%D8%B9%D8%A7%D8%AF%D9%84-%D8%B5%D9%84%D8%A7%D8%AD,True,بائع مميز,4.5,268,94.91%,1,361,ساعتين
كتابة وترجمة,https://khamsat.com/writing,مقالات وتدوينات,https://khamsat.com/writing/articles-blogposts,كتابة مقالات بطريقة جذابة وبسيطة,https://khamsat.com/writing/articles-blogposts/2067025-%D9%83%D8%AA%D8%A7%D8%A8%D8%A9-%D9%85%D9%82%D8%A7%D9%84%D8%A7%D8%AA-%D8%A8%D8%B7%D8%B1%D9%8A%D9%82%D8%A9-%D8%AC%D8%B0%D8%A7%D8%A8%D8%A9-%D9%88%D8%A8%D8%B3%D9%8A%D8%B7%D8%A9,5.0,10,10 ساعات,14,0,$5.00,يومين,10,5,175.0,.Bayan Q,https://khamsat.com/user/bayan_qanbaria,True,بائع مميز,4.5,31,99.22%,2,46,6 ساعات
كتابة وترجمة,https://khamsat.com/writing,مقالات وتدوينات,https://khamsat.com/writing/articles-blogposts,سوف أكتب لك محتوي مقال في التنمية البشرية والثقافة المجتمعية,https://khamsat.com/writing/articles-blogposts/1293098-%D8%B3%D9%88%D9%81-%D8%A3%D9%83%D8%AA%D8%A8-%D9%84%D9%83-%D9%85%D8%AD%D8%AA%D9%88%D9%8A-%D9%85%D9%82%D8%A7%D9%84-%D9%81%D9%8A-%D8%A7%D9%84%D8%AA%D9%86%D9%85%D9%8A%D8%A9-%D8%A7%D9%84%D8%A8%D8%B4%D8%B1%D9%8A%D8%A9-%D9%88%D8%A7%D9%84%D8%AB%D9%82%D8%A7%D9%81%D8%A9-%D8%A7%D9%84%D9%85%D8%AC%D8%AA%D9%85%D8%B9%D9%8A%D8%A9,5.0,11,8 ساعات,11,0,$5.00,يوم واحد,11,0,0.0,مازن ص.,https://khamsat.com/user/mazen1971,True,بائع مميز,5.0,19,85.64%,5,17,3 ساعات
كتابة وترجمة,https://khamsat.com/writing,مقالات وتدوينات,https://khamsat.com/writing/articles-blogposts,كتابة مقالات إبداعية حصرية بقلم كاتب متمرس,https://khamsat.com/writing/articles-blogposts/1539832-%D9%83%D8%AA%D8%A7%D8%A8%D8%A9-%D9%85%D9%82%D8%A7%D9%84%D8%A7%D8%AA-%D8%A5%D8%A8%D8%AF%D8%A7%D8%B9%D9%8A%D8%A9-%D8%AD%D8%B5%D8%B1%D9%8A%D8%A9-%D8%A8%D9%82%D9%84%D9%85-%D9%83%D8%A7%D8%AA%D8%A8-%D9%85%D8%AA%D9%85%D8%B1%D8%B3,5.0,28,41 دقيقة,33,0,$50.00,شهر,25,4,250.0,نبراس ا.,https://khamsat.com/user/nibras-alhadidi,True,بائع موثوق,5.0,210,99.58%,8,147,ساعة
كتابة وترجمة,https://khamsat.com/writing,مقالات وتدوينات,https://khamsat.com/writing/articles-blogposts,كتابة مقالات ومراجعات أدبية,https://khamsat.com/writing/articles-blogposts/2078895-%D9%83%D8%AA%D8%A7%D8%A8%D8%A9-%D9%85%D9%82%D8%A7%D9%84%D8%A7%D8%AA-%D9%88%D9%85%D8%B1%D8%A7%D8%AC%D8%B9%D8%A7%D8%AA-%D8%A3%D8%AF%D8%A8%D9%8A%D8%A9,5.0,17,14 دقيقة,21,0,$5.00,يوم واحد,17,3,35.0,حيدر ن.,https://khamsat.com/user/haidar214,True,بائع مميز,5.0,53,92.03%,15,56,ساعتين
كتابة وترجمة,https://khamsat.com/writing,مقالات وتدوينات,https://khamsat.com/writing/articles-blogposts,كتابة مقالات موافقة لمعايير السيو SEO عربي/فرنسي,https://khamsat.com/writing/articles-blogposts/2053818-%D9%83%D8%AA%D8%A7%D8%A8%D8%A9-%D9%85%D9%82%D8%A7%D9%84%D8%A7%D8%AA-%D9%85%D9%88%D8%A7%D9%81%D9%82%D8%A9-%D9%84%D9%85%D8%B9%D8%A7%D9%8A%D9%8A%D8%B1-%D8%A7%D9%84%D8%B3%D9%8A%D9%88-seo-%D8%B9%D8%B1%D8%A8%D9%8A%D9%81%D8%B1%D9%86%D8%B3%D9%8A,5.0,21,11 ساعة,22,1,$5.00,يومين,21,5,85.0,إمان ح.,https://khamsat.com/user/imane_hakimi,True,بائع مميز,5.0,29,98.59%,2,28,4 ساعات
كتابة وترجمة,https://khamsat.com/writing,مقالات وتدوينات,https://khamsat.com/writing/articles-blogposts,كتابة مقالات متوافقة مع السيو,https://khamsat.com/writing/articles-blogposts/2236156-%D9%83%D8%AA%D8%A7%D8%A8%D8%A9-%D9%85%D9%82%D8%A7%D9%84%D8%A7%D8%AA-%D9%85%D8%AA%D9%88%D8%A7%D9%81%D9%82%D8%A9-%D9%85%D8%B9-%D8%A7%D9%84%D8%B3%D9%8A%D9%88,5.0,6,ساعتين,7,0,$5.00,يوم واحد,6,3,30.0,عرفان ع.,https://khamsat.com/user/orfanarnoos,True,بائع نشيط,5.0,6,100.0%,1,7,ساعتين
كتابة وترجمة,https://khamsat.com/writing,مقالات وتدوينات,https://khamsat.com/writing/articles-blogposts,كتابه مقالات فى مختلف المجالات,https://khamsat.com/writing/articles-blogposts/1374813-%D9%83%D8%AA%D8%A7%D8%A8%D9%87-%D9%85%D9%82%D8%A7%D9%84%D8%A7%D8%AA-%D9%81%D9%89-%D9%85%D8%AE%D8%AA%D9%84%D9%81-%D8%A7%D9%84%D9%85%D8%AC%D8%A7%D9%84%D8%A7%D8%AA,4.5,39,ساعتين,52,0,$5.00,يومين,25,2,230.0,بسمة م.,https://khamsat.com/user/basant92,True,بائع مميز,4.5,48,99.3%,3,57,ساعتين
كتابة وترجمة,https://khamsat.com/writing,مقالات وتدوينات,https://khamsat.com/writing/articles-blogposts,كتابة مقالات في مجالات مختلفة متوافقة مع SEO,https://khamsat.com/writing/articles-blogposts/1081651-%D9%83%D8%AA%D8%A7%D8%A8%D8%A9-%D9%85%D9%82%D8%A7%D9%84%D8%A7%D8%AA-%D9%81%D9%8A-%D9%85%D8%AC%D8%A7%D9%84%D8%A7%D8%AA-%D9%85%D8%AE%D8%AA%D9%84%D9%81%D8%A9-%D9%85%D8%AA%D9%88%D8%A7%D9%81%D9%82%D8%A9-%D9%85%D8%B9-seo,4.5,77,3 ساعات,117,0,$5.00,يوم واحد,25,3,65.0,.Tamer S,https://khamsat.com/user/tamer_saleh,True,بائع مميز,4.5,92,95.7%,4,126,4 ساعات
كتابة وترجمة,https://khamsat.com/writing,مقالات وتدوينات,https://khamsat.com/writing/articles-blogposts,كتابة مقالات دينية إبداعية حصرية وغير منسوخة,https://khamsat.com/writing/articles-blogposts/2747216-%D9%83%D8%AA%D8%A7%D8%A8%D8%A9-%D9%85%D9%82%D8%A7%D9%84%D8%A7%D8%AA-%D8%AF%D9%8A%D9%86%D9%8A%D8%A9-%D8%A5%D8%A8%D8%AF%D8%A7%D8%B9%D9%8A%D8%A9-%D8%AD%D8%B5%D8%B1%D9%8A%D8%A9-%D9%88%D8%BA%D9%8A%D8%B1-%D9%85%D9%86%D8%B3%D9%88%D8%AE%D8%A9,5.0,3,3 دقائق,4,0,$5.00,يوم واحد,3,3,55.0,دعاء م.,https://khamsat.com/user/doaamohamedy,True,بائع نشيط,5.0,12,94.74%,4,11,7 دقائق
كتابة وترجمة,https://khamsat.com/writing,مقالات وتدوينات,https://khamsat.com/writing/articles-blogposts,كاتبة مقالات خبرة أكتب لك,https://khamsat.com/writing/articles-blogposts/1020461-%D9%83%D8%A7%D8%AA%D8%A8%D8%A9-%D9%85%D9%82%D8%A7%D9%84%D8%A7%D8%AA-%D8%AE%D8%A8%D8%B1%D8%A9-%D8%A3%D9%83%D8%AA%D8%A8-%D9%84%D9%83,4.5,68,ساعة,99,0,$5.00,يوم واحد,25,0,0.0,رانيا ح.,https://khamsat.com/user/%D8%B1%D8%A7%D9%86%D9%8A%D8%A7-%D8%AD%D9%86%D9%81%D9%8A-%D8%AD%D8%A7%D9%81%D8%B8,True,بائع مميز,4.5,70,94.83%,1,102,يوم
كتابة وترجمة,https://khamsat.com/writing,مقالات وتدوينات,https://khamsat.com/writing/articles-blogposts,كتابة مقالات حصرية في مختلف الموضوعات,https://khamsat.com/writing/articles-blogposts/345707-%D9%83%D8%AA%D8%A7%D8%A8%D8%A9-%D9%85%D9%82%D8%A7%D9%84%D8%A7%D8%AA-%D8%AD%D8%B5%D8%B1%D9%8A%D8%A9-%D9%81%D9%8A-%D9%85%D8%AE%D8%AA%D9%84%D9%81-%D8%A7%D9%84%D9%85%D9%88%D8%B6%D9%88%D8%B9%D8%A7%D8%AA,5.0,60,ساعة,80,0,$5.00,يومين,25,5,60.0,محمد ع.,https://khamsat.com/user/muhmdd,False,بائع مميز,5.0,102,95.38%,13,114,7 ساعات
كتابة وترجمة,https://khamsat.com/writing,مقالات وتدوينات,https://khamsat.com/writing/articles-blogposts,مقالات حصرية متوافقة مع السيو باللغة العربية,https://khamsat.com/writing/articles-blogposts/1318871-%D9%85%D9%82%D8%A7%D9%84%D8%A7%D8%AA-%D8%AD%D8%B5%D8%B1%D9%8A%D8%A9-%D9%85%D8%AA%D9%88%D8%A7%D9%81%D9%82%D8%A9-%D9%85%D8%B9-%D8%A7%D9%84%D8%B3%D9%8A%D9%88-%D8%A8%D8%A7%D9%84%D9%84%D8%BA%D8%A9-%D8%A7%D9%84%D8%B9%D8%B1%D8%A8%D9%8A%D8%A9,4.5,7,5 ساعات,8,0,$5.00,يومين,7,1,50.0,تامر أ.,https://khamsat.com/user/nour_800s,True,بائع مميز,4.5,15,88.52%,4,18,5 ساعات
كتابة وترجمة,https://khamsat.com/writing,مقالات وتدوينات,https://khamsat.com/writing/articles-blogposts,كتابة مقالات حصرية للمدونات و المواقع باللغة العربية.,https://khamsat.com/writing/articles-blogposts/1121228-%D9%83%D8%AA%D8%A7%D8%A8%D8%A9-%D9%85%D9%82%D8%A7%D9%84%D8%A7%D8%AA-%D8%AD%D8%B5%D8%B1%D9%8A%D8%A9-%D9%84%D9%84%D9%85%D8%AF%D9%88%D9%86%D8%A7%D8%AA-%D9%88-%D8%A7%D9%84%D9%85%D9%88%D8%A7%D9%82%D8%B9-%D8%A8%D8%A7%D9%84%D9%84%D8%BA%D8%A9-%D8%A7%D9%84%D8%B9%D8%B1%D8%A8%D9%8A%D8%A9,5.0,65,3 ساعات,84,0,$10.00,يوم واحد,25,5,385.0,زهير ح.,https://khamsat.com/user/zohyr,True,بائع مميز,5.0,66,87.82%,1,85,3 ساعات
كتابة وترجمة,https://khamsat.com/writing,مقالات وتدوينات,https://khamsat.com/writing/articles-blogposts,كتابة المقالات الحصرية باللغة العربية,https://khamsat.com/writing/articles-blogposts/1163151-%D9%83%D8%AA%D8%A7%D8%A8%D8%A9-%D8%A7%D9%84%D9%85%D9%82%D8%A7%D9%84%D8%A7%D8%AA-%D8%A7%D9%84%D8%AD%D8%B5%D8%B1%D9%8A%D8%A9-%D8%A8%D8%A7%D9%84%D9%84%D8%BA%D8%A9-%D8%A7%D9%84%D8%B9%D8%B1%D8%A8%D9%8A%D8%A9,5.0,20,20 ساعة,31,0,$5.00,ثلاثة أيام,20,0,0.0,احمد م.,https://khamsat.com/user/%D8%A7%D8%AD%D9%85%D8%AF-%D8%B9%D8%A8%D8%AF-%D8%A7%D9%84%D8%B3%D9%85%D9%8A%D8%B9-%D8%B9%D8%A8%D8%AF%D9%87,True,بائع مميز,5.0,42,95.29%,5,55,6 ساعات
كتابة وترجمة,https://khamsat.com/writing,مقالات وتدوينات,https://khamsat.com/writing/articles-blogposts,كتابة مقالات خلال ساعتين,https://khamsat.com/writing/articles-blogposts/1478097-%D9%83%D8%AA%D8%A7%D8%A8%D8%A9-%D9%85%D9%82%D8%A7%D9%84%D8%A7%D8%AA-%D8%AE%D9%84%D8%A7%D9%84-%D8%B3%D8%A7%D8%B9%D8%AA%D9%8A%D9%86,5.0,5,27 دقيقة,10,0,$5.00,يوم واحد,5,2,35.0,.Hassan Y,https://khamsat.com/user/hassanyoussef21,True,بائع نشيط,5.0,12,91.18%,2,19,ساعة
كتابة وترجمة,https://khamsat.com/writing,مقالات وتدوينات,https://khamsat.com/writing/articles-blogposts,عزز تواجدك على محركات البحث من خلال مقالات وتدوينات غنية بالمعلومات,https://khamsat.com/writing/articles-blogposts/1400891-%D8%B9%D8%B2%D8%B2-%D8%AA%D9%88%D8%A7%D8%AC%D8%AF%D9%83-%D8%B9%D9%84%D9%89-%D9%85%D8%AD%D8%B1%D9%83%D8%A7%D8%AA-%D8%A7%D9%84%D8%A8%D8%AD%D8%AB-%D9%85%D9%86-%D8%AE%D9%84%D8%A7%D9%84-%D9%85%D9%82%D8%A7%D9%84%D8%A7%D8%AA-%D9%88%D8%AA%D8%AF%D9%88%D9%8A%D9%86%D8%A7%D8%AA-%D8%BA%D9%86%D9%8A%D8%A9-%D8%A8%D8%A7%D9%84%D9%85%D8%B9%D9%84%D9%88%D9%85%D8%A7%D8%AA,5.0,3,ساعة,3,0,$5.00,يومين,3,3,30.0,أحمد م.,https://khamsat.com/user/ahmedmukhtargouda,True,بائع مميز,5.0,31,97.53%,6,26,3 ساعات
كتابة وترجمة,https://khamsat.com/writing,مقالات وتدوينات,https://khamsat.com/writing/articles-blogposts,كتابة مقالات في مختلف الاختصاصات,https://khamsat.com/writing/articles-blogposts/2862313-%D9%83%D8%AA%D8%A7%D8%A8%D8%A9-%D9%85%D9%82%D8%A7%D9%84%D8%A7%D8%AA-%D9%81%D9%8A-%D9%85%D8%AE%D8%AA%D9%84%D9%81-%D8%A7%D9%84%D8%A7%D8%AE%D8%AA%D8%B5%D8%A7%D8%B5%D8%A7%D8%AA,5.0,1,5 أيام,2,0,$5.00,يوم واحد,1,2,35.0,وسام ق.,https://khamsat.com/user/wisaam313,True,بائع جديد,5.0,2,85.71%,2,2,يومين
كتابة وترجمة,https://khamsat.com/writing,مقالات وتدوينات,https://khamsat.com/writing/articles-blogposts,كتابة مقالات متقنة ومدققة,https://khamsat.com/writing/articles-blogposts/2212752-%D9%83%D8%AA%D8%A7%D8%A8%D8%A9-%D9%85%D9%82%D8%A7%D9%84%D8%A7%D8%AA-%D9%85%D8%AA%D9%82%D9%86%D8%A9-%D9%88%D9%85%D8%AF%D9%82%D9%82%D8%A9,4.5,10,3 ساعات,13,0,$5.00,يوم واحد,10,0,0.0,شام ن.,https://khamsat.com/user/sham123sham,True,بائع مميز,4.5,10,91.23%,1,13,3 ساعات
كتابة وترجمة,https://khamsat.com/writing,مقالات وتدوينات,https://khamsat.com/writing/articles-blogposts,كتابة مقالات مطابقين للSEO مع النشر في موقعك,https://khamsat.com/writing/articles-blogposts/1796854-%D9%83%D8%AA%D8%A7%D8%A8%D8%A9-%D9%85%D9%82%D8%A7%D9%84%D8%A7%D8%AA-%D9%85%D8%B7%D8%A7%D8%A8%D9%82%D9%8A%D9%86-%D9%84%D9%84seo-%D9%85%D8%B9-%D8%A7%D9%84%D9%86%D8%B4%D8%B1-%D9%81%D9%8A-%D9%85%D9%88%D9%82%D8%B9%D9%83,5.0,32,5 ساعات,41,0,$10.00,ثلاثة أيام,25,5,45.0,.Rahma K,https://khamsat.com/user/rody1122,True,بائع مميز,5.0,50,94.12%,7,58,يوم
كتابة وترجمة,https://khamsat.com/writing,مقالات وتدوينات,https://khamsat.com/writing/articles-blogposts,كتابة مقالات باللغتين العربية والإنجليزية متوافقة مع seo,https://khamsat.com/writing/articles-blogposts/1968557-%D9%83%D8%AA%D8%A7%D8%A8%D8%A9-%D9%85%D9%82%D8%A7%D9%84%D8%A7%D8%AA-%D8%A8%D8%A7%D9%84%D9%84%D8%BA%D8%AA%D9%8A%D9%86-%D8%A7%D9%84%D8%B9%D8%B1%D8%A8%D9%8A%D8%A9-%D9%88%D8%A7%D9%84%D8%A5%D9%86%D8%AC%D9%84%D9%8A%D8%B2%D9%8A%D8%A9-%D9%85%D8%AA%D9%88%D8%A7%D9%81%D9%82%D8%A9-%D9%85%D8%B9-seo,4.5,9,23 ساعة,14,0,$10.00,يوم واحد,9,0,0.0,.Zeina M,https://khamsat.com/user/zeinamhlla,True,بائع مميز,5.0,18,96.88%,3,19,8 ساعات
كتابة وترجمة,https://khamsat.com/writing,مقالات وتدوينات,https://khamsat.com/writing/articles-blogposts,كتابة مقالات حصرية انجليزية بجودة عالية فى جميع المجالات,https://khamsat.com/writing/articles-blogposts/784713-%D9%83%D8%AA%D8%A7%D8%A8%D8%A9-%D9%85%D9%82%D8%A7%D9%84%D8%A7%D8%AA-%D8%AD%D8%B5%D8%B1%D9%8A%D8%A9-%D8%A7%D9%86%D8%AC%D9%84%D9%8A%D8%B2%D9%8A%D8%A9-%D8%A8%D8%AC%D9%88%D8%AF%D8%A9-%D8%B9%D8%A7%D9%84%D9%8A%D8%A9-%D9%81%D9%89-%D8%AC%D9%85%D9%8A%D8%B9-%D8%A7%D9%84%D9%85%D8%AC%D8%A7%D9%84%D8%A7%D8%AA,5.0,99,ساعتين,143,0,$5.00,يومين,25,4,85.0,.Fayadan S,https://khamsat.com/user/star2day,True,بائع مميز,5.0,102,93.09%,1,145,17 ساعة
كتابة وترجمة,https://khamsat.com/writing,مقالات وتدوينات,https://khamsat.com/writing/articles-blogposts,كتابة مقالات متوافقة مع SEO,https://khamsat.com/writing/articles-blogposts/1880665-%D9%83%D8%AA%D8%A7%D8%A8%D8%A9-%D9%85%D9%82%D8%A7%D9%84%D8%A7%D8%AA-%D9%85%D8%AA%D9%88%D8%A7%D9%81%D9%82%D8%A9-%D9%85%D8%B9-seo,5.0,38,يوم,44,0,$15.00,أربعة أيام,25,3,75.0,مدحت س.,https://khamsat.com/user/medhat_salman,True,بائع مميز,5.0,45,87.21%,7,53,7 ساعات
كتابة وترجمة,https://khamsat.com/writing,صفحات الموقع الأساسية,https://khamsat.com/writing/website-main-pages-content,صياغة الشروط والأحكام وسياسة الخصوصية للمواقع الالكترونية,https://khamsat.com/writing/website-main-pages-content/2851762-%D8%B5%D9%8A%D8%A7%D8%BA%D8%A9-%D8%A7%D9%84%D8%B4%D8%B1%D9%88%D8%B7-%D9%88%D8%A7%D9%84%D8%A3%D8%AD%D9%83%D8%A7%D9%85-%D9%88%D8%B3%D9%8A%D8%A7%D8%B3%D8%A9-%D8%A7%D9%84%D8%AE%D8%B5%D9%88%D8%B5%D9%8A%D8%A9-%D9%84%D9%84%D9%85%D9%88%D8%A7%D9%82%D8%B9-%D8%A7%D9%84%D8%A7%D9%84%D9%83%D8%AA%D8%B1%D9%88%D9%86%D9%8A%D8%A9,5.0,2,لم يحسب,2,0,$10.00,يومين,2,0,0.0,.Eman A,https://khamsat.com/user/eman-ahmad,True,بائع مميز,5.0,56,95.24%,4,76,6 ساعات
كتابة وترجمة,https://khamsat.com/writing,صفحات الموقع الأساسية,https://khamsat.com/writing/website-main-pages-content,صياغة فكرة مشروع أو محتوى موقع إلكتروني لشركتك وعملك,https://khamsat.com/writing/website-main-pages-content/3017183-%D8%B5%D9%8A%D8%A7%D8%BA%D8%A9-%D9%81%D9%83%D8%B1%D8%A9-%D9%85%D8%B4%D8%B1%D9%88%D8%B9-%D8%A3%D9%88-%D9%85%D8%AD%D8%AA%D9%88%D9%89-%D9%85%D9%88%D9%82%D8%B9-%D8%A5%D9%84%D9%83%D8%AA%D8%B1%D9%88%D9%86%D9%8A-%D9%84%D8%B4%D8%B1%D9%83%D8%AA%D9%83-%D9%88%D8%B9%D9%85%D9%84%D9%83,5.0,1,يومين,1,0,$50.00,أسبوع,1,2,150.0,سمية ج.,https://khamsat.com/user/somia_djabelkheir,True,بائع مميز,5.0,38,91.92%,4,46,يومين
كتابة وترجمة,https://khamsat.com/writing,صفحات الموقع الأساسية,https://khamsat.com/writing/website-main-pages-content,صياغة صفحات سياسة الخصوصية وشروط الاستخدام ومن نحن لموقعك,https://khamsat.com/writing/website-main-pages-content/2536847-%D8%B5%D9%8A%D8%A7%D8%BA%D8%A9-%D8%B5%D9%81%D8%AD%D8%A7%D8%AA-%D8%B3%D9%8A%D8%A7%D8%B3%D8%A9-%D8%A7%D9%84%D8%AE%D8%B5%D9%88%D8%B5%D9%8A%D8%A9-%D9%88%D8%B4%D8%B1%D9%88%D8%B7-%D8%A7%D9%84%D8%A7%D8%B3%D8%AA%D8%AE%D8%AF%D8%A7%D9%85-%D9%88%D9%85%D9%86-%D9%86%D8%AD%D9%86-%D9%84%D9%85%D9%88%D9%82%D8%B9%D9%83,5.0,10,4 ساعات,21,0,$10.00,يومين,10,3,40.0,.Dania S,https://khamsat.com/user/dania_shannak96,True,بائع مميز,4.5,62,97.87%,6,68,يوم
كتابة وترجمة,https://khamsat.com/writing,صفحات الموقع الأساسية,https://khamsat.com/writing/website-main-pages-content,كتابة صفحات المواقع بشكل احترافي,https://khamsat.com/writing/website-main-pages-content/1581087-%D9%83%D8%AA%D8%A7%D8%A8%D8%A9-%D8%B5%D9%81%D8%AD%D8%A7%D8%AA-%D8%A7%D9%84%D9%85%D9%88%D8%A7%D9%82%D8%B9-%D8%A8%D8%B4%D9%83%D9%84-%D8%A7%D8%AD%D8%AA%D8%B1%D8%A7%D9%81%D9%8A,5.0,9,ساعتين,11,0,$5.00,يومين,9,0,0.0,فاتن ب.,https://khamsat.com/user/eng.faten,True,بائع نشيط,5.0,9,100.0%,5,11,5 أيام
كتابة وترجمة,https://khamsat.com/writing,صفحات الموقع الأساسية,https://khamsat.com/writing/website-main-pages-content,صياغة صفحات من نحن وسياسة الخصوصية وشروط الاستخدام,https://khamsat.com/writing/website-main-pages-content/973314-%D8%B5%D9%8A%D8%A7%D8%BA%D8%A9-%D8%B5%D9%81%D8%AD%D8%A7%D8%AA-%D9%85%D9%86-%D9%86%D8%AD%D9%86-%D9%88%D8%B3%D9%8A%D8%A7%D8%B3%D8%A9-%D8%A7%D9%84%D8%AE%D8%B5%D9%88%D8%B5%D9%8A%D8%A9-%D9%88%D8%B4%D8%B1%D9%88%D8%B7-%D8%A7%D9%84%D8%A7%D8%B3%D8%AA%D8%AE%D8%AF%D8%A7%D9%85,5.0,79,ساعة,124,0,$5.00,يومين,25,5,75.0,محمد ن.,https://khamsat.com/user/%D8%A7%D9%84%D8%AE%D8%A8%D9%8A%D8%B1-%D8%A7%D9%84%D8%B9%D8%B1%D8%A8%D9%8A,True,بائع مميز,5.0,333,87.15%,24,460,10 ساعات
كتابة وترجمة,https://khamsat.com/writing,صفحات الموقع الأساسية,https://khamsat.com/writing/website-main-pages-content,صياغة صفحات سياسة الخصوصية وسياسة الاستخدام ومن نحن لموقعك,https://khamsat.com/writing/website-main-pages-content/1568181-%D8%B5%D9%8A%D8%A7%D8%BA%D8%A9-%D8%B5%D9%81%D8%AD%D8%A7%D8%AA-%D8%B3%D9%8A%D8%A7%D8%B3%D8%A9-%D8%A7%D9%84%D8%AE%D8%B5%D9%88%D8%B5%D9%8A%D8%A9-%D9%88%D8%B3%D9%8A%D8%A7%D8%B3%D8%A9-%D8%A7%D9%84%D8%A7%D8%B3%D8%AA%D8%AE%D8%AF%D8%A7%D9%85-%D9%88%D9%85%D9%86-%D9%86%D8%AD%D9%86-%D9%84%D9%85%D9%88%D9%82%D8%B9%D9%83,4.5,76,17 ساعة,110,0,$5.00,ثلاثة أيام,25,5,75.0,غزلان ا.,https://khamsat.com/user/amalia88,True,بائع مميز,4.5,84,96.84%,3,119,5 ساعات
كتابة وترجمة,https://khamsat.com/writing,صفحات الموقع الأساسية,https://khamsat.com/writing/website-main-pages-content,كتابة محتوى مواقع باللغات العربية الإنكليزية والألمانية,https://khamsat.com/writing/website-main-pages-content/2303626-%D9%83%D8%AA%D8%A7%D8%A8%D8%A9-%D9%85%D8%AD%D8%AA%D9%88%D9%89-%D9%85%D9%88%D8%A7%D9%82%D8%B9-%D8%A8%D8%A7%D9%84%D9%84%D8%BA%D8%A7%D8%AA-%D8%A7%D9%84%D8%B9%D8%B1%D8%A8%D9%8A%D8%A9-%D8%A7%D9%84%D8%A5%D9%86%D9%83%D9%84%D9%8A%D8%B2%D9%8A%D8%A9-%D9%88%D8%A7%D9%84%D8%A3%D9%84%D9%85%D8%A7%D9%86%D9%8A%D8%A9,5.0,6,يوم,11,0,$25.00,يوم واحد,6,1,100.0,آية ا.,https://khamsat.com/user/aya_almahrous,True,بائع نشيط,5.0,16,80.33%,4,19,11 ساعة
كتابة وترجمة,https://khamsat.com/writing,صفحات الموقع الأساسية,https://khamsat.com/writing/website-main-pages-content,مراجعة وصياغة شروط الاستخدام وسياسات المواقع والتطبيقات,https://khamsat.com/writing/website-main-pages-content/1430367-%D9%85%D8%B1%D8%A7%D8%AC%D8%B9%D8%A9-%D9%88%D8%B5%D9%8A%D8%A7%D8%BA%D8%A9-%D8%B4%D8%B1%D9%88%D8%B7-%D8%A7%D9%84%D8%A7%D8%B3%D8%AA%D8%AE%D8%AF%D8%A7%D9%85-%D9%88%D8%B3%D9%8A%D8%A7%D8%B3%D8%A7%D8%AA-%D8%A7%D9%84%D9%85%D9%88%D8%A7%D9%82%D8%B9-%D9%88%D8%A7%D9%84%D8%AA%D8%B7%D8%A8%D9%8A%D9%82%D8%A7%D8%AA,4.5,5,ساعتين,7,0,$15.00,يومين,5,5,275.0,عبدالرحمان ا.,https://khamsat.com/user/menhaj_media,True,بائع مميز,4.5,27,87.69%,3,33,ساعتين
كتابة وترجمة,https://khamsat.com/writing,صفحات الموقع الأساسية,https://khamsat.com/writing/website-main-pages-content,كتابة محتوى المواقع الإلكترونية قصة علامتك التجارية,https://khamsat.com/writing/website-main-pages-content/2925715-%D9%83%D8%AA%D8%A7%D8%A8%D8%A9-%D9%85%D8%AD%D8%AA%D9%88%D9%89-%D8%A7%D9%84%D9%85%D9%88%D8%A7%D9%82%D8%B9-%D8%A7%D9%84%D8%A5%D9%84%D9%83%D8%AA%D8%B1%D9%88%D9%86%D9%8A%D8%A9-%D9%82%D8%B5%D8%A9-%D8%B9%D9%84%D8%A7%D9%85%D8%AA%D9%83-%D8%A7%D9%84%D8%AA%D8%AC%D8%A7%D8%B1%D9%8A%D8%A9,5.0,4,6 ساعات,4,0,$10.00,يوم واحد,4,5,60.0,اسطفانوس ك.,https://khamsat.com/user/estafanos,True,بائع مميز,4.5,51,93.26%,7,58,ساعتين
كتابة وترجمة,https://khamsat.com/writing,صفحات الموقع الأساسية,https://khamsat.com/writing/website-main-pages-content,كتابة محتوى موقع شركتك VIP من نحن والرسالة وسياسة الخصوصية,https://khamsat.com/writing/website-main-pages-content/2764780-%D9%83%D8%AA%D8%A7%D8%A8%D8%A9-%D9%85%D8%AD%D8%AA%D9%88%D9%89-%D9%85%D9%88%D9%82%D8%B9-%D8%B4%D8%B1%D9%83%D8%AA%D9%83-vip-%D9%85%D9%86-%D9%86%D8%AD%D9%86-%D9%88%D8%A7%D9%84%D8%B1%D8%B3%D8%A7%D9%84%D8%A9-%D9%88%D8%B3%D9%8A%D8%A7%D8%B3%D8%A9-%D8%A7%D9%84%D8%AE%D8%B5%D9%88%D8%B5%D9%8A%D8%A9,5.0,5,9 دقائق,6,1,$25.00,يوم واحد,5,5,340.0,.Mohamad S,https://khamsat.com/user/mohamad_3aled,True,بائع مميز,5.0,56,94.93%,3,71,ساعة
كتابة وترجمة,https://khamsat.com/writing,صفحات الموقع الأساسية,https://khamsat.com/writing/website-main-pages-content,كتابة محتوى موقعك الالكتروني الخاص بشركتك,https://khamsat.com/writing/website-main-pages-content/1207206-%D9%83%D8%AA%D8%A7%D8%A8%D8%A9-%D9%85%D8%AD%D8%AA%D9%88%D9%89-%D9%85%D9%88%D9%82%D8%B9%D9%83-%D8%A7%D9%84%D8%A7%D9%84%D9%83%D8%AA%D8%B1%D9%88%D9%86%D9%8A-%D8%A7%D9%84%D8%AE%D8%A7%D8%B5-%D8%A8%D8%B4%D8%B1%D9%83%D8%AA%D9%83,5.0,44,يوم,75,0,$10.00,يومين,25,3,165.0,.Mokhtar A,https://khamsat.com/user/alsabri313,True,بائع موثوق,5.0,93,83.64%,7,128,11 ساعة
كتابة وترجمة,https://khamsat.com/writing,صفحات الموقع الأساسية,https://khamsat.com/writing/website-main-pages-content,كتابة محتوى موقع شركتك والرؤية والرسالة والأهداف,https://khamsat.com/writing/website-main-pages-content/670115-%D9%83%D8%AA%D8%A7%D8%A8%D8%A9-%D9%85%D8%AD%D8%AA%D9%88%D9%89-%D9%85%D9%88%D9%82%D8%B9-%D8%B4%D8%B1%D9%83%D8%AA%D9%83-%D9%88%D8%A7%D9%84%D8%B1%D8%A4%D9%8A%D8%A9-%D9%88%D8%A7%D9%84%D8%B1%D8%B3%D8%A7%D9%84%D8%A9-%D9%88%D8%A7%D9%84%D8%A3%D9%87%D8%AF%D8%A7%D9%81,5.0,213,ساعة,346,0,$5.00,ثلاثة أيام,25,5,320.0,محمد ع.,https://khamsat.com/user/%D9%85%D8%AD%D9%85%D8%AF-%D8%B9%D8%A8%D8%AF-%D8%A7%D9%84%D9%83%D8%B1%D9%8A%D9%851,True,بائع مميز,5.0,376,96.61%,4,535,20 ساعة
كتابة وترجمة,https://khamsat.com/writing,صفحات الموقع الأساسية,https://khamsat.com/writing/website-main-pages-content,كتابة و صياغة صفحات من نحن سياسة الخصوصية وشروط الإستخدام,https://khamsat.com/writing/website-main-pages-content/1331483-%D9%83%D8%AA%D8%A7%D8%A8%D8%A9-%D9%88-%D8%B5%D9%8A%D8%A7%D8%BA%D8%A9-%D8%B5%D9%81%D8%AD%D8%A7%D8%AA-%D9%85%D9%86-%D9%86%D8%AD%D9%86-%D8%B3%D9%8A%D8%A7%D8%B3%D8%A9-%D8%A7%D9%84%D8%AE%D8%B5%D9%88%D8%B5%D9%8A%D8%A9-%D9%88%D8%B4%D8%B1%D9%88%D8%B7-%D8%A7%D9%84%D8%A5%D8%B3%D8%AA%D8%AE%D8%AF%D8%A7%D9%85,4.5,59,ساعة,87,0,$5.00,يوم واحد,25,5,55.0,.Abdelmoumen B,https://khamsat.com/user/moubag,True,بائع مميز,4.5,61,86.07%,4,88,6 ساعات
كتابة وترجمة,https://khamsat.com/writing,صفحات الموقع الأساسية,https://khamsat.com/writing/website-main-pages-content,"صياغة سياسة الاستبدال والاسترجاع, سياسة الضمان للمتاجر",https://khamsat.com/writing/website-main-pages-content/1903769-%D8%B5%D9%8A%D8%A7%D8%BA%D8%A9-%D8%B3%D9%8A%D8%A7%D8%B3%D8%A9-%D8%A7%D9%84%D8%A7%D8%B3%D8%AA%D8%A8%D8%AF%D8%A7%D9%84-%D9%88%D8%A7%D9%84%D8%A7%D8%B3%D8%AA%D8%B1%D8%AC%D8%A7%D8%B9-%D8%B3%D9%8A%D8%A7%D8%B3%D8%A9-%D8%A7%D9%84%D8%B6%D9%85%D8%A7%D9%86-%D9%84%D9%84%D9%85%D8%AA%D8%A7%D8%AC%D8%B1,0.0,0,3 ساعات,2,0,$5.00,يومين,0,5,120.0,محمد ن.,https://khamsat.com/user/%D8%A7%D9%84%D8%AE%D8%A8%D9%8A%D8%B1-%D8%A7%D9%84%D8%B9%D8%B1%D8%A8%D9%8A,True,بائع مميز,5.0,333,87.15%,24,460,10 ساعات
كتابة وترجمة,https://khamsat.com/writing,صفحات الموقع الأساسية,https://khamsat.com/writing/website-main-pages-content,كتابة شروط الأحكام وسياسة الخصوصية وبروفيل الشركة,https://khamsat.com/writing/website-main-pages-content/806893-%D9%83%D8%AA%D8%A7%D8%A8%D8%A9-%D8%B4%D8%B1%D9%88%D8%B7-%D8%A7%D9%84%D8%A3%D8%AD%D9%83%D8%A7%D9%85-%D9%88%D8%B3%D9%8A%D8%A7%D8%B3%D8%A9-%D8%A7%D9%84%D8%AE%D8%B5%D9%88%D8%B5%D9%8A%D8%A9-%D9%88%D8%A8%D8%B1%D9%88%D9%81%D9%8A%D9%84-%D8%A7%D9%84%D8%B4%D8%B1%D9%83%D8%A9,4.5,94,16 دقيقة,151,0,$25.00,أسبوع,25,5,325.0,محمود ب.,https://khamsat.com/user/%D9%85%D8%AD%D9%85%D9%88%D8%AF-%D8%B3%D8%A7%D9%84%D9%85,True,بائع موثوق,4.5,275,97.47%,7,405,4 ساعات
كتابة وترجمة,https://khamsat.com/writing,صفحات الموقع الأساسية,https://khamsat.com/writing/website-main-pages-content,إعداد وصياغة صفحات سياسة الخصوصية وشروط الاستخدام,https://khamsat.com/writing/website-main-pages-content/2724699-%D8%A5%D8%B9%D8%AF%D8%A7%D8%AF-%D9%88%D8%B5%D9%8A%D8%A7%D8%BA%D8%A9-%D8%B5%D9%81%D8%AD%D8%A7%D8%AA-%D8%B3%D9%8A%D8%A7%D8%B3%D8%A9-%D8%A7%D9%84%D8%AE%D8%B5%D9%88%D8%B5%D9%8A%D8%A9-%D9%88%D8%B4%D8%B1%D9%88%D8%B7-%D8%A7%D9%84%D8%A7%D8%B3%D8%AA%D8%AE%D8%AF%D8%A7%D9%85,0.0,0,9 ساعات,1,0,$10.00,يوم واحد,0,4,70.0,.Bashar S,https://khamsat.com/user/bashar_sallout,True,بائع مميز,4.5,19,93.42%,5,29,21 ساعة
كتابة وترجمة,https://khamsat.com/writing,صفحات الموقع الأساسية,https://khamsat.com/writing/website-main-pages-content,كتابة محتوى صفحات موقعك,https://khamsat.com/writing/website-main-pages-content/772655-%D9%83%D8%AA%D8%A7%D8%A8%D8%A9-%D9%85%D8%AD%D8%AA%D9%88%D9%89-%D8%B5%D9%81%D8%AD%D8%A7%D8%AA-%D9%85%D9%88%D9%82%D8%B9%D9%83,5.0,53,ساعة,78,0,$15.00,أربعة أيام,25,3,35.0,.Zeinab M,https://khamsat.com/user/zeinab-magdy,True,بائع مميز,5.0,225,90.32%,5,273,58 دقيقة
كتابة وترجمة,https://khamsat.com/writing,صفحات الموقع الأساسية,https://khamsat.com/writing/website-main-pages-content,كتابة صفحة من نحن؟ والأسئلة الشائعة FAQ,https://khamsat.com/writing/website-main-pages-content/1598147-%D9%83%D8%AA%D8%A7%D8%A8%D8%A9-%D8%B5%D9%81%D8%AD%D8%A9-%D9%85%D9%86-%D9%86%D8%AD%D9%86-%D9%88%D8%A7%D9%84%D8%A3%D8%B3%D8%A6%D9%84%D8%A9-%D8%A7%D9%84%D8%B4%D8%A7%D8%A6%D8%B9%D8%A9-faq,5.0,3,يومين,3,0,$20.00,ثلاثة أيام,3,1,15.0,.Aya H,https://khamsat.com/user/ayahasan,True,بائع مميز,4.5,103,90.59%,16,127,13 ساعة
كتابة وترجمة,https://khamsat.com/writing,صفحات الموقع الأساسية,https://khamsat.com/writing/website-main-pages-content,كتابة سياسة الخصوصية والشروط متوافقة مع القوانين كل بندين,https://khamsat.com/writing/website-main-pages-content/1636219-%D9%83%D8%AA%D8%A7%D8%A8%D8%A9-%D8%B3%D9%8A%D8%A7%D8%B3%D8%A9-%D8%A7%D9%84%D8%AE%D8%B5%D9%88%D8%B5%D9%8A%D8%A9-%D9%88%D8%A7%D9%84%D8%B4%D8%B1%D9%88%D8%B7-%D9%85%D8%AA%D9%88%D8%A7%D9%81%D9%82%D8%A9-%D9%85%D8%B9-%D8%A7%D9%84%D9%82%D9%88%D8%A7%D9%86%D9%8A%D9%86-%D9%83%D9%84-%D8%A8%D9%86%D8%AF%D9%8A%D9%86,5.0,10,7 دقائق,17,0,$15.00,أسبوعين,10,5,285.0,محمود ب.,https://khamsat.com/user/%D9%85%D8%AD%D9%85%D9%88%D8%AF-%D8%B3%D8%A7%D9%84%D9%85,True,بائع موثوق,4.5,275,97.47%,7,405,4 ساعات
كتابة وترجمة,https://khamsat.com/writing,صفحات الموقع الأساسية,https://khamsat.com/writing/website-main-pages-content,كتابة محتوى موقع إلكتروني باحتراف,https://khamsat.com/writing/website-main-pages-content/2396974-%D9%83%D8%AA%D8%A7%D8%A8%D8%A9-%D9%85%D8%AD%D8%AA%D9%88%D9%89-%D9%85%D9%88%D9%82%D8%B9-%D8%A5%D9%84%D9%83%D8%AA%D8%B1%D9%88%D9%86%D9%8A-%D8%A8%D8%A7%D8%AD%D8%AA%D8%B1%D8%A7%D9%81,5.0,1,38 دقيقة,1,0,$5.00,خمسة أيام,1,0,0.0,.Aetemad S,https://khamsat.com/user/aetemad,True,بائع نشيط,5.0,5,64.71%,2,5,3 أيام
كتابة وترجمة,https://khamsat.com/writing,صفحات الموقع الأساسية,https://khamsat.com/writing/website-main-pages-content,كتابة محتوى مواقع إلكترونية,https://khamsat.com/writing/website-main-pages-content/2309311-%D9%83%D8%AA%D8%A7%D8%A8%D8%A9-%D9%85%D8%AD%D8%AA%D9%88%D9%89-%D9%85%D9%88%D8%A7%D9%82%D8%B9-%D8%A5%D9%84%D9%83%D8%AA%D8%B1%D9%88%D9%86%D9%8A%D8%A9,5.0,1,ساعة,1,0,$5.00,ثلاثة أيام,1,0,0.0,.Asmaa E,https://khamsat.com/user/asmaa23_elmahdy,True,بائع جديد,5.0,1,100.0%,1,1,ساعة
كتابة وترجمة,https://khamsat.com/writing,صفحات الموقع الأساسية,https://khamsat.com/writing/website-main-pages-content,كتابة محتوى للمواقع الإلكترونية بشكل جذاب,https://khamsat.com/writing/website-main-pages-content/2667038-%D9%83%D8%AA%D8%A7%D8%A8%D8%A9-%D9%85%D8%AD%D8%AA%D9%88%D9%89-%D9%84%D9%84%D9%85%D9%88%D8%A7%D9%82%D8%B9-%D8%A7%D9%84%D8%A5%D9%84%D9%83%D8%AA%D8%B1%D9%88%D9%86%D9%8A%D8%A9-%D8%A8%D8%B4%D9%83%D9%84-%D8%AC%D8%B0%D8%A7%D8%A8,5.0,1,8 دقائق,1,0,$5.00,ثلاثة أيام,1,1,5.0,.Mahmoud A,https://khamsat.com/user/mahmoud23anwer,True,بائع جديد,5.0,1,100.0%,5,1,8 دقائق
كتابة وترجمة,https://khamsat.com/writing,صفحات الموقع الأساسية,https://khamsat.com/writing/website-main-pages-content,كتابة محتوى كامل لموقعك لزيادة مبيعاتك,https://khamsat.com/writing/website-main-pages-content/2389332-%D9%83%D8%AA%D8%A7%D8%A8%D8%A9-%D9%85%D8%AD%D8%AA%D9%88%D9%89-%D9%83%D8%A7%D9%85%D9%84-%D9%84%D9%85%D9%88%D9%82%D8%B9%D9%83-%D9%84%D8%B2%D9%8A%D8%A7%D8%AF%D8%A9-%D9%85%D8%A8%D9%8A%D8%B9%D8%A7%D8%AA%D9%83,5.0,1,11 ساعة,1,0,$10.00,يومين,1,1,5.0,بركات س.,https://khamsat.com/user/barakat_salma,True,بائع جديد,5.0,1,100.0%,5,1,7 ساعات
كتابة وترجمة,https://khamsat.com/writing,صفحات الموقع الأساسية,https://khamsat.com/writing/website-main-pages-content,صناعة محتوى بالعربية والانجليزي بدقة علمية ولغوية (SEO),https://khamsat.com/writing/website-main-pages-content/2033427-%D8%B5%D9%86%D8%A7%D8%B9%D8%A9-%D9%85%D8%AD%D8%AA%D9%88%D9%89-%D8%A8%D8%A7%D9%84%D8%B9%D8%B1%D8%A8%D9%8A%D8%A9-%D9%88%D8%A7%D9%84%D8%A7%D9%86%D8%AC%D9%84%D9%8A%D8%B2%D9%8A-%D8%A8%D8%AF%D9%82%D8%A9-%D8%B9%D9%84%D9%85%D9%8A%D8%A9-%D9%88%D9%84%D8%BA%D9%88%D9%8A%D8%A9-seo,4.0,8,20 دقيقة,10,0,$5.00,خمسة أيام,8,0,0.0,.Mohamed Yasir H,https://khamsat.com/user/dr_yasirhamsho7,True,بائع نشيط,4.0,16,57.3%,4,20,13 ساعة
كتابة وترجمة,https://khamsat.com/writing,صفحات الموقع الأساسية,https://khamsat.com/writing/website-main-pages-content,كتابة محتوى الموقع أو المدونة أو المتجر الخاص بك,https://khamsat.com/writing/website-main-pages-content/1636283-%D9%83%D8%AA%D8%A7%D8%A8%D8%A9-%D9%85%D8%AD%D8%AA%D9%88%D9%89-%D8%A7%D9%84%D9%85%D9%88%D9%82%D8%B9-%D8%A3%D9%88-%D8%A7%D9%84%D9%85%D8%AF%D9%88%D9%86%D8%A9-%D8%A3%D9%88-%D8%A7%D9%84%D9%85%D8%AA%D8%AC%D8%B1-%D8%A7%D9%84%D8%AE%D8%A7%D8%B5-%D8%A8%D9%83,5.0,4,22 دقيقة,10,0,$5.00,يومين,4,1,15.0,محمد ا.,https://khamsat.com/user/mogtaba12,True,بائع موثوق,4.5,72,93.28%,4,104,ساعتين
كتابة وترجمة,https://khamsat.com/writing,صفحات الموقع الأساسية,https://khamsat.com/writing/website-main-pages-content,كتابة سياسة الخصوصية وشروط الاستخدام لتطبيقات الهواتف,https://khamsat.com/writing/website-main-pages-content/1344687-%D9%83%D8%AA%D8%A7%D8%A8%D8%A9-%D8%B3%D9%8A%D8%A7%D8%B3%D8%A9-%D8%A7%D9%84%D8%AE%D8%B5%D9%88%D8%B5%D9%8A%D8%A9-%D9%88%D8%B4%D8%B1%D9%88%D8%B7-%D8%A7%D9%84%D8%A7%D8%B3%D8%AA%D8%AE%D8%AF%D8%A7%D9%85-%D9%84%D8%AA%D8%B7%D8%A8%D9%8A%D9%82%D8%A7%D8%AA-%D8%A7%D9%84%D9%87%D9%88%D8%A7%D8%AA%D9%81,5.0,11,4 ساعات,17,0,$5.00,يوم واحد,11,5,65.0,محمد ن.,https://khamsat.com/user/%D8%A7%D9%84%D8%AE%D8%A8%D9%8A%D8%B1-%D8%A7%D9%84%D8%B9%D8%B1%D8%A8%D9%8A,True,بائع مميز,5.0,333,87.15%,24,460,10 ساعات
كتابة وترجمة,https://khamsat.com/writing,صفحات الموقع الأساسية,https://khamsat.com/writing/website-main-pages-content,كتابة سياسة الخصوصية و الشروط والأحكام,https://khamsat.com/writing/website-main-pages-content/2265761-%D9%83%D8%AA%D8%A7%D8%A8%D8%A9-%D8%B3%D9%8A%D8%A7%D8%B3%D8%A9-%D8%A7%D9%84%D8%AE%D8%B5%D9%88%D8%B5%D9%8A%D8%A9-%D9%88-%D8%A7%D9%84%D8%B4%D8%B1%D9%88%D8%B7-%D9%88%D8%A7%D9%84%D8%A3%D8%AD%D9%83%D8%A7%D9%85,5.0,2,ساعة,2,0,$40.00,خمسة أيام,2,2,60.0,.Mohamed K,https://khamsat.com/user/mohamed_kamal_aldeeb,True,بائع مميز,5.0,120,89.45%,4,124,5 ساعات
كتابة وترجمة,https://khamsat.com/writing,صفحات الموقع الأساسية,https://khamsat.com/writing/website-main-pages-content,صياغة الشروط والأحكام للمواقع والتطبيقات,https://khamsat.com/writing/website-main-pages-content/3005502-%D8%B5%D9%8A%D8%A7%D8%BA%D8%A9-%D8%A7%D9%84%D8%B4%D8%B1%D9%88%D8%B7-%D9%88%D8%A7%D9%84%D8%A3%D8%AD%D9%83%D8%A7%D9%85-%D9%84%D9%84%D9%85%D9%88%D8%A7%D9%82%D8%B9-%D9%88%D8%A7%D9%84%D8%AA%D8%B7%D8%A8%D9%8A%D9%82%D8%A7%D8%AA,0.0,0,لم يحسب,0,0,$10.00,يومين,0,1,5.0,محمد أ.,https://khamsat.com/user/moabuzaid,True,بائع جديد,0.0,0,لم يحسب بعد,3,0,لم يحسب
كتابة وترجمة,https://khamsat.com/writing,صفحات الموقع الأساسية,https://khamsat.com/writing/website-main-pages-content,كتابة محتوى الموقع البروفايل,https://khamsat.com/writing/website-main-pages-content/2669899-%D9%83%D8%AA%D8%A7%D8%A8%D8%A9-%D9%85%D8%AD%D8%AA%D9%88%D9%89-%D8%A7%D9%84%D9%85%D9%88%D9%82%D8%B9-%D8%A7%D9%84%D8%A8%D8%B1%D9%88%D9%81%D8%A7%D9%8A%D9%84,0.0,0,لم يحسب,0,0,$15.00,يوم واحد,0,4,85.0,محمود خ.,https://khamsat.com/user/seso2000,True,بائع نشيط,5.0,14,91.11%,2,22,7 ساعات
كتابة وترجمة,https://khamsat.com/writing,صفحات الموقع الأساسية,https://khamsat.com/writing/website-main-pages-content,كتابة محتوى لموقع الكتروني,https://khamsat.com/writing/website-main-pages-content/3047818-%D9%83%D8%AA%D8%A7%D8%A8%D8%A9-%D9%85%D8%AD%D8%AA%D9%88%D9%89-%D9%84%D9%85%D9%88%D9%82%D8%B9-%D8%A7%D9%84%D9%83%D8%AA%D8%B1%D9%88%D9%86%D9%8A,0.0,0,لم يحسب,0,0,$5.00,ثلاثة أيام,0,3,30.0,.Ibtihel A,https://khamsat.com/user/xybett_agb,True,بائع جديد,0.0,0,لم يحسب بعد,2,0,لم يحسب
كتابة وترجمة,https://khamsat.com/writing,محتوى صفحات الهبوط,https://khamsat.com/writing/landing-page-content,كتابة محتوى صفحات الهبوط landing page,https://khamsat.com/writing/landing-page-content/2757498-%D9%83%D8%AA%D8%A7%D8%A8%D8%A9-%D9%85%D8%AD%D8%AA%D9%88%D9%89-%D8%B5%D9%81%D8%AD%D8%A7%D8%AA-%D8%A7%D9%84%D9%87%D8%A8%D9%88%D8%B7-landing-page,5.0,3,9 ساعات,3,0,$10.00,يوم واحد,3,3,50.0,.Eman S,https://khamsat.com/user/emanshaaban5,True,بائع جديد,5.0,3,100.0%,1,3,9 ساعات
كتابة وترجمة,https://khamsat.com/writing,محتوى صفحات الهبوط,https://khamsat.com/writing/landing-page-content,كتابة محتوى صفحات الهبوط باحترافية,https://khamsat.com/writing/landing-page-content/2161492-%D9%83%D8%AA%D8%A7%D8%A8%D8%A9-%D9%85%D8%AD%D8%AA%D9%88%D9%89-%D8%B5%D9%81%D8%AD%D8%A7%D8%AA-%D8%A7%D9%84%D9%87%D8%A8%D9%88%D8%B7-%D8%A8%D8%A7%D8%AD%D8%AA%D8%B1%D8%A7%D9%81%D9%8A%D8%A9,5.0,9,9 ساعات,10,0,$10.00,يومين,9,3,45.0,.Seham H,https://khamsat.com/user/%D8%B3%D9%87%D8%A7%D9%85-%D8%A7%D9%84%D9%85%D9%86%D8%B4%D8%A7%D9%88%D9%8A,True,بائع مميز,4.5,61,96.83%,8,72,7 ساعات
كتابة وترجمة,https://khamsat.com/writing,محتوى صفحات الهبوط,https://khamsat.com/writing/landing-page-content,كتابة محتوى صفحات الهبوط باحترافية,https://khamsat.com/writing/landing-page-content/2346721-%D9%83%D8%AA%D8%A7%D8%A8%D8%A9-%D9%85%D8%AD%D8%AA%D9%88%D9%89-%D8%B5%D9%81%D8%AD%D8%A7%D8%AA-%D8%A7%D9%84%D9%87%D8%A8%D9%88%D8%B7-%D8%A8%D8%A7%D8%AD%D8%AA%D8%B1%D8%A7%D9%81%D9%8A%D8%A9,5.0,4,32 دقيقة,4,0,$10.00,ثلاثة أيام,4,2,20.0,.Najla A,https://khamsat.com/user/najla1990,True,بائع مميز,5.0,71,89.55%,12,56,4 ساعات
كتابة وترجمة,https://khamsat.com/writing,محتوى صفحات الهبوط,https://khamsat.com/writing/landing-page-content,كتابة محتوى جذاب فريد لموقعك /متجرك الإلكتروني وصفحات الهبوط,https://khamsat.com/writing/landing-page-content/2348018-%D9%83%D8%AA%D8%A7%D8%A8%D8%A9-%D9%85%D8%AD%D8%AA%D9%88%D9%89-%D8%AC%D8%B0%D8%A7%D8%A8-%D9%81%D8%B1%D9%8A%D8%AF-%D9%84%D9%85%D9%88%D9%82%D8%B9%D9%83-%D9%85%D8%AA%D8%AC%D8%B1%D9%83-%D8%A7%D9%84%D8%A5%D9%84%D9%83%D8%AA%D8%B1%D9%88%D9%86%D9%8A-%D9%88%D8%B5%D9%81%D8%AD%D8%A7%D8%AA-%D8%A7%D9%84%D9%87%D8%A8%D9%88%D8%B7,4.5,3,6 ساعات,4,0,$5.00,يوم واحد,3,4,25.0,.Moataz S,https://khamsat.com/user/moatazsaber,True,بائع مميز,4.5,67,82.53%,3,94,3 ساعات
كتابة وترجمة,https://khamsat.com/writing,محتوى صفحات الهبوط,https://khamsat.com/writing/landing-page-content,كتابة محتوى صفحات الهبوط landing page,https://khamsat.com/writing/landing-page-content/2351499-%D9%83%D8%AA%D8%A7%D8%A8%D8%A9-%D9%85%D8%AD%D8%AA%D9%88%D9%89-%D8%B5%D9%81%D8%AD%D8%A7%D8%AA-%D8%A7%D9%84%D9%87%D8%A8%D9%88%D8%B7-landing-page,5.0,3,12 ساعة,3,0,$10.00,يوم واحد,3,2,40.0,عبير ب.,https://khamsat.com/user/abeerbaker,True,بائع نشيط,5.0,6,95.24%,5,7,يوم
كتابة وترجمة,https://khamsat.com/writing,محتوى صفحات الهبوط,https://khamsat.com/writing/landing-page-content,كتابة صفحة هبوط (Landing Page) احترافية,https://khamsat.com/writing/landing-page-content/2499015-%D9%83%D8%AA%D8%A7%D8%A8%D8%A9-%D8%B5%D9%81%D8%AD%D8%A9-%D9%87%D8%A8%D9%88%D8%B7-landing-page-%D8%A7%D8%AD%D8%AA%D8%B1%D8%A7%D9%81%D9%8A%D8%A9,5.0,8,3 دقائق,10,1,$10.00,ثلاثة أيام,8,5,175.0,محمد ع.,https://khamsat.com/user/%D9%85%D8%AD%D9%85%D8%AF-%D8%B9%D8%A8%D8%AF-%D8%A7%D9%84%D9%83%D8%B1%D9%8A%D9%851,True,بائع مميز,5.0,376,96.61%,4,535,20 ساعة
كتابة وترجمة,https://khamsat.com/writing,محتوى صفحات الهبوط,https://khamsat.com/writing/landing-page-content,كتابة صفحات الهبوط للمواقع,https://khamsat.com/writing/landing-page-content/2998086-%D9%83%D8%AA%D8%A7%D8%A8%D8%A9-%D8%B5%D9%81%D8%AD%D8%A7%D8%AA-%D8%A7%D9%84%D9%87%D8%A8%D9%88%D8%B7-%D9%84%D9%84%D9%85%D9%88%D8%A7%D9%82%D8%B9,0.0,0,لم يحسب,0,0,$5.00,يوم واحد,0,0,0.0,.Kholood M,https://khamsat.com/user/kholouddsharaf,True,بائع جديد,0.0,0,لم يحسب بعد,2,0,لم يحسب
كتابة وترجمة,https://khamsat.com/writing,محتوى صفحات الهبوط,https://khamsat.com/writing/landing-page-content,كتابة محتوى تسويقي للمواقع و صفحات الهبوط,https://khamsat.com/writing/landing-page-content/2708069-%D9%83%D8%AA%D8%A7%D8%A8%D8%A9-%D9%85%D8%AD%D8%AA%D9%88%D9%89-%D8%AA%D8%B3%D9%88%D9%8A%D9%82%D9%8A-%D9%84%D9%84%D9%85%D9%88%D8%A7%D9%82%D8%B9-%D9%88-%D8%B5%D9%81%D8%AD%D8%A7%D8%AA-%D8%A7%D9%84%D9%87%D8%A8%D9%88%D8%B7,0.0,0,لم يحسب,0,0,$5.00,يوم واحد,0,1,30.0,يوسف ن.,https://khamsat.com/user/eng2_yousef,True,بائع جديد,5.0,1,100.0%,4,1,27 دقيقة
كتابة وترجمة,https://khamsat.com/writing,محتوى صفحات الهبوط,https://khamsat.com/writing/landing-page-content,كتابة صفحة هبوط Landing Page تزيد مبيعاتك,https://khamsat.com/writing/landing-page-content/2864326-%D9%83%D8%AA%D8%A7%D8%A8%D8%A9-%D8%B5%D9%81%D8%AD%D8%A9-%D9%87%D8%A8%D9%88%D8%B7-landing-page-%D8%AA%D8%B2%D9%8A%D8%AF-%D9%85%D8%A8%D9%8A%D8%B9%D8%A7%D8%AA%D9%83,0.0,0,لم يحسب,0,0,$5.00,يومين,0,3,15.0,.Ahmed H,https://khamsat.com/user/ahmedhegazy9292,True,بائع جديد,5.0,1,100.0%,5,1,ساعتين
كتابة وترجمة,https://khamsat.com/writing,محتوى صفحات الهبوط,https://khamsat.com/writing/landing-page-content,كتابة محتوى صفحات هبوط Landing Bage,https://khamsat.com/writing/landing-page-content/2336207-%D9%83%D8%AA%D8%A7%D8%A8%D8%A9-%D9%85%D8%AD%D8%AA%D9%88%D9%89-%D8%B5%D9%81%D8%AD%D8%A7%D8%AA-%D9%87%D8%A8%D9%88%D8%B7-landing-bage,5.0,1,8 ساعات,1,0,$15.00,يومين,1,0,0.0,وئام ا.,https://khamsat.com/user/weam_khalil95,True,بائع نشيط,4.5,17,78.95%,7,17,8 ساعات
كتابة وترجمة,https://khamsat.com/writing,محتوى صفحات الهبوط,https://khamsat.com/writing/landing-page-content,كتابة محتوى تسويقي لصفحات هبوط,https://khamsat.com/writing/landing-page-content/2857428-%D9%83%D8%AA%D8%A7%D8%A8%D8%A9-%D9%85%D8%AD%D8%AA%D9%88%D9%89-%D8%AA%D8%B3%D9%88%D9%8A%D9%82%D9%8A-%D9%84%D8%B5%D9%81%D8%AD%D8%A7%D8%AA-%D9%87%D8%A8%D9%88%D8%B7,0.0,0,لم يحسب,0,0,$10.00,يوم واحد,0,2,35.0,إكرام ا.,https://khamsat.com/user/ikra_m1,True,بائع جديد,5.0,1,100.0%,3,1,15 ساعة
كتابة وترجمة,https://khamsat.com/writing,محتوى صفحات الهبوط,https://khamsat.com/writing/landing-page-content,كتابة محتوي صفحات الهبوط لموقعك بطريق احترافيه,https://khamsat.com/writing/landing-page-content/2926269-%D9%83%D8%AA%D8%A7%D8%A8%D8%A9-%D9%85%D8%AD%D8%AA%D9%88%D9%8A-%D8%B5%D9%81%D8%AD%D8%A7%D8%AA-%D8%A7%D9%84%D9%87%D8%A8%D9%88%D8%B7-%D9%84%D9%85%D9%88%D9%82%D8%B9%D9%83-%D8%A8%D8%B7%D8%B1%D9%8A%D9%82-%D8%A7%D8%AD%D8%AA%D8%B1%D8%A7%D9%81%D9%8A%D9%87,0.0,0,لم يحسب,0,0,$5.00,يومين,0,0,0.0,شيماء س.,https://khamsat.com/user/shymaa84,True,بائع جديد,0.0,0,لم يحسب بعد,4,0,لم يحسب
كتابة وترجمة,https://khamsat.com/writing,محتوى صفحات الهبوط,https://khamsat.com/writing/landing-page-content,كتابة محتوى صفحات الهبوط لتحقيق أعلي مبيعات,https://khamsat.com/writing/landing-page-content/2784712-%D9%83%D8%AA%D8%A7%D8%A8%D8%A9-%D9%85%D8%AD%D8%AA%D9%88%D9%89-%D8%B5%D9%81%D8%AD%D8%A7%D8%AA-%D8%A7%D9%84%D9%87%D8%A8%D9%88%D8%B7-%D9%84%D8%AA%D8%AD%D9%82%D9%8A%D9%82-%D8%A3%D8%B9%D9%84%D9%8A-%D9%85%D8%A8%D9%8A%D8%B9%D8%A7%D8%AA,0.0,0,لم يحسب,0,0,$5.00,يوم واحد,0,0,0.0,.Ahmed S,https://khamsat.com/user/ahmedsaid12,True,بائع جديد,0.0,0,50.0%,5,1,لم يحسب
كتابة وترجمة,https://khamsat.com/writing,محتوى صفحات الهبوط,https://khamsat.com/writing/landing-page-content,كتابة محتوى صفحة هبوط Landing Page مدروسة وترويجية,https://khamsat.com/writing/landing-page-content/2813987-%D9%83%D8%AA%D8%A7%D8%A8%D8%A9-%D9%85%D8%AD%D8%AA%D9%88%D9%89-%D8%B5%D9%81%D8%AD%D8%A9-%D9%87%D8%A8%D9%88%D8%B7-landing-page-%D9%85%D8%AF%D8%B1%D9%88%D8%B3%D8%A9-%D9%88%D8%AA%D8%B1%D9%88%D9%8A%D8%AC%D9%8A%D8%A9,0.0,0,لم يحسب,0,0,$10.00,ثلاثة أيام,0,2,40.0,.Sarah S,https://khamsat.com/user/sarah-shahid,True,بائع جديد,0.0,0,لم يحسب بعد,2,0,3 ساعات
كتابة وترجمة,https://khamsat.com/writing,محتوى صفحات الهبوط,https://khamsat.com/writing/landing-page-content,كتابة صفحات الهبوط لموقع إلكتروني,https://khamsat.com/writing/landing-page-content/2845209-%D9%83%D8%AA%D8%A7%D8%A8%D8%A9-%D8%B5%D9%81%D8%AD%D8%A7%D8%AA-%D8%A7%D9%84%D9%87%D8%A8%D9%88%D8%B7-%D9%84%D9%85%D9%88%D9%82%D8%B9-%D8%A5%D9%84%D9%83%D8%AA%D8%B1%D9%88%D9%86%D9%8A,0.0,0,لم يحسب,0,0,$10.00,خمسة أيام,0,0,0.0,.Nada A,https://khamsat.com/user/nada-aminn,True,بائع جديد,0.0,0,0.0%,3,0,لم يحسب
كتابة وترجمة,https://khamsat.com/writing,محتوى صفحات الهبوط,https://khamsat.com/writing/landing-page-content,محتوى صفحة هبوط تسويقي لمنتجك أو خدمتك أو مؤسستك,https://khamsat.com/writing/landing-page-content/2827398-%D9%85%D8%AD%D8%AA%D9%88%D9%89-%D8%B5%D9%81%D8%AD%D8%A9-%D9%87%D8%A8%D9%88%D8%B7-%D8%AA%D8%B3%D9%88%D9%8A%D9%82%D9%8A-%D9%84%D9%85%D9%86%D8%AA%D8%AC%D9%83-%D8%A3%D9%88-%D8%AE%D8%AF%D9%85%D8%AA%D9%83-%D8%A3%D9%88-%D9%85%D8%A4%D8%B3%D8%B3%D8%AA%D9%83,5.0,1,دقيقة,1,0,$5.00,يومين,1,2,15.0,محمد ع.,https://khamsat.com/user/muhmdd,False,بائع مميز,5.0,102,95.38%,13,114,7 ساعات
كتابة وترجمة,https://khamsat.com/writing,محتوى صفحات الهبوط,https://khamsat.com/writing/landing-page-content,كتابة محتوى لموقع او صفحة هبوط,https://khamsat.com/writing/landing-page-content/2619447-%D9%83%D8%AA%D8%A7%D8%A8%D8%A9-%D9%85%D8%AD%D8%AA%D9%88%D9%89-%D9%84%D9%85%D9%88%D9%82%D8%B9-%D8%A7%D9%88-%D8%B5%D9%81%D8%AD%D8%A9-%D9%87%D8%A8%D9%88%D8%B7,0.0,0,لم يحسب,0,0,$5.00,يوم واحد,0,1,5.0,.Ismail S,https://khamsat.com/user/ismail-shawakh,True,بائع نشيط,5.0,22,87.04%,5,23,يومين
كتابة وترجمة,https://khamsat.com/writing,محتوى صفحات الهبوط,https://khamsat.com/writing/landing-page-content,كتابة محتوى صفحات الهبوط (Landing Pages)لتسلمها لمصمم محترف,https://khamsat.com/writing/landing-page-content/670644-%D9%83%D8%AA%D8%A7%D8%A8%D8%A9-%D9%85%D8%AD%D8%AA%D9%88%D9%89-%D8%B5%D9%81%D8%AD%D8%A7%D8%AA-%D8%A7%D9%84%D9%87%D8%A8%D9%88%D8%B7-landing-pages%D9%84%D8%AA%D8%B3%D9%84%D9%85%D9%87%D8%A7-%D9%84%D9%85%D8%B5%D9%85%D9%85-%D9%85%D8%AD%D8%AA%D8%B1%D9%81,4.5,13,12 ساعة,26,0,$5.00,أربعة أيام,13,5,110.0,سالى م.,https://khamsat.com/user/looksmarts,True,بائع موثوق,4.5,833,90.74%,18,1037,5 ساعات
كتابة وترجمة,https://khamsat.com/writing,محتوى صفحات الهبوط,https://khamsat.com/writing/landing-page-content,كتابة محتوى صفحة الهبوط landing page,https://khamsat.com/writing/landing-page-content/2774959-%D9%83%D8%AA%D8%A7%D8%A8%D8%A9-%D9%85%D8%AD%D8%AA%D9%88%D9%89-%D8%B5%D9%81%D8%AD%D8%A9-%D8%A7%D9%84%D9%87%D8%A8%D9%88%D8%B7-landing-page,0.0,0,لم يحسب,0,0,$15.00,ثلاثة أيام,0,2,20.0,.Esraa A,https://khamsat.com/user/esraa_ali_11,True,بائع نشيط,0.0,7,77.78%,1,12,6 ساعات
كتابة وترجمة,https://khamsat.com/writing,كتابة بروفايل الشركات,https://khamsat.com/writing/company-profile,كتابة السياسات والإجراءات للشركة,https://khamsat.com/writing/company-profile/2970156-%D9%83%D8%AA%D8%A7%D8%A8%D8%A9-%D8%A7%D9%84%D8%B3%D9%8A%D8%A7%D8%B3%D8%A7%D8%AA-%D9%88%D8%A7%D9%84%D8%A5%D8%AC%D8%B1%D8%A7%D8%A1%D8%A7%D8%AA-%D9%84%D9%84%D8%B4%D8%B1%D9%83%D8%A9,3.5,2,ساعة,6,0,$5.00,يومين,2,5,195.0,.Khaled S,https://khamsat.com/user/khaledkhaled75,True,بائع جديد,3.5,2,100.0%,5,7,ساعة
كتابة وترجمة,https://khamsat.com/writing,كتابة بروفايل الشركات,https://khamsat.com/writing/company-profile,كتابة محتوى لعرض استثماري للمستثمرين E A pitch dick,https://khamsat.com/writing/company-profile/2937103-%D9%83%D8%AA%D8%A7%D8%A8%D8%A9-%D9%85%D8%AD%D8%AA%D9%88%D9%89-%D9%84%D8%B9%D8%B1%D8%B6-%D8%A7%D8%B3%D8%AA%D8%AB%D9%85%D8%A7%D8%B1%D9%8A-%D9%84%D9%84%D9%85%D8%B3%D8%AA%D8%AB%D9%85%D8%B1%D9%8A%D9%86-e-a-pitch-dick,5.0,1,4 ساعات,1,0,$10.00,ثلاثة أيام,1,0,0.0,محمد ا.,https://khamsat.com/user/alabdumi,True,مشتري مميز,5.0,1,90.0%,2,1,4 ساعات
كتابة وترجمة,https://khamsat.com/writing,كتابة بروفايل الشركات,https://khamsat.com/writing/company-profile,كتابة ملف تعريفي و محتوى مواقع الشركات,https://khamsat.com/writing/company-profile/2238829-%D9%83%D8%AA%D8%A7%D8%A8%D8%A9-%D9%85%D9%84%D9%81-%D8%AA%D8%B9%D8%B1%D9%8A%D9%81%D9%8A-%D9%88-%D9%85%D8%AD%D8%AA%D9%88%D9%89-%D9%85%D9%88%D8%A7%D9%82%D8%B9-%D8%A7%D9%84%D8%B4%D8%B1%D9%83%D8%A7%D8%AA,5.0,11,6 أيام,18,0,$25.00,أربعة أيام,11,5,100.0,سمية ج.,https://khamsat.com/user/somia_djabelkheir,True,بائع مميز,5.0,38,91.92%,4,46,يومين
كتابة وترجمة,https://khamsat.com/writing,كتابة بروفايل الشركات,https://khamsat.com/writing/company-profile,كتابة ملف تعريفي VIP بروفايل الشركة أو الموقع,https://khamsat.com/writing/company-profile/2564068-%D9%83%D8%AA%D8%A7%D8%A8%D8%A9-%D9%85%D9%84%D9%81-%D8%AA%D8%B9%D8%B1%D9%8A%D9%81%D9%8A-vip-%D8%A8%D8%B1%D9%88%D9%81%D8%A7%D9%8A%D9%84-%D8%A7%D9%84%D8%B4%D8%B1%D9%83%D8%A9-%D8%A3%D9%88-%D8%A7%D9%84%D9%85%D9%88%D9%82%D8%B9,5.0,24,3 دقائق,37,0,$25.00,يومين,24,5,355.0,.Mohamad S,https://khamsat.com/user/mohamad_3aled,True,بائع مميز,5.0,56,94.93%,3,71,ساعة
كتابة وترجمة,https://khamsat.com/writing,كتابة بروفايل الشركات,https://khamsat.com/writing/company-profile,كتابة لائحة الحوكمة العامة للشركات,https://khamsat.com/writing/company-profile/2616564-%D9%83%D8%AA%D8%A7%D8%A8%D8%A9-%D9%84%D8%A7%D8%A6%D8%AD%D8%A9-%D8%A7%D9%84%D8%AD%D9%88%D9%83%D9%85%D8%A9-%D8%A7%D9%84%D8%B9%D8%A7%D9%85%D8%A9-%D9%84%D9%84%D8%B4%D8%B1%D9%83%D8%A7%D8%AA,5.0,8,9 دقائق,11,0,$30.00,يوم واحد,8,3,60.0,.Mayar R,https://khamsat.com/user/mayar_ranneh,True,بائع مميز,5.0,128,91.19%,25,139,19 دقيقة
كتابة وترجمة,https://khamsat.com/writing,كتابة بروفايل الشركات,https://khamsat.com/writing/company-profile,كتابة إبداعية مميزة لبروفايل الشركات,https://khamsat.com/writing/company-profile/1071458-%D9%83%D8%AA%D8%A7%D8%A8%D8%A9-%D8%A5%D8%A8%D8%AF%D8%A7%D8%B9%D9%8A%D8%A9-%D9%85%D9%85%D9%8A%D8%B2%D8%A9-%D9%84%D8%A8%D8%B1%D9%88%D9%81%D8%A7%D9%8A%D9%84-%D8%A7%D9%84%D8%B4%D8%B1%D9%83%D8%A7%D8%AA,4.5,106,8 ساعات,170,0,$25.00,ثلاثة أيام,25,3,225.0,منى ط.,https://khamsat.com/user/moon-lolo,True,بائع مميز,4.5,133,95.64%,2,198,7 ساعات
كتابة وترجمة,https://khamsat.com/writing,كتابة بروفايل الشركات,https://khamsat.com/writing/company-profile,بروفايل احترافي لشركتك دع كلماتنا تعكس هويتك,https://khamsat.com/writing/company-profile/3003390-%D8%A8%D8%B1%D9%88%D9%81%D8%A7%D9%8A%D9%84-%D8%A7%D8%AD%D8%AA%D8%B1%D8%A7%D9%81%D9%8A-%D9%84%D8%B4%D8%B1%D9%83%D8%AA%D9%83-%D8%AF%D8%B9-%D9%83%D9%84%D9%85%D8%A7%D8%AA%D9%86%D8%A7-%D8%AA%D8%B9%D9%83%D8%B3-%D9%87%D9%88%D9%8A%D8%AA%D9%83,5.0,1,3 أيام,3,0,$5.00,يومين,1,3,200.0,ياسر م.,https://khamsat.com/user/yasserelturky,True,بائع مميز,5.0,19,98.15%,7,26,15 ساعة
كتابة وترجمة,https://khamsat.com/writing,كتابة بروفايل الشركات,https://khamsat.com/writing/company-profile,صياغة محتوى بروفايل وبرشور نشاطك بإحترافية,https://khamsat.com/writing/company-profile/1845155-%D8%B5%D9%8A%D8%A7%D8%BA%D8%A9-%D9%85%D8%AD%D8%AA%D9%88%D9%89-%D8%A8%D8%B1%D9%88%D9%81%D8%A7%D9%8A%D9%84-%D9%88%D8%A8%D8%B1%D8%B4%D9%88%D8%B1-%D9%86%D8%B4%D8%A7%D8%B7%D9%83-%D8%A8%D8%A5%D8%AD%D8%AA%D8%B1%D8%A7%D9%81%D9%8A%D8%A9,5.0,1,28 دقيقة,2,0,$10.00,يومين,1,3,120.0,.Ahmed A,https://khamsat.com/user/ahmed2020ali,True,بائع نشيط,5.0,15,85.29%,8,17,ساعتين
كتابة وترجمة,https://khamsat.com/writing,كتابة بروفايل الشركات,https://khamsat.com/writing/company-profile,كتابة بروفايل احترافي لمؤسستك/متجرك,https://khamsat.com/writing/company-profile/2355951-%D9%83%D8%AA%D8%A7%D8%A8%D8%A9-%D8%A8%D8%B1%D9%88%D9%81%D8%A7%D9%8A%D9%84-%D8%A7%D8%AD%D8%AA%D8%B1%D8%A7%D9%81%D9%8A-%D9%84%D9%85%D8%A4%D8%B3%D8%B3%D8%AA%D9%83%D9%85%D8%AA%D8%AC%D8%B1%D9%83,5.0,2,3 ساعات,2,0,$50.00,يومين,2,0,0.0,محمود م.,https://khamsat.com/user/dr_mahmoud_121,True,بائع مميز,4.5,44,93.59%,6,70,4 ساعات
كتابة وترجمة,https://khamsat.com/writing,كتابة بروفايل الشركات,https://khamsat.com/writing/company-profile,كتابة ملف تعريفي للشركة باللغتين العربية والانجليزية,https://khamsat.com/writing/company-profile/2575337-%D9%83%D8%AA%D8%A7%D8%A8%D8%A9-%D9%85%D9%84%D9%81-%D8%AA%D8%B9%D8%B1%D9%8A%D9%81%D9%8A-%D9%84%D9%84%D8%B4%D8%B1%D9%83%D8%A9-%D8%A8%D8%A7%D9%84%D9%84%D8%BA%D8%AA%D9%8A%D9%86-%D8%A7%D9%84%D8%B9%D8%B1%D8%A8%D9%8A%D8%A9-%D9%88%D8%A7%D9%84%D8%A7%D9%86%D8%AC%D9%84%D9%8A%D8%B2%D9%8A%D8%A9,5.0,1,13 ساعة,2,0,$15.00,يومين,1,5,215.0,سجى ح.,https://khamsat.com/user/sajaa5496,True,بائع مميز,5.0,39,97.67%,7,47,7 ساعات
كتابة وترجمة,https://khamsat.com/writing,كتابة بروفايل الشركات,https://khamsat.com/writing/company-profile,كتابة محتوى إحترافي، اعلانات ،بروفايل شركة,https://khamsat.com/writing/company-profile/1661078-%D9%83%D8%AA%D8%A7%D8%A8%D8%A9-%D9%85%D8%AD%D8%AA%D9%88%D9%89-%D8%A5%D8%AD%D8%AA%D8%B1%D8%A7%D9%81%D9%8A-%D8%A7%D8%B9%D9%84%D8%A7%D9%86%D8%A7%D8%AA-%D8%A8%D8%B1%D9%88%D9%81%D8%A7%D9%8A%D9%84-%D8%B4%D8%B1%D9%83%D8%A9,4.5,23,ساعة,52,0,$50.00,ثلاثة أيام,23,3,125.0,محمد ع.,https://khamsat.com/user/mhdfamo2020,True,بائع مميز,4.5,66,85.88%,6,92,16 ساعة
كتابة وترجمة,https://khamsat.com/writing,كتابة بروفايل الشركات,https://khamsat.com/writing/company-profile,كتابة احترافية إبداعية لبروفايل شركتك باللغة العربية,https://khamsat.com/writing/company-profile/2811035-%D9%83%D8%AA%D8%A7%D8%A8%D8%A9-%D8%A7%D8%AD%D8%AA%D8%B1%D8%A7%D9%81%D9%8A%D8%A9-%D8%A5%D8%A8%D8%AF%D8%A7%D8%B9%D9%8A%D8%A9-%D9%84%D8%A8%D8%B1%D9%88%D9%81%D8%A7%D9%8A%D9%84-%D8%B4%D8%B1%D9%83%D8%AA%D9%83-%D8%A8%D8%A7%D9%84%D9%84%D8%BA%D8%A9-%D8%A7%D9%84%D8%B9%D8%B1%D8%A8%D9%8A%D8%A9,5.0,1,23 ساعة,1,0,$25.00,أربعة أيام,1,1,20.0,رنيم ا.,https://khamsat.com/user/ranemesmaeel,True,بائع مميز,4.5,33,100.0%,6,43,7 ساعات
كتابة وترجمة,https://khamsat.com/writing,كتابة بروفايل الشركات,https://khamsat.com/writing/company-profile,كتابة Company profile ( ملف التعريف ),https://khamsat.com/writing/company-profile/2332598-%D9%83%D8%AA%D8%A7%D8%A8%D8%A9-company-profile-%D9%85%D9%84%D9%81-%D8%A7%D9%84%D8%AA%D8%B9%D8%B1%D9%8A%D9%81,5.0,7,5 ساعات,7,0,$10.00,يومين,7,2,125.0,.Alaa A,https://khamsat.com/user/alaaattaya,True,بائع نشيط,5.0,25,91.67%,7,27,ساعة
كتابة وترجمة,https://khamsat.com/writing,كتابة بروفايل الشركات,https://khamsat.com/writing/company-profile,كتابة ملخص تنفيذي لمقاولة أو لشركة,https://khamsat.com/writing/company-profile/2882270-%D9%83%D8%AA%D8%A7%D8%A8%D8%A9-%D9%85%D9%84%D8%AE%D8%B5-%D8%AA%D9%86%D9%81%D9%8A%D8%B0%D9%8A-%D9%84%D9%85%D9%82%D8%A7%D9%88%D9%84%D8%A9-%D8%A3%D9%88-%D9%84%D8%B4%D8%B1%D9%83%D8%A9,5.0,2,3 ساعات,2,0,$10.00,يوم واحد,2,2,25.0,محمد ش.,https://khamsat.com/user/chayoub_mohammed,True,بائع مميز,5.0,70,92.35%,7,96,ساعة
كتابة وترجمة,https://khamsat.com/writing,كتابة بروفايل الشركات,https://khamsat.com/writing/company-profile,كتابة الملف التعريفي لشركتك Company Profile,https://khamsat.com/writing/company-profile/663981-%D9%83%D8%AA%D8%A7%D8%A8%D8%A9-%D8%A7%D9%84%D9%85%D9%84%D9%81-%D8%A7%D9%84%D8%AA%D8%B9%D8%B1%D9%8A%D9%81%D9%8A-%D9%84%D8%B4%D8%B1%D9%83%D8%AA%D9%83-company-profile,4.5,47,10 دقائق,73,0,$10.00,أربعة أيام,25,3,35.0,.Zeinab M,https://khamsat.com/user/zeinab-magdy,True,بائع مميز,5.0,225,90.32%,5,273,58 دقيقة
كتابة وترجمة,https://khamsat.com/writing,كتابة بروفايل الشركات,https://khamsat.com/writing/company-profile,كتابة بروفايل احترافي للمواقع والمؤسسات أوالشركات,https://khamsat.com/writing/company-profile/2604258-%D9%83%D8%AA%D8%A7%D8%A8%D8%A9-%D8%A8%D8%B1%D9%88%D9%81%D8%A7%D9%8A%D9%84-%D8%A7%D8%AD%D8%AA%D8%B1%D8%A7%D9%81%D9%8A-%D9%84%D9%84%D9%85%D9%88%D8%A7%D9%82%D8%B9-%D9%88%D8%A7%D9%84%D9%85%D8%A4%D8%B3%D8%B3%D8%A7%D8%AA-%D8%A3%D9%88%D8%A7%D9%84%D8%B4%D8%B1%D9%83%D8%A7%D8%AA,5.0,4,دقيقة,4,0,$20.00,خمسة أيام,4,5,115.0,.Maha E,https://khamsat.com/user/eng.mnooooosh,True,بائع مميز,5.0,205,93.82%,12,287,6 ساعات
كتابة وترجمة,https://khamsat.com/writing,كتابة بروفايل الشركات,https://khamsat.com/writing/company-profile,كتابة إبداعية مميّزة لبروفايل الشركات والإعلانات التجارية,https://khamsat.com/writing/company-profile/1611876-%D9%83%D8%AA%D8%A7%D8%A8%D8%A9-%D8%A5%D8%A8%D8%AF%D8%A7%D8%B9%D9%8A%D8%A9-%D9%85%D9%85%D9%8A%D8%B2%D8%A9-%D9%84%D8%A8%D8%B1%D9%88%D9%81%D8%A7%D9%8A%D9%84-%D8%A7%D9%84%D8%B4%D8%B1%D9%83%D8%A7%D8%AA-%D9%88%D8%A7%D9%84%D8%A5%D8%B9%D9%84%D8%A7%D9%86%D8%A7%D8%AA-%D8%A7%D9%84%D8%AA%D8%AC%D8%A7%D8%B1%D9%8A%D8%A9,5.0,7,ساعتين,12,0,$25.00,يومين,7,0,0.0,وسيلة ط.,https://khamsat.com/user/dalyzai,True,بائع نشيط,5.0,19,66.67%,4,24,ساعة
كتابة وترجمة,https://khamsat.com/writing,كتابة بروفايل الشركات,https://khamsat.com/writing/company-profile,كتابة ملف تعريفي ومحتوى الشركات - إبراز هويتك,https://khamsat.com/writing/company-profile/3007849-%D9%83%D8%AA%D8%A7%D8%A8%D8%A9-%D9%85%D9%84%D9%81-%D8%AA%D8%B9%D8%B1%D9%8A%D9%81%D9%8A-%D9%88%D9%85%D8%AD%D8%AA%D9%88%D9%89-%D8%A7%D9%84%D8%B4%D8%B1%D9%83%D8%A7%D8%AA-%D8%A5%D8%A8%D8%B1%D8%A7%D8%B2-%D9%87%D9%88%D9%8A%D8%AA%D9%83,5.0,2,ساعتين,2,0,$10.00,يوم واحد,2,1,5.0,اسطفانوس ك.,https://khamsat.com/user/estafanos,True,بائع مميز,4.5,51,93.26%,7,58,ساعتين
كتابة وترجمة,https://khamsat.com/writing,كتابة بروفايل الشركات,https://khamsat.com/writing/company-profile,كتابة إبداعية لمحتوى بروفايل شركة أو موقع الكتروني,https://khamsat.com/writing/company-profile/2081401-%D9%83%D8%AA%D8%A7%D8%A8%D8%A9-%D8%A5%D8%A8%D8%AF%D8%A7%D8%B9%D9%8A%D8%A9-%D9%84%D9%85%D8%AD%D8%AA%D9%88%D9%89-%D8%A8%D8%B1%D9%88%D9%81%D8%A7%D9%8A%D9%84-%D8%B4%D8%B1%D9%83%D8%A9-%D8%A3%D9%88-%D9%85%D9%88%D9%82%D8%B9-%D8%A7%D9%84%D9%83%D8%AA%D8%B1%D9%88%D9%86%D9%8A,3.5,6,يوم,10,0,$25.00,يومين,6,5,320.0,محمد سعد الدين م.,https://khamsat.com/user/mohamed7masri,True,بائع نشيط,3.5,7,83.87%,4,11,يوم
كتابة وترجمة,https://khamsat.com/writing,كتابة بروفايل الشركات,https://khamsat.com/writing/company-profile,كتابة محتوى مميز خاص لشركتك وموقعك الإلكتروني,https://khamsat.com/writing/company-profile/2675086-%D9%83%D8%AA%D8%A7%D8%A8%D8%A9-%D9%85%D8%AD%D8%AA%D9%88%D9%89-%D9%85%D9%85%D9%8A%D8%B2-%D8%AE%D8%A7%D8%B5-%D9%84%D8%B4%D8%B1%D9%83%D8%AA%D9%83-%D9%88%D9%85%D9%88%D9%82%D8%B9%D9%83-%D8%A7%D9%84%D8%A5%D9%84%D9%83%D8%AA%D8%B1%D9%88%D9%86%D9%8A,5.0,2,ساعة,4,0,$10.00,يوم واحد,2,5,75.0,مصطفى م.,https://khamsat.com/user/mmmmmmm_123456,True,بائع نشيط,4.5,5,83.33%,3,8,ساعة
كتابة وترجمة,https://khamsat.com/writing,كتابة بروفايل الشركات,https://khamsat.com/writing/company-profile,كتابة إبداعية لمحتوى بروفايل شركتك أوموقعك الالكتروني,https://khamsat.com/writing/company-profile/2344742-%D9%83%D8%AA%D8%A7%D8%A8%D8%A9-%D8%A5%D8%A8%D8%AF%D8%A7%D8%B9%D9%8A%D8%A9-%D9%84%D9%85%D8%AD%D8%AA%D9%88%D9%89-%D8%A8%D8%B1%D9%88%D9%81%D8%A7%D9%8A%D9%84-%D8%B4%D8%B1%D9%83%D8%AA%D9%83-%D8%A3%D9%88%D9%85%D9%88%D9%82%D8%B9%D9%83-%D8%A7%D9%84%D8%A7%D9%84%D9%83%D8%AA%D8%B1%D9%88%D9%86%D9%8A,5.0,4,4 ساعات,5,0,$10.00,يوم واحد,4,1,5.0,مزنة ع.,https://khamsat.com/user/muzna,True,بائع مميز,5.0,35,91.76%,13,40,3 ساعات
كتابة وترجمة,https://khamsat.com/writing,كتابة بروفايل الشركات,https://khamsat.com/writing/company-profile,كتابة ملف تعريفي للشركات (Company Profile),https://khamsat.com/writing/company-profile/2651359-%D9%83%D8%AA%D8%A7%D8%A8%D8%A9-%D9%85%D9%84%D9%81-%D8%AA%D8%B9%D8%B1%D9%8A%D9%81%D9%8A-%D9%84%D9%84%D8%B4%D8%B1%D9%83%D8%A7%D8%AA-company-profile,5.0,1,لم يحسب,1,0,$5.00,يوم واحد,1,1,100.0,.Raghda A,https://khamsat.com/user/raghdaalkhaldi,True,بائع جديد,5.0,3,100.0%,4,2,3 ساعات
كتابة وترجمة,https://khamsat.com/writing,كتابة بروفايل الشركات,https://khamsat.com/writing/company-profile,كتابة ملف تعريفي أو محتوى موقع إلكتروني,https://khamsat.com/writing/company-profile/739925-%D9%83%D8%AA%D8%A7%D8%A8%D8%A9-%D9%85%D9%84%D9%81-%D8%AA%D8%B9%D8%B1%D9%8A%D9%81%D9%8A-%D8%A3%D9%88-%D9%85%D8%AD%D8%AA%D9%88%D9%89-%D9%85%D9%88%D9%82%D8%B9-%D8%A5%D9%84%D9%83%D8%AA%D8%B1%D9%88%D9%86%D9%8A,0.0,0,يومين,3,0,$5.00,يومين,0,4,225.0,.Eman A,https://khamsat.com/user/eman-bendary,True,بائع مميز,4.5,28,76.67%,3,38,يوم
كتابة وترجمة,https://khamsat.com/writing,كتابة بروفايل الشركات,https://khamsat.com/writing/company-profile,كتابة ملف تعريفي لشركات أو مؤسسات,https://khamsat.com/writing/company-profile/2335606-%D9%83%D8%AA%D8%A7%D8%A8%D8%A9-%D9%85%D9%84%D9%81-%D8%AA%D8%B9%D8%B1%D9%8A%D9%81%D9%8A-%D9%84%D8%B4%D8%B1%D9%83%D8%A7%D8%AA-%D8%A3%D9%88-%D9%85%D8%A4%D8%B3%D8%B3%D8%A7%D8%AA,5.0,3,ساعة,3,0,$10.00,يوم واحد,3,1,40.0,.Bayan S,https://khamsat.com/user/bayan_shahwan92,True,بائع نشيط,5.0,6,91.67%,5,7,49 دقيقة
كتابة وترجمة,https://khamsat.com/writing,كتابة بروفايل الشركات,https://khamsat.com/writing/company-profile,كتابة إبداعية لمحتوى بروفايل شركتك وموقعك الالكتروني,https://khamsat.com/writing/company-profile/2060413-%D9%83%D8%AA%D8%A7%D8%A8%D8%A9-%D8%A5%D8%A8%D8%AF%D8%A7%D8%B9%D9%8A%D8%A9-%D9%84%D9%85%D8%AD%D8%AA%D9%88%D9%89-%D8%A8%D8%B1%D9%88%D9%81%D8%A7%D9%8A%D9%84-%D8%B4%D8%B1%D9%83%D8%AA%D9%83-%D9%88%D9%85%D9%88%D9%82%D8%B9%D9%83-%D8%A7%D9%84%D8%A7%D9%84%D9%83%D8%AA%D8%B1%D9%88%D9%86%D9%8A,5.0,2,6 ساعات,4,0,$5.00,يوم واحد,2,2,300.0,نور ا.,https://khamsat.com/user/%D9%86%D9%88%D8%B1-%D8%A7%D9%84%D8%AD%D8%B3%D9%86-%D8%A7%D9%84%D8%A8%D9%86%D8%A7,True,بائع مميز,5.0,40,80.28%,2,41,3 ساعات
كتابة وترجمة,https://khamsat.com/writing,كتابة بروفايل الشركات,https://khamsat.com/writing/company-profile,نبذة تعريفية قـوية ومميزة للشركات والمؤسسات,https://khamsat.com/writing/company-profile/1682781-%D9%86%D8%A8%D8%B0%D8%A9-%D8%AA%D8%B9%D8%B1%D9%8A%D9%81%D9%8A%D8%A9-%D9%82%D9%80%D9%88%D9%8A%D8%A9-%D9%88%D9%85%D9%85%D9%8A%D8%B2%D8%A9-%D9%84%D9%84%D8%B4%D8%B1%D9%83%D8%A7%D8%AA-%D9%88%D8%A7%D9%84%D9%85%D8%A4%D8%B3%D8%B3%D8%A7%D8%AA,5.0,1,16 ساعة,6,0,$10.00,ثلاثة أيام,1,2,120.0,جهاد ا.,https://khamsat.com/user/gehadelgharbawy,True,بائع نشيط,5.0,19,93.62%,8,29,22 ساعة
كتابة وترجمة,https://khamsat.com/writing,كتابة بروفايل الشركات,https://khamsat.com/writing/company-profile,كتابة بروفايل الشركات بكل احترافية,https://khamsat.com/writing/company-profile/2703647-%D9%83%D8%AA%D8%A7%D8%A8%D8%A9-%D8%A8%D8%B1%D9%88%D9%81%D8%A7%D9%8A%D9%84-%D8%A7%D9%84%D8%B4%D8%B1%D9%83%D8%A7%D8%AA-%D8%A8%D9%83%D9%84-%D8%A7%D8%AD%D8%AA%D8%B1%D8%A7%D9%81%D9%8A%D8%A9,5.0,3,ساعة,3,0,$5.00,يوم واحد,3,0,0.0,.Nada A,https://khamsat.com/user/nadasenjer2000,True,بائع جديد,5.0,4,42.86%,4,4,ساعة
كتابة وترجمة,https://khamsat.com/writing,كتابة بروفايل الشركات,https://khamsat.com/writing/company-profile,كتابة محتوى ملف تعريفي و صفحات هبوط,https://khamsat.com/writing/company-profile/1510470-%D9%83%D8%AA%D8%A7%D8%A8%D8%A9-%D9%85%D8%AD%D8%AA%D9%88%D9%89-%D9%85%D9%84%D9%81-%D8%AA%D8%B9%D8%B1%D9%8A%D9%81%D9%8A-%D9%88-%D8%B5%D9%81%D8%AD%D8%A7%D8%AA-%D9%87%D8%A8%D9%88%D8%B7,5.0,10,3 أيام,17,0,$5.00,يومين,10,4,75.0,بوعلام ب.,https://khamsat.com/user/bouchair_boualem,True,بائع مميز,4.5,86,88.57%,12,83,6 ساعات
كتابة وترجمة,https://khamsat.com/writing,كتابة بروفايل الشركات,https://khamsat.com/writing/company-profile,كتابة بروفايل شركة احترافي,https://khamsat.com/writing/company-profile/1959564-%D9%83%D8%AA%D8%A7%D8%A8%D8%A9-%D8%A8%D8%B1%D9%88%D9%81%D8%A7%D9%8A%D9%84-%D8%B4%D8%B1%D9%83%D8%A9-%D8%A7%D8%AD%D8%AA%D8%B1%D8%A7%D9%81%D9%8A,5.0,2,5 ساعات,10,0,$10.00,يومين,2,2,25.0,آلاء ا.,https://khamsat.com/user/alaa_almoussli,True,بائع نشيط,4.5,46,82.3%,7,78,ساعة
كتابة وترجمة,https://khamsat.com/writing,كتابة بروفايل الشركات,https://khamsat.com/writing/company-profile,كتابة إبداعية لبروفايل شركتك من نحن والرؤية والأهداف,https://khamsat.com/writing/company-profile/1262717-%D9%83%D8%AA%D8%A7%D8%A8%D8%A9-%D8%A5%D8%A8%D8%AF%D8%A7%D8%B9%D9%8A%D8%A9-%D9%84%D8%A8%D8%B1%D9%88%D9%81%D8%A7%D9%8A%D9%84-%D8%B4%D8%B1%D9%83%D8%AA%D9%83-%D9%85%D9%86-%D9%86%D8%AD%D9%86-%D9%88%D8%A7%D9%84%D8%B1%D8%A4%D9%8A%D8%A9-%D9%88%D8%A7%D9%84%D8%A3%D9%87%D8%AF%D8%A7%D9%81,5.0,3,5 ساعات,4,0,$5.00,ثلاثة أيام,3,2,300.0,جيلان د.,https://khamsat.com/user/%D8%AC%D9%8A%D9%84%D8%A7%D9%86-%D8%AD%D8%B3%D9%86,True,بائع مميز,5.0,49,91.88%,7,75,ساعتين
كتابة وترجمة,https://khamsat.com/writing,محتوى سوشيال ميديا,https://khamsat.com/writing/social-media-copywriting,كتابة محتوى تسويقي إبداعي بأفكار مميزة,https://khamsat.com/writing/social-media-copywriting/2348831-%D9%83%D8%AA%D8%A7%D8%A8%D8%A9-%D9%85%D8%AD%D8%AA%D9%88%D9%89-%D8%AA%D8%B3%D9%88%D9%8A%D9%82%D9%8A-%D8%A5%D8%A8%D8%AF%D8%A7%D8%B9%D9%8A-%D8%A8%D8%A3%D9%81%D9%83%D8%A7%D8%B1-%D9%85%D9%85%D9%8A%D8%B2%D8%A9,5.0,23,11 ساعة,24,0,$25.00,يومين,23,0,0.0,وفاء ز.,https://khamsat.com/user/wafaa_mohamd,True,بائع مميز,5.0,25,98.08%,1,24,3 ساعات
كتابة وترجمة,https://khamsat.com/writing,محتوى سوشيال ميديا,https://khamsat.com/writing/social-media-copywriting,كتابة محتوى عرض اليوم الوطني السعودي ال 94 باللهجة السعودية,https://khamsat.com/writing/social-media-copywriting/2997294-%D9%83%D8%AA%D8%A7%D8%A8%D8%A9-%D9%85%D8%AD%D8%AA%D9%88%D9%89-%D8%B9%D8%B1%D8%B6-%D8%A7%D9%84%D9%8A%D9%88%D9%85-%D8%A7%D9%84%D9%88%D8%B7%D9%86%D9%8A-%D8%A7%D9%84%D8%B3%D8%B9%D9%88%D8%AF%D9%8A-%D8%A7%D9%84-94-%D8%A8%D8%A7%D9%84%D9%84%D9%87%D8%AC%D8%A9-%D8%A7%D9%84%D8%B3%D8%B9%D9%88%D8%AF%D9%8A%D8%A9,5.0,4,ساعتين,4,0,$5.00,يوم واحد,4,4,45.0,.Faten S,https://khamsat.com/user/faten_seyam,True,بائع مميز,4.5,52,92.55%,9,73,3 ساعات
كتابة وترجمة,https://khamsat.com/writing,محتوى سوشيال ميديا,https://khamsat.com/writing/social-media-copywriting,كتابة محتوى مواقع الكترونية متوافق مع SEO,https://khamsat.com/writing/social-media-copywriting/1514373-%D9%83%D8%AA%D8%A7%D8%A8%D8%A9-%D9%85%D8%AD%D8%AA%D9%88%D9%89-%D9%85%D9%88%D8%A7%D9%82%D8%B9-%D8%A7%D9%84%D9%83%D8%AA%D8%B1%D9%88%D9%86%D9%8A%D8%A9-%D9%85%D8%AA%D9%88%D8%A7%D9%81%D9%82-%D9%85%D8%B9-seo,5.0,15,5 ساعات,23,0,$5.00,يومين,15,4,180.0,عامر ا.,https://khamsat.com/user/aamer_alsabri,True,بائع مميز,5.0,34,94.62%,4,47,6 ساعات
كتابة وترجمة,https://khamsat.com/writing,محتوى سوشيال ميديا,https://khamsat.com/writing/social-media-copywriting,كتابة محتوى تفاعلي لـ جميع أنواع التفاعل المطلوبه على قنوات التواصل الاجتماعي,https://khamsat.com/writing/social-media-copywriting/1741036-%D9%83%D8%AA%D8%A7%D8%A8%D8%A9-%D9%85%D8%AD%D8%AA%D9%88%D9%89-%D8%AA%D9%81%D8%A7%D8%B9%D9%84%D9%8A-%D9%84%D9%80-%D8%AC%D9%85%D9%8A%D8%B9-%D8%A3%D9%86%D9%88%D8%A7%D8%B9-%D8%A7%D9%84%D8%AA%D9%81%D8%A7%D8%B9%D9%84-%D8%A7%D9%84%D9%85%D8%B7%D9%84%D9%88%D8%A8%D9%87-%D8%B9%D9%84%D9%89-%D9%82%D9%86%D9%88%D8%A7%D8%AA-%D8%A7%D9%84%D8%AA%D9%88%D8%A7%D8%B5%D9%84-%D8%A7%D9%84%D8%A7%D8%AC%D8%AA%D9%85%D8%A7%D8%B9%D9%8A,4.5,21,55 دقيقة,35,0,$5.00,يوم واحد,21,4,165.0,.Taher M,https://khamsat.com/user/trusted_shop,True,بائع مميز,4.5,37,98.04%,2,59,ساعتين
كتابة وترجمة,https://khamsat.com/writing,محتوى سوشيال ميديا,https://khamsat.com/writing/social-media-copywriting,كتابة محتوى تسويقي لجذاب العملاء وزيادة التفاعل,https://khamsat.com/writing/social-media-copywriting/2914546-%D9%83%D8%AA%D8%A7%D8%A8%D8%A9-%D9%85%D8%AD%D8%AA%D9%88%D9%89-%D8%AA%D8%B3%D9%88%D9%8A%D9%82%D9%8A-%D9%84%D8%AC%D8%B0%D8%A7%D8%A8-%D8%A7%D9%84%D8%B9%D9%85%D9%84%D8%A7%D8%A1-%D9%88%D8%B2%D9%8A%D8%A7%D8%AF%D8%A9-%D8%A7%D9%84%D8%AA%D9%81%D8%A7%D8%B9%D9%84,5.0,2,57 دقيقة,2,0,$25.00,خمسة أيام,2,0,0.0,.Heba F,https://khamsat.com/user/golden_section,True,بائع نشيط,5.0,11,86.49%,6,17,ساعة
كتابة وترجمة,https://khamsat.com/writing,محتوى سوشيال ميديا,https://khamsat.com/writing/social-media-copywriting,كتابة محتوى لمواقع التواصل{8منشورات نصية (المنشور30 كلمة)},https://khamsat.com/writing/social-media-copywriting/1171050-%D9%83%D8%AA%D8%A7%D8%A8%D8%A9-%D9%85%D8%AD%D8%AA%D9%88%D9%89-%D9%84%D9%85%D9%88%D8%A7%D9%82%D8%B9-%D8%A7%D9%84%D8%AA%D9%88%D8%A7%D8%B5%D9%848%D9%85%D9%86%D8%B4%D9%88%D8%B1%D8%A7%D8%AA-%D9%86%D8%B5%D9%8A%D8%A9-%D8%A7%D9%84%D9%85%D9%86%D8%B4%D9%88%D8%B130-%D9%83%D9%84%D9%85%D8%A9,4.5,124,ساعة,206,0,$5.00,يوم واحد,25,3,45.0,.Ahmed Z,https://khamsat.com/user/ahmedmohammedzaki,True,بائع مميز,4.5,323,94.81%,6,594,ساعة
كتابة وترجمة,https://khamsat.com/writing,محتوى سوشيال ميديا,https://khamsat.com/writing/social-media-copywriting,كتابة تغريدات تجذب العملاء الى مشروعك,https://khamsat.com/writing/social-media-copywriting/2865544-%D9%83%D8%AA%D8%A7%D8%A8%D8%A9-%D8%AA%D8%BA%D8%B1%D9%8A%D8%AF%D8%A7%D8%AA-%D8%AA%D8%AC%D8%B0%D8%A8-%D8%A7%D9%84%D8%B9%D9%85%D9%84%D8%A7%D8%A1-%D8%A7%D9%84%D9%89-%D9%85%D8%B4%D8%B1%D9%88%D8%B9%D9%83,5.0,3,9 ساعات,3,0,$5.00,يوم واحد,3,0,0.0,.Ahmed M,https://khamsat.com/user/ahmed7mamoon,True,بائع نشيط,5.0,8,100.0%,2,8,4 ساعات
كتابة وترجمة,https://khamsat.com/writing,محتوى سوشيال ميديا,https://khamsat.com/writing/social-media-copywriting,كتابة منشورات تسويقية مميزة,https://khamsat.com/writing/social-media-copywriting/1195388-%D9%83%D8%AA%D8%A7%D8%A8%D8%A9-%D9%85%D9%86%D8%B4%D9%88%D8%B1%D8%A7%D8%AA-%D8%AA%D8%B3%D9%88%D9%8A%D9%82%D9%8A%D8%A9-%D9%85%D9%85%D9%8A%D8%B2%D8%A9,4.5,111,7 ساعات,198,0,$10.00,يوم واحد,25,4,75.0,شروق أ.,https://khamsat.com/user/shorok_nader,True,بائع موثوق,4.5,114,93.13%,3,204,11 ساعة
كتابة وترجمة,https://khamsat.com/writing,محتوى سوشيال ميديا,https://khamsat.com/writing/social-media-copywriting,كتابة متميزة للمحتوي علي السوشيال ميديا تجعلك من المشهورين,https://khamsat.com/writing/social-media-copywriting/2822700-%D9%83%D8%AA%D8%A7%D8%A8%D8%A9-%D9%85%D8%AA%D9%85%D9%8A%D8%B2%D8%A9-%D9%84%D9%84%D9%85%D8%AD%D8%AA%D9%88%D9%8A-%D8%B9%D9%84%D9%8A-%D8%A7%D9%84%D8%B3%D9%88%D8%B4%D9%8A%D8%A7%D9%84-%D9%85%D9%8A%D8%AF%D9%8A%D8%A7-%D8%AA%D8%AC%D8%B9%D9%84%D9%83-%D9%85%D9%86-%D8%A7%D9%84%D9%85%D8%B4%D9%87%D9%88%D8%B1%D9%8A%D9%86,5.0,7,ساعة,9,0,$5.00,يومين,7,5,80.0,.Ahmed A,https://khamsat.com/user/ahmedalwy,True,بائع نشيط,5.0,15,100.0%,6,15,22 دقيقة
كتابة وترجمة,https://khamsat.com/writing,محتوى سوشيال ميديا,https://khamsat.com/writing/social-media-copywriting,كتابة محتوى يوتيوب حصري و مميز,https://khamsat.com/writing/social-media-copywriting/2333422-%D9%83%D8%AA%D8%A7%D8%A8%D8%A9-%D9%85%D8%AD%D8%AA%D9%88%D9%89-%D9%8A%D9%88%D8%AA%D9%8A%D9%88%D8%A8-%D8%AD%D8%B5%D8%B1%D9%8A-%D9%88-%D9%85%D9%85%D9%8A%D8%B2,4.5,13,ساعتين,14,0,$15.00,ثلاثة أيام,13,5,215.0,.Mahmoud E,https://khamsat.com/user/elmaghraby20,True,بائع مميز,5.0,44,97.8%,5,44,10 ساعات
كتابة وترجمة,https://khamsat.com/writing,محتوى سوشيال ميديا,https://khamsat.com/writing/social-media-copywriting,كتابة محتوى باللغة العربية متوافقة مع السيو,https://khamsat.com/writing/social-media-copywriting/2715897-%D9%83%D8%AA%D8%A7%D8%A8%D8%A9-%D9%85%D8%AD%D8%AA%D9%88%D9%89-%D8%A8%D8%A7%D9%84%D9%84%D8%BA%D8%A9-%D8%A7%D9%84%D8%B9%D8%B1%D8%A8%D9%8A%D8%A9-%D9%85%D8%AA%D9%88%D8%A7%D9%81%D9%82%D8%A9-%D9%85%D8%B9-%D8%A7%D9%84%D8%B3%D9%8A%D9%88,5.0,3,ساعتين,3,0,$5.00,يوم واحد,3,5,220.0,جهاد ا.,https://khamsat.com/user/jehadd_pss18,True,بائع نشيط,5.0,8,100.0%,5,4,ساعة
كتابة وترجمة,https://khamsat.com/writing,محتوى سوشيال ميديا,https://khamsat.com/writing/social-media-copywriting,كتابة المحتوى التسويقي والتفاعلي ومحتوى السوشيال ميديا,https://khamsat.com/writing/social-media-copywriting/2652289-%D9%83%D8%AA%D8%A7%D8%A8%D8%A9-%D8%A7%D9%84%D9%85%D8%AD%D8%AA%D9%88%D9%89-%D8%A7%D9%84%D8%AA%D8%B3%D9%88%D9%8A%D9%82%D9%8A-%D9%88%D8%A7%D9%84%D8%AA%D9%81%D8%A7%D8%B9%D9%84%D9%8A-%D9%88%D9%85%D8%AD%D8%AA%D9%88%D9%89-%D8%A7%D9%84%D8%B3%D9%88%D8%B4%D9%8A%D8%A7%D9%84-%D9%85%D9%8A%D8%AF%D9%8A%D8%A7,4.5,23,5 ساعات,33,0,$10.00,يومين,23,3,120.0,رنيم ا.,https://khamsat.com/user/ranemesmaeel,True,بائع مميز,4.5,33,100.0%,6,43,7 ساعات
كتابة وترجمة,https://khamsat.com/writing,محتوى سوشيال ميديا,https://khamsat.com/writing/social-media-copywriting,كتابة محتوى إعلاني تسويقي على السوشيال ميديا,https://khamsat.com/writing/social-media-copywriting/2299031-%D9%83%D8%AA%D8%A7%D8%A8%D8%A9-%D9%85%D8%AD%D8%AA%D9%88%D9%89-%D8%A5%D8%B9%D9%84%D8%A7%D9%86%D9%8A-%D8%AA%D8%B3%D9%88%D9%8A%D9%82%D9%8A-%D8%B9%D9%84%D9%89-%D8%A7%D9%84%D8%B3%D9%88%D8%B4%D9%8A%D8%A7%D9%84-%D9%85%D9%8A%D8%AF%D9%8A%D8%A7,5.0,2,يومين,4,0,$15.00,يوم واحد,2,4,185.0,.Fatma A,https://khamsat.com/user/fatima_ahmed279,True,بائع نشيط,5.0,13,100.0%,4,13,يوم
كتابة وترجمة,https://khamsat.com/writing,محتوى سوشيال ميديا,https://khamsat.com/writing/social-media-copywriting,كتابة خطة محتوى ابداعي تسويقي سوشال ميديا,https://khamsat.com/writing/social-media-copywriting/1702285-%D9%83%D8%AA%D8%A7%D8%A8%D8%A9-%D8%AE%D8%B7%D8%A9-%D9%85%D8%AD%D8%AA%D9%88%D9%89-%D8%A7%D8%A8%D8%AF%D8%A7%D8%B9%D9%8A-%D8%AA%D8%B3%D9%88%D9%8A%D9%82%D9%8A-%D8%B3%D9%88%D8%B4%D8%A7%D9%84-%D9%85%D9%8A%D8%AF%D9%8A%D8%A7,5.0,10,ساعة,23,0,$10.00,يومين,10,5,615.0,.Yazan E,https://khamsat.com/user/yazanagriculture,True,بائع مميز,5.0,43,92.99%,5,76,ساعتين
كتابة وترجمة,https://khamsat.com/writing,محتوى سوشيال ميديا,https://khamsat.com/writing/social-media-copywriting,كتابة محتوى سوشال ميديا باللغة العربية,https://khamsat.com/writing/social-media-copywriting/1710745-%D9%83%D8%AA%D8%A7%D8%A8%D8%A9-%D9%85%D8%AD%D8%AA%D9%88%D9%89-%D8%B3%D9%88%D8%B4%D8%A7%D9%84-%D9%85%D9%8A%D8%AF%D9%8A%D8%A7-%D8%A8%D8%A7%D9%84%D9%84%D8%BA%D8%A9-%D8%A7%D9%84%D8%B9%D8%B1%D8%A8%D9%8A%D8%A9,5.0,5,13 ساعة,12,0,$5.00,يومين,5,3,35.0,بيلسان ع.,https://khamsat.com/user/baylasan71,True,بائع مميز,4.5,54,85.31%,4,79,3 ساعات
كتابة وترجمة,https://khamsat.com/writing,محتوى سوشيال ميديا,https://khamsat.com/writing/social-media-copywriting,كتابة وصف لقناة اليوتيوب احترافي بـ 3 لغات لتصدر القناة,https://khamsat.com/writing/social-media-copywriting/2747421-%D9%83%D8%AA%D8%A7%D8%A8%D8%A9-%D9%88%D8%B5%D9%81-%D9%84%D9%82%D9%86%D8%A7%D8%A9-%D8%A7%D9%84%D9%8A%D9%88%D8%AA%D9%8A%D9%88%D8%A8-%D8%A7%D8%AD%D8%AA%D8%B1%D8%A7%D9%81%D9%8A-%D8%A8%D9%80-3-%D9%84%D8%BA%D8%A7%D8%AA-%D9%84%D8%AA%D8%B5%D8%AF%D8%B1-%D8%A7%D9%84%D9%82%D9%86%D8%A7%D8%A9,5.0,14,54 دقيقة,15,0,$10.00,يوم واحد,14,2,35.0,.Rami A,https://khamsat.com/user/rami_a2,True,بائع مميز,5.0,152,96.61%,2,166,5 ساعات
كتابة وترجمة,https://khamsat.com/writing,محتوى سوشيال ميديا,https://khamsat.com/writing/social-media-copywriting,كتابة خطط المحتوى لصفحات السوشيال ميديا باللهجة السعودية,https://khamsat.com/writing/social-media-copywriting/2567458-%D9%83%D8%AA%D8%A7%D8%A8%D8%A9-%D8%AE%D8%B7%D8%B7-%D8%A7%D9%84%D9%85%D8%AD%D8%AA%D9%88%D9%89-%D9%84%D8%B5%D9%81%D8%AD%D8%A7%D8%AA-%D8%A7%D9%84%D8%B3%D9%88%D8%B4%D9%8A%D8%A7%D9%84-%D9%85%D9%8A%D8%AF%D9%8A%D8%A7-%D8%A8%D8%A7%D9%84%D9%84%D9%87%D8%AC%D8%A9-%D8%A7%D9%84%D8%B3%D8%B9%D9%88%D8%AF%D9%8A%D8%A9,5.0,9,8 ساعات,12,0,$5.00,يوم واحد,9,4,90.0,.Faten S,https://khamsat.com/user/faten_seyam,True,بائع مميز,4.5,52,92.55%,9,73,3 ساعات
كتابة وترجمة,https://khamsat.com/writing,محتوى سوشيال ميديا,https://khamsat.com/writing/social-media-copywriting,جوست رايتر أكتب للمشاهير ورجال الأعمال نصاً يبعث على الذهول,https://khamsat.com/writing/social-media-copywriting/1290284-%D8%AC%D9%88%D8%B3%D8%AA-%D8%B1%D8%A7%D9%8A%D8%AA%D8%B1-%D8%A3%D9%83%D8%AA%D8%A8-%D9%84%D9%84%D9%85%D8%B4%D8%A7%D9%87%D9%8A%D8%B1-%D9%88%D8%B1%D8%AC%D8%A7%D9%84-%D8%A7%D9%84%D8%A3%D8%B9%D9%85%D8%A7%D9%84-%D9%86%D8%B5%D8%A7-%D9%8A%D8%A8%D8%B9%D8%AB-%D8%B9%D9%84%D9%89-%D8%A7%D9%84%D8%B0%D9%87%D9%88%D9%84,5.0,4,25 دقيقة,6,0,$25.00,يوم واحد,4,1,100.0,أحمد م.,https://khamsat.com/user/profadeese,True,بائع نشيط,5.0,6,95.65%,2,8,يوم
كتابة وترجمة,https://khamsat.com/writing,محتوى سوشيال ميديا,https://khamsat.com/writing/social-media-copywriting,كتابة المحتوى التفاعلي لصفحتك على مواقع التواصل الاجتماعي,https://khamsat.com/writing/social-media-copywriting/2448944-%D9%83%D8%AA%D8%A7%D8%A8%D8%A9-%D8%A7%D9%84%D9%85%D8%AD%D8%AA%D9%88%D9%89-%D8%A7%D9%84%D8%AA%D9%81%D8%A7%D8%B9%D9%84%D9%8A-%D9%84%D8%B5%D9%81%D8%AD%D8%AA%D9%83-%D8%B9%D9%84%D9%89-%D9%85%D9%88%D8%A7%D9%82%D8%B9-%D8%A7%D9%84%D8%AA%D9%88%D8%A7%D8%B5%D9%84-%D8%A7%D9%84%D8%A7%D8%AC%D8%AA%D9%85%D8%A7%D8%B9%D9%8A,4.5,5,أقل من دقيقة,5,0,$5.00,ثلاثة أيام,5,3,25.0,.Ahmed D,https://khamsat.com/user/ahmeddiaa1,True,بائع نشيط,5.0,12,92.59%,3,10,3 ساعات
كتابة وترجمة,https://khamsat.com/writing,محتوى سوشيال ميديا,https://khamsat.com/writing/social-media-copywriting,كتابة محتوى جذاب وشيق باللغة العربية و الإنجليزية,https://khamsat.com/writing/social-media-copywriting/2557405-%D9%83%D8%AA%D8%A7%D8%A8%D8%A9-%D9%85%D8%AD%D8%AA%D9%88%D9%89-%D8%AC%D8%B0%D8%A7%D8%A8-%D9%88%D8%B4%D9%8A%D9%82-%D8%A8%D8%A7%D9%84%D9%84%D8%BA%D8%A9-%D8%A7%D9%84%D8%B9%D8%B1%D8%A8%D9%8A%D8%A9-%D9%88-%D8%A7%D9%84%D8%A5%D9%86%D8%AC%D9%84%D9%8A%D8%B2%D9%8A%D8%A9,4.5,4,ساعتين,4,0,$5.00,يوم واحد,4,3,185.0,.Nourhan F,https://khamsat.com/user/noorhanfouad92,True,بائع نشيط,5.0,10,83.33%,5,14,6 ساعات
كتابة وترجمة,https://khamsat.com/writing,محتوى سوشيال ميديا,https://khamsat.com/writing/social-media-copywriting,كتابة منشورات تسويقية احترافية للسوشيال ميديا,https://khamsat.com/writing/social-media-copywriting/1403832-%D9%83%D8%AA%D8%A7%D8%A8%D8%A9-%D9%85%D9%86%D8%B4%D9%88%D8%B1%D8%A7%D8%AA-%D8%AA%D8%B3%D9%88%D9%8A%D9%82%D9%8A%D8%A9-%D8%A7%D8%AD%D8%AA%D8%B1%D8%A7%D9%81%D9%8A%D8%A9-%D9%84%D9%84%D8%B3%D9%88%D8%B4%D9%8A%D8%A7%D9%84-%D9%85%D9%8A%D8%AF%D9%8A%D8%A7,5.0,12,3 ساعات,14,0,$15.00,ثلاثة أيام,12,2,200.0,يارا ح.,https://khamsat.com/user/yara_husseiny,True,بائع مميز,5.0,31,96.67%,5,35,17 ساعة
كتابة وترجمة,https://khamsat.com/writing,محتوى سوشيال ميديا,https://khamsat.com/writing/social-media-copywriting,كتابة محتوى ابداعي لاعلان سوشيال ميديا,https://khamsat.com/writing/social-media-copywriting/1801115-%D9%83%D8%AA%D8%A7%D8%A8%D8%A9-%D9%85%D8%AD%D8%AA%D9%88%D9%89-%D8%A7%D8%A8%D8%AF%D8%A7%D8%B9%D9%8A-%D9%84%D8%A7%D8%B9%D9%84%D8%A7%D9%86-%D8%B3%D9%88%D8%B4%D9%8A%D8%A7%D9%84-%D9%85%D9%8A%D8%AF%D9%8A%D8%A7,5.0,7,ساعة,13,0,$5.00,يوم واحد,7,4,70.0,.Suhaib A,https://khamsat.com/user/suhaib_alshawa,True,بائع مميز,4.5,24,87.9%,3,35,50 دقيقة
كتابة وترجمة,https://khamsat.com/writing,محتوى سوشيال ميديا,https://khamsat.com/writing/social-media-copywriting,إليك منشورًا استثنائيا لشبكات التواصل الاجتماعي لأعمالك,https://khamsat.com/writing/social-media-copywriting/1974226-%D8%A5%D9%84%D9%8A%D9%83-%D9%85%D9%86%D8%B4%D9%88%D8%B1%D8%A7-%D8%A7%D8%B3%D8%AA%D8%AB%D9%86%D8%A7%D8%A6%D9%8A%D8%A7-%D9%84%D8%B4%D8%A8%D9%83%D8%A7%D8%AA-%D8%A7%D9%84%D8%AA%D9%88%D8%A7%D8%B5%D9%84-%D8%A7%D9%84%D8%A7%D8%AC%D8%AA%D9%85%D8%A7%D8%B9%D9%8A-%D9%84%D8%A3%D8%B9%D9%85%D8%A7%D9%84%D9%83,5.0,3,5 ساعات,3,0,$10.00,يومين,3,3,115.0,هشام ه.,https://khamsat.com/user/hisham_h86,True,بائع موثوق,5.0,62,90.71%,7,68,6 ساعات
كتابة وترجمة,https://khamsat.com/writing,محتوى سوشيال ميديا,https://khamsat.com/writing/social-media-copywriting,محتوى ابداعي تفاعلي لصفحاتكم في مواقع التواصل الاجتماعي,https://khamsat.com/writing/social-media-copywriting/1616457-%D9%85%D8%AD%D8%AA%D9%88%D9%89-%D8%A7%D8%A8%D8%AF%D8%A7%D8%B9%D9%8A-%D8%AA%D9%81%D8%A7%D8%B9%D9%84%D9%8A-%D9%84%D8%B5%D9%81%D8%AD%D8%A7%D8%AA%D9%83%D9%85-%D9%81%D9%8A-%D9%85%D9%88%D8%A7%D9%82%D8%B9-%D8%A7%D9%84%D8%AA%D9%88%D8%A7%D8%B5%D9%84-%D8%A7%D9%84%D8%A7%D8%AC%D8%AA%D9%85%D8%A7%D8%B9%D9%8A,5.0,21,5 ساعات,27,1,$5.00,يوم واحد,21,0,0.0,أمال ز.,https://khamsat.com/user/oumniyazer,True,بائع مميز,5.0,23,94.12%,3,29,3 ساعات
كتابة وترجمة,https://khamsat.com/writing,محتوى سوشيال ميديا,https://khamsat.com/writing/social-media-copywriting,كتابة بوستات وأفكار ريلز واستطلاعات رأي على إنستجرام,https://khamsat.com/writing/social-media-copywriting/2980067-%D9%83%D8%AA%D8%A7%D8%A8%D8%A9-%D8%A8%D9%88%D8%B3%D8%AA%D8%A7%D8%AA-%D9%88%D8%A3%D9%81%D9%83%D8%A7%D8%B1-%D8%B1%D9%8A%D9%84%D8%B2-%D9%88%D8%A7%D8%B3%D8%AA%D8%B7%D9%84%D8%A7%D8%B9%D8%A7%D8%AA-%D8%B1%D8%A3%D9%8A-%D8%B9%D9%84%D9%89-%D8%A5%D9%86%D8%B3%D8%AA%D8%AC%D8%B1%D8%A7%D9%85,0.0,0,يوم,1,0,$5.00,يومين,0,0,0.0,ميادة ص.,https://khamsat.com/user/mayadasafwt22,True,بائع جديد,0.0,0,100.0%,3,1,يوم
كتابة وترجمة,https://khamsat.com/writing,محتوى سوشيال ميديا,https://khamsat.com/writing/social-media-copywriting,كتابة محتوى تسويقي مميز لمواقع التواصل الاجتماعي,https://khamsat.com/writing/social-media-copywriting/2439559-%D9%83%D8%AA%D8%A7%D8%A8%D8%A9-%D9%85%D8%AD%D8%AA%D9%88%D9%89-%D8%AA%D8%B3%D9%88%D9%8A%D9%82%D9%8A-%D9%85%D9%85%D9%8A%D8%B2-%D9%84%D9%85%D9%88%D8%A7%D9%82%D8%B9-%D8%A7%D9%84%D8%AA%D9%88%D8%A7%D8%B5%D9%84-%D8%A7%D9%84%D8%A7%D8%AC%D8%AA%D9%85%D8%A7%D8%B9%D9%8A,5.0,1,11 ساعة,2,0,$5.00,يوم واحد,1,4,50.0,أمنية ف.,https://khamsat.com/user/omnia_26,True,بائع جديد,5.0,4,100.0%,5,4,12 ساعة
كتابة وترجمة,https://khamsat.com/writing,محتوى سوشيال ميديا,https://khamsat.com/writing/social-media-copywriting,كتابة منشورات وسائل تواصل مميزة لقنوات السوشيال,https://khamsat.com/writing/social-media-copywriting/2216224-%D9%83%D8%AA%D8%A7%D8%A8%D8%A9-%D9%85%D9%86%D8%B4%D9%88%D8%B1%D8%A7%D8%AA-%D9%88%D8%B3%D8%A7%D8%A6%D9%84-%D8%AA%D9%88%D8%A7%D8%B5%D9%84-%D9%85%D9%85%D9%8A%D8%B2%D8%A9-%D9%84%D9%82%D9%86%D9%88%D8%A7%D8%AA-%D8%A7%D9%84%D8%B3%D9%88%D8%B4%D9%8A%D8%A7%D9%84,5.0,1,11 دقيقة,1,0,$10.00,يوم واحد,1,2,30.0,بشار ا.,https://khamsat.com/user/ba7shar,True,بائع نشيط,5.0,13,90.63%,2,11,5 ساعات
كتابة وترجمة,https://khamsat.com/writing,محتوى سوشيال ميديا,https://khamsat.com/writing/social-media-copywriting,كتابة محتوى تسويقي متوافق مع الـSEO بالعربية و الإنجليزية,https://khamsat.com/writing/social-media-copywriting/2772267-%D9%83%D8%AA%D8%A7%D8%A8%D8%A9-%D9%85%D8%AD%D8%AA%D9%88%D9%89-%D8%AA%D8%B3%D9%88%D9%8A%D9%82%D9%8A-%D9%85%D8%AA%D9%88%D8%A7%D9%81%D9%82-%D9%85%D8%B9-%D8%A7%D9%84%D9%80seo-%D8%A8%D8%A7%D9%84%D8%B9%D8%B1%D8%A8%D9%8A%D8%A9-%D9%88-%D8%A7%D9%84%D8%A5%D9%86%D8%AC%D9%84%D9%8A%D8%B2%D9%8A%D8%A9,5.0,7,4 دقائق,13,0,$10.00,يوم واحد,7,5,260.0,.Abdelrahman A,https://khamsat.com/user/abdelrahman0004,True,بائع مميز,5.0,34,98.7%,3,43,ساعة
كتابة وترجمة,https://khamsat.com/writing,محتوى سوشيال ميديا,https://khamsat.com/writing/social-media-copywriting,كتابة محتوى لوسائل التواصل الاجتماعي,https://khamsat.com/writing/social-media-copywriting/2269552-%D9%83%D8%AA%D8%A7%D8%A8%D8%A9-%D9%85%D8%AD%D8%AA%D9%88%D9%89-%D9%84%D9%88%D8%B3%D8%A7%D8%A6%D9%84-%D8%A7%D9%84%D8%AA%D9%88%D8%A7%D8%B5%D9%84-%D8%A7%D9%84%D8%A7%D8%AC%D8%AA%D9%85%D8%A7%D8%B9%D9%8A,5.0,15,53 دقيقة,18,0,$5.00,يوم واحد,15,3,125.0,.Alaa A,https://khamsat.com/user/alaaattaya,True,بائع نشيط,5.0,25,91.67%,7,27,ساعة
كتابة وترجمة,https://khamsat.com/writing,محتوى سوشيال ميديا,https://khamsat.com/writing/social-media-copywriting,كتابة محتوى مواقع التواصل الاجتماعي باللغة العربية,https://khamsat.com/writing/social-media-copywriting/2167837-%D9%83%D8%AA%D8%A7%D8%A8%D8%A9-%D9%85%D8%AD%D8%AA%D9%88%D9%89-%D9%85%D9%88%D8%A7%D9%82%D8%B9-%D8%A7%D9%84%D8%AA%D9%88%D8%A7%D8%B5%D9%84-%D8%A7%D9%84%D8%A7%D8%AC%D8%AA%D9%85%D8%A7%D8%B9%D9%8A-%D8%A8%D8%A7%D9%84%D9%84%D8%BA%D8%A9-%D8%A7%D9%84%D8%B9%D8%B1%D8%A8%D9%8A%D8%A9,4.5,5,7 ساعات,7,0,$5.00,يومين,5,2,30.0,أمين ا.,https://khamsat.com/user/amine_tibari,True,بائع نشيط,4.5,13,90.48%,3,17,8 ساعات
كتابة وترجمة,https://khamsat.com/writing,رسائل بريد إلكتروني,https://khamsat.com/writing/email-copy,اكتب لك رسالة لتقديم طلبك لميرتش بي امازون Merch by Amazon,https://khamsat.com/writing/email-copy/1052678-%D8%A7%D9%83%D8%AA%D8%A8-%D9%84%D9%83-%D8%B1%D8%B3%D8%A7%D9%84%D8%A9-%D9%84%D8%AA%D9%82%D8%AF%D9%8A%D9%85-%D8%B7%D9%84%D8%A8%D9%83-%D9%84%D9%85%D9%8A%D8%B1%D8%AA%D8%B4-%D8%A8%D9%8A-%D8%A7%D9%85%D8%A7%D8%B2%D9%88%D9%86-merch-by-amazon,5.0,171,5 ساعات,330,0,$5.00,يوم واحد,25,1,15.0,.Mahmmod S,https://khamsat.com/user/%D9%85%D8%AD%D9%85%D9%88%D8%AF-%D8%B4%D9%87%D8%A7%D8%A8,True,بائع مميز,5.0,192,98.14%,2,355,5 ساعات
كتابة وترجمة,https://khamsat.com/writing,رسائل بريد إلكتروني,https://khamsat.com/writing/email-copy,كتابة خطابات وإيميلات باللغة الإنجليزية,https://khamsat.com/writing/email-copy/836514-%D9%83%D8%AA%D8%A7%D8%A8%D8%A9-%D8%AE%D8%B7%D8%A7%D8%A8%D8%A7%D8%AA-%D9%88%D8%A5%D9%8A%D9%85%D9%8A%D9%84%D8%A7%D8%AA-%D8%A8%D8%A7%D9%84%D9%84%D8%BA%D8%A9-%D8%A7%D9%84%D8%A5%D9%86%D8%AC%D9%84%D9%8A%D8%B2%D9%8A%D8%A9,5.0,19,20 دقيقة,29,0,$5.00,يوم واحد,19,4,95.0,جيلان د.,https://khamsat.com/user/%D8%AC%D9%8A%D9%84%D8%A7%D9%86-%D8%AD%D8%B3%D9%86,True,بائع مميز,5.0,49,91.88%,7,75,ساعتين
كتابة وترجمة,https://khamsat.com/writing,رسائل بريد إلكتروني,https://khamsat.com/writing/email-copy,كتابة كل أنواع المراسلات التجارية والبريد الإلكتروني بالإنكليزي,https://khamsat.com/writing/email-copy/1409344-%D9%83%D8%AA%D8%A7%D8%A8%D8%A9-%D9%83%D9%84-%D8%A3%D9%86%D9%88%D8%A7%D8%B9-%D8%A7%D9%84%D9%85%D8%B1%D8%A7%D8%B3%D9%84%D8%A7%D8%AA-%D8%A7%D9%84%D8%AA%D8%AC%D8%A7%D8%B1%D9%8A%D8%A9-%D9%88%D8%A7%D9%84%D8%A8%D8%B1%D9%8A%D8%AF-%D8%A7%D9%84%D8%A5%D9%84%D9%83%D8%AA%D8%B1%D9%88%D9%86%D9%8A-%D8%A8%D8%A7%D9%84%D8%A5%D9%86%D9%83%D9%84%D9%8A%D8%B2%D9%8A,5.0,44,34 دقيقة,57,0,$10.00,يوم واحد,25,4,105.0,ميرفت خ.,https://khamsat.com/user/mervatlu7ck,True,بائع مميز,5.0,75,96.3%,8,100,11 ساعة
كتابة وترجمة,https://khamsat.com/writing,رسائل بريد إلكتروني,https://khamsat.com/writing/email-copy,كتابة خطابات وايميلات باللغتين الانجليزية والعربية ٤٠٠ كلمة,https://khamsat.com/writing/email-copy/1360115-%D9%83%D8%AA%D8%A7%D8%A8%D8%A9-%D8%AE%D8%B7%D8%A7%D8%A8%D8%A7%D8%AA-%D9%88%D8%A7%D9%8A%D9%85%D9%8A%D9%84%D8%A7%D8%AA-%D8%A8%D8%A7%D9%84%D9%84%D8%BA%D8%AA%D9%8A%D9%86-%D8%A7%D9%84%D8%A7%D9%86%D8%AC%D9%84%D9%8A%D8%B2%D9%8A%D8%A9-%D9%88%D8%A7%D9%84%D8%B9%D8%B1%D8%A8%D9%8A%D8%A9-%D9%83%D9%84%D9%85%D8%A9,4.5,63,ساعة,102,1,$5.00,يوم واحد,25,0,0.0,.Mohamed A,https://khamsat.com/user/reallyman,True,بائع مميز,4.5,66,95.81%,2,104,ساعة
كتابة وترجمة,https://khamsat.com/writing,رسائل بريد إلكتروني,https://khamsat.com/writing/email-copy,كتابة ايميلات رسمية واكاديمية باحترافية,https://khamsat.com/writing/email-copy/2914075-%D9%83%D8%AA%D8%A7%D8%A8%D8%A9-%D8%A7%D9%8A%D9%85%D9%8A%D9%84%D8%A7%D8%AA-%D8%B1%D8%B3%D9%85%D9%8A%D8%A9-%D9%88%D8%A7%D9%83%D8%A7%D8%AF%D9%8A%D9%85%D9%8A%D8%A9-%D8%A8%D8%A7%D8%AD%D8%AA%D8%B1%D8%A7%D9%81%D9%8A%D8%A9,5.0,1,19 دقيقة,2,0,$5.00,يوم واحد,1,4,65.0,.Mohamed O,https://khamsat.com/user/dr-mohamed-omar,True,بائع جديد,5.0,2,100.0%,4,3,ساعة
كتابة وترجمة,https://khamsat.com/writing,رسائل بريد إلكتروني,https://khamsat.com/writing/email-copy,كتابة ايميل أو عروض احترافية باللغتين العربية والانجليزية,https://khamsat.com/writing/email-copy/2896135-%D9%83%D8%AA%D8%A7%D8%A8%D8%A9-%D8%A7%D9%8A%D9%85%D9%8A%D9%84-%D8%A3%D9%88-%D8%B9%D8%B1%D9%88%D8%B6-%D8%A7%D8%AD%D8%AA%D8%B1%D8%A7%D9%81%D9%8A%D8%A9-%D8%A8%D8%A7%D9%84%D9%84%D8%BA%D8%AA%D9%8A%D9%86-%D8%A7%D9%84%D8%B9%D8%B1%D8%A8%D9%8A%D8%A9-%D9%88%D8%A7%D9%84%D8%A7%D9%86%D8%AC%D9%84%D9%8A%D8%B2%D9%8A%D8%A9,5.0,1,27 دقيقة,1,0,$5.00,يوم واحد,1,1,10.0,.Safaa A,https://khamsat.com/user/safaaadlan,True,بائع نشيط,5.0,6,83.33%,3,5,3 ساعات
كتابة وترجمة,https://khamsat.com/writing,رسائل بريد إلكتروني,https://khamsat.com/writing/email-copy,رساله قبول في مريش باى امازون او upwork,https://khamsat.com/writing/email-copy/1429673-%D8%B1%D8%B3%D8%A7%D9%84%D9%87-%D9%82%D8%A8%D9%88%D9%84-%D9%81%D9%8A-%D9%85%D8%B1%D9%8A%D8%B4-%D8%A8%D8%A7%D9%89-%D8%A7%D9%85%D8%A7%D8%B2%D9%88%D9%86-%D8%A7%D9%88-upwork,5.0,11,3 دقائق,13,0,$15.00,يومين,11,5,95.0,.Ahmed Y,https://khamsat.com/user/a.yousri,True,بائع نشيط,5.0,22,96.88%,7,28,7 دقائق
كتابة وترجمة,https://khamsat.com/writing,رسائل بريد إلكتروني,https://khamsat.com/writing/email-copy,كتابة الرسائل الرسمية والأكاديمية بالعربية أو الإنجليزية,https://khamsat.com/writing/email-copy/1914960-%D9%83%D8%AA%D8%A7%D8%A8%D8%A9-%D8%A7%D9%84%D8%B1%D8%B3%D8%A7%D8%A6%D9%84-%D8%A7%D9%84%D8%B1%D8%B3%D9%85%D9%8A%D8%A9-%D9%88%D8%A7%D9%84%D8%A3%D9%83%D8%A7%D8%AF%D9%8A%D9%85%D9%8A%D8%A9-%D8%A8%D8%A7%D9%84%D8%B9%D8%B1%D8%A8%D9%8A%D8%A9-%D8%A3%D9%88-%D8%A7%D9%84%D8%A5%D9%86%D8%AC%D9%84%D9%8A%D8%B2%D9%8A%D8%A9,5.0,4,18 دقيقة,7,0,$10.00,يوم واحد,4,1,5.0,ميرفت خ.,https://khamsat.com/user/mervatlu7ck,True,بائع مميز,5.0,75,96.3%,8,100,11 ساعة
كتابة وترجمة,https://khamsat.com/writing,رسائل بريد إلكتروني,https://khamsat.com/writing/email-copy,رسائل شكر اعتذار اشتياق وداع عتاب تهنئة وصية,https://khamsat.com/writing/email-copy/2945058-%D8%B1%D8%B3%D8%A7%D8%A6%D9%84-%D8%B4%D9%83%D8%B1-%D8%A7%D8%B9%D8%AA%D8%B0%D8%A7%D8%B1-%D8%A7%D8%B4%D8%AA%D9%8A%D8%A7%D9%82-%D9%88%D8%AF%D8%A7%D8%B9-%D8%B9%D8%AA%D8%A7%D8%A8-%D8%AA%D9%87%D9%86%D8%A6%D8%A9-%D9%88%D8%B5%D9%8A%D8%A9,0.0,0,لم يحسب,0,0,$5.00,يوم واحد,0,3,35.0,محمد ب.,https://khamsat.com/user/mohamed_4design,True,بائع جديد,4.5,1,100.0%,5,1,42 دقيقة
كتابة وترجمة,https://khamsat.com/writing,رسائل بريد إلكتروني,https://khamsat.com/writing/email-copy,كتابة اي ايميل بسرعة وباحترافية عالية.,https://khamsat.com/writing/email-copy/2839351-%D9%83%D8%AA%D8%A7%D8%A8%D8%A9-%D8%A7%D9%8A-%D8%A7%D9%8A%D9%85%D9%8A%D9%84-%D8%A8%D8%B3%D8%B1%D8%B9%D8%A9-%D9%88%D8%A8%D8%A7%D8%AD%D8%AA%D8%B1%D8%A7%D9%81%D9%8A%D8%A9-%D8%B9%D8%A7%D9%84%D9%8A%D8%A9,5.0,1,لم يحسب,1,0,$5.00,يوم واحد,1,0,0.0,.Ahmed A,https://khamsat.com/user/ahmedelkomi,True,بائع نشيط,5.0,13,89.19%,4,15,59 دقيقة
كتابة وترجمة,https://khamsat.com/writing,رسائل بريد إلكتروني,https://khamsat.com/writing/email-copy,سأقوم بكتابة رسائل بريد إلكتروني إحترافية,https://khamsat.com/writing/email-copy/2862061-%D8%B3%D8%A3%D9%82%D9%88%D9%85-%D8%A8%D9%83%D8%AA%D8%A7%D8%A8%D8%A9-%D8%B1%D8%B3%D8%A7%D8%A6%D9%84-%D8%A8%D8%B1%D9%8A%D8%AF-%D8%A5%D9%84%D9%83%D8%AA%D8%B1%D9%88%D9%86%D9%8A-%D8%A5%D8%AD%D8%AA%D8%B1%D8%A7%D9%81%D9%8A%D8%A9,0.0,0,لم يحسب,0,0,$5.00,يوم واحد,0,1,5.0,.Brahim B,https://khamsat.com/user/ibrahimbah23,False,بائع جديد,0.0,0,لم يحسب بعد,1,0,لم يحسب
كتابة وترجمة,https://khamsat.com/writing,رسائل بريد إلكتروني,https://khamsat.com/writing/email-copy,كتابة معروض أو رسائل شكر أو تهنئة,https://khamsat.com/writing/email-copy/2570694-%D9%83%D8%AA%D8%A7%D8%A8%D8%A9-%D9%85%D8%B9%D8%B1%D9%88%D8%B6-%D8%A3%D9%88-%D8%B1%D8%B3%D8%A7%D8%A6%D9%84-%D8%B4%D9%83%D8%B1-%D8%A3%D9%88-%D8%AA%D9%87%D9%86%D8%A6%D8%A9,5.0,2,14 دقيقة,2,0,$5.00,يوم واحد,2,0,0.0,عبد الرحمن ك.,https://khamsat.com/user/abdulrahmankanj,True,بائع نشيط,5.0,22,86.05%,6,25,46 دقيقة
كتابة وترجمة,https://khamsat.com/writing,رسائل بريد إلكتروني,https://khamsat.com/writing/email-copy,مراسلات تجارية وتجارة دولية,https://khamsat.com/writing/email-copy/2956033-%D9%85%D8%B1%D8%A7%D8%B3%D9%84%D8%A7%D8%AA-%D8%AA%D8%AC%D8%A7%D8%B1%D9%8A%D8%A9-%D9%88%D8%AA%D8%AC%D8%A7%D8%B1%D8%A9-%D8%AF%D9%88%D9%84%D9%8A%D8%A9,0.0,0,لم يحسب,0,0,$5.00,يوم واحد,0,1,5.0,عبدالله ا.,https://khamsat.com/user/alahmadi_1,True,بائع جديد,0.0,0,لم يحسب بعد,3,0,لم يحسب
كتابة وترجمة,https://khamsat.com/writing,رسائل بريد إلكتروني,https://khamsat.com/writing/email-copy,كتابة ايميل احترافى لزيادة الوعى بالعلامة التجارية,https://khamsat.com/writing/email-copy/2782338-%D9%83%D8%AA%D8%A7%D8%A8%D8%A9-%D8%A7%D9%8A%D9%85%D9%8A%D9%84-%D8%A7%D8%AD%D8%AA%D8%B1%D8%A7%D9%81%D9%89-%D9%84%D8%B2%D9%8A%D8%A7%D8%AF%D8%A9-%D8%A7%D9%84%D9%88%D8%B9%D9%89-%D8%A8%D8%A7%D9%84%D8%B9%D9%84%D8%A7%D9%85%D8%A9-%D8%A7%D9%84%D8%AA%D8%AC%D8%A7%D8%B1%D9%8A%D8%A9,0.0,0,لم يحسب,0,0,$5.00,يومين,0,1,10.0,.Noura Z,https://khamsat.com/user/nz0840052,False,بائع جديد,0.0,0,لم يحسب بعد,1,0,لم يحسب
كتابة وترجمة,https://khamsat.com/writing,رسائل بريد إلكتروني,https://khamsat.com/writing/email-copy,كتابة مراسلات العمل والبريد الالكتروني باحترافية,https://khamsat.com/writing/email-copy/2955539-%D9%83%D8%AA%D8%A7%D8%A8%D8%A9-%D9%85%D8%B1%D8%A7%D8%B3%D9%84%D8%A7%D8%AA-%D8%A7%D9%84%D8%B9%D9%85%D9%84-%D9%88%D8%A7%D9%84%D8%A8%D8%B1%D9%8A%D8%AF-%D8%A7%D9%84%D8%A7%D9%84%D9%83%D8%AA%D8%B1%D9%88%D9%86%D9%8A-%D8%A8%D8%A7%D8%AD%D8%AA%D8%B1%D8%A7%D9%81%D9%8A%D8%A9,0.0,0,لم يحسب,0,0,$5.00,يوم واحد,0,5,75.0,محمد ف.,https://khamsat.com/user/el_mohands7,True,بائع جديد,0.0,0,لم يحسب بعد,2,0,لم يحسب
كتابة وترجمة,https://khamsat.com/writing,رسائل بريد إلكتروني,https://khamsat.com/writing/email-copy,كتابة حملات بريد إلكتروني لتعزيز الوعي وزيادة ولاء العملاء,https://khamsat.com/writing/email-copy/2974754-%D9%83%D8%AA%D8%A7%D8%A8%D8%A9-%D8%AD%D9%85%D9%84%D8%A7%D8%AA-%D8%A8%D8%B1%D9%8A%D8%AF-%D8%A5%D9%84%D9%83%D8%AA%D8%B1%D9%88%D9%86%D9%8A-%D9%84%D8%AA%D8%B9%D8%B2%D9%8A%D8%B2-%D8%A7%D9%84%D9%88%D8%B9%D9%8A-%D9%88%D8%B2%D9%8A%D8%A7%D8%AF%D8%A9-%D9%88%D9%84%D8%A7%D8%A1-%D8%A7%D9%84%D8%B9%D9%85%D9%84%D8%A7%D8%A1,0.0,0,لم يحسب,0,0,$5.00,يوم واحد,0,0,0.0,.Abdelrahman A,https://khamsat.com/user/abdelrahmaney,True,بائع جديد,5.0,1,100.0%,2,2,ساعتين
كتابة وترجمة,https://khamsat.com/writing,رسائل بريد إلكتروني,https://khamsat.com/writing/email-copy,إنشاء خطابات ورسائل وايميلات احترافية,https://khamsat.com/writing/email-copy/2788872-%D8%A5%D9%86%D8%B4%D8%A7%D8%A1-%D8%AE%D8%B7%D8%A7%D8%A8%D8%A7%D8%AA-%D9%88%D8%B1%D8%B3%D8%A7%D8%A6%D9%84-%D9%88%D8%A7%D9%8A%D9%85%D9%8A%D9%84%D8%A7%D8%AA-%D8%A7%D8%AD%D8%AA%D8%B1%D8%A7%D9%81%D9%8A%D8%A9,0.0,0,لم يحسب,0,0,$5.00,يوم واحد,0,1,5.0,عدنان ن.,https://khamsat.com/user/ibnalkaiim36,True,بائع جديد,0.0,0,لم يحسب بعد,5,0,لم يحسب
كتابة وترجمة,https://khamsat.com/writing,رسائل بريد إلكتروني,https://khamsat.com/writing/email-copy,كتابة رسائل بريد الكتروني بأسلوب شيق وجذاب,https://khamsat.com/writing/email-copy/2895026-%D9%83%D8%AA%D8%A7%D8%A8%D8%A9-%D8%B1%D8%B3%D8%A7%D8%A6%D9%84-%D8%A8%D8%B1%D9%8A%D8%AF-%D8%A7%D9%84%D9%83%D8%AA%D8%B1%D9%88%D9%86%D9%8A-%D8%A8%D8%A3%D8%B3%D9%84%D9%88%D8%A8-%D8%B4%D9%8A%D9%82-%D9%88%D8%AC%D8%B0%D8%A7%D8%A8,0.0,0,لم يحسب,0,0,$5.00,يوم واحد,0,0,0.0,عبدالله ي.,https://khamsat.com/user/yousefabdallah291,True,بائع جديد,0.0,0,لم يحسب بعد,3,0,لم يحسب
كتابة وترجمة,https://khamsat.com/writing,رسائل بريد إلكتروني,https://khamsat.com/writing/email-copy,كتابة خطاب تعريفي أو ايميل احترافي للتقديم على الوظائف,https://khamsat.com/writing/email-copy/2766203-%D9%83%D8%AA%D8%A7%D8%A8%D8%A9-%D8%AE%D8%B7%D8%A7%D8%A8-%D8%AA%D8%B9%D8%B1%D9%8A%D9%81%D9%8A-%D8%A3%D9%88-%D8%A7%D9%8A%D9%85%D9%8A%D9%84-%D8%A7%D8%AD%D8%AA%D8%B1%D8%A7%D9%81%D9%8A-%D9%84%D9%84%D8%AA%D9%82%D8%AF%D9%8A%D9%85-%D8%B9%D9%84%D9%89-%D8%A7%D9%84%D9%88%D8%B8%D8%A7%D8%A6%D9%81,5.0,5,12 دقيقة,6,0,$10.00,يوم واحد,5,2,20.0,أحمد ا.,https://khamsat.com/user/rfou,True,بائع مميز,5.0,151,97.84%,7,154,3 ساعات
كتابة وترجمة,https://khamsat.com/writing,رسائل بريد إلكتروني,https://khamsat.com/writing/email-copy,كتابة رسائل بريد إلكتروني Email Marketing,https://khamsat.com/writing/email-copy/2863268-%D9%83%D8%AA%D8%A7%D8%A8%D8%A9-%D8%B1%D8%B3%D8%A7%D8%A6%D9%84-%D8%A8%D8%B1%D9%8A%D8%AF-%D8%A5%D9%84%D9%83%D8%AA%D8%B1%D9%88%D9%86%D9%8A-email-marketing,0.0,0,لم يحسب,0,0,$5.00,أسبوع,0,1,5.0,.Ahmed H,https://khamsat.com/user/ahmedhegazy9292,True,بائع جديد,5.0,1,100.0%,5,1,ساعتين
كتابة وترجمة,https://khamsat.com/writing,نصوص إعلانية,https://khamsat.com/writing/sales-copy,كتابة محتوى تسويقى جذاب لمواقع التواصل الإجتماعي,https://khamsat.com/writing/sales-copy/1585487-%D9%83%D8%AA%D8%A7%D8%A8%D8%A9-%D9%85%D8%AD%D8%AA%D9%88%D9%89-%D8%AA%D8%B3%D9%88%D9%8A%D9%82%D9%89-%D8%AC%D8%B0%D8%A7%D8%A8-%D9%84%D9%85%D9%88%D8%A7%D9%82%D8%B9-%D8%A7%D9%84%D8%AA%D9%88%D8%A7%D8%B5%D9%84-%D8%A7%D9%84%D8%A5%D8%AC%D8%AA%D9%85%D8%A7%D8%B9%D9%8A,5.0,12,23 دقيقة,18,0,$5.00,يومين,12,5,195.0,فيبي س.,https://khamsat.com/user/feeby_salama00,True,بائع نشيط,5.0,16,100.0%,3,24,3 ساعات
كتابة وترجمة,https://khamsat.com/writing,نصوص إعلانية,https://khamsat.com/writing/sales-copy,خدمة محتوى تسويقي احترافي,https://khamsat.com/writing/sales-copy/3033343-%D8%AE%D8%AF%D9%85%D8%A9-%D9%85%D8%AD%D8%AA%D9%88%D9%89-%D8%AA%D8%B3%D9%88%D9%8A%D9%82%D9%8A-%D8%A7%D8%AD%D8%AA%D8%B1%D8%A7%D9%81%D9%8A,5.0,1,دقيقة,1,0,$5.00,يوم واحد,1,0,0.0,ليث ن.,https://khamsat.com/user/laithnizam99,True,بائع جديد,5.0,2,50.0%,2,1,دقيقة
كتابة وترجمة,https://khamsat.com/writing,نصوص إعلانية,https://khamsat.com/writing/sales-copy,كتابة بوستات تسويقية على انستغرام او فايسبوك,https://khamsat.com/writing/sales-copy/1816418-%D9%83%D8%AA%D8%A7%D8%A8%D8%A9-%D8%A8%D9%88%D8%B3%D8%AA%D8%A7%D8%AA-%D8%AA%D8%B3%D9%88%D9%8A%D9%82%D9%8A%D8%A9-%D8%B9%D9%84%D9%89-%D8%A7%D9%86%D8%B3%D8%AA%D8%BA%D8%B1%D8%A7%D9%85-%D8%A7%D9%88-%D9%81%D8%A7%D9%8A%D8%B3%D8%A8%D9%88%D9%83,4.5,16,3 ساعات,23,0,$10.00,ثلاثة أيام,16,2,130.0,نورة ا.,https://khamsat.com/user/nouranajjar9997,True,بائع نشيط,4.5,19,80.36%,2,30,3 ساعات
كتابة وترجمة,https://khamsat.com/writing,نصوص إعلانية,https://khamsat.com/writing/sales-copy,كتابة النصوص الاعلانات تسويقية,https://khamsat.com/writing/sales-copy/2371812-%D9%83%D8%AA%D8%A7%D8%A8%D8%A9-%D8%A7%D9%84%D9%86%D8%B5%D9%88%D8%B5-%D8%A7%D9%84%D8%A7%D8%B9%D9%84%D8%A7%D9%86%D8%A7%D8%AA-%D8%AA%D8%B3%D9%88%D9%8A%D9%82%D9%8A%D8%A9,5.0,15,21 ساعة,22,0,$5.00,يوم واحد,15,5,75.0,.Moad Y,https://khamsat.com/user/moad_yechou75,True,بائع مميز,5.0,41,95.77%,7,54,5 ساعات
كتابة وترجمة,https://khamsat.com/writing,نصوص إعلانية,https://khamsat.com/writing/sales-copy,"كتابة المحتوى الإعلاني بإستخدام أشهر النماذج ك ""AIDA , FAB""",https://khamsat.com/writing/sales-copy/2579106-%D9%83%D8%AA%D8%A7%D8%A8%D8%A9-%D8%A7%D9%84%D9%85%D8%AD%D8%AA%D9%88%D9%89-%D8%A7%D9%84%D8%A5%D8%B9%D9%84%D8%A7%D9%86%D9%8A-%D8%A8%D8%A5%D8%B3%D8%AA%D8%AE%D8%AF%D8%A7%D9%85-%D8%A3%D8%B4%D9%87%D8%B1-%D8%A7%D9%84%D9%86%D9%85%D8%A7%D8%B0%D8%AC-%D9%83-aida-fab,5.0,2,ساعتين,2,0,$5.00,يوم واحد,2,5,25.0,إسراء م.,https://khamsat.com/user/esraa6223178,True,بائع جديد,5.0,2,100.0%,1,2,ساعتين
كتابة وترجمة,https://khamsat.com/writing,نصوص إعلانية,https://khamsat.com/writing/sales-copy,أكتب لك نص اعلاني تسويقية,https://khamsat.com/writing/sales-copy/1941003-%D8%A3%D9%83%D8%AA%D8%A8-%D9%84%D9%83-%D9%86%D8%B5-%D8%A7%D8%B9%D9%84%D8%A7%D9%86%D9%8A-%D8%AA%D8%B3%D9%88%D9%8A%D9%82%D9%8A%D8%A9,5.0,9,21 دقيقة,11,0,$5.00,يومين,9,1,5.0,.Meriem H,https://khamsat.com/user/meriem_hamid,True,بائع مميز,5.0,31,98.82%,6,28,10 ساعات
كتابة وترجمة,https://khamsat.com/writing,نصوص إعلانية,https://khamsat.com/writing/sales-copy,كتابة نصوص إعلانية إحترافية لجذب العملاء,https://khamsat.com/writing/sales-copy/2506241-%D9%83%D8%AA%D8%A7%D8%A8%D8%A9-%D9%86%D8%B5%D9%88%D8%B5-%D8%A5%D8%B9%D9%84%D8%A7%D9%86%D9%8A%D8%A9-%D8%A5%D8%AD%D8%AA%D8%B1%D8%A7%D9%81%D9%8A%D8%A9-%D9%84%D8%AC%D8%B0%D8%A8-%D8%A7%D9%84%D8%B9%D9%85%D9%84%D8%A7%D8%A1,5.0,14,53 دقيقة,15,0,$5.00,يوم واحد,14,4,25.0,أسامة ص.,https://khamsat.com/user/osama199,True,بائع نشيط,5.0,19,67.65%,3,19,ساعتين
كتابة وترجمة,https://khamsat.com/writing,نصوص إعلانية,https://khamsat.com/writing/sales-copy,كتابة إعلان باحتراف بناء على قواعد التسويق والكوبي رايتنج,https://khamsat.com/writing/sales-copy/2284166-%D9%83%D8%AA%D8%A7%D8%A8%D8%A9-%D8%A5%D8%B9%D9%84%D8%A7%D9%86-%D8%A8%D8%A7%D8%AD%D8%AA%D8%B1%D8%A7%D9%81-%D8%A8%D9%86%D8%A7%D8%A1-%D8%B9%D9%84%D9%89-%D9%82%D9%88%D8%A7%D8%B9%D8%AF-%D8%A7%D9%84%D8%AA%D8%B3%D9%88%D9%8A%D9%82-%D9%88%D8%A7%D9%84%D9%83%D9%88%D8%A8%D9%8A-%D8%B1%D8%A7%D9%8A%D8%AA%D9%86%D8%AC,5.0,1,7 ساعات,4,0,$25.00,ثلاثة أيام,1,0,0.0,منى ط.,https://khamsat.com/user/moon-lolo,True,بائع مميز,4.5,133,95.64%,2,198,7 ساعات
كتابة وترجمة,https://khamsat.com/writing,نصوص إعلانية,https://khamsat.com/writing/sales-copy,محتوى إعلاني تسويقي بأسلوب إحترافي .,https://khamsat.com/writing/sales-copy/2286414-%D9%85%D8%AD%D8%AA%D9%88%D9%89-%D8%A5%D8%B9%D9%84%D8%A7%D9%86%D9%8A-%D8%AA%D8%B3%D9%88%D9%8A%D9%82%D9%8A-%D8%A8%D8%A3%D8%B3%D9%84%D9%88%D8%A8-%D8%A5%D8%AD%D8%AA%D8%B1%D8%A7%D9%81%D9%8A-,5.0,7,5 ساعات,8,0,$5.00,يوم واحد,7,2,15.0,.Asma B,https://khamsat.com/user/asmab98,True,بائع نشيط,5.0,7,94.12%,5,8,6 ساعات
كتابة وترجمة,https://khamsat.com/writing,نصوص إعلانية,https://khamsat.com/writing/sales-copy,إعداد وصف تسويقي جذاب للمنتجات والخدمات متوافق مع SEO,https://khamsat.com/writing/sales-copy/1968785-%D8%A5%D8%B9%D8%AF%D8%A7%D8%AF-%D9%88%D8%B5%D9%81-%D8%AA%D8%B3%D9%88%D9%8A%D9%82%D9%8A-%D8%AC%D8%B0%D8%A7%D8%A8-%D9%84%D9%84%D9%85%D9%86%D8%AA%D8%AC%D8%A7%D8%AA-%D9%88%D8%A7%D9%84%D8%AE%D8%AF%D9%85%D8%A7%D8%AA-%D9%85%D8%AA%D9%88%D8%A7%D9%81%D9%82-%D9%85%D8%B9-seo,5.0,9,10 أيام,21,0,$5.00,يوم واحد,9,4,185.0,.Ahmed Z,https://khamsat.com/user/ahmedzahran91,True,بائع مميز,4.5,34,83.48%,2,57,3 أيام
كتابة وترجمة,https://khamsat.com/writing,نصوص إعلانية,https://khamsat.com/writing/sales-copy,كتابة تسويقية إبداعية في مجالات متعددة,https://khamsat.com/writing/sales-copy/2389487-%D9%83%D8%AA%D8%A7%D8%A8%D8%A9-%D8%AA%D8%B3%D9%88%D9%8A%D9%82%D9%8A%D8%A9-%D8%A5%D8%A8%D8%AF%D8%A7%D8%B9%D9%8A%D8%A9-%D9%81%D9%8A-%D9%85%D8%AC%D8%A7%D9%84%D8%A7%D8%AA-%D9%85%D8%AA%D8%B9%D8%AF%D8%AF%D8%A9,4.5,19,5 ساعات,22,0,$5.00,يوم واحد,19,3,160.0,أحلام ع.,https://khamsat.com/user/ahlamafana92,True,بائع مميز,4.5,28,96.88%,4,30,6 ساعات
كتابة وترجمة,https://khamsat.com/writing,نصوص إعلانية,https://khamsat.com/writing/sales-copy,كتابة محتوي تسويقي احترافي لك و لشركتك,https://khamsat.com/writing/sales-copy/2283609-%D9%83%D8%AA%D8%A7%D8%A8%D8%A9-%D9%85%D8%AD%D8%AA%D9%88%D9%8A-%D8%AA%D8%B3%D9%88%D9%8A%D9%82%D9%8A-%D8%A7%D8%AD%D8%AA%D8%B1%D8%A7%D9%81%D9%8A-%D9%84%D9%83-%D9%88-%D9%84%D8%B4%D8%B1%D9%83%D8%AA%D9%83,5.0,5,25 دقيقة,6,0,$5.00,يوم واحد,5,3,115.0,أحمد ا.,https://khamsat.com/user/%D8%A3%D8%AD%D9%85%D8%AF-%D8%A7%D8%A8%D9%88%D8%B2%D9%8A%D8%AF,True,بائع نشيط,5.0,11,97.83%,2,11,15 ساعة
كتابة وترجمة,https://khamsat.com/writing,نصوص إعلانية,https://khamsat.com/writing/sales-copy,كتابة إبداعية سكريبت محتوى اعلاني ترويجي وصف منتج بوست,https://khamsat.com/writing/sales-copy/2303881-%D9%83%D8%AA%D8%A7%D8%A8%D8%A9-%D8%A5%D8%A8%D8%AF%D8%A7%D8%B9%D9%8A%D8%A9-%D8%B3%D9%83%D8%B1%D9%8A%D8%A8%D8%AA-%D9%85%D8%AD%D8%AA%D9%88%D9%89-%D8%A7%D8%B9%D9%84%D8%A7%D9%86%D9%8A-%D8%AA%D8%B1%D9%88%D9%8A%D8%AC%D9%8A-%D9%88%D8%B5%D9%81-%D9%85%D9%86%D8%AA%D8%AC-%D8%A8%D9%88%D8%B3%D8%AA,5.0,6,39 دقيقة,8,0,$5.00,يومين,6,1,45.0,إمان ح.,https://khamsat.com/user/imane_hakimi,True,بائع مميز,5.0,29,98.59%,2,28,4 ساعات
كتابة وترجمة,https://khamsat.com/writing,نصوص إعلانية,https://khamsat.com/writing/sales-copy,كتابة عبارة تسويقية مشوقة وملهمة,https://khamsat.com/writing/sales-copy/1623921-%D9%83%D8%AA%D8%A7%D8%A8%D8%A9-%D8%B9%D8%A8%D8%A7%D8%B1%D8%A9-%D8%AA%D8%B3%D9%88%D9%8A%D9%82%D9%8A%D8%A9-%D9%85%D8%B4%D9%88%D9%82%D8%A9-%D9%88%D9%85%D9%84%D9%87%D9%85%D8%A9,5.0,7,27 دقيقة,14,0,$5.00,يومين,7,2,10.0,نور ق.,https://khamsat.com/user/rnoo3317,True,بائع نشيط,5.0,14,96.67%,5,20,4 ساعات
كتابة وترجمة,https://khamsat.com/writing,نصوص إعلانية,https://khamsat.com/writing/sales-copy,كتابة محتوى تغريدات تسويقية احترافية,https://khamsat.com/writing/sales-copy/1395384-%D9%83%D8%AA%D8%A7%D8%A8%D8%A9-%D9%85%D8%AD%D8%AA%D9%88%D9%89-%D8%AA%D8%BA%D8%B1%D9%8A%D8%AF%D8%A7%D8%AA-%D8%AA%D8%B3%D9%88%D9%8A%D9%82%D9%8A%D8%A9-%D8%A7%D8%AD%D8%AA%D8%B1%D8%A7%D9%81%D9%8A%D8%A9,5.0,8,12 ساعة,9,0,$15.00,ثلاثة أيام,8,1,100.0,يارا ح.,https://khamsat.com/user/yara_husseiny,True,بائع مميز,5.0,31,96.67%,5,35,17 ساعة
كتابة وترجمة,https://khamsat.com/writing,نصوص إعلانية,https://khamsat.com/writing/sales-copy,سكريبت تحفيزي أو تسويقي لقناة أو موقع,https://khamsat.com/writing/sales-copy/2462800-%D8%B3%D9%83%D8%B1%D9%8A%D8%A8%D8%AA-%D8%AA%D8%AD%D9%81%D9%8A%D8%B2%D9%8A-%D8%A3%D9%88-%D8%AA%D8%B3%D9%88%D9%8A%D9%82%D9%8A-%D9%84%D9%82%D9%86%D8%A7%D8%A9-%D8%A3%D9%88-%D9%85%D9%88%D9%82%D8%B9,5.0,2,ساعة,5,0,$5.00,يوم واحد,2,2,25.0,رحيم ص.,https://khamsat.com/user/rahemsy,True,بائع مميز,5.0,33,86.67%,5,40,ساعتين
كتابة وترجمة,https://khamsat.com/writing,نصوص إعلانية,https://khamsat.com/writing/sales-copy,كتابة نصوص إعلانية إحترافية,https://khamsat.com/writing/sales-copy/1484494-%D9%83%D8%AA%D8%A7%D8%A8%D8%A9-%D9%86%D8%B5%D9%88%D8%B5-%D8%A5%D8%B9%D9%84%D8%A7%D9%86%D9%8A%D8%A9-%D8%A5%D8%AD%D8%AA%D8%B1%D8%A7%D9%81%D9%8A%D8%A9,5.0,6,يوم,10,0,$20.00,ثلاثة أيام,6,4,305.0,يارا ح.,https://khamsat.com/user/yara_husseiny,True,بائع مميز,5.0,31,96.67%,5,35,17 ساعة
كتابة وترجمة,https://khamsat.com/writing,نصوص إعلانية,https://khamsat.com/writing/sales-copy,كتابة محتوى إعلانى ودعاية,https://khamsat.com/writing/sales-copy/2566158-%D9%83%D8%AA%D8%A7%D8%A8%D8%A9-%D9%85%D8%AD%D8%AA%D9%88%D9%89-%D8%A5%D8%B9%D9%84%D8%A7%D9%86%D9%89-%D9%88%D8%AF%D8%B9%D8%A7%D9%8A%D8%A9,5.0,2,39 دقيقة,3,0,$5.00,يومين,2,2,20.0,سلامه ي.,https://khamsat.com/user/salamagerges777,True,بائع نشيط,5.0,9,100.0%,5,10,6 ساعات
كتابة وترجمة,https://khamsat.com/writing,نصوص إعلانية,https://khamsat.com/writing/sales-copy,كتابة الرسالة والسيناريو الإعلاني والتسويقي باحترافية عالية.,https://khamsat.com/writing/sales-copy/1314060-%D9%83%D8%AA%D8%A7%D8%A8%D8%A9-%D8%A7%D9%84%D8%B1%D8%B3%D8%A7%D9%84%D8%A9-%D9%88%D8%A7%D9%84%D8%B3%D9%8A%D9%86%D8%A7%D8%B1%D9%8A%D9%88-%D8%A7%D9%84%D8%A5%D8%B9%D9%84%D8%A7%D9%86%D9%8A-%D9%88%D8%A7%D9%84%D8%AA%D8%B3%D9%88%D9%8A%D9%82%D9%8A-%D8%A8%D8%A7%D8%AD%D8%AA%D8%B1%D8%A7%D9%81%D9%8A%D8%A9-%D8%B9%D8%A7%D9%84%D9%8A%D8%A9,5.0,13,3 ساعات,27,0,$10.00,يومين,13,2,60.0,.Mokhtar A,https://khamsat.com/user/alsabri313,True,بائع موثوق,5.0,93,83.64%,7,128,11 ساعة
كتابة وترجمة,https://khamsat.com/writing,نصوص إعلانية,https://khamsat.com/writing/sales-copy,كتابة سلوغان عبارة تسويقية مميزّة لمنتجك,https://khamsat.com/writing/sales-copy/1616023-%D9%83%D8%AA%D8%A7%D8%A8%D8%A9-%D8%B3%D9%84%D9%88%D8%BA%D8%A7%D9%86-%D8%B9%D8%A8%D8%A7%D8%B1%D8%A9-%D8%AA%D8%B3%D9%88%D9%8A%D9%82%D9%8A%D8%A9-%D9%85%D9%85%D9%8A%D8%B2%D8%A9-%D9%84%D9%85%D9%86%D8%AA%D8%AC%D9%83,4.5,9,23 دقيقة,9,0,$10.00,يوم واحد,9,1,5.0,وسيلة ط.,https://khamsat.com/user/dalyzai,True,بائع نشيط,5.0,19,66.67%,4,24,ساعة
كتابة وترجمة,https://khamsat.com/writing,نصوص إعلانية,https://khamsat.com/writing/sales-copy,كتابة نص اعلاني احترافي ابداعي,https://khamsat.com/writing/sales-copy/1529815-%D9%83%D8%AA%D8%A7%D8%A8%D8%A9-%D9%86%D8%B5-%D8%A7%D8%B9%D9%84%D8%A7%D9%86%D9%8A-%D8%A7%D8%AD%D8%AA%D8%B1%D8%A7%D9%81%D9%8A-%D8%A7%D8%A8%D8%AF%D8%A7%D8%B9%D9%8A,5.0,1,8 ساعات,4,0,$5.00,يوم واحد,1,3,20.0,هادي ا.,https://khamsat.com/user/hadi-hijj,True,بائع نشيط,5.0,3,100.0%,3,10,11 ساعة
كتابة وترجمة,https://khamsat.com/writing,نصوص إعلانية,https://khamsat.com/writing/sales-copy,كتابة محتوى تسويقي بشكل جذاب لحسابات التواصل الاجتماعي,https://khamsat.com/writing/sales-copy/3021724-%D9%83%D8%AA%D8%A7%D8%A8%D8%A9-%D9%85%D8%AD%D8%AA%D9%88%D9%89-%D8%AA%D8%B3%D9%88%D9%8A%D9%82%D9%8A-%D8%A8%D8%B4%D9%83%D9%84-%D8%AC%D8%B0%D8%A7%D8%A8-%D9%84%D8%AD%D8%B3%D8%A7%D8%A8%D8%A7%D8%AA-%D8%A7%D9%84%D8%AA%D9%88%D8%A7%D8%B5%D9%84-%D8%A7%D9%84%D8%A7%D8%AC%D8%AA%D9%85%D8%A7%D8%B9%D9%8A,5.0,1,10 ساعات,1,0,$5.00,يومين,1,1,5.0,.Reham S,https://khamsat.com/user/reham_salah3,True,بائع جديد,5.0,1,100.0%,2,1,10 ساعات
كتابة وترجمة,https://khamsat.com/writing,نصوص إعلانية,https://khamsat.com/writing/sales-copy,كتابة نصوص اعلانيه وتسويقيه,https://khamsat.com/writing/sales-copy/2369110-%D9%83%D8%AA%D8%A7%D8%A8%D8%A9-%D9%86%D8%B5%D9%88%D8%B5-%D8%A7%D8%B9%D9%84%D8%A7%D9%86%D9%8A%D9%87-%D9%88%D8%AA%D8%B3%D9%88%D9%8A%D9%82%D9%8A%D9%87,5.0,14,19 دقيقة,15,0,$5.00,يوم واحد,14,1,25.0,.Mai S,https://khamsat.com/user/mimo_zidan95,True,بائع نشيط,5.0,14,95.24%,2,15,19 دقيقة
كتابة وترجمة,https://khamsat.com/writing,نصوص إعلانية,https://khamsat.com/writing/sales-copy,كتابة نصوص إعلانية بلغه الانجليزيه,https://khamsat.com/writing/sales-copy/2808302-%D9%83%D8%AA%D8%A7%D8%A8%D8%A9-%D9%86%D8%B5%D9%88%D8%B5-%D8%A5%D8%B9%D9%84%D8%A7%D9%86%D9%8A%D8%A9-%D8%A8%D9%84%D8%BA%D9%87-%D8%A7%D9%84%D8%A7%D9%86%D8%AC%D9%84%D9%8A%D8%B2%D9%8A%D9%87,5.0,1,11 ساعة,1,0,$5.00,يوم واحد,1,1,5.0,.Naden M,https://khamsat.com/user/nadenm,True,بائع جديد,5.0,1,100.0%,1,1,11 ساعة
كتابة وترجمة,https://khamsat.com/writing,نصوص إعلانية,https://khamsat.com/writing/sales-copy,محتوى تسويقي إبداعي حصري,https://khamsat.com/writing/sales-copy/1531982-%D9%85%D8%AD%D8%AA%D9%88%D9%89-%D8%AA%D8%B3%D9%88%D9%8A%D9%82%D9%8A-%D8%A5%D8%A8%D8%AF%D8%A7%D8%B9%D9%8A-%D8%AD%D8%B5%D8%B1%D9%8A,4.5,32,ساعة,39,1,$5.00,يوم واحد,25,5,75.0,بوعلام ب.,https://khamsat.com/user/bouchair_boualem,True,بائع مميز,4.5,86,88.57%,12,83,6 ساعات
كتابة وترجمة,https://khamsat.com/writing,نصوص إعلانية,https://khamsat.com/writing/sales-copy,اقتراح سلوجان slogans لمشروعك باللغة العربية او الانكليزية,https://khamsat.com/writing/sales-copy/2379668-%D8%A7%D9%82%D8%AA%D8%B1%D8%A7%D8%AD-%D8%B3%D9%84%D9%88%D8%AC%D8%A7%D9%86-slogans-%D9%84%D9%85%D8%B4%D8%B1%D9%88%D8%B9%D9%83-%D8%A8%D8%A7%D9%84%D9%84%D8%BA%D8%A9-%D8%A7%D9%84%D8%B9%D8%B1%D8%A8%D9%8A%D8%A9-%D8%A7%D9%88-%D8%A7%D9%84%D8%A7%D9%86%D9%83%D9%84%D9%8A%D8%B2%D9%8A%D8%A9,5.0,1,ساعة,3,0,$5.00,يوم واحد,1,1,10.0,.Alaa E,https://khamsat.com/user/alaa_mallah,True,بائع نشيط,3.5,8,63.64%,2,13,ساعة
كتابة وترجمة,https://khamsat.com/writing,نصوص إعلانية,https://khamsat.com/writing/sales-copy,كتابة محتوى تسويقي جذاب لمنتجك أو خدماتك على مواقع التواصل,https://khamsat.com/writing/sales-copy/2236523-%D9%83%D8%AA%D8%A7%D8%A8%D8%A9-%D9%85%D8%AD%D8%AA%D9%88%D9%89-%D8%AA%D8%B3%D9%88%D9%8A%D9%82%D9%8A-%D8%AC%D8%B0%D8%A7%D8%A8-%D9%84%D9%85%D9%86%D8%AA%D8%AC%D9%83-%D8%A3%D9%88-%D8%AE%D8%AF%D9%85%D8%A7%D8%AA%D9%83-%D8%B9%D9%84%D9%89-%D9%85%D9%88%D8%A7%D9%82%D8%B9-%D8%A7%D9%84%D8%AA%D9%88%D8%A7%D8%B5%D9%84,4.5,5,7 ساعات,5,0,$5.00,يوم واحد,5,3,40.0,أحمد ر.,https://khamsat.com/user/%D8%A3%D8%AD%D9%85%D8%AF-%D8%A7%D9%84%D8%BA%D9%84%D9%8A%D9%88%D9%86%D9%8A,True,بائع جديد,4.5,5,85.71%,3,5,4 ساعات
كتابة وترجمة,https://khamsat.com/writing,نصوص إعلانية,https://khamsat.com/writing/sales-copy,كتابة تسويقية ابداعيه لمنتجك شركتك أو حتي خدمتك التقنية,https://khamsat.com/writing/sales-copy/1919577-%D9%83%D8%AA%D8%A7%D8%A8%D8%A9-%D8%AA%D8%B3%D9%88%D9%8A%D9%82%D9%8A%D8%A9-%D8%A7%D8%A8%D8%AF%D8%A7%D8%B9%D9%8A%D9%87-%D9%84%D9%85%D9%86%D8%AA%D8%AC%D9%83-%D8%B4%D8%B1%D9%83%D8%AA%D9%83-%D8%A3%D9%88-%D8%AD%D8%AA%D9%8A-%D8%AE%D8%AF%D9%85%D8%AA%D9%83-%D8%A7%D9%84%D8%AA%D9%82%D9%86%D9%8A%D8%A9,4.5,9,53 دقيقة,10,0,$5.00,أربعة أيام,9,3,125.0,.Ahmed S,https://khamsat.com/user/ahmed_saad3117,True,بائع مميز,4.5,111,71.95%,4,155,3 ساعات
كتابة وترجمة,https://khamsat.com/writing,نصوص إعلانية,https://khamsat.com/writing/sales-copy,كتابة محتوى تسويقي مبدع جداً,https://khamsat.com/writing/sales-copy/1680439-%D9%83%D8%AA%D8%A7%D8%A8%D8%A9-%D9%85%D8%AD%D8%AA%D9%88%D9%89-%D8%AA%D8%B3%D9%88%D9%8A%D9%82%D9%8A-%D9%85%D8%A8%D8%AF%D8%B9-%D8%AC%D8%AF%D8%A7,5.0,37,ساعة,51,1,$5.00,ثلاثة أيام,25,3,95.0,نور إ.,https://khamsat.com/user/nour_imam96,True,بائع مميز,5.0,44,86.11%,2,57,ساعة
كتابة وترجمة,https://khamsat.com/writing,نصوص إعلانية,https://khamsat.com/writing/sales-copy,كتابة النصوص الإعلانية، باللغة العربية والدارجة المغربية,https://khamsat.com/writing/sales-copy/2155146-%D9%83%D8%AA%D8%A7%D8%A8%D8%A9-%D8%A7%D9%84%D9%86%D8%B5%D9%88%D8%B5-%D8%A7%D9%84%D8%A5%D8%B9%D9%84%D8%A7%D9%86%D9%8A%D8%A9-%D8%A8%D8%A7%D9%84%D9%84%D8%BA%D8%A9-%D8%A7%D9%84%D8%B9%D8%B1%D8%A8%D9%8A%D8%A9-%D9%88%D8%A7%D9%84%D8%AF%D8%A7%D8%B1%D8%AC%D8%A9-%D8%A7%D9%84%D9%85%D8%BA%D8%B1%D8%A8%D9%8A%D8%A9,5.0,7,3 ساعات,12,0,$5.00,يوم واحد,7,2,15.0,.Mina A,https://khamsat.com/user/miinasaleh,True,بائع مميز,5.0,75,94.64%,8,79,3 ساعات
كتابة وترجمة,https://khamsat.com/writing,وصف منتجات,https://khamsat.com/writing/product-description,كتابة وصف للمنتجات بشكل احترافي وجذاب,https://khamsat.com/writing/product-description/2327551-%D9%83%D8%AA%D8%A7%D8%A8%D8%A9-%D9%88%D8%B5%D9%81-%D9%84%D9%84%D9%85%D9%86%D8%AA%D8%AC%D8%A7%D8%AA-%D8%A8%D8%B4%D9%83%D9%84-%D8%A7%D8%AD%D8%AA%D8%B1%D8%A7%D9%81%D9%8A-%D9%88%D8%AC%D8%B0%D8%A7%D8%A8,5.0,14,ساعة,17,0,$5.00,يوم واحد,14,5,270.0,.Najla A,https://khamsat.com/user/najla1990,True,بائع مميز,5.0,71,89.55%,12,56,4 ساعات
كتابة وترجمة,https://khamsat.com/writing,وصف منتجات,https://khamsat.com/writing/product-description,كتابة وصف إبداعي لمنتجات المتاجر الإلكترونية,https://khamsat.com/writing/product-description/2261831-%D9%83%D8%AA%D8%A7%D8%A8%D8%A9-%D9%88%D8%B5%D9%81-%D8%A5%D8%A8%D8%AF%D8%A7%D8%B9%D9%8A-%D9%84%D9%85%D9%86%D8%AA%D8%AC%D8%A7%D8%AA-%D8%A7%D9%84%D9%85%D8%AA%D8%A7%D8%AC%D8%B1-%D8%A7%D9%84%D8%A5%D9%84%D9%83%D8%AA%D8%B1%D9%88%D9%86%D9%8A%D8%A9,4.5,51,9 ساعات,68,0,$5.00,يوم واحد,25,5,190.0,لمى ت.,https://khamsat.com/user/lamatadmouri,True,بائع مميز,4.5,68,94.57%,3,78,يوم
كتابة وترجمة,https://khamsat.com/writing,وصف منتجات,https://khamsat.com/writing/product-description,وصف منتجات خاصة بالمتاجرة الإلكترونية و وصف السيو,https://khamsat.com/writing/product-description/1795538-%D9%88%D8%B5%D9%81-%D9%85%D9%86%D8%AA%D8%AC%D8%A7%D8%AA-%D8%AE%D8%A7%D8%B5%D8%A9-%D8%A8%D8%A7%D9%84%D9%85%D8%AA%D8%A7%D8%AC%D8%B1%D8%A9-%D8%A7%D9%84%D8%A5%D9%84%D9%83%D8%AA%D8%B1%D9%88%D9%86%D9%8A%D8%A9-%D9%88-%D9%88%D8%B5%D9%81-%D8%A7%D9%84%D8%B3%D9%8A%D9%88,4.5,17,يوم,30,0,$5.00,يومين,17,2,25.0,.Shimaa M,https://khamsat.com/user/shimaamostafabhbh,True,بائع مميز,5.0,111,91.04%,6,157,18 ساعة
كتابة وترجمة,https://khamsat.com/writing,وصف منتجات,https://khamsat.com/writing/product-description,كتابة محتوى وصف المنتجات المتاجر الالكترونية,https://khamsat.com/writing/product-description/2046721-%D9%83%D8%AA%D8%A7%D8%A8%D8%A9-%D9%85%D8%AD%D8%AA%D9%88%D9%89-%D9%88%D8%B5%D9%81-%D8%A7%D9%84%D9%85%D9%86%D8%AA%D8%AC%D8%A7%D8%AA-%D8%A7%D9%84%D9%85%D8%AA%D8%A7%D8%AC%D8%B1-%D8%A7%D9%84%D8%A7%D9%84%D9%83%D8%AA%D8%B1%D9%88%D9%86%D9%8A%D8%A9,5.0,8,4 ساعات,11,0,$10.00,يومين,8,3,150.0,اسماء ا.,https://khamsat.com/user/asma_dir,True,بائع نشيط,5.0,19,78.0%,4,26,9 ساعات
كتابة وترجمة,https://khamsat.com/writing,وصف منتجات,https://khamsat.com/writing/product-description,كتابة وصف تسويقي لمنتجاتك و متجرك الإلكتروني,https://khamsat.com/writing/product-description/2577911-%D9%83%D8%AA%D8%A7%D8%A8%D8%A9-%D9%88%D8%B5%D9%81-%D8%AA%D8%B3%D9%88%D9%8A%D9%82%D9%8A-%D9%84%D9%85%D9%86%D8%AA%D8%AC%D8%A7%D8%AA%D9%83-%D9%88-%D9%85%D8%AA%D8%AC%D8%B1%D9%83-%D8%A7%D9%84%D8%A5%D9%84%D9%83%D8%AA%D8%B1%D9%88%D9%86%D9%8A,5.0,7,3 ساعات,14,0,$5.00,يوم واحد,7,4,60.0,لمياء د.,https://khamsat.com/user/hind_tayseer,True,بائع نشيط,5.0,10,91.3%,3,17,4 ساعات
كتابة وترجمة,https://khamsat.com/writing,وصف منتجات,https://khamsat.com/writing/product-description,كتابة وصف للمنتجات بشكل جذاب,https://khamsat.com/writing/product-description/2948668-%D9%83%D8%AA%D8%A7%D8%A8%D8%A9-%D9%88%D8%B5%D9%81-%D9%84%D9%84%D9%85%D9%86%D8%AA%D8%AC%D8%A7%D8%AA-%D8%A8%D8%B4%D9%83%D9%84-%D8%AC%D8%B0%D8%A7%D8%A8,5.0,2,4 ساعات,3,0,$5.00,خمسة أيام,2,2,25.0,حنين أ.,https://khamsat.com/user/haneen2024,True,بائع جديد,5.0,2,100.0%,3,3,4 ساعات
كتابة وترجمة,https://khamsat.com/writing,وصف منتجات,https://khamsat.com/writing/product-description,كتابة وصف منتجات متجرك الإلكتروني,https://khamsat.com/writing/product-description/2476995-%D9%83%D8%AA%D8%A7%D8%A8%D8%A9-%D9%88%D8%B5%D9%81-%D9%85%D9%86%D8%AA%D8%AC%D8%A7%D8%AA-%D9%85%D8%AA%D8%AC%D8%B1%D9%83-%D8%A7%D9%84%D8%A5%D9%84%D9%83%D8%AA%D8%B1%D9%88%D9%86%D9%8A,4.5,6,3 ساعات,9,0,$10.00,ثلاثة أيام,6,4,250.0,.Nosaiba A,https://khamsat.com/user/nosaiba_12,True,بائع نشيط,4.5,8,94.44%,3,13,3 ساعات
كتابة وترجمة,https://khamsat.com/writing,وصف منتجات,https://khamsat.com/writing/product-description,كتابة وصف لمنتجك اوتطبيقك اوخدمتك بطريقة ابداعية ومقنعة,https://khamsat.com/writing/product-description/1625266-%D9%83%D8%AA%D8%A7%D8%A8%D8%A9-%D9%88%D8%B5%D9%81-%D9%84%D9%85%D9%86%D8%AA%D8%AC%D9%83-%D8%A7%D9%88%D8%AA%D8%B7%D8%A8%D9%8A%D9%82%D9%83-%D8%A7%D9%88%D8%AE%D8%AF%D9%85%D8%AA%D9%83-%D8%A8%D8%B7%D8%B1%D9%8A%D9%82%D8%A9-%D8%A7%D8%A8%D8%AF%D8%A7%D8%B9%D9%8A%D8%A9-%D9%88%D9%85%D9%82%D9%86%D8%B9%D8%A9,5.0,4,ساعتين,4,0,$5.00,يومين,4,3,15.0,نور ق.,https://khamsat.com/user/rnoo3317,True,بائع نشيط,5.0,14,96.67%,5,20,4 ساعات
كتابة وترجمة,https://khamsat.com/writing,وصف منتجات,https://khamsat.com/writing/product-description,كتابة وصف منتجات بطريقة إبداعية مع مراعاة قواعد SEO,https://khamsat.com/writing/product-description/2329568-%D9%83%D8%AA%D8%A7%D8%A8%D8%A9-%D9%88%D8%B5%D9%81-%D9%85%D9%86%D8%AA%D8%AC%D8%A7%D8%AA-%D8%A8%D8%B7%D8%B1%D9%8A%D9%82%D8%A9-%D8%A5%D8%A8%D8%AF%D8%A7%D8%B9%D9%8A%D8%A9-%D9%85%D8%B9-%D9%85%D8%B1%D8%A7%D8%B9%D8%A7%D8%A9-%D9%82%D9%88%D8%A7%D8%B9%D8%AF-seo,5.0,21,ساعتين,27,0,$5.00,ثلاثة أيام,21,5,340.0,آلاء أ.,https://khamsat.com/user/alaa_ahmed1612,True,بائع مميز,5.0,51,98.4%,7,51,3 ساعات
كتابة وترجمة,https://khamsat.com/writing,وصف منتجات,https://khamsat.com/writing/product-description,وصف منتجات تسويقي و جذاب متوافق مع قواعد ال SEO,https://khamsat.com/writing/product-description/2462371-%D9%88%D8%B5%D9%81-%D9%85%D9%86%D8%AA%D8%AC%D8%A7%D8%AA-%D8%AA%D8%B3%D9%88%D9%8A%D9%82%D9%8A-%D9%88-%D8%AC%D8%B0%D8%A7%D8%A8-%D9%85%D8%AA%D9%88%D8%A7%D9%81%D9%82-%D9%85%D8%B9-%D9%82%D9%88%D8%A7%D8%B9%D8%AF-%D8%A7%D9%84-seo,5.0,2,4 ساعات,2,0,$5.00,يومين,2,2,50.0,.Hamdy S,https://khamsat.com/user/hamdy_saif,True,بائع جديد,5.0,3,100.0%,5,2,5 ساعات
كتابة وترجمة,https://khamsat.com/writing,وصف منتجات,https://khamsat.com/writing/product-description,كتابة وصف منتجات للمتجر الألكترونية يحترم قواعد السيو,https://khamsat.com/writing/product-description/2152559-%D9%83%D8%AA%D8%A7%D8%A8%D8%A9-%D9%88%D8%B5%D9%81-%D9%85%D9%86%D8%AA%D8%AC%D8%A7%D8%AA-%D9%84%D9%84%D9%85%D8%AA%D8%AC%D8%B1-%D8%A7%D9%84%D8%A3%D9%84%D9%83%D8%AA%D8%B1%D9%88%D9%86%D9%8A%D8%A9-%D9%8A%D8%AD%D8%AA%D8%B1%D9%85-%D9%82%D9%88%D8%A7%D8%B9%D8%AF-%D8%A7%D9%84%D8%B3%D9%8A%D9%88,5.0,3,ساعتين,3,0,$5.00,ثلاثة أيام,3,0,0.0,.Meriem H,https://khamsat.com/user/meriem_hamid,True,بائع مميز,5.0,31,98.82%,6,28,10 ساعات
كتابة وترجمة,https://khamsat.com/writing,وصف منتجات,https://khamsat.com/writing/product-description,كتابة وصف منتجات باللغة العربية والانجليزية متوافقة مع السيو,https://khamsat.com/writing/product-description/2512500-%D9%83%D8%AA%D8%A7%D8%A8%D8%A9-%D9%88%D8%B5%D9%81-%D9%85%D9%86%D8%AA%D8%AC%D8%A7%D8%AA-%D8%A8%D8%A7%D9%84%D9%84%D8%BA%D8%A9-%D8%A7%D9%84%D8%B9%D8%B1%D8%A8%D9%8A%D8%A9-%D9%88%D8%A7%D9%84%D8%A7%D9%86%D8%AC%D9%84%D9%8A%D8%B2%D9%8A%D8%A9-%D9%85%D8%AA%D9%88%D8%A7%D9%81%D9%82%D8%A9-%D9%85%D8%B9-%D8%A7%D9%84%D8%B3%D9%8A%D9%88,5.0,5,13 ساعة,6,0,$5.00,يوم واحد,5,5,255.0,سجى ح.,https://khamsat.com/user/sajaa5496,True,بائع مميز,5.0,39,97.67%,7,47,7 ساعات
كتابة وترجمة,https://khamsat.com/writing,وصف منتجات,https://khamsat.com/writing/product-description,وصف منتجات متجرك الإلكتروني بطريقة إبداعيّة,https://khamsat.com/writing/product-description/1872203-%D9%88%D8%B5%D9%81-%D9%85%D9%86%D8%AA%D8%AC%D8%A7%D8%AA-%D9%85%D8%AA%D8%AC%D8%B1%D9%83-%D8%A7%D9%84%D8%A5%D9%84%D9%83%D8%AA%D8%B1%D9%88%D9%86%D9%8A-%D8%A8%D8%B7%D8%B1%D9%8A%D9%82%D8%A9-%D8%A5%D8%A8%D8%AF%D8%A7%D8%B9%D9%8A%D8%A9,4.5,16,ساعتين,28,1,$5.00,ثلاثة أيام,16,2,75.0,سندس ص.,https://khamsat.com/user/soundous123,True,بائع مميز,4.5,23,94.44%,4,35,10 ساعات
كتابة وترجمة,https://khamsat.com/writing,وصف منتجات,https://khamsat.com/writing/product-description,كتابة وصف منتجات وفق شروط السيو لرفع مبيعات متجرك,https://khamsat.com/writing/product-description/2227556-%D9%83%D8%AA%D8%A7%D8%A8%D8%A9-%D9%88%D8%B5%D9%81-%D9%85%D9%86%D8%AA%D8%AC%D8%A7%D8%AA-%D9%88%D9%81%D9%82-%D8%B4%D8%B1%D9%88%D8%B7-%D8%A7%D9%84%D8%B3%D9%8A%D9%88-%D9%84%D8%B1%D9%81%D8%B9-%D9%85%D8%A8%D9%8A%D8%B9%D8%A7%D8%AA-%D9%85%D8%AA%D8%AC%D8%B1%D9%83,5.0,23,7 ساعات,26,3,$5.00,يوم واحد,23,5,165.0,آصف ظ.,https://khamsat.com/user/assefza,True,بائع مميز,5.0,35,83.91%,6,36,12 ساعة
كتابة وترجمة,https://khamsat.com/writing,وصف منتجات,https://khamsat.com/writing/product-description,وصف منتجات بمختلف أنواعها (Meta descreption),https://khamsat.com/writing/product-description/2650021-%D9%88%D8%B5%D9%81-%D9%85%D9%86%D8%AA%D8%AC%D8%A7%D8%AA-%D8%A8%D9%85%D8%AE%D8%AA%D9%84%D9%81-%D8%A3%D9%86%D9%88%D8%A7%D8%B9%D9%87%D8%A7-meta-descreption,5.0,1,3 ساعات,1,0,$5.00,يوم واحد,1,0,0.0,.Raghda A,https://khamsat.com/user/raghdaalkhaldi,True,بائع جديد,5.0,3,100.0%,4,2,3 ساعات
كتابة وترجمة,https://khamsat.com/writing,وصف منتجات,https://khamsat.com/writing/product-description,كتابة وصف احترافى لمنتجات المتاجر الالكترونية,https://khamsat.com/writing/product-description/2636536-%D9%83%D8%AA%D8%A7%D8%A8%D8%A9-%D9%88%D8%B5%D9%81-%D8%A7%D8%AD%D8%AA%D8%B1%D8%A7%D9%81%D9%89-%D9%84%D9%85%D9%86%D8%AA%D8%AC%D8%A7%D8%AA-%D8%A7%D9%84%D9%85%D8%AA%D8%A7%D8%AC%D8%B1-%D8%A7%D9%84%D8%A7%D9%84%D9%83%D8%AA%D8%B1%D9%88%D9%86%D9%8A%D8%A9,5.0,1,ساعة,1,0,$5.00,ثلاثة أيام,1,0,0.0,ميرنا ا.,https://khamsat.com/user/mirnaahmed1992,True,بائع جديد,5.0,1,50.0%,3,1,ساعة
كتابة وترجمة,https://khamsat.com/writing,وصف منتجات,https://khamsat.com/writing/product-description,كتابة وصف منتجاتك على متجر سلة بشكل متوافق مع SEO,https://khamsat.com/writing/product-description/2587257-%D9%83%D8%AA%D8%A7%D8%A8%D8%A9-%D9%88%D8%B5%D9%81-%D9%85%D9%86%D8%AA%D8%AC%D8%A7%D8%AA%D9%83-%D8%B9%D9%84%D9%89-%D9%85%D8%AA%D8%AC%D8%B1-%D8%B3%D9%84%D8%A9-%D8%A8%D8%B4%D9%83%D9%84-%D9%85%D8%AA%D9%88%D8%A7%D9%81%D9%82-%D9%85%D8%B9-seo,0.0,0,12 دقيقة,1,0,$10.00,يوم واحد,0,5,60.0,حمزة ك.,https://khamsat.com/user/hamzakuahil,True,بائع مميز,5.0,42,98.36%,15,43,7 ساعات
كتابة وترجمة,https://khamsat.com/writing,وصف منتجات,https://khamsat.com/writing/product-description,وصف منتجات وخدمات للمتاجر الإلكتورنية,https://khamsat.com/writing/product-description/2123541-%D9%88%D8%B5%D9%81-%D9%85%D9%86%D8%AA%D8%AC%D8%A7%D8%AA-%D9%88%D8%AE%D8%AF%D9%85%D8%A7%D8%AA-%D9%84%D9%84%D9%85%D8%AA%D8%A7%D8%AC%D8%B1-%D8%A7%D9%84%D8%A5%D9%84%D9%83%D8%AA%D9%88%D8%B1%D9%86%D9%8A%D8%A9,5.0,2,6 أيام,2,0,$20.00,يومين,2,2,110.0,.Mohamed M,https://khamsat.com/user/hamada666666,True,بائع نشيط,5.0,9,77.27%,4,12,يوم
كتابة وترجمة,https://khamsat.com/writing,وصف منتجات,https://khamsat.com/writing/product-description,كتابة وصف منتجات شوبيفاي باللغة العربية و الإنجليزية,https://khamsat.com/writing/product-description/2364979-%D9%83%D8%AA%D8%A7%D8%A8%D8%A9-%D9%88%D8%B5%D9%81-%D9%85%D9%86%D8%AA%D8%AC%D8%A7%D8%AA-%D8%B4%D9%88%D8%A8%D9%8A%D9%81%D8%A7%D9%8A-%D8%A8%D8%A7%D9%84%D9%84%D8%BA%D8%A9-%D8%A7%D9%84%D8%B9%D8%B1%D8%A8%D9%8A%D8%A9-%D9%88-%D8%A7%D9%84%D8%A5%D9%86%D8%AC%D9%84%D9%8A%D8%B2%D9%8A%D8%A9,5.0,3,5 ساعات,3,0,$5.00,يومين,3,3,110.0,خديجه أ.,https://khamsat.com/user/khadejaosama,True,بائع جديد,5.0,3,87.5%,3,3,يومين
كتابة وترجمة,https://khamsat.com/writing,وصف منتجات,https://khamsat.com/writing/product-description,كتابة محتوى تسويقي وابداعي بعدة مجالات,https://khamsat.com/writing/product-description/2560418-%D9%83%D8%AA%D8%A7%D8%A8%D8%A9-%D9%85%D8%AD%D8%AA%D9%88%D9%89-%D8%AA%D8%B3%D9%88%D9%8A%D9%82%D9%8A-%D9%88%D8%A7%D8%A8%D8%AF%D8%A7%D8%B9%D9%8A-%D8%A8%D8%B9%D8%AF%D8%A9-%D9%85%D8%AC%D8%A7%D9%84%D8%A7%D8%AA,5.0,14,3 ساعات,18,0,$5.00,يوم واحد,14,3,65.0,.Moath H,https://khamsat.com/user/m0ad,True,بائع مميز,5.0,26,96.36%,8,27,4 ساعات
كتابة وترجمة,https://khamsat.com/writing,وصف منتجات,https://khamsat.com/writing/product-description,كتابة وصف منتجات (SEO),https://khamsat.com/writing/product-description/1906057-%D9%83%D8%AA%D8%A7%D8%A8%D8%A9-%D9%88%D8%B5%D9%81-%D9%85%D9%86%D8%AA%D8%AC%D8%A7%D8%AA-seo,4.0,18,5 ساعات,25,0,$20.00,أسبوع,18,4,190.0,عبير م.,https://khamsat.com/user/abeermhmd2,True,بائع نشيط,4.0,22,61.4%,5,29,ساعتين
كتابة وترجمة,https://khamsat.com/writing,وصف منتجات,https://khamsat.com/writing/product-description,وصف المنتجات وصف دقيق لـ موقعك,https://khamsat.com/writing/product-description/2762564-%D9%88%D8%B5%D9%81-%D8%A7%D9%84%D9%85%D9%86%D8%AA%D8%AC%D8%A7%D8%AA-%D9%88%D8%B5%D9%81-%D8%AF%D9%82%D9%8A%D9%82-%D9%84%D9%80-%D9%85%D9%88%D9%82%D8%B9%D9%83,5.0,3,34 دقيقة,2,0,$5.00,شهر,3,0,0.0,.Razan A,https://khamsat.com/user/raz_1993,True,بائع جديد,5.0,5,83.33%,5,2,3 ساعات
كتابة وترجمة,https://khamsat.com/writing,وصف منتجات,https://khamsat.com/writing/product-description,وصف منتجات متوافق مع السيو SEO بطريقة احترافية وإبداعية,https://khamsat.com/writing/product-description/2709057-%D9%88%D8%B5%D9%81-%D9%85%D9%86%D8%AA%D8%AC%D8%A7%D8%AA-%D9%85%D8%AA%D9%88%D8%A7%D9%81%D9%82-%D9%85%D8%B9-%D8%A7%D9%84%D8%B3%D9%8A%D9%88-seo-%D8%A8%D8%B7%D8%B1%D9%8A%D9%82%D8%A9-%D8%A7%D8%AD%D8%AA%D8%B1%D8%A7%D9%81%D9%8A%D8%A9-%D9%88%D8%A5%D8%A8%D8%AF%D8%A7%D8%B9%D9%8A%D8%A9,5.0,2,8 دقائق,2,0,$5.00,يوم واحد,2,1,100.0,سلسبيل أ.,https://khamsat.com/user/salsabeelloghod,True,بائع نشيط,5.0,15,100.0%,5,10,ساعة
كتابة وترجمة,https://khamsat.com/writing,وصف منتجات,https://khamsat.com/writing/product-description,كتابة وصف للمنتجات بطريقة تسويقية مع مراعاة قواعد SEO,https://khamsat.com/writing/product-description/2710035-%D9%83%D8%AA%D8%A7%D8%A8%D8%A9-%D9%88%D8%B5%D9%81-%D9%84%D9%84%D9%85%D9%86%D8%AA%D8%AC%D8%A7%D8%AA-%D8%A8%D8%B7%D8%B1%D9%8A%D9%82%D8%A9-%D8%AA%D8%B3%D9%88%D9%8A%D9%82%D9%8A%D8%A9-%D9%85%D8%B9-%D9%85%D8%B1%D8%A7%D8%B9%D8%A7%D8%A9-%D9%82%D9%88%D8%A7%D8%B9%D8%AF-seo,5.0,1,ساعة,1,0,$5.00,يوم واحد,1,0,0.0,.Elhachemi S,https://khamsat.com/user/alhachmi-sebrani,True,بائع مميز,4.5,46,88.68%,11,70,4 ساعات
كتابة وترجمة,https://khamsat.com/writing,وصف منتجات,https://khamsat.com/writing/product-description,وصف تسويقي للمنتجات باحتراف,https://khamsat.com/writing/product-description/1590668-%D9%88%D8%B5%D9%81-%D8%AA%D8%B3%D9%88%D9%8A%D9%82%D9%8A-%D9%84%D9%84%D9%85%D9%86%D8%AA%D8%AC%D8%A7%D8%AA-%D8%A8%D8%A7%D8%AD%D8%AA%D8%B1%D8%A7%D9%81,5.0,4,5 ساعات,5,0,$5.00,يوم واحد,4,2,25.0,بوعلام ب.,https://khamsat.com/user/bouchair_boualem,True,بائع مميز,4.5,86,88.57%,12,83,6 ساعات
كتابة وترجمة,https://khamsat.com/writing,وصف منتجات,https://khamsat.com/writing/product-description,كتابة محتوى إعلاني، لخدمتك منتجك,https://khamsat.com/writing/product-description/2700101-%D9%83%D8%AA%D8%A7%D8%A8%D8%A9-%D9%85%D8%AD%D8%AA%D9%88%D9%89-%D8%A5%D8%B9%D9%84%D8%A7%D9%86%D9%8A-%D9%84%D8%AE%D8%AF%D9%85%D8%AA%D9%83-%D9%85%D9%86%D8%AA%D8%AC%D9%83,5.0,1,3 ساعات,1,0,$5.00,أسبوع,1,0,0.0,آمنه م.,https://khamsat.com/user/amnaa97,True,بائع جديد,5.0,1,100.0%,3,1,3 ساعات
كتابة وترجمة,https://khamsat.com/writing,وصف منتجات,https://khamsat.com/writing/product-description,وصف منتجات وكتابة تسويقية,https://khamsat.com/writing/product-description/2228120-%D9%88%D8%B5%D9%81-%D9%85%D9%86%D8%AA%D8%AC%D8%A7%D8%AA-%D9%88%D9%83%D8%AA%D8%A7%D8%A8%D8%A9-%D8%AA%D8%B3%D9%88%D9%8A%D9%82%D9%8A%D8%A9,5.0,1,ساعتين,1,0,$5.00,يوم واحد,1,0,0.0,راما ا.,https://khamsat.com/user/rama_ah,True,بائع نشيط,5.0,8,84.62%,4,9,5 ساعات
كتابة وترجمة,https://khamsat.com/writing,وصف منتجات,https://khamsat.com/writing/product-description,وصف منتجات متاجر الكترونية وفق SEO,https://khamsat.com/writing/product-description/2062522-%D9%88%D8%B5%D9%81-%D9%85%D9%86%D8%AA%D8%AC%D8%A7%D8%AA-%D9%85%D8%AA%D8%A7%D8%AC%D8%B1-%D8%A7%D9%84%D9%83%D8%AA%D8%B1%D9%88%D9%86%D9%8A%D8%A9-%D9%88%D9%81%D9%82-seo,4.5,9,3 ساعات,11,0,$10.00,يومين,9,2,65.0,احمد ا.,https://khamsat.com/user/ahmad515,True,بائع مميز,5.0,45,96.93%,6,53,ساعة
كتابة وترجمة,https://khamsat.com/writing,وصف منتجات,https://khamsat.com/writing/product-description,وصف منتجات إحترافي مع SEO,https://khamsat.com/writing/product-description/2022556-%D9%88%D8%B5%D9%81-%D9%85%D9%86%D8%AA%D8%AC%D8%A7%D8%AA-%D8%A5%D8%AD%D8%AA%D8%B1%D8%A7%D9%81%D9%8A-%D9%85%D8%B9-seo,4.5,7,4 ساعات,8,0,$5.00,يومين,7,1,100.0,راجي ا.,https://khamsat.com/user/raji_elkurd,True,بائع مميز,4.5,27,87.5%,9,50,4 ساعات
كتابة وترجمة,https://khamsat.com/writing,وصف منتجات,https://khamsat.com/writing/product-description,كتابة إعلانات تسويقية وفق معايير السيو,https://khamsat.com/writing/product-description/2871113-%D9%83%D8%AA%D8%A7%D8%A8%D8%A9-%D8%A5%D8%B9%D9%84%D8%A7%D9%86%D8%A7%D8%AA-%D8%AA%D8%B3%D9%88%D9%8A%D9%82%D9%8A%D8%A9-%D9%88%D9%81%D9%82-%D9%85%D8%B9%D8%A7%D9%8A%D9%8A%D8%B1-%D8%A7%D9%84%D8%B3%D9%8A%D9%88,5.0,2,4 ساعات,3,1,$5.00,يومين,2,3,25.0,.Randa K,https://khamsat.com/user/randa_khozama,True,بائع جديد,5.0,2,100.0%,2,3,4 ساعات
كتابة وترجمة,https://khamsat.com/writing,خطة محتوى,https://khamsat.com/writing/content-plan,كتابة خطة البحث متكاملة العناصر,https://khamsat.com/writing/content-plan/2344753-%D9%83%D8%AA%D8%A7%D8%A8%D8%A9-%D8%AE%D8%B7%D8%A9-%D8%A7%D9%84%D8%A8%D8%AD%D8%AB-%D9%85%D8%AA%D9%83%D8%A7%D9%85%D9%84%D8%A9-%D8%A7%D9%84%D8%B9%D9%86%D8%A7%D8%B5%D8%B1,4.5,19,4 ساعات,33,1,$10.00,يوم واحد,19,1,50.0,.Maher M,https://khamsat.com/user/maher2034,True,بائع مميز,4.5,52,86.23%,11,76,6 ساعات
كتابة وترجمة,https://khamsat.com/writing,خطة محتوى,https://khamsat.com/writing/content-plan,أقوم بإعداد خطة محتوى,https://khamsat.com/writing/content-plan/2942328-%D8%A3%D9%82%D9%88%D9%85-%D8%A8%D8%A5%D8%B9%D8%AF%D8%A7%D8%AF-%D8%AE%D8%B7%D8%A9-%D9%85%D8%AD%D8%AA%D9%88%D9%89,4.5,4,11 ساعة,6,1,$15.00,ثلاثة أيام,4,2,15.0,.Amina D,https://khamsat.com/user/amina08,True,بائع مميز,5.0,43,86.03%,6,64,يوم
كتابة وترجمة,https://khamsat.com/writing,خطة محتوى,https://khamsat.com/writing/content-plan,كتابة بحث علمي او خطة بحث او مقال,https://khamsat.com/writing/content-plan/1677720-%D9%83%D8%AA%D8%A7%D8%A8%D8%A9-%D8%A8%D8%AD%D8%AB-%D8%B9%D9%84%D9%85%D9%8A-%D8%A7%D9%88-%D8%AE%D8%B7%D8%A9-%D8%A8%D8%AD%D8%AB-%D8%A7%D9%88-%D9%85%D9%82%D8%A7%D9%84,4.5,14,ساعتين,20,0,$50.00,شهر,14,4,335.0,ناديا م.,https://khamsat.com/user/m_shereef,True,بائع مميز,4.5,53,87.5%,7,55,9 ساعات
كتابة وترجمة,https://khamsat.com/writing,خطة محتوى,https://khamsat.com/writing/content-plan,كتابة خطة محتوى تسويقية باللغة العربية والإنجليزية,https://khamsat.com/writing/content-plan/2258389-%D9%83%D8%AA%D8%A7%D8%A8%D8%A9-%D8%AE%D8%B7%D8%A9-%D9%85%D8%AD%D8%AA%D9%88%D9%89-%D8%AA%D8%B3%D9%88%D9%8A%D9%82%D9%8A%D8%A9-%D8%A8%D8%A7%D9%84%D9%84%D8%BA%D8%A9-%D8%A7%D9%84%D8%B9%D8%B1%D8%A8%D9%8A%D8%A9-%D9%88%D8%A7%D9%84%D8%A5%D9%86%D8%AC%D9%84%D9%8A%D8%B2%D9%8A%D8%A9,4.5,5,ساعة,5,0,$10.00,يوم واحد,5,3,180.0,.Nuha A,https://khamsat.com/user/nuhahatem94,True,بائع نشيط,5.0,22,95.24%,6,29,3 ساعات
كتابة وترجمة,https://khamsat.com/writing,خطة محتوى,https://khamsat.com/writing/content-plan,إعداد خطة للدراسات والبحوث العلمية,https://khamsat.com/writing/content-plan/2170467-%D8%A5%D8%B9%D8%AF%D8%A7%D8%AF-%D8%AE%D8%B7%D8%A9-%D9%84%D9%84%D8%AF%D8%B1%D8%A7%D8%B3%D8%A7%D8%AA-%D9%88%D8%A7%D9%84%D8%A8%D8%AD%D9%88%D8%AB-%D8%A7%D9%84%D8%B9%D9%84%D9%85%D9%8A%D8%A9,4.5,18,4 ساعات,22,0,$10.00,يومين,18,4,65.0,حماده ع.,https://khamsat.com/user/preaa123,True,بائع مميز,4.5,66,90.43%,8,54,5 ساعات
كتابة وترجمة,https://khamsat.com/writing,خطة محتوى,https://khamsat.com/writing/content-plan,إنشاء خطة محتوى شهرية بشكل إحترافي,https://khamsat.com/writing/content-plan/2937101-%D8%A5%D9%86%D8%B4%D8%A7%D8%A1-%D8%AE%D8%B7%D8%A9-%D9%85%D8%AD%D8%AA%D9%88%D9%89-%D8%B4%D9%87%D8%B1%D9%8A%D8%A9-%D8%A8%D8%B4%D9%83%D9%84-%D8%A5%D8%AD%D8%AA%D8%B1%D8%A7%D9%81%D9%8A,5.0,5,52 دقيقة,5,0,$20.00,ستة أيام,5,2,65.0,.Farah H,https://khamsat.com/user/farahheliel123,True,بائع مميز,5.0,94,90.7%,11,49,يوم
كتابة وترجمة,https://khamsat.com/writing,خطة محتوى,https://khamsat.com/writing/content-plan,صناعة محتوى خليجي لإنستا وتويتر وسناب شات وفيسبوك ويوتيوب,https://khamsat.com/writing/content-plan/1277052-%D8%B5%D9%86%D8%A7%D8%B9%D8%A9-%D9%85%D8%AD%D8%AA%D9%88%D9%89-%D8%AE%D9%84%D9%8A%D8%AC%D9%8A-%D9%84%D8%A5%D9%86%D8%B3%D8%AA%D8%A7-%D9%88%D8%AA%D9%88%D9%8A%D8%AA%D8%B1-%D9%88%D8%B3%D9%86%D8%A7%D8%A8-%D8%B4%D8%A7%D8%AA-%D9%88%D9%81%D9%8A%D8%B3%D8%A8%D9%88%D9%83-%D9%88%D9%8A%D9%88%D8%AA%D9%8A%D9%88%D8%A8,4.5,158,12 ساعة,246,1,$10.00,يومين,25,4,395.0,محمد ط.,https://khamsat.com/user/m_montasser76,True,بائع مميز,4.5,160,86.0%,1,248,7 ساعات
كتابة وترجمة,https://khamsat.com/writing,خطة محتوى,https://khamsat.com/writing/content-plan,كتابة خطط محتوى لوسائل التواصل الاجتماعي,https://khamsat.com/writing/content-plan/1248330-%D9%83%D8%AA%D8%A7%D8%A8%D8%A9-%D8%AE%D8%B7%D8%B7-%D9%85%D8%AD%D8%AA%D9%88%D9%89-%D9%84%D9%88%D8%B3%D8%A7%D8%A6%D9%84-%D8%A7%D9%84%D8%AA%D9%88%D8%A7%D8%B5%D9%84-%D8%A7%D9%84%D8%A7%D8%AC%D8%AA%D9%85%D8%A7%D8%B9%D9%8A,5.0,31,9 ساعات,46,0,$5.00,ثلاثة أيام,25,2,65.0,نهى ر.,https://khamsat.com/user/%D9%86%D9%87%D9%89-%D8%B1%D8%B6%D9%88%D8%A7%D9%86,True,بائع مميز,5.0,37,96.64%,4,55,7 ساعات
كتابة وترجمة,https://khamsat.com/writing,خطة محتوى,https://khamsat.com/writing/content-plan,كتابة خطط محتوى( بوستات تسويقية إبداعية) بعدة مجالات,https://khamsat.com/writing/content-plan/2089192-%D9%83%D8%AA%D8%A7%D8%A8%D8%A9-%D8%AE%D8%B7%D8%B7-%D9%85%D8%AD%D8%AA%D9%88%D9%89-%D8%A8%D9%88%D8%B3%D8%AA%D8%A7%D8%AA-%D8%AA%D8%B3%D9%88%D9%8A%D9%82%D9%8A%D8%A9-%D8%A5%D8%A8%D8%AF%D8%A7%D8%B9%D9%8A%D8%A9-%D8%A8%D8%B9%D8%AF%D8%A9-%D9%85%D8%AC%D8%A7%D9%84%D8%A7%D8%AA,5.0,37,8 ساعات,52,0,$5.00,يوم واحد,25,3,145.0,أسماء ف.,https://khamsat.com/user/asmaa_flaifel,True,بائع مميز,5.0,45,93.71%,3,60,8 ساعات
كتابة وترجمة,https://khamsat.com/writing,خطة محتوى,https://khamsat.com/writing/content-plan,عمل خطة محتوى مكونة من 12 بوست على الفيسبوك,https://khamsat.com/writing/content-plan/2769990-%D8%B9%D9%85%D9%84-%D8%AE%D8%B7%D8%A9-%D9%85%D8%AD%D8%AA%D9%88%D9%89-%D9%85%D9%83%D9%88%D9%86%D8%A9-%D9%85%D9%86-12-%D8%A8%D9%88%D8%B3%D8%AA-%D8%B9%D9%84%D9%89-%D8%A7%D9%84%D9%81%D9%8A%D8%B3%D8%A8%D9%88%D9%83,5.0,1,يوم,2,0,$10.00,ثلاثة أيام,1,0,0.0,.Abdelrahman I,https://khamsat.com/user/theabdoegy,True,بائع جديد,5.0,1,100.0%,3,2,9 ساعات
كتابة وترجمة,https://khamsat.com/writing,خطة محتوى,https://khamsat.com/writing/content-plan,1200 سؤال وجواب في مجالات متنوعة,https://khamsat.com/writing/content-plan/2322407-1200-%D8%B3%D8%A4%D8%A7%D9%84-%D9%88%D8%AC%D9%88%D8%A7%D8%A8-%D9%81%D9%8A-%D9%85%D8%AC%D8%A7%D9%84%D8%A7%D8%AA-%D9%85%D8%AA%D9%86%D9%88%D8%B9%D8%A9,5.0,1,4 ساعات,4,0,$5.00,يوم واحد,1,1,10.0,.Naima S,https://khamsat.com/user/ninanouno16,True,بائع مميز,5.0,24,86.89%,6,24,ساعتين
كتابة وترجمة,https://khamsat.com/writing,خطة محتوى,https://khamsat.com/writing/content-plan,سوف أقوم بإعداد تقارير التدريب الخاص بك وأي تقرير دراسة لك,https://khamsat.com/writing/content-plan/2379945-%D8%B3%D9%88%D9%81-%D8%A3%D9%82%D9%88%D9%85-%D8%A8%D8%A5%D8%B9%D8%AF%D8%A7%D8%AF-%D8%AA%D9%82%D8%A7%D8%B1%D9%8A%D8%B1-%D8%A7%D9%84%D8%AA%D8%AF%D8%B1%D9%8A%D8%A8-%D8%A7%D9%84%D8%AE%D8%A7%D8%B5-%D8%A8%D9%83-%D9%88%D8%A3%D9%8A-%D8%AA%D9%82%D8%B1%D9%8A%D8%B1-%D8%AF%D8%B1%D8%A7%D8%B3%D8%A9-%D9%84%D9%83,3.5,3,10 ساعات,3,0,$10.00,ثلاثة أيام,3,4,245.0,.Lahoucine A,https://khamsat.com/user/almouch97,True,بائع نشيط,3.5,3,56.52%,3,4,6 ساعات
كتابة وترجمة,https://khamsat.com/writing,خطة محتوى,https://khamsat.com/writing/content-plan,إعداد وكتابة خطة محتوى متميزة تساعدك في تحقيق أهدافك,https://khamsat.com/writing/content-plan/2816035-%D8%A5%D8%B9%D8%AF%D8%A7%D8%AF-%D9%88%D9%83%D8%AA%D8%A7%D8%A8%D8%A9-%D8%AE%D8%B7%D8%A9-%D9%85%D8%AD%D8%AA%D9%88%D9%89-%D9%85%D8%AA%D9%85%D9%8A%D8%B2%D8%A9-%D8%AA%D8%B3%D8%A7%D8%B9%D8%AF%D9%83-%D9%81%D9%8A-%D8%AA%D8%AD%D9%82%D9%8A%D9%82-%D8%A3%D9%87%D8%AF%D8%A7%D9%81%D9%83,5.0,2,7 ساعات,2,0,$5.00,يومين,2,2,35.0,أنفال خ.,https://khamsat.com/user/anfal_writer,True,بائع مميز,5.0,19,93.06%,5,22,4 ساعات
كتابة وترجمة,https://khamsat.com/writing,خطة محتوى,https://khamsat.com/writing/content-plan,كتابة خطط محتوى (بوستات متنوعة بين تسويقي وتعليمي وتفاعلي),https://khamsat.com/writing/content-plan/2509647-%D9%83%D8%AA%D8%A7%D8%A8%D8%A9-%D8%AE%D8%B7%D8%B7-%D9%85%D8%AD%D8%AA%D9%88%D9%89-%D8%A8%D9%88%D8%B3%D8%AA%D8%A7%D8%AA-%D9%85%D8%AA%D9%86%D9%88%D8%B9%D8%A9-%D8%A8%D9%8A%D9%86-%D8%AA%D8%B3%D9%88%D9%8A%D9%82%D9%8A-%D9%88%D8%AA%D8%B9%D9%84%D9%8A%D9%85%D9%8A-%D9%88%D8%AA%D9%81%D8%A7%D8%B9%D9%84%D9%8A,5.0,1,4 دقائق,1,0,$5.00,يوم واحد,1,2,55.0,.Nour H,https://khamsat.com/user/nourhassanjuda,True,بائع جديد,5.0,3,100.0%,3,3,ساعة
كتابة وترجمة,https://khamsat.com/writing,خطة محتوى,https://khamsat.com/writing/content-plan,كتابة محتوى تسويقي فذّ بأفكار خلاَقة,https://khamsat.com/writing/content-plan/2715257-%D9%83%D8%AA%D8%A7%D8%A8%D8%A9-%D9%85%D8%AD%D8%AA%D9%88%D9%89-%D8%AA%D8%B3%D9%88%D9%8A%D9%82%D9%8A-%D9%81%D8%B0-%D8%A8%D8%A3%D9%81%D9%83%D8%A7%D8%B1-%D8%AE%D9%84%D8%A7%D9%82%D8%A9,5.0,1,21 دقيقة,1,0,$5.00,يوم واحد,1,0,0.0,.Lobna K,https://khamsat.com/user/lobnaakb,True,بائع جديد,5.0,1,100.0%,3,1,21 دقيقة
كتابة وترجمة,https://khamsat.com/writing,خطة محتوى,https://khamsat.com/writing/content-plan,كتابة خطط محتوى( بوستات تسويقية إبداعية),https://khamsat.com/writing/content-plan/2547950-%D9%83%D8%AA%D8%A7%D8%A8%D8%A9-%D8%AE%D8%B7%D8%B7-%D9%85%D8%AD%D8%AA%D9%88%D9%89-%D8%A8%D9%88%D8%B3%D8%AA%D8%A7%D8%AA-%D8%AA%D8%B3%D9%88%D9%8A%D9%82%D9%8A%D8%A9-%D8%A5%D8%A8%D8%AF%D8%A7%D8%B9%D9%8A%D8%A9,0.0,0,4 ساعات,0,0,$5.00,يوم واحد,0,3,115.0,.Dalia A,https://khamsat.com/user/dalia_yehia,True,بائع جديد,0.0,0,لم يحسب بعد,4,0,4 ساعات
كتابة وترجمة,https://khamsat.com/writing,خطة محتوى,https://khamsat.com/writing/content-plan,كتابة خطة محتوى تسويقية لجميع منصات التواصل الاجتماعي,https://khamsat.com/writing/content-plan/3033997-%D9%83%D8%AA%D8%A7%D8%A8%D8%A9-%D8%AE%D8%B7%D8%A9-%D9%85%D8%AD%D8%AA%D9%88%D9%89-%D8%AA%D8%B3%D9%88%D9%8A%D9%82%D9%8A%D8%A9-%D9%84%D8%AC%D9%85%D9%8A%D8%B9-%D9%85%D9%86%D8%B5%D8%A7%D8%AA-%D8%A7%D9%84%D8%AA%D9%88%D8%A7%D8%B5%D9%84-%D8%A7%D9%84%D8%A7%D8%AC%D8%AA%D9%85%D8%A7%D8%B9%D9%8A,0.0,0,لم يحسب,0,0,$5.00,يوم واحد,0,2,15.0,.Hala M,https://khamsat.com/user/hala-m-kahlout,True,بائع جديد,0.0,0,لم يحسب بعد,3,0,لم يحسب
كتابة وترجمة,https://khamsat.com/writing,خطة محتوى,https://khamsat.com/writing/content-plan,كتابة خطة بحث علمي وفق المنهجية العلمية,https://khamsat.com/writing/content-plan/2978164-%D9%83%D8%AA%D8%A7%D8%A8%D8%A9-%D8%AE%D8%B7%D8%A9-%D8%A8%D8%AD%D8%AB-%D8%B9%D9%84%D9%85%D9%8A-%D9%88%D9%81%D9%82-%D8%A7%D9%84%D9%85%D9%86%D9%87%D8%AC%D9%8A%D8%A9-%D8%A7%D9%84%D8%B9%D9%84%D9%85%D9%8A%D8%A9,0.0,0,لم يحسب,0,0,$5.00,يوم واحد,0,3,45.0,يونس ش.,https://khamsat.com/user/chanqitey1978,True,بائع جديد,0.0,0,لم يحسب بعد,1,0,لم يحسب
كتابة وترجمة,https://khamsat.com/writing,خطة محتوى,https://khamsat.com/writing/content-plan,سأقوم بإختيار إسم تجاري لنشاطك او مشروعك,https://khamsat.com/writing/content-plan/3014761-%D8%B3%D8%A3%D9%82%D9%88%D9%85-%D8%A8%D8%A5%D8%AE%D8%AA%D9%8A%D8%A7%D8%B1-%D8%A5%D8%B3%D9%85-%D8%AA%D8%AC%D8%A7%D8%B1%D9%8A-%D9%84%D9%86%D8%B4%D8%A7%D8%B7%D9%83-%D8%A7%D9%88-%D9%85%D8%B4%D8%B1%D9%88%D8%B9%D9%83,0.0,0,لم يحسب,0,0,$10.00,يوم واحد,0,2,175.0,.Mohammed Amine B,https://khamsat.com/user/mbenhamida136,True,بائع جديد,0.0,0,لم يحسب بعد,3,0,لم يحسب
كتابة وترجمة,https://khamsat.com/writing,خطة محتوى,https://khamsat.com/writing/content-plan,خطة محتوى لمواقع التواصل الاجتماعي.,https://khamsat.com/writing/content-plan/2467598-%D8%AE%D8%B7%D8%A9-%D9%85%D8%AD%D8%AA%D9%88%D9%89-%D9%84%D9%85%D9%88%D8%A7%D9%82%D8%B9-%D8%A7%D9%84%D8%AA%D9%88%D8%A7%D8%B5%D9%84-%D8%A7%D9%84%D8%A7%D8%AC%D8%AA%D9%85%D8%A7%D8%B9%D9%8A,5.0,1,5 دقائق,1,0,$10.00,يومين,1,2,75.0,نور ق.,https://khamsat.com/user/rnoo3317,True,بائع نشيط,5.0,14,96.67%,5,20,4 ساعات
كتابة وترجمة,https://khamsat.com/writing,خطة محتوى,https://khamsat.com/writing/content-plan,كتابه خطط محتوي ووصف منتجات,https://khamsat.com/writing/content-plan/2357325-%D9%83%D8%AA%D8%A7%D8%A8%D9%87-%D8%AE%D8%B7%D8%B7-%D9%85%D8%AD%D8%AA%D9%88%D9%8A-%D9%88%D9%88%D8%B5%D9%81-%D9%85%D9%86%D8%AA%D8%AC%D8%A7%D8%AA,0.0,0,لم يحسب,0,0,$5.00,ثلاثة أيام,0,3,130.0,.Ahmed K,https://khamsat.com/user/ahmed_kareem07,True,بائع جديد,5.0,1,100.0%,3,1,16 ساعة
كتابة وترجمة,https://khamsat.com/writing,خطة محتوى,https://khamsat.com/writing/content-plan,"كتابة خطط محتوى تسويقي , تفاعلي , ترويجي سوشال ميديا",https://khamsat.com/writing/content-plan/2448895-%D9%83%D8%AA%D8%A7%D8%A8%D8%A9-%D8%AE%D8%B7%D8%B7-%D9%85%D8%AD%D8%AA%D9%88%D9%89-%D8%AA%D8%B3%D9%88%D9%8A%D9%82%D9%8A-%D8%AA%D9%81%D8%A7%D8%B9%D9%84%D9%8A-%D8%AA%D8%B1%D9%88%D9%8A%D8%AC%D9%8A-%D8%B3%D9%88%D8%B4%D8%A7%D9%84-%D9%85%D9%8A%D8%AF%D9%8A%D8%A7,5.0,3,32 دقيقة,3,0,$25.00,يوم واحد,3,3,195.0,.Hani A,https://khamsat.com/user/hanigh,True,بائع مميز,5.0,52,95.18%,11,40,ساعة
كتابة وترجمة,https://khamsat.com/writing,خطة محتوى,https://khamsat.com/writing/content-plan,كتابة خطة عمل لاعادة تنشيط الحسابات المحظورة على موقع امازون,https://khamsat.com/writing/content-plan/2284295-%D9%83%D8%AA%D8%A7%D8%A8%D8%A9-%D8%AE%D8%B7%D8%A9-%D8%B9%D9%85%D9%84-%D9%84%D8%A7%D8%B9%D8%A7%D8%AF%D8%A9-%D8%AA%D9%86%D8%B4%D9%8A%D8%B7-%D8%A7%D9%84%D8%AD%D8%B3%D8%A7%D8%A8%D8%A7%D8%AA-%D8%A7%D9%84%D9%85%D8%AD%D8%B8%D9%88%D8%B1%D8%A9-%D8%B9%D9%84%D9%89-%D9%85%D9%88%D9%82%D8%B9-%D8%A7%D9%85%D8%A7%D8%B2%D9%88%D9%86,5.0,2,4 دقائق,4,0,$10.00,أربعة أيام,2,0,0.0,.Saeed A,https://khamsat.com/user/saeed_a_alamoudi18,True,بائع نشيط,4.5,8,55.0%,3,10,3 ساعات
كتابة وترجمة,https://khamsat.com/writing,خطة محتوى,https://khamsat.com/writing/content-plan,خطة محتوى شهرية لمواقع التواصل الاجتماعي,https://khamsat.com/writing/content-plan/2998558-%D8%AE%D8%B7%D8%A9-%D9%85%D8%AD%D8%AA%D9%88%D9%89-%D8%B4%D9%87%D8%B1%D9%8A%D8%A9-%D9%84%D9%85%D9%88%D8%A7%D9%82%D8%B9-%D8%A7%D9%84%D8%AA%D9%88%D8%A7%D8%B5%D9%84-%D8%A7%D9%84%D8%A7%D8%AC%D8%AA%D9%85%D8%A7%D8%B9%D9%8A,0.0,0,لم يحسب,0,0,$10.00,ثلاثة أيام,0,1,10.0,.Amal S,https://khamsat.com/user/amal_atif_1717,True,بائع جديد,0.0,0,لم يحسب بعد,2,0,لم يحسب
كتابة وترجمة,https://khamsat.com/writing,خطة محتوى,https://khamsat.com/writing/content-plan,كتابة محتوى علمى وتحضير دروس,https://khamsat.com/writing/content-plan/3025769-%D9%83%D8%AA%D8%A7%D8%A8%D8%A9-%D9%85%D8%AD%D8%AA%D9%88%D9%89-%D8%B9%D9%84%D9%85%D9%89-%D9%88%D8%AA%D8%AD%D8%B6%D9%8A%D8%B1-%D8%AF%D8%B1%D9%88%D8%B3,0.0,0,لم يحسب,0,0,$5.00,يوم واحد,0,0,0.0,.Huda I,https://khamsat.com/user/arm_262017,True,بائع جديد,0.0,0,لم يحسب بعد,1,0,لم يحسب
كتابة وترجمة,https://khamsat.com/writing,خطة محتوى,https://khamsat.com/writing/content-plan,كتابة خطة محتوى وبوستات تسويقية على انستغرام وتويتر وفيسبوك,https://khamsat.com/writing/content-plan/2231139-%D9%83%D8%AA%D8%A7%D8%A8%D8%A9-%D8%AE%D8%B7%D8%A9-%D9%85%D8%AD%D8%AA%D9%88%D9%89-%D9%88%D8%A8%D9%88%D8%B3%D8%AA%D8%A7%D8%AA-%D8%AA%D8%B3%D9%88%D9%8A%D9%82%D9%8A%D8%A9-%D8%B9%D9%84%D9%89-%D8%A7%D9%86%D8%B3%D8%AA%D8%BA%D8%B1%D8%A7%D9%85-%D9%88%D8%AA%D9%88%D9%8A%D8%AA%D8%B1-%D9%88%D9%81%D9%8A%D8%B3%D8%A8%D9%88%D9%83,4.5,32,يومين,69,2,$10.00,ثلاثة أيام,25,5,275.0,.Samar A,https://khamsat.com/user/samar_hassan20,True,بائع مميز,4.5,32,96.74%,3,70,23 ساعة
كتابة وترجمة,https://khamsat.com/writing,خطة محتوى,https://khamsat.com/writing/content-plan,كتابة خطة محتوى لمنشورات التسويق على Instagram و Twitter,https://khamsat.com/writing/content-plan/2470201-%D9%83%D8%AA%D8%A7%D8%A8%D8%A9-%D8%AE%D8%B7%D8%A9-%D9%85%D8%AD%D8%AA%D9%88%D9%89-%D9%84%D9%85%D9%86%D8%B4%D9%88%D8%B1%D8%A7%D8%AA-%D8%A7%D9%84%D8%AA%D8%B3%D9%88%D9%8A%D9%82-%D8%B9%D9%84%D9%89-instagram-%D9%88-twitter,4.5,4,دقيقتين,5,0,$5.00,يوم واحد,4,0,0.0,.Aseel A,https://khamsat.com/user/aseel_abed,True,بائع مميز,5.0,186,89.63%,13,222,6 ساعات
كتابة وترجمة,https://khamsat.com/writing,خطة محتوى,https://khamsat.com/writing/content-plan,انشاء خطة تسويقية ناجحة لمشروعك,https://khamsat.com/writing/content-plan/3020958-%D8%A7%D9%86%D8%B4%D8%A7%D8%A1-%D8%AE%D8%B7%D8%A9-%D8%AA%D8%B3%D9%88%D9%8A%D9%82%D9%8A%D8%A9-%D9%86%D8%A7%D8%AC%D8%AD%D8%A9-%D9%84%D9%85%D8%B4%D8%B1%D9%88%D8%B9%D9%83,0.0,0,لم يحسب,0,0,$10.00,يوم واحد,0,0,0.0,.Nada G,https://khamsat.com/user/nadagamaal,False,بائع جديد,0.0,0,لم يحسب بعد,3,0,لم يحسب
كتابة وترجمة,https://khamsat.com/writing,خطة محتوى,https://khamsat.com/writing/content-plan,كتابة خطة محتوى سوشيال ميديا,https://khamsat.com/writing/content-plan/2991329-%D9%83%D8%AA%D8%A7%D8%A8%D8%A9-%D8%AE%D8%B7%D8%A9-%D9%85%D8%AD%D8%AA%D9%88%D9%89-%D8%B3%D9%88%D8%B4%D9%8A%D8%A7%D9%84-%D9%85%D9%8A%D8%AF%D9%8A%D8%A7,0.0,0,لم يحسب,0,0,$5.00,يومين,0,2,35.0,.Mohammed A,https://khamsat.com/user/mohammed_ashraf98,True,بائع جديد,0.0,0,لم يحسب بعد,3,0,لم يحسب
كتابة وترجمة,https://khamsat.com/writing,خطة محتوى,https://khamsat.com/writing/content-plan,أصنع لك خطة محتوى على أنستغرام لنمو حسابك بدون إعلانات ممولة,https://khamsat.com/writing/content-plan/3022486-%D8%A3%D8%B5%D9%86%D8%B9-%D9%84%D9%83-%D8%AE%D8%B7%D8%A9-%D9%85%D8%AD%D8%AA%D9%88%D9%89-%D8%B9%D9%84%D9%89-%D8%A3%D9%86%D8%B3%D8%AA%D8%BA%D8%B1%D8%A7%D9%85-%D9%84%D9%86%D9%85%D9%88-%D8%AD%D8%B3%D8%A7%D8%A8%D9%83-%D8%A8%D8%AF%D9%88%D9%86-%D8%A5%D8%B9%D9%84%D8%A7%D9%86%D8%A7%D8%AA-%D9%85%D9%85%D9%88%D9%84%D8%A9,0.0,0,لم يحسب,0,0,$10.00,ثلاثة أيام,0,2,120.0,.Soheyb H,https://khamsat.com/user/soheyb_hamdouche21,False,بائع جديد,0.0,0,لم يحسب بعد,1,0,لم يحسب
كتابة وترجمة,https://khamsat.com/writing,خدمات تلخيص,https://khamsat.com/writing/summarizing,إعداد أسئلة وملخصات شاملة بدقة واحترافية,https://khamsat.com/writing/summarizing/2107771-%D8%A5%D8%B9%D8%AF%D8%A7%D8%AF-%D8%A3%D8%B3%D8%A6%D9%84%D8%A9-%D9%88%D9%85%D9%84%D8%AE%D8%B5%D8%A7%D8%AA-%D8%B4%D8%A7%D9%85%D9%84%D8%A9-%D8%A8%D8%AF%D9%82%D8%A9-%D9%88%D8%A7%D8%AD%D8%AA%D8%B1%D8%A7%D9%81%D9%8A%D8%A9,5.0,24,48 دقيقة,29,0,$5.00,يومين,24,5,255.0,بيان م.,https://khamsat.com/user/bayan15,True,بائع مميز,5.0,38,99.3%,3,44,ساعة
كتابة وترجمة,https://khamsat.com/writing,خدمات تلخيص,https://khamsat.com/writing/summarizing,تلخيص و عمل خرائط ذهنية mind maps للكتب والمقالات,https://khamsat.com/writing/summarizing/2993095-%D8%AA%D9%84%D8%AE%D9%8A%D8%B5-%D9%88-%D8%B9%D9%85%D9%84-%D8%AE%D8%B1%D8%A7%D8%A6%D8%B7-%D8%B0%D9%87%D9%86%D9%8A%D8%A9-mind-maps-%D9%84%D9%84%D9%83%D8%AA%D8%A8-%D9%88%D8%A7%D9%84%D9%85%D9%82%D8%A7%D9%84%D8%A7%D8%AA,5.0,6,3 ساعات,9,0,$5.00,يوم واحد,6,3,30.0,.Mohammed E,https://khamsat.com/user/mohammed_elgammala,True,بائع نشيط,5.0,7,81.25%,4,11,ساعتين
كتابة وترجمة,https://khamsat.com/writing,خدمات تلخيص,https://khamsat.com/writing/summarizing,تلخيص الكتب والمذكرات والأبحاث تلخيصًا وافيًا,https://khamsat.com/writing/summarizing/1398825-%D8%AA%D9%84%D8%AE%D9%8A%D8%B5-%D8%A7%D9%84%D9%83%D8%AA%D8%A8-%D9%88%D8%A7%D9%84%D9%85%D8%B0%D9%83%D8%B1%D8%A7%D8%AA-%D9%88%D8%A7%D9%84%D8%A3%D8%A8%D8%AD%D8%A7%D8%AB-%D8%AA%D9%84%D8%AE%D9%8A%D8%B5%D8%A7-%D9%88%D8%A7%D9%81%D9%8A%D8%A7,5.0,17,47 دقيقة,18,0,$5.00,يومين,17,5,95.0,أحمد م.,https://khamsat.com/user/ahmedmukhtargouda,True,بائع مميز,5.0,31,97.53%,6,26,3 ساعات
كتابة وترجمة,https://khamsat.com/writing,خدمات تلخيص,https://khamsat.com/writing/summarizing,تلخيص الروايات بأسلوب أدبي إبداعي,https://khamsat.com/writing/summarizing/2738169-%D8%AA%D9%84%D8%AE%D9%8A%D8%B5-%D8%A7%D9%84%D8%B1%D9%88%D8%A7%D9%8A%D8%A7%D8%AA-%D8%A8%D8%A3%D8%B3%D9%84%D9%88%D8%A8-%D8%A3%D8%AF%D8%A8%D9%8A-%D8%A5%D8%A8%D8%AF%D8%A7%D8%B9%D9%8A,5.0,2,3 دقائق,3,0,$10.00,أربعة أيام,2,3,55.0,.Shaza K,https://khamsat.com/user/shaza_writer,True,بائع مميز,5.0,16,98.04%,4,17,ساعتين
كتابة وترجمة,https://khamsat.com/writing,خدمات تلخيص,https://khamsat.com/writing/summarizing,إعداد خرائط ذهنية بطريقة مميزة,https://khamsat.com/writing/summarizing/2293912-%D8%A5%D8%B9%D8%AF%D8%A7%D8%AF-%D8%AE%D8%B1%D8%A7%D8%A6%D8%B7-%D8%B0%D9%87%D9%86%D9%8A%D8%A9-%D8%A8%D8%B7%D8%B1%D9%8A%D9%82%D8%A9-%D9%85%D9%85%D9%8A%D8%B2%D8%A9,5.0,13,ساعة,17,0,$10.00,يوم واحد,13,4,165.0,أميرة ا.,https://khamsat.com/user/sandra_ibrahim,True,بائع مميز,5.0,252,98.06%,14,241,4 ساعات
كتابة وترجمة,https://khamsat.com/writing,خدمات تلخيص,https://khamsat.com/writing/summarizing,إعداد خرائط ذهنية في مجال إدارة الأعمال وتحليل المؤسسات,https://khamsat.com/writing/summarizing/2074575-%D8%A5%D8%B9%D8%AF%D8%A7%D8%AF-%D8%AE%D8%B1%D8%A7%D8%A6%D8%B7-%D8%B0%D9%87%D9%86%D9%8A%D8%A9-%D9%81%D9%8A-%D9%85%D8%AC%D8%A7%D9%84-%D8%A5%D8%AF%D8%A7%D8%B1%D8%A9-%D8%A7%D9%84%D8%A3%D8%B9%D9%85%D8%A7%D9%84-%D9%88%D8%AA%D8%AD%D9%84%D9%8A%D9%84-%D8%A7%D9%84%D9%85%D8%A4%D8%B3%D8%B3%D8%A7%D8%AA,5.0,19,ساعتين,26,0,$5.00,يوم واحد,19,4,150.0,.Mohamed F,https://khamsat.com/user/mohamed-m-foaad,True,بائع مميز,5.0,74,97.84%,5,75,5 ساعات
كتابة وترجمة,https://khamsat.com/writing,خدمات تلخيص,https://khamsat.com/writing/summarizing,تلخيص كتب بشكل إحترافي وبأسرع وقت,https://khamsat.com/writing/summarizing/1928903-%D8%AA%D9%84%D8%AE%D9%8A%D8%B5-%D9%83%D8%AA%D8%A8-%D8%A8%D8%B4%D9%83%D9%84-%D8%A5%D8%AD%D8%AA%D8%B1%D8%A7%D9%81%D9%8A-%D9%88%D8%A8%D8%A3%D8%B3%D8%B1%D8%B9-%D9%88%D9%82%D8%AA,5.0,29,14 ساعة,39,0,$5.00,ثلاثة أيام,25,3,105.0,.Fatima M,https://khamsat.com/user/fatmametwally112,True,بائع مميز,5.0,40,99.25%,6,52,5 ساعات
كتابة وترجمة,https://khamsat.com/writing,خدمات تلخيص,https://khamsat.com/writing/summarizing,تلخيص احترافي متقن للكتب والمقالات,https://khamsat.com/writing/summarizing/2074502-%D8%AA%D9%84%D8%AE%D9%8A%D8%B5-%D8%A7%D8%AD%D8%AA%D8%B1%D8%A7%D9%81%D9%8A-%D9%85%D8%AA%D9%82%D9%86-%D9%84%D9%84%D9%83%D8%AA%D8%A8-%D9%88%D8%A7%D9%84%D9%85%D9%82%D8%A7%D9%84%D8%A7%D8%AA,5.0,39,15 ساعة,49,0,$5.00,يوم واحد,25,3,130.0,.Mohamed F,https://khamsat.com/user/mohamed-m-foaad,True,بائع مميز,5.0,74,97.84%,5,75,5 ساعات
كتابة وترجمة,https://khamsat.com/writing,خدمات تلخيص,https://khamsat.com/writing/summarizing,تلخيص الكتب والأبحاث باللغتين العربية والإنجليزية,https://khamsat.com/writing/summarizing/1925625-%D8%AA%D9%84%D8%AE%D9%8A%D8%B5-%D8%A7%D9%84%D9%83%D8%AA%D8%A8-%D9%88%D8%A7%D9%84%D8%A3%D8%A8%D8%AD%D8%A7%D8%AB-%D8%A8%D8%A7%D9%84%D9%84%D8%BA%D8%AA%D9%8A%D9%86-%D8%A7%D9%84%D8%B9%D8%B1%D8%A8%D9%8A%D8%A9-%D9%88%D8%A7%D9%84%D8%A5%D9%86%D8%AC%D9%84%D9%8A%D8%B2%D9%8A%D8%A9,5.0,24,ساعة,27,0,$5.00,يوم واحد,24,3,45.0,ممدوح ر.,https://khamsat.com/user/mamdouh55,True,بائع مميز,5.0,79,98.06%,8,65,ساعة
كتابة وترجمة,https://khamsat.com/writing,خدمات تلخيص,https://khamsat.com/writing/summarizing,تنسيق ملفات word بدقة واطار مميز,https://khamsat.com/writing/summarizing/2435281-%D8%AA%D9%86%D8%B3%D9%8A%D9%82-%D9%85%D9%84%D9%81%D8%A7%D8%AA-word-%D8%A8%D8%AF%D9%82%D8%A9-%D9%88%D8%A7%D8%B7%D8%A7%D8%B1-%D9%85%D9%85%D9%8A%D8%B2,5.0,3,3 ساعات,11,0,$5.00,يومين,3,5,55.0,.Alaa A,https://khamsat.com/user/alaa_abdelbary27,True,بائع مميز,5.0,24,94.66%,5,33,9 ساعات
كتابة وترجمة,https://khamsat.com/writing,خدمات تلخيص,https://khamsat.com/writing/summarizing,أسئلة بنظام البابل شيت لجميع المراحل الدراسية,https://khamsat.com/writing/summarizing/2874258-%D8%A3%D8%B3%D8%A6%D9%84%D8%A9-%D8%A8%D9%86%D8%B8%D8%A7%D9%85-%D8%A7%D9%84%D8%A8%D8%A7%D8%A8%D9%84-%D8%B4%D9%8A%D8%AA-%D9%84%D8%AC%D9%85%D9%8A%D8%B9-%D8%A7%D9%84%D9%85%D8%B1%D8%A7%D8%AD%D9%84-%D8%A7%D9%84%D8%AF%D8%B1%D8%A7%D8%B3%D9%8A%D8%A9,0.0,0,3 ساعات,1,0,$5.00,يومين,0,3,85.0,عائشة ج.,https://khamsat.com/user/aesha_omira30,True,بائع نشيط,5.0,6,100.0%,3,8,ساعة
كتابة وترجمة,https://khamsat.com/writing,خدمات تلخيص,https://khamsat.com/writing/summarizing,Master Summarizer محترف التلخيص الأشمل,https://khamsat.com/writing/summarizing/2470629-master-summarizer-%D9%85%D8%AD%D8%AA%D8%B1%D9%81-%D8%A7%D9%84%D8%AA%D9%84%D8%AE%D9%8A%D8%B5-%D8%A7%D9%84%D8%A3%D8%B4%D9%85%D9%84,5.0,9,11 دقيقة,15,0,$5.00,يوم واحد,9,5,75.0,حيدر ن.,https://khamsat.com/user/haidar214,True,بائع مميز,5.0,53,92.03%,15,56,ساعتين
كتابة وترجمة,https://khamsat.com/writing,خدمات تلخيص,https://khamsat.com/writing/summarizing,تلخيص الكتب والأبحاث والمقالات,https://khamsat.com/writing/summarizing/1656287-%D8%AA%D9%84%D8%AE%D9%8A%D8%B5-%D8%A7%D9%84%D9%83%D8%AA%D8%A8-%D9%88%D8%A7%D9%84%D8%A3%D8%A8%D8%AD%D8%A7%D8%AB-%D9%88%D8%A7%D9%84%D9%85%D9%82%D8%A7%D9%84%D8%A7%D8%AA,4.5,25,5 دقائق,35,0,$5.00,يوم واحد,25,3,45.0,.Nagham S,https://khamsat.com/user/nagham_slman,True,بائع مميز,4.5,43,93.98%,3,58,3 ساعات
كتابة وترجمة,https://khamsat.com/writing,خدمات تلخيص,https://khamsat.com/writing/summarizing,تلخيص احترافي واضح، كتابة ملخصات,https://khamsat.com/writing/summarizing/2869825-%D8%AA%D9%84%D8%AE%D9%8A%D8%B5-%D8%A7%D8%AD%D8%AA%D8%B1%D8%A7%D9%81%D9%8A-%D9%88%D8%A7%D8%B6%D8%AD-%D9%83%D8%AA%D8%A7%D8%A8%D8%A9-%D9%85%D9%84%D8%AE%D8%B5%D8%A7%D8%AA,5.0,1,38 دقيقة,1,0,$5.00,يوم واحد,1,5,75.0,.Suhail A,https://khamsat.com/user/jnkiz,True,بائع نشيط,5.0,8,86.36%,3,7,43 دقيقة
كتابة وترجمة,https://khamsat.com/writing,خدمات تلخيص,https://khamsat.com/writing/summarizing,تلخيص الكتب والروايات والمحاضرات,https://khamsat.com/writing/summarizing/2000886-%D8%AA%D9%84%D8%AE%D9%8A%D8%B5-%D8%A7%D9%84%D9%83%D8%AA%D8%A8-%D9%88%D8%A7%D9%84%D8%B1%D9%88%D8%A7%D9%8A%D8%A7%D8%AA-%D9%88%D8%A7%D9%84%D9%85%D8%AD%D8%A7%D8%B6%D8%B1%D8%A7%D8%AA,5.0,6,ساعتين,6,0,$10.00,يوم واحد,6,0,0.0,بيان ر.,https://khamsat.com/user/bayan_rasheed,True,بائع مميز,5.0,42,92.06%,6,37,3 ساعات
كتابة وترجمة,https://khamsat.com/writing,خدمات تلخيص,https://khamsat.com/writing/summarizing,تلخيص كتابات إدارية ودراسية وبحثية,https://khamsat.com/writing/summarizing/2755005-%D8%AA%D9%84%D8%AE%D9%8A%D8%B5-%D9%83%D8%AA%D8%A7%D8%A8%D8%A7%D8%AA-%D8%A5%D8%AF%D8%A7%D8%B1%D9%8A%D8%A9-%D9%88%D8%AF%D8%B1%D8%A7%D8%B3%D9%8A%D8%A9-%D9%88%D8%A8%D8%AD%D8%AB%D9%8A%D8%A9,5.0,11,ساعة,17,0,$5.00,يومين,11,3,20.0,.Hanan A,https://khamsat.com/user/h9_ali,True,بائع مميز,5.0,28,98.46%,5,35,15 ساعة
كتابة وترجمة,https://khamsat.com/writing,خدمات تلخيص,https://khamsat.com/writing/summarizing,تلخيص الكتب في مختلف المجالات واختصارها,https://khamsat.com/writing/summarizing/1504236-%D8%AA%D9%84%D8%AE%D9%8A%D8%B5-%D8%A7%D9%84%D9%83%D8%AA%D8%A8-%D9%81%D9%8A-%D9%85%D8%AE%D8%AA%D9%84%D9%81-%D8%A7%D9%84%D9%85%D8%AC%D8%A7%D9%84%D8%A7%D8%AA-%D9%88%D8%A7%D8%AE%D8%AA%D8%B5%D8%A7%D8%B1%D9%87%D8%A7,5.0,31,يومين,42,0,$5.00,يوم واحد,25,5,80.0,نشوان ا.,https://khamsat.com/user/nashwan2020,True,بائع مميز,5.0,62,92.8%,4,74,23 ساعة
كتابة وترجمة,https://khamsat.com/writing,خدمات تلخيص,https://khamsat.com/writing/summarizing,تلخيص الكتب والمقالات والأبحاث العلمية والدراسات,https://khamsat.com/writing/summarizing/2608595-%D8%AA%D9%84%D8%AE%D9%8A%D8%B5-%D8%A7%D9%84%D9%83%D8%AA%D8%A8-%D9%88%D8%A7%D9%84%D9%85%D9%82%D8%A7%D9%84%D8%A7%D8%AA-%D9%88%D8%A7%D9%84%D8%A3%D8%A8%D8%AD%D8%A7%D8%AB-%D8%A7%D9%84%D8%B9%D9%84%D9%85%D9%8A%D8%A9-%D9%88%D8%A7%D9%84%D8%AF%D8%B1%D8%A7%D8%B3%D8%A7%D8%AA,5.0,4,ساعتين,5,0,$5.00,يوم واحد,4,5,100.0,.Abdulrahman A,https://khamsat.com/user/abdulrahman_a_m,True,بائع نشيط,4.5,22,95.83%,4,21,ساعة
كتابة وترجمة,https://khamsat.com/writing,خدمات تلخيص,https://khamsat.com/writing/summarizing,تلخيص كتب عربية وتلخيص مواد العلوم,https://khamsat.com/writing/summarizing/2111510-%D8%AA%D9%84%D8%AE%D9%8A%D8%B5-%D9%83%D8%AA%D8%A8-%D8%B9%D8%B1%D8%A8%D9%8A%D8%A9-%D9%88%D8%AA%D9%84%D8%AE%D9%8A%D8%B5-%D9%85%D9%88%D8%A7%D8%AF-%D8%A7%D9%84%D8%B9%D9%84%D9%88%D9%85,5.0,23,5 ساعات,33,0,$5.00,يوم واحد,23,3,35.0,زينب م.,https://khamsat.com/user/zem30,True,بائع مميز,5.0,56,98.59%,4,59,5 ساعات
كتابة وترجمة,https://khamsat.com/writing,خدمات تلخيص,https://khamsat.com/writing/summarizing,تلخيص كتب دراسية وروايات بطريقة احترافية,https://khamsat.com/writing/summarizing/864668-%D8%AA%D9%84%D8%AE%D9%8A%D8%B5-%D9%83%D8%AA%D8%A8-%D8%AF%D8%B1%D8%A7%D8%B3%D9%8A%D8%A9-%D9%88%D8%B1%D9%88%D8%A7%D9%8A%D8%A7%D8%AA-%D8%A8%D8%B7%D8%B1%D9%8A%D9%82%D8%A9-%D8%A7%D8%AD%D8%AA%D8%B1%D8%A7%D9%81%D9%8A%D8%A9,4.5,67,11 ساعة,96,0,$5.00,يوم واحد,25,4,105.0,اسماء ا.,https://khamsat.com/user/%D8%A7%D8%B3%D9%85%D8%A7%D8%A1-%D8%A7%D8%AD%D9%85%D8%AF-4,True,بائع مميز,4.5,89,95.56%,4,117,8 ساعات
كتابة وترجمة,https://khamsat.com/writing,خدمات تلخيص,https://khamsat.com/writing/summarizing,تلخيص كتاب شرعي أو عربي واستخراج الفوائد منه,https://khamsat.com/writing/summarizing/1649025-%D8%AA%D9%84%D8%AE%D9%8A%D8%B5-%D9%83%D8%AA%D8%A7%D8%A8-%D8%B4%D8%B1%D8%B9%D9%8A-%D8%A3%D9%88-%D8%B9%D8%B1%D8%A8%D9%8A-%D9%88%D8%A7%D8%B3%D8%AA%D8%AE%D8%B1%D8%A7%D8%AC-%D8%A7%D9%84%D9%81%D9%88%D8%A7%D8%A6%D8%AF-%D9%85%D9%86%D9%87,4.5,13,5 دقائق,18,0,$10.00,يومين,13,3,70.0,محمود غ.,https://khamsat.com/user/mahmoudghonim_2212,True,بائع مميز,4.5,31,82.43%,8,41,44 دقيقة
كتابة وترجمة,https://khamsat.com/writing,خدمات تلخيص,https://khamsat.com/writing/summarizing,تلخيص الكتب المدرسية او الجامعية على هيئة اسئلة,https://khamsat.com/writing/summarizing/1315424-%D8%AA%D9%84%D8%AE%D9%8A%D8%B5-%D8%A7%D9%84%D9%83%D8%AA%D8%A8-%D8%A7%D9%84%D9%85%D8%AF%D8%B1%D8%B3%D9%8A%D8%A9-%D8%A7%D9%88-%D8%A7%D9%84%D8%AC%D8%A7%D9%85%D8%B9%D9%8A%D8%A9-%D8%B9%D9%84%D9%89-%D9%87%D9%8A%D8%A6%D8%A9-%D8%A7%D8%B3%D8%A6%D9%84%D8%A9,5.0,23,3 ساعات,28,0,$5.00,يومين,23,5,210.0,.Shimaa M,https://khamsat.com/user/shaimaa_99,True,بائع مميز,5.0,52,88.89%,6,67,52 دقيقة
كتابة وترجمة,https://khamsat.com/writing,خدمات تلخيص,https://khamsat.com/writing/summarizing,تلخيص كتب للتيسير على القارئ او تسهيل الدراسة,https://khamsat.com/writing/summarizing/1888467-%D8%AA%D9%84%D8%AE%D9%8A%D8%B5-%D9%83%D8%AA%D8%A8-%D9%84%D9%84%D8%AA%D9%8A%D8%B3%D9%8A%D8%B1-%D8%B9%D9%84%D9%89-%D8%A7%D9%84%D9%82%D8%A7%D8%B1%D8%A6-%D8%A7%D9%88-%D8%AA%D8%B3%D9%87%D9%8A%D9%84-%D8%A7%D9%84%D8%AF%D8%B1%D8%A7%D8%B3%D8%A9,4.5,6,18 ساعة,14,0,$5.00,يوم واحد,6,1,40.0,.Sohila K,https://khamsat.com/user/sohilafatehallah_95,True,بائع مميز,5.0,29,88.99%,5,43,4 ساعات
كتابة وترجمة,https://khamsat.com/writing,خدمات تلخيص,https://khamsat.com/writing/summarizing,تلخيص كتب وروايات ومحاضرات,https://khamsat.com/writing/summarizing/2208912-%D8%AA%D9%84%D8%AE%D9%8A%D8%B5-%D9%83%D8%AA%D8%A8-%D9%88%D8%B1%D9%88%D8%A7%D9%8A%D8%A7%D8%AA-%D9%88%D9%85%D8%AD%D8%A7%D8%B6%D8%B1%D8%A7%D8%AA,5.0,20,4 دقائق,24,0,$5.00,يوم واحد,20,2,25.0,شمس ا.,https://khamsat.com/user/mariashams,True,بائع مميز,5.0,36,98.44%,3,33,ساعة
كتابة وترجمة,https://khamsat.com/writing,خدمات تلخيص,https://khamsat.com/writing/summarizing,تلخيص الكتب و الرسائل العلمية,https://khamsat.com/writing/summarizing/1641126-%D8%AA%D9%84%D8%AE%D9%8A%D8%B5-%D8%A7%D9%84%D9%83%D8%AA%D8%A8-%D9%88-%D8%A7%D9%84%D8%B1%D8%B3%D8%A7%D8%A6%D9%84-%D8%A7%D9%84%D8%B9%D9%84%D9%85%D9%8A%D8%A9,4.5,28,10 دقائق,44,0,$10.00,يومين,25,2,25.0,.Haneen W,https://khamsat.com/user/nana93,True,بائع مميز,4.5,29,88.68%,1,44,9 دقائق
كتابة وترجمة,https://khamsat.com/writing,خدمات تلخيص,https://khamsat.com/writing/summarizing,وضع اسئلة لموضوع دراسى وتلخيص الدروس على هيئة سؤال & جواب,https://khamsat.com/writing/summarizing/2484884-%D9%88%D8%B6%D8%B9-%D8%A7%D8%B3%D8%A6%D9%84%D8%A9-%D9%84%D9%85%D9%88%D8%B6%D9%88%D8%B9-%D8%AF%D8%B1%D8%A7%D8%B3%D9%89-%D9%88%D8%AA%D9%84%D8%AE%D9%8A%D8%B5-%D8%A7%D9%84%D8%AF%D8%B1%D9%88%D8%B3-%D8%B9%D9%84%D9%89-%D9%87%D9%8A%D8%A6%D8%A9-%D8%B3%D8%A4%D8%A7%D9%84-%D8%AC%D9%88%D8%A7%D8%A8,5.0,6,19 ساعة,7,0,$5.00,يومين,6,3,30.0,مريم س.,https://khamsat.com/user/mariamsamirfahmy,True,بائع نشيط,5.0,6,100.0%,5,7,9 ساعات
كتابة وترجمة,https://khamsat.com/writing,خدمات تلخيص,https://khamsat.com/writing/summarizing,تلخيص وتنظيم صفحات مواد دراسية في شكل سؤال وجواب,https://khamsat.com/writing/summarizing/2072122-%D8%AA%D9%84%D8%AE%D9%8A%D8%B5-%D9%88%D8%AA%D9%86%D8%B8%D9%8A%D9%85-%D8%B5%D9%81%D8%AD%D8%A7%D8%AA-%D9%85%D9%88%D8%A7%D8%AF-%D8%AF%D8%B1%D8%A7%D8%B3%D9%8A%D8%A9-%D9%81%D9%8A-%D8%B4%D9%83%D9%84-%D8%B3%D8%A4%D8%A7%D9%84-%D9%88%D8%AC%D9%88%D8%A7%D8%A8,5.0,6,11 ساعة,11,0,$5.00,يوم واحد,6,2,125.0,.Mohamed F,https://khamsat.com/user/mohamed-m-foaad,True,بائع مميز,5.0,74,97.84%,5,75,5 ساعات
كتابة وترجمة,https://khamsat.com/writing,خدمات تلخيص,https://khamsat.com/writing/summarizing,تلخيص صفحات من كتب او مواد دراسية باللغة الانجليزية,https://khamsat.com/writing/summarizing/1206673-%D8%AA%D9%84%D8%AE%D9%8A%D8%B5-%D8%B5%D9%81%D8%AD%D8%A7%D8%AA-%D9%85%D9%86-%D9%83%D8%AA%D8%A8-%D8%A7%D9%88-%D9%85%D9%88%D8%A7%D8%AF-%D8%AF%D8%B1%D8%A7%D8%B3%D9%8A%D8%A9-%D8%A8%D8%A7%D9%84%D9%84%D8%BA%D8%A9-%D8%A7%D9%84%D8%A7%D9%86%D8%AC%D9%84%D9%8A%D8%B2%D9%8A%D8%A9,4.5,15,ساعة,24,0,$5.00,يوم واحد,15,3,30.0,.Ahmed S,https://khamsat.com/user/ahmed_megaman,True,بائع مميز,4.5,56,95.21%,8,80,ساعة
كتابة وترجمة,https://khamsat.com/writing,خدمات تلخيص,https://khamsat.com/writing/summarizing,تلخيص كتب باللغة العربية والانجليزية,https://khamsat.com/writing/summarizing/1296748-%D8%AA%D9%84%D8%AE%D9%8A%D8%B5-%D9%83%D8%AA%D8%A8-%D8%A8%D8%A7%D9%84%D9%84%D8%BA%D8%A9-%D8%A7%D9%84%D8%B9%D8%B1%D8%A8%D9%8A%D8%A9-%D9%88%D8%A7%D9%84%D8%A7%D9%86%D8%AC%D9%84%D9%8A%D8%B2%D9%8A%D8%A9,4.5,20,ساعتين,24,0,$5.00,أسبوع,20,1,15.0,بسمة ا.,https://khamsat.com/user/basmahosam,True,بائع مميز,4.5,27,83.84%,6,31,ساعتين
كتابة وترجمة,https://khamsat.com/writing,خدمات تلخيص,https://khamsat.com/writing/summarizing,التلخيص الشامل بالطريقة المألوفة أو بطريقة الخرائط الذهنية,https://khamsat.com/writing/summarizing/1992999-%D8%A7%D9%84%D8%AA%D9%84%D8%AE%D9%8A%D8%B5-%D8%A7%D9%84%D8%B4%D8%A7%D9%85%D9%84-%D8%A8%D8%A7%D9%84%D8%B7%D8%B1%D9%8A%D9%82%D8%A9-%D8%A7%D9%84%D9%85%D8%A3%D9%84%D9%88%D9%81%D8%A9-%D8%A3%D9%88-%D8%A8%D8%B7%D8%B1%D9%8A%D9%82%D8%A9-%D8%A7%D9%84%D8%AE%D8%B1%D8%A7%D8%A6%D8%B7-%D8%A7%D9%84%D8%B0%D9%87%D9%86%D9%8A%D8%A9,5.0,11,7 دقائق,13,0,$5.00,ثلاثة أيام,11,2,10.0,علا ا.,https://khamsat.com/user/ola_alhousha,True,بائع نشيط,5.0,15,97.22%,4,16,ساعة
كتابة وترجمة,https://khamsat.com/writing,تدقيق لغوي,https://khamsat.com/writing/proofreading,مدقق ومراجع ومحرر لغوي لجميع المحتويات,https://khamsat.com/writing/proofreading/2008984-%D9%85%D8%AF%D9%82%D9%82-%D9%88%D9%85%D8%B1%D8%A7%D8%AC%D8%B9-%D9%88%D9%85%D8%AD%D8%B1%D8%B1-%D9%84%D8%BA%D9%88%D9%8A-%D9%84%D8%AC%D9%85%D9%8A%D8%B9-%D8%A7%D9%84%D9%85%D8%AD%D8%AA%D9%88%D9%8A%D8%A7%D8%AA,5.0,78,3 ساعات,104,0,$5.00,يوم واحد,25,5,150.0,.Ahmed N,https://khamsat.com/user/ahmeanada,True,بائع مميز,5.0,124,98.5%,1,126,ساعة
كتابة وترجمة,https://khamsat.com/writing,تدقيق لغوي,https://khamsat.com/writing/proofreading,تدقيق لغوي بنوعيه النحوي والإملائي والصياغة بأسلوب أفضل,https://khamsat.com/writing/proofreading/2868067-%D8%AA%D8%AF%D9%82%D9%8A%D9%82-%D9%84%D8%BA%D9%88%D9%8A-%D8%A8%D9%86%D9%88%D8%B9%D9%8A%D9%87-%D8%A7%D9%84%D9%86%D8%AD%D9%88%D9%8A-%D9%88%D8%A7%D9%84%D8%A5%D9%85%D9%84%D8%A7%D8%A6%D9%8A-%D9%88%D8%A7%D9%84%D8%B5%D9%8A%D8%A7%D8%BA%D8%A9-%D8%A8%D8%A3%D8%B3%D9%84%D9%88%D8%A8-%D8%A3%D9%81%D8%B6%D9%84,5.0,19,42 دقيقة,24,0,$5.00,يوم واحد,19,5,155.0,إسراء ص.,https://khamsat.com/user/israasalah,True,بائع مميز,5.0,32,93.06%,4,32,3 ساعات
كتابة وترجمة,https://khamsat.com/writing,تدقيق لغوي,https://khamsat.com/writing/proofreading,التدقيق اللغوي الشامل لكافة النصوص باللغة العربية,https://khamsat.com/writing/proofreading/2806178-%D8%A7%D9%84%D8%AA%D8%AF%D9%82%D9%8A%D9%82-%D8%A7%D9%84%D9%84%D8%BA%D9%88%D9%8A-%D8%A7%D9%84%D8%B4%D8%A7%D9%85%D9%84-%D9%84%D9%83%D8%A7%D9%81%D8%A9-%D8%A7%D9%84%D9%86%D8%B5%D9%88%D8%B5-%D8%A8%D8%A7%D9%84%D9%84%D8%BA%D8%A9-%D8%A7%D9%84%D8%B9%D8%B1%D8%A8%D9%8A%D8%A9,4.5,11,3 ساعات,16,0,$5.00,يوم واحد,11,5,260.0,.Asmaa M,https://khamsat.com/user/asa_hema76m,True,بائع نشيط,4.5,11,95.0%,1,16,3 ساعات
كتابة وترجمة,https://khamsat.com/writing,تدقيق لغوي,https://khamsat.com/writing/proofreading,تدقيق لغوي لكافة الكتب والأبحاث باللغة العربية,https://khamsat.com/writing/proofreading/1720343-%D8%AA%D8%AF%D9%82%D9%8A%D9%82-%D9%84%D8%BA%D9%88%D9%8A-%D9%84%D9%83%D8%A7%D9%81%D8%A9-%D8%A7%D9%84%D9%83%D8%AA%D8%A8-%D9%88%D8%A7%D9%84%D8%A3%D8%A8%D8%AD%D8%A7%D8%AB-%D8%A8%D8%A7%D9%84%D9%84%D8%BA%D8%A9-%D8%A7%D9%84%D8%B9%D8%B1%D8%A8%D9%8A%D8%A9,4.5,51,8 دقائق,71,0,$5.00,يوم واحد,25,5,415.0,محمد ا.,https://khamsat.com/user/hhydra,True,بائع مميز,4.5,73,97.24%,4,84,5 ساعات
كتابة وترجمة,https://khamsat.com/writing,تدقيق لغوي,https://khamsat.com/writing/proofreading,تدقيق لغوي وأدبي لـ مقالات كتب روايات وضبط وتشكيل,https://khamsat.com/writing/proofreading/1402513-%D8%AA%D8%AF%D9%82%D9%8A%D9%82-%D9%84%D8%BA%D9%88%D9%8A-%D9%88%D8%A3%D8%AF%D8%A8%D9%8A-%D9%84%D9%80-%D9%85%D9%82%D8%A7%D9%84%D8%A7%D8%AA-%D9%83%D8%AA%D8%A8-%D8%B1%D9%88%D8%A7%D9%8A%D8%A7%D8%AA-%D9%88%D8%B6%D8%A8%D8%B7-%D9%88%D8%AA%D8%B4%D9%83%D9%8A%D9%84,5.0,68,18 ساعة,84,0,$5.00,يوم واحد,25,5,145.0,ياسر م.,https://khamsat.com/user/%D9%8A%D8%A7%D8%B3%D8%B1-%D9%85%D8%B1%D8%B9%D9%8A,True,بائع مميز,5.0,68,99.47%,1,84,18 ساعة
كتابة وترجمة,https://khamsat.com/writing,تدقيق لغوي,https://khamsat.com/writing/proofreading,تنقيح قصيدتك الشعرية وضبط وزنها بدقة على بحور الشعر العربي,https://khamsat.com/writing/proofreading/988762-%D8%AA%D9%86%D9%82%D9%8A%D8%AD-%D9%82%D8%B5%D9%8A%D8%AF%D8%AA%D9%83-%D8%A7%D9%84%D8%B4%D8%B9%D8%B1%D9%8A%D8%A9-%D9%88%D8%B6%D8%A8%D8%B7-%D9%88%D8%B2%D9%86%D9%87%D8%A7-%D8%A8%D8%AF%D9%82%D8%A9-%D8%B9%D9%84%D9%89-%D8%A8%D8%AD%D9%88%D8%B1-%D8%A7%D9%84%D8%B4%D8%B9%D8%B1-%D8%A7%D9%84%D8%B9%D8%B1%D8%A8%D9%8A,5.0,41,5 ساعات,58,0,$5.00,يومين,25,5,65.0,عبدالرحمن د.,https://khamsat.com/user/%D8%B9%D8%A8%D8%AF%D8%A7%D9%84%D8%B1%D8%AD%D9%85%D9%86-%D8%AF%D8%A7%D8%AF,True,بائع مميز,5.0,53,96.15%,2,69,9 ساعات
كتابة وترجمة,https://khamsat.com/writing,تدقيق لغوي,https://khamsat.com/writing/proofreading,تدقيق لغوي بشكل احترافي,https://khamsat.com/writing/proofreading/673850-%D8%AA%D8%AF%D9%82%D9%8A%D9%82-%D9%84%D8%BA%D9%88%D9%8A-%D8%A8%D8%B4%D9%83%D9%84-%D8%A7%D8%AD%D8%AA%D8%B1%D8%A7%D9%81%D9%8A,5.0,26,43 دقيقة,36,0,$5.00,يوم واحد,25,4,80.0,أحمد ج.,https://khamsat.com/user/%D8%A3%D8%AD%D9%85%D8%AF-%D8%AC%D9%85%D8%A7%D9%84-%D8%A7%D9%84%D9%87%D8%A7%D8%AF%D9%8A,True,بائع مميز,5.0,124,98.39%,2,158,34 دقيقة
كتابة وترجمة,https://khamsat.com/writing,تدقيق لغوي,https://khamsat.com/writing/proofreading,تدقيق لغوي كلمات ألمانية فرنسية,https://khamsat.com/writing/proofreading/2141866-%D8%AA%D8%AF%D9%82%D9%8A%D9%82-%D9%84%D8%BA%D9%88%D9%8A-%D9%83%D9%84%D9%85%D8%A7%D8%AA-%D8%A3%D9%84%D9%85%D8%A7%D9%86%D9%8A%D8%A9-%D9%81%D8%B1%D9%86%D8%B3%D9%8A%D8%A9,5.0,4,26 دقيقة,6,0,$5.00,يوم واحد,4,5,85.0,أحمد ك.,https://khamsat.com/user/d_a_kriouet,True,بائع نشيط,5.0,21,94.44%,5,23,35 دقيقة
كتابة وترجمة,https://khamsat.com/writing,تدقيق لغوي,https://khamsat.com/writing/proofreading,تدقيق لغوي ومراجعة احترافية للنصوص العربية والإنجليزية,https://khamsat.com/writing/proofreading/1923885-%D8%AA%D8%AF%D9%82%D9%8A%D9%82-%D9%84%D8%BA%D9%88%D9%8A-%D9%88%D9%85%D8%B1%D8%A7%D8%AC%D8%B9%D8%A9-%D8%A7%D8%AD%D8%AA%D8%B1%D8%A7%D9%81%D9%8A%D8%A9-%D9%84%D9%84%D9%86%D8%B5%D9%88%D8%B5-%D8%A7%D9%84%D8%B9%D8%B1%D8%A8%D9%8A%D8%A9-%D9%88%D8%A7%D9%84%D8%A5%D9%86%D8%AC%D9%84%D9%8A%D8%B2%D9%8A%D8%A9,5.0,9,7 دقائق,11,0,$5.00,يوم واحد,9,2,20.0,.Saria A,https://khamsat.com/user/%D8%B3%D8%A7%D8%B1%D9%8A%D8%A9-%D8%A7%D9%84%D8%B9%D8%B4,True,بائع مميز,5.0,72,99.35%,3,107,ساعة
كتابة وترجمة,https://khamsat.com/writing,تدقيق لغوي,https://khamsat.com/writing/proofreading,تدقيق لغوي ونحوي لكل أنواع النصوص,https://khamsat.com/writing/proofreading/2898807-%D8%AA%D8%AF%D9%82%D9%8A%D9%82-%D9%84%D8%BA%D9%88%D9%8A-%D9%88%D9%86%D8%AD%D9%88%D9%8A-%D9%84%D9%83%D9%84-%D8%A3%D9%86%D9%88%D8%A7%D8%B9-%D8%A7%D9%84%D9%86%D8%B5%D9%88%D8%B5,5.0,1,9 ساعات,1,0,$5.00,يوم واحد,1,3,55.0,.Naira S,https://khamsat.com/user/naira_shafik,True,بائع جديد,5.0,1,100.0%,2,1,9 ساعات
كتابة وترجمة,https://khamsat.com/writing,تدقيق لغوي,https://khamsat.com/writing/proofreading,تدقيق لغوى نحوي إملائي وبلاغي,https://khamsat.com/writing/proofreading/787459-%D8%AA%D8%AF%D9%82%D9%8A%D9%82-%D9%84%D8%BA%D9%88%D9%89-%D9%86%D8%AD%D9%88%D9%8A-%D8%A5%D9%85%D9%84%D8%A7%D8%A6%D9%8A-%D9%88%D8%A8%D9%84%D8%A7%D8%BA%D9%8A,5.0,98,ساعتين,150,0,$5.00,يوم واحد,25,5,150.0,.Ahmed A,https://khamsat.com/user/ahmed-abdsalam,True,بائع مميز,5.0,103,94.85%,2,155,11 ساعة
كتابة وترجمة,https://khamsat.com/writing,تدقيق لغوي,https://khamsat.com/writing/proofreading,تدقيق لغوي ونحوي واملائي للمقالات والابحاث,https://khamsat.com/writing/proofreading/1846055-%D8%AA%D8%AF%D9%82%D9%8A%D9%82-%D9%84%D8%BA%D9%88%D9%8A-%D9%88%D9%86%D8%AD%D9%88%D9%8A-%D9%88%D8%A7%D9%85%D9%84%D8%A7%D8%A6%D9%8A-%D9%84%D9%84%D9%85%D9%82%D8%A7%D9%84%D8%A7%D8%AA-%D9%88%D8%A7%D9%84%D8%A7%D8%A8%D8%AD%D8%A7%D8%AB,5.0,53,17 دقيقة,66,0,$5.00,يوم واحد,25,5,190.0,خلود س.,https://khamsat.com/user/kholoud_saad,True,بائع مميز,5.0,83,98.94%,3,89,41 دقيقة
كتابة وترجمة,https://khamsat.com/writing,تدقيق لغوي,https://khamsat.com/writing/proofreading,التَّدقيق اللغويُّ لجميع الكتب والبحوث والمستندات,https://khamsat.com/writing/proofreading/2667533-%D8%A7%D9%84%D8%AA%D8%AF%D9%82%D9%8A%D9%82-%D8%A7%D9%84%D9%84%D8%BA%D9%88%D9%8A-%D9%84%D8%AC%D9%85%D9%8A%D8%B9-%D8%A7%D9%84%D9%83%D8%AA%D8%A8-%D9%88%D8%A7%D9%84%D8%A8%D8%AD%D9%88%D8%AB-%D9%88%D8%A7%D9%84%D9%85%D8%B3%D8%AA%D9%86%D8%AF%D8%A7%D8%AA,5.0,15,20 ساعة,16,0,$5.00,ثلاثة أسابيع,15,5,215.0,عبد الرحمن س.,https://khamsat.com/user/abdurrahmane,True,بائع مميز,5.0,19,87.72%,2,21,20 ساعة
كتابة وترجمة,https://khamsat.com/writing,تدقيق لغوي,https://khamsat.com/writing/proofreading,التدقيق اللغوي لجميع أنواع النصوص نحوياً وإملائياً,https://khamsat.com/writing/proofreading/1668300-%D8%A7%D9%84%D8%AA%D8%AF%D9%82%D9%8A%D9%82-%D8%A7%D9%84%D9%84%D8%BA%D9%88%D9%8A-%D9%84%D8%AC%D9%85%D9%8A%D8%B9-%D8%A3%D9%86%D9%88%D8%A7%D8%B9-%D8%A7%D9%84%D9%86%D8%B5%D9%88%D8%B5-%D9%86%D8%AD%D9%88%D9%8A%D8%A7-%D9%88%D8%A5%D9%85%D9%84%D8%A7%D8%A6%D9%8A%D8%A7,5.0,15,ساعة,17,0,$5.00,يوم واحد,15,4,255.0,زهير ح.,https://khamsat.com/user/zouhair_homayda,True,بائع مميز,5.0,42,95.56%,5,42,3 ساعات
كتابة وترجمة,https://khamsat.com/writing,تدقيق لغوي,https://khamsat.com/writing/proofreading,خدمة تشكيل كلمات اللغة العربية,https://khamsat.com/writing/proofreading/2377998-%D8%AE%D8%AF%D9%85%D8%A9-%D8%AA%D8%B4%D9%83%D9%8A%D9%84-%D9%83%D9%84%D9%85%D8%A7%D8%AA-%D8%A7%D9%84%D9%84%D8%BA%D8%A9-%D8%A7%D9%84%D8%B9%D8%B1%D8%A8%D9%8A%D8%A9,5.0,8,21 ساعة,8,0,$10.00,يوم واحد,8,1,10.0,علاء ا.,https://khamsat.com/user/alaashrafi_1,True,بائع مميز,5.0,21,97.37%,3,22,13 ساعة
كتابة وترجمة,https://khamsat.com/writing,تدقيق لغوي,https://khamsat.com/writing/proofreading,تدقيق وتصحيح وزن الشعر حسب علم العروض والقافية,https://khamsat.com/writing/proofreading/1904680-%D8%AA%D8%AF%D9%82%D9%8A%D9%82-%D9%88%D8%AA%D8%B5%D8%AD%D9%8A%D8%AD-%D9%88%D8%B2%D9%86-%D8%A7%D9%84%D8%B4%D8%B9%D8%B1-%D8%AD%D8%B3%D8%A8-%D8%B9%D9%84%D9%85-%D8%A7%D9%84%D8%B9%D8%B1%D9%88%D8%B6-%D9%88%D8%A7%D9%84%D9%82%D8%A7%D9%81%D9%8A%D8%A9,5.0,5,26 دقيقة,5,0,$5.00,يوم واحد,5,5,75.0,مأمون ح.,https://khamsat.com/user/mamoon_ma,True,بائع نشيط,5.0,8,100.0%,4,6,46 دقيقة
كتابة وترجمة,https://khamsat.com/writing,تدقيق لغوي,https://khamsat.com/writing/proofreading,تدقيق وتحرير ومراجعة شاملة - جبر النغم لعثرات القلم,https://khamsat.com/writing/proofreading/1275710-%D8%AA%D8%AF%D9%82%D9%8A%D9%82-%D9%88%D8%AA%D8%AD%D8%B1%D9%8A%D8%B1-%D9%88%D9%85%D8%B1%D8%A7%D8%AC%D8%B9%D8%A9-%D8%B4%D8%A7%D9%85%D9%84%D8%A9-%D8%AC%D8%A8%D8%B1-%D8%A7%D9%84%D9%86%D8%BA%D9%85-%D9%84%D8%B9%D8%AB%D8%B1%D8%A7%D8%AA-%D8%A7%D9%84%D9%82%D9%84%D9%85,5.0,39,ساعتين,57,0,$5.00,يوم واحد,25,4,35.0,عمر ع.,https://khamsat.com/user/osb910,True,بائع مميز,5.0,44,95.48%,2,61,ساعة
كتابة وترجمة,https://khamsat.com/writing,تدقيق لغوي,https://khamsat.com/writing/proofreading,خدمة التشكيل الكلي والجزئي للنصوص باحترافية وبجودة لا تُضاهى,https://khamsat.com/writing/proofreading/1583391-%D8%AE%D8%AF%D9%85%D8%A9-%D8%A7%D9%84%D8%AA%D8%B4%D9%83%D9%8A%D9%84-%D8%A7%D9%84%D9%83%D9%84%D9%8A-%D9%88%D8%A7%D9%84%D8%AC%D8%B2%D8%A6%D9%8A-%D9%84%D9%84%D9%86%D8%B5%D9%88%D8%B5-%D8%A8%D8%A7%D8%AD%D8%AA%D8%B1%D8%A7%D9%81%D9%8A%D8%A9-%D9%88%D8%A8%D8%AC%D9%88%D8%AF%D8%A9-%D9%84%D8%A7-%D8%AA%D8%B6%D8%A7%D9%87%D9%89,5.0,2,6 ساعات,2,0,$5.00,يوم واحد,2,4,300.0,محمد ح.,https://khamsat.com/user/mohamed_h_h,True,بائع نشيط,5.0,9,70.83%,3,8,5 ساعات
كتابة وترجمة,https://khamsat.com/writing,تدقيق لغوي,https://khamsat.com/writing/proofreading,تدقيق لغوي للأبحاث العلمية المكتوبة بالإنجليزية,https://khamsat.com/writing/proofreading/627306-%D8%AA%D8%AF%D9%82%D9%8A%D9%82-%D9%84%D8%BA%D9%88%D9%8A-%D9%84%D9%84%D8%A3%D8%A8%D8%AD%D8%A7%D8%AB-%D8%A7%D9%84%D8%B9%D9%84%D9%85%D9%8A%D8%A9-%D8%A7%D9%84%D9%85%D9%83%D8%AA%D9%88%D8%A8%D8%A9-%D8%A8%D8%A7%D9%84%D8%A5%D9%86%D8%AC%D9%84%D9%8A%D8%B2%D9%8A%D8%A9,5.0,38,17 ساعة,59,0,$5.00,ثلاثة أيام,25,4,360.0,محمد م.,https://khamsat.com/user/active-man,True,بائع مميز,5.0,58,97.58%,2,77,يوم
كتابة وترجمة,https://khamsat.com/writing,تدقيق لغوي,https://khamsat.com/writing/proofreading,خدمة التدقيق اللغوي للرسائل العلمية,https://khamsat.com/writing/proofreading/2913864-%D8%AE%D8%AF%D9%85%D8%A9-%D8%A7%D9%84%D8%AA%D8%AF%D9%82%D9%8A%D9%82-%D8%A7%D9%84%D9%84%D8%BA%D9%88%D9%8A-%D9%84%D9%84%D8%B1%D8%B3%D8%A7%D8%A6%D9%84-%D8%A7%D9%84%D8%B9%D9%84%D9%85%D9%8A%D8%A9,5.0,1,ساعة,3,0,$10.00,يوم واحد,1,2,25.0,مها ط.,https://khamsat.com/user/mermaidyoz,True,بائع جديد,5.0,1,100.0%,1,3,ساعة
كتابة وترجمة,https://khamsat.com/writing,تدقيق لغوي,https://khamsat.com/writing/proofreading,التدقيق اللغوي، النحوي، والإملائي للنصوص باللغة العربية,https://khamsat.com/writing/proofreading/2254460-%D8%A7%D9%84%D8%AA%D8%AF%D9%82%D9%8A%D9%82-%D8%A7%D9%84%D9%84%D8%BA%D9%88%D9%8A-%D8%A7%D9%84%D9%86%D8%AD%D9%88%D9%8A-%D9%88%D8%A7%D9%84%D8%A5%D9%85%D9%84%D8%A7%D8%A6%D9%8A-%D9%84%D9%84%D9%86%D8%B5%D9%88%D8%B5-%D8%A8%D8%A7%D9%84%D9%84%D8%BA%D8%A9-%D8%A7%D9%84%D8%B9%D8%B1%D8%A8%D9%8A%D8%A9,5.0,7,17 ساعة,8,0,$5.00,يومين,7,5,85.0,سارة ع.,https://khamsat.com/user/sarraahmad,True,بائع نشيط,5.0,12,95.0%,4,10,20 ساعة
كتابة وترجمة,https://khamsat.com/writing,تدقيق لغوي,https://khamsat.com/writing/proofreading,التدقيق اللغوي والإملائي ومراجعة النصوص,https://khamsat.com/writing/proofreading/2598207-%D8%A7%D9%84%D8%AA%D8%AF%D9%82%D9%8A%D9%82-%D8%A7%D9%84%D9%84%D8%BA%D9%88%D9%8A-%D9%88%D8%A7%D9%84%D8%A5%D9%85%D9%84%D8%A7%D8%A6%D9%8A-%D9%88%D9%85%D8%B1%D8%A7%D8%AC%D8%B9%D8%A9-%D8%A7%D9%84%D9%86%D8%B5%D9%88%D8%B5,5.0,15,57 دقيقة,21,0,$5.00,أربعة أيام,15,5,65.0,.Ahmed H,https://khamsat.com/user/ahmed_hamdy_moahmed,True,بائع نشيط,5.0,15,86.79%,2,21,31 دقيقة
كتابة وترجمة,https://khamsat.com/writing,تدقيق لغوي,https://khamsat.com/writing/proofreading,تدقيق ومراجعة لغوية لجميع أنواع النصوص باللغة الإنجليزية,https://khamsat.com/writing/proofreading/631556-%D8%AA%D8%AF%D9%82%D9%8A%D9%82-%D9%88%D9%85%D8%B1%D8%A7%D8%AC%D8%B9%D8%A9-%D9%84%D8%BA%D9%88%D9%8A%D8%A9-%D9%84%D8%AC%D9%85%D9%8A%D8%B9-%D8%A3%D9%86%D9%88%D8%A7%D8%B9-%D8%A7%D9%84%D9%86%D8%B5%D9%88%D8%B5-%D8%A8%D8%A7%D9%84%D9%84%D8%BA%D8%A9-%D8%A7%D9%84%D8%A5%D9%86%D8%AC%D9%84%D9%8A%D8%B2%D9%8A%D8%A9,5.0,124,ساعة,223,0,$10.00,يومين,25,5,90.0,أحمد ع.,https://khamsat.com/user/ahmedalaaeldin,True,بائع مميز,5.0,193,97.78%,6,312,3 ساعات
كتابة وترجمة,https://khamsat.com/writing,تدقيق لغوي,https://khamsat.com/writing/proofreading,التدقيق اللغوي الشامل لكافة النصوص و الكتب و المقالات,https://khamsat.com/writing/proofreading/2746821-%D8%A7%D9%84%D8%AA%D8%AF%D9%82%D9%8A%D9%82-%D8%A7%D9%84%D9%84%D8%BA%D9%88%D9%8A-%D8%A7%D9%84%D8%B4%D8%A7%D9%85%D9%84-%D9%84%D9%83%D8%A7%D9%81%D8%A9-%D8%A7%D9%84%D9%86%D8%B5%D9%88%D8%B5-%D9%88-%D8%A7%D9%84%D9%83%D8%AA%D8%A8-%D9%88-%D8%A7%D9%84%D9%85%D9%82%D8%A7%D9%84%D8%A7%D8%AA,5.0,5,27 دقيقة,7,0,$5.00,يومين,5,4,95.0,زينب م.,https://khamsat.com/user/z1e2i_4,True,بائع نشيط,5.0,5,100.0%,1,7,27 دقيقة
كتابة وترجمة,https://khamsat.com/writing,تدقيق لغوي,https://khamsat.com/writing/proofreading,تدقيق لغوي وتنسيق للنصوص,https://khamsat.com/writing/proofreading/7395-%D8%AA%D8%AF%D9%82%D9%8A%D9%82-%D9%84%D8%BA%D9%88%D9%8A-%D9%88%D8%AA%D9%86%D8%B3%D9%8A%D9%82-%D9%84%D9%84%D9%86%D8%B5%D9%88%D8%B5,5.0,33,دقيقتين,51,0,$5.00,يوم واحد,25,4,50.0,.Hisham A,https://khamsat.com/user/hishama,True,بائع موثوق,5.0,258,88.26%,8,409,3 ساعات
كتابة وترجمة,https://khamsat.com/writing,تدقيق لغوي,https://khamsat.com/writing/proofreading,مقابلة نُسَخ المخطوطات العربية وإثبات الفروق بينها,https://khamsat.com/writing/proofreading/2793485-%D9%85%D9%82%D8%A7%D8%A8%D9%84%D8%A9-%D9%86%D8%B3%D8%AE-%D8%A7%D9%84%D9%85%D8%AE%D8%B7%D9%88%D8%B7%D8%A7%D8%AA-%D8%A7%D9%84%D8%B9%D8%B1%D8%A8%D9%8A%D8%A9-%D9%88%D8%A5%D8%AB%D8%A8%D8%A7%D8%AA-%D8%A7%D9%84%D9%81%D8%B1%D9%88%D9%82-%D8%A8%D9%8A%D9%86%D9%87%D8%A7,5.0,2,9 ساعات,2,0,$10.00,أسبوع,2,5,240.0,.Fatima M,https://khamsat.com/user/m_fatima,True,بائع جديد,5.0,4,100.0%,4,4,5 ساعات
كتابة وترجمة,https://khamsat.com/writing,تدقيق لغوي,https://khamsat.com/writing/proofreading,تنقيح الأطروحات الجامعية والأوراق البحثية الهندسة,https://khamsat.com/writing/proofreading/2177343-%D8%AA%D9%86%D9%82%D9%8A%D8%AD-%D8%A7%D9%84%D8%A3%D8%B7%D8%B1%D9%88%D8%AD%D8%A7%D8%AA-%D8%A7%D9%84%D8%AC%D8%A7%D9%85%D8%B9%D9%8A%D8%A9-%D9%88%D8%A7%D9%84%D8%A3%D9%88%D8%B1%D8%A7%D9%82-%D8%A7%D9%84%D8%A8%D8%AD%D8%AB%D9%8A%D8%A9-%D8%A7%D9%84%D9%87%D9%86%D8%AF%D8%B3%D8%A9,5.0,9,22 ساعة,14,0,$5.00,يوم واحد,9,3,135.0,.Lina Bassam S,https://khamsat.com/user/dr_lina2usa,True,بائع مميز,5.0,52,92.95%,9,52,5 ساعات
كتابة وترجمة,https://khamsat.com/writing,تدقيق لغوي,https://khamsat.com/writing/proofreading,تدقيق لغوي ونحوي وإملائي,https://khamsat.com/writing/proofreading/1135042-%D8%AA%D8%AF%D9%82%D9%8A%D9%82-%D9%84%D8%BA%D9%88%D9%8A-%D9%88%D9%86%D8%AD%D9%88%D9%8A-%D9%88%D8%A5%D9%85%D9%84%D8%A7%D8%A6%D9%8A,5.0,85,6 دقائق,132,0,$5.00,يومين,25,5,150.0,سلام أ.,https://khamsat.com/user/%D8%B3%D9%84%D8%A7%D9%85-%D8%A3%D8%AD%D9%85%D8%AF,True,بائع مميز,5.0,171,98.31%,8,200,46 دقيقة
كتابة وترجمة,https://khamsat.com/writing,تدقيق لغوي,https://khamsat.com/writing/proofreading,تدقيق لغوي للنصوص الفرنسية,https://khamsat.com/writing/proofreading/2347493-%D8%AA%D8%AF%D9%82%D9%8A%D9%82-%D9%84%D8%BA%D9%88%D9%8A-%D9%84%D9%84%D9%86%D8%B5%D9%88%D8%B5-%D8%A7%D9%84%D9%81%D8%B1%D9%86%D8%B3%D9%8A%D8%A9,5.0,3,15 ساعة,5,0,$5.00,يوم واحد,3,2,15.0,اكرام ط.,https://khamsat.com/user/noor_taibi871,True,بائع جديد,5.0,3,100.0%,3,5,7 ساعات
كتابة وترجمة,https://khamsat.com/writing,تدقيق لغوي,https://khamsat.com/writing/proofreading,تدقيق نحوي وإملائي للنصوص بجميع أنواعها,https://khamsat.com/writing/proofreading/561922-%D8%AA%D8%AF%D9%82%D9%8A%D9%82-%D9%86%D8%AD%D9%88%D9%8A-%D9%88%D8%A5%D9%85%D9%84%D8%A7%D8%A6%D9%8A-%D9%84%D9%84%D9%86%D8%B5%D9%88%D8%B5-%D8%A8%D8%AC%D9%85%D9%8A%D8%B9-%D8%A3%D9%86%D9%88%D8%A7%D8%B9%D9%87%D8%A7,5.0,15,دقيقتين,17,0,$5.00,يوم واحد,15,3,160.0,.Mahmoud M,https://khamsat.com/user/mamado2011,True,بائع مميز,5.0,67,84.11%,1,85,8 ساعات
كتابة وترجمة,https://khamsat.com/writing,صياغة وفحص اقتباس,https://khamsat.com/writing/check-plagiarism-and-paraphrasing,تقليل نسبة الإقتباس وإعادة الصياغة للملفات الإنجليزي,https://khamsat.com/writing/check-plagiarism-and-paraphrasing/2414979-%D8%AA%D9%82%D9%84%D9%8A%D9%84-%D9%86%D8%B3%D8%A8%D8%A9-%D8%A7%D9%84%D8%A5%D9%82%D8%AA%D8%A8%D8%A7%D8%B3-%D9%88%D8%A5%D8%B9%D8%A7%D8%AF%D8%A9-%D8%A7%D9%84%D8%B5%D9%8A%D8%A7%D8%BA%D8%A9-%D9%84%D9%84%D9%85%D9%84%D9%81%D8%A7%D8%AA-%D8%A7%D9%84%D8%A5%D9%86%D8%AC%D9%84%D9%8A%D8%B2%D9%8A,4.5,6,3 ساعات,11,0,$5.00,يوم واحد,6,3,35.0,وناسة ب.,https://khamsat.com/user/wanassa_belaid,True,بائع مميز,4.5,18,97.61%,2,30,3 ساعات
كتابة وترجمة,https://khamsat.com/writing,صياغة وفحص اقتباس,https://khamsat.com/writing/check-plagiarism-and-paraphrasing,قياس نسبة الاقتباس أو الاستلال أو الانتحال,https://khamsat.com/writing/check-plagiarism-and-paraphrasing/2035343-%D9%82%D9%8A%D8%A7%D8%B3-%D9%86%D8%B3%D8%A8%D8%A9-%D8%A7%D9%84%D8%A7%D9%82%D8%AA%D8%A8%D8%A7%D8%B3-%D8%A3%D9%88-%D8%A7%D9%84%D8%A7%D8%B3%D8%AA%D9%84%D8%A7%D9%84-%D8%A3%D9%88-%D8%A7%D9%84%D8%A7%D9%86%D8%AA%D8%AD%D8%A7%D9%84,5.0,15,ساعة,23,0,$5.00,يوم واحد,15,1,5.0,أمل ح.,https://khamsat.com/user/amlhamdan,True,بائع مميز,5.0,16,100.0%,2,24,ساعة
كتابة وترجمة,https://khamsat.com/writing,صياغة وفحص اقتباس,https://khamsat.com/writing/check-plagiarism-and-paraphrasing,قياس نسبة الاقتباس ومراجعة البحوث.,https://khamsat.com/writing/check-plagiarism-and-paraphrasing/2083807-%D9%82%D9%8A%D8%A7%D8%B3-%D9%86%D8%B3%D8%A8%D8%A9-%D8%A7%D9%84%D8%A7%D9%82%D8%AA%D8%A8%D8%A7%D8%B3-%D9%88%D9%85%D8%B1%D8%A7%D8%AC%D8%B9%D8%A9-%D8%A7%D9%84%D8%A8%D8%AD%D9%88%D8%AB,5.0,9,5 دقائق,10,0,$5.00,ثلاثة أيام,9,5,150.0,ماهر ج.,https://khamsat.com/user/%D9%85%D8%A7%D9%87%D8%B1-%D8%AC%D9%84%D8%A7%D9%84,True,بائع مميز,4.5,73,95.49%,2,91,3 ساعات
كتابة وترجمة,https://khamsat.com/writing,صياغة وفحص اقتباس,https://khamsat.com/writing/check-plagiarism-and-paraphrasing,قياس نسبة الاقتباس لرسائل الماجستير والدكتوراة والبحث العلمي,https://khamsat.com/writing/check-plagiarism-and-paraphrasing/2852965-%D9%82%D9%8A%D8%A7%D8%B3-%D9%86%D8%B3%D8%A8%D8%A9-%D8%A7%D9%84%D8%A7%D9%82%D8%AA%D8%A8%D8%A7%D8%B3-%D9%84%D8%B1%D8%B3%D8%A7%D8%A6%D9%84-%D8%A7%D9%84%D9%85%D8%A7%D8%AC%D8%B3%D8%AA%D9%8A%D8%B1-%D9%88%D8%A7%D9%84%D8%AF%D9%83%D8%AA%D9%88%D8%B1%D8%A7%D8%A9-%D9%88%D8%A7%D9%84%D8%A8%D8%AD%D8%AB-%D8%A7%D9%84%D8%B9%D9%84%D9%85%D9%8A,5.0,5,3 ساعات,5,0,$5.00,يوم واحد,5,4,55.0,.Al Hasan A,https://khamsat.com/user/al_hasan_al_mala,True,بائع مميز,4.5,55,98.0%,11,45,ساعة
كتابة وترجمة,https://khamsat.com/writing,صياغة وفحص اقتباس,https://khamsat.com/writing/check-plagiarism-and-paraphrasing,فحص نسبة الإقتباس للبحث العلمى دراسة، ورقة بحثية,https://khamsat.com/writing/check-plagiarism-and-paraphrasing/2868502-%D9%81%D8%AD%D8%B5-%D9%86%D8%B3%D8%A8%D8%A9-%D8%A7%D9%84%D8%A5%D9%82%D8%AA%D8%A8%D8%A7%D8%B3-%D9%84%D9%84%D8%A8%D8%AD%D8%AB-%D8%A7%D9%84%D8%B9%D9%84%D9%85%D9%89-%D8%AF%D8%B1%D8%A7%D8%B3%D8%A9-%D9%88%D8%B1%D9%82%D8%A9-%D8%A8%D8%AD%D8%AB%D9%8A%D8%A9,5.0,1,35 دقيقة,2,0,$10.00,يومين,1,2,10.0,.Islam E,https://khamsat.com/user/islamelolymy,True,بائع نشيط,5.0,4,100.0%,9,7,15 دقيقة
كتابة وترجمة,https://khamsat.com/writing,صياغة وفحص اقتباس,https://khamsat.com/writing/check-plagiarism-and-paraphrasing,إعادة صياغة المقالات والابحاث باللغة العربية,https://khamsat.com/writing/check-plagiarism-and-paraphrasing/2246689-%D8%A5%D8%B9%D8%A7%D8%AF%D8%A9-%D8%B5%D9%8A%D8%A7%D8%BA%D8%A9-%D8%A7%D9%84%D9%85%D9%82%D8%A7%D9%84%D8%A7%D8%AA-%D9%88%D8%A7%D9%84%D8%A7%D8%A8%D8%AD%D8%A7%D8%AB-%D8%A8%D8%A7%D9%84%D9%84%D8%BA%D8%A9-%D8%A7%D9%84%D8%B9%D8%B1%D8%A8%D9%8A%D8%A9,5.0,10,ساعة,12,0,$10.00,يوم واحد,10,4,75.0,.Sara Z,https://khamsat.com/user/sarahzaglol91,True,بائع مميز,5.0,133,94.57%,4,163,ساعة
كتابة وترجمة,https://khamsat.com/writing,صياغة وفحص اقتباس,https://khamsat.com/writing/check-plagiarism-and-paraphrasing,سأعيد صياغة مقالات متوافقة مع ال SEO لأجل موقعك أو مدونتك,https://khamsat.com/writing/check-plagiarism-and-paraphrasing/2275034-%D8%B3%D8%A3%D8%B9%D9%8A%D8%AF-%D8%B5%D9%8A%D8%A7%D8%BA%D8%A9-%D9%85%D9%82%D8%A7%D9%84%D8%A7%D8%AA-%D9%85%D8%AA%D9%88%D8%A7%D9%81%D9%82%D8%A9-%D9%85%D8%B9-%D8%A7%D9%84-seo-%D9%84%D8%A3%D8%AC%D9%84-%D9%85%D9%88%D9%82%D8%B9%D9%83-%D8%A3%D9%88-%D9%85%D8%AF%D9%88%D9%86%D8%AA%D9%83,5.0,1,دقيقة,2,0,$20.00,خمسة أيام,1,5,450.0,صلاح الدين ب.,https://khamsat.com/user/barbarian-swileh,True,بائع مميز,4.5,58,96.15%,6,80,6 ساعات
كتابة وترجمة,https://khamsat.com/writing,صياغة وفحص اقتباس,https://khamsat.com/writing/check-plagiarism-and-paraphrasing,قياس نسبة الاقتباس باستخدام برنامج turnitin,https://khamsat.com/writing/check-plagiarism-and-paraphrasing/2083717-%D9%82%D9%8A%D8%A7%D8%B3-%D9%86%D8%B3%D8%A8%D8%A9-%D8%A7%D9%84%D8%A7%D9%82%D8%AA%D8%A8%D8%A7%D8%B3-%D8%A8%D8%A7%D8%B3%D8%AA%D8%AE%D8%AF%D8%A7%D9%85-%D8%A8%D8%B1%D9%86%D8%A7%D9%85%D8%AC-turnitin,5.0,64,29 دقيقة,76,0,$5.00,يوم واحد,25,4,55.0,.Mohammed R,https://khamsat.com/user/moahmedramdan,True,بائع مميز,5.0,77,96.7%,3,82,5 ساعات
كتابة وترجمة,https://khamsat.com/writing,صياغة وفحص اقتباس,https://khamsat.com/writing/check-plagiarism-and-paraphrasing,إعادة الصياغية بأسلوب علمي مميز,https://khamsat.com/writing/check-plagiarism-and-paraphrasing/2859094-%D8%A5%D8%B9%D8%A7%D8%AF%D8%A9-%D8%A7%D9%84%D8%B5%D9%8A%D8%A7%D8%BA%D9%8A%D8%A9-%D8%A8%D8%A3%D8%B3%D9%84%D9%88%D8%A8-%D8%B9%D9%84%D9%85%D9%8A-%D9%85%D9%85%D9%8A%D8%B2,5.0,4,ساعة,5,0,$5.00,يومين,4,5,75.0,صلاح الدين س.,https://khamsat.com/user/salaheldein1187,True,بائع مميز,5.0,26,100.0%,3,22,3 ساعات
كتابة وترجمة,https://khamsat.com/writing,صياغة وفحص اقتباس,https://khamsat.com/writing/check-plagiarism-and-paraphrasing,تقليل نسبة الإقتباس وإعادة الصياغة للرسائل والابحاث العلمية,https://khamsat.com/writing/check-plagiarism-and-paraphrasing/2856018-%D8%AA%D9%82%D9%84%D9%8A%D9%84-%D9%86%D8%B3%D8%A8%D8%A9-%D8%A7%D9%84%D8%A5%D9%82%D8%AA%D8%A8%D8%A7%D8%B3-%D9%88%D8%A5%D8%B9%D8%A7%D8%AF%D8%A9-%D8%A7%D9%84%D8%B5%D9%8A%D8%A7%D8%BA%D8%A9-%D9%84%D9%84%D8%B1%D8%B3%D8%A7%D8%A6%D9%84-%D9%88%D8%A7%D9%84%D8%A7%D8%A8%D8%AD%D8%A7%D8%AB-%D8%A7%D9%84%D8%B9%D9%84%D9%85%D9%8A%D8%A9,4.5,11,ساعة,16,1,$5.00,يوم واحد,11,1,5.0,.Gamal A,https://khamsat.com/user/g_nassar,True,بائع نشيط,4.5,15,96.67%,5,18,ساعة
كتابة وترجمة,https://khamsat.com/writing,صياغة وفحص اقتباس,https://khamsat.com/writing/check-plagiarism-and-paraphrasing,فحص نسبة الاقتباس في الأبحاث العلمية عبر منصة turnitin,https://khamsat.com/writing/check-plagiarism-and-paraphrasing/2962008-%D9%81%D8%AD%D8%B5-%D9%86%D8%B3%D8%A8%D8%A9-%D8%A7%D9%84%D8%A7%D9%82%D8%AA%D8%A8%D8%A7%D8%B3-%D9%81%D9%8A-%D8%A7%D9%84%D8%A3%D8%A8%D8%AD%D8%A7%D8%AB-%D8%A7%D9%84%D8%B9%D9%84%D9%85%D9%8A%D8%A9-%D8%B9%D8%A8%D8%B1-%D9%85%D9%86%D8%B5%D8%A9-turnitin,5.0,3,3 دقائق,3,0,$5.00,يوم واحد,3,5,170.0,يوسف ص.,https://khamsat.com/user/yusuf_907,True,بائع نشيط,5.0,14,100.0%,5,7,41 دقيقة
كتابة وترجمة,https://khamsat.com/writing,صياغة وفحص اقتباس,https://khamsat.com/writing/check-plagiarism-and-paraphrasing,"تقليل نسبة الاستلال ""Plagiarism"" في أبحاث اللغة الإنكليزية",https://khamsat.com/writing/check-plagiarism-and-paraphrasing/2897409-%D8%AA%D9%82%D9%84%D9%8A%D9%84-%D9%86%D8%B3%D8%A8%D8%A9-%D8%A7%D9%84%D8%A7%D8%B3%D8%AA%D9%84%D8%A7%D9%84-plagiarism-%D9%81%D9%8A-%D8%A3%D8%A8%D8%AD%D8%A7%D8%AB-%D8%A7%D9%84%D9%84%D8%BA%D8%A9-%D8%A7%D9%84%D8%A5%D9%86%D9%83%D9%84%D9%8A%D8%B2%D9%8A%D8%A9,5.0,2,7 دقائق,3,0,$5.00,يوم واحد,2,5,95.0,.Khalil L,https://khamsat.com/user/khalil87,True,بائع مميز,5.0,43,98.92%,12,44,19 دقيقة
كتابة وترجمة,https://khamsat.com/writing,صياغة وفحص اقتباس,https://khamsat.com/writing/check-plagiarism-and-paraphrasing,خدمة قياس الاقتباس العلمي لمقالاتك أواطروحتك,https://khamsat.com/writing/check-plagiarism-and-paraphrasing/2110503-%D8%AE%D8%AF%D9%85%D8%A9-%D9%82%D9%8A%D8%A7%D8%B3-%D8%A7%D9%84%D8%A7%D9%82%D8%AA%D8%A8%D8%A7%D8%B3-%D8%A7%D9%84%D8%B9%D9%84%D9%85%D9%8A-%D9%84%D9%85%D9%82%D8%A7%D9%84%D8%A7%D8%AA%D9%83-%D8%A3%D9%88%D8%A7%D8%B7%D8%B1%D9%88%D8%AD%D8%AA%D9%83,5.0,4,30 دقيقة,7,0,$5.00,يوم واحد,4,0,0.0,.Abderrahim W,https://khamsat.com/user/abderrahimwaga,True,بائع نشيط,5.0,9,80.77%,5,13,ساعة
كتابة وترجمة,https://khamsat.com/writing,صياغة وفحص اقتباس,https://khamsat.com/writing/check-plagiarism-and-paraphrasing,إعادة صياغة بليغة وإبداعية باللغة العربية الفصحى,https://khamsat.com/writing/check-plagiarism-and-paraphrasing/2553256-%D8%A5%D8%B9%D8%A7%D8%AF%D8%A9-%D8%B5%D9%8A%D8%A7%D8%BA%D8%A9-%D8%A8%D9%84%D9%8A%D8%BA%D8%A9-%D9%88%D8%A5%D8%A8%D8%AF%D8%A7%D8%B9%D9%8A%D8%A9-%D8%A8%D8%A7%D9%84%D9%84%D8%BA%D8%A9-%D8%A7%D9%84%D8%B9%D8%B1%D8%A8%D9%8A%D8%A9-%D8%A7%D9%84%D9%81%D8%B5%D8%AD%D9%89,5.0,8,5 ساعات,11,0,$5.00,يومين,8,3,95.0,عبدالرحمن ا.,https://khamsat.com/user/abdelrahman_alksas,True,بائع مميز,5.0,47,93.75%,9,43,ساعة
كتابة وترجمة,https://khamsat.com/writing,صياغة وفحص اقتباس,https://khamsat.com/writing/check-plagiarism-and-paraphrasing,قياس نسبة الاقتباس وتسليمك تقرير كامل,https://khamsat.com/writing/check-plagiarism-and-paraphrasing/1809145-%D9%82%D9%8A%D8%A7%D8%B3-%D9%86%D8%B3%D8%A8%D8%A9-%D8%A7%D9%84%D8%A7%D9%82%D8%AA%D8%A8%D8%A7%D8%B3-%D9%88%D8%AA%D8%B3%D9%84%D9%8A%D9%85%D9%83-%D8%AA%D9%82%D8%B1%D9%8A%D8%B1-%D9%83%D8%A7%D9%85%D9%84,5.0,54,دقيقة,77,0,$5.00,يوم واحد,25,5,150.0,علاء ر.,https://khamsat.com/user/alaa011,True,بائع مميز,5.0,166,91.9%,12,207,ساعة
كتابة وترجمة,https://khamsat.com/writing,صياغة وفحص اقتباس,https://khamsat.com/writing/check-plagiarism-and-paraphrasing,إعادة صياغة المحتوي لتقليل الاقتباس,https://khamsat.com/writing/check-plagiarism-and-paraphrasing/2428052-%D8%A5%D8%B9%D8%A7%D8%AF%D8%A9-%D8%B5%D9%8A%D8%A7%D8%BA%D8%A9-%D8%A7%D9%84%D9%85%D8%AD%D8%AA%D9%88%D9%8A-%D9%84%D8%AA%D9%82%D9%84%D9%8A%D9%84-%D8%A7%D9%84%D8%A7%D9%82%D8%AA%D8%A8%D8%A7%D8%B3,5.0,18,11 ساعة,26,0,$5.00,يوم واحد,18,1,5.0,أيمن ف.,https://khamsat.com/user/ayman_abohafs,True,بائع مميز,5.0,56,93.07%,6,61,13 ساعة
كتابة وترجمة,https://khamsat.com/writing,صياغة وفحص اقتباس,https://khamsat.com/writing/check-plagiarism-and-paraphrasing,كشف محتوى الذكاء الاصطناعي AI بواسطة iThenticate Turnitin,https://khamsat.com/writing/check-plagiarism-and-paraphrasing/2883217-%D9%83%D8%B4%D9%81-%D9%85%D8%AD%D8%AA%D9%88%D9%89-%D8%A7%D9%84%D8%B0%D9%83%D8%A7%D8%A1-%D8%A7%D9%84%D8%A7%D8%B5%D8%B7%D9%86%D8%A7%D8%B9%D9%8A-ai-%D8%A8%D9%88%D8%A7%D8%B3%D8%B7%D8%A9-ithenticate-turnitin,5.0,6,15 دقيقة,8,0,$5.00,يوم واحد,6,4,50.0,.Yaser M,https://khamsat.com/user/fubu05,True,مشتري VIP,5.0,36,97.98%,3,46,8 ساعات
كتابة وترجمة,https://khamsat.com/writing,صياغة وفحص اقتباس,https://khamsat.com/writing/check-plagiarism-and-paraphrasing,قياس نسبة الاقتباس بواسطة برنامج turntin العالمي,https://khamsat.com/writing/check-plagiarism-and-paraphrasing/2852870-%D9%82%D9%8A%D8%A7%D8%B3-%D9%86%D8%B3%D8%A8%D8%A9-%D8%A7%D9%84%D8%A7%D9%82%D8%AA%D8%A8%D8%A7%D8%B3-%D8%A8%D9%88%D8%A7%D8%B3%D8%B7%D8%A9-%D8%A8%D8%B1%D9%86%D8%A7%D9%85%D8%AC-turntin-%D8%A7%D9%84%D8%B9%D8%A7%D9%84%D9%85%D9%8A,4.5,5,ساعتين,8,1,$5.00,يوم واحد,5,0,0.0,أيمن ف.,https://khamsat.com/user/ayman_abohafs,True,بائع مميز,5.0,56,93.07%,6,61,13 ساعة
كتابة وترجمة,https://khamsat.com/writing,صياغة وفحص اقتباس,https://khamsat.com/writing/check-plagiarism-and-paraphrasing,كشف نسبة الاقتباس Turnit in +رومنة المراجع العربية,https://khamsat.com/writing/check-plagiarism-and-paraphrasing/2276793-%D9%83%D8%B4%D9%81-%D9%86%D8%B3%D8%A8%D8%A9-%D8%A7%D9%84%D8%A7%D9%82%D8%AA%D8%A8%D8%A7%D8%B3-turnit-in-%D8%B1%D9%88%D9%85%D9%86%D8%A9-%D8%A7%D9%84%D9%85%D8%B1%D8%A7%D8%AC%D8%B9-%D8%A7%D9%84%D8%B9%D8%B1%D8%A8%D9%8A%D8%A9,5.0,1,5 ساعات,1,0,$5.00,يوم واحد,1,1,20.0,.Hajed A,https://khamsat.com/user/hajedalot,True,مشتري مميز,5.0,1,50.0%,1,2,10 ساعات
كتابة وترجمة,https://khamsat.com/writing,صياغة وفحص اقتباس,https://khamsat.com/writing/check-plagiarism-and-paraphrasing,قياس نسبة الاقتباس للأبحاث العلمية ومشاريع التخرج,https://khamsat.com/writing/check-plagiarism-and-paraphrasing/2277555-%D9%82%D9%8A%D8%A7%D8%B3-%D9%86%D8%B3%D8%A8%D8%A9-%D8%A7%D9%84%D8%A7%D9%82%D8%AA%D8%A8%D8%A7%D8%B3-%D9%84%D9%84%D8%A3%D8%A8%D8%AD%D8%A7%D8%AB-%D8%A7%D9%84%D8%B9%D9%84%D9%85%D9%8A%D8%A9-%D9%88%D9%85%D8%B4%D8%A7%D8%B1%D9%8A%D8%B9-%D8%A7%D9%84%D8%AA%D8%AE%D8%B1%D8%AC,5.0,5,19 دقيقة,6,0,$5.00,يوم واحد,5,0,0.0,عمار ر.,https://khamsat.com/user/amarrabie,True,بائع مميز,4.5,21,98.39%,4,23,26 دقيقة
كتابة وترجمة,https://khamsat.com/writing,صياغة وفحص اقتباس,https://khamsat.com/writing/check-plagiarism-and-paraphrasing,قياس نسبة الاقتباس لرسائل الماجستير والدكتوراة والبحث العلمي,https://khamsat.com/writing/check-plagiarism-and-paraphrasing/2851862-%D9%82%D9%8A%D8%A7%D8%B3-%D9%86%D8%B3%D8%A8%D8%A9-%D8%A7%D9%84%D8%A7%D9%82%D8%AA%D8%A8%D8%A7%D8%B3-%D9%84%D8%B1%D8%B3%D8%A7%D8%A6%D9%84-%D8%A7%D9%84%D9%85%D8%A7%D8%AC%D8%B3%D8%AA%D9%8A%D8%B1-%D9%88%D8%A7%D9%84%D8%AF%D9%83%D8%AA%D9%88%D8%B1%D8%A7%D8%A9-%D9%88%D8%A7%D9%84%D8%A8%D8%AD%D8%AB-%D8%A7%D9%84%D8%B9%D9%84%D9%85%D9%8A,5.0,2,17 دقيقة,2,0,$5.00,يوم واحد,2,0,0.0,.Gamal A,https://khamsat.com/user/g_nassar,True,بائع نشيط,4.5,15,96.67%,5,18,ساعة
كتابة وترجمة,https://khamsat.com/writing,صياغة وفحص اقتباس,https://khamsat.com/writing/check-plagiarism-and-paraphrasing,معرفة نسبة الاقتباس للابحاث والرسائل العلمية,https://khamsat.com/writing/check-plagiarism-and-paraphrasing/1512431-%D9%85%D8%B9%D8%B1%D9%81%D8%A9-%D9%86%D8%B3%D8%A8%D8%A9-%D8%A7%D9%84%D8%A7%D9%82%D8%AA%D8%A8%D8%A7%D8%B3-%D9%84%D9%84%D8%A7%D8%A8%D8%AD%D8%A7%D8%AB-%D9%88%D8%A7%D9%84%D8%B1%D8%B3%D8%A7%D8%A6%D9%84-%D8%A7%D9%84%D8%B9%D9%84%D9%85%D9%8A%D8%A9,0.0,0,يوم,1,0,$5.00,يوم واحد,0,0,0.0,.Ahmed A,https://khamsat.com/user/ahmedabdelaziz22,True,بائع نشيط,5.0,5,85.71%,3,7,11 ساعة
كتابة وترجمة,https://khamsat.com/writing,صياغة وفحص اقتباس,https://khamsat.com/writing/check-plagiarism-and-paraphrasing,إعادة صياغة Paraphrasing لأي نص باللغة الإنجليزية,https://khamsat.com/writing/check-plagiarism-and-paraphrasing/2011174-%D8%A5%D8%B9%D8%A7%D8%AF%D8%A9-%D8%B5%D9%8A%D8%A7%D8%BA%D8%A9-paraphrasing-%D9%84%D8%A3%D9%8A-%D9%86%D8%B5-%D8%A8%D8%A7%D9%84%D9%84%D8%BA%D8%A9-%D8%A7%D9%84%D8%A5%D9%86%D8%AC%D9%84%D9%8A%D8%B2%D9%8A%D8%A9,5.0,13,4 ساعات,18,0,$5.00,يومين,13,4,65.0,.Sara E,https://khamsat.com/user/saraabdoelrayes,True,بائع مميز,5.0,152,97.88%,5,167,3 ساعات
كتابة وترجمة,https://khamsat.com/writing,صياغة وفحص اقتباس,https://khamsat.com/writing/check-plagiarism-and-paraphrasing,تحليل دقيق لنسبة الاقتباس مع تقرير مفصل,https://khamsat.com/writing/check-plagiarism-and-paraphrasing/2937419-%D8%AA%D8%AD%D9%84%D9%8A%D9%84-%D8%AF%D9%82%D9%8A%D9%82-%D9%84%D9%86%D8%B3%D8%A8%D8%A9-%D8%A7%D9%84%D8%A7%D9%82%D8%AA%D8%A8%D8%A7%D8%B3-%D9%85%D8%B9-%D8%AA%D9%82%D8%B1%D9%8A%D8%B1-%D9%85%D9%81%D8%B5%D9%84,5.0,1,7 ساعات,1,0,$5.00,يوم واحد,1,5,170.0,.Khaled A,https://khamsat.com/user/khaledfallah1972,True,بائع نشيط,4.5,18,100.0%,7,13,ساعتين
كتابة وترجمة,https://khamsat.com/writing,صياغة وفحص اقتباس,https://khamsat.com/writing/check-plagiarism-and-paraphrasing,صياغة كتب رسمية بصيغة احترافية تناسب احتياجاتك,https://khamsat.com/writing/check-plagiarism-and-paraphrasing/3015012-%D8%B5%D9%8A%D8%A7%D8%BA%D8%A9-%D9%83%D8%AA%D8%A8-%D8%B1%D8%B3%D9%85%D9%8A%D8%A9-%D8%A8%D8%B5%D9%8A%D8%BA%D8%A9-%D8%A7%D8%AD%D8%AA%D8%B1%D8%A7%D9%81%D9%8A%D8%A9-%D8%AA%D9%86%D8%A7%D8%B3%D8%A8-%D8%A7%D8%AD%D8%AA%D9%8A%D8%A7%D8%AC%D8%A7%D8%AA%D9%83,0.0,0,لم يحسب,0,0,$5.00,يوم واحد,0,0,0.0,يوسف م.,https://khamsat.com/user/yousefgeek,True,بائع مميز,4.5,34,68.97%,4,49,يومين
كتابة وترجمة,https://khamsat.com/writing,صياغة وفحص اقتباس,https://khamsat.com/writing/check-plagiarism-and-paraphrasing,إعادة الصياغة وتقليل الإقتباس بصورة إحترافية,https://khamsat.com/writing/check-plagiarism-and-paraphrasing/2978770-%D8%A5%D8%B9%D8%A7%D8%AF%D8%A9-%D8%A7%D9%84%D8%B5%D9%8A%D8%A7%D8%BA%D8%A9-%D9%88%D8%AA%D9%82%D9%84%D9%8A%D9%84-%D8%A7%D9%84%D8%A5%D9%82%D8%AA%D8%A8%D8%A7%D8%B3-%D8%A8%D8%B5%D9%88%D8%B1%D8%A9-%D8%A5%D8%AD%D8%AA%D8%B1%D8%A7%D9%81%D9%8A%D8%A9,0.0,0,لم يحسب,0,0,$5.00,يوم واحد,0,3,30.0,.Mahmoud G,https://khamsat.com/user/m_gheith1,True,بائع جديد,0.0,0,لم يحسب بعد,1,0,لم يحسب
كتابة وترجمة,https://khamsat.com/writing,صياغة وفحص اقتباس,https://khamsat.com/writing/check-plagiarism-and-paraphrasing,تحويل المنشورات إلى نصوص رسمية احترافية,https://khamsat.com/writing/check-plagiarism-and-paraphrasing/3014998-%D8%AA%D8%AD%D9%88%D9%8A%D9%84-%D8%A7%D9%84%D9%85%D9%86%D8%B4%D9%88%D8%B1%D8%A7%D8%AA-%D8%A5%D9%84%D9%89-%D9%86%D8%B5%D9%88%D8%B5-%D8%B1%D8%B3%D9%85%D9%8A%D8%A9-%D8%A7%D8%AD%D8%AA%D8%B1%D8%A7%D9%81%D9%8A%D8%A9,0.0,0,لم يحسب,0,0,$5.00,يوم واحد,0,0,0.0,يوسف م.,https://khamsat.com/user/yousefgeek,True,بائع مميز,4.5,34,68.97%,4,49,يومين
كتابة وترجمة,https://khamsat.com/writing,صياغة وفحص اقتباس,https://khamsat.com/writing/check-plagiarism-and-paraphrasing,إعادة صياغة النصوص بأسلوب متميز,https://khamsat.com/writing/check-plagiarism-and-paraphrasing/2949199-%D8%A5%D8%B9%D8%A7%D8%AF%D8%A9-%D8%B5%D9%8A%D8%A7%D8%BA%D8%A9-%D8%A7%D9%84%D9%86%D8%B5%D9%88%D8%B5-%D8%A8%D8%A3%D8%B3%D9%84%D9%88%D8%A8-%D9%85%D8%AA%D9%85%D9%8A%D8%B2,0.0,0,لم يحسب,0,0,$5.00,يوم واحد,0,5,135.0,محمد ب.,https://khamsat.com/user/mohamed_4design,True,بائع جديد,4.5,1,100.0%,5,1,42 دقيقة
كتابة وترجمة,https://khamsat.com/writing,صياغة وفحص اقتباس,https://khamsat.com/writing/check-plagiarism-and-paraphrasing,إعادة صياغة المحتوي المولد بالذكاء الاصطناعي,https://khamsat.com/writing/check-plagiarism-and-paraphrasing/3050774-%D8%A5%D8%B9%D8%A7%D8%AF%D8%A9-%D8%B5%D9%8A%D8%A7%D8%BA%D8%A9-%D8%A7%D9%84%D9%85%D8%AD%D8%AA%D9%88%D9%8A-%D8%A7%D9%84%D9%85%D9%88%D9%84%D8%AF-%D8%A8%D8%A7%D9%84%D8%B0%D9%83%D8%A7%D8%A1-%D8%A7%D9%84%D8%A7%D8%B5%D8%B7%D9%86%D8%A7%D8%B9%D9%8A,0.0,0,لم يحسب,0,0,$5.00,يومين,0,1,5.0,محمد ع.,https://khamsat.com/user/moh_amr,True,بائع جديد,0.0,0,لم يحسب بعد,5,0,لم يحسب
كتابة وترجمة,https://khamsat.com/writing,صياغة وفحص اقتباس,https://khamsat.com/writing/check-plagiarism-and-paraphrasing,فحص وكشف نسب الاقتباسات للمقالات والمذكرات والرسائل العلمية,https://khamsat.com/writing/check-plagiarism-and-paraphrasing/2922319-%D9%81%D8%AD%D8%B5-%D9%88%D9%83%D8%B4%D9%81-%D9%86%D8%B3%D8%A8-%D8%A7%D9%84%D8%A7%D9%82%D8%AA%D8%A8%D8%A7%D8%B3%D8%A7%D8%AA-%D9%84%D9%84%D9%85%D9%82%D8%A7%D9%84%D8%A7%D8%AA-%D9%88%D8%A7%D9%84%D9%85%D8%B0%D9%83%D8%B1%D8%A7%D8%AA-%D9%88%D8%A7%D9%84%D8%B1%D8%B3%D8%A7%D8%A6%D9%84-%D8%A7%D9%84%D8%B9%D9%84%D9%85%D9%8A%D8%A9,0.0,0,لم يحسب,0,0,$5.00,يوم واحد,0,1,5.0,.Walid R,https://khamsat.com/user/didilan,True,بائع جديد,4.5,4,87.5%,5,3,5 ساعات
كتابة وترجمة,https://khamsat.com/writing,تفريغ نصوص,https://khamsat.com/writing/transcriptions,تفريغ مقاطع صوتية باللغة العربية بكل دقة و احترافية وسرعة,https://khamsat.com/writing/transcriptions/2469435-%D8%AA%D9%81%D8%B1%D9%8A%D8%BA-%D9%85%D9%82%D8%A7%D8%B7%D8%B9-%D8%B5%D9%88%D8%AA%D9%8A%D8%A9-%D8%A8%D8%A7%D9%84%D9%84%D8%BA%D8%A9-%D8%A7%D9%84%D8%B9%D8%B1%D8%A8%D9%8A%D8%A9-%D8%A8%D9%83%D9%84-%D8%AF%D9%82%D8%A9-%D9%88-%D8%A7%D8%AD%D8%AA%D8%B1%D8%A7%D9%81%D9%8A%D8%A9-%D9%88%D8%B3%D8%B1%D8%B9%D8%A9,5.0,3,ساعة,3,0,$5.00,يوم واحد,3,4,185.0,بدر ع.,https://khamsat.com/user/badrali15,True,بائع نشيط,5.0,6,100.0%,2,6,46 دقيقة
كتابة وترجمة,https://khamsat.com/writing,تفريغ نصوص,https://khamsat.com/writing/transcriptions,تفريغ مخطوطات في ملف Word أو PDF باحترافية,https://khamsat.com/writing/transcriptions/2804199-%D8%AA%D9%81%D8%B1%D9%8A%D8%BA-%D9%85%D8%AE%D8%B7%D9%88%D8%B7%D8%A7%D8%AA-%D9%81%D9%8A-%D9%85%D9%84%D9%81-word-%D8%A3%D9%88-pdf-%D8%A8%D8%A7%D8%AD%D8%AA%D8%B1%D8%A7%D9%81%D9%8A%D8%A9,5.0,2,يوم,3,0,$5.00,يوم واحد,2,5,75.0,.Omnia K,https://khamsat.com/user/omniakamal1197,True,بائع مميز,4.5,27,98.18%,3,34,9 ساعات
كتابة وترجمة,https://khamsat.com/writing,تفريغ نصوص,https://khamsat.com/writing/transcriptions,تفريغ محاضرات وتنسيقها بجودة عالية,https://khamsat.com/writing/transcriptions/2493706-%D8%AA%D9%81%D8%B1%D9%8A%D8%BA-%D9%85%D8%AD%D8%A7%D8%B6%D8%B1%D8%A7%D8%AA-%D9%88%D8%AA%D9%86%D8%B3%D9%8A%D9%82%D9%87%D8%A7-%D8%A8%D8%AC%D9%88%D8%AF%D8%A9-%D8%B9%D8%A7%D9%84%D9%8A%D8%A9,5.0,3,ساعة,6,0,$5.00,يوم واحد,3,2,125.0,.Neama H,https://khamsat.com/user/neama_67,True,بائع جديد,5.0,3,69.23%,1,6,ساعة
كتابة وترجمة,https://khamsat.com/writing,تفريغ نصوص,https://khamsat.com/writing/transcriptions,تفريغ النصوص وتنظيمها بشكل كامل ودقيق على وورد 365,https://khamsat.com/writing/transcriptions/2871151-%D8%AA%D9%81%D8%B1%D9%8A%D8%BA-%D8%A7%D9%84%D9%86%D8%B5%D9%88%D8%B5-%D9%88%D8%AA%D9%86%D8%B8%D9%8A%D9%85%D9%87%D8%A7-%D8%A8%D8%B4%D9%83%D9%84-%D9%83%D8%A7%D9%85%D9%84-%D9%88%D8%AF%D9%82%D9%8A%D9%82-%D8%B9%D9%84%D9%89-%D9%88%D9%88%D8%B1%D8%AF-365,5.0,2,14 ساعة,2,0,$5.00,يومين,2,5,75.0,أحمد م.,https://khamsat.com/user/ahmedmukhtargouda,True,بائع مميز,5.0,31,97.53%,6,26,3 ساعات
كتابة وترجمة,https://khamsat.com/writing,تفريغ نصوص,https://khamsat.com/writing/transcriptions,تفريغ Pdf وتنسيق احترافي وسريع لملفات ال Word وبأقل سعر,https://khamsat.com/writing/transcriptions/1877948-%D8%AA%D9%81%D8%B1%D9%8A%D8%BA-pdf-%D9%88%D8%AA%D9%86%D8%B3%D9%8A%D9%82-%D8%A7%D8%AD%D8%AA%D8%B1%D8%A7%D9%81%D9%8A-%D9%88%D8%B3%D8%B1%D9%8A%D8%B9-%D9%84%D9%85%D9%84%D9%81%D8%A7%D8%AA-%D8%A7%D9%84-word-%D9%88%D8%A8%D8%A3%D9%82%D9%84-%D8%B3%D8%B9%D8%B1,5.0,53,5 ساعات,68,0,$5.00,يوم واحد,25,5,75.0,.Salma R,https://khamsat.com/user/salma_rabie,True,بائع مميز,5.0,78,97.13%,4,79,ساعتين
كتابة وترجمة,https://khamsat.com/writing,تفريغ نصوص,https://khamsat.com/writing/transcriptions,تفريغ دقيق وسريع لملفات ال Pdf والصور إلى Word وبأقل سعر,https://khamsat.com/writing/transcriptions/1877939-%D8%AA%D9%81%D8%B1%D9%8A%D8%BA-%D8%AF%D9%82%D9%8A%D9%82-%D9%88%D8%B3%D8%B1%D9%8A%D8%B9-%D9%84%D9%85%D9%84%D9%81%D8%A7%D8%AA-%D8%A7%D9%84-pdf-%D9%88%D8%A7%D9%84%D8%B5%D9%88%D8%B1-%D8%A5%D9%84%D9%89-word-%D9%88%D8%A8%D8%A3%D9%82%D9%84-%D8%B3%D8%B9%D8%B1,5.0,23,ساعتين,25,0,$5.00,يوم واحد,23,5,155.0,.Salma R,https://khamsat.com/user/salma_rabie,True,بائع مميز,5.0,78,97.13%,4,79,ساعتين
كتابة وترجمة,https://khamsat.com/writing,تفريغ نصوص,https://khamsat.com/writing/transcriptions,نسخ المخطوطات العربية إلى ملف وورد WORD,https://khamsat.com/writing/transcriptions/2766122-%D9%86%D8%B3%D8%AE-%D8%A7%D9%84%D9%85%D8%AE%D8%B7%D9%88%D8%B7%D8%A7%D8%AA-%D8%A7%D9%84%D8%B9%D8%B1%D8%A8%D9%8A%D8%A9-%D8%A5%D9%84%D9%89-%D9%85%D9%84%D9%81-%D9%88%D9%88%D8%B1%D8%AF-word,5.0,2,ساعة,2,0,$5.00,يوم واحد,2,3,45.0,.Fatima M,https://khamsat.com/user/m_fatima,True,بائع جديد,5.0,4,100.0%,4,4,5 ساعات
كتابة وترجمة,https://khamsat.com/writing,تفريغ نصوص,https://khamsat.com/writing/transcriptions,تفريغ وإعادة كتابة الملفات من pdf إلى word (عربي وانكليزي),https://khamsat.com/writing/transcriptions/2601771-%D8%AA%D9%81%D8%B1%D9%8A%D8%BA-%D9%88%D8%A5%D8%B9%D8%A7%D8%AF%D8%A9-%D9%83%D8%AA%D8%A7%D8%A8%D8%A9-%D8%A7%D9%84%D9%85%D9%84%D9%81%D8%A7%D8%AA-%D9%85%D9%86-pdf-%D8%A5%D9%84%D9%89-word-%D8%B9%D8%B1%D8%A8%D9%8A-%D9%88%D8%A7%D9%86%D9%83%D9%84%D9%8A%D8%B2%D9%8A,5.0,8,6 ساعات,12,0,$5.00,يومين,8,2,15.0,.Aya A,https://khamsat.com/user/aya_abdulhaq,True,بائع مميز,5.0,20,93.75%,6,23,4 ساعات
كتابة وترجمة,https://khamsat.com/writing,تفريغ نصوص,https://khamsat.com/writing/transcriptions,طباعة البحوث والمقالات بكل أحترافية (A\E) كل 20 صفحة,https://khamsat.com/writing/transcriptions/227809-%D8%B7%D8%A8%D8%A7%D8%B9%D8%A9-%D8%A7%D9%84%D8%A8%D8%AD%D9%88%D8%AB-%D9%88%D8%A7%D9%84%D9%85%D9%82%D8%A7%D9%84%D8%A7%D8%AA-%D8%A8%D9%83%D9%84-%D8%A3%D8%AD%D8%AA%D8%B1%D8%A7%D9%81%D9%8A%D8%A9-ae-%D9%83%D9%84-20-%D8%B5%D9%81%D8%AD%D8%A9,5.0,89,59 دقيقة,126,0,$5.00,يوم واحد,25,3,45.0,.Alla M,https://khamsat.com/user/alaa-madhi,True,بائع موثوق,5.0,239,94.12%,2,288,ساعتين
كتابة وترجمة,https://khamsat.com/writing,تفريغ نصوص,https://khamsat.com/writing/transcriptions,تفريغ النصوص من pdf Power point word إلى الشكل الذي تريده,https://khamsat.com/writing/transcriptions/2675149-%D8%AA%D9%81%D8%B1%D9%8A%D8%BA-%D8%A7%D9%84%D9%86%D8%B5%D9%88%D8%B5-%D9%85%D9%86-pdf-power-point-word-%D8%A5%D9%84%D9%89-%D8%A7%D9%84%D8%B4%D9%83%D9%84-%D8%A7%D9%84%D8%B0%D9%8A-%D8%AA%D8%B1%D9%8A%D8%AF%D9%87,5.0,5,4 ساعات,8,0,$5.00,يوم واحد,5,5,65.0,أغيد ا.,https://khamsat.com/user/aghiad91,True,بائع نشيط,5.0,18,100.0%,8,15,ساعتين
كتابة وترجمة,https://khamsat.com/writing,تفريغ نصوص,https://khamsat.com/writing/transcriptions,تحويل أي pdf إلى word في أقل وقت وأعلى جودة فقط,https://khamsat.com/writing/transcriptions/2482194-%D8%AA%D8%AD%D9%88%D9%8A%D9%84-%D8%A3%D9%8A-pdf-%D8%A5%D9%84%D9%89-word-%D9%81%D9%8A-%D8%A3%D9%82%D9%84-%D9%88%D9%82%D8%AA-%D9%88%D8%A3%D8%B9%D9%84%D9%89-%D8%AC%D9%88%D8%AF%D8%A9-%D9%81%D9%82%D8%B7,5.0,2,3 دقائق,5,0,$5.00,يوم واحد,2,5,40.0,رضا ب.,https://khamsat.com/user/redaahmedbessila,True,بائع نشيط,5.0,9,100.0%,5,14,10 دقائق
كتابة وترجمة,https://khamsat.com/writing,تفريغ نصوص,https://khamsat.com/writing/transcriptions,التفريغ من أي برنامج أو صورة على برنامج word,https://khamsat.com/writing/transcriptions/1656271-%D8%A7%D9%84%D8%AA%D9%81%D8%B1%D9%8A%D8%BA-%D9%85%D9%86-%D8%A3%D9%8A-%D8%A8%D8%B1%D9%86%D8%A7%D9%85%D8%AC-%D8%A3%D9%88-%D8%B5%D9%88%D8%B1%D8%A9-%D8%B9%D9%84%D9%89-%D8%A8%D8%B1%D9%86%D8%A7%D9%85%D8%AC-word,5.0,14,5 ساعات,20,0,$5.00,يوم واحد,14,4,85.0,.Nagham S,https://khamsat.com/user/nagham_slman,True,بائع مميز,4.5,43,93.98%,3,58,3 ساعات
كتابة وترجمة,https://khamsat.com/writing,تفريغ نصوص,https://khamsat.com/writing/transcriptions,تفريغ مادة الرياضيات (math),https://khamsat.com/writing/transcriptions/2953628-%D8%AA%D9%81%D8%B1%D9%8A%D8%BA-%D9%85%D8%A7%D8%AF%D8%A9-%D8%A7%D9%84%D8%B1%D9%8A%D8%A7%D8%B6%D9%8A%D8%A7%D8%AA-math,5.0,1,17 ساعة,1,0,$5.00,يومين,1,4,170.0,.Marwa Y,https://khamsat.com/user/marwa_yahia4,True,بائع نشيط,5.0,5,92.86%,4,6,9 ساعات
كتابة وترجمة,https://khamsat.com/writing,تفريغ نصوص,https://khamsat.com/writing/transcriptions,تفريغ وكتابة أي محتوى على الWord بدقة عالية,https://khamsat.com/writing/transcriptions/1699699-%D8%AA%D9%81%D8%B1%D9%8A%D8%BA-%D9%88%D9%83%D8%AA%D8%A7%D8%A8%D8%A9-%D8%A3%D9%8A-%D9%85%D8%AD%D8%AA%D9%88%D9%89-%D8%B9%D9%84%D9%89-%D8%A7%D9%84word-%D8%A8%D8%AF%D9%82%D8%A9-%D8%B9%D8%A7%D9%84%D9%8A%D8%A9,5.0,11,17 ساعة,15,0,$5.00,ثلاثة أيام,11,5,275.0,منتهى ح.,https://khamsat.com/user/montaha_hammoud,True,بائع مميز,5.0,14,97.14%,2,19,9 ساعات
كتابة وترجمة,https://khamsat.com/writing,تفريغ نصوص,https://khamsat.com/writing/transcriptions,تفريغ أوراق مسحوبة بالسكانر أو ملفات PDF على ملف Word,https://khamsat.com/writing/transcriptions/42968-%D8%AA%D9%81%D8%B1%D9%8A%D8%BA-%D8%A3%D9%88%D8%B1%D8%A7%D9%82-%D9%85%D8%B3%D8%AD%D9%88%D8%A8%D8%A9-%D8%A8%D8%A7%D9%84%D8%B3%D9%83%D8%A7%D9%86%D8%B1-%D8%A3%D9%88-%D9%85%D9%84%D9%81%D8%A7%D8%AA-pdf-%D8%B9%D9%84%D9%89-%D9%85%D9%84%D9%81-word,4.5,161,ساعة,231,0,$5.00,يوم واحد,25,5,155.0,.Mustafa F,https://khamsat.com/user/mustafa-fayeq,True,بائع موثوق,4.5,256,95.75%,4,329,4 ساعات
كتابة وترجمة,https://khamsat.com/writing,تفريغ نصوص,https://khamsat.com/writing/transcriptions,تفريغ ملفات باللغة العربية على word مع تنسيق احترافي,https://khamsat.com/writing/transcriptions/2357618-%D8%AA%D9%81%D8%B1%D9%8A%D8%BA-%D9%85%D9%84%D9%81%D8%A7%D8%AA-%D8%A8%D8%A7%D9%84%D9%84%D8%BA%D8%A9-%D8%A7%D9%84%D8%B9%D8%B1%D8%A8%D9%8A%D8%A9-%D8%B9%D9%84%D9%89-word-%D9%85%D8%B9-%D8%AA%D9%86%D8%B3%D9%8A%D9%82-%D8%A7%D8%AD%D8%AA%D8%B1%D8%A7%D9%81%D9%8A,5.0,28,يومين,33,0,$5.00,يومين,25,5,345.0,بتول ع.,https://khamsat.com/user/batoul1994essa,True,بائع مميز,5.0,41,96.8%,2,44,يوم
كتابة وترجمة,https://khamsat.com/writing,تفريغ نصوص,https://khamsat.com/writing/transcriptions,تفريغ الملفات الصوتيه والمرئيه الي وورد أو pdf,https://khamsat.com/writing/transcriptions/2637315-%D8%AA%D9%81%D8%B1%D9%8A%D8%BA-%D8%A7%D9%84%D9%85%D9%84%D9%81%D8%A7%D8%AA-%D8%A7%D9%84%D8%B5%D9%88%D8%AA%D9%8A%D9%87-%D9%88%D8%A7%D9%84%D9%85%D8%B1%D8%A6%D9%8A%D9%87-%D8%A7%D9%84%D9%8A-%D9%88%D9%88%D8%B1%D8%AF-%D8%A3%D9%88-pdf,5.0,12,13 يوم,14,0,$5.00,يوم واحد,12,5,250.0,ندي ا.,https://khamsat.com/user/nada_525,True,بائع مميز,5.0,13,96.55%,2,14,6 أيام
كتابة وترجمة,https://khamsat.com/writing,تفريغ نصوص,https://khamsat.com/writing/transcriptions,تفريغ محتوى مكتوب يدوياً أو pdf إلى الوورد,https://khamsat.com/writing/transcriptions/1934581-%D8%AA%D9%81%D8%B1%D9%8A%D8%BA-%D9%85%D8%AD%D8%AA%D9%88%D9%89-%D9%85%D9%83%D8%AA%D9%88%D8%A8-%D9%8A%D8%AF%D9%88%D9%8A%D8%A7-%D8%A3%D9%88-pdf-%D8%A5%D9%84%D9%89-%D8%A7%D9%84%D9%88%D9%88%D8%B1%D8%AF,5.0,25,9 أيام,33,0,$5.00,يوم واحد,25,2,15.0,.Hadjer B,https://khamsat.com/user/hadjer_byh,True,بائع مميز,5.0,27,99.21%,1,34,4 أيام
كتابة وترجمة,https://khamsat.com/writing,تفريغ نصوص,https://khamsat.com/writing/transcriptions,تفريغ وتنسيق ملفات PDF وصور على WORD و EXCEL,https://khamsat.com/writing/transcriptions/2433125-%D8%AA%D9%81%D8%B1%D9%8A%D8%BA-%D9%88%D8%AA%D9%86%D8%B3%D9%8A%D9%82-%D9%85%D9%84%D9%81%D8%A7%D8%AA-pdf-%D9%88%D8%B5%D9%88%D8%B1-%D8%B9%D9%84%D9%89-word-%D9%88-excel,5.0,14,دقيقة,17,0,$5.00,يوم واحد,14,1,5.0,.Ebram A,https://khamsat.com/user/ebramadel,True,بائع مميز,5.0,62,89.33%,5,70,ساعة
كتابة وترجمة,https://khamsat.com/writing,تفريغ نصوص,https://khamsat.com/writing/transcriptions,تنسيق ملفات وورد باحترافية ودقة مطابق للملف الأصلي تماما,https://khamsat.com/writing/transcriptions/2587013-%D8%AA%D9%86%D8%B3%D9%8A%D9%82-%D9%85%D9%84%D9%81%D8%A7%D8%AA-%D9%88%D9%88%D8%B1%D8%AF-%D8%A8%D8%A7%D8%AD%D8%AA%D8%B1%D8%A7%D9%81%D9%8A%D8%A9-%D9%88%D8%AF%D9%82%D8%A9-%D9%85%D8%B7%D8%A7%D8%A8%D9%82-%D9%84%D9%84%D9%85%D9%84%D9%81-%D8%A7%D9%84%D8%A3%D8%B5%D9%84%D9%8A-%D8%AA%D9%85%D8%A7%D9%85%D8%A7,4.5,20,22 دقيقة,25,0,$5.00,يوم واحد,20,1,20.0,.Nehal W,https://khamsat.com/user/nehal_wagih,True,بائع مميز,4.5,31,76.77%,2,32,34 دقيقة
كتابة وترجمة,https://khamsat.com/writing,تفريغ نصوص,https://khamsat.com/writing/transcriptions,تفريغ سريع لنصوص في word,https://khamsat.com/writing/transcriptions/1680373-%D8%AA%D9%81%D8%B1%D9%8A%D8%BA-%D8%B3%D8%B1%D9%8A%D8%B9-%D9%84%D9%86%D8%B5%D9%88%D8%B5-%D9%81%D9%8A-word,5.0,22,يومين,37,0,$5.00,يومين,22,2,35.0,فاطمة ا.,https://khamsat.com/user/fat2525,True,بائع مميز,5.0,24,100.0%,6,38,12 ساعة
كتابة وترجمة,https://khamsat.com/writing,تفريغ نصوص,https://khamsat.com/writing/transcriptions,كتابة تقارير وابحاث LaTeX و beamer في غاية الاحترافية,https://khamsat.com/writing/transcriptions/1035726-%D9%83%D8%AA%D8%A7%D8%A8%D8%A9-%D8%AA%D9%82%D8%A7%D8%B1%D9%8A%D8%B1-%D9%88%D8%A7%D8%A8%D8%AD%D8%A7%D8%AB-latex-%D9%88-beamer-%D9%81%D9%8A-%D8%BA%D8%A7%D9%8A%D8%A9-%D8%A7%D9%84%D8%A7%D8%AD%D8%AA%D8%B1%D8%A7%D9%81%D9%8A%D8%A9,5.0,47,34 دقيقة,47,0,$5.00,يوم واحد,25,5,40.0,عبد الرحيم ا.,https://khamsat.com/user/abderrahimel,True,بائع مميز,5.0,72,91.71%,8,70,3 ساعات
كتابة وترجمة,https://khamsat.com/writing,تفريغ نصوص,https://khamsat.com/writing/transcriptions,تفريغ ملفات مصورة أو مكتوبة باليد إلى ملفات وورد,https://khamsat.com/writing/transcriptions/2400881-%D8%AA%D9%81%D8%B1%D9%8A%D8%BA-%D9%85%D9%84%D9%81%D8%A7%D8%AA-%D9%85%D8%B5%D9%88%D8%B1%D8%A9-%D8%A3%D9%88-%D9%85%D9%83%D8%AA%D9%88%D8%A8%D8%A9-%D8%A8%D8%A7%D9%84%D9%8A%D8%AF-%D8%A5%D9%84%D9%89-%D9%85%D9%84%D9%81%D8%A7%D8%AA-%D9%88%D9%88%D8%B1%D8%AF,4.5,25,ساعة,37,0,$5.00,يوم واحد,25,4,50.0,سهر ج.,https://khamsat.com/user/sahargamal8,True,بائع مميز,4.5,39,98.39%,5,45,ساعة
كتابة وترجمة,https://khamsat.com/writing,تفريغ نصوص,https://khamsat.com/writing/transcriptions,تفريغ جميع النصوص على الوورد والاكسل,https://khamsat.com/writing/transcriptions/1599982-%D8%AA%D9%81%D8%B1%D9%8A%D8%BA-%D8%AC%D9%85%D9%8A%D8%B9-%D8%A7%D9%84%D9%86%D8%B5%D9%88%D8%B5-%D8%B9%D9%84%D9%89-%D8%A7%D9%84%D9%88%D9%88%D8%B1%D8%AF-%D9%88%D8%A7%D9%84%D8%A7%D9%83%D8%B3%D9%84,4.5,53,21 دقيقة,74,0,$5.00,يوم واحد,25,5,175.0,زكريا عبد المجيب د.,https://khamsat.com/user/excited16,True,بائع مميز,4.5,64,91.94%,6,81,59 دقيقة
كتابة وترجمة,https://khamsat.com/writing,تفريغ نصوص,https://khamsat.com/writing/transcriptions,كتابة النصوص والملفات الصوتية وتحويلها الي ملفات word,https://khamsat.com/writing/transcriptions/2640157-%D9%83%D8%AA%D8%A7%D8%A8%D8%A9-%D8%A7%D9%84%D9%86%D8%B5%D9%88%D8%B5-%D9%88%D8%A7%D9%84%D9%85%D9%84%D9%81%D8%A7%D8%AA-%D8%A7%D9%84%D8%B5%D9%88%D8%AA%D9%8A%D8%A9-%D9%88%D8%AA%D8%AD%D9%88%D9%8A%D9%84%D9%87%D8%A7-%D8%A7%D9%84%D9%8A-%D9%85%D9%84%D9%81%D8%A7%D8%AA-word,5.0,14,ساعة,17,0,$5.00,يوم واحد,14,5,25.0,.Ahmed H,https://khamsat.com/user/ahmed_ali23,True,بائع مميز,5.0,26,100.0%,5,27,22 ساعة
كتابة وترجمة,https://khamsat.com/writing,تفريغ نصوص,https://khamsat.com/writing/transcriptions,التفريغ على الوورد word بدقة عالية و احترافية,https://khamsat.com/writing/transcriptions/2823037-%D8%A7%D9%84%D8%AA%D9%81%D8%B1%D9%8A%D8%BA-%D8%B9%D9%84%D9%89-%D8%A7%D9%84%D9%88%D9%88%D8%B1%D8%AF-word-%D8%A8%D8%AF%D9%82%D8%A9-%D8%B9%D8%A7%D9%84%D9%8A%D8%A9-%D9%88-%D8%A7%D8%AD%D8%AA%D8%B1%D8%A7%D9%81%D9%8A%D8%A9,5.0,9,26 دقيقة,14,0,$5.00,يوم واحد,9,1,30.0,عائشة أ.,https://khamsat.com/user/aysha_24,True,بائع نشيط,5.0,14,83.78%,4,18,ساعة
كتابة وترجمة,https://khamsat.com/writing,تفريغ نصوص,https://khamsat.com/writing/transcriptions,تفريغ جميع أنواع الملفات إلي ملف وورد بدقه وبشكل منسق,https://khamsat.com/writing/transcriptions/2722607-%D8%AA%D9%81%D8%B1%D9%8A%D8%BA-%D8%AC%D9%85%D9%8A%D8%B9-%D8%A3%D9%86%D9%88%D8%A7%D8%B9-%D8%A7%D9%84%D9%85%D9%84%D9%81%D8%A7%D8%AA-%D8%A5%D9%84%D9%8A-%D9%85%D9%84%D9%81-%D9%88%D9%88%D8%B1%D8%AF-%D8%A8%D8%AF%D9%82%D9%87-%D9%88%D8%A8%D8%B4%D9%83%D9%84-%D9%85%D9%86%D8%B3%D9%82,5.0,5,دقيقة,7,0,$5.00,يوم واحد,5,4,160.0,.Kamla M,https://khamsat.com/user/kamlamedhat,True,بائع نشيط,5.0,5,71.43%,1,7,دقيقة
كتابة وترجمة,https://khamsat.com/writing,تفريغ نصوص,https://khamsat.com/writing/transcriptions,تفريغ وتنسيق أي ملفات PDF إلى ورد والعكس عربى أو انجليزى,https://khamsat.com/writing/transcriptions/656620-%D8%AA%D9%81%D8%B1%D9%8A%D8%BA-%D9%88%D8%AA%D9%86%D8%B3%D9%8A%D9%82-%D8%A3%D9%8A-%D9%85%D9%84%D9%81%D8%A7%D8%AA-pdf-%D8%A5%D9%84%D9%89-%D9%88%D8%B1%D8%AF-%D9%88%D8%A7%D9%84%D8%B9%D9%83%D8%B3-%D8%B9%D8%B1%D8%A8%D9%89-%D8%A3%D9%88-%D8%A7%D9%86%D8%AC%D9%84%D9%8A%D8%B2%D9%89,5.0,70,5 دقائق,104,0,$5.00,يوم واحد,25,5,95.0,.Nashaat A,https://khamsat.com/user/nashaat9951,True,بائع مميز,5.0,195,98.46%,2,267,7 ساعات
كتابة وترجمة,https://khamsat.com/writing,تفريغ نصوص,https://khamsat.com/writing/transcriptions,تفريغ البيانات من مواقع pdf word صور في ملف اكسل,https://khamsat.com/writing/transcriptions/1451855-%D8%AA%D9%81%D8%B1%D9%8A%D8%BA-%D8%A7%D9%84%D8%A8%D9%8A%D8%A7%D9%86%D8%A7%D8%AA-%D9%85%D9%86-%D9%85%D9%88%D8%A7%D9%82%D8%B9-pdf-word-%D8%B5%D9%88%D8%B1-%D9%81%D9%8A-%D9%85%D9%84%D9%81-%D8%A7%D9%83%D8%B3%D9%84,4.5,14,28 دقيقة,20,0,$5.00,يومين,14,5,165.0,داليا م.,https://khamsat.com/user/daliasabel,True,بائع مميز,5.0,54,98.24%,3,55,ساعة
كتابة وترجمة,https://khamsat.com/writing,تفريغ نصوص,https://khamsat.com/writing/transcriptions,تفريغ ملفات صوتية وفيديوهات,https://khamsat.com/writing/transcriptions/2448819-%D8%AA%D9%81%D8%B1%D9%8A%D8%BA-%D9%85%D9%84%D9%81%D8%A7%D8%AA-%D8%B5%D9%88%D8%AA%D9%8A%D8%A9-%D9%88%D9%81%D9%8A%D8%AF%D9%8A%D9%88%D9%87%D8%A7%D8%AA,5.0,8,ساعتين,8,0,$5.00,يوم واحد,8,5,90.0,.Mariam A,https://khamsat.com/user/mariamahmad888,True,بائع مميز,5.0,16,98.28%,8,14,ساعة
كتابة وترجمة,https://khamsat.com/writing,إعداد وكتابة البحوث,https://khamsat.com/writing/research-writing,التحليل الاحصائي باستخدام برنامج SPSS,https://khamsat.com/writing/research-writing/2732511-%D8%A7%D9%84%D8%AA%D8%AD%D9%84%D9%8A%D9%84-%D8%A7%D9%84%D8%A7%D8%AD%D8%B5%D8%A7%D8%A6%D9%8A-%D8%A8%D8%A7%D8%B3%D8%AA%D8%AE%D8%AF%D8%A7%D9%85-%D8%A8%D8%B1%D9%86%D8%A7%D9%85%D8%AC-spss,5.0,2,8 دقائق,2,0,$50.00,أسبوع,2,1,100.0,حماده ع.,https://khamsat.com/user/preaa123,True,بائع مميز,4.5,66,90.43%,8,54,5 ساعات
كتابة وترجمة,https://khamsat.com/writing,إعداد وكتابة البحوث,https://khamsat.com/writing/research-writing,خطة بحث متكاملة الأركان اياً كان تخصصك,https://khamsat.com/writing/research-writing/2845965-%D8%AE%D8%B7%D8%A9-%D8%A8%D8%AD%D8%AB-%D9%85%D8%AA%D9%83%D8%A7%D9%85%D9%84%D8%A9-%D8%A7%D9%84%D8%A3%D8%B1%D9%83%D8%A7%D9%86-%D8%A7%D9%8A%D8%A7-%D9%83%D8%A7%D9%86-%D8%AA%D8%AE%D8%B5%D8%B5%D9%83,4.5,2,10 دقائق,4,0,$50.00,ثلاثة أيام,2,5,405.0,علاء ا.,https://khamsat.com/user/alaa_alhaj_muhmmad,True,بائع مميز,5.0,272,93.56%,25,236,22 دقيقة
كتابة وترجمة,https://khamsat.com/writing,إعداد وكتابة البحوث,https://khamsat.com/writing/research-writing,توثيق المصادر والمراجع بطرق Harvard وMLA وAPA 7,https://khamsat.com/writing/research-writing/2873845-%D8%AA%D9%88%D8%AB%D9%8A%D9%82-%D8%A7%D9%84%D9%85%D8%B5%D8%A7%D8%AF%D8%B1-%D9%88%D8%A7%D9%84%D9%85%D8%B1%D8%A7%D8%AC%D8%B9-%D8%A8%D8%B7%D8%B1%D9%82-harvard-%D9%88mla-%D9%88apa-7,4.5,6,ساعة,7,0,$5.00,يوم واحد,6,5,140.0,.Mohammad H,https://khamsat.com/user/mohammadhmodi,True,بائع نشيط,4.5,9,88.24%,5,10,ساعتين
كتابة وترجمة,https://khamsat.com/writing,إعداد وكتابة البحوث,https://khamsat.com/writing/research-writing,المساعدة في عمل الابحاث العلمية بطريقة إحترافية,https://khamsat.com/writing/research-writing/2313013-%D8%A7%D9%84%D9%85%D8%B3%D8%A7%D8%B9%D8%AF%D8%A9-%D9%81%D9%8A-%D8%B9%D9%85%D9%84-%D8%A7%D9%84%D8%A7%D8%A8%D8%AD%D8%A7%D8%AB-%D8%A7%D9%84%D8%B9%D9%84%D9%85%D9%8A%D8%A9-%D8%A8%D8%B7%D8%B1%D9%8A%D9%82%D8%A9-%D8%A5%D8%AD%D8%AA%D8%B1%D8%A7%D9%81%D9%8A%D8%A9,5.0,33,7 ساعات,39,0,$25.00,يومين,25,5,425.0,.Hemmat Y,https://khamsat.com/user/hemmatyousef,True,بائع مميز,5.0,52,95.04%,6,55,15 ساعة
كتابة وترجمة,https://khamsat.com/writing,إعداد وكتابة البحوث,https://khamsat.com/writing/research-writing,تقديم خطة جودة للمشاريع الانشائية,https://khamsat.com/writing/research-writing/1561239-%D8%AA%D9%82%D8%AF%D9%8A%D9%85-%D8%AE%D8%B7%D8%A9-%D8%AC%D9%88%D8%AF%D8%A9-%D9%84%D9%84%D9%85%D8%B4%D8%A7%D8%B1%D9%8A%D8%B9-%D8%A7%D9%84%D8%A7%D9%86%D8%B4%D8%A7%D8%A6%D9%8A%D8%A9,5.0,6,32 دقيقة,12,0,$5.00,يوم واحد,6,2,95.0,.Elsayed E,https://khamsat.com/user/elsayed_elgendy,True,بائع مميز,5.0,64,89.16%,15,75,ساعتين
كتابة وترجمة,https://khamsat.com/writing,إعداد وكتابة البحوث,https://khamsat.com/writing/research-writing,المساعدة في كتابة التقارير والابحاث العلمية,https://khamsat.com/writing/research-writing/3035180-%D8%A7%D9%84%D9%85%D8%B3%D8%A7%D8%B9%D8%AF%D8%A9-%D9%81%D9%8A-%D9%83%D8%AA%D8%A7%D8%A8%D8%A9-%D8%A7%D9%84%D8%AA%D9%82%D8%A7%D8%B1%D9%8A%D8%B1-%D9%88%D8%A7%D9%84%D8%A7%D8%A8%D8%AD%D8%A7%D8%AB-%D8%A7%D9%84%D8%B9%D9%84%D9%85%D9%8A%D8%A9,5.0,3,56 دقيقة,5,0,$5.00,يوم واحد,3,4,70.0,.Wafaa M,https://khamsat.com/user/wafaamostafa14,True,بائع جديد,5.0,3,100.0%,2,5,56 دقيقة
كتابة وترجمة,https://khamsat.com/writing,إعداد وكتابة البحوث,https://khamsat.com/writing/research-writing,إعداد وكتابة البحوث العلمية,https://khamsat.com/writing/research-writing/2875728-%D8%A5%D8%B9%D8%AF%D8%A7%D8%AF-%D9%88%D9%83%D8%AA%D8%A7%D8%A8%D8%A9-%D8%A7%D9%84%D8%A8%D8%AD%D9%88%D8%AB-%D8%A7%D9%84%D8%B9%D9%84%D9%85%D9%8A%D8%A9,5.0,30,5 ساعات,46,0,$10.00,يومين,25,5,90.0,نورهان ع.,https://khamsat.com/user/nermeen_adel213,True,بائع مميز,5.0,34,98.31%,8,51,ساعتين
كتابة وترجمة,https://khamsat.com/writing,إعداد وكتابة البحوث,https://khamsat.com/writing/research-writing,كتابة خطة بحث في مجال التربية والموارد البشرية,https://khamsat.com/writing/research-writing/2404310-%D9%83%D8%AA%D8%A7%D8%A8%D8%A9-%D8%AE%D8%B7%D8%A9-%D8%A8%D8%AD%D8%AB-%D9%81%D9%8A-%D9%85%D8%AC%D8%A7%D9%84-%D8%A7%D9%84%D8%AA%D8%B1%D8%A8%D9%8A%D8%A9-%D9%88%D8%A7%D9%84%D9%85%D9%88%D8%A7%D8%B1%D8%AF-%D8%A7%D9%84%D8%A8%D8%B4%D8%B1%D9%8A%D8%A9,5.0,3,4 ساعات,3,0,$50.00,أربعة أيام,3,2,150.0,.Muhamed E,https://khamsat.com/user/mohamed_elsharnoby,True,بائع مميز,5.0,54,100.0%,10,67,ساعة
كتابة وترجمة,https://khamsat.com/writing,إعداد وكتابة البحوث,https://khamsat.com/writing/research-writing,كتابة مشاريع وبحوث في كل المجالات,https://khamsat.com/writing/research-writing/2493663-%D9%83%D8%AA%D8%A7%D8%A8%D8%A9-%D9%85%D8%B4%D8%A7%D8%B1%D9%8A%D8%B9-%D9%88%D8%A8%D8%AD%D9%88%D8%AB-%D9%81%D9%8A-%D9%83%D9%84-%D8%A7%D9%84%D9%85%D8%AC%D8%A7%D9%84%D8%A7%D8%AA,5.0,9,19 ساعة,11,0,$5.00,يومين,9,5,285.0,مريم فراح د.,https://khamsat.com/user/meryemfarah,True,بائع نشيط,5.0,22,96.0%,2,22,9 ساعات
كتابة وترجمة,https://khamsat.com/writing,إعداد وكتابة البحوث,https://khamsat.com/writing/research-writing,كتابة Proposal مقترح بحث متكامل لكافة التخصصات,https://khamsat.com/writing/research-writing/2844364-%D9%83%D8%AA%D8%A7%D8%A8%D8%A9-proposal-%D9%85%D9%82%D8%AA%D8%B1%D8%AD-%D8%A8%D8%AD%D8%AB-%D9%85%D8%AA%D9%83%D8%A7%D9%85%D9%84-%D9%84%D9%83%D8%A7%D9%81%D8%A9-%D8%A7%D9%84%D8%AA%D8%AE%D8%B5%D8%B5%D8%A7%D8%AA,5.0,2,دقيقة,5,0,$50.00,ثلاثة أيام,2,5,450.0,علاء ا.,https://khamsat.com/user/alaa_alhaj_muhmmad,True,بائع مميز,5.0,272,93.56%,25,236,22 دقيقة
كتابة وترجمة,https://khamsat.com/writing,إعداد وكتابة البحوث,https://khamsat.com/writing/research-writing,"كتابة أبحاث أكاديمية,مقالات, موضوعات ومشاريع",https://khamsat.com/writing/research-writing/2723037-%D9%83%D8%AA%D8%A7%D8%A8%D8%A9-%D8%A3%D8%A8%D8%AD%D8%A7%D8%AB-%D8%A3%D9%83%D8%A7%D8%AF%D9%8A%D9%85%D9%8A%D8%A9%D9%85%D9%82%D8%A7%D9%84%D8%A7%D8%AA-%D9%85%D9%88%D8%B6%D9%88%D8%B9%D8%A7%D8%AA-%D9%88%D9%85%D8%B4%D8%A7%D8%B1%D9%8A%D8%B9,5.0,5,8 ساعات,6,0,$10.00,ثلاثة أيام,5,3,165.0,فؤاد ب.,https://khamsat.com/user/fuad_zeen,True,بائع نشيط,5.0,16,97.56%,5,14,ساعتين
كتابة وترجمة,https://khamsat.com/writing,إعداد وكتابة البحوث,https://khamsat.com/writing/research-writing,كتابة جميع أنواع البحوث الأكاديمية بالعربية والإنجليزية,https://khamsat.com/writing/research-writing/2936969-%D9%83%D8%AA%D8%A7%D8%A8%D8%A9-%D8%AC%D9%85%D9%8A%D8%B9-%D8%A3%D9%86%D9%88%D8%A7%D8%B9-%D8%A7%D9%84%D8%A8%D8%AD%D9%88%D8%AB-%D8%A7%D9%84%D8%A3%D9%83%D8%A7%D8%AF%D9%8A%D9%85%D9%8A%D8%A9-%D8%A8%D8%A7%D9%84%D8%B9%D8%B1%D8%A8%D9%8A%D8%A9-%D9%88%D8%A7%D9%84%D8%A5%D9%86%D8%AC%D9%84%D9%8A%D8%B2%D9%8A%D8%A9,4.5,7,يوم,8,0,$10.00,يوم واحد,7,5,430.0,شريف ع.,https://khamsat.com/user/sherifassal,True,بائع مميز,4.5,103,91.32%,6,141,6 ساعات
كتابة وترجمة,https://khamsat.com/writing,إعداد وكتابة البحوث,https://khamsat.com/writing/research-writing,كتابة ابحاث علمية وفق المعايير والشروط العلمية,https://khamsat.com/writing/research-writing/1987147-%D9%83%D8%AA%D8%A7%D8%A8%D8%A9-%D8%A7%D8%A8%D8%AD%D8%A7%D8%AB-%D8%B9%D9%84%D9%85%D9%8A%D8%A9-%D9%88%D9%81%D9%82-%D8%A7%D9%84%D9%85%D8%B9%D8%A7%D9%8A%D9%8A%D8%B1-%D9%88%D8%A7%D9%84%D8%B4%D8%B1%D9%88%D8%B7-%D8%A7%D9%84%D8%B9%D9%84%D9%85%D9%8A%D8%A9,5.0,76,3 ساعات,103,0,$20.00,يوم واحد,25,2,45.0,رهف ا.,https://khamsat.com/user/rahafibrahem,True,بائع مميز,5.0,247,97.14%,7,244,ساعتين
كتابة وترجمة,https://khamsat.com/writing,إعداد وكتابة البحوث,https://khamsat.com/writing/research-writing,كتابة محتوى علمي وإعداد وتنسيق وتدقيق بحث علمي,https://khamsat.com/writing/research-writing/2755663-%D9%83%D8%AA%D8%A7%D8%A8%D8%A9-%D9%85%D8%AD%D8%AA%D9%88%D9%89-%D8%B9%D9%84%D9%85%D9%8A-%D9%88%D8%A5%D8%B9%D8%AF%D8%A7%D8%AF-%D9%88%D8%AA%D9%86%D8%B3%D9%8A%D9%82-%D9%88%D8%AA%D8%AF%D9%82%D9%8A%D9%82-%D8%A8%D8%AD%D8%AB-%D8%B9%D9%84%D9%85%D9%8A,4.5,18,6 ساعات,24,0,$20.00,ثلاثة أيام,18,5,230.0,مروة م.,https://khamsat.com/user/marwabiomo,True,بائع مميز,4.5,23,95.77%,5,28,8 ساعات
كتابة وترجمة,https://khamsat.com/writing,إعداد وكتابة البحوث,https://khamsat.com/writing/research-writing,كتابة ابحاث في مجالات الاقتصاد كافة,https://khamsat.com/writing/research-writing/3029025-%D9%83%D8%AA%D8%A7%D8%A8%D8%A9-%D8%A7%D8%A8%D8%AD%D8%A7%D8%AB-%D9%81%D9%8A-%D9%85%D8%AC%D8%A7%D9%84%D8%A7%D8%AA-%D8%A7%D9%84%D8%A7%D9%82%D8%AA%D8%B5%D8%A7%D8%AF-%D9%83%D8%A7%D9%81%D8%A9,0.0,0,21 دقيقة,1,0,$5.00,ثلاثة أيام,0,5,125.0,.Rawan S,https://khamsat.com/user/rawan_saker,True,بائع جديد,0.0,0,100.0%,1,1,21 دقيقة
كتابة وترجمة,https://khamsat.com/writing,إعداد وكتابة البحوث,https://khamsat.com/writing/research-writing,توثيق المراجع بنظام APA7 في المتن والقائمة النهائية,https://khamsat.com/writing/research-writing/2850260-%D8%AA%D9%88%D8%AB%D9%8A%D9%82-%D8%A7%D9%84%D9%85%D8%B1%D8%A7%D8%AC%D8%B9-%D8%A8%D9%86%D8%B8%D8%A7%D9%85-apa7-%D9%81%D9%8A-%D8%A7%D9%84%D9%85%D8%AA%D9%86-%D9%88%D8%A7%D9%84%D9%82%D8%A7%D8%A6%D9%85%D8%A9-%D8%A7%D9%84%D9%86%D9%87%D8%A7%D8%A6%D9%8A%D8%A9,5.0,5,3 ساعات,7,0,$10.00,يوم واحد,5,5,125.0,دعاء م.,https://khamsat.com/user/doaa128,True,بائع مميز,5.0,93,98.74%,4,115,ساعة
كتابة وترجمة,https://khamsat.com/writing,إعداد وكتابة البحوث,https://khamsat.com/writing/research-writing,كتابة أبحاث علميةفي مجال Computer science,https://khamsat.com/writing/research-writing/2932034-%D9%83%D8%AA%D8%A7%D8%A8%D8%A9-%D8%A3%D8%A8%D8%AD%D8%A7%D8%AB-%D8%B9%D9%84%D9%85%D9%8A%D8%A9%D9%81%D9%8A-%D9%85%D8%AC%D8%A7%D9%84-computer-science,5.0,1,3 أيام,1,0,$10.00,خمسة أيام,1,2,20.0,آمنة ب.,https://khamsat.com/user/aminna,True,بائع نشيط,5.0,1,95.24%,4,1,يوم
كتابة وترجمة,https://khamsat.com/writing,إعداد وكتابة البحوث,https://khamsat.com/writing/research-writing,عمل بحوثات باللغتين العربية والانجليزية,https://khamsat.com/writing/research-writing/1780733-%D8%B9%D9%85%D9%84-%D8%A8%D8%AD%D9%88%D8%AB%D8%A7%D8%AA-%D8%A8%D8%A7%D9%84%D9%84%D8%BA%D8%AA%D9%8A%D9%86-%D8%A7%D9%84%D8%B9%D8%B1%D8%A8%D9%8A%D8%A9-%D9%88%D8%A7%D9%84%D8%A7%D9%86%D8%AC%D9%84%D9%8A%D8%B2%D9%8A%D8%A9,5.0,22,6 ساعات,34,0,$10.00,يومين,22,5,165.0,.Alaa A,https://khamsat.com/user/alllaa99,True,بائع مميز,5.0,29,95.0%,3,37,10 ساعات
كتابة وترجمة,https://khamsat.com/writing,إعداد وكتابة البحوث,https://khamsat.com/writing/research-writing,تقديم مساعدات فى الرسائل والأبحاث التربوية,https://khamsat.com/writing/research-writing/1210271-%D8%AA%D9%82%D8%AF%D9%8A%D9%85-%D9%85%D8%B3%D8%A7%D8%B9%D8%AF%D8%A7%D8%AA-%D9%81%D9%89-%D8%A7%D9%84%D8%B1%D8%B3%D8%A7%D8%A6%D9%84-%D9%88%D8%A7%D9%84%D8%A3%D8%A8%D8%AD%D8%A7%D8%AB-%D8%A7%D9%84%D8%AA%D8%B1%D8%A8%D9%88%D9%8A%D8%A9,5.0,31,49 دقيقة,49,0,$5.00,أسبوع,25,5,390.0,نور الهدي ش.,https://khamsat.com/user/nour-elhoda.ynk,True,بائع مميز,5.0,63,97.05%,4,84,48 دقيقة
كتابة وترجمة,https://khamsat.com/writing,إعداد وكتابة البحوث,https://khamsat.com/writing/research-writing,كتابة الأبحاث الهندسية و العلمية,https://khamsat.com/writing/research-writing/2565650-%D9%83%D8%AA%D8%A7%D8%A8%D8%A9-%D8%A7%D9%84%D8%A3%D8%A8%D8%AD%D8%A7%D8%AB-%D8%A7%D9%84%D9%87%D9%86%D8%AF%D8%B3%D9%8A%D8%A9-%D9%88-%D8%A7%D9%84%D8%B9%D9%84%D9%85%D9%8A%D8%A9,5.0,20,ساعتين,27,0,$5.00,يوم واحد,20,5,50.0,.Hadi M,https://khamsat.com/user/hadiw2002,True,بائع مميز,5.0,33,89.66%,5,37,37 دقيقة
كتابة وترجمة,https://khamsat.com/writing,إعداد وكتابة البحوث,https://khamsat.com/writing/research-writing,إعداد وكتابة خطة بحث للدراسات والأبحاث العلمية,https://khamsat.com/writing/research-writing/2884508-%D8%A5%D8%B9%D8%AF%D8%A7%D8%AF-%D9%88%D9%83%D8%AA%D8%A7%D8%A8%D8%A9-%D8%AE%D8%B7%D8%A9-%D8%A8%D8%AD%D8%AB-%D9%84%D9%84%D8%AF%D8%B1%D8%A7%D8%B3%D8%A7%D8%AA-%D9%88%D8%A7%D9%84%D8%A3%D8%A8%D8%AD%D8%A7%D8%AB-%D8%A7%D9%84%D8%B9%D9%84%D9%85%D9%8A%D8%A9,5.0,7,3 ساعات,7,1,$10.00,يومين,7,5,155.0,محمد ع.,https://khamsat.com/user/mohammad-saudi,True,بائع نشيط,5.0,13,97.44%,6,15,6 ساعات
كتابة وترجمة,https://khamsat.com/writing,إعداد وكتابة البحوث,https://khamsat.com/writing/research-writing,كتابة أبحاث علمية بالانجليزية في مختلف المجالات الطبية,https://khamsat.com/writing/research-writing/1981649-%D9%83%D8%AA%D8%A7%D8%A8%D8%A9-%D8%A3%D8%A8%D8%AD%D8%A7%D8%AB-%D8%B9%D9%84%D9%85%D9%8A%D8%A9-%D8%A8%D8%A7%D9%84%D8%A7%D9%86%D8%AC%D9%84%D9%8A%D8%B2%D9%8A%D8%A9-%D9%81%D9%8A-%D9%85%D8%AE%D8%AA%D9%84%D9%81-%D8%A7%D9%84%D9%85%D8%AC%D8%A7%D9%84%D8%A7%D8%AA-%D8%A7%D9%84%D8%B7%D8%A8%D9%8A%D8%A9,4.5,27,9 ساعات,33,0,$5.00,يوم واحد,25,5,75.0,.Ahmed R,https://khamsat.com/user/ahmed690104,True,بائع مميز,4.5,34,98.56%,5,37,4 ساعات
كتابة وترجمة,https://khamsat.com/writing,إعداد وكتابة البحوث,https://khamsat.com/writing/research-writing,إعداد وكتابة بحوث علمية في مجالات الاقتصاد وإدارة الأعمال,https://khamsat.com/writing/research-writing/2805652-%D8%A5%D8%B9%D8%AF%D8%A7%D8%AF-%D9%88%D9%83%D8%AA%D8%A7%D8%A8%D8%A9-%D8%A8%D8%AD%D9%88%D8%AB-%D8%B9%D9%84%D9%85%D9%8A%D8%A9-%D9%81%D9%8A-%D9%85%D8%AC%D8%A7%D9%84%D8%A7%D8%AA-%D8%A7%D9%84%D8%A7%D9%82%D8%AA%D8%B5%D8%A7%D8%AF-%D9%88%D8%A5%D8%AF%D8%A7%D8%B1%D8%A9-%D8%A7%D9%84%D8%A3%D8%B9%D9%85%D8%A7%D9%84,4.5,14,14 ساعة,19,0,$20.00,يومين,14,5,165.0,مجدي م.,https://khamsat.com/user/drmagdymuhammad,True,بائع مميز,4.5,28,98.15%,2,37,10 ساعات
كتابة وترجمة,https://khamsat.com/writing,إعداد وكتابة البحوث,https://khamsat.com/writing/research-writing,كتابة الأبحاث العلمية والأكاديمية,https://khamsat.com/writing/research-writing/2786688-%D9%83%D8%AA%D8%A7%D8%A8%D8%A9-%D8%A7%D9%84%D8%A3%D8%A8%D8%AD%D8%A7%D8%AB-%D8%A7%D9%84%D8%B9%D9%84%D9%85%D9%8A%D8%A9-%D9%88%D8%A7%D9%84%D8%A3%D9%83%D8%A7%D8%AF%D9%8A%D9%85%D9%8A%D8%A9,4.5,9,11 ساعة,17,0,$5.00,يوم واحد,9,3,75.0,آلاء ط.,https://khamsat.com/user/%D8%A2%D9%84%D8%A7%D8%A1-%D8%B3%D8%B9,True,بائع مميز,5.0,89,86.4%,10,119,6 ساعات
كتابة وترجمة,https://khamsat.com/writing,إعداد وكتابة البحوث,https://khamsat.com/writing/research-writing,كتابة الابحاث العلمية بطريقة إحترافية,https://khamsat.com/writing/research-writing/3001068-%D9%83%D8%AA%D8%A7%D8%A8%D8%A9-%D8%A7%D9%84%D8%A7%D8%A8%D8%AD%D8%A7%D8%AB-%D8%A7%D9%84%D8%B9%D9%84%D9%85%D9%8A%D8%A9-%D8%A8%D8%B7%D8%B1%D9%8A%D9%82%D8%A9-%D8%A5%D8%AD%D8%AA%D8%B1%D8%A7%D9%81%D9%8A%D8%A9,4.5,16,4 ساعات,22,1,$5.00,يوم واحد,16,5,175.0,.Mohamed K,https://khamsat.com/user/dr.mohamed-kamal,True,بائع مميز,5.0,112,95.53%,5,142,3 ساعات
كتابة وترجمة,https://khamsat.com/writing,إعداد وكتابة البحوث,https://khamsat.com/writing/research-writing,اكتب لك بحث اكاديمي في مجال إدارة الأعمالBusiness Management,https://khamsat.com/writing/research-writing/2618599-%D8%A7%D9%83%D8%AA%D8%A8-%D9%84%D9%83-%D8%A8%D8%AD%D8%AB-%D8%A7%D9%83%D8%A7%D8%AF%D9%8A%D9%85%D9%8A-%D9%81%D9%8A-%D9%85%D8%AC%D8%A7%D9%84-%D8%A5%D8%AF%D8%A7%D8%B1%D8%A9-%D8%A7%D9%84%D8%A3%D8%B9%D9%85%D8%A7%D9%84business-management,5.0,9,3 دقائق,16,0,$10.00,ثلاثة أيام,9,5,385.0,علاء ا.,https://khamsat.com/user/alaa_alhaj_muhmmad,True,بائع مميز,5.0,272,93.56%,25,236,22 دقيقة
كتابة وترجمة,https://khamsat.com/writing,إعداد وكتابة البحوث,https://khamsat.com/writing/research-writing,كتابة الرسائل والأبحاث العلميه باستخدام latex,https://khamsat.com/writing/research-writing/1203373-%D9%83%D8%AA%D8%A7%D8%A8%D8%A9-%D8%A7%D9%84%D8%B1%D8%B3%D8%A7%D8%A6%D9%84-%D9%88%D8%A7%D9%84%D8%A3%D8%A8%D8%AD%D8%A7%D8%AB-%D8%A7%D9%84%D8%B9%D9%84%D9%85%D9%8A%D9%87-%D8%A8%D8%A7%D8%B3%D8%AA%D8%AE%D8%AF%D8%A7%D9%85-latex,5.0,3,31 دقيقة,5,0,$5.00,يوم واحد,3,5,125.0,.Ali G,https://khamsat.com/user/ali_gamal452,True,بائع نشيط,5.0,5,95.24%,2,6,ساعة
كتابة وترجمة,https://khamsat.com/writing,إعداد وكتابة البحوث,https://khamsat.com/writing/research-writing,كتابة وتحضير دراسات وأبحاث واستبيانات البحوث في مجال الطب,https://khamsat.com/writing/research-writing/1330801-%D9%83%D8%AA%D8%A7%D8%A8%D8%A9-%D9%88%D8%AA%D8%AD%D8%B6%D9%8A%D8%B1-%D8%AF%D8%B1%D8%A7%D8%B3%D8%A7%D8%AA-%D9%88%D8%A3%D8%A8%D8%AD%D8%A7%D8%AB-%D9%88%D8%A7%D8%B3%D8%AA%D8%A8%D9%8A%D8%A7%D9%86%D8%A7%D8%AA-%D8%A7%D9%84%D8%A8%D8%AD%D9%88%D8%AB-%D9%81%D9%8A-%D9%85%D8%AC%D8%A7%D9%84-%D8%A7%D9%84%D8%B7%D8%A8,5.0,27,5 أيام,35,0,$5.00,أربعة أيام,25,4,140.0,أمين السر ع.,https://khamsat.com/user/aminoz94,True,بائع مميز,5.0,27,87.12%,4,35,يوم
كتابة وترجمة,https://khamsat.com/writing,إعداد وكتابة البحوث,https://khamsat.com/writing/research-writing,كتابة الأبحاث والتقارير باللغتين العربية والإنجليزية,https://khamsat.com/writing/research-writing/2568131-%D9%83%D8%AA%D8%A7%D8%A8%D8%A9-%D8%A7%D9%84%D8%A3%D8%A8%D8%AD%D8%A7%D8%AB-%D9%88%D8%A7%D9%84%D8%AA%D9%82%D8%A7%D8%B1%D9%8A%D8%B1-%D8%A8%D8%A7%D9%84%D9%84%D8%BA%D8%AA%D9%8A%D9%86-%D8%A7%D9%84%D8%B9%D8%B1%D8%A8%D9%8A%D8%A9-%D9%88%D8%A7%D9%84%D8%A5%D9%86%D8%AC%D9%84%D9%8A%D8%B2%D9%8A%D8%A9,4.5,18,11 دقيقة,23,0,$5.00,يوم واحد,18,5,60.0,.Mohamed B,https://khamsat.com/user/mohamedbassem3,True,بائع مميز,4.5,34,89.02%,3,36,ساعتين
كتابة وترجمة,https://khamsat.com/writing,إعداد وكتابة البحوث,https://khamsat.com/writing/research-writing,بحث علمي باللغتين العربية والإنجليزية في علوم الحاسب بأنواعه,https://khamsat.com/writing/research-writing/1049847-%D8%A8%D8%AD%D8%AB-%D8%B9%D9%84%D9%85%D9%8A-%D8%A8%D8%A7%D9%84%D9%84%D8%BA%D8%AA%D9%8A%D9%86-%D8%A7%D9%84%D8%B9%D8%B1%D8%A8%D9%8A%D8%A9-%D9%88%D8%A7%D9%84%D8%A5%D9%86%D8%AC%D9%84%D9%8A%D8%B2%D9%8A%D8%A9-%D9%81%D9%8A-%D8%B9%D9%84%D9%88%D9%85-%D8%A7%D9%84%D8%AD%D8%A7%D8%B3%D8%A8-%D8%A8%D8%A3%D9%86%D9%88%D8%A7%D8%B9%D9%87,5.0,16,يوم,25,0,$10.00,ثلاثة أيام,16,3,20.0,.Lobna R,https://khamsat.com/user/lobna_ragab,True,بائع مميز,5.0,16,85.37%,1,25,11 يوم
كتابة وترجمة,https://khamsat.com/writing,كتابة طلبات المنح,https://khamsat.com/writing/grant-writing,كتابة خطاب الغرض او الدوافع من الدراسة| Personal statement,https://khamsat.com/writing/grant-writing/1598469-%D9%83%D8%AA%D8%A7%D8%A8%D8%A9-%D8%AE%D8%B7%D8%A7%D8%A8-%D8%A7%D9%84%D8%BA%D8%B1%D8%B6-%D8%A7%D9%88-%D8%A7%D9%84%D8%AF%D9%88%D8%A7%D9%81%D8%B9-%D9%85%D9%86-%D8%A7%D9%84%D8%AF%D8%B1%D8%A7%D8%B3%D8%A9-personal-statement,5.0,94,4 ساعات,177,0,$25.00,يوم واحد,25,5,390.0,.Meryem M,https://khamsat.com/user/meriem_ad,True,بائع مميز,5.0,223,97.88%,15,307,ساعة
كتابة وترجمة,https://khamsat.com/writing,كتابة طلبات المنح,https://khamsat.com/writing/grant-writing,كتابة خطابات توصية وخطاب النية بشكل احترافي,https://khamsat.com/writing/grant-writing/1289861-%D9%83%D8%AA%D8%A7%D8%A8%D8%A9-%D8%AE%D8%B7%D8%A7%D8%A8%D8%A7%D8%AA-%D8%AA%D9%88%D8%B5%D9%8A%D8%A9-%D9%88%D8%AE%D8%B7%D8%A7%D8%A8-%D8%A7%D9%84%D9%86%D9%8A%D8%A9-%D8%A8%D8%B4%D9%83%D9%84-%D8%A7%D8%AD%D8%AA%D8%B1%D8%A7%D9%81%D9%8A,5.0,105,ساعة,157,0,$5.00,يومين,25,5,210.0,.Mahmoud E,https://khamsat.com/user/m_abdelsattar,True,بائع مميز,5.0,132,93.7%,11,188,3 ساعات
كتابة وترجمة,https://khamsat.com/writing,كتابة طلبات المنح,https://khamsat.com/writing/grant-writing,كتابة رسائل التوصية Cover/Motivation Letter,https://khamsat.com/writing/grant-writing/1762128-%D9%83%D8%AA%D8%A7%D8%A8%D8%A9-%D8%B1%D8%B3%D8%A7%D8%A6%D9%84-%D8%A7%D9%84%D8%AA%D9%88%D8%B5%D9%8A%D8%A9-covermotivation-letter,4.5,86,3 دقائق,111,0,$10.00,يوم واحد,25,0,0.0,.Sadik T,https://khamsat.com/user/sadiko88,True,بائع مميز,4.5,112,98.71%,7,135,ساعتين
كتابة وترجمة,https://khamsat.com/writing,كتابة طلبات المنح,https://khamsat.com/writing/grant-writing,كتابة خطابات وتوصيات رسمية بشكل احترافي لأي غرض تريده,https://khamsat.com/writing/grant-writing/2857554-%D9%83%D8%AA%D8%A7%D8%A8%D8%A9-%D8%AE%D8%B7%D8%A7%D8%A8%D8%A7%D8%AA-%D9%88%D8%AA%D9%88%D8%B5%D9%8A%D8%A7%D8%AA-%D8%B1%D8%B3%D9%85%D9%8A%D8%A9-%D8%A8%D8%B4%D9%83%D9%84-%D8%A7%D8%AD%D8%AA%D8%B1%D8%A7%D9%81%D9%8A-%D9%84%D8%A3%D9%8A-%D8%BA%D8%B1%D8%B6-%D8%AA%D8%B1%D9%8A%D8%AF%D9%87,5.0,8,34 دقيقة,8,0,$10.00,يوم واحد,8,2,40.0,محمد ش.,https://khamsat.com/user/chayoub_mohammed,True,بائع مميز,5.0,70,92.35%,7,96,ساعة
كتابة وترجمة,https://khamsat.com/writing,كتابة طلبات المنح,https://khamsat.com/writing/grant-writing,كتابة خطاب نوايا letter of intent للمنح الدراسية scholarship,https://khamsat.com/writing/grant-writing/1617530-%D9%83%D8%AA%D8%A7%D8%A8%D8%A9-%D8%AE%D8%B7%D8%A7%D8%A8-%D9%86%D9%88%D8%A7%D9%8A%D8%A7-letter-of-intent-%D9%84%D9%84%D9%85%D9%86%D8%AD-%D8%A7%D9%84%D8%AF%D8%B1%D8%A7%D8%B3%D9%8A%D8%A9-scholarship,5.0,11,4 دقائق,15,0,$25.00,شهر,11,3,135.0,ناديا م.,https://khamsat.com/user/m_shereef,True,بائع مميز,4.5,53,87.5%,7,55,9 ساعات
كتابة وترجمة,https://khamsat.com/writing,كتابة طلبات المنح,https://khamsat.com/writing/grant-writing,كتابة خطاب التغطية Cover Letter ورسالة الدافع Motivational,https://khamsat.com/writing/grant-writing/2868221-%D9%83%D8%AA%D8%A7%D8%A8%D8%A9-%D8%AE%D8%B7%D8%A7%D8%A8-%D8%A7%D9%84%D8%AA%D8%BA%D8%B7%D9%8A%D8%A9-cover-letter-%D9%88%D8%B1%D8%B3%D8%A7%D9%84%D8%A9-%D8%A7%D9%84%D8%AF%D8%A7%D9%81%D8%B9-motivational,5.0,4,11 ساعة,5,0,$5.00,يومين,4,0,0.0,أحمد ص.,https://khamsat.com/user/asellithy,True,بائع مميز,5.0,80,99.37%,4,96,4 ساعات
كتابة وترجمة,https://khamsat.com/writing,كتابة طلبات المنح,https://khamsat.com/writing/grant-writing,كتابة خطاب الغرضMotivation Letter للمنح الدراسيةScholarships,https://khamsat.com/writing/grant-writing/1377236-%D9%83%D8%AA%D8%A7%D8%A8%D8%A9-%D8%AE%D8%B7%D8%A7%D8%A8-%D8%A7%D9%84%D8%BA%D8%B1%D8%B6motivation-letter-%D9%84%D9%84%D9%85%D9%86%D8%AD-%D8%A7%D9%84%D8%AF%D8%B1%D8%A7%D8%B3%D9%8A%D8%A9scholarships,5.0,7,ساعتين,15,0,$10.00,يومين,7,1,15.0,.Mohamad Q,https://khamsat.com/user/qutait,True,بائع نشيط,5.0,19,90.74%,10,31,5 ساعات
كتابة وترجمة,https://khamsat.com/writing,كتابة طلبات المنح,https://khamsat.com/writing/grant-writing,كتابة خطابات توصية وخطاب النية بشكل سليم واحترافي,https://khamsat.com/writing/grant-writing/1870404-%D9%83%D8%AA%D8%A7%D8%A8%D8%A9-%D8%AE%D8%B7%D8%A7%D8%A8%D8%A7%D8%AA-%D8%AA%D9%88%D8%B5%D9%8A%D8%A9-%D9%88%D8%AE%D8%B7%D8%A7%D8%A8-%D8%A7%D9%84%D9%86%D9%8A%D8%A9-%D8%A8%D8%B4%D9%83%D9%84-%D8%B3%D9%84%D9%8A%D9%85-%D9%88%D8%A7%D8%AD%D8%AA%D8%B1%D8%A7%D9%81%D9%8A,4.5,10,6 ساعات,12,0,$5.00,يوم واحد,10,3,65.0,.Eman M,https://khamsat.com/user/emanmostafa24,True,بائع مميز,4.5,37,94.62%,9,60,9 ساعات
كتابة وترجمة,https://khamsat.com/writing,كتابة طلبات المنح,https://khamsat.com/writing/grant-writing,تقديم للمنح الدراسية,https://khamsat.com/writing/grant-writing/1064796-%D8%AA%D9%82%D8%AF%D9%8A%D9%85-%D9%84%D9%84%D9%85%D9%86%D8%AD-%D8%A7%D9%84%D8%AF%D8%B1%D8%A7%D8%B3%D9%8A%D8%A9,0.0,0,26 يوم,2,0,$5.00,ثلاثة أيام,0,1,5.0,دعاء ع.,https://khamsat.com/user/%D8%AF%D8%B9%D8%A7%D8%A1-%D8%A7%D9%84%D8%A8%D8%AF%D8%B1%D9%8A,True,بائع نشيط,4.0,12,73.33%,4,13,6 أيام
كتابة وترجمة,https://khamsat.com/writing,كتابة طلبات المنح,https://khamsat.com/writing/grant-writing,كتابة خطابات تحفيز أو دافع للمنح باحترافية,https://khamsat.com/writing/grant-writing/2050914-%D9%83%D8%AA%D8%A7%D8%A8%D8%A9-%D8%AE%D8%B7%D8%A7%D8%A8%D8%A7%D8%AA-%D8%AA%D8%AD%D9%81%D9%8A%D8%B2-%D8%A3%D9%88-%D8%AF%D8%A7%D9%81%D8%B9-%D9%84%D9%84%D9%85%D9%86%D8%AD-%D8%A8%D8%A7%D8%AD%D8%AA%D8%B1%D8%A7%D9%81%D9%8A%D8%A9,5.0,1,10 ساعات,1,0,$10.00,يومين,1,2,10.0,.Nada M,https://khamsat.com/user/nadamuhammad999,True,بائع جديد,5.0,1,50.0%,2,1,10 ساعات
كتابة وترجمة,https://khamsat.com/writing,كتابة طلبات المنح,https://khamsat.com/writing/grant-writing,كتابه خطاب الغرض او التقدم الي الجامعات الاجنبيه,https://khamsat.com/writing/grant-writing/923844-%D9%83%D8%AA%D8%A7%D8%A8%D9%87-%D8%AE%D8%B7%D8%A7%D8%A8-%D8%A7%D9%84%D8%BA%D8%B1%D8%B6-%D8%A7%D9%88-%D8%A7%D9%84%D8%AA%D9%82%D8%AF%D9%85-%D8%A7%D9%84%D9%8A-%D8%A7%D9%84%D8%AC%D8%A7%D9%85%D8%B9%D8%A7%D8%AA-%D8%A7%D9%84%D8%A7%D8%AC%D9%86%D8%A8%D9%8A%D9%87,5.0,4,9 ساعات,4,0,$10.00,أسبوع,4,3,350.0,نورهان ع.,https://khamsat.com/user/%D9%86%D9%88%D8%B1%D9%87%D8%A7%D9%86-%D8%B9%D9%8A%D8%B7%D9%87,True,بائع مميز,4.5,59,78.97%,9,57,يوم
كتابة وترجمة,https://khamsat.com/writing,كتابة طلبات المنح,https://khamsat.com/writing/grant-writing,كتابة خطاب الدافع من الدراسةMotivation Letters /SOPt,https://khamsat.com/writing/grant-writing/2940989-%D9%83%D8%AA%D8%A7%D8%A8%D8%A9-%D8%AE%D8%B7%D8%A7%D8%A8-%D8%A7%D9%84%D8%AF%D8%A7%D9%81%D8%B9-%D9%85%D9%86-%D8%A7%D9%84%D8%AF%D8%B1%D8%A7%D8%B3%D8%A9motivation-letters-sopt,0.0,0,لم يحسب,0,0,$10.00,يوم واحد,0,2,20.0,.Khaled S,https://khamsat.com/user/dr_khaled202,True,بائع جديد,0.0,0,لم يحسب بعد,1,0,لم يحسب
كتابة وترجمة,https://khamsat.com/writing,كتابة طلبات المنح,https://khamsat.com/writing/grant-writing,كتابة الخطابات والرسائل ومراجعتها,https://khamsat.com/writing/grant-writing/2988745-%D9%83%D8%AA%D8%A7%D8%A8%D8%A9-%D8%A7%D9%84%D8%AE%D8%B7%D8%A7%D8%A8%D8%A7%D8%AA-%D9%88%D8%A7%D9%84%D8%B1%D8%B3%D8%A7%D8%A6%D9%84-%D9%88%D9%85%D8%B1%D8%A7%D8%AC%D8%B9%D8%AA%D9%87%D8%A7,0.0,0,لم يحسب,0,0,$10.00,يوم واحد,0,2,10.0,.Wafaa H,https://khamsat.com/user/wafaahm,True,بائع جديد,0.0,0,لم يحسب بعد,3,0,لم يحسب
كتابة وترجمة,https://khamsat.com/writing,كتابة طلبات المنح,https://khamsat.com/writing/grant-writing,كتابه متطلبات المنح الدراسية,https://khamsat.com/writing/grant-writing/2502155-%D9%83%D8%AA%D8%A7%D8%A8%D9%87-%D9%85%D8%AA%D8%B7%D9%84%D8%A8%D8%A7%D8%AA-%D8%A7%D9%84%D9%85%D9%86%D8%AD-%D8%A7%D9%84%D8%AF%D8%B1%D8%A7%D8%B3%D9%8A%D8%A9,0.0,0,5 ساعات,0,0,$10.00,يومين,0,1,5.0,.Mahmoud A,https://khamsat.com/user/mahmoud_hussain123,True,بائع جديد,0.0,1,75.0%,2,2,5 ساعات
كتابة وترجمة,https://khamsat.com/writing,كتابة طلبات المنح,https://khamsat.com/writing/grant-writing,كتابة خطابات وايميلات لتقديم الوظائف والجامعات,https://khamsat.com/writing/grant-writing/3020145-%D9%83%D8%AA%D8%A7%D8%A8%D8%A9-%D8%AE%D8%B7%D8%A7%D8%A8%D8%A7%D8%AA-%D9%88%D8%A7%D9%8A%D9%85%D9%8A%D9%84%D8%A7%D8%AA-%D9%84%D8%AA%D9%82%D8%AF%D9%8A%D9%85-%D8%A7%D9%84%D9%88%D8%B8%D8%A7%D8%A6%D9%81-%D9%88%D8%A7%D9%84%D8%AC%D8%A7%D9%85%D8%B9%D8%A7%D8%AA,0.0,0,لم يحسب,0,0,$5.00,يومين,0,3,35.0,احمد ر.,https://khamsat.com/user/ahmedrakha221,True,بائع جديد,0.0,0,لم يحسب بعد,1,0,لم يحسب
كتابة وترجمة,https://khamsat.com/writing,كتابة طلبات المنح,https://khamsat.com/writing/grant-writing,خطابات التقديم والقبول للجامعات والمنح | Scholarships |,https://khamsat.com/writing/grant-writing/2191343-%D8%AE%D8%B7%D8%A7%D8%A8%D8%A7%D8%AA-%D8%A7%D9%84%D8%AA%D9%82%D8%AF%D9%8A%D9%85-%D9%88%D8%A7%D9%84%D9%82%D8%A8%D9%88%D9%84-%D9%84%D9%84%D8%AC%D8%A7%D9%85%D8%B9%D8%A7%D8%AA-%D9%88%D8%A7%D9%84%D9%85%D9%86%D8%AD-scholarships,5.0,2,3 ساعات,5,0,$5.00,يوم واحد,2,2,35.0,.Mohamed H,https://khamsat.com/user/mohamed_hassan100,True,بائع نشيط,5.0,6,93.33%,5,9,3 ساعات
كتابة وترجمة,https://khamsat.com/writing,كتابة طلبات المنح,https://khamsat.com/writing/grant-writing,كتابة رسالة دافع Motivational Letter,https://khamsat.com/writing/grant-writing/2869222-%D9%83%D8%AA%D8%A7%D8%A8%D8%A9-%D8%B1%D8%B3%D8%A7%D9%84%D8%A9-%D8%AF%D8%A7%D9%81%D8%B9-motivational-letter,0.0,0,لم يحسب,0,0,$10.00,يوم واحد,0,0,0.0,تالا م.,https://khamsat.com/user/tala27,True,بائع جديد,5.0,1,100.0%,4,1,لم يحسب
كتابة وترجمة,https://khamsat.com/writing,كتابة طلبات المنح,https://khamsat.com/writing/grant-writing,كتابه رسائل التوصيه cover letter motivation letter,https://khamsat.com/writing/grant-writing/2958400-%D9%83%D8%AA%D8%A7%D8%A8%D9%87-%D8%B1%D8%B3%D8%A7%D8%A6%D9%84-%D8%A7%D9%84%D8%AA%D9%88%D8%B5%D9%8A%D9%87-cover-letter-motivation-letter,0.0,0,لم يحسب,0,0,$5.00,يوم واحد,0,0,0.0,اكرم ا.,https://khamsat.com/user/akramfayed88,True,بائع جديد,5.0,1,100.0%,5,1,11 دقيقة
كتابة وترجمة,https://khamsat.com/writing,كتابة طلبات المنح,https://khamsat.com/writing/grant-writing,كتابة رسالة تحفيزية لكافة المنح الدراسية,https://khamsat.com/writing/grant-writing/2875034-%D9%83%D8%AA%D8%A7%D8%A8%D8%A9-%D8%B1%D8%B3%D8%A7%D9%84%D8%A9-%D8%AA%D8%AD%D9%81%D9%8A%D8%B2%D9%8A%D8%A9-%D9%84%D9%83%D8%A7%D9%81%D8%A9-%D8%A7%D9%84%D9%85%D9%86%D8%AD-%D8%A7%D9%84%D8%AF%D8%B1%D8%A7%D8%B3%D9%8A%D8%A9,0.0,0,لم يحسب,0,0,$10.00,يوم واحد,0,1,5.0,.Mohand Ouidir H,https://khamsat.com/user/mohpatchi,True,بائع جديد,0.0,1,100.0%,4,2,18 دقيقة
كتابة وترجمة,https://khamsat.com/writing,كتابة طلبات المنح,https://khamsat.com/writing/grant-writing,كتابة خطاب توصية للمنح الدراسية,https://khamsat.com/writing/grant-writing/2015392-%D9%83%D8%AA%D8%A7%D8%A8%D8%A9-%D8%AE%D8%B7%D8%A7%D8%A8-%D8%AA%D9%88%D8%B5%D9%8A%D8%A9-%D9%84%D9%84%D9%85%D9%86%D8%AD-%D8%A7%D9%84%D8%AF%D8%B1%D8%A7%D8%B3%D9%8A%D8%A9,5.0,1,ساعة,0,0,$5.00,يوم واحد,1,0,0.0,.Rasha A,https://khamsat.com/user/rania_azizi,True,بائع جديد,5.0,4,28.57%,4,3,35 دقيقة
كتابة وترجمة,https://khamsat.com/writing,كتابة طلبات المنح,https://khamsat.com/writing/grant-writing,إعداد مستندات المنح الدراسية: خطابات النية، التوصية وغيرها,https://khamsat.com/writing/grant-writing/2979267-%D8%A5%D8%B9%D8%AF%D8%A7%D8%AF-%D9%85%D8%B3%D8%AA%D9%86%D8%AF%D8%A7%D8%AA-%D8%A7%D9%84%D9%85%D9%86%D8%AD-%D8%A7%D9%84%D8%AF%D8%B1%D8%A7%D8%B3%D9%8A%D8%A9-%D8%AE%D8%B7%D8%A7%D8%A8%D8%A7%D8%AA-%D8%A7%D9%84%D9%86%D9%8A%D8%A9-%D8%A7%D9%84%D8%AA%D9%88%D8%B5%D9%8A%D8%A9-%D9%88%D8%BA%D9%8A%D8%B1%D9%87%D8%A7,0.0,0,لم يحسب,0,0,$5.00,يومين,0,5,185.0,.Mahmoud S,https://khamsat.com/user/mmshoaib,False,بائع جديد,0.0,0,لم يحسب بعد,2,0,لم يحسب
كتابة وترجمة,https://khamsat.com/writing,كتابة طلبات المنح,https://khamsat.com/writing/grant-writing,التقديم على المنح الدراسية والمساعده فيها,https://khamsat.com/writing/grant-writing/2641933-%D8%A7%D9%84%D8%AA%D9%82%D8%AF%D9%8A%D9%85-%D8%B9%D9%84%D9%89-%D8%A7%D9%84%D9%85%D9%86%D8%AD-%D8%A7%D9%84%D8%AF%D8%B1%D8%A7%D8%B3%D9%8A%D8%A9-%D9%88%D8%A7%D9%84%D9%85%D8%B3%D8%A7%D8%B9%D8%AF%D9%87-%D9%81%D9%8A%D9%87%D8%A7,0.0,0,لم يحسب,0,0,$10.00,يوم واحد,0,5,55.0,.Eman M,https://khamsat.com/user/emanmostafa24,True,بائع مميز,4.5,37,94.62%,9,60,9 ساعات
كتابة وترجمة,https://khamsat.com/writing,كتابة طلبات المنح,https://khamsat.com/writing/grant-writing,كتابة خطاب الغرض من الدراسة خطاب الدافع Academic -S,https://khamsat.com/writing/grant-writing/2910926-%D9%83%D8%AA%D8%A7%D8%A8%D8%A9-%D8%AE%D8%B7%D8%A7%D8%A8-%D8%A7%D9%84%D8%BA%D8%B1%D8%B6-%D9%85%D9%86-%D8%A7%D9%84%D8%AF%D8%B1%D8%A7%D8%B3%D8%A9-%D8%AE%D8%B7%D8%A7%D8%A8-%D8%A7%D9%84%D8%AF%D8%A7%D9%81%D8%B9-academic-s,0.0,0,لم يحسب,0,0,$10.00,يوم واحد,0,3,180.0,.Ayman M,https://khamsat.com/user/aymanmfati,True,بائع جديد,0.0,0,لم يحسب بعد,2,0,لم يحسب
كتابة وترجمة,https://khamsat.com/writing,كتابة طلبات المنح,https://khamsat.com/writing/grant-writing,كتاب خطاب الدافع Letter of motivation Cover Letter,https://khamsat.com/writing/grant-writing/2855648-%D9%83%D8%AA%D8%A7%D8%A8-%D8%AE%D8%B7%D8%A7%D8%A8-%D8%A7%D9%84%D8%AF%D8%A7%D9%81%D8%B9-letter-of-motivation-cover-letter,0.0,0,لم يحسب,0,0,$5.00,يوم واحد,0,0,0.0,.Malek G,https://khamsat.com/user/malek_gz,True,بائع جديد,0.0,0,لم يحسب بعد,3,0,لم يحسب
كتابة وترجمة,https://khamsat.com/writing,كتابة طلبات المنح,https://khamsat.com/writing/grant-writing,كتابة طلبات المنح باللغتين العربية والإنجليزية بشكل محترف,https://khamsat.com/writing/grant-writing/2895219-%D9%83%D8%AA%D8%A7%D8%A8%D8%A9-%D8%B7%D9%84%D8%A8%D8%A7%D8%AA-%D8%A7%D9%84%D9%85%D9%86%D8%AD-%D8%A8%D8%A7%D9%84%D9%84%D8%BA%D8%AA%D9%8A%D9%86-%D8%A7%D9%84%D8%B9%D8%B1%D8%A8%D9%8A%D8%A9-%D9%88%D8%A7%D9%84%D8%A5%D9%86%D8%AC%D9%84%D9%8A%D8%B2%D9%8A%D8%A9-%D8%A8%D8%B4%D9%83%D9%84-%D9%85%D8%AD%D8%AA%D8%B1%D9%81,0.0,0,لم يحسب,0,0,$5.00,يوم واحد,0,3,25.0,عبدالله ي.,https://khamsat.com/user/yousefabdallah291,True,بائع جديد,0.0,0,لم يحسب بعد,3,0,لم يحسب
كتابة وترجمة,https://khamsat.com/writing,كتابة طلبات المنح,https://khamsat.com/writing/grant-writing,كتابة رسالة دافع أكاديمية للحصول على قبول جامعي,https://khamsat.com/writing/grant-writing/2939569-%D9%83%D8%AA%D8%A7%D8%A8%D8%A9-%D8%B1%D8%B3%D8%A7%D9%84%D8%A9-%D8%AF%D8%A7%D9%81%D8%B9-%D8%A3%D9%83%D8%A7%D8%AF%D9%8A%D9%85%D9%8A%D8%A9-%D9%84%D9%84%D8%AD%D8%B5%D9%88%D9%84-%D8%B9%D9%84%D9%89-%D9%82%D8%A8%D9%88%D9%84-%D8%AC%D8%A7%D9%85%D8%B9%D9%8A,0.0,0,لم يحسب,0,0,$10.00,يومين,0,3,15.0,.Adnan H,https://khamsat.com/user/adnan_hammour,True,بائع جديد,0.0,0,لم يحسب بعد,1,0,لم يحسب
كتابة وترجمة,https://khamsat.com/writing,كتابة طلبات المنح,https://khamsat.com/writing/grant-writing,كتابة خطابات التقديم للجامعات والمنح وخطابات التوصية,https://khamsat.com/writing/grant-writing/2579575-%D9%83%D8%AA%D8%A7%D8%A8%D8%A9-%D8%AE%D8%B7%D8%A7%D8%A8%D8%A7%D8%AA-%D8%A7%D9%84%D8%AA%D9%82%D8%AF%D9%8A%D9%85-%D9%84%D9%84%D8%AC%D8%A7%D9%85%D8%B9%D8%A7%D8%AA-%D9%88%D8%A7%D9%84%D9%85%D9%86%D8%AD-%D9%88%D8%AE%D8%B7%D8%A7%D8%A8%D8%A7%D8%AA-%D8%A7%D9%84%D8%AA%D9%88%D8%B5%D9%8A%D8%A9,0.0,0,لم يحسب,0,0,$10.00,يوم واحد,0,1,10.0,.Maher M,https://khamsat.com/user/maher2034,True,بائع مميز,4.5,52,86.23%,11,76,6 ساعات
كتابة وترجمة,https://khamsat.com/writing,كتابة طلبات المنح,https://khamsat.com/writing/grant-writing,أساعدك بالتقديم للمنح الدراسية المجانية : عربي / انجليزي,https://khamsat.com/writing/grant-writing/2458572-%D8%A3%D8%B3%D8%A7%D8%B9%D8%AF%D9%83-%D8%A8%D8%A7%D9%84%D8%AA%D9%82%D8%AF%D9%8A%D9%85-%D9%84%D9%84%D9%85%D9%86%D8%AD-%D8%A7%D9%84%D8%AF%D8%B1%D8%A7%D8%B3%D9%8A%D8%A9-%D8%A7%D9%84%D9%85%D8%AC%D8%A7%D9%86%D9%8A%D8%A9-%D8%B9%D8%B1%D8%A8%D9%8A-%D8%A7%D9%86%D8%AC%D9%84%D9%8A%D8%B2%D9%8A,0.0,0,لم يحسب,0,0,$5.00,يوم واحد,0,4,205.0,عدنان ا.,https://khamsat.com/user/adnanalkaderi,True,بائع مميز,5.0,95,91.8%,15,137,11 ساعة
كتابة وترجمة,https://khamsat.com/writing,كتابة طلبات المنح,https://khamsat.com/writing/grant-writing,كتابة خطاب النوايا (Letter of Intent) باحتراف,https://khamsat.com/writing/grant-writing/2288904-%D9%83%D8%AA%D8%A7%D8%A8%D8%A9-%D8%AE%D8%B7%D8%A7%D8%A8-%D8%A7%D9%84%D9%86%D9%88%D8%A7%D9%8A%D8%A7-letter-of-intent-%D8%A8%D8%A7%D8%AD%D8%AA%D8%B1%D8%A7%D9%81,5.0,1,21 دقيقة,3,0,$10.00,يومين,1,0,0.0,ميرفت خ.,https://khamsat.com/user/mervatlu7ck,True,بائع مميز,5.0,75,96.3%,8,100,11 ساعة
كتابة وترجمة,https://khamsat.com/writing,كتابة طلبات المنح,https://khamsat.com/writing/grant-writing,كتابة ال Cover Letter أو رسائل التوصية بشكل أكاديمي واحترافي,https://khamsat.com/writing/grant-writing/2837330-%D9%83%D8%AA%D8%A7%D8%A8%D8%A9-%D8%A7%D9%84-cover-letter-%D8%A3%D9%88-%D8%B1%D8%B3%D8%A7%D8%A6%D9%84-%D8%A7%D9%84%D8%AA%D9%88%D8%B5%D9%8A%D8%A9-%D8%A8%D8%B4%D9%83%D9%84-%D8%A3%D9%83%D8%A7%D8%AF%D9%8A%D9%85%D9%8A-%D9%88%D8%A7%D8%AD%D8%AA%D8%B1%D8%A7%D9%81%D9%8A,0.0,0,لم يحسب,0,0,$10.00,يوم واحد,0,5,40.0,محمد براء أ.,https://khamsat.com/user/%D8%A8%D8%B1%D8%A7%D8%A1-%D8%A3%D8%A8%D9%88%D8%A8%D9%83%D8%B1,True,بائع مميز,4.5,182,94.25%,14,248,ساعة
كتابة وترجمة,https://khamsat.com/writing,كتابة السيرة الذاتية,https://khamsat.com/writing/resume-writing,إنشاء CV باللغة الانكليزية متوافقة مع نظام ATS,https://khamsat.com/writing/resume-writing/2419044-%D8%A5%D9%86%D8%B4%D8%A7%D8%A1-cv-%D8%A8%D8%A7%D9%84%D9%84%D8%BA%D8%A9-%D8%A7%D9%84%D8%A7%D9%86%D9%83%D9%84%D9%8A%D8%B2%D9%8A%D8%A9-%D9%85%D8%AA%D9%88%D8%A7%D9%81%D9%82%D8%A9-%D9%85%D8%B9-%D9%86%D8%B8%D8%A7%D9%85-ats,5.0,40,50 دقيقة,49,0,$15.00,يومين,25,4,25.0,لين د.,https://khamsat.com/user/leendrbas,True,بائع مميز,5.0,48,100.0%,4,53,ساعة
كتابة وترجمة,https://khamsat.com/writing,كتابة السيرة الذاتية,https://khamsat.com/writing/resume-writing,كتابة سيرة ذاتية متوافقة مع نظام ATS,https://khamsat.com/writing/resume-writing/2863158-%D9%83%D8%AA%D8%A7%D8%A8%D8%A9-%D8%B3%D9%8A%D8%B1%D8%A9-%D8%B0%D8%A7%D8%AA%D9%8A%D8%A9-%D9%85%D8%AA%D9%88%D8%A7%D9%81%D9%82%D8%A9-%D9%85%D8%B9-%D9%86%D8%B8%D8%A7%D9%85-ats,5.0,18,52 دقيقة,23,0,$25.00,يوم واحد,18,2,25.0,.Zein J,https://khamsat.com/user/zeinx12,True,بائع نشيط,5.0,20,100.0%,2,23,ساعة
كتابة وترجمة,https://khamsat.com/writing,كتابة السيرة الذاتية,https://khamsat.com/writing/resume-writing,كتابة سيرتك الذاتية بإحدى اللغتين العربية والإنجليزية,https://khamsat.com/writing/resume-writing/1804215-%D9%83%D8%AA%D8%A7%D8%A8%D8%A9-%D8%B3%D9%8A%D8%B1%D8%AA%D9%83-%D8%A7%D9%84%D8%B0%D8%A7%D8%AA%D9%8A%D8%A9-%D8%A8%D8%A5%D8%AD%D8%AF%D9%89-%D8%A7%D9%84%D9%84%D8%BA%D8%AA%D9%8A%D9%86-%D8%A7%D9%84%D8%B9%D8%B1%D8%A8%D9%8A%D8%A9-%D9%88%D8%A7%D9%84%D8%A5%D9%86%D8%AC%D9%84%D9%8A%D8%B2%D9%8A%D8%A9,4.5,87,34 دقيقة,155,0,$5.00,يوم واحد,25,5,45.0,محمد ع.,https://khamsat.com/user/muhamadabdelkader,True,بائع مميز,4.5,98,93.42%,9,167,56 دقيقة
كتابة وترجمة,https://khamsat.com/writing,كتابة السيرة الذاتية,https://khamsat.com/writing/resume-writing,سيرة ذاتية طبقا للمقاييس العالمية ومواجهة برامج ال (ATC),https://khamsat.com/writing/resume-writing/1973740-%D8%B3%D9%8A%D8%B1%D8%A9-%D8%B0%D8%A7%D8%AA%D9%8A%D8%A9-%D8%B7%D8%A8%D9%82%D8%A7-%D9%84%D9%84%D9%85%D9%82%D8%A7%D9%8A%D9%8A%D8%B3-%D8%A7%D9%84%D8%B9%D8%A7%D9%84%D9%85%D9%8A%D8%A9-%D9%88%D9%85%D9%88%D8%A7%D8%AC%D9%87%D8%A9-%D8%A8%D8%B1%D8%A7%D9%85%D8%AC-%D8%A7%D9%84-atc,4.5,61,45 دقيقة,94,0,$10.00,يوم واحد,25,3,30.0,اديب م.,https://khamsat.com/user/adeeb2233,True,بائع مميز,4.5,110,93.5%,7,139,48 دقيقة
كتابة وترجمة,https://khamsat.com/writing,كتابة السيرة الذاتية,https://khamsat.com/writing/resume-writing,كتابة وتصميم CV مبتكر ومحترف باللغتين,https://khamsat.com/writing/resume-writing/1094862-%D9%83%D8%AA%D8%A7%D8%A8%D8%A9-%D9%88%D8%AA%D8%B5%D9%85%D9%8A%D9%85-cv-%D9%85%D8%A8%D8%AA%D9%83%D8%B1-%D9%88%D9%85%D8%AD%D8%AA%D8%B1%D9%81-%D8%A8%D8%A7%D9%84%D9%84%D8%BA%D8%AA%D9%8A%D9%86,4.5,50,15 ساعة,68,0,$5.00,يومين,25,5,75.0,.Mina S,https://khamsat.com/user/mina_samy,True,بائع مميز,4.5,74,92.31%,4,97,7 ساعات
كتابة وترجمة,https://khamsat.com/writing,كتابة السيرة الذاتية,https://khamsat.com/writing/resume-writing,تصميم و كتابة والسيرة الذاتية CV عربي إنجليزي,https://khamsat.com/writing/resume-writing/1869560-%D8%AA%D8%B5%D9%85%D9%8A%D9%85-%D9%88-%D9%83%D8%AA%D8%A7%D8%A8%D8%A9-%D9%88%D8%A7%D9%84%D8%B3%D9%8A%D8%B1%D8%A9-%D8%A7%D9%84%D8%B0%D8%A7%D8%AA%D9%8A%D8%A9-cv-%D8%B9%D8%B1%D8%A8%D9%8A-%D8%A5%D9%86%D8%AC%D9%84%D9%8A%D8%B2%D9%8A,4.5,61,ساعة,91,0,$10.00,يومين,25,5,90.0,روان ج.,https://khamsat.com/user/%D8%B1%D9%88%D8%A7%D9%86-%D8%AC%D9%85%D8%A7%D9%84-%D9%85%D8%AD%D9%85%D8%AF,True,بائع مميز,4.5,68,87.97%,8,99,5 ساعات
كتابة وترجمة,https://khamsat.com/writing,كتابة السيرة الذاتية,https://khamsat.com/writing/resume-writing,كتابة سيرة ذاتية CV بشكل احترافي و تتوافق مع نظام ATS,https://khamsat.com/writing/resume-writing/2919314-%D9%83%D8%AA%D8%A7%D8%A8%D8%A9-%D8%B3%D9%8A%D8%B1%D8%A9-%D8%B0%D8%A7%D8%AA%D9%8A%D8%A9-cv-%D8%A8%D8%B4%D9%83%D9%84-%D8%A7%D8%AD%D8%AA%D8%B1%D8%A7%D9%81%D9%8A-%D9%88-%D8%AA%D8%AA%D9%88%D8%A7%D9%81%D9%82-%D9%85%D8%B9-%D9%86%D8%B8%D8%A7%D9%85-ats,5.0,13,3 ساعات,14,0,$10.00,يوم واحد,13,3,20.0,.Ibrahim E,https://khamsat.com/user/ibrahimelsayed_98,True,بائع نشيط,5.0,13,100.0%,2,14,3 ساعات
كتابة وترجمة,https://khamsat.com/writing,كتابة السيرة الذاتية,https://khamsat.com/writing/resume-writing,تصميم السيرة ذاتية CV باللغتين العربية والانجليزية,https://khamsat.com/writing/resume-writing/2102924-%D8%AA%D8%B5%D9%85%D9%8A%D9%85-%D8%A7%D9%84%D8%B3%D9%8A%D8%B1%D8%A9-%D8%B0%D8%A7%D8%AA%D9%8A%D8%A9-cv-%D8%A8%D8%A7%D9%84%D9%84%D8%BA%D8%AA%D9%8A%D9%86-%D8%A7%D9%84%D8%B9%D8%B1%D8%A8%D9%8A%D8%A9-%D9%88%D8%A7%D9%84%D8%A7%D9%86%D8%AC%D9%84%D9%8A%D8%B2%D9%8A%D8%A9,5.0,41,5 ساعات,63,0,$10.00,يوم واحد,25,5,45.0,ندي م.,https://khamsat.com/user/nada_mogib,True,بائع مميز,5.0,58,93.5%,4,75,ساعة
كتابة وترجمة,https://khamsat.com/writing,كتابة السيرة الذاتية,https://khamsat.com/writing/resume-writing,كتابة سيرة ذاتية رسمية باللغتان العربية والانجليزية,https://khamsat.com/writing/resume-writing/2231779-%D9%83%D8%AA%D8%A7%D8%A8%D8%A9-%D8%B3%D9%8A%D8%B1%D8%A9-%D8%B0%D8%A7%D8%AA%D9%8A%D8%A9-%D8%B1%D8%B3%D9%85%D9%8A%D8%A9-%D8%A8%D8%A7%D9%84%D9%84%D8%BA%D8%AA%D8%A7%D9%86-%D8%A7%D9%84%D8%B9%D8%B1%D8%A8%D9%8A%D8%A9-%D9%88%D8%A7%D9%84%D8%A7%D9%86%D8%AC%D9%84%D9%8A%D8%B2%D9%8A%D8%A9,4.5,64,18 ساعة,99,1,$10.00,يومين,25,5,40.0,أحمد د.,https://khamsat.com/user/ahm_dawood,True,بائع مميز,4.5,87,97.53%,4,112,6 ساعات
كتابة وترجمة,https://khamsat.com/writing,كتابة السيرة الذاتية,https://khamsat.com/writing/resume-writing,كتابة سير ذاتية احترافية وبتصاميم متميزة وبصيغة ATS,https://khamsat.com/writing/resume-writing/2869965-%D9%83%D8%AA%D8%A7%D8%A8%D8%A9-%D8%B3%D9%8A%D8%B1-%D8%B0%D8%A7%D8%AA%D9%8A%D8%A9-%D8%A7%D8%AD%D8%AA%D8%B1%D8%A7%D9%81%D9%8A%D8%A9-%D9%88%D8%A8%D8%AA%D8%B5%D8%A7%D9%85%D9%8A%D9%85-%D9%85%D8%AA%D9%85%D9%8A%D8%B2%D8%A9-%D9%88%D8%A8%D8%B5%D9%8A%D8%BA%D8%A9-ats,5.0,2,48 دقيقة,2,0,$10.00,أربعة أيام,2,3,35.0,.Mohamad Nour T,https://khamsat.com/user/nour_trissi,True,بائع جديد,5.0,2,100.0%,2,2,ساعة
كتابة وترجمة,https://khamsat.com/writing,كتابة السيرة الذاتية,https://khamsat.com/writing/resume-writing,كتابة سيرة ذاتية متوافقة مع نظام ال ATS أو CV يوروباس للسفر,https://khamsat.com/writing/resume-writing/3019858-%D9%83%D8%AA%D8%A7%D8%A8%D8%A9-%D8%B3%D9%8A%D8%B1%D8%A9-%D8%B0%D8%A7%D8%AA%D9%8A%D8%A9-%D9%85%D8%AA%D9%88%D8%A7%D9%81%D9%82%D8%A9-%D9%85%D8%B9-%D9%86%D8%B8%D8%A7%D9%85-%D8%A7%D9%84-ats-%D8%A3%D9%88-cv-%D9%8A%D9%88%D8%B1%D9%88%D8%A8%D8%A7%D8%B3-%D9%84%D9%84%D8%B3%D9%81%D8%B1,5.0,3,25 دقيقة,3,0,$5.00,يوم واحد,3,4,25.0,.Julia D,https://khamsat.com/user/dena_d,True,بائع جديد,5.0,3,100.0%,1,3,25 دقيقة
كتابة وترجمة,https://khamsat.com/writing,كتابة السيرة الذاتية,https://khamsat.com/writing/resume-writing,تصميم CV سيرة ذاتية احترافية انفوجرافيك 2024 بأعلى جودة,https://khamsat.com/writing/resume-writing/1399710-%D8%AA%D8%B5%D9%85%D9%8A%D9%85-cv-%D8%B3%D9%8A%D8%B1%D8%A9-%D8%B0%D8%A7%D8%AA%D9%8A%D8%A9-%D8%A7%D8%AD%D8%AA%D8%B1%D8%A7%D9%81%D9%8A%D8%A9-%D8%A7%D9%86%D9%81%D9%88%D8%AC%D8%B1%D8%A7%D9%81%D9%8A%D9%83-2024-%D8%A8%D8%A3%D8%B9%D9%84%D9%89-%D8%AC%D9%88%D8%AF%D8%A9,4.5,45,ساعة,57,0,$10.00,يوم واحد,25,5,80.0,.Mahmoud M,https://khamsat.com/user/ma7moud-fekry,True,بائع مميز,4.5,78,93.75%,7,96,ساعة
كتابة وترجمة,https://khamsat.com/writing,كتابة السيرة الذاتية,https://khamsat.com/writing/resume-writing,تطوير أقسام فى حسابك على لينكدان لتضاعف فرصك الوظيفية,https://khamsat.com/writing/resume-writing/2441186-%D8%AA%D8%B7%D9%88%D9%8A%D8%B1-%D8%A3%D9%82%D8%B3%D8%A7%D9%85-%D9%81%D9%89-%D8%AD%D8%B3%D8%A7%D8%A8%D9%83-%D8%B9%D9%84%D9%89-%D9%84%D9%8A%D9%86%D9%83%D8%AF%D8%A7%D9%86-%D9%84%D8%AA%D8%B6%D8%A7%D8%B9%D9%81-%D9%81%D8%B1%D8%B5%D9%83-%D8%A7%D9%84%D9%88%D8%B8%D9%8A%D9%81%D9%8A%D8%A9,5.0,10,21 دقيقة,13,1,$10.00,ثلاثة أيام,10,4,130.0,.Ali E,https://khamsat.com/user/aliezz,True,مشتري جاد,5.0,10,82.35%,1,13,50 دقيقة
كتابة وترجمة,https://khamsat.com/writing,كتابة السيرة الذاتية,https://khamsat.com/writing/resume-writing,تصميم سيرة ذاتية احترافية (Resume),https://khamsat.com/writing/resume-writing/1680179-%D8%AA%D8%B5%D9%85%D9%8A%D9%85-%D8%B3%D9%8A%D8%B1%D8%A9-%D8%B0%D8%A7%D8%AA%D9%8A%D8%A9-%D8%A7%D8%AD%D8%AA%D8%B1%D8%A7%D9%81%D9%8A%D8%A9-resume,5.0,13,3 ساعات,23,0,$5.00,يوم واحد,13,5,70.0,.Mina S,https://khamsat.com/user/mina_samy,True,بائع مميز,4.5,74,92.31%,4,97,7 ساعات
كتابة وترجمة,https://khamsat.com/writing,كتابة السيرة الذاتية,https://khamsat.com/writing/resume-writing,سيرة ذاتية ابداعية تضمن لك التميز لاي وظيفة,https://khamsat.com/writing/resume-writing/808475-%D8%B3%D9%8A%D8%B1%D8%A9-%D8%B0%D8%A7%D8%AA%D9%8A%D8%A9-%D8%A7%D8%A8%D8%AF%D8%A7%D8%B9%D9%8A%D8%A9-%D8%AA%D8%B6%D9%85%D9%86-%D9%84%D9%83-%D8%A7%D9%84%D8%AA%D9%85%D9%8A%D8%B2-%D9%84%D8%A7%D9%8A-%D9%88%D8%B8%D9%8A%D9%81%D8%A9,4.5,20,5 ساعات,31,0,$5.00,يومين,20,1,5.0,أحمد ت.,https://khamsat.com/user/%D8%A3%D8%AD%D9%85%D8%AF-%D8%AA%D8%A7%D8%AC-%D8%AD%D8%B3%D9%8A%D9%86,True,بائع مميز,4.5,191,93.77%,4,281,4 أيام
كتابة وترجمة,https://khamsat.com/writing,كتابة السيرة الذاتية,https://khamsat.com/writing/resume-writing,سيرة ذاتية طبقا للمقاييس العالمية لكتابة السيرة الذاتية,https://khamsat.com/writing/resume-writing/1293334-%D8%B3%D9%8A%D8%B1%D8%A9-%D8%B0%D8%A7%D8%AA%D9%8A%D8%A9-%D8%B7%D8%A8%D9%82%D8%A7-%D9%84%D9%84%D9%85%D9%82%D8%A7%D9%8A%D9%8A%D8%B3-%D8%A7%D9%84%D8%B9%D8%A7%D9%84%D9%85%D9%8A%D8%A9-%D9%84%D9%83%D8%AA%D8%A7%D8%A8%D8%A9-%D8%A7%D9%84%D8%B3%D9%8A%D8%B1%D8%A9-%D8%A7%D9%84%D8%B0%D8%A7%D8%AA%D9%8A%D8%A9,5.0,85,28 دقيقة,131,0,$10.00,يوم واحد,25,4,60.0,.Hussein A,https://khamsat.com/user/hussein-assem,True,بائع مميز,4.5,355,94.34%,2,449,36 دقيقة
كتابة وترجمة,https://khamsat.com/writing,كتابة السيرة الذاتية,https://khamsat.com/writing/resume-writing,كتابة سيرة ذاتية باللغة الفرنسية,https://khamsat.com/writing/resume-writing/2098519-%D9%83%D8%AA%D8%A7%D8%A8%D8%A9-%D8%B3%D9%8A%D8%B1%D8%A9-%D8%B0%D8%A7%D8%AA%D9%8A%D8%A9-%D8%A8%D8%A7%D9%84%D9%84%D8%BA%D8%A9-%D8%A7%D9%84%D9%81%D8%B1%D9%86%D8%B3%D9%8A%D8%A9,5.0,2,32 دقيقة,3,0,$10.00,يومين,2,2,15.0,ايمان ع.,https://khamsat.com/user/imane_pc,True,بائع نشيط,5.0,3,100.0%,3,5,10 ساعات
كتابة وترجمة,https://khamsat.com/writing,كتابة السيرة الذاتية,https://khamsat.com/writing/resume-writing,تصميم 2 سيرة ذاتية فى نفس اليوم بلغتين العربية والانجليزية,https://khamsat.com/writing/resume-writing/2346657-%D8%AA%D8%B5%D9%85%D9%8A%D9%85-2-%D8%B3%D9%8A%D8%B1%D8%A9-%D8%B0%D8%A7%D8%AA%D9%8A%D8%A9-%D9%81%D9%89-%D9%86%D9%81%D8%B3-%D8%A7%D9%84%D9%8A%D9%88%D9%85-%D8%A8%D9%84%D8%BA%D8%AA%D9%8A%D9%86-%D8%A7%D9%84%D8%B9%D8%B1%D8%A8%D9%8A%D8%A9-%D9%88%D8%A7%D9%84%D8%A7%D9%86%D8%AC%D9%84%D9%8A%D8%B2%D9%8A%D8%A9,5.0,8,13 ساعة,13,0,$10.00,يوم واحد,8,3,15.0,هيثم س.,https://khamsat.com/user/%D9%87%D9%8A%D8%AB%D9%85-%D8%A7%D9%84%D9%85%D8%B5%D8%B1%D9%8A,True,بائع نشيط,5.0,17,76.09%,7,25,يوم
كتابة وترجمة,https://khamsat.com/writing,كتابة السيرة الذاتية,https://khamsat.com/writing/resume-writing,صمم باحتراف سيرتك الذاتية العصرية المميزة وتقدم لوظيفتك الآن,https://khamsat.com/writing/resume-writing/2460302-%D8%B5%D9%85%D9%85-%D8%A8%D8%A7%D8%AD%D8%AA%D8%B1%D8%A7%D9%81-%D8%B3%D9%8A%D8%B1%D8%AA%D9%83-%D8%A7%D9%84%D8%B0%D8%A7%D8%AA%D9%8A%D8%A9-%D8%A7%D9%84%D8%B9%D8%B5%D8%B1%D9%8A%D8%A9-%D8%A7%D9%84%D9%85%D9%85%D9%8A%D8%B2%D8%A9-%D9%88%D8%AA%D9%82%D8%AF%D9%85-%D9%84%D9%88%D8%B8%D9%8A%D9%81%D8%AA%D9%83-%D8%A7%D9%84%D8%A2%D9%86,5.0,10,9 دقائق,10,0,$10.00,أربعة أيام,10,0,0.0,منى ع.,https://khamsat.com/user/monaabed_77,True,بائع مميز,5.0,82,92.37%,4,48,ساعة
كتابة وترجمة,https://khamsat.com/writing,كتابة السيرة الذاتية,https://khamsat.com/writing/resume-writing,تصميم وعمل سيرة ذاتية CV Resume,https://khamsat.com/writing/resume-writing/2972150-%D8%AA%D8%B5%D9%85%D9%8A%D9%85-%D9%88%D8%B9%D9%85%D9%84-%D8%B3%D9%8A%D8%B1%D8%A9-%D8%B0%D8%A7%D8%AA%D9%8A%D8%A9-cv-resume,5.0,4,13 دقيقة,4,0,$5.00,يوم واحد,4,5,100.0,أسماء ا.,https://khamsat.com/user/asmaa1777,True,بائع مميز,4.5,45,97.85%,6,64,41 دقيقة
كتابة وترجمة,https://khamsat.com/writing,كتابة السيرة الذاتية,https://khamsat.com/writing/resume-writing,سأكتب وأصمم لك خطاب تقديم Cover Letter بشكل إحترافي,https://khamsat.com/writing/resume-writing/2331464-%D8%B3%D8%A3%D9%83%D8%AA%D8%A8-%D9%88%D8%A3%D8%B5%D9%85%D9%85-%D9%84%D9%83-%D8%AE%D8%B7%D8%A7%D8%A8-%D8%AA%D9%82%D8%AF%D9%8A%D9%85-cover-letter-%D8%A8%D8%B4%D9%83%D9%84-%D8%A5%D8%AD%D8%AA%D8%B1%D8%A7%D9%81%D9%8A,5.0,2,لم يحسب,3,0,$10.00,يوم واحد,2,2,10.0,صلاح الدين ب.,https://khamsat.com/user/barbarian-swileh,True,بائع مميز,4.5,58,96.15%,6,80,6 ساعات
كتابة وترجمة,https://khamsat.com/writing,كتابة السيرة الذاتية,https://khamsat.com/writing/resume-writing,سيرة ذاتية احترافية بنظام ATS مفتاحك للوظيفة المثالية,https://khamsat.com/writing/resume-writing/2917035-%D8%B3%D9%8A%D8%B1%D8%A9-%D8%B0%D8%A7%D8%AA%D9%8A%D8%A9-%D8%A7%D8%AD%D8%AA%D8%B1%D8%A7%D9%81%D9%8A%D8%A9-%D8%A8%D9%86%D8%B8%D8%A7%D9%85-ats-%D9%85%D9%81%D8%AA%D8%A7%D8%AD%D9%83-%D9%84%D9%84%D9%88%D8%B8%D9%8A%D9%81%D8%A9-%D8%A7%D9%84%D9%85%D8%AB%D8%A7%D9%84%D9%8A%D8%A9,4.5,26,4 ساعات,51,1,$5.00,يوم واحد,25,4,30.0,.Mohammed M,https://khamsat.com/user/liu_yong165,True,بائع مميز,4.5,61,94.44%,2,87,ساعة
كتابة وترجمة,https://khamsat.com/writing,كتابة السيرة الذاتية,https://khamsat.com/writing/resume-writing,تصميم و كتابة والسيرة الذاتية C.V في اقل وقت,https://khamsat.com/writing/resume-writing/2634171-%D8%AA%D8%B5%D9%85%D9%8A%D9%85-%D9%88-%D9%83%D8%AA%D8%A7%D8%A8%D8%A9-%D9%88%D8%A7%D9%84%D8%B3%D9%8A%D8%B1%D8%A9-%D8%A7%D9%84%D8%B0%D8%A7%D8%AA%D9%8A%D8%A9-c.v-%D9%81%D9%8A-%D8%A7%D9%82%D9%84-%D9%88%D9%82%D8%AA,5.0,1,24 دقيقة,2,0,$5.00,يومين,1,1,5.0,حبيبة ع.,https://khamsat.com/user/habibaomran,True,بائع نشيط,4.5,12,100.0%,4,12,ساعتين
كتابة وترجمة,https://khamsat.com/writing,كتابة السيرة الذاتية,https://khamsat.com/writing/resume-writing,كتابة سيرة ذاتية متوافقة مع نظام ال ATS بطريقة احترافية,https://khamsat.com/writing/resume-writing/2911481-%D9%83%D8%AA%D8%A7%D8%A8%D8%A9-%D8%B3%D9%8A%D8%B1%D8%A9-%D8%B0%D8%A7%D8%AA%D9%8A%D8%A9-%D9%85%D8%AA%D9%88%D8%A7%D9%81%D9%82%D8%A9-%D9%85%D8%B9-%D9%86%D8%B8%D8%A7%D9%85-%D8%A7%D9%84-ats-%D8%A8%D8%B7%D8%B1%D9%8A%D9%82%D8%A9-%D8%A7%D8%AD%D8%AA%D8%B1%D8%A7%D9%81%D9%8A%D8%A9,5.0,1,53 دقيقة,2,0,$10.00,يوم واحد,1,5,30.0,محمد براء أ.,https://khamsat.com/user/%D8%A8%D8%B1%D8%A7%D8%A1-%D8%A3%D8%A8%D9%88%D8%A8%D9%83%D8%B1,True,بائع مميز,4.5,182,94.25%,14,248,ساعة
كتابة وترجمة,https://khamsat.com/writing,كتابة السيرة الذاتية,https://khamsat.com/writing/resume-writing,كتابة سيرة ذاتية احترافية Professional CV توافق نظام ATS,https://khamsat.com/writing/resume-writing/2789711-%D9%83%D8%AA%D8%A7%D8%A8%D8%A9-%D8%B3%D9%8A%D8%B1%D8%A9-%D8%B0%D8%A7%D8%AA%D9%8A%D8%A9-%D8%A7%D8%AD%D8%AA%D8%B1%D8%A7%D9%81%D9%8A%D8%A9-professional-cv-%D8%AA%D9%88%D8%A7%D9%81%D9%82-%D9%86%D8%B8%D8%A7%D9%85-ats,5.0,43,ساعة,70,1,$5.00,يومين,25,1,5.0,أحمد ص.,https://khamsat.com/user/asellithy,True,بائع مميز,5.0,80,99.37%,4,96,4 ساعات
كتابة وترجمة,https://khamsat.com/writing,كتابة السيرة الذاتية,https://khamsat.com/writing/resume-writing,كتابة وتصميم سيرة ذاتية ابداعية Cv / Resume,https://khamsat.com/writing/resume-writing/1801027-%D9%83%D8%AA%D8%A7%D8%A8%D8%A9-%D9%88%D8%AA%D8%B5%D9%85%D9%8A%D9%85-%D8%B3%D9%8A%D8%B1%D8%A9-%D8%B0%D8%A7%D8%AA%D9%8A%D8%A9-%D8%A7%D8%A8%D8%AF%D8%A7%D8%B9%D9%8A%D8%A9-cv-resume,4.5,10,17 ساعة,15,0,$5.00,يومين,10,5,40.0,.Heba O,https://khamsat.com/user/heba_khz96,True,بائع نشيط,4.5,11,100.0%,5,16,9 ساعات
كتابة وترجمة,https://khamsat.com/writing,كتابة السيرة الذاتية,https://khamsat.com/writing/resume-writing,السيرة الذاتية بشكل مستعجل,https://khamsat.com/writing/resume-writing/3049561-%D8%A7%D9%84%D8%B3%D9%8A%D8%B1%D8%A9-%D8%A7%D9%84%D8%B0%D8%A7%D8%AA%D9%8A%D8%A9-%D8%A8%D8%B4%D9%83%D9%84-%D9%85%D8%B3%D8%AA%D8%B9%D8%AC%D9%84,5.0,1,لم يحسب,1,0,$5.00,يوم واحد,1,3,25.0,هبه ا.,https://khamsat.com/user/hebaelshaer3014,True,بائع جديد,5.0,3,100.0%,3,3,3 ساعات
كتابة وترجمة,https://khamsat.com/writing,كتابة السيرة الذاتية,https://khamsat.com/writing/resume-writing,كتابة سيرة ذاتية احترافية باللغة العربية والإنجليزية,https://khamsat.com/writing/resume-writing/2417283-%D9%83%D8%AA%D8%A7%D8%A8%D8%A9-%D8%B3%D9%8A%D8%B1%D8%A9-%D8%B0%D8%A7%D8%AA%D9%8A%D8%A9-%D8%A7%D8%AD%D8%AA%D8%B1%D8%A7%D9%81%D9%8A%D8%A9-%D8%A8%D8%A7%D9%84%D9%84%D8%BA%D8%A9-%D8%A7%D9%84%D8%B9%D8%B1%D8%A8%D9%8A%D8%A9-%D9%88%D8%A7%D9%84%D8%A5%D9%86%D8%AC%D9%84%D9%8A%D8%B2%D9%8A%D8%A9,5.0,1,45 دقيقة,2,0,$5.00,يوم واحد,1,5,50.0,.Karim E,https://khamsat.com/user/kareemaljanaini,True,بائع نشيط,5.0,16,88.89%,4,14,12 ساعة
كتابة وترجمة,https://khamsat.com/writing,كتابة السيرة الذاتية,https://khamsat.com/writing/resume-writing,إعداد سيرة ذاتية CV مطابقة لنظام تتبع المتقدميم ATS,https://khamsat.com/writing/resume-writing/2984079-%D8%A5%D8%B9%D8%AF%D8%A7%D8%AF-%D8%B3%D9%8A%D8%B1%D8%A9-%D8%B0%D8%A7%D8%AA%D9%8A%D8%A9-cv-%D9%85%D8%B7%D8%A7%D8%A8%D9%82%D8%A9-%D9%84%D9%86%D8%B8%D8%A7%D9%85-%D8%AA%D8%AA%D8%A8%D8%B9-%D8%A7%D9%84%D9%85%D8%AA%D9%82%D8%AF%D9%85%D9%8A%D9%85-ats,5.0,2,3 ساعات,2,0,$5.00,يومين,2,0,0.0,هند م.,https://khamsat.com/user/hindelsammani,True,بائع جديد,5.0,2,66.67%,2,2,3 ساعات
كتابة وترجمة,https://khamsat.com/writing,كتابة السيرة الذاتية,https://khamsat.com/writing/resume-writing,كتابة السيرة الذاتية CV ورسالة الإرفاق باللغتين AR و EN,https://khamsat.com/writing/resume-writing/2056765-%D9%83%D8%AA%D8%A7%D8%A8%D8%A9-%D8%A7%D9%84%D8%B3%D9%8A%D8%B1%D8%A9-%D8%A7%D9%84%D8%B0%D8%A7%D8%AA%D9%8A%D8%A9-cv-%D9%88%D8%B1%D8%B3%D8%A7%D9%84%D8%A9-%D8%A7%D9%84%D8%A5%D8%B1%D9%81%D8%A7%D9%82-%D8%A8%D8%A7%D9%84%D9%84%D8%BA%D8%AA%D9%8A%D9%86-ar-%D9%88-en,4.5,23,8 دقائق,30,0,$5.00,يوم واحد,23,4,25.0,.Alaa S,https://khamsat.com/user/alaa_shoshara,True,بائع مميز,5.0,46,94.79%,6,57,51 دقيقة
كتابة وترجمة,https://khamsat.com/writing,كتابة الوصف الوظيفي,https://khamsat.com/writing/job-description-writing,وصف وظيفي أحترافي حسب معايير الموارد البشرية,https://khamsat.com/writing/job-description-writing/1596073-%D9%88%D8%B5%D9%81-%D9%88%D8%B8%D9%8A%D9%81%D9%8A-%D8%A3%D8%AD%D8%AA%D8%B1%D8%A7%D9%81%D9%8A-%D8%AD%D8%B3%D8%A8-%D9%85%D8%B9%D8%A7%D9%8A%D9%8A%D8%B1-%D8%A7%D9%84%D9%85%D9%88%D8%A7%D8%B1%D8%AF-%D8%A7%D9%84%D8%A8%D8%B4%D8%B1%D9%8A%D8%A9,4.5,12,ساعة,16,0,$5.00,يوم واحد,12,2,30.0,ماجد م.,https://khamsat.com/user/majedgoogle,True,بائع مميز,4.5,13,94.29%,3,17,3 ساعات
كتابة وترجمة,https://khamsat.com/writing,كتابة الوصف الوظيفي,https://khamsat.com/writing/job-description-writing,كتابة بطاقة الوصف والتوصيف الوظيفي,https://khamsat.com/writing/job-description-writing/2634455-%D9%83%D8%AA%D8%A7%D8%A8%D8%A9-%D8%A8%D8%B7%D8%A7%D9%82%D8%A9-%D8%A7%D9%84%D9%88%D8%B5%D9%81-%D9%88%D8%A7%D9%84%D8%AA%D9%88%D8%B5%D9%8A%D9%81-%D8%A7%D9%84%D9%88%D8%B8%D9%8A%D9%81%D9%8A,5.0,16,أقل من دقيقة,19,0,$10.00,يوم واحد,16,5,165.0,.Mayar R,https://khamsat.com/user/mayar_ranneh,True,بائع مميز,5.0,128,91.19%,25,139,19 دقيقة
كتابة وترجمة,https://khamsat.com/writing,كتابة الوصف الوظيفي,https://khamsat.com/writing/job-description-writing,تصميم الهيكل التنظيمي وبطاقة وصف وظيفي بأسلوب احترافي,https://khamsat.com/writing/job-description-writing/2344593-%D8%AA%D8%B5%D9%85%D9%8A%D9%85-%D8%A7%D9%84%D9%87%D9%8A%D9%83%D9%84-%D8%A7%D9%84%D8%AA%D9%86%D8%B8%D9%8A%D9%85%D9%8A-%D9%88%D8%A8%D8%B7%D8%A7%D9%82%D8%A9-%D9%88%D8%B5%D9%81-%D9%88%D8%B8%D9%8A%D9%81%D9%8A-%D8%A8%D8%A3%D8%B3%D9%84%D9%88%D8%A8-%D8%A7%D8%AD%D8%AA%D8%B1%D8%A7%D9%81%D9%8A,5.0,10,ساعتين,23,0,$10.00,يوم واحد,10,5,300.0,عصام ب.,https://khamsat.com/user/essam28,True,بائع مميز,5.0,32,97.78%,8,54,ساعتين
كتابة وترجمة,https://khamsat.com/writing,كتابة الوصف الوظيفي,https://khamsat.com/writing/job-description-writing,انشاء وصف وتحليل وظيفي ووضع هيكيلة,https://khamsat.com/writing/job-description-writing/2201611-%D8%A7%D9%86%D8%B4%D8%A7%D8%A1-%D9%88%D8%B5%D9%81-%D9%88%D8%AA%D8%AD%D9%84%D9%8A%D9%84-%D9%88%D8%B8%D9%8A%D9%81%D9%8A-%D9%88%D9%88%D8%B6%D8%B9-%D9%87%D9%8A%D9%83%D9%8A%D9%84%D8%A9,5.0,2,ساعة,4,0,$10.00,يوم واحد,2,4,55.0,.Mohammad S,https://khamsat.com/user/mohammadst,True,بائع مميز,4.5,13,80.6%,2,31,54 دقيقة
كتابة وترجمة,https://khamsat.com/writing,كتابة الوصف الوظيفي,https://khamsat.com/writing/job-description-writing,انشاء الآوصاف الوظيفية لشركتك وتقييم موظفيك -Job description,https://khamsat.com/writing/job-description-writing/2574978-%D8%A7%D9%86%D8%B4%D8%A7%D8%A1-%D8%A7%D9%84%D8%A2%D9%88%D8%B5%D8%A7%D9%81-%D8%A7%D9%84%D9%88%D8%B8%D9%8A%D9%81%D9%8A%D8%A9-%D9%84%D8%B4%D8%B1%D9%83%D8%AA%D9%83-%D9%88%D8%AA%D9%82%D9%8A%D9%8A%D9%85-%D9%85%D9%88%D8%B8%D9%81%D9%8A%D9%83-job-description,5.0,3,6 دقائق,4,0,$10.00,ثلاثة أيام,3,0,0.0,.Mohamed A,https://khamsat.com/user/abdelmonsefmohamed,True,بائع مميز,5.0,54,97.12%,16,68,5 ساعات
كتابة وترجمة,https://khamsat.com/writing,كتابة الوصف الوظيفي,https://khamsat.com/writing/job-description-writing,صياغة الوصف الوظيفي ومهام العمل والصلاحيات والمسؤوليات,https://khamsat.com/writing/job-description-writing/1712774-%D8%B5%D9%8A%D8%A7%D8%BA%D8%A9-%D8%A7%D9%84%D9%88%D8%B5%D9%81-%D8%A7%D9%84%D9%88%D8%B8%D9%8A%D9%81%D9%8A-%D9%88%D9%85%D9%87%D8%A7%D9%85-%D8%A7%D9%84%D8%B9%D9%85%D9%84-%D9%88%D8%A7%D9%84%D8%B5%D9%84%D8%A7%D8%AD%D9%8A%D8%A7%D8%AA-%D9%88%D8%A7%D9%84%D9%85%D8%B3%D8%A4%D9%88%D9%84%D9%8A%D8%A7%D8%AA,4.5,6,10 ساعات,5,0,$15.00,يومين,6,5,465.0,.Ahmed A,https://khamsat.com/user/ahmed_aldeeb,True,بائع مميز,4.5,40,86.93%,10,61,10 ساعات
كتابة وترجمة,https://khamsat.com/writing,كتابة الوصف الوظيفي,https://khamsat.com/writing/job-description-writing,كتابة تقارير العمل باحترافية,https://khamsat.com/writing/job-description-writing/2934253-%D9%83%D8%AA%D8%A7%D8%A8%D8%A9-%D8%AA%D9%82%D8%A7%D8%B1%D9%8A%D8%B1-%D8%A7%D9%84%D8%B9%D9%85%D9%84-%D8%A8%D8%A7%D8%AD%D8%AA%D8%B1%D8%A7%D9%81%D9%8A%D8%A9,0.0,0,لم يحسب,0,0,$5.00,يوم واحد,0,3,45.0,.Yassine B,https://khamsat.com/user/yassinebouridou,True,بائع جديد,0.0,0,لم يحسب بعد,4,0,لم يحسب
كتابة وترجمة,https://khamsat.com/writing,كتابة الوصف الوظيفي,https://khamsat.com/writing/job-description-writing,حساب تكلفة إنشاء موقع ووردبرس مع تجهيز عقد اتفاق,https://khamsat.com/writing/job-description-writing/2979511-%D8%AD%D8%B3%D8%A7%D8%A8-%D8%AA%D9%83%D9%84%D9%81%D8%A9-%D8%A5%D9%86%D8%B4%D8%A7%D8%A1-%D9%85%D9%88%D9%82%D8%B9-%D9%88%D9%88%D8%B1%D8%AF%D8%A8%D8%B1%D8%B3-%D9%85%D8%B9-%D8%AA%D8%AC%D9%87%D9%8A%D8%B2-%D8%B9%D9%82%D8%AF-%D8%A7%D8%AA%D9%81%D8%A7%D9%82,0.0,0,لم يحسب,0,0,$10.00,يوم واحد,0,1,15.0,.Ahmad K,https://khamsat.com/user/ahmad-kharsah,True,مشتري جاد,5.0,2,66.67%,2,2,8 ساعات
كتابة وترجمة,https://khamsat.com/writing,كتابة الوصف الوظيفي,https://khamsat.com/writing/job-description-writing,كتابة محتوى تعليمي في التطوير المهني,https://khamsat.com/writing/job-description-writing/2021927-%D9%83%D8%AA%D8%A7%D8%A8%D8%A9-%D9%85%D8%AD%D8%AA%D9%88%D9%89-%D8%AA%D8%B9%D9%84%D9%8A%D9%85%D9%8A-%D9%81%D9%8A-%D8%A7%D9%84%D8%AA%D8%B7%D9%88%D9%8A%D8%B1-%D8%A7%D9%84%D9%85%D9%87%D9%86%D9%8A,0.0,0,لم يحسب,0,0,$5.00,يومين,0,1,5.0,.Nada M,https://khamsat.com/user/nadamuhammad999,True,بائع جديد,5.0,1,50.0%,2,1,10 ساعات
كتابة وترجمة,https://khamsat.com/writing,كتابة الوصف الوظيفي,https://khamsat.com/writing/job-description-writing,كتابة cover letter احترافية للتقديم على وظيفة,https://khamsat.com/writing/job-description-writing/1913471-%D9%83%D8%AA%D8%A7%D8%A8%D8%A9-cover-letter-%D8%A7%D8%AD%D8%AA%D8%B1%D8%A7%D9%81%D9%8A%D8%A9-%D9%84%D9%84%D8%AA%D9%82%D8%AF%D9%8A%D9%85-%D8%B9%D9%84%D9%89-%D9%88%D8%B8%D9%8A%D9%81%D8%A9,5.0,12,ساعة,21,0,$10.00,يوم واحد,12,0,0.0,ميرفت خ.,https://khamsat.com/user/mervatlu7ck,True,بائع مميز,5.0,75,96.3%,8,100,11 ساعة
كتابة وترجمة,https://khamsat.com/writing,كتابة الوصف الوظيفي,https://khamsat.com/writing/job-description-writing,تصميم بطاقة وصف وظيفي,https://khamsat.com/writing/job-description-writing/2942675-%D8%AA%D8%B5%D9%85%D9%8A%D9%85-%D8%A8%D8%B7%D8%A7%D9%82%D8%A9-%D9%88%D8%B5%D9%81-%D9%88%D8%B8%D9%8A%D9%81%D9%8A,0.0,0,لم يحسب,0,0,$5.00,يومين,0,4,120.0,.Salwa I,https://khamsat.com/user/sal_2005,True,بائع جديد,0.0,0,لم يحسب بعد,3,0,لم يحسب
كتابة وترجمة,https://khamsat.com/writing,كتابة الوصف الوظيفي,https://khamsat.com/writing/job-description-writing,كتابة بطاقة الوصف الوظيفي job description,https://khamsat.com/writing/job-description-writing/2672150-%D9%83%D8%AA%D8%A7%D8%A8%D8%A9-%D8%A8%D8%B7%D8%A7%D9%82%D8%A9-%D8%A7%D9%84%D9%88%D8%B5%D9%81-%D8%A7%D9%84%D9%88%D8%B8%D9%8A%D9%81%D9%8A-job-description,0.0,0,لم يحسب,0,0,$5.00,يوم واحد,0,0,0.0,يوسف أ.,https://khamsat.com/user/youssefabougabr,False,بائع جديد,0.0,0,لم يحسب بعد,2,0,ساعتين
كتابة وترجمة,https://khamsat.com/writing,كتابة الوصف الوظيفي,https://khamsat.com/writing/job-description-writing,صياغة السياسات والإجراءات واللوائح التنظيمية الداخلية,https://khamsat.com/writing/job-description-writing/2452089-%D8%B5%D9%8A%D8%A7%D8%BA%D8%A9-%D8%A7%D9%84%D8%B3%D9%8A%D8%A7%D8%B3%D8%A7%D8%AA-%D9%88%D8%A7%D9%84%D8%A5%D8%AC%D8%B1%D8%A7%D8%A1%D8%A7%D8%AA-%D9%88%D8%A7%D9%84%D9%84%D9%88%D8%A7%D8%A6%D8%AD-%D8%A7%D9%84%D8%AA%D9%86%D8%B8%D9%8A%D9%85%D9%8A%D8%A9-%D8%A7%D9%84%D8%AF%D8%A7%D8%AE%D9%84%D9%8A%D8%A9,0.0,0,9 ساعات,2,0,$45.00,يومين,0,0,0.0,.Ahmed A,https://khamsat.com/user/ahmed_aldeeb,True,بائع مميز,4.5,40,86.93%,10,61,10 ساعات
كتابة وترجمة,https://khamsat.com/writing,كتابة الوصف الوظيفي,https://khamsat.com/writing/job-description-writing,كتابة بطاقات ونماذج الوصف الوظيفي,https://khamsat.com/writing/job-description-writing/2922306-%D9%83%D8%AA%D8%A7%D8%A8%D8%A9-%D8%A8%D8%B7%D8%A7%D9%82%D8%A7%D8%AA-%D9%88%D9%86%D9%85%D8%A7%D8%B0%D8%AC-%D8%A7%D9%84%D9%88%D8%B5%D9%81-%D8%A7%D9%84%D9%88%D8%B8%D9%8A%D9%81%D9%8A,0.0,0,لم يحسب,0,0,$5.00,يومين,0,4,180.0,.Mohamed A,https://khamsat.com/user/mohamedabodouh,True,بائع جديد,0.0,0,لم يحسب بعد,3,0,لم يحسب
كتابة وترجمة,https://khamsat.com/writing,كتابة الوصف الوظيفي,https://khamsat.com/writing/job-description-writing,إعداد الوصف الوظيفي لمختلف المناصب في أقسام الشركات,https://khamsat.com/writing/job-description-writing/1262641-%D8%A5%D8%B9%D8%AF%D8%A7%D8%AF-%D8%A7%D9%84%D9%88%D8%B5%D9%81-%D8%A7%D9%84%D9%88%D8%B8%D9%8A%D9%81%D9%8A-%D9%84%D9%85%D8%AE%D8%AA%D9%84%D9%81-%D8%A7%D9%84%D9%85%D9%86%D8%A7%D8%B5%D8%A8-%D9%81%D9%8A-%D8%A3%D9%82%D8%B3%D8%A7%D9%85-%D8%A7%D9%84%D8%B4%D8%B1%D9%83%D8%A7%D8%AA,5.0,1,3 ساعات,1,0,$5.00,ثلاثة أيام,1,2,150.0,.Hiba A,https://khamsat.com/user/hiba_amer,True,بائع نشيط,5.0,11,57.14%,6,11,13 ساعة
كتابة وترجمة,https://khamsat.com/writing,كتابة الوصف الوظيفي,https://khamsat.com/writing/job-description-writing,كتابة دليل أخلاقيات عمل للشركة والمتوافق مع القانون السعودي,https://khamsat.com/writing/job-description-writing/2646993-%D9%83%D8%AA%D8%A7%D8%A8%D8%A9-%D8%AF%D9%84%D9%8A%D9%84-%D8%A3%D8%AE%D9%84%D8%A7%D9%82%D9%8A%D8%A7%D8%AA-%D8%B9%D9%85%D9%84-%D9%84%D9%84%D8%B4%D8%B1%D9%83%D8%A9-%D9%88%D8%A7%D9%84%D9%85%D8%AA%D9%88%D8%A7%D9%81%D9%82-%D9%85%D8%B9-%D8%A7%D9%84%D9%82%D8%A7%D9%86%D9%88%D9%86-%D8%A7%D9%84%D8%B3%D8%B9%D9%88%D8%AF%D9%8A,5.0,2,18 دقيقة,2,0,$20.00,يوم واحد,2,3,60.0,.Mayar R,https://khamsat.com/user/mayar_ranneh,True,بائع مميز,5.0,128,91.19%,25,139,19 دقيقة
كتابة وترجمة,https://khamsat.com/writing,كتابة الوصف الوظيفي,https://khamsat.com/writing/job-description-writing,أقدم تصميم بطاقات وصف وظيفي للوظائف والمهن,https://khamsat.com/writing/job-description-writing/2258025-%D8%A3%D9%82%D8%AF%D9%85-%D8%AA%D8%B5%D9%85%D9%8A%D9%85-%D8%A8%D8%B7%D8%A7%D9%82%D8%A7%D8%AA-%D9%88%D8%B5%D9%81-%D9%88%D8%B8%D9%8A%D9%81%D9%8A-%D9%84%D9%84%D9%88%D8%B8%D8%A7%D8%A6%D9%81-%D9%88%D8%A7%D9%84%D9%85%D9%87%D9%86,0.0,0,لم يحسب,0,0,$5.00,يوم واحد,0,5,375.0,أحمد ع.,https://khamsat.com/user/ahmed_084,True,مشتري جاد,5.0,1,100.0%,5,1,9 ساعات
كتابة وترجمة,https://khamsat.com/writing,كتابة الوصف الوظيفي,https://khamsat.com/writing/job-description-writing,إعداد وصياغة الهياكل التنظيمية والأوصاف الوظيفية,https://khamsat.com/writing/job-description-writing/1869871-%D8%A5%D8%B9%D8%AF%D8%A7%D8%AF-%D9%88%D8%B5%D9%8A%D8%A7%D8%BA%D8%A9-%D8%A7%D9%84%D9%87%D9%8A%D8%A7%D9%83%D9%84-%D8%A7%D9%84%D8%AA%D9%86%D8%B8%D9%8A%D9%85%D9%8A%D8%A9-%D9%88%D8%A7%D9%84%D8%A3%D9%88%D8%B5%D8%A7%D9%81-%D8%A7%D9%84%D9%88%D8%B8%D9%8A%D9%81%D9%8A%D8%A9,4.0,4,15 ساعة,4,0,$5.00,يوم واحد,4,5,205.0,مبارك ن.,https://khamsat.com/user/mubarak-abaker,True,بائع مميز,5.0,40,89.26%,5,58,12 ساعة
